seed,scene,problem,method,eligible,solved,seconds,samples,vertices,path_length,waypoints,audited_states,unsafe_states,min_clearance,min_self_overlap,self_colliding,misses,rad_per_call,coarse_fraction,primary_samples,productive_samples,vertices_per_sample,picard_attempts,picard_accepted,picard_fallbacks,hop_floored,hop_at_region,hop_edge_limited,qp_calls,qp_rows,qp_solves
1,bookshelf_tall,1,isSafe,1,1,0.00500022,1092,8,10.752,7,539,0,0.00485175,0.00249477,0,0,0,0,7,3,1.14286,0,0,0,0,0,0,0,0,0
1,bookshelf_tall,1,qpFixed,1,1,0.00677407,932,9,10.8718,764,764,0,0.00485175,0.00249477,0,0,0.0137496,0,2,2,4.5,0,0,0,1,0,0,932,232253,378
1,bookshelf_tall,1,qpPlain,1,1,0.00735848,932,9,10.8718,764,764,0,0.00485175,0.00249477,0,0,0.0137496,0,2,2,4.5,0,0,0,1,0,0,932,319676,932
1,bookshelf_tall,1,qpAdaptive,1,1,0.00219433,259,9,10.8605,613,613,0,0.00485175,0.00249477,0,0,0.0494114,0.880309,2,2,4.5,0,0,0,0.11583,0.857143,0.027027,259,70310,187
1,bookshelf_tall,1,qpFreeGate,1,1,0.0116148,1700,11,10.364,1038,1038,0,0.00417681,0.00249477,0,0,0.00691382,0,7,5,1.57143,0,0,0,1,0,0,0,0,0
1,bookshelf_tall,1,qpFreeEnvelope,1,1,0.00150499,74,9,10.1105,528,528,0,0.00485175,0.00249477,0,0,0.147708,0.918919,7,4,1.28571,0,0,0,0.0540541,0.783784,0.162162,0,0,0
1,bookshelf_tall,1,qpEnvelope,1,1,0.00100637,91,9,10.8625,572,572,0,0.00485175,0.00249477,0,0,0.141031,0.813187,2,2,4.5,0,0,0,0.186813,0.736264,0.0769231,91,25848,66
1,bookshelf_tall,8,isSafe,1,1,0.0144375,3165,18,12.7542,8,639,0,0.00127847,0.00249477,0,0,0,0,38,13,0.473684,0,0,0,0,0,0,0,0,0
1,bookshelf_tall,8,qpFixed,1,1,0.00938596,1187,10,12.2265,934,934,0,0.00101919,0.00249477,0,0,0.0123707,0,2,2,5,0,0,0,1,0,0,1187,326721,636
1,bookshelf_tall,8,qpPlain,1,1,0.00982317,1187,10,12.2265,934,934,0,0.00101919,0.00249477,0,0,0.0123707,0,2,2,5,0,0,0,1,0,0,1187,407141,1187
1,bookshelf_tall,8,qpAdaptive,1,1,0.00578719,637,10,12.2365,777,777,0,0.00102122,0.00249477,0,0,0.0230421,0.216641,2,2,5,0,0,0,0.783359,0.208791,0.00784929,637,180873,583
1,bookshelf_tall,8,qpFreeGate,1,1,0.0375652,5414,38,15.8763,1505,1505,0,0.00127847,0.00249477,0,0,0.00714469,0,39,18,0.974359,0,0,0,1,0,0,0,0,0
1,bookshelf_tall,8,qpFreeEnvelope,1,1,0.0150757,770,53,20.1301,1073,1073,0,0.00127847,0.00249477,0,0,0.0952889,0.95974,87,34,0.609195,0,0,0,0.0195312,0.852865,0.127604,0,0,0
1,bookshelf_tall,8,qpEnvelope,1,1,0.00434045,440,10,12.2787,693,693,0,0.000997654,0.00249477,0,0,0.0334705,0.127273,2,2,5,0,0,0,0.872727,0.113636,0.0136364,440,123230,425
1,bookshelf_tall,15,isSafe,1,1,0.106001,22870,118,16.3734,10,820,0,0.000767626,0.00249477,0,0,0,0,904,114,0.130531,0,0,0,0,0,0,0,0,0
1,bookshelf_tall,15,qpFixed,1,1,0.0478368,5888,35,15.4924,1215,1215,0,0.00103182,0.00249477,0,0,0.0101928,0,20,17,1.75,0,0,0,1,0,0,5888,1501638,4951
1,bookshelf_tall,15,qpPlain,1,1,0.0506279,5888,35,15.4924,1215,1215,0,0.00103182,0.00249477,0,0,0.0101928,0,20,17,1.75,0,0,0,1,0,0,5888,2019584,5888
1,bookshelf_tall,15,qpAdaptive,1,1,0.038045,4317,35,15.4775,1072,1072,0,0.00100183,0.00249477,0,0,0.0139352,0.186935,20,17,1.75,0,0,0,0.81237,0.183461,0.00416956,4317,1121702,4146
1,bookshelf_tall,15,qpFreeGate,1,1,0.486533,70441,129,17.7006,1583,1583,0,0.00468211,0.00249477,0,0,0.00326052,0,613,123,0.21044,0,0,0,1,0,0,0,0,0
1,bookshelf_tall,15,qpFreeEnvelope,1,1,0.0858211,4481,119,18.01,951,951,0,0.000103467,0.00249477,0,0,0.0482335,0.948003,613,113,0.194127,0,0,0,0.0241208,0.869928,0.105951,0,0,0
1,bookshelf_tall,15,qpEnvelope,1,1,0.0159621,1717,24,14.6826,901,901,0,0.000412211,0.00249477,0,0,0.0202312,0.0710542,9,9,2.66667,0,0,0,0.928946,0.062318,0.00873617,1717,473504,1686
1,bookshelf_tall,23,isSafe,1,1,0.00677097,1489,10,10.1824,7,511,0,0.000923975,0.00249477,0,0,0,0,20,6,0.5,0,0,0,0,0,0,0,0,0
1,bookshelf_tall,23,qpFixed,1,1,0.00679362,865,8,8.51404,644,644,0,0.00524879,0.00249477,0,0,0.0125788,0,2,2,4,0,0,0,1,0,0,865,253196,466
1,bookshelf_tall,23,qpPlain,1,1,0.00700606,865,8,8.51404,644,644,0,0.00524879,0.00249477,0,0,0.0125788,0,2,2,4,0,0,0,1,0,0,865,296695,865
1,bookshelf_tall,23,qpAdaptive,1,1,0.00378164,432,8,8.50694,521,521,0,0.00524879,0.00249477,0,0,0.0251717,0.476852,2,2,4,0,0,0,0.513889,0.472222,0.0138889,432,130578,371
1,bookshelf_tall,23,qpFreeGate,1,1,0.0750056,10898,28,15.0418,1454,1454,0,0.000947754,0.00249477,0,0,0.00423853,0,64,23,0.4375,0,0,0,1,0,0,0,0,0
1,bookshelf_tall,23,qpFreeEnvelope,1,1,0.00447457,233,13,12.6694,679,679,0,0.000941426,0.00249477,0,0,0.0868701,0.961373,24,9,0.541667,0,0,0,0.0343348,0.832618,0.133047,0,0,0
1,bookshelf_tall,23,qpEnvelope,1,1,0.00163347,162,8,8.49236,471,471,0,0.00524879,0.00249477,0,0,0.0671312,0.555556,2,2,4,0,0,0,0.444444,0.512346,0.0432099,162,49118,140
1,bookshelf_tall,31,isSafe,0,0,0,0,0,0,0,0,0,inf,inf,0,0,0,0,0,0,0,0,0,0,0,0,0,0,0,0
1,bookshelf_tall,31,qpFixed,0,0,0,0,0,0,0,0,0,inf,inf,0,0,0,0,0,0,0,0,0,0,0,0,0,0,0,0
1,bookshelf_tall,31,qpPlain,0,0,0,0,0,0,0,0,0,inf,inf,0,0,0,0,0,0,0,0,0,0,0,0,0,0,0,0
1,bookshelf_tall,31,qpAdaptive,0,0,0,0,0,0,0,0,0,inf,inf,0,0,0,0,0,0,0,0,0,0,0,0,0,0,0,0
1,bookshelf_tall,31,qpFreeGate,0,0,0,0,0,0,0,0,0,inf,inf,0,0,0,0,0,0,0,0,0,0,0,0,0,0,0,0
1,bookshelf_tall,31,qpFreeEnvelope,0,0,0,0,0,0,0,0,0,inf,inf,0,0,0,0,0,0,0,0,0,0,0,0,0,0,0,0
1,bookshelf_tall,31,qpEnvelope,0,0,0,0,0,0,0,0,0,inf,inf,0,0,0,0,0,0,0,0,0,0,0,0,0,0,0,0
1,bookshelf_tall,38,isSafe,0,0,0,0,0,0,0,0,0,inf,inf,0,0,0,0,0,0,0,0,0,0,0,0,0,0,0,0
1,bookshelf_tall,38,qpFixed,0,0,0,0,0,0,0,0,0,inf,inf,0,0,0,0,0,0,0,0,0,0,0,0,0,0,0,0
1,bookshelf_tall,38,qpPlain,0,0,0,0,0,0,0,0,0,inf,inf,0,0,0,0,0,0,0,0,0,0,0,0,0,0,0,0
1,bookshelf_tall,38,qpAdaptive,0,0,0,0,0,0,0,0,0,inf,inf,0,0,0,0,0,0,0,0,0,0,0,0,0,0,0,0
1,bookshelf_tall,38,qpFreeGate,0,0,0,0,0,0,0,0,0,inf,inf,0,0,0,0,0,0,0,0,0,0,0,0,0,0,0,0
1,bookshelf_tall,38,qpFreeEnvelope,0,0,0,0,0,0,0,0,0,inf,inf,0,0,0,0,0,0,0,0,0,0,0,0,0,0,0,0
1,bookshelf_tall,38,qpEnvelope,0,0,0,0,0,0,0,0,0,inf,inf,0,0,0,0,0,0,0,0,0,0,0,0,0,0,0,0
1,bookshelf_tall,45,isSafe,0,0,0,0,0,0,0,0,0,inf,inf,0,0,0,0,0,0,0,0,0,0,0,0,0,0,0,0
1,bookshelf_tall,45,qpFixed,0,0,0,0,0,0,0,0,0,inf,inf,0,0,0,0,0,0,0,0,0,0,0,0,0,0,0,0
1,bookshelf_tall,45,qpPlain,0,0,0,0,0,0,0,0,0,inf,inf,0,0,0,0,0,0,0,0,0,0,0,0,0,0,0,0
1,bookshelf_tall,45,qpAdaptive,0,0,0,0,0,0,0,0,0,inf,inf,0,0,0,0,0,0,0,0,0,0,0,0,0,0,0,0
1,bookshelf_tall,45,qpFreeGate,0,0,0,0,0,0,0,0,0,inf,inf,0,0,0,0,0,0,0,0,0,0,0,0,0,0,0,0
1,bookshelf_tall,45,qpFreeEnvelope,0,0,0,0,0,0,0,0,0,inf,inf,0,0,0,0,0,0,0,0,0,0,0,0,0,0,0,0
1,bookshelf_tall,45,qpEnvelope,0,0,0,0,0,0,0,0,0,inf,inf,0,0,0,0,0,0,0,0,0,0,0,0,0,0,0,0
1,bookshelf_tall,52,isSafe,1,1,0.164225,35573,190,10.1278,7,508,0,0.000348164,0.00249477,0,0,0,0,1556,186,0.122108,0,0,0,0,0,0,0,0,0
1,bookshelf_tall,52,qpFixed,1,1,0.0110667,1364,14,10.8166,949,949,0,0.000375934,0.00249477,0,0,0.0107474,0,3,3,4.66667,0,0,0,1,0,0,1364,402548,946
1,bookshelf_tall,52,qpPlain,1,1,0.0112856,1364,14,10.8166,949,949,0,0.000375934,0.00249477,0,0,0.0107474,0,3,3,4.66667,0,0,0,1,0,0,1364,467852,1364
1,bookshelf_tall,52,qpAdaptive,1,1,0.00684632,743,14,10.8181,802,802,0,0.000375934,0.00249477,0,0,0.0197178,0.158816,3,3,4.66667,0,0,0,0.835801,0.15074,0.013459,743,232356,709
1,bookshelf_tall,52,qpFreeGate,1,1,0.17753,25670,67,18.6211,1699,1699,0,0.00180525,0.00249477,0,0,0.00418013,0,243,61,0.27572,0,0,0,1,0,0,0,0,0
1,bookshelf_tall,52,qpFreeEnvelope,1,1,0.0319491,1618,73,19.0201,1004,1004,0,0.00113074,0.00249477,0,0,0.0667506,0.957973,243,64,0.300412,0,0,0,0.0106184,0.850094,0.139288,0,0,0
1,bookshelf_tall,52,qpEnvelope,1,1,0.00505771,522,15,10.845,706,706,0,0.000381262,0.00249477,0,0,0.0281144,0.206897,3,3,5,0,0,0,0.793103,0.181992,0.0249042,522,163356,505
1,bookshelf_tall,59,isSafe,0,0,0,0,0,0,0,0,0,inf,inf,0,0,0,0,0,0,0,0,0,0,0,0,0,0,0,0
1,bookshelf_tall,59,qpFixed,0,0,0,0,0,0,0,0,0,inf,inf,0,0,0,0,0,0,0,0,0,0,0,0,0,0,0,0
1,bookshelf_tall,59,qpPlain,0,0,0,0,0,0,0,0,0,inf,inf,0,0,0,0,0,0,0,0,0,0,0,0,0,0,0,0
1,bookshelf_tall,59,qpAdaptive,0,0,0,0,0,0,0,0,0,inf,inf,0,0,0,0,0,0,0,0,0,0,0,0,0,0,0,0
1,bookshelf_tall,59,qpFreeGate,0,0,0,0,0,0,0,0,0,inf,inf,0,0,0,0,0,0,0,0,0,0,0,0,0,0,0,0
1,bookshelf_tall,59,qpFreeEnvelope,0,0,0,0,0,0,0,0,0,inf,inf,0,0,0,0,0,0,0,0,0,0,0,0,0,0,0,0
1,bookshelf_tall,59,qpEnvelope,0,0,0,0,0,0,0,0,0,inf,inf,0,0,0,0,0,0,0,0,0,0,0,0,0,0,0,0
1,bookshelf_tall,66,isSafe,1,1,0.0221038,4714,25,17.3433,10,869,0,0.000362087,0.00249477,0,0,0,0,101,20,0.247525,0,0,0,0,0,0,0,0,0
1,bookshelf_tall,66,qpFixed,1,1,0.0405644,4930,32,18.5511,1598,1598,0,8.15672e-05,0.00249477,0,0,0.00931207,0,13,13,2.46154,0,0,0,1,0,0,4930,1467611,4022
1,bookshelf_tall,66,qpPlain,1,1,0.0412622,4930,32,18.5511,1598,1598,0,8.15672e-05,0.00249477,0,0,0.00931207,0,13,13,2.46154,0,0,0,1,0,0,4930,1690990,4930
1,bookshelf_tall,66,qpAdaptive,1,1,0.0238797,2621,32,18.5763,1378,1378,0,8.15672e-05,0.00249477,0,0,0.0175155,0.312858,13,13,2.46154,0,0,0,0.685235,0.305609,0.00915681,2621,801972,2517
1,bookshelf_tall,66,qpFreeGate,1,1,0.071958,10482,37,15.4261,1173,1173,0,0.000362087,0.00249477,0,0,0.00598816,0,101,32,0.366337,0,0,0,1,0,0,0,0,0
1,bookshelf_tall,66,qpFreeEnvelope,1,1,0.0149594,830,37,15.4564,794,794,0,0.000362087,0.00249477,0,0,0.0738201,0.963855,101,32,0.366337,0,0,0,0.0144928,0.885266,0.100242,0,0,0
1,bookshelf_tall,66,qpEnvelope,1,1,0.0200252,2075,31,18.6634,1300,1300,0,8.15672e-05,0.00249477,0,0,0.0228024,0.177349,13,13,2.38462,0,0,0,0.821205,0.166747,0.0120482,2075,633262,2031
1,bookshelf_tall,74,isSafe,0,0,0,0,0,0,0,0,0,inf,inf,0,0,0,0,0,0,0,0,0,0,0,0,0,0,0,0
1,bookshelf_tall,74,qpFixed,0,0,0,0,0,0,0,0,0,inf,inf,0,0,0,0,0,0,0,0,0,0,0,0,0,0,0,0
1,bookshelf_tall,74,qpPlain,0,0,0,0,0,0,0,0,0,inf,inf,0,0,0,0,0,0,0,0,0,0,0,0,0,0,0,0
1,bookshelf_tall,74,qpAdaptive,0,0,0,0,0,0,0,0,0,inf,inf,0,0,0,0,0,0,0,0,0,0,0,0,0,0,0,0
1,bookshelf_tall,74,qpFreeGate,0,0,0,0,0,0,0,0,0,inf,inf,0,0,0,0,0,0,0,0,0,0,0,0,0,0,0,0
1,bookshelf_tall,74,qpFreeEnvelope,0,0,0,0,0,0,0,0,0,inf,inf,0,0,0,0,0,0,0,0,0,0,0,0,0,0,0,0
1,bookshelf_tall,74,qpEnvelope,0,0,0,0,0,0,0,0,0,inf,inf,0,0,0,0,0,0,0,0,0,0,0,0,0,0,0,0
1,bookshelf_tall,81,isSafe,0,0,0,0,0,0,0,0,0,inf,inf,0,0,0,0,0,0,0,0,0,0,0,0,0,0,0,0
1,bookshelf_tall,81,qpFixed,0,0,0,0,0,0,0,0,0,inf,inf,0,0,0,0,0,0,0,0,0,0,0,0,0,0,0,0
1,bookshelf_tall,81,qpPlain,0,0,0,0,0,0,0,0,0,inf,inf,0,0,0,0,0,0,0,0,0,0,0,0,0,0,0,0
1,bookshelf_tall,81,qpAdaptive,0,0,0,0,0,0,0,0,0,inf,inf,0,0,0,0,0,0,0,0,0,0,0,0,0,0,0,0
1,bookshelf_tall,81,qpFreeGate,0,0,0,0,0,0,0,0,0,inf,inf,0,0,0,0,0,0,0,0,0,0,0,0,0,0,0,0
1,bookshelf_tall,81,qpFreeEnvelope,0,0,0,0,0,0,0,0,0,inf,inf,0,0,0,0,0,0,0,0,0,0,0,0,0,0,0,0
1,bookshelf_tall,81,qpEnvelope,0,0,0,0,0,0,0,0,0,inf,inf,0,0,0,0,0,0,0,0,0,0,0,0,0,0,0,0
1,bookshelf_tall,88,isSafe,1,1,0.00381117,832,6,7.88448,5,396,0,0.001933,0.00249477,0,0,0,0,24,3,0.25,0,0,0,0,0,0,0,0,0
1,bookshelf_tall,88,qpFixed,1,1,0.0172891,2057,26,9.61954,739,739,0,0.004795,0.00249477,0,0,0.0106951,0,6,6,4.33333,0,0,0,1,0,0,2057,528778,2017
1,bookshelf_tall,88,qpPlain,1,1,0.0179902,2057,26,9.61954,739,739,0,0.004795,0.00249477,0,0,0.0106951,0,6,6,4.33333,0,0,0,1,0,0,2057,705551,2057
1,bookshelf_tall,88,qpAdaptive,1,1,0.0125307,1393,26,9.63183,638,638,0,0.00479503,0.00249477,0,0,0.015857,0.4458,6,6,4.33333,0,0,0,0.546303,0.441493,0.0122039,1393,362007,1369
1,bookshelf_tall,88,qpFreeGate,1,1,0.0265668,3846,16,8.8691,963,963,0,0.00207891,0.00249477,0,0,0.0040086,0,27,7,0.592593,0,0,0,1,0,0,0,0,0
1,bookshelf_tall,88,qpFreeEnvelope,1,1,0.00596747,315,23,9.13074,499,499,0,0.0022241,0.00249477,0,0,0.0487694,0.955556,27,7,0.851852,0,0,0,0.0253968,0.847619,0.126984,0,0,0
1,bookshelf_tall,88,qpEnvelope,1,1,0.0073183,727,27,21.0828,1232,1232,0,0.000537027,0.00249477,0,0,0.0402536,0.382393,8,8,3.375,0,0,0,0.61348,0.350757,0.0357634,727,193025,688
1,bookshelf_tall,96,isSafe,1,1,0.0433113,9402,47,17.8051,10,892,0,0.00139468,0.00249477,0,0,0,0,230,44,0.204348,0,0,0,0,0,0,0,0,0
1,bookshelf_tall,96,qpFixed,1,1,0.0171435,2190,14,13.6364,1380,1380,0,0.000297891,0.00249477,0,0,0.00878277,0,4,4,3.5,0,0,0,1,0,0,2190,549875,1603
1,bookshelf_tall,96,qpPlain,1,1,0.0183317,2190,14,13.6364,1380,1380,0,0.000297891,0.00249477,0,0,0.00878277,0,4,4,3.5,0,0,0,1,0,0,2190,751170,2190
1,bookshelf_tall,96,qpAdaptive,1,1,0.0102574,1156,14,13.6955,987,987,0,0.000296383,0.00249477,0,0,0.0166886,0.314879,4,4,3.5,0,0,0,0.683391,0.309689,0.00692042,1156,298157,1092
1,bookshelf_tall,96,qpFreeGate,1,1,0.0463298,6768,28,18.9034,1554,1554,0,0.00217206,0.00249477,0,0,0.00628113,0,51,22,0.54902,0,0,0,1,0,0,0,0,0
1,bookshelf_tall,96,qpFreeEnvelope,1,1,0.0079227,383,28,18.978,989,989,0,0.00216761,0.00249477,0,0,0.113528,0.976501,51,22,0.54902,0,0,0,0.0078534,0.824607,0.167539,0,0,0
1,bookshelf_tall,96,qpEnvelope,1,1,0.0109862,1146,34,9.40082,572,572,0,0.00152833,0.00249477,0,0,0.03899,0.235602,11,11,3.09091,0,0,0,0.760035,0.212914,0.0270506,1146,302560,1075
1,bookshelf_thin,4,isSafe,0,0,0,0,0,0,0,0,0,inf,inf,0,0,0,0,0,0,0,0,0,0,0,0,0,0,0,0
1,bookshelf_thin,4,qpFixed,0,0,0,0,0,0,0,0,0,inf,inf,0,0,0,0,0,0,0,0,0,0,0,0,0,0,0,0
1,bookshelf_thin,4,qpPlain,0,0,0,0,0,0,0,0,0,inf,inf,0,0,0,0,0,0,0,0,0,0,0,0,0,0,0,0
1,bookshelf_thin,4,qpAdaptive,0,0,0,0,0,0,0,0,0,inf,inf,0,0,0,0,0,0,0,0,0,0,0,0,0,0,0,0
1,bookshelf_thin,4,qpFreeGate,0,0,0,0,0,0,0,0,0,inf,inf,0,0,0,0,0,0,0,0,0,0,0,0,0,0,0,0
1,bookshelf_thin,4,qpFreeEnvelope,0,0,0,0,0,0,0,0,0,inf,inf,0,0,0,0,0,0,0,0,0,0,0,0,0,0,0,0
1,bookshelf_thin,4,qpEnvelope,0,0,0,0,0,0,0,0,0,inf,inf,0,0,0,0,0,0,0,0,0,0,0,0,0,0,0,0
1,bookshelf_thin,11,isSafe,0,0,0,0,0,0,0,0,0,inf,inf,0,0,0,0,0,0,0,0,0,0,0,0,0,0,0,0
1,bookshelf_thin,11,qpFixed,0,0,0,0,0,0,0,0,0,inf,inf,0,0,0,0,0,0,0,0,0,0,0,0,0,0,0,0
1,bookshelf_thin,11,qpPlain,0,0,0,0,0,0,0,0,0,inf,inf,0,0,0,0,0,0,0,0,0,0,0,0,0,0,0,0
1,bookshelf_thin,11,qpAdaptive,0,0,0,0,0,0,0,0,0,inf,inf,0,0,0,0,0,0,0,0,0,0,0,0,0,0,0,0
1,bookshelf_thin,11,qpFreeGate,0,0,0,0,0,0,0,0,0,inf,inf,0,0,0,0,0,0,0,0,0,0,0,0,0,0,0,0
1,bookshelf_thin,11,qpFreeEnvelope,0,0,0,0,0,0,0,0,0,inf,inf,0,0,0,0,0,0,0,0,0,0,0,0,0,0,0,0
1,bookshelf_thin,11,qpEnvelope,0,0,0,0,0,0,0,0,0,inf,inf,0,0,0,0,0,0,0,0,0,0,0,0,0,0,0,0
1,bookshelf_thin,18,isSafe,1,1,0.0604434,9845,48,19.5512,11,979,0,0.00339767,0.00249477,0,0,0,0,336,45,0.142857,0,0,0,0,0,0,0,0,0
1,bookshelf_thin,18,qpFixed,1,1,0.0144715,1461,22,11.4087,936,936,0,0.000542244,0.00249477,0,0,0.0110803,0,2,2,11,0,0,0,1,0,0,1461,414395,1383
1,bookshelf_thin,18,qpPlain,1,1,0.0148011,1461,22,11.4087,936,936,0,0.000542244,0.00249477,0,0,0.0110803,0,2,2,11,0,0,0,1,0,0,1461,501123,1461
1,bookshelf_thin,18,qpAdaptive,1,1,0.00964626,907,22,11.4167,826,826,0,0.000542644,0.00249477,0,0,0.0178561,0.512679,2,2,11,0,0,0,0.479603,0.502756,0.0176406,907,264519,901
1,bookshelf_thin,18,qpFreeGate,1,1,0.146346,17526,34,12.7425,1423,1423,0,0.00334797,0.00249477,0,0,0.00315676,0,152,29,0.223684,0,0,0,1,0,0,0,0,0
1,bookshelf_thin,18,qpFreeEnvelope,1,1,0.0272208,1116,38,17.9829,942,942,0,0.0031287,0.00249477,0,0,0.052443,0.939964,154,32,0.246753,0,0,0,0.019337,0.864641,0.116022,0,0,0
1,bookshelf_thin,18,qpEnvelope,1,1,0.00475256,402,16,15.0614,870,870,0,0.00054172,0.00249477,0,0,0.0475611,0.517413,3,3,5.33333,0,0,0,0.475124,0.492537,0.0323383,402,120480,382
1,bookshelf_thin,25,isSafe,1,1,0.125493,20173,96,16.3768,10,820,0,0.00263466,0.00249477,0,0,0,0,750,92,0.128,0,0,0,0,0,0,0,0,0
1,bookshelf_thin,25,qpFixed,1,1,0.0266414,2728,18,12.9945,986,986,0,0.000419399,0.00249477,0,0,0.00992181,0,8,7,2.25,0,0,0,1,0,0,2728,700074,2278
1,bookshelf_thin,25,qpPlain,1,1,0.0280674,2728,18,12.9945,986,986,0,0.000419399,0.00249477,0,0,0.00992181,0,8,7,2.25,0,0,0,1,0,0,2728,935704,2728
1,bookshelf_thin,25,qpAdaptive,1,1,0.0184381,1730,18,13.0009,803,803,0,0.000419399,0.00249477,0,0,0.0156657,0.173988,8,7,2.25,0,0,0,0.825434,0.167052,0.00751445,1730,452429,1669
1,bookshelf_thin,25,qpFreeGate,1,1,0.24369,29657,88,17.75,1515,1515,0,0.00263466,0.00249477,0,0,0.00483083,0,351,78,0.250712,0,0,0,1,0,0,0,0,0
1,bookshelf_thin,25,qpFreeEnvelope,1,1,0.0492784,2011,86,17.992,941,941,0,0.000872629,0.00249477,0,0,0.068718,0.911487,351,77,0.245014,0,0,0,0.0392457,0.849643,0.111111,0,0,0
1,bookshelf_thin,25,qpEnvelope,1,1,0.0148741,1355,19,12.8906,754,754,0,0.000419399,0.00249477,0,0,0.0196416,0.107011,8,7,2.375,0,0,0,0.890775,0.097417,0.0118081,1355,352464,1334
1,bookshelf_thin,32,isSafe,0,0,0,0,0,0,0,0,0,inf,inf,0,0,0,0,0,0,0,0,0,0,0,0,0,0,0,0
1,bookshelf_thin,32,qpFixed,0,0,0,0,0,0,0,0,0,inf,inf,0,0,0,0,0,0,0,0,0,0,0,0,0,0,0,0
1,bookshelf_thin,32,qpPlain,0,0,0,0,0,0,0,0,0,inf,inf,0,0,0,0,0,0,0,0,0,0,0,0,0,0,0,0
1,bookshelf_thin,32,qpAdaptive,0,0,0,0,0,0,0,0,0,inf,inf,0,0,0,0,0,0,0,0,0,0,0,0,0,0,0,0
1,bookshelf_thin,32,qpFreeGate,0,0,0,0,0,0,0,0,0,inf,inf,0,0,0,0,0,0,0,0,0,0,0,0,0,0,0,0
1,bookshelf_thin,32,qpFreeEnvelope,0,0,0,0,0,0,0,0,0,inf,inf,0,0,0,0,0,0,0,0,0,0,0,0,0,0,0,0
1,bookshelf_thin,32,qpEnvelope,0,0,0,0,0,0,0,0,0,inf,inf,0,0,0,0,0,0,0,0,0,0,0,0,0,0,0,0
1,bookshelf_thin,39,isSafe,1,1,0.198814,33484,167,17.8709,10,895,0,0.000975675,0.00249477,0,0,0,0,1152,164,0.144965,0,0,0,0,0,0,0,0,0
1,bookshelf_thin,39,qpFixed,1,1,0.00487683,559,6,7.2221,560,560,0,0.000746357,0.00249477,0,0,0.0129197,0,1,1,6,0,0,0,1,0,0,559,137287,259
1,bookshelf_thin,39,qpPlain,1,1,0.0052384,559,6,7.2221,560,560,0,0.000746357,0.00249477,0,0,0.0129197,0,1,1,6,0,0,0,1,0,0,559,191737,559
1,bookshelf_thin,39,qpAdaptive,1,1,0.00236293,238,6,7.22661,483,483,0,0.000746357,0.00249477,0,0,0.0303639,0.336134,1,1,6,0,0,0,0.663866,0.323529,0.012605,238,60355,215
1,bookshelf_thin,39,qpFreeGate,1,1,0.0991312,12182,40,9.00959,863,863,0,0.000975675,0.00249477,0,0,0.00535119,0,122,36,0.327869,0,0,0,1,0,0,0,0,0
1,bookshelf_thin,39,qpFreeEnvelope,1,1,0.022574,997,39,9.07032,507,507,0,0.00067199,0.00249477,0,0,0.063365,0.948847,122,35,0.319672,0,0,0,0.0301811,0.890342,0.0794769,0,0,0
1,bookshelf_thin,39,qpEnvelope,1,1,0.00161154,148,6,7.21965,435,435,0,0.000746357,0.00249477,0,0,0.0487814,0.290541,1,1,6,0,0,0,0.709459,0.27027,0.0202703,148,37998,135
1,bookshelf_thin,46,isSafe,0,0,0,0,0,0,0,0,0,inf,inf,0,0,0,0,0,0,0,0,0,0,0,0,0,0,0,0
1,bookshelf_thin,46,qpFixed,0,0,0,0,0,0,0,0,0,inf,inf,0,0,0,0,0,0,0,0,0,0,0,0,0,0,0,0
1,bookshelf_thin,46,qpPlain,0,0,0,0,0,0,0,0,0,inf,inf,0,0,0,0,0,0,0,0,0,0,0,0,0,0,0,0
1,bookshelf_thin,46,qpAdaptive,0,0,0,0,0,0,0,0,0,inf,inf,0,0,0,0,0,0,0,0,0,0,0,0,0,0,0,0
1,bookshelf_thin,46,qpFreeGate,0,0,0,0,0,0,0,0,0,inf,inf,0,0,0,0,0,0,0,0,0,0,0,0,0,0,0,0
1,bookshelf_thin,46,qpFreeEnvelope,0,0,0,0,0,0,0,0,0,inf,inf,0,0,0,0,0,0,0,0,0,0,0,0,0,0,0,0
1,bookshelf_thin,46,qpEnvelope,0,0,0,0,0,0,0,0,0,inf,inf,0,0,0,0,0,0,0,0,0,0,0,0,0,0,0,0
1,bookshelf_thin,53,isSafe,0,0,0,0,0,0,0,0,0,inf,inf,0,0,0,0,0,0,0,0,0,0,0,0,0,0,0,0
1,bookshelf_thin,53,qpFixed,0,0,0,0,0,0,0,0,0,inf,inf,0,0,0,0,0,0,0,0,0,0,0,0,0,0,0,0
1,bookshelf_thin,53,qpPlain,0,0,0,0,0,0,0,0,0,inf,inf,0,0,0,0,0,0,0,0,0,0,0,0,0,0,0,0
1,bookshelf_thin,53,qpAdaptive,0,0,0,0,0,0,0,0,0,inf,inf,0,0,0,0,0,0,0,0,0,0,0,0,0,0,0,0
1,bookshelf_thin,53,qpFreeGate,0,0,0,0,0,0,0,0,0,inf,inf,0,0,0,0,0,0,0,0,0,0,0,0,0,0,0,0
1,bookshelf_thin,53,qpFreeEnvelope,0,0,0,0,0,0,0,0,0,inf,inf,0,0,0,0,0,0,0,0,0,0,0,0,0,0,0,0
1,bookshelf_thin,53,qpEnvelope,0,0,0,0,0,0,0,0,0,inf,inf,0,0,0,0,0,0,0,0,0,0,0,0,0,0,0,0
1,bookshelf_thin,60,isSafe,1,1,0.0430858,7273,36,11.0169,7,552,0,0.00365101,0.00249477,0,0,0,0,169,32,0.213018,0,0,0,0,0,0,0,0,0
1,bookshelf_thin,60,qpFixed,1,1,0.0131544,1419,10,7.84719,531,531,0,0.00104919,0.00249477,0,0,0.0105701,0,5,4,2,0,0,0,1,0,0,1419,369640,890
1,bookshelf_thin,60,qpPlain,1,1,0.0138605,1419,10,7.84719,531,531,0,0.00104919,0.00249477,0,0,0.0105701,0,5,4,2,0,0,0,1,0,0,1419,486717,1419
1,bookshelf_thin,60,qpAdaptive,1,1,0.00792362,754,10,7.84711,475,475,0,0.00104919,0.00249477,0,0,0.0199235,0.1313,5,4,2,0,0,0,0.866048,0.124668,0.00928382,754,200829,718
1,bookshelf_thin,60,qpFreeGate,1,1,0.129031,15788,52,11.0187,772,772,0,0.00365114,0.00249477,0,0,0.00551274,0,169,48,0.307692,0,0,0,1,0,0,0,0,0
1,bookshelf_thin,60,qpFreeEnvelope,1,1,0.0244097,968,51,11.0181,571,571,0,0.00365103,0.00249477,0,0,0.0875751,0.969008,169,47,0.301775,0,0,0,0.00315126,0.891807,0.105042,0,0,0
1,bookshelf_thin,60,qpEnvelope,1,1,0.00719488,666,10,7.84619,463,463,0,0.00104919,0.00249477,0,0,0.0226328,0.0690691,5,4,2,0,0,0,0.929429,0.0600601,0.0105105,666,176667,649
1,bookshelf_thin,67,isSafe,1,1,0.627825,105636,536,23.0101,13,1152,0,0.00249887,0.00249477,0,0,0,0,4482,533,0.119589,0,0,0,0,0,0,0,0,0
1,bookshelf_thin,67,qpFixed,1,1,0.00443945,514,6,6.68387,515,515,0,0.00129731,0.00249477,0,0,0.0130036,0,1,1,6,0,0,0,1,0,0,514,131200,193
1,bookshelf_thin,67,qpPlain,1,1,0.00475806,514,6,6.68387,515,515,0,0.00129731,0.00249477,0,0,0.0130036,0,1,1,6,0,0,0,1,0,0,514,176302,514
1,bookshelf_thin,67,qpAdaptive,1,1,0.00209657,217,6,6.68598,430,430,0,0.00129831,0.00249477,0,0,0.030811,0.129032,1,1,6,0,0,0,0.866359,0.119816,0.0138249,217,51583,187
1,bookshelf_thin,67,qpFreeGate,1,1,0.193868,23950,67,13.7465,1093,1093,0,0.0015504,0.00249477,0,0,0.00454997,0,227,55,0.295154,0,0,0,1,0,0,0,0,0
1,bookshelf_thin,67,qpFreeEnvelope,1,1,0.0430978,1902,67,13.0346,678,678,0,0.00150526,0.00249477,0,0,0.0594507,0.976866,229,57,0.292576,0,0,0,0.00371156,0.918876,0.0774125,0,0,0
1,bookshelf_thin,67,qpEnvelope,1,1,0.00160869,154,6,6.68682,405,405,0,0.00129831,0.00249477,0,0,0.0434209,0.168831,1,1,6,0,0,0,0.831169,0.149351,0.0194805,154,36331,142
1,bookshelf_thin,74,isSafe,1,1,0.0718569,12155,59,18.3173,11,917,0,0.0018054,0.00249477,0,0,0,0,330,55,0.178788,0,0,0,0,0,0,0,0,0
1,bookshelf_thin,74,qpFixed,1,1,0.00361637,437,6,5.63082,438,438,0,0.00354094,0.00249477,0,0,0.0128852,0,1,1,6,0,0,0,1,0,0,437,97745,103
1,bookshelf_thin,74,qpPlain,1,1,0.00401806,437,6,5.63082,438,438,0,0.00354094,0.00249477,0,0,0.0128852,0,1,1,6,0,0,0,1,0,0,437,149891,437
1,bookshelf_thin,74,qpAdaptive,1,1,0.00126129,130,6,5.63082,326,326,0,0.00354094,0.00249477,0,0,0.043314,0.176923,1,1,6,0,0,0,0.823077,0.146154,0.0307692,130,29035,103
1,bookshelf_thin,74,qpFreeGate,1,1,0.468031,58030,151,12.3187,1064,1064,0,0.00433948,0.00249477,0,0,0.00421655,0,632,148,0.238924,0,0,0,1,0,0,0,0,0
1,bookshelf_thin,74,qpFreeEnvelope,1,1,0.0883623,3511,143,23.4918,1199,1199,0,0.00433948,0.00249477,0,0,0.0678355,0.954144,632,140,0.226266,0,0,0,0.00231548,0.877858,0.119826,0,0,0
1,bookshelf_thin,74,qpEnvelope,1,1,0.00115606,113,6,5.63238,320,320,0,0.00354094,0.00249477,0,0,0.049844,0.115044,1,1,6,0,0,0,0.884956,0.079646,0.0353982,113,24731,101
1,bookshelf_thin,82,isSafe,1,1,0.0634038,10694,53,16.1535,10,809,0,0.00531549,0.00249477,0,0,0,0,241,49,0.219917,0,0,0,0,0,0,0,0,0
1,bookshelf_thin,82,qpFixed,1,1,0.00613522,723,7,8.13011,724,724,20,-0.00528205,0.00249477,0,0,0.011245,0,1,1,7,0,0,0,1,0,0,723,189734,177
1,bookshelf_thin,82,qpPlain,1,1,0.00656247,723,7,8.13011,724,724,20,-0.00528205,0.00249477,0,0,0.011245,0,1,1,7,0,0,0,1,0,0,723,247989,723
1,bookshelf_thin,82,qpAdaptive,1,1,0.0019551,198,7,8.1219,520,520,14,-0.00776427,0.00249477,0,0,0.0410197,0.424242,1,1,7,0,0,0,0.575758,0.40404,0.020202,198,58827,151
1,bookshelf_thin,82,qpFreeGate,1,1,0.149075,18180,58,17.6296,1467,1467,0,0.00360932,0.00249477,0,0,0.00490162,0,184,54,0.315217,0,0,0,1,0,0,0,0,0
1,bookshelf_thin,82,qpFreeEnvelope,1,1,0.0278151,1086,57,17.7044,911,911,0,0.00350463,0.00249477,0,0,0.0810776,0.960405,184,53,0.309783,0,0,0,0.00750469,0.853659,0.138837,0,0,0
1,bookshelf_thin,82,qpEnvelope,1,1,0.00103559,87,7,8.16883,456,456,14,-0.00457598,0.00249477,0,0,0.0938946,0.471264,1,1,7,0,0,0,0.528736,0.425287,0.045977,87,25520,65
1,bookshelf_thin,89,isSafe,0,0,0,0,0,0,0,0,0,inf,inf,0,0,0,0,0,0,0,0,0,0,0,0,0,0,0,0
1,bookshelf_thin,89,qpFixed,0,0,0,0,0,0,0,0,0,inf,inf,0,0,0,0,0,0,0,0,0,0,0,0,0,0,0,0
1,bookshelf_thin,89,qpPlain,0,0,0,0,0,0,0,0,0,inf,inf,0,0,0,0,0,0,0,0,0,0,0,0,0,0,0,0
1,bookshelf_thin,89,qpAdaptive,0,0,0,0,0,0,0,0,0,inf,inf,0,0,0,0,0,0,0,0,0,0,0,0,0,0,0,0
1,bookshelf_thin,89,qpFreeGate,0,0,0,0,0,0,0,0,0,inf,inf,0,0,0,0,0,0,0,0,0,0,0,0,0,0,0,0
1,bookshelf_thin,89,qpFreeEnvelope,0,0,0,0,0,0,0,0,0,inf,inf,0,0,0,0,0,0,0,0,0,0,0,0,0,0,0,0
1,bookshelf_thin,89,qpEnvelope,0,0,0,0,0,0,0,0,0,inf,inf,0,0,0,0,0,0,0,0,0,0,0,0,0,0,0,0
1,bookshelf_thin,96,isSafe,0,0,0,0,0,0,0,0,0,inf,inf,0,0,0,0,0,0,0,0,0,0,0,0,0,0,0,0
1,bookshelf_thin,96,qpFixed,0,0,0,0,0,0,0,0,0,inf,inf,0,0,0,0,0,0,0,0,0,0,0,0,0,0,0,0
1,bookshelf_thin,96,qpPlain,0,0,0,0,0,0,0,0,0,inf,inf,0,0,0,0,0,0,0,0,0,0,0,0,0,0,0,0
1,bookshelf_thin,96,qpAdaptive,0,0,0,0,0,0,0,0,0,inf,inf,0,0,0,0,0,0,0,0,0,0,0,0,0,0,0,0
1,bookshelf_thin,96,qpFreeGate,0,0,0,0,0,0,0,0,0,inf,inf,0,0,0,0,0,0,0,0,0,0,0,0,0,0,0,0
1,bookshelf_thin,96,qpFreeEnvelope,0,0,0,0,0,0,0,0,0,inf,inf,0,0,0,0,0,0,0,0,0,0,0,0,0,0,0,0
1,bookshelf_thin,96,qpEnvelope,0,0,0,0,0,0,0,0,0,inf,inf,0,0,0,0,0,0,0,0,0,0,0,0,0,0,0,0
1,table_under_pick,3,isSafe,1,1,0.00686903,1957,12,12.2515,8,614,0,0.000684822,0.00249477,0,0,0,0,28,7,0.428571,0,0,0,0,0,0,0,0,0
1,table_under_pick,3,qpFixed,1,1,0.00548217,871,11,9.5881,643,643,0,0.00510019,0.00249477,0,0,0.014741,0,2,2,5.5,0,0,0,1,0,0,871,218939,431
1,table_under_pick,3,qpPlain,1,1,0.0059416,871,11,9.5881,643,643,0,0.00510019,0.00249477,0,0,0.014741,0,2,2,5.5,0,0,0,1,0,0,871,298753,871
1,table_under_pick,3,qpAdaptive,1,1,0.00117493,161,12,9.58722,538,538,0,0.00427111,0.00249477,0,0,0.0799875,0.881988,2,2,6,0,0,0,0.0931677,0.838509,0.068323,161,45431,126
1,table_under_pick,3,qpFreeGate,1,1,0.0302793,5280,23,10.538,976,976,0,0.00233938,0.00249477,0,0,0.00550375,0,28,16,0.821429,0,0,0,1,0,0,0,0,0
1,table_under_pick,3,qpFreeEnvelope,1,1,0.00485407,322,21,11.0115,587,587,0,0.00234667,0.00249477,0,0,0.0872103,0.940994,28,14,0.75,0,0,0,0.0498442,0.847352,0.102804,0,0,0
1,table_under_pick,3,qpEnvelope,1,1,0.000792806,84,10,9.64298,517,517,0,0.00212852,0.00249477,0,0,0.154025,0.857143,2,2,5,0,0,0,0.130952,0.761905,0.107143,84,23927,69
1,table_under_pick,10,isSafe,1,1,0.00968668,2776,16,10.2428,7,514,0,0.00144986,0.00249477,0,0,0,0,77,11,0.207792,0,0,0,0,0,0,0,0,0
1,table_under_pick,10,qpFixed,1,1,0.0628368,9100,55,26.3704,2330,2330,0,0.00010997,0.00249477,0,0,0.00932921,0,32,27,1.71875,0,0,0,1,0,0,9100,2276748,8605
1,table_under_pick,10,qpPlain,1,1,0.0671441,9100,55,26.3704,2330,2330,0,0.00010997,0.00249477,0,0,0.00932921,0,32,27,1.71875,0,0,0,1,0,0,9100,3121300,9100
1,table_under_pick,10,qpAdaptive,1,1,0.0502928,6823,56,26.3823,2095,2095,0,0.00010988,0.00249477,0,0,0.0124635,0.273047,32,27,1.75,0,0,0,0.724901,0.271435,0.00366408,6823,1741338,6572
1,table_under_pick,10,qpFreeGate,1,1,0.115998,20119,48,9.9928,989,989,0,0.00138965,0.00249477,0,0,0.0037849,0,136,38,0.352941,0,0,0,1,0,0,0,0,0
1,table_under_pick,10,qpFreeEnvelope,1,1,0.0163625,1042,53,11.8262,629,629,0,0.00139723,0.00249477,0,0,0.0819763,0.923225,149,44,0.355705,0,0,0,0.0323529,0.832353,0.135294,0,0,0
1,table_under_pick,10,qpEnvelope,1,1,0.0232495,3004,48,15.9261,1028,1028,0,0.000348697,0.00249477,0,0,0.0203406,0.212716,23,20,2.08696,0,0,0,0.784953,0.204727,0.0103196,3004,745102,2963
1,table_under_pick,17,isSafe,0,0,0,0,0,0,0,0,0,inf,inf,0,0,0,0,0,0,0,0,0,0,0,0,0,0,0,0
1,table_under_pick,17,qpFixed,0,0,0,0,0,0,0,0,0,inf,inf,0,0,0,0,0,0,0,0,0,0,0,0,0,0,0,0
1,table_under_pick,17,qpPlain,0,0,0,0,0,0,0,0,0,inf,inf,0,0,0,0,0,0,0,0,0,0,0,0,0,0,0,0
1,table_under_pick,17,qpAdaptive,0,0,0,0,0,0,0,0,0,inf,inf,0,0,0,0,0,0,0,0,0,0,0,0,0,0,0,0
1,table_under_pick,17,qpFreeGate,0,0,0,0,0,0,0,0,0,inf,inf,0,0,0,0,0,0,0,0,0,0,0,0,0,0,0,0
1,table_under_pick,17,qpFreeEnvelope,0,0,0,0,0,0,0,0,0,inf,inf,0,0,0,0,0,0,0,0,0,0,0,0,0,0,0,0
1,table_under_pick,17,qpEnvelope,0,0,0,0,0,0,0,0,0,inf,inf,0,0,0,0,0,0,0,0,0,0,0,0,0,0,0,0
1,table_under_pick,24,isSafe,1,1,0.00776544,2193,13,14.966,9,750,0,0.0045833,0.00249477,0,0,0,0,48,9,0.270833,0,0,0,0,0,0,0,0,0
1,table_under_pick,24,qpFixed,1,1,0.0193142,2776,17,11.148,960,960,0,0.000228531,0.00249477,0,0,0.00980334,0,9,8,1.88889,0,0,0,1,0,0,2776,759993,2343
1,table_under_pick,24,qpPlain,1,1,0.0201459,2776,17,11.148,960,960,0,0.000228531,0.00249477,0,0,0.00980334,0,9,8,1.88889,0,0,0,1,0,0,2776,952168,2776
1,table_under_pick,24,qpAdaptive,1,1,0.011315,1497,17,11.1563,760,760,0,0.000249334,0.00249477,0,0,0.0181981,0.38143,9,8,1.88889,0,0,0,0.615898,0.376754,0.00734803,1497,412972,1424
1,table_under_pick,24,qpFreeGate,1,1,0.0500505,8660,29,14.9813,1388,1388,0,0.0045833,0.00249477,0,0,0.00438225,0,61,20,0.47541,0,0,0,1,0,0,0,0,0
1,table_under_pick,24,qpFreeEnvelope,1,1,0.00648604,407,24,13.579,716,716,0,0.0045833,0.00249477,0,0,0.083479,0.955774,54,16,0.444444,0,0,0,0.0173267,0.839109,0.143564,0,0,0
1,table_under_pick,24,qpEnvelope,1,1,0.00883766,1089,17,11.1249,691,691,0,0.000272036,0.00249477,0,0,0.0250095,0.292929,9,8,1.88889,0,0,0,0.705234,0.280992,0.0137741,1089,301526,1065
1,table_under_pick,31,isSafe,1,1,0.0122446,3490,19,19.7804,11,991,0,0.00394319,0.00249477,0,0,0,0,62,15,0.306452,0,0,0,0,0,0,0,0,0
1,table_under_pick,31,qpFixed,1,1,0.0101237,1542,12,11.5662,967,967,0,0.000869192,0.00249477,0,0,0.0116597,0,3,3,4,0,0,0,1,0,0,1542,456230,955
1,table_under_pick,31,qpPlain,1,1,0.0104729,1542,12,11.5662,967,967,0,0.000869192,0.00249477,0,0,0.0116597,0,3,3,4,0,0,0,1,0,0,1542,528906,1542
1,table_under_pick,31,qpAdaptive,1,1,0.00615146,856,12,11.5686,818,818,0,0.000868923,0.00249477,0,0,0.0210057,0.391355,3,3,4,0,0,0,0.60514,0.385514,0.00934579,856,250864,726
1,table_under_pick,31,qpFreeGate,1,1,0.0504514,8700,31,22.9307,1728,1728,0,0.00391248,0.00249477,0,0,0.00537996,0,68,23,0.455882,0,0,0,1,0,0,0,0,0
1,table_under_pick,31,qpFreeEnvelope,1,1,0.00558717,346,20,18.4081,955,955,0,0.000628291,0.00249477,0,0,0.0882836,0.959538,52,15,0.384615,0,0,0,0.0116618,0.851312,0.137026,0,0,0
1,table_under_pick,31,qpEnvelope,1,1,0.00300661,369,10,10.3821,581,581,0,0.00186553,0.00249477,0,0,0.0388362,0.252033,2,2,5,0,0,0,0.747967,0.235772,0.0162602,369,109186,347
1,table_under_pick,38,isSafe,0,0,0,0,0,0,0,0,0,inf,inf,0,0,0,0,0,0,0,0,0,0,0,0,0,0,0,0
1,table_under_pick,38,qpFixed,0,0,0,0,0,0,0,0,0,inf,inf,0,0,0,0,0,0,0,0,0,0,0,0,0,0,0,0
1,table_under_pick,38,qpPlain,0,0,0,0,0,0,0,0,0,inf,inf,0,0,0,0,0,0,0,0,0,0,0,0,0,0,0,0
1,table_under_pick,38,qpAdaptive,0,0,0,0,0,0,0,0,0,inf,inf,0,0,0,0,0,0,0,0,0,0,0,0,0,0,0,0
1,table_under_pick,38,qpFreeGate,0,0,0,0,0,0,0,0,0,inf,inf,0,0,0,0,0,0,0,0,0,0,0,0,0,0,0,0
1,table_under_pick,38,qpFreeEnvelope,0,0,0,0,0,0,0,0,0,inf,inf,0,0,0,0,0,0,0,0,0,0,0,0,0,0,0,0
1,table_under_pick,38,qpEnvelope,0,0,0,0,0,0,0,0,0,inf,inf,0,0,0,0,0,0,0,0,0,0,0,0,0,0,0,0
1,table_under_pick,45,isSafe,0,0,0,0,0,0,0,0,0,inf,inf,0,0,0,0,0,0,0,0,0,0,0,0,0,0,0,0
1,table_under_pick,45,qpFixed,0,0,0,0,0,0,0,0,0,inf,inf,0,0,0,0,0,0,0,0,0,0,0,0,0,0,0,0
1,table_under_pick,45,qpPlain,0,0,0,0,0,0,0,0,0,inf,inf,0,0,0,0,0,0,0,0,0,0,0,0,0,0,0,0
1,table_under_pick,45,qpAdaptive,0,0,0,0,0,0,0,0,0,inf,inf,0,0,0,0,0,0,0,0,0,0,0,0,0,0,0,0
1,table_under_pick,45,qpFreeGate,0,0,0,0,0,0,0,0,0,inf,inf,0,0,0,0,0,0,0,0,0,0,0,0,0,0,0,0
1,table_under_pick,45,qpFreeEnvelope,0,0,0,0,0,0,0,0,0,inf,inf,0,0,0,0,0,0,0,0,0,0,0,0,0,0,0,0
1,table_under_pick,45,qpEnvelope,0,0,0,0,0,0,0,0,0,inf,inf,0,0,0,0,0,0,0,0,0,0,0,0,0,0,0,0
1,table_under_pick,52,isSafe,0,0,0,0,0,0,0,0,0,inf,inf,0,0,0,0,0,0,0,0,0,0,0,0,0,0,0,0
1,table_under_pick,52,qpFixed,0,0,0,0,0,0,0,0,0,inf,inf,0,0,0,0,0,0,0,0,0,0,0,0,0,0,0,0
1,table_under_pick,52,qpPlain,0,0,0,0,0,0,0,0,0,inf,inf,0,0,0,0,0,0,0,0,0,0,0,0,0,0,0,0
1,table_under_pick,52,qpAdaptive,0,0,0,0,0,0,0,0,0,inf,inf,0,0,0,0,0,0,0,0,0,0,0,0,0,0,0,0
1,table_under_pick,52,qpFreeGate,0,0,0,0,0,0,0,0,0,inf,inf,0,0,0,0,0,0,0,0,0,0,0,0,0,0,0,0
1,table_under_pick,52,qpFreeEnvelope,0,0,0,0,0,0,0,0,0,inf,inf,0,0,0,0,0,0,0,0,0,0,0,0,0,0,0,0
1,table_under_pick,52,qpEnvelope,0,0,0,0,0,0,0,0,0,inf,inf,0,0,0,0,0,0,0,0,0,0,0,0,0,0,0,0
1,table_under_pick,59,isSafe,1,1,0.00689829,1956,12,16.4018,10,822,0,0.00224212,0.00249477,0,0,0,0,47,7,0.255319,0,0,0,0,0,0,0,0,0
1,table_under_pick,59,qpFixed,1,1,0.024503,3603,24,15.0282,1320,1320,0,0.000367335,0.00249477,0,0,0.0099508,0,10,9,2.4,0,0,0,1,0,0,3603,858591,3394
1,table_under_pick,59,qpPlain,1,1,0.0265756,3603,24,15.0282,1320,1320,0,0.000367335,0.00249477,0,0,0.0099508,0,10,9,2.4,0,0,0,1,0,0,3603,1235829,3603
1,table_under_pick,59,qpAdaptive,1,1,0.0192576,2628,25,15.1067,1110,1110,0,0.00037087,0.00249477,0,0,0.0137109,0.291476,10,9,2.5,0,0,0,0.707002,0.287671,0.00532725,2628,636060,2554
1,table_under_pick,59,qpFreeGate,1,1,0.0722702,12531,33,15.3545,1368,1368,0,0.00123206,0.00249477,0,0,0.00400008,0,81,26,0.407407,0,0,0,1,0,0,0,0,0
1,table_under_pick,59,qpFreeEnvelope,1,1,0.0066174,416,23,19.6812,1040,1040,0,0.00126144,0.00249477,0,0,0.0731178,0.961538,50,18,0.46,0,0,0,0.00970874,0.866505,0.123786,0,0,0
1,table_under_pick,59,qpEnvelope,1,1,0.0122531,1544,27,15.1598,1006,1006,0,0.000360443,0.00249477,0,0,0.0234801,0.273964,10,9,2.7,0,0,0,0.722798,0.264249,0.0129534,1544,373865,1527
1,table_under_pick,67,isSafe,1,1,0.00384983,1096,8,10.7614,7,540,0,0.00221011,0.00249477,0,0,0,0,12,4,0.666667,0,0,0,0,0,0,0,0,0
1,table_under_pick,67,qpFixed,1,1,0.0138781,2004,16,15.4999,1253,1253,0,0.000533455,0.00249477,0,0,0.0112404,0,5,5,3.2,0,0,0,1,0,0,2004,579187,1356
1,table_under_pick,67,qpPlain,1,1,0.0143285,2004,16,15.4999,1253,1253,0,0.000533455,0.00249477,0,0,0.0112404,0,5,5,3.2,0,0,0,1,0,0,2004,687372,2004
1,table_under_pick,67,qpAdaptive,1,1,0.00864137,1116,16,15.4995,1039,1039,0,0.000533472,0.00249477,0,0,0.0201841,0.293907,5,5,3.2,0,0,0,0.705197,0.284946,0.00985663,1116,322423,990
1,table_under_pick,67,qpFreeGate,1,1,0.0681842,11772,32,15.3994,1661,1661,0,0.00206126,0.00249477,0,0,0.00390451,0,78,23,0.410256,0,0,0,1,0,0,0,0,0
1,table_under_pick,67,qpFreeEnvelope,1,1,0.0101222,659,29,15.9821,857,857,0,0.00206837,0.00249477,0,0,0.060928,0.963581,80,22,0.3625,0,0,0,0.0183206,0.861069,0.120611,0,0,0
1,table_under_pick,67,qpEnvelope,1,1,0.00611003,726,16,15.5044,936,936,0,0.000518809,0.00249477,0,0,0.0310482,0.168044,5,5,3.2,0,0,0,0.827824,0.155647,0.0165289,726,210027,699
1,table_under_pick,74,isSafe,0,0,0,0,0,0,0,0,0,inf,inf,0,0,0,0,0,0,0,0,0,0,0,0,0,0,0,0
1,table_under_pick,74,qpFixed,0,0,0,0,0,0,0,0,0,inf,inf,0,0,0,0,0,0,0,0,0,0,0,0,0,0,0,0
1,table_under_pick,74,qpPlain,0,0,0,0,0,0,0,0,0,inf,inf,0,0,0,0,0,0,0,0,0,0,0,0,0,0,0,0
1,table_under_pick,74,qpAdaptive,0,0,0,0,0,0,0,0,0,inf,inf,0,0,0,0,0,0,0,0,0,0,0,0,0,0,0,0
1,table_under_pick,74,qpFreeGate,0,0,0,0,0,0,0,0,0,inf,inf,0,0,0,0,0,0,0,0,0,0,0,0,0,0,0,0
1,table_under_pick,74,qpFreeEnvelope,0,0,0,0,0,0,0,0,0,inf,inf,0,0,0,0,0,0,0,0,0,0,0,0,0,0,0,0
1,table_under_pick,74,qpEnvelope,0,0,0,0,0,0,0,0,0,inf,inf,0,0,0,0,0,0,0,0,0,0,0,0,0,0,0,0
1,table_under_pick,81,isSafe,1,1,0.0111444,3153,17,17.5184,10,877,0,0.00380697,0.00249477,0,0,0,0,67,14,0.253731,0,0,0,0,0,0,0,0,0
1,table_under_pick,81,qpFixed,1,1,0.0337264,4906,35,18.4445,1507,1507,0,0.00157535,0.00249477,0,0,0.00984,0,18,16,1.94444,0,0,0,1,0,0,4906,1279553,4297
1,table_under_pick,81,qpPlain,1,1,0.0357159,4906,35,18.4445,1507,1507,0,0.00157535,0.00249477,0,0,0.00984,0,18,16,1.94444,0,0,0,1,0,0,4906,1682758,4906
1,table_under_pick,81,qpAdaptive,1,1,0.0256502,3460,35,18.4606,1322,1322,0,0.00151957,0.00249477,0,0,0.0139894,0.319653,18,16,1.94444,0,0,0,0.67948,0.316763,0.00375723,3460,906526,3225
1,table_under_pick,81,qpFreeGate,1,1,0.0806138,13972,44,12.1111,1258,1258,0,0.00220841,0.00249477,0,0,0.00386546,0,107,32,0.411215,0,0,0,1,0,0,0,0,0
1,table_under_pick,81,qpFreeEnvelope,1,1,0.0115461,719,36,12.7493,683,683,0,0.00257647,0.00249477,0,0,0.0734115,0.951321,108,31,0.333333,0,0,0,0.0196906,0.834037,0.146273,0,0,0
1,table_under_pick,81,qpEnvelope,1,1,0.0166311,2092,35,25.3835,1747,1747,0,5.10301e-05,0.00249477,0,0,0.0232958,0.175908,18,16,1.94444,0,0,0,0.82218,0.166348,0.0114723,2092,573109,1983
1,table_under_pick,88,isSafe,0,0,0,0,0,0,0,0,0,inf,inf,0,0,0,0,0,0,0,0,0,0,0,0,0,0,0,0
1,table_under_pick,88,qpFixed,0,0,0,0,0,0,0,0,0,inf,inf,0,0,0,0,0,0,0,0,0,0,0,0,0,0,0,0
1,table_under_pick,88,qpPlain,0,0,0,0,0,0,0,0,0,inf,inf,0,0,0,0,0,0,0,0,0,0,0,0,0,0,0,0
1,table_under_pick,88,qpAdaptive,0,0,0,0,0,0,0,0,0,inf,inf,0,0,0,0,0,0,0,0,0,0,0,0,0,0,0,0
1,table_under_pick,88,qpFreeGate,0,0,0,0,0,0,0,0,0,inf,inf,0,0,0,0,0,0,0,0,0,0,0,0,0,0,0,0
1,table_under_pick,88,qpFreeEnvelope,0,0,0,0,0,0,0,0,0,inf,inf,0,0,0,0,0,0,0,0,0,0,0,0,0,0,0,0
1,table_under_pick,88,qpEnvelope,0,0,0,0,0,0,0,0,0,inf,inf,0,0,0,0,0,0,0,0,0,0,0,0,0,0,0,0
1,table_under_pick,95,isSafe,1,1,0.00463269,1330,8,9.99641,6,501,0,0.00360701,0.00249477,0,0,0,0,38,5,0.210526,0,0,0,0,0,0,0,0,0
1,table_under_pick,95,qpFixed,1,1,0.0333687,4864,34,19.1519,1799,1799,0,0.000197138,0.00249477,0,0,0.00998877,0,16,15,2.125,0,0,0,1,0,0,4864,1182556,4474
1,table_under_pick,95,qpPlain,1,1,0.0362676,4864,34,19.1519,1799,1799,0,0.000197138,0.00249477,0,0,0.00998877,0,16,15,2.125,0,0,0,1,0,0,4864,1668352,4864
1,table_under_pick,95,qpAdaptive,1,1,0.0265768,3640,34,19.1526,1629,1629,0,0.000172679,0.00249477,0,0,0.0133576,0.28489,16,15,2.125,0,0,0,0.711538,0.282967,0.00549451,3640,892857,3339
1,table_under_pick,95,qpFreeGate,1,1,0.0359169,6203,16,10.3347,1063,1063,0,0.00352654,0.00249477,0,0,0.00358368,0,54,12,0.296296,0,0,0,1,0,0,0,0,0
1,table_under_pick,95,qpFreeEnvelope,1,1,0.00538968,337,16,10.7323,570,570,0,0.00356196,0.00249477,0,0,0.0662424,0.946588,54,12,0.296296,0,0,0,0.00301205,0.825301,0.171687,0,0,0
1,table_under_pick,95,qpEnvelope,1,1,0.0194709,2523,34,19.1963,1458,1458,0,0.000104785,0.00249477,0,0,0.0192925,0.21086,16,15,2.125,0,0,0,0.786762,0.203726,0.00951249,2523,634000,2260
1,bookshelf_small,2,isSafe,1,0,10.0001,3004263,33533,0,0,0,0,inf,inf,0,0,0,0,312341,33531,0.10736,0,0,0,0,0,0,0,0,0
1,bookshelf_small,2,qpFixed,1,0,10.0014,1609507,3016,0,0,0,0,inf,inf,0,0,0.00536671,0,7572,2907,0.39831,0,0,0,1,0,0,1609507,484231661,1542395
1,bookshelf_small,2,qpPlain,1,0,10.0005,1590775,2978,0,0,0,0,inf,inf,0,0,0.00537116,0,7479,2869,0.398182,0,0,0,1,0,0,1590775,545635825,1590775
1,bookshelf_small,2,qpAdaptive,1,0,10.0002,1490230,3085,0,0,0,0,inf,inf,0,0,0.00595813,0.0620247,7814,2977,0.394804,0,0,0,0.937657,0.061292,0.00105085,1490230,449822394,1475190
1,bookshelf_small,2,qpFreeGate,1,0,10,2051100,3323,0,0,0,0,inf,inf,0,0,0.00229514,0,19234,3319,0.172767,0,0,0,1,0,0,0,0,0
1,bookshelf_small,2,qpFreeEnvelope,1,0,10,594711,31911,0,0,0,0,inf,inf,0,0,0.0494309,0.706718,208532,31908,0.153027,0,0,0,0.00307753,0.864162,0.132761,0,0,0
1,bookshelf_small,2,qpEnvelope,1,0,10.0012,1485560,3209,0,0,0,0,inf,inf,0,0,0.00622876,0.00861157,8178,3101,0.392394,0,0,0,0.991337,0.00756886,0.00109454,1485560,448075660,1480198
1,bookshelf_small,10,isSafe,0,0,0,0,0,0,0,0,0,inf,inf,0,0,0,0,0,0,0,0,0,0,0,0,0,0,0,0
1,bookshelf_small,10,qpFixed,0,0,0,0,0,0,0,0,0,inf,inf,0,0,0,0,0,0,0,0,0,0,0,0,0,0,0,0
1,bookshelf_small,10,qpPlain,0,0,0,0,0,0,0,0,0,inf,inf,0,0,0,0,0,0,0,0,0,0,0,0,0,0,0,0
1,bookshelf_small,10,qpAdaptive,0,0,0,0,0,0,0,0,0,inf,inf,0,0,0,0,0,0,0,0,0,0,0,0,0,0,0,0
1,bookshelf_small,10,qpFreeGate,0,0,0,0,0,0,0,0,0,inf,inf,0,0,0,0,0,0,0,0,0,0,0,0,0,0,0,0
1,bookshelf_small,10,qpFreeEnvelope,0,0,0,0,0,0,0,0,0,inf,inf,0,0,0,0,0,0,0,0,0,0,0,0,0,0,0,0
1,bookshelf_small,10,qpEnvelope,0,0,0,0,0,0,0,0,0,inf,inf,0,0,0,0,0,0,0,0,0,0,0,0,0,0,0,0
1,bookshelf_small,17,isSafe,1,1,0.00504039,2073,12,10.6945,7,536,0,0.00416594,0.00249477,0,0,0,0,28,8,0.428571,0,0,0,0,0,0,0,0,0
1,bookshelf_small,17,qpFixed,1,1,0.00231135,451,6,6.02869,452,452,0,0.00371079,0.00249477,0,0,0.0133674,0,1,1,6,0,0,0,1,0,0,451,118826,175
1,bookshelf_small,17,qpPlain,1,1,0.00254227,451,6,6.02869,452,452,0,0.00371079,0.00249477,0,0,0.0133674,0,1,1,6,0,0,0,1,0,0,451,154693,451
1,bookshelf_small,17,qpAdaptive,1,1,0.000971268,168,6,6.03579,388,388,0,0.00370896,0.00249477,0,0,0.0359273,0.827381,1,1,6,0,0,0,0.160714,0.815476,0.0238095,168,47717,64
1,bookshelf_small,17,qpFreeGate,1,1,0.017028,3551,13,11.4619,1012,1012,0,0.00418118,0.00249477,0,0,0.00493807,0,28,9,0.464286,0,0,0,1,0,0,0,0,0
1,bookshelf_small,17,qpFreeEnvelope,1,1,0.0027961,240,12,15.2151,782,782,0,0.00418254,0.00249477,0,0,0.0792377,0.933333,28,8,0.428571,0,0,0,0.0627615,0.824268,0.112971,0,0,0
1,bookshelf_small,17,qpEnvelope,1,1,0.000473274,58,6,6.03961,331,331,0,0.00370753,0.00249477,0,0,0.104131,0.655172,1,1,6,0,0,0,0.327586,0.603448,0.0689655,58,17049,37
1,bookshelf_small,25,isSafe,1,1,0.0085973,3525,19,18.8689,11,945,0,0.00277971,0.00249477,0,0,0,0,117,15,0.162393,0,0,0,0,0,0,0,0,0
1,bookshelf_small,25,qpFixed,1,1,0.0358854,5890,37,17.2606,1478,1478,0,0.000359967,0.00249477,0,0,0.00913775,0,18,15,2.05556,0,0,0,1,0,0,5890,1669140,5172
1,bookshelf_small,25,qpPlain,1,1,0.0373525,5890,37,17.2606,1478,1478,0,0.000359967,0.00249477,0,0,0.00913775,0,18,15,2.05556,0,0,0,1,0,0,5890,2020270,5890
1,bookshelf_small,25,qpAdaptive,1,1,0.0277394,4158,37,17.2769,1261,1261,0,0.000337117,0.00249477,0,0,0.012947,0.25012,18,15,2.05556,0,0,0,0.747475,0.246032,0.00649351,4158,1163679,3963
1,bookshelf_small,25,qpFreeGate,1,1,0.0233449,4870,19,17.383,1504,1504,0,0.00132139,0.00249477,0,0,0.00612018,0,30,14,0.633333,0,0,0,1,0,0,0,0,0
1,bookshelf_small,25,qpFreeEnvelope,1,1,0.00441301,367,24,12.8716,683,683,0,0.00118199,0.00249477,0,0,0.101198,0.956403,43,18,0.55814,0,0,0,0.0138889,0.852778,0.133333,0,0,0
1,bookshelf_small,25,qpEnvelope,1,1,0.0439055,6136,67,28.7131,1771,1771,0,7.56941e-05,0.00249477,0,0,0.0185892,0.123859,43,34,1.55814,0,0,0,0.875652,0.114407,0.00994133,6136,1723406,6015
1,bookshelf_small,33,isSafe,0,0,0,0,0,0,0,0,0,inf,inf,0,0,0,0,0,0,0,0,0,0,0,0,0,0,0,0
1,bookshelf_small,33,qpFixed,0,0,0,0,0,0,0,0,0,inf,inf,0,0,0,0,0,0,0,0,0,0,0,0,0,0,0,0
1,bookshelf_small,33,qpPlain,0,0,0,0,0,0,0,0,0,inf,inf,0,0,0,0,0,0,0,0,0,0,0,0,0,0,0,0
1,bookshelf_small,33,qpAdaptive,0,0,0,0,0,0,0,0,0,inf,inf,0,0,0,0,0,0,0,0,0,0,0,0,0,0,0,0
1,bookshelf_small,33,qpFreeGate,0,0,0,0,0,0,0,0,0,inf,inf,0,0,0,0,0,0,0,0,0,0,0,0,0,0,0,0
1,bookshelf_small,33,qpFreeEnvelope,0,0,0,0,0,0,0,0,0,inf,inf,0,0,0,0,0,0,0,0,0,0,0,0,0,0,0,0
1,bookshelf_small,33,qpEnvelope,0,0,0,0,0,0,0,0,0,inf,inf,0,0,0,0,0,0,0,0,0,0,0,0,0,0,0,0
1,bookshelf_small,40,isSafe,0,0,0,0,0,0,0,0,0,inf,inf,0,0,0,0,0,0,0,0,0,0,0,0,0,0,0,0
1,bookshelf_small,40,qpFixed,0,0,0,0,0,0,0,0,0,inf,inf,0,0,0,0,0,0,0,0,0,0,0,0,0,0,0,0
1,bookshelf_small,40,qpPlain,0,0,0,0,0,0,0,0,0,inf,inf,0,0,0,0,0,0,0,0,0,0,0,0,0,0,0,0
1,bookshelf_small,40,qpAdaptive,0,0,0,0,0,0,0,0,0,inf,inf,0,0,0,0,0,0,0,0,0,0,0,0,0,0,0,0
1,bookshelf_small,40,qpFreeGate,0,0,0,0,0,0,0,0,0,inf,inf,0,0,0,0,0,0,0,0,0,0,0,0,0,0,0,0
1,bookshelf_small,40,qpFreeEnvelope,0,0,0,0,0,0,0,0,0,inf,inf,0,0,0,0,0,0,0,0,0,0,0,0,0,0,0,0
1,bookshelf_small,40,qpEnvelope,0,0,0,0,0,0,0,0,0,inf,inf,0,0,0,0,0,0,0,0,0,0,0,0,0,0,0,0
1,bookshelf_small,47,isSafe,0,0,0,0,0,0,0,0,0,inf,inf,0,0,0,0,0,0,0,0,0,0,0,0,0,0,0,0
1,bookshelf_small,47,qpFixed,0,0,0,0,0,0,0,0,0,inf,inf,0,0,0,0,0,0,0,0,0,0,0,0,0,0,0,0
1,bookshelf_small,47,qpPlain,0,0,0,0,0,0,0,0,0,inf,inf,0,0,0,0,0,0,0,0,0,0,0,0,0,0,0,0
1,bookshelf_small,47,qpAdaptive,0,0,0,0,0,0,0,0,0,inf,inf,0,0,0,0,0,0,0,0,0,0,0,0,0,0,0,0
1,bookshelf_small,47,qpFreeGate,0,0,0,0,0,0,0,0,0,inf,inf,0,0,0,0,0,0,0,0,0,0,0,0,0,0,0,0
1,bookshelf_small,47,qpFreeEnvelope,0,0,0,0,0,0,0,0,0,inf,inf,0,0,0,0,0,0,0,0,0,0,0,0,0,0,0,0
1,bookshelf_small,47,qpEnvelope,0,0,0,0,0,0,0,0,0,inf,inf,0,0,0,0,0,0,0,0,0,0,0,0,0,0,0,0
1,bookshelf_small,54,isSafe,1,1,0.0066093,2699,14,9.25369,6,464,0,0.00213104,0.00249477,0,0,0,0,88,10,0.159091,0,0,0,0,0,0,0,0,0
1,bookshelf_small,54,qpFixed,1,1,0.00406667,708,7,8.13572,709,709,0,0.00112548,0.00249477,0,0,0.0114911,0,1,1,7,0,0,0,1,0,0,708,200079,318
1,bookshelf_small,54,qpPlain,1,1,0.00438266,708,7,8.13572,709,709,0,0.00112548,0.00249477,0,0,0.0114911,0,1,1,7,0,0,0,1,0,0,708,242844,708
1,bookshelf_small,54,qpAdaptive,1,1,0.00263624,382,7,8.13572,591,591,0,0.00112548,0.00249477,0,0,0.0212977,0.120419,1,1,7,0,0,0,0.879581,0.112565,0.0078534,382,107244,318
1,bookshelf_small,54,qpFreeGate,1,1,0.0391606,8218,35,16.7645,1522,1522,0,0.00213104,0.00249477,0,0,0.00539162,0,72,26,0.486111,0,0,0,1,0,0,0,0,0
1,bookshelf_small,54,qpFreeEnvelope,1,1,0.00602116,479,27,11.0278,579,579,0,0.00213104,0.00249477,0,0,0.0941468,0.951983,78,23,0.346154,0,0,0,0.0147059,0.831933,0.153361,0,0,0
1,bookshelf_small,54,qpEnvelope,1,1,0.00208352,281,7,8.13616,543,543,0,0.00113407,0.00249477,0,0,0.0289543,0.0960854,1,1,7,0,0,0,0.903915,0.0854093,0.0106762,281,79205,256
1,bookshelf_small,61,isSafe,1,1,0.00273602,1128,8,8.82531,6,443,0,0.00409488,0.00249477,0,0,0,0,6,4,1.33333,0,0,0,0,0,0,0,0,0
1,bookshelf_small,61,qpFixed,1,1,0.00224963,467,5,5.91076,468,468,0,0.0043885,0.00249477,0,0,0.0126569,0,1,1,5,0,0,0,1,0,0,467,110886,116
1,bookshelf_small,61,qpPlain,1,1,0.0026452,467,5,5.91076,468,468,0,0.0043885,0.00249477,0,0,0.0126569,0,1,1,5,0,0,0,1,0,0,467,160181,467
1,bookshelf_small,61,qpAdaptive,1,1,0.000485142,84,5,5.91008,336,336,0,0.0043885,0.00249477,0,0,0.0703581,0.821429,1,1,5,0,0,0,0.166667,0.797619,0.0357143,84,20903,48
1,bookshelf_small,61,qpFreeGate,1,1,0.00526989,1111,8,7.11706,682,682,0,0.00369223,0.00249477,0,0,0.0085062,0,4,3,2,0,0,0,1,0,0,0,0,0
1,bookshelf_small,61,qpFreeEnvelope,1,1,0.000759457,66,8,7.23788,380,380,0,0.0010427,0.00249477,0,0,0.146269,0.924242,4,3,2,0,0,0,0.0757576,0.818182,0.106061,0,0,0
1,bookshelf_small,61,qpEnvelope,1,1,0.000279496,30,5,5.90766,312,312,0,0.0043885,0.00249477,0,0,0.196922,0.933333,1,1,5,0,0,0,0.0666667,0.833333,0.1,30,7606,16
1,bookshelf_small,68,isSafe,0,0,0,0,0,0,0,0,0,inf,inf,0,0,0,0,0,0,0,0,0,0,0,0,0,0,0,0
1,bookshelf_small,68,qpFixed,0,0,0,0,0,0,0,0,0,inf,inf,0,0,0,0,0,0,0,0,0,0,0,0,0,0,0,0
1,bookshelf_small,68,qpPlain,0,0,0,0,0,0,0,0,0,inf,inf,0,0,0,0,0,0,0,0,0,0,0,0,0,0,0,0
1,bookshelf_small,68,qpAdaptive,0,0,0,0,0,0,0,0,0,inf,inf,0,0,0,0,0,0,0,0,0,0,0,0,0,0,0,0
1,bookshelf_small,68,qpFreeGate,0,0,0,0,0,0,0,0,0,inf,inf,0,0,0,0,0,0,0,0,0,0,0,0,0,0,0,0
1,bookshelf_small,68,qpFreeEnvelope,0,0,0,0,0,0,0,0,0,inf,inf,0,0,0,0,0,0,0,0,0,0,0,0,0,0,0,0
1,bookshelf_small,68,qpEnvelope,0,0,0,0,0,0,0,0,0,inf,inf,0,0,0,0,0,0,0,0,0,0,0,0,0,0,0,0
1,bookshelf_small,75,isSafe,1,1,0.00471685,1932,12,12.6001,8,632,0,0.005202,0.00249477,0,0,0,0,20,7,0.6,0,0,0,0,0,0,0,0,0
1,bookshelf_small,75,qpFixed,1,1,0.00750932,1271,11,15.1437,1144,1144,0,0.000556567,0.00249477,0,0,0.0126037,0,3,3,3.66667,0,0,0,1,0,0,1271,328457,1104
1,bookshelf_small,75,qpPlain,1,1,0.00807781,1271,11,15.1437,1144,1144,0,0.000556567,0.00249477,0,0,0.0126037,0,3,3,3.66667,0,0,0,1,0,0,1271,435953,1271
1,bookshelf_small,75,qpAdaptive,1,1,0.00612936,938,11,15.1516,1050,1050,0,0.00055993,0.00249477,0,0,0.017089,0.260128,3,3,3.66667,0,0,0,0.739872,0.255864,0.00426439,938,244490,910
1,bookshelf_small,75,qpFreeGate,1,1,0.0154482,3271,21,13.4343,1307,1307,0,0.00108101,0.00249477,0,0,0.00605805,0,20,9,1.05,0,0,0,1,0,0,0,0,0
1,bookshelf_small,75,qpFreeEnvelope,1,1,0.00272557,251,20,12.9745,690,690,0,0.00343529,0.00249477,0,0,0.0702112,0.972112,20,7,1,0,0,0,0.0159363,0.85259,0.131474,0,0,0
1,bookshelf_small,75,qpEnvelope,1,1,0.0038487,555,11,15.1871,917,917,0,0.000600456,0.00249477,0,0,0.0288871,0.192793,3,3,3.66667,0,0,0,0.807207,0.181982,0.0108108,555,139897,544
1,bookshelf_small,82,isSafe,0,0,0,0,0,0,0,0,0,inf,inf,0,0,0,0,0,0,0,0,0,0,0,0,0,0,0,0
1,bookshelf_small,82,qpFixed,0,0,0,0,0,0,0,0,0,inf,inf,0,0,0,0,0,0,0,0,0,0,0,0,0,0,0,0
1,bookshelf_small,82,qpPlain,0,0,0,0,0,0,0,0,0,inf,inf,0,0,0,0,0,0,0,0,0,0,0,0,0,0,0,0
1,bookshelf_small,82,qpAdaptive,0,0,0,0,0,0,0,0,0,inf,inf,0,0,0,0,0,0,0,0,0,0,0,0,0,0,0,0
1,bookshelf_small,82,qpFreeGate,0,0,0,0,0,0,0,0,0,inf,inf,0,0,0,0,0,0,0,0,0,0,0,0,0,0,0,0
1,bookshelf_small,82,qpFreeEnvelope,0,0,0,0,0,0,0,0,0,inf,inf,0,0,0,0,0,0,0,0,0,0,0,0,0,0,0,0
1,bookshelf_small,82,qpEnvelope,0,0,0,0,0,0,0,0,0,inf,inf,0,0,0,0,0,0,0,0,0,0,0,0,0,0,0,0
1,bookshelf_small,90,isSafe,0,0,0,0,0,0,0,0,0,inf,inf,0,0,0,0,0,0,0,0,0,0,0,0,0,0,0,0
1,bookshelf_small,90,qpFixed,0,0,0,0,0,0,0,0,0,inf,inf,0,0,0,0,0,0,0,0,0,0,0,0,0,0,0,0
1,bookshelf_small,90,qpPlain,0,0,0,0,0,0,0,0,0,inf,inf,0,0,0,0,0,0,0,0,0,0,0,0,0,0,0,0
1,bookshelf_small,90,qpAdaptive,0,0,0,0,0,0,0,0,0,inf,inf,0,0,0,0,0,0,0,0,0,0,0,0,0,0,0,0
1,bookshelf_small,90,qpFreeGate,0,0,0,0,0,0,0,0,0,inf,inf,0,0,0,0,0,0,0,0,0,0,0,0,0,0,0,0
1,bookshelf_small,90,qpFreeEnvelope,0,0,0,0,0,0,0,0,0,inf,inf,0,0,0,0,0,0,0,0,0,0,0,0,0,0,0,0
1,bookshelf_small,90,qpEnvelope,0,0,0,0,0,0,0,0,0,inf,inf,0,0,0,0,0,0,0,0,0,0,0,0,0,0,0,0
1,bookshelf_small,97,isSafe,0,0,0,0,0,0,0,0,0,inf,inf,0,0,0,0,0,0,0,0,0,0,0,0,0,0,0,0
1,bookshelf_small,97,qpFixed,0,0,0,0,0,0,0,0,0,inf,inf,0,0,0,0,0,0,0,0,0,0,0,0,0,0,0,0
1,bookshelf_small,97,qpPlain,0,0,0,0,0,0,0,0,0,inf,inf,0,0,0,0,0,0,0,0,0,0,0,0,0,0,0,0
1,bookshelf_small,97,qpAdaptive,0,0,0,0,0,0,0,0,0,inf,inf,0,0,0,0,0,0,0,0,0,0,0,0,0,0,0,0
1,bookshelf_small,97,qpFreeGate,0,0,0,0,0,0,0,0,0,inf,inf,0,0,0,0,0,0,0,0,0,0,0,0,0,0,0,0
1,bookshelf_small,97,qpFreeEnvelope,0,0,0,0,0,0,0,0,0,inf,inf,0,0,0,0,0,0,0,0,0,0,0,0,0,0,0,0
1,bookshelf_small,97,qpEnvelope,0,0,0,0,0,0,0,0,0,inf,inf,0,0,0,0,0,0,0,0,0,0,0,0,0,0,0,0
1,box,4,isSafe,1,1,0.00872868,3645,21,14.0129,9,702,0,0.00687155,0.00249477,0,0,0,0,57,16,0.368421,0,0,0,0,0,0,0,0,0
1,box,4,qpFixed,1,1,0.00274733,503,7,6.48343,504,504,0,0.000848286,0.00249477,0,0,0.0128895,0,1,1,7,0,0,0,1,0,0,503,137058,273
1,box,4,qpPlain,1,1,0.00293539,503,7,6.48343,504,504,0,0.000848286,0.00249477,0,0,0.0128895,0,1,1,7,0,0,0,1,0,0,503,172529,503
1,box,4,qpAdaptive,1,1,0.00233637,375,10,8.60574,510,510,0,0.0105197,0.00249477,0,0,0.0322623,0.645333,3,3,3.33333,0,0,0,0.344,0.634667,0.0213333,375,107654,298
1,box,4,qpFreeGate,1,1,0.0518414,11083,37,16.2835,1769,1769,0,0.00470896,0.00249477,0,0,0.00466669,0,71,27,0.521127,0,0,0,1,0,0,0,0,0
1,box,4,qpFreeEnvelope,1,1,0.0118191,993,48,11.4503,595,595,0,0.0136524,0.00249477,0,0,0.0757125,0.958711,124,41,0.387097,0,0,0,0.0262892,0.826087,0.147624,0,0,0
1,box,4,qpEnvelope,1,1,0.00527365,674,29,10.8409,582,582,0,0.00952674,0.00249477,0,0,0.0476418,0.485163,9,9,3.22222,0,0,0,0.508902,0.451039,0.0400593,674,173063,645
1,box,11,isSafe,1,1,0.00490664,2051,12,13.8585,8,694,0,0.0108283,0.00249477,0,0,0,0,28,9,0.428571,0,0,0,0,0,0,0,0,0
1,box,11,qpFixed,1,1,0.0176548,3069,29,11.286,898,898,0,0.0270653,0.00249477,0,0,0.0110524,0,10,10,2.9,0,0,0,1,0,0,3069,810800,2546
1,box,11,qpPlain,1,1,0.0187715,3069,29,11.286,898,898,0,0.0270653,0.00249477,0,0,0.0110524,0,10,10,2.9,0,0,0,1,0,0,3069,1052667,3069
1,box,11,qpAdaptive,1,1,0.0112323,1758,29,11.2596,718,718,0,0.027304,0.00249477,0,0,0.0192973,0.346985,10,10,2.9,0,0,0,0.649033,0.339022,0.0119454,1758,477955,1591
1,box,11,qpFreeGate,1,1,0.05765,12298,40,11.2068,1215,1215,0,0.00684627,0.00249477,0,0,0.00454207,0,71,32,0.56338,0,0,0,1,0,0,0,0,0
1,box,11,qpFreeEnvelope,1,1,0.00902085,763,54,26.0566,1372,1372,0,0.000173136,0.00249477,0,0,0.090393,0.91481,95,38,0.568421,0,0,0,0.0551905,0.814717,0.130092,0,0,0
1,box,11,qpEnvelope,1,1,0.00817131,1156,26,11.2597,635,635,0,0.0261179,0.00249477,0,0,0.0295821,0.176471,10,10,2.6,0,0,0,0.820069,0.16263,0.017301,1156,316200,1109
1,box,18,isSafe,1,1,0.00446392,1856,11,11.8442,7,594,0,0.00727344,0.00249477,0,0,0,0,16,8,0.6875,0,0,0,0,0,0,0,0,0
1,box,18,qpFixed,1,1,0.00293677,536,6,6.49198,546,546,0,0.00104135,0.00249477,0,0,0.0121119,0,1,1,6,0,0,0,1,0,0,536,149513,278
1,box,18,qpPlain,1,1,0.00311045,536,6,6.49198,546,546,0,0.00104135,0.00249477,0,0,0.0121119,0,1,1,6,0,0,0,1,0,0,536,183848,536
1,box,18,qpAdaptive,1,1,0.00172434,266,6,6.49181,425,425,0,0.00103459,0.00249477,0,0,0.0244053,0.383459,1,1,6,0,0,0,0.612782,0.37218,0.0150376,266,77052,244
1,box,18,qpFreeGate,1,1,0.080524,17231,50,13.6747,1331,1331,0,0.00304961,0.00249477,0,0,0.0048109,0,105,43,0.47619,0,0,0,1,0,0,0,0,0
1,box,18,qpFreeEnvelope,1,1,0.00165377,135,13,7.11366,373,373,0,0.010101,0.00249477,0,0,0.13331,0.992593,16,9,0.8125,0,0,0,0,0.814815,0.185185,0,0,0
1,box,18,qpEnvelope,1,1,0.000882237,110,6,6.49495,383,383,0,0.000931198,0.00249477,0,0,0.059045,0.609091,1,1,6,0,0,0,0.390909,0.572727,0.0363636,110,32481,98
1,box,25,isSafe,1,1,0.00826525,3461,19,10.9592,7,549,0,0.00170429,0.00249477,0,0,0,0,83,15,0.228916,0,0,0,0,0,0,0,0,0
1,box,25,qpFixed,1,1,0.00304783,614,6,6.96242,615,615,0,0.00104833,0.00249477,0,0,0.0113394,0,1,1,6,0,0,0,1,0,0,614,143175,274
1,box,25,qpPlain,1,1,0.00351444,614,6,6.96242,615,615,0,0.00104833,0.00249477,0,0,0.0113394,0,1,1,6,0,0,0,1,0,0,614,210602,614
1,box,25,qpAdaptive,1,1,0.000956144,159,6,6.96634,414,414,0,0.000949526,0.00249477,0,0,0.0438135,0.522013,1,1,6,0,0,0,0.471698,0.503145,0.0251572,159,40297,134
1,box,25,qpFreeGate,1,1,0.0452827,9812,32,15.4824,1397,1397,0,0.0213121,0.00249477,0,0,0.00485338,0,55,21,0.581818,0,0,0,1,0,0,0,0,0
1,box,25,qpFreeEnvelope,1,1,0.00774464,668,41,18.7872,1004,1004,0,0.00243288,0.00249477,0,0,0.0857134,0.923653,91,27,0.450549,0,0,0,0.0383436,0.831288,0.130368,0,0,0
1,box,25,qpEnvelope,1,1,0.000691663,100,6,6.97293,393,393,0,0.000606133,0.00249477,0,0,0.0697293,0.35,1,1,6,0,0,0,0.65,0.31,0.04,100,25277,88
1,box,32,isSafe,1,1,0.0139208,5852,30,5.93509,4,298,0,0.0240114,0.00249477,0,0,0,0,116,27,0.258621,0,0,0,0,0,0,0,0,0
1,box,32,qpFixed,1,1,0.00203336,407,6,5.36066,408,408,0,0.0192199,0.00249477,0,0,0.0131712,0,1,1,6,0,0,0,1,0,0,407,95259,185
1,box,32,qpPlain,1,1,0.00231402,407,6,5.36066,408,408,0,0.0192199,0.00249477,0,0,0.0131712,0,1,1,6,0,0,0,1,0,0,407,139601,407
1,box,32,qpAdaptive,1,1,0.000513042,76,6,5.36707,302,302,0,0.0188266,0.00249477,0,0,0.0706193,1,1,1,6,0,0,0,0,0.947368,0.0526316,76,19948,61
1,box,32,qpFreeGate,1,1,0.0876573,19009,54,18.3303,1792,1792,0,0.00793839,0.00249477,0,0,0.00432448,0,115,42,0.469565,0,0,0,1,0,0,0,0,0
1,box,32,qpFreeEnvelope,1,1,0.00774217,722,35,14.4776,772,772,0,0.000540789,0.00249477,0,0,0.0738689,0.811634,67,26,0.522388,0,0,0,0.168524,0.733983,0.097493,0,0,0
1,box,32,qpEnvelope,1,1,0.00029038,29,6,5.38978,288,288,0,0.0163329,0.00249477,0,0,0.185854,1,1,1,6,0,0,0,0,0.862069,0.137931,29,7874,21
1,box,39,isSafe,1,1,0.00899179,3754,19,8.66948,6,435,0,0.0310982,0.00249477,0,0,0,0,63,15,0.301587,0,0,0,0,0,0,0,0,0
1,box,39,qpFixed,1,1,0.0104091,1876,18,12.9056,1037,1037,0,0.00344127,0.00249477,0,0,0.0121226,0,5,5,3.6,0,0,0,1,0,0,1876,459218,1599
1,box,39,qpPlain,1,1,0.0113133,1876,18,12.9056,1037,1037,0,0.00344127,0.00249477,0,0,0.0121226,0,5,5,3.6,0,0,0,1,0,0,1876,643468,1876
1,box,39,qpAdaptive,1,1,0.00498998,808,18,13.0065,825,825,0,0.00287389,0.00249477,0,0,0.0283423,0.470297,5,5,3.6,0,0,0,0.522277,0.456683,0.0210396,808,198934,769
1,box,39,qpFreeGate,1,1,0.00889266,1914,12,8.18599,789,789,0,0.0236861,0.00249477,0,0,0.00676004,0,9,5,1.33333,0,0,0,1,0,0,0,0,0
1,box,39,qpFreeEnvelope,1,1,0.00183633,158,15,12.0666,647,647,0,0.00179902,0.00249477,0,0,0.121777,0.898734,15,7,1,0,0,0,0.0822785,0.810127,0.107595,0,0,0
1,box,39,qpEnvelope,1,1,0.00410042,611,15,13.3551,813,813,0,0.000236221,0.00249477,0,0,0.0374703,0.243863,5,5,3,0,0,0,0.754501,0.225859,0.0196399,611,140629,585
1,box,46,isSafe,1,1,0.00981559,4131,22,17.4847,10,876,0,0.0151148,0.00249477,0,0,0,0,91,18,0.241758,0,0,0,0,0,0,0,0,0
1,box,46,qpFixed,1,1,0.00320382,648,7,7.84327,569,569,0,0.00667528,0.00249477,0,0,0.0129637,0,2,2,3.5,0,0,0,1,0,0,648,163599,286
1,box,46,qpPlain,1,1,0.00357219,648,7,7.84327,569,569,0,0.00667528,0.00249477,0,0,0.0129637,0,2,2,3.5,0,0,0,1,0,0,648,222264,648
1,box,46,qpAdaptive,1,1,0.00105622,179,7,7.84407,437,437,0,0.00547739,0.00249477,0,0,0.0469324,0.536313,2,2,3.5,0,0,0,0.452514,0.519553,0.027933,179,49822,144
1,box,46,qpFreeGate,1,1,0.0140197,3003,15,10.4129,1199,1199,0,0.00489925,0.00249477,0,0,0.00540546,0,13,7,1.15385,0,0,0,1,0,0,0,0,0
1,box,46,qpFreeEnvelope,1,1,0.00156109,126,15,11.678,617,617,0,0.000443049,0.00249477,0,0,0.126463,0.936508,13,8,1.15385,0,0,0,0.0243902,0.837398,0.138211,0,0,0
1,box,46,qpEnvelope,1,1,0.000748331,110,7,7.85117,413,413,0,0.00241392,0.00249477,0,0,0.0764339,0.309091,2,2,3.5,0,0,0,0.690909,0.263636,0.0454545,110,30511,98
1,box,53,isSafe,1,1,0.00140648,587,5,5.82687,4,293,0,0.0175458,0.00249477,0,0,0,0,1,1,5,0,0,0,0,0,0,0,0,0
1,box,53,qpFixed,1,1,0.00219826,415,11,5.69953,416,416,0,0.0155335,0.00249477,0,0,0.0137338,0,1,1,11,0,0,0,1,0,0,415,118596,191
1,box,53,qpPlain,1,1,0.00237403,415,11,5.69953,416,416,0,0.0155335,0.00249477,0,0,0.0137338,0,1,1,11,0,0,0,1,0,0,415,142345,415
1,box,53,qpAdaptive,1,1,0.000532129,88,11,5.71318,331,331,0,0.0158116,0.00249477,0,0,0.0649225,0.965909,1,1,11,0,0,0,0,0.897727,0.102273,88,25966,47
1,box,53,qpFreeGate,1,1,0.0023881,508,7,5.61256,509,509,0,0.00516907,0.00249477,0,0,0.0110483,0,1,1,7,0,0,0,1,0,0,0,0,0
1,box,53,qpFreeEnvelope,1,1,0.000518371,44,10,5.70862,306,306,0,0.0106565,0.00249477,0,0,0.129741,0.954545,1,1,10,0,0,0,0,0.818182,0.181818,0,0,0
1,box,53,qpEnvelope,1,1,0.000863463,72,15,7.24337,378,378,0,0.0168688,0.00249477,0,0,0.233739,1,4,4,3.75,0,0,0,0,0.777778,0.222222,72,21201,46
1,box,60,isSafe,1,1,0.00436412,1831,11,9.55832,6,479,0,0.000515166,0.00249477,0,0,0,0,28,8,0.392857,0,0,0,0,0,0,0,0,0
1,box,60,qpFixed,1,1,0.00173716,333,6,4.89457,334,334,0,0.00287583,0.00249477,0,0,0.0146984,0,1,1,6,0,0,0,1,0,0,333,82622,156
1,box,60,qpPlain,1,1,0.00192613,333,6,4.89457,334,334,0,0.00287583,0.00249477,0,0,0.0146984,0,1,1,6,0,0,0,1,0,0,333,114219,333
1,box,60,qpAdaptive,1,1,0.00105592,172,6,4.89491,300,300,0,0.00289293,0.00249477,0,0,0.0284588,0.197674,1,1,6,0,0,0,0.802326,0.180233,0.0174419,172,43268,152
1,box,60,qpFreeGate,1,1,0.0810819,17443,40,18.8374,1741,1741,0,0.00380807,0.00249477,0,0,0.00375665,0,115,31,0.347826,0,0,0,1,0,0,0,0,0
1,box,60,qpFreeEnvelope,1,1,0.00623069,540,26,12.7476,675,675,0,0.00908498,0.00249477,0,0,0.0719935,0.962963,65,19,0.4,0,0,0,0.00373832,0.86729,0.128972,0,0,0
1,box,60,qpEnvelope,1,1,0.000753099,104,6,4.89693,283,283,0,0.00302426,0.00249477,0,0,0.0470859,0.326923,1,1,6,0,0,0,0.653846,0.307692,0.0384615,104,26697,94
1,box,67,isSafe,1,1,0.00227413,949,7,9.32355,6,468,0,0.0301231,0.00249477,0,0,0,0,4,3,1.75,0,0,0,0,0,0,0,0,0
1,box,67,qpFixed,1,1,0.00686711,1274,9,9.38978,694,694,0,0.0815546,0.00249477,0,0,0.0111678,0,4,3,2.25,0,0,0,1,0,0,1274,333404,718
1,box,67,qpPlain,1,1,0.0074623,1274,9,9.38978,694,694,0,0.0815546,0.00249477,0,0,0.0111678,0,4,3,2.25,0,0,0,1,0,0,1274,436982,1274
1,box,67,qpAdaptive,1,1,0.00298933,475,9,9.3952,509,509,0,0.0813751,0.00249477,0,0,0.0299352,0.454737,4,3,2.25,0,0,0,0.545263,0.44,0.0147368,475,122635,426
1,box,67,qpFreeGate,1,1,0.00540207,1141,9,9.37625,750,750,0,0.0383884,0.00249477,0,0,0.0090405,0,4,3,2.25,0,0,0,1,0,0,0,0,0
1,box,67,qpFreeEnvelope,1,1,0.000553768,41,9,9.37935,487,487,0,0.0353701,0.00249477,0,0,0.252236,0.97561,4,3,2.25,0,0,0,0,0.756098,0.243902,0,0,0
1,box,67,qpEnvelope,1,1,0.00201199,283,9,9.40102,482,482,0,0.0765376,0.00249477,0,0,0.050112,0.194346,4,3,2.25,0,0,0,0.805654,0.169611,0.024735,283,72254,267
1,box,74,isSafe,1,1,0.00597264,2487,14,13.8702,8,695,0,0.0227388,0.00249477,0,0,0,0,25,9,0.56,0,0,0,0,0,0,0,0,0
1,box,74,qpFixed,1,1,0.00299547,582,6,6.85091,583,583,0,0.00158136,0.00249477,0,0,0.0117713,0,1,1,6,0,0,0,1,0,0,582,160884,207
1,box,74,qpPlain,1,1,0.00327145,582,6,6.85091,583,583,0,0.00158136,0.00249477,0,0,0.0117713,0,1,1,6,0,0,0,1,0,0,582,199626,582
1,box,74,qpAdaptive,1,1,0.00130471,210,6,6.85126,448,448,0,0.00157631,0.00249477,0,0,0.032625,0.366667,1,1,6,0,0,0,0.633333,0.352381,0.0142857,210,60286,168
1,box,74,qpFreeGate,1,1,0.013531,2874,14,11.5191,1069,1069,0,0.00256015,0.00249477,0,0,0.00663359,0,14,8,1,0,0,0,1,0,0,0,0,0
1,box,74,qpFreeEnvelope,1,1,0.00348003,299,23,16.4016,847,847,0,0.000310105,0.00249477,0,0,0.115835,0.913043,25,15,0.92,0,0,0,0.0769231,0.789298,0.133779,0,0,0
1,box,74,qpEnvelope,1,1,0.000749589,96,6,6.85334,399,399,0,0.00148865,0.00249477,0,0,0.0713889,0.489583,1,1,6,0,0,0,0.5,0.458333,0.0416667,96,27795,75
1,box,81,isSafe,1,1,0.0052416,2189,13,13.3281,8,668,0,0.0591796,0.00249477,0,0,0,0,16,8,0.8125,0,0,0,0,0,0,0,0,0
1,box,81,qpFixed,1,1,0.00530457,1049,12,9.89051,685,685,0,0.00440293,0.00249477,0,0,0.0122876,0,3,3,4,0,0,0,1,0,0,1049,255872,450
1,box,81,qpPlain,1,1,0.00598873,1049,12,9.89051,685,685,0,0.00440293,0.00249477,0,0,0.0122876,0,3,3,4,0,0,0,1,0,0,1049,359807,1049
1,box,81,qpAdaptive,1,1,0.00208647,341,11,9.89069,565,565,0,0.00442234,0.00249477,0,0,0.0377532,0.472141,3,3,3.66667,0,0,0,0.524927,0.44868,0.026393,341,87836,270
1,box,81,qpFreeGate,1,1,0.017076,3655,17,14.0782,1309,1309,0,0.0102469,0.00249477,0,0,0.00702343,0,16,9,1.0625,0,0,0,1,0,0,0,0,0
1,box,81,qpFreeEnvelope,1,1,0.00200168,159,22,14.493,770,770,0,0.00315965,0.00249477,0,0,0.161521,0.955975,16,9,1.375,0,0,0,0.0188679,0.773585,0.207547,0,0,0
1,box,81,qpEnvelope,1,1,0.00138807,192,12,9.89433,528,528,0,0.00418574,0.00249477,0,0,0.0670765,0.286458,3,3,4,0,0,0,0.713542,0.229167,0.0572917,192,49998,158
1,box,88,isSafe,1,1,0.0023911,1001,7,9.85186,6,494,0,0.00240669,0.00249477,0,0,0,0,6,3,1.16667,0,0,0,0,0,0,0,0,0
1,box,88,qpFixed,1,1,0.00247837,470,6,6.46916,471,471,0,0.00309865,0.00249477,0,0,0.0137642,0,1,1,6,0,0,0,1,0,0,470,129511,206
1,box,88,qpPlain,1,1,0.0026739,470,6,6.46916,471,471,0,0.00309865,0.00249477,0,0,0.0137642,0,1,1,6,0,0,0,1,0,0,470,161210,470
1,box,88,qpAdaptive,1,1,0.000774917,122,6,6.47281,382,382,0,0.00294774,0.00249477,0,0,0.0530558,0.598361,1,1,6,0,0,0,0.393443,0.57377,0.0327869,122,36322,101
1,box,88,qpFreeGate,1,1,0.0159236,3389,26,11.6132,1367,1367,0,0.00064342,0.00249477,0,0,0.00613269,0,16,11,1.625,0,0,0,1,0,0,0,0,0
1,box,88,qpFreeEnvelope,1,1,0.00216138,192,16,18.5017,971,971,0,0.00677749,0.00249477,0,0,0.115425,0.989583,13,8,1.23077,0,0,0,0,0.869792,0.130208,0,0,0
1,box,88,qpEnvelope,1,1,0.00055041,66,6,6.48665,356,356,0,0.00248724,0.00249477,0,0,0.0982825,0.590909,1,1,6,0,0,0,0.409091,0.530303,0.0606061,66,19612,58
1,box,95,isSafe,1,1,0.0127988,5365,29,14.0839,9,706,0,0.0270424,0.00249477,0,0,0,0,100,25,0.29,0,0,0,0,0,0,0,0,0
1,box,95,qpFixed,1,1,0.00571063,1054,18,11.9423,932,932,0,0.00561212,0.00249477,0,0,0.0121549,0,3,3,6,0,0,0,1,0,0,1054,313206,621
1,box,95,qpPlain,1,1,0.00592371,1054,18,11.9423,932,932,0,0.00561212,0.00249477,0,0,0.0121549,0,3,3,6,0,0,0,1,0,0,1054,361522,1054
1,box,95,qpAdaptive,1,1,0.00141716,230,14,11.9535,669,669,0,0.00486059,0.00249477,0,0,0.0553538,0.617391,3,3,4.66667,0,0,0,0.382609,0.569565,0.0478261,230,68967,209
1,box,95,qpFreeGate,1,1,0.0212409,4548,19,10.6777,1315,1315,0,0.0043927,0.00249477,0,0,0.00443784,0,25,12,0.76,0,0,0,1,0,0,0,0,0
1,box,95,qpFreeEnvelope,1,1,0.00725674,676,28,19.5565,1045,1045,0,0.000875708,0.00249477,0,0,0.06193,0.897929,61,21,0.459016,0,0,0,0.0964392,0.796736,0.106825,0,0,0
1,box,95,qpEnvelope,1,1,0.00102928,137,14,11.9788,634,634,0,0.00302364,0.00249477,0,0,0.0929117,0.452555,3,3,4.66667,0,0,0,0.540146,0.379562,0.080292,137,40977,124
1,table_pick,2,isSafe,1,1,0.0246831,7051,35,15.9949,9,801,0,0.00374715,0.00249477,0,0,0,0,144,32,0.243056,0,0,0,0,0,0,0,0,0
1,table_pick,2,qpFixed,1,1,0.00448635,644,7,8.51213,645,645,0,0.0013689,0.00249477,0,0,0.0132176,0,1,1,7,0,0,0,1,0,0,644,173082,498
1,table_pick,2,qpPlain,1,1,0.00469151,644,7,8.51213,645,645,0,0.0013689,0.00249477,0,0,0.0132176,0,1,1,7,0,0,0,1,0,0,644,220892,644
1,table_pick,2,qpAdaptive,1,1,0.00321091,413,7,8.52851,594,594,0,0.0013544,0.00249477,0,0,0.0206501,0.25908,1,1,7,0,0,0,0.738499,0.251816,0.00968523,413,111597,395
1,table_pick,2,qpFreeGate,1,1,0.0941742,16288,46,20.3697,1502,1502,0,0.00364472,0.00249477,0,0,0.00488193,0,144,42,0.319444,0,0,0,1,0,0,0,0,0
1,table_pick,2,qpFreeEnvelope,1,1,0.0164454,1061,45,20.602,1068,1068,0,0.00362898,0.00249477,0,0,0.0737265,0.97361,144,41,0.3125,0,0,0,0.00474834,0.887939,0.107312,0,0,0
1,table_pick,2,qpEnvelope,1,1,0.00186866,213,7,8.56269,535,535,0,0.0013326,0.00249477,0,0,0.0402004,0.516432,1,1,7,0,0,0,0.483568,0.492958,0.0234742,213,57795,207
1,table_pick,9,isSafe,1,1,0.008842,2516,15,9.83988,6,493,0,0.000586029,0.00249477,0,0,0,0,42,11,0.357143,0,0,0,0,0,0,0,0,0
1,table_pick,9,qpFixed,1,1,0.00398404,635,7,8.26024,636,636,0,0.000743368,0.00249477,0,0,0.0130082,0,1,1,7,0,0,0,1,0,0,635,163062,216
1,table_pick,9,qpPlain,1,1,0.00437209,635,7,8.26024,636,636,0,0.000743368,0.00249477,0,0,0.0130082,0,1,1,7,0,0,0,1,0,0,635,217805,635
1,table_pick,9,qpAdaptive,1,1,0.00162501,205,7,8.26066,510,510,0,0.000743368,0.00249477,0,0,0.0402959,0.292683,1,1,7,0,0,0,0.707317,0.268293,0.0243902,205,60180,175
1,table_pick,9,qpFreeGate,1,1,0.0713427,12173,34,13.6509,1547,1547,0,0.000707955,0.00249477,0,0,0.00398134,0,81,28,0.419753,0,0,0,1,0,0,0,0,0
1,table_pick,9,qpFreeEnvelope,1,1,0.00974733,619,39,11.9372,664,664,0,0.00069722,0.00249477,0,0,0.0768435,0.924071,74,24,0.527027,0,0,0,0.0488599,0.809446,0.141694,0,0,0
1,table_pick,9,qpEnvelope,1,1,0.00143868,163,7,8.26204,493,493,0,0.000725474,0.00249477,0,0,0.0506874,0.239264,1,1,7,0,0,0,0.754601,0.214724,0.0306748,163,47729,147
1,table_pick,16,isSafe,1,1,0.0106475,3027,15,5.17535,4,260,0,0.00336751,0.00249477,0,0,0,0,55,12,0.272727,0,0,0,0,0,0,0,0,0
1,table_pick,16,qpFixed,1,1,0.00234789,394,6,5.98752,395,395,0,0.0040128,0.00249477,0,0,0.0151968,0,1,1,6,0,0,0,1,0,0,394,101151,61
1,table_pick,16,qpPlain,1,1,0.00259954,394,6,5.98752,395,395,0,0.0040128,0.00249477,0,0,0.0151968,0,1,1,6,0,0,0,1,0,0,394,135142,394
1,table_pick,16,qpAdaptive,1,1,0.000444265,61,6,5.98836,331,331,0,0.0040128,0.00249477,0,0,0.0981698,0.704918,1,1,6,0,0,0,0.295082,0.639344,0.0655738,61,17062,35
1,table_pick,16,qpFreeGate,1,1,0.0737707,12641,33,5.49415,536,536,0,0.000631676,0.00249477,0,0,0.0046024,0,138,30,0.23913,0,0,0,1,0,0,0,0,0
1,table_pick,16,qpFreeEnvelope,1,1,0.00617915,376,23,5.29825,299,299,0,0.000577702,0.00249477,0,0,0.0807457,0.954787,58,16,0.396552,0,0,0,0.0268097,0.852547,0.120643,0,0,0
1,table_pick,16,qpEnvelope,1,1,0.000383629,35,6,5.99152,318,318,0,0.00406209,0.00249477,0,0,0.171186,0.885714,1,1,6,0,0,0,0.114286,0.771429,0.114286,35,9897,23
1,table_pick,23,isSafe,1,1,0.0035923,1023,7,9.32098,6,468,0,0.00237873,0.00249477,0,0,0,0,10,2,0.7,0,0,0,0,0,0,0,0,0
1,table_pick,23,qpFixed,1,1,0.00361851,632,7,8.01738,633,633,0,0.00278807,0.00249477,0,0,0.0126857,0,1,1,7,0,0,0,1,0,0,632,145929,98
1,table_pick,23,qpPlain,1,1,0.00419392,632,7,8.01738,633,633,0,0.00278807,0.00249477,0,0,0.0126857,0,1,1,7,0,0,0,1,0,0,632,216776,632
1,table_pick,23,qpAdaptive,1,1,0.000516134,73,7,8.0186,435,435,0,0.00278807,0.00249477,0,0,0.109844,0.780822,1,1,7,0,0,0,0.219178,0.712329,0.0684932,73,19198,41
1,table_pick,23,qpFreeGate,1,1,0.0451705,7841,24,10.4351,819,819,0,0.00178534,0.00249477,0,0,0.00483379,0,60,20,0.4,0,0,0,1,0,0,0,0,0
1,table_pick,23,qpFreeEnvelope,1,1,0.00869112,569,33,16.7178,884,884,0,0.000366177,0.00249477,0,0,0.0813631,0.973638,59,20,0.559322,0,0,0,0.0193322,0.866432,0.114236,0,0,0
1,table_pick,23,qpEnvelope,1,1,0.000359279,39,7,8.02204,421,421,0,0.00278807,0.00249477,0,0,0.205693,0.74359,1,1,7,0,0,0,0.25641,0.615385,0.128205,39,10138,25
1,table_pick,30,isSafe,1,1,0.0545217,15485,74,14.8613,9,745,0,0.00471586,0.00249477,0,0,0,0,398,71,0.18593,0,0,0,0,0,0,0,0,0
1,table_pick,30,qpFixed,1,1,0.00302622,437,12,5.21022,438,438,0,0.000719657,0.00249477,0,0,0.0119227,0,1,1,12,0,0,0,1,0,0,437,112184,355
1,table_pick,30,qpPlain,1,1,0.00317764,437,12,5.21022,438,438,0,0.000719657,0.00249477,0,0,0.0119227,0,1,1,12,0,0,0,1,0,0,437,149891,437
1,table_pick,30,qpAdaptive,1,1,0.00188016,237,12,5.23072,379,379,0,0.00068782,0.00249477,0,0,0.0220706,0.434599,1,1,12,0,0,0,0.540084,0.421941,0.0379747,237,64410,224
1,table_pick,30,qpFreeGate,1,1,0.0380324,6570,28,9.7861,1006,1006,0,0.00162213,0.00249477,0,0,0.00590521,0,68,21,0.411765,0,0,0,1,0,0,0,0,0
1,table_pick,30,qpFreeEnvelope,1,1,0.00779068,468,29,18.5538,982,982,0,0.00158336,0.00249477,0,0,0.0931118,0.989316,71,19,0.408451,0,0,0,0.00429185,0.851931,0.143777,0,0,0
1,table_pick,30,qpEnvelope,1,1,0.00272992,302,17,9.29146,553,553,0,0.00060875,0.00249477,0,0,0.0538083,0.31457,4,4,4.25,0,0,0,0.678808,0.271523,0.0496689,302,85856,274
1,table_pick,37,isSafe,1,1,0.00710395,2010,10,13.5044,8,677,0,0.0010532,0.00249477,0,0,0,0,34,5,0.294118,0,0,0,0,0,0,0,0,0
1,table_pick,37,qpFixed,1,1,0.00418352,702,8,9.09835,703,703,0,0.00363524,0.00249477,0,0,0.0129606,0,1,1,8,0,0,0,1,0,0,702,167530,226
1,table_pick,37,qpPlain,1,1,0.00468513,702,8,9.09835,703,703,0,0.00363524,0.00249477,0,0,0.0129606,0,1,1,8,0,0,0,1,0,0,702,240786,702
1,table_pick,37,qpAdaptive,1,1,0.000697509,97,10,9.11453,509,509,0,0.00364327,0.00249477,0,0,0.0939642,0.742268,1,1,10,0,0,0,0.237113,0.680412,0.0824742,97,25877,66
1,table_pick,37,qpFreeGate,1,1,0.0482634,8397,26,14.4836,1233,1233,0,0.00503808,0.00249477,0,0,0.00506564,0,92,23,0.282609,0,0,0,1,0,0,0,0,0
1,table_pick,37,qpFreeEnvelope,1,1,0.00950991,577,31,13.5439,704,704,0,0.00503808,0.00249477,0,0,0.0889899,0.961872,92,27,0.336957,0,0,0,0.0157343,0.854895,0.129371,0,0,0
1,table_pick,37,qpEnvelope,1,1,0.00089752,90,16,12.6523,674,674,0,0.00362711,0.00249477,0,0,0.172003,0.811111,3,3,5.33333,0,0,0,0.144444,0.677778,0.177778,90,24621,71
1,table_pick,44,isSafe,1,1,0.0148512,4204,21,11.1783,7,560,0,0.00412382,0.00249477,0,0,0,0,74,17,0.283784,0,0,0,0,0,0,0,0,0
1,table_pick,44,qpFixed,1,1,0.00306185,543,6,6.14474,544,544,0,0.00371027,0.00249477,0,0,0.0113163,0,1,1,6,0,0,0,1,0,0,543,118783,104
1,table_pick,44,qpPlain,1,1,0.00360237,543,6,6.14474,544,544,0,0.00371027,0.00249477,0,0,0.0113163,0,1,1,6,0,0,0,1,0,0,543,186249,543
1,table_pick,44,qpAdaptive,1,1,0.000551386,79,6,6.15407,353,353,0,0.00371027,0.00249477,0,0,0.0778996,0.759494,1,1,6,0,0,0,0.240506,0.708861,0.0506329,79,19045,54
1,table_pick,44,qpFreeGate,1,1,0.0442588,7612,29,8.21228,660,660,0,0.00404238,0.00249477,0,0,0.0060286,0,74,25,0.391892,0,0,0,1,0,0,0,0,0
1,table_pick,44,qpFreeEnvelope,1,1,0.00787319,469,29,8.35925,437,437,0,0.00406651,0.00249477,0,0,0.0973326,0.972281,74,25,0.391892,0,0,0,0.00646552,0.877155,0.116379,0,0,0
1,table_pick,44,qpEnvelope,1,1,0.000373812,40,6,6.16393,330,330,0,0.0037495,0.00249477,0,0,0.154098,0.925,1,1,6,0,0,0,0.075,0.825,0.1,40,9565,30
1,table_pick,51,isSafe,1,1,0.00707523,1986,11,11.8384,7,593,0,0.00170084,0.00249477,0,0,0,0,16,7,0.6875,0,0,0,0,0,0,0,0,0
1,table_pick,51,qpFixed,1,1,0.00372545,630,6,7.20077,631,631,0,0.00280706,0.00249477,0,0,0.0114298,0,1,1,6,0,0,0,1,0,0,630,148696,217
1,table_pick,51,qpPlain,1,1,0.00421579,630,6,7.20077,631,631,0,0.00280706,0.00249477,0,0,0.0114298,0,1,1,6,0,0,0,1,0,0,630,216090,630
1,table_pick,51,qpAdaptive,1,1,0.000900837,128,6,7.20103,425,425,0,0.00280706,0.00249477,0,0,0.056258,0.679688,1,1,6,0,0,0,0.304688,0.664062,0.03125,128,33264,99
1,table_pick,51,qpFreeGate,1,1,0.0131914,2290,12,7.44768,715,715,0,0.00115088,0.00249477,0,0,0.00781823,0,16,7,0.75,0,0,0,1,0,0,0,0,0
1,table_pick,51,qpFreeEnvelope,1,1,0.00223487,137,12,7.46147,402,402,0,0.0011792,0.00249477,0,0,0.130368,0.941606,16,7,0.75,0,0,0,0.0510949,0.854015,0.0948905,0,0,0
1,table_pick,51,qpEnvelope,1,1,0.000522569,58,6,7.20151,391,391,0,0.00269336,0.00249477,0,0,0.124164,0.844828,1,1,6,0,0,0,0.137931,0.793103,0.0689655,58,15339,46
1,table_pick,58,isSafe,1,1,0.0131171,3745,20,11.1372,7,558,0,0.00248067,0.00249477,0,0,0,0,88,17,0.227273,0,0,0,0,0,0,0,0,0
1,table_pick,58,qpFixed,1,1,0.00263613,436,6,5.13649,437,437,0,0.00222555,0.00249477,0,0,0.0117809,0,1,1,6,0,0,0,1,0,0,436,104039,132
1,table_pick,58,qpPlain,1,1,0.00297701,436,6,5.13649,437,437,0,0.00222555,0.00249477,0,0,0.0117809,0,1,1,6,0,0,0,1,0,0,436,149548,436
1,table_pick,58,qpAdaptive,1,1,0.000780472,103,6,5.1435,323,323,0,0.00222555,0.00249477,0,0,0.0499368,0.524272,1,1,6,0,0,0,0.466019,0.495146,0.038835,103,27130,79
1,table_pick,58,qpFreeGate,1,1,0.0864655,15018,48,11.3557,1284,1284,0,0.00512461,0.00249477,0,0,0.00400471,0,152,34,0.315789,0,0,0,1,0,0,0,0,0
1,table_pick,58,qpFreeEnvelope,1,1,0.0143944,893,43,11.0809,587,587,0,0.00512461,0.00249477,0,0,0.0675341,0.964166,152,33,0.282895,0,0,0,0,0.860544,0.139456,0,0,0
1,table_pick,58,qpEnvelope,1,1,0.000522647,52,6,5.17502,290,290,0,0.002156,0.00249477,0,0,0.0995197,0.634615,1,1,6,0,0,0,0.365385,0.557692,0.0769231,52,13748,42
1,table_pick,65,isSafe,1,1,0.00349122,1004,7,9.91624,6,497,0,0.00306144,0.00249477,0,0,0,0,4,2,1.75,0,0,0,0,0,0,0,0,0
1,table_pick,65,qpFixed,1,1,0.00406205,696,7,9.43235,697,697,0,0.00220677,0.00249477,0,0,0.0135522,0,1,1,7,0,0,0,1,0,0,696,163974,165
1,table_pick,65,qpPlain,1,1,0.00460781,696,7,9.43235,697,697,0,0.00220677,0.00249477,0,0,0.0135522,0,1,1,7,0,0,0,1,0,0,696,238728,696
1,table_pick,65,qpAdaptive,1,1,0.00085025,118,7,9.43401,529,529,0,0.00220677,0.00249477,0,0,0.0799492,0.474576,1,1,7,0,0,0,0.525424,0.432203,0.0423729,118,31295,88
1,table_pick,65,qpFreeGate,1,1,0.00547042,943,9,10.7411,795,795,0,0.00292394,0.00249477,0,0,0.0114252,0,4,3,2.25,0,0,0,1,0,0,0,0,0
1,table_pick,65,qpFreeEnvelope,1,1,0.000845301,53,8,10.8125,560,560,0,0.00292771,0.00249477,0,0,0.204994,0.962264,4,3,2,0,0,0,0.0377358,0.811321,0.150943,0,0,0
1,table_pick,65,qpEnvelope,1,1,0.000661464,74,7,9.43598,509,509,0,0.00216921,0.00249477,0,0,0.127513,0.445946,1,1,7,0,0,0,0.554054,0.378378,0.0675676,74,19593,60
1,table_pick,72,isSafe,1,1,0.00641572,1840,11,11.6381,7,583,0,0.00120346,0.00249477,0,0,0,0,20,7,0.55,0,0,0,0,0,0,0,0,0
1,table_pick,72,qpFixed,1,1,0.00357278,631,6,7.10289,632,632,0,0.00412107,0.00249477,0,0,0.0112566,0,1,1,6,0,0,0,1,0,0,631,146108,114
1,table_pick,72,qpPlain,1,1,0.00414115,631,6,7.10289,632,632,0,0.00412107,0.00249477,0,0,0.0112566,0,1,1,6,0,0,0,1,0,0,631,216433,631
1,table_pick,72,qpAdaptive,1,1,0.000725788,104,6,7.10288,403,403,0,0.00412107,0.00249477,0,0,0.0682969,0.701923,1,1,6,0,0,0,0.298077,0.663462,0.0384615,104,26886,78
1,table_pick,72,qpFreeGate,1,1,0.015353,2676,14,8.73931,793,793,0,0.000997634,0.00249477,0,0,0.00716368,0,20,9,0.7,0,0,0,1,0,0,0,0,0
1,table_pick,72,qpFreeEnvelope,1,1,0.00271616,173,13,8.79052,473,473,0,0.00099448,0.00249477,0,0,0.112437,0.971098,20,9,0.65,0,0,0,0.0231214,0.878613,0.0982659,0,0,0
1,table_pick,72,qpEnvelope,1,1,0.000504055,55,6,7.10295,380,380,0,0.00412155,0.00249477,0,0,0.129145,0.981818,1,1,6,0,0,0,0.0181818,0.909091,0.0727273,55,14393,42
1,table_pick,79,isSafe,1,1,0.0336806,9540,47,17.842,11,894,0,0.00246523,0.00249477,0,0,0,0,199,41,0.236181,0,0,0,0,0,0,0,0,0
1,table_pick,79,qpFixed,1,1,0.00239394,401,5,5.0238,402,402,0,0.0023944,0.00249477,0,0,0.0125282,0,1,1,5,0,0,0,1,0,0,401,99499,96
1,table_pick,79,qpPlain,1,1,0.00267913,401,5,5.0238,402,402,0,0.0023944,0.00249477,0,0,0.0125282,0,1,1,5,0,0,0,1,0,0,401,137543,401
1,table_pick,79,qpAdaptive,1,1,0.00057985,75,5,5.02512,292,292,0,0.0023944,0.00249477,0,0,0.0670016,0.373333,1,1,5,0,0,0,0.626667,0.333333,0.04,75,22386,60
1,table_pick,79,qpFreeGate,1,1,0.132508,22682,64,17.3818,1204,1204,0,0.00360796,0.00249477,0,0,0.00481543,0,199,58,0.321608,0,0,0,1,0,0,0,0,0
1,table_pick,79,qpFreeEnvelope,1,1,0.0217736,1336,61,17.5827,902,902,0,0.00337605,0.00249477,0,0,0.0808876,0.968563,199,55,0.306533,0,0,0,0.0075358,0.853052,0.139412,0,0,0
1,table_pick,79,qpEnvelope,1,1,0.000476898,52,5,5.029,278,278,0,0.0023778,0.00249477,0,0,0.0967115,0.346154,1,1,5,0,0,0,0.653846,0.288462,0.0576923,52,15437,44
1,table_pick,86,isSafe,1,1,0.0406291,11578,57,8.91411,6,447,0,0.000183789,0.00249477,0,0,0,0,269,54,0.211896,0,0,0,0,0,0,0,0,0
1,table_pick,86,qpFixed,1,1,0.00187894,325,5,5.42531,326,326,0,0.00477592,0.00249477,0,0,0.0166933,0,1,1,5,0,0,0,1,0,0,325,77932,26
1,table_pick,86,qpPlain,1,1,0.00214316,325,5,5.42531,326,326,0,0.00477592,0.00249477,0,0,0.0166933,0,1,1,5,0,0,0,1,0,0,325,111475,325
1,table_pick,86,qpAdaptive,1,1,0.000410889,58,5,5.42531,291,291,0,0.00477592,0.00249477,0,0,0.0935399,0.413793,1,1,5,0,0,0,0.586207,0.362069,0.0517241,58,16287,26
1,table_pick,86,qpFreeGate,1,1,0.055551,9584,28,9.31012,810,810,0,0.00506866,0.00249477,0,0,0.00500519,0,81,23,0.345679,0,0,0,1,0,0,0,0,0
1,table_pick,86,qpFreeEnvelope,1,1,0.00953134,607,28,9.29869,505,505,0,0.0020884,0.00249477,0,0,0.078333,0.953871,81,23,0.345679,0,0,0,0.0182724,0.863787,0.11794,0,0,0
1,table_pick,86,qpEnvelope,1,1,0.000355525,38,5,5.42533,293,293,0,0.00477592,0.00249477,0,0,0.142772,0.710526,1,1,5,0,0,0,0.289474,0.631579,0.0789474,38,10785,22
1,table_pick,93,isSafe,1,1,0.00619457,1768,11,11.07,7,555,0,0.00499274,0.00249477,0,0,0,0,26,7,0.423077,0,0,0,0,0,0,0,0,0
1,table_pick,93,qpFixed,1,1,0.00818318,1237,10,9.18559,694,694,0,0.00372019,0.00249477,0,0,0.0112999,0,2,2,5,0,0,0,1,0,0,1237,319698,596
1,table_pick,93,qpPlain,1,1,0.0088572,1237,10,9.18559,694,694,0,0.00372019,0.00249477,0,0,0.0112999,0,2,2,5,0,0,0,1,0,0,1237,424291,1237
1,table_pick,93,qpAdaptive,1,1,0.00469771,576,10,9.18628,489,489,0,0.00372019,0.00249477,0,0,0.0242685,0.182292,2,2,5,0,0,0,0.817708,0.173611,0.00868056,576,169797,542
1,table_pick,93,qpFreeGate,1,1,0.0210652,3654,15,12.3453,1138,1138,0,0.00499274,0.00249477,0,0,0.00557035,0,27,11,0.555556,0,0,0,1,0,0,0,0,0
1,table_pick,93,qpFreeEnvelope,1,1,0.00412055,247,19,13.4228,697,697,0,0.00477265,0.00249477,0,0,0.115891,0.963563,33,14,0.575758,0,0,0,0.00406504,0.853659,0.142276,0,0,0
1,table_pick,93,qpEnvelope,1,1,0.00389338,446,10,9.18796,479,479,0,0.00372019,0.00249477,0,0,0.031363,0.107623,2,2,5,0,0,0,0.892377,0.0941704,0.0134529,446,131369,432
1,table_pick,100,isSafe,1,1,0.00719067,2068,12,13.94,8,699,0,0.000176614,0.00249477,0,0,0,0,19,9,0.631579,0,0,0,0,0,0,0,0,0
1,table_pick,100,qpFixed,1,1,0.00379886,659,6,7.95707,660,660,0,0.00237436,0.00249477,0,0,0.0120745,0,1,1,6,0,0,0,1,0,0,659,160804,64
1,table_pick,100,qpPlain,1,1,0.00432006,659,6,7.95707,660,660,0,0.00237436,0.00249477,0,0,0.0120745,0,1,1,6,0,0,0,1,0,0,659,226037,659
1,table_pick,100,qpAdaptive,1,1,0.000680533,94,6,7.95708,442,442,0,0.00237436,0.00249477,0,0,0.0846498,0.43617,1,1,6,0,0,0,0.56383,0.393617,0.0425532,94,26477,60
1,table_pick,100,qpFreeGate,1,1,0.0213321,3674,18,17.9417,1443,1443,0,0.00167774,0.00249477,0,0,0.00735774,0,21,10,0.857143,0,0,0,1,0,0,0,0,0
1,table_pick,100,qpFreeEnvelope,1,1,0.00175037,105,11,14.1239,733,733,0,0.00178722,0.00249477,0,0,0.149274,0.971429,11,7,1,0,0,0,0.0285714,0.819048,0.152381,0,0,0
1,table_pick,100,qpEnvelope,1,1,0.000502029,57,6,7.95698,425,425,0,0.00234337,0.00249477,0,0,0.139596,0.421053,1,1,6,0,0,0,0.578947,0.350877,0.0701754,57,15847,43
1,cage,7,isSafe,1,1,1.83487,662638,5269,29.3497,17,1469,0,0.000311303,0.00249477,0,0,0,0,51718,5265,0.101879,0,0,0,0,0,0,0,0,0
1,cage,7,qpFixed,1,1,0.171706,27163,129,26.2202,2122,2122,0,9.34779e-06,0.00249477,0,0,0.00841208,0,109,80,1.18349,0,0,0,1,0,0,27163,7374690,25320
1,cage,7,qpPlain,1,1,0.179716,27163,129,26.2202,2122,2122,0,9.34779e-06,0.00249477,0,0,0.00841208,0,109,80,1.18349,0,0,0,1,0,0,27163,9316909,27163
1,cage,7,qpAdaptive,1,1,0.139016,20117,129,26.2247,1881,1881,0,9.39615e-06,0.00249477,0,0,0.0113717,0.231098,109,78,1.18349,0,0,0,0.767609,0.22901,0.00338023,20117,5505938,19816
1,cage,7,qpFreeGate,1,1,1.57012,318198,528,20.6277,2398,2398,0,0.00392517,0.00249477,0,0,0.00287156,0,2721,503,0.194046,0,0,0,1,0,0,0,0,0
1,cage,7,qpFreeEnvelope,1,1,0.481788,38998,1206,35.5273,1831,1831,0,0.00155359,0.00249477,0,0,0.0454326,0.886097,6898,1174,0.174833,0,0,0,0.0447256,0.844213,0.111061,0,0,0
1,cage,7,qpEnvelope,1,1,0.112961,15618,127,26.2882,1725,1725,0,8.27421e-06,0.00249477,0,0,0.0145362,0.114035,109,77,1.16514,0,0,0,0.885133,0.109489,0.00537841,15618,4252881,15510
1,cage,14,isSafe,1,1,2.18608,777450,6348,23.0147,14,1152,0,0.00858023,0.00249477,0,0,0,0,63519,6345,0.0999386,0,0,0,0,0,0,0,0,0
1,cage,14,qpFixed,1,1,0.0889042,14199,81,23.7739,2161,2161,0,0.000632792,0.00249477,0,0,0.00907472,0,51,41,1.58824,0,0,0,1,0,0,14199,3816691,12879
1,cage,14,qpPlain,1,1,0.0930963,14199,81,23.7739,2161,2161,0,0.000632792,0.00249477,0,0,0.00907472,0,51,41,1.58824,0,0,0,1,0,0,14199,4870257,14199
1,cage,14,qpAdaptive,1,1,0.0651291,9573,82,25.5978,1930,1930,0,6.86559e-05,0.00249477,0,0,0.0133602,0.289773,51,41,1.60784,0,0,0,0.707929,0.286222,0.00584979,9573,2603510,9325
1,cage,14,qpFreeGate,1,1,0.387518,78194,144,20.332,2693,2693,0,0.00143451,0.00249477,0,0,0.00328706,0,627,129,0.229665,0,0,0,1,0,0,0,0,0
1,cage,14,qpFreeEnvelope,1,1,0.612802,48102,1444,26.1022,1421,1421,0,0.00174814,0.00249477,0,0,0.0450482,0.891688,9058,1404,0.159417,0,0,0,0.0349577,0.849459,0.115583,0,0,0
1,cage,14,qpEnvelope,1,1,0.111276,15508,146,26.2413,1717,1717,0,6.38754e-05,0.00249477,0,0,0.015768,0.136252,111,76,1.31532,0,0,0,0.862265,0.130191,0.00754449,15508,4193247,14881
1,cage,21,isSafe,1,1,0.11729,44410,241,22.8348,13,1143,0,0.00774802,0.00249477,0,0,0,0,2074,238,0.116201,0,0,0,0,0,0,0,0,0
1,cage,21,qpFixed,1,1,0.197643,30553,128,20.999,1814,1814,0,0.000489,0.00249477,0,0,0.00814167,0,123,78,1.04065,0,0,0,1,0,0,30553,8434870,28417
1,cage,21,qpPlain,1,1,0.205572,30553,128,20.999,1814,1814,0,0.000489,0.00249477,0,0,0.00814167,0,123,78,1.04065,0,0,0,1,0,0,30553,10479679,30553
1,cage,21,qpAdaptive,1,1,0.152266,21579,127,20.132,1360,1360,0,0.000267723,0.00249477,0,0,0.0116579,0.275407,123,78,1.03252,0,0,0,0.722832,0.273275,0.00389267,21579,5969084,21301
1,cage,21,qpFreeGate,1,1,4.08178,822520,1242,26.8055,2649,2649,0,0.0023135,0.00249477,0,0,0.00247073,0,7067,1197,0.175746,0,0,0,1,0,0,0,0,0
1,cage,21,qpFreeEnvelope,1,1,0.160042,13226,414,29.4495,1568,1568,0,1.76053e-05,0.00249477,0,0,0.0513906,0.878421,2037,385,0.20324,0,0,0,0.0696563,0.817769,0.112575,0,0,0
1,cage,21,qpEnvelope,1,1,0.120303,16034,129,20.3069,1242,1242,0,0.000247992,0.00249477,0,0,0.0157322,0.20338,123,77,1.04878,0,0,0,0.795435,0.197643,0.00692279,16034,4439948,15935
1,cage,28,isSafe,1,1,1.51998,552556,4228,32.2147,20,1612,0,0.0053331,0.00249477,0,0,0,0,39579,4223,0.106824,0,0,0,0,0,0,0,0,0
1,cage,28,qpFixed,1,1,0.112834,18470,85,25.9591,2313,2313,0,8.33563e-05,0.00249477,0,0,0.00848956,0,73,48,1.16438,0,0,0,1,0,0,18470,4743462,16501
1,cage,28,qpPlain,1,1,0.121133,18470,85,25.9591,2313,2313,0,8.33563e-05,0.00249477,0,0,0.00848956,0,73,48,1.16438,0,0,0,1,0,0,18470,6335210,18470
1,cage,28,qpAdaptive,1,1,0.0889175,13311,85,25.9684,1774,1774,0,8.16971e-05,0.00249477,0,0,0.0118065,0.223124,73,48,1.16438,0,0,0,0.775449,0.22072,0.00383142,13311,3417239,13094
1,cage,28,qpFreeGate,1,1,1.18615,241898,411,20.6704,2131,2131,0,0.00889702,0.00249477,0,0,0.00302785,0,1942,394,0.211637,0,0,0,1,0,0,0,0,0
1,cage,28,qpFreeEnvelope,1,1,0.220986,18152,567,24.8026,1289,1289,0,0.000305589,0.00249477,0,0,0.0526142,0.891031,2926,542,0.19378,0,0,0,0.053516,0.831726,0.114758,0,0,0
1,cage,28,qpEnvelope,1,1,0.0737666,10499,85,26.0144,1574,1574,0,7.29935e-05,0.00249477,0,0,0.0150777,0.168206,73,48,1.16438,0,0,0,0.830651,0.162587,0.00676255,10499,2696442,10413
1,cage,35,isSafe,1,1,0.458283,172747,1085,17.8879,11,896,0,0.00331503,0.00249477,0,0,0,0,9220,1081,0.117679,0,0,0,0,0,0,0,0,0
1,cage,35,qpFixed,1,1,0.132359,21639,103,12.3496,1007,1007,0,0.000647865,0.00249477,0,0,0.00847474,0,85,61,1.21176,0,0,0,1,0,0,21639,5691314,19144
1,cage,35,qpPlain,1,1,0.140928,21639,103,12.3496,1007,1007,0,0.000647865,0.00249477,0,0,0.00847474,0,85,61,1.21176,0,0,0,1,0,0,21639,7422177,21639
1,cage,35,qpAdaptive,1,1,0.0802755,11910,89,22.1223,1558,1558,0,6.66208e-05,0.00249477,0,0,0.0130955,0.31016,71,53,1.25352,0,0,0,0.688471,0.306995,0.00453439,11910,3165766,11684
1,cage,35,qpFreeGate,1,1,1.1569,236708,410,26.6593,2922,2922,0,0.00331503,0.00249477,0,0,0.00307943,0,1915,391,0.214099,0,0,0,1,0,0,0,0,0
1,cage,35,qpFreeEnvelope,1,1,0.392351,31290,984,29.8908,1608,1608,0,0.000125985,0.00249477,0,0,0.0497812,0.908213,5362,957,0.183514,0,0,0,0.0373237,0.840485,0.122192,0,0,0
1,cage,35,qpEnvelope,1,1,0.0223623,3042,47,25.7637,1579,1579,0,0.00015699,0.00249477,0,0,0.024219,0.282709,28,23,1.67857,0,0,0,0.715319,0.270546,0.0141354,3042,820131,2938
1,cage,42,isSafe,1,1,0.298827,113220,656,22.4923,13,1126,0,0.00540623,0.00249477,0,0,0,0,5712,653,0.114846,0,0,0,0,0,0,0,0,0
1,cage,42,qpFixed,1,1,0.031091,5087,33,20.6285,1732,1732,0,0.000451087,0.00249477,0,0,0.00977702,0,17,14,1.94118,0,0,0,1,0,0,5087,1329159,4295
1,cage,42,qpPlain,1,1,0.0331235,5087,33,20.6285,1732,1732,0,0.000451087,0.00249477,0,0,0.00977702,0,17,14,1.94118,0,0,0,1,0,0,5087,1744841,5087
1,cage,42,qpAdaptive,1,1,0.0211572,3139,33,20.6281,1386,1386,0,0.000415591,0.00249477,0,0,0.0158819,0.297547,17,14,1.94118,0,0,0,0.700542,0.293406,0.00605288,3139,819704,3038
1,cage,42,qpFreeGate,1,1,3.11386,632466,1073,22.3624,2138,2138,0,0.00351261,0.00249477,0,0,0.00280532,0,5823,1043,0.184269,0,0,0,1,0,0,0,0,0
1,cage,42,qpFreeEnvelope,1,1,0.0321684,2573,119,15.602,834,834,0,1.7009e-06,0.00249477,0,0,0.083081,0.896619,402,110,0.29602,0,0,0,0.0534591,0.812107,0.134434,0,0,0
1,cage,42,qpEnvelope,1,1,0.0151957,2095,33,20.6318,1194,1194,0,0.000376125,0.00249477,0,0,0.0238557,0.217184,17,14,1.94118,0,0,0,0.780907,0.206683,0.0124105,2095,538397,2063
1,cage,49,isSafe,1,1,0.826248,305737,2133,21.7908,13,1091,0,0.00672655,0.00249477,0,0,0,0,20936,2130,0.101882,0,0,0,0,0,0,0,0,0
1,cage,49,qpFixed,1,1,0.38525,59905,229,17.1517,1278,1278,0,0.00652239,0.00249477,0,0,0.00758509,0,268,150,0.854478,0,0,0,1,0,0,59905,16384090,56041
1,cage,49,qpPlain,1,1,0.402677,59905,229,17.1517,1278,1278,0,0.00652239,0.00249477,0,0,0.00758509,0,268,150,0.854478,0,0,0,1,0,0,59905,20547415,59905
1,cage,49,qpAdaptive,1,1,0.30325,43676,229,17.1524,1089,1089,0,0.00665892,0.00249477,0,0,0.0102962,0.25071,268,145,0.854478,0,0,0,0.747871,0.24897,0.00315963,43676,11895215,42868
1,cage,49,qpFreeGate,1,1,3.08036,623579,969,26.7137,3434,3434,0,0.00294449,0.00249477,0,0,0.00263922,0,5286,932,0.183314,0,0,0,1,0,0,0,0,0
1,cage,49,qpFreeEnvelope,1,1,0.560944,43574,1389,24.3995,1387,1387,0,0.000138133,0.00249477,0,0,0.0474156,0.905815,8276,1351,0.167835,0,0,0,0.0251992,0.844597,0.130204,0,0,0
1,cage,49,qpEnvelope,1,1,0.257323,35306,230,21.3864,1359,1359,0,0.000119434,0.00249477,0,0,0.0132986,0.159576,273,152,0.842491,0,0,0,0.839631,0.154988,0.00538152,35306,9636158,34980
1,cage,56,isSafe,1,1,0.0492349,18725,96,24.5105,14,1227,0,0.0042558,0.00249477,0,0,0,0,747,92,0.128514,0,0,0,0,0,0,0,0,0
1,cage,56,qpFixed,1,1,0.083435,13463,71,13.0592,1065,1065,0,0.000867273,0.00249477,0,0,0.00880881,0,51,38,1.39216,0,0,0,1,0,0,13463,3491069,12058
1,cage,56,qpPlain,1,1,0.0891793,13463,71,13.0592,1065,1065,0,0.000867273,0.00249477,0,0,0.00880881,0,51,38,1.39216,0,0,0,1,0,0,13463,4617809,13463
1,cage,56,qpAdaptive,1,1,0.0629033,9343,71,13.0852,855,855,0,0.000785352,0.00249477,0,0,0.0127187,0.247458,51,38,1.39216,0,0,0,0.750722,0.244568,0.00470941,9343,2422759,9077
1,cage,56,qpFreeGate,1,1,2.04819,414617,676,23.2406,2569,2569,0,0.000587202,0.00249477,0,0,0.00273002,0,3603,640,0.187621,0,0,0,1,0,0,0,0,0
1,cage,56,qpFreeEnvelope,1,1,0.164548,13402,405,24.5657,1287,1287,0,0.000887591,0.00249477,0,0,0.0521306,0.9174,2091,387,0.193687,0,0,0,0.0375694,0.846148,0.116283,0,0,0
1,cage,56,qpEnvelope,1,1,0.0494975,7032,70,15.9143,936,936,0,0.000431895,0.00249477,0,0,0.0171439,0.179181,51,38,1.37255,0,0,0,0.819681,0.172639,0.00767918,7032,1788372,6930
1,cage,63,isSafe,1,1,0.358135,134383,825,11.5317,7,578,0,0.00105617,0.00249477,0,0,0,0,7582,822,0.10881,0,0,0,0,0,0,0,0,0
1,cage,63,qpFixed,1,1,0.0884862,13997,75,16.6561,1391,1391,0,0.000222746,0.00249477,0,0,0.00883399,0,53,41,1.41509,0,0,0,1,0,0,13997,3820331,12756
1,cage,63,qpPlain,1,1,0.0922911,13997,75,16.6561,1391,1391,0,0.000222746,0.00249477,0,0,0.00883399,0,53,41,1.41509,0,0,0,1,0,0,13997,4800971,13997
1,cage,63,qpAdaptive,1,1,0.0622048,8905,75,17.1009,1249,1249,0,0.00154302,0.00249477,0,0,0.0138305,0.342504,53,40,1.41509,0,0,0,0.655587,0.339585,0.00482875,8905,2465750,8633
1,cage,63,qpFreeGate,1,1,2.54852,515327,841,19.2308,2204,2204,0,0.00231607,0.00249477,0,0,0.00274402,0,4332,810,0.194137,0,0,0,1,0,0,0,0,0
1,cage,63,qpFreeEnvelope,1,1,0.29002,22938,744,22.6367,1204,1204,0,0.00128738,0.00249477,0,0,0.0511479,0.910062,3953,713,0.188211,0,0,0,0.034013,0.839596,0.126391,0,0,0
1,cage,63,qpEnvelope,1,1,0.121361,16611,142,17.1574,1008,1008,0,0.00201987,0.00249477,0,0,0.0157568,0.192523,134,85,1.0597,0,0,0,0.806092,0.186744,0.00716393,16611,4443507,16437
1,cage,70,isSafe,1,1,0.686739,255226,1630,14.3945,9,721,0,0.0110472,0.00249477,0,0,0,0,15438,1627,0.105584,0,0,0,0,0,0,0,0,0
1,cage,70,qpFixed,1,1,0.0335592,5313,48,16.9023,1439,1439,0,0.000430733,0.00249477,0,0,0.00998095,0,17,16,2.82353,0,0,0,1,0,0,5313,1513309,4313
1,cage,70,qpPlain,1,1,0.0346523,5313,48,16.9023,1439,1439,0,0.000430733,0.00249477,0,0,0.00998095,0,17,16,2.82353,0,0,0,1,0,0,5313,1822359,5313
1,cage,70,qpAdaptive,1,1,0.0206995,2924,47,16.9431,1136,1136,0,0.000370991,0.00249477,0,0,0.0181521,0.412107,17,16,2.76471,0,0,0,0.581395,0.404241,0.0143639,2924,853538,2740
1,cage,70,qpFreeGate,1,1,1.12068,225966,403,20.2683,1990,1990,0,0.00514943,0.00249477,0,0,0.003117,0,1960,389,0.205612,0,0,0,1,0,0,0,0,0
1,cage,70,qpFreeEnvelope,1,1,0.343554,28144,892,23.0649,1219,1219,0,0.00117311,0.00249477,0,0,0.0488762,0.863914,4960,877,0.179839,0,0,0,0.0619709,0.843499,0.0945301,0,0,0
1,cage,70,qpEnvelope,1,1,0.013783,1761,48,16.9062,982,982,0,0.000260532,0.00249477,0,0,0.030262,0.242476,17,16,2.82353,0,0,0,0.755253,0.218626,0.0261215,1761,500600,1720
1,cage,77,isSafe,1,1,1.08803,397529,2891,27.3945,17,1371,0,0.00351159,0.00249477,0,0,0,0,28405,2887,0.101778,0,0,0,0,0,0,0,0,0
1,cage,77,qpFixed,1,1,0.0769253,12193,63,22.8604,1985,1985,0,1.36427e-05,0.00249477,0,0,0.00837211,0,46,32,1.36957,0,0,0,1,0,0,12193,3235838,11564
1,cage,77,qpPlain,1,1,0.0807281,12193,63,22.8604,1985,1985,0,1.36427e-05,0.00249477,0,0,0.00837211,0,46,32,1.36957,0,0,0,1,0,0,12193,4182199,12193
1,cage,77,qpAdaptive,1,1,0.0597133,8715,63,22.9007,1837,1837,15,-4.49208e-06,0.00249477,0,0,0.0117345,0.237751,46,32,1.36957,0,0,0,0.761331,0.235227,0.00344234,8715,2335215,8571
1,cage,77,qpFreeGate,1,1,6.54397,1321622,2043,30.5668,3194,3194,0,0.00175183,0.00249477,0,0,0.00239698,0,12365,2008,0.165224,0,0,0,1,0,0,0,0,0
1,cage,77,qpFreeEnvelope,1,1,0.11827,9538,327,31.9582,1790,1790,0,0.000403124,0.00249477,0,0,0.0570711,0.913399,1545,311,0.21165,0,0,0,0.030743,0.845111,0.124146,0,0,0
1,cage,77,qpEnvelope,1,1,0.0491124,6851,64,22.9195,1730,1730,22,-1.27908e-05,0.00249477,0,0,0.0150271,0.195592,46,32,1.3913,0,0,0,0.802948,0.190629,0.00642242,6851,1810265,6739
1,cage,84,isSafe,1,1,0.246447,93498,532,27.3966,16,1371,0,0.00168305,0.00249477,0,0,0,0,5189,528,0.102525,0,0,0,0,0,0,0,0,0
1,cage,84,qpFixed,1,1,0.279912,43940,183,28.2064,2320,2320,0,6.21589e-05,0.00249477,0,0,0.00797422,0,184,114,0.994565,0,0,0,1,0,0,43940,11951293,40911
1,cage,84,qpPlain,1,1,0.296212,43940,183,28.2064,2320,2320,0,6.21589e-05,0.00249477,0,0,0.00797422,0,184,114,0.994565,0,0,0,1,0,0,43940,15071420,43940
1,cage,84,qpAdaptive,1,1,0.227986,32872,185,28.2289,2115,2115,0,6.21311e-05,0.00249477,0,0,0.0106453,0.221617,184,114,1.00543,0,0,0,0.777166,0.219518,0.00331589,32872,9016831,32002
1,cage,84,qpFreeGate,1,1,3.0663,620788,997,29.1036,2965,2965,0,0.00142863,0.00249477,0,0,0.00269487,0,5801,969,0.171867,0,0,0,1,0,0,0,0,0
1,cage,84,qpFreeEnvelope,1,1,0.424406,34037,1037,24.7565,1354,1354,0,0.00142724,0.00249477,0,0,0.0483657,0.887945,6224,1005,0.166613,0,0,0,0.0351554,0.848105,0.116739,0,0,0
1,cage,84,qpEnvelope,1,1,0.193102,26480,185,28.2834,2028,2028,0,6.27097e-05,0.00249477,0,0,0.0132549,0.191163,184,114,1.00543,0,0,0,0.807628,0.187198,0.00517372,26480,7220593,25971
1,cage,91,isSafe,1,1,0.414521,156356,904,19.8992,12,996,0,0.00169234,0.00249477,0,0,0,0,8766,901,0.103126,0,0,0,0,0,0,0,0,0
1,cage,91,qpFixed,1,1,0.0141674,2389,23,12.1894,899,899,0,0.000296592,0.00249477,0,0,0.0112369,0,8,7,2.875,0,0,0,1,0,0,2389,624670,1803
1,cage,91,qpPlain,1,1,0.0150658,2389,23,12.1894,899,899,0,0.000296592,0.00249477,0,0,0.0112369,0,8,7,2.875,0,0,0,1,0,0,2389,819427,2389
1,cage,91,qpAdaptive,1,1,0.00765873,1120,23,12.2001,762,762,0,0.000764437,0.00249477,0,0,0.0240056,0.435714,8,7,2.875,0,0,0,0.558036,0.424107,0.0178571,1120,313252,1072
1,cage,91,qpFreeGate,1,1,0.325147,66203,125,11.8611,1224,1224,0,0.00143912,0.00249477,0,0,0.00344512,0,520,118,0.240385,0,0,0,1,0,0,0,0,0
1,cage,91,qpFreeEnvelope,1,1,0.246229,20367,607,18.8788,1012,1012,0,0.00139533,0.00249477,0,0,0.0492419,0.854863,3442,593,0.176351,0,0,0,0.0794336,0.830538,0.0900281,0,0,0
1,cage,91,qpEnvelope,1,1,0.00586359,768,21,12.2353,690,690,0,0.000580228,0.00249477,0,0,0.0350085,0.375,8,7,2.625,0,0,0,0.619792,0.354167,0.0260417,768,215780,748
1,cage,98,isSafe,1,1,0.294519,111409,654,17.8915,11,896,0,8.8028e-05,0.00249477,0,0,0,0,6058,651,0.107956,0,0,0,0,0,0,0,0,0
1,cage,98,qpFixed,1,1,0.134448,21656,112,15.7596,1273,1273,0,0.00967412,0.00249477,0,0,0.00852037,0,83,61,1.3494,0,0,0,1,0,0,21656,5766796,19637
1,cage,98,qpPlain,1,1,0.143094,21656,112,15.7596,1273,1273,0,0.00967412,0.00249477,0,0,0.00852037,0,83,61,1.3494,0,0,0,1,0,0,21656,7428008,21656
1,cage,98,qpAdaptive,1,1,0.0962476,14202,114,15.7838,957,957,0,0.00921425,0.00249477,0,0,0.0130101,0.317068,83,61,1.37349,0,0,0,0.68082,0.313547,0.00563301,14202,3802942,13883
1,cage,98,qpFreeGate,1,1,0.759514,154050,291,36.3019,4069,4069,0,0.00115647,0.00249477,0,0,0.00324624,0,1264,265,0.230222,0,0,0,1,0,0,0,0,0
1,cage,98,qpFreeEnvelope,1,1,0.344371,27512,862,20.5822,1158,1158,0,0.000359629,0.00249477,0,0,0.0495083,0.914147,4813,837,0.179098,0,0,0,0.0286923,0.857392,0.113916,0,0,0
1,cage,98,qpEnvelope,1,1,0.0744001,10203,114,15.8444,841,841,0,0.00606037,0.00249477,0,0,0.0181261,0.282662,83,61,1.37349,0,0,0,0.715672,0.274625,0.00970303,10203,2696501,10076
1,bookshelf_tall,2,isSafe,1,1,0.0584201,12803,63,11.2735,8,565,0,0.00631366,0.00249477,0,0,0,0,521,58,0.120921,0,0,0,0,0,0,0,0,0
1,bookshelf_tall,2,qpFixed,1,1,0.0194581,2345,33,11.8482,1112,1112,0,0.000959713,0.00249477,0,0,0.0107266,0,6,6,5.5,0,0,0,1,0,0,2345,644339,2089
1,bookshelf_tall,2,qpPlain,1,1,0.0199982,2345,33,11.8482,1112,1112,0,0.000959713,0.00249477,0,0,0.0107266,0,6,6,5.5,0,0,0,1,0,0,2345,804335,2345
1,bookshelf_tall,2,qpAdaptive,1,1,0.0145207,1630,31,11.8537,897,897,0,0.000972516,0.00249477,0,0,0.0154486,0.277301,6,6,5.16667,0,0,0,0.717791,0.269939,0.0122699,1630,455514,1545
1,bookshelf_tall,2,qpFreeGate,1,1,0.143155,20823,36,18.5239,1685,1685,0,0.00224618,0.00249477,0,0,0.00327053,0,167,28,0.215569,0,0,0,1,0,0,0,0,0
1,bookshelf_tall,2,qpFreeEnvelope,1,1,0.0138719,735,27,13.1662,720,720,0,0.000388774,0.00249477,0,0,0.0616715,0.865306,110,22,0.245455,0,0,0,0.0775623,0.813019,0.109418,0,0,0
1,bookshelf_tall,2,qpEnvelope,1,1,0.0101186,1075,30,11.8573,780,780,0,0.000590318,0.00249477,0,0,0.0237541,0.181395,6,6,5,0,0,0,0.813023,0.165581,0.0213953,1075,294523,1050
1,bookshelf_tall,9,isSafe,0,0,0,0,0,0,0,0,0,inf,inf,0,0,0,0,0,0,0,0,0,0,0,0,0,0,0,0
1,bookshelf_tall,9,qpFixed,0,0,0,0,0,0,0,0,0,inf,inf,0,0,0,0,0,0,0,0,0,0,0,0,0,0,0,0
1,bookshelf_tall,9,qpPlain,0,0,0,0,0,0,0,0,0,inf,inf,0,0,0,0,0,0,0,0,0,0,0,0,0,0,0,0
1,bookshelf_tall,9,qpAdaptive,0,0,0,0,0,0,0,0,0,inf,inf,0,0,0,0,0,0,0,0,0,0,0,0,0,0,0,0
1,bookshelf_tall,9,qpFreeGate,0,0,0,0,0,0,0,0,0,inf,inf,0,0,0,0,0,0,0,0,0,0,0,0,0,0,0,0
1,bookshelf_tall,9,qpFreeEnvelope,0,0,0,0,0,0,0,0,0,inf,inf,0,0,0,0,0,0,0,0,0,0,0,0,0,0,0,0
1,bookshelf_tall,9,qpEnvelope,0,0,0,0,0,0,0,0,0,inf,inf,0,0,0,0,0,0,0,0,0,0,0,0,0,0,0,0
1,bookshelf_tall,16,isSafe,1,0,10.0001,1943219,20050,0,0,0,0,inf,inf,0,0,0,0,166819,20048,0.12019,0,0,0,0,0,0,0,0,0
1,bookshelf_tall,16,qpFixed,1,0,10.0008,1203195,2383,0,0,0,0,inf,inf,0,0,0.00559602,0,5477,2269,0.435092,0,0,0,1,0,0,1203195,359019773,1141734
1,bookshelf_tall,16,qpPlain,1,0,10.0016,1199370,2375,0,0,0,0,inf,inf,0,0,0.00559627,0,5459,2261,0.435061,0,0,0,1,0,0,1199370,411383910,1199370
1,bookshelf_tall,16,qpAdaptive,1,0,10.0007,1137997,2474,0,0,0,0,inf,inf,0,0,0.00616163,0.0547102,5760,2361,0.429514,0,0,0,0.945051,0.0539458,0.00100352,1137997,340555144,1124114
1,bookshelf_tall,16,qpFreeGate,1,0,10.0007,1450026,2488,0,0,0,0,inf,inf,0,0,0.00259055,0,13258,2480,0.18766,0,0,0,1,0,0,0,0,0
1,bookshelf_tall,16,qpFreeEnvelope,1,0,10,421142,24510,0,0,0,0,inf,inf,0,0,0.0565031,0.698396,150185,24507,0.163199,0,0,0,0.00122403,0.86447,0.134306,0,0,0
1,bookshelf_tall,16,qpEnvelope,1,0,10.0016,1136231,2574,0,0,0,0,inf,inf,0,0,0.00643835,0.00715876,6067,2461,0.424262,0,0,0,0.992803,0.00611671,0.00108077,1136231,339908885,1131720
1,bookshelf_tall,25,isSafe,0,0,0,0,0,0,0,0,0,inf,inf,0,0,0,0,0,0,0,0,0,0,0,0,0,0,0,0
1,bookshelf_tall,25,qpFixed,0,0,0,0,0,0,0,0,0,inf,inf,0,0,0,0,0,0,0,0,0,0,0,0,0,0,0,0
1,bookshelf_tall,25,qpPlain,0,0,0,0,0,0,0,0,0,inf,inf,0,0,0,0,0,0,0,0,0,0,0,0,0,0,0,0
1,bookshelf_tall,25,qpAdaptive,0,0,0,0,0,0,0,0,0,inf,inf,0,0,0,0,0,0,0,0,0,0,0,0,0,0,0,0
1,bookshelf_tall,25,qpFreeGate,0,0,0,0,0,0,0,0,0,inf,inf,0,0,0,0,0,0,0,0,0,0,0,0,0,0,0,0
1,bookshelf_tall,25,qpFreeEnvelope,0,0,0,0,0,0,0,0,0,inf,inf,0,0,0,0,0,0,0,0,0,0,0,0,0,0,0,0
1,bookshelf_tall,25,qpEnvelope,0,0,0,0,0,0,0,0,0,inf,inf,0,0,0,0,0,0,0,0,0,0,0,0,0,0,0,0
1,bookshelf_tall,32,isSafe,0,0,0,0,0,0,0,0,0,inf,inf,0,0,0,0,0,0,0,0,0,0,0,0,0,0,0,0
1,bookshelf_tall,32,qpFixed,0,0,0,0,0,0,0,0,0,inf,inf,0,0,0,0,0,0,0,0,0,0,0,0,0,0,0,0
1,bookshelf_tall,32,qpPlain,0,0,0,0,0,0,0,0,0,inf,inf,0,0,0,0,0,0,0,0,0,0,0,0,0,0,0,0
1,bookshelf_tall,32,qpAdaptive,0,0,0,0,0,0,0,0,0,inf,inf,0,0,0,0,0,0,0,0,0,0,0,0,0,0,0,0
1,bookshelf_tall,32,qpFreeGate,0,0,0,0,0,0,0,0,0,inf,inf,0,0,0,0,0,0,0,0,0,0,0,0,0,0,0,0
1,bookshelf_tall,32,qpFreeEnvelope,0,0,0,0,0,0,0,0,0,inf,inf,0,0,0,0,0,0,0,0,0,0,0,0,0,0,0,0
1,bookshelf_tall,32,qpEnvelope,0,0,0,0,0,0,0,0,0,inf,inf,0,0,0,0,0,0,0,0,0,0,0,0,0,0,0,0
1,bookshelf_tall,39,isSafe,1,0,10.0003,1716103,17224,0,0,0,0,inf,inf,0,0,0,0,152661,17222,0.112825,0,0,0,0,0,0,0,0,0
1,bookshelf_tall,39,qpFixed,1,0,10.0002,1142922,2239,0,0,0,0,inf,inf,0,0,0.00559386,0,5253,2129,0.426233,0,0,0,1,0,0,1142922,342184024,1087871
1,bookshelf_tall,39,qpPlain,1,0,10.0005,1048615,2074,0,0,0,0,inf,inf,0,0,0.00563993,0,4786,1964,0.433347,0,0,0,1,0,0,1048615,359674945,1048615
1,bookshelf_tall,39,qpAdaptive,1,0,10.0011,1087039,2343,0,0,0,0,inf,inf,0,0,0.00616421,0.0577192,5550,2235,0.422162,0,0,0,0.942029,0.0569915,0.000979726,1087039,326756522,1075402
1,bookshelf_tall,39,qpFreeGate,1,0,10.0001,1441968,2508,0,0,0,0,inf,inf,0,0,0.00254821,0,13724,2504,0.182746,0,0,0,1,0,0,0,0,0
1,bookshelf_tall,39,qpFreeEnvelope,1,0,10,432874,23831,0,0,0,0,inf,inf,0,0,0.0532939,0.709428,150356,23827,0.158497,0,0,0,0.00284162,0.864951,0.132207,0,0,0
1,bookshelf_tall,39,qpEnvelope,1,0,10.0002,1112194,2496,0,0,0,0,inf,inf,0,0,0.00644215,0.00799681,6009,2385,0.415377,0,0,0,0.991957,0.00696912,0.00107356,1112194,334365474,1108111
1,bookshelf_tall,46,isSafe,0,0,0,0,0,0,0,0,0,inf,inf,0,0,0,0,0,0,0,0,0,0,0,0,0,0,0,0
1,bookshelf_tall,46,qpFixed,0,0,0,0,0,0,0,0,0,inf,inf,0,0,0,0,0,0,0,0,0,0,0,0,0,0,0,0
1,bookshelf_tall,46,qpPlain,0,0,0,0,0,0,0,0,0,inf,inf,0,0,0,0,0,0,0,0,0,0,0,0,0,0,0,0
1,bookshelf_tall,46,qpAdaptive,0,0,0,0,0,0,0,0,0,inf,inf,0,0,0,0,0,0,0,0,0,0,0,0,0,0,0,0
1,bookshelf_tall,46,qpFreeGate,0,0,0,0,0,0,0,0,0,inf,inf,0,0,0,0,0,0,0,0,0,0,0,0,0,0,0,0
1,bookshelf_tall,46,qpFreeEnvelope,0,0,0,0,0,0,0,0,0,inf,inf,0,0,0,0,0,0,0,0,0,0,0,0,0,0,0,0
1,bookshelf_tall,46,qpEnvelope,0,0,0,0,0,0,0,0,0,inf,inf,0,0,0,0,0,0,0,0,0,0,0,0,0,0,0,0
1,bookshelf_tall,53,isSafe,1,1,0.00696944,1576,10,10.1487,7,509,0,0.00223036,0.00249477,0,0,0,0,14,6,0.714286,0,0,0,0,0,0,0,0,0
1,bookshelf_tall,53,qpFixed,1,1,0.00968892,1297,13,10.59,768,768,0,0.00209466,0.00249477,0,0,0.0126849,0,3,3,4.33333,0,0,0,1,0,0,1297,347580,743
1,bookshelf_tall,53,qpPlain,1,1,0.0102191,1297,13,10.59,768,768,0,0.00209466,0.00249477,0,0,0.0126849,0,3,3,4.33333,0,0,0,1,0,0,1297,444871,1297
1,bookshelf_tall,53,qpAdaptive,1,1,0.00491457,569,13,10.5893,599,599,0,0.00209466,0.00249477,0,0,0.0289423,0.441125,3,3,4.33333,0,0,0,0.557118,0.427065,0.0158172,569,161886,533
1,bookshelf_tall,53,qpFreeGate,1,1,0.0171898,2571,12,10.781,844,844,0,0.00223036,0.00249477,0,0,0.00647676,0,14,8,0.857143,0,0,0,1,0,0,0,0,0
1,bookshelf_tall,53,qpFreeEnvelope,1,1,0.00346752,206,12,11.083,575,575,0,0.00223036,0.00249477,0,0,0.0838385,0.917476,14,8,0.857143,0,0,0,0.0679612,0.839806,0.092233,0,0,0
1,bookshelf_tall,53,qpEnvelope,1,1,0.00304579,311,13,10.6031,563,563,0,0.00209466,0.00249477,0,0,0.0530246,0.286174,3,3,4.33333,0,0,0,0.710611,0.250804,0.0385852,311,90185,294
1,bookshelf_tall,60,isSafe,1,0,10,1970149,20403,0,0,0,0,inf,inf,0,0,0,0,198757,20401,0.102653,0,0,0,0,0,0,0,0,0
1,bookshelf_tall,60,qpFixed,1,0,10.0013,1222878,2345,0,0,0,0,inf,inf,0,0,0.00550815,0,5719,2236,0.410037,0,0,0,1,0,0,1222878,366667374,1171107
1,bookshelf_tall,60,qpPlain,1,0,10.0004,1216587,2336,0,0,0,0,inf,inf,0,0,0.00551347,0,5686,2227,0.410834,0,0,0,1,0,0,1216587,417289341,1216587
1,bookshelf_tall,60,qpAdaptive,1,0,10.0004,1155415,2414,0,0,0,0,inf,inf,0,0,0.00599354,0.0495112,5938,2300,0.406534,0,0,0,0.950211,0.0488458,0.000943386,1155415,347324507,1144531
1,bookshelf_tall,60,qpFreeGate,1,0,10.0006,1466624,2319,0,0,0,0,inf,inf,0,0,0.00236933,0,13849,2317,0.167449,0,0,0,1,0,0,0,0,0
1,bookshelf_tall,60,qpFreeEnvelope,1,0,10,440170,22197,0,0,0,0,inf,inf,0,0,0.0492398,0.717902,148818,22194,0.149155,0,0,0,0.00683292,0.865957,0.127211,0,0,0
1,bookshelf_tall,60,qpEnvelope,1,0,10.0012,1151302,2511,0,0,0,0,inf,inf,0,0,0.00633507,0.00964908,6271,2400,0.400415,0,0,0,0.99028,0.0086285,0.00109181,1151302,345874493,1147692
1,bookshelf_tall,68,isSafe,1,1,0.00658423,1318,9,10.5203,7,528,0,0.000989697,0.00249477,0,0,0,0,15,5,0.6,0,0,0,0,0,0,0,0,0
1,bookshelf_tall,68,qpFixed,1,1,0.00330072,444,6,6.42464,445,445,0,0.000989697,0.00249477,0,0,0.0144699,0,1,1,6,0,0,0,1,0,0,444,113143,139
1,bookshelf_tall,68,qpPlain,1,1,0.00392435,444,6,6.42464,445,445,0,0.000989697,0.00249477,0,0,0.0144699,0,1,1,6,0,0,0,1,0,0,444,152292,444
1,bookshelf_tall,68,qpAdaptive,1,1,0.001239,137,6,6.4243,374,374,0,0.000989697,0.00249477,0,0,0.0468927,0.569343,1,1,6,0,0,0,0.423358,0.547445,0.0291971,137,39747,108
1,bookshelf_tall,68,qpFreeGate,1,1,0.0102639,1523,11,11.1521,954,954,0,0.000448702,0.00249477,0,0,0.00903956,0,13,5,0.846154,0,0,0,1,0,0,0,0,0
1,bookshelf_tall,68,qpFreeEnvelope,1,1,0.0021729,115,14,11.3136,598,598,0,0.00046518,0.00249477,0,0,0.120788,0.886957,13,5,1.07692,0,0,0,0.104348,0.756522,0.13913,0,0,0
1,bookshelf_tall,68,qpEnvelope,1,1,0.000495337,45,6,6.42381,340,340,0,0.000989697,0.00249477,0,0,0.142751,0.488889,1,1,6,0,0,0,0.511111,0.4,0.0888889,45,13177,37
1,bookshelf_tall,75,isSafe,0,0,0,0,0,0,0,0,0,inf,inf,0,0,0,0,0,0,0,0,0,0,0,0,0,0,0,0
1,bookshelf_tall,75,qpFixed,0,0,0,0,0,0,0,0,0,inf,inf,0,0,0,0,0,0,0,0,0,0,0,0,0,0,0,0
1,bookshelf_tall,75,qpPlain,0,0,0,0,0,0,0,0,0,inf,inf,0,0,0,0,0,0,0,0,0,0,0,0,0,0,0,0
1,bookshelf_tall,75,qpAdaptive,0,0,0,0,0,0,0,0,0,inf,inf,0,0,0,0,0,0,0,0,0,0,0,0,0,0,0,0
1,bookshelf_tall,75,qpFreeGate,0,0,0,0,0,0,0,0,0,inf,inf,0,0,0,0,0,0,0,0,0,0,0,0,0,0,0,0
1,bookshelf_tall,75,qpFreeEnvelope,0,0,0,0,0,0,0,0,0,inf,inf,0,0,0,0,0,0,0,0,0,0,0,0,0,0,0,0
1,bookshelf_tall,75,qpEnvelope,0,0,0,0,0,0,0,0,0,inf,inf,0,0,0,0,0,0,0,0,0,0,0,0,0,0,0,0
1,bookshelf_tall,82,isSafe,0,0,0,0,0,0,0,0,0,inf,inf,0,0,0,0,0,0,0,0,0,0,0,0,0,0,0,0
1,bookshelf_tall,82,qpFixed,0,0,0,0,0,0,0,0,0,inf,inf,0,0,0,0,0,0,0,0,0,0,0,0,0,0,0,0
1,bookshelf_tall,82,qpPlain,0,0,0,0,0,0,0,0,0,inf,inf,0,0,0,0,0,0,0,0,0,0,0,0,0,0,0,0
1,bookshelf_tall,82,qpAdaptive,0,0,0,0,0,0,0,0,0,inf,inf,0,0,0,0,0,0,0,0,0,0,0,0,0,0,0,0
1,bookshelf_tall,82,qpFreeGate,0,0,0,0,0,0,0,0,0,inf,inf,0,0,0,0,0,0,0,0,0,0,0,0,0,0,0,0
1,bookshelf_tall,82,qpFreeEnvelope,0,0,0,0,0,0,0,0,0,inf,inf,0,0,0,0,0,0,0,0,0,0,0,0,0,0,0,0
1,bookshelf_tall,82,qpEnvelope,0,0,0,0,0,0,0,0,0,inf,inf,0,0,0,0,0,0,0,0,0,0,0,0,0,0,0,0
1,bookshelf_tall,89,isSafe,1,1,0.00544735,1233,9,12.1034,8,607,0,0.00535207,0.00249477,0,0,0,0,6,4,1.5,0,0,0,0,0,0,0,0,0
1,bookshelf_tall,89,qpFixed,1,1,0.0156165,1922,13,12.8402,989,989,0,0.00208501,0.00249477,0,0,0.0100698,0,6,4,2.16667,0,0,0,1,0,0,1922,548531,1318
1,bookshelf_tall,89,qpPlain,1,1,0.0160857,1922,13,12.8402,989,989,0,0.00208501,0.00249477,0,0,0.0100698,0,6,4,2.16667,0,0,0,1,0,0,1922,659246,1922
1,bookshelf_tall,89,qpAdaptive,1,1,0.00973897,1051,14,12.8544,788,788,0,0.00208501,0.00249477,0,0,0.0183982,0.343482,6,4,2.33333,0,0,0,0.653663,0.336822,0.00951475,1051,315705,984
1,bookshelf_tall,89,qpFreeGate,1,1,0.0146411,2195,11,14.0111,1219,1219,0,0.0038355,0.00249477,0,0,0.00695658,0,9,5,1.22222,0,0,0,1,0,0,0,0,0
1,bookshelf_tall,89,qpFreeEnvelope,1,1,0.0025217,132,11,15.4823,807,807,0,0.00235317,0.00249477,0,0,0.125399,0.954545,11,6,1,0,0,0,0.0454545,0.818182,0.136364,0,0,0
1,bookshelf_tall,89,qpEnvelope,1,1,0.00624621,621,15,13.8965,844,844,0,0.00130123,0.00249477,0,0,0.0316349,0.357488,5,4,3,0,0,0,0.642512,0.339775,0.0177134,621,187084,601
1,bookshelf_tall,98,isSafe,1,0,10.0002,1973246,20457,0,0,0,0,inf,inf,0,0,0,0,193841,20455,0.105535,0,0,0,0,0,0,0,0,0
1,bookshelf_tall,98,qpFixed,1,0,10.0008,1227144,2334,0,0,0,0,inf,inf,0,0,0.00546353,0,5697,2221,0.409689,0,0,0,1,0,0,1227144,369261622,1173797
1,bookshelf_tall,98,qpPlain,1,0,10.0008,1219762,2321,0,0,0,0,inf,inf,0,0,0.00546575,0,5661,2208,0.409998,0,0,0,1,0,0,1219762,418378366,1219762
1,bookshelf_tall,98,qpAdaptive,1,0,10.0007,1160079,2423,0,0,0,0,inf,inf,0,0,0.00601761,0.0563772,5977,2310,0.405387,0,0,0,0.943331,0.0556825,0.000987003,1160079,350237722,1148485
1,bookshelf_tall,98,qpFreeGate,1,0,10,1469040,2401,0,0,0,0,inf,inf,0,0,0.00242083,0,13918,2399,0.17251,0,0,0,1,0,0,0,0,0
1,bookshelf_tall,98,qpFreeEnvelope,1,0,10,434910,22574,0,0,0,0,inf,inf,0,0,0.0503133,0.717319,147907,22570,0.152623,0,0,0,0.00440941,0.867365,0.128226,0,0,0
1,bookshelf_tall,98,qpEnvelope,1,0,10.0011,1152373,2516,0,0,0,0,inf,inf,0,0,0.00630857,0.0093954,6233,2402,0.403658,0,0,0,0.990538,0.00841396,0.00104827,1152373,347302229,1148364
1,bookshelf_thin,5,isSafe,0,0,0,0,0,0,0,0,0,inf,inf,0,0,0,0,0,0,0,0,0,0,0,0,0,0,0,0
1,bookshelf_thin,5,qpFixed,0,0,0,0,0,0,0,0,0,inf,inf,0,0,0,0,0,0,0,0,0,0,0,0,0,0,0,0
1,bookshelf_thin,5,qpPlain,0,0,0,0,0,0,0,0,0,inf,inf,0,0,0,0,0,0,0,0,0,0,0,0,0,0,0,0
1,bookshelf_thin,5,qpAdaptive,0,0,0,0,0,0,0,0,0,inf,inf,0,0,0,0,0,0,0,0,0,0,0,0,0,0,0,0
1,bookshelf_thin,5,qpFreeGate,0,0,0,0,0,0,0,0,0,inf,inf,0,0,0,0,0,0,0,0,0,0,0,0,0,0,0,0
1,bookshelf_thin,5,qpFreeEnvelope,0,0,0,0,0,0,0,0,0,inf,inf,0,0,0,0,0,0,0,0,0,0,0,0,0,0,0,0
1,bookshelf_thin,5,qpEnvelope,0,0,0,0,0,0,0,0,0,inf,inf,0,0,0,0,0,0,0,0,0,0,0,0,0,0,0,0
1,bookshelf_thin,12,isSafe,1,1,0.0335967,5565,29,15.5576,9,779,0,0.000593913,0.00249477,0,0,0,0,139,25,0.208633,0,0,0,0,0,0,0,0,0
1,bookshelf_thin,12,qpFixed,1,1,0.00970235,1097,8,9.58909,931,931,0,0.00146516,0.00249477,0,0,0.00948582,0,2,2,4,0,0,0,1,0,0,1097,290032,609
1,bookshelf_thin,12,qpPlain,1,1,0.0100919,1097,8,9.58909,931,931,0,0.00146516,0.00249477,0,0,0.00948582,0,2,2,4,0,0,0,1,0,0,1097,376271,1097
1,bookshelf_thin,12,qpAdaptive,1,1,0.00406745,412,8,9.60076,634,634,0,0.00146516,0.00249477,0,0,0.0252865,0.643204,2,2,4,0,0,0,0.349515,0.63835,0.0121359,412,115519,336
1,bookshelf_thin,12,qpFreeGate,1,1,0.157356,19447,50,18.7395,1729,1729,0,0.000809724,0.00249477,0,0,0.00451452,0,153,43,0.326797,0,0,0,1,0,0,0,0,0
1,bookshelf_thin,12,qpFreeEnvelope,1,1,0.0562008,2450,84,22.326,1158,1158,0,0.00115713,0.00249477,0,0,0.0602156,0.926531,347,74,0.242075,0,0,0,0.0385253,0.852941,0.108534,0,0,0
1,bookshelf_thin,12,qpEnvelope,1,1,0.0017741,153,8,9.64313,549,549,0,0.00146516,0.00249477,0,0,0.0683757,0.712418,2,2,4,0,0,0,0.27451,0.679739,0.0457516,153,42707,135
1,bookshelf_thin,19,isSafe,1,1,0.15803,26763,136,15.5883,9,781,0,0.0033041,0.00249477,0,0,0,0,1114,133,0.122083,0,0,0,0,0,0,0,0,0
1,bookshelf_thin,19,qpFixed,1,1,0.054846,5827,31,18.0357,1501,1501,0,0.00203183,0.00249477,0,0,0.00868443,0,19,14,1.63158,0,0,0,1,0,0,5827,1568213,4414
1,bookshelf_thin,19,qpPlain,1,1,0.056859,5827,31,18.0357,1501,1501,0,0.00203183,0.00249477,0,0,0.00868443,0,19,14,1.63158,0,0,0,1,0,0,5827,1998661,5827
1,bookshelf_thin,19,qpAdaptive,1,1,0.0402716,3961,32,18.0534,1258,1258,0,0.00203183,0.00249477,0,0,0.0128021,0.214087,19,14,1.68421,0,0,0,0.783388,0.211058,0.00555415,3961,1097037,3461
1,bookshelf_thin,19,qpFreeGate,1,1,0.119453,14791,48,14.3692,1433,1433,0,0.00193534,0.00249477,0,0,0.00527288,0,153,42,0.313725,0,0,0,1,0,0,0,0,0
1,bookshelf_thin,19,qpFreeEnvelope,1,1,0.0221962,915,41,14.8214,811,811,0,0.00197665,0.00249477,0,0,0.0756378,0.95082,153,36,0.267974,0,0,0,0.00882029,0.859978,0.131202,0,0,0
1,bookshelf_thin,19,qpEnvelope,1,1,0.0320966,3070,31,18.159,1144,1144,0,0.00203183,0.00249477,0,0,0.0165806,0.0934853,19,14,1.63158,0,0,0,0.905212,0.0876221,0.00716612,3070,841679,2730
1,bookshelf_thin,26,isSafe,0,0,0,0,0,0,0,0,0,inf,inf,0,0,0,0,0,0,0,0,0,0,0,0,0,0,0,0
1,bookshelf_thin,26,qpFixed,0,0,0,0,0,0,0,0,0,inf,inf,0,0,0,0,0,0,0,0,0,0,0,0,0,0,0,0
1,bookshelf_thin,26,qpPlain,0,0,0,0,0,0,0,0,0,inf,inf,0,0,0,0,0,0,0,0,0,0,0,0,0,0,0,0
1,bookshelf_thin,26,qpAdaptive,0,0,0,0,0,0,0,0,0,inf,inf,0,0,0,0,0,0,0,0,0,0,0,0,0,0,0,0
1,bookshelf_thin,26,qpFreeGate,0,0,0,0,0,0,0,0,0,inf,inf,0,0,0,0,0,0,0,0,0,0,0,0,0,0,0,0
1,bookshelf_thin,26,qpFreeEnvelope,0,0,0,0,0,0,0,0,0,inf,inf,0,0,0,0,0,0,0,0,0,0,0,0,0,0,0,0
1,bookshelf_thin,26,qpEnvelope,0,0,0,0,0,0,0,0,0,inf,inf,0,0,0,0,0,0,0,0,0,0,0,0,0,0,0,0
1,bookshelf_thin,33,isSafe,1,1,0.010525,1802,11,11.5524,7,579,0,0.00370894,0.00249477,0,0,0,0,29,7,0.37931,0,0,0,0,0,0,0,0,0
1,bookshelf_thin,33,qpFixed,1,1,0.0244008,2591,17,14.4081,1361,1361,0,0.000221585,0.00249477,0,0,0.0087389,0,7,6,2.42857,0,0,0,1,0,0,2591,734254,2193
1,bookshelf_thin,33,qpPlain,1,1,0.02512,2591,17,14.4081,1361,1361,0,0.000221585,0.00249477,0,0,0.0087389,0,7,6,2.42857,0,0,0,1,0,0,2591,888713,2591
1,bookshelf_thin,33,qpAdaptive,1,1,0.0164355,1594,17,14.4376,1055,1055,0,0.000221585,0.00249477,0,0,0.0142175,0.375784,7,6,2.42857,0,0,0,0.623588,0.370138,0.00627353,1594,463561,1511
1,bookshelf_thin,33,qpFreeGate,1,1,0.0508853,6272,18,11.3085,938,938,0,0.00377976,0.00249477,0,0,0.00447682,0,56,13,0.321429,0,0,0,1,0,0,0,0,0
1,bookshelf_thin,33,qpFreeEnvelope,1,1,0.00954865,372,20,13.5596,700,700,0,0.00377976,0.00249477,0,0,0.0808268,0.967742,61,16,0.327869,0,0,0,0,0.859079,0.140921,0,0,0
1,bookshelf_thin,33,qpEnvelope,1,1,0.0104506,977,17,13.5061,807,807,0,0.000221585,0.00249477,0,0,0.0245505,0.300921,7,6,2.42857,0,0,0,0.692938,0.290686,0.0163767,977,272844,952
1,bookshelf_thin,40,isSafe,0,0,0,0,0,0,0,0,0,inf,inf,0,0,0,0,0,0,0,0,0,0,0,0,0,0,0,0
1,bookshelf_thin,40,qpFixed,0,0,0,0,0,0,0,0,0,inf,inf,0,0,0,0,0,0,0,0,0,0,0,0,0,0,0,0
1,bookshelf_thin,40,qpPlain,0,0,0,0,0,0,0,0,0,inf,inf,0,0,0,0,0,0,0,0,0,0,0,0,0,0,0,0
1,bookshelf_thin,40,qpAdaptive,0,0,0,0,0,0,0,0,0,inf,inf,0,0,0,0,0,0,0,0,0,0,0,0,0,0,0,0
1,bookshelf_thin,40,qpFreeGate,0,0,0,0,0,0,0,0,0,inf,inf,0,0,0,0,0,0,0,0,0,0,0,0,0,0,0,0
1,bookshelf_thin,40,qpFreeEnvelope,0,0,0,0,0,0,0,0,0,inf,inf,0,0,0,0,0,0,0,0,0,0,0,0,0,0,0,0
1,bookshelf_thin,40,qpEnvelope,0,0,0,0,0,0,0,0,0,inf,inf,0,0,0,0,0,0,0,0,0,0,0,0,0,0,0,0
1,bookshelf_thin,47,isSafe,1,1,0.295592,50113,240,13.755,9,689,0,0.00115756,0.00249477,0,0,0,0,2038,236,0.117763,0,0,0,0,0,0,0,0,0
1,bookshelf_thin,47,qpFixed,1,1,0.00699169,801,16,8.9775,582,582,0,0.00327309,0.00249477,0,0,0.0142373,0,2,2,8,0,0,0,1,0,0,801,190793,401
1,bookshelf_thin,47,qpPlain,1,1,0.00748436,801,16,8.9775,582,582,0,0.00327309,0.00249477,0,0,0.0142373,0,2,2,8,0,0,0,1,0,0,801,274743,801
1,bookshelf_thin,47,qpAdaptive,1,1,0.00334447,343,15,8.98945,501,501,0,0.00327309,0.00249477,0,0,0.0332745,0.309038,2,2,7.5,0,0,0,0.682216,0.282799,0.0349854,343,82266,319
1,bookshelf_thin,47,qpFreeGate,1,1,1.12606,139361,359,20.4694,1587,1587,0,0.00127717,0.00249477,0,0,0.00415521,0,2042,354,0.175808,0,0,0,1,0,0,0,0,0
1,bookshelf_thin,47,qpFreeEnvelope,1,1,0.219207,8810,347,20.5621,1064,1064,0,0.00125767,0.00249477,0,0,0.0622606,0.902384,2042,343,0.169931,0,0,0,0.00443149,0.90344,0.0921283,0,0,0
1,bookshelf_thin,47,qpEnvelope,1,1,0.00228978,205,14,8.98629,474,474,0,0.00327309,0.00249477,0,0,0.055657,0.190244,2,2,7,0,0,0,0.785366,0.156098,0.0585366,205,48290,195
1,bookshelf_thin,54,isSafe,1,1,0.0877343,15030,78,12.0833,8,606,0,0.00366641,0.00249477,0,0,0,0,400,74,0.195,0,0,0,0,0,0,0,0,0
1,bookshelf_thin,54,qpFixed,1,1,0.00777942,836,9,9.50503,738,738,0,0.000312259,0.00249477,0,0,0.0119317,0,2,2,4.5,0,0,0,1,0,0,836,217869,658
1,bookshelf_thin,54,qpPlain,1,1,0.00813427,836,9,9.50503,738,738,0,0.000312259,0.00249477,0,0,0.0119317,0,2,2,4.5,0,0,0,1,0,0,836,286748,836
1,bookshelf_thin,54,qpAdaptive,1,1,0.00515282,499,9,9.50686,671,671,0,0.000312259,0.00249477,0,0,0.0200054,0.230461,2,2,4.5,0,0,0,0.765531,0.224449,0.01002,499,128658,469
1,bookshelf_thin,54,qpFreeGate,1,1,0.29662,36869,104,9.84696,681,681,0,0.00335633,0.00249477,0,0,0.00480123,0,368,99,0.282609,0,0,0,1,0,0,0,0,0
1,bookshelf_thin,54,qpFreeEnvelope,1,1,0.0563201,2311,105,9.90403,515,515,0,0.00334616,0.00249477,0,0,0.077317,0.959758,368,99,0.285326,0,0,0,0.0078982,0.873629,0.118473,0,0,0
1,bookshelf_thin,54,qpEnvelope,1,1,0.00433281,412,9,9.49619,637,637,0,0.000312259,0.00249477,0,0,0.0241711,0.126214,2,2,4.5,0,0,0,0.868932,0.118932,0.0121359,412,104453,399
1,bookshelf_thin,61,isSafe,1,1,0.0526572,9002,43,6.96575,5,350,0,0.00287617,0.00249477,0,0,0,0,224,39,0.191964,0,0,0,0,0,0,0,0,0
1,bookshelf_thin,61,qpFixed,1,1,0.00450217,515,6,5.87609,516,516,20,-0.00344737,0.00249477,0,0,0.0114099,0,1,1,6,0,0,0,1,0,0,515,135870,217
1,bookshelf_thin,61,qpPlain,1,1,0.00472017,515,6,5.87609,516,516,20,-0.00344737,0.00249477,0,0,0.0114099,0,1,1,6,0,0,0,1,0,0,515,176645,515
1,bookshelf_thin,61,qpAdaptive,1,1,0.00194395,198,6,5.88498,388,388,23,-0.00242389,0.00249477,0,0,0.0297221,0.338384,1,1,6,0,0,0,0.661616,0.323232,0.0151515,198,55405,164
1,bookshelf_thin,61,qpFreeGate,1,1,0.87978,108495,217,26.5872,2512,2512,0,0.000297867,0.00249477,0,0,0.00339378,0,1111,209,0.19532,0,0,0,1,0,0,0,0,0
1,bookshelf_thin,61,qpFreeEnvelope,1,1,0.157525,6679,211,26.997,1415,1415,0,0.000294568,0.00249477,0,0,0.052107,0.900584,1111,199,0.189919,0,0,0,0.0516874,0.837489,0.110824,0,0,0
1,bookshelf_thin,61,qpEnvelope,1,1,0.00110892,100,6,5.78745,344,344,8,-0.00390553,0.00249477,0,0,0.0578745,0.36,1,1,6,0,0,0,0.64,0.32,0.04,100,28320,76
1,bookshelf_thin,68,isSafe,0,0,0,0,0,0,0,0,0,inf,inf,0,0,0,0,0,0,0,0,0,0,0,0,0,0,0,0
1,bookshelf_thin,68,qpFixed,0,0,0,0,0,0,0,0,0,inf,inf,0,0,0,0,0,0,0,0,0,0,0,0,0,0,0,0
1,bookshelf_thin,68,qpPlain,0,0,0,0,0,0,0,0,0,inf,inf,0,0,0,0,0,0,0,0,0,0,0,0,0,0,0,0
1,bookshelf_thin,68,qpAdaptive,0,0,0,0,0,0,0,0,0,inf,inf,0,0,0,0,0,0,0,0,0,0,0,0,0,0,0,0
1,bookshelf_thin,68,qpFreeGate,0,0,0,0,0,0,0,0,0,inf,inf,0,0,0,0,0,0,0,0,0,0,0,0,0,0,0,0
1,bookshelf_thin,68,qpFreeEnvelope,0,0,0,0,0,0,0,0,0,inf,inf,0,0,0,0,0,0,0,0,0,0,0,0,0,0,0,0
1,bookshelf_thin,68,qpEnvelope,0,0,0,0,0,0,0,0,0,inf,inf,0,0,0,0,0,0,0,0,0,0,0,0,0,0,0,0
1,bookshelf_thin,75,isSafe,1,1,0.0644945,10988,57,16.7325,10,838,0,0.00209919,0.00249477,0,0,0,0,356,53,0.160112,0,0,0,0,0,0,0,0,0
1,bookshelf_thin,75,qpFixed,1,1,0.0206747,2197,16,13.5864,1120,1120,0,0.000491068,0.00249477,0,0,0.010394,0,6,5,2.66667,0,0,0,1,0,0,2197,625307,1789
1,bookshelf_thin,75,qpPlain,1,1,0.0209842,2197,16,13.5864,1120,1120,0,0.000491068,0.00249477,0,0,0.010394,0,6,5,2.66667,0,0,0,1,0,0,2197,753571,2197
1,bookshelf_thin,75,qpAdaptive,1,1,0.0126384,1248,16,13.5579,911,911,0,0.000491067,0.00249477,0,0,0.0182753,0.366186,6,5,2.66667,0,0,0,0.63141,0.359776,0.0088141,1248,366035,1183
1,bookshelf_thin,75,qpFreeGate,1,1,0.117927,14621,34,11.8846,1251,1251,0,0.00207373,0.00249477,0,0,0.0040952,0,93,30,0.365591,0,0,0,1,0,0,0,0,0
1,bookshelf_thin,75,qpFreeEnvelope,1,1,0.053722,2247,90,16.5525,854,854,0,0.00209919,0.00249477,0,0,0.0655093,0.962617,356,85,0.252809,0,0,0,0.00497512,0.901854,0.0931705,0,0,0
1,bookshelf_thin,75,qpEnvelope,1,1,0.00727776,663,16,13.6524,788,788,0,0.000491065,0.00249477,0,0,0.0346597,0.366516,6,5,2.66667,0,0,0,0.630468,0.346908,0.0226244,663,193589,647
1,bookshelf_thin,83,isSafe,1,1,0.0386278,6549,34,16.862,10,845,0,0.00254979,0.00249477,0,0,0,0,147,30,0.231293,0,0,0,0,0,0,0,0,0
1,bookshelf_thin,83,qpFixed,1,1,0.113721,11679,49,20.4058,1951,1951,370,-0.00851967,0.00249477,0,0,0.00769689,0,48,29,1.02083,0,0,0,1,0,0,11679,2937420,9993
1,bookshelf_thin,83,qpPlain,1,1,0.120251,11679,49,20.4058,1951,1951,370,-0.00851967,0.00249477,0,0,0.00769689,0,48,29,1.02083,0,0,0,1,0,0,11679,4005897,11679
1,bookshelf_thin,83,qpAdaptive,1,1,0.092161,8777,49,20.4135,1748,1748,371,-0.00851752,0.00249477,0,0,0.010257,0.125328,48,29,1.02083,0,0,0,0.873647,0.123391,0.00296229,8777,2219248,8584
1,bookshelf_thin,83,qpFreeGate,1,1,0.0826348,10282,42,14.6057,1248,1248,0,0.00248729,0.00249477,0,0,0.00567101,0,81,29,0.518519,0,0,0,1,0,0,0,0,0
1,bookshelf_thin,83,qpFreeEnvelope,1,1,0.0178429,783,43,25.144,1303,1303,0,0.000510189,0.00249477,0,0,0.0853465,0.895275,83,31,0.518072,0,0,0,0.0924262,0.795892,0.111682,0,0,0
1,bookshelf_thin,83,qpEnvelope,1,1,0.0361717,3279,22,18.4996,1312,1312,0,9.41073e-06,0.00249477,0,0,0.0136142,0.05276,22,12,1,0,0,0,0.94663,0.0472705,0.00609942,3279,858181,3249
1,bookshelf_thin,90,isSafe,0,0,0,0,0,0,0,0,0,inf,inf,0,0,0,0,0,0,0,0,0,0,0,0,0,0,0,0
1,bookshelf_thin,90,qpFixed,0,0,0,0,0,0,0,0,0,inf,inf,0,0,0,0,0,0,0,0,0,0,0,0,0,0,0,0
1,bookshelf_thin,90,qpPlain,0,0,0,0,0,0,0,0,0,inf,inf,0,0,0,0,0,0,0,0,0,0,0,0,0,0,0,0
1,bookshelf_thin,90,qpAdaptive,0,0,0,0,0,0,0,0,0,inf,inf,0,0,0,0,0,0,0,0,0,0,0,0,0,0,0,0
1,bookshelf_thin,90,qpFreeGate,0,0,0,0,0,0,0,0,0,inf,inf,0,0,0,0,0,0,0,0,0,0,0,0,0,0,0,0
1,bookshelf_thin,90,qpFreeEnvelope,0,0,0,0,0,0,0,0,0,inf,inf,0,0,0,0,0,0,0,0,0,0,0,0,0,0,0,0
1,bookshelf_thin,90,qpEnvelope,0,0,0,0,0,0,0,0,0,inf,inf,0,0,0,0,0,0,0,0,0,0,0,0,0,0,0,0
1,bookshelf_thin,97,isSafe,0,0,0,0,0,0,0,0,0,inf,inf,0,0,0,0,0,0,0,0,0,0,0,0,0,0,0,0
1,bookshelf_thin,97,qpFixed,0,0,0,0,0,0,0,0,0,inf,inf,0,0,0,0,0,0,0,0,0,0,0,0,0,0,0,0
1,bookshelf_thin,97,qpPlain,0,0,0,0,0,0,0,0,0,inf,inf,0,0,0,0,0,0,0,0,0,0,0,0,0,0,0,0
1,bookshelf_thin,97,qpAdaptive,0,0,0,0,0,0,0,0,0,inf,inf,0,0,0,0,0,0,0,0,0,0,0,0,0,0,0,0
1,bookshelf_thin,97,qpFreeGate,0,0,0,0,0,0,0,0,0,inf,inf,0,0,0,0,0,0,0,0,0,0,0,0,0,0,0,0
1,bookshelf_thin,97,qpFreeEnvelope,0,0,0,0,0,0,0,0,0,inf,inf,0,0,0,0,0,0,0,0,0,0,0,0,0,0,0,0
1,bookshelf_thin,97,qpEnvelope,0,0,0,0,0,0,0,0,0,inf,inf,0,0,0,0,0,0,0,0,0,0,0,0,0,0,0,0
1,table_under_pick,4,isSafe,1,1,0.00389724,1101,8,10.3498,7,519,0,0.00405673,0.00249477,0,0,0,0,17,3,0.470588,0,0,0,0,0,0,0,0,0
1,table_under_pick,4,qpFixed,1,1,0.0104967,1462,12,7.09417,580,580,0,0.00484679,0.00249477,0,0,0.0106749,0,4,4,3,0,0,0,1,0,0,1462,418375,1242
1,table_under_pick,4,qpPlain,1,1,0.0105405,1462,12,7.09417,580,580,0,0.00484679,0.00249477,0,0,0.0106749,0,4,4,3,0,0,0,1,0,0,1462,501466,1462
1,table_under_pick,4,qpAdaptive,1,1,0.00673904,857,12,7.10018,476,476,0,0.00484387,0.00249477,0,0,0.0182232,0.463244,4,4,3,0,0,0,0.533256,0.456243,0.0105018,857,248368,818
1,table_under_pick,4,qpFreeGate,1,1,0.0120782,2089,10,13.3576,1076,1076,0,0.0026447,0.00249477,0,0,0.00677129,0,17,5,0.588235,0,0,0,1,0,0,0,0,0
1,table_under_pick,4,qpFreeEnvelope,1,1,0.00240885,154,10,13.477,706,706,0,0.000147929,0.00249477,0,0,0.0930615,0.941558,17,5,0.588235,0,0,0,0.0324675,0.87013,0.0974026,0,0,0
1,table_under_pick,4,qpEnvelope,1,1,0.00400855,463,12,7.1198,402,402,0,0.00481937,0.00249477,0,0,0.0338703,0.529158,4,4,3,0,0,0,0.466523,0.514039,0.0194384,463,134654,440
1,table_under_pick,11,isSafe,0,0,0,0,0,0,0,0,0,inf,inf,0,0,0,0,0,0,0,0,0,0,0,0,0,0,0,0
1,table_under_pick,11,qpFixed,0,0,0,0,0,0,0,0,0,inf,inf,0,0,0,0,0,0,0,0,0,0,0,0,0,0,0,0
1,table_under_pick,11,qpPlain,0,0,0,0,0,0,0,0,0,inf,inf,0,0,0,0,0,0,0,0,0,0,0,0,0,0,0,0
1,table_under_pick,11,qpAdaptive,0,0,0,0,0,0,0,0,0,inf,inf,0,0,0,0,0,0,0,0,0,0,0,0,0,0,0,0
1,table_under_pick,11,qpFreeGate,0,0,0,0,0,0,0,0,0,inf,inf,0,0,0,0,0,0,0,0,0,0,0,0,0,0,0,0
1,table_under_pick,11,qpFreeEnvelope,0,0,0,0,0,0,0,0,0,inf,inf,0,0,0,0,0,0,0,0,0,0,0,0,0,0,0,0
1,table_under_pick,11,qpEnvelope,0,0,0,0,0,0,0,0,0,inf,inf,0,0,0,0,0,0,0,0,0,0,0,0,0,0,0,0
1,table_under_pick,18,isSafe,1,1,0.0184082,4020,20,12.8923,8,646,0,0.00164637,0.00249477,0,0,0,0,171,14,0.116959,0,0,0,0,0,0,0,0,0
1,table_under_pick,18,qpFixed,1,1,0.0107486,1565,17,13.7577,980,980,0,0.00282571,0.00249477,0,0,0.0132109,0,3,3,5.66667,0,0,0,1,0,0,1565,396701,675
1,table_under_pick,18,qpPlain,1,1,0.0105626,1565,17,13.7577,980,980,0,0.00282571,0.00249477,0,0,0.0132109,0,3,3,5.66667,0,0,0,1,0,0,1565,536795,1565
1,table_under_pick,18,qpAdaptive,1,1,0.00322119,398,16,13.7618,789,789,0,0.00282396,0.00249477,0,0,0.0520041,0.547739,3,3,5.33333,0,0,0,0.442211,0.522613,0.0351759,398,115145,323
1,table_under_pick,18,qpFreeGate,1,1,0.0351426,6056,9,10.3334,1031,1031,0,0.00204229,0.00249477,0,0,0.0021929,0,101,4,0.0891089,0,0,0,1,0,0,0,0,0
1,table_under_pick,18,qpFreeEnvelope,1,1,0.00952529,608,10,11.2385,609,609,0,0.00264065,0.00249477,0,0,0.031137,0.980263,101,5,0.0990099,0,0,0,0.00329489,0.853377,0.143328,0,0,0
1,table_under_pick,18,qpEnvelope,1,1,0.00164527,183,15,13.7639,742,742,0,0.00280808,0.00249477,0,0,0.112852,0.57377,3,3,5,0,0,0,0.415301,0.508197,0.0765027,183,50883,148
1,table_under_pick,25,isSafe,1,1,0.00364972,1049,7,9.74239,6,489,0,0.00362873,0.00249477,0,0,0,0,40,4,0.175,0,0,0,0,0,0,0,0,0
1,table_under_pick,25,qpFixed,1,1,0.00696582,963,10,10.0031,777,777,0,0.000773203,0.00249477,0,0,0.0112919,0,4,3,2.5,0,0,0,1,0,0,963,285241,849
1,table_under_pick,25,qpPlain,1,1,0.00691975,963,10,10.0031,777,777,0,0.000773203,0.00249477,0,0,0.0112919,0,4,3,2.5,0,0,0,1,0,0,963,330309,963
1,table_under_pick,25,qpAdaptive,1,1,0.00435684,566,10,9.98663,705,705,0,0.000805256,0.00249477,0,0,0.0191871,0.471731,4,3,2.5,0,0,0,0.522968,0.464664,0.0123675,566,164766,542
1,table_under_pick,25,qpFreeGate,1,1,0.0317574,5514,17,15.012,1367,1367,0,0.00265841,0.00249477,0,0,0.00476956,0,34,12,0.5,0,0,0,1,0,0,0,0,0
1,table_under_pick,25,qpFreeEnvelope,1,1,0.00441383,278,18,15.301,822,822,0,0.00265499,0.00249477,0,0,0.0946727,0.982014,34,13,0.529412,0,0,0,0.0107914,0.834532,0.154676,0,0,0
1,table_under_pick,25,qpEnvelope,1,1,0.00281922,334,10,9.94929,620,620,0,0.00084144,0.00249477,0,0,0.0324386,0.347305,4,3,2.5,0,0,0,0.649701,0.326347,0.0239521,334,95997,326
1,table_under_pick,32,isSafe,1,1,0.00532349,1515,10,10.0495,7,504,0,0.000731486,0.00249477,0,0,0,0,55,6,0.181818,0,0,0,0,0,0,0,0,0
1,table_under_pick,32,qpFixed,1,1,0.0229408,3117,34,20.8854,1807,1807,0,0.00220191,0.00249477,0,0,0.0101176,0,10,10,3.4,0,0,0,1,0,0,3117,901518,3027
1,table_under_pick,32,qpPlain,1,1,0.0230751,3117,34,20.8854,1807,1807,0,0.00220191,0.00249477,0,0,0.0101176,0,10,10,3.4,0,0,0,1,0,0,3117,1069131,3117
1,table_under_pick,32,qpAdaptive,1,1,0.0166454,2120,33,20.8586,1529,1529,0,0.00217619,0.00249477,0,0,0.0148673,0.263208,10,10,3.3,0,0,0,0.733962,0.25566,0.0103774,2120,621965,2098
1,table_under_pick,32,qpFreeGate,1,1,0.0702381,12164,33,12.3723,1078,1078,0,0.00146268,0.00249477,0,0,0.00373487,0,111,27,0.297297,0,0,0,1,0,0,0,0,0
1,table_under_pick,32,qpFreeEnvelope,1,1,0.0113613,749,37,21.8898,1149,1149,0,0.00147131,0.00249477,0,0,0.0669785,0.959947,97,23,0.381443,0,0,0,0.0161725,0.849057,0.134771,0,0,0
1,table_under_pick,32,qpEnvelope,1,1,0.014381,1726,32,23.6547,1473,1473,0,0.00254904,0.00249477,0,0,0.026251,0.206257,15,14,2.13333,0,0,0,0.792005,0.192352,0.0156431,1726,504976,1610
1,table_under_pick,39,isSafe,1,1,0.00397779,1135,8,10.5619,7,530,0,0.00221266,0.00249477,0,0,0,0,15,4,0.533333,0,0,0,0,0,0,0,0,0
1,table_under_pick,39,qpFixed,1,1,0.0109268,1632,13,14.4102,1148,1148,0,0.000386012,0.00249477,0,0,0.0115395,0,5,5,2.6,0,0,0,1,0,0,1632,409248,1324
1,table_under_pick,39,qpPlain,1,1,0.0116373,1632,13,14.4102,1148,1148,0,0.000386012,0.00249477,0,0,0.0115395,0,5,5,2.6,0,0,0,1,0,0,1632,559776,1632
1,table_under_pick,39,qpAdaptive,1,1,0.00673532,907,13,14.412,969,969,0,0.000359275,0.00249477,0,0,0.0207738,0.415656,5,5,2.6,0,0,0,0.579934,0.411246,0.00882029,907,229496,875
1,table_under_pick,39,qpFreeGate,1,1,0.0177958,3103,13,14.0045,1228,1228,0,0.00130763,0.00249477,0,0,0.00548685,0,25,9,0.52,0,0,0,1,0,0,0,0,0
1,table_under_pick,39,qpFreeEnvelope,1,1,0.00867691,597,21,8.53778,470,470,0,0.000865748,0.00249477,0,0,0.0541291,0.926298,73,17,0.287671,0,0,0,0.0541455,0.834179,0.111675,0,0,0
1,table_under_pick,39,qpEnvelope,1,1,0.00485392,599,13,14.4008,898,898,0,0.00032536,0.00249477,0,0,0.0314368,0.42571,5,5,2.6,0,0,0,0.57429,0.412354,0.0133556,599,152643,586
1,table_under_pick,46,isSafe,1,1,0.00970092,2805,16,10.4759,7,525,0,0.00351309,0.00249477,0,0,0,0,68,12,0.235294,0,0,0,0,0,0,0,0,0
1,table_under_pick,46,qpFixed,1,1,0.00541349,787,8,8.8448,788,788,0,0.000209353,0.00249477,0,0,0.0112386,0,1,1,8,0,0,0,1,0,0,787,226827,645
1,table_under_pick,46,qpPlain,1,1,0.00559818,787,8,8.8448,788,788,0,0.000209353,0.00249477,0,0,0.0112386,0,1,1,8,0,0,0,1,0,0,787,269941,787
1,table_under_pick,46,qpAdaptive,1,1,0.00443884,598,8,8.83893,734,734,0,0.000213556,0.00249477,0,0,0.0147808,0.158863,1,1,8,0,0,0,0.841137,0.153846,0.00501672,598,171257,565
1,table_under_pick,46,qpFreeGate,1,1,0.0922865,16023,42,18.3147,2075,2075,0,0.000525263,0.00249477,0,0,0.00377555,0,127,34,0.330709,0,0,0,1,0,0,0,0,0
1,table_under_pick,46,qpFreeEnvelope,1,1,0.0125904,798,41,22.4517,1175,1175,0,0.000207138,0.00249477,0,0,0.081047,0.927318,111,34,0.369369,0,0,0,0.0380228,0.835234,0.126743,0,0,0
1,table_under_pick,46,qpEnvelope,1,1,0.00312084,388,8,8.83488,630,630,0,0.000226013,0.00249477,0,0,0.0227703,0.159794,1,1,8,0,0,0,0.837629,0.149485,0.0128866,388,112560,375
1,table_under_pick,53,isSafe,1,0,10.0001,2419560,25957,0,0,0,0,inf,inf,0,0,0,0,223595,25955,0.116089,0,0,0,0,0,0,0,0,0
1,table_under_pick,53,qpFixed,1,0,10.002,1401235,2668,0,0,0,0,inf,inf,0,0,0.005472,0,6486,2554,0.411348,0,0,0,1,0,0,1401235,418774173,1336103
1,table_under_pick,53,qpPlain,1,0,10.0019,1398885,2663,0,0,0,0,inf,inf,0,0,0.00547183,0,6475,2549,0.411274,0,0,0,1,0,0,1398885,479817555,1398885
1,table_under_pick,53,qpAdaptive,1,0,10.0009,1320624,2769,0,0,0,0,inf,inf,0,0,0.00602951,0.0553693,6795,2656,0.407506,0,0,0,0.944368,0.0546182,0.00101392,1320624,396397734,1306851
1,table_under_pick,53,qpFreeGate,1,0,10.0007,1712136,2870,0,0,0,0,inf,inf,0,0,0.00242733,0,16321,2866,0.175847,0,0,0,1,0,0,0,0,0
1,table_under_pick,53,qpFreeEnvelope,1,0,10,494427,28109,0,0,0,0,inf,inf,0,0,0.0530006,0.697391,176563,28104,0.159201,0,0,0,0.00214411,0.864497,0.133359,0,0,0
1,table_under_pick,53,qpEnvelope,1,0,10.0011,1311532,2855,0,0,0,0,inf,inf,0,0,0.00629395,0.00652519,7078,2743,0.403363,0,0,0,0.993435,0.0055096,0.00105526,1311532,393470415,1307234
1,table_under_pick,60,isSafe,1,1,0.00371186,1068,8,10.5943,7,531,0,0.0052622,0.00249477,0,0,0,0,2,2,4,0,0,0,0,0,0,0,0,0
1,table_under_pick,60,qpFixed,1,1,0.00383083,640,12,9.68945,641,641,0,0.00504578,0.00249477,0,0,0.0151398,0,1,1,12,0,0,0,1,0,0,640,168822,151
1,table_under_pick,60,qpPlain,1,1,0.00418945,640,12,9.68945,641,641,0,0.00504578,0.00249477,0,0,0.0151398,0,1,1,12,0,0,0,1,0,0,640,219520,640
1,table_under_pick,60,qpAdaptive,1,1,0.000690835,100,11,9.69059,528,528,0,0.0050459,0.00249477,0,0,0.0969059,0.64,1,1,11,0,0,0,0.33,0.58,0.09,100,27748,53
1,table_under_pick,60,qpFreeGate,1,1,0.00442237,760,8,10.5237,694,694,0,0.0052622,0.00249477,0,0,0.0138766,0,2,2,4,0,0,0,1,0,0,0,0,0
1,table_under_pick,60,qpFreeEnvelope,1,1,0.000746234,48,8,10.5405,548,548,0,0.0052622,0.00249477,0,0,0.220177,0.895833,2,2,4,0,0,0,0.0833333,0.791667,0.125,0,0,0
1,table_under_pick,60,qpEnvelope,1,1,0.000506226,55,7,9.68402,507,507,0,0.00504601,0.00249477,0,0,0.176073,0.618182,1,1,7,0,0,0,0.381818,0.527273,0.0909091,55,14724,35
1,table_under_pick,68,isSafe,1,1,0.0093512,2703,15,14.1229,9,708,0,0.00485263,0.00249477,0,0,0,0,102,10,0.147059,0,0,0,0,0,0,0,0,0
1,table_under_pick,68,qpFixed,1,1,0.0598793,8354,53,22.0417,1830,1830,0,1.98221e-05,0.00249477,0,0,0.00968766,0,31,28,1.70968,0,0,0,1,0,0,8354,2280872,7918
1,table_under_pick,68,qpPlain,1,1,0.0616621,8354,53,22.0417,1830,1830,0,1.98221e-05,0.00249477,0,0,0.00968766,0,31,28,1.70968,0,0,0,1,0,0,8354,2865422,8354
1,table_under_pick,68,qpAdaptive,1,1,0.0448249,5841,53,22.062,1692,1692,0,1.93273e-05,0.00249477,0,0,0.0138947,0.24465,31,28,1.70968,0,0,0,0.753296,0.241568,0.00513611,5841,1618315,5740
1,table_under_pick,68,qpFreeGate,1,1,0.11964,20789,38,16.3575,1570,1570,0,0.00485263,0.00249477,0,0,0.00310758,0,167,35,0.227545,0,0,0,1,0,0,0,0,0
1,table_under_pick,68,qpFreeEnvelope,1,1,0.0165845,1040,37,28.1513,1458,1458,0,0.00036448,0.00249477,0,0,0.0633908,0.958654,159,32,0.232704,0,0,0,0.0135659,0.856589,0.129845,0,0,0
1,table_under_pick,68,qpEnvelope,1,1,0.0352372,4369,53,22.1261,1529,1529,0,1.54509e-05,0.00249477,0,0,0.0186448,0.208972,31,28,1.70968,0,0,0,0.789883,0.202335,0.0077821,4369,1219837,4344
1,table_under_pick,75,isSafe,0,0,0,0,0,0,0,0,0,inf,inf,0,0,0,0,0,0,0,0,0,0,0,0,0,0,0,0
1,table_under_pick,75,qpFixed,0,0,0,0,0,0,0,0,0,inf,inf,0,0,0,0,0,0,0,0,0,0,0,0,0,0,0,0
1,table_under_pick,75,qpPlain,0,0,0,0,0,0,0,0,0,inf,inf,0,0,0,0,0,0,0,0,0,0,0,0,0,0,0,0
1,table_under_pick,75,qpAdaptive,0,0,0,0,0,0,0,0,0,inf,inf,0,0,0,0,0,0,0,0,0,0,0,0,0,0,0,0
1,table_under_pick,75,qpFreeGate,0,0,0,0,0,0,0,0,0,inf,inf,0,0,0,0,0,0,0,0,0,0,0,0,0,0,0,0
1,table_under_pick,75,qpFreeEnvelope,0,0,0,0,0,0,0,0,0,inf,inf,0,0,0,0,0,0,0,0,0,0,0,0,0,0,0,0
1,table_under_pick,75,qpEnvelope,0,0,0,0,0,0,0,0,0,inf,inf,0,0,0,0,0,0,0,0,0,0,0,0,0,0,0,0
1,table_under_pick,82,isSafe,1,1,0.00525856,1515,9,11.4739,7,575,0,0.00518035,0.00249477,0,0,0,0,22,5,0.409091,0,0,0,0,0,0,0,0,0
1,table_under_pick,82,qpFixed,1,1,0.00883577,1354,17,11.4272,1002,1002,0,0.00141353,0.00249477,0,0,0.0101782,0,4,4,4.25,0,0,0,1,0,0,1354,339174,983
1,table_under_pick,82,qpPlain,1,1,0.00952088,1354,17,11.4272,1002,1002,0,0.00141353,0.00249477,0,0,0.0101782,0,4,4,4.25,0,0,0,1,0,0,1354,464422,1354
1,table_under_pick,82,qpAdaptive,1,1,0.0038924,524,18,11.462,780,780,0,0.00135097,0.00249477,0,0,0.0265387,0.486641,4,4,4.5,0,0,0,0.503817,0.467557,0.028626,524,136208,487
1,table_under_pick,82,qpFreeGate,1,1,0.0197111,3413,12,12.6322,1071,1071,0,0.00244431,0.00249477,0,0,0.00548974,0,28,7,0.428571,0,0,0,1,0,0,0,0,0
1,table_under_pick,82,qpFreeEnvelope,1,1,0.00334739,212,12,12.6277,663,663,0,0.00155908,0.00249477,0,0,0.0888468,0.95283,28,7,0.428571,0,0,0,0.0283019,0.849057,0.122642,0,0,0
1,table_under_pick,82,qpEnvelope,1,1,0.00244554,299,20,11.5294,713,713,0,0.00115638,0.00249477,0,0,0.0467771,0.384615,4,4,5,0,0,0,0.602007,0.337793,0.0602007,299,77397,282
1,table_under_pick,89,isSafe,0,0,0,0,0,0,0,0,0,inf,inf,0,0,0,0,0,0,0,0,0,0,0,0,0,0,0,0
1,table_under_pick,89,qpFixed,0,0,0,0,0,0,0,0,0,inf,inf,0,0,0,0,0,0,0,0,0,0,0,0,0,0,0,0
1,table_under_pick,89,qpPlain,0,0,0,0,0,0,0,0,0,inf,inf,0,0,0,0,0,0,0,0,0,0,0,0,0,0,0,0
1,table_under_pick,89,qpAdaptive,0,0,0,0,0,0,0,0,0,inf,inf,0,0,0,0,0,0,0,0,0,0,0,0,0,0,0,0
1,table_under_pick,89,qpFreeGate,0,0,0,0,0,0,0,0,0,inf,inf,0,0,0,0,0,0,0,0,0,0,0,0,0,0,0,0
1,table_under_pick,89,qpFreeEnvelope,0,0,0,0,0,0,0,0,0,inf,inf,0,0,0,0,0,0,0,0,0,0,0,0,0,0,0,0
1,table_under_pick,89,qpEnvelope,0,0,0,0,0,0,0,0,0,inf,inf,0,0,0,0,0,0,0,0,0,0,0,0,0,0,0,0
1,table_under_pick,96,isSafe,1,0,10,2396163,25625,0,0,0,0,inf,inf,0,0,0,0,225159,25623,0.113808,0,0,0,0,0,0,0,0,0
1,table_under_pick,96,qpFixed,1,0,10.0005,1398932,2683,0,0,0,0,inf,inf,0,0,0.00548061,0,6469,2565,0.414747,0,0,0,1,0,0,1398932,418181219,1337927
1,table_under_pick,96,qpPlain,1,0,10.0004,1394628,2676,0,0,0,0,inf,inf,0,0,0.00548314,0,6448,2558,0.415012,0,0,0,1,0,0,1394628,478357404,1394628
1,table_under_pick,96,qpAdaptive,1,0,10.0008,1320908,2780,0,0,0,0,inf,inf,0,0,0.00601309,0.0523867,6724,2655,0.413444,0,0,0,0.947347,0.0516706,0.00098266,1320908,396005916,1307549
1,table_under_pick,96,qpFreeGate,1,0,10.0016,1716810,2911,0,0,0,0,inf,inf,0,0,0.00242468,0,16408,2906,0.177413,0,0,0,1,0,0,0,0,0
1,table_under_pick,96,qpFreeEnvelope,1,0,10,499313,28006,0,0,0,0,inf,inf,0,0,0.0525015,0.701894,176957,27997,0.158264,0,0,0,0.00183006,0.865619,0.132551,0,0,0
1,table_under_pick,96,qpEnvelope,1,0,10.0003,1308992,2892,0,0,0,0,inf,inf,0,0,0.00634907,0.00810777,7065,2775,0.409342,0,0,0,0.991839,0.00707875,0.00108252,1308992,392795312,1304797
1,bookshelf_small,3,isSafe,1,1,0.0638263,26627,128,21.5732,12,1080,0,0.00459831,0.00249477,0,0,0,0,1012,125,0.126482,0,0,0,0,0,0,0,0,0
1,bookshelf_small,3,qpFixed,1,1,0.00712311,1306,13,11.8865,936,936,0,0.00101758,0.00249477,0,0,0.013145,0,2,2,6.5,0,0,0,1,0,0,1306,352946,731
1,bookshelf_small,3,qpPlain,1,1,0.00768592,1306,13,11.8865,936,936,0,0.00101758,0.00249477,0,0,0.013145,0,2,2,6.5,0,0,0,1,0,0,1306,447958,1306
1,bookshelf_small,3,qpAdaptive,1,1,0.00412066,624,14,11.889,768,768,0,0.000990487,0.00249477,0,0,0.0275452,0.219551,2,2,7,0,0,0,0.778846,0.205128,0.0160256,624,182234,551
1,bookshelf_small,3,qpFreeGate,1,1,0.145462,31094,72,16.8462,1656,1656,0,0.00497824,0.00249477,0,0,0.00389473,0,232,65,0.310345,0,0,0,1,0,0,0,0,0
1,bookshelf_small,3,qpFreeEnvelope,1,1,0.0196886,1738,64,23.3114,1251,1251,0,0.00195779,0.00249477,0,0,0.0667049,0.901611,232,56,0.275862,0,0,0,0.0705539,0.794169,0.135277,0,0,0
1,bookshelf_small,3,qpEnvelope,1,1,0.00307198,425,12,11.8481,713,713,0,0.000552426,0.00249477,0,0,0.0406646,0.258824,2,2,6,0,0,0,0.741176,0.235294,0.0235294,425,123769,397
1,bookshelf_small,11,isSafe,0,0,0,0,0,0,0,0,0,inf,inf,0,0,0,0,0,0,0,0,0,0,0,0,0,0,0,0
1,bookshelf_small,11,qpFixed,0,0,0,0,0,0,0,0,0,inf,inf,0,0,0,0,0,0,0,0,0,0,0,0,0,0,0,0
1,bookshelf_small,11,qpPlain,0,0,0,0,0,0,0,0,0,inf,inf,0,0,0,0,0,0,0,0,0,0,0,0,0,0,0,0
1,bookshelf_small,11,qpAdaptive,0,0,0,0,0,0,0,0,0,inf,inf,0,0,0,0,0,0,0,0,0,0,0,0,0,0,0,0
1,bookshelf_small,11,qpFreeGate,0,0,0,0,0,0,0,0,0,inf,inf,0,0,0,0,0,0,0,0,0,0,0,0,0,0,0,0
1,bookshelf_small,11,qpFreeEnvelope,0,0,0,0,0,0,0,0,0,inf,inf,0,0,0,0,0,0,0,0,0,0,0,0,0,0,0,0
1,bookshelf_small,11,qpEnvelope,0,0,0,0,0,0,0,0,0,inf,inf,0,0,0,0,0,0,0,0,0,0,0,0,0,0,0,0
1,bookshelf_small,18,isSafe,1,1,0.00471769,1933,12,10.5803,7,531,0,0.00267381,0.00249477,0,0,0,0,16,8,0.75,0,0,0,0,0,0,0,0,0
1,bookshelf_small,18,qpFixed,1,1,0.00226363,431,6,6.10906,432,432,0,0.00173695,0.00249477,0,0,0.0141742,0,1,1,6,0,0,0,1,0,0,431,99662,208
1,bookshelf_small,18,qpPlain,1,1,0.0025828,431,6,6.10906,432,432,0,0.00173695,0.00249477,0,0,0.0141742,0,1,1,6,0,0,0,1,0,0,431,147833,431
1,bookshelf_small,18,qpAdaptive,1,1,0.0015172,244,6,6.10983,391,391,0,0.00173682,0.00249477,0,0,0.0250403,0.122951,1,1,6,0,0,0,0.877049,0.110656,0.0122951,244,56179,204
1,bookshelf_small,18,qpFreeGate,1,1,0.0107876,2322,12,10.0566,780,780,0,0.00267381,0.00249477,0,0,0.00817584,0,16,8,0.75,0,0,0,1,0,0,0,0,0
1,bookshelf_small,18,qpFreeEnvelope,1,1,0.00170117,145,12,10.102,524,524,0,0.00267381,0.00249477,0,0,0.13239,0.868966,16,8,0.75,0,0,0,0.117241,0.751724,0.131034,0,0,0
1,bookshelf_small,18,qpEnvelope,1,1,0.00101695,157,6,6.11089,362,362,0,0.00202102,0.00249477,0,0,0.0389229,0.101911,1,1,6,0,0,0,0.898089,0.0828025,0.0191083,157,36112,142
1,bookshelf_small,26,isSafe,0,0,0,0,0,0,0,0,0,inf,inf,0,0,0,0,0,0,0,0,0,0,0,0,0,0,0,0
1,bookshelf_small,26,qpFixed,0,0,0,0,0,0,0,0,0,inf,inf,0,0,0,0,0,0,0,0,0,0,0,0,0,0,0,0
1,bookshelf_small,26,qpPlain,0,0,0,0,0,0,0,0,0,inf,inf,0,0,0,0,0,0,0,0,0,0,0,0,0,0,0,0
1,bookshelf_small,26,qpAdaptive,0,0,0,0,0,0,0,0,0,inf,inf,0,0,0,0,0,0,0,0,0,0,0,0,0,0,0,0
1,bookshelf_small,26,qpFreeGate,0,0,0,0,0,0,0,0,0,inf,inf,0,0,0,0,0,0,0,0,0,0,0,0,0,0,0,0
1,bookshelf_small,26,qpFreeEnvelope,0,0,0,0,0,0,0,0,0,inf,inf,0,0,0,0,0,0,0,0,0,0,0,0,0,0,0,0
1,bookshelf_small,26,qpEnvelope,0,0,0,0,0,0,0,0,0,inf,inf,0,0,0,0,0,0,0,0,0,0,0,0,0,0,0,0
1,bookshelf_small,34,isSafe,1,1,0.019845,8278,41,8.17244,6,410,0,0.00141367,0.00249477,0,0,0,0,228,37,0.179825,0,0,0,0,0,0,0,0,0
1,bookshelf_small,34,qpFixed,1,1,0.00373267,726,6,7.95616,589,589,0,0.00184063,0.00249477,0,0,0.0122511,0,2,2,3,0,0,0,1,0,0,726,193685,232
1,bookshelf_small,34,qpPlain,1,1,0.0041108,726,6,7.95616,589,589,0,0.00184063,0.00249477,0,0,0.0122511,0,2,2,3,0,0,0,1,0,0,726,249018,726
1,bookshelf_small,34,qpAdaptive,1,1,0.00153763,231,6,7.95614,446,446,0,0.00184063,0.00249477,0,0,0.0385033,0.242424,2,2,3,0,0,0,0.757576,0.225108,0.017316,231,70789,196
1,bookshelf_small,34,qpFreeGate,1,1,0.0988567,21014,58,8.5635,717,717,0,0.00141527,0.00249477,0,0,0.0046634,0,228,54,0.254386,0,0,0,1,0,0,0,0,0
1,bookshelf_small,34,qpFreeEnvelope,1,1,0.0169208,1454,59,8.76701,456,456,0,0.00141144,0.00249477,0,0,0.0665641,0.950481,228,54,0.258772,0,0,0,0.0159944,0.883866,0.100139,0,0,0
1,bookshelf_small,34,qpEnvelope,1,1,0.00141409,189,6,7.96648,422,422,0,0.00184063,0.00249477,0,0,0.0471143,0.0952381,2,2,3,0,0,0,0.904762,0.0740741,0.021164,189,57859,177
1,bookshelf_small,41,isSafe,0,0,0,0,0,0,0,0,0,inf,inf,0,0,0,0,0,0,0,0,0,0,0,0,0,0,0,0
1,bookshelf_small,41,qpFixed,0,0,0,0,0,0,0,0,0,inf,inf,0,0,0,0,0,0,0,0,0,0,0,0,0,0,0,0
1,bookshelf_small,41,qpPlain,0,0,0,0,0,0,0,0,0,inf,inf,0,0,0,0,0,0,0,0,0,0,0,0,0,0,0,0
1,bookshelf_small,41,qpAdaptive,0,0,0,0,0,0,0,0,0,inf,inf,0,0,0,0,0,0,0,0,0,0,0,0,0,0,0,0
1,bookshelf_small,41,qpFreeGate,0,0,0,0,0,0,0,0,0,inf,inf,0,0,0,0,0,0,0,0,0,0,0,0,0,0,0,0
1,bookshelf_small,41,qpFreeEnvelope,0,0,0,0,0,0,0,0,0,inf,inf,0,0,0,0,0,0,0,0,0,0,0,0,0,0,0,0
1,bookshelf_small,41,qpEnvelope,0,0,0,0,0,0,0,0,0,inf,inf,0,0,0,0,0,0,0,0,0,0,0,0,0,0,0,0
1,bookshelf_small,48,isSafe,1,1,0.00189662,794,6,7.83937,5,393,0,0.00237746,0.00249477,0,0,0,0,4,2,1.5,0,0,0,0,0,0,0,0,0
1,bookshelf_small,48,qpFixed,1,1,0.00676215,1322,23,10.9719,842,842,0,0.00237746,0.00249477,0,0,0.0130184,0,3,3,7.66667,0,0,0,1,0,0,1322,342294,590
1,bookshelf_small,48,qpPlain,1,1,0.00744025,1322,23,10.9719,842,842,0,0.00237746,0.00249477,0,0,0.0130184,0,3,3,7.66667,0,0,0,1,0,0,1322,453446,1322
1,bookshelf_small,48,qpAdaptive,1,1,0.00126798,209,24,11.0378,610,610,0,0.00237746,0.00249477,0,0,0.0821045,0.822967,3,3,8,0,0,0,0.157895,0.727273,0.114833,209,61210,137
1,bookshelf_small,48,qpFreeGate,1,1,0.00340902,720,13,6.91654,676,676,0,0.00237746,0.00249477,0,0,0.00962214,0,2,2,6.5,0,0,0,1,0,0,0,0,0
1,bookshelf_small,48,qpFreeEnvelope,1,1,0.000659252,49,10,9.47665,492,492,0,0.00237746,0.00249477,0,0,0.260692,0.959184,3,3,3.33333,0,0,0,0.0408163,0.755102,0.204082,0,0,0
1,bookshelf_small,48,qpEnvelope,1,1,0.00409734,581,34,10.498,560,560,0,0.00237746,0.00249477,0,0,0.0729888,0.258176,10,10,3.4,0,0,0,0.73494,0.204819,0.060241,581,172149,446
1,bookshelf_small,55,isSafe,1,1,0.00259891,1088,8,10.6337,7,533,0,0.000230698,0.00249477,0,0,0,0,6,3,1.33333,0,0,0,0,0,0,0,0,0
1,bookshelf_small,55,qpFixed,1,1,0.00498158,843,8,8.08779,585,585,0,0.00545332,0.00249477,0,0,0.0121701,0,2,2,4,0,0,0,1,0,0,843,226481,699
1,bookshelf_small,55,qpPlain,1,1,0.0052824,843,8,8.08779,585,585,0,0.00545332,0.00249477,0,0,0.0121701,0,2,2,4,0,0,0,1,0,0,843,289149,843
1,bookshelf_small,55,qpAdaptive,1,1,0.00419067,643,8,8.08647,527,527,0,0.00509746,0.00249477,0,0,0.0159601,0.157076,2,2,4,0,0,0,0.842924,0.152411,0.00466563,643,176693,567
1,bookshelf_small,55,qpFreeGate,1,1,0.0079523,1688,10,9.5428,956,956,0,0.0016902,0.00249477,0,0,0.00624606,0,9,5,1.11111,0,0,0,1,0,0,0,0,0
1,bookshelf_small,55,qpFreeEnvelope,1,1,0.00139284,128,10,10.1607,544,544,0,0.00145839,0.00249477,0,0,0.0857708,0.929688,9,5,1.11111,0,0,0,0.0625,0.828125,0.109375,0,0,0
1,bookshelf_small,55,qpEnvelope,1,1,0.00222436,339,8,8.04028,466,466,0,0.00187418,0.00249477,0,0,0.030245,0.117994,2,2,4,0,0,0,0.879056,0.106195,0.0147493,339,93071,304
1,bookshelf_small,62,isSafe,0,0,0,0,0,0,0,0,0,inf,inf,0,0,0,0,0,0,0,0,0,0,0,0,0,0,0,0
1,bookshelf_small,62,qpFixed,0,0,0,0,0,0,0,0,0,inf,inf,0,0,0,0,0,0,0,0,0,0,0,0,0,0,0,0
1,bookshelf_small,62,qpPlain,0,0,0,0,0,0,0,0,0,inf,inf,0,0,0,0,0,0,0,0,0,0,0,0,0,0,0,0
1,bookshelf_small,62,qpAdaptive,0,0,0,0,0,0,0,0,0,inf,inf,0,0,0,0,0,0,0,0,0,0,0,0,0,0,0,0
1,bookshelf_small,62,qpFreeGate,0,0,0,0,0,0,0,0,0,inf,inf,0,0,0,0,0,0,0,0,0,0,0,0,0,0,0,0
1,bookshelf_small,62,qpFreeEnvelope,0,0,0,0,0,0,0,0,0,inf,inf,0,0,0,0,0,0,0,0,0,0,0,0,0,0,0,0
1,bookshelf_small,62,qpEnvelope,0,0,0,0,0,0,0,0,0,inf,inf,0,0,0,0,0,0,0,0,0,0,0,0,0,0,0,0
1,bookshelf_small,69,isSafe,0,0,0,0,0,0,0,0,0,inf,inf,0,0,0,0,0,0,0,0,0,0,0,0,0,0,0,0
1,bookshelf_small,69,qpFixed,0,0,0,0,0,0,0,0,0,inf,inf,0,0,0,0,0,0,0,0,0,0,0,0,0,0,0,0
1,bookshelf_small,69,qpPlain,0,0,0,0,0,0,0,0,0,inf,inf,0,0,0,0,0,0,0,0,0,0,0,0,0,0,0,0
1,bookshelf_small,69,qpAdaptive,0,0,0,0,0,0,0,0,0,inf,inf,0,0,0,0,0,0,0,0,0,0,0,0,0,0,0,0
1,bookshelf_small,69,qpFreeGate,0,0,0,0,0,0,0,0,0,inf,inf,0,0,0,0,0,0,0,0,0,0,0,0,0,0,0,0
1,bookshelf_small,69,qpFreeEnvelope,0,0,0,0,0,0,0,0,0,inf,inf,0,0,0,0,0,0,0,0,0,0,0,0,0,0,0,0
1,bookshelf_small,69,qpEnvelope,0,0,0,0,0,0,0,0,0,inf,inf,0,0,0,0,0,0,0,0,0,0,0,0,0,0,0,0
1,bookshelf_small,76,isSafe,0,0,0,0,0,0,0,0,0,inf,inf,0,0,0,0,0,0,0,0,0,0,0,0,0,0,0,0
1,bookshelf_small,76,qpFixed,0,0,0,0,0,0,0,0,0,inf,inf,0,0,0,0,0,0,0,0,0,0,0,0,0,0,0,0
1,bookshelf_small,76,qpPlain,0,0,0,0,0,0,0,0,0,inf,inf,0,0,0,0,0,0,0,0,0,0,0,0,0,0,0,0
1,bookshelf_small,76,qpAdaptive,0,0,0,0,0,0,0,0,0,inf,inf,0,0,0,0,0,0,0,0,0,0,0,0,0,0,0,0
1,bookshelf_small,76,qpFreeGate,0,0,0,0,0,0,0,0,0,inf,inf,0,0,0,0,0,0,0,0,0,0,0,0,0,0,0,0
1,bookshelf_small,76,qpFreeEnvelope,0,0,0,0,0,0,0,0,0,inf,inf,0,0,0,0,0,0,0,0,0,0,0,0,0,0,0,0
1,bookshelf_small,76,qpEnvelope,0,0,0,0,0,0,0,0,0,inf,inf,0,0,0,0,0,0,0,0,0,0,0,0,0,0,0,0
1,bookshelf_small,83,isSafe,1,1,0.00343177,1437,9,11.0031,7,552,0,0.00282687,0.00249477,0,0,0,0,28,5,0.321429,0,0,0,0,0,0,0,0,0
1,bookshelf_small,83,qpFixed,1,1,0.00173831,352,5,5.66811,353,353,0,0.00282687,0.00249477,0,0,0.0161026,0,1,1,5,0,0,0,1,0,0,352,93679,62
1,bookshelf_small,83,qpPlain,1,1,0.00192313,352,5,5.66811,353,353,0,0.00282687,0.00249477,0,0,0.0161026,0,1,1,5,0,0,0,1,0,0,352,120736,352
1,bookshelf_small,83,qpAdaptive,1,1,0.000523672,88,5,5.66821,322,322,0,0.00282687,0.00249477,0,0,0.0644115,0.647727,1,1,5,0,0,0,0.352273,0.613636,0.0340909,88,25576,52
1,bookshelf_small,83,qpFreeGate,1,1,0.0259999,5641,21,15.2282,1142,1142,0,0.00282687,0.00249477,0,0,0.0058424,0,42,16,0.5,0,0,0,1,0,0,0,0,0
1,bookshelf_small,83,qpFreeEnvelope,1,1,0.00370152,298,22,7.08227,367,367,0,0.00282687,0.00249477,0,0,0.113935,0.922819,45,17,0.488889,0,0,0,0.040678,0.80339,0.155932,0,0,0
1,bookshelf_small,83,qpEnvelope,1,1,0.000359141,40,5,5.66959,297,297,0,0.00282687,0.00249477,0,0,0.14174,0.375,1,1,5,0,0,0,0.625,0.3,0.075,40,11774,30
1,bookshelf_small,91,isSafe,1,1,0.0124613,5175,27,15.3085,9,767,0,0.00529398,0.00249477,0,0,0,0,111,24,0.243243,0,0,0,0,0,0,0,0,0
1,bookshelf_small,91,qpFixed,1,1,0.00575102,947,9,10.0575,948,948,263,-0.00923507,0.00249477,0,0,0.0106203,0,1,1,9,0,0,0,1,0,0,947,267136,617
1,bookshelf_small,91,qpPlain,1,1,0.00602292,947,9,10.0575,948,948,263,-0.00923507,0.00249477,0,0,0.0106203,0,1,1,9,0,0,0,1,0,0,947,324821,947
1,bookshelf_small,91,qpAdaptive,1,1,0.00442012,608,9,10.0793,818,818,266,-0.0099629,0.00249477,0,0,0.0165779,0.246711,1,1,9,0,0,0,0.753289,0.240132,0.00657895,608,185352,585
1,bookshelf_small,91,qpFreeGate,1,1,0.0541607,11418,30,19.5783,1780,1780,0,0.00170021,0.00249477,0,0,0.00429565,0,83,23,0.361446,0,0,0,1,0,0,0,0,0
1,bookshelf_small,91,qpFreeEnvelope,1,1,0.00635283,502,27,21.1531,1095,1095,0,0.00529398,0.00249477,0,0,0.10093,0.972112,83,22,0.325301,0,0,0,0,0.83,0.17,0,0,0
1,bookshelf_small,91,qpEnvelope,1,1,0.00321976,421,9,10.148,747,747,271,-0.0104033,0.00249477,0,0,0.0241046,0.106888,1,1,9,0,0,0,0.893112,0.0973872,0.00950119,421,127975,412
1,bookshelf_small,98,isSafe,1,1,0.00673065,2825,16,16.9637,10,850,0,0.00153153,0.00249477,0,0,0,0,48,12,0.333333,0,0,0,0,0,0,0,0,0
1,bookshelf_small,98,qpFixed,1,1,0.0030893,601,6,6.71969,602,602,0,0.000580698,0.00249477,0,0,0.0111809,0,1,1,6,0,0,0,1,0,0,601,151407,272
1,bookshelf_small,98,qpPlain,1,1,0.00344228,601,6,6.71969,602,602,0,0.000580698,0.00249477,0,0,0.0111809,0,1,1,6,0,0,0,1,0,0,601,206143,601
1,bookshelf_small,98,qpAdaptive,1,1,0.00173323,292,6,6.71978,478,478,0,0.000580698,0.00249477,0,0,0.023013,0.277397,1,1,6,0,0,0,0.722603,0.267123,0.010274,292,72203,237
1,bookshelf_small,98,qpFreeGate,1,1,0.026572,5769,21,10.5905,1023,1023,0,0.00188693,0.00249477,0,0,0.00543331,0,32,15,0.65625,0,0,0,1,0,0,0,0,0
1,bookshelf_small,98,qpFreeEnvelope,1,1,0.00321096,265,15,15.1752,797,797,0,0.00355966,0.00249477,0,0,0.0900597,0.992453,29,10,0.517241,0,0,0,0,0.856061,0.143939,0,0,0
1,bookshelf_small,98,qpEnvelope,1,1,0.00132036,199,6,6.72369,433,433,0,0.000580698,0.00249477,0,0,0.0337874,0.21608,1,1,6,0,0,0,0.78392,0.201005,0.0150754,199,48467,181
1,box,5,isSafe,1,1,0.00643216,2749,16,16.9523,10,849,0,0.0110095,0.00249477,0,0,0,0,44,12,0.363636,0,0,0,0,0,0,0,0,0
1,box,5,qpFixed,1,1,0.00245495,475,6,6.41064,481,481,0,0.00153862,0.00249477,0,0,0.0134961,0,1,1,6,0,0,0,1,0,0,475,121074,251
1,box,5,qpPlain,1,1,0.00268551,475,6,6.41064,481,481,0,0.00153862,0.00249477,0,0,0.0134961,0,1,1,6,0,0,0,1,0,0,475,162925,475
1,box,5,qpAdaptive,1,1,0.000915821,149,6,6.39855,382,382,0,0.00146529,0.00249477,0,0,0.0429433,0.47651,1,1,6,0,0,0,0.516779,0.456376,0.0268456,149,42177,126
1,box,5,qpFreeGate,1,1,0.0636372,13908,40,18.9119,1887,1887,0,0.00966666,0.00249477,0,0,0.00453375,0,86,33,0.465116,0,0,0,1,0,0,0,0,0
1,box,5,qpFreeEnvelope,1,1,0.00405222,354,28,15.7794,844,844,0,0.000518906,0.00249477,0,0,0.100297,0.951977,40,18,0.7,0,0,0,0.0254958,0.818697,0.155807,0,0,0
1,box,5,qpEnvelope,1,1,0.000645944,87,6,6.37388,350,350,0,0.00116663,0.00249477,0,0,0.073263,0.310345,1,1,6,0,0,0,0.689655,0.264368,0.045977,87,24789,75
1,box,12,isSafe,1,1,0.0155668,6623,34,15.5772,9,780,0,0.00390135,0.00249477,0,0,0,0,132,31,0.257576,0,0,0,0,0,0,0,0,0
1,box,12,qpFixed,1,1,0.0214548,3953,27,13.153,1098,1098,0,0.0060556,0.00249477,0,0,0.0102892,0,11,11,2.45455,0,0,0,1,0,0,3953,993669,3187
1,box,12,qpPlain,1,1,0.0234759,3953,27,13.153,1098,1098,0,0.0060556,0.00249477,0,0,0.0102892,0,11,11,2.45455,0,0,0,1,0,0,3953,1355879,3953
1,box,12,qpAdaptive,1,1,0.0106002,1660,31,11.8454,768,768,0,0.00438361,0.00249477,0,0,0.020094,0.472289,9,9,3.44444,0,0,0,0.521687,0.46506,0.013253,1660,415304,1615
1,box,12,qpFreeGate,1,1,0.0394969,8700,35,14.9622,1583,1583,0,0.0031291,0.00249477,0,0,0.0052488,0,47,25,0.744681,0,0,0,1,0,0,0,0,0
1,box,12,qpFreeEnvelope,1,1,0.014384,1278,69,28.592,1504,1504,0,0.00175205,0.00249477,0,0,0.0767557,0.93036,171,50,0.403509,0,0,0,0.0238854,0.860669,0.115446,0,0,0
1,box,12,qpEnvelope,1,1,0.00674714,970,31,11.8543,674,674,0,0.00149544,0.00249477,0,0,0.0345993,0.315464,9,9,3.44444,0,0,0,0.678351,0.294845,0.0268041,970,233464,950
1,box,19,isSafe,1,1,0.00331301,1408,9,9.78569,6,491,0,0.0352801,0.00249477,0,0,0,0,11,6,0.818182,0,0,0,0,0,0,0,0,0
1,box,19,qpFixed,1,1,0.00811378,1581,20,11.0142,862,862,0,0.000604248,0.00249477,0,0,0.011719,0,4,4,5,0,0,0,1,0,0,1581,373747,1165
1,box,19,qpPlain,1,1,0.00908399,1581,20,11.0142,862,862,0,0.000604248,0.00249477,0,0,0.011719,0,4,4,5,0,0,0,1,0,0,1581,542283,1581
1,box,19,qpAdaptive,1,1,0.00429314,735,19,11.0141,728,728,0,0.000580323,0.00249477,0,0,0.025258,0.442177,4,4,4.75,0,0,0,0.55102,0.428571,0.0204082,735,175923,705
1,box,19,qpFreeGate,1,1,0.0556521,12236,35,15.2668,1285,1285,0,0.00163012,0.00249477,0,0,0.00503727,0,77,28,0.454545,0,0,0,1,0,0,0,0,0
1,box,19,qpFreeEnvelope,1,1,0.00823936,695,40,17.6752,917,917,0,0.00226246,0.00249477,0,0,0.104399,0.956835,104,33,0.384615,0,0,0,0.0102339,0.817251,0.172515,0,0,0
1,box,19,qpEnvelope,1,1,0.00313624,482,20,11.049,659,659,0,0.00037972,0.00249477,0,0,0.0385274,0.228216,4,4,5,0,0,0,0.763485,0.19917,0.0373444,482,115123,469
1,box,26,isSafe,1,1,0.00709328,3021,17,7.29982,5,366,0,0.0762588,0.00249477,0,0,0,0,58,14,0.293103,0,0,0,0,0,0,0,0,0
1,box,26,qpFixed,1,1,0.00221851,438,6,5.75236,439,439,0,0.0023327,0.00249477,0,0,0.0131332,0,1,1,6,0,0,0,1,0,0,438,110235,213
1,box,26,qpPlain,1,1,0.00245055,438,6,5.75236,439,439,0,0.0023327,0.00249477,0,0,0.0131332,0,1,1,6,0,0,0,1,0,0,438,150234,438
1,box,26,qpAdaptive,1,1,0.000720667,118,6,5.75037,342,342,0,0.00226246,0.00249477,0,0,0.0487319,0.686441,1,1,6,0,0,0,0.313559,0.652542,0.0338983,118,32166,94
1,box,26,qpFreeGate,1,1,0.0135818,2980,17,11.6422,1171,1171,0,0.020997,0.00249477,0,0,0.00660292,0,13,8,1.30769,0,0,0,1,0,0,0,0,0
1,box,26,qpFreeEnvelope,1,1,0.00186947,146,20,14.0691,732,732,0,0.00198482,0.00249477,0,0,0.161046,0.979452,14,9,1.42857,0,0,0,0.0205479,0.787671,0.191781,0,0,0
1,box,26,qpEnvelope,1,1,0.000468981,58,6,5.74498,311,311,0,0.00211794,0.00249477,0,0,0.0990514,0.637931,1,1,6,0,0,0,0.362069,0.568966,0.0689655,58,16184,45
1,box,33,isSafe,1,1,0.0118954,5077,27,16.4079,10,822,0,0.0554083,0.00249477,0,0,0,0,98,23,0.27551,0,0,0,0,0,0,0,0,0
1,box,33,qpFixed,1,1,0.00199425,403,5,5.03462,404,404,0,0.00941102,0.00249477,0,0,0.0124928,0,1,1,5,0,0,0,1,0,0,403,106720,131
1,box,33,qpPlain,1,1,0.00221297,403,5,5.03462,404,404,0,0.00941102,0.00249477,0,0,0.0124928,0,1,1,5,0,0,0,1,0,0,403,138229,403
1,box,33,qpAdaptive,1,1,0.000461359,76,5,5.03247,285,285,0,0.00935586,0.00249477,0,0,0.0662167,0.671053,1,1,5,0,0,0,0.328947,0.644737,0.0263158,76,22264,55
1,box,33,qpFreeGate,1,1,0.0175028,3802,19,12.8523,1191,1191,0,0.022773,0.00249477,0,0,0.00659985,0,16,12,1.1875,0,0,0,1,0,0,0,0,0
1,box,33,qpFreeEnvelope,1,1,0.00359174,307,26,13.165,710,710,0,0.0010874,0.00249477,0,0,0.105913,0.925081,31,15,0.83871,0,0,0,0.0490196,0.813725,0.137255,0,0,0
1,box,33,qpEnvelope,1,1,0.000294637,37,5,5.0324,273,273,0,0.00960517,0.00249477,0,0,0.136011,0.918919,1,1,5,0,0,0,0.0810811,0.837838,0.0810811,37,10727,25
1,box,40,isSafe,1,1,0.00976767,4193,23,18.2784,11,915,0,0.000865252,0.00249477,0,0,0,0,97,19,0.237113,0,0,0,0,0,0,0,0,0
1,box,40,qpFixed,1,1,0.00194721,383,6,5.65622,384,384,0,0.00406216,0.00249477,0,0,0.0147682,0,1,1,6,0,0,0,1,0,0,383,100231,185
1,box,40,qpPlain,1,1,0.00213795,383,6,5.65622,384,384,0,0.00406216,0.00249477,0,0,0.0147682,0,1,1,6,0,0,0,1,0,0,383,131369,383
1,box,40,qpAdaptive,1,1,0.000827185,137,6,5.65297,338,338,0,0.00395476,0.00249477,0,0,0.0412625,0.452555,1,1,6,0,0,0,0.547445,0.430657,0.0218978,137,39435,117
1,box,40,qpFreeGate,1,1,0.0352404,7718,38,14.8222,1533,1533,0,0.00544672,0.00249477,0,0,0.00573885,0,48,19,0.791667,0,0,0,1,0,0,0,0,0
1,box,40,qpFreeEnvelope,1,1,0.00698267,612,38,19.4372,1022,1022,0,0.00263837,0.00249477,0,0,0.0941509,0.934641,69,26,0.550725,0,0,0,0.0493421,0.805921,0.144737,0,0,0
1,box,40,qpEnvelope,1,1,0.000572143,80,6,5.64385,314,314,0,0.00336054,0.00249477,0,0,0.0705481,0.3,1,1,6,0,0,0,0.7,0.2625,0.0375,80,23406,68
1,box,47,isSafe,1,1,0.00220465,933,7,9.22279,6,463,0,0.00191538,0.00249477,0,0,0,0,3,3,2.33333,0,0,0,0,0,0,0,0,0
1,box,47,qpFixed,1,1,0.00177791,340,6,4.66822,341,341,0,0.00913624,0.00249477,0,0,0.01373,0,1,1,6,0,0,0,1,0,0,340,86790,217
1,box,47,qpPlain,1,1,0.00192236,340,6,4.66822,341,341,0,0.00913624,0.00249477,0,0,0.01373,0,1,1,6,0,0,0,1,0,0,340,116620,340
1,box,47,qpAdaptive,1,1,0.00055619,93,6,4.66254,275,275,0,0.00857007,0.00249477,0,0,0.0501348,0.849462,1,1,6,0,0,0,0.150538,0.806452,0.0430108,93,25683,69
1,box,47,qpFreeGate,1,1,0.00376673,812,9,5.10169,751,751,0,0.00345268,0.00249477,0,0,0.00631202,0,2,2,4.5,0,0,0,1,0,0,0,0,0
1,box,47,qpFreeEnvelope,1,1,0.000837349,88,9,5.08676,292,292,0,0.000729473,0.00249477,0,0,0.057836,0.806818,2,2,4.5,0,0,0,0.170455,0.75,0.0795455,0,0,0
1,box,47,qpEnvelope,1,1,0.000305215,39,6,4.66796,257,257,0,0.00612934,0.00249477,0,0,0.119691,0.846154,1,1,6,0,0,0,0.128205,0.769231,0.102564,39,11005,25
1,box,54,isSafe,1,1,0.00409157,1723,11,12.6114,8,632,0,0.000653515,0.00249477,0,0,0,0,28,7,0.392857,0,0,0,0,0,0,0,0,0
1,box,54,qpFixed,1,1,0.00293572,560,12,6.60311,561,561,0,0.00718947,0.00249477,0,0,0.0117913,0,1,1,12,0,0,0,1,0,0,560,155880,251
1,box,54,qpPlain,1,1,0.00315319,560,12,6.60311,561,561,0,0.00718947,0.00249477,0,0,0.0117913,0,1,1,12,0,0,0,1,0,0,560,192080,560
1,box,54,qpAdaptive,1,1,0.0149104,2517,54,20.3827,1266,1266,0,0.00627397,0.00249477,0,0,0.0249169,0.475963,17,17,3.17647,0,0,0,0.515296,0.46325,0.0214541,2517,693341,1910
1,box,54,qpFreeGate,1,1,0.022698,4916,28,10.9763,1443,1443,0,0.0062676,0.00249477,0,0,0.00481029,0,28,14,1,0,0,0,1,0,0,0,0,0
1,box,54,qpFreeEnvelope,1,1,0.0166375,1422,70,11.2781,590,590,0,0.00146841,0.00249477,0,0,0.0737621,0.960619,200,58,0.35,0,0,0,0.0183876,0.840877,0.140736,0,0,0
1,box,54,qpEnvelope,1,1,0.0159796,2478,74,17.6278,1016,1016,0,0.00721111,0.00249477,0,0,0.0350973,0.161017,26,24,2.84615,0,0,0,0.831316,0.138418,0.0302663,2478,673336,1857
1,box,61,isSafe,1,1,0.00643844,2748,16,14.4825,9,726,0,0.00924694,0.00249477,0,0,0,0,53,11,0.301887,0,0,0,0,0,0,0,0,0
1,box,61,qpFixed,1,1,0.00236124,445,6,6.50562,446,446,0,0.00180034,0.00249477,0,0,0.0146194,0,1,1,6,0,0,0,1,0,0,445,126368,225
1,box,61,qpPlain,1,1,0.0024719,445,6,6.50562,446,446,0,0.00180034,0.00249477,0,0,0.0146194,0,1,1,6,0,0,0,1,0,0,445,152635,445
1,box,61,qpAdaptive,1,1,0.00113151,186,6,6.50586,396,396,0,0.001721,0.00249477,0,0,0.0349777,0.403226,1,1,6,0,0,0,0.596774,0.387097,0.016129,186,55431,164
1,box,61,qpFreeGate,1,1,0.0311658,6787,26,10.5231,1028,1028,0,0.0143083,0.00249477,0,0,0.00515497,0,30,19,0.866667,0,0,0,1,0,0,0,0,0
1,box,61,qpFreeEnvelope,1,1,0.0115497,1084,46,15.204,797,797,0,0.00110001,0.00249477,0,0,0.0605313,0.869004,120,35,0.383333,0,0,0,0.112768,0.774464,0.112768,0,0,0
1,box,61,qpEnvelope,1,1,0.000780492,108,6,6.50749,365,365,0,0.00127914,0.00249477,0,0,0.0602545,0.287037,1,1,6,0,0,0,0.712963,0.259259,0.0277778,108,32334,98
1,box,68,isSafe,1,1,0.00988401,4190,23,16.3109,10,817,0,0.0237653,0.00249477,0,0,0,0,67,18,0.343284,0,0,0,0,0,0,0,0,0
1,box,68,qpFixed,1,1,0.00434377,853,8,8.31674,605,605,0,0.0192142,0.00249477,0,0,0.0116343,0,2,2,4,0,0,0,1,0,0,853,206899,527
1,box,68,qpPlain,1,1,0.0048575,853,8,8.31674,605,605,0,0.0192142,0.00249477,0,0,0.0116343,0,2,2,4,0,0,0,1,0,0,853,292579,853
1,box,68,qpAdaptive,1,1,0.00149274,254,8,8.31905,473,473,0,0.0195975,0.00249477,0,0,0.0390797,0.751969,2,2,4,0,0,0,0.244094,0.73622,0.019685,254,65571,211
1,box,68,qpFreeGate,1,1,0.0609163,13348,51,15.7142,1441,1441,0,0.0147541,0.00249477,0,0,0.00488989,0,73,36,0.69863,0,0,0,1,0,0,0,0,0
1,box,68,qpFreeEnvelope,1,1,0.00519473,448,35,16.9609,891,891,0,0.00489455,0.00249477,0,0,0.098702,0.975446,55,24,0.636364,0,0,0,0.00892857,0.825893,0.165179,0,0,0
1,box,68,qpEnvelope,1,1,0.00072573,100,8,8.29542,438,438,0,0.0216091,0.00249477,0,0,0.0990215,0.6,2,2,4,0,0,0,0.39,0.55,0.06,100,25303,85
1,box,75,isSafe,1,1,0.00200773,847,7,8.37441,6,420,0,0.021891,0.00249477,0,0,0,0,4,2,1.75,0,0,0,0,0,0,0,0,0
1,box,75,qpFixed,1,1,0.0078266,1470,12,8.29326,802,802,0,0.00188377,0.00249477,0,0,0.0104894,0,3,3,4,0,0,0,1,0,0,1470,358388,1185
1,box,75,qpPlain,1,1,0.00871223,1470,12,8.29326,802,802,0,0.00188377,0.00249477,0,0,0.0104894,0,3,3,4,0,0,0,1,0,0,1470,504210,1470
1,box,75,qpAdaptive,1,1,0.00357957,598,12,8.29569,521,521,0,0.00162982,0.00249477,0,0,0.0258413,0.578595,3,3,4,0,0,0,0.414716,0.573579,0.0117057,598,144060,551
1,box,75,qpFreeGate,1,1,0.0183102,3989,18,14.1043,1348,1348,0,0.00720816,0.00249477,0,0,0.00553101,0,19,11,0.947368,0,0,0,1,0,0,0,0,0
1,box,75,qpFreeEnvelope,1,1,0.00241753,201,18,14.5306,769,769,0,0.00379343,0.00249477,0,0,0.114555,0.975124,19,11,0.947368,0,0,0,0.0149254,0.835821,0.149254,0,0,0
1,box,75,qpEnvelope,1,1,0.00218281,317,12,8.25115,477,477,0,0.00137674,0.00249477,0,0,0.0488394,0.488959,3,3,4,0,0,0,0.504732,0.463722,0.0315457,317,76185,294
1,box,82,isSafe,1,1,0.00933438,3959,21,11.7933,7,591,0,0.0137335,0.00249477,0,0,0,0,88,18,0.238636,0,0,0,0,0,0,0,0,0
1,box,82,qpFixed,1,1,0.0371212,6461,40,14.7153,1127,1127,0,0.00109485,0.00249477,0,0,0.00984871,0,24,20,1.66667,0,0,0,1,0,0,6461,1668232,5912
1,box,82,qpPlain,1,1,0.0394338,6461,40,14.7153,1127,1127,0,0.00109485,0.00249477,0,0,0.00984871,0,24,20,1.66667,0,0,0,1,0,0,6461,2216123,6461
1,box,82,qpAdaptive,1,1,0.0244272,3874,40,14.735,933,933,0,0.00103971,0.00249477,0,0,0.0164552,0.408105,24,20,1.66667,0,0,0,0.588797,0.404491,0.00671141,3874,1012323,3736
1,box,82,qpFreeGate,1,1,0.0975387,21238,47,23.8945,2223,2223,0,0.012969,0.00249477,0,0,0.00388737,0,133,40,0.353383,0,0,0,1,0,0,0,0,0
1,box,82,qpFreeEnvelope,1,1,0.0138549,1198,62,9.43647,495,495,0,0.00731823,0.00249477,0,0,0.0831828,0.929048,171,53,0.362573,0,0,0,0.0262712,0.844068,0.129661,0,0,0
1,box,82,qpEnvelope,1,1,0.016048,2305,40,14.8096,846,846,0,0.00080966,0.00249477,0,0,0.0278303,0.20564,24,20,1.66667,0,0,0,0.793059,0.193059,0.0138829,2305,608315,2243
1,box,89,isSafe,1,1,0.0143053,6104,31,19.8662,11,995,0,0.090784,0.00249477,0,0,0,0,184,28,0.168478,0,0,0,0,0,0,0,0,0
1,box,89,qpFixed,1,1,0.00711018,1403,12,10.0949,868,868,0,0.0108097,0.00249477,0,0,0.0109015,0,4,4,3,0,0,0,1,0,0,1403,334071,896
1,box,89,qpPlain,1,1,0.00806562,1403,12,10.0949,868,868,0,0.0108097,0.00249477,0,0,0.0109015,0,4,4,3,0,0,0,1,0,0,1403,481229,1403
1,box,89,qpAdaptive,1,1,0.00199506,330,12,10.1066,580,580,0,0.0103103,0.00249477,0,0,0.0466364,0.830303,4,4,3,0,0,0,0.163636,0.806061,0.030303,330,83849,287
1,box,89,qpFreeGate,1,1,0.0885783,19414,40,14.9506,1504,1504,0,0.0107607,0.00249477,0,0,0.00348087,0,117,33,0.34188,0,0,0,1,0,0,0,0,0
1,box,89,qpFreeEnvelope,1,1,0.00476515,422,24,18.8223,978,978,0,0.0102375,0.00249477,0,0,0.0826738,0.921801,57,18,0.421053,0,0,0,0.0390244,0.829268,0.131707,0,0,0
1,box,89,qpEnvelope,1,1,0.00110816,143,12,10.1436,541,541,0,0.00814513,0.00249477,0,0,0.108164,0.783217,4,4,3,0,0,0,0.20979,0.706294,0.0839161,143,36935,123
1,box,96,isSafe,1,1,0.00451174,1931,12,14.8303,9,743,0,0.0508346,0.00249477,0,0,0,0,20,8,0.6,0,0,0,0,0,0,0,0,0
1,box,96,qpFixed,1,1,0.00488338,947,10,9.93256,684,684,0,0.00187237,0.00249477,0,0,0.0137768,0,3,3,3.33333,0,0,0,1,0,0,947,234634,554
1,box,96,qpPlain,1,1,0.0054161,947,10,9.93256,684,684,0,0.00187237,0.00249477,0,0,0.0137768,0,3,3,3.33333,0,0,0,1,0,0,947,324821,947
1,box,96,qpAdaptive,1,1,0.00230671,394,10,9.92806,591,591,0,0.00166927,0.00249477,0,0,0.0330847,0.36802,3,3,3.33333,0,0,0,0.626904,0.350254,0.0228426,394,100734,315
1,box,96,qpFreeGate,1,1,0.0182579,4012,24,8.15871,932,932,0,0.00580972,0.00249477,0,0,0.00577965,0,19,9,1.26316,0,0,0,1,0,0,0,0,0
1,box,96,qpFreeEnvelope,1,1,0.0016694,129,16,12.61,647,647,0,0.00506161,0.00249477,0,0,0.16608,0.984496,15,10,1.06667,0,0,0,0,0.8125,0.1875,0,0,0
1,box,96,qpEnvelope,1,1,0.00171011,266,10,9.88023,549,549,0,0.00136743,0.00249477,0,0,0.0488038,0.195489,3,3,3.33333,0,0,0,0.800752,0.165414,0.0338346,266,67059,238
1,table_pick,3,isSafe,1,1,0.0615716,17963,90,20.2028,12,1012,0,0.00175383,0.00249477,0,0,0,0,641,86,0.140406,0,0,0,0,0,0,0,0,0
1,table_pick,3,qpFixed,1,1,0.00427552,640,7,8.20759,641,641,0,0.000420381,0.00249477,0,0,0.0128244,0,1,1,7,0,0,0,1,0,0,640,178668,396
1,table_pick,3,qpPlain,1,1,0.00443988,640,7,8.20759,641,641,0,0.000420381,0.00249477,0,0,0.0128244,0,1,1,7,0,0,0,1,0,0,640,219520,640
1,table_pick,3,qpAdaptive,1,1,0.00242794,318,7,8.2092,561,561,0,0.000420381,0.00249477,0,0,0.0258151,0.330189,1,1,7,0,0,0,0.666667,0.31761,0.0157233,318,94564,298
1,table_pick,3,qpFreeGate,1,1,0.1078,18879,48,18.1488,1688,1688,0,0.00171331,0.00249477,0,0,0.00429423,0,166,42,0.289157,0,0,0,1,0,0,0,0,0
1,table_pick,3,qpFreeEnvelope,1,1,0.0159063,1059,39,12.44,676,676,0,0.00129697,0.00249477,0,0,0.0623507,0.946176,141,33,0.276596,0,0,0,0.0313987,0.854424,0.114177,0,0,0
1,table_pick,3,qpEnvelope,1,1,0.00174075,207,7,8.21223,507,507,0,0.000389957,0.00249477,0,0,0.0396726,0.289855,1,1,7,0,0,0,0.705314,0.270531,0.0241546,207,61680,197
1,table_pick,10,isSafe,1,1,0.0164179,4792,25,20.0801,12,1006,0,0.0004626,0.00249477,0,0,0,0,107,20,0.233645,0,0,0,0,0,0,0,0,0
1,table_pick,10,qpFixed,1,1,0.00257259,423,6,6.20557,424,424,0,0.00230922,0.00249477,0,0,0.0146704,0,1,1,6,0,0,0,1,0,0,423,112343,110
1,table_pick,10,qpPlain,1,1,0.00278843,423,6,6.20557,424,424,0,0.00230922,0.00249477,0,0,0.0146704,0,1,1,6,0,0,0,1,0,0,423,145089,423
1,table_pick,10,qpAdaptive,1,1,0.000873418,117,6,6.20614,369,369,0,0.00230922,0.00249477,0,0,0.0530439,0.581197,1,1,6,0,0,0,0.418803,0.547009,0.034188,117,34196,89
1,table_pick,10,qpFreeGate,1,1,0.224613,39111,104,16.2276,1288,1288,0,0.00499763,0.00249477,0,0,0.00431073,0,363,99,0.286501,0,0,0,1,0,0,0,0,0
1,table_pick,10,qpFreeEnvelope,1,1,0.0353558,2120,108,15.7195,822,822,0,0.00346421,0.00249477,0,0,0.0819978,0.954245,377,96,0.286472,0,0,0,0.00143678,0.855843,0.14272,0,0,0
1,table_pick,10,qpEnvelope,1,1,0.000670995,72,6,6.20914,349,349,0,0.00230922,0.00249477,0,0,0.0862381,0.347222,1,1,6,0,0,0,0.652778,0.291667,0.0555556,72,21164,62
1,table_pick,17,isSafe,1,1,0.0211933,6152,31,11.0404,7,554,0,0.000107601,0.00249477,0,0,0,0,176,28,0.176136,0,0,0,0,0,0,0,0,0
1,table_pick,17,qpFixed,1,1,0.0043712,635,7,8.02548,674,674,0,0.00033742,0.00249477,0,0,0.0126385,0,1,1,7,0,0,0,1,0,0,635,187388,479
1,table_pick,17,qpPlain,1,1,0.00444532,635,7,8.02548,674,674,0,0.00033742,0.00249477,0,0,0.0126385,0,1,1,7,0,0,0,1,0,0,635,217805,635
1,table_pick,17,qpAdaptive,1,1,0.00281802,373,7,8.05146,570,570,0,0.000338032,0.00249477,0,0,0.0215857,0.238606,1,1,7,0,0,0,0.758713,0.230563,0.0107239,373,113037,342
1,table_pick,17,qpFreeGate,1,1,0.244032,42483,100,14.706,1451,1451,0,0.00469394,0.00249477,0,0,0.0039717,0,392,92,0.255102,0,0,0,1,0,0,0,0,0
1,table_pick,17,qpFreeEnvelope,1,1,0.0395493,2497,92,15.3053,828,828,0,0.00191121,0.00249477,0,0,0.0650712,0.947137,392,84,0.234694,0,0,0,0.0170524,0.855867,0.127081,0,0,0
1,table_pick,17,qpEnvelope,1,1,0.002262,283,7,8.08657,534,534,0,0.000311246,0.00249477,0,0,0.0285744,0.166078,1,1,7,0,0,0,0.833922,0.151943,0.0141343,283,85871,274
1,table_pick,24,isSafe,1,1,0.0125559,3652,19,14.6603,9,735,0,0.00466341,0.00249477,0,0,0,0,89,15,0.213483,0,0,0,0,0,0,0,0,0
1,table_pick,24,qpFixed,1,1,0.00496166,715,13,7.78259,607,607,0,0.000487115,0.00249477,0,0,0.011182,0,2,2,6.5,0,0,0,1,0,0,715,193530,499
1,table_pick,24,qpPlain,1,1,0.00520047,715,13,7.78259,607,607,0,0.000487115,0.00249477,0,0,0.011182,0,2,2,6.5,0,0,0,1,0,0,715,245245,715
1,table_pick,24,qpAdaptive,1,1,0.00278445,336,15,7.80286,508,508,0,0.000487115,0.00249477,0,0,0.0238554,0.199405,2,2,7.5,0,0,0,0.785714,0.178571,0.0357143,336,93568,316
1,table_pick,24,qpFreeGate,1,1,0.0732163,12825,47,18.7023,1899,1899,0,0.00162461,0.00249477,0,0,0.00482632,0,109,30,0.431193,0,0,0,1,0,0,0,0,0
1,table_pick,24,qpFreeEnvelope,1,1,0.0112942,733,48,15.0627,822,822,0,0.0001722,0.00249477,0,0,0.0785913,0.88131,94,30,0.510638,0,0,0,0.092033,0.776099,0.131868,0,0,0
1,table_pick,24,qpEnvelope,1,1,0.00252101,289,15,7.8348,489,489,0,0.000487115,0.00249477,0,0,0.0278455,0.0899654,2,2,7.5,0,0,0,0.899654,0.0588235,0.0415225,289,79479,281
1,table_pick,31,isSafe,1,1,0.0136267,3980,21,12.9779,8,650,0,0.0023961,0.00249477,0,0,0,0,85,16,0.247059,0,0,0,0,0,0,0,0,0
1,table_pick,31,qpFixed,1,1,0.0201516,2825,20,14.8387,1242,1242,0,0.000522515,0.00249477,0,0,0.00988726,0,8,6,2.5,0,0,0,1,0,0,2825,778033,2324
1,table_pick,31,qpPlain,1,1,0.0207751,2825,20,14.8387,1242,1242,0,0.000522515,0.00249477,0,0,0.00988726,0,8,6,2.5,0,0,0,1,0,0,2825,968975,2825
1,table_pick,31,qpAdaptive,1,1,0.013106,1625,20,14.8569,976,976,0,0.00052188,0.00249477,0,0,0.0172,0.262769,8,6,2.5,0,0,0,0.734769,0.256615,0.00861538,1625,473701,1541
1,table_pick,31,qpFreeGate,1,1,0.0526907,9267,26,15.5703,1374,1374,0,0.00241952,0.00249477,0,0,0.00443311,0,85,21,0.305882,0,0,0,1,0,0,0,0,0
1,table_pick,31,qpFreeEnvelope,1,1,0.00853905,522,28,16.1911,837,837,0,0.00457428,0.00249477,0,0,0.0861491,0.978927,85,23,0.329412,0,0,0,0.00191939,0.850288,0.147793,0,0,0
1,table_pick,31,qpEnvelope,1,1,0.0104168,1218,20,14.8953,913,913,0,0.000519525,0.00249477,0,0,0.0230056,0.167488,8,6,2.5,0,0,0,0.831691,0.155172,0.0131363,1218,355314,1188
1,table_pick,38,isSafe,1,1,0.0185206,5358,28,16.3862,10,821,0,6.20795e-05,0.00249477,0,0,0,0,85,23,0.329412,0,0,0,0,0,0,0,0,0
1,table_pick,38,qpFixed,1,1,0.00489246,797,8,9.34938,798,798,0,0.000549427,0.00249477,0,0,0.0117307,0,1,1,8,0,0,0,1,0,0,797,194647,386
1,table_pick,38,qpPlain,1,1,0.00537248,797,8,9.34938,798,798,0,0.000549427,0.00249477,0,0,0.0117307,0,1,1,8,0,0,0,1,0,0,797,273371,797
1,table_pick,38,qpAdaptive,1,1,0.00176272,241,8,9.3543,587,587,0,0.000549323,0.00249477,0,0,0.0388145,0.427386,1,1,8,0,0,0,0.568465,0.406639,0.0248963,241,65435,216
1,table_pick,38,qpFreeGate,1,1,0.102918,17973,54,15.0219,1301,1301,0,0.000495906,0.00249477,0,0,0.00503172,0,165,45,0.327273,0,0,0,1,0,0,0,0,0
1,table_pick,38,qpFreeEnvelope,1,1,0.0162419,1005,55,16.332,855,855,0,0.00037026,0.00249477,0,0,0.0899116,0.955224,167,44,0.329341,0,0,0,0.0131446,0.822042,0.164813,0,0,0
1,table_pick,38,qpEnvelope,1,1,0.00129293,155,8,9.35435,548,548,0,0.000498131,0.00249477,0,0,0.0603506,0.290323,1,1,8,0,0,0,0.703226,0.258065,0.0387097,155,42829,144
1,table_pick,45,isSafe,1,1,0.00795217,2310,12,5.74923,4,289,0,0.0028908,0.00249477,0,0,0,0,36,9,0.333333,0,0,0,0,0,0,0,0,0
1,table_pick,45,qpFixed,1,1,0.00140873,228,5,3.88136,229,229,0,0.00429636,0.00249477,0,0,0.0170235,0,1,1,5,0,0,0,1,0,0,228,53930,114
1,table_pick,45,qpPlain,1,1,0.00151882,228,5,3.88136,229,229,0,0.00429636,0.00249477,0,0,0.0170235,0,1,1,5,0,0,0,1,0,0,228,78204,228
1,table_pick,45,qpAdaptive,1,1,0.000306347,42,5,3.91109,213,213,0,0.00423798,0.00249477,0,0,0.0931212,0.666667,1,1,5,0,0,0,0.333333,0.595238,0.0714286,42,11121,32
1,table_pick,45,qpFreeGate,1,1,0.0196321,3452,18,4.71462,360,360,0,0.00258496,0.00249477,0,0,0.00755847,0,36,15,0.5,0,0,0,1,0,0,0,0,0
1,table_pick,45,qpFreeEnvelope,1,1,0.00388103,240,18,4.88601,262,262,0,0.00258043,0.00249477,0,0,0.11183,0.966667,36,15,0.5,0,0,0,0.012605,0.840336,0.147059,0,0,0
1,table_pick,45,qpEnvelope,1,1,0.000258683,27,5,3.94738,209,209,0,0.00422088,0.00249477,0,0,0.146199,0.592593,1,1,5,0,0,0,0.407407,0.481481,0.111111,27,7168,21
1,table_pick,52,isSafe,1,1,0.0348246,10125,50,18.2961,11,916,0,0.00217591,0.00249477,0,0,0,0,193,46,0.259067,0,0,0,0,0,0,0,0,0
1,table_pick,52,qpFixed,1,1,0.00458735,744,7,9.27141,745,745,0,0.000459151,0.00249477,0,0,0.0124616,0,1,1,7,0,0,0,1,0,0,744,190326,263
1,table_pick,52,qpPlain,1,1,0.00506712,744,7,9.27141,745,745,0,0.000459151,0.00249477,0,0,0.0124616,0,1,1,7,0,0,0,1,0,0,744,255192,744
1,table_pick,52,qpAdaptive,1,1,0.00191397,251,7,9.27179,583,583,0,0.000459151,0.00249477,0,0,0.0369394,0.346614,1,1,7,0,0,0,0.649402,0.330677,0.0199203,251,73836,216
1,table_pick,52,qpFreeGate,1,1,0.076875,13322,48,20.961,1641,1641,0,0.0027342,0.00249477,0,0,0.00573035,0,113,41,0.424779,0,0,0,1,0,0,0,0,0
1,table_pick,52,qpFreeEnvelope,1,1,0.0120449,729,45,19.751,1025,1025,0,0.00276575,0.00249477,0,0,0.0997306,0.979424,113,39,0.39823,0,0,0,0.00277008,0.853186,0.144044,0,0,0
1,table_pick,52,qpEnvelope,1,1,0.00165542,197,7,9.27252,561,561,0,0.000447746,0.00249477,0,0,0.0470686,0.279188,1,1,7,0,0,0,0.720812,0.253807,0.0253807,197,57817,176
1,table_pick,59,isSafe,1,1,0.00272277,784,6,7.75189,5,389,0,0.00161179,0.00249477,0,0,0,0,2,2,3,0,0,0,0,0,0,0,0,0
1,table_pick,59,qpFixed,1,1,0.00243085,419,5,5.64054,420,420,0,0.00387827,0.00249477,0,0,0.0134619,0,1,1,5,0,0,0,1,0,0,419,100838,70
1,table_pick,59,qpPlain,1,1,0.00274764,419,5,5.64054,420,420,0,0.00387827,0.00249477,0,0,0.0134619,0,1,1,5,0,0,0,1,0,0,419,143717,419
1,table_pick,59,qpAdaptive,1,1,0.000403891,55,5,5.64233,315,315,0,0.00387827,0.00249477,0,0,0.102588,0.654545,1,1,5,0,0,0,0.345455,0.6,0.0545455,55,15263,34
1,table_pick,59,qpFreeGate,1,1,0.00349739,620,6,6.90754,605,605,0,0.00163545,0.00249477,0,0,0.0111456,0,2,2,3,0,0,0,1,0,0,0,0,0
1,table_pick,59,qpFreeEnvelope,1,1,0.000612314,43,6,6.90758,369,369,0,0.00163768,0.00249477,0,0,0.160869,0.837209,2,2,3,0,0,0,0.139535,0.744186,0.116279,0,0,0
1,table_pick,59,qpEnvelope,1,1,0.000329593,34,5,5.64629,303,303,0,0.00386236,0.00249477,0,0,0.166067,0.617647,1,1,5,0,0,0,0.382353,0.529412,0.0882353,34,9414,25
1,table_pick,66,isSafe,1,1,0.00436542,1247,8,3.68194,3,186,0,0.000194679,0.00249477,0,0,0,0,12,5,0.666667,0,0,0,0,0,0,0,0,0
1,table_pick,66,qpFixed,1,1,0.00229929,407,5,5.76713,408,408,0,0.00391562,0.00249477,0,0,0.0141699,0,1,1,5,0,0,0,1,0,0,407,93716,65
1,table_pick,66,qpPlain,1,1,0.00263296,407,5,5.76713,408,408,0,0.00391562,0.00249477,0,0,0.0141699,0,1,1,5,0,0,0,1,0,0,407,139601,407
1,table_pick,66,qpAdaptive,1,1,0.000373238,52,5,5.76792,316,316,0,0.00391562,0.00249477,0,0,0.110922,0.615385,1,1,5,0,0,0,0.384615,0.557692,0.0576923,52,14537,32
1,table_pick,66,qpFreeGate,1,1,0.0208972,3677,19,2.75022,294,294,0,0.000995446,0.00249477,0,0,0.00481392,0,38,11,0.5,0,0,0,1,0,0,0,0,0
1,table_pick,66,qpFreeEnvelope,1,1,0.00403722,252,19,2.7507,168,168,0,0.00100425,0.00249477,0,0,0.0710395,0.968254,38,11,0.5,0,0,0,0.012,0.856,0.132,0,0,0
1,table_pick,66,qpEnvelope,1,1,0.000296487,30,5,5.77119,303,303,0,0.00392243,0.00249477,0,0,0.192373,0.833333,1,1,5,0,0,0,0.166667,0.733333,0.1,30,8400,21
1,table_pick,73,isSafe,1,1,0.0381803,11133,52,11.024,7,553,0,0.0010149,0.00249477,0,0,0,0,322,48,0.161491,0,0,0,0,0,0,0,0,0
1,table_pick,73,qpFixed,1,1,0.00599125,954,8,8.41318,955,955,0,0.00056551,0.00249477,0,0,0.00881885,0,1,1,8,0,0,0,1,0,0,954,232997,581
1,table_pick,73,qpPlain,1,1,0.00656394,954,8,8.41318,955,955,0,0.00056551,0.00249477,0,0,0.00881885,0,1,1,8,0,0,0,1,0,0,954,327222,954
1,table_pick,73,qpAdaptive,1,1,0.00358716,482,8,8.41269,701,701,0,0.00056551,0.00249477,0,0,0.0174537,0.284232,1,1,8,0,0,0,0.711618,0.278008,0.0103734,482,129932,463
1,table_pick,73,qpFreeGate,1,1,0.266076,46320,117,24.9289,2226,2226,0,0.00186826,0.00249477,0,0,0.00427122,0,485,108,0.241237,0,0,0,1,0,0,0,0,0
1,table_pick,73,qpFreeEnvelope,1,1,0.04267,2636,114,25.102,1305,1305,0,0.0010089,0.00249477,0,0,0.0720053,0.955615,485,105,0.235052,0,0,0,0.00460476,0.844206,0.15119,0,0,0
1,table_pick,73,qpEnvelope,1,1,0.00263916,334,8,8.40011,614,614,0,0.00056551,0.00249477,0,0,0.02515,0.131737,1,1,8,0,0,0,0.868263,0.116766,0.0149701,334,91177,326
1,table_pick,80,isSafe,1,1,0.00745575,2187,12,9.8497,6,494,0,0.00124403,0.00249477,0,0,0,0,18,8,0.666667,0,0,0,0,0,0,0,0,0
1,table_pick,80,qpFixed,1,1,0.00378857,678,7,8.72622,679,679,0,0.0034167,0.00249477,0,0,0.0128705,0,1,1,7,0,0,0,1,0,0,678,154447,185
1,table_pick,80,qpPlain,1,1,0.00444218,678,7,8.72622,679,679,0,0.0034167,0.00249477,0,0,0.0128705,0,1,1,7,0,0,0,1,0,0,678,232554,678
1,table_pick,80,qpAdaptive,1,1,0.000548931,78,8,8.74873,479,479,0,0.00341711,0.00249477,0,0,0.112163,0.666667,1,1,8,0,0,0,0.320513,0.602564,0.0769231,78,20125,49
1,table_pick,80,qpFreeGate,1,1,0.0153759,2720,15,11.2531,972,972,0,0.000906949,0.00249477,0,0,0.0079011,0,18,10,0.833333,0,0,0,1,0,0,0,0,0
1,table_pick,80,qpFreeEnvelope,1,1,0.00262141,171,15,11.3114,608,608,0,0.00091006,0.00249477,0,0,0.126701,0.994152,18,10,0.833333,0,0,0,0.00584795,0.859649,0.134503,0,0,0
1,table_pick,80,qpEnvelope,1,1,0.000393122,46,10,8.80473,461,461,0,0.00342706,0.00249477,0,0,0.191407,0.630435,1,1,10,0,0,0,0.326087,0.5,0.173913,46,11550,34
1,table_pick,87,isSafe,1,1,0.0431615,12550,62,12.4735,8,625,0,0.00149141,0.00249477,0,0,0,0,362,58,0.171271,0,0,0,0,0,0,0,0,0
1,table_pick,87,qpFixed,1,1,0.0031683,512,6,6.53226,513,513,0,0.00203237,0.00249477,0,0,0.0127583,0,1,1,6,0,0,0,1,0,0,512,143498,198
1,table_pick,87,qpPlain,1,1,0.00337625,512,6,6.53226,513,513,0,0.00203237,0.00249477,0,0,0.0127583,0,1,1,6,0,0,0,1,0,0,512,175616,512
1,table_pick,87,qpAdaptive,1,1,0.000905322,125,6,6.54349,390,390,0,0.00199368,0.00249477,0,0,0.0523479,0.584,1,1,6,0,0,0,0.416,0.552,0.032,125,37006,87
1,table_pick,87,qpFreeGate,1,1,0.14385,25046,70,20.5554,1685,1685,0,0.00226075,0.00249477,0,0,0.00470722,0,221,64,0.316742,0,0,0,1,0,0,0,0,0
1,table_pick,87,qpFreeEnvelope,1,1,0.0228527,1420,72,17.5214,906,906,0,0.0021166,0.00249477,0,0,0.0825656,0.976761,221,66,0.325792,0,0,0,0.00212465,0.850567,0.147309,0,0,0
1,table_pick,87,qpEnvelope,1,1,0.000589539,66,6,6.56127,363,363,0,0.00201248,0.00249477,0,0,0.0994131,0.363636,1,1,6,0,0,0,0.636364,0.30303,0.0606061,66,19384,55
1,table_pick,94,isSafe,1,1,0.0107271,3128,17,14.8305,9,743,0,0.00151168,0.00249477,0,0,0,0,77,13,0.220779,0,0,0,0,0,0,0,0,0
1,table_pick,94,qpFixed,1,1,0.00414768,744,7,8.83327,745,745,0,0.00381714,0.00249477,0,0,0.0118727,0,1,1,7,0,0,0,1,0,0,744,185402,55
1,table_pick,94,qpPlain,1,1,0.00474925,744,7,8.83327,745,745,0,0.00381714,0.00249477,0,0,0.0118727,0,1,1,7,0,0,0,1,0,0,744,255192,744
1,table_pick,94,qpAdaptive,1,1,0.000555653,84,7,8.83327,482,482,0,0.00381714,0.00249477,0,0,0.105158,0.690476,1,1,7,0,0,0,0.309524,0.630952,0.0595238,84,22041,32
1,table_pick,94,qpFreeGate,1,1,0.0688163,12060,33,14.936,1197,1197,0,0.00521849,0.00249477,0,0,0.00422344,0,107,29,0.308411,0,0,0,1,0,0,0,0,0
1,table_pick,94,qpFreeEnvelope,1,1,0.0111548,719,30,14.9448,771,771,0,0.00521849,0.00249477,0,0,0.0663066,0.936022,107,26,0.280374,0,0,0,0.0324859,0.855932,0.111582,0,0,0
1,table_pick,94,qpEnvelope,1,1,0.000416153,44,7,8.83325,463,463,0,0.0038223,0.00249477,0,0,0.200756,0.659091,1,1,7,0,0,0,0.340909,0.545455,0.113636,44,11333,22
1,cage,1,isSafe,1,1,0.294153,114104,668,19.2991,12,966,0,0.00969306,0.00249477,0,0,0,0,6290,665,0.1062,0,0,0,0,0,0,0,0,0
1,cage,1,qpFixed,1,1,0.0478905,6711,48,20.2499,1774,1774,0,0.000413848,0.00249477,0,0,0.0101326,0,21,21,2.28571,0,0,0,1,0,0,6711,1854303,6188
1,cage,1,qpPlain,1,1,0.0421024,6711,48,20.2499,1774,1774,0,0.000413848,0.00249477,0,0,0.0101326,0,21,21,2.28571,0,0,0,1,0,0,6711,2301873,6711
1,cage,1,qpAdaptive,1,1,0.0403597,5241,70,24.3414,1586,1586,0,0.00106086,0.00249477,0,0,0.019743,0.498378,36,35,1.94444,0,0,0,0.498092,0.491412,0.0104962,5241,1451630,5025
1,cage,1,qpFreeGate,1,1,2.1566,449488,751,25.3219,2882,2882,0,0.00410157,0.00249477,0,0,0.00278707,0,3978,727,0.188788,0,0,0,1,0,0,0,0,0
1,cage,1,qpFreeEnvelope,1,1,0.501005,41543,1237,20.0102,1125,1125,0,0.000116435,0.00249477,0,0,0.0466477,0.894302,7157,1204,0.172838,0,0,0,0.0456675,0.842161,0.112171,0,0,0
1,cage,1,qpEnvelope,1,1,0.0280465,3320,73,24.7055,1400,1400,0,0.00079201,0.00249477,0,0,0.0320586,0.39247,36,35,2.02778,0,0,0,0.6047,0.37451,0.0207894,3320,919577,3252
1,cage,8,isSafe,1,1,0.104213,40653,213,19.602,12,982,0,0.0040204,0.00249477,0,0,0,0,1939,209,0.10985,0,0,0,0,0,0,0,0,0
1,cage,8,qpFixed,1,1,0.101606,16776,86,21.624,1878,1878,0,0.000711387,0.00249477,0,0,0.00866379,0,66,50,1.30303,0,0,0,1,0,0,16776,4498200,14874
1,cage,8,qpPlain,1,1,0.107271,16776,86,21.624,1878,1878,0,0.000711387,0.00249477,0,0,0.00866379,0,66,50,1.30303,0,0,0,1,0,0,16776,5754168,16776
1,cage,8,qpAdaptive,1,1,0.07487,11293,86,21.6573,1459,1459,0,0.000696984,0.00249477,0,0,0.0128548,0.29443,66,50,1.30303,0,0,0,0.703887,0.291951,0.00416187,11293,2990832,11074
1,cage,8,qpFreeGate,1,1,1.79877,374671,643,14.2001,1821,1821,0,0.00139766,0.00249477,0,0,0.00290677,0,3456,620,0.186053,0,0,0,1,0,0,0,0,0
1,cage,8,qpFreeEnvelope,1,1,1.10896,89644,2650,24.4479,1329,1329,0,0.00184771,0.00249477,0,0,0.0419662,0.891817,16987,2601,0.156002,0,0,0,0.0358554,0.846787,0.117357,0,0,0
1,cage,8,qpEnvelope,1,1,0.076356,10900,98,28.1428,1868,1868,0,0.000151579,0.00249477,0,0,0.016472,0.242661,88,61,1.11364,0,0,0,0.756239,0.237156,0.0066055,10900,2890857,10585
1,cage,15,isSafe,1,1,0.624904,239857,1597,24.3708,15,1220,0,0.00188002,0.00249477,0,0,0,0,13305,1594,0.12003,0,0,0,0,0,0,0,0,0
1,cage,15,qpFixed,1,1,0.0915398,15000,82,26.5852,2143,2143,0,2.65577e-05,0.00249477,0,0,0.00916418,0,57,45,1.4386,0,0,0,1,0,0,15000,4131826,13250
1,cage,15,qpPlain,1,1,0.0955401,15000,82,26.5852,2143,2143,0,2.65577e-05,0.00249477,0,0,0.00916418,0,57,45,1.4386,0,0,0,1,0,0,15000,5145000,15000
1,cage,15,qpAdaptive,1,1,0.0678094,10160,82,26.6018,1884,1884,0,2.59444e-05,0.00249477,0,0,0.013553,0.263189,57,45,1.4386,0,0,0,0.734646,0.260236,0.00511811,10160,2792319,9815
1,cage,15,qpFreeGate,1,1,0.286611,60250,131,23.6152,2220,2220,0,0.00159044,0.00249477,0,0,0.00369686,0,451,117,0.290466,0,0,0,1,0,0,0,0,0
1,cage,15,qpFreeEnvelope,1,1,0.452534,37910,1220,28.0499,1478,1478,0,0.000295841,0.00249477,0,0,0.0498807,0.876444,6429,1182,0.189765,0,0,0,0.0651775,0.8206,0.114223,0,0,0
1,cage,15,qpEnvelope,1,1,0.0525373,7358,81,26.6349,1697,1697,0,2.03266e-05,0.00249477,0,0,0.0188489,0.16798,57,45,1.42105,0,0,0,0.831204,0.160098,0.00869802,7358,2000839,7264
1,cage,22,isSafe,1,1,1.08449,409239,2963,23.1908,14,1161,0,0.00468218,0.00249477,0,0,0,0,27764,2960,0.106721,0,0,0,0,0,0,0,0,0
1,cage,22,qpFixed,1,1,0.351875,56748,221,35.995,3105,3105,65,-0.00510971,0.00249477,0,0,0.00766155,0,243,139,0.909465,0,0,0,1,0,0,56748,15492774,51678
1,cage,22,qpPlain,1,1,0.369148,56748,221,35.995,3105,3105,65,-0.00510971,0.00249477,0,0,0.00766155,0,243,139,0.909465,0,0,0,1,0,0,56748,19464564,56748
1,cage,22,qpAdaptive,1,1,0.279398,41611,216,36.0092,2639,2639,63,-0.00517339,0.00249477,0,0,0.0104052,0.2185,243,136,0.888889,0,0,0,0.780293,0.216559,0.00314828,41611,11317465,40959
1,cage,22,qpFreeGate,1,1,3.61482,753739,1257,17.2512,2072,2072,0,0.00337331,0.00249477,0,0,0.00270968,0,6728,1220,0.186831,0,0,0,1,0,0,0,0,0
1,cage,22,qpFreeEnvelope,1,1,0.366656,29978,1023,20.0967,1087,1087,0,0.00102309,0.00249477,0,0,0.0536953,0.901861,5316,990,0.192438,0,0,0,0.031752,0.849682,0.118566,0,0,0
1,cage,22,qpEnvelope,1,1,0.225351,31998,216,36.2055,2376,2376,64,-0.00523712,0.00249477,0,0,0.0135627,0.149791,243,136,0.888889,0,0,0,0.849486,0.145201,0.005313,31998,8672541,31769
1,cage,29,isSafe,1,1,0.574712,221161,1449,21.9302,14,1098,0,0.000567248,0.00249477,0,0,0,0,12663,1445,0.114428,0,0,0,0,0,0,0,0,0
1,cage,29,qpFixed,1,1,0.140787,23234,113,20.799,1752,1752,0,6.42224e-05,0.00249477,0,0,0.00846358,0,93,64,1.21505,0,0,0,1,0,0,23234,6072179,21499
1,cage,29,qpPlain,1,1,0.149505,23234,113,20.799,1752,1752,0,6.42224e-05,0.00249477,0,0,0.00846358,0,93,64,1.21505,0,0,0,1,0,0,23234,7969262,23234
1,cage,29,qpAdaptive,1,1,0.114639,17547,113,20.8004,1361,1361,0,3.30068e-05,0.00249477,0,0,0.0112253,0.186243,93,64,1.21505,0,0,0,0.812846,0.18459,0.00256454,17547,4576579,17310
1,cage,29,qpFreeGate,1,1,6.50775,1354569,2204,17.3114,2203,2203,0,0.00311806,0.00249477,0,0,0.00253693,0,12340,2163,0.178606,0,0,0,1,0,0,0,0,0
1,cage,29,qpFreeEnvelope,1,1,0.455631,37522,1190,17.3043,962,962,0,0.000751149,0.00249477,0,0,0.0481899,0.884521,6498,1154,0.183133,0,0,0,0.0512842,0.832459,0.116257,0,0,0
1,cage,29,qpEnvelope,1,1,0.096995,14074,111,20.8249,1273,1273,0,9.47475e-07,0.00249477,0,0,0.0138673,0.125764,93,62,1.19355,0,0,0,0.873597,0.121714,0.0046895,14074,3753079,13898
1,cage,36,isSafe,1,1,0.0823957,32308,167,21.744,12,1089,0,0.00346864,0.00249477,0,0,0,0,1459,162,0.114462,0,0,0,0,0,0,0,0,0
1,cage,36,qpFixed,1,1,0.0240162,4064,25,22.2812,1915,1915,0,3.10273e-05,0.00249477,0,0,0.00983388,0,12,12,2.08333,0,0,0,1,0,0,4064,1119167,3358
1,cage,36,qpPlain,1,1,0.0250725,4064,25,22.2812,1915,1915,0,3.10273e-05,0.00249477,0,0,0.00983388,0,12,12,2.08333,0,0,0,1,0,0,4064,1393952,4064
1,cage,36,qpAdaptive,1,1,0.0143254,2161,25,22.3625,1558,1558,0,3.01897e-05,0.00249477,0,0,0.0185921,0.463211,12,12,2.08333,0,0,0,0.5354,0.456733,0.00786673,2161,614040,2022
1,cage,36,qpFreeGate,1,1,1.71761,359328,615,20.6282,2342,2342,0,0.00476469,0.00249477,0,0,0.00291365,0,3084,584,0.199416,0,0,0,1,0,0,0,0,0
1,cage,36,qpFreeEnvelope,1,1,0.029104,2343,108,17.2623,921,921,0,0.00138244,0.00249477,0,0,0.0748037,0.950918,357,91,0.302521,0,0,0,0.0159896,0.835782,0.148228,0,0,0
1,cage,36,qpEnvelope,1,1,0.00988718,1332,25,22.4241,1365,1365,0,2.84121e-05,0.00249477,0,0,0.030314,0.328078,12,12,2.08333,0,0,0,0.66967,0.316817,0.0135135,1332,375468,1297
1,cage,43,isSafe,1,1,0.0689071,26992,136,23.3035,13,1167,0,0.00264703,0.00249477,0,0,0,0,1022,132,0.133072,0,0,0,0,0,0,0,0,0
1,cage,43,qpFixed,1,1,0.269915,43597,175,21.1167,1826,1826,0,0.000394519,0.00249477,0,0,0.00777884,0,185,109,0.945946,0,0,0,1,0,0,43597,11973186,40773
1,cage,43,qpPlain,1,1,0.279742,43597,175,21.1167,1826,1826,0,0.000394519,0.00249477,0,0,0.00777884,0,185,109,0.945946,0,0,0,1,0,0,43597,14953771,43597
1,cage,43,qpAdaptive,1,1,0.213865,32069,174,21.1271,1566,1566,0,0.000306357,0.00249477,0,0,0.0106203,0.200536,185,109,0.940541,0,0,0,0.798179,0.198453,0.00336784,32069,8742318,31638
1,cage,43,qpFreeGate,1,1,1.88523,391600,619,15.2709,2000,2000,0,0.00207582,0.00249477,0,0,0.00269528,0,3472,595,0.178283,0,0,0,1,0,0,0,0,0
1,cage,43,qpFreeEnvelope,1,1,0.739864,59783,1791,28.9741,1568,1568,0,0.000675664,0.00249477,0,0,0.0434359,0.881404,11413,1742,0.156926,0,0,0,0.0417986,0.839758,0.118444,0,0,0
1,cage,43,qpEnvelope,1,1,0.179815,25712,175,21.1611,1408,1408,77,-0.000339404,0.00249477,0,0,0.0133397,0.127606,185,109,0.945946,0,0,0,0.871772,0.122978,0.00525047,25712,6987295,25543
1,cage,50,isSafe,1,1,0.113047,44323,236,13.73,8,688,0,0.0119125,0.00249477,0,0,0,0,1880,233,0.125532,0,0,0,0,0,0,0,0,0
1,cage,50,qpFixed,1,1,0.0515986,8640,53,15.7084,1474,1474,0,0.0013546,0.00249477,0,0,0.00971624,0,31,26,1.70968,0,0,0,1,0,0,8640,2252684,7828
1,cage,50,qpPlain,1,1,0.0544404,8640,53,15.7084,1474,1474,0,0.0013546,0.00249477,0,0,0.00971624,0,31,26,1.70968,0,0,0,1,0,0,8640,2963520,8640
1,cage,50,qpAdaptive,1,1,0.0391038,6081,53,15.7321,1061,1061,0,0.00127835,0.00249477,0,0,0.0138199,0.303733,31,26,1.70968,0,0,0,0.694951,0.300937,0.00411117,6081,1572501,5977
1,cage,50,qpFreeGate,1,1,0.0362714,7631,26,9.92424,1023,1023,0,0.004754,0.00249477,0,0,0.00413584,0,47,15,0.553191,0,0,0,1,0,0,0,0,0
1,cage,50,qpFreeEnvelope,1,1,0.00628794,548,35,12.4028,681,681,0,0.0024768,0.00249477,0,0,0.0612153,0.923358,58,16,0.603448,0,0,0,0.0585009,0.813528,0.127971,0,0,0
1,cage,50,qpEnvelope,1,1,0.0300163,4322,53,15.7304,962,962,0,0.000897117,0.00249477,0,0,0.0195433,0.212402,31,26,1.70968,0,0,0,0.785747,0.205229,0.0090236,4322,1114271,4272
1,cage,57,isSafe,1,1,0.209445,81802,422,11.5388,7,578,0,0.00473714,0.00249477,0,0,0,0,3882,418,0.108707,0,0,0,0,0,0,0,0,0
1,cage,57,qpFixed,1,1,0.0298767,5051,35,24.3444,2139,2139,117,-6.13351e-05,0.00249477,0,0,0.00981803,0,16,13,2.1875,0,0,0,1,0,0,5051,1432958,3498
1,cage,57,qpPlain,1,1,0.0315506,5051,35,24.3444,2139,2139,117,-6.13351e-05,0.00249477,0,0,0.00981803,0,16,13,2.1875,0,0,0,1,0,0,5051,1732493,5051
1,cage,57,qpAdaptive,1,1,0.0200948,3015,34,24.3431,1870,1870,0,1.0548e-05,0.00249477,0,0,0.0164428,0.256385,16,13,2.125,0,0,0,0.739635,0.250415,0.00995025,3015,876648,2609
1,cage,57,qpFreeGate,1,1,0.90818,188395,362,21.0716,2127,2127,0,0.00506419,0.00249477,0,0,0.00315121,0,1792,347,0.202009,0,0,0,1,0,0,0,0,0
1,cage,57,qpFreeEnvelope,1,1,0.660027,56378,1597,19.2385,1029,1029,0,6.6269e-05,0.00249477,0,0,0.0404748,0.863475,9898,1571,0.161346,0,0,0,0.0604343,0.852952,0.0866133,0,0,0
1,cage,57,qpEnvelope,1,1,0.00487136,678,14,15.5907,1009,1009,0,0.000248984,0.00249477,0,0,0.027702,0.160767,5,5,2.8,0,0,0,0.839233,0.144543,0.0162242,678,174456,645
1,cage,64,isSafe,1,1,0.0288214,11345,58,8.17249,6,410,0,0.00652198,0.00249477,0,0,0,0,292,54,0.19863,0,0,0,0,0,0,0,0,0
1,cage,64,qpFixed,1,1,0.141782,23341,101,26.4905,2432,2432,0,3.23968e-05,0.00249477,0,0,0.00828014,0,96,64,1.05208,0,0,0,1,0,0,23341,6179283,20987
1,cage,64,qpPlain,1,1,0.150374,23341,101,26.4905,2432,2432,0,3.23968e-05,0.00249477,0,0,0.00828014,0,96,64,1.05208,0,0,0,1,0,0,23341,8005963,23341
1,cage,64,qpAdaptive,1,1,0.109371,16490,102,26.5028,2145,2145,0,3.22929e-05,0.00249477,0,0,0.0117306,0.215464,96,64,1.0625,0,0,0,0.783505,0.212917,0.00357793,16490,4392796,16091
1,cage,64,qpFreeGate,1,1,8.20027,1701595,2689,25.8009,3193,3193,0,0.00416009,0.00249477,0,0,0.00233496,0,16552,2635,0.162458,0,0,0,1,0,0,0,0,0
1,cage,64,qpFreeEnvelope,1,1,0.538827,43378,1406,20.616,1118,1118,0,0.000729153,0.00249477,0,0,0.0488456,0.904352,8168,1371,0.172135,0,0,0,0.0265587,0.848486,0.124956,0,0,0
1,cage,64,qpEnvelope,1,1,0.09777,14125,99,26.5662,1933,1933,0,3.14835e-05,0.00249477,0,0,0.0137781,0.12892,96,64,1.03125,0,0,0,0.870159,0.125097,0.00474336,14125,3758119,13980
1,cage,71,isSafe,1,1,0.251664,97897,563,19.826,12,993,0,0.00383952,0.00249477,0,0,0,0,5374,560,0.104764,0,0,0,0,0,0,0,0,0
1,cage,71,qpFixed,1,1,0.132443,21623,106,23.6864,2080,2080,0,0.000232778,0.00249477,0,0,0.00875105,0,87,60,1.21839,0,0,0,1,0,0,21623,5638497,19539
1,cage,71,qpPlain,1,1,0.140027,21623,106,23.6864,2080,2080,0,0.000232778,0.00249477,0,0,0.00875105,0,87,60,1.21839,0,0,0,1,0,0,21623,7416689,21623
1,cage,71,qpAdaptive,1,1,0.0990837,14891,106,23.6728,1776,1776,0,0.000233513,0.00249477,0,0,0.0127449,0.25774,87,60,1.21839,0,0,0,0.740833,0.255003,0.00416387,14891,3900332,14550
1,cage,71,qpFreeGate,1,1,0.338194,71107,132,20.0372,2167,2167,0,0.00183069,0.00249477,0,0,0.0033483,0,528,116,0.25,0,0,0,1,0,0,0,0,0
1,cage,71,qpFreeEnvelope,1,1,0.0995651,8202,293,19.5375,1082,1082,0,0.000201625,0.00249477,0,0,0.061203,0.933065,1276,271,0.229624,0,0,0,0.0232096,0.846965,0.129825,0,0,0
1,cage,71,qpEnvelope,1,1,0.0799181,11417,106,23.6703,1587,1587,0,0.000241334,0.00249477,0,0,0.0166915,0.191381,87,60,1.21839,0,0,0,0.807463,0.185617,0.00692011,11417,2974006,11271
1,cage,78,isSafe,1,1,0.180089,70283,394,16.0692,11,805,0,0.00382547,0.00249477,0,0,0,0,3539,390,0.111331,0,0,0,0,0,0,0,0,0
1,cage,78,qpFixed,1,1,0.0961774,15620,86,23.5276,2042,2042,0,0.000123157,0.00249477,0,0,0.00908913,0,58,46,1.48276,0,0,0,1,0,0,15620,4343319,13215
1,cage,78,qpPlain,1,1,0.100177,15620,86,23.5276,2042,2042,0,0.000123157,0.00249477,0,0,0.00908913,0,58,46,1.48276,0,0,0,1,0,0,15620,5357660,15620
1,cage,78,qpAdaptive,1,1,0.0658747,9646,86,23.5445,1753,1753,0,0.000109469,0.00249477,0,0,0.0147432,0.257309,58,46,1.48276,0,0,0,0.740411,0.252955,0.00663487,9646,2684239,9330
1,cage,78,qpFreeGate,1,1,0.967244,200517,326,10.4146,1415,1415,0,0.00494281,0.00249477,0,0,0.0029569,0,1526,312,0.21363,0,0,0,1,0,0,0,0,0
1,cage,78,qpFreeEnvelope,1,1,0.17683,15149,407,22.8437,1216,1216,0,0.000933886,0.00249477,0,0,0.0451215,0.919995,2121,385,0.191891,0,0,0,0.0445727,0.856481,0.0989461,0,0,0
1,cage,78,qpEnvelope,1,1,0.0845637,11388,106,18.6198,994,994,0,0.00138358,0.00249477,0,0,0.0184573,0.244117,105,63,1.00952,0,0,0,0.754654,0.236214,0.00913242,11388,3227633,11241
1,cage,85,isSafe,1,1,0.0620423,24377,124,9.19221,6,461,0,0.00963788,0.00249477,0,0,0,0,1002,121,0.123752,0,0,0,0,0,0,0,0,0
1,cage,85,qpFixed,1,1,0.0993707,16350,82,13.6521,1165,1165,0,0.000126738,0.00249477,0,0,0.00876568,0,67,47,1.22388,0,0,0,1,0,0,16350,4382105,15182
1,cage,85,qpPlain,1,1,0.104387,16350,82,13.6521,1165,1165,0,0.000126738,0.00249477,0,0,0.00876568,0,67,47,1.22388,0,0,0,1,0,0,16350,5608050,16350
1,cage,85,qpAdaptive,1,1,0.0773694,11579,82,13.6717,989,989,0,0.000128074,0.00249477,0,0,0.0124008,0.245963,67,47,1.22388,0,0,0,0.75231,0.243199,0.00449089,11579,3155000,11321
1,cage,85,qpFreeGate,1,1,3.19584,666028,979,33.2385,3615,3615,0,0.00647278,0.00249477,0,0,0.00253545,0,5701,947,0.171724,0,0,0,1,0,0,0,0,0
1,cage,85,qpFreeEnvelope,1,1,0.343209,28335,815,15.6509,870,870,0,0.000506535,0.00249477,0,0,0.0478094,0.914593,4866,798,0.167489,0,0,0,0.0287426,0.851191,0.120066,0,0,0
1,cage,85,qpEnvelope,1,1,0.0851394,12172,109,19.6385,1349,1349,0,6.85726e-05,0.00249477,0,0,0.0151883,0.140733,89,63,1.22472,0,0,0,0.858528,0.134735,0.00673677,12172,3367409,12051
1,cage,92,isSafe,1,1,0.252189,98380,564,18.484,11,926,0,0.00412346,0.00249477,0,0,0,0,4900,561,0.115102,0,0,0,0,0,0,0,0,0
1,cage,92,qpFixed,1,1,0.148642,24084,119,28.7154,2630,2630,0,5.19647e-05,0.00249477,0,0,0.00856834,0,97,64,1.2268,0,0,0,1,0,0,24084,6652784,21950
1,cage,92,qpPlain,1,1,0.154601,24084,119,28.7154,2630,2630,0,5.19647e-05,0.00249477,0,0,0.00856834,0,97,64,1.2268,0,0,0,1,0,0,24084,8260812,24084
1,cage,92,qpAdaptive,1,1,0.116938,17433,118,28.7383,2179,2179,0,4.80407e-05,0.00249477,0,0,0.0118465,0.234899,97,64,1.21649,0,0,0,0.763724,0.232433,0.00384329,17433,4799802,17110
1,cage,92,qpFreeGate,1,1,0.841124,176710,324,27.7037,2567,2567,0,0.00234734,0.00249477,0,0,0.00325247,0,1445,301,0.224221,0,0,0,1,0,0,0,0,0
1,cage,92,qpFreeEnvelope,1,1,0.0983727,8194,313,23.3025,1220,1220,0,0.000209301,0.00249477,0,0,0.064536,0.868684,1450,298,0.215862,0,0,0,0.0584244,0.821711,0.119864,0,0,0
1,cage,92,qpEnvelope,1,1,0.0910758,12841,117,28.826,1864,1864,0,2.82694e-05,0.00249477,0,0,0.016089,0.176388,97,64,1.20619,0,0,0,0.822833,0.17008,0.00708668,12841,3501829,12691
1,cage,99,isSafe,1,1,0.449375,173787,1103,22.1938,13,1111,0,0.00340212,0.00249477,0,0,0,0,10496,1100,0.105088,0,0,0,0,0,0,0,0,0
1,cage,99,qpFixed,1,1,0.106406,17426,94,24.6466,2066,2066,0,0.000201574,0.00249477,0,0,0.00905711,0,63,48,1.49206,0,0,0,1,0,0,17426,4674847,15545
1,cage,99,qpPlain,1,1,0.111568,17426,94,24.6466,2066,2066,0,0.000201574,0.00249477,0,0,0.00905711,0,63,48,1.49206,0,0,0,1,0,0,17426,5977118,17426
1,cage,99,qpAdaptive,1,1,0.0730918,10870,92,24.6757,1585,1585,0,0.000199274,0.00249477,0,0,0.0143117,0.314259,63,47,1.46032,0,0,0,0.683596,0.3107,0.0057043,10870,2976820,10677
1,cage,99,qpFreeGate,1,1,1.74199,363507,590,23.9156,2775,2775,0,0.00237223,0.00249477,0,0,0.00284327,0,3219,564,0.183287,0,0,0,1,0,0,0,0,0
1,cage,99,qpFreeEnvelope,1,1,0.270167,23233,634,22.7469,1187,1187,0,0.00432158,0.00249477,0,0,0.0455848,0.879912,3727,604,0.17011,0,0,0,0.0604376,0.840568,0.0989942,0,0,0
1,cage,99,qpEnvelope,1,1,0.055423,7529,93,24.6958,1413,1413,0,0.000202364,0.00249477,0,0,0.0209404,0.266835,63,47,1.47619,0,0,0,0.731571,0.257272,0.0111569,7529,2072000,7451
1,bookshelf_tall,3,isSafe,1,0,10,1946674,20198,0,0,0,0,inf,inf,0,0,0,0,208525,20196,0.0968613,0,0,0,0,0,0,0,0,0
1,bookshelf_tall,3,qpFixed,1,0,10.0006,1200505,2231,0,0,0,0,inf,inf,0,0,0.00551147,0,5596,2131,0.398678,0,0,0,1,0,0,1200505,359811678,1153071
1,bookshelf_tall,3,qpPlain,1,0,10.0001,1202233,2234,0,0,0,0,inf,inf,0,0,0.00551097,0,5605,2134,0.398573,0,0,0,1,0,0,1202233,412365919,1202233
1,bookshelf_tall,3,qpAdaptive,1,0,10.0015,1138670,2324,0,0,0,0,inf,inf,0,0,0.00604387,0.0559486,5855,2223,0.396926,0,0,0,0.943752,0.0552557,0.000992386,1138670,342399727,1128284
1,bookshelf_tall,3,qpFreeGate,1,0,10.0002,1443682,2358,0,0,0,0,inf,inf,0,0,0.00236205,0,14338,2356,0.164458,0,0,0,1,0,0,0,0,0
1,bookshelf_tall,3,qpFreeEnvelope,1,0,10.0001,441198,21033,0,0,0,0,inf,inf,0,0,0.0475266,0.727247,147729,21031,0.142376,0,0,0,0.00330131,0.869012,0.127687,0,0,0
1,bookshelf_tall,3,qpEnvelope,1,0,10.0011,1129912,2413,0,0,0,0,inf,inf,0,0,0.00634953,0.0110982,6146,2315,0.392613,0,0,0,0.98884,0.0100512,0.00110894,1129912,339336109,1126302
1,bookshelf_tall,10,isSafe,1,1,0.00439519,954,7,9.00351,6,452,0,0.00094803,0.00249477,0,0,0,0,17,3,0.411765,0,0,0,0,0,0,0,0,0
1,bookshelf_tall,10,qpFixed,1,1,0.0130125,1592,20,13.1198,994,994,0,0.000856982,0.00249477,0,0,0.0120768,0,5,5,4,0,0,0,1,0,0,1592,464748,1390
1,bookshelf_tall,10,qpPlain,1,1,0.0131885,1592,20,13.1198,994,994,0,0.000856982,0.00249477,0,0,0.0120768,0,5,5,4,0,0,0,1,0,0,1592,546056,1592
1,bookshelf_tall,10,qpAdaptive,1,1,0.00897239,1009,20,13.1218,889,889,0,0.000857001,0.00249477,0,0,0.0190382,0.460852,5,5,4,0,0,0,0.536174,0.446977,0.0168484,1009,297747,955
1,bookshelf_tall,10,qpFreeGate,1,1,0.104915,15289,43,8.87207,814,814,0,0.00096562,0.00249477,0,0,0.00427105,0,135,36,0.318519,0,0,0,1,0,0,0,0,0
1,bookshelf_tall,10,qpFreeEnvelope,1,1,0.0206647,1153,36,8.9667,472,472,0,0.00096562,0.00249477,0,0,0.0493445,0.96791,135,29,0.266667,0,0,0,0.0122058,0.895379,0.092415,0,0,0
1,bookshelf_tall,10,qpEnvelope,1,1,0.00379999,373,18,13.1622,740,740,0,0.000857442,0.00249477,0,0,0.0518825,0.428954,5,5,3.6,0,0,0,0.563003,0.391421,0.0455764,373,110937,356
1,bookshelf_tall,17,isSafe,1,1,0.0126628,2809,16,11.0024,7,552,0,0.00196561,0.00249477,0,0,0,0,48,12,0.333333,0,0,0,0,0,0,0,0,0
1,bookshelf_tall,17,qpFixed,1,1,0.004364,552,7,6.52619,553,553,0,0.00188771,0.00249477,0,0,0.0118228,0,1,1,7,0,0,0,1,0,0,552,144080,368
1,bookshelf_tall,17,qpPlain,1,1,0.00459908,552,7,6.52619,553,553,0,0.00188771,0.00249477,0,0,0.0118228,0,1,1,7,0,0,0,1,0,0,552,189336,552
1,bookshelf_tall,17,qpAdaptive,1,1,0.00325198,370,7,6.52483,495,495,0,0.00188776,0.00249477,0,0,0.0176347,0.172973,1,1,7,0,0,0,0.827027,0.164865,0.00810811,370,99857,350
1,bookshelf_tall,17,qpFreeGate,1,1,0.0342109,5066,20,9.13771,711,711,0,0.00196561,0.00249477,0,0,0.00625175,0,48,16,0.416667,0,0,0,1,0,0,0,0,0
1,bookshelf_tall,17,qpFreeEnvelope,1,1,0.0058115,286,20,9.10278,470,470,0,0.00196561,0.00249477,0,0,0.112206,0.958042,48,16,0.416667,0,0,0,0.0140845,0.816901,0.169014,0,0,0
1,bookshelf_tall,17,qpEnvelope,1,1,0.00204577,221,7,6.52949,435,435,0,0.00188782,0.00249477,0,0,0.0295452,0.131222,1,1,7,0,0,0,0.868778,0.113122,0.0180995,221,61388,214
1,bookshelf_tall,26,isSafe,0,0,0,0,0,0,0,0,0,inf,inf,0,0,0,0,0,0,0,0,0,0,0,0,0,0,0,0
1,bookshelf_tall,26,qpFixed,0,0,0,0,0,0,0,0,0,inf,inf,0,0,0,0,0,0,0,0,0,0,0,0,0,0,0,0
1,bookshelf_tall,26,qpPlain,0,0,0,0,0,0,0,0,0,inf,inf,0,0,0,0,0,0,0,0,0,0,0,0,0,0,0,0
1,bookshelf_tall,26,qpAdaptive,0,0,0,0,0,0,0,0,0,inf,inf,0,0,0,0,0,0,0,0,0,0,0,0,0,0,0,0
1,bookshelf_tall,26,qpFreeGate,0,0,0,0,0,0,0,0,0,inf,inf,0,0,0,0,0,0,0,0,0,0,0,0,0,0,0,0
1,bookshelf_tall,26,qpFreeEnvelope,0,0,0,0,0,0,0,0,0,inf,inf,0,0,0,0,0,0,0,0,0,0,0,0,0,0,0,0
1,bookshelf_tall,26,qpEnvelope,0,0,0,0,0,0,0,0,0,inf,inf,0,0,0,0,0,0,0,0,0,0,0,0,0,0,0,0
1,bookshelf_tall,33,isSafe,1,1,0.114029,25203,106,15.6253,10,783,0,0.000287668,0.00249477,0,0,0,0,725,101,0.146207,0,0,0,0,0,0,0,0,0
1,bookshelf_tall,33,qpFixed,1,1,0.00227379,323,5,5.52913,324,324,0,0.000415721,0.00249477,0,0,0.0171181,0,1,1,5,0,0,0,1,0,0,323,82621,65
1,bookshelf_tall,33,qpPlain,1,1,0.00247034,323,5,5.52913,324,324,0,0.000415721,0.00249477,0,0,0.0171181,0,1,1,5,0,0,0,1,0,0,323,110789,323
1,bookshelf_tall,33,qpAdaptive,1,1,0.000537654,66,5,5.52148,308,308,0,0.000415721,0.00249477,0,0,0.0836588,0.727273,1,1,5,0,0,0,0.272727,0.681818,0.0454545,66,19607,38
1,bookshelf_tall,33,qpFreeGate,1,1,0.0667101,9775,40,12.3053,1063,1063,0,0.000377417,0.00249477,0,0,0.00651559,0,118,36,0.338983,0,0,0,1,0,0,0,0,0
1,bookshelf_tall,33,qpFreeEnvelope,1,1,0.018556,1030,48,11.8806,646,646,0,0.000377352,0.00249477,0,0,0.077578,0.84466,152,44,0.315789,0,0,0,0.11828,0.807429,0.0742913,0,0,0
1,bookshelf_tall,33,qpEnvelope,1,1,0.000372105,33,5,5.56295,292,292,0,0.000415721,0.00249477,0,0,0.168574,0.757576,1,1,5,0,0,0,0.242424,0.666667,0.0909091,33,9793,22
1,bookshelf_tall,40,isSafe,1,1,0.689347,151589,943,18.0297,11,903,0,0.00186087,0.00249477,0,0,0,0,10072,940,0.0936259,0,0,0,0,0,0,0,0,0
1,bookshelf_tall,40,qpFixed,1,1,0.021105,2438,26,15.2698,1378,1378,164,-0.00376837,0.00249477,0,0,0.0099577,0,8,8,3.25,0,0,0,1,0,0,2438,741041,2082
1,bookshelf_tall,40,qpPlain,1,1,0.0210704,2438,26,15.2698,1378,1378,164,-0.00376837,0.00249477,0,0,0.0099577,0,8,8,3.25,0,0,0,1,0,0,2438,836234,2438
1,bookshelf_tall,40,qpAdaptive,1,1,0.0142554,1476,27,15.292,1148,1148,164,-0.00376837,0.00249477,0,0,0.016491,0.320461,8,8,3.375,0,0,0,0.671409,0.313686,0.0149051,1476,470246,1449
1,bookshelf_tall,40,qpFreeGate,1,1,0.29381,42628,73,20.106,1698,1698,0,0.00254312,0.00249477,0,0,0.00322276,0,337,68,0.216617,0,0,0,1,0,0,0,0,0
1,bookshelf_tall,40,qpFreeEnvelope,1,1,0.0382525,1879,78,21.5324,1126,1126,0,0.00211573,0.00249477,0,0,0.0752637,0.957424,326,74,0.239264,0,0,0,0.00541712,0.834236,0.160347,0,0,0
1,bookshelf_tall,40,qpEnvelope,1,1,0.0467437,4853,78,21.9251,1509,1509,164,-0.00376837,0.00249477,0,0,0.0172564,0.222337,34,27,2.29412,0,0,0,0.773542,0.211004,0.0154544,4853,1344835,4727
1,bookshelf_tall,47,isSafe,1,1,0.0126322,2798,16,14.8569,9,744,0,0.00538713,0.00249477,0,0,0,0,54,12,0.296296,0,0,0,0,0,0,0,0,0
1,bookshelf_tall,47,qpFixed,1,1,0.0560291,6653,48,15.8369,1362,1362,0,0.000154967,0.00249477,0,0,0.00889954,0,20,19,2.4,0,0,0,1,0,0,6653,1765126,6343
1,bookshelf_tall,47,qpPlain,1,1,0.0581179,6653,48,15.8369,1362,1362,0,0.000154967,0.00249477,0,0,0.00889954,0,20,19,2.4,0,0,0,1,0,0,6653,2281979,6653
1,bookshelf_tall,47,qpAdaptive,1,1,0.0684893,7590,62,16.7253,1240,1240,0,0.000302564,0.00249477,0,0,0.0110463,0.205007,34,28,1.82353,0,0,0,0.793281,0.203557,0.00316206,7590,2038735,7491
1,bookshelf_tall,47,qpFreeGate,1,1,0.0555363,8086,20,13.265,1503,1503,0,0.0014077,0.00249477,0,0,0.00383175,0,56,13,0.357143,0,0,0,1,0,0,0,0,0
1,bookshelf_tall,47,qpFreeEnvelope,1,1,0.0101144,573,19,11.5153,629,629,0,0.000830878,0.00249477,0,0,0.05032,0.935428,56,14,0.339286,0,0,0,0.0558464,0.839442,0.104712,0,0,0
1,bookshelf_tall,47,qpEnvelope,1,1,0.00557066,575,13,13.9213,897,897,0,0.000569904,0.00249477,0,0,0.0284078,0.313043,3,3,4.33333,0,0,0,0.681739,0.304348,0.013913,575,158449,565
1,bookshelf_tall,54,isSafe,1,1,0.0203174,4535,23,7.64347,5,384,0,5.9547e-05,0.00249477,0,0,0,0,102,20,0.22549,0,0,0,0,0,0,0,0,0
1,bookshelf_tall,54,qpFixed,1,1,0.00940273,1207,11,10.1495,765,765,0,0.00232001,0.00249477,0,0,0.0109069,0,3,3,3.66667,0,0,0,1,0,0,1207,340999,727
1,bookshelf_tall,54,qpPlain,1,1,0.00974114,1207,11,10.1495,765,765,0,0.00232001,0.00249477,0,0,0.0109069,0,3,3,3.66667,0,0,0,1,0,0,1207,414001,1207
1,bookshelf_tall,54,qpAdaptive,1,1,0.00455082,503,14,10.1459,659,659,0,0.00251041,0.00249477,0,0,0.0268982,0.351889,3,3,4.66667,0,0,0,0.646123,0.332008,0.0218688,503,156426,467
1,bookshelf_tall,54,qpFreeGate,1,1,0.119223,17458,51,24.2129,1882,1882,0,0.0029398,0.00249477,0,0,0.00469757,0,183,45,0.278689,0,0,0,1,0,0,0,0,0
1,bookshelf_tall,54,qpFreeEnvelope,1,1,0.0208772,1024,51,28.4592,1474,1474,0,0.00064114,0.00249477,0,0,0.0783908,0.959961,183,45,0.278689,0,0,0,0.0117302,0.821114,0.167155,0,0,0
1,bookshelf_tall,54,qpEnvelope,1,1,0.00213968,192,14,10.0939,553,553,0,0.00263455,0.00249477,0,0,0.0703854,0.520833,3,3,4.66667,0,0,0,0.473958,0.458333,0.0677083,192,59192,175
1,bookshelf_tall,61,isSafe,0,0,0,0,0,0,0,0,0,inf,inf,0,0,0,0,0,0,0,0,0,0,0,0,0,0,0,0
1,bookshelf_tall,61,qpFixed,0,0,0,0,0,0,0,0,0,inf,inf,0,0,0,0,0,0,0,0,0,0,0,0,0,0,0,0
1,bookshelf_tall,61,qpPlain,0,0,0,0,0,0,0,0,0,inf,inf,0,0,0,0,0,0,0,0,0,0,0,0,0,0,0,0
1,bookshelf_tall,61,qpAdaptive,0,0,0,0,0,0,0,0,0,inf,inf,0,0,0,0,0,0,0,0,0,0,0,0,0,0,0,0
1,bookshelf_tall,61,qpFreeGate,0,0,0,0,0,0,0,0,0,inf,inf,0,0,0,0,0,0,0,0,0,0,0,0,0,0,0,0
1,bookshelf_tall,61,qpFreeEnvelope,0,0,0,0,0,0,0,0,0,inf,inf,0,0,0,0,0,0,0,0,0,0,0,0,0,0,0,0
1,bookshelf_tall,61,qpEnvelope,0,0,0,0,0,0,0,0,0,inf,inf,0,0,0,0,0,0,0,0,0,0,0,0,0,0,0,0
1,bookshelf_tall,69,isSafe,1,1,0.0684583,15226,78,20.0808,12,1006,0,0.00197499,0.00249477,0,0,0,0,502,74,0.155378,0,0,0,0,0,0,0,0,0
1,bookshelf_tall,69,qpFixed,1,1,0.0137055,1667,13,13.9535,1273,1273,0,0.000689154,0.00249477,0,0,0.00921701,0,5,4,2.6,0,0,0,1,0,0,1667,485600,1416
1,bookshelf_tall,69,qpPlain,1,1,0.0138785,1667,13,13.9535,1273,1273,0,0.000689154,0.00249477,0,0,0.00921701,0,5,4,2.6,0,0,0,1,0,0,1667,571781,1667
1,bookshelf_tall,69,qpAdaptive,1,1,0.00847461,960,13,13.9654,1011,1011,0,0.000657155,0.00249477,0,0,0.0160188,0.420833,5,4,2.6,0,0,0,0.575,0.414583,0.0104167,960,282583,916
1,bookshelf_tall,69,qpFreeGate,1,1,0.223685,32758,82,10.1525,1042,1042,0,0.000824556,0.00249477,0,0,0.00419357,0,323,77,0.25387,0,0,0,1,0,0,0,0,0
1,bookshelf_tall,69,qpFreeEnvelope,1,1,0.0427075,2244,80,10.0508,549,549,0,0.000409082,0.00249477,0,0,0.0617343,0.962567,328,75,0.243902,0,0,0,0.0153707,0.862568,0.122061,0,0,0
1,bookshelf_tall,69,qpEnvelope,1,1,0.00498998,514,13,14.0292,850,850,0,0.000721584,0.00249477,0,0,0.0301052,0.400778,5,4,2.6,0,0,0,0.597276,0.379377,0.0233463,514,151749,493
1,bookshelf_tall,76,isSafe,1,0,10,1973243,20374,0,0,0,0,inf,inf,0,0,0,0,173667,20372,0.117316,0,0,0,0,0,0,0,0,0
1,bookshelf_tall,76,qpFixed,1,0,10.0009,1208567,2333,0,0,0,0,inf,inf,0,0,0.00558066,0,5560,2214,0.419604,0,0,0,1,0,0,1208567,361066509,1147437
1,bookshelf_tall,76,qpPlain,1,0,10.0004,1207456,2332,0,0,0,0,inf,inf,0,0,0.00558171,0,5554,2213,0.419878,0,0,0,1,0,0,1207456,414157408,1207456
1,bookshelf_tall,76,qpAdaptive,1,0,10.0003,1143320,2411,0,0,0,0,inf,inf,0,0,0.00613375,0.0505432,5829,2293,0.413622,0,0,0,0.949194,0.049819,0.000986601,1143320,342717861,1130549
1,bookshelf_tall,76,qpFreeGate,1,0,10.0009,1447618,2293,0,0,0,0,inf,inf,0,0,0.00244355,0,12482,2288,0.183705,0,0,0,1,0,0,0,0,0
1,bookshelf_tall,76,qpFreeEnvelope,1,0,10,427107,24536,0,0,0,0,inf,inf,0,0,0.0554014,0.699413,151747,24532,0.16169,0,0,0,0.00155703,0.865881,0.132562,0,0,0
1,bookshelf_tall,76,qpEnvelope,1,0,10.002,1138578,2496,0,0,0,0,inf,inf,0,0,0.00640107,0.00652568,6053,2371,0.412358,0,0,0,0.99343,0.00553849,0.00103199,1138578,340666906,1134688
1,bookshelf_tall,83,isSafe,1,1,0.0521329,11807,60,21.3338,12,1068,0,0.00323334,0.00249477,0,0,0,0,392,56,0.153061,0,0,0,0,0,0,0,0,0
1,bookshelf_tall,83,qpFixed,1,1,0.0141888,1761,14,10.1969,749,749,0,0.00390437,0.00249477,0,0,0.0103462,0,4,4,3.5,0,0,0,1,0,0,1761,530268,1281
1,bookshelf_tall,83,qpPlain,1,1,0.0142937,1761,14,10.1969,749,749,0,0.00390437,0.00249477,0,0,0.0103462,0,4,4,3.5,0,0,0,1,0,0,1761,604023,1761
1,bookshelf_tall,83,qpAdaptive,1,1,0.00785587,885,14,10.2208,577,577,0,0.00390437,0.00249477,0,0,0.020656,0.338983,4,4,3.5,0,0,0,0.657627,0.329944,0.0124294,885,271502,803
1,bookshelf_tall,83,qpFreeGate,1,1,0.0357616,5298,35,9.27128,1072,1072,0,0.0025199,0.00249477,0,0,0.00518062,0,40,14,0.875,0,0,0,1,0,0,0,0,0
1,bookshelf_tall,83,qpFreeEnvelope,1,1,0.00178694,105,12,8.1196,456,456,0,0.000433299,0.00249477,0,0,0.0866543,0.952381,4,4,3,0,0,0,0.0190476,0.87619,0.104762,0,0,0
1,bookshelf_tall,83,qpEnvelope,1,1,0.00491913,501,14,10.2354,534,534,0,0.00390437,0.00249477,0,0,0.0366784,0.263473,4,4,3.5,0,0,0,0.734531,0.241517,0.0239521,501,153295,476
1,bookshelf_tall,90,isSafe,0,0,0,0,0,0,0,0,0,inf,inf,0,0,0,0,0,0,0,0,0,0,0,0,0,0,0,0
1,bookshelf_tall,90,qpFixed,0,0,0,0,0,0,0,0,0,inf,inf,0,0,0,0,0,0,0,0,0,0,0,0,0,0,0,0
1,bookshelf_tall,90,qpPlain,0,0,0,0,0,0,0,0,0,inf,inf,0,0,0,0,0,0,0,0,0,0,0,0,0,0,0,0
1,bookshelf_tall,90,qpAdaptive,0,0,0,0,0,0,0,0,0,inf,inf,0,0,0,0,0,0,0,0,0,0,0,0,0,0,0,0
1,bookshelf_tall,90,qpFreeGate,0,0,0,0,0,0,0,0,0,inf,inf,0,0,0,0,0,0,0,0,0,0,0,0,0,0,0,0
1,bookshelf_tall,90,qpFreeEnvelope,0,0,0,0,0,0,0,0,0,inf,inf,0,0,0,0,0,0,0,0,0,0,0,0,0,0,0,0
1,bookshelf_tall,90,qpEnvelope,0,0,0,0,0,0,0,0,0,inf,inf,0,0,0,0,0,0,0,0,0,0,0,0,0,0,0,0
1,bookshelf_tall,99,isSafe,1,1,0.022633,5073,26,17.7688,10,890,0,0.00762918,0.00249477,0,0,0,0,163,21,0.159509,0,0,0,0,0,0,0,0,0
1,bookshelf_tall,99,qpFixed,1,1,0.0241443,3049,21,18.4991,1534,1534,0,0.000508971,0.00249477,0,0,0.00991788,0,11,7,1.90909,0,0,0,1,0,0,3049,730517,2903
1,bookshelf_tall,99,qpPlain,1,1,0.0258621,3049,21,18.4991,1534,1534,0,0.000508971,0.00249477,0,0,0.00991788,0,11,7,1.90909,0,0,0,1,0,0,3049,1045807,3049
1,bookshelf_tall,99,qpAdaptive,1,1,0.0191175,2289,21,18.0859,1350,1350,0,0.000511159,0.00249477,0,0,0.0132257,0.294015,11,7,1.90909,0,0,0,0.704675,0.290957,0.00436872,2289,546409,2229
1,bookshelf_tall,99,qpFreeGate,1,1,0.0495038,7396,20,12.3991,1229,1229,0,0.00762918,0.00249477,0,0,0.00393034,0,56,14,0.357143,0,0,0,1,0,0,0,0,0
1,bookshelf_tall,99,qpFreeEnvelope,1,1,0.00957746,517,29,17.29,909,909,0,0.00090731,0.00249477,0,0,0.0769007,0.943907,56,17,0.517857,0,0,0,0.0466019,0.829126,0.124272,0,0,0
1,bookshelf_tall,99,qpEnvelope,1,1,0.0128916,1461,23,18.3536,1195,1195,0,0.000512766,0.00249477,0,0,0.0207358,0.221081,11,7,2.09091,0,0,0,0.774812,0.212868,0.0123203,1461,351065,1434
1,bookshelf_thin,6,isSafe,0,0,0,0,0,0,0,0,0,inf,inf,0,0,0,0,0,0,0,0,0,0,0,0,0,0,0,0
1,bookshelf_thin,6,qpFixed,0,0,0,0,0,0,0,0,0,inf,inf,0,0,0,0,0,0,0,0,0,0,0,0,0,0,0,0
1,bookshelf_thin,6,qpPlain,0,0,0,0,0,0,0,0,0,inf,inf,0,0,0,0,0,0,0,0,0,0,0,0,0,0,0,0
1,bookshelf_thin,6,qpAdaptive,0,0,0,0,0,0,0,0,0,inf,inf,0,0,0,0,0,0,0,0,0,0,0,0,0,0,0,0
1,bookshelf_thin,6,qpFreeGate,0,0,0,0,0,0,0,0,0,inf,inf,0,0,0,0,0,0,0,0,0,0,0,0,0,0,0,0
1,bookshelf_thin,6,qpFreeEnvelope,0,0,0,0,0,0,0,0,0,inf,inf,0,0,0,0,0,0,0,0,0,0,0,0,0,0,0,0
1,bookshelf_thin,6,qpEnvelope,0,0,0,0,0,0,0,0,0,inf,inf,0,0,0,0,0,0,0,0,0,0,0,0,0,0,0,0
1,bookshelf_thin,13,isSafe,1,1,0.0467328,8033,40,15.915,9,797,0,0.000870732,0.00249477,0,0,0,0,135,37,0.296296,0,0,0,0,0,0,0,0,0
1,bookshelf_thin,13,qpFixed,1,1,0.00259144,316,5,4.13418,317,317,0,0.000870732,0.00249477,0,0,0.0130829,0,1,1,5,0,0,0,1,0,0,316,71660,93
1,bookshelf_thin,13,qpPlain,1,1,0.00288455,316,5,4.13418,317,317,0,0.000870732,0.00249477,0,0,0.0130829,0,1,1,5,0,0,0,1,0,0,316,108388,316
1,bookshelf_thin,13,qpAdaptive,1,1,0.00113401,120,5,4.13418,243,243,0,0.000870732,0.00249477,0,0,0.0344515,0.166667,1,1,5,0,0,0,0.825,0.15,0.025,120,27385,93
1,bookshelf_thin,13,qpFreeGate,1,1,0.0692501,8609,40,18.156,1444,1444,0,0.000870732,0.00249477,0,0,0.00636141,0,67,27,0.597015,0,0,0,1,0,0,0,0,0
1,bookshelf_thin,13,qpFreeEnvelope,1,1,0.015773,698,39,9.3882,487,487,0,0.000870732,0.00249477,0,0,0.084623,0.958453,69,27,0.565217,0,0,0,0.0272989,0.863506,0.109195,0,0,0
1,bookshelf_thin,13,qpEnvelope,1,1,0.000670937,63,5,4.13632,228,228,0,0.000870732,0.00249477,0,0,0.0656558,0.269841,1,1,5,0,0,0,0.730159,0.222222,0.047619,63,14377,55
1,bookshelf_thin,20,isSafe,1,1,0.175556,30196,138,23.5428,14,1179,0,0.00261229,0.00249477,0,0,0,0,923,133,0.149512,0,0,0,0,0,0,0,0,0
1,bookshelf_thin,20,qpFixed,1,1,0.0100992,1136,8,6.81076,542,542,38,-0.016675,0.00249477,0,0,0.0108045,0,4,3,2,0,0,0,1,0,0,1136,280911,760
1,bookshelf_thin,20,qpPlain,1,1,0.0107237,1136,8,6.81076,542,542,38,-0.016675,0.00249477,0,0,0.0108045,0,4,3,2,0,0,0,1,0,0,1136,389648,1136
1,bookshelf_thin,20,qpAdaptive,1,1,0.00646458,655,8,6.83584,430,430,43,-0.0156477,0.00249477,0,0,0.0187838,0.10687,4,3,2,0,0,0,0.891603,0.100763,0.00763359,655,168443,608
1,bookshelf_thin,20,qpFreeGate,1,1,0.887495,110362,213,25.4658,2250,2250,0,0.00378777,0.00249477,0,0,0.00335817,0,923,207,0.230769,0,0,0,1,0,0,0,0,0
1,bookshelf_thin,20,qpFreeEnvelope,1,1,0.147529,6073,207,26.19,1349,1349,0,0.00309365,0.00249477,0,0,0.0595312,0.966079,923,198,0.224269,0,0,0,0.00083668,0.889056,0.110107,0,0,0
1,bookshelf_thin,20,qpEnvelope,1,1,0.00370231,353,6,3.52833,191,191,0,0.00679749,0.00249477,0,0,0.0319103,0.220963,4,3,1.5,0,0,0,0.779037,0.209632,0.0113314,353,91766,335
1,bookshelf_thin,27,isSafe,1,1,0.0697786,11982,60,11.491,7,576,0,0.000891254,0.00249477,0,0,0,0,392,57,0.153061,0,0,0,0,0,0,0,0,0
1,bookshelf_thin,27,qpFixed,1,1,0.0292718,2966,17,13.549,1296,1296,0,0.000178846,0.00249477,0,0,0.00819081,0,10,8,1.7,0,0,0,1,0,0,2966,856379,2655
1,bookshelf_thin,27,qpPlain,1,1,0.0296527,2966,17,13.549,1296,1296,0,0.000178846,0.00249477,0,0,0.00819081,0,10,8,1.7,0,0,0,1,0,0,2966,1017338,2966
1,bookshelf_thin,27,qpAdaptive,1,1,0.0229082,2211,17,13.5668,1100,1100,0,0.000177088,0.00249477,0,0,0.0110006,0.183175,10,8,1.7,0,0,0,0.816373,0.180461,0.00316599,2211,644639,2039
1,bookshelf_thin,27,qpFreeGate,1,1,0.0546631,6856,18,11.8094,1160,1160,0,0.000891254,0.00249477,0,0,0.00403391,0,51,14,0.352941,0,0,0,1,0,0,0,0,0
1,bookshelf_thin,27,qpFreeEnvelope,1,1,0.010036,470,15,14.6468,800,800,0,0.000711303,0.00249477,0,0,0.047666,0.857447,50,11,0.3,0,0,0,0.122056,0.809422,0.0685225,0,0,0
1,bookshelf_thin,27,qpEnvelope,1,1,0.0151664,1382,17,13.5754,946,946,0,0.000162291,0.00249477,0,0,0.0175387,0.209841,10,8,1.7,0,0,0,0.787988,0.204776,0.00723589,1382,406412,1320
1,bookshelf_thin,34,isSafe,1,1,0.0262949,4502,23,17.8056,10,892,0,0.000721379,0.00249477,0,0,0,0,148,20,0.155405,0,0,0,0,0,0,0,0,0
1,bookshelf_thin,34,qpFixed,1,1,0.00674726,760,12,6.93334,584,584,0,0.000889514,0.00249477,0,0,0.00996202,0,2,2,6,0,0,0,1,0,0,760,205806,419
1,bookshelf_thin,34,qpPlain,1,1,0.0070381,760,12,6.93334,584,584,0,0.000889514,0.00249477,0,0,0.00996202,0,2,2,6,0,0,0,1,0,0,760,260680,760
1,bookshelf_thin,34,qpAdaptive,1,1,0.00251418,261,11,6.93373,416,416,0,0.000889514,0.00249477,0,0,0.0290157,0.501916,2,2,5.5,0,0,0,0.482759,0.478927,0.0383142,261,67359,232
1,bookshelf_thin,34,qpFreeGate,1,1,0.145415,18215,41,12.1093,985,985,0,0.000889514,0.00249477,0,0,0.0038666,0,178,38,0.230337,0,0,0,1,0,0,0,0,0
1,bookshelf_thin,34,qpFreeEnvelope,1,1,0.0305156,1417,37,12.1434,633,633,0,0.000889514,0.00249477,0,0,0.043655,0.909668,178,34,0.207865,0,0,0,0.053802,0.852941,0.0932568,0,0,0
1,bookshelf_thin,34,qpEnvelope,1,1,0.00135037,120,10,6.93714,378,378,0,0.000889514,0.00249477,0,0,0.0630749,0.708333,2,2,5,0,0,0,0.258333,0.666667,0.075,120,31059,110
1,bookshelf_thin,41,isSafe,0,0,0,0,0,0,0,0,0,inf,inf,0,0,0,0,0,0,0,0,0,0,0,0,0,0,0,0
1,bookshelf_thin,41,qpFixed,0,0,0,0,0,0,0,0,0,inf,inf,0,0,0,0,0,0,0,0,0,0,0,0,0,0,0,0
1,bookshelf_thin,41,qpPlain,0,0,0,0,0,0,0,0,0,inf,inf,0,0,0,0,0,0,0,0,0,0,0,0,0,0,0,0
1,bookshelf_thin,41,qpAdaptive,0,0,0,0,0,0,0,0,0,inf,inf,0,0,0,0,0,0,0,0,0,0,0,0,0,0,0,0
1,bookshelf_thin,41,qpFreeGate,0,0,0,0,0,0,0,0,0,inf,inf,0,0,0,0,0,0,0,0,0,0,0,0,0,0,0,0
1,bookshelf_thin,41,qpFreeEnvelope,0,0,0,0,0,0,0,0,0,inf,inf,0,0,0,0,0,0,0,0,0,0,0,0,0,0,0,0
1,bookshelf_thin,41,qpEnvelope,0,0,0,0,0,0,0,0,0,inf,inf,0,0,0,0,0,0,0,0,0,0,0,0,0,0,0,0
1,bookshelf_thin,48,isSafe,0,0,0,0,0,0,0,0,0,inf,inf,0,0,0,0,0,0,0,0,0,0,0,0,0,0,0,0
1,bookshelf_thin,48,qpFixed,0,0,0,0,0,0,0,0,0,inf,inf,0,0,0,0,0,0,0,0,0,0,0,0,0,0,0,0
1,bookshelf_thin,48,qpPlain,0,0,0,0,0,0,0,0,0,inf,inf,0,0,0,0,0,0,0,0,0,0,0,0,0,0,0,0
1,bookshelf_thin,48,qpAdaptive,0,0,0,0,0,0,0,0,0,inf,inf,0,0,0,0,0,0,0,0,0,0,0,0,0,0,0,0
1,bookshelf_thin,48,qpFreeGate,0,0,0,0,0,0,0,0,0,inf,inf,0,0,0,0,0,0,0,0,0,0,0,0,0,0,0,0
1,bookshelf_thin,48,qpFreeEnvelope,0,0,0,0,0,0,0,0,0,inf,inf,0,0,0,0,0,0,0,0,0,0,0,0,0,0,0,0
1,bookshelf_thin,48,qpEnvelope,0,0,0,0,0,0,0,0,0,inf,inf,0,0,0,0,0,0,0,0,0,0,0,0,0,0,0,0
1,bookshelf_thin,55,isSafe,1,1,0.0670904,11488,57,18.8324,11,943,0,0.00259083,0.00249477,0,0,0,0,358,53,0.159218,0,0,0,0,0,0,0,0,0
1,bookshelf_thin,55,qpFixed,1,1,0.0149057,1583,10,11.9579,1009,1009,0,0.000219861,0.00249477,0,0,0.00948757,0,5,3,2,0,0,0,1,0,0,1583,390564,1223
1,bookshelf_thin,55,qpPlain,1,1,0.0156681,1583,10,11.9579,1009,1009,0,0.000219861,0.00249477,0,0,0.00948757,0,5,3,2,0,0,0,1,0,0,1583,542969,1583
1,bookshelf_thin,55,qpAdaptive,1,1,0.0125351,1260,10,11.958,945,945,0,0.000219858,0.00249477,0,0,0.0119196,0.097619,5,3,2,0,0,0,0.902381,0.0960317,0.0015873,1260,316550,1085
1,bookshelf_thin,55,qpFreeGate,1,1,0.313301,38868,88,14.0995,1164,1164,0,0.00259486,0.00249477,0,0,0.00385338,0,360,84,0.244444,0,0,0,1,0,0,0,0,0
1,bookshelf_thin,55,qpFreeEnvelope,1,1,0.0268613,1141,47,10.5319,591,591,0,0.000382432,0.00249477,0,0,0.0653809,0.909728,178,43,0.264045,0,0,0,0.047195,0.813891,0.138914,0,0,0
1,bookshelf_thin,55,qpEnvelope,1,1,0.0105012,1039,10,11.9919,892,892,0,0.000219613,0.00249477,0,0,0.0144735,0.0365736,5,3,2,0,0,0,0.963426,0.0346487,0.00192493,1039,263254,875
1,bookshelf_thin,62,isSafe,0,0,0,0,0,0,0,0,0,inf,inf,0,0,0,0,0,0,0,0,0,0,0,0,0,0,0,0
1,bookshelf_thin,62,qpFixed,0,0,0,0,0,0,0,0,0,inf,inf,0,0,0,0,0,0,0,0,0,0,0,0,0,0,0,0
1,bookshelf_thin,62,qpPlain,0,0,0,0,0,0,0,0,0,inf,inf,0,0,0,0,0,0,0,0,0,0,0,0,0,0,0,0
1,bookshelf_thin,62,qpAdaptive,0,0,0,0,0,0,0,0,0,inf,inf,0,0,0,0,0,0,0,0,0,0,0,0,0,0,0,0
1,bookshelf_thin,62,qpFreeGate,0,0,0,0,0,0,0,0,0,inf,inf,0,0,0,0,0,0,0,0,0,0,0,0,0,0,0,0
1,bookshelf_thin,62,qpFreeEnvelope,0,0,0,0,0,0,0,0,0,inf,inf,0,0,0,0,0,0,0,0,0,0,0,0,0,0,0,0
1,bookshelf_thin,62,qpEnvelope,0,0,0,0,0,0,0,0,0,inf,inf,0,0,0,0,0,0,0,0,0,0,0,0,0,0,0,0
1,bookshelf_thin,69,isSafe,0,0,0,0,0,0,0,0,0,inf,inf,0,0,0,0,0,0,0,0,0,0,0,0,0,0,0,0
1,bookshelf_thin,69,qpFixed,0,0,0,0,0,0,0,0,0,inf,inf,0,0,0,0,0,0,0,0,0,0,0,0,0,0,0,0
1,bookshelf_thin,69,qpPlain,0,0,0,0,0,0,0,0,0,inf,inf,0,0,0,0,0,0,0,0,0,0,0,0,0,0,0,0
1,bookshelf_thin,69,qpAdaptive,0,0,0,0,0,0,0,0,0,inf,inf,0,0,0,0,0,0,0,0,0,0,0,0,0,0,0,0
1,bookshelf_thin,69,qpFreeGate,0,0,0,0,0,0,0,0,0,inf,inf,0,0,0,0,0,0,0,0,0,0,0,0,0,0,0,0
1,bookshelf_thin,69,qpFreeEnvelope,0,0,0,0,0,0,0,0,0,inf,inf,0,0,0,0,0,0,0,0,0,0,0,0,0,0,0,0
1,bookshelf_thin,69,qpEnvelope,0,0,0,0,0,0,0,0,0,inf,inf,0,0,0,0,0,0,0,0,0,0,0,0,0,0,0,0
1,bookshelf_thin,77,isSafe,0,0,0,0,0,0,0,0,0,inf,inf,0,0,0,0,0,0,0,0,0,0,0,0,0,0,0,0
1,bookshelf_thin,77,qpFixed,0,0,0,0,0,0,0,0,0,inf,inf,0,0,0,0,0,0,0,0,0,0,0,0,0,0,0,0
1,bookshelf_thin,77,qpPlain,0,0,0,0,0,0,0,0,0,inf,inf,0,0,0,0,0,0,0,0,0,0,0,0,0,0,0,0
1,bookshelf_thin,77,qpAdaptive,0,0,0,0,0,0,0,0,0,inf,inf,0,0,0,0,0,0,0,0,0,0,0,0,0,0,0,0
1,bookshelf_thin,77,qpFreeGate,0,0,0,0,0,0,0,0,0,inf,inf,0,0,0,0,0,0,0,0,0,0,0,0,0,0,0,0
1,bookshelf_thin,77,qpFreeEnvelope,0,0,0,0,0,0,0,0,0,inf,inf,0,0,0,0,0,0,0,0,0,0,0,0,0,0,0,0
1,bookshelf_thin,77,qpEnvelope,0,0,0,0,0,0,0,0,0,inf,inf,0,0,0,0,0,0,0,0,0,0,0,0,0,0,0,0
1,bookshelf_thin,84,isSafe,1,1,0.0125242,2155,12,11.7797,7,590,0,0.00167165,0.00249477,0,0,0,0,40,9,0.3,0,0,0,0,0,0,0,0,0
1,bookshelf_thin,84,qpFixed,1,1,0.00450983,564,6,5.89027,565,565,0,0.00325856,0.00249477,0,0,0.0104437,0,1,1,6,0,0,0,1,0,0,564,125641,93
1,bookshelf_thin,84,qpPlain,1,1,0.00500962,564,6,5.89027,565,565,0,0.00325856,0.00249477,0,0,0.0104437,0,1,1,6,0,0,0,1,0,0,564,193452,564
1,bookshelf_thin,84,qpAdaptive,1,1,0.000983944,105,6,5.88699,350,350,0,0.00325856,0.00249477,0,0,0.0560665,0.647619,1,1,6,0,0,0,0.352381,0.609524,0.0380952,105,24581,71
1,bookshelf_thin,84,qpFreeGate,1,1,0.0450283,5652,17,8.92906,831,831,0,0.00313629,0.00249477,0,0,0.00529564,0,54,14,0.314815,0,0,0,1,0,0,0,0,0
1,bookshelf_thin,84,qpFreeEnvelope,1,1,0.00846364,357,17,9.03116,473,473,0,0.00311051,0.00249477,0,0,0.0796566,0.943978,54,14,0.314815,0,0,0,0.0314286,0.848571,0.12,0,0,0
1,bookshelf_thin,84,qpEnvelope,1,1,0.000442121,39,6,5.88812,319,319,0,0.00325856,0.00249477,0,0,0.150977,0.564103,1,1,6,0,0,0,0.435897,0.461538,0.102564,39,9068,24
1,bookshelf_thin,91,isSafe,1,1,0.016595,2852,16,14.8368,9,743,0,0.0012529,0.00249477,0,0,0,0,60,13,0.266667,0,0,0,0,0,0,0,0,0
1,bookshelf_thin,91,qpFixed,1,1,0.00596461,689,8,9.54297,690,690,0,0.000339731,0.00249477,0,0,0.0138505,0,1,1,8,0,0,0,1,0,0,689,161890,396
1,bookshelf_thin,91,qpPlain,1,1,0.00633385,689,8,9.54297,690,690,0,0.000339731,0.00249477,0,0,0.0138505,0,1,1,8,0,0,0,1,0,0,689,236327,689
1,bookshelf_thin,91,qpAdaptive,1,1,0.0032504,339,8,9.54671,625,625,0,0.000339731,0.00249477,0,0,0.0281614,0.412979,1,1,8,0,0,0,0.578171,0.40413,0.0176991,339,85574,313
1,bookshelf_thin,91,qpFreeGate,1,1,0.0469201,5828,35,18.6263,1481,1481,0,0.00258074,0.00249477,0,0,0.00676462,0,56,22,0.625,0,0,0,1,0,0,0,0,0
1,bookshelf_thin,91,qpFreeEnvelope,1,1,0.00933506,368,30,18.9167,978,978,0,0.00258074,0.00249477,0,0,0.112433,0.9375,56,22,0.535714,0,0,0,0.0299728,0.828338,0.141689,0,0,0
1,bookshelf_thin,91,qpEnvelope,1,1,0.00215302,212,8,9.59482,574,574,0,0.000339731,0.00249477,0,0,0.0452586,0.325472,1,1,8,0,0,0,0.660377,0.311321,0.0283019,212,54077,194
1,bookshelf_thin,98,isSafe,1,1,0.0194431,3280,18,9.21852,6,462,0,0.00197033,0.00249477,0,0,0,0,57,13,0.315789,0,0,0,0,0,0,0,0,0
1,bookshelf_thin,98,qpFixed,1,1,0.0104966,1086,11,9.88113,821,821,0,8.37508e-05,0.00249477,0,0,0.0109147,0,2,2,5.5,0,0,0,1,0,0,1086,283613,909
1,bookshelf_thin,98,qpPlain,1,1,0.010787,1086,11,9.88113,821,821,0,8.37508e-05,0.00249477,0,0,0.0109147,0,2,2,5.5,0,0,0,1,0,0,1086,372498,1086
1,bookshelf_thin,98,qpAdaptive,1,1,0.00772986,754,12,9.89594,741,741,0,8.37508e-05,0.00249477,0,0,0.0157402,0.159151,2,2,6,0,0,0,0.83687,0.15252,0.0106101,754,195168,736
1,bookshelf_thin,98,qpFreeGate,1,1,0.134487,16824,48,16.8295,1630,1630,0,0.00197033,0.00249477,0,0,0.0049126,0,113,37,0.424779,0,0,0,1,0,0,0,0,0
1,bookshelf_thin,98,qpFreeEnvelope,1,1,0.0244456,1075,53,17.6546,927,927,0,0.000934805,0.00249477,0,0,0.0847795,0.944186,117,40,0.452991,0,0,0,0.0466853,0.845005,0.10831,0,0,0
1,bookshelf_thin,98,qpEnvelope,1,1,0.0064987,615,12,9.91748,685,685,0,8.37508e-05,0.00249477,0,0,0.0193313,0.107317,2,2,6,0,0,0,0.891057,0.095935,0.0130081,615,157231,609
1,table_under_pick,5,isSafe,1,0,10.0003,2386332,25477,0,0,0,0,inf,inf,0,0,0,0,229807,25475,0.110863,0,0,0,0,0,0,0,0,0
1,table_under_pick,5,qpFixed,1,0,10.0001,1385497,2615,0,0,0,0,inf,inf,0,0,0.00546145,0,6447,2496,0.405615,0,0,0,1,0,0,1385497,415584654,1323662
1,table_under_pick,5,qpPlain,1,0,10.0019,1395912,2630,0,0,0,0,inf,inf,0,0,0.00545409,0,6499,2511,0.404678,0,0,0,1,0,0,1395912,478797816,1395912
1,table_under_pick,5,qpAdaptive,1,0,10.0008,1317870,2728,0,0,0,0,inf,inf,0,0,0.00597524,0.0511044,6765,2610,0.403252,0,0,0,0.948647,0.0503943,0.000958366,1317870,396595590,1304923
1,table_under_pick,5,qpFreeGate,1,0,10.0002,1708220,2916,0,0,0,0,inf,inf,0,0,0.00243035,0,16577,2913,0.175906,0,0,0,1,0,0,0,0,0
1,table_under_pick,5,qpFreeEnvelope,1,0,10,500700,27343,0,0,0,0,inf,inf,0,0,0.0515404,0.705648,175510,27339,0.155792,0,0,0,0.00296891,0.864851,0.13218,0,0,0
1,table_under_pick,5,qpEnvelope,1,0,10.0007,1307994,2789,0,0,0,0,inf,inf,0,0,0.00622037,0.00687771,7038,2677,0.396277,0,0,0,0.993082,0.00589759,0.00102065,1307994,392412004,1303510
1,table_under_pick,12,isSafe,0,0,0,0,0,0,0,0,0,inf,inf,0,0,0,0,0,0,0,0,0,0,0,0,0,0,0,0
1,table_under_pick,12,qpFixed,0,0,0,0,0,0,0,0,0,inf,inf,0,0,0,0,0,0,0,0,0,0,0,0,0,0,0,0
1,table_under_pick,12,qpPlain,0,0,0,0,0,0,0,0,0,inf,inf,0,0,0,0,0,0,0,0,0,0,0,0,0,0,0,0
1,table_under_pick,12,qpAdaptive,0,0,0,0,0,0,0,0,0,inf,inf,0,0,0,0,0,0,0,0,0,0,0,0,0,0,0,0
1,table_under_pick,12,qpFreeGate,0,0,0,0,0,0,0,0,0,inf,inf,0,0,0,0,0,0,0,0,0,0,0,0,0,0,0,0
1,table_under_pick,12,qpFreeEnvelope,0,0,0,0,0,0,0,0,0,inf,inf,0,0,0,0,0,0,0,0,0,0,0,0,0,0,0,0
1,table_under_pick,12,qpEnvelope,0,0,0,0,0,0,0,0,0,inf,inf,0,0,0,0,0,0,0,0,0,0,0,0,0,0,0,0
1,table_under_pick,19,isSafe,1,0,10.0002,2424886,25999,0,0,0,0,inf,inf,0,0,0,0,211841,25997,0.122729,0,0,0,0,0,0,0,0,0
1,table_under_pick,19,qpFixed,1,0,10.0004,1401465,2700,0,0,0,0,inf,inf,0,0,0.00554343,0,6450,2590,0.418605,0,0,0,1,0,0,1401465,417122379,1331912
1,table_under_pick,19,qpPlain,1,0,10.0003,1402647,2702,0,0,0,0,inf,inf,0,0,0.00554256,0,6455,2592,0.41859,0,0,0,1,0,0,1402647,481107921,1402647
1,table_under_pick,19,qpAdaptive,1,0,10.0015,1328065,2792,0,0,0,0,inf,inf,0,0,0.00605496,0.0457154,6708,2682,0.416219,0,0,0,0.954054,0.0450137,0.000932186,1328065,396555634,1312873
1,table_under_pick,19,qpFreeGate,1,0,10.0002,1712232,3055,0,0,0,0,inf,inf,0,0,0.00253964,0,16900,3050,0.180769,0,0,0,1,0,0,0,0,0
1,table_under_pick,19,qpFreeEnvelope,1,0,10,482687,28896,0,0,0,0,inf,inf,0,0,0.0562878,0.692362,175236,28894,0.164898,0,0,0,0.00119661,0.862376,0.136427,0,0,0
1,table_under_pick,19,qpEnvelope,1,0,10.0004,1317111,2843,0,0,0,0,inf,inf,0,0,0.00626704,0.00468677,6919,2733,0.410898,0,0,0,0.995291,0.00373469,0.000974102,1317111,393132342,1312373
1,table_under_pick,26,isSafe,1,1,0.00867219,2489,14,11.8654,7,595,0,0.0040318,0.00249477,0,0,0,0,57,10,0.245614,0,0,0,0,0,0,0,0,0
1,table_under_pick,26,qpFixed,1,1,0.0144777,2100,14,13.6148,1197,1197,0,0.000170943,0.00249477,0,0,0.00996503,0,5,5,2.8,0,0,0,1,0,0,2100,587767,1609
1,table_under_pick,26,qpPlain,1,1,0.0152886,2100,14,13.6148,1197,1197,0,0.000170943,0.00249477,0,0,0.00996503,0,5,5,2.8,0,0,0,1,0,0,2100,720300,2100
1,table_under_pick,26,qpAdaptive,1,1,0.00931868,1236,14,13.6348,927,927,0,0.000130442,0.00249477,0,0,0.0169485,0.258091,5,5,2.8,0,0,0,0.7411,0.253236,0.00566343,1236,345457,1195
1,table_under_pick,26,qpFreeGate,1,1,0.0563522,9679,24,15.6819,1189,1189,0,0.00383476,0.00249477,0,0,0.00380523,0,61,19,0.393443,0,0,0,1,0,0,0,0,0
1,table_under_pick,26,qpFreeEnvelope,1,1,0.0063932,388,19,10.1088,534,534,0,0.00383227,0.00249477,0,0,0.084939,0.971649,57,15,0.333333,0,0,0,0.0078534,0.829843,0.162304,0,0,0
1,table_under_pick,26,qpEnvelope,1,1,0.00782577,982,14,13.6471,875,875,0,4.10028e-05,0.00249477,0,0,0.0213513,0.178208,5,5,2.8,0,0,0,0.820774,0.170061,0.00916497,982,274656,963
1,table_under_pick,33,isSafe,1,1,0.0152111,4338,21,15.9411,9,799,0,0.00362885,0.00249477,0,0,0,0,158,18,0.132911,0,0,0,0,0,0,0,0,0
1,table_under_pick,33,qpFixed,1,1,0.00836491,1155,10,9.57082,899,899,0,8.56578e-05,0.00249477,0,0,0.00973328,0,3,2,3.33333,0,0,0,1,0,0,1155,346350,900
1,table_under_pick,33,qpPlain,1,1,0.00841337,1155,10,9.57082,899,899,0,8.56578e-05,0.00249477,0,0,0.00973328,0,3,2,3.33333,0,0,0,1,0,0,1155,396165,1155
1,table_under_pick,33,qpAdaptive,1,1,0.00659085,831,10,9.5773,743,743,0,8.55962e-05,0.00249477,0,0,0.013536,0.176895,3,2,3.33333,0,0,0,0.821901,0.172082,0.00601685,831,245732,799
1,table_under_pick,33,qpFreeGate,1,1,0.094738,16337,40,17.1078,1679,1679,0,0.0047123,0.00249477,0,0,0.00358448,0,134,34,0.298507,0,0,0,1,0,0,0,0,0
1,table_under_pick,33,qpFreeEnvelope,1,1,0.013604,863,38,14.2835,748,748,0,0.0026531,0.00249477,0,0,0.0677038,0.959444,125,31,0.304,0,0,0,0.007034,0.87456,0.118406,0,0,0
1,table_under_pick,33,qpEnvelope,1,1,0.00530122,631,10,9.61374,660,660,0,8.008e-05,0.00249477,0,0,0.0178833,0.125198,3,2,3.33333,0,0,0,0.873217,0.117274,0.00950872,631,186528,618
1,table_under_pick,40,isSafe,0,0,0,0,0,0,0,0,0,inf,inf,0,0,0,0,0,0,0,0,0,0,0,0,0,0,0,0
1,table_under_pick,40,qpFixed,0,0,0,0,0,0,0,0,0,inf,inf,0,0,0,0,0,0,0,0,0,0,0,0,0,0,0,0
1,table_under_pick,40,qpPlain,0,0,0,0,0,0,0,0,0,inf,inf,0,0,0,0,0,0,0,0,0,0,0,0,0,0,0,0
1,table_under_pick,40,qpAdaptive,0,0,0,0,0,0,0,0,0,inf,inf,0,0,0,0,0,0,0,0,0,0,0,0,0,0,0,0
1,table_under_pick,40,qpFreeGate,0,0,0,0,0,0,0,0,0,inf,inf,0,0,0,0,0,0,0,0,0,0,0,0,0,0,0,0
1,table_under_pick,40,qpFreeEnvelope,0,0,0,0,0,0,0,0,0,inf,inf,0,0,0,0,0,0,0,0,0,0,0,0,0,0,0,0
1,table_under_pick,40,qpEnvelope,0,0,0,0,0,0,0,0,0,inf,inf,0,0,0,0,0,0,0,0,0,0,0,0,0,0,0,0
1,table_under_pick,47,isSafe,1,1,0.00919483,2641,15,8.39868,6,421,0,0.00139098,0.00249477,0,0,0,0,88,11,0.170455,0,0,0,0,0,0,0,0,0
1,table_under_pick,47,qpFixed,1,1,0.0239123,3399,23,10.4571,903,903,87,-0.00336019,0.00249477,0,0,0.01036,0,12,11,1.91667,0,0,0,1,0,0,3399,930042,3032
1,table_under_pick,47,qpPlain,1,1,0.0246174,3399,23,10.4571,903,903,87,-0.00336019,0.00249477,0,0,0.01036,0,12,11,1.91667,0,0,0,1,0,0,3399,1165857,3399
1,table_under_pick,47,qpAdaptive,1,1,0.0162109,2117,23,10.4604,780,780,87,-0.0033299,0.00249477,0,0,0.0166123,0.363722,12,11,1.91667,0,0,0,0.633444,0.358054,0.0085026,2117,581907,2040
1,table_under_pick,47,qpFreeGate,1,1,0.0516981,8890,21,13.9295,1088,1088,0,0.00497084,0.00249477,0,0,0.00317616,0,96,16,0.21875,0,0,0,1,0,0,0,0,0
1,table_under_pick,47,qpFreeEnvelope,1,1,0.0111799,736,22,14.7217,774,774,0,0.00497084,0.00249477,0,0,0.0392563,0.96875,94,17,0.234043,0,0,0,0.0163265,0.878912,0.104762,0,0,0
1,table_under_pick,47,qpEnvelope,1,1,0.010245,1243,22,10.4516,670,670,87,-0.00318959,0.00249477,0,0,0.0279396,0.21963,12,11,1.83333,0,0,0,0.777957,0.205953,0.0160901,1243,342782,1218
1,table_under_pick,54,isSafe,1,1,0.00670427,1942,12,12.3568,8,619,0,0.000733078,0.00249477,0,0,0,0,29,7,0.413793,0,0,0,0,0,0,0,0,0
1,table_under_pick,54,qpFixed,1,1,0.00687605,1076,12,11.2996,789,789,0,0.00369652,0.00249477,0,0,0.0132666,0,2,2,6,0,0,0,1,0,0,1076,284647,559
1,table_under_pick,54,qpPlain,1,1,0.00742984,1076,12,11.2996,789,789,0,0.00369652,0.00249477,0,0,0.0132666,0,2,2,6,0,0,0,1,0,0,1076,369068,1076
1,table_under_pick,54,qpAdaptive,1,1,0.00205893,280,11,11.3162,643,643,0,0.00264076,0.00249477,0,0,0.0509678,0.714286,2,2,5.5,0,0,0,0.278571,0.692857,0.0285714,280,81566,223
1,table_under_pick,54,qpFreeGate,1,1,0.0449796,7801,21,13.3943,1156,1156,0,0.00221846,0.00249477,0,0,0.00436647,0,69,15,0.304348,0,0,0,1,0,0,0,0,0
1,table_under_pick,54,qpFreeEnvelope,1,1,0.00768775,474,21,13.7214,715,715,0,0.00206186,0.00249477,0,0,0.0748721,0.976793,69,15,0.304348,0,0,0,0.00632911,0.867089,0.126582,0,0,0
1,table_under_pick,54,qpEnvelope,1,1,0.00143269,164,12,11.3468,620,620,0,0.000530349,0.00249477,0,0,0.087195,0.54878,2,2,6,0,0,0,0.439024,0.512195,0.0487805,164,48373,142
1,table_under_pick,61,isSafe,0,0,0,0,0,0,0,0,0,inf,inf,0,0,0,0,0,0,0,0,0,0,0,0,0,0,0,0
1,table_under_pick,61,qpFixed,0,0,0,0,0,0,0,0,0,inf,inf,0,0,0,0,0,0,0,0,0,0,0,0,0,0,0,0
1,table_under_pick,61,qpPlain,0,0,0,0,0,0,0,0,0,inf,inf,0,0,0,0,0,0,0,0,0,0,0,0,0,0,0,0
1,table_under_pick,61,qpAdaptive,0,0,0,0,0,0,0,0,0,inf,inf,0,0,0,0,0,0,0,0,0,0,0,0,0,0,0,0
1,table_under_pick,61,qpFreeGate,0,0,0,0,0,0,0,0,0,inf,inf,0,0,0,0,0,0,0,0,0,0,0,0,0,0,0,0
1,table_under_pick,61,qpFreeEnvelope,0,0,0,0,0,0,0,0,0,inf,inf,0,0,0,0,0,0,0,0,0,0,0,0,0,0,0,0
1,table_under_pick,61,qpEnvelope,0,0,0,0,0,0,0,0,0,inf,inf,0,0,0,0,0,0,0,0,0,0,0,0,0,0,0,0
1,table_under_pick,69,isSafe,1,1,0.005802,1641,10,12.6417,8,634,0,0.00186431,0.00249477,0,0,0,0,40,6,0.25,0,0,0,0,0,0,0,0,0
1,table_under_pick,69,qpFixed,1,1,0.00690491,970,9,9.09517,868,868,0,0.00136289,0.00249477,0,0,0.00968653,0,3,3,3,0,0,0,1,0,0,970,284778,803
1,table_under_pick,69,qpPlain,1,1,0.00702361,970,9,9.09517,868,868,0,0.00136289,0.00249477,0,0,0.00968653,0,3,3,3,0,0,0,1,0,0,970,332710,970
1,table_under_pick,69,qpAdaptive,1,1,0.00377002,479,9,9.12154,677,677,0,0.00137928,0.00249477,0,0,0.0196813,0.494781,3,3,3,0,0,0,0.501044,0.482255,0.0167015,479,135634,434
1,table_under_pick,69,qpFreeGate,1,1,0.0402326,6976,21,12.9291,1260,1260,0,0.00188431,0.00249477,0,0,0.00432557,0,40,14,0.525,0,0,0,1,0,0,0,0,0
1,table_under_pick,69,qpFreeEnvelope,1,1,0.00629055,436,21,13.1105,708,708,0,0.000737858,0.00249477,0,0,0.0691248,0.896789,40,14,0.525,0,0,0,0.0829493,0.815668,0.101382,0,0,0
1,table_under_pick,69,qpEnvelope,1,1,0.00173961,188,9,9.1414,545,545,0,0.00136739,0.00249477,0,0,0.0502533,0.590426,3,3,3,0,0,0,0.409574,0.547872,0.0425532,188,51793,177
1,table_under_pick,76,isSafe,0,0,0,0,0,0,0,0,0,inf,inf,0,0,0,0,0,0,0,0,0,0,0,0,0,0,0,0
1,table_under_pick,76,qpFixed,0,0,0,0,0,0,0,0,0,inf,inf,0,0,0,0,0,0,0,0,0,0,0,0,0,0,0,0
1,table_under_pick,76,qpPlain,0,0,0,0,0,0,0,0,0,inf,inf,0,0,0,0,0,0,0,0,0,0,0,0,0,0,0,0
1,table_under_pick,76,qpAdaptive,0,0,0,0,0,0,0,0,0,inf,inf,0,0,0,0,0,0,0,0,0,0,0,0,0,0,0,0
1,table_under_pick,76,qpFreeGate,0,0,0,0,0,0,0,0,0,inf,inf,0,0,0,0,0,0,0,0,0,0,0,0,0,0,0,0
1,table_under_pick,76,qpFreeEnvelope,0,0,0,0,0,0,0,0,0,inf,inf,0,0,0,0,0,0,0,0,0,0,0,0,0,0,0,0
1,table_under_pick,76,qpEnvelope,0,0,0,0,0,0,0,0,0,inf,inf,0,0,0,0,0,0,0,0,0,0,0,0,0,0,0,0
1,table_under_pick,83,isSafe,1,0,10,2416083,25890,0,0,0,0,inf,inf,0,0,0,0,212535,25888,0.121815,0,0,0,0,0,0,0,0,0
1,table_under_pick,83,qpFixed,1,0,10.0001,1405952,2722,0,0,0,0,inf,inf,0,0,0.00555058,0,6493,2614,0.419221,0,0,0,1,0,0,1405952,418581956,1332870
1,table_under_pick,83,qpPlain,1,0,10.0009,1395190,2701,0,0,0,0,inf,inf,0,0,0.00555496,0,6440,2593,0.41941,0,0,0,1,0,0,1395190,478550170,1395190
1,table_under_pick,83,qpAdaptive,1,0,10.0013,1325430,2822,0,0,0,0,inf,inf,0,0,0.00613027,0.0561146,6817,2715,0.413965,0,0,0,0.943639,0.0553482,0.0010125,1325430,395359042,1309839
1,table_under_pick,83,qpFreeGate,1,0,10.0002,1707118,2988,0,0,0,0,inf,inf,0,0,0.00254976,0,15942,2983,0.187429,0,0,0,1,0,0,0,0,0
1,table_under_pick,83,qpFreeEnvelope,1,0,10,486436,29045,0,0,0,0,inf,inf,0,0,0.0558037,0.691094,177242,29041,0.163872,0,0,0,0.00102889,0.863044,0.135927,0,0,0
1,table_under_pick,83,qpEnvelope,1,0,10.0007,1314963,2919,0,0,0,0,inf,inf,0,0,0.0064095,0.00573856,7072,2817,0.412755,0,0,0,0.994218,0.00471802,0.00106391,1314963,391943783,1310203
1,table_under_pick,90,isSafe,1,1,0.0166958,4793,25,10.9326,7,548,0,0.00516347,0.00249477,0,0,0,0,165,20,0.151515,0,0,0,0,0,0,0,0,0
1,table_under_pick,90,qpFixed,1,1,0.0487452,6729,40,24.4073,2081,2081,0,9.90849e-05,0.00249477,0,0,0.0094391,0,22,20,1.81818,0,0,0,1,0,0,6729,1952905,6466
1,table_under_pick,90,qpPlain,1,1,0.0491943,6729,40,24.4073,2081,2081,0,9.90849e-05,0.00249477,0,0,0.0094391,0,22,20,1.81818,0,0,0,1,0,0,6729,2308047,6729
1,table_under_pick,90,qpAdaptive,1,1,0.0410973,5328,40,24.4188,1968,1968,0,7.50789e-05,0.00249477,0,0,0.0119365,0.214339,22,20,1.81818,0,0,0,0.784347,0.213026,0.00262763,5328,1559936,5230
1,table_under_pick,90,qpFreeGate,1,1,0.119125,20512,43,22.6629,1928,1928,0,0.00516347,0.00249477,0,0,0.00336171,0,159,31,0.27044,0,0,0,1,0,0,0,0,0
1,table_under_pick,90,qpFreeEnvelope,1,1,0.0207699,1360,46,21.6636,1119,1119,0,0.00107955,0.00249477,0,0,0.0564455,0.966912,194,36,0.237113,0,0,0,0.00888889,0.882963,0.108148,0,0,0
1,table_under_pick,90,qpEnvelope,1,1,0.0322699,3972,40,24.4804,1868,1868,0,3.97908e-05,0.00249477,0,0,0.0160648,0.207452,22,20,1.81818,0,0,0,0.790785,0.203676,0.00553877,3972,1173249,3937
1,table_under_pick,97,isSafe,0,0,0,0,0,0,0,0,0,inf,inf,0,0,0,0,0,0,0,0,0,0,0,0,0,0,0,0
1,table_under_pick,97,qpFixed,0,0,0,0,0,0,0,0,0,inf,inf,0,0,0,0,0,0,0,0,0,0,0,0,0,0,0,0
1,table_under_pick,97,qpPlain,0,0,0,0,0,0,0,0,0,inf,inf,0,0,0,0,0,0,0,0,0,0,0,0,0,0,0,0
1,table_under_pick,97,qpAdaptive,0,0,0,0,0,0,0,0,0,inf,inf,0,0,0,0,0,0,0,0,0,0,0,0,0,0,0,0
1,table_under_pick,97,qpFreeGate,0,0,0,0,0,0,0,0,0,inf,inf,0,0,0,0,0,0,0,0,0,0,0,0,0,0,0,0
1,table_under_pick,97,qpFreeEnvelope,0,0,0,0,0,0,0,0,0,inf,inf,0,0,0,0,0,0,0,0,0,0,0,0,0,0,0,0
1,table_under_pick,97,qpEnvelope,0,0,0,0,0,0,0,0,0,inf,inf,0,0,0,0,0,0,0,0,0,0,0,0,0,0,0,0
1,bookshelf_small,4,isSafe,0,0,0,0,0,0,0,0,0,inf,inf,0,0,0,0,0,0,0,0,0,0,0,0,0,0,0,0
1,bookshelf_small,4,qpFixed,0,0,0,0,0,0,0,0,0,inf,inf,0,0,0,0,0,0,0,0,0,0,0,0,0,0,0,0
1,bookshelf_small,4,qpPlain,0,0,0,0,0,0,0,0,0,inf,inf,0,0,0,0,0,0,0,0,0,0,0,0,0,0,0,0
1,bookshelf_small,4,qpAdaptive,0,0,0,0,0,0,0,0,0,inf,inf,0,0,0,0,0,0,0,0,0,0,0,0,0,0,0,0
1,bookshelf_small,4,qpFreeGate,0,0,0,0,0,0,0,0,0,inf,inf,0,0,0,0,0,0,0,0,0,0,0,0,0,0,0,0
1,bookshelf_small,4,qpFreeEnvelope,0,0,0,0,0,0,0,0,0,inf,inf,0,0,0,0,0,0,0,0,0,0,0,0,0,0,0,0
1,bookshelf_small,4,qpEnvelope,0,0,0,0,0,0,0,0,0,inf,inf,0,0,0,0,0,0,0,0,0,0,0,0,0,0,0,0
1,bookshelf_small,12,isSafe,0,0,0,0,0,0,0,0,0,inf,inf,0,0,0,0,0,0,0,0,0,0,0,0,0,0,0,0
1,bookshelf_small,12,qpFixed,0,0,0,0,0,0,0,0,0,inf,inf,0,0,0,0,0,0,0,0,0,0,0,0,0,0,0,0
1,bookshelf_small,12,qpPlain,0,0,0,0,0,0,0,0,0,inf,inf,0,0,0,0,0,0,0,0,0,0,0,0,0,0,0,0
1,bookshelf_small,12,qpAdaptive,0,0,0,0,0,0,0,0,0,inf,inf,0,0,0,0,0,0,0,0,0,0,0,0,0,0,0,0
1,bookshelf_small,12,qpFreeGate,0,0,0,0,0,0,0,0,0,inf,inf,0,0,0,0,0,0,0,0,0,0,0,0,0,0,0,0
1,bookshelf_small,12,qpFreeEnvelope,0,0,0,0,0,0,0,0,0,inf,inf,0,0,0,0,0,0,0,0,0,0,0,0,0,0,0,0
1,bookshelf_small,12,qpEnvelope,0,0,0,0,0,0,0,0,0,inf,inf,0,0,0,0,0,0,0,0,0,0,0,0,0,0,0,0
1,bookshelf_small,19,isSafe,0,0,0,0,0,0,0,0,0,inf,inf,0,0,0,0,0,0,0,0,0,0,0,0,0,0,0,0
1,bookshelf_small,19,qpFixed,0,0,0,0,0,0,0,0,0,inf,inf,0,0,0,0,0,0,0,0,0,0,0,0,0,0,0,0
1,bookshelf_small,19,qpPlain,0,0,0,0,0,0,0,0,0,inf,inf,0,0,0,0,0,0,0,0,0,0,0,0,0,0,0,0
1,bookshelf_small,19,qpAdaptive,0,0,0,0,0,0,0,0,0,inf,inf,0,0,0,0,0,0,0,0,0,0,0,0,0,0,0,0
1,bookshelf_small,19,qpFreeGate,0,0,0,0,0,0,0,0,0,inf,inf,0,0,0,0,0,0,0,0,0,0,0,0,0,0,0,0
1,bookshelf_small,19,qpFreeEnvelope,0,0,0,0,0,0,0,0,0,inf,inf,0,0,0,0,0,0,0,0,0,0,0,0,0,0,0,0
1,bookshelf_small,19,qpEnvelope,0,0,0,0,0,0,0,0,0,inf,inf,0,0,0,0,0,0,0,0,0,0,0,0,0,0,0,0
1,bookshelf_small,27,isSafe,1,1,0.266427,108867,611,13.7544,9,689,0,0.000283004,0.0011052,0,0,0,0,6249,607,0.0977756,0,0,0,0,0,0,0,0,0
1,bookshelf_small,27,qpFixed,1,1,0.01533,2503,20,14.5446,1164,1164,0,0.000864731,0.00249477,0,0,0.0103133,0,7,7,2.85714,0,0,0,1,0,0,2503,737605,1858
1,bookshelf_small,27,qpPlain,1,1,0.0153539,2503,20,14.5446,1164,1164,0,0.000864731,0.00249477,0,0,0.0103133,0,7,7,2.85714,0,0,0,1,0,0,2503,858529,2503
1,bookshelf_small,27,qpAdaptive,1,1,0.00928786,1336,21,14.5524,996,996,0,0.00085705,0.00249477,0,0,0.019343,0.276946,7,7,3,0,0,0,0.721557,0.265719,0.0127246,1336,410846,1232
1,bookshelf_small,27,qpFreeGate,1,1,0.401861,84120,185,16.1088,1229,1229,0,0.000731036,0.00249477,0,0,0.00364138,0,889,178,0.208099,0,0,0,1,0,0,0,0,0
1,bookshelf_small,27,qpFreeEnvelope,1,1,0.0616604,5080,182,16.3389,841,841,0,0.00126485,0.00249477,0,0,0.0592766,0.944488,889,176,0.204724,0,0,0,0.0139637,0.859964,0.126072,0,0,0
1,bookshelf_small,27,qpEnvelope,1,1,0.0169145,2419,40,18.5767,1102,1102,0,0.000744197,0.00249477,0,0,0.0215385,0.0988012,16,15,2.5,0,0,0,0.897478,0.0888797,0.013642,2419,713162,2130
1,bookshelf_small,35,isSafe,1,1,0.0336018,13966,69,12.1959,8,611,0,0.000380568,0.00249477,0,0,0,0,532,65,0.129699,0,0,0,0,0,0,0,0,0
1,bookshelf_small,35,qpFixed,1,1,0.0568425,9113,51,13.5682,1104,1104,0,0.000967794,0.00249477,0,0,0.00858428,0,36,24,1.41667,0,0,0,1,0,0,9113,2540195,7921
1,bookshelf_small,35,qpPlain,1,1,0.0600542,9113,51,13.5682,1104,1104,0,0.000967794,0.00249477,0,0,0.00858428,0,36,24,1.41667,0,0,0,1,0,0,9113,3125759,9113
1,bookshelf_small,35,qpAdaptive,1,1,0.0490323,6997,51,13.6159,840,840,0,0.000967794,0.00249477,0,0,0.0111967,0.160069,36,24,1.41667,0,0,0,0.839074,0.157353,0.00357296,6997,1998732,6867
1,bookshelf_small,35,qpFreeGate,1,1,0.285004,60409,105,13.292,1208,1208,0,0.00107254,0.00249477,0,0,0.00304927,0,532,100,0.197368,0,0,0,1,0,0,0,0,0
1,bookshelf_small,35,qpFreeEnvelope,1,1,0.0489571,4572,104,14.8031,768,768,0,0.00107254,0.00249477,0,0,0.0408153,0.93329,532,98,0.195489,0,0,0,0.0399202,0.860501,0.0995786,0,0,0
1,bookshelf_small,35,qpEnvelope,1,1,0.0413807,5760,51,13.7904,749,749,0,0.000967794,0.00249477,0,0,0.0138081,0.0876736,36,25,1.41667,0,0,0,0.911632,0.0819444,0.00642361,5760,1634132,5671
1,bookshelf_small,42,isSafe,0,0,0,0,0,0,0,0,0,inf,inf,0,0,0,0,0,0,0,0,0,0,0,0,0,0,0,0
1,bookshelf_small,42,qpFixed,0,0,0,0,0,0,0,0,0,inf,inf,0,0,0,0,0,0,0,0,0,0,0,0,0,0,0,0
1,bookshelf_small,42,qpPlain,0,0,0,0,0,0,0,0,0,inf,inf,0,0,0,0,0,0,0,0,0,0,0,0,0,0,0,0
1,bookshelf_small,42,qpAdaptive,0,0,0,0,0,0,0,0,0,inf,inf,0,0,0,0,0,0,0,0,0,0,0,0,0,0,0,0
1,bookshelf_small,42,qpFreeGate,0,0,0,0,0,0,0,0,0,inf,inf,0,0,0,0,0,0,0,0,0,0,0,0,0,0,0,0
1,bookshelf_small,42,qpFreeEnvelope,0,0,0,0,0,0,0,0,0,inf,inf,0,0,0,0,0,0,0,0,0,0,0,0,0,0,0,0
1,bookshelf_small,42,qpEnvelope,0,0,0,0,0,0,0,0,0,inf,inf,0,0,0,0,0,0,0,0,0,0,0,0,0,0,0,0
1,bookshelf_small,49,isSafe,1,1,0.225943,92402,523,12.9973,9,651,0,0.000144431,0.00249477,0,0,0,0,5883,518,0.0889002,0,0,0,0,0,0,0,0,0
1,bookshelf_small,49,qpFixed,1,1,0.00347303,673,7,9.3056,674,674,0,0.000984977,0.00249477,0,0,0.013827,0,1,1,7,0,0,0,1,0,0,673,191209,190
1,bookshelf_small,49,qpPlain,1,1,0.00375166,673,7,9.3056,674,674,0,0.000984977,0.00249477,0,0,0.013827,0,1,1,7,0,0,0,1,0,0,673,230839,673
1,bookshelf_small,49,qpAdaptive,1,1,0.00133125,208,7,9.30584,541,541,0,0.000984977,0.00249477,0,0,0.0447396,0.538462,1,1,7,0,0,0,0.456731,0.524038,0.0192308,208,66420,167
1,bookshelf_small,49,qpFreeGate,1,1,0.258858,54121,110,17.1532,1300,1300,0,0.00106819,0.00249477,0,0,0.00342294,0,486,99,0.226337,0,0,0,1,0,0,0,0,0
1,bookshelf_small,49,qpFreeEnvelope,1,1,0.03675,3103,105,14.1558,746,746,0,0.00106401,0.00249477,0,0,0.0545828,0.933935,484,97,0.216942,0,0,0,0.0255738,0.853443,0.120984,0,0,0
1,bookshelf_small,49,qpEnvelope,1,1,0.000558437,56,7,9.31225,492,492,0,0.000984977,0.00249477,0,0,0.16629,0.678571,1,1,7,0,0,0,0.321429,0.589286,0.0892857,56,17696,42
1,bookshelf_small,56,isSafe,0,0,0,0,0,0,0,0,0,inf,inf,0,0,0,0,0,0,0,0,0,0,0,0,0,0,0,0
1,bookshelf_small,56,qpFixed,0,0,0,0,0,0,0,0,0,inf,inf,0,0,0,0,0,0,0,0,0,0,0,0,0,0,0,0
1,bookshelf_small,56,qpPlain,0,0,0,0,0,0,0,0,0,inf,inf,0,0,0,0,0,0,0,0,0,0,0,0,0,0,0,0
1,bookshelf_small,56,qpAdaptive,0,0,0,0,0,0,0,0,0,inf,inf,0,0,0,0,0,0,0,0,0,0,0,0,0,0,0,0
1,bookshelf_small,56,qpFreeGate,0,0,0,0,0,0,0,0,0,inf,inf,0,0,0,0,0,0,0,0,0,0,0,0,0,0,0,0
1,bookshelf_small,56,qpFreeEnvelope,0,0,0,0,0,0,0,0,0,inf,inf,0,0,0,0,0,0,0,0,0,0,0,0,0,0,0,0
1,bookshelf_small,56,qpEnvelope,0,0,0,0,0,0,0,0,0,inf,inf,0,0,0,0,0,0,0,0,0,0,0,0,0,0,0,0
1,bookshelf_small,63,isSafe,1,1,0.00361252,1496,10,12.0473,8,604,0,0.00128567,0.00249477,0,0,0,0,19,6,0.526316,0,0,0,0,0,0,0,0,0
1,bookshelf_small,63,qpFixed,1,1,0.00157771,322,5,5.66296,323,323,0,0.00128567,0.00249477,0,0,0.0175868,0,1,1,5,0,0,0,1,0,0,322,76324,86
1,bookshelf_small,63,qpPlain,1,1,0.00178443,322,5,5.66296,323,323,0,0.00128567,0.00249477,0,0,0.0175868,0,1,1,5,0,0,0,1,0,0,322,110446,322
1,bookshelf_small,63,qpAdaptive,1,1,0.00040362,71,5,5.69618,319,319,0,0.00128567,0.00249477,0,0,0.0802279,0.760563,1,1,5,0,0,0,0.225352,0.732394,0.0422535,71,17323,38
1,bookshelf_small,63,qpFreeGate,1,1,0.0131265,2827,12,12.7426,976,976,0,0.00128567,0.00249477,0,0,0.00621253,0,19,8,0.631579,0,0,0,1,0,0,0,0,0
1,bookshelf_small,63,qpFreeEnvelope,1,1,0.00143048,112,11,8.6811,449,449,0,0.00128567,0.00249477,0,0,0.136215,0.964286,14,7,0.785714,0,0,0,0.0267857,0.794643,0.178571,0,0,0
1,bookshelf_small,63,qpEnvelope,1,1,0.000234536,25,5,5.71518,296,296,0,0.00128567,0.00249477,0,0,0.228607,0.68,1,1,5,0,0,0,0.32,0.56,0.12,25,6328,15
1,bookshelf_small,70,isSafe,1,1,0.00159096,660,6,6.50817,5,327,0,0.00337414,0.00249477,0,0,0,0,5,1,1.2,0,0,0,0,0,0,0,0,0
1,bookshelf_small,70,qpFixed,1,1,0.0119331,2179,23,8.63484,549,549,0,0.00337414,0.00249477,0,0,0.012793,0,7,7,3.28571,0,0,0,1,0,0,2179,593037,1224
1,bookshelf_small,70,qpPlain,1,1,0.0126826,2179,23,8.63484,549,549,0,0.00337414,0.00249477,0,0,0.012793,0,7,7,3.28571,0,0,0,1,0,0,2179,747397,2179
1,bookshelf_small,70,qpAdaptive,1,1,0.00459741,722,23,8.63986,493,493,0,0.00337414,0.00249477,0,0,0.0386505,0.644044,7,7,3.28571,0,0,0,0.353186,0.613573,0.033241,722,211038,552
1,bookshelf_small,70,qpFreeGate,1,1,0.00238993,506,9,5.81847,507,507,0,0.00337414,0.00249477,0,0,0.011499,0,1,1,9,0,0,0,1,0,0,0,0,0
1,bookshelf_small,70,qpFreeEnvelope,1,1,0.00125296,111,14,9.03099,468,468,0,0.00337414,0.00249477,0,0,0.130961,0.936937,7,3,2,0,0,0,0.045045,0.81982,0.135135,0,0,0
1,bookshelf_small,70,qpEnvelope,1,1,0.002276,277,21,8.62368,447,447,0,0.00337414,0.00249477,0,0,0.101052,0.487365,7,7,3,0,0,0,0.512635,0.400722,0.0866426,277,84526,228
1,bookshelf_small,77,isSafe,1,1,0.01325,5514,28,11.5918,7,581,0,0.0050774,0.00249477,0,0,0,0,158,24,0.177215,0,0,0,0,0,0,0,0,0
1,bookshelf_small,77,qpFixed,1,1,0.0039992,733,14,9.22045,664,664,0,0.00543682,0.00249477,0,0,0.0140381,0,2,2,7,0,0,0,1,0,0,733,201286,427
1,bookshelf_small,77,qpPlain,1,1,0.00417687,733,14,9.22045,664,664,0,0.00543682,0.00249477,0,0,0.0140381,0,2,2,7,0,0,0,1,0,0,733,251419,733
1,bookshelf_small,77,qpAdaptive,1,1,0.00157667,256,13,9.23161,560,560,0,0.00543682,0.00249477,0,0,0.0402141,0.699219,2,2,6.5,0,0,0,0.277344,0.675781,0.046875,256,76907,181
1,bookshelf_small,77,qpFreeGate,1,1,0.0299422,6239,21,14.005,1303,1303,0,0.00543682,0.00249477,0,0,0.00469111,0,40,11,0.525,0,0,0,1,0,0,0,0,0
1,bookshelf_small,77,qpFreeEnvelope,1,1,0.00419687,371,21,14.197,746,746,0,0.00539727,0.00249477,0,0,0.0759317,0.93531,40,12,0.525,0,0,0,0.0331492,0.845304,0.121547,0,0,0
1,bookshelf_small,77,qpEnvelope,1,1,0.00073641,84,13,9.26153,500,500,0,0.00543682,0.00249477,0,0,0.122942,0.666667,2,2,6.5,0,0,0,0.285714,0.571429,0.142857,84,25473,67
1,bookshelf_small,84,isSafe,1,1,0.00388939,1625,10,7.22181,5,363,0,0.00649054,0.00249477,0,0,0,0,16,6,0.625,0,0,0,0,0,0,0,0,0
1,bookshelf_small,84,qpFixed,1,1,0.00164595,349,5,5.08506,350,350,0,0.00649054,0.00249477,0,0,0.0145704,0,1,1,5,0,0,0,1,0,0,349,87199,40
1,bookshelf_small,84,qpPlain,1,1,0.00189043,349,5,5.08506,350,350,0,0.00649054,0.00249477,0,0,0.0145704,0,1,1,5,0,0,0,1,0,0,349,119707,349
1,bookshelf_small,84,qpAdaptive,1,1,0.000268774,46,5,5.08764,276,276,0,0.00649054,0.00249477,0,0,0.110601,0.76087,1,1,5,0,0,0,0.23913,0.695652,0.0652174,46,12586,24
1,bookshelf_small,84,qpFreeGate,1,1,0.0121932,2620,11,6.2896,492,492,0,0.00649054,0.00249477,0,0,0.00557414,0,16,7,0.6875,0,0,0,1,0,0,0,0,0
1,bookshelf_small,84,qpFreeEnvelope,1,1,0.00147225,123,9,6.16238,320,320,0,0.00649054,0.00249477,0,0,0.106249,0.97561,16,5,0.5625,0,0,0,0.00819672,0.836066,0.155738,0,0,0
1,bookshelf_small,84,qpEnvelope,1,1,0.000192959,21,5,5.09503,265,265,0,0.00649054,0.00249477,0,0,0.24262,0.761905,1,1,5,0,0,0,0.238095,0.619048,0.142857,21,5746,11
1,bookshelf_small,92,isSafe,1,1,0.0068495,2858,16,15.3383,9,768,0,0.00315417,0.00249477,0,0,0,0,25,11,0.64,0,0,0,0,0,0,0,0,0
1,bookshelf_small,92,qpFixed,1,1,0.00252445,475,7,7.38908,476,476,23,-0.00396498,0.00249477,0,0,0.015556,0,1,1,7,0,0,0,1,0,0,475,115147,249
1,bookshelf_small,92,qpPlain,1,1,0.00282125,475,7,7.38908,476,476,23,-0.00396498,0.00249477,0,0,0.015556,0,1,1,7,0,0,0,1,0,0,475,162925,475
1,bookshelf_small,92,qpAdaptive,1,1,0.00176332,283,7,7.38908,454,454,23,-0.00396305,0.00249477,0,0,0.0261098,0.14841,1,1,7,0,0,0,0.85159,0.137809,0.0106007,283,70126,248
1,bookshelf_small,92,qpFreeGate,1,1,0.00592439,1290,10,10.2284,821,821,0,0.00623173,0.00249477,0,0,0.00957333,0,4,4,2.5,0,0,0,1,0,0,0,0,0
1,bookshelf_small,92,qpFreeEnvelope,1,1,0.00104624,96,10,9.89756,538,538,0,0.00467806,0.00249477,0,0,0.125043,0.916667,4,4,2.5,0,0,0,0.0625,0.822917,0.114583,0,0,0
1,bookshelf_small,92,qpEnvelope,1,1,0.0010042,148,7,7.36708,409,409,4,-0.00134276,0.00249477,0,0,0.0497775,0.189189,1,1,7,0,0,0,0.804054,0.168919,0.027027,148,37662,130
1,bookshelf_small,99,isSafe,1,1,0.0041823,1743,10,13.7364,8,688,0,0.00249036,0.00249477,0,0,0,0,10,6,1,0,0,0,0,0,0,0,0,0
1,bookshelf_small,99,qpFixed,1,1,0.00277479,579,6,7.20866,580,580,0,0.00481524,0.00249477,0,0,0.0124502,0,1,1,6,0,0,0,1,0,0,579,146058,38
1,bookshelf_small,99,qpPlain,1,1,0.00312081,579,6,7.20866,580,580,0,0.00481524,0.00249477,0,0,0.0124502,0,1,1,6,0,0,0,1,0,0,579,198597,579
1,bookshelf_small,99,qpAdaptive,1,1,0.000416177,71,6,7.20866,388,388,0,0.00481524,0.00249477,0,0,0.10153,0.690141,1,1,6,0,0,0,0.309859,0.633803,0.056338,71,21528,30
1,bookshelf_small,99,qpFreeGate,1,1,0.0115206,2443,13,8.50936,552,552,0,0.00328883,0.00249477,0,0,0.00820206,0,11,7,1.18182,0,0,0,1,0,0,0,0,0
1,bookshelf_small,99,qpFreeEnvelope,1,1,0.00163491,134,13,8.51682,438,438,0,0.00318144,0.00249477,0,0,0.15117,0.932836,11,7,1.18182,0,0,0,0.0671642,0.80597,0.126866,0,0,0
1,bookshelf_small,99,qpEnvelope,1,1,0.000300987,36,6,7.20865,379,379,0,0.00481524,0.00249477,0,0,0.20024,0.5,1,1,6,0,0,0,0.5,0.388889,0.111111,36,10852,23
1,box,6,isSafe,1,1,0.0113789,4784,26,12.108,8,607,0,0.0189052,0.00249477,0,0,0,0,92,22,0.282609,0,0,0,0,0,0,0,0,0
1,box,6,qpFixed,1,1,0.00856974,1516,30,11.3293,1057,1057,0,0.000901664,0.00249477,0,0,0.0102388,0,4,4,7.5,0,0,0,1,0,0,1516,394033,1212
1,box,6,qpPlain,1,1,0.00927159,1516,30,11.3293,1057,1057,0,0.000901664,0.00249477,0,0,0.0102388,0,4,4,7.5,0,0,0,1,0,0,1516,519988,1516
1,box,6,qpAdaptive,1,1,0.00366699,592,29,11.3168,752,752,0,0.000883396,0.00249477,0,0,0.0262429,0.525338,4,4,7.25,0,0,0,0.449324,0.510135,0.0405405,592,154481,542
1,box,6,qpFreeGate,1,1,0.0304811,6604,28,13.6944,1431,1431,0,0.0149264,0.00249477,0,0,0.00513499,0,34,17,0.823529,0,0,0,1,0,0,0,0,0
1,box,6,qpFreeEnvelope,1,1,0.00458202,413,30,14.44,771,771,0,0.000434515,0.00249477,0,0,0.0826914,0.937046,40,19,0.75,0,0,0,0.0510949,0.807786,0.141119,0,0,0
1,box,6,qpEnvelope,1,1,0.00590058,795,36,16.76,1018,1018,0,0.000776625,0.00249477,0,0,0.0347971,0.308176,8,8,4.5,0,0,0,0.685535,0.284277,0.0301887,795,219990,753
1,box,13,isSafe,1,1,0.00471309,1986,12,13.3529,8,669,0,0.013466,0.00249477,0,0,0,0,22,9,0.545455,0,0,0,0,0,0,0,0,0
1,box,13,qpFixed,1,1,0.00222149,419,6,5.6942,420,420,0,0.00290274,0.00249477,0,0,0.01359,0,1,1,6,0,0,0,1,0,0,419,115811,192
1,box,13,qpPlain,1,1,0.00238277,419,6,5.6942,420,420,0,0.00290274,0.00249477,0,0,0.01359,0,1,1,6,0,0,0,1,0,0,419,143717,419
1,box,13,qpAdaptive,1,1,0.00120865,190,6,5.70748,347,347,0,0.00290322,0.00249477,0,0,0.0300394,0.205263,1,1,6,0,0,0,0.789474,0.194737,0.0157895,190,54427,154
1,box,13,qpFreeGate,1,1,0.0387152,8386,25,13.6555,1313,1313,0,0.00468521,0.00249477,0,0,0.00464275,0,49,18,0.510204,0,0,0,1,0,0,0,0,0
1,box,13,qpFreeEnvelope,1,1,0.00324916,301,16,9.64485,510,510,0,0.000401174,0.00249477,0,0,0.065858,0.69103,32,10,0.5,0,0,0,0.285235,0.597315,0.11745,0,0,0
1,box,13,qpEnvelope,1,1,0.000832651,109,6,5.7585,327,327,0,0.00304182,0.00249477,0,0,0.0528303,0.33945,1,1,6,0,0,0,0.66055,0.311927,0.0275229,109,31674,93
1,box,20,isSafe,1,1,0.0090713,3851,21,16.3716,10,820,0,0.0138227,0.00249477,0,0,0,0,86,17,0.244186,0,0,0,0,0,0,0,0,0
1,box,20,qpFixed,1,1,0.00270601,543,6,6.86176,544,544,0,0.0021366,0.00249477,0,0,0.0126368,0,1,1,6,0,0,0,1,0,0,543,131944,245
1,box,20,qpPlain,1,1,0.0030476,543,6,6.86176,544,544,0,0.0021366,0.00249477,0,0,0.0126368,0,1,1,6,0,0,0,1,0,0,543,186249,543
1,box,20,qpAdaptive,1,1,0.000875748,149,6,6.86726,408,408,0,0.00190302,0.00249477,0,0,0.046089,0.422819,1,1,6,0,0,0,0.577181,0.402685,0.0201342,149,35612,132
1,box,20,qpFreeGate,1,1,0.0374893,8303,24,12.1526,1187,1187,0,0.0116658,0.00249477,0,0,0.00423418,0,56,19,0.428571,0,0,0,1,0,0,0,0,0
1,box,20,qpFreeEnvelope,1,1,0.00488719,403,25,12.7243,663,663,0,0.00928476,0.00249477,0,0,0.0911043,0.980149,56,19,0.446429,0,0,0,0,0.87,0.13,0,0,0
1,box,20,qpEnvelope,1,1,0.000810446,119,6,6.87382,397,397,0,0.00154672,0.00249477,0,0,0.0577632,0.470588,1,1,6,0,0,0,0.512605,0.453782,0.0336134,119,28311,109
1,box,27,isSafe,1,1,0.00433216,1835,11,9.79974,6,491,0,0.0215928,0.00249477,0,0,0,0,24,7,0.458333,0,0,0,0,0,0,0,0,0
1,box,27,qpFixed,1,1,0.0369853,6311,47,20.9898,1751,1751,0,0.000424151,0.00249477,0,0,0.00963582,0,19,17,2.47368,0,0,0,1,0,0,6311,1689300,5410
1,box,27,qpPlain,1,1,0.0390905,6311,47,20.9898,1751,1751,0,0.000424151,0.00249477,0,0,0.00963582,0,19,17,2.47368,0,0,0,1,0,0,6311,2164673,6311
1,box,27,qpAdaptive,1,1,0.0233698,3514,47,21.0219,1447,1447,0,0.000420367,0.00249477,0,0,0.0171527,0.284007,19,17,2.47368,0,0,0,0.71335,0.277541,0.00910902,3514,956320,3401
1,box,27,qpFreeGate,1,1,0.0364542,7915,25,12.4268,1240,1240,0,0.00432786,0.00249477,0,0,0.00529717,0,42,18,0.595238,0,0,0,1,0,0,0,0,0
1,box,27,qpFreeEnvelope,1,1,0.00531118,451,34,12.8286,676,676,0,0.00212969,0.00249477,0,0,0.10885,0.940133,62,25,0.548387,0,0,0,0.0246637,0.840807,0.134529,0,0,0
1,box,27,qpEnvelope,1,1,0.0176593,2489,52,21.0861,1371,1371,0,0.000439075,0.00249477,0,0,0.0246686,0.17959,19,17,2.73684,0,0,0,0.817926,0.165595,0.0164791,2489,678923,2445
1,box,34,isSafe,1,1,0.00858122,3669,20,9.21961,6,462,0,0.0694005,0.00249477,0,0,0,0,66,16,0.30303,0,0,0,0,0,0,0,0,0
1,box,34,qpFixed,1,1,0.00183983,353,6,5.53623,354,354,0,0.00475274,0.00249477,0,0,0.0156834,0,1,1,6,0,0,0,1,0,0,353,96334,181
1,box,34,qpPlain,1,1,0.00196921,353,6,5.53623,354,354,0,0.00475274,0.00249477,0,0,0.0156834,0,1,1,6,0,0,0,1,0,0,353,121079,353
1,box,34,qpAdaptive,1,1,0.000649237,106,6,5.53271,314,314,0,0.00457021,0.00249477,0,0,0.0521953,0.537736,1,1,6,0,0,0,0.45283,0.509434,0.0377358,106,31053,84
1,box,34,qpFreeGate,1,1,0.0642249,14076,38,18.2083,1647,1647,0,0.0050215,0.00249477,0,0,0.00443729,0,80,29,0.475,0,0,0,1,0,0,0,0,0
1,box,34,qpFreeEnvelope,1,1,0.01263,1146,47,23.0558,1208,1208,0,0.00163048,0.00249477,0,0,0.0668439,0.972077,128,39,0.367188,0,0,0,0.0122378,0.883741,0.104021,0,0,0
1,box,34,qpEnvelope,1,1,0.000483416,65,6,5.52999,297,297,0,0.00431567,0.00249477,0,0,0.0850767,0.384615,1,1,6,0,0,0,0.615385,0.323077,0.0615385,65,19023,53
1,box,41,isSafe,1,1,0.0018418,780,6,5.65122,4,284,0,0.0222638,0.00249477,0,0,0,0,6,3,1,0,0,0,0,0,0,0,0,0
1,box,41,qpFixed,1,1,0.00220392,424,6,5.38857,425,425,0,0.00242361,0.00249477,0,0,0.0127089,0,1,1,6,0,0,0,1,0,0,424,112607,221
1,box,41,qpPlain,1,1,0.0023831,424,6,5.38857,425,425,0,0.00242361,0.00249477,0,0,0.0127089,0,1,1,6,0,0,0,1,0,0,424,145432,424
1,box,41,qpAdaptive,1,1,0.000703417,114,6,5.3849,318,318,0,0.00233549,0.00249477,0,0,0.047236,0.578947,1,1,6,0,0,0,0.412281,0.552632,0.0350877,114,33381,98
1,box,41,qpFreeGate,1,1,0.253676,55028,108,14.3545,1311,1311,0,0.0232965,0.00249477,0,0,0.00337269,0,389,96,0.277635,0,0,0,1,0,0,0,0,0
1,box,41,qpFreeEnvelope,1,1,0.011979,1042,47,18.2041,963,963,0,0.00498157,0.00249477,0,0,0.0745772,0.948177,146,40,0.321918,0,0,0,0.0233236,0.851312,0.125364,0,0,0
1,box,41,qpEnvelope,1,1,0.000501908,67,6,5.38199,296,296,0,0.00212383,0.00249477,0,0,0.0803282,0.432836,1,1,6,0,0,0,0.567164,0.373134,0.0597015,67,19532,58
1,box,48,isSafe,1,1,0.00491818,2101,13,12.7946,8,641,0,0.00984526,0.00249477,0,0,0,0,37,8,0.351351,0,0,0,0,0,0,0,0,0
1,box,48,qpFixed,1,1,0.00219759,456,6,6.1934,457,457,0,0.0119131,0.00249477,0,0,0.013582,0,1,1,6,0,0,0,1,0,0,456,99924,210
1,box,48,qpPlain,1,1,0.00256388,456,6,6.1934,457,457,0,0.0119131,0.00249477,0,0,0.013582,0,1,1,6,0,0,0,1,0,0,456,156408,456
1,box,48,qpAdaptive,1,1,0.00066548,114,6,6.20231,354,354,0,0.0115453,0.00249477,0,0,0.0544063,1,1,1,6,0,0,0,0,0.964912,0.0350877,114,26440,95
1,box,48,qpFreeGate,1,1,0.012911,2812,19,11.1384,1176,1176,0,0.0076822,0.00249477,0,0,0.00514937,0,13,6,1.46154,0,0,0,1,0,0,0,0,0
1,box,48,qpFreeEnvelope,1,1,0.00282663,240,17,14.2806,745,745,0,0.00639965,0.00249477,0,0,0.100571,0.979167,25,10,0.68,0,0,0,0.00840336,0.852941,0.138655,0,0,0
1,box,48,qpEnvelope,1,1,0.000492331,64,6,6.22062,345,345,0,0.0101158,0.00249477,0,0,0.0971971,0.984375,1,1,6,0,0,0,0,0.9375,0.0625,64,15052,52
1,box,55,isSafe,1,1,0.00473611,2023,12,13.147,8,659,0,0.0110633,0.00249477,0,0,0,0,55,8,0.218182,0,0,0,0,0,0,0,0,0
1,box,55,qpFixed,1,1,0.0117691,2199,17,13.2679,1036,1036,0,0.00245495,0.00249477,0,0,0.0111357,0,7,7,2.42857,0,0,0,1,0,0,2199,522884,1915
1,box,55,qpPlain,1,1,0.0128988,2199,17,13.2679,1036,1036,0,0.00245495,0.00249477,0,0,0.0111357,0,7,7,2.42857,0,0,0,1,0,0,2199,754257,2199
1,box,55,qpAdaptive,1,1,0.00685171,1143,17,13.2743,879,879,0,0.00233595,0.00249477,0,0,0.0215258,0.417323,7,7,2.42857,0,0,0,0.578303,0.410324,0.0113736,1143,282523,1109
1,box,55,qpFreeGate,1,1,0.0312692,6886,26,9.74661,1276,1276,0,0.00643608,0.00249477,0,0,0.00356636,0,45,13,0.577778,0,0,0,1,0,0,0,0,0
1,box,55,qpFreeEnvelope,1,1,0.0137715,1184,54,20.9627,1131,1131,0,0.000228119,0.00249477,0,0,0.0739123,0.930743,174,46,0.310345,0,0,0,0.0449153,0.814407,0.140678,0,0,0
1,box,55,qpEnvelope,1,1,0.00405489,610,18,13.3257,774,774,0,0.00167069,0.00249477,0,0,0.0405958,0.259016,7,7,2.57143,0,0,0,0.736066,0.239344,0.0245902,610,151269,586
1,box,62,isSafe,1,1,0.00508148,2146,13,6.92029,5,348,0,0.0374056,0.00249477,0,0,0,0,16,9,0.8125,0,0,0,0,0,0,0,0,0
1,box,62,qpFixed,1,1,0.00273345,544,6,6.20088,545,545,0,0.0012555,0.00249477,0,0,0.0113987,0,1,1,6,0,0,0,1,0,0,544,133440,244
1,box,62,qpPlain,1,1,0.00306201,544,6,6.20088,545,545,0,0.0012555,0.00249477,0,0,0.0113987,0,1,1,6,0,0,0,1,0,0,544,186592,544
1,box,62,qpAdaptive,1,1,0.000815804,135,6,6.19012,382,382,0,0.00127483,0.00249477,0,0,0.0458528,0.562963,1,1,6,0,0,0,0.437037,0.533333,0.0296296,135,35859,116
1,box,62,qpFreeGate,1,1,0.0377498,8158,37,12.639,1157,1157,0,0.0119904,0.00249477,0,0,0.00560487,0,49,20,0.755102,0,0,0,1,0,0,0,0,0
1,box,62,qpFreeEnvelope,1,1,0.0065125,527,38,16.8284,868,868,0,0.00760719,0.00249477,0,0,0.112958,0.956357,71,27,0.535211,0,0,0,0.0305344,0.80916,0.160305,0,0,0
1,box,62,qpEnvelope,1,1,0.000573,77,6,6.16779,349,349,0,0.00128967,0.00249477,0,0,0.0801012,0.558442,1,1,6,0,0,0,0.441558,0.506494,0.0519481,77,20738,67
1,box,69,isSafe,1,1,0.0148444,6319,33,9.65989,6,484,0,0.0324101,0.00249477,0,0,0,0,140,30,0.235714,0,0,0,0,0,0,0,0,0
1,box,69,qpFixed,1,1,0.0111907,2087,21,11.9307,860,860,0,0.00596611,0.00249477,0,0,0.012307,0,7,7,3,0,0,0,1,0,0,2087,573966,1315
1,box,69,qpPlain,1,1,0.0119257,2087,21,11.9307,860,860,0,0.00596611,0.00249477,0,0,0.012307,0,7,7,3,0,0,0,1,0,0,2087,715841,2087
1,box,69,qpAdaptive,1,1,0.00393824,643,20,11.9779,700,700,0,0.00529235,0.00249477,0,0,0.039906,0.720062,7,7,2.85714,0,0,0,0.267496,0.698289,0.0342146,643,175342,517
1,box,69,qpFreeGate,1,1,0.0293265,6371,27,10.2704,892,892,0,0.0171618,0.00249477,0,0,0.00499165,0,32,17,0.84375,0,0,0,1,0,0,0,0,0
1,box,69,qpFreeEnvelope,1,1,0.00608726,521,40,12.7984,658,658,0,0.00928129,0.00249477,0,0,0.0983595,0.959693,60,25,0.666667,0,0,0,0.023166,0.832046,0.144788,0,0,0
1,box,69,qpEnvelope,1,1,0.00198567,241,18,12.037,644,644,0,0.00335079,0.00249477,0,0,0.106713,0.614108,7,7,2.57143,0,0,0,0.381743,0.53112,0.0871369,241,65329,208
1,box,76,isSafe,1,1,0.00858288,3633,20,12.5909,8,631,0,0.0321834,0.00249477,0,0,0,0,82,16,0.243902,0,0,0,0,0,0,0,0,0
1,box,76,qpFixed,1,1,0.0225529,4066,43,14.9024,1109,1109,0,0.00431499,0.00249477,0,0,0.0115682,0,13,13,3.30769,0,0,0,1,0,0,4066,1046992,3243
1,box,76,qpPlain,1,1,0.024252,4066,43,14.9024,1109,1109,0,0.00431499,0.00249477,0,0,0.0115682,0,13,13,3.30769,0,0,0,1,0,0,4066,1394638,4066
1,box,76,qpAdaptive,1,1,0.0150344,2453,44,14.9414,903,903,0,0.00417579,0.00249477,0,0,0.0192396,0.304933,13,13,3.38462,0,0,0,0.692214,0.296372,0.0114146,2453,648231,2197
1,box,76,qpFreeGate,1,1,0.0493994,10756,36,10.9879,1355,1355,0,0.00713055,0.00249477,0,0,0.00439072,0,70,24,0.514286,0,0,0,1,0,0,0,0,0
1,box,76,qpFreeEnvelope,1,1,0.00787227,697,38,14.4969,768,768,0,0.00116697,0.00249477,0,0,0.0769605,0.905308,84,28,0.452381,0,0,0,0.0666667,0.82029,0.113043,0,0,0
1,box,76,qpEnvelope,1,1,0.00978856,1481,38,14.9811,815,815,0,0.00274393,0.00249477,0,0,0.030873,0.219446,13,12,2.92308,0,0,0,0.777853,0.198515,0.0236327,1481,396032,1301
1,box,83,isSafe,1,1,0.00235711,998,7,9.67116,6,485,0,0.0266236,0.00249477,0,0,0,0,8,3,0.875,0,0,0,0,0,0,0,0,0
1,box,83,qpFixed,1,1,0.00155772,312,5,5.20375,313,313,0,0.00759331,0.00249477,0,0,0.0166787,0,1,1,5,0,0,0,1,0,0,312,82298,84
1,box,83,qpPlain,1,1,0.0017275,312,5,5.20375,313,313,0,0.00759331,0.00249477,0,0,0.0166787,0,1,1,5,0,0,0,1,0,0,312,107016,312
1,box,83,qpAdaptive,1,1,0.000672512,112,5,5.20382,296,296,0,0.00762934,0.00249477,0,0,0.0464627,0.375,1,1,5,0,0,0,0.625,0.348214,0.0267857,112,29343,79
1,box,83,qpFreeGate,1,1,0.00900461,1962,11,8.9384,699,699,0,0.0266236,0.00249477,0,0,0.0079937,0,8,6,1.375,0,0,0,1,0,0,0,0,0
1,box,83,qpFreeEnvelope,1,1,0.00101209,74,11,9.08545,467,467,0,0.0220264,0.00249477,0,0,0.217946,0.986486,8,6,1.375,0,0,0,0,0.783784,0.216216,0,0,0
1,box,83,qpEnvelope,1,1,0.000413163,46,5,5.20647,281,281,0,0.008036,0.00249477,0,0,0.113184,0.76087,1,1,5,0,0,0,0.195652,0.73913,0.0652174,46,12588,29
1,box,90,isSafe,1,1,0.0050506,2112,13,12.0595,8,604,0,0.0192404,0.00249477,0,0,0,0,43,8,0.302326,0,0,0,0,0,0,0,0,0
1,box,90,qpFixed,1,1,0.00327082,672,6,6.66206,673,673,0,0.00102153,0.00249477,0,0,0.00991377,0,1,1,6,0,0,0,1,0,0,672,158291,261
1,box,90,qpPlain,1,1,0.00376585,672,6,6.66206,673,673,0,0.00102153,0.00249477,0,0,0.00991377,0,1,1,6,0,0,0,1,0,0,672,230496,672
1,box,90,qpAdaptive,1,1,0.00103237,175,6,6.65941,440,440,0,0.00100086,0.00249477,0,0,0.0380538,0.548571,1,1,6,0,0,0,0.445714,0.531429,0.0228571,175,42419,145
1,box,90,qpFreeGate,1,1,0.0344128,7405,24,13.3866,1154,1154,0,0.00207902,0.00249477,0,0,0.00453552,0,43,11,0.55814,0,0,0,1,0,0,0,0,0
1,box,90,qpFreeEnvelope,1,1,0.00347947,274,19,13.8733,727,727,0,0.00224991,0.00249477,0,0,0.124516,0.916058,43,11,0.44186,0,0,0,0.0695971,0.721612,0.208791,0,0,0
1,box,90,qpEnvelope,1,1,0.000642221,89,6,6.64866,384,384,0,0.000949554,0.00249477,0,0,0.0747041,0.505618,1,1,6,0,0,0,0.494382,0.460674,0.0449438,89,21669,77
1,box,97,isSafe,1,1,0.00541024,2263,13,9.85411,6,494,0,0.0128172,0.00249477,0,0,0,0,32,10,0.40625,0,0,0,0,0,0,0,0,0
1,box,97,qpFixed,1,1,0.00201541,397,6,6.41942,398,398,0,0.0153143,0.00249477,0,0,0.0161698,0,1,1,6,0,0,0,1,0,0,397,111009,106
1,box,97,qpPlain,1,1,0.00218614,397,6,6.41942,398,398,0,0.0153143,0.00249477,0,0,0.0161698,0,1,1,6,0,0,0,1,0,0,397,136171,397
1,box,97,qpAdaptive,1,1,0.000417498,71,6,6.41804,351,351,0,0.0151886,0.00249477,0,0,0.0903949,0.760563,1,1,6,0,0,0,0.225352,0.71831,0.056338,71,20867,39
1,box,97,qpFreeGate,1,1,0.0615709,13318,46,16.2084,1565,1565,0,0.00270785,0.00249477,0,0,0.00416196,0,81,27,0.567901,0,0,0,1,0,0,0,0,0
1,box,97,qpFreeEnvelope,1,1,0.0127842,1156,41,15.2874,823,823,0,0.00481707,0.00249477,0,0,0.0578156,0.939446,130,32,0.315385,0,0,0,0.0417755,0.840731,0.117493,0,0,0
1,box,97,qpEnvelope,1,1,0.000294481,30,6,6.41917,337,337,0,0.0152713,0.00249477,0,0,0.213972,0.966667,1,1,6,0,0,0,0,0.866667,0.133333,30,8700,17
1,table_pick,4,isSafe,1,1,0.00606408,1733,10,9.36559,6,470,0,0.00441751,0.00249477,0,0,0,0,34,6,0.294118,0,0,0,0,0,0,0,0,0
1,table_pick,4,qpFixed,1,1,0.00321071,554,6,6.44252,555,555,0,0.00382732,0.00249477,0,0,0.0116291,0,1,1,6,0,0,0,1,0,0,554,135206,85
1,table_pick,4,qpPlain,1,1,0.00364551,554,6,6.44252,555,555,0,0.00382732,0.00249477,0,0,0.0116291,0,1,1,6,0,0,0,1,0,0,554,190022,554
1,table_pick,4,qpAdaptive,1,1,0.000625022,88,6,6.44312,366,366,0,0.00382732,0.00249477,0,0,0.0732173,0.715909,1,1,6,0,0,0,0.284091,0.670455,0.0454545,88,25176,50
1,table_pick,4,qpFreeGate,1,1,0.0412295,7221,27,11.4872,1026,1026,0,0.00120856,0.00249477,0,0,0.00491335,0,74,20,0.364865,0,0,0,1,0,0,0,0,0
1,table_pick,4,qpFreeEnvelope,1,1,0.0182337,1243,50,11.5959,611,611,0,0.000926038,0.00249477,0,0,0.0647001,0.915527,182,44,0.274725,0,0,0,0.0469256,0.871359,0.0817152,0,0,0
1,table_pick,4,qpEnvelope,1,1,0.000405244,45,6,6.44729,348,348,0,0.00382732,0.00249477,0,0,0.143273,0.733333,1,1,6,0,0,0,0.266667,0.644444,0.0888889,45,12777,31
1,table_pick,11,isSafe,1,1,0.0124004,3601,19,11.3697,7,570,0,0.00495106,0.00249477,0,0,0,0,80,16,0.2375,0,0,0,0,0,0,0,0,0
1,table_pick,11,qpFixed,1,1,0.00306167,473,6,5.36415,474,474,0,0.00109695,0.00249477,0,0,0.0113407,0,1,1,6,0,0,0,1,0,0,473,122812,238
1,table_pick,11,qpPlain,1,1,0.00327175,473,6,5.36415,474,474,0,0.00109695,0.00249477,0,0,0.0113407,0,1,1,6,0,0,0,1,0,0,473,162239,473
1,table_pick,11,qpAdaptive,1,1,0.00174285,230,6,5.36514,383,383,0,0.00109695,0.00249477,0,0,0.0233267,0.23913,1,1,6,0,0,0,0.76087,0.221739,0.0173913,230,65210,212
1,table_pick,11,qpFreeGate,1,1,0.0647238,11221,36,9.81445,1077,1077,0,0.00116027,0.00249477,0,0,0.00437066,0,76,27,0.473684,0,0,0,1,0,0,0,0,0
1,table_pick,11,qpFreeEnvelope,1,1,0.00516512,335,19,7.08371,395,395,0,0.00115037,0.00249477,0,0,0.076183,0.991045,37,14,0.513514,0,0,0,0,0.886228,0.113772,0,0,0
1,table_pick,11,qpEnvelope,1,1,0.00148958,184,6,5.37115,362,362,0,0.00109695,0.00249477,0,0,0.029191,0.195652,1,1,6,0,0,0,0.804348,0.173913,0.0217391,184,51781,176
1,table_pick,18,isSafe,1,1,0.0255192,7269,36,13.8909,8,696,0,0.00300204,0.00249477,0,0,0,0,160,33,0.225,0,0,0,0,0,0,0,0,0
1,table_pick,18,qpFixed,1,1,0.00389971,691,7,8.40683,692,692,0,0.00279814,0.00249477,0,0,0.0121662,0,1,1,7,0,0,0,1,0,0,691,163928,23
1,table_pick,18,qpPlain,1,1,0.00453013,691,7,8.40683,692,692,0,0.00279814,0.00249477,0,0,0.0121662,0,1,1,7,0,0,0,1,0,0,691,237013,691
1,table_pick,18,qpAdaptive,1,1,0.000405376,59,7,8.40683,449,449,0,0.00279814,0.00249477,0,0,0.142489,0.59322,1,1,7,0,0,0,0.40678,0.508475,0.0847458,59,15491,23
1,table_pick,18,qpFreeGate,1,1,0.0425193,7449,34,15.0173,1181,1181,0,0.00385531,0.00249477,0,0,0.00701145,0,64,26,0.53125,0,0,0,1,0,0,0,0,0
1,table_pick,18,qpFreeEnvelope,1,1,0.00750415,459,38,15.1164,781,781,0,0.00385531,0.00249477,0,0,0.113562,0.973856,64,26,0.59375,0,0,0,0.00656455,0.822757,0.170678,0,0,0
1,table_pick,18,qpEnvelope,1,1,0.000374642,39,7,8.40683,439,439,0,0.00279814,0.00249477,0,0,0.21556,0.461538,1,1,7,0,0,0,0.538462,0.333333,0.128205,39,9955,23
1,table_pick,25,isSafe,1,1,0.00388583,1125,7,7.72618,5,388,0,0.000508588,0.00249477,0,0,0,0,11,3,0.636364,0,0,0,0,0,0,0,0,0
1,table_pick,25,qpFixed,1,1,0.00179322,321,5,5.13966,322,322,0,0.00495588,0.00249477,0,0,0.0160114,0,1,1,5,0,0,0,1,0,0,321,73279,18
1,table_pick,25,qpPlain,1,1,0.00207728,321,5,5.13966,322,322,0,0.00495588,0.00249477,0,0,0.0160114,0,1,1,5,0,0,0,1,0,0,321,110103,321
1,table_pick,25,qpAdaptive,1,1,0.000281971,41,5,5.1398,277,277,0,0.00495588,0.00249477,0,0,0.125361,0.829268,1,1,5,0,0,0,0.170732,0.756098,0.0731707,41,10660,12
1,table_pick,25,qpFreeGate,1,1,0.0207061,3656,24,9.75374,891,891,0,0.00352739,0.00249477,0,0,0.00680163,0,27,11,0.888889,0,0,0,1,0,0,0,0,0
1,table_pick,25,qpFreeEnvelope,1,1,0.00381595,249,18,10.0744,524,524,0,0.00348445,0.00249477,0,0,0.109151,0.967871,29,12,0.62069,0,0,0,0.0200803,0.875502,0.104418,0,0,0
1,table_pick,25,qpEnvelope,1,1,0.000291977,24,5,5.14022,267,267,0,0.00495588,0.00249477,0,0,0.214176,0.791667,1,1,5,0,0,0,0.208333,0.666667,0.125,24,6200,10
1,table_pick,32,isSafe,1,1,0.00390722,1134,8,10.4199,7,522,0,0.000700065,0.00249477,0,0,0,0,6,3,1.33333,0,0,0,0,0,0,0,0,0
1,table_pick,32,qpFixed,1,1,0.00373403,679,7,8.17272,680,680,0,0.00439071,0.00249477,0,0,0.0120364,0,1,1,7,0,0,0,1,0,0,679,156599,13
1,table_pick,32,qpPlain,1,1,0.00434,679,7,8.17272,680,680,0,0.00439071,0.00249477,0,0,0.0120364,0,1,1,7,0,0,0,1,0,0,679,232897,679
1,table_pick,32,qpAdaptive,1,1,0.000367563,55,7,8.17272,436,436,0,0.00439071,0.00249477,0,0,0.148595,0.690909,1,1,7,0,0,0,0.290909,0.618182,0.0909091,55,15492,13
1,table_pick,32,qpFreeGate,1,1,0.0138507,2423,12,8.08546,798,798,0,0.00213245,0.00249477,0,0,0.00672268,0,15,6,0.8,0,0,0,1,0,0,0,0,0
1,table_pick,32,qpFreeEnvelope,1,1,0.00223733,144,12,8.08545,425,425,0,0.00214486,0.00249477,0,0,0.112605,0.986111,15,6,0.8,0,0,0,0.00694444,0.909722,0.0833333,0,0,0
1,table_pick,32,qpEnvelope,1,1,0.00031366,32,7,8.17269,421,421,0,0.00437844,0.00249477,0,0,0.255396,0.78125,1,1,7,0,0,0,0.21875,0.625,0.15625,32,8768,11
1,table_pick,39,isSafe,1,1,0.00602913,1768,11,12.8864,8,646,0,0.000422392,0.00249477,0,0,0,0,22,7,0.5,0,0,0,0,0,0,0,0,0
1,table_pick,39,qpFixed,1,1,0.00428822,702,7,8.87377,703,703,0,0.00044287,0.00249477,0,0,0.0126407,0,1,1,7,0,0,0,1,0,0,702,177151,335
1,table_pick,39,qpPlain,1,1,0.0047093,702,7,8.87377,703,703,0,0.00044287,0.00249477,0,0,0.0126407,0,1,1,7,0,0,0,1,0,0,702,240786,702
1,table_pick,39,qpAdaptive,1,1,0.00174506,236,7,8.87515,557,557,0,0.00044287,0.00249477,0,0,0.0376066,0.389831,1,1,7,0,0,0,0.610169,0.368644,0.0211864,236,67198,207
1,table_pick,39,qpFreeGate,1,1,0.0201677,3543,17,12.734,1214,1214,0,0.00025243,0.00249477,0,0,0.00696884,0,23,12,0.73913,0,0,0,1,0,0,0,0,0
1,table_pick,39,qpFreeEnvelope,1,1,0.00308815,196,17,12.8713,670,670,0,0.0013406,0.00249477,0,0,0.128746,0.964286,23,12,0.73913,0,0,0,0.0153061,0.852041,0.132653,0,0,0
1,table_pick,39,qpEnvelope,1,1,0.00130552,155,7,8.87985,519,519,0,0.000419134,0.00249477,0,0,0.0572894,0.270968,1,1,7,0,0,0,0.729032,0.23871,0.0322581,155,44933,143
1,table_pick,46,isSafe,1,1,0.0122863,3578,19,16.6383,10,833,0,0.00433873,0.00249477,0,0,0,0,69,14,0.275362,0,0,0,0,0,0,0,0,0
1,table_pick,46,qpFixed,1,1,0.00226969,388,5,5.04924,389,389,0,0.00302758,0.00249477,0,0,0.0130135,0,1,1,5,0,0,0,1,0,0,388,93628,103
1,table_pick,46,qpPlain,1,1,0.00254256,388,5,5.04924,389,389,0,0.00302758,0.00249477,0,0,0.0130135,0,1,1,5,0,0,0,1,0,0,388,133084,388
1,table_pick,46,qpAdaptive,1,1,0.000541858,81,5,5.05603,284,284,0,0.00302616,0.00249477,0,0,0.0624201,0.617284,1,1,5,0,0,0,0.382716,0.580247,0.037037,81,21073,39
1,table_pick,46,qpFreeGate,1,1,0.0152872,2688,20,7.08895,740,740,0,0.000661928,0.00249477,0,0,0.00694719,0,17,8,1.17647,0,0,0,1,0,0,0,0,0
1,table_pick,46,qpFreeEnvelope,1,1,0.00331778,231,19,11.1468,595,595,0,0.000716843,0.00249477,0,0,0.0975073,0.91342,18,9,1.05556,0,0,0,0.0822511,0.792208,0.125541,0,0,0
1,table_pick,46,qpEnvelope,1,1,0.000394793,50,5,5.08488,277,277,0,0.00296814,0.00249477,0,0,0.101698,0.38,1,1,5,0,0,0,0.6,0.34,0.06,50,12809,35
1,table_pick,53,isSafe,1,1,0.00944957,2754,15,14.5366,9,728,0,0.000114304,0.00249477,0,0,0,0,49,11,0.306122,0,0,0,0,0,0,0,0,0
1,table_pick,53,qpFixed,1,1,0.00358214,642,7,8.37184,643,643,0,0.00334063,0.00249477,0,0,0.0130402,0,1,1,7,0,0,0,1,0,0,642,148721,109
1,table_pick,53,qpPlain,1,1,0.00417724,642,7,8.37184,643,643,0,0.00334063,0.00249477,0,0,0.0130402,0,1,1,7,0,0,0,1,0,0,642,220206,642
1,table_pick,53,qpAdaptive,1,1,0.000549279,78,7,8.37201,457,457,0,0.00334063,0.00249477,0,0,0.107334,0.576923,1,1,7,0,0,0,0.423077,0.512821,0.0641026,78,21335,49
1,table_pick,53,qpFreeGate,1,1,0.0328699,5720,21,17.8495,1330,1330,0,0.00161632,0.00249477,0,0,0.00609453,0,49,17,0.428571,0,0,0,1,0,0,0,0,0
1,table_pick,53,qpFreeEnvelope,1,1,0.0060354,392,20,18.9476,982,982,0,0.00203148,0.00249477,0,0,0.0874776,0.969388,49,16,0.408163,0,0,0,0.0127551,0.867347,0.119898,0,0,0
1,table_pick,53,qpEnvelope,1,1,0.000453158,47,7,8.37286,442,442,0,0.00331668,0.00249477,0,0,0.178146,0.510638,1,1,7,0,0,0,0.489362,0.404255,0.106383,47,12820,34
1,table_pick,60,isSafe,1,1,0.0023397,679,6,6.60773,5,332,0,0.00139711,0.00249477,0,0,0,0,4,2,1.5,0,0,0,0,0,0,0,0,0
1,table_pick,60,qpFixed,1,1,0.00234376,421,5,5.6612,422,422,0,0.00125635,0.00249477,0,0,0.013447,0,1,1,5,0,0,0,1,0,0,421,93733,73
1,table_pick,60,qpPlain,1,1,0.00271864,421,5,5.6612,422,422,0,0.00125635,0.00249477,0,0,0.013447,0,1,1,5,0,0,0,1,0,0,421,144403,421
1,table_pick,60,qpAdaptive,1,1,0.000353709,53,5,5.66155,305,305,0,0.00125635,0.00249477,0,0,0.106822,0.754717,1,1,5,0,0,0,0.245283,0.698113,0.0566038,53,13216,25
1,table_pick,60,qpFreeGate,1,1,0.00441289,764,8,7.41108,604,604,0,0.00139711,0.00249477,0,0,0.00977385,0,4,3,2,0,0,0,1,0,0,0,0,0
1,table_pick,60,qpFreeEnvelope,1,1,0.000813582,53,8,7.67318,403,403,0,0.00139711,0.00249477,0,0,0.14626,0.943396,4,3,2,0,0,0,0.0188679,0.830189,0.150943,0,0,0
1,table_pick,60,qpEnvelope,1,1,0.000250517,29,5,5.6624,296,296,0,0.00125635,0.00249477,0,0,0.195255,0.62069,1,1,5,0,0,0,0.37931,0.517241,0.103448,29,7427,16
1,table_pick,67,isSafe,1,1,0.029615,8554,42,8.0188,6,402,0,0.0031403,0.00249477,0,0,0,0,150,38,0.28,0,0,0,0,0,0,0,0,0
1,table_pick,67,qpFixed,1,1,0.00257172,454,6,6.64153,455,455,0,0.00390576,0.00249477,0,0,0.0146289,0,1,1,6,0,0,0,1,0,0,454,106321,48
1,table_pick,67,qpPlain,1,1,0.0029195,454,6,6.64153,455,455,0,0.00390576,0.00249477,0,0,0.0146289,0,1,1,6,0,0,0,1,0,0,454,155722,454
1,table_pick,67,qpAdaptive,1,1,0.00035479,50,6,6.64182,359,359,0,0.00390576,0.00249477,0,0,0.132836,0.64,1,1,6,0,0,0,0.36,0.56,0.08,50,12749,28
1,table_pick,67,qpFreeGate,1,1,0.0960996,16911,60,7.90449,604,604,0,0.00315432,0.00249477,0,0,0.00527949,0,150,52,0.4,0,0,0,1,0,0,0,0,0
1,table_pick,67,qpFreeEnvelope,1,1,0.0161036,1031,50,19.6231,1010,1010,0,0.00314837,0.00249477,0,0,0.0762078,0.961203,150,47,0.333333,0,0,0,0.00878906,0.875977,0.115234,0,0,0
1,table_pick,67,qpEnvelope,1,1,0.000341823,35,6,6.642,352,352,0,0.00390576,0.00249477,0,0,0.189771,0.542857,1,1,6,0,0,0,0.457143,0.428571,0.114286,35,8803,23
1,table_pick,74,isSafe,1,1,0.00668859,1946,12,14.2,9,711,0,0.00119049,0.00249477,0,0,0,0,38,8,0.315789,0,0,0,0,0,0,0,0,0
1,table_pick,74,qpFixed,1,1,0.00658624,974,8,9.45937,832,832,0,0.00167976,0.00249477,0,0,0.0102186,0,2,2,4,0,0,0,1,0,0,974,278560,603
1,table_pick,74,qpPlain,1,1,0.00682609,974,8,9.45937,832,832,0,0.00167976,0.00249477,0,0,0.0102186,0,2,2,4,0,0,0,1,0,0,974,334082,974
1,table_pick,74,qpAdaptive,1,1,0.00392194,505,8,9.47702,655,655,0,0.00167548,0.00249477,0,0,0.0197455,0.235644,2,2,4,0,0,0,0.764356,0.227723,0.00792079,505,149621,470
1,table_pick,74,qpFreeGate,1,1,0.0273198,4784,24,17.7204,1504,1504,0,0.00234172,0.00249477,0,0,0.00564335,0,39,12,0.615385,0,0,0,1,0,0,0,0,0
1,table_pick,74,qpFreeEnvelope,1,1,0.00459273,292,19,14.4814,748,748,0,0.00228847,0.00249477,0,0,0.102328,0.962329,40,12,0.475,0,0,0,0.00687285,0.859107,0.134021,0,0,0
1,table_pick,74,qpEnvelope,1,1,0.0026261,302,8,9.54799,569,569,0,0.00169617,0.00249477,0,0,0.0332473,0.337748,2,2,4,0,0,0,0.65894,0.324503,0.0165563,302,89499,284
1,table_pick,81,isSafe,1,1,0.0366671,10516,49,11.8912,7,596,0,0.00502008,0.00249477,0,0,0,0,260,46,0.188462,0,0,0,0,0,0,0,0,0
1,table_pick,81,qpFixed,1,1,0.00379233,631,6,7.71445,632,632,0,0.00218718,0.00249477,0,0,0.0122258,0,1,1,6,0,0,0,1,0,0,631,173706,66
1,table_pick,81,qpPlain,1,1,0.00418079,631,6,7.71445,632,632,0,0.00218718,0.00249477,0,0,0.0122258,0,1,1,6,0,0,0,1,0,0,631,216433,631
1,table_pick,81,qpAdaptive,1,1,0.000729136,101,6,7.71447,435,435,0,0.00218718,0.00249477,0,0,0.0763809,0.435644,1,1,6,0,0,0,0.564356,0.39604,0.039604,101,30047,63
1,table_pick,81,qpFreeGate,1,1,0.167911,29101,70,11.3466,980,980,0,0.00452286,0.00249477,0,0,0.0041908,0,262,65,0.267176,0,0,0,1,0,0,0,0,0
1,table_pick,81,qpFreeEnvelope,1,1,0.0272483,1738,69,9.5324,489,489,0,0.00502008,0.00249477,0,0,0.070267,0.962601,262,64,0.263359,0,0,0,0.00582751,0.871795,0.122378,0,0,0
1,table_pick,81,qpEnvelope,1,1,0.0006018,68,6,7.71459,419,419,0,0.00216561,0.00249477,0,0,0.11345,0.264706,1,1,6,0,0,0,0.720588,0.220588,0.0588235,68,20193,54
1,table_pick,88,isSafe,1,1,0.00661709,1924,11,4.07614,4,205,0,0.00196053,0.00249477,0,0,0,0,24,7,0.458333,0,0,0,0,0,0,0,0,0
1,table_pick,88,qpFixed,1,1,0.0025524,440,5,5.73242,441,441,0,0.00425046,0.00249477,0,0,0.0130282,0,1,1,5,0,0,0,1,0,0,440,108712,45
1,table_pick,88,qpPlain,1,1,0.00285824,440,5,5.73242,441,441,0,0.00425046,0.00249477,0,0,0.0130282,0,1,1,5,0,0,0,1,0,0,440,150920,440
1,table_pick,88,qpAdaptive,1,1,0.000379478,52,5,5.73263,318,318,0,0.00425046,0.00249477,0,0,0.110243,0.673077,1,1,5,0,0,0,0.326923,0.615385,0.0576923,52,14862,28
1,table_pick,88,qpFreeGate,1,1,0.0159919,2799,21,2.78496,315,315,0,0.00128969,0.00249477,0,0,0.00692371,0,24,11,0.875,0,0,0,1,0,0,0,0,0
1,table_pick,88,qpFreeEnvelope,1,1,0.00315736,201,20,2.78083,166,166,0,0.00129842,0.00249477,0,0,0.0983005,0.960199,24,12,0.833333,0,0,0,0.0248756,0.835821,0.139303,0,0,0
1,table_pick,88,qpEnvelope,1,1,0.000359896,32,5,5.73373,306,306,0,0.00430622,0.00249477,0,0,0.179179,0.84375,1,1,5,0,0,0,0.15625,0.75,0.09375,32,9057,19
1,table_pick,95,isSafe,1,1,0.0065031,1883,11,14.9394,9,748,0,0.000124963,0.00249477,0,0,0,0,13,5,0.846154,0,0,0,0,0,0,0,0,0
1,table_pick,95,qpFixed,1,1,0.00427135,737,7,9.45944,738,738,0,0.00290184,0.00249477,0,0,0.0128351,0,1,1,7,0,0,0,1,0,0,737,181371,201
1,table_pick,95,qpPlain,1,1,0.00480136,737,7,9.45944,738,738,0,0.00290184,0.00249477,0,0,0.0128351,0,1,1,7,0,0,0,1,0,0,737,252791,737
1,table_pick,95,qpAdaptive,1,1,0.00099703,144,7,9.46146,547,547,0,0.00290184,0.00249477,0,0,0.0657046,0.5625,1,1,7,0,0,0,0.423611,0.541667,0.0347222,144,38967,109
1,table_pick,95,qpFreeGate,1,1,0.0240974,4215,18,14.7215,1188,1188,0,0.00205202,0.00249477,0,0,0.00646692,0,32,13,0.5625,0,0,0,1,0,0,0,0,0
1,table_pick,95,qpFreeEnvelope,1,1,0.00477428,307,18,14.8393,785,785,0,0.002053,0.00249477,0,0,0.0888016,0.993485,32,13,0.5625,0,0,0,0.00651466,0.863192,0.130293,0,0,0
1,table_pick,95,qpEnvelope,1,1,0.000642033,72,7,9.46791,512,512,0,0.00290184,0.00249477,0,0,0.131499,0.5,1,1,7,0,0,0,0.5,0.430556,0.0694444,72,19354,60
1,cage,2,isSafe,1,1,0.354561,135716,831,27.2761,16,1365,0,0.00468481,0.00249477,0,0,0,0,7332,828,0.113339,0,0,0,0,0,0,0,0,0
1,cage,2,qpFixed,1,1,0.0232699,3921,27,23.263,1829,1829,0,0.00042255,0.00249477,0,0,0.010366,0,13,11,2.07692,0,0,0,1,0,0,3921,1016973,3191
1,cage,2,qpPlain,1,1,0.0245146,3921,27,23.263,1829,1829,0,0.00042255,0.00249477,0,0,0.010366,0,13,11,2.07692,0,0,0,1,0,0,3921,1344903,3921
1,cage,2,qpAdaptive,1,1,0.0125589,1915,27,23.2802,1459,1459,0,0.000378472,0.00249477,0,0,0.0212536,0.430287,13,11,2.07692,0,0,0,0.56658,0.421932,0.0114883,1915,495052,1813
1,cage,2,qpFreeGate,1,1,1.16915,242200,407,12.4805,1572,1572,0,0.00287916,0.00249477,0,0,0.00300079,0,1992,375,0.204317,0,0,0,1,0,0,0,0,0
1,cage,2,qpFreeEnvelope,1,1,0.538304,44583,1309,19.0975,1031,1031,0,0.000768546,0.00249477,0,0,0.0456036,0.892695,7502,1272,0.174487,0,0,0,0.0527246,0.828306,0.118969,0,0,0
1,cage,2,qpEnvelope,1,1,0.00857533,1185,27,23.3688,1343,1343,0,0.000224068,0.00249477,0,0,0.0345735,0.310549,13,11,2.07692,0,0,0,0.68692,0.292827,0.0202532,1185,309765,1136
1,cage,9,isSafe,1,1,0.116575,45180,239,21.9221,12,1098,0,0.00236948,0.00249477,0,0,0,0,1905,235,0.125459,0,0,0,0,0,0,0,0,0
1,cage,9,qpFixed,1,1,0.311433,50324,204,23.207,2088,2088,0,0.000569718,0.00249477,0,0,0.00762469,0,214,133,0.953271,0,0,0,1,0,0,50324,13615128,47468
1,cage,9,qpPlain,1,1,0.326788,50324,204,23.207,2088,2088,0,0.000569718,0.00249477,0,0,0.00762469,0,214,133,0.953271,0,0,0,1,0,0,50324,17261132,50324
1,cage,9,qpAdaptive,1,1,0.257178,38329,203,23.2029,1543,1543,0,0.000345338,0.00249477,0,0,0.0100083,0.1909,214,133,0.948598,0,0,0,0.808334,0.188875,0.00279177,38329,10301246,37743
1,cage,9,qpFreeGate,1,1,0.995437,206417,366,19.1577,2180,2180,0,0.00241133,0.00249477,0,0,0.00310922,0,1658,349,0.220748,0,0,0,1,0,0,0,0,0
1,cage,9,qpFreeEnvelope,1,1,0.079099,6477,248,28.2256,1509,1509,0,0.000620979,0.00249477,0,0,0.0629483,0.910916,1030,230,0.240777,0,0,0,0.0416274,0.836632,0.12174,0,0,0
1,cage,9,qpEnvelope,1,1,0.133569,19058,137,18.0098,1102,1102,0,0.000116739,0.00249477,0,0,0.0129177,0.155263,129,87,1.06202,0,0,0,0.843845,0.1518,0.00435513,19058,5147320,18888
1,cage,16,isSafe,1,1,0.0617838,23884,119,27.7005,15,1387,0,0.00372949,0.00249477,0,0,0,0,1109,115,0.107304,0,0,0,0,0,0,0,0,0
1,cage,16,qpFixed,1,1,0.207339,32969,141,22.1415,1891,1891,0,0.00157177,0.00249477,0,0,0.00792026,0,136,86,1.03676,0,0,0,1,0,0,32969,8932044,30710
1,cage,16,qpPlain,1,1,0.217491,32969,141,22.1415,1891,1891,0,0.00157177,0.00249477,0,0,0.00792026,0,136,86,1.03676,0,0,0,1,0,0,32969,11308367,32969
1,cage,16,qpAdaptive,1,1,0.15265,22073,141,22.1755,1460,1460,0,0.00148812,0.00249477,0,0,0.0118511,0.305894,136,86,1.03676,0,0,0,0.691886,0.303448,0.00466633,22073,5980975,21591
1,cage,16,qpFreeGate,1,1,0.323057,66853,96,20.8893,2204,2204,0,0.00404879,0.00249477,0,0,0.00285077,0,518,91,0.185328,0,0,0,1,0,0,0,0,0
1,cage,16,qpFreeEnvelope,1,1,0.24245,20233,526,23.7497,1256,1256,0,0.000246264,0.00249477,0,0,0.0450925,0.932931,3127,509,0.168212,0,0,0,0.0245494,0.863698,0.111753,0,0,0
1,cage,16,qpEnvelope,1,1,0.187915,26337,188,19.2894,1103,1103,0,0.000241737,0.00249477,0,0,0.013765,0.210275,202,115,0.930693,0,0,0,0.788472,0.205035,0.00649277,26337,7050675,26035
1,cage,23,isSafe,1,1,0.0983422,38237,201,19.3201,11,968,0,0.000472773,0.00249477,0,0,0,0,1594,198,0.126098,0,0,0,0,0,0,0,0,0
1,cage,23,qpFixed,1,1,0.190336,30582,133,29.2649,2593,2593,0,5.24522e-05,0.00249477,0,0,0.00797849,0,130,77,1.02308,0,0,0,1,0,0,30582,8356050,28096
1,cage,23,qpPlain,1,1,0.199139,30582,133,29.2649,2593,2593,0,5.24522e-05,0.00249477,0,0,0.00797849,0,130,77,1.02308,0,0,0,1,0,0,30582,10489626,30582
1,cage,23,qpAdaptive,1,1,0.189955,27974,159,24.9351,1887,1887,0,5.03642e-05,0.00249477,0,0,0.0107052,0.179488,162,95,0.981481,0,0,0,0.819547,0.177022,0.00343176,27974,7676644,27511
1,cage,23,qpFreeGate,1,1,1.36989,282569,486,21.3398,2346,2346,0,0.00791568,0.00249477,0,0,0.00296979,0,2252,451,0.215808,0,0,0,1,0,0,0,0,0
1,cage,23,qpFreeEnvelope,1,1,0.166177,13825,438,19.3279,1005,1005,0,0.0040576,0.00249477,0,0,0.0550978,0.87349,2123,419,0.206312,0,0,0,0.0732247,0.810191,0.116584,0,0,0
1,cage,23,qpEnvelope,1,1,0.161266,22277,157,25.0458,1721,1721,0,2.25874e-05,0.00249477,0,0,0.0134543,0.146564,162,95,0.969136,0,0,0,0.852494,0.141895,0.00561117,22277,6029151,22113
1,cage,30,isSafe,1,1,0.10197,39693,207,18.7519,11,939,0,0.0176469,0.00249477,0,0,0,0,1657,203,0.124925,0,0,0,0,0,0,0,0,0
1,cage,30,qpFixed,1,1,0.153067,25041,127,34.0441,2821,2821,0,9.4395e-05,0.00249477,0,0,0.00867499,0,101,75,1.25743,0,0,0,1,0,0,25041,6621438,23083
1,cage,30,qpPlain,1,1,0.162163,25041,127,34.0441,2821,2821,0,9.4395e-05,0.00249477,0,0,0.00867499,0,101,75,1.25743,0,0,0,1,0,0,25041,8589063,25041
1,cage,30,qpAdaptive,1,1,0.113371,17000,124,34.1115,2368,2368,0,9.76411e-05,0.00249477,0,0,0.0127287,0.311882,101,72,1.22772,0,0,0,0.686353,0.309176,0.00447059,17000,4493644,16640
1,cage,30,qpFreeGate,1,1,0.335318,69528,142,18.7712,1646,1646,0,0.0130824,0.00249477,0,0,0.00359595,0,571,128,0.248687,0,0,0,1,0,0,0,0,0
1,cage,30,qpFreeEnvelope,1,1,0.0750481,6206,225,20.7452,1105,1105,0,0.000105648,0.00249477,0,0,0.0593977,0.922011,988,206,0.227733,0,0,0,0.038908,0.830472,0.13062,0,0,0
1,cage,30,qpEnvelope,1,1,0.0884151,12477,123,34.2593,2179,2179,0,5.25797e-05,0.00249477,0,0,0.017344,0.191953,101,71,1.21782,0,0,0,0.806684,0.185301,0.00801475,12477,3272165,12316
1,cage,37,isSafe,1,1,0.0539776,20987,107,16.5066,10,827,0,0.0105335,0.00249477,0,0,0,0,739,104,0.14479,0,0,0,0,0,0,0,0,0
1,cage,37,qpFixed,1,1,0.254312,40935,165,33.2084,2792,2792,0,4.24739e-06,0.00249477,0,0,0.00799787,0,174,101,0.948276,0,0,0,1,0,0,40935,11180490,38281
1,cage,37,qpPlain,1,1,0.267267,40935,165,33.2084,2792,2792,0,4.24739e-06,0.00249477,0,0,0.00799787,0,174,101,0.948276,0,0,0,1,0,0,40935,14040705,40935
1,cage,37,qpAdaptive,1,1,0.212526,31626,166,33.2451,2396,2396,0,4.21594e-06,0.00249477,0,0,0.0103477,0.168785,174,101,0.954023,0,0,0,0.829918,0.167046,0.00303548,31626,8632745,31172
1,cage,37,qpFreeGate,1,1,2.15184,444294,706,18.0155,2237,2237,0,0.00524954,0.00249477,0,0,0.0026819,0,3828,673,0.184431,0,0,0,1,0,0,0,0,0
1,cage,37,qpFreeEnvelope,1,1,0.106346,8842,286,26.5628,1421,1421,0,0.000515713,0.00249477,0,0,0.054381,0.912689,1358,270,0.210604,0,0,0,0.0416811,0.842512,0.115806,0,0,0
1,cage,37,qpEnvelope,1,1,0.181154,26020,167,33.3027,2225,2225,0,4.09206e-06,0.00249477,0,0,0.0126327,0.117487,174,103,0.95977,0,0,0,0.881668,0.113605,0.00472713,26020,7074332,25830
1,cage,44,isSafe,1,1,0.0894062,34725,179,14.3256,9,718,0,0.00389355,0.00249477,0,0,0,0,1333,175,0.134284,0,0,0,0,0,0,0,0,0
1,cage,44,qpFixed,1,1,0.0445188,7201,45,18.96,1594,1594,0,3.14588e-05,0.00249477,0,0,0.00919253,0,25,21,1.8,0,0,0,1,0,0,7201,2019453,6519
1,cage,44,qpPlain,1,1,0.0464446,7201,45,18.96,1594,1594,0,3.14588e-05,0.00249477,0,0,0.00919253,0,25,21,1.8,0,0,0,1,0,0,7201,2469943,7201
1,cage,44,qpAdaptive,1,1,0.0309137,4562,45,18.9636,1334,1334,0,3.11627e-05,0.00249477,0,0,0.0145334,0.35708,25,21,1.8,0,0,0,0.640289,0.353135,0.00657606,4562,1281077,4466
1,cage,44,qpFreeGate,1,0,10.0004,2056729,3111,0,0,0,0,inf,inf,0,0,0.00228061,0,20002,3074,0.155534,0,0,0,1,0,0,0,0,0
1,cage,44,qpFreeEnvelope,1,1,0.16149,13800,360,20.9596,1193,1193,0,0.000507767,0.00249477,0,0,0.0460431,0.935652,1863,342,0.193237,0,0,0,0.0307353,0.870882,0.0983824,0,0,0
1,cage,44,qpEnvelope,1,1,0.0219707,2969,45,19.0163,1197,1197,10,-0.000889369,0.00249477,0,0,0.0224434,0.329741,25,21,1.8,0,0,0,0.668238,0.318289,0.0134725,2969,836113,2936
1,cage,51,isSafe,1,1,0.0403988,15749,79,15.8146,9,792,0,0.00868298,0.00249477,0,0,0,0,483,75,0.163561,0,0,0,0,0,0,0,0,0
1,cage,51,qpFixed,1,1,0.0504027,8270,52,22.9309,2083,2083,0,0.00101498,0.00249477,0,0,0.00992108,0,29,25,1.7931,0,0,0,1,0,0,8270,2253574,7269
1,cage,51,qpPlain,1,1,0.0528405,8270,52,22.9309,2083,2083,0,0.00101498,0.00249477,0,0,0.00992108,0,29,25,1.7931,0,0,0,1,0,0,8270,2836610,8270
1,cage,51,qpAdaptive,1,1,0.0345241,5133,52,22.8617,1560,1560,0,0.000900315,0.00249477,0,0,0.0159777,0.420417,29,25,1.7931,0,0,0,0.57705,0.416131,0.00681862,5133,1431813,4973
1,cage,51,qpFreeGate,1,1,0.367566,76154,169,15.5577,1978,1978,0,0.00410911,0.00249477,0,0,0.00368624,0,601,149,0.281198,0,0,0,1,0,0,0,0,0
1,cage,51,qpFreeEnvelope,1,1,0.0493891,4096,172,15.6046,842,842,0,0.000249293,0.00249477,0,0,0.0658791,0.916016,601,153,0.28619,0,0,0,0.0392254,0.839623,0.121152,0,0,0
1,cage,51,qpEnvelope,1,1,0.0212014,2786,52,22.9311,1400,1400,0,0.000570961,0.00249477,0,0,0.0295824,0.451543,29,25,1.7931,0,0,0,0.545944,0.434673,0.0193826,2786,773123,2722
1,cage,58,isSafe,1,1,1.15166,433339,3006,26.2047,16,1312,0,0.000837431,0.00249477,0,0,0,0,27618,3002,0.108842,0,0,0,0,0,0,0,0,0
1,cage,58,qpFixed,1,1,0.0239696,4083,28,18.4759,1497,1497,0,0.00149917,0.00249477,0,0,0.00948129,0,14,11,2,0,0,0,1,0,0,4083,1018356,3428
1,cage,58,qpPlain,1,1,0.0255216,4083,28,18.4759,1497,1497,0,0.00149917,0.00249477,0,0,0.00948129,0,14,11,2,0,0,0,1,0,0,4083,1400469,4083
1,cage,58,qpAdaptive,1,1,0.0129404,2036,28,14.8449,983,983,0,0.0010857,0.00249477,0,0,0.0191025,0.468075,14,11,2,0,0,0,0.52947,0.459725,0.0108055,2036,498803,1951
1,cage,58,qpFreeGate,1,0,10.0001,2057063,3406,0,0,0,0,inf,inf,0,0,0.00228944,0,21139,3393,0.161124,0,0,0,1,0,0,0,0,0
1,cage,58,qpFreeEnvelope,1,1,2.17624,173672,5140,29.6707,1547,1547,0,0.00024547,0.00249477,0,0,0.0381272,0.906133,33042,5117,0.15556,0,0,0,0.0234233,0.866295,0.110282,0,0,0
1,cage,58,qpEnvelope,1,1,0.00848215,1205,31,14.8336,885,885,0,0.000843024,0.00249477,0,0,0.0323237,0.362656,14,11,2.21429,0,0,0,0.630705,0.343568,0.0257261,1205,291421,1179
1,cage,65,isSafe,1,1,0.470402,180880,1137,22.854,13,1144,0,0.00330882,0.00249477,0,0,0,0,10192,1134,0.111558,0,0,0,0,0,0,0,0,0
1,cage,65,qpFixed,1,1,0.0328752,5507,34,20.9076,1792,1792,0,0.000116588,0.00249477,0,0,0.00986986,0,19,15,1.78947,0,0,0,1,0,0,5507,1471070,4707
1,cage,65,qpPlain,1,1,0.0347396,5507,34,20.9076,1792,1792,0,0.000116588,0.00249477,0,0,0.00986986,0,19,15,1.78947,0,0,0,1,0,0,5507,1888901,5507
1,cage,65,qpAdaptive,1,1,0.206266,30714,175,27.0702,1859,1859,0,0.000665316,0.00249477,0,0,0.0109187,0.227877,175,108,1,0,0,0,0.770886,0.225825,0.0032884,30714,8443521,30040
1,cage,65,qpFreeGate,1,1,5.11094,1056079,1633,20.3497,2478,2478,0,0.000716515,0.00249477,0,0,0.00249978,0,9207,1595,0.177365,0,0,0,1,0,0,0,0,0
1,cage,65,qpFreeEnvelope,1,1,0.250126,20705,686,34.3454,1826,1826,0,0.00120678,0.00249477,0,0,0.0531594,0.886936,3475,653,0.19741,0,0,0,0.0536499,0.83145,0.114901,0,0,0
1,cage,65,qpEnvelope,1,1,0.0610804,8707,104,25.068,1460,1460,0,0.000598331,0.00249477,0,0,0.0194114,0.215574,72,53,1.44444,0,0,0,0.783278,0.20719,0.00953256,8707,2347044,8440
1,cage,72,isSafe,1,1,0.784688,296828,2028,22.8945,14,1146,0,0.000489208,0.00249477,0,0,0,0,19645,2024,0.103232,0,0,0,0,0,0,0,0,0
1,cage,72,qpFixed,1,1,0.176629,28833,124,25.4465,2244,2244,0,5.17158e-05,0.00249477,0,0,0.00798676,0,121,73,1.02479,0,0,0,1,0,0,28833,7550043,26434
1,cage,72,qpPlain,1,1,0.188576,28833,124,25.4465,2244,2244,0,5.17158e-05,0.00249477,0,0,0.00798676,0,121,73,1.02479,0,0,0,1,0,0,28833,9889719,28833
1,cage,72,qpAdaptive,1,1,0.145719,21815,126,25.4767,1853,1853,0,5.43885e-05,0.00249477,0,0,0.0106047,0.208068,121,74,1.04132,0,0,0,0.790786,0.206005,0.0032088,21815,5787650,21574
1,cage,72,qpFreeGate,1,1,1.74219,360754,608,19.3046,1946,1946,0,0.00291356,0.00249477,0,0,0.00302263,0,2923,583,0.208005,0,0,0,1,0,0,0,0,0
1,cage,72,qpFreeEnvelope,1,1,0.302135,25109,805,20.1384,1108,1108,0,0.000662365,0.00249477,0,0,0.0502352,0.898443,4072,766,0.197692,0,0,0,0.048815,0.840168,0.111017,0,0,0
1,cage,72,qpEnvelope,1,1,0.116516,16648,125,25.5754,1693,1693,0,9.1347e-05,0.00249477,0,0,0.0138681,0.159899,121,73,1.03306,0,0,0,0.83914,0.155274,0.00558626,16648,4397501,16556
1,cage,79,isSafe,1,1,0.179636,69146,384,13.4191,9,672,0,0.00646023,0.00249477,0,0,0,0,3666,380,0.104746,0,0,0,0,0,0,0,0,0
1,cage,79,qpFixed,1,1,0.211568,34293,158,23.5224,2063,2063,0,0.000167206,0.00249477,0,0,0.00818601,0,139,90,1.13669,0,0,0,1,0,0,34293,9348740,31511
1,cage,79,qpPlain,1,1,0.221908,34293,158,23.5224,2063,2063,0,0.000167206,0.00249477,0,0,0.00818601,0,139,90,1.13669,0,0,0,1,0,0,34293,11762499,34293
1,cage,79,qpAdaptive,1,1,0.204297,30266,184,28.0623,2077,2077,0,0.000151935,0.00249477,0,0,0.0112705,0.27483,180,107,1.02222,0,0,0,0.723485,0.272253,0.00426221,30266,8369455,29448
1,cage,79,qpFreeGate,1,1,9.2938,1915337,2932,29.1158,3019,3019,0,0.00370344,0.00249477,0,0,0.00231885,0,18870,2896,0.155379,0,0,0,1,0,0,0,0,0
1,cage,79,qpFreeEnvelope,1,1,0.337769,28794,767,20.6547,1104,1104,0,0.000571174,0.00249477,0,0,0.0438102,0.891193,4491,749,0.170786,0,0,0,0.0576588,0.834809,0.107533,0,0,0
1,cage,79,qpEnvelope,1,1,0.135999,18674,164,21.5493,1440,1440,0,0.000131853,0.00249477,0,0,0.0163097,0.231927,155,95,1.05806,0,0,0,0.766949,0.225447,0.00760416,18674,5183878,18463
1,cage,86,isSafe,0,0,0,0,0,0,0,0,0,inf,inf,0,0,0,0,0,0,0,0,0,0,0,0,0,0,0,0
1,cage,86,qpFixed,0,0,0,0,0,0,0,0,0,inf,inf,0,0,0,0,0,0,0,0,0,0,0,0,0,0,0,0
1,cage,86,qpPlain,0,0,0,0,0,0,0,0,0,inf,inf,0,0,0,0,0,0,0,0,0,0,0,0,0,0,0,0
1,cage,86,qpAdaptive,0,0,0,0,0,0,0,0,0,inf,inf,0,0,0,0,0,0,0,0,0,0,0,0,0,0,0,0
1,cage,86,qpFreeGate,0,0,0,0,0,0,0,0,0,inf,inf,0,0,0,0,0,0,0,0,0,0,0,0,0,0,0,0
1,cage,86,qpFreeEnvelope,0,0,0,0,0,0,0,0,0,inf,inf,0,0,0,0,0,0,0,0,0,0,0,0,0,0,0,0
1,cage,86,qpEnvelope,0,0,0,0,0,0,0,0,0,inf,inf,0,0,0,0,0,0,0,0,0,0,0,0,0,0,0,0
1,cage,93,isSafe,1,1,1.07934,403940,2952,11.2114,7,562,0,0.00252091,0.00249477,0,0,0,0,27308,2948,0.1081,0,0,0,0,0,0,0,0,0
1,cage,93,qpFixed,1,1,0.300027,48534,207,31.3872,2543,2543,0,3.30191e-06,0.00249477,0,0,0.00819769,0,210,132,0.985714,0,0,0,1,0,0,48534,12961743,43963
1,cage,93,qpPlain,1,1,0.313324,48534,207,31.3872,2543,2543,0,3.30191e-06,0.00249477,0,0,0.00819769,0,210,132,0.985714,0,0,0,1,0,0,48534,16647162,48534
1,cage,93,qpAdaptive,1,1,0.236535,35436,207,30.3825,2136,2136,0,2.05107e-05,0.00249477,0,0,0.0113156,0.20719,210,132,0.985714,0,0,0,0.791252,0.204939,0.00380979,35436,9443518,34663
1,cage,93,qpFreeGate,1,1,3.33794,689763,1146,26.1014,3447,3447,0,0.00205734,0.00249477,0,0,0.00268288,0,6317,1112,0.181415,0,0,0,1,0,0,0,0,0
1,cage,93,qpFreeEnvelope,1,1,0.281789,22987,724,26.8798,1426,1426,0,0.000415485,0.00249477,0,0,0.0513018,0.895332,4092,694,0.176931,0,0,0,0.0424497,0.835959,0.121591,0,0,0
1,cage,93,qpEnvelope,1,1,0.202413,29085,207,30.3723,1994,1994,0,1.99042e-05,0.00249477,0,0,0.0138192,0.144507,210,132,0.985714,0,0,0,0.854937,0.139561,0.00550131,29085,7709671,28648
1,cage,100,isSafe,1,1,0.0136351,5339,27,15.5551,9,779,0,0.00300992,0.00249477,0,0,0,0,115,23,0.234783,0,0,0,0,0,0,0,0,0
1,cage,100,qpFixed,1,1,0.0378539,6558,35,17.2844,1587,1587,0,0.000757705,0.00249477,0,0,0.00892512,0,22,17,1.59091,0,0,0,1,0,0,6558,1646899,5419
1,cage,100,qpPlain,1,1,0.0403301,6558,35,17.2844,1587,1587,0,0.000757705,0.00249477,0,0,0.00892512,0,22,17,1.59091,0,0,0,1,0,0,6558,2249394,6558
1,cage,100,qpAdaptive,1,1,0.0286123,4441,35,17.378,1264,1264,0,0.000697213,0.00249477,0,0,0.0132199,0.134204,22,17,1.59091,0,0,0,0.86467,0.130826,0.00450349,4441,1159926,4328
1,cage,100,qpFreeGate,1,1,1.25229,258777,463,17.4574,1689,1689,0,0.00300992,0.00249477,0,0,0.00300866,0,2470,450,0.187449,0,0,0,1,0,0,0,0,0
1,cage,100,qpFreeEnvelope,1,1,0.54836,43430,1473,20.7342,1102,1102,0,9.13948e-05,0.00205442,0,0,0.049067,0.896546,8874,1458,0.165991,0,0,0,0.0204356,0.861529,0.118036,0,0,0
1,cage,100,qpEnvelope,1,1,0.0273077,4161,34,15.357,1118,1118,0,0.000522852,0.00249477,0,0,0.0141735,0.0461428,22,17,1.54545,0,0,0,0.953377,0.0418169,0.00480654,4161,1089119,4119
1,bookshelf_tall,4,isSafe,0,0,0,0,0,0,0,0,0,inf,inf,0,0,0,0,0,0,0,0,0,0,0,0,0,0,0,0
1,bookshelf_tall,4,qpFixed,0,0,0,0,0,0,0,0,0,inf,inf,0,0,0,0,0,0,0,0,0,0,0,0,0,0,0,0
1,bookshelf_tall,4,qpPlain,0,0,0,0,0,0,0,0,0,inf,inf,0,0,0,0,0,0,0,0,0,0,0,0,0,0,0,0
1,bookshelf_tall,4,qpAdaptive,0,0,0,0,0,0,0,0,0,inf,inf,0,0,0,0,0,0,0,0,0,0,0,0,0,0,0,0
1,bookshelf_tall,4,qpFreeGate,0,0,0,0,0,0,0,0,0,inf,inf,0,0,0,0,0,0,0,0,0,0,0,0,0,0,0,0
1,bookshelf_tall,4,qpFreeEnvelope,0,0,0,0,0,0,0,0,0,inf,inf,0,0,0,0,0,0,0,0,0,0,0,0,0,0,0,0
1,bookshelf_tall,4,qpEnvelope,0,0,0,0,0,0,0,0,0,inf,inf,0,0,0,0,0,0,0,0,0,0,0,0,0,0,0,0
1,bookshelf_tall,11,isSafe,1,1,0.0654762,8454,44,18.2289,11,913,0,0.00277893,0.00249477,0,0,0,0,302,40,0.145695,0,0,0,0,0,0,0,0,0
1,bookshelf_tall,11,qpFixed,1,1,0.0141506,1048,10,7.32672,592,592,19,-7.71632e-05,0.00249477,0,0,0.0109232,0,2,2,5,0,0,0,1,0,0,1048,296327,959
1,bookshelf_tall,11,qpPlain,1,1,0.0144776,1048,10,7.32672,592,592,19,-7.71632e-05,0.00249477,0,0,0.0109232,0,2,2,5,0,0,0,1,0,0,1048,359464,1048
1,bookshelf_tall,11,qpAdaptive,1,1,0.00979373,678,10,7.33775,535,535,19,-7.73009e-05,0.00249477,0,0,0.0169212,0.272861,2,2,5,0,0,0,0.725664,0.264012,0.0103245,678,201041,659
1,bookshelf_tall,11,qpFreeGate,1,1,0.398151,34086,75,23.253,2317,2317,0,0.00315429,0.00249477,0,0,0.0037398,0,325,68,0.230769,0,0,0,1,0,0,0,0,0
1,bookshelf_tall,11,qpFreeEnvelope,1,1,0.0709181,2108,91,20.1328,1061,1061,0,0.00308542,0.00249477,0,0,0.062872,0.951613,338,71,0.269231,0,0,0,0.0101156,0.863198,0.126686,0,0,0
1,bookshelf_tall,11,qpEnvelope,1,1,0.00796806,517,10,7.35723,489,489,19,-7.46669e-05,0.00249477,0,0,0.0224056,0.189555,2,2,5,0,0,0,0.810445,0.176015,0.0135397,517,154771,508
1,bookshelf_tall,19,isSafe,1,1,0.0686527,9306,48,18.5083,11,927,0,0.00323182,0.00249477,0,0,0,0,222,43,0.216216,0,0,0,0,0,0,0,0,0
1,bookshelf_tall,19,qpFixed,1,1,0.0179433,1379,20,11.6871,885,885,0,0.00289156,0.00249477,0,0,0.012262,0,4,4,5,0,0,0,1,0,0,1379,393960,990
1,bookshelf_tall,19,qpPlain,1,1,0.0184536,1379,20,11.6871,885,885,0,0.00289156,0.00249477,0,0,0.012262,0,4,4,5,0,0,0,1,0,0,1379,472997,1379
1,bookshelf_tall,19,qpAdaptive,1,1,0.0115245,806,19,11.676,781,781,0,0.00284954,0.00249477,0,0,0.0209519,0.327543,4,4,4.75,0,0,0,0.666253,0.312655,0.0210918,806,240470,701
1,bookshelf_tall,19,qpFreeGate,1,1,0.0228888,2033,11,12.7981,1019,1019,0,0.0039392,0.00249477,0,0,0.0075624,0,11,6,1,0,0,0,1,0,0,0,0,0
1,bookshelf_tall,19,qpFreeEnvelope,1,1,0.00368653,106,11,12.9574,673,673,0,0.00395225,0.00249477,0,0,0.146338,0.990566,11,6,1,0,0,0,0,0.849057,0.150943,0,0,0
1,bookshelf_tall,19,qpEnvelope,1,1,0.00646388,406,16,11.6686,683,683,0,0.0012742,0.00249477,0,0,0.0409749,0.221675,4,4,4,0,0,0,0.768473,0.199507,0.0320197,406,123737,368
1,bookshelf_tall,27,isSafe,0,0,0,0,0,0,0,0,0,inf,inf,0,0,0,0,0,0,0,0,0,0,0,0,0,0,0,0
1,bookshelf_tall,27,qpFixed,0,0,0,0,0,0,0,0,0,inf,inf,0,0,0,0,0,0,0,0,0,0,0,0,0,0,0,0
1,bookshelf_tall,27,qpPlain,0,0,0,0,0,0,0,0,0,inf,inf,0,0,0,0,0,0,0,0,0,0,0,0,0,0,0,0
1,bookshelf_tall,27,qpAdaptive,0,0,0,0,0,0,0,0,0,inf,inf,0,0,0,0,0,0,0,0,0,0,0,0,0,0,0,0
1,bookshelf_tall,27,qpFreeGate,0,0,0,0,0,0,0,0,0,inf,inf,0,0,0,0,0,0,0,0,0,0,0,0,0,0,0,0
1,bookshelf_tall,27,qpFreeEnvelope,0,0,0,0,0,0,0,0,0,inf,inf,0,0,0,0,0,0,0,0,0,0,0,0,0,0,0,0
1,bookshelf_tall,27,qpEnvelope,0,0,0,0,0,0,0,0,0,inf,inf,0,0,0,0,0,0,0,0,0,0,0,0,0,0,0,0
1,bookshelf_tall,34,isSafe,0,0,0,0,0,0,0,0,0,inf,inf,0,0,0,0,0,0,0,0,0,0,0,0,0,0,0,0
1,bookshelf_tall,34,qpFixed,0,0,0,0,0,0,0,0,0,inf,inf,0,0,0,0,0,0,0,0,0,0,0,0,0,0,0,0
1,bookshelf_tall,34,qpPlain,0,0,0,0,0,0,0,0,0,inf,inf,0,0,0,0,0,0,0,0,0,0,0,0,0,0,0,0
1,bookshelf_tall,34,qpAdaptive,0,0,0,0,0,0,0,0,0,inf,inf,0,0,0,0,0,0,0,0,0,0,0,0,0,0,0,0
1,bookshelf_tall,34,qpFreeGate,0,0,0,0,0,0,0,0,0,inf,inf,0,0,0,0,0,0,0,0,0,0,0,0,0,0,0,0
1,bookshelf_tall,34,qpFreeEnvelope,0,0,0,0,0,0,0,0,0,inf,inf,0,0,0,0,0,0,0,0,0,0,0,0,0,0,0,0
1,bookshelf_tall,34,qpEnvelope,0,0,0,0,0,0,0,0,0,inf,inf,0,0,0,0,0,0,0,0,0,0,0,0,0,0,0,0
1,bookshelf_tall,41,isSafe,1,1,0.0116145,1575,10,13.4756,8,675,0,0.000339882,0.00249477,0,0,0,0,14,6,0.714286,0,0,0,0,0,0,0,0,0
1,bookshelf_tall,41,qpFixed,1,1,0.05842,4319,25,11.3632,981,981,0,0.000632067,0.00249477,0,0,0.00949094,0,14,12,1.78571,0,0,0,1,0,0,4319,1105393,3704
1,bookshelf_tall,41,qpPlain,1,1,0.0603549,4319,25,11.3632,981,981,0,0.000632067,0.00249477,0,0,0.00949094,0,14,12,1.78571,0,0,0,1,0,0,4319,1481417,4319
1,bookshelf_tall,41,qpAdaptive,1,1,0.041279,2909,25,11.3883,785,785,0,0.00061909,0.00249477,0,0,0.0141366,0.296666,14,12,1.78571,0,0,0,0.700584,0.293572,0.00584393,2909,771415,2793
1,bookshelf_tall,41,qpFreeGate,1,1,0.0385555,3427,14,13.5891,1314,1314,0,0.00346019,0.00249477,0,0,0.00578213,0,18,10,0.777778,0,0,0,1,0,0,0,0,0
1,bookshelf_tall,41,qpFreeEnvelope,1,1,0.0100947,310,30,14.6906,773,773,0,0.000593984,0.00249477,0,0,0.11866,0.925806,34,17,0.882353,0,0,0,0.0453074,0.796117,0.158576,0,0,0
1,bookshelf_tall,41,qpEnvelope,1,1,0.0303315,2011,24,11.4453,681,681,0,0.000488725,0.00249477,0,0,0.0205957,0.166584,14,12,1.71429,0,0,0,0.833416,0.157633,0.00895077,2011,541675,1971
1,bookshelf_tall,48,isSafe,1,0,10.0005,1167802,10868,0,0,0,0,inf,inf,0,0,0,0,99183,10866,0.109575,0,0,0,0,0,0,0,0,0
1,bookshelf_tall,48,qpFixed,1,0,10.0015,709806,1490,0,0,0,0,inf,inf,0,0,0.00584346,0,3131,1373,0.475886,0,0,0,1,0,0,709806,212028154,677562
1,bookshelf_tall,48,qpPlain,1,0,10.0003,712490,1495,0,0,0,0,inf,inf,0,0,0.00583933,0,3144,1378,0.475509,0,0,0,1,0,0,712490,244384070,712490
1,bookshelf_tall,48,qpAdaptive,1,0,10.0009,684534,1564,0,0,0,0,inf,inf,0,0,0.00640666,0.0587159,3360,1448,0.465476,0,0,0,0.941012,0.0580702,0.000917414,684534,205330386,676907
1,bookshelf_tall,48,qpFreeGate,1,0,10.0008,820109,1327,0,0,0,0,inf,inf,0,0,0.00260566,0,7345,1325,0.180667,0,0,0,1,0,0,0,0,0
1,bookshelf_tall,48,qpFreeEnvelope,1,0,10.0001,263933,14220,0,0,0,0,inf,inf,0,0,0.0566559,0.715375,89202,14215,0.159413,0,0,0,0.00376654,0.869843,0.126391,0,0,0
1,bookshelf_tall,48,qpEnvelope,1,0,10.0022,682642,1642,0,0,0,0,inf,inf,0,0,0.00675124,0.00889192,3557,1528,0.461625,0,0,0,0.991064,0.00791486,0.00102104,682642,204403026,680304
1,bookshelf_tall,55,isSafe,1,1,0.181479,24483,120,11.0814,7,556,0,0.001577,0.00249477,0,0,0,0,1058,117,0.113422,0,0,0,0,0,0,0,0,0
1,bookshelf_tall,55,qpFixed,1,1,0.00629625,496,6,6.68757,497,497,0,0.00235252,0.00249477,0,0,0.013483,0,1,1,6,0,0,0,1,0,0,496,142600,238
1,bookshelf_tall,55,qpPlain,1,1,0.00632235,496,6,6.68757,497,497,0,0.00235252,0.00249477,0,0,0.013483,0,1,1,6,0,0,0,1,0,0,496,170128,496
1,bookshelf_tall,55,qpAdaptive,1,1,0.00300601,214,6,6.68708,426,426,0,0.00235252,0.00249477,0,0,0.0312481,0.61215,1,1,6,0,0,0,0.38785,0.598131,0.0140187,214,66515,185
1,bookshelf_tall,55,qpFreeGate,1,1,0.22516,19822,56,11.4966,1310,1310,0,0.00044393,0.00249477,0,0,0.00379578,0,156,42,0.358974,0,0,0,1,0,0,0,0,0
1,bookshelf_tall,55,qpFreeEnvelope,1,1,0.019006,594,27,10.389,557,557,0,0.000363622,0.00249477,0,0,0.0689311,0.961279,89,21,0.303371,0,0,0,0.0187075,0.835034,0.146259,0,0,0
1,bookshelf_tall,55,qpEnvelope,1,1,0.00122596,75,6,6.7448,374,374,0,0.00235252,0.00249477,0,0,0.0899306,0.733333,1,1,6,0,0,0,0.253333,0.693333,0.0533333,75,23116,63
1,bookshelf_tall,62,isSafe,1,1,0.1159,15701,76,16.0157,10,802,0,0.00272261,0.00249477,0,0,0,0,484,72,0.157025,0,0,0,0,0,0,0,0,0
1,bookshelf_tall,62,qpFixed,1,1,0.0135166,1034,9,10.4841,882,882,0,0.00115367,0.00249477,0,0,0.0109827,0,2,2,4.5,0,0,0,1,0,0,1034,288828,503
1,bookshelf_tall,62,qpPlain,1,1,0.0134695,1034,9,10.4841,882,882,0,0.00115367,0.00249477,0,0,0.0109827,0,2,2,4.5,0,0,0,1,0,0,1034,354662,1034
1,bookshelf_tall,62,qpAdaptive,1,1,0.00777108,535,9,10.4841,700,700,0,0.0011516,0.00249477,0,0,0.0212264,0.188785,2,2,4.5,0,0,0,0.809346,0.179439,0.011215,535,163654,485
1,bookshelf_tall,62,qpFreeGate,1,1,0.426066,37776,103,22.3813,1982,1982,0,0.00272261,0.00249477,0,0,0.00464309,0,395,95,0.260759,0,0,0,1,0,0,0,0,0
1,bookshelf_tall,62,qpFreeEnvelope,1,1,0.0775449,2415,102,18.5603,972,972,0,0.000393662,0.00249477,0,0,0.0711536,0.93913,390,91,0.261538,0,0,0,0.0351612,0.868983,0.095856,0,0,0
1,bookshelf_tall,62,qpEnvelope,1,1,0.00437209,284,9,10.4878,598,598,0,0.00117452,0.00249477,0,0,0.0399963,0.278169,2,2,4.5,0,0,0,0.721831,0.253521,0.0246479,284,86765,268
1,bookshelf_tall,70,isSafe,1,1,0.0140604,1908,12,12.2364,8,613,0,0.000148181,0.00249477,0,0,0,0,51,8,0.235294,0,0,0,0,0,0,0,0,0
1,bookshelf_tall,70,qpFixed,1,1,0.0649162,4744,27,12.6626,1048,1048,0,0.000393805,0.00249477,0,0,0.00870128,0,11,11,2.45455,0,0,0,1,0,0,4744,1310926,4594
1,bookshelf_tall,70,qpPlain,1,1,0.0643628,4744,27,12.6626,1048,1048,0,0.000393805,0.00249477,0,0,0.00870128,0,11,11,2.45455,0,0,0,1,0,0,4744,1627192,4744
1,bookshelf_tall,70,qpAdaptive,1,1,0.0442259,3149,27,12.6699,925,925,0,0.000393805,0.00249477,0,0,0.0131063,0.325183,11,11,2.45455,0,0,0,0.672277,0.322325,0.00539854,3149,896152,3132
1,bookshelf_tall,70,qpFreeGate,1,1,0.445375,39770,66,26.4548,2879,2879,0,0.000159789,0.00249477,0,0,0.00292053,0,333,59,0.198198,0,0,0,1,0,0,0,0,0
1,bookshelf_tall,70,qpFreeEnvelope,1,1,0.0433912,1396,57,24.6292,1344,1344,0,0.000159529,0.00249477,0,0,0.0574166,0.930516,208,43,0.274038,0,0,0,0.0254916,0.852149,0.12236,0,0,0
1,bookshelf_tall,70,qpEnvelope,1,1,0.0366233,2522,27,12.6922,852,852,0,0.000377413,0.00249477,0,0,0.0163939,0.231562,11,11,2.45455,0,0,0,0.767645,0.225218,0.00713719,2522,725255,2514
1,bookshelf_tall,77,isSafe,1,1,0.0944076,11805,60,14.6454,9,734,0,0.00662253,0.00249477,0,0,0,0,412,56,0.145631,0,0,0,0,0,0,0,0,0
1,bookshelf_tall,77,qpFixed,1,1,0.0212918,1506,18,12.7124,1097,1097,0,0.000347143,0.00249477,0,0,0.00980964,0,4,3,4.5,0,0,0,1,0,0,1506,436624,1249
1,bookshelf_tall,77,qpPlain,1,1,0.0217087,1506,18,12.7124,1097,1097,0,0.000347143,0.00249477,0,0,0.00980964,0,4,3,4.5,0,0,0,1,0,0,1506,516558,1506
1,bookshelf_tall,77,qpAdaptive,1,1,0.0149216,960,19,12.7745,896,896,0,0.000341014,0.00249477,0,0,0.0154481,0.151042,4,3,4.75,0,0,0,0.84375,0.140625,0.015625,960,289106,918
1,bookshelf_tall,77,qpFreeGate,1,1,0.209215,17420,40,17.5054,1590,1590,0,0.00662253,0.00249477,0,0,0.00368752,0,139,35,0.28777,0,0,0,1,0,0,0,0,0
1,bookshelf_tall,77,qpFreeEnvelope,1,1,0.0385946,1084,44,15.4314,807,807,0,0.00662253,0.00249477,0,0,0.0693085,0.941882,180,40,0.244444,0,0,0,0.0149533,0.83271,0.152336,0,0,0
1,bookshelf_tall,77,qpEnvelope,1,1,0.0127605,798,18,12.8905,828,828,0,0.000305406,0.00249477,0,0,0.0187037,0.0877193,4,3,4.5,0,0,0,0.907268,0.075188,0.0175439,798,239847,780
1,bookshelf_tall,84,isSafe,1,1,0.00600343,812,7,8.03249,6,403,0,3.42729e-05,0.00249477,0,0,0,0,4,2,1.75,0,0,0,0,0,0,0,0,0
1,bookshelf_tall,84,qpFixed,1,1,0.0037453,298,5,4.15334,299,299,0,3.42729e-05,0.00249477,0,0,0.0139374,0,1,1,5,0,0,0,1,0,0,298,82596,212
1,bookshelf_tall,84,qpPlain,1,1,0.00388302,298,5,4.15334,299,299,0,3.42729e-05,0.00249477,0,0,0.0139374,0,1,1,5,0,0,0,1,0,0,298,102214,298
1,bookshelf_tall,84,qpAdaptive,1,1,0.00178046,129,5,4.15348,270,270,0,3.42729e-05,0.00249477,0,0,0.0321975,0.806202,1,1,5,0,0,0,0.193798,0.782946,0.0232558,129,38383,116
1,bookshelf_tall,84,qpFreeGate,1,1,0.106383,9505,35,12.7322,958,958,0,3.42729e-05,0.00249477,0,0,0.00489797,0,66,20,0.530303,0,0,0,1,0,0,0,0,0
1,bookshelf_tall,84,qpFreeEnvelope,1,1,0.015125,508,30,13.0486,699,699,0,3.42729e-05,0.00249477,0,0,0.0690018,0.915354,56,16,0.535714,0,0,0,0.061753,0.798805,0.139442,0,0,0
1,bookshelf_tall,84,qpEnvelope,1,1,0.000825418,50,6,4.18443,236,236,0,3.42729e-05,0.00249477,0,0,0.0836887,0.72,1,1,6,0,0,0,0.24,0.68,0.08,50,14924,45
1,bookshelf_tall,91,isSafe,1,1,0.369353,49700,264,16.5103,10,827,0,0.0019521,0.00249477,0,0,0,0,2813,259,0.09385,0,0,0,0,0,0,0,0,0
1,bookshelf_tall,91,qpFixed,1,1,0.00797137,645,7,9.06522,646,646,0,0.00279803,0.00249477,0,0,0.0140546,0,1,1,7,0,0,0,1,0,0,645,182828,312
1,bookshelf_tall,91,qpPlain,1,1,0.00828095,645,7,9.06522,646,646,0,0.00279803,0.00249477,0,0,0.0140546,0,1,1,7,0,0,0,1,0,0,645,221235,645
1,bookshelf_tall,91,qpAdaptive,1,1,0.00457351,329,7,9.0656,568,568,0,0.00278972,0.00249477,0,0,0.027555,0.340426,1,1,7,0,0,0,0.659574,0.331307,0.00911854,329,100313,295
1,bookshelf_tall,91,qpFreeGate,1,1,0.32817,29005,72,14.2945,1445,1445,0,0.00180864,0.00249477,0,0,0.00381219,0,284,65,0.253521,0,0,0,1,0,0,0,0,0
1,bookshelf_tall,91,qpFreeEnvelope,1,1,0.0668975,2034,88,15.4806,867,867,0,4.58079e-06,0.00249477,0,0,0.0653217,0.90708,352,82,0.25,0,0,0,0.0394015,0.829925,0.130673,0,0,0
1,bookshelf_tall,91,qpEnvelope,1,1,0.00305979,205,7,9.09455,533,533,0,0.00255362,0.00249477,0,0,0.0443637,0.239024,1,1,7,0,0,0,0.760976,0.219512,0.0195122,205,62624,192
1,bookshelf_tall,100,isSafe,0,0,0,0,0,0,0,0,0,inf,inf,0,0,0,0,0,0,0,0,0,0,0,0,0,0,0,0
1,bookshelf_tall,100,qpFixed,0,0,0,0,0,0,0,0,0,inf,inf,0,0,0,0,0,0,0,0,0,0,0,0,0,0,0,0
1,bookshelf_tall,100,qpPlain,0,0,0,0,0,0,0,0,0,inf,inf,0,0,0,0,0,0,0,0,0,0,0,0,0,0,0,0
1,bookshelf_tall,100,qpAdaptive,0,0,0,0,0,0,0,0,0,inf,inf,0,0,0,0,0,0,0,0,0,0,0,0,0,0,0,0
1,bookshelf_tall,100,qpFreeGate,0,0,0,0,0,0,0,0,0,inf,inf,0,0,0,0,0,0,0,0,0,0,0,0,0,0,0,0
1,bookshelf_tall,100,qpFreeEnvelope,0,0,0,0,0,0,0,0,0,inf,inf,0,0,0,0,0,0,0,0,0,0,0,0,0,0,0,0
1,bookshelf_tall,100,qpEnvelope,0,0,0,0,0,0,0,0,0,inf,inf,0,0,0,0,0,0,0,0,0,0,0,0,0,0,0,0
1,bookshelf_thin,7,isSafe,0,0,0,0,0,0,0,0,0,inf,inf,0,0,0,0,0,0,0,0,0,0,0,0,0,0,0,0
1,bookshelf_thin,7,qpFixed,0,0,0,0,0,0,0,0,0,inf,inf,0,0,0,0,0,0,0,0,0,0,0,0,0,0,0,0
1,bookshelf_thin,7,qpPlain,0,0,0,0,0,0,0,0,0,inf,inf,0,0,0,0,0,0,0,0,0,0,0,0,0,0,0,0
1,bookshelf_thin,7,qpAdaptive,0,0,0,0,0,0,0,0,0,inf,inf,0,0,0,0,0,0,0,0,0,0,0,0,0,0,0,0
1,bookshelf_thin,7,qpFreeGate,0,0,0,0,0,0,0,0,0,inf,inf,0,0,0,0,0,0,0,0,0,0,0,0,0,0,0,0
1,bookshelf_thin,7,qpFreeEnvelope,0,0,0,0,0,0,0,0,0,inf,inf,0,0,0,0,0,0,0,0,0,0,0,0,0,0,0,0
1,bookshelf_thin,7,qpEnvelope,0,0,0,0,0,0,0,0,0,inf,inf,0,0,0,0,0,0,0,0,0,0,0,0,0,0,0,0
1,bookshelf_thin,14,isSafe,1,1,0.0573903,5924,30,7.85283,5,394,0,0.00268954,0.00249477,0,0,0,0,135,27,0.222222,0,0,0,0,0,0,0,0,0
1,bookshelf_thin,14,qpFixed,1,1,0.00555686,387,8,5.77631,388,388,0,0.00155395,0.00249477,0,0,0.0149259,0,1,1,8,0,0,0,1,0,0,387,101863,189
1,bookshelf_thin,14,qpPlain,1,1,0.00583704,387,8,5.77631,388,388,0,0.00155395,0.00249477,0,0,0.0149259,0,1,1,8,0,0,0,1,0,0,387,132741,387
1,bookshelf_thin,14,qpAdaptive,1,1,0.00257755,170,9,5.7956,342,342,0,0.00156354,0.00249477,0,0,0.0340918,0.323529,1,1,9,0,0,0,0.652941,0.305882,0.0411765,170,42216,128
1,bookshelf_thin,14,qpFreeGate,1,1,0.220029,16273,48,11.1645,949,949,0,0.00138881,0.00249477,0,0,0.00465496,0,135,41,0.355556,0,0,0,1,0,0,0,0,0
1,bookshelf_thin,14,qpFreeEnvelope,1,1,0.0316502,827,31,22.6134,1181,1181,0,0.000994069,0.00249477,0,0,0.0618824,0.952842,101,26,0.306931,0,0,0,0.0231707,0.854878,0.121951,0,0,0
1,bookshelf_thin,14,qpEnvelope,1,1,0.0286889,1732,40,6.40628,356,356,0,0.00122147,0.00249477,0,0,0.0216523,0.0946882,12,11,3.33333,0,0,0,0.90358,0.0785219,0.0178984,1732,489933,1552
1,bookshelf_thin,21,isSafe,1,1,0.146265,15093,75,14.1947,9,711,0,0.00143336,0.00249477,0,0,0,0,552,71,0.13587,0,0,0,0,0,0,0,0,0
1,bookshelf_thin,21,qpFixed,1,1,0.0179928,1249,14,6.84454,547,547,0,0.00141945,0.00249477,0,0,0.0131382,0,3,3,4.66667,0,0,0,1,0,0,1249,324188,667
1,bookshelf_thin,21,qpPlain,1,1,0.0189608,1249,14,6.84454,547,547,0,0.00141945,0.00249477,0,0,0.0131382,0,3,3,4.66667,0,0,0,1,0,0,1249,428407,1249
1,bookshelf_thin,21,qpAdaptive,1,1,0.0064016,405,16,6.86923,445,445,0,0.00142014,0.00249477,0,0,0.0406059,0.51358,3,3,5.33333,0,0,0,0.481481,0.481481,0.037037,405,109746,338
1,bookshelf_thin,21,qpFreeGate,1,1,0.194387,14350,54,12.0793,986,986,0,0.000197377,0.00249477,0,0,0.00589881,0,160,48,0.3375,0,0,0,1,0,0,0,0,0
1,bookshelf_thin,21,qpFreeEnvelope,1,1,0.023465,611,33,17.2467,903,903,0,0.00114107,0.00249477,0,0,0.0868499,0.880524,85,28,0.388235,0,0,0,0.0742574,0.830033,0.0957096,0,0,0
1,bookshelf_thin,21,qpEnvelope,1,1,0.00396059,230,12,6.87357,384,384,0,0.00142055,0.00249477,0,0,0.0717403,0.295652,3,3,4,0,0,0,0.704348,0.247826,0.0478261,230,62429,206
1,bookshelf_thin,28,isSafe,1,1,0.15884,16361,78,11.4399,7,573,0,0.000388607,0.00249477,0,0,0,0,486,75,0.160494,0,0,0,0,0,0,0,0,0
1,bookshelf_thin,28,qpFixed,1,1,0.00813679,557,7,6.7253,558,558,0,0.000627127,0.00249477,0,0,0.0120742,0,1,1,7,0,0,0,1,0,0,557,150519,275
1,bookshelf_thin,28,qpPlain,1,1,0.00846838,557,7,6.7253,558,558,0,0.000627127,0.00249477,0,0,0.0120742,0,1,1,7,0,0,0,1,0,0,557,191051,557
1,bookshelf_thin,28,qpAdaptive,1,1,0.00437538,270,7,6.72116,484,484,0,0.000627127,0.00249477,0,0,0.0248932,0.262963,1,1,7,0,0,0,0.737037,0.248148,0.0148148,270,75696,234
1,bookshelf_thin,28,qpFreeGate,1,1,0.331642,24438,64,26.3654,2129,2129,0,0.00568707,0.00249477,0,0,0.00385015,0,196,49,0.326531,0,0,0,1,0,0,0,0,0
1,bookshelf_thin,28,qpFreeEnvelope,1,1,0.0604387,1491,62,17.5087,907,907,0,0.00568707,0.00249477,0,0,0.0707296,0.965795,202,53,0.306931,0,0,0,0.00540906,0.866802,0.127789,0,0,0
1,bookshelf_thin,28,qpEnvelope,1,1,0.00367933,218,7,6.73117,460,460,0,0.000636605,0.00249477,0,0,0.0308769,0.16055,1,1,7,0,0,0,0.83945,0.142202,0.0183486,218,60344,203
1,bookshelf_thin,35,isSafe,0,0,0,0,0,0,0,0,0,inf,inf,0,0,0,0,0,0,0,0,0,0,0,0,0,0,0,0
1,bookshelf_thin,35,qpFixed,0,0,0,0,0,0,0,0,0,inf,inf,0,0,0,0,0,0,0,0,0,0,0,0,0,0,0,0
1,bookshelf_thin,35,qpPlain,0,0,0,0,0,0,0,0,0,inf,inf,0,0,0,0,0,0,0,0,0,0,0,0,0,0,0,0
1,bookshelf_thin,35,qpAdaptive,0,0,0,0,0,0,0,0,0,inf,inf,0,0,0,0,0,0,0,0,0,0,0,0,0,0,0,0
1,bookshelf_thin,35,qpFreeGate,0,0,0,0,0,0,0,0,0,inf,inf,0,0,0,0,0,0,0,0,0,0,0,0,0,0,0,0
1,bookshelf_thin,35,qpFreeEnvelope,0,0,0,0,0,0,0,0,0,inf,inf,0,0,0,0,0,0,0,0,0,0,0,0,0,0,0,0
1,bookshelf_thin,35,qpEnvelope,0,0,0,0,0,0,0,0,0,inf,inf,0,0,0,0,0,0,0,0,0,0,0,0,0,0,0,0
1,bookshelf_thin,42,isSafe,0,0,0,0,0,0,0,0,0,inf,inf,0,0,0,0,0,0,0,0,0,0,0,0,0,0,0,0
1,bookshelf_thin,42,qpFixed,0,0,0,0,0,0,0,0,0,inf,inf,0,0,0,0,0,0,0,0,0,0,0,0,0,0,0,0
1,bookshelf_thin,42,qpPlain,0,0,0,0,0,0,0,0,0,inf,inf,0,0,0,0,0,0,0,0,0,0,0,0,0,0,0,0
1,bookshelf_thin,42,qpAdaptive,0,0,0,0,0,0,0,0,0,inf,inf,0,0,0,0,0,0,0,0,0,0,0,0,0,0,0,0
1,bookshelf_thin,42,qpFreeGate,0,0,0,0,0,0,0,0,0,inf,inf,0,0,0,0,0,0,0,0,0,0,0,0,0,0,0,0
1,bookshelf_thin,42,qpFreeEnvelope,0,0,0,0,0,0,0,0,0,inf,inf,0,0,0,0,0,0,0,0,0,0,0,0,0,0,0,0
1,bookshelf_thin,42,qpEnvelope,0,0,0,0,0,0,0,0,0,inf,inf,0,0,0,0,0,0,0,0,0,0,0,0,0,0,0,0
1,bookshelf_thin,49,isSafe,0,0,0,0,0,0,0,0,0,inf,inf,0,0,0,0,0,0,0,0,0,0,0,0,0,0,0,0
1,bookshelf_thin,49,qpFixed,0,0,0,0,0,0,0,0,0,inf,inf,0,0,0,0,0,0,0,0,0,0,0,0,0,0,0,0
1,bookshelf_thin,49,qpPlain,0,0,0,0,0,0,0,0,0,inf,inf,0,0,0,0,0,0,0,0,0,0,0,0,0,0,0,0
1,bookshelf_thin,49,qpAdaptive,0,0,0,0,0,0,0,0,0,inf,inf,0,0,0,0,0,0,0,0,0,0,0,0,0,0,0,0
1,bookshelf_thin,49,qpFreeGate,0,0,0,0,0,0,0,0,0,inf,inf,0,0,0,0,0,0,0,0,0,0,0,0,0,0,0,0
1,bookshelf_thin,49,qpFreeEnvelope,0,0,0,0,0,0,0,0,0,inf,inf,0,0,0,0,0,0,0,0,0,0,0,0,0,0,0,0
1,bookshelf_thin,49,qpEnvelope,0,0,0,0,0,0,0,0,0,inf,inf,0,0,0,0,0,0,0,0,0,0,0,0,0,0,0,0
1,bookshelf_thin,56,isSafe,1,1,0.0449175,4632,24,15.3858,9,771,0,0.00605226,0.00249477,0,0,0,0,90,20,0.266667,0,0,0,0,0,0,0,0,0
1,bookshelf_thin,56,qpFixed,1,1,0.00739672,502,6,7.04377,571,571,0,0.00281041,0.00249477,0,0,0.0140314,0,1,1,6,0,0,0,1,0,0,502,137682,256
1,bookshelf_thin,56,qpPlain,1,1,0.0076932,502,6,7.04377,571,571,0,0.00281041,0.00249477,0,0,0.0140314,0,1,1,6,0,0,0,1,0,0,502,172186,502
1,bookshelf_thin,56,qpAdaptive,1,1,0.00401405,245,6,7.07472,471,471,0,0.00275463,0.00249477,0,0,0.0288764,0.257143,1,1,6,0,0,0,0.742857,0.244898,0.0122449,245,70134,214
1,bookshelf_thin,56,qpFreeGate,1,1,0.146105,10838,34,17.058,1325,1325,0,0.00604206,0.00249477,0,0,0.00498333,0,90,29,0.377778,0,0,0,1,0,0,0,0,0
1,bookshelf_thin,56,qpFreeEnvelope,1,1,0.0245098,571,33,17.4108,893,893,0,0.00605139,0.00249477,0,0,0.0990421,0.989492,90,29,0.366667,0,0,0,0,0.826011,0.173989,0,0,0
1,bookshelf_thin,56,qpEnvelope,1,1,0.00257563,143,6,7.11985,422,422,0,0.002889,0.00249477,0,0,0.0497891,0.286713,1,1,6,0,0,0,0.713287,0.265734,0.020979,143,41020,129
1,bookshelf_thin,63,isSafe,1,1,0.0857025,8070,42,16.4637,10,825,0,0.00080824,0.00249477,0,0,0,0,192,38,0.21875,0,0,0,0,0,0,0,0,0
1,bookshelf_thin,63,qpFixed,1,1,0.0302293,1984,16,14.6478,1187,1187,0,0.000707384,0.00249477,0,0,0.0118174,0,5,5,3.2,0,0,0,1,0,0,1984,508325,1151
1,bookshelf_thin,63,qpPlain,1,1,0.0320189,1984,16,14.6478,1187,1187,0,0.000707384,0.00249477,0,0,0.0118174,0,5,5,3.2,0,0,0,1,0,0,1984,680512,1984
1,bookshelf_thin,63,qpAdaptive,1,1,0.0136954,840,16,14.6672,947,947,0,0.000708559,0.00249477,0,0,0.0279617,0.504762,5,5,3.2,0,0,0,0.494048,0.491667,0.0142857,840,212679,712
1,bookshelf_thin,63,qpFreeGate,1,1,0.245986,17090,52,15.8042,1356,1356,0,0.00148453,0.00249477,0,0,0.00449643,0,145,40,0.358621,0,0,0,1,0,0,0,0,0
1,bookshelf_thin,63,qpFreeEnvelope,1,1,0.0435703,1001,42,15.9965,826,826,0,0.00165149,0.00249477,0,0,0.0721284,0.963037,134,36,0.313433,0,0,0,0.0220441,0.847695,0.130261,0,0,0
1,bookshelf_thin,63,qpEnvelope,1,1,0.00409975,231,7,7.73456,502,502,0,0.000709106,0.00249477,0,0,0.0334829,0.324675,1,1,7,0,0,0,0.675325,0.30303,0.021645,231,59456,210
1,bookshelf_thin,70,isSafe,0,0,0,0,0,0,0,0,0,inf,inf,0,0,0,0,0,0,0,0,0,0,0,0,0,0,0,0
1,bookshelf_thin,70,qpFixed,0,0,0,0,0,0,0,0,0,inf,inf,0,0,0,0,0,0,0,0,0,0,0,0,0,0,0,0
1,bookshelf_thin,70,qpPlain,0,0,0,0,0,0,0,0,0,inf,inf,0,0,0,0,0,0,0,0,0,0,0,0,0,0,0,0
1,bookshelf_thin,70,qpAdaptive,0,0,0,0,0,0,0,0,0,inf,inf,0,0,0,0,0,0,0,0,0,0,0,0,0,0,0,0
1,bookshelf_thin,70,qpFreeGate,0,0,0,0,0,0,0,0,0,inf,inf,0,0,0,0,0,0,0,0,0,0,0,0,0,0,0,0
1,bookshelf_thin,70,qpFreeEnvelope,0,0,0,0,0,0,0,0,0,inf,inf,0,0,0,0,0,0,0,0,0,0,0,0,0,0,0,0
1,bookshelf_thin,70,qpEnvelope,0,0,0,0,0,0,0,0,0,inf,inf,0,0,0,0,0,0,0,0,0,0,0,0,0,0,0,0
1,bookshelf_thin,78,isSafe,0,0,0,0,0,0,0,0,0,inf,inf,0,0,0,0,0,0,0,0,0,0,0,0,0,0,0,0
1,bookshelf_thin,78,qpFixed,0,0,0,0,0,0,0,0,0,inf,inf,0,0,0,0,0,0,0,0,0,0,0,0,0,0,0,0
1,bookshelf_thin,78,qpPlain,0,0,0,0,0,0,0,0,0,inf,inf,0,0,0,0,0,0,0,0,0,0,0,0,0,0,0,0
1,bookshelf_thin,78,qpAdaptive,0,0,0,0,0,0,0,0,0,inf,inf,0,0,0,0,0,0,0,0,0,0,0,0,0,0,0,0
1,bookshelf_thin,78,qpFreeGate,0,0,0,0,0,0,0,0,0,inf,inf,0,0,0,0,0,0,0,0,0,0,0,0,0,0,0,0
1,bookshelf_thin,78,qpFreeEnvelope,0,0,0,0,0,0,0,0,0,inf,inf,0,0,0,0,0,0,0,0,0,0,0,0,0,0,0,0
1,bookshelf_thin,78,qpEnvelope,0,0,0,0,0,0,0,0,0,inf,inf,0,0,0,0,0,0,0,0,0,0,0,0,0,0,0,0
1,bookshelf_thin,85,isSafe,1,1,0.22393,21094,107,19.4788,11,975,0,0.0073417,0.00249477,0,0,0,0,666,104,0.160661,0,0,0,0,0,0,0,0,0
1,bookshelf_thin,85,qpFixed,1,1,0.0142832,856,9,9.97597,859,859,0,0.000118076,0.00249477,0,0,0.0116542,0,1,1,9,0,0,0,1,0,0,856,243445,597
1,bookshelf_thin,85,qpPlain,1,1,0.0147072,856,9,9.97597,859,859,0,0.000118076,0.00249477,0,0,0.0116542,0,1,1,9,0,0,0,1,0,0,856,293608,856
1,bookshelf_thin,85,qpAdaptive,1,1,0.0110529,609,9,9.97909,803,803,0,0.000118076,0.00249477,0,0,0.016386,0.0525452,1,1,9,0,0,0,0.947455,0.045977,0.00656814,609,180329,586
1,bookshelf_thin,85,qpFreeGate,1,1,0.625197,43181,103,20.4818,2060,2060,0,0.00144974,0.00249477,0,0,0.0037853,0,329,91,0.31307,0,0,0,1,0,0,0,0,0
1,bookshelf_thin,85,qpFreeEnvelope,1,1,0.104986,2419,95,17.3413,932,932,0,5.75015e-06,0.00249477,0,0,0.0642386,0.935097,347,87,0.273775,0,0,0,0.0325271,0.83945,0.128023,0,0,0
1,bookshelf_thin,85,qpEnvelope,1,1,0.00950598,508,9,9.98411,756,756,0,0.000114985,0.00249477,0,0,0.0196538,0.0748031,1,1,9,0,0,0,0.925197,0.0669291,0.00787402,508,149664,497
1,bookshelf_thin,92,isSafe,1,1,0.026234,2714,16,16.3782,10,820,0,0.00407539,0.00249477,0,0,0,0,35,10,0.457143,0,0,0,0,0,0,0,0,0
1,bookshelf_thin,92,qpFixed,1,1,0.0233646,1507,10,11.4976,943,943,0,0.000549715,0.00249477,0,0,0.00934939,0,4,3,2.5,0,0,0,1,0,0,1507,375327,1217
1,bookshelf_thin,92,qpPlain,1,1,0.0250312,1507,10,11.4976,943,943,0,0.000549715,0.00249477,0,0,0.00934939,0,4,3,2.5,0,0,0,1,0,0,1507,516901,1507
1,bookshelf_thin,92,qpAdaptive,1,1,0.0159554,957,10,11.5003,776,776,0,0.000549649,0.00249477,0,0,0.0147261,0.296761,4,3,2.5,0,0,0,0.702194,0.290491,0.00731452,957,234690,923
1,bookshelf_thin,92,qpFreeGate,1,1,0.0586648,4354,22,13.6415,1046,1046,0,0.00407539,0.00249477,0,0,0.00677461,0,33,12,0.666667,0,0,0,1,0,0,0,0,0
1,bookshelf_thin,92,qpFreeEnvelope,1,1,0.0108717,262,24,14.7703,763,763,0,0.00407539,0.00249477,0,0,0.122305,0.961832,34,14,0.705882,0,0,0,0,0.857143,0.142857,0,0,0
1,bookshelf_thin,92,qpEnvelope,1,1,0.0176515,1033,16,14.9412,915,915,0,0.000396033,0.00249477,0,0,0.0219809,0.227493,7,6,2.28571,0,0,0,0.769603,0.214908,0.0154889,1033,255102,1001
1,bookshelf_thin,99,isSafe,1,0,10.0007,990716,8941,0,0,0,0,inf,inf,0,0,0,0,72949,8939,0.122565,0,0,0,0,0,0,0,0,0
1,bookshelf_thin,99,qpFixed,1,0,10.0022,649398,1356,0,0,0,0,inf,inf,0,0,0.0059384,0,2821,1249,0.480681,0,0,0,1,0,0,649398,192278182,613270
1,bookshelf_thin,99,qpPlain,1,0,10.0016,645712,1350,0,0,0,0,inf,inf,0,0,0.00594105,0,2803,1243,0.481627,0,0,0,1,0,0,645712,221479216,645712
1,bookshelf_thin,99,qpAdaptive,1,0,10.0034,625142,1421,0,0,0,0,inf,inf,0,0,0.00650722,0.04753,3013,1314,0.471623,0,0,0,0.952254,0.0468406,0.000905394,625142,185856820,617609
1,bookshelf_thin,99,qpFreeGate,1,0,10.0004,732496,1292,0,0,0,0,inf,inf,0,0,0.00285336,0,6420,1288,0.201246,0,0,0,1,0,0,0,0,0
1,bookshelf_thin,99,qpFreeEnvelope,1,0,10.0001,225503,13677,0,0,0,0,inf,inf,0,0,0.0641893,0.695286,80096,13670,0.170758,0,0,0,0.00206467,0.86452,0.133415,0,0,0
1,bookshelf_thin,99,qpEnvelope,1,0,10,622925,1463,0,0,0,0,inf,inf,0,0,0.00673384,0.00540193,3122,1349,0.46861,0,0,0,0.994576,0.00450134,0.000923065,622925,185576267,620523
1,table_under_pick,6,isSafe,0,0,0,0,0,0,0,0,0,inf,inf,0,0,0,0,0,0,0,0,0,0,0,0,0,0,0,0
1,table_under_pick,6,qpFixed,0,0,0,0,0,0,0,0,0,inf,inf,0,0,0,0,0,0,0,0,0,0,0,0,0,0,0,0
1,table_under_pick,6,qpPlain,0,0,0,0,0,0,0,0,0,inf,inf,0,0,0,0,0,0,0,0,0,0,0,0,0,0,0,0
1,table_under_pick,6,qpAdaptive,0,0,0,0,0,0,0,0,0,inf,inf,0,0,0,0,0,0,0,0,0,0,0,0,0,0,0,0
1,table_under_pick,6,qpFreeGate,0,0,0,0,0,0,0,0,0,inf,inf,0,0,0,0,0,0,0,0,0,0,0,0,0,0,0,0
1,table_under_pick,6,qpFreeEnvelope,0,0,0,0,0,0,0,0,0,inf,inf,0,0,0,0,0,0,0,0,0,0,0,0,0,0,0,0
1,table_under_pick,6,qpEnvelope,0,0,0,0,0,0,0,0,0,inf,inf,0,0,0,0,0,0,0,0,0,0,0,0,0,0,0,0
1,table_under_pick,13,isSafe,1,1,0.0134948,2441,14,15.461,9,775,0,0.00467266,0.00249477,0,0,0,0,52,10,0.269231,0,0,0,0,0,0,0,0,0
1,table_under_pick,13,qpFixed,1,1,0.0449597,3950,24,13.3837,1159,1159,49,-0.000234525,0.00249477,0,0,0.00949497,0,10,9,2.4,0,0,0,1,0,0,3950,1155177,3601
1,table_under_pick,13,qpPlain,1,1,0.045489,3950,24,13.3837,1159,1159,49,-0.000234525,0.00249477,0,0,0.00949497,0,10,9,2.4,0,0,0,1,0,0,3950,1354850,3950
1,table_under_pick,13,qpAdaptive,1,1,0.0330566,2764,24,13.3768,1014,1014,49,-0.000236842,0.00249477,0,0,0.0134994,0.26411,10,9,2.4,0,0,0,0.733357,0.260854,0.00578871,2764,795155,2692
1,table_under_pick,13,qpFreeGate,1,1,0.0914445,9774,29,16.6962,1427,1427,0,0.0046186,0.00249477,0,0,0.00430605,0,77,22,0.376623,0,0,0,1,0,0,0,0,0
1,table_under_pick,13,qpFreeEnvelope,1,1,0.00980523,365,22,14.1273,735,735,0,0.0046108,0.00249477,0,0,0.0896214,0.942466,58,17,0.37931,0,0,0,0.0220994,0.814917,0.162983,0,0,0
1,table_under_pick,13,qpEnvelope,1,1,0.0232719,1863,24,13.3349,942,942,63,-0.000570808,0.00249477,0,0,0.0198337,0.211487,10,9,2.4,0,0,0,0.786366,0.203972,0.00966184,1863,530759,1828
1,table_under_pick,20,isSafe,1,1,0.0191101,3450,19,18.3484,11,919,0,0.000903733,0.00249477,0,0,0,0,57,14,0.333333,0,0,0,0,0,0,0,0,0
1,table_under_pick,20,qpFixed,1,1,0.0759178,7018,37,18.2607,1578,1578,0,0.000190808,0.00249477,0,0,0.00856192,0,25,18,1.48,0,0,0,1,0,0,7018,1775178,5554
1,table_under_pick,20,qpPlain,1,1,0.0825068,7018,37,18.2607,1578,1578,0,0.000190808,0.00249477,0,0,0.00856192,0,25,18,1.48,0,0,0,1,0,0,7018,2407174,7018
1,table_under_pick,20,qpAdaptive,1,1,0.0544118,4680,37,18.2712,1208,1208,0,0.000190794,0.00249477,0,0,0.0128538,0.201068,25,18,1.48,0,0,0,0.798718,0.196154,0.00512821,4680,1141517,4495
1,table_under_pick,20,qpFreeGate,1,1,0.103099,11056,46,16.7147,1455,1455,0,0.00147658,0.00249477,0,0,0.0060717,0,92,35,0.5,0,0,0,1,0,0,0,0,0
1,table_under_pick,20,qpFreeEnvelope,1,1,0.0200089,804,48,22.6923,1192,1192,0,0.0013993,0.00249477,0,0,0.094143,0.958955,95,35,0.505263,0,0,0,0.0262829,0.848561,0.125156,0,0,0
1,table_under_pick,20,qpEnvelope,1,1,0.0423852,3487,36,18.3549,1073,1073,0,0.000178041,0.00249477,0,0,0.0172825,0.138514,25,18,1.44,0,0,0,0.860338,0.131345,0.0083166,3487,851683,3419
1,table_under_pick,27,isSafe,1,0,10.0003,1505714,14666,0,0,0,0,inf,inf,0,0,0,0,128171,14664,0.114425,0,0,0,0,0,0,0,0,0
1,table_under_pick,27,qpFixed,1,0,10,836477,1691,0,0,0,0,inf,inf,0,0,0.00580172,0,3692,1588,0.458017,0,0,0,1,0,0,836477,251246484,796971
1,table_under_pick,27,qpPlain,1,0,10,844162,1707,0,0,0,0,inf,inf,0,0,0.00579773,0,3729,1604,0.457763,0,0,0,1,0,0,844162,289547566,844162
1,table_under_pick,27,qpAdaptive,1,0,10.0034,796988,1790,0,0,0,0,inf,inf,0,0,0.00645906,0.0623673,3949,1688,0.453279,0,0,0,0.937364,0.0616309,0.00100504,796988,240166397,788025
1,table_under_pick,27,qpFreeGate,1,0,10.0001,990444,1560,0,0,0,0,inf,inf,0,0,0.00249353,0,8629,1554,0.180786,0,0,0,1,0,0,0,0,0
1,table_under_pick,27,qpFreeEnvelope,1,0,10,319147,18094,0,0,0,0,inf,inf,0,0,0.0571985,0.703632,111765,18086,0.161893,0,0,0,0.00203473,0.866257,0.131708,0,0,0
1,table_under_pick,27,qpEnvelope,1,0,10.0007,799648,1867,0,0,0,0,inf,inf,0,0,0.00676681,0.00795225,4203,1768,0.444207,0,0,0,0.992,0.00696558,0.00103421,799648,240844264,796658
1,table_under_pick,34,isSafe,1,1,0.0227866,3680,19,10.0042,7,502,0,0.000823382,0.00249477,0,0,0,0,76,15,0.25,0,0,0,0,0,0,0,0,0
1,table_under_pick,34,qpFixed,1,1,0.0417762,3536,25,12.6424,1059,1059,0,0.000389833,0.00249477,0,0,0.0101733,0,12,11,2.08333,0,0,0,1,0,0,3536,963240,3139
1,table_under_pick,34,qpPlain,1,1,0.0432924,3536,25,12.6424,1059,1059,0,0.000389833,0.00249477,0,0,0.0101733,0,12,11,2.08333,0,0,0,1,0,0,3536,1212848,3536
1,table_under_pick,34,qpAdaptive,1,1,0.0267481,2146,25,12.6508,916,916,0,0.000408818,0.00249477,0,0,0.016772,0.40261,12,11,2.08333,0,0,0,0.592731,0.398416,0.00885368,2146,576305,2038
1,table_under_pick,34,qpFreeGate,1,1,0.0578181,5777,23,13.5204,1505,1505,0,0.00179706,0.00249477,0,0,0.0041723,0,50,15,0.46,0,0,0,1,0,0,0,0,0
1,table_under_pick,34,qpFreeEnvelope,1,1,0.0170385,648,31,15.2893,835,835,0,0.000968775,0.00249477,0,0,0.0536988,0.95216,65,19,0.476923,0,0,0,0.0262346,0.865741,0.108025,0,0,0
1,table_under_pick,34,qpEnvelope,1,1,0.0176171,1313,25,12.6699,792,792,0,0.000565801,0.00249477,0,0,0.0274168,0.322925,12,11,2.08333,0,0,0,0.674029,0.307692,0.0182788,1313,360342,1271
1,table_under_pick,41,isSafe,0,0,0,0,0,0,0,0,0,inf,inf,0,0,0,0,0,0,0,0,0,0,0,0,0,0,0,0
1,table_under_pick,41,qpFixed,0,0,0,0,0,0,0,0,0,inf,inf,0,0,0,0,0,0,0,0,0,0,0,0,0,0,0,0
1,table_under_pick,41,qpPlain,0,0,0,0,0,0,0,0,0,inf,inf,0,0,0,0,0,0,0,0,0,0,0,0,0,0,0,0
1,table_under_pick,41,qpAdaptive,0,0,0,0,0,0,0,0,0,inf,inf,0,0,0,0,0,0,0,0,0,0,0,0,0,0,0,0
1,table_under_pick,41,qpFreeGate,0,0,0,0,0,0,0,0,0,inf,inf,0,0,0,0,0,0,0,0,0,0,0,0,0,0,0,0
1,table_under_pick,41,qpFreeEnvelope,0,0,0,0,0,0,0,0,0,inf,inf,0,0,0,0,0,0,0,0,0,0,0,0,0,0,0,0
1,table_under_pick,41,qpEnvelope,0,0,0,0,0,0,0,0,0,inf,inf,0,0,0,0,0,0,0,0,0,0,0,0,0,0,0,0
1,table_under_pick,48,isSafe,1,1,0.0192672,3192,18,22.3669,13,1120,0,0.00493922,0.00249477,0,0,0,0,51,13,0.352941,0,0,0,0,0,0,0,0,0
1,table_under_pick,48,qpFixed,1,1,0.0182571,1705,13,12.5542,1221,1221,0,0.000507666,0.00249477,0,0,0.00971539,0,4,4,3.25,0,0,0,1,0,0,1705,401723,1213
1,table_under_pick,48,qpPlain,1,1,0.0201487,1705,13,12.5542,1221,1221,0,0.000507666,0.00249477,0,0,0.00971539,0,4,4,3.25,0,0,0,1,0,0,1705,584815,1705
1,table_under_pick,48,qpAdaptive,1,1,0.00980546,847,13,12.568,942,942,0,0.000427128,0.00249477,0,0,0.0195967,0.327037,4,4,3.25,0,0,0,0.672963,0.317591,0.0094451,847,193479,792
1,table_under_pick,48,qpFreeGate,1,1,0.0484421,4878,14,14.3827,1296,1296,0,0.00493922,0.00249477,0,0,0.00492932,0,28,9,0.5,0,0,0,1,0,0,0,0,0
1,table_under_pick,48,qpFreeEnvelope,1,1,0.00526541,184,15,14.8677,776,776,0,0.00493922,0.00249477,0,0,0.123662,0.934783,28,10,0.535714,0,0,0,0.0326087,0.798913,0.168478,0,0,0
1,table_under_pick,48,qpEnvelope,1,1,0.0078007,628,13,12.6161,863,863,0,0.000305641,0.00249477,0,0,0.0265972,0.261146,4,4,3.25,0,0,0,0.737261,0.246815,0.0159236,628,142099,597
1,table_under_pick,55,isSafe,1,1,0.0124831,2240,13,15.6395,9,783,0,0.00489116,0.00249477,0,0,0,0,38,9,0.342105,0,0,0,0,0,0,0,0,0
1,table_under_pick,55,qpFixed,1,1,0.00763071,710,8,8.91266,694,694,0,0.00171804,0.00249477,0,0,0.0125897,0,2,2,4,0,0,0,1,0,0,710,200260,496
1,table_under_pick,55,qpPlain,1,1,0.0078965,710,8,8.91266,694,694,0,0.00171804,0.00249477,0,0,0.0125897,0,2,2,4,0,0,0,1,0,0,710,243530,710
1,table_under_pick,55,qpAdaptive,1,1,0.004462,380,8,8.91886,590,590,0,0.00150272,0.00249477,0,0,0.023539,0.368421,2,2,4,0,0,0,0.631579,0.360526,0.00789474,380,108511,356
1,table_under_pick,55,qpFreeGate,1,1,0.0279039,2929,10,8.52894,801,801,0,0.00489116,0.00249477,0,0,0.00491163,0,26,6,0.384615,0,0,0,1,0,0,0,0,0
1,table_under_pick,55,qpFreeEnvelope,1,1,0.00535174,203,13,8.81539,461,461,0,0.00489116,0.00249477,0,0,0.0854692,0.995074,26,9,0.5,0,0,0,0,0.857143,0.142857,0,0,0
1,table_under_pick,55,qpEnvelope,1,1,0.00317359,246,8,8.94391,551,551,0,0.000874246,0.00249477,0,0,0.0364962,0.422764,2,2,4,0,0,0,0.577236,0.406504,0.0162602,246,71532,234
1,table_under_pick,63,isSafe,1,1,0.00874211,1578,10,12.5436,8,629,0,0.0012086,0.00249477,0,0,0,0,29,5,0.344828,0,0,0,0,0,0,0,0,0
1,table_under_pick,63,qpFixed,1,1,0.0430821,3826,33,27.5757,2224,2224,0,0.00025637,0.00249477,0,0,0.0105237,0,13,13,2.53846,0,0,0,1,0,0,3826,1063570,3392
1,table_under_pick,63,qpPlain,1,1,0.0445509,3826,33,27.5757,2224,2224,0,0.00025637,0.00249477,0,0,0.0105237,0,13,13,2.53846,0,0,0,1,0,0,3826,1312318,3826
1,table_under_pick,63,qpAdaptive,1,1,0.0349234,2938,32,27.5842,2014,2014,0,0.000254993,0.00249477,0,0,0.0137304,0.216474,13,13,2.46154,0,0,0,0.781824,0.212389,0.00578625,2938,817809,2724
1,table_under_pick,63,qpFreeGate,1,1,0.0305887,3225,13,9.55325,1000,1000,0,0.00137895,0.00249477,0,0,0.00512228,0,19,8,0.684211,0,0,0,1,0,0,0,0,0
1,table_under_pick,63,qpFreeEnvelope,1,1,0.00456317,189,13,9.68294,520,520,0,0.000558306,0.00249477,0,0,0.0863067,0.962963,19,8,0.684211,0,0,0,0.015873,0.862434,0.121693,0,0,0
1,table_under_pick,63,qpEnvelope,1,1,0.026499,2157,33,27.6929,1820,1820,0,0.000291053,0.00249477,0,0,0.0187242,0.105702,13,13,2.53846,0,0,0,0.891052,0.0992119,0.00973574,2157,590948,2067
1,table_under_pick,70,isSafe,1,1,0.0318162,5768,30,12.993,8,651,0,0.0024446,0.00249477,0,0,0,0,125,25,0.24,0,0,0,0,0,0,0,0,0
1,table_under_pick,70,qpFixed,1,1,0.0729579,6694,55,21.7207,1874,1874,0,0.000314004,0.00249477,0,0,0.0105957,0,23,20,2.3913,0,0,0,1,0,0,6694,1677250,6144
1,table_under_pick,70,qpPlain,1,1,0.0785115,6694,55,21.7207,1874,1874,0,0.000314004,0.00249477,0,0,0.0105957,0,23,20,2.3913,0,0,0,1,0,0,6694,2296042,6694
1,table_under_pick,70,qpAdaptive,1,1,0.0684179,5841,49,27.541,2065,2065,0,4.16217e-06,0.00249477,0,0,0.0117768,0.293272,27,22,1.81481,0,0,0,0.704814,0.291246,0.00394038,5841,1414275,5496
1,table_under_pick,70,qpFreeGate,1,1,0.136619,14571,42,13.4254,1173,1173,0,0.00210944,0.00249477,0,0,0.00452029,0,125,37,0.336,0,0,0,1,0,0,0,0,0
1,table_under_pick,70,qpFreeEnvelope,1,1,0.00847628,346,18,11.7702,622,622,0,0.000705067,0.00249477,0,0,0.0725708,0.959538,39,13,0.461538,0,0,0,0.0202899,0.866667,0.113043,0,0,0
1,table_under_pick,70,qpEnvelope,1,1,0.0430105,3474,49,15.9806,1081,1081,0,5.70652e-05,0.00249477,0,0,0.0193633,0.299942,22,20,2.22727,0,0,0,0.698906,0.289004,0.0120898,3474,866810,3396
1,table_under_pick,77,isSafe,1,1,0.0335808,5440,28,14.1417,9,709,0,0.00481402,0.00249477,0,0,0,0,216,24,0.12963,0,0,0,0,0,0,0,0,0
1,table_under_pick,77,qpFixed,1,1,0.138635,11753,67,32.2224,2751,2751,0,0.000124613,0.00249477,0,0,0.00905501,0,44,35,1.52273,0,0,0,1,0,0,11753,2941336,11029
1,table_under_pick,77,qpPlain,1,1,0.149518,11753,67,32.2224,2751,2751,0,0.000124613,0.00249477,0,0,0.00905501,0,44,35,1.52273,0,0,0,1,0,0,11753,4031279,11753
1,table_under_pick,77,qpAdaptive,1,1,0.112422,9086,67,32.2531,2463,2463,0,0.000123388,0.00249477,0,0,0.0117554,0.215386,44,35,1.52273,0,0,0,0.783293,0.213075,0.00363196,9086,2278202,8699
1,table_under_pick,77,qpFreeGate,1,1,0.329777,32927,60,22.7332,2523,2523,0,0.00217786,0.00249477,0,0,0.0031413,0,256,52,0.234375,0,0,0,1,0,0,0,0,0
1,table_under_pick,77,qpFreeEnvelope,1,1,0.0613924,2489,59,20.7218,1129,1129,0,0.000430321,0.00249477,0,0,0.0404414,0.895942,256,50,0.230469,0,0,0,0.09219,0.817633,0.0901771,0,0,0
1,table_under_pick,77,qpEnvelope,1,1,0.0870665,6773,69,32.3253,2245,2245,0,0.000113448,0.00249477,0,0,0.0155682,0.15045,44,34,1.56818,0,0,0,0.848221,0.146021,0.00575816,6773,1708838,6600
1,table_under_pick,84,isSafe,1,1,0.00763205,1378,9,12.9123,8,647,0,0.00425809,0.00249477,0,0,0,0,26,5,0.346154,0,0,0,0,0,0,0,0,0
1,table_under_pick,84,qpFixed,1,1,0.0127681,1272,11,12.1583,947,947,0,0.00114192,0.00249477,0,0,0.0127176,0,2,2,5.5,0,0,0,1,0,0,1272,329549,580
1,table_under_pick,84,qpPlain,1,1,0.0138085,1272,11,12.1583,947,947,0,0.00114192,0.00249477,0,0,0.0127176,0,2,2,5.5,0,0,0,1,0,0,1272,436296,1272
1,table_under_pick,84,qpAdaptive,1,1,0.00398422,339,11,12.1732,720,720,0,0.00102598,0.00249477,0,0,0.0477853,0.59292,2,2,5.5,0,0,0,0.40413,0.572271,0.0235988,339,98508,294
1,table_under_pick,84,qpFreeGate,1,1,0.056198,5962,21,16.56,1604,1604,0,0.00458156,0.00249477,0,0,0.00522048,0,39,12,0.538462,0,0,0,1,0,0,0,0,0
1,table_under_pick,84,qpFreeEnvelope,1,1,0.00896393,346,24,16.4414,866,866,0,0.00458156,0.00249477,0,0,0.090525,0.991329,39,12,0.615385,0,0,0,0.00289017,0.852601,0.144509,0,0,0
1,table_under_pick,84,qpEnvelope,1,1,0.00301718,231,11,12.1997,692,692,0,0.00076982,0.00249477,0,0,0.070253,0.493506,2,2,5.5,0,0,0,0.506494,0.463203,0.030303,231,67558,208
1,table_under_pick,91,isSafe,0,0,0,0,0,0,0,0,0,inf,inf,0,0,0,0,0,0,0,0,0,0,0,0,0,0,0,0
1,table_under_pick,91,qpFixed,0,0,0,0,0,0,0,0,0,inf,inf,0,0,0,0,0,0,0,0,0,0,0,0,0,0,0,0
1,table_under_pick,91,qpPlain,0,0,0,0,0,0,0,0,0,inf,inf,0,0,0,0,0,0,0,0,0,0,0,0,0,0,0,0
1,table_under_pick,91,qpAdaptive,0,0,0,0,0,0,0,0,0,inf,inf,0,0,0,0,0,0,0,0,0,0,0,0,0,0,0,0
1,table_under_pick,91,qpFreeGate,0,0,0,0,0,0,0,0,0,inf,inf,0,0,0,0,0,0,0,0,0,0,0,0,0,0,0,0
1,table_under_pick,91,qpFreeEnvelope,0,0,0,0,0,0,0,0,0,inf,inf,0,0,0,0,0,0,0,0,0,0,0,0,0,0,0,0
1,table_under_pick,91,qpEnvelope,0,0,0,0,0,0,0,0,0,inf,inf,0,0,0,0,0,0,0,0,0,0,0,0,0,0,0,0
1,table_under_pick,98,isSafe,0,0,0,0,0,0,0,0,0,inf,inf,0,0,0,0,0,0,0,0,0,0,0,0,0,0,0,0
1,table_under_pick,98,qpFixed,0,0,0,0,0,0,0,0,0,inf,inf,0,0,0,0,0,0,0,0,0,0,0,0,0,0,0,0
1,table_under_pick,98,qpPlain,0,0,0,0,0,0,0,0,0,inf,inf,0,0,0,0,0,0,0,0,0,0,0,0,0,0,0,0
1,table_under_pick,98,qpAdaptive,0,0,0,0,0,0,0,0,0,inf,inf,0,0,0,0,0,0,0,0,0,0,0,0,0,0,0,0
1,table_under_pick,98,qpFreeGate,0,0,0,0,0,0,0,0,0,inf,inf,0,0,0,0,0,0,0,0,0,0,0,0,0,0,0,0
1,table_under_pick,98,qpFreeEnvelope,0,0,0,0,0,0,0,0,0,inf,inf,0,0,0,0,0,0,0,0,0,0,0,0,0,0,0,0
1,table_under_pick,98,qpEnvelope,0,0,0,0,0,0,0,0,0,inf,inf,0,0,0,0,0,0,0,0,0,0,0,0,0,0,0,0
1,bookshelf_small,5,isSafe,0,0,0,0,0,0,0,0,0,inf,inf,0,0,0,0,0,0,0,0,0,0,0,0,0,0,0,0
1,bookshelf_small,5,qpFixed,0,0,0,0,0,0,0,0,0,inf,inf,0,0,0,0,0,0,0,0,0,0,0,0,0,0,0,0
1,bookshelf_small,5,qpPlain,0,0,0,0,0,0,0,0,0,inf,inf,0,0,0,0,0,0,0,0,0,0,0,0,0,0,0,0
1,bookshelf_small,5,qpAdaptive,0,0,0,0,0,0,0,0,0,inf,inf,0,0,0,0,0,0,0,0,0,0,0,0,0,0,0,0
1,bookshelf_small,5,qpFreeGate,0,0,0,0,0,0,0,0,0,inf,inf,0,0,0,0,0,0,0,0,0,0,0,0,0,0,0,0
1,bookshelf_small,5,qpFreeEnvelope,0,0,0,0,0,0,0,0,0,inf,inf,0,0,0,0,0,0,0,0,0,0,0,0,0,0,0,0
1,bookshelf_small,5,qpEnvelope,0,0,0,0,0,0,0,0,0,inf,inf,0,0,0,0,0,0,0,0,0,0,0,0,0,0,0,0
1,bookshelf_small,13,isSafe,1,1,0.682026,175362,1027,8.06084,6,405,0,0.00655819,0.00249477,0,0,0,0,10158,1024,0.101103,0,0,0,0,0,0,0,0,0
1,bookshelf_small,13,qpFixed,1,1,0.0518768,5297,29,16.872,1670,1670,0,0.000207337,0.00249477,0,0,0.0089675,0,19,14,1.52632,0,0,0,1,0,0,5297,1500705,4420
1,bookshelf_small,13,qpPlain,1,1,0.0538634,5297,29,16.872,1670,1670,0,0.000207337,0.00249477,0,0,0.0089675,0,19,14,1.52632,0,0,0,1,0,0,5297,1816871,5297
1,bookshelf_small,13,qpAdaptive,1,1,0.037926,3473,29,16.8877,1396,1396,0,0.000207091,0.00249477,0,0,0.0137068,0.313274,19,14,1.52632,0,0,0,0.684711,0.309243,0.00604665,3473,1012462,3398
1,bookshelf_small,13,qpFreeGate,1,1,0.142961,18434,49,19.5827,1747,1747,0,0.00140754,0.00249477,0,0,0.00453591,0,141,41,0.347518,0,0,0,1,0,0,0,0,0
1,bookshelf_small,13,qpFreeEnvelope,1,1,0.0181665,902,44,20.0025,1043,1043,0,0.00124473,0.00249477,0,0,0.0838006,0.95122,141,36,0.312057,0,0,0,0.0191011,0.817978,0.162921,0,0,0
1,bookshelf_small,13,qpEnvelope,1,1,0.0238483,2040,29,17.0165,1237,1237,0,0.000202072,0.00249477,0,0,0.0235491,0.198039,19,14,1.52632,0,0,0,0.80098,0.185294,0.0137255,2040,587931,2019
1,bookshelf_small,20,isSafe,1,1,0.00887523,2314,13,13.4461,8,674,0,0.00541635,0.00249477,0,0,0,0,47,9,0.276596,0,0,0,0,0,0,0,0,0
1,bookshelf_small,20,qpFixed,1,1,0.00317683,386,5,5.44709,387,387,0,0.00541635,0.00249477,0,0,0.0141116,0,1,1,5,0,0,0,1,0,0,386,103293,127
1,bookshelf_small,20,qpPlain,1,1,0.00344895,386,5,5.44709,387,387,0,0.00541635,0.00249477,0,0,0.0141116,0,1,1,5,0,0,0,1,0,0,386,132398,386
1,bookshelf_small,20,qpAdaptive,1,1,0.00120336,121,5,5.44705,330,330,0,0.00541635,0.00249477,0,0,0.045017,0.719008,1,1,5,0,0,0,0.280992,0.694215,0.0247934,121,36017,88
1,bookshelf_small,20,qpFreeGate,1,1,0.054824,7068,25,10.8574,1228,1228,0,0.00202986,0.00249477,0,0,0.00416698,0,46,15,0.543478,0,0,0,1,0,0,0,0,0
1,bookshelf_small,20,qpFreeEnvelope,1,1,0.00937731,515,24,13.1843,689,689,0,0.00541635,0.00249477,0,0,0.0665717,0.92233,48,17,0.5,0,0,0,0.0699029,0.819417,0.11068,0,0,0
1,bookshelf_small,20,qpEnvelope,1,1,0.000519412,38,5,5.45446,290,290,0,0.00541635,0.00249477,0,0,0.143538,0.842105,1,1,5,0,0,0,0.157895,0.763158,0.0789474,38,11346,28
1,bookshelf_small,28,isSafe,1,1,0.00347129,915,7,9.10139,6,457,0,0.00296396,0.00249477,0,0,0,0,2,2,3.5,0,0,0,0,0,0,0,0,0
1,bookshelf_small,28,qpFixed,1,1,0.007044,743,7,9.01993,744,744,0,0.000718289,0.00249477,0,0,0.0121399,0,1,1,7,0,0,0,1,0,0,743,224211,435
1,bookshelf_small,28,qpPlain,1,1,0.00715973,743,7,9.01993,744,744,0,0.000718289,0.00249477,0,0,0.0121399,0,1,1,7,0,0,0,1,0,0,743,254849,743
1,bookshelf_small,28,qpAdaptive,1,1,0.00512135,476,7,9.02147,672,672,0,0.000718915,0.00249477,0,0,0.0189527,0.107143,1,1,7,0,0,0,0.892857,0.10084,0.00630252,476,149106,426
1,bookshelf_small,28,qpFreeGate,1,1,0.0636086,8120,24,16.4751,1599,1599,0,0.00297921,0.00249477,0,0,0.00411522,0,47,16,0.510638,0,0,0,1,0,0,0,0,0
1,bookshelf_small,28,qpFreeEnvelope,1,1,0.00695009,339,22,15.6671,833,833,0,0.00297495,0.00249477,0,0,0.0889941,0.985251,47,14,0.468085,0,0,0,0,0.854599,0.145401,0,0,0
1,bookshelf_small,28,qpEnvelope,1,1,0.00390483,338,7,9.02956,609,609,0,0.000606154,0.00249477,0,0,0.0267147,0.136095,1,1,7,0,0,0,0.860947,0.130178,0.00887574,338,105886,316
1,bookshelf_small,36,isSafe,1,1,0.00774431,2034,12,6.82585,5,343,0,0.00716995,0.00249477,0,0,0,0,58,8,0.206897,0,0,0,0,0,0,0,0,0
1,bookshelf_small,36,qpFixed,1,1,0.00301113,377,10,5.72241,378,378,0,0.00717755,0.00249477,0,0,0.0151788,0,1,1,10,0,0,0,1,0,0,377,96905,138
1,bookshelf_small,36,qpPlain,1,1,0.00337395,377,10,5.72241,378,378,0,0.00717755,0.00249477,0,0,0.0151788,0,1,1,10,0,0,0,1,0,0,377,129311,377
1,bookshelf_small,36,qpAdaptive,1,1,0.00142502,153,10,5.72213,348,348,0,0.00717755,0.00249477,0,0,0.0373996,0.732026,1,1,10,0,0,0,0.228758,0.718954,0.0522876,153,43280,92
1,bookshelf_small,36,qpFreeGate,1,1,0.0223632,2909,15,7.74144,743,743,0,0.00141481,0.00249477,0,0,0.00631201,0,13,7,1.15385,0,0,0,1,0,0,0,0,0
1,bookshelf_small,36,qpFreeEnvelope,1,1,0.013713,770,32,16.8728,925,925,0,0.00338259,0.00249477,0,0,0.0510102,0.949351,78,18,0.410256,0,0,0,0.0365059,0.869622,0.0938722,0,0,0
1,bookshelf_small,36,qpEnvelope,1,1,0.000488649,39,6,5.72317,301,301,0,0.00717755,0.00249477,0,0,0.146748,0.717949,1,1,6,0,0,0,0.230769,0.666667,0.102564,39,11544,20
1,bookshelf_small,43,isSafe,1,0,10.0002,2145776,22481,0,0,0,0,inf,inf,0,0,0,0,188503,22479,0.119261,0,0,0,0,0,0,0,0,0
1,bookshelf_small,43,qpFixed,1,0,10.0015,1039154,2010,0,0,0,0,inf,inf,0,0,0.0056752,0,4710,1891,0.426752,0,0,0,1,0,0,1039154,310229960,987451
1,bookshelf_small,43,qpPlain,1,0,10.0021,1038561,2009,0,0,0,0,inf,inf,0,0,0.00567572,0,4707,1890,0.426811,0,0,0,1,0,0,1038561,356226423,1038561
1,bookshelf_small,43,qpAdaptive,1,0,10.0027,981691,2080,0,0,0,0,inf,inf,0,0,0.00621378,0.045771,4895,1962,0.424923,0,0,0,0.95401,0.0450764,0.000913731,981691,294045120,970864
1,bookshelf_small,43,qpFreeGate,1,0,10.0013,1275336,2279,0,0,0,0,inf,inf,0,0,0.00264747,0,12371,2276,0.184221,0,0,0,1,0,0,0,0,0
1,bookshelf_small,43,qpFreeEnvelope,1,0,10.0001,408605,23869,0,0,0,0,inf,inf,0,0,0.0566515,0.697189,145743,23865,0.163775,0,0,0,0.00201632,0.864761,0.133222,0,0,0
1,bookshelf_small,43,qpEnvelope,1,0,10.0009,977326,2159,0,0,0,0,inf,inf,0,0,0.00644108,0.00502698,5048,2038,0.427694,0,0,0,0.994947,0.00409587,0.000956692,977326,292506292,973743
1,bookshelf_small,50,isSafe,1,1,0.0190627,4999,27,12.1986,8,611,0,0.000183678,0.00249477,0,0,0,0,172,23,0.156977,0,0,0,0,0,0,0,0,0
1,bookshelf_small,50,qpFixed,1,1,0.0456308,4469,30,20.5942,1969,1969,66,-0.00212991,0.00249477,0,0,0.00896589,0,15,13,2,0,0,0,1,0,0,4469,1330131,3983
1,bookshelf_small,50,qpPlain,1,1,0.0458599,4469,30,20.5942,1969,1969,66,-0.00212991,0.00249477,0,0,0.00896589,0,15,13,2,0,0,0,1,0,0,4469,1532867,4469
1,bookshelf_small,50,qpAdaptive,1,1,0.0357971,3199,28,19.3633,1643,1643,65,-0.00217025,0.00249477,0,0,0.0124131,0.251329,15,12,1.86667,0,0,0,0.747342,0.24828,0.00437774,3199,978984,3111
1,bookshelf_small,50,qpFreeGate,1,1,0.422935,53464,100,8.98017,980,980,0,0.00399097,0.00249477,0,0,0.00300627,0,388,90,0.257732,0,0,0,1,0,0,0,0,0
1,bookshelf_small,50,qpFreeEnvelope,1,1,0.0547071,2811,108,10.8346,565,565,0,0.0038724,0.00249477,0,0,0.0653803,0.923515,428,97,0.252336,0,0,0,0.0371305,0.820115,0.142754,0,0,0
1,bookshelf_small,50,qpEnvelope,1,1,0.0252712,2113,28,19.5351,1455,1455,65,-0.0021175,0.00249477,0,0,0.0189075,0.19735,15,12,1.86667,0,0,0,0.800663,0.189867,0.0094697,2113,651340,2075
1,bookshelf_small,57,isSafe,1,1,0.026716,7011,38,10.7354,7,538,0,0.001159,0.00249477,0,0,0,0,209,34,0.181818,0,0,0,0,0,0,0,0,0
1,bookshelf_small,57,qpFixed,1,1,0.014704,1570,12,11.1049,950,950,0,0.00259696,0.00249477,0,0,0.0104125,0,3,3,4,0,0,0,1,0,0,1570,461220,1063
1,bookshelf_small,57,qpPlain,1,1,0.0152855,1570,12,11.1049,950,950,0,0.00259696,0.00249477,0,0,0.0104125,0,3,3,4,0,0,0,1,0,0,1570,538510,1570
1,bookshelf_small,57,qpAdaptive,1,1,0.00816189,750,12,11.1062,711,711,0,0.00259696,0.00249477,0,0,0.0218,0.325333,3,3,4,0,0,0,0.670667,0.318667,0.0106667,750,223556,716
1,bookshelf_small,57,qpFreeGate,1,1,0.297691,38203,97,15.5857,1264,1264,0,0.00239607,0.00249477,0,0,0.00406756,0,368,93,0.263587,0,0,0,1,0,0,0,0,0
1,bookshelf_small,57,qpFreeEnvelope,1,1,0.0442985,2210,106,20.8471,1087,1087,0,0.000680234,0.00249477,0,0,0.0755104,0.926244,389,99,0.272494,0,0,0,0.0225702,0.831414,0.146016,0,0,0
1,bookshelf_small,57,qpEnvelope,1,1,0.00569449,485,13,11.1286,633,633,0,0.00259696,0.00249477,0,0,0.0337855,0.305155,3,3,4.33333,0,0,0,0.68866,0.290722,0.0206186,485,143645,466
1,bookshelf_small,64,isSafe,1,1,0.113521,29484,147,23.1295,13,1158,0,0.000152917,0.00249477,0,0,0,0,1209,142,0.121588,0,0,0,0,0,0,0,0,0
1,bookshelf_small,64,qpFixed,1,1,0.00761528,829,8,10.2364,830,830,0,0.000357897,0.00249477,0,0,0.0123479,0,1,1,8,0,0,0,1,0,0,829,234764,444
1,bookshelf_small,64,qpPlain,1,1,0.00804763,829,8,10.2364,830,830,0,0.000357897,0.00249477,0,0,0.0123479,0,1,1,8,0,0,0,1,0,0,829,284347,829
1,bookshelf_small,64,qpAdaptive,1,1,0.00493585,451,8,10.2363,715,715,0,0.0003556,0.00249477,0,0,0.0226969,0.254989,1,1,8,0,0,0,0.745011,0.248337,0.00665188,451,137763,416
1,bookshelf_small,64,qpFreeGate,1,1,0.333206,42646,92,24.5203,2151,2151,0,0.000961283,0.00249477,0,0,0.00361465,0,344,86,0.267442,0,0,0,1,0,0,0,0,0
1,bookshelf_small,64,qpFreeEnvelope,1,1,0.0488822,2546,89,20.0767,1054,1054,0,0.00085575,0.00249477,0,0,0.0582591,0.958366,344,83,0.258721,0,0,0,0.0111199,0.872518,0.116362,0,0,0
1,bookshelf_small,64,qpEnvelope,1,1,0.00398559,335,8,10.2625,682,682,0,0.000277541,0.00249477,0,0,0.0306344,0.152239,1,1,8,0,0,0,0.847761,0.143284,0.00895522,335,101749,312
1,bookshelf_small,71,isSafe,1,1,0.037626,9846,46,13.9878,8,701,0,0.000967019,0.00249477,0,0,0,0,276,42,0.166667,0,0,0,0,0,0,0,0,0
1,bookshelf_small,71,qpFixed,1,1,0.00517468,636,7,9.54994,637,637,0,0.00155806,0.00249477,0,0,0.0150156,0,1,1,7,0,0,0,1,0,0,636,173640,196
1,bookshelf_small,71,qpPlain,1,1,0.00564259,636,7,9.54994,637,637,0,0.00155806,0.00249477,0,0,0.0150156,0,1,1,7,0,0,0,1,0,0,636,218148,636
1,bookshelf_small,71,qpAdaptive,1,1,0.00131783,136,7,9.5459,550,550,0,0.00155983,0.00249477,0,0,0.0701904,0.558824,1,1,7,0,0,0,0.426471,0.536765,0.0367647,136,41863,93
1,bookshelf_small,71,qpFreeGate,1,1,0.349719,44701,113,20.1052,1766,1766,0,0.00334515,0.00249477,0,0,0.00420091,0,474,106,0.238397,0,0,0,1,0,0,0,0,0
1,bookshelf_small,71,qpFreeEnvelope,1,1,0.0327912,1654,63,20.3397,1058,1058,0,0.000172889,0.00249477,0,0,0.0649485,0.937727,275,58,0.229091,0,0,0,0.0340219,0.856015,0.109964,0,0,0
1,bookshelf_small,71,qpEnvelope,1,1,0.000966433,86,7,9.54786,519,519,0,0.00157474,0.00249477,0,0,0.111022,0.348837,1,1,7,0,0,0,0.639535,0.302326,0.0581395,86,26532,66
1,bookshelf_small,78,isSafe,1,1,0.035284,9265,46,20.3977,12,1021,0,0.00494266,0.00249477,0,0,0,0,258,42,0.178295,0,0,0,0,0,0,0,0,0
1,bookshelf_small,78,qpFixed,1,1,0.0106519,1167,11,9.48687,793,793,0,0.00400262,0.00249477,0,0,0.0111277,0,3,3,3.66667,0,0,0,1,0,0,1167,304055,797
1,bookshelf_small,78,qpPlain,1,1,0.0115529,1167,11,9.48687,793,793,0,0.00400262,0.00249477,0,0,0.0111277,0,3,3,3.66667,0,0,0,1,0,0,1167,400281,1167
1,bookshelf_small,78,qpAdaptive,1,1,0.00665895,635,11,9.49004,669,669,0,0.00400844,0.00249477,0,0,0.0205149,0.417323,3,3,3.66667,0,0,0,0.581102,0.406299,0.0125984,635,170240,583
1,bookshelf_small,78,qpFreeGate,1,1,0.231673,27605,71,16.3144,1265,1265,0,0.00494266,0.00249477,0,0,0.00432753,0,258,67,0.275194,0,0,0,1,0,0,0,0,0
1,bookshelf_small,78,qpFreeEnvelope,1,1,0.0471386,2545,96,11.0745,614,614,0,0.000560884,0.00249477,0,0,0.0598184,0.855796,400,88,0.24,0,0,0,0.101903,0.785091,0.113006,0,0,0
1,bookshelf_small,78,qpEnvelope,1,1,0.00339797,277,11,9.55707,558,558,0,0.00401076,0.00249477,0,0,0.047704,0.436823,3,3,3.66667,0,0,0,0.559567,0.404332,0.0361011,277,75074,259
1,bookshelf_small,85,isSafe,1,1,0.115314,29949,146,18.2237,11,913,0,0.00273982,0.00249477,0,0,0,0,1106,142,0.132007,0,0,0,0,0,0,0,0,0
1,bookshelf_small,85,qpFixed,1,1,0.0182861,1901,18,14.7135,1184,1184,98,-0.0046935,0.00249477,0,0,0.0108222,0,4,4,4.5,0,0,0,1,0,0,1901,523307,1580
1,bookshelf_small,85,qpPlain,1,1,0.0193125,1901,18,14.7135,1184,1184,98,-0.0046935,0.00249477,0,0,0.0108222,0,4,4,4.5,0,0,0,1,0,0,1901,652043,1901
1,bookshelf_small,85,qpAdaptive,1,1,0.0130327,1207,18,14.7263,1039,1039,101,-0.00523855,0.00249477,0,0,0.0170546,0.280033,4,4,4.5,0,0,0,0.716653,0.273405,0.009942,1207,347670,1162
1,bookshelf_small,85,qpFreeGate,1,1,0.475805,60969,142,20.4895,1915,1915,0,0.00273982,0.00249477,0,0,0.00375736,0,560,130,0.253571,0,0,0,1,0,0,0,0,0
1,bookshelf_small,85,qpFreeEnvelope,1,1,0.0700506,3602,126,18.4884,981,981,0,0.00183106,0.00249477,0,0,0.0599332,0.946419,560,119,0.225,0,0,0,0.0230337,0.877809,0.0991573,0,0,0
1,bookshelf_small,85,qpEnvelope,1,1,0.00970909,856,18,14.7559,931,931,101,-0.00607377,0.00249477,0,0,0.0241594,0.192757,4,4,4.5,0,0,0,0.803738,0.181075,0.0151869,856,246136,829
1,bookshelf_small,93,isSafe,1,1,0.00206018,540,5,5.35953,4,269,0,0.00497132,0.00249477,0,0,0,0,1,1,5,0,0,0,0,0,0,0,0,0
1,bookshelf_small,93,qpFixed,1,1,0.00289663,390,5,5.35991,391,391,0,0.00497132,0.00249477,0,0,0.0137434,0,1,1,5,0,0,0,1,0,0,390,97968,7
1,bookshelf_small,93,qpPlain,1,1,0.003339,390,5,5.35991,391,391,0,0.00497132,0.00249477,0,0,0.0137434,0,1,1,5,0,0,0,1,0,0,390,133770,390
1,bookshelf_small,93,qpAdaptive,1,1,0.000305634,36,5,5.3599,287,287,0,0.00497132,0.00249477,0,0,0.148886,0.833333,1,1,5,0,0,0,0.166667,0.75,0.0833333,36,9617,2
1,bookshelf_small,93,qpFreeGate,1,1,0.0030209,392,5,5.35957,393,393,0,0.00497132,0.00249477,0,0,0.0136724,0,1,1,5,0,0,0,1,0,0,0,0,0
1,bookshelf_small,93,qpFreeEnvelope,1,1,0.000349717,18,5,5.35958,279,279,0,0.00497132,0.00249477,0,0,0.297755,1,1,1,5,0,0,0,0,0.833333,0.166667,0,0,0
1,bookshelf_small,93,qpEnvelope,1,1,0.000237264,18,5,5.36048,276,276,0,0.00497132,0.00249477,0,0,0.297804,0.888889,1,1,5,0,0,0,0.111111,0.722222,0.166667,18,4799,1
1,bookshelf_small,100,isSafe,1,1,0.141122,36876,181,17.4701,10,875,0,0.00197516,0.00249477,0,0,0,0,1628,178,0.111179,0,0,0,0,0,0,0,0,0
1,bookshelf_small,100,qpFixed,1,1,0.0133132,1427,15,13.1452,1064,1064,0,0.000541317,0.00249477,0,0,0.0113801,0,4,4,3.75,0,0,0,1,0,0,1427,421094,1120
1,bookshelf_small,100,qpPlain,1,1,0.0136263,1427,15,13.1452,1064,1064,0,0.000541317,0.00249477,0,0,0.0113801,0,4,4,3.75,0,0,0,1,0,0,1427,489461,1427
1,bookshelf_small,100,qpAdaptive,1,1,0.0044898,409,15,6.56498,475,475,0,0.000541317,0.00249477,0,0,0.0227623,0.396088,2,2,7.5,0,0,0,0.594132,0.374083,0.0317848,409,128254,398
1,bookshelf_small,100,qpFreeGate,1,1,0.128119,16457,53,19.8713,1793,1793,0,0.000951914,0.00249477,0,0,0.00507208,0,184,48,0.288043,0,0,0,1,0,0,0,0,0
1,bookshelf_small,100,qpFreeEnvelope,1,1,0.0226832,1172,52,20.0812,1054,1054,0,0.000949653,0.00249477,0,0,0.0712032,0.950512,184,47,0.282609,0,0,0,0.0146552,0.887069,0.0982759,0,0,0
1,bookshelf_small,100,qpEnvelope,1,1,0.00457577,397,17,13.3021,813,813,0,0.000192454,0.00249477,0,0,0.0410616,0.332494,4,4,4.25,0,0,0,0.65995,0.299748,0.0403023,397,122679,368
1,box,7,isSafe,1,1,0.018173,4970,26,15.7775,9,790,0,0.00325003,0.00249477,0,0,0,0,101,23,0.257426,0,0,0,0,0,0,0,0,0
1,box,7,qpFixed,1,1,0.0193955,2237,15,13.2633,1122,1122,0,0.00143299,0.00249477,0,0,0.0106728,0,6,6,2.5,0,0,0,1,0,0,2237,562342,1496
1,box,7,qpPlain,1,1,0.0213748,2237,15,13.2633,1122,1122,0,0.00143299,0.00249477,0,0,0.0106728,0,6,6,2.5,0,0,0,1,0,0,2237,767291,2237
1,box,7,qpAdaptive,1,1,0.0109813,1084,15,13.285,859,859,0,0.0013707,0.00249477,0,0,0.0220774,0.23524,6,6,2.5,0,0,0,0.761993,0.228782,0.00922509,1084,284578,1034
1,box,7,qpFreeGate,1,1,0.145185,19424,49,12.5518,1281,1281,0,0.0111657,0.00249477,0,0,0.00409957,0,126,37,0.388889,0,0,0,1,0,0,0,0,0
1,box,7,qpFreeEnvelope,1,1,0.0149734,811,40,15.8523,827,827,0,0.00271821,0.00249477,0,0,0.0778935,0.937115,101,31,0.39604,0,0,0,0.0371747,0.836431,0.126394,0,0,0
1,box,7,qpEnvelope,1,1,0.00901829,820,15,13.3193,810,810,0,0.00101575,0.00249477,0,0,0.0291657,0.226829,6,6,2.5,0,0,0,0.771951,0.215854,0.0121951,820,214469,799
1,box,14,isSafe,1,1,0.00495514,1353,10,10.7498,8,539,0,0.0174922,0.00249477,0,0,0,0,10,6,1,0,0,0,0,0,0,0,0,0
1,box,14,qpFixed,1,1,0.00323663,419,6,5.53095,420,420,0,0.00497514,0.00249477,0,0,0.0132004,0,1,1,6,0,0,0,1,0,0,419,90763,204
1,box,14,qpPlain,1,1,0.00387679,419,6,5.53095,420,420,0,0.00497514,0.00249477,0,0,0.0132004,0,1,1,6,0,0,0,1,0,0,419,143717,419
1,box,14,qpAdaptive,1,1,0.000921465,104,6,5.51932,325,325,0,0.00482472,0.00249477,0,0,0.0530704,0.711538,1,1,6,0,0,0,0.269231,0.692308,0.0384615,104,23216,73
1,box,14,qpFreeGate,1,1,0.0151574,2074,14,10.3807,1029,1029,0,0.00635959,0.00249477,0,0,0.00628942,0,10,6,1.4,0,0,0,1,0,0,0,0,0
1,box,14,qpFreeEnvelope,1,1,0.00266525,154,15,10.6199,593,593,0,0.00228182,0.00249477,0,0,0.0840422,0.980519,10,6,1.5,0,0,0,0,0.857143,0.142857,0,0,0
1,box,14,qpEnvelope,1,1,0.000511042,46,6,5.47985,293,293,0,0.00451095,0.00249477,0,0,0.119127,0.652174,1,1,6,0,0,0,0.347826,0.565217,0.0869565,46,10500,25
1,box,21,isSafe,1,1,0.00387066,1075,8,8.53239,6,428,0,0.00656734,0.00249477,0,0,0,0,6,3,1.33333,0,0,0,0,0,0,0,0,0
1,box,21,qpFixed,1,1,0.00500581,675,7,7.96084,676,676,0,0.0132199,0.00249477,0,0,0.0117938,0,1,1,7,0,0,0,1,0,0,675,161987,146
1,box,21,qpPlain,1,1,0.00581773,675,7,7.96084,676,676,0,0.0132199,0.00249477,0,0,0.0117938,0,1,1,7,0,0,0,1,0,0,675,231525,675
1,box,21,qpAdaptive,1,1,0.000828479,88,7,7.96085,444,444,0,0.0130723,0.00249477,0,0,0.0904642,1,1,1,7,0,0,0,0,0.943182,0.0568182,88,25095,50
1,box,21,qpFreeGate,1,1,0.0406335,5536,22,14.7614,1230,1230,0,0.0176345,0.00249477,0,0,0.00626791,0,28,14,0.785714,0,0,0,1,0,0,0,0,0
1,box,21,qpFreeEnvelope,1,1,0.00627646,353,32,18.553,965,965,0,0.00329805,0.00249477,0,0,0.111373,0.968839,34,16,0.941176,0,0,0,0.0169972,0.849858,0.133144,0,0,0
1,box,21,qpEnvelope,1,1,0.00043641,33,7,7.96225,415,415,0,0.0128276,0.00249477,0,0,0.24128,1,1,1,7,0,0,0,0,0.848485,0.151515,33,9193,20
1,box,28,isSafe,1,1,0.00634198,1737,11,12.817,8,642,0,0.0138224,0.00249477,0,0,0,0,17,7,0.647059,0,0,0,0,0,0,0,0,0
1,box,28,qpFixed,1,1,0.00382724,463,6,6.69336,464,464,0,0.0085025,0.00249477,0,0,0.0144565,0,1,1,6,0,0,0,1,0,0,463,129907,161
1,box,28,qpPlain,1,1,0.00410754,463,6,6.69336,464,464,0,0.0085025,0.00249477,0,0,0.0144565,0,1,1,6,0,0,0,1,0,0,463,158809,463
1,box,28,qpAdaptive,1,1,0.00111857,116,6,6.69627,379,379,0,0.00818326,0.00249477,0,0,0.0577264,0.715517,1,1,6,0,0,0,0.275862,0.698276,0.0258621,116,34170,80
1,box,28,qpFreeGate,1,1,0.0281608,3732,17,13.1496,1350,1350,0,0.00496544,0.00249477,0,0,0.00559948,0,23,9,0.73913,0,0,0,1,0,0,0,0,0
1,box,28,qpFreeEnvelope,1,1,0.00478597,249,20,9.18882,485,485,0,0.00226781,0.00249477,0,0,0.0924506,0.975904,26,10,0.769231,0,0,0,0.00803213,0.831325,0.160643,0,0,0
1,box,28,qpEnvelope,1,1,0.000675072,51,6,6.69764,357,357,0,0.00663991,0.00249477,0,0,0.131326,0.627451,1,1,6,0,0,0,0.372549,0.568627,0.0588235,51,14991,38
1,box,35,isSafe,1,1,0.0105686,2910,16,11.7009,7,587,0,0.0285504,0.00249477,0,0,0,0,70,13,0.228571,0,0,0,0,0,0,0,0,0
1,box,35,qpFixed,1,1,0.00652189,809,8,7.44462,538,538,0,0.0295201,0.00249477,0,0,0.0129348,0,2,2,4,0,0,0,1,0,0,809,208278,382
1,box,35,qpPlain,1,1,0.00724557,809,8,7.44462,538,538,0,0.0295201,0.00249477,0,0,0.0129348,0,2,2,4,0,0,0,1,0,0,809,277487,809
1,box,35,qpAdaptive,1,1,0.00221214,240,8,7.45293,406,406,0,0.0294304,0.00249477,0,0,0.0436308,0.475,2,2,4,0,0,0,0.525,0.458333,0.0166667,240,61002,200
1,box,35,qpFreeGate,1,1,0.142058,19071,51,17.9674,1733,1733,0,0.00286954,0.00249477,0,0,0.0038986,0,119,42,0.428571,0,0,0,1,0,0,0,0,0
1,box,35,qpFreeEnvelope,1,1,0.00718936,392,27,12.6869,688,688,0,0.000186878,0.00249477,0,0,0.0800663,0.890306,39,19,0.692308,0,0,0,0.0946292,0.774936,0.130435,0,0,0
1,box,35,qpEnvelope,1,1,0.00138406,131,8,7.46389,386,386,0,0.0293812,0.00249477,0,0,0.0800346,0.21374,2,2,4,0,0,0,0.78626,0.175573,0.0381679,131,32533,118
1,box,42,isSafe,1,1,0.00464521,1281,9,8.46148,6,425,0,0.0319193,0.00249477,0,0,0,0,18,5,0.5,0,0,0,0,0,0,0,0,0
1,box,42,qpFixed,1,1,0.00672898,846,7,7.27237,583,583,0,0.0172676,0.00249477,0,0,0.0112902,0,2,2,3.5,0,0,0,1,0,0,846,212170,377
1,box,42,qpPlain,1,1,0.00757544,846,7,7.27237,583,583,0,0.0172676,0.00249477,0,0,0.0112902,0,2,2,3.5,0,0,0,1,0,0,846,290178,846
1,box,42,qpAdaptive,1,1,0.00203581,215,7,7.27232,397,397,0,0.0177811,0.00249477,0,0,0.0444537,0.618605,2,2,3.5,0,0,0,0.367442,0.609302,0.0232558,215,56978,189
1,box,42,qpFreeGate,1,1,0.0669866,8996,28,9.35816,990,990,0,0.00412049,0.00249477,0,0,0.00429402,0,50,21,0.56,0,0,0,1,0,0,0,0,0
1,box,42,qpFreeEnvelope,1,1,0.0115545,593,42,16.7183,877,877,0,0.000951032,0.00249477,0,0,0.0946175,0.951096,85,27,0.494118,0,0,0,0.0202703,0.814189,0.165541,0,0,0
1,box,42,qpEnvelope,1,1,0.0011599,100,7,7.27049,376,376,0,0.019003,0.00249477,0,0,0.0955883,0.41,2,2,3.5,0,0,0,0.59,0.36,0.05,100,26211,91
1,box,49,isSafe,1,1,0.0167803,4586,24,17.8841,10,896,0,0.00663692,0.00249477,0,0,0,0,89,19,0.269663,0,0,0,0,0,0,0,0,0
1,box,49,qpFixed,1,1,0.00393736,476,6,5.91658,477,477,0,0.00323529,0.00249477,0,0,0.0124298,0,1,1,6,0,0,0,1,0,0,476,124427,214
1,box,49,qpPlain,1,1,0.00427281,476,6,5.91658,477,477,0,0.00323529,0.00249477,0,0,0.0124298,0,1,1,6,0,0,0,1,0,0,476,163268,476
1,box,49,qpAdaptive,1,1,0.00115772,116,6,5.92216,355,355,0,0.00301967,0.00249477,0,0,0.0510531,0.62931,1,1,6,0,0,0,0.362069,0.603448,0.0344828,116,33323,102
1,box,49,qpFreeGate,1,1,0.0854892,11361,38,8.20608,848,848,0,0.0189115,0.00249477,0,0,0.00433702,0,70,25,0.542857,0,0,0,1,0,0,0,0,0
1,box,49,qpFreeEnvelope,1,1,0.00961562,538,32,12.8546,721,721,0,0.000388177,0.00249477,0,0,0.0777272,0.905204,55,19,0.581818,0,0,0,0.0727612,0.796642,0.130597,0,0,0
1,box,49,qpEnvelope,1,1,0.0007704,62,6,5.93995,327,327,0,0.00264944,0.00249477,0,0,0.0958057,0.709677,1,1,6,0,0,0,0.274194,0.66129,0.0645161,62,17814,56
1,box,56,isSafe,1,1,0.0199811,5494,29,16.6871,10,836,0,0.0209388,0.00249477,0,0,0,0,105,23,0.27619,0,0,0,0,0,0,0,0,0
1,box,56,qpFixed,1,1,0.0213771,2223,20,23.2227,1831,1831,0,0.000673719,0.00249477,0,0,0.0112535,0,7,6,2.85714,0,0,0,1,0,0,2223,649290,1728
1,box,56,qpPlain,1,1,0.0221962,2223,20,23.2227,1831,1831,0,0.000673719,0.00249477,0,0,0.0112535,0,7,6,2.85714,0,0,0,1,0,0,2223,762489,2223
1,box,56,qpAdaptive,1,1,0.0158529,1488,20,23.3326,1653,1653,0,0.000661178,0.00249477,0,0,0.0168513,0.200941,7,6,2.85714,0,0,0,0.795027,0.194892,0.0100806,1488,439643,1405
1,box,56,qpFreeGate,1,1,0.129958,17339,44,17.6404,1374,1374,0,0.0267421,0.00249477,0,0,0.00482333,0,105,34,0.419048,0,0,0,1,0,0,0,0,0
1,box,56,qpFreeEnvelope,1,1,0.0127821,647,41,18.2334,946,946,0,0.00217695,0.00249477,0,0,0.119838,0.925811,105,31,0.390476,0,0,0,0.0249221,0.816199,0.158879,0,0,0
1,box,56,qpEnvelope,1,1,0.0120174,1051,20,23.2999,1477,1477,0,0.000529029,0.00249477,0,0,0.0238096,0.0780209,7,6,2.85714,0,0,0,0.921979,0.0618459,0.0161751,1051,312179,1039
1,box,63,isSafe,1,1,0.0153596,4210,23,16.3735,10,820,0,0.0528527,0.00249477,0,0,0,0,61,19,0.377049,0,0,0,0,0,0,0,0,0
1,box,63,qpFixed,1,1,0.0114087,1446,15,11.0615,892,892,0,0.00545622,0.00249477,0,0,0.0115654,0,4,4,3.75,0,0,0,1,0,0,1446,330838,977
1,box,63,qpPlain,1,1,0.0133557,1446,15,11.0615,892,892,0,0.00545622,0.00249477,0,0,0.0115654,0,4,4,3.75,0,0,0,1,0,0,1446,495978,1446
1,box,63,qpAdaptive,1,1,0.00501992,580,14,11.055,671,671,0,0.00541737,0.00249477,0,0,0.0288221,0.627586,4,4,3.5,0,0,0,0.368966,0.612069,0.0189655,580,137722,428
1,box,63,qpFreeGate,1,1,0.0517547,7090,26,15.0217,1269,1269,0,0.0194383,0.00249477,0,0,0.0058049,0,49,19,0.530612,0,0,0,1,0,0,0,0,0
1,box,63,qpFreeEnvelope,1,1,0.00970445,599,27,15.1646,804,804,0,0.00134649,0.00249477,0,0,0.0721661,0.782972,49,20,0.55102,0,0,0,0.202341,0.70903,0.0886288,0,0,0
1,box,63,qpEnvelope,1,1,0.00249516,240,15,11.0435,601,601,0,0.00520302,0.00249477,0,0,0.069549,0.483333,4,4,3.75,0,0,0,0.504167,0.441667,0.0541667,240,57387,192
1,box,70,isSafe,1,1,0.00709133,1919,12,14.4468,9,724,0,0.0289267,0.00249477,0,0,0,0,38,7,0.315789,0,0,0,0,0,0,0,0,0
1,box,70,qpFixed,1,1,0.00674946,780,8,8.10266,781,781,0,0.000125316,0.00249477,0,0,0.010388,0,1,1,8,0,0,0,1,0,0,780,212174,407
1,box,70,qpPlain,1,1,0.00722606,780,8,8.10266,781,781,0,0.000125316,0.00249477,0,0,0.010388,0,1,1,8,0,0,0,1,0,0,780,267540,780
1,box,70,qpAdaptive,1,1,0.00352316,353,8,8.10178,627,627,0,0.000124477,0.00249477,0,0,0.0229512,0.283286,1,1,8,0,0,0,0.713881,0.271955,0.0141643,353,97600,310
1,box,70,qpFreeGate,1,1,0.0191277,2557,15,9.08486,880,880,0,0.00802831,0.00249477,0,0,0.00678311,0,10,7,1.5,0,0,0,1,0,0,0,0,0
1,box,70,qpFreeEnvelope,1,1,0.00305329,159,15,12.9711,680,680,0,0.000344393,0.00249477,0,0,0.136077,0.893082,16,8,0.9375,0,0,0,0.0886076,0.765823,0.14557,0,0,0
1,box,70,qpEnvelope,1,1,0.00271662,248,8,8.09706,572,572,0,0.000123666,0.00249477,0,0,0.0326494,0.141129,1,1,8,0,0,0,0.854839,0.125,0.0201613,248,69049,229
1,box,77,isSafe,1,1,0.00744164,2063,12,13.9669,8,700,0,0.00139685,0.00249477,0,0,0,0,26,9,0.461538,0,0,0,0,0,0,0,0,0
1,box,77,qpFixed,1,1,0.0227345,2645,19,7.20325,668,668,0,0.00127517,0.00249477,0,0,0.0108647,0,7,7,2.71429,0,0,0,1,0,0,2645,657645,2001
1,box,77,qpPlain,1,1,0.0253331,2645,19,7.20325,668,668,0,0.00127517,0.00249477,0,0,0.0108647,0,7,7,2.71429,0,0,0,1,0,0,2645,907235,2645
1,box,77,qpAdaptive,1,1,0.0119712,1226,19,7.22873,531,531,0,0.00123399,0.00249477,0,0,0.0235131,0.469821,7,7,2.71429,0,0,0,0.52447,0.464927,0.0106036,1226,318100,1151
1,box,77,qpFreeGate,1,1,0.138054,18546,51,15.9005,2008,2008,0,0.00545942,0.00249477,0,0,0.00397146,0,115,41,0.443478,0,0,0,1,0,0,0,0,0
1,box,77,qpFreeEnvelope,1,1,0.0262645,1386,72,19.6524,1015,1015,0,0.00169256,0.00249477,0,0,0.0805332,0.923521,203,61,0.35468,0,0,0,0.0423049,0.81984,0.137856,0,0,0
1,box,77,qpEnvelope,1,1,0.00631424,564,19,7.21017,426,426,0,0.00128894,0.00249477,0,0,0.0516013,0.478723,7,7,2.71429,0,0,0,0.519504,0.448582,0.0319149,564,150206,529
1,box,84,isSafe,1,1,0.0105328,2908,17,10.2923,7,516,0,0.0586728,0.00249477,0,0,0,0,35,13,0.485714,0,0,0,0,0,0,0,0,0
1,box,84,qpFixed,1,1,0.0118083,1433,12,13.8058,1036,1036,0,0.0033142,0.00249477,0,0,0.0121174,0,4,4,3,0,0,0,1,0,0,1433,348518,998
1,box,84,qpPlain,1,1,0.0132069,1433,12,13.8058,1036,1036,0,0.0033142,0.00249477,0,0,0.0121174,0,4,4,3,0,0,0,1,0,0,1433,491519,1433
1,box,84,qpAdaptive,1,1,0.00516199,562,12,13.8254,824,824,0,0.00295131,0.00249477,0,0,0.0309739,0.660142,4,4,3,0,0,0,0.329181,0.654804,0.0160142,562,138832,506
1,box,84,qpFreeGate,1,1,0.0333419,4502,23,12.8974,1448,1448,0,0.00707907,0.00249477,0,0,0.00543616,0,22,11,1.04545,0,0,0,1,0,0,0,0,0
1,box,84,qpFreeEnvelope,1,1,0.00521174,304,23,13.0852,729,729,0,0.000201206,0.00249477,0,0,0.0805416,0.878289,22,11,1.04545,0,0,0,0.105263,0.782895,0.111842,0,0,0
1,box,84,qpEnvelope,1,1,0.00294656,269,12,13.8443,757,757,0,0.00190762,0.00249477,0,0,0.0648949,0.553903,4,4,3,0,0,0,0.446097,0.516729,0.0371747,269,66766,244
1,box,91,isSafe,1,1,0.00547823,1484,10,10.195,7,511,0,0.00557835,0.00249477,0,0,0,0,40,5,0.25,0,0,0,0,0,0,0,0,0
1,box,91,qpFixed,1,1,0.086686,9304,78,20.6084,1815,1815,0,0.00057703,0.00249477,0,0,0.0104948,0,31,28,2.51613,0,0,0,1,0,0,9304,2553260,7907
1,box,91,qpPlain,1,1,0.0912615,9304,78,20.6084,1815,1815,0,0.00057703,0.00249477,0,0,0.0104948,0,31,28,2.51613,0,0,0,1,0,0,9304,3191272,9304
1,box,91,qpAdaptive,1,1,0.0618006,6150,79,20.6251,1477,1477,0,0.000573736,0.00249477,0,0,0.0158714,0.274472,31,28,2.54839,0,0,0,0.722764,0.268455,0.00878049,6150,1684604,5775
1,box,91,qpFreeGate,1,1,0.192486,25757,68,21.2889,2119,2119,0,0.000594818,0.00249477,0,0,0.00402171,0,179,55,0.379888,0,0,0,1,0,0,0,0,0
1,box,91,qpFreeEnvelope,1,1,0.0221185,1200,60,29.8369,1561,1561,0,0.000783512,0.00249477,0,0,0.0769614,0.908333,169,48,0.35503,0,0,0,0.0515638,0.825866,0.12257,0,0,0
1,box,91,qpEnvelope,1,1,0.00678798,625,23,14.5362,871,871,0,0.000687106,0.00249477,0,0,0.0343408,0.2512,5,5,4.6,0,0,0,0.7424,0.232,0.0256,625,173930,610
1,box,98,isSafe,1,1,0.00684146,1865,11,15.236,9,763,0,0.00327666,0.00249477,0,0,0,0,46,7,0.23913,0,0,0,0,0,0,0,0,0
1,box,98,qpFixed,1,1,0.00743412,905,12,10.3407,777,777,0,0.00967405,0.00249477,0,0,0.0130908,0,2,2,6,0,0,0,1,0,0,905,225156,532
1,box,98,qpPlain,1,1,0.00822305,905,12,10.3407,777,777,0,0.00967405,0.00249477,0,0,0.0130908,0,2,2,6,0,0,0,1,0,0,905,310415,905
1,box,98,qpAdaptive,1,1,0.00206234,221,12,10.3593,612,612,0,0.00949531,0.00249477,0,0,0.0536285,0.733032,2,2,6,0,0,0,0.257919,0.696833,0.0452489,221,60943,147
1,box,98,qpFreeGate,1,1,0.0414079,5599,17,12.2428,1516,1516,0,0.00370892,0.00249477,0,0,0.00426281,0,32,12,0.53125,0,0,0,1,0,0,0,0,0
1,box,98,qpFreeEnvelope,1,1,0.00457234,255,15,14.1852,747,747,0,4.10542e-05,0.00249477,0,0,0.0790391,0.917647,25,10,0.6,0,0,0,0.0629921,0.811024,0.125984,0,0,0
1,box,98,qpEnvelope,1,1,0.000949638,76,11,10.4342,561,561,0,0.0130455,0.00249477,0,0,0.157192,1,2,2,5.5,0,0,0,0,0.868421,0.131579,76,21621,47
1,table_pick,5,isSafe,1,1,0.0487236,8823,43,15.5822,9,781,0,0.00514548,0.00249477,0,0,0,0,232,40,0.185345,0,0,0,0,0,0,0,0,0
1,table_pick,5,qpFixed,1,1,0.00618604,699,7,8.38791,700,700,0,0.00323215,0.00249477,0,0,0.0119999,0,1,1,7,0,0,0,1,0,0,699,155424,119
1,table_pick,5,qpPlain,1,1,0.00723389,699,7,8.38791,700,700,0,0.00323215,0.00249477,0,0,0.0119999,0,1,1,7,0,0,0,1,0,0,699,239757,699
1,table_pick,5,qpAdaptive,1,1,0.000878029,81,7,8.38828,458,458,0,0.00323215,0.00249477,0,0,0.103559,0.592593,1,1,7,0,0,0,0.407407,0.530864,0.0617284,81,20034,53
1,table_pick,5,qpFreeGate,1,1,0.0217924,2346,14,11.3682,848,848,0,0.00284819,0.00249477,0,0,0.00790196,0,16,7,0.875,0,0,0,1,0,0,0,0,0
1,table_pick,5,qpFreeEnvelope,1,1,0.00402,162,14,11.4147,592,592,0,0.00283885,0.00249477,0,0,0.115302,0.981481,16,7,0.875,0,0,0,0.0123457,0.845679,0.141975,0,0,0
1,table_pick,5,qpEnvelope,1,1,0.000584365,43,7,8.38977,443,443,0,0.00320961,0.00249477,0,0,0.195111,0.697674,1,1,7,0,0,0,0.302326,0.581395,0.116279,43,10652,29
1,table_pick,12,isSafe,1,1,0.0176725,3191,15,12.0979,8,606,0,0.00107519,0.00249477,0,0,0,0,42,10,0.357143,0,0,0,0,0,0,0,0,0
1,table_pick,12,qpFixed,1,1,0.00687207,711,7,7.74999,712,712,0,0.00148855,0.00249477,0,0,0.0109001,0,1,1,7,0,0,0,1,0,0,711,188108,162
1,table_pick,12,qpPlain,1,1,0.00745727,711,7,7.74999,712,712,0,0.00148855,0.00249477,0,0,0.0109001,0,1,1,7,0,0,0,1,0,0,711,243873,711
1,table_pick,12,qpAdaptive,1,1,0.00158778,139,7,7.78284,459,459,0,0.00151941,0.00249477,0,0,0.0559917,0.467626,1,1,7,0,0,0,0.52518,0.438849,0.0359712,139,40860,87
1,table_pick,12,qpFreeGate,1,1,0.0583363,6208,22,12.4802,939,939,0,0.00228964,0.00249477,0,0,0.00552478,0,54,18,0.407407,0,0,0,1,0,0,0,0,0
1,table_pick,12,qpFreeEnvelope,1,1,0.0100937,388,19,12.5819,648,648,0,0.0023107,0.00249477,0,0,0.0862721,0.981959,54,15,0.351852,0,0,0,0.00773196,0.89433,0.0979381,0,0,0
1,table_pick,12,qpEnvelope,1,1,0.00127846,84,11,10.434,557,557,0,0.00149707,0.00249477,0,0,0.173433,0.571429,2,2,5.5,0,0,0,0.428571,0.452381,0.119048,84,24326,55
1,table_pick,19,isSafe,1,1,0.00523471,945,7,9.40743,6,472,0,0.00168391,0.00249477,0,0,0,0,2,2,3.5,0,0,0,0,0,0,0,0,0
1,table_pick,19,qpFixed,1,1,0.00612255,631,6,7.70842,632,632,0,0.000857713,0.00249477,0,0,0.0122162,0,1,1,6,0,0,0,1,0,0,631,153417,330
1,table_pick,19,qpPlain,1,1,0.00690604,631,6,7.70842,632,632,0,0.000857713,0.00249477,0,0,0.0122162,0,1,1,6,0,0,0,1,0,0,631,216433,631
1,table_pick,19,qpAdaptive,1,1,0.0026924,247,6,7.70937,499,499,0,0.000821127,0.00249477,0,0,0.031212,0.408907,1,1,6,0,0,0,0.591093,0.392713,0.0161943,247,63973,199
1,table_pick,19,qpFreeGate,1,1,0.00792132,853,7,8.43131,740,740,0,0.0014654,0.00249477,0,0,0.00998317,0,2,2,3.5,0,0,0,1,0,0,0,0,0
1,table_pick,19,qpFreeEnvelope,1,1,0.00122247,49,7,8.42673,444,444,0,0.00147091,0.00249477,0,0,0.174106,0.918367,2,2,3.5,0,0,0,0.0816327,0.816327,0.102041,0,0,0
1,table_pick,19,qpEnvelope,1,1,0.00208467,177,6,7.72304,461,461,0,0.000695705,0.00249477,0,0,0.043633,0.429379,1,1,6,0,0,0,0.570621,0.40678,0.0225989,177,46079,154
1,table_pick,26,isSafe,1,1,0.0249828,4516,24,12.7125,8,637,0,0.000243811,0.00249477,0,0,0,0,120,20,0.2,0,0,0,0,0,0,0,0,0
1,table_pick,26,qpFixed,1,1,0.00821312,754,8,8.8373,755,755,0,0.000573106,0.00249477,0,0,0.0117206,0,1,1,8,0,0,0,1,0,0,754,213353,612
1,table_pick,26,qpPlain,1,1,0.00842266,754,8,8.8373,755,755,0,0.000573106,0.00249477,0,0,0.0117206,0,1,1,8,0,0,0,1,0,0,754,258622,754
1,table_pick,26,qpAdaptive,1,1,0.0146413,1208,17,11.4267,766,766,0,0.000580633,0.00249477,0,0,0.0190828,0.426325,5,5,3.4,0,0,0,0.57202,0.418874,0.00910596,1208,361867,1154
1,table_pick,26,qpFreeGate,1,1,0.0738736,7873,35,16.4707,1363,1363,0,0.00456645,0.00249477,0,0,0.00558779,0,64,23,0.546875,0,0,0,1,0,0,0,0,0
1,table_pick,26,qpFreeEnvelope,1,1,0.0121259,464,32,16.6132,861,861,0,0.00458209,0.00249477,0,0,0.0917617,0.965517,64,22,0.5,0,0,0,0.00867679,0.839479,0.151844,0,0,0
1,table_pick,26,qpEnvelope,1,1,0.00644855,464,16,11.3989,686,686,0,0.000575252,0.00249477,0,0,0.0493785,0.413793,5,5,3.2,0,0,0,0.579741,0.387931,0.0323276,464,139550,449
1,table_pick,33,isSafe,1,1,0.0100692,1651,9,5.70898,4,287,0,0.000176083,0.00249477,0,0,0,0,20,6,0.45,0,0,0,0,0,0,0,0,0
1,table_pick,33,qpFixed,1,1,0.00593411,547,7,6.66744,548,548,0,0.00206253,0.00249477,0,0,0.0121891,0,1,1,7,0,0,0,1,0,0,547,142198,413
1,table_pick,33,qpPlain,1,1,0.00628165,547,7,6.66744,548,548,0,0.00206253,0.00249477,0,0,0.0121891,0,1,1,7,0,0,0,1,0,0,547,187621,547
1,table_pick,33,qpAdaptive,1,1,0.00229739,191,7,6.67438,425,425,0,0.00192089,0.00249477,0,0,0.0349444,0.65445,1,1,7,0,0,0,0.340314,0.633508,0.026178,191,53352,169
1,table_pick,33,qpFreeGate,1,1,0.274985,27842,66,8.94002,1037,1037,0,0.00168454,0.00249477,0,0,0.00340573,0,260,54,0.253846,0,0,0,1,0,0,0,0,0
1,table_pick,33,qpFreeEnvelope,1,1,0.0505999,1880,65,9.2937,501,501,0,0.00076789,0.00249477,0,0,0.0562159,0.950532,270,61,0.240741,0,0,0,0.014485,0.877682,0.107833,0,0,0
1,table_pick,33,qpEnvelope,1,1,0.00156984,115,7,6.69176,394,394,0,0.00181298,0.00249477,0,0,0.0581893,0.6,1,1,7,0,0,0,0.391304,0.565217,0.0434783,115,32727,105
1,table_pick,40,isSafe,1,1,0.0613734,11090,53,16.386,10,821,0,0.000345287,0.00249477,0,0,0,0,290,49,0.182759,0,0,0,0,0,0,0,0,0
1,table_pick,40,qpFixed,1,1,0.00667084,652,7,8.72894,653,653,0,0.000364243,0.00249477,0,0,0.0133879,0,1,1,7,0,0,0,1,0,0,652,167093,328
1,table_pick,40,qpPlain,1,1,0.00713116,652,7,8.72894,653,653,0,0.000364243,0.00249477,0,0,0.0133879,0,1,1,7,0,0,0,1,0,0,652,223636,652
1,table_pick,40,qpAdaptive,1,1,0.00335612,281,7,8.7281,576,576,0,0.000364243,0.00249477,0,0,0.0310608,0.309609,1,1,7,0,0,0,0.686833,0.298932,0.0142349,281,81303,251
1,table_pick,40,qpFreeGate,1,1,0.257713,27385,80,22.5439,1984,1984,0,0.00100893,0.00249477,0,0,0.00469361,0,260,74,0.307692,0,0,0,1,0,0,0,0,0
1,table_pick,40,qpFreeEnvelope,1,1,0.0475121,1860,90,21.7283,1175,1175,0,0.00024371,0.00249477,0,0,0.0794887,0.907527,291,79,0.309278,0,0,0,0.0486339,0.825137,0.12623,0,0,0
1,table_pick,40,qpEnvelope,1,1,0.00258181,199,7,8.73102,529,529,0,0.000350211,0.00249477,0,0,0.0438745,0.165829,1,1,7,0,0,0,0.834171,0.145729,0.0201005,199,58148,189
1,table_pick,47,isSafe,1,1,0.0820264,14840,72,9.46443,6,475,0,0.00459562,0.00249477,0,0,0,0,414,68,0.173913,0,0,0,0,0,0,0,0,0
1,table_pick,47,qpFixed,1,1,0.00808388,762,6,5.08496,359,359,0,0.00380479,0.00249477,0,0,0.0112863,0,3,2,2,0,0,0,1,0,0,762,200622,332
1,table_pick,47,qpPlain,1,1,0.00868481,762,6,5.08496,359,359,0,0.00380479,0.00249477,0,0,0.0112863,0,3,2,2,0,0,0,1,0,0,762,261366,762
1,table_pick,47,qpAdaptive,1,1,0.00444043,344,6,5.08536,291,291,0,0.00380479,0.00249477,0,0,0.0250099,0.188953,3,2,2,0,0,0,0.80814,0.180233,0.0116279,344,95003,308
1,table_pick,47,qpFreeGate,1,1,0.399134,42478,111,12.4357,954,954,0,0.00459562,0.00249477,0,0,0.00453276,0,417,103,0.266187,0,0,0,1,0,0,0,0,0
1,table_pick,47,qpFreeEnvelope,1,1,0.0665227,2608,110,12.4514,645,645,0,0.00459562,0.00249477,0,0,0.0736253,0.955138,417,102,0.263789,0,0,0,0.00625489,0.867866,0.12588,0,0,0
1,table_pick,47,qpEnvelope,1,1,0.00412218,303,6,5.08955,280,280,0,0.00380479,0.00249477,0,0,0.0284086,0.105611,3,2,2,0,0,0,0.894389,0.0924092,0.0132013,303,83643,290
1,table_pick,54,isSafe,1,1,0.00883354,1604,10,11.2217,7,563,0,0.00366149,0.00249477,0,0,0,0,20,6,0.5,0,0,0,0,0,0,0,0,0
1,table_pick,54,qpFixed,1,1,0.00646991,695,7,7.61703,696,696,0,0.00345081,0.00249477,0,0,0.0109598,0,1,1,7,0,0,0,1,0,0,695,166552,115
1,table_pick,54,qpPlain,1,1,0.00729074,695,7,7.61703,696,696,0,0.00345081,0.00249477,0,0,0.0109598,0,1,1,7,0,0,0,1,0,0,695,238385,695
1,table_pick,54,qpAdaptive,1,1,0.0014576,131,7,7.61771,456,456,0,0.00345796,0.00249477,0,0,0.0581505,0.740458,1,1,7,0,0,0,0.259542,0.70229,0.0381679,131,33809,92
1,table_pick,54,qpFreeGate,1,1,0.0345858,3709,18,12.5381,1154,1154,0,0.00365999,0.00249477,0,0,0.00704795,0,26,12,0.692308,0,0,0,1,0,0,0,0,0
1,table_pick,54,qpFreeEnvelope,1,1,0.0063112,243,20,15.9757,826,826,0,0.0036613,0.00249477,0,0,0.130387,0.987654,28,14,0.714286,0,0,0,0,0.838174,0.161826,0,0,0
1,table_pick,54,qpEnvelope,1,1,0.00101914,73,7,7.61999,409,409,0,0.00348638,0.00249477,0,0,0.104383,0.945205,1,1,7,0,0,0,0.0410959,0.890411,0.0684932,73,18643,53
1,table_pick,61,isSafe,1,1,0.0396863,7192,37,18.1115,11,907,0,0.00515588,0.00249477,0,0,0,0,187,33,0.197861,0,0,0,0,0,0,0,0,0
1,table_pick,61,qpFixed,1,1,0.00660745,633,7,7.2016,634,634,0,0.00117433,0.00249477,0,0,0.0113769,0,1,1,7,0,0,0,1,0,0,633,160247,365
1,table_pick,61,qpPlain,1,1,0.00716626,633,7,7.2016,634,634,0,0.00117433,0.00249477,0,0,0.0113769,0,1,1,7,0,0,0,1,0,0,633,217119,633
1,table_pick,61,qpAdaptive,1,1,0.00429534,355,7,7.2018,527,527,0,0.00117433,0.00249477,0,0,0.0202867,0.152113,1,1,7,0,0,0,0.84507,0.143662,0.0112676,355,99418,331
1,table_pick,61,qpFreeGate,1,1,0.0386871,4151,19,8.16588,777,777,0,0.00515588,0.00249477,0,0,0.00626808,0,36,13,0.527778,0,0,0,1,0,0,0,0,0
1,table_pick,61,qpFreeEnvelope,1,1,0.00565257,218,17,7.55879,392,392,0,0.00515588,0.00249477,0,0,0.105571,0.958716,34,11,0.5,0,0,0,0.0185185,0.791667,0.189815,0,0,0
1,table_pick,61,qpEnvelope,1,1,0.00286225,216,7,7.21502,466,466,0,0.00124597,0.00249477,0,0,0.0334029,0.310185,1,1,7,0,0,0,0.689815,0.287037,0.0231481,216,60398,206
1,table_pick,68,isSafe,1,1,0.00495548,897,7,8.76886,6,440,0,0.000336362,0.00249477,0,0,0,0,6,2,1.16667,0,0,0,0,0,0,0,0,0
1,table_pick,68,qpFixed,1,1,0.00625888,693,7,7.56979,694,694,0,0.00375239,0.00249477,0,0,0.0109232,0,1,1,7,0,0,0,1,0,0,693,160540,104
1,table_pick,68,qpPlain,1,1,0.00719285,693,7,7.56979,694,694,0,0.00375239,0.00249477,0,0,0.0109232,0,1,1,7,0,0,0,1,0,0,693,237699,693
1,table_pick,68,qpAdaptive,1,1,0.000876262,78,7,7.5741,425,425,0,0.00375239,0.00249477,0,0,0.0971038,0.705128,1,1,7,0,0,0,0.294872,0.641026,0.0641026,78,21417,46
1,table_pick,68,qpFreeGate,1,1,0.0211457,2269,14,9.1267,859,859,0,0.000888847,0.00249477,0,0,0.00846721,0,14,7,1,0,0,0,1,0,0,0,0,0
1,table_pick,68,qpFreeEnvelope,1,1,0.00332943,133,14,5.66308,315,315,0,0.000892157,0.00249477,0,0,0.118083,0.954887,12,6,1.16667,0,0,0,0.0300752,0.834586,0.135338,0,0,0
1,table_pick,68,qpEnvelope,1,1,0.000564132,38,7,7.58275,400,400,0,0.00372777,0.00249477,0,0,0.199546,0.894737,1,1,7,0,0,0,0.105263,0.763158,0.131579,38,10506,25
1,table_pick,75,isSafe,1,1,0.00557986,1009,7,9.85526,6,494,0,0.00348769,0.00249477,0,0,0,0,4,2,1.75,0,0,0,0,0,0,0,0,0
1,table_pick,75,qpFixed,1,1,0.00611111,685,7,8.18357,686,686,0,0.00446873,0.00249477,0,0,0.0119468,0,1,1,7,0,0,0,1,0,0,685,148107,68
1,table_pick,75,qpPlain,1,1,0.00715571,685,7,8.18357,686,686,0,0.00446873,0.00249477,0,0,0.0119468,0,1,1,7,0,0,0,1,0,0,685,234955,685
1,table_pick,75,qpAdaptive,1,1,0.000623309,57,7,8.18365,435,435,0,0.00446873,0.00249477,0,0,0.143573,0.77193,1,1,7,0,0,0,0.22807,0.684211,0.0877193,57,14747,20
1,table_pick,75,qpFreeGate,1,1,0.0107971,1170,8,9.60263,843,843,0,0.00306599,0.00249477,0,0,0.00932279,0,4,3,2,0,0,0,1,0,0,0,0,0
1,table_pick,75,qpFreeEnvelope,1,1,0.00135034,56,8,9.59963,501,501,0,0.00309626,0.00249477,0,0,0.195873,0.964286,4,3,2,0,0,0,0.0357143,0.857143,0.107143,0,0,0
1,table_pick,75,qpEnvelope,1,1,0.000491116,35,7,8.18362,425,425,0,0.00446128,0.00249477,0,0,0.233818,0.714286,1,1,7,0,0,0,0.285714,0.571429,0.142857,35,8750,14
1,table_pick,82,isSafe,1,1,0.0155543,2798,16,10.0192,7,502,0,0.00322353,0.00249477,0,0,0,0,68,12,0.235294,0,0,0,0,0,0,0,0,0
1,table_pick,82,qpFixed,1,1,0.04166,3601,27,14.4053,1172,1172,0,5.48113e-05,0.00249477,0,0,0.0107282,0,11,9,2.45455,0,0,0,1,0,0,3601,1005679,3313
1,table_pick,82,qpPlain,1,1,0.042436,3601,27,14.4053,1172,1172,0,5.48113e-05,0.00249477,0,0,0.0107282,0,11,9,2.45455,0,0,0,1,0,0,3601,1235143,3601
1,table_pick,82,qpAdaptive,1,1,0.0300095,2426,27,14.4785,1013,1013,0,5.48679e-05,0.00249477,0,0,0.0159598,0.362325,11,9,2.45455,0,0,0,0.636026,0.357378,0.00659522,2426,687418,2370
1,table_pick,82,qpFreeGate,1,1,0.0706461,7485,20,13.6888,1284,1284,0,0.00166066,0.00249477,0,0,0.00413177,0,55,15,0.363636,0,0,0,1,0,0,0,0,0
1,table_pick,82,qpFreeEnvelope,1,1,0.0831126,3185,108,14.5923,760,760,0,0.00165386,0.00249477,0,0,0.0605714,0.967975,497,104,0.217304,0,0,0,0.000633914,0.857052,0.142314,0,0,0
1,table_pick,82,qpEnvelope,1,1,0.0195468,1480,27,14.567,932,932,2,-1.39653e-05,0.00249477,0,0,0.0263071,0.20473,11,9,2.45455,0,0,0,0.791892,0.193243,0.0148649,1480,419782,1451
1,table_pick,89,isSafe,1,1,0.00873277,1577,10,11.3628,7,570,0,0.000934301,0.00249477,0,0,0,0,22,6,0.454545,0,0,0,0,0,0,0,0,0
1,table_pick,89,qpFixed,1,1,0.00768385,710,7,8.43437,711,711,0,0.000437959,0.00249477,0,0,0.0118794,0,1,1,7,0,0,0,1,0,0,710,185112,518
1,table_pick,89,qpPlain,1,1,0.00808448,710,7,8.43437,711,711,0,0.000437959,0.00249477,0,0,0.0118794,0,1,1,7,0,0,0,1,0,0,710,243530,710
1,table_pick,89,qpAdaptive,1,1,0.00518836,433,7,8.61564,644,644,0,0.000436413,0.00249477,0,0,0.0198976,0.228637,1,1,7,0,0,0,0.771363,0.2194,0.00923788,433,115885,406
1,table_pick,89,qpFreeGate,1,1,0.0592952,6363,21,9.92294,948,948,0,0.00137477,0.00249477,0,0,0.00563081,0,53,16,0.396226,0,0,0,1,0,0,0,0,0
1,table_pick,89,qpFreeEnvelope,1,1,0.0173738,681,40,14.3179,762,762,0,0.00225904,0.00249477,0,0,0.0849439,0.951542,98,25,0.408163,0,0,0,0.0251852,0.825185,0.14963,0,0,0
1,table_pick,89,qpEnvelope,1,1,0.00451118,357,12,8.83643,616,616,0,0.000351102,0.00249477,0,0,0.0247519,0.187675,1,1,12,0,0,0,0.803922,0.170868,0.0252101,357,94688,345
1,table_pick,96,isSafe,1,1,0.0151537,2730,16,4.31062,4,217,0,0.00132782,0.00249477,0,0,0,0,34,12,0.470588,0,0,0,0,0,0,0,0,0
1,table_pick,96,qpFixed,1,1,0.00380988,423,5,5.51896,424,424,0,0.00433955,0.00249477,0,0,0.0130472,0,1,1,5,0,0,0,1,0,0,423,92104,58
1,table_pick,96,qpPlain,1,1,0.00444669,423,5,5.51896,424,424,0,0.00433955,0.00249477,0,0,0.0130472,0,1,1,5,0,0,0,1,0,0,423,145089,423
1,table_pick,96,qpAdaptive,1,1,0.00058891,53,5,5.52149,303,303,0,0.00433955,0.00249477,0,0,0.104179,0.811321,1,1,5,0,0,0,0.169811,0.773585,0.0566038,53,13235,27
1,table_pick,96,qpFreeGate,1,1,0.0302081,3247,21,2.79282,271,271,0,0.00120583,0.00249477,0,0,0.00804001,0,34,16,0.617647,0,0,0,1,0,0,0,0,0
1,table_pick,96,qpFreeEnvelope,1,1,0.0063908,255,21,2.80599,164,164,0,0.00120425,0.00249477,0,0,0.1011,0.890196,34,15,0.617647,0,0,0,0.0823529,0.803922,0.113725,0,0,0
1,table_pick,96,qpEnvelope,1,1,0.000421312,30,5,5.52421,288,288,0,0.00433955,0.00249477,0,0,0.18414,0.733333,1,1,5,0,0,0,0.266667,0.633333,0.1,30,7382,19
1,cage,3,isSafe,1,1,0.633329,158456,1000,18.9243,12,948,0,0.0101639,0.00249477,0,0,0,0,10475,997,0.0954654,0,0,0,0,0,0,0,0,0
1,cage,3,qpFixed,1,1,0.165469,16930,95,23.11,1938,1938,0,0.00174275,0.00249477,0,0,0.008689,0,62,48,1.53226,0,0,0,1,0,0,16930,4601493,15847
1,cage,3,qpPlain,1,1,0.174278,16930,95,23.11,1938,1938,0,0.00174275,0.00249477,0,0,0.008689,0,62,48,1.53226,0,0,0,1,0,0,16930,5806990,16930
1,cage,3,qpAdaptive,1,1,0.117845,11391,95,23.2038,1469,1469,0,0.00151328,0.00249477,0,0,0.0131812,0.331841,62,49,1.53226,0,0,0,0.665789,0.327803,0.00640857,11391,3072161,11175
1,cage,3,qpFreeGate,1,1,3.13124,402436,645,25.6883,2826,2826,0,0.00368865,0.00249477,0,0,0.00270806,0,3461,620,0.186362,0,0,0,1,0,0,0,0,0
1,cage,3,qpFreeEnvelope,1,1,0.402618,21019,625,30.3912,1641,1641,0,0.00172007,0.00249477,0,0,0.0494393,0.898616,3461,605,0.180584,0,0,0,0.0471199,0.83525,0.11763,0,0,0
1,cage,3,qpEnvelope,1,1,0.0827463,7626,92,23.2539,1312,1312,0,0.000567639,0.00249477,0,0,0.0194585,0.270653,62,48,1.48387,0,0,0,0.727905,0.261081,0.0110149,7626,2031379,7545
1,cage,10,isSafe,1,1,0.74414,160644,1003,22.4508,14,1124,0,0.0159417,0.00249477,0,0,0,0,9715,999,0.103242,0,0,0,0,0,0,0,0,0
1,cage,10,qpFixed,1,1,0.125453,11800,63,18.0832,1439,1439,85,-0.00283027,0.00249477,0,0,0.00883007,0,47,33,1.34043,0,0,0,1,0,0,11800,3191357,11024
1,cage,10,qpPlain,1,1,0.128537,11800,63,18.0832,1439,1439,85,-0.00283027,0.00249477,0,0,0.00883007,0,47,33,1.34043,0,0,0,1,0,0,11800,4047400,11800
1,cage,10,qpAdaptive,1,1,0.621898,55053,268,21.3091,1416,1416,0,0.00110289,0.00249477,0,0,0.0100492,0.208436,333,180,0.804805,0,0,0,0.790471,0.206514,0.00301533,55053,14897609,54225
1,cage,10,qpFreeGate,1,0,10.0001,1167286,1704,0,0,0,0,inf,inf,0,0,0.00238872,0,10422,1675,0.1635,0,0,0,1,0,0,0,0,0
1,cage,10,qpFreeEnvelope,1,1,0.179772,8513,267,21.1547,1120,1120,0,0.00209582,0.00249477,0,0,0.0549794,0.933279,1213,248,0.220115,0,0,0,0.0240632,0.863283,0.112654,0,0,0
1,cage,10,qpEnvelope,1,1,0.50406,44067,279,21.3124,1270,1270,0,0.000690664,0.00249477,0,0,0.0128324,0.15869,333,185,0.837838,0,0,0,0.840467,0.154518,0.0050152,44067,11885684,43758
1,cage,17,isSafe,1,1,0.0799282,20402,103,20.4533,12,1024,0,0.000564998,0.00010259,0,0,0,0,695,99,0.148201,0,0,0,0,0,0,0,0,0
1,cage,17,qpFixed,1,1,0.258957,26303,119,29.2429,2306,2306,0,0.000506733,0.00249477,0,0,0.00840921,0,104,72,1.14423,0,0,0,1,0,0,26303,7041625,24062
1,cage,17,qpPlain,1,1,0.270263,26303,119,29.2429,2306,2306,0,0.000506733,0.00249477,0,0,0.00840921,0,104,72,1.14423,0,0,0,1,0,0,26303,9021929,26303
1,cage,17,qpAdaptive,1,1,0.19518,18550,117,29.2702,1990,1990,0,0.00050106,0.00249477,0,0,0.0118138,0.239137,104,71,1.125,0,0,0,0.759556,0.236455,0.00398943,18550,4931529,18257
1,cage,17,qpFreeGate,1,1,5.84773,750278,1144,35.52,3602,3602,0,0.00161443,0.00249477,0,0,0.00258571,0,6546,1117,0.174763,0,0,0,1,0,0,0,0,0
1,cage,17,qpFreeEnvelope,1,1,0.304068,15884,524,22.0456,1216,1216,0,0.000823932,0.00249477,0,0,0.0537146,0.897255,2639,500,0.19856,0,0,0,0.0433912,0.845871,0.110738,0,0,0
1,cage,17,qpEnvelope,1,1,0.163299,15192,119,29.4303,1757,1757,30,-3.86055e-05,0.00249477,0,0,0.0143874,0.147973,104,70,1.14423,0,0,0,0.851162,0.143309,0.00552959,15192,4053983,15083
1,cage,24,isSafe,1,1,0.261115,66101,367,23.3199,14,1167,0,0.00298999,0.00156288,0,0,0,0,3259,363,0.112611,0,0,0,0,0,0,0,0,0
1,cage,24,qpFixed,1,1,0.540955,55560,234,29.5516,2456,2456,0,0.00152093,0.00249477,0,0,0.00775613,0,241,143,0.970954,0,0,0,1,0,0,55560,14821030,50591
1,cage,24,qpPlain,1,1,0.567167,55560,234,29.5516,2456,2456,0,0.00152093,0.00249477,0,0,0.00775613,0,241,143,0.970954,0,0,0,1,0,0,55560,19057080,55560
1,cage,24,qpAdaptive,1,1,0.525541,51030,292,32.6915,2390,2390,62,-0.00781633,0.00249477,0,0,0.0102659,0.192945,301,173,0.9701,0,0,0,0.805585,0.190594,0.00382128,51030,13698867,50086
1,cage,24,qpFreeGate,1,1,3.11046,400545,656,24.7389,2152,2152,0,0.00477265,0.00249477,0,0,0.00283722,0,3319,631,0.19765,0,0,0,1,0,0,0,0,0
1,cage,24,qpFreeEnvelope,1,1,0.660844,35139,951,16.6451,873,873,0,0.0059068,0.00249477,0,0,0.0441414,0.899286,5378,926,0.176832,0,0,0,0.0488349,0.842293,0.108872,0,0,0
1,cage,24,qpEnvelope,1,1,0.355313,33701,243,30.5088,2091,2091,0,0.000149873,0.00249477,0,0,0.0131903,0.121124,248,149,0.979839,0,0,0,0.878431,0.115783,0.00578618,33701,8878023,33369
1,cage,31,isSafe,1,1,0.149555,38051,201,17.2278,10,863,0,0.00113287,0.00249477,0,0,0,0,1664,198,0.120793,0,0,0,0,0,0,0,0,0
1,cage,31,qpFixed,1,1,0.0495066,5275,31,16.1026,1527,1527,0,0.000201694,0.00249477,0,0,0.00895506,0,17,13,1.82353,0,0,0,1,0,0,5275,1401649,4692
1,cage,31,qpPlain,1,1,0.0520064,5275,31,16.1026,1527,1527,0,0.000201694,0.00249477,0,0,0.00895506,0,17,13,1.82353,0,0,0,1,0,0,5275,1809325,5275
1,cage,31,qpAdaptive,1,1,0.0268265,2698,31,16.1341,1247,1247,0,0.000203309,0.00249477,0,0,0.0175729,0.441809,17,13,1.82353,0,0,0,0.554114,0.438102,0.00778354,2698,716451,2602
1,cage,31,qpFreeGate,1,1,2.05792,265602,452,30.3313,2993,2993,0,0.00413671,0.00249477,0,0,0.00294593,0,2231,429,0.2026,0,0,0,1,0,0,0,0,0
1,cage,31,qpFreeEnvelope,1,1,1.883,94841,2976,33.673,1784,1784,0,0.000976188,0.00249477,0,0,0.0433719,0.891945,18899,2928,0.157469,0,0,0,0.0336277,0.844521,0.121851,0,0,0
1,cage,31,qpEnvelope,1,1,0.0188932,1738,31,16.2114,1083,1083,0,0.000215472,0.00249477,0,0,0.027419,0.403913,17,13,1.82353,0,0,0,0.59206,0.391254,0.0166858,1738,457203,1690
1,cage,38,isSafe,1,1,1.62199,396142,2869,28.3803,18,1421,0,0.00259868,0.00249477,0,0,0,0,28119,2865,0.102031,0,0,0,0,0,0,0,0,0
1,cage,38,qpFixed,1,1,0.19598,20265,120,25.0386,2129,2129,0,0.00197537,0.00249477,0,0,0.00899631,0,76,61,1.57895,0,0,0,1,0,0,20265,5421300,18054
1,cage,38,qpPlain,1,1,0.20499,20265,120,25.0386,2129,2129,0,0.00197537,0.00249477,0,0,0.00899631,0,76,61,1.57895,0,0,0,1,0,0,20265,6950895,20265
1,cage,38,qpAdaptive,1,1,0.14221,13742,120,25.0781,1671,1671,0,0.00188053,0.00249477,0,0,0.0132012,0.274414,76,61,1.57895,0,0,0,0.724203,0.271649,0.00414787,13742,3709669,13278
1,cage,38,qpFreeGate,1,1,2.09577,270278,485,26.4565,3406,3406,0,0.00193681,0.00249477,0,0,0.00302686,0,2229,451,0.217586,0,0,0,1,0,0,0,0,0
1,cage,38,qpFreeEnvelope,1,1,0.747844,38904,1174,12.6721,715,715,0,0.000141868,0.00249477,0,0,0.0474475,0.882249,6744,1137,0.174081,0,0,0,0.0514679,0.835643,0.11289,0,0,0
1,cage,38,qpEnvelope,1,1,0.112494,10487,117,25.1112,1471,1471,0,0.00105624,0.00249477,0,0,0.0176438,0.175074,76,60,1.53947,0,0,0,0.823591,0.167922,0.0084867,10487,2763759,10319
1,cage,45,isSafe,1,1,0.370652,93403,533,32.446,19,1624,0,0.00216488,1.39925e-05,0,0,0,0,5051,529,0.105524,0,0,0,0,0,0,0,0,0
1,cage,45,qpFixed,1,1,0.138998,14000,72,13.3259,1283,1283,0,0.00043927,0.00249477,0,0,0.00845154,0,52,40,1.38462,0,0,0,1,0,0,14000,3878329,12969
1,cage,45,qpPlain,1,1,0.141434,14000,72,13.3259,1283,1283,0,0.00043927,0.00249477,0,0,0.00845154,0,52,40,1.38462,0,0,0,1,0,0,14000,4802000,14000
1,cage,45,qpAdaptive,1,1,0.0945612,8993,72,13.3128,962,962,0,0.000304235,0.00249477,0,0,0.0131661,0.329256,52,40,1.38462,0,0,0,0.668298,0.32592,0.00578228,8993,2481997,8820
1,cage,45,qpFreeGate,1,1,6.25894,802382,1324,33.9495,3319,3319,0,0.00355199,0.00249477,0,0,0.00262652,0,7757,1294,0.170685,0,0,0,1,0,0,0,0,0
1,cage,45,qpFreeEnvelope,1,1,1.61175,82223,2430,29.9931,1561,1561,0,0.00376362,0.00249477,0,0,0.0421862,0.895127,14970,2377,0.162325,0,0,0,0.0391672,0.842847,0.117986,0,0,0
1,cage,45,qpEnvelope,1,1,0.0755737,6702,71,13.3995,815,815,0,0.000171647,0.00249477,0,0,0.0175021,0.29066,52,39,1.36538,0,0,0,0.707848,0.283348,0.00880334,6702,1843426,6630
1,cage,52,isSafe,1,1,0.577397,144840,866,22.4106,13,1122,0,9.41218e-05,0.00249477,0,0,0,0,7822,862,0.110713,0,0,0,0,0,0,0,0,0
1,cage,52,qpFixed,1,1,0.0777237,7986,48,15.639,1444,1444,0,0.00109273,0.00249477,0,0,0.00907292,0,29,24,1.65517,0,0,0,1,0,0,7986,2122444,7259
1,cage,52,qpPlain,1,1,0.0807638,7986,48,15.639,1444,1444,0,0.00109273,0.00249477,0,0,0.00907292,0,29,24,1.65517,0,0,0,1,0,0,7986,2739198,7986
1,cage,52,qpAdaptive,1,1,0.0525779,5111,48,15.6464,1067,1067,0,0.00104674,0.00249477,0,0,0.0142097,0.332812,29,24,1.65517,0,0,0,0.664449,0.32929,0.00626101,5111,1348443,4996
1,cage,52,qpFreeGate,1,1,8.77994,1128971,1740,29.5431,2735,2735,0,0.00887709,0.00249477,0,0,0.00251132,0,9949,1699,0.174892,0,0,0,1,0,0,0,0,0
1,cage,52,qpFreeEnvelope,1,1,0.36704,19045,613,22.9875,1215,1215,0,0.00109047,0.00249477,0,0,0.0533318,0.894776,3076,583,0.199285,0,0,0,0.0563703,0.826036,0.117594,0,0,0
1,cage,52,qpEnvelope,1,1,0.0331276,3017,47,15.3849,877,877,0,0.000958739,0.00249477,0,0,0.0242382,0.265827,29,24,1.62069,0,0,0,0.732847,0.253232,0.0139211,3017,757756,2987
1,cage,59,isSafe,1,1,0.414251,104410,610,16.6673,10,835,0,6.11247e-05,0.00249477,0,0,0,0,5622,607,0.108502,0,0,0,0,0,0,0,0,0
1,cage,59,qpFixed,1,1,0.259323,26504,123,23.3777,2064,2064,0,0.000192263,0.00249477,0,0,0.00825231,0,109,74,1.12844,0,0,0,1,0,0,26504,7062520,23748
1,cage,59,qpPlain,1,1,0.271877,26504,123,23.3777,2064,2064,0,0.000192263,0.00249477,0,0,0.00825231,0,109,74,1.12844,0,0,0,1,0,0,26504,9090872,26504
1,cage,59,qpAdaptive,1,1,0.196644,19003,126,23.4093,1681,1681,0,0.00019348,0.00249477,0,0,0.0115542,0.251644,109,74,1.15596,0,0,0,0.746829,0.249382,0.00378888,19003,5070968,18602
1,cage,59,qpFreeGate,1,1,1.29087,166557,315,22.565,2391,2391,0,0.00198901,0.00249477,0,0,0.00332139,0,1309,284,0.240642,0,0,0,1,0,0,0,0,0
1,cage,59,qpFreeEnvelope,1,1,0.366342,19211,626,26.3981,1423,1423,0,0.000376199,0.00249477,0,0,0.0525705,0.878559,3317,598,0.188725,0,0,0,0.0539733,0.839893,0.106133,0,0,0
1,cage,59,qpEnvelope,1,1,0.153433,14174,125,23.5031,1435,1435,0,0.00010106,0.00249477,0,0,0.0156125,0.188091,109,74,1.14679,0,0,0,0.810428,0.181953,0.00761959,14174,3743277,14005
1,cage,66,isSafe,1,1,1.03317,229240,1508,13.775,9,690,0,0.0134892,0.00249477,0,0,0,0,13646,1504,0.110509,0,0,0,0,0,0,0,0,0
1,cage,66,qpFixed,1,1,0.0347409,3777,24,20.6541,1683,1683,0,0.000424486,0.00249477,0,0,0.00994652,0,11,9,2.18182,0,0,0,1,0,0,3777,933409,2641
1,cage,66,qpPlain,1,1,0.0393908,3777,24,20.6541,1683,1683,0,0.000424486,0.00249477,0,0,0.00994652,0,11,9,2.18182,0,0,0,1,0,0,3777,1295511,3777
1,cage,66,qpAdaptive,1,1,0.019574,1893,24,20.628,1305,1305,0,0.000423885,0.00249477,0,0,0.0198748,0.262546,11,9,2.18182,0,0,0,0.735869,0.254094,0.010037,1893,471896,1819
1,cage,66,qpFreeGate,1,1,3.6148,433938,766,17.5857,2025,2025,0,0.0038478,0.00249477,0,0,0.00293177,0,3675,739,0.208435,0,0,0,1,0,0,0,0,0
1,cage,66,qpFreeEnvelope,1,1,0.375492,18247,623,23.5617,1283,1283,0,0.000309297,0.00249477,0,0,0.0546121,0.884529,2857,597,0.218061,0,0,0,0.0659525,0.819384,0.114664,0,0,0
1,cage,66,qpEnvelope,1,1,0.0150727,1388,24,20.6157,1214,1214,0,0.000527019,0.00249477,0,0,0.0269925,0.165706,11,9,2.18182,0,0,0,0.832133,0.153458,0.0144092,1388,342589,1358
1,cage,73,isSafe,1,1,0.540697,120653,715,26.1754,16,1310,0,0.000310389,0.00249477,0,0,0,0,6704,712,0.106653,0,0,0,0,0,0,0,0,0
1,cage,73,qpFixed,1,1,0.0710042,7038,44,16.6534,1510,1510,0,0.000285601,0.00249477,0,0,0.0093781,0,23,19,1.91304,0,0,0,1,0,0,7038,1880697,5888
1,cage,73,qpPlain,1,1,0.0743198,7038,44,16.6534,1510,1510,0,0.000285601,0.00249477,0,0,0.0093781,0,23,19,1.91304,0,0,0,1,0,0,7038,2414034,7038
1,cage,73,qpAdaptive,1,1,0.0446421,4141,44,16.6839,1130,1130,0,0.00026563,0.00249477,0,0,0.0159816,0.306206,23,19,1.91304,0,0,0,0.692586,0.301859,0.00555421,4141,1104205,4020
1,cage,73,qpFreeGate,1,1,2.57389,308045,527,20.472,2410,2410,0,0.00316986,0.00249477,0,0,0.00301224,0,2695,503,0.195547,0,0,0,1,0,0,0,0,0
1,cage,73,qpFreeEnvelope,1,1,0.168611,8244,274,14.9324,789,789,0,0.000659744,0.00249477,0,0,0.057692,0.88622,1261,255,0.217288,0,0,0,0.06191,0.828613,0.109477,0,0,0
1,cage,73,qpEnvelope,1,1,0.0346573,2912,41,16.7998,1026,1026,0,0.000194002,0.00249477,0,0,0.0226292,0.283654,23,18,1.78261,0,0,0,0.713599,0.276099,0.0103022,2912,814168,2872
1,cage,80,isSafe,1,1,0.178715,45368,232,14.7658,9,740,0,0.00582785,0.00249477,0,0,0,0,1783,228,0.130118,0,0,0,0,0,0,0,0,0
1,cage,80,qpFixed,1,1,0.0109589,1190,9,10.4384,1191,1191,0,0.000295294,0.00249477,0,0,0.0087718,0,1,1,9,0,0,0,1,0,0,1190,336604,652
1,cage,80,qpPlain,1,1,0.0112677,1190,9,10.4384,1191,1191,0,0.000295294,0.00249477,0,0,0.0087718,0,1,1,9,0,0,0,1,0,0,1190,408170,1190
1,cage,80,qpAdaptive,1,1,0.00598839,563,9,10.4398,907,907,0,0.000257478,0.00249477,0,0,0.0185432,0.17762,1,1,9,0,0,0,0.82238,0.168739,0.00888099,563,168696,521
1,cage,80,qpFreeGate,1,1,5.21523,668817,1146,17.7114,1927,1927,0,0.00264415,0.00249477,0,0,0.00266671,0,6632,1121,0.172799,0,0,0,1,0,0,0,0,0
1,cage,80,qpFreeEnvelope,1,1,0.919428,47121,1495,20.7265,1100,1100,0,0.000317215,0.00249477,0,0,0.0466011,0.894145,9206,1477,0.162394,0,0,0,0.0261996,0.874329,0.0994717,0,0,0
1,cage,80,qpEnvelope,1,1,0.00493997,434,9,10.4436,818,818,0,0.000180356,0.00249477,0,0,0.0240635,0.163594,1,1,9,0,0,0,0.836406,0.152074,0.0115207,434,130345,418
1,cage,87,isSafe,1,1,0.284551,71994,402,26.8545,15,1344,0,0.00963357,0.00249477,0,0,0,0,3622,399,0.110988,0,0,0,0,0,0,0,0,0
1,cage,87,qpFixed,1,1,0.0670793,7046,42,26.2236,2076,2076,0,3.44064e-05,0.00249477,0,0,0.00970053,0,27,21,1.55556,0,0,0,1,0,0,7046,1820049,5957
1,cage,87,qpPlain,1,1,0.071246,7046,42,26.2236,2076,2076,0,3.44064e-05,0.00249477,0,0,0.00970053,0,27,21,1.55556,0,0,0,1,0,0,7046,2416778,7046
1,cage,87,qpAdaptive,1,1,0.0402268,3879,42,26.2324,1792,1792,0,3.23305e-05,0.00249477,0,0,0.0176517,0.38876,27,21,1.55556,0,0,0,0.609435,0.382573,0.00799175,3879,1033761,3758
1,cage,87,qpFreeGate,1,1,2.87491,371264,595,17.926,1859,1859,0,0.00621708,0.00249477,0,0,0.00281677,0,3118,571,0.190827,0,0,0,1,0,0,0,0,0
1,cage,87,qpFreeEnvelope,1,1,0.712445,36370,1108,35.7019,1930,1930,0,0.000567591,0.00249477,0,0,0.0477337,0.904619,6403,1070,0.173044,0,0,0,0.0310571,0.850774,0.118169,0,0,0
1,cage,87,qpEnvelope,1,1,0.0269802,2371,42,26.4136,1539,1539,0,2.98626e-05,0.00249477,0,0,0.028847,0.306622,27,21,1.55556,0,0,0,0.692957,0.288908,0.0181358,2371,627907,2309
1,cage,94,isSafe,1,1,0.112854,25472,132,11.4558,7,574,0,0.00760622,0.00249477,0,0,0,0,968,129,0.136364,0,0,0,0,0,0,0,0,0
1,cage,94,qpFixed,1,1,0.580164,56360,226,17.7925,1682,1682,0,5.25716e-05,0.00249477,0,0,0.00764132,0,244,137,0.92623,0,0,0,1,0,0,56360,14991142,52142
1,cage,94,qpPlain,1,1,0.605885,56360,226,17.7925,1682,1682,0,5.25716e-05,0.00249477,0,0,0.00764132,0,244,137,0.92623,0,0,0,1,0,0,56360,19331480,56360
1,cage,94,qpAdaptive,1,1,0.56457,52342,271,19.9556,1594,1594,232,-0.00945438,0.00249477,0,0,0.0100381,0.207157,304,168,0.891447,0,0,0,0.791449,0.205227,0.00332429,52342,13999240,51376
1,cage,94,qpFreeGate,1,1,6.81142,816691,1359,27.0225,2637,2637,0,0.00280879,0.00249477,0,0,0.00261516,0,7722,1324,0.175991,0,0,0,1,0,0,0,0,0
1,cage,94,qpFreeEnvelope,1,1,0.417796,19784,637,23.7155,1229,1229,0,0.000397741,0.00249477,0,0,0.052069,0.910534,3517,608,0.18112,0,0,0,0.0299308,0.854887,0.115182,0,0,0
1,cage,94,qpEnvelope,1,1,0.376077,33648,221,16.0513,1086,1086,0,7.17189e-05,0.00249477,0,0,0.0128674,0.155641,244,137,0.905738,0,0,0,0.843522,0.151187,0.00529022,33648,8847407,33348
1,bookshelf_tall,5,isSafe,0,0,0,0,0,0,0,0,0,inf,inf,0,0,0,0,0,0,0,0,0,0,0,0,0,0,0,0
1,bookshelf_tall,5,qpFixed,0,0,0,0,0,0,0,0,0,inf,inf,0,0,0,0,0,0,0,0,0,0,0,0,0,0,0,0
1,bookshelf_tall,5,qpPlain,0,0,0,0,0,0,0,0,0,inf,inf,0,0,0,0,0,0,0,0,0,0,0,0,0,0,0,0
1,bookshelf_tall,5,qpAdaptive,0,0,0,0,0,0,0,0,0,inf,inf,0,0,0,0,0,0,0,0,0,0,0,0,0,0,0,0
1,bookshelf_tall,5,qpFreeGate,0,0,0,0,0,0,0,0,0,inf,inf,0,0,0,0,0,0,0,0,0,0,0,0,0,0,0,0
1,bookshelf_tall,5,qpFreeEnvelope,0,0,0,0,0,0,0,0,0,inf,inf,0,0,0,0,0,0,0,0,0,0,0,0,0,0,0,0
1,bookshelf_tall,5,qpEnvelope,0,0,0,0,0,0,0,0,0,inf,inf,0,0,0,0,0,0,0,0,0,0,0,0,0,0,0,0
1,bookshelf_tall,12,isSafe,1,0,10.0005,1202632,11250,0,0,0,0,inf,inf,0,0,0,0,104233,11248,0.107931,0,0,0,0,0,0,0,0,0
1,bookshelf_tall,12,qpFixed,1,0,10.0021,731291,1503,0,0,0,0,inf,inf,0,0,0.00583871,0,3248,1393,0.462746,0,0,0,1,0,0,731291,219234775,696173
1,bookshelf_tall,12,qpPlain,1,0,10.0009,728678,1500,0,0,0,0,inf,inf,0,0,0.00584253,0,3236,1390,0.463535,0,0,0,1,0,0,728678,249936554,728678
1,bookshelf_tall,12,qpAdaptive,1,0,10.0001,701722,1580,0,0,0,0,inf,inf,0,0,0.00639105,0.0494469,3431,1470,0.460507,0,0,0,0.950277,0.0487843,0.00093912,701722,211309242,694540
1,bookshelf_tall,12,qpFreeGate,1,0,10.0001,852662,1433,0,0,0,0,inf,inf,0,0,0.00267839,0,8333,1431,0.171967,0,0,0,1,0,0,0,0,0
1,bookshelf_tall,12,qpFreeEnvelope,1,0,10,275930,14555,0,0,0,0,inf,inf,0,0,0.0552413,0.720132,92634,14553,0.157124,0,0,0,0.00461631,0.868091,0.127293,0,0,0
1,bookshelf_tall,12,qpEnvelope,1,0,10.0012,698002,1638,0,0,0,0,inf,inf,0,0,0.00669718,0.00904725,3621,1527,0.452361,0,0,0,0.990897,0.00810313,0.000999997,698002,210018459,695739
1,bookshelf_tall,20,isSafe,0,0,0,0,0,0,0,0,0,inf,inf,0,0,0,0,0,0,0,0,0,0,0,0,0,0,0,0
1,bookshelf_tall,20,qpFixed,0,0,0,0,0,0,0,0,0,inf,inf,0,0,0,0,0,0,0,0,0,0,0,0,0,0,0,0
1,bookshelf_tall,20,qpPlain,0,0,0,0,0,0,0,0,0,inf,inf,0,0,0,0,0,0,0,0,0,0,0,0,0,0,0,0
1,bookshelf_tall,20,qpAdaptive,0,0,0,0,0,0,0,0,0,inf,inf,0,0,0,0,0,0,0,0,0,0,0,0,0,0,0,0
1,bookshelf_tall,20,qpFreeGate,0,0,0,0,0,0,0,0,0,inf,inf,0,0,0,0,0,0,0,0,0,0,0,0,0,0,0,0
1,bookshelf_tall,20,qpFreeEnvelope,0,0,0,0,0,0,0,0,0,inf,inf,0,0,0,0,0,0,0,0,0,0,0,0,0,0,0,0
1,bookshelf_tall,20,qpEnvelope,0,0,0,0,0,0,0,0,0,inf,inf,0,0,0,0,0,0,0,0,0,0,0,0,0,0,0,0
1,bookshelf_tall,28,isSafe,1,1,0.0642727,7998,38,19.6192,11,982,0,0.00390802,0.00249477,0,0,0,0,270,35,0.140741,0,0,0,0,0,0,0,0,0
1,bookshelf_tall,28,qpFixed,1,1,0.00950455,772,7,8.5825,689,689,0,0.00390802,0.00249477,0,0,0.0120943,0,2,2,3.5,0,0,0,1,0,0,772,196176,408
1,bookshelf_tall,28,qpPlain,1,1,0.0101335,772,7,8.5825,689,689,0,0.00390802,0.00249477,0,0,0.0120943,0,2,2,3.5,0,0,0,1,0,0,772,264796,772
1,bookshelf_tall,28,qpAdaptive,1,1,0.00284821,211,7,8.60533,503,503,0,0.00390802,0.00249477,0,0,0.0445229,0.919431,2,2,3.5,0,0,0,0.0805687,0.890995,0.028436,211,56646,161
1,bookshelf_tall,28,qpFreeGate,1,1,0.129699,10845,32,13.5831,1413,1413,0,0.000858405,0.00249477,0,0,0.00452625,0,82,25,0.390244,0,0,0,1,0,0,0,0,0
1,bookshelf_tall,28,qpFreeEnvelope,1,1,0.0188583,534,30,11.0018,583,583,0,0.000851809,0.00249477,0,0,0.0869585,0.949438,80,24,0.375,0,0,0,0.0265655,0.804554,0.16888,0,0,0
1,bookshelf_tall,28,qpEnvelope,1,1,0.00134055,83,7,8.60083,469,469,0,0.00390802,0.00249477,0,0,0.113312,0.891566,2,2,3.5,0,0,0,0.108434,0.819277,0.0722892,83,23011,62
1,bookshelf_tall,35,isSafe,1,0,10.0001,1259754,11898,0,0,0,0,inf,inf,0,0,0,0,108179,11896,0.109984,0,0,0,0,0,0,0,0,0
1,bookshelf_tall,35,qpFixed,1,0,10.0018,756029,1531,0,0,0,0,inf,inf,0,0,0.00585707,0,3351,1432,0.456879,0,0,0,1,0,0,756029,225673435,719117
1,bookshelf_tall,35,qpPlain,1,0,10.0022,750943,1524,0,0,0,0,inf,inf,0,0,0.00586586,0,3324,1425,0.458484,0,0,0,1,0,0,750943,257573449,750943
1,bookshelf_tall,35,qpAdaptive,1,0,10,715203,1588,0,0,0,0,inf,inf,0,0,0.00643248,0.0548446,3515,1490,0.451778,0,0,0,0.944874,0.0541219,0.00100391,715203,214392075,707113
1,bookshelf_tall,35,qpFreeGate,1,0,10.0013,878351,1481,0,0,0,0,inf,inf,0,0,0.0026488,0,8150,1477,0.181718,0,0,0,1,0,0,0,0,0
1,bookshelf_tall,35,qpFreeEnvelope,1,0,10.0002,285036,15257,0,0,0,0,inf,inf,0,0,0.0556388,0.717085,96189,15254,0.158615,0,0,0,0.00354409,0.87057,0.125886,0,0,0
1,bookshelf_tall,35,qpEnvelope,1,0,10.0019,719803,1662,0,0,0,0,inf,inf,0,0,0.0067127,0.00815918,3746,1553,0.443673,0,0,0,0.991794,0.00717697,0.00102945,719803,215725866,717359
1,bookshelf_tall,42,isSafe,1,1,0.0463834,5894,31,16.6986,10,836,0,0.000179167,0.00249477,0,0,0,0,162,27,0.191358,0,0,0,0,0,0,0,0,0
1,bookshelf_tall,42,qpFixed,1,1,0.0437592,3120,21,15.3435,1548,1548,0,0.000838945,0.00249477,0,0,0.00875658,0,9,9,2.33333,0,0,0,1,0,0,3120,923850,2719
1,bookshelf_tall,42,qpPlain,1,1,0.0441849,3120,21,15.3435,1548,1548,0,0.000838945,0.00249477,0,0,0.00875658,0,9,9,2.33333,0,0,0,1,0,0,3120,1070160,3120
1,bookshelf_tall,42,qpAdaptive,1,1,0.0300404,1989,21,15.3513,1195,1195,0,0.000827438,0.00249477,0,0,0.0137849,0.348919,9,9,2.33333,0,0,0,0.64907,0.342886,0.00804424,1989,608465,1938
1,bookshelf_tall,42,qpFreeGate,1,1,0.0582366,4956,16,17.1476,1377,1377,0,0.00468594,0.00249477,0,0,0.00471553,0,31,9,0.516129,0,0,0,1,0,0,0,0,0
1,bookshelf_tall,42,qpFreeEnvelope,1,1,0.0102066,329,16,17.4974,927,927,0,0.00327167,0.00249477,0,0,0.0661134,0.948328,31,10,0.516129,0,0,0,0.0486322,0.860182,0.0911854,0,0,0
1,bookshelf_tall,42,qpEnvelope,1,1,0.0252867,1531,25,16.549,951,951,0,0.000970985,0.00249477,0,0,0.0209705,0.17113,12,10,2.08333,0,0,0,0.826257,0.158067,0.015676,1531,461716,1514
1,bookshelf_tall,49,isSafe,1,1,0.012171,1645,10,7.7469,5,389,0,0.00402697,0.00249477,0,0,0,0,28,7,0.357143,0,0,0,0,0,0,0,0,0
1,bookshelf_tall,49,qpFixed,1,1,0.0734454,5617,41,8.39159,643,643,0,0.00402697,0.00249477,0,0,0.0102547,0,19,17,2.15789,0,0,0,1,0,0,5617,1414581,4988
1,bookshelf_tall,49,qpPlain,1,1,0.0788217,5617,41,8.39159,643,643,0,0.00402697,0.00249477,0,0,0.0102547,0,19,17,2.15789,0,0,0,1,0,0,5617,1926631,5617
1,bookshelf_tall,49,qpAdaptive,1,1,0.0600831,4203,41,8.39922,501,501,0,0.00402697,0.00249477,0,0,0.0137092,0.224839,19,17,2.15789,0,0,0,0.772543,0.221746,0.00571021,4203,1073993,4125
1,bookshelf_tall,49,qpFreeGate,1,1,0.0354332,3176,14,8.8941,672,672,0,0.00402697,0.00249477,0,0,0.00616286,0,28,9,0.5,0,0,0,1,0,0,0,0,0
1,bookshelf_tall,49,qpFreeEnvelope,1,1,0.00682117,212,14,9.00434,468,468,0,0.00402697,0.00249477,0,0,0.0928806,0.990566,28,9,0.5,0,0,0,0,0.853081,0.146919,0,0,0
1,bookshelf_tall,49,qpEnvelope,1,1,0.0300578,2052,29,13.8286,794,794,0,0.00107641,0.00249477,0,0,0.0218387,0.118421,15,12,1.93333,0,0,0,0.880117,0.108187,0.0116959,2052,513491,2032
1,bookshelf_tall,56,isSafe,1,1,0.0326672,4418,23,15.879,9,795,0,0.000440668,0.00249477,0,0,0,0,55,18,0.418182,0,0,0,0,0,0,0,0,0
1,bookshelf_tall,56,qpFixed,1,1,0.014988,1215,9,6.20662,571,571,0,0.00122672,0.00249477,0,0,0.0103076,0,4,4,2.25,0,0,0,1,0,0,1215,327118,793
1,bookshelf_tall,56,qpPlain,1,1,0.0157414,1215,9,6.20662,571,571,0,0.00122672,0.00249477,0,0,0.0103076,0,4,4,2.25,0,0,0,1,0,0,1215,416745,1215
1,bookshelf_tall,56,qpAdaptive,1,1,0.00606373,426,9,6.21377,411,411,0,0.00122599,0.00249477,0,0,0.0294491,0.575117,4,4,2.25,0,0,0,0.420188,0.561033,0.0187793,426,125246,378
1,bookshelf_tall,56,qpFreeGate,1,1,0.0471565,4163,27,9.01225,794,794,0,0.00426695,0.00249477,0,0,0.00802687,0,30,16,0.9,0,0,0,1,0,0,0,0,0
1,bookshelf_tall,56,qpFreeEnvelope,1,1,0.00803868,252,22,9.09453,468,468,0,0.00422402,0.00249477,0,0,0.133852,0.97619,30,16,0.733333,0,0,0,0.0238095,0.805556,0.170635,0,0,0
1,bookshelf_tall,56,qpEnvelope,1,1,0.00270737,165,9,6.3828,369,369,0,0.00113036,0.00249477,0,0,0.0752972,0.660606,4,4,2.25,0,0,0,0.339394,0.606061,0.0545455,165,48542,150
1,bookshelf_tall,63,isSafe,0,0,0,0,0,0,0,0,0,inf,inf,0,0,0,0,0,0,0,0,0,0,0,0,0,0,0,0
1,bookshelf_tall,63,qpFixed,0,0,0,0,0,0,0,0,0,inf,inf,0,0,0,0,0,0,0,0,0,0,0,0,0,0,0,0
1,bookshelf_tall,63,qpPlain,0,0,0,0,0,0,0,0,0,inf,inf,0,0,0,0,0,0,0,0,0,0,0,0,0,0,0,0
1,bookshelf_tall,63,qpAdaptive,0,0,0,0,0,0,0,0,0,inf,inf,0,0,0,0,0,0,0,0,0,0,0,0,0,0,0,0
1,bookshelf_tall,63,qpFreeGate,0,0,0,0,0,0,0,0,0,inf,inf,0,0,0,0,0,0,0,0,0,0,0,0,0,0,0,0
1,bookshelf_tall,63,qpFreeEnvelope,0,0,0,0,0,0,0,0,0,inf,inf,0,0,0,0,0,0,0,0,0,0,0,0,0,0,0,0
1,bookshelf_tall,63,qpEnvelope,0,0,0,0,0,0,0,0,0,inf,inf,0,0,0,0,0,0,0,0,0,0,0,0,0,0,0,0
1,bookshelf_tall,71,isSafe,1,1,0.158229,21348,107,17.6718,11,885,0,0.00392828,0.00249477,0,0,0,0,852,103,0.125587,0,0,0,0,0,0,0,0,0
1,bookshelf_tall,71,qpFixed,1,1,0.0653884,4906,29,17.0944,1333,1333,0,0.00200018,0.00249477,0,0,0.00996861,0,15,12,1.93333,0,0,0,1,0,0,4906,1341833,4130
1,bookshelf_tall,71,qpPlain,1,1,0.0673111,4906,29,17.0944,1333,1333,0,0.00200018,0.00249477,0,0,0.00996861,0,15,12,1.93333,0,0,0,1,0,0,4906,1682758,4906
1,bookshelf_tall,71,qpAdaptive,1,1,0.0447222,3146,30,17.1112,1216,1216,0,0.00205918,0.00249477,0,0,0.0156401,0.326446,15,12,2,0,0,0,0.671964,0.322314,0.00572155,3146,888203,3028
1,bookshelf_tall,71,qpFreeGate,1,1,0.137615,12191,47,16.4896,1453,1453,0,0.00392828,0.00249477,0,0,0.00496575,0,114,33,0.412281,0,0,0,1,0,0,0,0,0
1,bookshelf_tall,71,qpFreeEnvelope,1,1,0.0236582,726,45,16.7861,876,876,0,0.00383157,0.00249477,0,0,0.0834765,0.964187,114,33,0.394737,0,0,0,0.00417827,0.835655,0.160167,0,0,0
1,bookshelf_tall,71,qpEnvelope,1,1,0.0446077,2934,41,20.5198,1185,1185,0,0.000974876,0.00249477,0,0,0.0234603,0.276074,26,18,1.57692,0,0,0,0.721446,0.265598,0.012956,2934,784175,2890
1,bookshelf_tall,78,isSafe,1,1,0.0345951,4686,25,9.23063,6,463,0,0.00144043,0.00249477,0,0,0,0,96,22,0.260417,0,0,0,0,0,0,0,0,0
1,bookshelf_tall,78,qpFixed,1,1,0.0830378,6248,51,15.0722,1224,1224,0,0.00102246,0.00249477,0,0,0.00925827,0,17,17,3,0,0,0,1,0,0,6248,1822833,5650
1,bookshelf_tall,78,qpPlain,1,1,0.0841721,6248,51,15.0722,1224,1224,0,0.00102246,0.00249477,0,0,0.00925827,0,17,17,3,0,0,0,1,0,0,6248,2143064,6248
1,bookshelf_tall,78,qpAdaptive,1,1,0.0550133,3898,46,15.0876,1037,1037,0,0.00102246,0.00249477,0,0,0.0147813,0.338892,17,17,2.70588,0,0,0,0.659312,0.332478,0.00820934,3898,1156712,3767
1,bookshelf_tall,78,qpFreeGate,1,1,0.109385,9699,33,9.07687,651,651,0,0.00144043,0.00249477,0,0,0.0054673,0,96,29,0.34375,0,0,0,1,0,0,0,0,0
1,bookshelf_tall,78,qpFreeEnvelope,1,1,0.0227123,742,29,9.1319,474,474,0,0.00144043,0.00249477,0,0,0.0696434,0.955526,96,25,0.302083,0,0,0,0.0311653,0.864499,0.104336,0,0,0
1,bookshelf_tall,78,qpEnvelope,1,1,0.0359846,2394,43,15.0799,886,886,0,0.000802807,0.00249477,0,0,0.0241936,0.269006,17,17,2.52941,0,0,0,0.730159,0.253551,0.0162907,2394,716044,2348
1,bookshelf_tall,85,isSafe,0,0,0,0,0,0,0,0,0,inf,inf,0,0,0,0,0,0,0,0,0,0,0,0,0,0,0,0
1,bookshelf_tall,85,qpFixed,0,0,0,0,0,0,0,0,0,inf,inf,0,0,0,0,0,0,0,0,0,0,0,0,0,0,0,0
1,bookshelf_tall,85,qpPlain,0,0,0,0,0,0,0,0,0,inf,inf,0,0,0,0,0,0,0,0,0,0,0,0,0,0,0,0
1,bookshelf_tall,85,qpAdaptive,0,0,0,0,0,0,0,0,0,inf,inf,0,0,0,0,0,0,0,0,0,0,0,0,0,0,0,0
1,bookshelf_tall,85,qpFreeGate,0,0,0,0,0,0,0,0,0,inf,inf,0,0,0,0,0,0,0,0,0,0,0,0,0,0,0,0
1,bookshelf_tall,85,qpFreeEnvelope,0,0,0,0,0,0,0,0,0,inf,inf,0,0,0,0,0,0,0,0,0,0,0,0,0,0,0,0
1,bookshelf_tall,85,qpEnvelope,0,0,0,0,0,0,0,0,0,inf,inf,0,0,0,0,0,0,0,0,0,0,0,0,0,0,0,0
1,bookshelf_tall,93,isSafe,1,1,0.247274,33342,178,20.2151,12,1012,0,0.00305441,0.00249477,0,0,0,0,1324,174,0.134441,0,0,0,0,0,0,0,0,0
1,bookshelf_tall,93,qpFixed,1,1,0.026287,2031,19,14.2496,1165,1165,0,0.000206209,0.00249477,0,0,0.0105308,0,6,6,3.16667,0,0,0,1,0,0,2031,583375,1551
1,bookshelf_tall,93,qpPlain,1,1,0.0270339,2031,19,14.2496,1165,1165,0,0.000206209,0.00249477,0,0,0.0105308,0,6,6,3.16667,0,0,0,1,0,0,2031,696633,2031
1,bookshelf_tall,93,qpAdaptive,1,1,0.0162033,1141,30,16.0909,1048,1048,0,0.000206209,0.00249477,0,0,0.022674,0.353199,7,7,4.28571,0,0,0,0.638913,0.336547,0.0245399,1141,359655,1010
1,bookshelf_tall,93,qpFreeGate,1,1,0.615609,54228,146,27.3726,2554,2554,0,0.000323033,0.00249477,0,0,0.00419243,0,605,136,0.241322,0,0,0,1,0,0,0,0,0
1,bookshelf_tall,93,qpFreeEnvelope,1,1,0.113723,3650,132,16.4262,879,879,0,0.000626958,0.00249477,0,0,0.0595229,0.927671,602,126,0.219269,0,0,0,0.0267932,0.853475,0.119732,0,0,0
1,bookshelf_tall,93,qpEnvelope,1,1,0.0103688,645,28,16.0679,957,957,0,0.000206209,0.00249477,0,0,0.0404379,0.269767,7,7,4,0,0,0,0.716279,0.23876,0.0449612,645,202831,618
1,bookshelf_thin,1,isSafe,0,0,0,0,0,0,0,0,0,inf,inf,0,0,0,0,0,0,0,0,0,0,0,0,0,0,0,0
1,bookshelf_thin,1,qpFixed,0,0,0,0,0,0,0,0,0,inf,inf,0,0,0,0,0,0,0,0,0,0,0,0,0,0,0,0
1,bookshelf_thin,1,qpPlain,0,0,0,0,0,0,0,0,0,inf,inf,0,0,0,0,0,0,0,0,0,0,0,0,0,0,0,0
1,bookshelf_thin,1,qpAdaptive,0,0,0,0,0,0,0,0,0,inf,inf,0,0,0,0,0,0,0,0,0,0,0,0,0,0,0,0
1,bookshelf_thin,1,qpFreeGate,0,0,0,0,0,0,0,0,0,inf,inf,0,0,0,0,0,0,0,0,0,0,0,0,0,0,0,0
1,bookshelf_thin,1,qpFreeEnvelope,0,0,0,0,0,0,0,0,0,inf,inf,0,0,0,0,0,0,0,0,0,0,0,0,0,0,0,0
1,bookshelf_thin,1,qpEnvelope,0,0,0,0,0,0,0,0,0,inf,inf,0,0,0,0,0,0,0,0,0,0,0,0,0,0,0,0
1,bookshelf_thin,8,isSafe,1,1,0.0862561,8893,44,12.5217,8,628,0,0.00126641,0.00249477,0,0,0,0,158,40,0.278481,0,0,0,0,0,0,0,0,0
1,bookshelf_thin,8,qpFixed,1,1,0.00598091,432,6,6.50944,433,433,0,0.000365397,0.00249477,0,0,0.0150682,0,1,1,6,0,0,0,1,0,0,432,98102,159
1,bookshelf_thin,8,qpPlain,1,1,0.00653012,432,6,6.50944,433,433,0,0.000365397,0.00249477,0,0,0.0150682,0,1,1,6,0,0,0,1,0,0,432,148176,432
1,bookshelf_thin,8,qpAdaptive,1,1,0.00278931,178,6,6.51038,390,390,0,0.000365397,0.00249477,0,0,0.0365752,0.230337,1,1,6,0,0,0,0.769663,0.213483,0.0168539,178,42258,154
1,bookshelf_thin,8,qpFreeGate,1,1,0.207398,15340,57,10.2513,913,913,0,0.00126641,0.00249477,0,0,0.00605066,0,160,54,0.35625,0,0,0,1,0,0,0,0,0
1,bookshelf_thin,8,qpFreeEnvelope,1,1,0.0448525,1247,54,9.78547,511,511,0,0.00126641,0.00249477,0,0,0.0711012,0.955092,158,50,0.341772,0,0,0,0.0281804,0.89372,0.0780998,0,0,0
1,bookshelf_thin,8,qpEnvelope,1,1,0.00241968,145,6,6.52185,384,384,0,0.000365397,0.00249477,0,0,0.0449783,0.158621,1,1,6,0,0,0,0.841379,0.131034,0.0275862,145,34312,133
1,bookshelf_thin,15,isSafe,0,0,0,0,0,0,0,0,0,inf,inf,0,0,0,0,0,0,0,0,0,0,0,0,0,0,0,0
1,bookshelf_thin,15,qpFixed,0,0,0,0,0,0,0,0,0,inf,inf,0,0,0,0,0,0,0,0,0,0,0,0,0,0,0,0
1,bookshelf_thin,15,qpPlain,0,0,0,0,0,0,0,0,0,inf,inf,0,0,0,0,0,0,0,0,0,0,0,0,0,0,0,0
1,bookshelf_thin,15,qpAdaptive,0,0,0,0,0,0,0,0,0,inf,inf,0,0,0,0,0,0,0,0,0,0,0,0,0,0,0,0
1,bookshelf_thin,15,qpFreeGate,0,0,0,0,0,0,0,0,0,inf,inf,0,0,0,0,0,0,0,0,0,0,0,0,0,0,0,0
1,bookshelf_thin,15,qpFreeEnvelope,0,0,0,0,0,0,0,0,0,inf,inf,0,0,0,0,0,0,0,0,0,0,0,0,0,0,0,0
1,bookshelf_thin,15,qpEnvelope,0,0,0,0,0,0,0,0,0,inf,inf,0,0,0,0,0,0,0,0,0,0,0,0,0,0,0,0
1,bookshelf_thin,22,isSafe,1,1,0.338491,34716,181,18.4659,11,925,0,0.00151674,0.00249477,0,0,0,0,1371,177,0.13202,0,0,0,0,0,0,0,0,0
1,bookshelf_thin,22,qpFixed,1,1,0.0213024,1443,12,13.2901,984,984,0,0.000807716,0.00249477,0,0,0.0111531,0,4,4,3,0,0,0,1,0,0,1443,368436,959
1,bookshelf_thin,22,qpPlain,1,1,0.0225341,1443,12,13.2901,984,984,0,0.000807716,0.00249477,0,0,0.0111531,0,4,4,3,0,0,0,1,0,0,1443,494949,1443
1,bookshelf_thin,22,qpAdaptive,1,1,0.010813,661,12,13.3275,821,821,0,0.000807716,0.00249477,0,0,0.0245021,0.378215,4,4,3,0,0,0,0.615734,0.372163,0.0121029,661,176727,593
1,bookshelf_thin,22,qpFreeGate,1,1,0.1369,10162,46,21.6943,1914,1914,0,0.00151674,0.00249477,0,0,0.00712723,0,108,40,0.425926,0,0,0,1,0,0,0,0,0
1,bookshelf_thin,22,qpFreeEnvelope,1,1,0.0189479,462,35,24.2686,1253,1253,0,0.00151674,0.00249477,0,0,0.12416,0.943723,75,29,0.466667,0,0,0,0.00655022,0.871179,0.122271,0,0,0
1,bookshelf_thin,22,qpEnvelope,1,1,0.00730376,410,13,13.394,771,771,0,0.000807716,0.00249477,0,0,0.0396315,0.25122,4,4,3.25,0,0,0,0.741463,0.229268,0.0292683,410,108965,387
1,bookshelf_thin,29,isSafe,1,1,0.0141666,1462,9,13.4313,8,673,0,0.00252192,0.00249477,0,0,0,0,8,5,1.125,0,0,0,0,0,0,0,0,0
1,bookshelf_thin,29,qpFixed,1,1,0.00700859,545,6,7.0469,546,546,0,0.00266227,0.00249477,0,0,0.0129301,0,1,1,6,0,0,0,1,0,0,545,119199,37
1,bookshelf_thin,29,qpPlain,1,1,0.00785715,545,6,7.0469,546,546,0,0.00266227,0.00249477,0,0,0.0129301,0,1,1,6,0,0,0,1,0,0,545,186935,545
1,bookshelf_thin,29,qpAdaptive,1,1,0.000951938,65,6,7.04698,389,389,0,0.00266227,0.00249477,0,0,0.108415,0.692308,1,1,6,0,0,0,0.307692,0.630769,0.0615385,65,15881,31
1,bookshelf_thin,29,qpFreeGate,1,1,0.063042,4689,25,15.0483,1250,1250,0,0.00276076,0.00249477,0,0,0.00657014,0,30,15,0.833333,0,0,0,1,0,0,0,0,0
1,bookshelf_thin,29,qpFreeEnvelope,1,1,0.019026,529,31,19.29,1020,1020,0,0.00276076,0.00249477,0,0,0.0794789,0.969754,45,20,0.688889,0,0,0,0.0245747,0.875236,0.100189,0,0,0
1,bookshelf_thin,29,qpEnvelope,1,1,0.000667959,36,6,7.04722,370,370,0,0.00266227,0.00249477,0,0,0.195756,0.5,1,1,6,0,0,0,0.5,0.388889,0.111111,36,8526,24
1,bookshelf_thin,36,isSafe,0,0,0,0,0,0,0,0,0,inf,inf,0,0,0,0,0,0,0,0,0,0,0,0,0,0,0,0
1,bookshelf_thin,36,qpFixed,0,0,0,0,0,0,0,0,0,inf,inf,0,0,0,0,0,0,0,0,0,0,0,0,0,0,0,0
1,bookshelf_thin,36,qpPlain,0,0,0,0,0,0,0,0,0,inf,inf,0,0,0,0,0,0,0,0,0,0,0,0,0,0,0,0
1,bookshelf_thin,36,qpAdaptive,0,0,0,0,0,0,0,0,0,inf,inf,0,0,0,0,0,0,0,0,0,0,0,0,0,0,0,0
1,bookshelf_thin,36,qpFreeGate,0,0,0,0,0,0,0,0,0,inf,inf,0,0,0,0,0,0,0,0,0,0,0,0,0,0,0,0
1,bookshelf_thin,36,qpFreeEnvelope,0,0,0,0,0,0,0,0,0,inf,inf,0,0,0,0,0,0,0,0,0,0,0,0,0,0,0,0
1,bookshelf_thin,36,qpEnvelope,0,0,0,0,0,0,0,0,0,inf,inf,0,0,0,0,0,0,0,0,0,0,0,0,0,0,0,0
1,bookshelf_thin,43,isSafe,1,1,0.0334053,3454,19,13.5623,8,680,0,0.000373696,0.00249477,0,0,0,0,74,16,0.256757,0,0,0,0,0,0,0,0,0
1,bookshelf_thin,43,qpFixed,1,1,0.0151888,1019,9,11.6344,895,895,0,0.00010768,0.00249477,0,0,0.0122636,0,2,2,4.5,0,0,0,1,0,0,1019,277514,610
1,bookshelf_thin,43,qpPlain,1,1,0.0157687,1019,9,11.6344,895,895,0,0.00010768,0.00249477,0,0,0.0122636,0,2,2,4.5,0,0,0,1,0,0,1019,349517,1019
1,bookshelf_thin,43,qpAdaptive,1,1,0.00972824,581,9,11.6348,758,758,0,0.00010768,0.00249477,0,0,0.0215095,0.237522,2,2,4.5,0,0,0,0.760757,0.230637,0.00860585,581,163197,510
1,bookshelf_thin,43,qpFreeGate,1,1,0.0424038,3139,15,14.1642,1244,1244,0,0.000373696,0.00249477,0,0,0.00688807,0,21,10,0.714286,0,0,0,1,0,0,0,0,0
1,bookshelf_thin,43,qpFreeEnvelope,1,1,0.00862524,236,15,14.3786,764,764,0,0.000373696,0.00249477,0,0,0.0922239,0.966102,21,10,0.714286,0,0,0,0.00425532,0.902128,0.093617,0,0,0
1,bookshelf_thin,43,qpEnvelope,1,1,0.00669378,388,9,11.6317,689,689,0,0.00010768,0.00249477,0,0,0.0322,0.18299,2,2,4.5,0,0,0,0.814433,0.170103,0.0154639,388,107256,357
1,bookshelf_thin,50,isSafe,1,1,0.0140581,1454,9,9.93167,6,498,0,0.000148051,0.00249477,0,0,0,0,16,5,0.5625,0,0,0,0,0,0,0,0,0
1,bookshelf_thin,50,qpFixed,1,1,0.00792379,558,6,7.1057,560,560,25,-0.0031542,0.00249477,0,0,0.0127342,0,1,1,6,0,0,0,1,0,0,558,138985,269
1,bookshelf_thin,50,qpPlain,1,1,0.00847418,558,6,7.1057,560,560,25,-0.0031542,0.00249477,0,0,0.0127342,0,1,1,6,0,0,0,1,0,0,558,191394,558
1,bookshelf_thin,50,qpAdaptive,1,1,0.00397448,258,6,7.11767,463,463,17,-0.00272738,0.00249477,0,0,0.0275879,0.282946,1,1,6,0,0,0,0.709302,0.275194,0.0155039,258,62637,231
1,bookshelf_thin,50,qpFreeGate,1,1,0.0424663,3137,18,13.6203,1139,1139,0,0.000148051,0.00249477,0,0,0.00672531,0,21,9,0.857143,0,0,0,1,0,0,0,0,0
1,bookshelf_thin,50,qpFreeEnvelope,1,1,0.00714895,203,12,11.6632,616,616,0,0.000148051,0.00249477,0,0,0.0809586,0.857143,17,7,0.705882,0,0,0,0.128713,0.772277,0.0990099,0,0,0
1,bookshelf_thin,50,qpEnvelope,1,1,0.00283351,170,6,7.12366,429,429,24,-0.00399983,0.00249477,0,0,0.0419039,0.194118,1,1,6,0,0,0,0.805882,0.170588,0.0235294,170,41285,159
1,bookshelf_thin,57,isSafe,0,0,0,0,0,0,0,0,0,inf,inf,0,0,0,0,0,0,0,0,0,0,0,0,0,0,0,0
1,bookshelf_thin,57,qpFixed,0,0,0,0,0,0,0,0,0,inf,inf,0,0,0,0,0,0,0,0,0,0,0,0,0,0,0,0
1,bookshelf_thin,57,qpPlain,0,0,0,0,0,0,0,0,0,inf,inf,0,0,0,0,0,0,0,0,0,0,0,0,0,0,0,0
1,bookshelf_thin,57,qpAdaptive,0,0,0,0,0,0,0,0,0,inf,inf,0,0,0,0,0,0,0,0,0,0,0,0,0,0,0,0
1,bookshelf_thin,57,qpFreeGate,0,0,0,0,0,0,0,0,0,inf,inf,0,0,0,0,0,0,0,0,0,0,0,0,0,0,0,0
1,bookshelf_thin,57,qpFreeEnvelope,0,0,0,0,0,0,0,0,0,inf,inf,0,0,0,0,0,0,0,0,0,0,0,0,0,0,0,0
1,bookshelf_thin,57,qpEnvelope,0,0,0,0,0,0,0,0,0,inf,inf,0,0,0,0,0,0,0,0,0,0,0,0,0,0,0,0
1,bookshelf_thin,64,isSafe,1,1,0.04407,4542,24,11.3019,7,567,0,0.00187877,0.00249477,0,0,0,0,82,21,0.292683,0,0,0,0,0,0,0,0,0
1,bookshelf_thin,64,qpFixed,1,1,0.0941074,6013,32,22.0377,1874,1874,0,0.000364809,0.00249477,0,0,0.00910464,0,21,15,1.52381,0,0,0,1,0,0,6013,1713028,4849
1,bookshelf_thin,64,qpPlain,1,1,0.0965617,6013,32,22.0377,1874,1874,0,0.000364809,0.00249477,0,0,0.00910464,0,21,15,1.52381,0,0,0,1,0,0,6013,2062459,6013
1,bookshelf_thin,64,qpAdaptive,1,1,0.0584398,3441,33,22.0889,1554,1554,0,0.000364809,0.00249477,0,0,0.0159701,0.328393,21,15,1.57143,0,0,0,0.669573,0.323162,0.00726533,3441,1024238,3323
1,bookshelf_thin,64,qpFreeGate,1,1,0.168193,12497,41,15.2849,1424,1424,0,0.00129035,0.00249477,0,0,0.00449988,0,86,29,0.476744,0,0,0,1,0,0,0,0,0
1,bookshelf_thin,64,qpFreeEnvelope,1,1,0.0355346,955,44,18.9616,1021,1021,0,0.00023584,0.00249477,0,0,0.0659888,0.939267,103,32,0.427184,0,0,0,0.0389884,0.847208,0.113804,0,0,0
1,bookshelf_thin,64,qpEnvelope,1,1,0.0396181,2150,32,22.1688,1428,1428,0,0.000364809,0.00249477,0,0,0.0255595,0.234884,21,15,1.52381,0,0,0,0.764651,0.223256,0.012093,2150,640167,2107
1,bookshelf_thin,71,isSafe,1,1,0.032351,3343,17,9.92619,6,498,0,0.000668039,0.00249477,0,0,0,0,95,14,0.178947,0,0,0,0,0,0,0,0,0
1,bookshelf_thin,71,qpFixed,1,1,0.00677879,489,6,6.46256,490,490,0,0.00367767,0.00249477,0,0,0.0132159,0,1,1,6,0,0,0,1,0,0,489,130457,131
1,bookshelf_thin,71,qpPlain,1,1,0.00725158,489,6,6.46256,490,490,0,0.00367767,0.00249477,0,0,0.0132159,0,1,1,6,0,0,0,1,0,0,489,167727,489
1,bookshelf_thin,71,qpAdaptive,1,1,0.00218936,143,6,6.47343,378,378,0,0.00370937,0.00249477,0,0,0.0452687,0.370629,1,1,6,0,0,0,0.629371,0.342657,0.027972,143,38877,105
1,bookshelf_thin,71,qpFreeGate,1,1,0.11287,8342,31,11.228,1112,1112,0,0.00392889,0.00249477,0,0,0.00471909,0,60,18,0.516667,0,0,0,1,0,0,0,0,0
1,bookshelf_thin,71,qpFreeEnvelope,1,1,0.0207323,543,30,11.4961,607,607,0,0.001469,0.00249477,0,0,0.0734365,0.968692,60,18,0.5,0,0,0,0.0166359,0.857671,0.125693,0,0,0
1,bookshelf_thin,71,qpEnvelope,1,1,0.00159428,86,6,6.51593,358,358,0,0.00382702,0.00249477,0,0,0.0757666,0.22093,1,1,6,0,0,0,0.77907,0.174419,0.0465116,86,23154,75
1,bookshelf_thin,79,isSafe,1,1,0.0220279,2269,14,8.2013,6,412,0,0.00385104,0.00249477,0,0,0,0,34,10,0.411765,0,0,0,0,0,0,0,0,0
1,bookshelf_thin,79,qpFixed,1,1,0.0332646,2182,18,5.95937,460,460,0,0.00385104,0.00249477,0,0,0.00988837,0,6,5,3,0,0,0,1,0,0,2182,571244,1829
1,bookshelf_thin,79,qpPlain,1,1,0.0350715,2182,18,5.95937,460,460,0,0.00385104,0.00249477,0,0,0.00988837,0,6,5,3,0,0,0,1,0,0,2182,748426,2182
1,bookshelf_thin,79,qpAdaptive,1,1,0.0235273,1445,18,5.96961,339,339,0,0.00385104,0.00249477,0,0,0.014906,0.232526,6,5,3,0,0,0,0.764706,0.229066,0.00622837,1445,373573,1406
1,bookshelf_thin,79,qpFreeGate,1,1,0.0961203,7120,22,16.9674,1433,1433,0,0.00385104,0.00249477,0,0,0.00469716,0,53,18,0.415094,0,0,0,1,0,0,0,0,0
1,bookshelf_thin,79,qpFreeEnvelope,1,1,0.0161946,404,23,17.2043,898,898,0,0.00385104,0.00249477,0,0,0.082055,0.972772,53,18,0.433962,0,0,0,0.00990099,0.866337,0.123762,0,0,0
1,bookshelf_thin,79,qpEnvelope,1,1,0.0126471,709,20,6.01826,318,318,0,0.00385104,0.00249477,0,0,0.0307209,0.269394,6,5,3.33333,0,0,0,0.726375,0.251058,0.022567,709,189442,694
1,bookshelf_thin,86,isSafe,1,1,0.107169,11084,55,11.6892,7,586,0,0.00280044,0.00249477,0,0,0,0,356,52,0.154494,0,0,0,0,0,0,0,0,0
1,bookshelf_thin,86,qpFixed,1,1,0.0168328,1111,11,9.89678,804,804,0,0.000300083,0.00249477,0,0,0.011573,0,2,2,5.5,0,0,0,1,0,0,1111,274780,1022
1,bookshelf_thin,86,qpPlain,1,1,0.0177553,1111,11,9.89678,804,804,0,0.000300083,0.00249477,0,0,0.011573,0,2,2,5.5,0,0,0,1,0,0,1111,381073,1111
1,bookshelf_thin,86,qpAdaptive,1,1,0.0141644,864,11,9.92693,747,747,0,0.000294047,0.00249477,0,0,0.0149163,0.284722,2,2,5.5,0,0,0,0.712963,0.28125,0.00578704,864,218239,830
1,bookshelf_thin,86,qpFreeGate,1,1,0.212897,15819,46,19.9546,1690,1690,0,0.00212982,0.00249477,0,0,0.00464903,0,154,40,0.298701,0,0,0,1,0,0,0,0,0
1,bookshelf_thin,86,qpFreeEnvelope,1,1,0.0390638,976,50,20.2746,1056,1056,0,0.00213027,0.00249477,0,0,0.0739837,0.945697,154,39,0.324675,0,0,0,0.010352,0.864389,0.125259,0,0,0
1,bookshelf_thin,86,qpEnvelope,1,1,0.00916436,538,11,9.96195,635,635,0,0.000297875,0.00249477,0,0,0.0239693,0.210037,2,2,5.5,0,0,0,0.789963,0.195167,0.0148699,538,138367,523
1,bookshelf_thin,93,isSafe,1,1,0.0334897,3469,19,11.1719,7,560,0,0.00580481,0.00249477,0,0,0,0,57,14,0.333333,0,0,0,0,0,0,0,0,0
1,bookshelf_thin,93,qpFixed,1,1,0.0103973,723,7,8.34739,724,724,47,-0.00759659,0.00249477,0,0,0.0115455,0,1,1,7,0,0,0,1,0,0,723,201637,356
1,bookshelf_thin,93,qpPlain,1,1,0.0108273,723,7,8.34739,724,724,47,-0.00759659,0.00249477,0,0,0.0115455,0,1,1,7,0,0,0,1,0,0,723,247989,723
1,bookshelf_thin,93,qpAdaptive,1,1,0.00634702,411,7,8.34752,608,608,47,-0.00765219,0.00249477,0,0,0.0203103,0.155718,1,1,7,0,0,0,0.844282,0.148418,0.00729927,411,113198,347
1,bookshelf_thin,93,qpFreeGate,1,1,0.0990746,7408,25,15.8224,1354,1354,0,0.00580481,0.00249477,0,0,0.00570877,0,57,20,0.438596,0,0,0,1,0,0,0,0,0
1,bookshelf_thin,93,qpFreeEnvelope,1,1,0.0156132,381,25,15.8923,819,819,0,0.00580481,0.00249477,0,0,0.111555,0.963255,57,20,0.438596,0,0,0,0,0.870712,0.129288,0,0,0
1,bookshelf_thin,93,qpEnvelope,1,1,0.00515736,310,7,8.34734,566,566,48,-0.00767513,0.00249477,0,0,0.0269269,0.129032,1,1,7,0,0,0,0.870968,0.119355,0.00967742,310,86974,276
1,bookshelf_thin,100,isSafe,1,1,0.0425773,4405,24,12.566,8,630,0,0.00244726,0.00249477,0,0,0,0,78,20,0.307692,0,0,0,0,0,0,0,0,0
1,bookshelf_thin,100,qpFixed,1,1,0.0291149,1999,13,14.3896,1192,1192,0,0.000282455,0.00249477,0,0,0.0105708,0,7,5,1.85714,0,0,0,1,0,0,1999,478476,1311
1,bookshelf_thin,100,qpPlain,1,1,0.03144,1999,13,14.3896,1192,1192,0,0.000282455,0.00249477,0,0,0.0105708,0,7,5,1.85714,0,0,0,1,0,0,1999,685657,1999
1,bookshelf_thin,100,qpAdaptive,1,1,0.0190261,1158,17,14.4835,945,945,0,0.000282455,0.00249477,0,0,0.0189102,0.168394,7,5,2.42857,0,0,0,0.829016,0.159758,0.0112263,1158,281551,1103
1,bookshelf_thin,100,qpFreeGate,1,1,0.115369,8552,34,13.653,1074,1074,0,0.00242896,0.00249477,0,0,0.00618395,0,78,30,0.435897,0,0,0,1,0,0,0,0,0
1,bookshelf_thin,100,qpFreeEnvelope,1,1,0.0329972,872,51,12.9351,686,686,0,0.00158923,0.00249477,0,0,0.0870648,0.917431,110,41,0.463636,0,0,0,0.0588915,0.827945,0.113164,0,0,0
1,bookshelf_thin,100,qpEnvelope,1,1,0.0153584,909,17,14.503,851,851,0,0.000282455,0.00249477,0,0,0.0241197,0.130913,7,5,2.42857,0,0,0,0.866887,0.116612,0.0165017,909,220018,890
1,table_under_pick,7,isSafe,1,1,0.00787778,1421,9,9.68922,6,486,0,0.00212191,0.00249477,0,0,0,0,25,6,0.36,0,0,0,0,0,0,0,0,0
1,table_under_pick,7,qpFixed,1,1,0.026993,2446,19,14.1572,1112,1112,0,0.000331375,0.00249477,0,0,0.0101337,0,7,7,2.71429,0,0,0,1,0,0,2446,741092,1997
1,table_under_pick,7,qpPlain,1,1,0.0272759,2446,19,14.1572,1112,1112,0,0.000331375,0.00249477,0,0,0.0101337,0,7,7,2.71429,0,0,0,1,0,0,2446,838978,2446
1,table_under_pick,7,qpAdaptive,1,1,0.0196623,1664,19,14.1673,1037,1037,0,0.000328268,0.00249477,0,0,0.0149357,0.234976,7,7,2.71429,0,0,0,0.760216,0.230769,0.00901442,1664,512601,1567
1,table_under_pick,7,qpFreeGate,1,1,0.0600521,6336,26,10.2798,1065,1065,0,0.00182185,0.00249477,0,0,0.00413517,0,47,15,0.553191,0,0,0,1,0,0,0,0,0
1,table_under_pick,7,qpFreeEnvelope,1,1,0.00730255,309,19,10.6318,582,582,0,0.00181715,0.00249477,0,0,0.0729217,0.951456,35,12,0.542857,0,0,0,0.0161812,0.847896,0.135922,0,0,0
1,table_under_pick,7,qpEnvelope,1,1,0.0111942,854,20,14.1633,917,917,0,0.000384577,0.00249477,0,0,0.0291581,0.257611,7,7,2.85714,0,0,0,0.735363,0.240047,0.0245902,854,259576,813
1,table_under_pick,14,isSafe,1,1,0.0207591,3769,21,10.9,7,547,0,0.00356578,0.00249477,0,0,0,0,93,17,0.225806,0,0,0,0,0,0,0,0,0
1,table_under_pick,14,qpFixed,1,1,0.15444,13805,75,22.5066,2000,2000,0,0.0002276,0.00249477,0,0,0.00873544,0,52,41,1.44231,0,0,0,1,0,0,13805,3622977,12568
1,table_under_pick,14,qpPlain,1,1,0.164976,13805,75,22.5066,2000,2000,0,0.0002276,0.00249477,0,0,0.00873544,0,52,41,1.44231,0,0,0,1,0,0,13805,4735115,13805
1,table_under_pick,14,qpAdaptive,1,1,0.114286,9200,75,22.5246,1607,1607,0,0.000228131,0.00249477,0,0,0.0131405,0.308043,52,41,1.44231,0,0,0,0.689457,0.305435,0.0051087,9200,2439442,8984
1,table_under_pick,14,qpFreeGate,1,1,0.113509,12077,37,19.1576,1805,1805,0,0.00419423,0.00249477,0,0,0.00435458,0,115,31,0.321739,0,0,0,1,0,0,0,0,0
1,table_under_pick,14,qpFreeEnvelope,1,1,0.0154309,604,30,14.3872,757,757,0,1.15352e-05,0.00249477,0,0,0.0755994,0.968543,95,26,0.315789,0,0,0,0.00666667,0.833333,0.16,0,0,0
1,table_under_pick,14,qpEnvelope,1,1,0.0873879,6725,71,22.7571,1491,1491,0,0.000204325,0.00249477,0,0,0.0177108,0.202379,52,41,1.36538,0,0,0,0.796431,0.195539,0.00802974,6725,1807039,6657
1,table_under_pick,21,isSafe,1,0,10.0005,1617921,15973,0,0,0,0,inf,inf,0,0,0,0,132379,15971,0.120661,0,0,0,0,0,0,0,0,0
1,table_under_pick,21,qpFixed,1,0,10.0014,878437,1779,0,0,0,0,inf,inf,0,0,0.00579335,0,3907,1677,0.455337,0,0,0,1,0,0,878437,262888876,836674
1,table_under_pick,21,qpPlain,1,0,10.0009,872516,1767,0,0,0,0,inf,inf,0,0,0.00579544,0,3879,1665,0.45553,0,0,0,1,0,0,872516,299272988,872516
1,table_under_pick,21,qpAdaptive,1,0,10.0015,804170,1788,0,0,0,0,inf,inf,0,0,0.00638212,0.0559658,3943,1687,0.453462,0,0,0,0.943769,0.0552981,0.000932641,804170,241139442,795368
1,table_under_pick,21,qpFreeGate,1,0,10.0003,1047849,1733,0,0,0,0,inf,inf,0,0,0.00260438,0,9547,1727,0.181523,0,0,0,1,0,0,0,0,0
1,table_under_pick,21,qpFreeEnvelope,1,0,10.0001,336678,20056,0,0,0,0,inf,inf,0,0,0.0591493,0.691275,121569,20051,0.164976,0,0,0,0.00119742,0.865906,0.132896,0,0,0
1,table_under_pick,21,qpEnvelope,1,0,10,805079,1864,0,0,0,0,inf,inf,0,0,0.00666165,0.00654967,4147,1756,0.449482,0,0,0,0.993419,0.00558579,0.000994935,805079,241110911,802523
1,table_under_pick,28,isSafe,0,0,0,0,0,0,0,0,0,inf,inf,0,0,0,0,0,0,0,0,0,0,0,0,0,0,0,0
1,table_under_pick,28,qpFixed,0,0,0,0,0,0,0,0,0,inf,inf,0,0,0,0,0,0,0,0,0,0,0,0,0,0,0,0
1,table_under_pick,28,qpPlain,0,0,0,0,0,0,0,0,0,inf,inf,0,0,0,0,0,0,0,0,0,0,0,0,0,0,0,0
1,table_under_pick,28,qpAdaptive,0,0,0,0,0,0,0,0,0,inf,inf,0,0,0,0,0,0,0,0,0,0,0,0,0,0,0,0
1,table_under_pick,28,qpFreeGate,0,0,0,0,0,0,0,0,0,inf,inf,0,0,0,0,0,0,0,0,0,0,0,0,0,0,0,0
1,table_under_pick,28,qpFreeEnvelope,0,0,0,0,0,0,0,0,0,inf,inf,0,0,0,0,0,0,0,0,0,0,0,0,0,0,0,0
1,table_under_pick,28,qpEnvelope,0,0,0,0,0,0,0,0,0,inf,inf,0,0,0,0,0,0,0,0,0,0,0,0,0,0,0,0
1,table_under_pick,35,isSafe,1,1,0.00727597,1310,9,12.6588,8,634,0,0.00359053,0.00249477,0,0,0,0,29,4,0.310345,0,0,0,0,0,0,0,0,0
1,table_under_pick,35,qpFixed,1,1,0.0446111,3788,31,16.8305,1584,1584,0,0.000145334,0.00249477,0,0,0.00883667,0,11,10,2.81818,0,0,0,1,0,0,3788,1082495,3769
1,table_under_pick,35,qpPlain,1,1,0.0452813,3788,31,16.8305,1584,1584,0,0.000145334,0.00249477,0,0,0.00883667,0,11,10,2.81818,0,0,0,1,0,0,3788,1299284,3788
1,table_under_pick,35,qpAdaptive,1,1,0.0335353,2707,31,16.8424,1318,1318,0,0.000145335,0.00249477,0,0,0.0123736,0.251201,11,10,2.81818,0,0,0,0.746214,0.247506,0.00628001,2707,768436,2695
1,table_under_pick,35,qpFreeGate,1,1,0.0877138,9297,30,16.0967,1787,1787,0,0.00187501,0.00249477,0,0,0.00401103,0,61,20,0.491803,0,0,0,1,0,0,0,0,0
1,table_under_pick,35,qpFreeEnvelope,1,1,0.0116317,494,25,13.4047,744,744,0,2.42871e-06,0.00249477,0,0,0.053735,0.941296,49,16,0.510204,0,0,0,0.0344828,0.866126,0.0993915,0,0,0
1,table_under_pick,35,qpEnvelope,1,1,0.0256499,1982,31,16.9574,1174,1174,0,0.000101597,0.00249477,0,0,0.0170438,0.231584,11,10,2.81818,0,0,0,0.765388,0.225025,0.00958628,1982,564632,1978
1,table_under_pick,42,isSafe,1,0,10.0002,1619046,16017,0,0,0,0,inf,inf,0,0,0,0,138807,16015,0.11539,0,0,0,0,0,0,0,0,0
1,table_under_pick,42,qpFixed,1,0,10.0015,880513,1778,0,0,0,0,inf,inf,0,0,0.00574472,0,3910,1673,0.454731,0,0,0,1,0,0,880513,263327108,837742
1,table_under_pick,42,qpPlain,1,0,10.0002,875769,1772,0,0,0,0,inf,inf,0,0,0.0057468,0,3887,1667,0.455879,0,0,0,1,0,0,875769,300388767,875769
1,table_under_pick,42,qpAdaptive,1,0,10.003,838446,1850,0,0,0,0,inf,inf,0,0,0.00628765,0.0461365,4092,1743,0.452102,0,0,0,0.953642,0.0454556,0.000902863,838446,251627044,829109
1,table_under_pick,42,qpFreeGate,1,0,10.0004,1050276,1777,0,0,0,0,inf,inf,0,0,0.00261765,0,9900,1772,0.179495,0,0,0,1,0,0,0,0,0
1,table_under_pick,42,qpFreeEnvelope,1,0,10,340335,19159,0,0,0,0,inf,inf,0,0,0.0564908,0.702026,119524,19152,0.160294,0,0,0,0.00207737,0.868454,0.129468,0,0,0
1,table_under_pick,42,qpEnvelope,1,0,10.0001,832110,1907,0,0,0,0,inf,inf,0,0,0.00654562,0.00593071,4253,1801,0.448389,0,0,0,0.994045,0.00498852,0.000966218,832110,249641872,829027
1,table_under_pick,49,isSafe,1,1,0.0084238,1520,10,10.3684,7,520,0,0.00112923,0.00249477,0,0,0,0,36,6,0.277778,0,0,0,0,0,0,0,0,0
1,table_under_pick,49,qpFixed,1,1,0.0129839,1212,11,14.6477,1085,1085,0,0.00488766,0.00249477,0,0,0.0125892,0,3,3,3.66667,0,0,0,1,0,0,1212,359575,572
1,table_under_pick,49,qpPlain,1,1,0.0132727,1212,11,14.6477,1085,1085,0,0.00488766,0.00249477,0,0,0.0125892,0,3,3,3.66667,0,0,0,1,0,0,1212,415716,1212
1,table_under_pick,49,qpAdaptive,1,1,0.00472622,385,11,14.6815,869,869,0,0.00488766,0.00249477,0,0,0.0396392,0.696104,3,3,3.66667,0,0,0,0.293506,0.683117,0.0233766,385,120440,295
1,table_under_pick,49,qpFreeGate,1,1,0.0783269,8241,30,18.7914,1988,1988,0,0.000845078,0.00249477,0,0,0.00417301,0,76,16,0.394737,0,0,0,1,0,0,0,0,0
1,table_under_pick,49,qpFreeEnvelope,1,1,0.014405,639,19,12.36,673,673,0,0.000125268,0.00249477,0,0,0.0489951,0.688576,81,14,0.234568,0,0,0,0.270736,0.647887,0.0813772,0,0,0
1,table_under_pick,49,qpEnvelope,1,1,0.00188473,120,10,14.7568,781,781,0,0.00426012,0.00249477,0,0,0.127706,0.833333,3,3,3.33333,0,0,0,0.166667,0.758333,0.075,120,37048,92
1,table_under_pick,56,isSafe,1,1,0.0219649,3969,22,24.064,14,1205,0,0.00142738,0.00249477,0,0,0,0,132,17,0.166667,0,0,0,0,0,0,0,0,0
1,table_under_pick,56,qpFixed,1,1,0.0199076,1872,16,13.9892,1019,1019,0,0.000834001,0.00249477,0,0,0.0114681,0,6,6,2.66667,0,0,0,1,0,0,1872,464757,1532
1,table_under_pick,56,qpPlain,1,1,0.0213655,1872,16,13.9892,1019,1019,0,0.000834001,0.00249477,0,0,0.0114681,0,6,6,2.66667,0,0,0,1,0,0,1872,642096,1872
1,table_under_pick,56,qpAdaptive,1,1,0.0134777,1180,16,13.9912,945,945,0,0.00073126,0.00249477,0,0,0.0182137,0.334746,6,6,2.66667,0,0,0,0.661864,0.329661,0.00847458,1180,301062,1059
1,table_under_pick,56,qpFreeGate,1,1,0.117054,12453,47,25.1895,2764,2764,0,0.00473838,0.00249477,0,0,0.00494437,0,70,34,0.671429,0,0,0,1,0,0,0,0,0
1,table_under_pick,56,qpFreeEnvelope,1,1,0.0290522,1179,60,18.2038,971,971,0,0.00275463,0.00249477,0,0,0.0812871,0.950806,156,52,0.384615,0,0,0,0.0172712,0.842832,0.139896,0,0,0
1,table_under_pick,56,qpEnvelope,1,1,0.00868799,687,15,13.9958,824,824,0,0.000540282,0.00249477,0,0,0.0314322,0.299854,6,6,2.5,0,0,0,0.697234,0.28821,0.014556,687,180723,659
1,table_under_pick,64,isSafe,1,1,0.0135046,2422,14,13.2879,8,666,0,0.00348595,0.00249477,0,0,0,0,43,10,0.325581,0,0,0,0,0,0,0,0,0
1,table_under_pick,64,qpFixed,1,1,0.018108,1594,16,10.6917,933,933,0,0.000662798,0.00249477,0,0,0.0112439,0,3,3,5.33333,0,0,0,1,0,0,1594,478961,1408
1,table_under_pick,64,qpPlain,1,1,0.0181194,1594,16,10.6917,933,933,0,0.000662798,0.00249477,0,0,0.0112439,0,3,3,5.33333,0,0,0,1,0,0,1594,546742,1594
1,table_under_pick,64,qpAdaptive,1,1,0.0101291,838,15,11.4386,844,844,0,0.00066449,0.00249477,0,0,0.0213337,0.423628,3,3,5,0,0,0,0.575179,0.410501,0.0143198,838,248044,791
1,table_under_pick,64,qpFreeGate,1,1,0.0219814,2353,12,11.5299,1126,1126,0,0.00291778,0.00249477,0,0,0.00584135,0,9,6,1.33333,0,0,0,1,0,0,0,0,0
1,table_under_pick,64,qpFreeEnvelope,1,1,0.00300652,123,9,9.69444,512,512,0,0.00294048,0.00249477,0,0,0.0904858,0.98374,8,4,1.125,0,0,0,0.0162602,0.902439,0.0813008,0,0,0
1,table_under_pick,64,qpEnvelope,1,1,0.00597813,455,14,11.4451,759,759,0,0.000686895,0.00249477,0,0,0.0393711,0.285714,3,3,4.66667,0,0,0,0.714286,0.259341,0.0263736,455,134471,438
1,table_under_pick,71,isSafe,1,1,0.0158795,2867,17,16.0398,10,803,0,0.00255954,0.00249477,0,0,0,0,63,12,0.269841,0,0,0,0,0,0,0,0,0
1,table_under_pick,71,qpFixed,1,1,0.00669092,677,14,9.33972,678,678,0,0.00447437,0.00249477,0,0,0.0137957,0,1,1,14,0,0,0,1,0,0,677,172608,336
1,table_under_pick,71,qpPlain,1,1,0.00721063,677,14,9.33972,678,678,0,0.00447437,0.00249477,0,0,0.0137957,0,1,1,14,0,0,0,1,0,0,677,232211,677
1,table_under_pick,71,qpAdaptive,1,1,0.00203206,182,14,9.30622,548,548,0,0.00447489,0.00249477,0,0,0.0511331,0.708791,1,1,14,0,0,0,0.269231,0.664835,0.0659341,182,47964,155
1,table_under_pick,71,qpFreeGate,1,1,0.0816958,8654,22,15.8628,1229,1229,0,0.0018386,0.00249477,0,0,0.00355487,0,83,13,0.26506,0,0,0,1,0,0,0,0,0
1,table_under_pick,71,qpFreeEnvelope,1,1,0.0143157,553,29,17.0298,897,897,0,0.00233777,0.00249477,0,0,0.0701187,0.987342,85,14,0.341176,0,0,0,0.00181159,0.847826,0.150362,0,0,0
1,table_under_pick,71,qpEnvelope,1,1,0.00110016,78,14,9.28989,503,503,0,0.00429217,0.00249477,0,0,0.119101,0.833333,1,1,14,0,0,0,0.115385,0.730769,0.153846,78,21269,65
1,table_under_pick,78,isSafe,1,1,0.00998663,1814,11,15.3957,9,771,0,0.0024831,0.00249477,0,0,0,0,37,7,0.297297,0,0,0,0,0,0,0,0,0
1,table_under_pick,78,qpFixed,1,1,0.0367027,3120,27,9.6348,821,821,0,0.00334418,0.00249477,0,0,0.00997905,0,11,10,2.45455,0,0,0,1,0,0,3120,926881,2802
1,table_under_pick,78,qpPlain,1,1,0.0369063,3120,27,9.6348,821,821,0,0.00334418,0.00249477,0,0,0.00997905,0,11,10,2.45455,0,0,0,1,0,0,3120,1070160,3120
1,table_under_pick,78,qpAdaptive,1,1,0.0255308,2035,27,9.63936,609,609,0,0.00338009,0.00249477,0,0,0.0153478,0.337101,11,10,2.45455,0,0,0,0.658477,0.33317,0.00835381,2035,601197,1984
1,table_under_pick,78,qpFreeGate,1,1,0.0720159,7710,17,16.4748,1660,1660,0,0.00210226,0.00249477,0,0,0.00322728,0,62,12,0.274194,0,0,0,1,0,0,0,0,0
1,table_under_pick,78,qpFreeEnvelope,1,1,0.0215536,964,44,13.2306,744,744,0,3.60261e-05,0.00249477,0,0,0.0605144,0.853734,104,30,0.423077,0,0,0,0.114345,0.795218,0.0904366,0,0,0
1,table_under_pick,78,qpEnvelope,1,1,0.0223437,1658,25,9.65741,548,548,0,0.00176728,0.00249477,0,0,0.0189245,0.193004,11,10,2.27273,0,0,0,0.804584,0.18456,0.0108565,1658,490747,1640
1,table_under_pick,85,isSafe,0,0,0,0,0,0,0,0,0,inf,inf,0,0,0,0,0,0,0,0,0,0,0,0,0,0,0,0
1,table_under_pick,85,qpFixed,0,0,0,0,0,0,0,0,0,inf,inf,0,0,0,0,0,0,0,0,0,0,0,0,0,0,0,0
1,table_under_pick,85,qpPlain,0,0,0,0,0,0,0,0,0,inf,inf,0,0,0,0,0,0,0,0,0,0,0,0,0,0,0,0
1,table_under_pick,85,qpAdaptive,0,0,0,0,0,0,0,0,0,inf,inf,0,0,0,0,0,0,0,0,0,0,0,0,0,0,0,0
1,table_under_pick,85,qpFreeGate,0,0,0,0,0,0,0,0,0,inf,inf,0,0,0,0,0,0,0,0,0,0,0,0,0,0,0,0
1,table_under_pick,85,qpFreeEnvelope,0,0,0,0,0,0,0,0,0,inf,inf,0,0,0,0,0,0,0,0,0,0,0,0,0,0,0,0
1,table_under_pick,85,qpEnvelope,0,0,0,0,0,0,0,0,0,inf,inf,0,0,0,0,0,0,0,0,0,0,0,0,0,0,0,0
1,table_under_pick,92,isSafe,1,1,0.0105734,1901,12,14.0987,9,706,0,0.00383966,0.00249477,0,0,0,0,46,7,0.26087,0,0,0,0,0,0,0,0,0
1,table_under_pick,92,qpFixed,1,1,0.0233198,2143,15,11.7206,1010,1010,0,0.000838543,0.00249477,0,0,0.00961843,0,6,6,2.5,0,0,0,1,0,0,2143,567208,1883
1,table_under_pick,92,qpPlain,1,1,0.0246135,2143,15,11.7206,1010,1010,0,0.000838543,0.00249477,0,0,0.00961843,0,6,6,2.5,0,0,0,1,0,0,2143,735049,2143
1,table_under_pick,92,qpAdaptive,1,1,0.0127778,1088,15,12.7207,823,823,0,0.000848829,0.00249477,0,0,0.0189397,0.504596,6,6,2.5,0,0,0,0.491728,0.499081,0.00919118,1088,275879,1023
1,table_under_pick,92,qpFreeGate,1,1,0.044766,4806,15,11.6657,956,956,0,0.00374549,0.00249477,0,0,0.00437786,0,43,11,0.348837,0,0,0,1,0,0,0,0,0
1,table_under_pick,92,qpFreeEnvelope,1,1,0.00836776,362,15,11.8035,623,623,0,0.00376358,0.00249477,0,0,0.057437,0.953039,43,11,0.348837,0,0,0,0.0359116,0.859116,0.104972,0,0,0
1,table_under_pick,92,qpEnvelope,1,1,0.00644742,515,15,11.719,678,678,0,0.000857847,0.00249477,0,0,0.0401581,0.36699,6,6,2.5,0,0,0,0.627184,0.343689,0.0291262,515,126729,497
1,table_under_pick,99,isSafe,1,1,0.0122763,2233,13,15.4566,9,774,0,0.00524096,0.00249477,0,0,0,0,43,9,0.302326,0,0,0,0,0,0,0,0,0
1,table_under_pick,99,qpFixed,1,1,0.0269545,2412,21,9.16841,748,748,0,0.00230556,0.00249477,0,0,0.0107482,0,7,7,3,0,0,0,1,0,0,2412,670996,2103
1,table_under_pick,99,qpPlain,1,1,0.0289103,2412,21,9.16841,748,748,0,0.00230556,0.00249477,0,0,0.0107482,0,7,7,3,0,0,0,1,0,0,2412,827316,2412
1,table_under_pick,99,qpAdaptive,1,1,0.0185882,1568,22,9.17474,609,609,0,0.00190715,0.00249477,0,0,0.0165946,0.314413,7,7,3.14286,0,0,0,0.68176,0.311224,0.00701531,1568,443713,1443
1,table_under_pick,99,qpFreeGate,1,1,0.0573981,6165,22,15.0211,1345,1345,0,0.00388864,0.00249477,0,0,0.00464817,0,44,15,0.5,0,0,0,1,0,0,0,0,0
1,table_under_pick,99,qpFreeEnvelope,1,1,0.0114413,469,26,18.4414,973,973,0,1.85972e-05,0.00249477,0,0,0.0830243,0.910448,58,19,0.448276,0,0,0,0.0618337,0.803838,0.134328,0,0,0
1,table_under_pick,99,qpEnvelope,1,1,0.0135579,1077,22,9.18615,534,534,0,0.00122294,0.00249477,0,0,0.0242334,0.196843,7,7,3.14286,0,0,0,0.8013,0.183844,0.0148561,1077,307516,1025
1,bookshelf_small,6,isSafe,1,1,0.0212318,5555,29,19.9167,11,997,0,0.00193275,0.00249477,0,0,0,0,122,26,0.237705,0,0,0,0,0,0,0,0,0
1,bookshelf_small,6,qpFixed,1,1,0.0331635,3644,28,21.534,1645,1645,0,0.000703362,0.00249477,0,0,0.0105078,0,13,9,2.15385,0,0,0,1,0,0,3644,943745,3049
1,bookshelf_small,6,qpPlain,1,1,0.0361647,3644,28,21.534,1645,1645,0,0.000703362,0.00249477,0,0,0.0105078,0,13,9,2.15385,0,0,0,1,0,0,3644,1249892,3644
1,bookshelf_small,6,qpAdaptive,1,1,0.0252541,2494,28,21.522,1545,1545,0,0.000713486,0.00249477,0,0,0.0153578,0.348837,13,9,2.15385,0,0,0,0.647955,0.344828,0.00721732,2494,642616,2333
1,bookshelf_small,6,qpFreeGate,1,1,0.0175826,2273,15,10.7731,911,911,0,0.00193275,0.00249477,0,0,0.00519415,0,20,4,0.75,0,0,0,1,0,0,0,0,0
1,bookshelf_small,6,qpFreeEnvelope,1,1,0.00485499,258,16,13.0271,682,682,0,0.000836912,0.00249477,0,0,0.0927987,0.899225,36,10,0.444444,0,0,0,0.07393,0.832685,0.0933852,0,0,0
1,bookshelf_small,6,qpEnvelope,1,1,0.013883,1285,28,18.1503,1091,1091,0,0.000709308,0.00249477,0,0,0.0297821,0.251362,13,9,2.15385,0,0,0,0.745525,0.232685,0.0217899,1285,336089,1171
1,bookshelf_small,14,isSafe,1,1,0.00284411,748,6,7.41188,5,372,0,0.00762459,0.00249477,0,0,0,0,2,2,3,0,0,0,0,0,0,0,0,0
1,bookshelf_small,14,qpFixed,1,1,0.00442685,523,6,6.57813,526,526,0,0.00111879,0.00249477,0,0,0.0125777,0,1,1,6,0,0,0,1,0,0,523,124214,249
1,bookshelf_small,14,qpPlain,1,1,0.00530243,523,6,6.57813,526,526,0,0.00111879,0.00249477,0,0,0.0125777,0,1,1,6,0,0,0,1,0,0,523,179389,523
1,bookshelf_small,14,qpAdaptive,1,1,0.00242929,234,6,6.57794,432,432,0,0.00112808,0.00249477,0,0,0.0281108,0.290598,1,1,6,0,0,0,0.709402,0.282051,0.00854701,234,58589,204
1,bookshelf_small,14,qpFreeGate,1,1,0.00478007,627,6,7.32304,553,553,0,0.00762459,0.00249477,0,0,0.0117214,0,2,2,3,0,0,0,1,0,0,0,0,0
1,bookshelf_small,14,qpFreeEnvelope,1,1,0.000498427,25,6,7.33261,379,379,0,0.00762459,0.00249477,0,0,0.294623,1,2,2,3,0,0,0,0,0.8,0.2,0,0,0
1,bookshelf_small,14,qpEnvelope,1,1,0.00168544,153,6,6.58899,394,394,0,0.000939524,0.00249477,0,0,0.0430653,0.137255,1,1,6,0,0,0,0.862745,0.117647,0.0196078,153,38099,138
1,bookshelf_small,21,isSafe,1,1,0.004591,1204,8,5.61787,4,282,0,0.00470496,0.00249477,0,0,0,0,19,5,0.421053,0,0,0,0,0,0,0,0,0
1,bookshelf_small,21,qpFixed,1,1,0.00378413,457,6,6.81258,458,458,0,0.00470496,0.00249477,0,0,0.0149072,0,1,1,6,0,0,0,1,0,0,457,117572,183
1,bookshelf_small,21,qpPlain,1,1,0.00436286,457,6,6.81258,458,458,0,0.00470496,0.00249477,0,0,0.0149072,0,1,1,6,0,0,0,1,0,0,457,156751,457
1,bookshelf_small,21,qpAdaptive,1,1,0.00191424,198,6,6.81294,408,408,0,0.00470496,0.00249477,0,0,0.0344088,0.368687,1,1,6,0,0,0,0.631313,0.353535,0.0151515,198,51851,155
1,bookshelf_small,21,qpFreeGate,1,1,0.0348087,4478,15,8.14892,593,593,0,0.0028971,0.00249477,0,0,0.0051218,0,38,11,0.394737,0,0,0,1,0,0,0,0,0
1,bookshelf_small,21,qpFreeEnvelope,1,1,0.00450806,219,15,8.07656,419,419,0,0.0028892,0.00249477,0,0,0.105414,0.96347,38,11,0.394737,0,0,0,0.0182648,0.803653,0.178082,0,0,0
1,bookshelf_small,21,qpEnvelope,1,1,0.00107694,104,6,6.81761,376,376,0,0.00390752,0.00249477,0,0,0.0655539,0.240385,1,1,6,0,0,0,0.759615,0.201923,0.0384615,104,27976,86
1,bookshelf_small,29,isSafe,1,1,0.0204495,5383,27,9.19883,6,461,0,0.00648559,0.00249477,0,0,0,0,113,22,0.238938,0,0,0,0,0,0,0,0,0
1,bookshelf_small,29,qpFixed,1,1,0.0138758,1641,11,10.8607,1034,1034,0,0.000464973,0.00249477,0,0,0.00893115,0,3,3,3.66667,0,0,0,1,0,0,1641,380828,904
1,bookshelf_small,29,qpPlain,1,1,0.0155381,1641,11,10.8607,1034,1034,0,0.000464973,0.00249477,0,0,0.00893115,0,3,3,3.66667,0,0,0,1,0,0,1641,562863,1641
1,bookshelf_small,29,qpAdaptive,1,1,0.00650231,681,11,10.8611,808,808,0,0.000464973,0.00249477,0,0,0.021579,0.220264,3,3,3.66667,0,0,0,0.778267,0.212922,0.00881057,681,158520,619
1,bookshelf_small,29,qpFreeGate,1,1,0.0697268,9061,31,15.0754,1211,1211,0,0.00648559,0.00249477,0,0,0.00533658,0,73,27,0.424658,0,0,0,1,0,0,0,0,0
1,bookshelf_small,29,qpFreeEnvelope,1,1,0.00874425,439,31,15.2022,785,785,0,0.00648559,0.00249477,0,0,0.111392,0.952164,73,27,0.424658,0,0,0,0,0.834101,0.165899,0,0,0
1,bookshelf_small,29,qpEnvelope,1,1,0.0055406,533,11,10.8614,742,742,0,0.000461035,0.00249477,0,0,0.0276949,0.163227,3,3,3.66667,0,0,0,0.834897,0.15197,0.0131332,533,122725,514
1,bookshelf_small,37,isSafe,1,0,10.0002,2130081,22161,0,0,0,0,inf,inf,0,0,0,0,203388,22159,0.108959,0,0,0,0,0,0,0,0,0
1,bookshelf_small,37,qpFixed,1,0,10.0011,997083,1981,0,0,0,0,inf,inf,0,0,0.00569185,0,4482,1890,0.44199,0,0,0,1,0,0,997083,300005347,954409
1,bookshelf_small,37,qpPlain,1,0,10.0007,1028339,2031,0,0,0,0,inf,inf,0,0,0.00567061,0,4645,1940,0.437244,0,0,0,1,0,0,1028339,352720277,1028339
1,bookshelf_small,37,qpAdaptive,1,0,10.0001,974763,2102,0,0,0,0,inf,inf,0,0,0.00621794,0.0563409,4868,2011,0.4318,0,0,0,0.943402,0.0556599,0.000937668,974763,293806535,963331
1,bookshelf_small,37,qpFreeGate,1,0,10.0004,1276730,2073,0,0,0,0,inf,inf,0,0,0.00250195,0,11476,2071,0.180638,0,0,0,1,0,0,0,0,0
1,bookshelf_small,37,qpFreeEnvelope,1,0,10,422792,22907,0,0,0,0,inf,inf,0,0,0.0526631,0.707204,147042,22902,0.155785,0,0,0,0.00230251,0.8683,0.129398,0,0,0
1,bookshelf_small,37,qpEnvelope,1,0,10.0021,953459,2146,0,0,0,0,inf,inf,0,0,0.00653404,0.00749167,5005,2057,0.428771,0,0,0,0.992455,0.00654775,0.000997422,953459,287387402,949734
1,bookshelf_small,44,isSafe,0,0,0,0,0,0,0,0,0,inf,inf,0,0,0,0,0,0,0,0,0,0,0,0,0,0,0,0
1,bookshelf_small,44,qpFixed,0,0,0,0,0,0,0,0,0,inf,inf,0,0,0,0,0,0,0,0,0,0,0,0,0,0,0,0
1,bookshelf_small,44,qpPlain,0,0,0,0,0,0,0,0,0,inf,inf,0,0,0,0,0,0,0,0,0,0,0,0,0,0,0,0
1,bookshelf_small,44,qpAdaptive,0,0,0,0,0,0,0,0,0,inf,inf,0,0,0,0,0,0,0,0,0,0,0,0,0,0,0,0
1,bookshelf_small,44,qpFreeGate,0,0,0,0,0,0,0,0,0,inf,inf,0,0,0,0,0,0,0,0,0,0,0,0,0,0,0,0
1,bookshelf_small,44,qpFreeEnvelope,0,0,0,0,0,0,0,0,0,inf,inf,0,0,0,0,0,0,0,0,0,0,0,0,0,0,0,0
1,bookshelf_small,44,qpEnvelope,0,0,0,0,0,0,0,0,0,inf,inf,0,0,0,0,0,0,0,0,0,0,0,0,0,0,0,0
1,bookshelf_small,51,isSafe,1,1,0.0229449,5992,30,5.10587,4,257,0,0.00129878,0.00249477,0,0,0,0,149,26,0.201342,0,0,0,0,0,0,0,0,0
1,bookshelf_small,51,qpFixed,1,1,0.00661702,878,10,8.72003,697,697,0,0.00129878,0.00249477,0,0,0.0128174,0,2,2,5,0,0,0,1,0,0,878,208947,197
1,bookshelf_small,51,qpPlain,1,1,0.00759313,878,10,8.72003,697,697,0,0.00129878,0.00249477,0,0,0.0128174,0,2,2,5,0,0,0,1,0,0,878,301154,878
1,bookshelf_small,51,qpAdaptive,1,1,0.00101086,108,9,8.74076,482,482,0,0.00129878,0.00249477,0,0,0.103931,0.805556,2,2,4.5,0,0,0,0.194444,0.731481,0.0740741,108,29725,60
1,bookshelf_small,51,qpFreeGate,1,1,0.163094,21168,68,6.94463,754,754,0,0.000426659,0.00249477,0,0,0.00436591,0,214,53,0.317757,0,0,0,1,0,0,0,0,0
1,bookshelf_small,51,qpFreeEnvelope,1,1,0.0222946,1190,47,14.3574,745,745,0,0.00129878,0.00249477,0,0,0.0670078,0.962185,177,41,0.265537,0,0,0,0.0212044,0.843087,0.135708,0,0,0
1,bookshelf_small,51,qpEnvelope,1,1,0.00057825,45,9,8.81784,460,460,0,0.00129878,0.00249477,0,0,0.249359,0.777778,2,2,4.5,0,0,0,0.222222,0.6,0.177778,45,12345,22
1,bookshelf_small,58,isSafe,0,0,0,0,0,0,0,0,0,inf,inf,0,0,0,0,0,0,0,0,0,0,0,0,0,0,0,0
1,bookshelf_small,58,qpFixed,0,0,0,0,0,0,0,0,0,inf,inf,0,0,0,0,0,0,0,0,0,0,0,0,0,0,0,0
1,bookshelf_small,58,qpPlain,0,0,0,0,0,0,0,0,0,inf,inf,0,0,0,0,0,0,0,0,0,0,0,0,0,0,0,0
1,bookshelf_small,58,qpAdaptive,0,0,0,0,0,0,0,0,0,inf,inf,0,0,0,0,0,0,0,0,0,0,0,0,0,0,0,0
1,bookshelf_small,58,qpFreeGate,0,0,0,0,0,0,0,0,0,inf,inf,0,0,0,0,0,0,0,0,0,0,0,0,0,0,0,0
1,bookshelf_small,58,qpFreeEnvelope,0,0,0,0,0,0,0,0,0,inf,inf,0,0,0,0,0,0,0,0,0,0,0,0,0,0,0,0
1,bookshelf_small,58,qpEnvelope,0,0,0,0,0,0,0,0,0,inf,inf,0,0,0,0,0,0,0,0,0,0,0,0,0,0,0,0
1,bookshelf_small,65,isSafe,1,1,0.00332608,869,7,8.37966,6,420,0,0.00514511,0.00249477,0,0,0,0,3,2,2.33333,0,0,0,0,0,0,0,0,0
1,bookshelf_small,65,qpFixed,1,1,0.0042741,526,6,6.49741,527,527,0,0.00177893,0.00249477,0,0,0.0123525,0,1,1,6,0,0,0,1,0,0,526,127889,222
1,bookshelf_small,65,qpPlain,1,1,0.00487163,526,6,6.49741,527,527,0,0.00177893,0.00249477,0,0,0.0123525,0,1,1,6,0,0,0,1,0,0,526,180418,526
1,bookshelf_small,65,qpAdaptive,1,1,0.00174785,187,6,6.50096,413,413,0,0.00169882,0.00249477,0,0,0.0347645,0.40107,1,1,6,0,0,0,0.59893,0.385027,0.0160428,187,43599,152
1,bookshelf_small,65,qpFreeGate,1,1,0.00741877,969,7,8.36872,746,746,0,0.00550386,0.00249477,0,0,0.00874159,0,3,2,2.33333,0,0,0,1,0,0,0,0,0
1,bookshelf_small,65,qpFreeEnvelope,1,1,0.000930229,49,7,8.38415,433,433,0,0.00547683,0.00249477,0,0,0.173228,1,3,2,2.33333,0,0,0,0,0.857143,0.142857,0,0,0
1,bookshelf_small,65,qpEnvelope,1,1,0.00039889,28,6,6.17426,328,328,0,0.00703056,0.00249477,0,0,0.220509,0.964286,1,1,6,0,0,0,0.0357143,0.821429,0.142857,28,6998,14
1,bookshelf_small,72,isSafe,0,0,0,0,0,0,0,0,0,inf,inf,0,0,0,0,0,0,0,0,0,0,0,0,0,0,0,0
1,bookshelf_small,72,qpFixed,0,0,0,0,0,0,0,0,0,inf,inf,0,0,0,0,0,0,0,0,0,0,0,0,0,0,0,0
1,bookshelf_small,72,qpPlain,0,0,0,0,0,0,0,0,0,inf,inf,0,0,0,0,0,0,0,0,0,0,0,0,0,0,0,0
1,bookshelf_small,72,qpAdaptive,0,0,0,0,0,0,0,0,0,inf,inf,0,0,0,0,0,0,0,0,0,0,0,0,0,0,0,0
1,bookshelf_small,72,qpFreeGate,0,0,0,0,0,0,0,0,0,inf,inf,0,0,0,0,0,0,0,0,0,0,0,0,0,0,0,0
1,bookshelf_small,72,qpFreeEnvelope,0,0,0,0,0,0,0,0,0,inf,inf,0,0,0,0,0,0,0,0,0,0,0,0,0,0,0,0
1,bookshelf_small,72,qpEnvelope,0,0,0,0,0,0,0,0,0,inf,inf,0,0,0,0,0,0,0,0,0,0,0,0,0,0,0,0
1,bookshelf_small,79,isSafe,1,1,0.0805527,21067,102,15.912,9,797,0,0.00234725,0.00249477,0,0,0,0,802,99,0.127182,0,0,0,0,0,0,0,0,0
1,bookshelf_small,79,qpFixed,1,1,0.00853887,880,9,10.8464,881,881,0,0.000293837,0.00249477,0,0,0.0123255,0,1,1,9,0,0,0,1,0,0,880,258191,517
1,bookshelf_small,79,qpPlain,1,1,0.00877838,880,9,10.8464,881,881,0,0.000293837,0.00249477,0,0,0.0123255,0,1,1,9,0,0,0,1,0,0,880,301840,880
1,bookshelf_small,79,qpAdaptive,1,1,0.00605902,539,9,10.8422,795,795,0,0.000298178,0.00249477,0,0,0.0201154,0.189239,1,1,9,0,0,0,0.810761,0.183673,0.00556586,539,163381,474
1,bookshelf_small,79,qpFreeGate,1,1,0.518016,66754,137,23.0748,2532,2532,0,0.00134391,0.00249477,0,0,0.00337785,0,506,124,0.270751,0,0,0,1,0,0,0,0,0
1,bookshelf_small,79,qpFreeEnvelope,1,1,0.0759641,3996,139,12.1346,659,659,0,0.000232068,0.00249477,0,0,0.0613454,0.950701,631,133,0.220285,0,0,0,0.0126775,0.844574,0.142748,0,0,0
1,bookshelf_small,79,qpEnvelope,1,1,0.00505142,420,9,10.8636,734,734,0,0.000276584,0.00249477,0,0,0.0258658,0.12619,1,1,9,0,0,0,0.87381,0.119048,0.00714286,420,127046,391
1,bookshelf_small,86,isSafe,0,0,0,0,0,0,0,0,0,inf,inf,0,0,0,0,0,0,0,0,0,0,0,0,0,0,0,0
1,bookshelf_small,86,qpFixed,0,0,0,0,0,0,0,0,0,inf,inf,0,0,0,0,0,0,0,0,0,0,0,0,0,0,0,0
1,bookshelf_small,86,qpPlain,0,0,0,0,0,0,0,0,0,inf,inf,0,0,0,0,0,0,0,0,0,0,0,0,0,0,0,0
1,bookshelf_small,86,qpAdaptive,0,0,0,0,0,0,0,0,0,inf,inf,0,0,0,0,0,0,0,0,0,0,0,0,0,0,0,0
1,bookshelf_small,86,qpFreeGate,0,0,0,0,0,0,0,0,0,inf,inf,0,0,0,0,0,0,0,0,0,0,0,0,0,0,0,0
1,bookshelf_small,86,qpFreeEnvelope,0,0,0,0,0,0,0,0,0,inf,inf,0,0,0,0,0,0,0,0,0,0,0,0,0,0,0,0
1,bookshelf_small,86,qpEnvelope,0,0,0,0,0,0,0,0,0,inf,inf,0,0,0,0,0,0,0,0,0,0,0,0,0,0,0,0
1,bookshelf_small,94,isSafe,0,0,0,0,0,0,0,0,0,inf,inf,0,0,0,0,0,0,0,0,0,0,0,0,0,0,0,0
1,bookshelf_small,94,qpFixed,0,0,0,0,0,0,0,0,0,inf,inf,0,0,0,0,0,0,0,0,0,0,0,0,0,0,0,0
1,bookshelf_small,94,qpPlain,0,0,0,0,0,0,0,0,0,inf,inf,0,0,0,0,0,0,0,0,0,0,0,0,0,0,0,0
1,bookshelf_small,94,qpAdaptive,0,0,0,0,0,0,0,0,0,inf,inf,0,0,0,0,0,0,0,0,0,0,0,0,0,0,0,0
1,bookshelf_small,94,qpFreeGate,0,0,0,0,0,0,0,0,0,inf,inf,0,0,0,0,0,0,0,0,0,0,0,0,0,0,0,0
1,bookshelf_small,94,qpFreeEnvelope,0,0,0,0,0,0,0,0,0,inf,inf,0,0,0,0,0,0,0,0,0,0,0,0,0,0,0,0
1,bookshelf_small,94,qpEnvelope,0,0,0,0,0,0,0,0,0,inf,inf,0,0,0,0,0,0,0,0,0,0,0,0,0,0,0,0
1,box,1,isSafe,1,1,0.0160527,4388,24,16.1984,10,811,0,0.000451186,0.00249477,0,0,0,0,100,20,0.24,0,0,0,0,0,0,0,0,0
1,box,1,qpFixed,1,1,0.0144262,1698,14,10.8696,772,772,0,0.012293,0.00249477,0,0,0.011368,0,5,5,2.8,0,0,0,1,0,0,1698,422580,1305
1,box,1,qpPlain,1,1,0.0159216,1698,14,10.8696,772,772,0,0.012293,0.00249477,0,0,0.011368,0,5,5,2.8,0,0,0,1,0,0,1698,582414,1698
1,box,1,qpAdaptive,1,1,0.00701442,723,14,10.8765,640,640,0,0.0120552,0.00249477,0,0,0.0267557,0.492393,5,5,2.8,0,0,0,0.502075,0.481328,0.0165975,723,188907,667
1,box,1,qpFreeGate,1,1,0.351597,47377,99,15.8206,1340,1340,0,0.00802236,0.00249477,0,0,0.00377092,0,333,90,0.297297,0,0,0,1,0,0,0,0,0
1,box,1,qpFreeEnvelope,1,1,0.043676,2366,112,26.5874,1406,1406,0,0.000740323,0.00249477,0,0,0.07634,0.928994,358,101,0.312849,0,0,0,0.0253219,0.843348,0.13133,0,0,0
1,box,1,qpEnvelope,1,1,0.00359384,307,14,10.9017,583,583,0,0.0111737,0.00249477,0,0,0.0633392,0.534202,5,5,2.8,0,0,0,0.462541,0.488599,0.0488599,307,82111,290
1,box,8,isSafe,1,1,0.0112445,3078,18,22.3319,13,1118,0,0.0292863,0.00249477,0,0,0,0,47,12,0.382979,0,0,0,0,0,0,0,0,0
1,box,8,qpFixed,1,1,0.0149961,1508,15,14.9278,1127,1127,0,0.00103797,0.00249477,0,0,0.0118134,0,5,5,3,0,0,0,1,0,0,1508,433371,1364
1,box,8,qpPlain,1,1,0.0153185,1508,15,14.9278,1127,1127,0,0.00103797,0.00249477,0,0,0.0118134,0,5,5,3,0,0,0,1,0,0,1508,517244,1508
1,box,8,qpAdaptive,1,1,0.00942947,876,15,14.945,997,997,0,0.00104003,0.00249477,0,0,0.0203534,0.399543,5,5,3,0,0,0,0.594749,0.396119,0.00913242,876,258361,851
1,box,8,qpFreeGate,1,1,0.120202,16157,43,13.2146,1273,1273,0,0.0141292,0.00249477,0,0,0.00378371,0,109,36,0.394495,0,0,0,1,0,0,0,0,0
1,box,8,qpFreeEnvelope,1,1,0.0156502,959,31,12.7042,662,662,0,0.000819617,0.00249477,0,0,0.043883,0.934307,109,24,0.284404,0,0,0,0.0462671,0.859096,0.0946372,0,0,0
1,box,8,qpEnvelope,1,1,0.00548746,462,16,15.025,912,912,0,0.00107968,0.00249477,0,0,0.0388122,0.441558,5,5,3.2,0,0,0,0.558442,0.41342,0.0281385,462,137951,439
1,box,15,isSafe,1,1,0.00796166,2164,13,11.6638,7,585,0,0.0569084,0.00249477,0,0,0,0,34,9,0.382353,0,0,0,0,0,0,0,0,0
1,box,15,qpFixed,1,1,0.00791048,907,16,10.5343,757,757,0,0.00450591,0.00249477,0,0,0.0125367,0,3,3,5.33333,0,0,0,1,0,0,907,232486,745
1,box,15,qpPlain,1,1,0.00851976,907,16,10.5343,757,757,0,0.00450591,0.00249477,0,0,0.0125367,0,3,3,5.33333,0,0,0,1,0,0,907,311101,907
1,box,15,qpAdaptive,1,1,0.0075308,765,16,17.6413,1086,1086,0,0.00427723,0.00249477,0,0,0.0299434,0.745098,7,6,2.28571,0,0,0,0.252288,0.729412,0.0183007,765,221725,646
1,box,15,qpFreeGate,1,1,0.0437811,5922,21,9.39996,901,901,0,0.00967503,0.00249477,0,0,0.00519031,0,31,14,0.677419,0,0,0,1,0,0,0,0,0
1,box,15,qpFreeEnvelope,1,1,0.00636543,352,26,9.93428,515,515,0,0.0302131,0.00249477,0,0,0.0987887,0.980114,34,16,0.764706,0,0,0,0.00852273,0.857955,0.133523,0,0,0
1,box,15,qpEnvelope,1,1,0.00290429,217,19,17.5636,938,938,0,0.00397132,0.00249477,0,0,0.110062,0.792627,7,7,2.71429,0,0,0,0.198157,0.700461,0.101382,217,62237,195
1,box,22,isSafe,1,1,0.0148477,4077,22,12.4157,8,622,0,0.00205641,0.00249477,0,0,0,0,108,18,0.203704,0,0,0,0,0,0,0,0,0
1,box,22,qpFixed,1,1,0.0102993,1197,11,10.1388,775,775,0,0.00315391,0.00249477,0,0,0.0114605,0,3,3,3.66667,0,0,0,1,0,0,1197,310373,875
1,box,22,qpPlain,1,1,0.0110933,1197,11,10.1388,775,775,0,0.00315391,0.00249477,0,0,0.0114605,0,3,3,3.66667,0,0,0,1,0,0,1197,410571,1197
1,box,22,qpAdaptive,1,1,0.00487572,495,11,10.1426,652,652,0,0.00314243,0.00249477,0,0,0.0278865,0.567677,3,3,3.66667,0,0,0,0.424242,0.557576,0.0181818,495,136453,450
1,box,22,qpFreeGate,1,1,0.119137,16158,43,19.219,2220,2220,0,0.0047441,0.00249477,0,0,0.00394433,0,105,30,0.409524,0,0,0,1,0,0,0,0,0
1,box,22,qpFreeEnvelope,1,1,0.0151438,823,50,11.4033,598,598,0,0.0193461,0.00249477,0,0,0.0983344,0.933171,114,42,0.438596,0,0,0,0.020936,0.839901,0.139163,0,0,0
1,box,22,qpEnvelope,1,1,0.00224835,185,11,10.1712,568,568,0,0.00245777,0.00249477,0,0,0.0750864,0.594595,3,3,3.66667,0,0,0,0.4,0.551351,0.0486486,185,52360,166
1,box,29,isSafe,1,1,0.023135,6320,33,26.0978,15,1306,0,0.00696836,0.00249477,0,0,0,0,148,29,0.222973,0,0,0,0,0,0,0,0,0
1,box,29,qpFixed,1,1,0.0084249,987,9,9.7738,782,782,0,0.0019354,0.00249477,0,0,0.0118629,0,3,3,3,0,0,0,1,0,0,987,249219,760
1,box,29,qpPlain,1,1,0.00919794,987,9,9.7738,782,782,0,0.0019354,0.00249477,0,0,0.0118629,0,3,3,3,0,0,0,1,0,0,987,338541,987
1,box,29,qpAdaptive,1,1,0.00524928,563,9,9.78745,651,651,0,0.00154079,0.00249477,0,0,0.0208213,0.371226,3,3,3,0,0,0,0.628774,0.364121,0.0071048,563,142085,522
1,box,29,qpFreeGate,1,1,0.0614337,8259,23,17.7538,1461,1461,0,0.0155386,0.00249477,0,0,0.00406662,0,49,15,0.469388,0,0,0,1,0,0,0,0,0
1,box,29,qpFreeEnvelope,1,1,0.00647314,328,23,17.9707,928,928,0,0.0147571,0.00249477,0,0,0.101812,0.972561,49,13,0.469388,0,0,0,0.00611621,0.801223,0.192661,0,0,0
1,box,29,qpEnvelope,1,1,0.00336407,329,9,9.8486,609,609,0,0.000487472,0.00249477,0,0,0.0360419,0.255319,3,3,3,0,0,0,0.744681,0.240122,0.0151976,329,84553,315
1,box,36,isSafe,1,1,0.0216962,5908,31,13.7914,8,691,0,0.00400452,0.00249477,0,0,0,0,112,27,0.276786,0,0,0,0,0,0,0,0,0
1,box,36,qpFixed,1,1,0.0105973,1290,10,8.30704,683,683,0,0.00201779,0.00249477,0,0,0.0104193,0,3,3,3.33333,0,0,0,1,0,0,1290,321901,786
1,box,36,qpPlain,1,1,0.0117749,1290,10,8.30704,683,683,0,0.00201779,0.00249477,0,0,0.0104193,0,3,3,3.33333,0,0,0,1,0,0,1290,442470,1290
1,box,36,qpAdaptive,1,1,0.00447714,481,10,8.30951,533,533,0,0.00177079,0.00249477,0,0,0.0279723,0.432432,3,3,3.33333,0,0,0,0.565489,0.4158,0.018711,481,122134,431
1,box,36,qpFreeGate,1,1,0.334247,44745,104,24.6485,2047,2047,0,0.00870971,0.00249477,0,0,0.00393769,0,303,92,0.343234,0,0,0,1,0,0,0,0,0
1,box,36,qpFreeEnvelope,1,1,0.0352313,2061,86,22.3487,1221,1221,0,0.000148816,0.00249477,0,0,0.0688293,0.869481,259,68,0.332046,0,0,0,0.0996075,0.794897,0.105496,0,0,0
1,box,36,qpEnvelope,1,1,0.0032579,315,10,8.3143,507,507,0,0.000810251,0.00249477,0,0,0.0429308,0.193651,3,3,3.33333,0,0,0,0.806349,0.165079,0.0285714,315,81246,291
1,box,43,isSafe,1,1,0.00915262,2514,15,12.4329,8,623,0,0.0508681,0.00249477,0,0,0,0,30,10,0.5,0,0,0,0,0,0,0,0,0
1,box,43,qpFixed,1,1,0.00365023,474,5,5.25424,475,475,0,0.0128544,0.00249477,0,0,0.0110849,0,1,1,5,0,0,0,1,0,0,474,120455,141
1,box,43,qpPlain,1,1,0.00407794,474,5,5.25424,475,475,0,0.0128544,0.00249477,0,0,0.0110849,0,1,1,5,0,0,0,1,0,0,474,162582,474
1,box,43,qpAdaptive,1,1,0.00052106,57,5,5.26164,294,294,0,0.0141482,0.00249477,0,0,0.0923095,0.912281,1,1,5,0,0,0,0.0877193,0.859649,0.0526316,57,15814,30
1,box,43,qpFreeGate,1,1,0.0300806,4022,19,8.60224,792,792,0,0.0074972,0.00249477,0,0,0.00651967,0,18,12,1.05556,0,0,0,1,0,0,0,0,0
1,box,43,qpFreeEnvelope,1,1,0.00360677,189,20,8.78599,463,463,0,0.00326516,0.00249477,0,0,0.133797,0.973545,18,12,1.11111,0,0,0,0.010582,0.857143,0.132275,0,0,0
1,box,43,qpEnvelope,1,1,0.000356535,26,5,5.27752,276,276,0,0.0160597,0.00249477,0,0,0.202982,1,1,1,5,0,0,0,0,0.884615,0.115385,26,7169,12
1,box,50,isSafe,1,1,0.0186501,5090,27,18.6808,11,936,0,0.0001042,0.00249477,0,0,0,0,117,22,0.230769,0,0,0,0,0,0,0,0,0
1,box,50,qpFixed,1,1,0.0119109,1338,12,11.3351,1046,1046,0,0.00376173,0.00249477,0,0,0.00973408,0,3,3,4,0,0,0,1,0,0,1338,378053,792
1,box,50,qpPlain,1,1,0.012449,1338,12,11.3351,1046,1046,0,0.00376173,0.00249477,0,0,0.00973408,0,3,3,4,0,0,0,1,0,0,1338,458934,1338
1,box,50,qpAdaptive,1,1,0.00492596,470,13,11.3224,728,728,0,0.00366983,0.00249477,0,0,0.0276176,0.565957,3,3,4.33333,0,0,0,0.425532,0.548936,0.0255319,470,138830,423
1,box,50,qpFreeGate,1,1,0.126434,16873,49,20.1433,1715,1715,0,0.00389594,0.00249477,0,0,0.00432565,0,109,33,0.449541,0,0,0,1,0,0,0,0,0
1,box,50,qpFreeEnvelope,1,1,0.0170305,996,47,21.5844,1131,1131,0,0.000980184,0.00249477,0,0,0.0745849,0.928715,116,36,0.405172,0,0,0,0.0352113,0.860161,0.104628,0,0,0
1,box,50,qpEnvelope,1,1,0.0024804,198,12,11.3289,610,610,0,0.0040515,0.00249477,0,0,0.0657025,0.525253,3,3,4,0,0,0,0.474747,0.469697,0.0555556,198,57924,184
1,box,57,isSafe,1,1,0.00478415,1300,9,6.39608,5,321,0,0.0761574,0.00249477,0,0,0,0,32,5,0.28125,0,0,0,0,0,0,0,0,0
1,box,57,qpFixed,1,1,0.00366251,418,6,4.86989,419,419,0,0.000726805,0.00249477,0,0,0.0116504,0,1,1,6,0,0,0,1,0,0,418,115857,375
1,box,57,qpPlain,1,1,0.00380791,418,6,4.86989,419,419,0,0.000726805,0.00249477,0,0,0.0116504,0,1,1,6,0,0,0,1,0,0,418,143374,418
1,box,57,qpAdaptive,1,1,0.00170935,179,6,4.87852,321,321,0,0.000686571,0.00249477,0,0,0.0272543,0.346369,1,1,6,0,0,0,0.653631,0.329609,0.0167598,179,52626,175
1,box,57,qpFreeGate,1,1,0.0783358,10510,30,10.8437,1376,1376,0,0.00523198,0.00249477,0,0,0.00420099,0,64,23,0.46875,0,0,0,1,0,0,0,0,0
1,box,57,qpFreeEnvelope,1,1,0.00933042,514,25,11.1028,615,615,0,0.00115435,0.00249477,0,0,0.0617531,0.961089,64,16,0.390625,0,0,0,0.0214008,0.859922,0.118677,0,0,0
1,box,57,qpEnvelope,1,1,0.00130872,128,6,4.89152,302,302,0,0.000639606,0.00249477,0,0,0.038215,0.328125,1,1,6,0,0,0,0.671875,0.296875,0.03125,128,37693,126
1,box,64,isSafe,1,1,0.00761348,2085,12,11.9051,7,597,0,0.00847247,0.00249477,0,0,0,0,44,9,0.272727,0,0,0,0,0,0,0,0,0
1,box,64,qpFixed,1,1,0.0119831,1435,11,12.3246,912,912,0,0.0177639,0.00249477,0,0,0.0112048,0,3,3,3.66667,0,0,0,1,0,0,1435,368767,934
1,box,64,qpPlain,1,1,0.0132352,1435,11,12.3246,912,912,0,0.0177639,0.00249477,0,0,0.0112048,0,3,3,3.66667,0,0,0,1,0,0,1435,492205,1435
1,box,64,qpAdaptive,1,1,0.00422004,427,11,12.3203,684,684,0,0.0130619,0.00249477,0,0,0.0376698,0.590164,3,3,3.66667,0,0,0,0.405152,0.57377,0.0210773,427,119179,369
1,box,64,qpFreeGate,1,1,0.0502864,6745,20,13.4007,1427,1427,0,0.0156168,0.00249477,0,0,0.00452433,0,44,14,0.454545,0,0,0,1,0,0,0,0,0
1,box,64,qpFreeEnvelope,1,1,0.00683667,338,26,16.0702,841,841,0,0.00028467,0.00249477,0,0,0.121512,0.905325,72,19,0.361111,0,0,0,0.00606061,0.809091,0.184848,0,0,0
1,box,64,qpEnvelope,1,1,0.00271034,231,11,12.3834,643,643,0,0.00171573,0.00249477,0,0,0.0699662,0.428571,3,3,3.66667,0,0,0,0.5671,0.393939,0.038961,231,65491,204
1,box,71,isSafe,1,1,0.015552,4231,23,16.334,10,818,0,0.0755371,0.00249477,0,0,0,0,98,17,0.234694,0,0,0,0,0,0,0,0,0
1,box,71,qpFixed,1,1,0.0167781,1802,18,12.7734,1308,1308,0,0.00153077,0.00249477,0,0,0.00857175,0,4,4,4.5,0,0,0,1,0,0,1802,512919,1524
1,box,71,qpPlain,1,1,0.0172547,1802,18,12.7734,1308,1308,0,0.00153077,0.00249477,0,0,0.00857175,0,4,4,4.5,0,0,0,1,0,0,1802,618086,1802
1,box,71,qpAdaptive,1,1,0.00735507,739,18,11.4238,747,747,0,0.00214302,0.00249477,0,0,0.0200249,0.43843,4,4,4.5,0,0,0,0.552097,0.427605,0.0202977,739,211333,700
1,box,71,qpFreeGate,1,1,0.181099,24371,65,22.0193,2174,2174,0,0.00352893,0.00249477,0,0,0.00420624,0,161,54,0.403727,0,0,0,1,0,0,0,0,0
1,box,71,qpFreeEnvelope,1,1,0.00676866,387,28,19.7553,1060,1060,0,0.000197743,0.00249477,0,0,0.096031,0.937984,43,17,0.651163,0,0,0,0.0286458,0.838542,0.132812,0,0,0
1,box,71,qpEnvelope,1,1,0.00709503,675,15,14.9603,870,870,0,0.00175883,0.00249477,0,0,0.0315876,0.251852,6,6,2.5,0,0,0,0.748148,0.237037,0.0148148,675,194235,607
1,box,78,isSafe,1,1,0.00504924,1379,9,7.60902,5,382,0,0.03331,0.00249477,0,0,0,0,17,6,0.529412,0,0,0,0,0,0,0,0,0
1,box,78,qpFixed,1,1,0.0035684,442,6,5.55532,443,443,0,0.00246498,0.00249477,0,0,0.0125686,0,1,1,6,0,0,0,1,0,0,442,113605,251
1,box,78,qpPlain,1,1,0.00393402,442,6,5.55532,443,443,0,0.00246498,0.00249477,0,0,0.0125686,0,1,1,6,0,0,0,1,0,0,442,151606,442
1,box,78,qpAdaptive,1,1,0.00127508,136,6,5.56575,341,341,0,0.00220527,0.00249477,0,0,0.0409246,0.551471,1,1,6,0,0,0,0.448529,0.529412,0.0220588,136,38532,121
1,box,78,qpFreeGate,1,1,0.0124266,1658,9,9.6596,852,852,0,0.00752102,0.00249477,0,0,0.00671917,0,7,4,1.28571,0,0,0,1,0,0,0,0,0
1,box,78,qpFreeEnvelope,1,1,0.00154461,85,9,9.92307,516,516,0,0.00102313,0.00249477,0,0,0.130408,0.964706,7,4,1.28571,0,0,0,0.0352941,0.847059,0.117647,0,0,0
1,box,78,qpEnvelope,1,1,0.000907835,84,6,5.58228,320,320,0,0.00178192,0.00249477,0,0,0.0664557,0.511905,1,1,6,0,0,0,0.488095,0.47619,0.0357143,84,23948,78
1,box,85,isSafe,1,1,0.0061082,1677,10,11.8828,7,596,0,0.0150238,0.00249477,0,0,0,0,38,7,0.263158,0,0,0,0,0,0,0,0,0
1,box,85,qpFixed,1,1,0.0104845,1258,11,7.99792,696,696,0,0.00506987,0.00249477,0,0,0.0119538,0,3,3,3.66667,0,0,0,1,0,0,1258,304326,962
1,box,85,qpPlain,1,1,0.0116842,1258,11,7.99792,696,696,0,0.00506987,0.00249477,0,0,0.0119538,0,3,3,3.66667,0,0,0,1,0,0,1258,431494,1258
1,box,85,qpAdaptive,1,1,0.00474186,516,11,8.00772,509,509,0,0.00459971,0.00249477,0,0,0.0292403,0.614341,3,3,3.66667,0,0,0,0.383721,0.602713,0.0135659,516,125931,486
1,box,85,qpFreeGate,1,1,0.0544305,7340,23,13.0155,1305,1305,0,0.00310052,0.00249477,0,0,0.00459512,0,48,16,0.479167,0,0,0,1,0,0,0,0,0
1,box,85,qpFreeEnvelope,1,1,0.00821175,480,24,13.7269,727,727,0,0.00620556,0.00249477,0,0,0.0743272,0.885417,48,17,0.5,0,0,0,0.0983264,0.786611,0.115063,0,0,0
1,box,85,qpEnvelope,1,1,0.00258596,245,11,8.00501,441,441,0,0.00400917,0.00249477,0,0,0.0618259,0.481633,3,3,3.66667,0,0,0,0.514286,0.453061,0.0326531,245,59612,234
1,box,92,isSafe,1,1,0.034031,9253,47,12.0302,8,603,0,0.0148811,0.00249477,0,0,0,0,258,43,0.182171,0,0,0,0,0,0,0,0,0
1,box,92,qpFixed,1,1,0.0162571,1835,13,12.8815,1183,1183,0,0.000335294,0.00249477,0,0,0.0094524,0,5,5,2.6,0,0,0,1,0,0,1835,483246,1490
1,box,92,qpPlain,1,1,0.0172284,1835,13,12.8815,1183,1183,0,0.000335294,0.00249477,0,0,0.0094524,0,5,5,2.6,0,0,0,1,0,0,1835,629405,1835
1,box,92,qpAdaptive,1,1,0.00989618,994,13,12.9224,941,941,0,0.000331458,0.00249477,0,0,0.0174944,0.325956,5,5,2.6,0,0,0,0.673038,0.31992,0.00704225,994,277038,964
1,box,92,qpFreeGate,1,1,0.300775,40480,92,10.6587,1046,1046,0,0.00256197,0.00249477,0,0,0.00369106,0,266,81,0.345865,0,0,0,1,0,0,0,0,0
1,box,92,qpFreeEnvelope,1,1,0.040299,2305,95,26.4058,1373,1373,0,0.00393278,0.00249477,0,0,0.0659386,0.94577,311,86,0.305466,0,0,0,0.013735,0.873283,0.112982,0,0,0
1,box,92,qpEnvelope,1,1,0.0076816,714,13,13.0026,867,867,0,0.000315539,0.00249477,0,0,0.0242887,0.305322,5,5,2.6,0,0,0,0.693277,0.295518,0.0112045,714,203182,700
1,box,99,isSafe,1,1,0.00990303,2704,16,10.0666,7,505,0,0.00363564,0.00249477,0,0,0,0,40,12,0.4,0,0,0,0,0,0,0,0,0
1,box,99,qpFixed,1,1,0.00486762,606,7,7.6717,607,607,0,0.00430693,0.00249477,0,0,0.0126596,0,1,1,7,0,0,0,1,0,0,606,142766,249
1,box,99,qpPlain,1,1,0.00559826,606,7,7.6717,607,607,0,0.00430693,0.00249477,0,0,0.0126596,0,1,1,7,0,0,0,1,0,0,606,207858,606
1,box,99,qpAdaptive,1,1,0.00126561,126,7,7.66645,443,443,0,0.00424072,0.00249477,0,0,0.0608449,0.753968,1,1,7,0,0,0,0.246032,0.714286,0.0396825,126,32622,94
1,box,99,qpFreeGate,1,1,0.131871,17818,49,18.4113,1595,1595,0,0.00268773,0.00249477,0,0,0.00465126,0,137,42,0.357664,0,0,0,1,0,0,0,0,0
1,box,99,qpFreeEnvelope,1,1,0.0171029,898,49,18.2086,947,947,0,0.0011829,0.00249477,0,0,0.0926207,0.973274,137,42,0.357664,0,0,0,0.00449944,0.852643,0.142857,0,0,0
1,box,99,qpEnvelope,1,1,0.00069783,53,7,7.6556,408,408,0,0.00327174,0.00249477,0,0,0.144445,0.679245,1,1,7,0,0,0,0.301887,0.603774,0.0943396,53,13931,37
1,table_pick,6,isSafe,1,1,0.0133943,2422,14,9.15831,6,459,0,0.00130413,0.00249477,0,0,0,0,40,10,0.35,0,0,0,0,0,0,0,0,0
1,table_pick,6,qpFixed,1,1,0.0088491,822,7,7.87728,726,726,0,0.00107494,0.00249477,0,0,0.0101014,0,2,2,3.5,0,0,0,1,0,0,822,218445,574
1,table_pick,6,qpPlain,1,1,0.0093103,822,7,7.87728,726,726,0,0.00107494,0.00249477,0,0,0.0101014,0,2,2,3.5,0,0,0,1,0,0,822,281946,822
1,table_pick,6,qpAdaptive,1,1,0.0057247,480,7,7.87871,591,591,0,0.000935505,0.00249477,0,0,0.0173904,0.20625,2,2,3.5,0,0,0,0.791667,0.202083,0.00625,480,127589,444
1,table_pick,6,qpFreeGate,1,1,0.072827,7755,24,8.81298,708,708,0,0.0044944,0.00249477,0,0,0.00517446,0,73,20,0.328767,0,0,0,1,0,0,0,0,0
1,table_pick,6,qpFreeEnvelope,1,1,0.0108429,420,21,8.7291,457,457,0,0.00461233,0.00249477,0,0,0.0802241,0.964286,73,17,0.287671,0,0,0,0.00959233,0.841727,0.148681,0,0,0
1,table_pick,6,qpEnvelope,1,1,0.00372732,293,7,7.88214,531,531,0,0.00077906,0.00249477,0,0,0.0286466,0.204778,2,2,3.5,0,0,0,0.791809,0.194539,0.0136519,293,77657,282
1,table_pick,13,isSafe,1,1,0.0376669,6804,34,13.6767,8,685,0,4.22237e-05,0.00249477,0,0,0,0,172,31,0.197674,0,0,0,0,0,0,0,0,0
1,table_pick,13,qpFixed,1,1,0.00659982,646,7,7.79611,647,647,0,0.000402746,0.00249477,0,0,0.0120683,0,1,1,7,0,0,0,1,0,0,646,158912,482
1,table_pick,13,qpPlain,1,1,0.00715785,646,7,7.79611,647,647,0,0.000402746,0.00249477,0,0,0.0120683,0,1,1,7,0,0,0,1,0,0,646,221578,646
1,table_pick,13,qpAdaptive,1,1,0.00472436,430,7,7.90197,587,587,0,0.000406669,0.00249477,0,0,0.0183767,0.2,1,1,7,0,0,0,0.8,0.193023,0.00697674,430,108335,399
1,table_pick,13,qpFreeGate,1,1,0.145115,15536,46,17.4211,2017,2017,0,0.0035172,0.00249477,0,0,0.00445306,0,144,39,0.319444,0,0,0,1,0,0,0,0,0
1,table_pick,13,qpFreeEnvelope,1,1,0.0221401,857,44,11.2131,591,591,0,0.00150326,0.00249477,0,0,0.0780937,0.955659,137,39,0.321168,0,0,0,0.00954654,0.857995,0.132458,0,0,0
1,table_pick,13,qpEnvelope,1,1,0.00456507,387,11,9.78741,508,508,0,0.00482797,0.00249477,0,0,0.0407823,0.180879,2,2,5.5,0,0,0,0.816537,0.162791,0.0206718,387,97982,359
1,table_pick,20,isSafe,1,1,0.00895344,1627,10,4.09385,4,206,0,0.00259519,0.00249477,0,0,0,0,20,6,0.5,0,0,0,0,0,0,0,0,0
1,table_pick,20,qpFixed,1,1,0.00310897,347,5,5.26163,348,348,0,0.00456026,0.00249477,0,0,0.0151632,0,1,1,5,0,0,0,1,0,0,347,77197,37
1,table_pick,20,qpPlain,1,1,0.00358781,347,5,5.26163,348,348,0,0.00456026,0.00249477,0,0,0.0151632,0,1,1,5,0,0,0,1,0,0,347,119021,347
1,table_pick,20,qpAdaptive,1,1,0.000492633,45,5,5.26225,287,287,0,0.00456026,0.00249477,0,0,0.116939,0.777778,1,1,5,0,0,0,0.222222,0.711111,0.0666667,45,11726,20
1,table_pick,20,qpFreeGate,1,1,0.0193619,2111,11,3.56026,351,351,0,0.00248379,0.00249477,0,0,0.00751955,0,20,8,0.55,0,0,0,1,0,0,0,0,0
1,table_pick,20,qpFreeEnvelope,1,1,0.00320863,125,10,3.56158,195,195,0,0.00250391,0.00249477,0,0,0.122998,0.968,20,7,0.5,0,0,0,0.0162602,0.837398,0.146341,0,0,0
1,table_pick,20,qpEnvelope,1,1,0.000356253,26,5,5.26239,275,275,0,0.00456026,0.00249477,0,0,0.2024,0.653846,1,1,5,0,0,0,0.346154,0.538462,0.115385,26,6745,16
1,table_pick,27,isSafe,1,1,0.0790413,14278,70,16.8815,10,846,0,0.00467893,0.00249477,0,0,0,0,442,67,0.158371,0,0,0,0,0,0,0,0,0
1,table_pick,27,qpFixed,1,1,0.0208479,1888,23,14.41,1027,1027,96,-0.00240385,0.00249477,0,0,0.0114057,0,6,5,3.83333,0,0,0,1,0,0,1888,539695,1091
1,table_pick,27,qpPlain,1,1,0.0213724,1888,23,14.41,1027,1027,96,-0.00240385,0.00249477,0,0,0.0114057,0,6,5,3.83333,0,0,0,1,0,0,1888,647584,1888
1,table_pick,27,qpAdaptive,1,1,0.0188258,1570,39,24.6939,1505,1505,96,-0.00239691,0.00249477,0,0,0.0277222,0.43949,13,11,3,0,0,0,0.550955,0.424841,0.0242038,1570,454539,1317
1,table_pick,27,qpFreeGate,1,1,0.275436,29282,75,12.5781,1092,1092,0,0.00237996,0.00249477,0,0,0.003896,0,287,63,0.261324,0,0,0,1,0,0,0,0,0
1,table_pick,27,qpFreeEnvelope,1,1,0.0481047,1867,72,12.9594,669,669,0,0.00467893,0.00249477,0,0,0.0683873,0.964649,328,68,0.219512,0,0,0,0,0.852334,0.147666,0,0,0
1,table_pick,27,qpEnvelope,1,1,0.0116999,858,20,12.8283,748,748,95,-0.00237486,0.00249477,0,0,0.0339114,0.0734266,8,7,2.5,0,0,0,0.924242,0.0536131,0.0221445,858,259626,807
1,table_pick,34,isSafe,1,1,0.00855641,1549,9,9.46404,6,475,0,0.00192113,0.00249477,0,0,0,0,14,5,0.642857,0,0,0,0,0,0,0,0,0
1,table_pick,34,qpFixed,1,1,0.00517565,568,6,6.53775,569,569,0,0.00355822,0.00249477,0,0,0.0115101,0,1,1,6,0,0,0,1,0,0,568,136527,93
1,table_pick,34,qpPlain,1,1,0.00586291,568,6,6.53775,569,569,0,0.00355822,0.00249477,0,0,0.0115101,0,1,1,6,0,0,0,1,0,0,568,194824,568
1,table_pick,34,qpAdaptive,1,1,0.000724571,65,6,6.54246,359,359,0,0.00355822,0.00249477,0,0,0.100653,0.738462,1,1,6,0,0,0,0.261538,0.676923,0.0615385,65,17907,36
1,table_pick,34,qpFreeGate,1,1,0.0303197,3238,19,13.2294,1237,1237,0,0.00195151,0.00249477,0,0,0.00690868,0,19,11,1,0,0,0,1,0,0,0,0,0
1,table_pick,34,qpFreeEnvelope,1,1,0.00531275,221,23,13.3839,707,707,0,0.00194398,0.00249477,0,0,0.102829,0.972851,19,11,1.21053,0,0,0,0.0135747,0.864253,0.122172,0,0,0
1,table_pick,34,qpEnvelope,1,1,0.000499822,36,6,6.55271,348,348,0,0.00355822,0.00249477,0,0,0.18202,0.555556,1,1,6,0,0,0,0.444444,0.444444,0.111111,36,9939,26
1,table_pick,41,isSafe,1,1,0.0184669,3335,19,12.5427,8,629,0,0.00192989,0.00249477,0,0,0,0,80,15,0.2375,0,0,0,0,0,0,0,0,0
1,table_pick,41,qpFixed,1,1,0.023798,2129,19,15.758,1200,1200,0,0.00079846,0.00249477,0,0,0.0108166,0,6,6,3.16667,0,0,0,1,0,0,2129,620860,1764
1,table_pick,41,qpPlain,1,1,0.0240415,2129,19,15.758,1200,1200,0,0.00079846,0.00249477,0,0,0.0108166,0,6,6,3.16667,0,0,0,1,0,0,2129,730247,2129
1,table_pick,41,qpAdaptive,1,1,0.0125126,1014,19,15.7628,1082,1082,0,0.000758028,0.00249477,0,0,0.0227375,0.33432,6,6,3.16667,0,0,0,0.66075,0.322485,0.0167653,1014,304355,951
1,table_pick,41,qpFreeGate,1,1,0.0853123,9071,25,9.54281,920,920,0,0.00197232,0.00249477,0,0,0.00422614,0,88,21,0.284091,0,0,0,1,0,0,0,0,0
1,table_pick,41,qpFreeEnvelope,1,1,0.0144349,567,25,20.6377,1074,1074,0,0.00198646,0.00249477,0,0,0.0732147,0.970018,91,21,0.274725,0,0,0,0.00533808,0.857651,0.137011,0,0,0
1,table_pick,41,qpEnvelope,1,1,0.00879539,646,17,15.781,961,961,0,0.000574,0.00249477,0,0,0.0356878,0.227554,6,6,2.83333,0,0,0,0.770898,0.204334,0.0247678,646,193995,622
1,table_pick,48,isSafe,1,1,0.0416595,7552,38,12.7157,8,637,0,0.00315771,0.00249477,0,0,0,0,148,34,0.256757,0,0,0,0,0,0,0,0,0
1,table_pick,48,qpFixed,1,1,0.00578716,632,6,7.72162,633,633,0,0.00192189,0.00249477,0,0,0.0122178,0,1,1,6,0,0,0,1,0,0,632,147876,157
1,table_pick,48,qpPlain,1,1,0.00654364,632,6,7.72162,633,633,0,0.00192189,0.00249477,0,0,0.0122178,0,1,1,6,0,0,0,1,0,0,632,216776,632
1,table_pick,48,qpAdaptive,1,1,0.000945093,84,6,7.7229,427,427,0,0.00192189,0.00249477,0,0,0.0919392,0.595238,1,1,6,0,0,0,0.404762,0.547619,0.047619,84,22890,61
1,table_pick,48,qpFreeGate,1,1,0.131946,14205,44,16.2446,1242,1242,0,0.00315771,0.00249477,0,0,0.00536495,0,150,39,0.293333,0,0,0,1,0,0,0,0,0
1,table_pick,48,qpFreeEnvelope,1,1,0.0216283,840,46,16.7284,862,862,0,0.00315771,0.00249477,0,0,0.0950247,0.965476,150,41,0.306667,0,0,0,0,0.85012,0.14988,0,0,0
1,table_pick,48,qpEnvelope,1,1,0.000744282,55,6,7.72128,413,413,0,0.00192189,0.00249477,0,0,0.140387,0.436364,1,1,6,0,0,0,0.563636,0.363636,0.0727273,55,15133,44
1,table_pick,55,isSafe,1,1,0.0114679,2074,12,11.8009,7,592,0,0.00314976,0.00249477,0,0,0,0,50,8,0.24,0,0,0,0,0,0,0,0,0
1,table_pick,55,qpFixed,1,1,0.00583407,631,6,7.59943,632,632,0,0.00182852,0.00249477,0,0,0.0120435,0,1,1,6,0,0,0,1,0,0,631,152223,123
1,table_pick,55,qpPlain,1,1,0.0065267,631,6,7.59943,632,632,0,0.00182852,0.00249477,0,0,0.0120435,0,1,1,6,0,0,0,1,0,0,631,216433,631
1,table_pick,55,qpAdaptive,1,1,0.000990109,87,6,7.59971,418,418,0,0.00182852,0.00249477,0,0,0.087353,0.586207,1,1,6,0,0,0,0.413793,0.54023,0.045977,87,23986,65
1,table_pick,55,qpFreeGate,1,1,0.0439902,4708,16,11.567,896,896,0,0.00314976,0.00249477,0,0,0.00503983,0,41,11,0.390244,0,0,0,1,0,0,0,0,0
1,table_pick,55,qpFreeEnvelope,1,1,0.00702632,271,15,11.5553,600,600,0,0.00188165,0.00249477,0,0,0.0871854,0.9631,41,10,0.365854,0,0,0,0.00743494,0.858736,0.133829,0,0,0
1,table_pick,55,qpEnvelope,1,1,0.00077878,57,6,7.59993,410,410,0,0.00182852,0.00249477,0,0,0.133332,0.421053,1,1,6,0,0,0,0.578947,0.350877,0.0701754,57,15765,47
1,table_pick,62,isSafe,1,1,0.0151233,2720,13,14.5753,9,730,0,0.00151414,0.00249477,0,0,0,0,32,9,0.40625,0,0,0,0,0,0,0,0,0
1,table_pick,62,qpFixed,1,1,0.00904253,992,13,8.64367,730,730,0,0.00431089,0.00249477,0,0,0.0115836,0,2,2,6.5,0,0,0,1,0,0,992,225408,248
1,table_pick,62,qpPlain,1,1,0.0103471,992,13,8.64367,730,730,0,0.00431089,0.00249477,0,0,0.0115836,0,2,2,6.5,0,0,0,1,0,0,992,340256,992
1,table_pick,62,qpAdaptive,1,1,0.00102245,93,10,8.67996,472,472,0,0.00434275,0.00249477,0,0,0.123693,0.827957,2,2,5,0,0,0,0.172043,0.731183,0.0967742,93,25030,44
1,table_pick,62,qpFreeGate,1,1,0.0405839,4313,19,6.5339,558,558,0,0.00181838,0.00249477,0,0,0.00640972,0,34,14,0.558824,0,0,0,1,0,0,0,0,0
1,table_pick,62,qpFreeEnvelope,1,1,0.00740445,296,19,6.53542,349,349,0,0.00181019,0.00249477,0,0,0.0939109,0.976351,34,14,0.558824,0,0,0,0.0102041,0.884354,0.105442,0,0,0
1,table_pick,62,qpEnvelope,1,1,0.000752456,53,10,8.74154,460,460,0,0.00180129,0.00249477,0,0,0.21852,0.811321,2,2,5,0,0,0,0.188679,0.641509,0.169811,53,13960,35
1,table_pick,69,isSafe,1,1,0.0179409,3252,18,18.3188,11,917,0,0.00502756,0.00249477,0,0,0,0,64,14,0.28125,0,0,0,0,0,0,0,0,0
1,table_pick,69,qpFixed,1,1,0.00720289,766,7,8.47527,767,767,0,0.00188145,0.00249477,0,0,0.0110643,0,1,1,7,0,0,0,1,0,0,766,201645,113
1,table_pick,69,qpPlain,1,1,0.00786669,766,7,8.47527,767,767,0,0.00188145,0.00249477,0,0,0.0110643,0,1,1,7,0,0,0,1,0,0,766,262738,766
1,table_pick,69,qpAdaptive,1,1,0.00143717,131,7,8.48392,488,488,0,0.00188032,0.00249477,0,0,0.0647627,0.465649,1,1,7,0,0,0,0.519084,0.442748,0.0381679,131,36153,79
1,table_pick,69,qpFreeGate,1,1,0.0752311,8060,29,13.0147,1124,1124,0,0.00501747,0.00249477,0,0,0.0056342,0,64,24,0.453125,0,0,0,1,0,0,0,0,0
1,table_pick,69,qpFreeEnvelope,1,1,0.0129525,504,29,13.0674,675,675,0,0.00501828,0.00249477,0,0,0.0946978,0.97619,65,24,0.446154,0,0,0,0.0119284,0.852883,0.135189,0,0,0
1,table_pick,69,qpEnvelope,1,1,0.00102344,76,7,8.51262,461,461,0,0.00184034,0.00249477,0,0,0.112008,0.342105,1,1,7,0,0,0,0.644737,0.289474,0.0657895,76,20871,58
1,table_pick,76,isSafe,1,1,0.00814741,1472,9,10.0151,7,502,0,0.000400517,0.00249477,0,0,0,0,10,4,0.9,0,0,0,0,0,0,0,0,0
1,table_pick,76,qpFixed,1,1,0.00586435,657,7,8.084,658,658,0,0.00334641,0.00249477,0,0,0.0123044,0,1,1,7,0,0,0,1,0,0,657,156056,27
1,table_pick,76,qpPlain,1,1,0.00675389,657,7,8.084,658,658,0,0.00334641,0.00249477,0,0,0.0123044,0,1,1,7,0,0,0,1,0,0,657,225351,657
1,table_pick,76,qpAdaptive,1,1,0.000760493,71,7,8.084,435,435,0,0.00334641,0.00249477,0,0,0.113859,0.605634,1,1,7,0,0,0,0.394366,0.535211,0.0704225,71,18736,27
1,table_pick,76,qpFreeGate,1,1,0.0536415,5733,27,14.7307,1224,1224,0,0.00142706,0.00249477,0,0,0.00594931,0,52,19,0.519231,0,0,0,1,0,0,0,0,0
1,table_pick,76,qpFreeEnvelope,1,1,0.00352239,143,18,13.3584,706,706,0,0.000373214,0.00249477,0,0,0.117431,0.958042,12,7,1.5,0,0,0,0.028169,0.852113,0.119718,0,0,0
1,table_pick,76,qpEnvelope,1,1,0.000592576,38,7,8.08397,423,423,0,0.00328535,0.00249477,0,0,0.212736,0.789474,1,1,7,0,0,0,0.210526,0.657895,0.131579,38,9839,17
1,table_pick,83,isSafe,1,1,0.0146349,2288,13,12.5507,8,629,0,0.000377102,0.00249477,0,0,0,0,58,9,0.224138,0,0,0,0,0,0,0,0,0
1,table_pick,83,qpFixed,1,1,0.00693896,665,7,8.21018,666,666,0,0.00184804,0.00249477,0,0,0.0123461,0,1,1,7,0,0,0,1,0,0,665,180853,193
1,table_pick,83,qpPlain,1,1,0.00746164,665,7,8.21018,666,666,0,0.00184804,0.00249477,0,0,0.0123461,0,1,1,7,0,0,0,1,0,0,665,228095,665
1,table_pick,83,qpAdaptive,1,1,0.00187083,161,7,8.21054,485,485,0,0.00184804,0.00249477,0,0,0.0509971,0.546584,1,1,7,0,0,0,0.447205,0.521739,0.0310559,161,43849,104
1,table_pick,83,qpFreeGate,1,1,0.109982,10964,30,13.2532,1000,1000,0,0.00531582,0.00249477,0,0,0.00370788,0,112,26,0.267857,0,0,0,1,0,0,0,0,0
1,table_pick,83,qpFreeEnvelope,1,1,0.0177742,625,28,13.3318,693,693,0,0.00531582,0.00249477,0,0,0.0639308,0.9632,112,24,0.25,0,0,0,0,0.84878,0.15122,0,0,0
1,table_pick,83,qpEnvelope,1,1,0.00116662,84,7,8.21199,450,450,0,0.00182717,0.00249477,0,0,0.0977617,0.380952,1,1,7,0,0,0,0.619048,0.321429,0.0595238,84,22727,66
1,table_pick,90,isSafe,1,1,0.0534028,9626,47,11.4123,7,572,0,0.00025385,0.00249477,0,0,0,0,246,44,0.191057,0,0,0,0,0,0,0,0,0
1,table_pick,90,qpFixed,1,1,0.00336179,360,5,5.21835,361,361,0,0.00296649,0.00249477,0,0,0.0144954,0,1,1,5,0,0,0,1,0,0,360,90450,48
1,table_pick,90,qpPlain,1,1,0.00375117,360,5,5.21835,361,361,0,0.00296649,0.00249477,0,0,0.0144954,0,1,1,5,0,0,0,1,0,0,360,123480,360
1,table_pick,90,qpAdaptive,1,1,0.000970857,86,5,5.21835,298,298,0,0.00296649,0.00249477,0,0,0.0606785,0.27907,1,1,5,0,0,0,0.72093,0.244186,0.0348837,86,25135,48
1,table_pick,90,qpFreeGate,1,1,0.180484,19106,53,21.5323,2002,2002,0,0.000376736,0.00249477,0,0,0.00445951,0,165,46,0.321212,0,0,0,1,0,0,0,0,0
1,table_pick,90,qpFreeEnvelope,1,1,0.0665133,2690,95,18.4451,964,964,0,0.00122557,0.00249477,0,0,0.0611868,0.941636,387,91,0.245478,0,0,0,0.0330827,0.845489,0.121429,0,0,0
1,table_pick,90,qpEnvelope,1,1,0.000744922,53,5,5.21849,285,285,0,0.00296649,0.00249477,0,0,0.098462,0.490566,1,1,5,0,0,0,0.509434,0.433962,0.0566038,53,15498,37
1,table_pick,97,isSafe,1,1,0.00581446,1054,8,10.3655,7,520,0,0.000455135,0.00249477,0,0,0,0,6,2,1.33333,0,0,0,0,0,0,0,0,0
1,table_pick,97,qpFixed,1,1,0.00617551,679,7,9.20182,680,680,0,0.00345649,0.00249477,0,0,0.013552,0,1,1,7,0,0,0,1,0,0,679,158683,130
1,table_pick,97,qpPlain,1,1,0.007036,679,7,9.20182,680,680,0,0.00345649,0.00249477,0,0,0.013552,0,1,1,7,0,0,0,1,0,0,679,232897,679
1,table_pick,97,qpAdaptive,1,1,0.00111156,98,7,9.20341,504,504,0,0.00345652,0.00249477,0,0,0.0939123,0.632653,1,1,7,0,0,0,0.357143,0.591837,0.0510204,98,27744,66
1,table_pick,97,qpFreeGate,1,1,0.0857904,9206,34,19.4354,1620,1620,0,0.0017153,0.00249477,0,0,0.00553127,0,80,27,0.425,0,0,0,1,0,0,0,0,0
1,table_pick,97,qpFreeEnvelope,1,1,0.0152331,599,38,21.8383,1154,1154,0,0.000218219,0.00249477,0,0,0.0949287,0.934891,82,29,0.463415,0,0,0,0.0387858,0.824621,0.136594,0,0,0
1,table_pick,97,qpEnvelope,1,1,0.000722755,53,7,9.20673,489,489,0,0.00342048,0.00249477,0,0,0.173712,0.584906,1,1,7,0,0,0,0.415094,0.490566,0.0943396,53,14880,40
1,cage,4,isSafe,1,1,2.86825,681628,5406,28.5387,20,1428,0,0.00307155,0.00249477,0,0,0,0,51185,5402,0.105617,0,0,0,0,0,0,0,0,0
1,cage,4,qpFixed,1,1,0.0705606,7557,47,15.2415,1296,1296,0,0.000262262,0.00249477,0,0,0.0100346,0,27,23,1.74074,0,0,0,1,0,0,7557,1979524,6819
1,cage,4,qpPlain,1,1,0.0754491,7557,47,15.2415,1296,1296,0,0.000262262,0.00249477,0,0,0.0100346,0,27,23,1.74074,0,0,0,1,0,0,7557,2592051,7557
1,cage,4,qpAdaptive,1,1,0.0468366,4613,47,15.2475,1101,1101,0,0.000240494,0.00249477,0,0,0.0163969,0.36137,27,23,1.74074,0,0,0,0.636167,0.356245,0.0075889,4613,1236862,4478
1,cage,4,qpFreeGate,1,1,8.0643,1045464,1682,28.7414,3241,3241,0,0.000509601,0.00249477,0,0,0.00253343,0,9839,1631,0.170952,0,0,0,1,0,0,0,0,0
1,cage,4,qpFreeEnvelope,1,1,0.263797,14103,475,28.8531,1554,1554,0,0.00180773,0.00249477,0,0,0.0575134,0.871446,2319,459,0.20483,0,0,0,0.073698,0.80589,0.120412,0,0,0
1,cage,4,qpEnvelope,1,1,0.0318345,2904,47,15.3425,1003,1003,0,0.000114191,0.00249477,0,0,0.0262869,0.261364,27,23,1.74074,0,0,0,0.737513,0.248019,0.0144678,2904,776820,2855
1,cage,11,isSafe,1,1,0.297246,74095,420,24.6218,14,1233,0,0.00211873,0.00249477,0,0,0,0,3899,417,0.10772,0,0,0,0,0,0,0,0,0
1,cage,11,qpFixed,1,1,0.317349,32854,147,30.4178,2575,2575,0,0.000182007,0.00249477,0,0,0.00855725,0,134,91,1.09701,0,0,0,1,0,0,32854,9002125,29426
1,cage,11,qpPlain,1,1,0.334783,32854,147,30.4178,2575,2575,0,0.000182007,0.00249477,0,0,0.00855725,0,134,91,1.09701,0,0,0,1,0,0,32854,11268922,32854
1,cage,11,qpAdaptive,1,1,0.250962,23933,150,30.6084,2017,2017,0,0.000157694,0.00249477,0,0,0.0118032,0.229975,134,91,1.1194,0,0,0,0.768688,0.227552,0.0037605,23933,6600532,23515
1,cage,11,qpFreeGate,1,1,8.05028,1039611,1552,15.6398,2293,2293,0,0.000143294,0.00249477,0,0,0.00238894,0,9390,1518,0.165282,0,0,0,1,0,0,0,0,0
1,cage,11,qpFreeEnvelope,1,1,2.31021,120783,3294,32.166,1811,1811,0,0.0003156,0.00249477,0,0,0.0384502,0.902528,22238,3246,0.148125,0,0,0,0.0330266,0.845358,0.121615,0,0,0
1,cage,11,qpEnvelope,1,1,0.203052,18423,151,30.6181,1839,1839,0,0.000145901,0.00249477,0,0,0.0153616,0.199099,134,91,1.12687,0,0,0,0.799707,0.193454,0.00683928,18423,5065087,18265
1,cage,18,isSafe,1,1,0.134288,33891,177,21.6194,13,1082,0,0.00509653,0.00249477,0,0,0,0,1320,173,0.134091,0,0,0,0,0,0,0,0,0
1,cage,18,qpFixed,1,1,0.0199786,2163,22,14.4165,1078,1078,0,0.00315482,0.00249477,0,0,0.0109066,0,6,6,3.66667,0,0,0,1,0,0,2163,583677,1815
1,cage,18,qpPlain,1,1,0.0209803,2163,22,14.4165,1078,1078,0,0.00315482,0.00249477,0,0,0.0109066,0,6,6,3.66667,0,0,0,1,0,0,2163,741909,2163
1,cage,18,qpAdaptive,1,1,0.00969497,937,21,14.4245,937,937,0,0.0031042,0.00249477,0,0,0.025252,0.73746,6,6,3.5,0,0,0,0.259338,0.729989,0.0106724,937,268596,909
1,cage,18,qpFreeGate,1,1,1.29731,168255,316,22.5261,2118,2118,0,0.00319433,0.00249477,0,0,0.00328074,0,1355,294,0.23321,0,0,0,1,0,0,0,0,0
1,cage,18,qpFreeEnvelope,1,1,0.221311,12163,415,24.9953,1312,1312,0,0.000381388,0.00249477,0,0,0.0564583,0.87314,1950,393,0.212821,0,0,0,0.0684794,0.81957,0.11195,0,0,0
1,cage,18,qpEnvelope,1,1,0.0053345,441,22,14.5116,831,831,0,0.00240585,0.00249477,0,0,0.0541224,0.514739,6,6,3.66667,0,0,0,0.482993,0.480726,0.0362812,441,124931,430
1,cage,25,isSafe,1,1,1.40498,342576,2219,25.9531,16,1299,0,0.00346405,0.00249477,0,0,0,0,21620,2216,0.102636,0,0,0,0,0,0,0,0,0
1,cage,25,qpFixed,1,1,0.153831,16497,65,19.1361,1769,1769,0,0.000984083,0.00249477,0,0,0.00805755,0,62,41,1.04839,0,0,0,1,0,0,16497,4289751,13843
1,cage,25,qpPlain,1,1,0.165858,16497,65,19.1361,1769,1769,0,0.000984083,0.00249477,0,0,0.00805755,0,62,41,1.04839,0,0,0,1,0,0,16497,5658471,16497
1,cage,25,qpAdaptive,1,1,0.109427,10495,65,19.1632,1269,1269,0,0.000961939,0.00249477,0,0,0.0126933,0.241162,62,41,1.04839,0,0,0,0.757408,0.238209,0.00438304,10495,2829552,10294
1,cage,25,qpFreeGate,1,1,3.27302,422558,709,25.7022,2705,2705,0,0.00207871,0.00249477,0,0,0.00278473,0,3830,688,0.185117,0,0,0,1,0,0,0,0,0
1,cage,25,qpFreeEnvelope,1,1,0.0541814,2832,119,23.6371,1255,1255,0,0.00108056,0.00249477,0,0,0.0756672,0.941737,444,108,0.268018,0,0,0,0.0201656,0.849118,0.130717,0,0,0
1,cage,25,qpEnvelope,1,1,0.0790062,7199,63,20.6695,1215,1215,0,0.000415623,0.00249477,0,0,0.0176873,0.140575,55,36,1.14545,0,0,0,0.85873,0.133769,0.00750104,7199,1942628,7115
1,cage,32,isSafe,1,1,2.09598,504393,3809,23.4711,16,1175,0,0.00133442,0.00249477,0,0,0,0,37012,3806,0.102913,0,0,0,0,0,0,0,0,0
1,cage,32,qpFixed,1,1,0.0598991,6660,42,17.3716,1627,1627,0,0.000860875,0.00249477,0,0,0.00915276,0,23,18,1.82609,0,0,0,1,0,0,6660,1656973,5745
1,cage,32,qpPlain,1,1,0.0659022,6660,42,17.3716,1627,1627,0,0.000860875,0.00249477,0,0,0.00915276,0,23,18,1.82609,0,0,0,1,0,0,6660,2284380,6660
1,cage,32,qpAdaptive,1,1,0.0365371,3766,42,17.3791,1158,1158,0,0.00086297,0.00249477,0,0,0.0162292,0.405736,23,18,1.82609,0,0,0,0.590813,0.401753,0.00743494,3766,940918,3704
1,cage,32,qpFreeGate,1,0,10.0002,1296578,1987,0,0,0,0,inf,inf,0,0,0.00243637,0,11710,1947,0.169684,0,0,0,1,0,0,0,0,0
1,cage,32,qpFreeEnvelope,1,1,1.73259,92067,2593,28.3821,1597,1597,0,4.37708e-05,0.00249477,0,0,0.0403049,0.893784,16152,2542,0.160537,0,0,0,0.0407969,0.843379,0.115824,0,0,0
1,cage,32,qpEnvelope,1,1,0.0237286,2281,39,17.3494,1014,1014,0,0.000775581,0.00249477,0,0,0.0264846,0.275756,23,17,1.69565,0,0,0,0.722052,0.265235,0.0127137,2281,561835,2257
1,cage,39,isSafe,1,1,1.0999,268755,1834,23.3707,14,1170,0,0.0127486,0.00249477,0,0,0,0,17252,1830,0.106307,0,0,0,0,0,0,0,0,0
1,cage,39,qpFixed,1,1,0.0619789,6556,40,20.3836,1888,1888,0,7.01626e-05,0.00249477,0,0,0.00875654,0,25,17,1.6,0,0,0,1,0,0,6556,1743721,5852
1,cage,39,qpPlain,1,1,0.0659226,6556,40,20.3836,1888,1888,0,7.01626e-05,0.00249477,0,0,0.00875654,0,25,17,1.6,0,0,0,1,0,0,6556,2248708,6556
1,cage,39,qpAdaptive,1,1,0.0457412,4419,39,20.407,1537,1537,0,7.24329e-05,0.00249477,0,0,0.0129853,0.286943,25,17,1.56,0,0,0,0.710115,0.284453,0.00543109,4419,1197033,4305
1,cage,39,qpFreeGate,1,1,1.3076,169543,310,16.3527,1620,1620,0,0.00924618,0.00249477,0,0,0.00323523,0,1424,294,0.217697,0,0,0,1,0,0,0,0,0
1,cage,39,qpFreeEnvelope,1,1,1.62492,84790,2601,19.7223,1027,1027,0,0.00288816,0.00249477,0,0,0.0430784,0.89277,16062,2563,0.161935,0,0,0,0.0382438,0.84443,0.117326,0,0,0
1,cage,39,qpEnvelope,1,1,0.0389886,3547,41,20.5019,1393,1393,0,7.02712e-05,0.00249477,0,0,0.0165133,0.202707,25,18,1.64,0,0,0,0.797293,0.195094,0.00761207,3547,954904,3506
1,cage,46,isSafe,1,1,0.606645,151035,913,20.409,12,1022,0,0.00424022,0.00249477,0,0,0,0,8144,909,0.112107,0,0,0,0,0,0,0,0,0
1,cage,46,qpFixed,1,1,0.0987967,10643,75,22.2792,1800,1800,0,0.000194366,0.00249477,0,0,0.0100301,0,40,31,1.875,0,0,0,1,0,0,10643,2762214,9438
1,cage,46,qpPlain,1,1,0.106872,10643,75,22.2792,1800,1800,0,0.000194366,0.00249477,0,0,0.0100301,0,40,31,1.875,0,0,0,1,0,0,10643,3650549,10643
1,cage,46,qpAdaptive,1,1,0.129721,12886,129,23.1227,1494,1494,0,0.00223514,0.00249477,0,0,0.0147207,0.311035,75,60,1.72,0,0,0,0.686869,0.306379,0.00675151,12886,3392275,12334
1,cage,46,qpFreeGate,1,1,1.3459,175037,297,24.7252,2773,2773,0,0.00304544,0.00249477,0,0,0.00310682,0,1387,275,0.214131,0,0,0,1,0,0,0,0,0
1,cage,46,qpFreeEnvelope,1,1,0.517316,28100,920,28.455,1514,1514,0,0.000747561,0.00249477,0,0,0.0522954,0.878221,4932,880,0.186537,0,0,0,0.0542757,0.838923,0.106802,0,0,0
1,cage,46,qpEnvelope,1,1,0.0932776,8670,119,23.2316,1320,1320,0,0.00195521,0.00249477,0,0,0.0219629,0.212918,75,60,1.58667,0,0,0,0.786275,0.201961,0.0117647,8670,2257567,8388
1,cage,53,isSafe,1,1,4.88013,1141436,9852,21.3367,14,1068,0,0.00301308,0.00249477,0,0,0,0,91326,9848,0.107877,0,0,0,0,0,0,0,0,0
1,cage,53,qpFixed,1,1,0.167054,17627,83,20.0579,1840,1840,0,0.00143007,0.00249477,0,0,0.00843541,0,73,47,1.13699,0,0,0,1,0,0,17627,4681694,16478
1,cage,53,qpPlain,1,1,0.177474,17627,83,20.0579,1840,1840,0,0.00143007,0.00249477,0,0,0.00843541,0,73,47,1.13699,0,0,0,1,0,0,17627,6046061,17627
1,cage,53,qpAdaptive,1,1,0.117508,11554,83,20.083,1391,1391,0,0.00133716,0.00249477,0,0,0.0129057,0.296694,73,47,1.13699,0,0,0,0.701402,0.293838,0.00476026,11554,3094486,11334
1,cage,53,qpFreeGate,1,1,1.33154,172376,321,33.4386,3690,3690,0,0.00115355,0.00249477,0,0,0.00325802,0,1393,304,0.230438,0,0,0,1,0,0,0,0,0
1,cage,53,qpFreeEnvelope,1,1,0.17684,9932,296,22.837,1298,1298,0,4.39957e-05,0.00249477,0,0,0.0499505,0.888441,1352,279,0.218935,0,0,0,0.0762382,0.818973,0.104789,0,0,0
1,cage,53,qpEnvelope,1,1,0.0981751,9114,83,19.6746,1155,1155,0,0.000173097,0.00249477,0,0,0.0164112,0.234474,73,47,1.13699,0,0,0,0.764209,0.22822,0.00757077,9114,2438095,9010
1,cage,60,isSafe,1,1,1.68822,413970,2709,24.2055,16,1212,0,0.00149887,0.00249477,0,0,0,0,24506,2706,0.110544,0,0,0,0,0,0,0,0,0
1,cage,60,qpFixed,1,1,0.0221023,2409,17,13.2412,1103,1103,0,0.00139309,0.00249477,0,0,0.010462,0,8,8,2.125,0,0,0,1,0,0,2409,627998,1815
1,cage,60,qpPlain,1,1,0.0238636,2409,17,13.2412,1103,1103,0,0.00139309,0.00249477,0,0,0.010462,0,8,8,2.125,0,0,0,1,0,0,2409,826287,2409
1,cage,60,qpAdaptive,1,1,0.0103894,1014,17,13.2777,903,903,0,0.00138586,0.00249477,0,0,0.024892,0.536489,8,8,2.125,0,0,0,0.460552,0.526627,0.0128205,1014,268140,958
1,cage,60,qpFreeGate,1,1,3.16838,413506,722,21.0725,2160,2160,0,0.00461664,0.00249477,0,0,0.00283086,0,3944,711,0.183063,0,0,0,1,0,0,0,0,0
1,cage,60,qpFreeEnvelope,1,1,1.16137,60734,2009,26.8318,1397,1397,0,0.00142641,0.00249477,0,0,0.0455679,0.879804,12120,1980,0.165759,0,0,0,0.045522,0.847445,0.107033,0,0,0
1,cage,60,qpEnvelope,1,1,0.00530568,437,17,13.2947,791,791,0,0.00135697,0.00249477,0,0,0.0577739,0.459954,8,8,2.125,0,0,0,0.535469,0.432494,0.0320366,437,119759,413
1,cage,67,isSafe,1,1,0.665657,165578,1052,14.3869,9,721,0,0.00665716,0.00249477,0,0,0,0,10426,1049,0.100902,0,0,0,0,0,0,0,0,0
1,cage,67,qpFixed,1,1,0.122266,12451,70,29.568,2544,2544,0,1.20088e-05,0.00249477,0,0,0.00829261,0,47,35,1.48936,0,0,0,1,0,0,12451,3489766,11639
1,cage,67,qpPlain,1,1,0.127124,12451,70,29.568,2544,2544,0,1.20088e-05,0.00249477,0,0,0.00829261,0,47,35,1.48936,0,0,0,1,0,0,12451,4270693,12451
1,cage,67,qpAdaptive,1,1,0.0790219,7483,71,29.5713,2017,2017,0,1.79036e-05,0.00249477,0,0,0.0139473,0.37779,47,35,1.51064,0,0,0,0.61927,0.373246,0.00748363,7483,2105622,7347
1,cage,67,qpFreeGate,1,1,2.70215,348635,545,19.9871,2303,2303,0,0.000599861,0.00249477,0,0,0.00275394,0,2987,518,0.182457,0,0,0,1,0,0,0,0,0
1,cage,67,qpFreeEnvelope,1,1,0.389976,21287,633,26.2415,1458,1458,0,0.000672304,0.00249477,0,0,0.0472472,0.893503,3548,595,0.17841,0,0,0,0.0475961,0.843324,0.10908,0,0,0
1,cage,67,qpEnvelope,1,1,0.0646355,5655,68,29.4165,1850,1850,0,0.000106451,0.00249477,0,0,0.0188893,0.304156,47,36,1.44681,0,0,0,0.69443,0.295491,0.0100796,5655,1591083,5618
1,cage,74,isSafe,1,1,0.398308,99789,545,23.0199,13,1152,0,0.0128675,0.00249477,0,0,0,0,4964,542,0.10979,0,0,0,0,0,0,0,0,0
1,cage,74,qpFixed,1,1,0.0312089,3443,18,15.0964,1501,1501,88,-0.00941531,0.00249477,0,0,0.00874456,0,9,7,2,0,0,0,1,0,0,3443,921926,2225
1,cage,74,qpPlain,1,1,0.0335789,3443,18,15.0964,1501,1501,88,-0.00941531,0.00249477,0,0,0.00874456,0,9,7,2,0,0,0,1,0,0,3443,1180949,3443
1,cage,74,qpAdaptive,1,1,0.0162952,1554,18,15.102,1020,1020,88,-0.00822516,0.00249477,0,0,0.0193764,0.330116,9,7,2,0,0,0,0.66731,0.323037,0.00965251,1554,428388,1465
1,cage,74,qpFreeGate,1,1,0.373573,48631,101,22.5187,2044,2044,0,0.00443805,0.00249477,0,0,0.00375892,0,350,95,0.288571,0,0,0,1,0,0,0,0,0
1,cage,74,qpFreeEnvelope,1,1,0.0438131,2350,99,23.9544,1262,1262,0,0.000748128,0.00249477,0,0,0.0704546,0.945106,350,93,0.282857,0,0,0,0.015015,0.882883,0.102102,0,0,0
1,cage,74,qpEnvelope,1,1,0.0140456,1180,18,15.1178,964,964,88,-0.00992435,0.00249477,0,0,0.0255409,0.168644,9,7,2,0,0,0,0.828814,0.157627,0.0135593,1180,332412,1148
1,cage,81,isSafe,1,1,0.0594608,14993,71,23.8325,13,1193,0,0.00746861,0.00249477,0,0,0,0,464,68,0.153017,0,0,0,0,0,0,0,0,0
1,cage,81,qpFixed,1,1,0.00695049,745,8,8.30538,746,746,0,0.00208476,0.00249477,0,0,0.0111482,0,1,1,8,0,0,0,1,0,0,745,203367,403
1,cage,81,qpPlain,1,1,0.00700565,745,8,8.30538,746,746,0,0.00208476,0.00249477,0,0,0.0111482,0,1,1,8,0,0,0,1,0,0,745,255535,745
1,cage,81,qpAdaptive,1,1,0.00282074,270,8,8.32477,562,562,0,0.00204558,0.00249477,0,0,0.0308325,0.559259,1,1,8,0,0,0,0.437037,0.540741,0.0222222,270,79822,235
1,cage,81,qpFreeGate,1,1,0.544776,71204,139,13.1143,1321,1321,0,0.00857402,0.00249477,0,0,0.00336872,0,604,130,0.230132,0,0,0,1,0,0,0,0,0
1,cage,81,qpFreeEnvelope,1,1,0.0405101,2093,104,18.3733,981,981,0,0.00150875,0.00249477,0,0,0.0795823,0.935977,350,88,0.297143,0,0,0,0.0178485,0.845152,0.137,0,0,0
1,cage,81,qpEnvelope,1,1,0.00139688,113,8,8.34969,484,484,0,0.00172371,0.00249477,0,0,0.0738911,0.513274,1,1,8,0,0,0,0.486726,0.460177,0.0530973,113,33140,98
1,cage,88,isSafe,1,1,0.419085,104854,610,30.3745,17,1520,0,2.21923e-05,0.00249477,0,0,0,0,6005,605,0.101582,0,0,0,0,0,0,0,0,0
1,cage,88,qpFixed,1,1,0.339126,35378,148,27.9547,2501,2501,0,0.00010975,0.00249477,0,0,0.00801682,0,149,90,0.993289,0,0,0,1,0,0,35378,9498704,32153
1,cage,88,qpPlain,1,1,0.359807,35378,148,27.9547,2501,2501,0,0.00010975,0.00249477,0,0,0.00801682,0,149,90,0.993289,0,0,0,1,0,0,35378,12134654,35378
1,cage,88,qpAdaptive,1,1,0.269788,26203,150,27.9813,2131,2131,0,0.000108161,0.00249477,0,0,0.0109025,0.21738,149,91,1.00671,0,0,0,0.781399,0.215128,0.00347288,26203,7035540,25742
1,cage,88,qpFreeGate,1,1,3.39134,439136,716,19.4413,2986,2986,0,0.00269492,0.00249477,0,0,0.00276326,0,3788,680,0.189018,0,0,0,1,0,0,0,0,0
1,cage,88,qpFreeEnvelope,1,1,0.332471,17863,554,19.2776,1020,1020,0,0.0022542,0.00249477,0,0,0.051605,0.89621,3005,530,0.184359,0,0,0,0.0497569,0.837861,0.112382,0,0,0
1,cage,88,qpEnvelope,1,1,0.236653,21066,150,28.0704,1767,1767,0,9.67481e-05,0.00249477,0,0,0.0135993,0.141413,149,91,1.00671,0,0,0,0.857448,0.136856,0.00569638,21066,5628483,20890
1,cage,95,isSafe,1,1,0.529026,132157,802,11.8648,8,595,0,0.00384587,0.00249477,0,0,0,0,6619,798,0.121166,0,0,0,0,0,0,0,0,0
1,cage,95,qpFixed,1,1,0.315421,32657,141,27.2336,2253,2253,0,0.00037426,0.00249477,0,0,0.00823913,0,131,89,1.07634,0,0,0,1,0,0,32657,8875256,29389
1,cage,95,qpPlain,1,1,0.334447,32657,141,27.2336,2253,2253,0,0.00037426,0.00249477,0,0,0.00823913,0,131,89,1.07634,0,0,0,1,0,0,32657,11201351,32657
1,cage,95,qpAdaptive,1,1,0.236904,22696,140,27.23,1888,1888,0,0.000362615,0.00249477,0,0,0.0118402,0.278419,131,88,1.0687,0,0,0,0.719951,0.275996,0.00405358,22696,6229515,21947
1,cage,95,qpFreeGate,1,1,2.94865,384060,718,22.6677,2489,2489,0,0.000975829,0.00249477,0,0,0.00308773,0,3569,699,0.201177,0,0,0,1,0,0,0,0,0
1,cage,95,qpFreeEnvelope,1,1,0.276961,15093,515,30.9727,1642,1642,0,0.000389801,0.00249477,0,0,0.05626,0.88392,2361,488,0.218128,0,0,0,0.0658889,0.82297,0.111141,0,0,0
1,cage,95,qpEnvelope,1,1,0.199837,17449,139,27.3068,1705,1705,0,0.000154026,0.00249477,0,0,0.0154859,0.165797,131,88,1.06107,0,0,0,0.833343,0.160697,0.00596023,17449,4745246,17112
1,bookshelf_tall,6,isSafe,1,0,10.0002,1257154,11870,0,0,0,0,inf,inf,0,0,0,0,105315,11868,0.112709,0,0,0,0,0,0,0,0,0
1,bookshelf_tall,6,qpFixed,1,0,10.0019,756618,1568,0,0,0,0,inf,inf,0,0,0.00585351,0,3330,1469,0.470871,0,0,0,1,0,0,756618,226954553,717611
1,bookshelf_tall,6,qpPlain,1,0,10.002,753302,1566,0,0,0,0,inf,inf,0,0,0.00585971,0,3312,1467,0.472826,0,0,0,1,0,0,753302,258382586,753302
1,bookshelf_tall,6,qpAdaptive,1,0,10.0027,725313,1659,0,0,0,0,inf,inf,0,0,0.00648797,0.0608799,3567,1560,0.465097,0,0,0,0.938839,0.0601685,0.000992675,725313,218494366,717133
1,bookshelf_tall,6,qpFreeGate,1,0,10.0002,881412,1438,0,0,0,0,inf,inf,0,0,0.00260431,0,7612,1436,0.188912,0,0,0,1,0,0,0,0,0
1,bookshelf_tall,6,qpFreeEnvelope,1,0,10,279866,15640,0,0,0,0,inf,inf,0,0,0.0577035,0.708796,96950,15637,0.16132,0,0,0,0.00244307,0.867526,0.130031,0,0,0
1,bookshelf_tall,6,qpEnvelope,1,0,10.0013,721953,1709,0,0,0,0,inf,inf,0,0,0.00677324,0.00740353,3727,1609,0.458546,0,0,0,0.992563,0.00641178,0.001025,721953,217530899,719082
1,bookshelf_tall,13,isSafe,0,0,0,0,0,0,0,0,0,inf,inf,0,0,0,0,0,0,0,0,0,0,0,0,0,0,0,0
1,bookshelf_tall,13,qpFixed,0,0,0,0,0,0,0,0,0,inf,inf,0,0,0,0,0,0,0,0,0,0,0,0,0,0,0,0
1,bookshelf_tall,13,qpPlain,0,0,0,0,0,0,0,0,0,inf,inf,0,0,0,0,0,0,0,0,0,0,0,0,0,0,0,0
1,bookshelf_tall,13,qpAdaptive,0,0,0,0,0,0,0,0,0,inf,inf,0,0,0,0,0,0,0,0,0,0,0,0,0,0,0,0
1,bookshelf_tall,13,qpFreeGate,0,0,0,0,0,0,0,0,0,inf,inf,0,0,0,0,0,0,0,0,0,0,0,0,0,0,0,0
1,bookshelf_tall,13,qpFreeEnvelope,0,0,0,0,0,0,0,0,0,inf,inf,0,0,0,0,0,0,0,0,0,0,0,0,0,0,0,0
1,bookshelf_tall,13,qpEnvelope,0,0,0,0,0,0,0,0,0,inf,inf,0,0,0,0,0,0,0,0,0,0,0,0,0,0,0,0
1,bookshelf_tall,21,isSafe,0,0,0,0,0,0,0,0,0,inf,inf,0,0,0,0,0,0,0,0,0,0,0,0,0,0,0,0
1,bookshelf_tall,21,qpFixed,0,0,0,0,0,0,0,0,0,inf,inf,0,0,0,0,0,0,0,0,0,0,0,0,0,0,0,0
1,bookshelf_tall,21,qpPlain,0,0,0,0,0,0,0,0,0,inf,inf,0,0,0,0,0,0,0,0,0,0,0,0,0,0,0,0
1,bookshelf_tall,21,qpAdaptive,0,0,0,0,0,0,0,0,0,inf,inf,0,0,0,0,0,0,0,0,0,0,0,0,0,0,0,0
1,bookshelf_tall,21,qpFreeGate,0,0,0,0,0,0,0,0,0,inf,inf,0,0,0,0,0,0,0,0,0,0,0,0,0,0,0,0
1,bookshelf_tall,21,qpFreeEnvelope,0,0,0,0,0,0,0,0,0,inf,inf,0,0,0,0,0,0,0,0,0,0,0,0,0,0,0,0
1,bookshelf_tall,21,qpEnvelope,0,0,0,0,0,0,0,0,0,inf,inf,0,0,0,0,0,0,0,0,0,0,0,0,0,0,0,0
1,bookshelf_tall,29,isSafe,1,1,0.0206843,2672,15,10.9601,7,550,0,0.00236666,0.00249477,0,0,0,0,72,12,0.208333,0,0,0,0,0,0,0,0,0
1,bookshelf_tall,29,qpFixed,1,1,0.023782,1852,18,16.0176,1295,1295,0,0.00236666,0.00249477,0,0,0.0106393,0,6,6,3,0,0,0,1,0,0,1852,462204,1541
1,bookshelf_tall,29,qpPlain,1,1,0.0255105,1852,18,16.0176,1295,1295,0,0.00236666,0.00249477,0,0,0.0106393,0,6,6,3,0,0,0,1,0,0,1852,635236,1852
1,bookshelf_tall,29,qpAdaptive,1,1,0.0110634,801,17,16.025,1062,1062,0,0.00236666,0.00249477,0,0,0.0246415,0.714107,6,6,2.83333,0,0,0,0.280899,0.700375,0.0187266,801,206028,755
1,bookshelf_tall,29,qpFreeGate,1,1,0.0760532,6586,24,12.2609,1084,1084,0,0.00236666,0.00249477,0,0,0.00430498,0,72,17,0.333333,0,0,0,1,0,0,0,0,0
1,bookshelf_tall,29,qpFreeEnvelope,1,1,0.0156779,482,22,12.4541,653,653,0,0.00236666,0.00249477,0,0,0.0578399,0.93361,72,16,0.305556,0,0,0,0.0463158,0.810526,0.143158,0,0,0
1,bookshelf_tall,29,qpEnvelope,1,1,0.00393873,235,16,16.0526,887,887,0,0.00236666,0.00249477,0,0,0.0845313,0.787234,6,6,2.66667,0,0,0,0.204255,0.72766,0.0680851,235,64841,220
1,bookshelf_tall,36,isSafe,1,1,0.0400036,5415,28,15.7279,9,788,0,0.00229606,0.00249477,0,0,0,0,170,25,0.164706,0,0,0,0,0,0,0,0,0
1,bookshelf_tall,36,qpFixed,1,1,0.0701225,5195,30,15.6548,1324,1324,0,0.00229606,0.00249477,0,0,0.00919021,0,14,12,2.14286,0,0,0,1,0,0,5195,1449855,4837
1,bookshelf_tall,36,qpPlain,1,1,0.0720845,5195,30,15.6548,1324,1324,0,0.00229606,0.00249477,0,0,0.00919021,0,14,12,2.14286,0,0,0,1,0,0,5195,1781885,5195
1,bookshelf_tall,36,qpAdaptive,1,1,0.0528006,3678,30,15.6364,1056,1056,0,0.00229606,0.00249477,0,0,0.0130095,0.34584,14,12,2.14286,0,0,0,0.650897,0.343937,0.00516585,3678,1046708,3594
1,bookshelf_tall,36,qpFreeGate,1,1,0.181213,16078,45,16.36,1259,1259,0,0.00229606,0.00249477,0,0,0.00433775,0,170,39,0.264706,0,0,0,1,0,0,0,0,0
1,bookshelf_tall,36,qpFreeEnvelope,1,1,0.0354417,1136,50,16.5489,862,862,0,0.00155404,0.00249477,0,0,0.057631,0.943662,170,37,0.294118,0,0,0,0.0327144,0.85588,0.111406,0,0,0
1,bookshelf_tall,36,qpEnvelope,1,1,0.0348695,2275,29,14.9606,887,887,0,0.00229606,0.00249477,0,0,0.0210734,0.191209,15,12,1.93333,0,0,0,0.807828,0.181179,0.0109938,2275,671275,2236
1,bookshelf_tall,43,isSafe,1,0,10.0006,1259749,11874,0,0,0,0,inf,inf,0,0,0,0,105225,11872,0.112844,0,0,0,0,0,0,0,0,0
1,bookshelf_tall,43,qpFixed,1,0,10.0001,758689,1552,0,0,0,0,inf,inf,0,0,0.00581113,0,3317,1441,0.467893,0,0,0,1,0,0,758689,226237961,721110
1,bookshelf_tall,43,qpPlain,1,0,10.002,756407,1548,0,0,0,0,inf,inf,0,0,0.00581333,0,3307,1437,0.468098,0,0,0,1,0,0,756407,259447601,756407
1,bookshelf_tall,43,qpAdaptive,1,0,10.0029,727893,1613,0,0,0,0,inf,inf,0,0,0.00632522,0.0446549,3502,1500,0.460594,0,0,0,0.955105,0.0439983,0.000897111,727893,217712986,719989
1,bookshelf_tall,43,qpFreeGate,1,0,10.0009,882338,1499,0,0,0,0,inf,inf,0,0,0.00268194,0,8305,1496,0.180494,0,0,0,1,0,0,0,0,0
1,bookshelf_tall,43,qpFreeEnvelope,1,0,10.0001,281765,15511,0,0,0,0,inf,inf,0,0,0.0574178,0.714248,96655,15508,0.160478,0,0,0,0.00375755,0.867116,0.129126,0,0,0
1,bookshelf_tall,43,qpEnvelope,1,0,10.0031,724701,1684,0,0,0,0,inf,inf,0,0,0.00660808,0.00700289,3663,1575,0.459732,0,0,0,0.99297,0.00604111,0.000989374,724701,216789589,722523
1,bookshelf_tall,50,isSafe,0,0,0,0,0,0,0,0,0,inf,inf,0,0,0,0,0,0,0,0,0,0,0,0,0,0,0,0
1,bookshelf_tall,50,qpFixed,0,0,0,0,0,0,0,0,0,inf,inf,0,0,0,0,0,0,0,0,0,0,0,0,0,0,0,0
1,bookshelf_tall,50,qpPlain,0,0,0,0,0,0,0,0,0,inf,inf,0,0,0,0,0,0,0,0,0,0,0,0,0,0,0,0
1,bookshelf_tall,50,qpAdaptive,0,0,0,0,0,0,0,0,0,inf,inf,0,0,0,0,0,0,0,0,0,0,0,0,0,0,0,0
1,bookshelf_tall,50,qpFreeGate,0,0,0,0,0,0,0,0,0,inf,inf,0,0,0,0,0,0,0,0,0,0,0,0,0,0,0,0
1,bookshelf_tall,50,qpFreeEnvelope,0,0,0,0,0,0,0,0,0,inf,inf,0,0,0,0,0,0,0,0,0,0,0,0,0,0,0,0
1,bookshelf_tall,50,qpEnvelope,0,0,0,0,0,0,0,0,0,inf,inf,0,0,0,0,0,0,0,0,0,0,0,0,0,0,0,0
1,bookshelf_tall,57,isSafe,1,1,0.405442,54664,296,16.7345,10,838,0,0.00187085,0.00249477,0,0,0,0,2540,293,0.116535,0,0,0,0,0,0,0,0,0
1,bookshelf_tall,57,qpFixed,1,1,0.0277717,2118,33,12.7553,1222,1222,0,0.000624235,0.00249477,0,0,0.00950289,0,5,5,6.6,0,0,0,1,0,0,2118,637231,1705
1,bookshelf_tall,57,qpPlain,1,1,0.0280836,2118,33,12.7553,1222,1222,0,0.000624235,0.00249477,0,0,0.00950289,0,5,5,6.6,0,0,0,1,0,0,2118,726474,2118
1,bookshelf_tall,57,qpAdaptive,1,1,0.0188851,1337,32,16.5411,1150,1150,0,0.00105539,0.00249477,0,0,0.0186545,0.544503,7,6,4.57143,0,0,0,0.445026,0.53104,0.0239342,1337,409618,1269
1,bookshelf_tall,57,qpFreeGate,1,1,0.962092,85546,232,13.121,1424,1424,0,0.00121478,0.00249477,0,0,0.00428545,0,1132,222,0.204947,0,0,0,1,0,0,0,0,0
1,bookshelf_tall,57,qpFreeEnvelope,1,1,0.187243,6033,212,14.0635,731,731,0,0.000113672,0.00249477,0,0,0.0570274,0.90005,1139,208,0.186128,0,0,0,0.029382,0.869132,0.101486,0,0,0
1,bookshelf_tall,57,qpEnvelope,1,1,0.020551,1405,38,12.649,719,719,0,0.00105539,0.00249477,0,0,0.0361107,0.296797,16,15,2.375,0,0,0,0.700356,0.272598,0.0270463,1405,400194,1288
1,bookshelf_tall,64,isSafe,0,0,0,0,0,0,0,0,0,inf,inf,0,0,0,0,0,0,0,0,0,0,0,0,0,0,0,0
1,bookshelf_tall,64,qpFixed,0,0,0,0,0,0,0,0,0,inf,inf,0,0,0,0,0,0,0,0,0,0,0,0,0,0,0,0
1,bookshelf_tall,64,qpPlain,0,0,0,0,0,0,0,0,0,inf,inf,0,0,0,0,0,0,0,0,0,0,0,0,0,0,0,0
1,bookshelf_tall,64,qpAdaptive,0,0,0,0,0,0,0,0,0,inf,inf,0,0,0,0,0,0,0,0,0,0,0,0,0,0,0,0
1,bookshelf_tall,64,qpFreeGate,0,0,0,0,0,0,0,0,0,inf,inf,0,0,0,0,0,0,0,0,0,0,0,0,0,0,0,0
1,bookshelf_tall,64,qpFreeEnvelope,0,0,0,0,0,0,0,0,0,inf,inf,0,0,0,0,0,0,0,0,0,0,0,0,0,0,0,0
1,bookshelf_tall,64,qpEnvelope,0,0,0,0,0,0,0,0,0,inf,inf,0,0,0,0,0,0,0,0,0,0,0,0,0,0,0,0
1,bookshelf_tall,72,isSafe,1,1,0.0174457,2360,13,11.8119,7,592,0,0.00137452,0.00249477,0,0,0,0,41,9,0.317073,0,0,0,0,0,0,0,0,0
1,bookshelf_tall,72,qpFixed,1,1,0.0113705,952,8,8.67754,678,678,0,0.0030468,0.00249477,0,0,0.0110186,0,2,2,4,0,0,0,1,0,0,952,253825,334
1,bookshelf_tall,72,qpPlain,1,1,0.0121364,952,8,8.67754,678,678,0,0.0030468,0.00249477,0,0,0.0110186,0,2,2,4,0,0,0,1,0,0,952,326536,952
1,bookshelf_tall,72,qpAdaptive,1,1,0.00355376,256,8,8.67748,466,466,0,0.0030468,0.00249477,0,0,0.0409848,0.574219,2,2,4,0,0,0,0.425781,0.550781,0.0234375,256,70884,214
1,bookshelf_tall,72,qpFreeGate,1,1,0.0450876,4017,17,12.5048,1170,1170,0,0.00155094,0.00249477,0,0,0.00635023,0,41,11,0.414634,0,0,0,1,0,0,0,0,0
1,bookshelf_tall,72,qpFreeEnvelope,1,1,0.0071177,223,16,12.5566,655,655,0,0.00157625,0.00249477,0,0,0.11364,0.901345,41,11,0.390244,0,0,0,0.0321101,0.830275,0.137615,0,0,0
1,bookshelf_tall,72,qpEnvelope,1,1,0.00222699,147,8,8.67675,452,452,0,0.0030468,0.00249477,0,0,0.0714524,0.312925,2,2,4,0,0,0,0.687075,0.272109,0.0408163,147,40508,126
1,bookshelf_tall,79,isSafe,0,0,0,0,0,0,0,0,0,inf,inf,0,0,0,0,0,0,0,0,0,0,0,0,0,0,0,0
1,bookshelf_tall,79,qpFixed,0,0,0,0,0,0,0,0,0,inf,inf,0,0,0,0,0,0,0,0,0,0,0,0,0,0,0,0
1,bookshelf_tall,79,qpPlain,0,0,0,0,0,0,0,0,0,inf,inf,0,0,0,0,0,0,0,0,0,0,0,0,0,0,0,0
1,bookshelf_tall,79,qpAdaptive,0,0,0,0,0,0,0,0,0,inf,inf,0,0,0,0,0,0,0,0,0,0,0,0,0,0,0,0
1,bookshelf_tall,79,qpFreeGate,0,0,0,0,0,0,0,0,0,inf,inf,0,0,0,0,0,0,0,0,0,0,0,0,0,0,0,0
1,bookshelf_tall,79,qpFreeEnvelope,0,0,0,0,0,0,0,0,0,inf,inf,0,0,0,0,0,0,0,0,0,0,0,0,0,0,0,0
1,bookshelf_tall,79,qpEnvelope,0,0,0,0,0,0,0,0,0,inf,inf,0,0,0,0,0,0,0,0,0,0,0,0,0,0,0,0
1,bookshelf_tall,86,isSafe,1,1,0.0160796,2177,13,6.9434,5,349,0,0.000628212,0.00249477,0,0,0,0,44,9,0.295455,0,0,0,0,0,0,0,0,0
1,bookshelf_tall,86,qpFixed,1,1,0.0376632,2848,25,10.8718,838,838,0,0.00190787,0.00249477,0,0,0.0106152,0,9,8,2.77778,0,0,0,1,0,0,2848,771603,2412
1,bookshelf_tall,86,qpPlain,1,1,0.0392261,2848,25,10.8718,838,838,0,0.00190787,0.00249477,0,0,0.0106152,0,9,8,2.77778,0,0,0,1,0,0,2848,976864,2848
1,bookshelf_tall,86,qpAdaptive,1,1,0.0264826,1863,25,11.0379,754,754,0,0.00190184,0.00249477,0,0,0.0162055,0.329039,9,8,2.77778,0,0,0,0.666667,0.324745,0.0085883,1863,517379,1735
1,bookshelf_tall,86,qpFreeGate,1,1,0.163815,14563,47,7.23644,810,810,0,0.00198803,0.00249477,0,0,0.00447486,0,144,34,0.326389,0,0,0,1,0,0,0,0,0
1,bookshelf_tall,86,qpFreeEnvelope,1,1,0.0335932,1105,47,7.241,410,410,0,0.00137731,0.00249477,0,0,0.0584803,0.910407,144,35,0.326389,0,0,0,0.0720146,0.823154,0.104831,0,0,0
1,bookshelf_tall,86,qpEnvelope,1,1,0.0162952,1075,25,10.9307,626,626,0,0.00147617,0.00249477,0,0,0.0282872,0.19814,9,8,2.77778,0,0,0,0.797209,0.183256,0.0195349,1075,301056,1043
1,bookshelf_tall,94,isSafe,1,0,10.0005,1256778,11918,0,0,0,0,inf,inf,0,0,0,0,110249,11916,0.108101,0,0,0,0,0,0,0,0,0
1,bookshelf_tall,94,qpFixed,1,0,10.0011,753689,1524,0,0,0,0,inf,inf,0,0,0.00577421,0,3356,1419,0.454112,0,0,0,1,0,0,753689,225809511,718330
1,bookshelf_tall,94,qpPlain,1,0,10.0001,752439,1521,0,0,0,0,inf,inf,0,0,0.00577423,0,3351,1416,0.453894,0,0,0,1,0,0,752439,258086577,752439
1,bookshelf_tall,94,qpAdaptive,1,0,10.002,724070,1615,0,0,0,0,inf,inf,0,0,0.00638617,0.0573259,3606,1509,0.447865,0,0,0,0.942403,0.0566082,0.000988861,724070,217578759,716757
1,bookshelf_tall,94,qpFreeGate,1,0,10.001,878677,1487,0,0,0,0,inf,inf,0,0,0.00266284,0,8063,1484,0.184423,0,0,0,1,0,0,0,0,0
1,bookshelf_tall,94,qpFreeEnvelope,1,0,10.0001,284360,14801,0,0,0,0,inf,inf,0,0,0.0540667,0.725369,94109,14797,0.157275,0,0,0,0.00422532,0.871034,0.124741,0,0,0
1,bookshelf_tall,94,qpEnvelope,1,0,10.0001,721151,1683,0,0,0,0,inf,inf,0,0,0.00666013,0.00868611,3736,1574,0.450482,0,0,0,0.991265,0.00769743,0.00103723,721151,216424768,718772
1,bookshelf_thin,2,isSafe,1,1,0.0496522,5114,28,16.2212,10,813,0,0.00429709,0.00249477,0,0,0,0,99,23,0.282828,0,0,0,0,0,0,0,0,0
1,bookshelf_thin,2,qpFixed,1,1,0.026913,1684,15,13.487,1186,1186,0,3.08187e-05,0.00249477,0,0,0.0104555,0,4,4,3.75,0,0,0,1,0,0,1684,462462,1468
1,bookshelf_thin,2,qpPlain,1,1,0.0276163,1684,15,13.487,1186,1186,0,3.08187e-05,0.00249477,0,0,0.0104555,0,4,4,3.75,0,0,0,1,0,0,1684,577612,1684
1,bookshelf_thin,2,qpAdaptive,1,1,0.0196621,1147,16,13.5208,1070,1070,0,3.08187e-05,0.00249477,0,0,0.015389,0.232781,4,4,4,0,0,0,0.763731,0.22755,0.0087184,1147,322091,1132
1,bookshelf_thin,2,qpFreeGate,1,1,0.141649,10455,33,13.2209,1191,1191,0,0.00429709,0.00249477,0,0,0.00525977,0,76,26,0.434211,0,0,0,1,0,0,0,0,0
1,bookshelf_thin,2,qpFreeEnvelope,1,1,0.0230433,580,34,16.2036,854,854,0,0.000580246,0.00249477,0,0,0.0921083,0.958621,71,24,0.478873,0,0,0,0.0207254,0.84456,0.134715,0,0,0
1,bookshelf_thin,2,qpEnvelope,1,1,0.0153946,862,16,13.539,987,987,0,3.08187e-05,0.00249477,0,0,0.0205569,0.12529,4,4,4,0,0,0,0.87239,0.116009,0.0116009,862,243228,856
1,bookshelf_thin,9,isSafe,1,1,0.0170871,1763,10,11.2821,7,566,0,0.00327968,0.00249477,0,0,0,0,39,6,0.25641,0,0,0,0,0,0,0,0,0
1,bookshelf_thin,9,qpFixed,1,1,0.00519595,371,12,6.01731,372,372,0,0.00327968,0.00249477,0,0,0.0162192,0,1,1,12,0,0,0,1,0,0,371,89757,208
1,bookshelf_thin,9,qpPlain,1,1,0.00567151,371,12,6.01731,372,372,0,0.00327968,0.00249477,0,0,0.0162192,0,1,1,12,0,0,0,1,0,0,371,127253,371
1,bookshelf_thin,9,qpAdaptive,1,1,0.00129781,86,12,6.02324,344,344,0,0.00327968,0.00249477,0,0,0.0700376,0.72093,1,1,12,0,0,0,0.255814,0.627907,0.116279,86,21843,62
1,bookshelf_thin,9,qpFreeGate,1,1,0.0742928,5568,16,7.71775,697,697,0,0.00327968,0.00249477,0,0,0.00416253,0,38,12,0.421053,0,0,0,1,0,0,0,0,0
1,bookshelf_thin,9,qpFreeEnvelope,1,1,0.0154002,442,15,7.72594,402,402,0,0.00327968,0.00249477,0,0,0.0514942,0.993213,38,11,0.394737,0,0,0,0,0.909091,0.0909091,0,0,0
1,bookshelf_thin,9,qpEnvelope,1,1,0.0008292,48,14,6.07303,326,326,0,0.00327968,0.00249477,0,0,0.126521,0.541667,1,1,14,0,0,0,0.395833,0.354167,0.25,48,12059,39
1,bookshelf_thin,16,isSafe,1,1,0.0348037,3590,20,18.9694,11,950,0,0.000542866,0.00249477,0,0,0,0,79,16,0.253165,0,0,0,0,0,0,0,0,0
1,bookshelf_thin,16,qpFixed,1,1,0.0341235,2191,14,12.503,1291,1291,16,-0.00531179,0.00249477,0,0,0.00829555,0,6,5,2.33333,0,0,0,1,0,0,2191,575864,1807
1,bookshelf_thin,16,qpPlain,1,1,0.0351121,2191,14,12.503,1291,1291,16,-0.00531179,0.00249477,0,0,0.00829555,0,6,5,2.33333,0,0,0,1,0,0,2191,751513,2191
1,bookshelf_thin,16,qpAdaptive,1,1,0.0232202,1428,14,12.5248,1027,1027,10,-0.00361746,0.00249477,0,0,0.0127577,0.283613,6,5,2.33333,0,0,0,0.712185,0.282213,0.00560224,1428,384438,1339
1,bookshelf_thin,16,qpFreeGate,1,1,0.120542,8930,29,19.7153,1591,1591,0,0.000542866,0.00249477,0,0,0.00516814,0,79,25,0.367089,0,0,0,1,0,0,0,0,0
1,bookshelf_thin,16,qpFreeEnvelope,1,1,0.0238656,696,26,18.5109,958,958,0,0.000542866,0.00249477,0,0,0.0602129,0.847701,79,22,0.329114,0,0,0,0.102489,0.82284,0.0746706,0,0,0
1,bookshelf_thin,16,qpEnvelope,1,1,0.015255,892,14,12.525,892,892,10,-0.00292514,0.00249477,0,0,0.0204143,0.31278,6,5,2.33333,0,0,0,0.686099,0.30157,0.0123318,892,235406,874
1,bookshelf_thin,23,isSafe,1,1,0.0760283,7846,39,22.0978,13,1106,0,0.00138289,0.00249477,0,0,0,0,242,35,0.161157,0,0,0,0,0,0,0,0,0
1,bookshelf_thin,23,qpFixed,1,1,0.0766872,4984,34,12.2841,899,899,0,0.000228642,0.00249477,0,0,0.00972504,0,16,13,2.125,0,0,0,1,0,0,4984,1359239,4188
1,bookshelf_thin,23,qpPlain,1,1,0.0812871,4984,34,12.2841,899,899,0,0.000228642,0.00249477,0,0,0.00972504,0,16,13,2.125,0,0,0,1,0,0,4984,1709512,4984
1,bookshelf_thin,23,qpAdaptive,1,1,0.0497625,3057,34,12.2941,801,801,0,0.000230687,0.00249477,0,0,0.0158681,0.321557,16,13,2.125,0,0,0,0.677134,0.314033,0.00883219,3057,838776,2864
1,bookshelf_thin,23,qpFreeGate,1,1,0.33361,24759,60,24.3898,1795,1795,0,0.00138289,0.00249477,0,0,0.00424586,0,244,54,0.245902,0,0,0,1,0,0,0,0,0
1,bookshelf_thin,23,qpFreeEnvelope,1,1,0.0717516,1966,60,24.5029,1254,1254,0,0.00138289,0.00249477,0,0,0.0523936,0.936419,244,55,0.245902,0,0,0,0.0324575,0.869655,0.0978877,0,0,0
1,bookshelf_thin,23,qpEnvelope,1,1,0.0377801,2238,33,12.273,725,725,0,0.000230708,0.00249477,0,0,0.021811,0.126005,16,13,2.0625,0,0,0,0.872654,0.115282,0.0120643,2238,613079,2197
1,bookshelf_thin,30,isSafe,1,1,0.106603,11007,55,16.534,10,828,0,0.00158157,0.00249477,0,0,0,0,303,51,0.181518,0,0,0,0,0,0,0,0,0
1,bookshelf_thin,30,qpFixed,1,1,0.0463239,2967,20,15.7888,1326,1326,0,0.00103306,0.00249477,0,0,0.00933413,0,10,8,2,0,0,0,1,0,0,2967,745646,2265
1,bookshelf_thin,30,qpPlain,1,1,0.0505642,2967,20,15.7888,1326,1326,0,0.00103306,0.00249477,0,0,0.00933413,0,10,8,2,0,0,0,1,0,0,2967,1017681,2967
1,bookshelf_thin,30,qpAdaptive,1,1,0.0311516,1832,20,15.696,1122,1122,0,0.000984985,0.00249477,0,0,0.0150695,0.276201,10,8,2,0,0,0,0.721616,0.269651,0.00873362,1832,467142,1779
1,bookshelf_thin,30,qpFreeGate,1,1,0.627307,46375,101,19.3295,1547,1547,0,0.00373135,0.00249477,0,0,0.00402441,0,444,98,0.227477,0,0,0,1,0,0,0,0,0
1,bookshelf_thin,30,qpFreeEnvelope,1,1,0.117563,3084,98,19.5784,1010,1010,0,0.00373135,0.00249477,0,0,0.0591806,0.958171,444,95,0.220721,0,0,0,0.010231,0.886799,0.10297,0,0,0
1,bookshelf_thin,30,qpEnvelope,1,1,0.0187745,1030,20,15.5684,927,927,0,0.000787398,0.00249477,0,0,0.0267576,0.320388,10,8,2,0,0,0,0.676699,0.303883,0.0194175,1030,262099,1010
1,bookshelf_thin,37,isSafe,0,0,0,0,0,0,0,0,0,inf,inf,0,0,0,0,0,0,0,0,0,0,0,0,0,0,0,0
1,bookshelf_thin,37,qpFixed,0,0,0,0,0,0,0,0,0,inf,inf,0,0,0,0,0,0,0,0,0,0,0,0,0,0,0,0
1,bookshelf_thin,37,qpPlain,0,0,0,0,0,0,0,0,0,inf,inf,0,0,0,0,0,0,0,0,0,0,0,0,0,0,0,0
1,bookshelf_thin,37,qpAdaptive,0,0,0,0,0,0,0,0,0,inf,inf,0,0,0,0,0,0,0,0,0,0,0,0,0,0,0,0
1,bookshelf_thin,37,qpFreeGate,0,0,0,0,0,0,0,0,0,inf,inf,0,0,0,0,0,0,0,0,0,0,0,0,0,0,0,0
1,bookshelf_thin,37,qpFreeEnvelope,0,0,0,0,0,0,0,0,0,inf,inf,0,0,0,0,0,0,0,0,0,0,0,0,0,0,0,0
1,bookshelf_thin,37,qpEnvelope,0,0,0,0,0,0,0,0,0,inf,inf,0,0,0,0,0,0,0,0,0,0,0,0,0,0,0,0
1,bookshelf_thin,44,isSafe,0,0,0,0,0,0,0,0,0,inf,inf,0,0,0,0,0,0,0,0,0,0,0,0,0,0,0,0
1,bookshelf_thin,44,qpFixed,0,0,0,0,0,0,0,0,0,inf,inf,0,0,0,0,0,0,0,0,0,0,0,0,0,0,0,0
1,bookshelf_thin,44,qpPlain,0,0,0,0,0,0,0,0,0,inf,inf,0,0,0,0,0,0,0,0,0,0,0,0,0,0,0,0
1,bookshelf_thin,44,qpAdaptive,0,0,0,0,0,0,0,0,0,inf,inf,0,0,0,0,0,0,0,0,0,0,0,0,0,0,0,0
1,bookshelf_thin,44,qpFreeGate,0,0,0,0,0,0,0,0,0,inf,inf,0,0,0,0,0,0,0,0,0,0,0,0,0,0,0,0
1,bookshelf_thin,44,qpFreeEnvelope,0,0,0,0,0,0,0,0,0,inf,inf,0,0,0,0,0,0,0,0,0,0,0,0,0,0,0,0
1,bookshelf_thin,44,qpEnvelope,0,0,0,0,0,0,0,0,0,inf,inf,0,0,0,0,0,0,0,0,0,0,0,0,0,0,0,0
1,bookshelf_thin,51,isSafe,1,1,0.0314349,3241,18,12.6701,8,635,0,0.000254958,0.00249477,0,0,0,0,80,14,0.225,0,0,0,0,0,0,0,0,0
1,bookshelf_thin,51,qpFixed,1,1,0.00984567,665,11,8.51702,666,666,0,0.000700644,0.00249477,0,0,0.0128076,0,1,1,11,0,0,0,1,0,0,665,171970,627
1,bookshelf_thin,51,qpPlain,1,1,0.0105321,665,11,8.51702,666,666,0,0.000700644,0.00249477,0,0,0.0128076,0,1,1,11,0,0,0,1,0,0,665,228095,665
1,bookshelf_thin,51,qpAdaptive,1,1,0.00528776,345,10,8.50954,577,577,0,0.000698736,0.00249477,0,0,0.0246653,0.466667,1,1,10,0,0,0,0.527536,0.449275,0.0231884,345,88794,335
1,bookshelf_thin,51,qpFreeGate,1,1,0.0824191,6120,21,14.4022,1578,1578,0,0.000542998,0.00249477,0,0,0.00429113,0,48,12,0.4375,0,0,0,1,0,0,0,0,0
1,bookshelf_thin,51,qpFreeEnvelope,1,1,0.0245779,684,21,11.7993,671,671,0,0.000131252,0.00249477,0,0,0.0491845,0.902047,74,16,0.283784,0,0,0,0.0789474,0.828947,0.0921053,0,0,0
1,bookshelf_thin,51,qpEnvelope,1,1,0.0112158,659,18,14.2059,836,836,0,0.000192283,0.00249477,0,0,0.0376757,0.282246,5,5,3.6,0,0,0,0.714719,0.267071,0.0182094,659,185512,655
1,bookshelf_thin,58,isSafe,1,1,0.0764948,7877,41,10.2324,7,513,0,0.000742336,0.00249477,0,0,0,0,252,37,0.162698,0,0,0,0,0,0,0,0,0
1,bookshelf_thin,58,qpFixed,1,1,0.00809015,543,9,5.76408,544,544,0,0.00257323,0.00249477,0,0,0.0106153,0,1,1,9,0,0,0,1,0,0,543,143708,539
1,bookshelf_thin,58,qpPlain,1,1,0.00857805,543,9,5.76408,544,544,0,0.00257323,0.00249477,0,0,0.0106153,0,1,1,9,0,0,0,1,0,0,543,186249,543
1,bookshelf_thin,58,qpAdaptive,1,1,0.00398615,255,13,5.79904,409,409,0,0.00263091,0.00249477,0,0,0.0227413,0.686275,1,1,13,0,0,0,0.282353,0.67451,0.0431373,255,70964,253
1,bookshelf_thin,58,qpFreeGate,1,1,0.19132,14187,41,10.9676,1314,1314,0,0.0021211,0.00249477,0,0,0.00432752,0,129,34,0.317829,0,0,0,1,0,0,0,0,0
1,bookshelf_thin,58,qpFreeEnvelope,1,1,0.0446869,1133,65,13.1197,732,732,0,0.00102337,0.00249477,0,0,0.0715083,0.960282,147,41,0.442177,0,0,0,0.016934,0.848485,0.134581,0,0,0
1,bookshelf_thin,58,qpEnvelope,1,1,0.00357764,202,15,13.2562,751,751,0,0.00273934,0.00249477,0,0,0.0841818,0.831683,4,4,3.75,0,0,0,0.153465,0.767327,0.0792079,202,56299,187
1,bookshelf_thin,65,isSafe,0,0,0,0,0,0,0,0,0,inf,inf,0,0,0,0,0,0,0,0,0,0,0,0,0,0,0,0
1,bookshelf_thin,65,qpFixed,0,0,0,0,0,0,0,0,0,inf,inf,0,0,0,0,0,0,0,0,0,0,0,0,0,0,0,0
1,bookshelf_thin,65,qpPlain,0,0,0,0,0,0,0,0,0,inf,inf,0,0,0,0,0,0,0,0,0,0,0,0,0,0,0,0
1,bookshelf_thin,65,qpAdaptive,0,0,0,0,0,0,0,0,0,inf,inf,0,0,0,0,0,0,0,0,0,0,0,0,0,0,0,0
1,bookshelf_thin,65,qpFreeGate,0,0,0,0,0,0,0,0,0,inf,inf,0,0,0,0,0,0,0,0,0,0,0,0,0,0,0,0
1,bookshelf_thin,65,qpFreeEnvelope,0,0,0,0,0,0,0,0,0,inf,inf,0,0,0,0,0,0,0,0,0,0,0,0,0,0,0,0
1,bookshelf_thin,65,qpEnvelope,0,0,0,0,0,0,0,0,0,inf,inf,0,0,0,0,0,0,0,0,0,0,0,0,0,0,0,0
1,bookshelf_thin,72,isSafe,1,1,0.0627578,6478,32,17.519,10,877,0,0.000971226,0.00249477,0,0,0,0,136,29,0.235294,0,0,0,0,0,0,0,0,0
1,bookshelf_thin,72,qpFixed,1,1,0.00607931,439,6,5.33738,440,440,0,0.000725212,0.00249477,0,0,0.012158,0,1,1,6,0,0,0,1,0,0,439,97378,208
1,bookshelf_thin,72,qpPlain,1,1,0.00686824,439,6,5.33738,440,440,0,0.000725212,0.00249477,0,0,0.012158,0,1,1,6,0,0,0,1,0,0,439,150577,439
1,bookshelf_thin,72,qpAdaptive,1,1,0.00329359,215,6,5.33993,358,358,0,0.000725212,0.00249477,0,0,0.0248369,0.167442,1,1,6,0,0,0,0.832558,0.153488,0.0139535,215,48828,199
1,bookshelf_thin,72,qpFreeGate,1,1,0.174057,12983,54,12.735,1128,1128,0,0.0014754,0.00249477,0,0,0.0063056,0,141,44,0.382979,0,0,0,1,0,0,0,0,0
1,bookshelf_thin,72,qpFreeEnvelope,1,1,0.0361782,882,57,11.0158,578,578,0,0.00136806,0.00249477,0,0,0.100505,0.968254,146,46,0.390411,0,0,0,0.00455581,0.854214,0.14123,0,0,0
1,bookshelf_thin,72,qpEnvelope,1,1,0.00275619,172,6,5.36034,335,335,0,0.000725212,0.00249477,0,0,0.0311648,0.0930233,1,1,6,0,0,0,0.906977,0.0755814,0.0174419,172,39059,164
1,bookshelf_thin,80,isSafe,1,1,0.444273,43844,201,20.3465,12,1019,0,0.00384764,0.00249477,0,0,0,0,1559,197,0.128929,0,0,0,0,0,0,0,0,0
1,bookshelf_thin,80,qpFixed,1,1,0.00880382,589,7,8.02818,590,590,0,0.00117779,0.00249477,0,0,0.0136302,0,1,1,7,0,0,0,1,0,0,589,158769,252
1,bookshelf_thin,80,qpPlain,1,1,0.00952369,589,7,8.02818,590,590,0,0.00117779,0.00249477,0,0,0.0136302,0,1,1,7,0,0,0,1,0,0,589,202027,589
1,bookshelf_thin,80,qpAdaptive,1,1,0.00447923,273,7,8.03025,534,534,0,0.00117699,0.00249477,0,0,0.0294149,0.208791,1,1,7,0,0,0,0.791209,0.197802,0.010989,273,69040,243
1,bookshelf_thin,80,qpFreeGate,1,1,2.02532,144621,307,20.8445,1562,1562,0,0.00384764,0.00249477,0,0,0.0036319,0,1559,303,0.196921,0,0,0,1,0,0,0,0,0
1,bookshelf_thin,80,qpFreeEnvelope,1,1,0.387902,9411,302,21.3404,1101,1101,0,0.00384764,0.00249477,0,0,0.0554135,0.95484,1559,298,0.193714,0,0,0,0.00594852,0.877028,0.117024,0,0,0
1,bookshelf_thin,80,qpEnvelope,1,1,0.0030435,176,7,8.03339,489,489,0,0.00112787,0.00249477,0,0,0.0456443,0.1875,1,1,7,0,0,0,0.8125,0.164773,0.0227273,176,44613,163
1,bookshelf_thin,87,isSafe,1,1,0.0504458,5209,27,16.1428,10,809,0,0.00297937,0.00249477,0,0,0,0,154,23,0.175325,0,0,0,0,0,0,0,0,0
1,bookshelf_thin,87,qpFixed,1,1,0.0344305,2291,19,16.5023,1174,1174,0,0.000531599,0.00249477,0,0,0.0118963,0,7,6,2.71429,0,0,0,1,0,0,2291,647470,1512
1,bookshelf_thin,87,qpPlain,1,1,0.0354917,2291,19,16.5023,1174,1174,0,0.000531599,0.00249477,0,0,0.0118963,0,7,6,2.71429,0,0,0,1,0,0,2291,785813,2291
1,bookshelf_thin,87,qpAdaptive,1,1,0.0192101,1176,19,16.5224,1001,1001,0,0.000531599,0.00249477,0,0,0.0231974,0.345238,7,6,2.71429,0,0,0,0.65051,0.335884,0.0136054,1176,341102,1071
1,bookshelf_thin,87,qpFreeGate,1,1,0.178955,13333,43,15.0463,1188,1188,0,0.00322584,0.00249477,0,0,0.00484565,0,154,35,0.279221,0,0,0,1,0,0,0,0,0
1,bookshelf_thin,87,qpFreeEnvelope,1,1,0.033625,812,40,15.142,784,784,0,0.00321187,0.00249477,0,0,0.078913,0.934729,154,34,0.25974,0,0,0,0.0124688,0.837905,0.149626,0,0,0
1,bookshelf_thin,87,qpEnvelope,1,1,0.0136537,777,19,16.6573,924,924,0,0.000531599,0.00249477,0,0,0.0352073,0.171171,7,6,2.71429,0,0,0,0.827542,0.150579,0.021879,777,224642,745
1,bookshelf_thin,94,isSafe,0,0,0,0,0,0,0,0,0,inf,inf,0,0,0,0,0,0,0,0,0,0,0,0,0,0,0,0
1,bookshelf_thin,94,qpFixed,0,0,0,0,0,0,0,0,0,inf,inf,0,0,0,0,0,0,0,0,0,0,0,0,0,0,0,0
1,bookshelf_thin,94,qpPlain,0,0,0,0,0,0,0,0,0,inf,inf,0,0,0,0,0,0,0,0,0,0,0,0,0,0,0,0
1,bookshelf_thin,94,qpAdaptive,0,0,0,0,0,0,0,0,0,inf,inf,0,0,0,0,0,0,0,0,0,0,0,0,0,0,0,0
1,bookshelf_thin,94,qpFreeGate,0,0,0,0,0,0,0,0,0,inf,inf,0,0,0,0,0,0,0,0,0,0,0,0,0,0,0,0
1,bookshelf_thin,94,qpFreeEnvelope,0,0,0,0,0,0,0,0,0,inf,inf,0,0,0,0,0,0,0,0,0,0,0,0,0,0,0,0
1,bookshelf_thin,94,qpEnvelope,0,0,0,0,0,0,0,0,0,inf,inf,0,0,0,0,0,0,0,0,0,0,0,0,0,0,0,0
1,table_under_pick,1,isSafe,0,0,0,0,0,0,0,0,0,inf,inf,0,0,0,0,0,0,0,0,0,0,0,0,0,0,0,0
1,table_under_pick,1,qpFixed,0,0,0,0,0,0,0,0,0,inf,inf,0,0,0,0,0,0,0,0,0,0,0,0,0,0,0,0
1,table_under_pick,1,qpPlain,0,0,0,0,0,0,0,0,0,inf,inf,0,0,0,0,0,0,0,0,0,0,0,0,0,0,0,0
1,table_under_pick,1,qpAdaptive,0,0,0,0,0,0,0,0,0,inf,inf,0,0,0,0,0,0,0,0,0,0,0,0,0,0,0,0
1,table_under_pick,1,qpFreeGate,0,0,0,0,0,0,0,0,0,inf,inf,0,0,0,0,0,0,0,0,0,0,0,0,0,0,0,0
1,table_under_pick,1,qpFreeEnvelope,0,0,0,0,0,0,0,0,0,inf,inf,0,0,0,0,0,0,0,0,0,0,0,0,0,0,0,0
1,table_under_pick,1,qpEnvelope,0,0,0,0,0,0,0,0,0,inf,inf,0,0,0,0,0,0,0,0,0,0,0,0,0,0,0,0
1,table_under_pick,8,isSafe,1,1,0.0114925,2079,12,13.9064,8,697,0,0.00152988,0.00249477,0,0,0,0,45,8,0.266667,0,0,0,0,0,0,0,0,0
1,table_under_pick,8,qpFixed,1,1,0.0874005,7675,51,17.1255,1545,1545,0,0.000464747,0.00249477,0,0,0.00980549,0,22,21,2.31818,0,0,0,1,0,0,7675,2158590,7112
1,table_under_pick,8,qpPlain,1,1,0.090577,7675,51,17.1255,1545,1545,0,0.000464747,0.00249477,0,0,0.00980549,0,22,21,2.31818,0,0,0,1,0,0,7675,2632525,7675
1,table_under_pick,8,qpAdaptive,1,1,0.064872,5195,53,17.1124,1276,1276,0,0.000438471,0.00249477,0,0,0.0146194,0.330895,22,21,2.40909,0,0,0,0.666153,0.326338,0.00750866,5195,1490811,5022
1,table_under_pick,8,qpFreeGate,1,1,0.0531235,5667,11,11.3548,948,948,0,0.00519288,0.00249477,0,0,0.0034622,0,44,6,0.25,0,0,0,1,0,0,0,0,0
1,table_under_pick,8,qpFreeEnvelope,1,1,0.031004,1282,47,17.5098,905,905,0,0.00519288,0.00249477,0,0,0.0607146,0.967239,157,37,0.299363,0,0,0,0.0149724,0.867612,0.117415,0,0,0
1,table_under_pick,8,qpEnvelope,1,1,0.0448134,3461,51,17.0701,1106,1106,0,0.000260787,0.00249477,0,0,0.0215306,0.232014,22,20,2.31818,0,0,0,0.766474,0.220809,0.0127168,3461,997194,3363
1,table_under_pick,15,isSafe,1,1,0.0257195,4644,24,16.6874,10,836,0,0.00245912,0.00249477,0,0,0,0,113,19,0.212389,0,0,0,0,0,0,0,0,0
1,table_under_pick,15,qpFixed,1,1,0.0130935,1202,14,11.0506,814,814,0,0.000311264,0.00249477,0,0,0.0116509,0,4,4,3.5,0,0,0,1,0,0,1202,309675,1096
1,table_under_pick,15,qpPlain,1,1,0.0139517,1202,14,11.0506,814,814,0,0.000311264,0.00249477,0,0,0.0116509,0,4,4,3.5,0,0,0,1,0,0,1202,412286,1202
1,table_under_pick,15,qpAdaptive,1,1,0.00831906,712,14,11.0518,721,721,0,0.000317468,0.00249477,0,0,0.0196828,0.376404,4,4,3.5,0,0,0,0.616573,0.372191,0.011236,712,176783,695
1,table_under_pick,15,qpFreeGate,1,1,0.135616,14560,27,18.6362,1697,1697,0,0.00477142,0.00249477,0,0,0.00330747,0,123,23,0.219512,0,0,0,1,0,0,0,0,0
1,table_under_pick,15,qpFreeEnvelope,1,1,0.0209114,910,25,15.7923,855,855,0,0.000138918,0.00249477,0,0,0.0419281,0.90989,123,20,0.203252,0,0,0,0.0608407,0.849558,0.0896018,0,0,0
1,table_under_pick,15,qpEnvelope,1,1,0.00535775,426,11,11.0984,674,674,0,0.000337227,0.00249477,0,0,0.0330921,0.361502,4,4,2.75,0,0,0,0.633803,0.349765,0.0164319,426,106082,421
1,table_under_pick,22,isSafe,1,1,0.0118237,1976,12,10.7821,7,541,0,0.00341874,0.00249477,0,0,0,0,32,8,0.375,0,0,0,0,0,0,0,0,0
1,table_under_pick,22,qpFixed,1,1,0.0225092,1961,21,18.1286,1517,1517,0,2.888e-05,0.00249477,0,0,0.0110048,0,5,5,4.2,0,0,0,1,0,0,1961,544330,1667
1,table_under_pick,22,qpPlain,1,1,0.0233863,1961,21,18.1286,1517,1517,0,2.888e-05,0.00249477,0,0,0.0110048,0,5,5,4.2,0,0,0,1,0,0,1961,672623,1961
1,table_under_pick,22,qpAdaptive,1,1,0.0160157,1298,20,18.131,1370,1370,0,2.88651e-05,0.00249477,0,0,0.0166267,0.347458,5,5,4,0,0,0,0.647149,0.342065,0.0107858,1298,350217,1238
1,table_under_pick,22,qpFreeGate,1,1,0.0399637,4058,15,10.8043,924,924,0,0.0034236,0.00249477,0,0,0.00563758,0,32,11,0.46875,0,0,0,1,0,0,0,0,0
1,table_under_pick,22,qpFreeEnvelope,1,1,0.00673255,251,15,10.9019,578,578,0,0.0034504,0.00249477,0,0,0.0920329,0.972112,32,11,0.46875,0,0,0,0.00806452,0.866935,0.125,0,0,0
1,table_under_pick,22,qpEnvelope,1,1,0.0102983,805,20,18.1307,1261,1261,0,2.84005e-05,0.00249477,0,0,0.0268709,0.269565,5,5,4,0,0,0,0.721739,0.257143,0.021118,805,214152,781
1,table_under_pick,29,isSafe,0,0,0,0,0,0,0,0,0,inf,inf,0,0,0,0,0,0,0,0,0,0,0,0,0,0,0,0
1,table_under_pick,29,qpFixed,0,0,0,0,0,0,0,0,0,inf,inf,0,0,0,0,0,0,0,0,0,0,0,0,0,0,0,0
1,table_under_pick,29,qpPlain,0,0,0,0,0,0,0,0,0,inf,inf,0,0,0,0,0,0,0,0,0,0,0,0,0,0,0,0
1,table_under_pick,29,qpAdaptive,0,0,0,0,0,0,0,0,0,inf,inf,0,0,0,0,0,0,0,0,0,0,0,0,0,0,0,0
1,table_under_pick,29,qpFreeGate,0,0,0,0,0,0,0,0,0,inf,inf,0,0,0,0,0,0,0,0,0,0,0,0,0,0,0,0
1,table_under_pick,29,qpFreeEnvelope,0,0,0,0,0,0,0,0,0,inf,inf,0,0,0,0,0,0,0,0,0,0,0,0,0,0,0,0
1,table_under_pick,29,qpEnvelope,0,0,0,0,0,0,0,0,0,inf,inf,0,0,0,0,0,0,0,0,0,0,0,0,0,0,0,0
1,table_under_pick,36,isSafe,1,1,0.00860934,1552,9,13.674,8,685,0,0.004995,0.00249477,0,0,0,0,29,5,0.310345,0,0,0,0,0,0,0,0,0
1,table_under_pick,36,qpFixed,1,1,0.00611265,640,10,8.84954,641,641,0,0.00475421,0.00249477,0,0,0.0138274,0,1,1,10,0,0,0,1,0,0,640,170469,139
1,table_under_pick,36,qpPlain,1,1,0.00692569,640,10,8.84954,641,641,0,0.00475421,0.00249477,0,0,0.0138274,0,1,1,10,0,0,0,1,0,0,640,219520,640
1,table_under_pick,36,qpAdaptive,1,1,0.00125507,115,10,8.85338,498,498,0,0.00475421,0.00249477,0,0,0.0769859,0.852174,1,1,10,0,0,0,0.121739,0.808696,0.0695652,115,34812,42
1,table_under_pick,36,qpFreeGate,1,1,0.127492,13626,30,11.3585,1047,1047,0,0.00308935,0.00249477,0,0,0.00357764,0,128,27,0.234375,0,0,0,1,0,0,0,0,0
1,table_under_pick,36,qpFreeEnvelope,1,1,0.0195135,799,18,11.5014,612,612,0,0.000435087,0.00249477,0,0,0.0462809,0.9199,128,15,0.140625,0,0,0,0.055207,0.83187,0.112923,0,0,0
1,table_under_pick,36,qpEnvelope,1,1,0.000689329,50,12,8.89863,470,470,0,0.00475421,0.00249477,0,0,0.177973,0.78,1,1,12,0,0,0,0.16,0.64,0.2,50,14942,22
1,table_under_pick,43,isSafe,0,0,0,0,0,0,0,0,0,inf,inf,0,0,0,0,0,0,0,0,0,0,0,0,0,0,0,0
1,table_under_pick,43,qpFixed,0,0,0,0,0,0,0,0,0,inf,inf,0,0,0,0,0,0,0,0,0,0,0,0,0,0,0,0
1,table_under_pick,43,qpPlain,0,0,0,0,0,0,0,0,0,inf,inf,0,0,0,0,0,0,0,0,0,0,0,0,0,0,0,0
1,table_under_pick,43,qpAdaptive,0,0,0,0,0,0,0,0,0,inf,inf,0,0,0,0,0,0,0,0,0,0,0,0,0,0,0,0
1,table_under_pick,43,qpFreeGate,0,0,0,0,0,0,0,0,0,inf,inf,0,0,0,0,0,0,0,0,0,0,0,0,0,0,0,0
1,table_under_pick,43,qpFreeEnvelope,0,0,0,0,0,0,0,0,0,inf,inf,0,0,0,0,0,0,0,0,0,0,0,0,0,0,0,0
1,table_under_pick,43,qpEnvelope,0,0,0,0,0,0,0,0,0,inf,inf,0,0,0,0,0,0,0,0,0,0,0,0,0,0,0,0
1,table_under_pick,50,isSafe,1,1,0.047294,8554,43,15.2282,9,763,0,0.00432232,0.00249477,0,0,0,0,296,40,0.14527,0,0,0,0,0,0,0,0,0
1,table_under_pick,50,qpFixed,1,1,0.0233775,2178,15,15.6548,1343,1343,0,0.00224585,0.00249477,0,0,0.0105373,0,6,6,2.5,0,0,0,1,0,0,2178,613352,1590
1,table_under_pick,50,qpPlain,1,1,0.0242233,2178,15,15.6548,1343,1343,0,0.00224585,0.00249477,0,0,0.0105373,0,6,6,2.5,0,0,0,1,0,0,2178,747054,2178
1,table_under_pick,50,qpAdaptive,1,1,0.0131291,1092,15,15.664,1083,1083,0,0.00222293,0.00249477,0,0,0.0210404,0.403846,6,6,2.5,0,0,0,0.593407,0.395604,0.010989,1092,315604,1022
1,table_under_pick,50,qpFreeGate,1,1,0.274083,29113,57,15.0976,1187,1187,0,0.00418037,0.00249477,0,0,0.00329403,0,296,53,0.192568,0,0,0,1,0,0,0,0,0
1,table_under_pick,50,qpFreeEnvelope,1,1,0.0473546,1923,55,16.4723,869,869,0,0.00417147,0.00249477,0,0,0.0499065,0.962038,296,52,0.185811,0,0,0,0.00948367,0.8804,0.110116,0,0,0
1,table_under_pick,50,qpEnvelope,1,1,0.00661719,498,15,15.7264,956,956,0,0.00293199,0.00249477,0,0,0.0465852,0.504016,6,6,2.5,0,0,0,0.491968,0.477912,0.0301205,498,141719,461
1,table_under_pick,57,isSafe,0,0,0,0,0,0,0,0,0,inf,inf,0,0,0,0,0,0,0,0,0,0,0,0,0,0,0,0
1,table_under_pick,57,qpFixed,0,0,0,0,0,0,0,0,0,inf,inf,0,0,0,0,0,0,0,0,0,0,0,0,0,0,0,0
1,table_under_pick,57,qpPlain,0,0,0,0,0,0,0,0,0,inf,inf,0,0,0,0,0,0,0,0,0,0,0,0,0,0,0,0
1,table_under_pick,57,qpAdaptive,0,0,0,0,0,0,0,0,0,inf,inf,0,0,0,0,0,0,0,0,0,0,0,0,0,0,0,0
1,table_under_pick,57,qpFreeGate,0,0,0,0,0,0,0,0,0,inf,inf,0,0,0,0,0,0,0,0,0,0,0,0,0,0,0,0
1,table_under_pick,57,qpFreeEnvelope,0,0,0,0,0,0,0,0,0,inf,inf,0,0,0,0,0,0,0,0,0,0,0,0,0,0,0,0
1,table_under_pick,57,qpEnvelope,0,0,0,0,0,0,0,0,0,inf,inf,0,0,0,0,0,0,0,0,0,0,0,0,0,0,0,0
1,table_under_pick,65,isSafe,0,0,0,0,0,0,0,0,0,inf,inf,0,0,0,0,0,0,0,0,0,0,0,0,0,0,0,0
1,table_under_pick,65,qpFixed,0,0,0,0,0,0,0,0,0,inf,inf,0,0,0,0,0,0,0,0,0,0,0,0,0,0,0,0
1,table_under_pick,65,qpPlain,0,0,0,0,0,0,0,0,0,inf,inf,0,0,0,0,0,0,0,0,0,0,0,0,0,0,0,0
1,table_under_pick,65,qpAdaptive,0,0,0,0,0,0,0,0,0,inf,inf,0,0,0,0,0,0,0,0,0,0,0,0,0,0,0,0
1,table_under_pick,65,qpFreeGate,0,0,0,0,0,0,0,0,0,inf,inf,0,0,0,0,0,0,0,0,0,0,0,0,0,0,0,0
1,table_under_pick,65,qpFreeEnvelope,0,0,0,0,0,0,0,0,0,inf,inf,0,0,0,0,0,0,0,0,0,0,0,0,0,0,0,0
1,table_under_pick,65,qpEnvelope,0,0,0,0,0,0,0,0,0,inf,inf,0,0,0,0,0,0,0,0,0,0,0,0,0,0,0,0
1,table_under_pick,72,isSafe,1,0,10.0001,1606050,15895,0,0,0,0,inf,inf,0,0,0,0,141975,15892,0.111956,0,0,0,0,0,0,0,0,0
1,table_under_pick,72,qpFixed,1,0,10.0031,885680,1811,0,0,0,0,inf,inf,0,0,0.00576775,0,3971,1705,0.456056,0,0,0,1,0,0,885680,263935318,842962
1,table_under_pick,72,qpPlain,1,0,10.0011,876137,1793,0,0,0,0,inf,inf,0,0,0.00577352,0,3925,1687,0.456815,0,0,0,1,0,0,876137,300514991,876137
1,table_under_pick,72,qpAdaptive,1,0,10.0018,822429,1859,0,0,0,0,inf,inf,0,0,0.0064036,0.0600198,4118,1751,0.451433,0,0,0,0.939713,0.0592746,0.00101286,822429,245593721,813024
1,table_under_pick,72,qpFreeGate,1,0,10.0004,1055998,1707,0,0,0,0,inf,inf,0,0,0.00251997,0,9346,1701,0.182645,0,0,0,1,0,0,0,0,0
1,table_under_pick,72,qpFreeEnvelope,1,0,10.0001,339913,18981,0,0,0,0,inf,inf,0,0,0.0553466,0.699903,120405,18977,0.157643,0,0,0,0.00226858,0.866977,0.130754,0,0,0
1,table_under_pick,72,qpEnvelope,1,0,10.0002,837523,1969,0,0,0,0,inf,inf,0,0,0.00667236,0.00785889,4427,1857,0.444771,0,0,0,0.99209,0.0068416,0.00106863,837523,249996084,834450
1,table_under_pick,79,isSafe,1,0,10,1606750,15908,0,0,0,0,inf,inf,0,0,0,0,142690,15906,0.111486,0,0,0,0,0,0,0,0,0
1,table_under_pick,79,qpFixed,1,0,10.0011,878334,1764,0,0,0,0,inf,inf,0,0,0.00573863,0,3901,1661,0.452192,0,0,0,1,0,0,878334,262540905,836003
1,table_under_pick,79,qpPlain,1,0,10.0026,841261,1701,0,0,0,0,inf,inf,0,0,0.00576115,0,3720,1598,0.457258,0,0,0,1,0,0,841261,288552523,841261
1,table_under_pick,79,qpAdaptive,1,0,10.0013,835071,1852,0,0,0,0,inf,inf,0,0,0.00633159,0.0550815,4125,1748,0.44897,0,0,0,0.944681,0.0543643,0.000954411,835071,250562880,826316
1,table_under_pick,79,qpFreeGate,1,0,10,1052149,1736,0,0,0,0,inf,inf,0,0,0.00251435,0,9613,1732,0.180589,0,0,0,1,0,0,0,0,0
1,table_under_pick,79,qpFreeEnvelope,1,0,10.0001,338121,18769,0,0,0,0,inf,inf,0,0,0.0554732,0.707149,118263,18765,0.158706,0,0,0,0.0023757,0.866403,0.131221,0,0,0
1,table_under_pick,79,qpEnvelope,1,0,10.0005,831324,1911,0,0,0,0,inf,inf,0,0,0.00660699,0.00700569,4305,1813,0.443902,0,0,0,0.992945,0.00602414,0.00103089,831324,249154660,828470
1,table_under_pick,86,isSafe,1,0,10,1606573,15911,0,0,0,0,inf,inf,0,0,0,0,141309,15909,0.112597,0,0,0,0,0,0,0,0,0
1,table_under_pick,86,qpFixed,1,0,10.0002,881168,1769,0,0,0,0,inf,inf,0,0,0.00579032,0,3945,1669,0.448416,0,0,0,1,0,0,881168,264273141,839762
1,table_under_pick,86,qpPlain,1,0,10.0034,845769,1713,0,0,0,0,inf,inf,0,0,0.00582873,0,3773,1613,0.454015,0,0,0,1,0,0,845769,290098767,845769
1,table_under_pick,86,qpAdaptive,1,0,10.0005,839403,1846,0,0,0,0,inf,inf,0,0,0.00637918,0.0584094,4185,1746,0.441099,0,0,0,0.941327,0.0577029,0.000969737,839403,252390972,829571
1,table_under_pick,86,qpFreeGate,1,0,10.0013,1054470,1767,0,0,0,0,inf,inf,0,0,0.00253688,0,9705,1764,0.182071,0,0,0,1,0,0,0,0,0
1,table_under_pick,86,qpFreeEnvelope,1,0,10.0001,340355,19200,0,0,0,0,inf,inf,0,0,0.0558467,0.700169,120077,19197,0.159897,0,0,0,0.00359163,0.866295,0.130113,0,0,0
1,table_under_pick,86,qpEnvelope,1,0,10.0001,834317,1896,0,0,0,0,inf,inf,0,0,0.00661835,0.00705128,4365,1789,0.434364,0,0,0,0.992906,0.00608165,0.00101281,834317,250809138,831176
1,table_under_pick,93,isSafe,1,0,10.0001,1605556,15868,0,0,0,0,inf,inf,0,0,0,0,148435,15865,0.106902,0,0,0,0,0,0,0,0,0
1,table_under_pick,93,qpFixed,1,0,10.0009,882220,1782,0,0,0,0,inf,inf,0,0,0.00573406,0,3934,1678,0.452974,0,0,0,1,0,0,882220,262861673,841799
1,table_under_pick,93,qpPlain,1,0,10.0009,842641,1705,0,0,0,0,inf,inf,0,0,0.00574936,0,3747,1601,0.455031,0,0,0,1,0,0,842641,289025863,842641
1,table_under_pick,93,qpAdaptive,1,0,10.0015,837334,1847,0,0,0,0,inf,inf,0,0,0.00631914,0.052875,4162,1743,0.443777,0,0,0,0.946859,0.0521704,0.00097094,837334,250414872,828952
1,table_under_pick,93,qpFreeGate,1,0,10.0006,1053833,1761,0,0,0,0,inf,inf,0,0,0.00255636,0,9837,1755,0.179018,0,0,0,1,0,0,0,0,0
1,table_under_pick,93,qpFreeEnvelope,1,0,10,344821,18505,0,0,0,0,inf,inf,0,0,0.0538249,0.707042,120263,18501,0.153871,0,0,0,0.00348518,0.867079,0.129436,0,0,0
1,table_under_pick,93,qpEnvelope,1,0,10.0006,833225,1904,0,0,0,0,inf,inf,0,0,0.0065813,0.00821267,4326,1796,0.440129,0,0,0,0.991743,0.00725374,0.00100333,833225,248805208,830491
1,table_under_pick,100,isSafe,1,1,0.0232107,4195,22,17.5045,10,877,0,0.00153231,0.00249477,0,0,0,0,111,17,0.198198,0,0,0,0,0,0,0,0,0
1,table_under_pick,100,qpFixed,1,1,0.0600497,5209,41,9.12989,829,829,0,0.000373326,0.00249477,0,0,0.00967834,0,17,16,2.41176,0,0,0,1,0,0,5209,1496108,5085
1,table_under_pick,100,qpPlain,1,1,0.0630328,5209,41,9.12989,829,829,0,0.000373326,0.00249477,0,0,0.00967834,0,17,16,2.41176,0,0,0,1,0,0,5209,1786687,5209
1,table_under_pick,100,qpAdaptive,1,1,0.0376668,3090,41,9.11574,657,657,0,0.000367647,0.00249477,0,0,0.0163791,0.384142,17,16,2.41176,0,0,0,0.612621,0.377346,0.0100324,3090,889968,3048
1,table_under_pick,100,qpFreeGate,1,1,0.100093,10603,30,20.4364,1998,1998,0,0.00183276,0.00249477,0,0,0.00420367,0,90,25,0.333333,0,0,0,1,0,0,0,0,0
1,table_under_pick,100,qpFreeEnvelope,1,1,0.0249952,1010,44,14.9215,801,801,0,0.000962342,0.00249477,0,0,0.0605915,0.949505,138,38,0.318841,0,0,0,0.0238332,0.855015,0.121152,0,0,0
1,table_under_pick,100,qpEnvelope,1,1,0.0262609,2031,40,9.10749,592,592,0,0.000360688,0.00249477,0,0,0.0250529,0.286066,17,16,2.35294,0,0,0,0.710487,0.271295,0.0182176,2031,577718,2012
1,bookshelf_small,7,isSafe,1,1,0.0123972,3247,18,19.5319,11,978,0,0.00472489,0.00249477,0,0,0,0,56,14,0.321429,0,0,0,0,0,0,0,0,0
1,bookshelf_small,7,qpFixed,1,1,0.0618084,6519,40,16.5247,1378,1378,0,0.000639434,0.00249477,0,0,0.00963792,0,23,18,1.73913,0,0,0,1,0,0,6519,1745875,5531
1,bookshelf_small,7,qpPlain,1,1,0.0684378,6519,40,16.5247,1378,1378,0,0.000639434,0.00249477,0,0,0.00963792,0,23,18,1.73913,0,0,0,1,0,0,6519,2236017,6519
1,bookshelf_small,7,qpAdaptive,1,1,0.0492742,4767,40,16.5389,1213,1213,0,0.000610629,0.00249477,0,0,0.0131976,0.27082,23,18,1.73913,0,0,0,0.727082,0.267883,0.00503461,4767,1300911,4549
1,bookshelf_small,7,qpFreeGate,1,1,0.0454907,5876,21,15.2516,1727,1727,0,0.000157331,0.00249477,0,0,0.00514739,0,38,15,0.552632,0,0,0,1,0,0,0,0,0
1,bookshelf_small,7,qpFreeEnvelope,1,1,0.00684956,379,21,12.5046,669,669,0,0.00238357,0.00249477,0,0,0.0769401,0.960422,34,14,0.617647,0,0,0,0.0237467,0.85752,0.118734,0,0,0
1,bookshelf_small,7,qpEnvelope,1,1,0.0276245,2436,35,11.7681,652,652,1,-0.00059661,0.00249477,0,0,0.0223909,0.232348,19,15,1.84211,0,0,0,0.76642,0.220443,0.0131363,2436,666445,2375
1,bookshelf_small,15,isSafe,0,0,0,0,0,0,0,0,0,inf,inf,0,0,0,0,0,0,0,0,0,0,0,0,0,0,0,0
1,bookshelf_small,15,qpFixed,0,0,0,0,0,0,0,0,0,inf,inf,0,0,0,0,0,0,0,0,0,0,0,0,0,0,0,0
1,bookshelf_small,15,qpPlain,0,0,0,0,0,0,0,0,0,inf,inf,0,0,0,0,0,0,0,0,0,0,0,0,0,0,0,0
1,bookshelf_small,15,qpAdaptive,0,0,0,0,0,0,0,0,0,inf,inf,0,0,0,0,0,0,0,0,0,0,0,0,0,0,0,0
1,bookshelf_small,15,qpFreeGate,0,0,0,0,0,0,0,0,0,inf,inf,0,0,0,0,0,0,0,0,0,0,0,0,0,0,0,0
1,bookshelf_small,15,qpFreeEnvelope,0,0,0,0,0,0,0,0,0,inf,inf,0,0,0,0,0,0,0,0,0,0,0,0,0,0,0,0
1,bookshelf_small,15,qpEnvelope,0,0,0,0,0,0,0,0,0,inf,inf,0,0,0,0,0,0,0,0,0,0,0,0,0,0,0,0
1,bookshelf_small,23,isSafe,0,0,0,0,0,0,0,0,0,inf,inf,0,0,0,0,0,0,0,0,0,0,0,0,0,0,0,0
1,bookshelf_small,23,qpFixed,0,0,0,0,0,0,0,0,0,inf,inf,0,0,0,0,0,0,0,0,0,0,0,0,0,0,0,0
1,bookshelf_small,23,qpPlain,0,0,0,0,0,0,0,0,0,inf,inf,0,0,0,0,0,0,0,0,0,0,0,0,0,0,0,0
1,bookshelf_small,23,qpAdaptive,0,0,0,0,0,0,0,0,0,inf,inf,0,0,0,0,0,0,0,0,0,0,0,0,0,0,0,0
1,bookshelf_small,23,qpFreeGate,0,0,0,0,0,0,0,0,0,inf,inf,0,0,0,0,0,0,0,0,0,0,0,0,0,0,0,0
1,bookshelf_small,23,qpFreeEnvelope,0,0,0,0,0,0,0,0,0,inf,inf,0,0,0,0,0,0,0,0,0,0,0,0,0,0,0,0
1,bookshelf_small,23,qpEnvelope,0,0,0,0,0,0,0,0,0,inf,inf,0,0,0,0,0,0,0,0,0,0,0,0,0,0,0,0
1,bookshelf_small,31,isSafe,1,1,0.0351998,9203,47,10.5398,7,528,0,0.000415511,0.00249477,0,0,0,0,198,43,0.237374,0,0,0,0,0,0,0,0,0
1,bookshelf_small,31,qpFixed,1,1,0.00437209,543,7,8.41277,544,544,0,0.00527482,0.00249477,0,0,0.0154931,0,1,1,7,0,0,0,1,0,0,543,143340,187
1,bookshelf_small,31,qpPlain,1,1,0.00502204,543,7,8.41277,544,544,0,0.00527482,0.00249477,0,0,0.0154931,0,1,1,7,0,0,0,1,0,0,543,186249,543
1,bookshelf_small,31,qpAdaptive,1,1,0.0016612,169,7,8.41371,497,497,0,0.00527522,0.00249477,0,0,0.0497853,0.692308,1,1,7,0,0,0,0.301775,0.668639,0.0295858,169,52468,110
1,bookshelf_small,31,qpFreeGate,1,1,0.118154,15057,43,14.9343,1737,1737,0,0.000693271,0.00249477,0,0,0.00424896,0,96,30,0.447917,0,0,0,1,0,0,0,0,0
1,bookshelf_small,31,qpFreeEnvelope,1,1,0.017556,968,44,15.9507,877,877,0,0.000342807,0.00249477,0,0,0.0691629,0.948347,99,33,0.444444,0,0,0,0.0434783,0.84265,0.113872,0,0,0
1,bookshelf_small,31,qpEnvelope,1,1,0.000937529,74,7,8.42022,454,454,0,0.00527523,0.00249477,0,0,0.113787,0.418919,1,1,7,0,0,0,0.581081,0.351351,0.0675676,74,23595,61
1,bookshelf_small,38,isSafe,0,0,0,0,0,0,0,0,0,inf,inf,0,0,0,0,0,0,0,0,0,0,0,0,0,0,0,0
1,bookshelf_small,38,qpFixed,0,0,0,0,0,0,0,0,0,inf,inf,0,0,0,0,0,0,0,0,0,0,0,0,0,0,0,0
1,bookshelf_small,38,qpPlain,0,0,0,0,0,0,0,0,0,inf,inf,0,0,0,0,0,0,0,0,0,0,0,0,0,0,0,0
1,bookshelf_small,38,qpAdaptive,0,0,0,0,0,0,0,0,0,inf,inf,0,0,0,0,0,0,0,0,0,0,0,0,0,0,0,0
1,bookshelf_small,38,qpFreeGate,0,0,0,0,0,0,0,0,0,inf,inf,0,0,0,0,0,0,0,0,0,0,0,0,0,0,0,0
1,bookshelf_small,38,qpFreeEnvelope,0,0,0,0,0,0,0,0,0,inf,inf,0,0,0,0,0,0,0,0,0,0,0,0,0,0,0,0
1,bookshelf_small,38,qpEnvelope,0,0,0,0,0,0,0,0,0,inf,inf,0,0,0,0,0,0,0,0,0,0,0,0,0,0,0,0
1,bookshelf_small,45,isSafe,1,1,0.0867213,19574,95,19.8541,12,994,0,0.00556794,0.00249477,0,0,0,0,644,90,0.147516,0,0,0,0,0,0,0,0,0
1,bookshelf_small,45,qpFixed,1,1,0.00800005,833,7,7.7583,701,701,0,0.00215328,0.00249477,0,0,0.0101412,0,2,2,3.5,0,0,0,1,0,0,833,246315,451
1,bookshelf_small,45,qpPlain,1,1,0.00806013,833,7,7.7583,701,701,0,0.00215328,0.00249477,0,0,0.0101412,0,2,2,3.5,0,0,0,1,0,0,833,285719,833
1,bookshelf_small,45,qpAdaptive,1,1,0.00403098,373,7,7.78171,514,514,0,0.00211437,0.00249477,0,0,0.0227089,0.233244,2,2,3.5,0,0,0,0.766756,0.22252,0.0107239,373,118873,333
1,bookshelf_small,45,qpFreeGate,1,1,0.587456,70913,140,16.1236,1699,1699,0,0.00203341,0.00249477,0,0,0.00353319,0,644,133,0.217391,0,0,0,1,0,0,0,0,0
1,bookshelf_small,45,qpFreeEnvelope,1,1,0.095062,4766,141,17.8304,971,971,0,0.000273262,0.00249477,0,0,0.0524984,0.937684,656,136,0.214939,0,0,0,0.0270847,0.862231,0.110685,0,0,0
1,bookshelf_small,45,qpEnvelope,1,1,0.00312748,269,7,7.80971,479,479,0,0.00184125,0.00249477,0,0,0.0316558,0.197026,2,2,3.5,0,0,0,0.802974,0.182156,0.0148699,269,85748,249
1,bookshelf_small,52,isSafe,1,1,0.0161567,4233,23,10.3854,7,521,0,0.00207592,0.00249477,0,0,0,0,94,19,0.244681,0,0,0,0,0,0,0,0,0
1,bookshelf_small,52,qpFixed,1,1,0.00573708,691,7,7.87324,692,692,0,0.00131964,0.00249477,0,0,0.011394,0,1,1,7,0,0,0,1,0,0,691,181282,241
1,bookshelf_small,52,qpPlain,1,1,0.00661311,691,7,7.87324,692,692,0,0.00131964,0.00249477,0,0,0.011394,0,1,1,7,0,0,0,1,0,0,691,237013,691
1,bookshelf_small,52,qpAdaptive,1,1,0.00279187,282,7,7.87318,547,547,0,0.00131964,0.00249477,0,0,0.0279191,0.138298,1,1,7,0,0,0,0.858156,0.12766,0.0141844,282,74269,240
1,bookshelf_small,52,qpFreeGate,1,1,0.0643763,8372,34,12.6677,991,991,0,0.00207592,0.00249477,0,0,0.00547208,0,90,27,0.377778,0,0,0,1,0,0,0,0,0
1,bookshelf_small,52,qpFreeEnvelope,1,1,0.0110472,567,33,12.6078,668,668,0,0.000640292,0.00249477,0,0,0.0852303,0.959436,90,28,0.366667,0,0,0,0.0141844,0.859929,0.125887,0,0,0
1,bookshelf_small,52,qpEnvelope,1,1,0.0019032,175,7,7.84271,479,479,0,0.00131964,0.00249477,0,0,0.0448155,0.171429,1,1,7,0,0,0,0.828571,0.148571,0.0228571,175,46927,161
1,bookshelf_small,59,isSafe,0,0,0,0,0,0,0,0,0,inf,inf,0,0,0,0,0,0,0,0,0,0,0,0,0,0,0,0
1,bookshelf_small,59,qpFixed,0,0,0,0,0,0,0,0,0,inf,inf,0,0,0,0,0,0,0,0,0,0,0,0,0,0,0,0
1,bookshelf_small,59,qpPlain,0,0,0,0,0,0,0,0,0,inf,inf,0,0,0,0,0,0,0,0,0,0,0,0,0,0,0,0
1,bookshelf_small,59,qpAdaptive,0,0,0,0,0,0,0,0,0,inf,inf,0,0,0,0,0,0,0,0,0,0,0,0,0,0,0,0
1,bookshelf_small,59,qpFreeGate,0,0,0,0,0,0,0,0,0,inf,inf,0,0,0,0,0,0,0,0,0,0,0,0,0,0,0,0
1,bookshelf_small,59,qpFreeEnvelope,0,0,0,0,0,0,0,0,0,inf,inf,0,0,0,0,0,0,0,0,0,0,0,0,0,0,0,0
1,bookshelf_small,59,qpEnvelope,0,0,0,0,0,0,0,0,0,inf,inf,0,0,0,0,0,0,0,0,0,0,0,0,0,0,0,0
1,bookshelf_small,66,isSafe,1,1,0.00398815,901,7,8.61387,6,432,0,0.00252033,0.00249477,0,0,0,0,5,3,1.4,0,0,0,0,0,0,0,0,0
1,bookshelf_small,66,qpFixed,1,1,0.00342119,399,6,6.32036,400,400,0,0.00252033,0.00249477,0,0,0.0158405,0,1,1,6,0,0,0,1,0,0,399,102533,115
1,bookshelf_small,66,qpPlain,1,1,0.00378407,399,6,6.32036,400,400,0,0.00252033,0.00249477,0,0,0.0158405,0,1,1,6,0,0,0,1,0,0,399,136857,399
1,bookshelf_small,66,qpAdaptive,1,1,0.00146947,145,6,6.32027,369,369,0,0.00252033,0.00249477,0,0,0.043588,0.351724,1,1,6,0,0,0,0.641379,0.331034,0.0275862,145,38724,111
1,bookshelf_small,66,qpFreeGate,1,1,0.00885904,1089,7,8.66599,722,722,0,0.00252033,0.00249477,0,0,0.00836772,0,5,3,1.4,0,0,0,1,0,0,0,0,0
1,bookshelf_small,66,qpFreeEnvelope,1,1,0.00152325,81,7,8.66139,449,449,0,0.00252033,0.00249477,0,0,0.112995,0.839506,5,3,1.4,0,0,0,0.160494,0.728395,0.111111,0,0,0
1,bookshelf_small,66,qpEnvelope,1,1,0.000881196,68,6,6.32215,346,346,0,0.00252033,0.00249477,0,0,0.0929728,0.294118,1,1,6,0,0,0,0.705882,0.235294,0.0588235,68,18965,58
1,bookshelf_small,73,isSafe,1,1,0.0223736,5865,29,15.065,9,755,0,0.000219578,0.00249477,0,0,0,0,114,25,0.254386,0,0,0,0,0,0,0,0,0
1,bookshelf_small,73,qpFixed,1,1,0.00373232,468,6,6.25238,469,469,0,0.000297215,0.00249477,0,0,0.0133598,0,1,1,6,0,0,0,1,0,0,468,113523,223
1,bookshelf_small,73,qpPlain,1,1,0.00423555,468,6,6.25238,469,469,0,0.000297215,0.00249477,0,0,0.0133598,0,1,1,6,0,0,0,1,0,0,468,160524,468
1,bookshelf_small,73,qpAdaptive,1,1,0.00221972,245,6,6.25241,407,407,0,0.000297215,0.00249477,0,0,0.02552,0.17551,1,1,6,0,0,0,0.82449,0.163265,0.0122449,245,59247,220
1,bookshelf_small,73,qpFreeGate,1,1,0.110046,14311,52,19.1163,1546,1546,0,0.0020101,0.00249477,0,0,0.0059633,0,161,46,0.322981,0,0,0,1,0,0,0,0,0
1,bookshelf_small,73,qpFreeEnvelope,1,1,0.0173971,867,51,10.442,540,540,0,0.00208675,0.00249477,0,0,0.101405,0.93887,162,47,0.314815,0,0,0,0.0116279,0.84186,0.146512,0,0,0
1,bookshelf_small,73,qpEnvelope,1,1,0.00185162,187,6,6.25309,392,392,0,0.000297215,0.00249477,0,0,0.033439,0.171123,1,1,6,0,0,0,0.828877,0.149733,0.0213904,187,44828,179
1,bookshelf_small,80,isSafe,1,1,0.0557335,14586,71,19.2173,11,962,0,0.000898182,0.00249477,0,0,0,0,530,68,0.133962,0,0,0,0,0,0,0,0,0
1,bookshelf_small,80,qpFixed,1,1,0.00673022,675,10,8.62028,676,676,0,0.000330773,0.00249477,0,0,0.0127708,0,1,1,10,0,0,0,1,0,0,675,191962,624
1,bookshelf_small,80,qpPlain,1,1,0.00676755,675,10,8.62028,676,676,0,0.000330773,0.00249477,0,0,0.0127708,0,1,1,10,0,0,0,1,0,0,675,231525,675
1,bookshelf_small,80,qpAdaptive,1,1,0.00605579,580,12,12.2401,861,861,44,-0.00107458,0.00249477,0,0,0.0212753,0.317241,2,2,6,0,0,0,0.67931,0.305172,0.0155172,580,170345,552
1,bookshelf_small,80,qpFreeGate,1,1,0.142762,18404,46,17.8593,1878,1878,0,0.00202746,0.00249477,0,0,0.00383799,0,144,34,0.319444,0,0,0,1,0,0,0,0,0
1,bookshelf_small,80,qpFreeEnvelope,1,1,0.0682098,3876,111,15.4039,838,838,0,3.79777e-05,0.00249477,0,0,0.052589,0.900929,530,101,0.209434,0,0,0,0.0559039,0.844828,0.0992685,0,0,0
1,bookshelf_small,80,qpEnvelope,1,1,0.00364439,320,11,12.3111,758,758,59,-0.000372226,0.00249477,0,0,0.0388868,0.35625,2,2,5.5,0,0,0,0.64375,0.328125,0.028125,320,94931,310
1,bookshelf_small,87,isSafe,1,1,0.00327895,743,6,7.36423,5,370,0,0.00247735,0.00249477,0,0,0,0,3,2,2,0,0,0,0,0,0,0,0,0
1,bookshelf_small,87,qpFixed,1,1,0.00396722,455,7,6.27208,456,456,0,0.00247735,0.00249477,0,0,0.0137848,0,1,1,7,0,0,0,1,0,0,455,105086,302
1,bookshelf_small,87,qpPlain,1,1,0.00442376,455,7,6.27208,456,456,0,0.00247735,0.00249477,0,0,0.0137848,0,1,1,7,0,0,0,1,0,0,455,156065,455
1,bookshelf_small,87,qpAdaptive,1,1,0.00205234,219,7,6.28295,412,412,0,0.00247735,0.00249477,0,0,0.0286893,0.579909,1,1,7,0,0,0,0.410959,0.56621,0.0228311,219,52121,176
1,bookshelf_small,87,qpFreeGate,1,1,0.00655241,820,7,7.32005,608,608,0,0.00247735,0.00249477,0,0,0.00919961,0,3,2,2.33333,0,0,0,1,0,0,0,0,0
1,bookshelf_small,87,qpFreeEnvelope,1,1,0.000954468,46,7,7.21092,380,380,0,0.00247735,0.00249477,0,0,0.160116,0.956522,3,2,2.33333,0,0,0,0.0434783,0.804348,0.152174,0,0,0
1,bookshelf_small,87,qpEnvelope,1,1,0.000801364,66,7,6.33507,346,346,0,0.00247735,0.00249477,0,0,0.0959858,0.69697,1,1,7,0,0,0,0.287879,0.636364,0.0757576,66,16701,50
1,bookshelf_small,95,isSafe,1,1,0.0866218,22618,112,25.4353,14,1273,0,0.00339565,0.00249477,0,0,0,0,870,109,0.128736,0,0,0,0,0,0,0,0,0
1,bookshelf_small,95,qpFixed,1,1,0.0643574,6154,36,23.6282,2148,2148,148,-0.00432214,0.00249477,0,0,0.00904321,0,22,16,1.63636,0,0,0,1,0,0,6154,1867726,5355
1,bookshelf_small,95,qpPlain,1,1,0.0627143,6154,36,23.6282,2148,2148,148,-0.00432214,0.00249477,0,0,0.00904321,0,22,16,1.63636,0,0,0,1,0,0,6154,2110822,6154
1,bookshelf_small,95,qpAdaptive,1,1,0.0437058,3920,35,23.6302,1852,1852,148,-0.00429906,0.00249477,0,0,0.0142024,0.3375,22,16,1.59091,0,0,0,0.660204,0.332398,0.00739796,3920,1211402,3800
1,bookshelf_small,95,qpFreeGate,1,1,0.630761,80531,158,21.9214,2392,2392,0,0.000525468,0.00249477,0,0,0.00345025,0,672,150,0.235119,0,0,0,1,0,0,0,0,0
1,bookshelf_small,95,qpFreeEnvelope,1,1,0.0960183,4919,172,17.776,931,931,0,0.00296334,0.00249477,0,0,0.0621008,0.960968,800,163,0.215,0,0,0,0.00720609,0.851554,0.141239,0,0,0
1,bookshelf_small,95,qpEnvelope,1,1,0.0296552,2423,37,23.3362,1528,1528,146,-0.00432526,0.00249477,0,0,0.0231301,0.262485,22,16,1.68182,0,0,0,0.735452,0.248452,0.0160957,2423,752834,2375
1,box,2,isSafe,1,1,0.017097,4661,25,16.8348,10,843,0,0.00255223,0.00249477,0,0,0,0,122,20,0.204918,0,0,0,0,0,0,0,0,0
1,box,2,qpFixed,1,1,0.00672785,733,16,7.65364,597,597,0,0.00199291,0.00249477,0,0,0.0112349,0,2,2,8,0,0,0,1,0,0,733,205832,460
1,box,2,qpPlain,1,1,0.00686233,733,16,7.65364,597,597,0,0.00199291,0.00249477,0,0,0.0112349,0,2,2,8,0,0,0,1,0,0,733,251419,733
1,box,2,qpAdaptive,1,1,0.00473675,464,18,14.3599,883,883,0,0.00182893,0.00249477,0,0,0.0322247,0.631466,4,4,4.5,0,0,0,0.353448,0.607759,0.0387931,464,136399,410
1,box,2,qpFreeGate,1,1,0.239028,32283,80,22.4805,2243,2243,0,0.0092253,0.00249477,0,0,0.00410915,0,229,70,0.349345,0,0,0,1,0,0,0,0,0
1,box,2,qpFreeEnvelope,1,1,0.0344295,1903,87,17.0234,921,921,0,0.000464439,0.00249477,0,0,0.0712276,0.936942,278,75,0.31295,0,0,0,0.0291932,0.852972,0.117834,0,0,0
1,box,2,qpEnvelope,1,1,0.0017916,147,14,7.64384,433,433,0,0.00150143,0.00249477,0,0,0.0559145,0.646259,2,2,7,0,0,0,0.326531,0.591837,0.0816327,147,43567,135
1,box,9,isSafe,1,1,0.0261878,6070,32,12.0151,8,602,0,0.067568,0.00249477,0,0,0,0,151,28,0.211921,0,0,0,0,0,0,0,0,0
1,box,9,qpFixed,1,1,0.00387373,423,7,5.66277,424,424,0,0.0031379,0.00249477,0,0,0.0133872,0,1,1,7,0,0,0,1,0,0,423,120547,198
1,box,9,qpPlain,1,1,0.00398235,423,7,5.66277,424,424,0,0.0031379,0.00249477,0,0,0.0133872,0,1,1,7,0,0,0,1,0,0,423,145089,423
1,box,9,qpAdaptive,1,1,0.0015694,156,6,5.66789,346,346,0,0.00308957,0.00249477,0,0,0.0363326,0.49359,1,1,6,0,0,0,0.5,0.480769,0.0192308,156,46344,127
1,box,9,qpFreeGate,1,1,0.141769,17822,50,10.451,988,988,0,0.00429884,0.00249477,0,0,0.00429131,0,123,40,0.406504,0,0,0,1,0,0,0,0,0
1,box,9,qpFreeEnvelope,1,1,0.0185132,939,48,11.1086,650,650,0,0.000617198,0.00249477,0,0,0.074919,0.926518,123,37,0.390244,0,0,0,0.0495156,0.83423,0.116254,0,0,0
1,box,9,qpEnvelope,1,1,0.000909216,73,6,5.66836,317,317,0,0.00279396,0.00249477,0,0,0.0776488,0.561644,1,1,6,0,0,0,0.424658,0.520548,0.0547945,73,21697,58
1,box,16,isSafe,1,1,0.0102024,2791,15,15.7723,9,790,0,0.0209336,0.00249477,0,0,0,0,62,11,0.241935,0,0,0,0,0,0,0,0,0
1,box,16,qpFixed,1,1,0.00480201,607,7,8.09951,608,608,0,0.026269,0.00249477,0,0,0.0133435,0,1,1,7,0,0,0,1,0,0,607,151106,163
1,box,16,qpPlain,1,1,0.00531486,607,7,8.09951,608,608,0,0.026269,0.00249477,0,0,0.0133435,0,1,1,7,0,0,0,1,0,0,607,208201,607
1,box,16,qpAdaptive,1,1,0.000695719,79,7,8.09933,442,442,0,0.0251877,0.00249477,0,0,0.102523,0.974684,1,1,7,0,0,0,0,0.936709,0.0632911,79,19863,39
1,box,16,qpFreeGate,1,1,0.336114,45699,85,11.9631,1298,1298,0,0.00153552,0.00249477,0,0,0.00337995,0,344,77,0.247093,0,0,0,1,0,0,0,0,0
1,box,16,qpFreeEnvelope,1,1,0.0535745,2966,105,21.0422,1091,1091,0,0.00154302,0.00249477,0,0,0.0610963,0.92178,455,93,0.230769,0,0,0,0.0442027,0.844611,0.111187,0,0,0
1,box,16,qpEnvelope,1,1,0.000450807,33,7,8.0927,422,422,0,0.0250925,0.00249477,0,0,0.245233,1,1,1,7,0,0,0,0,0.848485,0.151515,33,8319,18
1,box,23,isSafe,1,1,0.00592146,1634,10,9.94883,6,499,0,0.0549019,0.00249477,0,0,0,0,14,6,0.714286,0,0,0,0,0,0,0,0,0
1,box,23,qpFixed,1,1,0.0386495,4136,27,7.60474,590,590,0,0.00212858,0.00249477,0,0,0.00977897,0,12,11,2.25,0,0,0,1,0,0,4136,1085121,3538
1,box,23,qpPlain,1,1,0.0405245,4136,27,7.60474,590,590,0,0.00212858,0.00249477,0,0,0.00977897,0,12,11,2.25,0,0,0,1,0,0,4136,1418648,4136
1,box,23,qpAdaptive,1,1,0.0270887,2711,27,7.60922,442,442,0,0.00194087,0.00249477,0,0,0.0149631,0.254887,12,11,2.25,0,0,0,0.743268,0.251199,0.00553301,2711,722984,2627
1,box,23,qpFreeGate,1,1,0.0695318,9376,33,14.2633,1544,1544,0,0.00295522,0.00249477,0,0,0.00496386,0,54,23,0.611111,0,0,0,1,0,0,0,0,0
1,box,23,qpFreeEnvelope,1,1,0.00853892,474,34,12.6941,653,653,0,0.00662684,0.00249477,0,0,0.0934921,0.873418,54,23,0.62963,0,0,0,0.1,0.776596,0.123404,0,0,0
1,box,23,qpEnvelope,1,1,0.020115,1877,26,7.61844,420,420,0,0.00155822,0.00249477,0,0,0.0216518,0.207778,12,11,2.16667,0,0,0,0.790623,0.199787,0.00958977,1877,508299,1836
1,box,30,isSafe,1,1,0.00238433,552,5,5.47083,4,275,0,0.0513942,0.00249477,0,0,0,0,1,1,5,0,0,0,0,0,0,0,0,0
1,box,30,qpFixed,1,1,0.00365648,442,5,5.47117,443,443,0,0.0491275,0.00249477,0,0,0.0123782,0,1,1,5,0,0,0,1,0,0,442,114732,28
1,box,30,qpPlain,1,1,0.00399798,442,5,5.47117,443,443,0,0.0491275,0.00249477,0,0,0.0123782,0,1,1,5,0,0,0,1,0,0,442,151606,442
1,box,30,qpAdaptive,1,1,0.000362429,40,5,5.4712,292,292,0,0.0490393,0.00249477,0,0,0.13678,1,1,1,5,0,0,0,0,0.925,0.075,40,11128,5
1,box,30,qpFreeGate,1,1,0.00353786,448,5,5.47098,449,449,0,0.0513932,0.00249477,0,0,0.012212,0,1,1,5,0,0,0,1,0,0,0,0,0
1,box,30,qpFreeEnvelope,1,1,0.000371115,16,5,5.47098,283,283,0,0.0513933,0.00249477,0,0,0.341936,1,1,1,5,0,0,0,0,0.8125,0.1875,0,0,0
1,box,30,qpEnvelope,1,1,0.000232984,16,5,5.47124,281,281,0,0.0484935,0.00249477,0,0,0.341953,1,1,1,5,0,0,0,0,0.8125,0.1875,16,4374,2
1,box,37,isSafe,1,1,0.0472263,12870,66,11.6878,8,586,0,0.0276113,0.00249477,0,0,0,0,392,62,0.168367,0,0,0,0,0,0,0,0,0
1,box,37,qpFixed,1,1,0.0041036,522,6,5.42195,523,523,0,0.00714721,0.00249477,0,0,0.0103869,0,1,1,6,0,0,0,1,0,0,522,129037,153
1,box,37,qpPlain,1,1,0.00458244,522,6,5.42195,523,523,0,0.00714721,0.00249477,0,0,0.0103869,0,1,1,6,0,0,0,1,0,0,522,179046,522
1,box,37,qpAdaptive,1,1,0.000977435,101,6,5.41982,319,319,0,0.00695362,0.00249477,0,0,0.0536616,0.841584,1,1,6,0,0,0,0.158416,0.80198,0.039604,101,28401,78
1,box,37,qpFreeGate,1,1,0.0543205,7279,22,13.5431,1423,1423,0,0.00712127,0.00249477,0,0,0.00428184,0,43,15,0.511628,0,0,0,1,0,0,0,0,0
1,box,37,qpFreeEnvelope,1,1,0.0080533,499,24,14.0839,754,754,0,0.00030558,0.00249477,0,0,0.0623468,0.8998,43,16,0.55814,0,0,0,0.0748988,0.827935,0.097166,0,0,0
1,box,37,qpEnvelope,1,1,0.000524929,40,6,5.416,291,291,0,0.00590625,0.00249477,0,0,0.1354,0.9,1,1,6,0,0,0,0.1,0.8,0.1,40,11341,29
1,box,44,isSafe,1,1,0.0114955,3162,18,16.5186,10,827,0,0.00944662,0.00249477,0,0,0,0,38,14,0.473684,0,0,0,0,0,0,0,0,0
1,box,44,qpFixed,1,1,0.00330615,387,6,5.41685,388,388,0,0.0150972,0.00249477,0,0,0.013997,0,1,1,6,0,0,0,1,0,0,387,103793,188
1,box,44,qpPlain,1,1,0.00347522,387,6,5.41685,388,388,0,0.0150972,0.00249477,0,0,0.013997,0,1,1,6,0,0,0,1,0,0,387,132741,387
1,box,44,qpAdaptive,1,1,0.000829029,85,6,5.43366,320,320,0,0.015081,0.00249477,0,0,0.0639254,0.988235,1,1,6,0,0,0,0,0.952941,0.0470588,85,24689,63
1,box,44,qpFreeGate,1,1,0.0188074,2542,13,10.9632,1068,1068,0,0.00306302,0.00249477,0,0,0.0061012,0,12,7,1.08333,0,0,0,1,0,0,0,0,0
1,box,44,qpFreeEnvelope,1,1,0.00279477,162,13,10.7833,584,584,0,0.00257746,0.00249477,0,0,0.0948865,0.882716,12,7,1.08333,0,0,0,0.0987654,0.777778,0.123457,0,0,0
1,box,44,qpEnvelope,1,1,0.00043768,30,6,5.45576,293,293,0,0.0137227,0.00249477,0,0,0.181859,1,1,1,6,0,0,0,0,0.866667,0.133333,30,8597,19
1,box,51,isSafe,1,1,0.0252793,5851,30,10.3598,7,519,0,0.0120978,0.00249477,0,0,0,0,206,26,0.145631,0,0,0,0,0,0,0,0,0
1,box,51,qpFixed,1,1,0.00401316,401,8,5.304,402,402,0,0.00539318,0.00249477,0,0,0.0132269,0,1,1,8,0,0,0,1,0,0,401,112736,400
1,box,51,qpPlain,1,1,0.00402616,401,8,5.304,402,402,0,0.00539318,0.00249477,0,0,0.0132269,0,1,1,8,0,0,0,1,0,0,401,137543,401
1,box,51,qpAdaptive,1,1,0.00170817,160,11,5.31837,344,344,0,0.00514804,0.00249477,0,0,0.0332398,0.775,1,1,11,0,0,0,0.19375,0.75,0.05625,160,47199,159
1,box,51,qpFreeGate,1,1,0.218606,27576,60,19.23,2373,2373,0,0.00194121,0.00249477,0,0,0.00319539,0,199,46,0.301508,0,0,0,1,0,0,0,0,0
1,box,51,qpFreeEnvelope,1,1,0.0164362,857,40,13.194,727,727,0,0.000203896,0.00249477,0,0,0.0632181,0.961494,86,29,0.465116,0,0,0,0.0291715,0.861144,0.109685,0,0,0
1,box,51,qpEnvelope,1,1,0.000932326,73,12,5.34772,303,303,0,0.00451808,0.00249477,0,0,0.0732565,0.931507,1,1,12,0,0,0,0,0.863014,0.136986,73,21549,72
1,box,58,isSafe,1,1,0.00771968,2124,13,10.4104,7,522,0,0.0156451,0.00249477,0,0,0,0,33,9,0.393939,0,0,0,0,0,0,0,0,0
1,box,58,qpFixed,1,1,0.0139392,1614,13,14.394,1179,1179,0,0.000174391,0.00249477,0,0,0.0114436,0,5,5,2.6,0,0,0,1,0,0,1614,397001,1362
1,box,58,qpPlain,1,1,0.0154845,1614,13,14.394,1179,1179,0,0.000174391,0.00249477,0,0,0.0114436,0,5,5,2.6,0,0,0,1,0,0,1614,553602,1614
1,box,58,qpAdaptive,1,1,0.0101183,1064,13,14.3109,988,988,0,0.000409476,0.00249477,0,0,0.0172933,0.282895,5,5,2.6,0,0,0,0.715226,0.278195,0.00657895,1064,262411,1019
1,box,58,qpFreeGate,1,1,0.114771,15460,57,9.9313,1393,1393,0,0.00155404,0.00249477,0,0,0.00458957,0,88,42,0.647727,0,0,0,1,0,0,0,0,0
1,box,58,qpFreeEnvelope,1,1,0.00563101,324,21,12.1582,648,648,0,0.000505424,0.00249477,0,0,0.0812537,0.910494,33,14,0.636364,0,0,0,0.0743034,0.80805,0.117647,0,0,0
1,box,58,qpEnvelope,1,1,0.00813435,811,13,14.284,938,938,0,0.000273041,0.00249477,0,0,0.0225592,0.159063,5,5,2.6,0,0,0,0.839506,0.153086,0.00740741,811,201347,786
1,box,65,isSafe,1,1,0.00858426,2360,14,10.833,7,543,0,0.0014933,0.00249477,0,0,0,0,39,9,0.358974,0,0,0,0,0,0,0,0,0
1,box,65,qpFixed,1,1,0.00539599,615,10,7.91093,570,570,0,0.00431586,0.00249477,0,0,0.0134357,0,2,2,5,0,0,0,1,0,0,615,157987,529
1,box,65,qpPlain,1,1,0.00580987,615,10,7.91093,570,570,0,0.00431586,0.00249477,0,0,0.0134357,0,2,2,5,0,0,0,1,0,0,615,210945,615
1,box,65,qpAdaptive,1,1,0.00367854,380,13,7.93348,522,522,0,0.004115,0.00249477,0,0,0.021796,0.484211,2,2,6.5,0,0,0,0.502632,0.471053,0.0263158,380,100520,369
1,box,65,qpFreeGate,1,1,0.0584993,7967,20,10.3434,852,852,0,0.0289692,0.00249477,0,0,0.00430997,0,51,15,0.392157,0,0,0,1,0,0,0,0,0
1,box,65,qpFreeEnvelope,1,1,0.00790495,443,23,13.6954,725,725,0,0.000201624,0.00249477,0,0,0.0721016,0.957111,51,17,0.45098,0,0,0,0.0248307,0.828442,0.146727,0,0,0
1,box,65,qpEnvelope,1,1,0.00173003,149,13,8.02348,457,457,0,0.0037036,0.00249477,0,0,0.0560833,0.557047,2,2,6.5,0,0,0,0.416107,0.510067,0.0738255,149,41182,143
1,box,72,isSafe,1,1,0.0217478,5056,28,12.2775,8,615,0,0.0242518,0.00249477,0,0,0,0,74,23,0.378378,0,0,0,0,0,0,0,0,0
1,box,72,qpFixed,1,1,0.00382196,474,6,5.71998,475,475,0,0.00932014,0.00249477,0,0,0.0120675,0,1,1,6,0,0,0,1,0,0,474,105421,157
1,box,72,qpPlain,1,1,0.00448622,474,6,5.71998,475,475,0,0.00932014,0.00249477,0,0,0.0120675,0,1,1,6,0,0,0,1,0,0,474,162582,474
1,box,72,qpAdaptive,1,1,0.000738629,81,6,5.72196,330,330,0,0.00923391,0.00249477,0,0,0.0706414,0.987654,1,1,6,0,0,0,0,0.950617,0.0493827,81,19201,43
1,box,72,qpFreeGate,1,1,0.0273377,3470,18,13.9542,1479,1479,0,0.00624515,0.00249477,0,0,0.00554988,0,17,10,1.05882,0,0,0,1,0,0,0,0,0
1,box,72,qpFreeEnvelope,1,1,0.00412742,217,22,17.9783,956,956,0,0.00115118,0.00249477,0,0,0.0943146,0.898618,18,10,1.22222,0,0,0,0.101382,0.741935,0.156682,0,0,0
1,box,72,qpEnvelope,1,1,0.000383886,31,6,5.72063,299,299,0,0.00911679,0.00249477,0,0,0.184536,1,1,1,6,0,0,0,0,0.870968,0.129032,31,7539,21
1,box,79,isSafe,1,1,0.00233578,637,6,6.14358,5,309,0,0.0259686,0.00249477,0,0,0,0,11,2,0.545455,0,0,0,0,0,0,0,0,0
1,box,79,qpFixed,1,1,0.0206919,2239,23,7.36653,634,634,0,0.000891039,0.00249477,0,0,0.0112475,0,7,7,3.28571,0,0,0,1,0,0,2239,635091,1941
1,box,79,qpPlain,1,1,0.0206309,2239,23,7.36653,634,634,0,0.000891039,0.00249477,0,0,0.0112475,0,7,7,3.28571,0,0,0,1,0,0,2239,767977,2239
1,box,79,qpAdaptive,1,1,0.0101099,1067,22,7.37979,480,480,0,0.000801707,0.00249477,0,0,0.0235682,0.504217,7,7,3.14286,0,0,0,0.491097,0.490159,0.0187441,1067,306746,934
1,box,79,qpFreeGate,1,1,0.0332429,4475,18,12.0815,1270,1270,0,0.0110658,0.00249477,0,0,0.00407981,0,26,10,0.692308,0,0,0,1,0,0,0,0,0
1,box,79,qpFreeEnvelope,1,1,0.00531674,358,15,6.52813,378,378,0,0.00102005,0.00249477,0,0,0.034613,0.743017,21,8,0.714286,0,0,0,0.251397,0.678771,0.0698324,0,0,0
1,box,79,qpEnvelope,1,1,0.00596152,568,19,7.40396,445,445,0,0.00055288,0.00249477,0,0,0.0425454,0.419014,7,6,2.71429,0,0,0,0.580986,0.387324,0.0316901,568,162880,508
1,box,86,isSafe,1,1,0.0144763,3993,22,10.9441,7,549,0,0.039642,0.00249477,0,0,0,0,56,18,0.392857,0,0,0,0,0,0,0,0,0
1,box,86,qpFixed,1,1,0.00535959,597,7,7.3355,598,598,0,0.00119077,0.00249477,0,0,0.0122873,0,1,1,7,0,0,0,1,0,0,597,160716,418
1,box,86,qpPlain,1,1,0.00573611,597,7,7.3355,598,598,0,0.00119077,0.00249477,0,0,0.0122873,0,1,1,7,0,0,0,1,0,0,597,204771,597
1,box,86,qpAdaptive,1,1,0.00307543,299,7,7.30013,513,513,0,0.00132205,0.00249477,0,0,0.0244151,0.341137,1,1,7,0,0,0,0.655518,0.331104,0.0133779,299,82740,279
1,box,86,qpFreeGate,1,1,0.035606,4845,20,15.3975,1350,1350,0,0.00506451,0.00249477,0,0,0.00613228,0,27,13,0.740741,0,0,0,1,0,0,0,0,0
1,box,86,qpFreeEnvelope,1,1,0.00517788,292,24,17.4307,920,920,0,0.000683046,0.00249477,0,0,0.109451,0.859589,29,17,0.827586,0,0,0,0.130584,0.728522,0.140893,0,0,0
1,box,86,qpEnvelope,1,1,0.00160581,134,7,7.29104,426,426,0,0.00146854,0.00249477,0,0,0.0544107,0.425373,1,1,7,0,0,0,0.567164,0.395522,0.0373134,134,37685,127
1,box,93,isSafe,1,1,0.0195833,4527,24,13.5196,8,677,0,0.0136808,0.00249477,0,0,0,0,102,20,0.235294,0,0,0,0,0,0,0,0,0
1,box,93,qpFixed,1,1,0.00380525,444,6,5.87115,445,445,0,0.00600597,0.00249477,0,0,0.0132233,0,1,1,6,0,0,0,1,0,0,444,102476,207
1,box,93,qpPlain,1,1,0.00429487,444,6,5.87115,445,445,0,0.00600597,0.00249477,0,0,0.0132233,0,1,1,6,0,0,0,1,0,0,444,152292,444
1,box,93,qpAdaptive,1,1,0.00119029,121,6,5.87231,343,343,0,0.00604166,0.00249477,0,0,0.0485315,0.983471,1,1,6,0,0,0,0,0.966942,0.0330579,121,29464,93
1,box,93,qpFreeGate,1,1,0.0933732,11740,36,18.969,1765,1765,0,0.00700291,0.00249477,0,0,0.00452434,0,70,25,0.514286,0,0,0,1,0,0,0,0,0
1,box,93,qpFreeEnvelope,1,1,0.0103308,543,35,10.5848,582,582,0,0.000392213,0.00249477,0,0,0.0773806,0.832413,52,22,0.673077,0,0,0,0.148148,0.711111,0.140741,0,0,0
1,box,93,qpEnvelope,1,1,0.000461279,34,6,5.86997,314,314,0,0.00610442,0.00249477,0,0,0.172646,1,1,1,6,0,0,0,0,0.882353,0.117647,34,8828,23
1,box,100,isSafe,1,1,0.00304501,832,7,8.21993,6,412,0,0.0156316,0.00249477,0,0,0,0,3,1,2.33333,0,0,0,0,0,0,0,0,0
1,box,100,qpFixed,1,1,0.0039582,500,9,6.90343,501,501,0,0.0354796,0.00249477,0,0,0.0138069,0,1,1,9,0,0,0,1,0,0,500,117524,215
1,box,100,qpPlain,1,1,0.00440401,500,9,6.90343,501,501,0,0.0354796,0.00249477,0,0,0.0138069,0,1,1,9,0,0,0,1,0,0,500,171500,500
1,box,100,qpAdaptive,1,1,0.000745861,82,12,6.92709,392,392,0,0.0352947,0.00249477,0,0,0.0844767,0.939024,1,1,12,0,0,0,0,0.878049,0.121951,82,21424,50
1,box,100,qpFreeGate,1,1,0.00442856,606,8,6.76522,607,607,0,0.026725,0.00249477,0,0,0.0111637,0,1,1,8,0,0,0,1,0,0,0,0,0
1,box,100,qpFreeEnvelope,1,1,0.000757968,40,10,6.81595,363,363,0,0.0242942,0.00249477,0,0,0.170399,0.95,1,1,10,0,0,0,0,0.8,0.2,0,0,0
1,box,100,qpEnvelope,1,1,0.000561995,42,10,9.90086,514,514,0,0.0346583,0.00249477,0,0,0.265302,1,2,2,5,0,0,0,0,0.785714,0.214286,42,11361,22
1,table_pick,7,isSafe,1,1,0.00824231,1490,9,3.69419,3,186,0,0.00129238,0.00249477,0,0,0,0,22,6,0.409091,0,0,0,0,0,0,0,0,0
1,table_pick,7,qpFixed,1,1,0.00394983,407,8,6.1225,408,408,0,0.0046667,0.00249477,0,0,0.015043,0,1,1,8,0,0,0,1,0,0,407,102031,82
1,table_pick,7,qpPlain,1,1,0.00424446,407,8,6.1225,408,408,0,0.0046667,0.00249477,0,0,0.015043,0,1,1,8,0,0,0,1,0,0,407,139601,407
1,table_pick,7,qpAdaptive,1,1,0.000730655,67,9,6.1513,343,343,0,0.00466647,0.00249477,0,0,0.0918104,0.791045,1,1,9,0,0,0,0.179104,0.716418,0.104478,67,17711,34
1,table_pick,7,qpFreeGate,1,1,0.0715959,7720,26,3.3118,315,315,0,0.00236246,0.00249477,0,0,0.00595601,0,84,23,0.309524,0,0,0,1,0,0,0,0,0
1,table_pick,7,qpFreeEnvelope,1,1,0.0139081,551,25,3.30892,188,188,0,0.00235881,0.00249477,0,0,0.0805233,0.965517,84,22,0.297619,0,0,0,0.0200364,0.854281,0.125683,0,0,0
1,table_pick,7,qpEnvelope,1,1,0.00048222,34,6,6.20619,330,330,0,0.00466665,0.00249477,0,0,0.182535,0.735294,1,1,6,0,0,0,0.264706,0.617647,0.117647,34,8861,20
1,table_pick,14,isSafe,1,1,0.0185968,3354,17,13.6101,8,682,0,0.00202315,0.00249477,0,0,0,0,60,13,0.283333,0,0,0,0,0,0,0,0,0
1,table_pick,14,qpFixed,1,1,0.00677299,753,7,9.408,754,754,0,0.00393284,0.00249477,0,0,0.012494,0,1,1,7,0,0,0,1,0,0,753,173302,114
1,table_pick,14,qpPlain,1,1,0.00816456,753,7,9.408,754,754,0,0.00393284,0.00249477,0,0,0.012494,0,1,1,7,0,0,0,1,0,0,753,258279,753
1,table_pick,14,qpAdaptive,1,1,0.00074875,68,7,9.40913,501,501,0,0.00393289,0.00249477,0,0,0.13837,0.75,1,1,7,0,0,0,0.25,0.676471,0.0735294,68,18502,38
1,table_pick,14,qpFreeGate,1,1,0.0558528,5984,22,13.1797,988,988,0,0.00188217,0.00249477,0,0,0.00553077,0,60,18,0.366667,0,0,0,1,0,0,0,0,0
1,table_pick,14,qpFreeEnvelope,1,1,0.0100842,384,26,14.1343,732,732,0,0.00188256,0.00249477,0,0,0.101607,0.971354,60,21,0.433333,0,0,0,0.0078534,0.871728,0.120419,0,0,0
1,table_pick,14,qpEnvelope,1,1,0.000583581,39,7,9.41583,490,490,0,0.00398787,0.00249477,0,0,0.241432,0.846154,1,1,7,0,0,0,0.128205,0.74359,0.128205,39,10370,24
1,table_pick,21,isSafe,1,1,0.0214915,3884,21,16.5591,10,829,0,0.00109068,0.00249477,0,0,0,0,77,16,0.272727,0,0,0,0,0,0,0,0,0
1,table_pick,21,qpFixed,1,1,0.0135908,1294,10,8.96322,789,789,0,0.0005619,0.00249477,0,0,0.0101119,0,3,3,3.33333,0,0,0,1,0,0,1294,328135,887
1,table_pick,21,qpPlain,1,1,0.0152948,1294,10,8.96322,789,789,0,0.0005619,0.00249477,0,0,0.0101119,0,3,3,3.33333,0,0,0,1,0,0,1294,443842,1294
1,table_pick,21,qpAdaptive,1,1,0.00721179,608,10,8.96792,561,561,0,0.0005619,0.00249477,0,0,0.0214997,0.243421,3,3,3.33333,0,0,0,0.754934,0.233553,0.0115132,608,158963,568
1,table_pick,21,qpFreeGate,1,1,0.215367,23297,63,13.4512,1229,1229,0,0.0039775,0.00249477,0,0,0.00461529,0,216,59,0.291667,0,0,0,1,0,0,0,0,0
1,table_pick,21,qpFreeEnvelope,1,1,0.0336175,1309,62,13.5107,708,708,0,0.00164235,0.00249477,0,0,0.0811806,0.959511,216,58,0.287037,0,0,0,0.00154919,0.862897,0.135554,0,0,0
1,table_pick,21,qpEnvelope,1,1,0.00453684,353,10,9.00143,531,531,0,0.0005619,0.00249477,0,0,0.0371983,0.229462,3,3,3.33333,0,0,0,0.770538,0.203966,0.0254958,353,92442,339
1,table_pick,28,isSafe,1,1,0.00854799,1540,9,4.69133,4,236,0,0.00155674,0.00249477,0,0,0,0,22,5,0.409091,0,0,0,0,0,0,0,0,0
1,table_pick,28,qpFixed,1,1,0.00345191,372,5,5.68957,373,373,0,0.00493462,0.00249477,0,0,0.0152945,0,1,1,5,0,0,0,1,0,0,372,89731,49
1,table_pick,28,qpPlain,1,1,0.0038881,372,5,5.68957,373,373,0,0.00493462,0.00249477,0,0,0.0152945,0,1,1,5,0,0,0,1,0,0,372,127596,372
1,table_pick,28,qpAdaptive,1,1,0.000634734,56,5,5.6915,318,318,0,0.00493462,0.00249477,0,0,0.101634,0.839286,1,1,5,0,0,0,0.160714,0.785714,0.0535714,56,15222,32
1,table_pick,28,qpFreeGate,1,1,0.0226672,2427,15,3.35788,349,349,0,0.00116404,0.00249477,0,0,0.00682453,0,22,9,0.681818,0,0,0,1,0,0,0,0,0
1,table_pick,28,qpFreeEnvelope,1,1,0.00416906,163,12,3.38643,194,194,0,0.00121556,0.00249477,0,0,0.10406,0.96319,22,8,0.545455,0,0,0,0.0184049,0.846626,0.134969,0,0,0
1,table_pick,28,qpEnvelope,1,1,0.000497086,32,5,5.69667,303,303,0,0.00493462,0.00249477,0,0,0.178021,0.75,1,1,5,0,0,0,0.25,0.65625,0.09375,32,8729,22
1,table_pick,35,isSafe,1,1,0.00684806,1237,9,10.0628,7,505,0,0.0048909,0.00249477,0,0,0,0,12,4,0.75,0,0,0,0,0,0,0,0,0
1,table_pick,35,qpFixed,1,1,0.0069898,650,7,8.89458,651,651,0,0.000390533,0.00249477,0,0,0.013684,0,1,1,7,0,0,0,1,0,0,650,173533,379
1,table_pick,35,qpPlain,1,1,0.00719351,650,7,8.89458,651,651,0,0.000390533,0.00249477,0,0,0.013684,0,1,1,7,0,0,0,1,0,0,650,222950,650
1,table_pick,35,qpAdaptive,1,1,0.00397781,331,7,8.8981,595,595,0,0.000390533,0.00249477,0,0,0.0268825,0.280967,1,1,7,0,0,0,0.716012,0.271903,0.0120846,331,96530,298
1,table_pick,35,qpFreeGate,1,1,0.0204562,2185,9,10.4485,832,832,0,0.00452935,0.00249477,0,0,0.00520266,0,16,4,0.5625,0,0,0,1,0,0,0,0,0
1,table_pick,35,qpFreeEnvelope,1,1,0.0034035,138,10,12.7147,656,656,0,0.00454709,0.00249477,0,0,0.104316,0.913043,23,6,0.434783,0,0,0,0.0144928,0.891304,0.0942029,0,0,0
1,table_pick,35,qpEnvelope,1,1,0.00318377,247,7,8.90867,560,560,0,0.000385228,0.00249477,0,0,0.0360675,0.206478,1,1,7,0,0,0,0.789474,0.194332,0.0161943,247,72595,235
1,table_pick,42,isSafe,1,1,0.0181803,3276,18,12.5664,8,630,0,0.00266457,0.00249477,0,0,0,0,48,14,0.375,0,0,0,0,0,0,0,0,0
1,table_pick,42,qpFixed,1,1,0.0059275,629,6,7.0384,630,630,0,0.00466986,0.00249477,0,0,0.0111898,0,1,1,6,0,0,0,1,0,0,629,152166,100
1,table_pick,42,qpPlain,1,1,0.00652882,629,6,7.0384,630,630,0,0.00466986,0.00249477,0,0,0.0111898,0,1,1,6,0,0,0,1,0,0,629,215747,629
1,table_pick,42,qpAdaptive,1,1,0.000851549,79,6,7.06908,396,396,0,0.00469552,0.00249477,0,0,0.089482,0.810127,1,1,6,0,0,0,0.189873,0.759494,0.0506329,79,21328,35
1,table_pick,42,qpFreeGate,1,1,0.046691,5017,27,10.7085,860,860,0,0.00421281,0.00249477,0,0,0.00635496,0,48,19,0.5625,0,0,0,1,0,0,0,0,0
1,table_pick,42,qpFreeEnvelope,1,1,0.00895149,357,27,10.7144,558,558,0,0.00423358,0.00249477,0,0,0.0890142,0.890756,48,19,0.5625,0,0,0,0.0983146,0.780899,0.120787,0,0,0
1,table_pick,42,qpEnvelope,1,1,0.000537484,39,6,7.07344,378,378,0,0.00471932,0.00249477,0,0,0.18137,0.769231,1,1,6,0,0,0,0.230769,0.666667,0.102564,39,10454,24
1,table_pick,49,isSafe,1,1,0.00457485,830,7,8.21062,6,412,0,0.00300559,0.00249477,0,0,0,0,4,1,1.75,0,0,0,0,0,0,0,0,0
1,table_pick,49,qpFixed,1,1,0.00594851,643,13,8.16412,644,644,0,0.00360859,0.00249477,0,0,0.0126969,0,1,1,13,0,0,0,1,0,0,643,145462,226
1,table_pick,49,qpPlain,1,1,0.00680159,643,13,8.16412,644,644,0,0.00360859,0.00249477,0,0,0.0126969,0,1,1,13,0,0,0,1,0,0,643,220549,643
1,table_pick,49,qpAdaptive,1,1,0.000931689,82,12,8.16441,452,452,0,0.00363156,0.00249477,0,0,0.0995659,0.707317,1,1,12,0,0,0,0.256098,0.621951,0.121951,82,22105,58
1,table_pick,49,qpFreeGate,1,1,0.00831428,902,7,8.48075,707,707,0,0.00269862,0.00249477,0,0,0.00962268,0,4,2,1.75,0,0,0,1,0,0,0,0,0
1,table_pick,49,qpFreeEnvelope,1,1,0.00118355,51,7,8.51641,451,451,0,0.0027178,0.00249477,0,0,0.169994,0.901961,4,2,1.75,0,0,0,0.0784314,0.803922,0.117647,0,0,0
1,table_pick,49,qpEnvelope,1,1,0.000708582,52,16,8.21057,439,439,0,0.00366872,0.00249477,0,0,0.157896,0.615385,1,1,16,0,0,0,0.288462,0.442308,0.269231,52,13860,41
1,table_pick,56,isSafe,1,1,0.108043,19421,94,23.5653,13,1180,0,0.000575252,0.00249477,0,0,0,0,605,89,0.155372,0,0,0,0,0,0,0,0,0
1,table_pick,56,qpFixed,1,1,0.00692074,705,7,8.24079,706,706,0,0.000679609,0.00249477,0,0,0.0116891,0,1,1,7,0,0,0,1,0,0,705,172001,292
1,table_pick,56,qpPlain,1,1,0.00772223,705,7,8.24079,706,706,0,0.000679609,0.00249477,0,0,0.0116891,0,1,1,7,0,0,0,1,0,0,705,241815,705
1,table_pick,56,qpAdaptive,1,1,0.00315979,274,7,8.24089,541,541,0,0.000679609,0.00249477,0,0,0.0300762,0.394161,1,1,7,0,0,0,0.60219,0.379562,0.0182482,274,71006,244
1,table_pick,56,qpFreeGate,1,1,0.148702,15923,47,12.3653,1276,1276,0,0.00286825,0.00249477,0,0,0.00475522,0,134,41,0.350746,0,0,0,1,0,0,0,0,0
1,table_pick,56,qpFreeEnvelope,1,1,0.0248515,1027,46,12.0017,640,640,0,0.00277754,0.00249477,0,0,0.0737533,0.950341,134,41,0.343284,0,0,0,0.0168317,0.878218,0.10495,0,0,0
1,table_pick,56,qpEnvelope,1,1,0.00263944,208,7,8.24133,514,514,0,0.000665429,0.00249477,0,0,0.0396218,0.336538,1,1,7,0,0,0,0.663462,0.3125,0.0240385,208,53919,194
1,table_pick,63,isSafe,1,1,0.00952903,1727,10,7.66611,5,385,0,0.00331008,0.00249477,0,0,0,0,24,7,0.416667,0,0,0,0,0,0,0,0,0
1,table_pick,63,qpFixed,1,1,0.02296,2057,15,14.9385,1258,1258,0,6.56654e-05,0.00249477,0,0,0.00982599,0,6,5,2.5,0,0,0,1,0,0,2057,536975,1528
1,table_pick,63,qpPlain,1,1,0.0240615,2057,15,14.9385,1258,1258,0,6.56654e-05,0.00249477,0,0,0.00982599,0,6,5,2.5,0,0,0,1,0,0,2057,705551,2057
1,table_pick,63,qpAdaptive,1,1,0.0153145,1281,15,14.9425,1093,1093,0,6.50792e-05,0.00249477,0,0,0.0157737,0.172521,6,5,2.5,0,0,0,0.825137,0.166276,0.00858704,1281,332629,1211
1,table_pick,63,qpFreeGate,1,1,0.0619313,6604,22,9.10686,923,923,0,0.00330783,0.00249477,0,0,0.00457701,0,52,16,0.423077,0,0,0,1,0,0,0,0,0
1,table_pick,63,qpFreeEnvelope,1,1,0.0102518,438,21,8.11934,445,445,0,0.00153166,0.00249477,0,0,0.0686822,0.965753,52,16,0.403846,0,0,0,0.016092,0.871264,0.112644,0,0,0
1,table_pick,63,qpEnvelope,1,1,0.0115175,914,15,15.056,971,971,0,5.88911e-05,0.00249477,0,0,0.02221,0.0984683,6,5,2.5,0,0,0,0.901532,0.0864333,0.012035,914,238277,887
1,table_pick,70,isSafe,1,1,0.0190124,3424,18,13.2888,8,666,0,0.00102098,0.00249477,0,0,0,0,60,14,0.3,0,0,0,0,0,0,0,0,0
1,table_pick,70,qpFixed,1,1,0.00646247,698,7,8.54786,699,699,0,0.00169913,0.00249477,0,0,0.0122462,0,1,1,7,0,0,0,1,0,0,698,171024,104
1,table_pick,70,qpPlain,1,1,0.00733608,698,7,8.54786,699,699,0,0.00169913,0.00249477,0,0,0.0122462,0,1,1,7,0,0,0,1,0,0,698,239414,698
1,table_pick,70,qpAdaptive,1,1,0.00136854,115,7,8.54789,484,484,0,0.00169913,0.00249477,0,0,0.0743295,0.382609,1,1,7,0,0,0,0.617391,0.33913,0.0434783,115,33914,81
1,table_pick,70,qpFreeGate,1,1,0.0706261,7521,23,12.2938,1087,1087,0,0.0010672,0.00249477,0,0,0.0044389,0,60,17,0.383333,0,0,0,1,0,0,0,0,0
1,table_pick,70,qpFreeEnvelope,1,1,0.0103904,407,23,12.2993,645,645,0,0.00106098,0.00249477,0,0,0.0797043,0.955774,60,17,0.383333,0,0,0,0.0150376,0.85213,0.132832,0,0,0
1,table_pick,70,qpEnvelope,1,1,0.000959956,68,7,8.54773,463,463,0,0.00163628,0.00249477,0,0,0.125702,0.397059,1,1,7,0,0,0,0.602941,0.323529,0.0735294,68,19931,54
1,table_pick,77,isSafe,1,1,0.00855014,1546,10,10.3251,7,518,0,0.00413065,0.00249477,0,0,0,0,28,6,0.357143,0,0,0,0,0,0,0,0,0
1,table_pick,77,qpFixed,1,1,0.00486362,471,7,5.95351,472,472,0,0.00322961,0.00249477,0,0,0.0126402,0,1,1,7,0,0,0,1,0,0,471,125529,214
1,table_pick,77,qpPlain,1,1,0.00503618,471,7,5.95351,472,472,0,0.00322961,0.00249477,0,0,0.0126402,0,1,1,7,0,0,0,1,0,0,471,161553,471
1,table_pick,77,qpAdaptive,1,1,0.00168882,150,7,5.96638,371,371,0,0.00322756,0.00249477,0,0,0.0397759,0.773333,1,1,7,0,0,0,0.206667,0.76,0.0333333,150,42800,91
1,table_pick,77,qpFreeGate,1,1,0.0296965,3183,11,11.1476,949,949,0,0.00412824,0.00249477,0,0,0.00453559,0,28,6,0.392857,0,0,0,1,0,0,0,0,0
1,table_pick,77,qpFreeEnvelope,1,1,0.00463983,182,11,11.1982,585,585,0,0.00415347,0.00249477,0,0,0.0785103,0.978022,28,6,0.392857,0,0,0,0,0.838889,0.161111,0,0,0
1,table_pick,77,qpEnvelope,1,1,0.0103021,858,31,16.5836,895,895,0,0.00302668,0.00249477,0,0,0.0493366,0.194639,11,11,2.81818,0,0,0,0.796037,0.166667,0.037296,858,240750,749
1,table_pick,84,isSafe,1,1,0.0380615,6902,34,20.5122,12,1027,0,0.00361724,0.00249477,0,0,0,0,124,30,0.274194,0,0,0,0,0,0,0,0,0
1,table_pick,84,qpFixed,1,1,0.00706865,740,7,9.26018,741,741,0,0.00076745,0.00249477,0,0,0.0125138,0,1,1,7,0,0,0,1,0,0,740,179917,259
1,table_pick,84,qpPlain,1,1,0.00792451,740,7,9.26018,741,741,0,0.00076745,0.00249477,0,0,0.0125138,0,1,1,7,0,0,0,1,0,0,740,253820,740
1,table_pick,84,qpAdaptive,1,1,0.00225928,193,7,9.26272,558,558,0,0.00076745,0.00249477,0,0,0.0479933,0.367876,1,1,7,0,0,0,0.626943,0.34715,0.0259067,193,54902,155
1,table_pick,84,qpFreeGate,1,1,0.094825,10077,34,12.2501,891,891,0,0.00330594,0.00249477,0,0,0.0054545,0,89,30,0.382022,0,0,0,1,0,0,0,0,0
1,table_pick,84,qpFreeEnvelope,1,1,0.0207585,820,38,18.823,972,972,0,0.00349907,0.00249477,0,0,0.0692741,0.970732,124,31,0.306452,0,0,0,0.0036855,0.855037,0.141278,0,0,0
1,table_pick,84,qpEnvelope,1,1,0.00165697,122,7,9.26814,523,523,0,0.000727985,0.00249477,0,0,0.0759684,0.360656,1,1,7,0,0,0,0.631148,0.327869,0.0409836,122,35036,106
1,table_pick,91,isSafe,1,1,0.0921597,16666,78,10.737,7,538,0,8.80162e-06,0.00249477,0,0,0,0,527,74,0.148008,0,0,0,0,0,0,0,0,0
1,table_pick,91,qpFixed,1,1,0.00585579,539,12,6.27578,426,426,0,0.00376681,0.00249477,0,0,0.0136427,0,2,2,6,0,0,0,1,0,0,539,152663,243
1,table_pick,91,qpPlain,1,1,0.0059287,539,12,6.27578,426,426,0,0.00376681,0.00249477,0,0,0.0136427,0,2,2,6,0,0,0,1,0,0,539,184877,539
1,table_pick,91,qpAdaptive,1,1,0.00534641,450,19,8.80863,526,526,0,0.0018683,0.00249477,0,0,0.0330725,0.44,4,4,4.75,0,0,0,0.542222,0.417778,0.04,450,132778,337
1,table_pick,91,qpFreeGate,1,1,0.0220859,2334,20,9.13507,1216,1216,0,0.00400271,0.00249477,0,0,0.00467236,0,14,5,1.42857,0,0,0,1,0,0,0,0,0
1,table_pick,91,qpFreeEnvelope,1,1,0.0045302,198,11,10.9516,579,579,0,0.00270243,0.00249477,0,0,0.0755422,0.939394,17,6,0.647059,0,0,0,0.0606061,0.833333,0.106061,0,0,0
1,table_pick,91,qpEnvelope,1,1,0.00373942,283,16,8.82565,484,484,0,0.00183723,0.00249477,0,0,0.0525996,0.180212,4,4,4,0,0,0,0.812721,0.134276,0.0530035,283,83687,240
1,table_pick,98,isSafe,1,1,0.0322452,5814,29,10.7794,7,540,0,0.00253323,0.00249477,0,0,0,0,132,25,0.219697,0,0,0,0,0,0,0,0,0
1,table_pick,98,qpFixed,1,1,0.00520316,488,6,5.76103,489,489,0,0.00134763,0.00249477,0,0,0.0118054,0,1,1,6,0,0,0,1,0,0,488,123961,345
1,table_pick,98,qpPlain,1,1,0.00554274,488,6,5.76103,489,489,0,0.00134763,0.00249477,0,0,0.0118054,0,1,1,6,0,0,0,1,0,0,488,167384,488
1,table_pick,98,qpAdaptive,1,1,0.00284344,238,6,5.77405,410,410,0,0.00137931,0.00249477,0,0,0.0242607,0.441176,1,1,6,0,0,0,0.554622,0.428571,0.0168067,238,62542,221
1,table_pick,98,qpFreeGate,1,1,0.131803,14087,39,9.59572,886,886,0,0.00222053,0.00249477,0,0,0.00436322,0,125,32,0.312,0,0,0,1,0,0,0,0,0
1,table_pick,98,qpFreeEnvelope,1,1,0.0239087,977,41,12.1419,646,646,0,0.002216,0.00249477,0,0,0.0707528,0.949846,132,36,0.310606,0,0,0,0.0205973,0.869207,0.110196,0,0,0
1,table_pick,98,qpEnvelope,1,1,0.00154257,116,6,5.77436,358,358,0,0.00135309,0.00249477,0,0,0.0497789,0.37069,1,1,6,0,0,0,0.62931,0.336207,0.0344828,116,31060,109
1,cage,5,isSafe,1,1,0.350341,87421,499,17.2726,10,865,0,0.00222081,0.00249477,0,0,0,0,4438,496,0.112438,0,0,0,0,0,0,0,0,0
1,cage,5,qpFixed,1,1,0.449898,47300,202,35.8407,2920,2920,119,-0.00247241,0.00249477,0,0,0.00807914,0,198,126,1.0202,0,0,0,1,0,0,47300,12559331,43290
1,cage,5,qpPlain,1,1,0.485298,47300,202,35.8407,2920,2920,119,-0.00247241,0.00249477,0,0,0.00807914,0,198,126,1.0202,0,0,0,1,0,0,47300,16223900,47300
1,cage,5,qpAdaptive,1,1,0.360256,35274,202,35.8978,2507,2507,119,-0.00248681,0.00249477,0,0,0.0108475,0.188241,198,126,1.0202,0,0,0,0.810569,0.186426,0.00300505,35274,9409855,34609
1,cage,5,qpFreeGate,1,1,1.41858,185434,322,25.9937,2599,2599,0,0.00189612,0.00249477,0,0,0.00321344,0,1575,303,0.204444,0,0,0,1,0,0,0,0,0
1,cage,5,qpFreeEnvelope,1,1,1.00548,52120,1690,34.7187,1858,1858,0,0.00024878,0.00249477,0,0,0.0488219,0.896393,10072,1648,0.167792,0,0,0,0.0278853,0.84811,0.124005,0,0,0
1,cage,5,qpEnvelope,1,1,0.30425,28618,202,36.0025,2306,2306,122,-0.00252219,0.00249477,0,0,0.0134225,0.131351,198,126,1.0202,0,0,0,0.86788,0.127158,0.00496191,28618,7587107,28395
1,cage,12,isSafe,1,1,0.629635,156724,962,17.7172,11,887,0,0.0024211,0.00249477,0,0,0,0,9256,959,0.103933,0,0,0,0,0,0,0,0,0
1,cage,12,qpFixed,1,1,0.179591,18826,97,15.2644,1472,1472,0,0.0016805,0.00249477,0,0,0.00846345,0,73,53,1.32877,0,0,0,1,0,0,18826,4938466,17237
1,cage,12,qpPlain,1,1,0.193875,18826,97,15.2644,1472,1472,0,0.0016805,0.00249477,0,0,0.00846345,0,73,53,1.32877,0,0,0,1,0,0,18826,6457318,18826
1,cage,12,qpAdaptive,1,1,0.126534,12136,93,14.5248,971,971,0,0.00166361,0.00249477,0,0,0.0129815,0.325396,73,51,1.27397,0,0,0,0.672462,0.322512,0.00502637,12136,3197919,11813
1,cage,12,qpFreeGate,1,1,5.09558,659025,1029,15.2832,1833,1833,0,0.00511455,0.00249477,0,0,0.00265267,0,5727,1004,0.179675,0,0,0,1,0,0,0,0,0
1,cage,12,qpFreeEnvelope,1,1,0.350739,18614,601,16.6508,908,908,0,0.00146381,0.00249477,0,0,0.0538234,0.91861,3188,577,0.188519,0,0,0,0.0259119,0.84992,0.124168,0,0,0
1,cage,12,qpEnvelope,1,1,0.0893634,8181,97,14.6077,860,860,0,0.00158694,0.00249477,0,0,0.0194378,0.250092,73,51,1.32877,0,0,0,0.748075,0.241902,0.0100232,8181,2145287,8074
1,cage,19,isSafe,1,1,2.41488,576686,4473,32.9667,21,1650,0,0.00310209,0.00249477,0,0,0,0,45171,4468,0.0990237,0,0,0,0,0,0,0,0,0
1,cage,19,qpFixed,1,1,0.341848,35128,146,18.4045,1519,1519,30,-3.93205e-05,0.00249477,0,0,0.00801169,0,145,91,1.0069,0,0,0,1,0,0,35128,9538866,32041
1,cage,19,qpPlain,1,1,0.361215,35128,146,18.4045,1519,1519,30,-3.93205e-05,0.00249477,0,0,0.00801169,0,145,91,1.0069,0,0,0,1,0,0,35128,12048904,35128
1,cage,19,qpAdaptive,1,1,0.2607,24425,146,18.4072,1303,1303,30,-3.90118e-05,0.00249477,0,0,0.0115403,0.241474,145,91,1.0069,0,0,0,0.756888,0.238936,0.00417605,24425,6673966,23788
1,cage,19,qpFreeGate,1,1,1.19148,154598,239,25.3269,2723,2723,0,0.00442321,0.00249477,0,0,0.00290901,0,1167,220,0.204799,0,0,0,1,0,0,0,0,0
1,cage,19,qpFreeEnvelope,1,1,0.161521,8682,271,29.4209,1544,1544,0,0.00253787,0.00249477,0,0,0.0560715,0.938609,1334,251,0.203148,0,0,0,0.0146313,0.859351,0.126018,0,0,0
1,cage,19,qpEnvelope,1,1,0.211294,19243,145,19.1902,1209,1209,36,-0.000791978,0.00249477,0,0,0.0146634,0.132412,145,90,1,0,0,0,0.866757,0.127007,0.00623603,19243,5233019,18975
1,cage,26,isSafe,1,1,1.26079,308916,2149,33.1831,20,1661,0,0.000187873,0.00249477,0,0,0,0,19953,2144,0.107703,0,0,0,0,0,0,0,0,0
1,cage,26,qpFixed,1,1,0.21155,22153,111,18.6695,1444,1444,0,0.00273157,0.00249477,0,0,0.00896594,0,89,66,1.24719,0,0,0,1,0,0,22153,5806507,20133
1,cage,26,qpPlain,1,1,0.228861,22153,111,18.6695,1444,1444,0,0.00273157,0.00249477,0,0,0.00896594,0,89,66,1.24719,0,0,0,1,0,0,22153,7598479,22153
1,cage,26,qpAdaptive,1,1,0.146312,14176,114,18.711,1210,1210,0,0.00255823,0.00249477,0,0,0.0141268,0.346642,89,67,1.2809,0,0,0,0.651383,0.342621,0.00599605,14176,3703274,13906
1,cage,26,qpFreeGate,1,1,0.778085,100791,199,12.456,1604,1604,0,0.00404994,0.00249477,0,0,0.00350502,0,766,187,0.259791,0,0,0,1,0,0,0,0,0
1,cage,26,qpFreeEnvelope,1,1,0.577525,32182,937,28.2646,1517,1517,0,0.000482123,0.00249477,0,0,0.0464462,0.880989,4739,903,0.197721,0,0,0,0.0649002,0.835712,0.0993873,0,0,0
1,cage,26,qpEnvelope,1,1,0.109836,10017,114,18.7891,1061,1061,0,0.00197357,0.00249477,0,0,0.0200129,0.256264,89,67,1.2809,0,0,0,0.741414,0.248103,0.0104832,10017,2566766,9923
1,cage,33,isSafe,1,1,0.0139135,3511,19,15.8652,9,795,0,0.0157532,0.00249477,0,0,0,0,55,15,0.345455,0,0,0,0,0,0,0,0,0
1,cage,33,qpFixed,1,1,0.0999547,9733,61,14.7735,1172,1172,0,0.000512678,0.00249477,0,0,0.0094582,0,36,29,1.69444,0,0,0,1,0,0,9733,2698621,8901
1,cage,33,qpPlain,1,1,0.0999387,9733,61,14.7735,1172,1172,0,0.000512678,0.00249477,0,0,0.0094582,0,36,29,1.69444,0,0,0,1,0,0,9733,3338419,9733
1,cage,33,qpAdaptive,1,1,0.0710255,6620,61,14.8596,973,973,0,0.000440955,0.00249477,0,0,0.0139403,0.367976,36,29,1.69444,0,0,0,0.629909,0.364653,0.00543807,6620,1868282,6536
1,cage,33,qpFreeGate,1,1,1.61472,209753,354,19.9279,2519,2519,0,0.00346388,0.00249477,0,0,0.00292184,0,1635,326,0.216514,0,0,0,1,0,0,0,0,0
1,cage,33,qpFreeEnvelope,1,1,0.0963708,5249,178,20.0709,1083,1083,0,5.38815e-06,0.00249477,0,0,0.0569693,0.913126,731,164,0.243502,0,0,0,0.0523166,0.825483,0.122201,0,0,0
1,cage,33,qpEnvelope,1,1,0.0447034,3869,63,15.1125,858,858,0,0.000702727,0.00249477,0,0,0.0239849,0.33161,36,29,1.75,0,0,0,0.666064,0.318687,0.0152494,3869,1098621,3828
1,cage,40,isSafe,1,1,0.0458561,11546,58,15.2417,9,764,0,0.000531354,0.00249477,0,0,0,0,342,54,0.169591,0,0,0,0,0,0,0,0,0
1,cage,40,qpFixed,1,1,0.0282055,2981,23,13.8455,1219,1219,0,0.000527726,0.00249477,0,0,0.00965006,0,8,8,2.875,0,0,0,1,0,0,2981,873807,2291
1,cage,40,qpPlain,1,1,0.0290496,2981,23,13.8455,1219,1219,0,0.000527726,0.00249477,0,0,0.00965006,0,8,8,2.875,0,0,0,1,0,0,2981,1022483,2981
1,cage,40,qpAdaptive,1,1,0.0175381,1650,24,13.8418,885,885,0,0.000527726,0.00249477,0,0,0.0174681,0.255152,8,8,3,0,0,0,0.741818,0.248485,0.00969697,1650,501846,1543
1,cage,40,qpFreeGate,1,1,1.86454,240652,394,20.4681,2048,2048,0,0.000295997,0.00249477,0,0,0.00289264,0,2004,386,0.196607,0,0,0,1,0,0,0,0,0
1,cage,40,qpFreeEnvelope,1,1,0.224619,12042,380,22.6586,1222,1222,0,0.000295912,0.00249477,0,0,0.0535599,0.911892,1992,373,0.190763,0,0,0,0.0355935,0.852891,0.111515,0,0,0
1,cage,40,qpEnvelope,1,1,0.010969,931,22,13.8075,784,784,0,0.000527726,0.00249477,0,0,0.0303725,0.393126,8,8,2.75,0,0,0,0.602578,0.37594,0.0214823,931,281932,890
1,cage,47,isSafe,1,1,0.0839014,21152,108,15.6047,10,782,0,0.00770778,0.00249477,0,0,0,0,658,104,0.164134,0,0,0,0,0,0,0,0,0
1,cage,47,qpFixed,1,1,0.106964,11142,68,32.7659,2739,2739,77,-3.85494e-05,0.00249477,0,0,0.00943577,0,39,34,1.74359,0,0,0,1,0,0,11142,3009020,10027
1,cage,47,qpPlain,1,1,0.114232,11142,68,32.7659,2739,2739,77,-3.85494e-05,0.00249477,0,0,0.00943577,0,39,34,1.74359,0,0,0,1,0,0,11142,3821706,11142
1,cage,47,qpAdaptive,1,1,0.0860566,8328,68,32.7985,2455,2455,77,-3.90073e-05,0.00249477,0,0,0.0126445,0.239553,39,34,1.74359,0,0,0,0.759486,0.236551,0.00396254,8328,2244038,8063
1,cage,47,qpFreeGate,1,1,5.33358,693055,1168,17.3366,2081,2081,0,0.00172566,0.00249477,0,0,0.00266838,0,6470,1133,0.180526,0,0,0,1,0,0,0,0,0
1,cage,47,qpFreeEnvelope,1,1,0.528281,28886,852,26.9893,1427,1427,0,0.000126739,0.00249477,0,0,0.0454616,0.900332,4744,824,0.179595,0,0,0,0.043108,0.850853,0.106039,0,0,0
1,cage,47,qpEnvelope,1,1,0.115928,10776,103,17.4298,1160,1160,0,0.000444847,0.00249477,0,0,0.0162961,0.167873,80,57,1.2875,0,0,0,0.831663,0.161006,0.00733111,10776,2832313,10660
1,cage,54,isSafe,1,1,0.260179,65298,361,16.1292,10,808,0,0.0118742,0.00249477,0,0,0,0,3147,357,0.114712,0,0,0,0,0,0,0,0,0
1,cage,54,qpFixed,1,1,0.430784,44522,180,18.3548,1511,1511,0,0.00245095,0.00249477,0,0,0.00781039,0,191,108,0.942408,0,0,0,1,0,0,44522,11990863,40478
1,cage,54,qpPlain,1,1,0.459498,44522,180,18.3548,1511,1511,0,0.00245095,0.00249477,0,0,0.00781039,0,191,108,0.942408,0,0,0,1,0,0,44522,15271046,44522
1,cage,54,qpAdaptive,1,1,0.331259,31374,177,18.3761,1239,1239,0,0.00237746,0.00249477,0,0,0.0110558,0.229234,191,107,0.926702,0,0,0,0.769268,0.226653,0.00407981,31374,8406831,30721
1,cage,54,qpFreeGate,1,1,7.03188,911025,1328,22.7656,2430,2430,0,0.00367078,0.00249477,0,0,0.0024716,0,7939,1291,0.167275,0,0,0,1,0,0,0,0,0
1,cage,54,qpFreeEnvelope,1,1,0.506739,29202,703,25.4967,1338,1338,0,0.00132869,0.00249477,0,0,0.0406997,0.887336,3978,686,0.176722,0,0,0,0.0695256,0.834446,0.0960281,0,0,0
1,cage,54,qpEnvelope,1,1,0.327101,29936,199,17.6602,963,963,0,0.00895681,0.00249477,0,0,0.0135791,0.138429,227,128,0.876652,0,0,0,0.860603,0.133719,0.00567878,29936,8023039,29670
1,cage,61,isSafe,1,1,0.720087,178199,1055,15.1012,10,757,0,0.00458975,0.00249477,0,0,0,0,10178,1052,0.103655,0,0,0,0,0,0,0,0,0
1,cage,61,qpFixed,1,1,0.0169992,1878,12,11.3207,1020,1020,56,-0.00297809,0.00249477,0,0,0.00967008,0,6,5,2,0,0,0,1,0,0,1878,490375,1476
1,cage,61,qpPlain,1,1,0.0189077,1878,12,11.3207,1020,1020,56,-0.00297809,0.00249477,0,0,0.00967008,0,6,5,2,0,0,0,1,0,0,1878,644154,1878
1,cage,61,qpAdaptive,1,1,0.00865972,843,12,11.2933,769,769,58,-0.00317019,0.00249477,0,0,0.0215248,0.475682,6,5,2,0,0,0,0.520759,0.468565,0.0106762,843,232515,780
1,cage,61,qpFreeGate,1,1,4.47697,577728,973,16.5431,1731,1731,0,0.00270159,0.00249477,0,0,0.00265795,0,5774,962,0.168514,0,0,0,1,0,0,0,0,0
1,cage,61,qpFreeEnvelope,1,1,1.2478,68839,1908,17.3011,933,933,0,0.000805007,0.00249477,0,0,0.0391917,0.890876,11966,1895,0.159452,0,0,0,0.041966,0.86218,0.0958541,0,0,0
1,cage,61,qpEnvelope,1,1,0.00620777,548,12,11.3507,706,706,58,-0.00329435,0.00249477,0,0,0.0333294,0.29562,6,5,2,0,0,0,0.70438,0.277372,0.0182482,548,152839,528
1,cage,68,isSafe,1,1,0.853057,209627,1382,17.5241,12,878,0,0.000529817,0.00249477,0,0,0,0,12706,1379,0.108768,0,0,0,0,0,0,0,0,0
1,cage,68,qpFixed,1,1,0.317834,33024,153,23.4757,2008,2008,0,0.000709364,0.00249477,0,0,0.00831941,0,129,91,1.18605,0,0,0,1,0,0,33024,8898761,29437
1,cage,68,qpPlain,1,1,0.34256,33024,153,23.4757,2008,2008,0,0.000709364,0.00249477,0,0,0.00831941,0,129,91,1.18605,0,0,0,1,0,0,33024,11327232,33024
1,cage,68,qpAdaptive,1,1,0.236869,22651,149,23.4711,1643,1643,0,0.000728794,0.00249477,0,0,0.0120392,0.252439,129,90,1.15504,0,0,0,0.746678,0.249261,0.00406163,22651,6121571,22235
1,cage,68,qpFreeGate,1,1,2.11071,275466,488,24.9463,2435,2435,0,0.00250592,0.00249477,0,0,0.0030365,0,2187,464,0.223137,0,0,0,1,0,0,0,0,0
1,cage,68,qpFreeEnvelope,1,1,1.1187,59189,1744,21.7099,1158,1158,0,0.00200416,0.00249477,0,0,0.0437773,0.916826,10125,1706,0.172247,0,0,0,0.0260183,0.851203,0.122779,0,0,0
1,cage,68,qpEnvelope,1,1,0.196022,17907,149,23.532,1548,1548,0,0.000556096,0.00249477,0,0,0.0152954,0.168928,129,90,1.15504,0,0,0,0.830402,0.163847,0.00575194,17907,4805562,17731
1,cage,75,isSafe,1,1,1.15886,283964,1939,29.9095,19,1497,0,0.000666156,0.00249477,0,0,0,0,17968,1936,0.107914,0,0,0,0,0,0,0,0,0
1,cage,75,qpFixed,1,1,0.165554,17690,93,13.638,1199,1199,46,-0.00458799,0.00249477,0,0,0.0088893,0,71,52,1.30986,0,0,0,1,0,0,17690,4564226,16245
1,cage,75,qpPlain,1,1,0.180092,17690,93,13.638,1199,1199,46,-0.00458799,0.00249477,0,0,0.0088893,0,71,52,1.30986,0,0,0,1,0,0,17690,6067670,17690
1,cage,75,qpAdaptive,1,1,0.128463,12715,93,13.65,947,947,45,-0.00510567,0.00249477,0,0,0.0123907,0.25175,71,52,1.30986,0,0,0,0.746756,0.249233,0.00401101,12715,3311062,12473
1,cage,75,qpFreeGate,1,1,3.41352,443764,766,24.724,2730,2730,0,0.00388757,0.00249477,0,0,0.00288205,0,3955,735,0.193679,0,0,0,1,0,0,0,0,0
1,cage,75,qpFreeEnvelope,1,1,0.430644,22837,774,23.3374,1246,1246,0,8.11582e-05,0.00249477,0,0,0.0542027,0.89679,4061,736,0.190593,0,0,0,0.0383563,0.840115,0.121529,0,0,0
1,cage,75,qpEnvelope,1,1,0.101766,9502,92,13.6782,864,864,49,-0.00666622,0.00249477,0,0,0.0165794,0.169333,71,52,1.29577,0,0,0,0.830036,0.162492,0.00747211,9502,2490299,9430
1,cage,82,isSafe,1,1,0.0815512,20632,105,19.8828,11,996,0,0.00413766,0.00249477,0,0,0,0,718,101,0.14624,0,0,0,0,0,0,0,0,0
1,cage,82,qpFixed,1,1,0.0138413,1506,12,10.9933,951,951,0,0.000639378,0.00249477,0,0,0.0114742,0,3,3,4,0,0,0,1,0,0,1506,436865,1032
1,cage,82,qpPlain,1,1,0.0149651,1506,12,10.9933,951,951,0,0.000639378,0.00249477,0,0,0.0114742,0,3,3,4,0,0,0,1,0,0,1506,516558,1506
1,cage,82,qpAdaptive,1,1,0.00718949,693,12,11.0005,763,763,0,0.000585858,0.00249477,0,0,0.0249748,0.297258,3,3,4,0,0,0,0.699856,0.285714,0.01443,693,211156,616
1,cage,82,qpFreeGate,1,1,2.66892,345399,557,20.2363,2390,2390,0,0.00385269,0.00249477,0,0,0.00266469,0,3064,541,0.181789,0,0,0,1,0,0,0,0,0
1,cage,82,qpFreeEnvelope,1,1,0.342297,18488,538,24.0099,1274,1274,0,0.00149543,0.00249477,0,0,0.047211,0.910266,3064,521,0.175587,0,0,0,0.037939,0.858571,0.10349,0,0,0
1,cage,82,qpEnvelope,1,1,0.00598699,544,12,10.9983,717,717,0,0.000420602,0.00249477,0,0,0.0317921,0.172794,3,3,4,0,0,0,0.825368,0.15625,0.0183824,544,166943,508
1,cage,89,isSafe,1,1,0.437644,108834,640,14.7703,9,740,0,0.0120658,0.00249477,0,0,0,0,5756,636,0.111188,0,0,0,0,0,0,0,0,0
1,cage,89,qpFixed,1,1,0.0680394,7531,46,19.1471,1499,1499,0,0.000396127,0.00249477,0,0,0.00984977,0,25,22,1.84,0,0,0,1,0,0,7531,1900212,6237
1,cage,89,qpPlain,1,1,0.0744562,7531,46,19.1471,1499,1499,0,0.000396127,0.00249477,0,0,0.00984977,0,25,22,1.84,0,0,0,1,0,0,7531,2583133,7531
1,cage,89,qpAdaptive,1,1,0.0412752,4156,46,19.1731,1222,1222,0,0.000377535,0.00249477,0,0,0.017922,0.368864,25,22,1.84,0,0,0,0.628008,0.363571,0.00842156,4156,1061936,3919
1,cage,89,qpFreeGate,1,1,3.21712,419539,706,24.9243,2972,2972,0,0.00178156,0.00249477,0,0,0.00283669,0,3568,674,0.19787,0,0,0,1,0,0,0,0,0
1,cage,89,qpFreeEnvelope,1,1,0.443445,23752,772,24.2966,1306,1306,0,0.000121774,0.00249477,0,0,0.0507062,0.887841,3966,747,0.194655,0,0,0,0.0564527,0.828833,0.114714,0,0,0
1,cage,89,qpEnvelope,1,1,0.0308506,2900,46,19.397,1149,1149,0,5.28175e-05,0.00249477,0,0,0.0259373,0.253793,25,22,1.84,0,0,0,0.743793,0.240345,0.0158621,2900,733445,2801
1,cage,96,isSafe,1,1,1.00246,245955,1651,26.9405,16,1349,0,0.00667481,0.00249477,0,0,0,0,16268,1647,0.101488,0,0,0,0,0,0,0,0,0
1,cage,96,qpFixed,1,1,0.312853,32395,127,27.2466,2095,2095,16,-0.00423186,0.00249477,0,0,0.00792641,0,136,80,0.933824,0,0,0,1,0,0,32395,8798808,29647
1,cage,96,qpPlain,1,1,0.333125,32395,127,27.2466,2095,2095,16,-0.00423186,0.00249477,0,0,0.00792641,0,136,80,0.933824,0,0,0,1,0,0,32395,11111485,32395
1,cage,96,qpAdaptive,1,1,0.238253,22956,127,27.2656,1810,1810,14,-0.00351939,0.00249477,0,0,0.0111942,0.220596,136,80,0.933824,0,0,0,0.778184,0.218331,0.00348493,22956,6229292,22548
1,cage,96,qpFreeGate,1,1,2.13404,277511,480,27.307,3124,3124,0,0.00136223,0.00249477,0,0,0.00294676,0,2292,454,0.209424,0,0,0,1,0,0,0,0,0
1,cage,96,qpFreeEnvelope,1,1,1.78055,94991,2687,21.155,1126,1126,0,0.00060997,0.00249477,0,0,0.0399564,0.877873,16923,2627,0.158778,0,0,0,0.0542568,0.835861,0.109882,0,0,0
1,cage,96,qpEnvelope,1,1,0.238999,21817,142,36.7575,2459,2459,0,7.9937e-06,0.00249477,0,0,0.0137731,0.163542,170,94,0.835294,0,0,0,0.835816,0.15905,0.00513361,21817,5974649,21649
1,bookshelf_tall,7,isSafe,0,0,0,0,0,0,0,0,0,inf,inf,0,0,0,0,0,0,0,0,0,0,0,0,0,0,0,0
1,bookshelf_tall,7,qpFixed,0,0,0,0,0,0,0,0,0,inf,inf,0,0,0,0,0,0,0,0,0,0,0,0,0,0,0,0
1,bookshelf_tall,7,qpPlain,0,0,0,0,0,0,0,0,0,inf,inf,0,0,0,0,0,0,0,0,0,0,0,0,0,0,0,0
1,bookshelf_tall,7,qpAdaptive,0,0,0,0,0,0,0,0,0,inf,inf,0,0,0,0,0,0,0,0,0,0,0,0,0,0,0,0
1,bookshelf_tall,7,qpFreeGate,0,0,0,0,0,0,0,0,0,inf,inf,0,0,0,0,0,0,0,0,0,0,0,0,0,0,0,0
1,bookshelf_tall,7,qpFreeEnvelope,0,0,0,0,0,0,0,0,0,inf,inf,0,0,0,0,0,0,0,0,0,0,0,0,0,0,0,0
1,bookshelf_tall,7,qpEnvelope,0,0,0,0,0,0,0,0,0,inf,inf,0,0,0,0,0,0,0,0,0,0,0,0,0,0,0,0
1,bookshelf_tall,14,isSafe,1,0,10.0004,1195003,11171,0,0,0,0,inf,inf,0,0,0,0,106471,11169,0.104921,0,0,0,0,0,0,0,0,0
1,bookshelf_tall,14,qpFixed,1,0,10.0016,728802,1501,0,0,0,0,inf,inf,0,0,0.00578718,0,3258,1396,0.460712,0,0,0,1,0,0,728802,218637721,693414
1,bookshelf_tall,14,qpPlain,1,0,10.0003,726257,1497,0,0,0,0,inf,inf,0,0,0.00578851,0,3245,1392,0.461325,0,0,0,1,0,0,726257,249106151,726257
1,bookshelf_tall,14,qpAdaptive,1,0,10.0017,699909,1600,0,0,0,0,inf,inf,0,0,0.00638919,0.0530655,3459,1493,0.462561,0,0,0,0.94669,0.0523297,0.000980129,699909,210768119,692195
1,bookshelf_tall,14,qpFreeGate,1,0,10.0002,851474,1516,0,0,0,0,inf,inf,0,0,0.00271779,0,8825,1513,0.171785,0,0,0,1,0,0,0,0,0
1,bookshelf_tall,14,qpFreeEnvelope,1,0,10.0002,277621,14012,0,0,0,0,inf,inf,0,0,0.0530142,0.725316,91189,14009,0.153659,0,0,0,0.00696162,0.869942,0.123096,0,0,0
1,bookshelf_tall,14,qpEnvelope,1,0,10.002,693699,1653,0,0,0,0,inf,inf,0,0,0.0066931,0.00925041,3598,1550,0.459422,0,0,0,0.990696,0.00825434,0.00104945,693699,208824548,691134
1,bookshelf_tall,22,isSafe,1,1,0.235578,31686,164,21.0608,12,1055,0,0.00380062,0.00249477,0,0,0,0,1296,161,0.126543,0,0,0,0,0,0,0,0,0
1,bookshelf_tall,22,qpFixed,1,1,0.0288036,2103,21,16.4244,1315,1315,0,0.000440592,0.00249477,0,0,0.0109163,0,4,4,5.25,0,0,0,1,0,0,2103,622985,2040
1,bookshelf_tall,22,qpPlain,1,1,0.0289681,2103,21,16.4244,1315,1315,0,0.000440592,0.00249477,0,0,0.0109163,0,4,4,5.25,0,0,0,1,0,0,2103,721329,2103
1,bookshelf_tall,22,qpAdaptive,1,1,0.0219984,1524,20,16.438,1163,1163,0,0.000440273,0.00249477,0,0,0.0150791,0.259843,4,4,5,0,0,0,0.737533,0.255249,0.00721785,1524,458907,1508
1,bookshelf_tall,22,qpFreeGate,1,1,0.211566,18565,47,25.7147,2490,2490,0,0.00368999,0.00249477,0,0,0.00396415,0,166,40,0.283133,0,0,0,1,0,0,0,0,0
1,bookshelf_tall,22,qpFreeEnvelope,1,1,0.0291562,920,35,11.7933,617,617,0,0.0016566,0.00249477,0,0,0.0571007,0.971739,142,27,0.246479,0,0,0,0.00438596,0.887061,0.108553,0,0,0
1,bookshelf_tall,22,qpEnvelope,1,1,0.0157049,1035,16,16.4972,1007,1007,0,0.000427064,0.00249477,0,0,0.0222823,0.116908,4,4,4,0,0,0,0.882126,0.110145,0.00772947,1035,314824,1030
1,bookshelf_tall,30,isSafe,0,0,0,0,0,0,0,0,0,inf,inf,0,0,0,0,0,0,0,0,0,0,0,0,0,0,0,0
1,bookshelf_tall,30,qpFixed,0,0,0,0,0,0,0,0,0,inf,inf,0,0,0,0,0,0,0,0,0,0,0,0,0,0,0,0
1,bookshelf_tall,30,qpPlain,0,0,0,0,0,0,0,0,0,inf,inf,0,0,0,0,0,0,0,0,0,0,0,0,0,0,0,0
1,bookshelf_tall,30,qpAdaptive,0,0,0,0,0,0,0,0,0,inf,inf,0,0,0,0,0,0,0,0,0,0,0,0,0,0,0,0
1,bookshelf_tall,30,qpFreeGate,0,0,0,0,0,0,0,0,0,inf,inf,0,0,0,0,0,0,0,0,0,0,0,0,0,0,0,0
1,bookshelf_tall,30,qpFreeEnvelope,0,0,0,0,0,0,0,0,0,inf,inf,0,0,0,0,0,0,0,0,0,0,0,0,0,0,0,0
1,bookshelf_tall,30,qpEnvelope,0,0,0,0,0,0,0,0,0,inf,inf,0,0,0,0,0,0,0,0,0,0,0,0,0,0,0,0
1,bookshelf_tall,37,isSafe,0,0,0,0,0,0,0,0,0,inf,inf,0,0,0,0,0,0,0,0,0,0,0,0,0,0,0,0
1,bookshelf_tall,37,qpFixed,0,0,0,0,0,0,0,0,0,inf,inf,0,0,0,0,0,0,0,0,0,0,0,0,0,0,0,0
1,bookshelf_tall,37,qpPlain,0,0,0,0,0,0,0,0,0,inf,inf,0,0,0,0,0,0,0,0,0,0,0,0,0,0,0,0
1,bookshelf_tall,37,qpAdaptive,0,0,0,0,0,0,0,0,0,inf,inf,0,0,0,0,0,0,0,0,0,0,0,0,0,0,0,0
1,bookshelf_tall,37,qpFreeGate,0,0,0,0,0,0,0,0,0,inf,inf,0,0,0,0,0,0,0,0,0,0,0,0,0,0,0,0
1,bookshelf_tall,37,qpFreeEnvelope,0,0,0,0,0,0,0,0,0,inf,inf,0,0,0,0,0,0,0,0,0,0,0,0,0,0,0,0
1,bookshelf_tall,37,qpEnvelope,0,0,0,0,0,0,0,0,0,inf,inf,0,0,0,0,0,0,0,0,0,0,0,0,0,0,0,0
1,bookshelf_tall,44,isSafe,0,0,0,0,0,0,0,0,0,inf,inf,0,0,0,0,0,0,0,0,0,0,0,0,0,0,0,0
1,bookshelf_tall,44,qpFixed,0,0,0,0,0,0,0,0,0,inf,inf,0,0,0,0,0,0,0,0,0,0,0,0,0,0,0,0
1,bookshelf_tall,44,qpPlain,0,0,0,0,0,0,0,0,0,inf,inf,0,0,0,0,0,0,0,0,0,0,0,0,0,0,0,0
1,bookshelf_tall,44,qpAdaptive,0,0,0,0,0,0,0,0,0,inf,inf,0,0,0,0,0,0,0,0,0,0,0,0,0,0,0,0
1,bookshelf_tall,44,qpFreeGate,0,0,0,0,0,0,0,0,0,inf,inf,0,0,0,0,0,0,0,0,0,0,0,0,0,0,0,0
1,bookshelf_tall,44,qpFreeEnvelope,0,0,0,0,0,0,0,0,0,inf,inf,0,0,0,0,0,0,0,0,0,0,0,0,0,0,0,0
1,bookshelf_tall,44,qpEnvelope,0,0,0,0,0,0,0,0,0,inf,inf,0,0,0,0,0,0,0,0,0,0,0,0,0,0,0,0
1,bookshelf_tall,51,isSafe,0,0,0,0,0,0,0,0,0,inf,inf,0,0,0,0,0,0,0,0,0,0,0,0,0,0,0,0
1,bookshelf_tall,51,qpFixed,0,0,0,0,0,0,0,0,0,inf,inf,0,0,0,0,0,0,0,0,0,0,0,0,0,0,0,0
1,bookshelf_tall,51,qpPlain,0,0,0,0,0,0,0,0,0,inf,inf,0,0,0,0,0,0,0,0,0,0,0,0,0,0,0,0
1,bookshelf_tall,51,qpAdaptive,0,0,0,0,0,0,0,0,0,inf,inf,0,0,0,0,0,0,0,0,0,0,0,0,0,0,0,0
1,bookshelf_tall,51,qpFreeGate,0,0,0,0,0,0,0,0,0,inf,inf,0,0,0,0,0,0,0,0,0,0,0,0,0,0,0,0
1,bookshelf_tall,51,qpFreeEnvelope,0,0,0,0,0,0,0,0,0,inf,inf,0,0,0,0,0,0,0,0,0,0,0,0,0,0,0,0
1,bookshelf_tall,51,qpEnvelope,0,0,0,0,0,0,0,0,0,inf,inf,0,0,0,0,0,0,0,0,0,0,0,0,0,0,0,0
1,bookshelf_tall,58,isSafe,0,0,0,0,0,0,0,0,0,inf,inf,0,0,0,0,0,0,0,0,0,0,0,0,0,0,0,0
1,bookshelf_tall,58,qpFixed,0,0,0,0,0,0,0,0,0,inf,inf,0,0,0,0,0,0,0,0,0,0,0,0,0,0,0,0
1,bookshelf_tall,58,qpPlain,0,0,0,0,0,0,0,0,0,inf,inf,0,0,0,0,0,0,0,0,0,0,0,0,0,0,0,0
1,bookshelf_tall,58,qpAdaptive,0,0,0,0,0,0,0,0,0,inf,inf,0,0,0,0,0,0,0,0,0,0,0,0,0,0,0,0
1,bookshelf_tall,58,qpFreeGate,0,0,0,0,0,0,0,0,0,inf,inf,0,0,0,0,0,0,0,0,0,0,0,0,0,0,0,0
1,bookshelf_tall,58,qpFreeEnvelope,0,0,0,0,0,0,0,0,0,inf,inf,0,0,0,0,0,0,0,0,0,0,0,0,0,0,0,0
1,bookshelf_tall,58,qpEnvelope,0,0,0,0,0,0,0,0,0,inf,inf,0,0,0,0,0,0,0,0,0,0,0,0,0,0,0,0
1,bookshelf_tall,65,isSafe,1,1,0.0143641,1940,12,12.5143,8,627,0,0.00119966,0.00249477,0,0,0,0,23,8,0.521739,0,0,0,0,0,0,0,0,0
1,bookshelf_tall,65,qpFixed,1,1,0.0632102,4731,29,17.5847,1326,1326,0,0.000969162,0.00249477,0,0,0.00981793,0,15,13,1.93333,0,0,0,1,0,0,4731,1304650,4398
1,bookshelf_tall,65,qpPlain,1,1,0.0656762,4731,29,17.5847,1326,1326,0,0.000969162,0.00249477,0,0,0.00981793,0,15,13,1.93333,0,0,0,1,0,0,4731,1622733,4731
1,bookshelf_tall,65,qpAdaptive,1,1,0.0495681,3554,34,20.3733,1452,1452,0,0.000491,0.00249477,0,0,0.0144883,0.297411,16,14,2.125,0,0,0,0.701182,0.292347,0.00647158,3554,962220,3436
1,bookshelf_tall,65,qpFreeGate,1,1,0.139615,12429,35,16.8529,1398,1398,0,0.00424629,0.00249477,0,0,0.0046341,0,127,29,0.275591,0,0,0,1,0,0,0,0,0
1,bookshelf_tall,65,qpFreeEnvelope,1,1,0.0226233,694,31,12.7255,653,653,0,0.00353345,0.00249477,0,0,0.0794112,0.945245,123,27,0.252033,0,0,0,0.024602,0.833575,0.141823,0,0,0
1,bookshelf_tall,65,qpEnvelope,1,1,0.00848137,571,15,13.9221,869,869,0,0.00074192,0.00249477,0,0,0.0335683,0.316988,6,5,2.5,0,0,0,0.67951,0.294221,0.0262697,571,146714,551
1,bookshelf_tall,73,isSafe,0,0,0,0,0,0,0,0,0,inf,inf,0,0,0,0,0,0,0,0,0,0,0,0,0,0,0,0
1,bookshelf_tall,73,qpFixed,0,0,0,0,0,0,0,0,0,inf,inf,0,0,0,0,0,0,0,0,0,0,0,0,0,0,0,0
1,bookshelf_tall,73,qpPlain,0,0,0,0,0,0,0,0,0,inf,inf,0,0,0,0,0,0,0,0,0,0,0,0,0,0,0,0
1,bookshelf_tall,73,qpAdaptive,0,0,0,0,0,0,0,0,0,inf,inf,0,0,0,0,0,0,0,0,0,0,0,0,0,0,0,0
1,bookshelf_tall,73,qpFreeGate,0,0,0,0,0,0,0,0,0,inf,inf,0,0,0,0,0,0,0,0,0,0,0,0,0,0,0,0
1,bookshelf_tall,73,qpFreeEnvelope,0,0,0,0,0,0,0,0,0,inf,inf,0,0,0,0,0,0,0,0,0,0,0,0,0,0,0,0
1,bookshelf_tall,73,qpEnvelope,0,0,0,0,0,0,0,0,0,inf,inf,0,0,0,0,0,0,0,0,0,0,0,0,0,0,0,0
1,bookshelf_tall,80,isSafe,0,0,0,0,0,0,0,0,0,inf,inf,0,0,0,0,0,0,0,0,0,0,0,0,0,0,0,0
1,bookshelf_tall,80,qpFixed,0,0,0,0,0,0,0,0,0,inf,inf,0,0,0,0,0,0,0,0,0,0,0,0,0,0,0,0
1,bookshelf_tall,80,qpPlain,0,0,0,0,0,0,0,0,0,inf,inf,0,0,0,0,0,0,0,0,0,0,0,0,0,0,0,0
1,bookshelf_tall,80,qpAdaptive,0,0,0,0,0,0,0,0,0,inf,inf,0,0,0,0,0,0,0,0,0,0,0,0,0,0,0,0
1,bookshelf_tall,80,qpFreeGate,0,0,0,0,0,0,0,0,0,inf,inf,0,0,0,0,0,0,0,0,0,0,0,0,0,0,0,0
1,bookshelf_tall,80,qpFreeEnvelope,0,0,0,0,0,0,0,0,0,inf,inf,0,0,0,0,0,0,0,0,0,0,0,0,0,0,0,0
1,bookshelf_tall,80,qpEnvelope,0,0,0,0,0,0,0,0,0,inf,inf,0,0,0,0,0,0,0,0,0,0,0,0,0,0,0,0
1,bookshelf_tall,87,isSafe,1,1,0.0318238,4295,22,18.6698,11,935,0,0.000532669,0.00249477,0,0,0,0,138,18,0.15942,0,0,0,0,0,0,0,0,0
1,bookshelf_tall,87,qpFixed,1,1,0.00501359,428,6,6.399,429,429,0,0.00291087,0.00249477,0,0,0.0149509,0,1,1,6,0,0,0,1,0,0,428,123574,81
1,bookshelf_tall,87,qpPlain,1,1,0.00529677,428,6,6.399,429,429,0,0.00291087,0.00249477,0,0,0.0149509,0,1,1,6,0,0,0,1,0,0,428,146804,428
1,bookshelf_tall,87,qpAdaptive,1,1,0.00163586,126,6,6.39915,372,372,0,0.00291087,0.00249477,0,0,0.0507869,0.769841,1,1,6,0,0,0,0.230159,0.738095,0.031746,126,38955,62
1,bookshelf_tall,87,qpFreeGate,1,1,0.0115212,1002,12,8.28157,586,586,0,0.00268681,0.00249477,0,0,0.0101744,0,6,4,2,0,0,0,1,0,0,0,0,0
1,bookshelf_tall,87,qpFreeEnvelope,1,1,0.00580426,199,22,15.405,800,800,0,0.0026493,0.00249477,0,0,0.110811,0.854271,17,8,1.29412,0,0,0,0.130653,0.713568,0.155779,0,0,0
1,bookshelf_tall,87,qpEnvelope,1,1,0.000719264,44,6,6.40195,337,337,0,0.00291087,0.00249477,0,0,0.145499,0.454545,1,1,6,0,0,0,0.545455,0.363636,0.0909091,44,13653,31
1,bookshelf_tall,95,isSafe,1,0,10.0004,1244594,11786,0,0,0,0,inf,inf,0,0,0,0,117963,11784,0.0999127,0,0,0,0,0,0,0,0,0
1,bookshelf_tall,95,qpFixed,1,0,10.0021,751038,1513,0,0,0,0,inf,inf,0,0,0.00574186,0,3362,1411,0.45003,0,0,0,1,0,0,751038,224838176,717557
1,bookshelf_tall,95,qpPlain,1,0,10.0018,746239,1503,0,0,0,0,inf,inf,0,0,0.0057439,0,3339,1401,0.450135,0,0,0,1,0,0,746239,255959977,746239
1,bookshelf_tall,95,qpAdaptive,1,0,10.0027,714167,1581,0,0,0,0,inf,inf,0,0,0.00629663,0.0536401,3532,1472,0.447622,0,0,0,0.946075,0.0529921,0.00093256,714167,214472057,706811
1,bookshelf_tall,95,qpFreeGate,1,0,10.0004,871255,1436,0,0,0,0,inf,inf,0,0,0.00258656,0,7896,1433,0.181864,0,0,0,1,0,0,0,0,0
1,bookshelf_tall,95,qpFreeEnvelope,1,0,10,284366,14033,0,0,0,0,inf,inf,0,0,0.0520363,0.725836,93530,14026,0.150037,0,0,0,0.00596733,0.870083,0.12395,0,0,0
1,bookshelf_tall,95,qpEnvelope,1,0,10.0021,709949,1637,0,0,0,0,inf,inf,0,0,0.00656375,0.00875274,3678,1531,0.445079,0,0,0,0.991202,0.00777523,0.00102261,709949,213068129,707432
1,bookshelf_thin,3,isSafe,1,1,0.0182631,1877,11,11.2821,7,566,0,0.00244607,0.00249477,0,0,0,0,17,7,0.647059,0,0,0,0,0,0,0,0,0
1,bookshelf_thin,3,qpFixed,1,1,0.00805365,587,7,8.48477,588,588,0,0.00244607,0.00249477,0,0,0.0144545,0,1,1,7,0,0,0,1,0,0,587,154745,122
1,bookshelf_thin,3,qpPlain,1,1,0.00860043,587,7,8.48477,588,588,0,0.00244607,0.00249477,0,0,0.0144545,0,1,1,7,0,0,0,1,0,0,587,201341,587
1,bookshelf_thin,3,qpAdaptive,1,1,0.00140433,94,7,8.51564,474,474,0,0.00244607,0.00249477,0,0,0.0905919,0.829787,1,1,7,0,0,0,0.170213,0.776596,0.0531915,94,25516,43
1,bookshelf_thin,3,qpFreeGate,1,1,0.0483051,3572,13,11.1825,943,943,0,0.00244607,0.00249477,0,0,0.00517556,0,17,9,0.764706,0,0,0,1,0,0,0,0,0
1,bookshelf_thin,3,qpFreeEnvelope,1,1,0.0100366,291,12,11.3646,592,592,0,0.00244607,0.00249477,0,0,0.0642314,0.924399,17,8,0.705882,0,0,0,0.0652921,0.852234,0.0824742,0,0,0
1,bookshelf_thin,3,qpEnvelope,1,1,0.00070339,37,7,8.52408,443,443,0,0.00244607,0.00249477,0,0,0.23038,0.864865,1,1,7,0,0,0,0.0810811,0.783784,0.135135,37,10005,17
1,bookshelf_thin,10,isSafe,0,0,0,0,0,0,0,0,0,inf,inf,0,0,0,0,0,0,0,0,0,0,0,0,0,0,0,0
1,bookshelf_thin,10,qpFixed,0,0,0,0,0,0,0,0,0,inf,inf,0,0,0,0,0,0,0,0,0,0,0,0,0,0,0,0
1,bookshelf_thin,10,qpPlain,0,0,0,0,0,0,0,0,0,inf,inf,0,0,0,0,0,0,0,0,0,0,0,0,0,0,0,0
1,bookshelf_thin,10,qpAdaptive,0,0,0,0,0,0,0,0,0,inf,inf,0,0,0,0,0,0,0,0,0,0,0,0,0,0,0,0
1,bookshelf_thin,10,qpFreeGate,0,0,0,0,0,0,0,0,0,inf,inf,0,0,0,0,0,0,0,0,0,0,0,0,0,0,0,0
1,bookshelf_thin,10,qpFreeEnvelope,0,0,0,0,0,0,0,0,0,inf,inf,0,0,0,0,0,0,0,0,0,0,0,0,0,0,0,0
1,bookshelf_thin,10,qpEnvelope,0,0,0,0,0,0,0,0,0,inf,inf,0,0,0,0,0,0,0,0,0,0,0,0,0,0,0,0
1,bookshelf_thin,17,isSafe,1,1,0.255526,26205,133,9.78605,6,491,0,0.00209988,0.00249477,0,0,0,0,1032,130,0.128876,0,0,0,0,0,0,0,0,0
1,bookshelf_thin,17,qpFixed,1,1,0.00555206,396,5,5.33226,397,397,0,0.00168751,0.00249477,0,0,0.0134653,0,1,1,5,0,0,0,1,0,0,396,106665,151
1,bookshelf_thin,17,qpPlain,1,1,0.0059555,396,5,5.33226,397,397,0,0.00168751,0.00249477,0,0,0.0134653,0,1,1,5,0,0,0,1,0,0,396,135828,396
1,bookshelf_thin,17,qpAdaptive,1,1,0.00266048,173,5,5.3323,332,332,0,0.00168751,0.00249477,0,0,0.0308225,0.416185,1,1,5,0,0,0,0.583815,0.398844,0.017341,173,49842,140
1,bookshelf_thin,17,qpFreeGate,1,1,0.217131,16118,50,12.1488,1033,1033,0,0.00209988,0.00249477,0,0,0.00489296,0,145,43,0.344828,0,0,0,1,0,0,0,0,0
1,bookshelf_thin,17,qpFreeEnvelope,1,1,0.0438482,1200,48,12.7118,668,668,0,0.00209988,0.00249477,0,0,0.0601644,0.930833,145,39,0.331034,0,0,0,0.0414201,0.858833,0.0997464,0,0,0
1,bookshelf_thin,17,qpEnvelope,1,1,0.00101814,59,5,5.33858,294,294,0,0.00168751,0.00249477,0,0,0.0904845,0.389831,1,1,5,0,0,0,0.610169,0.338983,0.0508475,59,16498,50
1,bookshelf_thin,24,isSafe,0,0,0,0,0,0,0,0,0,inf,inf,0,0,0,0,0,0,0,0,0,0,0,0,0,0,0,0
1,bookshelf_thin,24,qpFixed,0,0,0,0,0,0,0,0,0,inf,inf,0,0,0,0,0,0,0,0,0,0,0,0,0,0,0,0
1,bookshelf_thin,24,qpPlain,0,0,0,0,0,0,0,0,0,inf,inf,0,0,0,0,0,0,0,0,0,0,0,0,0,0,0,0
1,bookshelf_thin,24,qpAdaptive,0,0,0,0,0,0,0,0,0,inf,inf,0,0,0,0,0,0,0,0,0,0,0,0,0,0,0,0
1,bookshelf_thin,24,qpFreeGate,0,0,0,0,0,0,0,0,0,inf,inf,0,0,0,0,0,0,0,0,0,0,0,0,0,0,0,0
1,bookshelf_thin,24,qpFreeEnvelope,0,0,0,0,0,0,0,0,0,inf,inf,0,0,0,0,0,0,0,0,0,0,0,0,0,0,0,0
1,bookshelf_thin,24,qpEnvelope,0,0,0,0,0,0,0,0,0,inf,inf,0,0,0,0,0,0,0,0,0,0,0,0,0,0,0,0
1,bookshelf_thin,31,isSafe,1,1,0.0581568,5976,32,16.5124,10,827,0,0.00701103,0.00249477,0,0,0,0,134,28,0.238806,0,0,0,0,0,0,0,0,0
1,bookshelf_thin,31,qpFixed,1,1,0.0364831,2287,14,13.7313,1187,1187,0,0.00024391,0.00249477,0,0,0.00935328,0,7,4,2,0,0,0,1,0,0,2287,685665,1927
1,bookshelf_thin,31,qpPlain,1,1,0.0368839,2287,14,13.7313,1187,1187,0,0.00024391,0.00249477,0,0,0.00935328,0,7,4,2,0,0,0,1,0,0,2287,784441,2287
1,bookshelf_thin,31,qpAdaptive,1,1,0.0232653,1372,14,13.7563,1004,1004,0,0.000232111,0.00249477,0,0,0.0156339,0.253644,7,4,2,0,0,0,0.74344,0.249271,0.00728863,1372,414441,1323
1,bookshelf_thin,31,qpFreeGate,1,1,0.193709,14301,42,24.5281,1996,1996,0,0.00393627,0.00249477,0,0,0.00488454,0,99,34,0.424242,0,0,0,1,0,0,0,0,0
1,bookshelf_thin,31,qpFreeEnvelope,1,1,0.0111516,264,21,17.9773,929,929,0,0.00252489,0.00249477,0,0,0.121593,0.973485,39,15,0.538462,0,0,0,0,0.819923,0.180077,0,0,0
1,bookshelf_thin,31,qpEnvelope,1,1,0.0157647,891,14,13.768,896,896,0,0.000248783,0.00249477,0,0,0.0240827,0.241302,7,4,2,0,0,0,0.758698,0.228956,0.0123457,891,269390,874
1,bookshelf_thin,38,isSafe,1,1,0.00789905,814,7,8.00559,6,402,0,0.00557579,0.00249477,0,0,0,0,2,2,3.5,0,0,0,0,0,0,0,0,0
1,bookshelf_thin,38,qpFixed,1,1,0.00655993,486,6,7.30505,487,487,0,0.00792455,0.00249477,0,0,0.015031,0,1,1,6,0,0,0,1,0,0,486,111724,155
1,bookshelf_thin,38,qpPlain,1,1,0.00714023,486,6,7.30505,487,487,0,0.00792455,0.00249477,0,0,0.015031,0,1,1,6,0,0,0,1,0,0,486,166698,486
1,bookshelf_thin,38,qpAdaptive,1,1,0.00139668,94,6,7.31269,414,414,0,0.00792455,0.00249477,0,0,0.0777945,0.840426,1,1,6,0,0,0,0.148936,0.808511,0.0425532,94,23756,53
1,bookshelf_thin,38,qpFreeGate,1,1,0.00965732,718,7,7.82444,593,593,0,0.00556709,0.00249477,0,0,0.0111654,0,2,2,3.5,0,0,0,1,0,0,0,0,0
1,bookshelf_thin,38,qpFreeEnvelope,1,1,0.00188865,50,8,7.86043,414,414,0,0.00559817,0.00249477,0,0,0.161209,0.96,2,2,4,0,0,0,0.04,0.82,0.14,0,0,0
1,bookshelf_thin,38,qpEnvelope,1,1,0.000681319,39,6,7.3274,384,384,0,0.00792455,0.00249477,0,0,0.187882,0.717949,1,1,6,0,0,0,0.282051,0.615385,0.102564,39,10114,25
1,bookshelf_thin,45,isSafe,0,0,0,0,0,0,0,0,0,inf,inf,0,0,0,0,0,0,0,0,0,0,0,0,0,0,0,0
1,bookshelf_thin,45,qpFixed,0,0,0,0,0,0,0,0,0,inf,inf,0,0,0,0,0,0,0,0,0,0,0,0,0,0,0,0
1,bookshelf_thin,45,qpPlain,0,0,0,0,0,0,0,0,0,inf,inf,0,0,0,0,0,0,0,0,0,0,0,0,0,0,0,0
1,bookshelf_thin,45,qpAdaptive,0,0,0,0,0,0,0,0,0,inf,inf,0,0,0,0,0,0,0,0,0,0,0,0,0,0,0,0
1,bookshelf_thin,45,qpFreeGate,0,0,0,0,0,0,0,0,0,inf,inf,0,0,0,0,0,0,0,0,0,0,0,0,0,0,0,0
1,bookshelf_thin,45,qpFreeEnvelope,0,0,0,0,0,0,0,0,0,inf,inf,0,0,0,0,0,0,0,0,0,0,0,0,0,0,0,0
1,bookshelf_thin,45,qpEnvelope,0,0,0,0,0,0,0,0,0,inf,inf,0,0,0,0,0,0,0,0,0,0,0,0,0,0,0,0
1,bookshelf_thin,52,isSafe,1,1,0.141052,14495,71,22.0083,13,1102,0,0.00188804,0.00249477,0,0,0,0,470,67,0.151064,0,0,0,0,0,0,0,0,0
1,bookshelf_thin,52,qpFixed,1,1,0.0111918,759,8,9.32834,760,760,0,0.000184695,0.00249477,0,0,0.0122903,0,1,1,8,0,0,0,1,0,0,759,191123,539
1,bookshelf_thin,52,qpPlain,1,1,0.0118753,759,8,9.32834,760,760,0,0.000184695,0.00249477,0,0,0.0122903,0,1,1,8,0,0,0,1,0,0,759,260337,759
1,bookshelf_thin,52,qpAdaptive,1,1,0.00829657,525,8,9.32942,704,704,0,0.000184695,0.00249477,0,0,0.0177703,0.24381,1,1,8,0,0,0,0.754286,0.238095,0.00761905,525,135349,499
1,bookshelf_thin,52,qpFreeGate,1,1,1.29388,95182,245,15.9844,1641,1641,0,0.00143816,0.00249477,0,0,0.0042713,0,1178,239,0.20798,0,0,0,1,0,0,0,0,0
1,bookshelf_thin,52,qpFreeEnvelope,1,1,0.0425581,1074,42,20.3481,1051,1051,0,0.00178883,0.00249477,0,0,0.0626643,0.936685,158,35,0.265823,0,0,0,0.0413923,0.850423,0.108184,0,0,0
1,bookshelf_thin,52,qpEnvelope,1,1,0.00454365,260,8,9.35026,593,593,0,0.000184695,0.00249477,0,0,0.0359625,0.303846,1,1,8,0,0,0,0.692308,0.284615,0.0230769,260,70279,246
1,bookshelf_thin,59,isSafe,1,1,0.0382202,3794,20,11.1008,7,557,0,0.00487359,0.00249477,0,0,0,0,90,16,0.222222,0,0,0,0,0,0,0,0,0
1,bookshelf_thin,59,qpFixed,1,1,0.010979,773,7,6.2963,518,518,0,0.000270431,0.00249477,0,0,0.0120051,0,2,2,3.5,0,0,0,1,0,0,773,177995,335
1,bookshelf_thin,59,qpPlain,1,1,0.0121474,773,7,6.2963,518,518,0,0.000270431,0.00249477,0,0,0.0120051,0,2,2,3.5,0,0,0,1,0,0,773,265139,773
1,bookshelf_thin,59,qpAdaptive,1,1,0.00587383,377,7,6.2963,427,427,0,0.000270517,0.00249477,0,0,0.0246151,0.122016,2,2,3.5,0,0,0,0.877984,0.111406,0.0106101,377,89015,334
1,bookshelf_thin,59,qpFreeGate,1,1,0.138079,9951,28,10.2707,712,712,0,0.00487359,0.00249477,0,0,0.00469318,0,90,24,0.311111,0,0,0,1,0,0,0,0,0
1,bookshelf_thin,59,qpFreeEnvelope,1,1,0.023022,526,26,10.4374,540,540,0,0.00487359,0.00249477,0,0,0.0851869,0.960076,90,22,0.288889,0,0,0,0,0.862333,0.137667,0,0,0
1,bookshelf_thin,59,qpEnvelope,1,1,0.00464494,281,8,6.27604,380,380,0,0.000269465,0.00249477,0,0,0.033401,0.131673,2,2,4,0,0,0,0.868327,0.117438,0.0142349,281,66314,266
1,bookshelf_thin,66,isSafe,1,1,0.237685,23435,123,17.6435,10,884,0,0.00457236,0.00249477,0,0,0,0,874,120,0.140732,0,0,0,0,0,0,0,0,0
1,bookshelf_thin,66,qpFixed,1,1,0.0260066,1700,11,12.2673,1235,1235,167,-0.0104308,0.00249477,0,0,0.00909064,0,3,2,3.66667,0,0,0,1,0,0,1700,437436,1157
1,bookshelf_thin,66,qpPlain,1,1,0.0277528,1700,11,12.2673,1235,1235,167,-0.0104308,0.00249477,0,0,0.00909064,0,3,2,3.66667,0,0,0,1,0,0,1700,583100,1700
1,bookshelf_thin,66,qpAdaptive,1,1,0.0191271,1160,11,12.2707,1055,1055,167,-0.0104308,0.00249477,0,0,0.0133254,0.0844828,3,2,3.66667,0,0,0,0.915517,0.0810345,0.00344828,1160,299382,1124
1,bookshelf_thin,66,qpFreeGate,1,1,0.492914,35350,83,15.7605,1317,1317,0,0.00457236,0.00249477,0,0,0.00387905,0,325,72,0.255385,0,0,0,1,0,0,0,0,0
1,bookshelf_thin,66,qpFreeEnvelope,1,1,0.0831521,1954,81,19.3493,1001,1001,0,0.00457236,0.00249477,0,0,0.0697477,0.954452,326,72,0.248466,0,0,0,0.00258665,0.852561,0.144853,0,0,0
1,bookshelf_thin,66,qpEnvelope,1,1,0.0175051,1045,11,12.2816,1002,1002,167,-0.0104936,0.00249477,0,0,0.0148009,0.0401914,3,2,3.66667,0,0,0,0.959809,0.0354067,0.00478469,1045,267236,1031
1,bookshelf_thin,73,isSafe,1,1,0.0500526,5160,26,9.58669,6,481,0,0.00250351,0.00249477,0,0,0,0,130,23,0.2,0,0,0,0,0,0,0,0,0
1,bookshelf_thin,73,qpFixed,1,1,0.00447646,324,5,5.07283,391,391,0,0.001616,0.00249477,0,0,0.0156569,0,1,1,5,0,0,0,1,0,0,324,75456,151
1,bookshelf_thin,73,qpPlain,1,1,0.0049179,324,5,5.07283,391,391,0,0.001616,0.00249477,0,0,0.0156569,0,1,1,5,0,0,0,1,0,0,324,111132,324
1,bookshelf_thin,73,qpAdaptive,1,1,0.00250453,170,5,5.07649,315,315,0,0.00161418,0.00249477,0,0,0.0298617,0.205882,1,1,5,0,0,0,0.788235,0.194118,0.0176471,170,39735,116
1,bookshelf_thin,73,qpFreeGate,1,1,0.182841,13552,41,9.73688,706,706,0,0.00261778,0.00249477,0,0,0.00489193,0,130,37,0.315385,0,0,0,1,0,0,0,0,0
1,bookshelf_thin,73,qpFreeEnvelope,1,1,0.0306781,738,41,9.78849,506,506,0,0.00260334,0.00249477,0,0,0.0890037,0.96748,130,37,0.315385,0,0,0,0,0.857143,0.142857,0,0,0
1,bookshelf_thin,73,qpEnvelope,1,1,0.0016233,101,5,5.08571,294,294,0,0.00160991,0.00249477,0,0,0.0503536,0.168317,1,1,5,0,0,0,0.831683,0.138614,0.029703,101,23433,89
1,bookshelf_thin,81,isSafe,0,0,0,0,0,0,0,0,0,inf,inf,0,0,0,0,0,0,0,0,0,0,0,0,0,0,0,0
1,bookshelf_thin,81,qpFixed,0,0,0,0,0,0,0,0,0,inf,inf,0,0,0,0,0,0,0,0,0,0,0,0,0,0,0,0
1,bookshelf_thin,81,qpPlain,0,0,0,0,0,0,0,0,0,inf,inf,0,0,0,0,0,0,0,0,0,0,0,0,0,0,0,0
1,bookshelf_thin,81,qpAdaptive,0,0,0,0,0,0,0,0,0,inf,inf,0,0,0,0,0,0,0,0,0,0,0,0,0,0,0,0
1,bookshelf_thin,81,qpFreeGate,0,0,0,0,0,0,0,0,0,inf,inf,0,0,0,0,0,0,0,0,0,0,0,0,0,0,0,0
1,bookshelf_thin,81,qpFreeEnvelope,0,0,0,0,0,0,0,0,0,inf,inf,0,0,0,0,0,0,0,0,0,0,0,0,0,0,0,0
1,bookshelf_thin,81,qpEnvelope,0,0,0,0,0,0,0,0,0,inf,inf,0,0,0,0,0,0,0,0,0,0,0,0,0,0,0,0
1,bookshelf_thin,88,isSafe,1,1,0.0528865,5446,29,12.0469,8,604,0,0.00418239,0.00249477,0,0,0,0,112,25,0.258929,0,0,0,0,0,0,0,0,0
1,bookshelf_thin,88,qpFixed,1,1,0.0398407,2686,26,16.4798,1398,1398,0,0.00106165,0.00249477,0,0,0.00997581,0,8,7,3.25,0,0,0,1,0,0,2686,654283,1728
1,bookshelf_thin,88,qpPlain,1,1,0.0433199,2686,26,16.4798,1398,1398,0,0.00106165,0.00249477,0,0,0.00997581,0,8,7,3.25,0,0,0,1,0,0,2686,921298,2686
1,bookshelf_thin,88,qpAdaptive,1,1,0.0256532,1587,25,16.499,1118,1118,0,0.00106202,0.00249477,0,0,0.016899,0.163831,8,7,3.125,0,0,0,0.831128,0.15627,0.0126024,1587,381997,1381
1,bookshelf_thin,88,qpFreeGate,1,1,0.159176,11791,33,12.3918,1074,1074,0,0.00418239,0.00249477,0,0,0.00494151,0,112,29,0.294643,0,0,0,1,0,0,0,0,0
1,bookshelf_thin,88,qpFreeEnvelope,1,1,0.0283757,726,31,12.1234,620,620,0,0.00418239,0.00249477,0,0,0.0772539,0.960055,112,27,0.276786,0,0,0,0,0.873418,0.126582,0,0,0
1,bookshelf_thin,88,qpEnvelope,1,1,0.0200266,1188,28,16.549,1029,1029,0,0.00109834,0.00249477,0,0,0.0226035,0.10101,8,7,3.5,0,0,0,0.894781,0.0867003,0.0185185,1188,285013,1020
1,bookshelf_thin,95,isSafe,0,0,0,0,0,0,0,0,0,inf,inf,0,0,0,0,0,0,0,0,0,0,0,0,0,0,0,0
1,bookshelf_thin,95,qpFixed,0,0,0,0,0,0,0,0,0,inf,inf,0,0,0,0,0,0,0,0,0,0,0,0,0,0,0,0
1,bookshelf_thin,95,qpPlain,0,0,0,0,0,0,0,0,0,inf,inf,0,0,0,0,0,0,0,0,0,0,0,0,0,0,0,0
1,bookshelf_thin,95,qpAdaptive,0,0,0,0,0,0,0,0,0,inf,inf,0,0,0,0,0,0,0,0,0,0,0,0,0,0,0,0
1,bookshelf_thin,95,qpFreeGate,0,0,0,0,0,0,0,0,0,inf,inf,0,0,0,0,0,0,0,0,0,0,0,0,0,0,0,0
1,bookshelf_thin,95,qpFreeEnvelope,0,0,0,0,0,0,0,0,0,inf,inf,0,0,0,0,0,0,0,0,0,0,0,0,0,0,0,0
1,bookshelf_thin,95,qpEnvelope,0,0,0,0,0,0,0,0,0,inf,inf,0,0,0,0,0,0,0,0,0,0,0,0,0,0,0,0
1,table_under_pick,2,isSafe,1,1,0.0104684,1886,12,6.49313,5,326,0,0.00516586,0.00249477,0,0,0,0,21,8,0.571429,0,0,0,0,0,0,0,0,0
1,table_under_pick,2,qpFixed,1,1,0.00695627,625,7,7.23577,559,559,0,0.00254825,0.00249477,0,0,0.0123801,0,2,2,3.5,0,0,0,1,0,0,625,184476,422
1,table_under_pick,2,qpPlain,1,1,0.00725498,625,7,7.23577,559,559,0,0.00254825,0.00249477,0,0,0.0123801,0,2,2,3.5,0,0,0,1,0,0,625,214375,625
1,table_under_pick,2,qpAdaptive,1,1,0.00426481,350,7,7.23456,483,483,0,0.00254817,0.00249477,0,0,0.0221051,0.462857,2,2,3.5,0,0,0,0.537143,0.451429,0.0114286,350,103729,311
1,table_under_pick,2,qpFreeGate,1,1,0.0399385,4208,20,9.38615,735,735,0,0.00516586,0.00249477,0,0,0.00623559,0,27,12,0.740741,0,0,0,1,0,0,0,0,0
1,table_under_pick,2,qpFreeEnvelope,1,1,0.00579926,230,20,9.37912,496,496,0,0.00516586,0.00249477,0,0,0.114272,0.947826,27,12,0.740741,0,0,0,0.00869565,0.847826,0.143478,0,0,0
1,table_under_pick,2,qpEnvelope,1,1,0.00224836,164,7,7.23397,424,424,0,0.00254783,0.00249477,0,0,0.0471665,0.554878,2,2,3.5,0,0,0,0.445122,0.52439,0.0304878,164,48717,150
1,table_under_pick,9,isSafe,0,0,0,0,0,0,0,0,0,inf,inf,0,0,0,0,0,0,0,0,0,0,0,0,0,0,0,0
1,table_under_pick,9,qpFixed,0,0,0,0,0,0,0,0,0,inf,inf,0,0,0,0,0,0,0,0,0,0,0,0,0,0,0,0
1,table_under_pick,9,qpPlain,0,0,0,0,0,0,0,0,0,inf,inf,0,0,0,0,0,0,0,0,0,0,0,0,0,0,0,0
1,table_under_pick,9,qpAdaptive,0,0,0,0,0,0,0,0,0,inf,inf,0,0,0,0,0,0,0,0,0,0,0,0,0,0,0,0
1,table_under_pick,9,qpFreeGate,0,0,0,0,0,0,0,0,0,inf,inf,0,0,0,0,0,0,0,0,0,0,0,0,0,0,0,0
1,table_under_pick,9,qpFreeEnvelope,0,0,0,0,0,0,0,0,0,inf,inf,0,0,0,0,0,0,0,0,0,0,0,0,0,0,0,0
1,table_under_pick,9,qpEnvelope,0,0,0,0,0,0,0,0,0,inf,inf,0,0,0,0,0,0,0,0,0,0,0,0,0,0,0,0
1,table_under_pick,16,isSafe,1,1,0.0156345,2826,15,15.5344,9,778,0,0.00450147,0.00249477,0,0,0,0,80,11,0.1875,0,0,0,0,0,0,0,0,0
1,table_under_pick,16,qpFixed,1,1,0.0186496,1700,13,11.5728,1047,1047,0,0.000395578,0.00249477,0,0,0.0102415,0,3,3,4.33333,0,0,0,1,0,0,1700,465434,1306
1,table_under_pick,16,qpPlain,1,1,0.0195913,1700,13,11.5728,1047,1047,0,0.000395578,0.00249477,0,0,0.0102415,0,3,3,4.33333,0,0,0,1,0,0,1700,583100,1700
1,table_under_pick,16,qpAdaptive,1,1,0.0138819,1176,13,11.5821,927,927,0,0.000400217,0.00249477,0,0,0.0148063,0.132653,3,3,4.33333,0,0,0,0.866497,0.129252,0.0042517,1176,319800,1113
1,table_under_pick,16,qpFreeGate,1,1,0.106439,11310,28,20.0858,1830,1830,0,0.00418845,0.00249477,0,0,0.0035367,0,94,21,0.297872,0,0,0,1,0,0,0,0,0
1,table_under_pick,16,qpFreeEnvelope,1,1,0.0167969,690,29,20.4236,1092,1092,0,0.000440658,0.00249477,0,0,0.0616426,0.915942,94,21,0.308511,0,0,0,0.0642336,0.808759,0.127007,0,0,0
1,table_under_pick,16,qpEnvelope,1,1,0.0103921,838,13,11.598,783,783,0,0.000438601,0.00249477,0,0,0.0208314,0.153938,3,3,4.33333,0,0,0,0.846062,0.144391,0.00954654,838,227196,814
1,table_under_pick,23,isSafe,1,1,0.00786698,1426,10,7.42689,6,373,0,0.00482682,0.00249477,0,0,0,0,18,6,0.555556,0,0,0,0,0,0,0,0,0
1,table_under_pick,23,qpFixed,1,1,0.00405216,363,6,4.79407,364,364,0,0.00299479,0.00249477,0,0,0.0132068,0,1,1,6,0,0,0,1,0,0,363,105963,319
1,table_under_pick,23,qpPlain,1,1,0.00411825,363,6,4.79407,364,364,0,0.00299479,0.00249477,0,0,0.0132068,0,1,1,6,0,0,0,1,0,0,363,124509,363
1,table_under_pick,23,qpAdaptive,1,1,0.00275826,233,6,4.79601,346,346,0,0.00299486,0.00249477,0,0,0.0205837,0.44206,1,1,6,0,0,0,0.55794,0.429185,0.0128755,233,66623,220
1,table_under_pick,23,qpFreeGate,1,1,0.0229447,2427,21,14.7039,1147,1147,0,0.00478317,0.00249477,0,0,0.00746671,0,19,8,1.10526,0,0,0,1,0,0,0,0,0
1,table_under_pick,23,qpFreeEnvelope,1,1,0.00396542,151,17,15.0889,779,779,0,0.0047784,0.00249477,0,0,0.153012,0.933775,21,9,0.809524,0,0,0,0.0463576,0.768212,0.18543,0,0,0
1,table_under_pick,23,qpEnvelope,1,1,0.00142303,108,6,4.82014,289,289,0,0.00299405,0.00249477,0,0,0.044631,0.481481,1,1,6,0,0,0,0.518519,0.453704,0.0277778,108,30351,104
1,table_under_pick,30,isSafe,1,1,0.0177514,3211,18,12.9021,8,647,0,0.00335116,0.00249477,0,0,0,0,64,14,0.28125,0,0,0,0,0,0,0,0,0
1,table_under_pick,30,qpFixed,1,1,0.0262604,2405,17,10.0892,922,922,0,0.000134107,0.00249477,0,0,0.0103855,0,6,6,2.83333,0,0,0,1,0,0,2405,611818,1973
1,table_under_pick,30,qpPlain,1,1,0.0283259,2405,17,10.0892,922,922,0,0.000134107,0.00249477,0,0,0.0103855,0,6,6,2.83333,0,0,0,1,0,0,2405,824915,2405
1,table_under_pick,30,qpAdaptive,1,1,0.0181894,1527,17,10.0871,789,789,0,0.000133756,0.00249477,0,0,0.0163661,0.284872,6,6,2.83333,0,0,0,0.711853,0.281598,0.00654879,1527,391771,1462
1,table_under_pick,30,qpFreeGate,1,1,0.0697634,7486,26,12.1317,1331,1331,0,0.0031896,0.00249477,0,0,0.00563885,0,64,20,0.40625,0,0,0,1,0,0,0,0,0
1,table_under_pick,30,qpFreeEnvelope,1,1,0.0123822,499,27,14.1367,751,751,0,0.00134486,0.00249477,0,0,0.0857864,0.951904,70,23,0.385714,0,0,0,0.0224033,0.845214,0.132383,0,0,0
1,table_under_pick,30,qpEnvelope,1,1,0.0130891,1051,17,10.0929,737,737,0,0.000131867,0.00249477,0,0,0.0238604,0.181732,6,6,2.83333,0,0,0,0.815414,0.173168,0.0114177,1051,272853,1024
1,table_under_pick,37,isSafe,0,0,0,0,0,0,0,0,0,inf,inf,0,0,0,0,0,0,0,0,0,0,0,0,0,0,0,0
1,table_under_pick,37,qpFixed,0,0,0,0,0,0,0,0,0,inf,inf,0,0,0,0,0,0,0,0,0,0,0,0,0,0,0,0
1,table_under_pick,37,qpPlain,0,0,0,0,0,0,0,0,0,inf,inf,0,0,0,0,0,0,0,0,0,0,0,0,0,0,0,0
1,table_under_pick,37,qpAdaptive,0,0,0,0,0,0,0,0,0,inf,inf,0,0,0,0,0,0,0,0,0,0,0,0,0,0,0,0
1,table_under_pick,37,qpFreeGate,0,0,0,0,0,0,0,0,0,inf,inf,0,0,0,0,0,0,0,0,0,0,0,0,0,0,0,0
1,table_under_pick,37,qpFreeEnvelope,0,0,0,0,0,0,0,0,0,inf,inf,0,0,0,0,0,0,0,0,0,0,0,0,0,0,0,0
1,table_under_pick,37,qpEnvelope,0,0,0,0,0,0,0,0,0,inf,inf,0,0,0,0,0,0,0,0,0,0,0,0,0,0,0,0
1,table_under_pick,44,isSafe,1,1,0.0271998,4892,25,19.4983,11,976,0,0.0029914,0.00249477,0,0,0,0,111,21,0.225225,0,0,0,0,0,0,0,0,0
1,table_under_pick,44,qpFixed,1,1,0.0252476,2342,19,6.4255,469,469,0,0.00506163,0.00249477,0,0,0.0102772,0,8,8,2.375,0,0,0,1,0,0,2342,612338,2075
1,table_under_pick,44,qpPlain,1,1,0.026957,2342,19,6.4255,469,469,0,0.00506163,0.00249477,0,0,0.0102772,0,8,8,2.375,0,0,0,1,0,0,2342,803306,2342
1,table_under_pick,44,qpAdaptive,1,1,0.0177269,1569,18,6.43851,423,423,0,0.00507773,0.00249477,0,0,0.015384,0.273423,8,8,2.25,0,0,0,0.725303,0.268961,0.00573614,1569,389078,1546
1,table_under_pick,44,qpFreeGate,1,1,0.0891437,9492,30,20.1921,1774,1774,0,0.00518544,0.00249477,0,0,0.00448092,0,89,24,0.337079,0,0,0,1,0,0,0,0,0
1,table_under_pick,44,qpFreeEnvelope,1,1,0.0132209,514,27,20.5819,1073,1073,0,0.000482419,0.00249477,0,0,0.0801361,0.94358,89,21,0.303371,0,0,0,0.00992063,0.859127,0.130952,0,0,0
1,table_under_pick,44,qpEnvelope,1,1,0.0135558,1122,15,8.18594,541,541,0,0.000386142,0.00249477,0,0,0.020996,0.221034,8,8,1.875,0,0,0,0.776292,0.213904,0.00980392,1122,286989,1111
1,table_under_pick,51,isSafe,1,1,0.0137518,2484,14,13.2092,8,662,0,0.00481706,0.00249477,0,0,0,0,61,9,0.229508,0,0,0,0,0,0,0,0,0
1,table_under_pick,51,qpFixed,1,1,0.0190521,1673,16,10.5154,799,799,0,0.000279769,0.00249477,0,0,0.0115813,0,4,4,4,0,0,0,1,0,0,1673,475108,1576
1,table_under_pick,51,qpPlain,1,1,0.0196273,1673,16,10.5154,799,799,0,0.000279769,0.00249477,0,0,0.0115813,0,4,4,4,0,0,0,1,0,0,1673,573839,1673
1,table_under_pick,51,qpAdaptive,1,1,0.01528,1284,16,10.5167,751,751,0,0.000273195,0.00249477,0,0,0.0151042,0.214174,4,4,4,0,0,0,0.78271,0.209502,0.00778816,1284,361501,1225
1,table_under_pick,51,qpFreeGate,1,1,0.0743083,7864,16,13.4379,1045,1045,0,0.00481706,0.00249477,0,0,0.0031297,0,76,12,0.210526,0,0,0,1,0,0,0,0,0
1,table_under_pick,51,qpFreeEnvelope,1,1,0.0146803,609,18,14.6809,777,777,0,0.00130898,0.00249477,0,0,0.0494592,0.963875,76,14,0.236842,0,0,0,0.0295567,0.860427,0.110016,0,0,0
1,table_under_pick,51,qpEnvelope,1,1,0.0106567,851,15,10.5383,659,659,0,0.000243666,0.00249477,0,0,0.0229186,0.242068,4,4,3.75,0,0,0,0.754407,0.232667,0.012926,851,238683,811
1,table_under_pick,58,isSafe,1,0,10.0001,1612615,15971,0,0,0,0,inf,inf,0,0,0,0,135561,15969,0.117814,0,0,0,0,0,0,0,0,0
1,table_under_pick,58,qpFixed,1,0,10.0014,876806,1789,0,0,0,0,inf,inf,0,0,0.00576447,0,3876,1684,0.461558,0,0,0,1,0,0,876806,260487261,836371
1,table_under_pick,58,qpPlain,1,0,10.0015,862044,1763,0,0,0,0,inf,inf,0,0,0.00577487,0,3806,1658,0.463216,0,0,0,1,0,0,862044,295681092,862044
1,table_under_pick,58,qpAdaptive,1,0,10.0021,841782,1870,0,0,0,0,inf,inf,0,0,0.00630047,0.0544262,4112,1764,0.454767,0,0,0,0.945364,0.0537289,0.000907598,841782,250426756,831652
1,table_under_pick,58,qpFreeGate,1,0,10.0004,1049872,1715,0,0,0,0,inf,inf,0,0,0.00251675,0,9550,1710,0.179581,0,0,0,1,0,0,0,0,0
1,table_under_pick,58,qpFreeEnvelope,1,0,10,340059,19356,0,0,0,0,inf,inf,0,0,0.0566879,0.70706,118159,19349,0.163813,0,0,0,0.00261501,0.867577,0.129808,0,0,0
1,table_under_pick,58,qpEnvelope,1,0,10.0006,832123,1925,0,0,0,0,inf,inf,0,0,0.00656005,0.00627191,4250,1820,0.452941,0,0,0,0.993697,0.00537541,0.000927749,832123,247282438,828991
1,table_under_pick,66,isSafe,1,1,0.0325813,5880,31,18.8409,11,944,0,0.000331987,0.00249477,0,0,0,0,185,26,0.167568,0,0,0,0,0,0,0,0,0
1,table_under_pick,66,qpFixed,1,1,0.0208462,1916,17,12.9664,1025,1025,0,0.000245778,0.00249477,0,0,0.0107915,0,5,5,3.4,0,0,0,1,0,0,1916,497405,1511
1,table_under_pick,66,qpPlain,1,1,0.0222834,1916,17,12.9664,1025,1025,0,0.000245778,0.00249477,0,0,0.0107915,0,5,5,3.4,0,0,0,1,0,0,1916,657188,1916
1,table_under_pick,66,qpAdaptive,1,1,0.0134275,1135,18,12.9805,919,919,0,0.000246567,0.00249477,0,0,0.0182231,0.328634,5,5,3.6,0,0,0,0.667841,0.321586,0.0105727,1135,301966,1063
1,table_under_pick,66,qpFreeGate,1,1,0.0437884,4657,16,14.2433,1335,1335,0,0.00254063,0.00249477,0,0,0.00473922,0,38,11,0.421053,0,0,0,1,0,0,0,0,0
1,table_under_pick,66,qpFreeEnvelope,1,1,0.00887953,396,19,13.2645,794,794,0,0.000253779,0.00249477,0,0,0.0642704,0.671717,35,12,0.542857,0,0,0,0.315657,0.593434,0.0909091,0,0,0
1,table_under_pick,66,qpEnvelope,1,1,0.00920962,719,17,11.6031,609,609,0,0.00509974,0.00249477,0,0,0.0371629,0.410292,6,6,2.83333,0,0,0,0.588317,0.38943,0.0222531,719,192996,688
1,table_under_pick,73,isSafe,0,0,0,0,0,0,0,0,0,inf,inf,0,0,0,0,0,0,0,0,0,0,0,0,0,0,0,0
1,table_under_pick,73,qpFixed,0,0,0,0,0,0,0,0,0,inf,inf,0,0,0,0,0,0,0,0,0,0,0,0,0,0,0,0
1,table_under_pick,73,qpPlain,0,0,0,0,0,0,0,0,0,inf,inf,0,0,0,0,0,0,0,0,0,0,0,0,0,0,0,0
1,table_under_pick,73,qpAdaptive,0,0,0,0,0,0,0,0,0,inf,inf,0,0,0,0,0,0,0,0,0,0,0,0,0,0,0,0
1,table_under_pick,73,qpFreeGate,0,0,0,0,0,0,0,0,0,inf,inf,0,0,0,0,0,0,0,0,0,0,0,0,0,0,0,0
1,table_under_pick,73,qpFreeEnvelope,0,0,0,0,0,0,0,0,0,inf,inf,0,0,0,0,0,0,0,0,0,0,0,0,0,0,0,0
1,table_under_pick,73,qpEnvelope,0,0,0,0,0,0,0,0,0,inf,inf,0,0,0,0,0,0,0,0,0,0,0,0,0,0,0,0
1,table_under_pick,80,isSafe,1,1,0.0488396,8863,45,23.386,13,1171,0,0.000629672,0.00249477,0,0,0,0,229,40,0.196507,0,0,0,0,0,0,0,0,0
1,table_under_pick,80,qpFixed,1,1,0.111292,9898,53,27.3078,2564,2564,0,0.000139975,0.00249477,0,0,0.00917002,0,31,26,1.70968,0,0,0,1,0,0,9898,2597133,9179
1,table_under_pick,80,qpPlain,1,1,0.118519,9898,53,27.3078,2564,2564,0,0.000139975,0.00249477,0,0,0.00917002,0,31,26,1.70968,0,0,0,1,0,0,9898,3395014,9898
1,table_under_pick,80,qpAdaptive,1,1,0.0895933,7522,54,27.3149,2281,2281,0,0.000121877,0.00249477,0,0,0.0120767,0.221484,31,26,1.74194,0,0,0,0.77732,0.218958,0.00372241,7522,1973723,7348
1,table_under_pick,80,qpFreeGate,1,1,0.0732942,7806,22,14.7115,1419,1419,0,0.00297355,0.00249477,0,0,0.00402349,0,74,16,0.297297,0,0,0,1,0,0,0,0,0
1,table_under_pick,80,qpFreeEnvelope,1,1,0.0133412,544,17,13.5684,723,723,0,0.00257732,0.00249477,0,0,0.0493932,0.976103,78,13,0.217949,0,0,0,0.0110701,0.880074,0.108856,0,0,0
1,table_under_pick,80,qpEnvelope,1,1,0.0657905,5266,54,27.3576,1979,1979,0,8.9634e-05,0.00249477,0,0,0.0172823,0.196924,31,26,1.74194,0,0,0,0.801747,0.190847,0.007406,5266,1394487,5174
1,table_under_pick,87,isSafe,1,1,0.0165709,2984,16,15.9774,9,800,0,0.00520128,0.00249477,0,0,0,0,104,12,0.153846,0,0,0,0,0,0,0,0,0
1,table_under_pick,87,qpFixed,1,1,0.0541173,4996,35,19.8579,1425,1425,135,-0.000222612,0.00249477,0,0,0.0102801,0,17,15,2.05882,0,0,0,1,0,0,4996,1221771,4417
1,table_under_pick,87,qpPlain,1,1,0.0599056,4996,35,19.8579,1425,1425,135,-0.000222612,0.00249477,0,0,0.0102801,0,17,15,2.05882,0,0,0,1,0,0,4996,1713628,4996
1,table_under_pick,87,qpAdaptive,1,1,0.0388698,3341,35,19.8615,1277,1277,49,-1.94495e-05,0.00249477,0,0,0.0153841,0.234062,17,15,2.05882,0,0,0,0.763544,0.229871,0.00658485,3341,814396,3237
1,table_under_pick,87,qpFreeGate,1,1,0.0771885,8172,25,8.20323,953,953,0,0.000876954,0.00249477,0,0,0.00406587,0,64,17,0.390625,0,0,0,1,0,0,0,0,0
1,table_under_pick,87,qpFreeEnvelope,1,1,0.0117247,517,20,11.8149,673,673,0,0.00037959,0.00249477,0,0,0.0535105,0.818182,55,14,0.363636,0,0,0,0.156556,0.749511,0.0939335,0,0,0
1,table_under_pick,87,qpEnvelope,1,1,0.0315793,2583,33,19.8764,1185,1185,34,-1.21476e-05,0.00249477,0,0,0.0200975,0.17228,17,15,1.94118,0,0,0,0.826945,0.16415,0.00890437,2583,638712,2543
1,table_under_pick,94,isSafe,1,1,0.0089984,1621,10,7.42006,5,373,0,0.00183074,0.00249477,0,0,0,0,22,7,0.454545,0,0,0,0,0,0,0,0,0
1,table_under_pick,94,qpFixed,1,1,0.0458177,4025,27,14.7253,1244,1244,0,0.000463117,0.00249477,0,0,0.0106787,0,14,12,1.92857,0,0,0,1,0,0,4025,1165932,3420
1,table_under_pick,94,qpPlain,1,1,0.0469859,4025,27,14.7253,1244,1244,0,0.000463117,0.00249477,0,0,0.0106787,0,14,12,1.92857,0,0,0,1,0,0,4025,1380575,4025
1,table_under_pick,94,qpAdaptive,1,1,0.0322953,2651,29,14.7093,1052,1052,0,0.000474677,0.00249477,0,0,0.0162103,0.376084,14,12,2.07143,0,0,0,0.619012,0.373821,0.00716711,2651,773638,2556
1,table_under_pick,94,qpFreeGate,1,1,0.0323199,3472,25,12.9661,1065,1065,0,0.00141031,0.00249477,0,0,0.00765891,0,26,13,0.961538,0,0,0,1,0,0,0,0,0
1,table_under_pick,94,qpFreeEnvelope,1,1,0.00500468,185,25,12.3236,651,651,0,0.00141554,0.00249477,0,0,0.16155,0.945946,26,12,0.961538,0,0,0,0.0164835,0.769231,0.214286,0,0,0
1,table_under_pick,94,qpEnvelope,1,1,0.0211299,1608,31,22.5716,1344,1344,0,0.000192838,0.00249477,0,0,0.0317701,0.311567,16,14,1.9375,0,0,0,0.685945,0.29602,0.0180348,1608,470346,1563
1,bookshelf_small,1,isSafe,1,1,0.00322873,846,7,8.20477,6,412,0,0.00445058,0.00249477,0,0,0,0,5,2,1.4,0,0,0,0,0,0,0,0,0
1,bookshelf_small,1,qpFixed,1,1,0.00401421,480,7,7.04618,481,481,0,0.00445058,0.00249477,0,0,0.0146795,0,1,1,7,0,0,0,1,0,0,480,125750,286
1,bookshelf_small,1,qpPlain,1,1,0.00439588,480,7,7.04618,481,481,0,0.00445058,0.00249477,0,0,0.0146795,0,1,1,7,0,0,0,1,0,0,480,164640,480
1,bookshelf_small,1,qpAdaptive,1,1,0.00149138,161,7,7.05944,434,434,0,0.00445058,0.00249477,0,0,0.0438475,0.900621,1,1,7,0,0,0,0.0931677,0.875776,0.0310559,161,44169,114
1,bookshelf_small,1,qpFreeGate,1,1,0.00872448,1131,9,8.94908,747,747,0,0.00445058,0.00249477,0,0,0.00950497,0,3,3,3,0,0,0,1,0,0,0,0,0
1,bookshelf_small,1,qpFreeEnvelope,1,1,0.00129413,67,9,9.21087,481,481,0,0.00445058,0.00249477,0,0,0.161662,0.970149,3,3,3,0,0,0,0.0298507,0.835821,0.134328,0,0,0
1,bookshelf_small,1,qpEnvelope,1,1,0.00060435,48,14,7.14105,382,382,0,0.00445058,0.00249477,0,0,0.148772,0.75,1,1,14,0,0,0,0.166667,0.583333,0.25,48,13525,33
1,bookshelf_small,8,isSafe,1,1,0.0226977,5932,30,7.48586,5,376,0,0.000304514,0.00249477,0,0,0,0,175,27,0.171429,0,0,0,0,0,0,0,0,0
1,bookshelf_small,8,qpFixed,1,1,0.00581086,659,7,7.13004,660,660,0,0.00171542,0.00249477,0,0,0.0108195,0,1,1,7,0,0,0,1,0,0,659,186415,310
1,bookshelf_small,8,qpPlain,1,1,0.00607615,659,7,7.13004,660,660,0,0.00171542,0.00249477,0,0,0.0108195,0,1,1,7,0,0,0,1,0,0,659,226037,659
1,bookshelf_small,8,qpAdaptive,1,1,0.00309087,300,7,7.13177,508,508,0,0.00170376,0.00249477,0,0,0.0237726,0.39,1,1,7,0,0,0,0.61,0.38,0.01,300,91674,261
1,bookshelf_small,8,qpFreeGate,1,1,0.132469,16978,43,7.02845,736,736,0,0.00371183,0.00249477,0,0,0.00383313,0,121,32,0.355372,0,0,0,1,0,0,0,0,0
1,bookshelf_small,8,qpFreeEnvelope,1,1,0.0130389,705,33,10.5473,573,573,0,0.00095446,0.00249477,0,0,0.0634385,0.940426,93,25,0.354839,0,0,0,0.0314735,0.845494,0.123033,0,0,0
1,bookshelf_small,8,qpEnvelope,1,1,0.00231984,199,7,7.17471,455,455,0,0.00137913,0.00249477,0,0,0.0360538,0.331658,1,1,7,0,0,0,0.663317,0.316583,0.0201005,199,60659,179
1,bookshelf_small,16,isSafe,0,0,0,0,0,0,0,0,0,inf,inf,0,0,0,0,0,0,0,0,0,0,0,0,0,0,0,0
1,bookshelf_small,16,qpFixed,0,0,0,0,0,0,0,0,0,inf,inf,0,0,0,0,0,0,0,0,0,0,0,0,0,0,0,0
1,bookshelf_small,16,qpPlain,0,0,0,0,0,0,0,0,0,inf,inf,0,0,0,0,0,0,0,0,0,0,0,0,0,0,0,0
1,bookshelf_small,16,qpAdaptive,0,0,0,0,0,0,0,0,0,inf,inf,0,0,0,0,0,0,0,0,0,0,0,0,0,0,0,0
1,bookshelf_small,16,qpFreeGate,0,0,0,0,0,0,0,0,0,inf,inf,0,0,0,0,0,0,0,0,0,0,0,0,0,0,0,0
1,bookshelf_small,16,qpFreeEnvelope,0,0,0,0,0,0,0,0,0,inf,inf,0,0,0,0,0,0,0,0,0,0,0,0,0,0,0,0
1,bookshelf_small,16,qpEnvelope,0,0,0,0,0,0,0,0,0,inf,inf,0,0,0,0,0,0,0,0,0,0,0,0,0,0,0,0
1,bookshelf_small,24,isSafe,1,1,0.00605584,1581,10,13.2919,8,666,0,0.00381445,0.00249477,0,0,0,0,23,5,0.434783,0,0,0,0,0,0,0,0,0
1,bookshelf_small,24,qpFixed,1,1,0.00596193,720,7,9.1203,721,721,0,0.000682207,0.00249477,0,0,0.0126671,0,1,1,7,0,0,0,1,0,0,720,214274,119
1,bookshelf_small,24,qpPlain,1,1,0.00638925,720,7,9.1203,721,721,0,0.000682207,0.00249477,0,0,0.0126671,0,1,1,7,0,0,0,1,0,0,720,246960,720
1,bookshelf_small,24,qpAdaptive,1,1,0.00212305,219,7,9.12026,568,568,0,0.000682207,0.00249477,0,0,0.041645,0.465753,1,1,7,0,0,0,0.525114,0.452055,0.0228311,219,67331,112
1,bookshelf_small,24,qpFreeGate,1,1,0.035994,4611,16,11.7905,1000,1000,0,0.00381445,0.00249477,0,0,0.005429,0,29,9,0.551724,0,0,0,1,0,0,0,0,0
1,bookshelf_small,24,qpFreeEnvelope,1,1,0.00451423,233,17,12.1441,635,635,0,0.00381445,0.00249477,0,0,0.107492,0.961373,29,10,0.586207,0,0,0,0.00869565,0.834783,0.156522,0,0,0
1,bookshelf_small,24,qpEnvelope,1,1,0.0015308,129,7,9.12061,523,523,0,0.000671015,0.00249477,0,0,0.0707024,0.255814,1,1,7,0,0,0,0.744186,0.217054,0.0387597,129,40027,95
1,bookshelf_small,32,isSafe,1,0,10.0003,2150243,22505,0,0,0,0,inf,inf,0,0,0,0,185503,22503,0.121319,0,0,0,0,0,0,0,0,0
1,bookshelf_small,32,qpFixed,1,0,10.0001,1036531,2054,0,0,0,0,inf,inf,0,0,0.00571385,0,4689,1946,0.438046,0,0,0,1,0,0,1036531,308943397,984775
1,bookshelf_small,32,qpPlain,1,0,10.0016,1028549,2038,0,0,0,0,inf,inf,0,0,0.00572199,0,4651,1930,0.438185,0,0,0,1,0,0,1028549,352792307,1028549
1,bookshelf_small,32,qpAdaptive,1,0,10.0022,978400,2125,0,0,0,0,inf,inf,0,0,0.00627318,0.052129,4877,2017,0.435719,0,0,0,0.947614,0.0514626,0.000922936,978400,292593103,966427
1,bookshelf_small,32,qpFreeGate,1,0,10.0002,1278670,2259,0,0,0,0,inf,inf,0,0,0.00261487,0,11921,2256,0.189498,0,0,0,1,0,0,0,0,0
1,bookshelf_small,32,qpFreeEnvelope,1,0,10,412178,24356,0,0,0,0,inf,inf,0,0,0.0568493,0.695418,147524,24353,0.165099,0,0,0,0.0020609,0.864275,0.133665,0,0,0
1,bookshelf_small,32,qpEnvelope,1,0,10.0001,968617,2190,0,0,0,0,inf,inf,0,0,0.00650338,0.0057453,5026,2075,0.435734,0,0,0,0.994212,0.00481098,0.00097665,968617,289275049,964939
1,bookshelf_small,39,isSafe,1,0,10.0001,2125652,22038,0,0,0,0,inf,inf,0,0,0,0,215613,22036,0.102211,0,0,0,0,0,0,0,0,0
1,bookshelf_small,39,qpFixed,1,0,10.0004,1017584,2044,0,0,0,0,inf,inf,0,0,0.00562684,0,4606,1935,0.443769,0,0,0,1,0,0,1017584,305723023,978047
1,bookshelf_small,39,qpPlain,1,0,10.0011,1007163,2027,0,0,0,0,inf,inf,0,0,0.00563202,0,4548,1918,0.44569,0,0,0,1,0,0,1007163,345456909,1007163
1,bookshelf_small,39,qpAdaptive,1,0,10.0002,962832,2120,0,0,0,0,inf,inf,0,0,0.00619408,0.066481,4837,2011,0.438288,0,0,0,0.933256,0.0658009,0.000943054,962832,290249617,953195
1,bookshelf_small,39,qpFreeGate,1,0,10.0005,1275425,1970,0,0,0,0,inf,inf,0,0,0.00237287,0,11517,1968,0.171051,0,0,0,1,0,0,0,0,0
1,bookshelf_small,39,qpFreeEnvelope,1,0,10,419176,22029,0,0,0,0,inf,inf,0,0,0.0510419,0.707493,146538,22025,0.15033,0,0,0,0.00394768,0.865836,0.130216,0,0,0
1,bookshelf_small,39,qpEnvelope,1,0,10.0003,956127,2188,0,0,0,0,inf,inf,0,0,0.00650373,0.0100489,5061,2080,0.432326,0,0,0,0.989896,0.00908774,0.00101661,956127,288033473,953089
1,bookshelf_small,46,isSafe,1,1,0.114352,29742,147,17.783,10,891,0,0.000248721,0.00249477,0,0,0,0,1230,144,0.119512,0,0,0,0,0,0,0,0,0
1,bookshelf_small,46,qpFixed,1,1,0.00582465,713,7,8.49062,714,714,0,0.00147256,0.00249477,0,0,0.0119083,0,1,1,7,0,0,0,1,0,0,713,183989,231
1,bookshelf_small,46,qpPlain,1,1,0.00647344,713,7,8.49062,714,714,0,0.00147256,0.00249477,0,0,0.0119083,0,1,1,7,0,0,0,1,0,0,713,244559,713
1,bookshelf_small,46,qpAdaptive,1,1,0.00229358,225,7,8.4902,523,523,0,0.00147416,0.00249477,0,0,0.0377342,0.448889,1,1,7,0,0,0,0.551111,0.431111,0.0177778,225,67113,191
1,bookshelf_small,46,qpFreeGate,1,1,0.117685,15153,51,15.8527,1444,1444,0,0.00140584,0.00249477,0,0,0.00504644,0,158,40,0.322785,0,0,0,1,0,0,0,0,0
1,bookshelf_small,46,qpFreeEnvelope,1,1,0.0203924,1074,56,12.1418,634,634,0,0.00140095,0.00249477,0,0,0.0760182,0.937616,159,40,0.352201,0,0,0,0.0355805,0.850187,0.114232,0,0,0
1,bookshelf_small,46,qpEnvelope,1,1,0.000894984,73,7,8.41454,457,457,0,0.00224441,0.00249477,0,0,0.115268,0.424658,1,1,7,0,0,0,0.575342,0.356164,0.0684932,73,21874,59
1,bookshelf_small,53,isSafe,0,0,0,0,0,0,0,0,0,inf,inf,0,0,0,0,0,0,0,0,0,0,0,0,0,0,0,0
1,bookshelf_small,53,qpFixed,0,0,0,0,0,0,0,0,0,inf,inf,0,0,0,0,0,0,0,0,0,0,0,0,0,0,0,0
1,bookshelf_small,53,qpPlain,0,0,0,0,0,0,0,0,0,inf,inf,0,0,0,0,0,0,0,0,0,0,0,0,0,0,0,0
1,bookshelf_small,53,qpAdaptive,0,0,0,0,0,0,0,0,0,inf,inf,0,0,0,0,0,0,0,0,0,0,0,0,0,0,0,0
1,bookshelf_small,53,qpFreeGate,0,0,0,0,0,0,0,0,0,inf,inf,0,0,0,0,0,0,0,0,0,0,0,0,0,0,0,0
1,bookshelf_small,53,qpFreeEnvelope,0,0,0,0,0,0,0,0,0,inf,inf,0,0,0,0,0,0,0,0,0,0,0,0,0,0,0,0
1,bookshelf_small,53,qpEnvelope,0,0,0,0,0,0,0,0,0,inf,inf,0,0,0,0,0,0,0,0,0,0,0,0,0,0,0,0
1,bookshelf_small,60,isSafe,1,1,0.004126,1082,7,9.45089,6,474,0,0.00196006,0.00249477,0,0,0,0,5,3,1.4,0,0,0,0,0,0,0,0,0
1,bookshelf_small,60,qpFixed,1,1,0.00312144,409,6,6.9936,410,410,0,0.0022089,0.00249477,0,0,0.0170993,0,1,1,6,0,0,0,1,0,0,409,98084,67
1,bookshelf_small,60,qpPlain,1,1,0.00356058,409,6,6.9936,410,410,0,0.0022089,0.00249477,0,0,0.0170993,0,1,1,6,0,0,0,1,0,0,409,140287,409
1,bookshelf_small,60,qpAdaptive,1,1,0.00052765,59,6,6.99501,379,379,0,0.0022089,0.00249477,0,0,0.118559,0.847458,1,1,6,0,0,0,0.152542,0.779661,0.0677966,59,16428,19
1,bookshelf_small,60,qpFreeGate,1,1,0.0104664,1374,8,7.69997,593,593,0,0.0022089,0.00249477,0,0,0.00762622,0,6,4,1.33333,0,0,0,1,0,0,0,0,0
1,bookshelf_small,60,qpFreeEnvelope,1,1,0.0018515,112,8,7.75929,405,405,0,0.0022089,0.00249477,0,0,0.0948174,0.857143,6,4,1.33333,0,0,0,0.133929,0.767857,0.0982143,0,0,0
1,bookshelf_small,60,qpEnvelope,1,1,0.000344001,29,6,7.01303,365,365,0,0.0022089,0.00249477,0,0,0.241829,0.793103,1,1,6,0,0,0,0.206897,0.655172,0.137931,29,8124,11
1,bookshelf_small,67,isSafe,0,0,0,0,0,0,0,0,0,inf,inf,0,0,0,0,0,0,0,0,0,0,0,0,0,0,0,0
1,bookshelf_small,67,qpFixed,0,0,0,0,0,0,0,0,0,inf,inf,0,0,0,0,0,0,0,0,0,0,0,0,0,0,0,0
1,bookshelf_small,67,qpPlain,0,0,0,0,0,0,0,0,0,inf,inf,0,0,0,0,0,0,0,0,0,0,0,0,0,0,0,0
1,bookshelf_small,67,qpAdaptive,0,0,0,0,0,0,0,0,0,inf,inf,0,0,0,0,0,0,0,0,0,0,0,0,0,0,0,0
1,bookshelf_small,67,qpFreeGate,0,0,0,0,0,0,0,0,0,inf,inf,0,0,0,0,0,0,0,0,0,0,0,0,0,0,0,0
1,bookshelf_small,67,qpFreeEnvelope,0,0,0,0,0,0,0,0,0,inf,inf,0,0,0,0,0,0,0,0,0,0,0,0,0,0,0,0
1,bookshelf_small,67,qpEnvelope,0,0,0,0,0,0,0,0,0,inf,inf,0,0,0,0,0,0,0,0,0,0,0,0,0,0,0,0
1,bookshelf_small,74,isSafe,1,1,0.0217766,5690,29,11.8315,7,593,0,0.00140483,0.00249477,0,0,0,0,144,26,0.201389,0,0,0,0,0,0,0,0,0
1,bookshelf_small,74,qpFixed,1,1,0.0113595,1174,19,10.7365,872,872,0,0.00102751,0.00249477,0,0,0.0113509,0,2,2,9.5,0,0,0,1,0,0,1174,332965,861
1,bookshelf_small,74,qpPlain,1,1,0.0120149,1174,19,10.7365,872,872,0,0.00102751,0.00249477,0,0,0.0113509,0,2,2,9.5,0,0,0,1,0,0,1174,402682,1174
1,bookshelf_small,74,qpAdaptive,1,1,0.00886685,791,19,10.735,757,757,0,0.00102738,0.00249477,0,0,0.0168451,0.139064,2,2,9.5,0,0,0,0.85335,0.128951,0.0176991,791,236785,773
1,bookshelf_small,74,qpFreeGate,1,1,0.0514383,6647,21,12.1595,1206,1206,0,0.00358337,0.00249477,0,0,0.00497417,0,38,15,0.552632,0,0,0,1,0,0,0,0,0
1,bookshelf_small,74,qpFreeEnvelope,1,1,0.00648905,362,21,15.3578,830,830,0,0.00195276,0.00249477,0,0,0.0850786,0.958564,38,15,0.552632,0,0,0,0.0194444,0.869444,0.111111,0,0,0
1,bookshelf_small,74,qpEnvelope,1,1,0.00597929,499,20,10.7347,654,654,0,0.00100427,0.00249477,0,0,0.0267216,0.152305,2,2,10,0,0,0,0.837675,0.132265,0.0300601,499,148121,492
1,bookshelf_small,81,isSafe,1,1,0.277337,71702,377,18.57,11,930,0,0.00330592,0.00249477,0,0,0,0,3388,374,0.111275,0,0,0,0,0,0,0,0,0
1,bookshelf_small,81,qpFixed,1,1,0.0216341,2194,24,12.5232,1062,1062,0,0.00129517,0.00249477,0,0,0.0101798,0,6,6,4,0,0,0,1,0,0,2194,662660,1782
1,bookshelf_small,81,qpPlain,1,1,0.0218036,2194,24,12.5232,1062,1062,0,0.00129517,0.00249477,0,0,0.0101798,0,6,6,4,0,0,0,1,0,0,2194,752542,2194
1,bookshelf_small,81,qpAdaptive,1,1,0.0500996,4840,77,29.2406,2106,2106,0,0.00126953,0.00249477,0,0,0.0184485,0.298967,28,26,2.75,0,0,0,0.697934,0.289463,0.0126033,4840,1455692,4306
1,bookshelf_small,81,qpFreeGate,1,1,2.693,341300,568,16.7768,1769,1769,0,0.000433666,0.00249477,0,0,0.00279376,0,3250,556,0.174769,0,0,0,1,0,0,0,0,0
1,bookshelf_small,81,qpFreeEnvelope,1,1,0.368103,19463,541,23.5073,1287,1287,0,0.00036733,0.00249477,0,0,0.0456205,0.93223,3148,527,0.171855,0,0,0,0.0241096,0.872444,0.103446,0,0,0
1,bookshelf_small,81,qpEnvelope,1,1,0.0368698,3311,78,29.3985,1910,1910,0,0.00108458,0.00249477,0,0,0.0275439,0.172455,28,27,2.78571,0,0,0,0.825128,0.154032,0.0208396,3311,1006739,2980
1,bookshelf_small,89,isSafe,0,0,0,0,0,0,0,0,0,inf,inf,0,0,0,0,0,0,0,0,0,0,0,0,0,0,0,0
1,bookshelf_small,89,qpFixed,0,0,0,0,0,0,0,0,0,inf,inf,0,0,0,0,0,0,0,0,0,0,0,0,0,0,0,0
1,bookshelf_small,89,qpPlain,0,0,0,0,0,0,0,0,0,inf,inf,0,0,0,0,0,0,0,0,0,0,0,0,0,0,0,0
1,bookshelf_small,89,qpAdaptive,0,0,0,0,0,0,0,0,0,inf,inf,0,0,0,0,0,0,0,0,0,0,0,0,0,0,0,0
1,bookshelf_small,89,qpFreeGate,0,0,0,0,0,0,0,0,0,inf,inf,0,0,0,0,0,0,0,0,0,0,0,0,0,0,0,0
1,bookshelf_small,89,qpFreeEnvelope,0,0,0,0,0,0,0,0,0,inf,inf,0,0,0,0,0,0,0,0,0,0,0,0,0,0,0,0
1,bookshelf_small,89,qpEnvelope,0,0,0,0,0,0,0,0,0,inf,inf,0,0,0,0,0,0,0,0,0,0,0,0,0,0,0,0
1,bookshelf_small,96,isSafe,0,0,0,0,0,0,0,0,0,inf,inf,0,0,0,0,0,0,0,0,0,0,0,0,0,0,0,0
1,bookshelf_small,96,qpFixed,0,0,0,0,0,0,0,0,0,inf,inf,0,0,0,0,0,0,0,0,0,0,0,0,0,0,0,0
1,bookshelf_small,96,qpPlain,0,0,0,0,0,0,0,0,0,inf,inf,0,0,0,0,0,0,0,0,0,0,0,0,0,0,0,0
1,bookshelf_small,96,qpAdaptive,0,0,0,0,0,0,0,0,0,inf,inf,0,0,0,0,0,0,0,0,0,0,0,0,0,0,0,0
1,bookshelf_small,96,qpFreeGate,0,0,0,0,0,0,0,0,0,inf,inf,0,0,0,0,0,0,0,0,0,0,0,0,0,0,0,0
1,bookshelf_small,96,qpFreeEnvelope,0,0,0,0,0,0,0,0,0,inf,inf,0,0,0,0,0,0,0,0,0,0,0,0,0,0,0,0
1,bookshelf_small,96,qpEnvelope,0,0,0,0,0,0,0,0,0,inf,inf,0,0,0,0,0,0,0,0,0,0,0,0,0,0,0,0
1,box,3,isSafe,1,1,0.00672041,1836,11,9.81555,6,492,0,0.030576,0.00249477,0,0,0,0,15,7,0.733333,0,0,0,0,0,0,0,0,0
1,box,3,qpFixed,1,1,0.00310207,347,6,5.25123,357,357,0,0.00534884,0.00249477,0,0,0.0151332,0,1,1,6,0,0,0,1,0,0,347,90918,292
1,box,3,qpPlain,1,1,0.00322814,347,6,5.25123,357,357,0,0.00534884,0.00249477,0,0,0.0151332,0,1,1,6,0,0,0,1,0,0,347,119021,347
1,box,3,qpAdaptive,1,1,0.00121038,122,6,5.25449,316,316,0,0.00530127,0.00249477,0,0,0.0430696,0.885246,1,1,6,0,0,0,0.106557,0.860656,0.0327869,122,34316,111
1,box,3,qpFreeGate,1,1,0.0517434,6980,21,11.1063,1303,1303,0,0.00514583,0.00249477,0,0,0.00406711,0,40,13,0.525,0,0,0,1,0,0,0,0,0
1,box,3,qpFreeEnvelope,1,1,0.00558481,308,29,12.5456,697,697,0,0.000842746,0.00249477,0,0,0.100068,0.899351,34,17,0.852941,0,0,0,0.0625,0.8125,0.125,0,0,0
1,box,3,qpEnvelope,1,1,0.000593295,49,6,5.26585,289,289,0,0.00528491,0.00249477,0,0,0.107466,0.979592,1,1,6,0,0,0,0,0.918367,0.0816327,49,13982,45
1,box,10,isSafe,1,1,0.00538893,1486,10,12.1734,8,610,0,0.0461746,0.00249477,0,0,0,0,20,6,0.5,0,0,0,0,0,0,0,0,0
1,box,10,qpFixed,1,1,0.00296665,360,6,5.54891,361,361,0,0.00539676,0.00249477,0,0,0.0154136,0,1,1,6,0,0,0,1,0,0,360,97689,165
1,box,10,qpPlain,1,1,0.00320486,360,6,5.54891,361,361,0,0.00539676,0.00249477,0,0,0.0154136,0,1,1,6,0,0,0,1,0,0,360,123480,360
1,box,10,qpAdaptive,1,1,0.000900913,94,6,5.54288,310,310,0,0.00534462,0.00249477,0,0,0.0589668,0.553191,1,1,6,0,0,0,0.446809,0.521277,0.0319149,94,27566,71
1,box,10,qpFreeGate,1,1,0.0515976,6890,24,13.1483,1264,1264,0,0.0149352,0.00249477,0,0,0.00491973,0,38,16,0.631579,0,0,0,1,0,0,0,0,0
1,box,10,qpFreeEnvelope,1,1,0.00662369,376,24,13.3873,701,701,0,0.00177749,0.00249477,0,0,0.0891739,0.978723,38,15,0.631579,0,0,0,0.00797872,0.853723,0.138298,0,0,0
1,box,10,qpEnvelope,1,1,0.000651964,57,6,5.54063,297,297,0,0.00515248,0.00249477,0,0,0.097204,0.438596,1,1,6,0,0,0,0.54386,0.385965,0.0701754,57,16660,44
1,box,17,isSafe,1,1,0.00477593,1317,9,10.9151,7,547,0,0.00015259,0.00249477,0,0,0,0,8,5,1.125,0,0,0,0,0,0,0,0,0
1,box,17,qpFixed,1,1,0.00358315,448,6,5.65429,449,449,0,0.00256671,0.00249477,0,0,0.0126212,0,1,1,6,0,0,0,1,0,0,448,117581,240
1,box,17,qpPlain,1,1,0.00396387,448,6,5.65429,449,449,0,0.00256671,0.00249477,0,0,0.0126212,0,1,1,6,0,0,0,1,0,0,448,153664,448
1,box,17,qpAdaptive,1,1,0.00170204,189,6,5.66616,355,355,0,0.0025112,0.00249477,0,0,0.0299797,0.603175,1,1,6,0,0,0,0.396825,0.587302,0.015873,189,50582,163
1,box,17,qpFreeGate,1,1,0.00733473,989,7,7.43397,566,566,0,0.00977491,0.00249477,0,0,0.00831912,0,5,3,1.4,0,0,0,1,0,0,0,0,0
1,box,17,qpFreeEnvelope,1,1,0.00135929,74,7,7.55032,395,395,0,0.00977491,0.00249477,0,0,0.113283,1,5,3,1.4,0,0,0,0,0.878378,0.121622,0,0,0
1,box,17,qpEnvelope,1,1,0.000961691,85,6,5.69817,325,325,0,0.00224696,0.00249477,0,0,0.0670373,0.588235,1,1,6,0,0,0,0.411765,0.541176,0.0470588,85,23845,74
1,box,24,isSafe,1,1,0.00941298,2577,15,10.8842,7,546,0,0.00615087,0.00249477,0,0,0,0,27,11,0.555556,0,0,0,0,0,0,0,0,0
1,box,24,qpFixed,1,1,0.00610859,716,7,8.754,664,664,0,0.000299085,0.00249477,0,0,0.012441,0,2,2,3.5,0,0,0,1,0,0,716,190710,424
1,box,24,qpPlain,1,1,0.00652621,716,7,8.754,664,664,0,0.000299085,0.00249477,0,0,0.012441,0,2,2,3.5,0,0,0,1,0,0,716,245588,716
1,box,24,qpAdaptive,1,1,0.00347828,359,7,8.75856,568,568,0,0.000289176,0.00249477,0,0,0.0248205,0.261838,2,2,3.5,0,0,0,0.732591,0.256267,0.0111421,359,100041,303
1,box,24,qpFreeGate,1,1,0.0330946,4451,21,10.9151,1128,1128,0,0.0042947,0.00249477,0,0,0.00612237,0,21,15,1,0,0,0,1,0,0,0,0,0
1,box,24,qpFreeEnvelope,1,1,0.00399604,209,21,11.236,592,592,0,0.00163777,0.00249477,0,0,0.130578,0.971292,21,15,1,0,0,0,0.00956938,0.856459,0.133971,0,0,0
1,box,24,qpEnvelope,1,1,0.00277967,263,7,8.765,530,530,0,0.000280374,0.00249477,0,0,0.0339077,0.171103,2,2,3.5,0,0,0,0.828897,0.155894,0.0152091,263,74931,230
1,box,31,isSafe,1,1,0.00997257,2723,16,10.4336,7,523,0,0.00922507,0.00249477,0,0,0,0,51,12,0.313725,0,0,0,0,0,0,0,0,0
1,box,31,qpFixed,1,1,0.0256646,2965,26,18.3398,1484,1484,0,0.000356035,0.00249477,0,0,0.0112854,0,9,9,2.88889,0,0,0,1,0,0,2965,773033,2285
1,box,31,qpPlain,1,1,0.0278481,2965,26,18.3398,1484,1484,0,0.000356035,0.00249477,0,0,0.0112854,0,9,9,2.88889,0,0,0,1,0,0,2965,1016995,2965
1,box,31,qpAdaptive,1,1,0.0153986,1642,26,18.3549,1252,1252,0,0.000352217,0.00249477,0,0,0.0204189,0.376979,9,9,2.88889,0,0,0,0.61754,0.369671,0.0127893,1642,428296,1446
1,box,31,qpFreeGate,1,1,0.151129,20251,50,13.3027,1232,1232,0,0.00274475,0.00249477,0,0,0.00400143,0,130,43,0.384615,0,0,0,1,0,0,0,0,0
1,box,31,qpFreeEnvelope,1,1,0.0298304,1673,77,18.2145,972,972,0,7.63919e-07,0.00249477,0,0,0.0662059,0.910938,209,60,0.368421,0,0,0,0.057936,0.811708,0.130356,0,0,0
1,box,31,qpEnvelope,1,1,0.00962402,941,28,18.3337,1111,1111,0,0.000322354,0.00249477,0,0,0.0356377,0.231668,9,9,3.11111,0,0,0,0.765143,0.207226,0.0276302,941,245708,905
1,box,38,isSafe,1,1,0.0214943,5879,31,20.819,12,1042,0,0.0335354,0.00249477,0,0,0,0,130,27,0.238462,0,0,0,0,0,0,0,0,0
1,box,38,qpFixed,1,1,0.0106756,1288,10,9.63816,766,766,0,0.00674613,0.00249477,0,0,0.0101613,0,3,3,3.33333,0,0,0,1,0,0,1288,338169,737
1,box,38,qpPlain,1,1,0.0117292,1288,10,9.63816,766,766,0,0.00674613,0.00249477,0,0,0.0101613,0,3,3,3.33333,0,0,0,1,0,0,1288,441784,1288
1,box,38,qpAdaptive,1,1,0.00410399,425,10,9.6512,548,548,0,0.00733239,0.00249477,0,0,0.0306819,0.418824,3,3,3.33333,0,0,0,0.578824,0.404706,0.0164706,425,116663,371
1,box,38,qpFreeGate,1,1,0.0501877,6749,35,11.7122,1171,1171,0,0.000953947,0.00249477,0,0,0.00560165,0,34,18,1.02941,0,0,0,1,0,0,0,0,0
1,box,38,qpFreeEnvelope,1,1,0.0103097,608,46,9.14277,489,489,0,0.000118547,0.00249477,0,0,0.0949581,0.799342,57,25,0.807018,0,0,0,0.170813,0.703151,0.126036,0,0,0
1,box,38,qpEnvelope,1,1,0.0027214,245,10,9.66957,516,516,0,0.00437749,0.00249477,0,0,0.0536132,0.408163,3,3,3.33333,0,0,0,0.591837,0.37551,0.0326531,245,67109,221
1,box,45,isSafe,1,1,0.00369233,1017,7,7.9359,5,398,0,0.0282478,0.00249477,0,0,0,0,7,3,1,0,0,0,0,0,0,0,0,0
1,box,45,qpFixed,1,1,0.00351585,455,6,6.07721,456,456,0,0.0084583,0.00249477,0,0,0.0133565,0,1,1,6,0,0,0,1,0,0,455,112937,173
1,box,45,qpPlain,1,1,0.00398506,455,6,6.07721,456,456,0,0.0084583,0.00249477,0,0,0.0133565,0,1,1,6,0,0,0,1,0,0,455,156065,455
1,box,45,qpAdaptive,1,1,0.000831856,92,6,6.07662,349,349,0,0.00815088,0.00249477,0,0,0.0660502,0.728261,1,1,6,0,0,0,0.26087,0.695652,0.0434783,92,23545,69
1,box,45,qpFreeGate,1,1,0.0091465,1226,9,7.97007,699,699,0,0.00535786,0.00249477,0,0,0.00767252,0,4,4,2.25,0,0,0,1,0,0,0,0,0
1,box,45,qpFreeEnvelope,1,1,0.00139907,80,10,8.44663,457,457,0,0.00128667,0.00249477,0,0,0.118914,0.9,4,4,2.5,0,0,0,0.1,0.775,0.125,0,0,0
1,box,45,qpEnvelope,1,1,0.000583685,46,6,6.07613,323,323,0,0.00783399,0.00249477,0,0,0.13209,1,1,1,6,0,0,0,0,0.913043,0.0869565,46,11891,38
1,box,52,isSafe,1,1,0.00856058,2337,14,10.178,7,510,0,0.00587417,0.00249477,0,0,0,0,44,10,0.318182,0,0,0,0,0,0,0,0,0
1,box,52,qpFixed,1,1,0.00348445,449,5,5.5319,450,450,0,0.0167837,0.00249477,0,0,0.0123205,0,1,1,5,0,0,0,1,0,0,449,117590,114
1,box,52,qpPlain,1,1,0.00388775,449,5,5.5319,450,450,0,0.0167837,0.00249477,0,0,0.0123205,0,1,1,5,0,0,0,1,0,0,449,154007,449
1,box,52,qpAdaptive,1,1,0.000623843,66,5,5.53064,308,308,0,0.0164585,0.00249477,0,0,0.0837976,0.80303,1,1,5,0,0,0,0.19697,0.757576,0.0454545,66,19209,45
1,box,52,qpFreeGate,1,1,0.189134,25195,69,25.4526,2310,2310,0,0.00292199,0.00249477,0,0,0.00400035,0,167,58,0.413174,0,0,0,1,0,0,0,0,0
1,box,52,qpFreeEnvelope,1,1,0.0182053,1036,53,24.8435,1306,1306,0,0.00474287,0.00249477,0,0,0.0753789,0.926641,123,44,0.430894,0,0,0,0.0401961,0.836275,0.123529,0,0,0
1,box,52,qpEnvelope,1,1,0.000380397,29,5,5.52741,293,293,0,0.0154885,0.00249477,0,0,0.1906,1,1,1,5,0,0,0,0,0.896552,0.103448,29,8278,20
1,box,59,isSafe,1,1,0.00501106,1355,9,7.08348,5,356,0,0.0277035,0.00249477,0,0,0,0,19,5,0.473684,0,0,0,0,0,0,0,0,0
1,box,59,qpFixed,1,1,0.0151889,1722,16,12.8308,991,991,0,0.00862785,0.00249477,0,0,0.0111281,0,4,4,4,0,0,0,1,0,0,1722,463001,1294
1,box,59,qpPlain,1,1,0.0162569,1722,16,12.8308,991,991,0,0.00862785,0.00249477,0,0,0.0111281,0,4,4,4,0,0,0,1,0,0,1722,590646,1722
1,box,59,qpAdaptive,1,1,0.00718687,739,16,12.8511,742,742,0,0.00642457,0.00249477,0,0,0.025932,0.361299,4,4,4,0,0,0,0.633288,0.351827,0.014885,739,199076,683
1,box,59,qpFreeGate,1,1,0.0253612,3429,13,8.51318,828,828,0,0.0166936,0.00249477,0,0,0.00564917,0,16,8,0.8125,0,0,0,1,0,0,0,0,0
1,box,59,qpFreeEnvelope,1,1,0.00264434,137,13,8.5641,448,448,0,0.0037092,0.00249477,0,0,0.1375,0.978102,16,8,0.8125,0,0,0,0.0218978,0.788321,0.189781,0,0,0
1,box,59,qpEnvelope,1,1,0.00570824,549,17,12.88,694,694,0,0.00287759,0.00249477,0,0,0.0349329,0.15847,4,4,4.25,0,0,0,0.836066,0.140255,0.0236794,549,145650,520
1,box,66,isSafe,1,1,0.031735,8630,44,23.066,13,1155,0,0.0152241,0.00249477,0,0,0,0,215,38,0.204651,0,0,0,0,0,0,0,0,0
1,box,66,qpFixed,1,1,0.00505757,689,6,6.80469,690,690,0,0.00413867,0.00249477,0,0,0.00987618,0,1,1,6,0,0,0,1,0,0,689,158062,180
1,box,66,qpPlain,1,1,0.00605182,689,6,6.80469,690,690,0,0.00413867,0.00249477,0,0,0.00987618,0,1,1,6,0,0,0,1,0,0,689,236327,689
1,box,66,qpAdaptive,1,1,0.000922545,100,6,6.80134,394,394,0,0.00395572,0.00249477,0,0,0.0680134,0.82,1,1,6,0,0,0,0.18,0.79,0.03,100,25486,69
1,box,66,qpFreeGate,1,1,0.0792827,10711,32,17.3959,1360,1360,0,0.0292468,0.00249477,0,0,0.00473355,0,71,24,0.450704,0,0,0,1,0,0,0,0,0
1,box,66,qpFreeEnvelope,1,1,0.00826203,418,31,17.5239,896,896,0,0.0183141,0.00249477,0,0,0.124808,0.9689,71,24,0.43662,0,0,0,0,0.813559,0.186441,0,0,0
1,box,66,qpEnvelope,1,1,0.00057969,49,6,6.79457,364,364,0,0.00343163,0.00249477,0,0,0.138665,0.836735,1,1,6,0,0,0,0.163265,0.77551,0.0612245,49,12680,35
1,box,73,isSafe,1,1,0.00672594,1843,11,13.3867,8,671,0,0.0161864,0.00249477,0,0,0,0,48,8,0.229167,0,0,0,0,0,0,0,0,0
1,box,73,qpFixed,1,1,0.0604606,6490,57,27.9551,2251,2251,0,0.00048439,0.00249477,0,0,0.00989804,0,25,21,2.28,0,0,0,1,0,0,6490,1579925,6229
1,box,73,qpPlain,1,1,0.0674891,6490,57,27.9551,2251,2251,0,0.00048439,0.00249477,0,0,0.00989804,0,25,21,2.28,0,0,0,1,0,0,6490,2226070,6490
1,box,73,qpAdaptive,1,1,0.0494794,5007,57,27.9678,2009,2009,0,0.000488528,0.00249477,0,0,0.0128355,0.210306,25,21,2.28,0,0,0,0.786699,0.207709,0.00559217,5007,1209638,4928
1,box,73,qpFreeGate,1,1,0.133713,17939,50,18.3005,1619,1619,0,0.00877916,0.00249477,0,0,0.00433593,0,114,37,0.438596,0,0,0,1,0,0,0,0,0
1,box,73,qpFreeEnvelope,1,1,0.0103576,600,36,13.1055,711,711,0,0.00150491,0.00249477,0,0,0.0626035,0.973333,71,19,0.507042,0,0,0,0.00670017,0.845896,0.147404,0,0,0
1,box,73,qpEnvelope,1,1,0.0381809,3665,56,28.0606,1826,1826,0,0.000500532,0.00249477,0,0,0.0177393,0.129604,25,21,2.24,0,0,0,0.869031,0.1206,0.0103683,3665,898370,3639
1,box,80,isSafe,1,1,0.00291717,786,6,7.73567,5,388,0,0.0339954,0.00249477,0,0,0,0,6,3,1,0,0,0,0,0,0,0,0,0
1,box,80,qpFixed,1,1,0.0102765,1171,11,11.3615,942,942,0,0.00416849,0.00249477,0,0,0.0113632,0,3,3,3.66667,0,0,0,1,0,0,1171,303114,1070
1,box,80,qpPlain,1,1,0.0111578,1171,11,11.3615,942,942,0,0.00416849,0.00249477,0,0,0.0113632,0,3,3,3.66667,0,0,0,1,0,0,1171,401653,1171
1,box,80,qpAdaptive,1,1,0.0060953,637,11,11.3783,763,763,0,0.00379866,0.00249477,0,0,0.0209255,0.485086,3,3,3.66667,0,0,0,0.513344,0.480377,0.00627943,637,167830,628
1,box,80,qpFreeGate,1,1,0.0326283,4377,18,10.5712,1148,1148,0,0.00630329,0.00249477,0,0,0.00496138,0,25,10,0.72,0,0,0,1,0,0,0,0,0
1,box,80,qpFreeEnvelope,1,1,0.0107407,628,33,18.5118,1017,1017,0,0.000672583,0.00249477,0,0,0.0651393,0.93949,59,24,0.559322,0,0,0,0.0464744,0.846154,0.107372,0,0,0
1,box,80,qpEnvelope,1,1,0.0036913,353,11,11.3765,655,655,0,0.00264348,0.00249477,0,0,0.0378114,0.382436,3,3,3.66667,0,0,0,0.617564,0.362606,0.01983,353,89821,347
1,box,87,isSafe,1,1,0.00755539,2068,12,9.6826,6,486,0,0.0149808,0.00249477,0,0,0,0,44,8,0.272727,0,0,0,0,0,0,0,0,0
1,box,87,qpFixed,1,1,0.00367506,465,6,6.15867,521,521,0,0.00360744,0.00249477,0,0,0.0132445,0,1,1,6,0,0,0,1,0,0,465,112925,194
1,box,87,qpPlain,1,1,0.00416249,465,6,6.15867,521,521,0,0.00360744,0.00249477,0,0,0.0132445,0,1,1,6,0,0,0,1,0,0,465,159495,465
1,box,87,qpAdaptive,1,1,0.00115455,122,6,6.15531,349,349,0,0.00339682,0.00249477,0,0,0.0504534,0.54918,1,1,6,0,0,0,0.442623,0.52459,0.0327869,122,33374,102
1,box,87,qpFreeGate,1,1,0.200615,27019,79,19.3783,1912,1912,0,0.00363566,0.00249477,0,0,0.00448292,0,170,62,0.464706,0,0,0,1,0,0,0,0,0
1,box,87,qpFreeEnvelope,1,1,0.0302498,1805,77,11.0635,582,582,0,0.00283124,0.00249477,0,0,0.0679945,0.873684,185,65,0.416216,0,0,0,0.109384,0.790117,0.1005,0,0,0
1,box,87,qpEnvelope,1,1,0.000752763,70,6,6.15184,329,329,0,0.00266233,0.00249477,0,0,0.0878834,0.357143,1,1,6,0,0,0,0.642857,0.3,0.0571429,70,19240,59
1,box,94,isSafe,1,1,0.00826514,2261,13,7.7983,5,391,0,0.0161814,0.00249477,0,0,0,0,30,10,0.433333,0,0,0,0,0,0,0,0,0
1,box,94,qpFixed,1,1,0.00345569,438,6,5.34012,439,439,0,0.0036904,0.00249477,0,0,0.012192,0,1,1,6,0,0,0,1,0,0,438,106811,183
1,box,94,qpPlain,1,1,0.0040004,438,6,5.34012,439,439,0,0.0036904,0.00249477,0,0,0.012192,0,1,1,6,0,0,0,1,0,0,438,150234,438
1,box,94,qpAdaptive,1,1,0.00106267,112,6,5.3333,323,323,0,0.00359296,0.00249477,0,0,0.0476188,0.633929,1,1,6,0,0,0,0.357143,0.607143,0.0357143,112,30450,89
1,box,94,qpFreeGate,1,1,0.0452713,6174,26,9.26088,1047,1047,0,0.00316981,0.00249477,0,0,0.00513005,0,31,15,0.83871,0,0,0,1,0,0,0,0,0
1,box,94,qpFreeEnvelope,1,1,0.0091798,528,32,7.17474,411,411,0,0.00064156,0.00249477,0,0,0.0861581,0.86553,58,21,0.551724,0,0,0,0.104563,0.768061,0.127376,0,0,0
1,box,94,qpEnvelope,1,1,0.000656319,59,6,5.3082,293,293,0,0.00314173,0.00249477,0,0,0.0899694,0.423729,1,1,6,0,0,0,0.576271,0.355932,0.0677966,59,16062,45
1,table_pick,1,isSafe,1,1,0.0070156,1257,9,8.05353,6,404,0,0.000889382,0.00249477,0,0,0,0,17,4,0.529412,0,0,0,0,0,0,0,0,0
1,table_pick,1,qpFixed,1,1,0.00571984,632,6,7.64692,633,633,0,0.00303025,0.00249477,0,0,0.0120996,0,1,1,6,0,0,0,1,0,0,632,151574,75
1,table_pick,1,qpPlain,1,1,0.00656235,632,6,7.64692,633,633,0,0.00303025,0.00249477,0,0,0.0120996,0,1,1,6,0,0,0,1,0,0,632,216776,632
1,table_pick,1,qpAdaptive,1,1,0.000886356,82,6,7.6469,416,416,0,0.00303025,0.00249477,0,0,0.0932549,0.54878,1,1,6,0,0,0,0.45122,0.5,0.0487805,82,21304,48
1,table_pick,1,qpFreeGate,1,1,0.109611,11773,30,15.4775,1152,1152,0,0.00459862,0.00249477,0,0,0.00462327,0,113,26,0.265487,0,0,0,1,0,0,0,0,0
1,table_pick,1,qpFreeEnvelope,1,1,0.0166169,645,30,15.7459,810,810,0,0.00459862,0.00249477,0,0,0.0820319,0.95814,113,26,0.265487,0,0,0,0,0.862124,0.137876,0,0,0
1,table_pick,1,qpEnvelope,1,1,0.000728428,54,6,7.64703,408,408,0,0.00302363,0.00249477,0,0,0.141612,0.388889,1,1,6,0,0,0,0.592593,0.333333,0.0740741,54,13825,38
1,table_pick,8,isSafe,1,1,0.0157103,2836,14,3.89026,3,196,0,0.000431859,0.00249477,0,0,0,0,30,11,0.466667,0,0,0,0,0,0,0,0,0
1,table_pick,8,qpFixed,1,1,0.00367321,400,5,5.0361,401,401,0,0.0029655,0.00249477,0,0,0.0125902,0,1,1,5,0,0,0,1,0,0,400,89865,92
1,table_pick,8,qpPlain,1,1,0.00429276,400,5,5.0361,401,401,0,0.0029655,0.00249477,0,0,0.0125902,0,1,1,5,0,0,0,1,0,0,400,137200,400
1,table_pick,8,qpAdaptive,1,1,0.000766238,68,5,5.03681,298,298,0,0.0029655,0.00249477,0,0,0.0740708,0.602941,1,1,5,0,0,0,0.382353,0.573529,0.0441176,68,17911,42
1,table_pick,8,qpFreeGate,1,1,0.0562656,6004,28,3.9416,254,254,0,0.00286742,0.00249477,0,0,0.00689567,0,64,24,0.4375,0,0,0,1,0,0,0,0,0
1,table_pick,8,qpFreeEnvelope,1,1,0.00999765,395,26,3.94313,213,213,0,0.00287053,0.00249477,0,0,0.101987,0.951899,64,22,0.40625,0,0,0,0.00771208,0.894602,0.0976864,0,0,0
1,table_pick,8,qpEnvelope,1,1,0.000504267,33,5,5.03773,272,272,0,0.0029448,0.00249477,0,0,0.152658,0.757576,1,1,5,0,0,0,0.242424,0.666667,0.0909091,33,8815,24
1,table_pick,15,isSafe,1,1,0.0106947,1922,12,8.10922,6,407,0,0.00141596,0.00249477,0,0,0,0,22,7,0.545455,0,0,0,0,0,0,0,0,0
1,table_pick,15,qpFixed,1,1,0.00550365,601,6,7.07336,602,602,0,0.0036201,0.00249477,0,0,0.0117693,0,1,1,6,0,0,0,1,0,0,601,139819,126
1,table_pick,15,qpPlain,1,1,0.0063617,601,6,7.07336,602,602,0,0.0036201,0.00249477,0,0,0.0117693,0,1,1,6,0,0,0,1,0,0,601,206143,601
1,table_pick,15,qpAdaptive,1,1,0.00124778,116,6,7.07405,402,402,0,0.0036201,0.00249477,0,0,0.0609832,0.706897,1,1,6,0,0,0,0.284483,0.681034,0.0344828,116,28729,77
1,table_pick,15,qpFreeGate,1,1,0.0261344,2770,15,19.1562,1512,1512,0,0.00140253,0.00249477,0,0,0.00810118,0,22,10,0.681818,0,0,0,1,0,0,0,0,0
1,table_pick,15,qpFreeEnvelope,1,1,0.00479327,189,15,19.3,1001,1001,0,0.00163565,0.00249477,0,0,0.121072,0.978836,22,10,0.681818,0,0,0,0.010582,0.862434,0.126984,0,0,0
1,table_pick,15,qpEnvelope,1,1,0.000841192,62,6,7.07839,389,389,0,0.0036201,0.00249477,0,0,0.114168,0.758065,1,1,6,0,0,0,0.241935,0.693548,0.0645161,62,15192,47
1,table_pick,22,isSafe,1,1,0.0480223,8648,41,13.677,8,685,0,0.00262378,0.00249477,0,0,0,0,190,38,0.215789,0,0,0,0,0,0,0,0,0
1,table_pick,22,qpFixed,1,1,0.00372755,392,6,6.02363,393,393,0,0.00314956,0.00249477,0,0,0.0153664,0,1,1,6,0,0,0,1,0,0,392,95232,88
1,table_pick,22,qpPlain,1,1,0.00412189,392,6,6.02363,393,393,0,0.00314956,0.00249477,0,0,0.0153664,0,1,1,6,0,0,0,1,0,0,392,134456,392
1,table_pick,22,qpAdaptive,1,1,0.000858675,73,6,6.0249,345,345,0,0.00314956,0.00249477,0,0,0.0825329,0.534247,1,1,6,0,0,0,0.465753,0.479452,0.0547945,73,21414,52
1,table_pick,22,qpFreeGate,1,1,0.156573,16634,46,20.8655,1887,1887,0,0.000481476,0.00249477,0,0,0.00459852,0,149,40,0.308725,0,0,0,1,0,0,0,0,0
1,table_pick,22,qpFreeEnvelope,1,1,0.0254051,1019,42,20.8712,1098,1098,0,0.000429771,0.00249477,0,0,0.0724302,0.947988,149,36,0.281879,0,0,0,0.0229084,0.85757,0.119522,0,0,0
1,table_pick,22,qpEnvelope,1,1,0.000608613,41,6,6.02973,326,326,0,0.00315674,0.00249477,0,0,0.147067,0.634146,1,1,6,0,0,0,0.365854,0.536585,0.097561,41,11858,30
1,table_pick,29,isSafe,1,1,0.00476705,864,7,8.55617,6,429,0,0.00491404,0.00249477,0,0,0,0,4,1,1.75,0,0,0,0,0,0,0,0,0
1,table_pick,29,qpFixed,1,1,0.00693396,722,14,8.98265,723,723,0,0.00412334,0.00249477,0,0,0.0124413,0,1,1,14,0,0,0,1,0,0,722,174877,289
1,table_pick,29,qpPlain,1,1,0.00789346,722,14,8.98265,723,723,0,0.00412334,0.00249477,0,0,0.0124413,0,1,1,14,0,0,0,1,0,0,722,247646,722
1,table_pick,29,qpAdaptive,1,1,0.00123296,104,16,9.01915,507,507,0,0.00412366,0.00249477,0,0,0.0867226,0.740385,1,1,16,0,0,0,0.192308,0.673077,0.134615,104,28804,74
1,table_pick,29,qpFreeGate,1,1,0.00889359,952,7,9.22456,731,731,0,0.00486328,0.00249477,0,0,0.00986105,0,4,2,1.75,0,0,0,1,0,0,0,0,0
1,table_pick,29,qpFreeEnvelope,1,1,0.00125679,49,8,9.28144,482,482,0,0.00483706,0.00249477,0,0,0.191766,0.897959,4,2,2,0,0,0,0.0816327,0.77551,0.142857,0,0,0
1,table_pick,29,qpEnvelope,1,1,0.000882104,62,14,11.3289,592,592,0,0.00410271,0.00249477,0,0,0.23829,0.741935,2,2,7,0,0,0,0.241935,0.548387,0.209677,62,17324,40
1,table_pick,36,isSafe,1,1,0.0552888,9947,48,13.9977,8,701,0,0.000473455,0.00249477,0,0,0,0,251,44,0.191235,0,0,0,0,0,0,0,0,0
1,table_pick,36,qpFixed,1,1,0.0152284,1340,13,14.6853,1190,1190,0,0.00028118,0.00249477,0,0,0.0115464,0,3,3,4.33333,0,0,0,1,0,0,1340,373233,984
1,table_pick,36,qpPlain,1,1,0.0159243,1340,13,14.6853,1190,1190,0,0.00028118,0.00249477,0,0,0.0115464,0,3,3,4.33333,0,0,0,1,0,0,1340,459620,1340
1,table_pick,36,qpAdaptive,1,1,0.0100723,783,13,14.7131,1046,1046,0,0.000271253,0.00249477,0,0,0.0197937,0.204342,3,3,4.33333,0,0,0,0.791826,0.195402,0.0127714,783,228597,724
1,table_pick,36,qpFreeGate,1,1,0.339725,36375,83,10.6266,967,967,0,0.000691028,0.00249477,0,0,0.00400053,0,316,79,0.262658,0,0,0,1,0,0,0,0,0
1,table_pick,36,qpFreeEnvelope,1,1,0.051078,2049,79,11.1701,590,590,0,0.000817372,0.00249477,0,0,0.0679437,0.961445,308,72,0.256494,0,0,0,0.0117994,0.866765,0.121436,0,0,0
1,table_pick,36,qpEnvelope,1,1,0.00878847,655,13,14.8089,989,989,0,0.000259956,0.00249477,0,0,0.0237956,0.0748092,3,3,4.33333,0,0,0,0.923664,0.0610687,0.0152672,655,192547,615
1,table_pick,43,isSafe,1,1,0.014167,2545,13,13.4415,8,674,0,0.00152444,0.00249477,0,0,0,0,24,9,0.541667,0,0,0,0,0,0,0,0,0
1,table_pick,43,qpFixed,1,1,0.00740468,809,7,6.8875,810,810,0,0.00224893,0.00249477,0,0,0.00851359,0,1,1,7,0,0,0,1,0,0,809,178796,330
1,table_pick,43,qpPlain,1,1,0.00868306,809,7,6.8875,810,810,0,0.00224893,0.00249477,0,0,0.00851359,0,1,1,7,0,0,0,1,0,0,809,277487,809
1,table_pick,43,qpAdaptive,1,1,0.00188372,178,7,6.89285,448,448,0,0.00224893,0.00249477,0,0,0.0387239,0.674157,1,1,7,0,0,0,0.320225,0.651685,0.0280899,178,41754,145
1,table_pick,43,qpFreeGate,1,1,0.0319493,3448,16,8.39456,689,689,0,0.0034622,0.00249477,0,0,0.00741757,0,29,11,0.551724,0,0,0,1,0,0,0,0,0
1,table_pick,43,qpFreeEnvelope,1,1,0.00540366,224,17,8.55047,449,449,0,0.0034622,0.00249477,0,0,0.113514,0.950893,29,11,0.586207,0,0,0,0.0223214,0.870536,0.107143,0,0,0
1,table_pick,43,qpEnvelope,1,1,0.00135899,112,7,6.89704,410,410,0,0.00224893,0.00249477,0,0,0.0615807,0.651786,1,1,7,0,0,0,0.339286,0.616071,0.0446429,112,26352,96
1,table_pick,50,isSafe,1,1,0.0486783,8775,44,19.3585,11,969,0,0.00031393,0.00249477,0,0,0,0,238,41,0.184874,0,0,0,0,0,0,0,0,0
1,table_pick,50,qpFixed,1,1,0.0293379,2622,17,11.9881,909,909,0,0.00481191,0.00249477,0,0,0.00983998,0,7,6,2.42857,0,0,0,1,0,0,2622,724281,1851
1,table_pick,50,qpPlain,1,1,0.0306928,2622,17,11.9881,909,909,0,0.00481191,0.00249477,0,0,0.00983998,0,7,6,2.42857,0,0,0,1,0,0,2622,899346,2622
1,table_pick,50,qpAdaptive,1,1,0.0165131,1296,17,11.9968,657,657,0,0.00481299,0.00249477,0,0,0.019928,0.311728,7,6,2.42857,0,0,0,0.685185,0.305556,0.00925926,1296,377568,1237
1,table_pick,50,qpFreeGate,1,1,0.227484,24324,64,18.8197,1725,1725,0,0.00085386,0.00249477,0,0,0.00434898,0,243,60,0.263374,0,0,0,1,0,0,0,0,0
1,table_pick,50,qpFreeEnvelope,1,1,0.0408274,1591,72,25.8104,1334,1334,0,0.00503847,0.00249477,0,0,0.0779285,0.954117,269,66,0.267658,0,0,0,0.0114141,0.854788,0.133798,0,0,0
1,table_pick,50,qpEnvelope,1,1,0.0117231,873,17,11.9995,631,631,0,0.00481782,0.00249477,0,0,0.0296613,0.168385,7,6,2.42857,0,0,0,0.831615,0.154639,0.0137457,873,252603,850
1,table_pick,57,isSafe,1,1,0.0076311,1375,9,10.9029,7,547,0,0.00373685,0.00249477,0,0,0,0,14,4,0.642857,0,0,0,0,0,0,0,0,0
1,table_pick,57,qpFixed,1,1,0.00643456,726,7,8.80277,727,727,0,0.00380252,0.00249477,0,0,0.012125,0,1,1,7,0,0,0,1,0,0,726,156352,120
1,table_pick,57,qpPlain,1,1,0.00752066,726,7,8.80277,727,727,0,0.00380252,0.00249477,0,0,0.012125,0,1,1,7,0,0,0,1,0,0,726,249018,726
1,table_pick,57,qpAdaptive,1,1,0.000911242,80,7,8.80975,480,480,0,0.00380252,0.00249477,0,0,0.110122,0.7125,1,1,7,0,0,0,0.2875,0.65,0.0625,80,19533,49
1,table_pick,57,qpFreeGate,1,1,0.0196382,2100,12,10.4335,854,854,0,0.00347914,0.00249477,0,0,0.00757602,0,15,7,0.8,0,0,0,1,0,0,0,0,0
1,table_pick,57,qpFreeEnvelope,1,1,0.00313867,126,12,10.4232,542,542,0,0.00354947,0.00249477,0,0,0.128035,0.97619,15,7,0.8,0,0,0,0.015873,0.857143,0.126984,0,0,0
1,table_pick,57,qpEnvelope,1,1,0.00062354,47,7,8.82102,461,461,0,0.00380501,0.00249477,0,0,0.187681,0.659574,1,1,7,0,0,0,0.319149,0.574468,0.106383,47,11489,34
1,table_pick,64,isSafe,1,1,0.0257192,4638,24,8.49657,6,426,0,0.00114295,0.00249477,0,0,0,0,88,19,0.272727,0,0,0,0,0,0,0,0,0
1,table_pick,64,qpFixed,1,1,0.011971,1139,9,8.32417,643,643,47,-0.00264211,0.00249477,0,0,0.0115982,0,3,3,3,0,0,0,1,0,0,1139,310092,535
1,table_pick,64,qpPlain,1,1,0.0127144,1139,9,8.32417,643,643,47,-0.00264211,0.00249477,0,0,0.0115982,0,3,3,3,0,0,0,1,0,0,1139,390677,1139
1,table_pick,64,qpAdaptive,1,1,0.0049175,390,9,8.32447,542,542,47,-0.00264211,0.00249477,0,0,0.0339404,0.217949,3,3,3,0,0,0,0.776923,0.205128,0.0179487,390,115495,351
1,table_pick,64,qpFreeGate,1,1,0.308358,32719,89,18.7233,1869,1869,0,0.0018825,0.00249477,0,0,0.00415609,0,303,79,0.293729,0,0,0,1,0,0,0,0,0
1,table_pick,64,qpFreeEnvelope,1,1,0.0464846,1808,84,16.9317,890,890,0,0.00126582,0.00249477,0,0,0.0749455,0.956858,304,76,0.276316,0,0,0,0.0101466,0.841037,0.148816,0,0,0
1,table_pick,64,qpEnvelope,1,1,0.00448688,331,9,8.32488,519,519,47,-0.00264211,0.00249477,0,0,0.0400883,0.151057,3,3,3,0,0,0,0.848943,0.129909,0.021148,331,97826,316
1,table_pick,71,isSafe,1,1,0.00559305,1001,7,7.48647,5,376,0,0.000144274,0.00249477,0,0,0,0,8,3,0.875,0,0,0,0,0,0,0,0,0
1,table_pick,71,qpFixed,1,1,0.00957552,973,7,9.01603,807,807,0,0.00428631,0.00249477,0,0,0.0100585,0,2,2,3.5,0,0,0,1,0,0,973,259348,368
1,table_pick,71,qpPlain,1,1,0.0103303,973,7,9.01603,807,807,0,0.00428631,0.00249477,0,0,0.0100585,0,2,2,3.5,0,0,0,1,0,0,973,333739,973
1,table_pick,71,qpAdaptive,1,1,0.00327304,295,7,9.02684,514,514,0,0.00428621,0.00249477,0,0,0.0332146,0.586441,2,2,3.5,0,0,0,0.410169,0.572881,0.0169492,295,78032,229
1,table_pick,71,qpFreeGate,1,1,0.103438,11067,32,10.3873,879,879,0,0.00277266,0.00249477,0,0,0.00466133,0,102,29,0.313725,0,0,0,1,0,0,0,0,0
1,table_pick,71,qpFreeEnvelope,1,1,0.0161743,642,30,10.4147,544,544,0,0.00278367,0.00249477,0,0,0.0775251,0.957944,102,27,0.294118,0,0,0,0.00797448,0.858054,0.133971,0,0,0
1,table_pick,71,qpEnvelope,1,1,0.00198099,159,7,9.06413,476,476,0,0.00425661,0.00249477,0,0,0.0618776,0.314465,2,2,3.5,0,0,0,0.685535,0.283019,0.0314465,159,42250,132
1,table_pick,78,isSafe,1,1,0.0149251,2696,14,9.43603,6,473,0,0.00149444,0.00249477,0,0,0,0,30,10,0.466667,0,0,0,0,0,0,0,0,0
1,table_pick,78,qpFixed,1,1,0.00590473,632,6,7.52143,633,633,0,0.00149444,0.00249477,0,0,0.011901,0,1,1,6,0,0,0,1,0,0,632,149794,196
1,table_pick,78,qpPlain,1,1,0.00666812,632,6,7.52143,633,633,0,0.00149444,0.00249477,0,0,0.011901,0,1,1,6,0,0,0,1,0,0,632,216776,632
1,table_pick,78,qpAdaptive,1,1,0.00113924,98,6,7.52261,425,425,0,0.00149444,0.00249477,0,0,0.0767614,0.653061,1,1,6,0,0,0,0.346939,0.612245,0.0408163,98,26388,64
1,table_pick,78,qpFreeGate,1,1,0.0310858,3353,17,8.56295,743,743,0,0.00149444,0.00249477,0,0,0.0076991,0,30,13,0.566667,0,0,0,1,0,0,0,0,0
1,table_pick,78,qpFreeEnvelope,1,1,0.00643558,286,17,8.5736,466,466,0,0.00149444,0.00249477,0,0,0.0902977,0.947552,30,13,0.566667,0,0,0,0.0524476,0.874126,0.0734266,0,0,0
1,table_pick,78,qpEnvelope,1,1,0.000743861,53,6,7.52371,402,402,0,0.00149444,0.00249477,0,0,0.141957,0.849057,1,1,6,0,0,0,0.150943,0.773585,0.0754717,53,14393,38
1,table_pick,85,isSafe,1,1,0.0414253,7451,37,13.9735,8,700,0,0.000662837,0.00249477,0,0,0,0,216,34,0.171296,0,0,0,0,0,0,0,0,0
1,table_pick,85,qpFixed,1,1,0.00582355,631,7,7.97953,632,632,0,0.00280265,0.00249477,0,0,0.0126458,0,1,1,7,0,0,0,1,0,0,631,151481,142
1,table_pick,85,qpPlain,1,1,0.00665098,631,7,7.97953,632,632,0,0.00280265,0.00249477,0,0,0.0126458,0,1,1,7,0,0,0,1,0,0,631,216433,631
1,table_pick,85,qpAdaptive,1,1,0.000995721,87,7,7.98082,443,443,0,0.00280265,0.00249477,0,0,0.0917335,0.551724,1,1,7,0,0,0,0.448276,0.494253,0.0574713,87,24793,60
1,table_pick,85,qpFreeGate,1,1,0.276895,29605,76,20.2641,1706,1706,0,0.000595189,0.00249477,0,0,0.00428227,0,287,69,0.264808,0,0,0,1,0,0,0,0,0
1,table_pick,85,qpFreeEnvelope,1,1,0.0416147,1636,69,12.5913,666,666,0,0.00359768,0.00249477,0,0,0.0703607,0.95599,281,64,0.245552,0,0,0,0.00625782,0.847309,0.146433,0,0,0
1,table_pick,85,qpEnvelope,1,1,0.000691217,48,7,7.98277,424,424,0,0.00276769,0.00249477,0,0,0.166308,0.604167,1,1,7,0,0,0,0.395833,0.5,0.104167,48,13667,36
1,table_pick,92,isSafe,1,1,0.0362472,6537,32,9.85323,6,494,0,0.00135635,0.00249477,0,0,0,0,130,29,0.246154,0,0,0,0,0,0,0,0,0
1,table_pick,92,qpFixed,1,1,0.00352037,375,5,5.23099,376,376,0,0.00461,0.00249477,0,0,0.0139493,0,1,1,5,0,0,0,1,0,0,375,93722,75
1,table_pick,92,qpPlain,1,1,0.00399258,375,5,5.23099,376,376,0,0.00461,0.00249477,0,0,0.0139493,0,1,1,5,0,0,0,1,0,0,375,128625,375
1,table_pick,92,qpAdaptive,1,1,0.00069878,66,5,5.22923,292,292,0,0.00461,0.00249477,0,0,0.0792308,0.863636,1,1,5,0,0,0,0.136364,0.818182,0.0454545,66,16457,37
1,table_pick,92,qpFreeGate,1,1,0.0492985,5321,23,10.2881,962,962,0,0.000875664,0.00249477,0,0,0.00644242,0,49,18,0.469388,0,0,0,1,0,0,0,0,0
1,table_pick,92,qpFreeEnvelope,1,1,0.0081173,320,22,10.2958,547,547,0,0.000787879,0.00249477,0,0,0.108308,0.95,49,17,0.44898,0,0,0,0.0126984,0.873016,0.114286,0,0,0
1,table_pick,92,qpEnvelope,1,1,0.000505448,35,5,5.23044,279,279,0,0.00461,0.00249477,0,0,0.149441,0.8,1,1,5,0,0,0,0.2,0.714286,0.0857143,35,8547,23
1,table_pick,99,isSafe,1,1,0.00711993,1286,9,10.5018,7,527,0,0.0048365,0.00249477,0,0,0,0,16,5,0.5625,0,0,0,0,0,0,0,0,0
1,table_pick,99,qpFixed,1,1,0.0283645,2699,21,14.394,1185,1185,0,0.00385444,0.00249477,0,0,0.0109369,0,9,8,2.33333,0,0,0,1,0,0,2699,748941,1542
1,table_pick,99,qpPlain,1,1,0.0299456,2699,21,14.394,1185,1185,0,0.00385444,0.00249477,0,0,0.0109369,0,9,8,2.33333,0,0,0,1,0,0,2699,925757,2699
1,table_pick,99,qpAdaptive,1,1,0.0157545,1307,22,14.4022,841,841,0,0.00385444,0.00249477,0,0,0.0238419,0.485845,9,8,2.44444,0,0,0,0.509564,0.473604,0.0168324,1307,377981,1165
1,table_pick,99,qpFreeGate,1,1,0.0196865,2110,12,13.5081,1051,1051,0,0.0048365,0.00249477,0,0,0.00786589,0,16,7,0.75,0,0,0,1,0,0,0,0,0
1,table_pick,99,qpFreeEnvelope,1,1,0.00280677,102,12,13.5968,701,701,0,0.0048365,0.00249477,0,0,0.161948,0.980392,16,7,0.75,0,0,0,0,0.80198,0.19802,0,0,0
1,table_pick,99,qpEnvelope,1,1,0.00888958,654,21,14.4613,766,766,0,0.00408551,0.00249477,0,0,0.0476535,0.324159,9,8,2.33333,0,0,0,0.675841,0.295107,0.029052,654,188469,626
1,cage,6,isSafe,1,1,1.07702,262864,1776,15.2031,11,762,0,0.00071752,0.00249477,0,0,0,0,16845,1772,0.105432,0,0,0,0,0,0,0,0,0
1,cage,6,qpFixed,1,1,0.184487,19621,105,17.5458,1497,1497,0,0.00195052,0.00249477,0,0,0.00853272,0,75,55,1.4,0,0,0,1,0,0,19621,5214754,17610
1,cage,6,qpPlain,1,1,0.198218,19621,105,17.5458,1497,1497,0,0.00195052,0.00249477,0,0,0.00853272,0,75,55,1.4,0,0,0,1,0,0,19621,6730003,19621
1,cage,6,qpAdaptive,1,1,0.133263,13133,105,17.5637,1146,1146,0,0.00189277,0.00249477,0,0,0.0127609,0.261936,75,55,1.4,0,0,0,0.736085,0.258814,0.00510165,13133,3495192,12844
1,cage,6,qpFreeGate,1,1,2.78417,359748,664,20.5002,2263,2263,0,0.0034533,0.00249477,0,0,0.00298588,0,3276,637,0.202686,0,0,0,1,0,0,0,0,0
1,cage,6,qpFreeEnvelope,1,1,0.45122,24708,753,29.5379,1608,1608,0,0.000182533,0.00249477,0,0,0.0485868,0.874292,4050,723,0.185926,0,0,0,0.064972,0.829886,0.105142,0,0,0
1,cage,6,qpEnvelope,1,1,0.0771051,7227,75,23.4544,1349,1349,0,0.00139493,0.00249477,0,0,0.0173884,0.20797,55,42,1.36364,0,0,0,0.791061,0.20119,0.00774872,7227,1854459,7167
1,cage,13,isSafe,1,1,0.143229,35956,189,16.2156,10,812,0,0.0102613,0.00249477,0,0,0,0,1553,185,0.1217,0,0,0,0,0,0,0,0,0
1,cage,13,qpFixed,1,1,0.214489,22378,113,20.7071,1736,1736,0,0.000836383,0.00249477,0,0,0.00868345,0,89,66,1.26966,0,0,0,1,0,0,22378,5935617,20410
1,cage,13,qpPlain,1,1,0.231144,22378,113,20.7071,1736,1736,0,0.000836383,0.00249477,0,0,0.00868345,0,89,66,1.26966,0,0,0,1,0,0,22378,7675654,22378
1,cage,13,qpAdaptive,1,1,0.156349,15058,113,20.7576,1352,1352,0,0.000777325,0.00249477,0,0,0.0129352,0.272878,89,66,1.26966,0,0,0,0.725661,0.269823,0.00451587,15058,4037385,14774
1,cage,13,qpFreeGate,1,1,2.87202,372504,634,29.5003,2925,2925,0,0.00276534,0.00249477,0,0,0.00295502,0,3242,611,0.195558,0,0,0,1,0,0,0,0,0
1,cage,13,qpFreeEnvelope,1,1,0.145651,7859,276,26.2328,1382,1382,0,3.46727e-05,0.00249477,0,0,0.0599076,0.915893,1193,253,0.23135,0,0,0,0.0355068,0.847127,0.117366,0,0,0
1,cage,13,qpEnvelope,1,1,0.12112,11005,113,20.9689,1237,1237,0,0.000469455,0.00249477,0,0,0.0177698,0.214175,89,66,1.26966,0,0,0,0.784825,0.206452,0.00872331,11005,2951745,10909
1,cage,20,isSafe,1,1,1.93996,466377,3462,25.0738,15,1255,0,0.0021568,0.00249477,0,0,0,0,32592,3459,0.106222,0,0,0,0,0,0,0,0,0
1,cage,20,qpFixed,1,1,0.298853,31166,135,24.539,2143,2143,0,0.000632114,0.00249477,0,0,0.00801162,0,130,80,1.03846,0,0,0,1,0,0,31166,8426891,28297
1,cage,20,qpPlain,1,1,0.318797,31166,135,24.539,2143,2143,0,0.000632114,0.00249477,0,0,0.00801162,0,130,80,1.03846,0,0,0,1,0,0,31166,10689938,31166
1,cage,20,qpAdaptive,1,1,0.221015,21442,135,24.5767,1683,1683,0,0.000584328,0.00249477,0,0,0.0116579,0.237524,130,80,1.03846,0,0,0,0.761216,0.234866,0.00391755,21442,5840024,20853
1,cage,20,qpFreeGate,1,1,1.71471,222833,388,24.7642,3017,3017,0,0.00259877,0.00249477,0,0,0.00302789,0,1827,359,0.21237,0,0,0,1,0,0,0,0,0
1,cage,20,qpFreeEnvelope,1,1,0.52525,28432,827,22.1154,1169,1169,0,0.000502718,0.00249477,0,0,0.0473083,0.890476,4568,793,0.181042,0,0,0,0.0572391,0.83276,0.110001,0,0,0
1,cage,20,qpEnvelope,1,1,0.182151,16791,137,24.6691,1554,1554,0,0.000380457,0.00249477,0,0,0.0150422,0.182955,130,81,1.05385,0,0,0,0.816092,0.177714,0.00619379,16791,4535391,16468
1,cage,27,isSafe,1,1,0.344294,86042,499,27.8617,16,1395,0,0.00109846,0.00249477,0,0,0,0,4022,495,0.124068,0,0,0,0,0,0,0,0,0
1,cage,27,qpFixed,1,1,0.281973,29323,142,21.8218,1965,1965,0,0.00160398,0.00249477,0,0,0.00836917,0,119,77,1.19328,0,0,0,1,0,0,29323,7904573,26919
1,cage,27,qpPlain,1,1,0.300018,29323,142,21.8218,1965,1965,0,0.00160398,0.00249477,0,0,0.00836917,0,119,77,1.19328,0,0,0,1,0,0,29323,10057789,29323
1,cage,27,qpAdaptive,1,1,0.218443,21144,148,29.3349,2075,2075,0,0.000665813,0.00249477,0,0,0.0125232,0.327989,129,83,1.14729,0,0,0,0.669867,0.324788,0.00534456,21144,5680350,20674
1,cage,27,qpFreeGate,1,0,10.0008,1296030,2120,0,0,0,0,inf,inf,0,0,0.00249485,0,12527,2080,0.169234,0,0,0,1,0,0,0,0,0
1,cage,27,qpFreeEnvelope,1,1,1.04464,55026,1697,24.4178,1291,1291,0,1.24689e-05,0.00249477,0,0,0.0465268,0.896522,9886,1665,0.171657,0,0,0,0.0415844,0.837797,0.120619,0,0,0
1,cage,27,qpEnvelope,1,1,0.168336,15321,142,29.5036,1796,1796,0,9.77007e-05,0.00249477,0,0,0.0173137,0.209386,129,83,1.10078,0,0,0,0.789113,0.20201,0.00887671,15321,4087015,15166
1,cage,34,isSafe,1,1,0.0625904,15797,80,12.3285,8,618,0,0.00851206,0.00249477,0,0,0,0,634,76,0.126183,0,0,0,0,0,0,0,0,0
1,cage,34,qpFixed,1,1,0.104488,10897,60,15.524,1506,1506,0,7.7878e-05,0.00249477,0,0,0.00864428,0,37,30,1.62162,0,0,0,1,0,0,10897,2945150,10376
1,cage,34,qpPlain,1,1,0.11078,10897,60,15.524,1506,1506,0,7.7878e-05,0.00249477,0,0,0.00864428,0,37,30,1.62162,0,0,0,1,0,0,10897,3737671,10897
1,cage,34,qpAdaptive,1,1,0.079466,7804,59,15.5268,1134,1134,0,7.54567e-05,0.00249477,0,0,0.0119361,0.243465,37,29,1.59459,0,0,0,0.755254,0.242055,0.00269093,7804,2104071,7736
1,cage,34,qpFreeGate,1,1,1.31648,172050,308,20.5257,2274,2274,0,0.00308044,0.00249477,0,0,0.00318417,0,1399,290,0.220157,0,0,0,1,0,0,0,0,0
1,cage,34,qpFreeEnvelope,1,1,0.856409,45272,1371,29.8096,1569,1569,0,0.00291148,0.00249477,0,0,0.0468886,0.898061,7858,1336,0.174472,0,0,0,0.0414345,0.835548,0.123018,0,0,0
1,cage,34,qpEnvelope,1,1,0.0615549,5778,59,15.5732,1044,1044,0,7.44728e-05,0.00249477,0,0,0.0161895,0.154898,37,29,1.59459,0,0,0,0.844064,0.149706,0.00623053,5778,1543681,5740
1,cage,41,isSafe,1,1,0.43175,106905,643,32.4558,19,1624,0,0.00229709,0.00249477,0,0,0,0,6395,639,0.100547,0,0,0,0,0,0,0,0,0
1,cage,41,qpFixed,1,1,0.171494,17944,87,18.65,1580,1580,0,0.000748338,0.00249477,0,0,0.0085851,0,73,48,1.19178,0,0,0,1,0,0,17944,4867217,16019
1,cage,41,qpPlain,1,1,0.182218,17944,87,18.65,1580,1580,0,0.000748338,0.00249477,0,0,0.0085851,0,73,48,1.19178,0,0,0,1,0,0,17944,6154792,17944
1,cage,41,qpAdaptive,1,1,0.124698,12173,89,18.679,1248,1248,0,0.000543142,0.00249477,0,0,0.0127645,0.302801,73,49,1.21918,0,0,0,0.695966,0.299926,0.00410745,12173,3315563,11885
1,cage,41,qpFreeGate,1,1,6.05986,775996,1227,18.211,2202,2202,0,0.00422336,0.00249477,0,0,0.00259899,0,7126,1189,0.172186,0,0,0,1,0,0,0,0,0
1,cage,41,qpFreeEnvelope,1,1,0.631191,34175,957,28.4297,1487,1487,0,0.00356031,0.00249477,0,0,0.043643,0.883628,5403,925,0.177124,0,0,0,0.0630263,0.832198,0.104776,0,0,0
1,cage,41,qpEnvelope,1,1,0.0984909,9107,95,21.8548,1412,1412,0,0.000334742,0.00249477,0,0,0.0169621,0.185242,73,48,1.30137,0,0,0,0.81355,0.178434,0.00801581,9107,2465070,9011
1,cage,48,isSafe,1,1,2.10301,502226,3445,24.855,15,1244,0,0.0108293,0.00249477,0,0,0,0,34152,3442,0.100873,0,0,0,0,0,0,0,0,0
1,cage,48,qpFixed,1,1,0.0233759,2728,25,13.5348,1267,1267,87,-0.0105582,0.00249477,0,0,0.010672,0,5,5,5,0,0,0,1,0,0,2728,732008,1391
1,cage,48,qpPlain,1,1,0.0256718,2728,25,13.5348,1267,1267,87,-0.0105582,0.00249477,0,0,0.010672,0,5,5,5,0,0,0,1,0,0,2728,935704,2728
1,cage,48,qpAdaptive,1,1,0.00934513,920,23,13.5693,905,905,88,-0.0111841,0.00249477,0,0,0.0316482,0.453261,5,5,4.6,0,0,0,0.544565,0.431522,0.023913,920,263230,725
1,cage,48,qpFreeGate,1,1,4.12142,527441,931,24.948,2361,2361,0,0.00600885,0.00249477,0,0,0.00281397,0,5553,915,0.167657,0,0,0,1,0,0,0,0,0
1,cage,48,qpFreeEnvelope,1,1,0.880698,46148,1489,23.7918,1258,1258,0,0.00152575,0.00119384,0,0,0.0456618,0.884264,9282,1475,0.160418,0,0,0,0.0276418,0.8659,0.106458,0,0,0
1,cage,48,qpEnvelope,1,1,0.00696295,631,27,14.1326,898,898,88,-0.0105988,0.00249477,0,0,0.036933,0.251981,4,4,6.75,0,0,0,0.73851,0.22187,0.0396197,631,179033,557
1,cage,55,isSafe,1,1,1.10873,270020,1833,19.8601,13,995,0,0.00831463,0.00249477,0,0,0,0,17133,1828,0.106987,0,0,0,0,0,0,0,0,0
1,cage,55,qpFixed,1,1,0.156463,16121,79,18.9623,1460,1460,0,0.00288545,0.00249477,0,0,0.00896642,0,63,44,1.25397,0,0,0,1,0,0,16121,4353526,14313
1,cage,55,qpPlain,1,1,0.166703,16121,79,18.9623,1460,1460,0,0.00288545,0.00249477,0,0,0.00896642,0,63,44,1.25397,0,0,0,1,0,0,16121,5529503,16121
1,cage,55,qpAdaptive,1,1,0.125363,11913,79,18.9749,1167,1167,0,0.00277337,0.00249477,0,0,0.0121613,0.225468,63,44,1.25397,0,0,0,0.773357,0.222782,0.00386133,11913,3259238,11717
1,cage,55,qpFreeGate,1,1,2.33094,300386,488,21.8266,2956,2956,0,0.00283559,0.00249477,0,0,0.00292317,0,2410,454,0.20249,0,0,0,1,0,0,0,0,0
1,cage,55,qpFreeEnvelope,1,1,0.482771,25747,831,22.3092,1191,1191,0,0.00156707,0.00249477,0,0,0.0518443,0.898512,4334,793,0.19174,0,0,0,0.0389803,0.844239,0.116781,0,0,0
1,cage,55,qpEnvelope,1,1,0.0926805,8354,75,17.7845,992,992,0,0.00253231,0.00249477,0,0,0.0163763,0.180632,63,42,1.19048,0,0,0,0.817812,0.174886,0.00730189,8354,2231639,8273
1,cage,62,isSafe,1,1,3.02711,718030,5439,24.9336,16,1248,0,0.000766758,0.00249477,0,0,0,0,51134,5436,0.106368,0,0,0,0,0,0,0,0,0
1,cage,62,qpFixed,1,1,0.0549934,6165,34,19.0192,1603,1603,0,1.67552e-05,0.00249477,0,0,0.00947457,0,19,15,1.78947,0,0,0,1,0,0,6165,1536665,4599
1,cage,62,qpPlain,1,1,0.061498,6165,34,19.0192,1603,1603,0,1.67552e-05,0.00249477,0,0,0.00947457,0,19,15,1.78947,0,0,0,1,0,0,6165,2114595,6165
1,cage,62,qpAdaptive,1,1,0.0346808,3467,34,19.0217,1278,1278,0,1.65365e-05,0.00249477,0,0,0.016868,0.216614,19,15,1.78947,0,0,0,0.78079,0.212576,0.00663398,3467,879611,3238
1,cage,62,qpFreeGate,1,1,4.38729,561318,1083,23.0386,2321,2321,0,0.00232204,0.00249477,0,0,0.00288355,0,6280,1071,0.172452,0,0,0,1,0,0,0,0,0
1,cage,62,qpFreeEnvelope,1,1,1.44377,74733,2559,25.9978,1451,1451,0,0.000392353,0.00249477,0,0,0.0438705,0.864103,15910,2542,0.160842,0,0,0,0.0474857,0.858494,0.0940198,0,0,0
1,cage,62,qpEnvelope,1,1,0.027752,2608,33,19.0281,1186,1186,0,2.9942e-05,0.00249477,0,0,0.0224623,0.130752,19,15,1.73684,0,0,0,0.867715,0.123083,0.00920245,2608,672498,2526
1,cage,69,isSafe,1,1,0.286911,70493,391,28.1376,16,1408,0,0.000628799,0.00249477,0,0,0,0,3623,387,0.107922,0,0,0,0,0,0,0,0,0
1,cage,69,qpFixed,1,1,0.0691372,7113,44,18.6256,1535,1535,146,-0.0086802,0.00249477,0,0,0.0092977,0,23,19,1.91304,0,0,0,1,0,0,7113,1983950,6456
1,cage,69,qpPlain,1,1,0.0722508,7113,44,18.6256,1535,1535,146,-0.0086802,0.00249477,0,0,0.0092977,0,23,19,1.91304,0,0,0,1,0,0,7113,2439759,7113
1,cage,69,qpAdaptive,1,1,0.0450973,4303,44,18.6458,1287,1287,145,-0.00881134,0.00249477,0,0,0.0153896,0.320474,23,19,1.91304,0,0,0,0.677434,0.315826,0.00673948,4303,1205084,4215
1,cage,69,qpFreeGate,1,1,3.75646,481306,806,21.796,2146,2146,0,0.00465103,0.00249477,0,0,0.00276302,0,4396,780,0.183348,0,0,0,1,0,0,0,0,0
1,cage,69,qpFreeEnvelope,1,1,0.0645954,3494,134,12.3395,673,673,0,0.00108502,0.00249477,0,0,0.0587086,0.914711,505,113,0.265347,0,0,0,0.0444574,0.839427,0.116116,0,0,0
1,cage,69,qpEnvelope,1,1,0.0347702,3099,44,16.6963,1033,1033,0,0.00109808,0.00249477,0,0,0.0215553,0.307841,23,20,1.91304,0,0,0,0.6899,0.299129,0.0109713,3099,863886,3059
1,cage,76,isSafe,1,1,0.532991,130316,781,20.3795,12,1020,0,0.0124214,0.00249477,0,0,0,0,7606,778,0.102682,0,0,0,0,0,0,0,0,0
1,cage,76,qpFixed,1,1,0.181781,18920,93,24.2013,2045,2045,0,0.000120745,0.00249477,0,0,0.00858398,0,75,54,1.24,0,0,0,1,0,0,18920,5002239,17393
1,cage,76,qpPlain,1,1,0.196073,18920,93,24.2013,2045,2045,0,0.000120745,0.00249477,0,0,0.00858398,0,75,54,1.24,0,0,0,1,0,0,18920,6489560,18920
1,cage,76,qpAdaptive,1,1,0.130921,12672,93,24.2638,1629,1629,0,0.000118074,0.00249477,0,0,0.012838,0.294113,75,54,1.24,0,0,0,0.704151,0.29072,0.00512942,12672,3370659,12445
1,cage,76,qpFreeGate,1,1,1.9293,248257,461,20.6961,2077,2077,0,0.00442939,0.00249477,0,0,0.00310204,0,2069,429,0.222813,0,0,0,1,0,0,0,0,0
1,cage,76,qpFreeEnvelope,1,1,0.198099,10620,361,23.1721,1243,1243,0,0.00187916,0.00249477,0,0,0.0566235,0.904049,1703,329,0.211979,0,0,0,0.046902,0.829561,0.123537,0,0,0
1,cage,76,qpEnvelope,1,1,0.10165,9230,95,24.4728,1439,1439,0,0.000113153,0.00249477,0,0,0.0176869,0.192633,75,54,1.26667,0,0,0,0.805959,0.185049,0.00899242,9230,2445053,9158
1,cage,83,isSafe,1,1,0.805256,196367,1252,20.0546,12,1004,0,0.00271059,0.00249477,0,0,0,0,10868,1247,0.115201,0,0,0,0,0,0,0,0,0
1,cage,83,qpFixed,1,1,0.208027,21318,110,12.7311,1213,1213,0,0.000158941,0.00249477,0,0,0.0085857,0,85,60,1.29412,0,0,0,1,0,0,21318,5609200,19848
1,cage,83,qpPlain,1,1,0.224631,21318,110,12.7311,1213,1213,0,0.000158941,0.00249477,0,0,0.0085857,0,85,60,1.29412,0,0,0,1,0,0,21318,7312074,21318
1,cage,83,qpAdaptive,1,1,0.160199,15312,110,12.745,955,955,0,0.00015834,0.00249477,0,0,0.0119515,0.266196,85,60,1.29412,0,0,0,0.731221,0.263945,0.00483344,15312,4034204,15031
1,cage,83,qpFreeGate,1,0,10,1287841,2009,0,0,0,0,inf,inf,0,0,0.0024644,0,11515,1969,0.174468,0,0,0,1,0,0,0,0,0
1,cage,83,qpFreeEnvelope,1,1,1.63657,84073,2770,22.9201,1224,1224,0,0.00089026,0.00249477,0,0,0.0462346,0.901645,16567,2720,0.1672,0,0,0,0.025831,0.847386,0.126783,0,0,0
1,cage,83,qpEnvelope,1,1,0.111232,9964,109,12.8114,798,798,0,0.000161147,0.00249477,0,0,0.0183942,0.190486,85,60,1.28235,0,0,0,0.80777,0.182594,0.00963662,9964,2629411,9864
1,cage,90,isSafe,1,1,0.270973,56947,308,24.4448,14,1224,0,0.0128428,0.00249477,0,0,0,0,2457,305,0.125356,0,0,0,0,0,0,0,0,0
1,cage,90,qpFixed,1,1,0.376252,36423,166,14.4505,1205,1205,0,0.000776379,0.00249477,0,0,0.00813653,0,154,100,1.07792,0,0,0,1,0,0,36423,9737959,32548
1,cage,90,qpPlain,1,1,0.403634,36423,166,14.4505,1205,1205,0,0.000776379,0.00249477,0,0,0.00813653,0,154,100,1.07792,0,0,0,1,0,0,36423,12493089,36423
1,cage,90,qpAdaptive,1,1,0.291841,26257,165,14.4853,1004,1004,0,0.000581273,0.00249477,0,0,0.0113407,0.21918,154,100,1.07143,0,0,0,0.779487,0.216514,0.00399893,26257,7091892,25728
1,cage,90,qpFreeGate,1,1,3.62887,428831,715,16.4262,2033,2033,0,0.00636308,0.00249477,0,0,0.00279652,0,3671,681,0.19477,0,0,0,1,0,0,0,0,0
1,cage,90,qpFreeEnvelope,1,1,0.382485,18626,574,18.7149,1038,1038,0,0.000339563,0.00249477,0,0,0.0515654,0.873779,2909,543,0.197319,0,0,0,0.0703916,0.821051,0.108557,0,0,0
1,cage,90,qpEnvelope,1,1,0.237582,20380,164,14.5753,893,893,0,0.00024648,0.00249477,0,0,0.014554,0.12581,154,101,1.06494,0,0,0,0.87316,0.121001,0.00583906,20380,5490610,20198
1,cage,97,isSafe,1,1,0.189446,39931,206,16.1366,10,808,0,0.00499689,0.00249477,0,0,0,0,1988,203,0.103622,0,0,0,0,0,0,0,0,0
1,cage,97,qpFixed,1,1,0.0373212,3746,27,15.0852,1238,1238,0,0.00263453,0.00249477,0,0,0.0109696,0,12,12,2.25,0,0,0,1,0,0,3746,994803,3093
1,cage,97,qpPlain,1,1,0.0403859,3746,27,15.0852,1238,1238,0,0.00263453,0.00249477,0,0,0.0109696,0,12,12,2.25,0,0,0,1,0,0,3746,1284878,3746
1,cage,97,qpAdaptive,1,1,0.0237817,2138,27,15.0751,973,973,0,0.002596,0.00249477,0,0,0.0192582,0.396165,12,12,2.25,0,0,0,0.601029,0.390084,0.00888681,2138,583097,2029
1,cage,97,qpFreeGate,1,1,6.61996,779869,1187,25.63,2622,2622,0,0.00527226,0.00249477,0,0,0.00254641,0,6939,1149,0.171062,0,0,0,1,0,0,0,0,0
1,cage,97,qpFreeEnvelope,1,1,1.07309,49878,1444,19.7674,1048,1048,0,0.00202969,0.00249477,0,0,0.0441023,0.890713,8977,1403,0.160856,0,0,0,0.0410581,0.844325,0.114617,0,0,0
1,cage,97,qpEnvelope,1,1,0.0125647,1046,26,15.0961,854,854,0,0.00226016,0.00249477,0,0,0.0380672,0.429254,12,12,2.16667,0,0,0,0.56501,0.413002,0.0219885,1046,284809,1006
