seed,scene,problem,method,eligible,solved,seconds,samples,vertices,path_length,waypoints,audited_states,unsafe_states,min_clearance,min_self_overlap,self_colliding,misses,rad_per_call,coarse_fraction,primary_samples,productive_samples,vertices_per_sample,picard_attempts,picard_accepted,picard_fallbacks,hop_floored,hop_at_region,hop_edge_limited
1,bookshelf_tall,1,isSafe,1,1,0.00159156,1821,12,9.01305,11,452,0,0.00585175,0.00249477,0,0,0,0,7,4,1.71429,0,0,0,0,0,0
1,bookshelf_tall,1,qpFixed,1,1,0.00106927,928,10,7.1781,929,929,20,-0.00201071,0.00249477,0,0,0.00773502,0,1,1,10,0,0,0,1,0,0
1,bookshelf_tall,1,qpAdaptive,1,1,0.000503329,287,10,7.1781,514,514,20,-0.00201071,0.00249477,0,0,0.0250108,0.456446,1,1,10,0,0,0,0.543554,0.432056,0.0243902
1,bookshelf_tall,1,qpFreeGate,1,1,0.00141376,1338,12,9.26491,1327,1327,0,0.00585175,0.00249477,0,0,0.00694682,0,7,5,1.71429,0,0,0,1,0,0
1,bookshelf_tall,1,qpEnvelope,1,1,0.000437385,169,10,7.1781,462,462,20,-0.00201071,0.00249477,0,0,0.042474,0.230769,1,1,10,0,0,0,0.769231,0.189349,0.0414201
1,bookshelf_tall,1,VAMP,1,1,4.0105e-05,413,12,9.01305,11,452,0,0.00585175,0.00249477,0,0,0,0,0,0,0,0,0,0,0,0,0
1,bookshelf_tall,2,isSafe,1,1,0.00559661,6538,34,12.867,14,645,0,0.00271554,0.00249477,0,0,0,0,109,26,0.311927,0,0,0,0,0,0
1,bookshelf_tall,2,qpFixed,1,1,0.00485092,2847,25,11.0529,1680,1680,330,-0.00309229,0.00249477,0,0,0.00622337,0,6,6,4.16667,0,0,0,1,0,0
1,bookshelf_tall,2,qpAdaptive,1,1,0.0051945,2330,25,11.0529,1333,1333,330,-0.00309229,0.00249477,0,0,0.00760423,0.0506438,6,6,4.16667,0,0,0,0.949356,0.0493562,0.00128755
1,bookshelf_tall,2,qpFreeGate,1,1,0.0074627,6890,56,14.9321,2257,2257,0,0.00170198,0.00249477,0,0,0.00671214,0,129,41,0.434109,0,0,0,1,0,0
1,bookshelf_tall,2,qpEnvelope,1,1,0.00519084,2207,26,11.0543,1275,1275,331,-0.0028221,0.00249477,0,0,0.00799691,0.0235614,6,6,4.33333,0,0,0,0.975986,0.0222021,0.00181242
1,bookshelf_tall,2,VAMP,1,1,0.000192112,3528,47,13.8233,15,693,0,0.00125391,0.00249477,0,0,0,0,0,0,0,0,0,0,0,0,0
1,bookshelf_tall,8,isSafe,1,1,0.00988545,11617,59,9.43422,11,473,0,0.00227847,0.00249477,0,0,0,0,189,50,0.312169,0,0,0,0,0,0
1,bookshelf_tall,8,qpFixed,1,1,0.0014566,1261,10,7.46641,1262,1262,39,-0.00294162,0.00249477,0,0,0.00592103,0,1,1,10,0,0,0,1,0,0
1,bookshelf_tall,8,qpAdaptive,1,1,0.000664221,363,10,7.46641,607,607,39,-0.00294157,0.00249477,0,0,0.0205686,0.278237,1,1,10,0,0,0,0.719008,0.261708,0.0192837
1,bookshelf_tall,8,qpFreeGate,1,1,0.0057549,5341,44,11.5795,1704,1704,0,0.00227847,0.00249477,0,0,0.007185,0,96,32,0.458333,0,0,0,1,0,0
1,bookshelf_tall,8,qpEnvelope,1,1,0.000686298,274,10,7.4666,558,558,38,-0.00294758,0.00249477,0,0,0.0272503,0.145985,1,1,10,0,0,0,0.854015,0.120438,0.0255474
1,bookshelf_tall,8,VAMP,1,1,0.000108302,2045,28,13.3789,15,670,0,0.00175377,0.00152879,0,0,0,0,0,0,0,0,0,0,0,0,0
1,bookshelf_tall,9,isSafe,1,1,0.0106377,12467,63,16.4087,18,822,1,-0.000249949,0.00249477,0,0,0,0,195,57,0.323077,0,0,0,0,0,0
1,bookshelf_tall,9,qpFixed,1,1,0.00627247,3757,28,8.32397,1240,1240,274,-0.00265534,0.00249477,0,0,0.00583376,0,9,9,3.11111,0,0,0,1,0,0
1,bookshelf_tall,9,qpAdaptive,1,1,0.00689,3158,28,8.32398,1055,1055,274,-0.00265534,0.00249477,0,0,0.00694015,0.0288157,9,9,3.11111,0,0,0,0.970551,0.0275491,0.00189994
1,bookshelf_tall,9,qpFreeGate,1,1,0.014708,14012,110,17.7503,2445,2445,3,-0.000249949,0.00249477,0,0,0.00709496,0,307,99,0.358306,0,0,0,1,0,0
1,bookshelf_tall,9,qpEnvelope,1,1,0.00703926,3066,28,8.32258,1033,1033,273,-0.00265534,0.00249477,0,0,0.00714947,0.0146771,9,9,3.11111,0,0,0,0.984671,0.0133725,0.00195695
1,bookshelf_tall,9,VAMP,1,1,0.000320159,5785,78,16.5788,18,830,1,-0.000249949,0.00249477,0,0,0,0,0,0,0,0,0,0,0,0,0
1,bookshelf_tall,10,isSafe,1,1,0.00276598,3213,18,9.72409,11,488,0,0.00169455,0.00249477,0,0,0,0,29,12,0.62069,0,0,0,0,0,0
1,bookshelf_tall,10,qpFixed,1,1,0.00207351,1353,15,7.79436,1159,1159,67,-0.00273832,0.00249477,0,0,0.00618282,0,3,3,5,0,0,0,1,0,0
1,bookshelf_tall,10,qpAdaptive,1,1,0.00217737,1059,15,7.79437,964,964,67,-0.00273832,0.00249477,0,0,0.00789931,0.0642115,3,3,5,0,0,0,0.934844,0.0623229,0.00283286
1,bookshelf_tall,10,qpFreeGate,1,1,0.00636748,6009,52,8.13427,1207,1207,0,0.00147851,0.00249477,0,0,0.00723166,0,134,46,0.38806,0,0,0,1,0,0
1,bookshelf_tall,10,qpEnvelope,1,1,0.00531711,2437,25,12.1232,1429,1429,104,-0.00400822,0.00249477,0,0,0.00799412,0.0434961,9,9,2.77778,0,0,0,0.955273,0.0402134,0.00451375
1,bookshelf_tall,10,VAMP,1,1,6.8138e-05,1118,18,9.72409,11,488,0,0.00169455,0.00249477,0,0,0,0,0,0,0,0,0,0,0,0,0
1,bookshelf_tall,11,isSafe,1,1,0.00457657,5375,29,17.3382,19,868,0,0.00385386,0.00249477,0,0,0,0,67,22,0.432836,0,0,0,0,0,0
1,bookshelf_tall,11,qpFixed,1,1,0.0112559,6595,33,10.3833,2015,2015,317,-0.00330856,0.00249477,0,0,0.00456296,0,15,15,2.2,0,0,0,1,0,0
1,bookshelf_tall,11,qpAdaptive,1,1,0.012718,5766,33,10.383,1747,1747,317,-0.00330856,0.00249477,0,0,0.00521901,0.0364204,15,15,2.2,0,0,0,0.96358,0.0352064,0.00121401
1,bookshelf_tall,11,qpFreeGate,1,1,0.00877463,8189,61,16.0459,2267,2267,0,0.00116322,0.00249477,0,0,0.00696608,0,159,52,0.383648,0,0,0,1,0,0
1,bookshelf_tall,11,qpEnvelope,1,1,0.0108197,4614,29,14.164,2095,2095,452,-0.00380673,0.00249477,0,0,0.00572256,0.0251409,13,13,2.23077,0,0,0,0.974854,0.0236289,0.00151745
1,bookshelf_tall,11,VAMP,1,1,0.000123431,1934,33,17.3382,19,868,0,0.00385386,0.00249477,0,0,0,0,0,0,0,0,0,0,0,0,0
1,bookshelf_tall,15,isSafe,1,1,0.00164213,1911,12,8.50447,10,427,7,-0.00148847,0.00249477,0,0,0,0,8,3,1.5,0,0,0,0,0,0
1,bookshelf_tall,15,qpFixed,1,1,0.00632892,3698,30,14.1972,2189,2189,503,-0.00313932,0.00249477,0,0,0.00590192,0,7,7,4.28571,0,0,0,1,0,0
1,bookshelf_tall,15,qpAdaptive,1,1,0.00697185,3138,30,14.1968,1873,1873,503,-0.00313922,0.00249477,0,0,0.00695507,0.0579987,7,7,4.28571,0,0,0,0.941045,0.056724,0.00223072
1,bookshelf_tall,15,qpFreeGate,1,1,0.0223587,21038,164,21.627,3071,3071,0,0.000434368,0.00249477,0,0,0.00688331,0,532,148,0.308271,0,0,0,1,0,0
1,bookshelf_tall,15,qpEnvelope,1,1,0.00694191,2958,30,14.1967,1802,1802,504,-0.00313895,0.00249477,0,0,0.00737823,0.0412441,7,7,4.28571,0,0,0,0.957066,0.0388776,0.0040568
1,bookshelf_tall,15,VAMP,1,1,3.8249e-05,424,12,8.50447,10,427,7,-0.00148847,0.00249477,0,0,0,0,0,0,0,0,0,0,0,0,0
1,bookshelf_tall,17,isSafe,1,1,0.00455659,5340,28,10.8755,12,545,0,0.00101959,0.00249477,0,0,0,0,70,24,0.4,0,0,0,0,0,0
1,bookshelf_tall,17,qpFixed,1,1,0.00202274,1458,12,6.37322,921,921,0,0.000721303,0.00249477,0,0,0.00645888,0,2,2,6,0,0,0,1,0,0
1,bookshelf_tall,17,qpAdaptive,1,1,0.00152471,706,12,6.37326,414,414,0,0.000720794,0.00249477,0,0,0.0133387,0.152975,2,2,6,0,0,0,0.845609,0.144476,0.00991501
1,bookshelf_tall,17,qpFreeGate,1,1,0.00169837,1590,13,7.38559,1071,1071,0,0.00294474,0.00249477,0,0,0.00699183,0,14,6,0.928571,0,0,0,1,0,0
1,bookshelf_tall,17,qpEnvelope,1,1,0.0015064,601,12,6.373,358,358,0,0.000705367,0.00249477,0,0,0.0156686,0.0599002,2,2,6,0,0,0,0.9401,0.0482529,0.0116473
1,bookshelf_tall,17,VAMP,1,1,2.2619e-05,220,9,6.37476,8,320,2,-0.0019405,0.00249477,0,0,0,0,0,0,0,0,0,0,0,0,0
1,bookshelf_tall,19,isSafe,1,1,0.00253723,2949,17,8.34199,10,419,0,0.00538547,0.00249477,0,0,0,0,34,12,0.5,0,0,0,0,0,0
1,bookshelf_tall,19,qpFixed,1,1,0.00385353,2325,14,9.01755,1522,1522,83,-0.00342061,0.00249477,0,0,0.00503358,0,6,5,2.33333,0,0,0,1,0,0
1,bookshelf_tall,19,qpAdaptive,1,1,0.00423179,1955,14,9.01762,1324,1324,83,-0.00341911,0.00249477,0,0,0.00598616,0.0618926,6,5,2.33333,0,0,0,0.937596,0.0598465,0.00255754
1,bookshelf_tall,19,qpFreeGate,1,1,0.00224319,2108,19,7.9406,1024,1024,0,0.00131664,0.00249477,0,0,0.00753717,0,32,13,0.59375,0,0,0,1,0,0
1,bookshelf_tall,19,qpEnvelope,1,1,0.00425817,1854,14,9.01755,1280,1280,83,-0.00341898,0.00249477,0,0,0.0063123,0.0248112,6,5,2.33333,0,0,0,0.974649,0.0226537,0.00269687
1,bookshelf_tall,19,VAMP,1,1,6.2057e-05,1134,17,8.34199,10,419,0,0.00538547,0.00249477,0,0,0,0,0,0,0,0,0,0,0,0,0
1,bookshelf_tall,22,isSafe,1,1,0.0321438,37548,184,20.3278,22,1018,0,0.00480062,0.00249477,0,0,0,0,900,177,0.204444,0,0,0,0,0,0
1,bookshelf_tall,22,qpFixed,1,1,0.0056528,3220,23,11.2281,1663,1663,466,-0.00356796,0.00249477,0,0,0.0058299,0,4,4,5.75,0,0,0,1,0,0
1,bookshelf_tall,22,qpAdaptive,1,1,0.0064357,2879,23,11.2281,1437,1437,466,-0.00356796,0.00249477,0,0,0.00652039,0.0406391,4,4,5.75,0,0,0,0.959361,0.0392497,0.00138937
1,bookshelf_tall,22,qpFreeGate,1,1,0.0200212,18577,145,17.1413,2316,2316,9,-0.000904903,0.00249477,0,0,0.00698076,0,475,131,0.305263,0,0,0,1,0,0
1,bookshelf_tall,22,qpEnvelope,1,1,0.00652606,2773,23,11.2281,1374,1374,466,-0.00356795,0.00249477,0,0,0.00676967,0.0183916,4,4,5.75,0,0,0,0.981248,0.0173098,0.00144248
1,bookshelf_tall,22,VAMP,1,1,0.00117418,20038,236,14.696,16,736,0,0.00480062,0.00249477,0,0,0,0,0,0,0,0,0,0,0,0,0
1,bookshelf_tall,23,isSafe,1,1,0.00333292,3907,22,13.1657,15,660,0,0.00624879,0.00249477,0,0,0,0,48,17,0.458333,0,0,0,0,0,0
1,bookshelf_tall,23,qpFixed,1,1,0.00181547,1190,10,4.95285,746,746,112,-0.00345961,0.00249477,0,0,0.00615693,0,2,2,5,0,0,0,1,0,0
1,bookshelf_tall,23,qpAdaptive,1,1,0.00192714,951,10,4.95434,672,672,113,-0.00342887,0.00249477,0,0,0.00770582,0.0935857,2,2,5,0,0,0,0.905363,0.0914826,0.00315457
1,bookshelf_tall,23,qpFreeGate,1,1,0.00466575,4222,37,16.2155,2264,2264,0,0.00506336,0.00249477,0,0,0.00701847,0,54,27,0.685185,0,0,0,1,0,0
1,bookshelf_tall,23,qpEnvelope,1,1,0.00187013,850,10,4.95323,615,615,114,-0.00339174,0.00249477,0,0,0.00862048,0.0717647,2,2,5,0,0,0,0.928235,0.0670588,0.00470588
1,bookshelf_tall,23,VAMP,1,1,7.9737e-05,1312,21,14.6523,16,734,0,0.00455291,0.00249477,0,0,0,0,0,0,0,0,0,0,0,0,0
1,bookshelf_tall,28,isSafe,1,1,0.0104896,12263,61,13.5,15,677,3,-0.00335155,0.00249477,0,0,0,0,198,55,0.308081,0,0,0,0,0,0
1,bookshelf_tall,28,qpFixed,1,1,0.00114181,1009,9,6.25047,1010,1010,28,-0.00212559,0.00249477,0,0,0.00619472,0,1,1,9,0,0,0,1,0,0
1,bookshelf_tall,28,qpAdaptive,1,1,0.000488291,261,9,6.2509,492,492,26,-0.00212559,0.00249477,0,0,0.0239498,0.283525,1,1,9,0,0,0,0.716475,0.260536,0.0229885
1,bookshelf_tall,28,qpFreeGate,1,1,0.00532004,5124,42,8.9115,1267,1267,0,0.00259348,0.00249477,0,0,0.00704992,0,86,34,0.488372,0,0,0,1,0,0
1,bookshelf_tall,28,qpEnvelope,1,1,0.000475643,203,9,6.25135,457,457,26,-0.00212559,0.00249477,0,0,0.0307948,0.206897,1,1,9,0,0,0,0.793103,0.17734,0.0295567
1,bookshelf_tall,28,VAMP,1,1,0.000657799,16544,130,16.4506,18,824,3,-0.000700765,0.00249477,0,0,0,0,0,0,0,0,0,0,0,0,0
1,bookshelf_tall,29,isSafe,1,1,0.00195774,2277,14,7.21096,9,362,0,0.000387188,0.00249477,0,0,0,0,19,7,0.736842,0,0,0,0,0,0
1,bookshelf_tall,29,qpFixed,1,1,0.00769986,4873,39,9.66674,1329,1329,42,-0.00362083,0.00249477,0,0,0.00606186,0,14,14,2.78571,0,0,0,1,0,0
1,bookshelf_tall,29,qpAdaptive,1,1,0.00856338,4170,38,9.66685,1031,1031,42,-0.00362083,0.00249477,0,0,0.00708706,0.0709832,14,14,2.71429,0,0,0,0.927578,0.070024,0.00239808
1,bookshelf_tall,29,qpFreeGate,1,1,0.00270412,2590,22,10.2228,1452,1452,0,0.00336666,0.00249477,0,0,0.0071132,0,47,15,0.468085,0,0,0,1,0,0
1,bookshelf_tall,29,qpEnvelope,1,1,0.0084553,3859,38,9.66937,939,939,41,-0.00362083,0.00249477,0,0,0.00765564,0.0305779,14,14,2.71429,0,0,0,0.967349,0.0287639,0.00388702
1,bookshelf_tall,29,VAMP,1,1,5.0128e-05,652,13,7.21096,9,362,0,0.000387188,0.00249477,0,0,0,0,0,0,0,0,0,0,0,0,0
1,bookshelf_tall,33,isSafe,1,1,0.00262715,3076,17,4.70953,6,237,4,-0.00159802,0.00249477,0,0,0,0,32,13,0.53125,0,0,0,0,0,0
1,bookshelf_tall,33,qpFixed,1,1,0.00266939,1880,12,5.66827,883,883,11,-0.00226765,0.00249477,0,0,0.00548812,0,6,5,2,0,0,0,1,0,0
1,bookshelf_tall,33,qpAdaptive,1,1,0.00232417,1106,12,5.66839,612,612,11,-0.00226717,0.00249477,0,0,0.00933195,0.0768535,6,5,2,0,0,0,0.923146,0.0714286,0.00542495
1,bookshelf_tall,33,qpFreeGate,1,1,0.00325107,3188,29,5.47456,674,674,0,0.00137798,0.00249477,0,0,0.00713609,0,56,24,0.517857,0,0,0,1,0,0
1,bookshelf_tall,33,qpEnvelope,1,1,0.00238372,1055,12,5.66838,597,597,10,-0.00226434,0.00249477,0,0,0.00978185,0.0540284,6,5,2,0,0,0,0.945972,0.0483412,0.0056872
1,bookshelf_tall,33,VAMP,1,1,7.267e-05,1479,18,4.70953,6,237,4,-0.00159802,0.00249477,0,0,0,0,0,0,0,0,0,0,0,0,0
1,bookshelf_tall,36,isSafe,1,1,0.0101656,11923,60,11.9366,13,598,3,-0.00164309,0.00249477,0,0,0,0,200,55,0.3,0,0,0,0,0,0
1,bookshelf_tall,36,qpFixed,1,1,0.00865805,4739,31,10.787,1975,1975,380,-0.00468605,0.00249477,0,0,0.0051189,0,8,8,3.875,0,0,0,1,0,0
1,bookshelf_tall,36,qpAdaptive,1,1,0.00967897,4222,31,10.7872,1739,1739,380,-0.00470151,0.00249477,0,0,0.00574585,0.0355282,8,8,3.875,0,0,0,0.963998,0.0343439,0.00165798
1,bookshelf_tall,36,qpFreeGate,1,1,0.00922091,8959,69,11.4525,1653,1653,0,0.00329606,0.00249477,0,0,0.00701323,0,200,63,0.345,0,0,0,1,0,0
1,bookshelf_tall,36,qpEnvelope,1,1,0.00978246,4112,31,10.7901,1704,1704,382,-0.00483758,0.00249477,0,0,0.00590047,0.0228599,8,8,3.875,0,0,0,0.97714,0.0211576,0.00170233
1,bookshelf_tall,36,VAMP,1,1,0.000311611,4816,82,11.5861,13,581,3,-0.00164309,0.00249477,0,0,0,0,0,0,0,0,0,0,0,0,0
1,bookshelf_tall,40,isSafe,1,1,0.00889141,10412,53,13.7951,15,691,3,-0.00126414,0.00249477,0,0,0,0,185,45,0.286486,0,0,0,0,0,0
1,bookshelf_tall,40,qpFixed,1,1,0.0108142,6210,35,7.68603,1131,1131,63,-0.0039616,0.00249477,0,0,0.00512961,0,18,15,1.94444,0,0,0,1,0,0
1,bookshelf_tall,40,qpAdaptive,1,1,0.0120569,5372,35,7.68899,868,868,63,-0.0039602,0.00249477,0,0,0.00593051,0.0266195,18,15,1.94444,0,0,0,0.972636,0.0256888,0.00167535
1,bookshelf_tall,40,qpFreeGate,1,1,0.0422849,39206,295,22.5948,3197,3197,0,0.00106306,0.00249477,0,0,0.00696369,0,1259,277,0.234313,0,0,0,1,0,0
1,bookshelf_tall,40,qpEnvelope,1,1,0.012269,5203,35,7.68672,813,813,64,-0.00396179,0.00249477,0,0,0.00612317,0.0161445,18,15,1.94444,0,0,0,0.983471,0.014607,0.00192197
1,bookshelf_tall,40,VAMP,1,1,0.000607243,10409,115,17.0762,19,855,0,0.00219712,0.00249477,0,0,0,0,0,0,0,0,0,0,0,0,0
1,bookshelf_tall,41,isSafe,1,1,0.00482385,5671,30,11.9286,13,598,0,0.00307812,0.00249477,0,0,0,0,48,23,0.625,0,0,0,0,0,0
1,bookshelf_tall,41,qpFixed,1,1,0.00303886,1879,15,10.004,1636,1636,351,-0.00542293,0.00249477,0,0,0.00594043,0,2,2,7.5,0,0,0,1,0,0
1,bookshelf_tall,41,qpAdaptive,1,1,0.00323682,1519,15,10.004,1370,1370,351,-0.00542293,0.00249477,0,0,0.00734529,0.0776827,2,2,7.5,0,0,0,0.921659,0.0757077,0.00263331
1,bookshelf_tall,41,qpFreeGate,1,1,0.00291825,2686,22,10.1498,1433,1433,0,0.00469796,0.00249477,0,0,0.00685383,0,31,16,0.709677,0,0,0,1,0,0
1,bookshelf_tall,41,qpEnvelope,1,1,0.00323677,1420,15,10.005,1319,1319,349,-0.0054231,0.00249477,0,0,0.00786062,0.0556338,2,2,7.5,0,0,0,0.944366,0.0528169,0.0028169
1,bookshelf_tall,41,VAMP,1,1,9.6134e-05,1786,31,11.9286,13,598,0,0.00307812,0.00249477,0,0,0,0,0,0,0,0,0,0,0,0,0
1,bookshelf_tall,42,isSafe,1,1,0.00325642,3810,21,10.7376,12,538,0,0.00240747,0.00249477,0,0,0,0,28,15,0.75,0,0,0,0,0,0
1,bookshelf_tall,42,qpFixed,1,1,0.00196406,1315,11,6.11864,894,894,116,-0.00355663,0.00249477,0,0,0.00617005,0,2,2,5.5,0,0,0,1,0,0
1,bookshelf_tall,42,qpAdaptive,1,1,0.00192923,946,11,6.11864,632,632,116,-0.00355663,0.00249477,0,0,0.00857676,0.113108,2,2,5.5,0,0,0,0.885835,0.109937,0.00422833
1,bookshelf_tall,42,qpFreeGate,1,1,0.00292845,2687,24,10.4933,1430,1430,0,0.00568594,0.00249477,0,0,0.0072646,0,28,17,0.857143,0,0,0,1,0,0
1,bookshelf_tall,42,qpEnvelope,1,1,0.00187491,828,11,6.11864,577,577,116,-0.00355663,0.00249477,0,0,0.00979927,0.0495169,2,2,5.5,0,0,0,0.948068,0.0471014,0.00483092
1,bookshelf_tall,42,VAMP,1,1,8.3069e-05,1013,21,10.7376,12,538,0,0.00240747,0.00249477,0,0,0,0,0,0,0,0,0,0,0,0,0
1,bookshelf_tall,46,isSafe,1,1,0.00172487,1988,12,8.6327,10,433,0,0.000990884,0.00249477,0,0,0,0,18,6,0.666667,0,0,0,0,0,0
1,bookshelf_tall,46,qpFixed,1,1,0.00284217,1994,17,8.68857,1315,1315,95,-0.00262736,0.00249477,0,0,0.00653114,0,3,3,5.66667,0,0,0,1,0,0
1,bookshelf_tall,46,qpAdaptive,1,1,0.00239617,1120,17,8.68848,930,930,95,-0.00262736,0.00249477,0,0,0.0116277,0.0580357,3,3,5.66667,0,0,0,0.941964,0.0508929,0.00714286
1,bookshelf_tall,46,qpFreeGate,1,1,0.00111016,1083,11,7.58604,1077,1077,0,0.000990884,0.00249477,0,0,0.00701027,0,6,4,1.83333,0,0,0,1,0,0
1,bookshelf_tall,46,qpEnvelope,1,1,0.00248664,1078,17,8.68889,912,912,94,-0.00262736,0.00249477,0,0,0.0120811,0.0426716,3,3,5.66667,0,0,0,0.957328,0.0352505,0.00742115
1,bookshelf_tall,46,VAMP,1,1,3.6417e-05,432,11,8.17061,10,410,0,0.000990884,0.00249477,0,0,0,0,0,0,0,0,0,0,0,0,0
1,bookshelf_tall,47,isSafe,1,1,0.00698873,8164,42,10.6788,12,535,0,0.00507632,0.00249477,0,0,0,0,130,37,0.323077,0,0,0,0,0,0
1,bookshelf_tall,47,qpFixed,1,1,0.0073712,4711,34,13.7786,2171,2171,478,-0.00278462,0.00249477,0,0,0.00578414,0,9,9,3.77778,0,0,0,1,0,0
1,bookshelf_tall,47,qpAdaptive,1,1,0.00771015,3647,34,13.7786,1698,1698,478,-0.00278464,0.00249477,0,0,0.00747216,0.0712915,9,9,3.77778,0,0,0,0.92816,0.0699205,0.00191939
1,bookshelf_tall,47,qpFreeGate,1,1,0.00731546,6744,56,14.6395,2028,2028,0,0.00278872,0.00249477,0,0,0.0069137,0,157,47,0.356688,0,0,0,1,0,0
1,bookshelf_tall,47,qpEnvelope,1,1,0.00761529,3345,34,13.7819,1571,1571,478,-0.0027846,0.00249477,0,0,0.00814802,0.0281016,9,9,3.77778,0,0,0,0.9713,0.0254111,0.00328849
1,bookshelf_tall,47,VAMP,1,1,0.000159725,2863,40,15.9667,17,800,0,0.00507632,0.00249477,0,0,0,0,0,0,0,0,0,0,0,0,0
1,bookshelf_thin,2,isSafe,1,1,0.00667661,7802,40,12.1751,14,610,3,-0.000326083,0.00249477,0,0,0,0,184,35,0.217391,0,0,0,0,0,0
1,bookshelf_thin,2,qpFixed,1,1,0.0109715,6104,34,14.6201,2396,2396,289,-0.00547965,0.00249477,0,0,0.00497042,0,17,12,2,0,0,0,1,0,0
1,bookshelf_thin,2,qpAdaptive,1,1,0.012406,5423,34,14.6199,1961,1961,290,-0.00547965,0.00249477,0,0,0.00559453,0.0416743,17,12,2,0,0,0,0.958141,0.0407524,0.0011064
1,bookshelf_thin,2,qpFreeGate,1,1,0.00502355,4625,37,14.3705,1932,1932,0,0.0030057,0.00249477,0,0,0.00727888,0,100,32,0.37,0,0,0,1,0,0
1,bookshelf_thin,2,qpEnvelope,1,1,0.0125488,5216,33,14.622,1863,1863,287,-0.00548209,0.00249477,0,0,0.00581676,0.0212807,17,12,1.94118,0,0,0,0.978528,0.0197469,0.00172546
1,bookshelf_thin,2,VAMP,1,1,0.00033035,5171,72,15.2346,17,763,3,-0.000305775,0.00249477,0,0,0,0,0,0,0,0,0,0,0,0,0
1,bookshelf_thin,3,isSafe,1,1,0.00117412,1351,9,6.71195,8,337,0,0.000554903,0.00249477,0,0,0,0,1,1,9,0,0,0,0,0,0
1,bookshelf_thin,3,qpFixed,1,1,0.00108601,1036,9,6.71225,1037,1037,0,0.00270929,0.00249477,0,0,0.00647901,0,1,1,9,0,0,0,1,0,0
1,bookshelf_thin,3,qpAdaptive,1,1,0.000172117,108,9,6.71225,401,401,0,0.00270929,0.00249477,0,0,0.0621505,0.638889,1,1,9,0,0,0,0.342593,0.592593,0.0648148
1,bookshelf_thin,3,qpFreeGate,1,1,0.0013851,1348,12,8.03932,1123,1123,0,0.00344607,0.00249477,0,0,0.00714754,0,8,5,1.5,0,0,0,1,0,0
1,bookshelf_thin,3,qpEnvelope,1,1,0.00016914,50,9,6.71225,362,362,0,0.00270929,0.00249477,0,0,0.134245,0.6,1,1,9,0,0,0,0.4,0.46,0.14
1,bookshelf_thin,3,VAMP,1,1,3.2173e-05,232,9,6.71195,8,337,0,0.000554903,0.00249477,0,0,0,0,0,0,0,0,0,0,0,0,0
1,bookshelf_thin,8,isSafe,1,1,0.0305002,35476,167,17.4003,19,872,0,0.00161467,0.00249477,0,0,0,0,779,162,0.214377,0,0,0,0,0,0
1,bookshelf_thin,8,qpFixed,1,1,0.00130331,866,9,5.94234,867,867,338,-0.00633111,0.00249477,0,0,0.00686183,0,1,1,9,0,0,0,1,0,0
1,bookshelf_thin,8,qpAdaptive,1,1,0.0011843,526,9,5.94234,645,645,338,-0.00633111,0.00249477,0,0,0.0112972,0.0551331,1,1,9,0,0,0,0.944867,0.0475285,0.00760456
1,bookshelf_thin,8,qpFreeGate,1,1,0.0168093,16574,128,13.1822,1804,1804,43,-0.00236161,0.00249477,0,0,0.00687624,0,442,119,0.289593,0,0,0,1,0,0
1,bookshelf_thin,8,qpEnvelope,1,1,0.00122185,512,9,5.94206,638,638,337,-0.00633111,0.00249477,0,0,0.0116056,0.0390625,1,1,9,0,0,0,0.960938,0.03125,0.0078125
1,bookshelf_thin,8,VAMP,1,1,0.00218913,47161,344,17.3232,19,868,0,0.00219942,0.00249477,0,0,0,0,0,0,0,0,0,0,0,0,0
1,bookshelf_thin,9,isSafe,1,1,0.00226739,2634,15,7.61136,9,382,0,0.00427968,0.00249477,0,0,0,0,20,9,0.75,0,0,0,0,0,0
1,bookshelf_thin,9,qpFixed,1,1,0.000825321,776,9,6.04249,777,777,2,-0.000161768,0.00249477,0,0,0.00778672,0,1,1,9,0,0,0,1,0,0
1,bookshelf_thin,9,qpAdaptive,1,1,0.00020597,119,9,6.04249,367,367,2,-0.000161768,0.00249477,0,0,0.0507773,0.495798,1,1,9,0,0,0,0.504202,0.436975,0.0588235
1,bookshelf_thin,9,qpFreeGate,1,1,0.00198614,1971,15,7.61136,1149,1149,0,0.00427968,0.00249477,0,0,0.00661177,0,20,9,0.75,0,0,0,1,0,0
1,bookshelf_thin,9,qpEnvelope,1,1,0.000204843,63,9,6.04249,337,337,2,-0.000161768,0.00249477,0,0,0.0959126,0.460317,1,1,9,0,0,0,0.52381,0.365079,0.111111
1,bookshelf_thin,9,VAMP,1,1,7.9612e-05,1110,17,7.61136,9,382,0,0.00427968,0.00249477,0,0,0,0,0,0,0,0,0,0,0,0,0
1,bookshelf_thin,12,isSafe,1,1,0.00507837,5960,32,17.3462,19,869,0,0.00301537,0.00249477,0,0,0,0,67,25,0.477612,0,0,0,0,0,0
1,bookshelf_thin,12,qpFixed,1,1,0.0126164,7458,37,14.182,2395,2395,373,-0.00220486,0.00249477,0,0,0.0044323,0,22,18,1.68182,0,0,0,1,0,0
1,bookshelf_thin,12,qpAdaptive,1,1,0.0138722,6237,37,14.1829,1941,1941,373,-0.00220545,0.00249477,0,0,0.00529969,0.032708,22,18,1.68182,0,0,0,0.966971,0.031265,0.00176367
1,bookshelf_thin,12,qpFreeGate,1,1,0.00442121,4383,35,17.737,2515,2515,0,0.00301537,0.00249477,0,0,0.00701794,0,67,27,0.522388,0,0,0,1,0,0
1,bookshelf_thin,12,qpEnvelope,1,1,0.0141251,6066,37,14.1836,1892,1892,374,-0.00220522,0.00249477,0,0,0.00545017,0.0250577,22,18,1.68182,0,0,0,0.974942,0.0232443,0.00181339
1,bookshelf_thin,12,VAMP,1,1,0.000128111,1726,34,16.3252,18,818,0,0.00301537,0.00249477,0,0,0,0,0,0,0,0,0,0,0,0,0
1,bookshelf_thin,13,isSafe,1,1,0.014615,17125,85,14.0603,16,705,0,0.00187073,0.00249477,0,0,0,0,370,79,0.22973,0,0,0,0,0,0
1,bookshelf_thin,13,qpFixed,1,1,0.00118671,771,7,4.33634,772,772,236,-0.00284649,0.00249477,0,0,0.0056243,0,1,1,7,0,0,0,1,0,0
1,bookshelf_thin,13,qpAdaptive,1,1,0.00120614,572,7,4.33634,627,627,236,-0.00284649,0.00249477,0,0,0.00758101,0.034965,1,1,7,0,0,0,0.965035,0.0314685,0.0034965
1,bookshelf_thin,13,qpFreeGate,1,1,0.014372,13907,106,15.4912,2283,2283,0,0.00187073,0.00249477,0,0,0.00684351,0,402,98,0.263682,0,0,0,1,0,0
1,bookshelf_thin,13,qpEnvelope,1,1,0.00125462,556,7,4.33634,617,617,236,-0.00284624,0.00249477,0,0,0.00779918,0.0251799,1,1,7,0,0,0,0.973022,0.0233813,0.00359712
1,bookshelf_thin,13,VAMP,1,1,0.000497848,8370,98,15.0857,17,756,0,0.00187073,0.00249477,0,0,0,0,0,0,0,0,0,0,0,0,0
1,bookshelf_thin,14,isSafe,1,1,0.00966466,11324,57,9.38218,11,471,4,-0.00158083,0.00249477,0,0,0,0,219,51,0.260274,0,0,0,0,0,0
1,bookshelf_thin,14,qpFixed,1,1,0.00200174,1238,14,7.14969,1126,1126,303,-0.00463768,0.00249477,0,0,0.00597794,0,3,3,4.66667,0,0,0,1,0,0
1,bookshelf_thin,14,qpAdaptive,1,1,0.00211953,976,14,7.15003,947,947,303,-0.00463768,0.00249477,0,0,0.00758319,0.0286885,3,3,4.66667,0,0,0,0.970287,0.0276639,0.00204918
1,bookshelf_thin,14,qpFreeGate,1,1,0.00986537,9420,73,7.44055,1106,1106,0,0.00296457,0.00249477,0,0,0.00698005,0,268,66,0.272388,0,0,0,1,0,0
1,bookshelf_thin,14,qpEnvelope,1,1,0.00216847,947,14,7.15044,926,926,302,-0.00463839,0.00249477,0,0,0.00781549,0.0285111,3,3,4.66667,0,0,0,0.969377,0.0274551,0.0031679
1,bookshelf_thin,14,VAMP,1,1,0.000416155,6629,83,15.6663,17,785,0,0.000469486,0.00249477,0,0,0,0,0,0,0,0,0,0,0,0,0
1,bookshelf_thin,16,isSafe,1,1,0.00319915,3720,21,13.3939,15,671,0,0.00154287,0.00249477,0,0,0,0,30,15,0.7,0,0,0,0,0,0
1,bookshelf_thin,16,qpFixed,1,1,0.00681544,4064,27,12.3719,2118,2118,314,-0.00323771,0.00249477,0,0,0.00542976,0,10,10,2.7,0,0,0,1,0,0
1,bookshelf_thin,16,qpAdaptive,1,1,0.00738398,3336,27,12.3713,1812,1812,315,-0.00323771,0.00249477,0,0,0.00659336,0.0443645,10,10,2.7,0,0,0,0.954736,0.0425659,0.00269784
1,bookshelf_thin,16,qpFreeGate,1,1,0.00305696,2945,25,11.3646,1497,1497,0,0.00154287,0.00249477,0,0,0.00717537,0,30,17,0.833333,0,0,0,1,0,0
1,bookshelf_thin,16,qpEnvelope,1,1,0.00745149,3191,27,12.373,1758,1758,316,-0.00323771,0.00249477,0,0,0.00689071,0.0260107,10,10,2.7,0,0,0,0.973989,0.0231902,0.00282043
1,bookshelf_thin,16,VAMP,1,1,6.8599e-05,830,21,13.2925,15,666,0,0.00154287,0.00249477,0,0,0,0,0,0,0,0,0,0,0,0,0
1,bookshelf_thin,17,isSafe,1,1,0.0100944,11829,60,21.0016,23,1052,0,0.000416153,0.00249477,0,0,0,0,215,52,0.27907,0,0,0,0,0,0
1,bookshelf_thin,17,qpFixed,1,1,0.00355487,2259,19,8.99613,1306,1306,189,-0.00359302,0.00249477,0,0,0.00638239,0,7,7,2.71429,0,0,0,1,0,0
1,bookshelf_thin,17,qpAdaptive,1,1,0.00366676,1723,19,8.99618,1083,1083,189,-0.00359302,0.00249477,0,0,0.00836789,0.0870575,7,7,2.71429,0,0,0,0.910041,0.0853163,0.00464306
1,bookshelf_thin,17,qpFreeGate,1,1,0.00447051,4298,36,15.8294,2320,2320,0,0.0028674,0.00249477,0,0,0.00692893,0,57,27,0.631579,0,0,0,1,0,0
1,bookshelf_thin,17,qpEnvelope,1,1,0.00354089,1496,19,8.99618,1031,1031,189,-0.00359302,0.00249477,0,0,0.00963757,0.0548128,7,7,2.71429,0,0,0,0.943182,0.0514706,0.00534759
1,bookshelf_thin,17,VAMP,1,1,0.000412314,6812,83,20.0605,22,1005,0,0.000416153,0.00249477,0,0,0,0,0,0,0,0,0,0,0,0,0
1,bookshelf_thin,18,isSafe,1,1,0.0181343,21153,104,14.9523,16,749,0,0.00665497,0.00249477,0,0,0,0,437,97,0.237986,0,0,0,0,0,0
1,bookshelf_thin,18,qpFixed,1,1,0.0063595,3569,22,12.4977,2021,2021,769,-0.00561946,0.00249477,0,0,0.00551825,0,10,8,2.2,0,0,0,1,0,0
1,bookshelf_thin,18,qpAdaptive,1,1,0.00638334,2585,22,12.4978,1655,1655,763,-0.00562031,0.00249477,0,0,0.00761885,0.0630561,10,8,2.2,0,0,0,0.936944,0.0603482,0.00270793
1,bookshelf_thin,18,qpFreeGate,1,1,0.0209275,20339,154,16.8245,2317,2317,0,0.00665497,0.00249477,0,0,0.00688826,0,592,148,0.260135,0,0,0,1,0,0
1,bookshelf_thin,18,qpEnvelope,1,1,0.0064076,2447,22,12.4983,1612,1612,768,-0.00562236,0.00249477,0,0,0.00804828,0.0359624,10,8,2.2,0,0,0,0.96322,0.0335104,0.00326931
1,bookshelf_thin,18,VAMP,1,1,0.000680116,10205,129,16.8987,18,846,0,0.00665497,0.000686121,0,0,0,0,0,0,0,0,0,0,0,0,0
1,bookshelf_thin,19,isSafe,1,1,0.0171088,19938,100,10.3143,12,517,0,0.000849305,0.00249477,0,0,0,0,368,96,0.271739,0,0,0,0,0,0
1,bookshelf_thin,19,qpFixed,1,1,0.0128317,7600,45,10.8343,1722,1722,163,-0.00417267,0.00249477,0,0,0.00517441,0,24,21,1.875,0,0,0,1,0,0
1,bookshelf_thin,19,qpAdaptive,1,1,0.0144881,6580,45,10.8343,1355,1355,163,-0.00417256,0.00249477,0,0,0.0059765,0.012462,24,21,1.875,0,0,0,0.987538,0.0112462,0.00121581
1,bookshelf_thin,19,qpFreeGate,1,1,0.02028,19637,143,16.9079,2442,2442,0,0.000864421,0.00249477,0,0,0.00696446,0,462,134,0.309524,0,0,0,1,0,0
1,bookshelf_thin,19,qpEnvelope,1,1,0.0147937,6501,45,10.8347,1342,1342,163,-0.00417252,0.00249477,0,0,0.00604964,0.00907553,24,21,1.875,0,0,0,0.990771,0.00784495,0.0013844
1,bookshelf_thin,19,VAMP,1,1,0.000348291,4369,70,9.6764,11,485,0,0.0043041,0.00249477,0,0,0,0,0,0,0,0,0,0,0,0,0
1,bookshelf_thin,20,isSafe,1,1,0.0449074,52310,242,9.83098,11,493,0,0.00175467,0.00249477,0,0,0,0,1230,238,0.196748,0,0,0,0,0,0
1,bookshelf_thin,20,qpFixed,1,1,0.000879813,678,7,3.22636,457,457,16,-0.00298421,0.00249477,0,0,0.00682697,0,2,2,3.5,0,0,0,1,0,0
1,bookshelf_thin,20,qpAdaptive,1,1,0.000540665,251,7,3.22636,252,252,16,-0.00298421,0.00249477,0,0,0.018441,0.131474,2,2,3.5,0,0,0,0.864542,0.115538,0.0199203
1,bookshelf_thin,20,qpFreeGate,1,1,0.209018,195123,1459,18.4423,2772,2772,0,0.00129363,0.00249477,0,0,0.0067443,0,7449,1448,0.195865,0,0,0,1,0,0
1,bookshelf_thin,20,qpEnvelope,1,1,0.000547537,226,7,3.22633,236,236,16,-0.00295911,0.00249477,0,0,0.0204801,0.123894,2,2,3.5,0,0,0,0.876106,0.10177,0.0221239
1,bookshelf_thin,20,VAMP,1,1,0.00247208,56259,384,9.83098,11,493,0,0.00175467,0.00249477,0,0,0,0,0,0,0,0,0,0,0,0,0
1,bookshelf_thin,21,isSafe,1,1,0.00222892,2590,15,11.7425,13,589,1,-0.000442634,0.00249477,0,0,0,0,21,9,0.714286,0,0,0,0,0,0
1,bookshelf_thin,21,qpFixed,1,1,0.00145674,955,9,5.90274,956,956,194,-0.00555424,0.00249477,0,0,0.00618088,0,1,1,9,0,0,0,1,0,0
1,bookshelf_thin,21,qpAdaptive,1,1,0.00131379,589,9,5.90274,720,720,194,-0.00555424,0.00249477,0,0,0.0100216,0.0662139,1,1,9,0,0,0,0.932088,0.0611205,0.00679117
1,bookshelf_thin,21,qpFreeGate,1,1,0.00376131,3715,29,17.1553,2466,2466,0,0.00243336,0.00249477,0,0,0.00697141,0,53,21,0.54717,0,0,0,1,0,0
1,bookshelf_thin,21,qpEnvelope,1,1,0.00139554,571,9,5.90274,709,709,194,-0.00555424,0.00249477,0,0,0.0103376,0.0577933,1,1,9,0,0,0,0.940455,0.0525394,0.00700525
1,bookshelf_thin,21,VAMP,1,1,3.816e-05,360,12,8.55917,10,429,0,0.00243336,0.00249477,0,0,0,0,0,0,0,0,0,0,0,0,0
1,bookshelf_thin,22,isSafe,1,1,0.0263618,30668,151,13.8761,15,695,0,0.000757727,0.00249477,0,0,0,0,698,147,0.216332,0,0,0,0,0,0
1,bookshelf_thin,22,qpFixed,1,1,0.0112588,6379,41,14.922,2533,2533,452,-0.00469023,0.00249477,0,0,0.00500609,0,18,17,2.27778,0,0,0,1,0,0
1,bookshelf_thin,22,qpAdaptive,1,1,0.0121399,5233,41,14.924,2088,2088,452,-0.004689,0.00249477,0,0,0.00610269,0.0389834,18,17,2.27778,0,0,0,0.960634,0.0370724,0.00229314
1,bookshelf_thin,22,qpFreeGate,1,1,0.0422735,41105,314,11.9063,1665,1665,0,0.000562056,0.00249477,0,0,0.00687471,0,1266,307,0.248025,0,0,0,1,0,0
1,bookshelf_thin,22,qpEnvelope,1,1,0.0123041,5060,41,14.9239,2038,2038,451,-0.00469011,0.00249477,0,0,0.00631203,0.0171937,18,17,2.27778,0,0,0,0.982806,0.0148221,0.00237154
1,bookshelf_thin,22,VAMP,1,1,0.0010613,15567,223,15.1131,17,757,0,0.000771617,0.00249477,0,0,0,0,0,0,0,0,0,0,0,0,0
1,bookshelf_thin,23,isSafe,1,1,0.00823167,9628,49,15.577,17,780,0,0.00238289,0.00249477,0,0,0,0,197,43,0.248731,0,0,0,0,0,0
1,bookshelf_thin,23,qpFixed,1,1,0.00404375,2775,19,9.18591,1551,1551,26,-0.00200179,0.00249477,0,0,0.00569835,0,2,2,9.5,0,0,0,1,0,0
1,bookshelf_thin,23,qpAdaptive,1,1,0.00328172,1505,19,9.18604,631,631,25,-0.00195135,0.00249477,0,0,0.010507,0.107641,2,2,9.5,0,0,0,0.892359,0.101661,0.00598007
1,bookshelf_thin,23,qpFreeGate,1,1,0.00988176,9360,71,12.0615,1811,1811,0,0.000921654,0.00249477,0,0,0.00690652,0,232,58,0.306034,0,0,0,1,0,0
1,bookshelf_thin,23,qpEnvelope,1,1,0.00332113,1387,19,9.18603,561,561,25,-0.00195048,0.00249477,0,0,0.011401,0.0555155,2,2,9.5,0,0,0,0.944484,0.0483057,0.00720981
1,bookshelf_thin,23,VAMP,1,1,0.000130353,2160,35,10.3354,12,518,6,-0.00151672,0.00249477,0,0,0,0,0,0,0,0,0,0,0,0,0
1,bookshelf_thin,25,isSafe,1,1,0.00813426,9542,48,17.8432,19,894,0,0.000466003,0.00249477,0,0,0,0,175,44,0.274286,0,0,0,0,0,0
1,bookshelf_thin,25,qpFixed,1,1,0.00848956,4822,26,13.2022,2180,2180,454,-0.00545589,0.00249477,0,0,0.00500648,0,16,11,1.625,0,0,0,1,0,0
1,bookshelf_thin,25,qpAdaptive,1,1,0.00847004,3471,26,13.2021,1639,1639,454,-0.00545589,0.00249477,0,0,0.00695512,0.0420628,16,11,1.625,0,0,0,0.957048,0.0394926,0.00345921
1,bookshelf_thin,25,qpFreeGate,1,1,0.00832612,8125,67,14.2688,1913,1913,0,0.00113919,0.00249477,0,0,0.00714043,0,176,61,0.380682,0,0,0,1,0,0
1,bookshelf_thin,25,qpEnvelope,1,1,0.00869484,3358,26,13.2022,1595,1595,454,-0.00545589,0.00249477,0,0,0.00718918,0.0238237,16,11,1.625,0,0,0,0.975864,0.0205602,0.00357569
1,bookshelf_thin,25,VAMP,1,1,0.000310813,5104,62,13.1277,15,658,0,0.00047258,0.00249477,0,0,0,0,0,0,0,0,0,0,0,0,0
1,bookshelf_thin,27,isSafe,1,1,0.00354198,4135,23,9.42537,11,473,0,0.00189125,0.00249477,0,0,0,0,25,17,0.92,0,0,0,0,0,0
1,bookshelf_thin,27,qpFixed,1,1,0.00814844,4602,26,11.4582,1994,1994,496,-0.00340776,0.00249477,0,0,0.00504184,0,11,10,2.36364,0,0,0,1,0,0
1,bookshelf_thin,27,qpAdaptive,1,1,0.00894564,3895,26,11.4574,1611,1611,496,-0.00340776,0.00249477,0,0,0.00595699,0.0487805,11,10,2.36364,0,0,0,0.950706,0.0474968,0.00179718
1,bookshelf_thin,27,qpFreeGate,1,1,0.00203153,1993,18,10.0842,1364,1364,0,0.00189125,0.00249477,0,0,0.00746674,0,28,12,0.642857,0,0,0,1,0,0
1,bookshelf_thin,27,qpEnvelope,1,1,0.00903977,3733,26,11.4574,1561,1561,496,-0.00340776,0.00249477,0,0,0.00621536,0.0283954,11,10,2.36364,0,0,0,0.971605,0.0265202,0.00187517
1,bookshelf_thin,27,VAMP,1,1,9.7027e-05,1303,25,9.42537,11,473,0,0.00189125,0.00249477,0,0,0,0,0,0,0,0,0,0,0,0,0
1,bookshelf_thin,28,isSafe,1,1,0.00282125,3307,19,9.21271,11,462,0,0.00285433,0.00249477,0,0,0,0,32,13,0.59375,0,0,0,0,0,0
1,bookshelf_thin,28,qpFixed,1,1,0.00111908,726,8,5.00242,727,727,216,-0.00406336,0.00249477,0,0,0.00689039,0,1,1,8,0,0,0,1,0,0
1,bookshelf_thin,28,qpAdaptive,1,1,0.00105702,482,8,5.00242,586,586,216,-0.00406336,0.00249477,0,0,0.0103785,0.0580913,1,1,8,0,0,0,0.941909,0.0518672,0.00622407
1,bookshelf_thin,28,qpFreeGate,1,1,0.00290981,2851,24,10.9531,1609,1609,0,0.00541294,0.00249477,0,0,0.00693388,0,34,16,0.705882,0,0,0,1,0,0
1,bookshelf_thin,28,qpEnvelope,1,1,0.0010911,468,8,5.00249,581,581,216,-0.00404881,0.00249477,0,0,0.0106891,0.0470085,1,1,8,0,0,0,0.952991,0.0405983,0.00641026
1,bookshelf_thin,28,VAMP,1,1,7.5265e-05,1062,20,10.0032,12,502,0,0.00668707,0.00249477,0,0,0,0,0,0,0,0,0,0,0,0,0
1,bookshelf_thin,29,isSafe,1,1,0.00140329,1611,10,6.73518,8,338,2,-0.00106383,0.00249477,0,0,0,0,5,3,2,0,0,0,0,0,0
1,bookshelf_thin,29,qpFixed,1,1,0.000891353,863,9,6.02927,864,864,1,-1.77777e-05,0.00249477,0,0,0.00698641,0,1,1,9,0,0,0,1,0,0
1,bookshelf_thin,29,qpAdaptive,1,1,0.000175099,108,9,6.02927,360,360,1,-1.77777e-05,0.00249477,0,0,0.0558266,0.527778,1,1,9,0,0,0,0.472222,0.462963,0.0648148
1,bookshelf_thin,29,qpFreeGate,1,1,0.00452842,4426,37,14.2408,1941,1941,0,0.00376076,0.00249477,0,0,0.00705759,0,86,32,0.430233,0,0,0,1,0,0
1,bookshelf_thin,29,qpEnvelope,1,1,0.00017061,56,9,6.02927,333,333,1,-1.77777e-05,0.00249477,0,0,0.107665,0.535714,1,1,9,0,0,0,0.446429,0.428571,0.125
1,bookshelf_thin,29,VAMP,1,1,4.319e-05,387,10,6.73518,8,338,2,-0.00106383,0.00249477,0,0,0,0,0,0,0,0,0,0,0,0,0
1,bookshelf_thin,30,isSafe,1,1,0.0103808,12131,61,9.85602,11,494,0,0.00473135,0.00249477,0,0,0,0,220,57,0.277273,0,0,0,0,0,0
1,bookshelf_thin,30,qpFixed,1,1,0.00231647,1486,12,6.93123,1101,1101,329,-0.00453084,0.00249477,0,0,0.00606699,0,3,3,4,0,0,0,1,0,0
1,bookshelf_thin,30,qpAdaptive,1,1,0.00200043,854,12,6.93123,756,756,329,-0.00453084,0.00249477,0,0,0.0105575,0.0761124,3,3,4,0,0,0,0.921546,0.0714286,0.00702576
1,bookshelf_thin,30,qpFreeGate,1,1,0.00885053,8556,67,12.3749,1884,1884,0,0.00304223,0.00249477,0,0,0.00675683,0,220,62,0.304545,0,0,0,1,0,0
1,bookshelf_thin,30,qpEnvelope,1,1,0.00204244,818,12,6.93126,747,747,329,-0.0045309,0.00249477,0,0,0.0110216,0.0550122,3,3,4,0,0,0,0.944988,0.0476773,0.00733496
1,bookshelf_thin,30,VAMP,1,1,0.000386073,6499,81,11.4619,13,575,0,0.00473135,0.00249477,0,0,0,0,0,0,0,0,0,0,0,0,0
1,table_under_pick,2,isSafe,1,1,0.00165883,1899,12,7.29354,9,366,4,-0.00212412,0.00249477,0,0,0,0,19,8,0.631579,0,0,0,0,0,0
1,table_under_pick,2,qpFixed,1,1,0.00178171,1048,11,5.85516,870,870,307,-0.00624429,0.00249477,0,0,0.0062606,0,3,3,3.66667,0,0,0,1,0,0
1,table_under_pick,2,qpAdaptive,1,1,0.00206997,966,11,5.85518,813,813,307,-0.00624429,0.00249477,0,0,0.00679206,0.057971,3,3,3.66667,0,0,0,0.938923,0.057971,0.00310559
1,table_under_pick,2,qpFreeGate,1,1,0.0030025,2836,24,10.7436,1463,1463,0,0.00222845,0.00249477,0,0,0.00696854,0,59,19,0.40678,0,0,0,1,0,0
1,table_under_pick,2,qpEnvelope,1,1,0.00205233,891,10,5.85433,759,759,306,-0.00624429,0.00249477,0,0,0.00736283,0.0718294,3,3,3.33333,0,0,0,0.927048,0.0695847,0.003367
1,table_under_pick,2,VAMP,1,1,5.529e-05,988,16,11.2918,13,566,0,0.00153093,0.00249477,0,0,0,0,0,0,0,0,0,0,0,0,0
1,table_under_pick,3,isSafe,1,1,0.00217587,2513,15,8.43508,10,423,4,-0.000560808,0.00249477,0,0,0,0,14,7,1.07143,0,0,0,0,0,0
1,table_under_pick,3,qpFixed,1,1,0.0017177,1254,12,7.56448,982,982,7,-0.00260507,0.00249477,0,0,0.00770476,0,2,2,6,0,0,0,1,0,0
1,table_under_pick,3,qpAdaptive,1,1,0.00126118,614,12,7.56471,668,668,7,-0.00260376,0.00249477,0,0,0.0157363,0.154723,2,2,6,0,0,0,0.84202,0.14658,0.0114007
1,table_under_pick,3,qpFreeGate,1,1,0.00188694,1774,18,8.85868,1161,1161,0,0.00359813,0.00249477,0,0,0.00793397,0,14,9,1.28571,0,0,0,1,0,0
1,table_under_pick,3,qpEnvelope,1,1,0.00123828,536,12,7.56491,637,637,7,-0.00260464,0.00249477,0,0,0.0180271,0.11194,2,2,6,0,0,0,0.886194,0.100746,0.0130597
1,table_under_pick,3,VAMP,1,1,4.1069e-05,704,16,8.43508,10,423,4,-0.000560808,0.00249477,0,0,0,0,0,0,0,0,0,0,0,0,0
1,table_under_pick,4,isSafe,1,1,0.0021334,2481,15,12.1839,14,611,1,-0.000906553,0.00249477,0,0,0,0,27,10,0.555556,0,0,0,0,0,0
1,table_under_pick,4,qpFixed,1,1,0.00508682,3045,22,13.403,2055,2055,265,-0.00274852,0.00249477,0,0,0.00563289,0,9,9,2.44444,0,0,0,1,0,0
1,table_under_pick,4,qpAdaptive,1,1,0.0058814,2765,22,13.4033,1889,1889,265,-0.00274851,0.00249477,0,0,0.00620345,0.0495479,9,9,2.44444,0,0,0,0.95009,0.0488246,0.00108499
1,table_under_pick,4,qpFreeGate,1,1,0.00458064,4386,38,14.6471,2005,2005,0,0.000686999,0.00249477,0,0,0.00708966,0,79,31,0.481013,0,0,0,1,0,0
1,table_under_pick,4,qpEnvelope,1,1,0.00596409,2645,22,13.4108,1829,1829,267,-0.00275767,0.00249477,0,0,0.00648763,0.0328922,9,9,2.44444,0,0,0,0.96673,0.031758,0.00151229
1,table_under_pick,4,VAMP,1,1,4.7491e-05,887,15,12.1839,14,611,1,-0.000906553,0.00249477,0,0,0,0,0,0,0,0,0,0,0,0,0
1,table_under_pick,7,isSafe,1,1,0.00386006,4510,25,15.0416,17,754,0,0.00438735,0.00249477,0,0,0,0,48,19,0.520833,0,0,0,0,0,0
1,table_under_pick,7,qpFixed,1,1,0.00311923,2000,15,9.7119,1582,1582,235,-0.00350203,0.00249477,0,0,0.0058096,0,6,6,2.5,0,0,0,1,0,0
1,table_under_pick,7,qpAdaptive,1,1,0.00330792,1594,15,9.71621,1358,1358,236,-0.00350213,0.00249477,0,0,0.00729317,0.0803011,6,6,2.5,0,0,0,0.919699,0.0771644,0.00313676
1,table_under_pick,7,qpFreeGate,1,1,0.00507041,4869,40,14.18,2259,2259,0,0.00231786,0.00249477,0,0,0.00667884,0,80,32,0.5,0,0,0,1,0,0
1,table_under_pick,7,qpEnvelope,1,1,0.00327728,1472,15,9.71669,1288,1288,236,-0.00350228,0.00249477,0,0,0.00789798,0.0563859,6,6,2.5,0,0,0,0.943614,0.0529891,0.00339674
1,table_under_pick,7,VAMP,1,1,8.7481e-05,2297,28,9.52661,11,478,0,0.00438735,0.00249477,0,0,0,0,0,0,0,0,0,0,0,0,0
1,table_under_pick,8,isSafe,1,1,0.00427875,4999,27,11.3668,13,570,0,0.0021064,0.00249477,0,0,0,0,83,21,0.325301,0,0,0,0,0,0
1,table_under_pick,8,qpFixed,1,1,0.0256919,15053,78,23.474,4171,4171,464,-0.00104816,0.00249477,0,0,0.00492286,0,44,39,1.77273,0,0,0,1,0,0
1,table_under_pick,8,qpAdaptive,1,1,0.0296319,13718,78,23.475,3603,3603,465,-0.00104815,0.00249477,0,0,0.00539893,0.024056,44,39,1.77273,0,0,0,0.975796,0.0234745,0.000729022
1,table_under_pick,8,qpFreeGate,1,1,0.0064352,5997,55,14.4301,2035,2035,0,0.00150446,0.00249477,0,0,0.00711244,0,128,43,0.429688,0,0,0,1,0,0
1,table_under_pick,8,qpEnvelope,1,1,0.0303511,13507,79,23.4768,3571,3571,467,-0.00104815,0.00249477,0,0,0.00550217,0.0171763,44,39,1.79545,0,0,0,0.982674,0.0165112,0.000814453
1,table_under_pick,8,VAMP,1,1,6.6927e-05,1346,20,12.9344,14,648,0,0.00211871,0.00249477,0,0,0,0,0,0,0,0,0,0,0,0,0
1,table_under_pick,10,isSafe,1,1,0.00490453,5730,31,17.1246,19,858,5,-0.00359789,0.00249477,0,0,0,0,64,26,0.484375,0,0,0,0,0,0
1,table_under_pick,10,qpFixed,1,1,0.0299257,17337,98,19.6063,3169,3169,478,-0.00509567,0.00249477,0,0,0.00489659,0,57,54,1.7193,0,0,0,1,0,0
1,table_under_pick,10,qpAdaptive,1,1,0.0354757,16700,98,19.6077,3070,3070,478,-0.00509493,0.00249477,0,0,0.00508342,0.0186826,57,54,1.7193,0,0,0,0.981138,0.0184431,0.000419162
1,table_under_pick,10,qpFreeGate,1,1,0.00307539,2897,23,16.6246,2310,2310,0,0.00332696,0.00249477,0,0,0.00703659,0,66,15,0.348485,0,0,0,1,0,0
1,table_under_pick,10,qpEnvelope,1,1,0.0362882,16434,98,19.6085,3039,3039,478,-0.00509531,0.00249477,0,0,0.00516644,0.0135086,57,54,1.7193,0,0,0,0.986187,0.0132043,0.000608495
1,table_under_pick,10,VAMP,1,1,6.7847e-05,1720,18,13.28,15,666,0,0.00226479,0.00249477,0,0,0,0,0,0,0,0,0,0,0,0,0
1,table_under_pick,13,isSafe,1,1,0.00438984,5143,28,12.2394,14,613,0,0.000534357,0.00249477,0,0,0,0,63,20,0.444444,0,0,0,0,0,0
1,table_under_pick,13,qpFixed,1,1,0.0218336,13114,73,22.8483,4045,4045,828,-0.00618157,0.00249477,0,0,0.00501599,0,34,31,2.14706,0,0,0,1,0,0
1,table_under_pick,13,qpAdaptive,1,1,0.0259681,12439,73,22.8482,3802,3802,817,-0.00618157,0.00249477,0,0,0.00528752,0.0225098,34,31,2.14706,0,0,0,0.97741,0.0217059,0.000884315
1,table_under_pick,13,qpFreeGate,1,1,0.00370565,3398,32,13.3283,1851,1851,0,0.000713731,0.00249477,0,0,0.00691306,0,65,21,0.492308,0,0,0,1,0,0
1,table_under_pick,13,qpEnvelope,1,1,0.0264789,12196,73,22.8497,3741,3741,828,-0.0061794,0.00249477,0,0,0.00539359,0.0183667,34,31,2.14706,0,0,0,0.981551,0.0175467,0.000901935
1,table_under_pick,13,VAMP,1,1,9.2581e-05,1988,32,12.2394,14,613,0,0.000534357,0.00249477,0,0,0,0,0,0,0,0,0,0,0,0,0
1,table_under_pick,14,isSafe,1,1,0.00231213,2701,16,11.3033,13,567,0,0.00240936,0.00249477,0,0,0,0,27,11,0.592593,0,0,0,0,0,0
1,table_under_pick,14,qpFixed,1,1,0.0190394,10976,57,18.3416,2953,2953,901,-0.00391696,0.00249477,0,0,0.00469979,0,35,32,1.62857,0,0,0,1,0,0
1,table_under_pick,14,qpAdaptive,1,1,0.0219454,10070,57,18.3418,2646,2646,902,-0.00391694,0.00249477,0,0,0.00512266,0.0276068,35,32,1.62857,0,0,0,0.972294,0.0268123,0.000893744
1,table_under_pick,14,qpFreeGate,1,1,0.0102477,9690,76,20.1881,2794,2794,0,0.00469018,0.00249477,0,0,0.0070881,0,199,68,0.38191,0,0,0,1,0,0
1,table_under_pick,14,qpEnvelope,1,1,0.0223856,9845,57,18.3433,2570,2570,901,-0.00391111,0.00249477,0,0,0.00523989,0.0178771,35,32,1.62857,0,0,0,0.982021,0.0169629,0.00101574
1,table_under_pick,14,VAMP,1,1,5.1508e-05,889,18,12.0063,14,602,0,0.00240936,0.00249477,0,0,0,0,0,0,0,0,0,0,0,0,0
1,table_under_pick,15,isSafe,1,1,0.00252212,2932,17,12.3062,14,617,0,0.00346649,0.00249477,0,0,0,0,41,11,0.414634,0,0,0,0,0,0
1,table_under_pick,15,qpFixed,1,1,0.0222947,13610,77,10.8231,1781,1781,193,-0.00306268,0.00249477,0,0,0.00482706,0,41,37,1.87805,0,0,0,1,0,0
1,table_under_pick,15,qpAdaptive,1,1,0.0255908,12236,76,10.8231,1557,1557,193,-0.00306294,0.00249477,0,0,0.00536928,0.0448676,41,37,1.85366,0,0,0,0.954642,0.0439686,0.00138934
1,table_under_pick,15,qpFreeGate,1,1,0.00192395,1813,15,7.36632,1013,1013,0,2.92321e-05,0.00249477,0,0,0.00687844,0,40,10,0.375,0,0,0,1,0,0
1,table_under_pick,15,qpEnvelope,1,1,0.0259635,11788,76,10.8247,1512,1512,195,-0.0030618,0.00249477,0,0,0.00557417,0.0298609,41,37,1.85366,0,0,0,0.969969,0.0285036,0.00152698
1,table_under_pick,15,VAMP,1,1,5.628e-05,1155,19,13.2219,15,663,0,0.00346649,0.00249477,0,0,0,0,0,0,0,0,0,0,0,0,0
1,table_under_pick,16,isSafe,1,1,0.00566717,6652,35,12.4418,14,624,0,0.00178912,0.00249477,0,0,0,0,109,28,0.321101,0,0,0,0,0,0
1,table_under_pick,16,qpFixed,1,1,0.00617455,3859,24,10.3659,1841,1841,277,-0.0026294,0.00249477,0,0,0.00545884,0,9,9,2.66667,0,0,0,1,0,0
1,table_under_pick,16,qpAdaptive,1,1,0.00663155,3155,24,10.366,1453,1453,277,-0.00263716,0.00249477,0,0,0.00667696,0.0475436,9,9,2.66667,0,0,0,0.952139,0.0453249,0.00253566
1,table_under_pick,16,qpFreeGate,1,1,0.00487358,4700,41,12.7483,1818,1818,0,0.00175102,0.00249477,0,0,0.00709499,0,109,33,0.376147,0,0,0,1,0,0
1,table_under_pick,16,qpEnvelope,1,1,0.00678467,3054,24,10.3661,1412,1412,275,-0.00271192,0.00249477,0,0,0.00689797,0.0314342,9,9,2.66667,0,0,0,0.968238,0.0291421,0.00261952
1,table_under_pick,16,VAMP,1,1,0.000117577,2494,43,12.4418,14,624,0,0.00178912,0.00249477,0,0,0,0,0,0,0,0,0,0,0,0,0
1,table_under_pick,18,isSafe,1,1,0.00166808,1910,12,9.38406,11,471,0,0.000988784,0.00249477,0,0,0,0,11,4,1.09091,0,0,0,0,0,0
1,table_under_pick,18,qpFixed,1,1,0.00278484,2363,18,9.57543,1490,1490,101,-0.00459971,0.00249477,0,0,0.00637215,0,2,2,9,0,0,0,1,0,0
1,table_under_pick,18,qpAdaptive,1,1,0.00133777,687,18,9.57543,784,784,101,-0.00459971,0.00249477,0,0,0.0219176,0.235808,2,2,9,0,0,0,0.762737,0.218341,0.0189229
1,table_under_pick,18,qpFreeGate,1,1,0.00279516,2693,21,10.2938,1432,1432,0,0.00211111,0.00249477,0,0,0.00698376,0,35,12,0.6,0,0,0,1,0,0
1,table_under_pick,18,qpEnvelope,1,1,0.00131296,562,18,9.57543,740,740,101,-0.00459971,0.00249477,0,0,0.0267929,0.1121,2,2,9,0,0,0,0.8879,0.088968,0.0231317
1,table_under_pick,18,VAMP,1,1,3.7842e-05,582,12,9.38406,11,471,0,0.000988784,0.00249477,0,0,0,0,0,0,0,0,0,0,0,0,0
1,table_under_pick,20,isSafe,1,1,0.0093027,10860,54,9.48674,11,476,0,0.000252927,0.00249477,0,0,0,0,200,50,0.27,0,0,0,0,0,0
1,table_under_pick,20,qpFixed,1,1,0.00332109,2148,15,9.70557,1474,1474,178,-0.0010552,0.00249477,0,0,0.00556594,0,6,5,2.5,0,0,0,1,0,0
1,table_under_pick,20,qpAdaptive,1,1,0.00323289,1499,15,9.70514,1086,1086,177,-0.00103595,0.00249477,0,0,0.00797616,0.0593729,6,5,2.5,0,0,0,0.940627,0.0547031,0.00466978
1,table_under_pick,20,qpFreeGate,1,1,0.0120694,11519,87,20.6611,2881,2881,1,-3.3935e-05,0.00249477,0,0,0.00699042,0,290,83,0.3,0,0,0,1,0,0
1,table_under_pick,20,qpEnvelope,1,1,0.00330022,1442,15,9.71038,1067,1067,180,-0.00108478,0.00249477,0,0,0.0082967,0.0381415,6,5,2.5,0,0,0,0.961859,0.0332871,0.00485437
1,table_under_pick,20,VAMP,1,1,0.000282897,7094,63,9.48674,11,476,0,0.000252927,0.00249477,0,0,0,0,0,0,0,0,0,0,0,0,0
1,table_under_pick,22,isSafe,1,1,0.00285989,3337,19,10.2933,12,516,0,0.00162154,0.00249477,0,0,0,0,47,13,0.404255,0,0,0,0,0,0
1,table_under_pick,22,qpFixed,1,1,0.00937521,5479,33,14.2168,2356,2356,268,-0.00347171,0.00249477,0,0,0.0052646,0,11,10,3,0,0,0,1,0,0
1,table_under_pick,22,qpAdaptive,1,1,0.0108645,5075,33,14.2142,2115,2115,269,-0.00347135,0.00249477,0,0,0.00568604,0.0362562,11,10,3,0,0,0,0.96335,0.035665,0.000985222
1,table_under_pick,22,qpFreeGate,1,1,0.00437586,4097,33,11.883,1635,1635,0,0.00161222,0.00249477,0,0,0.00706135,0,63,25,0.52381,0,0,0,1,0,0
1,table_under_pick,22,qpEnvelope,1,1,0.0110432,4885,33,14.2146,2023,2023,269,-0.00347131,0.00249477,0,0,0.00590742,0.014739,11,10,3,0,0,0,0.985056,0.0137155,0.00122825
1,table_under_pick,22,VAMP,1,1,6.3523e-05,1327,22,12.3985,14,621,0,0.00161169,0.00249477,0,0,0,0,0,0,0,0,0,0,0,0,0
1,table_under_pick,23,isSafe,1,1,0.00279838,3243,18,7.57367,9,380,0,0.0013447,0.00249477,0,0,0,0,41,14,0.439024,0,0,0,0,0,0
1,table_under_pick,23,qpFixed,1,1,0.00352449,2369,17,9.49871,1505,1505,36,-0.00154766,0.00249477,0,0,0.00553134,0,6,6,2.83333,0,0,0,1,0,0
1,table_under_pick,23,qpAdaptive,1,1,0.00359817,1766,17,9.49872,1121,1121,36,-0.00154957,0.00249477,0,0,0.00742136,0.0724802,6,6,2.83333,0,0,0,0.926954,0.0702152,0.00283126
1,table_under_pick,23,qpFreeGate,1,1,0.00474371,4534,39,9.63925,1253,1253,0,0.00239626,0.00249477,0,0,0.00733553,0,119,34,0.327731,0,0,0,1,0,0
1,table_under_pick,23,qpEnvelope,1,1,0.0036315,1667,17,9.49916,1071,1071,36,-0.00154755,0.00249477,0,0,0.0078633,0.0455909,6,6,2.83333,0,0,0,0.953809,0.0419916,0.00419916
1,table_under_pick,23,VAMP,1,1,6.0995e-05,1844,23,7.69496,9,386,0,0.0013447,0.00249477,0,0,0,0,0,0,0,0,0,0,0,0,0
1,table_under_pick,24,isSafe,1,1,0.00433461,5061,27,14.6649,16,735,2,-0.00153138,0.00249477,0,0,0,0,82,22,0.329268,0,0,0,0,0,0
1,table_under_pick,24,qpFixed,1,1,0.0274691,16644,86,21.8182,3414,3414,237,-0.005369,0.00249477,0,0,0.00507094,0,50,49,1.72,0,0,0,1,0,0
1,table_under_pick,24,qpAdaptive,1,1,0.0315737,14972,86,21.8204,2821,2821,238,-0.00536506,0.00249477,0,0,0.00563782,0.0408763,50,49,1.72,0,0,0,0.958923,0.0400748,0.00100187
1,table_under_pick,24,qpFreeGate,1,1,0.00584289,5461,45,15.4059,2148,2148,0,0.00175976,0.00249477,0,0,0.00710773,0,149,39,0.302013,0,0,0,1,0,0
1,table_under_pick,24,qpEnvelope,1,1,0.031855,14411,85,21.8191,2698,2698,239,-0.00532221,0.00249477,0,0,0.00583794,0.0283117,50,48,1.7,0,0,0,0.971619,0.0273402,0.00104087
1,table_under_pick,24,VAMP,1,1,7.6182e-05,2124,17,9.25527,11,464,0,0.00252325,0.00249477,0,0,0,0,0,0,0,0,0,0,0,0,0
1,table_under_pick,25,isSafe,1,1,0.00333695,3912,22,12.2522,14,614,6,-0.00378066,0.00249477,0,0,0,0,44,16,0.5,0,0,0,0,0,0
1,table_under_pick,25,qpFixed,1,1,0.0173198,10313,58,14.5343,2335,2335,346,-0.00332707,0.00249477,0,0,0.00492713,0,30,29,1.93333,0,0,0,1,0,0
1,table_under_pick,25,qpAdaptive,1,1,0.0197719,9290,58,14.5345,2050,2050,344,-0.00331921,0.00249477,0,0,0.00546995,0.044887,30,29,1.93333,0,0,0,0.954898,0.0440258,0.00107643
1,table_under_pick,25,qpFreeGate,1,1,0.00277107,2540,24,10.9648,1589,1589,0,0.00179535,0.00249477,0,0,0.00698721,0,44,17,0.545455,0,0,0,1,0,0
1,table_under_pick,25,qpEnvelope,1,1,0.0200511,8929,58,14.5331,1973,1973,344,-0.003408,0.00249477,0,0,0.0056918,0.0260947,30,29,1.93333,0,0,0,0.973569,0.0249748,0.00145593
1,table_under_pick,25,VAMP,1,1,6.9695e-05,1166,22,10.1807,12,511,4,-0.000171721,0.00249477,0,0,0,0,0,0,0,0,0,0,0,0,0
1,table_under_pick,26,isSafe,1,1,0.00319694,3738,21,14.1106,16,707,2,-0.000217245,0.00249477,0,0,0,0,45,14,0.466667,0,0,0,0,0,0
1,table_under_pick,26,qpFixed,1,1,0.0103123,6296,37,15.0097,2609,2609,611,-0.00305843,0.00249477,0,0,0.00510138,0,12,12,3.08333,0,0,0,1,0,0
1,table_under_pick,26,qpAdaptive,1,1,0.0111414,5185,37,15.0099,2032,2032,608,-0.00306712,0.00249477,0,0,0.00619443,0.0289296,12,12,3.08333,0,0,0,0.97107,0.0271938,0.00173578
1,table_under_pick,26,qpFreeGate,1,1,0.0233479,22453,169,31.4556,4415,4415,0,0.000345308,0.00249477,0,0,0.00688934,0,696,158,0.242816,0,0,0,1,0,0
1,table_under_pick,26,qpEnvelope,1,1,0.0114095,5068,37,15.0093,1979,1979,609,-0.00306233,0.00249477,0,0,0.00633819,0.0187451,12,12,3.08333,0,0,0,0.981058,0.0169692,0.00197316
1,table_under_pick,26,VAMP,1,1,7.4139e-05,1894,22,14.1106,16,707,2,-0.000217245,0.00249477,0,0,0,0,0,0,0,0,0,0,0,0,0
1,table_under_pick,30,isSafe,1,1,0.00303438,3525,20,11.2815,13,566,0,0.0011409,0.00249477,0,0,0,0,29,12,0.689655,0,0,0,0,0,0
1,table_under_pick,30,qpFixed,1,1,0.0491874,27382,124,12.7196,2299,2299,650,-0.00412873,0.00249477,0,0,0.00445488,0,95,72,1.30526,0,0,0,1,0,0
1,table_under_pick,30,qpAdaptive,1,1,0.0567225,25319,124,12.7196,2214,2214,650,-0.00412871,0.00249477,0,0,0.0048197,0.01959,95,72,1.30526,0,0,0,0.980331,0.0190766,0.00059244
1,table_under_pick,30,qpFreeGate,1,1,0.00532923,5031,39,15.25,2279,2279,0,0.00060053,0.00249477,0,0,0.00672415,0,97,31,0.402062,0,0,0,1,0,0
1,table_under_pick,30,qpEnvelope,1,1,0.0580385,24931,124,12.7197,2192,2192,649,-0.00412872,0.00249477,0,0,0.00489092,0.0111508,95,72,1.30526,0,0,0,0.988769,0.0105892,0.000641771
1,table_under_pick,30,VAMP,1,1,5.5665e-05,967,21,11.8369,13,593,0,0.0011409,0.00249477,0,0,0,0,0,0,0,0,0,0,0,0,0
1,table_under_pick,31,isSafe,1,1,0.00606237,7012,37,18.187,20,911,0,0.00420536,0.00249477,0,0,0,0,100,30,0.37,0,0,0,0,0,0
1,table_under_pick,31,qpFixed,1,1,0.0300214,15077,86,21.196,3724,3724,821,-0.0046452,0.00249477,0,0,0.00495624,0,48,41,1.79167,0,0,0,1,0,0
1,table_under_pick,31,qpAdaptive,1,1,0.0289604,13815,86,21.1964,3330,3330,821,-0.0046452,0.00249477,0,0,0.0054092,0.0241766,48,41,1.79167,0,0,0,0.975823,0.0237423,0.000434311
1,table_under_pick,31,qpFreeGate,1,1,0.0111933,10373,84,13.5168,1990,1990,0,0.00406629,0.00249477,0,0,0.00703984,0,182,69,0.461538,0,0,0,1,0,0
1,table_under_pick,31,qpEnvelope,1,1,0.0304071,13512,86,21.2004,3267,3267,820,-0.00464521,0.00249477,0,0,0.00553115,0.0123594,48,41,1.79167,0,0,0,0.987641,0.0118413,0.000518058
1,table_under_pick,31,VAMP,1,1,0.000122056,3009,38,18.7287,20,938,0,0.00420536,0.00249477,0,0,0,0,0,0,0,0,0,0,0,0,0
1,table_under_pick,32,isSafe,1,1,0.00374779,4438,24,9.04131,11,454,2,-0.00322653,0.00249477,0,0,0,0,108,19,0.222222,0,0,0,0,0,0
1,table_under_pick,32,qpFixed,1,1,0.0251507,14710,78,20.4107,3546,3546,468,-0.00471963,0.00249477,0,0,0.00474692,0,46,43,1.69565,0,0,0,1,0,0
1,table_under_pick,32,qpAdaptive,1,1,0.0290202,13685,79,20.4128,3386,3386,468,-0.00472154,0.00249477,0,0,0.00507792,0.0398977,46,43,1.71739,0,0,0,0.959956,0.0393131,0.000730727
1,table_under_pick,32,qpFreeGate,1,1,0.00678971,6229,52,19.2911,2783,2783,0,0.0030788,0.00249477,0,0,0.00695509,0,106,40,0.490566,0,0,0,1,0,0
1,table_under_pick,32,qpEnvelope,1,1,0.0296325,13242,78,20.4157,3281,3281,468,-0.00471941,0.00249477,0,0,0.00527445,0.023939,46,43,1.69565,0,0,0,0.975834,0.0231838,0.000981725
1,table_under_pick,32,VAMP,1,1,8.3267e-05,2018,26,11.5395,13,578,0,0.00309335,0.00249477,0,0,0,0,0,0,0,0,0,0,0,0,0
1,bookshelf_small,1,isSafe,1,1,0.00136444,1634,10,7.98144,9,401,0,0.00545058,0.00249477,0,0,0,0,6,4,1.66667,0,0,0,0,0,0
1,bookshelf_small,1,qpFixed,1,1,0.000905085,892,9,6.17486,893,893,4,-0.000179913,0.00249477,0,0,0.00692249,0,1,1,9,0,0,0,1,0,0
1,bookshelf_small,1,qpAdaptive,1,1,0.000211512,134,9,6.17486,383,383,4,-0.000179913,0.00249477,0,0,0.046081,0.664179,1,1,9,0,0,0,0.328358,0.619403,0.0522388
1,bookshelf_small,1,qpFreeGate,1,1,0.00147345,1456,13,8.25767,1120,1120,0,0.00545058,0.00249477,0,0,0.0072089,0,8,6,1.625,0,0,0,1,0,0
1,bookshelf_small,1,qpEnvelope,1,1,0.000177981,59,9,6.17486,344,344,4,-0.000179913,0.00249477,0,0,0.104659,0.389831,1,1,9,0,0,0,0.610169,0.271186,0.118644
1,bookshelf_small,1,VAMP,1,1,2.1914e-05,440,10,7.98144,9,401,0,0.00545058,0.00249477,0,0,0,0,0,0,0,0,0,0,0,0,0
1,bookshelf_small,3,isSafe,1,1,0.0687759,81256,385,18.8296,20,943,7,-0.00234088,0.00249477,0,0,0,0,2210,380,0.174208,0,0,0,0,0,0
1,bookshelf_small,3,qpFixed,1,1,0.0078192,5041,31,13.6342,2010,2010,341,-0.00643743,0.00249477,0,0,0.00531911,0,12,9,2.58333,0,0,0,1,0,0
1,bookshelf_small,3,qpAdaptive,1,1,0.0076264,3485,31,13.6367,1463,1463,342,-0.00641746,0.00249477,0,0,0.00769502,0.0582496,12,9,2.58333,0,0,0,0.941463,0.0542324,0.00430416
1,bookshelf_small,3,qpFreeGate,1,1,0.0132949,13098,99,13.5636,1791,1791,0,0.0057597,0.00249477,0,0,0.00719134,0,298,90,0.332215,0,0,0,1,0,0
1,bookshelf_small,3,qpEnvelope,1,1,0.00763836,3311,31,13.6392,1397,1397,342,-0.0064267,0.00249477,0,0,0.00809989,0.0274841,12,9,2.58333,0,0,0,0.971912,0.0232558,0.00483238
1,bookshelf_small,3,VAMP,1,1,0.000304533,9822,93,13.3019,15,667,2,-0.00138266,0.00249477,0,0,0,0,0,0,0,0,0,0,0,0,0
1,bookshelf_small,5,isSafe,1,1,0.00167096,2028,13,9.00167,11,452,0,0.000813621,0.00249477,0,0,0,0,12,4,1.08333,0,0,0,0,0,0
1,bookshelf_small,5,qpFixed,1,1,0.00747242,4451,27,12.701,2120,2120,418,-0.00552488,0.00249477,0,0,0.00506121,0,10,8,2.7,0,0,0,1,0,0
1,bookshelf_small,5,qpAdaptive,1,1,0.00836471,3887,27,12.7027,1770,1770,418,-0.00472912,0.00249477,0,0,0.00579573,0.0563417,10,8,2.7,0,0,0,0.943658,0.0550553,0.00128634
1,bookshelf_small,5,qpFreeGate,1,1,0.00195224,1800,17,10.7405,1469,1469,0,0.000813621,0.00249477,0,0,0.00705227,0,12,6,1.41667,0,0,0,1,0,0
1,bookshelf_small,5,qpEnvelope,1,1,0.00838395,3657,27,12.7011,1677,1677,416,-0.00532756,0.00249477,0,0,0.00616085,0.0251572,10,8,2.7,0,0,0,0.974843,0.02379,0.00136724
1,bookshelf_small,5,VAMP,1,1,2.9188e-05,634,13,9.00167,11,452,0,0.000813621,0.00249477,0,0,0,0,0,0,0,0,0,0,0,0,0
1,bookshelf_small,6,isSafe,1,1,0.00810966,9751,50,12.2502,14,614,0,2.46293e-05,0.00249477,0,0,0,0,137,41,0.364964,0,0,0,0,0,0
1,bookshelf_small,6,qpFixed,1,1,0.00647685,3929,36,11.2417,1825,1825,356,-0.00445362,0.00249477,0,0,0.00563497,0,6,6,6,0,0,0,1,0,0
1,bookshelf_small,6,qpAdaptive,1,1,0.00712855,3329,35,11.242,1580,1580,357,-0.00445362,0.00249477,0,0,0.0066506,0.0396515,6,6,5.83333,0,0,0,0.958246,0.03845,0.0033043
1,bookshelf_small,6,qpFreeGate,1,1,0.00642668,6282,56,12.9081,1848,1848,0,0.000450533,0.00249477,0,0,0.00718451,0,110,45,0.509091,0,0,0,1,0,0
1,bookshelf_small,6,qpEnvelope,1,1,0.00725923,3215,36,11.2423,1533,1533,357,-0.00445362,0.00249477,0,0,0.00688674,0.0258165,6,6,6,0,0,0,0.971384,0.0239502,0.00466563
1,bookshelf_small,6,VAMP,1,1,0.000156995,4355,56,12.2502,14,614,0,2.46293e-05,0.00249477,0,0,0,0,0,0,0,0,0,0,0,0,0
1,bookshelf_small,7,isSafe,1,1,0.00186192,2227,14,9.0035,11,452,0,0.00187016,0.00249477,0,0,0,0,12,6,1.16667,0,0,0,0,0,0
1,bookshelf_small,7,qpFixed,1,1,0.00472711,2965,19,10.8831,1836,1836,125,-0.00233843,0.00249477,0,0,0.00541176,0,6,5,3.16667,0,0,0,1,0,0
1,bookshelf_small,7,qpAdaptive,1,1,0.00491652,2296,19,10.8831,1441,1441,125,-0.00233843,0.00249477,0,0,0.00698862,0.0635889,6,5,3.16667,0,0,0,0.935976,0.0609756,0.00304878
1,bookshelf_small,7,qpFreeGate,1,1,0.00662966,6271,50,14.0622,2112,2112,0,0.00219892,0.00249477,0,0,0.00692205,0,110,37,0.454545,0,0,0,1,0,0
1,bookshelf_small,7,qpEnvelope,1,1,0.00493427,2148,19,10.8834,1354,1354,125,-0.00232562,0.00249477,0,0,0.00747034,0.0339851,6,5,3.16667,0,0,0,0.965549,0.0311918,0.00325885
1,bookshelf_small,7,VAMP,1,1,3.5356e-05,636,14,9.0035,11,452,0,0.00187016,0.00249477,0,0,0,0,0,0,0,0,0,0,0,0,0
1,bookshelf_small,8,isSafe,1,1,0.00246851,2998,17,8.70993,10,437,0,0.00485242,0.00249477,0,0,0,0,29,10,0.586207,0,0,0,0,0,0
1,bookshelf_small,8,qpFixed,1,1,0.00331407,2094,17,10.713,1615,1615,173,-0.00312922,0.00249477,0,0,0.00564515,0,7,5,2.42857,0,0,0,1,0,0
1,bookshelf_small,8,qpAdaptive,1,1,0.00373069,1807,17,10.7014,1428,1428,172,-0.00318986,0.00249477,0,0,0.00653546,0.0199225,7,5,2.42857,0,0,0,0.979524,0.0188157,0.00166021
1,bookshelf_small,8,qpFreeGate,1,1,0.00238552,2222,22,10.1156,1471,1471,0,0.00444946,0.00249477,0,0,0.00709816,0,29,13,0.758621,0,0,0,1,0,0
1,bookshelf_small,8,qpEnvelope,1,1,0.0037955,1760,17,10.7019,1397,1397,172,-0.00319124,0.00249477,0,0,0.00671028,0.0193182,7,5,2.42857,0,0,0,0.979545,0.0181818,0.00227273
1,bookshelf_small,8,VAMP,1,1,4.447e-05,1043,17,8.70993,10,437,0,0.00485242,0.00249477,0,0,0,0,0,0,0,0,0,0,0,0,0
1,bookshelf_small,13,isSafe,1,1,0.0335939,39993,192,17.5576,19,879,0,0.00164062,0.00249477,0,0,0,0,875,185,0.219429,0,0,0,0,0,0
1,bookshelf_small,13,qpFixed,1,1,0.00937994,5919,34,12.8683,2134,2134,138,-0.00205348,0.00249477,0,0,0.00515703,0,20,18,1.7,0,0,0,1,0,0
1,bookshelf_small,13,qpAdaptive,1,1,0.00994028,4686,34,12.8699,1947,1947,138,-0.00205348,0.00249477,0,0,0.00651437,0.0213402,20,18,1.7,0,0,0,0.97802,0.0198464,0.00213402
1,bookshelf_small,13,qpFreeGate,1,1,0.00828359,8283,68,9.82117,1286,1286,0,0.00153673,0.00249477,0,0,0.00716432,0,192,63,0.354167,0,0,0,1,0,0
1,bookshelf_small,13,qpEnvelope,1,1,0.0101838,4588,34,12.8711,1936,1936,138,-0.00205346,0.00249477,0,0,0.00665383,0.00828248,20,18,1.7,0,0,0,0.991282,0.00632084,0.00239756
1,bookshelf_small,13,VAMP,1,1,0.000907078,27943,246,13.214,15,662,0,0.00164062,0.00249477,0,0,0,0,0,0,0,0,0,0,0,0,0
1,bookshelf_small,14,isSafe,1,1,0.0011866,1403,9,6.88862,8,346,0,0.00300586,0.00249477,0,0,0,0,3,2,3,0,0,0,0,0,0
1,bookshelf_small,14,qpFixed,1,1,0.000880285,871,9,6.20882,872,872,15,-0.00389415,0.00249477,0,0,0.00712838,0,1,1,9,0,0,0,1,0,0
1,bookshelf_small,14,qpAdaptive,1,1,0.000218357,143,9,6.20882,389,389,15,-0.00389415,0.00249477,0,0,0.0434183,0.566434,1,1,9,0,0,0,0.433566,0.517483,0.048951
1,bookshelf_small,14,qpFreeGate,1,1,0.000875003,889,10,7.05788,877,877,0,0.00862459,0.00249477,0,0,0.00801855,0,4,3,2.5,0,0,0,1,0,0
1,bookshelf_small,14,qpEnvelope,1,1,0.000222654,67,9,6.20888,351,351,14,-0.00346711,0.00249477,0,0,0.0926698,0.522388,1,1,9,0,0,0,0.477612,0.41791,0.104478
1,bookshelf_small,14,VAMP,1,1,2.3599e-05,305,9,6.88862,8,346,0,0.00300586,0.00249477,0,0,0,0,0,0,0,0,0,0,0,0,0
1,bookshelf_small,17,isSafe,1,1,0.00149895,1772,11,7.662,9,385,0,0.000147863,0.00249477,0,0,0,0,8,5,1.375,0,0,0,0,0,0
1,bookshelf_small,17,qpFixed,1,1,0.0009095,727,8,5.54766,728,728,46,-0.00404594,0.00249477,0,0,0.00763089,0,1,1,8,0,0,0,1,0,0
1,bookshelf_small,17,qpAdaptive,1,1,0.000669766,341,8,5.54766,477,477,46,-0.00404594,0.00249477,0,0,0.0162688,0.173021,1,1,8,0,0,0,0.826979,0.16129,0.0117302
1,bookshelf_small,17,qpFreeGate,1,1,0.00172067,1768,17,9.38182,1287,1287,0,0.00541163,0.00249477,0,0,0.00708989,0,24,11,0.708333,0,0,0,1,0,0
1,bookshelf_small,17,qpEnvelope,1,1,0.000677454,288,8,5.54766,449,449,46,-0.00404594,0.00249477,0,0,0.0192627,0.0972222,1,1,8,0,0,0,0.902778,0.0833333,0.0138889
1,bookshelf_small,17,VAMP,1,1,2.582e-05,458,11,7.662,9,385,0,0.000147863,0.00249477,0,0,0,0,0,0,0,0,0,0,0,0,0
1,bookshelf_small,18,isSafe,1,1,0.00145532,1745,11,7.51161,9,377,4,-0.00472383,0.00249477,0,0,0,0,7,4,1.57143,0,0,0,0,0,0
1,bookshelf_small,18,qpFixed,1,1,0.000647793,631,7,4.59381,632,632,7,-0.00347784,0.00249477,0,0,0.00728021,0,1,1,7,0,0,0,1,0,0
1,bookshelf_small,18,qpAdaptive,1,1,0.000138478,83,7,4.59381,279,279,7,-0.00347784,0.00249477,0,0,0.0553471,0.46988,1,1,7,0,0,0,0.53012,0.409639,0.060241
1,bookshelf_small,18,qpFreeGate,1,1,0.00749431,7505,61,7.11195,1008,1008,0,0.00367381,0.00249477,0,0,0.00706953,0,170,55,0.358824,0,0,0,1,0,0
1,bookshelf_small,18,qpEnvelope,1,1,0.000135333,56,7,4.59381,263,263,7,-0.00347784,0.00249477,0,0,0.0820323,0.285714,1,1,7,0,0,0,0.714286,0.196429,0.0892857
1,bookshelf_small,18,VAMP,1,1,4.9453e-05,1347,20,8.47202,10,425,0,0.00367381,0.00249477,0,0,0,0,0,0,0,0,0,0,0,0,0
1,bookshelf_small,20,isSafe,1,1,0.00683057,8216,42,14.8103,16,742,0,0.000833688,0.00249477,0,0,0,0,151,35,0.278146,0,0,0,0,0,0
1,bookshelf_small,20,qpFixed,1,1,0.000868569,664,8,5.45447,665,665,6,-0.00015207,0.00249477,0,0,0.00821456,0,1,1,8,0,0,0,1,0,0
1,bookshelf_small,20,qpAdaptive,1,1,0.000689083,354,8,5.45446,488,488,6,-0.000152073,0.00249477,0,0,0.0154081,0.138418,1,1,8,0,0,0,0.861582,0.127119,0.0112994
1,bookshelf_small,20,qpFreeGate,1,1,0.00305318,2902,25,9.01311,1274,1274,0,0.00307374,0.00249477,0,0,0.00703533,0,58,18,0.431034,0,0,0,1,0,0
1,bookshelf_small,20,qpEnvelope,1,1,0.000722408,318,8,5.45446,468,468,6,-0.000152073,0.00249477,0,0,0.0171524,0.0880503,1,1,8,0,0,0,0.91195,0.0754717,0.0125786
1,bookshelf_small,20,VAMP,1,1,2.5924e-05,642,11,7.83236,9,393,0,0.00397053,0.00249477,0,0,0,0,0,0,0,0,0,0,0,0,0
1,bookshelf_small,21,isSafe,1,1,0.00274048,3297,19,10.0851,12,506,2,-0.00144597,0.00249477,0,0,0,0,31,13,0.612903,0,0,0,0,0,0
1,bookshelf_small,21,qpFixed,1,1,0.00144321,977,9,5.92122,918,918,182,-0.00228534,0.00249477,0,0,0.00619574,0,2,2,4.5,0,0,0,1,0,0
1,bookshelf_small,21,qpAdaptive,1,1,0.00148447,747,9,5.92121,748,748,182,-0.0022758,0.00249477,0,0,0.0081034,0.140562,2,2,4.5,0,0,0,0.85676,0.139224,0.00401606
1,bookshelf_small,21,qpFreeGate,1,1,0.00153198,1469,13,7.35636,1069,1069,0,0.0046609,0.00249477,0,0,0.00701442,0,16,8,0.8125,0,0,0,1,0,0
1,bookshelf_small,21,qpEnvelope,1,1,0.00142201,651,9,5.92137,696,696,183,-0.00227191,0.00249477,0,0,0.0092985,0.0814132,2,2,4.5,0,0,0,0.915515,0.078341,0.00614439
1,bookshelf_small,21,VAMP,1,1,4.8978e-05,1018,20,10.0851,12,506,2,-0.00144597,0.00249477,0,0,0,0,0,0,0,0,0,0,0,0,0
1,bookshelf_small,23,isSafe,1,1,0.00105704,1260,9,6.16292,8,310,0,0.00011582,0.00249477,0,0,0,0,6,3,1.5,0,0,0,0,0,0
1,bookshelf_small,23,qpFixed,1,1,0.000891046,739,7,4.70929,740,740,155,-0.00289637,0.00249477,0,0,0.00637252,0,1,1,7,0,0,0,1,0,0
1,bookshelf_small,23,qpAdaptive,1,1,0.000676321,380,7,4.70929,482,482,155,-0.00289637,0.00249477,0,0,0.0123929,0.257895,1,1,7,0,0,0,0.742105,0.25,0.00789474
1,bookshelf_small,23,qpFreeGate,1,1,0.00365054,3477,35,10.0536,1294,1294,0,0.000905459,0.00249477,0,0,0.00737946,0,68,28,0.514706,0,0,0,1,0,0
1,bookshelf_small,23,qpEnvelope,1,1,0.000594487,271,7,4.70929,420,420,155,-0.00289637,0.00249477,0,0,0.0173775,0.103321,1,1,7,0,0,0,0.892989,0.0922509,0.0147601
1,bookshelf_small,23,VAMP,1,1,2.0492e-05,391,9,6.16292,8,310,0,0.00011582,0.00249477,0,0,0,0,0,0,0,0,0,0,0,0,0
1,bookshelf_small,24,isSafe,1,1,0.0088171,10608,53,19.4293,21,973,13,-0.00049859,0.00249477,0,0,0,0,183,46,0.289617,0,0,0,0,0,0
1,bookshelf_small,24,qpFixed,1,1,0.00153564,1265,11,8.25957,1266,1266,29,-0.00599377,0.00249477,0,0,0.0065293,0,1,1,11,0,0,0,1,0,0
1,bookshelf_small,24,qpAdaptive,1,1,0.00100996,536,11,8.25957,770,770,29,-0.00599377,0.00249477,0,0,0.0154097,0.156716,1,1,11,0,0,0,0.843284,0.145522,0.011194
1,bookshelf_small,24,qpFreeGate,1,1,0.0169452,16464,131,14.4321,2063,2063,0,0.00481445,0.00249477,0,0,0.00697421,0,377,117,0.34748,0,0,0,1,0,0
1,bookshelf_small,24,qpEnvelope,1,1,0.000984132,441,11,8.26019,700,700,29,-0.00596445,0.00249477,0,0,0.0187306,0.145125,1,1,11,0,0,0,0.852608,0.131519,0.015873
1,bookshelf_small,24,VAMP,1,1,0.000148681,3469,51,17.7281,19,888,7,-0.000963031,0.00168274,0,0,0,0,0,0,0,0,0,0,0,0,0
1,bookshelf_small,25,isSafe,1,1,0.0026427,3189,18,9.70816,11,487,0,0.00377971,0.00249477,0,0,0,0,32,12,0.5625,0,0,0,0,0,0
1,bookshelf_small,25,qpFixed,1,1,0.00622837,4157,38,12.6038,1984,1984,220,-0.00667617,0.00249477,0,0,0.00543263,0,9,8,4.22222,0,0,0,1,0,0
1,bookshelf_small,25,qpAdaptive,1,1,0.00665314,3323,36,12.604,1615,1615,220,-0.00667617,0.00249477,0,0,0.00679611,0.0451399,9,8,4,0,0,0,0.952754,0.0433343,0.00391213
1,bookshelf_small,25,qpFreeGate,1,1,0.0035176,3330,30,12.3897,1536,1536,0,0.00336242,0.00249477,0,0,0.0076324,0,42,23,0.714286,0,0,0,1,0,0
1,bookshelf_small,25,qpEnvelope,1,1,0.00672309,3173,36,12.6049,1535,1535,220,-0.00667617,0.00249477,0,0,0.00711772,0.0299401,9,8,4,0,0,0,0.968169,0.0274188,0.00441223
1,bookshelf_small,25,VAMP,1,1,5.0769e-05,973,19,9.70816,11,487,0,0.00377971,0.00249477,0,0,0,0,0,0,0,0,0,0,0,0,0
1,bookshelf_small,27,isSafe,1,1,0.0257443,30736,150,9.82447,11,493,0,0.000520311,0.00249477,0,0,0,0,647,143,0.231839,0,0,0,0,0,0
1,bookshelf_small,27,qpFixed,1,1,0.00237813,1608,22,8.04459,1173,1173,172,-0.00429275,0.00249477,0,0,0.00626248,0,4,4,5.5,0,0,0,1,0,0
1,bookshelf_small,27,qpAdaptive,1,1,0.00209429,953,22,8.04441,842,842,171,-0.00427678,0.00249477,0,0,0.0105642,0.0514166,4,4,5.5,0,0,0,0.946485,0.0472193,0.00629591
1,bookshelf_small,27,qpFreeGate,1,1,0.0191355,19079,146,23.0506,3285,3285,2,-0.00156868,0.00249477,0,0,0.00686324,0,461,133,0.316703,0,0,0,1,0,0
1,bookshelf_small,27,qpEnvelope,1,1,0.00215536,912,22,8.04321,821,821,172,-0.00433439,0.00249477,0,0,0.0110317,0.0285088,4,4,5.5,0,0,0,0.967105,0.0230263,0.00986842
1,bookshelf_small,27,VAMP,1,1,0.00074082,18013,200,20.5092,22,1027,0,0.000520311,0.00249477,0,0,0,0,0,0,0,0,0,0,0,0,0
1,bookshelf_small,28,isSafe,1,1,0.00450276,5434,29,12.2406,14,614,4,-0.000268325,0.00249477,0,0,0,0,94,23,0.308511,0,0,0,0,0,0
1,bookshelf_small,28,qpFixed,1,1,0.00359236,2266,17,11.6303,1979,1979,483,-0.00469528,0.00249477,0,0,0.00569929,0,3,3,5.66667,0,0,0,1,0,0
1,bookshelf_small,28,qpAdaptive,1,1,0.00394049,1910,17,11.6303,1728,1728,485,-0.00469528,0.00249477,0,0,0.00676154,0.0492147,3,3,5.66667,0,0,0,0.950262,0.0486911,0.00104712
1,bookshelf_small,28,qpFreeGate,1,1,0.00487908,4632,38,18.1087,2581,2581,3,-8.63357e-06,0.00249477,0,0,0.00690535,0,104,28,0.365385,0,0,0,1,0,0
1,bookshelf_small,28,qpEnvelope,1,1,0.00392382,1793,17,11.6306,1650,1650,487,-0.00471591,0.00249477,0,0,0.00720293,0.0250976,3,3,5.66667,0,0,0,0.974902,0.0239822,0.00111545
1,bookshelf_small,28,VAMP,1,1,8.1031e-05,1901,28,11.5835,13,581,19,-0.00142313,0.00249477,0,0,0,0,0,0,0,0,0,0,0,0,0
1,bookshelf_small,29,isSafe,1,1,0.0140695,16876,84,15.029,17,753,0,0.00440022,0.00249477,0,0,0,0,239,75,0.351464,0,0,0,0,0,0
1,bookshelf_small,29,qpFixed,1,1,0.0019386,1447,11,6.74537,945,945,2,-0.0001417,0.00249477,0,0,0.00589424,0,2,2,5.5,0,0,0,1,0,0
1,bookshelf_small,29,qpAdaptive,1,1,0.00134046,605,11,6.745,402,402,1,-3.50715e-05,0.00249477,0,0,0.0140969,0.11405,2,2,5.5,0,0,0,0.88595,0.102479,0.0115702
1,bookshelf_small,29,qpFreeGate,1,1,0.0122798,12289,100,16.8864,2301,2301,0,0.00440336,0.00249477,0,0,0.00713511,0,251,90,0.398406,0,0,0,1,0,0
1,bookshelf_small,29,qpEnvelope,1,1,0.00135464,559,11,6.74619,371,371,2,-0.000222621,0.00249477,0,0,0.0152589,0.0554562,2,2,5.5,0,0,0,0.944544,0.0429338,0.0125224
1,bookshelf_small,29,VAMP,1,1,0.000238549,7814,88,13.2409,15,664,0,0.00440248,0.00249477,0,0,0,0,0,0,0,0,0,0,0,0,0
1,bookshelf_small,31,isSafe,1,1,0.0021055,2552,15,11.602,13,582,0,0.000714255,0.00249477,0,0,0,0,15,6,1,0,0,0,0,0,0
1,bookshelf_small,31,qpFixed,1,1,0.000844567,770,10,6.94832,771,771,41,-0.00288623,0.00249477,0,0,0.0090238,0,1,1,10,0,0,0,1,0,0
1,bookshelf_small,31,qpAdaptive,1,1,0.0004708,275,10,6.94835,500,500,41,-0.00289339,0.00249477,0,0,0.0252667,0.272727,1,1,10,0,0,0,0.72,0.254545,0.0254545
1,bookshelf_small,31,qpFreeGate,1,1,0.0115741,11087,89,14.8783,2002,2002,0,0.000767685,0.00249477,0,0,0.00690045,0,260,75,0.342308,0,0,0,1,0,0
1,bookshelf_small,31,qpEnvelope,1,1,0.000456067,191,10,6.94825,460,460,41,-0.00292325,0.00249477,0,0,0.0363783,0.13089,1,1,10,0,0,0,0.86911,0.0942408,0.0366492
1,bookshelf_small,31,VAMP,1,1,4.4034e-05,705,16,11.602,13,582,0,0.000714255,0.00249477,0,0,0,0,0,0,0,0,0,0,0,0,0
1,bookshelf_small,34,isSafe,1,1,0.00128914,1537,10,6.64498,8,334,0,0.00320435,0.00249477,0,0,0,0,4,3,2.5,0,0,0,0,0,0
1,bookshelf_small,34,qpFixed,1,1,0.00387028,2575,17,7.3967,1106,1106,127,-0.00471084,0.00249477,0,0,0.00547755,0,4,4,4.25,0,0,0,1,0,0
1,bookshelf_small,34,qpAdaptive,1,1,0.0036028,1672,17,7.39655,575,575,127,-0.00471049,0.00249477,0,0,0.008436,0.0777512,4,4,4.25,0,0,0,0.921651,0.0735646,0.00478469
1,bookshelf_small,34,qpFreeGate,1,1,0.00204997,2038,17,8.83998,1373,1373,0,0.0025338,0.00249477,0,0,0.00644753,0,14,9,1.21429,0,0,0,1,0,0
1,bookshelf_small,34,qpEnvelope,1,1,0.00368072,1560,17,7.39677,529,529,127,-0.00471091,0.00249477,0,0,0.00904103,0.0371795,4,4,4.25,0,0,0,0.962821,0.0320513,0.00512821
1,bookshelf_small,34,VAMP,1,1,2.1442e-05,294,10,6.64498,8,334,0,0.00320435,0.00249477,0,0,0,0,0,0,0,0,0,0,0,0,0
1,box,1,isSafe,1,1,0.0093657,11212,57,14.698,16,736,0,0.0147548,0.00249477,0,0,0,0,196,51,0.290816,0,0,0,0,0,0
1,box,1,qpFixed,1,1,0.000971305,735,8,4.98922,736,736,139,-0.0031052,0.00249477,0,0,0.00678806,0,1,1,8,0,0,0,1,0,0
1,box,1,qpAdaptive,1,1,0.00072474,349,8,4.98925,486,486,137,-0.00311867,0.00249477,0,0,0.0142958,0.12894,1,1,8,0,0,0,0.868195,0.120344,0.0114613
1,box,1,qpFreeGate,1,1,0.00455742,4402,39,13.8892,1905,1905,0,0.0107582,0.00249477,0,0,0.00736955,0,51,28,0.764706,0,0,0,1,0,0
1,box,1,qpEnvelope,1,1,0.000734066,318,8,4.98945,470,470,138,-0.00310022,0.00249477,0,0,0.0156901,0.0786164,1,1,8,0,0,0,0.921384,0.0660377,0.0125786
1,box,1,VAMP,1,1,0.000193871,4220,62,17.1612,19,860,6,-0.00122732,0.00249477,0,0,0,0,0,0,0,0,0,0,0,0,0
1,box,2,isSafe,1,1,0.00284648,3289,19,10.1554,12,509,0,0.0506552,0.00249477,0,0,0,0,26,12,0.730769,0,0,0,0,0,0
1,box,2,qpFixed,1,1,0.0012512,988,9,5.63035,989,989,199,-0.00322286,0.00249477,0,0,0.00569873,0,1,1,9,0,0,0,1,0,0
1,box,2,qpAdaptive,1,1,0.000862535,409,9,5.63037,583,583,199,-0.00322286,0.00249477,0,0,0.0137662,0.112469,1,1,9,0,0,0,0.885086,0.102689,0.0122249
1,box,2,qpFreeGate,1,1,0.00222977,2155,20,12.8128,1726,1726,0,0.00496394,0.00249477,0,0,0.00730606,0,17,11,1.17647,0,0,0,1,0,0
1,box,2,qpEnvelope,1,1,0.000864448,375,9,5.63107,564,564,199,-0.00322224,0.00249477,0,0,0.0150162,0.08,1,1,9,0,0,0,0.92,0.0666667,0.0133333
1,box,2,VAMP,1,1,4.5063e-05,876,18,11.4777,13,575,0,0.0203908,0.00249477,0,0,0,0,0,0,0,0,0,0,0,0,0
1,box,3,isSafe,1,1,0.00135541,1607,10,7.54745,9,379,0,0.00223445,0.00249477,0,0,0,0,10,5,1,0,0,0,0,0,0
1,box,3,qpFixed,1,1,0.00182746,1344,10,6.97593,1077,1077,17,-0.000933926,0.00249477,0,0,0.00603762,0,3,3,3.33333,0,0,0,1,0,0
1,box,3,qpAdaptive,1,1,0.00172982,914,10,6.97583,778,778,17,-0.000937949,0.00249477,0,0,0.00887803,0.126915,3,3,3.33333,0,0,0,0.870897,0.123632,0.00547046
1,box,3,qpFreeGate,1,1,0.00205783,1896,19,9.20911,1283,1283,0,0.00745242,0.00249477,0,0,0.00700041,0,19,10,1,0,0,0,1,0,0
1,box,3,qpEnvelope,1,1,0.00175649,835,10,6.97691,727,727,17,-0.000937877,0.00249477,0,0,0.00971788,0.104192,3,3,3.33333,0,0,0,0.894611,0.0994012,0.00598802
1,box,3,VAMP,1,1,2.5962e-05,426,10,7.54745,9,379,0,0.00223445,0.00249477,0,0,0,0,0,0,0,0,0,0,0,0,0
1,box,4,isSafe,1,1,0.00371262,4478,24,9.98206,11,501,3,-0.00292856,0.00249477,0,0,0,0,47,18,0.510638,0,0,0,0,0,0
1,box,4,qpFixed,1,1,0.00320234,2001,16,6.87598,978,978,67,-0.00266592,0.00249477,0,0,0.00620981,0,4,4,4,0,0,0,1,0,0
1,box,4,qpAdaptive,1,1,0.00319433,1511,16,6.87611,819,819,67,-0.00266506,0.00249477,0,0,0.00822359,0.0595632,4,4,4,0,0,0,0.939775,0.0582396,0.00198544
1,box,4,qpFreeGate,1,1,0.00656985,6290,56,9.18962,1336,1336,0,0.00436629,0.00249477,0,0,0.00723551,0,119,43,0.470588,0,0,0,1,0,0
1,box,4,qpEnvelope,1,1,0.00330193,1454,16,6.8769,812,812,67,-0.00266648,0.00249477,0,0,0.00854702,0.0419532,4,4,4,0,0,0,0.958047,0.03989,0.00206327
1,box,4,VAMP,1,1,0.000113067,2485,37,18.2097,20,912,8,-0.000743791,0.00249477,0,0,0,0,0,0,0,0,0,0,0,0,0
1,box,5,isSafe,1,1,0.00338035,4045,22,8.92525,10,448,0,0.0136912,0.00249477,0,0,0,0,30,16,0.733333,0,0,0,0,0,0
1,box,5,qpFixed,1,1,0.0100181,6762,37,10.3308,1545,1545,64,-0.003172,0.00249477,0,0,0.00480604,0,17,15,2.17647,0,0,0,1,0,0
1,box,5,qpAdaptive,1,1,0.0105943,5290,37,10.3307,1062,1062,64,-0.00317195,0.00249477,0,0,0.00614341,0.0519849,17,15,2.17647,0,0,0,0.947448,0.0504726,0.0020794
1,box,5,qpFreeGate,1,1,0.00348886,3410,29,10.8223,1521,1521,0,0.0165219,0.00249477,0,0,0.00711856,0,32,21,0.90625,0,0,0,1,0,0
1,box,5,qpEnvelope,1,1,0.0107081,5059,37,10.3294,997,997,64,-0.00317034,0.00249477,0,0,0.00642448,0.0292548,17,15,2.17647,0,0,0,0.97035,0.0272781,0.00237201
1,box,5,VAMP,1,1,5.5992e-05,1064,23,8.92525,10,448,0,0.0136912,0.00249477,0,0,0,0,0,0,0,0,0,0,0,0,0
1,box,6,isSafe,1,1,0.00169389,2052,13,8.08265,10,406,0,0.0406777,0.00249477,0,0,0,0,11,7,1.18182,0,0,0,0,0,0
1,box,6,qpFixed,1,1,0.00106837,947,9,5.91126,948,948,66,-0.00390745,0.00249477,0,0,0.00624209,0,1,1,9,0,0,0,1,0,0
1,box,6,qpAdaptive,1,1,0.00051206,260,9,5.9113,475,475,66,-0.00390679,0.00249477,0,0,0.0227358,0.184615,1,1,9,0,0,0,0.815385,0.161538,0.0230769
1,box,6,qpFreeGate,1,1,0.00551496,5411,46,13.1041,1776,1776,0,0.00501827,0.00249477,0,0,0.00718273,0,82,34,0.560976,0,0,0,1,0,0
1,box,6,qpEnvelope,1,1,0.000539803,230,9,5.9117,459,459,67,-0.00395495,0.00249477,0,0,0.025703,0.121739,1,1,9,0,0,0,0.878261,0.0956522,0.026087
1,box,6,VAMP,1,1,2.931e-05,534,13,8.08265,10,406,0,0.0406777,0.00249477,0,0,0,0,0,0,0,0,0,0,0,0,0
1,box,7,isSafe,1,1,0.00114098,1376,9,6.8344,8,343,0,0.00583474,0.00249477,0,0,0,0,4,3,2.25,0,0,0,0,0,0
1,box,7,qpFixed,1,1,0.00155836,1166,10,6.12797,1167,1167,73,-0.00270293,0.00249477,0,0,0.00525555,0,1,1,10,0,0,0,1,0,0
1,box,7,qpAdaptive,1,1,0.00117058,552,10,6.12797,726,726,73,-0.00270294,0.00249477,0,0,0.0111014,0.0887681,1,1,10,0,0,0,0.90942,0.0815217,0.00905797
1,box,7,qpFreeGate,1,1,0.00725801,7127,58,14.482,2068,2068,0,0.00441392,0.00249477,0,0,0.00716092,0,130,50,0.446154,0,0,0,1,0,0
1,box,7,qpEnvelope,1,1,0.00120635,523,10,6.12884,712,712,73,-0.00270268,0.00249477,0,0,0.0117186,0.0573614,1,1,10,0,0,0,0.942639,0.0478011,0.00956023
1,box,7,VAMP,1,1,2.0015e-05,262,9,6.8344,8,343,0,0.00583474,0.00249477,0,0,0,0,0,0,0,0,0,0,0,0,0
1,box,8,isSafe,1,1,0.00848281,10112,52,8.6902,10,436,0,0.0254805,0.00249477,0,0,0,0,126,45,0.412698,0,0,0,0,0,0
1,box,8,qpFixed,1,1,0.0012026,804,8,5.15162,805,805,55,-0.0012503,0.00249477,0,0,0.00640749,0,1,1,8,0,0,0,1,0,0
1,box,8,qpAdaptive,1,1,0.00107961,495,8,5.15168,599,599,55,-0.00125078,0.00249477,0,0,0.0104074,0.0727273,1,1,8,0,0,0,0.927273,0.0666667,0.00606061
1,box,8,qpFreeGate,1,1,0.00694882,6568,57,9.10158,1178,1178,0,0.00859217,0.00249477,0,0,0.00747808,0,126,46,0.452381,0,0,0,1,0,0
1,box,8,qpEnvelope,1,1,0.00109662,475,8,5.15164,588,588,55,-0.00125032,0.00249477,0,0,0.0108456,0.0463158,1,1,8,0,0,0,0.953684,0.04,0.00631579
1,box,8,VAMP,1,1,5.0206e-05,880,19,8.45833,10,424,1,-0.000316511,0.00249477,0,0,0,0,0,0,0,0,0,0,0,0,0
1,box,9,isSafe,1,1,0.0113419,13605,69,14.2977,16,716,1,-0.000265494,0.00249477,0,0,0,0,236,61,0.292373,0,0,0,0,0,0
1,box,9,qpFixed,1,1,0.00123861,903,9,5.77775,904,904,118,-0.00308764,0.00249477,0,0,0.00639839,0,1,1,9,0,0,0,1,0,0
1,box,9,qpAdaptive,1,1,0.000953518,442,9,5.77753,603,603,119,-0.00307332,0.00249477,0,0,0.0130713,0.0950226,1,1,9,0,0,0,0.902715,0.0882353,0.00904977
1,box,9,qpFreeGate,1,1,0.00784852,7513,63,18.1277,2499,2499,0,0.00398168,0.00249477,0,0,0.00705094,0,119,50,0.529412,0,0,0,1,0,0
1,box,9,qpEnvelope,1,1,0.000987173,414,9,5.77684,586,586,122,-0.00305301,0.00249477,0,0,0.0139537,0.0652174,1,1,9,0,0,0,0.934783,0.0555556,0.00966184
1,box,9,VAMP,1,1,0.000131452,2329,40,17.4327,19,873,0,0.0041108,0.00249477,0,0,0,0,0,0,0,0,0,0,0,0,0
1,box,10,isSafe,1,1,0.00164511,1956,12,7.60377,9,382,0,0.00443015,0.00249477,0,0,0,0,19,7,0.631579,0,0,0,0,0,0
1,box,10,qpFixed,1,1,0.00102999,748,8,4.99024,749,749,38,-0.00348278,0.00249477,0,0,0.00667144,0,1,1,8,0,0,0,1,0,0
1,box,10,qpAdaptive,1,1,0.000833707,403,8,4.99024,525,525,38,-0.00348278,0.00249477,0,0,0.0123827,0.121588,1,1,8,0,0,0,0.873449,0.116625,0.00992556
1,box,10,qpFreeGate,1,1,0.00351467,3282,29,9.56231,1461,1461,0,0.00592236,0.00249477,0,0,0.00671192,0,45,18,0.644444,0,0,0,1,0,0
1,box,10,qpEnvelope,1,1,0.000854283,371,8,4.99024,507,507,38,-0.00348278,0.00249477,0,0,0.0134508,0.0781671,1,1,8,0,0,0,0.921833,0.0673854,0.0107817
1,box,10,VAMP,1,1,3.7562e-05,658,12,7.60377,9,382,0,0.00443015,0.00249477,0,0,0,0,0,0,0,0,0,0,0,0,0
1,box,11,isSafe,1,1,0.00136556,1617,10,7.92555,9,398,0,0.0460444,0.00249477,0,0,0,0,11,6,0.909091,0,0,0,0,0,0
1,box,11,qpFixed,1,1,0.000735678,686,7,4.22843,687,687,0,0.000349131,0.00249477,0,0,0.00616389,0,1,1,7,0,0,0,1,0,0
1,box,11,qpAdaptive,1,1,0.000256728,147,7,4.22852,305,305,0,0.000353117,0.00249477,0,0,0.0287654,0.360544,1,1,7,0,0,0,0.639456,0.333333,0.0272109
1,box,11,qpFreeGate,1,1,0.00495403,4620,41,10.5557,1521,1521,0,0.00532351,0.00249477,0,0,0.0070489,0,79,33,0.518987,0,0,0,1,0,0
1,box,11,qpEnvelope,1,1,0.000267284,119,7,4.22841,289,289,0,0.000344906,0.00249477,0,0,0.0355329,0.294118,1,1,7,0,0,0,0.705882,0.260504,0.0336134
1,box,11,VAMP,1,1,2.9327e-05,374,10,7.92555,9,398,0,0.0460444,0.00249477,0,0,0,0,0,0,0,0,0,0,0,0,0
1,box,12,isSafe,1,1,0.013124,15738,79,14.9786,16,750,0,0.00592603,0.00249477,0,0,0,0,220,75,0.359091,0,0,0,0,0,0
1,box,12,qpFixed,1,1,0.00304721,2031,15,8.56351,1398,1398,80,-0.0034325,0.00249477,0,0,0.00557875,0,5,5,3,0,0,0,1,0,0
1,box,12,qpAdaptive,1,1,0.00334721,1700,15,8.5638,1159,1159,80,-0.00343238,0.00249477,0,0,0.00666514,0.0664706,5,5,3,0,0,0,0.932353,0.0652941,0.00235294
1,box,12,qpFreeGate,1,1,0.0132489,12767,107,10.0676,1422,1422,0,0.00631346,0.00249477,0,0,0.00695688,0,198,92,0.540404,0,0,0,1,0,0
1,box,12,qpEnvelope,1,1,0.00338927,1620,15,8.56503,1117,1117,80,-0.00343163,0.00249477,0,0,0.00699504,0.0438272,5,5,3,0,0,0,0.955556,0.041358,0.00308642
1,box,12,VAMP,1,1,0.000137565,2856,47,13.5936,15,681,3,-0.00112718,0.00249477,0,0,0,0,0,0,0,0,0,0,0,0,0
1,box,13,isSafe,1,1,0.00390397,4709,25,8.82289,10,443,0,0.00725439,0.00249477,0,0,0,0,88,19,0.284091,0,0,0,0,0,0
1,box,13,qpFixed,1,1,0.000953822,712,7,4.24947,713,713,121,-0.00264637,0.00249477,0,0,0.00596835,0,1,1,7,0,0,0,1,0,0
1,box,13,qpAdaptive,1,1,0.0006803,317,7,4.24947,432,432,121,-0.00264637,0.00249477,0,0,0.0134053,0.104101,1,1,7,0,0,0,0.895899,0.0946372,0.00946372
1,box,13,qpFreeGate,1,1,0.0100896,9795,85,21.6745,3071,3071,0,0.00326913,0.00249477,0,0,0.0069678,0,185,73,0.459459,0,0,0,1,0,0
1,box,13,qpEnvelope,1,1,0.000700185,297,7,4.24972,421,421,121,-0.00264645,0.00249477,0,0,0.0143088,0.0673401,1,1,7,0,0,0,0.93266,0.0572391,0.010101
1,box,13,VAMP,1,1,7.2223e-05,1958,24,14.3375,16,718,0,0.00725439,0.00249477,0,0,0,0,0,0,0,0,0,0,0,0,0
1,box,14,isSafe,1,1,0.00162585,1950,12,8.60586,10,432,0,0.000381657,0.00249477,0,0,0,0,12,7,1,0,0,0,0,0,0
1,box,14,qpFixed,1,1,0.000770458,705,7,4.5636,706,706,0,0.00168951,0.00249477,0,0,0.00647319,0,1,1,7,0,0,0,1,0,0
1,box,14,qpAdaptive,1,1,0.000328194,183,7,4.5636,348,348,0,0.00168951,0.00249477,0,0,0.0249377,0.306011,1,1,7,0,0,0,0.693989,0.284153,0.0218579
1,box,14,qpFreeGate,1,1,0.00395518,3848,36,17.0085,2205,2205,0,0.00460896,0.00249477,0,0,0.00732669,0,53,24,0.679245,0,0,0,1,0,0
1,box,14,qpEnvelope,1,1,0.000332522,153,7,4.5636,330,330,0,0.00168951,0.00249477,0,0,0.0298274,0.228758,1,1,7,0,0,0,0.771242,0.202614,0.0261438
1,box,14,VAMP,1,1,3.3039e-05,527,12,8.60586,10,432,0,0.000381657,0.00249477,0,0,0,0,0,0,0,0,0,0,0,0,0
1,box,15,isSafe,1,1,0.00178142,2141,13,8.5278,10,428,0,0.0377306,0.00249477,0,0,0,0,13,6,1,0,0,0,0,0,0
1,box,15,qpFixed,1,1,0.00551036,3553,24,8.21633,1236,1236,89,-0.00261656,0.00249477,0,0,0.00566261,0,9,8,2.66667,0,0,0,1,0,0
1,box,15,qpAdaptive,1,1,0.00588004,2857,24,8.21728,1001,1001,90,-0.00267145,0.00249477,0,0,0.00704134,0.080154,9,8,2.66667,0,0,0,0.919496,0.0787539,0.00175009
1,box,15,qpFreeGate,1,1,0.0019907,1925,19,12.4912,1686,1686,0,0.00232154,0.00249477,0,0,0.00726747,0,21,11,0.904762,0,0,0,1,0,0
1,box,15,qpEnvelope,1,1,0.00587782,2680,24,8.21962,972,972,91,-0.00265939,0.00249477,0,0,0.00750869,0.0425373,9,8,2.66667,0,0,0,0.95709,0.0410448,0.00186567
1,box,15,VAMP,1,1,3.5461e-05,655,14,8.5278,10,428,0,0.0377306,0.00249477,0,0,0,0,0,0,0,0,0,0,0,0,0
1,box,16,isSafe,1,1,0.00898333,10771,55,15.1652,17,760,0,0.0283403,0.00249477,0,0,0,0,138,49,0.398551,0,0,0,0,0,0
1,box,16,qpFixed,1,1,0.00115555,1102,10,7.26902,1103,1103,32,-0.00125639,0.00249477,0,0,0.00659621,0,1,1,10,0,0,0,1,0,0
1,box,16,qpAdaptive,1,1,0.000299177,162,10,7.269,460,460,33,-0.00125643,0.00249477,0,0,0.0448703,0.487654,1,1,10,0,0,0,0.512346,0.444444,0.0432099
1,box,16,qpFreeGate,1,1,0.00983942,9734,76,17.7286,2449,2449,0,0.00371442,0.00249477,0,0,0.00709052,0,182,67,0.417582,0,0,0,1,0,0
1,box,16,qpEnvelope,1,1,0.000315249,115,10,7.26967,434,434,33,-0.00133008,0.00249477,0,0,0.0632145,0.373913,1,1,10,0,0,0,0.626087,0.313043,0.0608696
1,box,16,VAMP,1,1,0.000197591,5552,65,15.1652,17,760,0,0.0283403,0.00249477,0,0,0,0,0,0,0,0,0,0,0,0,0
1,box,17,isSafe,1,1,0.00284666,3450,19,11.7647,13,590,0,0.00374636,0.00249477,0,0,0,0,37,14,0.513514,0,0,0,0,0,0
1,box,17,qpFixed,1,1,0.000960101,710,7,4.38423,711,711,29,-0.00288293,0.00249477,0,0,0.00617498,0,1,1,7,0,0,0,1,0,0
1,box,17,qpAdaptive,1,1,0.000749012,347,7,4.38423,459,459,29,-0.00288293,0.00249477,0,0,0.0126347,0.0951009,1,1,7,0,0,0,0.904899,0.0864553,0.00864553
1,box,17,qpFreeGate,1,1,0.00245075,2313,22,9.52596,1349,1349,0,0.000643057,0.00249477,0,0,0.00724921,0,28,14,0.785714,0,0,0,1,0,0
1,box,17,qpEnvelope,1,1,0.000772867,333,7,4.38427,454,454,29,-0.00288307,0.00249477,0,0,0.013166,0.0780781,1,1,7,0,0,0,0.921922,0.0690691,0.00900901
1,box,17,VAMP,1,1,6.0317e-05,1323,21,11.7647,13,590,0,0.00374636,0.00249477,0,0,0,0,0,0,0,0,0,0,0,0,0
1,box,18,isSafe,1,1,0.00635916,7507,39,13.5216,15,678,0,0.00405571,0.00249477,0,0,0,0,90,34,0.433333,0,0,0,0,0,0
1,box,18,qpFixed,1,1,0.00148032,1138,10,6.1994,1139,1139,41,-0.00338583,0.00249477,0,0,0.00544763,0,1,1,10,0,0,0,1,0,0
1,box,18,qpAdaptive,1,1,0.00105669,502,10,6.19941,680,680,41,-0.00338583,0.00249477,0,0,0.0123494,0.0776892,1,1,10,0,0,0,0.922311,0.0677291,0.00996016
1,box,18,qpFreeGate,1,1,0.00393881,3776,30,13.0813,1954,1954,0,0.00444879,0.00249477,0,0,0.00676333,0,35,23,0.857143,0,0,0,1,0,0
1,box,18,qpEnvelope,1,1,0.00109863,477,10,6.20043,666,666,41,-0.0033858,0.00249477,0,0,0.0129988,0.0461216,1,1,10,0,0,0,0.953878,0.0356394,0.0104822
1,box,18,VAMP,1,1,0.000175045,4242,58,12.2586,14,614,0,0.00405571,0.00249477,0,0,0,0,0,0,0,0,0,0,0,0,0
1,box,19,isSafe,1,1,0.00265792,3218,18,8.78097,10,441,0,0.0107731,0.00249477,0,0,0,0,33,13,0.545455,0,0,0,0,0,0
1,box,19,qpFixed,1,1,0.00351225,2462,17,8.18873,1355,1355,10,-0.00165153,0.00249477,0,0,0.00551507,0,5,5,3.4,0,0,0,1,0,0
1,box,19,qpAdaptive,1,1,0.00308359,1504,17,8.18852,811,811,11,-0.00166124,0.00249477,0,0,0.00902785,0.114362,5,5,3.4,0,0,0,0.885638,0.110372,0.00398936
1,box,19,qpFreeGate,1,1,0.00308194,2907,25,12.3219,1869,1869,0,0.00678412,0.00249477,0,0,0.00655064,0,38,16,0.657895,0,0,0,1,0,0
1,box,19,qpEnvelope,1,1,0.00311112,1387,17,8.18902,769,769,10,-0.00165356,0.00249477,0,0,0.00979023,0.0663302,5,5,3.4,0,0,0,0.932949,0.0627253,0.00432588
1,box,19,VAMP,1,1,5.3693e-05,1031,19,9.47789,11,475,0,0.0109365,0.00249477,0,0,0,0,0,0,0,0,0,0,0,0,0
1,box,20,isSafe,1,1,0.00415377,5022,27,10.6724,12,535,0,0.038335,0.00249477,0,0,0,0,42,19,0.642857,0,0,0,0,0,0
1,box,20,qpFixed,1,1,0.00115039,863,9,5.99915,864,864,12,-0.0011923,0.00249477,0,0,0.0069515,0,1,1,9,0,0,0,1,0,0
1,box,20,qpAdaptive,1,1,0.000907236,454,9,5.99918,602,602,12,-0.00119237,0.00249477,0,0,0.013214,0.0682819,1,1,9,0,0,0,0.931718,0.0594714,0.00881057
1,box,20,qpFreeGate,1,1,0.00325064,3156,28,10.2629,1342,1342,0,0.00893042,0.00249477,0,0,0.00731232,0,32,18,0.875,0,0,0,1,0,0
1,box,20,qpEnvelope,1,1,0.000937961,439,9,5.99939,593,593,12,-0.00119222,0.00249477,0,0,0.013666,0.0546697,1,1,9,0,0,0,0.94533,0.0455581,0.00911162
1,box,20,VAMP,1,1,3.4568e-05,702,16,11.0933,13,556,0,0.0256417,0.00249477,0,0,0,0,0,0,0,0,0,0,0,0,0
1,table_pick,1,isSafe,1,1,0.00150852,1808,11,8.87449,10,445,2,-0.00277375,0.00249477,0,0,0,0,6,4,1.83333,0,0,0,0,0,0
1,table_pick,1,qpFixed,1,1,0.00129144,1263,10,7.76963,1264,1264,33,-0.00180974,0.00249477,0,0,0.00615173,0,1,1,10,0,0,0,1,0,0
1,table_pick,1,qpAdaptive,1,1,0.000297392,187,10,7.76963,507,507,33,-0.00180728,0.00249477,0,0,0.0415488,0.582888,1,1,10,0,0,0,0.406417,0.550802,0.0427807
1,table_pick,1,qpFreeGate,1,1,0.00360368,3567,31,11.1851,1454,1454,16,-0.00157367,0.00249477,0,0,0.00746403,0,61,25,0.508197,0,0,0,1,0,0
1,table_pick,1,qpEnvelope,1,1,0.000247141,95,10,7.76964,446,446,25,-0.00160161,0.00249477,0,0,0.0817857,0.557895,1,1,10,0,0,0,0.442105,0.473684,0.0842105
1,table_pick,1,VAMP,1,1,6.4284e-05,1064,20,9.98836,11,501,0,0.000598729,0.00249477,0,0,0,0,0,0,0,0,0,0,0,0,0
1,table_pick,2,isSafe,1,1,0.00592262,7089,37,14.1087,16,707,0,0.00278165,0.00249477,0,0,0,0,127,31,0.291339,0,0,0,0,0,0
1,table_pick,2,qpFixed,1,1,0.0014351,1262,10,7.72269,1263,1263,135,-0.00467365,0.00249477,0,0,0.0061194,0,1,1,10,0,0,0,1,0,0
1,table_pick,2,qpAdaptive,1,1,0.000719978,387,10,7.72269,647,647,135,-0.00467365,0.00249477,0,0,0.0199553,0.18863,1,1,10,0,0,0,0.81137,0.173127,0.0155039
1,table_pick,2,qpFreeGate,1,1,0.00935784,9237,72,13.1535,1791,1791,0,0.00193074,0.00249477,0,0,0.0069621,0,198,64,0.363636,0,0,0,1,0,0
1,table_pick,2,qpEnvelope,1,1,0.000735928,338,10,7.72271,617,617,135,-0.00475402,0.00249477,0,0,0.0228482,0.139053,1,1,10,0,0,0,0.860947,0.121302,0.0177515
1,table_pick,2,VAMP,1,1,7.4764e-05,1277,21,10.469,12,525,15,-0.000963504,0.00117097,0,0,0,0,0,0,0,0,0,0,0,0,0
1,table_pick,3,isSafe,1,1,0.00839845,10098,52,14.4604,16,725,0,9.8073e-05,0.00249477,0,0,0,0,141,44,0.368794,0,0,0,0,0,0
1,table_pick,3,qpFixed,1,1,0.00151702,1264,10,7.82061,1265,1265,207,-0.00441909,0.00249477,0,0,0.00618719,0,1,1,10,0,0,0,1,0,0
1,table_pick,3,qpAdaptive,1,1,0.000936432,478,10,7.82062,720,720,207,-0.00441909,0.00249477,0,0,0.0163611,0.123431,1,1,10,0,0,0,0.876569,0.110879,0.0125523
1,table_pick,3,qpFreeGate,1,1,0.00958836,9448,73,20.5982,2710,2710,0,0.00287512,0.00249477,0,0,0.0071595,0,178,66,0.410112,0,0,0,1,0,0
1,table_pick,3,qpEnvelope,1,1,0.000950842,435,10,7.82029,695,695,209,-0.00427035,0.00249477,0,0,0.0179777,0.091954,1,1,10,0,0,0,0.908046,0.0781609,0.0137931
1,table_pick,3,VAMP,1,1,0.000216264,3527,60,14.4089,16,722,0,2.06971e-05,0.00249477,0,0,0,0,0,0,0,0,0,0,0,0,0
1,table_pick,4,isSafe,1,1,0.00230746,2794,16,6.55857,8,329,0,0.00566127,0.00249477,0,0,0,0,30,9,0.533333,0,0,0,0,0,0
1,table_pick,4,qpFixed,1,1,0.00117248,1073,9,6.03313,1074,1074,79,-0.00337771,0.00249477,0,0,0.00562268,0,1,1,9,0,0,0,1,0,0
1,table_pick,4,qpAdaptive,1,1,0.00047789,252,9,6.03313,493,493,79,-0.00337771,0.00249477,0,0,0.023941,0.214286,1,1,9,0,0,0,0.785714,0.190476,0.0238095
1,table_pick,4,qpFreeGate,1,1,0.0035242,3511,28,11.0819,1689,1689,0,0.001122,0.00249477,0,0,0.00665253,0,55,19,0.509091,0,0,0,1,0,0
1,table_pick,4,qpEnvelope,1,1,0.000482392,215,9,6.03386,473,473,81,-0.00340219,0.00249477,0,0,0.0280644,0.144186,1,1,9,0,0,0,0.855814,0.116279,0.027907
1,table_pick,4,VAMP,1,1,5.8857e-05,1313,16,6.55857,8,329,0,0.00566127,0.00249477,0,0,0,0,0,0,0,0,0,0,0,0,0
1,table_pick,5,isSafe,1,1,0.00301372,3641,20,12.9441,14,649,0,0.000463151,0.00249477,0,0,0,0,34,14,0.588235,0,0,0,0,0,0
1,table_pick,5,qpFixed,1,1,0.00161978,1442,11,8.53915,1443,1443,192,-0.00661761,0.00249477,0,0,0.00592174,0,1,1,11,0,0,0,1,0,0
1,table_pick,5,qpAdaptive,1,1,0.000785581,418,11,8.53917,715,715,193,-0.00661761,0.00249477,0,0,0.0204286,0.131579,1,1,11,0,0,0,0.868421,0.114833,0.0167464
1,table_pick,5,qpFreeGate,1,1,0.00254032,2554,21,13.3146,1792,1792,0,0.000273139,0.00249477,0,0,0.00728185,0,34,15,0.617647,0,0,0,1,0,0
1,table_pick,5,qpEnvelope,1,1,0.000835411,380,11,8.53936,691,691,194,-0.00663431,0.00249477,0,0,0.022472,0.107895,1,1,11,0,0,0,0.892105,0.0894737,0.0184211
1,table_pick,5,VAMP,1,1,7.2857e-05,1033,25,14.4535,16,724,0,0.000463151,0.00249477,0,0,0,0,0,0,0,0,0,0,0,0,0
1,table_pick,6,isSafe,1,1,0.00306984,3684,21,12.0391,14,603,0,0.00332243,0.00249477,0,0,0,0,36,15,0.583333,0,0,0,0,0,0
1,table_pick,6,qpFixed,1,1,0.000859408,753,8,5.32772,754,754,20,-0.00445529,0.00249477,0,0,0.00707532,0,1,1,8,0,0,0,1,0,0
1,table_pick,6,qpAdaptive,1,1,0.000415918,215,8,5.32772,409,409,20,-0.00445529,0.00249477,0,0,0.0247801,0.153488,1,1,8,0,0,0,0.846512,0.130233,0.0232558
1,table_pick,6,qpFreeGate,1,1,0.0025492,2579,21,7.30337,1092,1092,0,0.00288137,0.00249477,0,0,0.00696613,0,36,15,0.583333,0,0,0,1,0,0
1,table_pick,6,qpEnvelope,1,1,0.000449279,191,8,5.32825,394,394,19,-0.00445529,0.00249477,0,0,0.0278966,0.136126,1,1,8,0,0,0,0.863874,0.109948,0.026178
1,table_pick,6,VAMP,1,1,7.8399e-05,1416,26,14.7116,16,737,0,0.00332243,0.00249477,0,0,0,0,0,0,0,0,0,0,0,0,0
1,table_pick,7,isSafe,1,1,0.000863003,1025,8,4.05386,6,204,2,-0.00140277,0.00249477,0,0,0,0,4,3,2,0,0,0,0,0,0
1,table_pick,7,qpFixed,1,1,0.000522807,488,6,3.62153,489,489,1,-0.000122736,0.00249477,0,0,0.00742117,0,1,1,6,0,0,0,1,0,0
1,table_pick,7,qpAdaptive,1,1,0.0001836,94,6,3.62153,237,237,1,-0.000122736,0.00249477,0,0,0.0385269,0.244681,1,1,6,0,0,0,0.755319,0.202128,0.0425532
1,table_pick,7,qpFreeGate,1,1,0.00352424,3603,28,4.84363,686,686,0,0.00227298,0.00249477,0,0,0.00705344,0,48,23,0.583333,0,0,0,1,0,0
1,table_pick,7,qpEnvelope,1,1,0.000193325,82,6,3.62188,228,228,1,-0.000122736,0.00249477,0,0,0.0441693,0.219512,1,1,6,0,0,0,0.780488,0.170732,0.0487805
1,table_pick,7,VAMP,1,1,9.9221e-05,2246,29,11.7912,13,591,0,0.00231722,0.00249477,0,0,0,0,0,0,0,0,0,0,0,0,0
1,table_pick,8,isSafe,1,1,0.0016599,1992,12,3.10974,5,157,0,0.0012669,0.00249477,0,0,0,0,12,7,1,0,0,0,0,0,0
1,table_pick,8,qpFixed,1,1,0.000496223,480,6,3.74984,481,481,3,-0.00274516,0.00249477,0,0,0.00781217,0,1,1,6,0,0,0,1,0,0
1,table_pick,8,qpAdaptive,1,1,9.9942e-05,60,6,3.74984,223,223,3,-0.00274516,0.00249477,0,0,0.0624974,0.766667,1,1,6,0,0,0,0.216667,0.716667,0.0666667
1,table_pick,8,qpFreeGate,1,1,0.00160583,1623,15,2.65392,352,352,0,0.00232081,0.00249477,0,0,0.00727517,0,22,11,0.681818,0,0,0,1,0,0
1,table_pick,8,qpEnvelope,1,1,0.000109918,35,6,3.74984,206,206,3,-0.00274516,0.00249477,0,0,0.107138,0.685714,1,1,6,0,0,0,0.314286,0.571429,0.114286
1,table_pick,8,VAMP,1,1,3.6288e-05,606,12,3.10974,5,157,0,0.0012669,0.00249477,0,0,0,0,0,0,0,0,0,0,0,0,0
1,table_pick,9,isSafe,1,1,0.0023745,2873,16,10.8751,12,545,0,0.00623284,0.00249477,0,0,0,0,31,10,0.516129,0,0,0,0,0,0
1,table_pick,9,qpFixed,1,1,0.00141399,1322,10,7.81634,1323,1323,56,-0.00364829,0.00249477,0,0,0.00591251,0,1,1,10,0,0,0,1,0,0
1,table_pick,9,qpAdaptive,1,1,0.00045439,281,10,7.81634,561,561,56,-0.00364829,0.00249477,0,0,0.0278161,0.501779,1,1,10,0,0,0,0.498221,0.47331,0.0284698
1,table_pick,9,qpFreeGate,1,1,0.00324731,3039,25,11.6142,1653,1653,0,0.0019095,0.00249477,0,0,0.00690282,0,35,13,0.714286,0,0,0,1,0,0
1,table_pick,9,qpEnvelope,1,1,0.000383886,154,10,7.81643,485,485,52,-0.00364033,0.00249477,0,0,0.050756,0.38961,1,1,10,0,0,0,0.603896,0.344156,0.0519481
1,table_pick,9,VAMP,1,1,6.0817e-05,1059,16,10.8751,12,545,0,0.00623284,0.00249477,0,0,0,0,0,0,0,0,0,0,0,0,0
1,table_pick,10,isSafe,1,1,0.00159817,1920,12,6.41705,8,322,7,-0.00404304,0.00249477,0,0,0,0,14,7,0.857143,0,0,0,0,0,0
1,table_pick,10,qpFixed,1,1,0.000842136,741,7,4.75161,742,742,76,-0.00386349,0.00249477,0,0,0.00641243,0,1,1,7,0,0,0,1,0,0
1,table_pick,10,qpAdaptive,1,1,0.000465217,244,7,4.75161,401,401,76,-0.00386349,0.00249477,0,0,0.0194738,0.163934,1,1,7,0,0,0,0.836066,0.147541,0.0163934
1,table_pick,10,qpFreeGate,1,1,0.00621855,6021,50,11.7772,1603,1603,0,0.00102263,0.00249477,0,0,0.00712541,0,170,44,0.294118,0,0,0,1,0,0
1,table_pick,10,qpEnvelope,1,1,0.000458571,211,7,4.75166,381,381,76,-0.00398556,0.00249477,0,0,0.0225197,0.146919,1,1,7,0,0,0,0.853081,0.127962,0.0189573
1,table_pick,10,VAMP,1,1,0.000360235,6787,81,11.5832,13,581,0,0.000256523,0.00249477,0,0,0,0,0,0,0,0,0,0,0,0,0
1,table_pick,11,isSafe,1,1,0.00360237,4310,23,5.66994,7,285,0,0.00104135,0.00249477,0,0,0,0,54,19,0.425926,0,0,0,0,0,0
1,table_pick,11,qpFixed,1,1,0.000751645,670,7,4.17863,671,671,65,-0.00375564,0.00249477,0,0,0.00623677,0,1,1,7,0,0,0,1,0,0
1,table_pick,11,qpAdaptive,1,1,0.000332265,167,7,4.17892,319,319,66,-0.00353456,0.00249477,0,0,0.0250235,0.299401,1,1,7,0,0,0,0.694611,0.275449,0.0299401
1,table_pick,11,qpFreeGate,1,1,0.00410559,4072,35,12.9381,1821,1821,0,0.00306715,0.00249477,0,0,0.00722159,0,78,30,0.448718,0,0,0,1,0,0
1,table_pick,11,qpEnvelope,1,1,0.000322536,134,7,4.17898,300,300,65,-0.00364901,0.00249477,0,0,0.0311864,0.231343,1,1,7,0,0,0,0.768657,0.19403,0.0373134
1,table_pick,11,VAMP,1,1,8.8381e-05,1500,28,5.66994,7,285,0,0.00104135,0.00249477,0,0,0,0,0,0,0,0,0,0,0,0,0
1,table_pick,12,isSafe,1,1,0.00142694,1712,11,8.32194,10,418,2,-0.00301585,0.00249477,0,0,0,0,4,3,2.75,0,0,0,0,0,0
1,table_pick,12,qpFixed,1,1,0.00131168,1300,10,7.33105,1301,1301,0,5.90258e-05,0.00249477,0,0,0.00563927,0,1,1,10,0,0,0,1,0,0
1,table_pick,12,qpAdaptive,1,1,0.000180532,109,10,7.33105,432,432,0,5.90258e-05,0.00249477,0,0,0.0672574,0.66055,1,1,10,0,0,0,0.33945,0.587156,0.0733945
1,table_pick,12,qpFreeGate,1,1,0.00253372,2602,20,8.96138,1405,1405,0,0.00257471,0.00249477,0,0,0.00647884,0,26,14,0.769231,0,0,0,1,0,0
1,table_pick,12,qpEnvelope,1,1,0.000181773,67,10,7.331,404,404,0,6.15981e-05,0.00249477,0,0,0.109418,0.58209,1,1,10,0,0,0,0.41791,0.462687,0.119403
1,table_pick,12,VAMP,1,1,6.7191e-05,1324,20,8.96138,10,450,0,0.00267884,0.00249477,0,0,0,0,0,0,0,0,0,0,0,0,0
1,table_pick,13,isSafe,1,1,0.00314501,3806,21,9.78641,11,491,5,-0.00223247,0.00249477,0,0,0,0,23,12,0.913043,0,0,0,0,0,0
1,table_pick,13,qpFixed,1,1,0.0013535,1261,10,7.9738,1262,1262,29,-0.00242075,0.00249477,0,0,0.0063234,0,1,1,10,0,0,0,1,0,0
1,table_pick,13,qpAdaptive,1,1,0.000527165,302,10,7.97382,591,591,28,-0.00242075,0.00249477,0,0,0.0264034,0.327815,1,1,10,0,0,0,0.672185,0.304636,0.0231788
1,table_pick,13,qpFreeGate,1,1,0.0046175,4491,39,17.286,2255,2255,0,0.00356414,0.00249477,0,0,0.00733515,0,77,32,0.506494,0,0,0,1,0,0
1,table_pick,13,qpEnvelope,1,1,0.000481977,216,10,7.97394,537,537,30,-0.00243199,0.00249477,0,0,0.0369164,0.273148,1,1,10,0,0,0,0.726852,0.240741,0.0324074
1,table_pick,13,VAMP,1,1,0.000108445,1727,31,10.4801,12,526,0,0.0039792,0.00249477,0,0,0,0,0,0,0,0,0,0,0,0,0
1,table_pick,14,isSafe,1,1,0.00195798,2319,14,8.35024,10,419,0,0.00212092,0.00249477,0,0,0,0,14,7,1,0,0,0,0,0,0
1,table_pick,14,qpFixed,1,1,0.0013673,1263,10,7.12444,1264,1264,22,-0.00124946,0.00249477,0,0,0.00564088,0,1,1,10,0,0,0,1,0,0
1,table_pick,14,qpAdaptive,1,1,0.000534863,286,10,7.12444,554,554,22,-0.00124946,0.00249477,0,0,0.0249106,0.230769,1,1,10,0,0,0,0.769231,0.206294,0.0244755
1,table_pick,14,qpFreeGate,1,1,0.00178342,1745,14,8.35024,1386,1386,0,0.00160934,0.00249477,0,0,0.00637812,0,14,7,1,0,0,0,1,0,0
1,table_pick,14,qpEnvelope,1,1,0.000563882,243,10,7.12452,524,524,23,-0.00127008,0.00249477,0,0,0.029319,0.160494,1,1,10,0,0,0,0.839506,0.131687,0.0288066
1,table_pick,14,VAMP,1,1,4.4431e-05,760,15,8.35024,10,419,0,0.00212092,0.00249477,0,0,0,0,0,0,0,0,0,0,0,0,0
1,table_pick,15,isSafe,1,1,0.000951188,1114,8,5.51939,7,277,1,-0.00112606,0.00249477,0,0,0,0,4,2,2,0,0,0,0,0,0
1,table_pick,15,qpFixed,1,1,0.000983874,923,8,5.27413,924,924,60,-0.00385892,0.00249477,0,0,0.00571412,0,1,1,8,0,0,0,1,0,0
1,table_pick,15,qpAdaptive,1,1,0.000312937,172,8,5.27436,384,384,59,-0.00385892,0.00249477,0,0,0.0306649,0.30814,1,1,8,0,0,0,0.686047,0.27907,0.0348837
1,table_pick,15,qpFreeGate,1,1,0.0012472,1208,11,6.06242,926,926,0,0.00392653,0.00249477,0,0,0.00667191,0,14,5,0.785714,0,0,0,1,0,0
1,table_pick,15,qpEnvelope,1,1,0.000316617,138,8,5.27472,365,365,59,-0.00385892,0.00249477,0,0,0.0382226,0.23913,1,1,8,0,0,0,0.76087,0.195652,0.0434783
1,table_pick,15,VAMP,1,1,2.0092e-05,253,8,5.51939,7,277,1,-0.00112606,0.00249477,0,0,0,0,0,0,0,0,0,0,0,0,0
1,table_pick,16,isSafe,1,1,0.00182989,2206,13,4.5696,6,230,2,-0.0018017,0.00249477,0,0,0,0,16,9,0.8125,0,0,0,0,0,0
1,table_pick,16,qpFixed,1,1,0.000452633,419,5,2.95214,420,420,13,-0.00344783,0.00249477,0,0,0.00704568,0,1,1,5,0,0,0,1,0,0
1,table_pick,16,qpAdaptive,1,1,0.000204429,120,5,2.95222,218,218,13,-0.00344783,0.00249477,0,0,0.0246018,0.45,1,1,5,0,0,0,0.55,0.425,0.025
1,table_pick,16,qpFreeGate,1,1,0.00200088,2021,16,5.95862,847,847,0,0.00393393,0.00249477,0,0,0.00705959,0,20,12,0.8,0,0,0,1,0,0
1,table_pick,16,qpEnvelope,1,1,0.000189797,84,5,2.95203,196,196,13,-0.00344783,0.00249477,0,0,0.0351432,0.440476,1,1,5,0,0,0,0.559524,0.404762,0.0357143
1,table_pick,16,VAMP,1,1,5.5785e-05,934,16,5.95862,7,299,0,0.00417576,0.00249477,0,0,0,0,0,0,0,0,0,0,0,0,0
1,table_pick,17,isSafe,1,1,0.00139454,1670,11,8.28501,10,416,1,-0.00107811,0.00249477,0,0,0,0,2,2,5.5,0,0,0,0,0,0
1,table_pick,17,qpFixed,1,1,0.00141878,1338,10,7.72713,1339,1339,16,-0.00198577,0.00249477,0,0,0.00577513,0,1,1,10,0,0,0,1,0,0
1,table_pick,17,qpAdaptive,1,1,0.000270607,167,10,7.72713,489,489,16,-0.00198577,0.00249477,0,0,0.0462702,0.550898,1,1,10,0,0,0,0.449102,0.502994,0.0479042
1,table_pick,17,qpFreeGate,1,1,0.00605422,5880,45,12.29,1747,1747,0,0.00442497,0.00249477,0,0,0.00720503,0,101,39,0.445545,0,0,0,1,0,0
1,table_pick,17,qpEnvelope,1,1,0.000268124,112,10,7.72713,452,452,16,-0.00212956,0.00249477,0,0,0.0689922,0.598214,1,1,10,0,0,0,0.401786,0.526786,0.0714286
1,table_pick,17,VAMP,1,1,2.783e-05,324,11,8.28501,10,416,1,-0.00107811,0.00249477,0,0,0,0,0,0,0,0,0,0,0,0,0
1,table_pick,18,isSafe,1,1,0.00314761,3805,20,10.8984,12,546,0,0.000425921,0.00249477,0,0,0,0,47,14,0.425532,0,0,0,0,0,0
1,table_pick,18,qpFixed,1,1,0.00136064,1273,10,7.95915,1274,1274,46,-0.00297754,0.00249477,0,0,0.00625228,0,1,1,10,0,0,0,1,0,0
1,table_pick,18,qpAdaptive,1,1,0.000431637,247,10,7.95913,552,552,46,-0.00297754,0.00249477,0,0,0.0322232,0.412955,1,1,10,0,0,0,0.587045,0.384615,0.0283401
1,table_pick,18,qpFreeGate,1,1,0.00405828,3917,36,13.0759,1596,1596,0,0.00312294,0.00249477,0,0,0.00734102,0,92,29,0.391304,0,0,0,1,0,0
1,table_pick,18,qpEnvelope,1,1,0.000426847,174,10,7.95916,511,511,45,-0.00298498,0.00249477,0,0,0.0457423,0.350575,1,1,10,0,0,0,0.649425,0.310345,0.0402299
1,table_pick,18,VAMP,1,1,8.8151e-05,1846,24,10.8984,12,546,0,0.000425921,0.00249477,0,0,0,0,0,0,0,0,0,0,0,0,0
1,table_pick,19,isSafe,1,1,0.00146835,1787,11,7.84052,9,394,0,0.00181431,0.00249477,0,0,0,0,6,3,1.83333,0,0,0,0,0,0
1,table_pick,19,qpFixed,1,1,0.00184575,1411,10,7.96038,1412,1412,261,-0.0017331,0.00249477,0,0,0.00564166,0,1,1,10,0,0,0,1,0,0
1,table_pick,19,qpAdaptive,1,1,0.00154307,845,10,7.96038,968,968,261,-0.00173304,0.00249477,0,0,0.00942057,0.236686,1,1,10,0,0,0,0.760947,0.231953,0.00710059
1,table_pick,19,qpFreeGate,1,1,0.00153655,1487,12,7.84052,1260,1260,0,0.00180578,0.00249477,0,0,0.00623049,0,6,4,2,0,0,0,1,0,0
1,table_pick,19,qpEnvelope,1,1,0.00141568,670,10,7.9604,860,860,261,-0.0017332,0.00249477,0,0,0.0118812,0.149254,1,1,10,0,0,0,0.850746,0.140299,0.00895522
1,table_pick,19,VAMP,1,1,2.8658e-05,391,11,7.84052,9,394,0,0.00181431,0.00249477,0,0,0,0,0,0,0,0,0,0,0,0,0
1,table_pick,20,isSafe,1,1,0.000604383,714,6,3.54495,5,179,1,-0.00282323,0.00249477,0,0,0,0,1,1,6,0,0,0,0,0,0
1,table_pick,20,qpFixed,1,1,0.000493671,485,6,3.54615,486,486,0,0.00100577,0.00249477,0,0,0.00731165,0,1,1,6,0,0,0,1,0,0
1,table_pick,20,qpAdaptive,1,1,7.8472e-05,47,6,3.54615,206,206,0,0.00100577,0.00249477,0,0,0.07545,0.744681,1,1,6,0,0,0,0.255319,0.659574,0.0851064
1,table_pick,20,qpFreeGate,1,1,0.00881487,8832,70,2.85334,401,401,0,0.00354139,0.00249477,0,0,0.0070074,0,202,66,0.346535,0,0,0,1,0,0
1,table_pick,20,qpEnvelope,1,1,9.7065e-05,34,6,3.54615,196,196,0,0.00100577,0.00249477,0,0,0.104298,0.705882,1,1,6,0,0,0,0.294118,0.588235,0.117647
1,table_pick,20,VAMP,1,1,1.6543e-05,133,6,3.54495,5,179,1,-0.00282323,0.00249477,0,0,0,0,0,0,0,0,0,0,0,0,0
1,cage,1,isSafe,1,1,0.1472,170639,827,17.4661,19,875,3,-0.00142549,0.00249477,0,0,0,0,5120,820,0.161523,0,0,0,0,0,0
1,cage,1,qpFixed,1,1,0.0609585,35299,163,13.2346,2153,2153,196,-0.00100765,0.00249477,0,0,0.00447408,0,127,96,1.28346,0,0,0,1,0,0
1,cage,1,qpAdaptive,1,1,0.0696385,31860,163,13.2353,1535,1535,196,-0.00100809,0.00249477,0,0,0.00495707,0.0282486,127,96,1.28346,0,0,0,0.971689,0.0273697,0.00094162
1,cage,1,qpFreeGate,1,1,0.129202,121238,910,25.4789,3496,3496,0,0.00318332,0.00249477,0,0,0.00681168,0,3887,867,0.234114,0,0,0,1,0,0
1,cage,1,qpEnvelope,1,1,0.0707892,31206,163,13.2378,1494,1494,197,-0.00100823,0.00249477,0,0,0.00506153,0.0166635,127,96,1.28346,0,0,0,0.983337,0.0157021,0.000961354
1,cage,1,VAMP,1,1,0.0508554,468923,4013,23.6184,25,1182,2,-0.00142549,0.00249477,0,0,0,0,0,0,0,0,0,0,0,0,0
1,cage,2,isSafe,1,1,0.306829,348617,1702,33.0709,35,1655,0,0.000635072,0.00249477,0,0,0,0,12232,1695,0.139143,0,0,0,0,0,0
1,cage,2,qpFixed,1,1,0.0930097,51856,224,11.8212,2058,2058,266,-0.00302355,0.00249477,0,0,0.00423115,0,201,137,1.11443,0,0,0,1,0,0
1,cage,2,qpAdaptive,1,1,0.10799,48248,224,11.8212,1165,1165,266,-0.00302352,0.00249477,0,0,0.00454749,0.0175966,201,137,1.11443,0,0,0,0.9823,0.0171613,0.000538882
1,cage,2,qpFreeGate,1,1,0.0479449,45194,356,16.5342,2431,2431,0,0.00178323,0.00249477,0,0,0.00679718,0,1262,326,0.282092,0,0,0,1,0,0
1,cage,2,qpEnvelope,1,1,0.1102,47562,224,11.8213,1106,1106,266,-0.00302335,0.00249477,0,0,0.00461344,0.00975569,201,137,1.11443,0,0,0,0.990223,0.00920903,0.00056768
1,cage,2,VAMP,1,1,0.00760505,105403,1101,26.0795,28,1305,0,0.000392256,0.00136118,0,0,0,0,0,0,0,0,0,0,0,0,0
1,cage,3,isSafe,1,1,0.0412401,48928,240,18.1383,20,908,2,-9.87101e-05,0.00249477,0,0,0,0,1290,234,0.186047,0,0,0,0,0,0
1,cage,3,qpFixed,1,1,0.065392,36492,179,25.5784,4221,4221,425,-0.00497325,0.00249477,0,0,0.00448157,0,135,103,1.32593,0,0,0,1,0,0
1,cage,3,qpAdaptive,1,1,0.0750272,33693,179,25.5788,3827,3827,426,-0.00497318,0.00249477,0,0,0.00486164,0.024189,135,103,1.32593,0,0,0,0.975633,0.0237141,0.000652955
1,cage,3,qpFreeGate,1,1,0.0864846,80585,596,33.7911,4869,4869,0,0.00292269,0.00249477,0,0,0.00681071,0,2591,563,0.230027,0,0,0,1,0,0
1,cage,3,qpEnvelope,1,1,0.0767074,33066,179,25.5799,3710,3710,425,-0.00497334,0.00249477,0,0,0.00494638,0.0108268,135,103,1.32593,0,0,0,0.989113,0.0101615,0.000725821
1,cage,3,VAMP,1,1,0.00711581,99611,997,22.304,24,1117,0,0.00265957,0.00249477,0,0,0,0,0,0,0,0,0,0,0,0,0
1,cage,4,isSafe,1,1,0.145478,167962,815,21.1744,23,1060,0,3.48252e-05,0.00249477,0,0,0,0,4671,807,0.174481,0,0,0,0,0,0
1,cage,4,qpFixed,1,1,0.0638849,33552,178,15.7197,2472,2472,638,-0.00765122,0.00249477,0,0,0.00462721,0,111,101,1.6036,0,0,0,1,0,0
1,cage,4,qpAdaptive,1,1,0.0666485,30072,178,15.7201,2023,2023,638,-0.00765035,0.00249477,0,0,0.00516226,0.0200186,111,101,1.6036,0,0,0,0.979882,0.019287,0.000831338
1,cage,4,qpFreeGate,1,1,0.0598983,56501,431,23.9546,3349,3349,0,0.000208318,0.00249477,0,0,0.00686687,0,1493,391,0.288681,0,0,0,1,0,0
1,cage,4,qpEnvelope,1,1,0.089125,39105,217,17.7198,2238,2238,638,-0.00764665,0.00249477,0,0,0.00502379,0.0117121,147,125,1.47619,0,0,0,0.988211,0.0110216,0.000767165
1,cage,4,VAMP,1,1,0.00832696,119015,1194,21.0236,23,1053,1,-0.000272102,0.00249477,0,0,0,0,0,0,0,0,0,0,0,0,0
1,cage,5,isSafe,1,1,0.191329,219583,1063,22.9839,24,1151,15,-0.0033552,0.00249477,0,0,0,0,6624,1055,0.160477,0,0,0,0,0,0
1,cage,5,qpFixed,1,1,0.0604417,34561,177,22.763,3483,3483,522,-0.00392048,0.00249477,0,0,0.00471154,0,119,100,1.48739,0,0,0,1,0,0
1,cage,5,qpAdaptive,1,1,0.133233,31596,177,22.7631,3009,3009,522,-0.0039519,0.00249477,0,0,0.0051536,0.0242436,119,100,1.48739,0,0,0,0.975598,0.0235789,0.000822889
1,cage,5,qpFreeGate,1,1,0.1296,121096,887,28.5982,3877,3877,0,0.00252746,0.00249477,0,0,0.00680589,0,3894,834,0.227786,0,0,0,1,0,0
1,cage,5,qpEnvelope,1,1,0.0708212,30897,175,22.7678,2930,2930,521,-0.00399263,0.00249477,0,0,0.00527099,0.0136583,119,100,1.47059,0,0,0,0.986277,0.0129139,0.00080914
1,cage,5,VAMP,1,1,0.00779596,116479,1142,23.9568,26,1199,0,0.000621231,0.0019108,0,0,0,0,0,0,0,0,0,0,0,0,0
1,cage,6,isSafe,1,1,0.110739,129435,630,16.2785,18,815,0,0.00680927,0.00249477,0,0,0,0,3704,622,0.170086,0,0,0,0,0,0
1,cage,6,qpFixed,1,1,0.0977181,54350,246,21.5769,3461,3461,294,-0.00218522,0.00249477,0,0,0.00440893,0,198,145,1.24242,0,0,0,1,0,0
1,cage,6,qpAdaptive,1,1,0.108605,48544,246,21.5764,2841,2841,293,-0.00202335,0.00249477,0,0,0.00493638,0.0261824,198,145,1.24242,0,0,0,0.973612,0.0254202,0.000968194
1,cage,6,qpFreeGate,1,1,0.0980946,92151,687,21.8087,3027,3027,0,0.00268086,0.00249477,0,0,0.00687904,0,2899,658,0.236978,0,0,0,1,0,0
1,cage,6,qpEnvelope,1,1,0.111198,47474,246,21.5775,2741,2741,293,-0.00202951,0.00249477,0,0,0.00504821,0.013123,198,145,1.24242,0,0,0,0.986751,0.0122172,0.00103214
1,cage,6,VAMP,1,1,0.000427027,8242,120,16.1586,18,809,0,0.00334824,0.000862818,0,0,0,0,0,0,0,0,0,0,0,0,0
1,cage,7,isSafe,1,1,0.0509358,60402,296,24.8383,27,1243,0,0.00256646,0.00249477,0,0,0,0,1464,287,0.202186,0,0,0,0,0,0
1,cage,7,qpFixed,1,1,0.156252,88889,372,24.4535,4060,4060,183,-0.000592116,0.00249477,0,0,0.00426903,0,349,239,1.0659,0,0,0,1,0,0
1,cage,7,qpAdaptive,1,1,0.179397,79781,372,24.454,3480,3480,183,-0.000592087,0.00249477,0,0,0.00475637,0.0199421,349,239,1.0659,0,0,0,0.98002,0.0191524,0.000827265
1,cage,7,qpFreeGate,1,1,0.127661,119610,866,25.9062,3490,3490,0,0.0037316,0.00249477,0,0,0.00681307,0,3804,826,0.227655,0,0,0,1,0,0
1,cage,7,qpEnvelope,1,1,0.181879,78414,372,24.4544,3391,3391,183,-0.000592115,0.00249477,0,0,0.00483989,0.00919479,349,239,1.0659,0,0,0,0.990754,0.00832759,0.000918203
1,cage,7,VAMP,1,1,0.0097238,129540,1277,23.7802,25,1191,2,-0.00160344,0.00249477,0,0,0,0,0,0,0,0,0,0,0,0,0
1,cage,8,isSafe,1,1,0.205801,237177,1147,21.0965,23,1056,10,-0.00414044,0.00249477,0,0,0,0,7708,1140,0.148806,0,0,0,0,0,0
1,cage,8,qpFixed,1,1,0.0820017,44807,209,21.6583,3799,3799,610,-0.00438783,0.00249477,0,0,0.00452091,0,167,125,1.2515,0,0,0,1,0,0
1,cage,8,qpAdaptive,1,1,0.0927812,40921,209,21.6584,3285,3285,610,-0.00438784,0.00249477,0,0,0.00495025,0.0206007,167,125,1.2515,0,0,0,0.979253,0.0199897,0.000757557
1,cage,8,qpFreeGate,1,1,0.137817,128810,950,16.6746,2257,2257,0,0.00275456,0.00249477,0,0,0.00678368,0,4298,912,0.221033,0,0,0,1,0,0
1,cage,8,qpEnvelope,1,1,0.0944348,40271,209,21.6621,3220,3220,610,-0.00438783,0.00249477,0,0,0.00503076,0.0107273,167,125,1.2515,0,0,0,0.989248,0.00998237,0.000769785
1,cage,8,VAMP,1,1,0.00652605,100779,1014,13.3902,15,671,8,-0.00195406,0.00249477,0,0,0,0,0,0,0,0,0,0,0,0,0
1,cage,9,isSafe,1,1,0.113302,132197,642,23.3501,25,1169,0,0.00173331,0.00249477,0,0,0,0,3721,635,0.172534,0,0,0,0,0,0
1,cage,9,qpFixed,1,1,0.102429,50755,230,25.2246,4350,4350,1018,-0.00433448,0.00100078,0,0,0.00439964,0,183,141,1.25683,0,0,0,1,0,0
1,cage,9,qpAdaptive,1,1,0.106144,48593,230,25.2247,4044,4044,1018,-0.00433439,0.00100078,0,0,0.00459538,0.0124709,183,141,1.25683,0,0,0,0.987508,0.0121417,0.000349845
1,cage,9,qpFreeGate,1,1,0.0553835,52214,396,18.7882,2557,2557,0,0.00293481,0.00249477,0,0,0.00688112,0,1488,368,0.266129,0,0,0,1,0,0
1,cage,9,qpEnvelope,1,1,0.107551,48053,230,25.2275,3966,3966,1015,-0.00433448,0.00100078,0,0,0.00464764,0.00813685,183,141,1.25683,0,0,0,0.991822,0.00780388,0.000374586
1,cage,9,VAMP,1,1,0.00233868,42716,457,15.9526,17,799,0,0.000850863,0.00249477,0,0,0,0,0,0,0,0,0,0,0,0,0
1,cage,10,isSafe,1,1,0.0752606,88538,428,25.7276,27,1288,7,-0.0043052,0.00249477,0,0,0,0,2573,420,0.166343,0,0,0,0,0,0
1,cage,10,qpFixed,1,1,0.198666,111605,433,25.7399,4240,4240,745,-0.00172844,0.00249477,0,0,0.00414032,0,453,295,0.95585,0,0,0,1,0,0
1,cage,10,qpAdaptive,1,1,0.228911,102789,433,25.7399,3822,3822,745,-0.00172803,0.00249477,0,0,0.00449546,0.0187763,453,295,0.95585,0,0,0,0.981126,0.0181829,0.000690735
1,cage,10,qpFreeGate,1,1,0.0295405,28294,220,13.7576,2106,2106,15,-0.000440797,0.00249477,0,0,0.00689,0,703,200,0.312945,0,0,0,1,0,0
1,cage,10,qpEnvelope,1,1,0.234134,101226,433,25.7409,3757,3757,745,-0.00172822,0.00249477,0,0,0.00456547,0.00990852,453,295,0.95585,0,0,0,0.990042,0.00919724,0.000760674
1,cage,10,VAMP,1,1,0.0253847,258077,2287,17.5927,19,881,3,-0.00177573,0.00160222,0,0,0,0,0,0,0,0,0,0,0,0,0
1,cage,11,isSafe,1,1,0.0417998,49402,240,15.975,17,800,0,0.00805788,0.00249477,0,0,0,0,1343,232,0.178704,0,0,0,0,0,0
1,cage,11,qpFixed,1,1,0.207818,115620,453,28.416,4925,4925,233,-0.00424992,0.00249477,0,0,0.00405398,0,479,300,0.94572,0,0,0,1,0,0
1,cage,11,qpAdaptive,1,1,0.238006,106552,453,28.4163,4519,4519,232,-0.00424992,0.00249477,0,0,0.00439891,0.0201592,479,300,0.94572,0,0,0,0.979756,0.019643,0.000600646
1,cage,11,qpFreeGate,1,1,0.0626138,58619,453,24.1562,3284,3284,0,0.00202888,0.00249477,0,0,0.00681916,0,1829,424,0.247676,0,0,0,1,0,0
1,cage,11,qpEnvelope,1,1,0.242961,104694,453,28.4178,4447,4447,234,-0.00424993,0.00249477,0,0,0.00448125,0.0100292,479,301,0.94572,0,0,0,0.989923,0.00940837,0.000668615
1,cage,11,VAMP,1,1,0.00123197,22244,276,13.8894,15,696,21,-0.00203594,0.00249477,0,0,0,0,0,0,0,0,0,0,0,0,0
1,cage,12,isSafe,1,1,0.0549377,64832,315,15.4096,17,772,1,-0.00111328,0.00249477,0,0,0,0,1776,310,0.177365,0,0,0,0,0,0
1,cage,12,qpFixed,1,1,0.139283,79524,341,22.1735,3693,3693,390,-0.00342181,0.00249477,0,0,0.00431028,0,312,219,1.09295,0,0,0,1,0,0
1,cage,12,qpAdaptive,1,1,0.159361,72003,341,22.1734,3349,3349,390,-0.00342128,0.00249477,0,0,0.00476304,0.0201242,312,219,1.09295,0,0,0,0.979751,0.0194575,0.000791634
1,cage,12,qpFreeGate,1,1,0.103723,97361,712,25.7784,3505,3505,0,0.00338516,0.00249477,0,0,0.00680956,0,3017,670,0.235996,0,0,0,1,0,0
1,cage,12,qpEnvelope,1,1,0.162785,70625,341,22.174,3243,3243,390,-0.00342151,0.00249477,0,0,0.00485415,0.010931,312,219,1.09295,0,0,0,0.988956,0.0101805,0.000863717
1,cage,12,VAMP,1,1,0.0160219,197870,1819,20.2894,22,1016,0,0.000635355,0.00249477,0,0,0,0,0,0,0,0,0,0,0,0,0
1,cage,13,isSafe,1,1,0.135053,157448,765,19.1877,21,961,0,0.0067867,0.00249477,0,0,0,0,4562,756,0.16769,0,0,0,0,0,0
1,cage,13,qpFixed,1,1,0.0904721,51699,242,23.6899,3928,3928,148,-0.0032696,0.00249477,0,0,0.0045321,0,185,148,1.30811,0,0,0,1,0,0
1,cage,13,qpAdaptive,1,1,0.102198,46106,242,23.6902,3049,3049,148,-0.00327061,0.00249477,0,0,0.00508191,0.0206047,185,148,1.30811,0,0,0,0.979309,0.0197805,0.000910944
1,cage,13,qpFreeGate,1,1,0.0340605,32581,254,20.3393,2769,2769,0,0.00298158,0.00249477,0,0,0.00700617,0,752,231,0.337766,0,0,0,1,0,0
1,cage,13,qpEnvelope,1,1,0.104671,45403,243,23.694,2967,2967,148,-0.00327073,0.00249477,0,0,0.00516925,0.0108143,185,148,1.31351,0,0,0,0.989186,0.00986719,0.000947074
1,cage,13,VAMP,1,1,0.0027858,50514,557,19.821,21,993,10,-0.0018248,0.00249477,0,0,0,0,0,0,0,0,0,0,0,0,0
1,cage,14,isSafe,1,1,0.0354959,42174,207,19.4162,21,972,0,0.00435802,0.00249477,0,0,0,0,953,199,0.217209,0,0,0,0,0,0
1,cage,14,qpFixed,1,1,0.0396529,21862,123,21.4856,3311,3311,325,-0.00300365,0.00249477,0,0,0.00491637,0,76,65,1.61842,0,0,0,1,0,0
1,cage,14,qpAdaptive,1,1,0.0455221,20384,123,21.4861,3014,3014,330,-0.00300013,0.00249477,0,0,0.00527386,0.0154533,76,65,1.61842,0,0,0,0.984449,0.0148646,0.000686813
1,cage,14,qpFreeGate,1,1,0.170433,157351,1145,29.6978,4172,4172,0,0.00327347,0.00249477,0,0,0.00672752,0,5718,1102,0.200245,0,0,0,1,0,0
1,cage,14,qpEnvelope,1,1,0.0464862,20057,123,21.4871,2972,2972,331,-0.00300349,0.00249477,0,0,0.00536013,0.0120158,76,65,1.61842,0,0,0,0.987934,0.0113177,0.000747869
1,cage,14,VAMP,1,1,0.00143146,26379,314,19.5906,21,981,2,-0.000634178,0.00249477,0,0,0,0,0,0,0,0,0,0,0,0,0
1,cage,15,isSafe,1,1,0.016604,19731,98,16.8963,18,846,1,-0.000722117,0.00249477,0,0,0,0,373,92,0.262735,0,0,0,0,0,0
1,cage,15,qpFixed,1,1,0.0714953,40698,205,19.0074,3124,3124,246,-0.00601404,0.00249477,0,0,0.00462048,0,149,120,1.37584,0,0,0,1,0,0
1,cage,15,qpAdaptive,1,1,0.0811899,36309,205,19.0099,2389,2389,244,-0.00601404,0.00249477,0,0,0.00517896,0.0230521,149,120,1.37584,0,0,0,0.976838,0.0221984,0.000963948
1,cage,15,qpFreeGate,1,1,0.174895,162441,1184,23.1862,3163,3163,0,0.00284641,0.00249477,0,0,0.00681662,0,5329,1132,0.222181,0,0,0,1,0,0
1,cage,15,qpEnvelope,1,1,0.0825874,35618,205,19.011,2307,2307,245,-0.00599583,0.00249477,0,0,0.00527999,0.0121006,149,120,1.37584,0,0,0,0.987843,0.0111741,0.000982649
1,cage,15,VAMP,1,1,0.0111022,159544,1458,24.236,26,1213,0,0.0026536,0.000442324,0,0,0,0,0,0,0,0,0,0,0,0,0
1,cage,16,isSafe,1,1,0.13293,154419,750,23.0482,25,1154,4,-0.000455157,0.00249477,0,0,0,0,5067,743,0.148017,0,0,0,0,0,0
1,cage,16,qpFixed,1,1,0.0400587,22599,118,17.2604,2693,2693,348,-0.00262411,0.00249477,0,0,0.00484263,0,76,66,1.55263,0,0,0,1,0,0
1,cage,16,qpAdaptive,1,1,0.0448344,20393,118,17.2554,2406,2406,347,-0.0026288,0.00249477,0,0,0.00532107,0.0271662,76,67,1.55263,0,0,0,0.972785,0.0263326,0.000882656
1,cage,16,qpFreeGate,1,1,0.0822279,77457,593,24.8886,3508,3508,0,0.00143487,0.00249477,0,0,0.00686158,0,2472,555,0.239887,0,0,0,1,0,0
1,cage,16,qpEnvelope,1,1,0.0457173,19877,118,17.2596,2353,2353,347,-0.00262114,0.00249477,0,0,0.00545917,0.0127786,76,67,1.55263,0,0,0,0.987171,0.011873,0.000955879
1,cage,16,VAMP,1,1,0.000222378,3620,63,14.4714,16,725,6,-0.000455157,0.00188763,0,0,0,0,0,0,0,0,0,0,0,0,0
1,cage,17,isSafe,1,1,0.0333405,39692,195,19.6311,21,983,0,0.0006951,0.00249477,0,0,0,0,909,188,0.214521,0,0,0,0,0,0
1,cage,17,qpFixed,1,1,0.0593204,34226,170,21.3419,3755,3755,264,-0.00319134,0.00249477,0,0,0.00462382,0,120,99,1.41667,0,0,0,1,0,0
1,cage,17,qpAdaptive,1,1,0.0685077,31901,170,21.3423,3345,3345,263,-0.00319289,0.00249477,0,0,0.00496092,0.0248268,120,99,1.41667,0,0,0,0.97511,0.0243253,0.000564246
1,cage,17,qpFreeGate,1,1,0.053628,51660,402,15.5995,2021,2021,0,0.00108732,0.00249477,0,0,0.00686756,0,1543,377,0.260531,0,0,0,1,0,0
1,cage,17,qpEnvelope,1,1,0.0699613,31084,172,21.3447,3246,3246,264,-0.00319418,0.00249477,0,0,0.00509185,0.014863,120,99,1.43333,0,0,0,0.985041,0.0142839,0.000675589
1,cage,17,VAMP,1,1,0.000868316,17074,197,26.0591,28,1304,0,0.00172242,0.00109062,0,0,0,0,0,0,0,0,0,0,0,0,0
1,cage,18,isSafe,1,1,0.212139,243037,1174,21.8323,24,1093,1,-0.000181213,0.00249477,0,0,0,0,8426,1165,0.139331,0,0,0,0,0,0
1,cage,18,qpFixed,1,1,0.0992129,56381,261,17.7435,2902,2902,251,-0.00280128,0.00249477,0,0,0.00451545,0,209,155,1.2488,0,0,0,1,0,0
1,cage,18,qpAdaptive,1,1,0.112772,50308,261,17.7439,2348,2348,253,-0.00279915,0.00249477,0,0,0.0050606,0.0227399,209,155,1.2488,0,0,0,0.97724,0.0219051,0.000854735
1,cage,18,qpFreeGate,1,1,0.226003,207279,1490,23.491,3128,3128,0,0.00131981,0.00249477,0,0,0.00679212,0,7749,1440,0.192283,0,0,0,1,0,0
1,cage,18,qpEnvelope,1,1,0.114115,49258,261,17.7406,2273,2273,251,-0.00279851,0.00249477,0,0,0.00516929,0.0101709,209,155,1.2488,0,0,0,0.989809,0.00929798,0.000893256
1,cage,18,VAMP,1,1,0.0187377,235214,2021,17.2366,19,863,3,-0.00089495,0.00249477,0,0,0,0,0,0,0,0,0,0,0,0,0
1,cage,19,isSafe,1,1,0.0632674,74662,363,17.3604,19,870,2,-0.00156245,0.00249477,0,0,0,0,2120,354,0.171226,0,0,0,0,0,0
1,cage,19,qpFixed,1,1,0.0627965,35091,163,24.3923,4143,4143,623,-0.00441464,0.00249477,0,0,0.00442101,0,129,97,1.26357,0,0,0,1,0,0
1,cage,19,qpAdaptive,1,1,0.0712639,31587,163,24.3929,3616,3616,625,-0.00441498,0.00249477,0,0,0.00491153,0.0220977,129,97,1.26357,0,0,0,0.977744,0.0213696,0.000886441
1,cage,19,qpFreeGate,1,1,0.105591,98472,740,22.711,3213,3213,0,0.0010587,0.00249477,0,0,0.00682617,0,3305,701,0.223903,0,0,0,1,0,0
1,cage,19,qpEnvelope,1,1,0.071933,30995,163,24.3935,3517,3517,626,-0.00441591,0.00249477,0,0,0.0050062,0.0120342,129,97,1.26357,0,0,0,0.987934,0.0111308,0.000935635
1,cage,19,VAMP,1,1,0.00223795,36442,434,15.6458,17,784,0,0.00828343,0.00249477,0,0,0,0,0,0,0,0,0,0,0,0,0
1,cage,20,isSafe,1,1,0.150011,173899,842,36.5051,38,1827,0,0.00500521,0.00249477,0,0,0,0,5376,834,0.156622,0,0,0,0,0,0
1,cage,20,qpFixed,1,1,0.123378,69019,300,18.9994,3059,3059,435,-0.00509516,0.00249477,0,0,0.00442041,0,266,190,1.12782,0,0,0,1,0,0
1,cage,20,qpAdaptive,1,1,0.141079,62426,300,18.9994,2799,2799,435,-0.00509325,0.00249477,0,0,0.00488728,0.0200077,266,190,1.12782,0,0,0,0.979928,0.0192388,0.000832986
1,cage,20,qpFreeGate,1,1,0.0922922,86463,666,22.2591,3105,3105,0,0.000852389,0.00249477,0,0,0.00686811,0,2666,623,0.249812,0,0,0,1,0,0
1,cage,20,qpEnvelope,1,1,0.143108,61286,300,19.0017,2768,2768,436,-0.00509795,0.00249477,0,0,0.00497912,0.0105571,266,190,1.12782,0,0,0,0.989361,0.00974121,0.000897432
1,cage,20,VAMP,1,1,0.00976953,137626,1279,21.0213,23,1053,0,0.00422037,0.00249477,0,0,0,0,0,0,0,0,0,0,0,0,0
