seed,scene,problem,method,eligible,solved,seconds,samples,vertices,path_length,waypoints,audited_states,unsafe_states,min_clearance,min_self_overlap,self_colliding,misses,rad_per_call,coarse_fraction,primary_samples,productive_samples,vertices_per_sample,picard_attempts,picard_accepted,picard_fallbacks,hop_floored,hop_at_region,hop_edge_limited
1,bookshelf_tall,1,isSafe,0,0,0,0,0,0,0,0,0,inf,inf,0,0,0,0,0,0,0,0,0,0,0,0,0
1,bookshelf_tall,1,qpFixed,0,0,0,0,0,0,0,0,0,inf,inf,0,0,0,0,0,0,0,0,0,0,0,0,0
1,bookshelf_tall,1,qpAdaptive,0,0,0,0,0,0,0,0,0,inf,inf,0,0,0,0,0,0,0,0,0,0,0,0,0
1,bookshelf_tall,1,l1Old,0,0,0,0,0,0,0,0,0,inf,inf,0,0,0,0,0,0,0,0,0,0,0,0,0
1,bookshelf_tall,1,qpFreeGate,0,0,0,0,0,0,0,0,0,inf,inf,0,0,0,0,0,0,0,0,0,0,0,0,0
1,bookshelf_tall,1,qpEnvelope,0,0,0,0,0,0,0,0,0,inf,inf,0,0,0,0,0,0,0,0,0,0,0,0,0
1,bookshelf_tall,1,VAMP,0,0,0,0,0,0,0,0,0,inf,inf,0,0,0,0,0,0,0,0,0,0,0,0,0
1,bookshelf_tall,2,isSafe,1,1,0.00579847,6528,34,12.867,14,645,0,0.000715542,0.00249477,0,0,0,0,109,26,0.311927,0,0,0,0,0,0
1,bookshelf_tall,2,qpFixed,1,1,0.00690634,4133,35,14.6877,2284,2284,5,-0.000450124,0.00249477,0,0,0.00587705,0,9,9,3.88889,0,0,0,1,0,0
1,bookshelf_tall,2,qpAdaptive,1,1,0.00691834,3072,35,14.6876,1643,1643,5,-0.000450124,0.00249477,0,0,0.00790743,0.0722656,9,9,3.88889,0,0,0,0.925456,0.069987,0.00455729
1,bookshelf_tall,2,l1Old,1,0,10,1416010,76661,0,0,0,0,inf,inf,0,0,0.0357796,0.512358,672907,76659,0.113925,0,0,0,0,0,0
1,bookshelf_tall,2,qpFreeGate,1,1,0.00640859,5936,45,14.4015,2256,2256,0,0.00408761,0.00249477,0,0,0.00651535,0,129,31,0.348837,0,0,0,1,0,0
1,bookshelf_tall,2,qpEnvelope,1,1,0.00570143,2461,34,11.1312,1312,1312,4,-0.000264239,0.00249477,0,0,0.00744188,0.0272247,6,6,5.66667,0,0,0,0.968712,0.0255993,0.00568874
1,bookshelf_tall,2,VAMP,1,1,0.000197116,3528,47,13.8233,15,693,6,-0.000746095,0.00249477,0,0,0,0,0,0,0,0,0,0,0,0,0
1,bookshelf_tall,8,isSafe,0,0,0,0,0,0,0,0,0,inf,inf,0,0,0,0,0,0,0,0,0,0,0,0,0
1,bookshelf_tall,8,qpFixed,0,0,0,0,0,0,0,0,0,inf,inf,0,0,0,0,0,0,0,0,0,0,0,0,0
1,bookshelf_tall,8,qpAdaptive,0,0,0,0,0,0,0,0,0,inf,inf,0,0,0,0,0,0,0,0,0,0,0,0,0
1,bookshelf_tall,8,l1Old,0,0,0,0,0,0,0,0,0,inf,inf,0,0,0,0,0,0,0,0,0,0,0,0,0
1,bookshelf_tall,8,qpFreeGate,0,0,0,0,0,0,0,0,0,inf,inf,0,0,0,0,0,0,0,0,0,0,0,0,0
1,bookshelf_tall,8,qpEnvelope,0,0,0,0,0,0,0,0,0,inf,inf,0,0,0,0,0,0,0,0,0,0,0,0,0
1,bookshelf_tall,8,VAMP,0,0,0,0,0,0,0,0,0,inf,inf,0,0,0,0,0,0,0,0,0,0,0,0,0
1,bookshelf_tall,9,isSafe,0,0,0,0,0,0,0,0,0,inf,inf,0,0,0,0,0,0,0,0,0,0,0,0,0
1,bookshelf_tall,9,qpFixed,0,0,0,0,0,0,0,0,0,inf,inf,0,0,0,0,0,0,0,0,0,0,0,0,0
1,bookshelf_tall,9,qpAdaptive,0,0,0,0,0,0,0,0,0,inf,inf,0,0,0,0,0,0,0,0,0,0,0,0,0
1,bookshelf_tall,9,l1Old,0,0,0,0,0,0,0,0,0,inf,inf,0,0,0,0,0,0,0,0,0,0,0,0,0
1,bookshelf_tall,9,qpFreeGate,0,0,0,0,0,0,0,0,0,inf,inf,0,0,0,0,0,0,0,0,0,0,0,0,0
1,bookshelf_tall,9,qpEnvelope,0,0,0,0,0,0,0,0,0,inf,inf,0,0,0,0,0,0,0,0,0,0,0,0,0
1,bookshelf_tall,9,VAMP,0,0,0,0,0,0,0,0,0,inf,inf,0,0,0,0,0,0,0,0,0,0,0,0,0
1,bookshelf_tall,10,isSafe,0,0,0,0,0,0,0,0,0,inf,inf,0,0,0,0,0,0,0,0,0,0,0,0,0
1,bookshelf_tall,10,qpFixed,0,0,0,0,0,0,0,0,0,inf,inf,0,0,0,0,0,0,0,0,0,0,0,0,0
1,bookshelf_tall,10,qpAdaptive,0,0,0,0,0,0,0,0,0,inf,inf,0,0,0,0,0,0,0,0,0,0,0,0,0
1,bookshelf_tall,10,l1Old,0,0,0,0,0,0,0,0,0,inf,inf,0,0,0,0,0,0,0,0,0,0,0,0,0
1,bookshelf_tall,10,qpFreeGate,0,0,0,0,0,0,0,0,0,inf,inf,0,0,0,0,0,0,0,0,0,0,0,0,0
1,bookshelf_tall,10,qpEnvelope,0,0,0,0,0,0,0,0,0,inf,inf,0,0,0,0,0,0,0,0,0,0,0,0,0
1,bookshelf_tall,10,VAMP,0,0,0,0,0,0,0,0,0,inf,inf,0,0,0,0,0,0,0,0,0,0,0,0,0
1,bookshelf_tall,11,isSafe,0,0,0,0,0,0,0,0,0,inf,inf,0,0,0,0,0,0,0,0,0,0,0,0,0
1,bookshelf_tall,11,qpFixed,0,0,0,0,0,0,0,0,0,inf,inf,0,0,0,0,0,0,0,0,0,0,0,0,0
1,bookshelf_tall,11,qpAdaptive,0,0,0,0,0,0,0,0,0,inf,inf,0,0,0,0,0,0,0,0,0,0,0,0,0
1,bookshelf_tall,11,l1Old,0,0,0,0,0,0,0,0,0,inf,inf,0,0,0,0,0,0,0,0,0,0,0,0,0
1,bookshelf_tall,11,qpFreeGate,0,0,0,0,0,0,0,0,0,inf,inf,0,0,0,0,0,0,0,0,0,0,0,0,0
1,bookshelf_tall,11,qpEnvelope,0,0,0,0,0,0,0,0,0,inf,inf,0,0,0,0,0,0,0,0,0,0,0,0,0
1,bookshelf_tall,11,VAMP,0,0,0,0,0,0,0,0,0,inf,inf,0,0,0,0,0,0,0,0,0,0,0,0,0
1,bookshelf_tall,15,isSafe,0,0,0,0,0,0,0,0,0,inf,inf,0,0,0,0,0,0,0,0,0,0,0,0,0
1,bookshelf_tall,15,qpFixed,0,0,0,0,0,0,0,0,0,inf,inf,0,0,0,0,0,0,0,0,0,0,0,0,0
1,bookshelf_tall,15,qpAdaptive,0,0,0,0,0,0,0,0,0,inf,inf,0,0,0,0,0,0,0,0,0,0,0,0,0
1,bookshelf_tall,15,l1Old,0,0,0,0,0,0,0,0,0,inf,inf,0,0,0,0,0,0,0,0,0,0,0,0,0
1,bookshelf_tall,15,qpFreeGate,0,0,0,0,0,0,0,0,0,inf,inf,0,0,0,0,0,0,0,0,0,0,0,0,0
1,bookshelf_tall,15,qpEnvelope,0,0,0,0,0,0,0,0,0,inf,inf,0,0,0,0,0,0,0,0,0,0,0,0,0
1,bookshelf_tall,15,VAMP,0,0,0,0,0,0,0,0,0,inf,inf,0,0,0,0,0,0,0,0,0,0,0,0,0
1,bookshelf_tall,17,isSafe,0,0,0,0,0,0,0,0,0,inf,inf,0,0,0,0,0,0,0,0,0,0,0,0,0
1,bookshelf_tall,17,qpFixed,0,0,0,0,0,0,0,0,0,inf,inf,0,0,0,0,0,0,0,0,0,0,0,0,0
1,bookshelf_tall,17,qpAdaptive,0,0,0,0,0,0,0,0,0,inf,inf,0,0,0,0,0,0,0,0,0,0,0,0,0
1,bookshelf_tall,17,l1Old,0,0,0,0,0,0,0,0,0,inf,inf,0,0,0,0,0,0,0,0,0,0,0,0,0
1,bookshelf_tall,17,qpFreeGate,0,0,0,0,0,0,0,0,0,inf,inf,0,0,0,0,0,0,0,0,0,0,0,0,0
1,bookshelf_tall,17,qpEnvelope,0,0,0,0,0,0,0,0,0,inf,inf,0,0,0,0,0,0,0,0,0,0,0,0,0
1,bookshelf_tall,17,VAMP,0,0,0,0,0,0,0,0,0,inf,inf,0,0,0,0,0,0,0,0,0,0,0,0,0
1,bookshelf_tall,19,isSafe,1,1,0.00260299,2945,17,8.34199,10,419,0,0.00338547,0.00249477,0,0,0,0,34,12,0.5,0,0,0,0,0,0
1,bookshelf_tall,19,qpFixed,1,1,0.00397294,2337,14,8.99764,1532,1532,0,0.000668414,0.00249477,0,0,0.00493635,0,6,5,2.33333,0,0,0,1,0,0
1,bookshelf_tall,19,qpAdaptive,1,1,0.00430617,1954,14,8.99772,1338,1338,0,0.000668414,0.00249477,0,0,0.00590397,0.0511771,6,5,2.33333,0,0,0,0.947799,0.0496418,0.00255885
1,bookshelf_tall,19,l1Old,1,0,10,1373224,75005,0,0,0,0,inf,inf,0,0,0.0362097,0.514017,650304,75003,0.115338,0,0,0,0,0,0
1,bookshelf_tall,19,qpFreeGate,1,1,0.00255742,2422,22,10.9989,1445,1445,0,0.00338547,0.00249477,0,0,0.00763383,0,35,14,0.628571,0,0,0,1,0,0
1,bookshelf_tall,19,qpEnvelope,1,1,0.0043005,1875,14,8.99894,1289,1289,0,0.000668414,0.00249477,0,0,0.00615348,0.0298667,6,5,2.33333,0,0,0,0.9696,0.0277333,0.00266667
1,bookshelf_tall,19,VAMP,1,1,6.3454e-05,1134,17,8.34199,10,419,0,0.00338547,0.00249477,0,0,0,0,0,0,0,0,0,0,0,0,0
1,bookshelf_tall,22,isSafe,0,0,0,0,0,0,0,0,0,inf,inf,0,0,0,0,0,0,0,0,0,0,0,0,0
1,bookshelf_tall,22,qpFixed,0,0,0,0,0,0,0,0,0,inf,inf,0,0,0,0,0,0,0,0,0,0,0,0,0
1,bookshelf_tall,22,qpAdaptive,0,0,0,0,0,0,0,0,0,inf,inf,0,0,0,0,0,0,0,0,0,0,0,0,0
1,bookshelf_tall,22,l1Old,0,0,0,0,0,0,0,0,0,inf,inf,0,0,0,0,0,0,0,0,0,0,0,0,0
1,bookshelf_tall,22,qpFreeGate,0,0,0,0,0,0,0,0,0,inf,inf,0,0,0,0,0,0,0,0,0,0,0,0,0
1,bookshelf_tall,22,qpEnvelope,0,0,0,0,0,0,0,0,0,inf,inf,0,0,0,0,0,0,0,0,0,0,0,0,0
1,bookshelf_tall,22,VAMP,0,0,0,0,0,0,0,0,0,inf,inf,0,0,0,0,0,0,0,0,0,0,0,0,0
1,bookshelf_tall,23,isSafe,1,1,0.00342932,3906,22,13.1657,15,660,0,0.00424879,0.00249477,0,0,0,0,48,17,0.458333,0,0,0,0,0,0
1,bookshelf_tall,23,qpFixed,1,1,0.0019175,1220,11,5.02375,776,776,0,0.00093293,0.00249477,0,0,0.00605138,0,2,2,5.5,0,0,0,1,0,0
1,bookshelf_tall,23,qpAdaptive,1,1,0.00205276,984,11,5.02511,711,711,0,0.000882626,0.00249477,0,0,0.0075041,0.0599593,2,2,5.5,0,0,0,0.936992,0.0589431,0.00406504
1,bookshelf_tall,23,l1Old,1,0,10.0001,1394256,68050,0,0,0,0,inf,inf,0,0,0.0324849,0.509328,667027,68048,0.10202,0,0,0,0,0,0
1,bookshelf_tall,23,qpFreeGate,1,1,0.00456184,4168,38,16.0617,2242,2242,0,0.00424879,0.00249477,0,0,0.00702906,0,54,28,0.703704,0,0,0,1,0,0
1,bookshelf_tall,23,qpEnvelope,1,1,0.00208048,919,11,5.02566,673,673,0,0.000878591,0.00249477,0,0,0.00803548,0.0565832,2,2,5.5,0,0,0,0.942329,0.0522307,0.0054407
1,bookshelf_tall,23,VAMP,1,1,7.8967e-05,1312,21,14.6523,16,734,0,0.00255291,0.00249477,0,0,0,0,0,0,0,0,0,0,0,0,0
1,bookshelf_tall,28,isSafe,0,0,0,0,0,0,0,0,0,inf,inf,0,0,0,0,0,0,0,0,0,0,0,0,0
1,bookshelf_tall,28,qpFixed,0,0,0,0,0,0,0,0,0,inf,inf,0,0,0,0,0,0,0,0,0,0,0,0,0
1,bookshelf_tall,28,qpAdaptive,0,0,0,0,0,0,0,0,0,inf,inf,0,0,0,0,0,0,0,0,0,0,0,0,0
1,bookshelf_tall,28,l1Old,0,0,0,0,0,0,0,0,0,inf,inf,0,0,0,0,0,0,0,0,0,0,0,0,0
1,bookshelf_tall,28,qpFreeGate,0,0,0,0,0,0,0,0,0,inf,inf,0,0,0,0,0,0,0,0,0,0,0,0,0
1,bookshelf_tall,28,qpEnvelope,0,0,0,0,0,0,0,0,0,inf,inf,0,0,0,0,0,0,0,0,0,0,0,0,0
1,bookshelf_tall,28,VAMP,0,0,0,0,0,0,0,0,0,inf,inf,0,0,0,0,0,0,0,0,0,0,0,0,0
1,bookshelf_tall,29,isSafe,0,0,0,0,0,0,0,0,0,inf,inf,0,0,0,0,0,0,0,0,0,0,0,0,0
1,bookshelf_tall,29,qpFixed,0,0,0,0,0,0,0,0,0,inf,inf,0,0,0,0,0,0,0,0,0,0,0,0,0
1,bookshelf_tall,29,qpAdaptive,0,0,0,0,0,0,0,0,0,inf,inf,0,0,0,0,0,0,0,0,0,0,0,0,0
1,bookshelf_tall,29,l1Old,0,0,0,0,0,0,0,0,0,inf,inf,0,0,0,0,0,0,0,0,0,0,0,0,0
1,bookshelf_tall,29,qpFreeGate,0,0,0,0,0,0,0,0,0,inf,inf,0,0,0,0,0,0,0,0,0,0,0,0,0
1,bookshelf_tall,29,qpEnvelope,0,0,0,0,0,0,0,0,0,inf,inf,0,0,0,0,0,0,0,0,0,0,0,0,0
1,bookshelf_tall,29,VAMP,0,0,0,0,0,0,0,0,0,inf,inf,0,0,0,0,0,0,0,0,0,0,0,0,0
1,bookshelf_tall,33,isSafe,0,0,0,0,0,0,0,0,0,inf,inf,0,0,0,0,0,0,0,0,0,0,0,0,0
1,bookshelf_tall,33,qpFixed,0,0,0,0,0,0,0,0,0,inf,inf,0,0,0,0,0,0,0,0,0,0,0,0,0
1,bookshelf_tall,33,qpAdaptive,0,0,0,0,0,0,0,0,0,inf,inf,0,0,0,0,0,0,0,0,0,0,0,0,0
1,bookshelf_tall,33,l1Old,0,0,0,0,0,0,0,0,0,inf,inf,0,0,0,0,0,0,0,0,0,0,0,0,0
1,bookshelf_tall,33,qpFreeGate,0,0,0,0,0,0,0,0,0,inf,inf,0,0,0,0,0,0,0,0,0,0,0,0,0
1,bookshelf_tall,33,qpEnvelope,0,0,0,0,0,0,0,0,0,inf,inf,0,0,0,0,0,0,0,0,0,0,0,0,0
1,bookshelf_tall,33,VAMP,0,0,0,0,0,0,0,0,0,inf,inf,0,0,0,0,0,0,0,0,0,0,0,0,0
1,bookshelf_tall,36,isSafe,0,0,0,0,0,0,0,0,0,inf,inf,0,0,0,0,0,0,0,0,0,0,0,0,0
1,bookshelf_tall,36,qpFixed,0,0,0,0,0,0,0,0,0,inf,inf,0,0,0,0,0,0,0,0,0,0,0,0,0
1,bookshelf_tall,36,qpAdaptive,0,0,0,0,0,0,0,0,0,inf,inf,0,0,0,0,0,0,0,0,0,0,0,0,0
1,bookshelf_tall,36,l1Old,0,0,0,0,0,0,0,0,0,inf,inf,0,0,0,0,0,0,0,0,0,0,0,0,0
1,bookshelf_tall,36,qpFreeGate,0,0,0,0,0,0,0,0,0,inf,inf,0,0,0,0,0,0,0,0,0,0,0,0,0
1,bookshelf_tall,36,qpEnvelope,0,0,0,0,0,0,0,0,0,inf,inf,0,0,0,0,0,0,0,0,0,0,0,0,0
1,bookshelf_tall,36,VAMP,0,0,0,0,0,0,0,0,0,inf,inf,0,0,0,0,0,0,0,0,0,0,0,0,0
1,bookshelf_tall,40,isSafe,1,1,0.014842,16924,84,18.6653,20,935,2,-0.000743891,0.00249477,0,0,0,0,351,77,0.239316,0,0,0,0,0,0
1,bookshelf_tall,40,qpFixed,1,1,0.00810502,4876,33,16.6588,2635,2635,1,-3.21535e-05,0.00249477,0,0,0.00550447,0,12,12,2.75,0,0,0,1,0,0
1,bookshelf_tall,40,qpAdaptive,1,1,0.00826238,3700,33,16.6586,1932,1932,1,-3.09387e-05,0.00249477,0,0,0.00725358,0.0443243,12,12,2.75,0,0,0,0.954865,0.0418919,0.00324324
1,bookshelf_tall,40,l1Old,1,0,10,1406195,70005,0,0,0,0,inf,inf,0,0,0.0329852,0.51345,666937,70003,0.104965,0,0,0,0,0,0
1,bookshelf_tall,40,qpFreeGate,1,1,0.0224511,20947,161,18.4599,2623,2623,0,0.00421794,0.00249477,0,0,0.00700621,0,628,147,0.256369,0,0,0,1,0,0
1,bookshelf_tall,40,qpEnvelope,1,1,0.00826025,3584,33,16.6603,1868,1868,2,-4.69189e-05,0.00249477,0,0,0.00748905,0.0298549,12,12,2.75,0,0,0,0.969029,0.0276228,0.00334821
1,bookshelf_tall,40,VAMP,1,1,0.000563918,10409,115,17.0762,19,855,0,0.000197116,0.00249477,0,0,0,0,0,0,0,0,0,0,0,0,0
1,bookshelf_tall,41,isSafe,1,1,0.00497172,5671,30,11.9286,13,598,0,0.00107812,0.00249477,0,0,0,0,48,23,0.625,0,0,0,0,0,0
1,bookshelf_tall,41,qpFixed,1,1,0.00311209,1883,15,10.0052,1639,1639,22,-0.000674299,0.00249477,0,0,0.00594836,0,2,2,7.5,0,0,0,1,0,0
1,bookshelf_tall,41,qpAdaptive,1,1,0.00327314,1503,15,10.0054,1361,1361,22,-0.000674299,0.00249477,0,0,0.0074524,0.0652029,2,2,7.5,0,0,0,0.934797,0.0625416,0.00266134
1,bookshelf_tall,41,l1Old,1,0,10,1416530,77144,0,0,0,0,inf,inf,0,0,0.0359916,0.512452,672975,77141,0.114631,0,0,0,0,0,0
1,bookshelf_tall,41,qpFreeGate,1,1,0.00545943,5174,41,16.678,2401,2401,0,0.00477746,0.00249477,0,0,0.00690939,0,66,34,0.621212,0,0,0,1,0,0
1,bookshelf_tall,41,qpEnvelope,1,1,0.00331352,1443,15,10.0059,1333,1333,22,-0.000674299,0.00249477,0,0,0.0077626,0.0575191,2,2,7.5,0,0,0,0.941095,0.0554401,0.003465
1,bookshelf_tall,41,VAMP,1,1,0.000106753,1786,31,11.9286,13,598,0,0.00107812,0.00249477,0,0,0,0,0,0,0,0,0,0,0,0,0
1,bookshelf_tall,42,isSafe,1,1,0.00320784,3659,20,10.7376,12,538,0,0.000407467,0.00249477,0,0,0,0,28,14,0.714286,0,0,0,0,0,0
1,bookshelf_tall,42,qpFixed,1,1,0.00199392,1323,11,6.13596,902,902,0,0.00122716,0.00249477,0,0,0.0061314,0,2,2,5.5,0,0,0,1,0,0
1,bookshelf_tall,42,qpAdaptive,1,1,0.00197862,942,11,6.13597,631,631,0,0.00122718,0.00249477,0,0,0.00861133,0.101911,2,2,5.5,0,0,0,0.894904,0.100849,0.00424628
1,bookshelf_tall,42,l1Old,1,0,10,1478427,75099,0,0,0,0,inf,inf,0,0,0.0333613,0.509586,706811,75097,0.10625,0,0,0,0,0,0
1,bookshelf_tall,42,qpFreeGate,1,1,0.00284931,2621,24,10.424,1425,1425,0,0.00368594,0.00249477,0,0,0.00725116,0,28,17,0.857143,0,0,0,1,0,0
1,bookshelf_tall,42,qpEnvelope,1,1,0.00191738,849,11,6.13596,592,592,0,0.00122715,0.00249477,0,0,0.00955494,0.0530035,2,2,5.5,0,0,0,0.946996,0.0482921,0.00471143
1,bookshelf_tall,42,VAMP,1,1,8.2269e-05,1013,21,10.7376,12,538,0,0.000407467,0.00249477,0,0,0,0,0,0,0,0,0,0,0,0,0
1,bookshelf_tall,46,isSafe,0,0,0,0,0,0,0,0,0,inf,inf,0,0,0,0,0,0,0,0,0,0,0,0,0
1,bookshelf_tall,46,qpFixed,0,0,0,0,0,0,0,0,0,inf,inf,0,0,0,0,0,0,0,0,0,0,0,0,0
1,bookshelf_tall,46,qpAdaptive,0,0,0,0,0,0,0,0,0,inf,inf,0,0,0,0,0,0,0,0,0,0,0,0,0
1,bookshelf_tall,46,l1Old,0,0,0,0,0,0,0,0,0,inf,inf,0,0,0,0,0,0,0,0,0,0,0,0,0
1,bookshelf_tall,46,qpFreeGate,0,0,0,0,0,0,0,0,0,inf,inf,0,0,0,0,0,0,0,0,0,0,0,0,0
1,bookshelf_tall,46,qpEnvelope,0,0,0,0,0,0,0,0,0,inf,inf,0,0,0,0,0,0,0,0,0,0,0,0,0
1,bookshelf_tall,46,VAMP,0,0,0,0,0,0,0,0,0,inf,inf,0,0,0,0,0,0,0,0,0,0,0,0,0
1,bookshelf_tall,47,isSafe,1,1,0.00716392,8160,42,10.6788,12,535,0,0.00307632,0.00249477,0,0,0,0,130,37,0.323077,0,0,0,0,0,0
1,bookshelf_tall,47,qpFixed,1,1,0.00741086,4733,38,13.7659,2173,2173,0,0.0011369,0.00249477,0,0,0.00575635,0,9,9,4.22222,0,0,0,1,0,0
1,bookshelf_tall,47,qpAdaptive,1,1,0.00724679,3299,38,13.7664,1526,1526,0,0.0011369,0.00249477,0,0,0.00825892,0.0691119,9,9,4.22222,0,0,0,0.929676,0.0666869,0.00363747
1,bookshelf_tall,47,l1Old,1,0,10,1408942,76693,0,0,0,0,inf,inf,0,0,0.0360334,0.514611,666383,76691,0.115088,0,0,0,0,0,0
1,bookshelf_tall,47,qpFreeGate,1,1,0.00535485,5004,41,16.2271,2274,2274,0,0.00367933,0.00249477,0,0,0.00699865,0,97,32,0.42268,0,0,0,1,0,0
1,bookshelf_tall,47,qpEnvelope,1,1,0.00729655,3192,38,13.7682,1513,1513,0,0.0011369,0.00249477,0,0,0.00853711,0.0441729,9,9,4.22222,0,0,0,0.954261,0.0413534,0.00438596
1,bookshelf_tall,47,VAMP,1,1,0.000159126,2863,40,15.9667,17,800,0,0.00307632,0.00249477,0,0,0,0,0,0,0,0,0,0,0,0,0
1,bookshelf_thin,2,isSafe,0,0,0,0,0,0,0,0,0,inf,inf,0,0,0,0,0,0,0,0,0,0,0,0,0
1,bookshelf_thin,2,qpFixed,0,0,0,0,0,0,0,0,0,inf,inf,0,0,0,0,0,0,0,0,0,0,0,0,0
1,bookshelf_thin,2,qpAdaptive,0,0,0,0,0,0,0,0,0,inf,inf,0,0,0,0,0,0,0,0,0,0,0,0,0
1,bookshelf_thin,2,l1Old,0,0,0,0,0,0,0,0,0,inf,inf,0,0,0,0,0,0,0,0,0,0,0,0,0
1,bookshelf_thin,2,qpFreeGate,0,0,0,0,0,0,0,0,0,inf,inf,0,0,0,0,0,0,0,0,0,0,0,0,0
1,bookshelf_thin,2,qpEnvelope,0,0,0,0,0,0,0,0,0,inf,inf,0,0,0,0,0,0,0,0,0,0,0,0,0
1,bookshelf_thin,2,VAMP,0,0,0,0,0,0,0,0,0,inf,inf,0,0,0,0,0,0,0,0,0,0,0,0,0
1,bookshelf_thin,3,isSafe,0,0,0,0,0,0,0,0,0,inf,inf,0,0,0,0,0,0,0,0,0,0,0,0,0
1,bookshelf_thin,3,qpFixed,0,0,0,0,0,0,0,0,0,inf,inf,0,0,0,0,0,0,0,0,0,0,0,0,0
1,bookshelf_thin,3,qpAdaptive,0,0,0,0,0,0,0,0,0,inf,inf,0,0,0,0,0,0,0,0,0,0,0,0,0
1,bookshelf_thin,3,l1Old,0,0,0,0,0,0,0,0,0,inf,inf,0,0,0,0,0,0,0,0,0,0,0,0,0
1,bookshelf_thin,3,qpFreeGate,0,0,0,0,0,0,0,0,0,inf,inf,0,0,0,0,0,0,0,0,0,0,0,0,0
1,bookshelf_thin,3,qpEnvelope,0,0,0,0,0,0,0,0,0,inf,inf,0,0,0,0,0,0,0,0,0,0,0,0,0
1,bookshelf_thin,3,VAMP,0,0,0,0,0,0,0,0,0,inf,inf,0,0,0,0,0,0,0,0,0,0,0,0,0
1,bookshelf_thin,8,isSafe,0,0,0,0,0,0,0,0,0,inf,inf,0,0,0,0,0,0,0,0,0,0,0,0,0
1,bookshelf_thin,8,qpFixed,0,0,0,0,0,0,0,0,0,inf,inf,0,0,0,0,0,0,0,0,0,0,0,0,0
1,bookshelf_thin,8,qpAdaptive,0,0,0,0,0,0,0,0,0,inf,inf,0,0,0,0,0,0,0,0,0,0,0,0,0
1,bookshelf_thin,8,l1Old,0,0,0,0,0,0,0,0,0,inf,inf,0,0,0,0,0,0,0,0,0,0,0,0,0
1,bookshelf_thin,8,qpFreeGate,0,0,0,0,0,0,0,0,0,inf,inf,0,0,0,0,0,0,0,0,0,0,0,0,0
1,bookshelf_thin,8,qpEnvelope,0,0,0,0,0,0,0,0,0,inf,inf,0,0,0,0,0,0,0,0,0,0,0,0,0
1,bookshelf_thin,8,VAMP,0,0,0,0,0,0,0,0,0,inf,inf,0,0,0,0,0,0,0,0,0,0,0,0,0
1,bookshelf_thin,9,isSafe,0,0,0,0,0,0,0,0,0,inf,inf,0,0,0,0,0,0,0,0,0,0,0,0,0
1,bookshelf_thin,9,qpFixed,0,0,0,0,0,0,0,0,0,inf,inf,0,0,0,0,0,0,0,0,0,0,0,0,0
1,bookshelf_thin,9,qpAdaptive,0,0,0,0,0,0,0,0,0,inf,inf,0,0,0,0,0,0,0,0,0,0,0,0,0
1,bookshelf_thin,9,l1Old,0,0,0,0,0,0,0,0,0,inf,inf,0,0,0,0,0,0,0,0,0,0,0,0,0
1,bookshelf_thin,9,qpFreeGate,0,0,0,0,0,0,0,0,0,inf,inf,0,0,0,0,0,0,0,0,0,0,0,0,0
1,bookshelf_thin,9,qpEnvelope,0,0,0,0,0,0,0,0,0,inf,inf,0,0,0,0,0,0,0,0,0,0,0,0,0
1,bookshelf_thin,9,VAMP,0,0,0,0,0,0,0,0,0,inf,inf,0,0,0,0,0,0,0,0,0,0,0,0,0
1,bookshelf_thin,12,isSafe,0,0,0,0,0,0,0,0,0,inf,inf,0,0,0,0,0,0,0,0,0,0,0,0,0
1,bookshelf_thin,12,qpFixed,0,0,0,0,0,0,0,0,0,inf,inf,0,0,0,0,0,0,0,0,0,0,0,0,0
1,bookshelf_thin,12,qpAdaptive,0,0,0,0,0,0,0,0,0,inf,inf,0,0,0,0,0,0,0,0,0,0,0,0,0
1,bookshelf_thin,12,l1Old,0,0,0,0,0,0,0,0,0,inf,inf,0,0,0,0,0,0,0,0,0,0,0,0,0
1,bookshelf_thin,12,qpFreeGate,0,0,0,0,0,0,0,0,0,inf,inf,0,0,0,0,0,0,0,0,0,0,0,0,0
1,bookshelf_thin,12,qpEnvelope,0,0,0,0,0,0,0,0,0,inf,inf,0,0,0,0,0,0,0,0,0,0,0,0,0
1,bookshelf_thin,12,VAMP,0,0,0,0,0,0,0,0,0,inf,inf,0,0,0,0,0,0,0,0,0,0,0,0,0
1,bookshelf_thin,13,isSafe,0,0,0,0,0,0,0,0,0,inf,inf,0,0,0,0,0,0,0,0,0,0,0,0,0
1,bookshelf_thin,13,qpFixed,0,0,0,0,0,0,0,0,0,inf,inf,0,0,0,0,0,0,0,0,0,0,0,0,0
1,bookshelf_thin,13,qpAdaptive,0,0,0,0,0,0,0,0,0,inf,inf,0,0,0,0,0,0,0,0,0,0,0,0,0
1,bookshelf_thin,13,l1Old,0,0,0,0,0,0,0,0,0,inf,inf,0,0,0,0,0,0,0,0,0,0,0,0,0
1,bookshelf_thin,13,qpFreeGate,0,0,0,0,0,0,0,0,0,inf,inf,0,0,0,0,0,0,0,0,0,0,0,0,0
1,bookshelf_thin,13,qpEnvelope,0,0,0,0,0,0,0,0,0,inf,inf,0,0,0,0,0,0,0,0,0,0,0,0,0
1,bookshelf_thin,13,VAMP,0,0,0,0,0,0,0,0,0,inf,inf,0,0,0,0,0,0,0,0,0,0,0,0,0
1,bookshelf_thin,14,isSafe,0,0,0,0,0,0,0,0,0,inf,inf,0,0,0,0,0,0,0,0,0,0,0,0,0
1,bookshelf_thin,14,qpFixed,0,0,0,0,0,0,0,0,0,inf,inf,0,0,0,0,0,0,0,0,0,0,0,0,0
1,bookshelf_thin,14,qpAdaptive,0,0,0,0,0,0,0,0,0,inf,inf,0,0,0,0,0,0,0,0,0,0,0,0,0
1,bookshelf_thin,14,l1Old,0,0,0,0,0,0,0,0,0,inf,inf,0,0,0,0,0,0,0,0,0,0,0,0,0
1,bookshelf_thin,14,qpFreeGate,0,0,0,0,0,0,0,0,0,inf,inf,0,0,0,0,0,0,0,0,0,0,0,0,0
1,bookshelf_thin,14,qpEnvelope,0,0,0,0,0,0,0,0,0,inf,inf,0,0,0,0,0,0,0,0,0,0,0,0,0
1,bookshelf_thin,14,VAMP,0,0,0,0,0,0,0,0,0,inf,inf,0,0,0,0,0,0,0,0,0,0,0,0,0
1,bookshelf_thin,16,isSafe,0,0,0,0,0,0,0,0,0,inf,inf,0,0,0,0,0,0,0,0,0,0,0,0,0
1,bookshelf_thin,16,qpFixed,0,0,0,0,0,0,0,0,0,inf,inf,0,0,0,0,0,0,0,0,0,0,0,0,0
1,bookshelf_thin,16,qpAdaptive,0,0,0,0,0,0,0,0,0,inf,inf,0,0,0,0,0,0,0,0,0,0,0,0,0
1,bookshelf_thin,16,l1Old,0,0,0,0,0,0,0,0,0,inf,inf,0,0,0,0,0,0,0,0,0,0,0,0,0
1,bookshelf_thin,16,qpFreeGate,0,0,0,0,0,0,0,0,0,inf,inf,0,0,0,0,0,0,0,0,0,0,0,0,0
1,bookshelf_thin,16,qpEnvelope,0,0,0,0,0,0,0,0,0,inf,inf,0,0,0,0,0,0,0,0,0,0,0,0,0
1,bookshelf_thin,16,VAMP,0,0,0,0,0,0,0,0,0,inf,inf,0,0,0,0,0,0,0,0,0,0,0,0,0
1,bookshelf_thin,17,isSafe,0,0,0,0,0,0,0,0,0,inf,inf,0,0,0,0,0,0,0,0,0,0,0,0,0
1,bookshelf_thin,17,qpFixed,0,0,0,0,0,0,0,0,0,inf,inf,0,0,0,0,0,0,0,0,0,0,0,0,0
1,bookshelf_thin,17,qpAdaptive,0,0,0,0,0,0,0,0,0,inf,inf,0,0,0,0,0,0,0,0,0,0,0,0,0
1,bookshelf_thin,17,l1Old,0,0,0,0,0,0,0,0,0,inf,inf,0,0,0,0,0,0,0,0,0,0,0,0,0
1,bookshelf_thin,17,qpFreeGate,0,0,0,0,0,0,0,0,0,inf,inf,0,0,0,0,0,0,0,0,0,0,0,0,0
1,bookshelf_thin,17,qpEnvelope,0,0,0,0,0,0,0,0,0,inf,inf,0,0,0,0,0,0,0,0,0,0,0,0,0
1,bookshelf_thin,17,VAMP,0,0,0,0,0,0,0,0,0,inf,inf,0,0,0,0,0,0,0,0,0,0,0,0,0
1,bookshelf_thin,18,isSafe,1,1,0.0184789,21125,104,14.9523,16,749,0,0.00465497,0.00249477,0,0,0,0,437,97,0.237986,0,0,0,0,0,0
1,bookshelf_thin,18,qpFixed,1,1,0.00165534,1268,11,8.02462,1269,1269,0,0.00277634,0.00249477,0,0,0.00632857,0,1,1,11,0,0,0,1,0,0
1,bookshelf_thin,18,qpAdaptive,1,1,0.00109861,530,11,8.02462,762,762,0,0.00277634,0.00249477,0,0,0.0151408,0.107547,1,1,11,0,0,0,0.888679,0.0981132,0.0132075
1,bookshelf_thin,18,l1Old,1,0,10,1338936,79484,0,0,0,0,inf,inf,0,0,0.0393424,0.505144,646071,79482,0.123027,0,0,0,0,0,0
1,bookshelf_thin,18,qpFreeGate,1,1,0.0170231,16380,128,15.4335,2035,2035,0,0.00465497,0.00249477,0,0,0.00698205,0,478,123,0.267782,0,0,0,1,0,0
1,bookshelf_thin,18,qpEnvelope,1,1,0.00115989,496,11,8.02466,744,744,0,0.00277634,0.00249477,0,0,0.0161787,0.0745968,1,1,11,0,0,0,0.925403,0.0604839,0.0141129
1,bookshelf_thin,18,VAMP,1,1,0.000652208,10205,129,16.8987,18,846,0,0.00465497,0.000686121,0,0,0,0,0,0,0,0,0,0,0,0,0
1,bookshelf_thin,19,isSafe,0,0,0,0,0,0,0,0,0,inf,inf,0,0,0,0,0,0,0,0,0,0,0,0,0
1,bookshelf_thin,19,qpFixed,0,0,0,0,0,0,0,0,0,inf,inf,0,0,0,0,0,0,0,0,0,0,0,0,0
1,bookshelf_thin,19,qpAdaptive,0,0,0,0,0,0,0,0,0,inf,inf,0,0,0,0,0,0,0,0,0,0,0,0,0
1,bookshelf_thin,19,l1Old,0,0,0,0,0,0,0,0,0,inf,inf,0,0,0,0,0,0,0,0,0,0,0,0,0
1,bookshelf_thin,19,qpFreeGate,0,0,0,0,0,0,0,0,0,inf,inf,0,0,0,0,0,0,0,0,0,0,0,0,0
1,bookshelf_thin,19,qpEnvelope,0,0,0,0,0,0,0,0,0,inf,inf,0,0,0,0,0,0,0,0,0,0,0,0,0
1,bookshelf_thin,19,VAMP,0,0,0,0,0,0,0,0,0,inf,inf,0,0,0,0,0,0,0,0,0,0,0,0,0
1,bookshelf_thin,20,isSafe,1,1,0.0460868,52247,242,9.83098,11,493,7,-0.000245334,0.00249477,0,0,0,0,1230,238,0.196748,0,0,0,0,0,0
1,bookshelf_thin,20,qpFixed,1,1,0.000912644,680,7,3.23723,459,459,0,0.000760789,0.00249477,0,0,0.00672063,0,2,2,3.5,0,0,0,1,0,0
1,bookshelf_thin,20,qpAdaptive,1,1,0.000562926,250,7,3.23723,252,252,0,0.000760789,0.00249477,0,0,0.0182801,0.112,2,2,3.5,0,0,0,0.884,0.096,0.02
1,bookshelf_thin,20,l1Old,1,0,10,1320958,82896,0,0,0,0,inf,inf,0,0,0.0415573,0.491809,655213,82894,0.126518,0,0,0,0,0,0
1,bookshelf_thin,20,qpFreeGate,1,1,0.392986,360877,2685,5.17072,759,759,0,0.00401192,0.00249477,0,0,0.00668612,0,14870,2680,0.180565,0,0,0,1,0,0
1,bookshelf_thin,20,qpEnvelope,1,1,0.000616446,235,7,3.23733,243,243,0,0.000767187,0.00249477,0,0,0.0194474,0.106383,2,2,3.5,0,0,0,0.889362,0.0893617,0.0212766
1,bookshelf_thin,20,VAMP,1,1,0.00249436,56259,384,9.83098,11,493,7,-0.000245334,0.00249477,0,0,0,0,0,0,0,0,0,0,0,0,0
1,bookshelf_thin,21,isSafe,0,0,0,0,0,0,0,0,0,inf,inf,0,0,0,0,0,0,0,0,0,0,0,0,0
1,bookshelf_thin,21,qpFixed,0,0,0,0,0,0,0,0,0,inf,inf,0,0,0,0,0,0,0,0,0,0,0,0,0
1,bookshelf_thin,21,qpAdaptive,0,0,0,0,0,0,0,0,0,inf,inf,0,0,0,0,0,0,0,0,0,0,0,0,0
1,bookshelf_thin,21,l1Old,0,0,0,0,0,0,0,0,0,inf,inf,0,0,0,0,0,0,0,0,0,0,0,0,0
1,bookshelf_thin,21,qpFreeGate,0,0,0,0,0,0,0,0,0,inf,inf,0,0,0,0,0,0,0,0,0,0,0,0,0
1,bookshelf_thin,21,qpEnvelope,0,0,0,0,0,0,0,0,0,inf,inf,0,0,0,0,0,0,0,0,0,0,0,0,0
1,bookshelf_thin,21,VAMP,0,0,0,0,0,0,0,0,0,inf,inf,0,0,0,0,0,0,0,0,0,0,0,0,0
1,bookshelf_thin,22,isSafe,0,0,0,0,0,0,0,0,0,inf,inf,0,0,0,0,0,0,0,0,0,0,0,0,0
1,bookshelf_thin,22,qpFixed,0,0,0,0,0,0,0,0,0,inf,inf,0,0,0,0,0,0,0,0,0,0,0,0,0
1,bookshelf_thin,22,qpAdaptive,0,0,0,0,0,0,0,0,0,inf,inf,0,0,0,0,0,0,0,0,0,0,0,0,0
1,bookshelf_thin,22,l1Old,0,0,0,0,0,0,0,0,0,inf,inf,0,0,0,0,0,0,0,0,0,0,0,0,0
1,bookshelf_thin,22,qpFreeGate,0,0,0,0,0,0,0,0,0,inf,inf,0,0,0,0,0,0,0,0,0,0,0,0,0
1,bookshelf_thin,22,qpEnvelope,0,0,0,0,0,0,0,0,0,inf,inf,0,0,0,0,0,0,0,0,0,0,0,0,0
1,bookshelf_thin,22,VAMP,0,0,0,0,0,0,0,0,0,inf,inf,0,0,0,0,0,0,0,0,0,0,0,0,0
1,bookshelf_thin,23,isSafe,0,0,0,0,0,0,0,0,0,inf,inf,0,0,0,0,0,0,0,0,0,0,0,0,0
1,bookshelf_thin,23,qpFixed,0,0,0,0,0,0,0,0,0,inf,inf,0,0,0,0,0,0,0,0,0,0,0,0,0
1,bookshelf_thin,23,qpAdaptive,0,0,0,0,0,0,0,0,0,inf,inf,0,0,0,0,0,0,0,0,0,0,0,0,0
1,bookshelf_thin,23,l1Old,0,0,0,0,0,0,0,0,0,inf,inf,0,0,0,0,0,0,0,0,0,0,0,0,0
1,bookshelf_thin,23,qpFreeGate,0,0,0,0,0,0,0,0,0,inf,inf,0,0,0,0,0,0,0,0,0,0,0,0,0
1,bookshelf_thin,23,qpEnvelope,0,0,0,0,0,0,0,0,0,inf,inf,0,0,0,0,0,0,0,0,0,0,0,0,0
1,bookshelf_thin,23,VAMP,0,0,0,0,0,0,0,0,0,inf,inf,0,0,0,0,0,0,0,0,0,0,0,0,0
1,bookshelf_thin,25,isSafe,0,0,0,0,0,0,0,0,0,inf,inf,0,0,0,0,0,0,0,0,0,0,0,0,0
1,bookshelf_thin,25,qpFixed,0,0,0,0,0,0,0,0,0,inf,inf,0,0,0,0,0,0,0,0,0,0,0,0,0
1,bookshelf_thin,25,qpAdaptive,0,0,0,0,0,0,0,0,0,inf,inf,0,0,0,0,0,0,0,0,0,0,0,0,0
1,bookshelf_thin,25,l1Old,0,0,0,0,0,0,0,0,0,inf,inf,0,0,0,0,0,0,0,0,0,0,0,0,0
1,bookshelf_thin,25,qpFreeGate,0,0,0,0,0,0,0,0,0,inf,inf,0,0,0,0,0,0,0,0,0,0,0,0,0
1,bookshelf_thin,25,qpEnvelope,0,0,0,0,0,0,0,0,0,inf,inf,0,0,0,0,0,0,0,0,0,0,0,0,0
1,bookshelf_thin,25,VAMP,0,0,0,0,0,0,0,0,0,inf,inf,0,0,0,0,0,0,0,0,0,0,0,0,0
1,bookshelf_thin,27,isSafe,0,0,0,0,0,0,0,0,0,inf,inf,0,0,0,0,0,0,0,0,0,0,0,0,0
1,bookshelf_thin,27,qpFixed,0,0,0,0,0,0,0,0,0,inf,inf,0,0,0,0,0,0,0,0,0,0,0,0,0
1,bookshelf_thin,27,qpAdaptive,0,0,0,0,0,0,0,0,0,inf,inf,0,0,0,0,0,0,0,0,0,0,0,0,0
1,bookshelf_thin,27,l1Old,0,0,0,0,0,0,0,0,0,inf,inf,0,0,0,0,0,0,0,0,0,0,0,0,0
1,bookshelf_thin,27,qpFreeGate,0,0,0,0,0,0,0,0,0,inf,inf,0,0,0,0,0,0,0,0,0,0,0,0,0
1,bookshelf_thin,27,qpEnvelope,0,0,0,0,0,0,0,0,0,inf,inf,0,0,0,0,0,0,0,0,0,0,0,0,0
1,bookshelf_thin,27,VAMP,0,0,0,0,0,0,0,0,0,inf,inf,0,0,0,0,0,0,0,0,0,0,0,0,0
1,bookshelf_thin,28,isSafe,1,1,0.0029135,3305,19,9.21271,11,462,0,0.000854329,0.00249477,0,0,0,0,32,13,0.59375,0,0,0,0,0,0
1,bookshelf_thin,28,qpFixed,1,1,0.00110164,731,8,5.02278,732,732,0,0.000386043,0.00249477,0,0,0.00687111,0,1,1,8,0,0,0,1,0,0
1,bookshelf_thin,28,qpAdaptive,1,1,0.00108032,477,8,5.02278,585,585,0,0.000386043,0.00249477,0,0,0.0105299,0.0524109,1,1,8,0,0,0,0.947589,0.0461216,0.00628931
1,bookshelf_thin,28,l1Old,1,0,10,1323636,83638,0,0,0,0,inf,inf,0,0,0.041998,0.493281,654943,83636,0.127703,0,0,0,0,0,0
1,bookshelf_thin,28,qpFreeGate,1,1,0.00300936,2934,23,11.3816,1690,1690,0,0.00468707,0.00249477,0,0,0.00674035,0,34,16,0.676471,0,0,0,1,0,0
1,bookshelf_thin,28,qpEnvelope,1,1,0.00111192,469,8,5.02278,584,584,0,0.000386043,0.00249477,0,0,0.0107096,0.0490405,1,1,8,0,0,0,0.950959,0.0426439,0.00639659
1,bookshelf_thin,28,VAMP,1,1,7.1778e-05,1062,20,10.0032,12,502,0,0.00468707,0.00249477,0,0,0,0,0,0,0,0,0,0,0,0,0
1,bookshelf_thin,29,isSafe,0,0,0,0,0,0,0,0,0,inf,inf,0,0,0,0,0,0,0,0,0,0,0,0,0
1,bookshelf_thin,29,qpFixed,0,0,0,0,0,0,0,0,0,inf,inf,0,0,0,0,0,0,0,0,0,0,0,0,0
1,bookshelf_thin,29,qpAdaptive,0,0,0,0,0,0,0,0,0,inf,inf,0,0,0,0,0,0,0,0,0,0,0,0,0
1,bookshelf_thin,29,l1Old,0,0,0,0,0,0,0,0,0,inf,inf,0,0,0,0,0,0,0,0,0,0,0,0,0
1,bookshelf_thin,29,qpFreeGate,0,0,0,0,0,0,0,0,0,inf,inf,0,0,0,0,0,0,0,0,0,0,0,0,0
1,bookshelf_thin,29,qpEnvelope,0,0,0,0,0,0,0,0,0,inf,inf,0,0,0,0,0,0,0,0,0,0,0,0,0
1,bookshelf_thin,29,VAMP,0,0,0,0,0,0,0,0,0,inf,inf,0,0,0,0,0,0,0,0,0,0,0,0,0
1,bookshelf_thin,30,isSafe,0,0,0,0,0,0,0,0,0,inf,inf,0,0,0,0,0,0,0,0,0,0,0,0,0
1,bookshelf_thin,30,qpFixed,0,0,0,0,0,0,0,0,0,inf,inf,0,0,0,0,0,0,0,0,0,0,0,0,0
1,bookshelf_thin,30,qpAdaptive,0,0,0,0,0,0,0,0,0,inf,inf,0,0,0,0,0,0,0,0,0,0,0,0,0
1,bookshelf_thin,30,l1Old,0,0,0,0,0,0,0,0,0,inf,inf,0,0,0,0,0,0,0,0,0,0,0,0,0
1,bookshelf_thin,30,qpFreeGate,0,0,0,0,0,0,0,0,0,inf,inf,0,0,0,0,0,0,0,0,0,0,0,0,0
1,bookshelf_thin,30,qpEnvelope,0,0,0,0,0,0,0,0,0,inf,inf,0,0,0,0,0,0,0,0,0,0,0,0,0
1,bookshelf_thin,30,VAMP,0,0,0,0,0,0,0,0,0,inf,inf,0,0,0,0,0,0,0,0,0,0,0,0,0
1,table_under_pick,2,isSafe,1,1,0.00169322,1899,12,7.29354,9,366,6,-0.00412412,0.00249477,0,0,0,0,19,8,0.631579,0,0,0,0,0,0
1,table_under_pick,2,qpFixed,1,1,0.00168347,1039,10,6.33342,946,946,23,-0.00222008,0.00249477,0,0,0.00621292,0,3,3,3.33333,0,0,0,1,0,0
1,table_under_pick,2,qpAdaptive,1,1,0.00189334,921,10,6.33342,867,867,23,-0.00222008,0.00249477,0,0,0.00700893,0.0749186,3,3,3.33333,0,0,0,0.923996,0.072747,0.00325733
1,table_under_pick,2,l1Old,1,0,10.0001,1381000,76315,0,0,0,0,inf,inf,0,0,0.0365521,0.505511,665061,76313,0.114749,0,0,0,0,0,0
1,table_under_pick,2,qpFreeGate,1,1,0.00202817,1958,18,13.1735,1730,1730,0,0.00413711,0.00249477,0,0,0.00715251,0,66,10,0.272727,0,0,0,1,0,0
1,table_under_pick,2,qpEnvelope,1,1,0.00186622,851,10,6.3334,814,814,23,-0.00222005,0.00249477,0,0,0.00758543,0.103408,3,3,3.33333,0,0,0,0.896592,0.0987074,0.00470035
1,table_under_pick,2,VAMP,1,1,5.3114e-05,988,16,11.2918,13,566,1,-0.000469075,0.00249477,0,0,0,0,0,0,0,0,0,0,0,0,0
1,table_under_pick,3,isSafe,1,1,0.00199529,2366,14,8.68273,10,436,0,0.0027627,0.00249477,0,0,0,0,14,8,1,0,0,0,0,0,0
1,table_under_pick,3,qpFixed,1,1,0.0016239,1256,12,7.56121,982,982,0,0.000948077,0.00249477,0,0,0.0076883,0,2,2,6,0,0,0,1,0,0
1,table_under_pick,3,qpAdaptive,1,1,0.00119773,600,12,7.56144,663,663,0,0.000954923,0.00249477,0,0,0.0160949,0.146667,2,2,6,0,0,0,0.851667,0.136667,0.0116667
1,table_under_pick,3,l1Old,1,0,10,1342001,79824,0,0,0,0,inf,inf,0,0,0.0395819,0.506398,645817,79822,0.123602,0,0,0,0,0,0
1,table_under_pick,3,qpFreeGate,1,1,0.00181661,1752,18,8.70855,1142,1142,0,0.00415869,0.00249477,0,0,0.00792152,0,14,9,1.28571,0,0,0,1,0,0
1,table_under_pick,3,qpEnvelope,1,1,0.00125135,544,12,7.5617,639,639,0,0.000953835,0.00249477,0,0,0.017753,0.119485,2,2,6,0,0,0,0.878676,0.108456,0.0128676
1,table_under_pick,3,VAMP,1,1,4.1987e-05,704,16,8.43508,10,423,9,-0.00256081,0.00249477,0,0,0,0,0,0,0,0,0,0,0,0,0
1,table_under_pick,4,isSafe,0,0,0,0,0,0,0,0,0,inf,inf,0,0,0,0,0,0,0,0,0,0,0,0,0
1,table_under_pick,4,qpFixed,0,0,0,0,0,0,0,0,0,inf,inf,0,0,0,0,0,0,0,0,0,0,0,0,0
1,table_under_pick,4,qpAdaptive,0,0,0,0,0,0,0,0,0,inf,inf,0,0,0,0,0,0,0,0,0,0,0,0,0
1,table_under_pick,4,l1Old,0,0,0,0,0,0,0,0,0,inf,inf,0,0,0,0,0,0,0,0,0,0,0,0,0
1,table_under_pick,4,qpFreeGate,0,0,0,0,0,0,0,0,0,inf,inf,0,0,0,0,0,0,0,0,0,0,0,0,0
1,table_under_pick,4,qpEnvelope,0,0,0,0,0,0,0,0,0,inf,inf,0,0,0,0,0,0,0,0,0,0,0,0,0
1,table_under_pick,4,VAMP,0,0,0,0,0,0,0,0,0,inf,inf,0,0,0,0,0,0,0,0,0,0,0,0,0
1,table_under_pick,7,isSafe,1,1,0.00379187,4501,25,15.0416,17,754,0,0.00238735,0.00249477,0,0,0,0,48,19,0.520833,0,0,0,0,0,0
1,table_under_pick,7,qpFixed,1,1,0.0031458,2030,15,9.73139,1593,1593,0,0.000787068,0.00249477,0,0,0.00574473,0,6,6,2.5,0,0,0,1,0,0
1,table_under_pick,7,qpAdaptive,1,1,0.00326272,1603,15,9.73078,1356,1356,0,0.000756653,0.00249477,0,0,0.00727517,0.0761073,6,6,2.5,0,0,0,0.923893,0.0729881,0.00311915
1,table_under_pick,7,l1Old,1,0,10,1430768,77994,0,0,0,0,inf,inf,0,0,0.0358238,0.501278,695139,77992,0.112199,0,0,0,0,0,0
1,table_under_pick,7,qpFreeGate,1,1,0.00660633,6372,51,10.6395,1455,1455,0,0.00403709,0.00249477,0,0,0.00695259,0,121,46,0.421488,0,0,0,1,0,0
1,table_under_pick,7,qpEnvelope,1,1,0.00338434,1517,15,9.73154,1311,1311,0,0.000792251,0.00249477,0,0,0.00768752,0.0520765,6,6,2.5,0,0,0,0.947924,0.0487805,0.00329598
1,table_under_pick,7,VAMP,1,1,8.5539e-05,2297,28,9.52661,11,478,0,0.00238735,0.00249477,0,0,0,0,0,0,0,0,0,0,0,0,0
1,table_under_pick,8,isSafe,0,0,0,0,0,0,0,0,0,inf,inf,0,0,0,0,0,0,0,0,0,0,0,0,0
1,table_under_pick,8,qpFixed,0,0,0,0,0,0,0,0,0,inf,inf,0,0,0,0,0,0,0,0,0,0,0,0,0
1,table_under_pick,8,qpAdaptive,0,0,0,0,0,0,0,0,0,inf,inf,0,0,0,0,0,0,0,0,0,0,0,0,0
1,table_under_pick,8,l1Old,0,0,0,0,0,0,0,0,0,inf,inf,0,0,0,0,0,0,0,0,0,0,0,0,0
1,table_under_pick,8,qpFreeGate,0,0,0,0,0,0,0,0,0,inf,inf,0,0,0,0,0,0,0,0,0,0,0,0,0
1,table_under_pick,8,qpEnvelope,0,0,0,0,0,0,0,0,0,inf,inf,0,0,0,0,0,0,0,0,0,0,0,0,0
1,table_under_pick,8,VAMP,0,0,0,0,0,0,0,0,0,inf,inf,0,0,0,0,0,0,0,0,0,0,0,0,0
1,table_under_pick,10,isSafe,1,1,0.00258715,2956,17,13.28,15,666,0,0.000264787,0.00249477,0,0,0,0,62,12,0.274194,0,0,0,0,0,0
1,table_under_pick,10,qpFixed,1,1,0.0217557,12420,68,21.9039,3454,3454,83,-0.00155336,0.00249477,0,0,0.00487366,0,40,38,1.7,0,0,0,1,0,0
1,table_under_pick,10,qpAdaptive,1,1,0.0257583,11982,68,21.9053,3346,3346,82,-0.00154518,0.00249477,0,0,0.00502791,0.0264564,40,38,1.7,0,0,0,0.973544,0.0262894,0.000166917
1,table_under_pick,10,l1Old,1,0,10,1400412,79330,0,0,0,0,inf,inf,0,0,0.0374761,0.505416,674987,79328,0.117528,0,0,0,0,0,0
1,table_under_pick,10,qpFreeGate,1,1,0.00789229,7534,61,18.0957,2640,2640,0,0.00420427,0.00249477,0,0,0.00676168,0,377,54,0.161804,0,0,0,1,0,0
1,table_under_pick,10,qpEnvelope,1,1,0.0256103,11778,69,21.9042,3313,3313,83,-0.00157797,0.00249477,0,0,0.00514002,0.0220751,40,38,1.725,0,0,0,0.97784,0.0219052,0.000254712
1,table_under_pick,10,VAMP,1,1,6.707e-05,1720,18,13.28,15,666,0,0.000264787,0.00249477,0,0,0,0,0,0,0,0,0,0,0,0,0
1,table_under_pick,13,isSafe,0,0,0,0,0,0,0,0,0,inf,inf,0,0,0,0,0,0,0,0,0,0,0,0,0
1,table_under_pick,13,qpFixed,0,0,0,0,0,0,0,0,0,inf,inf,0,0,0,0,0,0,0,0,0,0,0,0,0
1,table_under_pick,13,qpAdaptive,0,0,0,0,0,0,0,0,0,inf,inf,0,0,0,0,0,0,0,0,0,0,0,0,0
1,table_under_pick,13,l1Old,0,0,0,0,0,0,0,0,0,inf,inf,0,0,0,0,0,0,0,0,0,0,0,0,0
1,table_under_pick,13,qpFreeGate,0,0,0,0,0,0,0,0,0,inf,inf,0,0,0,0,0,0,0,0,0,0,0,0,0
1,table_under_pick,13,qpEnvelope,0,0,0,0,0,0,0,0,0,inf,inf,0,0,0,0,0,0,0,0,0,0,0,0,0
1,table_under_pick,13,VAMP,0,0,0,0,0,0,0,0,0,inf,inf,0,0,0,0,0,0,0,0,0,0,0,0,0
1,table_under_pick,14,isSafe,1,1,0.00238636,2701,16,11.3033,13,567,0,0.000409362,0.00249477,0,0,0,0,27,11,0.592593,0,0,0,0,0,0
1,table_under_pick,14,qpFixed,1,1,0.0320599,18604,91,16.0061,2688,2688,0,0.00193254,0.00249477,0,0,0.00463781,0,57,52,1.59649,0,0,0,1,0,0
1,table_under_pick,14,qpAdaptive,1,1,0.0362466,16590,91,16.0027,1998,1998,0,0.00207705,0.00249477,0,0,0.00520032,0.0288125,57,52,1.59649,0,0,0,0.971067,0.0280289,0.000904159
1,table_under_pick,14,l1Old,1,0,10,1348061,76353,0,0,0,0,inf,inf,0,0,0.037658,0.50922,644591,76351,0.118452,0,0,0,0,0,0
1,table_under_pick,14,qpFreeGate,1,1,0.00727798,6843,54,14.8852,2303,2303,0,0.00378899,0.00249477,0,0,0.006873,0,135,47,0.4,0,0,0,1,0,0
1,table_under_pick,14,qpEnvelope,1,1,0.036455,16423,91,16.0047,1968,1968,0,0.00207974,0.00249477,0,0,0.00525385,0.0213725,57,52,1.59649,0,0,0,0.978628,0.02052,0.000852463
1,table_under_pick,14,VAMP,1,1,5.3195e-05,889,18,12.0063,14,602,0,0.000409362,0.00249477,0,0,0,0,0,0,0,0,0,0,0,0,0
1,table_under_pick,15,isSafe,0,0,0,0,0,0,0,0,0,inf,inf,0,0,0,0,0,0,0,0,0,0,0,0,0
1,table_under_pick,15,qpFixed,0,0,0,0,0,0,0,0,0,inf,inf,0,0,0,0,0,0,0,0,0,0,0,0,0
1,table_under_pick,15,qpAdaptive,0,0,0,0,0,0,0,0,0,inf,inf,0,0,0,0,0,0,0,0,0,0,0,0,0
1,table_under_pick,15,l1Old,0,0,0,0,0,0,0,0,0,inf,inf,0,0,0,0,0,0,0,0,0,0,0,0,0
1,table_under_pick,15,qpFreeGate,0,0,0,0,0,0,0,0,0,inf,inf,0,0,0,0,0,0,0,0,0,0,0,0,0
1,table_under_pick,15,qpEnvelope,0,0,0,0,0,0,0,0,0,inf,inf,0,0,0,0,0,0,0,0,0,0,0,0,0
1,table_under_pick,15,VAMP,0,0,0,0,0,0,0,0,0,inf,inf,0,0,0,0,0,0,0,0,0,0,0,0,0
1,table_under_pick,16,isSafe,0,0,0,0,0,0,0,0,0,inf,inf,0,0,0,0,0,0,0,0,0,0,0,0,0
1,table_under_pick,16,qpFixed,0,0,0,0,0,0,0,0,0,inf,inf,0,0,0,0,0,0,0,0,0,0,0,0,0
1,table_under_pick,16,qpAdaptive,0,0,0,0,0,0,0,0,0,inf,inf,0,0,0,0,0,0,0,0,0,0,0,0,0
1,table_under_pick,16,l1Old,0,0,0,0,0,0,0,0,0,inf,inf,0,0,0,0,0,0,0,0,0,0,0,0,0
1,table_under_pick,16,qpFreeGate,0,0,0,0,0,0,0,0,0,inf,inf,0,0,0,0,0,0,0,0,0,0,0,0,0
1,table_under_pick,16,qpEnvelope,0,0,0,0,0,0,0,0,0,inf,inf,0,0,0,0,0,0,0,0,0,0,0,0,0
1,table_under_pick,16,VAMP,0,0,0,0,0,0,0,0,0,inf,inf,0,0,0,0,0,0,0,0,0,0,0,0,0
1,table_under_pick,18,isSafe,0,0,0,0,0,0,0,0,0,inf,inf,0,0,0,0,0,0,0,0,0,0,0,0,0
1,table_under_pick,18,qpFixed,0,0,0,0,0,0,0,0,0,inf,inf,0,0,0,0,0,0,0,0,0,0,0,0,0
1,table_under_pick,18,qpAdaptive,0,0,0,0,0,0,0,0,0,inf,inf,0,0,0,0,0,0,0,0,0,0,0,0,0
1,table_under_pick,18,l1Old,0,0,0,0,0,0,0,0,0,inf,inf,0,0,0,0,0,0,0,0,0,0,0,0,0
1,table_under_pick,18,qpFreeGate,0,0,0,0,0,0,0,0,0,inf,inf,0,0,0,0,0,0,0,0,0,0,0,0,0
1,table_under_pick,18,qpEnvelope,0,0,0,0,0,0,0,0,0,inf,inf,0,0,0,0,0,0,0,0,0,0,0,0,0
1,table_under_pick,18,VAMP,0,0,0,0,0,0,0,0,0,inf,inf,0,0,0,0,0,0,0,0,0,0,0,0,0
1,table_under_pick,20,isSafe,1,1,0.00944487,10796,54,9.48674,11,476,3,-0.00174707,0.00249477,0,0,0,0,200,50,0.27,0,0,0,0,0,0
1,table_under_pick,20,qpFixed,1,1,0.00320271,2093,15,9.74063,1479,1479,0,0.00188681,0.00249477,0,0,0.00565556,0,6,5,2.5,0,0,0,1,0,0
1,table_under_pick,20,qpAdaptive,1,1,0.00308595,1433,15,9.74068,1084,1084,0,0.00188592,0.00249477,0,0,0.00825944,0.0565248,6,5,2.5,0,0,0,0.943475,0.0516399,0.00488486
1,table_under_pick,20,l1Old,1,0,10.0001,1329306,79812,0,0,0,0,inf,inf,0,0,0.0399914,0.50525,641413,79810,0.124432,0,0,0,0,0,0
1,table_under_pick,20,qpFreeGate,1,1,0.0260912,25037,178,10.2517,1557,1557,0,0.00390756,0.00249477,0,0,0.00677636,0,731,172,0.243502,0,0,0,1,0,0
1,table_under_pick,20,qpEnvelope,1,1,0.0031819,1394,15,9.74114,1076,1076,0,0.00188336,0.00249477,0,0,0.00849257,0.0416069,6,5,2.5,0,0,0,0.958393,0.0365854,0.00502152
1,table_under_pick,20,VAMP,1,1,0.000268454,7094,63,9.48674,11,476,3,-0.00174707,0.00249477,0,0,0,0,0,0,0,0,0,0,0,0,0
1,table_under_pick,22,isSafe,1,1,0.00292993,3337,19,10.2933,12,516,1,-0.000378462,0.00249477,0,0,0,0,47,13,0.404255,0,0,0,0,0,0
1,table_under_pick,22,qpFixed,1,1,0.00956399,5536,34,14.2959,2395,2395,0,0.000934159,0.00249477,0,0,0.00517214,0,11,10,3.09091,0,0,0,1,0,0
1,table_under_pick,22,qpAdaptive,1,1,0.0110482,5097,34,14.2959,2137,2137,0,0.00093414,0.00249477,0,0,0.00561723,0.0357073,11,10,3.09091,0,0,0,0.964293,0.0345301,0.00117716
1,table_under_pick,22,l1Old,1,0,10,1367200,78464,0,0,0,0,inf,inf,0,0,0.0380918,0.507932,655345,78462,0.119729,0,0,0,0,0,0
1,table_under_pick,22,qpFreeGate,1,1,0.00643048,6054,48,19.9323,2897,2897,0,0.00356024,0.00249477,0,0,0.00685921,0,153,41,0.313725,0,0,0,1,0,0
1,table_under_pick,22,qpEnvelope,1,1,0.0110323,4946,34,14.2964,2063,2063,0,0.000934024,0.00249477,0,0,0.0057888,0.0179943,11,10,3.09091,0,0,0,0.982006,0.0167812,0.0012131
1,table_under_pick,22,VAMP,1,1,6.6073e-05,1327,22,12.3985,14,621,1,-0.000388313,0.00249477,0,0,0,0,0,0,0,0,0,0,0,0,0
1,table_under_pick,23,isSafe,0,0,0,0,0,0,0,0,0,inf,inf,0,0,0,0,0,0,0,0,0,0,0,0,0
1,table_under_pick,23,qpFixed,0,0,0,0,0,0,0,0,0,inf,inf,0,0,0,0,0,0,0,0,0,0,0,0,0
1,table_under_pick,23,qpAdaptive,0,0,0,0,0,0,0,0,0,inf,inf,0,0,0,0,0,0,0,0,0,0,0,0,0
1,table_under_pick,23,l1Old,0,0,0,0,0,0,0,0,0,inf,inf,0,0,0,0,0,0,0,0,0,0,0,0,0
1,table_under_pick,23,qpFreeGate,0,0,0,0,0,0,0,0,0,inf,inf,0,0,0,0,0,0,0,0,0,0,0,0,0
1,table_under_pick,23,qpEnvelope,0,0,0,0,0,0,0,0,0,inf,inf,0,0,0,0,0,0,0,0,0,0,0,0,0
1,table_under_pick,23,VAMP,0,0,0,0,0,0,0,0,0,inf,inf,0,0,0,0,0,0,0,0,0,0,0,0,0
1,table_under_pick,24,isSafe,0,0,0,0,0,0,0,0,0,inf,inf,0,0,0,0,0,0,0,0,0,0,0,0,0
1,table_under_pick,24,qpFixed,0,0,0,0,0,0,0,0,0,inf,inf,0,0,0,0,0,0,0,0,0,0,0,0,0
1,table_under_pick,24,qpAdaptive,0,0,0,0,0,0,0,0,0,inf,inf,0,0,0,0,0,0,0,0,0,0,0,0,0
1,table_under_pick,24,l1Old,0,0,0,0,0,0,0,0,0,inf,inf,0,0,0,0,0,0,0,0,0,0,0,0,0
1,table_under_pick,24,qpFreeGate,0,0,0,0,0,0,0,0,0,inf,inf,0,0,0,0,0,0,0,0,0,0,0,0,0
1,table_under_pick,24,qpEnvelope,0,0,0,0,0,0,0,0,0,inf,inf,0,0,0,0,0,0,0,0,0,0,0,0,0
1,table_under_pick,24,VAMP,0,0,0,0,0,0,0,0,0,inf,inf,0,0,0,0,0,0,0,0,0,0,0,0,0
1,table_under_pick,25,isSafe,0,0,0,0,0,0,0,0,0,inf,inf,0,0,0,0,0,0,0,0,0,0,0,0,0
1,table_under_pick,25,qpFixed,0,0,0,0,0,0,0,0,0,inf,inf,0,0,0,0,0,0,0,0,0,0,0,0,0
1,table_under_pick,25,qpAdaptive,0,0,0,0,0,0,0,0,0,inf,inf,0,0,0,0,0,0,0,0,0,0,0,0,0
1,table_under_pick,25,l1Old,0,0,0,0,0,0,0,0,0,inf,inf,0,0,0,0,0,0,0,0,0,0,0,0,0
1,table_under_pick,25,qpFreeGate,0,0,0,0,0,0,0,0,0,inf,inf,0,0,0,0,0,0,0,0,0,0,0,0,0
1,table_under_pick,25,qpEnvelope,0,0,0,0,0,0,0,0,0,inf,inf,0,0,0,0,0,0,0,0,0,0,0,0,0
1,table_under_pick,25,VAMP,0,0,0,0,0,0,0,0,0,inf,inf,0,0,0,0,0,0,0,0,0,0,0,0,0
1,table_under_pick,26,isSafe,1,1,0.00367704,4180,21,13.9638,15,700,0,0.00393067,0.00249477,0,0,0,0,76,15,0.276316,0,0,0,0,0,0
1,table_under_pick,26,qpFixed,1,1,0.0102698,6352,38,14.9917,2598,2598,14,-0.000254501,0.00249477,0,0,0.00501751,0,12,12,3.16667,0,0,0,1,0,0
1,table_under_pick,26,qpAdaptive,1,1,0.0112265,5231,38,14.9916,2024,2024,14,-0.000254221,0.00249477,0,0,0.00609293,0.023896,12,12,3.16667,0,0,0,0.975722,0.0223667,0.00191168
1,table_under_pick,26,l1Old,1,0,10,1402576,79558,0,0,0,0,inf,inf,0,0,0.0373369,0.504728,676571,79556,0.11759,0,0,0,0,0,0
1,table_under_pick,26,qpFreeGate,1,1,0.0163273,15503,117,16.9702,2423,2423,0,0.00390723,0.00249477,0,0,0.00678602,0,698,109,0.167622,0,0,0,1,0,0
1,table_under_pick,26,qpEnvelope,1,1,0.0112799,5167,38,14.9902,2000,2000,14,-0.000270216,0.00249477,0,0,0.0061693,0.0191601,12,12,3.16667,0,0,0,0.980646,0.0174182,0.00193536
1,table_under_pick,26,VAMP,1,1,8.0064e-05,1894,22,14.1106,16,707,3,-0.00221724,0.00249477,0,0,0,0,0,0,0,0,0,0,0,0,0
1,table_under_pick,30,isSafe,0,0,0,0,0,0,0,0,0,inf,inf,0,0,0,0,0,0,0,0,0,0,0,0,0
1,table_under_pick,30,qpFixed,0,0,0,0,0,0,0,0,0,inf,inf,0,0,0,0,0,0,0,0,0,0,0,0,0
1,table_under_pick,30,qpAdaptive,0,0,0,0,0,0,0,0,0,inf,inf,0,0,0,0,0,0,0,0,0,0,0,0,0
1,table_under_pick,30,l1Old,0,0,0,0,0,0,0,0,0,inf,inf,0,0,0,0,0,0,0,0,0,0,0,0,0
1,table_under_pick,30,qpFreeGate,0,0,0,0,0,0,0,0,0,inf,inf,0,0,0,0,0,0,0,0,0,0,0,0,0
1,table_under_pick,30,qpEnvelope,0,0,0,0,0,0,0,0,0,inf,inf,0,0,0,0,0,0,0,0,0,0,0,0,0
1,table_under_pick,30,VAMP,0,0,0,0,0,0,0,0,0,inf,inf,0,0,0,0,0,0,0,0,0,0,0,0,0
1,table_under_pick,31,isSafe,1,1,0.00612887,7010,37,18.187,20,911,0,0.00220536,0.00249477,0,0,0,0,100,30,0.37,0,0,0,0,0,0
1,table_under_pick,31,qpFixed,1,1,0.0116487,7353,42,15.5791,2767,2767,0,0.00278507,0.00249477,0,0,0.00483926,0,18,17,2.33333,0,0,0,1,0,0
1,table_under_pick,31,qpAdaptive,1,1,0.0124453,5859,42,15.5805,2177,2177,0,0.00278507,0.00249477,0,0,0.00607442,0.0462536,18,17,2.33333,0,0,0,0.953576,0.0447175,0.00170678
1,table_under_pick,31,l1Old,1,0,10,1342893,81282,0,0,0,0,inf,inf,0,0,0.040153,0.506469,646239,81280,0.125777,0,0,0,0,0,0
1,table_under_pick,31,qpFreeGate,1,1,0.0065081,6251,53,17.0754,2299,2299,0,0.00417262,0.00249477,0,0,0.00684121,0,207,46,0.256039,0,0,0,1,0,0
1,table_under_pick,31,qpEnvelope,1,1,0.0125012,5726,42,15.5791,2153,2153,0,0.00278507,0.00249477,0,0,0.00621629,0.0293399,18,17,2.33333,0,0,0,0.970486,0.0277681,0.00174642
1,table_under_pick,31,VAMP,1,1,0.00012232,3009,38,18.7287,20,938,0,0.00220536,0.00249477,0,0,0,0,0,0,0,0,0,0,0,0,0
1,table_under_pick,32,isSafe,0,0,0,0,0,0,0,0,0,inf,inf,0,0,0,0,0,0,0,0,0,0,0,0,0
1,table_under_pick,32,qpFixed,0,0,0,0,0,0,0,0,0,inf,inf,0,0,0,0,0,0,0,0,0,0,0,0,0
1,table_under_pick,32,qpAdaptive,0,0,0,0,0,0,0,0,0,inf,inf,0,0,0,0,0,0,0,0,0,0,0,0,0
1,table_under_pick,32,l1Old,0,0,0,0,0,0,0,0,0,inf,inf,0,0,0,0,0,0,0,0,0,0,0,0,0
1,table_under_pick,32,qpFreeGate,0,0,0,0,0,0,0,0,0,inf,inf,0,0,0,0,0,0,0,0,0,0,0,0,0
1,table_under_pick,32,qpEnvelope,0,0,0,0,0,0,0,0,0,inf,inf,0,0,0,0,0,0,0,0,0,0,0,0,0
1,table_under_pick,32,VAMP,0,0,0,0,0,0,0,0,0,inf,inf,0,0,0,0,0,0,0,0,0,0,0,0,0
1,bookshelf_small,1,isSafe,0,0,0,0,0,0,0,0,0,inf,inf,0,0,0,0,0,0,0,0,0,0,0,0,0
1,bookshelf_small,1,qpFixed,0,0,0,0,0,0,0,0,0,inf,inf,0,0,0,0,0,0,0,0,0,0,0,0,0
1,bookshelf_small,1,qpAdaptive,0,0,0,0,0,0,0,0,0,inf,inf,0,0,0,0,0,0,0,0,0,0,0,0,0
1,bookshelf_small,1,l1Old,0,0,0,0,0,0,0,0,0,inf,inf,0,0,0,0,0,0,0,0,0,0,0,0,0
1,bookshelf_small,1,qpFreeGate,0,0,0,0,0,0,0,0,0,inf,inf,0,0,0,0,0,0,0,0,0,0,0,0,0
1,bookshelf_small,1,qpEnvelope,0,0,0,0,0,0,0,0,0,inf,inf,0,0,0,0,0,0,0,0,0,0,0,0,0
1,bookshelf_small,1,VAMP,0,0,0,0,0,0,0,0,0,inf,inf,0,0,0,0,0,0,0,0,0,0,0,0,0
1,bookshelf_small,3,isSafe,1,1,0.0551505,62619,298,18.5943,20,931,0,0.00245818,0.00249477,0,0,0,0,1600,293,0.18625,0,0,0,0,0,0
1,bookshelf_small,3,qpFixed,1,1,0.00802444,5059,32,13.6263,1998,1998,0,0.000108052,0.00249477,0,0,0.00531159,0,12,9,2.66667,0,0,0,1,0,0
1,bookshelf_small,3,qpAdaptive,1,1,0.00779373,3481,32,13.6318,1452,1452,0,0.000108048,0.00249477,0,0,0.00772177,0.048262,12,9,2.66667,0,0,0,0.950876,0.0445274,0.00459638
1,bookshelf_small,3,l1Old,1,0,10,1352796,76888,0,0,0,0,inf,inf,0,0,0.0377464,0.51014,645377,76886,0.119137,0,0,0,0,0,0
1,bookshelf_small,3,qpFreeGate,1,1,0.0317229,30318,233,20.2133,2798,2798,0,0.00348044,0.00249477,0,0,0.00692066,0,810,219,0.287654,0,0,0,1,0,0
1,bookshelf_small,3,qpEnvelope,1,1,0.00793724,3362,32,13.6325,1411,1411,0,0.000108236,0.00249477,0,0,0.00799571,0.0297442,12,9,2.66667,0,0,0,0.969066,0.0258775,0.00505651
1,bookshelf_small,3,VAMP,1,1,0.000323421,9822,93,13.3019,15,667,6,-0.00338266,0.00249477,0,0,0,0,0,0,0,0,0,0,0,0,0
1,bookshelf_small,5,isSafe,0,0,0,0,0,0,0,0,0,inf,inf,0,0,0,0,0,0,0,0,0,0,0,0,0
1,bookshelf_small,5,qpFixed,0,0,0,0,0,0,0,0,0,inf,inf,0,0,0,0,0,0,0,0,0,0,0,0,0
1,bookshelf_small,5,qpAdaptive,0,0,0,0,0,0,0,0,0,inf,inf,0,0,0,0,0,0,0,0,0,0,0,0,0
1,bookshelf_small,5,l1Old,0,0,0,0,0,0,0,0,0,inf,inf,0,0,0,0,0,0,0,0,0,0,0,0,0
1,bookshelf_small,5,qpFreeGate,0,0,0,0,0,0,0,0,0,inf,inf,0,0,0,0,0,0,0,0,0,0,0,0,0
1,bookshelf_small,5,qpEnvelope,0,0,0,0,0,0,0,0,0,inf,inf,0,0,0,0,0,0,0,0,0,0,0,0,0
1,bookshelf_small,5,VAMP,0,0,0,0,0,0,0,0,0,inf,inf,0,0,0,0,0,0,0,0,0,0,0,0,0
1,bookshelf_small,6,isSafe,0,0,0,0,0,0,0,0,0,inf,inf,0,0,0,0,0,0,0,0,0,0,0,0,0
1,bookshelf_small,6,qpFixed,0,0,0,0,0,0,0,0,0,inf,inf,0,0,0,0,0,0,0,0,0,0,0,0,0
1,bookshelf_small,6,qpAdaptive,0,0,0,0,0,0,0,0,0,inf,inf,0,0,0,0,0,0,0,0,0,0,0,0,0
1,bookshelf_small,6,l1Old,0,0,0,0,0,0,0,0,0,inf,inf,0,0,0,0,0,0,0,0,0,0,0,0,0
1,bookshelf_small,6,qpFreeGate,0,0,0,0,0,0,0,0,0,inf,inf,0,0,0,0,0,0,0,0,0,0,0,0,0
1,bookshelf_small,6,qpEnvelope,0,0,0,0,0,0,0,0,0,inf,inf,0,0,0,0,0,0,0,0,0,0,0,0,0
1,bookshelf_small,6,VAMP,0,0,0,0,0,0,0,0,0,inf,inf,0,0,0,0,0,0,0,0,0,0,0,0,0
1,bookshelf_small,7,isSafe,1,1,0.00196335,2227,14,9.0035,11,452,2,-0.000129839,0.00249477,0,0,0,0,12,6,1.16667,0,0,0,0,0,0
1,bookshelf_small,7,qpFixed,1,1,0.00514204,3106,20,12.6562,2171,2171,0,0.000254837,0.00249477,0,0,0.00531326,0,6,5,3.33333,0,0,0,1,0,0
1,bookshelf_small,7,qpAdaptive,1,1,0.00527088,2355,20,12.6562,1720,1720,0,0.000254837,0.00249477,0,0,0.00700764,0.0543524,6,5,3.33333,0,0,0,0.945648,0.05138,0.0029724
1,bookshelf_small,7,l1Old,1,0,10,1431446,75294,0,0,0,0,inf,inf,0,0,0.0347337,0.514824,675899,75292,0.111398,0,0,0,0,0,0
1,bookshelf_small,7,qpFreeGate,1,1,0.00706958,6597,53,17.883,2537,2537,0,0.00372489,0.00249477,0,0,0.00695263,0,168,42,0.315476,0,0,0,1,0,0
1,bookshelf_small,7,qpEnvelope,1,1,0.00529944,2255,20,12.6562,1660,1660,0,0.000254837,0.00249477,0,0,0.00731841,0.0350333,6,5,3.33333,0,0,0,0.964967,0.031929,0.00310421
1,bookshelf_small,7,VAMP,1,1,3.9284e-05,636,14,9.0035,11,452,2,-0.000129839,0.00249477,0,0,0,0,0,0,0,0,0,0,0,0,0
1,bookshelf_small,8,isSafe,0,0,0,0,0,0,0,0,0,inf,inf,0,0,0,0,0,0,0,0,0,0,0,0,0
1,bookshelf_small,8,qpFixed,0,0,0,0,0,0,0,0,0,inf,inf,0,0,0,0,0,0,0,0,0,0,0,0,0
1,bookshelf_small,8,qpAdaptive,0,0,0,0,0,0,0,0,0,inf,inf,0,0,0,0,0,0,0,0,0,0,0,0,0
1,bookshelf_small,8,l1Old,0,0,0,0,0,0,0,0,0,inf,inf,0,0,0,0,0,0,0,0,0,0,0,0,0
1,bookshelf_small,8,qpFreeGate,0,0,0,0,0,0,0,0,0,inf,inf,0,0,0,0,0,0,0,0,0,0,0,0,0
1,bookshelf_small,8,qpEnvelope,0,0,0,0,0,0,0,0,0,inf,inf,0,0,0,0,0,0,0,0,0,0,0,0,0
1,bookshelf_small,8,VAMP,0,0,0,0,0,0,0,0,0,inf,inf,0,0,0,0,0,0,0,0,0,0,0,0,0
1,bookshelf_small,13,isSafe,1,1,0.0957075,107790,512,24.1745,26,1210,2,-0.000304996,0.00249477,0,0,0,0,3061,503,0.167266,0,0,0,0,0,0
1,bookshelf_small,13,qpFixed,1,1,0.00940911,5763,34,12.792,2131,2131,1,-0.000283803,0.00249477,0,0,0.00531223,0,20,18,1.7,0,0,0,1,0,0
1,bookshelf_small,13,qpAdaptive,1,1,0.00988144,4540,34,12.7911,1940,1940,1,-0.000283803,0.00249477,0,0,0.00674278,0.0257709,20,18,1.7,0,0,0,0.973783,0.0237938,0.00242344
1,bookshelf_small,13,l1Old,1,0,10.0001,1337772,73337,0,0,0,0,inf,inf,0,0,0.0365338,0.505473,644783,73335,0.113739,0,0,0,0,0,0
1,bookshelf_small,13,qpFreeGate,1,1,0.0070911,6890,57,16.375,2133,2133,0,0.00421546,0.00249477,0,0,0.0072139,0,145,47,0.393103,0,0,0,1,0,0
1,bookshelf_small,13,qpEnvelope,1,1,0.00994561,4442,34,12.7936,1931,1931,1,-0.000283803,0.00249477,0,0,0.00689247,0.0153084,20,18,1.7,0,0,0,0.984013,0.0132853,0.00270209
1,bookshelf_small,13,VAMP,1,1,0.00095278,27943,246,13.214,15,662,9,-0.000359377,0.00249477,0,0,0,0,0,0,0,0,0,0,0,0,0
1,bookshelf_small,14,isSafe,1,1,0.00125659,1403,9,6.88862,8,346,0,0.00100586,0.00249477,0,0,0,0,3,2,3,0,0,0,0,0,0
1,bookshelf_small,14,qpFixed,1,1,0.000910727,869,9,6.20951,870,870,0,0.000699621,0.00249477,0,0,0.00714558,0,1,1,9,0,0,0,1,0,0
1,bookshelf_small,14,qpAdaptive,1,1,0.000210667,130,9,6.20951,387,387,0,0.000699621,0.00249477,0,0,0.0477654,0.538462,1,1,9,0,0,0,0.461538,0.484615,0.0538462
1,bookshelf_small,14,l1Old,1,0,10,1326901,73607,0,0,0,0,inf,inf,0,0,0.0370202,0.524815,613311,73605,0.120016,0,0,0,0,0,0
1,bookshelf_small,14,qpFreeGate,1,1,0.00091613,879,10,7.05788,877,877,0,0.00662459,0.00249477,0,0,0.00802944,0,4,3,2.5,0,0,0,1,0,0
1,bookshelf_small,14,qpEnvelope,1,1,0.000252602,77,9,6.20951,354,354,0,0.000699621,0.00249477,0,0,0.0806429,0.480519,1,1,9,0,0,0,0.519481,0.38961,0.0909091
1,bookshelf_small,14,VAMP,1,1,2.519e-05,305,9,6.88862,8,346,0,0.00100586,0.00249477,0,0,0,0,0,0,0,0,0,0,0,0,0
1,bookshelf_small,17,isSafe,1,1,0.00389379,4405,23,6.32493,8,318,0,0.00341163,0.00249477,0,0,0,0,54,17,0.425926,0,0,0,0,0,0
1,bookshelf_small,17,qpFixed,1,1,0.000961767,726,8,5.55123,727,727,8,-0.00134782,0.00249477,0,0,0.00764632,0,1,1,8,0,0,0,1,0,0
1,bookshelf_small,17,qpAdaptive,1,1,0.000666765,330,8,5.55123,474,474,8,-0.00134782,0.00249477,0,0,0.0168219,0.148485,1,1,8,0,0,0,0.851515,0.136364,0.0121212
1,bookshelf_small,17,l1Old,1,0,10.0001,1341858,76120,0,0,0,0,inf,inf,0,0,0.0378572,0.51966,627547,76118,0.121298,0,0,0,0,0,0
1,bookshelf_small,17,qpFreeGate,1,1,0.00180734,1766,17,9.38182,1287,1287,0,0.00341163,0.00249477,0,0,0.00708912,0,24,11,0.708333,0,0,0,1,0,0
1,bookshelf_small,17,qpEnvelope,1,1,0.000694391,295,8,5.55124,453,453,8,-0.00134782,0.00249477,0,0,0.0188178,0.111864,1,1,8,0,0,0,0.888136,0.0983051,0.0135593
1,bookshelf_small,17,VAMP,1,1,3.0575e-05,458,11,7.662,9,385,5,-0.00185214,0.00249477,0,0,0,0,0,0,0,0,0,0,0,0,0
1,bookshelf_small,18,isSafe,0,0,0,0,0,0,0,0,0,inf,inf,0,0,0,0,0,0,0,0,0,0,0,0,0
1,bookshelf_small,18,qpFixed,0,0,0,0,0,0,0,0,0,inf,inf,0,0,0,0,0,0,0,0,0,0,0,0,0
1,bookshelf_small,18,qpAdaptive,0,0,0,0,0,0,0,0,0,inf,inf,0,0,0,0,0,0,0,0,0,0,0,0,0
1,bookshelf_small,18,l1Old,0,0,0,0,0,0,0,0,0,inf,inf,0,0,0,0,0,0,0,0,0,0,0,0,0
1,bookshelf_small,18,qpFreeGate,0,0,0,0,0,0,0,0,0,inf,inf,0,0,0,0,0,0,0,0,0,0,0,0,0
1,bookshelf_small,18,qpEnvelope,0,0,0,0,0,0,0,0,0,inf,inf,0,0,0,0,0,0,0,0,0,0,0,0,0
1,bookshelf_small,18,VAMP,0,0,0,0,0,0,0,0,0,inf,inf,0,0,0,0,0,0,0,0,0,0,0,0,0
1,bookshelf_small,20,isSafe,1,1,0.00729748,8211,42,14.8103,16,742,10,-0.00116631,0.00249477,0,0,0,0,151,35,0.278146,0,0,0,0,0,0
1,bookshelf_small,20,qpFixed,1,1,0.000921947,669,8,5.47627,670,670,0,0.002209,0.00249477,0,0,0.00818575,0,1,1,8,0,0,0,1,0,0
1,bookshelf_small,20,qpAdaptive,1,1,0.000735985,356,8,5.47627,493,493,0,0.002209,0.00249477,0,0,0.0153828,0.120787,1,1,8,0,0,0,0.876404,0.11236,0.011236
1,bookshelf_small,20,l1Old,1,0,10,1328357,78517,0,0,0,0,inf,inf,0,0,0.0394282,0.514003,629007,78515,0.124827,0,0,0,0,0,0
1,bookshelf_small,20,qpFreeGate,1,1,0.00849532,8050,66,14.9059,2034,2034,0,0.00441635,0.00249477,0,0,0.00708421,0,183,56,0.360656,0,0,0,1,0,0
1,bookshelf_small,20,qpEnvelope,1,1,0.000772094,329,8,5.47627,478,478,0,0.002209,0.00249477,0,0,0.0166452,0.0942249,1,1,8,0,0,0,0.905775,0.0820669,0.0121581
1,bookshelf_small,20,VAMP,1,1,3.091e-05,642,11,7.83236,9,393,0,0.00197053,0.00249477,0,0,0,0,0,0,0,0,0,0,0,0,0
1,bookshelf_small,21,isSafe,1,1,0.00299925,3418,19,7.6215,9,383,0,0.00370496,0.00249477,0,0,0,0,34,15,0.558824,0,0,0,0,0,0
1,bookshelf_small,21,qpFixed,1,1,0.00152811,989,9,5.92913,929,929,19,-0.00107565,0.00249477,0,0,0.00615631,0,2,2,4.5,0,0,0,1,0,0
1,bookshelf_small,21,qpAdaptive,1,1,0.00154171,737,9,5.92913,745,745,19,-0.00107563,0.00249477,0,0,0.00826133,0.123474,2,2,4.5,0,0,0,0.873813,0.12076,0.00542741
1,bookshelf_small,21,l1Old,1,0,10.0001,1331454,78431,0,0,0,0,inf,inf,0,0,0.0392915,0.512453,632603,78429,0.123981,0,0,0,0,0,0
1,bookshelf_small,21,qpFreeGate,1,1,0.00272429,2614,22,7.78763,1148,1148,0,0.00370496,0.00249477,0,0,0.00697531,0,34,17,0.647059,0,0,0,1,0,0
1,bookshelf_small,21,qpEnvelope,1,1,0.00155341,673,9,5.92946,710,710,19,-0.00107785,0.00249477,0,0,0.00904728,0.0817236,2,2,4.5,0,0,0,0.915305,0.0787519,0.00594354
1,bookshelf_small,21,VAMP,1,1,5.8771e-05,1018,20,10.0851,12,506,3,-0.00344597,0.00249477,0,0,0,0,0,0,0,0,0,0,0,0,0
1,bookshelf_small,23,isSafe,0,0,0,0,0,0,0,0,0,inf,inf,0,0,0,0,0,0,0,0,0,0,0,0,0
1,bookshelf_small,23,qpFixed,0,0,0,0,0,0,0,0,0,inf,inf,0,0,0,0,0,0,0,0,0,0,0,0,0
1,bookshelf_small,23,qpAdaptive,0,0,0,0,0,0,0,0,0,inf,inf,0,0,0,0,0,0,0,0,0,0,0,0,0
1,bookshelf_small,23,l1Old,0,0,0,0,0,0,0,0,0,inf,inf,0,0,0,0,0,0,0,0,0,0,0,0,0
1,bookshelf_small,23,qpFreeGate,0,0,0,0,0,0,0,0,0,inf,inf,0,0,0,0,0,0,0,0,0,0,0,0,0
1,bookshelf_small,23,qpEnvelope,0,0,0,0,0,0,0,0,0,inf,inf,0,0,0,0,0,0,0,0,0,0,0,0,0
1,bookshelf_small,23,VAMP,0,0,0,0,0,0,0,0,0,inf,inf,0,0,0,0,0,0,0,0,0,0,0,0,0
1,bookshelf_small,24,isSafe,0,0,0,0,0,0,0,0,0,inf,inf,0,0,0,0,0,0,0,0,0,0,0,0,0
1,bookshelf_small,24,qpFixed,0,0,0,0,0,0,0,0,0,inf,inf,0,0,0,0,0,0,0,0,0,0,0,0,0
1,bookshelf_small,24,qpAdaptive,0,0,0,0,0,0,0,0,0,inf,inf,0,0,0,0,0,0,0,0,0,0,0,0,0
1,bookshelf_small,24,l1Old,0,0,0,0,0,0,0,0,0,inf,inf,0,0,0,0,0,0,0,0,0,0,0,0,0
1,bookshelf_small,24,qpFreeGate,0,0,0,0,0,0,0,0,0,inf,inf,0,0,0,0,0,0,0,0,0,0,0,0,0
1,bookshelf_small,24,qpEnvelope,0,0,0,0,0,0,0,0,0,inf,inf,0,0,0,0,0,0,0,0,0,0,0,0,0
1,bookshelf_small,24,VAMP,0,0,0,0,0,0,0,0,0,inf,inf,0,0,0,0,0,0,0,0,0,0,0,0,0
1,bookshelf_small,25,isSafe,0,0,0,0,0,0,0,0,0,inf,inf,0,0,0,0,0,0,0,0,0,0,0,0,0
1,bookshelf_small,25,qpFixed,0,0,0,0,0,0,0,0,0,inf,inf,0,0,0,0,0,0,0,0,0,0,0,0,0
1,bookshelf_small,25,qpAdaptive,0,0,0,0,0,0,0,0,0,inf,inf,0,0,0,0,0,0,0,0,0,0,0,0,0
1,bookshelf_small,25,l1Old,0,0,0,0,0,0,0,0,0,inf,inf,0,0,0,0,0,0,0,0,0,0,0,0,0
1,bookshelf_small,25,qpFreeGate,0,0,0,0,0,0,0,0,0,inf,inf,0,0,0,0,0,0,0,0,0,0,0,0,0
1,bookshelf_small,25,qpEnvelope,0,0,0,0,0,0,0,0,0,inf,inf,0,0,0,0,0,0,0,0,0,0,0,0,0
1,bookshelf_small,25,VAMP,0,0,0,0,0,0,0,0,0,inf,inf,0,0,0,0,0,0,0,0,0,0,0,0,0
1,bookshelf_small,27,isSafe,0,0,0,0,0,0,0,0,0,inf,inf,0,0,0,0,0,0,0,0,0,0,0,0,0
1,bookshelf_small,27,qpFixed,0,0,0,0,0,0,0,0,0,inf,inf,0,0,0,0,0,0,0,0,0,0,0,0,0
1,bookshelf_small,27,qpAdaptive,0,0,0,0,0,0,0,0,0,inf,inf,0,0,0,0,0,0,0,0,0,0,0,0,0
1,bookshelf_small,27,l1Old,0,0,0,0,0,0,0,0,0,inf,inf,0,0,0,0,0,0,0,0,0,0,0,0,0
1,bookshelf_small,27,qpFreeGate,0,0,0,0,0,0,0,0,0,inf,inf,0,0,0,0,0,0,0,0,0,0,0,0,0
1,bookshelf_small,27,qpEnvelope,0,0,0,0,0,0,0,0,0,inf,inf,0,0,0,0,0,0,0,0,0,0,0,0,0
1,bookshelf_small,27,VAMP,0,0,0,0,0,0,0,0,0,inf,inf,0,0,0,0,0,0,0,0,0,0,0,0,0
1,bookshelf_small,28,isSafe,1,1,0.00617691,7069,37,12.2266,14,613,0,0.00462317,0.00249477,0,0,0,0,111,28,0.333333,0,0,0,0,0,0
1,bookshelf_small,28,qpFixed,1,1,0.00372245,2300,20,11.6455,1991,1991,4,-0.000330441,0.00249477,0,0,0.00554268,0,3,3,6.66667,0,0,0,1,0,0
1,bookshelf_small,28,qpAdaptive,1,1,0.00415482,1941,22,11.6455,1741,1741,4,-0.000330441,0.00249477,0,0,0.0065678,0.0417311,3,3,7.33333,0,0,0,0.955693,0.0407007,0.00360639
1,bookshelf_small,28,l1Old,1,0,10,1378185,73492,0,0,0,0,inf,inf,0,0,0.0353629,0.509725,658257,73490,0.111646,0,0,0,0,0,0
1,bookshelf_small,28,qpFreeGate,1,1,0.00419995,3847,32,16.6716,2438,2438,0,0.00209333,0.00249477,0,0,0.00676153,0,81,25,0.395062,0,0,0,1,0,0
1,bookshelf_small,28,qpEnvelope,1,1,0.00410666,1860,17,11.6454,1685,1685,4,-0.000330441,0.00249477,0,0,0.0068538,0.0263441,3,3,5.66667,0,0,0,0.973118,0.0252688,0.0016129
1,bookshelf_small,28,VAMP,1,1,8.6976e-05,1901,28,11.5835,13,581,33,-0.00342313,0.00249477,0,0,0,0,0,0,0,0,0,0,0,0,0
1,bookshelf_small,29,isSafe,1,1,0.0133072,15231,75,13.2409,15,664,0,0.00240248,0.00249477,0,0,0,0,227,67,0.330396,0,0,0,0,0,0
1,bookshelf_small,29,qpFixed,1,1,0.00198577,1469,11,6.72098,966,966,0,0.00316358,0.00249477,0,0,0.00577096,0,2,2,5.5,0,0,0,1,0,0
1,bookshelf_small,29,qpAdaptive,1,1,0.00139404,619,11,6.72098,409,409,0,0.00316358,0.00249477,0,0,0.0136955,0.095315,2,2,5.5,0,0,0,0.901454,0.0872375,0.0113086
1,bookshelf_small,29,l1Old,1,0,10,1289690,77210,0,0,0,0,inf,inf,0,0,0.0400788,0.512639,612581,77208,0.12604,0,0,0,0,0,0
1,bookshelf_small,29,qpFreeGate,1,1,0.0154565,15027,125,11.6698,1532,1532,0,0.00419155,0.00249477,0,0,0.00704051,0,400,120,0.3125,0,0,0,1,0,0
1,bookshelf_small,29,qpEnvelope,1,1,0.00144736,584,11,6.72074,391,391,0,0.00305039,0.00249477,0,0,0.0145159,0.0496575,2,2,5.5,0,0,0,0.94863,0.0393836,0.0119863
1,bookshelf_small,29,VAMP,1,1,0.000249979,7814,88,13.2409,15,664,0,0.00240248,0.00249477,0,0,0,0,0,0,0,0,0,0,0,0,0
1,bookshelf_small,31,isSafe,1,1,0.0022335,2552,15,11.602,13,582,6,-0.00128574,0.00249477,0,0,0,0,15,6,1,0,0,0,0,0,0
1,bookshelf_small,31,qpFixed,1,1,0.000890232,775,10,6.96039,776,776,0,0.000683328,0.00249477,0,0,0.00898115,0,1,1,10,0,0,0,1,0,0
1,bookshelf_small,31,qpAdaptive,1,1,0.000481725,264,10,6.96039,494,494,0,0.000683328,0.00249477,0,0,0.0263651,0.238636,1,1,10,0,0,0,0.757576,0.215909,0.0265152
1,bookshelf_small,31,l1Old,1,0,10,1418163,71382,0,0,0,0,inf,inf,0,0,0.0333231,0.509953,676475,71380,0.105521,0,0,0,0,0,0
1,bookshelf_small,31,qpFreeGate,1,1,0.00548974,5357,42,12.5061,1657,1657,0,0.00377979,0.00249477,0,0,0.00697811,0,118,34,0.355932,0,0,0,1,0,0
1,bookshelf_small,31,qpEnvelope,1,1,0.000480257,207,10,6.96028,468,468,0,0.000696413,0.00249477,0,0,0.0336245,0.101449,1,1,10,0,0,0,0.898551,0.0676329,0.0338164
1,bookshelf_small,31,VAMP,1,1,4.741e-05,705,16,11.602,13,582,6,-0.00128574,0.00249477,0,0,0,0,0,0,0,0,0,0,0,0,0
1,bookshelf_small,34,isSafe,0,0,0,0,0,0,0,0,0,inf,inf,0,0,0,0,0,0,0,0,0,0,0,0,0
1,bookshelf_small,34,qpFixed,0,0,0,0,0,0,0,0,0,inf,inf,0,0,0,0,0,0,0,0,0,0,0,0,0
1,bookshelf_small,34,qpAdaptive,0,0,0,0,0,0,0,0,0,inf,inf,0,0,0,0,0,0,0,0,0,0,0,0,0
1,bookshelf_small,34,l1Old,0,0,0,0,0,0,0,0,0,inf,inf,0,0,0,0,0,0,0,0,0,0,0,0,0
1,bookshelf_small,34,qpFreeGate,0,0,0,0,0,0,0,0,0,inf,inf,0,0,0,0,0,0,0,0,0,0,0,0,0
1,bookshelf_small,34,qpEnvelope,0,0,0,0,0,0,0,0,0,inf,inf,0,0,0,0,0,0,0,0,0,0,0,0,0
1,bookshelf_small,34,VAMP,0,0,0,0,0,0,0,0,0,inf,inf,0,0,0,0,0,0,0,0,0,0,0,0,0
1,box,1,isSafe,1,1,0.00946552,11210,57,14.698,16,736,0,0.0127548,0.00249477,0,0,0,0,196,51,0.290816,0,0,0,0,0,0
1,box,1,qpFixed,1,1,0.000999178,734,8,5.02881,735,735,0,0.000773885,0.00249477,0,0,0.00685123,0,1,1,8,0,0,0,1,0,0
1,box,1,qpAdaptive,1,1,0.000770334,361,8,5.02881,501,501,0,0.000773106,0.00249477,0,0,0.0139302,0.102493,1,1,8,0,0,0,0.897507,0.0914127,0.0110803
1,box,1,l1Old,1,1,0.0024932,2226,124,11.5064,653,653,0,0.0392989,0.00249477,0,0,0.0512864,0.751572,519,115,0.238921,0,0,0,0,0,0
1,box,1,qpFreeGate,1,1,0.0123603,12173,102,19.5171,2669,2669,0,0.00748117,0.00249477,0,0,0.00720276,0,238,86,0.428571,0,0,0,1,0,0
1,box,1,qpEnvelope,1,1,0.000767861,341,8,5.02902,488,488,0,0.000775153,0.00249477,0,0,0.0147479,0.0733138,1,1,8,0,0,0,0.926686,0.0615836,0.0117302
1,box,1,VAMP,1,1,0.000193206,4220,62,17.1612,19,860,8,-0.00322732,0.00249477,0,0,0,0,0,0,0,0,0,0,0,0,0
1,box,2,isSafe,1,1,0.00283564,3285,19,10.1554,12,509,0,0.0486552,0.00249477,0,0,0,0,26,12,0.730769,0,0,0,0,0,0
1,box,2,qpFixed,1,1,0.00128529,991,9,5.63814,992,992,0,0.000106977,0.00249477,0,0,0.00568934,0,1,1,9,0,0,0,1,0,0
1,box,2,qpAdaptive,1,1,0.000859613,405,9,5.63821,581,581,0,0.00010697,0.00249477,0,0,0.0139215,0.106173,1,1,9,0,0,0,0.891358,0.0962963,0.0123457
1,box,2,l1Old,1,1,0.00128966,1187,75,13.7732,773,773,0,0.021128,0.00249477,0,0,0.0547689,0.789385,225,65,0.333333,0,0,0,0,0,0
1,box,2,qpFreeGate,1,1,0.00215909,2127,20,12.7951,1722,1722,0,0.00423893,0.00249477,0,0,0.0073134,0,17,11,1.17647,0,0,0,1,0,0
1,box,2,qpEnvelope,1,1,0.000891955,381,9,5.63888,566,566,0,0.000106897,0.00249477,0,0,0.0148002,0.0918635,1,1,9,0,0,0,0.908136,0.0787402,0.0131234
1,box,2,VAMP,1,1,4.6213e-05,876,18,11.4777,13,575,0,0.0183908,0.00249477,0,0,0,0,0,0,0,0,0,0,0,0,0
1,box,3,isSafe,1,1,0.00131235,1530,10,7.54745,9,379,0,0.000234453,0.00249477,0,0,0,0,10,5,1,0,0,0,0,0,0
1,box,3,qpFixed,1,1,0.00182045,1344,10,6.96373,1078,1078,0,0.00241771,0.00249477,0,0,0.00602346,0,3,3,3.33333,0,0,0,1,0,0
1,box,3,qpAdaptive,1,1,0.00169667,898,10,6.96466,765,765,0,0.00241446,0.00249477,0,0,0.00901601,0.114699,3,3,3.33333,0,0,0,0.885301,0.110245,0.00445434
1,box,3,l1Old,1,1,0.00531947,4441,278,15.0402,881,881,0,0.0156604,0.00249477,0,0,0.0554195,0.727314,1130,270,0.246018,0,0,0,0,0,0
1,box,3,qpFreeGate,1,1,0.00198072,1890,19,9.16149,1274,1274,0,0.0118155,0.00249477,0,0,0.00700093,0,19,10,1,0,0,0,1,0,0
1,box,3,qpEnvelope,1,1,0.00168395,846,10,6.96536,733,733,0,0.00241193,0.00249477,0,0,0.00957138,0.102837,3,3,3.33333,0,0,0,0.897163,0.0969267,0.00591017
1,box,3,VAMP,1,1,2.7464e-05,426,10,7.54745,9,379,0,0.000234453,0.00249477,0,0,0,0,0,0,0,0,0,0,0,0,0
1,box,4,isSafe,1,1,0.0099309,11713,59,12.3352,14,618,0,0.00125541,0.00249477,0,0,0,0,190,52,0.310526,0,0,0,0,0,0
1,box,4,qpFixed,1,1,0.00315123,2005,16,6.88325,978,978,0,0.000579616,0.00249477,0,0,0.00619044,0,4,4,4,0,0,0,1,0,0
1,box,4,qpAdaptive,1,1,0.00324528,1503,16,6.88338,817,817,0,0.000579386,0.00249477,0,0,0.00825817,0.0532269,4,4,4,0,0,0,0.946773,0.0512309,0.00199601
1,box,4,l1Old,1,1,0.00114653,1078,66,18.407,1031,1031,0,0.018025,0.00249477,0,0,0.0504778,0.794991,197,56,0.335025,0,0,0,0,0,0
1,box,4,qpFreeGate,1,1,0.00509334,4918,46,10.0068,1408,1408,0,0.00713875,0.00249477,0,0,0.00718422,0,87,34,0.528736,0,0,0,1,0,0
1,box,4,qpEnvelope,1,1,0.0032231,1466,16,6.88397,811,811,0,0.000579509,0.00249477,0,0,0.00846748,0.0409277,4,4,4,0,0,0,0.959072,0.0388813,0.00204638
1,box,4,VAMP,1,1,0.000114698,2485,37,18.2097,20,912,18,-0.00274379,0.00249477,0,0,0,0,0,0,0,0,0,0,0,0,0
1,box,5,isSafe,1,1,0.00343853,4045,22,8.92525,10,448,0,0.0116912,0.00249477,0,0,0,0,30,16,0.733333,0,0,0,0,0,0
1,box,5,qpFixed,1,1,0.00998384,6729,37,10.3073,1547,1547,0,0.000281657,0.00249477,0,0,0.00481353,0,17,15,2.17647,0,0,0,1,0,0
1,box,5,qpAdaptive,1,1,0.0103925,5236,37,10.3074,1052,1052,0,0.000281612,0.00249477,0,0,0.00618615,0.0446906,17,15,2.17647,0,0,0,0.954927,0.0429717,0.00210084
1,box,5,l1Old,1,1,0.000665894,614,57,17.8165,984,984,0,0.0214629,0.00249477,0,0,0.0772619,0.807818,102,46,0.558824,0,0,0,0,0,0
1,box,5,qpFreeGate,1,1,0.00347983,3471,29,10.8036,1519,1519,0,0.0217887,0.00249477,0,0,0.00710438,0,32,21,0.90625,0,0,0,1,0,0
1,box,5,qpEnvelope,1,1,0.0103097,5065,37,10.308,1007,1007,0,0.000282077,0.00249477,0,0,0.00639558,0.0276407,17,15,2.17647,0,0,0,0.972162,0.0256663,0.00217177
1,box,5,VAMP,1,1,6.885e-05,1064,23,8.92525,10,448,0,0.0116912,0.00249477,0,0,0,0,0,0,0,0,0,0,0,0,0
1,box,6,isSafe,1,1,0.00175462,2052,13,8.08265,10,406,0,0.0386777,0.00249477,0,0,0,0,11,7,1.18182,0,0,0,0,0,0
1,box,6,qpFixed,1,1,0.00122264,1022,9,6.05629,1023,1023,0,0.000944294,0.00249477,0,0,0.00592592,0,1,1,9,0,0,0,1,0,0
1,box,6,qpAdaptive,1,1,0.000668315,323,9,6.05646,535,535,0,0.000968166,0.00249477,0,0,0.0187507,0.117647,1,1,9,0,0,0,0.882353,0.102167,0.0154799
1,box,6,l1Old,1,1,0.000430578,407,31,12.2705,682,682,0,0.0271903,0.00249477,0,0,0.0599777,0.820639,64,21,0.484375,0,0,0,0,0,0
1,box,6,qpFreeGate,1,1,0.00538278,5362,46,13.0825,1769,1769,0,0.00785709,0.00249477,0,0,0.00718287,0,82,34,0.560976,0,0,0,1,0,0
1,box,6,qpEnvelope,1,1,0.000683731,306,9,6.05701,528,528,0,0.000968157,0.00249477,0,0,0.0197941,0.0947712,1,1,9,0,0,0,0.905229,0.0784314,0.0163399
1,box,6,VAMP,1,1,2.975e-05,534,13,8.08265,10,406,0,0.0386777,0.00249477,0,0,0,0,0,0,0,0,0,0,0,0,0
1,box,7,isSafe,1,1,0.00120261,1376,9,6.8344,8,343,0,0.00383474,0.00249477,0,0,0,0,4,3,2.25,0,0,0,0,0,0
1,box,7,qpFixed,1,1,0.00175038,1221,10,6.2217,1222,1222,0,0.00222418,0.00249477,0,0,0.00509558,0,1,1,10,0,0,0,1,0,0
1,box,7,qpAdaptive,1,1,0.00130964,599,10,6.22175,778,778,0,0.00222413,0.00249477,0,0,0.0103869,0.0734558,1,1,10,0,0,0,0.926544,0.066778,0.0066778
1,box,7,l1Old,1,1,0.00285051,2465,146,17.5841,1053,1053,0,0.0111502,0.00249477,0,1,0.051684,0.80568,430,135,0.339535,0,0,0,0,0,0
1,box,7,qpFreeGate,1,1,0.00725212,7022,58,14.4835,2074,2074,0,0.00834618,0.00249477,0,0,0.00715324,0,130,51,0.446154,0,0,0,1,0,0
1,box,7,qpEnvelope,1,1,0.0013947,579,10,6.22242,766,766,0,0.00222416,0.00249477,0,0,0.0107468,0.0535406,1,1,10,0,0,0,0.946459,0.0466321,0.00690846
1,box,7,VAMP,1,1,2.3837e-05,262,9,6.8344,8,343,0,0.00383474,0.00249477,0,0,0,0,0,0,0,0,0,0,0,0,0
1,box,8,isSafe,1,1,0.00853119,10111,52,8.6902,10,436,0,0.0234805,0.00249477,0,0,0,0,126,45,0.412698,0,0,0,0,0,0
1,box,8,qpFixed,1,1,0.00261315,1776,15,10.0733,1652,1652,0,0.000551052,0.00249477,0,0,0.005918,0,4,4,3.75,0,0,0,1,0,0
1,box,8,qpAdaptive,1,1,0.00267118,1338,15,10.0726,1333,1333,0,0.000502658,0.00249477,0,0,0.00785488,0.115097,4,4,3.75,0,0,0,0.884155,0.113602,0.00224215
1,box,8,l1Old,1,1,0.0011415,1030,74,20.485,1117,1117,0,0.0257877,0.00249477,0,0,0.0635603,0.751456,238,66,0.310924,0,0,0,0,0,0
1,box,8,qpFreeGate,1,1,0.00671477,6464,57,9.07715,1175,1175,0,0.0109011,0.00249477,0,0,0.00747574,0,126,46,0.452381,0,0,0,1,0,0
1,box,8,qpEnvelope,1,1,0.0025618,1180,16,10.0743,1247,1247,0,0.000539426,0.00249477,0,0,0.00890793,0.0508475,4,4,4,0,0,0,0.94661,0.0491525,0.00423729
1,box,8,VAMP,1,1,5.1576e-05,880,19,8.45833,10,424,4,-0.00231651,0.00249477,0,0,0,0,0,0,0,0,0,0,0,0,0
1,box,9,isSafe,1,1,0.0116328,13601,69,14.2977,16,716,4,-0.00226549,0.00249477,0,0,0,0,236,61,0.292373,0,0,0,0,0,0
1,box,9,qpFixed,1,1,0.00351354,2460,18,8.1707,1197,1197,0,0.00186292,0.00249477,0,0,0.00627514,0,6,5,3,0,0,0,1,0,0
1,box,9,qpAdaptive,1,1,0.00289804,1339,18,8.17065,587,587,0,0.001861,0.00249477,0,0,0.0115291,0.12472,6,5,3,0,0,0,0.873786,0.118745,0.00746826
1,box,9,l1Old,1,1,0.00155102,1402,78,10.9989,648,648,0,0.0232993,0.00249477,0,0,0.0497961,0.803852,253,68,0.3083,0,0,0,0,0,0
1,box,9,qpFreeGate,1,1,0.00980145,9466,78,13.5062,1843,1843,0,0.00730804,0.00249477,0,0,0.00720738,0,185,67,0.421622,0,0,0,1,0,0
1,box,9,qpEnvelope,1,1,0.00282638,1241,18,8.1708,561,561,0,0.00185282,0.00249477,0,0,0.0124423,0.0701048,6,5,3,0,0,0,0.929895,0.0620467,0.00805802
1,box,9,VAMP,1,1,0.000126214,2329,40,17.4327,19,873,0,0.0021108,0.00249477,0,0,0,0,0,0,0,0,0,0,0,0,0
1,box,10,isSafe,1,1,0.00167774,1959,12,7.60377,9,382,0,0.00243015,0.00249477,0,0,0,0,19,7,0.631579,0,0,0,0,0,0
1,box,10,qpFixed,1,1,0.00106451,765,8,5.03512,766,766,2,-0.000121135,0.00249477,0,0,0.00658186,0,1,1,8,0,0,0,1,0,0
1,box,10,qpAdaptive,1,1,0.000879078,415,8,5.03513,536,536,2,-0.00012113,0.00249477,0,0,0.0121328,0.0963855,1,1,8,0,0,0,0.903614,0.0891566,0.00722892
1,box,10,l1Old,1,1,0.00145054,1366,74,9.80618,599,599,0,0.0128224,0.00249477,0,1,0.0459036,0.814788,226,65,0.327434,0,0,0,0,0,0
1,box,10,qpFreeGate,1,1,0.00320755,3114,27,9.53987,1456,1456,0,0.00976519,0.00249477,0,0,0.0067006,0,45,17,0.6,0,0,0,1,0,0
1,box,10,qpEnvelope,1,1,0.000890319,398,8,5.03513,528,528,2,-0.000121131,0.00249477,0,0,0.0126511,0.0728643,1,1,8,0,0,0,0.924623,0.0653266,0.0100503
1,box,10,VAMP,1,1,3.6231e-05,658,12,7.60377,9,382,0,0.00243015,0.00249477,0,0,0,0,0,0,0,0,0,0,0,0,0
1,box,11,isSafe,1,1,0.00139,1617,10,7.92555,9,398,0,0.0440444,0.00249477,0,0,0,0,11,6,0.909091,0,0,0,0,0,0
1,box,11,qpFixed,1,1,0.000757744,686,7,4.25579,687,687,0,0.000421197,0.00249477,0,0,0.00620378,0,1,1,7,0,0,0,1,0,0
1,box,11,qpAdaptive,1,1,0.000310632,167,7,4.25579,321,321,0,0.00042216,0.00249477,0,0,0.0254838,0.269461,1,1,7,0,0,0,0.730539,0.245509,0.0239521
1,box,11,l1Old,1,1,0.0019227,1733,100,6.44789,371,371,0,0.0165631,0.00249477,0,0,0.0497091,0.72764,436,90,0.229358,0,0,0,0,0,0
1,box,11,qpFreeGate,1,1,0.00828128,8054,71,16.2655,2325,2325,0,0.00963226,0.00249477,0,0,0.0070311,0,168,58,0.422619,0,0,0,1,0,0
1,box,11,qpEnvelope,1,1,0.000315984,149,7,4.25579,313,313,0,0.000421743,0.00249477,0,0,0.0285624,0.221477,1,1,7,0,0,0,0.778523,0.194631,0.0268456
1,box,11,VAMP,1,1,2.6185e-05,374,10,7.92555,9,398,0,0.0440444,0.00249477,0,0,0,0,0,0,0,0,0,0,0,0,0
1,box,12,isSafe,1,1,0.0133007,15714,79,14.9786,16,750,0,0.00392603,0.00249477,0,0,0,0,220,75,0.359091,0,0,0,0,0,0
1,box,12,qpFixed,1,1,0.00305372,2051,15,8.58942,1413,1413,0,0.00143272,0.00249477,0,0,0.00552375,0,5,5,3,0,0,0,1,0,0
1,box,12,qpAdaptive,1,1,0.00337948,1728,15,8.58979,1191,1191,0,0.00143169,0.00249477,0,0,0.00655647,0.0445602,5,5,3,0,0,0,0.95544,0.0422454,0.00231481
1,box,12,l1Old,1,1,0.00148415,1384,86,15.6058,868,868,0,0.00945365,0.00249477,0,0,0.054301,0.84104,192,78,0.447917,0,0,0,0,0,0
1,box,12,qpFreeGate,1,1,0.00897912,8799,75,23.7404,3268,3268,0,0.0063353,0.00249477,0,0,0.00704043,0,109,59,0.688073,0,0,0,1,0,0
1,box,12,qpEnvelope,1,1,0.00334172,1685,15,8.58971,1162,1162,0,0.00154388,0.00249477,0,0,0.00672374,0.041543,5,5,3,0,0,0,0.958457,0.0391691,0.00237389
1,box,12,VAMP,1,1,0.000138477,2856,47,13.5936,15,681,6,-0.00312718,0.00249477,0,0,0,0,0,0,0,0,0,0,0,0,0
1,box,13,isSafe,1,1,0.00399878,4709,25,8.82289,10,443,0,0.00525439,0.00249477,0,0,0,0,88,19,0.284091,0,0,0,0,0,0
1,box,13,qpFixed,1,1,0.00113455,781,8,4.39391,782,782,0,0.00268809,0.00249477,0,0,0.005626,0,1,1,8,0,0,0,1,0,0
1,box,13,qpAdaptive,1,1,0.000879363,385,8,4.39391,494,494,0,0.00268809,0.00249477,0,0,0.0114127,0.0831169,1,1,8,0,0,0,0.916883,0.0727273,0.0103896
1,box,13,l1Old,1,1,0.00455387,3793,266,24.2989,1336,1336,0,0.012466,0.00249477,0,0,0.0635064,0.659109,1219,259,0.218212,0,0,0,0,0,0
1,box,13,qpFreeGate,1,1,0.00636322,6242,52,7.72603,1124,1124,0,0.00566455,0.00249477,0,0,0.00695688,0,110,43,0.472727,0,0,0,1,0,0
1,box,13,qpEnvelope,1,1,0.00090265,372,8,4.39395,489,489,0,0.00268732,0.00249477,0,0,0.0118117,0.0672043,1,1,8,0,0,0,0.932796,0.0564516,0.0107527
1,box,13,VAMP,1,1,7.1636e-05,1958,24,14.3375,16,718,0,0.00525439,0.00249477,0,0,0,0,0,0,0,0,0,0,0,0,0
1,box,14,isSafe,1,1,0.00166649,1950,12,8.60586,10,432,3,-0.00161834,0.00249477,0,0,0,0,12,7,1,0,0,0,0,0,0
1,box,14,qpFixed,1,1,0.000784599,705,7,4.56507,706,706,0,0.00467091,0.00249477,0,0,0.00647528,0,1,1,7,0,0,0,1,0,0
1,box,14,qpAdaptive,1,1,0.00034144,181,7,4.56507,346,346,0,0.0046709,0.00249477,0,0,0.0252214,0.254144,1,1,7,0,0,0,0.745856,0.232044,0.0220994
1,box,14,l1Old,1,1,0.00129634,1190,70,11.1083,626,626,0,0.010984,0.00249477,0,0,0.0474338,0.855462,143,56,0.48951,0,0,0,0,0,0
1,box,14,qpFreeGate,1,1,0.00382429,3778,36,16.8781,2192,2192,0,0.00832393,0.00249477,0,0,0.00731651,0,53,24,0.679245,0,0,0,1,0,0
1,box,14,qpEnvelope,1,1,0.000348839,164,7,4.56507,338,338,0,0.00467089,0.00249477,0,0,0.0278358,0.207317,1,1,7,0,0,0,0.792683,0.182927,0.0243902
1,box,14,VAMP,1,1,3.2493e-05,527,12,8.60586,10,432,3,-0.00161834,0.00249477,0,0,0,0,0,0,0,0,0,0,0,0,0
1,box,15,isSafe,1,1,0.0018316,2141,13,8.5278,10,428,0,0.0357306,0.00249477,0,0,0,0,13,6,1,0,0,0,0,0,0
1,box,15,qpFixed,1,1,0.00574716,3696,26,8.30906,1270,1270,0,0.00129732,0.00249477,0,0,0.00562203,0,9,9,2.88889,0,0,0,1,0,0
1,box,15,qpAdaptive,1,1,0.00605123,2944,26,8.31114,1026,1026,0,0.0012427,0.00249477,0,0,0.00706128,0.0648777,9,9,2.88889,0,0,0,0.935122,0.0631793,0.00169837
1,box,15,l1Old,1,1,0.00110701,1036,66,12.8521,742,742,0,0.0202818,0.00249477,0,1,0.0548093,0.795367,195,60,0.338462,0,0,0,0,0,0
1,box,15,qpFreeGate,1,1,0.00241642,2358,22,14.2603,1930,1930,0,0.0110333,0.00249477,0,0,0.00727772,0,28,15,0.785714,0,0,0,1,0,0
1,box,15,qpEnvelope,1,1,0.00598597,2831,26,8.3122,1000,1000,0,0.00113602,0.00249477,0,0,0.00734204,0.0430943,9,9,2.88889,0,0,0,0.956906,0.0413282,0.00176616
1,box,15,VAMP,1,1,3.572e-05,655,14,8.5278,10,428,0,0.0357306,0.00249477,0,0,0,0,0,0,0,0,0,0,0,0,0
1,box,16,isSafe,1,1,0.00913131,10762,55,15.1652,17,760,0,0.0263403,0.00249477,0,0,0,0,138,49,0.398551,0,0,0,0,0,0
1,box,16,qpFixed,1,1,0.00118597,1112,10,7.28305,1113,1113,0,0.002234,0.00249477,0,0,0.00654951,0,1,1,10,0,0,0,1,0,0
1,box,16,qpAdaptive,1,1,0.000311686,161,10,7.28306,463,463,0,0.00223295,0.00249477,0,0,0.0452364,0.434783,1,1,10,0,0,0,0.565217,0.391304,0.0434783
1,box,16,l1Old,1,1,0.00105652,981,72,15.8231,918,918,0,0.0201314,0.00249477,0,1,0.0683836,0.799185,182,65,0.395604,0,0,0,0,0,0
1,box,16,qpFreeGate,1,1,0.00937546,9333,71,16.3626,2256,2256,0,0.0185522,0.00249477,0,0,0.00709172,0,182,64,0.39011,0,0,0,1,0,0
1,box,16,qpEnvelope,1,1,0.000310105,129,10,7.2837,446,446,0,0.00220645,0.00249477,0,0,0.0564628,0.364341,1,1,10,0,0,0,0.635659,0.310078,0.0542636
1,box,16,VAMP,1,1,0.000196174,5552,65,15.1652,17,760,0,0.0263403,0.00249477,0,0,0,0,0,0,0,0,0,0,0,0,0
1,box,17,isSafe,1,1,0.00294359,3450,19,11.7647,13,590,0,0.00174636,0.00249477,0,0,0,0,37,14,0.513514,0,0,0,0,0,0
1,box,17,qpFixed,1,1,0.00110758,771,8,4.51486,772,772,0,0.00234865,0.00249477,0,0,0.00585584,0,1,1,8,0,0,0,1,0,0
1,box,17,qpAdaptive,1,1,0.000898904,405,8,4.51486,519,519,0,0.00234865,0.00249477,0,0,0.0111478,0.0691358,1,1,8,0,0,0,0.930864,0.0592593,0.00987654
1,box,17,l1Old,1,1,7.88731,1101315,67901,24.8266,1416,1416,0,0.00877491,0.00249477,0,1,0.0421447,0.50331,533420,67896,0.127294,0,0,0,0,0,0
1,box,17,qpFreeGate,1,1,0.00577176,5603,51,14.5896,2025,2025,0,0.00591757,0.00249477,0,0,0.00723288,0,98,41,0.520408,0,0,0,1,0,0
1,box,17,qpEnvelope,1,1,0.000976523,397,8,4.51486,513,513,0,0.00234865,0.00249477,0,0,0.0113724,0.0554156,1,1,8,0,0,0,0.944584,0.0453401,0.0100756
1,box,17,VAMP,1,1,6.4451e-05,1323,21,11.7647,13,590,0,0.00174636,0.00249477,0,0,0,0,0,0,0,0,0,0,0,0,0
1,box,18,isSafe,1,1,0.00633195,7502,39,13.5216,15,678,0,0.00205571,0.00249477,0,0,0,0,90,34,0.433333,0,0,0,0,0,0
1,box,18,qpFixed,1,1,0.00160567,1207,10,6.31415,1208,1208,0,0.00213287,0.00249477,0,0,0.00523128,0,1,1,10,0,0,0,1,0,0
1,box,18,qpAdaptive,1,1,0.00121463,566,10,6.31419,747,747,0,0.00213294,0.00249477,0,0,0.0111558,0.0530035,1,1,10,0,0,0,0.946996,0.0441696,0.00883392
1,box,18,l1Old,1,1,0.00251898,2232,146,16.183,962,962,0,0.0182209,0.00249477,0,1,0.0576181,0.771953,465,135,0.313978,0,0,0,0,0,0
1,box,18,qpFreeGate,1,1,0.0125963,12411,96,13.8042,2044,2044,0,0.00781539,0.00249477,0,0,0.00692157,0,228,83,0.421053,0,0,0,1,0,0
1,box,18,qpEnvelope,1,1,0.00120805,552,10,6.31483,737,737,0,0.00213493,0.00249477,0,0,0.0114399,0.0380435,1,1,10,0,0,0,0.961957,0.0289855,0.00905797
1,box,18,VAMP,1,1,0.000174026,4242,58,12.2586,14,614,0,0.00205571,0.00249477,0,0,0,0,0,0,0,0,0,0,0,0,0
1,box,19,isSafe,1,1,0.00274634,3216,18,8.78097,10,441,0,0.00877314,0.00249477,0,0,0,0,33,13,0.545455,0,0,0,0,0,0
1,box,19,qpFixed,1,1,0.00344086,2473,17,8.20561,1365,1365,0,0.00180394,0.00249477,0,0,0.00548821,0,5,5,3.4,0,0,0,1,0,0
1,box,19,qpAdaptive,1,1,0.00301972,1482,17,8.20575,807,807,0,0.00182545,0.00249477,0,0,0.00915835,0.0964912,5,5,3.4,0,0,0,0.903509,0.0924426,0.00404858
1,box,19,l1Old,1,1,0.000478427,462,35,14.447,828,828,0,0.0214329,0.00249477,0,0,0.0610509,0.863636,55,24,0.636364,0,0,0,0,0,0
1,box,19,qpFreeGate,1,1,0.0030035,2897,25,12.2431,1858,1858,0,0.00977408,0.00249477,0,0,0.00655199,0,38,16,0.657895,0,0,0,1,0,0
1,box,19,qpEnvelope,1,1,0.00300549,1413,17,8.206,782,782,0,0.00181071,0.00249477,0,0,0.00960621,0.069356,5,5,3.4,0,0,0,0.930644,0.0651097,0.00424628
1,box,19,VAMP,1,1,4.9461e-05,1031,19,9.47789,11,475,0,0.00893648,0.00249477,0,0,0,0,0,0,0,0,0,0,0,0,0
1,box,20,isSafe,1,1,0.00423025,5022,27,10.6724,12,535,0,0.036335,0.00249477,0,0,0,0,42,19,0.642857,0,0,0,0,0,0
1,box,20,qpFixed,1,1,0.00113637,866,9,6.00715,867,867,0,0.00153439,0.00249477,0,0,0.00693667,0,1,1,9,0,0,0,1,0,0
1,box,20,qpAdaptive,1,1,0.000909878,453,9,6.0072,600,600,0,0.00153445,0.00249477,0,0,0.0132609,0.0640177,1,1,9,0,0,0,0.935982,0.0551876,0.00883002
1,box,20,l1Old,1,1,0.000334101,304,27,13.8403,757,757,0,0.0276671,0.00249477,0,0,0.0753356,0.845395,42,17,0.642857,0,0,0,0,0,0
1,box,20,qpFreeGate,1,1,0.00316262,3130,28,10.2172,1336,1336,0,0.0123537,0.00249477,0,0,0.00731289,0,32,18,0.875,0,0,0,1,0,0
1,box,20,qpEnvelope,1,1,0.000913859,445,9,6.00738,597,597,0,0.00153438,0.00249477,0,0,0.0134997,0.058427,1,1,9,0,0,0,0.941573,0.0494382,0.00898876
1,box,20,VAMP,1,1,3.5492e-05,702,16,11.0933,13,556,0,0.0236417,0.00249477,0,0,0,0,0,0,0,0,0,0,0,0,0
1,table_pick,1,isSafe,1,1,0.00319251,3687,20,11.6301,13,583,2,-0.00126449,0.00249477,0,0,0,0,33,12,0.606061,0,0,0,0,0,0
1,table_pick,1,qpFixed,1,1,0.00151515,1265,10,7.84319,1266,1266,0,0.00149398,0.00249477,0,0,0.00620015,0,1,1,10,0,0,0,1,0,0
1,table_pick,1,qpAdaptive,1,1,0.000839272,421,10,7.84317,680,680,0,0.00149398,0.00249477,0,0,0.0186299,0.130641,1,1,10,0,0,0,0.866983,0.11639,0.0166271
1,table_pick,1,l1Old,1,0,10,1295611,82865,0,0,0,0,inf,inf,0,0,0.0425047,0.487671,647997,82863,0.127879,0,0,0,0,0,0
1,table_pick,1,qpFreeGate,1,1,0.017838,17374,130,15.2017,2204,2204,0,0.00359862,0.00249477,0,0,0.00692527,0,445,120,0.292135,0,0,0,1,0,0
1,table_pick,1,qpEnvelope,1,1,0.000920745,400,10,7.8432,667,667,0,0.00149398,0.00249477,0,0,0.019608,0.1075,1,1,10,0,0,0,0.8925,0.09,0.0175
1,table_pick,1,VAMP,1,1,7.0199e-05,1064,20,9.98836,11,501,4,-0.00140127,0.00249477,0,0,0,0,0,0,0,0,0,0,0,0,0
1,table_pick,2,isSafe,0,0,0,0,0,0,0,0,0,inf,inf,0,0,0,0,0,0,0,0,0,0,0,0,0
1,table_pick,2,qpFixed,0,0,0,0,0,0,0,0,0,inf,inf,0,0,0,0,0,0,0,0,0,0,0,0,0
1,table_pick,2,qpAdaptive,0,0,0,0,0,0,0,0,0,inf,inf,0,0,0,0,0,0,0,0,0,0,0,0,0
1,table_pick,2,l1Old,0,0,0,0,0,0,0,0,0,inf,inf,0,0,0,0,0,0,0,0,0,0,0,0,0
1,table_pick,2,qpFreeGate,0,0,0,0,0,0,0,0,0,inf,inf,0,0,0,0,0,0,0,0,0,0,0,0,0
1,table_pick,2,qpEnvelope,0,0,0,0,0,0,0,0,0,inf,inf,0,0,0,0,0,0,0,0,0,0,0,0,0
1,table_pick,2,VAMP,0,0,0,0,0,0,0,0,0,inf,inf,0,0,0,0,0,0,0,0,0,0,0,0,0
1,table_pick,3,isSafe,1,1,0.00880633,10094,52,14.4604,16,725,4,-0.00190193,0.00249477,0,0,0,0,141,44,0.368794,0,0,0,0,0,0
1,table_pick,3,qpFixed,1,1,0.00176953,1269,11,8.06578,1270,1270,0,0.00184719,0.00249477,0,0,0.00635601,0,1,1,11,0,0,0,1,0,0
1,table_pick,3,qpAdaptive,1,1,0.00136607,619,11,8.06577,839,839,0,0.00184752,0.00249477,0,0,0.0130303,0.0840065,1,1,11,0,0,0,0.914378,0.0759289,0.00969305
1,table_pick,3,l1Old,1,0,10,1336300,80433,0,0,0,0,inf,inf,0,0,0.0398476,0.493337,660623,80431,0.121753,0,0,0,0,0,0
1,table_pick,3,qpFreeGate,1,1,0.0183917,17817,130,16.487,2175,2175,0,0.00356395,0.00249477,0,0,0.00710767,0,440,125,0.295455,0,0,0,1,0,0
1,table_pick,3,qpEnvelope,1,1,0.00141624,589,11,8.0658,819,819,0,0.00184735,0.00249477,0,0,0.0136941,0.0713073,1,1,11,0,0,0,0.928693,0.0611205,0.0101868
1,table_pick,3,VAMP,1,1,0.000226272,3527,60,14.4089,16,722,4,-0.0019793,0.00249477,0,0,0,0,0,0,0,0,0,0,0,0,0
1,table_pick,4,isSafe,0,0,0,0,0,0,0,0,0,inf,inf,0,0,0,0,0,0,0,0,0,0,0,0,0
1,table_pick,4,qpFixed,0,0,0,0,0,0,0,0,0,inf,inf,0,0,0,0,0,0,0,0,0,0,0,0,0
1,table_pick,4,qpAdaptive,0,0,0,0,0,0,0,0,0,inf,inf,0,0,0,0,0,0,0,0,0,0,0,0,0
1,table_pick,4,l1Old,0,0,0,0,0,0,0,0,0,inf,inf,0,0,0,0,0,0,0,0,0,0,0,0,0
1,table_pick,4,qpFreeGate,0,0,0,0,0,0,0,0,0,inf,inf,0,0,0,0,0,0,0,0,0,0,0,0,0
1,table_pick,4,qpEnvelope,0,0,0,0,0,0,0,0,0,inf,inf,0,0,0,0,0,0,0,0,0,0,0,0,0
1,table_pick,4,VAMP,0,0,0,0,0,0,0,0,0,inf,inf,0,0,0,0,0,0,0,0,0,0,0,0,0
1,table_pick,5,isSafe,0,0,0,0,0,0,0,0,0,inf,inf,0,0,0,0,0,0,0,0,0,0,0,0,0
1,table_pick,5,qpFixed,0,0,0,0,0,0,0,0,0,inf,inf,0,0,0,0,0,0,0,0,0,0,0,0,0
1,table_pick,5,qpAdaptive,0,0,0,0,0,0,0,0,0,inf,inf,0,0,0,0,0,0,0,0,0,0,0,0,0
1,table_pick,5,l1Old,0,0,0,0,0,0,0,0,0,inf,inf,0,0,0,0,0,0,0,0,0,0,0,0,0
1,table_pick,5,qpFreeGate,0,0,0,0,0,0,0,0,0,inf,inf,0,0,0,0,0,0,0,0,0,0,0,0,0
1,table_pick,5,qpEnvelope,0,0,0,0,0,0,0,0,0,inf,inf,0,0,0,0,0,0,0,0,0,0,0,0,0
1,table_pick,5,VAMP,0,0,0,0,0,0,0,0,0,inf,inf,0,0,0,0,0,0,0,0,0,0,0,0,0
1,table_pick,6,isSafe,0,0,0,0,0,0,0,0,0,inf,inf,0,0,0,0,0,0,0,0,0,0,0,0,0
1,table_pick,6,qpFixed,0,0,0,0,0,0,0,0,0,inf,inf,0,0,0,0,0,0,0,0,0,0,0,0,0
1,table_pick,6,qpAdaptive,0,0,0,0,0,0,0,0,0,inf,inf,0,0,0,0,0,0,0,0,0,0,0,0,0
1,table_pick,6,l1Old,0,0,0,0,0,0,0,0,0,inf,inf,0,0,0,0,0,0,0,0,0,0,0,0,0
1,table_pick,6,qpFreeGate,0,0,0,0,0,0,0,0,0,inf,inf,0,0,0,0,0,0,0,0,0,0,0,0,0
1,table_pick,6,qpEnvelope,0,0,0,0,0,0,0,0,0,inf,inf,0,0,0,0,0,0,0,0,0,0,0,0,0
1,table_pick,6,VAMP,0,0,0,0,0,0,0,0,0,inf,inf,0,0,0,0,0,0,0,0,0,0,0,0,0
1,table_pick,7,isSafe,0,0,0,0,0,0,0,0,0,inf,inf,0,0,0,0,0,0,0,0,0,0,0,0,0
1,table_pick,7,qpFixed,0,0,0,0,0,0,0,0,0,inf,inf,0,0,0,0,0,0,0,0,0,0,0,0,0
1,table_pick,7,qpAdaptive,0,0,0,0,0,0,0,0,0,inf,inf,0,0,0,0,0,0,0,0,0,0,0,0,0
1,table_pick,7,l1Old,0,0,0,0,0,0,0,0,0,inf,inf,0,0,0,0,0,0,0,0,0,0,0,0,0
1,table_pick,7,qpFreeGate,0,0,0,0,0,0,0,0,0,inf,inf,0,0,0,0,0,0,0,0,0,0,0,0,0
1,table_pick,7,qpEnvelope,0,0,0,0,0,0,0,0,0,inf,inf,0,0,0,0,0,0,0,0,0,0,0,0,0
1,table_pick,7,VAMP,0,0,0,0,0,0,0,0,0,inf,inf,0,0,0,0,0,0,0,0,0,0,0,0,0
1,table_pick,8,isSafe,1,1,0.00176089,1968,12,3.10974,5,157,1,-0.000733097,0.00249477,0,0,0,0,12,7,1,0,0,0,0,0,0
1,table_pick,8,qpFixed,1,1,0.000519912,484,6,3.75599,485,485,0,0.000176402,0.00249477,0,0,0.00776031,0,1,1,6,0,0,0,1,0,0
1,table_pick,8,qpAdaptive,1,1,9.4693e-05,53,6,3.75599,214,214,0,0.000176402,0.00249477,0,0,0.0708677,0.735849,1,1,6,0,0,0,0.264151,0.660377,0.0754717
1,table_pick,8,l1Old,1,0,10,1366296,80349,0,0,0,0,inf,inf,0,0,0.0389739,0.494992,673245,80347,0.119346,0,0,0,0,0,0
1,table_pick,8,qpFreeGate,1,1,0.00664988,6424,52,7.04182,1028,1028,0,0.00341799,0.00249477,0,0,0.00726528,0,112,47,0.464286,0,0,0,1,0,0
1,table_pick,8,qpEnvelope,1,1,0.000158993,38,6,3.75599,207,207,0,0.000176402,0.00249477,0,0,0.0988418,0.684211,1,1,6,0,0,0,0.315789,0.578947,0.105263
1,table_pick,8,VAMP,1,1,4.1393e-05,606,12,3.10974,5,157,1,-0.000733097,0.00249477,0,0,0,0,0,0,0,0,0,0,0,0,0
1,table_pick,9,isSafe,0,0,0,0,0,0,0,0,0,inf,inf,0,0,0,0,0,0,0,0,0,0,0,0,0
1,table_pick,9,qpFixed,0,0,0,0,0,0,0,0,0,inf,inf,0,0,0,0,0,0,0,0,0,0,0,0,0
1,table_pick,9,qpAdaptive,0,0,0,0,0,0,0,0,0,inf,inf,0,0,0,0,0,0,0,0,0,0,0,0,0
1,table_pick,9,l1Old,0,0,0,0,0,0,0,0,0,inf,inf,0,0,0,0,0,0,0,0,0,0,0,0,0
1,table_pick,9,qpFreeGate,0,0,0,0,0,0,0,0,0,inf,inf,0,0,0,0,0,0,0,0,0,0,0,0,0
1,table_pick,9,qpEnvelope,0,0,0,0,0,0,0,0,0,inf,inf,0,0,0,0,0,0,0,0,0,0,0,0,0
1,table_pick,9,VAMP,0,0,0,0,0,0,0,0,0,inf,inf,0,0,0,0,0,0,0,0,0,0,0,0,0
1,table_pick,10,isSafe,1,1,0.0116097,13244,66,11.516,13,577,3,-0.00174348,0.00249477,0,0,0,0,314,62,0.210191,0,0,0,0,0,0
1,table_pick,10,qpFixed,1,1,0.000922527,749,7,4.784,750,750,0,0.00113058,0.00249477,0,0,0.00638718,0,1,1,7,0,0,0,1,0,0
1,table_pick,10,qpAdaptive,1,1,0.000512218,248,7,4.784,410,410,0,0.00113058,0.00249477,0,0,0.0192903,0.137097,1,1,7,0,0,0,0.862903,0.120968,0.016129
1,table_pick,10,l1Old,1,0,10,1371592,77785,0,0,0,0,inf,inf,0,0,0.0374063,0.498561,670843,77783,0.115951,0,0,0,0,0,0
1,table_pick,10,qpFreeGate,1,1,0.0227689,21776,169,21.6053,3038,3038,0,0.00399763,0.00249477,0,0,0.00686104,0,751,160,0.225033,0,0,0,1,0,0
1,table_pick,10,qpEnvelope,1,1,0.000577738,232,7,4.784,401,401,0,0.00113058,0.00249477,0,0,0.0206207,0.0991379,1,1,7,0,0,0,0.900862,0.0818966,0.0172414
1,table_pick,10,VAMP,1,1,0.000375226,6787,81,11.5832,13,581,3,-0.00174348,0.00249477,0,0,0,0,0,0,0,0,0,0,0,0,0
1,table_pick,11,isSafe,1,1,0.00489681,5579,29,17.5412,19,879,8,-0.00145279,0.00249477,0,0,0,0,79,20,0.367089,0,0,0,0,0,0
1,table_pick,11,qpFixed,1,1,0.000804498,674,7,4.20812,675,675,19,-0.000269023,0.00249477,0,0,0.0062435,0,1,1,7,0,0,0,1,0,0
1,table_pick,11,qpAdaptive,1,1,0.000355131,175,7,4.20787,328,328,20,-0.000401432,0.00249477,0,0,0.024045,0.245714,1,1,7,0,0,0,0.754286,0.222857,0.0228571
1,table_pick,11,l1Old,1,0,10,1293488,83037,0,0,0,0,inf,inf,0,0,0.0426144,0.485977,649313,83035,0.127884,0,0,0,0,0,0
1,table_pick,11,qpFreeGate,1,1,0.0125783,12127,98,16.3843,2480,2480,0,0.00395106,0.00249477,0,0,0.00701411,0,310,89,0.316129,0,0,0,1,0,0
1,table_pick,11,qpEnvelope,1,1,0.000401029,152,7,4.20779,315,315,23,-0.00055619,0.00249477,0,0,0.0276828,0.203947,1,1,7,0,0,0,0.796053,0.177632,0.0263158
1,table_pick,11,VAMP,1,1,9.5033e-05,1500,28,5.66994,7,285,2,-0.000958646,0.00249477,0,0,0,0,0,0,0,0,0,0,0,0,0
1,table_pick,12,isSafe,1,1,0.00302797,3454,18,8.96138,10,450,0,0.000678844,0.00249477,0,0,0,0,26,12,0.692308,0,0,0,0,0,0
1,table_pick,12,qpFixed,1,1,0.00151261,1305,10,7.43572,1306,1306,0,0.000363204,0.00249477,0,0,0.00569787,0,1,1,10,0,0,0,1,0,0
1,table_pick,12,qpAdaptive,1,1,0.000594341,278,10,7.43572,568,568,0,0.000363204,0.00249477,0,0,0.0267472,0.183453,1,1,10,0,0,0,0.816547,0.158273,0.0251799
1,table_pick,12,l1Old,1,0,10,1320057,81242,0,0,0,0,inf,inf,0,0,0.0408083,0.492548,653843,81240,0.124253,0,0,0,0,0,0
1,table_pick,12,qpFreeGate,1,1,0.00329069,3213,25,10.7401,1538,1538,0,0.0036718,0.00249477,0,0,0.0068287,0,54,19,0.462963,0,0,0,1,0,0
1,table_pick,12,qpEnvelope,1,1,0.000645065,262,10,7.43572,560,560,0,0.000363204,0.00249477,0,0,0.0283806,0.141221,1,1,10,0,0,0,0.854962,0.118321,0.0267176
1,table_pick,12,VAMP,1,1,8.4258e-05,1324,20,8.96138,10,450,0,0.000678844,0.00249477,0,0,0,0,0,0,0,0,0,0,0,0,0
1,table_pick,13,isSafe,1,1,0.00412078,4633,25,10.4801,12,526,0,0.0019792,0.00249477,0,0,0,0,60,18,0.416667,0,0,0,0,0,0
1,table_pick,13,qpFixed,1,1,0.00146412,1263,11,8.00153,1264,1264,0,0.00127551,0.00249477,0,0,0.00633534,0,1,1,11,0,0,0,1,0,0
1,table_pick,13,qpAdaptive,1,1,0.000597409,311,11,8.00154,601,601,0,0.00127551,0.00249477,0,0,0.0257284,0.286174,1,1,11,0,0,0,0.710611,0.26045,0.0289389
1,table_pick,13,l1Old,1,0,10,1276222,81662,0,0,0,0,inf,inf,0,0,0.0425452,0.48767,638229,81660,0.127951,0,0,0,0,0,0
1,table_pick,13,qpFreeGate,1,1,0.00704393,6751,55,16.2117,2434,2434,0,0.00382797,0.00249477,0,0,0.00689219,0,181,47,0.303867,0,0,0,1,0,0
1,table_pick,13,qpEnvelope,1,1,0.000625745,263,11,8.00148,575,575,0,0.00127551,0.00249477,0,0,0.0304239,0.247148,1,1,11,0,0,0,0.749049,0.21673,0.0342205
1,table_pick,13,VAMP,1,1,0.0001013,1727,31,10.4801,12,526,0,0.0019792,0.00249477,0,0,0,0,0,0,0,0,0,0,0,0,0
1,table_pick,14,isSafe,0,0,0,0,0,0,0,0,0,inf,inf,0,0,0,0,0,0,0,0,0,0,0,0,0
1,table_pick,14,qpFixed,0,0,0,0,0,0,0,0,0,inf,inf,0,0,0,0,0,0,0,0,0,0,0,0,0
1,table_pick,14,qpAdaptive,0,0,0,0,0,0,0,0,0,inf,inf,0,0,0,0,0,0,0,0,0,0,0,0,0
1,table_pick,14,l1Old,0,0,0,0,0,0,0,0,0,inf,inf,0,0,0,0,0,0,0,0,0,0,0,0,0
1,table_pick,14,qpFreeGate,0,0,0,0,0,0,0,0,0,inf,inf,0,0,0,0,0,0,0,0,0,0,0,0,0
1,table_pick,14,qpEnvelope,0,0,0,0,0,0,0,0,0,inf,inf,0,0,0,0,0,0,0,0,0,0,0,0,0
1,table_pick,14,VAMP,0,0,0,0,0,0,0,0,0,inf,inf,0,0,0,0,0,0,0,0,0,0,0,0,0
1,table_pick,15,isSafe,1,1,0.00100972,1112,8,5.51939,7,277,1,-0.00312606,0.00249477,0,0,0,0,4,2,2,0,0,0,0,0,0
1,table_pick,15,qpFixed,1,1,0.00102884,924,8,5.27954,925,925,0,0.000379845,0.00249477,0,0,0.00571379,0,1,1,8,0,0,0,1,0,0
1,table_pick,15,qpAdaptive,1,1,0.000320992,164,8,5.27943,379,379,0,0.000379845,0.00249477,0,0,0.0321917,0.292683,1,1,8,0,0,0,0.707317,0.256098,0.0365854
1,table_pick,15,l1Old,1,0,10.0001,1330305,83652,0,0,0,0,inf,inf,0,0,0.0417762,0.491333,660661,83650,0.126619,0,0,0,0,0,0
1,table_pick,15,qpFreeGate,1,1,0.00428395,4160,33,10.7515,1481,1481,0,0.00354725,0.00249477,0,0,0.00715739,0,82,28,0.402439,0,0,0,1,0,0
1,table_pick,15,qpEnvelope,1,1,0.000371267,140,8,5.27968,370,370,0,0.000379845,0.00249477,0,0,0.037712,0.235714,1,1,8,0,0,0,0.764286,0.192857,0.0428571
1,table_pick,15,VAMP,1,1,2.4464e-05,253,8,5.51939,7,277,1,-0.00312606,0.00249477,0,0,0,0,0,0,0,0,0,0,0,0,0
1,table_pick,16,isSafe,1,1,0.00191282,2179,13,4.5696,6,230,2,-0.0038017,0.00249477,0,0,0,0,16,9,0.8125,0,0,0,0,0,0
1,table_pick,16,qpFixed,1,1,0.000495957,430,6,2.96937,431,431,1,-0.000284786,0.00249477,0,0,0.00690551,0,1,1,6,0,0,0,1,0,0
1,table_pick,16,qpAdaptive,1,1,0.000227613,123,6,2.96903,224,224,1,-0.000284786,0.00249477,0,0,0.0241384,0.414634,1,1,6,0,0,0,0.585366,0.382114,0.0325203
1,table_pick,16,l1Old,1,0,10,1337121,80623,0,0,0,0,inf,inf,0,0,0.0399261,0.497737,655327,80621,0.123027,0,0,0,0,0,0
1,table_pick,16,qpFreeGate,1,1,0.0106564,10318,84,17.2072,2424,2424,0,0.00386159,0.00249477,0,0,0.00707958,0,247,75,0.340081,0,0,0,1,0,0
1,table_pick,16,qpEnvelope,1,1,0.000283522,100,6,2.9692,207,207,1,-0.000284786,0.00249477,0,0,0.029692,0.4,1,1,6,0,0,0,0.6,0.36,0.04
1,table_pick,16,VAMP,1,1,6.1404e-05,934,16,5.95862,7,299,0,0.00217576,0.00249477,0,0,0,0,0,0,0,0,0,0,0,0,0
1,table_pick,17,isSafe,0,0,0,0,0,0,0,0,0,inf,inf,0,0,0,0,0,0,0,0,0,0,0,0,0
1,table_pick,17,qpFixed,0,0,0,0,0,0,0,0,0,inf,inf,0,0,0,0,0,0,0,0,0,0,0,0,0
1,table_pick,17,qpAdaptive,0,0,0,0,0,0,0,0,0,inf,inf,0,0,0,0,0,0,0,0,0,0,0,0,0
1,table_pick,17,l1Old,0,0,0,0,0,0,0,0,0,inf,inf,0,0,0,0,0,0,0,0,0,0,0,0,0
1,table_pick,17,qpFreeGate,0,0,0,0,0,0,0,0,0,inf,inf,0,0,0,0,0,0,0,0,0,0,0,0,0
1,table_pick,17,qpEnvelope,0,0,0,0,0,0,0,0,0,inf,inf,0,0,0,0,0,0,0,0,0,0,0,0,0
1,table_pick,17,VAMP,0,0,0,0,0,0,0,0,0,inf,inf,0,0,0,0,0,0,0,0,0,0,0,0,0
1,table_pick,18,isSafe,0,0,0,0,0,0,0,0,0,inf,inf,0,0,0,0,0,0,0,0,0,0,0,0,0
1,table_pick,18,qpFixed,0,0,0,0,0,0,0,0,0,inf,inf,0,0,0,0,0,0,0,0,0,0,0,0,0
1,table_pick,18,qpAdaptive,0,0,0,0,0,0,0,0,0,inf,inf,0,0,0,0,0,0,0,0,0,0,0,0,0
1,table_pick,18,l1Old,0,0,0,0,0,0,0,0,0,inf,inf,0,0,0,0,0,0,0,0,0,0,0,0,0
1,table_pick,18,qpFreeGate,0,0,0,0,0,0,0,0,0,inf,inf,0,0,0,0,0,0,0,0,0,0,0,0,0
1,table_pick,18,qpEnvelope,0,0,0,0,0,0,0,0,0,inf,inf,0,0,0,0,0,0,0,0,0,0,0,0,0
1,table_pick,18,VAMP,0,0,0,0,0,0,0,0,0,inf,inf,0,0,0,0,0,0,0,0,0,0,0,0,0
1,table_pick,19,isSafe,1,1,0.00156539,1787,11,7.84052,9,394,4,-0.000185687,0.00249477,0,0,0,0,6,3,1.83333,0,0,0,0,0,0
1,table_pick,19,qpFixed,1,1,0.0021081,1418,11,7.9939,1419,1419,0,0.000500358,0.00249477,0,0,0.00563745,0,1,1,11,0,0,0,1,0,0
1,table_pick,19,qpAdaptive,1,1,0.0021054,1055,11,7.9939,1142,1142,0,0.000501083,0.00249477,0,0,0.00757716,0.0995261,1,1,11,0,0,0,0.899526,0.0966825,0.00379147
1,table_pick,19,l1Old,1,0,10,1374642,82915,0,0,0,0,inf,inf,0,0,0.039955,0.493155,680129,82913,0.121911,0,0,0,0,0,0
1,table_pick,19,qpFreeGate,1,1,0.00809417,7693,61,8.90416,1454,1454,0,0.00345027,0.00249477,0,0,0.00679601,0,157,51,0.388535,0,0,0,1,0,0
1,table_pick,19,qpEnvelope,1,1,0.00207361,959,11,7.99391,1082,1082,0,0.000498879,0.00249477,0,0,0.00833567,0.0667362,1,1,11,0,0,0,0.933264,0.0615224,0.00521376
1,table_pick,19,VAMP,1,1,3.4078e-05,391,11,7.84052,9,394,4,-0.000185687,0.00249477,0,0,0,0,0,0,0,0,0,0,0,0,0
1,table_pick,20,isSafe,1,1,0.00228169,2587,14,5.0835,7,256,0,0.000733609,0.00249477,0,0,0,0,19,8,0.736842,0,0,0,0,0,0
1,table_pick,20,qpFixed,1,1,0.00052853,496,6,3.56493,497,497,0,0.00213291,0.00249477,0,0,0.00718735,0,1,1,6,0,0,0,1,0,0
1,table_pick,20,qpAdaptive,1,1,9.3645e-05,50,6,3.56493,208,208,0,0.00213291,0.00249477,0,0,0.0712986,0.64,1,1,6,0,0,0,0.36,0.56,0.08
1,table_pick,20,l1Old,1,0,10,1334468,83880,0,0,0,0,inf,inf,0,0,0.0415845,0.491261,662901,83878,0.126535,0,0,0,0,0,0
1,table_pick,20,qpFreeGate,1,1,0.0259891,25183,195,4.64445,659,659,0,0.00379168,0.00249477,0,0,0.00697004,0,834,190,0.233813,0,0,0,1,0,0
1,table_pick,20,qpEnvelope,1,1,0.000155311,43,6,3.56493,205,205,0,0.00213291,0.00249477,0,0,0.0829053,0.604651,1,1,6,0,0,0,0.395349,0.511628,0.0930233
1,table_pick,20,VAMP,1,1,2.0828e-05,133,6,3.54495,5,179,2,-0.00482323,0.00249477,0,0,0,0,0,0,0,0,0,0,0,0,0
1,cage,1,isSafe,1,1,0.728324,765743,3813,23.9801,25,1201,1,-3.80191e-05,0.00249477,0,0,0,0,29926,3805,0.127414,0,0,0,0,0,0
1,cage,1,qpFixed,1,1,0.107729,60321,246,14.4887,2288,2288,0,0.0017076,0.00249477,0,0,0.00419139,0,240,155,1.025,0,0,0,1,0,0
1,cage,1,qpAdaptive,1,1,0.121641,54112,246,14.4895,1472,1472,0,0.00170823,0.00249477,0,0,0.00467243,0.0266854,240,155,1.025,0,0,0,0.973167,0.0258907,0.00094249
1,cage,1,l1Old,1,1,2.07479,481433,25934,36.7877,2173,2173,0,0.00619236,0.00249477,0,1,0.0419957,0.56136,204626,25873,0.126739,0,0,0,0,0,0
1,cage,1,qpFreeGate,1,1,0.228055,207690,1509,31.2808,4162,4162,0,0.00540036,0.00249477,0,0,0.00678774,0,7403,1460,0.203836,0,0,0,1,0,0
1,cage,1,qpEnvelope,1,1,0.153138,67266,305,16.0642,1478,1478,0,0.00170677,0.00249477,0,0,0.00467195,0.0165165,299,200,1.02007,0,0,0,0.983409,0.0157137,0.000877115
1,cage,1,VAMP,1,1,0.0501804,468923,4013,23.6184,25,1182,3,-0.00342549,0.00249477,0,0,0,0,0,0,0,0,0,0,0,0,0
1,cage,2,isSafe,1,1,0.329545,360605,1761,30.9518,33,1549,5,-0.00178875,0.00249477,0,0,0,0,12610,1752,0.139651,0,0,0,0,0,0
1,cage,2,qpFixed,1,1,0.0969586,53182,225,11.8128,2065,2065,0,0.000323723,0.00249477,0,0,0.00420208,0,201,138,1.1194,0,0,0,1,0,0
1,cage,2,qpAdaptive,1,1,0.111996,49174,225,11.8128,1171,1171,0,0.000323723,0.00249477,0,0,0.00454468,0.0214341,201,138,1.1194,0,0,0,0.978485,0.0208647,0.00065075
1,cage,2,l1Old,1,1,6.23801,1043494,54877,21.053,1297,1297,0,0.00724325,0.00249477,0,1,0.0374909,0.548888,458185,54785,0.11977,0,0,0,0,0,0
1,cage,2,qpFreeGate,1,1,0.042704,39927,301,13.7436,2040,2040,0,0.00484116,0.00249477,0,0,0.00683657,0,1099,277,0.273885,0,0,0,1,0,0
1,cage,2,qpEnvelope,1,1,0.111365,48644,225,11.8128,1121,1121,0,0.000323722,0.00249477,0,0,0.00459466,0.0138969,201,138,1.1194,0,0,0,0.986041,0.0133213,0.000637283
1,cage,2,VAMP,1,1,0.00795755,105403,1101,26.0795,28,1305,4,-0.00160774,0.00136118,0,0,0,0,0,0,0,0,0,0,0,0,0
1,cage,3,isSafe,1,1,0.155578,173381,846,28.0131,30,1402,5,-0.00127538,0.00249477,0,0,0,0,5746,836,0.147233,0,0,0,0,0,0
1,cage,3,qpFixed,1,1,0.124127,68283,290,25.6172,4250,4250,95,-0.00115648,0.00249477,0,0,0.00413213,0,270,184,1.07407,0,0,0,1,0,0
1,cage,3,qpAdaptive,1,1,0.141963,61859,290,25.6255,3908,3908,93,-0.00115638,0.00249477,0,0,0.00456141,0.0302947,270,184,1.07407,0,0,0,0.969382,0.0296481,0.000969948
1,cage,3,l1Old,1,1,8.0598,1232334,62478,20.5479,1200,1200,0,0.00706915,0.00249477,0,0,0.0346517,0.519173,577675,62424,0.108154,0,0,0,0,0,0
1,cage,3,qpFreeGate,1,1,0.164157,149383,1097,24.9458,3444,3444,0,0.00597665,0.00249477,0,0,0.00675481,0,5353,1055,0.204932,0,0,0,1,0,0
1,cage,3,qpEnvelope,1,1,0.141154,60921,289,25.6304,3806,3806,91,-0.00115618,0.00249477,0,0,0.00463245,0.0192216,270,184,1.07037,0,0,0,0.980532,0.018483,0.000984882
1,cage,3,VAMP,1,1,0.00714881,99611,997,22.304,24,1117,0,0.000659571,0.00249477,0,0,0,0,0,0,0,0,0,0,0,0,0
1,cage,4,isSafe,1,1,0.126773,142441,690,20.9631,22,1050,0,0.00868346,0.00249477,0,0,0,0,3881,682,0.177789,0,0,0,0,0,0
1,cage,4,qpFixed,1,1,0.058096,33179,175,16.2372,2660,2660,67,-0.000619652,0.00249477,0,0,0.00462709,0,111,99,1.57658,0,0,0,1,0,0
1,cage,4,qpAdaptive,1,1,0.0650231,29320,175,16.2377,2090,2090,67,-0.000619615,0.00249477,0,0,0.00523503,0.0284447,111,99,1.57658,0,0,0,0.971385,0.0276603,0.00095498
1,cage,4,l1Old,1,1,9.71422,1352244,76443,26.6749,1577,1577,0,0.00714794,0.00249477,0,0,0.0383684,0.526333,624446,76356,0.122417,0,0,0,0,0,0
1,cage,4,qpFreeGate,1,1,0.0997538,92607,692,21.8016,3023,3023,0,0.00346646,0.00249477,0,0,0.00683965,0,2830,660,0.244523,0,0,0,1,0,0
1,cage,4,qpEnvelope,1,1,0.06529,28990,175,16.2347,2030,2030,68,-0.000621079,0.00249477,0,0,0.00529731,0.0228355,111,99,1.57658,0,0,0,0.97713,0.0219041,0.00096585
1,cage,4,VAMP,1,1,0.00851685,119015,1194,21.0236,23,1053,7,-0.0022721,0.00249477,0,0,0,0,0,0,0,0,0,0,0,0,0
1,cage,5,isSafe,1,1,0.415042,450341,2208,25.2055,27,1262,1,-0.000137034,0.00249477,0,0,0,0,15552,2197,0.141975,0,0,0,0,0,0
1,cage,5,qpFixed,1,1,0.0601617,34406,177,22.1579,3429,3429,3,-0.000124236,0.00249477,0,0,0.00470628,0,119,102,1.48739,0,0,0,1,0,0
1,cage,5,qpAdaptive,1,1,0.0683117,30607,177,22.1579,2927,2927,3,-0.000116531,0.00249477,0,0,0.00529047,0.0285556,119,102,1.48739,0,0,0,0.971314,0.0277714,0.000914823
1,cage,5,l1Old,1,0,10,1343217,77447,0,0,0,0,inf,inf,0,0,0.0390385,0.5202,628599,77385,0.123206,0,0,0,0,0,0
1,cage,5,qpFreeGate,1,1,0.124166,114937,851,26.6312,3787,3787,0,0.00409231,0.00249477,0,0,0.0068126,0,3679,807,0.231313,0,0,0,1,0,0
1,cage,5,qpEnvelope,1,1,0.0681377,30134,181,22.1536,2869,2869,3,-0.000120097,0.00249477,0,0,0.00537429,0.0200106,119,102,1.52101,0,0,0,0.979724,0.019181,0.00109511
1,cage,5,VAMP,1,1,0.00822813,116479,1142,23.9568,26,1199,3,-0.00137877,0.0019108,0,0,0,0,0,0,0,0,0,0,0,0,0
1,cage,6,isSafe,1,1,0.115223,129382,630,16.2785,18,815,0,0.00480927,0.00249477,0,0,0,0,3704,622,0.170086,0,0,0,0,0,0
1,cage,6,qpFixed,1,1,0.04012,22499,128,19.8054,3284,3284,0,0.0010962,0.00106904,0,0,0.00482223,0,75,64,1.70667,0,0,0,1,0,0
1,cage,6,qpAdaptive,1,1,0.0448711,19793,128,19.8072,2733,2733,0,0.00109621,0.00106901,0,0,0.00548152,0.0397615,75,64,1.70667,0,0,0,0.959481,0.0388521,0.00166726
1,cage,6,l1Old,1,1,2.97332,637662,34003,30.2036,1758,1758,0,0.00652639,0.00249477,0,0,0.0401306,0.551284,277840,33968,0.122383,0,0,0,0,0,0
1,cage,6,qpFreeGate,1,1,0.166027,152441,1116,18.6686,2552,2552,0,0.00473117,0.00249477,0,0,0.00679763,0,5177,1077,0.215569,0,0,0,1,0,0
1,cage,6,qpEnvelope,1,1,0.103308,44780,241,23.4096,3023,3023,0,0.00109621,0.00106902,0,0,0.00529344,0.0234703,198,142,1.21717,0,0,0,0.976128,0.0223761,0.0014962
1,cage,6,VAMP,1,1,0.000440234,8242,120,16.1586,18,809,0,0.00134824,0.000862818,0,0,0,0,0,0,0,0,0,0,0,0,0
1,cage,7,isSafe,1,1,0.0534393,60372,296,24.8383,27,1243,0,0.00056646,0.00249477,0,0,0,0,1464,287,0.202186,0,0,0,0,0,0
1,cage,7,qpFixed,1,1,0.160958,89229,369,23.0055,3723,3723,0,0.00163259,0.00249477,0,0,0.0042277,0,349,239,1.05731,0,0,0,1,0,0
1,cage,7,qpAdaptive,1,1,0.181988,79319,371,23.0052,3014,3014,0,0.00163213,0.00249477,0,0,0.00476531,0.0223023,349,240,1.06304,0,0,0,0.977609,0.0214451,0.000945549
1,cage,7,l1Old,1,1,0.199293,89067,4528,27.8848,1659,1659,0,0.00998547,0.00249477,0,0,0.04569,0.631266,31506,4478,0.143719,0,0,0,0,0,0
1,cage,7,qpFreeGate,1,1,0.148764,136415,978,24.2601,3284,3284,0,0.00401469,0.00249477,0,0,0.00678251,0,4670,943,0.209422,0,0,0,1,0,0
1,cage,7,qpEnvelope,1,1,0.18104,78368,371,23.0067,2925,2925,0,0.00163159,0.00249477,0,0,0.00482366,0.014483,349,240,1.06304,0,0,0,0.98544,0.013628,0.000931503
1,cage,7,VAMP,1,1,0.0100724,129540,1277,23.7802,25,1191,4,-0.00360344,0.00249477,0,0,0,0,0,0,0,0,0,0,0,0,0
1,cage,8,isSafe,1,1,0.0175428,20038,100,14.6343,16,733,0,0.00856772,0.00249477,0,0,0,0,336,94,0.297619,0,0,0,0,0,0
1,cage,8,qpFixed,1,1,0.0809736,44394,208,21.6318,3794,3794,0,0.000298001,0.00249477,0,0,0.00450985,0,167,125,1.24551,0,0,0,1,0,0
1,cage,8,qpAdaptive,1,1,0.0920135,40303,208,21.6328,3260,3260,0,0.000297942,0.00249477,0,0,0.0049677,0.021785,167,125,1.24551,0,0,0,0.978165,0.0210654,0.000769174
1,cage,8,l1Old,1,1,2.61945,572952,31303,22.5709,1383,1383,0,0.00638099,0.00249477,0,0,0.0415668,0.550425,249983,31234,0.125221,0,0,0,0,0,0
1,cage,8,qpFreeGate,1,1,0.106787,99004,732,16.6417,2434,2434,0,0.00533087,0.00249477,0,0,0.00682171,0,3058,690,0.239372,0,0,0,1,0,0
1,cage,8,qpEnvelope,1,1,0.092572,39811,208,21.635,3186,3186,0,0.00029815,0.00249477,0,0,0.00502968,0.0153978,167,125,1.24551,0,0,0,0.984527,0.0146693,0.000803798
1,cage,8,VAMP,1,1,0.00678428,100779,1014,13.3902,15,671,21,-0.00395406,0.00249477,0,0,0,0,0,0,0,0,0,0,0,0,0
1,cage,9,isSafe,1,1,0.116956,131166,638,23.3501,25,1169,2,-0.000266688,0.00249477,0,0,0,0,3721,631,0.171459,0,0,0,0,0,0
1,cage,9,qpFixed,1,1,0.128401,72495,297,22.4144,3767,3767,0,0.000207396,0.00249477,0,0,0.00423032,0,273,194,1.08791,0,0,0,1,0,0
1,cage,9,qpAdaptive,1,1,0.150716,68205,297,22.4136,3335,3335,0,0.00020751,0.00249477,0,0,0.00449532,0.0181365,273,194,1.08791,0,0,0,0.98179,0.017726,0.000483835
1,cage,9,l1Old,1,1,1.08079,306468,16190,26.3545,1550,1550,0,0.00922588,0.00249477,0,0,0.0434061,0.582074,123883,16149,0.130688,0,0,0,0,0,0
1,cage,9,qpFreeGate,1,1,0.286414,257704,1855,16.0252,2382,2382,0,0.00620182,0.00249477,0,0,0.00675601,0,9550,1804,0.194241,0,0,0,1,0,0
1,cage,9,qpEnvelope,1,1,0.150511,67546,297,22.4128,3274,3274,0,0.000207335,0.00249477,0,0,0.00454115,0.0112664,273,194,1.08791,0,0,0,0.98866,0.0108371,0.000503361
1,cage,9,VAMP,1,1,0.00238856,42716,457,15.9526,17,799,5,-0.00114914,0.00249477,0,0,0,0,0,0,0,0,0,0,0,0,0
1,cage,10,isSafe,1,1,0.142491,158888,765,28.7836,31,1441,0,0.00188287,0.00249477,0,0,0,0,5240,758,0.145992,0,0,0,0,0,0
1,cage,10,qpFixed,1,1,0.17231,96037,370,28.369,4824,4824,9,-0.00166953,0.00249477,0,0,0.00410369,0,398,254,0.929648,0,0,0,1,0,0
1,cage,10,qpAdaptive,1,1,0.197078,87374,370,28.3703,4345,4345,9,-0.00169316,0.00249477,0,0,0.00451071,0.0209788,398,254,0.929648,0,0,0,0.97893,0.0203607,0.000709593
1,cage,10,l1Old,1,1,5.41244,896973,47481,31.8406,1809,1809,0,0.00592478,0.00249477,0,0,0.0377942,0.531466,408907,47425,0.116117,0,0,0,0,0,0
1,cage,10,qpFreeGate,1,1,0.497786,433061,3142,20.378,2876,2876,0,0.00397726,0.00249477,0,0,0.00669647,0,18367,3074,0.171068,0,0,0,1,0,0
1,cage,10,qpEnvelope,1,1,0.196448,86456,370,28.3699,4241,4241,9,-0.00169399,0.00249477,0,0,0.00455894,0.0134288,398,254,0.929648,0,0,0,0.986525,0.0127348,0.000740261
1,cage,10,VAMP,1,1,0.0256008,258077,2287,17.5927,19,881,7,-0.00377573,0.00160222,0,0,0,0,0,0,0,0,0,0,0,0,0
1,cage,11,isSafe,1,1,0.0592346,67019,325,21.8804,23,1096,0,0.00605788,0.00249477,0,0,0,0,1887,318,0.172231,0,0,0,0,0,0
1,cage,11,qpFixed,1,1,0.209412,115771,460,23.4316,3930,3930,0,0.000697227,0.00249477,0,0,0.00402346,0,470,308,0.978723,0,0,0,1,0,0
1,cage,11,qpAdaptive,1,1,0.238808,105738,460,23.4316,3647,3647,0,0.000697213,0.00249477,0,0,0.00440533,0.0245607,470,308,0.978723,0,0,0,0.975241,0.0240216,0.000737672
1,cage,11,l1Old,1,1,2.66662,578119,29046,38.943,2298,2298,0,0.00512326,0.00249477,0,1,0.0382795,0.556389,248894,29012,0.1167,0,0,0,0,0,0
1,cage,11,qpFreeGate,1,1,0.163102,148123,1086,13.145,1851,1851,0,0.00329254,0.00249477,0,0,0.00670003,0,5628,1046,0.192964,0,0,0,1,0,0
1,cage,11,qpEnvelope,1,1,0.23912,104678,460,23.4325,3626,3626,0,0.000697213,0.00249477,0,0,0.00445154,0.0156766,470,308,0.978723,0,0,0,0.98419,0.0150175,0.000792908
1,cage,11,VAMP,1,1,0.00126963,22244,276,13.8894,15,696,51,-0.00403594,0.00249477,0,0,0,0,0,0,0,0,0,0,0,0,0
1,cage,12,isSafe,1,1,0.211169,232761,1126,17.103,19,857,15,-0.00122875,0.00249477,0,0,0,0,7849,1116,0.143458,0,0,0,0,0,0
1,cage,12,qpFixed,1,1,0.0246009,14121,78,15.8185,2725,2725,0,0.000424072,0.00249477,0,0,0.0047878,0,48,39,1.625,0,0,0,1,0,0
1,cage,12,qpAdaptive,1,1,0.0276489,12455,78,15.8185,2369,2369,0,0.000423823,0.00249477,0,0,0.0054283,0.026656,48,39,1.625,0,0,0,0.973023,0.0259334,0.00104376
1,cage,12,l1Old,1,0,10,1335008,71207,0,0,0,0,inf,inf,0,0,0.0364012,0.528532,613403,71117,0.116085,0,0,0,0,0,0
1,cage,12,qpFreeGate,1,1,0.130206,119958,880,24.1319,3235,3235,0,0.00351149,0.00249477,0,0,0.00677494,0,3822,835,0.230246,0,0,0,1,0,0
1,cage,12,qpEnvelope,1,1,0.0278767,12323,78,15.8202,2340,2340,0,0.000423861,0.00249477,0,0,0.00548689,0.0169602,48,39,1.625,0,0,0,0.982959,0.0159864,0.00105494
1,cage,12,VAMP,1,1,0.0169293,197870,1819,20.2894,22,1016,5,-0.00136464,0.00249477,0,0,0,0,0,0,0,0,0,0,0,0,0
1,cage,13,isSafe,1,1,0.140467,156951,764,19.1877,21,961,0,0.0047867,0.00249477,0,0,0,0,4562,756,0.16747,0,0,0,0,0,0
1,cage,13,qpFixed,1,1,0.090274,51246,238,23.6272,3925,3925,6,-0.000198781,0.00249477,0,0,0.00452473,0,185,145,1.28649,0,0,0,1,0,0
1,cage,13,qpAdaptive,1,1,0.101495,45315,238,23.6277,3032,3032,5,-0.000198215,0.00249477,0,0,0.00511705,0.0250469,185,145,1.28649,0,0,0,0.974843,0.0241642,0.000993049
1,cage,13,l1Old,1,0,10,1319386,73066,0,0,0,0,inf,inf,0,0,0.0378255,0.529734,604571,72977,0.120856,0,0,0,0,0,0
1,cage,13,qpFreeGate,1,1,0.285242,257477,1855,20.5465,2893,2893,0,0.00570202,0.00249477,0,0,0.00672794,0,9249,1792,0.200562,0,0,0,1,0,0
1,cage,13,qpEnvelope,1,1,0.101313,44765,238,23.6312,2973,2973,5,-0.000197379,0.00249477,0,0,0.00518072,0.0155702,185,145,1.28649,0,0,0,0.984385,0.0145873,0.00102759
1,cage,13,VAMP,1,1,0.00290269,50514,557,19.821,21,993,15,-0.0038248,0.00249477,0,0,0,0,0,0,0,0,0,0,0,0,0
1,cage,14,isSafe,1,1,0.0346976,39481,194,19.5898,21,981,0,0.00235802,0.00249477,0,0,0,0,864,186,0.224537,0,0,0,0,0,0
1,cage,14,qpFixed,1,1,0.0394864,21554,119,21.4084,3306,3306,0,0.000588902,0.00249477,0,0,0.0048895,0,76,64,1.56579,0,0,0,1,0,0
1,cage,14,qpAdaptive,1,1,0.045436,19923,119,21.4078,2999,2999,0,0.000585271,0.00249477,0,0,0.00528986,0.0214325,76,64,1.56579,0,0,0,0.978517,0.0206796,0.000803092
1,cage,14,l1Old,1,0,10,1345352,71862,0,0,0,0,inf,inf,0,0,0.0362778,0.524423,623427,71780,0.115269,0,0,0,0,0,0
1,cage,14,qpFreeGate,1,1,0.227612,205615,1482,25.5638,3450,3450,0,0.00560657,0.00249477,0,0,0.00676374,0,7471,1429,0.198367,0,0,0,1,0,0
1,cage,14,qpEnvelope,1,1,0.0454617,19686,119,21.4096,2948,2948,0,0.000589752,0.00249477,0,0,0.00535369,0.0169664,76,64,1.56579,0,0,0,0.983034,0.0162552,0.000711165
1,cage,14,VAMP,1,1,0.00148025,26379,314,19.5906,21,981,4,-0.00263418,0.00249477,0,0,0,0,0,0,0,0,0,0,0,0,0
1,cage,15,isSafe,1,1,0.455237,489206,2384,15.5381,17,778,3,-0.00373674,0.00249477,0,0,0,0,17438,2376,0.136713,0,0,0,0,0,0
1,cage,15,qpFixed,1,1,0.0715678,40220,201,18.832,3149,3149,0,0.000248155,0.00249477,0,0,0.00459852,0,149,118,1.34899,0,0,0,1,0,0
1,cage,15,qpAdaptive,1,1,0.0802319,35351,201,18.8363,2403,2403,0,0.000248155,0.00249477,0,0,0.0052323,0.0294193,149,118,1.34899,0,0,0,0.970552,0.0284009,0.00104665
1,cage,15,l1Old,1,1,9.63939,1276661,74540,29.0753,1763,1763,0,0.00497897,0.00249477,0,1,0.0396731,0.515993,602587,74459,0.1237,0,0,0,0,0,0
1,cage,15,qpFreeGate,1,1,0.216815,197827,1442,26.0686,3514,3514,0,0.00378778,0.00249477,0,0,0.00675627,0,6966,1392,0.207005,0,0,0,1,0,0
1,cage,15,qpEnvelope,1,1,0.0801774,34933,201,18.8386,2348,2348,0,0.000127571,0.00249477,0,0,0.00529547,0.0196662,149,118,1.34899,0,0,0,0.980305,0.0186929,0.00100192
1,cage,15,VAMP,1,1,0.0115812,159544,1458,24.236,26,1213,0,0.000653596,0.000442324,0,0,0,0,0,0,0,0,0,0,0,0,0
1,cage,16,isSafe,1,1,0.00931511,10683,55,15.1236,17,758,3,-0.000912162,0.00249477,0,0,0,0,202,49,0.272277,0,0,0,0,0,0
1,cage,16,qpFixed,1,1,0.0374276,21318,109,18.441,2880,2880,0,0.00114324,0.00249477,0,0,0.00487113,0,76,63,1.43421,0,0,0,1,0,0
1,cage,16,qpAdaptive,1,1,0.0425472,19130,109,18.4392,2590,2590,0,0.00113473,0.00249477,0,0,0.00542803,0.0323053,76,63,1.43421,0,0,0,0.967486,0.0314689,0.00104548
1,cage,16,l1Old,1,1,1.52191,400399,20174,37.2636,2274,2274,0,0.00574846,0.00249477,0,0,0.0400173,0.564065,169199,20142,0.119232,0,0,0,0,0,0
1,cage,16,qpFreeGate,1,1,0.149427,138255,996,31.4312,4433,4433,0,0.00434122,0.00249477,0,0,0.00681633,0,4948,965,0.201293,0,0,0,1,0,0
1,cage,16,qpEnvelope,1,1,0.0422394,18665,109,18.4402,2487,2487,0,0.00113471,0.00249477,0,0,0.00556503,0.0199304,76,63,1.43421,0,0,0,0.979909,0.0190196,0.00107152
1,cage,16,VAMP,1,1,0.000231734,3620,63,14.4714,16,725,13,-0.00245516,0.00188763,0,0,0,0,0,0,0,0,0,0,0,0,0
1,cage,17,isSafe,1,1,0.0342284,38912,191,19.6311,21,983,4,-0.0013049,0.00249477,0,0,0,0,909,184,0.210121,0,0,0,0,0,0
1,cage,17,qpFixed,1,1,0.058889,34152,167,21.2371,3750,3750,0,0.00187577,0.00249477,0,0,0.00460141,0,120,98,1.39167,0,0,0,1,0,0
1,cage,17,qpAdaptive,1,1,0.0681993,31572,167,21.2377,3325,3325,0,0.0018761,0.00249477,0,0,0.0049776,0.0273343,120,98,1.39167,0,0,0,0.972602,0.0267959,0.000601799
1,cage,17,l1Old,1,1,2.46336,558854,28858,41.562,2416,2416,0,0.00670297,0.00249477,0,0,0.0396968,0.560538,238221,28789,0.12114,0,0,0,0,0,0
1,cage,17,qpFreeGate,1,1,0.0472454,44737,334,19.6175,2633,2633,0,0.00740937,0.00249477,0,0,0.00684827,0,1270,312,0.262992,0,0,0,1,0,0
1,cage,17,qpEnvelope,1,1,0.0680422,31058,168,21.2389,3238,3238,0,0.00187582,0.00249477,0,0,0.00506058,0.0188679,120,98,1.4,0,0,0,0.981068,0.0182562,0.000676154
1,cage,17,VAMP,1,1,0.00088723,17074,197,26.0591,28,1304,3,-0.000277578,0.00109062,0,0,0,0,0,0,0,0,0,0,0,0,0
1,cage,18,isSafe,1,1,0.104133,117084,567,23.6995,25,1186,0,4.4258e-06,0.00249477,0,0,0,0,3308,559,0.171403,0,0,0,0,0,0
1,cage,18,qpFixed,1,1,0.0982866,55936,253,17.7393,2922,2922,0,0.000368477,0.00249477,0,0,0.00446899,0,209,154,1.21053,0,0,0,1,0,0
1,cage,18,qpAdaptive,1,1,0.111545,49756,253,17.737,2356,2356,0,0.000368446,0.00249477,0,0,0.00502414,0.0289613,209,154,1.21053,0,0,0,0.970958,0.028077,0.000964708
1,cage,18,l1Old,1,1,0.591836,205596,11058,33.9083,1923,1923,0,0.00613311,0.00249477,0,0,0.0458996,0.590298,81351,11008,0.135929,0,0,0,0,0,0
1,cage,18,qpFreeGate,1,1,0.15262,140372,1007,22.5892,3067,3067,0,0.00580079,0.00249477,0,0,0.00683453,0,4847,971,0.207757,0,0,0,1,0,0
1,cage,18,qpEnvelope,1,1,0.111452,49145,253,17.7419,2304,2304,0,0.000352506,0.00249477,0,0,0.00508734,0.0169295,209,154,1.21053,0,0,0,0.98303,0.0160342,0.000936006
1,cage,18,VAMP,1,1,0.0190739,235214,2021,17.2366,19,863,9,-0.00289495,0.00249477,0,0,0,0,0,0,0,0,0,0,0,0,0
1,cage,19,isSafe,1,1,0.381833,412820,2019,35.8329,38,1793,0,0.00289278,0.00249477,0,0,0,0,15907,2008,0.126925,0,0,0,0,0,0
1,cage,19,qpFixed,1,1,0.0616366,34528,160,24.3514,4189,4189,50,-0.000247106,0.00249477,0,0,0.00443555,0,129,95,1.24031,0,0,0,1,0,0
1,cage,19,qpAdaptive,1,1,0.0697934,30781,160,24.3517,3660,3660,50,-0.000247211,0.00249477,0,0,0.0049755,0.0240733,129,95,1.24031,0,0,0,0.975862,0.0231636,0.000974627
1,cage,19,l1Old,1,1,9.82085,1371875,73282,38.2922,2281,2281,0,0.00516709,0.00249477,0,1,0.0360776,0.521822,639550,73221,0.114584,0,0,0,0,0,0
1,cage,19,qpFreeGate,1,1,0.250022,224241,1620,22.0976,3222,3222,0,0.00604224,0.00249477,0,0,0.00674096,0,8630,1568,0.187717,0,0,0,1,0,0
1,cage,19,qpEnvelope,1,1,0.0694827,30399,160,24.3525,3592,3592,50,-0.000246958,0.00249477,0,0,0.00503876,0.0175664,129,95,1.24031,0,0,0,0.982368,0.0166453,0.000986875
1,cage,19,VAMP,1,1,0.0022382,36442,434,15.6458,17,784,0,0.00628343,0.00249477,0,0,0,0,0,0,0,0,0,0,0,0,0
1,cage,20,isSafe,1,1,0.155534,173181,839,36.5051,38,1827,0,0.00300521,0.00249477,0,0,0,0,5376,830,0.156064,0,0,0,0,0,0
1,cage,20,qpFixed,1,1,0.147622,82361,349,27.7931,4543,4543,0,0.00131475,0.00249477,0,0,0.00430196,0,321,224,1.08723,0,0,0,1,0,0
1,cage,20,qpAdaptive,1,1,0.167064,74160,349,27.7931,4205,4205,0,0.00131401,0.00249477,0,0,0.00477796,0.0245685,321,224,1.08723,0,0,0,0.975297,0.0238943,0.000809061
1,cage,20,l1Old,1,1,7.59763,1142596,63988,18.3545,1137,1137,0,0.0117873,0.00249477,0,0,0.0386379,0.523672,530212,63920,0.120684,0,0,0,0,0,0
1,cage,20,qpFreeGate,1,1,0.164575,149926,1081,29.3608,4156,4156,0,0.00610955,0.00249477,0,0,0.00677204,0,5186,1034,0.208446,0,0,0,1,0,0
1,cage,20,qpEnvelope,1,1,0.167072,73393,349,27.7948,4157,4157,0,0.00131417,0.00249477,0,0,0.00482844,0.0151786,321,224,1.08723,0,0,0,0.984794,0.0143883,0.000817517
1,cage,20,VAMP,1,1,0.00990853,137626,1279,21.0213,23,1053,0,0.00222037,0.00249477,0,0,0,0,0,0,0,0,0,0,0,0,0
