scene,index,planner,skipped,solved,seconds,evaluations,vertices,rad_per_call,coarse,min_clearance,unsafe_states,audited_states,misses,min_self_overlap,self_colliding
bookshelf_tall,1,rrtconnect,0,1,0.00122464,1272,14,0,0,0.0041164,0,654,0,0.00249477,0
bookshelf_tall,1,cbf-rrtc,0,1,0.000492148,231,9,0.0577028,0.372294,-0.000163296,16,612,0,0.00249477,0
bookshelf_tall,2,rrtconnect,0,1,0.00320743,3457,40,0,0,0.00140327,0,801,0,0.00249477,0
bookshelf_tall,2,cbf-rrtc,0,1,0.000309732,140,7,0.0617024,0.271429,-0.000975295,54,492,0,0.00249477,0
bookshelf_tall,3,rrtconnect,0,0,5.00001,1570165,37894,0,0,,,,,,
bookshelf_tall,3,cbf-rrtc,0,0,5.00014,2090999,4889,0.0132239,0.0185428,,,,,,
bookshelf_tall,4,rrtconnect,1,0,0,0,0,0,0,,,,,,
bookshelf_tall,4,cbf-rrtc,1,0,0,0,0,0,0,,,,,,
bookshelf_tall,5,rrtconnect,1,0,0,0,0,0,0,,,,,,
bookshelf_tall,5,cbf-rrtc,1,0,0,0,0,0,0,,,,,,
bookshelf_tall,6,rrtconnect,0,0,5.00001,1629088,40401,0,0,,,,,,
bookshelf_tall,6,cbf-rrtc,0,0,5.00016,2140102,5509,0.0133887,0.0202677,,,,,,
bookshelf_tall,7,rrtconnect,1,0,0,0,0,0,0,,,,,,
bookshelf_tall,7,cbf-rrtc,1,0,0,0,0,0,0,,,,,,
bookshelf_tall,8,rrtconnect,0,1,0.00102414,1096,15,0,0,0.00210483,0,750,0,0.00249477,0
bookshelf_tall,8,cbf-rrtc,0,1,0.00195404,811,16,0.0358455,0.0900123,-5.15838e-05,13,740,0,0.00249477,0
bookshelf_tall,9,rrtconnect,0,1,0.0113366,12005,134,0,0,1.22676e-05,0,947,0,0.00249477,0
bookshelf_tall,9,cbf-rrtc,0,1,0.00115433,451,11,0.0334128,0.124169,-0.0020858,89,669,0,0.00249477,0
bookshelf_tall,10,rrtconnect,0,1,0.0010256,1109,14,0,0,0.000791082,0,497,0,0.00249477,0
bookshelf_tall,10,cbf-rrtc,0,1,0.000763522,317,7,0.0289094,0.0410095,-0.000102494,19,540,0,0.00249477,0
bookshelf_tall,11,rrtconnect,0,1,0.00198635,2115,26,0,0,0.00413971,0,487,0,0.00249477,0
bookshelf_tall,11,cbf-rrtc,0,1,0.000969529,377,8,0.0272514,0.0450928,-0.000642502,253,619,0,0.00249477,0
bookshelf_tall,12,rrtconnect,0,0,5.00001,1608102,39496,0,0,,,,,,
bookshelf_tall,12,cbf-rrtc,0,0,5.0002,2128464,5378,0.0133833,0.020636,,,,,,
bookshelf_tall,13,rrtconnect,1,0,0,0,0,0,0,,,,,,
bookshelf_tall,13,cbf-rrtc,1,0,0,0,0,0,0,,,,,,
bookshelf_tall,14,rrtconnect,0,0,5.00005,1602587,39049,0,0,,,,,,
bookshelf_tall,14,cbf-rrtc,0,0,5.0001,2099394,5039,0.0132496,0.0188459,,,,,,
bookshelf_tall,15,rrtconnect,0,1,0.00548538,5895,68,0,0,0.000420488,0,902,0,0.00249477,0
bookshelf_tall,15,cbf-rrtc,0,1,0.000420536,176,7,0.0491023,0.147727,-0.00534856,56,519,0,0.00249477,0
bookshelf_tall,16,rrtconnect,0,0,5.00002,1633048,40709,0,0,,,,,,
bookshelf_tall,16,cbf-rrtc,0,0,5.00008,2163188,5610,0.0133432,0.0202863,,,,,,
bookshelf_tall,17,rrtconnect,0,1,0.000409391,421,7,0,0,0.00174494,0,490,0,0.00249477,0
bookshelf_tall,17,cbf-rrtc,0,1,0.000801588,318,8,0.0330996,0.0849057,-0.00061474,81,562,0,0.00249477,0
bookshelf_tall,19,rrtconnect,0,1,0.00142227,1516,18,0,0,0.00506682,0,850,0,0.00249477,0
bookshelf_tall,19,cbf-rrtc,0,1,0.000853698,356,9,0.0387238,0.179775,-0.00217483,35,701,0,0.00249477,0
bookshelf_tall,20,rrtconnect,1,0,0,0,0,0,0,,,,,,
bookshelf_tall,20,cbf-rrtc,1,0,0,0,0,0,0,,,,,,
bookshelf_tall,21,rrtconnect,1,0,0,0,0,0,0,,,,,,
bookshelf_tall,21,cbf-rrtc,1,0,0,0,0,0,0,,,,,,
bookshelf_tall,22,rrtconnect,0,1,0.0113717,11966,136,0,0,0.00350522,0,1311,0,0.00249477,0
bookshelf_tall,22,cbf-rrtc,0,1,0.00154327,591,11,0.0311724,0.0338409,-0.00236594,218,853,0,0.00249477,0
bookshelf_tall,23,rrtconnect,0,1,0.000934732,989,13,0,0,0.000152122,0,870,0,0.00249477,0
bookshelf_tall,23,cbf-rrtc,0,1,0.00070156,286,7,0.0310868,0.0734266,-0.000395764,157,512,0,0.00249477,0
bookshelf_tall,25,rrtconnect,1,0,0,0,0,0,0,,,,,,
bookshelf_tall,25,cbf-rrtc,1,0,0,0,0,0,0,,,,,,
bookshelf_tall,26,rrtconnect,1,0,0,0,0,0,0,,,,,,
bookshelf_tall,26,cbf-rrtc,1,0,0,0,0,0,0,,,,,,
bookshelf_tall,27,rrtconnect,1,0,0,0,0,0,0,,,,,,
bookshelf_tall,27,cbf-rrtc,1,0,0,0,0,0,0,,,,,,
bookshelf_tall,28,rrtconnect,0,1,0.000806514,841,10,0,0,0.00343138,0,379,0,0.00249477,0
bookshelf_tall,28,cbf-rrtc,0,1,0.000509568,210,7,0.0461978,0.204762,-0.00569812,27,508,0,0.00249477,0
bookshelf_tall,29,rrtconnect,0,1,0.000460798,483,8,0,0,0.000124978,0,553,0,0.00249477,0
bookshelf_tall,29,cbf-rrtc,0,1,0.00250308,1019,16,0.0302807,0.0500491,-0.000965442,228,947,0,0.00249477,0
bookshelf_tall,30,rrtconnect,1,0,0,0,0,0,0,,,,,,
bookshelf_tall,30,cbf-rrtc,1,0,0,0,0,0,0,,,,,,
bookshelf_tall,31,rrtconnect,1,0,0,0,0,0,0,,,,,,
bookshelf_tall,31,cbf-rrtc,1,0,0,0,0,0,0,,,,,,
bookshelf_tall,32,rrtconnect,1,0,0,0,0,0,0,,,,,,
bookshelf_tall,32,cbf-rrtc,1,0,0,0,0,0,0,,,,,,
bookshelf_tall,33,rrtconnect,0,1,0.00293547,3137,26,0,0,0.000162238,0,314,0,0.00249477,0
bookshelf_tall,33,cbf-rrtc,0,1,8.8847e-05,45,5,0.109458,0.511111,-0.000139586,4,269,0,0.00249477,0
bookshelf_tall,34,rrtconnect,1,0,0,0,0,0,0,,,,,,
bookshelf_tall,34,cbf-rrtc,1,0,0,0,0,0,0,,,,,,
bookshelf_tall,35,rrtconnect,0,0,5.00005,1634211,40511,0,0,,,,,,
bookshelf_tall,35,cbf-rrtc,0,0,5.00009,2126195,5332,0.0133352,0.0204516,,,,,,
bookshelf_tall,36,rrtconnect,0,1,0.00818611,8715,100,0,0,0.00120258,0,703,0,0.00249477,0
bookshelf_tall,36,cbf-rrtc,0,1,0.0041953,1574,22,0.0307278,0.0495553,-0.00114408,156,687,0,0.00249477,0
bookshelf_tall,37,rrtconnect,1,0,0,0,0,0,0,,,,,,
bookshelf_tall,37,cbf-rrtc,1,0,0,0,0,0,0,,,,,,
bookshelf_tall,38,rrtconnect,1,0,0,0,0,0,0,,,,,,
bookshelf_tall,38,cbf-rrtc,1,0,0,0,0,0,0,,,,,,
bookshelf_tall,39,rrtconnect,0,0,5.00004,1617951,40018,0,0,,,,,,
bookshelf_tall,39,cbf-rrtc,0,0,5.00002,2143124,5473,0.013412,0.0199797,,,,,,
bookshelf_tall,40,rrtconnect,0,1,0.0557105,55336,706,0,0,0.00213938,0,1322,0,0.00249477,0
bookshelf_tall,40,cbf-rrtc,0,1,0.000594798,224,7,0.0398083,0.111607,-0.000199471,73,481,0,0.00249477,0
bookshelf_tall,41,rrtconnect,0,1,0.000484533,518,9,0,0,0.000589541,0,634,0,0.00249477,0
bookshelf_tall,41,cbf-rrtc,0,1,0.00394626,1592,23,0.0296652,0.031407,-0.00155134,181,792,0,0.00249477,0
bookshelf_tall,42,rrtconnect,0,1,0.00379298,4089,45,0,0,0.000488841,0,578,0,0.00249477,0
bookshelf_tall,42,cbf-rrtc,0,1,0.0042607,1688,25,0.0345617,0.147512,-0.000552737,27,683,0,0.00249477,0
bookshelf_tall,43,rrtconnect,0,0,5.00001,1641122,40605,0,0,,,,,,
bookshelf_tall,43,cbf-rrtc,0,0,5.00005,2139245,5448,0.0133405,0.0203427,,,,,,
bookshelf_tall,44,rrtconnect,1,0,0,0,0,0,0,,,,,,
bookshelf_tall,44,cbf-rrtc,1,0,0,0,0,0,0,,,,,,
bookshelf_tall,45,rrtconnect,1,0,0,0,0,0,0,,,,,,
bookshelf_tall,45,cbf-rrtc,1,0,0,0,0,0,0,,,,,,
bookshelf_tall,46,rrtconnect,0,1,0.000496272,526,8,0,0,0.000104013,0,506,0,0.00249477,0
bookshelf_tall,46,cbf-rrtc,0,1,0.000113938,57,6,0.120981,0.508772,0.000246945,0,368,0,0.00249477,0
bookshelf_tall,47,rrtconnect,0,1,0.000769742,822,12,0,0,0.0027863,0,680,0,0.00249477,0
bookshelf_tall,47,cbf-rrtc,0,1,0.00153967,628,12,0.0337214,0.136943,-0.00442946,250,865,0,0.00249477,0
bookshelf_tall,48,rrtconnect,0,0,5.00001,1641038,40558,0,0,,,,,,
bookshelf_tall,48,cbf-rrtc,0,0,5.00003,2118141,5276,0.0133365,0.0201436,,,,,,
bookshelf_tall,49,rrtconnect,0,1,0.00660934,7089,78,0,0,0.00500376,0,820,0,0.00249477,0
bookshelf_tall,49,cbf-rrtc,0,1,0.00263464,992,16,0.0369495,0.0725806,-0.000484933,195,1179,0,0.00249477,0
bookshelf_tall,50,rrtconnect,1,0,0,0,0,0,0,,,,,,
bookshelf_tall,50,cbf-rrtc,1,0,0,0,0,0,0,,,,,,
bookshelf_tall,51,rrtconnect,1,0,0,0,0,0,0,,,,,,
bookshelf_tall,51,cbf-rrtc,1,0,0,0,0,0,0,,,,,,
bookshelf_tall,52,rrtconnect,0,1,0.00425341,4566,54,0,0,0.00193625,0,1491,0,0.00249477,0
bookshelf_tall,52,cbf-rrtc,0,1,0.00194587,739,12,0.0322686,0.14479,-0.000369318,103,717,0,0.00249477,0
bookshelf_tall,53,rrtconnect,0,1,0.000659269,691,9,0,0,0.00193797,0,397,0,0.00249477,0
bookshelf_tall,53,cbf-rrtc,0,1,0.000363931,140,7,0.0540963,0.142857,-0.000756041,119,473,0,0.00249477,0
bookshelf_tall,54,rrtconnect,0,1,0.00125083,1352,17,0,0,0.0027486,0,522,0,0.00249477,0
bookshelf_tall,54,cbf-rrtc,0,1,0.00102365,431,11,0.0434838,0.160093,-0.0159146,130,791,0,0.00249477,0
bookshelf_tall,55,rrtconnect,0,1,0.0359114,36953,424,0,0,0.00341472,0,1039,0,0.00249477,0
bookshelf_tall,55,cbf-rrtc,0,1,0.00106299,401,10,0.0371397,0.117207,-0.00372515,12,533,0,0.00249477,0
bookshelf_tall,56,rrtconnect,0,1,0.00965241,10201,102,0,0,0.0038823,0,610,0,0.00249477,0
bookshelf_tall,56,cbf-rrtc,0,1,0.000598949,260,9,0.0533252,0.157692,-0.0118326,15,560,0,0.00249477,0
bookshelf_tall,57,rrtconnect,0,1,0.00416769,4465,53,0,0,0.000596511,0,771,0,0.00249477,0
bookshelf_tall,57,cbf-rrtc,0,1,0.00175137,660,12,0.0305967,0.0681818,-0.00222773,58,716,0,0.00249477,0
bookshelf_tall,58,rrtconnect,1,0,0,0,0,0,0,,,,,,
bookshelf_tall,58,cbf-rrtc,1,0,0,0,0,0,0,,,,,,
bookshelf_tall,59,rrtconnect,1,0,0,0,0,0,0,,,,,,
bookshelf_tall,59,cbf-rrtc,1,0,0,0,0,0,0,,,,,,
bookshelf_tall,60,rrtconnect,0,0,5.00006,1586610,38628,0,0,,,,,,
bookshelf_tall,60,cbf-rrtc,0,0,5.00028,2108831,5136,0.0132522,0.0196891,,,,,,
bookshelf_tall,61,rrtconnect,1,0,0,0,0,0,0,,,,,,
bookshelf_tall,61,cbf-rrtc,1,0,0,0,0,0,0,,,,,,
bookshelf_tall,62,rrtconnect,0,1,0.0142452,15046,149,0,0,0.00412827,0,766,0,0.00249477,0
bookshelf_tall,62,cbf-rrtc,0,1,0.00144497,537,10,0.0286766,0.0689013,-0.0047235,134,776,0,0.00249477,0
bookshelf_tall,63,rrtconnect,1,0,0,0,0,0,0,,,,,,
bookshelf_tall,63,cbf-rrtc,1,0,0,0,0,0,0,,,,,,
bookshelf_tall,64,rrtconnect,1,0,0,0,0,0,0,,,,,,
bookshelf_tall,64,cbf-rrtc,1,0,0,0,0,0,0,,,,,,
bookshelf_tall,65,rrtconnect,0,1,0.00105732,1109,15,0,0,0.000599378,0,577,0,0.00249477,0
bookshelf_tall,65,cbf-rrtc,0,1,0.000766267,291,8,0.0366258,0.0859107,-0.000899811,136,637,0,0.00249477,0
bookshelf_tall,66,rrtconnect,0,1,0.00867467,9256,109,0,0,0.00201272,0,986,0,0.00249477,0
bookshelf_tall,66,cbf-rrtc,0,1,0.000736666,285,9,0.035506,0.0736842,-0.000496554,176,671,0,0.00249477,0
bookshelf_tall,68,rrtconnect,0,1,0.000694208,734,10,0,0,0.00121539,0,632,0,0.00249477,0
bookshelf_tall,68,cbf-rrtc,0,1,0.000262298,125,6,0.0530413,0.28,-0.00204046,50,393,0,0.00249477,0
bookshelf_tall,69,rrtconnect,0,1,0.0102244,10927,117,0,0,-1.79526e-05,1,1587,0,0.00249477,0
bookshelf_tall,69,cbf-rrtc,0,1,0.00497004,1831,25,0.0288826,0.0557073,-0.000615383,157,926,0,0.00249477,0
bookshelf_tall,70,rrtconnect,0,1,0.00153005,1608,21,0,0,9.05989e-05,0,840,0,0.00249477,0
bookshelf_tall,70,cbf-rrtc,0,1,0.00239594,927,15,0.0282011,0.0647249,-0.000403481,162,1074,0,0.00249477,0
bookshelf_tall,71,rrtconnect,0,1,0.0192249,20305,216,0,0,4.5404e-05,0,896,0,0.00249477,0
bookshelf_tall,71,cbf-rrtc,0,1,0.00428991,1679,23,0.0280327,0.0387135,-0.00284767,25,689,0,0.00249477,0
bookshelf_tall,72,rrtconnect,0,1,0.00064538,677,10,0,0,0.000333602,0,426,0,0.00249477,0
bookshelf_tall,72,cbf-rrtc,0,1,0.000172256,91,6,0.0818227,0.472527,-0.000985327,8,418,0,0.00249477,0
bookshelf_tall,73,rrtconnect,1,0,0,0,0,0,0,,,,,,
bookshelf_tall,73,cbf-rrtc,1,0,0,0,0,0,0,,,,,,
bookshelf_tall,74,rrtconnect,1,0,0,0,0,0,0,,,,,,
bookshelf_tall,74,cbf-rrtc,1,0,0,0,0,0,0,,,,,,
bookshelf_tall,75,rrtconnect,1,0,0,0,0,0,0,,,,,,
bookshelf_tall,75,cbf-rrtc,1,0,0,0,0,0,0,,,,,,
bookshelf_tall,76,rrtconnect,0,0,5.00003,1602043,39750,0,0,,,,,,
bookshelf_tall,76,cbf-rrtc,0,0,5.00016,2153890,5566,0.0134037,0.0201329,,,,,,
bookshelf_tall,77,rrtconnect,0,1,0.00508509,5455,61,0,0,0.00525103,0,632,0,0.00249477,0
bookshelf_tall,77,cbf-rrtc,0,1,0.00102016,380,10,0.0348928,0.110526,-0.00534055,132,821,0,0.00249477,0
bookshelf_tall,78,rrtconnect,0,1,0.00619085,6832,80,0,0,0.00114418,0,801,0,0.00249477,0
bookshelf_tall,78,cbf-rrtc,0,1,0.00162038,671,12,0.0337553,0.107303,-0.00113534,128,823,0,0.00249477,0
bookshelf_tall,79,rrtconnect,0,1,0.000930482,992,14,0,0,0.00126536,0,857,0,0.00249477,0
bookshelf_tall,79,cbf-rrtc,0,1,0.000943702,397,9,0.0331242,0.070529,-0.010321,214,779,0,0.00249477,0
bookshelf_tall,80,rrtconnect,1,0,0,0,0,0,0,,,,,,
bookshelf_tall,80,cbf-rrtc,1,0,0,0,0,0,0,,,,,,
bookshelf_tall,81,rrtconnect,1,0,0,0,0,0,0,,,,,,
bookshelf_tall,81,cbf-rrtc,1,0,0,0,0,0,0,,,,,,
bookshelf_tall,82,rrtconnect,0,1,0.00420668,4702,52,0,0,0.00125162,0,777,0,0.00249477,0
bookshelf_tall,82,cbf-rrtc,0,1,0.0014273,614,12,0.0392536,0.138436,-0.00377577,31,687,0,0.00249477,0
bookshelf_tall,83,rrtconnect,0,1,0.0035111,3896,45,0,0,0.00046112,0,737,0,0.00249477,0
bookshelf_tall,83,cbf-rrtc,0,1,0.00250112,1009,16,0.0305786,0.0297324,-0.00897789,88,1016,0,0.00249477,0
bookshelf_tall,84,rrtconnect,0,1,0.000622196,670,10,0,0,0.00126655,0,482,0,0.00249477,0
bookshelf_tall,84,cbf-rrtc,0,1,0.00290533,1236,18,0.0302931,0.0202265,-0.00256022,397,1218,0,0.00249477,0
bookshelf_tall,85,rrtconnect,0,1,0.00227457,2534,31,0,0,2.76211e-05,0,505,0,0.00249477,0
bookshelf_tall,85,cbf-rrtc,0,1,0.0588126,25806,312,0.0274422,0.0647911,-0.000332803,25,850,0,0.00249477,0
bookshelf_tall,86,rrtconnect,0,1,0.0020418,2264,26,0,0,0.00109109,0,706,0,0.00249477,0
bookshelf_tall,86,cbf-rrtc,0,1,0.00124863,487,10,0.030926,0.0205339,-0.00026032,96,606,0,0.00249477,0
bookshelf_tall,87,rrtconnect,0,1,0.00109874,1218,16,0,0,0.00110105,0,593,0,0.00249477,0
bookshelf_tall,87,cbf-rrtc,0,1,0.000200169,102,6,0.0749739,0.382353,-0.00403997,40,422,0,0.00249477,0
bookshelf_tall,88,rrtconnect,0,1,0.0019207,2143,26,0,0,0.00133418,0,551,0,0.00249477,0
bookshelf_tall,88,cbf-rrtc,0,1,0.000321334,162,5,0.0474925,0.271605,-2.19779e-05,1,355,0,0.00249477,0
bookshelf_tall,89,rrtconnect,0,1,0.00147583,1660,22,0,0,0.00337047,0,1109,0,0.00249477,0
bookshelf_tall,89,cbf-rrtc,0,1,0.002795,1129,18,0.0295749,0.0637733,-0.00888778,197,812,0,0.00249477,0
bookshelf_tall,90,rrtconnect,1,0,0,0,0,0,0,,,,,,
bookshelf_tall,90,cbf-rrtc,1,0,0,0,0,0,0,,,,,,
bookshelf_tall,91,rrtconnect,0,1,0.0226861,24292,284,0,0,0.00223826,0,881,0,0.00249477,0
bookshelf_tall,91,cbf-rrtc,0,1,0.000361857,161,7,0.0533369,0.15528,-9.09366e-05,14,503,0,0.00249477,0
bookshelf_tall,93,rrtconnect,0,1,0.00256899,2840,34,0,0,0.00235264,0,803,0,0.00249477,0
bookshelf_tall,93,cbf-rrtc,0,1,0.00105744,458,11,0.035118,0.148472,-0.00757514,141,705,0,0.00249477,0
bookshelf_tall,94,rrtconnect,0,0,5.00001,1626529,39997,0,0,,,,,,
bookshelf_tall,94,cbf-rrtc,0,0,5.00001,2198050,5431,0.0131517,0.0195555,,,,,,
bookshelf_tall,95,rrtconnect,0,0,5.00002,1613878,39250,0,0,,,,,,
bookshelf_tall,95,cbf-rrtc,0,0,5.00008,2171004,5166,0.0131167,0.0191326,,,,,,
bookshelf_tall,96,rrtconnect,0,1,0.00294225,3263,38,0,0,0.00221861,0,973,0,0.00249477,0
bookshelf_tall,96,cbf-rrtc,0,1,0.00033297,139,6,0.0440148,0.208633,-9.4377e-06,28,372,0,0.00249477,0
bookshelf_tall,98,rrtconnect,0,0,5.00001,1659867,40818,0,0,,,,,,
bookshelf_tall,98,cbf-rrtc,0,0,5.00013,2185166,5283,0.0131691,0.019755,,,,,,
bookshelf_tall,99,rrtconnect,0,1,0.00183401,2044,26,0,0,0.00583595,0,602,0,0.00249477,0
bookshelf_tall,99,cbf-rrtc,0,1,0.00249854,997,18,0.0333984,0.0672016,-0.00038878,490,1421,0,0.00249477,0
bookshelf_tall,100,rrtconnect,1,0,0,0,0,0,0,,,,,,
bookshelf_tall,100,cbf-rrtc,1,0,0,0,0,0,0,,,,,,
bookshelf_thin,1,rrtconnect,1,0,0,0,0,0,0,,,,,,
bookshelf_thin,1,cbf-rrtc,1,0,0,0,0,0,0,,,,,,
bookshelf_thin,2,rrtconnect,0,1,0.00255315,2809,33,0,0,0.00396986,0,998,0,0.00249477,0
bookshelf_thin,2,cbf-rrtc,0,1,0.00574519,2118,26,0.0259471,0.0372993,-0.00162302,205,644,0,0.00249477,0
bookshelf_thin,3,rrtconnect,0,1,0.000261092,283,6,0,0,0.00358906,0,347,0,0.00249477,0
bookshelf_thin,3,cbf-rrtc,0,1,0.000127085,78,6,0.0959271,0.717949,1.99687e-05,0,414,0,0.00249477,0
bookshelf_thin,4,rrtconnect,1,0,0,0,0,0,0,,,,,,
bookshelf_thin,4,cbf-rrtc,1,0,0,0,0,0,0,,,,,,
bookshelf_thin,5,rrtconnect,1,0,0,0,0,0,0,,,,,,
bookshelf_thin,5,cbf-rrtc,1,0,0,0,0,0,0,,,,,,
bookshelf_thin,6,rrtconnect,1,0,0,0,0,0,0,,,,,,
bookshelf_thin,6,cbf-rrtc,1,0,0,0,0,0,0,,,,,,
bookshelf_thin,7,rrtconnect,1,0,0,0,0,0,0,,,,,,
bookshelf_thin,7,cbf-rrtc,1,0,0,0,0,0,0,,,,,,
bookshelf_thin,8,rrtconnect,0,1,0.00547627,6070,60,0,0,0.000945259,0,809,0,0.00249477,0
bookshelf_thin,8,cbf-rrtc,0,1,0.000215291,96,6,0.0680696,0.229167,-4.75479e-05,73,375,0,0.00249477,0
bookshelf_thin,9,rrtconnect,0,1,0.00159898,1773,17,0,0,0.00127221,0,621,0,0.00249477,0
bookshelf_thin,9,cbf-rrtc,0,1,0.000113846,59,6,0.10716,0.576271,5.83986e-06,0,347,0,0.00249477,0
bookshelf_thin,10,rrtconnect,1,0,0,0,0,0,0,,,,,,
bookshelf_thin,10,cbf-rrtc,1,0,0,0,0,0,0,,,,,,
bookshelf_thin,11,rrtconnect,1,0,0,0,0,0,0,,,,,,
bookshelf_thin,11,cbf-rrtc,1,0,0,0,0,0,0,,,,,,
bookshelf_thin,12,rrtconnect,0,1,0.000592183,639,10,0,0,0.00292816,0,761,0,0.00249477,0
bookshelf_thin,12,cbf-rrtc,0,1,0.00288311,1215,19,0.0305956,0.0436214,-0.0046551,82,975,0,0.00249477,0
bookshelf_thin,13,rrtconnect,0,1,0.000748398,834,12,0,0,0.000540507,0,627,0,0.00113524,0
bookshelf_thin,13,cbf-rrtc,0,1,0.000186555,85,6,0.0732282,0.223529,-0.00188174,48,343,0,0.00249477,0
bookshelf_thin,14,rrtconnect,0,1,0.00137173,1513,19,0,0,0.00298432,0,582,0,0.00249477,0
bookshelf_thin,14,cbf-rrtc,0,1,0.000335785,156,6,0.0393898,0.147436,-0.0019228,28,360,0,0.00249477,0
bookshelf_thin,15,rrtconnect,1,0,0,0,0,0,0,,,,,,
bookshelf_thin,15,cbf-rrtc,1,0,0,0,0,0,0,,,,,,
bookshelf_thin,16,rrtconnect,0,1,0.000777688,851,12,0,0,0.000499893,0,684,0,0.00249477,0
bookshelf_thin,16,cbf-rrtc,0,1,0.00773733,2936,34,0.0228603,0.0292916,-0.00352499,97,944,0,0.00249477,0
bookshelf_thin,17,rrtconnect,0,1,0.0016028,1764,23,0,0,0.000816871,0,608,0,0.00249477,0
bookshelf_thin,17,cbf-rrtc,0,1,0.000396167,173,6,0.0439265,0.225434,-0.00113075,36,421,0,0.00249477,0
bookshelf_thin,18,rrtconnect,0,1,0.000945236,1055,15,0,0,0.0028467,0,850,0,0.00249477,0
bookshelf_thin,18,cbf-rrtc,0,1,0.000580165,228,8,0.0418746,0.0877193,-0.00316372,111,611,0,0.00249477,0
bookshelf_thin,19,rrtconnect,0,1,0.00989849,10890,123,0,0,0.00347508,0,1279,0,0.00249477,0
bookshelf_thin,19,cbf-rrtc,0,1,0.000437713,188,6,0.0472846,0.180851,-0.0018736,30,448,0,0.00249477,0
bookshelf_thin,20,rrtconnect,0,1,0.017476,19269,172,0,0,0.00590373,0,727,0,0.00249477,0
bookshelf_thin,20,cbf-rrtc,0,1,0.000249979,111,6,0.0593563,0.252252,-0.00628879,30,409,0,0.00249477,0
bookshelf_thin,21,rrtconnect,0,1,0.00272809,3032,36,0,0,0.00185224,0,617,0,0.00249477,0
bookshelf_thin,21,cbf-rrtc,0,1,0.00033446,133,7,0.0521578,0.142857,-0.00185335,121,411,0,0.00249477,0
bookshelf_thin,22,rrtconnect,0,1,0.00416973,4624,56,0,0,0.000205574,0,801,0,0.00249477,0
bookshelf_thin,22,cbf-rrtc,0,1,0.00625042,2317,23,0.0245889,0.0608546,-0.00392626,168,1312,0,0.00221675,0
bookshelf_thin,23,rrtconnect,0,1,0.00213602,2303,28,0,0,0.000266726,0,616,0,0.00249477,0
bookshelf_thin,23,cbf-rrtc,0,1,0.00231132,878,16,0.0319067,0.0888383,-0.00663263,464,1076,0,0.00249477,0
bookshelf_thin,24,rrtconnect,1,0,0,0,0,0,0,,,,,,
bookshelf_thin,24,cbf-rrtc,1,0,0,0,0,0,0,,,,,,
bookshelf_thin,25,rrtconnect,0,1,0.00352953,3942,42,0,0,0.00202925,0,887,0,0.00249477,0
bookshelf_thin,25,cbf-rrtc,0,1,0.000460426,203,8,0.0491122,0.17734,-0.00843813,141,613,0,0.00249477,0
bookshelf_thin,26,rrtconnect,1,0,0,0,0,0,0,,,,,,
bookshelf_thin,26,cbf-rrtc,1,0,0,0,0,0,0,,,,,,
bookshelf_thin,27,rrtconnect,0,1,0.000387539,419,7,0,0,0.00117592,0,498,0,0.00249477,0
bookshelf_thin,27,cbf-rrtc,0,1,0.000290043,123,6,0.0520496,0.138211,-8.9653e-05,26,376,0,0.00249477,0
bookshelf_thin,28,rrtconnect,0,1,0.00120529,1330,18,0,0,0.00304138,0,547,0,0.00249477,0
bookshelf_thin,28,cbf-rrtc,0,1,0.00145354,622,12,0.0378969,0.128617,-0.00673714,33,409,0,0.00249477,0
bookshelf_thin,29,rrtconnect,0,1,0.00320946,3566,31,0,0,0.000152877,0,1075,0,0.00249477,0
bookshelf_thin,29,cbf-rrtc,0,1,0.000121527,76,6,0.0901668,0.736842,-0.00038472,1,377,0,0.00249477,0
bookshelf_thin,30,rrtconnect,0,1,0.00561675,6190,71,0,0,0.000590891,0,931,0,0.00249477,0
bookshelf_thin,30,cbf-rrtc,0,1,0.00606923,2281,25,0.0250732,0.0394564,-0.00964868,459,1763,0,0.00249477,0
bookshelf_thin,31,rrtconnect,0,1,0.000869824,956,13,0,0,0.00134185,0,682,0,0.00249477,0
bookshelf_thin,31,cbf-rrtc,0,1,0.00043847,181,7,0.0398093,0.132597,-0.00186006,108,461,0,0.00249477,0
bookshelf_thin,32,rrtconnect,1,0,0,0,0,0,0,,,,,,
bookshelf_thin,32,cbf-rrtc,1,0,0,0,0,0,0,,,,,,
bookshelf_thin,33,rrtconnect,0,1,0.000819095,908,13,0,0,0.00188333,0,876,0,0.00249477,0
bookshelf_thin,33,cbf-rrtc,0,1,0.0018429,752,13,0.0300434,0.0970745,-0.00298621,180,876,0,0.00249477,0
bookshelf_thin,34,rrtconnect,0,1,0.00348629,3909,45,0,0,0.00230773,0,1135,0,0.00249477,0
bookshelf_thin,34,cbf-rrtc,0,1,0.00299446,1179,19,0.0294079,0.0780322,-0.00256015,81,907,0,0.00249477,0
bookshelf_thin,35,rrtconnect,1,0,0,0,0,0,0,,,,,,
bookshelf_thin,35,cbf-rrtc,1,0,0,0,0,0,0,,,,,,
bookshelf_thin,36,rrtconnect,1,0,0,0,0,0,0,,,,,,
bookshelf_thin,36,cbf-rrtc,1,0,0,0,0,0,0,,,,,,
bookshelf_thin,37,rrtconnect,1,0,0,0,0,0,0,,,,,,
bookshelf_thin,37,cbf-rrtc,1,0,0,0,0,0,0,,,,,,
bookshelf_thin,38,rrtconnect,0,1,0.000286638,310,6,0,0,0.00456506,0,379,0,0.00249477,0
bookshelf_thin,38,cbf-rrtc,0,1,0.000107725,63,7,0.132173,0.730159,0.00458654,0,446,0,0.00249477,0
bookshelf_thin,39,rrtconnect,0,1,0.00401218,4506,51,0,0,0.00120571,0,735,0,0.00249477,0
bookshelf_thin,39,cbf-rrtc,0,1,0.000265271,114,6,0.0551761,0.192982,-0.000113637,30,400,0,0.00249477,0
bookshelf_thin,40,rrtconnect,1,0,0,0,0,0,0,,,,,,
bookshelf_thin,40,cbf-rrtc,1,0,0,0,0,0,0,,,,,,
bookshelf_thin,41,rrtconnect,1,0,0,0,0,0,0,,,,,,
bookshelf_thin,41,cbf-rrtc,1,0,0,0,0,0,0,,,,,,
bookshelf_thin,42,rrtconnect,1,0,0,0,0,0,0,,,,,,
bookshelf_thin,42,cbf-rrtc,1,0,0,0,0,0,0,,,,,,
bookshelf_thin,43,rrtconnect,0,1,0.00177671,1964,26,0,0,0.000449806,0,594,0,0.00249477,0
bookshelf_thin,43,cbf-rrtc,0,1,0.0026847,1111,17,0.0293988,0.0585059,-0.000643251,40,727,0,0.00249477,0
bookshelf_thin,44,rrtconnect,1,0,0,0,0,0,0,,,,,,
bookshelf_thin,44,cbf-rrtc,1,0,0,0,0,0,0,,,,,,
bookshelf_thin,45,rrtconnect,0,0,5.00001,1665914,41696,0,0,,,,,,
bookshelf_thin,45,cbf-rrtc,0,0,5.00013,2238645,5795,0.0132711,0.0202694,,,,,,
bookshelf_thin,46,rrtconnect,0,0,5.00001,1666684,41910,0,0,,,,,,
bookshelf_thin,46,cbf-rrtc,0,0,5.00005,2264183,6056,0.0134274,0.0200836,,,,,,
bookshelf_thin,47,rrtconnect,0,1,0.000777207,860,12,0,0,0.00070771,0,531,0,0.00249477,0
bookshelf_thin,47,cbf-rrtc,0,1,0.000257944,116,6,0.0542146,0.206897,-0.00261979,88,369,0,0.00249477,0
bookshelf_thin,48,rrtconnect,0,0,5.00002,1679271,42448,0,0,,,,,,
bookshelf_thin,48,cbf-rrtc,0,0,5.00006,2269565,6157,0.0133754,0.0201704,,,,,,
bookshelf_thin,49,rrtconnect,1,0,0,0,0,0,0,,,,,,
bookshelf_thin,49,cbf-rrtc,1,0,0,0,0,0,0,,,,,,
bookshelf_thin,50,rrtconnect,0,1,0.000479203,522,9,0,0,-0.000600461,1,500,0,0.00249477,0
bookshelf_thin,50,cbf-rrtc,0,1,0.000540095,231,9,0.0544739,0.220779,-0.00447846,28,430,0,0.00249477,0
bookshelf_thin,51,rrtconnect,0,1,0.000816319,879,12,0,0,0.0040404,0,696,0,0.00249477,0
bookshelf_thin,51,cbf-rrtc,0,1,0.000583416,255,7,0.0361007,0.0941176,-0.000762919,148,607,0,0.00249477,0
bookshelf_thin,52,rrtconnect,0,1,0.00188637,2085,24,0,0,0.00180954,0,767,0,0.00249477,0
bookshelf_thin,52,cbf-rrtc,0,1,0.00169956,641,12,0.0338,0.0639626,-0.0035979,35,618,0,0.00249477,0
bookshelf_thin,53,rrtconnect,1,0,0,0,0,0,0,,,,,,
bookshelf_thin,53,cbf-rrtc,1,0,0,0,0,0,0,,,,,,
bookshelf_thin,54,rrtconnect,0,1,0.0118396,13004,149,0,0,2.72386e-05,0,505,0,0.00249477,0
bookshelf_thin,54,cbf-rrtc,0,1,0.000260903,113,6,0.057717,0.327434,-0.000102778,37,398,0,0.00249477,0
bookshelf_thin,55,rrtconnect,0,1,0.000408433,416,7,0,0,0.000625421,0,485,0,0.00249477,0
bookshelf_thin,55,cbf-rrtc,0,1,0.000444192,180,7,0.0499975,0.133333,-8.39744e-05,58,489,0,0.00249477,0
bookshelf_thin,56,rrtconnect,0,1,0.00545295,6034,62,0,0,1.7732e-05,0,1014,0,0.00249477,0
bookshelf_thin,56,cbf-rrtc,0,1,0.000697877,286,9,0.0499654,0.153846,-0.00567584,86,710,0,0.00249477,0
bookshelf_thin,57,rrtconnect,1,0,0,0,0,0,0,,,,,,
bookshelf_thin,57,cbf-rrtc,1,0,0,0,0,0,0,,,,,,
bookshelf_thin,58,rrtconnect,0,1,0.00222251,2493,32,0,0,0.00452389,0,841,0,0.00249477,0
bookshelf_thin,58,cbf-rrtc,0,1,0.000439447,190,5,0.0298208,0.0473684,-0.00147817,61,399,0,0.00249477,0
bookshelf_thin,59,rrtconnect,0,1,0.00139529,1515,19,0,0,0.00326716,0,655,0,0.00249477,0
bookshelf_thin,59,cbf-rrtc,0,1,0.000680786,278,7,0.0395509,0.111511,-0.00370787,59,445,0,0.00249477,0
bookshelf_thin,60,rrtconnect,0,1,0.00529309,5889,60,0,0,0.00474211,0,435,0,0.00249477,0
bookshelf_thin,60,cbf-rrtc,0,1,0.000544755,219,7,0.0383786,0.0821918,-0.0112296,20,345,0,0.00249477,0
bookshelf_thin,61,rrtconnect,0,1,0.00273273,3017,33,0,0,0.00254345,0,488,0,0.00249477,0
bookshelf_thin,61,cbf-rrtc,0,1,0.000208178,99,6,0.0556107,0.30303,-0.0110082,49,323,0,0.00249477,0
bookshelf_thin,62,rrtconnect,1,0,0,0,0,0,0,,,,,,
bookshelf_thin,62,cbf-rrtc,1,0,0,0,0,0,0,,,,,,
bookshelf_thin,63,rrtconnect,0,1,0.00465452,5153,58,0,0,0.00170333,0,477,0,0.00249477,0
bookshelf_thin,63,cbf-rrtc,0,1,0.000295746,139,6,0.0457766,0.215827,-0.00432192,43,381,0,0.00249477,0
bookshelf_thin,64,rrtconnect,0,1,0.00767329,8464,95,0,0,6.23293e-05,0,598,0,0.00249477,0
bookshelf_thin,64,cbf-rrtc,0,1,0.0192102,7333,65,0.0238414,0.0380472,0.000258921,0,509,0,0.00249477,0
bookshelf_thin,65,rrtconnect,1,0,0,0,0,0,0,,,,,,
bookshelf_thin,65,cbf-rrtc,1,0,0,0,0,0,0,,,,,,
bookshelf_thin,66,rrtconnect,0,1,0.00947133,10489,119,0,0,0.00542857,0,683,0,0.00249477,0
bookshelf_thin,66,cbf-rrtc,0,1,0.00441485,1700,25,0.0290529,0.0788235,-0.0050585,220,912,0,0.00249477,0
bookshelf_thin,67,rrtconnect,0,1,0.037848,40764,401,0,0,0.00229489,0,735,0,0.00249477,0
bookshelf_thin,67,cbf-rrtc,0,1,0.00022984,89,6,0.0722758,0.213483,-0.000621912,67,364,0,0.00249477,0
bookshelf_thin,68,rrtconnect,1,0,0,0,0,0,0,,,,,,
bookshelf_thin,68,cbf-rrtc,1,0,0,0,0,0,0,,,,,,
bookshelf_thin,69,rrtconnect,1,0,0,0,0,0,0,,,,,,
bookshelf_thin,69,cbf-rrtc,1,0,0,0,0,0,0,,,,,,
bookshelf_thin,70,rrtconnect,0,1,0.00366572,4097,49,0,0,0.000105476,0,686,0,0.00249477,0
bookshelf_thin,70,cbf-rrtc,0,1,0.00800503,3031,33,0.0260923,0.0541076,-0.000156407,82,855,0,0.00249477,0
bookshelf_thin,71,rrtconnect,0,1,0.000662849,720,11,0,0,0.00471832,0,704,0,0.00249477,0
bookshelf_thin,71,cbf-rrtc,0,1,0.000137065,63,5,0.081137,0.349206,-0.0001377,12,274,0,0.00249477,0
bookshelf_thin,72,rrtconnect,0,1,0.00625105,6950,68,0,0,0.003356,0,511,0,0.00249477,0
bookshelf_thin,72,cbf-rrtc,0,1,8.8139e-05,46,5,0.123657,0.434783,-0.000174197,1,311,0,0.00249477,0
bookshelf_thin,73,rrtconnect,0,1,0.00405226,4509,49,0,0,0.00125247,0,340,0,0.00249477,0
bookshelf_thin,73,cbf-rrtc,0,1,0.000487006,223,6,0.0370269,0.130045,-0.00369447,134,481,0,0.00249477,0
bookshelf_thin,74,rrtconnect,0,1,0.00277248,3093,35,0,0,0.00172296,0,410,0,0.00249477,0
bookshelf_thin,74,cbf-rrtc,0,1,0.000325678,129,6,0.0509649,0.124031,-0.00668193,58,366,0,0.00249477,0
bookshelf_thin,75,rrtconnect,0,1,0.00233422,2609,33,0,0,0.00032275,0,1330,0,0.00249477,0
bookshelf_thin,75,cbf-rrtc,0,1,0.00110687,456,10,0.0315291,0.0614035,-0.000430824,192,877,0,0.00249477,0
bookshelf_thin,77,rrtconnect,1,0,0,0,0,0,0,,,,,,
bookshelf_thin,77,cbf-rrtc,1,0,0,0,0,0,0,,,,,,
bookshelf_thin,78,rrtconnect,1,0,0,0,0,0,0,,,,,,
bookshelf_thin,78,cbf-rrtc,1,0,0,0,0,0,0,,,,,,
bookshelf_thin,79,rrtconnect,0,1,0.000281168,290,6,0,0,0.00289299,0,351,0,0.00249477,0
bookshelf_thin,79,cbf-rrtc,0,1,0.000639716,265,7,0.0342597,0.0226415,-0.00288071,100,524,0,0.00249477,0
bookshelf_thin,80,rrtconnect,0,1,0.0152375,16804,148,0,0,0.00311147,0,609,0,0.00249477,0
bookshelf_thin,80,cbf-rrtc,0,1,0.000858749,329,9,0.0460201,0.148936,-0.00204781,125,482,0,0.00249477,0
bookshelf_thin,81,rrtconnect,1,0,0,0,0,0,0,,,,,,
bookshelf_thin,81,cbf-rrtc,1,0,0,0,0,0,0,,,,,,
bookshelf_thin,82,rrtconnect,0,1,0.00379506,4238,43,0,0,0.00183324,0,589,0,0.00249477,0
bookshelf_thin,82,cbf-rrtc,0,1,0.000127433,67,5,0.0817682,0.462687,-0.00207068,13,311,0,0.00249477,0
bookshelf_thin,83,rrtconnect,0,1,0.00545526,6023,71,0,0,0.00170743,0,640,0,0.00249477,0
bookshelf_thin,83,cbf-rrtc,0,1,0.00410942,1579,25,0.0292981,0.0797973,-0.00391724,350,1108,0,0.00249477,0
bookshelf_thin,84,rrtconnect,0,1,0.00285386,3170,32,0,0,0.00108213,0,488,0,0.00249477,0
bookshelf_thin,84,cbf-rrtc,0,1,0.000186172,84,6,0.0717055,0.27381,-0.00119634,13,352,0,0.00249477,0
bookshelf_thin,85,rrtconnect,0,1,0.000501428,522,9,0,0,0.00487214,0,528,0,0.00249477,0
bookshelf_thin,85,cbf-rrtc,0,1,0.00139886,498,10,0.0345194,0.0963855,-0.00264578,112,677,0,0.00249477,0
bookshelf_thin,86,rrtconnect,0,1,0.00467461,5187,60,0,0,0.000625979,0,1016,0,0.00249477,0
bookshelf_thin,86,cbf-rrtc,0,1,0.000277672,134,7,0.0617565,0.350746,-0.000630066,59,491,0,0.00249477,0
bookshelf_thin,87,rrtconnect,0,1,0.0238782,25957,271,0,0,0.00291309,0,1362,0,0.00249477,0
bookshelf_thin,87,cbf-rrtc,0,1,0.00023073,107,7,0.0790002,0.299065,-0.000984813,38,478,0,0.00249477,0
bookshelf_thin,88,rrtconnect,0,1,0.00131769,1436,18,0,0,0.00188998,0,679,0,0.00249477,0
bookshelf_thin,88,cbf-rrtc,0,1,0.00267586,1080,17,0.031125,0.0388889,-0.000787249,179,1119,0,0.00249477,0
bookshelf_thin,89,rrtconnect,1,0,0,0,0,0,0,,,,,,
bookshelf_thin,89,cbf-rrtc,1,0,0,0,0,0,0,,,,,,
bookshelf_thin,90,rrtconnect,1,0,0,0,0,0,0,,,,,,
bookshelf_thin,90,cbf-rrtc,1,0,0,0,0,0,0,,,,,,
bookshelf_thin,91,rrtconnect,0,1,0.00280631,3152,36,0,0,0.000439352,0,869,0,0.00249477,0
bookshelf_thin,91,cbf-rrtc,0,1,0.000380268,170,8,0.0576014,0.241176,-0.00036896,46,585,0,0.00249477,0
bookshelf_thin,92,rrtconnect,0,1,0.00155719,1694,22,0,0,0.00209542,0,642,0,0.00249477,0
bookshelf_thin,92,cbf-rrtc,0,1,0.000442138,192,7,0.0479823,0.234375,-0.000628082,69,539,0,0.00249477,0
bookshelf_thin,93,rrtconnect,0,1,0.00061021,649,10,0,0,0.00106669,0,618,0,0.00249477,0
bookshelf_thin,93,cbf-rrtc,0,1,0.000871178,397,10,0.0376904,0.0881612,-0.000458963,55,684,0,0.00249477,0
bookshelf_thin,94,rrtconnect,1,0,0,0,0,0,0,,,,,,
bookshelf_thin,94,cbf-rrtc,1,0,0,0,0,0,0,,,,,,
bookshelf_thin,95,rrtconnect,0,1,0.00685906,7617,89,0,0,0.00086038,0,697,0,0.00249477,0
bookshelf_thin,95,cbf-rrtc,0,1,0.000782401,306,8,0.0331976,0.0653595,-0.00649936,210,693,0,0.00249477,0
bookshelf_thin,96,rrtconnect,1,0,0,0,0,0,0,,,,,,
bookshelf_thin,96,cbf-rrtc,1,0,0,0,0,0,0,,,,,,
bookshelf_thin,97,rrtconnect,1,0,0,0,0,0,0,,,,,,
bookshelf_thin,97,cbf-rrtc,1,0,0,0,0,0,0,,,,,,
bookshelf_thin,98,rrtconnect,0,1,0.00298249,3324,40,0,0,0.00163836,0,621,0,0.00249477,0
bookshelf_thin,98,cbf-rrtc,0,1,0.000896864,356,9,0.0330917,0.0589888,-0.00222317,177,699,0,0.00249477,0
bookshelf_thin,99,rrtconnect,0,0,5.00003,1658675,41677,0,0,,,,,,
bookshelf_thin,99,cbf-rrtc,0,0,5.00013,2184943,5898,0.0133957,0.0206037,,,,,,
bookshelf_thin,100,rrtconnect,0,1,0.00171778,1837,24,0,0,0.0022717,0,707,0,0.00249477,0
bookshelf_thin,100,cbf-rrtc,0,1,0.000356399,145,6,0.0456705,0.131034,-0.000622195,78,419,0,0.00249477,0
table_under_pick,1,rrtconnect,1,0,0,0,0,0,0,,,,,,
table_under_pick,1,cbf-rrtc,1,0,0,0,0,0,0,,,,,,
table_under_pick,2,rrtconnect,0,1,0.000429539,452,8,0,0,0.00531567,0,331,0,0.00249477,0
table_under_pick,2,cbf-rrtc,0,1,0.000507917,217,7,0.0410863,0.115207,-3.36735e-05,10,300,0,0.00249477,0
table_under_pick,3,rrtconnect,0,1,0.000415079,439,8,0,0,0.00200333,0,530,0,0.00249477,0
table_under_pick,3,cbf-rrtc,0,1,0.000612173,280,10,0.0557504,0.3,-0.000941851,6,494,0,0.00249477,0
table_under_pick,4,rrtconnect,0,1,0.000848255,898,13,0,0,0.0030249,0,325,0,0.00249477,0
table_under_pick,4,cbf-rrtc,0,1,0.00134932,541,11,0.0348172,0.012939,-0.00100241,119,581,0,0.00249477,0
table_under_pick,5,rrtconnect,0,0,5.00005,1608301,39597,0,0,,,,,,
table_under_pick,5,cbf-rrtc,0,0,5.00003,2160791,5404,0.0134121,0.0204004,,,,,,
table_under_pick,6,rrtconnect,1,0,0,0,0,0,0,,,,,,
table_under_pick,6,cbf-rrtc,1,0,0,0,0,0,0,,,,,,
table_under_pick,7,rrtconnect,0,1,0.000507559,540,8,0,0,0.00363612,0,497,0,0.00249477,0
table_under_pick,7,cbf-rrtc,0,1,0.000915116,392,9,0.038792,0.107143,-0.00494425,52,751,0,0.00249477,0
table_under_pick,8,rrtconnect,0,1,0.000613122,660,10,0,0,0.00083494,0,579,0,0.00249477,0
table_under_pick,8,cbf-rrtc,0,1,0.0087312,3716,45,0.0285621,0.0468245,-0.000881184,100,1290,0,0.00249477,0
table_under_pick,9,rrtconnect,1,0,0,0,0,0,0,,,,,,
table_under_pick,9,cbf-rrtc,1,0,0,0,0,0,0,,,,,,
table_under_pick,10,rrtconnect,0,1,0.000912359,996,13,0,0,0.00332316,0,991,0,0.00249477,0
table_under_pick,10,cbf-rrtc,0,1,0.00259029,1126,17,0.0321849,0.0461812,-0.000100627,32,734,0,0.00249477,0
table_under_pick,11,rrtconnect,1,0,0,0,0,0,0,,,,,,
table_under_pick,11,cbf-rrtc,1,0,0,0,0,0,0,,,,,,
table_under_pick,12,rrtconnect,1,0,0,0,0,0,0,,,,,,
table_under_pick,12,cbf-rrtc,1,0,0,0,0,0,0,,,,,,
table_under_pick,13,rrtconnect,0,1,0.00106589,1183,16,0,0,0.000712042,0,846,0,0.00249477,0
table_under_pick,13,cbf-rrtc,0,1,0.000599675,272,7,0.0299875,0.0625,-0.00163292,157,563,0,0.00249477,0
table_under_pick,14,rrtconnect,0,1,0.00059555,640,10,0,0,0.00264723,0,750,0,0.00249477,0
table_under_pick,14,cbf-rrtc,0,1,0.010097,3878,40,0.0242493,0.034296,0.001,0,337,0,0.00249477,0
table_under_pick,15,rrtconnect,0,1,0.000547798,591,9,0,0,0.00372974,0,591,0,0.00249477,0
table_under_pick,15,cbf-rrtc,0,1,0.00290115,1251,17,0.0282946,0.0239808,-9.51488e-05,133,691,0,0.00249477,0
table_under_pick,16,rrtconnect,0,1,0.000820057,912,11,0,0,0.00376526,0,633,0,0.00249477,0
table_under_pick,16,cbf-rrtc,0,1,0.00323804,1359,21,0.0294461,0.0323767,-0.000298439,97,794,0,0.00249477,0
table_under_pick,17,rrtconnect,1,0,0,0,0,0,0,,,,,,
table_under_pick,17,cbf-rrtc,1,0,0,0,0,0,0,,,,,,
table_under_pick,18,rrtconnect,0,1,0.00146979,1640,19,0,0,0.00318018,0,781,0,0.00249477,0
table_under_pick,18,cbf-rrtc,0,1,0.000718336,335,10,0.0483938,0.238806,-6.80989e-05,9,614,0,0.00249477,0
table_under_pick,19,rrtconnect,0,0,5.00002,1672838,41957,0,0,,,,,,
table_under_pick,19,cbf-rrtc,0,0,5.00003,2184015,5812,0.0133767,0.0203501,,,,,,
table_under_pick,20,rrtconnect,0,1,0.000492928,501,8,0,0,0.00376073,0,565,0,0.00249477,0
table_under_pick,20,cbf-rrtc,0,1,0.00160701,640,13,0.0400751,0.09375,-0.000214706,204,925,0,0.00249477,0
table_under_pick,21,rrtconnect,0,0,5.00005,1642768,41005,0,0,,,,,,
table_under_pick,21,cbf-rrtc,0,0,5.00017,2187433,5829,0.0133974,0.0205135,,,,,,
table_under_pick,22,rrtconnect,0,1,0.00124252,1315,16,0,0,0.000893253,0,768,0,0.00249477,0
table_under_pick,22,cbf-rrtc,0,1,0.00215025,843,14,0.0301461,0.0604982,-0.000992646,116,758,0,0.00249477,0
table_under_pick,23,rrtconnect,0,1,0.00100795,1022,14,0,0,0.00337293,0,787,0,0.00249477,0
table_under_pick,23,cbf-rrtc,0,1,0.00123999,512,11,0.0359083,0.0957031,-0.000298047,187,645,0,0.00249477,0
table_under_pick,24,rrtconnect,0,1,0.00149743,1606,18,0,0,0.00195403,0,676,0,0.00249477,0
table_under_pick,24,cbf-rrtc,0,1,0.00264517,1083,15,0.0291922,0.0166205,-4.70865e-05,129,923,0,0.00249477,0
table_under_pick,25,rrtconnect,0,1,0.000449542,459,8,0,0,0.00400699,0,321,0,0.00249477,0
table_under_pick,25,cbf-rrtc,0,1,0.00239364,941,15,0.0327129,0.0435707,-0.00176722,78,541,0,0.00249477,0
table_under_pick,26,rrtconnect,0,1,0.000771604,805,12,0,0,0.00357805,0,837,0,0.00249477,0
table_under_pick,26,cbf-rrtc,0,1,0.00110165,448,10,0.0365438,0.0758929,-0.00109448,202,792,0,0.00249477,0
table_under_pick,27,rrtconnect,0,0,5.00001,1626003,40176,0,0,,,,,,
table_under_pick,27,cbf-rrtc,0,0,5.00013,2166326,5607,0.0134109,0.0204637,,,,,,
table_under_pick,28,rrtconnect,1,0,0,0,0,0,0,,,,,,
table_under_pick,28,cbf-rrtc,1,0,0,0,0,0,0,,,,,,
table_under_pick,29,rrtconnect,1,0,0,0,0,0,0,,,,,,
table_under_pick,29,cbf-rrtc,1,0,0,0,0,0,0,,,,,,
table_under_pick,30,rrtconnect,0,1,0.00141583,1510,19,0,0,0.0040847,0,1048,0,0.00249477,0
table_under_pick,30,cbf-rrtc,0,1,0.00401309,1598,21,0.0295074,0.0519399,-0.000784836,211,1012,0,0.00249477,0
table_under_pick,31,rrtconnect,0,1,0.00132082,1378,18,0,0,0.000817284,0,828,0,0.00249477,0
table_under_pick,31,cbf-rrtc,0,1,0.00189272,779,13,0.0353421,0.146341,-0.00890909,134,864,0,0.00249477,0
table_under_pick,32,rrtconnect,0,1,0.00111089,1185,15,0,0,0.00175529,0,690,0,0.00249477,0
table_under_pick,32,cbf-rrtc,0,1,0.00638408,2561,33,0.0298017,0.035533,-0.00355528,351,1487,0,0.00249477,0
table_under_pick,33,rrtconnect,0,1,0.000960604,1028,13,0,0,0.00388791,0,1045,0,0.00249477,0
table_under_pick,33,cbf-rrtc,0,1,0.00543528,2118,26,0.027458,0.0524079,-0.000236009,223,1134,0,0.00249477,0
table_under_pick,34,rrtconnect,0,1,0.000607349,639,10,0,0,0.000765499,0,531,0,0.00249477,0
table_under_pick,34,cbf-rrtc,0,1,0.00155066,684,13,0.0390738,0.150585,-0.000344252,36,548,0,0.00249477,0
table_under_pick,35,rrtconnect,0,1,0.00141928,1511,19,0,0,0.000604044,0,600,0,0.00249477,0
table_under_pick,35,cbf-rrtc,0,1,0.00313062,1297,19,0.0284572,0.0593678,-0.000136454,199,1191,0,0.00249477,0
table_under_pick,36,rrtconnect,0,1,0.000460233,487,8,0,0,0.00143255,0,512,0,0.00249477,0
table_under_pick,36,cbf-rrtc,0,1,0.000229953,120,7,0.0756253,0.425,5.20426e-06,0,488,0,0.00249477,0
table_under_pick,37,rrtconnect,1,0,0,0,0,0,0,,,,,,
table_under_pick,37,cbf-rrtc,1,0,0,0,0,0,0,,,,,,
table_under_pick,38,rrtconnect,1,0,0,0,0,0,0,,,,,,
table_under_pick,38,cbf-rrtc,1,0,0,0,0,0,0,,,,,,
table_under_pick,39,rrtconnect,0,1,0.00158168,1682,20,0,0,0.00445366,0,1104,0,0.00249477,0
table_under_pick,39,cbf-rrtc,0,1,0.000451212,198,7,0.0447213,0.207071,-0.000483418,27,462,0,0.00249477,0
table_under_pick,40,rrtconnect,1,0,0,0,0,0,0,,,,,,
table_under_pick,40,cbf-rrtc,1,0,0,0,0,0,0,,,,,,
table_under_pick,41,rrtconnect,1,0,0,0,0,0,0,,,,,,
table_under_pick,41,cbf-rrtc,1,0,0,0,0,0,0,,,,,,
table_under_pick,42,rrtconnect,0,0,5.00003,1691077,42315,0,0,,,,,,
table_under_pick,42,cbf-rrtc,0,0,5.00017,2181022,5646,0.0133609,0.0200168,,,,,,
table_under_pick,43,rrtconnect,1,0,0,0,0,0,0,,,,,,
table_under_pick,43,cbf-rrtc,1,0,0,0,0,0,0,,,,,,
table_under_pick,44,rrtconnect,0,1,0.000932002,1000,14,0,0,0.00288652,0,729,0,0.00249477,0
table_under_pick,44,cbf-rrtc,0,1,0.0019292,785,13,0.0332022,0.0853503,-0.00130883,7,519,0,0.00249477,0
table_under_pick,45,rrtconnect,1,0,0,0,0,0,0,,,,,,
table_under_pick,45,cbf-rrtc,1,0,0,0,0,0,0,,,,,,
table_under_pick,46,rrtconnect,0,1,0.000871829,917,13,0,0,0.00170543,0,828,0,0.00249477,0
table_under_pick,46,cbf-rrtc,0,1,0.00438311,1792,22,0.0280392,0.0373884,-0.000256594,235,975,0,0.00249477,0
table_under_pick,47,rrtconnect,0,1,0.00100152,1071,13,0,0,0.000516343,0,819,0,0.00249477,0
table_under_pick,47,cbf-rrtc,0,1,0.00307508,1203,15,0.0272253,0.00997506,-0.00293878,106,1058,0,0.00249477,0
table_under_pick,48,rrtconnect,0,1,0.000588329,607,10,0,0,0.0018026,0,501,0,0.00249477,0
table_under_pick,48,cbf-rrtc,0,1,0.00106213,465,10,0.0364736,0.197849,-0.00313993,129,847,0,0.00249477,0
table_under_pick,49,rrtconnect,0,1,0.000797206,856,12,0,0,0.00236749,0,985,0,0.00249477,0
table_under_pick,49,cbf-rrtc,0,1,0.000366279,164,8,0.0681981,0.268293,-0.000317698,32,557,0,0.00249477,0
table_under_pick,50,rrtconnect,0,1,0.00199827,2141,25,0,0,0.00327451,0,1447,0,0.00249477,0
table_under_pick,50,cbf-rrtc,0,1,0.00141819,603,11,0.033918,0.14262,-0.000126706,184,712,0,0.00249477,0
table_under_pick,51,rrtconnect,0,1,0.000799831,827,12,0,0,4.40768e-05,0,843,0,0.00249477,0
table_under_pick,51,cbf-rrtc,0,1,0.00250794,1052,17,0.0301801,0.0655894,-0.00263274,161,815,0,0.00249477,0
table_under_pick,52,rrtconnect,1,0,0,0,0,0,0,,,,,,
table_under_pick,52,cbf-rrtc,1,0,0,0,0,0,0,,,,,,
table_under_pick,53,rrtconnect,0,0,5.00001,1662591,41380,0,0,,,,,,
table_under_pick,53,cbf-rrtc,0,0,5.00023,2172470,5681,0.0133213,0.0202392,,,,,,
table_under_pick,54,rrtconnect,0,1,0.00105309,1107,14,0,0,0.00126167,0,683,0,0.00249477,0
table_under_pick,54,cbf-rrtc,0,1,0.000697635,322,10,0.0510354,0.282609,9.32588e-07,0,648,0,0.00249477,0
table_under_pick,55,rrtconnect,0,1,0.000824704,862,12,0,0,0.00245866,0,553,0,0.00249477,0
table_under_pick,55,cbf-rrtc,0,1,0.00195246,801,14,0.0336714,0.0649189,-0.00333907,78,916,0,0.00249477,0
table_under_pick,56,rrtconnect,0,1,0.000846091,905,11,0,0,0.00534329,0,687,0,0.00249477,0
table_under_pick,56,cbf-rrtc,0,1,0.00267961,1113,17,0.0314445,0.0440252,-6.90394e-05,68,856,0,0.00249477,0
table_under_pick,57,rrtconnect,1,0,0,0,0,0,0,,,,,,
table_under_pick,57,cbf-rrtc,1,0,0,0,0,0,0,,,,,,
table_under_pick,58,rrtconnect,0,0,5.00002,1627065,40358,0,0,,,,,,
table_under_pick,58,cbf-rrtc,0,0,5.00002,2174678,5609,0.01339,0.0206923,,,,,,
table_under_pick,59,rrtconnect,0,1,0.00130749,1399,18,0,0,0.00375192,0,798,0,0.00249477,0
table_under_pick,59,cbf-rrtc,0,1,0.00253125,1014,15,0.0283344,0.0936884,-0.000856751,296,1040,0,0.00249477,0
table_under_pick,60,rrtconnect,0,1,0.00057409,587,9,0,0,0.00338901,0,638,0,0.00249477,0
table_under_pick,60,cbf-rrtc,0,1,0.000135077,80,7,0.12483,0.725,0.00338887,0,536,0,0.00249477,0
table_under_pick,61,rrtconnect,1,0,0,0,0,0,0,,,,,,
table_under_pick,61,cbf-rrtc,1,0,0,0,0,0,0,,,,,,
table_under_pick,63,rrtconnect,0,1,0.0013763,1456,18,0,0,0.00331123,0,806,0,0.00249477,0
table_under_pick,63,cbf-rrtc,0,1,0.00154042,672,11,0.0328648,0.0386905,-0.00219099,149,983,0,0.00249477,0
table_under_pick,64,rrtconnect,0,1,0.00165669,1769,23,0,0,0.00497943,0,968,0,0.00249477,0
table_under_pick,64,cbf-rrtc,0,1,0.00149177,606,12,0.0338576,0.141914,-0.000475247,167,821,0,0.00249477,0
table_under_pick,65,rrtconnect,1,0,0,0,0,0,0,,,,,,
table_under_pick,65,cbf-rrtc,1,0,0,0,0,0,0,,,,,,
table_under_pick,66,rrtconnect,0,1,0.00252918,2704,32,0,0,0.000829898,0,657,0,0.00249477,0
table_under_pick,66,cbf-rrtc,0,1,0.00258925,1024,15,0.0291639,0.0556641,-0.00155402,292,849,0,0.00249477,0
table_under_pick,67,rrtconnect,0,1,0.000666613,695,11,0,0,0.00394792,0,611,0,0.00249477,0
table_under_pick,67,cbf-rrtc,0,1,0.00171488,691,12,0.0285562,0.00144718,-0.00131351,335,869,0,0.00249477,0
table_under_pick,68,rrtconnect,0,1,0.000424753,449,8,0,0,0.000473698,0,508,0,0.00249477,0
table_under_pick,68,cbf-rrtc,0,1,0.00266132,1123,17,0.0297842,0.0436331,-0.00329805,414,1175,0,0.00249477,0
table_under_pick,69,rrtconnect,0,1,0.00120399,1254,16,0,0,0.00464229,0,742,0,0.00249477,0
table_under_pick,69,cbf-rrtc,0,1,0.00545988,2207,27,0.030227,0.0579973,-0.005208,275,1033,0,0.00249477,0
table_under_pick,70,rrtconnect,0,1,0.000653527,676,10,0,0,0.00441556,0,751,0,0.00249477,0
table_under_pick,70,cbf-rrtc,0,1,0.00340405,1389,22,0.0319954,0.037437,-0.000306144,239,1067,0,0.00249477,0
table_under_pick,71,rrtconnect,0,1,0.000504961,520,9,0,0,0.00120918,0,611,0,0.00249477,0
table_under_pick,71,cbf-rrtc,0,1,0.000391149,171,7,0.053959,0.152047,-5.13698e-05,93,538,0,0.00249477,0
table_under_pick,72,rrtconnect,0,0,5.00003,1649318,40867,0,0,,,,,,
table_under_pick,72,cbf-rrtc,0,0,5.00001,2168497,5529,0.0133151,0.0199641,,,,,,
table_under_pick,73,rrtconnect,1,0,0,0,0,0,0,,,,,,
table_under_pick,73,cbf-rrtc,1,0,0,0,0,0,0,,,,,,
table_under_pick,74,rrtconnect,1,0,0,0,0,0,0,,,,,,
table_under_pick,74,cbf-rrtc,1,0,0,0,0,0,0,,,,,,
table_under_pick,75,rrtconnect,1,0,0,0,0,0,0,,,,,,
table_under_pick,75,cbf-rrtc,1,0,0,0,0,0,0,,,,,,
table_under_pick,76,rrtconnect,1,0,0,0,0,0,0,,,,,,
table_under_pick,76,cbf-rrtc,1,0,0,0,0,0,0,,,,,,
table_under_pick,77,rrtconnect,0,1,0.000894759,944,14,0,0,0.00433713,0,624,0,0.00249477,0
table_under_pick,77,cbf-rrtc,0,1,0.00171346,720,15,0.0363922,0.147222,-0.0007194,196,953,0,0.00249477,0
table_under_pick,78,rrtconnect,0,1,0.00110566,1191,16,0,0,0.00263668,0,1182,0,0.00249477,0
table_under_pick,78,cbf-rrtc,0,1,0.00512809,2092,27,0.0278843,0.0339388,-0.00019298,288,1440,0,0.00249477,0
table_under_pick,79,rrtconnect,0,0,5.00002,1634208,40154,0,0,,,,,,
table_under_pick,79,cbf-rrtc,0,0,5.00015,2153444,5481,0.013332,0.0199346,,,,,,
table_under_pick,80,rrtconnect,0,1,0.000868392,902,12,0,0,0.000177165,0,757,0,0.00249477,0
table_under_pick,80,cbf-rrtc,0,1,0.00312188,1271,18,0.0298318,0.127459,-0.0014519,262,884,0,0.00249477,0
table_under_pick,81,rrtconnect,0,1,0.000932051,974,13,0,0,0.00487862,0,631,0,0.00249477,0
table_under_pick,81,cbf-rrtc,0,1,0.00108998,459,9,0.0343632,0.135076,-0.00238699,191,814,0,0.00249477,0
table_under_pick,82,rrtconnect,0,1,0.000738069,765,11,0,0,0.0040237,0,397,0,0.00249477,0
table_under_pick,82,cbf-rrtc,0,1,0.00102586,448,10,0.0410301,0.149554,-2.6077e-06,11,698,0,0.00249477,0
table_under_pick,83,rrtconnect,0,0,5.00005,1670958,41983,0,0,,,,,,
table_under_pick,83,cbf-rrtc,0,0,5.00002,2191160,5871,0.0133372,0.0210427,,,,,,
table_under_pick,84,rrtconnect,0,1,0.000637336,646,9,0,0,0.00115066,0,622,0,0.00249477,0
table_under_pick,84,cbf-rrtc,0,1,0.000692404,314,11,0.0531422,0.159236,-0.000195103,182,763,0,0.00249477,0
table_under_pick,85,rrtconnect,1,0,0,0,0,0,0,,,,,,
table_under_pick,85,cbf-rrtc,1,0,0,0,0,0,0,,,,,,
table_under_pick,86,rrtconnect,0,0,5.00002,1653276,41000,0,0,,,,,,
table_under_pick,86,cbf-rrtc,0,0,5.00013,2167674,5530,0.0132846,0.0201303,,,,,,
table_under_pick,87,rrtconnect,0,1,0.00107617,1153,15,0,0,0.000388228,0,663,0,0.00249477,0
table_under_pick,87,cbf-rrtc,0,1,0.0018871,785,11,0.0281592,0.122293,-0.00319442,103,1007,0,0.00249477,0
table_under_pick,88,rrtconnect,1,0,0,0,0,0,0,,,,,,
table_under_pick,88,cbf-rrtc,1,0,0,0,0,0,0,,,,,,
table_under_pick,89,rrtconnect,1,0,0,0,0,0,0,,,,,,
table_under_pick,89,cbf-rrtc,1,0,0,0,0,0,0,,,,,,
table_under_pick,90,rrtconnect,0,1,0.000908893,946,13,0,0,0.000146207,0,542,0,0.00249477,0
table_under_pick,90,cbf-rrtc,0,1,0.00113242,454,10,0.0315587,0.0947137,-0.00125993,331,787,0,0.00249477,0
table_under_pick,91,rrtconnect,1,0,0,0,0,0,0,,,,,,
table_under_pick,91,cbf-rrtc,1,0,0,0,0,0,0,,,,,,
table_under_pick,92,rrtconnect,0,1,0.000903923,962,13,0,0,0.00305611,0,899,0,0.00249477,0
table_under_pick,92,cbf-rrtc,0,1,0.00168177,701,11,0.0298416,0.0156919,-0.00022514,140,524,0,0.00249477,0
table_under_pick,93,rrtconnect,0,0,5.00001,1602981,39270,0,0,,,,,,
table_under_pick,93,cbf-rrtc,0,0,5.00004,2155533,5349,0.0133481,0.0194875,,,,,,
table_under_pick,94,rrtconnect,0,1,0.00120842,1282,15,0,0,0.00273313,0,793,0,0.00249477,0
table_under_pick,94,cbf-rrtc,0,1,0.00177353,738,13,0.0351084,0.126016,-0.000266739,60,601,0,0.00249477,0
table_under_pick,95,rrtconnect,0,1,0.000960025,1014,14,0,0,0.00368415,0,769,0,0.00249477,0
table_under_pick,95,cbf-rrtc,0,1,0.00148681,662,11,0.0307905,0.070997,-0.00281638,218,880,0,0.00249477,0
table_under_pick,96,rrtconnect,0,0,5.00006,1646509,40857,0,0,,,,,,
table_under_pick,96,cbf-rrtc,0,0,5.00002,2169787,5582,0.0133999,0.0198946,,,,,,
table_under_pick,97,rrtconnect,1,0,0,0,0,0,0,,,,,,
table_under_pick,97,cbf-rrtc,1,0,0,0,0,0,0,,,,,,
table_under_pick,98,rrtconnect,1,0,0,0,0,0,0,,,,,,
table_under_pick,98,cbf-rrtc,1,0,0,0,0,0,0,,,,,,
table_under_pick,99,rrtconnect,0,1,0.000906803,968,14,0,0,0.003652,0,729,0,0.00249477,0
table_under_pick,99,cbf-rrtc,0,1,0.00123989,500,9,0.0344537,0.058,-0.000987103,72,558,0,0.00249477,0
table_under_pick,100,rrtconnect,0,1,0.000465274,492,9,0,0,0.00219412,0,583,0,0.00249477,0
table_under_pick,100,cbf-rrtc,0,1,0.00652506,2730,33,0.027186,0.0355311,-0.00866935,203,1518,0,0.00249477,0
bookshelf_small,1,rrtconnect,0,1,0.000373638,377,7,0,0,0.00489531,0,361,0,0.00249477,0
bookshelf_small,1,cbf-rrtc,0,1,0.000150939,83,6,0.0763813,0.46988,-3.98567e-05,1,343,0,0.00249477,0
bookshelf_small,2,rrtconnect,0,0,5.00001,1590110,38734,0,0,,,,,,
bookshelf_small,2,cbf-rrtc,0,0,5.00015,2149897,5235,0.0132803,0.0201075,,,,,,
bookshelf_small,3,rrtconnect,0,1,0.000582547,625,9,0,0,0.00303619,0,579,0,0.00249477,0
bookshelf_small,3,cbf-rrtc,0,1,0.00372997,1437,22,0.0282228,0.0549756,-0.00347882,176,987,0,0.00249477,0
bookshelf_small,4,rrtconnect,1,0,0,0,0,0,0,,,,,,
bookshelf_small,4,cbf-rrtc,1,0,0,0,0,0,0,,,,,,
bookshelf_small,5,rrtconnect,0,1,0.0022688,2423,25,0,0,0.00129486,0,704,0,0.00249477,0
bookshelf_small,5,cbf-rrtc,0,1,0.00135975,532,10,0.0282175,0.0206767,-0.00519712,186,825,0,0.00249477,0
bookshelf_small,6,rrtconnect,0,1,0.00212716,2281,28,0,0,0.0030181,0,567,0,0.00249477,0
bookshelf_small,6,cbf-rrtc,0,1,0.000935256,366,10,0.0389454,0.079235,-0.00187769,11,755,0,0.00249477,0
bookshelf_small,7,rrtconnect,0,1,0.00038472,391,7,0,0,0.00386981,0,469,0,0.00249477,0
bookshelf_small,7,cbf-rrtc,0,1,0.000811305,343,9,0.0410803,0.172012,-8.34989e-05,119,709,0,0.00249477,0
bookshelf_small,8,rrtconnect,0,1,0.000563174,590,10,0,0,0.00412071,0,408,0,0.00249477,0
bookshelf_small,8,cbf-rrtc,0,1,0.000185354,81,5,0.0652873,0.234568,-0.0037049,7,299,0,0.00249477,0
bookshelf_small,10,rrtconnect,1,0,0,0,0,0,0,,,,,,
bookshelf_small,10,cbf-rrtc,1,0,0,0,0,0,0,,,,,,
bookshelf_small,11,rrtconnect,1,0,0,0,0,0,0,,,,,,
bookshelf_small,11,cbf-rrtc,1,0,0,0,0,0,0,,,,,,
bookshelf_small,12,rrtconnect,1,0,0,0,0,0,0,,,,,,
bookshelf_small,12,cbf-rrtc,1,0,0,0,0,0,0,,,,,,
bookshelf_small,13,rrtconnect,0,1,0.17156,160067,2002,0,0,0.00136488,0,1018,0,0.00249477,0
bookshelf_small,13,cbf-rrtc,0,1,0.00241998,1079,28,0.0450322,0.160334,-0.000427665,68,505,0,0.00249477,0
bookshelf_small,14,rrtconnect,0,1,0.00026168,263,6,0,0,0.00668488,0,321,0,0.00249477,0
bookshelf_small,14,cbf-rrtc,0,1,9.5994e-05,55,6,0.129881,0.636364,0.00756638,0,381,0,0.00249477,0
bookshelf_small,15,rrtconnect,1,0,0,0,0,0,0,,,,,,
bookshelf_small,15,cbf-rrtc,1,0,0,0,0,0,0,,,,,,
bookshelf_small,16,rrtconnect,1,0,0,0,0,0,0,,,,,,
bookshelf_small,16,cbf-rrtc,1,0,0,0,0,0,0,,,,,,
bookshelf_small,17,rrtconnect,0,1,0.000856498,906,12,0,0,-0.000907998,1,416,0,0.00249477,0
bookshelf_small,17,cbf-rrtc,0,1,0.00014223,64,6,0.101433,0.3125,-4.87214e-05,11,354,0,0.00249477,0
bookshelf_small,18,rrtconnect,0,1,0.00103863,1116,14,0,0,0.00132442,0,404,0,0.00249477,0
bookshelf_small,18,cbf-rrtc,0,1,8.4413e-05,46,5,0.113624,0.565217,0.00121332,0,275,0,0.00249477,0
bookshelf_small,19,rrtconnect,1,0,0,0,0,0,0,,,,,,
bookshelf_small,19,cbf-rrtc,1,0,0,0,0,0,0,,,,,,
bookshelf_small,20,rrtconnect,0,1,0.00241515,2590,31,0,0,0.00141313,0,748,0,0.00249477,0
bookshelf_small,20,cbf-rrtc,0,1,0.000163751,73,5,0.0692272,0.219178,-0.00654644,6,308,0,0.00249477,0
bookshelf_small,21,rrtconnect,0,1,0.000493576,509,8,0,0,0.00507853,0,286,0,0.00249477,0
bookshelf_small,21,cbf-rrtc,0,1,0.00119416,482,9,0.0302925,0.0892116,-0.000918856,150,558,0,0.00249477,0
bookshelf_small,23,rrtconnect,0,1,0.00053207,546,9,0,0,0.000630761,0,442,0,0.00249477,0
bookshelf_small,23,cbf-rrtc,0,1,0.000552088,220,6,0.0368814,0.0727273,-0.0030761,44,403,0,0.00249477,0
bookshelf_small,24,rrtconnect,0,1,0.032643,33948,390,0,0,0.00474812,0,757,0,0.00249477,0
bookshelf_small,24,cbf-rrtc,0,1,0.000515517,220,8,0.04485,0.122727,-5.20588e-05,50,572,0,0.00249477,0
bookshelf_small,25,rrtconnect,0,1,0.00174192,1876,23,0,0,0.00354292,0,468,0,0.00249477,0
bookshelf_small,25,cbf-rrtc,0,1,0.00168261,660,12,0.029476,0.0348485,-0.000141336,130,705,0,0.00249477,0
bookshelf_small,26,rrtconnect,1,0,0,0,0,0,0,,,,,,
bookshelf_small,26,cbf-rrtc,1,0,0,0,0,0,0,,,,,,
bookshelf_small,27,rrtconnect,0,1,0.0895192,86863,1063,0,0,0.00172878,0,689,0,0.00249477,0
bookshelf_small,27,cbf-rrtc,0,1,0.00120998,487,12,0.0427096,0.158111,-3.24317e-05,46,750,0,0.00249477,0
bookshelf_small,28,rrtconnect,0,1,0.00841175,8986,98,0,0,0.000494479,0,1059,0,0.00249477,0
bookshelf_small,28,cbf-rrtc,0,1,0.000704276,294,8,0.0333047,0.102041,-0.000249474,149,656,0,0.00249477,0
bookshelf_small,29,rrtconnect,0,1,0.00296158,3192,32,0,0,0.00731398,0,640,0,0.00249477,0
bookshelf_small,29,cbf-rrtc,0,1,0.00337538,1391,20,0.0343161,0.109274,-0.00270098,138,1100,0,0.00249477,0
bookshelf_small,31,rrtconnect,0,1,0.0024018,2582,29,0,0,0.00794712,0,706,0,0.00249477,0
bookshelf_small,31,cbf-rrtc,0,1,0.0004524,205,7,0.0400266,0.268293,-0.000172293,79,528,0,0.00249477,0
bookshelf_small,32,rrtconnect,0,0,5.00006,1641706,41012,0,0,,,,,,
bookshelf_small,32,cbf-rrtc,0,0,5.00013,2185247,5762,0.0133329,0.0206645,,,,,,
bookshelf_small,33,rrtconnect,1,0,0,0,0,0,0,,,,,,
bookshelf_small,33,cbf-rrtc,1,0,0,0,0,0,0,,,,,,
bookshelf_small,34,rrtconnect,0,1,0.0070339,7524,79,0,0,0.00289765,0,552,0,0.00249477,0
bookshelf_small,34,cbf-rrtc,0,1,0.000349802,134,6,0.0544227,0.208955,-0.000296187,92,452,0,0.00249477,0
bookshelf_small,35,rrtconnect,0,1,0.00842943,8994,93,0,0,0.00063013,0,896,0,0.00249477,0
bookshelf_small,35,cbf-rrtc,0,1,0.00011727,62,7,0.137959,0.451613,-0.000120016,4,447,0,0.00249477,0
bookshelf_small,36,rrtconnect,0,1,0.00326407,3499,38,0,0,0.00130829,0,724,0,0.00249477,0
bookshelf_small,36,cbf-rrtc,0,1,0.000117529,65,6,0.106268,0.476923,1.20518e-05,0,388,0,0.00249477,0
bookshelf_small,37,rrtconnect,0,0,5.00001,1643339,40542,0,0,,,,,,
bookshelf_small,37,cbf-rrtc,0,0,5.00009,2166528,5345,0.0132919,0.0197777,,,,,,
bookshelf_small,38,rrtconnect,1,0,0,0,0,0,0,,,,,,
bookshelf_small,38,cbf-rrtc,1,0,0,0,0,0,0,,,,,,
bookshelf_small,39,rrtconnect,0,0,5.00001,1577898,37961,0,0,,,,,,
bookshelf_small,39,cbf-rrtc,0,0,5.00018,2136356,5136,0.0133094,0.0195492,,,,,,
bookshelf_small,40,rrtconnect,1,0,0,0,0,0,0,,,,,,
bookshelf_small,40,cbf-rrtc,1,0,0,0,0,0,0,,,,,,
bookshelf_small,41,rrtconnect,1,0,0,0,0,0,0,,,,,,
bookshelf_small,41,cbf-rrtc,1,0,0,0,0,0,0,,,,,,
bookshelf_small,42,rrtconnect,1,0,0,0,0,0,0,,,,,,
bookshelf_small,42,cbf-rrtc,1,0,0,0,0,0,0,,,,,,
bookshelf_small,43,rrtconnect,0,0,5.00001,1651284,41257,0,0,,,,,,
bookshelf_small,43,cbf-rrtc,0,0,5.00017,2195571,5756,0.0134658,0.0206347,,,,,,
bookshelf_small,44,rrtconnect,0,1,0.000212309,210,5,0,0,0.000116626,0,256,0,0.00249477,0
bookshelf_small,44,cbf-rrtc,0,1,0.000105459,55,5,0.0975734,0.581818,5.61334e-05,0,292,0,0.00249477,0
bookshelf_small,45,rrtconnect,0,1,0.0410178,42215,480,0,0,0.000172868,0,1215,0,0.00249477,0
bookshelf_small,45,cbf-rrtc,0,1,0.000619165,272,10,0.0543282,0.227941,-0.00192992,65,492,0,0.00249477,0
bookshelf_small,46,rrtconnect,0,1,0.00768099,8188,89,0,0,0.000663847,0,693,0,0.00249477,0
bookshelf_small,46,cbf-rrtc,0,1,0.000586195,227,8,0.045468,0.123348,-0.0019534,81,661,0,0.00249477,0
bookshelf_small,47,rrtconnect,1,0,0,0,0,0,0,,,,,,
bookshelf_small,47,cbf-rrtc,1,0,0,0,0,0,0,,,,,,
bookshelf_small,48,rrtconnect,0,1,0.000377139,383,7,0,0,0.00276543,0,450,0,0.00249477,0
bookshelf_small,48,cbf-rrtc,0,1,0.000101202,55,6,0.122447,0.563636,0.000358377,0,376,0,0.00249477,0
bookshelf_small,49,rrtconnect,0,1,0.0225163,23487,265,0,0,0.00116801,0,1157,0,0.00249477,0
bookshelf_small,49,cbf-rrtc,0,1,0.000260066,116,7,0.0803343,0.224138,-1.75618e-05,15,504,0,0.00249477,0
bookshelf_small,50,rrtconnect,0,1,0.00742208,7897,91,0,0,0.00249721,0,1193,0,0.00249477,0
bookshelf_small,50,cbf-rrtc,0,1,0.000187779,80,6,0.0738573,0.275,-0.00708074,14,327,0,0.00249477,0
bookshelf_small,51,rrtconnect,0,1,0.00118501,1246,15,0,0,0.00125214,0,274,0,0.00249477,0
bookshelf_small,51,cbf-rrtc,0,1,0.000356234,160,7,0.0508327,0.24375,-0.00200915,30,471,0,0.00249477,0
bookshelf_small,52,rrtconnect,0,1,0.00062152,665,11,0,0,0.00248163,0,542,0,0.00249477,0
bookshelf_small,52,cbf-rrtc,0,1,0.000535416,216,7,0.0455021,0.115741,-0.00195782,55,405,0,0.00249477,0
bookshelf_small,53,rrtconnect,1,0,0,0,0,0,0,,,,,,
bookshelf_small,53,cbf-rrtc,1,0,0,0,0,0,0,,,,,,
bookshelf_small,54,rrtconnect,0,1,0.000864478,899,12,0,0,0.00339516,0,529,0,0.00249477,0
bookshelf_small,54,cbf-rrtc,0,1,0.000679113,270,8,0.0421968,0.0888889,-0.000386387,52,500,0,0.00249477,0
bookshelf_small,55,rrtconnect,0,1,0.000341211,361,7,0,0,0.00104813,0,438,0,0.00249477,0
bookshelf_small,55,cbf-rrtc,0,1,0.000930514,382,8,0.0364559,0.0445026,-0.00168457,131,512,0,0.00249477,0
bookshelf_small,56,rrtconnect,1,0,0,0,0,0,0,,,,,,
bookshelf_small,56,cbf-rrtc,1,0,0,0,0,0,0,,,,,,
bookshelf_small,57,rrtconnect,0,1,0.00170797,1799,23,0,0,0.00310742,0,689,0,0.00249477,0
bookshelf_small,57,cbf-rrtc,0,1,0.00845173,3171,34,0.0243234,0.037843,-0.000101687,112,779,0,0.00249477,0
bookshelf_small,58,rrtconnect,1,0,0,0,0,0,0,,,,,,
bookshelf_small,58,cbf-rrtc,1,0,0,0,0,0,0,,,,,,
bookshelf_small,59,rrtconnect,1,0,0,0,0,0,0,,,,,,
bookshelf_small,59,cbf-rrtc,1,0,0,0,0,0,0,,,,,,
bookshelf_small,60,rrtconnect,0,1,0.000304966,301,6,0,0,0.00334485,0,359,0,0.00249477,0
bookshelf_small,60,cbf-rrtc,0,1,8.545e-05,47,6,0.134423,0.659574,0.00334485,0,344,0,0.00249477,0
bookshelf_small,61,rrtconnect,0,1,0.000328197,351,7,0,0,0.00323783,0,413,0,0.00249477,0
bookshelf_small,61,cbf-rrtc,0,1,0.000105715,61,6,0.113946,0.655738,0.00353262,0,374,0,0.00249477,0
bookshelf_small,62,rrtconnect,1,0,0,0,0,0,0,,,,,,
bookshelf_small,62,cbf-rrtc,1,0,0,0,0,0,0,,,,,,
bookshelf_small,63,rrtconnect,0,1,0.000194909,202,5,0,0,0.00167042,0,246,0,0.00249477,0
bookshelf_small,63,cbf-rrtc,0,1,6.8459e-05,38,5,0.144312,0.578947,0.00167042,0,295,0,0.00249477,0
bookshelf_small,64,rrtconnect,1,0,0,0,0,0,0,,,,,,
bookshelf_small,64,cbf-rrtc,1,0,0,0,0,0,0,,,,,,
bookshelf_small,65,rrtconnect,0,1,0.000232755,243,5,0,0,0.00798475,0,297,0,0.00249477,0
bookshelf_small,65,cbf-rrtc,0,1,0.000122031,65,6,0.116026,0.538462,8.96181e-05,0,411,0,0.00249477,0
bookshelf_small,66,rrtconnect,0,1,0.000271159,285,6,0,0,0.00253058,0,243,0,0.00249477,0
bookshelf_small,66,cbf-rrtc,0,1,0.00031579,134,5,0.0360623,0.0522388,-4.23756e-05,83,291,0,0.00249477,0
bookshelf_small,67,rrtconnect,1,0,0,0,0,0,0,,,,,,
bookshelf_small,67,cbf-rrtc,1,0,0,0,0,0,0,,,,,,
bookshelf_small,68,rrtconnect,1,0,0,0,0,0,0,,,,,,
bookshelf_small,68,cbf-rrtc,1,0,0,0,0,0,0,,,,,,
bookshelf_small,69,rrtconnect,1,0,0,0,0,0,0,,,,,,
bookshelf_small,69,cbf-rrtc,1,0,0,0,0,0,0,,,,,,
bookshelf_small,70,rrtconnect,0,1,0.000270058,269,6,0,0,0.00142061,0,329,0,0.00249477,0
bookshelf_small,70,cbf-rrtc,0,1,0.000174687,95,5,0.0630115,0.557895,0.00142061,0,370,0,0.00249477,0
bookshelf_small,71,rrtconnect,0,1,0.00570969,6131,63,0,0,0.00351814,0,803,0,0.00249477,0
bookshelf_small,71,cbf-rrtc,0,1,0.000249813,117,7,0.0718496,0.316239,-0.000929425,76,487,0,0.00249477,0
bookshelf_small,72,rrtconnect,1,0,0,0,0,0,0,,,,,,
bookshelf_small,72,cbf-rrtc,1,0,0,0,0,0,0,,,,,,
bookshelf_small,73,rrtconnect,0,1,0.00156884,1693,18,0,0,0.00118163,0,665,0,0.00249477,0
bookshelf_small,73,cbf-rrtc,0,1,0.000300687,121,6,0.0521314,0.14876,-0.000263143,37,370,0,0.00249477,0
bookshelf_small,74,rrtconnect,0,1,0.00195745,2108,26,0,0,0.00538143,0,640,0,0.00249477,0
bookshelf_small,74,cbf-rrtc,0,1,0.000460721,189,8,0.0514503,0.195767,-6.79688e-05,21,585,0,0.00249477,0
bookshelf_small,75,rrtconnect,0,1,0.00230986,2493,30,0,0,0.0047786,0,531,0,0.00249477,0
bookshelf_small,75,cbf-rrtc,0,1,0.00220601,896,16,0.0360753,0.116071,-9.21282e-06,20,837,0,0.00249477,0
bookshelf_small,76,rrtconnect,1,0,0,0,0,0,0,,,,,,
bookshelf_small,76,cbf-rrtc,1,0,0,0,0,0,0,,,,,,
bookshelf_small,77,rrtconnect,0,1,0.00540893,5796,62,0,0,0.00137414,0,810,0,0.00249477,0
bookshelf_small,77,cbf-rrtc,0,1,0.000225331,114,6,0.0607426,0.482456,-0.000549726,32,396,0,0.00249477,0
bookshelf_small,78,rrtconnect,0,1,0.00185539,1942,23,0,0,0.00529227,0,908,0,0.00249477,0
bookshelf_small,78,cbf-rrtc,0,1,0.00161413,635,11,0.0317419,0.0661417,-5.22622e-05,70,746,0,0.00249477,0
bookshelf_small,79,rrtconnect,0,1,0.00251285,2694,32,0,0,0.00283595,0,911,0,0.00249477,0
bookshelf_small,79,cbf-rrtc,0,1,0.00157319,612,15,0.0386773,0.104575,-0.00593306,284,860,0,0.00249477,0
bookshelf_small,80,rrtconnect,0,1,0.0131577,13937,149,0,0,0.000152114,0,810,0,0.00249477,0
bookshelf_small,80,cbf-rrtc,0,1,0.00248958,996,17,0.0280572,0.0140562,-0.00596826,395,1008,0,0.00249477,0
bookshelf_small,81,rrtconnect,0,1,0.120227,115122,1417,0,0,-0.000171989,1,1029,0,0.00249477,0
bookshelf_small,81,cbf-rrtc,0,1,0.000641341,256,8,0.0401208,0.144531,-0.00210612,80,572,0,0.00249477,0
bookshelf_small,82,rrtconnect,1,0,0,0,0,0,0,,,,,,
bookshelf_small,82,cbf-rrtc,1,0,0,0,0,0,0,,,,,,
bookshelf_small,83,rrtconnect,0,1,0.000593103,606,9,0,0,0.00216579,0,486,0,0.00249477,0
bookshelf_small,83,cbf-rrtc,0,1,0.000116888,67,6,0.0991995,0.656716,0.000238798,0,355,0,0.00249477,0
bookshelf_small,84,rrtconnect,0,1,0.000680963,717,10,0,0,0.00726179,0,561,0,0.00249477,0
bookshelf_small,84,cbf-rrtc,0,1,0.000130684,70,6,0.0942284,0.471429,6.07682e-05,0,351,0,0.00249477,0
bookshelf_small,85,rrtconnect,0,1,0.0334969,34509,354,0,0,0.00114795,0,789,0,0.00249477,0
bookshelf_small,85,cbf-rrtc,0,1,0.00358546,1399,22,0.0311349,0.0900643,-0.000126616,48,803,0,0.00249477,0
bookshelf_small,86,rrtconnect,1,0,0,0,0,0,0,,,,,,
bookshelf_small,86,cbf-rrtc,1,0,0,0,0,0,0,,,,,,
bookshelf_small,87,rrtconnect,0,1,0.000269415,272,6,0,0,0.00249962,0,326,0,0.00249477,0
bookshelf_small,87,cbf-rrtc,0,1,0.00266992,1161,21,0.0353677,0.086994,-0.000237895,26,434,0,0.00249477,0
bookshelf_small,89,rrtconnect,1,0,0,0,0,0,0,,,,,,
bookshelf_small,89,cbf-rrtc,1,0,0,0,0,0,0,,,,,,
bookshelf_small,90,rrtconnect,1,0,0,0,0,0,0,,,,,,
bookshelf_small,90,cbf-rrtc,1,0,0,0,0,0,0,,,,,,
bookshelf_small,91,rrtconnect,0,1,0.000886771,950,14,0,0,0.00462244,0,618,0,0.00249477,0
bookshelf_small,91,cbf-rrtc,0,1,0.000786175,307,9,0.0399191,0.120521,-0.00171431,175,715,0,0.00249477,0
bookshelf_small,92,rrtconnect,0,1,0.000513535,551,9,0,0,0.00641744,0,652,0,0.00249477,0
bookshelf_small,92,cbf-rrtc,0,1,0.000434056,195,6,0.0341222,0,-8.53534e-05,71,417,0,0.00249477,0
bookshelf_small,93,rrtconnect,0,1,0.000287815,305,6,0,0,0.00465453,0,352,0,0.00249477,0
bookshelf_small,93,cbf-rrtc,0,1,0.000101581,52,5,0.0786168,0.365385,6.78744e-05,0,247,0,0.00249477,0
bookshelf_small,94,rrtconnect,1,0,0,0,0,0,0,,,,,,
bookshelf_small,94,cbf-rrtc,1,0,0,0,0,0,0,,,,,,
bookshelf_small,95,rrtconnect,0,1,0.000624625,648,10,0,0,0.00485779,0,529,0,0.00249477,0
bookshelf_small,95,cbf-rrtc,0,1,0.000706319,276,8,0.0356831,0.108696,-0.000573099,8,464,0,0.00249477,0
bookshelf_small,96,rrtconnect,1,0,0,0,0,0,0,,,,,,
bookshelf_small,96,cbf-rrtc,1,0,0,0,0,0,0,,,,,,
bookshelf_small,97,rrtconnect,1,0,0,0,0,0,0,,,,,,
bookshelf_small,97,cbf-rrtc,1,0,0,0,0,0,0,,,,,,
bookshelf_small,98,rrtconnect,0,1,0.00188518,2010,25,0,0,0.00396116,0,1036,0,0.00249477,0
bookshelf_small,98,cbf-rrtc,0,1,0.00210794,924,16,0.0361989,0.127706,-0.00144936,168,947,0,0.00249477,0
bookshelf_small,99,rrtconnect,0,1,0.000600805,621,9,0,0,0.00271305,0,464,0,0.00249477,0
bookshelf_small,99,cbf-rrtc,0,1,0.000120676,65,6,0.101836,0.461538,8.02181e-05,0,376,0,0.00249477,0
bookshelf_small,100,rrtconnect,0,1,0.0113491,12033,126,0,0,0.0008864,0,1490,0,0.00249477,0
bookshelf_small,100,cbf-rrtc,0,1,0.00154549,655,14,0.0430996,0.206107,-0.00169086,190,843,0,0.00249477,0
box,1,rrtconnect,0,1,0.000647262,679,10,0,0,0.0127096,0,396,0,0.00249477,0
box,1,cbf-rrtc,0,1,0.000124517,58,5,0.0844039,0.310345,-7.93174e-05,4,276,0,0.00249477,0
box,2,rrtconnect,0,1,0.00212525,2285,29,0,0,0.00874287,0,603,0,0.00249477,0
box,2,cbf-rrtc,0,1,0.00108783,444,11,0.0415206,0.137387,-2.04731e-05,1,628,0,0.00249477,0
box,3,rrtconnect,0,1,0.000888511,945,13,0,0,0.00422829,0,656,0,0.00249477,0
box,3,cbf-rrtc,0,1,0.00218581,905,15,0.0339943,0.108287,-0.000914077,104,720,0,0.00249477,0
box,4,rrtconnect,0,1,0.000963199,1038,14,0,0,0.0111565,0,607,0,0.00249477,0
box,4,cbf-rrtc,0,1,0.000515631,219,7,0.046143,0.237443,-0.000297217,32,485,0,0.00249477,0
box,5,rrtconnect,0,1,0.00125586,1335,17,0,0,0.00184597,0,796,0,0.00249477,0
box,5,cbf-rrtc,0,1,0.000146506,68,5,0.0811092,0.338235,2.06e-05,0,308,0,0.00249477,0
box,6,rrtconnect,0,1,0.000659911,683,10,0,0,0.0127096,0,580,0,0.00249477,0
box,6,cbf-rrtc,0,1,0.000184859,81,6,0.0740177,0.259259,1.01272e-05,0,332,0,0.00249477,0
box,7,rrtconnect,0,1,0.000635534,665,10,0,0,0.0097403,0,692,0,0.00249477,0
box,7,cbf-rrtc,0,1,0.000988562,414,12,0.0494979,0.190821,2.22173e-06,0,779,0,0.00249477,0
box,8,rrtconnect,0,1,0.00122525,1280,17,0,0,0.00462974,0,939,0,0.00249477,0
box,8,cbf-rrtc,0,1,0.00186732,803,15,0.0391935,0.0784558,-0.000295291,77,1141,0,0.00249477,0
box,9,rrtconnect,0,1,0.000633518,683,10,0,0,0.00330206,0,692,0,0.00249477,0
box,9,cbf-rrtc,0,1,0.00277474,1155,17,0.03166,0.0337662,-8.12207e-05,31,895,0,0.00249477,0
box,10,rrtconnect,0,1,0.00148847,1589,20,0,0,0.0127096,0,731,0,0.00249477,0
box,10,cbf-rrtc,0,1,0.000277315,125,6,0.0528969,0.296,7.66524e-06,0,391,0,0.00249477,0
box,11,rrtconnect,0,1,0.00103391,1115,15,0,0,0.0122332,0,669,0,0.00249477,0
box,11,cbf-rrtc,0,1,0.000321617,146,7,0.0665282,0.253425,-8.34361e-05,19,456,0,0.00249477,0
box,12,rrtconnect,0,1,0.000408818,415,8,0,0,0.0127096,0,508,0,0.00249477,0
box,12,cbf-rrtc,0,1,0.00031244,149,7,0.0678021,0.355705,8.95085e-06,0,476,0,0.00249477,0
box,13,rrtconnect,0,1,0.00146125,1553,20,0,0,0.012466,0,732,0,0.00249477,0
box,13,cbf-rrtc,0,1,0.00055554,231,7,0.0370026,0.121212,-0.000176707,13,473,0,0.00249477,0
box,14,rrtconnect,0,1,0.0002659,266,6,0,0,0.011296,0,324,0,0.00249477,0
box,14,cbf-rrtc,0,1,0.000318568,136,6,0.049004,0.205882,4.7859e-07,0,385,0,0.00249477,0
box,15,rrtconnect,0,1,0.000689546,740,11,0,0,0.00416568,0,449,0,0.00249477,0
box,15,cbf-rrtc,0,1,0.000197584,95,5,0.0574456,0.273684,3.48404e-05,0,300,0,0.00249477,0
box,16,rrtconnect,0,1,0.000811303,855,12,0,0,0.0119571,0,553,0,0.00249477,0
box,16,cbf-rrtc,0,1,0.000221627,111,6,0.0674322,0.387387,2.78825e-05,0,440,0,0.00249477,0
box,17,rrtconnect,0,1,0.000654125,700,11,0,0,0.00113107,0,725,0,0.00249477,0
box,17,cbf-rrtc,0,1,0.000224005,115,5,0.0430321,0.165217,0.00771351,0,300,0,0.00249477,0
box,18,rrtconnect,0,1,0.00182022,1956,24,0,0,0.00273889,0,457,0,0.00249477,0
box,18,cbf-rrtc,0,1,0.00323827,1297,21,0.0355015,0.0647648,-7.63345e-06,7,1023,0,0.00249477,0
box,19,rrtconnect,0,1,0.000363377,353,7,0,0,0.00934272,0,415,0,0.00249477,0
box,19,cbf-rrtc,0,1,0.000375986,167,7,0.053264,0.203593,3.90853e-07,0,474,0,0.00249477,0
box,20,rrtconnect,0,1,0.000632313,653,10,0,0,0.0127096,0,570,0,0.00249477,0
box,20,cbf-rrtc,0,1,0.000175222,79,6,0.080029,0.240506,7.6462e-06,0,359,0,0.00249477,0
box,21,rrtconnect,0,1,0.000762936,821,12,0,0,0.00405602,0,450,0,0.00249477,0
box,21,cbf-rrtc,0,1,0.000177901,97,6,0.0730882,0.618557,4.50106e-05,0,395,0,0.00249477,0
box,22,rrtconnect,0,1,0.00315212,3376,39,0,0,0.00434754,0,750,0,0.00249477,0
box,22,cbf-rrtc,0,1,0.00153463,655,13,0.04038,0.123664,-0.000536806,147,899,0,0.00249477,0
box,23,rrtconnect,0,1,0.000484403,501,9,0,0,0.0127096,0,400,0,0.00249477,0
box,23,cbf-rrtc,0,1,0.000293438,124,6,0.0516907,0.177419,-9.7882e-05,7,372,0,0.00249477,0
box,24,rrtconnect,0,1,0.000332478,335,7,0,0,0.0127096,0,410,0,0.00249477,0
box,24,cbf-rrtc,0,1,0.00263029,1102,18,0.0348645,0.0653358,-3.00904e-05,86,852,0,0.00249477,0
box,25,rrtconnect,0,1,0.00135344,1431,18,0,0,0.00914152,0,485,0,0.00249477,0
box,25,cbf-rrtc,0,1,0.00129116,539,13,0.0390852,0.100186,-0.000570337,30,797,0,0.00249477,0
box,26,rrtconnect,0,1,0.0015928,1690,21,0,0,0.00451114,0,796,0,0.00249477,0
box,26,cbf-rrtc,0,1,0.000635123,275,8,0.044408,0.185455,-0.0165204,86,423,0,0.00249477,0
box,27,rrtconnect,0,1,0.00102454,1095,15,0,0,0.00189056,0,652,0,0.00249477,0
box,27,cbf-rrtc,0,1,0.000896906,399,9,0.0352088,0.112782,-0.000167975,1,753,0,0.00249477,0
box,28,rrtconnect,0,1,0.00108937,1177,17,0,0,0.00351495,0,700,0,0.00249477,0
box,28,cbf-rrtc,0,1,0.000568163,244,8,0.0450177,0.20082,-9.91102e-05,41,473,0,0.00249477,0
box,29,rrtconnect,0,1,0.000794301,855,13,0,0,0.0127096,0,609,0,0.00249477,0
box,29,cbf-rrtc,0,1,0.000704299,312,9,0.045754,0.157051,-0.000538927,73,579,0,0.00249477,0
box,30,rrtconnect,0,1,0.000471107,497,9,0,0,0.0059493,0,296,0,0.00249477,0
box,30,cbf-rrtc,0,1,0.000217608,100,6,0.0622963,0.3,1.07418e-05,0,366,0,0.00249477,0
box,31,rrtconnect,0,1,0.000563257,564,9,0,0,0.0127096,0,552,0,0.00249477,0
box,31,cbf-rrtc,0,1,0.000662964,294,9,0.0481033,0.190476,-1.00294e-05,10,561,0,0.00249477,0
box,32,rrtconnect,0,1,0.00108812,1145,15,0,0,0.00495605,0,501,0,0.00249477,0
box,32,cbf-rrtc,0,1,0.000263809,116,6,0.0545011,0.198276,-0.000437223,12,361,0,0.00249477,0
box,33,rrtconnect,0,1,0.00124296,1317,17,0,0,0.0127096,0,388,0,0.00249477,0
box,33,cbf-rrtc,0,1,0.000183388,89,5,0.0570435,0.325843,3.56888e-05,0,285,0,0.00249477,0
box,34,rrtconnect,0,1,0.00186307,2005,25,0,0,0.00989164,0,674,0,0.00249477,0
box,34,cbf-rrtc,0,1,0.000949379,415,9,0.0392994,0.166265,7.31856e-06,0,669,0,0.00249477,0
box,35,rrtconnect,0,1,0.000795587,827,12,0,0,0.000333588,0,579,0,0.00249477,0
box,35,cbf-rrtc,0,1,0.000393048,183,7,0.0538923,0.262295,0.0127096,0,438,0,0.00249477,0
box,36,rrtconnect,0,1,0.000317777,316,6,0,0,0.0125428,0,364,0,0.00249477,0
box,36,cbf-rrtc,0,1,0.000241509,102,6,0.0631646,0.254902,-3.91574e-05,3,365,0,0.00249477,0
box,37,rrtconnect,0,1,0.00171021,1810,23,0,0,0.00180892,0,750,0,0.00249477,0
box,37,cbf-rrtc,0,1,0.000687894,269,8,0.0416074,0.0855019,-4.70086e-05,2,557,0,0.00249477,0
box,38,rrtconnect,0,1,0.00168634,1811,23,0,0,0.00711168,0,612,0,0.00249477,0
box,38,cbf-rrtc,0,1,0.00164136,684,15,0.0404155,0.154971,-0.000109665,84,818,0,0.00249477,0
box,39,rrtconnect,0,1,0.000807008,846,13,0,0,0.0110213,0,603,0,0.00249477,0
box,39,cbf-rrtc,0,1,0.000446318,204,7,0.0454255,0.254902,-0.000641559,20,531,0,0.00249477,0
box,40,rrtconnect,0,1,0.00100735,1063,14,0,0,0.00773511,0,666,0,0.00249477,0
box,40,cbf-rrtc,0,1,0.00018261,79,5,0.0544,0.253165,9.54117e-06,0,250,0,0.00249477,0
box,41,rrtconnect,0,1,0.00100149,1071,15,0,0,0.0127096,0,660,0,0.00249477,0
box,41,cbf-rrtc,0,1,0.00224359,917,16,0.0360158,0.136314,-0.00020011,46,588,0,0.00249477,0
box,42,rrtconnect,0,1,0.000390807,410,7,0,0,0.0127096,0,393,0,0.00249477,0
box,42,cbf-rrtc,0,1,0.000718107,315,10,0.0536787,0.24127,3.5107e-06,0,455,0,0.00249477,0
box,43,rrtconnect,0,1,0.000633323,657,10,0,0,0.00234879,0,559,0,0.00249477,0
box,43,cbf-rrtc,0,1,0.00179961,726,12,0.0336995,0.0716253,-0.000513226,35,671,0,0.00249477,0
box,44,rrtconnect,0,1,0.000563127,577,9,0,0,0.000559845,0,385,0,0.00249477,0
box,44,cbf-rrtc,0,1,0.000232265,97,6,0.0638317,0.195876,-0.00114935,6,363,0,0.00249477,0
box,45,rrtconnect,0,1,0.00107215,1130,15,0,0,0.00264321,0,549,0,0.00249477,0
box,45,cbf-rrtc,0,1,0.000183209,88,5,0.0480396,0.340909,7.6929e-06,0,259,0,0.00249477,0
box,46,rrtconnect,0,1,0.00166498,1799,22,0,0,0.0127096,0,478,0,0.00249477,0
box,46,cbf-rrtc,0,1,0.000548163,238,7,0.0376851,0.151261,-2.22742e-05,43,523,0,0.00249477,0
box,47,rrtconnect,0,1,0.000736512,771,11,0,0,0.0127096,0,269,0,0.00249477,0
box,47,cbf-rrtc,0,1,0.0005157,238,7,0.0392406,0.176471,-0.000745968,3,415,0,0.00249477,0
box,48,rrtconnect,0,1,0.000510342,528,9,0,0,0.00172214,0,409,0,0.00249477,0
box,48,cbf-rrtc,0,1,0.000152199,65,5,0.0812869,0.292308,-2.45208e-05,1,292,0,0.00249477,0
box,49,rrtconnect,0,1,0.000543744,571,9,0,0,0.0115965,0,573,0,0.00249477,0
box,49,cbf-rrtc,0,1,0.000802359,357,9,0.0473837,0.210084,1.13779e-05,0,395,0,0.00249477,0
box,50,rrtconnect,0,1,0.000625955,668,11,0,0,0.0127096,0,603,0,0.00249477,0
box,50,cbf-rrtc,0,1,0.000337618,142,7,0.0529506,0.204225,7.54382e-07,0,437,0,0.00249477,0
box,51,rrtconnect,0,1,0.00263386,2823,34,0,0,0.00274363,0,497,0,0.00249477,0
box,51,cbf-rrtc,0,1,0.000957804,413,10,0.0403603,0.152542,-0.000706053,16,673,0,0.00249477,0
box,52,rrtconnect,0,1,0.00527076,5656,66,0,0,0.0127096,0,505,0,0.00249477,0
box,52,cbf-rrtc,0,1,0.00133892,583,13,0.0406834,0.16295,-7.92171e-06,1,530,0,0.00249477,0
box,53,rrtconnect,0,1,0.000359188,372,7,0,0,0.0127096,0,429,0,0.00249477,0
box,53,cbf-rrtc,0,1,0.000125451,66,5,0.0839861,0.363636,0.000157736,0,294,0,0.00249477,0
box,54,rrtconnect,0,1,0.000670952,690,10,0,0,0.0127096,0,497,0,0.00249477,0
box,54,cbf-rrtc,0,1,0.000810278,337,10,0.0456318,0.178042,-4.80537e-06,15,467,0,0.00249477,0
box,55,rrtconnect,0,1,0.000590272,618,10,0,0,0.0127096,0,430,0,0.00249477,0
box,55,cbf-rrtc,0,1,0.000839278,363,9,0.0406977,0.272727,6.72247e-06,0,466,0,0.00249477,0
box,56,rrtconnect,0,1,0.00178987,1911,23,0,0,0.00535298,0,878,0,0.00249477,0
box,56,cbf-rrtc,0,1,0.00110354,461,11,0.0390935,0.160521,8.15999e-07,0,461,0,0.00249477,0
box,57,rrtconnect,0,1,0.000334591,339,7,0,0,0.0127096,0,302,0,0.00249477,0
box,57,cbf-rrtc,0,1,0.000141341,63,5,0.086098,0.238095,2.2096e-05,0,302,0,0.00249477,0
box,58,rrtconnect,0,1,0.000740933,774,11,0,0,0.0127096,0,648,0,0.00249477,0
box,58,cbf-rrtc,0,1,0.000644669,264,8,0.0395742,0.109848,-0.00040086,67,455,0,0.00249477,0
box,59,rrtconnect,0,1,0.000374484,398,7,0,0,0.0127096,0,476,0,0.00249477,0
box,59,cbf-rrtc,0,1,0.000135992,61,5,0.0859496,0.295082,-2.08788e-05,5,292,0,0.00249477,0
box,60,rrtconnect,0,1,0.000803236,852,12,0,0,0.0127096,0,586,0,0.00249477,0
box,60,cbf-rrtc,0,1,0.000762107,328,8,0.0368477,0.134146,-4.7515e-05,67,603,0,0.00249477,0
box,61,rrtconnect,0,1,0.00290614,3103,38,0,0,0.0127096,0,412,0,0.00249477,0
box,61,cbf-rrtc,0,1,0.00445405,1849,26,0.030009,0.0481341,-0.000657723,37,621,0,0.00249477,0
box,62,rrtconnect,0,1,0.000302929,306,6,0,0,0.0127096,0,363,0,0.00249477,0
box,62,cbf-rrtc,0,1,0.000221072,95,6,0.066263,0.305263,8.47009e-06,0,356,0,0.00249477,0
box,63,rrtconnect,0,1,0.0018732,1993,25,0,0,0.00812911,0,466,0,0.00249477,0
box,63,cbf-rrtc,0,1,0.000135637,65,6,0.0917916,0.384615,1.27589e-06,0,324,0,0.00249477,0
box,64,rrtconnect,0,1,0.00102161,1074,15,0,0,0.0127096,0,713,0,0.00249477,0
box,64,cbf-rrtc,0,1,0.000128531,62,5,0.0846684,0.419355,1.23598e-05,0,299,0,0.00249477,0
box,65,rrtconnect,0,1,0.00193916,2069,26,0,0,0.0119438,0,897,0,0.00249477,0
box,65,cbf-rrtc,0,1,0.000525019,227,6,0.0344543,0.092511,-0.00163546,61,437,0,0.00249477,0
box,66,rrtconnect,0,1,0.00393606,4250,48,0,0,0.00057753,0,804,0,0.00249477,0
box,66,cbf-rrtc,0,1,0.000236017,107,7,0.0737253,0.364486,1.01275e-05,0,446,0,0.00249477,0
box,67,rrtconnect,0,1,0.000748241,781,11,0,0,0.0127096,0,694,0,0.00249477,0
box,67,cbf-rrtc,0,1,0.000961473,405,11,0.0434873,0.155556,-0.00265421,4,640,0,0.00249477,0
box,68,rrtconnect,0,1,0.000603771,634,9,0,0,0.0127096,0,389,0,0.00249477,0
box,68,cbf-rrtc,0,1,0.00168666,735,12,0.03318,0.0884354,-3.87988e-05,69,570,0,0.00249477,0
box,69,rrtconnect,0,1,0.00141719,1514,19,0,0,0.0127096,0,288,0,0.00249477,0
box,69,cbf-rrtc,0,1,0.000170065,75,5,0.0728087,0.293333,-2.62287e-05,7,302,0,0.00249477,0
box,70,rrtconnect,0,1,0.000352035,354,7,0,0,0.0127096,0,307,0,0.00249477,0
box,70,cbf-rrtc,0,1,0.000739741,310,8,0.0399113,0.0903226,-0.000528879,46,647,0,0.00249477,0
box,71,rrtconnect,0,1,0.000863288,908,13,0,0,0.00495639,0,517,0,0.00249477,0
box,71,cbf-rrtc,0,1,0.000157811,72,6,0.0813184,0.375,5.82618e-06,0,330,0,0.00249477,0
box,72,rrtconnect,0,1,0.00123528,1296,17,0,0,0.00738443,0,458,0,0.00249477,0
box,72,cbf-rrtc,0,1,0.000419345,174,6,0.049378,0.189655,-0.000270732,2,399,0,0.00249477,0
box,73,rrtconnect,0,1,0.00491857,5244,61,0,0,0.00700083,0,984,0,0.00249477,0
box,73,cbf-rrtc,0,1,0.000682784,294,7,0.0395304,0.176871,-0.000233555,36,533,0,0.00249477,0
box,74,rrtconnect,0,1,0.00188809,2039,25,0,0,0.0127096,0,755,0,0.00249477,0
box,74,cbf-rrtc,0,1,0.000810564,351,9,0.0460505,0.185185,-0.000141774,2,390,0,0.00249477,0
box,75,rrtconnect,0,1,0.000436807,438,8,0,0,0.0127096,0,408,0,0.00249477,0
box,75,cbf-rrtc,0,1,0.00197412,838,14,0.0323775,0.0811456,-0.000547986,147,945,0,0.00249477,0
box,76,rrtconnect,0,1,0.000729899,785,12,0,0,0.0100256,0,416,0,0.00249477,0
box,76,cbf-rrtc,0,1,0.000143363,70,5,0.0852347,0.385714,1.72363e-05,0,326,0,0.00249477,0
box,77,rrtconnect,0,1,0.000992433,1104,15,0,0,0.00614423,0,732,0,0.00249477,0
box,77,cbf-rrtc,0,1,0.000484978,205,7,0.0494972,0.195122,9.71998e-06,0,350,0,0.00249477,0
box,78,rrtconnect,0,1,0.000259821,269,6,0,0,0.0127096,0,323,0,0.00249477,0
box,78,cbf-rrtc,0,1,0.00079235,344,10,0.0490892,0.197674,-9.22249e-05,115,523,0,0.00249477,0
box,79,rrtconnect,0,1,0.000251161,262,6,0,0,0.0127096,0,311,0,0.00249477,0
box,79,cbf-rrtc,0,1,0.000140264,68,5,0.0701707,0.441176,8.4308e-06,0,271,0,0.00249477,0
box,80,rrtconnect,0,1,0.000636798,708,11,0,0,0.00216343,0,417,0,0.00249477,0
box,80,cbf-rrtc,0,1,0.000271753,115,6,0.0545934,0.191304,5.30988e-06,0,385,0,0.00249477,0
box,81,rrtconnect,0,1,0.00190948,2112,27,0,0,0.0127096,0,616,0,0.00249477,0
box,81,cbf-rrtc,0,1,0.000165615,72,5,0.0686421,0.222222,-2.8165e-05,7,281,0,0.00249477,0
box,82,rrtconnect,0,1,0.0016431,1820,23,0,0,0.00881625,0,500,0,0.00249477,0
box,82,cbf-rrtc,0,1,0.000163966,75,5,0.0778728,0.306667,1.26952e-05,0,326,0,0.00249477,0
box,83,rrtconnect,0,1,0.000512934,539,9,0,0,5.85452e-05,0,404,0,0.00249477,0
box,83,cbf-rrtc,0,1,0.000119972,61,5,0.0891285,0.393443,8.77249e-06,0,298,0,0.00249477,0
box,84,rrtconnect,0,1,0.000947603,1045,15,0,0,0.0127096,0,605,0,0.00249477,0
box,84,cbf-rrtc,0,1,0.000224076,103,6,0.0595723,0.194175,1.7767e-05,0,353,0,0.00249477,0
box,85,rrtconnect,0,1,0.000637647,694,10,0,0,0.00377032,0,492,0,0.00249477,0
box,85,cbf-rrtc,0,1,0.000999899,440,9,0.0364103,0.143182,-0.000500576,25,291,0,0.00249477,0
box,86,rrtconnect,0,1,0.000445207,486,8,0,0,0.0127096,0,380,0,0.00249477,0
box,86,cbf-rrtc,0,1,0.00515634,2193,31,0.0319538,0.0893753,-0.000889324,131,1311,0,0.00249477,0
box,87,rrtconnect,0,1,0.0015003,1635,21,0,0,0.000601598,0,750,0,0.00249477,0
box,87,cbf-rrtc,0,1,0.000392391,178,6,0.0502702,0.191011,-0.000273026,5,434,0,0.00249477,0
box,88,rrtconnect,0,1,0.000473534,516,9,0,0,0.0127096,0,410,0,0.00249477,0
box,88,cbf-rrtc,0,1,0.00098538,431,9,0.0404597,0.116009,-6.90389e-05,69,632,0,0.00249477,0
box,89,rrtconnect,0,1,0.000385471,380,7,0,0,0.0122044,0,451,0,0.00249477,0
box,89,cbf-rrtc,0,1,0.000193878,88,6,0.0665824,0.227273,1.47608e-05,0,324,0,0.00249477,0
box,90,rrtconnect,0,1,0.000517074,547,9,0,0,0.00156485,0,535,0,0.00249477,0
box,90,cbf-rrtc,0,1,0.000115401,62,6,0.100505,0.532258,2.25381e-05,0,342,0,0.00249477,0
box,91,rrtconnect,0,1,0.00119504,1306,17,0,0,0.00484372,0,834,0,0.00249477,0
box,91,cbf-rrtc,0,1,0.00103272,451,11,0.0453871,0.172949,-3.4855e-05,7,689,0,0.00249477,0
box,92,rrtconnect,0,1,0.000311447,325,6,0,0,0.00173817,0,394,0,0.00249477,0
box,92,cbf-rrtc,0,1,0.000699592,295,8,0.0408949,0.125424,-0.00410769,36,569,0,0.00249477,0
box,93,rrtconnect,0,1,0.00161315,1799,22,0,0,0.0127096,0,675,0,0.00249477,0
box,93,cbf-rrtc,0,1,0.000255906,113,6,0.0642031,0.230088,-2.85576e-05,6,416,0,0.00249477,0
box,94,rrtconnect,0,1,0.00271392,2995,36,0,0,0.00127196,0,944,0,0.00249477,0
box,94,cbf-rrtc,0,1,0.000779074,314,9,0.0515488,0.152866,-5.15299e-05,1,418,0,0.00249477,0
box,95,rrtconnect,0,1,0.000960245,1046,14,0,0,0.00433974,0,691,0,0.00249477,0
box,95,cbf-rrtc,0,1,0.00090045,402,10,0.0411926,0.164179,-0.000191196,48,840,0,0.00249477,0
box,96,rrtconnect,0,1,0.00120383,1331,18,0,0,0.00268534,0,721,0,0.00249477,0
box,96,cbf-rrtc,0,1,0.000783401,365,9,0.0440785,0.208219,3.78133e-06,0,648,0,0.00249477,0
box,97,rrtconnect,0,1,0.000461982,496,8,0,0,0.0113265,0,482,0,0.00249477,0
box,97,cbf-rrtc,0,1,0.000188289,84,5,0.0642452,0.22619,-0.0030488,1,325,0,0.00249477,0
box,98,rrtconnect,0,1,0.000952123,1049,13,0,0,0.0021235,0,878,0,0.00249477,0
box,98,cbf-rrtc,0,1,0.000144638,77,6,0.0988915,0.506494,-1.37098e-07,1,420,0,0.00249477,0
box,99,rrtconnect,0,1,0.00106555,1171,15,0,0,0.00136947,0,389,0,0.00249477,0
box,99,cbf-rrtc,0,1,0.000159707,83,6,0.0739923,0.445783,8.07115e-05,0,332,0,0.00249477,0
box,100,rrtconnect,0,1,0.000298199,312,6,0,0,0.0127096,0,375,0,0.00249477,0
box,100,cbf-rrtc,0,1,0.000165753,98,7,0.082895,0.673469,0.00939439,0,449,0,0.00249477,0
table_pick,1,rrtconnect,0,1,0.00322489,3586,37,0,0,0.00197973,0,540,0,0.00249477,0
table_pick,1,cbf-rrtc,0,1,9.0009e-05,49,7,0.169021,0.55102,1.32269e-05,0,434,0,0.00249477,0
table_pick,2,rrtconnect,0,1,0.000809423,888,12,0,0,0.00200262,0,783,0,0.00249477,0
table_pick,2,cbf-rrtc,0,1,0.00265933,1082,17,0.0338203,0.0628466,-0.00214364,430,927,0,0.00249477,0
table_pick,3,rrtconnect,0,1,0.00166744,1840,22,0,0,0.000676256,0,473,0,0.00249477,0
table_pick,3,cbf-rrtc,0,1,0.00094645,373,10,0.0406253,0.104558,-0.00112562,267,830,0,0.00249477,0
table_pick,4,rrtconnect,0,1,0.000459284,497,8,0,0,4.91057e-05,0,485,0,0.00249477,0
table_pick,4,cbf-rrtc,0,1,0.00014881,76,6,0.090602,0.447368,-1.41614e-05,1,376,0,0.00249477,0
table_pick,5,rrtconnect,0,1,0.000548046,566,9,0,0,0.0048534,0,586,0,0.00249477,0
table_pick,5,cbf-rrtc,0,1,0.000194755,92,7,0.0908886,0.336957,-0.000352,14,463,0,0.00249477,0
table_pick,6,rrtconnect,0,1,0.00178741,1994,23,0,0,0.000681386,0,749,0,0.00249477,0
table_pick,6,cbf-rrtc,0,1,0.000823855,331,9,0.041851,0.145015,-0.000118092,162,728,0,0.00249477,0
table_pick,7,rrtconnect,0,1,0.000452227,481,8,0,0,0.0029039,0,245,0,0.00249477,0
table_pick,7,cbf-rrtc,0,1,7.2309e-05,38,5,0.148875,0.552632,-0.000155047,11,306,0,0.00249477,0
table_pick,8,rrtconnect,0,1,0.000805006,879,9,0,0,0.00303718,0,251,0,0.00249477,0
table_pick,8,cbf-rrtc,0,1,8.4221e-05,47,5,0.113089,0.617021,0.000408313,0,289,0,0.00249477,0
table_pick,9,rrtconnect,0,1,0.00160583,1772,20,0,0,0.00204514,0,822,0,0.00249477,0
table_pick,9,cbf-rrtc,0,1,0.000337921,157,7,0.050642,0.248408,-0.00115768,49,482,0,0.00249477,0
table_pick,10,rrtconnect,0,1,0.00156142,1737,22,0,0,0.00169521,0,510,0,0.00249477,0
table_pick,10,cbf-rrtc,0,1,0.000122656,57,5,0.0941348,0.263158,-6.52753e-05,29,307,0,0.00249477,0
table_pick,11,rrtconnect,0,1,0.00320071,3593,39,0,0,0.00135886,0,278,0,0.00249477,0
table_pick,11,cbf-rrtc,0,1,0.000104803,57,5,0.0848304,0.473684,-9.73648e-05,8,279,0,0.00249477,0
table_pick,12,rrtconnect,0,1,0.000866833,957,11,0,0,0.00127391,0,634,0,0.00249477,0
table_pick,12,cbf-rrtc,0,1,9.7806e-05,57,6,0.130206,0.736842,5.77387e-05,0,401,0,0.00249477,0
table_pick,13,rrtconnect,0,1,0.000667987,742,11,0,0,0.00234167,0,538,0,0.00249477,0
table_pick,13,cbf-rrtc,0,1,0.000571367,268,7,0.0336025,0.0671642,-2.13643e-05,96,603,0,0.00249477,0
table_pick,14,rrtconnect,0,1,0.000374568,398,7,0,0,0.00287103,0,488,0,0.00249477,0
table_pick,14,cbf-rrtc,0,1,0.000146,76,7,0.108208,0.381579,-6.66199e-05,23,453,0,0.00249477,0
table_pick,15,rrtconnect,0,1,0.000550923,583,9,0,0,0.00142074,0,465,0,0.00249477,0
table_pick,15,cbf-rrtc,0,1,0.000138572,75,6,0.0902647,0.6,-0.000146497,18,377,0,0.00249477,0
table_pick,16,rrtconnect,0,1,0.000565901,601,9,0,0,0.00290163,0,264,0,0.00249477,0
table_pick,16,cbf-rrtc,0,1,8.5131e-05,42,5,0.108626,0.47619,0.000230856,0,242,0,0.00249477,0
table_pick,17,rrtconnect,0,1,0.000851523,942,13,0,0,0.00330845,0,607,0,0.00249477,0
table_pick,17,cbf-rrtc,0,1,0.000608432,253,7,0.0321069,0.083004,-0.000134558,20,566,0,0.00249477,0
table_pick,18,rrtconnect,0,1,0.00273198,3042,34,0,0,0.000284866,0,877,0,0.00249477,0
table_pick,18,cbf-rrtc,0,1,0.00180972,740,13,0.0317674,0.05,-0.000568397,69,759,0,0.00249477,0
table_pick,19,rrtconnect,0,1,0.000607821,667,10,0,0,0.00277773,0,565,0,0.00249477,0
table_pick,19,cbf-rrtc,0,1,0.00016437,83,6,0.0934748,0.481928,3.36564e-05,0,435,0,0.00249477,0
table_pick,20,rrtconnect,0,1,0.000198602,209,5,0,0,0.00210054,0,255,0,0.00249477,0
table_pick,20,cbf-rrtc,0,1,8.0732e-05,43,5,0.118388,0.534884,-0.000125685,2,270,0,0.00249477,0
table_pick,21,rrtconnect,0,1,0.00111671,1245,16,0,0,-4.3571e-06,1,474,0,0.00249477,0
table_pick,21,cbf-rrtc,0,1,0.00260281,1134,18,0.0344243,0.110229,-0.000137829,17,759,0,0.00249477,0
table_pick,22,rrtconnect,0,1,0.000445698,462,8,0,0,0.00379964,0,344,0,0.00249477,0
table_pick,22,cbf-rrtc,0,1,0.000220318,102,6,0.0600692,0.254902,-0.00015404,58,361,0,0.00249477,0
table_pick,23,rrtconnect,0,1,0.000341084,358,7,0,0,0.000154892,0,431,0,0.00249477,0
table_pick,23,cbf-rrtc,0,1,0.000296322,136,7,0.0655941,0.227941,-0.000231389,93,538,0,0.00249477,0
table_pick,24,rrtconnect,0,1,0.00185367,2064,23,0,0,0.0011588,0,372,0,0.00249477,0
table_pick,24,cbf-rrtc,0,1,0.000152411,75,6,0.0821616,0.306667,-1.9955e-05,25,353,0,0.00249477,0
table_pick,25,rrtconnect,0,1,0.000517785,561,8,0,0,4.96181e-05,0,278,0,0.00249477,0
table_pick,25,cbf-rrtc,0,1,5.6743e-05,31,5,0.160037,0.612903,0.00418309,0,269,0,0.00249477,0
table_pick,26,rrtconnect,0,1,0.00159048,1739,21,0,0,6.93853e-05,0,903,0,0.00249477,0
table_pick,26,cbf-rrtc,0,1,0.000155724,80,7,0.106361,0.4,-0.000250503,22,466,0,0.00249477,0
table_pick,27,rrtconnect,0,1,0.00119491,1310,17,0,0,0.00151131,0,532,0,0.00249477,0
table_pick,27,cbf-rrtc,0,1,0.000189833,90,6,0.0693623,0.288889,-0.000138884,15,357,0,0.00249477,0
table_pick,28,rrtconnect,0,1,0.000418728,441,7,0,0,0.00086874,0,290,0,0.00249477,0
table_pick,28,cbf-rrtc,0,1,0.000100006,54,5,0.0955082,0.555556,-0.000118191,14,282,0,0.00249477,0
table_pick,29,rrtconnect,0,1,0.000397999,421,8,0,0,0.001317,0,513,0,0.00249477,0
table_pick,29,cbf-rrtc,0,1,0.000164482,83,7,0.107663,0.385542,-3.77314e-05,7,483,0,0.00249477,0
table_pick,30,rrtconnect,0,1,0.00205853,2289,25,0,0,0.000475922,0,552,0,0.00249477,0
table_pick,30,cbf-rrtc,0,1,9.7835e-05,52,5,0.0995768,0.692308,0.000113606,0,284,0,0.00249477,0
table_pick,31,rrtconnect,0,1,0.00228443,2564,31,0,0,0.00115703,0,520,0,0.00249477,0
table_pick,31,cbf-rrtc,0,1,0.000300801,137,7,0.0662674,0.218978,-0.000442226,36,528,0,0.00249477,0
table_pick,32,rrtconnect,0,1,0.000323804,332,7,0,0,0.00126363,0,407,0,0.00249477,0
table_pick,32,cbf-rrtc,0,1,0.000198666,94,6,0.0798196,0.393617,-0.00012369,14,429,0,0.00249477,0
table_pick,33,rrtconnect,0,1,0.00136176,1485,16,0,0,0.00239602,0,359,0,0.00249477,0
table_pick,33,cbf-rrtc,0,1,0.00123585,478,9,0.0327083,0.169456,-0.0126323,166,517,0,0.00249477,0
table_pick,34,rrtconnect,0,1,0.000669828,731,10,0,0,0.000765548,0,282,0,0.00249477,0
table_pick,34,cbf-rrtc,0,1,0.000114471,62,6,0.0994708,0.483871,-0.000204957,5,335,0,0.00249477,0
table_pick,35,rrtconnect,0,1,0.0018955,2113,26,0,0,0.000333364,0,773,0,0.00249477,0
table_pick,35,cbf-rrtc,0,1,0.000211052,103,7,0.0800022,0.446602,-0.000653045,8,468,0,0.00249477,0
table_pick,36,rrtconnect,0,1,0.00154443,1689,21,0,0,0.00481975,0,584,0,0.00249477,0
table_pick,36,cbf-rrtc,0,1,0.000881918,384,8,0.031481,0.106771,-0.000385503,185,789,0,0.00249477,0
table_pick,37,rrtconnect,0,1,0.000485082,516,9,0,0,0.00318438,0,523,0,0.00249477,0
table_pick,37,cbf-rrtc,0,1,0.000266588,130,7,0.0704783,0.353846,-0.000145967,4,527,0,0.00249477,0
table_pick,38,rrtconnect,1,0,0,0,0,0,0,,,,,,
table_pick,38,cbf-rrtc,1,0,0,0,0,0,0,,,,,,
table_pick,39,rrtconnect,0,1,0.00116702,1295,16,0,0,0.000401964,0,766,0,0.00249477,0
table_pick,39,cbf-rrtc,0,1,0.000457457,195,7,0.0449366,0.112821,-0.00479841,154,549,0,0.00249477,0
table_pick,40,rrtconnect,0,1,0.00062004,688,10,0,0,-3.03479e-05,1,641,0,0.00249477,0
table_pick,40,cbf-rrtc,0,1,0.000152768,78,7,0.109685,0.320513,-0.000313221,9,467,0,0.00249477,0
table_pick,41,rrtconnect,0,1,0.00154495,1704,21,0,0,0.00109897,0,749,0,0.00249477,0
table_pick,41,cbf-rrtc,0,1,0.000143819,74,6,0.0940631,0.432432,-0.00012401,24,393,0,0.00249477,0
table_pick,42,rrtconnect,0,1,0.000323445,353,7,0,0,0.00192569,0,318,0,0.00249477,0
table_pick,42,cbf-rrtc,0,1,0.000151323,78,7,0.101098,0.487179,3.29529e-06,0,426,0,0.00249477,0
table_pick,43,rrtconnect,0,1,0.000830891,904,11,0,0,0.00164483,0,426,0,0.00249477,0
table_pick,43,cbf-rrtc,0,1,0.000103194,61,5,0.0912439,0.590164,-0.000234909,2,302,0,0.00249477,0
table_pick,44,rrtconnect,0,1,0.000290463,302,6,0,0,0.00112313,0,361,0,0.00249477,0
table_pick,44,cbf-rrtc,0,1,0.000140184,75,6,0.0808309,0.506667,0.000138478,0,338,0,0.00249477,0
table_pick,45,rrtconnect,0,1,0.00089731,980,10,0,0,0.00244626,0,250,0,0.00249477,0
table_pick,45,cbf-rrtc,0,1,6.2918e-05,35,5,0.153407,0.514286,0.00164276,0,290,0,0.00249477,0
table_pick,46,rrtconnect,0,1,0.000722716,753,11,0,0,0.00184895,0,539,0,0.00249477,0
table_pick,46,cbf-rrtc,0,1,0.00013,67,5,0.0817376,0.41791,-5.37354e-05,4,299,0,0.00249477,0
table_pick,47,rrtconnect,0,1,0.000448688,482,8,0,0,0.00240353,0,469,0,0.00249477,0
table_pick,47,cbf-rrtc,0,1,0.000104739,52,6,0.128563,0.423077,-0.000104414,9,357,0,0.00249477,0
table_pick,48,rrtconnect,0,1,0.000667414,738,11,0,0,0.000169342,0,535,0,0.00249477,0
table_pick,48,cbf-rrtc,0,1,0.000283464,134,7,0.0650692,0.186567,-0.000108466,105,517,0,0.00249477,0
table_pick,49,rrtconnect,0,1,0.000406719,459,8,0,0,-0.000231224,1,538,0,0.00249477,0
table_pick,49,cbf-rrtc,0,1,0.00020768,113,7,0.0787537,0.557522,-8.41699e-05,5,498,0,0.00249477,0
table_pick,50,rrtconnect,0,1,0.00186339,2071,23,0,0,0.00306663,0,720,0,0.00249477,0
table_pick,50,cbf-rrtc,0,1,0.00214066,886,16,0.0336361,0.107223,-0.000976935,252,854,0,0.00249477,0
table_pick,51,rrtconnect,0,1,0.000294694,311,6,0,0,0.000940131,0,381,0,0.00249477,0
table_pick,51,cbf-rrtc,0,1,0.000178749,92,7,0.0952321,0.434783,-1.31822e-05,9,493,0,0.00249477,0
table_pick,52,rrtconnect,0,1,0.000466515,494,8,0,0,0.000544498,0,574,0,0.00249477,0
table_pick,52,cbf-rrtc,0,1,0.000274781,133,7,0.0642167,0.421053,-1.04482e-05,37,503,0,0.00249477,0
table_pick,53,rrtconnect,0,1,0.000758734,824,11,0,0,0.000269122,0,593,0,0.00249477,0
table_pick,53,cbf-rrtc,0,1,0.000496727,223,7,0.0408521,0.0986547,-6.37311e-05,53,579,0,0.00249477,0
table_pick,54,rrtconnect,0,1,0.000668755,717,10,0,0,0.00286603,0,489,0,0.00249477,0
table_pick,54,cbf-rrtc,0,1,0.00017554,96,6,0.0724312,0.65625,-6.4969e-06,9,394,0,0.00249477,0
table_pick,55,rrtconnect,0,1,0.000651924,702,11,0,0,0.000912986,0,613,0,0.00249477,0
table_pick,55,cbf-rrtc,0,1,0.000207105,100,7,0.0934075,0.42,-3.88984e-05,4,517,0,0.00249477,0
table_pick,56,rrtconnect,0,1,0.000506687,546,9,0,0,-0.0007404,1,518,0,0.00249477,0
table_pick,56,cbf-rrtc,0,1,0.000326102,155,7,0.0552442,0.309677,-1.26732e-05,24,514,0,0.00249477,0
table_pick,57,rrtconnect,0,1,0.000509237,549,8,0,0,0.0044199,0,566,0,0.00249477,0
table_pick,57,cbf-rrtc,0,1,0.000155124,82,7,0.106142,0.463415,2.12582e-05,0,474,0,0.00249477,0
table_pick,58,rrtconnect,0,1,0.000386201,406,7,0,0,0.00182663,0,374,0,0.00249477,0
table_pick,58,cbf-rrtc,0,1,0.000117812,57,5,0.0826075,0.350877,-2.57799e-05,2,259,0,0.00249477,0
table_pick,59,rrtconnect,0,1,0.00288622,3231,34,0,0,0.00504358,0,872,0,0.00249477,0
table_pick,59,cbf-rrtc,0,1,0.000105059,56,6,0.119376,0.446429,0.000207121,0,353,0,0.00249477,0
table_pick,60,rrtconnect,0,1,0.000304669,304,6,0,0,0.000758924,0,229,0,0.00249477,0
table_pick,60,cbf-rrtc,0,1,0.000130309,67,5,0.0873059,0.537313,-0.000199474,1,317,0,0.00249477,0
table_pick,61,rrtconnect,0,1,0.000640484,701,11,0,0,0.00105192,0,500,0,0.00249477,0
table_pick,61,cbf-rrtc,0,1,0.000155445,70,5,0.0712415,0.257143,-1.68652e-05,8,292,0,0.00249477,0
table_pick,62,rrtconnect,0,1,0.000368065,405,7,0,0,0.000497693,0,265,0,0.00249477,0
table_pick,62,cbf-rrtc,0,1,0.000168335,83,6,0.085217,0.337349,-7.51966e-05,11,386,0,0.00249477,0
table_pick,63,rrtconnect,0,1,0.00104606,1151,14,0,0,0.000860612,0,579,0,0.00249477,0
table_pick,63,cbf-rrtc,0,1,0.000670924,297,9,0.0475736,0.218855,-0.000118856,22,528,0,0.00249477,0
table_pick,64,rrtconnect,0,1,0.000806348,862,11,0,0,0.00341154,0,477,0,0.00249477,0
table_pick,64,cbf-rrtc,0,1,0.000169321,82,5,0.0700414,0.268293,-6.57408e-05,25,328,0,0.00249477,0
table_pick,65,rrtconnect,0,1,0.000949821,1046,13,0,0,0.000473691,0,873,0,0.00249477,0
table_pick,65,cbf-rrtc,0,1,0.000183221,100,7,0.0922578,0.61,-0.000792518,2,504,0,0.00249477,0
table_pick,66,rrtconnect,0,1,0.000714362,775,11,0,0,0.000543904,0,436,0,0.00249477,0
table_pick,66,cbf-rrtc,0,1,0.000109283,58,6,0.103716,0.431034,-1.47404e-05,3,322,0,0.00249477,0
table_pick,67,rrtconnect,0,1,0.000202411,211,5,0,0,0.000445287,0,257,0,0.00249477,0
table_pick,67,cbf-rrtc,0,1,0.000194162,100,5,0.0517685,0.4,2.70855e-05,0,310,0,0.00249477,0
table_pick,68,rrtconnect,0,1,0.000409103,453,8,0,0,0.00276868,0,545,0,0.00249477,0
table_pick,68,cbf-rrtc,0,1,0.000141801,77,6,0.0992208,0.493506,-0.000202088,8,426,0,0.00249477,0
table_pick,69,rrtconnect,0,1,0.000305157,325,6,0,0,0.00171418,0,399,0,0.00249477,0
table_pick,69,cbf-rrtc,0,1,0.000140805,72,6,0.105592,0.361111,-0.000153206,2,413,0,0.00249477,0
table_pick,70,rrtconnect,0,1,0.000333194,364,7,0,0,0.00093986,0,448,0,0.00249477,0
table_pick,70,cbf-rrtc,0,1,0.000481181,205,7,0.0447219,0.146341,-0.000650839,92,576,0,0.00249477,0
table_pick,71,rrtconnect,0,1,0.00204217,2261,28,0,0,0.00155813,0,857,0,0.00249477,0
table_pick,71,cbf-rrtc,0,1,0.000855111,357,10,0.0388664,0.142857,-0.00123409,140,571,0,0.00249477,0
table_pick,72,rrtconnect,0,1,0.000474637,527,9,0,0,0.0012239,0,615,0,0.00249477,0
table_pick,72,cbf-rrtc,0,1,9.8621e-05,54,6,0.139665,0.481481,0.00309045,0,404,0,0.00249477,0
table_pick,73,rrtconnect,0,1,0.00041815,446,8,0,0,0.000373793,0,433,0,0.00249477,0
table_pick,73,cbf-rrtc,0,1,0.00348079,1414,19,0.0264952,0.0388967,-0.0146689,339,1383,0,0.00249477,0
table_pick,74,rrtconnect,0,1,0.000392999,403,7,0,0,0.000772658,0,465,0,0.00249477,0
table_pick,74,cbf-rrtc,0,1,0.000134396,70,6,0.0992667,0.471429,-5.75788e-05,2,393,0,0.00249477,0
table_pick,75,rrtconnect,0,1,0.000489733,527,8,0,0,-0.00142292,1,576,0,0.00249477,0
table_pick,75,cbf-rrtc,0,1,0.000153652,80,7,0.105481,0.5,1.35659e-06,0,469,0,0.00249477,0
table_pick,76,rrtconnect,0,1,0.000362449,398,7,0,0,0.00298202,0,489,0,0.00249477,0
table_pick,76,cbf-rrtc,0,1,9.7319e-05,53,7,0.159599,0.792453,0.000387498,0,451,0,0.00249477,0
table_pick,77,rrtconnect,0,1,0.000859788,941,12,0,0,0.0014028,0,290,0,0.00249477,0
table_pick,77,cbf-rrtc,0,1,0.000134352,71,5,0.065558,0.507042,0.000410515,0,262,0,0.00249477,0
table_pick,78,rrtconnect,0,1,0.000510999,548,8,0,0,0.00205264,0,519,0,0.00249477,0
table_pick,78,cbf-rrtc,0,1,9.552e-05,51,6,0.155162,0.745098,-3.40864e-05,1,422,0,0.00249477,0
table_pick,79,rrtconnect,0,1,0.000261264,271,5,0,0,0.000689313,0,290,0,0.00249477,0
table_pick,79,cbf-rrtc,0,1,0.000112259,58,5,0.0705254,0.431034,4.55546e-05,0,230,0,0.00249477,0
table_pick,80,rrtconnect,0,1,0.00117666,1320,13,0,0,0.00129798,0,517,0,0.00249477,0
table_pick,80,cbf-rrtc,0,1,0.000163836,86,7,0.10927,0.418605,-3.13664e-05,3,516,0,0.00249477,0
table_pick,81,rrtconnect,0,1,0.00308108,3421,35,0,0,0.00248086,0,489,0,0.00249477,0
table_pick,81,cbf-rrtc,0,1,0.000592453,240,7,0.0345956,0.0583333,-0.00136726,125,554,0,0.00249477,0
table_pick,82,rrtconnect,0,1,0.000658624,721,11,0,0,0.000759626,0,533,0,0.00249477,0
table_pick,82,cbf-rrtc,0,1,0.000246537,110,7,0.0719699,0.2,-8.60163e-06,22,452,0,0.00249477,0
table_pick,83,rrtconnect,0,1,0.000984303,1079,13,0,0,0.00330912,0,581,0,0.00249477,0
table_pick,83,cbf-rrtc,0,1,0.000236605,117,7,0.0764615,0.273504,-0.000286323,25,517,0,0.00249477,0
table_pick,84,rrtconnect,0,1,0.000774381,823,11,0,0,0.00127246,0,628,0,0.00249477,0
table_pick,84,cbf-rrtc,0,1,0.00023005,114,7,0.0790765,0.5,-1.43629e-05,25,513,0,0.00249477,0
table_pick,85,rrtconnect,0,1,0.00271529,3000,33,0,0,-0.00151301,1,709,0,0.00249477,0
table_pick,85,cbf-rrtc,0,1,0.00218186,912,15,0.0341384,0.0964912,-0.00153421,96,874,0,0.00249477,0
table_pick,86,rrtconnect,0,1,0.000702758,770,10,0,0,0.00275571,0,495,0,0.00249477,0
table_pick,86,cbf-rrtc,0,1,0.000124137,63,5,0.0870475,0.444444,-0.000114516,1,301,0,0.00249477,0
table_pick,87,rrtconnect,0,1,0.000739762,758,11,0,0,0.00145498,0,433,0,0.00249477,0
table_pick,87,cbf-rrtc,0,1,0.000129647,65,5,0.0756098,0.523077,-0.000148689,7,272,0,0.00249477,0
table_pick,88,rrtconnect,0,1,0.000347666,360,7,0,0,0.000526622,0,422,0,0.00249477,0
table_pick,88,cbf-rrtc,0,1,0.000122967,42,5,0.135948,0.547619,1.36862e-06,0,314,0,0.00249477,0
table_pick,89,rrtconnect,0,1,0.00143937,1590,20,0,0,0.00339119,0,731,0,0.00249477,0
table_pick,89,cbf-rrtc,0,1,0.000677322,266,7,0.0333128,0.0488722,-9.74815e-05,88,555,0,0.00249477,0
table_pick,90,rrtconnect,0,1,0.00410626,4560,49,0,0,0.00342975,0,721,0,0.00249477,0
table_pick,90,cbf-rrtc,0,1,0.000519661,206,6,0.0358438,0.0631068,-4.76548e-05,44,393,0,0.00249477,0
table_pick,91,rrtconnect,0,1,0.000218701,227,5,0,0,-0.000394537,1,273,0,0.00249477,0
table_pick,91,cbf-rrtc,0,1,0.000170358,85,6,0.073518,0.305882,-3.32384e-05,18,343,0,0.00249477,0
table_pick,92,rrtconnect,0,1,0.000726861,796,11,0,0,0.00478927,0,475,0,0.00249477,0
table_pick,92,cbf-rrtc,0,1,0.00375585,1536,20,0.0296369,0.0390625,-0.00219692,174,1086,0,0.00249477,0
table_pick,93,rrtconnect,0,1,0.00284037,3168,35,0,0,0.00487927,0,637,0,0.00249477,0
table_pick,93,cbf-rrtc,0,1,0.000125663,66,7,0.126642,0.772727,-0.000105123,3,453,0,0.00249477,0
table_pick,94,rrtconnect,0,1,0.00231904,2595,29,0,0,0.00190343,0,599,0,0.00249477,0
table_pick,94,cbf-rrtc,0,1,0.000248209,117,7,0.0771087,0.222222,-1.61305e-05,69,523,0,0.00249477,0
table_pick,95,rrtconnect,0,1,0.000458794,492,8,0,0,0.00227491,0,491,0,0.00249477,0
table_pick,95,cbf-rrtc,0,1,0.000162164,82,7,0.111637,0.439024,-7.15047e-05,2,496,0,0.00249477,0
table_pick,96,rrtconnect,0,1,0.000321143,321,6,0,0,0.0025185,0,178,0,0.00249477,0
table_pick,96,cbf-rrtc,0,1,6.9829e-05,38,5,0.139651,0.447368,0.00250019,0,294,0,0.00249477,0
table_pick,97,rrtconnect,0,1,0.000358315,397,7,0,0,0.000194355,0,485,0,0.00249477,0
table_pick,97,cbf-rrtc,0,1,0.00016315,80,7,0.114697,0.3625,-0.000203137,5,490,0,0.00249477,0
table_pick,98,rrtconnect,0,1,0.000179286,187,5,0,0,0.00210933,0,228,0,0.00249477,0
table_pick,98,cbf-rrtc,0,1,7.9174e-05,41,5,0.127742,0.585366,0.000822726,0,277,0,0.00249477,0
table_pick,99,rrtconnect,0,1,0.0010944,1224,15,0,0,-0.00179527,1,421,0,0.00249477,0
table_pick,99,cbf-rrtc,0,1,0.000320722,142,7,0.0541635,0.190141,-0.000438609,101,466,0,0.00249477,0
table_pick,100,rrtconnect,0,1,0.000440388,473,8,0,0,0.00147888,0,458,0,0.00249477,0
table_pick,100,cbf-rrtc,0,1,0.000461124,196,7,0.046561,0.127551,-0.00214378,222,554,0,0.00249477,0
cage,1,rrtconnect,0,1,0.0907037,89921,1222,0,0,0.00109814,0,945,0,0.00249477,0
cage,1,cbf-rrtc,0,1,0.029564,11798,107,0.0257318,0.0368707,-0.000430144,69,1381,0,0.00249477,0
cage,2,rrtconnect,0,1,0.0986293,96785,1332,0,0,0.0035329,0,1063,0,0.00249477,0
cage,2,cbf-rrtc,0,1,0.038285,15419,135,0.0250959,0.0406641,-0.0011219,294,2029,0,0.00249477,0
cage,3,rrtconnect,0,1,0.0818504,80046,1064,0,0,0.00240772,0,784,0,0.00249477,0
cage,3,cbf-rrtc,0,1,0.0163804,6608,71,0.0264177,0.0416162,-0.00201404,142,1548,0,0.00249477,0
cage,4,rrtconnect,0,1,0.76512,562135,9784,0,0,0.0010448,0,1144,0,0.00249477,0
cage,4,cbf-rrtc,0,1,0.0136788,5436,60,0.0277227,0.0413907,-0.000366501,73,793,0,0.001023,0
cage,5,rrtconnect,0,1,0.0039596,4395,52,0,0,0.000301783,0,918,0,0.00249477,0
cage,5,cbf-rrtc,0,1,0.0125947,5058,57,0.0281105,0.0500198,-0.00227231,111,977,0,0.00249477,0
cage,6,rrtconnect,0,1,0.248738,218296,3349,0,0,2.22183e-06,0,851,0,0.00249477,0
cage,6,cbf-rrtc,0,1,0.0120117,4882,54,0.026809,0.0616551,-0.000159428,165,821,0,0.00249477,0
cage,7,rrtconnect,0,1,0.00871902,9605,114,0,0,0.0127096,0,1162,0,0.00249477,0
cage,7,cbf-rrtc,0,1,0.00254826,1063,17,0.0354313,0.101599,-0.000164284,59,866,0,0.00249477,0
cage,8,rrtconnect,0,1,0.0141226,15280,178,0,0,0.00018797,0,1071,0,0.00249477,0
cage,8,cbf-rrtc,0,1,0.00860987,3608,44,0.0293658,0.0609756,-0.00193837,237,1195,0,0.00249477,0
cage,9,rrtconnect,0,1,0.104458,103000,1427,0,0,0.00128517,0,908,0,0.00249477,0
cage,9,cbf-rrtc,0,1,0.00381028,1617,26,0.0356637,0.117502,-0.00384385,27,583,0,0.00249477,0
cage,10,rrtconnect,0,1,0.144063,134703,1944,0,0,0.00242673,0,754,0,0.00249477,0
cage,10,cbf-rrtc,0,1,0.014798,5944,55,0.025834,0.0260767,-0.000814784,260,1512,0,0.00249477,0
cage,11,rrtconnect,0,1,0.0440695,46047,592,0,0,0.00153154,0,1200,0,0.00249477,0
cage,11,cbf-rrtc,0,1,0.0524322,20670,164,0.0231714,0.032656,-0.00253785,141,1557,0,0.00249477,0
cage,12,rrtconnect,0,1,0.00515659,5725,67,0,0,0.000796099,0,859,0,0.00249477,0
cage,12,cbf-rrtc,0,1,0.00962849,3937,45,0.0259667,0.0584201,-0.00100174,184,1168,0,0.00249477,0
cage,13,rrtconnect,0,1,0.010281,11268,131,0,0,0.000108021,0,1198,0,0.00249477,0
cage,13,cbf-rrtc,0,1,0.00979244,4161,48,0.028358,0.0331651,-0.00031655,305,899,0,0.00249477,0
cage,14,rrtconnect,0,1,0.0494188,51264,667,0,0,0.000934606,0,1834,0,0.00249477,0
cage,14,cbf-rrtc,0,1,0.0222778,8880,85,0.0256429,0.0364865,-0.00246498,619,1868,0,0.00249477,0
cage,15,rrtconnect,0,1,0.106414,104626,1447,0,0,0.00416828,0,1363,0,0.00249477,0
cage,15,cbf-rrtc,0,1,0.0225976,8905,88,0.0269107,0.0480629,-0.000196655,319,1644,0,0.00249477,0
cage,16,rrtconnect,0,1,0.00942718,10338,117,0,0,0.00341409,0,1066,0,0.00249477,0
cage,16,cbf-rrtc,0,1,0.0178482,7140,72,0.0270666,0.0680672,-0.000785138,173,1276,0,0.00249477,0
cage,17,rrtconnect,0,1,0.00512785,5681,65,0,0,0.00957117,0,673,0,0.00249477,0
cage,17,cbf-rrtc,0,1,0.0135434,5418,57,0.0271178,0.0409745,-0.000481461,257,1276,0,0.00249477,0
cage,18,rrtconnect,0,1,0.0404624,42622,532,0,0,0.00498749,0,1057,0,0.00249477,0
cage,18,cbf-rrtc,0,1,0.0116856,4781,58,0.029741,0.0594018,-0.00140274,185,1383,0,0.00249477,0
cage,19,rrtconnect,0,1,0.0354047,37130,460,0,0,0.00199435,0,1013,0,0.00249477,0
cage,19,cbf-rrtc,0,1,0.00588191,2439,35,0.0340107,0.0651907,-0.000701309,273,1392,0,0.00249477,0
cage,20,rrtconnect,0,1,0.588981,445040,7520,0,0,0.00343618,0,1075,0,0.00249477,0
cage,20,cbf-rrtc,0,1,0.0142765,5946,66,0.0266597,0.0319543,-0.000538069,474,1634,0,0.00249477,0
cage,21,rrtconnect,0,1,0.0168908,18377,218,0,0,0.00248381,0,904,0,0.00249477,0
cage,21,cbf-rrtc,0,1,0.025572,10211,98,0.0257256,0.0370189,-0.00133181,67,1316,0,0.00249477,0
cage,22,rrtconnect,0,1,0.074464,75159,1007,0,0,0.00434479,0,1410,0,0.00249477,0
cage,22,cbf-rrtc,0,1,0.0113883,4645,55,0.0274238,0.0548977,-0.00333795,330,2065,0,0.00249477,0
cage,23,rrtconnect,0,1,0.0629546,63881,822,0,0,0.00660581,0,1204,0,0.00249477,0
cage,23,cbf-rrtc,0,1,0.0176083,6969,70,0.025802,0.0454872,-0.00221144,313,1250,0,0.00249477,0
cage,24,rrtconnect,0,1,0.0617242,62966,846,0,0,0.0127096,0,715,0,0.00249477,0
cage,24,cbf-rrtc,0,1,0.0201923,8188,87,0.0268325,0.0464094,-0.0101797,308,2054,0,0.00249477,0
cage,25,rrtconnect,0,1,0.022604,24520,265,0,0,0.0104745,0,862,0,0.00249477,0
cage,25,cbf-rrtc,0,1,0.00120245,525,13,0.045286,0.173333,-0.000155393,63,940,0,0.00249477,0
cage,26,rrtconnect,0,1,0.287881,248917,3978,0,0,0.00804903,0,694,0,0.00249477,0
cage,26,cbf-rrtc,0,1,0.0163357,6466,67,0.0275534,0.0312403,-0.0045174,350,1071,0,0.00249477,0
cage,27,rrtconnect,0,1,0.0183631,19922,234,0,0,0.00265143,0,1381,0,0.00249477,0
cage,27,cbf-rrtc,0,1,0.00430681,1791,28,0.034027,0.0686767,-0.00195275,56,1099,0,0.00249477,0
cage,28,rrtconnect,0,1,0.92108,633562,11206,0,0,0.00126298,0,1630,0,0.00249477,0
cage,28,cbf-rrtc,0,1,0.0132346,5458,62,0.0282818,0.0542323,-0.00119481,625,1581,0,0.00249477,0
cage,29,rrtconnect,0,1,0.0218844,23627,286,0,0,0.00634377,0,995,0,0.00249477,0
cage,29,cbf-rrtc,0,1,0.0509338,20199,166,0.0233854,0.0262884,-0.000966531,335,2102,0,0.00249477,0
cage,30,rrtconnect,0,1,0.0270299,28714,351,0,0,0.00552744,0,970,0,0.00249477,0
cage,30,cbf-rrtc,0,1,0.0154177,6177,67,0.0264454,0.0284928,-0.00357937,302,1219,0,0.00100305,0
cage,31,rrtconnect,0,1,0.0502467,51708,668,0,0,0.000303634,0,1362,0,0.00249477,0
cage,31,cbf-rrtc,0,1,0.0125673,5110,57,0.0277837,0.0403131,-0.00141045,82,1583,0,0.00249477,0
cage,32,rrtconnect,0,1,0.258532,226078,3514,0,0,0.00032242,0,1464,0,0.00249477,0
cage,32,cbf-rrtc,0,1,0.00579873,2504,34,0.0320474,0.0706869,-0.000382855,141,724,0,0.00249477,0
cage,33,rrtconnect,0,1,0.216023,191915,2872,0,0,0.000255468,0,1523,0,0.00249477,0
cage,33,cbf-rrtc,0,1,0.0147164,5771,59,0.025377,0.0395079,-0.0162051,206,1155,0,0.00249477,0
cage,34,rrtconnect,0,1,0.0676218,68649,907,0,0,0.00457356,0,1013,0,0.00249477,0
cage,34,cbf-rrtc,0,1,0.0200407,8101,85,0.0270971,0.0603629,-0.00131762,80,1258,0,0.0010031,0
cage,35,rrtconnect,0,1,0.012099,13331,158,0,0,0.00207147,0,878,0,0.00249477,0
cage,35,cbf-rrtc,0,1,0.00580247,2342,31,0.0294907,0.0819812,-0.000719635,133,1075,0,0.00249477,0
cage,36,rrtconnect,0,1,0.276058,239716,3688,0,0,0.00204196,0,1296,0,0.00249477,0
cage,36,cbf-rrtc,0,1,0.0275431,10995,105,0.0252829,0.0261028,-0.00719349,158,1413,0,0.00249477,0
cage,37,rrtconnect,0,1,0.044683,46477,582,0,0,-5.67411e-05,1,922,0,0.00249477,0
cage,37,cbf-rrtc,0,1,0.00842986,3443,43,0.0292957,0.0528609,-0.00920327,277,1717,0,0.00249477,0
cage,38,rrtconnect,0,1,0.00972896,10704,123,0,0,0.0116381,0,681,0,0.00249477,0
cage,38,cbf-rrtc,0,1,0.0288081,11395,104,0.0240939,0.0313295,-0.00107979,333,1202,0,0.00249477,0
cage,39,rrtconnect,0,1,0.0330473,35068,428,0,0,0.000693577,0,738,0,0.00249477,0
cage,39,cbf-rrtc,0,1,0.00383954,1636,22,0.0315872,0.0488998,-0.00180195,51,1179,0,0.00249477,0
cage,40,rrtconnect,1,0,0,0,0,0,0,,,,,,
cage,40,cbf-rrtc,1,0,0,0,0,0,0,,,,,,
cage,41,rrtconnect,0,1,0.0355294,37194,454,0,0,0.000766362,0,1322,0,0.00249477,0
cage,41,cbf-rrtc,0,1,0.0504063,20208,159,0.0231603,0.0292953,-0.00673811,231,1697,0,0.00249477,0
cage,42,rrtconnect,0,1,0.0144395,15804,185,0,0,0.00737809,0,1298,0,0.00249477,0
cage,42,cbf-rrtc,0,1,0.00254674,1088,18,0.0354326,0.0983456,-1.71958e-05,31,911,0,0.00249477,0
cage,43,rrtconnect,0,1,0.0227887,24616,299,0,0,0.00634106,0,1056,0,0.00249477,0
cage,43,cbf-rrtc,0,1,0.00618338,2599,34,0.0305246,0.0461716,-0.00103557,258,1685,0,0.00100001,0
cage,44,rrtconnect,0,1,0.0496173,50527,657,0,0,-0.000517734,1,1308,0,0.00249477,0
cage,44,cbf-rrtc,0,1,0.00908723,3677,47,0.0311882,0.0519445,-0.00227395,298,1414,0,0.00249477,0
cage,45,rrtconnect,0,1,0.010477,11506,136,0,0,0.00710815,0,600,0,0.00249477,0
cage,45,cbf-rrtc,0,1,0.00918252,3654,45,0.0296531,0.0336617,-0.000797223,258,1285,0,0.00249477,0
cage,46,rrtconnect,0,1,0.132482,126403,1840,0,0,0.00553271,0,1172,0,0.00249477,0
cage,46,cbf-rrtc,0,1,0.0218642,8565,89,0.0280246,0.0639813,-0.00458792,560,1414,0,0.00249477,0
cage,47,rrtconnect,0,1,0.0338034,36118,433,0,0,0.000351479,0,1050,0,0.00249477,0
cage,47,cbf-rrtc,0,1,0.0400792,15866,144,0.0242084,0.0375016,-0.00768872,367,1820,0,0.00249477,0
cage,48,rrtconnect,0,1,0.033089,35327,377,0,0,0.00875555,0,1021,0,0.00249477,0
cage,48,cbf-rrtc,0,1,0.00132179,589,12,0.0363824,0.190153,-0.00279555,44,737,0,0.00249477,0
cage,49,rrtconnect,0,1,0.138471,130680,1886,0,0,0.000419895,0,1351,0,0.00249477,0
cage,49,cbf-rrtc,0,1,0.0151193,6219,73,0.0296815,0.0522592,-0.000339673,269,1455,0,0.00249477,0
cage,50,rrtconnect,0,1,0.0429578,45127,556,0,0,0.00118966,0,1151,0,0.00249477,0
cage,50,cbf-rrtc,0,1,0.00996471,3985,51,0.0288436,0.0514429,-0.00478422,332,1332,0,0.00249477,0
cage,51,rrtconnect,0,1,0.0466878,48824,626,0,0,0.0127096,0,778,0,0.00249477,0
cage,51,cbf-rrtc,0,1,0.00298851,1243,20,0.0366501,0.0643604,-0.00256768,168,942,0,0.00249477,0
cage,52,rrtconnect,0,1,0.0357376,37839,484,0,0,0.00278033,0,1138,0,0.00249477,0
cage,52,cbf-rrtc,0,1,0.00619268,2504,32,0.0302964,0.0519169,-0.000403938,180,831,0,0.00249477,0
cage,53,rrtconnect,0,1,0.197895,181042,2649,0,0,0.00778929,0,859,0,0.00249477,0
cage,53,cbf-rrtc,0,1,0.00661851,2755,39,0.0326499,0.0754991,-0.000711328,35,1041,0,0.00249477,0
cage,54,rrtconnect,0,1,0.140076,132689,1915,0,0,0.00906917,0,1172,0,0.00249477,0
cage,54,cbf-rrtc,0,1,0.00955718,3979,49,0.0294612,0.0515205,-0.00164485,86,872,0,0.00249477,0
cage,55,rrtconnect,0,1,0.0701804,70421,938,0,0,0.000441108,0,1435,0,0.00249477,0
cage,55,cbf-rrtc,0,1,0.0245949,9664,98,0.0259229,0.0410803,-0.0114036,301,2130,0,0.00249477,0
cage,56,rrtconnect,0,1,0.148325,138351,1990,0,0,0.000818628,0,1726,0,0.00249477,0
cage,56,cbf-rrtc,0,1,0.038781,15402,137,0.0246583,0.0286976,-0.00472816,681,2219,0,0.00249477,0
cage,57,rrtconnect,0,1,0.00519312,5759,62,0,0,0.00865096,0,1010,0,0.00249477,0
cage,57,cbf-rrtc,0,1,0.00102797,425,10,0.0400083,0.157647,-0.00358208,52,612,0,0.00249477,0
cage,58,rrtconnect,0,1,0.00529167,5855,63,0,0,0.0058646,0,1180,0,0.00249477,0
cage,58,cbf-rrtc,0,1,0.000709221,307,9,0.0463571,0.13355,-0.00129014,40,696,0,0.00249477,0
cage,59,rrtconnect,0,1,0.00633344,6842,77,0,0,0.00374596,0,793,0,0.00249477,0
cage,59,cbf-rrtc,0,1,0.0232545,9273,92,0.0263324,0.046479,-0.000550806,329,1607,0,0.00249477,0
cage,60,rrtconnect,0,1,0.0847947,86832,1005,0,0,0.0103734,0,853,0,0.00249477,0
cage,60,cbf-rrtc,0,1,0.0043047,1787,27,0.0332958,0.0895355,-0.00233591,121,825,0,0.00249477,0
cage,61,rrtconnect,0,1,0.095522,96158,1096,0,0,0.000633792,0,1476,0,0.00249477,0
cage,61,cbf-rrtc,0,1,0.000936053,399,10,0.0368257,0.162907,-0.00131094,23,656,0,0.00249477,0
cage,62,rrtconnect,0,1,0.798931,613243,9283,0,0,-1.96726e-05,1,1286,0,0.00249477,0
cage,62,cbf-rrtc,0,1,0.00620506,2335,28,0.026201,0.0578158,-0.00118009,58,694,0,0.00249477,0
cage,63,rrtconnect,0,1,0.116485,112431,1589,0,0,0.00391254,0,1146,0,0.00249477,0
cage,63,cbf-rrtc,0,1,0.00707064,2819,35,0.0295631,0.0358283,-0.00124016,268,1358,0,0.00249477,0
cage,64,rrtconnect,0,1,0.00718843,7930,92,0,0,0.00486046,0,941,0,0.00249477,0
cage,64,cbf-rrtc,0,1,0.0248395,9800,102,0.027881,0.0740816,-0.00796328,152,1496,0,0.00249477,0
cage,65,rrtconnect,0,1,0.0347265,36977,448,0,0,0.00470089,0,888,0,0.00249477,0
cage,65,cbf-rrtc,0,1,0.00850758,3452,45,0.028891,0.0431634,-0.00126074,59,603,0,0.00249477,0
cage,66,rrtconnect,0,1,0.0121223,13277,156,0,0,0.00473031,0,1185,0,0.00249477,0
cage,66,cbf-rrtc,0,1,0.00447631,1837,23,0.0300263,0.0250408,-0.000141973,148,1118,0,0.00100489,0
cage,67,rrtconnect,0,1,0.0765445,76806,1036,0,0,0.00459194,0,1348,0,0.00249477,0
cage,67,cbf-rrtc,0,1,0.00471628,1966,26,0.0288912,0.0462869,-0.00127403,90,954,0,0.00249477,0
cage,68,rrtconnect,0,1,0.0236311,25281,303,0,0,0.00104774,0,1568,0,0.00249477,0
cage,68,cbf-rrtc,0,1,0.00508534,2017,28,0.0313515,0.0356966,-0.00124422,142,1272,0,0.00249477,0
cage,69,rrtconnect,0,1,0.141657,133398,1915,0,0,0.00561227,0,1359,0,0.00249477,0
cage,69,cbf-rrtc,0,1,0.00851852,3438,40,0.029767,0.0482839,-0.00394167,155,1383,0,0.00227594,0
cage,70,rrtconnect,0,1,0.0943296,93819,1158,0,0,0.0023386,0,865,0,0.00249477,0
cage,70,cbf-rrtc,0,1,0.00461929,1806,25,0.0280591,0.0791805,-0.00147586,362,1321,0,0.00249477,0
cage,71,rrtconnect,0,1,0.0860325,85042,1164,0,0,0.00315388,0,1034,0,0.00249477,0
cage,71,cbf-rrtc,0,1,0.0492128,19002,150,0.0230796,0.0334175,-0.00891884,199,2076,0,0.00249477,0
cage,72,rrtconnect,0,1,0.0956121,94628,1290,0,0,0.00662003,0,733,0,0.00249477,0
cage,72,cbf-rrtc,0,1,0.0100671,4019,45,0.0271612,0.0527494,-0.00252923,310,1847,0,0.00249477,0
cage,73,rrtconnect,0,1,0.00986603,10816,126,0,0,0.000206277,0,873,0,0.00249477,0
cage,73,cbf-rrtc,0,1,0.0121697,4979,56,0.0283224,0.0415746,-0.00110725,376,1081,0,0.00249477,0
cage,74,rrtconnect,0,1,0.0181009,19693,206,0,0,0.000430159,0,991,0,0.00249477,0
cage,74,cbf-rrtc,0,1,0.00144972,582,12,0.0361607,0.127148,-0.00167896,44,924,0,0.00249477,0
cage,75,rrtconnect,0,1,0.0169809,18313,222,0,0,0.00167795,0,1037,0,0.00249477,0
cage,75,cbf-rrtc,0,1,0.0343433,13949,124,0.0245552,0.0422969,-0.00303702,305,1388,0,0.00249477,0
cage,76,rrtconnect,0,1,0.180847,164598,2469,0,0,0.00744244,0,1253,0,0.00249477,0
cage,76,cbf-rrtc,0,1,0.0397987,15919,140,0.0251517,0.0410202,-0.00355714,113,1057,0,0.00249477,0
cage,77,rrtconnect,0,1,0.104113,100635,1405,0,0,0.00612234,0,689,0,0.00249477,0
cage,77,cbf-rrtc,0,1,0.010089,4092,47,0.0295063,0.0628055,-0.000181323,117,1484,0,0.00249477,0
cage,78,rrtconnect,0,1,0.0358297,37835,475,0,0,0.00162521,0,648,0,0.00249477,0
cage,78,cbf-rrtc,0,1,0.0206428,8085,75,0.0249425,0.0348794,-0.00212572,60,764,0,0.00249477,0
cage,79,rrtconnect,0,1,0.10969,106278,1499,0,0,0.00594381,0,939,0,0.00249477,0
cage,79,cbf-rrtc,0,1,0.00754809,2987,39,0.03051,0.0706394,-0.00252194,37,1201,0,0.00249477,0
cage,80,rrtconnect,0,1,0.10191,102422,1242,0,0,0.00210228,0,978,0,0.00249477,0
cage,80,cbf-rrtc,0,1,0.000540048,228,8,0.0450575,0.188596,-0.00444853,43,554,0,0.00249477,0
cage,81,rrtconnect,0,1,0.0256272,27793,295,0,0,0.00382834,0,642,0,0.00249477,0
cage,81,cbf-rrtc,0,1,0.00112063,464,11,0.0377575,0.0991379,-0.0141612,107,748,0,0.00249477,0
cage,82,rrtconnect,0,1,0.0665217,68275,779,0,0,0.000945597,0,1500,0,0.00249477,0
cage,82,cbf-rrtc,0,1,0.0037244,1477,20,0.0261789,0.100203,-0.00536082,274,1088,0,0.00249477,0
cage,83,rrtconnect,0,1,0.00553963,6176,73,0,0,0.0105216,0,812,0,0.00249477,0
cage,83,cbf-rrtc,0,1,0.00258391,1072,20,0.037348,0.0914179,-0.000427656,124,1090,0,0.00249477,0
cage,84,rrtconnect,0,1,0.0605861,62088,830,0,0,0.00220436,0,1142,0,0.00249477,0
cage,84,cbf-rrtc,0,1,0.00495826,2018,30,0.0339009,0.0906838,-0.000858995,192,1047,0,0.00249477,0
cage,85,rrtconnect,0,1,0.183696,166087,2491,0,0,0.00448935,0,470,0,0.00249477,0
cage,85,cbf-rrtc,0,1,0.00527152,2131,26,0.0287691,0.0347255,-0.000919847,137,879,0,0.00249477,0
cage,86,rrtconnect,1,0,0,0,0,0,0,,,,,,
cage,86,cbf-rrtc,1,0,0,0,0,0,0,,,,,,
cage,87,rrtconnect,0,1,0.0368676,38686,483,0,0,0.00107794,0,1380,0,0.00249477,0
cage,87,cbf-rrtc,0,1,0.0209352,8393,86,0.027226,0.0465864,-0.00261823,228,1216,0,0.00249477,0
cage,88,rrtconnect,0,1,0.0612971,63127,836,0,0,0.00144621,0,678,0,0.00249477,0
cage,88,cbf-rrtc,0,1,0.0315021,12614,119,0.0253443,0.0434438,-0.00184739,366,1215,0,0.00249477,0
cage,89,rrtconnect,0,1,0.0565866,58337,747,0,0,0.000129248,0,869,0,0.00249477,0
cage,89,cbf-rrtc,0,1,0.0134828,5357,65,0.0293233,0.0578682,-0.000860779,152,1141,0,0.00249477,0
cage,90,rrtconnect,0,1,0.139194,130805,1876,0,0,0.0113427,0,745,0,0.00249477,0
cage,90,cbf-rrtc,0,1,0.00434703,1792,25,0.0328885,0.0502232,-0.00233818,222,1027,0,0.00249477,0
cage,91,rrtconnect,0,1,0.0289142,31090,322,0,0,0.00750597,0,1226,0,0.00249477,0
cage,91,cbf-rrtc,0,1,0.000709199,320,9,0.0473568,0.24375,-0.00219781,106,750,0,0.00249477,0
cage,92,rrtconnect,0,1,0.190915,175864,2638,0,0,0.00205001,0,1346,0,0.00205001,0
cage,92,cbf-rrtc,0,1,0.00590001,2418,36,0.032683,0.0599669,-0.000173026,198,1524,0,0.00249477,0
cage,93,rrtconnect,0,1,0.486697,391083,6490,0,0,0.000107516,0,1408,0,0.00249477,0
cage,93,cbf-rrtc,0,1,0.00709666,2944,40,0.0310997,0.0370245,-0.000537659,169,1134,0,0.00249477,0
cage,94,rrtconnect,0,1,0.0255016,27462,338,0,0,0.00197124,0,1160,0,0.00249477,0
cage,94,cbf-rrtc,0,1,0.0186579,7274,75,0.0264697,0.0358812,-0.00170281,457,1623,0,0.00249477,0
cage,95,rrtconnect,0,1,0.0721526,72837,976,0,0,0.000725504,0,1242,0,0.00249477,0
cage,95,cbf-rrtc,0,1,0.010647,4357,48,0.0270304,0.0282304,-0.000500963,160,986,0,0.001005,0
cage,96,rrtconnect,0,1,0.0270944,28824,358,0,0,0.000129397,0,1187,0,0.00249477,0
cage,96,cbf-rrtc,0,1,0.00380404,1470,21,0.0307861,0.0333333,-0.00701983,286,880,0,0.00249477,0
cage,97,rrtconnect,0,1,0.00546392,6057,69,0,0,0.00558768,0,1296,0,0.00249477,0
cage,97,cbf-rrtc,0,1,0.0140172,5540,62,0.0280462,0.0449458,-0.000467118,472,1834,0,0.00249477,0
cage,98,rrtconnect,0,1,0.00597978,6629,77,0,0,0.0086239,0,784,0,0.00249477,0
cage,98,cbf-rrtc,0,1,0.0230248,9345,94,0.0256293,0.0520064,-0.00395989,61,1012,0,0.00100001,0
cage,99,rrtconnect,0,1,0.0033222,3665,43,0,0,0.00296118,0,958,0,0.00249477,0
cage,99,cbf-rrtc,0,1,0.0111757,4528,51,0.0277137,0.0278269,-0.00180212,319,1580,0,0.00249477,0
cage,100,rrtconnect,0,1,0.0325612,34960,369,0,0,0.00202385,0,1025,0,0.00249477,0
cage,100,cbf-rrtc,0,1,0.00591975,2389,32,0.0294996,0.0916702,-0.000304197,21,940,0,0.00249477,0
