problem bookshelf_tall 1
start 1.57 -1.5707 0 -1.5707 -1.57 3.14
goal -2.809498013 -1.567506499 -1.817198071 0.2366630976 1.395819898 0.00760190283
box 0.6 0.5 0.02 -0.1357171669 1.169822548 0.7 0 0 0.7572787938 0.6530917459
box 0.6 0.5 0.02 -0.1357171669 1.169822548 1 0 0 0.7572787938 0.6530917459
box 0.6 0.5 0.02 -0.1357171669 1.169822548 1.3 0 0 0.7572787938 0.6530917459
box 0.6 0.5 0.02 -0.1357171669 1.169822548 1.6 0 0 0.7572787938 0.6530917459
box 0.65 0.02 0.82 0.3588553626 1.24329372 0.82 0 0 0.7572787938 0.6530917459
box 0.65 0.02 0.82 -0.6302896964 1.096351377 0.82 0 0 0.7572787938 0.6530917459
cyl 0.03 0.07 -0.5598009266 1.005725422 1.38 0 0 0.7572787938 0.6530917459
cyl 0.03 0.07 -0.3570174057 0.8336550946 1.38 0 0 0.7572787938 0.6530917459
cyl 0.03 0.07 -0.06550662299 0.6747656364 1.38 0 0 0.7572787938 0.6530917459
cyl 0.03 0.07 -0.3352544623 1.039082899 0.78 0 0 0.7572787938 0.6530917459
cyl 0.03 0.07 0.071677935 0.8973398871 0.78 0 0 0.7572787938 0.6530917459
cyl 0.03 0.07 -0.297044315 0.6403695782 0.78 0 0 0.7572787938 0.6530917459
cyl 0.03 0.07 0.2916512284 1.13221281 1.08 0 0 0.7572787938 0.6530917459
cyl 0.03 0.07 -0.3654079789 0.8324086339 1.08 0 0 0.7572787938 0.6530917459
cyl 0.03 0.07 -0.3060953926 0.6390249963 1.08 0 0 0.7572787938 0.6530917459
end
problem bookshelf_tall 2
start 1.57 -1.5707 0 -1.5707 -1.57 3.14
goal -1.28307183 -1.824495975 1.532254192 0.2977629701 1.142364338 -3.140720769
box 0.6 0.5 0.02 0.873712945 0.6372876391 0.7 0 0 0.3535327154 0.9354221609
box 0.6 0.5 0.02 0.873712945 0.6372876391 1 0 0 0.3535327154 0.9354221609
box 0.6 0.5 0.02 0.873712945 0.6372876391 1.3 0 0 0.3535327154 0.9354221609
box 0.6 0.5 0.02 0.873712945 0.6372876391 1.6 0 0 0.3535327154 0.9354221609
box 0.65 0.02 0.82 1.204415282 0.26227302 0.82 0 0 0.3535327154 0.9354221609
box 0.65 0.02 0.82 0.5430106084 1.012302258 0.82 0 0 0.3535327154 0.9354221609
cyl 0.03 0.07 0.5079105984 0.9009121075 1.38 0 0 0.3535327154 0.9354221609
cyl 0.03 0.07 0.4412737701 0.6740911664 1.38 0 0 0.3535327154 0.9354221609
cyl 0.03 0.07 0.4424437386 0.3703776931 1.38 0 0 0.3535327154 0.9354221609
cyl 0.03 0.07 0.9724866574 0.3740854283 0.78 0 0 0.3535327154 0.9354221609
cyl 0.03 0.07 0.3719263353 0.7527307736 0.78 0 0 0.3535327154 0.9354221609
cyl 0.03 0.07 0.244227139 0.5951542198 0.78 0 0 0.3535327154 0.9354221609
cyl 0.03 0.07 0.8938215151 0.4632912642 1.08 0 0 0.3535327154 0.9354221609
cyl 0.03 0.07 0.6454311102 0.4425778728 1.08 0 0 0.3535327154 0.9354221609
cyl 0.03 0.07 0.2877063408 0.5458490457 1.08 0 0 0.3535327154 0.9354221609
end
problem bookshelf_tall 8
start 1.57 -1.5707 0 -1.5707 -1.57 3.14
goal -0.09285447419 -1.767224415 1.489167813 0.2689808313 0.949443564 -3.129780201
box 0.6 0.5 0.02 -0.5214718633 0.9544737701 0.7 0 0 0.8687898432 0.4951809855
box 0.6 0.5 0.02 -0.5214718633 0.9544737701 1 0 0 0.8687898432 0.4951809855
box 0.6 0.5 0.02 -0.5214718633 0.9544737701 1.3 0 0 0.8687898432 0.4951809855
box 0.6 0.5 0.02 -0.5214718633 0.9544737701 1.6 0 0 0.8687898432 0.4951809855
box 0.65 0.02 0.82 -0.09126365259 1.209269562 0.82 0 0 0.8687898432 0.4951809855
box 0.65 0.02 0.82 -0.951680074 0.6996779785 0.82 0 0 0.8687898432 0.4951809855
cyl 0.03 0.07 -0.3703989859 0.9277256368 1.38 0 0 0.8687898432 0.4951809855
cyl 0.03 0.07 -0.6638218125 0.5214969851 1.38 0 0 0.8687898432 0.4951809855
cyl 0.03 0.07 -0.2288358287 0.5466768812 1.38 0 0 0.8687898432 0.4951809855
cyl 0.03 0.07 -0.4786940293 0.863586644 0.78 0 0 0.8687898432 0.4951809855
cyl 0.03 0.07 -0.130035157 0.8376383093 0.78 0 0 0.8687898432 0.4951809855
cyl 0.03 0.07 -0.6467150867 0.2991830546 0.78 0 0 0.8687898432 0.4951809855
cyl 0.03 0.07 -0.3684902641 0.9288560993 1.08 0 0 0.8687898432 0.4951809855
cyl 0.03 0.07 -0.212647883 0.7887099663 1.08 0 0 0.8687898432 0.4951809855
cyl 0.03 0.07 -0.5755392995 0.3413377382 1.08 0 0 0.8687898432 0.4951809855
end
problem bookshelf_tall 9
start 1.57 -1.5707 0 -1.5707 -1.57 3.14
goal -1.348291052 -1.727568392 2.267024939 -0.5276668778 0.9293108251 3.13932145
box 0.6 0.5 0.02 0.772110986 0.7396440251 0.7 0 0 0.4208258351 0.9071414534
box 0.6 0.5 0.02 0.772110986 0.7396440251 1 0 0 0.4208258351 0.9071414534
box 0.6 0.5 0.02 0.772110986 0.7396440251 1.3 0 0 0.4208258351 0.9071414534
box 0.6 0.5 0.02 0.772110986 0.7396440251 1.6 0 0 0.4208258351 0.9071414534
box 0.65 0.02 0.82 1.153859546 0.4167384086 0.82 0 0 0.4208258351 0.9071414534
box 0.65 0.02 0.82 0.3903624263 1.062549642 0.82 0 0 0.4208258351 0.9071414534
cyl 0.03 0.07 0.8469335633 0.5453783794 1.38 0 0 0.4208258351 0.9071414534
cyl 0.03 0.07 0.4745563107 0.5984046602 1.38 0 0 0.4208258351 0.9071414534
cyl 0.03 0.07 0.710089182 0.1372244343 1.38 0 0 0.4208258351 0.9071414534
cyl 0.03 0.07 0.6852859746 0.6821095156 0.78 0 0 0.4208258351 0.9071414534
cyl 0.03 0.07 0.5683569553 0.5190625011 0.78 0 0 0.4208258351 0.9071414534
cyl 0.03 0.07 0.2745831572 0.5056013092 0.78 0 0 0.4208258351 0.9071414534
cyl 0.03 0.07 1.013081523 0.4048405617 1.08 0 0 0.4208258351 0.9071414534
cyl 0.03 0.07 0.2508327064 0.7876433791 1.08 0 0 0.4208258351 0.9071414534
cyl 0.03 0.07 0.4164934219 0.3855651746 1.08 0 0 0.4208258351 0.9071414534
end
problem bookshelf_tall 10
start 1.57 -1.5707 0 -1.5707 -1.57 3.14
goal -0.04491398002 -1.276639509 1.773021686 -0.4746952182 0.3567968562 3.128915162
box 0.6 0.5 0.02 -0.8755988686 0.6195735758 0.7 0 0 0.9788731047 0.2044686894
box 0.6 0.5 0.02 -0.8755988686 0.6195735758 1 0 0 0.9788731047 0.2044686894
box 0.6 0.5 0.02 -0.8755988686 0.6195735758 1.3 0 0 0.9788731047 0.2044686894
box 0.6 0.5 0.02 -0.8755988686 0.6195735758 1.6 0 0 0.9788731047 0.2044686894
box 0.65 0.02 0.82 -0.6754499678 1.077766131 0.82 0 0 0.9788731047 0.2044686894
box 0.65 0.02 0.82 -1.075747769 0.1613810207 0.82 0 0 0.9788731047 0.2044686894
cyl 0.03 0.07 -0.8799547013 0.3597879366 1.38 0 0 0.9788731047 0.2044686894
cyl 0.03 0.07 -0.4530912856 0.8373605774 1.38 0 0 0.9788731047 0.2044686894
cyl 0.03 0.07 -0.281980832 0.7294485979 1.38 0 0 0.9788731047 0.2044686894
cyl 0.03 0.07 -0.8011024396 0.5403011402 0.78 0 0 0.9788731047 0.2044686894
cyl 0.03 0.07 -0.6706197684 0.339381668 0.78 0 0 0.9788731047 0.2044686894
cyl 0.03 0.07 -0.5482829878 0.1198141473 0.78 0 0 0.9788731047 0.2044686894
cyl 0.03 0.07 -0.8812846458 0.35674335 1.08 0 0 0.9788731047 0.2044686894
cyl 0.03 0.07 -0.6389734053 0.411828371 1.08 0 0 0.9788731047 0.2044686894
cyl 0.03 0.07 -0.3449728843 0.5852435121 1.08 0 0 0.9788731047 0.2044686894
end
problem bookshelf_tall 11
start 1.57 -1.5707 0 -1.5707 -1.57 3.14
goal 1.405257201 -0.7299781259 1.915710251 -1.182652947 2.026999934 3.140286349
box 0.6 0.5 0.02 -0.8917986454 0.7317194621 0.7 0 0 0.9516292671 0.3072486584
box 0.6 0.5 0.02 -0.8917986454 0.7317194621 1 0 0 0.9516292671 0.3072486584
box 0.6 0.5 0.02 -0.8917986454 0.7317194621 1.3 0 0 0.9516292671 0.3072486584
box 0.6 0.5 0.02 -0.8917986454 0.7317194621 1.6 0 0 0.9516292671 0.3072486584
box 0.65 0.02 0.82 -0.5994118298 1.137317724 0.82 0 0 0.9516292671 0.3072486584
box 0.65 0.02 0.82 -1.184185461 0.3261212001 0.82 0 0 0.9516292671 0.3072486584
cyl 0.03 0.07 -0.961688305 0.4637623577 1.38 0 0 0.9516292671 0.3072486584
cyl 0.03 0.07 -0.6860653648 0.504093128 1.38 0 0 0.9516292671 0.3072486584
cyl 0.03 0.07 -0.6286881751 0.241673937 1.38 0 0 0.9516292671 0.3072486584
cyl 0.03 0.07 -0.8674054907 0.5945512427 0.78 0 0 0.9516292671 0.3072486584
cyl 0.03 0.07 -0.8445220045 0.2842824722 0.78 0 0 0.9516292671 0.3072486584
cyl 0.03 0.07 -0.7076725841 0.1321069617 0.78 0 0 0.9516292671 0.3072486584
cyl 0.03 0.07 -0.7145669533 0.8065684809 1.08 0 0 0.9516292671 0.3072486584
cyl 0.03 0.07 -0.4269786556 0.8634975654 1.08 0 0 0.9516292671 0.3072486584
cyl 0.03 0.07 -0.2853850859 0.7179031269 1.08 0 0 0.9516292671 0.3072486584
end
problem bookshelf_tall 15
start 1.57 -1.5707 0 -1.5707 -1.57 3.14
goal 0.8658703217 -1.819959472 1.549869866 0.2720961483 1.920347532 -3.141384847
box 0.6 0.5 0.02 -0.3941321609 0.9269784063 0.7 0 0 0.8638698939 0.5037150051
box 0.6 0.5 0.02 -0.3941321609 0.9269784063 1 0 0 0.8638698939 0.5037150051
box 0.6 0.5 0.02 -0.3941321609 0.9269784063 1.3 0 0 0.8638698939 0.5037150051
box 0.6 0.5 0.02 -0.3941321609 0.9269784063 1.6 0 0 0.8638698939 0.5037150051
box 0.65 0.02 0.82 0.04101206717 1.1732496 0.82 0 0 0.8638698939 0.5037150051
box 0.65 0.02 0.82 -0.8292763889 0.6807072126 0.82 0 0 0.8638698939 0.5037150051
cyl 0.03 0.07 -0.3699829362 0.8257413019 1.38 0 0 0.8638698939 0.5037150051
cyl 0.03 0.07 0.02972350257 0.8221475091 1.38 0 0 0.8638698939 0.5037150051
cyl 0.03 0.07 -0.4170883794 0.339464109 1.38 0 0 0.8638698939 0.5037150051
cyl 0.03 0.07 -0.1610867418 0.9439667358 0.78 0 0 0.8638698939 0.5037150051
cyl 0.03 0.07 -0.1996101143 0.6923554541 0.78 0 0 0.8638698939 0.5037150051
cyl 0.03 0.07 -0.2180055715 0.452135627 0.78 0 0 0.8638698939 0.5037150051
cyl 0.03 0.07 -0.2844810057 0.8741313784 1.08 0 0 0.8638698939 0.5037150051
cyl 0.03 0.07 -0.4848275312 0.5309357933 1.08 0 0 0.8638698939 0.5037150051
cyl 0.03 0.07 -0.3357906764 0.3854747902 1.08 0 0 0.8638698939 0.5037150051
end
problem bookshelf_tall 17
start 1.57 -1.5707 0 -1.5707 -1.57 3.14
goal -1.264578144 0.1139294294 -1.416869126 -1.846330277 -0.5069868516 0.007366105123
box 0.6 0.5 0.02 0.3155219713 1.089675599 0.7 0 0 0.6356956238 0.7719398124
box 0.6 0.5 0.02 0.3155219713 1.089675599 1 0 0 0.6356956238 0.7719398124
box 0.6 0.5 0.02 0.3155219713 1.089675599 1.3 0 0 0.6356956238 0.7719398124
box 0.6 0.5 0.02 0.3155219713 1.089675599 1.6 0 0 0.6356956238 0.7719398124
box 0.65 0.02 0.82 0.8062407318 0.9937845246 0.82 0 0 0.6356956238 0.7719398124
box 0.65 0.02 0.82 -0.1751967892 1.185566672 0.82 0 0 0.6356956238 0.7719398124
cyl 0.03 0.07 0.3270112732 0.9855391244 1.38 0 0 0.6356956238 0.7719398124
cyl 0.03 0.07 0.2259008948 0.8015143337 1.38 0 0 0.6356956238 0.7719398124
cyl 0.03 0.07 0.520961599 0.540073977 1.38 0 0 0.6356956238 0.7719398124
cyl 0.03 0.07 0.3706501369 0.9770116789 0.78 0 0 0.6356956238 0.7719398124
cyl 0.03 0.07 0.3291588375 0.7813367578 0.78 0 0 0.6356956238 0.7719398124
cyl 0.03 0.07 -0.09019840533 0.6595004058 0.78 0 0 0.6356956238 0.7719398124
cyl 0.03 0.07 0.2503593729 1.000517629 1.08 0 0 0.6356956238 0.7719398124
cyl 0.03 0.07 -0.1421825664 0.8734413135 1.08 0 0 0.6356956238 0.7719398124
cyl 0.03 0.07 0.473156583 0.5494155279 1.08 0 0 0.6356956238 0.7719398124
end
problem bookshelf_tall 19
start 1.57 -1.5707 0 -1.5707 -1.57 3.14
goal 0.34606366 -1.578949849 2.125228893 -0.5466769335 0.695839217 3.135764024
box 0.6 0.5 0.02 -0.9848804722 0.4540078713 0.7 0 0 0.9854002228 0.1702539304
box 0.6 0.5 0.02 -0.9848804722 0.4540078713 1 0 0 0.9854002228 0.1702539304
box 0.6 0.5 0.02 -0.9848804722 0.4540078713 1.3 0 0 0.9854002228 0.1702539304
box 0.6 0.5 0.02 -0.9848804722 0.4540078713 1.6 0 0 0.9854002228 0.1702539304
box 0.65 0.02 0.82 -0.8171122112 0.9250214705 0.82 0 0 0.9854002228 0.1702539304
box 0.65 0.02 0.82 -1.152648733 -0.01700572788 0.82 0 0 0.9854002228 0.1702539304
cyl 0.03 0.07 -0.965623693 0.2100416117 1.38 0 0 0.9854002228 0.1702539304
cyl 0.03 0.07 -0.6102187559 0.6117895834 1.38 0 0 0.9854002228 0.1702539304
cyl 0.03 0.07 -0.6586175263 -0.120151478 1.38 0 0 0.9854002228 0.1702539304
cyl 0.03 0.07 -0.9928376157 0.1336378414 0.78 0 0 0.9854002228 0.1702539304
cyl 0.03 0.07 -0.6615420233 0.4676982235 0.78 0 0 0.9854002228 0.1702539304
cyl 0.03 0.07 -0.6406735594 -0.06977334112 0.78 0 0 0.9854002228 0.1702539304
cyl 0.03 0.07 -0.9263104717 0.3204144662 1.08 0 0 0.9854002228 0.1702539304
cyl 0.03 0.07 -0.6503524237 0.4991133048 1.08 0 0 0.9854002228 0.1702539304
cyl 0.03 0.07 -0.4837465653 0.3708031294 1.08 0 0 0.9854002228 0.1702539304
end
problem bookshelf_tall 22
start 1.57 -1.5707 0 -1.5707 -1.57 3.14
goal 1.489297289 -1.519438965 2.069651668 -0.5584548264 2.022739422 -3.141159748
box 0.6 0.5 0.02 -0.8834144877 0.5777175306 0.7 0 0 0.9653782639 0.2608539966
box 0.6 0.5 0.02 -0.8834144877 0.5777175306 1 0 0 0.9653782639 0.2608539966
box 0.6 0.5 0.02 -0.8834144877 0.5777175306 1.3 0 0 0.9653782639 0.2608539966
box 0.6 0.5 0.02 -0.8834144877 0.5777175306 1.6 0 0 0.9653782639 0.2608539966
box 0.65 0.02 0.82 -0.6315917093 1.009672723 0.82 0 0 0.9653782639 0.2608539966
box 0.65 0.02 0.82 -1.135237266 0.1457623382 0.82 0 0 0.9653782639 0.2608539966
cyl 0.03 0.07 -0.5946366742 0.8745098878 1.38 0 0 0.9653782639 0.2608539966
cyl 0.03 0.07 -0.529302608 0.5894736758 1.38 0 0 0.9653782639 0.2608539966
cyl 0.03 0.07 -0.2827079834 0.6153562769 1.38 0 0 0.9653782639 0.2608539966
cyl 0.03 0.07 -0.7761998979 0.5630719086 0.78 0 0 0.9653782639 0.2608539966
cyl 0.03 0.07 -0.7611091133 0.1918526812 0.78 0 0 0.9653782639 0.2608539966
cyl 0.03 0.07 -0.3466055376 0.5057518936 0.78 0 0 0.9653782639 0.2608539966
cyl 0.03 0.07 -0.9456775483 0.272364485 1.08 0 0 0.9653782639 0.2608539966
cyl 0.03 0.07 -0.5758064216 0.509705023 1.08 0 0 0.9653782639 0.2608539966
cyl 0.03 0.07 -0.6048463816 0.06278770192 1.08 0 0 0.9653782639 0.2608539966
end
problem bookshelf_tall 23
start 1.57 -1.5707 0 -1.5707 -1.57 3.14
goal -0.04518071685 -0.8383606476 2.333887692 -1.466982403 0.2722616865 3.1199077
box 0.6 0.5 0.02 -0.9145209003 0.3497062732 0.7 0 0 0.9870376485 0.1604888794
box 0.6 0.5 0.02 -0.9145209003 0.3497062732 1 0 0 0.9870376485 0.1604888794
box 0.6 0.5 0.02 -0.9145209003 0.3497062732 1.3 0 0 0.9870376485 0.1604888794
box 0.6 0.5 0.02 -0.9145209003 0.3497062732 1.6 0 0 0.9870376485 0.1604888794
box 0.65 0.02 0.82 -0.7561123342 0.8239495928 0.82 0 0 0.9870376485 0.1604888794
box 0.65 0.02 0.82 -1.072929466 -0.1245370464 0.82 0 0 0.9870376485 0.1604888794
cyl 0.03 0.07 -0.8677048008 0.1742247431 1.38 0 0 0.9870376485 0.1604888794
cyl 0.03 0.07 -0.6896294147 0.07606756556 1.38 0 0 0.9870376485 0.1604888794
cyl 0.03 0.07 -0.3763735276 0.3826135623 1.38 0 0 0.9870376485 0.1604888794
cyl 0.03 0.07 -0.7582565095 0.5018908679 0.78 0 0 0.9870376485 0.1604888794
cyl 0.03 0.07 -0.768442095 -0.1598817145 0.78 0 0 0.9870376485 0.1604888794
cyl 0.03 0.07 -0.3673367722 0.4096677865 0.78 0 0 0.9870376485 0.1604888794
cyl 0.03 0.07 -0.9072859762 0.0557266818 1.08 0 0 0.9870376485 0.1604888794
cyl 0.03 0.07 -0.6766581458 0.1149009303 1.08 0 0 0.9870376485 0.1604888794
cyl 0.03 0.07 -0.4953260399 0.02649371555 1.08 0 0 0.9870376485 0.1604888794
end
problem bookshelf_tall 28
start 1.57 -1.5707 0 -1.5707 -1.57 3.14
goal -2.829222098 -1.410672986 -2.25616166 -2.613231909 -1.103285355 3.136392373
box 0.6 0.5 0.02 0.1997956237 1.05492627 0.7 0 0 0.6474695411 0.7620913288
box 0.6 0.5 0.02 0.1997956237 1.05492627 1 0 0 0.6474695411 0.7620913288
box 0.6 0.5 0.02 0.1997956237 1.05492627 1.3 0 0 0.6474695411 0.7620913288
box 0.6 0.5 0.02 0.1997956237 1.05492627 1.6 0 0 0.6474695411 0.7620913288
box 0.65 0.02 0.82 0.6932265466 0.9741430767 0.82 0 0 0.6474695411 0.7620913288
box 0.65 0.02 0.82 -0.2936352992 1.135709463 0.82 0 0 0.6474695411 0.7620913288
cyl 0.03 0.07 -0.04503527779 0.9936780253 1.38 0 0 0.6474695411 0.7620913288
cyl 0.03 0.07 0.1227681057 0.7635430907 1.38 0 0 0.6474695411 0.7620913288
cyl 0.03 0.07 0.5413728927 0.4923476198 1.38 0 0 0.6474695411 0.7620913288
cyl 0.03 0.07 0.6044973546 0.8873382768 0.78 0 0 0.6474695411 0.7620913288
cyl 0.03 0.07 -0.1420528921 0.8068988775 0.78 0 0 0.6474695411 0.7620913288
cyl 0.03 0.07 0.06124212241 0.5709533478 0.78 0 0 0.6474695411 0.7620913288
cyl 0.03 0.07 -0.2250614061 1.023151422 1.08 0 0 0.6474695411 0.7620913288
cyl 0.03 0.07 -0.1983463911 0.8161150988 1.08 0 0 0.6474695411 0.7620913288
cyl 0.03 0.07 0.06330001514 0.5706164351 1.08 0 0 0.6474695411 0.7620913288
end
problem bookshelf_tall 29
start 1.57 -1.5707 0 -1.5707 -1.57 3.14
goal -0.2352028701 0.1004695023 -1.967167475 -1.292500578 -0.4986825158 0.01084728008
box 0.6 0.5 0.02 -0.6529674074 0.7981831246 0.7 0 0 0.9337035616 0.3580470067
box 0.6 0.5 0.02 -0.6529674074 0.7981831246 1 0 0 0.9337035616 0.3580470067
box 0.6 0.5 0.02 -0.6529674074 0.7981831246 1.3 0 0 0.9337035616 0.3580470067
box 0.6 0.5 0.02 -0.6529674074 0.7981831246 1.6 0 0 0.9337035616 0.3580470067
box 0.65 0.02 0.82 -0.3186576419 1.169985466 0.82 0 0 0.9337035616 0.3580470067
box 0.65 0.02 0.82 -0.9872771728 0.4263807836 0.82 0 0 0.9337035616 0.3580470067
cyl 0.03 0.07 -0.5868314786 0.7221742565 1.38 0 0 0.9337035616 0.3580470067
cyl 0.03 0.07 -0.7083847446 0.2878651101 1.38 0 0 0.9337035616 0.3580470067
cyl 0.03 0.07 -0.2394152857 0.5103053447 1.38 0 0 0.9337035616 0.3580470067
cyl 0.03 0.07 -0.5248314548 0.7911275339 0.78 0 0 0.9337035616 0.3580470067
cyl 0.03 0.07 -0.4339876011 0.593035676 0.78 0 0 0.9337035616 0.3580470067
cyl 0.03 0.07 -0.1049529193 0.659847559 0.78 0 0 0.9337035616 0.3580470067
cyl 0.03 0.07 -0.6474059265 0.6548064323 1.08 0 0 0.9337035616 0.3580470067
cyl 0.03 0.07 -0.549695644 0.4643510677 1.08 0 0 0.9337035616 0.3580470067
cyl 0.03 0.07 -0.07780943848 0.6900351598 1.08 0 0 0.9337035616 0.3580470067
end
problem bookshelf_tall 33
start 1.57 -1.5707 0 -1.5707 -1.57 3.14
goal 1.786901048 -1.85918167 -1.785553205 -2.634945644 -2.239838343 3.137369143
box 0.6 0.5 0.02 0.8405560032 0.7084323557 0.7 0 0 0.4265493007 0.9044643133
box 0.6 0.5 0.02 0.8405560032 0.7084323557 1 0 0 0.4265493007 0.9044643133
box 0.6 0.5 0.02 0.8405560032 0.7084323557 1.3 0 0 0.4265493007 0.9044643133
box 0.6 0.5 0.02 0.8405560032 0.7084323557 1.6 0 0 0.4265493007 0.9044643133
box 0.65 0.02 0.82 1.226354624 0.3903766617 0.82 0 0 0.4265493007 0.9044643133
box 0.65 0.02 0.82 0.4547573829 1.02648805 0.82 0 0 0.4265493007 0.9044643133
cyl 0.03 0.07 1.089066947 0.373956508 1.38 0 0 0.4265493007 0.9044643133
cyl 0.03 0.07 0.3187076023 0.7498447779 1.38 0 0 0.4265493007 0.9044643133
cyl 0.03 0.07 0.2124703238 0.5782251163 1.38 0 0 0.4265493007 0.9044643133
cyl 0.03 0.07 0.9696455811 0.4724085068 0.78 0 0 0.4265493007 0.9044643133
cyl 0.03 0.07 0.361410395 0.7146402291 0.78 0 0 0.4265493007 0.9044643133
cyl 0.03 0.07 0.4075546225 0.4173959461 0.78 0 0 0.4265493007 0.9044643133
cyl 0.03 0.07 0.7628875184 0.6428616284 1.08 0 0 0.4265493007 0.9044643133
cyl 0.03 0.07 0.8374998306 0.322148012 1.08 0 0 0.4265493007 0.9044643133
cyl 0.03 0.07 0.6523390812 0.2155935373 1.08 0 0 0.4265493007 0.9044643133
end
problem bookshelf_tall 36
start 1.57 -1.5707 0 -1.5707 -1.57 3.14
goal 1.061973406 -0.7758844318 2.033305762 -1.262218521 1.878426282 -3.137746181
box 0.6 0.5 0.02 -0.7632987196 0.860110906 0.7 0 0 0.9179688461 0.3966524896
box 0.6 0.5 0.02 -0.7632987196 0.860110906 1 0 0 0.9179688461 0.3966524896
box 0.6 0.5 0.02 -0.7632987196 0.860110906 1.3 0 0 0.9179688461 0.3966524896
box 0.6 0.5 0.02 -0.7632987196 0.860110906 1.6 0 0 0.9179688461 0.3966524896
box 0.65 0.02 0.82 -0.3991840914 1.202777708 0.82 0 0 0.9179688461 0.3966524896
box 0.65 0.02 0.82 -1.127413348 0.5174441035 0.82 0 0 0.9179688461 0.3966524896
cyl 0.03 0.07 -0.8289099473 0.6610450515 1.38 0 0 0.9179688461 0.3966524896
cyl 0.03 0.07 -0.4303659018 0.7614744516 1.38 0 0 0.9179688461 0.3966524896
cyl 0.03 0.07 -0.3753730598 0.5385892052 1.38 0 0 0.9179688461 0.3966524896
cyl 0.03 0.07 -0.6407192014 0.8381506005 0.78 0 0 0.9179688461 0.3966524896
cyl 0.03 0.07 -0.4385834221 0.7537409765 0.78 0 0 0.9179688461 0.3966524896
cyl 0.03 0.07 -0.6129779193 0.3149802339 0.78 0 0 0.9179688461 0.3966524896
cyl 0.03 0.07 -0.6476315456 0.8316454214 1.08 0 0 0.9179688461 0.3966524896
cyl 0.03 0.07 -0.5048400117 0.6913871683 1.08 0 0 0.9179688461 0.3966524896
cyl 0.03 0.07 -0.4409516386 0.4768734701 1.08 0 0 0.9179688461 0.3966524896
end
problem bookshelf_tall 40
start 1.57 -1.5707 0 -1.5707 -1.57 3.14
goal -1.35718259 -1.977366638 2.422599541 -0.4433273854 1.214108218 3.140176865
box 0.6 0.5 0.02 0.9190015496 0.4085901309 0.7 0 0 0.2783171469 0.9604892325
box 0.6 0.5 0.02 0.9190015496 0.4085901309 1 0 0 0.2783171469 0.9604892325
box 0.6 0.5 0.02 0.9190015496 0.4085901309 1.3 0 0 0.2783171469 0.9604892325
box 0.6 0.5 0.02 0.9190015496 0.4085901309 1.6 0 0 0.2783171469 0.9604892325
box 0.65 0.02 0.82 1.186322172 -0.01394943484 0.82 0 0 0.2783171469 0.9604892325
box 0.65 0.02 0.82 0.6516809267 0.8311296966 0.82 0 0 0.2783171469 0.9604892325
cyl 0.03 0.07 0.8758110058 0.2898178264 1.38 0 0 0.2783171469 0.9604892325
cyl 0.03 0.07 0.8860231468 -0.1004065883 1.38 0 0 0.2783171469 0.9604892325
cyl 0.03 0.07 0.4055903892 0.2849054301 1.38 0 0 0.2783171469 0.9604892325
cyl 0.03 0.07 0.6037114275 0.7199112342 0.78 0 0 0.2783171469 0.9604892325
cyl 0.03 0.07 0.8393836572 -0.02668601464 0.78 0 0 0.2783171469 0.9604892325
cyl 0.03 0.07 0.4432916267 0.2253130785 0.78 0 0 0.2783171469 0.9604892325
cyl 0.03 0.07 0.6778009898 0.6028017829 1.08 0 0 0.2783171469 0.9604892325
cyl 0.03 0.07 0.511439407 0.4916781114 1.08 0 0 0.2783171469 0.9604892325
cyl 0.03 0.07 0.3973234198 0.2979725912 1.08 0 0 0.2783171469 0.9604892325
end
problem bookshelf_tall 41
start 1.57 -1.5707 0 -1.5707 -1.57 3.14
goal -0.2541991658 -0.7803655348 2.062403117 -1.292455704 0.4950812685 -3.124962276
box 0.6 0.5 0.02 -0.719405045 0.8128829302 0.7 0 0 0.9315812331 0.3635332256
box 0.6 0.5 0.02 -0.719405045 0.8128829302 1 0 0 0.9315812331 0.3635332256
box 0.6 0.5 0.02 -0.719405045 0.8128829302 1.3 0 0 0.9315812331 0.3635332256
box 0.6 0.5 0.02 -0.719405045 0.8128829302 1.6 0 0 0.9315812331 0.3635332256
box 0.65 0.02 0.82 -0.3807443144 1.180726524 0.82 0 0 0.9315812331 0.3635332256
box 0.65 0.02 0.82 -1.058065776 0.4450393363 0.82 0 0 0.9315812331 0.3635332256
cyl 0.03 0.07 -0.6118056903 0.7821138869 1.38 0 0 0.9315812331 0.3635332256
cyl 0.03 0.07 -0.5827283709 0.5184160729 1.38 0 0 0.9315812331 0.3635332256
cyl 0.03 0.07 -0.5552530251 0.252978241 1.38 0 0 0.9315812331 0.3635332256
cyl 0.03 0.07 -0.7659846543 0.6146491085 0.78 0 0 0.9315812331 0.3635332256
cyl 0.03 0.07 -0.6594430824 0.4350907487 0.78 0 0 0.9315812331 0.3635332256
cyl 0.03 0.07 -0.2124716261 0.6252975871 0.78 0 0 0.9315812331 0.3635332256
cyl 0.03 0.07 -0.7564300888 0.6250270041 1.08 0 0 0.9315812331 0.3635332256
cyl 0.03 0.07 -0.4744937168 0.6359774568 1.08 0 0 0.9315812331 0.3635332256
cyl 0.03 0.07 -0.2478836283 0.5868340837 1.08 0 0 0.9315812331 0.3635332256
end
problem bookshelf_tall 42
start 1.57 -1.5707 0 -1.5707 -1.57 3.14
goal -0.0476794139 -1.788281237 2.295542994 -0.4961227387 0.5432075625 3.138841956
box 0.6 0.5 0.02 -0.7958180604 0.6205992395 0.7 0 0 0.9575466815 0.2882782556
box 0.6 0.5 0.02 -0.7958180604 0.6205992395 1 0 0 0.9575466815 0.2882782556
box 0.6 0.5 0.02 -0.7958180604 0.6205992395 1.3 0 0 0.9575466815 0.2882782556
box 0.6 0.5 0.02 -0.7958180604 0.6205992395 1.6 0 0 0.9575466815 0.2882782556
box 0.65 0.02 0.82 -0.5197781734 1.037494887 0.82 0 0 0.9575466815 0.2882782556
box 0.65 0.02 0.82 -1.071857947 0.2037035922 0.82 0 0 0.9575466815 0.2882782556
cyl 0.03 0.07 -0.5226368559 0.852044252 1.38 0 0 0.9575466815 0.2882782556
cyl 0.03 0.07 -0.4513035441 0.5975105556 1.38 0 0 0.9575466815 0.2882782556
cyl 0.03 0.07 -0.2117500691 0.5970352657 1.38 0 0 0.9575466815 0.2882782556
cyl 0.03 0.07 -0.9529011818 0.2022275657 0.78 0 0 0.9575466815 0.2882782556
cyl 0.03 0.07 -0.3950694098 0.6824394622 0.78 0 0 0.9575466815 0.2882782556
cyl 0.03 0.07 -0.1887106334 0.6318311082 0.78 0 0 0.9575466815 0.2882782556
cyl 0.03 0.07 -0.5299436515 0.8410089943 1.08 0 0 0.9575466815 0.2882782556
cyl 0.03 0.07 -0.72754468 0.1803109675 1.08 0 0 0.9575466815 0.2882782556
cyl 0.03 0.07 -0.3340363201 0.4123496163 1.08 0 0 0.9575466815 0.2882782556
end
problem bookshelf_tall 46
start 1.57 -1.5707 0 -1.5707 -1.57 3.14
goal 1.887540299 -1.422233367 -1.935945069 0.2220352211 1.609725316 0.007612984771
box 0.6 0.5 0.02 1.051811833 0.3146561002 0.7 0 0 0.1761520785 0.9843629642
box 0.6 0.5 0.02 1.051811833 0.3146561002 1 0 0 0.1761520785 0.9843629642
box 0.6 0.5 0.02 1.051811833 0.3146561002 1.3 0 0 0.1761520785 0.9843629642
box 0.6 0.5 0.02 1.051811833 0.3146561002 1.6 0 0 0.1761520785 0.9843629642
box 0.65 0.02 0.82 1.225209415 -0.154314345 0.82 0 0 0.1761520785 0.9843629642
box 0.65 0.02 0.82 0.8784142512 0.7836265455 0.82 0 0 0.1761520785 0.9843629642
cyl 0.03 0.07 1.050255837 0.03050978749 1.38 0 0 0.1761520785 0.9843629642
cyl 0.03 0.07 0.8473100353 0.00268692485 1.38 0 0 0.1761520785 0.9843629642
cyl 0.03 0.07 0.5990228135 0.09749429614 1.38 0 0 0.1761520785 0.9843629642
cyl 0.03 0.07 1.044556417 0.04592441773 0.78 0 0 0.1761520785 0.9843629642
cyl 0.03 0.07 0.7436574624 0.2830252816 0.78 0 0 0.1761520785 0.9843629642
cyl 0.03 0.07 0.6584359287 -0.06319419073 0.78 0 0 0.1761520785 0.9843629642
cyl 0.03 0.07 0.9515556398 0.2974539673 1.08 0 0 0.1761520785 0.9843629642
cyl 0.03 0.07 0.7431272972 0.2844591646 1.08 0 0 0.1761520785 0.9843629642
cyl 0.03 0.07 0.5150788489 0.3245288254 1.08 0 0 0.1761520785 0.9843629642
end
problem bookshelf_tall 47
start 1.57 -1.5707 0 -1.5707 -1.57 3.14
goal -0.424139436 -1.625896175 2.162207661 -0.5500808901 0.7378110528 -3.13122027
box 0.6 0.5 0.02 -0.3023919529 1.04607916 0.7 0 0 0.8336581381 0.5522808242
box 0.6 0.5 0.02 -0.3023919529 1.04607916 1 0 0 0.8336581381 0.5522808242
box 0.6 0.5 0.02 -0.3023919529 1.04607916 1.3 0 0 0.8336581381 0.5522808242
box 0.6 0.5 0.02 -0.3023919529 1.04607916 1.6 0 0 0.8336581381 0.5522808242
box 0.65 0.02 0.82 0.1580214507 1.241065051 0.82 0 0 0.8336581381 0.5522808242
box 0.65 0.02 0.82 -0.7628053565 0.8510932689 0.82 0 0 0.8336581381 0.5522808242
cyl 0.03 0.07 -0.1259186921 1.012217844 1.38 0 0 0.8336581381 0.5522808242
cyl 0.03 0.07 -0.1455305881 0.7867160615 1.38 0 0 0.8336581381 0.5522808242
cyl 0.03 0.07 -0.2995434286 0.5042952416 1.38 0 0 0.8336581381 0.5522808242
cyl 0.03 0.07 0.06117552349 1.091452575 0.78 0 0 0.8336581381 0.5522808242
cyl 0.03 0.07 0.01419610693 0.8543605995 0.78 0 0 0.8336581381 0.5522808242
cyl 0.03 0.07 -0.475985702 0.4295716265 0.78 0 0 0.8336581381 0.5522808242
cyl 0.03 0.07 -0.06460394343 1.038184748 1.08 0 0 0.8336581381 0.5522808242
cyl 0.03 0.07 -0.2433590542 0.745285533 1.08 0 0 0.8336581381 0.5522808242
cyl 0.03 0.07 -0.08375133698 0.5956835742 1.08 0 0 0.8336581381 0.5522808242
end
problem bookshelf_thin 2
start 1.57 -1.5707 0 -1.5707 -1.57 3.14
goal 0.03957323182 -0.503047806 1.735910664 -1.242883848 0.9509599834 -3.129053811
box 0.02 0.02 0.82 -0.457383955 1.237658528 0.82 0 0 0.8970329716 0.4419636273
box 0.02 0.02 0.82 -1.250295847 0.6283222234 0.82 0 0 0.8970329716 0.4419636273
box 0.02 0.02 0.82 -0.09178217244 0.7619113926 0.82 0 0 0.8970329716 0.4419636273
box 0.02 0.02 0.82 -0.8846940643 0.1525750883 0.82 0 0 0.8970329716 0.4419636273
box 0.31 0.5 0.02 -0.6710390097 0.695116808 0.35 0 0 0.8970329716 0.4419636273
box 0.31 0.5 0.02 -0.6710390097 0.695116808 0.85 0 0 0.8970329716 0.4419636273
box 0.31 0.5 0.02 -0.6710390097 0.695116808 0.6 0 0 0.8970329716 0.4419636273
box 0.31 0.5 0.02 -0.6710390097 0.695116808 1.1 0 0 0.8970329716 0.4419636273
box 0.31 0.5 0.02 -0.6710390097 0.695116808 1.35 0 0 0.8970329716 0.4419636273
box 0.31 0.5 0.02 -0.6710390097 0.695116808 1.6 0 0 0.8970329716 0.4419636273
box 0.31 0.02 0.7 -0.6710390097 0.695116808 0.9 0 0 0.8970329716 0.4419636273
cyl 0.03 0.07 -0.9685948404 0.5925687556 0.44 0 0 0.8970329716 0.4419636273
cyl 0.03 0.07 -0.8053067174 0.3397000313 1.44 0 0 0.8970329716 0.4419636273
cyl 0.03 0.07 -0.6067406892 0.4922938958 0.44 0 0 0.8970329716 0.4419636273
cyl 0.03 0.07 -0.5348262983 0.9259108622 0.69 0 0 0.8970329716 0.4419636273
cyl 0.03 0.07 -0.3008219234 0.7273861073 0.69 0 0 0.8970329716 0.4419636273
cyl 0.03 0.07 -1.026051828 0.5484142553 0.94 0 0 0.8970329716 0.4419636273
cyl 0.03 0.07 -0.780333255 0.358891618 0.94 0 0 0.8970329716 0.4419636273
cyl 0.03 0.07 -0.4633143541 0.9808663046 1.19 0 0 0.8970329716 0.4419636273
cyl 0.03 0.07 -0.3853424328 0.662433853 1.19 0 0 0.8970329716 0.4419636273
cyl 0.03 0.07 -0.8508031852 0.6830891938 1.44 0 0 0.8970329716 0.4419636273
end
problem bookshelf_thin 3
start 1.57 -1.5707 0 -1.5707 -1.57 3.14
goal -2.813501491 -2.012563269 -1.117192178 -0.006687730069 0.9417100859 0.001661578877
box 0.02 0.02 0.82 0.7794936668 1.135267616 0.82 0 0 0.5942419669 0.8042863202
box 0.02 0.02 0.82 -0.1763877029 1.429020586 0.82 0 0 0.5942419669 0.8042863202
box 0.02 0.02 0.82 0.603241885 0.5617387943 0.82 0 0 0.5942419669 0.8042863202
box 0.02 0.02 0.82 -0.3526394847 0.8554917639 0.82 0 0 0.5942419669 0.8042863202
box 0.31 0.5 0.02 0.213427091 0.99537969 0.35 0 0 0.5942419669 0.8042863202
box 0.31 0.5 0.02 0.213427091 0.99537969 0.85 0 0 0.5942419669 0.8042863202
box 0.31 0.5 0.02 0.213427091 0.99537969 0.6 0 0 0.5942419669 0.8042863202
box 0.31 0.5 0.02 0.213427091 0.99537969 1.1 0 0 0.5942419669 0.8042863202
box 0.31 0.5 0.02 0.213427091 0.99537969 1.35 0 0 0.5942419669 0.8042863202
box 0.31 0.5 0.02 0.213427091 0.99537969 1.6 0 0 0.5942419669 0.8042863202
box 0.31 0.02 0.7 0.213427091 0.99537969 0.9 0 0 0.5942419669 0.8042863202
cyl 0.03 0.07 0.1624958615 1.115646915 0.44 0 0 0.5942419669 0.8042863202
cyl 0.03 0.07 -0.0008618911555 0.8520020916 1.44 0 0 0.5942419669 0.8042863202
cyl 0.03 0.07 -0.1152221039 0.8871462562 0.44 0 0 0.5942419669 0.8042863202
cyl 0.03 0.07 0.5225383643 1.005001852 0.69 0 0 0.5942419669 0.8042863202
cyl 0.03 0.07 0.479492553 0.7043838318 0.69 0 0 0.5942419669 0.8042863202
cyl 0.03 0.07 0.06967427281 1.144172021 0.94 0 0 0.5942419669 0.8042863202
cyl 0.03 0.07 -0.2754170856 0.9363759546 0.94 0 0 0.5942419669 0.8042863202
cyl 0.03 0.07 0.2952493704 1.074850286 1.19 0 0 0.5942419669 0.8042863202
cyl 0.03 0.07 0.3056083658 0.7578203752 1.19 0 0 0.5942419669 0.8042863202
cyl 0.03 0.07 0.1815613061 1.109787892 1.44 0 0 0.5942419669 0.8042863202
end
problem bookshelf_thin 8
start 1.57 -1.5707 0 -1.5707 -1.57 3.14
goal 1.252125247 -2.519043191 -0.892961688 0.2637659423 2.098091546 0.0051659858
box 0.02 0.02 0.82 1.445671524 -0.297193847 0.82 0 0 0.1072693011 0.9942300021
box 0.02 0.02 0.82 1.232370809 0.6797927471 0.82 0 0 0.1072693011 0.9942300021
box 0.02 0.02 0.82 0.8594795679 -0.4251742759 0.82 0 0 0.1072693011 0.9942300021
box 0.02 0.02 0.82 0.646178853 0.5518123182 0.82 0 0 0.1072693011 0.9942300021
box 0.31 0.5 0.02 1.045925189 0.1273092356 0.35 0 0 0.1072693011 0.9942300021
box 0.31 0.5 0.02 1.045925189 0.1273092356 0.85 0 0 0.1072693011 0.9942300021
box 0.31 0.5 0.02 1.045925189 0.1273092356 0.6 0 0 0.1072693011 0.9942300021
box 0.31 0.5 0.02 1.045925189 0.1273092356 1.1 0 0 0.1072693011 0.9942300021
box 0.31 0.5 0.02 1.045925189 0.1273092356 1.35 0 0 0.1072693011 0.9942300021
box 0.31 0.5 0.02 1.045925189 0.1273092356 1.6 0 0 0.1072693011 0.9942300021
box 0.31 0.02 0.7 1.045925189 0.1273092356 0.9 0 0 0.1072693011 0.9942300021
cyl 0.03 0.07 1.115860816 0.2758030177 0.44 0 0 0.1072693011 0.9942300021
cyl 0.03 0.07 0.8188886108 0.2295671816 1.44 0 0 0.1072693011 0.9942300021
cyl 0.03 0.07 0.7590670376 0.503569428 0.44 0 0 0.1072693011 0.9942300021
cyl 0.03 0.07 1.193082821 -0.07789886117 0.69 0 0 0.1072693011 0.9942300021
cyl 0.03 0.07 0.8905254259 -0.0985527127 0.69 0 0 0.1072693011 0.9942300021
cyl 0.03 0.07 1.114275288 0.2830652519 0.94 0 0 0.1072693011 0.9942300021
cyl 0.03 0.07 0.7601635679 0.4985469631 0.94 0 0 0.1072693011 0.9942300021
cyl 0.03 0.07 1.200587247 -0.112271574 1.19 0 0 0.1072693011 0.9942300021
cyl 0.03 0.07 0.9277276837 -0.2689511438 1.19 0 0 0.1072693011 0.9942300021
cyl 0.03 0.07 1.067547316 0.4970945481 1.44 0 0 0.1072693011 0.9942300021
end
problem bookshelf_thin 9
start 1.57 -1.5707 0 -1.5707 -1.57 3.14
goal -1.497717271 -2.109117859 -0.9783708123 -0.04294680038 1.088442411 -0.007726208885
box 0.02 0.02 0.82 -1.074746416 0.9741259201 0.82 0 0 0.9797858766 0.200049084
box 0.02 0.02 0.82 -1.46675695 0.05416519217 0.82 0 0 0.9797858766 0.200049084
box 0.02 0.02 0.82 -0.5227699789 0.7389195996 0.82 0 0 0.9797858766 0.200049084
box 0.02 0.02 0.82 -0.9147805132 -0.1810411284 0.82 0 0 0.9797858766 0.200049084
box 0.31 0.5 0.02 -0.9947634644 0.3965423959 0.35 0 0 0.9797858766 0.200049084
box 0.31 0.5 0.02 -0.9947634644 0.3965423959 0.85 0 0 0.9797858766 0.200049084
box 0.31 0.5 0.02 -0.9947634644 0.3965423959 0.6 0 0 0.9797858766 0.200049084
box 0.31 0.5 0.02 -0.9947634644 0.3965423959 1.1 0 0 0.9797858766 0.200049084
box 0.31 0.5 0.02 -0.9947634644 0.3965423959 1.35 0 0 0.9797858766 0.200049084
box 0.31 0.5 0.02 -0.9947634644 0.3965423959 1.6 0 0 0.9797858766 0.200049084
box 0.31 0.02 0.7 -0.9947634644 0.3965423959 0.9 0 0 0.9797858766 0.200049084
cyl 0.03 0.07 -1.188520933 0.1969322972 0.44 0 0 0.9797858766 0.200049084
cyl 0.03 0.07 -0.8714400522 0.1757643903 1.44 0 0 0.9797858766 0.200049084
cyl 0.03 0.07 -0.8596916612 0.2033352269 0.44 0 0 0.9797858766 0.200049084
cyl 0.03 0.07 -0.9921569209 0.657754554 0.69 0 0 0.9797858766 0.200049084
cyl 0.03 0.07 -0.6955028892 0.5886494187 0.69 0 0 0.9797858766 0.200049084
cyl 0.03 0.07 -1.153498992 0.2791209301 0.94 0 0 0.9797858766 0.200049084
cyl 0.03 0.07 -0.84159843 0.245795979 0.94 0 0 0.9797858766 0.200049084
cyl 0.03 0.07 -1.020671044 0.5908383076 1.19 0 0 0.9797858766 0.200049084
cyl 0.03 0.07 -0.7385685381 0.4875840078 1.19 0 0 0.9797858766 0.200049084
cyl 0.03 0.07 -1.147599284 0.292966221 1.44 0 0 0.9797858766 0.200049084
end
problem bookshelf_thin 12
start 1.57 -1.5707 0 -1.5707 -1.57 3.14
goal -1.129188536 -0.4026549683 1.42012135 -1.00839734 0.8217958795 3.126739961
box 0.02 0.02 0.82 1.008121397 0.9908506263 0.82 0 0 0.5637898764 0.8259182619
box 0.02 0.02 0.82 0.07683268787 1.355132577 0.82 0 0 0.5637898764 0.8259182619
box 0.02 0.02 0.82 0.789552227 0.4320774006 0.82 0 0 0.5637898764 0.8259182619
box 0.02 0.02 0.82 -0.1417364825 0.7963593512 0.82 0 0 0.5637898764 0.8259182619
box 0.31 0.5 0.02 0.4331924574 0.8936049888 0.35 0 0 0.5637898764 0.8259182619
box 0.31 0.5 0.02 0.4331924574 0.8936049888 0.85 0 0 0.5637898764 0.8259182619
box 0.31 0.5 0.02 0.4331924574 0.8936049888 0.6 0 0 0.5637898764 0.8259182619
box 0.31 0.5 0.02 0.4331924574 0.8936049888 1.1 0 0 0.5637898764 0.8259182619
box 0.31 0.5 0.02 0.4331924574 0.8936049888 1.35 0 0 0.5637898764 0.8259182619
box 0.31 0.5 0.02 0.4331924574 0.8936049888 1.6 0 0 0.5637898764 0.8259182619
box 0.31 0.02 0.7 0.4331924574 0.8936049888 0.9 0 0 0.5637898764 0.8259182619
cyl 0.03 0.07 0.3180277667 1.04603078 0.44 0 0 0.5637898764 0.8259182619
cyl 0.03 0.07 0.2540467336 0.7489232753 1.44 0 0 0.5637898764 0.8259182619
cyl 0.03 0.07 0.1754505605 0.7796668749 0.44 0 0 0.5637898764 0.8259182619
cyl 0.03 0.07 0.7894718025 0.8616212071 0.69 0 0 0.5637898764 0.8259182619
cyl 0.03 0.07 0.600781858 0.6132947144 0.69 0 0 0.5637898764 0.8259182619
cyl 0.03 0.07 0.2804288348 1.06073794 0.94 0 0 0.5637898764 0.8259182619
cyl 0.03 0.07 0.004223887367 0.8466437274 0.94 0 0 0.5637898764 0.8259182619
cyl 0.03 0.07 0.8723517406 0.8292019742 1.19 0 0 0.5637898764 0.8259182619
cyl 0.03 0.07 0.7528021718 0.553830602 1.19 0 0 0.5637898764 0.8259182619
cyl 0.03 0.07 0.07832839438 1.139791344 1.44 0 0 0.5637898764 0.8259182619
end
problem bookshelf_thin 13
start 1.57 -1.5707 0 -1.5707 -1.57 3.14
goal 0.9207515622 -0.1978387522 -0.6985644475 -2.254111356 -2.120016462 -0.004740467999
box 0.02 0.02 0.82 -0.04892013443 1.355872255 0.82 0 0 0.8232779623 0.5676384384
box 0.02 0.02 0.82 -0.9835685683 1.000299049 0.82 0 0 0.8232779623 0.5676384384
box 0.02 0.02 0.82 0.1644237894 0.7950831951 0.82 0 0 0.8232779623 0.5676384384
box 0.02 0.02 0.82 -0.7702246444 0.4395099887 0.82 0 0 0.8232779623 0.5676384384
box 0.31 0.5 0.02 -0.4095723894 0.897691122 0.35 0 0 0.8232779623 0.5676384384
box 0.31 0.5 0.02 -0.4095723894 0.897691122 0.85 0 0 0.8232779623 0.5676384384
box 0.31 0.5 0.02 -0.4095723894 0.897691122 0.6 0 0 0.8232779623 0.5676384384
box 0.31 0.5 0.02 -0.4095723894 0.897691122 1.1 0 0 0.8232779623 0.5676384384
box 0.31 0.5 0.02 -0.4095723894 0.897691122 1.35 0 0 0.8232779623 0.5676384384
box 0.31 0.5 0.02 -0.4095723894 0.897691122 1.6 0 0 0.8232779623 0.5676384384
box 0.31 0.02 0.7 -0.4095723894 0.897691122 0.9 0 0 0.8232779623 0.5676384384
cyl 0.03 0.07 -0.6797823922 0.9018858147 0.44 0 0 0.8232779623 0.5676384384
cyl 0.03 0.07 -0.6976819915 0.574099872 1.44 0 0 0.8232779623 0.5676384384
cyl 0.03 0.07 -0.5409040522 0.6337437259 0.44 0 0 0.8232779623 0.5676384384
cyl 0.03 0.07 -0.3215732381 1.038161202 0.69 0 0 0.8232779623 0.5676384384
cyl 0.03 0.07 0.01458031287 0.8450695567 0.69 0 0 0.8232779623 0.5676384384
cyl 0.03 0.07 -0.6087004895 0.9289278758 0.94 0 0 0.8232779623 0.5676384384
cyl 0.03 0.07 -0.627023486 0.6009808579 0.94 0 0 0.8232779623 0.5676384384
cyl 0.03 0.07 -0.08533205369 1.128035675 1.19 0 0 0.8232779623 0.5676384384
cyl 0.03 0.07 -0.05375609303 0.8190719793 1.19 0 0 0.8232779623 0.5676384384
cyl 0.03 0.07 -0.8563621373 0.834708656 1.44 0 0 0.8232779623 0.5676384384
end
problem bookshelf_thin 14
start 1.57 -1.5707 0 -1.5707 -1.57 3.14
goal 1.643219834 -0.08548270987 -1.06506931 -1.984028298 -1.721204898 0.007120484814
box 0.02 0.02 0.82 -1.299145878 0.5819261391 0.82 0 0 0.9990297507 0.04404040491
box 0.02 0.02 0.82 -1.387141227 -0.4141947464 0.82 0 0 0.9990297507 0.04404040491
box 0.02 0.02 0.82 -0.7014733464 0.5291289294 0.82 0 0 0.9990297507 0.04404040491
box 0.02 0.02 0.82 -0.7894686958 -0.4669919561 0.82 0 0 0.9990297507 0.04404040491
box 0.31 0.5 0.02 -1.044307287 0.05746709152 0.35 0 0 0.9990297507 0.04404040491
box 0.31 0.5 0.02 -1.044307287 0.05746709152 0.85 0 0 0.9990297507 0.04404040491
box 0.31 0.5 0.02 -1.044307287 0.05746709152 0.6 0 0 0.9990297507 0.04404040491
box 0.31 0.5 0.02 -1.044307287 0.05746709152 1.1 0 0 0.9990297507 0.04404040491
box 0.31 0.5 0.02 -1.044307287 0.05746709152 1.35 0 0 0.9990297507 0.04404040491
box 0.31 0.5 0.02 -1.044307287 0.05746709152 1.6 0 0 0.9990297507 0.04404040491
box 0.31 0.02 0.7 -1.044307287 0.05746709152 0.9 0 0 0.9990297507 0.04404040491
cyl 0.03 0.07 -1.17463601 -0.2814503973 0.44 0 0 0.9990297507 0.04404040491
cyl 0.03 0.07 -0.8594645929 -0.1229325795 1.44 0 0 0.9990297507 0.04404040491
cyl 0.03 0.07 -0.8695484124 -0.237082967 0.44 0 0 0.9990297507 0.04404040491
cyl 0.03 0.07 -1.12723895 0.2550916039 0.69 0 0 0.9990297507 0.04404040491
cyl 0.03 0.07 -0.8298204026 0.2126442117 0.69 0 0 0.9990297507 0.04404040491
cyl 0.03 0.07 -1.153840996 -0.04604764133 0.94 0 0 0.9990297507 0.04404040491
cyl 0.03 0.07 -0.8548890626 -0.07113687319 0.94 0 0 0.9990297507 0.04404040491
cyl 0.03 0.07 -1.13279433 0.1922038537 1.19 0 0 0.9990297507 0.04404040491
cyl 0.03 0.07 -0.8272436359 0.2418136076 1.19 0 0 0.9990297507 0.04404040491
cyl 0.03 0.07 -1.18207518 -0.3656629543 1.44 0 0 0.9990297507 0.04404040491
end
problem bookshelf_thin 16
start 1.57 -1.5707 0 -1.5707 -1.57 3.14
goal -0.5238865116 -0.3736497988 1.328979235 -0.9639349585 0.7066269944 3.141025878
box 0.02 0.02 0.82 0.1122636052 1.38584137 0.82 0 0 0.8141044489 0.5807184743
box 0.02 0.02 0.82 -0.8332673817 1.060309262 0.82 0 0 0.8141044489 0.5807184743
box 0.02 0.02 0.82 0.3075828696 0.8185227775 0.82 0 0 0.8141044489 0.5807184743
box 0.02 0.02 0.82 -0.6379481173 0.4929906701 0.82 0 0 0.8141044489 0.5807184743
box 0.31 0.5 0.02 -0.2628422561 0.9394160199 0.35 0 0 0.8141044489 0.5807184743
box 0.31 0.5 0.02 -0.2628422561 0.9394160199 0.85 0 0 0.8141044489 0.5807184743
box 0.31 0.5 0.02 -0.2628422561 0.9394160199 0.6 0 0 0.8141044489 0.5807184743
box 0.31 0.5 0.02 -0.2628422561 0.9394160199 1.1 0 0 0.8141044489 0.5807184743
box 0.31 0.5 0.02 -0.2628422561 0.9394160199 1.35 0 0 0.8141044489 0.5807184743
box 0.31 0.5 0.02 -0.2628422561 0.9394160199 1.6 0 0 0.8141044489 0.5807184743
box 0.31 0.02 0.7 -0.2628422561 0.9394160199 0.9 0 0 0.8141044489 0.5807184743
cyl 0.03 0.07 -0.4644789403 0.97575622 0.44 0 0 0.8141044489 0.5807184743
cyl 0.03 0.07 -0.3634813852 0.6932461206 1.44 0 0 0.8141044489 0.5807184743
cyl 0.03 0.07 -0.6210245793 0.6045778698 0.44 0 0 0.8141044489 0.5807184743
cyl 0.03 0.07 0.06728390774 1.158834176 0.69 0 0 0.8141044489 0.5807184743
cyl 0.03 0.07 0.129123304 0.8628425112 0.69 0 0 0.8141044489 0.5807184743
cyl 0.03 0.07 -0.5028606592 0.962541971 0.94 0 0 0.8141044489 0.5807184743
cyl 0.03 0.07 -0.3188604457 0.7086084394 0.94 0 0 0.8141044489 0.5807184743
cyl 0.03 0.07 0.1253826539 1.178836701 1.19 0 0 0.8141044489 0.5807184743
cyl 0.03 0.07 0.2017706629 0.8878539049 1.19 0 0 0.8141044489 0.5807184743
cyl 0.03 0.07 -0.3873825951 1.002299333 1.44 0 0 0.8141044489 0.5807184743
end
problem bookshelf_thin 17
start 1.57 -1.5707 0 -1.5707 -1.57 3.14
goal 0.7834145962 -1.231056718 1.41154106 -0.1769231801 1.313049138 3.134156599
box 0.02 0.02 0.82 -0.9391438048 1.010770798 0.82 0 0 0.9660064908 0.2585178133
box 0.02 0.02 0.82 -1.438603576 0.1444337176 0.82 0 0 0.9660064908 0.2585178133
box 0.02 0.02 0.82 -0.4193415566 0.7110949352 0.82 0 0 0.9660064908 0.2585178133
box 0.02 0.02 0.82 -0.9188013279 -0.1552421452 0.82 0 0 0.9660064908 0.2585178133
box 0.31 0.5 0.02 -0.9289725663 0.4277643264 0.35 0 0 0.9660064908 0.2585178133
box 0.31 0.5 0.02 -0.9289725663 0.4277643264 0.85 0 0 0.9660064908 0.2585178133
box 0.31 0.5 0.02 -0.9289725663 0.4277643264 0.6 0 0 0.9660064908 0.2585178133
box 0.31 0.5 0.02 -0.9289725663 0.4277643264 1.1 0 0 0.9660064908 0.2585178133
box 0.31 0.5 0.02 -0.9289725663 0.4277643264 1.35 0 0 0.9660064908 0.2585178133
box 0.31 0.5 0.02 -0.9289725663 0.4277643264 1.6 0 0 0.9660064908 0.2585178133
box 0.31 0.02 0.7 -0.9289725663 0.4277643264 0.9 0 0 0.9660064908 0.2585178133
cyl 0.03 0.07 -1.197566636 0.1620912733 0.44 0 0 0.9660064908 0.2585178133
cyl 0.03 0.07 -0.904068248 0.07052941818 1.44 0 0 0.9660064908 0.2585178133
cyl 0.03 0.07 -0.9564737887 -0.02037052154 0.44 0 0 0.9660064908 0.2585178133
cyl 0.03 0.07 -0.8900292876 0.6955296482 0.69 0 0 0.9660064908 0.2585178133
cyl 0.03 0.07 -0.6301139743 0.5457163286 0.69 0 0 0.9660064908 0.2585178133
cyl 0.03 0.07 -1.20895303 0.1423410239 0.94 0 0 0.9660064908 0.2585178133
cyl 0.03 0.07 -0.9016262602 0.07476516394 0.94 0 0 0.9660064908 0.2585178133
cyl 0.03 0.07 -0.9887444881 0.5243033684 1.19 0 0 0.9660064908 0.2585178133
cyl 0.03 0.07 -0.6900160332 0.4418133163 1.19 0 0 0.9660064908 0.2585178133
cyl 0.03 0.07 -1.202330926 0.1538273825 1.44 0 0 0.9660064908 0.2585178133
end
problem bookshelf_thin 18
start 1.57 -1.5707 0 -1.5707 -1.57 3.14
goal -0.1550681197 -1.103388599 1.978731469 -0.8721908321 1.679647468 -3.135441219
box 0.02 0.02 0.82 0.7855158301 1.047393435 0.82 0 0 0.6103053288 0.792166274
box 0.02 0.02 0.82 -0.1814107664 1.302448246 0.82 0 0 0.6103053288 0.792166274
box 0.02 0.02 0.82 0.6324829433 0.4672374769 0.82 0 0 0.6103053288 0.792166274
box 0.02 0.02 0.82 -0.3344436533 0.7222922883 0.82 0 0 0.6103053288 0.792166274
box 0.31 0.5 0.02 0.2255360884 0.8848428616 0.35 0 0 0.6103053288 0.792166274
box 0.31 0.5 0.02 0.2255360884 0.8848428616 0.85 0 0 0.6103053288 0.792166274
box 0.31 0.5 0.02 0.2255360884 0.8848428616 0.6 0 0 0.6103053288 0.792166274
box 0.31 0.5 0.02 0.2255360884 0.8848428616 1.1 0 0 0.6103053288 0.792166274
box 0.31 0.5 0.02 0.2255360884 0.8848428616 1.35 0 0 0.6103053288 0.792166274
box 0.31 0.5 0.02 0.2255360884 0.8848428616 1.6 0 0 0.6103053288 0.792166274
box 0.31 0.02 0.7 0.2255360884 0.8848428616 0.9 0 0 0.6103053288 0.792166274
cyl 0.03 0.07 -0.05533684061 1.062351674 0.44 0 0 0.6103053288 0.792166274
cyl 0.03 0.07 0.0264146769 0.7305259502 1.44 0 0 0.6103053288 0.792166274
cyl 0.03 0.07 -0.1565358192 0.7787844265 0.44 0 0 0.6103053288 0.792166274
cyl 0.03 0.07 0.534519918 0.9067599209 0.69 0 0 0.6103053288 0.792166274
cyl 0.03 0.07 0.6087886096 0.5769080084 0.69 0 0 0.6103053288 0.792166274
cyl 0.03 0.07 -0.08740735642 1.070811199 0.94 0 0 0.6103053288 0.792166274
cyl 0.03 0.07 0.0348820777 0.7282924287 0.94 0 0 0.6103053288 0.792166274
cyl 0.03 0.07 0.302286581 0.9680181697 1.19 0 0 0.6103053288 0.792166274
cyl 0.03 0.07 0.567342546 0.5878406045 1.19 0 0 0.6103053288 0.792166274
cyl 0.03 0.07 -0.1283876842 1.081620944 1.44 0 0 0.6103053288 0.792166274
end
problem bookshelf_thin 19
start 1.57 -1.5707 0 -1.5707 -1.57 3.14
goal -2.13559017 -1.098267724 1.216690621 -0.1128995184 0.7592124394 3.134270773
box 0.02 0.02 0.82 1.3563183 -0.2347183533 0.82 0 0 0.1212572282 0.9926211184
box 0.02 0.02 0.82 1.115593329 0.7358750159 0.82 0 0 0.1212572282 0.9926211184
box 0.02 0.02 0.82 0.7739622784 -0.3791533359 0.82 0 0 0.1212572282 0.9926211184
box 0.02 0.02 0.82 0.5332373075 0.5914400333 0.82 0 0 0.1212572282 0.9926211184
box 0.31 0.5 0.02 0.9447778037 0.17836084 0.35 0 0 0.1212572282 0.9926211184
box 0.31 0.5 0.02 0.9447778037 0.17836084 0.85 0 0 0.1212572282 0.9926211184
box 0.31 0.5 0.02 0.9447778037 0.17836084 0.6 0 0 0.1212572282 0.9926211184
box 0.31 0.5 0.02 0.9447778037 0.17836084 1.1 0 0 0.1212572282 0.9926211184
box 0.31 0.5 0.02 0.9447778037 0.17836084 1.35 0 0 0.1212572282 0.9926211184
box 0.31 0.5 0.02 0.9447778037 0.17836084 1.6 0 0 0.1212572282 0.9926211184
box 0.31 0.02 0.7 0.9447778037 0.17836084 0.9 0 0 0.1212572282 0.9926211184
cyl 0.03 0.07 1.017067785 0.3023023775 0.44 0 0 0.1212572282 0.9926211184
cyl 0.03 0.07 0.7222230602 0.2448689313 1.44 0 0 0.1212572282 0.9926211184
cyl 0.03 0.07 0.6892202372 0.3779349819 0.44 0 0 0.1212572282 0.9926211184
cyl 0.03 0.07 1.077877382 0.05712053857 0.69 0 0 0.1212572282 0.9926211184
cyl 0.03 0.07 0.8222302245 -0.1583559195 0.69 0 0 0.1212572282 0.9926211184
cyl 0.03 0.07 0.9790451299 0.4556081908 0.94 0 0 0.1212572282 0.9926211184
cyl 0.03 0.07 0.6518385219 0.5286565494 0.94 0 0 0.1212572282 0.9926211184
cyl 0.03 0.07 1.125575493 -0.1351963192 1.19 0 0 0.1212572282 0.9926211184
cyl 0.03 0.07 0.8205963262 -0.1517681078 1.19 0 0 0.1212572282 0.9926211184
cyl 0.03 0.07 1.017718399 0.2996791296 1.44 0 0 0.1212572282 0.9926211184
end
problem bookshelf_thin 20
start 1.57 -1.5707 0 -1.5707 -1.57 3.14
goal 3.104271347 -2.09766973 -1.133542121 -3.058034169 -1.922267645 3.134245111
box 0.02 0.02 0.82 0.008622667681 1.386398674 0.82 0 0 0.8071609977 0.5903313678
box 0.02 0.02 0.82 -0.9443622439 1.083380921 0.82 0 0 0.8071609977 0.5903313678
box 0.02 0.02 0.82 0.1904333191 0.8146077269 0.82 0 0 0.8071609977 0.5903313678
box 0.02 0.02 0.82 -0.7625515925 0.5115899745 0.82 0 0 0.8071609977 0.5903313678
box 0.31 0.5 0.02 -0.3769644624 0.9489943242 0.35 0 0 0.8071609977 0.5903313678
box 0.31 0.5 0.02 -0.3769644624 0.9489943242 0.85 0 0 0.8071609977 0.5903313678
box 0.31 0.5 0.02 -0.3769644624 0.9489943242 0.6 0 0 0.8071609977 0.5903313678
box 0.31 0.5 0.02 -0.3769644624 0.9489943242 1.1 0 0 0.8071609977 0.5903313678
box 0.31 0.5 0.02 -0.3769644624 0.9489943242 1.35 0 0 0.8071609977 0.5903313678
box 0.31 0.5 0.02 -0.3769644624 0.9489943242 1.6 0 0 0.8071609977 0.5903313678
box 0.31 0.02 0.7 -0.3769644624 0.9489943242 0.9 0 0 0.8071609977 0.5903313678
cyl 0.03 0.07 -0.8332414542 0.9088467541 0.44 0 0 0.8071609977 0.5903313678
cyl 0.03 0.07 -0.5170675804 0.6945792448 1.44 0 0 0.8071609977 0.5903313678
cyl 0.03 0.07 -0.4592994221 0.7129476127 0.44 0 0 0.8071609977 0.5903313678
cyl 0.03 0.07 -0.06789960715 1.152200204 0.69 0 0 0.8071609977 0.5903313678
cyl 0.03 0.07 -0.06584764661 0.838052293 0.69 0 0 0.8071609977 0.5903313678
cyl 0.03 0.07 -0.5177369164 1.009166785 0.94 0 0 0.8071609977 0.5903313678
cyl 0.03 0.07 -0.4845037799 0.7049334587 0.94 0 0 0.8071609977 0.5903313678
cyl 0.03 0.07 0.00197481683 1.174417965 1.19 0 0 0.8071609977 0.5903313678
cyl 0.03 0.07 0.04341681371 0.8727947855 1.19 0 0 0.8071609977 0.5903313678
cyl 0.03 0.07 -0.5955283329 0.9844316819 1.44 0 0 0.8071609977 0.5903313678
end
problem bookshelf_thin 21
start 1.57 -1.5707 0 -1.5707 -1.57 3.14
goal -0.4642136881 0.06493310336 1.363739741 -1.437642332 1.808597628 3.137593033
box 0.02 0.02 0.82 1.176601992 0.6064982507 0.82 0 0 0.4203761297 0.9073499378
box 0.02 0.02 0.82 0.4137454817 1.25306607 0.82 0 0 0.4203761297 0.9073499378
box 0.02 0.02 0.82 0.7886613003 0.1487843445 0.82 0 0 0.4203761297 0.9073499378
box 0.02 0.02 0.82 0.02580479014 0.7953521638 0.82 0 0 0.4203761297 0.9073499378
box 0.31 0.5 0.02 0.601203391 0.7009252072 0.35 0 0 0.4203761297 0.9073499378
box 0.31 0.5 0.02 0.601203391 0.7009252072 0.85 0 0 0.4203761297 0.9073499378
box 0.31 0.5 0.02 0.601203391 0.7009252072 0.6 0 0 0.4203761297 0.9073499378
box 0.31 0.5 0.02 0.601203391 0.7009252072 1.1 0 0 0.4203761297 0.9073499378
box 0.31 0.5 0.02 0.601203391 0.7009252072 1.35 0 0 0.4203761297 0.9073499378
box 0.31 0.5 0.02 0.601203391 0.7009252072 1.6 0 0 0.4203761297 0.9073499378
box 0.31 0.02 0.7 0.601203391 0.7009252072 0.9 0 0 0.4203761297 0.9073499378
cyl 0.03 0.07 0.3517301912 1.043455341 0.44 0 0 0.4203761297 0.9073499378
cyl 0.03 0.07 0.4317982609 0.5823339738 1.44 0 0 0.4203761297 0.9073499378
cyl 0.03 0.07 0.3038132248 0.6908091648 0.44 0 0 0.4203761297 0.9073499378
cyl 0.03 0.07 0.8472747144 0.6234508747 0.69 0 0 0.4203761297 0.9073499378
cyl 0.03 0.07 0.7218493689 0.3364978173 0.69 0 0 0.4203761297 0.9073499378
cyl 0.03 0.07 0.4295615565 0.9774884715 0.94 0 0 0.4203761297 0.9073499378
cyl 0.03 0.07 0.3309978296 0.6677685401 0.94 0 0 0.4203761297 0.9073499378
cyl 0.03 0.07 0.9120608059 0.5685406769 1.19 0 0 0.4203761297 0.9073499378
cyl 0.03 0.07 0.5311800102 0.4981018278 1.19 0 0 0.4203761297 0.9073499378
cyl 0.03 0.07 0.4481218046 0.9617575194 1.44 0 0 0.4203761297 0.9073499378
end
problem bookshelf_thin 22
start 1.57 -1.5707 0 -1.5707 -1.57 3.14
goal -2.299720487 -0.3938261672 1.406420924 -1.006786003 0.7702713217 3.136250261
box 0.02 0.02 0.82 1.316558474 -0.5080784774 0.82 0 0 0.03245682451 0.9994731385
box 0.02 0.02 0.82 1.251679026 0.4898146317 0.82 0 0 0.03245682451 0.9994731385
box 0.02 0.02 0.82 0.717822609 -0.5470061465 0.82 0 0 0.03245682451 0.9994731385
box 0.02 0.02 0.82 0.6529431604 0.4508869626 0.82 0 0 0.03245682451 0.9994731385
box 0.31 0.5 0.02 0.9847508174 -0.02859575739 0.35 0 0 0.03245682451 0.9994731385
box 0.31 0.5 0.02 0.9847508174 -0.02859575739 0.85 0 0 0.03245682451 0.9994731385
box 0.31 0.5 0.02 0.9847508174 -0.02859575739 0.6 0 0 0.03245682451 0.9994731385
box 0.31 0.5 0.02 0.9847508174 -0.02859575739 1.1 0 0 0.03245682451 0.9994731385
box 0.31 0.5 0.02 0.9847508174 -0.02859575739 1.35 0 0 0.03245682451 0.9994731385
box 0.31 0.5 0.02 0.9847508174 -0.02859575739 1.6 0 0 0.03245682451 0.9994731385
box 0.31 0.02 0.7 0.9847508174 -0.02859575739 0.9 0 0 0.03245682451 0.9994731385
cyl 0.03 0.07 1.061010211 0.339799437 0.44 0 0 0.03245682451 0.9994731385
cyl 0.03 0.07 0.7578027527 0.3793902917 1.44 0 0 0.03245682451 0.9994731385
cyl 0.03 0.07 0.7625828211 0.3058693641 0.44 0 0 0.03245682451 0.9994731385
cyl 0.03 0.07 1.091234358 -0.1250699375 0.69 0 0 0.03245682451 0.9994731385
cyl 0.03 0.07 0.8021843494 -0.3032309468 0.69 0 0 0.03245682451 0.9994731385
cyl 0.03 0.07 1.057079318 0.4002594271 0.94 0 0 0.03245682451 0.9994731385
cyl 0.03 0.07 0.7745740929 0.1214348816 0.94 0 0 0.03245682451 0.9994731385
cyl 0.03 0.07 1.092126332 -0.1387891476 1.19 0 0 0.03245682451 0.9994731385
cyl 0.03 0.07 0.7961202669 -0.209960947 1.19 0 0 0.03245682451 0.9994731385
cyl 0.03 0.07 1.064398411 0.287686446 1.44 0 0 0.03245682451 0.9994731385
end
problem bookshelf_thin 23
start 1.57 -1.5707 0 -1.5707 -1.57 3.14
goal -0.4474872647 -0.4314042001 1.498230605 -1.059205785 1.278283011 -3.136327548
box 0.02 0.02 0.82 0.611104104 1.289927538 0.82 0 0 0.651800968 0.7583900699
box 0.02 0.02 0.82 -0.3775346593 1.440238534 0.82 0 0 0.651800968 0.7583900699
box 0.02 0.02 0.82 0.5209175062 0.6967442799 0.82 0 0 0.651800968 0.7583900699
box 0.02 0.02 0.82 -0.4677212571 0.8470552762 0.82 0 0 0.651800968 0.7583900699
box 0.31 0.5 0.02 0.07169142344 1.068491407 0.35 0 0 0.651800968 0.7583900699
box 0.31 0.5 0.02 0.07169142344 1.068491407 0.85 0 0 0.651800968 0.7583900699
box 0.31 0.5 0.02 0.07169142344 1.068491407 0.6 0 0 0.651800968 0.7583900699
box 0.31 0.5 0.02 0.07169142344 1.068491407 1.1 0 0 0.651800968 0.7583900699
box 0.31 0.5 0.02 0.07169142344 1.068491407 1.35 0 0 0.651800968 0.7583900699
box 0.31 0.5 0.02 0.07169142344 1.068491407 1.6 0 0 0.651800968 0.7583900699
box 0.31 0.02 0.7 0.07169142344 1.068491407 0.9 0 0 0.651800968 0.7583900699
cyl 0.03 0.07 -0.1541922512 1.203983566 0.44 0 0 0.651800968 0.7583900699
cyl 0.03 0.07 -0.01798391617 0.8798271373 1.44 0 0 0.651800968 0.7583900699
cyl 0.03 0.07 -0.02514241501 0.8809155035 0.44 0 0 0.651800968 0.7583900699
cyl 0.03 0.07 0.3386657198 1.129050258 0.69 0 0 0.651800968 0.7583900699
cyl 0.03 0.07 0.1887834154 0.8483905754 0.69 0 0 0.651800968 0.7583900699
cyl 0.03 0.07 -0.1667377682 1.205890965 0.94 0 0 0.651800968 0.7583900699
cyl 0.03 0.07 -0.255975591 0.9160109964 0.94 0 0 0.651800968 0.7583900699
cyl 0.03 0.07 0.2809827601 1.137820279 1.19 0 0 0.651800968 0.7583900699
cyl 0.03 0.07 0.1323704636 0.856967507 1.19 0 0 0.651800968 0.7583900699
cyl 0.03 0.07 -0.3257813537 1.230071688 1.44 0 0 0.651800968 0.7583900699
end
problem bookshelf_thin 25
start 1.57 -1.5707 0 -1.5707 -1.57 3.14
goal -1.095415898 -1.095679007 1.951026562 -0.8574017005 1.71868746 -3.133586741
box 0.02 0.02 0.82 1.313267281 -0.1119378857 0.82 0 0 0.1614220898 0.9868854589
box 0.02 0.02 0.82 0.9946570544 0.8359479321 0.82 0 0 0.1614220898 0.9868854589
box 0.02 0.02 0.82 0.7445357901 -0.3031040215 0.82 0 0 0.1614220898 0.9868854589
box 0.02 0.02 0.82 0.4259255637 0.6447817963 0.82 0 0 0.1614220898 0.9868854589
box 0.31 0.5 0.02 0.8695964222 0.2664219553 0.35 0 0 0.1614220898 0.9868854589
box 0.31 0.5 0.02 0.8695964222 0.2664219553 0.85 0 0 0.1614220898 0.9868854589
box 0.31 0.5 0.02 0.8695964222 0.2664219553 0.6 0 0 0.1614220898 0.9868854589
box 0.31 0.5 0.02 0.8695964222 0.2664219553 1.1 0 0 0.1614220898 0.9868854589
box 0.31 0.5 0.02 0.8695964222 0.2664219553 1.35 0 0 0.1614220898 0.9868854589
box 0.31 0.5 0.02 0.8695964222 0.2664219553 1.6 0 0 0.1614220898 0.9868854589
box 0.31 0.02 0.7 0.8695964222 0.2664219553 0.9 0 0 0.1614220898 0.9868854589
cyl 0.03 0.07 0.9125541971 0.4524829461 0.44 0 0 0.1614220898 0.9868854589
cyl 0.03 0.07 0.6103305284 0.4100283432 1.44 0 0 0.1614220898 0.9868854589
cyl 0.03 0.07 0.6138269947 0.3996261323 0.44 0 0 0.1614220898 0.9868854589
cyl 0.03 0.07 1.014635682 0.1487839945 0.69 0 0 0.1614220898 0.9868854589
cyl 0.03 0.07 0.7985370009 -0.1498979596 0.69 0 0 0.1614220898 0.9868854589
cyl 0.03 0.07 0.9165129508 0.4407054004 0.94 0 0 0.1614220898 0.9868854589
cyl 0.03 0.07 0.616476656 0.3917432202 0.94 0 0 0.1614220898 0.9868854589
cyl 0.03 0.07 1.026438867 0.1136687622 1.19 0 0 0.1614220898 0.9868854589
cyl 0.03 0.07 0.7026250395 0.135446265 1.19 0 0 0.1614220898 0.9868854589
cyl 0.03 0.07 0.9020839959 0.4836324647 1.44 0 0 0.1614220898 0.9868854589
end
problem bookshelf_thin 27
start 1.57 -1.5707 0 -1.5707 -1.57 3.14
goal -0.2899804373 -1.219233194 1.395937814 -0.1804487426 0.735961047 3.138828222
box 0.02 0.02 0.82 -0.1770453192 1.319497286 0.82 0 0 0.870858898 0.4915330912
box 0.02 0.02 0.82 -1.033157251 0.8027068454 0.82 0 0 0.870858898 0.4915330912
box 0.02 0.02 0.82 0.1330289451 0.8058301265 0.82 0 0 0.870858898 0.4915330912
box 0.02 0.02 0.82 -0.7230829872 0.289039686 0.82 0 0 0.870858898 0.4915330912
box 0.31 0.5 0.02 -0.4500641532 0.8042684859 0.35 0 0 0.870858898 0.4915330912
box 0.31 0.5 0.02 -0.4500641532 0.8042684859 0.85 0 0 0.870858898 0.4915330912
box 0.31 0.5 0.02 -0.4500641532 0.8042684859 0.6 0 0 0.870858898 0.4915330912
box 0.31 0.5 0.02 -0.4500641532 0.8042684859 1.1 0 0 0.870858898 0.4915330912
box 0.31 0.5 0.02 -0.4500641532 0.8042684859 1.35 0 0 0.870858898 0.4915330912
box 0.31 0.5 0.02 -0.4500641532 0.8042684859 1.6 0 0 0.870858898 0.4915330912
box 0.31 0.02 0.7 -0.4500641532 0.8042684859 0.9 0 0 0.870858898 0.4915330912
cyl 0.03 0.07 -0.6897887094 0.7763663412 0.44 0 0 0.870858898 0.4915330912
cyl 0.03 0.07 -0.6611048836 0.4432598136 1.44 0 0 0.870858898 0.4915330912
cyl 0.03 0.07 -0.4465736108 0.5727612337 0.44 0 0 0.870858898 0.4915330912
cyl 0.03 0.07 -0.3076586802 1.007038452 0.69 0 0 0.870858898 0.4915330912
cyl 0.03 0.07 -0.109985076 0.7759423022 0.69 0 0 0.870858898 0.4915330912
cyl 0.03 0.07 -0.6249898706 0.8154820447 0.94 0 0 0.870858898 0.4915330912
cyl 0.03 0.07 -0.461247001 0.5639036679 0.94 0 0 0.870858898 0.4915330912
cyl 0.03 0.07 -0.421294627 0.938442315 1.19 0 0 0.870858898 0.4915330912
cyl 0.03 0.07 -0.09343190545 0.7859345941 1.19 0 0 0.870858898 0.4915330912
cyl 0.03 0.07 -0.6349430757 0.8094738102 1.44 0 0 0.870858898 0.4915330912
end
problem bookshelf_thin 28
start 1.57 -1.5707 0 -1.5707 -1.57 3.14
goal -0.1208837621 -0.8592882293 1.531655071 -0.6668660258 1.588893523 3.135973736
box 0.02 0.02 0.82 0.7090251188 1.284441698 0.82 0 0 0.6576613278 0.7533137314
box 0.02 0.02 0.82 -0.2818254989 1.419404854 0.82 0 0 0.6576613278 0.7533137314
box 0.02 0.02 0.82 0.6280472252 0.6899313273 0.82 0 0 0.6576613278 0.7533137314
box 0.02 0.02 0.82 -0.3628033925 0.8248944832 0.82 0 0 0.6576613278 0.7533137314
box 0.31 0.5 0.02 0.1731108631 1.054668091 0.35 0 0 0.6576613278 0.7533137314
box 0.31 0.5 0.02 0.1731108631 1.054668091 0.85 0 0 0.6576613278 0.7533137314
box 0.31 0.5 0.02 0.1731108631 1.054668091 0.6 0 0 0.6576613278 0.7533137314
box 0.31 0.5 0.02 0.1731108631 1.054668091 1.1 0 0 0.6576613278 0.7533137314
box 0.31 0.5 0.02 0.1731108631 1.054668091 1.35 0 0 0.6576613278 0.7533137314
box 0.31 0.5 0.02 0.1731108631 1.054668091 1.6 0 0 0.6576613278 0.7533137314
box 0.31 0.02 0.7 0.1731108631 1.054668091 0.9 0 0 0.6576613278 0.7533137314
cyl 0.03 0.07 0.06328674126 1.170550554 0.44 0 0 0.6576613278 0.7533137314
cyl 0.03 0.07 -0.01383589814 0.8782852211 1.44 0 0 0.6576613278 0.7533137314
cyl 0.03 0.07 -0.2288620766 0.9075738052 0.44 0 0 0.6576613278 0.7533137314
cyl 0.03 0.07 0.3434549723 1.13238901 0.69 0 0 0.6576613278 0.7533137314
cyl 0.03 0.07 0.5298036194 0.8042364153 0.69 0 0 0.6576613278 0.7533137314
cyl 0.03 0.07 -0.1179213364 1.195232795 0.94 0 0 0.6576613278 0.7533137314
cyl 0.03 0.07 0.0008912113777 0.8762792505 0.94 0 0 0.6576613278 0.7533137314
cyl 0.03 0.07 0.5730141085 1.101120901 1.19 0 0 0.6576613278 0.7533137314
cyl 0.03 0.07 0.5420502947 0.8025683032 1.19 0 0 0.6576613278 0.7533137314
cyl 0.03 0.07 0.08417400093 1.167705513 1.44 0 0 0.6576613278 0.7533137314
end
problem bookshelf_thin 29
start 1.57 -1.5707 0 -1.5707 -1.57 3.14
goal -1.926938584 -2.068838344 -1.016499216 -0.04850151884 0.8714998234 -0.01295871553
box 0.02 0.02 0.82 -0.2985922378 1.337124438 0.82 0 0 0.866156764 0.4997724084
box 0.02 0.02 0.82 -1.164354742 0.8366693579 0.82 0 0 0.866156764 0.4997724084
box 0.02 0.02 0.82 0.00168081002 0.8176669352 0.82 0 0 0.866156764 0.4997724084
box 0.02 0.02 0.82 -0.8640816939 0.3172118555 0.82 0 0 0.866156764 0.4997724084
box 0.31 0.5 0.02 -0.5813369659 0.8271681465 0.35 0 0 0.866156764 0.4997724084
box 0.31 0.5 0.02 -0.5813369659 0.8271681465 0.85 0 0 0.866156764 0.4997724084
box 0.31 0.5 0.02 -0.5813369659 0.8271681465 0.6 0 0 0.866156764 0.4997724084
box 0.31 0.5 0.02 -0.5813369659 0.8271681465 1.1 0 0 0.866156764 0.4997724084
box 0.31 0.5 0.02 -0.5813369659 0.8271681465 1.35 0 0 0.866156764 0.4997724084
box 0.31 0.5 0.02 -0.5813369659 0.8271681465 1.6 0 0 0.866156764 0.4997724084
box 0.31 0.02 0.7 -0.5813369659 0.8271681465 0.9 0 0 0.866156764 0.4997724084
cyl 0.03 0.07 -0.7673488308 0.8351488771 0.44 0 0 0.866156764 0.4997724084
cyl 0.03 0.07 -0.6545066422 0.5538620896 1.44 0 0 0.866156764 0.4997724084
cyl 0.03 0.07 -0.7528954199 0.4969883357 0.44 0 0 0.866156764 0.4997724084
cyl 0.03 0.07 -0.3027739213 1.103696975 0.69 0 0 0.866156764 0.4997724084
cyl 0.03 0.07 -0.2460457826 0.7899733916 0.69 0 0 0.866156764 0.4997724084
cyl 0.03 0.07 -0.8882548371 0.7652590116 0.94 0 0 0.866156764 0.4997724084
cyl 0.03 0.07 -0.7721372821 0.4858655536 0.94 0 0 0.866156764 0.4997724084
cyl 0.03 0.07 -0.4470504225 1.020297766 1.19 0 0 0.866156764 0.4997724084
cyl 0.03 0.07 -0.2866688471 0.7664911792 1.19 0 0 0.866156764 0.4997724084
cyl 0.03 0.07 -1.018093143 0.6902058194 1.44 0 0 0.866156764 0.4997724084
end
problem bookshelf_thin 30
start 1.57 -1.5707 0 -1.5707 -1.57 3.14
goal 0.8958418502 -0.7642738755 1.327722703 -0.5655800545 2.033705021 3.140535969
box 0.02 0.02 0.82 -0.129831134 1.366766446 0.82 0 0 0.8398071829 0.5428847903
box 0.02 0.02 0.82 -1.041668227 0.9562142365 0.82 0 0 0.8398071829 0.5428847903
box 0.02 0.02 0.82 0.1165001914 0.8196641899 0.82 0 0 0.8398071829 0.5428847903
box 0.02 0.02 0.82 -0.7953369014 0.4091119809 0.82 0 0 0.8398071829 0.5428847903
box 0.31 0.5 0.02 -0.4625840177 0.8879392132 0.35 0 0 0.8398071829 0.5428847903
box 0.31 0.5 0.02 -0.4625840177 0.8879392132 0.85 0 0 0.8398071829 0.5428847903
box 0.31 0.5 0.02 -0.4625840177 0.8879392132 0.6 0 0 0.8398071829 0.5428847903
box 0.31 0.5 0.02 -0.4625840177 0.8879392132 1.1 0 0 0.8398071829 0.5428847903
box 0.31 0.5 0.02 -0.4625840177 0.8879392132 1.35 0 0 0.8398071829 0.5428847903
box 0.31 0.5 0.02 -0.4625840177 0.8879392132 1.6 0 0 0.8398071829 0.5428847903
box 0.31 0.02 0.7 -0.4625840177 0.8879392132 0.9 0 0 0.8398071829 0.5428847903
cyl 0.03 0.07 -0.6565476988 0.9102762978 0.44 0 0 0.8398071829 0.5428847903
cyl 0.03 0.07 -0.7667736833 0.5316412058 1.44 0 0 0.8398071829 0.5428847903
cyl 0.03 0.07 -0.4280418209 0.6841543197 0.44 0 0 0.8398071829 0.5428847903
cyl 0.03 0.07 -0.2761263413 1.081559995 0.69 0 0 0.8398071829 0.5428847903
cyl 0.03 0.07 -0.1653816188 0.8024163723 0.69 0 0 0.8398071829 0.5428847903
cyl 0.03 0.07 -0.7967279705 0.8471605058 0.94 0 0 0.8398071829 0.5428847903
cyl 0.03 0.07 -0.6845104313 0.5686800147 0.94 0 0 0.8398071829 0.5428847903
cyl 0.03 0.07 -0.3904256944 1.030097018 1.19 0 0 0.8398071829 0.5428847903
cyl 0.03 0.07 -0.2937485104 0.7446195231 1.19 0 0 0.8398071829 0.5428847903
cyl 0.03 0.07 -0.6366602457 0.9192305702 1.44 0 0 0.8398071829 0.5428847903
end
problem table_under_pick 2
start -2.88444256 -2.287401847 -2.126219641 -1.869419895 -1.129968027 3.140384087
goal -3.046360059 -1.728921981 -1.538680627 -3.012604 -1.291659155 3.13963838
box 0.125 0.125 0.125 -0.3526363142 0.8063261317 1.304544308 0 0 0.569607197 0.8219170525
box 0.1 0.01 0.2 0.2185562654 0.9102307152 1.354544308 0 0 0.8341582024 0.5515252427
box 0.01 0.1 0.2 -0.137906781 0.6394791595 1.354544308 0 0 0.8795653719 0.475778054
box 0.1 0.025 0.175 0.2886481275 0.5919238461 1.354544308 0 0 0.5333631695 0.8458863573
box 0.1 0.025 0.175 -0.1936202161 0.9689759142 1.354544308 0 0 0.003406070162 0.9999941993
box 0.025 0.025 0.35 -0.6401857642 1.580383453 0.8045443079 0 0 0.638787932 0.7693828552
box 0.025 0.025 0.35 -0.8056957245 0.6957329837 0.8045443079 0 0 0.638787932 0.7693828552
box 0.025 0.025 0.35 1.030820678 1.267753528 0.8045443079 0 0 0.638787932 0.7693828552
box 0.025 0.025 0.35 0.8653107177 0.3831030587 0.8045443079 0 0 0.638787932 0.7693828552
box 0.6 1 0.02 0.1125624767 0.9817432559 1.154544308 0 0 0.638787932 0.7693828552
cyl 0.03 0.06 0.1175571935 0.7420532195 1.254544308 0 0 0.638787932 0.7693828552
cyl 0.05 0.175 0.2487589024 1.26414713 1.304544308 0 0 0.9479388924 0.3184522827
end
problem table_under_pick 3
start -0.1798108754 -0.7324156325 1.761213438 -1.027038524 1.203670239 3.141380488
goal -2.897805333 -2.011253523 -1.159601983 -3.111512902 -1.51534213 3.139576249
box 0.125 0.125 0.125 -0.3987562222 0.7542750468 1.306940193 0 0 0.9677898217 0.2517595302
box 0.1 0.01 0.2 0.03894576832 1.111741565 1.356940193 0 0 0.285265627 0.9584484973
box 0.01 0.1 0.2 -0.23261514 0.6581764566 1.356940193 0 0 0.9999353032 0.01137494312
box 0.1 0.025 0.175 0.1375447001 0.766136358 1.356940193 0 0 0.5259913301 0.8504899298
box 0.1 0.025 0.175 -0.3492261285 1.157979853 1.356940193 0 0 0.7562833993 0.6542441593
box 0.025 0.025 0.35 -1.041391796 1.385569085 0.8069401925 0 0 0.7700667296 0.6379633469
box 0.025 0.025 0.35 -0.8739868135 0.5012752579 0.8069401925 0 0 0.7700667296 0.6379633469
box 0.025 0.025 0.35 0.6289409877 1.701778496 0.8069401925 0 0 0.7700667296 0.6379633469
box 0.025 0.025 0.35 0.7963459702 0.8174846692 0.8069401925 0 0 0.7700667296 0.6379633469
box 0.6 1 0.02 -0.1225229129 1.101526877 1.156940193 0 0 0.7700667296 0.6379633469
cyl 0.03 0.06 -0.08456107982 0.8601138108 1.256940193 0 0 0.7700667296 0.6379633469
cyl 0.05 0.175 -0.1881248187 1.441656971 1.306940193 0 0 0.761081844 0.6486558616
end
problem table_under_pick 4
start 0.7249996789 -0.8964555954 2.007159671 -1.110110084 1.065419499 -3.14079972
goal 0.8320100817 -1.209165267 1.189326514 0.01728649163 1.176404866 -3.137983396
box 0.125 0.125 0.125 -0.800928125 -0.08858551331 1.339409161 0 0 0.7588905427 0.6512182001
box 0.1 0.01 0.2 -0.9179508706 0.7028020097 1.389409161 0 0 0.9967606003 -0.08042577764
box 0.01 0.1 0.2 -0.6181835325 0.1473083595 1.389409161 0 0 -0.8282031234 0.5604280386
box 0.1 0.025 0.175 -0.4062191189 0.5711853281 1.389409161 0 0 0.9710338521 -0.2389419553
box 0.1 0.025 0.175 -1.014232325 0.1760716201 1.389409161 0 0 0.9157570126 -0.4017326148
box 0.025 0.025 0.35 -1.631515044 -0.1951922244 0.8394091611 0 0 0.9852327188 0.1712205882
box 0.025 0.025 0.35 -0.7842847258 -0.4988380505 0.8394091611 0 0 0.9852327188 0.1712205882
box 0.025 0.025 0.35 -1.057961817 1.40513171 0.8394091611 0 0 0.9852327188 0.1712205882
box 0.025 0.025 0.35 -0.2107314988 1.101485884 0.8394091611 0 0 0.9852327188 0.1712205882
box 0.6 1 0.02 -0.9211232714 0.4531468299 1.189409161 0 0 0.9852327188 0.1712205882
cyl 0.03 0.06 -0.7402243835 0.3804628452 1.289409161 0 0 0.9852327188 0.1712205882
cyl 0.05 0.175 -1.193574378 0.5759582956 1.339409161 0 0 0.97426735 -0.2253954983
end
problem table_under_pick 7
start -2.46660372 -2.22188349 -2.187264228 -1.872422553 -1.195329207 3.140824363
goal -2.456831237 -1.714950593 -1.508470155 -3.056530891 -1.187625486 3.139236922
box 0.125 0.125 0.125 -0.7099783149 0.4954173626 1.322729108 0 0 0.5047453039 0.8632683118
box 0.1 0.01 0.2 -0.09033389763 0.9123010058 1.372729108 0 0 0.4825793629 0.875852247
box 0.01 0.1 0.2 -0.3301321558 0.5128852562 1.372729108 0 0 0.2704025149 0.9627473604
box 0.1 0.025 0.175 -0.01261676893 0.6500770487 1.372729108 0 0 0.9330806981 0.3596670833
box 0.1 0.025 0.175 -0.5920813175 0.8531420813 1.372729108 0 0 0.9923077305 -0.1237956703
box 0.025 0.025 0.35 -1.266324657 1.095040817 0.8227291082 0 0 0.8050937073 0.5931476397
box 0.025 0.025 0.35 -0.9996080776 0.2354698391 0.8227291082 0 0 0.8050937073 0.5931476397
box 0.025 0.025 0.35 0.3573094122 1.598838801 0.8227291082 0 0 0.8050937073 0.5931476397
box 0.025 0.025 0.35 0.6240259919 0.7392678229 0.8227291082 0 0 0.8050937073 0.5931476397
box 0.6 1 0.02 -0.3211493327 0.91715432 1.172729108 0 0 0.8050937073 0.5931476397
cyl 0.03 0.06 -0.2848973721 0.6891258436 1.272729108 0 0 0.8050937073 0.5931476397
cyl 0.05 0.175 -0.4511650301 1.222827753 1.322729108 0 0 0.9998538277 0.01709746301
end
problem table_under_pick 8
start -0.6787295412 -0.9940269434 2.07045406 -1.078544685 1.349863875 3.139159345
goal -0.6344220383 -1.306691476 1.240573159 0.06573202083 1.394699092 -3.138677343
box 0.125 0.125 0.125 -0.03888242197 0.7834390252 1.37007781 0 0 0.8999831611 0.4359246606
box 0.1 0.01 0.2 0.6793845759 0.9012449891 1.42007781 0 0 0.5693644655 0.8220852179
box 0.01 0.1 0.2 0.04781196947 0.5640430668 1.42007781 0 0 0.9693830689 0.2455533867
box 0.1 0.025 0.175 0.4042083619 0.5731551922 1.42007781 0 0 0.6143943616 0.7889990928
box 0.1 0.025 0.175 0.1843940999 0.9473682961 1.42007781 0 0 0.7330043538 0.6802239464
box 0.025 0.025 0.35 -0.1248828427 1.696363914 0.8700778098 0 0 0.5270255348 0.8498494488
box 0.025 0.025 0.35 -0.5249221969 0.890157666 0.8700778098 0 0 0.5270255348 0.8498494488
box 0.025 0.025 0.35 1.397951182 0.9407340232 0.8700778098 0 0 0.5270255348 0.8498494488
box 0.025 0.025 0.35 0.997911828 0.1345277747 0.8700778098 0 0 0.5270255348 0.8498494488
box 0.6 1 0.02 0.4365144926 0.9154458446 1.22007781 0 0 0.5270255348 0.8498494488
cyl 0.03 0.06 0.3355569625 0.7220403848 1.32007781 0 0 0.5270255348 0.8498494488
cyl 0.05 0.175 0.6618666928 1.210814151 1.37007781 0 0 0.6973537746 0.7167270841
end
problem table_under_pick 10
start 0.1416043099 -0.7592024627 1.973268438 -1.215866824 1.445630194 3.139592195
goal 0.06905666722 -1.311860015 1.467252329 -0.156072938 1.371856918 3.140597795
box 0.125 0.125 0.125 -0.6316670762 0.6357735837 1.284052021 0 0 0.6826016809 0.7307906303
box 0.1 0.01 0.2 -0.1514221347 0.9736596176 1.334052021 0 0 0.5665640755 0.8240176869
box 0.01 0.1 0.2 -0.3721159851 0.5965533073 1.334052021 0 0 0.2961814621 0.955131688
box 0.1 0.025 0.175 0.04106248144 0.6583147154 1.334052021 0 0 0.731376888 0.6819734949
box 0.1 0.025 0.175 -0.5433728331 0.8802762308 1.334052021 0 0 0.8907514413 0.4544907809
box 0.025 0.025 0.35 -1.262021815 1.198313207 0.7840520209 0 0 0.794614402 0.6071144474
box 0.025 0.025 0.35 -1.025480129 0.3299538163 0.7840520209 0 0 0.794614402 0.6071144474
box 0.025 0.025 0.35 0.3782125892 1.645114169 0.7840520209 0 0 0.794614402 0.6071144474
box 0.025 0.025 0.35 0.6147542753 0.7767547788 0.7840520209 0 0 0.794614402 0.6071144474
box 0.6 1 0.02 -0.3236337697 0.9875339927 1.134052021 0 0 0.794614402 0.6071144474
cyl 0.03 0.06 -0.2170095064 0.7601630679 1.234052021 0 0 0.794614402 0.6071144474
cyl 0.05 0.175 -0.4111371149 1.248593881 1.284052021 0 0 0.9965625756 0.08284342437
end
problem table_under_pick 13
start -0.7821276346 -0.9465394389 2.143405198 -1.198099071 1.329265219 -3.138569944
goal -0.7882085508 -1.330530056 1.351318915 -0.02290102828 1.322913322 3.141029052
box 0.125 0.125 0.125 0.1027692771 0.7776532326 1.338696301 0 0 0.87603601 0.4822456938
box 0.1 0.01 0.2 0.7513036422 0.7720711407 1.388696301 0 0 0.7198533613 0.6941261688
box 0.01 0.1 0.2 0.09798913994 0.647567091 1.388696301 0 0 0.9554650512 0.2951042799
box 0.1 0.025 0.175 0.4700539291 0.3041536681 1.388696301 0 0 0.8115663908 0.5842602102
box 0.1 0.025 0.175 0.2866503228 0.8894115811 1.388696301 0 0 0.8839921762 0.4675016925
box 0.025 0.025 0.35 0.00401129342 1.677748467 0.8386963007 0 0 0.4917506643 0.8707360588
box 0.025 0.025 0.35 -0.460715018 0.9070154033 0.8386963007 0 0 0.4917506643 0.8707360588
box 0.025 0.025 0.35 1.459840414 0.799932101 0.8386963007 0 0 0.4917506643 0.8707360588
box 0.025 0.025 0.35 0.9951141023 0.02919903731 0.8386963007 0 0 0.4917506643 0.8707360588
box 0.6 1 0.02 0.4995626979 0.8534737522 1.188696301 0 0 0.4917506643 0.8707360588
cyl 0.03 0.06 0.4190174611 0.6669552684 1.288696301 0 0 0.4917506643 0.8707360588
cyl 0.05 0.175 0.5628577488 1.14870481 1.338696301 0 0 0.6764917859 0.7364501773
end
problem table_under_pick 14
start -1.80253746 -0.8722262018 1.931293111 -1.05586542 1.164882787 -3.140055388
goal -1.674014739 -1.12190153 1.057913718 0.06172373631 1.295355055 -3.141475612
box 0.125 0.125 0.125 0.5784065105 0.508988269 1.342112447 0 0 0.01259298223 0.9999207053
box 0.1 0.01 0.2 1.160567312 -0.08171499228 1.392112447 0 0 -0.2822215457 0.9593492582
box 0.01 0.1 0.2 0.5234776502 0.2282342331 1.392112447 0 0 0.5446479434 0.8386647827
box 0.1 0.025 0.175 0.7931774993 -0.1776561688 1.392112447 0 0 0.06787763728 0.9976936536
box 0.1 0.025 0.175 0.9535023821 0.3316620126 1.392112447 0 0 -0.6228811908 0.7823164463
box 0.025 0.025 0.35 1.348055975 1.014249763 0.8421124472 0 0 0.08652575271 0.9962496144
box 0.025 0.025 0.35 0.4615320455 0.8590875166 0.8421124472 0 0 0.08652575271 0.9962496144
box 0.025 0.025 0.35 1.641140217 -0.6602954374 0.8421124472 0 0 0.08652575271 0.9962496144
box 0.025 0.025 0.35 0.7546162879 -0.8154576834 0.8421124472 0 0 0.08652575271 0.9962496144
box 0.6 1 0.02 1.051336131 0.0993960396 1.192112447 0 0 0.08652575271 0.9962496144
cyl 0.03 0.06 0.8624416471 0.09727153827 1.292112447 0 0 0.08652575271 0.9962496144
cyl 0.05 0.175 1.425711261 0.2166347874 1.342112447 0 0 0.2694861736 0.9630042587
end
problem table_under_pick 15
start -1.509646625 -0.5707703959 1.753014371 -1.184464621 1.328637043 3.139723918
goal -1.478465311 -0.9456821625 1.080718551 -0.1348428628 1.363062443 3.141066913
box 0.125 0.125 0.125 0.6337980326 0.5586286092 1.225737604 0 0 0.3275561807 0.9448317038
box 0.1 0.01 0.2 1.016069446 0.1205311411 1.275737604 0 0 0.4710414296 0.882111088
box 0.01 0.1 0.2 0.6682261793 0.4136121601 1.275737604 0 0 0.7462555329 0.6656595824
box 0.1 0.025 0.175 0.7602945501 -0.0253353767 1.275737604 0 0 -0.4865927746 0.8736289096
box 0.1 0.025 0.175 0.8733256219 0.5661267235 1.275737604 0 0 0.282521246 0.9592610414
box 0.025 0.025 0.35 1.232281065 1.257770383 0.7257376039 0 0 0.1501639971 0.9886611017
box 0.025 0.025 0.35 0.3728696722 0.9905400383 0.7257376039 0 0 0.1501639971 0.9886611017
box 0.025 0.025 0.35 1.737049495 -0.3655622481 0.7257376039 0 0 0.1501639971 0.9886611017
box 0.025 0.025 0.35 0.8776381018 -0.6327925932 0.7257376039 0 0 0.1501639971 0.9886611017
box 0.6 1 0.02 1.054959584 0.3124888951 1.075737604 0 0 0.1501639971 0.9886611017
cyl 0.03 0.06 0.8943893206 0.2505664779 1.175737604 0 0 0.1501639971 0.9886611017
cyl 0.05 0.175 1.397268786 0.3956134332 1.225737604 0 0 0.1937946642 0.9810421133
end
problem table_under_pick 16
start -0.9937171614 -0.6897741373 1.727432184 -1.035546934 1.32909252 3.139434659
goal -0.981225505 -1.057890504 1.091153368 -0.03576289671 1.340156541 -3.141114685
box 0.125 0.125 0.125 0.2987271328 0.9096814498 1.291381663 0 0 0.8836848667 0.468082318
box 0.1 0.01 0.2 0.9779668653 0.7494317087 1.341381663 0 0 0.3406608735 0.9401862418
box 0.01 0.1 0.2 0.2871186086 0.6854544625 1.341381663 0 0 0.8317988841 0.5550771265
box 0.1 0.025 0.175 0.7200888855 0.4330116359 1.341381663 0 0 0.3635167577 0.9315876592
box 0.1 0.025 0.175 0.671375453 0.8477316444 1.341381663 0 0 0.6828789494 0.7305315465
box 0.025 0.025 0.35 0.4690145309 1.71313443 0.7913816633 0 0 0.3972847004 0.9176954107
box 0.025 0.025 0.35 -0.1468822293 1.056879006 0.7913816633 0 0 0.3972847004 0.9176954107
box 0.025 0.025 0.35 1.708608108 0.5497738825 0.7913816633 0 0 0.3972847004 0.9176954107
box 0.025 0.025 0.35 1.092711348 -0.1064815408 0.7913816633 0 0 0.3972847004 0.9176954107
box 0.6 1 0.02 0.7808629395 0.8033264444 1.141381663 0 0 0.3972847004 0.9176954107
cyl 0.03 0.06 0.6320554579 0.6304039045 1.241381663 0 0 0.3972847004 0.9176954107
cyl 0.05 0.175 0.9416786092 0.9456442855 1.291381663 0 0 0.4539074734 0.8910488234
end
problem table_under_pick 18
start -1.592630633 -2.254270022 -2.020688618 -2.005964509 -1.174255718 3.141047315
goal 1.124716226 -1.279631562 1.299003928 -0.01832236875 1.546192214 -3.139989084
box 0.125 0.125 0.125 -0.914818618 -0.02714860026 1.333295186 0 0 0.8881667228 -0.4595213515
box 0.1 0.01 0.2 -0.8145108275 0.5443822163 1.383295186 0 0 0.9097494154 -0.4151578028
box 0.01 0.1 0.2 -0.6909475101 -0.08796240114 1.383295186 0 0 0.9564237715 -0.2919821385
box 0.1 0.025 0.175 -0.5611147779 0.3194286892 1.383295186 0 0 0.998560228 -0.05364206443
box 0.1 0.025 0.175 -1.05111819 0.1556223239 1.383295186 0 0 0.6707506911 0.7416828907
box 0.025 0.025 0.35 -1.721706895 -0.2353973947 0.8332951859 0 0 0.9779509439 0.2088347464
box 0.025 0.025 0.35 -0.900208407 -0.603011642 0.8332951859 0 0 0.9779509439 0.2088347464
box 0.025 0.025 0.35 -1.027324428 1.316321971 0.8332951859 0 0 0.9779509439 0.2088347464
box 0.025 0.025 0.35 -0.2058259399 0.9487077235 0.8332951859 0 0 0.9779509439 0.2088347464
box 0.6 1 0.02 -0.9637664173 0.3566551644 1.183295186 0 0 0.9779509439 0.2088347464
cyl 0.03 0.06 -0.7683547569 0.2391704223 1.283295186 0 0 0.9779509439 0.2088347464
cyl 0.05 0.175 -1.220384827 0.4102972009 1.333295186 0 0 0.9998250859 -0.01870287884
end
problem table_under_pick 20
start 2.272040412 -2.514686392 -1.691656132 -2.076794957 -1.237217097 3.138749485
goal 2.157595378 -2.137156299 -1.07455566 -3.069696022 -1.348649455 3.140765381
box 0.125 0.125 0.125 0.5254537451 0.7646674503 1.265194255 0 0 0.311429911 0.9502691253
box 0.1 0.01 0.2 1.095646648 0.2031118495 1.315194255 0 0 0.4463191668 0.8948738466
box 0.01 0.1 0.2 0.6566737131 0.5048587839 1.315194255 0 0 0.5073049839 0.8617665886
box 0.1 0.025 0.175 0.6380460691 0.1892164841 1.315194255 0 0 0.1563430184 0.98770282
box 0.1 0.025 0.175 0.9441724242 0.7580009065 1.315194255 0 0 -0.5405342533 0.8413220079
box 0.025 0.025 0.35 1.139926238 1.4234306 0.7651942545 0 0 0.1813715548 0.9834146425
box 0.025 0.025 0.35 0.2991383915 1.102376403 0.7651942545 0 0 0.1813715548 0.9834146425
box 0.025 0.025 0.35 1.746361943 -0.1647242212 0.7651942545 0 0 0.1813715548 0.9834146425
box 0.025 0.025 0.35 0.9055740969 -0.4857784182 0.7651942545 0 0 0.1813715548 0.9834146425
box 0.6 1 0.02 1.022750167 0.4688260907 1.115194255 0 0 0.1813715548 0.9834146425
cyl 0.03 0.06 0.8402336319 0.3523285932 1.215194255 0 0 0.1813715548 0.9834146425
cyl 0.05 0.175 1.306147919 0.6083030292 1.265194255 0 0 0.5280749851 0.849197745
end
problem table_under_pick 22
start 0.6789445872 -0.9163868905 1.95015207 -1.033144388 1.334717995 -3.141276545
goal 0.7732840341 -1.056407066 0.9156405154 0.139982111 1.425852626 3.140477861
box 0.125 0.125 0.125 -0.7402558272 0.1883094337 1.359040508 0 0 0.9884849247 -0.1513193764
box 0.1 0.01 0.2 -0.7115251343 0.756206655 1.409040508 0 0 0.5550979307 0.8317850007
box 0.01 0.1 0.2 -0.5917806335 0.195407112 1.409040508 0 0 0.8263664517 0.5631327442
box 0.1 0.025 0.175 -0.3451488669 0.6334215046 1.409040508 0 0 0.9973652189 0.07254391797
box 0.1 0.025 0.175 -0.9711839831 0.6086670854 1.409040508 0 0 0.4526288934 0.8916989878
box 0.025 0.025 0.35 -1.709592802 0.245496391 0.8590405083 0 0 0.9466723834 0.3221977631
box 0.025 0.025 0.35 -0.9964533194 -0.3035319128 0.8590405083 0 0 0.9466723834 0.3221977631
box 0.025 0.025 0.35 -0.6725393391 1.592537636 0.8590405083 0 0 0.9466723834 0.3221977631
box 0.025 0.025 0.35 0.04060014344 1.043509332 0.8590405083 0 0 0.9466723834 0.3221977631
box 0.6 1 0.02 -0.8344963292 0.6445028615 1.209040508 0 0 0.9466723834 0.3221977631
cyl 0.03 0.06 -0.7190748466 0.5238359064 1.309040508 0 0 0.9466723834 0.3221977631
cyl 0.05 0.175 -1.128821753 0.7716501623 1.359040508 0 0 0.9953145727 -0.09668971699
end
problem table_under_pick 23
start -2.360459855 -2.542267283 -1.711016772 -2.03065545 -1.368675727 3.139588828
goal -2.315260771 -2.103093928 -1.173952751 -3.007773409 -1.323285666 3.140519808
box 0.125 0.125 0.125 -0.7915971218 0.5052852849 1.246998149 0 0 0.9875554954 0.1572709238
box 0.1 0.01 0.2 -0.4319108848 0.9773194605 1.296998149 0 0 0.9916415034 -0.1290237528
box 0.01 0.1 0.2 -0.6498029116 0.4544748835 1.296998149 0 0 0.9971048097 -0.07603945342
box 0.1 0.025 0.175 -0.2266669285 0.7935611341 1.296998149 0 0 0.9609951352 -0.2765652728
box 0.1 0.025 0.175 -0.7964242315 0.8360265237 1.296998149 0 0 0.520019295 0.8541545134
box 0.025 0.025 0.35 -1.566962896 0.8518318873 0.7469981488 0 0 0.8789212794 0.476966859
box 0.025 0.025 0.35 -1.076458189 0.09724250778 0.7469981488 0 0 0.8789212794 0.476966859
box 0.025 0.025 0.35 -0.1416274017 1.77834078 0.7469981488 0 0 0.8789212794 0.476966859
box 0.025 0.025 0.35 0.3488773061 1.0237514 0.7469981488 0 0 0.8789212794 0.476966859
box 0.6 1 0.02 -0.6090427951 0.9377916438 1.096998149 0 0 0.8789212794 0.476966859
cyl 0.03 0.06 -0.5239869332 0.7265551059 1.196998149 0 0 0.8789212794 0.476966859
cyl 0.05 0.175 -0.8534858376 1.156818332 1.246998149 0 0 0.9982854433 0.05853352598
end
problem table_under_pick 24
start -0.4144524586 -0.913792309 2.085413635 -1.173026619 1.503338484 3.139990363
goal -0.3963289374 -1.304402704 1.329967188 -0.02819217979 1.525899966 3.141265533
box 0.125 0.125 0.125 -0.3261956776 0.7703860786 1.334093076 0 0 0.1795650839 0.9837460956
box 0.1 0.01 0.2 0.4334787362 0.9163285326 1.384093076 0 0 0.6803902032 0.7328500334
box 0.01 0.1 0.2 -0.107626646 0.6987729956 1.384093076 0 0 -0.08596370771 0.9962982691
box 0.1 0.025 0.175 0.3679057459 0.5092616669 1.384093076 0 0 0.5105475208 0.8598495386
box 0.1 0.025 0.175 0.01489180325 0.9618197976 1.384093076 0 0 0.9805344436 0.1963471542
box 0.025 0.025 0.35 -0.3788683472 1.682140176 0.8340930757 0 0 0.5733943273 0.8192795282
box 0.025 0.025 0.35 -0.6870624489 0.8365537547 0.8340930757 0 0 0.5733943273 0.8192795282
box 0.025 0.025 0.35 1.218350448 1.099995762 0.8340930757 0 0 0.5733943273 0.8192795282
box 0.025 0.025 0.35 0.9101563467 0.2544093404 0.8340930757 0 0 0.5733943273 0.8192795282
box 0.6 1 0.02 0.2656439997 0.9682747581 1.184093076 0 0 0.5733943273 0.8192795282
cyl 0.03 0.06 0.1912201268 0.7723320221 1.284093076 0 0 0.5733943273 0.8192795282
cyl 0.05 0.175 0.459257207 1.292332794 1.334093076 0 0 0.4082621965 0.9128647101
end
problem table_under_pick 25
start 0.3648524731 -0.8270801323 1.963659964 -1.136930149 1.441794551 -3.141344951
goal 0.3138293825 -1.225664956 1.271989369 -0.04872142033 1.391513095 -3.13832734
box 0.125 0.125 0.125 -0.6836999236 0.5085016314 1.315841907 0 0 0.4352594279 0.9003050763
box 0.1 0.01 0.2 -0.2897622955 0.9404546741 1.365841907 0 0 0.9725993237 0.2324877534
box 0.01 0.1 0.2 -0.5252635975 0.510914952 1.365841907 0 0 0.9803494124 -0.197268927
box 0.1 0.025 0.175 -0.1426119388 0.6736246437 1.365841907 0 0 0.9999370301 0.01122211227
box 0.1 0.025 0.175 -0.7882445079 0.845231693 1.365841907 0 0 0.9664753886 0.2567592709
box 0.025 0.025 0.35 -1.501250708 0.8895288422 0.8158419071 0 0 0.8586720863 0.5125253634
box 0.025 0.025 0.35 -1.074078755 0.09736464059 0.8158419071 0 0 0.8586720863 0.5125253634
box 0.025 0.025 0.35 -0.004940549901 1.696409199 0.8158419071 0 0 0.8586720863 0.5125253634
box 0.025 0.025 0.35 0.4222314035 0.9042449969 0.8158419071 0 0 0.8586720863 0.5125253634
box 0.6 1 0.02 -0.5395096525 0.8968869196 1.165841907 0 0 0.8586720863 0.5125253634
cyl 0.03 0.06 -0.4027253361 0.7248021125 1.265841907 0 0 0.8586720863 0.5125253634
cyl 0.05 0.175 -0.7555634804 1.105946593 1.315841907 0 0 0.9923321732 -0.1235995876
end
problem table_under_pick 26
start 3.007570849 -2.35010127 -1.979103405 -1.954475085 -1.128297833 -3.138850432
goal 2.93031464 -1.916523718 -1.317672728 -3.05034776 -1.206888268 3.140309244
box 0.125 0.125 0.125 -0.01662348267 0.7841737193 1.297394883 0 0 0.6286685995 0.7776733196
box 0.1 0.01 0.2 0.6564107977 0.8179333179 1.347394883 0 0 0.05034017741 0.9987321295
box 0.01 0.1 0.2 0.09150246503 0.7215129374 1.347394883 0 0 0.6939180877 0.7200539477
box 0.1 0.025 0.175 0.4272074358 0.3772655843 1.347394883 0 0 -0.2102703753 0.977643273
box 0.1 0.025 0.175 0.2689840723 1.11271187 1.347394883 0 0 0.1486200494 0.988894373
box 0.025 0.025 0.35 0.01624293721 1.755049548 0.7973948831 0 0 0.4775784616 0.8785891036
box 0.025 0.025 0.35 -0.4732109262 0.99977813 0.7973948831 0 0 0.4775784616 0.8785891036
box 0.025 0.025 0.35 1.442866728 0.8305255843 0.7973948831 0 0 0.4775784616 0.8785891036
box 0.025 0.025 0.35 0.9534128643 0.07525416577 0.7973948831 0 0 0.4775784616 0.8785891036
box 0.6 1 0.02 0.4848279007 0.9151518571 1.147394883 0 0 0.4775784616 0.8785891036
cyl 0.03 0.06 0.3727997376 0.7364136127 1.247394883 0 0 0.4775784616 0.8785891036
cyl 0.05 0.175 0.6818620075 1.131921794 1.297394883 0 0 0.6699082211 0.7424439206
end
problem table_under_pick 30
start -1.198659021 -0.8874125154 1.894691573 -1.005121412 1.46825463 3.138885181
goal -1.123056208 -0.9700763987 0.7845973466 0.1873176729 1.54724798 -3.139296526
box 0.125 0.125 0.125 0.4796840533 0.6921457458 1.356678276 0 0 -0.1781599959 0.9840015325
box 0.1 0.01 0.2 1.055571875 0.3829936885 1.406678276 0 0 -0.1265223266 0.9919637599
box 0.01 0.1 0.2 0.4909450474 0.5257853139 1.406678276 0 0 0.3689688587 0.9294417579
box 0.1 0.025 0.175 0.684622186 0.1640801018 1.406678276 0 0 0.6715769314 0.7409348319
box 0.1 0.025 0.175 0.7877049166 0.7312526058 1.406678276 0 0 0.8448838266 0.5349498291
box 0.025 0.025 0.35 0.9390438694 1.501327686 0.8566782757 0 0 0.2335343644 0.9723485489
box 0.025 0.025 0.35 0.1372128082 1.092589445 0.8566782757 0 0 0.2335343644 0.9723485489
box 0.025 0.025 0.35 1.711104991 -0.0132420966 0.8566782757 0 0 0.2335343644 0.9723485489
box 0.025 0.025 0.35 0.9092739295 -0.4219803373 0.8566782757 0 0 0.2335343644 0.9723485489
box 0.6 1 0.02 0.9241588994 0.5396736742 1.206678276 0 0 0.2335343644 0.9723485489
cyl 0.03 0.06 0.7684634236 0.4969116184 1.306678276 0 0 0.2335343644 0.9723485489
cyl 0.05 0.175 1.232700739 0.6133580416 1.356678276 0 0 0.7586805714 0.6514628083
end
problem table_under_pick 31
start -0.0160010569 -0.9053853853 1.790055356 -0.8836972551 1.466914148 -3.139126145
goal 0.02669978909 -0.9745609368 0.7059578556 0.2685215123 1.507156747 3.139553976
box 0.125 0.125 0.125 -0.5709921338 0.7587398387 1.389669173 0 0 0.931912188 0.3626839862
box 0.1 0.01 0.2 0.1285896796 1.101552926 1.439669173 0 0 0.4634771563 0.8861088678
box 0.01 0.1 0.2 -0.3476821849 0.6852621011 1.439669173 0 0 0.8742160269 0.4855371648
box 0.1 0.025 0.175 0.1071901802 0.8137035483 1.439669173 0 0 0.8738755451 0.4861497008
box 0.1 0.025 0.175 -0.2885545885 1.167416873 1.439669173 0 0 0.5398577937 0.841756237
box 0.025 0.025 0.35 -1.038041265 1.46611653 0.8896691731 0 0 0.7375560197 0.6752859526
box 0.025 0.025 0.35 -0.9588612771 0.569606335 0.8896691731 0 0 0.7375560197 0.6752859526
box 0.025 0.025 0.35 0.6553668808 1.615678729 0.8896691731 0 0 0.7375560197 0.6752859526
box 0.025 0.025 0.35 0.7345468687 0.7191685344 0.8896691731 0 0 0.7375560197 0.6752859526
box 0.6 1 0.02 -0.1517471982 1.092642532 1.239669173 0 0 0.7375560197 0.6752859526
cyl 0.03 0.06 -0.1500212436 0.8949753278 1.339669173 0 0 0.7375560197 0.6752859526
cyl 0.05 0.175 -0.1057762116 1.443630332 1.389669173 0 0 0.5918594267 0.8060412018
end
problem table_under_pick 32
start 0.05903665227 -0.8396229732 2.073711848 -1.235452675 1.308887328 3.141464785
goal 0.06656012353 -1.363011788 1.476482781 -0.1105877561 1.318862078 3.138944536
box 0.125 0.125 0.125 -0.5888465062 0.4678813529 1.30511205 0 0 0.4435217515 0.8962636085
box 0.1 0.01 0.2 -0.01969592933 0.9582671952 1.35511205 0 0 0.9948194663 0.1016574121
box 0.01 0.1 0.2 -0.385542923 0.4620610367 1.35511205 0 0 0.3510699549 0.9363492333
box 0.1 0.025 0.175 0.1012762142 0.5902567403 1.35511205 0 0 0.6122594757 0.7906569006
box 0.1 0.025 0.175 -0.4460265803 0.906968854 1.35511205 0 0 0.9981211437 -0.06127138403
box 0.025 0.025 0.35 -1.264822555 1.118518546 0.8051120502 0 0 0.8108435516 0.5852629621
box 0.025 0.025 0.35 -0.9813814773 0.2643164884 0.8051120502 0 0 0.8108435516 0.5852629621
box 0.025 0.025 0.35 0.3486702212 1.653907248 0.8051120502 0 0 0.8108435516 0.5852629621
box 0.025 0.025 0.35 0.6321112986 0.7997051902 0.8051120502 0 0 0.8108435516 0.5852629621
box 0.6 1 0.02 -0.3163556281 0.9591118682 1.15511205 0 0 0.8108435516 0.5852629621
cyl 0.03 0.06 -0.2290131395 0.7369772224 1.25511205 0 0 0.8108435516 0.5852629621
cyl 0.05 0.175 -0.4014280881 1.339785908 1.30511205 0 0 0.595277145 0.8035204544
end
problem bookshelf_small 1
start 1.57 -1.5707 0 -1.5707 -1.57 3.14
goal -2.405413449 -1.370223216 -1.370292446 -0.4068617959 0.982382942 0.001183175554
box 0.6 0.5 0.02 -0.2198469421 1.056146777 1.539494217 0 0 0.7572787938 0.6530917459
box 0.6 0.5 0.02 -0.2198469421 1.056146777 1.839494217 0 0 0.7572787938 0.6530917459
box 0.6 0.02 0.17 0.2747255874 1.129617949 1.689494217 0 0 0.7572787938 0.6530917459
box 0.6 0.02 0.17 -0.7144194716 0.9826756056 1.689494217 0 0 0.7572787938 0.6530917459
cyl 0.03 0.07 -0.6439307019 0.8920496512 1.619494217 0 0 0.7572787938 0.6530917459
cyl 0.03 0.07 -0.441147181 0.7199793236 1.619494217 0 0 0.7572787938 0.6530917459
cyl 0.03 0.07 -0.1496363982 0.5610898653 1.619494217 0 0 0.7572787938 0.6530917459
end
problem bookshelf_small 3
start 1.57 -1.5707 0 -1.5707 -1.57 3.14
goal -2.78490872 -1.745832913 -1.578080921 -2.966038937 -2.281173176 -3.140981821
box 0.6 0.5 0.02 -0.9290979018 0.5228409327 1.12336642 0 0 0.9679301902 0.2512193203
box 0.6 0.5 0.02 -0.9290979018 0.5228409327 1.42336642 0 0 0.9679301902 0.2512193203
box 0.6 0.02 0.17 -0.6859351373 0.9597297858 1.27336642 0 0 0.9679301902 0.2512193203
box 0.6 0.02 0.17 -1.172260666 0.08595207955 1.27336642 0 0 0.9679301902 0.2512193203
cyl 0.03 0.07 -1.039150378 0.1194868247 1.20336642 0 0 0.9679301902 0.2512193203
cyl 0.03 0.07 -0.4889633035 0.6967569513 1.20336642 0 0 0.9679301902 0.2512193203
cyl 0.03 0.07 -0.3087004064 0.6093868736 1.20336642 0 0 0.9679301902 0.2512193203
end
problem bookshelf_small 5
start 1.57 -1.5707 0 -1.5707 -1.57 3.14
goal -3.120843129 -1.814338939 -1.22320632 -0.1092715545 2.567224933 -0.00293320172
box 0.6 0.5 0.02 -0.7587970758 0.5913249256 1.421445618 0 0 0.9630309288 0.2693908502
box 0.6 0.5 0.02 -0.7587970758 0.5913249256 1.721445618 0 0 0.9630309288 0.2693908502
box 0.6 0.02 0.17 -0.4993653551 1.018753495 1.571445618 0 0 0.9630309288 0.2693908502
box 0.6 0.02 0.17 -1.018228797 0.1638963558 1.571445618 0 0 0.9630309288 0.2693908502
cyl 0.03 0.07 -0.8662375821 0.2215816203 1.501445618 0 0 0.9630309288 0.2693908502
cyl 0.03 0.07 -0.6095198329 0.2590808912 1.501445618 0 0 0.9630309288 0.2693908502
cyl 0.03 0.07 -0.1451950821 0.6386245488 1.501445618 0 0 0.9630309288 0.2693908502
end
problem bookshelf_small 6
start 1.57 -1.5707 0 -1.5707 -1.57 3.14
goal -1.161364808 -1.378543511 1.170050272 0.2019891561 0.4002342559 -3.138968018
box 0.6 0.5 0.02 0.08034214351 1.058380988 1.275744194 0 0 0.7126151883 0.701555125
box 0.6 0.5 0.02 0.08034214351 1.058380988 1.575744194 0 0 0.7126151883 0.701555125
box 0.6 0.02 0.17 0.580280981 1.066201394 1.425744194 0 0 0.7126151883 0.701555125
box 0.6 0.02 0.17 -0.419596694 1.050560581 1.425744194 0 0 0.7126151883 0.701555125
cyl 0.03 0.07 0.0192632606 0.9574133136 1.355744194 0 0 0.7126151883 0.701555125
cyl 0.03 0.07 -0.002251270692 0.7570522996 1.355744194 0 0 0.7126151883 0.701555125
cyl 0.03 0.07 0.3832892999 0.5630587374 1.355744194 0 0 0.7126151883 0.701555125
end
problem bookshelf_small 7
start 1.57 -1.5707 0 -1.5707 -1.57 3.14
goal -1.147798547 -1.604535554 1.588130263 -0.004257767663 0.2199014049 -3.11296777
box 0.6 0.5 0.02 -0.1177494137 0.9687958063 1.214545826 0 0 0.7740035371 0.6331812731
box 0.6 0.5 0.02 -0.1177494137 0.9687958063 1.514545826 0 0 0.7740035371 0.6331812731
box 0.6 0.02 0.17 0.3723351313 1.067877282 1.364545826 0 0 0.7740035371 0.6331812731
box 0.6 0.02 0.17 -0.6078339587 0.8697143308 1.364545826 0 0 0.7740035371 0.6331812731
cyl 0.03 0.07 -0.3376331591 0.8223182104 1.294545826 0 0 0.7740035371 0.6331812731
cyl 0.03 0.07 -0.2209353373 0.6418648406 1.294545826 0 0 0.7740035371 0.6331812731
cyl 0.03 0.07 0.2459207887 0.5322037489 1.294545826 0 0 0.7740035371 0.6331812731
end
problem bookshelf_small 8
start 1.57 -1.5707 0 -1.5707 -1.57 3.14
goal -0.6010918207 -1.668006398 1.822866989 -0.1406732282 0.7409174506 3.122072755
box 0.6 0.5 0.02 -0.2369988961 1.073765309 1.140996443 0 0 0.781228689 0.6242449323
box 0.6 0.5 0.02 -0.2369988961 1.073765309 1.440996443 0 0 0.781228689 0.6242449323
box 0.6 0.02 0.17 0.2506791539 1.184083573 1.290996443 0 0 0.781228689 0.6242449323
box 0.6 0.02 0.17 -0.7246769462 0.9634470442 1.290996443 0 0 0.781228689 0.6242449323
cyl 0.03 0.07 -0.05696805618 1.011963655 1.220996443 0 0 0.781228689 0.6242449323
cyl 0.03 0.07 -0.509776125 0.7044800591 1.220996443 0 0 0.781228689 0.6242449323
cyl 0.03 0.07 0.03777619466 0.6232892441 1.220996443 0 0 0.781228689 0.6242449323
end
problem bookshelf_small 13
start 1.57 -1.5707 0 -1.5707 -1.57 3.14
goal 3.001445214 -1.617365192 -1.936471048 -2.715949051 -0.3257654016 3.124203923
box 0.6 0.5 0.02 0.9876189712 0.2242578038 1.04951919 0 0 0.09132869102 0.9958208023
box 0.6 0.5 0.02 0.9876189712 0.2242578038 1.34951919 0 0 0.09132869102 0.9958208023
box 0.6 0.02 0.17 1.078565982 -0.2674012664 1.19951919 0 0 0.09132869102 0.9958208023
box 0.6 0.02 0.17 0.8966719609 0.715916874 1.19951919 0 0 0.09132869102 0.9958208023
cyl 0.03 0.07 0.855188382 0.3904062049 1.12951919 0 0 0.09132869102 0.9958208023
cyl 0.03 0.07 0.7493024176 -0.1367161818 1.12951919 0 0 0.09132869102 0.9958208023
cyl 0.03 0.07 0.4437692474 0.4154531984 1.12951919 0 0 0.09132869102 0.9958208023
end
problem bookshelf_small 14
start 1.57 -1.5707 0 -1.5707 -1.57 3.14
goal 1.978930763 -2.703446744 1.608183896 -2.055228836 2.023068882 0.005312129248
box 0.6 0.5 0.02 0.6077733223 0.6979033761 1.501320755 0 0 0.4180384313 0.9084293423
box 0.6 0.5 0.02 0.6077733223 0.6979033761 1.801320755 0 0 0.4180384313 0.9084293423
box 0.6 0.02 0.17 0.9875316995 0.3726595061 1.651320755 0 0 0.4180384313 0.9084293423
box 0.6 0.02 0.17 0.2280149451 1.023147246 1.651320755 0 0 0.4180384313 0.9084293423
cyl 0.03 0.07 0.2072521049 0.909266905 1.581320755 0 0 0.4180384313 0.9084293423
cyl 0.03 0.07 0.5026854316 0.3929178519 1.581320755 0 0 0.4180384313 0.9084293423
cyl 0.03 0.07 0.4201883587 0.2002470982 1.581320755 0 0 0.4180384313 0.9084293423
end
problem bookshelf_small 17
start 1.57 -1.5707 0 -1.5707 -1.57 3.14
goal 1.73178373 -1.34616084 -2.065568857 0.2627088694 1.714551319 0.006038248908
box 0.6 0.5 0.02 1.035653806 0.2087799538 1.275272984 0 0 0.1543808266 0.9880114171
box 0.6 0.5 0.02 1.035653806 0.2087799538 1.575272984 0 0 0.1543808266 0.9880114171
box 0.6 0.02 0.17 1.188183825 -0.2673866066 1.425272984 0 0 0.1543808266 0.9880114171
box 0.6 0.02 0.17 0.8831237864 0.6849465142 1.425272984 0 0 0.1543808266 0.9880114171
cyl 0.03 0.07 0.9874166525 0.03156185048 1.355272984 0 0 0.1543808266 0.9880114171
cyl 0.03 0.07 0.6236791752 0.5114649134 1.355272984 0 0 0.1543808266 0.9880114171
cyl 0.03 0.07 0.5693603825 0.02542808167 1.355272984 0 0 0.1543808266 0.9880114171
end
problem bookshelf_small 18
start 1.57 -1.5707 0 -1.5707 -1.57 3.14
goal -0.1858036812 -1.32316072 1.080471902 -2.894203112 -2.429133025 -0.002130144835
box 0.6 0.5 0.02 0.8462558146 0.5665174221 1.476466279 0 0 0.2596838411 0.9656936899
box 0.6 0.5 0.02 0.8462558146 0.5665174221 1.776466279 0 0 0.2596838411 0.9656936899
box 0.6 0.02 0.17 1.097030861 0.1339531195 1.626466279 0 0 0.2596838411 0.9656936899
box 0.6 0.02 0.17 0.5954807679 0.9990817248 1.626466279 0 0 0.2596838411 0.9656936899
cyl 0.03 0.07 0.7123466289 0.5981167923 1.556466279 0 0 0.2596838411 0.9656936899
cyl 0.03 0.07 0.3861482067 0.7620158466 1.556466279 0 0 0.2596838411 0.9656936899
cyl 0.03 0.07 0.2279447411 0.6361387762 1.556466279 0 0 0.2596838411 0.9656936899
end
problem bookshelf_small 20
start 1.57 -1.5707 0 -1.5707 -1.57 3.14
goal -0.7932350455 -1.565117931 1.229850608 0.3516632659 0.5848114405 3.131530412
box 0.6 0.5 0.02 -0.2130030472 1.06346491 1.330814014 0 0 0.7699724748 0.6380771019
box 0.6 0.5 0.02 -0.2130030472 1.06346491 1.630814014 0 0 0.7699724748 0.6380771019
box 0.6 0.02 0.17 0.2782987581 1.156322522 1.480814014 0 0 0.7699724748 0.6380771019
box 0.6 0.02 0.17 -0.7043048525 0.9706072975 1.480814014 0 0 0.7699724748 0.6380771019
cyl 0.03 0.07 -0.3941157512 0.9274635912 1.410814014 0 0 0.7699724748 0.6380771019
cyl 0.03 0.07 -0.04369438744 0.790153473 1.410814014 0 0 0.7699724748 0.6380771019
cyl 0.03 0.07 0.1308682525 0.6196054937 1.410814014 0 0 0.7699724748 0.6380771019
end
problem bookshelf_small 21
start 1.57 -1.5707 0 -1.5707 -1.57 3.14
goal 1.154067824 -0.1042543459 -1.635671016 -1.396863066 -1.991143061 0.004190769476
box 0.6 0.5 0.02 -0.7570944483 0.755831183 1.395688443 0 0 0.9154590996 0.4024110299
box 0.6 0.5 0.02 -0.7570944483 0.755831183 1.695688443 0 0 0.9154590996 0.4024110299
box 0.6 0.02 0.17 -0.3887036093 1.093896546 1.545688443 0 0 0.9154590996 0.4024110299
box 0.6 0.02 0.17 -1.125485287 0.41776582 1.545688443 0 0 0.9154590996 0.4024110299
cyl 0.03 0.07 -0.8210662867 0.5614000106 1.475688443 0 0 0.9154590996 0.4024110299
cyl 0.03 0.07 -0.2683965941 0.7971237883 1.475688443 0 0 0.9154590996 0.4024110299
cyl 0.03 0.07 -0.5628026422 0.2555020476 1.475688443 0 0 0.9154590996 0.4024110299
end
problem bookshelf_small 23
start 1.57 -1.5707 0 -1.5707 -1.57 3.14
goal -0.2931702957 -0.3386913448 -1.753625747 -1.048038985 -1.254330796 -0.007609260808
box 0.6 0.5 0.02 -0.07739902878 1.008608652 1.448831125 0 0 0.712473418 0.7016991012
box 0.6 0.5 0.02 -0.07739902878 1.008608652 1.748831125 0 0 0.712473418 0.7016991012
box 0.6 0.02 0.17 0.4225429283 1.016227024 1.598831125 0 0 0.712473418 0.7016991012
box 0.6 0.02 0.17 -0.5773409858 1.000990281 1.598831125 0 0 0.712473418 0.7016991012
cyl 0.03 0.07 -0.2215737076 0.9064000349 1.528831125 0 0 0.712473418 0.7016991012
cyl 0.03 0.07 0.2155307978 0.7130376371 1.528831125 0 0 0.712473418 0.7016991012
cyl 0.03 0.07 -0.04581357002 0.509031918 1.528831125 0 0 0.712473418 0.7016991012
end
problem bookshelf_small 24
start 1.57 -1.5707 0 -1.5707 -1.57 3.14
goal -0.4518475534 -1.8594788 2.489581435 -0.6241010186 1.464335169 -3.139726452
box 0.6 0.5 0.02 0.2600042167 0.9591572401 0.9513012762 0 0 0.5739957654 0.8188582669
box 0.6 0.5 0.02 0.2600042167 0.9591572401 1.251301276 0 0 0.5739957654 0.8188582669
box 0.6 0.02 0.17 0.7300253944 0.7886283788 1.101301276 0 0 0.5739957654 0.8188582669
box 0.6 0.02 0.17 -0.2100169609 1.129686101 1.101301276 0 0 0.5739957654 0.8188582669
cyl 0.03 0.07 0.3615583748 0.8159340873 1.031301276 0 0 0.5739957654 0.8188582669
cyl 0.03 0.07 0.5337143518 0.5407176314 1.031301276 0 0 0.5739957654 0.8188582669
cyl 0.03 0.07 0.08691870166 0.4900636446 1.031301276 0 0 0.5739957654 0.8188582669
end
problem bookshelf_small 25
start 1.57 -1.5707 0 -1.5707 -1.57 3.14
goal -1.212344249 0.1129271781 -2.04418749 -1.24065614 -0.1650753215 0.03112549252
box 0.6 0.5 0.02 -0.1546309781 0.9182172497 1.288623589 0 0 0.7743230201 0.6327905345
box 0.6 0.5 0.02 -0.1546309781 0.9182172497 1.588623589 0 0 0.7743230201 0.6327905345
box 0.6 0.02 0.17 0.3353532996 1.017793389 1.438623589 0 0 0.7743230201 0.6327905345
box 0.6 0.02 0.17 -0.6446152559 0.8186411103 1.438623589 0 0 0.7743230201 0.6327905345
cyl 0.03 0.07 0.2566665187 0.8997583246 1.368623589 0 0 0.7743230201 0.6327905345
cyl 0.03 0.07 -0.06884324608 0.6295190297 1.368623589 0 0 0.7743230201 0.6327905345
cyl 0.03 0.07 0.1708390884 0.4741398433 1.368623589 0 0 0.7743230201 0.6327905345
end
problem bookshelf_small 27
start 1.57 -1.5707 0 -1.5707 -1.57 3.14
goal -1.074280392 -1.875428626 2.576227206 -0.7094416767 1.62133788 3.137859693
box 0.6 0.5 0.02 0.8934204144 0.3425826785 0.928457038 0 0 0.2244984288 0.9744744509
box 0.6 0.5 0.02 0.8934204144 0.3425826785 1.228457038 0 0 0.2244984288 0.9744744509
box 0.6 0.02 0.17 1.112188398 -0.107017777 1.078457038 0 0 0.2244984288 0.9744744509
box 0.6 0.02 0.17 0.6746524313 0.7921831339 1.078457038 0 0 0.2244984288 0.9744744509
cyl 0.03 0.07 0.9810036042 -0.06596632725 1.008457038 0 0 0.2244984288 0.9744744509
cyl 0.03 0.07 0.8013600157 -0.1538775495 1.008457038 0 0 0.2244984288 0.9744744509
cyl 0.03 0.07 0.3592210442 0.2976779365 1.008457038 0 0 0.2244984288 0.9744744509
end
problem bookshelf_small 28
start 1.57 -1.5707 0 -1.5707 -1.57 3.14
goal -0.1810862252 -2.002973977 2.163823784 -0.1673623643 0.4926299694 -3.139919217
box 0.6 0.5 0.02 -0.7512863585 0.627463979 1.103930772 0 0 0.9450840887 0.3268272714
box 0.6 0.5 0.02 -0.7512863585 0.627463979 1.403930772 0 0 0.9450840887 0.3268272714
box 0.6 0.02 0.17 -0.4424071045 1.020647914 1.253930772 0 0 0.9450840887 0.3268272714
box 0.6 0.02 0.17 -1.060165612 0.2342800443 1.253930772 0 0 0.9450840887 0.3268272714
cyl 0.03 0.07 -0.8414534922 0.3508113151 1.183930772 0 0 0.9450840887 0.3268272714
cyl 0.03 0.07 -0.3625636773 0.6366569346 1.183930772 0 0 0.9450840887 0.3268272714
cyl 0.03 0.07 -0.2910238243 0.4039715787 1.183930772 0 0 0.9450840887 0.3268272714
end
problem bookshelf_small 29
start 1.57 -1.5707 0 -1.5707 -1.57 3.14
goal -2.550027246 -0.4601898941 -1.105656166 -1.556308035 -0.4130242569 -0.01108351916
box 0.6 0.5 0.02 1.020862262 0.2037801074 1.551104828 0 0 0.08799641531 0.9961207913
box 0.6 0.5 0.02 1.020862262 0.2037801074 1.851104828 0 0 0.08799641531 0.9961207913
box 0.6 0.02 0.17 1.108517321 -0.2884765235 1.701104828 0 0 0.08799641531 0.9961207913
box 0.6 0.02 0.17 0.9332072034 0.6960367383 1.701104828 0 0 0.08799641531 0.9961207913
cyl 0.03 0.07 0.9251424134 0.1709095608 1.631104828 0 0 0.08799641531 0.9961207913
cyl 0.03 0.07 0.7649493239 -0.07030742977 1.631104828 0 0 0.08799641531 0.9961207913
cyl 0.03 0.07 0.5864899109 -0.2089437016 1.631104828 0 0 0.08799641531 0.9961207913
end
problem bookshelf_small 31
start 1.57 -1.5707 0 -1.5707 -1.57 3.14
goal -1.525866275 -3.024962251 2.519618157 -2.628892748 0.6027882911 -0.01463099553
box 0.6 0.5 0.02 -0.5328436956 0.7523935901 1.208780453 0 0 0.8943317023 0.4474045219
box 0.6 0.5 0.02 -0.5328436956 0.7523935901 1.508780453 0 0 0.8943317023 0.4474045219
box 0.6 0.02 0.17 -0.1327156479 1.052222784 1.358780453 0 0 0.8943317023 0.4474045219
box 0.6 0.02 0.17 -0.9329717433 0.4525643963 1.358780453 0 0 0.8943317023 0.4474045219
cyl 0.03 0.07 -0.2180356677 0.8633296703 1.288780453 0 0 0.8943317023 0.4474045219
cyl 0.03 0.07 -0.4914989971 0.4084945478 1.288780453 0 0 0.8943317023 0.4474045219
cyl 0.03 0.07 -0.256310064 0.3348094064 1.288780453 0 0 0.8943317023 0.4474045219
end
problem bookshelf_small 34
start 1.57 -1.5707 0 -1.5707 -1.57 3.14
goal 0.5696937314 -1.106037117 2.024637783 -0.9114473891 2.152231017 3.137458305
box 0.6 0.5 0.02 0.001733305039 1.075799393 0.8443884132 0 0 0.7002473662 0.7139002914
box 0.6 0.5 0.02 0.001733305039 1.075799393 1.144388413 0 0 0.7002473662 0.7139002914
box 0.6 0.02 0.17 0.5016401039 1.066145766 0.9943884132 0 0 0.7002473662 0.7139002914
box 0.6 0.02 0.17 -0.4981734938 1.085453019 0.9943884132 0 0 0.7002473662 0.7139002914
cyl 0.03 0.07 0.003009645385 0.9757561017 0.9243884132 0 0 0.7002473662 0.7139002914
cyl 0.03 0.07 -0.0007878966788 0.775792148 0.9243884132 0 0 0.7002473662 0.7139002914
cyl 0.03 0.07 -0.3163642955 0.5818489097 0.9243884132 0 0 0.7002473662 0.7139002914
end
problem box 1
start 1.57 -1.5707 0 -1.5707 -1.57 3.14
goal -0.5967475061 -0.7665678721 1.373208816 -2.184912337 -1.563569778 0.1145459364
box 0.35 0.35 0.02 0.4253973616 0.5634741852 0.3446793402 0 0 0.4169084737 0.9089484719
box 0.02 0.35 0.35 0.6537284888 0.8287380092 0.7046793402 0 0 0.4169084737 0.9089484719
box 0.35 0.35 0.02 0.4906348265 0.6392638492 1.25467934 -0.1596388337 0.3480463534 0.3851338964 0.8396731867
box 0.02 0.35 0.3 0.1970662343 0.2982103612 0.6046793402 0 0 0.4169084737 0.9089484719
box 0.35 0.02 0.35 0.6906611856 0.335143058 0.7046793402 0 0 0.4169084737 0.9089484719
box 0.35 0.02 0.35 0.1601335375 0.7918053124 0.7046793402 0 0 0.4169084737 0.9089484719
cyl 0.03 0.07 0.3486629475 0.6295248626 0.4546793402 0 0 0.4169084737 0.9089484719
end
problem box 2
start 1.57 -1.5707 0 -1.5707 -1.57 3.14
goal -1.440895039 -0.7787859878 1.514874888 -2.31475267 -1.562360213 -0.1718279167
box 0.35 0.35 0.02 0.6684219972 0.1916693463 0.3109030527 0 0 0.1509768859 0.9885372931
box 0.02 0.35 0.35 1.002466183 0.2961417438 0.6709030527 0 0 0.1509768859 0.9885372931
box 0.35 0.35 0.02 0.7638631932 0.2215186027 1.220903053 -0.05781070788 0.3785217872 0.1394702195 0.9131961654
box 0.02 0.35 0.3 0.3343778112 0.08719694878 0.5709030527 0 0 0.1509768859 0.9885372931
box 0.35 0.02 0.35 0.7728943947 -0.1423748397 0.6709030527 0 0 0.1509768859 0.9885372931
box 0.35 0.02 0.35 0.5639495997 0.5257135322 0.6709030527 0 0 0.1509768859 0.9885372931
cyl 0.03 0.07 0.6805537717 0.1528787294 0.4209030527 0 0 0.1509768859 0.9885372931
end
problem box 3
start 1.57 -1.5707 0 -1.5707 -1.57 3.14
goal 1.530406865 -0.3012953974 0.93057797 -2.201892731 -1.565996317 0.04619090477
box 0.35 0.35 0.02 -0.8071871124 0.05892545425 0.1678893709 0 0 0.999249686 0.03873067176
box 0.02 0.35 0.35 -1.156137067 0.08601658237 0.5278893709 0 0 0.999249686 0.03873067176
box 0.35 0.35 0.02 -0.9068870994 0.06666577657 1.077889371 -0.3826236801 0.01483039962 0.9230921159 0.0357788231
box 0.02 0.35 0.3 -0.4582371578 0.03183432613 0.4278893709 0 0 0.999249686 0.03873067176
box 0.35 0.02 0.35 -0.7800959843 0.4078754088 0.5278893709 0 0 0.999249686 0.03873067176
box 0.35 0.02 0.35 -0.8342782405 -0.2900245003 0.5278893709 0 0 0.999249686 0.03873067176
cyl 0.03 0.07 -0.8145086056 -0.03537976287 0.2778893709 0 0 0.999249686 0.03873067176
end
problem box 4
start 1.57 -1.5707 0 -1.5707 -1.57 3.14
goal -0.5561289119 -0.7053484486 1.236479409 -2.093612261 -1.563491001 -0.2315942641
box 0.35 0.35 0.02 0.2199961193 0.7317282658 0.3523766504 0 0 0.5850288392 0.811012489
box 0.02 0.35 0.35 0.3304149994 1.063854252 0.7123766504 0 0 0.5850288392 0.811012489
box 0.35 0.35 0.02 0.2515443708 0.8266214048 1.26237665 -0.2240139682 0.3105455898 0.5404410095 0.7492013707
box 0.02 0.35 0.3 0.1095772392 0.3996022792 0.6123766504 0 0 0.5850288392 0.811012489
box 0.35 0.02 0.35 0.5521221058 0.6213093857 0.7123766504 0 0 0.5850288392 0.811012489
box 0.35 0.02 0.35 -0.1121298672 0.8421471459 0.7123766504 0 0 0.5850288392 0.811012489
cyl 0.03 0.07 0.3446466402 0.6902868505 0.4623766504 0 0 0.5850288392 0.811012489
end
problem box 5
start 1.57 -1.5707 0 -1.5707 -1.57 3.14
goal -1.274934202 -0.498203075 1.343208209 -2.416516418 -1.565767206 -0.05207092932
box 0.35 0.35 0.02 0.6627864783 0.3113197902 0.1896623072 0 0 0.1767940426 0.9842478684
box 0.02 0.35 0.35 0.9909071848 0.4331262019 0.5496623072 0 0 0.1767940426 0.9842478684
box 0.35 0.35 0.02 0.7565352516 0.3461216221 1.099662307 -0.06769638073 0.3768793193 0.1633197279 0.9092336582
box 0.02 0.35 0.3 0.3346657717 0.1895133785 0.4496623072 0 0 0.1767940426 0.9842478684
box 0.35 0.02 0.35 0.78459289 -0.01680091639 0.5496623072 0 0 0.1767940426 0.9842478684
box 0.35 0.02 0.35 0.5409800666 0.6394404967 0.5496623072 0 0 0.1767940426 0.9842478684
cyl 0.03 0.07 0.6773313074 0.2721390973 0.2996623072 0 0 0.1767940426 0.9842478684
end
problem box 6
start 1.57 -1.5707 0 -1.5707 -1.57 3.14
goal -1.273514596 -0.3124329223 0.6351589596 -1.902809534 -1.568209546 0.1026780909
box 0.35 0.35 0.02 0.8323157063 0.193878689 0.2857096577 0 0 0.0920263191 0.995756575
box 0.02 0.35 0.35 1.176387516 0.2580237576 0.6457096577 0 0 0.0920263191 0.995756575
box 0.35 0.35 0.02 0.9306219376 0.2122058515 1.195709658 -0.03523788836 0.3812861295 0.08501255573 0.9198652315
box 0.02 0.35 0.3 0.4882438967 0.1297336204 0.5457096577 0 0 0.0920263191 0.995756575
box 0.35 0.02 0.35 0.8964607749 -0.1501931206 0.6457096577 0 0 0.0920263191 0.995756575
box 0.35 0.02 0.35 0.7681706377 0.5379504986 0.6457096577 0 0 0.0920263191 0.995756575
cyl 0.03 0.07 0.8095599378 0.3159398015 0.3957096577 0 0 0.0920263191 0.995756575
end
problem box 7
start 1.57 -1.5707 0 -1.5707 -1.57 3.14
goal -1.50041335 -0.610487051 1.452339126 -2.413786106 -1.563371987 -0.2301821747
box 0.35 0.35 0.02 0.6825556147 0.1954954831 0.2283159552 0 0 0.1450419813 0.9894255018
box 0.02 0.35 0.35 1.017829591 0.2959512477 0.5883159552 0 0 0.1450419813 0.9894255018
box 0.35 0.35 0.02 0.7783481794 0.2241971301 1.138315955 -0.05553816771 0.378861892 0.1339876422 0.9140166795
box 0.02 0.35 0.3 0.3472816381 0.09503971849 0.4883159552 0 0 0.1450419813 0.9894255018
box 0.35 0.02 0.35 0.7830113793 -0.1397784935 0.5883159552 0 0 0.1450419813 0.9894255018
box 0.35 0.02 0.35 0.5820998501 0.5307694596 0.5883159552 0 0 0.1450419813 0.9894255018
cyl 0.03 0.07 0.707020137 0.1138444429 0.3383159552 0 0 0.1450419813 0.9894255018
end
problem box 8
start 1.57 -1.5707 0 -1.5707 -1.57 3.14
goal -0.02107278227 -0.6010410039 1.391956684 -2.366067026 -1.575224537 -0.1282402772
box 0.35 0.35 0.02 -0.1109025949 0.7241164465 0.238739911 0 0 0.7432379387 0.6690271792
box 0.02 0.35 0.35 -0.1475844384 1.072188914 0.598739911 0 0 0.7432379387 0.6690271792
box 0.35 0.35 0.02 -0.1213831216 0.8235657228 1.148739911 -0.2845939701 0.2561778552 0.6865922412 0.6180374366
box 0.02 0.35 0.3 -0.07422075145 0.3760439794 0.498739911 0 0 0.7432379387 0.6690271792
box 0.35 0.02 0.35 0.2371698722 0.76079829 0.598739911 0 0 0.7432379387 0.6690271792
box 0.35 0.02 0.35 -0.458975062 0.687434603 0.598739911 0 0 0.7432379387 0.6690271792
cyl 0.03 0.07 -0.04417863288 0.7311481947 0.348739911 0 0 0.7432379387 0.6690271792
end
problem box 9
start 1.57 -1.5707 0 -1.5707 -1.57 3.14
goal -0.3493809878 -0.7977234011 1.432416648 -2.196615978 -1.565512295 0.1202974028
box 0.35 0.35 0.02 0.2831514959 0.6341115326 0.3448286279 0 0 0.526285043 0.8503082109
box 0.02 0.35 0.35 0.4392683334 0.9473646779 0.7048286279 0 0 0.526285043 0.8503082109
box 0.35 0.35 0.02 0.3277563067 0.7236124313 1.254828628 -0.2015203234 0.3255923534 0.4861743573 0.7855021788
box 0.02 0.35 0.3 0.1270346585 0.3208583873 0.6048286279 0 0 0.526285043 0.8503082109
box 0.35 0.02 0.35 0.5964046413 0.4779946952 0.7048286279 0 0 0.526285043 0.8503082109
box 0.35 0.02 0.35 -0.03010164938 0.7902283701 0.7048286279 0 0 0.526285043 0.8503082109
cyl 0.03 0.07 0.1840775403 0.6834872943 0.4548286279 0 0 0.526285043 0.8503082109
end
problem box 10
start 1.57 -1.5707 0 -1.5707 -1.57 3.14
goal 0.3447170208 -0.5625807926 0.9862269014 -1.997151544 -1.577614515 -0.3463249975
box 0.35 0.35 0.02 -0.4824260405 0.6405574558 0.3394189542 0 0 0.9048537851 0.4257224772
box 0.02 0.35 0.35 -0.7055583012 0.9102090722 0.6994189542 0 0 0.9048537851 0.4257224772
box 0.35 0.35 0.02 -0.546178115 0.7176007748 1.249418954 -0.3464784528 0.1630138125 0.8358905755 0.3932761429
box 0.02 0.35 0.3 -0.2592937798 0.3709058394 0.5994189542 0 0 0.9048537851 0.4257224772
box 0.35 0.02 0.35 -0.2127744241 0.8636897165 0.6994189542 0 0 0.9048537851 0.4257224772
box 0.35 0.02 0.35 -0.7520776569 0.4174251951 0.6994189542 0 0 0.9048537851 0.4257224772
cyl 0.03 0.07 -0.3457546294 0.7536507921 0.4494189542 0 0 0.9048537851 0.4257224772
end
problem box 11
start 1.57 -1.5707 0 -1.5707 -1.57 3.14
goal 0.2387251572 -0.4399602375 0.767082331 -1.896624648 -1.576537979 -0.2709397979
box 0.35 0.35 0.02 -0.350062005 0.7820113173 0.3351097635 0 0 0.8633825468 0.5045498766
box 0.02 0.35 0.35 -0.5218626004 1.086945007 0.6951097635 0 0 0.8633825468 0.5045498766
box 0.35 0.35 0.02 -0.3991478894 0.8691352287 1.245109764 -0.3305986602 0.1931976895 0.7975800574 0.4660957313
box 0.02 0.35 0.3 -0.1782614095 0.4770776271 0.5951097635 0 0 0.8633825468 0.5045498766
box 0.35 0.02 0.35 -0.04512831481 0.9538119127 0.6951097635 0 0 0.8633825468 0.5045498766
box 0.35 0.02 0.35 -0.6549956952 0.6102107218 0.6951097635 0 0 0.8633825468 0.5045498766
cyl 0.03 0.07 -0.2700607255 0.8270842885 0.4451097635 0 0 0.8633825468 0.5045498766
end
problem box 12
start 1.57 -1.5707 0 -1.5707 -1.57 3.14
goal 0.9336416147 -0.5824480244 1.388226504 -2.373286155 -1.565913805 -0.2700100219
box 0.35 0.35 0.02 -0.6641864585 0.3044595104 0.2310490963 0 0 0.9836189261 0.1802603898
box 0.02 0.35 0.35 -0.9914407928 0.4285747822 0.5910490963 0 0 0.9836189261 0.1802603898
box 0.35 0.35 0.02 -0.7576876969 0.3399210167 1.141049096 -0.3766384904 0.06902368315 0.9086526506 0.1665218883
box 0.02 0.35 0.3 -0.3369321242 0.1803442387 0.4910490963 0 0 0.9836189261 0.1802603898
box 0.35 0.02 0.35 -0.5400711868 0.6317138448 0.5910490963 0 0 0.9836189261 0.1802603898
box 0.35 0.02 0.35 -0.7883017302 -0.02279482386 0.5910490963 0 0 0.9836189261 0.1802603898
cyl 0.03 0.07 -0.632687814 0.3875118843 0.3410490963 0 0 0.9836189261 0.1802603898
end
problem box 13
start 1.57 -1.5707 0 -1.5707 -1.57 3.14
goal 0.169589631 -0.5627779295 1.053137398 -2.054475778 -1.562829377 0.1631317413
box 0.35 0.35 0.02 -0.007403729896 0.7768690963 0.3205461829 0 0 0.7103177859 0.7038811285
box 0.02 0.35 0.35 -0.01058967973 1.126854596 0.6805461829 0 0 0.7103177859 0.7038811285
box 0.35 0.35 0.02 -0.008314001279 0.8768649532 1.230546183 -0.271988482 0.2695238152 0.6561810898 0.6502350007
box 0.02 0.35 0.3 -0.004217780057 0.426883597 0.5805461829 0 0 0.7103177859 0.7038811285
box 0.35 0.02 0.35 0.3425817694 0.7800550461 0.6805461829 0 0 0.7103177859 0.7038811285
box 0.35 0.02 0.35 -0.3573892292 0.7736831465 0.6805461829 0 0 0.7103177859 0.7038811285
cyl 0.03 0.07 -0.1988704474 0.7751261573 0.4305461829 0 0 0.7103177859 0.7038811285
end
problem box 14
start 1.57 -1.5707 0 -1.5707 -1.57 3.14
goal -0.4177279601 -0.3727182634 0.6415558978 -1.848516261 -1.571190668 -0.1701004082
box 0.35 0.35 0.02 0.1347622407 0.8667372205 0.3299783236 0 0 0.6162465215 0.7875533155
box 0.02 0.35 0.35 0.218930398 1.206466114 0.6899783236 0 0 0.6162465215 0.7875533155
box 0.35 0.35 0.02 0.1588102856 0.9638026187 1.239978324 -0.2359675616 0.3015628146 0.5692794438 0.7275301324
box 0.02 0.35 0.3 0.05059408336 0.5270083267 0.5899783236 0 0 0.6162465215 0.7875533155
box 0.35 0.02 0.35 0.4744911345 0.7825690632 0.6899783236 0 0 0.6162465215 0.7875533155
box 0.35 0.02 0.35 -0.2049666531 0.9509053778 0.6899783236 0 0 0.6162465215 0.7875533155
cyl 0.03 0.07 0.2926607376 0.8276177173 0.4399783236 0 0 0.6162465215 0.7875533155
end
problem box 15
start 1.57 -1.5707 0 -1.5707 -1.57 3.14
goal 1.392965916 -0.3659606892 0.8269952075 -2.033816378 -1.577028892 0.07292469842
box 0.35 0.35 0.02 -0.8321087701 0.1208016004 0.2582365069 0 0 0.9917178461 0.1284356402
box 0.02 0.35 0.35 -1.170561771 0.209961942 0.6182365069 0 0 0.9917178461 0.1284356402
box 0.35 0.35 0.02 -0.9288096274 0.1462759837 1.168236507 -0.3797396559 0.04917941732 0.9161343133 0.1186469494
box 0.02 0.35 0.3 -0.4936557697 0.03164125887 0.5182365069 0 0 0.9917178461 0.1284356402
box 0.35 0.02 0.35 -0.7429484286 0.4592546008 0.6182365069 0 0 0.9917178461 0.1284356402
box 0.35 0.02 0.35 -0.9212691117 -0.2176514 0.6182365069 0 0 0.9917178461 0.1284356402
cyl 0.03 0.07 -0.8403511979 0.08951331275 0.3682365069 0 0 0.9917178461 0.1284356402
end
problem box 16
start 1.57 -1.5707 0 -1.5707 -1.57 3.14
goal -2.806392807 -2.900790533 -0.8110594213 -1.000991841 1.567731757 -0.0447394833
box 0.35 0.35 0.02 -0.2306951864 0.798475114 0.1698406802 0 0 0.8283065743 0.5602751279
box 0.02 0.35 0.35 -0.3609594331 1.123330814 0.5298406802 0 0 0.8283065743 0.5602751279
box 0.35 0.35 0.02 -0.2679135426 0.8912910284 1.07984068 -0.3171676851 0.2145355003 0.7651773916 0.5175738962
box 0.02 0.35 0.3 -0.1004309396 0.4736194137 0.4298406802 0 0 0.8283065743 0.5602751279
box 0.35 0.02 0.35 0.09416051394 0.9287393607 0.5298406802 0 0 0.8283065743 0.5602751279
box 0.35 0.02 0.35 -0.5555508867 0.6682108672 0.5298406802 0 0 0.8283065743 0.5602751279
cyl 0.03 0.07 -0.1287530047 0.8393530222 0.2798406802 0 0 0.8283065743 0.5602751279
end
problem box 17
start 1.57 -1.5707 0 -1.5707 -1.57 3.14
goal 0.4658224333 0.06798054389 -0.2597112124 -1.379281051 -1.57872285 0.09248820973
box 0.35 0.35 0.02 -0.2785755369 0.8478771268 0.325449873 0 0 0.8230920561 0.5679079742
box 0.02 0.35 0.35 -0.4028119098 1.175085506 0.685449873 0 0 0.8230920561 0.5679079742
box 0.35 0.35 0.02 -0.3140716434 0.9413652352 1.235449873 -0.3151709888 0.217458201 0.7603602966 0.524625007
box 0.02 0.35 0.3 -0.1543391639 0.5206687473 0.585449873 0 0 0.8230920561 0.5679079742
box 0.35 0.02 0.35 0.04863284266 0.9721134998 0.685449873 0 0 0.8230920561 0.5679079742
box 0.35 0.02 0.35 -0.6057839164 0.7236407538 0.685449873 0 0 0.8230920561 0.5679079742
cyl 0.03 0.07 -0.4610010622 0.7786127466 0.435449873 0 0 0.8230920561 0.5679079742
end
problem box 18
start 1.57 -1.5707 0 -1.5707 -1.57 3.14
goal -1.406617159 -0.4490394554 1.200635374 -2.321133033 -1.564168806 0.06125930034
box 0.35 0.35 0.02 0.7628669307 0.005596448383 0.1954315918 0 0 0.05522053892 0.998474182
box 0.02 0.35 0.35 1.110732415 0.04419184608 0.5554315918 0 0 0.05522053892 0.998474182
box 0.35 0.35 0.02 0.8622570691 0.01662370487 1.105431592 -0.02114455087 0.3823267311 0.05101191907 0.9223757167
box 0.02 0.35 0.3 0.4150014462 -0.03299894931 0.4554315918 0 0 0.05522053892 0.998474182
box 0.35 0.02 0.35 0.8014623284 -0.3422690361 0.5554315918 0 0 0.05522053892 0.998474182
box 0.35 0.02 0.35 0.724271533 0.3534619328 0.5554315918 0 0 0.05522053892 0.998474182
cyl 0.03 0.07 0.7429907922 0.1847427446 0.3054315918 0 0 0.05522053892 0.998474182
end
problem box 19
start 1.57 -1.5707 0 -1.5707 -1.57 3.14
goal 1.015495589 -0.292619954 0.8765178913 -2.162828433 -1.567969569 -0.05432090245
box 0.35 0.35 0.02 -0.6946714415 0.4659362667 0.1879564611 0 0 0.9689532588 0.2472439731
box 0.02 0.35 0.35 -1.001880734 0.6336337642 0.5479564611 0 0 0.9689532588 0.2472439731
box 0.35 0.35 0.02 -0.7824455251 0.5138498374 1.097956461 -0.3710228453 0.09467243292 0.8951047235 0.2284003343
box 0.02 0.35 0.3 -0.3874621491 0.2982387693 0.4479564611 0 0 0.9689532588 0.2472439731
box 0.35 0.02 0.35 -0.5269739441 0.7731455592 0.5479564611 0 0 0.9689532588 0.2472439731
box 0.35 0.02 0.35 -0.862368939 0.1587269743 0.5479564611 0 0 0.9689532588 0.2472439731
cyl 0.03 0.07 -0.7386596516 0.3853531507 0.2979564611 0 0 0.9689532588 0.2472439731
end
problem box 20
start 1.57 -1.5707 0 -1.5707 -1.57 3.14
goal 2.01140118 -2.816872696 -0.8539345208 -1.042921074 1.570060995 0.2742132509
box 0.35 0.35 0.02 0.8346808177 0.09671044684 0.2181249727 0 0 0.08690227199 0.9962168414
box 0.02 0.35 0.35 1.179394414 0.1573119017 0.5781249727 0 0 0.08690227199 0.9962168414
box 0.35 0.35 0.02 0.9331704167 0.1140251482 1.128124973 -0.03327583444 0.3814623706 0.08027903661 0.9202904188
box 0.02 0.35 0.3 0.4899672211 0.036108992 0.4781249727 0 0 0.08690227199 0.9962168414
box 0.35 0.02 0.35 0.8952822726 -0.2480031497 0.5781249727 0 0 0.08690227199 0.9962168414
box 0.35 0.02 0.35 0.7740793629 0.4414240434 0.5781249727 0 0 0.08690227199 0.9962168414
cyl 0.03 0.07 0.8144214699 0.2119498033 0.3281249727 0 0 0.08690227199 0.9962168414
end
problem table_pick 1
start 1.57 -1.5707 0 -1.5707 -1.57 3.14
goal 1.438775553 -0.687540491 1.434096062 -0.7445397051 1.589182368 -3.14159265
box 0.125 0.125 0.125 -0.887203108 -0.3786244663 0.9370564118 0 0 0.9974531189 0.07132514041
box 0.1 0.01 0.2 -1.202178779 0.1960989808 0.9870564118 0 0 0.8748279033 -0.4844338341
box 0.01 0.1 0.2 -0.8360698254 -0.2283045736 0.9870564118 0 0 0.8158325402 0.5782882209
box 0.1 0.025 0.175 -0.7430069973 0.2989569542 0.9870564118 0 0 0.8220975726 0.5693466265
box 0.1 0.025 0.175 -1.069524112 -0.06352560485 0.9870564118 0 0 0.9999817664 -0.006038776637
box 0.025 0.025 0.35 -1.697966271 -0.7028567054 0.4370564118 0 0 0.9972514405 0.07409159414
box 0.025 0.025 0.35 -0.8078474866 -0.8358550136 0.4370564118 0 0 0.9972514405 0.07409159414
box 0.025 0.025 0.35 -1.446747244 0.9784787759 0.4370564118 0 0 0.9972514405 0.07409159414
box 0.025 0.025 0.35 -0.55662846 0.8454804677 0.4370564118 0 0 0.9972514405 0.07409159414
box 0.6 1 0.02 -1.127297365 0.07131188118 0.7870564118 0 0 0.9972514405 0.07409159414
cyl 0.03 0.06 -0.9043856273 0.01536193121 0.8870564118 0 0 0.9972514405 0.07409159414
cyl 0.05 0.175 -1.472333242 0.04215302115 0.9370564118 0 0 0.8736437178 0.4865661871
end
problem table_pick 2
start 1.57 -1.5707 0 -1.5707 -1.57 3.14
goal -0.279795282 -0.730139133 1.311352791 -0.5834730364 1.305715656 -3.14159265
box 0.125 0.125 0.125 -0.3688048062 0.722841982 1.002159094 0 0 0.4177048992 0.908582752
box 0.1 0.01 0.2 0.3769901679 1.085527846 1.052159094 0 0 0.99829715 0.0583335265
box 0.01 0.1 0.2 -0.1230649522 0.6491175053 1.052159094 0 0 0.9495073392 0.313744821
box 0.1 0.025 0.175 0.2283005837 0.7422856201 1.052159094 0 0 0.9993001088 0.03740711928
box 0.1 0.025 0.175 -0.1226628234 1.156143459 1.052159094 0 0 0.09329758614 0.9956382679
box 0.025 0.025 0.35 -0.7524999657 1.566166083 0.5021590941 0 0 0.7019744565 0.7122021219
box 0.025 0.025 0.35 -0.7655173181 0.6662602274 0.5021590941 0 0 0.7019744565 0.7122021219
box 0.025 0.025 0.35 0.9473222055 1.541577751 0.5021590941 0 0 0.7019744565 0.7122021219
box 0.025 0.025 0.35 0.9343048532 0.6416718952 0.5021590941 0 0 0.7019744565 0.7122021219
box 0.6 1 0.02 0.09090244372 1.103918989 0.8521590941 0 0 0.7019744565 0.7122021219
cyl 0.03 0.06 0.07778685026 0.9320404588 0.9521590941 0 0 0.7019744565 0.7122021219
cyl 0.05 0.175 0.1348251544 1.360233271 1.002159094 0 0 0.5575126129 0.8301684687
end
problem table_pick 3
start 1.57 -1.5707 0 -1.5707 -1.57 3.14
goal -0.8086855245 -0.8608280878 1.910124615 -1.044285729 1.166023427 -3.14159265
box 0.125 0.125 0.125 -0.1198754502 0.762124237 0.9169723506 0 0 0.9657371543 0.2595221548
box 0.1 0.01 0.2 0.5453703243 0.79421741 0.9669723506 0 0 -0.111802279 0.9937304717
box 0.01 0.1 0.2 0.1647574769 0.5368804934 0.9669723506 0 0 0.955564517 0.2947820448
box 0.1 0.025 0.175 0.4643704876 0.487287599 0.9669723506 0 0 0.3854479747 0.9227295697
box 0.1 0.025 0.175 0.29745554 0.8851519085 0.9669723506 0 0 0.7699959331 0.6380487936
box 0.025 0.025 0.35 -0.1734675259 1.618925325 0.4169723506 0 0 0.54866271 0.8360437971
box 0.025 0.025 0.35 -0.531612141 0.7932544249 0.4169723506 0 0 0.54866271 0.8360437971
box 0.025 0.025 0.35 1.386133062 0.9424299405 0.4169723506 0 0 0.54866271 0.8360437971
box 0.025 0.025 0.35 1.027988447 0.1167590408 0.4169723506 0 0 0.54866271 0.8360437971
box 0.6 1 0.02 0.4272604607 0.8678421827 0.7669723506 0 0 0.54866271 0.8360437971
cyl 0.03 0.06 0.378165608 0.6634675588 0.8669723506 0 0 0.54866271 0.8360437971
cyl 0.05 0.175 0.5976738461 1.100380167 0.9169723506 0 0 0.2376487332 0.9713511618
end
problem table_pick 4
start 1.57 -1.5707 0 -1.5707 -1.57 3.14
goal -2.786244489 -2.105509888 -1.832629537 -2.34518604 -1.20870983 3.139397929
box 0.125 0.125 0.125 -0.4202459493 0.6569917424 1.019179259 0 0 0.1741655607 0.9847163843
box 0.1 0.01 0.2 0.1050504691 0.8621451433 1.069179259 0 0 0.5842123373 0.8116008532
box 0.01 0.1 0.2 -0.264169364 0.5628346571 1.069179259 0 0 0.7829863916 0.6220388337
box 0.1 0.025 0.175 0.09710779111 0.4710574159 1.069179259 0 0 0.9746964389 0.2235326641
box 0.1 0.025 0.175 -0.2048705029 1.04891001 1.069179259 0 0 0.4963015994 0.8681501728
box 0.025 0.025 0.35 -0.9266778766 1.408465091 0.519179259 0 0 0.7052094788 0.7089990064
box 0.025 0.025 0.35 -0.9315011405 0.508478015 0.519179259 0 0 0.7052094788 0.7089990064
box 0.025 0.025 0.35 0.7732977105 1.399354481 0.519179259 0 0 0.7052094788 0.7089990064
box 0.025 0.025 0.35 0.7684744466 0.4993674054 0.519179259 0 0 0.7052094788 0.7089990064
box 0.6 1 0.02 -0.07910171498 0.953916248 0.869179259 0 0 0.7052094788 0.7089990064
cyl 0.03 0.06 -0.06638635464 0.7804330965 0.969179259 0 0 0.7052094788 0.7089990064
cyl 0.05 0.175 -0.1338736975 1.350424613 1.019179259 0 0 0.9459009484 0.3244555375
end
problem table_pick 5
start 1.57 -1.5707 0 -1.5707 -1.57 3.14
goal -1.427669489 -0.6925850875 1.303346353 -0.6101318061 1.337899388 -3.139175639
box 0.125 0.125 0.125 0.624499349 0.6785033926 0.9802372147 0 0 0.06577438647 0.9978345204
box 0.1 0.01 0.2 1.071683664 0.129429027 1.030237215 0 0 -0.08285309149 0.9965617719
box 0.01 0.1 0.2 0.6400885108 0.4740867484 1.030237215 0 0 0.7323127234 0.6809684832
box 0.1 0.025 0.175 0.8663572411 0.07288678728 1.030237215 0 0 -0.3870762014 0.9220477289
box 0.1 0.025 0.175 1.038755886 0.6054332881 1.030237215 0 0 0.7744455666 0.6326405491
box 0.025 0.025 0.35 1.18334475 1.340908303 0.4802372147 0 0 0.1864480434 0.9824648223
box 0.025 0.025 0.35 0.3459179209 1.011186744 0.4802372147 0 0 0.1864480434 0.9824648223
box 0.025 0.025 0.35 1.806152139 -0.2408979294 0.4802372147 0 0 0.1864480434 0.9824648223
box 0.025 0.025 0.35 0.9687253099 -0.5706194883 0.4802372147 0 0 0.1864480434 0.9824648223
box 0.6 1 0.02 1.07603503 0.3851444073 0.8302372147 0 0 0.1864480434 0.9824648223
cyl 0.03 0.06 0.8889774904 0.3034089213 0.9302372147 0 0 0.1864480434 0.9824648223
cyl 0.05 0.175 1.326774775 0.5596008344 0.9802372147 0 0 0.3879688516 0.9216724853
end
problem table_pick 6
start 1.57 -1.5707 0 -1.5707 -1.57 3.14
goal -0.586772596 -0.8696247807 1.474284193 -0.6065196198 1.27250057 3.14159265
box 0.125 0.125 0.125 -0.1412658737 0.8764275396 1.035803173 0 0 0.9508135207 0.3097638598
box 0.1 0.01 0.2 0.4277148516 0.9353011307 1.085803173 0 0 0.05922748643 0.9982445116
box 0.01 0.1 0.2 0.1466151495 0.7591946278 1.085803173 0 0 0.04111854279 0.9991542751
box 0.1 0.025 0.175 0.5094912395 0.5773825301 1.085803173 0 0 0.01522719925 0.9998840595
box 0.1 0.025 0.175 0.242876871 1.080202455 1.085803173 0 0 0.501932233 0.8649069508
box 0.025 0.025 0.35 -0.3353561319 1.717807781 0.5358031731 0 0 0.5989926389 0.8007545308
box 0.025 0.025 0.35 -0.5895302053 0.854444856 0.5358031731 0 0 0.5989926389 0.8007545308
box 0.025 0.025 0.35 1.295440504 1.237701198 0.5358031731 0 0 0.5989926389 0.8007545308
box 0.025 0.025 0.35 1.041266431 0.3743382729 0.5358031731 0 0 0.5989926389 0.8007545308
box 0.6 1 0.02 0.3529551496 1.046073027 0.8858031731 0 0 0.5989926389 0.8007545308
cyl 0.03 0.06 0.3201130067 0.8281825146 0.9858031731 0 0 0.5989926389 0.8007545308
cyl 0.05 0.175 0.4406322547 1.280691897 1.035803173 0 0 0.3992787503 0.9168295805
end
problem table_pick 7
start 1.57 -1.5707 0 -1.5707 -1.57 3.14
goal 2.966973005 -2.445637977 -1.375779217 -2.464221013 -1.551166997 3.139009253
box 0.125 0.125 0.125 -0.149973903 0.8927277519 0.9595993245 0 0 0.933406904 0.3588196643
box 0.1 0.01 0.2 0.4005806883 1.06103509 1.009599325 0 0 0.7076775521 0.7065355492
box 0.01 0.1 0.2 0.04131631143 0.6980507345 1.009599325 0 0 0.9606313065 0.2778263718
box 0.1 0.025 0.175 0.3321141976 0.6057637636 1.009599325 0 0 0.5278767604 0.8493209793
box 0.1 0.025 0.175 0.0625152302 1.064075418 1.009599325 0 0 0.6304523422 0.776227959
box 0.025 0.025 0.35 -0.4494726777 1.684407207 0.4595993245 0 0 0.6341067536 0.7732455141
box 0.025 0.025 0.35 -0.6257082027 0.8018308423 0.4595993245 0 0 0.6341067536 0.7732455141
box 0.025 0.025 0.35 1.217616011 1.351517882 0.4595993245 0 0 0.6341067536 0.7732455141
box 0.025 0.025 0.35 1.041380486 0.4689415173 0.4595993245 0 0 0.6341067536 0.7732455141
box 0.6 1 0.02 0.2959539043 1.076674362 0.8095993245 0 0 0.6341067536 0.7732455141
cyl 0.03 0.06 0.2727167297 0.879111042 0.9095993245 0 0 0.6341067536 0.7732455141
cyl 0.05 0.175 0.3768945124 1.423309013 0.9595993245 0 0 0.9798527595 0.19972123
end
problem table_pick 8
start 1.57 -1.5707 0 -1.5707 -1.57 3.14
goal 2.705564734 -2.135192465 -1.514170859 -2.635545991 -1.21937473 3.140858058
box 0.125 0.125 0.125 0.2590058168 0.8024570845 1.102294248 0 0 0.6739900867 0.7387403895
box 0.1 0.01 0.2 0.8313606213 0.5316410212 1.152294248 0 0 -0.2089453684 0.9779273148
box 0.01 0.1 0.2 0.2065845969 0.6375332562 1.152294248 0 0 -0.2606071509 0.96544493
box 0.1 0.025 0.175 0.6384191832 0.3411663411 1.152294248 0 0 0.3383307963 0.9410272431
box 0.1 0.025 0.175 0.5170680423 0.9488982939 1.152294248 0 0 -0.00879131195 0.9999613557
box 0.025 0.025 0.35 0.3804433068 1.684549749 0.6022942481 0 0 0.3826661453 0.9238866929
box 0.025 0.025 0.35 -0.2559766115 1.048177462 0.6022942481 0 0 0.3826661453 0.9238866929
box 0.025 0.025 0.35 1.582479849 0.4824232366 0.6022942481 0 0 0.3826661453 0.9238866929
box 0.025 0.025 0.35 0.9460599306 -0.1539490504 0.6022942481 0 0 0.3826661453 0.9238866929
box 0.6 1 0.02 0.6632516187 0.7653003493 0.9522942481 0 0 0.3826661453 0.9238866929
cyl 0.03 0.06 0.5396688421 0.6698826915 1.052294248 0 0 0.3826661453 0.9238866929
cyl 0.05 0.175 0.9788940455 0.9853399573 1.102294248 0 0 -0.1714032759 0.9852009526
end
problem table_pick 9
start 1.57 -1.5707 0 -1.5707 -1.57 3.14
goal 1.009260352 -0.838895825 1.852756624 -1.011328347 1.385406193 -3.140981435
box 0.125 0.125 0.125 -0.8453391219 -0.2125879639 0.9169275515 0 0 0.9353350196 0.3537631993
box 0.1 0.01 0.2 -0.7908293658 0.5077577727 0.9669275515 0 0 0.7375627445 0.6752786077
box 0.01 0.1 0.2 -0.6200894213 -0.08642178113 0.9669275515 0 0 0.5714808492 0.8206154026
box 0.1 0.025 0.175 -0.4714750118 0.3877776662 0.9669275515 0 0 0.9869282536 0.1611602375
box 0.1 0.025 0.175 -0.9652857517 0.2431490695 0.9669275515 0 0 0.9992467111 -0.03880734971
box 0.025 0.025 0.35 -1.637405821 -0.2761720086 0.4169275515 0 0 0.9821509617 0.1880943603
box 0.025 0.025 0.35 -0.8010888997 -0.6086987109 0.4169275515 0 0 0.9821509617 0.1880943603
box 0.025 0.025 0.35 -1.009299827 1.303537731 0.4169275515 0 0 0.9821509617 0.1880943603
box 0.025 0.025 0.35 -0.1729829065 0.9710110287 0.4169275515 0 0 0.9821509617 0.1880943603
box 0.6 1 0.02 -0.9051943636 0.34741951 0.7669275515 0 0 0.9821509617 0.1880943603
cyl 0.03 0.06 -0.7360825396 0.2736658148 0.8669275515 0 0 0.9821509617 0.1880943603
cyl 0.05 0.175 -1.22426338 0.4794992926 0.9169275515 0 0 0.973111785 0.2303333537
end
problem table_pick 10
start 1.57 -1.5707 0 -1.5707 -1.57 3.14
goal -0.1833283378 -1.099092458 1.941568687 -0.8431824489 1.435604312 3.140545961
box 0.125 0.125 0.125 -0.3801074611 0.6316873542 1.019770995 0 0 0.9860550799 0.1664192882
box 0.1 0.01 0.2 0.2740135169 1.01342655 1.069770995 0 0 0.542660089 0.8399523962
box 0.01 0.1 0.2 -0.144537341 0.5489648939 1.069770995 0 0 0.9885593086 0.1508326667
box 0.1 0.025 0.175 0.2334120145 0.4581448933 1.069770995 0 0 0.9240766546 0.3822071905
box 0.1 0.025 0.175 -0.1206556719 0.9515580812 1.069770995 0 0 0.9634741667 0.2678012884
box 0.025 0.025 0.35 -0.7925978794 1.450033018 0.5197709955 0 0 0.6886557462 0.725088452
box 0.025 0.025 0.35 -0.8389537533 0.5512276258 0.5197709955 0 0 0.6886557462 0.725088452
box 0.025 0.025 0.35 0.9051456391 1.362471923 0.5197709955 0 0 0.6886557462 0.725088452
box 0.025 0.025 0.35 0.8587897652 0.4636665307 0.5197709955 0 0 0.6886557462 0.725088452
box 0.6 1 0.02 0.03309594292 0.9568497743 0.8697709955 0 0 0.6886557462 0.725088452
cyl 0.03 0.06 -0.009814494604 0.7484910981 0.9697709955 0 0 0.6886557462 0.725088452
cyl 0.05 0.175 0.09471397797 1.253275298 1.019770995 0 0 0.4856171524 0.8741715971
end
problem table_pick 11
start 1.57 -1.5707 0 -1.5707 -1.57 3.14
goal 0.5899224511 -0.7246423058 1.509573255 -0.7874661375 1.293326162 3.14159265
box 0.125 0.125 0.125 -0.8798198817 0.3454873313 0.9385836224 0 0 0.6232599187 0.7820147529
box 0.1 0.01 0.2 -0.7307967944 0.9605994142 0.9885836224 0 0 0.9364043172 -0.3509230039
box 0.01 0.1 0.2 -0.6229044793 0.3664720373 0.9885836224 0 0 0.5793371187 0.8150880338
box 0.1 0.025 0.175 -0.46162186 0.7315254815 0.9885836224 0 0 0.5528227405 0.8332988765
box 0.1 0.025 0.175 -0.9887887292 0.712160025 0.9885836224 0 0 0.7089807151 0.7052278679
box 0.025 0.025 0.35 -1.751025953 0.3900257818 0.4385836224 0 0 0.9381475377 0.3462357543
box 0.025 0.025 0.35 -1.066808509 -0.1946506148 0.4385836224 0 0 0.9381475377 0.3462357543
box 0.025 0.025 0.35 -0.6466372041 1.68243651 0.4385836224 0 0 0.9381475377 0.3462357543
box 0.025 0.025 0.35 0.03758024033 1.097760114 0.4385836224 0 0 0.9381475377 0.3462357543
box 0.6 1 0.02 -0.8567228564 0.7438929477 0.7885836224 0 0 0.9381475377 0.3462357543
cyl 0.03 0.06 -0.6366693796 0.6180965669 0.8885836224 0 0 0.9381475377 0.3462357543
cyl 0.05 0.175 -1.067946431 0.9143944473 0.9385836224 0 0 0.9510989326 -0.3088864201
end
problem table_pick 12
start 1.57 -1.5707 0 -1.5707 -1.57 3.14
goal 1.732490583 -2.218979824 -1.815501654 -2.251063785 -1.437669333 -3.141544128
box 0.125 0.125 0.125 0.8147220388 0.4020983334 0.9672711613 0 0 0.6229017965 0.7823000396
box 0.1 0.01 0.2 1.095879298 -0.2581728255 1.017271161 0 0 -0.3280288365 0.9446677101
box 0.01 0.1 0.2 0.6286480008 0.226366637 1.017271161 0 0 0.6607360821 0.7506182983
box 0.1 0.025 0.175 0.6911611939 -0.3091642333 1.017271161 0 0 -0.3864884017 0.9222942672
box 0.1 0.025 0.175 1.09899669 0.07950004483 1.017271161 0 0 0.6234660678 0.7818504092
box 0.025 0.025 0.35 1.4563359 0.8281417037 0.4672711613 0 0 0.01214209554 0.999926282
box 0.025 0.025 0.35 0.5566012746 0.8062875429 0.4672711613 0 0 0.01214209554 0.999926282
box 0.025 0.025 0.35 1.497615981 -0.8713570327 0.4672711613 0 0 0.01214209554 0.999926282
box 0.025 0.025 0.35 0.5978813561 -0.8932111935 0.4672711613 0 0 0.01214209554 0.999926282
box 0.6 1 0.02 1.027108628 -0.03253474491 0.8172711613 0 0 0.01214209554 0.999926282
cyl 0.03 0.06 0.7956506386 -0.02035069763 0.9172711613 0 0 0.01214209554 0.999926282
cyl 0.05 0.175 1.356911339 -0.0526914037 0.9672711613 0 0 -0.5806536282 0.8141507011
end
problem table_pick 13
start 1.57 -1.5707 0 -1.5707 -1.57 3.14
goal 0.345143575 -0.7664694104 1.326140187 -0.5611971194 1.472445721 -3.138514023
box 0.125 0.125 0.125 -0.7984300301 0.5239891252 1.020597906 0 0 0.8391272879 0.5439351015
box 0.1 0.01 0.2 -0.4784925504 1.164485277 1.070597906 0 0 0.9031068521 0.4294158982
box 0.01 0.1 0.2 -0.6010563074 0.6481233549 1.070597906 0 0 0.9998285296 -0.01851786753
box 0.1 0.025 0.175 -0.1711124961 0.7705126792 1.070597906 0 0 0.9997039755 0.02433025573
box 0.1 0.025 0.175 -0.6356533864 0.9523019251 1.070597906 0 0 0.5186400431 0.8549926934
box 0.025 0.025 0.35 -1.511179442 1.067959376 0.5205979059 0 0 0.8455697619 0.5338649434
box 0.025 0.025 0.35 -1.124200642 0.2554032805 0.5205979059 0 0 0.8455697619 0.5338649434
box 0.025 0.025 0.35 0.02364873873 1.798919332 0.5205979059 0 0 0.8455697619 0.5338649434
box 0.025 0.025 0.35 0.4106275388 0.9863632362 0.5205979059 0 0 0.8455697619 0.5338649434
box 0.6 1 0.02 -0.5502759514 1.027161306 0.8705979059 0 0 0.8455697619 0.5338649434
cyl 0.03 0.06 -0.4395802822 0.8193235914 0.9705979059 0 0 0.8455697619 0.5338649434
cyl 0.05 0.175 -0.7125697351 1.341026608 1.020597906 0 0 0.9460367599 0.3240593292
end
problem table_pick 14
start 1.57 -1.5707 0 -1.5707 -1.57 3.14
goal 3.09287866 -2.218780075 -1.615722896 -2.447851671 -1.339990772 -3.14159265
box 0.125 0.125 0.125 -0.2784699839 0.9435991911 1.022241193 0 0 0.3579647207 0.9337351117
box 0.1 0.01 0.2 0.5403804924 1.007755983 1.072241193 0 0 0.700569389 0.7135842846
box 0.01 0.1 0.2 -0.1169523992 0.7745486595 1.072241193 0 0 0.8910743984 0.4538572644
box 0.1 0.025 0.175 0.3709199229 0.516927497 1.072241193 0 0 -0.1346675034 0.9908908434
box 0.1 0.025 0.175 0.02123133095 1.100933816 1.072241193 0 0 0.4231587866 0.9060555399
box 0.025 0.025 0.35 -0.4251204492 1.703937748 0.5222411926 0 0 0.6003710348 0.7997215894
box 0.025 0.025 0.35 -0.6763187662 0.8397043269 0.5222411926 0 0 0.6003710348 0.7997215894
box 0.025 0.025 0.35 1.207320457 1.229452038 0.5222411926 0 0 0.6003710348 0.7997215894
box 0.025 0.025 0.35 0.9561221396 0.365218617 0.5222411926 0 0 0.6003710348 0.7997215894
box 0.6 1 0.02 0.2655008452 1.034578182 0.8722411926 0 0 0.6003710348 0.7997215894
cyl 0.03 0.06 0.2152708896 0.8234562178 0.9722411926 0 0 0.6003710348 0.7997215894
cyl 0.05 0.175 0.3195496285 1.245507773 1.022241193 0 0 0.05129283907 0.9986836559
end
problem table_pick 15
start 1.57 -1.5707 0 -1.5707 -1.57 3.14
goal -1.956993663 -2.335205772 -1.23488824 -2.714648942 -1.447573591 3.13971154
box 0.125 0.125 0.125 -0.9977626006 0.1128429609 1.077537694 0 0 -0.864843856 0.5020409393
box 0.1 0.01 0.2 -0.8271293429 0.7435870288 1.127537694 0 0 0.9998065624 0.01966819055
box 0.01 0.1 0.2 -0.7547891427 0.2347724739 1.127537694 0 0 0.8336261257 0.5523291432
box 0.1 0.025 0.175 -0.6323156599 0.5965442225 1.127537694 0 0 0.9684998466 -0.2490141506
box 0.1 0.025 0.175 -1.060809721 0.495692607 1.127537694 0 0 0.7350366344 0.6780273934
box 0.025 0.025 0.35 -1.798789896 0.05739233398 0.5775376935 0 0 0.9672515431 0.253819724
box 0.025 0.025 0.35 -1.01475391 -0.3845212015 0.5775376935 0 0 0.9672515431 0.253819724
box 0.025 0.025 0.35 -0.9640643292 1.538349196 0.5775376935 0 0 0.9672515431 0.253819724
box 0.025 0.025 0.35 -0.1800283433 1.096435661 0.5775376935 0 0 0.9672515431 0.253819724
box 0.6 1 0.02 -0.9894091198 0.5769139973 0.9275376935 0 0 0.9672515431 0.253819724
cyl 0.03 0.06 -0.8075487176 0.4858542193 1.027537694 0 0 0.9672515431 0.253819724
cyl 0.05 0.175 -1.333357308 0.7519396713 1.077537694 0 0 0.7480947449 0.6635919323
end
problem table_pick 16
start 1.57 -1.5707 0 -1.5707 -1.57 3.14
goal 2.570820569 -2.217477774 -1.646072487 -2.416844789 -1.422567855 3.141584284
box 0.125 0.125 0.125 0.2513542877 0.7192287723 1.014059838 0 0 0.6814030041 0.7319084274
box 0.1 0.01 0.2 0.7828761918 0.564900158 1.064059838 0 0 -0.1141776482 0.9934603488
box 0.01 0.1 0.2 0.3348306446 0.5551685987 1.064059838 0 0 0.782702745 0.6223957045
box 0.1 0.025 0.175 0.5329000162 0.254050659 1.064059838 0 0 -0.27939638 0.9601758499
box 0.1 0.025 0.175 0.5020006969 0.8642279853 1.064059838 0 0 0.6079448268 0.793979274
box 0.025 0.025 0.35 0.389575108 1.636599786 0.5140598379 0 0 0.4127206347 0.9108576605
box 0.025 0.025 0.35 -0.2038159119 0.9599262332 0.5140598379 0 0 0.4127206347 0.9108576605
box 0.025 0.025 0.35 1.667736264 0.5157500821 0.5140598379 0 0 0.4127206347 0.9108576605
box 0.025 0.025 0.35 1.074345244 -0.1609234711 0.5140598379 0 0 0.4127206347 0.9108576605
box 0.6 1 0.02 0.731960176 0.7378381576 0.8640598379 0 0 0.4127206347 0.9108576605
cyl 0.03 0.06 0.5757935091 0.6164089998 0.9640598379 0 0 0.4127206347 0.9108576605
cyl 0.05 0.175 0.8085187133 0.9517412606 1.014059838 0 0 0.750821602 0.6605050507
end
problem table_pick 17
start 1.57 -1.5707 0 -1.5707 -1.57 3.14
goal 0.947833763 -1.066543434 2.018779997 -0.9494930041 1.189282285 -3.140625072
box 0.125 0.125 0.125 -0.7616844112 -0.1769974148 0.9862621182 0 0 0.7851933051 0.6192507357
box 0.1 0.01 0.2 -0.8246193151 0.537119183 1.036262118 0 0 0.8813687658 -0.4724289351
box 0.01 0.1 0.2 -0.6908551685 -0.02808244798 1.036262118 0 0 0.9714203022 -0.2373659547
box 0.1 0.025 0.175 -0.4904670565 0.4125999856 1.036262118 0 0 -0.8516080478 0.5241791038
box 0.1 0.025 0.175 -1.058608041 0.0007495657069 1.036262118 0 0 0.9931540717 0.1168117712
box 0.025 0.025 0.35 -1.575477033 -0.4560221666 0.4862621182 0 0 0.9928199443 0.1196183859
box 0.025 0.025 0.35 -0.7012324381 -0.6697893011 0.4862621182 0 0 0.9928199443 0.1196183859
box 0.025 0.025 0.35 -1.171694668 1.195328735 0.4862621182 0 0 0.9928199443 0.1196183859
box 0.025 0.025 0.35 -0.2974500729 0.9815616009 0.4862621182 0 0 0.9928199443 0.1196183859
box 0.6 1 0.02 -0.9364635531 0.2627697171 0.8362621182 0 0 0.9928199443 0.1196183859
cyl 0.03 0.06 -0.6890558383 0.2313314641 0.9362621182 0 0 0.9928199443 0.1196183859
cyl 0.05 0.175 -1.262305319 0.4294412011 0.9862621182 0 0 0.9979638537 -0.06378202436
end
problem table_pick 18
start 1.57 -1.5707 0 -1.5707 -1.57 3.14
goal -0.1167021 -0.69051195 1.422993109 -0.731125099 1.405276398 -3.14159265
box 0.125 0.125 0.125 -0.5351312592 0.7907186273 0.9427912817 0 0 0.9393835526 0.3428681103
box 0.1 0.01 0.2 0.04930229643 1.174702845 0.9927912817 0 0 0.7746876779 0.6323440532
box 0.01 0.1 0.2 -0.2803942543 0.6549616795 0.9927912817 0 0 0.3913249196 0.920252578
box 0.1 0.025 0.175 0.1805510482 0.728738532 0.9927912817 0 0 0.9977247952 0.06741834349
box 0.1 0.025 0.175 -0.30489588 1.060104971 0.9927912817 0 0 0.9800165848 0.1989157952
box 0.025 0.025 0.35 -0.9486398776 1.487237708 0.4427912817 0 0 0.7224072517 0.691467832
box 0.025 0.025 0.35 -0.9092698505 0.5880992314 0.4427912817 0 0 0.7224072517 0.691467832
box 0.025 0.025 0.35 0.7497328013 1.561603315 0.4427912817 0 0 0.7224072517 0.691467832
box 0.025 0.025 0.35 0.7891028284 0.662464838 0.4427912817 0 0 0.7224072517 0.691467832
box 0.6 1 0.02 -0.07976852461 1.074851273 0.7927912817 0 0 0.7224072517 0.691467832
cyl 0.03 0.06 -0.04719938802 0.9104198511 0.8927912817 0 0 0.7224072517 0.691467832
cyl 0.05 0.175 -0.1744421733 1.427888361 0.9427912817 0 0 0.7826405549 0.6224739046
end
problem table_pick 19
start 1.57 -1.5707 0 -1.5707 -1.57 3.14
goal 1.032453926 -0.9262643739 1.519382993 -0.5930230444 1.308994752 -3.140374659
box 0.125 0.125 0.125 -0.8776658438 -0.158185353 1.054373665 0 0 -0.8646960114 0.5022955384
box 0.1 0.01 0.2 -0.924666018 0.51794725 1.104373665 0 0 0.8125447077 0.5828988746
box 0.01 0.1 0.2 -0.6528335413 0.05574447169 1.104373665 0 0 -0.825868091 0.5638633667
box 0.1 0.025 0.175 -0.5219731526 0.4533909258 1.104373665 0 0 -0.8656616772 0.5006294645
box 0.1 0.025 0.175 -1.074857461 0.2481429861 1.104373665 0 0 0.8779474969 0.4787569243
box 0.025 0.025 0.35 -1.664879918 -0.3379664013 0.5543736652 0 0 0.9903798235 0.1383755947
box 0.025 0.025 0.35 -0.7993459673 -0.584646316 0.5543736652 0 0 0.9903798235 0.1383755947
box 0.025 0.025 0.35 -1.198928968 1.296931061 0.5543736652 0 0 0.9903798235 0.1383755947
box 0.025 0.025 0.35 -0.3333950172 1.050251146 0.5543736652 0 0 0.9903798235 0.1383755947
box 0.6 1 0.02 -0.9991374675 0.3561423725 0.9043736652 0 0 0.9903798235 0.1383755947
cyl 0.03 0.06 -0.8258136294 0.2817169781 1.004373665 0 0 0.9903798235 0.1383755947
cyl 0.05 0.175 -1.307693809 0.5260811641 1.054373665 0 0 0.8910582558 -0.4538889563
end
problem table_pick 20
start 1.57 -1.5707 0 -1.5707 -1.57 3.14
goal 2.103250585 -2.488006526 -1.424551517 -2.368540641 -1.393414677 3.1404116
box 0.125 0.125 0.125 0.5225080108 0.7639557159 0.91913845 0 0 0.3282099556 0.9446047983
box 0.1 0.01 0.2 1.129689937 0.1701058784 0.96913845 0 0 0.7467735781 0.6650783586
box 0.01 0.1 0.2 0.5696212118 0.4351048832 0.96913845 0 0 0.4548999509 0.8905425507
box 0.1 0.025 0.175 0.6395780127 0.06262980047 0.96913845 0 0 0.2056118221 0.9786336284
box 0.1 0.025 0.175 0.8664783896 0.6038597691 0.96913845 0 0 0.3326054162 0.9430660831
box 0.025 0.025 0.35 1.157482288 1.386911839 0.41913845 0 0 0.1763063674 0.9843353417
box 0.025 0.025 0.35 0.3134333716 1.07453158 0.41913845 0 0 0.1763063674 0.9843353417
box 0.025 0.025 0.35 1.747533889 -0.2074027811 0.41913845 0 0 0.1763063674 0.9843353417
box 0.025 0.025 0.35 0.903484972 -0.5197830401 0.41913845 0 0 0.1763063674 0.9843353417
box 0.6 1 0.02 1.03048363 0.4335643996 0.76913845 0 0 0.1763063674 0.9843353417
cyl 0.03 0.06 0.8535527844 0.317694752 0.86913845 0 0 0.1763063674 0.9843353417
cyl 0.05 0.175 1.356406991 0.6477267224 0.91913845 0 0 0.7770969595 0.6293808986
end
problem cage 1
start 1.57 -1.5707 0 -1.5707 -1.57 3.14
goal -0.3349380838 -0.482370965 1.189500897 -2.274744097 -1.570496964 -0.1431679786
box 0.035 0.035 0.035 0.2087649193 0.7522271298 0.6171387767 0 0 0.6380427776 0.7700009182
box 0.35 0.35 0.02 0.2087649193 0.7522271298 0.5371387767 0 0 0.6380427776 0.7700009182
box 0.02 0.35 0.35 0.2737959091 1.096132597 0.8971387767 0 0 0.6380427776 0.7700009182
box 0.325 0.325 0.02 0.2180550607 0.8013564823 1.247138777 0 0 0.6380427776 0.7700009182
box 0.02 0.35 0.02 0.1437339295 0.4083216626 0.6971387767 0 0 0.6380427776 0.7700009182
box 0.02 0.35 0.02 0.1437339295 0.4083216626 0.9971387767 0 0 0.6380427776 0.7700009182
box 0.35 0.02 0.35 0.5526703865 0.6871961401 0.8971387767 0 0 0.6380427776 0.7700009182
box 0.35 0.02 0.35 -0.1351405479 0.8172581196 0.8971387767 0 0 0.6380427776 0.7700009182
end
problem cage 2
start 1.57 -1.5707 0 -1.5707 -1.57 3.14
goal 0.09441229688 -0.5282535176 1.245862668 -2.280899782 -1.574210685 -0.05266660779
box 0.035 0.035 0.035 -0.158823008 0.7500695531 0.627799394 0 0 0.7598955867 0.6500451502
box 0.35 0.35 0.02 -0.158823008 0.7500695531 0.547799394 0 0 0.7598955867 0.6500451502
box 0.02 0.35 0.35 -0.2130319199 1.095846062 0.907799394 0 0 0.7598955867 0.6500451502
box 0.325 0.325 0.02 -0.1665671382 0.7994661972 1.257799394 0 0 0.7598955867 0.6500451502
box 0.02 0.35 0.02 -0.1046140961 0.4042930445 0.707799394 0 0 0.7598955867 0.6500451502
box 0.02 0.35 0.02 -0.1046140961 0.4042930445 1.007799394 0 0 0.7598955867 0.6500451502
box 0.35 0.02 0.35 0.1869535006 0.804278465 0.907799394 0 0 0.7598955867 0.6500451502
box 0.35 0.02 0.35 -0.5045995165 0.6958606412 0.907799394 0 0 0.7598955867 0.6500451502
end
problem cage 3
start 1.57 -1.5707 0 -1.5707 -1.57 3.14
goal -0.2782969641 -0.8073828199 1.502045516 -2.264004864 -1.560983245 -0.03981417285
box 0.035 0.035 0.035 0.10601322 0.6825261048 0.7331816326 0 0 0.6167625691 0.7871492447
box 0.35 0.35 0.02 0.10601322 0.6825261048 0.6531816326 0 0 0.6167625691 0.7871492447
box 0.02 0.35 0.35 0.1897359734 1.022365038 1.013181633 0 0 0.6167625691 0.7871492447
box 0.325 0.325 0.02 0.1179736133 0.7310745239 1.363181633 0 0 0.6167625691 0.7871492447
box 0.02 0.35 0.02 0.02229046664 0.3426871715 0.8131816326 0 0 0.6167625691 0.7871492447
box 0.02 0.35 0.02 0.02229046664 0.3426871715 1.113181633 0 0 0.6167625691 0.7871492447
box 0.35 0.02 0.35 0.4458521533 0.5988033515 1.013181633 0 0 0.6167625691 0.7871492447
box 0.35 0.02 0.35 -0.2338257133 0.7662488582 1.013181633 0 0 0.6167625691 0.7871492447
end
problem cage 4
start 1.57 -1.5707 0 -1.5707 -1.57 3.14
goal -0.2273961509 -0.3485581442 1.060269315 -2.279703651 -1.56935162 -0.1169937427
box 0.035 0.035 0.035 0.1067811935 0.7952709394 0.5675210857 0 0 0.6669612706 0.7450923859
box 0.35 0.35 0.02 0.1067811935 0.7952709394 0.4875210857 0 0 0.6669612706 0.7450923859
box 0.02 0.35 0.35 0.1453950579 1.143134375 0.8475210857 0 0 0.6669612706 0.7450923859
box 0.325 0.325 0.02 0.1122974598 0.8449657159 1.197521086 0 0 0.6669612706 0.7450923859
box 0.02 0.35 0.02 0.06816732904 0.4474075043 0.6475210857 0 0 0.6669612706 0.7450923859
box 0.02 0.35 0.02 0.06816732904 0.4474075043 0.9475210857 0 0 0.6669612706 0.7450923859
box 0.35 0.02 0.35 0.4546446286 0.756657075 0.8475210857 0 0 0.6669612706 0.7450923859
box 0.35 0.02 0.35 -0.2410822416 0.8338848039 0.8475210857 0 0 0.6669612706 0.7450923859
end
problem cage 5
start 1.57 -1.5707 0 -1.5707 -1.57 3.14
goal -0.1978106579 -0.3006593815 1.008342217 -2.27111041 -1.580650342 -0.04250241112
box 0.035 0.035 0.035 0.1120943668 0.8018421106 0.5488423064 0 0 0.6529022025 0.7574422182
box 0.35 0.35 0.02 0.1120943668 0.8018421106 0.4688423064 0 0 0.6529022025 0.7574422182
box 0.02 0.35 0.35 0.1636974665 1.148017095 0.8288423064 0 0 0.6529022025 0.7574422182
box 0.325 0.325 0.02 0.1194662382 0.8512956799 1.178842306 0 0 0.6529022025 0.7574422182
box 0.02 0.35 0.02 0.06049126707 0.4556671258 0.6288423064 0 0 0.6529022025 0.7574422182
box 0.02 0.35 0.02 0.06049126707 0.4556671258 0.9288423064 0 0 0.6529022025 0.7574422182
box 0.35 0.02 0.35 0.4582693516 0.7502390109 0.8288423064 0 0 0.6529022025 0.7574422182
box 0.35 0.02 0.35 -0.234080618 0.8534452104 0.8288423064 0 0 0.6529022025 0.7574422182
end
problem cage 6
start 1.57 -1.5707 0 -1.5707 -1.57 3.14
goal -0.005999408136 -0.5801512803 1.10427193 -2.085467057 -1.566501129 0.005530254947
box 0.035 0.035 0.035 -0.05705182117 0.7966798953 0.7075976121 0 0 0.7017930184 0.7123809088
box 0.35 0.35 0.02 -0.05705182117 0.7966798953 0.6275976121 0 0 0.7017930184 0.7123809088
box 0.02 0.35 0.35 -0.05181122967 1.146640659 0.9875976121 0 0 0.7017930184 0.7123809088
box 0.325 0.325 0.02 -0.05630316524 0.8466742901 1.337597612 0 0 0.7017930184 0.7123809088
box 0.02 0.35 0.02 -0.06229241267 0.4467191315 0.7875976121 0 0 0.7017930184 0.7123809088
box 0.02 0.35 0.02 -0.06229241267 0.4467191315 1.087597612 0 0 0.7017930184 0.7123809088
box 0.35 0.02 0.35 0.2929089426 0.7914393038 0.9875976121 0 0 0.7017930184 0.7123809088
box 0.35 0.02 0.35 -0.407012585 0.8019204868 0.9875976121 0 0 0.7017930184 0.7123809088
end
problem cage 7
start 1.57 -1.5707 0 -1.5707 -1.57 3.14
goal -0.1544573788 -0.4807687405 1.190422628 -2.279746883 -1.578587011 -0.07846705602
box 0.035 0.035 0.035 0.07680238479 0.761413272 0.6166890088 0 0 0.6822893979 0.7310821961
box 0.35 0.35 0.02 0.07680238479 0.761413272 0.5366890088 0 0 0.6822893979 0.7310821961
box 0.02 0.35 0.35 0.100939209 1.110580014 0.8966890088 0 0 0.6822893979 0.7310821961
box 0.325 0.325 0.02 0.08025050254 0.8112942352 1.246689009 0 0 0.6822893979 0.7310821961
box 0.02 0.35 0.02 0.05266556055 0.4122465301 0.6966890088 0 0 0.6822893979 0.7310821961
box 0.02 0.35 0.02 0.05266556055 0.4122465301 0.9966890088 0 0 0.6822893979 0.7310821961
box 0.35 0.02 0.35 0.4259691268 0.7372764478 0.8966890088 0 0 0.6822893979 0.7310821961
box 0.35 0.02 0.35 -0.2723643572 0.7855500963 0.8966890088 0 0 0.6822893979 0.7310821961
end
problem cage 8
start 1.57 -1.5707 0 -1.5707 -1.57 3.14
goal -0.1939104275 -0.3882801127 0.8741639738 -2.060117751 -1.570988219 0.02212862269
box 0.035 0.035 0.035 0.08390123578 0.812212073 0.6519365245 0 0 0.6243705696 0.7811282813
box 0.35 0.35 0.02 0.08390123578 0.812212073 0.5719365245 0 0 0.6243705696 0.7811282813
box 0.02 0.35 0.35 0.1610142101 1.15361153 0.9319365245 0 0 0.6243705696 0.7811282813
box 0.325 0.325 0.02 0.09491737496 0.860983424 1.281936525 0 0 0.6243705696 0.7811282813
box 0.02 0.35 0.02 0.006788261502 0.470812616 0.7319365245 0 0 0.6243705696 0.7811282813
box 0.02 0.35 0.02 0.006788261502 0.470812616 1.031936525 0 0 0.6243705696 0.7811282813
box 0.35 0.02 0.35 0.4253006927 0.7350990987 0.9319365245 0 0 0.6243705696 0.7811282813
box 0.35 0.02 0.35 -0.2574982212 0.8893250473 0.9319365245 0 0 0.6243705696 0.7811282813
end
problem cage 9
start 1.57 -1.5707 0 -1.5707 -1.57 3.14
goal -0.2210260849 -0.4591846898 1.03732527 -2.144928054 -1.566611999 0.01445949064
box 0.035 0.035 0.035 0.1012638472 0.8038027732 0.6451709166 0 0 0.6204839203 0.7842191688
box 0.35 0.35 0.02 0.1012638472 0.8038027732 0.5651709166 0 0 0.6204839203 0.7842191688
box 0.02 0.35 0.35 0.1817636404 1.144419542 0.9251709166 0 0 0.6204839203 0.7842191688
box 0.325 0.325 0.02 0.1127638176 0.8524623116 1.275170917 0 0 0.6204839203 0.7842191688
box 0.02 0.35 0.02 0.02076405392 0.4631860043 0.7251709166 0 0 0.6204839203 0.7842191688
box 0.02 0.35 0.02 0.02076405392 0.4631860043 1.025170917 0 0 0.6204839203 0.7842191688
box 0.35 0.02 0.35 0.4418806161 0.7233029799 0.9251709166 0 0 0.6204839203 0.7842191688
box 0.35 0.02 0.35 -0.2393529218 0.8843025665 0.9251709166 0 0 0.6204839203 0.7842191688
end
problem cage 10
start 1.57 -1.5707 0 -1.5707 -1.57 3.14
goal -0.351156758 -0.5664071731 1.369625622 -2.380478999 -1.56790133 -0.02885706607
box 0.035 0.035 0.035 0.1909864174 0.7092775036 0.6186016113 0 0 0.5808151642 0.8140354691
box 0.35 0.35 0.02 0.1909864174 0.7092775036 0.5386016113 0 0 0.5808151642 0.8140354691
box 0.02 0.35 0.35 0.3048440389 1.040240405 0.8986016113 0 0 0.5808151642 0.8140354691
box 0.325 0.325 0.02 0.2072517919 0.756557918 1.248601611 0 0 0.5808151642 0.8140354691
box 0.02 0.35 0.02 0.07712879589 0.3783146023 0.6986016113 0 0 0.5808151642 0.8140354691
box 0.02 0.35 0.02 0.07712879589 0.3783146023 0.9986016113 0 0 0.5808151642 0.8140354691
box 0.35 0.02 0.35 0.5219493187 0.5954198821 0.8986016113 0 0 0.5808151642 0.8140354691
box 0.35 0.02 0.35 -0.1399764839 0.8231351251 0.8986016113 0 0 0.5808151642 0.8140354691
end
problem cage 11
start 1.57 -1.5707 0 -1.5707 -1.57 3.14
goal 0.07794217026 -0.649693985 1.403683347 -2.331171926 -1.579093753 -0.07445737524
box 0.035 0.035 0.035 -0.1236363042 0.7015425243 0.6680516593 0 0 0.7607439966 0.6490520562
box 0.35 0.35 0.02 -0.1236363042 0.7015425243 0.5880516593 0 0 0.7607439966 0.6490520562
box 0.02 0.35 0.35 -0.1787483041 1.047176243 0.9480516593 0 0 0.7607439966 0.6490520562
box 0.325 0.325 0.02 -0.1315094471 0.7509187698 1.298051659 0 0 0.7607439966 0.6490520562
box 0.02 0.35 0.02 -0.0685243044 0.3559088056 0.7480516593 0 0 0.7607439966 0.6490520562
box 0.02 0.35 0.02 -0.0685243044 0.3559088056 1.048051659 0 0 0.7607439966 0.6490520562
box 0.35 0.02 0.35 0.2219974144 0.7566545241 0.9480516593 0 0 0.7607439966 0.6490520562
box 0.35 0.02 0.35 -0.4692700229 0.6464305244 0.9480516593 0 0 0.7607439966 0.6490520562
end
problem cage 12
start 1.57 -1.5707 0 -1.5707 -1.57 3.14
goal -0.3491062668 -0.5800777109 1.222781419 -2.216286998 -1.571817007 0.006511700957
box 0.035 0.035 0.035 0.2230966949 0.7270627859 0.6719227096 0 0 0.5693414442 0.8221011616
box 0.35 0.35 0.02 0.2230966949 0.7270627859 0.5919227096 0 0 0.5693414442 0.8221011616
box 0.02 0.35 0.35 0.3461919188 1.05470217 0.9519227096 0 0 0.5693414442 0.8221011616
box 0.325 0.325 0.02 0.2406817268 0.7738684122 1.30192271 0 0 0.5693414442 0.8221011616
box 0.02 0.35 0.02 0.1000014709 0.3994234021 0.7519227096 0 0 0.5693414442 0.8221011616
box 0.02 0.35 0.02 0.1000014709 0.3994234021 1.05192271 0 0 0.5693414442 0.8221011616
box 0.35 0.02 0.35 0.5507360787 0.603967562 0.9519227096 0 0 0.5693414442 0.8221011616
box 0.35 0.02 0.35 -0.104542689 0.8501580098 0.9519227096 0 0 0.5693414442 0.8221011616
end
problem cage 13
start 1.57 -1.5707 0 -1.5707 -1.57 3.14
goal 0.008431943248 -0.3653895439 1.039871651 -2.25266063 -1.563272056 -0.1712590683
box 0.035 0.035 0.035 -0.0616640758 0.783274328 0.5859685969 0 0 0.7643290106 0.6448264601
box 0.35 0.35 0.02 -0.0616640758 0.783274328 0.5059685969 0 0 0.7643290106 0.6448264601
box 0.02 0.35 0.35 -0.1206032613 1.128276027 0.8659685969 0 0 0.7643290106 0.6448264601
box 0.325 0.325 0.02 -0.07008395945 0.832560285 1.215968597 0 0 0.7643290106 0.6448264601
box 0.02 0.35 0.02 -0.002724890311 0.4382726288 0.6659685969 0 0 0.7643290106 0.6448264601
box 0.02 0.35 0.02 -0.002724890311 0.4382726288 0.9659685969 0 0 0.7643290106 0.6448264601
box 0.35 0.02 0.35 0.2833376233 0.8422135135 0.8659685969 0 0 0.7643290106 0.6448264601
box 0.35 0.02 0.35 -0.4066657749 0.7243351425 0.8659685969 0 0 0.7643290106 0.6448264601
end
problem cage 14
start 1.57 -1.5707 0 -1.5707 -1.57 3.14
goal -0.5923043209 -0.6000422116 1.169083607 -2.148847823 -1.57099036 -0.2370982559
box 0.035 0.035 0.035 0.3610757354 0.6809533737 0.7019754148 0 0 0.5688316939 0.8224539525
box 0.35 0.35 0.02 0.3610757354 0.6809533737 0.6219754148 0 0 0.5688316939 0.8224539525
box 0.02 0.35 0.35 0.4845770882 1.008439886 0.9819754148 0 0 0.5688316939 0.8224539525
box 0.325 0.325 0.02 0.3787187858 0.7277371612 1.331975415 0 0 0.5688316939 0.8224539525
box 0.02 0.35 0.02 0.2375743826 0.3534668612 0.7819754148 0 0 0.5688316939 0.8224539525
box 0.02 0.35 0.02 0.2375743826 0.3534668612 1.081975415 0 0 0.5688316939 0.8224539525
box 0.35 0.02 0.35 0.6885622478 0.5574520209 0.9819754148 0 0 0.5688316939 0.8224539525
box 0.35 0.02 0.35 0.03358922289 0.8044547265 0.9819754148 0 0 0.5688316939 0.8224539525
end
problem cage 15
start 1.57 -1.5707 0 -1.5707 -1.57 3.14
goal -0.16131729 -0.1910680049 0.7291212902 -2.114977541 -1.579084213 -0.01221429533
box 0.035 0.035 0.035 0.09628697849 0.8459602112 0.5575621949 0 0 0.6506943723 0.7593397355
box 0.35 0.35 0.02 0.09628697849 0.8459602112 0.4775621949 0 0 0.6506943723 0.7593397355
box 0.02 0.35 0.35 0.1499047622 1.191828876 0.8375621949 0 0 0.6506943723 0.7593397355
box 0.325 0.325 0.02 0.1039466619 0.8953700204 1.187562195 0 0 0.6506943723 0.7593397355
box 0.02 0.35 0.02 0.04266919481 0.5000915464 0.6375621949 0 0 0.6506943723 0.7593397355
box 0.02 0.35 0.02 0.04266919481 0.5000915464 0.9375621949 0 0 0.6506943723 0.7593397355
box 0.35 0.02 0.35 0.4421556433 0.7923424275 0.8375621949 0 0 0.6506943723 0.7593397355
box 0.35 0.02 0.35 -0.2495816863 0.8995779949 0.8375621949 0 0 0.6506943723 0.7593397355
end
problem cage 16
start 1.57 -1.5707 0 -1.5707 -1.57 3.14
goal -0.2155830707 -0.6433542551 1.464551323 -2.389176283 -1.572155182 -0.182658795
box 0.035 0.035 0.035 0.1073995184 0.7172530335 0.6416547507 0 0 0.6960351245 0.7180077336
box 0.35 0.35 0.02 0.1073995184 0.7172530335 0.5616547507 0 0 0.6960351245 0.7180077336
box 0.02 0.35 0.35 0.1182740922 1.067084055 0.9216547507 0 0 0.6960351245 0.7180077336
box 0.325 0.325 0.02 0.108953029 0.7672288937 1.271654751 0 0 0.6960351245 0.7180077336
box 0.02 0.35 0.02 0.09652494457 0.3674220119 0.7216547507 0 0 0.6960351245 0.7180077336
box 0.02 0.35 0.02 0.09652494457 0.3674220119 1.021654751 0 0 0.6960351245 0.7180077336
box 0.35 0.02 0.35 0.45723054 0.7063784596 0.9216547507 0 0 0.6960351245 0.7180077336
box 0.35 0.02 0.35 -0.2424315031 0.7281276073 0.9216547507 0 0 0.6960351245 0.7180077336
end
problem cage 17
start 1.57 -1.5707 0 -1.5707 -1.57 3.14
goal -0.5189408809 -0.5996459721 1.345053949 -2.313007773 -1.571543556 -0.1753046941
box 0.035 0.035 0.035 0.332980531 0.6732159639 0.6458680344 0 0 0.5790636039 0.8152823699
box 0.35 0.35 0.02 0.332980531 0.6732159639 0.5658680344 0 0 0.5790636039 0.8152823699
box 0.02 0.35 0.35 0.4482602708 1.003686207 0.9258680344 0 0 0.5790636039 0.8152823699
box 0.325 0.325 0.02 0.3494490652 0.7204259987 1.275868034 0 0 0.5790636039 0.8152823699
box 0.02 0.35 0.02 0.2177007912 0.3427457208 0.7258680344 0 0 0.5790636039 0.8152823699
box 0.02 0.35 0.02 0.2177007912 0.3427457208 1.025868034 0 0 0.5790636039 0.8152823699
box 0.35 0.02 0.35 0.6634507741 0.5579362241 0.9258680344 0 0 0.5790636039 0.8152823699
box 0.35 0.02 0.35 0.002510287846 0.7884957038 0.9258680344 0 0 0.5790636039 0.8152823699
end
problem cage 18
start 1.57 -1.5707 0 -1.5707 -1.57 3.14
goal -0.2528836145 -0.3632484714 1.019361356 -2.234185515 -1.575833212 -0.1427336394
box 0.035 0.035 0.035 0.121969579 0.8105308991 0.5878362468 0 0 0.6692517288 0.7430357485
box 0.35 0.35 0.02 0.121969579 0.8105308991 0.5078362468 0 0 0.6692517288 0.7430357485
box 0.02 0.35 0.35 0.1584410655 1.158625471 0.8678362468 0 0 0.6692517288 0.7430357485
box 0.325 0.325 0.02 0.1271797914 0.860258695 1.217836247 0 0 0.6692517288 0.7430357485
box 0.02 0.35 0.02 0.08549809255 0.4624363276 0.6678362468 0 0 0.6692517288 0.7430357485
box 0.02 0.35 0.02 0.08549809255 0.4624363276 0.9678362468 0 0 0.6692517288 0.7430357485
box 0.35 0.02 0.35 0.4700641505 0.7740594126 0.8678362468 0 0 0.6692517288 0.7430357485
box 0.35 0.02 0.35 -0.2261249924 0.8470023856 0.8678362468 0 0 0.6692517288 0.7430357485
end
problem cage 19
start 1.57 -1.5707 0 -1.5707 -1.57 3.14
goal -0.5505266695 -0.6510707521 1.446232359 -2.357925947 -1.567196869 -0.1921754754
box 0.035 0.035 0.035 0.3417678699 0.6606925308 0.6521968917 0 0 0.5655169547 0.8247366694
box 0.35 0.35 0.02 0.3417678699 0.6606925308 0.5721968917 0 0 0.5655169547 0.8247366694
box 0.02 0.35 0.35 0.4679012716 0.9871743297 0.9321968917 0 0 0.5655169547 0.8247366694
box 0.325 0.325 0.02 0.3597869273 0.7073327878 1.282196892 0 0 0.5655169547 0.8247366694
box 0.02 0.35 0.02 0.2156344682 0.334210732 0.7321968917 0 0 0.5655169547 0.8247366694
box 0.02 0.35 0.02 0.2156344682 0.334210732 1.032196892 0 0 0.5655169547 0.8247366694
box 0.35 0.02 0.35 0.6682496687 0.5345591291 0.9321968917 0 0 0.5655169547 0.8247366694
box 0.35 0.02 0.35 0.01528607107 0.7868259326 0.9321968917 0 0 0.5655169547 0.8247366694
end
problem cage 20
start 1.57 -1.5707 0 -1.5707 -1.57 3.14
goal -0.2025698332 -0.3824859717 1.066295508 -2.252683173 -1.580287487 -0.1045529325
box 0.035 0.035 0.035 0.115217192 0.7744504744 0.5917113926 0 0 0.6747009319 0.7380912224
box 0.35 0.35 0.02 0.115217192 0.7744504744 0.5117113926 0 0 0.6747009319 0.7380912224
box 0.02 0.35 0.35 0.1465622487 1.123044059 0.8717113926 0 0 0.6747009319 0.7380912224
box 0.325 0.325 0.02 0.1196950572 0.824249558 1.221711393 0 0 0.6747009319 0.7380912224
box 0.02 0.35 0.02 0.0838721352 0.4258568895 0.6717113926 0 0 0.6747009319 0.7380912224
box 0.02 0.35 0.02 0.0838721352 0.4258568895 0.9717113926 0 0 0.6747009319 0.7380912224
box 0.35 0.02 0.35 0.4638107768 0.7431054176 0.8717113926 0 0 0.6747009319 0.7380912224
box 0.35 0.02 0.35 -0.2333763929 0.8057955312 0.8717113926 0 0 0.6747009319 0.7380912224
end
