# generated by scripts/mbm_to_scenes.py from external/vamp/resources/ur5/problems.json
# robot: ur5
# joints: shoulder_pan_joint shoulder_lift_joint elbow_joint wrist_1_joint wrist_2_joint wrist_3_joint
problem bookshelf_tall 1
start 1.57 -1.5707 0 -1.5707 -1.57 3.14
goal -2.809498013 -1.567506499 -1.817198071 0.2366630976 1.395819898 0.00760190283
box 0.6 0.5 0.02 -0.1357171669 1.169822548 0.7 0 0 0.7572787938 0.6530917459
box 0.6 0.5 0.02 -0.1357171669 1.169822548 1 0 0 0.7572787938 0.6530917459
box 0.6 0.5 0.02 -0.1357171669 1.169822548 1.3 0 0 0.7572787938 0.6530917459
box 0.6 0.5 0.02 -0.1357171669 1.169822548 1.6 0 0 0.7572787938 0.6530917459
box 0.65 0.02 0.82 0.3588553626 1.24329372 0.82 0 0 0.7572787938 0.6530917459
box 0.65 0.02 0.82 -0.6302896964 1.096351377 0.82 0 0 0.7572787938 0.6530917459
cyl 0.03 0.07 -0.5598009266 1.005725422 1.38 0 0 0.7572787938 0.6530917459
cyl 0.03 0.07 -0.3570174057 0.8336550946 1.38 0 0 0.7572787938 0.6530917459
cyl 0.03 0.07 -0.06550662299 0.6747656364 1.38 0 0 0.7572787938 0.6530917459
cyl 0.03 0.07 -0.3352544623 1.039082899 0.78 0 0 0.7572787938 0.6530917459
cyl 0.03 0.07 0.071677935 0.8973398871 0.78 0 0 0.7572787938 0.6530917459
cyl 0.03 0.07 -0.297044315 0.6403695782 0.78 0 0 0.7572787938 0.6530917459
cyl 0.03 0.07 0.2916512284 1.13221281 1.08 0 0 0.7572787938 0.6530917459
cyl 0.03 0.07 -0.3654079789 0.8324086339 1.08 0 0 0.7572787938 0.6530917459
cyl 0.03 0.07 -0.3060953926 0.6390249963 1.08 0 0 0.7572787938 0.6530917459
end
problem bookshelf_tall 2
start 1.57 -1.5707 0 -1.5707 -1.57 3.14
goal -1.28307183 -1.824495975 1.532254192 0.2977629701 1.142364338 -3.140720769
box 0.6 0.5 0.02 0.873712945 0.6372876391 0.7 0 0 0.3535327154 0.9354221609
box 0.6 0.5 0.02 0.873712945 0.6372876391 1 0 0 0.3535327154 0.9354221609
box 0.6 0.5 0.02 0.873712945 0.6372876391 1.3 0 0 0.3535327154 0.9354221609
box 0.6 0.5 0.02 0.873712945 0.6372876391 1.6 0 0 0.3535327154 0.9354221609
box 0.65 0.02 0.82 1.204415282 0.26227302 0.82 0 0 0.3535327154 0.9354221609
box 0.65 0.02 0.82 0.5430106084 1.012302258 0.82 0 0 0.3535327154 0.9354221609
cyl 0.03 0.07 0.5079105984 0.9009121075 1.38 0 0 0.3535327154 0.9354221609
cyl 0.03 0.07 0.4412737701 0.6740911664 1.38 0 0 0.3535327154 0.9354221609
cyl 0.03 0.07 0.4424437386 0.3703776931 1.38 0 0 0.3535327154 0.9354221609
cyl 0.03 0.07 0.9724866574 0.3740854283 0.78 0 0 0.3535327154 0.9354221609
cyl 0.03 0.07 0.3719263353 0.7527307736 0.78 0 0 0.3535327154 0.9354221609
cyl 0.03 0.07 0.244227139 0.5951542198 0.78 0 0 0.3535327154 0.9354221609
cyl 0.03 0.07 0.8938215151 0.4632912642 1.08 0 0 0.3535327154 0.9354221609
cyl 0.03 0.07 0.6454311102 0.4425778728 1.08 0 0 0.3535327154 0.9354221609
cyl 0.03 0.07 0.2877063408 0.5458490457 1.08 0 0 0.3535327154 0.9354221609
end
problem bookshelf_tall 3
start 1.57 -1.5707 0 -1.5707 -1.57 3.14
goal -1.687434364 -1.198737876 -1.618598923 2.800463134 -0.5175384863 -3.129702153
box 0.6 0.5 0.02 -0.2390345058 0.9714941964 0.7 0 0 0.8332684474 0.5528686052
box 0.6 0.5 0.02 -0.2390345058 0.9714941964 1 0 0 0.8332684474 0.5528686052
box 0.6 0.5 0.02 -0.2390345058 0.9714941964 1.3 0 0 0.8332684474 0.5528686052
box 0.6 0.5 0.02 -0.2390345058 0.9714941964 1.6 0 0 0.8332684474 0.5528686052
box 0.65 0.02 0.82 0.2216534584 1.165830502 0.82 0 0 0.8332684474 0.5528686052
box 0.65 0.02 0.82 -0.6997224701 0.777157891 0.82 0 0 0.8332684474 0.5528686052
cyl 0.03 0.07 -0.3496681858 0.8162912256 1.38 0 0 0.8332684474 0.5528686052
cyl 0.03 0.07 -0.340042512 0.6032850485 1.38 0 0 0.8332684474 0.5528686052
cyl 0.03 0.07 -0.31291983 0.3976597977 1.38 0 0 0.8332684474 0.5528686052
cyl 0.03 0.07 -0.07067300141 0.9339823692 0.78 0 0 0.8332684474 0.5528686052
cyl 0.03 0.07 -0.1161653298 0.6977252506 0.78 0 0 0.8332684474 0.5528686052
cyl 0.03 0.07 0.008998559154 0.5334576376 0.78 0 0 0.8332684474 0.5528686052
cyl 0.03 0.07 -0.4565156977 0.7712187421 1.08 0 0 0.8332684474 0.5528686052
cyl 0.03 0.07 0.05352751906 0.7693083695 1.08 0 0 0.8332684474 0.5528686052
cyl 0.03 0.07 -0.306546014 0.400348524 1.08 0 0 0.8332684474 0.5528686052
end
problem bookshelf_tall 4
start 1.57 -1.5707 0 -1.5707 -1.57 3.14
goal 0.2599799758 -0.2499028619 2.106523371 1.280541243 -0.944077936 0.001335807367
box 0.6 0.5 0.02 -0.7322684763 0.8312892649 0.7 0 0 0.9405325511 0.339703577
box 0.6 0.5 0.02 -0.7322684763 0.8312892649 1 0 0 0.9405325511 0.339703577
box 0.6 0.5 0.02 -0.7322684763 0.8312892649 1.3 0 0 0.9405325511 0.339703577
box 0.6 0.5 0.02 -0.7322684763 0.8312892649 1.6 0 0 0.9405325511 0.339703577
box 0.65 0.02 0.82 -0.4127662044 1.215890745 0.82 0 0 0.9405325511 0.339703577
box 0.65 0.02 0.82 -1.051770748 0.4466877851 0.82 0 0 0.9405325511 0.339703577
cyl 0.03 0.07 -0.7092691738 0.7024813101 1.38 0 0 0.9405325511 0.339703577
cyl 0.03 0.07 -0.6649449301 0.4428498846 1.38 0 0 0.9405325511 0.339703577
cyl 0.03 0.07 -0.1279148288 0.7763140914 1.38 0 0 0.9405325511 0.339703577
cyl 0.03 0.07 -0.4177680701 1.053376329 0.78 0 0 0.9405325511 0.339703577
cyl 0.03 0.07 -0.7606574628 0.3276357376 0.78 0 0 0.9405325511 0.339703577
cyl 0.03 0.07 -0.404160478 0.4437828551 0.78 0 0 0.9405325511 0.339703577
cyl 0.03 0.07 -0.8603728667 0.5205899465 1.08 0 0 0.9405325511 0.339703577
cyl 0.03 0.07 -0.5378713619 0.5958149389 1.08 0 0 0.9405325511 0.339703577
cyl 0.03 0.07 -0.227449641 0.656498868 1.08 0 0 0.9405325511 0.339703577
end
problem bookshelf_tall 5
start 1.57 -1.5707 0 -1.5707 -1.57 3.14
goal -1.367796538 -1.189383066 2.39410607 1.939500802 -1.522193813 0.009037464271
box 0.6 0.5 0.02 1.085879588 0.1123016104 0.7 0 0 0.121109818 0.9926391147
box 0.6 0.5 0.02 1.085879588 0.1123016104 1 0 0 0.121109818 0.9926391147
box 0.6 0.5 0.02 1.085879588 0.1123016104 1.3 0 0 0.121109818 0.9926391147
box 0.6 0.5 0.02 1.085879588 0.1123016104 1.6 0 0 0.121109818 0.9926391147
box 0.65 0.02 0.82 1.206097931 -0.3730308016 0.82 0 0 0.121109818 0.9926391147
box 0.65 0.02 0.82 0.9656612459 0.5976340224 0.82 0 0 0.121109818 0.9926391147
cyl 0.03 0.07 1.030488258 -0.07998844519 1.38 0 0 0.121109818 0.9926391147
cyl 0.03 0.07 0.7860110924 0.07516834579 1.38 0 0 0.121109818 0.9926391147
cyl 0.03 0.07 0.6455771572 -0.1897068707 1.38 0 0 0.121109818 0.9926391147
cyl 0.03 0.07 0.967099261 0.1759187147 0.78 0 0 0.121109818 0.9926391147
cyl 0.03 0.07 0.796512493 0.03277323398 0.78 0 0 0.121109818 0.9926391147
cyl 0.03 0.07 0.6416228331 -0.1737429037 0.78 0 0 0.121109818 0.9926391147
cyl 0.03 0.07 0.9041382403 0.430098097 1.08 0 0 0.121109818 0.9926391147
cyl 0.03 0.07 0.770960981 0.1359270178 1.08 0 0 0.121109818 0.9926391147
cyl 0.03 0.07 0.5407141965 0.2336344644 1.08 0 0 0.121109818 0.9926391147
end
problem bookshelf_tall 6
start 1.57 -1.5707 0 -1.5707 -1.57 3.14
goal -0.5823103292 -1.65092558 1.883691755 2.910693546 -1.47705154 -0.007322362568
box 0.6 0.5 0.02 0.5875028109 0.9805076059 0.7 0 0 0.5119588202 0.8590099921
box 0.6 0.5 0.02 0.5875028109 0.9805076059 1 0 0 0.5119588202 0.8590099921
box 0.6 0.5 0.02 0.5875028109 0.9805076059 1.3 0 0 0.5119588202 0.8590099921
box 0.6 0.5 0.02 0.5875028109 0.9805076059 1.6 0 0 0.5119588202 0.8590099921
box 0.65 0.02 0.82 1.027280553 0.7426094394 0.82 0 0 0.5119588202 0.8590099921
box 0.65 0.02 0.82 0.1477250689 1.218405772 0.82 0 0 0.5119588202 0.8590099921
cyl 0.03 0.07 0.8087544115 0.7471275589 1.38 0 0 0.5119588202 0.8590099921
cyl 0.03 0.07 0.3358645168 0.7755501863 1.38 0 0 0.5119588202 0.8590099921
cyl 0.03 0.07 0.2386821104 0.6007335088 1.38 0 0 0.5119588202 0.8590099921
cyl 0.03 0.07 0.686348225 0.813343296 0.78 0 0 0.5119588202 0.8590099921
cyl 0.03 0.07 0.3094596827 0.7898339051 0.78 0 0 0.5119588202 0.8590099921
cyl 0.03 0.07 0.1330109695 0.6578964078 0.78 0 0 0.5119588202 0.8590099921
cyl 0.03 0.07 0.1980563175 1.077485244 1.08 0 0 0.5119588202 0.8590099921
cyl 0.03 0.07 0.3251385762 0.7813523936 1.08 0 0 0.5119588202 0.8590099921
cyl 0.03 0.07 0.6681758409 0.3683984876 1.08 0 0 0.5119588202 0.8590099921
end
problem bookshelf_tall 7
start 1.57 -1.5707 0 -1.5707 -1.57 3.14
goal -0.6194786765 -0.2895038013 1.780832104 1.640751291 -1.537452962 0.005841338714
box 0.6 0.5 0.02 0.7695706161 0.9618668346 0.7 0 0 0.4737649956 0.8806513095
box 0.6 0.5 0.02 0.7695706161 0.9618668346 1 0 0 0.4737649956 0.8806513095
box 0.6 0.5 0.02 0.7695706161 0.9618668346 1.3 0 0 0.4737649956 0.8806513095
box 0.6 0.5 0.02 0.7695706161 0.9618668346 1.6 0 0 0.4737649956 0.8806513095
box 0.65 0.02 0.82 1.18679238 0.6863201057 0.82 0 0 0.4737649956 0.8806513095
box 0.65 0.02 0.82 0.3523488523 1.237413564 0.82 0 0 0.4737649956 0.8806513095
cyl 0.03 0.07 0.650402339 0.9207290691 1.38 0 0 0.4737649956 0.8806513095
cyl 0.03 0.07 0.5252279561 0.7637175852 1.38 0 0 0.4737649956 0.8806513095
cyl 0.03 0.07 0.2864329476 0.6817448324 1.38 0 0 0.4737649956 0.8806513095
cyl 0.03 0.07 0.512167868 1.012023579 0.78 0 0 0.4737649956 0.8806513095
cyl 0.03 0.07 0.388647712 0.8539195899 0.78 0 0 0.4737649956 0.8806513095
cyl 0.03 0.07 0.3230268779 0.6575770188 0.78 0 0 0.4737649956 0.8806513095
cyl 0.03 0.07 0.5553854395 0.9834812986 1.08 0 0 0.4737649956 0.8806513095
cyl 0.03 0.07 0.4478135652 0.8148445495 1.08 0 0 0.4737649956 0.8806513095
cyl 0.03 0.07 0.7540397548 0.3729221934 1.08 0 0 0.4737649956 0.8806513095
end
problem bookshelf_tall 8
start 1.57 -1.5707 0 -1.5707 -1.57 3.14
goal -0.09285447419 -1.767224415 1.489167813 0.2689808313 0.949443564 -3.129780201
box 0.6 0.5 0.02 -0.5214718633 0.9544737701 0.7 0 0 0.8687898432 0.4951809855
box 0.6 0.5 0.02 -0.5214718633 0.9544737701 1 0 0 0.8687898432 0.4951809855
box 0.6 0.5 0.02 -0.5214718633 0.9544737701 1.3 0 0 0.8687898432 0.4951809855
box 0.6 0.5 0.02 -0.5214718633 0.9544737701 1.6 0 0 0.8687898432 0.4951809855
box 0.65 0.02 0.82 -0.09126365259 1.209269562 0.82 0 0 0.8687898432 0.4951809855
box 0.65 0.02 0.82 -0.951680074 0.6996779785 0.82 0 0 0.8687898432 0.4951809855
cyl 0.03 0.07 -0.3703989859 0.9277256368 1.38 0 0 0.8687898432 0.4951809855
cyl 0.03 0.07 -0.6638218125 0.5214969851 1.38 0 0 0.8687898432 0.4951809855
cyl 0.03 0.07 -0.2288358287 0.5466768812 1.38 0 0 0.8687898432 0.4951809855
cyl 0.03 0.07 -0.4786940293 0.863586644 0.78 0 0 0.8687898432 0.4951809855
cyl 0.03 0.07 -0.130035157 0.8376383093 0.78 0 0 0.8687898432 0.4951809855
cyl 0.03 0.07 -0.6467150867 0.2991830546 0.78 0 0 0.8687898432 0.4951809855
cyl 0.03 0.07 -0.3684902641 0.9288560993 1.08 0 0 0.8687898432 0.4951809855
cyl 0.03 0.07 -0.212647883 0.7887099663 1.08 0 0 0.8687898432 0.4951809855
cyl 0.03 0.07 -0.5755392995 0.3413377382 1.08 0 0 0.8687898432 0.4951809855
end
problem bookshelf_tall 9
start 1.57 -1.5707 0 -1.5707 -1.57 3.14
goal -1.348291052 -1.727568392 2.267024939 -0.5276668778 0.9293108251 3.13932145
box 0.6 0.5 0.02 0.772110986 0.7396440251 0.7 0 0 0.4208258351 0.9071414534
box 0.6 0.5 0.02 0.772110986 0.7396440251 1 0 0 0.4208258351 0.9071414534
box 0.6 0.5 0.02 0.772110986 0.7396440251 1.3 0 0 0.4208258351 0.9071414534
box 0.6 0.5 0.02 0.772110986 0.7396440251 1.6 0 0 0.4208258351 0.9071414534
box 0.65 0.02 0.82 1.153859546 0.4167384086 0.82 0 0 0.4208258351 0.9071414534
box 0.65 0.02 0.82 0.3903624263 1.062549642 0.82 0 0 0.4208258351 0.9071414534
cyl 0.03 0.07 0.8469335633 0.5453783794 1.38 0 0 0.4208258351 0.9071414534
cyl 0.03 0.07 0.4745563107 0.5984046602 1.38 0 0 0.4208258351 0.9071414534
cyl 0.03 0.07 0.710089182 0.1372244343 1.38 0 0 0.4208258351 0.9071414534
cyl 0.03 0.07 0.6852859746 0.6821095156 0.78 0 0 0.4208258351 0.9071414534
cyl 0.03 0.07 0.5683569553 0.5190625011 0.78 0 0 0.4208258351 0.9071414534
cyl 0.03 0.07 0.2745831572 0.5056013092 0.78 0 0 0.4208258351 0.9071414534
cyl 0.03 0.07 1.013081523 0.4048405617 1.08 0 0 0.4208258351 0.9071414534
cyl 0.03 0.07 0.2508327064 0.7876433791 1.08 0 0 0.4208258351 0.9071414534
cyl 0.03 0.07 0.4164934219 0.3855651746 1.08 0 0 0.4208258351 0.9071414534
end
problem bookshelf_tall 10
start 1.57 -1.5707 0 -1.5707 -1.57 3.14
goal -0.04491398002 -1.276639509 1.773021686 -0.4746952182 0.3567968562 3.128915162
box 0.6 0.5 0.02 -0.8755988686 0.6195735758 0.7 0 0 0.9788731047 0.2044686894
box 0.6 0.5 0.02 -0.8755988686 0.6195735758 1 0 0 0.9788731047 0.2044686894
box 0.6 0.5 0.02 -0.8755988686 0.6195735758 1.3 0 0 0.9788731047 0.2044686894
box 0.6 0.5 0.02 -0.8755988686 0.6195735758 1.6 0 0 0.9788731047 0.2044686894
box 0.65 0.02 0.82 -0.6754499678 1.077766131 0.82 0 0 0.9788731047 0.2044686894
box 0.65 0.02 0.82 -1.075747769 0.1613810207 0.82 0 0 0.9788731047 0.2044686894
cyl 0.03 0.07 -0.8799547013 0.3597879366 1.38 0 0 0.9788731047 0.2044686894
cyl 0.03 0.07 -0.4530912856 0.8373605774 1.38 0 0 0.9788731047 0.2044686894
cyl 0.03 0.07 -0.281980832 0.7294485979 1.38 0 0 0.9788731047 0.2044686894
cyl 0.03 0.07 -0.8011024396 0.5403011402 0.78 0 0 0.9788731047 0.2044686894
cyl 0.03 0.07 -0.6706197684 0.339381668 0.78 0 0 0.9788731047 0.2044686894
cyl 0.03 0.07 -0.5482829878 0.1198141473 0.78 0 0 0.9788731047 0.2044686894
cyl 0.03 0.07 -0.8812846458 0.35674335 1.08 0 0 0.9788731047 0.2044686894
cyl 0.03 0.07 -0.6389734053 0.411828371 1.08 0 0 0.9788731047 0.2044686894
cyl 0.03 0.07 -0.3449728843 0.5852435121 1.08 0 0 0.9788731047 0.2044686894
end
problem bookshelf_tall 11
start 1.57 -1.5707 0 -1.5707 -1.57 3.14
goal 1.405257201 -0.7299781259 1.915710251 -1.182652947 2.026999934 3.140286349
box 0.6 0.5 0.02 -0.8917986454 0.7317194621 0.7 0 0 0.9516292671 0.3072486584
box 0.6 0.5 0.02 -0.8917986454 0.7317194621 1 0 0 0.9516292671 0.3072486584
box 0.6 0.5 0.02 -0.8917986454 0.7317194621 1.3 0 0 0.9516292671 0.3072486584
box 0.6 0.5 0.02 -0.8917986454 0.7317194621 1.6 0 0 0.9516292671 0.3072486584
box 0.65 0.02 0.82 -0.5994118298 1.137317724 0.82 0 0 0.9516292671 0.3072486584
box 0.65 0.02 0.82 -1.184185461 0.3261212001 0.82 0 0 0.9516292671 0.3072486584
cyl 0.03 0.07 -0.961688305 0.4637623577 1.38 0 0 0.9516292671 0.3072486584
cyl 0.03 0.07 -0.6860653648 0.504093128 1.38 0 0 0.9516292671 0.3072486584
cyl 0.03 0.07 -0.6286881751 0.241673937 1.38 0 0 0.9516292671 0.3072486584
cyl 0.03 0.07 -0.8674054907 0.5945512427 0.78 0 0 0.9516292671 0.3072486584
cyl 0.03 0.07 -0.8445220045 0.2842824722 0.78 0 0 0.9516292671 0.3072486584
cyl 0.03 0.07 -0.7076725841 0.1321069617 0.78 0 0 0.9516292671 0.3072486584
cyl 0.03 0.07 -0.7145669533 0.8065684809 1.08 0 0 0.9516292671 0.3072486584
cyl 0.03 0.07 -0.4269786556 0.8634975654 1.08 0 0 0.9516292671 0.3072486584
cyl 0.03 0.07 -0.2853850859 0.7179031269 1.08 0 0 0.9516292671 0.3072486584
end
problem bookshelf_tall 12
start 1.57 -1.5707 0 -1.5707 -1.57 3.14
goal -2.281539828 -1.303056832 1.514024033 2.908913794 -0.4308579882 0.0276284665
box 0.6 0.5 0.02 1.027990958 0.3757721358 0.7 0 0 0.2094544155 0.9778184125
box 0.6 0.5 0.02 1.027990958 0.3757721358 1 0 0 0.2094544155 0.9778184125
box 0.6 0.5 0.02 1.027990958 0.3757721358 1.3 0 0 0.2094544155 0.9778184125
box 0.6 0.5 0.02 1.027990958 0.3757721358 1.6 0 0 0.2094544155 0.9778184125
box 0.65 0.02 0.82 1.232799342 -0.08035671203 0.82 0 0 0.2094544155 0.9778184125
box 0.65 0.02 0.82 0.8231825736 0.8319009836 0.82 0 0 0.2094544155 0.9778184125
cyl 0.03 0.07 0.8751752732 0.4719773872 1.38 0 0 0.2094544155 0.9778184125
cyl 0.03 0.07 0.5980470466 0.6009085286 1.38 0 0 0.2094544155 0.9778184125
cyl 0.03 0.07 0.7057017802 -0.1271106406 1.38 0 0 0.2094544155 0.9778184125
cyl 0.03 0.07 0.9836346896 0.2304273704 0.78 0 0 0.2094544155 0.9778184125
cyl 0.03 0.07 0.6428398765 0.5011503962 0.78 0 0 0.2094544155 0.9778184125
cyl 0.03 0.07 0.6136735051 0.07784557375 0.78 0 0 0.2094544155 0.9778184125
cyl 0.03 0.07 1.110441532 -0.05198420683 1.08 0 0 0.2094544155 0.9778184125
cyl 0.03 0.07 0.6232313185 0.5448206248 1.08 0 0 0.2094544155 0.9778184125
cyl 0.03 0.07 0.5268726715 0.271159751 1.08 0 0 0.2094544155 0.9778184125
end
problem bookshelf_tall 13
start 1.57 -1.5707 0 -1.5707 -1.57 3.14
goal 1.509732081 -0.3412117139 -1.483680765 1.820193229 1.60209647 -3.135207391
box 0.6 0.5 0.02 -1.067240584 0.1890123011 0.7 0 0 0.9990393889 0.04382122227
box 0.6 0.5 0.02 -1.067240584 0.1890123011 1 0 0 0.9990393889 0.04382122227
box 0.6 0.5 0.02 -1.067240584 0.1890123011 1.3 0 0 0.9990393889 0.04382122227
box 0.6 0.5 0.02 -1.067240584 0.1890123011 1.6 0 0 0.9990393889 0.04382122227
box 0.65 0.02 0.82 -1.023461457 0.6870920016 0.82 0 0 0.9990393889 0.04382122227
box 0.65 0.02 0.82 -1.111019711 -0.3090673993 0.82 0 0 0.9990393889 0.04382122227
cyl 0.03 0.07 -0.97539531 0.09184879779 1.38 0 0 0.9990393889 0.04382122227
cyl 0.03 0.07 -0.7937886682 -0.1261870314 1.38 0 0 0.9990393889 0.04382122227
cyl 0.03 0.07 -0.5877558329 -0.06632350527 1.38 0 0 0.9990393889 0.04382122227
cyl 0.03 0.07 -0.957260954 0.2981652587 0.78 0 0 0.9990393889 0.04382122227
cyl 0.03 0.07 -0.8046488065 -0.2497439588 0.78 0 0 0.9990393889 0.04382122227
cyl 0.03 0.07 -0.576963128 0.05646622525 0.78 0 0 0.9990393889 0.04382122227
cyl 0.03 0.07 -0.9419071706 0.4728468559 1.08 0 0 0.9990393889 0.04382122227
cyl 0.03 0.07 -0.7837916769 -0.01245021734 1.08 0 0 0.9990393889 0.04382122227
cyl 0.03 0.07 -0.5821162442 -0.002161315414 1.08 0 0 0.9990393889 0.04382122227
end
problem bookshelf_tall 14
start 1.57 -1.5707 0 -1.5707 -1.57 3.14
goal -0.4104325606 -1.546178896 1.782807338 2.91350519 -2.149394225 0.002646983309
box 0.6 0.5 0.02 0.9141079123 0.5106543094 0.7 0 0 0.286244624 0.9581565714
box 0.6 0.5 0.02 0.9141079123 0.5106543094 1 0 0 0.286244624 0.9581565714
box 0.6 0.5 0.02 0.9141079123 0.5106543094 1.3 0 0 0.286244624 0.9581565714
box 0.6 0.5 0.02 0.9141079123 0.5106543094 1.6 0 0 0.286244624 0.9581565714
box 0.65 0.02 0.82 1.18837508 0.09259029412 0.82 0 0 0.286244624 0.9581565714
box 0.65 0.02 0.82 0.6398407448 0.9287183246 0.82 0 0 0.286244624 0.9581565714
cyl 0.03 0.07 0.8184056762 0.4742287357 1.38 0 0 0.286244624 0.9581565714
cyl 0.03 0.07 0.6224044942 0.4083843293 1.38 0 0 0.286244624 0.9581565714
cyl 0.03 0.07 0.2879110001 0.5536430328 1.38 0 0 0.286244624 0.9581565714
cyl 0.03 0.07 0.6457222576 0.7374491715 0.78 0 0 0.286244624 0.9581565714
cyl 0.03 0.07 0.5188119429 0.5662899158 0.78 0 0 0.286244624 0.9581565714
cyl 0.03 0.07 0.6271093635 0.03660473387 0.78 0 0 0.286244624 0.9581565714
cyl 0.03 0.07 0.6955980575 0.6614237494 1.08 0 0 0.286244624 0.9581565714
cyl 0.03 0.07 0.7477404674 0.2173353579 1.08 0 0 0.286244624 0.9581565714
cyl 0.03 0.07 0.6089977683 0.06421214416 1.08 0 0 0.286244624 0.9581565714
end
problem bookshelf_tall 15
start 1.57 -1.5707 0 -1.5707 -1.57 3.14
goal 0.8658703217 -1.819959472 1.549869866 0.2720961483 1.920347532 -3.141384847
box 0.6 0.5 0.02 -0.3941321609 0.9269784063 0.7 0 0 0.8638698939 0.5037150051
box 0.6 0.5 0.02 -0.3941321609 0.9269784063 1 0 0 0.8638698939 0.5037150051
box 0.6 0.5 0.02 -0.3941321609 0.9269784063 1.3 0 0 0.8638698939 0.5037150051
box 0.6 0.5 0.02 -0.3941321609 0.9269784063 1.6 0 0 0.8638698939 0.5037150051
box 0.65 0.02 0.82 0.04101206717 1.1732496 0.82 0 0 0.8638698939 0.5037150051
box 0.65 0.02 0.82 -0.8292763889 0.6807072126 0.82 0 0 0.8638698939 0.5037150051
cyl 0.03 0.07 -0.3699829362 0.8257413019 1.38 0 0 0.8638698939 0.5037150051
cyl 0.03 0.07 0.02972350257 0.8221475091 1.38 0 0 0.8638698939 0.5037150051
cyl 0.03 0.07 -0.4170883794 0.339464109 1.38 0 0 0.8638698939 0.5037150051
cyl 0.03 0.07 -0.1610867418 0.9439667358 0.78 0 0 0.8638698939 0.5037150051
cyl 0.03 0.07 -0.1996101143 0.6923554541 0.78 0 0 0.8638698939 0.5037150051
cyl 0.03 0.07 -0.2180055715 0.452135627 0.78 0 0 0.8638698939 0.5037150051
cyl 0.03 0.07 -0.2844810057 0.8741313784 1.08 0 0 0.8638698939 0.5037150051
cyl 0.03 0.07 -0.4848275312 0.5309357933 1.08 0 0 0.8638698939 0.5037150051
cyl 0.03 0.07 -0.3357906764 0.3854747902 1.08 0 0 0.8638698939 0.5037150051
end
problem bookshelf_tall 16
start 1.57 -1.5707 0 -1.5707 -1.57 3.14
goal -1.460906085 -1.146808956 1.286458552 3.016375612 -0.6811061907 -0.01731604455
box 0.6 0.5 0.02 0.7698631397 0.9614000371 0.7 0 0 0.4799012545 0.8773225096
box 0.6 0.5 0.02 0.7698631397 0.9614000371 1 0 0 0.4799012545 0.8773225096
box 0.6 0.5 0.02 0.7698631397 0.9614000371 1.3 0 0 0.4799012545 0.8773225096
box 0.6 0.5 0.02 0.7698631397 0.9614000371 1.6 0 0 0.4799012545 0.8773225096
box 0.65 0.02 0.82 1.190891313 0.6917052511 0.82 0 0 0.4799012545 0.8773225096
box 0.65 0.02 0.82 0.3488349668 1.231094823 0.82 0 0 0.4799012545 0.8773225096
cyl 0.03 0.07 0.6214955738 0.9376818118 1.38 0 0 0.4799012545 0.8773225096
cyl 0.03 0.07 0.4605123653 0.8032877933 1.38 0 0 0.4799012545 0.8773225096
cyl 0.03 0.07 0.7067680536 0.4080318798 1.38 0 0 0.4799012545 0.8773225096
cyl 0.03 0.07 0.8643005102 0.7821501169 0.78 0 0 0.4799012545 0.8773225096
cyl 0.03 0.07 0.8772685541 0.5363294795 0.78 0 0 0.4799012545 0.8773225096
cyl 0.03 0.07 0.5317728382 0.5201272221 0.78 0 0 0.4799012545 0.8773225096
cyl 0.03 0.07 0.6188151887 0.9393987655 1.08 0 0 0.4799012545 0.8773225096
cyl 0.03 0.07 0.79048244 0.5919213946 1.08 0 0 0.4799012545 0.8773225096
cyl 0.03 0.07 0.2007478675 0.7321693473 1.08 0 0 0.4799012545 0.8773225096
end
problem bookshelf_tall 17
start 1.57 -1.5707 0 -1.5707 -1.57 3.14
goal -1.264578144 0.1139294294 -1.416869126 -1.846330277 -0.5069868516 0.007366105123
box 0.6 0.5 0.02 0.3155219713 1.089675599 0.7 0 0 0.6356956238 0.7719398124
box 0.6 0.5 0.02 0.3155219713 1.089675599 1 0 0 0.6356956238 0.7719398124
box 0.6 0.5 0.02 0.3155219713 1.089675599 1.3 0 0 0.6356956238 0.7719398124
box 0.6 0.5 0.02 0.3155219713 1.089675599 1.6 0 0 0.6356956238 0.7719398124
box 0.65 0.02 0.82 0.8062407318 0.9937845246 0.82 0 0 0.6356956238 0.7719398124
box 0.65 0.02 0.82 -0.1751967892 1.185566672 0.82 0 0 0.6356956238 0.7719398124
cyl 0.03 0.07 0.3270112732 0.9855391244 1.38 0 0 0.6356956238 0.7719398124
cyl 0.03 0.07 0.2259008948 0.8015143337 1.38 0 0 0.6356956238 0.7719398124
cyl 0.03 0.07 0.520961599 0.540073977 1.38 0 0 0.6356956238 0.7719398124
cyl 0.03 0.07 0.3706501369 0.9770116789 0.78 0 0 0.6356956238 0.7719398124
cyl 0.03 0.07 0.3291588375 0.7813367578 0.78 0 0 0.6356956238 0.7719398124
cyl 0.03 0.07 -0.09019840533 0.6595004058 0.78 0 0 0.6356956238 0.7719398124
cyl 0.03 0.07 0.2503593729 1.000517629 1.08 0 0 0.6356956238 0.7719398124
cyl 0.03 0.07 -0.1421825664 0.8734413135 1.08 0 0 0.6356956238 0.7719398124
cyl 0.03 0.07 0.473156583 0.5494155279 1.08 0 0 0.6356956238 0.7719398124
end
problem bookshelf_tall 19
start 1.57 -1.5707 0 -1.5707 -1.57 3.14
goal 0.34606366 -1.578949849 2.125228893 -0.5466769335 0.695839217 3.135764024
box 0.6 0.5 0.02 -0.9848804722 0.4540078713 0.7 0 0 0.9854002228 0.1702539304
box 0.6 0.5 0.02 -0.9848804722 0.4540078713 1 0 0 0.9854002228 0.1702539304
box 0.6 0.5 0.02 -0.9848804722 0.4540078713 1.3 0 0 0.9854002228 0.1702539304
box 0.6 0.5 0.02 -0.9848804722 0.4540078713 1.6 0 0 0.9854002228 0.1702539304
box 0.65 0.02 0.82 -0.8171122112 0.9250214705 0.82 0 0 0.9854002228 0.1702539304
box 0.65 0.02 0.82 -1.152648733 -0.01700572788 0.82 0 0 0.9854002228 0.1702539304
cyl 0.03 0.07 -0.965623693 0.2100416117 1.38 0 0 0.9854002228 0.1702539304
cyl 0.03 0.07 -0.6102187559 0.6117895834 1.38 0 0 0.9854002228 0.1702539304
cyl 0.03 0.07 -0.6586175263 -0.120151478 1.38 0 0 0.9854002228 0.1702539304
cyl 0.03 0.07 -0.9928376157 0.1336378414 0.78 0 0 0.9854002228 0.1702539304
cyl 0.03 0.07 -0.6615420233 0.4676982235 0.78 0 0 0.9854002228 0.1702539304
cyl 0.03 0.07 -0.6406735594 -0.06977334112 0.78 0 0 0.9854002228 0.1702539304
cyl 0.03 0.07 -0.9263104717 0.3204144662 1.08 0 0 0.9854002228 0.1702539304
cyl 0.03 0.07 -0.6503524237 0.4991133048 1.08 0 0 0.9854002228 0.1702539304
cyl 0.03 0.07 -0.4837465653 0.3708031294 1.08 0 0 0.9854002228 0.1702539304
end
problem bookshelf_tall 20
start 1.57 -1.5707 0 -1.5707 -1.57 3.14
goal -0.8829777459 -1.211534522 2.43547092 1.916601967 -1.135409536 -0.009160380712
box 0.6 0.5 0.02 0.6214424076 0.9030039844 0.7 0 0 0.5324630602 0.8464532412
box 0.6 0.5 0.02 0.6214424076 0.9030039844 1 0 0 0.5324630602 0.8464532412
box 0.6 0.5 0.02 0.6214424076 0.9030039844 1.3 0 0 0.5324630602 0.8464532412
box 0.6 0.5 0.02 0.6214424076 0.9030039844 1.6 0 0 0.5324630602 0.8464532412
box 0.65 0.02 0.82 1.072147491 0.6865208949 0.82 0 0 0.5324630602 0.8464532412
box 0.65 0.02 0.82 0.1707373245 1.119487074 0.82 0 0 0.5324630602 0.8464532412
cyl 0.03 0.07 0.8491976292 0.6826710932 1.38 0 0 0.5324630602 0.8464532412
cyl 0.03 0.07 0.1923806795 0.7762794508 1.38 0 0 0.5324630602 0.8464532412
cyl 0.03 0.07 0.5830726739 0.3667473267 1.38 0 0 0.5324630602 0.8464532412
cyl 0.03 0.07 0.3772239664 0.909369927 0.78 0 0 0.5324630602 0.8464532412
cyl 0.03 0.07 0.3625158281 0.6945599761 0.78 0 0 0.5324630602 0.8464532412
cyl 0.03 0.07 0.3491097869 0.4791246007 0.78 0 0 0.5324630602 0.8464532412
cyl 0.03 0.07 0.567575038 0.8179403212 1.08 0 0 0.5324630602 0.8464532412
cyl 0.03 0.07 0.7186658449 0.5234936649 1.08 0 0 0.5324630602 0.8464532412
cyl 0.03 0.07 0.2728406596 0.5157582597 1.08 0 0 0.5324630602 0.8464532412
end
problem bookshelf_tall 21
start 1.57 -1.5707 0 -1.5707 -1.57 3.14
goal -1.036996586 -1.137833253 2.242995048 2.039458031 -1.169889834 -0.008810032579
box 0.6 0.5 0.02 0.7415171702 0.8826117172 0.7 0 0 0.4545018874 0.8907457743
box 0.6 0.5 0.02 0.7415171702 0.8826117172 1 0 0 0.4545018874 0.8907457743
box 0.6 0.5 0.02 0.7415171702 0.8826117172 1.3 0 0 0.4545018874 0.8907457743
box 0.6 0.5 0.02 0.7415171702 0.8826117172 1.6 0 0 0.4545018874 0.8907457743
box 0.65 0.02 0.82 1.146362806 0.5891836828 0.82 0 0 0.4545018874 0.8907457743
box 0.65 0.02 0.82 0.3366715347 1.176039752 0.82 0 0 0.4545018874 0.8907457743
cyl 0.03 0.07 0.472954286 0.9537595244 1.38 0 0 0.4545018874 0.8907457743
cyl 0.03 0.07 0.8195328717 0.4555551338 1.38 0 0 0.4545018874 0.8907457743
cyl 0.03 0.07 0.2831217121 0.5973328069 1.38 0 0 0.4545018874 0.8907457743
cyl 0.03 0.07 0.6690090525 0.8116610065 0.78 0 0 0.4545018874 0.8907457743
cyl 0.03 0.07 0.4648817471 0.7126026928 0.78 0 0 0.4545018874 0.8907457743
cyl 0.03 0.07 0.1106590849 0.72233198 0.78 0 0 0.4545018874 0.8907457743
cyl 0.03 0.07 0.7709698532 0.7377608463 1.08 0 0 0.4545018874 0.8907457743
cyl 0.03 0.07 0.679106621 0.5573346643 1.08 0 0 0.4545018874 0.8907457743
cyl 0.03 0.07 0.4151090815 0.5016696924 1.08 0 0 0.4545018874 0.8907457743
end
problem bookshelf_tall 22
start 1.57 -1.5707 0 -1.5707 -1.57 3.14
goal 1.489297289 -1.519438965 2.069651668 -0.5584548264 2.022739422 -3.141159748
box 0.6 0.5 0.02 -0.8834144877 0.5777175306 0.7 0 0 0.9653782639 0.2608539966
box 0.6 0.5 0.02 -0.8834144877 0.5777175306 1 0 0 0.9653782639 0.2608539966
box 0.6 0.5 0.02 -0.8834144877 0.5777175306 1.3 0 0 0.9653782639 0.2608539966
box 0.6 0.5 0.02 -0.8834144877 0.5777175306 1.6 0 0 0.9653782639 0.2608539966
box 0.65 0.02 0.82 -0.6315917093 1.009672723 0.82 0 0 0.9653782639 0.2608539966
box 0.65 0.02 0.82 -1.135237266 0.1457623382 0.82 0 0 0.9653782639 0.2608539966
cyl 0.03 0.07 -0.5946366742 0.8745098878 1.38 0 0 0.9653782639 0.2608539966
cyl 0.03 0.07 -0.529302608 0.5894736758 1.38 0 0 0.9653782639 0.2608539966
cyl 0.03 0.07 -0.2827079834 0.6153562769 1.38 0 0 0.9653782639 0.2608539966
cyl 0.03 0.07 -0.7761998979 0.5630719086 0.78 0 0 0.9653782639 0.2608539966
cyl 0.03 0.07 -0.7611091133 0.1918526812 0.78 0 0 0.9653782639 0.2608539966
cyl 0.03 0.07 -0.3466055376 0.5057518936 0.78 0 0 0.9653782639 0.2608539966
cyl 0.03 0.07 -0.9456775483 0.272364485 1.08 0 0 0.9653782639 0.2608539966
cyl 0.03 0.07 -0.5758064216 0.509705023 1.08 0 0 0.9653782639 0.2608539966
cyl 0.03 0.07 -0.6048463816 0.06278770192 1.08 0 0 0.9653782639 0.2608539966
end
problem bookshelf_tall 23
start 1.57 -1.5707 0 -1.5707 -1.57 3.14
goal -0.04518071685 -0.8383606476 2.333887692 -1.466982403 0.2722616865 3.1199077
box 0.6 0.5 0.02 -0.9145209003 0.3497062732 0.7 0 0 0.9870376485 0.1604888794
box 0.6 0.5 0.02 -0.9145209003 0.3497062732 1 0 0 0.9870376485 0.1604888794
box 0.6 0.5 0.02 -0.9145209003 0.3497062732 1.3 0 0 0.9870376485 0.1604888794
box 0.6 0.5 0.02 -0.9145209003 0.3497062732 1.6 0 0 0.9870376485 0.1604888794
box 0.65 0.02 0.82 -0.7561123342 0.8239495928 0.82 0 0 0.9870376485 0.1604888794
box 0.65 0.02 0.82 -1.072929466 -0.1245370464 0.82 0 0 0.9870376485 0.1604888794
cyl 0.03 0.07 -0.8677048008 0.1742247431 1.38 0 0 0.9870376485 0.1604888794
cyl 0.03 0.07 -0.6896294147 0.07606756556 1.38 0 0 0.9870376485 0.1604888794
cyl 0.03 0.07 -0.3763735276 0.3826135623 1.38 0 0 0.9870376485 0.1604888794
cyl 0.03 0.07 -0.7582565095 0.5018908679 0.78 0 0 0.9870376485 0.1604888794
cyl 0.03 0.07 -0.768442095 -0.1598817145 0.78 0 0 0.9870376485 0.1604888794
cyl 0.03 0.07 -0.3673367722 0.4096677865 0.78 0 0 0.9870376485 0.1604888794
cyl 0.03 0.07 -0.9072859762 0.0557266818 1.08 0 0 0.9870376485 0.1604888794
cyl 0.03 0.07 -0.6766581458 0.1149009303 1.08 0 0 0.9870376485 0.1604888794
cyl 0.03 0.07 -0.4953260399 0.02649371555 1.08 0 0 0.9870376485 0.1604888794
end
problem bookshelf_tall 25
start 1.57 -1.5707 0 -1.5707 -1.57 3.14
goal -0.06512775617 -0.2813181209 2.077573782 1.339568039 -1.543128666 -0.004536556789
box 0.6 0.5 0.02 0.1778758496 1.097946399 0.7 0 0 0.6968768765 0.7171907829
box 0.6 0.5 0.02 0.1778758496 1.097946399 1 0 0 0.6968768765 0.7171907829
box 0.6 0.5 0.02 0.1778758496 1.097946399 1.3 0 0 0.6968768765 0.7171907829
box 0.6 0.5 0.02 0.1778758496 1.097946399 1.6 0 0 0.6968768765 0.7171907829
box 0.65 0.02 0.82 0.6776695222 1.08358378 0.82 0 0 0.6968768765 0.7171907829
box 0.65 0.02 0.82 -0.321917823 1.112309018 0.82 0 0 0.6968768765 0.7171907829
cyl 0.03 0.07 -0.002444680506 1.003087005 1.38 0 0 0.6968768765 0.7171907829
cyl 0.03 0.07 0.2113761606 0.7968598497 1.38 0 0 0.6968768765 0.7171907829
cyl 0.03 0.07 0.1326766647 0.5990388797 1.38 0 0 0.6968768765 0.7171907829
cyl 0.03 0.07 0.1199173433 0.9995706756 0.78 0 0 0.6968768765 0.7171907829
cyl 0.03 0.07 0.4571239567 0.7897977716 0.78 0 0 0.6968768765 0.7171907829
cyl 0.03 0.07 -0.08265549102 0.6052269007 0.78 0 0 0.6968768765 0.7171907829
cyl 0.03 0.07 -0.01510688541 1.00345088 1.08 0 0 0.6968768765 0.7171907829
cyl 0.03 0.07 -0.2113417697 0.8090075357 1.08 0 0 0.6968768765 0.7171907829
cyl 0.03 0.07 0.08804128969 0.6003215708 1.08 0 0 0.6968768765 0.7171907829
end
problem bookshelf_tall 26
start 1.57 -1.5707 0 -1.5707 -1.57 3.14
goal 0.1093205954 -0.2796809145 2.097455254 1.33010821 -0.8976824637 -0.01282646628
box 0.6 0.5 0.02 -0.7636909112 0.7894840247 0.7 0 0 0.9249804657 0.3800146552
box 0.6 0.5 0.02 -0.7636909112 0.7894840247 1 0 0 0.9249804657 0.3800146552
box 0.6 0.5 0.02 -0.7636909112 0.7894840247 1.3 0 0 0.9249804657 0.3800146552
box 0.6 0.5 0.02 -0.7636909112 0.7894840247 1.6 0 0 0.9249804657 0.3800146552
box 0.65 0.02 0.82 -0.4121847785 1.145072887 0.82 0 0 0.9249804657 0.3800146552
box 0.65 0.02 0.82 -1.115197044 0.4338951628 0.82 0 0 0.9249804657 0.3800146552
cyl 0.03 0.07 -0.5275762632 0.8860961057 1.38 0 0 0.9249804657 0.3800146552
cyl 0.03 0.07 -0.42229057 0.70811463 1.38 0 0 0.9249804657 0.3800146552
cyl 0.03 0.07 -0.5605023498 0.2838074683 1.38 0 0 0.9249804657 0.3800146552
cyl 0.03 0.07 -0.5631501273 0.8501090526 0.78 0 0 0.9249804657 0.3800146552
cyl 0.03 0.07 -0.7811993825 0.3450371066 0.78 0 0 0.9249804657 0.3800146552
cyl 0.03 0.07 -0.3460759548 0.5007244171 0.78 0 0 0.9249804657 0.3800146552
cyl 0.03 0.07 -0.4972194746 0.9168054871 1.08 0 0 0.9249804657 0.3800146552
cyl 0.03 0.07 -0.2695668143 0.8626122658 1.08 0 0 0.9249804657 0.3800146552
cyl 0.03 0.07 -0.3894199403 0.456876993 1.08 0 0 0.9249804657 0.3800146552
end
problem bookshelf_tall 27
start 1.57 -1.5707 0 -1.5707 -1.57 3.14
goal -2.09367046 -1.943035495 -2.412674743 1.210230994 1.395270129 -0.0006232065638
box 0.6 0.5 0.02 -0.745722393 0.8034644322 0.7 0 0 0.9410690161 0.338214587
box 0.6 0.5 0.02 -0.745722393 0.8034644322 1 0 0 0.9410690161 0.338214587
box 0.6 0.5 0.02 -0.745722393 0.8034644322 1.3 0 0 0.9410690161 0.338214587
box 0.6 0.5 0.02 -0.745722393 0.8034644322 1.6 0 0 0.9410690161 0.338214587
box 0.65 0.02 0.82 -0.4274391243 1.189075325 0.82 0 0 0.9410690161 0.338214587
box 0.65 0.02 0.82 -1.064005662 0.4178535391 0.82 0 0 0.9410690161 0.338214587
cyl 0.03 0.07 -0.6883238725 0.7159119027 1.38 0 0 0.9410690161 0.338214587
cyl 0.03 0.07 -0.5871134099 0.5243462468 1.38 0 0 0.9410690161 0.338214587
cyl 0.03 0.07 -0.3614557047 0.4835526142 1.38 0 0 0.9410690161 0.338214587
cyl 0.03 0.07 -0.6255009339 0.7920240074 0.78 0 0 0.9410690161 0.338214587
cyl 0.03 0.07 -0.7162117201 0.3679392986 0.78 0 0 0.9410690161 0.338214587
cyl 0.03 0.07 -0.2560068327 0.6113074718 0.78 0 0 0.9410690161 0.338214587
cyl 0.03 0.07 -0.7902597558 0.5924131491 1.08 0 0 0.9410690161 0.338214587
cyl 0.03 0.07 -0.4750236166 0.6601468042 1.08 0 0 0.9410690161 0.338214587
cyl 0.03 0.07 -0.4134798265 0.4205236395 1.08 0 0 0.9410690161 0.338214587
end
problem bookshelf_tall 28
start 1.57 -1.5707 0 -1.5707 -1.57 3.14
goal -2.829222098 -1.410672986 -2.25616166 -2.613231909 -1.103285355 3.136392373
box 0.6 0.5 0.02 0.1997956237 1.05492627 0.7 0 0 0.6474695411 0.7620913288
box 0.6 0.5 0.02 0.1997956237 1.05492627 1 0 0 0.6474695411 0.7620913288
box 0.6 0.5 0.02 0.1997956237 1.05492627 1.3 0 0 0.6474695411 0.7620913288
box 0.6 0.5 0.02 0.1997956237 1.05492627 1.6 0 0 0.6474695411 0.7620913288
box 0.65 0.02 0.82 0.6932265466 0.9741430767 0.82 0 0 0.6474695411 0.7620913288
box 0.65 0.02 0.82 -0.2936352992 1.135709463 0.82 0 0 0.6474695411 0.7620913288
cyl 0.03 0.07 -0.04503527779 0.9936780253 1.38 0 0 0.6474695411 0.7620913288
cyl 0.03 0.07 0.1227681057 0.7635430907 1.38 0 0 0.6474695411 0.7620913288
cyl 0.03 0.07 0.5413728927 0.4923476198 1.38 0 0 0.6474695411 0.7620913288
cyl 0.03 0.07 0.6044973546 0.8873382768 0.78 0 0 0.6474695411 0.7620913288
cyl 0.03 0.07 -0.1420528921 0.8068988775 0.78 0 0 0.6474695411 0.7620913288
cyl 0.03 0.07 0.06124212241 0.5709533478 0.78 0 0 0.6474695411 0.7620913288
cyl 0.03 0.07 -0.2250614061 1.023151422 1.08 0 0 0.6474695411 0.7620913288
cyl 0.03 0.07 -0.1983463911 0.8161150988 1.08 0 0 0.6474695411 0.7620913288
cyl 0.03 0.07 0.06330001514 0.5706164351 1.08 0 0 0.6474695411 0.7620913288
end
problem bookshelf_tall 29
start 1.57 -1.5707 0 -1.5707 -1.57 3.14
goal -0.2352028701 0.1004695023 -1.967167475 -1.292500578 -0.4986825158 0.01084728008
box 0.6 0.5 0.02 -0.6529674074 0.7981831246 0.7 0 0 0.9337035616 0.3580470067
box 0.6 0.5 0.02 -0.6529674074 0.7981831246 1 0 0 0.9337035616 0.3580470067
box 0.6 0.5 0.02 -0.6529674074 0.7981831246 1.3 0 0 0.9337035616 0.3580470067
box 0.6 0.5 0.02 -0.6529674074 0.7981831246 1.6 0 0 0.9337035616 0.3580470067
box 0.65 0.02 0.82 -0.3186576419 1.169985466 0.82 0 0 0.9337035616 0.3580470067
box 0.65 0.02 0.82 -0.9872771728 0.4263807836 0.82 0 0 0.9337035616 0.3580470067
cyl 0.03 0.07 -0.5868314786 0.7221742565 1.38 0 0 0.9337035616 0.3580470067
cyl 0.03 0.07 -0.7083847446 0.2878651101 1.38 0 0 0.9337035616 0.3580470067
cyl 0.03 0.07 -0.2394152857 0.5103053447 1.38 0 0 0.9337035616 0.3580470067
cyl 0.03 0.07 -0.5248314548 0.7911275339 0.78 0 0 0.9337035616 0.3580470067
cyl 0.03 0.07 -0.4339876011 0.593035676 0.78 0 0 0.9337035616 0.3580470067
cyl 0.03 0.07 -0.1049529193 0.659847559 0.78 0 0 0.9337035616 0.3580470067
cyl 0.03 0.07 -0.6474059265 0.6548064323 1.08 0 0 0.9337035616 0.3580470067
cyl 0.03 0.07 -0.549695644 0.4643510677 1.08 0 0 0.9337035616 0.3580470067
cyl 0.03 0.07 -0.07780943848 0.6900351598 1.08 0 0 0.9337035616 0.3580470067
end
problem bookshelf_tall 30
start 1.57 -1.5707 0 -1.5707 -1.57 3.14
goal -0.7711375568 -0.2700812309 2.026722985 1.385193458 -1.286730454 0.001118649137
box 0.6 0.5 0.02 0.571493638 0.9842952262 0.7 0 0 0.5182345308 0.8552385463
box 0.6 0.5 0.02 0.571493638 0.9842952262 1 0 0 0.5182345308 0.8552385463
box 0.6 0.5 0.02 0.571493638 0.9842952262 1.3 0 0 0.5182345308 0.8552385463
box 0.6 0.5 0.02 0.571493638 0.9842952262 1.6 0 0 0.5182345308 0.8552385463
box 0.65 0.02 0.82 1.014707785 0.7528622551 0.82 0 0 0.5182345308 0.8552385463
box 0.65 0.02 0.82 0.1282794912 1.215728197 0.82 0 0 0.5182345308 0.8552385463
cyl 0.03 0.07 0.753537047 0.7764254015 1.38 0 0 0.5182345308 0.8552385463
cyl 0.03 0.07 0.1345243009 0.8740304966 1.38 0 0 0.5182345308 0.8552385463
cyl 0.03 0.07 0.6034258897 0.4035597561 1.38 0 0 0.5182345308 0.8552385463
cyl 0.03 0.07 0.6038808904 0.8545713028 0.78 0 0 0.5182345308 0.8552385463
cyl 0.03 0.07 0.5942983355 0.6339504549 0.78 0 0 0.5182345308 0.8552385463
cyl 0.03 0.07 0.2917745581 0.5662946195 0.78 0 0 0.5182345308 0.8552385463
cyl 0.03 0.07 0.544538224 0.8855582415 1.08 0 0 0.5182345308 0.8552385463
cyl 0.03 0.07 0.3977219555 0.7365966723 1.08 0 0 0.5182345308 0.8552385463
cyl 0.03 0.07 -0.05007329624 0.7447971902 1.08 0 0 0.5182345308 0.8552385463
end
problem bookshelf_tall 31
start 1.57 -1.5707 0 -1.5707 -1.57 3.14
goal -1.383326052 -0.3756401004 -1.59349914 1.969280097 1.651667578 -3.134510283
box 0.6 0.5 0.02 1.028278824 -0.06259232569 0.7 0 0 0.05572743329 0.9984460192
box 0.6 0.5 0.02 1.028278824 -0.06259232569 1 0 0 0.05572743329 0.9984460192
box 0.6 0.5 0.02 1.028278824 -0.06259232569 1.3 0 0 0.05572743329 0.9984460192
box 0.6 0.5 0.02 1.028278824 -0.06259232569 1.6 0 0 0.05572743329 0.9984460192
box 0.65 0.02 0.82 1.083919658 -0.5594867789 0.82 0 0 0.05572743329 0.9984460192
box 0.65 0.02 0.82 0.9726379902 0.4343021275 0.82 0 0 0.05572743329 0.9984460192
cyl 0.03 0.07 0.886294098 0.3067663157 1.38 0 0 0.05572743329 0.9984460192
cyl 0.03 0.07 0.7641614288 -0.3997822988 1.38 0 0 0.05572743329 0.9984460192
cyl 0.03 0.07 0.4977744289 0.1819167944 1.38 0 0 0.05572743329 0.9984460192
cyl 0.03 0.07 0.9608484504 -0.35903327 0.78 0 0 0.05572743329 0.9984460192
cyl 0.03 0.07 0.7548594506 -0.3167119875 0.78 0 0 0.05572743329 0.9984460192
cyl 0.03 0.07 0.5115614342 0.05879343386 0.78 0 0 0.05572743329 0.9984460192
cyl 0.03 0.07 0.9448085319 -0.2157905116 1.08 0 0 0.05572743329 0.9984460192
cyl 0.03 0.07 0.6884585894 0.2762737257 1.08 0 0 0.05572743329 0.9984460192
cyl 0.03 0.07 0.521239583 -0.02763622747 1.08 0 0 0.05572743329 0.9984460192
end
problem bookshelf_tall 32
start 1.57 -1.5707 0 -1.5707 -1.57 3.14
goal 1.694961113 -1.247708163 2.493394585 1.888016877 -1.839030179 0.001464230087
box 0.6 0.5 0.02 -0.9776307187 0.2805388362 0.7 0 0 0.9975397142 0.07010362767
box 0.6 0.5 0.02 -0.9776307187 0.2805388362 1 0 0 0.9975397142 0.07010362767
box 0.6 0.5 0.02 -0.9776307187 0.2805388362 1.3 0 0 0.9975397142 0.07010362767
box 0.6 0.5 0.02 -0.9776307187 0.2805388362 1.6 0 0 0.9975397142 0.07010362767
box 0.65 0.02 0.82 -0.907699566 0.7756243176 0.82 0 0 0.9975397142 0.07010362767
box 0.65 0.02 0.82 -1.047561871 -0.2145466452 0.82 0 0 0.9975397142 0.07010362767
cyl 0.03 0.07 -0.9302715116 -0.09916524566 1.38 0 0 0.9975397142 0.07010362767
cyl 0.03 0.07 -0.6782099818 0.2553549193 1.38 0 0 0.9975397142 0.07010362767
cyl 0.03 0.07 -0.5087852128 0.02483881851 1.38 0 0 0.9975397142 0.07010362767
cyl 0.03 0.07 -0.8544488773 0.4376296441 0.78 0 0 0.9975397142 0.07010362767
cyl 0.03 0.07 -0.7145934373 -0.002225856253 0.78 0 0 0.9975397142 0.07010362767
cyl 0.03 0.07 -0.4484362653 0.4520859977 0.78 0 0 0.9975397142 0.07010362767
cyl 0.03 0.07 -0.8443685441 0.5089944993 1.08 0 0 0.9975397142 0.07010362767
cyl 0.03 0.07 -0.6235261337 0.6424953888 1.08 0 0 0.9975397142 0.07010362767
cyl 0.03 0.07 -0.5268456701 -0.1030222259 1.08 0 0 0.9975397142 0.07010362767
end
problem bookshelf_tall 33
start 1.57 -1.5707 0 -1.5707 -1.57 3.14
goal 1.786901048 -1.85918167 -1.785553205 -2.634945644 -2.239838343 3.137369143
box 0.6 0.5 0.02 0.8405560032 0.7084323557 0.7 0 0 0.4265493007 0.9044643133
box 0.6 0.5 0.02 0.8405560032 0.7084323557 1 0 0 0.4265493007 0.9044643133
box 0.6 0.5 0.02 0.8405560032 0.7084323557 1.3 0 0 0.4265493007 0.9044643133
box 0.6 0.5 0.02 0.8405560032 0.7084323557 1.6 0 0 0.4265493007 0.9044643133
box 0.65 0.02 0.82 1.226354624 0.3903766617 0.82 0 0 0.4265493007 0.9044643133
box 0.65 0.02 0.82 0.4547573829 1.02648805 0.82 0 0 0.4265493007 0.9044643133
cyl 0.03 0.07 1.089066947 0.373956508 1.38 0 0 0.4265493007 0.9044643133
cyl 0.03 0.07 0.3187076023 0.7498447779 1.38 0 0 0.4265493007 0.9044643133
cyl 0.03 0.07 0.2124703238 0.5782251163 1.38 0 0 0.4265493007 0.9044643133
cyl 0.03 0.07 0.9696455811 0.4724085068 0.78 0 0 0.4265493007 0.9044643133
cyl 0.03 0.07 0.361410395 0.7146402291 0.78 0 0 0.4265493007 0.9044643133
cyl 0.03 0.07 0.4075546225 0.4173959461 0.78 0 0 0.4265493007 0.9044643133
cyl 0.03 0.07 0.7628875184 0.6428616284 1.08 0 0 0.4265493007 0.9044643133
cyl 0.03 0.07 0.8374998306 0.322148012 1.08 0 0 0.4265493007 0.9044643133
cyl 0.03 0.07 0.6523390812 0.2155935373 1.08 0 0 0.4265493007 0.9044643133
end
problem bookshelf_tall 34
start 1.57 -1.5707 0 -1.5707 -1.57 3.14
goal 1.055135545 -1.172104249 2.358246049 1.96563401 -1.947801894 0.01241384974
box 0.6 0.5 0.02 -0.5504165971 0.8869194365 0.7 0 0 0.9008524229 0.4341254566
box 0.6 0.5 0.02 -0.5504165971 0.8869194365 1 0 0 0.9008524229 0.4341254566
box 0.6 0.5 0.02 -0.5504165971 0.8869194365 1.3 0 0 0.9008524229 0.4341254566
box 0.6 0.5 0.02 -0.5504165971 0.8869194365 1.6 0 0 0.9008524229 0.4341254566
box 0.65 0.02 0.82 -0.1593336276 1.198454524 0.82 0 0 0.9008524229 0.4341254566
box 0.65 0.02 0.82 -0.9414995665 0.5753843485 0.82 0 0 0.9008524229 0.4341254566
cyl 0.03 0.07 -0.6781921147 0.6572838754 1.38 0 0 0.9008524229 0.4341254566
cyl 0.03 0.07 -0.1669147308 0.8088651238 1.38 0 0 0.9008524229 0.4341254566
cyl 0.03 0.07 -0.5849745918 0.2201401382 1.38 0 0 0.9008524229 0.4341254566
cyl 0.03 0.07 -0.6821718687 0.6541136197 0.78 0 0 0.9008524229 0.4341254566
cyl 0.03 0.07 -0.6081750264 0.4573589839 0.78 0 0 0.9008524229 0.4341254566
cyl 0.03 0.07 0.0589662183 0.7331007439 0.78 0 0 0.9008524229 0.4341254566
cyl 0.03 0.07 -0.2357597721 1.009723663 1.08 0 0 0.9008524229 0.4341254566
cyl 0.03 0.07 -0.5646743236 0.4920114651 1.08 0 0 0.9008524229 0.4341254566
cyl 0.03 0.07 -0.5063322622 0.2827862951 1.08 0 0 0.9008524229 0.4341254566
end
problem bookshelf_tall 35
start 1.57 -1.5707 0 -1.5707 -1.57 3.14
goal 0.07954079972 -1.567524914 1.802912784 2.911534397 -1.921073903 0.00353280998
box 0.6 0.5 0.02 0.3389761454 1.055792024 0.7 0 0 0.6066714818 0.7949526484
box 0.6 0.5 0.02 0.3389761454 1.055792024 1 0 0 0.6066714818 0.7949526484
box 0.6 0.5 0.02 0.3389761454 1.055792024 1.3 0 0 0.6066714818 0.7949526484
box 0.6 0.5 0.02 0.3389761454 1.055792024 1.6 0 0 0.6066714818 0.7949526484
box 0.65 0.02 0.82 0.8212512466 0.9238423113 0.82 0 0 0.6066714818 0.7949526484
box 0.65 0.02 0.82 -0.1432989558 1.187741738 0.82 0 0 0.6066714818 0.7949526484
cyl 0.03 0.07 -0.1132542397 1.075846283 1.38 0 0 0.6066714818 0.7949526484
cyl 0.03 0.07 0.002677254508 0.8367770731 1.38 0 0 0.6066714818 0.7949526484
cyl 0.03 0.07 -0.06176456155 0.6470577186 1.38 0 0 0.6066714818 0.7949526484
cyl 0.03 0.07 0.210482709 0.9872723603 0.78 0 0 0.6066714818 0.7949526484
cyl 0.03 0.07 -0.01473157024 0.8415401003 0.78 0 0 0.6066714818 0.7949526484
cyl 0.03 0.07 0.5633089068 0.4760385956 0.78 0 0 0.6066714818 0.7949526484
cyl 0.03 0.07 0.1674884725 0.9990355162 1.08 0 0 0.6066714818 0.7949526484
cyl 0.03 0.07 0.059309372 0.8212826143 1.08 0 0 0.6066714818 0.7949526484
cyl 0.03 0.07 0.3007256557 0.5478809623 1.08 0 0 0.6066714818 0.7949526484
end
problem bookshelf_tall 36
start 1.57 -1.5707 0 -1.5707 -1.57 3.14
goal 1.061973406 -0.7758844318 2.033305762 -1.262218521 1.878426282 -3.137746181
box 0.6 0.5 0.02 -0.7632987196 0.860110906 0.7 0 0 0.9179688461 0.3966524896
box 0.6 0.5 0.02 -0.7632987196 0.860110906 1 0 0 0.9179688461 0.3966524896
box 0.6 0.5 0.02 -0.7632987196 0.860110906 1.3 0 0 0.9179688461 0.3966524896
box 0.6 0.5 0.02 -0.7632987196 0.860110906 1.6 0 0 0.9179688461 0.3966524896
box 0.65 0.02 0.82 -0.3991840914 1.202777708 0.82 0 0 0.9179688461 0.3966524896
box 0.65 0.02 0.82 -1.127413348 0.5174441035 0.82 0 0 0.9179688461 0.3966524896
cyl 0.03 0.07 -0.8289099473 0.6610450515 1.38 0 0 0.9179688461 0.3966524896
cyl 0.03 0.07 -0.4303659018 0.7614744516 1.38 0 0 0.9179688461 0.3966524896
cyl 0.03 0.07 -0.3753730598 0.5385892052 1.38 0 0 0.9179688461 0.3966524896
cyl 0.03 0.07 -0.6407192014 0.8381506005 0.78 0 0 0.9179688461 0.3966524896
cyl 0.03 0.07 -0.4385834221 0.7537409765 0.78 0 0 0.9179688461 0.3966524896
cyl 0.03 0.07 -0.6129779193 0.3149802339 0.78 0 0 0.9179688461 0.3966524896
cyl 0.03 0.07 -0.6476315456 0.8316454214 1.08 0 0 0.9179688461 0.3966524896
cyl 0.03 0.07 -0.5048400117 0.6913871683 1.08 0 0 0.9179688461 0.3966524896
cyl 0.03 0.07 -0.4409516386 0.4768734701 1.08 0 0 0.9179688461 0.3966524896
end
problem bookshelf_tall 37
start 1.57 -1.5707 0 -1.5707 -1.57 3.14
goal -2.55656328 -2.439368974 -1.356762757 0.6483175841 2.321768713 -0.004721551536
box 0.6 0.5 0.02 -1.107144772 0.4146689464 0.7 0 0 0.9928689339 0.1192110733
box 0.6 0.5 0.02 -1.107144772 0.4146689464 1 0 0 0.9928689339 0.1192110733
box 0.6 0.5 0.02 -1.107144772 0.4146689464 1.3 0 0 0.9928689339 0.1192110733
box 0.6 0.5 0.02 -1.107144772 0.4146689464 1.6 0 0 0.9928689339 0.1192110733
box 0.65 0.02 0.82 -0.9887838003 0.9004576664 0.82 0 0 0.9928689339 0.1192110733
box 0.65 0.02 0.82 -1.225505743 -0.07111977357 0.82 0 0 0.9928689339 0.1192110733
cyl 0.03 0.07 -0.912348912 0.7917326934 1.38 0 0 0.9928689339 0.1192110733
cyl 0.03 0.07 -0.8876268119 0.04832646978 1.38 0 0 0.9928689339 0.1192110733
cyl 0.03 0.07 -0.7004665478 -0.02838509106 1.38 0 0 0.9928689339 0.1192110733
cyl 0.03 0.07 -0.9042868271 0.8248218935 0.78 0 0 0.9928689339 0.1192110733
cyl 0.03 0.07 -0.8457160392 0.2203407785 0.78 0 0 0.9928689339 0.1192110733
cyl 0.03 0.07 -0.6319261724 0.2529250476 0.78 0 0 0.9928689339 0.1192110733
cyl 0.03 0.07 -0.9325508733 0.7088178199 1.08 0 0 0.9928689339 0.1192110733
cyl 0.03 0.07 -0.7262957663 0.7104771883 1.08 0 0 0.9928689339 0.1192110733
cyl 0.03 0.07 -0.5334120431 0.6572564102 1.08 0 0 0.9928689339 0.1192110733
end
problem bookshelf_tall 38
start 1.57 -1.5707 0 -1.5707 -1.57 3.14
goal -2.490264879 -1.97630371 -2.331326636 1.17527058 2.142786267 -0.0002406823025
box 0.6 0.5 0.02 -0.9136528278 0.3950613523 0.7 0 0 0.985560224 0.1693252638
box 0.6 0.5 0.02 -0.9136528278 0.3950613523 1 0 0 0.985560224 0.1693252638
box 0.6 0.5 0.02 -0.9136528278 0.3950613523 1.3 0 0 0.985560224 0.1693252638
box 0.6 0.5 0.02 -0.9136528278 0.3950613523 1.6 0 0 0.985560224 0.1693252638
box 0.65 0.02 0.82 -0.7467725828 0.8663903073 0.82 0 0 0.985560224 0.1693252638
box 0.65 0.02 0.82 -1.080533073 -0.07626760275 0.82 0 0 0.985560224 0.1693252638
cyl 0.03 0.07 -0.6977948406 0.7051047583 1.38 0 0 0.985560224 0.1693252638
cyl 0.03 0.07 -0.6362733516 0.2796311444 1.38 0 0 0.985560224 0.1693252638
cyl 0.03 0.07 -0.3350332305 0.5312079055 1.38 0 0 0.985560224 0.1693252638
cyl 0.03 0.07 -0.8880527112 0.1677491031 0.78 0 0 0.985560224 0.1693252638
cyl 0.03 0.07 -0.5405129389 0.5500924881 0.78 0 0 0.985560224 0.1693252638
cyl 0.03 0.07 -0.3003849429 0.6290669491 0.78 0 0 0.985560224 0.1693252638
cyl 0.03 0.07 -0.6706056368 0.7818967059 1.08 0 0 0.985560224 0.1693252638
cyl 0.03 0.07 -0.57318835 0.4578055467 1.08 0 0 0.985560224 0.1693252638
cyl 0.03 0.07 -0.3749722344 0.4184060039 1.08 0 0 0.985560224 0.1693252638
end
problem bookshelf_tall 39
start 1.57 -1.5707 0 -1.5707 -1.57 3.14
goal 0.2521234633 -1.638535259 1.877963635 2.910872407 -1.622852307 0.0005748025856
box 0.6 0.5 0.02 -0.1950916883 1.108691562 0.7 0 0 0.7750498152 0.6319001377
box 0.6 0.5 0.02 -0.1950916883 1.108691562 1 0 0 0.7750498152 0.6319001377
box 0.6 0.5 0.02 -0.1950916883 1.108691562 1.3 0 0 0.7750498152 0.6319001377
box 0.6 0.5 0.02 -0.1950916883 1.108691562 1.6 0 0 0.7750498152 0.6319001377
box 0.65 0.02 0.82 0.2946623967 1.209393778 0.82 0 0 0.7750498152 0.6319001377
box 0.65 0.02 0.82 -0.6848457732 1.007989346 0.82 0 0 0.7750498152 0.6319001377
cyl 0.03 0.07 -0.5230227934 0.939170997 1.38 0 0 0.7750498152 0.6319001377
cyl 0.03 0.07 0.1804270604 0.8796287864 1.38 0 0 0.7750498152 0.6319001377
cyl 0.03 0.07 -0.2517651928 0.5865782085 1.38 0 0 0.7750498152 0.6319001377
cyl 0.03 0.07 -0.0342525116 1.039670925 0.78 0 0 0.7750498152 0.6319001377
cyl 0.03 0.07 -0.3409747452 0.7724192319 0.78 0 0 0.7750498152 0.6319001377
cyl 0.03 0.07 -0.09886226041 0.6180177913 0.78 0 0 0.7750498152 0.6319001377
cyl 0.03 0.07 -0.3965707944 0.965171794 1.08 0 0 0.7750498152 0.6319001377
cyl 0.03 0.07 -0.3719245869 0.7660553898 1.08 0 0 0.7750498152 0.6319001377
cyl 0.03 0.07 -0.1522959709 0.6070308629 1.08 0 0 0.7750498152 0.6319001377
end
problem bookshelf_tall 40
start 1.57 -1.5707 0 -1.5707 -1.57 3.14
goal -1.35718259 -1.977366638 2.422599541 -0.4433273854 1.214108218 3.140176865
box 0.6 0.5 0.02 0.9190015496 0.4085901309 0.7 0 0 0.2783171469 0.9604892325
box 0.6 0.5 0.02 0.9190015496 0.4085901309 1 0 0 0.2783171469 0.9604892325
box 0.6 0.5 0.02 0.9190015496 0.4085901309 1.3 0 0 0.2783171469 0.9604892325
box 0.6 0.5 0.02 0.9190015496 0.4085901309 1.6 0 0 0.2783171469 0.9604892325
box 0.65 0.02 0.82 1.186322172 -0.01394943484 0.82 0 0 0.2783171469 0.9604892325
box 0.65 0.02 0.82 0.6516809267 0.8311296966 0.82 0 0 0.2783171469 0.9604892325
cyl 0.03 0.07 0.8758110058 0.2898178264 1.38 0 0 0.2783171469 0.9604892325
cyl 0.03 0.07 0.8860231468 -0.1004065883 1.38 0 0 0.2783171469 0.9604892325
cyl 0.03 0.07 0.4055903892 0.2849054301 1.38 0 0 0.2783171469 0.9604892325
cyl 0.03 0.07 0.6037114275 0.7199112342 0.78 0 0 0.2783171469 0.9604892325
cyl 0.03 0.07 0.8393836572 -0.02668601464 0.78 0 0 0.2783171469 0.9604892325
cyl 0.03 0.07 0.4432916267 0.2253130785 0.78 0 0 0.2783171469 0.9604892325
cyl 0.03 0.07 0.6778009898 0.6028017829 1.08 0 0 0.2783171469 0.9604892325
cyl 0.03 0.07 0.511439407 0.4916781114 1.08 0 0 0.2783171469 0.9604892325
cyl 0.03 0.07 0.3973234198 0.2979725912 1.08 0 0 0.2783171469 0.9604892325
end
problem bookshelf_tall 41
start 1.57 -1.5707 0 -1.5707 -1.57 3.14
goal -0.2541991658 -0.7803655348 2.062403117 -1.292455704 0.4950812685 -3.124962276
box 0.6 0.5 0.02 -0.719405045 0.8128829302 0.7 0 0 0.9315812331 0.3635332256
box 0.6 0.5 0.02 -0.719405045 0.8128829302 1 0 0 0.9315812331 0.3635332256
box 0.6 0.5 0.02 -0.719405045 0.8128829302 1.3 0 0 0.9315812331 0.3635332256
box 0.6 0.5 0.02 -0.719405045 0.8128829302 1.6 0 0 0.9315812331 0.3635332256
box 0.65 0.02 0.82 -0.3807443144 1.180726524 0.82 0 0 0.9315812331 0.3635332256
box 0.65 0.02 0.82 -1.058065776 0.4450393363 0.82 0 0 0.9315812331 0.3635332256
cyl 0.03 0.07 -0.6118056903 0.7821138869 1.38 0 0 0.9315812331 0.3635332256
cyl 0.03 0.07 -0.5827283709 0.5184160729 1.38 0 0 0.9315812331 0.3635332256
cyl 0.03 0.07 -0.5552530251 0.252978241 1.38 0 0 0.9315812331 0.3635332256
cyl 0.03 0.07 -0.7659846543 0.6146491085 0.78 0 0 0.9315812331 0.3635332256
cyl 0.03 0.07 -0.6594430824 0.4350907487 0.78 0 0 0.9315812331 0.3635332256
cyl 0.03 0.07 -0.2124716261 0.6252975871 0.78 0 0 0.9315812331 0.3635332256
cyl 0.03 0.07 -0.7564300888 0.6250270041 1.08 0 0 0.9315812331 0.3635332256
cyl 0.03 0.07 -0.4744937168 0.6359774568 1.08 0 0 0.9315812331 0.3635332256
cyl 0.03 0.07 -0.2478836283 0.5868340837 1.08 0 0 0.9315812331 0.3635332256
end
problem bookshelf_tall 42
start 1.57 -1.5707 0 -1.5707 -1.57 3.14
goal -0.0476794139 -1.788281237 2.295542994 -0.4961227387 0.5432075625 3.138841956
box 0.6 0.5 0.02 -0.7958180604 0.6205992395 0.7 0 0 0.9575466815 0.2882782556
box 0.6 0.5 0.02 -0.7958180604 0.6205992395 1 0 0 0.9575466815 0.2882782556
box 0.6 0.5 0.02 -0.7958180604 0.6205992395 1.3 0 0 0.9575466815 0.2882782556
box 0.6 0.5 0.02 -0.7958180604 0.6205992395 1.6 0 0 0.9575466815 0.2882782556
box 0.65 0.02 0.82 -0.5197781734 1.037494887 0.82 0 0 0.9575466815 0.2882782556
box 0.65 0.02 0.82 -1.071857947 0.2037035922 0.82 0 0 0.9575466815 0.2882782556
cyl 0.03 0.07 -0.5226368559 0.852044252 1.38 0 0 0.9575466815 0.2882782556
cyl 0.03 0.07 -0.4513035441 0.5975105556 1.38 0 0 0.9575466815 0.2882782556
cyl 0.03 0.07 -0.2117500691 0.5970352657 1.38 0 0 0.9575466815 0.2882782556
cyl 0.03 0.07 -0.9529011818 0.2022275657 0.78 0 0 0.9575466815 0.2882782556
cyl 0.03 0.07 -0.3950694098 0.6824394622 0.78 0 0 0.9575466815 0.2882782556
cyl 0.03 0.07 -0.1887106334 0.6318311082 0.78 0 0 0.9575466815 0.2882782556
cyl 0.03 0.07 -0.5299436515 0.8410089943 1.08 0 0 0.9575466815 0.2882782556
cyl 0.03 0.07 -0.72754468 0.1803109675 1.08 0 0 0.9575466815 0.2882782556
cyl 0.03 0.07 -0.3340363201 0.4123496163 1.08 0 0 0.9575466815 0.2882782556
end
problem bookshelf_tall 43
start 1.57 -1.5707 0 -1.5707 -1.57 3.14
goal -2.4113399 -1.296420554 1.494350564 2.944459027 -0.5371584178 0.00148566685
box 0.6 0.5 0.02 1.133053211 0.08789858853 0.7 0 0 0.09341758203 0.9956270162
box 0.6 0.5 0.02 1.133053211 0.08789858853 1 0 0 0.09341758203 0.9956270162
box 0.6 0.5 0.02 1.133053211 0.08789858853 1.3 0 0 0.09341758203 0.9956270162
box 0.6 0.5 0.02 1.133053211 0.08789858853 1.6 0 0 0.09341758203 0.9956270162
box 0.65 0.02 0.82 1.226062279 -0.4033745668 0.82 0 0 0.09341758203 0.9956270162
box 0.65 0.02 0.82 1.040044142 0.5791717439 0.82 0 0 0.09341758203 0.9956270162
cyl 0.03 0.07 0.9857745922 0.3282410842 1.38 0 0 0.09341758203 0.9956270162
cyl 0.03 0.07 0.7919591204 0.2768088775 1.38 0 0 0.09341758203 0.9956270162
cyl 0.03 0.07 0.6881431907 -0.2500001904 1.38 0 0 0.09341758203 0.9956270162
cyl 0.03 0.07 1.030308787 0.09301182277 0.78 0 0 0.09341758203 0.9956270162
cyl 0.03 0.07 0.8928124559 -0.2558976334 0.78 0 0 0.09341758203 0.9956270162
cyl 0.03 0.07 0.5950523363 0.2417049579 0.78 0 0 0.09341758203 0.9956270162
cyl 0.03 0.07 1.055566552 -0.04039948689 1.08 0 0 0.09341758203 0.9956270162
cyl 0.03 0.07 0.779132684 0.344558012 1.08 0 0 0.09341758203 0.9956270162
cyl 0.03 0.07 0.5705075878 0.3713501229 1.08 0 0 0.09341758203 0.9956270162
end
problem bookshelf_tall 44
start 1.57 -1.5707 0 -1.5707 -1.57 3.14
goal -0.7649755019 -1.225844314 2.416312511 1.949126013 -1.69352962 0.006845209452
box 0.6 0.5 0.02 0.9198518158 0.5479921771 0.7 0 0 0.3373545641 0.9413776596
box 0.6 0.5 0.02 0.9198518158 0.5479921771 1 0 0 0.3373545641 0.9413776596
box 0.6 0.5 0.02 0.9198518158 0.5479921771 1.3 0 0 0.3373545641 0.9413776596
box 0.6 0.5 0.02 0.9198518158 0.5479921771 1.6 0 0 0.3373545641 0.9413776596
box 0.65 0.02 0.82 1.237429866 0.161800279 0.82 0 0 0.3373545641 0.9413776596
box 0.65 0.02 0.82 0.6022737657 0.9341840752 0.82 0 0 0.3373545641 0.9413776596
cyl 0.03 0.07 1.040134515 0.2442803681 1.38 0 0 0.3373545641 0.9413776596
cyl 0.03 0.07 0.5604971613 0.5126618263 1.38 0 0 0.3373545641 0.9413776596
cyl 0.03 0.07 0.5370466127 0.2262957248 1.38 0 0 0.3373545641 0.9413776596
cyl 0.03 0.07 0.9634549583 0.3375268116 0.78 0 0 0.3373545641 0.9413776596
cyl 0.03 0.07 0.6055554214 0.4578685716 0.78 0 0 0.3373545641 0.9413776596
cyl 0.03 0.07 0.4116541747 0.3787796374 0.78 0 0 0.3373545641 0.9413776596
cyl 0.03 0.07 0.7365864302 0.6134110784 1.08 0 0 0.3373545641 0.9413776596
cyl 0.03 0.07 0.7598606767 0.2702251264 1.08 0 0 0.3373545641 0.9413776596
cyl 0.03 0.07 0.3444758021 0.4604721323 1.08 0 0 0.3373545641 0.9413776596
end
problem bookshelf_tall 45
start 1.57 -1.5707 0 -1.5707 -1.57 3.14
goal -0.9411816224 -0.2790022553 2.02543042 1.399070661 -1.46207104 0.0006870073467
box 0.6 0.5 0.02 0.8862293281 0.707344456 0.7 0 0 0.3562226874 0.93440109
box 0.6 0.5 0.02 0.8862293281 0.707344456 1 0 0 0.3562226874 0.93440109
box 0.6 0.5 0.02 0.8862293281 0.707344456 1.3 0 0 0.3562226874 0.93440109
box 0.6 0.5 0.02 0.8862293281 0.707344456 1.6 0 0 0.3562226874 0.93440109
box 0.65 0.02 0.82 1.219084195 0.334239059 0.82 0 0 0.3562226874 0.93440109
box 0.65 0.02 0.82 0.5533744607 1.080449853 0.82 0 0 0.3562226874 0.93440109
cyl 0.03 0.07 0.8674146048 0.5782187336 1.38 0 0 0.3562226874 0.93440109
cyl 0.03 0.07 0.4356035417 0.7618153823 1.38 0 0 0.3562226874 0.93440109
cyl 0.03 0.07 0.2916698661 0.6227230229 1.38 0 0 0.3562226874 0.93440109
cyl 0.03 0.07 0.9058517279 0.535133595 0.78 0 0 0.3562226874 0.93440109
cyl 0.03 0.07 0.5112611887 0.6770088218 0.78 0 0 0.3562226874 0.93440109
cyl 0.03 0.07 0.4238582951 0.4745496863 0.78 0 0 0.3562226874 0.93440109
cyl 0.03 0.07 0.8011543241 0.6524915496 1.08 0 0 0.3562226874 0.93440109
cyl 0.03 0.07 0.7476095824 0.4120799597 1.08 0 0 0.3562226874 0.93440109
cyl 0.03 0.07 0.6589927827 0.2109815222 1.08 0 0 0.3562226874 0.93440109
end
problem bookshelf_tall 46
start 1.57 -1.5707 0 -1.5707 -1.57 3.14
goal 1.887540299 -1.422233367 -1.935945069 0.2220352211 1.609725316 0.007612984771
box 0.6 0.5 0.02 1.051811833 0.3146561002 0.7 0 0 0.1761520785 0.9843629642
box 0.6 0.5 0.02 1.051811833 0.3146561002 1 0 0 0.1761520785 0.9843629642
box 0.6 0.5 0.02 1.051811833 0.3146561002 1.3 0 0 0.1761520785 0.9843629642
box 0.6 0.5 0.02 1.051811833 0.3146561002 1.6 0 0 0.1761520785 0.9843629642
box 0.65 0.02 0.82 1.225209415 -0.154314345 0.82 0 0 0.1761520785 0.9843629642
box 0.65 0.02 0.82 0.8784142512 0.7836265455 0.82 0 0 0.1761520785 0.9843629642
cyl 0.03 0.07 1.050255837 0.03050978749 1.38 0 0 0.1761520785 0.9843629642
cyl 0.03 0.07 0.8473100353 0.00268692485 1.38 0 0 0.1761520785 0.9843629642
cyl 0.03 0.07 0.5990228135 0.09749429614 1.38 0 0 0.1761520785 0.9843629642
cyl 0.03 0.07 1.044556417 0.04592441773 0.78 0 0 0.1761520785 0.9843629642
cyl 0.03 0.07 0.7436574624 0.2830252816 0.78 0 0 0.1761520785 0.9843629642
cyl 0.03 0.07 0.6584359287 -0.06319419073 0.78 0 0 0.1761520785 0.9843629642
cyl 0.03 0.07 0.9515556398 0.2974539673 1.08 0 0 0.1761520785 0.9843629642
cyl 0.03 0.07 0.7431272972 0.2844591646 1.08 0 0 0.1761520785 0.9843629642
cyl 0.03 0.07 0.5150788489 0.3245288254 1.08 0 0 0.1761520785 0.9843629642
end
problem bookshelf_tall 47
start 1.57 -1.5707 0 -1.5707 -1.57 3.14
goal -0.424139436 -1.625896175 2.162207661 -0.5500808901 0.7378110528 -3.13122027
box 0.6 0.5 0.02 -0.3023919529 1.04607916 0.7 0 0 0.8336581381 0.5522808242
box 0.6 0.5 0.02 -0.3023919529 1.04607916 1 0 0 0.8336581381 0.5522808242
box 0.6 0.5 0.02 -0.3023919529 1.04607916 1.3 0 0 0.8336581381 0.5522808242
box 0.6 0.5 0.02 -0.3023919529 1.04607916 1.6 0 0 0.8336581381 0.5522808242
box 0.65 0.02 0.82 0.1580214507 1.241065051 0.82 0 0 0.8336581381 0.5522808242
box 0.65 0.02 0.82 -0.7628053565 0.8510932689 0.82 0 0 0.8336581381 0.5522808242
cyl 0.03 0.07 -0.1259186921 1.012217844 1.38 0 0 0.8336581381 0.5522808242
cyl 0.03 0.07 -0.1455305881 0.7867160615 1.38 0 0 0.8336581381 0.5522808242
cyl 0.03 0.07 -0.2995434286 0.5042952416 1.38 0 0 0.8336581381 0.5522808242
cyl 0.03 0.07 0.06117552349 1.091452575 0.78 0 0 0.8336581381 0.5522808242
cyl 0.03 0.07 0.01419610693 0.8543605995 0.78 0 0 0.8336581381 0.5522808242
cyl 0.03 0.07 -0.475985702 0.4295716265 0.78 0 0 0.8336581381 0.5522808242
cyl 0.03 0.07 -0.06460394343 1.038184748 1.08 0 0 0.8336581381 0.5522808242
cyl 0.03 0.07 -0.2433590542 0.745285533 1.08 0 0 0.8336581381 0.5522808242
cyl 0.03 0.07 -0.08375133698 0.5956835742 1.08 0 0 0.8336581381 0.5522808242
end
problem bookshelf_tall 48
start 1.57 -1.5707 0 -1.5707 -1.57 3.14
goal -0.6151778333 -1.746735174 1.972876618 2.921432884 -0.9900465691 -0.008744189404
box 0.6 0.5 0.02 0.1192195957 1.098611844 0.7 0 0 0.6924096898 0.7215045541
box 0.6 0.5 0.02 0.1192195957 1.098611844 1 0 0 0.6924096898 0.7215045541
box 0.6 0.5 0.02 0.1192195957 1.098611844 1.3 0 0 0.6924096898 0.7215045541
box 0.6 0.5 0.02 0.1192195957 1.098611844 1.6 0 0 0.6924096898 0.7215045541
box 0.65 0.02 0.82 0.6187963402 1.078043023 0.82 0 0 0.6924096898 0.7215045541
box 0.65 0.02 0.82 -0.3803571487 1.119180666 0.82 0 0 0.6924096898 0.7215045541
cyl 0.03 0.07 0.1421971246 0.9975810793 1.38 0 0 0.6924096898 0.7215045541
cyl 0.03 0.07 -0.3036563788 0.8157685352 1.38 0 0 0.6924096898 0.7215045541
cyl 0.03 0.07 0.1045168195 0.5987935802 1.38 0 0 0.6924096898 0.7215045541
cyl 0.03 0.07 -0.09282037562 1.007257336 0.78 0 0 0.6924096898 0.7215045541
cyl 0.03 0.07 -0.04981338375 0.8053171855 0.78 0 0 0.6924096898 0.7215045541
cyl 0.03 0.07 -0.04602371661 0.6049917098 0.78 0 0 0.6924096898 0.7215045541
cyl 0.03 0.07 0.3104943356 0.990651863 1.08 0 0 0.6924096898 0.7215045541
cyl 0.03 0.07 0.3502734196 0.7888446132 1.08 0 0 0.6924096898 0.7215045541
cyl 0.03 0.07 0.4653149497 0.5839386206 1.08 0 0 0.6924096898 0.7215045541
end
problem bookshelf_tall 49
start 1.57 -1.5707 0 -1.5707 -1.57 3.14
goal -0.006034511839 -1.494247934 1.238247495 0.2593017601 1.765033965 3.135953101
box 0.6 0.5 0.02 0.4013551279 1.10383363 0.7 0 0 0.6301741211 0.7764538474
box 0.6 0.5 0.02 0.4013551279 1.10383363 1 0 0 0.6301741211 0.7764538474
box 0.6 0.5 0.02 0.4013551279 1.10383363 1.3 0 0 0.6301741211 0.7764538474
box 0.6 0.5 0.02 0.4013551279 1.10383363 1.6 0 0 0.6301741211 0.7764538474
box 0.65 0.02 0.82 0.8906562488 1.000953053 0.82 0 0 0.6301741211 0.7764538474
box 0.65 0.02 0.82 -0.08794599293 1.206714207 0.82 0 0 0.6301741211 0.7764538474
cyl 0.03 0.07 0.6808956957 0.942870796 1.38 0 0 0.6301741211 0.7764538474
cyl 0.03 0.07 0.4796647544 0.7808085377 1.38 0 0 0.6301741211 0.7764538474
cyl 0.03 0.07 -0.04922257381 0.687639394 1.38 0 0 0.6301741211 0.7764538474
cyl 0.03 0.07 0.5948469454 0.960963428 0.78 0 0 0.6301741211 0.7764538474
cyl 0.03 0.07 0.2955982484 0.8195104077 0.78 0 0 0.6301741211 0.7764538474
cyl 0.03 0.07 0.1505946248 0.6456257794 0.78 0 0 0.6301741211 0.7764538474
cyl 0.03 0.07 0.1709824306 1.050085288 1.08 0 0 0.6301741211 0.7764538474
cyl 0.03 0.07 0.6837498199 0.7378975604 1.08 0 0 0.6301741211 0.7764538474
cyl 0.03 0.07 0.2533610846 0.6240180776 1.08 0 0 0.6301741211 0.7764538474
end
problem bookshelf_tall 50
start 1.57 -1.5707 0 -1.5707 -1.57 3.14
goal 2.621275445 -1.916046917 -2.454140939 1.223026804 1.52346533 0.008563964489
box 0.6 0.5 0.02 0.7585897861 0.7741341723 0.7 0 0 0.4807427776 0.8768616663
box 0.6 0.5 0.02 0.7585897861 0.7741341723 1 0 0 0.4807427776 0.8768616663
box 0.6 0.5 0.02 0.7585897861 0.7741341723 1.3 0 0 0.4807427776 0.8768616663
box 0.6 0.5 0.02 0.7585897861 0.7741341723 1.6 0 0 0.4807427776 0.8768616663
box 0.65 0.02 0.82 1.180134699 0.5052477905 0.82 0 0 0.4807427776 0.8768616663
box 0.65 0.02 0.82 0.3370448731 1.043020554 0.82 0 0 0.4807427776 0.8768616663
cyl 0.03 0.07 0.6589418747 0.719084205 1.38 0 0 0.4807427776 0.8768616663
cyl 0.03 0.07 0.4810267055 0.5953464199 1.38 0 0 0.4807427776 0.8768616663
cyl 0.03 0.07 0.6919301425 0.2235970351 1.38 0 0 0.4807427776 0.8768616663
cyl 0.03 0.07 0.8022669774 0.6276629422 0.78 0 0 0.4807427776 0.8768616663
cyl 0.03 0.07 0.9561482709 0.2922856671 0.78 0 0 0.4807427776 0.8768616663
cyl 0.03 0.07 0.4154222082 0.3999702179 0.78 0 0 0.4807427776 0.8768616663
cyl 0.03 0.07 0.5461642624 0.7910204643 1.08 0 0 0.4807427776 0.8768616663
cyl 0.03 0.07 0.5443185583 0.5549751171 1.08 0 0 0.4807427776 0.8768616663
cyl 0.03 0.07 0.3849578859 0.4194021719 1.08 0 0 0.4807427776 0.8768616663
end
problem bookshelf_tall 51
start 1.57 -1.5707 0 -1.5707 -1.57 3.14
goal -2.886996843 -2.848891077 -1.847974049 1.560790821 1.542664274 -0.002476797722
box 0.6 0.5 0.02 -0.2144241343 1.181470834 0.7 0 0 0.7809381975 0.6246083026
box 0.6 0.5 0.02 -0.2144241343 1.181470834 1 0 0 0.7809381975 0.6246083026
box 0.6 0.5 0.02 -0.2144241343 1.181470834 1.3 0 0 0.7809381975 0.6246083026
box 0.6 0.5 0.02 -0.2144241343 1.181470834 1.6 0 0 0.7809381975 0.6246083026
box 0.65 0.02 0.82 0.2733563476 1.291335302 0.82 0 0 0.7809381975 0.6246083026
box 0.65 0.02 0.82 -0.7022046163 1.071606366 0.82 0 0 0.7809381975 0.6246083026
cyl 0.03 0.07 -0.2874262856 1.062523183 1.38 0 0 0.7809381975 0.6246083026
cyl 0.03 0.07 -0.1255104651 0.8939817846 1.38 0 0 0.7809381975 0.6246083026
cyl 0.03 0.07 0.09095401098 0.7377265669 1.38 0 0 0.7809381975 0.6246083026
cyl 0.03 0.07 -0.2666362158 1.067205802 0.78 0 0 0.7809381975 0.6246083026
cyl 0.03 0.07 0.1195171236 0.9491701875 0.78 0 0 0.7809381975 0.6246083026
cyl 0.03 0.07 -0.06225345986 0.7032191236 0.78 0 0 0.7809381975 0.6246083026
cyl 0.03 0.07 0.1083115818 1.151656578 1.08 0 0 0.7809381975 0.6246083026
cyl 0.03 0.07 0.08942786929 0.9423930817 1.08 0 0 0.7809381975 0.6246083026
cyl 0.03 0.07 -0.3566941077 0.6369012482 1.08 0 0 0.7809381975 0.6246083026
end
problem bookshelf_tall 52
start 1.57 -1.5707 0 -1.5707 -1.57 3.14
goal -0.2008753914 -0.8172275112 2.350385068 -1.539536899 1.845813231 3.140910325
box 0.6 0.5 0.02 0.6513891428 0.8455716847 0.7 0 0 0.5199294553 0.8542092024
box 0.6 0.5 0.02 0.6513891428 0.8455716847 1 0 0 0.5199294553 0.8542092024
box 0.6 0.5 0.02 0.6513891428 0.8455716847 1.3 0 0 0.5199294553 0.8542092024
box 0.6 0.5 0.02 0.6513891428 0.8455716847 1.6 0 0 0.5199294553 0.8542092024
box 0.65 0.02 0.82 1.095517668 0.6158983232 0.82 0 0 0.5199294553 0.8542092024
box 0.65 0.02 0.82 0.2072606175 1.075245046 0.82 0 0 0.5199294553 0.8542092024
cyl 0.03 0.07 0.9288074178 0.589529613 1.38 0 0 0.5199294553 0.8542092024
cyl 0.03 0.07 0.3380064876 0.6698920162 1.38 0 0 0.5199294553 0.8542092024
cyl 0.03 0.07 0.1091228476 0.5630951718 1.38 0 0 0.5199294553 0.8542092024
cyl 0.03 0.07 0.773751239 0.6697142257 0.78 0 0 0.5199294553 0.8542092024
cyl 0.03 0.07 0.3067876132 0.6860363154 0.78 0 0 0.5199294553 0.8542092024
cyl 0.03 0.07 0.0881679102 0.5739316541 0.78 0 0 0.5199294553 0.8542092024
cyl 0.03 0.07 0.9095399478 0.5994934508 1.08 0 0 0.5199294553 0.8542092024
cyl 0.03 0.07 0.1709734551 0.756270251 1.08 0 0 0.5199294553 0.8542092024
cyl 0.03 0.07 0.5108161633 0.3553664427 1.08 0 0 0.5199294553 0.8542092024
end
problem bookshelf_tall 53
start 1.57 -1.5707 0 -1.5707 -1.57 3.14
goal 2.502119632 -1.372445664 -1.981964889 0.2084921359 1.44988755 0.006518080666
box 0.6 0.5 0.02 0.7724362168 0.7757804914 0.7 0 0 0.3934126543 0.919361998
box 0.6 0.5 0.02 0.7724362168 0.7757804914 1 0 0 0.3934126543 0.919361998
box 0.6 0.5 0.02 0.7724362168 0.7757804914 1.3 0 0 0.3934126543 0.919361998
box 0.6 0.5 0.02 0.7724362168 0.7757804914 1.6 0 0 0.3934126543 0.919361998
box 0.65 0.02 0.82 1.134124861 0.4305540079 0.82 0 0 0.3934126543 0.919361998
box 0.65 0.02 0.82 0.4107475729 1.121006975 0.82 0 0 0.3934126543 0.919361998
cyl 0.03 0.07 0.764474205 0.6451396669 1.38 0 0 0.3934126543 0.919361998
cyl 0.03 0.07 0.3437426764 0.7702408191 1.38 0 0 0.3934126543 0.919361998
cyl 0.03 0.07 0.4654337195 0.3776076157 1.38 0 0 0.3934126543 0.919361998
cyl 0.03 0.07 0.5943617591 0.807509491 0.78 0 0 0.3934126543 0.919361998
cyl 0.03 0.07 0.6906799281 0.4390943222 0.78 0 0 0.3934126543 0.919361998
cyl 0.03 0.07 0.1775704336 0.6523688823 0.78 0 0 0.3934126543 0.919361998
cyl 0.03 0.07 0.4956524232 0.9017260982 1.08 0 0 0.3934126543 0.919361998
cyl 0.03 0.07 0.7696304564 0.3637372058 1.08 0 0 0.3934126543 0.919361998
cyl 0.03 0.07 0.2181563302 0.6136302417 1.08 0 0 0.3934126543 0.919361998
end
problem bookshelf_tall 54
start 1.57 -1.5707 0 -1.5707 -1.57 3.14
goal 1.171675791 -2.382082516 -1.99258319 -1.919636584 -2.373049195 3.134837821
box 0.6 0.5 0.02 0.9755291722 0.270105017 0.7 0 0 0.2039766286 0.9789757581
box 0.6 0.5 0.02 0.9755291722 0.270105017 1 0 0 0.2039766286 0.9789757581
box 0.6 0.5 0.02 0.9755291722 0.270105017 1.3 0 0 0.2039766286 0.9789757581
box 0.6 0.5 0.02 0.9755291722 0.270105017 1.6 0 0 0.2039766286 0.9789757581
box 0.65 0.02 0.82 1.175217347 -0.188288518 0.82 0 0 0.2039766286 0.9789757581
box 0.65 0.02 0.82 0.7758409976 0.7284985519 0.82 0 0 0.2039766286 0.9789757581
cyl 0.03 0.07 1.043677819 -0.136723776 1.38 0 0 0.2039766286 0.9789757581
cyl 0.03 0.07 0.8441136016 -0.1793955718 1.38 0 0 0.2039766286 0.9789757581
cyl 0.03 0.07 0.3771998489 0.3916459828 1.38 0 0 0.2039766286 0.9789757581
cyl 0.03 0.07 1.05032835 -0.1519903813 0.78 0 0 0.2039766286 0.9789757581
cyl 0.03 0.07 0.8240758196 -0.1333979071 0.78 0 0 0.2039766286 0.9789757581
cyl 0.03 0.07 0.6186497696 -0.1626135917 0.78 0 0 0.2039766286 0.9789757581
cyl 0.03 0.07 0.8672247992 0.268332375 1.08 0 0 0.2039766286 0.9789757581
cyl 0.03 0.07 0.7226277061 0.0994809777 1.08 0 0 0.2039766286 0.9789757581
cyl 0.03 0.07 0.6061753414 -0.133977959 1.08 0 0 0.2039766286 0.9789757581
end
problem bookshelf_tall 55
start 1.57 -1.5707 0 -1.5707 -1.57 3.14
goal -1.439480225 -1.892196322 2.389338165 -0.5073444645 1.233994185 3.134953424
box 0.6 0.5 0.02 0.9580238141 0.3602722405 0.7 0 0 0.2269968318 0.9738954966
box 0.6 0.5 0.02 0.9580238141 0.3602722405 1 0 0 0.2269968318 0.9738954966
box 0.6 0.5 0.02 0.9580238141 0.3602722405 1.3 0 0 0.2269968318 0.9738954966
box 0.6 0.5 0.02 0.9580238141 0.3602722405 1.6 0 0 0.2269968318 0.9738954966
box 0.65 0.02 0.82 1.179095006 -0.08820019786 0.82 0 0 0.2269968318 0.9738954966
box 0.65 0.02 0.82 0.7369526219 0.8087446789 0.82 0 0 0.2269968318 0.9738954966
cyl 0.03 0.07 0.7917243594 0.4714614085 1.38 0 0 0.2269968318 0.9738954966
cyl 0.03 0.07 0.747595854 0.1086390037 1.38 0 0 0.2269968318 0.9738954966
cyl 0.03 0.07 0.5694173783 0.01775486669 1.38 0 0 0.2269968318 0.9738954966
cyl 0.03 0.07 1.04605082 -0.04447378212 0.78 0 0 0.2269968318 0.9738954966
cyl 0.03 0.07 0.603436526 0.4010854538 0.78 0 0 0.2269968318 0.9738954966
cyl 0.03 0.07 0.5128154331 0.132579472 0.78 0 0 0.2269968318 0.9738954966
cyl 0.03 0.07 0.8316140993 0.3905397437 1.08 0 0 0.2269968318 0.9738954966
cyl 0.03 0.07 0.8385283041 -0.07582961571 1.08 0 0 0.2269968318 0.9738954966
cyl 0.03 0.07 0.4499641894 0.2600816139 1.08 0 0 0.2269968318 0.9738954966
end
problem bookshelf_tall 56
start 1.57 -1.5707 0 -1.5707 -1.57 3.14
goal 1.479679426 -2.36381734 -2.045456476 -1.870297217 -1.84753969 3.139484593
box 0.6 0.5 0.02 1.156907858 0.1299814205 0.7 0 0 0.08789952992 0.9961293453
box 0.6 0.5 0.02 1.156907858 0.1299814205 1 0 0 0.08789952992 0.9961293453
box 0.6 0.5 0.02 1.156907858 0.1299814205 1.3 0 0 0.08789952992 0.9961293453
box 0.6 0.5 0.02 1.156907858 0.1299814205 1.6 0 0 0.08789952992 0.9961293453
box 0.65 0.02 0.82 1.244467159 -0.3622922521 0.82 0 0 0.08789952992 0.9961293453
box 0.65 0.02 0.82 1.069348557 0.6222550931 0.82 0 0 0.08789952992 0.9961293453
cyl 0.03 0.07 1.025578995 0.2972936478 1.38 0 0 0.08789952992 0.9961293453
cyl 0.03 0.07 0.8119605089 0.3562109377 1.38 0 0 0.08789952992 0.9961293453
cyl 0.03 0.07 0.6036050182 0.3855387484 1.38 0 0 0.08789952992 0.9961293453
cyl 0.03 0.07 1.099477203 -0.1181749723 0.78 0 0 0.08789952992 0.9961293453
cyl 0.03 0.07 0.7931224879 0.4621215793 0.78 0 0 0.08789952992 0.9961293453
cyl 0.03 0.07 0.6889598413 -0.09434096346 0.78 0 0 0.08789952992 0.9961293453
cyl 0.03 0.07 1.073487297 0.02794481296 1.08 0 0 0.08789952992 0.9961293453
cyl 0.03 0.07 0.8740444381 0.007164252706 1.08 0 0 0.08789952992 0.9961293453
cyl 0.03 0.07 0.6589924903 0.07414071425 1.08 0 0 0.08789952992 0.9961293453
end
problem bookshelf_tall 57
start 1.57 -1.5707 0 -1.5707 -1.57 3.14
goal -2.501473112 -0.6675826301 1.716747073 -1.036245202 0.5745345977 3.134041732
box 0.6 0.5 0.02 1.173841526 -0.09984833047 0.7 0 0 0.02915159296 0.999575002
box 0.6 0.5 0.02 1.173841526 -0.09984833047 1 0 0 0.02915159296 0.999575002
box 0.6 0.5 0.02 1.173841526 -0.09984833047 1.3 0 0 0.02915159296 0.999575002
box 0.6 0.5 0.02 1.173841526 -0.09984833047 1.6 0 0 0.02915159296 0.999575002
box 0.65 0.02 0.82 1.202980729 -0.5989985151 0.82 0 0 0.02915159296 0.999575002
box 0.65 0.02 0.82 1.144702322 0.3993018542 0.82 0 0 0.02915159296 0.999575002
cyl 0.03 0.07 1.084650946 -0.2879284694 1.38 0 0 0.02915159296 0.999575002
cyl 0.03 0.07 0.8821972145 -0.2517292199 1.38 0 0 0.02915159296 0.999575002
cyl 0.03 0.07 0.6657838689 0.0235961295 1.38 0 0 0.02915159296 0.999575002
cyl 0.03 0.07 1.085584464 -0.303919505 0.78 0 0 0.02915159296 0.999575002
cyl 0.03 0.07 0.8493502021 0.3109351727 0.78 0 0 0.02915159296 0.999575002
cyl 0.03 0.07 0.687351827 -0.3458597569 0.78 0 0 0.02915159296 0.999575002
cyl 0.03 0.07 1.050659573 0.294338645 1.08 0 0 0.02915159296 0.999575002
cyl 0.03 0.07 0.8864450809 -0.3244945349 1.08 0 0 0.02915159296 0.999575002
cyl 0.03 0.07 0.6659258519 0.02116398071 1.08 0 0 0.02915159296 0.999575002
end
problem bookshelf_tall 58
start 1.57 -1.5707 0 -1.5707 -1.57 3.14
goal -1.659047599 -0.2413434363 2.160348326 1.200863549 -0.425888694 0.01552246774
box 0.6 0.5 0.02 0.5932896133 0.8103042236 0.7 0 0 0.503437006 0.8640319329
box 0.6 0.5 0.02 0.5932896133 0.8103042236 1 0 0 0.503437006 0.8640319329
box 0.6 0.5 0.02 0.5932896133 0.8103042236 1.3 0 0 0.503437006 0.8640319329
box 0.6 0.5 0.02 0.5932896133 0.8103042236 1.6 0 0 0.503437006 0.8640319329
box 0.65 0.02 0.82 1.028275263 0.5637530426 0.82 0 0 0.503437006 0.8640319329
box 0.65 0.02 0.82 0.158303964 1.056855405 0.82 0 0 0.503437006 0.8640319329
cyl 0.03 0.07 0.2982647151 0.862578907 1.38 0 0 0.503437006 0.8640319329
cyl 0.03 0.07 0.09509717438 0.7478422416 1.38 0 0 0.503437006 0.8640319329
cyl 0.03 0.07 0.628379164 0.2156837561 1.38 0 0 0.503437006 0.8640319329
cyl 0.03 0.07 0.3964078621 0.8069510746 0.78 0 0 0.503437006 0.8640319329
cyl 0.03 0.07 0.5223227881 0.5056894722 0.78 0 0 0.503437006 0.8640319329
cyl 0.03 0.07 0.4245271689 0.3312276832 0.78 0 0 0.503437006 0.8640319329
cyl 0.03 0.07 0.4680487752 0.7663447885 1.08 0 0 0.503437006 0.8640319329
cyl 0.03 0.07 0.1346685639 0.7254130584 1.08 0 0 0.503437006 0.8640319329
cyl 0.03 0.07 0.3823741455 0.3551201443 1.08 0 0 0.503437006 0.8640319329
end
problem bookshelf_tall 59
start 1.57 -1.5707 0 -1.5707 -1.57 3.14
goal 0.7872422295 -0.2988833564 1.795231185 1.641562829 -1.880918034 -0.007579981191
box 0.6 0.5 0.02 -0.493082726 1.05457341 0.7 0 0 0.8534684554 0.5211445055
box 0.6 0.5 0.02 -0.493082726 1.05457341 1 0 0 0.8534684554 0.5211445055
box 0.6 0.5 0.02 -0.493082726 1.05457341 1.3 0 0 0.8534684554 0.5211445055
box 0.6 0.5 0.02 -0.493082726 1.05457341 1.6 0 0 0.8534684554 0.5211445055
box 0.65 0.02 0.82 -0.04830232989 1.282981815 0.82 0 0 0.8534684554 0.5211445055
box 0.65 0.02 0.82 -0.9378631222 0.8261650058 0.82 0 0 0.8534684554 0.5211445055
cyl 0.03 0.07 -0.7858371781 0.7918199744 1.38 0 0 0.8534684554 0.5211445055
cyl 0.03 0.07 -0.4647218402 0.7318925175 1.38 0 0 0.8534684554 0.5211445055
cyl 0.03 0.07 -0.2178119649 0.6338582747 1.38 0 0 0.8534684554 0.5211445055
cyl 0.03 0.07 -0.06659735405 1.161171731 0.78 0 0 0.8534684554 0.5211445055
cyl 0.03 0.07 -0.2422946963 0.8461156925 0.78 0 0 0.8534684554 0.5211445055
cyl 0.03 0.07 -0.5113996582 0.4830919703 0.78 0 0 0.8534684554 0.5211445055
cyl 0.03 0.07 -0.1554610512 1.115537491 1.08 0 0 0.8534684554 0.5211445055
cyl 0.03 0.07 -0.485434652 0.721255852 1.08 0 0 0.8534684554 0.5211445055
cyl 0.03 0.07 -0.1219049099 0.6831094952 1.08 0 0 0.8534684554 0.5211445055
end
problem bookshelf_tall 60
start 1.57 -1.5707 0 -1.5707 -1.57 3.14
goal 0.1391463264 -1.942274749 2.100132443 2.989295424 -0.9321822085 0.005049320105
box 0.6 0.5 0.02 -0.7155405319 0.7502959115 0.7 0 0 0.9241534192 0.3820215411
box 0.6 0.5 0.02 -0.7155405319 0.7502959115 1 0 0 0.9241534192 0.3820215411
box 0.6 0.5 0.02 -0.7155405319 0.7502959115 1.3 0 0 0.9241534192 0.3820215411
box 0.6 0.5 0.02 -0.7155405319 0.7502959115 1.6 0 0 0.9241534192 0.3820215411
box 0.65 0.02 0.82 -0.3624940185 1.104355454 0.82 0 0 0.9241534192 0.3820215411
box 0.65 0.02 0.82 -1.068587045 0.3962363693 0.82 0 0 0.9241534192 0.3820215411
cyl 0.03 0.07 -0.7646292561 0.5594419342 1.38 0 0 0.9241534192 0.3820215411
cyl 0.03 0.07 -0.4735240046 0.5681336843 1.38 0 0 0.9241534192 0.3820215411
cyl 0.03 0.07 -0.3445871865 0.4141916763 1.38 0 0 0.9241534192 0.3820215411
cyl 0.03 0.07 -0.5854556535 0.7391296561 0.78 0 0 0.9241534192 0.3820215411
cyl 0.03 0.07 -0.460181339 0.5815146353 0.78 0 0 0.9241534192 0.3820215411
cyl 0.03 0.07 -0.1600421355 0.5992662593 0.78 0 0 0.9241534192 0.3820215411
cyl 0.03 0.07 -0.8628267672 0.4609626561 1.08 0 0 0.9241534192 0.3820215411
cyl 0.03 0.07 -0.7585425334 0.2822973258 1.08 0 0 0.9241534192 0.3820215411
cyl 0.03 0.07 -0.5740191388 0.1841013938 1.08 0 0 0.9241534192 0.3820215411
end
problem bookshelf_tall 61
start 1.57 -1.5707 0 -1.5707 -1.57 3.14
goal -1.688688295 -0.7229948012 1.396874359 2.458275118 -0.4471358738 0.01337639615
box 0.6 0.5 0.02 0.7378076474 0.902175936 0.7 0 0 0.4791362709 0.8777405276
box 0.6 0.5 0.02 0.7378076474 0.902175936 1 0 0 0.4791362709 0.8777405276
box 0.6 0.5 0.02 0.7378076474 0.902175936 1.3 0 0 0.4791362709 0.8777405276
box 0.6 0.5 0.02 0.7378076474 0.902175936 1.6 0 0 0.4791362709 0.8777405276
box 0.65 0.02 0.82 1.158364971 0.6317475022 0.82 0 0 0.4791362709 0.8777405276
box 0.65 0.02 0.82 0.3172503241 1.17260437 0.82 0 0 0.4791362709 0.8777405276
cyl 0.03 0.07 0.4834038227 0.9468738329 1.38 0 0 0.4791362709 0.8777405276
cyl 0.03 0.07 0.851397431 0.4724654132 1.38 0 0 0.4791362709 0.8777405276
cyl 0.03 0.07 0.09067959266 0.7238454933 1.38 0 0 0.4791362709 0.8777405276
cyl 0.03 0.07 0.6000473108 0.8718692757 0.78 0 0 0.4791362709 0.8777405276
cyl 0.03 0.07 0.3084034824 0.8216235303 0.78 0 0 0.4791362709 0.8777405276
cyl 0.03 0.07 0.4037253918 0.5225495451 0.78 0 0 0.4791362709 0.8777405276
cyl 0.03 0.07 0.4268193855 0.9832589817 1.08 0 0 0.4791362709 0.8777405276
cyl 0.03 0.07 0.5703884534 0.6531609177 1.08 0 0 0.4791362709 0.8777405276
cyl 0.03 0.07 0.7876281684 0.2756908628 1.08 0 0 0.4791362709 0.8777405276
end
problem bookshelf_tall 62
start 1.57 -1.5707 0 -1.5707 -1.57 3.14
goal -2.082722856 -1.665107496 -2.012734076 -2.615823994 -0.8874796261 -3.130561574
box 0.6 0.5 0.02 -0.2322382676 1.139629817 0.7 0 0 0.827550614 0.5613911126
box 0.6 0.5 0.02 -0.2322382676 1.139629817 1 0 0 0.827550614 0.5613911126
box 0.6 0.5 0.02 -0.2322382676 1.139629817 1.3 0 0 0.827550614 0.5613911126
box 0.6 0.5 0.02 -0.2322382676 1.139629817 1.6 0 0 0.827550614 0.5613911126
box 0.65 0.02 0.82 0.2323412923 1.324469836 0.82 0 0 0.827550614 0.5613911126
box 0.65 0.02 0.82 -0.6968178275 0.9547897982 0.82 0 0 0.827550614 0.5613911126
cyl 0.03 0.07 0.1299049199 1.17608978 1.38 0 0 0.827550614 0.5613911126
cyl 0.03 0.07 -0.3142780849 0.7841164547 1.38 0 0 0.827550614 0.5613911126
cyl 0.03 0.07 -0.2918803238 0.5777793583 1.38 0 0 0.827550614 0.5613911126
cyl 0.03 0.07 0.159743803 1.187961632 0.78 0 0 0.827550614 0.5613911126
cyl 0.03 0.07 -0.2028752697 0.8284397531 0.78 0 0 0.827550614 0.5613911126
cyl 0.03 0.07 0.2897830489 0.8092029464 0.78 0 0 0.827550614 0.5613911126
cyl 0.03 0.07 0.05651051631 1.146888704 1.08 0 0 0.827550614 0.5613911126
cyl 0.03 0.07 -0.4504609878 0.7299340229 1.08 0 0 0.827550614 0.5613911126
cyl 0.03 0.07 -0.3744893296 0.5449121134 1.08 0 0 0.827550614 0.5613911126
end
problem bookshelf_tall 63
start 1.57 -1.5707 0 -1.5707 -1.57 3.14
goal 1.426921844 -1.934812515 -2.377091375 1.165902354 1.830065087 -0.008592417894
box 0.6 0.5 0.02 1.060807533 -0.0234983119 0.7 0 0 0.05337308354 0.9985746412
box 0.6 0.5 0.02 1.060807533 -0.0234983119 1 0 0 0.05337308354 0.9985746412
box 0.6 0.5 0.02 1.060807533 -0.0234983119 1.3 0 0 0.05337308354 0.9985746412
box 0.6 0.5 0.02 1.060807533 -0.0234983119 1.6 0 0 0.05337308354 0.9985746412
box 0.65 0.02 0.82 1.114104541 -0.5206496259 0.82 0 0 0.05337308354 0.9985746412
box 0.65 0.02 0.82 1.007510525 0.473653002 0.82 0 0 0.05337308354 0.9985746412
cyl 0.03 0.07 0.969940918 -0.1140389095 1.38 0 0 0.05337308354 0.9985746412
cyl 0.03 0.07 0.7818263368 -0.2355952421 1.38 0 0 0.05337308354 0.9985746412
cyl 0.03 0.07 0.6102508555 -0.5114273127 1.38 0 0 0.05337308354 0.9985746412
cyl 0.03 0.07 0.9787557997 -0.1962636006 0.78 0 0 0.05337308354 0.9985746412
cyl 0.03 0.07 0.7947987069 -0.3566007372 0.78 0 0 0.05337308354 0.9985746412
cyl 0.03 0.07 0.5649979009 -0.08931044751 0.78 0 0 0.05337308354 0.9985746412
cyl 0.03 0.07 0.9399029078 0.1661538606 1.08 0 0 0.05337308354 0.9985746412
cyl 0.03 0.07 0.7199238891 0.3418271037 1.08 0 0 0.05337308354 0.9985746412
cyl 0.03 0.07 0.5687203034 -0.124032796 1.08 0 0 0.05337308354 0.9985746412
end
problem bookshelf_tall 64
start 1.57 -1.5707 0 -1.5707 -1.57 3.14
goal 2.4150463 -1.660427695 -2.016736662 -2.606955164 -1.398891928 3.132060371
box 0.6 0.5 0.02 1.000240809 0.625264023 0.7 0 0 0.3320876805 0.9432485211
box 0.6 0.5 0.02 1.000240809 0.625264023 1 0 0 0.3320876805 0.9432485211
box 0.6 0.5 0.02 1.000240809 0.625264023 1.3 0 0 0.3320876805 0.9432485211
box 0.6 0.5 0.02 1.000240809 0.625264023 1.6 0 0 0.3320876805 0.9432485211
box 0.65 0.02 0.82 1.313482022 0.2355462505 0.82 0 0 0.3320876805 0.9432485211
box 0.65 0.02 0.82 0.6869995952 1.014981795 0.82 0 0 0.3320876805 0.9432485211
cyl 0.03 0.07 0.7745713353 0.7464083771 1.38 0 0 0.3320876805 0.9432485211
cyl 0.03 0.07 0.8398052987 0.3460050153 1.38 0 0 0.3320876805 0.9432485211
cyl 0.03 0.07 0.6305577178 0.2870967425 1.38 0 0 0.3320876805 0.9432485211
cyl 0.03 0.07 0.7398742775 0.7895765794 0.78 0 0 0.3320876805 0.9432485211
cyl 0.03 0.07 0.5182280947 0.7460939763 0.78 0 0 0.3320876805 0.9432485211
cyl 0.03 0.07 0.4086038793 0.5632397014 0.78 0 0 0.3320876805 0.9432485211
cyl 0.03 0.07 1.17013973 0.2542635796 1.08 0 0 0.3320876805 0.9432485211
cyl 0.03 0.07 0.7338808232 0.4777905176 1.08 0 0 0.3320876805 0.9432485211
cyl 0.03 0.07 0.5487067638 0.3889312716 1.08 0 0 0.3320876805 0.9432485211
end
problem bookshelf_tall 65
start 1.57 -1.5707 0 -1.5707 -1.57 3.14
goal -1.160899412 0.0686865862 -1.229145252 -1.997285176 -0.5824716445 0.0064988709
box 0.6 0.5 0.02 0.3110885044 1.15078205 0.7 0 0 0.6465955975 0.7628329655
box 0.6 0.5 0.02 0.3110885044 1.15078205 1 0 0 0.6465955975 0.7628329655
box 0.6 0.5 0.02 0.3110885044 1.15078205 1.3 0 0 0.6465955975 0.7628329655
box 0.6 0.5 0.02 0.3110885044 1.15078205 1.6 0 0 0.6465955975 0.7628329655
box 0.65 0.02 0.82 0.8043329415 1.068867916 0.82 0 0 0.6465955975 0.7628329655
box 0.65 0.02 0.82 -0.1821559328 1.232696183 0.82 0 0 0.6465955975 0.7628329655
cyl 0.03 0.07 0.5972506939 1.00188888 1.38 0 0 0.6465955975 0.7628329655
cyl 0.03 0.07 0.3602666782 0.8385060748 1.38 0 0 0.6465955975 0.7628329655
cyl 0.03 0.07 0.536447929 0.6065080514 1.38 0 0 0.6465955975 0.7628329655
cyl 0.03 0.07 -0.06863084275 1.112473217 0.78 0 0 0.6465955975 0.7628329655
cyl 0.03 0.07 0.6424763349 0.791638928 0.78 0 0 0.6465955975 0.7628329655
cyl 0.03 0.07 -0.2130524229 0.7309791394 0.78 0 0 0.6465955975 0.7628329655
cyl 0.03 0.07 0.01601617559 1.09841571 1.08 0 0 0.6465955975 0.7628329655
cyl 0.03 0.07 0.3187547472 0.8454000479 1.08 0 0 0.6465955975 0.7628329655
cyl 0.03 0.07 -0.1833429598 0.7260452268 1.08 0 0 0.6465955975 0.7628329655
end
problem bookshelf_tall 66
start 1.57 -1.5707 0 -1.5707 -1.57 3.14
goal -1.546093237 -0.7631776719 1.994701108 -1.244492093 0.5667078007 -3.12487124
box 0.6 0.5 0.02 0.5800438045 0.9432276004 0.7 0 0 0.4958216984 0.8684243453
box 0.6 0.5 0.02 0.5800438045 0.9432276004 1 0 0 0.4958216984 0.8684243453
box 0.6 0.5 0.02 0.5800438045 0.9432276004 1.3 0 0 0.4958216984 0.8684243453
box 0.6 0.5 0.02 0.5800438045 0.9432276004 1.6 0 0 0.4958216984 0.8684243453
box 0.65 0.02 0.82 1.010627438 0.689066757 0.82 0 0 0.4958216984 0.8684243453
box 0.65 0.02 0.82 0.1494601707 1.197388444 0.82 0 0 0.4958216984 0.8684243453
cyl 0.03 0.07 0.8759696217 0.6524298425 1.38 0 0 0.4958216984 0.8684243453
cyl 0.03 0.07 0.6383342409 0.5604560932 1.38 0 0 0.4958216984 0.8684243453
cyl 0.03 0.07 0.498455508 0.4107794724 1.38 0 0 0.4958216984 0.8684243453
cyl 0.03 0.07 0.206921817 1.047349066 0.78 0 0 0.4958216984 0.8684243453
cyl 0.03 0.07 0.614876228 0.5743026676 0.78 0 0 0.4958216984 0.8684243453
cyl 0.03 0.07 0.5773044227 0.3642372792 0.78 0 0 0.4958216984 0.8684243453
cyl 0.03 0.07 0.6063147176 0.8115991942 1.08 0 0 0.4958216984 0.8684243453
cyl 0.03 0.07 0.4465354885 0.6736692505 1.08 0 0 0.4958216984 0.8684243453
cyl 0.03 0.07 0.678278146 0.3046354628 1.08 0 0 0.4958216984 0.8684243453
end
problem bookshelf_tall 68
start 1.57 -1.5707 0 -1.5707 -1.57 3.14
goal -1.79833621 -1.600521581 -1.782026862 0.2296283227 0.8975532543 0.009724632701
box 0.6 0.5 0.02 -0.5984245383 1.002777688 0.7 0 0 0.8989348388 0.4380823616
box 0.6 0.5 0.02 -0.5984245383 1.002777688 1 0 0 0.8989348388 0.4380823616
box 0.6 0.5 0.02 -0.5984245383 1.002777688 1.3 0 0 0.8989348388 0.4380823616
box 0.6 0.5 0.02 -0.5984245383 1.002777688 1.6 0 0 0.8989348388 0.4380823616
box 0.65 0.02 0.82 -0.2046170412 1.310861533 0.82 0 0 0.8989348388 0.4380823616
box 0.65 0.02 0.82 -0.9922320354 0.6946938439 0.82 0 0 0.8989348388 0.4380823616
cyl 0.03 0.07 -0.4839876662 0.9653384608 1.38 0 0 0.8989348388 0.4380823616
cyl 0.03 0.07 -0.1213249016 0.9951259556 1.38 0 0 0.8989348388 0.4380823616
cyl 0.03 0.07 -0.5308348108 0.4208266118 1.38 0 0 0.8989348388 0.4380823616
cyl 0.03 0.07 -0.7133046117 0.7859390165 0.78 0 0 0.8989348388 0.4380823616
cyl 0.03 0.07 -0.6868107554 0.5527345408 0.78 0 0 0.8989348388 0.4380823616
cyl 0.03 0.07 -0.6154171014 0.3546561162 0.78 0 0 0.8989348388 0.4380823616
cyl 0.03 0.07 -0.6263229371 0.8539866004 1.08 0 0 0.8989348388 0.4380823616
cyl 0.03 0.07 -0.1295397679 0.9886992938 1.08 0 0 0.8989348388 0.4380823616
cyl 0.03 0.07 -0.5461180035 0.4088702504 1.08 0 0 0.8989348388 0.4380823616
end
problem bookshelf_tall 69
start 1.57 -1.5707 0 -1.5707 -1.57 3.14
goal -1.288523677 -1.893734464 1.597070873 0.305811557 1.154240112 3.135868102
box 0.6 0.5 0.02 0.8234952621 0.6372470914 0.7 0 0 0.3412062056 0.9399884708
box 0.6 0.5 0.02 0.8234952621 0.6372470914 1 0 0 0.3412062056 0.9399884708
box 0.6 0.5 0.02 0.8234952621 0.6372470914 1.3 0 0 0.3412062056 0.9399884708
box 0.6 0.5 0.02 0.8234952621 0.6372470914 1.6 0 0 0.3412062056 0.9399884708
box 0.65 0.02 0.82 1.144225162 0.2536687662 0.82 0 0 0.3412062056 0.9399884708
box 0.65 0.02 0.82 0.5027653627 1.020825417 0.82 0 0 0.3412062056 0.9399884708
cyl 0.03 0.07 0.7339163025 0.5884850249 1.38 0 0 0.3412062056 0.9399884708
cyl 0.03 0.07 0.7109235157 0.3041945191 1.38 0 0 0.3412062056 0.9399884708
cyl 0.03 0.07 0.4114646525 0.3505448258 1.38 0 0 0.3412062056 0.9399884708
cyl 0.03 0.07 0.4923686368 0.8773650116 0.78 0 0 0.3412062056 0.9399884708
cyl 0.03 0.07 0.6296606869 0.4013811544 0.78 0 0 0.3412062056 0.9399884708
cyl 0.03 0.07 0.4318470348 0.3261684266 0.78 0 0 0.3412062056 0.9399884708
cyl 0.03 0.07 0.5161673024 0.8489028934 1.08 0 0 0.3412062056 0.9399884708
cyl 0.03 0.07 0.8281411176 0.1640076156 1.08 0 0 0.3412062056 0.9399884708
cyl 0.03 0.07 0.4427058766 0.3131817472 1.08 0 0 0.3412062056 0.9399884708
end
problem bookshelf_tall 70
start 1.57 -1.5707 0 -1.5707 -1.57 3.14
goal -1.503953556 -0.5121253136 1.349826825 -0.8607316074 0.2365368422 -3.124768647
box 0.6 0.5 0.02 0.3734077029 0.9834908012 0.7 0 0 0.6434430446 0.7654939897
box 0.6 0.5 0.02 0.3734077029 0.9834908012 1 0 0 0.6434430446 0.7654939897
box 0.6 0.5 0.02 0.3734077029 0.9834908012 1.3 0 0 0.6434430446 0.7654939897
box 0.6 0.5 0.02 0.3734077029 0.9834908012 1.6 0 0 0.6434430446 0.7654939897
box 0.65 0.02 0.82 0.8659594863 0.8975097529 0.82 0 0 0.6434430446 0.7654939897
box 0.65 0.02 0.82 -0.1191440805 1.06947185 0.82 0 0 0.6434430446 0.7654939897
cyl 0.03 0.07 0.4142952221 0.8748412063 1.38 0 0 0.6434430446 0.7654939897
cyl 0.03 0.07 0.1317107938 0.7211454992 1.38 0 0 0.6434430446 0.7654939897
cyl 0.03 0.07 0.5363171846 0.447492076 1.38 0 0 0.6434430446 0.7654939897
cyl 0.03 0.07 0.590902104 0.8440122755 0.78 0 0 0.6434430446 0.7654939897
cyl 0.03 0.07 0.1141256704 0.7242152015 0.78 0 0 0.6434430446 0.7654939897
cyl 0.03 0.07 0.6709746787 0.4239859333 0.78 0 0 0.6434430446 0.7654939897
cyl 0.03 0.07 0.6565982834 0.8325441891 1.08 0 0 0.6434430446 0.7654939897
cyl 0.03 0.07 0.3397845217 0.6848236385 1.08 0 0 0.6434430446 0.7654939897
cyl 0.03 0.07 0.4944944354 0.4547927577 1.08 0 0 0.6434430446 0.7654939897
end
problem bookshelf_tall 71
start 1.57 -1.5707 0 -1.5707 -1.57 3.14
goal -1.797929086 -1.66658466 2.215315695 -0.5533689088 1.188425919 -3.140776695
box 0.6 0.5 0.02 1.08795192 0.1326277462 0.7 0 0 0.07942698083 0.9968406867
box 0.6 0.5 0.02 1.08795192 0.1326277462 1 0 0 0.07942698083 0.9968406867
box 0.6 0.5 0.02 1.08795192 0.1326277462 1.3 0 0 0.07942698083 0.9968406867
box 0.6 0.5 0.02 1.08795192 0.1326277462 1.6 0 0 0.07942698083 0.9968406867
box 0.65 0.02 0.82 1.167127967 -0.3610636085 0.82 0 0 0.07942698083 0.9968406867
box 0.65 0.02 0.82 1.008775874 0.6263191009 0.82 0 0 0.07942698083 0.9968406867
cyl 0.03 0.07 0.9320668994 0.4731232442 1.38 0 0 0.07942698083 0.9968406867
cyl 0.03 0.07 0.7456320983 0.3726035686 1.38 0 0 0.07942698083 0.9968406867
cyl 0.03 0.07 0.637929409 -0.2188393703 1.38 0 0 0.07942698083 0.9968406867
cyl 0.03 0.07 0.9750735451 0.2049612151 0.78 0 0 0.07942698083 0.9968406867
cyl 0.03 0.07 0.7935932325 0.07354850708 0.78 0 0 0.07942698083 0.9968406867
cyl 0.03 0.07 0.6474643157 -0.2782929707 0.78 0 0 0.07942698083 0.9968406867
cyl 0.03 0.07 1.053618367 -0.2847942296 1.08 0 0 0.07942698083 0.9968406867
cyl 0.03 0.07 0.7720386513 0.2079491359 1.08 0 0 0.07942698083 0.9968406867
cyl 0.03 0.07 0.5897066695 0.08184689453 1.08 0 0 0.07942698083 0.9968406867
end
problem bookshelf_tall 72
start 1.57 -1.5707 0 -1.5707 -1.57 3.14
goal -1.265167398 0.1522791221 -1.752709532 -1.548962301 -0.9088739887 -0.002772424792
box 0.6 0.5 0.02 0.7190784842 0.9229172877 0.7 0 0 0.4644866499 0.8855801218
box 0.6 0.5 0.02 0.7190784842 0.9229172877 1 0 0 0.4644866499 0.8855801218
box 0.6 0.5 0.02 0.7190784842 0.9229172877 1.3 0 0 0.4644866499 0.8855801218
box 0.6 0.5 0.02 0.7190784842 0.9229172877 1.6 0 0 0.4644866499 0.8855801218
box 0.65 0.02 0.82 1.130418628 0.6386651356 0.82 0 0 0.4644866499 0.8855801218
box 0.65 0.02 0.82 0.3077383403 1.20716944 0.82 0 0 0.4644866499 0.8855801218
cyl 0.03 0.07 0.3532168207 1.054188125 1.38 0 0 0.4644866499 0.8855801218
cyl 0.03 0.07 0.3719527613 0.7981330502 1.38 0 0 0.4644866499 0.8855801218
cyl 0.03 0.07 0.5157263455 0.4556720655 1.38 0 0 0.4644866499 0.8855801218
cyl 0.03 0.07 0.5486011457 0.9191699033 0.78 0 0 0.4644866499 0.8855801218
cyl 0.03 0.07 0.3403640436 0.8199620914 0.78 0 0 0.4644866499 0.8855801218
cyl 0.03 0.07 0.6233408383 0.3813062356 0.78 0 0 0.4644866499 0.8855801218
cyl 0.03 0.07 1.002769273 0.6053219368 1.08 0 0 0.4644866499 0.8855801218
cyl 0.03 0.07 0.6159164373 0.6295445937 1.08 0 0 0.4644866499 0.8855801218
cyl 0.03 0.07 0.3534022796 0.5678443535 1.08 0 0 0.4644866499 0.8855801218
end
problem bookshelf_tall 73
start 1.57 -1.5707 0 -1.5707 -1.57 3.14
goal -1.345634173 -0.8519613333 1.662365018 2.351701693 -0.4241043086 -0.009549346731
box 0.6 0.5 0.02 0.3508305544 1.058258971 0.7 0 0 0.6322921914 0.7747300076
box 0.6 0.5 0.02 0.3508305544 1.058258971 1 0 0 0.6322921914 0.7747300076
box 0.6 0.5 0.02 0.3508305544 1.058258971 1.3 0 0 0.6322921914 0.7747300076
box 0.6 0.5 0.02 0.3508305544 1.058258971 1.6 0 0 0.6322921914 0.7747300076
box 0.65 0.02 0.82 0.8406862886 0.958052386 0.82 0 0 0.6322921914 0.7747300076
box 0.65 0.02 0.82 -0.1390251798 1.158465555 0.82 0 0 0.6322921914 0.7747300076
cyl 0.03 0.07 0.1446873267 0.998357475 1.38 0 0 0.6322921914 0.7747300076
cyl 0.03 0.07 0.5444972229 0.7124292425 1.38 0 0 0.6322921914 0.7747300076
cyl 0.03 0.07 0.09111581601 0.6010327765 1.38 0 0 0.6322921914 0.7747300076
cyl 0.03 0.07 -0.0821687081 1.044763931 0.78 0 0 0.6322921914 0.7747300076
cyl 0.03 0.07 -0.02172323727 0.8282572599 0.78 0 0 0.6322921914 0.7747300076
cyl 0.03 0.07 0.3467842175 0.5487323633 0.78 0 0 0.6322921914 0.7747300076
cyl 0.03 0.07 0.7641283076 0.8716424836 1.08 0 0 0.6322921914 0.7747300076
cyl 0.03 0.07 -0.02801491464 0.8295443072 1.08 0 0 0.6322921914 0.7747300076
cyl 0.03 0.07 0.5733635739 0.5023825058 1.08 0 0 0.6322921914 0.7747300076
end
problem bookshelf_tall 74
start 1.57 -1.5707 0 -1.5707 -1.57 3.14
goal -2.36220973 -0.047046905 0.880467798 2.304002183 -0.3774486768 0.002425174683
box 0.6 0.5 0.02 1.124216903 0.2510576039 0.7 0 0 0.2040732817 0.9789556148
box 0.6 0.5 0.02 1.124216903 0.2510576039 1 0 0 0.2040732817 0.9789556148
box 0.6 0.5 0.02 1.124216903 0.2510576039 1.3 0 0 0.2040732817 0.9789556148
box 0.6 0.5 0.02 1.124216903 0.2510576039 1.6 0 0 0.2040732817 0.9789556148
box 0.65 0.02 0.82 1.323995588 -0.2072964918 0.82 0 0 0.2040732817 0.9789556148
box 0.65 0.02 0.82 0.9244382178 0.7094116997 0.82 0 0 0.2040732817 0.9789556148
cyl 0.03 0.07 0.9515317693 0.3969737619 1.38 0 0 0.2040732817 0.9789556148
cyl 0.03 0.07 0.8096227602 0.2220030213 1.38 0 0 0.2040732817 0.9789556148
cyl 0.03 0.07 0.6662309575 0.05043426796 1.38 0 0 0.2040732817 0.9789556148
cyl 0.03 0.07 0.9160370739 0.4784095719 0.78 0 0 0.2040732817 0.9789556148
cyl 0.03 0.07 0.7848505411 0.2788381543 0.78 0 0 0.2040732817 0.9789556148
cyl 0.03 0.07 0.8210897447 -0.3048596885 0.78 0 0 0.2040732817 0.9789556148
cyl 0.03 0.07 1.132787692 -0.01888338801 1.08 0 0 0.2040732817 0.9789556148
cyl 0.03 0.07 0.9321244049 -0.05905364196 1.08 0 0 0.2040732817 0.9789556148
cyl 0.03 0.07 0.515467606 0.3963320282 1.08 0 0 0.2040732817 0.9789556148
end
problem bookshelf_tall 75
start 1.57 -1.5707 0 -1.5707 -1.57 3.14
goal -0.2993751894 -1.718037453 1.948600364 2.905303649 -2.092921529 -0.01263415164
box 0.6 0.5 0.02 0.8269552437 0.589172347 0.7 0 0 0.3682748259 0.9297169745
box 0.6 0.5 0.02 0.8269552437 0.589172347 1 0 0 0.3682748259 0.9297169745
box 0.6 0.5 0.02 0.8269552437 0.589172347 1.3 0 0 0.3682748259 0.9297169745
box 0.6 0.5 0.02 0.8269552437 0.589172347 1.6 0 0 0.3682748259 0.9297169745
box 0.65 0.02 0.82 1.169346601 0.2247986944 0.82 0 0 0.3682748259 0.9297169745
box 0.65 0.02 0.82 0.4845638868 0.9535459996 0.82 0 0 0.3682748259 0.9297169745
cyl 0.03 0.07 0.5327303144 0.7562554554 1.38 0 0 0.3682748259 0.9297169745
cyl 0.03 0.07 0.7659350887 0.2160149623 1.38 0 0 0.3682748259 0.9297169745
cyl 0.03 0.07 0.191801434 0.5349458427 1.38 0 0 0.3682748259 0.9297169745
cyl 0.03 0.07 0.6430945876 0.6388055474 0.78 0 0 0.3682748259 0.9297169745
cyl 0.03 0.07 0.3694972104 0.6379050448 0.78 0 0 0.3682748259 0.9297169745
cyl 0.03 0.07 0.7572814208 -0.06683923197 0.78 0 0 0.3682748259 0.9297169745
cyl 0.03 0.07 0.6524190033 0.6288824832 1.08 0 0 0.3682748259 0.9297169745
cyl 0.03 0.07 0.4253920394 0.5784216419 1.08 0 0 0.3682748259 0.9297169745
cyl 0.03 0.07 0.3435715865 0.3734317048 1.08 0 0 0.3682748259 0.9297169745
end
problem bookshelf_tall 76
start 1.57 -1.5707 0 -1.5707 -1.57 3.14
goal 0.2404167336 -1.236445979 1.413645153 2.980432826 -0.6553806573 -0.01562023805
box 0.6 0.5 0.02 -1.061316654 0.5386876324 0.7 0 0 0.9792557997 0.2026279319
box 0.6 0.5 0.02 -1.061316654 0.5386876324 1 0 0 0.9792557997 0.2026279319
box 0.6 0.5 0.02 -1.061316654 0.5386876324 1.3 0 0 0.9792557997 0.2026279319
box 0.6 0.5 0.02 -1.061316654 0.5386876324 1.6 0 0 0.9792557997 0.2026279319
box 0.65 0.02 0.82 -0.8628920761 0.9976295536 0.82 0 0 0.9792557997 0.2026279319
box 0.65 0.02 0.82 -1.259741231 0.07974571119 0.82 0 0 0.9792557997 0.2026279319
cyl 0.03 0.07 -1.124361381 0.1408847526 1.38 0 0 0.9792557997 0.2026279319
cyl 0.03 0.07 -0.700755948 0.6166841343 1.38 0 0 0.9792557997 0.2026279319
cyl 0.03 0.07 -0.4893963759 0.6015739502 1.38 0 0 0.9792557997 0.2026279319
cyl 0.03 0.07 -0.8537935265 0.7666889377 0.78 0 0 0.9792557997 0.2026279319
cyl 0.03 0.07 -0.8881635697 0.1832236476 0.78 0 0 0.9792557997 0.2026279319
cyl 0.03 0.07 -0.6358056994 0.2629396084 0.78 0 0 0.9792557997 0.2026279319
cyl 0.03 0.07 -0.9059859477 0.6459715831 1.08 0 0 0.9792557997 0.2026279319
cyl 0.03 0.07 -0.7236589718 0.5637110709 1.08 0 0 0.9792557997 0.2026279319
cyl 0.03 0.07 -0.4451395732 0.7039367839 1.08 0 0 0.9792557997 0.2026279319
end
problem bookshelf_tall 77
start 1.57 -1.5707 0 -1.5707 -1.57 3.14
goal -0.3105794991 -1.685120233 2.235585055 -0.5403092885 1.773475111 -3.132629382
box 0.6 0.5 0.02 0.6681360867 0.8244350333 0.7 0 0 0.5076597499 0.8615576466
box 0.6 0.5 0.02 0.6681360867 0.8244350333 1 0 0 0.5076597499 0.8615576466
box 0.6 0.5 0.02 0.6681360867 0.8244350333 1.3 0 0 0.5076597499 0.8615576466
box 0.6 0.5 0.02 0.6681360867 0.8244350333 1.6 0 0 0.5076597499 0.8615576466
box 0.65 0.02 0.82 1.105514226 0.5821534549 0.82 0 0 0.5076597499 0.8615576466
box 0.65 0.02 0.82 0.2307579474 1.066716612 0.82 0 0 0.5076597499 0.8615576466
cyl 0.03 0.07 0.5368668813 0.7828328404 1.38 0 0 0.5076597499 0.8615576466
cyl 0.03 0.07 0.6263644502 0.5046213769 1.38 0 0 0.5076597499 0.8615576466
cyl 0.03 0.07 0.3324879635 0.4387764286 1.38 0 0 0.5076597499 0.8615576466
cyl 0.03 0.07 0.4320406216 0.8409003782 0.78 0 0 0.5076597499 0.8615576466
cyl 0.03 0.07 0.1737311031 0.7553534365 0.78 0 0 0.5076597499 0.8615576466
cyl 0.03 0.07 0.3489921305 0.4296340978 0.78 0 0 0.5076597499 0.8615576466
cyl 0.03 0.07 0.6175530845 0.7381374637 1.08 0 0 0.5076597499 0.8615576466
cyl 0.03 0.07 0.2611790083 0.7069124776 1.08 0 0 0.5076597499 0.8615576466
cyl 0.03 0.07 0.1236632802 0.5544529321 1.08 0 0 0.5076597499 0.8615576466
end
problem bookshelf_tall 78
start 1.57 -1.5707 0 -1.5707 -1.57 3.14
goal 1.912668244 -0.7884440056 2.069951504 -1.289491801 2.14331745 3.13500829
box 0.6 0.5 0.02 -1.023970091 0.3090238265 0.7 0 0 0.9929396427 0.1186206811
box 0.6 0.5 0.02 -1.023970091 0.3090238265 1 0 0 0.9929396427 0.1186206811
box 0.6 0.5 0.02 -1.023970091 0.3090238265 1.3 0 0 0.9929396427 0.1186206811
box 0.6 0.5 0.02 -1.023970091 0.3090238265 1.6 0 0 0.9929396427 0.1186206811
box 0.65 0.02 0.82 -0.9061869139 0.7949529605 0.82 0 0 0.9929396427 0.1186206811
box 0.65 0.02 0.82 -1.141753267 -0.1769053075 0.82 0 0 0.9929396427 0.1186206811
cyl 0.03 0.07 -1.008717574 -0.05255886461 1.38 0 0 0.9929396427 0.1186206811
cyl 0.03 0.07 -0.8336182577 -0.1791825569 1.38 0 0 0.9929396427 0.1186206811
cyl 0.03 0.07 -0.5649044015 0.08041216903 1.38 0 0 0.9929396427 0.1186206811
cyl 0.03 0.07 -0.967698616 0.1166699457 0.78 0 0 0.9929396427 0.1186206811
cyl 0.03 0.07 -0.6693570094 0.4984976382 0.78 0 0 0.9929396427 0.1186206811
cyl 0.03 0.07 -0.6259182476 -0.1713080362 0.78 0 0 0.9929396427 0.1186206811
cyl 0.03 0.07 -0.8591395244 0.5645439705 1.08 0 0 0.9929396427 0.1186206811
cyl 0.03 0.07 -0.6928407505 0.4016125456 1.08 0 0 0.9929396427 0.1186206811
cyl 0.03 0.07 -0.4687160106 0.4772493302 1.08 0 0 0.9929396427 0.1186206811
end
problem bookshelf_tall 79
start 1.57 -1.5707 0 -1.5707 -1.57 3.14
goal -0.1803756351 -0.8263399041 2.247717826 -1.435706147 0.7195002708 -3.130166504
box 0.6 0.5 0.02 -0.5990297534 0.9227209852 0.7 0 0 0.8983982468 0.4391817279
box 0.6 0.5 0.02 -0.5990297534 0.9227209852 1 0 0 0.8983982468 0.4391817279
box 0.6 0.5 0.02 -0.5990297534 0.9227209852 1.3 0 0 0.8983982468 0.4391817279
box 0.6 0.5 0.02 -0.5990297534 0.9227209852 1.6 0 0 0.8983982468 0.4391817279
box 0.65 0.02 0.82 -0.204469659 1.229840395 0.82 0 0 0.8983982468 0.4391817279
box 0.65 0.02 0.82 -0.9935898477 0.6156015752 0.82 0 0 0.8983982468 0.4391817279
cyl 0.03 0.07 -0.4849972779 0.8847586731 1.38 0 0 0.8983982468 0.4391817279
cyl 0.03 0.07 -0.6424047741 0.5087883216 1.38 0 0 0.8983982468 0.4391817279
cyl 0.03 0.07 0.03855202429 0.7853876323 1.38 0 0 0.8983982468 0.4391817279
cyl 0.03 0.07 -0.7551715965 0.6744592067 0.78 0 0 0.8983982468 0.4391817279
cyl 0.03 0.07 -0.1036692559 0.9281316278 0.78 0 0 0.8983982468 0.4391817279
cyl 0.03 0.07 -0.2147209216 0.5882439302 0.78 0 0 0.8983982468 0.4391817279
cyl 0.03 0.07 -0.292969464 1.034230122 1.08 0 0 0.8983982468 0.4391817279
cyl 0.03 0.07 -0.4190960308 0.6826083568 1.08 0 0 0.8983982468 0.4391817279
cyl 0.03 0.07 -0.049192455 0.7170887012 1.08 0 0 0.8983982468 0.4391817279
end
problem bookshelf_tall 80
start 1.57 -1.5707 0 -1.5707 -1.57 3.14
goal -1.585783017 -2.907504748 -2.179278721 1.953498099 1.290214071 0.002271235309
box 0.6 0.5 0.02 -0.9749083308 0.497459331 0.7 0 0 0.9896693635 0.1433685841
box 0.6 0.5 0.02 -0.9749083308 0.497459331 1 0 0 0.9896693635 0.1433685841
box 0.6 0.5 0.02 -0.9749083308 0.497459331 1.3 0 0 0.9896693635 0.1433685841
box 0.6 0.5 0.02 -0.9749083308 0.497459331 1.6 0 0 0.9896693635 0.1433685841
box 0.65 0.02 0.82 -0.8330208355 0.9769047801 0.82 0 0 0.9896693635 0.1433685841
box 0.65 0.02 0.82 -1.116795826 0.01801388193 0.82 0 0 0.9896693635 0.1433685841
cyl 0.03 0.07 -0.8649311449 0.5166862633 1.38 0 0 0.9896693635 0.1433685841
cyl 0.03 0.07 -0.5609305429 0.8391368433 1.38 0 0 0.9896693635 0.1433685841
cyl 0.03 0.07 -0.6005293075 0.0005467535538 1.38 0 0 0.9896693635 0.1433685841
cyl 0.03 0.07 -0.7645417792 0.8559073092 0.78 0 0 0.9896693635 0.1433685841
cyl 0.03 0.07 -0.7609125867 0.1633868024 0.78 0 0 0.9896693635 0.1433685841
cyl 0.03 0.07 -0.5424434358 0.1968220262 0.78 0 0 0.9896693635 0.1433685841
cyl 0.03 0.07 -0.7787236727 0.8079859312 1.08 0 0 0.9896693635 0.1433685841
cyl 0.03 0.07 -0.5643742449 0.8275003899 1.08 0 0 0.9896693635 0.1433685841
cyl 0.03 0.07 -0.3955654802 0.693130508 1.08 0 0 0.9896693635 0.1433685841
end
problem bookshelf_tall 81
start 1.57 -1.5707 0 -1.5707 -1.57 3.14
goal -2.055886041 -0.2746967021 2.100037247 1.324099983 -1.084390031 -0.01336410218
box 0.6 0.5 0.02 1.107389632 -0.09624348012 0.7 0 0 0.00424859532 0.9999909747
box 0.6 0.5 0.02 1.107389632 -0.09624348012 1 0 0 0.00424859532 0.9999909747
box 0.6 0.5 0.02 1.107389632 -0.09624348012 1.3 0 0 0.00424859532 0.9999909747
box 0.6 0.5 0.02 1.107389632 -0.09624348012 1.6 0 0 0.00424859532 0.9999909747
box 0.65 0.02 0.82 1.111638189 -0.5962254296 0.82 0 0 0.00424859532 0.9999909747
box 0.65 0.02 0.82 1.103141075 0.4037384693 0.82 0 0 0.00424859532 0.9999909747
cyl 0.03 0.07 1.008604674 -0.2396578657 1.38 0 0 0.00424859532 0.9999909747
cyl 0.03 0.07 0.80691329 -0.04146084455 1.38 0 0 0.00424859532 0.9999909747
cyl 0.03 0.07 0.6082019602 -0.1939648551 1.38 0 0 0.00424859532 0.9999909747
cyl 0.03 0.07 1.007955229 -0.1632293965 0.78 0 0 0.00424859532 0.9999909747
cyl 0.03 0.07 0.8056274653 0.1098585668 0.78 0 0 0.00424859532 0.9999909747
cyl 0.03 0.07 0.6069695673 -0.04893344038 0.78 0 0 0.00424859532 0.9999909747
cyl 0.03 0.07 1.009090056 -0.2967789614 1.08 0 0 0.00424859532 0.9999909747
cyl 0.03 0.07 0.8081494224 -0.1869323305 1.08 0 0 0.00424859532 0.9999909747
cyl 0.03 0.07 0.6087835042 -0.2624025615 1.08 0 0 0.00424859532 0.9999909747
end
problem bookshelf_tall 82
start 1.57 -1.5707 0 -1.5707 -1.57 3.14
goal -1.098201523 -1.898511456 1.581778616 0.3161390428 1.07130263 -3.13443499
box 0.6 0.5 0.02 0.6481433221 0.8218196728 0.7 0 0 0.4710448327 0.8821092708
box 0.6 0.5 0.02 0.6481433221 0.8218196728 1 0 0 0.4710448327 0.8821092708
box 0.6 0.5 0.02 0.6481433221 0.8218196728 1.3 0 0 0.4710448327 0.8821092708
box 0.6 0.5 0.02 0.6481433221 0.8218196728 1.6 0 0 0.4710448327 0.8821092708
box 0.65 0.02 0.82 1.063656336 0.5437029072 0.82 0 0 0.4710448327 0.8821092708
box 0.65 0.02 0.82 0.2326303082 1.099936438 0.82 0 0 0.4710448327 0.8821092708
cyl 0.03 0.07 0.8505662533 0.5659980562 1.38 0 0 0.4710448327 0.8821092708
cyl 0.03 0.07 0.1895653009 0.7677617655 1.38 0 0 0.4710448327 0.8821092708
cyl 0.03 0.07 0.3145740116 0.443422903 1.38 0 0 0.4710448327 0.8821092708
cyl 0.03 0.07 0.5715527632 0.7527511225 0.78 0 0 0.4710448327 0.8821092708
cyl 0.03 0.07 0.7892294493 0.3663864829 0.78 0 0 0.4710448327 0.8821092708
cyl 0.03 0.07 0.2727977192 0.4713851736 0.78 0 0 0.4710448327 0.8821092708
cyl 0.03 0.07 0.8316591435 0.5786532175 1.08 0 0 0.4710448327 0.8821092708
cyl 0.03 0.07 0.1812495784 0.7733277569 1.08 0 0 0.4710448327 0.8821092708
cyl 0.03 0.07 0.08151170533 0.5994193041 1.08 0 0 0.4710448327 0.8821092708
end
problem bookshelf_tall 83
start 1.57 -1.5707 0 -1.5707 -1.57 3.14
goal 0.1719519119 -1.478753024 2.027031553 -0.5574565717 1.862138435 3.138234556
box 0.6 0.5 0.02 0.2433626433 1.088717661 0.7 0 0 0.6655093895 0.7463894778
box 0.6 0.5 0.02 0.2433626433 1.088717661 1 0 0 0.6655093895 0.7463894778
box 0.6 0.5 0.02 0.2433626433 1.088717661 1.3 0 0 0.6655093895 0.7463894778
box 0.6 0.5 0.02 0.2433626433 1.088717661 1.6 0 0 0.6655093895 0.7463894778
box 0.65 0.02 0.82 0.740091849 1.031620408 0.82 0 0 0.6655093895 0.7463894778
box 0.65 0.02 0.82 -0.2533665624 1.145814913 0.82 0 0 0.6655093895 0.7463894778
cyl 0.03 0.07 -0.1042095908 1.028011384 1.38 0 0 0.6655093895 0.7463894778
cyl 0.03 0.07 -0.1583155757 0.832913742 1.38 0 0 0.6655093895 0.7463894778
cyl 0.03 0.07 -0.0376861929 0.6177308916 1.38 0 0 0.6655093895 0.7463894778
cyl 0.03 0.07 -0.05175935442 1.021982417 0.78 0 0 0.6655093895 0.7463894778
cyl 0.03 0.07 -0.06195068359 0.821836941 0.78 0 0 0.6655093895 0.7463894778
cyl 0.03 0.07 -0.1054644334 0.6255217589 0.78 0 0 0.6655093895 0.7463894778
cyl 0.03 0.07 0.6430521763 0.9421163065 1.08 0 0 0.6655093895 0.7463894778
cyl 0.03 0.07 0.2577298699 0.7850908003 1.08 0 0 0.6655093895 0.7463894778
cyl 0.03 0.07 -0.136828292 0.6291269227 1.08 0 0 0.6655093895 0.7463894778
end
problem bookshelf_tall 84
start 1.57 -1.5707 0 -1.5707 -1.57 3.14
goal -0.5916357001 -1.56966292 1.330032156 0.2532746912 0.8010700158 3.133807292
box 0.6 0.5 0.02 -0.05084709148 1.137609173 0.7 0 0 0.7664716571 0.6422781321
box 0.6 0.5 0.02 -0.05084709148 1.137609173 1 0 0 0.7664716571 0.6422781321
box 0.6 0.5 0.02 -0.05084709148 1.137609173 1.3 0 0 0.7664716571 0.6422781321
box 0.6 0.5 0.02 -0.05084709148 1.137609173 1.6 0 0 0.7664716571 0.6422781321
box 0.65 0.02 0.82 0.4414408927 1.225087974 0.82 0 0 0.7664716571 0.6422781321
box 0.65 0.02 0.82 -0.5431350757 1.050130372 0.82 0 0 0.7664716571 0.6422781321
cyl 0.03 0.07 -0.06100302801 1.034237913 1.38 0 0 0.7664716571 0.6422781321
cyl 0.03 0.07 -0.3172257436 0.7855744072 1.38 0 0 0.7664716571 0.6422781321
cyl 0.03 0.07 0.06813492517 0.6509192605 1.38 0 0 0.7664716571 0.6422781321
cyl 0.03 0.07 -0.2462520058 1.001319461 0.78 0 0 0.7664716571 0.6422781321
cyl 0.03 0.07 0.0556856768 0.8518401805 0.78 0 0 0.7664716571 0.6422781321
cyl 0.03 0.07 0.1663380871 0.6683698081 0.78 0 0 0.7664716571 0.6422781321
cyl 0.03 0.07 0.327841712 1.103335012 1.08 0 0 0.7664716571 0.6422781321
cyl 0.03 0.07 -0.2601749878 0.7957122369 1.08 0 0 0.7664716571 0.6422781321
cyl 0.03 0.07 0.4415930992 0.7172821911 1.08 0 0 0.7664716571 0.6422781321
end
problem bookshelf_tall 85
start 1.57 -1.5707 0 -1.5707 -1.57 3.14
goal -0.9571878106 -1.114911042 0.740686072 0.4298443154 0.1790622278 3.094192293
box 0.6 0.5 0.02 -0.2836952257 0.9537315383 0.7 0 0 0.8454083541 0.5341205059
box 0.6 0.5 0.02 -0.2836952257 0.9537315383 1 0 0 0.8454083541 0.5341205059
box 0.6 0.5 0.02 -0.2836952257 0.9537315383 1.3 0 0 0.8454083541 0.5341205059
box 0.6 0.5 0.02 -0.2836952257 0.9537315383 1.6 0 0 0.8454083541 0.5341205059
box 0.65 0.02 0.82 0.1678547121 1.168446823 0.82 0 0 0.8454083541 0.5341205059
box 0.65 0.02 0.82 -0.7352451635 0.7390162531 0.82 0 0 0.8454083541 0.5341205059
cyl 0.03 0.07 -0.4930625851 0.7434461095 1.38 0 0 0.8454083541 0.5341205059
cyl 0.03 0.07 0.04522418329 0.7779459414 1.38 0 0 0.8454083541 0.5341205059
cyl 0.03 0.07 0.2639218088 0.6604788076 1.38 0 0 0.8454083541 0.5341205059
cyl 0.03 0.07 0.007809172634 0.9816142794 0.78 0 0 0.8454083541 0.5341205059
cyl 0.03 0.07 0.2306310413 0.8661082532 0.78 0 0 0.8454083541 0.5341205059
cyl 0.03 0.07 -0.2530051147 0.4146762895 0.78 0 0 0.8454083541 0.5341205059
cyl 0.03 0.07 -0.03453139114 0.9614810328 1.08 0 0 0.8454083541 0.5341205059
cyl 0.03 0.07 0.05825932918 0.7841442483 1.08 0 0 0.8454083541 0.5341205059
cyl 0.03 0.07 0.09224272874 0.5788441543 1.08 0 0 0.8454083541 0.5341205059
end
problem bookshelf_tall 86
start 1.57 -1.5707 0 -1.5707 -1.57 3.14
goal -0.02900614237 -1.523968244 1.287633967 0.2380099226 0.4849994795 3.133482009
box 0.6 0.5 0.02 -0.8845143441 0.5909681047 0.7 0 0 0.9670117237 0.2547318713
box 0.6 0.5 0.02 -0.8845143441 0.5909681047 1 0 0 0.9670117237 0.2547318713
box 0.6 0.5 0.02 -0.8845143441 0.5909681047 1.3 0 0 0.9670117237 0.2547318713
box 0.6 0.5 0.02 -0.8845143441 0.5909681047 1.6 0 0 0.9670117237 0.2547318713
box 0.65 0.02 0.82 -0.6381856381 1.026079778 0.82 0 0 0.9670117237 0.2547318713
box 0.65 0.02 0.82 -1.13084305 0.1558564309 0.82 0 0 0.9670117237 0.2547318713
cyl 0.03 0.07 -0.9956089377 0.1917513177 1.38 0 0 0.9670117237 0.2547318713
cyl 0.03 0.07 -0.4454598345 0.7575655882 1.38 0 0 0.9670117237 0.2547318713
cyl 0.03 0.07 -0.3388819517 0.5398616921 1.38 0 0 0.9670117237 0.2547318713
cyl 0.03 0.07 -0.861766501 0.4281687763 0.78 0 0 0.9670117237 0.2547318713
cyl 0.03 0.07 -0.6412533421 0.4117186011 0.78 0 0 0.9670117237 0.2547318713
cyl 0.03 0.07 -0.4582036412 0.3290934836 0.78 0 0 0.9670117237 0.2547318713
cyl 0.03 0.07 -0.9092400571 0.3443121329 1.08 0 0 0.9670117237 0.2547318713
cyl 0.03 0.07 -0.7981417567 0.1345930407 1.08 0 0 0.9670117237 0.2547318713
cyl 0.03 0.07 -0.5302599398 0.2018142185 1.08 0 0 0.9670117237 0.2547318713
end
problem bookshelf_tall 87
start 1.57 -1.5707 0 -1.5707 -1.57 3.14
goal -1.158223934 -1.192157283 -2.10135575 0.1518807296 0.7782934 0.00592169673
box 0.6 0.5 0.02 -0.8903864773 0.5181136776 0.7 0 0 0.9826822386 0.1852987262
box 0.6 0.5 0.02 -0.8903864773 0.5181136776 1 0 0 0.9826822386 0.1852987262
box 0.6 0.5 0.02 -0.8903864773 0.5181136776 1.3 0 0 0.9826822386 0.1852987262
box 0.6 0.5 0.02 -0.8903864773 0.5181136776 1.6 0 0 0.9826822386 0.1852987262
box 0.65 0.02 0.82 -0.7082967102 0.9837780596 0.82 0 0 0.9826822386 0.1852987262
box 0.65 0.02 0.82 -1.072476244 0.05244929547 0.82 0 0 0.9826822386 0.1852987262
cyl 0.03 0.07 -0.7145870512 0.6931017157 1.38 0 0 0.9826822386 0.1852987262
cyl 0.03 0.07 -0.7320492807 0.09926527953 1.38 0 0 0.9826822386 0.1852987262
cyl 0.03 0.07 -0.5128246012 0.110716362 1.38 0 0 0.9826822386 0.1852987262
cyl 0.03 0.07 -0.9266164447 0.1508717041 0.78 0 0 0.9826822386 0.1852987262
cyl 0.03 0.07 -0.5252255531 0.6281826641 0.78 0 0 0.9826822386 0.1852987262
cyl 0.03 0.07 -0.323339887 0.5952920951 0.78 0 0 0.9826822386 0.1852987262
cyl 0.03 0.07 -0.8180643011 0.4284758093 1.08 0 0 0.9826822386 0.1852987262
cyl 0.03 0.07 -0.5521986397 0.5592034683 1.08 0 0 0.9826822386 0.1852987262
cyl 0.03 0.07 -0.4410367573 0.2943018677 1.08 0 0 0.9826822386 0.1852987262
end
problem bookshelf_tall 88
start 1.57 -1.5707 0 -1.5707 -1.57 3.14
goal 0.02061309449 -1.121883153 0.7700830633 0.3918402701 0.2253954807 3.102546677
box 0.6 0.5 0.02 -0.9638494679 0.3600102849 0.7 0 0 0.9943062989 0.1065597675
box 0.6 0.5 0.02 -0.9638494679 0.3600102849 1 0 0 0.9943062989 0.1065597675
box 0.6 0.5 0.02 -0.9638494679 0.3600102849 1.3 0 0 0.9943062989 0.1065597675
box 0.6 0.5 0.02 -0.9638494679 0.3600102849 1.6 0 0 0.9943062989 0.1065597675
box 0.65 0.02 0.82 -0.8578964199 0.8486553008 0.82 0 0 0.9943062989 0.1065597675
box 0.65 0.02 0.82 -1.069802516 -0.1286347311 0.82 0 0 0.9943062989 0.1065597675
cyl 0.03 0.07 -0.8474161735 0.4250820231 1.38 0 0 0.9943062989 0.1065597675
cyl 0.03 0.07 -0.6192027196 0.5337656998 1.38 0 0 0.9943062989 0.1065597675
cyl 0.03 0.07 -0.3993277601 0.6039930621 1.38 0 0 0.9943062989 0.1065597675
cyl 0.03 0.07 -0.9074398071 0.1482589403 0.78 0 0 0.9943062989 0.1065597675
cyl 0.03 0.07 -0.6207380018 0.5266851296 0.78 0 0 0.9943062989 0.1065597675
cyl 0.03 0.07 -0.4983614662 0.1472593692 0.78 0 0 0.9943062989 0.1065597675
cyl 0.03 0.07 -0.9316713528 0.03650543966 1.08 0 0 0.9943062989 0.1065597675
cyl 0.03 0.07 -0.6286426984 0.4902294479 1.08 0 0 0.9943062989 0.1065597675
cyl 0.03 0.07 -0.5178534701 0.05736416835 1.08 0 0 0.9943062989 0.1065597675
end
problem bookshelf_tall 89
start 1.57 -1.5707 0 -1.5707 -1.57 3.14
goal -0.2510716478 -0.7499345833 1.990573041 -1.262981966 0.4268099975 -3.122743112
box 0.6 0.5 0.02 -0.7748568399 0.740787358 0.7 0 0 0.9426296781 0.3338402163
box 0.6 0.5 0.02 -0.7748568399 0.740787358 1 0 0 0.9426296781 0.3338402163
box 0.6 0.5 0.02 -0.7748568399 0.740787358 1.3 0 0 0.9426296781 0.3338402163
box 0.6 0.5 0.02 -0.7748568399 0.740787358 1.6 0 0 0.9426296781 0.3338402163
box 0.65 0.02 0.82 -0.4601691443 1.129338068 0.82 0 0 0.9426296781 0.3338402163
box 0.65 0.02 0.82 -1.089544536 0.352236648 0.82 0 0 0.9426296781 0.3338402163
cyl 0.03 0.07 -0.6549521327 0.7299482279 1.38 0 0 0.9426296781 0.3338402163
cyl 0.03 0.07 -0.7319730114 0.3170737528 1.38 0 0 0.9426296781 0.3338402163
cyl 0.03 0.07 -0.3297425167 0.4959398003 1.38 0 0 0.9426296781 0.3338402163
cyl 0.03 0.07 -0.8268315433 0.517725545 0.78 0 0 0.9426296781 0.3338402163
cyl 0.03 0.07 -0.5900945278 0.492253737 0.78 0 0 0.9426296781 0.3338402163
cyl 0.03 0.07 -0.2171838793 0.6349180288 0.78 0 0 0.9426296781 0.3338402163
cyl 0.03 0.07 -0.7421947933 0.6222281035 1.08 0 0 0.9426296781 0.3338402163
cyl 0.03 0.07 -0.5593333009 0.530235192 1.08 0 0 0.9426296781 0.3338402163
cyl 0.03 0.07 -0.4099218948 0.3969408413 1.08 0 0 0.9426296781 0.3338402163
end
problem bookshelf_tall 90
start 1.57 -1.5707 0 -1.5707 -1.57 3.14
goal -0.8079939225 -0.8053578933 1.593547884 2.377821923 -0.3452264452 -0.01659556287
box 0.6 0.5 0.02 -0.2636882365 1.061772944 0.7 0 0 0.8390385723 0.5440719384
box 0.6 0.5 0.02 -0.2636882365 1.061772944 1 0 0 0.8390385723 0.5440719384
box 0.6 0.5 0.02 -0.2636882365 1.061772944 1.3 0 0 0.8390385723 0.5440719384
box 0.6 0.5 0.02 -0.2636882365 1.061772944 1.6 0 0 0.8390385723 0.5440719384
box 0.65 0.02 0.82 0.192809106 1.26575867 0.82 0 0 0.8390385723 0.5440719384
box 0.65 0.02 0.82 -0.7201855789 0.8577872179 0.82 0 0 0.8390385723 0.5440719384
cyl 0.03 0.07 -0.02330144206 1.059660061 1.38 0 0 0.8390385723 0.5440719384
cyl 0.03 0.07 -0.3316033487 0.7028361039 1.38 0 0 0.8390385723 0.5440719384
cyl 0.03 0.07 -0.1894554635 0.547295526 1.38 0 0 0.8390385723 0.5440719384
cyl 0.03 0.07 -0.51813217 0.8385450714 0.78 0 0 0.8390385723 0.5440719384
cyl 0.03 0.07 0.04034328114 0.8690403646 0.78 0 0 0.8390385723 0.5440719384
cyl 0.03 0.07 -0.1087819904 0.5833444477 0.78 0 0 0.8390385723 0.5440719384
cyl 0.03 0.07 -0.3856798295 0.8977313674 1.08 0 0 0.8390385723 0.5440719384
cyl 0.03 0.07 -0.3147858526 0.710350998 1.08 0 0 0.8390385723 0.5440719384
cyl 0.03 0.07 0.2265616005 0.7331926493 1.08 0 0 0.8390385723 0.5440719384
end
problem bookshelf_tall 91
start 1.57 -1.5707 0 -1.5707 -1.57 3.14
goal -2.543932248 -1.801015648 1.530539823 0.2642731267 0.5510763388 -3.135186384
box 0.6 0.5 0.02 1.019061323 0.05670852987 0.7 0 0 0.02619048915 0.9996569703
box 0.6 0.5 0.02 1.019061323 0.05670852987 1 0 0 0.02619048915 0.9996569703
box 0.6 0.5 0.02 1.019061323 0.05670852987 1.3 0 0 0.02619048915 0.9996569703
box 0.6 0.5 0.02 1.019061323 0.05670852987 1.6 0 0 0.02619048915 0.9996569703
box 0.65 0.02 0.82 1.045242828 -0.4426055284 0.82 0 0 0.02619048915 0.9996569703
box 0.65 0.02 0.82 0.9928798181 0.5560225881 0.82 0 0 0.02619048915 0.9996569703
cyl 0.03 0.07 0.9285827015 -0.1274960165 1.38 0 0 0.02619048915 0.9996569703
cyl 0.03 0.07 0.7016419303 0.3810583018 1.38 0 0 0.02619048915 0.9996569703
cyl 0.03 0.07 0.5297452676 -0.1601473974 1.38 0 0 0.02619048915 0.9996569703
cyl 0.03 0.07 0.901754834 0.3841449824 0.78 0 0 0.02619048915 0.9996569703
cyl 0.03 0.07 0.7064009472 0.2902978959 0.78 0 0 0.02619048915 0.9996569703
cyl 0.03 0.07 0.5127318331 0.1643200845 0.78 0 0 0.02619048915 0.9996569703
cyl 0.03 0.07 0.9306552072 -0.167021293 1.08 0 0 0.02619048915 0.9996569703
cyl 0.03 0.07 0.7314519906 -0.1874568453 1.08 0 0 0.02619048915 0.9996569703
cyl 0.03 0.07 0.5386030072 -0.3290755741 1.08 0 0 0.02619048915 0.9996569703
end
problem bookshelf_tall 93
start 1.57 -1.5707 0 -1.5707 -1.57 3.14
goal -0.8014748143 -0.8300332706 2.320190612 -1.488678755 1.026495615 3.135507492
box 0.6 0.5 0.02 0.3362364904 1.055943337 0.7 0 0 0.6101306518 0.7923008189
box 0.6 0.5 0.02 0.3362364904 1.055943337 1 0 0 0.6101306518 0.7923008189
box 0.6 0.5 0.02 0.3362364904 1.055943337 1.3 0 0 0.6101306518 0.7923008189
box 0.6 0.5 0.02 0.3362364904 1.055943337 1.6 0 0 0.6101306518 0.7923008189
box 0.65 0.02 0.82 0.8196435055 0.9282027495 0.82 0 0 0.6101306518 0.7923008189
box 0.65 0.02 0.82 -0.1471705248 1.183683925 0.82 0 0 0.6101306518 0.7923008189
cyl 0.03 0.07 0.6561604368 0.8679707383 1.38 0 0 0.6101306518 0.7923008189
cyl 0.03 0.07 0.5986201048 0.6763107886 1.38 0 0 0.6101306518 0.7923008189
cyl 0.03 0.07 0.4517564143 0.5082545889 1.38 0 0 0.6101306518 0.7923008189
cyl 0.03 0.07 -0.04462389516 1.05315341 0.78 0 0 0.6101306518 0.7923008189
cyl 0.03 0.07 0.6465064422 0.6636567958 0.78 0 0 0.6101306518 0.7923008189
cyl 0.03 0.07 0.2236855779 0.5685224414 0.78 0 0 0.6101306518 0.7923008189
cyl 0.03 0.07 0.1760487915 0.9948405226 1.08 0 0 0.6101306518 0.7923008189
cyl 0.03 0.07 -0.1706971797 0.8796033329 1.08 0 0 0.6101306518 0.7923008189
cyl 0.03 0.07 0.2334127629 0.5659520271 1.08 0 0 0.6101306518 0.7923008189
end
problem bookshelf_tall 94
start 1.57 -1.5707 0 -1.5707 -1.57 3.14
goal 2.442685516 -1.47035794 -1.419941771 2.898959413 -1.855091901 -3.139391786
box 0.6 0.5 0.02 0.5979050653 0.9146453967 0.7 0 0 0.5501063438 0.8350946117
box 0.6 0.5 0.02 0.5979050653 0.9146453967 1 0 0 0.5501063438 0.8350946117
box 0.6 0.5 0.02 0.5979050653 0.9146453967 1.3 0 0 0.5501063438 0.8350946117
box 0.6 0.5 0.02 0.5979050653 0.9146453967 1.6 0 0 0.5501063438 0.8350946117
box 0.65 0.02 0.82 1.057295909 0.7172623863 0.82 0 0 0.5501063438 0.8350946117
box 0.65 0.02 0.82 0.1385142217 1.112028407 0.82 0 0 0.5501063438 0.8350946117
cyl 0.03 0.07 0.7295104871 0.7492597008 1.38 0 0 0.5501063438 0.8350946117
cyl 0.03 0.07 0.8687433181 0.4717570098 1.38 0 0 0.5501063438 0.8350946117
cyl 0.03 0.07 0.4115746583 0.4505056641 1.38 0 0 0.5501063438 0.8350946117
cyl 0.03 0.07 0.9059744029 0.6734397766 0.78 0 0 0.5501063438 0.8350946117
cyl 0.03 0.07 0.2236328939 0.7489367564 0.78 0 0 0.5501063438 0.8350946117
cyl 0.03 0.07 0.07388200347 0.5955995286 0.78 0 0 0.5501063438 0.8350946117
cyl 0.03 0.07 0.5173700164 0.8404085022 1.08 0 0 0.5501063438 0.8350946117
cyl 0.03 0.07 0.7875177706 0.5066565802 1.08 0 0 0.5501063438 0.8350946117
cyl 0.03 0.07 0.3087793841 0.4946729368 1.08 0 0 0.5501063438 0.8350946117
end
problem bookshelf_tall 95
start 1.57 -1.5707 0 -1.5707 -1.57 3.14
goal -2.488510625 -1.181704526 -1.616352246 2.788511814 -0.9267512611 3.14154606
box 0.6 0.5 0.02 0.1011140231 1.014103558 0.7 0 0 0.7107553157 0.703439323
box 0.6 0.5 0.02 0.1011140231 1.014103558 1 0 0 0.7107553157 0.703439323
box 0.6 0.5 0.02 0.1011140231 1.014103558 1.3 0 0 0.7107553157 0.703439323
box 0.6 0.5 0.02 0.1011140231 1.014103558 1.6 0 0 0.7107553157 0.703439323
box 0.65 0.02 0.82 0.6010872613 1.019276677 0.82 0 0 0.7107553157 0.703439323
box 0.65 0.02 0.82 -0.398859215 1.008930439 0.82 0 0 0.7107553157 0.703439323
cyl 0.03 0.07 0.3961318015 0.9171506926 1.38 0 0 0.7107553157 0.703439323
cyl 0.03 0.07 0.150700821 0.7146005642 1.38 0 0 0.7107553157 0.703439323
cyl 0.03 0.07 -0.04554891211 0.5125593038 1.38 0 0 0.7107553157 0.703439323
cyl 0.03 0.07 -0.1575338582 0.9114220295 0.78 0 0 0.7107553157 0.703439323
cyl 0.03 0.07 0.4483728547 0.7176805146 0.78 0 0 0.7107553157 0.703439323
cyl 0.03 0.07 0.3568774459 0.5167231254 0.78 0 0 0.7107553157 0.703439323
cyl 0.03 0.07 -0.121647801 0.9117933351 1.08 0 0 0.7107553157 0.703439323
cyl 0.03 0.07 -0.1488140402 0.7115015464 1.08 0 0 0.7107553157 0.703439323
cyl 0.03 0.07 -0.1994159851 0.5109672733 1.08 0 0 0.7107553157 0.703439323
end
problem bookshelf_tall 96
start 1.57 -1.5707 0 -1.5707 -1.57 3.14
goal -1.497458977 -1.378830337 1.112601338 0.2737502272 0.3813104133 3.134207573
box 0.6 0.5 0.02 0.4598821989 0.9575433483 0.7 0 0 0.5900976753 0.8073318609
box 0.6 0.5 0.02 0.4598821989 0.9575433483 1 0 0 0.5900976753 0.8073318609
box 0.6 0.5 0.02 0.4598821989 0.9575433483 1.3 0 0 0.5900976753 0.8073318609
box 0.6 0.5 0.02 0.4598821989 0.9575433483 1.6 0 0 0.5900976753 0.8073318609
box 0.65 0.02 0.82 0.9362868532 0.8057586147 0.82 0 0 0.5900976753 0.8073318609
box 0.65 0.02 0.82 -0.01652245538 1.109328082 0.82 0 0 0.5900976753 0.8073318609
cyl 0.03 0.07 0.7880717722 0.7480278323 1.38 0 0 0.5900976753 0.8073318609
cyl 0.03 0.07 0.06564451128 0.7682909202 1.38 0 0 0.5900976753 0.8073318609
cyl 0.03 0.07 0.533286678 0.4093923659 1.38 0 0 0.5900976753 0.8073318609
cyl 0.03 0.07 0.4082870885 0.869028995 0.78 0 0 0.5900976753 0.8073318609
cyl 0.03 0.07 -0.02358025278 0.7967183441 0.78 0 0 0.5900976753 0.8073318609
cyl 0.03 0.07 0.03670488893 0.5676056283 0.78 0 0 0.5900976753 0.8073318609
cyl 0.03 0.07 0.4379019846 0.8595935516 1.08 0 0 0.5900976753 0.8073318609
cyl 0.03 0.07 0.4618352343 0.6420627173 1.08 0 0 0.5900976753 0.8073318609
cyl 0.03 0.07 0.59904564 0.3884412554 1.08 0 0 0.5900976753 0.8073318609
end
problem bookshelf_tall 98
start 1.57 -1.5707 0 -1.5707 -1.57 3.14
goal 0.2907826787 -1.618559058 1.868082863 2.881036397 -2.012271692 0.001166828791
box 0.6 0.5 0.02 0.2186065108 1.034495609 0.7 0 0 0.6493662249 0.7604758418
box 0.6 0.5 0.02 0.2186065108 1.034495609 1 0 0 0.6493662249 0.7604758418
box 0.6 0.5 0.02 0.2186065108 1.034495609 1.3 0 0 0.6493662249 0.7604758418
box 0.6 0.5 0.02 0.2186065108 1.034495609 1.6 0 0 0.6493662249 0.7604758418
box 0.65 0.02 0.82 0.7124338373 0.9561721031 0.82 0 0 0.6493662249 0.7604758418
box 0.65 0.02 0.82 -0.2752208158 1.112819115 0.82 0 0 0.6493662249 0.7604758418
cyl 0.03 0.07 -0.195155678 0.9988704141 1.38 0 0 0.6493662249 0.7604758418
cyl 0.03 0.07 -0.09312054391 0.7801871951 1.38 0 0 0.6493662249 0.7604758418
cyl 0.03 0.07 -0.1659793603 0.5892430391 1.38 0 0 0.6493662249 0.7604758418
cyl 0.03 0.07 0.5950282664 0.8735432532 0.78 0 0 0.6493662249 0.7604758418
cyl 0.03 0.07 0.5424528339 0.6793820501 0.78 0 0 0.6493662249 0.7604758418
cyl 0.03 0.07 0.4776791742 0.4871555475 0.78 0 0 0.6493662249 0.7604758418
cyl 0.03 0.07 -0.1766135366 0.9959295369 1.08 0 0 0.6493662249 0.7604758418
cyl 0.03 0.07 0.05262858107 0.7570706484 1.08 0 0 0.6493662249 0.7604758418
cyl 0.03 0.07 0.2596599091 0.5217345031 1.08 0 0 0.6493662249 0.7604758418
end
problem bookshelf_tall 99
start 1.57 -1.5707 0 -1.5707 -1.57 3.14
goal 1.413382433 -1.530466365 1.269374522 0.2620594954 2.139534055 -3.132203529
box 0.6 0.5 0.02 -0.7692793962 0.7361375038 0.7 0 0 0.9353240239 0.35379227
box 0.6 0.5 0.02 -0.7692793962 0.7361375038 1 0 0 0.9353240239 0.35379227
box 0.6 0.5 0.02 -0.7692793962 0.7361375038 1.3 0 0 0.9353240239 0.35379227
box 0.6 0.5 0.02 -0.7692793962 0.7361375038 1.6 0 0 0.9353240239 0.35379227
box 0.65 0.02 0.82 -0.4383689866 1.110968534 0.82 0 0 0.9353240239 0.35379227
box 0.65 0.02 0.82 -1.100189806 0.3613064741 0.82 0 0 0.9353240239 0.35379227
cyl 0.03 0.07 -0.5722862077 0.8081786334 1.38 0 0 0.9353240239 0.35379227
cyl 0.03 0.07 -0.4915205333 0.5974674648 1.38 0 0 0.9353240239 0.35379227
cyl 0.03 0.07 -0.6228203593 0.1465440587 1.38 0 0 0.9353240239 0.35379227
cyl 0.03 0.07 -0.6783241025 0.6880666872 0.78 0 0 0.9353240239 0.35379227
cyl 0.03 0.07 -0.3503947511 0.757324395 0.78 0 0 0.9353240239 0.35379227
cyl 0.03 0.07 -0.4506034362 0.3416187519 0.78 0 0 0.9353240239 0.35379227
cyl 0.03 0.07 -0.825955537 0.5208406314 1.08 0 0 0.9353240239 0.35379227
cyl 0.03 0.07 -0.3446892391 0.7637871804 1.08 0 0 0.9353240239 0.35379227
cyl 0.03 0.07 -0.3587689055 0.4456421695 1.08 0 0 0.9353240239 0.35379227
end
problem bookshelf_tall 100
start 1.57 -1.5707 0 -1.5707 -1.57 3.14
goal 3.025416787 -1.901084659 -2.499294329 1.255378792 1.351664965 -0.005502286364
box 0.6 0.5 0.02 0.5533286831 0.9302427099 0.7 0 0 0.5755419846 0.8177722324
box 0.6 0.5 0.02 0.5533286831 0.9302427099 1 0 0 0.5755419846 0.8177722324
box 0.6 0.5 0.02 0.5533286831 0.9302427099 1.3 0 0 0.5755419846 0.8177722324
box 0.6 0.5 0.02 0.5533286831 0.9302427099 1.6 0 0 0.5755419846 0.8177722324
box 0.65 0.02 0.82 1.023990937 0.7614912859 0.82 0 0 0.5755419846 0.8177722324
box 0.65 0.02 0.82 0.08266642953 1.098994134 0.82 0 0 0.5755419846 0.8177722324
cyl 0.03 0.07 0.8936838693 0.7019783408 1.38 0 0 0.5755419846 0.8177722324
cyl 0.03 0.07 0.4771122305 0.6388695138 1.38 0 0 0.5755419846 0.8177722324
cyl 0.03 0.07 0.3434922866 0.4743110781 1.38 0 0 0.5755419846 0.8177722324
cyl 0.03 0.07 0.4952632926 0.8448282065 0.78 0 0 0.5755419846 0.8177722324
cyl 0.03 0.07 0.05856411364 0.7889359153 0.78 0 0 0.5755419846 0.8177722324
cyl 0.03 0.07 -0.01593894078 0.6031816875 0.78 0 0 0.5755419846 0.8177722324
cyl 0.03 0.07 0.2582092953 0.9298216371 1.08 0 0 0.5755419846 0.8177722324
cyl 0.03 0.07 0.8436072474 0.5074662506 1.08 0 0 0.5755419846 0.8177722324
cyl 0.03 0.07 0.2334308002 0.5137725654 1.08 0 0 0.5755419846 0.8177722324
end
problem bookshelf_thin 1
start 1.57 -1.5707 0 -1.5707 -1.57 3.14
goal 1.594218441 -0.5563611167 1.572711995 2.130858728 -1.751883538 -0.002663486128
box 0.02 0.02 0.82 -1.2364564 0.6726985282 0.82 0 0 0.9969654795 0.07784492752
box 0.02 0.02 0.82 -1.391673811 -0.3151818063 0.82 0 0 0.9969654795 0.07784492752
box 0.02 0.02 0.82 -0.6437281995 0.5795680816 0.82 0 0 0.9969654795 0.07784492752
box 0.02 0.02 0.82 -0.7989456105 -0.4083122529 0.82 0 0 0.9969654795 0.07784492752
box 0.31 0.5 0.02 -1.017701005 0.1321931377 0.35 0 0 0.9969654795 0.07784492752
box 0.31 0.5 0.02 -1.017701005 0.1321931377 0.85 0 0 0.9969654795 0.07784492752
box 0.31 0.5 0.02 -1.017701005 0.1321931377 0.6 0 0 0.9969654795 0.07784492752
box 0.31 0.5 0.02 -1.017701005 0.1321931377 1.1 0 0 0.9969654795 0.07784492752
box 0.31 0.5 0.02 -1.017701005 0.1321931377 1.35 0 0 0.9969654795 0.07784492752
box 0.31 0.5 0.02 -1.017701005 0.1321931377 1.6 0 0 0.9969654795 0.07784492752
box 0.31 0.02 0.7 -1.017701005 0.1321931377 0.9 0 0 0.9969654795 0.07784492752
cyl 0.03 0.07 -1.165508291 -0.1642678761 0.44 0 0 0.9969654795 0.07784492752
cyl 0.03 0.07 -0.8391044954 -0.01964562765 1.44 0 0 0.9969654795 0.07784492752
cyl 0.03 0.07 -0.8524422455 -0.1045336629 0.44 0 0 0.9969654795 0.07784492752
cyl 0.03 0.07 -1.075593412 0.4079948648 0.69 0 0 0.9969654795 0.07784492752
cyl 0.03 0.07 -0.7534741256 0.5253483769 0.69 0 0 0.9969654795 0.07784492752
cyl 0.03 0.07 -1.149650191 -0.06333908542 0.94 0 0 0.9969654795 0.07784492752
cyl 0.03 0.07 -0.8483379712 -0.07841203199 0.94 0 0 0.9969654795 0.07784492752
cyl 0.03 0.07 -1.064454366 0.4788892607 1.19 0 0 0.9969654795 0.07784492752
cyl 0.03 0.07 -0.7735612456 0.3975040155 1.19 0 0 0.9969654795 0.07784492752
cyl 0.03 0.07 -1.186153183 -0.2956621745 1.44 0 0 0.9969654795 0.07784492752
end
problem bookshelf_thin 2
start 1.57 -1.5707 0 -1.5707 -1.57 3.14
goal 0.03957323182 -0.503047806 1.735910664 -1.242883848 0.9509599834 -3.129053811
box 0.02 0.02 0.82 -0.457383955 1.237658528 0.82 0 0 0.8970329716 0.4419636273
box 0.02 0.02 0.82 -1.250295847 0.6283222234 0.82 0 0 0.8970329716 0.4419636273
box 0.02 0.02 0.82 -0.09178217244 0.7619113926 0.82 0 0 0.8970329716 0.4419636273
box 0.02 0.02 0.82 -0.8846940643 0.1525750883 0.82 0 0 0.8970329716 0.4419636273
box 0.31 0.5 0.02 -0.6710390097 0.695116808 0.35 0 0 0.8970329716 0.4419636273
box 0.31 0.5 0.02 -0.6710390097 0.695116808 0.85 0 0 0.8970329716 0.4419636273
box 0.31 0.5 0.02 -0.6710390097 0.695116808 0.6 0 0 0.8970329716 0.4419636273
box 0.31 0.5 0.02 -0.6710390097 0.695116808 1.1 0 0 0.8970329716 0.4419636273
box 0.31 0.5 0.02 -0.6710390097 0.695116808 1.35 0 0 0.8970329716 0.4419636273
box 0.31 0.5 0.02 -0.6710390097 0.695116808 1.6 0 0 0.8970329716 0.4419636273
box 0.31 0.02 0.7 -0.6710390097 0.695116808 0.9 0 0 0.8970329716 0.4419636273
cyl 0.03 0.07 -0.9685948404 0.5925687556 0.44 0 0 0.8970329716 0.4419636273
cyl 0.03 0.07 -0.8053067174 0.3397000313 1.44 0 0 0.8970329716 0.4419636273
cyl 0.03 0.07 -0.6067406892 0.4922938958 0.44 0 0 0.8970329716 0.4419636273
cyl 0.03 0.07 -0.5348262983 0.9259108622 0.69 0 0 0.8970329716 0.4419636273
cyl 0.03 0.07 -0.3008219234 0.7273861073 0.69 0 0 0.8970329716 0.4419636273
cyl 0.03 0.07 -1.026051828 0.5484142553 0.94 0 0 0.8970329716 0.4419636273
cyl 0.03 0.07 -0.780333255 0.358891618 0.94 0 0 0.8970329716 0.4419636273
cyl 0.03 0.07 -0.4633143541 0.9808663046 1.19 0 0 0.8970329716 0.4419636273
cyl 0.03 0.07 -0.3853424328 0.662433853 1.19 0 0 0.8970329716 0.4419636273
cyl 0.03 0.07 -0.8508031852 0.6830891938 1.44 0 0 0.8970329716 0.4419636273
end
problem bookshelf_thin 3
start 1.57 -1.5707 0 -1.5707 -1.57 3.14
goal -2.813501491 -2.012563269 -1.117192178 -0.006687730069 0.9417100859 0.001661578877
box 0.02 0.02 0.82 0.7794936668 1.135267616 0.82 0 0 0.5942419669 0.8042863202
box 0.02 0.02 0.82 -0.1763877029 1.429020586 0.82 0 0 0.5942419669 0.8042863202
box 0.02 0.02 0.82 0.603241885 0.5617387943 0.82 0 0 0.5942419669 0.8042863202
box 0.02 0.02 0.82 -0.3526394847 0.8554917639 0.82 0 0 0.5942419669 0.8042863202
box 0.31 0.5 0.02 0.213427091 0.99537969 0.35 0 0 0.5942419669 0.8042863202
box 0.31 0.5 0.02 0.213427091 0.99537969 0.85 0 0 0.5942419669 0.8042863202
box 0.31 0.5 0.02 0.213427091 0.99537969 0.6 0 0 0.5942419669 0.8042863202
box 0.31 0.5 0.02 0.213427091 0.99537969 1.1 0 0 0.5942419669 0.8042863202
box 0.31 0.5 0.02 0.213427091 0.99537969 1.35 0 0 0.5942419669 0.8042863202
box 0.31 0.5 0.02 0.213427091 0.99537969 1.6 0 0 0.5942419669 0.8042863202
box 0.31 0.02 0.7 0.213427091 0.99537969 0.9 0 0 0.5942419669 0.8042863202
cyl 0.03 0.07 0.1624958615 1.115646915 0.44 0 0 0.5942419669 0.8042863202
cyl 0.03 0.07 -0.0008618911555 0.8520020916 1.44 0 0 0.5942419669 0.8042863202
cyl 0.03 0.07 -0.1152221039 0.8871462562 0.44 0 0 0.5942419669 0.8042863202
cyl 0.03 0.07 0.5225383643 1.005001852 0.69 0 0 0.5942419669 0.8042863202
cyl 0.03 0.07 0.479492553 0.7043838318 0.69 0 0 0.5942419669 0.8042863202
cyl 0.03 0.07 0.06967427281 1.144172021 0.94 0 0 0.5942419669 0.8042863202
cyl 0.03 0.07 -0.2754170856 0.9363759546 0.94 0 0 0.5942419669 0.8042863202
cyl 0.03 0.07 0.2952493704 1.074850286 1.19 0 0 0.5942419669 0.8042863202
cyl 0.03 0.07 0.3056083658 0.7578203752 1.19 0 0 0.5942419669 0.8042863202
cyl 0.03 0.07 0.1815613061 1.109787892 1.44 0 0 0.5942419669 0.8042863202
end
problem bookshelf_thin 4
start 1.57 -1.5707 0 -1.5707 -1.57 3.14
goal -2.874765357 -3.128155945 -1.220218439 1.201257175 1.743579627 -0.003991804962
box 0.02 0.02 0.82 -0.08132861155 1.417771878 0.82 0 0 0.8433638605 0.5373429061
box 0.02 0.02 0.82 -0.987679787 0.9952466755 0.82 0 0 0.8433638605 0.5373429061
box 0.02 0.02 0.82 0.1721865099 0.8739611727 0.82 0 0 0.8433638605 0.5373429061
box 0.02 0.02 0.82 -0.7341646656 0.4514359702 0.82 0 0 0.8433638605 0.5373429061
box 0.31 0.5 0.02 -0.4077466386 0.9346039241 0.35 0 0 0.8433638605 0.5373429061
box 0.31 0.5 0.02 -0.4077466386 0.9346039241 0.85 0 0 0.8433638605 0.5373429061
box 0.31 0.5 0.02 -0.4077466386 0.9346039241 0.6 0 0 0.8433638605 0.5373429061
box 0.31 0.5 0.02 -0.4077466386 0.9346039241 1.1 0 0 0.8433638605 0.5373429061
box 0.31 0.5 0.02 -0.4077466386 0.9346039241 1.35 0 0 0.8433638605 0.5373429061
box 0.31 0.5 0.02 -0.4077466386 0.9346039241 1.6 0 0 0.8433638605 0.5373429061
box 0.31 0.02 0.7 -0.4077466386 0.9346039241 0.9 0 0 0.8433638605 0.5373429061
cyl 0.03 0.07 -0.8479522353 0.8397202177 0.44 0 0 0.8433638605 0.5373429061
cyl 0.03 0.07 -0.5292130139 0.6573133864 1.44 0 0 0.8433638605 0.5373429061
cyl 0.03 0.07 -0.4121353395 0.7118929681 0.44 0 0 0.8433638605 0.5373429061
cyl 0.03 0.07 -0.1915740075 1.145712366 0.69 0 0 0.8433638605 0.5373429061
cyl 0.03 0.07 -0.1628844923 0.8280893912 0.69 0 0 0.8433638605 0.5373429061
cyl 0.03 0.07 -0.6147010776 0.9484578629 0.94 0 0 0.8433638605 0.5373429061
cyl 0.03 0.07 -0.510863626 0.6658675529 0.94 0 0 0.8433638605 0.5373429061
cyl 0.03 0.07 -0.08119562252 1.197168855 1.19 0 0 0.8433638605 0.5373429061
cyl 0.03 0.07 -0.009291969153 0.8996915623 1.19 0 0 0.8433638605 0.5373429061
cyl 0.03 0.07 -0.7644386961 0.8786527816 1.44 0 0 0.8433638605 0.5373429061
end
problem bookshelf_thin 5
start 1.57 -1.5707 0 -1.5707 -1.57 3.14
goal -3.080718065 -2.650269028 -1.40918259 0.925866287 1.194987992 -0.005300166279
box 0.02 0.02 0.82 0.9561859273 1.153927985 0.82 0 0 0.5876304843 0.8091294173
box 0.02 0.02 0.82 0.005247704615 1.463308813 0.82 0 0 0.5876304843 0.8091294173
box 0.02 0.02 0.82 0.7705574305 0.583365051 0.82 0 0 0.5876304843 0.8091294173
box 0.02 0.02 0.82 -0.1803807921 0.8927458789 0.82 0 0 0.5876304843 0.8091294173
box 0.31 0.5 0.02 0.3879025676 1.023336932 0.35 0 0 0.5876304843 0.8091294173
box 0.31 0.5 0.02 0.3879025676 1.023336932 0.85 0 0 0.5876304843 0.8091294173
box 0.31 0.5 0.02 0.3879025676 1.023336932 0.6 0 0 0.5876304843 0.8091294173
box 0.31 0.5 0.02 0.3879025676 1.023336932 1.1 0 0 0.5876304843 0.8091294173
box 0.31 0.5 0.02 0.3879025676 1.023336932 1.35 0 0 0.5876304843 0.8091294173
box 0.31 0.5 0.02 0.3879025676 1.023336932 1.6 0 0 0.5876304843 0.8091294173
box 0.31 0.02 0.7 0.3879025676 1.023336932 0.9 0 0 0.5876304843 0.8091294173
cyl 0.03 0.07 0.3697395259 1.134405447 0.44 0 0 0.5876304843 0.8091294173
cyl 0.03 0.07 0.0442998582 0.9248069673 1.44 0 0 0.5876304843 0.8091294173
cyl 0.03 0.07 -0.04589787223 0.9541521422 0.44 0 0 0.5876304843 0.8091294173
cyl 0.03 0.07 0.46941305 1.101977392 0.69 0 0 0.5876304843 0.8091294173
cyl 0.03 0.07 0.6322109598 0.7335343704 0.69 0 0 0.5876304843 0.8091294173
cyl 0.03 0.07 0.03422512782 1.243562614 0.94 0 0 0.5876304843 0.8091294173
cyl 0.03 0.07 0.159553925 0.8873098957 0.94 0 0 0.5876304843 0.8091294173
cyl 0.03 0.07 0.7605284993 1.0072651 1.19 0 0 0.5876304843 0.8091294173
cyl 0.03 0.07 0.6725625056 0.7204062887 1.19 0 0 0.5876304843 0.8091294173
cyl 0.03 0.07 0.125275628 1.213939997 1.44 0 0 0.5876304843 0.8091294173
end
problem bookshelf_thin 6
start 1.57 -1.5707 0 -1.5707 -1.57 3.14
goal -1.301067164 -2.674136406 -1.337258802 0.8643977269 0.9855202049 -0.002740080203
box 0.02 0.02 0.82 -1.125754912 0.9637188338 0.82 0 0 0.98715355 0.1597744309
box 0.02 0.02 0.82 -1.441198705 0.01477457136 0.82 0 0 0.98715355 0.1597744309
box 0.02 0.02 0.82 -0.5563883541 0.7744525578 0.82 0 0 0.98715355 0.1597744309
box 0.02 0.02 0.82 -0.8718321474 -0.1744917046 0.82 0 0 0.98715355 0.1597744309
box 0.31 0.5 0.02 -0.9987935295 0.3946135646 0.35 0 0 0.98715355 0.1597744309
box 0.31 0.5 0.02 -0.9987935295 0.3946135646 0.85 0 0 0.98715355 0.1597744309
box 0.31 0.5 0.02 -0.9987935295 0.3946135646 0.6 0 0 0.98715355 0.1597744309
box 0.31 0.5 0.02 -0.9987935295 0.3946135646 1.1 0 0 0.98715355 0.1597744309
box 0.31 0.5 0.02 -0.9987935295 0.3946135646 1.35 0 0 0.98715355 0.1597744309
box 0.31 0.5 0.02 -0.9987935295 0.3946135646 1.6 0 0 0.98715355 0.1597744309
box 0.31 0.02 0.7 -0.9987935295 0.3946135646 0.9 0 0 0.98715355 0.1597744309
cyl 0.03 0.07 -1.210697597 0.07415980607 0.44 0 0 0.98715355 0.1597744309
cyl 0.03 0.07 -0.8370867902 0.2470458568 1.44 0 0 0.98715355 0.1597744309
cyl 0.03 0.07 -0.8450151195 0.223195197 0.44 0 0 0.98715355 0.1597744309
cyl 0.03 0.07 -1.032185088 0.6111759885 0.69 0 0 0.98715355 0.1597744309
cyl 0.03 0.07 -0.7478242884 0.5155727408 0.69 0 0 0.98715355 0.1597744309
cyl 0.03 0.07 -1.149209401 0.2591337125 0.94 0 0 0.98715355 0.1597744309
cyl 0.03 0.07 -0.909432519 0.02940941662 0.94 0 0 0.98715355 0.1597744309
cyl 0.03 0.07 -1.049351078 0.5595358277 1.19 0 0 0.98715355 0.1597744309
cyl 0.03 0.07 -0.7846357893 0.4048333214 1.19 0 0 0.98715355 0.1597744309
cyl 0.03 0.07 -1.191616652 0.1315606937 1.44 0 0 0.98715355 0.1597744309
end
problem bookshelf_thin 7
start 1.57 -1.5707 0 -1.5707 -1.57 3.14
goal 1.450465795 -1.94195379 -1.907884885 0.7006020963 1.706087301 0.006612020107
box 0.02 0.02 0.82 1.219174611 -0.5436588927 0.82 0 0 0.002378293489 0.9999971719
box 0.02 0.02 0.82 1.214418037 0.4563297947 0.82 0 0 0.002378293489 0.9999971719
box 0.02 0.02 0.82 0.6191813982 -0.5465128369 0.82 0 0 0.002378293489 0.9999971719
box 0.02 0.02 0.82 0.6144248247 0.4534758506 0.82 0 0 0.002378293489 0.9999971719
box 0.31 0.5 0.02 0.9167997177 -0.04509152108 0.35 0 0 0.002378293489 0.9999971719
box 0.31 0.5 0.02 0.9167997177 -0.04509152108 0.85 0 0 0.002378293489 0.9999971719
box 0.31 0.5 0.02 0.9167997177 -0.04509152108 0.6 0 0 0.002378293489 0.9999971719
box 0.31 0.5 0.02 0.9167997177 -0.04509152108 1.1 0 0 0.002378293489 0.9999971719
box 0.31 0.5 0.02 0.9167997177 -0.04509152108 1.35 0 0 0.002378293489 0.9999971719
box 0.31 0.5 0.02 0.9167997177 -0.04509152108 1.6 0 0 0.002378293489 0.9999971719
box 0.31 0.02 0.7 0.9167997177 -0.04509152108 0.9 0 0 0.002378293489 0.9999971719
cyl 0.03 0.07 1.014713362 0.3937670612 0.44 0 0 0.002378293489 0.9999971719
cyl 0.03 0.07 0.7154195963 0.2445798708 1.44 0 0 0.002378293489 0.9999971719
cyl 0.03 0.07 0.7161220663 0.09689750176 0.44 0 0 0.002378293489 0.9999971719
cyl 0.03 0.07 1.017635287 -0.2205180103 0.69 0 0 0.002378293489 0.9999971719
cyl 0.03 0.07 0.7179041528 -0.2777558895 0.69 0 0 0.002378293489 0.9999971719
cyl 0.03 0.07 1.015216534 0.2879836848 0.94 0 0 0.002378293489 0.9999971719
cyl 0.03 0.07 0.7147491166 0.3855368286 0.94 0 0 0.002378293489 0.9999971719
cyl 0.03 0.07 1.017920819 -0.2805462429 1.19 0 0 0.002378293489 0.9999971719
cyl 0.03 0.07 0.7173517679 -0.1616263585 1.19 0 0 0.002378293489 0.9999971719
cyl 0.03 0.07 1.01588522 0.1474038966 1.44 0 0 0.002378293489 0.9999971719
end
problem bookshelf_thin 8
start 1.57 -1.5707 0 -1.5707 -1.57 3.14
goal 1.252125247 -2.519043191 -0.892961688 0.2637659423 2.098091546 0.0051659858
box 0.02 0.02 0.82 1.445671524 -0.297193847 0.82 0 0 0.1072693011 0.9942300021
box 0.02 0.02 0.82 1.232370809 0.6797927471 0.82 0 0 0.1072693011 0.9942300021
box 0.02 0.02 0.82 0.8594795679 -0.4251742759 0.82 0 0 0.1072693011 0.9942300021
box 0.02 0.02 0.82 0.646178853 0.5518123182 0.82 0 0 0.1072693011 0.9942300021
box 0.31 0.5 0.02 1.045925189 0.1273092356 0.35 0 0 0.1072693011 0.9942300021
box 0.31 0.5 0.02 1.045925189 0.1273092356 0.85 0 0 0.1072693011 0.9942300021
box 0.31 0.5 0.02 1.045925189 0.1273092356 0.6 0 0 0.1072693011 0.9942300021
box 0.31 0.5 0.02 1.045925189 0.1273092356 1.1 0 0 0.1072693011 0.9942300021
box 0.31 0.5 0.02 1.045925189 0.1273092356 1.35 0 0 0.1072693011 0.9942300021
box 0.31 0.5 0.02 1.045925189 0.1273092356 1.6 0 0 0.1072693011 0.9942300021
box 0.31 0.02 0.7 1.045925189 0.1273092356 0.9 0 0 0.1072693011 0.9942300021
cyl 0.03 0.07 1.115860816 0.2758030177 0.44 0 0 0.1072693011 0.9942300021
cyl 0.03 0.07 0.8188886108 0.2295671816 1.44 0 0 0.1072693011 0.9942300021
cyl 0.03 0.07 0.7590670376 0.503569428 0.44 0 0 0.1072693011 0.9942300021
cyl 0.03 0.07 1.193082821 -0.07789886117 0.69 0 0 0.1072693011 0.9942300021
cyl 0.03 0.07 0.8905254259 -0.0985527127 0.69 0 0 0.1072693011 0.9942300021
cyl 0.03 0.07 1.114275288 0.2830652519 0.94 0 0 0.1072693011 0.9942300021
cyl 0.03 0.07 0.7601635679 0.4985469631 0.94 0 0 0.1072693011 0.9942300021
cyl 0.03 0.07 1.200587247 -0.112271574 1.19 0 0 0.1072693011 0.9942300021
cyl 0.03 0.07 0.9277276837 -0.2689511438 1.19 0 0 0.1072693011 0.9942300021
cyl 0.03 0.07 1.067547316 0.4970945481 1.44 0 0 0.1072693011 0.9942300021
end
problem bookshelf_thin 9
start 1.57 -1.5707 0 -1.5707 -1.57 3.14
goal -1.497717271 -2.109117859 -0.9783708123 -0.04294680038 1.088442411 -0.007726208885
box 0.02 0.02 0.82 -1.074746416 0.9741259201 0.82 0 0 0.9797858766 0.200049084
box 0.02 0.02 0.82 -1.46675695 0.05416519217 0.82 0 0 0.9797858766 0.200049084
box 0.02 0.02 0.82 -0.5227699789 0.7389195996 0.82 0 0 0.9797858766 0.200049084
box 0.02 0.02 0.82 -0.9147805132 -0.1810411284 0.82 0 0 0.9797858766 0.200049084
box 0.31 0.5 0.02 -0.9947634644 0.3965423959 0.35 0 0 0.9797858766 0.200049084
box 0.31 0.5 0.02 -0.9947634644 0.3965423959 0.85 0 0 0.9797858766 0.200049084
box 0.31 0.5 0.02 -0.9947634644 0.3965423959 0.6 0 0 0.9797858766 0.200049084
box 0.31 0.5 0.02 -0.9947634644 0.3965423959 1.1 0 0 0.9797858766 0.200049084
box 0.31 0.5 0.02 -0.9947634644 0.3965423959 1.35 0 0 0.9797858766 0.200049084
box 0.31 0.5 0.02 -0.9947634644 0.3965423959 1.6 0 0 0.9797858766 0.200049084
box 0.31 0.02 0.7 -0.9947634644 0.3965423959 0.9 0 0 0.9797858766 0.200049084
cyl 0.03 0.07 -1.188520933 0.1969322972 0.44 0 0 0.9797858766 0.200049084
cyl 0.03 0.07 -0.8714400522 0.1757643903 1.44 0 0 0.9797858766 0.200049084
cyl 0.03 0.07 -0.8596916612 0.2033352269 0.44 0 0 0.9797858766 0.200049084
cyl 0.03 0.07 -0.9921569209 0.657754554 0.69 0 0 0.9797858766 0.200049084
cyl 0.03 0.07 -0.6955028892 0.5886494187 0.69 0 0 0.9797858766 0.200049084
cyl 0.03 0.07 -1.153498992 0.2791209301 0.94 0 0 0.9797858766 0.200049084
cyl 0.03 0.07 -0.84159843 0.245795979 0.94 0 0 0.9797858766 0.200049084
cyl 0.03 0.07 -1.020671044 0.5908383076 1.19 0 0 0.9797858766 0.200049084
cyl 0.03 0.07 -0.7385685381 0.4875840078 1.19 0 0 0.9797858766 0.200049084
cyl 0.03 0.07 -1.147599284 0.292966221 1.44 0 0 0.9797858766 0.200049084
end
problem bookshelf_thin 10
start 1.57 -1.5707 0 -1.5707 -1.57 3.14
goal 0.5713900147 -0.8807735324 1.38135237 2.647172632 -1.167425947 0.006641742613
box 0.02 0.02 0.82 -0.8833267995 1.177361877 0.82 0 0 0.9563814647 0.2921206841
box 0.02 0.02 0.82 -1.442084415 0.3480308651 0.82 0 0 0.9563814647 0.2921206841
box 0.02 0.02 0.82 -0.3857281924 0.8421073078 0.82 0 0 0.9563814647 0.2921206841
box 0.02 0.02 0.82 -0.9444858078 0.01277629589 0.82 0 0 0.9563814647 0.2921206841
box 0.31 0.5 0.02 -0.9139063036 0.5950690864 0.35 0 0 0.9563814647 0.2921206841
box 0.31 0.5 0.02 -0.9139063036 0.5950690864 0.85 0 0 0.9563814647 0.2921206841
box 0.31 0.5 0.02 -0.9139063036 0.5950690864 0.6 0 0 0.9563814647 0.2921206841
box 0.31 0.5 0.02 -0.9139063036 0.5950690864 1.1 0 0 0.9563814647 0.2921206841
box 0.31 0.5 0.02 -0.9139063036 0.5950690864 1.35 0 0 0.9563814647 0.2921206841
box 0.31 0.5 0.02 -0.9139063036 0.5950690864 1.6 0 0 0.9563814647 0.2921206841
box 0.31 0.02 0.7 -0.9139063036 0.5950690864 0.9 0 0 0.9563814647 0.2921206841
cyl 0.03 0.07 -1.180181044 0.3788216542 0.44 0 0 0.9563814647 0.2921206841
cyl 0.03 0.07 -0.9689036679 0.1555027826 1.44 0 0 0.9563814647 0.2921206841
cyl 0.03 0.07 -0.8515325931 0.3297097545 0.44 0 0 0.9563814647 0.2921206841
cyl 0.03 0.07 -0.8111487121 0.926554604 0.69 0 0 0.9563814647 0.2921206841
cyl 0.03 0.07 -0.5175460912 0.8254262439 0.69 0 0 0.9563814647 0.2921206841
cyl 0.03 0.07 -1.084871104 0.5202845824 0.94 0 0 0.9563814647 0.2921206841
cyl 0.03 0.07 -0.8751135362 0.2947099498 0.94 0 0 0.9563814647 0.2921206841
cyl 0.03 0.07 -0.8496152614 0.8694609709 1.19 0 0 0.9563814647 0.2921206841
cyl 0.03 0.07 -0.6611796297 0.6122394443 1.19 0 0 0.9563814647 0.2921206841
cyl 0.03 0.07 -1.056697689 0.5621007236 1.44 0 0 0.9563814647 0.2921206841
end
problem bookshelf_thin 11
start 1.57 -1.5707 0 -1.5707 -1.57 3.14
goal 0.007288536096 -0.9184389468 1.438421714 2.60993399 -0.8663943595 0.01735042794
box 0.02 0.02 0.82 -0.4243040458 1.367346393 0.82 0 0 0.9097020895 0.4152614939
box 0.02 0.02 0.82 -1.179832543 0.7122306095 0.82 0 0 0.9097020895 0.4152614939
box 0.02 0.02 0.82 -0.03123457577 0.9140292944 0.82 0 0 0.9097020895 0.4152614939
box 0.02 0.02 0.82 -0.7867630732 0.2589135111 0.82 0 0 0.9097020895 0.4152614939
box 0.31 0.5 0.02 -0.6055335595 0.813129952 0.35 0 0 0.9097020895 0.4152614939
box 0.31 0.5 0.02 -0.6055335595 0.813129952 0.85 0 0 0.9097020895 0.4152614939
box 0.31 0.5 0.02 -0.6055335595 0.813129952 0.6 0 0 0.9097020895 0.4152614939
box 0.31 0.5 0.02 -0.6055335595 0.813129952 1.1 0 0 0.9097020895 0.4152614939
box 0.31 0.5 0.02 -0.6055335595 0.813129952 1.35 0 0 0.9097020895 0.4152614939
box 0.31 0.5 0.02 -0.6055335595 0.813129952 1.6 0 0 0.9097020895 0.4152614939
box 0.31 0.02 0.7 -0.6055335595 0.813129952 0.9 0 0 0.9097020895 0.4152614939
cyl 0.03 0.07 -0.7545597871 0.8162675784 0.44 0 0 0.9097020895 0.4152614939
cyl 0.03 0.07 -0.5687174202 0.5803377189 1.44 0 0 0.9097020895 0.4152614939
cyl 0.03 0.07 -0.7318068554 0.4389235122 0.44 0 0 0.9097020895 0.4152614939
cyl 0.03 0.07 -0.4878954046 1.047491214 0.69 0 0 0.9097020895 0.4152614939
cyl 0.03 0.07 -0.3273396501 0.7896354323 0.69 0 0 0.9097020895 0.4152614939
cyl 0.03 0.07 -0.9998642856 0.6035650142 0.94 0 0 0.9097020895 0.4152614939
cyl 0.03 0.07 -0.6268403295 0.5299395733 0.94 0 0 0.9097020895 0.4152614939
cyl 0.03 0.07 -0.4350322944 1.093328608 1.19 0 0 0.9097020895 0.4152614939
cyl 0.03 0.07 -0.2993055743 0.813943669 1.19 0 0 0.9097020895 0.4152614939
cyl 0.03 0.07 -1.004375773 0.5996531214 1.44 0 0 0.9097020895 0.4152614939
end
problem bookshelf_thin 12
start 1.57 -1.5707 0 -1.5707 -1.57 3.14
goal -1.129188536 -0.4026549683 1.42012135 -1.00839734 0.8217958795 3.126739961
box 0.02 0.02 0.82 1.008121397 0.9908506263 0.82 0 0 0.5637898764 0.8259182619
box 0.02 0.02 0.82 0.07683268787 1.355132577 0.82 0 0 0.5637898764 0.8259182619
box 0.02 0.02 0.82 0.789552227 0.4320774006 0.82 0 0 0.5637898764 0.8259182619
box 0.02 0.02 0.82 -0.1417364825 0.7963593512 0.82 0 0 0.5637898764 0.8259182619
box 0.31 0.5 0.02 0.4331924574 0.8936049888 0.35 0 0 0.5637898764 0.8259182619
box 0.31 0.5 0.02 0.4331924574 0.8936049888 0.85 0 0 0.5637898764 0.8259182619
box 0.31 0.5 0.02 0.4331924574 0.8936049888 0.6 0 0 0.5637898764 0.8259182619
box 0.31 0.5 0.02 0.4331924574 0.8936049888 1.1 0 0 0.5637898764 0.8259182619
box 0.31 0.5 0.02 0.4331924574 0.8936049888 1.35 0 0 0.5637898764 0.8259182619
box 0.31 0.5 0.02 0.4331924574 0.8936049888 1.6 0 0 0.5637898764 0.8259182619
box 0.31 0.02 0.7 0.4331924574 0.8936049888 0.9 0 0 0.5637898764 0.8259182619
cyl 0.03 0.07 0.3180277667 1.04603078 0.44 0 0 0.5637898764 0.8259182619
cyl 0.03 0.07 0.2540467336 0.7489232753 1.44 0 0 0.5637898764 0.8259182619
cyl 0.03 0.07 0.1754505605 0.7796668749 0.44 0 0 0.5637898764 0.8259182619
cyl 0.03 0.07 0.7894718025 0.8616212071 0.69 0 0 0.5637898764 0.8259182619
cyl 0.03 0.07 0.600781858 0.6132947144 0.69 0 0 0.5637898764 0.8259182619
cyl 0.03 0.07 0.2804288348 1.06073794 0.94 0 0 0.5637898764 0.8259182619
cyl 0.03 0.07 0.004223887367 0.8466437274 0.94 0 0 0.5637898764 0.8259182619
cyl 0.03 0.07 0.8723517406 0.8292019742 1.19 0 0 0.5637898764 0.8259182619
cyl 0.03 0.07 0.7528021718 0.553830602 1.19 0 0 0.5637898764 0.8259182619
cyl 0.03 0.07 0.07832839438 1.139791344 1.44 0 0 0.5637898764 0.8259182619
end
problem bookshelf_thin 13
start 1.57 -1.5707 0 -1.5707 -1.57 3.14
goal 0.9207515622 -0.1978387522 -0.6985644475 -2.254111356 -2.120016462 -0.004740467999
box 0.02 0.02 0.82 -0.04892013443 1.355872255 0.82 0 0 0.8232779623 0.5676384384
box 0.02 0.02 0.82 -0.9835685683 1.000299049 0.82 0 0 0.8232779623 0.5676384384
box 0.02 0.02 0.82 0.1644237894 0.7950831951 0.82 0 0 0.8232779623 0.5676384384
box 0.02 0.02 0.82 -0.7702246444 0.4395099887 0.82 0 0 0.8232779623 0.5676384384
box 0.31 0.5 0.02 -0.4095723894 0.897691122 0.35 0 0 0.8232779623 0.5676384384
box 0.31 0.5 0.02 -0.4095723894 0.897691122 0.85 0 0 0.8232779623 0.5676384384
box 0.31 0.5 0.02 -0.4095723894 0.897691122 0.6 0 0 0.8232779623 0.5676384384
box 0.31 0.5 0.02 -0.4095723894 0.897691122 1.1 0 0 0.8232779623 0.5676384384
box 0.31 0.5 0.02 -0.4095723894 0.897691122 1.35 0 0 0.8232779623 0.5676384384
box 0.31 0.5 0.02 -0.4095723894 0.897691122 1.6 0 0 0.8232779623 0.5676384384
box 0.31 0.02 0.7 -0.4095723894 0.897691122 0.9 0 0 0.8232779623 0.5676384384
cyl 0.03 0.07 -0.6797823922 0.9018858147 0.44 0 0 0.8232779623 0.5676384384
cyl 0.03 0.07 -0.6976819915 0.574099872 1.44 0 0 0.8232779623 0.5676384384
cyl 0.03 0.07 -0.5409040522 0.6337437259 0.44 0 0 0.8232779623 0.5676384384
cyl 0.03 0.07 -0.3215732381 1.038161202 0.69 0 0 0.8232779623 0.5676384384
cyl 0.03 0.07 0.01458031287 0.8450695567 0.69 0 0 0.8232779623 0.5676384384
cyl 0.03 0.07 -0.6087004895 0.9289278758 0.94 0 0 0.8232779623 0.5676384384
cyl 0.03 0.07 -0.627023486 0.6009808579 0.94 0 0 0.8232779623 0.5676384384
cyl 0.03 0.07 -0.08533205369 1.128035675 1.19 0 0 0.8232779623 0.5676384384
cyl 0.03 0.07 -0.05375609303 0.8190719793 1.19 0 0 0.8232779623 0.5676384384
cyl 0.03 0.07 -0.8563621373 0.834708656 1.44 0 0 0.8232779623 0.5676384384
end
problem bookshelf_thin 14
start 1.57 -1.5707 0 -1.5707 -1.57 3.14
goal 1.643219834 -0.08548270987 -1.06506931 -1.984028298 -1.721204898 0.007120484814
box 0.02 0.02 0.82 -1.299145878 0.5819261391 0.82 0 0 0.9990297507 0.04404040491
box 0.02 0.02 0.82 -1.387141227 -0.4141947464 0.82 0 0 0.9990297507 0.04404040491
box 0.02 0.02 0.82 -0.7014733464 0.5291289294 0.82 0 0 0.9990297507 0.04404040491
box 0.02 0.02 0.82 -0.7894686958 -0.4669919561 0.82 0 0 0.9990297507 0.04404040491
box 0.31 0.5 0.02 -1.044307287 0.05746709152 0.35 0 0 0.9990297507 0.04404040491
box 0.31 0.5 0.02 -1.044307287 0.05746709152 0.85 0 0 0.9990297507 0.04404040491
box 0.31 0.5 0.02 -1.044307287 0.05746709152 0.6 0 0 0.9990297507 0.04404040491
box 0.31 0.5 0.02 -1.044307287 0.05746709152 1.1 0 0 0.9990297507 0.04404040491
box 0.31 0.5 0.02 -1.044307287 0.05746709152 1.35 0 0 0.9990297507 0.04404040491
box 0.31 0.5 0.02 -1.044307287 0.05746709152 1.6 0 0 0.9990297507 0.04404040491
box 0.31 0.02 0.7 -1.044307287 0.05746709152 0.9 0 0 0.9990297507 0.04404040491
cyl 0.03 0.07 -1.17463601 -0.2814503973 0.44 0 0 0.9990297507 0.04404040491
cyl 0.03 0.07 -0.8594645929 -0.1229325795 1.44 0 0 0.9990297507 0.04404040491
cyl 0.03 0.07 -0.8695484124 -0.237082967 0.44 0 0 0.9990297507 0.04404040491
cyl 0.03 0.07 -1.12723895 0.2550916039 0.69 0 0 0.9990297507 0.04404040491
cyl 0.03 0.07 -0.8298204026 0.2126442117 0.69 0 0 0.9990297507 0.04404040491
cyl 0.03 0.07 -1.153840996 -0.04604764133 0.94 0 0 0.9990297507 0.04404040491
cyl 0.03 0.07 -0.8548890626 -0.07113687319 0.94 0 0 0.9990297507 0.04404040491
cyl 0.03 0.07 -1.13279433 0.1922038537 1.19 0 0 0.9990297507 0.04404040491
cyl 0.03 0.07 -0.8272436359 0.2418136076 1.19 0 0 0.9990297507 0.04404040491
cyl 0.03 0.07 -1.18207518 -0.3656629543 1.44 0 0 0.9990297507 0.04404040491
end
problem bookshelf_thin 15
start 1.57 -1.5707 0 -1.5707 -1.57 3.14
goal -2.508325038 -2.258997133 -1.377272565 0.4850791081 1.932347873 0.004172479158
box 0.02 0.02 0.82 -0.7853415866 1.214308188 0.82 0 0 0.9579465584 0.2869466697
box 0.02 0.02 0.82 -1.335100736 0.3789849702 0.82 0 0 0.9579465584 0.2869466697
box 0.02 0.02 0.82 -0.2841476561 0.8844526982 0.82 0 0 0.9579465584 0.2869466697
box 0.02 0.02 0.82 -0.8339068054 0.04912948065 0.82 0 0 0.9579465584 0.2869466697
box 0.31 0.5 0.02 -0.809624196 0.6317188342 0.35 0 0 0.9579465584 0.2869466697
box 0.31 0.5 0.02 -0.809624196 0.6317188342 0.85 0 0 0.9579465584 0.2869466697
box 0.31 0.5 0.02 -0.809624196 0.6317188342 0.6 0 0 0.9579465584 0.2869466697
box 0.31 0.5 0.02 -0.809624196 0.6317188342 1.1 0 0 0.9579465584 0.2869466697
box 0.31 0.5 0.02 -0.809624196 0.6317188342 1.35 0 0 0.9579465584 0.2869466697
box 0.31 0.5 0.02 -0.809624196 0.6317188342 1.6 0 0 0.9579465584 0.2869466697
box 0.31 0.02 0.7 -0.809624196 0.6317188342 0.9 0 0 0.9579465584 0.2869466697
cyl 0.03 0.07 -1.027965275 0.4818616231 0.44 0 0 0.9579465584 0.2869466697
cyl 0.03 0.07 -0.7807771027 0.31175444 1.44 0 0 0.9579465584 0.2869466697
cyl 0.03 0.07 -0.6900241682 0.4496476125 0.44 0 0 0.9579465584 0.2869466697
cyl 0.03 0.07 -0.8601110089 0.7369052474 0.69 0 0 0.9579465584 0.2869466697
cyl 0.03 0.07 -0.4231541887 0.8551391633 0.69 0 0 0.9579465584 0.2869466697
cyl 0.03 0.07 -0.967482119 0.5737618394 0.94 0 0 0.9579465584 0.2869466697
cyl 0.03 0.07 -0.6998734406 0.4346822846 0.94 0 0 0.9579465584 0.2869466697
cyl 0.03 0.07 -0.8595937913 0.7376911258 1.19 0 0 0.9579465584 0.2869466697
cyl 0.03 0.07 -0.5156813072 0.7145502337 1.19 0 0 0.9579465584 0.2869466697
cyl 0.03 0.07 -1.030010718 0.4787537057 1.44 0 0 0.9579465584 0.2869466697
end
problem bookshelf_thin 16
start 1.57 -1.5707 0 -1.5707 -1.57 3.14
goal -0.5238865116 -0.3736497988 1.328979235 -0.9639349585 0.7066269944 3.141025878
box 0.02 0.02 0.82 0.1122636052 1.38584137 0.82 0 0 0.8141044489 0.5807184743
box 0.02 0.02 0.82 -0.8332673817 1.060309262 0.82 0 0 0.8141044489 0.5807184743
box 0.02 0.02 0.82 0.3075828696 0.8185227775 0.82 0 0 0.8141044489 0.5807184743
box 0.02 0.02 0.82 -0.6379481173 0.4929906701 0.82 0 0 0.8141044489 0.5807184743
box 0.31 0.5 0.02 -0.2628422561 0.9394160199 0.35 0 0 0.8141044489 0.5807184743
box 0.31 0.5 0.02 -0.2628422561 0.9394160199 0.85 0 0 0.8141044489 0.5807184743
box 0.31 0.5 0.02 -0.2628422561 0.9394160199 0.6 0 0 0.8141044489 0.5807184743
box 0.31 0.5 0.02 -0.2628422561 0.9394160199 1.1 0 0 0.8141044489 0.5807184743
box 0.31 0.5 0.02 -0.2628422561 0.9394160199 1.35 0 0 0.8141044489 0.5807184743
box 0.31 0.5 0.02 -0.2628422561 0.9394160199 1.6 0 0 0.8141044489 0.5807184743
box 0.31 0.02 0.7 -0.2628422561 0.9394160199 0.9 0 0 0.8141044489 0.5807184743
cyl 0.03 0.07 -0.4644789403 0.97575622 0.44 0 0 0.8141044489 0.5807184743
cyl 0.03 0.07 -0.3634813852 0.6932461206 1.44 0 0 0.8141044489 0.5807184743
cyl 0.03 0.07 -0.6210245793 0.6045778698 0.44 0 0 0.8141044489 0.5807184743
cyl 0.03 0.07 0.06728390774 1.158834176 0.69 0 0 0.8141044489 0.5807184743
cyl 0.03 0.07 0.129123304 0.8628425112 0.69 0 0 0.8141044489 0.5807184743
cyl 0.03 0.07 -0.5028606592 0.962541971 0.94 0 0 0.8141044489 0.5807184743
cyl 0.03 0.07 -0.3188604457 0.7086084394 0.94 0 0 0.8141044489 0.5807184743
cyl 0.03 0.07 0.1253826539 1.178836701 1.19 0 0 0.8141044489 0.5807184743
cyl 0.03 0.07 0.2017706629 0.8878539049 1.19 0 0 0.8141044489 0.5807184743
cyl 0.03 0.07 -0.3873825951 1.002299333 1.44 0 0 0.8141044489 0.5807184743
end
problem bookshelf_thin 17
start 1.57 -1.5707 0 -1.5707 -1.57 3.14
goal 0.7834145962 -1.231056718 1.41154106 -0.1769231801 1.313049138 3.134156599
box 0.02 0.02 0.82 -0.9391438048 1.010770798 0.82 0 0 0.9660064908 0.2585178133
box 0.02 0.02 0.82 -1.438603576 0.1444337176 0.82 0 0 0.9660064908 0.2585178133
box 0.02 0.02 0.82 -0.4193415566 0.7110949352 0.82 0 0 0.9660064908 0.2585178133
box 0.02 0.02 0.82 -0.9188013279 -0.1552421452 0.82 0 0 0.9660064908 0.2585178133
box 0.31 0.5 0.02 -0.9289725663 0.4277643264 0.35 0 0 0.9660064908 0.2585178133
box 0.31 0.5 0.02 -0.9289725663 0.4277643264 0.85 0 0 0.9660064908 0.2585178133
box 0.31 0.5 0.02 -0.9289725663 0.4277643264 0.6 0 0 0.9660064908 0.2585178133
box 0.31 0.5 0.02 -0.9289725663 0.4277643264 1.1 0 0 0.9660064908 0.2585178133
box 0.31 0.5 0.02 -0.9289725663 0.4277643264 1.35 0 0 0.9660064908 0.2585178133
box 0.31 0.5 0.02 -0.9289725663 0.4277643264 1.6 0 0 0.9660064908 0.2585178133
box 0.31 0.02 0.7 -0.9289725663 0.4277643264 0.9 0 0 0.9660064908 0.2585178133
cyl 0.03 0.07 -1.197566636 0.1620912733 0.44 0 0 0.9660064908 0.2585178133
cyl 0.03 0.07 -0.904068248 0.07052941818 1.44 0 0 0.9660064908 0.2585178133
cyl 0.03 0.07 -0.9564737887 -0.02037052154 0.44 0 0 0.9660064908 0.2585178133
cyl 0.03 0.07 -0.8900292876 0.6955296482 0.69 0 0 0.9660064908 0.2585178133
cyl 0.03 0.07 -0.6301139743 0.5457163286 0.69 0 0 0.9660064908 0.2585178133
cyl 0.03 0.07 -1.20895303 0.1423410239 0.94 0 0 0.9660064908 0.2585178133
cyl 0.03 0.07 -0.9016262602 0.07476516394 0.94 0 0 0.9660064908 0.2585178133
cyl 0.03 0.07 -0.9887444881 0.5243033684 1.19 0 0 0.9660064908 0.2585178133
cyl 0.03 0.07 -0.6900160332 0.4418133163 1.19 0 0 0.9660064908 0.2585178133
cyl 0.03 0.07 -1.202330926 0.1538273825 1.44 0 0 0.9660064908 0.2585178133
end
problem bookshelf_thin 18
start 1.57 -1.5707 0 -1.5707 -1.57 3.14
goal -0.1550681197 -1.103388599 1.978731469 -0.8721908321 1.679647468 -3.135441219
box 0.02 0.02 0.82 0.7855158301 1.047393435 0.82 0 0 0.6103053288 0.792166274
box 0.02 0.02 0.82 -0.1814107664 1.302448246 0.82 0 0 0.6103053288 0.792166274
box 0.02 0.02 0.82 0.6324829433 0.4672374769 0.82 0 0 0.6103053288 0.792166274
box 0.02 0.02 0.82 -0.3344436533 0.7222922883 0.82 0 0 0.6103053288 0.792166274
box 0.31 0.5 0.02 0.2255360884 0.8848428616 0.35 0 0 0.6103053288 0.792166274
box 0.31 0.5 0.02 0.2255360884 0.8848428616 0.85 0 0 0.6103053288 0.792166274
box 0.31 0.5 0.02 0.2255360884 0.8848428616 0.6 0 0 0.6103053288 0.792166274
box 0.31 0.5 0.02 0.2255360884 0.8848428616 1.1 0 0 0.6103053288 0.792166274
box 0.31 0.5 0.02 0.2255360884 0.8848428616 1.35 0 0 0.6103053288 0.792166274
box 0.31 0.5 0.02 0.2255360884 0.8848428616 1.6 0 0 0.6103053288 0.792166274
box 0.31 0.02 0.7 0.2255360884 0.8848428616 0.9 0 0 0.6103053288 0.792166274
cyl 0.03 0.07 -0.05533684061 1.062351674 0.44 0 0 0.6103053288 0.792166274
cyl 0.03 0.07 0.0264146769 0.7305259502 1.44 0 0 0.6103053288 0.792166274
cyl 0.03 0.07 -0.1565358192 0.7787844265 0.44 0 0 0.6103053288 0.792166274
cyl 0.03 0.07 0.534519918 0.9067599209 0.69 0 0 0.6103053288 0.792166274
cyl 0.03 0.07 0.6087886096 0.5769080084 0.69 0 0 0.6103053288 0.792166274
cyl 0.03 0.07 -0.08740735642 1.070811199 0.94 0 0 0.6103053288 0.792166274
cyl 0.03 0.07 0.0348820777 0.7282924287 0.94 0 0 0.6103053288 0.792166274
cyl 0.03 0.07 0.302286581 0.9680181697 1.19 0 0 0.6103053288 0.792166274
cyl 0.03 0.07 0.567342546 0.5878406045 1.19 0 0 0.6103053288 0.792166274
cyl 0.03 0.07 -0.1283876842 1.081620944 1.44 0 0 0.6103053288 0.792166274
end
problem bookshelf_thin 19
start 1.57 -1.5707 0 -1.5707 -1.57 3.14
goal -2.13559017 -1.098267724 1.216690621 -0.1128995184 0.7592124394 3.134270773
box 0.02 0.02 0.82 1.3563183 -0.2347183533 0.82 0 0 0.1212572282 0.9926211184
box 0.02 0.02 0.82 1.115593329 0.7358750159 0.82 0 0 0.1212572282 0.9926211184
box 0.02 0.02 0.82 0.7739622784 -0.3791533359 0.82 0 0 0.1212572282 0.9926211184
box 0.02 0.02 0.82 0.5332373075 0.5914400333 0.82 0 0 0.1212572282 0.9926211184
box 0.31 0.5 0.02 0.9447778037 0.17836084 0.35 0 0 0.1212572282 0.9926211184
box 0.31 0.5 0.02 0.9447778037 0.17836084 0.85 0 0 0.1212572282 0.9926211184
box 0.31 0.5 0.02 0.9447778037 0.17836084 0.6 0 0 0.1212572282 0.9926211184
box 0.31 0.5 0.02 0.9447778037 0.17836084 1.1 0 0 0.1212572282 0.9926211184
box 0.31 0.5 0.02 0.9447778037 0.17836084 1.35 0 0 0.1212572282 0.9926211184
box 0.31 0.5 0.02 0.9447778037 0.17836084 1.6 0 0 0.1212572282 0.9926211184
box 0.31 0.02 0.7 0.9447778037 0.17836084 0.9 0 0 0.1212572282 0.9926211184
cyl 0.03 0.07 1.017067785 0.3023023775 0.44 0 0 0.1212572282 0.9926211184
cyl 0.03 0.07 0.7222230602 0.2448689313 1.44 0 0 0.1212572282 0.9926211184
cyl 0.03 0.07 0.6892202372 0.3779349819 0.44 0 0 0.1212572282 0.9926211184
cyl 0.03 0.07 1.077877382 0.05712053857 0.69 0 0 0.1212572282 0.9926211184
cyl 0.03 0.07 0.8222302245 -0.1583559195 0.69 0 0 0.1212572282 0.9926211184
cyl 0.03 0.07 0.9790451299 0.4556081908 0.94 0 0 0.1212572282 0.9926211184
cyl 0.03 0.07 0.6518385219 0.5286565494 0.94 0 0 0.1212572282 0.9926211184
cyl 0.03 0.07 1.125575493 -0.1351963192 1.19 0 0 0.1212572282 0.9926211184
cyl 0.03 0.07 0.8205963262 -0.1517681078 1.19 0 0 0.1212572282 0.9926211184
cyl 0.03 0.07 1.017718399 0.2996791296 1.44 0 0 0.1212572282 0.9926211184
end
problem bookshelf_thin 20
start 1.57 -1.5707 0 -1.5707 -1.57 3.14
goal 3.104271347 -2.09766973 -1.133542121 -3.058034169 -1.922267645 3.134245111
box 0.02 0.02 0.82 0.008622667681 1.386398674 0.82 0 0 0.8071609977 0.5903313678
box 0.02 0.02 0.82 -0.9443622439 1.083380921 0.82 0 0 0.8071609977 0.5903313678
box 0.02 0.02 0.82 0.1904333191 0.8146077269 0.82 0 0 0.8071609977 0.5903313678
box 0.02 0.02 0.82 -0.7625515925 0.5115899745 0.82 0 0 0.8071609977 0.5903313678
box 0.31 0.5 0.02 -0.3769644624 0.9489943242 0.35 0 0 0.8071609977 0.5903313678
box 0.31 0.5 0.02 -0.3769644624 0.9489943242 0.85 0 0 0.8071609977 0.5903313678
box 0.31 0.5 0.02 -0.3769644624 0.9489943242 0.6 0 0 0.8071609977 0.5903313678
box 0.31 0.5 0.02 -0.3769644624 0.9489943242 1.1 0 0 0.8071609977 0.5903313678
box 0.31 0.5 0.02 -0.3769644624 0.9489943242 1.35 0 0 0.8071609977 0.5903313678
box 0.31 0.5 0.02 -0.3769644624 0.9489943242 1.6 0 0 0.8071609977 0.5903313678
box 0.31 0.02 0.7 -0.3769644624 0.9489943242 0.9 0 0 0.8071609977 0.5903313678
cyl 0.03 0.07 -0.8332414542 0.9088467541 0.44 0 0 0.8071609977 0.5903313678
cyl 0.03 0.07 -0.5170675804 0.6945792448 1.44 0 0 0.8071609977 0.5903313678
cyl 0.03 0.07 -0.4592994221 0.7129476127 0.44 0 0 0.8071609977 0.5903313678
cyl 0.03 0.07 -0.06789960715 1.152200204 0.69 0 0 0.8071609977 0.5903313678
cyl 0.03 0.07 -0.06584764661 0.838052293 0.69 0 0 0.8071609977 0.5903313678
cyl 0.03 0.07 -0.5177369164 1.009166785 0.94 0 0 0.8071609977 0.5903313678
cyl 0.03 0.07 -0.4845037799 0.7049334587 0.94 0 0 0.8071609977 0.5903313678
cyl 0.03 0.07 0.00197481683 1.174417965 1.19 0 0 0.8071609977 0.5903313678
cyl 0.03 0.07 0.04341681371 0.8727947855 1.19 0 0 0.8071609977 0.5903313678
cyl 0.03 0.07 -0.5955283329 0.9844316819 1.44 0 0 0.8071609977 0.5903313678
end
problem bookshelf_thin 21
start 1.57 -1.5707 0 -1.5707 -1.57 3.14
goal -0.4642136881 0.06493310336 1.363739741 -1.437642332 1.808597628 3.137593033
box 0.02 0.02 0.82 1.176601992 0.6064982507 0.82 0 0 0.4203761297 0.9073499378
box 0.02 0.02 0.82 0.4137454817 1.25306607 0.82 0 0 0.4203761297 0.9073499378
box 0.02 0.02 0.82 0.7886613003 0.1487843445 0.82 0 0 0.4203761297 0.9073499378
box 0.02 0.02 0.82 0.02580479014 0.7953521638 0.82 0 0 0.4203761297 0.9073499378
box 0.31 0.5 0.02 0.601203391 0.7009252072 0.35 0 0 0.4203761297 0.9073499378
box 0.31 0.5 0.02 0.601203391 0.7009252072 0.85 0 0 0.4203761297 0.9073499378
box 0.31 0.5 0.02 0.601203391 0.7009252072 0.6 0 0 0.4203761297 0.9073499378
box 0.31 0.5 0.02 0.601203391 0.7009252072 1.1 0 0 0.4203761297 0.9073499378
box 0.31 0.5 0.02 0.601203391 0.7009252072 1.35 0 0 0.4203761297 0.9073499378
box 0.31 0.5 0.02 0.601203391 0.7009252072 1.6 0 0 0.4203761297 0.9073499378
box 0.31 0.02 0.7 0.601203391 0.7009252072 0.9 0 0 0.4203761297 0.9073499378
cyl 0.03 0.07 0.3517301912 1.043455341 0.44 0 0 0.4203761297 0.9073499378
cyl 0.03 0.07 0.4317982609 0.5823339738 1.44 0 0 0.4203761297 0.9073499378
cyl 0.03 0.07 0.3038132248 0.6908091648 0.44 0 0 0.4203761297 0.9073499378
cyl 0.03 0.07 0.8472747144 0.6234508747 0.69 0 0 0.4203761297 0.9073499378
cyl 0.03 0.07 0.7218493689 0.3364978173 0.69 0 0 0.4203761297 0.9073499378
cyl 0.03 0.07 0.4295615565 0.9774884715 0.94 0 0 0.4203761297 0.9073499378
cyl 0.03 0.07 0.3309978296 0.6677685401 0.94 0 0 0.4203761297 0.9073499378
cyl 0.03 0.07 0.9120608059 0.5685406769 1.19 0 0 0.4203761297 0.9073499378
cyl 0.03 0.07 0.5311800102 0.4981018278 1.19 0 0 0.4203761297 0.9073499378
cyl 0.03 0.07 0.4481218046 0.9617575194 1.44 0 0 0.4203761297 0.9073499378
end
problem bookshelf_thin 22
start 1.57 -1.5707 0 -1.5707 -1.57 3.14
goal -2.299720487 -0.3938261672 1.406420924 -1.006786003 0.7702713217 3.136250261
box 0.02 0.02 0.82 1.316558474 -0.5080784774 0.82 0 0 0.03245682451 0.9994731385
box 0.02 0.02 0.82 1.251679026 0.4898146317 0.82 0 0 0.03245682451 0.9994731385
box 0.02 0.02 0.82 0.717822609 -0.5470061465 0.82 0 0 0.03245682451 0.9994731385
box 0.02 0.02 0.82 0.6529431604 0.4508869626 0.82 0 0 0.03245682451 0.9994731385
box 0.31 0.5 0.02 0.9847508174 -0.02859575739 0.35 0 0 0.03245682451 0.9994731385
box 0.31 0.5 0.02 0.9847508174 -0.02859575739 0.85 0 0 0.03245682451 0.9994731385
box 0.31 0.5 0.02 0.9847508174 -0.02859575739 0.6 0 0 0.03245682451 0.9994731385
box 0.31 0.5 0.02 0.9847508174 -0.02859575739 1.1 0 0 0.03245682451 0.9994731385
box 0.31 0.5 0.02 0.9847508174 -0.02859575739 1.35 0 0 0.03245682451 0.9994731385
box 0.31 0.5 0.02 0.9847508174 -0.02859575739 1.6 0 0 0.03245682451 0.9994731385
box 0.31 0.02 0.7 0.9847508174 -0.02859575739 0.9 0 0 0.03245682451 0.9994731385
cyl 0.03 0.07 1.061010211 0.339799437 0.44 0 0 0.03245682451 0.9994731385
cyl 0.03 0.07 0.7578027527 0.3793902917 1.44 0 0 0.03245682451 0.9994731385
cyl 0.03 0.07 0.7625828211 0.3058693641 0.44 0 0 0.03245682451 0.9994731385
cyl 0.03 0.07 1.091234358 -0.1250699375 0.69 0 0 0.03245682451 0.9994731385
cyl 0.03 0.07 0.8021843494 -0.3032309468 0.69 0 0 0.03245682451 0.9994731385
cyl 0.03 0.07 1.057079318 0.4002594271 0.94 0 0 0.03245682451 0.9994731385
cyl 0.03 0.07 0.7745740929 0.1214348816 0.94 0 0 0.03245682451 0.9994731385
cyl 0.03 0.07 1.092126332 -0.1387891476 1.19 0 0 0.03245682451 0.9994731385
cyl 0.03 0.07 0.7961202669 -0.209960947 1.19 0 0 0.03245682451 0.9994731385
cyl 0.03 0.07 1.064398411 0.287686446 1.44 0 0 0.03245682451 0.9994731385
end
problem bookshelf_thin 23
start 1.57 -1.5707 0 -1.5707 -1.57 3.14
goal -0.4474872647 -0.4314042001 1.498230605 -1.059205785 1.278283011 -3.136327548
box 0.02 0.02 0.82 0.611104104 1.289927538 0.82 0 0 0.651800968 0.7583900699
box 0.02 0.02 0.82 -0.3775346593 1.440238534 0.82 0 0 0.651800968 0.7583900699
box 0.02 0.02 0.82 0.5209175062 0.6967442799 0.82 0 0 0.651800968 0.7583900699
box 0.02 0.02 0.82 -0.4677212571 0.8470552762 0.82 0 0 0.651800968 0.7583900699
box 0.31 0.5 0.02 0.07169142344 1.068491407 0.35 0 0 0.651800968 0.7583900699
box 0.31 0.5 0.02 0.07169142344 1.068491407 0.85 0 0 0.651800968 0.7583900699
box 0.31 0.5 0.02 0.07169142344 1.068491407 0.6 0 0 0.651800968 0.7583900699
box 0.31 0.5 0.02 0.07169142344 1.068491407 1.1 0 0 0.651800968 0.7583900699
box 0.31 0.5 0.02 0.07169142344 1.068491407 1.35 0 0 0.651800968 0.7583900699
box 0.31 0.5 0.02 0.07169142344 1.068491407 1.6 0 0 0.651800968 0.7583900699
box 0.31 0.02 0.7 0.07169142344 1.068491407 0.9 0 0 0.651800968 0.7583900699
cyl 0.03 0.07 -0.1541922512 1.203983566 0.44 0 0 0.651800968 0.7583900699
cyl 0.03 0.07 -0.01798391617 0.8798271373 1.44 0 0 0.651800968 0.7583900699
cyl 0.03 0.07 -0.02514241501 0.8809155035 0.44 0 0 0.651800968 0.7583900699
cyl 0.03 0.07 0.3386657198 1.129050258 0.69 0 0 0.651800968 0.7583900699
cyl 0.03 0.07 0.1887834154 0.8483905754 0.69 0 0 0.651800968 0.7583900699
cyl 0.03 0.07 -0.1667377682 1.205890965 0.94 0 0 0.651800968 0.7583900699
cyl 0.03 0.07 -0.255975591 0.9160109964 0.94 0 0 0.651800968 0.7583900699
cyl 0.03 0.07 0.2809827601 1.137820279 1.19 0 0 0.651800968 0.7583900699
cyl 0.03 0.07 0.1323704636 0.856967507 1.19 0 0 0.651800968 0.7583900699
cyl 0.03 0.07 -0.3257813537 1.230071688 1.44 0 0 0.651800968 0.7583900699
end
problem bookshelf_thin 24
start 1.57 -1.5707 0 -1.5707 -1.57 3.14
goal -2.062702561 -2.606654603 0.6823704305 1.925194017 -1.234138457 -3.133838638
box 0.02 0.02 0.82 -0.4643826517 1.332201638 0.82 0 0 0.9147151506 0.4040992369
box 0.02 0.02 0.82 -1.20365404 0.658794025 0.82 0 0 0.9147151506 0.4040992369
box 0.02 0.02 0.82 -0.06033808366 0.8886388052 0.82 0 0 0.9147151506 0.4040992369
box 0.02 0.02 0.82 -0.7996094724 0.2152311918 0.82 0 0 0.9147151506 0.4040992369
box 0.31 0.5 0.02 -0.631996062 0.7737164151 0.35 0 0 0.9147151506 0.4040992369
box 0.31 0.5 0.02 -0.631996062 0.7737164151 0.85 0 0 0.9147151506 0.4040992369
box 0.31 0.5 0.02 -0.631996062 0.7737164151 0.6 0 0 0.9147151506 0.4040992369
box 0.31 0.5 0.02 -0.631996062 0.7737164151 1.1 0 0 0.9147151506 0.4040992369
box 0.31 0.5 0.02 -0.631996062 0.7737164151 1.35 0 0 0.9147151506 0.4040992369
box 0.31 0.5 0.02 -0.631996062 0.7737164151 1.6 0 0 0.9147151506 0.4040992369
box 0.31 0.02 0.7 -0.631996062 0.7737164151 0.9 0 0 0.9147151506 0.4040992369
cyl 0.03 0.07 -0.7740865786 0.7795534655 0.44 0 0 0.9147151506 0.4040992369
cyl 0.03 0.07 -0.5846387586 0.5463178794 1.44 0 0 0.9147151506 0.4040992369
cyl 0.03 0.07 -0.5879857486 0.5432690821 0.44 0 0 0.9147151506 0.4040992369
cyl 0.03 0.07 -0.3808361387 1.137768113 0.69 0 0 0.9147151506 0.4040992369
cyl 0.03 0.07 -0.227679668 0.8714744767 0.69 0 0 0.9147151506 0.4040992369
cyl 0.03 0.07 -0.960446066 0.609797271 0.94 0 0 0.9147151506 0.4040992369
cyl 0.03 0.07 -0.6358961942 0.4996271134 0.94 0 0 0.9147151506 0.4040992369
cyl 0.03 0.07 -0.6593584859 0.8840601085 1.19 0 0 0.9147151506 0.4040992369
cyl 0.03 0.07 -0.2405910386 0.8597134166 1.19 0 0 0.9147151506 0.4040992369
cyl 0.03 0.07 -1.029276393 0.5470992321 1.44 0 0 0.9147151506 0.4040992369
end
problem bookshelf_thin 25
start 1.57 -1.5707 0 -1.5707 -1.57 3.14
goal -1.095415898 -1.095679007 1.951026562 -0.8574017005 1.71868746 -3.133586741
box 0.02 0.02 0.82 1.313267281 -0.1119378857 0.82 0 0 0.1614220898 0.9868854589
box 0.02 0.02 0.82 0.9946570544 0.8359479321 0.82 0 0 0.1614220898 0.9868854589
box 0.02 0.02 0.82 0.7445357901 -0.3031040215 0.82 0 0 0.1614220898 0.9868854589
box 0.02 0.02 0.82 0.4259255637 0.6447817963 0.82 0 0 0.1614220898 0.9868854589
box 0.31 0.5 0.02 0.8695964222 0.2664219553 0.35 0 0 0.1614220898 0.9868854589
box 0.31 0.5 0.02 0.8695964222 0.2664219553 0.85 0 0 0.1614220898 0.9868854589
box 0.31 0.5 0.02 0.8695964222 0.2664219553 0.6 0 0 0.1614220898 0.9868854589
box 0.31 0.5 0.02 0.8695964222 0.2664219553 1.1 0 0 0.1614220898 0.9868854589
box 0.31 0.5 0.02 0.8695964222 0.2664219553 1.35 0 0 0.1614220898 0.9868854589
box 0.31 0.5 0.02 0.8695964222 0.2664219553 1.6 0 0 0.1614220898 0.9868854589
box 0.31 0.02 0.7 0.8695964222 0.2664219553 0.9 0 0 0.1614220898 0.9868854589
cyl 0.03 0.07 0.9125541971 0.4524829461 0.44 0 0 0.1614220898 0.9868854589
cyl 0.03 0.07 0.6103305284 0.4100283432 1.44 0 0 0.1614220898 0.9868854589
cyl 0.03 0.07 0.6138269947 0.3996261323 0.44 0 0 0.1614220898 0.9868854589
cyl 0.03 0.07 1.014635682 0.1487839945 0.69 0 0 0.1614220898 0.9868854589
cyl 0.03 0.07 0.7985370009 -0.1498979596 0.69 0 0 0.1614220898 0.9868854589
cyl 0.03 0.07 0.9165129508 0.4407054004 0.94 0 0 0.1614220898 0.9868854589
cyl 0.03 0.07 0.616476656 0.3917432202 0.94 0 0 0.1614220898 0.9868854589
cyl 0.03 0.07 1.026438867 0.1136687622 1.19 0 0 0.1614220898 0.9868854589
cyl 0.03 0.07 0.7026250395 0.135446265 1.19 0 0 0.1614220898 0.9868854589
cyl 0.03 0.07 0.9020839959 0.4836324647 1.44 0 0 0.1614220898 0.9868854589
end
problem bookshelf_thin 26
start 1.57 -1.5707 0 -1.5707 -1.57 3.14
goal -1.513973059 -2.590710392 -1.564778411 1.020125195 0.9600832912 -0.005606624864
box 0.02 0.02 0.82 -0.7916337423 1.201545212 0.82 0 0 0.9612433946 0.2757011723
box 0.02 0.02 0.82 -1.321665604 0.3535674853 0.82 0 0 0.9612433946 0.2757011723
box 0.02 0.02 0.82 -0.282847106 0.8835260955 0.82 0 0 0.9612433946 0.2757011723
box 0.02 0.02 0.82 -0.8128789675 0.03554836837 0.82 0 0 0.9612433946 0.2757011723
box 0.31 0.5 0.02 -0.8022563549 0.6185467904 0.35 0 0 0.9612433946 0.2757011723
box 0.31 0.5 0.02 -0.8022563549 0.6185467904 0.85 0 0 0.9612433946 0.2757011723
box 0.31 0.5 0.02 -0.8022563549 0.6185467904 0.6 0 0 0.9612433946 0.2757011723
box 0.31 0.5 0.02 -0.8022563549 0.6185467904 1.1 0 0 0.9612433946 0.2757011723
box 0.31 0.5 0.02 -0.8022563549 0.6185467904 1.35 0 0 0.9612433946 0.2757011723
box 0.31 0.5 0.02 -0.8022563549 0.6185467904 1.6 0 0 0.9612433946 0.2757011723
box 0.31 0.02 0.7 -0.8022563549 0.6185467904 0.9 0 0 0.9612433946 0.2757011723
cyl 0.03 0.07 -1.085530281 0.3540155614 0.44 0 0 0.9612433946 0.2757011723
cyl 0.03 0.07 -0.8386564227 0.1829759059 1.44 0 0 0.9612433946 0.2757011723
cyl 0.03 0.07 -0.6999676979 0.4048586985 0.44 0 0 0.9612433946 0.2757011723
cyl 0.03 0.07 -0.7018363735 0.9678727858 0.69 0 0 0.9612433946 0.2757011723
cyl 0.03 0.07 -0.4328368099 0.8322312014 0.69 0 0 0.9612433946 0.2757011723
cyl 0.03 0.07 -1.097224392 0.3353065993 0.94 0 0 0.9612433946 0.2757011723
cyl 0.03 0.07 -0.8110712663 0.2271083439 0.94 0 0 0.9612433946 0.2757011723
cyl 0.03 0.07 -0.8068238328 0.7999073603 1.19 0 0 0.9612433946 0.2757011723
cyl 0.03 0.07 -0.4445702759 0.8134592774 1.19 0 0 0.9612433946 0.2757011723
cyl 0.03 0.07 -0.9809276248 0.5213653546 1.44 0 0 0.9612433946 0.2757011723
end
problem bookshelf_thin 27
start 1.57 -1.5707 0 -1.5707 -1.57 3.14
goal -0.2899804373 -1.219233194 1.395937814 -0.1804487426 0.735961047 3.138828222
box 0.02 0.02 0.82 -0.1770453192 1.319497286 0.82 0 0 0.870858898 0.4915330912
box 0.02 0.02 0.82 -1.033157251 0.8027068454 0.82 0 0 0.870858898 0.4915330912
box 0.02 0.02 0.82 0.1330289451 0.8058301265 0.82 0 0 0.870858898 0.4915330912
box 0.02 0.02 0.82 -0.7230829872 0.289039686 0.82 0 0 0.870858898 0.4915330912
box 0.31 0.5 0.02 -0.4500641532 0.8042684859 0.35 0 0 0.870858898 0.4915330912
box 0.31 0.5 0.02 -0.4500641532 0.8042684859 0.85 0 0 0.870858898 0.4915330912
box 0.31 0.5 0.02 -0.4500641532 0.8042684859 0.6 0 0 0.870858898 0.4915330912
box 0.31 0.5 0.02 -0.4500641532 0.8042684859 1.1 0 0 0.870858898 0.4915330912
box 0.31 0.5 0.02 -0.4500641532 0.8042684859 1.35 0 0 0.870858898 0.4915330912
box 0.31 0.5 0.02 -0.4500641532 0.8042684859 1.6 0 0 0.870858898 0.4915330912
box 0.31 0.02 0.7 -0.4500641532 0.8042684859 0.9 0 0 0.870858898 0.4915330912
cyl 0.03 0.07 -0.6897887094 0.7763663412 0.44 0 0 0.870858898 0.4915330912
cyl 0.03 0.07 -0.6611048836 0.4432598136 1.44 0 0 0.870858898 0.4915330912
cyl 0.03 0.07 -0.4465736108 0.5727612337 0.44 0 0 0.870858898 0.4915330912
cyl 0.03 0.07 -0.3076586802 1.007038452 0.69 0 0 0.870858898 0.4915330912
cyl 0.03 0.07 -0.109985076 0.7759423022 0.69 0 0 0.870858898 0.4915330912
cyl 0.03 0.07 -0.6249898706 0.8154820447 0.94 0 0 0.870858898 0.4915330912
cyl 0.03 0.07 -0.461247001 0.5639036679 0.94 0 0 0.870858898 0.4915330912
cyl 0.03 0.07 -0.421294627 0.938442315 1.19 0 0 0.870858898 0.4915330912
cyl 0.03 0.07 -0.09343190545 0.7859345941 1.19 0 0 0.870858898 0.4915330912
cyl 0.03 0.07 -0.6349430757 0.8094738102 1.44 0 0 0.870858898 0.4915330912
end
problem bookshelf_thin 28
start 1.57 -1.5707 0 -1.5707 -1.57 3.14
goal -0.1208837621 -0.8592882293 1.531655071 -0.6668660258 1.588893523 3.135973736
box 0.02 0.02 0.82 0.7090251188 1.284441698 0.82 0 0 0.6576613278 0.7533137314
box 0.02 0.02 0.82 -0.2818254989 1.419404854 0.82 0 0 0.6576613278 0.7533137314
box 0.02 0.02 0.82 0.6280472252 0.6899313273 0.82 0 0 0.6576613278 0.7533137314
box 0.02 0.02 0.82 -0.3628033925 0.8248944832 0.82 0 0 0.6576613278 0.7533137314
box 0.31 0.5 0.02 0.1731108631 1.054668091 0.35 0 0 0.6576613278 0.7533137314
box 0.31 0.5 0.02 0.1731108631 1.054668091 0.85 0 0 0.6576613278 0.7533137314
box 0.31 0.5 0.02 0.1731108631 1.054668091 0.6 0 0 0.6576613278 0.7533137314
box 0.31 0.5 0.02 0.1731108631 1.054668091 1.1 0 0 0.6576613278 0.7533137314
box 0.31 0.5 0.02 0.1731108631 1.054668091 1.35 0 0 0.6576613278 0.7533137314
box 0.31 0.5 0.02 0.1731108631 1.054668091 1.6 0 0 0.6576613278 0.7533137314
box 0.31 0.02 0.7 0.1731108631 1.054668091 0.9 0 0 0.6576613278 0.7533137314
cyl 0.03 0.07 0.06328674126 1.170550554 0.44 0 0 0.6576613278 0.7533137314
cyl 0.03 0.07 -0.01383589814 0.8782852211 1.44 0 0 0.6576613278 0.7533137314
cyl 0.03 0.07 -0.2288620766 0.9075738052 0.44 0 0 0.6576613278 0.7533137314
cyl 0.03 0.07 0.3434549723 1.13238901 0.69 0 0 0.6576613278 0.7533137314
cyl 0.03 0.07 0.5298036194 0.8042364153 0.69 0 0 0.6576613278 0.7533137314
cyl 0.03 0.07 -0.1179213364 1.195232795 0.94 0 0 0.6576613278 0.7533137314
cyl 0.03 0.07 0.0008912113777 0.8762792505 0.94 0 0 0.6576613278 0.7533137314
cyl 0.03 0.07 0.5730141085 1.101120901 1.19 0 0 0.6576613278 0.7533137314
cyl 0.03 0.07 0.5420502947 0.8025683032 1.19 0 0 0.6576613278 0.7533137314
cyl 0.03 0.07 0.08417400093 1.167705513 1.44 0 0 0.6576613278 0.7533137314
end
problem bookshelf_thin 29
start 1.57 -1.5707 0 -1.5707 -1.57 3.14
goal -1.926938584 -2.068838344 -1.016499216 -0.04850151884 0.8714998234 -0.01295871553
box 0.02 0.02 0.82 -0.2985922378 1.337124438 0.82 0 0 0.866156764 0.4997724084
box 0.02 0.02 0.82 -1.164354742 0.8366693579 0.82 0 0 0.866156764 0.4997724084
box 0.02 0.02 0.82 0.00168081002 0.8176669352 0.82 0 0 0.866156764 0.4997724084
box 0.02 0.02 0.82 -0.8640816939 0.3172118555 0.82 0 0 0.866156764 0.4997724084
box 0.31 0.5 0.02 -0.5813369659 0.8271681465 0.35 0 0 0.866156764 0.4997724084
box 0.31 0.5 0.02 -0.5813369659 0.8271681465 0.85 0 0 0.866156764 0.4997724084
box 0.31 0.5 0.02 -0.5813369659 0.8271681465 0.6 0 0 0.866156764 0.4997724084
box 0.31 0.5 0.02 -0.5813369659 0.8271681465 1.1 0 0 0.866156764 0.4997724084
box 0.31 0.5 0.02 -0.5813369659 0.8271681465 1.35 0 0 0.866156764 0.4997724084
box 0.31 0.5 0.02 -0.5813369659 0.8271681465 1.6 0 0 0.866156764 0.4997724084
box 0.31 0.02 0.7 -0.5813369659 0.8271681465 0.9 0 0 0.866156764 0.4997724084
cyl 0.03 0.07 -0.7673488308 0.8351488771 0.44 0 0 0.866156764 0.4997724084
cyl 0.03 0.07 -0.6545066422 0.5538620896 1.44 0 0 0.866156764 0.4997724084
cyl 0.03 0.07 -0.7528954199 0.4969883357 0.44 0 0 0.866156764 0.4997724084
cyl 0.03 0.07 -0.3027739213 1.103696975 0.69 0 0 0.866156764 0.4997724084
cyl 0.03 0.07 -0.2460457826 0.7899733916 0.69 0 0 0.866156764 0.4997724084
cyl 0.03 0.07 -0.8882548371 0.7652590116 0.94 0 0 0.866156764 0.4997724084
cyl 0.03 0.07 -0.7721372821 0.4858655536 0.94 0 0 0.866156764 0.4997724084
cyl 0.03 0.07 -0.4470504225 1.020297766 1.19 0 0 0.866156764 0.4997724084
cyl 0.03 0.07 -0.2866688471 0.7664911792 1.19 0 0 0.866156764 0.4997724084
cyl 0.03 0.07 -1.018093143 0.6902058194 1.44 0 0 0.866156764 0.4997724084
end
problem bookshelf_thin 30
start 1.57 -1.5707 0 -1.5707 -1.57 3.14
goal 0.8958418502 -0.7642738755 1.327722703 -0.5655800545 2.033705021 3.140535969
box 0.02 0.02 0.82 -0.129831134 1.366766446 0.82 0 0 0.8398071829 0.5428847903
box 0.02 0.02 0.82 -1.041668227 0.9562142365 0.82 0 0 0.8398071829 0.5428847903
box 0.02 0.02 0.82 0.1165001914 0.8196641899 0.82 0 0 0.8398071829 0.5428847903
box 0.02 0.02 0.82 -0.7953369014 0.4091119809 0.82 0 0 0.8398071829 0.5428847903
box 0.31 0.5 0.02 -0.4625840177 0.8879392132 0.35 0 0 0.8398071829 0.5428847903
box 0.31 0.5 0.02 -0.4625840177 0.8879392132 0.85 0 0 0.8398071829 0.5428847903
box 0.31 0.5 0.02 -0.4625840177 0.8879392132 0.6 0 0 0.8398071829 0.5428847903
box 0.31 0.5 0.02 -0.4625840177 0.8879392132 1.1 0 0 0.8398071829 0.5428847903
box 0.31 0.5 0.02 -0.4625840177 0.8879392132 1.35 0 0 0.8398071829 0.5428847903
box 0.31 0.5 0.02 -0.4625840177 0.8879392132 1.6 0 0 0.8398071829 0.5428847903
box 0.31 0.02 0.7 -0.4625840177 0.8879392132 0.9 0 0 0.8398071829 0.5428847903
cyl 0.03 0.07 -0.6565476988 0.9102762978 0.44 0 0 0.8398071829 0.5428847903
cyl 0.03 0.07 -0.7667736833 0.5316412058 1.44 0 0 0.8398071829 0.5428847903
cyl 0.03 0.07 -0.4280418209 0.6841543197 0.44 0 0 0.8398071829 0.5428847903
cyl 0.03 0.07 -0.2761263413 1.081559995 0.69 0 0 0.8398071829 0.5428847903
cyl 0.03 0.07 -0.1653816188 0.8024163723 0.69 0 0 0.8398071829 0.5428847903
cyl 0.03 0.07 -0.7967279705 0.8471605058 0.94 0 0 0.8398071829 0.5428847903
cyl 0.03 0.07 -0.6845104313 0.5686800147 0.94 0 0 0.8398071829 0.5428847903
cyl 0.03 0.07 -0.3904256944 1.030097018 1.19 0 0 0.8398071829 0.5428847903
cyl 0.03 0.07 -0.2937485104 0.7446195231 1.19 0 0 0.8398071829 0.5428847903
cyl 0.03 0.07 -0.6366602457 0.9192305702 1.44 0 0 0.8398071829 0.5428847903
end
problem bookshelf_thin 31
start 1.57 -1.5707 0 -1.5707 -1.57 3.14
goal -1.242781235 -0.5178137205 1.838949173 -1.319627263 1.07881505 3.138546268
box 0.02 0.02 0.82 1.173627971 0.6161505398 0.82 0 0 0.4017302621 0.9157580447
box 0.02 0.02 0.82 0.4378525324 1.293376133 0.82 0 0 0.4017302621 0.9157580447
box 0.02 0.02 0.82 0.7672926153 0.1746852766 0.82 0 0 0.4017302621 0.9157580447
box 0.02 0.02 0.82 0.0315171766 0.8519108697 0.82 0 0 0.4017302621 0.9157580447
box 0.31 0.5 0.02 0.6025725738 0.7340307047 0.35 0 0 0.4017302621 0.9157580447
box 0.31 0.5 0.02 0.6025725738 0.7340307047 0.85 0 0 0.4017302621 0.9157580447
box 0.31 0.5 0.02 0.6025725738 0.7340307047 0.6 0 0 0.4017302621 0.9157580447
box 0.31 0.5 0.02 0.6025725738 0.7340307047 1.1 0 0 0.4017302621 0.9157580447
box 0.31 0.5 0.02 0.6025725738 0.7340307047 1.35 0 0 0.4017302621 0.9157580447
box 0.31 0.5 0.02 0.6025725738 0.7340307047 1.6 0 0 0.4017302621 0.9157580447
box 0.31 0.02 0.7 0.6025725738 0.7340307047 0.9 0 0 0.4017302621 0.9157580447
cyl 0.03 0.07 0.5451973019 0.9227513323 0.44 0 0 0.4017302621 0.9157580447
cyl 0.03 0.07 0.2684540783 0.7697394209 1.44 0 0 0.4017302621 0.9157580447
cyl 0.03 0.07 0.3474570325 0.6970231821 0.44 0 0 0.4017302621 0.9157580447
cyl 0.03 0.07 0.8825310071 0.6122611929 0.69 0 0 0.4017302621 0.9157580447
cyl 0.03 0.07 0.6017735182 0.4629441088 0.69 0 0 0.4017302621 0.9157580447
cyl 0.03 0.07 0.5379122832 0.9294566406 0.94 0 0 0.4017302621 0.9157580447
cyl 0.03 0.07 0.4229934976 0.6274975841 0.94 0 0 0.4017302621 0.9157580447
cyl 0.03 0.07 0.8024456047 0.6859737434 1.19 0 0 0.4017302621 0.9157580447
cyl 0.03 0.07 0.7069371809 0.3661489181 1.19 0 0 0.4017302621 0.9157580447
cyl 0.03 0.07 0.6332080664 0.8417440861 1.44 0 0 0.4017302621 0.9157580447
end
problem bookshelf_thin 32
start 1.57 -1.5707 0 -1.5707 -1.57 3.14
goal -1.127584252 -0.08466160855 -0.7756782062 0.8592538642 0.989235541 3.139425669
box 0.02 0.02 0.82 1.195464929 0.918686694 0.82 0 0 0.4865482645 0.8736536993
box 0.02 0.02 0.82 0.3453155466 1.445228267 0.82 0 0 0.4865482645 0.8736536993
box 0.02 0.02 0.82 0.8795399854 0.4085970646 0.82 0 0 0.4865482645 0.8736536993
box 0.02 0.02 0.82 0.029390603 0.9351386372 0.82 0 0 0.4865482645 0.8736536993
box 0.31 0.5 0.02 0.612427766 0.9269126656 0.35 0 0 0.4865482645 0.8736536993
box 0.31 0.5 0.02 0.612427766 0.9269126656 0.85 0 0 0.4865482645 0.8736536993
box 0.31 0.5 0.02 0.612427766 0.9269126656 0.6 0 0 0.4865482645 0.8736536993
box 0.31 0.5 0.02 0.612427766 0.9269126656 1.1 0 0 0.4865482645 0.8736536993
box 0.31 0.5 0.02 0.612427766 0.9269126656 1.35 0 0 0.4865482645 0.8736536993
box 0.31 0.5 0.02 0.612427766 0.9269126656 1.6 0 0 0.4865482645 0.8736536993
box 0.31 0.02 0.7 0.612427766 0.9269126656 0.9 0 0 0.4865482645 0.8736536993
cyl 0.03 0.07 0.4433562628 1.149253797 0.44 0 0 0.4865482645 0.8736536993
cyl 0.03 0.07 0.3180268973 0.8739976079 1.44 0 0 0.4865482645 0.8736536993
cyl 0.03 0.07 0.4584891479 0.7870020564 0.44 0 0 0.4865482645 0.8736536993
cyl 0.03 0.07 0.999347518 0.8048995973 0.69 0 0 0.4865482645 0.8736536993
cyl 0.03 0.07 0.6713521574 0.6551649627 0.69 0 0 0.4865482645 0.8736536993
cyl 0.03 0.07 0.622227296 1.038469695 0.94 0 0 0.4865482645 0.8736536993
cyl 0.03 0.07 0.3039527185 0.8827144762 0.94 0 0 0.4865482645 0.8736536993
cyl 0.03 0.07 0.8946204363 0.8697625065 1.19 0 0 0.4865482645 0.8736536993
cyl 0.03 0.07 0.713512756 0.629052719 1.19 0 0 0.4865482645 0.8736536993
cyl 0.03 0.07 0.3091685487 1.232363202 1.44 0 0 0.4865482645 0.8736536993
end
problem bookshelf_thin 33
start 1.57 -1.5707 0 -1.5707 -1.57 3.14
goal -0.921760226 -0.4512429623 1.584496172 -1.119021682 0.7130038233 3.1309387
box 0.02 0.02 0.82 0.668817024 1.18113379 0.82 0 0 0.6849040697 0.7286332515
box 0.02 0.02 0.82 -0.3292707347 1.242946621 0.82 0 0 0.6849040697 0.7286332515
box 0.02 0.02 0.82 0.6317293257 0.5822811351 0.82 0 0 0.6849040697 0.7286332515
box 0.02 0.02 0.82 -0.366358433 0.6440939656 0.82 0 0 0.6849040697 0.7286332515
box 0.31 0.5 0.02 0.1512292955 0.912613878 0.35 0 0 0.6849040697 0.7286332515
box 0.31 0.5 0.02 0.1512292955 0.912613878 0.85 0 0 0.6849040697 0.7286332515
box 0.31 0.5 0.02 0.1512292955 0.912613878 0.6 0 0 0.6849040697 0.7286332515
box 0.31 0.5 0.02 0.1512292955 0.912613878 1.1 0 0 0.6849040697 0.7286332515
box 0.31 0.5 0.02 0.1512292955 0.912613878 1.35 0 0 0.6849040697 0.7286332515
box 0.31 0.5 0.02 0.1512292955 0.912613878 1.6 0 0 0.6849040697 0.7286332515
box 0.31 0.02 0.7 0.1512292955 0.912613878 0.9 0 0 0.6849040697 0.7286332515
cyl 0.03 0.07 -0.03607881308 1.024405695 0.44 0 0 0.6849040697 0.7286332515
cyl 0.03 0.07 -0.1261981668 0.7294121287 1.44 0 0 0.6849040697 0.7286332515
cyl 0.03 0.07 -0.07414630539 0.7261884914 0.44 0 0 0.6849040697 0.7286332515
cyl 0.03 0.07 0.2131383813 1.008971361 0.69 0 0 0.6849040697 0.7286332515
cyl 0.03 0.07 0.387898519 0.6975734742 0.69 0 0 0.6849040697 0.7286332515
cyl 0.03 0.07 -0.07714180359 1.026948778 0.94 0 0 0.6849040697 0.7286332515
cyl 0.03 0.07 0.02318991916 0.7201603366 0.94 0 0 0.6849040697 0.7286332515
cyl 0.03 0.07 0.2738702116 1.005210162 1.19 0 0 0.6849040697 0.7286332515
cyl 0.03 0.07 0.505277306 0.6903040583 1.19 0 0 0.6849040697 0.7286332515
cyl 0.03 0.07 -0.1074770545 1.028827478 1.44 0 0 0.6849040697 0.7286332515
end
problem bookshelf_thin 34
start 1.57 -1.5707 0 -1.5707 -1.57 3.14
goal -1.198587446 -0.2720950803 1.073640551 -0.7994004472 0.8931489023 3.136917092
box 0.02 0.02 0.82 1.102763584 0.9586752247 0.82 0 0 0.4990601678 0.8665673366
box 0.02 0.02 0.82 0.2378251029 1.460553123 0.82 0 0 0.4990601678 0.8665673366
box 0.02 0.02 0.82 0.801636845 0.4397121362 0.82 0 0 0.4990601678 0.8665673366
box 0.02 0.02 0.82 -0.06330163586 0.9415900341 0.82 0 0 0.4990601678 0.8665673366
box 0.31 0.5 0.02 0.5197309739 0.9501326294 0.35 0 0 0.4990601678 0.8665673366
box 0.31 0.5 0.02 0.5197309739 0.9501326294 0.85 0 0 0.4990601678 0.8665673366
box 0.31 0.5 0.02 0.5197309739 0.9501326294 0.6 0 0 0.4990601678 0.8665673366
box 0.31 0.5 0.02 0.5197309739 0.9501326294 1.1 0 0 0.4990601678 0.8665673366
box 0.31 0.5 0.02 0.5197309739 0.9501326294 1.35 0 0 0.4990601678 0.8665673366
box 0.31 0.5 0.02 0.5197309739 0.9501326294 1.6 0 0 0.4990601678 0.8665673366
box 0.31 0.02 0.7 0.5197309739 0.9501326294 0.9 0 0 0.4990601678 0.8665673366
cyl 0.03 0.07 0.3139310248 1.185162577 0.44 0 0 0.4990601678 0.8665673366
cyl 0.03 0.07 0.3056010322 0.8431505526 1.44 0 0 0.4990601678 0.8665673366
cyl 0.03 0.07 0.3382166326 0.8242254506 0.44 0 0 0.4990601678 0.8665673366
cyl 0.03 0.07 0.6619992221 0.9831970742 0.69 0 0 0.4990601678 0.8665673366
cyl 0.03 0.07 0.7324026622 0.5955002172 0.69 0 0 0.4990601678 0.8665673366
cyl 0.03 0.07 0.2471800284 1.223894638 0.94 0 0 0.4990601678 0.8665673366
cyl 0.03 0.07 0.2734365928 0.8618138698 0.94 0 0 0.4990601678 0.8665673366
cyl 0.03 0.07 0.7400088644 0.9379322188 1.19 0 0 0.4990601678 0.8665673366
cyl 0.03 0.07 0.6291272146 0.6554254786 1.19 0 0 0.4990601678 0.8665673366
cyl 0.03 0.07 0.3013531531 1.192460848 1.44 0 0 0.4990601678 0.8665673366
end
problem bookshelf_thin 35
start 1.57 -1.5707 0 -1.5707 -1.57 3.14
goal 0.1149000357 -0.6283518989 1.814923421 1.946951927 -1.597939698 0.006818654404
box 0.02 0.02 0.82 0.4356435061 1.316569705 0.82 0 0 0.7374550789 0.6753961849
box 0.02 0.02 0.82 -0.5605051876 1.228889718 0.82 0 0 0.7374550789 0.6753961849
box 0.02 0.02 0.82 0.4882514981 0.7188804886 0.82 0 0 0.7374550789 0.6753961849
box 0.02 0.02 0.82 -0.5078971955 0.6312005018 0.82 0 0 0.7374550789 0.6753961849
box 0.31 0.5 0.02 -0.03612684474 0.9738851033 0.35 0 0 0.7374550789 0.6753961849
box 0.31 0.5 0.02 -0.03612684474 0.9738851033 0.85 0 0 0.7374550789 0.6753961849
box 0.31 0.5 0.02 -0.03612684474 0.9738851033 0.6 0 0 0.7374550789 0.6753961849
box 0.31 0.5 0.02 -0.03612684474 0.9738851033 1.1 0 0 0.7374550789 0.6753961849
box 0.31 0.5 0.02 -0.03612684474 0.9738851033 1.35 0 0 0.7374550789 0.6753961849
box 0.31 0.5 0.02 -0.03612684474 0.9738851033 1.6 0 0 0.7374550789 0.6753961849
box 0.31 0.02 0.7 -0.03612684474 0.9738851033 0.9 0 0 0.7374550789 0.6753961849
cyl 0.03 0.07 -0.3502076534 1.046626652 0.44 0 0 0.7374550789 0.6753961849
cyl 0.03 0.07 -0.4188180248 0.7394277787 1.44 0 0 0.7374550789 0.6753961849
cyl 0.03 0.07 -0.2903255723 0.7507375527 0.44 0 0 0.7374550789 0.6753961849
cyl 0.03 0.07 0.2740644186 1.10157444 0.69 0 0 0.7374550789 0.6753961849
cyl 0.03 0.07 0.03892601294 0.7797179397 0.69 0 0 0.7374550789 0.6753961849
cyl 0.03 0.07 -0.2144225742 1.058578316 0.94 0 0 0.7374550789 0.6753961849
cyl 0.03 0.07 -0.1928321279 0.7593188257 0.94 0 0 0.7374550789 0.6753961849
cyl 0.03 0.07 0.1914982582 1.094307051 1.19 0 0 0.7374550789 0.6753961849
cyl 0.03 0.07 0.1824117232 0.7923474048 1.19 0 0 0.7374550789 0.6753961849
cyl 0.03 0.07 -0.3461595253 1.046982964 1.44 0 0 0.7374550789 0.6753961849
end
problem bookshelf_thin 36
start 1.57 -1.5707 0 -1.5707 -1.57 3.14
goal 0.6742776582 -0.00260779793 1.14260535 1.991918051 -1.097368433 0.01040343086
box 0.02 0.02 0.82 -1.002990577 1.069942398 0.82 0 0 0.977609555 0.2104270848
box 0.02 0.02 0.82 -1.414421635 0.1585015141 0.82 0 0 0.977609555 0.2104270848
box 0.02 0.02 0.82 -0.456126047 0.8230837635 0.82 0 0 0.977609555 0.2104270848
box 0.02 0.02 0.82 -0.8675571045 -0.08835712041 0.82 0 0 0.977609555 0.2104270848
box 0.31 0.5 0.02 -0.9352738409 0.4907926388 0.35 0 0 0.977609555 0.2104270848
box 0.31 0.5 0.02 -0.9352738409 0.4907926388 0.85 0 0 0.977609555 0.2104270848
box 0.31 0.5 0.02 -0.9352738409 0.4907926388 0.6 0 0 0.977609555 0.2104270848
box 0.31 0.5 0.02 -0.9352738409 0.4907926388 1.1 0 0 0.977609555 0.2104270848
box 0.31 0.5 0.02 -0.9352738409 0.4907926388 1.35 0 0 0.977609555 0.2104270848
box 0.31 0.5 0.02 -0.9352738409 0.4907926388 1.6 0 0 0.977609555 0.2104270848
box 0.31 0.02 0.7 -0.9352738409 0.4907926388 0.9 0 0 0.977609555 0.2104270848
cyl 0.03 0.07 -1.121785465 0.3206685849 0.44 0 0 0.977609555 0.2104270848
cyl 0.03 0.07 -0.8613176328 0.1685192325 1.44 0 0 0.977609555 0.2104270848
cyl 0.03 0.07 -0.7819694055 0.3442989096 0.44 0 0 0.977609555 0.2104270848
cyl 0.03 0.07 -0.9435904037 0.7154230915 0.69 0 0 0.977609555 0.2104270848
cyl 0.03 0.07 -0.7063101668 0.5119063914 0.69 0 0 0.977609555 0.2104270848
cyl 0.03 0.07 -1.058918275 0.4599379135 0.94 0 0 0.977609555 0.2104270848
cyl 0.03 0.07 -0.8406388358 0.214328854 0.94 0 0 0.977609555 0.2104270848
cyl 0.03 0.07 -0.8833398033 0.8488959041 1.19 0 0 0.977609555 0.2104270848
cyl 0.03 0.07 -0.716793885 0.4886818699 1.19 0 0 0.977609555 0.2104270848
cyl 0.03 0.07 -1.0605298 0.4563679106 1.44 0 0 0.977609555 0.2104270848
end
problem bookshelf_thin 37
start 1.57 -1.5707 0 -1.5707 -1.57 3.14
goal -0.03069365574 -0.4707864278 1.324854251 2.292866317 -1.730922398 -0.006246226958
box 0.02 0.02 0.82 0.7563942094 1.278041451 0.82 0 0 0.6372741662 0.770637163
box 0.02 0.02 0.82 -0.2258201017 1.465804726 0.82 0 0 0.6372741662 0.770637163
box 0.02 0.02 0.82 0.6437362449 0.6887128648 0.82 0 0 0.6372741662 0.770637163
box 0.02 0.02 0.82 -0.3384780662 0.8764761389 0.82 0 0 0.6372741662 0.770637163
box 0.31 0.5 0.02 0.2089580716 1.077258795 0.35 0 0 0.6372741662 0.770637163
box 0.31 0.5 0.02 0.2089580716 1.077258795 0.85 0 0 0.6372741662 0.770637163
box 0.31 0.5 0.02 0.2089580716 1.077258795 0.6 0 0 0.6372741662 0.770637163
box 0.31 0.5 0.02 0.2089580716 1.077258795 1.1 0 0 0.6372741662 0.770637163
box 0.31 0.5 0.02 0.2089580716 1.077258795 1.35 0 0 0.6372741662 0.770637163
box 0.31 0.5 0.02 0.2089580716 1.077258795 1.6 0 0 0.6372741662 0.770637163
box 0.31 0.02 0.7 0.2089580716 1.077258795 0.9 0 0 0.6372741662 0.770637163
cyl 0.03 0.07 -0.1791467159 1.25326094 0.44 0 0 0.6372741662 0.770637163
cyl 0.03 0.07 -0.2320716963 0.9579459268 1.44 0 0 0.6372741662 0.770637163
cyl 0.03 0.07 0.1168298969 0.8912487664 0.44 0 0 0.6372741662 0.770637163
cyl 0.03 0.07 0.3991598046 1.14270999 0.69 0 0 0.6372741662 0.770637163
cyl 0.03 0.07 0.4352472282 0.8303790764 0.69 0 0 0.6372741662 0.770637163
cyl 0.03 0.07 -0.007374640394 1.220424433 0.94 0 0 0.6372741662 0.770637163
cyl 0.03 0.07 -0.03750284207 0.9207515134 0.94 0 0 0.6372741662 0.770637163
cyl 0.03 0.07 0.4998252696 1.123466453 1.19 0 0 0.6372741662 0.770637163
cyl 0.03 0.07 0.5414979043 0.8100678524 1.19 0 0 0.6372741662 0.770637163
cyl 0.03 0.07 -0.1526576395 1.248197202 1.44 0 0 0.6372741662 0.770637163
end
problem bookshelf_thin 38
start 1.57 -1.5707 0 -1.5707 -1.57 3.14
goal -3.103088743 -2.014117083 -1.117167147 -0.01284750877 0.8142898676 0.006375885725
box 0.02 0.02 0.82 1.186884071 0.6634438873 0.82 0 0 0.4132915184 0.9105987705
box 0.02 0.02 0.82 0.4341985737 1.321824129 0.82 0 0 0.4132915184 0.9105987705
box 0.02 0.02 0.82 0.7918559257 0.2118325891 0.82 0 0 0.4132915184 0.9105987705
box 0.02 0.02 0.82 0.03917042871 0.8702128308 0.82 0 0 0.4132915184 0.9105987705
box 0.31 0.5 0.02 0.6130272497 0.766828359 0.35 0 0 0.4132915184 0.9105987705
box 0.31 0.5 0.02 0.6130272497 0.766828359 0.85 0 0 0.4132915184 0.9105987705
box 0.31 0.5 0.02 0.6130272497 0.766828359 0.6 0 0 0.4132915184 0.9105987705
box 0.31 0.5 0.02 0.6130272497 0.766828359 1.1 0 0 0.4132915184 0.9105987705
box 0.31 0.5 0.02 0.6130272497 0.766828359 1.35 0 0 0.4132915184 0.9105987705
box 0.31 0.5 0.02 0.6130272497 0.766828359 1.6 0 0 0.4132915184 0.9105987705
box 0.31 0.02 0.7 0.6130272497 0.766828359 0.9 0 0 0.4132915184 0.9105987705
cyl 0.03 0.07 0.6355474723 0.8799873487 0.44 0 0 0.4132915184 0.9105987705
cyl 0.03 0.07 0.2769542578 0.79507896 1.44 0 0 0.4132915184 0.9105987705
cyl 0.03 0.07 0.1857680377 0.8748403024 0.44 0 0 0.4132915184 0.9105987705
cyl 0.03 0.07 0.9792058567 0.579386512 0.69 0 0 0.4132915184 0.9105987705
cyl 0.03 0.07 0.6502302293 0.4685713744 0.69 0 0 0.4132915184 0.9105987705
cyl 0.03 0.07 0.4617022339 1.032051219 0.94 0 0 0.4132915184 0.9105987705
cyl 0.03 0.07 0.3306082187 0.7481473958 0.94 0 0 0.4132915184 0.9105987705
cyl 0.03 0.07 0.7646030379 0.767101376 1.19 0 0 0.4132915184 0.9105987705
cyl 0.03 0.07 0.5485709585 0.5574935811 1.19 0 0 0.4132915184 0.9105987705
cyl 0.03 0.07 0.5904658021 0.9194206593 1.44 0 0 0.4132915184 0.9105987705
end
problem bookshelf_thin 39
start 1.57 -1.5707 0 -1.5707 -1.57 3.14
goal 0.03624165895 -0.7106673373 1.222085055 -0.5076429955 1.998094992 3.14070389
box 0.02 0.02 0.82 0.8816560136 1.085568231 0.82 0 0 0.5564169059 0.8309032596
box 0.02 0.02 0.82 -0.043001228 1.466368685 0.82 0 0 0.5564169059 0.8309032596
box 0.02 0.02 0.82 0.6531757414 0.5307738862 0.82 0 0 0.5564169059 0.8309032596
box 0.02 0.02 0.82 -0.2714815002 0.9115743398 0.82 0 0 0.5564169059 0.8309032596
box 0.31 0.5 0.02 0.3050872567 0.9985712855 0.35 0 0 0.5564169059 0.8309032596
box 0.31 0.5 0.02 0.3050872567 0.9985712855 0.85 0 0 0.5564169059 0.8309032596
box 0.31 0.5 0.02 0.3050872567 0.9985712855 0.6 0 0 0.5564169059 0.8309032596
box 0.31 0.5 0.02 0.3050872567 0.9985712855 1.1 0 0 0.5564169059 0.8309032596
box 0.31 0.5 0.02 0.3050872567 0.9985712855 1.35 0 0 0.5564169059 0.8309032596
box 0.31 0.5 0.02 0.3050872567 0.9985712855 1.6 0 0 0.5564169059 0.8309032596
box 0.31 0.02 0.7 0.3050872567 0.9985712855 0.9 0 0 0.5564169059 0.8309032596
cyl 0.03 0.07 0.08242504624 1.198418172 0.44 0 0 0.5564169059 0.8309032596
cyl 0.03 0.07 -0.04918584424 0.9281747758 1.44 0 0 0.5564169059 0.8309032596
cyl 0.03 0.07 -0.02779675847 0.919366135 0.44 0 0 0.5564169059 0.8309032596
cyl 0.03 0.07 0.5888325576 0.9898649899 0.69 0 0 0.5564169059 0.8309032596
cyl 0.03 0.07 0.320970332 0.7757338134 0.69 0 0 0.5564169059 0.8309032596
cyl 0.03 0.07 0.02113234226 1.223660271 0.94 0 0 0.5564169059 0.8309032596
cyl 0.03 0.07 -0.02196157483 0.9169630385 0.94 0 0 0.5564169059 0.8309032596
cyl 0.03 0.07 0.424525146 1.057531509 1.19 0 0 0.5564169059 0.8309032596
cyl 0.03 0.07 0.5427651544 0.6843923247 1.19 0 0 0.5564169059 0.8309032596
cyl 0.03 0.07 0.2348007639 1.135665468 1.44 0 0 0.5564169059 0.8309032596
end
problem bookshelf_thin 40
start 1.57 -1.5707 0 -1.5707 -1.57 3.14
goal 0.7140475085 -1.399589146 0.9690946981 0.4378130559 1.505307991 3.139196558
box 0.02 0.02 0.82 -0.4753575781 1.242929382 0.82 0 0 0.923190351 0.3843430444
box 0.02 0.02 0.82 -1.185001158 0.5383685333 0.82 0 0 0.923190351 0.3843430444
box 0.02 0.02 0.82 -0.05262106909 0.8171432336 0.82 0 0 0.923190351 0.3843430444
box 0.02 0.02 0.82 -0.7622646493 0.1125823852 0.82 0 0 0.923190351 0.3843430444
box 0.31 0.5 0.02 -0.6188111137 0.6777558834 0.35 0 0 0.923190351 0.3843430444
box 0.31 0.5 0.02 -0.6188111137 0.6777558834 0.85 0 0 0.923190351 0.3843430444
box 0.31 0.5 0.02 -0.6188111137 0.6777558834 0.6 0 0 0.923190351 0.3843430444
box 0.31 0.5 0.02 -0.6188111137 0.6777558834 1.1 0 0 0.923190351 0.3843430444
box 0.31 0.5 0.02 -0.6188111137 0.6777558834 1.35 0 0 0.923190351 0.3843430444
box 0.31 0.5 0.02 -0.6188111137 0.6777558834 1.6 0 0 0.923190351 0.3843430444
box 0.31 0.02 0.7 -0.6188111137 0.6777558834 0.9 0 0 0.923190351 0.3843430444
cyl 0.03 0.07 -0.9868464438 0.4532723696 0.44 0 0 0.923190351 0.3843430444
cyl 0.03 0.07 -0.5583729508 0.4559295455 1.44 0 0 0.923190351 0.3843430444
cyl 0.03 0.07 -0.5600149208 0.4542993358 0.44 0 0 0.923190351 0.3843430444
cyl 0.03 0.07 -0.4328788777 1.003272214 0.69 0 0 0.923190351 0.3843430444
cyl 0.03 0.07 -0.160339048 0.8511125811 0.69 0 0 0.923190351 0.3843430444
cyl 0.03 0.07 -0.8645563254 0.5746866006 0.94 0 0 0.923190351 0.3843430444
cyl 0.03 0.07 -0.793795467 0.222193213 0.94 0 0 0.923190351 0.3843430444
cyl 0.03 0.07 -0.4127133307 1.023293327 1.19 0 0 0.923190351 0.3843430444
cyl 0.03 0.07 -0.3218622466 0.6907462719 1.19 0 0 0.923190351 0.3843430444
cyl 0.03 0.07 -0.9447764197 0.4950410726 1.44 0 0 0.923190351 0.3843430444
end
problem bookshelf_thin 41
start 1.57 -1.5707 0 -1.5707 -1.57 3.14
goal 0.1922349274 -0.4823425139 1.356059454 2.275047329 -1.889855033 0.01130172693
box 0.02 0.02 0.82 0.6824202608 1.261554365 0.82 0 0 0.6579829597 0.7530328178
box 0.02 0.02 0.82 -0.3085452636 1.395671214 0.82 0 0 0.6579829597 0.7530328178
box 0.02 0.02 0.82 0.6019501511 0.6669750503 0.82 0 0 0.6579829597 0.7530328178
box 0.02 0.02 0.82 -0.3890153733 0.8010918998 0.82 0 0 0.6579829597 0.7530328178
box 0.31 0.5 0.02 0.1467024437 1.031323132 0.35 0 0 0.6579829597 0.7530328178
box 0.31 0.5 0.02 0.1467024437 1.031323132 0.85 0 0 0.6579829597 0.7530328178
box 0.31 0.5 0.02 0.1467024437 1.031323132 0.6 0 0 0.6579829597 0.7530328178
box 0.31 0.5 0.02 0.1467024437 1.031323132 1.1 0 0 0.6579829597 0.7530328178
box 0.31 0.5 0.02 0.1467024437 1.031323132 1.35 0 0 0.6579829597 0.7530328178
box 0.31 0.5 0.02 0.1467024437 1.031323132 1.6 0 0 0.6579829597 0.7530328178
box 0.31 0.02 0.7 0.1467024437 1.031323132 0.9 0 0 0.6579829597 0.7530328178
cyl 0.03 0.07 -0.1444931686 1.171645106 0.44 0 0 0.6579829597 0.7530328178
cyl 0.03 0.07 -0.04432385168 0.8553531811 1.44 0 0 0.6579829597 0.7530328178
cyl 0.03 0.07 -0.05584035992 0.8569118204 0.44 0 0 0.6579829597 0.7530328178
cyl 0.03 0.07 0.3702345064 1.101982083 0.69 0 0 0.6579829597 0.7530328178
cyl 0.03 0.07 0.5590599861 0.773691471 0.69 0 0 0.6579829597 0.7530328178
cyl 0.03 0.07 -0.06958108652 1.161506537 0.94 0 0 0.6579829597 0.7530328178
cyl 0.03 0.07 -0.1879822484 0.8747958469 0.94 0 0 0.6579829597 0.7530328178
cyl 0.03 0.07 0.4725094418 1.088140237 1.19 0 0 0.6579829597 0.7530328178
cyl 0.03 0.07 0.345248795 0.802628586 1.19 0 0 0.6579829597 0.7530328178
cyl 0.03 0.07 0.09434632313 1.139320671 1.44 0 0 0.6579829597 0.7530328178
end
problem bookshelf_thin 42
start 1.57 -1.5707 0 -1.5707 -1.57 3.14
goal -1.033384377 -2.480145789 0.2792007482 2.207211537 -0.8328950772 -3.139613282
box 0.02 0.02 0.82 -1.160855558 0.733529345 0.82 0 0 0.9953329105 0.09650076299
box 0.02 0.02 0.82 -1.352956328 -0.2478458605 0.82 0 0 0.9953329105 0.09650076299
box 0.02 0.02 0.82 -0.5720304346 0.6182688827 0.82 0 0 0.9953329105 0.09650076299
box 0.02 0.02 0.82 -0.7641312051 -0.3631063228 0.82 0 0 0.9953329105 0.09650076299
box 0.31 0.5 0.02 -0.9624933815 0.1852115111 0.35 0 0 0.9953329105 0.09650076299
box 0.31 0.5 0.02 -0.9624933815 0.1852115111 0.85 0 0 0.9953329105 0.09650076299
box 0.31 0.5 0.02 -0.9624933815 0.1852115111 0.6 0 0 0.9953329105 0.09650076299
box 0.31 0.5 0.02 -0.9624933815 0.1852115111 1.1 0 0 0.9953329105 0.09650076299
box 0.31 0.5 0.02 -0.9624933815 0.1852115111 1.35 0 0 0.9953329105 0.09650076299
box 0.31 0.5 0.02 -0.9624933815 0.1852115111 1.6 0 0 0.9953329105 0.09650076299
box 0.31 0.02 0.7 -0.9624933815 0.1852115111 0.9 0 0 0.9953329105 0.09650076299
cyl 0.03 0.07 -1.138162156 -0.1916582912 0.44 0 0 0.9953329105 0.09650076299
cyl 0.03 0.07 -0.8233175091 -0.1449081933 1.44 0 0 0.9953329105 0.09650076299
cyl 0.03 0.07 -0.8438243231 -0.2496702865 0.44 0 0 0.9953329105 0.09650076299
cyl 0.03 0.07 -0.9978918613 0.5249332594 0.69 0 0 0.9953329105 0.09650076299
cyl 0.03 0.07 -0.7491268352 0.2341058399 0.69 0 0 0.9953329105 0.09650076299
cyl 0.03 0.07 -1.089532651 0.05677273043 0.94 0 0 0.9953329105 0.09650076299
cyl 0.03 0.07 -0.8124073612 -0.08917208907 0.94 0 0 0.9953329105 0.09650076299
cyl 0.03 0.07 -0.9765804393 0.6338058113 1.19 0 0 0.9953329105 0.09650076299
cyl 0.03 0.07 -0.7003472901 0.4833033622 1.19 0 0 0.9953329105 0.09650076299
cyl 0.03 0.07 -1.143295662 -0.2178835688 1.44 0 0 0.9953329105 0.09650076299
end
problem bookshelf_thin 43
start 1.57 -1.5707 0 -1.5707 -1.57 3.14
goal 1.940817697 0.1138264915 1.128606222 -1.250812723 2.144640433 -3.13972055
box 0.02 0.02 0.82 -1.079246851 0.6738304401 0.82 0 0 0.9952060641 0.09780025555
box 0.02 0.02 0.82 -1.273909666 -0.3070397799 0.82 0 0 0.9952060641 0.09780025555
box 0.02 0.02 0.82 -0.490724719 0.5570327513 0.82 0 0 0.9952060641 0.09780025555
box 0.02 0.02 0.82 -0.6853875338 -0.4238374687 0.82 0 0 0.9952060641 0.09780025555
box 0.31 0.5 0.02 -0.8823171924 0.1249964857 0.35 0 0 0.9952060641 0.09780025555
box 0.31 0.5 0.02 -0.8823171924 0.1249964857 0.85 0 0 0.9952060641 0.09780025555
box 0.31 0.5 0.02 -0.8823171924 0.1249964857 0.6 0 0 0.9952060641 0.09780025555
box 0.31 0.5 0.02 -0.8823171924 0.1249964857 1.1 0 0 0.9952060641 0.09780025555
box 0.31 0.5 0.02 -0.8823171924 0.1249964857 1.35 0 0 0.9952060641 0.09780025555
box 0.31 0.5 0.02 -0.8823171924 0.1249964857 1.6 0 0 0.9952060641 0.09780025555
box 0.31 0.02 0.7 -0.8823171924 0.1249964857 0.9 0 0 0.9952060641 0.09780025555
cyl 0.03 0.07 -1.001997658 0.03565736616 0.44 0 0 0.9952060641 0.09780025555
cyl 0.03 0.07 -0.7126374983 -0.04743624693 1.44 0 0 0.9952060641 0.09780025555
cyl 0.03 0.07 -0.7526016444 -0.2488082493 0.44 0 0 0.9952060641 0.09780025555
cyl 0.03 0.07 -0.9202857168 0.44738885 0.69 0 0 0.9952060641 0.09780025555
cyl 0.03 0.07 -0.6076585303 0.4815335182 0.69 0 0 0.9952060641 0.09780025555
cyl 0.03 0.07 -1.011133652 -0.01037723093 0.94 0 0 0.9952060641 0.09780025555
cyl 0.03 0.07 -0.7302038907 -0.1359500764 0.94 0 0 0.9952060641 0.09780025555
cyl 0.03 0.07 -0.9604171454 0.2451739423 1.19 0 0 0.9952060641 0.09780025555
cyl 0.03 0.07 -0.6071109955 0.4842924459 1.19 0 0 0.9952060641 0.09780025555
cyl 0.03 0.07 -1.056066279 -0.2367844983 1.44 0 0 0.9952060641 0.09780025555
end
problem bookshelf_thin 44
start 1.57 -1.5707 0 -1.5707 -1.57 3.14
goal 0.149392998 -1.118011991 1.781537974 2.488297984 -0.8663173992 -0.002029277027
box 0.02 0.02 0.82 -0.6034600367 1.187047587 0.82 0 0 0.937511732 0.347953664
box 0.02 0.02 0.82 -1.255881321 0.429191092 0.82 0 0 0.937511732 0.347953664
box 0.02 0.02 0.82 -0.1487461394 0.7955948167 0.82 0 0 0.937511732 0.347953664
box 0.02 0.02 0.82 -0.8011674239 0.03773832131 0.82 0 0 0.937511732 0.347953664
box 0.31 0.5 0.02 -0.7023137303 0.6123929543 0.35 0 0 0.937511732 0.347953664
box 0.31 0.5 0.02 -0.7023137303 0.6123929543 0.85 0 0 0.937511732 0.347953664
box 0.31 0.5 0.02 -0.7023137303 0.6123929543 0.6 0 0 0.937511732 0.347953664
box 0.31 0.5 0.02 -0.7023137303 0.6123929543 1.1 0 0 0.937511732 0.347953664
box 0.31 0.5 0.02 -0.7023137303 0.6123929543 1.35 0 0 0.937511732 0.347953664
box 0.31 0.5 0.02 -0.7023137303 0.6123929543 1.6 0 0 0.937511732 0.347953664
box 0.31 0.02 0.7 -0.7023137303 0.6123929543 0.9 0 0 0.937511732 0.347953664
cyl 0.03 0.07 -0.9239234836 0.5082449251 0.44 0 0 0.937511732 0.347953664
cyl 0.03 0.07 -0.685620264 0.3252337941 1.44 0 0 0.937511732 0.347953664
cyl 0.03 0.07 -0.7034831543 0.3044841531 0.44 0 0 0.937511732 0.347953664
cyl 0.03 0.07 -0.5760997647 0.912279053 0.69 0 0 0.937511732 0.347953664
cyl 0.03 0.07 -0.4480638919 0.6011807074 0.69 0 0 0.937511732 0.347953664
cyl 0.03 0.07 -0.9407947504 0.4886471599 0.94 0 0 0.937511732 0.347953664
cyl 0.03 0.07 -0.6212957164 0.3999535763 0.94 0 0 0.937511732 0.347953664
cyl 0.03 0.07 -0.7139666829 0.7521320099 1.19 0 0 0.937511732 0.347953664
cyl 0.03 0.07 -0.3946036298 0.6632804701 1.19 0 0 0.937511732 0.347953664
cyl 0.03 0.07 -0.8674951378 0.5737924317 1.44 0 0 0.937511732 0.347953664
end
problem bookshelf_thin 45
start 1.57 -1.5707 0 -1.5707 -1.57 3.14
goal 0.3313937911 -1.292004893 1.326800023 3.102605767 -1.989120209 -0.01055729178
box 0.02 0.02 0.82 0.5820519015 1.160420495 0.82 0 0 0.677683346 0.7353538486
box 0.02 0.02 0.82 -0.4146222116 1.24191106 0.82 0 0 0.677683346 0.7353538486
box 0.02 0.02 0.82 0.5331575624 0.5624160273 0.82 0 0 0.677683346 0.7353538486
box 0.02 0.02 0.82 -0.4635165508 0.6439065926 0.82 0 0 0.677683346 0.7353538486
box 0.31 0.5 0.02 0.05926767537 0.9021635439 0.35 0 0 0.677683346 0.7353538486
box 0.31 0.5 0.02 0.05926767537 0.9021635439 0.85 0 0 0.677683346 0.7353538486
box 0.31 0.5 0.02 0.05926767537 0.9021635439 0.6 0 0 0.677683346 0.7353538486
box 0.31 0.5 0.02 0.05926767537 0.9021635439 1.1 0 0 0.677683346 0.7353538486
box 0.31 0.5 0.02 0.05926767537 0.9021635439 1.35 0 0 0.677683346 0.7353538486
box 0.31 0.5 0.02 0.05926767537 0.9021635439 1.6 0 0 0.677683346 0.7353538486
box 0.31 0.02 0.7 0.05926767537 0.9021635439 0.9 0 0 0.677683346 0.7353538486
cyl 0.03 0.07 -0.2299449955 1.026143993 0.44 0 0 0.677683346 0.7353538486
cyl 0.03 0.07 -0.2497775946 0.7267644601 1.44 0 0 0.677683346 0.7353538486
cyl 0.03 0.07 -0.3771722705 0.737180567 0.44 0 0 0.677683346 0.7353538486
cyl 0.03 0.07 0.2691823822 0.9853340916 0.69 0 0 0.677683346 0.7353538486
cyl 0.03 0.07 0.3768625648 0.6755287953 0.69 0 0 0.677683346 0.7353538486
cyl 0.03 0.07 -0.3112078297 1.032788245 0.94 0 0 0.677683346 0.7353538486
cyl 0.03 0.07 -0.2774561375 0.7290275269 0.94 0 0 0.677683346 0.7353538486
cyl 0.03 0.07 0.3925896598 0.9752440043 1.19 0 0 0.677683346 0.7353538486
cyl 0.03 0.07 0.2976044148 0.6820091396 1.19 0 0 0.677683346 0.7353538486
cyl 0.03 0.07 -0.3343975729 1.034684297 1.44 0 0 0.677683346 0.7353538486
end
problem bookshelf_thin 46
start 1.57 -1.5707 0 -1.5707 -1.57 3.14
goal -0.6782617626 -0.8022375251 1.225117968 2.729276838 -0.8458376914 -0.002917870074
box 0.02 0.02 0.82 0.4608314073 1.370508093 0.82 0 0 0.7244638146 0.6893128327
box 0.02 0.02 0.82 -0.5379330012 1.320812456 0.82 0 0 0.7244638146 0.6893128327
box 0.02 0.02 0.82 0.4906487897 0.7712494479 0.82 0 0 0.7244638146 0.6893128327
box 0.02 0.02 0.82 -0.5081156188 0.7215538106 0.82 0 0 0.7244638146 0.6893128327
box 0.31 0.5 0.02 -0.02364210576 1.046030952 0.35 0 0 0.7244638146 0.6893128327
box 0.31 0.5 0.02 -0.02364210576 1.046030952 0.85 0 0 0.7244638146 0.6893128327
box 0.31 0.5 0.02 -0.02364210576 1.046030952 0.6 0 0 0.7244638146 0.6893128327
box 0.31 0.5 0.02 -0.02364210576 1.046030952 1.1 0 0 0.7244638146 0.6893128327
box 0.31 0.5 0.02 -0.02364210576 1.046030952 1.35 0 0 0.7244638146 0.6893128327
box 0.31 0.5 0.02 -0.02364210576 1.046030952 1.6 0 0 0.7244638146 0.6893128327
box 0.31 0.02 0.7 -0.02364210576 1.046030952 0.9 0 0 0.7244638146 0.6893128327
cyl 0.03 0.07 -0.4339577087 1.125738542 0.44 0 0 0.7244638146 0.6893128327
cyl 0.03 0.07 -0.4451723004 0.8248094006 1.44 0 0 0.7244638146 0.6893128327
cyl 0.03 0.07 -0.2172706096 0.8361491317 0.44 0 0 0.7244638146 0.6893128327
cyl 0.03 0.07 0.2793214488 1.161229257 0.69 0 0 0.7244638146 0.6893128327
cyl 0.03 0.07 0.06717080105 0.8503021161 0.69 0 0 0.7244638146 0.6893128327
cyl 0.03 0.07 -0.09091824762 1.142807197 0.94 0 0 0.7244638146 0.6893128327
cyl 0.03 0.07 -0.4194531992 0.8260891089 0.94 0 0 0.7244638146 0.6893128327
cyl 0.03 0.07 0.4171150417 1.168085469 1.19 0 0 0.7244638146 0.6893128327
cyl 0.03 0.07 0.3091927603 0.862344431 1.19 0 0 0.7244638146 0.6893128327
cyl 0.03 0.07 -0.2715300328 1.133820475 1.44 0 0 0.7244638146 0.6893128327
end
problem bookshelf_thin 47
start 1.57 -1.5707 0 -1.5707 -1.57 3.14
goal 3.020828594 -2.181984203 -0.8592022511 -0.1089621287 0.8353883571 0.004010301515
box 0.02 0.02 0.82 1.298590843 0.5268092719 0.82 0 0 0.3488104323 0.9371933004
box 0.02 0.02 0.82 0.6447852422 1.283471836 0.82 0 0 0.3488104323 0.9371933004
box 0.02 0.02 0.82 0.844593304 0.1345259115 0.82 0 0 0.3488104323 0.9371933004
box 0.02 0.02 0.82 0.1907877034 0.8911884762 0.82 0 0 0.3488104323 0.9371933004
box 0.31 0.5 0.02 0.7446892731 0.708998874 0.35 0 0 0.3488104323 0.9371933004
box 0.31 0.5 0.02 0.7446892731 0.708998874 0.85 0 0 0.3488104323 0.9371933004
box 0.31 0.5 0.02 0.7446892731 0.708998874 0.6 0 0 0.3488104323 0.9371933004
box 0.31 0.5 0.02 0.7446892731 0.708998874 1.1 0 0 0.3488104323 0.9371933004
box 0.31 0.5 0.02 0.7446892731 0.708998874 1.35 0 0 0.3488104323 0.9371933004
box 0.31 0.5 0.02 0.7446892731 0.708998874 1.6 0 0 0.3488104323 0.9371933004
box 0.31 0.02 0.7 0.7446892731 0.708998874 0.9 0 0 0.3488104323 0.9371933004
cyl 0.03 0.07 0.6515518918 0.969739329 0.44 0 0 0.3488104323 0.9371933004
cyl 0.03 0.07 0.3979608002 0.8043734861 1.44 0 0 0.3488104323 0.9371933004
cyl 0.03 0.07 0.4237892076 0.7744817431 0.44 0 0 0.3488104323 0.9371933004
cyl 0.03 0.07 0.9149199255 0.6649381287 0.69 0 0 0.3488104323 0.9371933004
cyl 0.03 0.07 0.7001351553 0.4546609381 0.69 0 0 0.3488104323 0.9371933004
cyl 0.03 0.07 0.6554480497 0.965230226 0.94 0 0 0.3488104323 0.9371933004
cyl 0.03 0.07 0.3939958913 0.8089621561 0.94 0 0 0.3488104323 0.9371933004
cyl 0.03 0.07 0.8737068961 0.7126348088 1.19 0 0 0.3488104323 0.9371933004
cyl 0.03 0.07 0.7875797206 0.3534595581 1.19 0 0 0.3488104323 0.9371933004
cyl 0.03 0.07 0.6719418936 0.9461415639 1.44 0 0 0.3488104323 0.9371933004
end
problem bookshelf_thin 48
start 1.57 -1.5707 0 -1.5707 -1.57 3.14
goal 0.3685595978 -0.7864697188 1.192643551 2.735319349 -1.082831122 0.007710663
box 0.02 0.02 0.82 -0.7315881952 1.319063957 0.82 0 0 0.9352151325 0.3540800135
box 0.02 0.02 0.82 -1.393870169 0.5698092694 0.82 0 0 0.9352151325 0.3540800135
box 0.02 0.02 0.82 -0.2820353824 0.9216947732 0.82 0 0 0.9352151325 0.3540800135
box 0.02 0.02 0.82 -0.9443173559 0.1724400852 0.82 0 0 0.9352151325 0.3540800135
box 0.31 0.5 0.02 -0.8379527756 0.7457520213 0.35 0 0 0.9352151325 0.3540800135
box 0.31 0.5 0.02 -0.8379527756 0.7457520213 0.85 0 0 0.9352151325 0.3540800135
box 0.31 0.5 0.02 -0.8379527756 0.7457520213 0.6 0 0 0.9352151325 0.3540800135
box 0.31 0.5 0.02 -0.8379527756 0.7457520213 1.1 0 0 0.9352151325 0.3540800135
box 0.31 0.5 0.02 -0.8379527756 0.7457520213 1.35 0 0 0.9352151325 0.3540800135
box 0.31 0.5 0.02 -0.8379527756 0.7457520213 1.6 0 0 0.9352151325 0.3540800135
box 0.31 0.02 0.7 -0.8379527756 0.7457520213 0.9 0 0 0.9352151325 0.3540800135
cyl 0.03 0.07 -1.141625468 0.5531932726 0.44 0 0 0.9352151325 0.3540800135
cyl 0.03 0.07 -0.8543660327 0.4251971544 1.44 0 0 0.9352151325 0.3540800135
cyl 0.03 0.07 -0.8247270405 0.4587284217 0.44 0 0 0.9352151325 0.3540800135
cyl 0.03 0.07 -0.7879624279 0.9533003283 0.69 0 0 0.9352151325 0.3540800135
cyl 0.03 0.07 -0.597010231 0.7163496373 0.69 0 0 0.9352151325 0.3540800135
cyl 0.03 0.07 -1.010999958 0.7009728886 0.94 0 0 0.9352151325 0.3540800135
cyl 0.03 0.07 -0.7318297723 0.563825218 0.94 0 0 0.9352151325 0.3540800135
cyl 0.03 0.07 -0.7231964907 1.026571509 1.19 0 0 0.9352151325 0.3540800135
cyl 0.03 0.07 -0.5516641319 0.7676507124 1.19 0 0 0.9352151325 0.3540800135
cyl 0.03 0.07 -1.107773223 0.5914910881 1.44 0 0 0.9352151325 0.3540800135
end
problem bookshelf_thin 49
start 1.57 -1.5707 0 -1.5707 -1.57 3.14
goal -0.6882868345 -0.6048243083 1.689533984 2.054880031 -1.75930049 -0.008656764862
box 0.02 0.02 0.82 1.288725913 0.4701531364 0.82 0 0 0.3417522145 0.9397900957
box 0.02 0.02 0.82 0.6463752199 1.236563984 0.82 0 0 0.3417522145 0.9397900957
box 0.02 0.02 0.82 0.8288794038 0.08474272082 0.82 0 0 0.3417522145 0.9397900957
box 0.02 0.02 0.82 0.1865287112 0.8511535686 0.82 0 0 0.3417522145 0.9397900957
box 0.31 0.5 0.02 0.7376273119 0.6606533525 0.35 0 0 0.3417522145 0.9397900957
box 0.31 0.5 0.02 0.7376273119 0.6606533525 0.85 0 0 0.3417522145 0.9397900957
box 0.31 0.5 0.02 0.7376273119 0.6606533525 0.6 0 0 0.3417522145 0.9397900957
box 0.31 0.5 0.02 0.7376273119 0.6606533525 1.1 0 0 0.3417522145 0.9397900957
box 0.31 0.5 0.02 0.7376273119 0.6606533525 1.35 0 0 0.3417522145 0.9397900957
box 0.31 0.5 0.02 0.7376273119 0.6606533525 1.6 0 0 0.3417522145 0.9397900957
box 0.31 0.02 0.7 0.7376273119 0.6606533525 0.9 0 0 0.3417522145 0.9397900957
cyl 0.03 0.07 0.5293882542 1.064788782 0.44 0 0 0.3417522145 0.9397900957
cyl 0.03 0.07 0.4673398696 0.6717862552 1.44 0 0 0.3417522145 0.9397900957
cyl 0.03 0.07 0.3957510009 0.7572014127 0.44 0 0 0.3417522145 0.9397900957
cyl 0.03 0.07 0.9765906569 0.5312161139 0.69 0 0 0.3417522145 0.9397900957
cyl 0.03 0.07 0.737921284 0.3489462029 0.69 0 0 0.3417522145 0.9397900957
cyl 0.03 0.07 0.5904423864 0.9919429829 0.94 0 0 0.3417522145 0.9397900957
cyl 0.03 0.07 0.4743233685 0.663454001 0.94 0 0 0.3417522145 0.9397900957
cyl 0.03 0.07 1.102513251 0.3809735082 1.19 0 0 0.3417522145 0.9397900957
cyl 0.03 0.07 0.8102231695 0.2626803205 1.19 0 0 0.3417522145 0.9397900957
cyl 0.03 0.07 0.6293819713 0.9454828161 1.44 0 0 0.3417522145 0.9397900957
end
problem bookshelf_thin 50
start 1.57 -1.5707 0 -1.5707 -1.57 3.14
goal -0.424170219 -0.0645224174 -1.140558754 -1.946187101 -1.891888788 -0.008572256002
box 0.02 0.02 0.82 1.235240903 0.6030777648 0.82 0 0 0.4007600705 0.9161830417
box 0.02 0.02 0.82 0.5009017426 1.281860497 0.82 0 0 0.4007600705 0.9161830417
box 0.02 0.02 0.82 0.8279712642 0.1624742684 0.82 0 0 0.4007600705 0.9161830417
box 0.02 0.02 0.82 0.09363210352 0.8412570002 0.82 0 0 0.4007600705 0.9161830417
box 0.31 0.5 0.02 0.6644365034 0.7221673825 0.35 0 0 0.4007600705 0.9161830417
box 0.31 0.5 0.02 0.6644365034 0.7221673825 0.85 0 0 0.4007600705 0.9161830417
box 0.31 0.5 0.02 0.6644365034 0.7221673825 0.6 0 0 0.4007600705 0.9161830417
box 0.31 0.5 0.02 0.6644365034 0.7221673825 1.1 0 0 0.4007600705 0.9161830417
box 0.31 0.5 0.02 0.6644365034 0.7221673825 1.35 0 0 0.4007600705 0.9161830417
box 0.31 0.5 0.02 0.6644365034 0.7221673825 1.6 0 0 0.4007600705 0.9161830417
box 0.31 0.02 0.7 0.6644365034 0.7221673825 0.9 0 0 0.4007600705 0.9161830417
cyl 0.03 0.07 0.6487399677 0.8728532553 0.44 0 0 0.4007600705 0.9161830417
cyl 0.03 0.07 0.3200026349 0.7681893898 1.44 0 0 0.4007600705 0.9161830417
cyl 0.03 0.07 0.3978618855 0.6962205807 0.44 0 0 0.4007600705 0.9161830417
cyl 0.03 0.07 0.9969416699 0.5509947528 0.69 0 0 0.4007600705 0.9161830417
cyl 0.03 0.07 0.7419124664 0.3781991464 0.69 0 0 0.4007600705 0.9161830417
cyl 0.03 0.07 0.4822412036 1.026755556 0.94 0 0 0.4007600705 0.9161830417
cyl 0.03 0.07 0.1991473341 0.8799013828 0.94 0 0 0.4007600705 0.9161830417
cyl 0.03 0.07 0.8811630868 0.6580141072 1.19 0 0 0.4007600705 0.9161830417
cyl 0.03 0.07 0.5844729236 0.5237276007 1.19 0 0 0.4007600705 0.9161830417
cyl 0.03 0.07 0.6888745694 0.8357550369 1.44 0 0 0.4007600705 0.9161830417
end
problem bookshelf_thin 51
start 1.57 -1.5707 0 -1.5707 -1.57 3.14
goal 0.632833703 0.1389964686 1.028386223 -1.157525416 1.847399793 -3.130009374
box 0.02 0.02 0.82 -0.02189014061 1.383080529 0.82 0 0 0.8194280855 0.5731820066
box 0.02 0.02 0.82 -0.9612530093 1.040155755 0.82 0 0 0.8194280855 0.5731820066
box 0.02 0.02 0.82 0.1838647241 0.8194628082 0.82 0 0 0.8194280855 0.5731820066
box 0.02 0.02 0.82 -0.7554981445 0.4765380336 0.82 0 0 0.8194280855 0.5731820066
box 0.31 0.5 0.02 -0.3886941426 0.9298092815 0.35 0 0 0.8194280855 0.5731820066
box 0.31 0.5 0.02 -0.3886941426 0.9298092815 0.85 0 0 0.8194280855 0.5731820066
box 0.31 0.5 0.02 -0.3886941426 0.9298092815 0.6 0 0 0.8194280855 0.5731820066
box 0.31 0.5 0.02 -0.3886941426 0.9298092815 1.1 0 0 0.8194280855 0.5731820066
box 0.31 0.5 0.02 -0.3886941426 0.9298092815 1.35 0 0 0.8194280855 0.5731820066
box 0.31 0.5 0.02 -0.3886941426 0.9298092815 1.6 0 0 0.8194280855 0.5731820066
box 0.31 0.02 0.7 -0.3886941426 0.9298092815 0.9 0 0 0.8194280855 0.5731820066
cyl 0.03 0.07 -0.7037543962 0.9212481953 0.44 0 0 0.8194280855 0.5731820066
cyl 0.03 0.07 -0.7323486612 0.5914441417 1.44 0 0 0.8194280855 0.5731820066
cyl 0.03 0.07 -0.5231190541 0.6678257172 0.44 0 0 0.8194280855 0.5731820066
cyl 0.03 0.07 -0.01972640432 1.170960157 0.69 0 0 0.8194280855 0.5731820066
cyl 0.03 0.07 -0.00561659534 0.8567456968 0.69 0 0 0.8194280855 0.5731820066
cyl 0.03 0.07 -0.7292208033 0.9119514026 0.94 0 0 0.8194280855 0.5731820066
cyl 0.03 0.07 -0.443793615 0.6967843435 0.94 0 0 0.8194280855 0.5731820066
cyl 0.03 0.07 -0.2299326755 1.09422204 1.19 0 0 0.8194280855 0.5731820066
cyl 0.03 0.07 -0.2420773464 0.7704230919 1.19 0 0 0.8194280855 0.5731820066
cyl 0.03 0.07 -0.7653535792 0.8987607342 1.44 0 0 0.8194280855 0.5731820066
end
problem bookshelf_thin 52
start 1.57 -1.5707 0 -1.5707 -1.57 3.14
goal -0.05908904367 -0.8501716873 1.500346959 -0.6493475927 1.641485932 -3.13181039
box 0.02 0.02 0.82 0.6691845707 1.285076357 0.82 0 0 0.6587119072 0.7523952574
box 0.02 0.02 0.82 -0.3220388592 1.417273603 0.82 0 0 0.6587119072 0.7523952574
box 0.02 0.02 0.82 0.5898662227 0.6903422986 0.82 0 0 0.6587119072 0.7523952574
box 0.02 0.02 0.82 -0.4013572072 0.8225395452 0.82 0 0 0.6587119072 0.7523952574
box 0.31 0.5 0.02 0.1339136817 1.053807951 0.35 0 0 0.6587119072 0.7523952574
box 0.31 0.5 0.02 0.1339136817 1.053807951 0.85 0 0 0.6587119072 0.7523952574
box 0.31 0.5 0.02 0.1339136817 1.053807951 0.6 0 0 0.6587119072 0.7523952574
box 0.31 0.5 0.02 0.1339136817 1.053807951 1.1 0 0 0.6587119072 0.7523952574
box 0.31 0.5 0.02 0.1339136817 1.053807951 1.35 0 0 0.6587119072 0.7523952574
box 0.31 0.5 0.02 0.1339136817 1.053807951 1.6 0 0 0.6587119072 0.7523952574
box 0.31 0.02 0.7 0.1339136817 1.053807951 0.9 0 0 0.6587119072 0.7523952574
cyl 0.03 0.07 -0.1063361175 1.186734956 0.44 0 0 0.6587119072 0.7523952574
cyl 0.03 0.07 -0.07281129464 0.8796075415 1.44 0 0 0.6587119072 0.7523952574
cyl 0.03 0.07 -0.04607986592 0.8760424308 0.44 0 0 0.6587119072 0.7523952574
cyl 0.03 0.07 0.2892661197 1.133974373 0.69 0 0 0.6587119072 0.7523952574
cyl 0.03 0.07 0.5492181173 0.7966488733 0.69 0 0 0.6587119072 0.7523952574
cyl 0.03 0.07 -0.2619129939 1.207483895 0.94 0 0 0.6587119072 0.7523952574
cyl 0.03 0.07 -0.03913355427 0.8751160168 0.94 0 0 0.6587119072 0.7523952574
cyl 0.03 0.07 0.267629993 1.136859934 1.19 0 0 0.6587119072 0.7523952574
cyl 0.03 0.07 0.4298209095 0.8125726113 1.19 0 0 0.6587119072 0.7523952574
cyl 0.03 0.07 0.07860558686 1.162069696 1.44 0 0 0.6587119072 0.7523952574
end
problem bookshelf_thin 53
start 1.57 -1.5707 0 -1.5707 -1.57 3.14
goal 1.80388148 -2.18734097 -1.514812526 0.5535105895 1.709210771 0.003814784811
box 0.02 0.02 0.82 1.40947754 0.07503060581 0.82 0 0 0.1802127056 0.9836276637
box 0.02 0.02 0.82 1.054953135 1.010077367 0.82 0 0 0.1802127056 0.9836276637
box 0.02 0.02 0.82 0.8484494829 -0.1376840373 0.82 0 0 0.1802127056 0.9836276637
box 0.02 0.02 0.82 0.4939250777 0.7973627242 0.82 0 0 0.1802127056 0.9836276637
box 0.31 0.5 0.02 0.9517013087 0.436196665 0.35 0 0 0.1802127056 0.9836276637
box 0.31 0.5 0.02 0.9517013087 0.436196665 0.85 0 0 0.1802127056 0.9836276637
box 0.31 0.5 0.02 0.9517013087 0.436196665 0.6 0 0 0.1802127056 0.9836276637
box 0.31 0.5 0.02 0.9517013087 0.436196665 1.1 0 0 0.1802127056 0.9836276637
box 0.31 0.5 0.02 0.9517013087 0.436196665 1.35 0 0 0.1802127056 0.9836276637
box 0.31 0.5 0.02 0.9517013087 0.436196665 1.6 0 0 0.1802127056 0.9836276637
box 0.31 0.02 0.7 0.9517013087 0.436196665 0.9 0 0 0.1802127056 0.9836276637
cyl 0.03 0.07 0.9201730212 0.8014195417 0.44 0 0 0.1802127056 0.9836276637
cyl 0.03 0.07 0.6142972938 0.7619528886 1.44 0 0 0.1802127056 0.9836276637
cyl 0.03 0.07 0.7246005616 0.4710315535 0.44 0 0 0.1802127056 0.9836276637
cyl 0.03 0.07 1.140709273 0.219762243 0.69 0 0 0.1802127056 0.9836276637
cyl 0.03 0.07 0.8248492799 0.2066287705 0.69 0 0 0.1802127056 0.9836276637
cyl 0.03 0.07 0.9459520873 0.7334280808 0.94 0 0 0.1802127056 0.9836276637
cyl 0.03 0.07 0.7044707536 0.5241232771 0.94 0 0 0.1802127056 0.9836276637
cyl 0.03 0.07 1.088587403 0.3572320045 1.19 0 0 0.1802127056 0.9836276637
cyl 0.03 0.07 0.8533190747 0.1315405988 1.19 0 0 0.1802127056 0.9836276637
cyl 0.03 0.07 0.907045046 0.8360441559 1.44 0 0 0.1802127056 0.9836276637
end
problem bookshelf_thin 54
start 1.57 -1.5707 0 -1.5707 -1.57 3.14
goal 1.778155603 -0.6477266383 1.117333551 -0.4730503471 1.966695743 3.141546312
box 0.02 0.02 0.82 -1.250481359 0.7498788483 0.82 0 0 0.9951921809 0.09794142643
box 0.02 0.02 0.82 -1.445422443 -0.2309361056 0.82 0 0 0.9951921809 0.09794142643
box 0.02 0.02 0.82 -0.661992387 0.6329141982 0.82 0 0 0.9951921809 0.09794142643
box 0.02 0.02 0.82 -0.8569334706 -0.3479007558 0.82 0 0 0.9951921809 0.09794142643
box 0.31 0.5 0.02 -1.053707415 0.2009890463 0.35 0 0 0.9951921809 0.09794142643
box 0.31 0.5 0.02 -1.053707415 0.2009890463 0.85 0 0 0.9951921809 0.09794142643
box 0.31 0.5 0.02 -1.053707415 0.2009890463 0.6 0 0 0.9951921809 0.09794142643
box 0.31 0.5 0.02 -1.053707415 0.2009890463 1.1 0 0 0.9951921809 0.09794142643
box 0.31 0.5 0.02 -1.053707415 0.2009890463 1.35 0 0 0.9951921809 0.09794142643
box 0.31 0.5 0.02 -1.053707415 0.2009890463 1.6 0 0 0.9951921809 0.09794142643
box 0.31 0.02 0.7 -1.053707415 0.2009890463 0.9 0 0 0.9951921809 0.09794142643
cyl 0.03 0.07 -1.235407544 -0.2002306565 0.44 0 0 0.9951921809 0.09794142643
cyl 0.03 0.07 -0.8757796184 0.07025335986 1.44 0 0 0.9951921809 0.09794142643
cyl 0.03 0.07 -0.9019784019 -0.06156163879 0.44 0 0 0.9951921809 0.09794142643
cyl 0.03 0.07 -1.064489268 0.6597173741 0.69 0 0 0.9951921809 0.09794142643
cyl 0.03 0.07 -0.8408874055 0.2458079609 0.69 0 0 0.9951921809 0.09794142643
cyl 0.03 0.07 -1.165572608 0.1511326804 0.94 0 0 0.9951921809 0.09794142643
cyl 0.03 0.07 -0.9287726442 -0.1963725932 0.94 0 0 0.9951921809 0.09794142643
cyl 0.03 0.07 -1.117397461 0.3935182438 1.19 0 0 0.9951921809 0.09794142643
cyl 0.03 0.07 -0.7781875107 0.5612724763 1.19 0 0 0.9951921809 0.09794142643
cyl 0.03 0.07 -1.16301122 0.1640198931 1.44 0 0 0.9951921809 0.09794142643
end
problem bookshelf_thin 55
start 1.57 -1.5707 0 -1.5707 -1.57 3.14
goal -1.155056673 0.08070216839 1.35437656 -1.441297845 1.731641875 3.134008271
box 0.02 0.02 0.82 1.333594099 -0.2023445692 0.82 0 0 0.1275716136 0.991829362
box 0.02 0.02 0.82 1.080535555 0.7651063976 0.82 0 0 0.1275716136 0.991829362
box 0.02 0.02 0.82 0.7531235189 -0.3541796958 0.82 0 0 0.1275716136 0.991829362
box 0.02 0.02 0.82 0.5000649747 0.613271271 0.82 0 0 0.1275716136 0.991829362
box 0.31 0.5 0.02 0.9168295368 0.2054633509 0.35 0 0 0.1275716136 0.991829362
box 0.31 0.5 0.02 0.9168295368 0.2054633509 0.85 0 0 0.1275716136 0.991829362
box 0.31 0.5 0.02 0.9168295368 0.2054633509 0.6 0 0 0.1275716136 0.991829362
box 0.31 0.5 0.02 0.9168295368 0.2054633509 1.1 0 0 0.1275716136 0.991829362
box 0.31 0.5 0.02 0.9168295368 0.2054633509 1.35 0 0 0.1275716136 0.991829362
box 0.31 0.5 0.02 0.9168295368 0.2054633509 1.6 0 0 0.1275716136 0.991829362
box 0.31 0.02 0.7 0.9168295368 0.2054633509 0.9 0 0 0.1275716136 0.991829362
cyl 0.03 0.07 0.9821089551 0.3510635074 0.44 0 0 0.1275716136 0.991829362
cyl 0.03 0.07 0.707152545 0.2167342941 1.44 0 0 0.1275716136 0.991829362
cyl 0.03 0.07 0.6687491615 0.3635516663 0.44 0 0 0.1275716136 0.991829362
cyl 0.03 0.07 1.077638934 -0.01415067805 0.69 0 0 0.1275716136 0.991829362
cyl 0.03 0.07 0.8233803619 -0.2276083941 0.69 0 0 0.1275716136 0.991829362
cyl 0.03 0.07 0.9535596316 0.4602084909 0.94 0 0 0.1275716136 0.991829362
cyl 0.03 0.07 0.6900918905 0.2819577258 0.94 0 0 0.1275716136 0.991829362
cyl 0.03 0.07 1.06182276 0.04631506317 1.19 0 0 0.1275716136 0.991829362
cyl 0.03 0.07 0.7371751391 0.1019569496 1.19 0 0 0.1275716136 0.991829362
cyl 0.03 0.07 0.9812925373 0.3541846992 1.44 0 0 0.1275716136 0.991829362
end
problem bookshelf_thin 56
start 1.57 -1.5707 0 -1.5707 -1.57 3.14
goal -0.5793481885 -0.9182640561 1.631448679 -0.7074228443 1.630086676 3.133870603
box 0.02 0.02 0.82 1.222361487 0.7515271091 0.82 0 0 0.4479837782 0.894041685
box 0.02 0.02 0.82 0.4213291435 1.350148178 0.82 0 0 0.4479837782 0.894041685
box 0.02 0.02 0.82 0.863188846 0.2709077028 0.82 0 0 0.4479837782 0.894041685
box 0.02 0.02 0.82 0.06215650216 0.8695287718 0.82 0 0 0.4479837782 0.894041685
box 0.31 0.5 0.02 0.6422589947 0.8105279404 0.35 0 0 0.4479837782 0.894041685
box 0.31 0.5 0.02 0.6422589947 0.8105279404 0.85 0 0 0.4479837782 0.894041685
box 0.31 0.5 0.02 0.6422589947 0.8105279404 0.6 0 0 0.4479837782 0.894041685
box 0.31 0.5 0.02 0.6422589947 0.8105279404 1.1 0 0 0.4479837782 0.894041685
box 0.31 0.5 0.02 0.6422589947 0.8105279404 1.35 0 0 0.4479837782 0.894041685
box 0.31 0.5 0.02 0.6422589947 0.8105279404 1.6 0 0 0.4479837782 0.894041685
box 0.31 0.02 0.7 0.6422589947 0.8105279404 0.9 0 0 0.4479837782 0.894041685
cyl 0.03 0.07 0.4774408004 1.058537456 0.44 0 0 0.4479837782 0.894041685
cyl 0.03 0.07 0.1920868985 0.8972691338 1.44 0 0 0.4479837782 0.894041685
cyl 0.03 0.07 0.1968369869 0.8937193359 0.44 0 0 0.4479837782 0.894041685
cyl 0.03 0.07 0.7422116714 0.8606710116 0.69 0 0 0.4479837782 0.894041685
cyl 0.03 0.07 0.8777960731 0.3848304511 0.69 0 0 0.4479837782 0.894041685
cyl 0.03 0.07 0.5265187167 1.021860941 0.94 0 0 0.4479837782 0.894041685
cyl 0.03 0.07 0.3847293612 0.7533051131 0.94 0 0 0.4479837782 0.894041685
cyl 0.03 0.07 0.889447851 0.7506396504 1.19 0 0 0.4479837782 0.894041685
cyl 0.03 0.07 0.8422241508 0.4114137749 1.19 0 0 0.4479837782 0.894041685
cyl 0.03 0.07 0.5212368951 1.02580811 1.44 0 0 0.4479837782 0.894041685
end
problem bookshelf_thin 57
start 1.57 -1.5707 0 -1.5707 -1.57 3.14
goal 2.097738125 -2.179663891 -1.521892198 0.5692114026 1.981435622 0.003055814075
box 0.02 0.02 0.82 1.206442084 0.6860106031 0.82 0 0 0.4543478057 0.8908243774
box 0.02 0.02 0.82 0.3969538812 1.273146746 0.82 0 0 0.4543478057 0.8908243774
box 0.02 0.02 0.82 0.8541603978 0.2003176817 0.82 0 0 0.4543478057 0.8908243774
box 0.02 0.02 0.82 0.0446721955 0.7874538246 0.82 0 0 0.4543478057 0.8908243774
box 0.31 0.5 0.02 0.6255571395 0.7367322139 0.35 0 0 0.4543478057 0.8908243774
box 0.31 0.5 0.02 0.6255571395 0.7367322139 0.85 0 0 0.4543478057 0.8908243774
box 0.31 0.5 0.02 0.6255571395 0.7367322139 0.6 0 0 0.4543478057 0.8908243774
box 0.31 0.5 0.02 0.6255571395 0.7367322139 1.1 0 0 0.4543478057 0.8908243774
box 0.31 0.5 0.02 0.6255571395 0.7367322139 1.35 0 0 0.4543478057 0.8908243774
box 0.31 0.5 0.02 0.6255571395 0.7367322139 1.6 0 0 0.4543478057 0.8908243774
box 0.31 0.02 0.7 0.6255571395 0.7367322139 0.9 0 0 0.4543478057 0.8908243774
cyl 0.03 0.07 0.3848960041 1.034822847 0.44 0 0 0.4543478057 0.8908243774
cyl 0.03 0.07 0.4227081665 0.6367924789 1.44 0 0 0.4543478057 0.8908243774
cyl 0.03 0.07 0.1875403179 0.8073638883 0.44 0 0 0.4543478057 0.8908243774
cyl 0.03 0.07 1.007022432 0.5835835204 0.69 0 0 0.4543478057 0.8908243774
cyl 0.03 0.07 0.8201304932 0.3485350203 0.69 0 0 0.4543478057 0.8908243774
cyl 0.03 0.07 0.471369579 0.9721020303 0.94 0 0 0.4543478057 0.8908243774
cyl 0.03 0.07 0.3376250449 0.6985047753 0.94 0 0 0.4543478057 0.8908243774
cyl 0.03 0.07 0.9530238153 0.6227496744 1.19 0 0 0.4543478057 0.8908243774
cyl 0.03 0.07 0.7136554086 0.4257632866 1.19 0 0 0.4543478057 0.8908243774
cyl 0.03 0.07 0.3908533157 1.030501903 1.44 0 0 0.4543478057 0.8908243774
end
problem bookshelf_thin 58
start 1.57 -1.5707 0 -1.5707 -1.57 3.14
goal 0.9934154289 0.07493620145 1.338380891 -1.421731908 1.801474309 3.13817342
box 0.02 0.02 0.82 -0.4506704349 1.270008132 0.82 0 0 0.9192301337 0.393720664
box 0.02 0.02 0.82 -1.174510232 0.580040055 0.82 0 0 0.9192301337 0.393720664
box 0.02 0.02 0.82 -0.03668958845 0.8357042541 0.82 0 0 0.9192301337 0.393720664
box 0.02 0.02 0.82 -0.7605293857 0.1457361766 0.82 0 0 0.9192301337 0.393720664
box 0.31 0.5 0.02 -0.6055999103 0.7078721546 0.35 0 0 0.9192301337 0.393720664
box 0.31 0.5 0.02 -0.6055999103 0.7078721546 0.85 0 0 0.9192301337 0.393720664
box 0.31 0.5 0.02 -0.6055999103 0.7078721546 0.6 0 0 0.9192301337 0.393720664
box 0.31 0.5 0.02 -0.6055999103 0.7078721546 1.1 0 0 0.9192301337 0.393720664
box 0.31 0.5 0.02 -0.6055999103 0.7078721546 1.35 0 0 0.9192301337 0.393720664
box 0.31 0.5 0.02 -0.6055999103 0.7078721546 1.6 0 0 0.9192301337 0.393720664
box 0.31 0.02 0.7 -0.6055999103 0.7078721546 0.9 0 0 0.9192301337 0.393720664
cyl 0.03 0.07 -0.7549491647 0.70366374 0.44 0 0 0.9192301337 0.393720664
cyl 0.03 0.07 -0.5177594724 0.5152979102 1.44 0 0 0.9192301337 0.393720664
cyl 0.03 0.07 -0.6600210984 0.3796933456 0.44 0 0 0.9192301337 0.393720664
cyl 0.03 0.07 -0.3790994109 1.061925793 0.69 0 0 0.9192301337 0.393720664
cyl 0.03 0.07 -0.3399246731 0.6848110195 0.69 0 0 0.9192301337 0.393720664
cyl 0.03 0.07 -0.8409940798 0.6216452535 0.94 0 0 0.9192301337 0.393720664
cyl 0.03 0.07 -0.5391680899 0.4948910983 0.94 0 0 0.9192301337 0.393720664
cyl 0.03 0.07 -0.4734434061 0.971996578 1.19 0 0 0.9192301337 0.393720664
cyl 0.03 0.07 -0.3019549541 0.7210039645 1.19 0 0 0.9192301337 0.393720664
cyl 0.03 0.07 -0.9577615632 0.5103418459 1.44 0 0 0.9192301337 0.393720664
end
problem bookshelf_thin 59
start 1.57 -1.5707 0 -1.5707 -1.57 3.14
goal 1.507895134 -0.08628915456 -1.048828661 -2.001723339 -1.776471858 -0.002801084524
box 0.02 0.02 0.82 -1.184390659 0.7553222576 0.82 0 0 0.9911771993 0.1325434256
box 0.02 0.02 0.82 -1.447138701 -0.2095422231 0.82 0 0 0.9911771993 0.1325434256
box 0.02 0.02 0.82 -0.6054719704 0.597673432 0.82 0 0 0.9911771993 0.1325434256
box 0.02 0.02 0.82 -0.868220013 -0.3671910487 0.82 0 0 0.9911771993 0.1325434256
box 0.31 0.5 0.02 -1.026305336 0.1940656045 0.35 0 0 0.9911771993 0.1325434256
box 0.31 0.5 0.02 -1.026305336 0.1940656045 0.85 0 0 0.9911771993 0.1325434256
box 0.31 0.5 0.02 -1.026305336 0.1940656045 0.6 0 0 0.9911771993 0.1325434256
box 0.31 0.5 0.02 -1.026305336 0.1940656045 1.1 0 0 0.9911771993 0.1325434256
box 0.31 0.5 0.02 -1.026305336 0.1940656045 1.35 0 0 0.9911771993 0.1325434256
box 0.31 0.5 0.02 -1.026305336 0.1940656045 1.6 0 0 0.9911771993 0.1325434256
box 0.31 0.02 0.7 -1.026305336 0.1940656045 0.9 0 0 0.9911771993 0.1325434256
cyl 0.03 0.07 -1.23823824 -0.2036025567 0.44 0 0 0.9911771993 0.1325434256
cyl 0.03 0.07 -0.8698943364 0.007253243515 1.44 0 0 0.9911771993 0.1325434256
cyl 0.03 0.07 -0.869655168 0.00813151887 0.44 0 0 0.9911771993 0.1325434256
cyl 0.03 0.07 -1.080547222 0.3754710706 0.69 0 0 0.9911771993 0.1325434256
cyl 0.03 0.07 -0.7968643163 0.2754343944 0.69 0 0 0.9911771993 0.1325434256
cyl 0.03 0.07 -1.217624574 -0.1279049668 0.94 0 0 0.9911771993 0.1325434256
cyl 0.03 0.07 -0.8659945702 0.02157398138 0.94 0 0 0.9911771993 0.1325434256
cyl 0.03 0.07 -1.018582583 0.6030178811 1.19 0 0 0.9911771993 0.1325434256
cyl 0.03 0.07 -0.7890550827 0.304111495 1.19 0 0 0.9911771993 0.1325434256
cyl 0.03 0.07 -1.229591732 -0.1718508142 1.44 0 0 0.9911771993 0.1325434256
end
problem bookshelf_thin 60
start 1.57 -1.5707 0 -1.5707 -1.57 3.14
goal 1.806382839 -2.712702156 -1.529408452 -2.050398636 -1.792768854 3.138118911
box 0.02 0.02 0.82 1.414152642 0.08165382762 0.82 0 0 0.2222803478 0.9749827932
box 0.02 0.02 0.82 0.9807136132 0.9828367216 0.82 0 0 0.2222803478 0.9749827932
box 0.02 0.02 0.82 0.8734429055 -0.1784095896 0.82 0 0 0.2222803478 0.9749827932
box 0.02 0.02 0.82 0.4400038769 0.7227733044 0.82 0 0 0.2222803478 0.9749827932
box 0.31 0.5 0.02 0.9270782594 0.402213566 0.35 0 0 0.2222803478 0.9749827932
box 0.31 0.5 0.02 0.9270782594 0.402213566 0.85 0 0 0.2222803478 0.9749827932
box 0.31 0.5 0.02 0.9270782594 0.402213566 0.6 0 0 0.2222803478 0.9749827932
box 0.31 0.5 0.02 0.9270782594 0.402213566 1.1 0 0 0.2222803478 0.9749827932
box 0.31 0.5 0.02 0.9270782594 0.402213566 1.35 0 0 0.2222803478 0.9749827932
box 0.31 0.5 0.02 0.9270782594 0.402213566 1.6 0 0 0.2222803478 0.9749827932
box 0.31 0.02 0.7 0.9270782594 0.402213566 0.9 0 0 0.2222803478 0.9749827932
cyl 0.03 0.07 0.9196446395 0.6483821019 0.44 0 0 0.2222803478 0.9749827932
cyl 0.03 0.07 0.6974290162 0.4182618891 1.44 0 0 0.2222803478 0.9749827932
cyl 0.03 0.07 0.5757856862 0.6711760959 0.44 0 0 0.2222803478 0.9749827932
cyl 0.03 0.07 1.106442653 0.2600018158 0.69 0 0 0.2222803478 0.9749827932
cyl 0.03 0.07 0.8260781941 0.1507815038 0.69 0 0 0.2222803478 0.9749827932
cyl 0.03 0.07 0.9228581681 0.6417007077 0.94 0 0 0.2222803478 0.9749827932
cyl 0.03 0.07 0.6564968962 0.5033657305 0.94 0 0 0.2222803478 0.9749827932
cyl 0.03 0.07 1.17977326 0.1075367978 1.19 0 0 0.2222803478 0.9749827932
cyl 0.03 0.07 0.8875420651 0.02298916035 1.19 0 0 0.2222803478 0.9749827932
cyl 0.03 0.07 0.8664709922 0.7589378621 1.44 0 0 0.2222803478 0.9749827932
end
problem bookshelf_thin 61
start 1.57 -1.5707 0 -1.5707 -1.57 3.14
goal 1.933283332 -2.777634505 -1.327108892 -2.167179985 -2.095005616 3.140775277
box 0.02 0.02 0.82 1.21790049 0.6424246573 0.82 0 0 0.4294428141 0.9030940535
box 0.02 0.02 0.82 0.442245986 1.273582396 0.82 0 0 0.4294428141 0.9030940535
box 0.02 0.02 0.82 0.8392058463 0.1770319552 0.82 0 0 0.4294428141 0.9030940535
box 0.02 0.02 0.82 0.06355134275 0.8081896939 0.82 0 0 0.4294428141 0.9030940535
box 0.31 0.5 0.02 0.6407259161 0.7253071756 0.35 0 0 0.4294428141 0.9030940535
box 0.31 0.5 0.02 0.6407259161 0.7253071756 0.85 0 0 0.4294428141 0.9030940535
box 0.31 0.5 0.02 0.6407259161 0.7253071756 0.6 0 0 0.4294428141 0.9030940535
box 0.31 0.5 0.02 0.6407259161 0.7253071756 1.1 0 0 0.4294428141 0.9030940535
box 0.31 0.5 0.02 0.6407259161 0.7253071756 1.35 0 0 0.4294428141 0.9030940535
box 0.31 0.5 0.02 0.6407259161 0.7253071756 1.6 0 0 0.4294428141 0.9030940535
box 0.31 0.02 0.7 0.6407259161 0.7253071756 0.9 0 0 0.4294428141 0.9030940535
cyl 0.03 0.07 0.6394827972 0.8552420934 0.44 0 0 0.4294428141 0.9030940535
cyl 0.03 0.07 0.3987409956 0.6643659388 1.44 0 0 0.4294428141 0.9030940535
cyl 0.03 0.07 0.3205695184 0.7279748427 0.44 0 0 0.4294428141 0.9030940535
cyl 0.03 0.07 0.7920739524 0.7310771616 0.69 0 0 0.4294428141 0.9030940535
cyl 0.03 0.07 0.8029931539 0.3354219606 0.69 0 0 0.4294428141 0.9030940535
cyl 0.03 0.07 0.4808071446 0.9843580408 0.94 0 0 0.4294428141 0.9030940535
cyl 0.03 0.07 0.2594579567 0.7777019247 0.94 0 0 0.4294428141 0.9030940535
cyl 0.03 0.07 0.8602866655 0.6755718025 1.19 0 0 0.4294428141 0.9030940535
cyl 0.03 0.07 0.5629412738 0.5307545489 1.19 0 0 0.4294428141 0.9030940535
cyl 0.03 0.07 0.6284059393 0.8642554421 1.44 0 0 0.4294428141 0.9030940535
end
problem bookshelf_thin 62
start 1.57 -1.5707 0 -1.5707 -1.57 3.14
goal -0.3463841946 -1.169719083 1.843875446 2.461764614 -0.8663168801 -0.004241598767
box 0.02 0.02 0.82 0.04471718546 1.310779736 0.82 0 0 0.8210617493 0.5708393854
box 0.02 0.02 0.82 -0.8926715832 0.962494944 0.82 0 0 0.8210617493 0.5708393854
box 0.02 0.02 0.82 0.2536880608 0.748346475 0.82 0 0 0.8210617493 0.5708393854
box 0.02 0.02 0.82 -0.6837007078 0.4000616828 0.82 0 0 0.8210617493 0.5708393854
box 0.31 0.5 0.02 -0.3194917612 0.8554207095 0.35 0 0 0.8210617493 0.5708393854
box 0.31 0.5 0.02 -0.3194917612 0.8554207095 0.85 0 0 0.8210617493 0.5708393854
box 0.31 0.5 0.02 -0.3194917612 0.8554207095 0.6 0 0 0.8210617493 0.5708393854
box 0.31 0.5 0.02 -0.3194917612 0.8554207095 1.1 0 0 0.8210617493 0.5708393854
box 0.31 0.5 0.02 -0.3194917612 0.8554207095 1.35 0 0 0.8210617493 0.5708393854
box 0.31 0.5 0.02 -0.3194917612 0.8554207095 1.6 0 0 0.8210617493 0.5708393854
box 0.31 0.02 0.7 -0.3194917612 0.8554207095 0.9 0 0 0.8210617493 0.5708393854
cyl 0.03 0.07 -0.6708627658 0.831548888 0.44 0 0 0.8210617493 0.5708393854
cyl 0.03 0.07 -0.6595989809 0.5156959517 1.44 0 0 0.8210617493 0.5708393854
cyl 0.03 0.07 -0.3115042461 0.645029806 0.44 0 0 0.8210617493 0.5708393854
cyl 0.03 0.07 -0.1082871003 1.040572673 0.69 0 0 0.8210617493 0.5708393854
cyl 0.03 0.07 0.06128853133 0.7835401651 0.69 0 0 0.8210617493 0.5708393854
cyl 0.03 0.07 -0.4039890177 0.9307052584 0.94 0 0 0.8210617493 0.5708393854
cyl 0.03 0.07 -0.3482699331 0.6313695936 0.94 0 0 0.8210617493 0.5708393854
cyl 0.03 0.07 -0.01788775941 1.074160355 1.19 0 0 0.8210617493 0.5708393854
cyl 0.03 0.07 -0.04170717997 0.7452723289 1.19 0 0 0.8210617493 0.5708393854
cyl 0.03 0.07 -0.4181859429 0.9254304211 1.44 0 0 0.8210617493 0.5708393854
end
problem bookshelf_thin 63
start 1.57 -1.5707 0 -1.5707 -1.57 3.14
goal -0.237586344 0.1253038104 1.071682884 -1.198196212 1.536000715 3.136632466
box 0.02 0.02 0.82 0.809956376 1.210467153 0.82 0 0 0.6286931255 0.7776534922
box 0.02 0.02 0.82 -0.1678544331 1.419957061 0.82 0 0 0.6286931255 0.7776534922
box 0.02 0.02 0.82 0.6842624313 0.6237806673 0.82 0 0 0.6286931255 0.7776534922
box 0.02 0.02 0.82 -0.2935483778 0.8332705751 0.82 0 0 0.6286931255 0.7776534922
box 0.31 0.5 0.02 0.2582039991 1.021868864 0.35 0 0 0.6286931255 0.7776534922
box 0.31 0.5 0.02 0.2582039991 1.021868864 0.85 0 0 0.6286931255 0.7776534922
box 0.31 0.5 0.02 0.2582039991 1.021868864 0.6 0 0 0.6286931255 0.7776534922
box 0.31 0.5 0.02 0.2582039991 1.021868864 1.1 0 0 0.6286931255 0.7776534922
box 0.31 0.5 0.02 0.2582039991 1.021868864 1.35 0 0 0.6286931255 0.7776534922
box 0.31 0.5 0.02 0.2582039991 1.021868864 1.6 0 0 0.6286931255 0.7776534922
box 0.31 0.02 0.7 0.2582039991 1.021868864 0.9 0 0 0.6286931255 0.7776534922
cyl 0.03 0.07 0.1856396082 1.139684608 0.44 0 0 0.6286931255 0.7776534922
cyl 0.03 0.07 -0.02140922541 0.8772357202 1.44 0 0 0.6286931255 0.7776534922
cyl 0.03 0.07 0.08835477878 0.8537194623 0.44 0 0 0.6286931255 0.7776534922
cyl 0.03 0.07 0.5287559593 1.066174055 0.69 0 0 0.6286931255 0.7776534922
cyl 0.03 0.07 0.5792088481 0.748557019 0.69 0 0 0.6286931255 0.7776534922
cyl 0.03 0.07 0.008141606317 1.177712455 0.94 0 0 0.6286931255 0.7776534922
cyl 0.03 0.07 -0.1977162424 0.9150084062 0.94 0 0 0.6286931255 0.7776534922
cyl 0.03 0.07 0.4535639617 1.082283475 1.19 0 0 0.6286931255 0.7776534922
cyl 0.03 0.07 0.3162287483 0.8048988761 1.19 0 0 0.6286931255 0.7776534922
cyl 0.03 0.07 0.2114808439 1.134148283 1.44 0 0 0.6286931255 0.7776534922
end
problem bookshelf_thin 64
start 1.57 -1.5707 0 -1.5707 -1.57 3.14
goal -0.2788337943 -1.036000387 1.840584797 -0.8077408871 1.663707387 3.138812016
box 0.02 0.02 0.82 1.018299115 0.9499350985 0.82 0 0 0.5604314255 0.8282008315
box 0.02 0.02 0.82 0.08999956975 1.321768333 0.82 0 0 0.5604314255 0.8282008315
box 0.02 0.02 0.82 0.7951991742 0.3929553714 0.82 0 0 0.5604314255 0.8282008315
box 0.02 0.02 0.82 -0.133100371 0.764788606 0.82 0 0 0.5604314255 0.8282008315
box 0.31 0.5 0.02 0.442599372 0.8573618523 0.35 0 0 0.5604314255 0.8282008315
box 0.31 0.5 0.02 0.442599372 0.8573618523 0.85 0 0 0.5604314255 0.8282008315
box 0.31 0.5 0.02 0.442599372 0.8573618523 0.6 0 0 0.5604314255 0.8282008315
box 0.31 0.5 0.02 0.442599372 0.8573618523 1.1 0 0 0.5604314255 0.8282008315
box 0.31 0.5 0.02 0.442599372 0.8573618523 1.35 0 0 0.5604314255 0.8282008315
box 0.31 0.5 0.02 0.442599372 0.8573618523 1.6 0 0 0.5604314255 0.8282008315
box 0.31 0.02 0.7 0.442599372 0.8573618523 0.9 0 0 0.5604314255 0.8282008315
cyl 0.03 0.07 0.2021763552 1.061387879 0.44 0 0 0.5604314255 0.8282008315
cyl 0.03 0.07 0.09185068043 0.7824076203 1.44 0 0 0.5604314255 0.8282008315
cyl 0.03 0.07 0.02770411627 0.8081017236 0.44 0 0 0.5604314255 0.8282008315
cyl 0.03 0.07 0.8107447347 0.8176239452 0.69 0 0 0.5604314255 0.8282008315
cyl 0.03 0.07 0.5383317104 0.6035682721 0.69 0 0 0.5604314255 0.8282008315
cyl 0.03 0.07 0.08378357823 1.10881047 0.94 0 0 0.5604314255 0.8282008315
cyl 0.03 0.07 0.1309125305 0.7667612762 0.94 0 0 0.5604314255 0.8282008315
cyl 0.03 0.07 0.6900776991 0.865957497 1.19 0 0 0.5604314255 0.8282008315
cyl 0.03 0.07 0.7626934335 0.5136994947 1.19 0 0 0.5604314255 0.8282008315
cyl 0.03 0.07 0.1341152124 1.088649979 1.44 0 0 0.5604314255 0.8282008315
end
problem bookshelf_thin 65
start 1.57 -1.5707 0 -1.5707 -1.57 3.14
goal -2.874819641 -2.228323594 -1.437471859 0.5339004597 1.915922191 0.005119216307
box 0.02 0.02 0.82 -0.4099289662 1.312743364 0.82 0 0 0.8859268477 0.463824989
box 0.02 0.02 0.82 -1.231758987 0.7430106049 0.82 0 0 0.8859268477 0.463824989
box 0.02 0.02 0.82 -0.06808931076 0.8196453515 0.82 0 0 0.8859268477 0.463824989
box 0.02 0.02 0.82 -0.8899193316 0.2499125924 0.82 0 0 0.8859268477 0.463824989
box 0.31 0.5 0.02 -0.6499241489 0.7813279782 0.35 0 0 0.8859268477 0.463824989
box 0.31 0.5 0.02 -0.6499241489 0.7813279782 0.85 0 0 0.8859268477 0.463824989
box 0.31 0.5 0.02 -0.6499241489 0.7813279782 0.6 0 0 0.8859268477 0.463824989
box 0.31 0.5 0.02 -0.6499241489 0.7813279782 1.1 0 0 0.8859268477 0.463824989
box 0.31 0.5 0.02 -0.6499241489 0.7813279782 1.35 0 0 0.8859268477 0.463824989
box 0.31 0.5 0.02 -0.6499241489 0.7813279782 1.6 0 0 0.8859268477 0.463824989
box 0.31 0.02 0.7 -0.6499241489 0.7813279782 0.9 0 0 0.8859268477 0.463824989
cyl 0.03 0.07 -0.8641248026 0.7545132734 0.44 0 0 0.8859268477 0.463824989
cyl 0.03 0.07 -0.8312735022 0.4122484123 1.44 0 0 0.8859268477 0.463824989
cyl 0.03 0.07 -0.6701426666 0.523952187 0.44 0 0 0.8859268477 0.463824989
cyl 0.03 0.07 -0.5728560574 0.956435011 0.69 0 0 0.8859268477 0.463824989
cyl 0.03 0.07 -0.1846537978 0.8605168119 0.69 0 0 0.8859268477 0.463824989
cyl 0.03 0.07 -0.8933042792 0.7342846333 0.94 0 0 0.8859268477 0.463824989
cyl 0.03 0.07 -0.7142629505 0.4933658486 0.94 0 0 0.8859268477 0.463824989
cyl 0.03 0.07 -0.4094931026 1.0696862 1.19 0 0 0.8859268477 0.463824989
cyl 0.03 0.07 -0.2138765536 0.8402581686 1.19 0 0 0.8859268477 0.463824989
cyl 0.03 0.07 -0.808395891 0.7931472802 1.44 0 0 0.8859268477 0.463824989
end
problem bookshelf_thin 66
start 1.57 -1.5707 0 -1.5707 -1.57 3.14
goal -1.373224164 -1.017622202 1.091073568 -0.07152132077 0.8929741163 -3.134685783
box 0.02 0.02 0.82 1.17393856 0.7538238579 0.82 0 0 0.4222077932 0.9064990785
box 0.02 0.02 0.82 0.4084766085 1.397305017 0.82 0 0 0.4222077932 0.9064990785
box 0.02 0.02 0.82 0.7878498643 0.2945466873 0.82 0 0 0.4222077932 0.9064990785
box 0.02 0.02 0.82 0.02238791331 0.938027846 0.82 0 0 0.4222077932 0.9064990785
box 0.31 0.5 0.02 0.5981632364 0.845925852 0.35 0 0 0.4222077932 0.9064990785
box 0.31 0.5 0.02 0.5981632364 0.845925852 0.85 0 0 0.4222077932 0.9064990785
box 0.31 0.5 0.02 0.5981632364 0.845925852 0.6 0 0 0.4222077932 0.9064990785
box 0.31 0.5 0.02 0.5981632364 0.845925852 1.1 0 0 0.4222077932 0.9064990785
box 0.31 0.5 0.02 0.5981632364 0.845925852 1.35 0 0 0.4222077932 0.9064990785
box 0.31 0.5 0.02 0.5981632364 0.845925852 1.6 0 0 0.4222077932 0.9064990785
box 0.31 0.02 0.7 0.5981632364 0.845925852 0.9 0 0 0.4222077932 0.9064990785
cyl 0.03 0.07 0.3743731772 1.164693736 0.44 0 0 0.4222077932 0.9064990785
cyl 0.03 0.07 0.1778685393 0.937964024 1.44 0 0 0.4222077932 0.9064990785
cyl 0.03 0.07 0.3946984108 0.7556872474 0.44 0 0 0.4222077932 0.9064990785
cyl 0.03 0.07 0.8313737491 0.7805188505 0.69 0 0 0.4222077932 0.9064990785
cyl 0.03 0.07 0.5494941885 0.6255590729 0.69 0 0 0.4222077932 0.9064990785
cyl 0.03 0.07 0.5504211302 1.016700043 0.94 0 0 0.4222077932 0.9064990785
cyl 0.03 0.07 0.422880671 0.7319959936 0.94 0 0 0.4222077932 0.9064990785
cyl 0.03 0.07 1.002735788 0.6364643446 1.19 0 0 0.4222077932 0.9064990785
cyl 0.03 0.07 0.7621663967 0.4467774119 1.19 0 0 0.4222077932 0.9064990785
cyl 0.03 0.07 0.4655282224 1.088064775 1.44 0 0 0.4222077932 0.9064990785
end
problem bookshelf_thin 67
start 1.57 -1.5707 0 -1.5707 -1.57 3.14
goal 1.119391054 -2.598089981 -0.7326212331 0.1779782993 2.089042404 -0.01182285477
box 0.02 0.02 0.82 1.41094106 -0.4804479059 0.82 0 0 0.03758499189 0.9992934346
box 0.02 0.02 0.82 1.335824189 0.5167268309 0.82 0 0 0.03758499189 0.9992934346
box 0.02 0.02 0.82 0.8126362181 -0.5255180286 0.82 0 0 0.03758499189 0.9992934346
box 0.02 0.02 0.82 0.7375193468 0.4716567082 0.82 0 0 0.03758499189 0.9992934346
box 0.31 0.5 0.02 1.074230203 -0.00439559885 0.35 0 0 0.03758499189 0.9992934346
box 0.31 0.5 0.02 1.074230203 -0.00439559885 0.85 0 0 0.03758499189 0.9992934346
box 0.31 0.5 0.02 1.074230203 -0.00439559885 0.6 0 0 0.03758499189 0.9992934346
box 0.31 0.5 0.02 1.074230203 -0.00439559885 1.1 0 0 0.03758499189 0.9992934346
box 0.31 0.5 0.02 1.074230203 -0.00439559885 1.35 0 0 0.03758499189 0.9992934346
box 0.31 0.5 0.02 1.074230203 -0.00439559885 1.6 0 0 0.03758499189 0.9992934346
box 0.31 0.02 0.7 1.074230203 -0.00439559885 0.9 0 0 0.03758499189 0.9992934346
cyl 0.03 0.07 1.158709647 0.2054005914 0.44 0 0 0.03758499189 0.9992934346
cyl 0.03 0.07 0.8707285639 0.0345662733 1.44 0 0 0.03758499189 0.9992934346
cyl 0.03 0.07 0.8567791873 0.2197439262 0.44 0 0 0.03758499189 0.9992934346
cyl 0.03 0.07 1.19743404 -0.3086648367 0.69 0 0 0.03758499189 0.9992934346
cyl 0.03 0.07 0.8835752617 -0.1359733454 0.69 0 0 0.03758499189 0.9992934346
cyl 0.03 0.07 1.148757326 0.3375174167 0.94 0 0 0.03758499189 0.9992934346
cyl 0.03 0.07 0.8475955105 0.3416570243 0.94 0 0 0.03758499189 0.9992934346
cyl 0.03 0.07 1.181189947 -0.09302487352 1.19 0 0 0.03758499189 0.9992934346
cyl 0.03 0.07 0.9041121176 -0.4085996346 1.19 0 0 0.03758499189 0.9992934346
cyl 0.03 0.07 1.162801933 0.1510755911 1.44 0 0 0.03758499189 0.9992934346
end
problem bookshelf_thin 68
start 1.57 -1.5707 0 -1.5707 -1.57 3.14
goal -0.6806018188 -0.9380526749 1.472120273 2.613146972 -0.901816219 -0.003814505567
box 0.02 0.02 0.82 0.542398324 1.312087916 0.82 0 0 0.7059600952 0.7082516106
box 0.02 0.02 0.82 -0.4575964249 1.315328604 0.82 0 0 0.7059600952 0.7082516106
box 0.02 0.02 0.82 0.5404539113 0.7120910665 0.82 0 0 0.7059600952 0.7082516106
box 0.02 0.02 0.82 -0.4595408377 0.7153317544 0.82 0 0 0.7059600952 0.7082516106
box 0.31 0.5 0.02 0.0414287432 1.013709835 0.35 0 0 0.7059600952 0.7082516106
box 0.31 0.5 0.02 0.0414287432 1.013709835 0.85 0 0 0.7059600952 0.7082516106
box 0.31 0.5 0.02 0.0414287432 1.013709835 0.6 0 0 0.7059600952 0.7082516106
box 0.31 0.5 0.02 0.0414287432 1.013709835 1.1 0 0 0.7059600952 0.7082516106
box 0.31 0.5 0.02 0.0414287432 1.013709835 1.35 0 0 0.7059600952 0.7082516106
box 0.31 0.5 0.02 0.0414287432 1.013709835 1.6 0 0 0.7059600952 0.7082516106
box 0.31 0.02 0.7 0.0414287432 1.013709835 0.9 0 0 0.7059600952 0.7082516106
cyl 0.03 0.07 -0.1306587094 1.114268045 0.44 0 0 0.7059600952 0.7082516106
cyl 0.03 0.07 -0.2485221283 0.8146484302 1.44 0 0 0.7059600952 0.7082516106
cyl 0.03 0.07 -0.3798217707 0.8150739336 0.44 0 0 0.7059600952 0.7082516106
cyl 0.03 0.07 0.1668940315 1.113303764 0.69 0 0 0.7059600952 0.7082516106
cyl 0.03 0.07 0.185395068 0.8132422326 0.69 0 0 0.7059600952 0.7082516106
cyl 0.03 0.07 -0.119234733 1.114231023 0.94 0 0 0.7059600952 0.7082516106
cyl 0.03 0.07 -0.08823135039 0.8141289751 0.94 0 0 0.7059600952 0.7082516106
cyl 0.03 0.07 0.09259954872 1.113544531 1.19 0 0 0.7059600952 0.7082516106
cyl 0.03 0.07 0.2886064313 0.812907755 1.19 0 0 0.7059600952 0.7082516106
cyl 0.03 0.07 -0.1911323766 1.114464022 1.44 0 0 0.7059600952 0.7082516106
end
problem bookshelf_thin 69
start 1.57 -1.5707 0 -1.5707 -1.57 3.14
goal -0.8890910106 -0.08823068403 1.679535642 1.558491484 -1.1143106 -0.008750142677
box 0.02 0.02 0.82 0.9082598465 0.9061479564 0.82 0 0 0.5380459913 0.8429154828
box 0.02 0.02 0.82 0.001205253334 1.327160979 0.82 0 0 0.5380459913 0.8429154828
box 0.02 0.02 0.82 0.655652033 0.3619152005 0.82 0 0 0.5380459913 0.8429154828
box 0.02 0.02 0.82 -0.2514025601 0.7829282229 0.82 0 0 0.5380459913 0.8429154828
box 0.31 0.5 0.02 0.3284286432 0.8445380896 0.35 0 0 0.5380459913 0.8429154828
box 0.31 0.5 0.02 0.3284286432 0.8445380896 0.85 0 0 0.5380459913 0.8429154828
box 0.31 0.5 0.02 0.3284286432 0.8445380896 0.6 0 0 0.5380459913 0.8429154828
box 0.31 0.5 0.02 0.3284286432 0.8445380896 1.1 0 0 0.5380459913 0.8429154828
box 0.31 0.5 0.02 0.3284286432 0.8445380896 1.35 0 0 0.5380459913 0.8429154828
box 0.31 0.5 0.02 0.3284286432 0.8445380896 1.6 0 0 0.5380459913 0.8429154828
box 0.31 0.02 0.7 0.3284286432 0.8445380896 0.9 0 0 0.5380459913 0.8429154828
cyl 0.03 0.07 -0.03684272228 1.124327204 0.44 0 0 0.5380459913 0.8429154828
cyl 0.03 0.07 0.03022506979 0.7624565779 1.44 0 0 0.5380459913 0.8429154828
cyl 0.03 0.07 -0.06462403781 0.8064811711 0.44 0 0 0.5380459913 0.8429154828
cyl 0.03 0.07 0.7101260756 0.777618645 0.69 0 0 0.5380459913 0.8429154828
cyl 0.03 0.07 0.3743803988 0.6027155035 0.69 0 0 0.5380459913 0.8429154828
cyl 0.03 0.07 0.04566017645 1.086033153 0.94 0 0 0.5380459913 0.8429154828
cyl 0.03 0.07 -0.021986453 0.7866907653 0.94 0 0 0.5380459913 0.8429154828
cyl 0.03 0.07 0.6013489465 0.8281079851 1.19 0 0 0.5380459913 0.8429154828
cyl 0.03 0.07 0.5698053175 0.5120082447 1.19 0 0 0.5380459913 0.8429154828
cyl 0.03 0.07 0.2021208746 1.013411294 1.44 0 0 0.5380459913 0.8429154828
end
problem bookshelf_thin 70
start 1.57 -1.5707 0 -1.5707 -1.57 3.14
goal -1.193923741 -0.500122674 1.796318514 -1.303717912 0.8534930052 -3.138710837
box 0.02 0.02 0.82 0.9918094153 0.8543360955 0.82 0 0 0.522583829 0.8525879085
box 0.02 0.02 0.82 0.1007121078 1.308148379 0.82 0 0 0.522583829 0.8525879085
box 0.02 0.02 0.82 0.7195220453 0.3196777109 0.82 0 0 0.522583829 0.8525879085
box 0.02 0.02 0.82 -0.1715752622 0.7734899942 0.82 0 0 0.522583829 0.8525879085
box 0.31 0.5 0.02 0.4101170766 0.8139130448 0.35 0 0 0.522583829 0.8525879085
box 0.31 0.5 0.02 0.4101170766 0.8139130448 0.85 0 0 0.522583829 0.8525879085
box 0.31 0.5 0.02 0.4101170766 0.8139130448 0.6 0 0 0.522583829 0.8525879085
box 0.31 0.5 0.02 0.4101170766 0.8139130448 1.1 0 0 0.522583829 0.8525879085
box 0.31 0.5 0.02 0.4101170766 0.8139130448 1.35 0 0 0.522583829 0.8525879085
box 0.31 0.5 0.02 0.4101170766 0.8139130448 1.6 0 0 0.522583829 0.8525879085
box 0.31 0.02 0.7 0.4101170766 0.8139130448 0.9 0 0 0.522583829 0.8525879085
cyl 0.03 0.07 0.07369516256 1.097465015 0.44 0 0 0.522583829 0.8525879085
cyl 0.03 0.07 0.04204249341 0.7769213126 1.44 0 0 0.522583829 0.8525879085
cyl 0.03 0.07 0.1582982193 0.7177153471 0.44 0 0 0.522583829 0.8525879085
cyl 0.03 0.07 0.7297566648 0.7633502489 0.69 0 0 0.522583829 0.8525879085
cyl 0.03 0.07 0.5307227689 0.5280493771 0.69 0 0 0.522583829 0.8525879085
cyl 0.03 0.07 0.09388351059 1.087183623 0.94 0 0 0.522583829 0.8525879085
cyl 0.03 0.07 -0.0006781885066 0.7986778256 0.94 0 0 0.522583829 0.8525879085
cyl 0.03 0.07 0.5653879674 0.8470588778 1.19 0 0 0.522583829 0.8525879085
cyl 0.03 0.07 0.6313961642 0.4767790804 1.19 0 0 0.522583829 0.8525879085
cyl 0.03 0.07 0.2051840249 1.030501216 1.44 0 0 0.522583829 0.8525879085
end
problem bookshelf_thin 71
start 1.57 -1.5707 0 -1.5707 -1.57 3.14
goal 0.4965296315 -0.002785605159 -1.469281061 -1.660625428 -1.745287359 -0.004884165755
box 0.02 0.02 0.82 0.05964558518 1.312389636 0.82 0 0 0.8119058466 0.5837884003
box 0.02 0.02 0.82 -0.8883168455 0.994007429 0.82 0 0 0.8119058466 0.5837884003
box 0.02 0.02 0.82 0.2506749096 0.7436121779 0.82 0 0 0.8119058466 0.5837884003
box 0.02 0.02 0.82 -0.6972875211 0.4252299705 0.82 0 0 0.8119058466 0.5837884003
box 0.31 0.5 0.02 -0.318820968 0.8688098034 0.35 0 0 0.8119058466 0.5837884003
box 0.31 0.5 0.02 -0.318820968 0.8688098034 0.85 0 0 0.8119058466 0.5837884003
box 0.31 0.5 0.02 -0.318820968 0.8688098034 0.6 0 0 0.8119058466 0.5837884003
box 0.31 0.5 0.02 -0.318820968 0.8688098034 1.1 0 0 0.8119058466 0.5837884003
box 0.31 0.5 0.02 -0.318820968 0.8688098034 1.35 0 0 0.8119058466 0.5837884003
box 0.31 0.5 0.02 -0.318820968 0.8688098034 1.6 0 0 0.8119058466 0.5837884003
box 0.31 0.02 0.7 -0.318820968 0.8688098034 0.9 0 0 0.8119058466 0.5837884003
cyl 0.03 0.07 -0.6994617306 0.8464573921 0.44 0 0 0.8119058466 0.5837884003
cyl 0.03 0.07 -0.4104727643 0.6270488498 1.44 0 0 0.8119058466 0.5837884003
cyl 0.03 0.07 -0.3471305958 0.6483229202 0.44 0 0 0.8119058466 0.5837884003
cyl 0.03 0.07 -0.09135528422 1.050695732 0.69 0 0 0.8119058466 0.5837884003
cyl 0.03 0.07 -0.1764741291 0.7056395192 0.69 0 0 0.8119058466 0.5837884003
cyl 0.03 0.07 -0.5850903729 0.8848701014 0.94 0 0 0.8119058466 0.5837884003
cyl 0.03 0.07 -0.6278104326 0.5540539248 0.94 0 0 0.8119058466 0.5837884003
cyl 0.03 0.07 0.0210152731 1.088436453 1.19 0 0 0.8119058466 0.5837884003
cyl 0.03 0.07 0.136694583 0.8108202127 1.19 0 0 0.8119058466 0.5837884003
cyl 0.03 0.07 -0.7709213293 0.8224570055 1.44 0 0 0.8119058466 0.5837884003
end
problem bookshelf_thin 72
start 1.57 -1.5707 0 -1.5707 -1.57 3.14
goal -0.0676408166 -0.1030440764 -0.9849153117 -2.058983408 -1.635660451 -0.008648573619
box 0.02 0.02 0.82 0.6585333373 1.291259523 0.82 0 0 0.654791882 0.7558092294
box 0.02 0.02 0.82 -0.3312621582 1.433754705 0.82 0 0 0.654791882 0.7558092294
box 0.02 0.02 0.82 0.5730362278 0.6973822254 0.82 0 0 0.654791882 0.7558092294
box 0.02 0.02 0.82 -0.4167592677 0.8398774079 0.82 0 0 0.654791882 0.7558092294
box 0.31 0.5 0.02 0.1208870348 1.065568465 0.35 0 0 0.654791882 0.7558092294
box 0.31 0.5 0.02 0.1208870348 1.065568465 0.85 0 0 0.654791882 0.7558092294
box 0.31 0.5 0.02 0.1208870348 1.065568465 0.6 0 0 0.654791882 0.7558092294
box 0.31 0.5 0.02 0.1208870348 1.065568465 1.1 0 0 0.654791882 0.7558092294
box 0.31 0.5 0.02 0.1208870348 1.065568465 1.35 0 0 0.654791882 0.7558092294
box 0.31 0.5 0.02 0.1208870348 1.065568465 1.6 0 0 0.654791882 0.7558092294
box 0.31 0.02 0.7 0.1208870348 1.065568465 0.9 0 0 0.654791882 0.7558092294
cyl 0.03 0.07 0.07490153176 1.173219705 0.44 0 0 0.654791882 0.7558092294
cyl 0.03 0.07 -0.03036321554 0.8852811546 1.44 0 0 0.654791882 0.7558092294
cyl 0.03 0.07 -0.2178199686 0.9122682286 0.44 0 0 0.654791882 0.7558092294
cyl 0.03 0.07 0.2025084863 1.154848864 0.69 0 0 0.654791882 0.7558092294
cyl 0.03 0.07 0.5089741632 0.8076358445 0.69 0 0 0.654791882 0.7558092294
cyl 0.03 0.07 -0.02446056927 1.187524297 0.94 0 0 0.654791882 0.7558092294
cyl 0.03 0.07 -0.1870472245 0.9078380531 0.94 0 0 0.654791882 0.7558092294
cyl 0.03 0.07 0.331827679 1.136231521 1.19 0 0 0.654791882 0.7558092294
cyl 0.03 0.07 0.2169053902 0.8496833112 1.19 0 0 0.654791882 0.7558092294
cyl 0.03 0.07 -0.1321891385 1.203033362 1.44 0 0 0.654791882 0.7558092294
end
problem bookshelf_thin 73
start 1.57 -1.5707 0 -1.5707 -1.57 3.14
goal 0.5546309405 -0.1274196675 -0.9307571314 -2.090949202 -1.681075957 -0.01055836461
box 0.02 0.02 0.82 -0.1373134945 1.466924696 0.82 0 0 0.846893925 0.5317618638
box 0.02 0.02 0.82 -1.038005279 1.032466056 0.82 0 0 0.846893925 0.5317618638
box 0.02 0.02 0.82 0.1233616898 0.9265096257 0.82 0 0 0.846893925 0.5317618638
box 0.02 0.02 0.82 -0.7773300942 0.4920509852 0.82 0 0 0.846893925 0.5317618638
box 0.31 0.5 0.02 -0.4573217944 0.9794878407 0.35 0 0 0.846893925 0.5317618638
box 0.31 0.5 0.02 -0.4573217944 0.9794878407 0.85 0 0 0.846893925 0.5317618638
box 0.31 0.5 0.02 -0.4573217944 0.9794878407 0.6 0 0 0.846893925 0.5317618638
box 0.31 0.5 0.02 -0.4573217944 0.9794878407 1.1 0 0 0.846893925 0.5317618638
box 0.31 0.5 0.02 -0.4573217944 0.9794878407 1.35 0 0 0.846893925 0.5317618638
box 0.31 0.5 0.02 -0.4573217944 0.9794878407 1.6 0 0 0.846893925 0.5317618638
box 0.31 0.02 0.7 -0.4573217944 0.9794878407 0.9 0 0 0.846893925 0.5317618638
cyl 0.03 0.07 -0.5853382054 1.028763481 0.44 0 0 0.846893925 0.5317618638
cyl 0.03 0.07 -0.5360676169 0.7194523799 1.44 0 0 0.846893925 0.5317618638
cyl 0.03 0.07 -0.760087739 0.6113937972 0.44 0 0 0.846893925 0.5317618638
cyl 0.03 0.07 -0.2302651943 1.200036873 0.69 0 0 0.846893925 0.5317618638
cyl 0.03 0.07 -0.1492704863 0.9060282525 0.69 0 0 0.846893925 0.5317618638
cyl 0.03 0.07 -0.738907448 0.9546876585 0.94 0 0 0.846893925 0.5317618638
cyl 0.03 0.07 -0.6902110492 0.6450995911 0.94 0 0 0.846893925 0.5317618638
cyl 0.03 0.07 -0.1743160349 1.227024569 1.19 0 0 0.846893925 0.5317618638
cyl 0.03 0.07 -0.2345948579 0.8648710985 1.19 0 0 0.846893925 0.5317618638
cyl 0.03 0.07 -0.6472359808 0.9989064043 1.44 0 0 0.846893925 0.5317618638
end
problem bookshelf_thin 74
start 1.57 -1.5707 0 -1.5707 -1.57 3.14
goal -1.050788975 -0.248310497 -0.5848650946 -2.314574658 -2.084804072 0.003224108108
box 0.02 0.02 0.82 1.312641961 -0.456874741 0.82 0 0 0.0001772968925 0.9999999843
box 0.02 0.02 0.82 1.312287367 0.5431251961 0.82 0 0 0.0001772968925 0.9999999843
box 0.02 0.02 0.82 0.7126419983 -0.4570874973 0.82 0 0 0.0001772968925 0.9999999843
box 0.02 0.02 0.82 0.7122874045 0.5429124399 0.82 0 0 0.0001772968925 0.9999999843
box 0.31 0.5 0.02 1.012464683 0.04301884945 0.35 0 0 0.0001772968925 0.9999999843
box 0.31 0.5 0.02 1.012464683 0.04301884945 0.85 0 0 0.0001772968925 0.9999999843
box 0.31 0.5 0.02 1.012464683 0.04301884945 0.6 0 0 0.0001772968925 0.9999999843
box 0.31 0.5 0.02 1.012464683 0.04301884945 1.1 0 0 0.0001772968925 0.9999999843
box 0.31 0.5 0.02 1.012464683 0.04301884945 1.35 0 0 0.0001772968925 0.9999999843
box 0.31 0.5 0.02 1.012464683 0.04301884945 1.6 0 0 0.0001772968925 0.9999999843
box 0.31 0.02 0.7 1.012464683 0.04301884945 0.9 0 0 0.0001772968925 0.9999999843
cyl 0.03 0.07 1.112332773 0.4150373265 0.44 0 0 0.0001772968925 0.9999999843
cyl 0.03 0.07 0.8123270666 0.4310780508 1.44 0 0 0.0001772968925 0.9999999843
cyl 0.03 0.07 0.8123469391 0.3750349455 0.44 0 0 0.0001772968925 0.9999999843
cyl 0.03 0.07 1.112561306 -0.2294530133 0.69 0 0 0.0001772968925 0.9999999843
cyl 0.03 0.07 0.8126180153 -0.3894345884 0.69 0 0 0.0001772968925 0.9999999843
cyl 0.03 0.07 1.112386161 0.2644783152 0.94 0 0 0.0001772968925 0.9999999843
cyl 0.03 0.07 0.8124249033 0.1551658875 0.94 0 0 0.0001772968925 0.9999999843
cyl 0.03 0.07 1.112551778 -0.2025832232 1.19 0 0 0.0001772968925 0.9999999843
cyl 0.03 0.07 0.8124864885 -0.01851219238 1.19 0 0 0.0001772968925 0.9999999843
cyl 0.03 0.07 1.11233489 0.4090673274 1.44 0 0 0.0001772968925 0.9999999843
end
problem bookshelf_thin 75
start 1.57 -1.5707 0 -1.5707 -1.57 3.14
goal 1.444880411 0.08087664227 1.286697052 -1.370723961 1.995884247 -3.138098071
box 0.02 0.02 0.82 -0.7575859821 1.039795156 0.82 0 0 0.9614836147 0.2748622541
box 0.02 0.02 0.82 -1.286137089 0.1908936731 0.82 0 0 0.9614836147 0.2748622541
box 0.02 0.02 0.82 -0.2482450925 0.7226644913 0.82 0 0 0.9614836147 0.2748622541
box 0.02 0.02 0.82 -0.7767961997 -0.1262369912 0.82 0 0 0.9614836147 0.2748622541
box 0.31 0.5 0.02 -0.7671910909 0.4567790822 0.35 0 0 0.9614836147 0.2748622541
box 0.31 0.5 0.02 -0.7671910909 0.4567790822 0.85 0 0 0.9614836147 0.2748622541
box 0.31 0.5 0.02 -0.7671910909 0.4567790822 0.6 0 0 0.9614836147 0.2748622541
box 0.31 0.5 0.02 -0.7671910909 0.4567790822 1.1 0 0 0.9614836147 0.2748622541
box 0.31 0.5 0.02 -0.7671910909 0.4567790822 1.35 0 0 0.9614836147 0.2748622541
box 0.31 0.5 0.02 -0.7671910909 0.4567790822 1.6 0 0 0.9614836147 0.2748622541
box 0.31 0.02 0.7 -0.7671910909 0.4567790822 0.9 0 0 0.9614836147 0.2748622541
cyl 0.03 0.07 -1.060861577 0.1743138499 0.44 0 0 0.9614836147 0.2748622541
cyl 0.03 0.07 -0.6905214165 0.2015246746 1.44 0 0 0.9614836147 0.2748622541
cyl 0.03 0.07 -0.7504741192 0.1052351437 0.44 0 0 0.9614836147 0.2748622541
cyl 0.03 0.07 -0.6964412751 0.7596062286 0.69 0 0 0.9614836147 0.2748622541
cyl 0.03 0.07 -0.4353163855 0.611407326 0.69 0 0 0.9614836147 0.2748622541
cyl 0.03 0.07 -0.9860531819 0.2944629838 0.94 0 0 0.9614836147 0.2748622541
cyl 0.03 0.07 -0.7275998793 0.1419732678 0.94 0 0 0.9614836147 0.2748622541
cyl 0.03 0.07 -0.625184994 0.8740503417 1.19 0 0 0.9614836147 0.2748622541
cyl 0.03 0.07 -0.3917856878 0.681321613 1.19 0 0 0.9614836147 0.2748622541
cyl 0.03 0.07 -1.003961135 0.2657011708 1.44 0 0 0.9614836147 0.2748622541
end
problem bookshelf_thin 77
start 1.57 -1.5707 0 -1.5707 -1.57 3.14
goal 2.622446941 -2.611583806 -1.496322787 0.9629033759 1.146364719 0.003488488453
box 0.02 0.02 0.82 1.402884217 0.4086387349 0.82 0 0 0.3119421618 0.9501010934
box 0.02 0.02 0.82 0.8101310391 1.21402291 0.82 0 0 0.3119421618 0.9501010934
box 0.02 0.02 0.82 0.9196537119 0.05298682805 0.82 0 0 0.3119421618 0.9501010934
box 0.02 0.02 0.82 0.3269005338 0.8583710034 0.82 0 0 0.3119421618 0.9501010934
box 0.31 0.5 0.02 0.8648923755 0.6335048691 0.35 0 0 0.3119421618 0.9501010934
box 0.31 0.5 0.02 0.8648923755 0.6335048691 0.85 0 0 0.3119421618 0.9501010934
box 0.31 0.5 0.02 0.8648923755 0.6335048691 0.6 0 0 0.3119421618 0.9501010934
box 0.31 0.5 0.02 0.8648923755 0.6335048691 1.1 0 0 0.3119421618 0.9501010934
box 0.31 0.5 0.02 0.8648923755 0.6335048691 1.35 0 0 0.3119421618 0.9501010934
box 0.31 0.5 0.02 0.8648923755 0.6335048691 1.6 0 0 0.3119421618 0.9501010934
box 0.31 0.02 0.7 0.8648923755 0.6335048691 0.9 0 0 0.3119421618 0.9501010934
cyl 0.03 0.07 0.818476855 0.8652747369 0.44 0 0 0.3119421618 0.9501010934
cyl 0.03 0.07 0.5914178114 0.6676710061 1.44 0 0 0.3119421618 0.9501010934
cyl 0.03 0.07 0.6590699254 0.5757508881 0.44 0 0 0.3119421618 0.9501010934
cyl 0.03 0.07 1.154300067 0.4089858288 0.69 0 0 0.3119421618 0.9501010934
cyl 0.03 0.07 0.8073518273 0.3742776582 0.69 0 0 0.3119421618 0.9501010934
cyl 0.03 0.07 0.8184601839 0.8652973881 0.94 0 0 0.3119421618 0.9501010934
cyl 0.03 0.07 0.6199366522 0.6289219552 0.94 0 0 0.3119421618 0.9501010934
cyl 0.03 0.07 1.036876089 0.568531854 1.19 0 0 0.3119421618 0.9501010934
cyl 0.03 0.07 0.9098698553 0.2349846094 1.19 0 0 0.3119421618 0.9501010934
cyl 0.03 0.07 0.7062197084 1.017800498 1.44 0 0 0.3119421618 0.9501010934
end
problem bookshelf_thin 78
start 1.57 -1.5707 0 -1.5707 -1.57 3.14
goal -2.068648244 -2.614735781 -1.48758449 0.9690172041 0.9625272196 0.001778855165
box 0.02 0.02 0.82 -0.1945646412 1.392715366 0.82 0 0 0.8514339538 0.5244618407
box 0.02 0.02 0.82 -1.087653878 0.9428358106 0.82 0 0 0.8514339538 0.5244618407
box 0.02 0.02 0.82 0.07536309202 0.8568618235 0.82 0 0 0.8514339538 0.5244618407
box 0.02 0.02 0.82 -0.8177261452 0.4069822682 0.82 0 0 0.8514339538 0.5244618407
box 0.31 0.5 0.02 -0.5061453932 0.899848817 0.35 0 0 0.8514339538 0.5244618407
box 0.31 0.5 0.02 -0.5061453932 0.899848817 0.85 0 0 0.8514339538 0.5244618407
box 0.31 0.5 0.02 -0.5061453932 0.899848817 0.6 0 0 0.8514339538 0.5244618407
box 0.31 0.5 0.02 -0.5061453932 0.899848817 1.1 0 0 0.8514339538 0.5244618407
box 0.31 0.5 0.02 -0.5061453932 0.899848817 1.35 0 0 0.8514339538 0.5244618407
box 0.31 0.5 0.02 -0.5061453932 0.899848817 1.6 0 0 0.8514339538 0.5244618407
box 0.31 0.02 0.7 -0.5061453932 0.899848817 0.9 0 0 0.8514339538 0.5244618407
cyl 0.03 0.07 -0.8655786776 0.8307608877 0.44 0 0 0.8514339538 0.5244618407
cyl 0.03 0.07 -0.7637769161 0.5461292314 1.44 0 0 0.8514339538 0.5244618407
cyl 0.03 0.07 -0.6744068575 0.5911479826 0.44 0 0 0.8514339538 0.5244618407
cyl 0.03 0.07 -0.2316607663 1.150086993 0.69 0 0 0.8514339538 0.5244618407
cyl 0.03 0.07 -0.1511334666 0.8547386638 0.69 0 0 0.8514339538 0.5244618407
cyl 0.03 0.07 -0.7163872974 0.905913682 0.94 0 0 0.8514339538 0.5244618407
cyl 0.03 0.07 -0.5975844868 0.6298460349 0.94 0 0 0.8514339538 0.5244618407
cyl 0.03 0.07 -0.2521848175 1.139748328 1.19 0 0 0.8514339538 0.5244618407
cyl 0.03 0.07 -0.3464003589 0.7563760602 1.19 0 0 0.8514339538 0.5244618407
cyl 0.03 0.07 -0.6776992064 0.925402195 1.44 0 0 0.8514339538 0.5244618407
end
problem bookshelf_thin 79
start 1.57 -1.5707 0 -1.5707 -1.57 3.14
goal 1.245853989 0.07480182477 1.301320628 -1.368834197 1.640056221 3.134952724
box 0.02 0.02 0.82 -0.982806691 0.9577833272 0.82 0 0 0.9807593374 0.1952207009
box 0.02 0.02 0.82 -1.365735742 0.03400557131 0.82 0 0 0.9807593374 0.1952207009
box 0.02 0.02 0.82 -0.4285400375 0.7280258968 0.82 0 0 0.9807593374 0.1952207009
box 0.02 0.02 0.82 -0.8114690881 -0.1957518591 0.82 0 0 0.9807593374 0.1952207009
box 0.31 0.5 0.02 -0.8971378895 0.3810157341 0.35 0 0 0.9807593374 0.1952207009
box 0.31 0.5 0.02 -0.8971378895 0.3810157341 0.85 0 0 0.9807593374 0.1952207009
box 0.31 0.5 0.02 -0.8971378895 0.3810157341 0.6 0 0 0.9807593374 0.1952207009
box 0.31 0.5 0.02 -0.8971378895 0.3810157341 1.1 0 0 0.9807593374 0.1952207009
box 0.31 0.5 0.02 -0.8971378895 0.3810157341 1.35 0 0 0.9807593374 0.1952207009
box 0.31 0.5 0.02 -0.8971378895 0.3810157341 1.6 0 0 0.9807593374 0.1952207009
box 0.31 0.02 0.7 -0.8971378895 0.3810157341 0.9 0 0 0.9807593374 0.1952207009
cyl 0.03 0.07 -1.046251284 0.2824396757 0.44 0 0 0.9807593374 0.1952207009
cyl 0.03 0.07 -0.8679847659 -0.07094525596 1.44 0 0 0.9807593374 0.1952207009
cyl 0.03 0.07 -0.7708730984 0.1633268581 0.44 0 0 0.9807593374 0.1952207009
cyl 0.03 0.07 -0.8533934979 0.7476896539 0.69 0 0 0.9807593374 0.1952207009
cyl 0.03 0.07 -0.6696060676 0.4076233676 0.69 0 0 0.9807593374 0.1952207009
cyl 0.03 0.07 -1.120569771 0.1031538121 0.94 0 0 0.9807593374 0.1952207009
cyl 0.03 0.07 -0.8629960104 -0.05891038612 0.94 0 0 0.9807593374 0.1952207009
cyl 0.03 0.07 -0.8235594492 0.8196612905 1.19 0 0 0.9807593374 0.1952207009
cyl 0.03 0.07 -0.6397189833 0.4797229476 1.19 0 0 0.9807593374 0.1952207009
cyl 0.03 0.07 -1.077005903 0.2082472536 1.44 0 0 0.9807593374 0.1952207009
end
problem bookshelf_thin 80
start 1.57 -1.5707 0 -1.5707 -1.57 3.14
goal 2.75406486 -3.13395775 1.402662843 -1.406644235 1.310334975 -0.008893025267
box 0.02 0.02 0.82 1.272790913 0.6446582307 0.82 0 0 0.4470357991 0.8945160671
box 0.02 0.02 0.82 0.4730295033 1.244976219 0.82 0 0 0.4470357991 0.8945160671
box 0.02 0.02 0.82 0.9126001199 0.1648013848 0.82 0 0 0.4470357991 0.8945160671
box 0.02 0.02 0.82 0.1128387101 0.7651193734 0.82 0 0 0.4470357991 0.8945160671
box 0.31 0.5 0.02 0.6928148116 0.7048888021 0.35 0 0 0.4470357991 0.8945160671
box 0.31 0.5 0.02 0.6928148116 0.7048888021 0.85 0 0 0.4470357991 0.8945160671
box 0.31 0.5 0.02 0.6928148116 0.7048888021 0.6 0 0 0.4470357991 0.8945160671
box 0.31 0.5 0.02 0.6928148116 0.7048888021 1.1 0 0 0.4470357991 0.8945160671
box 0.31 0.5 0.02 0.6928148116 0.7048888021 1.35 0 0 0.4470357991 0.8945160671
box 0.31 0.5 0.02 0.6928148116 0.7048888021 1.6 0 0 0.4470357991 0.8945160671
box 0.31 0.02 0.7 0.6928148116 0.7048888021 0.9 0 0 0.4470357991 0.8945160671
cyl 0.03 0.07 0.6751624115 0.8431763613 0.44 0 0 0.4470357991 0.8945160671
cyl 0.03 0.07 0.4557994846 0.6327229849 1.44 0 0 0.4470357991 0.8945160671
cyl 0.03 0.07 0.2192590953 0.8102752511 0.44 0 0 0.4470357991 0.8945160671
cyl 0.03 0.07 0.9512861516 0.6359119869 0.69 0 0 0.4470357991 0.8945160671
cyl 0.03 0.07 0.6610938513 0.4786246504 0.69 0 0 0.4470357991 0.8945160671
cyl 0.03 0.07 0.432604686 1.025245369 0.94 0 0 0.4470357991 0.8945160671
cyl 0.03 0.07 0.4088695668 0.6679495832 0.94 0 0 0.4470357991 0.8945160671
cyl 0.03 0.07 0.9437355287 0.6415796457 1.19 0 0 0.4470357991 0.8945160671
cyl 0.03 0.07 0.8692689094 0.3223640074 1.19 0 0 0.4470357991 0.8945160671
cyl 0.03 0.07 0.4936547992 0.9794198501 1.44 0 0 0.4470357991 0.8945160671
end
problem bookshelf_thin 81
start 1.57 -1.5707 0 -1.5707 -1.57 3.14
goal 0.1652198615 0.05773219097 0.9525561667 2.143095911 -1.003403626 -0.0129324034
box 0.02 0.02 0.82 -0.5724649199 1.336510728 0.82 0 0 0.9148275036 0.40384482
box 0.02 0.02 0.82 -1.311361617 0.6626920051 0.82 0 0 0.9148275036 0.40384482
box 0.02 0.02 0.82 -0.1681736863 0.8931727096 0.82 0 0 0.9148275036 0.40384482
box 0.02 0.02 0.82 -0.9070703834 0.2193539869 0.82 0 0 0.9148275036 0.40384482
box 0.31 0.5 0.02 -0.7397676517 0.7779323574 0.35 0 0 0.9148275036 0.40384482
box 0.31 0.5 0.02 -0.7397676517 0.7779323574 0.85 0 0 0.9148275036 0.40384482
box 0.31 0.5 0.02 -0.7397676517 0.7779323574 0.6 0 0 0.9148275036 0.40384482
box 0.31 0.5 0.02 -0.7397676517 0.7779323574 1.1 0 0 0.9148275036 0.40384482
box 0.31 0.5 0.02 -0.7397676517 0.7779323574 1.35 0 0 0.9148275036 0.40384482
box 0.31 0.5 0.02 -0.7397676517 0.7779323574 1.6 0 0 0.9148275036 0.40384482
box 0.31 0.02 0.7 -0.7397676517 0.7779323574 0.9 0 0 0.9148275036 0.40384482
cyl 0.03 0.07 -0.9192925254 0.749555967 0.44 0 0 0.9148275036 0.40384482
cyl 0.03 0.07 -0.663812308 0.5765241389 1.44 0 0 0.9148275036 0.40384482
cyl 0.03 0.07 -0.7542463667 0.4940550168 0.44 0 0 0.9148275036 0.40384482
cyl 0.03 0.07 -0.571908737 1.066344094 0.69 0 0 0.9148275036 0.40384482
cyl 0.03 0.07 -0.4027508499 0.8145927336 0.69 0 0 0.9148275036 0.40384482
cyl 0.03 0.07 -1.038572237 0.6407817591 0.94 0 0 0.9148275036 0.40384482
cyl 0.03 0.07 -0.8996887389 0.3614224123 0.94 0 0 0.9148275036 0.40384482
cyl 0.03 0.07 -0.5899783746 1.049865931 1.19 0 0 0.9148275036 0.40384482
cyl 0.03 0.07 -0.3187077127 0.8912338115 1.19 0 0 0.9148275036 0.40384482
cyl 0.03 0.07 -1.027086109 0.6512562518 1.44 0 0 0.9148275036 0.40384482
end
problem bookshelf_thin 82
start 1.57 -1.5707 0 -1.5707 -1.57 3.14
goal -3.098117297 -2.084684933 -1.888972326 -2.308359585 -1.185694026 3.132320118
box 0.02 0.02 0.82 0.9528011256 1.002815156 0.82 0 0 0.5745722062 0.818453896
box 0.02 0.02 0.82 0.01227940422 1.342548715 0.82 0 0 0.5745722062 0.818453896
box 0.02 0.02 0.82 0.7489609897 0.4385021229 0.82 0 0 0.5745722062 0.818453896
box 0.02 0.02 0.82 -0.1915607317 0.7782356827 0.82 0 0 0.5745722062 0.818453896
box 0.31 0.5 0.02 0.3806201969 0.8905254192 0.35 0 0 0.5745722062 0.818453896
box 0.31 0.5 0.02 0.3806201969 0.8905254192 0.85 0 0 0.5745722062 0.818453896
box 0.31 0.5 0.02 0.3806201969 0.8905254192 0.6 0 0 0.5745722062 0.818453896
box 0.31 0.5 0.02 0.3806201969 0.8905254192 1.1 0 0 0.5745722062 0.818453896
box 0.31 0.5 0.02 0.3806201969 0.8905254192 1.35 0 0 0.5745722062 0.818453896
box 0.31 0.5 0.02 0.3806201969 0.8905254192 1.6 0 0 0.5745722062 0.818453896
box 0.31 0.02 0.7 0.3806201969 0.8905254192 0.9 0 0 0.5745722062 0.818453896
cyl 0.03 0.07 0.3581058712 1.00498197 0.44 0 0 0.5745722062 0.818453896
cyl 0.03 0.07 0.09853301681 0.7797725086 1.44 0 0 0.5745722062 0.818453896
cyl 0.03 0.07 -0.09677265617 0.8503204715 0.44 0 0 0.5745722062 0.818453896
cyl 0.03 0.07 0.8312034411 0.8340905189 0.69 0 0 0.5745722062 0.818453896
cyl 0.03 0.07 0.4670037891 0.6466741608 0.69 0 0 0.5745722062 0.818453896
cyl 0.03 0.07 0.1409384113 1.083426808 0.94 0 0 0.5745722062 0.818453896
cyl 0.03 0.07 0.1887257665 0.7471932462 0.94 0 0 0.5745722062 0.818453896
cyl 0.03 0.07 0.7703786675 0.8560615339 1.19 0 0 0.5745722062 0.818453896
cyl 0.03 0.07 0.44321258 0.6552679785 1.19 0 0 0.5745722062 0.818453896
cyl 0.03 0.07 0.2060918472 1.059892201 1.44 0 0 0.5745722062 0.818453896
end
problem bookshelf_thin 83
start 1.57 -1.5707 0 -1.5707 -1.57 3.14
goal -1.204006185 -0.4696920462 1.637867927 -1.171490634 0.794569076 -3.139830326
box 0.02 0.02 0.82 0.9170522574 0.9409162673 0.82 0 0 0.5415085627 0.8406952341
box 0.02 0.02 0.82 0.006564921723 1.35445322 0.82 0 0 0.5415085627 0.8406952341
box 0.02 0.02 0.82 0.6689300855 0.3946238659 0.82 0 0 0.5415085627 0.8406952341
box 0.02 0.02 0.82 -0.2415572502 0.8081608191 0.82 0 0 0.5415085627 0.8406952341
box 0.31 0.5 0.02 0.3377475036 0.8745385432 0.35 0 0 0.5415085627 0.8406952341
box 0.31 0.5 0.02 0.3377475036 0.8745385432 0.85 0 0 0.5415085627 0.8406952341
box 0.31 0.5 0.02 0.3377475036 0.8745385432 0.6 0 0 0.5415085627 0.8406952341
box 0.31 0.5 0.02 0.3377475036 0.8745385432 1.1 0 0 0.5415085627 0.8406952341
box 0.31 0.5 0.02 0.3377475036 0.8745385432 1.35 0 0 0.5415085627 0.8406952341
box 0.31 0.5 0.02 0.3377475036 0.8745385432 1.6 0 0 0.5415085627 0.8406952341
box 0.31 0.02 0.7 0.3377475036 0.8745385432 0.9 0 0 0.5415085627 0.8406952341
cyl 0.03 0.07 0.09722266852 1.093614526 0.44 0 0 0.5415085627 0.8406952341
cyl 0.03 0.07 -0.07787879518 0.8436505059 1.44 0 0 0.5415085627 0.8406952341
cyl 0.03 0.07 -0.03168152356 0.8226680296 0.44 0 0 0.5415085627 0.8406952341
cyl 0.03 0.07 0.7783244875 0.784262863 0.69 0 0 0.5415085627 0.8406952341
cyl 0.03 0.07 0.5744582795 0.5473635882 0.69 0 0 0.5415085627 0.8406952341
cyl 0.03 0.07 0.1533755189 1.068110295 0.94 0 0 0.5415085627 0.8406952341
cyl 0.03 0.07 -0.1163989051 0.8611460693 0.94 0 0 0.5415085627 0.8406952341
cyl 0.03 0.07 0.6133583576 0.8591893206 1.19 0 0 0.5415085627 0.8406952341
cyl 0.03 0.07 0.3722074855 0.6392244784 1.19 0 0 0.5415085627 0.8406952341
cyl 0.03 0.07 0.2185235651 1.03852051 1.44 0 0 0.5415085627 0.8406952341
end
problem bookshelf_thin 84
start 1.57 -1.5707 0 -1.5707 -1.57 3.14
goal -1.140259445 -0.1424953972 -0.8589127454 -2.136295779 -1.993922466 -0.005637931947
box 0.02 0.02 0.82 1.309840878 -0.4787900885 0.82 0 0 0.0001757784892 0.9999999846
box 0.02 0.02 0.82 1.309489321 0.5212098497 0.82 0 0 0.0001757784892 0.9999999846
box 0.02 0.02 0.82 0.7098409154 -0.4790010227 0.82 0 0 0.0001757784892 0.9999999846
box 0.02 0.02 0.82 0.7094893584 0.5209989155 0.82 0 0 0.0001757784892 0.9999999846
box 0.31 0.5 0.02 1.009665118 0.02110441348 0.35 0 0 0.0001757784892 0.9999999846
box 0.31 0.5 0.02 1.009665118 0.02110441348 0.85 0 0 0.0001757784892 0.9999999846
box 0.31 0.5 0.02 1.009665118 0.02110441348 0.6 0 0 0.0001757784892 0.9999999846
box 0.31 0.5 0.02 1.009665118 0.02110441348 1.1 0 0 0.0001757784892 0.9999999846
box 0.31 0.5 0.02 1.009665118 0.02110441348 1.35 0 0 0.0001757784892 0.9999999846
box 0.31 0.5 0.02 1.009665118 0.02110441348 1.6 0 0 0.0001757784892 0.9999999846
box 0.31 0.02 0.7 1.009665118 0.02110441348 0.9 0 0 0.0001757784892 0.9999999846
cyl 0.03 0.07 1.109527961 0.4112648578 0.44 0 0 0.0001757784892 0.9999999846
cyl 0.03 0.07 0.8095440248 0.3655186665 1.44 0 0 0.0001757784892 0.9999999846
cyl 0.03 0.07 0.8095781363 0.2684888172 0.44 0 0 0.0001757784892 0.9999999846
cyl 0.03 0.07 1.109714327 -0.1188512117 0.69 0 0 0.0001757784892 0.9999999846
cyl 0.03 0.07 0.8097355566 -0.1792913589 0.69 0 0 0.0001757784892 0.9999999846
cyl 0.03 0.07 1.109511998 0.4566725509 0.94 0 0 0.0001757784892 0.9999999846
cyl 0.03 0.07 0.8095696838 0.2925320188 0.94 0 0 0.0001757784892 0.9999999846
cyl 0.03 0.07 1.109743042 -0.2005307533 1.19 0 0 0.0001757784892 0.9999999846
cyl 0.03 0.07 0.8098148016 -0.4047030107 1.19 0 0 0.0001757784892 0.9999999846
cyl 0.03 0.07 1.109628611 0.1249659478 1.44 0 0 0.0001757784892 0.9999999846
end
problem bookshelf_thin 85
start 1.57 -1.5707 0 -1.5707 -1.57 3.14
goal 0.9634721521 -1.015613731 1.80142609 -0.7869252678 2.00291663 -3.135272787
box 0.02 0.02 0.82 -0.1400656379 1.303965282 0.82 0 0 0.8671119187 0.498113361
box 0.02 0.02 0.82 -1.003905702 0.8001991226 0.82 0 0 0.8671119187 0.498113361
box 0.02 0.02 0.82 0.1621940577 0.7856612433 0.82 0 0 0.8671119187 0.498113361
box 0.02 0.02 0.82 -0.7016460066 0.281895084 0.82 0 0 0.8671119187 0.498113361
box 0.31 0.5 0.02 -0.4208558223 0.7929301829 0.35 0 0 0.8671119187 0.498113361
box 0.31 0.5 0.02 -0.4208558223 0.7929301829 0.85 0 0 0.8671119187 0.498113361
box 0.31 0.5 0.02 -0.4208558223 0.7929301829 0.6 0 0 0.8671119187 0.498113361
box 0.31 0.5 0.02 -0.4208558223 0.7929301829 1.1 0 0 0.8671119187 0.498113361
box 0.31 0.5 0.02 -0.4208558223 0.7929301829 1.35 0 0 0.8671119187 0.498113361
box 0.31 0.5 0.02 -0.4208558223 0.7929301829 1.6 0 0 0.8671119187 0.498113361
box 0.31 0.02 0.7 -0.4208558223 0.7929301829 0.9 0 0 0.8671119187 0.498113361
cyl 0.03 0.07 -0.6147852476 0.7955984063 0.44 0 0 0.8671119187 0.498113361
cyl 0.03 0.07 -0.6423629433 0.4322293953 1.44 0 0 0.8671119187 0.498113361
cyl 0.03 0.07 -0.4116758206 0.5667593512 0.44 0 0 0.8671119187 0.498113361
cyl 0.03 0.07 -0.296217734 0.9813776257 0.69 0 0 0.8671119187 0.498113361
cyl 0.03 0.07 -0.05614809817 0.774092679 0.69 0 0 0.8671119187 0.498113361
cyl 0.03 0.07 -0.6990953039 0.7464312572 0.94 0 0 0.8671119187 0.498113361
cyl 0.03 0.07 -0.6204848034 0.444988084 0.94 0 0 0.8671119187 0.498113361
cyl 0.03 0.07 -0.1986485225 1.038277125 1.19 0 0 0.8671119187 0.498113361
cyl 0.03 0.07 -0.03132652163 0.7885678936 1.19 0 0 0.8671119187 0.498113361
cyl 0.03 0.07 -0.7724561954 0.7036493395 1.44 0 0 0.8671119187 0.498113361
end
problem bookshelf_thin 86
start 1.57 -1.5707 0 -1.5707 -1.57 3.14
goal -0.1860266804 -1.016243488 1.105269745 -0.08949295934 0.8664719181 -3.140925803
box 0.02 0.02 0.82 -0.2424583718 1.379121776 0.82 0 0 0.8620356558 0.506847638
box 0.02 0.02 0.82 -1.116299844 0.8929108322 0.82 0 0 0.8620356558 0.506847638
box 0.02 0.02 0.82 0.04926819447 0.8548168928 0.82 0 0 0.8620356558 0.506847638
box 0.02 0.02 0.82 -0.8245732775 0.368605949 0.82 0 0 0.8620356558 0.506847638
box 0.31 0.5 0.02 -0.5335158246 0.8738638625 0.35 0 0 0.8620356558 0.506847638
box 0.31 0.5 0.02 -0.5335158246 0.8738638625 0.85 0 0 0.8620356558 0.506847638
box 0.31 0.5 0.02 -0.5335158246 0.8738638625 0.6 0 0 0.8620356558 0.506847638
box 0.31 0.5 0.02 -0.5335158246 0.8738638625 1.1 0 0 0.8620356558 0.506847638
box 0.31 0.5 0.02 -0.5335158246 0.8738638625 1.35 0 0 0.8620356558 0.506847638
box 0.31 0.5 0.02 -0.5335158246 0.8738638625 1.6 0 0 0.8620356558 0.506847638
box 0.31 0.02 0.7 -0.5335158246 0.8738638625 0.9 0 0 0.8620356558 0.506847638
cyl 0.03 0.07 -0.9649338844 0.7482573475 0.44 0 0 0.8620356558 0.506847638
cyl 0.03 0.07 -0.7992226538 0.4971484299 1.44 0 0 0.8620356558 0.506847638
cyl 0.03 0.07 -0.6505811833 0.5798534879 0.44 0 0 0.8620356558 0.506847638
cyl 0.03 0.07 -0.3300364182 1.101518329 0.69 0 0 0.8620356558 0.506847638
cyl 0.03 0.07 -0.09456824158 0.8892226193 0.69 0 0 0.8620356558 0.506847638
cyl 0.03 0.07 -0.6532378852 0.9216869806 0.94 0 0 0.8620356558 0.506847638
cyl 0.03 0.07 -0.7695668798 0.5136490908 0.94 0 0 0.8620356558 0.506847638
cyl 0.03 0.07 -0.5142644092 0.9990127051 1.19 0 0 0.8620356558 0.506847638
cyl 0.03 0.07 -0.1301018986 0.8694514668 1.19 0 0 0.8620356558 0.506847638
cyl 0.03 0.07 -0.9572165574 0.7525513172 1.44 0 0 0.8620356558 0.506847638
end
problem bookshelf_thin 87
start 1.57 -1.5707 0 -1.5707 -1.57 3.14
goal -1.552243541 -0.8880640712 1.591435005 -0.7075481442 1.414254724 -3.13520749
box 0.02 0.02 0.82 1.434560708 -0.3583658762 0.82 0 0 0.08207145957 0.9966264473
box 0.02 0.02 0.82 1.270971533 0.6281626749 0.82 0 0 0.08207145957 0.9966264473
box 0.02 0.02 0.82 0.8426435772 -0.4565193808 0.82 0 0 0.08207145957 0.9966264473
box 0.02 0.02 0.82 0.6790544028 0.5300091702 0.82 0 0 0.08207145957 0.9966264473
box 0.31 0.5 0.02 1.056807555 0.08582164703 0.35 0 0 0.08207145957 0.9966264473
box 0.31 0.5 0.02 1.056807555 0.08582164703 0.85 0 0 0.08207145957 0.9966264473
box 0.31 0.5 0.02 1.056807555 0.08582164703 0.6 0 0 0.08207145957 0.9966264473
box 0.31 0.5 0.02 1.056807555 0.08582164703 1.1 0 0 0.08207145957 0.9966264473
box 0.31 0.5 0.02 1.056807555 0.08582164703 1.35 0 0 0.08207145957 0.9966264473
box 0.31 0.5 0.02 1.056807555 0.08582164703 1.6 0 0 0.08207145957 0.9966264473
box 0.31 0.02 0.7 1.056807555 0.08582164703 0.9 0 0 0.08207145957 0.9966264473
cyl 0.03 0.07 1.09835171 0.4465759881 0.44 0 0 0.08207145957 0.9966264473
cyl 0.03 0.07 0.8189002227 0.2979528972 1.44 0 0 0.08207145957 0.9966264473
cyl 0.03 0.07 0.8229942277 0.2732638995 0.44 0 0 0.08207145957 0.9966264473
cyl 0.03 0.07 1.208043365 -0.2149222382 0.69 0 0 0.08207145957 0.9966264473
cyl 0.03 0.07 0.9302856472 -0.3737596527 0.69 0 0 0.08207145957 0.9966264473
cyl 0.03 0.07 1.09850083 0.4456767193 0.94 0 0 0.08207145957 0.9966264473
cyl 0.03 0.07 0.84053171 0.1675036797 0.94 0 0 0.08207145957 0.9966264473
cyl 0.03 0.07 1.193266084 -0.1258074844 1.19 0 0 0.08207145957 0.9966264473
cyl 0.03 0.07 0.8813084285 -0.07840132717 1.19 0 0 0.08207145957 0.9966264473
cyl 0.03 0.07 1.135452576 0.2228383033 1.44 0 0 0.08207145957 0.9966264473
end
problem bookshelf_thin 88
start 1.57 -1.5707 0 -1.5707 -1.57 3.14
goal -0.4842299182 0.1650218769 0.9290865337 -1.099193441 1.961914728 -3.137178902
box 0.02 0.02 0.82 1.33678913 0.4144934577 0.82 0 0 0.3372576179 0.9414123959
box 0.02 0.02 0.82 0.7017921258 1.187008056 0.82 0 0 0.3372576179 0.9414123959
box 0.02 0.02 0.82 0.873280371 0.03349525514 0.82 0 0 0.3372576179 0.9414123959
box 0.02 0.02 0.82 0.2382833668 0.8060098535 0.82 0 0 0.3372576179 0.9414123959
box 0.31 0.5 0.02 0.7875362484 0.6102516556 0.35 0 0 0.3372576179 0.9414123959
box 0.31 0.5 0.02 0.7875362484 0.6102516556 0.85 0 0 0.3372576179 0.9414123959
box 0.31 0.5 0.02 0.7875362484 0.6102516556 0.6 0 0 0.3372576179 0.9414123959
box 0.31 0.5 0.02 0.7875362484 0.6102516556 1.1 0 0 0.3372576179 0.9414123959
box 0.31 0.5 0.02 0.7875362484 0.6102516556 1.35 0 0 0.3372576179 0.9414123959
box 0.31 0.5 0.02 0.7875362484 0.6102516556 1.6 0 0 0.3372576179 0.9414123959
box 0.31 0.02 0.7 0.7875362484 0.6102516556 0.9 0 0 0.3372576179 0.9414123959
cyl 0.03 0.07 0.71592061 0.8548577327 0.44 0 0 0.3372576179 0.9414123959
cyl 0.03 0.07 0.5698596314 0.560107111 1.44 0 0 0.3372576179 0.9414123959
cyl 0.03 0.07 0.40428551 0.7615386532 0.44 0 0 0.3372576179 0.9414123959
cyl 0.03 0.07 1.110364151 0.3749918565 0.69 0 0 0.3372576179 0.9414123959
cyl 0.03 0.07 0.8400457041 0.2314084177 0.69 0 0 0.3372576179 0.9414123959
cyl 0.03 0.07 0.6253362758 0.9650593873 0.94 0 0 0.3372576179 0.9414123959
cyl 0.03 0.07 0.4613201285 0.6921523803 0.94 0 0 0.3372576179 0.9414123959
cyl 0.03 0.07 0.937845439 0.5848719391 1.19 0 0 0.3372576179 0.9414123959
cyl 0.03 0.07 0.7090678552 0.3907513748 1.19 0 0 0.3372576179 0.9414123959
cyl 0.03 0.07 0.5929501361 1.004459204 1.44 0 0 0.3372576179 0.9414123959
end
problem bookshelf_thin 89
start 1.57 -1.5707 0 -1.5707 -1.57 3.14
goal -0.8261472555 0.114154772 1.151994542 -1.270624915 1.726919673 3.137726115
box 0.02 0.02 0.82 1.307202215 0.3785900323 0.82 0 0 0.2872122136 0.9578669763
box 0.02 0.02 0.82 0.7569800256 1.213608321 0.82 0 0 0.2872122136 0.9578669763
box 0.02 0.02 0.82 0.8061912415 0.04845671878 0.82 0 0 0.2872122136 0.9578669763
box 0.02 0.02 0.82 0.2559690524 0.8834750075 0.82 0 0 0.2872122136 0.9578669763
box 0.31 0.5 0.02 0.7815856336 0.6310325199 0.35 0 0 0.2872122136 0.9578669763
box 0.31 0.5 0.02 0.7815856336 0.6310325199 0.85 0 0 0.2872122136 0.9578669763
box 0.31 0.5 0.02 0.7815856336 0.6310325199 0.6 0 0 0.2872122136 0.9578669763
box 0.31 0.5 0.02 0.7815856336 0.6310325199 1.1 0 0 0.2872122136 0.9578669763
box 0.31 0.5 0.02 0.7815856336 0.6310325199 1.35 0 0 0.2872122136 0.9578669763
box 0.31 0.5 0.02 0.7815856336 0.6310325199 1.6 0 0 0.2872122136 0.9578669763
box 0.31 0.02 0.7 0.7815856336 0.6310325199 0.9 0 0 0.2872122136 0.9578669763
cyl 0.03 0.07 0.6818333739 0.9641615082 0.44 0 0 0.2872122136 0.9578669763
cyl 0.03 0.07 0.3756950156 0.8835234081 1.44 0 0 0.2872122136 0.9578669763
cyl 0.03 0.07 0.5593551145 0.6048004767 0.44 0 0 0.2872122136 0.9578669763
cyl 0.03 0.07 1.045073574 0.4129074573 0.69 0 0 0.2872122136 0.9578669763
cyl 0.03 0.07 0.840214094 0.1785683307 0.69 0 0 0.2872122136 0.9578669763
cyl 0.03 0.07 0.8292042599 0.7405111583 0.94 0 0 0.2872122136 0.9578669763
cyl 0.03 0.07 0.4601928897 0.7552892664 0.94 0 0 0.2872122136 0.9578669763
cyl 0.03 0.07 0.8970937846 0.6374818807 1.19 0 0 0.2872122136 0.9578669763
cyl 0.03 0.07 0.7733515051 0.2800391287 1.19 0 0 0.2872122136 0.9578669763
cyl 0.03 0.07 0.6597446067 0.9976834651 1.44 0 0 0.2872122136 0.9578669763
end
problem bookshelf_thin 90
start 1.57 -1.5707 0 -1.5707 -1.57 3.14
goal 3.004702599 -3.122670257 -1.237564316 1.208905482 1.725920592 -0.008135969771
box 0.02 0.02 0.82 0.3962121915 1.327080658 0.82 0 0 0.7100279248 0.7041735198
box 0.02 0.02 0.82 -0.6037535345 1.31880135 0.82 0 0 0.7100279248 0.7041735198
box 0.02 0.02 0.82 0.4011797763 0.7271012223 0.82 0 0 0.7100279248 0.7041735198
box 0.02 0.02 0.82 -0.5987859496 0.7188219142 0.82 0 0 0.7100279248 0.7041735198
box 0.31 0.5 0.02 -0.1012868791 1.022951286 0.35 0 0 0.7100279248 0.7041735198
box 0.31 0.5 0.02 -0.1012868791 1.022951286 0.85 0 0 0.7100279248 0.7041735198
box 0.31 0.5 0.02 -0.1012868791 1.022951286 0.6 0 0 0.7100279248 0.7041735198
box 0.31 0.5 0.02 -0.1012868791 1.022951286 1.1 0 0 0.7100279248 0.7041735198
box 0.31 0.5 0.02 -0.1012868791 1.022951286 1.35 0 0 0.7100279248 0.7041735198
box 0.31 0.5 0.02 -0.1012868791 1.022951286 1.6 0 0 0.7100279248 0.7041735198
box 0.31 0.02 0.7 -0.1012868791 1.022951286 0.9 0 0 0.7100279248 0.7041735198
cyl 0.03 0.07 -0.3957096574 1.120517013 0.44 0 0 0.7100279248 0.7041735198
cyl 0.03 0.07 -0.5166305635 0.8195055548 1.44 0 0 0.7100279248 0.7041735198
cyl 0.03 0.07 -0.500398585 0.819639949 0.44 0 0 0.7100279248 0.7041735198
cyl 0.03 0.07 -0.005087200659 1.123751208 0.69 0 0 0.7100279248 0.7041735198
cyl 0.03 0.07 0.1810200872 0.8252818175 0.69 0 0 0.7100279248 0.7041735198
cyl 0.03 0.07 -0.4332470006 1.120206219 0.94 0 0 0.7100279248 0.7041735198
cyl 0.03 0.07 -0.3218705986 0.8211180878 0.94 0 0 0.7100279248 0.7041735198
cyl 0.03 0.07 -0.01560106545 1.123664157 1.19 0 0 0.7100279248 0.7041735198
cyl 0.03 0.07 0.2394781037 0.825765826 1.19 0 0 0.7100279248 0.7041735198
cyl 0.03 0.07 -0.2440286361 1.12177287 1.44 0 0 0.7100279248 0.7041735198
end
problem bookshelf_thin 91
start 1.57 -1.5707 0 -1.5707 -1.57 3.14
goal -0.3662565407 0.103512637 1.196920879 -1.304105403 1.960730007 -3.135991336
box 0.02 0.02 0.82 1.176595358 0.5750454049 0.82 0 0 0.3937084155 0.9192353798
box 0.02 0.02 0.82 0.4527739486 1.265032772 0.82 0 0 0.3937084155 0.9192353798
box 0.02 0.02 0.82 0.7626029381 0.140752559 0.82 0 0 0.3937084155 0.9192353798
box 0.02 0.02 0.82 0.03878152835 0.8307399261 0.82 0 0 0.3937084155 0.9192353798
box 0.31 0.5 0.02 0.6076884434 0.7028926655 0.35 0 0 0.3937084155 0.9192353798
box 0.31 0.5 0.02 0.6076884434 0.7028926655 0.85 0 0 0.3937084155 0.9192353798
box 0.31 0.5 0.02 0.6076884434 0.7028926655 0.6 0 0 0.3937084155 0.9192353798
box 0.31 0.5 0.02 0.6076884434 0.7028926655 1.1 0 0 0.3937084155 0.9192353798
box 0.31 0.5 0.02 0.6076884434 0.7028926655 1.35 0 0 0.3937084155 0.9192353798
box 0.31 0.5 0.02 0.6076884434 0.7028926655 1.6 0 0 0.3937084155 0.9192353798
box 0.31 0.02 0.7 0.6076884434 0.7028926655 0.9 0 0 0.3937084155 0.9192353798
cyl 0.03 0.07 0.5690670667 0.8778643647 0.44 0 0 0.3937084155 0.9192353798
cyl 0.03 0.07 0.3030498688 0.7169800741 1.44 0 0 0.3937084155 0.9192353798
cyl 0.03 0.07 0.2842359018 0.7349146079 0.44 0 0 0.3937084155 0.9192353798
cyl 0.03 0.07 0.9537655185 0.5111481163 0.69 0 0 0.3937084155 0.9192353798
cyl 0.03 0.07 0.5209168728 0.5092969655 0.69 0 0 0.3937084155 0.9192353798
cyl 0.03 0.07 0.4011793795 1.037904371 0.94 0 0 0.3937084155 0.9192353798
cyl 0.03 0.07 0.4252359873 0.6005053787 0.94 0 0 0.3937084155 0.9192353798
cyl 0.03 0.07 0.9916815758 0.4750043933 1.19 0 0 0.3937084155 0.9192353798
cyl 0.03 0.07 0.5802052427 0.4527799494 1.19 0 0 0.3937084155 0.9192353798
cyl 0.03 0.07 0.3997362337 1.039280059 1.44 0 0 0.3937084155 0.9192353798
end
problem bookshelf_thin 92
start 1.57 -1.5707 0 -1.5707 -1.57 3.14
goal 0.1243971671 0.1147245805 1.157682143 -1.271639439 2.107466007 -3.136560668
box 0.02 0.02 0.82 0.913697905 0.9022923083 0.82 0 0 0.5501641517 0.8350565287
box 0.02 0.02 0.82 -0.005138428479 1.296931121 0.82 0 0 0.5501641517 0.8350565287
box 0.02 0.02 0.82 0.6769146176 0.3509905082 0.82 0 0 0.5501641517 0.8350565287
box 0.02 0.02 0.82 -0.2419217159 0.7456293205 0.82 0 0 0.5501641517 0.8350565287
box 0.31 0.5 0.02 0.3358880946 0.8239608144 0.35 0 0 0.5501641517 0.8350565287
box 0.31 0.5 0.02 0.3358880946 0.8239608144 0.85 0 0 0.5501641517 0.8350565287
box 0.31 0.5 0.02 0.3358880946 0.8239608144 0.6 0 0 0.5501641517 0.8350565287
box 0.31 0.5 0.02 0.3358880946 0.8239608144 1.1 0 0 0.5501641517 0.8350565287
box 0.31 0.5 0.02 0.3358880946 0.8239608144 1.35 0 0 0.5501641517 0.8350565287
box 0.31 0.5 0.02 0.3358880946 0.8239608144 1.6 0 0 0.5501641517 0.8350565287
box 0.31 0.02 0.7 0.3358880946 0.8239608144 0.9 0 0 0.5501641517 0.8350565287
cyl 0.03 0.07 0.1210158314 1.025081436 0.44 0 0 0.5501641517 0.8350565287
cyl 0.03 0.07 0.1719881044 0.6766889907 1.44 0 0 0.5501641517 0.8350565287
cyl 0.03 0.07 -0.06109248876 0.7767967521 0.44 0 0 0.5501641517 0.8350565287
cyl 0.03 0.07 0.7418614608 0.7584291796 0.69 0 0 0.5501641517 0.8350565287
cyl 0.03 0.07 0.4798317455 0.5444706135 0.69 0 0 0.5501641517 0.8350565287
cyl 0.03 0.07 0.281148853 0.9563045462 0.94 0 0 0.5501641517 0.8350565287
cyl 0.03 0.07 -0.1210280348 0.8025389783 0.94 0 0 0.5501641517 0.8350565287
cyl 0.03 0.07 0.7594741404 0.7508645604 1.19 0 0 0.5501641517 0.8350565287
cyl 0.03 0.07 0.3460361626 0.6019356135 1.19 0 0 0.5501641517 0.8350565287
cyl 0.03 0.07 0.07717758696 1.043909896 1.44 0 0 0.5501641517 0.8350565287
end
problem bookshelf_thin 93
start 1.57 -1.5707 0 -1.5707 -1.57 3.14
goal -0.0136610562 -0.2417557513 1.01405505 -0.7833420082 0.8645730255 -3.138863758
box 0.02 0.02 0.82 -0.5128797042 1.373553864 0.82 0 0 0.9058961598 0.4234998791
box 0.02 0.02 0.82 -1.280173533 0.7322581587 0.82 0 0 0.9058961598 0.4234998791
box 0.02 0.02 0.82 -0.1281022813 0.9131775665 0.82 0 0 0.9058961598 0.4234998791
box 0.02 0.02 0.82 -0.8953961097 0.2718818617 0.82 0 0 0.9058961598 0.4234998791
box 0.31 0.5 0.02 -0.7041379069 0.8227178626 0.35 0 0 0.9058961598 0.4234998791
box 0.31 0.5 0.02 -0.7041379069 0.8227178626 0.85 0 0 0.9058961598 0.4234998791
box 0.31 0.5 0.02 -0.7041379069 0.8227178626 0.6 0 0 0.9058961598 0.4234998791
box 0.31 0.5 0.02 -0.7041379069 0.8227178626 1.1 0 0 0.9058961598 0.4234998791
box 0.31 0.5 0.02 -0.7041379069 0.8227178626 1.35 0 0 0.9058961598 0.4234998791
box 0.31 0.5 0.02 -0.7041379069 0.8227178626 1.6 0 0 0.9058961598 0.4234998791
box 0.31 0.02 0.7 -0.7041379069 0.8227178626 0.9 0 0 0.9058961598 0.4234998791
cyl 0.03 0.07 -0.9779953291 0.724159024 0.44 0 0 0.9058961598 0.4234998791
cyl 0.03 0.07 -0.6879232687 0.5756135395 1.44 0 0 0.9058961598 0.4234998791
cyl 0.03 0.07 -0.6946395815 0.5700001194 0.44 0 0 0.9058961598 0.4234998791
cyl 0.03 0.07 -0.5640181168 1.070156605 0.69 0 0 0.9058961598 0.4234998791
cyl 0.03 0.07 -0.2800397604 0.9165180695 0.69 0 0 0.9058961598 0.4234998791
cyl 0.03 0.07 -0.957317409 0.7414414012 0.94 0 0 0.9058961598 0.4234998791
cyl 0.03 0.07 -0.6729012163 0.5881688049 0.94 0 0 0.9058961598 0.4234998791
cyl 0.03 0.07 -0.6345771558 1.011184139 1.19 0 0 0.9058961598 0.4234998791
cyl 0.03 0.07 -0.3599704655 0.8497128692 1.19 0 0 0.9058961598 0.4234998791
cyl 0.03 0.07 -1.038072533 0.6739471604 1.44 0 0 0.9058961598 0.4234998791
end
problem bookshelf_thin 94
start 1.57 -1.5707 0 -1.5707 -1.57 3.14
goal -2.852555486 -3.133479921 -1.202418005 1.202253084 1.753583457 0.005545074831
box 0.02 0.02 0.82 -0.1286949491 1.416787282 0.82 0 0 0.8517806577 0.5238985696
box 0.02 0.02 0.82 -1.021188285 0.9657267048 0.82 0 0 0.8517806577 0.5238985696
box 0.02 0.02 0.82 0.1419413975 0.8812912806 0.82 0 0 0.8517806577 0.5238985696
box 0.02 0.02 0.82 -0.7505519388 0.430230703 0.82 0 0 0.8517806577 0.5238985696
box 0.31 0.5 0.02 -0.4396234439 0.9235089927 0.35 0 0 0.8517806577 0.5238985696
box 0.31 0.5 0.02 -0.4396234439 0.9235089927 0.85 0 0 0.8517806577 0.5238985696
box 0.31 0.5 0.02 -0.4396234439 0.9235089927 0.6 0 0 0.8517806577 0.5238985696
box 0.31 0.5 0.02 -0.4396234439 0.9235089927 1.1 0 0 0.8517806577 0.5238985696
box 0.31 0.5 0.02 -0.4396234439 0.9235089927 1.35 0 0 0.8517806577 0.5238985696
box 0.31 0.5 0.02 -0.4396234439 0.9235089927 1.6 0 0 0.8517806577 0.5238985696
box 0.31 0.02 0.7 -0.4396234439 0.9235089927 0.9 0 0 0.8517806577 0.5238985696
cyl 0.03 0.07 -0.6482469461 0.9301176276 0.44 0 0 0.8517806577 0.5238985696
cyl 0.03 0.07 -0.5839278459 0.626487137 1.44 0 0 0.8517806577 0.5238985696
cyl 0.03 0.07 -0.4470473005 0.6956657128 0.44 0 0 0.8517806577 0.5238985696
cyl 0.03 0.07 -0.3454921521 1.083128016 0.69 0 0 0.8517806577 0.5238985696
cyl 0.03 0.07 -0.1836978741 0.828760874 0.69 0 0 0.8517806577 0.5238985696
cyl 0.03 0.07 -0.8390426035 0.8336906898 0.94 0 0 0.8517806577 0.5238985696
cyl 0.03 0.07 -0.7133439842 0.5610810262 0.94 0 0 0.8517806577 0.5238985696
cyl 0.03 0.07 -0.1027345157 1.205816215 1.19 0 0 0.8517806577 0.5238985696
cyl 0.03 0.07 -0.2271145939 0.806818334 1.19 0 0 0.8517806577 0.5238985696
cyl 0.03 0.07 -0.7066797797 0.9005860372 1.44 0 0 0.8517806577 0.5238985696
end
problem bookshelf_thin 95
start 1.57 -1.5707 0 -1.5707 -1.57 3.14
goal 0.8081113148 0.1075070665 1.183424389 -1.283462212 1.860797766 -3.134506233
box 0.02 0.02 0.82 -0.1076400216 1.380688012 0.82 0 0 0.8622524299 0.5064787726
box 0.02 0.02 0.82 -0.9810651264 0.893729506 0.82 0 0 0.8622524299 0.5064787726
box 0.02 0.02 0.82 0.1845350819 0.8566329489 0.82 0 0 0.8622524299 0.5064787726
box 0.02 0.02 0.82 -0.6888900229 0.3696744432 0.82 0 0 0.8622524299 0.5064787726
box 0.31 0.5 0.02 -0.3982650222 0.8751812275 0.35 0 0 0.8622524299 0.5064787726
box 0.31 0.5 0.02 -0.3982650222 0.8751812275 0.85 0 0 0.8622524299 0.5064787726
box 0.31 0.5 0.02 -0.3982650222 0.8751812275 0.6 0 0 0.8622524299 0.5064787726
box 0.31 0.5 0.02 -0.3982650222 0.8751812275 1.1 0 0 0.8622524299 0.5064787726
box 0.31 0.5 0.02 -0.3982650222 0.8751812275 1.35 0 0 0.8622524299 0.5064787726
box 0.31 0.5 0.02 -0.3982650222 0.8751812275 1.6 0 0 0.8622524299 0.5064787726
box 0.31 0.02 0.7 -0.3982650222 0.8751812275 0.9 0 0 0.8622524299 0.5064787726
cyl 0.03 0.07 -0.7142396867 0.8135084519 0.44 0 0 0.8622524299 0.5064787726
cyl 0.03 0.07 -0.682637509 0.4876521773 1.44 0 0 0.8622524299 0.5064787726
cyl 0.03 0.07 -0.5920558649 0.5381539339 0.44 0 0 0.8622524299 0.5064787726
cyl 0.03 0.07 -0.3104406791 1.038637499 0.69 0 0 0.8622524299 0.5064787726
cyl 0.03 0.07 0.04033078497 0.8907268751 0.69 0 0 0.8622524299 0.5064787726
cyl 0.03 0.07 -0.779944415 0.7768762597 0.94 0 0 0.8622524299 0.5064787726
cyl 0.03 0.07 -0.3703124047 0.6617820085 0.94 0 0 0.8622524299 0.5064787726
cyl 0.03 0.07 -0.07432646041 1.170277666 1.19 0 0 0.8622524299 0.5064787726
cyl 0.03 0.07 -0.0655030437 0.8317216063 1.19 0 0 0.8622524299 0.5064787726
cyl 0.03 0.07 -0.5147585255 0.9247246829 1.44 0 0 0.8622524299 0.5064787726
end
problem bookshelf_thin 96
start 1.57 -1.5707 0 -1.5707 -1.57 3.14
goal -2.642248089 -2.786345093 -1.072622019 0.7129999423 0.8540341334 0.001225317151
box 0.02 0.02 0.82 0.7959658519 1.225362492 0.82 0 0 0.622548364 0.7825813277
box 0.02 0.02 0.82 -0.1784235986 1.450229561 0.82 0 0 0.622548364 0.7825813277
box 0.02 0.02 0.82 0.6610456105 0.6407288213 0.82 0 0 0.622548364 0.7825813277
box 0.02 0.02 0.82 -0.3133438401 0.8655958904 0.82 0 0 0.622548364 0.7825813277
box 0.31 0.5 0.02 0.2413110059 1.045479191 0.35 0 0 0.622548364 0.7825813277
box 0.31 0.5 0.02 0.2413110059 1.045479191 0.85 0 0 0.622548364 0.7825813277
box 0.31 0.5 0.02 0.2413110059 1.045479191 0.6 0 0 0.622548364 0.7825813277
box 0.31 0.5 0.02 0.2413110059 1.045479191 1.1 0 0 0.622548364 0.7825813277
box 0.31 0.5 0.02 0.2413110059 1.045479191 1.35 0 0 0.622548364 0.7825813277
box 0.31 0.5 0.02 0.2413110059 1.045479191 1.6 0 0 0.622548364 0.7825813277
box 0.31 0.02 0.7 0.2413110059 1.045479191 0.9 0 0 0.622548364 0.7825813277
cyl 0.03 0.07 0.08532085073 1.184106563 0.44 0 0 0.622548364 0.7825813277
cyl 0.03 0.07 -0.1274398728 0.9253218241 1.44 0 0 0.622548364 0.7825813277
cyl 0.03 0.07 -0.0297088433 0.9027677107 0.44 0 0 0.622548364 0.7825813277
cyl 0.03 0.07 0.3421683291 1.124831969 0.69 0 0 0.622548364 0.7825813277
cyl 0.03 0.07 0.6227784504 0.7521883861 0.69 0 0 0.622548364 0.7825813277
cyl 0.03 0.07 0.1397630356 1.171542537 0.94 0 0 0.622548364 0.7825813277
cyl 0.03 0.07 -0.1707533656 0.9353175996 0.94 0 0 0.622548364 0.7825813277
cyl 0.03 0.07 0.4085550259 1.109511419 1.19 0 0 0.622548364 0.7825813277
cyl 0.03 0.07 0.2635700007 0.8350855801 1.19 0 0 0.622548364 0.7825813277
cyl 0.03 0.07 0.1830467501 1.161553634 1.44 0 0 0.622548364 0.7825813277
end
problem bookshelf_thin 97
start 1.57 -1.5707 0 -1.5707 -1.57 3.14
goal 1.197777129 -2.213602764 -1.46845514 0.5463595651 2.005383517 -0.001260312302
box 0.02 0.02 0.82 1.300692948 -0.4321290959 0.82 0 0 0.02726535611 0.9996282311
box 0.02 0.02 0.82 1.246182509 0.5663841048 0.82 0 0 0.02726535611 0.9996282311
box 0.02 0.02 0.82 0.701585028 -0.4648353595 0.82 0 0 0.02726535611 0.9996282311
box 0.02 0.02 0.82 0.6470745887 0.5336778412 0.82 0 0 0.02726535611 0.9996282311
box 0.31 0.5 0.02 0.9738837686 0.05077437266 0.35 0 0 0.02726535611 0.9996282311
box 0.31 0.5 0.02 0.9738837686 0.05077437266 0.85 0 0 0.02726535611 0.9996282311
box 0.31 0.5 0.02 0.9738837686 0.05077437266 0.6 0 0 0.02726535611 0.9996282311
box 0.31 0.5 0.02 0.9738837686 0.05077437266 1.1 0 0 0.02726535611 0.9996282311
box 0.31 0.5 0.02 0.9738837686 0.05077437266 1.35 0 0 0.02726535611 0.9996282311
box 0.31 0.5 0.02 0.9738837686 0.05077437266 1.6 0 0 0.02726535611 0.9996282311
box 0.31 0.02 0.7 0.9738837686 0.05077437266 0.9 0 0 0.02726535611 0.9996282311
cyl 0.03 0.07 1.050185333 0.4876059351 0.44 0 0 0.02726535611 0.9996282311
cyl 0.03 0.07 0.764249264 0.2218025327 1.44 0 0 0.02726535611 0.9996282311
cyl 0.03 0.07 0.7529319034 0.4291120702 0.44 0 0 0.02726535611 0.9996282311
cyl 0.03 0.07 1.093174275 -0.2998583819 0.69 0 0 0.02726535611 0.9996282311
cyl 0.03 0.07 0.7863582166 -0.1831855996 0.69 0 0 0.02726535611 0.9996282311
cyl 0.03 0.07 1.063545911 0.2428690768 0.94 0 0 0.02726535611 0.9996282311
cyl 0.03 0.07 0.7708109748 0.1016062008 0.94 0 0 0.02726535611 0.9996282311
cyl 0.03 0.07 1.093160788 -0.2996113182 1.19 0 0 0.02726535611 0.9996282311
cyl 0.03 0.07 0.7927245318 -0.2998027072 1.19 0 0 0.02726535611 0.9996282311
cyl 0.03 0.07 1.057756696 0.3489149711 1.44 0 0 0.02726535611 0.9996282311
end
problem bookshelf_thin 98
start 1.57 -1.5707 0 -1.5707 -1.57 3.14
goal -0.4929810095 -0.4446322573 1.573292155 -1.13881451 1.05882647 -3.134683107
box 0.02 0.02 0.82 0.3764687712 1.326057225 0.82 0 0 0.7157468879 0.6983597873
box 0.02 0.02 0.82 -0.6232289175 1.30147001 0.82 0 0 0.7157468879 0.6983597873
box 0.02 0.02 0.82 0.3912211003 0.7262386115 0.82 0 0 0.7157468879 0.6983597873
box 0.02 0.02 0.82 -0.6084765885 0.7016513965 0.82 0 0 0.7157468879 0.6983597873
box 0.31 0.5 0.02 -0.1160039086 1.013854311 0.35 0 0 0.7157468879 0.6983597873
box 0.31 0.5 0.02 -0.1160039086 1.013854311 0.85 0 0 0.7157468879 0.6983597873
box 0.31 0.5 0.02 -0.1160039086 1.013854311 0.6 0 0 0.7157468879 0.6983597873
box 0.31 0.5 0.02 -0.1160039086 1.013854311 1.1 0 0 0.7157468879 0.6983597873
box 0.31 0.5 0.02 -0.1160039086 1.013854311 1.35 0 0 0.7157468879 0.6983597873
box 0.31 0.5 0.02 -0.1160039086 1.013854311 1.6 0 0 0.7157468879 0.6983597873
box 0.31 0.02 0.7 -0.1160039086 1.013854311 0.9 0 0 0.7157468879 0.6983597873
cyl 0.03 0.07 -0.3651933214 1.107755824 0.44 0 0 0.7157468879 0.6983597873
cyl 0.03 0.07 -0.4635584896 0.8052458467 1.44 0 0 0.7157468879 0.6983597873
cyl 0.03 0.07 -0.2870262437 0.8095875956 0.44 0 0 0.7157468879 0.6983597873
cyl 0.03 0.07 -0.03556153677 1.115863003 0.69 0 0 0.7157468879 0.6983597873
cyl 0.03 0.07 0.1569422938 0.8205068465 0.69 0 0 0.7157468879 0.6983597873
cyl 0.03 0.07 -0.1901245611 1.112061579 0.94 0 0 0.7157468879 0.6983597873
cyl 0.03 0.07 -0.3637598757 0.8077003587 0.94 0 0 0.7157468879 0.6983597873
cyl 0.03 0.07 0.2748107296 1.1234965 1.19 0 0 0.7157468879 0.6983597873
cyl 0.03 0.07 0.1188784897 0.8195706805 1.19 0 0 0.7157468879 0.6983597873
cyl 0.03 0.07 -0.1822389232 1.112255524 1.44 0 0 0.7157468879 0.6983597873
end
problem bookshelf_thin 99
start 1.57 -1.5707 0 -1.5707 -1.57 3.14
goal -0.6142674167 -1.275500814 1.308052415 3.108497463 -1.522377669 -0.009331218777
box 0.02 0.02 0.82 1.210908794 0.7760544992 0.82 0 0 0.4822645272 0.8760256422
box 0.02 0.02 0.82 0.3659566097 1.310896351 0.82 0 0 0.4822645272 0.8760256422
box 0.02 0.02 0.82 0.890003683 0.2690831886 0.82 0 0 0.4822645272 0.8760256422
box 0.02 0.02 0.82 0.04505149869 0.8039250402 0.82 0 0 0.4822645272 0.8760256422
box 0.31 0.5 0.02 0.6279801463 0.7899897697 0.35 0 0 0.4822645272 0.8760256422
box 0.31 0.5 0.02 0.6279801463 0.7899897697 0.85 0 0 0.4822645272 0.8760256422
box 0.31 0.5 0.02 0.6279801463 0.7899897697 0.6 0 0 0.4822645272 0.8760256422
box 0.31 0.5 0.02 0.6279801463 0.7899897697 1.1 0 0 0.4822645272 0.8760256422
box 0.31 0.5 0.02 0.6279801463 0.7899897697 1.35 0 0 0.4822645272 0.8760256422
box 0.31 0.5 0.02 0.6279801463 0.7899897697 1.6 0 0 0.4822645272 0.8760256422
box 0.31 0.02 0.7 0.6279801463 0.7899897697 0.9 0 0 0.4822645272 0.8760256422
cyl 0.03 0.07 0.6349977408 0.9038976317 0.44 0 0 0.4822645272 0.8760256422
cyl 0.03 0.07 0.3556423623 0.7256756507 1.44 0 0 0.4822645272 0.8760256422
cyl 0.03 0.07 0.1808701002 0.8363038283 0.44 0 0 0.4822645272 0.8760256422
cyl 0.03 0.07 1.053933806 0.6387174888 0.69 0 0 0.4822645272 0.8760256422
cyl 0.03 0.07 0.8444151024 0.4162899575 0.69 0 0 0.4822645272 0.8760256422
cyl 0.03 0.07 0.6362149558 0.9031271532 0.94 0 0 0.4822645272 0.8760256422
cyl 0.03 0.07 0.4309809494 0.6779874736 0.94 0 0 0.4822645272 0.8760256422
cyl 0.03 0.07 0.8292856154 0.7809163689 1.19 0 0 0.4822645272 0.8760256422
cyl 0.03 0.07 0.8190346629 0.4323553887 1.19 0 0 0.4822645272 0.8760256422
cyl 0.03 0.07 0.3349167834 1.093844303 1.44 0 0 0.4822645272 0.8760256422
end
problem bookshelf_thin 100
start 1.57 -1.5707 0 -1.5707 -1.57 3.14
goal -0.1966141041 0.1192478094 1.109383344 -1.238559757 1.967854842 3.13166632
box 0.02 0.02 0.82 1.112530026 0.7502449426 0.82 0 0 0.466665663 0.884433807
box 0.02 0.02 0.82 0.2870602485 1.314691261 0.82 0 0 0.466665663 0.884433807
box 0.02 0.02 0.82 0.7738622356 0.2549630759 0.82 0 0 0.466665663 0.884433807
box 0.02 0.02 0.82 -0.05160754227 0.8194093939 0.82 0 0 0.466665663 0.884433807
box 0.31 0.5 0.02 0.530461242 0.7848271683 0.35 0 0 0.466665663 0.884433807
box 0.31 0.5 0.02 0.530461242 0.7848271683 0.85 0 0 0.466665663 0.884433807
box 0.31 0.5 0.02 0.530461242 0.7848271683 0.6 0 0 0.466665663 0.884433807
box 0.31 0.5 0.02 0.530461242 0.7848271683 1.1 0 0 0.466665663 0.884433807
box 0.31 0.5 0.02 0.530461242 0.7848271683 1.35 0 0 0.466665663 0.884433807
box 0.31 0.5 0.02 0.530461242 0.7848271683 1.6 0 0 0.466665663 0.884433807
box 0.31 0.02 0.7 0.530461242 0.7848271683 0.9 0 0 0.466665663 0.884433807
cyl 0.03 0.07 0.5310971353 0.9055354911 0.44 0 0 0.466665663 0.884433807
cyl 0.03 0.07 0.05256749703 0.8693188924 1.44 0 0 0.466665663 0.884433807
cyl 0.03 0.07 0.1597558672 0.7960247726 0.44 0 0 0.466665663 0.884433807
cyl 0.03 0.07 0.8050670684 0.7181981419 0.69 0 0 0.466665663 0.884433807
cyl 0.03 0.07 0.5134183837 0.5541945922 0.69 0 0 0.466665663 0.884433807
cyl 0.03 0.07 0.3561222679 1.025181204 0.94 0 0 0.466665663 0.884433807
cyl 0.03 0.07 0.2774554569 0.715543207 0.94 0 0 0.466665663 0.884433807
cyl 0.03 0.07 0.7208956253 0.7757535636 1.19 0 0 0.466665663 0.884433807
cyl 0.03 0.07 0.7734076701 0.3764170413 1.19 0 0 0.466665663 0.884433807
cyl 0.03 0.07 0.2426257212 1.102788779 1.44 0 0 0.466665663 0.884433807
end
problem table_under_pick 1
start -2.679293 -2.614565822 -1.650338016 1.121375191 1.258009199 0.00312325901
goal -2.637616566 -2.790038255 0.638969526 2.149717776 -1.215953203 3.139080036
box 0.125 0.125 0.125 -0.4738749489 0.6749244458 1.408173554 0 0 0.9688829032 0.2475195344
box 0.1 0.01 0.2 -0.04121112849 1.209749419 1.458173554 0 0 0.9102431147 0.414074235
box 0.01 0.1 0.2 -0.4108772207 0.6534528253 1.458173554 0 0 0.5211005836 0.8534952735
box 0.1 0.025 0.175 0.05696693251 0.8035363683 1.458173554 0 0 0.9788012828 0.2048122281
box 0.1 0.025 0.175 -0.4661851709 0.9943146291 1.458173554 0 0 0.3932507895 0.9194312463
box 0.025 0.025 0.35 -1.134091414 1.425818315 0.9081735542 0 0 0.7572787938 0.6530917459
box 0.025 0.025 0.35 -1.001843305 0.5355877619 0.9081735542 0 0 0.7572787938 0.6530917459
box 0.025 0.025 0.35 0.5474551866 1.675620298 0.9081735542 0 0 0.7572787938 0.6530917459
box 0.025 0.025 0.35 0.6797032953 0.785389745 0.9081735542 0 0 0.7572787938 0.6530917459
box 0.6 1 0.02 -0.2271940593 1.10560403 1.258173554 0 0 0.7572787938 0.6530917459
cyl 0.03 0.06 -0.2419797129 0.869708962 1.358173554 0 0 0.7572787938 0.6530917459
cyl 0.05 0.175 -0.3187851835 1.316406009 1.408173554 0 0 0.8812804516 0.472593658
end
problem table_under_pick 2
start -2.88444256 -2.287401847 -2.126219641 -1.869419895 -1.129968027 3.140384087
goal -3.046360059 -1.728921981 -1.538680627 -3.012604 -1.291659155 3.13963838
box 0.125 0.125 0.125 -0.3526363142 0.8063261317 1.304544308 0 0 0.569607197 0.8219170525
box 0.1 0.01 0.2 0.2185562654 0.9102307152 1.354544308 0 0 0.8341582024 0.5515252427
box 0.01 0.1 0.2 -0.137906781 0.6394791595 1.354544308 0 0 0.8795653719 0.475778054
box 0.1 0.025 0.175 0.2886481275 0.5919238461 1.354544308 0 0 0.5333631695 0.8458863573
box 0.1 0.025 0.175 -0.1936202161 0.9689759142 1.354544308 0 0 0.003406070162 0.9999941993
box 0.025 0.025 0.35 -0.6401857642 1.580383453 0.8045443079 0 0 0.638787932 0.7693828552
box 0.025 0.025 0.35 -0.8056957245 0.6957329837 0.8045443079 0 0 0.638787932 0.7693828552
box 0.025 0.025 0.35 1.030820678 1.267753528 0.8045443079 0 0 0.638787932 0.7693828552
box 0.025 0.025 0.35 0.8653107177 0.3831030587 0.8045443079 0 0 0.638787932 0.7693828552
box 0.6 1 0.02 0.1125624767 0.9817432559 1.154544308 0 0 0.638787932 0.7693828552
cyl 0.03 0.06 0.1175571935 0.7420532195 1.254544308 0 0 0.638787932 0.7693828552
cyl 0.05 0.175 0.2487589024 1.26414713 1.304544308 0 0 0.9479388924 0.3184522827
end
problem table_under_pick 3
start -0.1798108754 -0.7324156325 1.761213438 -1.027038524 1.203670239 3.141380488
goal -2.897805333 -2.011253523 -1.159601983 -3.111512902 -1.51534213 3.139576249
box 0.125 0.125 0.125 -0.3987562222 0.7542750468 1.306940193 0 0 0.9677898217 0.2517595302
box 0.1 0.01 0.2 0.03894576832 1.111741565 1.356940193 0 0 0.285265627 0.9584484973
box 0.01 0.1 0.2 -0.23261514 0.6581764566 1.356940193 0 0 0.9999353032 0.01137494312
box 0.1 0.025 0.175 0.1375447001 0.766136358 1.356940193 0 0 0.5259913301 0.8504899298
box 0.1 0.025 0.175 -0.3492261285 1.157979853 1.356940193 0 0 0.7562833993 0.6542441593
box 0.025 0.025 0.35 -1.041391796 1.385569085 0.8069401925 0 0 0.7700667296 0.6379633469
box 0.025 0.025 0.35 -0.8739868135 0.5012752579 0.8069401925 0 0 0.7700667296 0.6379633469
box 0.025 0.025 0.35 0.6289409877 1.701778496 0.8069401925 0 0 0.7700667296 0.6379633469
box 0.025 0.025 0.35 0.7963459702 0.8174846692 0.8069401925 0 0 0.7700667296 0.6379633469
box 0.6 1 0.02 -0.1225229129 1.101526877 1.156940193 0 0 0.7700667296 0.6379633469
cyl 0.03 0.06 -0.08456107982 0.8601138108 1.256940193 0 0 0.7700667296 0.6379633469
cyl 0.05 0.175 -0.1881248187 1.441656971 1.306940193 0 0 0.761081844 0.6486558616
end
problem table_under_pick 4
start 0.7249996789 -0.8964555954 2.007159671 -1.110110084 1.065419499 -3.14079972
goal 0.8320100817 -1.209165267 1.189326514 0.01728649163 1.176404866 -3.137983396
box 0.125 0.125 0.125 -0.800928125 -0.08858551331 1.339409161 0 0 0.7588905427 0.6512182001
box 0.1 0.01 0.2 -0.9179508706 0.7028020097 1.389409161 0 0 0.9967606003 -0.08042577764
box 0.01 0.1 0.2 -0.6181835325 0.1473083595 1.389409161 0 0 -0.8282031234 0.5604280386
box 0.1 0.025 0.175 -0.4062191189 0.5711853281 1.389409161 0 0 0.9710338521 -0.2389419553
box 0.1 0.025 0.175 -1.014232325 0.1760716201 1.389409161 0 0 0.9157570126 -0.4017326148
box 0.025 0.025 0.35 -1.631515044 -0.1951922244 0.8394091611 0 0 0.9852327188 0.1712205882
box 0.025 0.025 0.35 -0.7842847258 -0.4988380505 0.8394091611 0 0 0.9852327188 0.1712205882
box 0.025 0.025 0.35 -1.057961817 1.40513171 0.8394091611 0 0 0.9852327188 0.1712205882
box 0.025 0.025 0.35 -0.2107314988 1.101485884 0.8394091611 0 0 0.9852327188 0.1712205882
box 0.6 1 0.02 -0.9211232714 0.4531468299 1.189409161 0 0 0.9852327188 0.1712205882
cyl 0.03 0.06 -0.7402243835 0.3804628452 1.289409161 0 0 0.9852327188 0.1712205882
cyl 0.05 0.175 -1.193574378 0.5759582956 1.339409161 0 0 0.97426735 -0.2253954983
end
problem table_under_pick 5
start -0.7274847953 -1.010031909 2.098144304 -1.087641169 1.359266436 -3.138937208
goal 2.825596063 -1.987816819 -1.028387396 3.014230807 -1.368961994 -3.141248993
box 0.125 0.125 0.125 -0.0425699144 0.8527639896 1.371381952 0 0 0.8123849646 0.5831214877
box 0.1 0.01 0.2 0.613933137 0.8642735101 1.421381952 0 0 -0.09414723747 0.9955582844
box 0.01 0.1 0.2 0.102920793 0.682688635 1.421381952 0 0 0.945770775 0.3248347905
box 0.1 0.025 0.175 0.4829729483 0.478580211 1.421381952 0 0 -0.04111958872 0.9991542321
box 0.1 0.025 0.175 0.2777380853 1.08633694 1.421381952 0 0 0.290535572 0.9568641917
box 0.025 0.025 0.35 -0.03856293652 1.694741498 0.8713819519 0 0 0.502863017 0.8643661181
box 0.025 0.025 0.35 -0.4833947516 0.912357541 0.8713819519 0 0 0.502863017 0.8643661181
box 0.025 0.025 0.35 1.439273427 0.8545036251 0.8713819519 0 0 0.502863017 0.8643661181
box 0.025 0.025 0.35 0.9944416117 0.07211966805 0.8713819519 0 0 0.502863017 0.8643661181
box 0.6 1 0.02 0.4779393376 0.8834305831 1.221381952 0 0 0.502863017 0.8643661181
cyl 0.03 0.06 0.4181309285 0.7445149326 1.321381952 0 0 0.502863017 0.8643661181
cyl 0.05 0.175 0.6106929442 1.188926384 1.371381952 0 0 0.4482292001 0.8939186676
end
problem table_under_pick 6
start -0.9349211485 -0.2011598358 1.40768187 1.936946199 -1.348532877 -0.001755614717
goal 2.624790934 -2.113445284 -1.108051987 -3.062451768 -1.370445108 -3.140100055
box 0.125 0.125 0.125 0.2744045195 0.9347507483 1.266481672 0 0 0.6251081368 0.7805381588
box 0.1 0.01 0.2 0.9341746923 0.7462089945 1.316481672 0 0 -0.04358901456 0.9990495472
box 0.01 0.1 0.2 0.3247193139 0.7112120198 1.316481672 0 0 0.2617887692 0.9651251941
box 0.1 0.025 0.175 0.7292686918 0.4221253134 1.316481672 0 0 0.8403038141 0.5421157625
box 0.1 0.025 0.175 0.5316564124 0.9902289893 1.316481672 0 0 0.3022324912 0.9532342426
box 0.025 0.025 0.35 0.4187157872 1.754741401 0.7664816719 0 0 0.4146958666 0.9099600751
box 0.025 0.025 0.35 -0.1717334217 1.075499373 0.7664816719 0 0 0.4146958666 0.9099600751
box 0.025 0.025 0.35 1.701728506 0.6394484506 0.7664816719 0 0 0.4146958666 0.9099600751
box 0.025 0.025 0.35 1.111279297 -0.03979357681 0.7664816719 0 0 0.4146958666 0.9099600751
box 0.6 1 0.02 0.7649975419 0.8574739119 1.116481672 0 0 0.4146958666 0.9099600751
cyl 0.03 0.06 0.5822602928 0.6893260683 1.216481672 0 0 0.4146958666 0.9099600751
cyl 0.05 0.175 1.018381725 1.141884748 1.266481672 0 0 -0.3042475001 0.9525930184
end
problem table_under_pick 7
start -2.46660372 -2.22188349 -2.187264228 -1.872422553 -1.195329207 3.140824363
goal -2.456831237 -1.714950593 -1.508470155 -3.056530891 -1.187625486 3.139236922
box 0.125 0.125 0.125 -0.7099783149 0.4954173626 1.322729108 0 0 0.5047453039 0.8632683118
box 0.1 0.01 0.2 -0.09033389763 0.9123010058 1.372729108 0 0 0.4825793629 0.875852247
box 0.01 0.1 0.2 -0.3301321558 0.5128852562 1.372729108 0 0 0.2704025149 0.9627473604
box 0.1 0.025 0.175 -0.01261676893 0.6500770487 1.372729108 0 0 0.9330806981 0.3596670833
box 0.1 0.025 0.175 -0.5920813175 0.8531420813 1.372729108 0 0 0.9923077305 -0.1237956703
box 0.025 0.025 0.35 -1.266324657 1.095040817 0.8227291082 0 0 0.8050937073 0.5931476397
box 0.025 0.025 0.35 -0.9996080776 0.2354698391 0.8227291082 0 0 0.8050937073 0.5931476397
box 0.025 0.025 0.35 0.3573094122 1.598838801 0.8227291082 0 0 0.8050937073 0.5931476397
box 0.025 0.025 0.35 0.6240259919 0.7392678229 0.8227291082 0 0 0.8050937073 0.5931476397
box 0.6 1 0.02 -0.3211493327 0.91715432 1.172729108 0 0 0.8050937073 0.5931476397
cyl 0.03 0.06 -0.2848973721 0.6891258436 1.272729108 0 0 0.8050937073 0.5931476397
cyl 0.05 0.175 -0.4511650301 1.222827753 1.322729108 0 0 0.9998538277 0.01709746301
end
problem table_under_pick 8
start -0.6787295412 -0.9940269434 2.07045406 -1.078544685 1.349863875 3.139159345
goal -0.6344220383 -1.306691476 1.240573159 0.06573202083 1.394699092 -3.138677343
box 0.125 0.125 0.125 -0.03888242197 0.7834390252 1.37007781 0 0 0.8999831611 0.4359246606
box 0.1 0.01 0.2 0.6793845759 0.9012449891 1.42007781 0 0 0.5693644655 0.8220852179
box 0.01 0.1 0.2 0.04781196947 0.5640430668 1.42007781 0 0 0.9693830689 0.2455533867
box 0.1 0.025 0.175 0.4042083619 0.5731551922 1.42007781 0 0 0.6143943616 0.7889990928
box 0.1 0.025 0.175 0.1843940999 0.9473682961 1.42007781 0 0 0.7330043538 0.6802239464
box 0.025 0.025 0.35 -0.1248828427 1.696363914 0.8700778098 0 0 0.5270255348 0.8498494488
box 0.025 0.025 0.35 -0.5249221969 0.890157666 0.8700778098 0 0 0.5270255348 0.8498494488
box 0.025 0.025 0.35 1.397951182 0.9407340232 0.8700778098 0 0 0.5270255348 0.8498494488
box 0.025 0.025 0.35 0.997911828 0.1345277747 0.8700778098 0 0 0.5270255348 0.8498494488
box 0.6 1 0.02 0.4365144926 0.9154458446 1.22007781 0 0 0.5270255348 0.8498494488
cyl 0.03 0.06 0.3355569625 0.7220403848 1.32007781 0 0 0.5270255348 0.8498494488
cyl 0.05 0.175 0.6618666928 1.210814151 1.37007781 0 0 0.6973537746 0.7167270841
end
problem table_under_pick 9
start -0.1862479317 -0.3786995311 1.63169633 1.890231218 -1.348306042 -0.001666790084
goal -2.91193752 -2.280881173 -0.664726298 2.946335659 -1.37468298 -3.139319757
box 0.125 0.125 0.125 -0.4813610154 0.8250251164 1.33263126 0 0 0.9767602343 0.214334889
box 0.1 0.01 0.2 0.2497399465 1.060892621 1.38263126 0 0 0.4140930337 0.9102345629
box 0.01 0.1 0.2 -0.1615879061 0.7975500757 1.38263126 0 0 0.1902631918 0.9817331195
box 0.1 0.025 0.175 0.1431575633 0.7864588471 1.38263126 0 0 0.5399977748 0.8416664441
box 0.1 0.025 0.175 -0.1927604847 1.011750874 1.38263126 0 0 0.9931752198 0.1166318253
box 0.025 0.025 0.35 -0.8963116162 1.531104936 0.8326312597 0 0 0.7192556288 0.6947455221
box 0.025 0.025 0.35 -0.865120029 0.6316456071 0.8326312597 0 0 0.7192556288 0.6947455221
box 0.025 0.025 0.35 0.8026671167 1.590022379 0.8326312597 0 0 0.7192556288 0.6947455221
box 0.025 0.025 0.35 0.833858704 0.6905630496 0.8326312597 0 0 0.7192556288 0.6947455221
box 0.6 1 0.02 -0.03122645613 1.110833993 1.18263126 0 0 0.7192556288 0.6947455221
cyl 0.03 0.06 -0.05350011665 0.951487588 1.28263126 0 0 0.7192556288 0.6947455221
cyl 0.05 0.175 -0.08725192347 1.426178083 1.33263126 0 0 0.8899372998 0.4560828899
end
problem table_under_pick 10
start 0.1416043099 -0.7592024627 1.973268438 -1.215866824 1.445630194 3.139592195
goal 0.06905666722 -1.311860015 1.467252329 -0.156072938 1.371856918 3.140597795
box 0.125 0.125 0.125 -0.6316670762 0.6357735837 1.284052021 0 0 0.6826016809 0.7307906303
box 0.1 0.01 0.2 -0.1514221347 0.9736596176 1.334052021 0 0 0.5665640755 0.8240176869
box 0.01 0.1 0.2 -0.3721159851 0.5965533073 1.334052021 0 0 0.2961814621 0.955131688
box 0.1 0.025 0.175 0.04106248144 0.6583147154 1.334052021 0 0 0.731376888 0.6819734949
box 0.1 0.025 0.175 -0.5433728331 0.8802762308 1.334052021 0 0 0.8907514413 0.4544907809
box 0.025 0.025 0.35 -1.262021815 1.198313207 0.7840520209 0 0 0.794614402 0.6071144474
box 0.025 0.025 0.35 -1.025480129 0.3299538163 0.7840520209 0 0 0.794614402 0.6071144474
box 0.025 0.025 0.35 0.3782125892 1.645114169 0.7840520209 0 0 0.794614402 0.6071144474
box 0.025 0.025 0.35 0.6147542753 0.7767547788 0.7840520209 0 0 0.794614402 0.6071144474
box 0.6 1 0.02 -0.3236337697 0.9875339927 1.134052021 0 0 0.794614402 0.6071144474
cyl 0.03 0.06 -0.2170095064 0.7601630679 1.234052021 0 0 0.794614402 0.6071144474
cyl 0.05 0.175 -0.4111371149 1.248593881 1.284052021 0 0 0.9965625756 0.08284342437
end
problem table_under_pick 11
start -2.774856902 -2.660579483 -1.582346223 1.098335599 1.371219456 0.003026278262
goal -0.03750550654 -0.9267666861 0.6122192265 0.3175527814 1.367188176 -3.140595339
box 0.125 0.125 0.125 -0.6208918206 0.776545852 1.394841367 0 0 0.7076694552 0.7065436591
box 0.1 0.01 0.2 -0.07870741741 1.058196203 1.444841367 0 0 0.1171821858 0.9931104346
box 0.01 0.1 0.2 -0.4173042991 0.7411498778 1.444841367 0 0 0.8684581157 0.4957625453
box 0.1 0.025 0.175 0.1011722003 0.8007143535 1.444841367 0 0 0.9999876976 0.004960305115
box 0.1 0.025 0.175 -0.3712881276 1.041442185 1.444841367 0 0 0.8895241563 0.4568881432
box 0.025 0.025 0.35 -1.10566582 1.434225046 0.8948413671 0 0 0.7633889069 0.6459391433
box 0.025 0.025 0.35 -0.9566930983 0.5466400486 0.8948413671 0 0 0.7633889069 0.6459391433
box 0.025 0.025 0.35 0.5708836202 1.715617965 0.8948413671 0 0 0.7633889069 0.6459391433
box 0.025 0.025 0.35 0.7198563419 0.8280329673 0.8948413671 0 0 0.7633889069 0.6459391433
box 0.6 1 0.02 -0.192904739 1.131129007 1.244841367 0 0 0.7633889069 0.6459391433
cyl 0.03 0.06 -0.1317103584 0.9100449485 1.344841367 0 0 0.7633889069 0.6459391433
cyl 0.05 0.175 -0.3080478935 1.442100821 1.394841367 0 0 0.4480290707 0.8940189885
end
problem table_under_pick 12
start -0.04415670375 -0.403044736 1.633850594 1.910964023 -1.285617832 0.0007768954083
goal -0.03408441249 -1.09002498 1.001772602 0.09041381616 1.293845361 -3.140431555
box 0.125 0.125 0.125 -0.6297808553 0.6949127126 1.345124528 0 0 0.5577163541 0.8300316069
box 0.1 0.01 0.2 -0.08203952454 1.130825915 1.395124528 0 0 0.8958104249 0.4444363652
box 0.01 0.1 0.2 -0.294181775 0.6969677073 1.395124528 0 0 0.5373234332 0.8433762673
box 0.1 0.025 0.175 0.03252740186 0.7123065851 1.395124528 0 0 0.9788471624 0.2045928461
box 0.1 0.025 0.175 -0.5119380703 1.048120953 1.395124528 0 0 0.6149955551 0.7885305747
box 0.025 0.025 0.35 -1.157474748 1.325562868 0.8451245276 0 0 0.7870328388 0.6169111043
box 0.025 0.025 0.35 -0.9425175068 0.451610132 0.8451245276 0 0 0.7870328388 0.6169111043
box 0.025 0.025 0.35 0.4933248646 1.731593212 0.8451245276 0 0 0.7870328388 0.6169111043
box 0.025 0.025 0.35 0.7082821055 0.8576404759 0.8451245276 0 0 0.7870328388 0.6169111043
box 0.6 1 0.02 -0.2245963211 1.091601672 1.195124528 0 0 0.7870328388 0.6169111043
cyl 0.03 0.06 -0.1561278019 0.8646570211 1.295124528 0 0 0.7870328388 0.6169111043
cyl 0.05 0.175 -0.2960876161 1.311390736 1.345124528 0 0 0.9176195824 0.3974598117
end
problem table_under_pick 13
start -0.7821276346 -0.9465394389 2.143405198 -1.198099071 1.329265219 -3.138569944
goal -0.7882085508 -1.330530056 1.351318915 -0.02290102828 1.322913322 3.141029052
box 0.125 0.125 0.125 0.1027692771 0.7776532326 1.338696301 0 0 0.87603601 0.4822456938
box 0.1 0.01 0.2 0.7513036422 0.7720711407 1.388696301 0 0 0.7198533613 0.6941261688
box 0.01 0.1 0.2 0.09798913994 0.647567091 1.388696301 0 0 0.9554650512 0.2951042799
box 0.1 0.025 0.175 0.4700539291 0.3041536681 1.388696301 0 0 0.8115663908 0.5842602102
box 0.1 0.025 0.175 0.2866503228 0.8894115811 1.388696301 0 0 0.8839921762 0.4675016925
box 0.025 0.025 0.35 0.00401129342 1.677748467 0.8386963007 0 0 0.4917506643 0.8707360588
box 0.025 0.025 0.35 -0.460715018 0.9070154033 0.8386963007 0 0 0.4917506643 0.8707360588
box 0.025 0.025 0.35 1.459840414 0.799932101 0.8386963007 0 0 0.4917506643 0.8707360588
box 0.025 0.025 0.35 0.9951141023 0.02919903731 0.8386963007 0 0 0.4917506643 0.8707360588
box 0.6 1 0.02 0.4995626979 0.8534737522 1.188696301 0 0 0.4917506643 0.8707360588
cyl 0.03 0.06 0.4190174611 0.6669552684 1.288696301 0 0 0.4917506643 0.8707360588
cyl 0.05 0.175 0.5628577488 1.14870481 1.338696301 0 0 0.6764917859 0.7364501773
end
problem table_under_pick 14
start -1.80253746 -0.8722262018 1.931293111 -1.05586542 1.164882787 -3.140055388
goal -1.674014739 -1.12190153 1.057913718 0.06172373631 1.295355055 -3.141475612
box 0.125 0.125 0.125 0.5784065105 0.508988269 1.342112447 0 0 0.01259298223 0.9999207053
box 0.1 0.01 0.2 1.160567312 -0.08171499228 1.392112447 0 0 -0.2822215457 0.9593492582
box 0.01 0.1 0.2 0.5234776502 0.2282342331 1.392112447 0 0 0.5446479434 0.8386647827
box 0.1 0.025 0.175 0.7931774993 -0.1776561688 1.392112447 0 0 0.06787763728 0.9976936536
box 0.1 0.025 0.175 0.9535023821 0.3316620126 1.392112447 0 0 -0.6228811908 0.7823164463
box 0.025 0.025 0.35 1.348055975 1.014249763 0.8421124472 0 0 0.08652575271 0.9962496144
box 0.025 0.025 0.35 0.4615320455 0.8590875166 0.8421124472 0 0 0.08652575271 0.9962496144
box 0.025 0.025 0.35 1.641140217 -0.6602954374 0.8421124472 0 0 0.08652575271 0.9962496144
box 0.025 0.025 0.35 0.7546162879 -0.8154576834 0.8421124472 0 0 0.08652575271 0.9962496144
box 0.6 1 0.02 1.051336131 0.0993960396 1.192112447 0 0 0.08652575271 0.9962496144
cyl 0.03 0.06 0.8624416471 0.09727153827 1.292112447 0 0 0.08652575271 0.9962496144
cyl 0.05 0.175 1.425711261 0.2166347874 1.342112447 0 0 0.2694861736 0.9630042587
end
problem table_under_pick 15
start -1.509646625 -0.5707703959 1.753014371 -1.184464621 1.328637043 3.139723918
goal -1.478465311 -0.9456821625 1.080718551 -0.1348428628 1.363062443 3.141066913
box 0.125 0.125 0.125 0.6337980326 0.5586286092 1.225737604 0 0 0.3275561807 0.9448317038
box 0.1 0.01 0.2 1.016069446 0.1205311411 1.275737604 0 0 0.4710414296 0.882111088
box 0.01 0.1 0.2 0.6682261793 0.4136121601 1.275737604 0 0 0.7462555329 0.6656595824
box 0.1 0.025 0.175 0.7602945501 -0.0253353767 1.275737604 0 0 -0.4865927746 0.8736289096
box 0.1 0.025 0.175 0.8733256219 0.5661267235 1.275737604 0 0 0.282521246 0.9592610414
box 0.025 0.025 0.35 1.232281065 1.257770383 0.7257376039 0 0 0.1501639971 0.9886611017
box 0.025 0.025 0.35 0.3728696722 0.9905400383 0.7257376039 0 0 0.1501639971 0.9886611017
box 0.025 0.025 0.35 1.737049495 -0.3655622481 0.7257376039 0 0 0.1501639971 0.9886611017
box 0.025 0.025 0.35 0.8776381018 -0.6327925932 0.7257376039 0 0 0.1501639971 0.9886611017
box 0.6 1 0.02 1.054959584 0.3124888951 1.075737604 0 0 0.1501639971 0.9886611017
cyl 0.03 0.06 0.8943893206 0.2505664779 1.175737604 0 0 0.1501639971 0.9886611017
cyl 0.05 0.175 1.397268786 0.3956134332 1.225737604 0 0 0.1937946642 0.9810421133
end
problem table_under_pick 16
start -0.9937171614 -0.6897741373 1.727432184 -1.035546934 1.32909252 3.139434659
goal -0.981225505 -1.057890504 1.091153368 -0.03576289671 1.340156541 -3.141114685
box 0.125 0.125 0.125 0.2987271328 0.9096814498 1.291381663 0 0 0.8836848667 0.468082318
box 0.1 0.01 0.2 0.9779668653 0.7494317087 1.341381663 0 0 0.3406608735 0.9401862418
box 0.01 0.1 0.2 0.2871186086 0.6854544625 1.341381663 0 0 0.8317988841 0.5550771265
box 0.1 0.025 0.175 0.7200888855 0.4330116359 1.341381663 0 0 0.3635167577 0.9315876592
box 0.1 0.025 0.175 0.671375453 0.8477316444 1.341381663 0 0 0.6828789494 0.7305315465
box 0.025 0.025 0.35 0.4690145309 1.71313443 0.7913816633 0 0 0.3972847004 0.9176954107
box 0.025 0.025 0.35 -0.1468822293 1.056879006 0.7913816633 0 0 0.3972847004 0.9176954107
box 0.025 0.025 0.35 1.708608108 0.5497738825 0.7913816633 0 0 0.3972847004 0.9176954107
box 0.025 0.025 0.35 1.092711348 -0.1064815408 0.7913816633 0 0 0.3972847004 0.9176954107
box 0.6 1 0.02 0.7808629395 0.8033264444 1.141381663 0 0 0.3972847004 0.9176954107
cyl 0.03 0.06 0.6320554579 0.6304039045 1.241381663 0 0 0.3972847004 0.9176954107
cyl 0.05 0.175 0.9416786092 0.9456442855 1.291381663 0 0 0.4539074734 0.8910488234
end
problem table_under_pick 17
start -2.950612278 -2.684559411 -1.757292757 1.300303787 1.561380581 -0.00119037921
goal -0.2478763986 -1.109787883 0.999638515 0.1095506212 1.141357678 3.138903515
box 0.125 0.125 0.125 -0.3928976793 0.6653908978 1.357742708 0 0 0.8994057676 0.4371147048
box 0.1 0.01 0.2 0.1474515718 1.181492686 1.407742708 0 0 0.5926927901 0.8054286167
box 0.01 0.1 0.2 -0.2021345993 0.5763901726 1.407742708 0 0 0.6401969238 0.7682108426
box 0.1 0.025 0.175 0.1907630317 0.6992225217 1.407742708 0 0 0.9982478721 0.05917081951
box 0.1 0.025 0.175 -0.348183761 0.9597908437 1.407742708 0 0 0.9823050189 0.1872881464
box 0.025 0.025 0.35 -1.004189056 1.363753992 0.8577427084 0 0 0.7670941189 0.6415345764
box 0.025 0.025 0.35 -0.8450089589 0.4779426711 0.8577427084 0 0 0.7670941189 0.6415345764
box 0.025 0.025 0.35 0.6690101061 1.664427509 0.8577427084 0 0 0.7670941189 0.6415345764
box 0.025 0.025 0.35 0.8281902032 0.7786161879 0.8577427084 0 0 0.7670941189 0.6415345764
box 0.6 1 0.02 -0.08799942642 1.07118509 1.207742708 0 0 0.7670941189 0.6415345764
cyl 0.03 0.06 -0.01347851958 0.8658947515 1.307742708 0 0 0.7670941189 0.6415345764
cyl 0.05 0.175 -0.125206989 1.416970282 1.357742708 0 0 0.3620307889 0.9321661375
end
problem table_under_pick 18
start -1.592630633 -2.254270022 -2.020688618 -2.005964509 -1.174255718 3.141047315
goal 1.124716226 -1.279631562 1.299003928 -0.01832236875 1.546192214 -3.139989084
box 0.125 0.125 0.125 -0.914818618 -0.02714860026 1.333295186 0 0 0.8881667228 -0.4595213515
box 0.1 0.01 0.2 -0.8145108275 0.5443822163 1.383295186 0 0 0.9097494154 -0.4151578028
box 0.01 0.1 0.2 -0.6909475101 -0.08796240114 1.383295186 0 0 0.9564237715 -0.2919821385
box 0.1 0.025 0.175 -0.5611147779 0.3194286892 1.383295186 0 0 0.998560228 -0.05364206443
box 0.1 0.025 0.175 -1.05111819 0.1556223239 1.383295186 0 0 0.6707506911 0.7416828907
box 0.025 0.025 0.35 -1.721706895 -0.2353973947 0.8332951859 0 0 0.9779509439 0.2088347464
box 0.025 0.025 0.35 -0.900208407 -0.603011642 0.8332951859 0 0 0.9779509439 0.2088347464
box 0.025 0.025 0.35 -1.027324428 1.316321971 0.8332951859 0 0 0.9779509439 0.2088347464
box 0.025 0.025 0.35 -0.2058259399 0.9487077235 0.8332951859 0 0 0.9779509439 0.2088347464
box 0.6 1 0.02 -0.9637664173 0.3566551644 1.183295186 0 0 0.9779509439 0.2088347464
cyl 0.03 0.06 -0.7683547569 0.2391704223 1.283295186 0 0 0.9779509439 0.2088347464
cyl 0.05 0.175 -1.220384827 0.4102972009 1.333295186 0 0 0.9998250859 -0.01870287884
end
problem table_under_pick 19
start -1.085128403 -0.5240179264 1.566003634 -1.039823123 1.410194011 3.141259317
goal 2.372412267 -2.386745522 -0.7348606342 3.118666886 -1.412799832 -3.139391115
box 0.125 0.125 0.125 0.310994703 0.8724462177 1.232723177 0 0 -0.1629967335 0.9866266086
box 0.1 0.01 0.2 1.038842379 0.5176918321 1.282723177 0 0 -0.006605594741 0.9999781828
box 0.01 0.1 0.2 0.5760596223 0.6384341348 1.282723177 0 0 0.6917396176 0.7221470082
box 0.1 0.025 0.175 0.6763362199 0.3418972918 1.282723177 0 0 0.5508322996 0.8346159462
box 0.1 0.025 0.175 0.8447289888 0.8059444905 1.282723177 0 0 0.8941852006 0.4476972493
box 0.025 0.025 0.35 0.7650656595 1.659793394 0.7327231774 0 0 0.3163151995 0.9486541491
box 0.025 0.025 0.35 0.0451652093 1.119660687 0.7327231774 0 0 0.3163151995 0.9486541491
box 0.025 0.025 0.35 1.785316329 0.2999814327 0.7327231774 0 0 0.3163151995 0.9486541491
box 0.025 0.025 0.35 1.065415879 -0.2401512749 0.7327231774 0 0 0.3163151995 0.9486541491
box 0.6 1 0.02 0.9152407694 0.7098210596 1.082723177 0 0 0.3163151995 0.9486541491
cyl 0.03 0.06 0.7924861558 0.5969587836 1.182723177 0 0 0.3163151995 0.9486541491
cyl 0.05 0.175 1.026449628 0.898632001 1.232723177 0 0 0.3813330302 0.9244377319
end
problem table_under_pick 20
start 2.272040412 -2.514686392 -1.691656132 -2.076794957 -1.237217097 3.138749485
goal 2.157595378 -2.137156299 -1.07455566 -3.069696022 -1.348649455 3.140765381
box 0.125 0.125 0.125 0.5254537451 0.7646674503 1.265194255 0 0 0.311429911 0.9502691253
box 0.1 0.01 0.2 1.095646648 0.2031118495 1.315194255 0 0 0.4463191668 0.8948738466
box 0.01 0.1 0.2 0.6566737131 0.5048587839 1.315194255 0 0 0.5073049839 0.8617665886
box 0.1 0.025 0.175 0.6380460691 0.1892164841 1.315194255 0 0 0.1563430184 0.98770282
box 0.1 0.025 0.175 0.9441724242 0.7580009065 1.315194255 0 0 -0.5405342533 0.8413220079
box 0.025 0.025 0.35 1.139926238 1.4234306 0.7651942545 0 0 0.1813715548 0.9834146425
box 0.025 0.025 0.35 0.2991383915 1.102376403 0.7651942545 0 0 0.1813715548 0.9834146425
box 0.025 0.025 0.35 1.746361943 -0.1647242212 0.7651942545 0 0 0.1813715548 0.9834146425
box 0.025 0.025 0.35 0.9055740969 -0.4857784182 0.7651942545 0 0 0.1813715548 0.9834146425
box 0.6 1 0.02 1.022750167 0.4688260907 1.115194255 0 0 0.1813715548 0.9834146425
cyl 0.03 0.06 0.8402336319 0.3523285932 1.215194255 0 0 0.1813715548 0.9834146425
cyl 0.05 0.175 1.306147919 0.6083030292 1.265194255 0 0 0.5280749851 0.849197745
end
problem table_under_pick 21
start -1.877684608 -2.423735411 -1.703780494 -2.157119475 -1.432094637 -3.139494113
goal -1.972882032 -2.269924919 -0.7385128912 3.008261194 -1.524052194 3.139414011
box 0.125 0.125 0.125 -0.8307740042 0.06765905708 1.31127357 0 0 0.9363712361 -0.3510112649
box 0.1 0.01 0.2 -0.8894819743 0.7826541191 1.36127357 0 0 0.9972272294 0.07441675195
box 0.01 0.1 0.2 -0.7572685073 0.2025190985 1.36127357 0 0 0.8660051743 0.5000350369
box 0.1 0.025 0.175 -0.558971009 0.6033362991 1.36127357 0 0 0.7147090641 0.6994218711
box 0.1 0.025 0.175 -1.053408005 0.3191275318 1.36127357 0 0 0.6691532808 0.7431244087
box 0.025 0.025 0.35 -1.776717142 -0.05344238119 0.8112735699 0 0 0.9750926736 0.2217978312
box 0.025 0.025 0.35 -0.9652668418 -0.4427345736 0.8112735699 0 0 0.9750926736 0.2217978312
box 0.025 0.025 0.35 -1.041387445 1.479297074 0.8112735699 0 0 0.9750926736 0.2217978312
box 0.025 0.025 0.35 -0.229937145 1.090004881 0.8112735699 0 0 0.9750926736 0.2217978312
box 0.6 1 0.02 -1.003327143 0.5182812501 1.16127357 0 0 0.9750926736 0.2217978312
cyl 0.03 0.06 -0.8208653426 0.4823534344 1.26127357 0 0 0.9750926736 0.2217978312
cyl 0.05 0.175 -1.267734135 0.577176092 1.31127357 0 0 0.9893848047 0.1453193316
end
problem table_under_pick 22
start 0.6789445872 -0.9163868905 1.95015207 -1.033144388 1.334717995 -3.141276545
goal 0.7732840341 -1.056407066 0.9156405154 0.139982111 1.425852626 3.140477861
box 0.125 0.125 0.125 -0.7402558272 0.1883094337 1.359040508 0 0 0.9884849247 -0.1513193764
box 0.1 0.01 0.2 -0.7115251343 0.756206655 1.409040508 0 0 0.5550979307 0.8317850007
box 0.01 0.1 0.2 -0.5917806335 0.195407112 1.409040508 0 0 0.8263664517 0.5631327442
box 0.1 0.025 0.175 -0.3451488669 0.6334215046 1.409040508 0 0 0.9973652189 0.07254391797
box 0.1 0.025 0.175 -0.9711839831 0.6086670854 1.409040508 0 0 0.4526288934 0.8916989878
box 0.025 0.025 0.35 -1.709592802 0.245496391 0.8590405083 0 0 0.9466723834 0.3221977631
box 0.025 0.025 0.35 -0.9964533194 -0.3035319128 0.8590405083 0 0 0.9466723834 0.3221977631
box 0.025 0.025 0.35 -0.6725393391 1.592537636 0.8590405083 0 0 0.9466723834 0.3221977631
box 0.025 0.025 0.35 0.04060014344 1.043509332 0.8590405083 0 0 0.9466723834 0.3221977631
box 0.6 1 0.02 -0.8344963292 0.6445028615 1.209040508 0 0 0.9466723834 0.3221977631
cyl 0.03 0.06 -0.7190748466 0.5238359064 1.309040508 0 0 0.9466723834 0.3221977631
cyl 0.05 0.175 -1.128821753 0.7716501623 1.359040508 0 0 0.9953145727 -0.09668971699
end
problem table_under_pick 23
start -2.360459855 -2.542267283 -1.711016772 -2.03065545 -1.368675727 3.139588828
goal -2.315260771 -2.103093928 -1.173952751 -3.007773409 -1.323285666 3.140519808
box 0.125 0.125 0.125 -0.7915971218 0.5052852849 1.246998149 0 0 0.9875554954 0.1572709238
box 0.1 0.01 0.2 -0.4319108848 0.9773194605 1.296998149 0 0 0.9916415034 -0.1290237528
box 0.01 0.1 0.2 -0.6498029116 0.4544748835 1.296998149 0 0 0.9971048097 -0.07603945342
box 0.1 0.025 0.175 -0.2266669285 0.7935611341 1.296998149 0 0 0.9609951352 -0.2765652728
box 0.1 0.025 0.175 -0.7964242315 0.8360265237 1.296998149 0 0 0.520019295 0.8541545134
box 0.025 0.025 0.35 -1.566962896 0.8518318873 0.7469981488 0 0 0.8789212794 0.476966859
box 0.025 0.025 0.35 -1.076458189 0.09724250778 0.7469981488 0 0 0.8789212794 0.476966859
box 0.025 0.025 0.35 -0.1416274017 1.77834078 0.7469981488 0 0 0.8789212794 0.476966859
box 0.025 0.025 0.35 0.3488773061 1.0237514 0.7469981488 0 0 0.8789212794 0.476966859
box 0.6 1 0.02 -0.6090427951 0.9377916438 1.096998149 0 0 0.8789212794 0.476966859
cyl 0.03 0.06 -0.5239869332 0.7265551059 1.196998149 0 0 0.8789212794 0.476966859
cyl 0.05 0.175 -0.8534858376 1.156818332 1.246998149 0 0 0.9982854433 0.05853352598
end
problem table_under_pick 24
start -0.4144524586 -0.913792309 2.085413635 -1.173026619 1.503338484 3.139990363
goal -0.3963289374 -1.304402704 1.329967188 -0.02819217979 1.525899966 3.141265533
box 0.125 0.125 0.125 -0.3261956776 0.7703860786 1.334093076 0 0 0.1795650839 0.9837460956
box 0.1 0.01 0.2 0.4334787362 0.9163285326 1.384093076 0 0 0.6803902032 0.7328500334
box 0.01 0.1 0.2 -0.107626646 0.6987729956 1.384093076 0 0 -0.08596370771 0.9962982691
box 0.1 0.025 0.175 0.3679057459 0.5092616669 1.384093076 0 0 0.5105475208 0.8598495386
box 0.1 0.025 0.175 0.01489180325 0.9618197976 1.384093076 0 0 0.9805344436 0.1963471542
box 0.025 0.025 0.35 -0.3788683472 1.682140176 0.8340930757 0 0 0.5733943273 0.8192795282
box 0.025 0.025 0.35 -0.6870624489 0.8365537547 0.8340930757 0 0 0.5733943273 0.8192795282
box 0.025 0.025 0.35 1.218350448 1.099995762 0.8340930757 0 0 0.5733943273 0.8192795282
box 0.025 0.025 0.35 0.9101563467 0.2544093404 0.8340930757 0 0 0.5733943273 0.8192795282
box 0.6 1 0.02 0.2656439997 0.9682747581 1.184093076 0 0 0.5733943273 0.8192795282
cyl 0.03 0.06 0.1912201268 0.7723320221 1.284093076 0 0 0.5733943273 0.8192795282
cyl 0.05 0.175 0.459257207 1.292332794 1.334093076 0 0 0.4082621965 0.9128647101
end
problem table_under_pick 25
start 0.3648524731 -0.8270801323 1.963659964 -1.136930149 1.441794551 -3.141344951
goal 0.3138293825 -1.225664956 1.271989369 -0.04872142033 1.391513095 -3.13832734
box 0.125 0.125 0.125 -0.6836999236 0.5085016314 1.315841907 0 0 0.4352594279 0.9003050763
box 0.1 0.01 0.2 -0.2897622955 0.9404546741 1.365841907 0 0 0.9725993237 0.2324877534
box 0.01 0.1 0.2 -0.5252635975 0.510914952 1.365841907 0 0 0.9803494124 -0.197268927
box 0.1 0.025 0.175 -0.1426119388 0.6736246437 1.365841907 0 0 0.9999370301 0.01122211227
box 0.1 0.025 0.175 -0.7882445079 0.845231693 1.365841907 0 0 0.9664753886 0.2567592709
box 0.025 0.025 0.35 -1.501250708 0.8895288422 0.8158419071 0 0 0.8586720863 0.5125253634
box 0.025 0.025 0.35 -1.074078755 0.09736464059 0.8158419071 0 0 0.8586720863 0.5125253634
box 0.025 0.025 0.35 -0.004940549901 1.696409199 0.8158419071 0 0 0.8586720863 0.5125253634
box 0.025 0.025 0.35 0.4222314035 0.9042449969 0.8158419071 0 0 0.8586720863 0.5125253634
box 0.6 1 0.02 -0.5395096525 0.8968869196 1.165841907 0 0 0.8586720863 0.5125253634
cyl 0.03 0.06 -0.4027253361 0.7248021125 1.265841907 0 0 0.8586720863 0.5125253634
cyl 0.05 0.175 -0.7555634804 1.105946593 1.315841907 0 0 0.9923321732 -0.1235995876
end
problem table_under_pick 26
start 3.007570849 -2.35010127 -1.979103405 -1.954475085 -1.128297833 -3.138850432
goal 2.93031464 -1.916523718 -1.317672728 -3.05034776 -1.206888268 3.140309244
box 0.125 0.125 0.125 -0.01662348267 0.7841737193 1.297394883 0 0 0.6286685995 0.7776733196
box 0.1 0.01 0.2 0.6564107977 0.8179333179 1.347394883 0 0 0.05034017741 0.9987321295
box 0.01 0.1 0.2 0.09150246503 0.7215129374 1.347394883 0 0 0.6939180877 0.7200539477
box 0.1 0.025 0.175 0.4272074358 0.3772655843 1.347394883 0 0 -0.2102703753 0.977643273
box 0.1 0.025 0.175 0.2689840723 1.11271187 1.347394883 0 0 0.1486200494 0.988894373
box 0.025 0.025 0.35 0.01624293721 1.755049548 0.7973948831 0 0 0.4775784616 0.8785891036
box 0.025 0.025 0.35 -0.4732109262 0.99977813 0.7973948831 0 0 0.4775784616 0.8785891036
box 0.025 0.025 0.35 1.442866728 0.8305255843 0.7973948831 0 0 0.4775784616 0.8785891036
box 0.025 0.025 0.35 0.9534128643 0.07525416577 0.7973948831 0 0 0.4775784616 0.8785891036
box 0.6 1 0.02 0.4848279007 0.9151518571 1.147394883 0 0 0.4775784616 0.8785891036
cyl 0.03 0.06 0.3727997376 0.7364136127 1.247394883 0 0 0.4775784616 0.8785891036
cyl 0.05 0.175 0.6818620075 1.131921794 1.297394883 0 0 0.6699082211 0.7424439206
end
problem table_under_pick 27
start 0.1634599754 -0.9696717867 1.94030659 -0.9716790662 1.209161579 -3.138764101
goal -2.538324718 -2.069571594 -0.8699502743 2.938636416 -1.490001147 3.14159265
box 0.125 0.125 0.125 -0.733373732 0.4778227068 1.385772632 0 0 0.734641438 0.6784555679
box 0.1 0.01 0.2 -0.2014008869 1.029143428 1.435772632 0 0 0.6251829077 0.7804782713
box 0.01 0.1 0.2 -0.5803630663 0.5344473204 1.435772632 0 0 0.9859774719 -0.1668784736
box 0.1 0.025 0.175 -0.03279188428 0.6452300561 1.435772632 0 0 0.9975478539 -0.06998770777
box 0.1 0.025 0.175 -0.5640593439 0.8501738244 1.435772632 0 0 0.9366546788 0.3502542116
box 0.025 0.025 0.35 -1.434195982 0.9091499108 0.8857726324 0 0 0.8656243589 0.5006939876
box 0.025 0.025 0.35 -0.9854460262 0.1290066691 0.8857726324 0 0 0.8656243589 0.5006939876
box 0.025 0.025 0.35 0.03940791943 1.756788715 0.8857726324 0 0 0.8656243589 0.5006939876
box 0.025 0.025 0.35 0.4881578748 0.9766454737 0.8857726324 0 0 0.8656243589 0.5006939876
box 0.6 1 0.02 -0.4730190534 0.9428976922 1.235772632 0 0 0.8656243589 0.5006939876
cyl 0.03 0.06 -0.3837013465 0.7906485124 1.335772632 0 0 0.8656243589 0.5006939876
cyl 0.05 0.175 -0.6744822004 1.279166465 1.385772632 0 0 0.9988640804 0.04765027705
end
problem table_under_pick 28
start -2.182832178 -2.769789513 -1.611140133 1.242388476 1.226788641 -0.0002187625225
goal -2.187673019 -2.060396092 -1.022876187 3.084918769 -1.233953469 3.138976176
box 0.125 0.125 0.125 -0.8858450508 0.431111486 1.331973716 0 0 0.9453224227 0.3261372673
box 0.1 0.01 0.2 -0.5293424237 1.055734584 1.381973716 0 0 0.99805341 -0.06236498075
box 0.01 0.1 0.2 -0.7039423213 0.3688566756 1.381973716 0 0 0.3989522172 0.9169717163
box 0.1 0.025 0.175 -0.35164965 0.7129851257 1.381973716 0 0 0.7863044179 0.6178392691
box 0.1 0.025 0.175 -0.8004702405 0.8067999793 1.381973716 0 0 0.9965954449 0.08244706902
box 0.025 0.025 0.35 -1.654612574 0.7449222247 0.831973716 0 0 0.8876154826 0.4605852311
box 0.025 0.025 0.35 -1.136462333 0.009041576899 0.831973716 0 0 0.8876154826 0.4605852311
box 0.025 0.025 0.35 -0.2646157951 1.723650458 0.831973716 0 0 0.8876154826 0.4605852311
box 0.025 0.025 0.35 0.2535344458 0.9877698097 0.831973716 0 0 0.8876154826 0.4605852311
box 0.6 1 0.02 -0.7005390642 0.8663460172 1.181973716 0 0 0.8876154826 0.4605852311
cyl 0.03 0.06 -0.5817966527 0.6622929848 1.281973716 0 0 0.8876154826 0.4605852311
cyl 0.05 0.175 -0.9960868002 1.146153906 1.331973716 0 0 0.6361901503 0.7715323017
end
problem table_under_pick 29
start 2.505072461 -2.703521739 -1.717259121 1.278084738 1.415527451 -0.002733933319
goal -1.060346527 -0.9541820745 0.76994858 0.1814839202 1.304928887 -3.141102789
box 0.125 0.125 0.125 0.2832601266 0.9097779252 1.352675117 0 0 -0.3360860313 0.9418312904
box 0.1 0.01 0.2 0.8504954301 0.5712322247 1.402675117 0 0 0.7375380687 0.6753055584
box 0.01 0.1 0.2 0.2899546758 0.577364536 1.402675117 0 0 0.1418282416 0.9898912819
box 0.1 0.025 0.175 0.7238526512 0.2786398916 1.402675117 0 0 0.386371227 0.9223433606
box 0.1 0.025 0.175 0.678206705 0.8659547545 1.402675117 0 0 -0.2599364501 0.9656257256
box 0.025 0.025 0.35 0.5228222406 1.665093784 0.8526751166 0 0 0.3791870114 0.9253200584
box 0.025 0.025 0.35 -0.1183687381 1.033528959 0.8526751166 0 0 0.3791870114 0.9253200584
box 0.025 0.025 0.35 1.715778022 0.4539552689 0.8526751166 0 0 0.3791870114 0.9253200584
box 0.025 0.025 0.35 1.074587043 -0.1776095566 0.8526751166 0 0 0.3791870114 0.9253200584
box 0.6 1 0.02 0.798704642 0.7437421138 1.202675117 0 0 0.3791870114 0.9253200584
cyl 0.03 0.06 0.6993841334 0.6014192261 1.302675117 0 0 0.3791870114 0.9253200584
cyl 0.05 0.175 1.067766778 0.9948276952 1.352675117 0 0 0.8449036673 0.5349184919
end
problem table_under_pick 30
start -1.198659021 -0.8874125154 1.894691573 -1.005121412 1.46825463 3.138885181
goal -1.123056208 -0.9700763987 0.7845973466 0.1873176729 1.54724798 -3.139296526
box 0.125 0.125 0.125 0.4796840533 0.6921457458 1.356678276 0 0 -0.1781599959 0.9840015325
box 0.1 0.01 0.2 1.055571875 0.3829936885 1.406678276 0 0 -0.1265223266 0.9919637599
box 0.01 0.1 0.2 0.4909450474 0.5257853139 1.406678276 0 0 0.3689688587 0.9294417579
box 0.1 0.025 0.175 0.684622186 0.1640801018 1.406678276 0 0 0.6715769314 0.7409348319
box 0.1 0.025 0.175 0.7877049166 0.7312526058 1.406678276 0 0 0.8448838266 0.5349498291
box 0.025 0.025 0.35 0.9390438694 1.501327686 0.8566782757 0 0 0.2335343644 0.9723485489
box 0.025 0.025 0.35 0.1372128082 1.092589445 0.8566782757 0 0 0.2335343644 0.9723485489
box 0.025 0.025 0.35 1.711104991 -0.0132420966 0.8566782757 0 0 0.2335343644 0.9723485489
box 0.025 0.025 0.35 0.9092739295 -0.4219803373 0.8566782757 0 0 0.2335343644 0.9723485489
box 0.6 1 0.02 0.9241588994 0.5396736742 1.206678276 0 0 0.2335343644 0.9723485489
cyl 0.03 0.06 0.7684634236 0.4969116184 1.306678276 0 0 0.2335343644 0.9723485489
cyl 0.05 0.175 1.232700739 0.6133580416 1.356678276 0 0 0.7586805714 0.6514628083
end
problem table_under_pick 31
start -0.0160010569 -0.9053853853 1.790055356 -0.8836972551 1.466914148 -3.139126145
goal 0.02669978909 -0.9745609368 0.7059578556 0.2685215123 1.507156747 3.139553976
box 0.125 0.125 0.125 -0.5709921338 0.7587398387 1.389669173 0 0 0.931912188 0.3626839862
box 0.1 0.01 0.2 0.1285896796 1.101552926 1.439669173 0 0 0.4634771563 0.8861088678
box 0.01 0.1 0.2 -0.3476821849 0.6852621011 1.439669173 0 0 0.8742160269 0.4855371648
box 0.1 0.025 0.175 0.1071901802 0.8137035483 1.439669173 0 0 0.8738755451 0.4861497008
box 0.1 0.025 0.175 -0.2885545885 1.167416873 1.439669173 0 0 0.5398577937 0.841756237
box 0.025 0.025 0.35 -1.038041265 1.46611653 0.8896691731 0 0 0.7375560197 0.6752859526
box 0.025 0.025 0.35 -0.9588612771 0.569606335 0.8896691731 0 0 0.7375560197 0.6752859526
box 0.025 0.025 0.35 0.6553668808 1.615678729 0.8896691731 0 0 0.7375560197 0.6752859526
box 0.025 0.025 0.35 0.7345468687 0.7191685344 0.8896691731 0 0 0.7375560197 0.6752859526
box 0.6 1 0.02 -0.1517471982 1.092642532 1.239669173 0 0 0.7375560197 0.6752859526
cyl 0.03 0.06 -0.1500212436 0.8949753278 1.339669173 0 0 0.7375560197 0.6752859526
cyl 0.05 0.175 -0.1057762116 1.443630332 1.389669173 0 0 0.5918594267 0.8060412018
end
problem table_under_pick 32
start 0.05903665227 -0.8396229732 2.073711848 -1.235452675 1.308887328 3.141464785
goal 0.06656012353 -1.363011788 1.476482781 -0.1105877561 1.318862078 3.138944536
box 0.125 0.125 0.125 -0.5888465062 0.4678813529 1.30511205 0 0 0.4435217515 0.8962636085
box 0.1 0.01 0.2 -0.01969592933 0.9582671952 1.35511205 0 0 0.9948194663 0.1016574121
box 0.01 0.1 0.2 -0.385542923 0.4620610367 1.35511205 0 0 0.3510699549 0.9363492333
box 0.1 0.025 0.175 0.1012762142 0.5902567403 1.35511205 0 0 0.6122594757 0.7906569006
box 0.1 0.025 0.175 -0.4460265803 0.906968854 1.35511205 0 0 0.9981211437 -0.06127138403
box 0.025 0.025 0.35 -1.264822555 1.118518546 0.8051120502 0 0 0.8108435516 0.5852629621
box 0.025 0.025 0.35 -0.9813814773 0.2643164884 0.8051120502 0 0 0.8108435516 0.5852629621
box 0.025 0.025 0.35 0.3486702212 1.653907248 0.8051120502 0 0 0.8108435516 0.5852629621
box 0.025 0.025 0.35 0.6321112986 0.7997051902 0.8051120502 0 0 0.8108435516 0.5852629621
box 0.6 1 0.02 -0.3163556281 0.9591118682 1.15511205 0 0 0.8108435516 0.5852629621
cyl 0.03 0.06 -0.2290131395 0.7369772224 1.25511205 0 0 0.8108435516 0.5852629621
cyl 0.05 0.175 -0.4014280881 1.339785908 1.30511205 0 0 0.595277145 0.8035204544
end
problem table_under_pick 33
start 0.09476488432 -0.958586091 2.143142754 -1.187219557 1.390259738 3.139512355
goal 0.02901953062 -1.368921613 1.386339487 -0.01848744688 1.322890414 -3.139640875
box 0.125 0.125 0.125 -0.6806589062 0.5887571911 1.343577345 0 0 0.327171931 0.9449648287
box 0.1 0.01 0.2 -0.03209639624 1.076211327 1.393577345 0 0 0.9811573853 0.1932102099
box 0.01 0.1 0.2 -0.3211828343 0.4598659881 1.393577345 0 0 0.577666972 0.816272546
box 0.1 0.025 0.175 0.08788540306 0.5693948852 1.393577345 0 0 0.8338307622 0.5520201626
box 0.1 0.025 0.175 -0.5518679253 0.7876938291 1.393577345 0 0 0.8837991197 0.4678665579
box 0.025 0.025 0.35 -1.244135551 1.142555121 0.8435773454 0 0 0.7974840563 0.6033400202
box 0.025 0.025 0.35 -0.9993700751 0.2764778368 0.8435773454 0 0 0.7974840563 0.6033400202
box 0.025 0.025 0.35 0.3917882074 1.604889909 0.8435773454 0 0 0.7974840563 0.6033400202
box 0.025 0.025 0.35 0.6365536834 0.7388126249 0.8435773454 0 0 0.7974840563 0.6033400202
box 0.6 1 0.02 -0.3037909339 0.9406838728 1.193577345 0 0 0.7974840563 0.6033400202
cyl 0.03 0.06 -0.1994388727 0.7458612732 1.293577345 0 0 0.7974840563 0.6033400202
cyl 0.05 0.175 -0.4399897228 1.134150192 1.343577345 0 0 0.3286247698 0.944460566
end
problem table_under_pick 34
start -0.2127468098 -0.7971760934 1.828492269 -1.028843759 1.329767374 3.13819453
goal -0.1052558512 -1.054948012 0.9973183543 0.05780614521 1.438919833 3.14159265
box 0.125 0.125 0.125 -0.3415563727 0.8222740238 1.326220175 0 0 0.7545438926 0.6562495822
box 0.1 0.01 0.2 0.1425907637 1.037633202 1.376220175 0 0 0.5398994741 0.841729504
box 0.01 0.1 0.2 -0.27275086 0.6799644286 1.376220175 0 0 0.129242681 0.9916129938
box 0.1 0.025 0.175 0.2177433071 0.7784246052 1.376220175 0 0 0.5787963041 0.8154721567
box 0.1 0.025 0.175 -0.2594609912 1.028703446 1.376220175 0 0 0.645071136 0.7641225226
box 0.025 0.025 0.35 -0.8787252296 1.518988018 0.8262201746 0 0 0.7166097003 0.6974743991
box 0.025 0.025 0.35 -0.854372197 0.6193175615 0.8262201746 0 0 0.7166097003 0.6974743991
box 0.025 0.025 0.35 0.8206522988 1.564988191 0.8262201746 0 0 0.7166097003 0.6974743991
box 0.025 0.025 0.35 0.8450053315 0.6653177343 0.8262201746 0 0 0.7166097003 0.6974743991
box 0.6 1 0.02 -0.01685994909 1.092152876 1.176220175 0 0 0.7166097003 0.6974743991
cyl 0.03 0.06 -0.05243800481 0.8916311312 1.276220175 0 0 0.7166097003 0.6974743991
cyl 0.05 0.175 -0.02077335574 1.394882932 1.326220175 0 0 0.6853350074 0.7282279366
end
problem table_under_pick 35
start -0.3524892388 -1.05268069 2.245493784 -1.189770896 1.182770342 -3.141570916
goal -0.1743574696 -1.327775429 1.284126096 0.04541948528 1.357428894 3.139238195
box 0.125 0.125 0.125 -0.4050460482 0.577238222 1.363380215 0 0 0.8766671274 0.481097441
box 0.1 0.01 0.2 0.1674568554 0.9366034042 1.413380215 0 0 0.9999060163 -0.01370979478
box 0.01 0.1 0.2 -0.1288626684 0.4488299344 1.413380215 0 0 0.1579021099 0.9874547705
box 0.1 0.025 0.175 0.1654409766 0.6144274573 1.413380215 0 0 0.9889170406 0.1484691444
box 0.1 0.025 0.175 -0.2126340395 0.9969061186 1.413380215 0 0 0.3276046919 0.9448148844
box 0.025 0.025 0.35 -0.866354881 1.371568884 0.8633802151 0 0 0.7198125665 0.6941684731
box 0.025 0.025 0.35 -0.8337206453 0.4721607416 0.8633802151 0 0 0.7198125665 0.6941684731
box 0.025 0.025 0.35 0.8325271658 1.433211329 0.8633802151 0 0 0.7198125665 0.6941684731
box 0.025 0.025 0.35 0.8651614015 0.5338031869 0.8633802151 0 0 0.7198125665 0.6941684731
box 0.6 1 0.02 -0.0005967397332 0.9526860355 1.213380215 0 0 0.7198125665 0.6941684731
cyl 0.03 0.06 -0.03184377249 0.7875867516 1.313380215 0 0 0.7198125665 0.6941684731
cyl 0.05 0.175 -0.09381883425 1.310641419 1.363380215 0 0 0.5419923576 0.8403834151
end
problem table_under_pick 36
start -2.80981181 -2.348210106 -2.201564382 -1.731257156 -1.15979395 -3.140039125
goal -0.2101993667 -1.397095013 1.596131605 -0.1978903186 1.440540008 3.140129932
box 0.125 0.125 0.125 -0.4707084881 0.6481330521 1.274888922 0 0 0.6370973049 0.7707833834
box 0.1 0.01 0.2 0.2906092439 0.8858623724 1.324888922 0 0 0.4036250596 0.9149244839
box 0.01 0.1 0.2 -0.2739249244 0.5134019576 1.324888922 0 0 0.06803283148 0.9976830829
box 0.1 0.025 0.175 0.2067115359 0.5983375073 1.324888922 0 0 0.7817943574 0.6235363523
box 0.1 0.025 0.175 -0.1096931473 0.8887187847 1.324888922 0 0 0.9912911606 0.1316884008
box 0.025 0.025 0.35 -0.7762579985 1.476743806 0.7748889221 0 0 0.6772309299 0.7357705264
box 0.025 0.025 0.35 -0.8507028801 0.5798280016 0.7748889221 0 0 0.6772309299 0.7357705264
box 0.025 0.025 0.35 0.9179162981 1.336125696 0.7748889221 0 0 0.6772309299 0.7357705264
box 0.025 0.025 0.35 0.8434714164 0.4392098919 0.7748889221 0 0 0.6772309299 0.7357705264
box 0.6 1 0.02 0.03360670895 0.9579768488 1.124888922 0 0 0.6772309299 0.7357705264
cyl 0.03 0.06 0.01237549518 0.7519499634 1.224888922 0 0 0.6772309299 0.7357705264
cyl 0.05 0.175 0.07944523164 1.221101366 1.274888922 0 0 0.7688178075 0.6394678873
end
problem table_under_pick 37
start 1.844682002 -2.639805327 -1.631203286 1.129505688 1.521081425 -0.0007489145688
goal -1.576586324 -0.8953603949 0.5512399435 0.3429012375 1.340171771 3.141546413
box 0.125 0.125 0.125 0.8043504611 0.4070515176 1.398024833 0 0 -0.078076004 0.9969474096
box 0.1 0.01 0.2 1.09837739 0.06052486315 1.448024833 0 0 -0.2022244313 0.9793392055
box 0.01 0.1 0.2 0.6164701713 0.26001262 1.448024833 0 0 -0.2974029863 0.9547520431
box 0.1 0.025 0.175 0.774807411 -0.06137660027 1.448024833 0 0 0.4895754028 0.8719609653
box 0.1 0.025 0.175 1.079264848 0.4641845131 1.448024833 0 0 0.02710277018 0.9996326525
box 0.025 0.025 0.35 1.366437081 1.099212879 0.8980248328 0 0 0.1121665992 0.9936894153
box 0.025 0.025 0.35 0.4890835033 0.8985871064 0.8980248328 0 0 0.1121665992 0.9936894153
box 0.025 0.025 0.35 1.745396873 -0.5580105449 0.8980248328 0 0 0.1121665992 0.9936894153
box 0.025 0.025 0.35 0.8680432955 -0.7586363172 0.8980248328 0 0 0.1121665992 0.9936894153
box 0.6 1 0.02 1.117240188 0.1702882808 1.248024833 0 0 0.1121665992 0.9936894153
cyl 0.03 0.06 0.9110160029 0.1678230228 1.348024833 0 0 0.1121665992 0.9936894153
cyl 0.05 0.175 1.410642346 0.2518758187 1.398024833 0 0 -0.4871582119 0.8733137332
end
problem table_under_pick 38
start -1.596775802 -2.784361568 -1.582017101 1.224441958 1.246976494 0.0008525870902
goal -1.650672811 -2.05645246 -1.039523622 3.098061377 -1.300971284 -3.141442532
box 0.125 0.125 0.125 -0.9252136201 -0.185766336 1.327826548 0 0 0.9755480614 0.2197862139
box 0.1 0.01 0.2 -0.9159661332 0.5467502636 1.377826548 0 0 0.823897364 0.5667390348
box 0.01 0.1 0.2 -0.7028548091 -0.0973845735 1.377826548 0 0 0.9612888509 -0.2755426375
box 0.1 0.025 0.175 -0.6574714981 0.3608495884 1.377826548 0 0 0.9662757749 0.2575094693
box 0.1 0.025 0.175 -1.054845738 0.09816423503 1.377826548 0 0 -0.8405817118 0.5416847661
box 0.025 0.025 0.35 -1.789078401 -0.3217714165 0.8278265481 0 0 0.9847728484 0.1738460156
box 0.025 0.025 0.35 -0.9434787882 -0.6299293212 0.8278265481 0 0 0.9847728484 0.1738460156
box 0.025 0.025 0.35 -1.207002359 1.275472297 0.8278265481 0 0 0.9847728484 0.1738460156
box 0.025 0.025 0.35 -0.3614027459 0.9673143925 0.8278265481 0 0 0.9847728484 0.1738460156
box 0.6 1 0.02 -1.075240574 0.322771488 1.177826548 0 0 0.9847728484 0.1738460156
cyl 0.03 0.06 -0.8449572201 0.2530777758 1.277826548 0 0 0.9847728484 0.1738460156
cyl 0.05 0.175 -1.241742514 0.4637089513 1.327826548 0 0 0.7736150782 0.6336558299
end
problem table_under_pick 39
start -2.082947046 -2.543468874 -1.723794061 -2.01494559 -1.439906416 -3.139602447
goal -2.166410834 -2.034664821 -1.285184309 -2.965353314 -1.522448138 -3.139173739
box 0.125 0.125 0.125 -0.8744739166 0.1085041507 1.244283728 0 0 0.9687348896 0.2480981935
box 0.1 0.01 0.2 -0.7620427641 0.7571417234 1.294283728 0 0 0.9998074553 -0.0196227503
box 0.01 0.1 0.2 -0.6454167409 0.2356644807 1.294283728 0 0 0.8927417332 0.4505687493
box 0.1 0.025 0.175 -0.358822705 0.6792470525 1.294283728 0 0 0.9038408584 0.4278687913
box 0.1 0.025 0.175 -1.025512806 0.5294870587 1.294283728 0 0 0.9998718052 -0.01601165611
box 0.025 0.025 0.35 -1.735840811 0.2934854349 0.7442837279 0 0 0.9482262818 0.3175955267
box 0.025 0.025 0.35 -1.017401264 -0.2485889308 0.7442837279 0 0 0.9482262818 0.3175955267
box 0.025 0.025 0.35 -0.7119225644 1.650537912 0.7442837279 0 0 0.9482262818 0.3175955267
box 0.025 0.025 0.35 0.006516982195 1.108463546 0.7442837279 0 0 0.9482262818 0.3175955267
box 0.6 1 0.02 -0.8646619142 0.7009744905 1.094283728 0 0 0.9482262818 0.3175955267
cyl 0.03 0.06 -0.640659792 0.5837156092 1.194283728 0 0 0.9482262818 0.3175955267
cyl 0.05 0.175 -1.018240679 0.8593733006 1.244283728 0 0 0.9999759236 -0.006939174223
end
problem table_under_pick 40
start -2.172141961 -2.801005402 -1.50192247 1.161485112 1.372424082 -0.002948215553
goal 0.5729340287 -0.9026429415 0.7417467312 0.1612012854 1.375813678 -3.139096118
box 0.125 0.125 0.125 -0.7953342386 0.3727447095 1.330371726 0 0 0.9988552979 0.04783402337
box 0.1 0.01 0.2 -0.7261313005 0.9859480728 1.380371726 0 0 0.9998178566 -0.01908543166
box 0.01 0.1 0.2 -0.6423221581 0.4204530158 1.380371726 0 0 0.9358748779 0.3523325318
box 0.1 0.025 0.175 -0.4107882945 0.7485917505 1.380371726 0 0 0.9640156146 0.2658456222
box 0.1 0.025 0.175 -0.9335932984 0.6118798305 1.380371726 0 0 0.9790886579 -0.2034340186
box 0.025 0.025 0.35 -1.725650431 0.5576075688 0.8303717265 0 0 0.9204530354 0.3908531817
box 0.025 0.025 0.35 -1.100629608 -0.08996402665 0.8303717265 0 0 0.9204530354 0.3908531817
box 0.025 0.025 0.35 -0.5024596397 1.738202456 0.8303717265 0 0 0.9204530354 0.3908531817
box 0.025 0.025 0.35 0.122561183 1.090630861 0.8303717265 0 0 0.9204530354 0.3908531817
box 0.6 1 0.02 -0.801544624 0.8241192147 1.180371726 0 0 0.9204530354 0.3908531817
cyl 0.03 0.06 -0.6399754084 0.6908896639 1.280371726 0 0 0.9204530354 0.3908531817
cyl 0.05 0.175 -1.014779017 1.048350596 1.330371726 0 0 0.9886256302 0.1503973511
end
problem table_under_pick 41
start -0.1135567017 -0.3441604766 1.577318259 1.910887492 -1.211959215 0.0004985545656
goal -2.888688297 -2.318963967 -0.6273994764 2.943635051 -1.557927473 3.140570667
box 0.125 0.125 0.125 -0.4649776342 0.6481356999 1.321265741 0 0 0.9921171644 0.1253137345
box 0.1 0.01 0.2 0.05477336265 1.073471773 1.371265741 0 0 0.1708098209 0.9853040166
box 0.01 0.1 0.2 -0.3142949331 0.604574813 1.371265741 0 0 0.5634856075 0.8261258803
box 0.1 0.025 0.175 0.1991010917 0.7628038159 1.371265741 0 0 0.6107179948 0.7918481741
box 0.1 0.025 0.175 -0.3138047863 1.030214869 1.371265741 0 0 0.9406235499 0.3394515243
box 0.025 0.025 0.35 -1.120617738 1.337805574 0.8212657413 0 0 0.7872488835 0.6166353829
box 0.025 0.025 0.35 -0.9050482896 0.4640036443 0.8212657413 0 0 0.7872488835 0.6166353829
box 0.025 0.025 0.35 0.5298970191 1.74499231 0.8212657413 0 0 0.7872488835 0.6166353829
box 0.025 0.025 0.35 0.7454664672 0.8711903796 0.8212657413 0 0 0.7872488835 0.6166353829
box 0.6 1 0.02 -0.1875756353 1.104497977 1.171265741 0 0 0.7872488835 0.6166353829
cyl 0.03 0.06 -0.1297779648 0.9537238995 1.271265741 0 0 0.7872488835 0.6166353829
cyl 0.05 0.175 -0.2555659674 1.484763323 1.321265741 0 0 0.1606657473 0.9870088741
end
problem table_under_pick 42
start 0.09409431661 -0.7984066476 1.848283155 -1.050639857 1.31905784 -3.140346934
goal -2.720775688 -2.039217045 -1.076346259 3.112659186 -1.496191709 -3.14063007
box 0.125 0.125 0.125 -0.5768852332 0.5880062371 1.323133024 0 0 0.9998788423 -0.01556601366
box 0.1 0.01 0.2 -0.2193699754 1.175284273 1.373133024 0 0 0.9089096948 0.4169930056
box 0.01 0.1 0.2 -0.3936794284 0.4853227713 1.373133024 0 0 0.796837888 0.6041931647
box 0.1 0.025 0.175 0.0179235972 0.6480778464 1.373133024 0 0 0.9729961353 0.2308214045
box 0.1 0.025 0.175 -0.475139593 0.8837144035 1.373133024 0 0 0.9999251591 -0.01223422284
box 0.025 0.025 0.35 -1.304918979 1.160965743 0.823133024 0 0 0.8186442269 0.5743009924
box 0.025 0.025 0.35 -0.9985979126 0.3146989981 0.823133024 0 0 0.8186442269 0.5743009924
box 0.025 0.025 0.35 0.2935848734 1.739572202 0.823133024 0 0 0.8186442269 0.5743009924
box 0.025 0.025 0.35 0.5999059398 0.8933054567 0.823133024 0 0 0.8186442269 0.5743009924
box 0.6 1 0.02 -0.3525065196 1.0271356 1.173133024 0 0 0.8186442269 0.5743009924
cyl 0.03 0.06 -0.2342633493 0.8429456914 1.273133024 0 0 0.8186442269 0.5743009924
cyl 0.05 0.175 -0.4545144744 1.286051137 1.323133024 0 0 0.8894718466 0.4569899716
end
problem table_under_pick 43
start -2.505158765 -2.921326808 -1.418598593 1.196210759 1.353106126 4.862186423e-06
goal 0.2119140947 -0.9795252648 1.008223971 -0.02797671583 1.367143261 3.141134634
box 0.125 0.125 0.125 -0.8108563831 0.5850318371 1.275492783 0 0 0.5040129847 0.8636960758
box 0.1 0.01 0.2 -0.3919742962 1.133461051 1.325492783 0 0 0.8507575295 0.5255583945
box 0.01 0.1 0.2 -0.4411751907 0.6281341722 1.325492783 0 0 0.9056559197 0.4240133901
box 0.1 0.025 0.175 -0.05146625418 0.7906349104 1.325492783 0 0 0.2762676182 0.9610807475
box 0.1 0.025 0.175 -0.6519784088 0.8901650377 1.325492783 0 0 0.8545150239 0.5194266782
box 0.025 0.025 0.35 -1.438061103 1.114175647 0.775492783 0 0 0.8379086172 0.5458105433
box 0.025 0.025 0.35 -1.074297571 0.2909648036 0.775492783 0 0 0.8379086172 0.5458105433
box 0.025 0.025 0.35 0.116892713 1.80128454 0.775492783 0 0 0.8379086172 0.5458105433
box 0.025 0.025 0.35 0.4806562445 0.9780736963 0.775492783 0 0 0.8379086172 0.5458105433
box 0.6 1 0.02 -0.4787024292 1.046124672 1.125492783 0 0 0.8379086172 0.5458105433
cyl 0.03 0.06 -0.3525683384 0.8503678859 1.225492783 0 0 0.8379086172 0.5458105433
cyl 0.05 0.175 -0.6380788751 1.29136 1.275492783 0 0 0.7767052383 0.6298642495
end
problem table_under_pick 44
start -0.5059268882 -0.7735271995 1.768378093 -0.9959410679 1.285920314 3.139983016
goal -0.4041379874 -0.9561495777 0.8384464081 0.1205943395 1.388225822 3.139151867
box 0.125 0.125 0.125 -0.2452499429 0.9610661444 1.326942924 0 0 0.3591338262 0.9332860734
box 0.1 0.01 0.2 0.429880337 0.9573820471 1.376942924 0 0 0.9893124535 0.1458110739
box 0.01 0.1 0.2 0.05451087684 0.7372396111 1.376942924 0 0 -0.08613923128 0.9962831088
box 0.1 0.025 0.175 0.4571262103 0.5493166823 1.376942924 0 0 0.718867354 0.6951472702
box 0.1 0.025 0.175 0.05055347736 1.194660765 1.376942924 0 0 0.4349305001 0.9004640249
box 0.025 0.025 0.35 -0.4437782213 1.701101995 0.8269429244 0 0 0.6236392465 0.781712281
box 0.025 0.025 0.35 -0.6437115838 0.8235903712 0.8269429244 0 0 0.6236392465 0.781712281
box 0.025 0.025 0.35 1.213743735 1.323450089 0.8269429244 0 0 0.6236392465 0.781712281
box 0.025 0.025 0.35 1.013810373 0.4459384643 0.8269429244 0 0 0.6236392465 0.781712281
box 0.6 1 0.02 0.2850160758 1.07352023 1.176942924 0 0 0.6236392465 0.781712281
cyl 0.03 0.06 0.2121286923 0.9013074035 1.276942924 0 0 0.6236392465 0.781712281
cyl 0.05 0.175 0.3301354775 1.427961464 1.326942924 0 0 0.5714932671 0.8206067546
end
problem table_under_pick 45
start 2.490708746 -2.773231795 -1.582406351 1.212083069 1.404104557 -0.001875051761
goal 2.510382467 -2.11176006 -0.939776953 3.051331071 -1.37959383 -3.141446131
box 0.125 0.125 0.125 0.4066523767 0.8800525961 1.333528443 0 0 0.8251690036 0.5648859314
box 0.1 0.01 0.2 0.9649288856 0.5632661946 1.383528443 0 0 0.8379378971 0.5457655912
box 0.01 0.1 0.2 0.4110303661 0.7227053904 1.383528443 0 0 -0.1437072377 0.9896202453
box 0.1 0.025 0.175 0.6748176456 0.2585210395 1.383528443 0 0 0.1837819858 0.9829670298
box 0.1 0.025 0.175 0.7723721082 0.877954946 1.383528443 0 0 -0.3241092507 0.9460196582
box 0.025 0.025 0.35 0.5859572554 1.683850101 0.8335284429 0 0 0.3663761157 0.9304668408
box 0.025 0.025 0.35 -0.0724261199 1.070228613 0.8335284429 0 0 0.3663761157 0.9304668408
box 0.025 0.025 0.35 1.745020067 0.440237059 0.8335284429 0 0 0.3663761157 0.9304668408
box 0.025 0.025 0.35 1.086636692 -0.1733844295 0.8335284429 0 0 0.3663761157 0.9304668408
box 0.6 1 0.02 0.8362969735 0.7552328358 1.183528443 0 0 0.3663761157 0.9304668408
cyl 0.03 0.06 0.6548441332 0.6195953855 1.283528443 0 0 0.3663761157 0.9304668408
cyl 0.05 0.175 1.039090302 0.9272793577 1.333528443 0 0 0.7802062491 0.6255223488
end
problem table_under_pick 46
start -1.155890957 -0.7241450458 1.790752795 -1.069475557 1.238880724 -3.1399729
goal -1.135125111 -1.017187902 1.013135893 0.000970815374 1.257469547 3.140198142
box 0.125 0.125 0.125 0.3802141295 0.7228836765 1.297243934 0 0 0.1622834225 0.9867441871
box 0.1 0.01 0.2 0.9563308392 0.4673692924 1.347243934 0 0 0.6753971082 0.7374542333
box 0.01 0.1 0.2 0.5016428902 0.5783008527 1.347243934 0 0 -0.2661604224 0.9639287471
box 0.1 0.025 0.175 0.7055009792 0.3127848278 1.347243934 0 0 0.2921278748 0.9563792682
box 0.1 0.025 0.175 0.6097733228 0.8721113735 1.347243934 0 0 -0.3618510806 0.9322359119
box 0.025 0.025 0.35 0.5992620432 1.629540065 0.797243934 0 0 0.3656018689 0.9307713325
box 0.025 0.025 0.35 -0.06014144897 1.017014935 0.797243934 0 0 0.3656018689 0.9307713325
box 0.025 0.025 0.35 1.756253955 0.3840001354 0.797243934 0 0 0.3656018689 0.9307713325
box 0.025 0.025 0.35 1.096850463 -0.2285249943 0.797243934 0 0 0.3656018689 0.9307713325
box 0.6 1 0.02 0.8480562529 0.7005075354 1.147243934 0 0 0.3656018689 0.9307713325
cyl 0.03 0.06 0.7195677963 0.5505690413 1.247243934 0 0 0.3656018689 0.9307713325
cyl 0.05 0.175 1.056846332 0.9335312705 1.297243934 0 0 0.649864 0.7600505125
end
problem table_under_pick 47
start -0.2128493095 -0.9005565422 2.173639122 -1.272316505 1.137285669 3.138563865
goal -0.2229180665 -1.370589202 1.455816233 -0.08493817502 1.125344421 3.140666189
box 0.125 0.125 0.125 -0.4765973228 0.6346398898 1.316958766 0 0 0.9938182128 0.1110196377
box 0.1 0.01 0.2 0.109362505 1.052437435 1.366958766 0 0 0.9987522045 0.04994030526
box 0.01 0.1 0.2 -0.1794732521 0.5629894657 1.366958766 0 0 0.5156707577 0.8567868286
box 0.1 0.025 0.175 0.1703114537 0.6729826522 1.366958766 0 0 0.6088001835 0.7933236014
box 0.1 0.025 0.175 -0.3287538803 0.851778439 1.366958766 0 0 0.99941978 -0.03406029005
box 0.025 0.025 0.35 -1.080386549 1.216456225 0.8169587659 0 0 0.7801501862 0.6255922689
box 0.025 0.025 0.35 -0.884844785 0.3379555596 0.8169587659 0 0 0.7801501862 0.6255922689
box 0.025 0.025 0.35 0.5790035967 1.585812889 0.8169587659 0 0 0.7801501862 0.6255922689
box 0.025 0.025 0.35 0.7745453603 0.7073122241 0.8169587659 0 0 0.7801501862 0.6255922689
box 0.6 1 0.02 -0.1529205942 0.9618842244 1.166958766 0 0 0.7801501862 0.6255922689
cyl 0.03 0.06 -0.06253204528 0.7631557128 1.266958766 0 0 0.7801501862 0.6255922689
cyl 0.05 0.175 -0.1904177559 1.300300211 1.316958766 0 0 0.7056975865 0.7085131731
end
problem table_under_pick 48
start -1.178747684 -0.8273405511 1.700530853 -0.8726356443 1.276396496 -3.140115241
goal -1.108649185 -0.9035416978 0.6370404109 0.265640958 1.344884338 -3.140257959
box 0.125 0.125 0.125 0.434578951 0.8538291343 1.371115535 0 0 0.3541405928 0.9351921944
box 0.1 0.01 0.2 1.051973425 0.4840239877 1.421115535 0 0 -0.3501799645 0.9366824395
box 0.01 0.1 0.2 0.4887327796 0.6248316966 1.421115535 0 0 0.8505363706 0.5259162312
box 0.1 0.025 0.175 0.805694941 0.2494124425 1.421115535 0 0 -0.137848211 0.9904533663
box 0.1 0.025 0.175 0.7701036459 0.6969745107 1.421115535 0 0 0.6748718441 0.7379349524
box 0.025 0.025 0.35 0.7150286131 1.618698357 0.8711155349 0 0 0.3372554134 0.9414131857
box 0.025 0.025 0.35 0.01976279807 1.047204309 0.8711155349 0 0 0.3372554134 0.9414131857
box 0.025 0.025 0.35 1.79451737 0.3054184836 0.8711155349 0 0 0.3372554134 0.9414131857
box 0.025 0.025 0.35 1.099251555 -0.266075564 0.8711155349 0 0 0.3372554134 0.9414131857
box 0.6 1 0.02 0.9071400839 0.6763113963 1.221115535 0 0 0.3372554134 0.9414131857
cyl 0.03 0.06 0.7439101459 0.5624974307 1.321115535 0 0 0.3372554134 0.9414131857
cyl 0.05 0.175 1.167280241 0.9046180103 1.371115535 0 0 -0.2640439447 0.9645106507
end
problem table_under_pick 49
start 2.374502931 -2.123674779 -2.169585419 -1.986812387 -1.085269568 3.141287458
goal -1.248607514 -1.363035541 1.330312098 0.0330992005 1.569937587 3.139578137
box 0.125 0.125 0.125 0.5541153088 0.7117815363 1.362556422 0 0 -0.2373103626 0.9714338844
box 0.1 0.01 0.2 0.8890968219 0.1352263148 1.412556422 0 0 0.7028142808 0.7113733806
box 0.01 0.1 0.2 0.5132196275 0.539071085 1.412556422 0 0 -0.07365551151 0.9972837438
box 0.1 0.025 0.175 0.6285741966 0.04927352244 1.412556422 0 0 0.2559248287 0.9666966857
box 0.1 0.025 0.175 0.8430491556 0.6005120801 1.412556422 0 0 -0.5752147971 0.8180024066
box 0.025 0.025 0.35 1.057426924 1.331031703 0.8625564217 0 0 0.1592378111 0.9872402542
box 0.025 0.025 0.35 0.2030689486 1.048060944 0.8625564217 0 0 0.1592378111 0.9872402542
box 0.025 0.025 0.35 1.591927246 -0.2827555834 0.8625564217 0 0 0.1592378111 0.9872402542
box 0.025 0.025 0.35 0.7375692708 -0.5657263423 0.8625564217 0 0 0.1592378111 0.9872402542
box 0.6 1 0.02 0.8974980972 0.3826526803 1.212556422 0 0 0.1592378111 0.9872402542
cyl 0.03 0.06 0.6885201662 0.3440686972 1.312556422 0 0 0.1592378111 0.9872402542
cyl 0.05 0.175 1.09389356 0.4263338723 1.362556422 0 0 0.4701723635 0.8825746136
end
problem table_under_pick 50
start 0.5751509733 -0.8981480637 1.795009225 -0.8966860727 1.45057393 3.138702806
goal 0.6470268979 -1.088813503 0.8977617381 0.1934724162 1.522681053 3.138655787
box 0.125 0.125 0.125 -0.9479527311 0.2840728725 1.384801719 0 0 0.9574323541 -0.2886577339
box 0.1 0.01 0.2 -0.6726239287 0.915899826 1.434801719 0 0 0.9487863151 -0.3159185469
box 0.01 0.1 0.2 -0.6185625492 0.4033022683 1.434801719 0 0 0.9414069513 -0.3372728154
box 0.1 0.025 0.175 -0.4183737788 0.6342958909 1.434801719 0 0 0.5996915358 0.8002312553
box 0.1 0.025 0.175 -0.9626944706 0.6513400265 1.434801719 0 0 0.987262891 0.1590974045
box 0.025 0.025 0.35 -1.682805321 0.6142707871 0.8848017194 0 0 0.9061150891 0.4230312581
box 0.025 0.025 0.35 -1.104925123 -0.07569622394 0.8848017194 0 0 0.9061150891 0.4230312581
box 0.025 0.025 0.35 -0.3795343003 1.705822273 0.8848017194 0 0 0.9061150891 0.4230312581
box 0.025 0.025 0.35 0.1983458981 1.015855262 0.8848017194 0 0 0.9061150891 0.4230312581
box 0.6 1 0.02 -0.7422297115 0.8150630245 1.234801719 0 0 0.9061150891 0.4230312581
cyl 0.03 0.06 -0.6186132486 0.6153903691 1.334801719 0 0 0.9061150891 0.4230312581
cyl 0.05 0.175 -0.980372369 0.9465135361 1.384801719 0 0 0.9259944466 0.3775371304
end
problem table_under_pick 51
start -0.404442886 -0.952156302 1.98756719 -1.033209925 1.139983156 3.139417096
goal -0.2901002128 -1.113712978 0.9799947872 0.1331322379 1.258099968 -3.139898438
box 0.125 0.125 0.125 -0.4035182606 0.7647129084 1.367595513 0 0 0.7763134751 0.6303470381
box 0.1 0.01 0.2 0.201896715 1.011098835 1.417595513 0 0 0.8509019302 0.5253245713
box 0.01 0.1 0.2 -0.1530019654 0.6131126351 1.417595513 0 0 0.8525012813 0.5227251338
box 0.1 0.025 0.175 0.3325532226 0.6889998679 1.417595513 0 0 0.1956526347 0.9806732619
box 0.1 0.025 0.175 -0.1836243609 0.9460983033 1.417595513 0 0 0.9806275528 0.1958816038
box 0.025 0.025 0.35 -0.79848882 1.465262534 0.8675955125 0 0 0.7153588103 0.6987573059
box 0.025 0.025 0.35 -0.7773600105 0.5655105829 0.8675955125 0 0 0.7153588103 0.6987573059
box 0.025 0.025 0.35 0.9010426431 1.505172507 0.8675955125 0 0 0.7153588103 0.6987573059
box 0.025 0.025 0.35 0.9221714525 0.6054205563 0.8675955125 0 0 0.7153588103 0.6987573059
box 0.6 1 0.02 0.06184131628 1.035341545 1.217595513 0 0 0.7153588103 0.6987573059
cyl 0.03 0.06 0.05424773983 0.8657239507 1.317595513 0 0 0.7153588103 0.6987573059
cyl 0.05 0.175 -0.04048072181 1.242466998 1.367595513 0 0 0.3252092054 0.9456420955
end
problem table_under_pick 52
start 1.360454671 -0.5644799189 1.862648099 1.842412343 -1.421136144 -0.001141635715
goal -1.46065232 -2.040227023 -0.8836420942 2.925940277 -1.401038084 3.1387767
box 0.125 0.125 0.125 -0.7944083551 -0.4553628152 1.397856163 0 0 0.9999378684 0.01114716371
box 0.1 0.01 0.2 -1.0812861 0.2226978269 1.447856163 0 0 -0.8628087432 0.5055304864
box 0.01 0.1 0.2 -0.7539936459 -0.2728685172 1.447856163 0 0 0.9857014942 0.168500933
box 0.1 0.025 0.175 -0.623912775 0.1663946218 1.447856163 0 0 0.9974528365 -0.07132908881
box 0.1 0.025 0.175 -1.135502792 -0.2426918824 1.447856163 0 0 -0.8124272063 0.5830626334
box 0.025 0.025 0.35 -1.561080654 -0.7926089863 0.8978561634 0 0 0.9995006526 0.03159818769
box 0.025 0.025 0.35 -0.6628778557 -0.8494573229 0.8978561634 0 0 0.9995006526 0.03159818769
box 0.025 0.025 0.35 -1.453700462 0.9039962991 0.8978561634 0 0 0.9995006526 0.03159818769
box 0.025 0.025 0.35 -0.5554976643 0.8471479625 0.8978561634 0 0 0.9995006526 0.03159818769
box 0.6 1 0.02 -1.058289159 0.02726948811 1.247856163 0 0 0.9995006526 0.03159818769
cyl 0.03 0.06 -0.865716995 0.06331783158 1.347856163 0 0 0.9995006526 0.03159818769
cyl 0.05 0.175 -1.429634814 -0.0425375492 1.397856163 0 0 0.7098457082 0.7043572038
end
problem table_under_pick 53
start -2.747279262 -2.263573378 -1.86941969 -2.148785211 -1.211140137 3.138897293
goal -2.78002773 -2.101960598 -0.8920378513 2.991130982 -1.240510219 -3.139656852
box 0.125 0.125 0.125 -0.5216124949 0.7144296194 1.357803365 0 0 0.9804633644 0.1967017819
box 0.1 0.01 0.2 0.02922774562 1.162261128 1.407803365 0 0 0.6010786205 0.7991898973
box 0.01 0.1 0.2 -0.3684765809 0.5969769931 1.407803365 0 0 0.9881723395 0.1533474079
box 0.1 0.025 0.175 0.01198467448 0.5980787089 1.407803365 0 0 0.5630676444 0.8264108105
box 0.1 0.025 0.175 -0.2490482848 1.022606639 1.407803365 0 0 0.9914309631 0.1306317164
box 0.025 0.025 0.35 -0.9678718012 1.496124724 0.8578033645 0 0 0.7181368226 0.6959019357
box 0.025 0.025 0.35 -0.9395749085 0.596569675 0.8578033645 0 0 0.7181368226 0.6959019357
box 0.025 0.025 0.35 0.7312877354 1.54957441 0.8578033645 0 0 0.7181368226 0.6959019357
box 0.025 0.025 0.35 0.7595846281 0.6500193612 0.8578033645 0 0 0.7181368226 0.6959019357
box 0.6 1 0.02 -0.1041435866 1.073072042 1.207803365 0 0 0.7181368226 0.6959019357
cyl 0.03 0.06 -0.1195453524 0.8848849664 1.307803365 0 0 0.7181368226 0.6959019357
cyl 0.05 0.175 -0.07508839502 1.36764794 1.357803365 0 0 0.8337796194 0.5520974065
end
problem table_under_pick 54
start -1.509235874 -2.381895058 -1.95328057 -1.947164628 -1.125766094 -3.139882986
goal 1.248967138 -1.236104513 1.359435002 -0.1224966293 1.633025348 3.141580085
box 0.125 0.125 0.125 -0.8574664438 -0.1355508949 1.286985876 0 0 0.5657730205 0.8245610282
box 0.1 0.01 0.2 -0.9824066527 0.4544399094 1.336985876 0 0 0.8835918028 -0.4682579694
box 0.01 0.1 0.2 -0.6370081266 -0.0499686402 1.336985876 0 0 0.8369100701 0.5473404193
box 0.1 0.025 0.175 -0.5535883332 0.4253119858 1.336985876 0 0 0.9999104623 0.01338160542
box 0.1 0.025 0.175 -1.021290721 0.1366182831 1.336985876 0 0 0.7377531188 0.6750706153
box 0.025 0.025 0.35 -1.735448198 -0.3160991466 0.7869858764 0 0 0.9813194181 0.1923855493
box 0.025 0.025 0.35 -0.902070157 -0.6559241622 0.7869858764 0 0 0.9813194181 0.1923855493
box 0.025 0.025 0.35 -1.093556502 1.258059375 0.7869858764 0 0 0.9813194181 0.1923855493
box 0.025 0.025 0.35 -0.260178461 0.9182343593 0.7869858764 0 0 0.9813194181 0.1923855493
box 0.6 1 0.02 -0.9978133294 0.3010676063 1.136985876 0 0 0.9813194181 0.1923855493
cyl 0.03 0.06 -0.7975895283 0.1705752549 1.236985876 0 0 0.9813194181 0.1923855493
cyl 0.05 0.175 -1.191557893 0.4586956692 1.286985876 0 0 0.6908874629 0.7229623183
end
problem table_under_pick 55
start -1.316651111 -1.096940418 2.09686782 -0.9972335151 1.53141284 3.13949302
goal -1.309805461 -1.319119066 1.16152831 0.1604826914 1.53711123 3.139359857
box 0.125 0.125 0.125 0.5651388686 0.595036383 1.406800427 0 0 -0.01341106767 0.9999100676
box 0.1 0.01 0.2 0.9336853039 0.2262649704 1.456800427 0 0 -0.3457499033 0.9383267045
box 0.01 0.1 0.2 0.4990306759 0.5296881512 1.456800427 0 0 0.6240957449 0.7813478747
box 0.1 0.025 0.175 0.6400692959 0.06162182251 1.456800427 0 0 -0.320728831 0.94717106
box 0.1 0.025 0.175 0.8024804344 0.6209895582 1.456800427 0 0 -0.3421785583 0.9396349473
box 0.025 0.025 0.35 1.105717286 1.320673941 0.9068004272 0 0 0.1470771143 0.9891250287
box 0.025 0.025 0.35 0.2446543056 1.058814162 0.9068004272 0 0 0.1470771143 0.9891250287
box 0.025 0.025 0.35 1.600341313 -0.3057783558 0.9068004272 0 0 0.1470771143 0.9891250287
box 0.025 0.025 0.35 0.7392783324 -0.5676381347 0.9068004272 0 0 0.1470771143 0.9891250287
box 0.6 1 0.02 0.9224978092 0.3765179029 1.256800427 0 0 0.1470771143 0.9891250287
cyl 0.03 0.06 0.718398378 0.3142927677 1.356800427 0 0 0.1470771143 0.9891250287
cyl 0.05 0.175 1.137792832 0.3993772862 1.406800427 0 0 -0.1059760067 0.9943686872
end
problem table_under_pick 56
start -0.2406812595 -0.9717327822 2.167323652 -1.193832975 1.132609528 3.141108087
goal -0.1828118676 -1.279125062 1.269243216 0.01060503323 1.191841889 3.141430121
box 0.125 0.125 0.125 -0.5463548825 0.6208167851 1.34482861 0 0 0.2302711823 0.9731264988
box 0.1 0.01 0.2 0.1253046002 0.9646570073 1.39482861 0 0 0.9100933671 0.4144032615
box 0.01 0.1 0.2 -0.2736686918 0.4592394519 1.39482861 0 0 0.3243356852 0.9459420507
box 0.1 0.025 0.175 0.2518978587 0.5373764991 1.39482861 0 0 0.7604791105 0.6493623969
box 0.1 0.025 0.175 -0.3256123508 0.9564290237 1.39482861 0 0 0.8163808356 0.577513923
box 0.025 0.025 0.35 -1.049553568 1.244754238 0.8448286104 0 0 0.7730451287 0.6343510298
box 0.025 0.025 0.35 -0.8738757799 0.3620666857 0.8448286104 0 0 0.7730451287 0.6343510298
box 0.025 0.025 0.35 0.617745142 1.576590059 0.8448286104 0 0 0.7730451287 0.6343510298
box 0.025 0.025 0.35 0.7934229298 0.6939025072 0.8448286104 0 0 0.7730451287 0.6343510298
box 0.6 1 0.02 -0.128065319 0.9693283726 1.19482861 0 0 0.7730451287 0.6343510298
cyl 0.03 0.06 -0.06846175286 0.8025416326 1.29482861 0 0 0.7730451287 0.6343510298
cyl 0.05 0.175 -0.1158396673 1.241926796 1.34482861 0 0 0.9834596049 0.1811275946
end
problem table_under_pick 57
start 1.915668616 -3.008060208 -1.407666788 1.274020948 1.455715476 -0.001702980547
goal 1.933772203 -2.211320732 -1.045516594 -3.025546985 -1.438439703 -3.139040701
box 0.125 0.125 0.125 0.8119468464 0.5666102656 1.229621105 0 0 0.5218457288 0.8530398791
box 0.1 0.01 0.2 1.229624148 0.1158821524 1.279621105 0 0 -0.2334535507 0.9723679549
box 0.01 0.1 0.2 0.62085266 0.3911521034 1.279621105 0 0 0.6760349597 0.7368695497
box 0.1 0.025 0.175 0.8331745831 0.01097585549 1.279621105 0 0 -0.3337183937 0.9426728137
box 0.1 0.025 0.175 1.027637656 0.4870885055 1.279621105 0 0 0.09385563592 0.9955858173
box 0.025 0.025 0.35 1.355088247 1.139183648 0.729621105 0 0 0.1135980567 0.9935267895
box 0.025 0.025 0.35 0.4783163807 0.9360307657 0.729621105 0 0 0.1135980567 0.9935267895
box 0.025 0.025 0.35 1.73882147 -0.5169409888 0.729621105 0 0 0.1135980567 0.9935267895
box 0.025 0.025 0.35 0.8620496035 -0.7200938715 0.729621105 0 0 0.1135980567 0.9935267895
box 0.6 1 0.02 1.108568925 0.2095448884 1.079621105 0 0 0.1135980567 0.9935267895
cyl 0.03 0.06 0.9156334517 0.1899307113 1.179621105 0 0 0.1135980567 0.9935267895
cyl 0.05 0.175 1.438565272 0.3455496612 1.229621105 0 0 0.6339964237 0.7733359779
end
problem table_under_pick 58
start 2.145078782 -2.133540073 -1.902264598 -2.249367036 -1.224033259 -3.138869335
goal 2.059883824 -1.907128601 -1.0358842 2.941485872 -1.30972939 -3.139791323
box 0.125 0.125 0.125 0.5453538799 0.6907945224 1.412326455 0 0 0.4040618385 0.9147316714
box 0.1 0.01 0.2 1.082241212 0.05693980747 1.462326455 0 0 -0.519278177 0.8546052743
box 0.01 0.1 0.2 0.5538203112 0.4199252352 1.462326455 0 0 -0.2455407272 0.9693862756
box 0.1 0.025 0.175 0.6626753305 -0.01206361722 1.462326455 0 0 -0.2415979612 0.9703764348
box 0.1 0.025 0.175 1.048177011 0.4330444498 1.462326455 0 0 0.373481946 0.9276374486
box 0.025 0.025 0.35 1.269562887 1.225559176 0.9123264551 0 0 0.1136228044 0.9935239596
box 0.025 0.025 0.35 0.3928011419 1.022362614 0.9123264551 0 0 0.1136228044 0.9935239596
box 0.025 0.025 0.35 1.653378614 -0.4305463427 0.9123264551 0 0 0.1136228044 0.9935239596
box 0.025 0.025 0.35 0.7766168689 -0.6337429041 0.9123264551 0 0 0.1136228044 0.9935239596
box 0.6 1 0.02 1.023089878 0.2959081358 1.262326455 0 0 0.1136228044 0.9935239596
cyl 0.03 0.06 0.7895984905 0.2133915974 1.362326455 0 0 0.1136228044 0.9935239596
cyl 0.05 0.175 1.226400102 0.3442682651 1.412326455 0 0 0.1242582073 0.9922499171
end
problem table_under_pick 59
start 1.127148747 -0.8492735198 2.104324857 -1.253773149 1.254291168 -3.140210922
goal 1.131710249 -1.289273471 1.384487419 -0.09710608508 1.261774428 3.139357854
box 0.125 0.125 0.125 -0.7364041992 -0.2597094965 1.304988273 0 0 -0.8649591481 0.5018422781
box 0.1 0.01 0.2 -0.9809726255 0.3453342611 1.354988273 0 0 0.9965201668 0.08335200809
box 0.01 0.1 0.2 -0.5775126732 -0.1227577845 1.354988273 0 0 0.7884157606 0.6151427383
box 0.1 0.025 0.175 -0.5947578433 0.3622910879 1.354988273 0 0 0.6825450261 0.7308435451
box 0.1 0.025 0.175 -1.044253144 -0.09609487988 1.354988273 0 0 0.8103810092 0.5859032514
box 0.025 0.025 0.35 -1.54288235 -0.6363884535 0.8049882728 0 0 0.9979388673 0.06417177899
box 0.025 0.025 0.35 -0.6502947811 -0.7516595759 0.8049882728 0 0 0.9979388673 0.06417177899
box 0.025 0.025 0.35 -1.325148008 1.049610288 0.8049882728 0 0 0.9979388673 0.06417177899
box 0.025 0.025 0.35 -0.4325604389 0.9343391656 0.8049882728 0 0 0.9979388673 0.06417177899
box 0.6 1 0.02 -0.9877213945 0.148975356 1.154988273 0 0 0.9979388673 0.06417177899
cyl 0.03 0.06 -0.7867724725 0.1541918928 1.254988273 0 0 0.9979388673 0.06417177899
cyl 0.05 0.175 -1.270644561 0.2112684241 1.304988273 0 0 0.9892068346 -0.1465258965
end
problem table_under_pick 60
start 1.165705225 -0.7054419386 1.87485062 -1.166394245 1.260743261 3.141525097
goal -1.614997921 -1.979751481 -1.291564422 -3.011056706 -1.520543296 -3.139507697
box 0.125 0.125 0.125 -0.8925284712 -0.2543010868 1.273159089 0 0 0.7885782099 0.6149344737
box 0.1 0.01 0.2 -1.081284777 0.2978368274 1.323159089 0 0 0.8209121765 0.5710544619
box 0.01 0.1 0.2 -0.769369748 -0.0214023004 1.323159089 0 0 0.9850912377 -0.1720327102
box 0.1 0.025 0.175 -0.6704642013 0.399366379 1.323159089 0 0 0.9998087843 0.01955491987
box 0.1 0.025 0.175 -1.004827159 -0.110002025 1.323159089 0 0 0.9086403953 -0.417579492
box 0.025 0.025 0.35 -1.590196427 -0.6589611566 0.7731590889 0 0 0.9988413164 0.04812509313
box 0.025 0.025 0.35 -0.6943652713 -0.7454859531 0.7731590889 0 0 0.9988413164 0.04812509313
box 0.025 0.025 0.35 -1.4267607 1.03316436 0.7731590889 0 0 0.9988413164 0.04812509313
box 0.025 0.025 0.35 -0.5309295446 0.9466395633 0.7731590889 0 0 0.9988413164 0.04812509313
box 0.6 1 0.02 -1.060562986 0.1438392034 1.123159089 0 0 0.9988413164 0.04812509313
cyl 0.03 0.06 -0.833527737 0.1611991221 1.223159089 0 0 0.9988413164 0.04812509313
cyl 0.05 0.175 -1.305528092 0.2224818748 1.273159089 0 0 0.8192640358 0.5734164626
end
problem table_under_pick 61
start 0.5603915794 -0.2434966119 1.438883503 1.945309094 -1.451930243 -0.00256346729
goal 0.6468177391 -0.9051114578 0.8606156926 0.04233135669 1.536671027 -3.139034732
box 0.125 0.125 0.125 -0.9502497381 0.3762619862 1.285800493 0 0 0.6102761704 0.7921887375
box 0.1 0.01 0.2 -0.5540049391 0.9765224426 1.335800493 0 0 0.419536991 0.9077382404
box 0.01 0.1 0.2 -0.7658274529 0.459686143 1.335800493 0 0 0.9184645124 0.3955034
box 0.1 0.025 0.175 -0.2754948551 0.6430501492 1.335800493 0 0 0.9993407058 0.0363063867
box 0.1 0.025 0.175 -0.9452572483 0.6474598531 1.335800493 0 0 0.9822330397 -0.1876652755
box 0.025 0.025 0.35 -1.697760611 0.6811835036 0.7858004935 0 0 0.9025304811 0.4306259753
box 0.025 0.025 0.35 -1.131550326 -0.01839202008 0.7858004935 0 0 0.9025304811 0.4306259753
box 0.025 0.025 0.35 -0.3763401776 1.750691819 0.7858004935 0 0 0.9025304811 0.4306259753
box 0.025 0.025 0.35 0.1898701072 1.051116296 0.7858004935 0 0 0.9025304811 0.4306259753
box 0.6 1 0.02 -0.753945252 0.8661498997 1.135800493 0 0 0.9025304811 0.4306259753
cyl 0.03 0.06 -0.6588155691 0.6763439341 1.235800493 0 0 0.9025304811 0.4306259753
cyl 0.05 0.175 -0.9710754125 1.094446727 1.285800493 0 0 0.9030011225 0.4296381883
end
problem table_under_pick 63
start 0.7612459979 -0.7985076199 2.031964445 -1.236498651 1.141658853 -3.14021033
goal 0.9182375664 -1.164307746 1.24312719 -0.07930323652 1.296147038 -3.14101212
box 0.125 0.125 0.125 -0.721402258 -0.09657531657 1.293389286 0 0 0.963721144 -0.2669111399
box 0.1 0.01 0.2 -0.7662808299 0.6178916938 1.343389286 0 0 0.6753447902 0.7375021453
box 0.01 0.1 0.2 -0.6286501842 0.02488514834 1.343389286 0 0 0.6527094335 0.757608339
box 0.1 0.025 0.175 -0.5407013046 0.5020851038 1.343389286 0 0 0.799177962 0.6010944893
box 0.1 0.025 0.175 -0.973202181 0.2888848866 1.343389286 0 0 0.818567169 0.5744108197
box 0.025 0.025 0.35 -1.646545958 -0.1738649883 0.7933892864 0 0 0.9821114612 0.1883004985
box 0.025 0.025 0.35 -0.8103686976 -0.5067427283 0.7933892864 0 0 0.9821114612 0.1883004985
box 0.025 0.025 0.35 -1.017776893 1.405580947 0.7933892864 0 0 0.9821114612 0.1883004985
box 0.025 0.025 0.35 -0.1815996332 1.072703207 0.7933892864 0 0 0.9821114612 0.1883004985
box 0.6 1 0.02 -0.9140727954 0.4494191096 1.143389286 0 0 0.9821114612 0.1883004985
cyl 0.03 0.06 -0.7726149667 0.3575953097 1.243389286 0 0 0.9821114612 0.1883004985
cyl 0.05 0.175 -1.136894864 0.510291589 1.293389286 0 0 0.9323149679 0.361647343
end
problem table_under_pick 64
start 0.2132644296 -1.052555428 2.05972172 -1.00543737 1.311926927 -3.140285288
goal 0.3346248159 -1.135130829 0.9374731053 0.1962103086 1.434534286 3.140700236
box 0.125 0.125 0.125 -0.6795549032 0.4286508351 1.396400467 0 0 0.7742359778 0.6328970301
box 0.1 0.01 0.2 -0.2428483175 0.9964678639 1.446400467 0 0 0.7212300942 0.692695569
box 0.01 0.1 0.2 -0.5587584319 0.4744493633 1.446400467 0 0 0.7565417623 0.6539453814
box 0.1 0.025 0.175 -0.06395869297 0.652668004 1.446400467 0 0 0.9858109036 -0.1678596506
box 0.1 0.025 0.175 -0.682110978 0.8644778346 1.446400467 0 0 0.6077449217 0.7941323001
box 0.025 0.025 0.35 -1.421508558 0.9207856038 0.8964004673 0 0 0.8527571046 0.5223076876
box 0.025 0.025 0.35 -1.012558134 0.1190627393 0.8964004673 0 0 0.8527571046 0.5223076876
box 0.025 0.025 0.35 0.09285685311 1.693247514 0.8964004673 0 0 0.8527571046 0.5223076876
box 0.025 0.025 0.35 0.5018072762 0.8915246497 0.8964004673 0 0 0.8527571046 0.5223076876
box 0.6 1 0.02 -0.4598506407 0.9061551268 1.246400467 0 0 0.8527571046 0.5223076876
cyl 0.03 0.06 -0.4161273309 0.748684086 1.346400467 0 0 0.8527571046 0.5223076876
cyl 0.05 0.175 -0.5474456297 1.095846284 1.396400467 0 0 0.9927068049 0.1205537205
end
problem table_under_pick 65
start 2.921911476 -2.479633524 -1.975010606 -1.827386494 -1.104106266 3.140058658
goal 2.814913835 -2.04555885 -1.277272743 -2.962996925 -1.215614303 -3.139293805
box 0.125 0.125 0.125 0.1686533076 0.8631405798 1.240964614 0 0 -0.07699559644 0.9970314329
box 0.1 0.01 0.2 0.7869859428 0.689436246 1.290964614 0 0 0.5789598871 0.815356026
box 0.01 0.1 0.2 0.193597689 0.7097486411 1.290964614 0 0 0.3268723036 0.9450685145
box 0.1 0.025 0.175 0.4455899809 0.5405504594 1.290964614 0 0 0.425696239 0.9048661294
box 0.1 0.025 0.175 0.3475046005 0.9610779456 1.290964614 0 0 0.5059533603 0.8625608368
box 0.025 0.025 0.35 0.197071971 1.738071403 0.7409646141 0 0 0.4284422837 0.9035691504
box 0.025 0.025 0.35 -0.3725150061 1.041242388 0.7409646141 0 0 0.4284422837 0.9035691504
box 0.025 0.025 0.35 1.513304554 0.6621848902 0.7409646141 0 0 0.4284422837 0.9035691504
box 0.025 0.025 0.35 0.9437175769 -0.03464412433 0.7409646141 0 0 0.4284422837 0.9035691504
box 0.6 1 0.02 0.570394774 0.8517136391 1.090964614 0 0 0.4284422837 0.9035691504
cyl 0.03 0.06 0.4683170575 0.7326209968 1.190964614 0 0 0.4284422837 0.9035691504
cyl 0.05 0.175 0.7775547431 1.088882603 1.240964614 0 0 0.223492028 0.9747057574
end
problem table_under_pick 66
start 0.6200858329 -0.8765376419 2.070860473 -1.192848805 1.092878825 -3.139917067
goal 0.7405499354 -1.278980838 1.331131624 -0.05378641203 1.21313517 3.140924957
box 0.125 0.125 0.125 -0.8215809453 0.1254530836 1.320624363 0 0 0.9088802548 0.4170571692
box 0.1 0.01 0.2 -0.7424152644 0.80475566 1.370624363 0 0 0.9982362855 -0.05936597
box 0.01 0.1 0.2 -0.6016547786 0.168199847 1.370624363 0 0 0.9633747445 0.2681587247
box 0.1 0.025 0.175 -0.4267004403 0.4816940326 1.370624363 0 0 0.9971369852 0.07561635215
box 0.1 0.025 0.175 -1.023656284 0.3008458197 1.370624363 0 0 0.8286365595 0.5597869704
box 0.025 0.025 0.35 -1.637205326 -0.008225656912 0.820624363 0 0 0.9718972422 0.2354055024
box 0.025 0.025 0.35 -0.8369536773 -0.4200475824 0.820624363 0 0 0.9718972422 0.2354055024
box 0.025 0.025 0.35 -0.8593194669 1.503360791 0.820624363 0 0 0.9718972422 0.2354055024
box 0.025 0.025 0.35 -0.05906781797 1.091538866 0.820624363 0 0 0.9718972422 0.2354055024
box 0.6 1 0.02 -0.8481365721 0.5416566043 1.170624363 0 0 0.9718972422 0.2354055024
cyl 0.03 0.06 -0.6783308464 0.4352135172 1.270624363 0 0 0.9718972422 0.2354055024
cyl 0.05 0.175 -1.018182924 0.6895056226 1.320624363 0 0 0.6361715477 0.7715476408
end
problem table_under_pick 67
start -0.7413568348 -1.019535197 2.148284532 -1.127778622 1.166998407 3.139375897
goal -0.6462296474 -1.445289115 1.418179352 0.0259936665 1.264049677 -3.14068105
box 0.125 0.125 0.125 -0.003634182697 0.7866095435 1.366312188 0 0 0.9629241125 0.2697724106
box 0.1 0.01 0.2 0.4627968519 0.7924771163 1.416312188 0 0 0.9039913975 0.427550644
box 0.01 0.1 0.2 0.01396725964 0.701044488 1.416312188 0 0 0.9712884276 0.2379050031
box 0.1 0.025 0.175 0.4208256318 0.4019264753 1.416312188 0 0 0.6344004428 0.7730045783
box 0.1 0.025 0.175 0.1107717579 0.9928486377 1.416312188 0 0 0.9052678857 0.4248412116
box 0.025 0.025 0.35 -0.276364666 1.617130988 0.8663121876 0 0 0.5781489537 0.8159312394
box 0.025 0.025 0.35 -0.5747034832 0.7680173621 0.8663121876 0 0 0.5781489537 0.8159312394
box 0.025 0.025 0.35 1.327516628 1.053602111 0.8663121876 0 0 0.5781489537 0.8159312394
box 0.025 0.025 0.35 1.029177811 0.2044884851 0.8663121876 0 0 0.5781489537 0.8159312394
box 0.6 1 0.02 0.3764065723 0.9108097367 1.216312188 0 0 0.5781489537 0.8159312394
cyl 0.03 0.06 0.2751516647 0.6874587976 1.316312188 0 0 0.5781489537 0.8159312394
cyl 0.05 0.175 0.4013089344 1.118127456 1.366312188 0 0 0.93224772 0.361820658
end
problem table_under_pick 68
start -0.08697665136 -0.6982427867 2.032450335 -1.332452977 1.211321623 -3.141258827
goal -0.02134142165 -1.171016173 1.363462766 -0.1955375567 1.280019303 -3.141199959
box 0.125 0.125 0.125 -0.441650452 0.5182382886 1.250643177 0 0 0.9988597332 0.04774131709
box 0.1 0.01 0.2 0.04142456996 1.099698924 1.300643177 0 0 0.6042940491 0.7967613835
box 0.01 0.1 0.2 -0.3494063512 0.4722102988 1.300643177 0 0 0.8701818306 0.4927307395
box 0.1 0.025 0.175 0.185013681 0.6055112261 1.300643177 0 0 0.5465826681 0.837405151
box 0.1 0.025 0.175 -0.3719073461 1.038744776 1.300643177 0 0 0.80719001 0.5902916971
box 0.025 0.025 0.35 -1.167054724 1.193065389 0.7506431772 0 0 0.7959451504 0.6053687452
box 0.025 0.025 0.35 -0.9267030954 0.325752819 0.7506431772 0 0 0.7959451504 0.6053687452
box 0.025 0.025 0.35 0.4712023537 1.64706291 0.7506431772 0 0 0.7959451504 0.6053687452
box 0.025 0.025 0.35 0.711553982 0.7797503391 0.7506431772 0 0 0.7959451504 0.6053687452
box 0.6 1 0.02 -0.2277503708 0.9864078643 1.100643177 0 0 0.7959451504 0.6053687452
cyl 0.03 0.06 -0.1721427695 0.8251054735 1.200643177 0 0 0.7959451504 0.6053687452
cyl 0.05 0.175 -0.3764169991 1.197410195 1.250643177 0 0 0.3062879543 0.9519389104
end
problem table_under_pick 69
start -0.5641934454 -0.5589186544 1.742106796 -1.182872679 1.306864375 -3.140356693
goal -0.4934212094 -0.8849656416 0.99164584 -0.1073701591 1.374470751 -3.140286853
box 0.125 0.125 0.125 -0.1820503465 0.8291339506 1.221075096 0 0 0.9189302482 0.3944200794
box 0.1 0.01 0.2 0.5236943115 1.003634925 1.271075096 0 0 0.9597396746 0.2808910054
box 0.01 0.1 0.2 0.1126865738 0.775595852 1.271075096 0 0 0.183368553 0.983044238
box 0.1 0.025 0.175 0.4762569697 0.5299292969 1.271075096 0 0 0.01655430331 0.9998629681
box 0.1 0.025 0.175 0.2163668447 1.143447759 1.271075096 0 0 0.6995049051 0.7146277967
box 0.025 0.025 0.35 -0.3277953522 1.724815246 0.7210750959 0 0 0.5938510768 0.8045749801
box 0.025 0.025 0.35 -0.5930089696 0.8647793534 0.7210750959 0 0 0.5938510768 0.8045749801
box 0.025 0.025 0.35 1.29671689 1.223856191 0.7210750959 0 0 0.5938510768 0.8045749801
box 0.025 0.025 0.35 1.031503273 0.3638202982 0.7210750959 0 0 0.5938510768 0.8045749801
box 0.6 1 0.02 0.3518539602 1.044317772 1.071075096 0 0 0.5938510768 0.8045749801
cyl 0.03 0.06 0.2997510747 0.9018864393 1.171075096 0 0 0.5938510768 0.8045749801
cyl 0.05 0.175 0.5564061614 1.386074471 1.221075096 0 0 -0.1470658183 0.9891267083
end
problem table_under_pick 70
start 1.058556371 -0.9393335298 1.992042067 -1.055202909 1.421381524 3.139931465
goal 1.024739108 -1.127753995 1.016914302 0.1094579337 1.388315567 -3.138538518
box 0.125 0.125 0.125 -0.8982905713 -0.08085370195 1.361369781 0 0 0.5938222599 0.8045962488
box 0.1 0.01 0.2 -1.003517892 0.5396036113 1.411369781 0 0 0.8418944254 0.5396422672
box 0.01 0.1 0.2 -0.7001591364 0.08739323881 1.411369781 0 0 0.8892749791 -0.4573729458
box 0.1 0.025 0.175 -0.5640073179 0.4319547117 1.411369781 0 0 0.9985779432 0.05331126808
box 0.1 0.025 0.175 -1.006804057 0.2183604144 1.411369781 0 0 0.9846615755 -0.1744751606
box 0.025 0.025 0.35 -1.709886918 -0.3008758014 0.8613697813 0 0 0.9832943518 0.1820225747
box 0.025 0.025 0.35 -0.8695249103 -0.6230429866 0.8613697813 0 0 0.9832943518 0.1820225747
box 0.025 0.025 0.35 -1.101348902 1.286474658 0.8613697813 0 0 0.9832943518 0.1820225747
box 0.025 0.025 0.35 -0.2609868937 0.9643074733 0.8613697813 0 0 0.9832943518 0.1820225747
box 0.6 1 0.02 -0.9854369061 0.331715836 1.211369781 0 0 0.9832943518 0.1820225747
cyl 0.03 0.06 -0.8091563359 0.3051835457 1.311369781 0 0 0.9832943518 0.1820225747
cyl 0.05 0.175 -1.162773937 0.4992982133 1.361369781 0 0 0.9996566535 0.02620257881
end
problem table_under_pick 71
start 2.967774609 -2.272607651 -2.052265975 -1.960537708 -1.449964545 3.141561291
goal -0.6708434822 -1.259644014 1.306323018 -0.04689739122 1.198355884 -3.139225904
box 0.125 0.125 0.125 -0.05239242802 0.7137643787 1.320172145 0 0 0.983583387 0.1804542069
box 0.1 0.01 0.2 0.4857676875 0.8778091883 1.370172145 0 0 0.5314934955 0.8470623733
box 0.01 0.1 0.2 0.06179058526 0.5471395421 1.370172145 0 0 0.6884454935 0.7252880824
box 0.1 0.025 0.175 0.467848449 0.4349033092 1.370172145 0 0 0.8441728635 0.5360710554
box 0.1 0.025 0.175 0.2261312119 0.9620612711 1.370172145 0 0 0.7274127254 0.6862002091
box 0.025 0.025 0.35 -0.3293594794 1.633160396 0.8201721447 0 0 0.5945113826 0.8040871943
box 0.025 0.025 0.35 -0.5931606682 0.7726902151 0.8201721447 0 0 0.5945113826 0.8040871943
box 0.025 0.025 0.35 1.295973085 1.134869262 0.8201721447 0 0 0.5945113826 0.8040871943
box 0.025 0.025 0.35 1.032171896 0.2743990808 0.8201721447 0 0 0.5945113826 0.8040871943
box 0.6 1 0.02 0.3514062085 0.9537797385 1.170172145 0 0 0.5945113826 0.8040871943
cyl 0.03 0.06 0.3222784284 0.7463576401 1.270172145 0 0 0.5945113826 0.8040871943
cyl 0.05 0.175 0.5158121612 1.197828939 1.320172145 0 0 0.8416955562 0.5399523967
end
problem table_under_pick 72
start -1.074418814 -0.889240728 1.956375626 -1.069317787 1.368269335 -3.13893698
goal 2.411628903 -2.056010748 -0.9947355526 3.052925237 -1.426364792 3.13953152
box 0.125 0.125 0.125 0.3978204512 0.7588097359 1.345599837 0 0 0.6927712494 0.7211574003
box 0.1 0.01 0.2 0.8643792802 0.5267707091 1.395599837 0 0 -0.1527740483 0.9882611447
box 0.01 0.1 0.2 0.2315864684 0.6004541111 1.395599837 0 0 -0.2642930662 0.9644424167
box 0.1 0.025 0.175 0.649518779 0.2609668148 1.395599837 0 0 0.2894035712 0.9572071735
box 0.1 0.025 0.175 0.666672238 0.9261960039 1.395599837 0 0 -0.3588280508 0.9334036801
box 0.025 0.025 0.35 0.5966745626 1.627908925 0.8455998375 0 0 0.3413217567 0.9399465189
box 0.025 0.025 0.35 -0.09362446253 1.050425371 0.8455998375 0 0 0.3413217567 0.9399465189
box 0.025 0.025 0.35 1.687476832 0.3240107665 0.8455998375 0 0 0.3413217567 0.9399465189
box 0.025 0.025 0.35 0.9971778073 -0.2534727881 0.8455998375 0 0 0.3413217567 0.9399465189
box 0.6 1 0.02 0.796926185 0.6872180685 1.195599837 0 0 0.3413217567 0.9399465189
cyl 0.03 0.06 0.6909737261 0.5468645375 1.295599837 0 0 0.3413217567 0.9399465189
cyl 0.05 0.175 1.077170905 0.8736274062 1.345599837 0 0 0.8006393533 0.5991465813
end
problem table_under_pick 73
start -1.451518851 -0.3962670958 1.687028969 1.848605105 -1.374404949 -0.001091503508
goal -1.469454481 -1.059523106 0.9801263941 0.08191838915 1.35925666 -3.139684481
box 0.125 0.125 0.125 0.6530876422 0.654733693 1.335502314 0 0 -0.4979939596 0.867180498
box 0.1 0.01 0.2 1.112227351 0.1771345322 1.385502314 0 0 0.6081072315 0.7938548954
box 0.01 0.1 0.2 0.5981612244 0.3318980206 1.385502314 0 0 -0.03909833102 0.9992353679
box 0.1 0.025 0.175 0.6981418753 -0.01999091047 1.385502314 0 0 0.2011614294 0.9795581041
box 0.1 0.025 0.175 0.9816775611 0.5705102972 1.385502314 0 0 0.2543332891 0.9671166311
box 0.025 0.025 0.35 1.204950059 1.29377879 0.835502314 0 0 0.1555196479 0.9878327992
box 0.025 0.025 0.35 0.3484855091 1.017249454 0.835502314 0 0 0.1555196479 0.9878327992
box 0.025 0.025 0.35 1.72728325 -0.323987583 0.835502314 0 0 0.1555196479 0.9878327992
box 0.025 0.025 0.35 0.8708187 -0.6005169193 0.835502314 0 0 0.1555196479 0.9878327992
box 0.6 1 0.02 1.03788438 0.3466309353 1.185502314 0 0 0.1555196479 0.9878327992
cyl 0.03 0.06 0.8534192471 0.2554157354 1.285502314 0 0 0.1555196479 0.9878327992
cyl 0.05 0.175 1.362845687 0.5250811448 1.335502314 0 0 -0.3632955351 0.9316739527
end
problem table_under_pick 74
start -2.575562003 -2.688445901 -1.688201563 1.232288485 1.425364427 0.001390473039
goal -2.61506107 -2.089862082 -0.8960633606 2.986237341 -1.461950527 3.138970904
box 0.125 0.125 0.125 -0.6157266099 0.622524608 1.363725253 0 0 0.4517580292 0.8921405063
box 0.1 0.01 0.2 -0.1934580064 1.036263095 1.413725253 0 0 0.4491822209 0.8934401672
box 0.01 0.1 0.2 -0.4106110379 0.5799705784 1.413725253 0 0 0.8548588882 0.5188605605
box 0.1 0.025 0.175 -0.03485123941 0.6895975213 1.413725253 0 0 0.6496101619 0.7602674776
box 0.1 0.025 0.175 -0.6481092147 0.9662412584 1.413725253 0 0 0.9113857483 0.4115531773
box 0.025 0.025 0.35 -1.378317524 1.087679023 0.8637252529 0 0 0.8386878755 0.5446123827
box 0.025 0.025 0.35 -1.01220229 0.2655113792 0.8637252529 0 0 0.8386878755 0.5446123827
box 0.025 0.025 0.35 0.1746658036 1.779230022 0.8637252529 0 0 0.8386878755 0.5446123827
box 0.025 0.025 0.35 0.5407810382 0.9570623779 0.8637252529 0 0 0.8386878755 0.5446123827
box 0.6 1 0.02 -0.418768243 1.022370701 1.213725253 0 0 0.8386878755 0.5446123827
cyl 0.03 0.06 -0.3205183341 0.8303291315 1.313725253 0 0 0.8386878755 0.5446123827
cyl 0.05 0.175 -0.6444008422 1.316156486 1.363725253 0 0 0.9840405286 -0.1779444801
end
problem table_under_pick 75
start 2.586024127 -2.331851454 -1.647669026 -2.300997282 -1.351150585 3.139237714
goal -0.9005515931 -0.4925178651 -0.1680549997 0.662706596 1.446756587 3.138912417
box 0.125 0.125 0.125 0.2881824166 0.8847823226 1.375318142 0 0 0.7759946459 0.6307394942
box 0.1 0.01 0.2 0.9570066884 0.7851869241 1.425318142 0 0 0.4201599297 0.9074500722
box 0.01 0.1 0.2 0.3133306191 0.6655690704 1.425318142 0 0 0.3967178134 0.9179406171
box 0.1 0.025 0.175 0.7045643006 0.4698897847 1.425318142 0 0 -0.1510533031 0.9885256191
box 0.1 0.025 0.175 0.6617923837 1.084167081 1.425318142 0 0 0.1045297501 0.9945217601
box 0.025 0.025 0.35 0.5054264346 1.746282451 0.8753181419 0 0 0.3859915754 0.9225023056
box 0.025 0.025 0.35 -0.1263924721 1.105341839 0.8753181419 0 0 0.3859915754 0.9225023056
box 0.025 0.025 0.35 1.716092036 0.5528467385 0.8753181419 0 0 0.3859915754 0.9225023056
box 0.025 0.025 0.35 1.08427313 -0.08809387423 0.8753181419 0 0 0.3859915754 0.9225023056
box 0.6 1 0.02 0.7948497822 0.8290942885 1.225318142 0 0 0.3859915754 0.9225023056
cyl 0.03 0.06 0.6667369578 0.7111958397 1.325318142 0 0 0.3859915754 0.9225023056
cyl 0.05 0.175 0.929534984 1.076943416 1.375318142 0 0 0.6816776942 0.731652596
end
problem table_under_pick 76
start 1.420756748 -0.2493127454 1.453185093 1.938323061 -1.516375279 0.0007206762573
goal 1.357243586 -1.011443358 1.02973897 -0.01730036448 1.450571058 -3.138849514
box 0.125 0.125 0.125 -0.7859938659 -0.3955575855 1.286868442 0 0 0.7154235808 0.6986909903
box 0.1 0.01 0.2 -1.044344644 0.3075328645 1.336868442 0 0 0.7656756115 0.6432269102
box 0.01 0.1 0.2 -0.8571044762 -0.1869699441 1.336868442 0 0 0.8930251147 0.4500068273
box 0.1 0.025 0.175 -0.6543211808 0.2772688127 1.336868442 0 0 0.9993885488 0.03496467683
box 0.1 0.025 0.175 -1.139410109 -0.2608926499 1.336868442 0 0 0.8915100713 0.4530008749
box 0.025 0.025 0.35 -1.670406536 -0.7738438429 0.7868684423 0 0 0.9988905582 0.04709195977
box 0.025 0.025 0.35 -0.7743983106 -0.858515328 0.7868684423 0 0 0.9988905582 0.04709195977
box 0.025 0.025 0.35 -1.510471508 0.918616138 0.7868684423 0 0 0.9988905582 0.04709195977
box 0.025 0.025 0.35 -0.614463283 0.8339446529 0.7868684423 0 0 0.9988905582 0.04709195977
box 0.6 1 0.02 -1.142434909 0.03005040499 1.136868442 0 0 0.9988905582 0.04709195977
cyl 0.03 0.06 -0.907704897 0.05132005181 1.236868442 0 0 0.9988905582 0.04709195977
cyl 0.05 0.175 -1.510284603 0.02139632699 1.286868442 0 0 0.9841956831 -0.1770843227
end
problem table_under_pick 77
start -1.627414942 -0.8644546495 1.907833151 -1.043418198 1.330197336 3.140509034
goal -1.578156228 -1.088192895 1.003951044 0.08579422942 1.382047019 -3.139806717
box 0.125 0.125 0.125 0.7959289192 0.4660152019 1.343268657 0 0 0.3595364204 0.9331310532
box 0.1 0.01 0.2 1.133554545 0.05573577362 1.393268657 0 0 -0.06868015091 0.9976387306
box 0.01 0.1 0.2 0.5651554162 0.2974300907 1.393268657 0 0 0.08388470356 0.9964754671
box 0.1 0.025 0.175 0.6569838823 -0.1761246622 1.393268657 0 0 -0.4529935037 0.8915138168
box 0.1 0.025 0.175 1.019227155 0.3552590522 1.393268657 0 0 0.4578324588 0.8890384917
box 0.025 0.025 0.35 1.341314649 1.103772621 0.8432686565 0 0 0.09028593386 0.9959158851
box 0.025 0.025 0.35 0.4559874391 0.9419216685 0.8432686565 0 0 0.09028593386 0.9959158851
box 0.025 0.025 0.35 1.647033115 -0.5685121097 0.8432686565 0 0 0.09028593386 0.9959158851
box 0.025 0.025 0.35 0.7617059046 -0.730363062 0.8432686565 0 0 0.09028593386 0.9959158851
box 0.6 1 0.02 1.051510277 0.1867047794 1.193268657 0 0 0.09028593386 0.9959158851
cyl 0.03 0.06 0.8664727859 0.1550872114 1.293268657 0 0 0.09028593386 0.9959158851
cyl 0.05 0.175 1.271951838 0.1336042199 1.343268657 0 0 0.5623731282 0.8268835859
end
problem table_under_pick 78
start -1.43547699 -1.164194272 2.264855299 -1.099956451 1.146542635 -3.139836024
goal -1.312465519 -1.344082086 1.212590573 0.1316958833 1.271636895 -3.141517291
box 0.125 0.125 0.125 0.3764993897 0.6712900935 1.399465695 0 0 -0.352757911 0.9357146233
box 0.1 0.01 0.2 0.9808160266 0.3794646805 1.449465695 0 0 0.6609112684 0.7504640533
box 0.01 0.1 0.2 0.3297768794 0.3456961159 1.449465695 0 0 0.5166482109 0.8561977728
box 0.1 0.025 0.175 0.6211511343 0.02261454899 1.449465695 0 0 -0.2263892727 0.9740369075
box 0.1 0.025 0.175 0.6701753396 0.6556109053 1.449465695 0 0 -0.1140138614 0.993479159
box 0.025 0.025 0.35 0.7516023738 1.422841339 0.8994656954 0 0 0.2761581279 0.9611122143
box 0.025 0.025 0.35 -0.01112366534 0.9450872295 0.8994656954 0 0 0.2761581279 0.9611122143
box 0.025 0.025 0.35 1.654026803 -0.01786340143 0.8994656954 0 0 0.2761581279 0.9611122143
box 0.025 0.025 0.35 0.891300764 -0.4956175111 0.8994656954 0 0 0.2761581279 0.9611122143
box 0.6 1 0.02 0.8214515689 0.463611914 1.249465695 0 0 0.2761581279 0.9611122143
cyl 0.03 0.06 0.6800000533 0.3785231524 1.349465695 0 0 0.2761581279 0.9611122143
cyl 0.05 0.175 1.002435196 0.5707792888 1.399465695 0 0 0.7017687464 0.7124048193
end
problem table_under_pick 79
start 0.3634157403 -0.9352414252 2.032142909 -1.096481566 1.306428407 -3.139657403
goal -2.312039465 -1.955160385 -1.125440683 3.081781075 -1.368370548 -3.139424758
box 0.125 0.125 0.125 -0.6875128917 0.375171384 1.351872579 0 0 0.7980630155 0.6025739982
box 0.1 0.01 0.2 -0.4445868809 0.9049141973 1.401872579 0 0 0.8512507559 0.5247591358
box 0.01 0.1 0.2 -0.5749055527 0.4397324615 1.401872579 0 0 0.7771409587 0.6293265689
box 0.1 0.025 0.175 -0.2049631941 0.5309422704 1.401872579 0 0 0.9363277654 0.3511272073
box 0.1 0.025 0.175 -0.712679209 0.824401032 1.401872579 0 0 0.9770010541 0.2132344724
box 0.025 0.025 0.35 -1.548194163 0.7052730568 0.8518725789 0 0 0.8900517849 0.4558594304
box 0.025 0.025 0.35 -1.02224824 -0.02505624259 0.8518725789 0 0 0.8900517849 0.4558594304
box 0.025 0.025 0.35 -0.1686832644 1.698726468 0.8518725789 0 0 0.8900517849 0.4558594304
box 0.025 0.025 0.35 0.3572626591 0.9683971684 0.8518725789 0 0 0.8900517849 0.4558594304
box 0.6 1 0.02 -0.5954657521 0.8368351126 1.201872579 0 0 0.8900517849 0.4558594304
cyl 0.03 0.06 -0.4974551351 0.6817565178 1.301872579 0 0 0.8900517849 0.4558594304
cyl 0.05 0.175 -0.7175137664 1.031351671 1.351872579 0 0 0.7502272171 0.6611800986
end
problem table_under_pick 80
start 0.1886796413 -0.5970641556 1.835600185 -1.23849865 1.310276171 3.139864146
goal 0.1902931598 -1.06942117 1.274061476 -0.2071356446 1.313652033 -3.139976065
box 0.125 0.125 0.125 -0.6435223826 0.6396160071 1.227093381 0 0 0.9979589164 -0.06385922937
box 0.1 0.01 0.2 -0.2937972535 1.140037973 1.277093381 0 0 0.2495211877 0.9683693391
box 0.01 0.1 0.2 -0.3979669848 0.5143820651 1.277093381 0 0 0.7832384849 0.6217213812
box 0.1 0.025 0.175 -0.1174222501 0.7377063858 1.277093381 0 0 0.9763362949 -0.2162578075
box 0.1 0.025 0.175 -0.689937235 0.8800231163 1.277093381 0 0 0.9059940043 0.4232905199
box 0.025 0.025 0.35 -1.408875737 1.015596807 0.7270933808 0 0 0.8458837705 0.5333672719
box 0.025 0.025 0.35 -1.020940901 0.2034967126 0.7270933808 0 0 0.8458837705 0.5333672719
box 0.025 0.025 0.35 0.1250911075 1.748362608 0.7270933808 0 0 0.8458837705 0.5333672719
box 0.025 0.025 0.35 0.5130259434 0.9362625137 0.7270933808 0 0 0.8458837705 0.5333672719
box 0.6 1 0.02 -0.4479248969 0.9759296603 1.077093381 0 0 0.8458837705 0.5333672719
cyl 0.03 0.06 -0.3398119698 0.8121739028 1.177093381 0 0 0.8458837705 0.5333672719
cyl 0.05 0.175 -0.5540533114 1.160167725 1.227093381 0 0 0.9970673114 0.07652957915
end
problem table_under_pick 81
start 1.050227547 -0.9297485755 1.821694091 -0.8910594724 1.432798705 3.140170619
goal 1.151217215 -1.122888288 0.9252555168 0.1948570909 1.533443578 3.141115132
box 0.125 0.125 0.125 -0.9377191016 -0.1453367106 1.394211428 0 0 0.9786197391 0.2056779188
box 0.1 0.01 0.2 -1.014010451 0.6442558127 1.444211428 0 0 0.7748028931 0.6322028763
box 0.01 0.1 0.2 -0.6945735845 0.01008704497 1.444211428 0 0 0.9298301469 0.3679889917
box 0.1 0.025 0.175 -0.5517891306 0.4600119664 1.444211428 0 0 0.9989598855 0.04559766551
box 0.1 0.025 0.175 -1.0058884 0.2183251936 1.444211428 0 0 0.9748787959 0.2227360169
box 0.025 0.025 0.35 -1.764656809 -0.244567277 0.8942114277 0 0 0.9814430597 0.1917538019
box 0.025 0.025 0.35 -0.9308419457 -0.5833190655 0.8942114277 0 0 0.9814430597 0.1917538019
box 0.025 0.025 0.35 -1.12479232 1.330416353 0.8942114277 0 0 0.9814430597 0.1917538019
box 0.025 0.025 0.35 -0.2909774565 0.9916645647 0.8942114277 0 0 0.9814430597 0.1917538019
box 0.6 1 0.02 -1.027817133 0.3735486439 1.244211428 0 0 0.9814430597 0.1917538019
cyl 0.03 0.06 -0.825534007 0.2385397721 1.344211428 0 0 0.9814430597 0.1917538019
cyl 0.05 0.175 -1.217531119 0.4798386504 1.394211428 0 0 0.7133518551 0.700806058
end
problem table_under_pick 82
start -2.583860881 -2.461165574 -1.88513477 -1.93924689 -1.313895818 -3.14104578
goal -2.70251162 -2.148287329 -1.0696196 -3.067386098 -1.434833344 -3.141128498
box 0.125 0.125 0.125 -0.612643385 0.606056304 1.259865327 0 0 0.7047693232 0.7094365377
box 0.1 0.01 0.2 -0.06523110062 1.148790394 1.309865327 0 0 0.7284441492 0.6851051901
box 0.01 0.1 0.2 -0.4559764157 0.6177845795 1.309865327 0 0 0.7337911103 0.6793751588
box 0.1 0.025 0.175 -0.006789017702 0.6910118005 1.309865327 0 0 0.7286756182 0.6848589953
box 0.1 0.025 0.175 -0.4755526132 0.9343189358 1.309865327 0 0 0.9978793886 0.06509013545
box 0.025 0.025 0.35 -1.273508973 1.191658183 0.7598653275 0 0 0.8049688665 0.5933170518
box 0.025 0.025 0.35 -1.007154196 0.3319750244 0.7598653275 0 0 0.8049688665 0.5933170518
box 0.025 0.025 0.35 0.3503369933 1.694772761 0.7598653275 0 0 0.8049688665 0.5933170518
box 0.025 0.025 0.35 0.6166917701 0.8350896028 0.7598653275 0 0 0.8049688665 0.5933170518
box 0.6 1 0.02 -0.3284086013 1.013373893 1.109865327 0 0 0.8049688665 0.5933170518
cyl 0.03 0.06 -0.2492703905 0.8799802235 1.209865327 0 0 0.8049688665 0.5933170518
cyl 0.05 0.175 -0.3942088868 1.258362021 1.259865327 0 0 0.7967494387 0.604309798
end
problem table_under_pick 83
start -1.162517721 -0.8772847127 1.717495031 -0.8384384134 1.316359089 -3.139849162
goal 2.338298192 -2.286347214 -0.4934987357 2.779468121 -1.467989156 -3.13991863
box 0.125 0.125 0.125 0.3676307248 0.7978553419 1.393445186 0 0 0.7942296654 0.6076176748
box 0.1 0.01 0.2 0.9613532455 0.5691324007 1.443445186 0 0 0.6887276636 0.7250201414
box 0.01 0.1 0.2 0.5273209402 0.5652718313 1.443445186 0 0 0.775617623 0.6312030599
box 0.1 0.025 0.175 0.735523418 0.361723343 1.443445186 0 0 0.15010752 0.9886696781
box 0.1 0.025 0.175 0.761447709 0.7993097678 1.443445186 0 0 0.6216279912 0.7833126072
box 0.025 0.025 0.35 0.7349788903 1.61712267 0.8934451859 0 0 0.3261664847 0.9453123422
box 0.025 0.025 0.35 0.02647112665 1.062130103 0.8934451859 0 0 0.3261664847 0.9453123422
box 0.025 0.025 0.35 1.783298183 0.2788302274 0.8934451859 0 0 0.3261664847 0.9453123422
box 0.025 0.025 0.35 1.074790419 -0.2761623391 0.8934451859 0 0 0.3261664847 0.9453123422
box 0.6 1 0.02 0.9048846546 0.6704801654 1.243445186 0 0 0.3261664847 0.9453123422
cyl 0.03 0.06 0.7629400908 0.5433359287 1.343445186 0 0 0.3261664847 0.9453123422
cyl 0.05 0.175 1.192243455 0.9482808681 1.393445186 0 0 -0.219807627 0.9755432369
end
problem table_under_pick 84
start 2.866919314 -2.510605979 -1.948608151 -1.823709922 -1.123524896 3.141410261
goal -0.7707840415 -1.195859934 1.452221928 -0.2570788786 1.525177857 -3.13905164
box 0.125 0.125 0.125 0.2279048506 0.8580986646 1.229940223 0 0 0.8550852487 0.5184874323
box 0.1 0.01 0.2 0.7848131228 0.6545767532 1.279940223 0 0 0.1057718888 0.9943904201
box 0.01 0.1 0.2 0.1936076761 0.5895033246 1.279940223 0 0 0.5546889033 0.8320578229
box 0.1 0.025 0.175 0.6031096832 0.3972834457 1.279940223 0 0 0.00452228567 0.9999897744
box 0.1 0.025 0.175 0.4103757664 0.9928370827 1.279940223 0 0 0.9152728704 0.4028344234
box 0.025 0.025 0.35 0.2707619934 1.731596037 0.7299402233 0 0 0.4112940456 0.9115027197
box 0.025 0.025 0.35 -0.3247449811 1.056783883 0.7299402233 0 0 0.4112940456 0.9115027197
box 0.025 0.025 0.35 1.545407173 0.6067495294 0.7299402233 0 0 0.4112940456 0.9115027197
box 0.025 0.025 0.35 0.9499001989 -0.0680626247 0.7299402233 0 0 0.4112940456 0.9115027197
box 0.6 1 0.02 0.6103310961 0.831766706 1.079940223 0 0 0.4112940456 0.9115027197
cyl 0.03 0.06 0.4818508983 0.6711667198 1.179940223 0 0 0.4112940456 0.9115027197
cyl 0.05 0.175 0.8447264453 1.125717659 1.229940223 0 0 0.5122158957 0.8588567262
end
problem table_under_pick 85
start -1.517530276 -2.722759407 -1.70454657 1.287237752 1.305876027 -0.002447218156
goal -1.470761289 -1.997019947 -1.083448452 3.078977325 -1.258473136 -3.139429612
box 0.125 0.125 0.125 -0.82408496 -0.1929668716 1.344734478 0 0 0.9351951538 0.3541327778
box 0.1 0.01 0.2 -0.9944518008 0.4632059235 1.394734478 0 0 0.9242093437 0.3818862251
box 0.01 0.1 0.2 -0.8075779708 -0.1151732313 1.394734478 0 0 0.946908482 0.3215032298
box 0.1 0.025 0.175 -0.6719230958 0.3423863109 1.394734478 0 0 0.967945128 -0.2511617592
box 0.1 0.025 0.175 -1.087255567 0.01351892211 1.394734478 0 0 0.9399013812 0.3414460334
box 0.025 0.025 0.35 -1.692077865 -0.5299644491 0.8447344784 0 0 0.9943431727 0.106215135
box 0.025 0.025 0.35 -0.8123848434 -0.7200701789 0.8447344784 0 0 0.9943431727 0.106215135
box 0.025 0.025 0.35 -1.332989264 1.131677924 0.8447344784 0 0 0.9943431727 0.106215135
box 0.025 0.025 0.35 -0.4532962428 0.9415721945 0.8447344784 0 0 0.9943431727 0.106215135
box 0.6 1 0.02 -1.072687054 0.2058038727 1.194734478 0 0 0.9943431727 0.106215135
cyl 0.03 0.06 -0.8510840487 0.1120892752 1.294734478 0 0 0.9943431727 0.106215135
cyl 0.05 0.175 -1.299946363 0.1734064169 1.344734478 0 0 0.9928039321 0.1197512106
end
problem table_under_pick 86
start -2.466912058 -2.177228897 -2.004906819 -2.103036973 -1.154520486 -3.138221082
goal -2.610502999 -2.037772921 -0.9605234171 3.000350956 -1.300351544 3.139122067
box 0.125 0.125 0.125 -0.6158557544 0.5183525794 1.369545272 0 0 0.5584952643 0.8295077093
box 0.1 0.01 0.2 -0.1267748249 1.069792119 1.419545272 0 0 0.9759444122 0.2180195046
box 0.01 0.1 0.2 -0.4645975565 0.5532139356 1.419545272 0 0 0.6497825157 0.7601201762
box 0.1 0.025 0.175 -0.01245163303 0.7203243421 1.419545272 0 0 0.8533824775 0.5212852837
box 0.1 0.025 0.175 -0.5895027905 0.8636055246 1.419545272 0 0 0.5890705712 0.8080815937
box 0.025 0.025 0.35 -1.274400885 1.194123033 0.8695452722 0 0 0.7920263442 0.6104869123
box 0.025 0.025 0.35 -1.045250571 0.3237839422 0.8695452722 0 0 0.7920263442 0.6104869123
box 0.025 0.025 0.35 0.3695729544 1.626962515 0.8695452722 0 0 0.7920263442 0.6104869123
box 0.025 0.025 0.35 0.5987232683 0.756623424 0.8695452722 0 0 0.7920263442 0.6104869123
box 0.6 1 0.02 -0.3378388081 0.9753732287 1.219545272 0 0 0.7920263442 0.6104869123
cyl 0.03 0.06 -0.2711640951 0.8282976932 1.319545272 0 0 0.7920263442 0.6104869123
cyl 0.05 0.175 -0.3205981301 1.291638685 1.369545272 0 0 0.9901206693 0.1402179029
end
problem table_under_pick 87
start 0.8989066647 -0.9257707224 1.894545886 -0.9718901289 1.241113722 -3.141428655
goal 0.9641836275 -0.9848464633 0.7595573094 0.2271064633 1.304156282 -3.139312897
box 0.125 0.125 0.125 -0.773536323 -0.08088098297 1.375517459 0 0 0.67576448 0.7371176077
box 0.1 0.01 0.2 -1.009085088 0.6340929375 1.425517459 0 0 0.8664483987 0.4992666345
box 0.01 0.1 0.2 -0.73762112 0.1719259494 1.425517459 0 0 0.5773097738 0.816525214
box 0.1 0.025 0.175 -0.5347647369 0.4944020758 1.425517459 0 0 0.8767892024 -0.4808749262
box 0.1 0.025 0.175 -1.116307788 0.2840794114 1.425517459 0 0 0.8765769662 -0.4812616984
box 0.025 0.025 0.35 -1.69891023 -0.2431763843 0.8755174592 0 0 0.985493141 0.169715259
box 0.025 0.025 0.35 -0.8507561149 -0.5442321869 0.8755174592 0 0 0.985493141 0.169715259
box 0.025 0.025 0.35 -1.13024927 1.358892501 0.8755174592 0 0 0.985493141 0.169715259
box 0.025 0.025 0.35 -0.2820951545 1.057836698 0.8755174592 0 0 0.985493141 0.169715259
box 0.6 1 0.02 -0.9905026925 0.4073301569 1.225517459 0 0 0.985493141 0.169715259
cyl 0.03 0.06 -0.8351559701 0.3570773692 1.325517459 0 0 0.985493141 0.169715259
cyl 0.05 0.175 -1.339417465 0.5426810504 1.375517459 0 0 0.9567026244 -0.2910671545
end
problem table_under_pick 88
start -1.430513419 -2.830861368 -1.60292151 1.293067369 1.419295664 0.001351481661
goal 1.334486211 -0.9372522925 0.8738030953 0.06584917125 1.345460731 3.141090037
box 0.125 0.125 0.125 -0.8418340822 -0.3593696363 1.301143105 0 0 -0.7538688445 0.6570249351
box 0.1 0.01 0.2 -1.121635608 0.1830509109 1.351143105 0 0 0.9973791505 -0.07235212636
box 0.01 0.1 0.2 -0.6088337298 -0.2346046263 1.351143105 0 0 -0.8156085386 0.5786041063
box 0.1 0.025 0.175 -0.6699883061 0.3253983056 1.351143105 0 0 0.9004374087 0.4349856008
box 0.1 0.025 0.175 -1.173215558 -0.1767065969 1.351143105 0 0 0.9184067365 0.3956375441
box 0.025 0.025 0.35 -1.564591686 -0.801248053 0.8011431051 0 0 0.9999835777 0.005731002009
box 0.025 0.025 0.35 -0.6646508055 -0.8115636872 0.8011431051 0 0 0.9999835777 0.005731002009
box 0.025 0.025 0.35 -1.545106599 0.8986402761 0.8011431051 0 0 0.9999835777 0.005731002009
box 0.025 0.025 0.35 -0.6451657186 0.8883246419 0.8011431051 0 0 0.9999835777 0.005731002009
box 0.6 1 0.02 -1.104878702 0.04353829449 1.151143105 0 0 0.9999835777 0.005731002009
cyl 0.03 0.06 -0.9327372015 0.04817673294 1.251143105 0 0 0.9999835777 0.005731002009
cyl 0.05 0.175 -1.371554981 0.09350907864 1.301143105 0 0 0.929111158 -0.3698005627
end
problem table_under_pick 89
start -0.3513050441 -0.5101002961 1.67935587 1.971788841 -1.347310863 -0.0002545225902
goal -3.107089615 -2.292796165 -0.4794507329 2.775149236 -1.409454181 -3.141332852
box 0.125 0.125 0.125 -0.329278923 0.8402406746 1.39466674 0 0 0.489862788 0.8717995463
box 0.1 0.01 0.2 0.3199189461 1.151501375 1.44466674 0 0 0.7250289844 0.6887183544
box 0.01 0.1 0.2 -0.1363137868 0.7706379145 1.44466674 0 0 0.3854169068 0.9227425469
box 0.1 0.025 0.175 0.2968430404 0.6793867797 1.44466674 0 0 0.02020705563 0.9997958166
box 0.1 0.025 0.175 -0.09998023238 1.145374327 1.44466674 0 0 0.9884206571 0.1517386059
box 0.025 0.025 0.35 -0.635285429 1.660313805 0.89466674 0 0 0.6612852395 0.7501345427
box 0.025 0.025 0.35 -0.7481487267 0.767418584 0.89466674 0 0 0.6612852395 0.7501345427
box 0.025 0.025 0.35 1.051294433 1.447127576 0.89466674 0 0 0.6612852395 0.7501345427
box 0.025 0.025 0.35 0.9384311355 0.5542323549 0.89466674 0 0 0.6612852395 0.7501345427
box 0.6 1 0.02 0.1515728533 1.10727308 1.24466674 0 0 0.6612852395 0.7501345427
cyl 0.03 0.06 0.122829473 0.9302732829 1.34466674 0 0 0.6612852395 0.7501345427
cyl 0.05 0.175 0.1330956088 1.344981787 1.39466674 0 0 -0.01559378868 0.9998784095
end
problem table_under_pick 90
start -1.373224841 -1.163853247 2.286354666 -1.124821754 1.161813127 -3.137748396
goal -1.307936502 -1.383677936 1.270534131 0.1122039637 1.226764285 -3.141161131
box 0.125 0.125 0.125 0.2415583926 0.6316964458 1.395840111 0 0 -0.4625627859 0.8865865265
box 0.1 0.01 0.2 1.01740838 0.3421100608 1.445840111 0 0 -0.1513926461 0.9884737056
box 0.01 0.1 0.2 0.3607078408 0.481030278 1.445840111 0 0 0.6960689494 0.7179749422
box 0.1 0.025 0.175 0.5879115333 0.03808864095 1.445840111 0 0 0.7238498138 0.689957569
box 0.1 0.025 0.175 0.7433455553 0.6180483992 1.445840111 0 0 -0.2782215218 0.9605169362
box 0.025 0.025 0.35 0.6751862205 1.459749576 0.8958401115 0 0 0.2982682351 0.9544820899
box 0.025 0.025 0.35 -0.06467868742 0.9473045366 0.8958401115 0 0 0.2982682351 0.9544820899
box 0.025 0.025 0.35 1.643137961 0.06222697193 0.8958401115 0 0 0.2982682351 0.9544820899
box 0.025 0.025 0.35 0.9032730531 -0.4502180672 0.8958401115 0 0 0.2982682351 0.9544820899
box 0.6 1 0.02 0.7892296368 0.5047657543 1.245840111 0 0 0.2982682351 0.9544820899
cyl 0.03 0.06 0.6566697563 0.3876777799 1.345840111 0 0 0.2982682351 0.9544820899
cyl 0.05 0.175 1.050224547 0.6673057428 1.395840111 0 0 0.1564762128 0.9876817275
end
problem table_under_pick 91
start 0.06484430791 -0.3362810004 1.594673224 1.883924156 -1.348828188 -0.002911632859
goal 0.1241043142 -0.8976293364 0.7722582367 0.1266439093 1.409998055 3.14125191
box 0.125 0.125 0.125 -0.5836460442 0.5996678014 1.315145563 0 0 0.9984508372 0.05564104357
box 0.1 0.01 0.2 -0.2254033058 1.167433755 1.365145563 0 0 0.5657206225 0.8245969787
box 0.01 0.1 0.2 -0.3398019318 0.6439045893 1.365145563 0 0 0.363813379 0.9314718596
box 0.1 0.025 0.175 -0.05927443691 0.7704803987 1.365145563 0 0 0.960469774 0.2783842905
box 0.1 0.025 0.175 -0.5758701808 0.9433369914 1.365145563 0 0 0.9087530273 0.4173343209
box 0.025 0.025 0.35 -1.249715659 1.263274768 0.8151455626 0 0 0.8009475326 0.5987345405
box 0.025 0.025 0.35 -0.9949851488 0.4000758532 0.8151455626 0 0 0.8009475326 0.5987345405
box 0.025 0.025 0.35 0.3807711812 1.744432398 0.8151455626 0 0 0.8009475326 0.5987345405
box 0.025 0.025 0.35 0.6355016911 0.8812334831 0.8151455626 0 0 0.8009475326 0.5987345405
box 0.6 1 0.02 -0.3071069838 1.072254126 1.165145563 0 0 0.8009475326 0.5987345405
cyl 0.03 0.06 -0.2684242833 0.9064844693 1.265145563 0 0 0.8009475326 0.5987345405
cyl 0.05 0.175 -0.3798792956 1.360320195 1.315145563 0 0 0.2662395099 0.963906906
end
problem table_under_pick 92
start -0.5814744728 -1.033393882 1.975564435 -0.9398890536 1.368529992 3.138720356
goal -0.5674161291 -1.146805626 0.9270672595 0.2220406769 1.382058741 3.141300677
box 0.125 0.125 0.125 -0.1074867617 0.7657084027 1.406547734 0 0 0.2730273412 0.9620062739
box 0.1 0.01 0.2 0.5538237105 0.9006162933 1.456547734 0 0 0.5167652068 0.8561271641
box 0.01 0.1 0.2 0.05022441754 0.6550740072 1.456547734 0 0 0.4438744688 0.8960889777
box 0.1 0.025 0.175 0.4301513077 0.6207773799 1.456547734 0 0 0.5512173139 0.8343617159
box 0.1 0.025 0.175 0.2075182184 1.03544742 1.456547734 0 0 0.8392187355 0.5437939995
box 0.025 0.025 0.35 -0.2529070297 1.707505443 0.9065477335 0 0 0.5613999089 0.8275446467
box 0.025 0.025 0.35 -0.5856012859 0.8712551625 0.9065477335 0 0 0.5613999089 0.8275446467
box 0.025 0.025 0.35 1.326676834 1.079082959 0.9065477335 0 0 0.5613999089 0.8275446467
box 0.025 0.025 0.35 0.9939825776 0.2428326786 0.9065477335 0 0 0.5613999089 0.8275446467
box 0.6 1 0.02 0.370537774 0.9751690609 1.256547734 0 0 0.5613999089 0.8275446467
cyl 0.03 0.06 0.3124168709 0.7908537013 1.356547734 0 0 0.5613999089 0.8275446467
cyl 0.05 0.175 0.4507689307 1.186767639 1.406547734 0 0 0.775032146 0.631921809
end
problem table_under_pick 93
start 1.039501354 -0.9326352007 2.134261504 -1.201645713 1.39608294 -3.139127264
goal -1.740595753 -1.905308044 -1.238084318 3.141187454 -1.382088543 -3.139793405
box 0.125 0.125 0.125 -0.777822807 -0.1509270973 1.334417819 0 0 0.9543242873 -0.2987727476
box 0.1 0.01 0.2 -0.9931137391 0.4521985037 1.384417819 0 0 0.8344614134 0.5510663749
box 0.01 0.1 0.2 -0.6434612184 -0.08535139644 1.384417819 0 0 0.9991868175 -0.0403200161
box 0.1 0.025 0.175 -0.5689405772 0.37145553 1.384417819 0 0 0.9734992915 0.2286900291
box 0.1 0.025 0.175 -0.9417451604 0.2026542387 1.384417819 0 0 0.6645652361 0.7472302503
box 0.025 0.025 0.35 -1.66059319 -0.3273933847 0.8344178188 0 0 0.9839605554 0.1783861692
box 0.025 0.025 0.35 -0.8178721151 -0.6433383021 0.8344178188 0 0 0.9839605554 0.1783861692
box 0.025 0.025 0.35 -1.063808346 1.264413089 0.8344178188 0 0 0.9839605554 0.1783861692
box 0.025 0.025 0.35 -0.2210872713 0.9484681718 0.8344178188 0 0 0.9839605554 0.1783861692
box 0.6 1 0.02 -0.9408402304 0.3105373935 1.184417819 0 0 0.9839605554 0.1783861692
cyl 0.03 0.06 -0.7696665078 0.2969648469 1.284417819 0 0 0.9839605554 0.1783861692
cyl 0.05 0.175 -1.29277619 0.4281504672 1.334417819 0 0 -0.8509396202 0.5252635174
end
problem table_under_pick 94
start 1.001657263 -0.6447251953 1.881873769 -1.238383544 1.201590357 -3.140841361
goal 1.042706167 -1.185167732 1.400689028 -0.2147135192 1.244073736 -3.14159265
box 0.125 0.125 0.125 -0.8110750907 -0.1662017878 1.243787285 0 0 0.9853050749 -0.1708037159
box 0.1 0.01 0.2 -0.9451287917 0.4867429973 1.293787285 0 0 0.9288973715 -0.3703372425
box 0.01 0.1 0.2 -0.72644478 -0.08662090693 1.293787285 0 0 0.9840446456 -0.1779217115
box 0.1 0.025 0.175 -0.4787534764 0.4586328935 1.293787285 0 0 0.9798635402 -0.1996683314
box 0.1 0.025 0.175 -0.9786868567 0.05798442336 1.293787285 0 0 0.814764279 0.5797923505
box 0.025 0.025 0.35 -1.634694556 -0.465369177 0.7437872846 0 0 0.9949250009 0.1006192955
box 0.025 0.025 0.35 -0.7529181924 -0.6455647518 0.7437872846 0 0 0.9949250009 0.1006192955
box 0.025 0.025 0.35 -1.294325137 1.200208398 0.7437872846 0 0 0.9949250009 0.1006192955
box 0.025 0.025 0.35 -0.4125487733 1.020012823 0.7437872846 0 0 0.9949250009 0.1006192955
box 0.6 1 0.02 -1.023621664 0.2773218231 1.093787285 0 0 0.9949250009 0.1006192955
cyl 0.03 0.06 -0.8004712698 0.2362904588 1.193787285 0 0 0.9949250009 0.1006192955
cyl 0.05 0.175 -1.302900442 0.4173090058 1.243787285 0 0 0.8590745139 0.5118505442
end
problem table_under_pick 95
start -1.749954032 -0.6386099027 1.78274811 -1.146778414 1.331494589 -3.14103676
goal -1.717938695 -1.107038992 1.256979662 -0.1488844954 1.362617098 -3.141303676
box 0.125 0.125 0.125 0.7141401146 0.5089689096 1.255391768 0 0 -0.4212079691 0.9069640824
box 0.1 0.01 0.2 1.090271846 -0.2183715601 1.305391768 0 0 0.1561483172 0.9877336195
box 0.01 0.1 0.2 0.6261202755 0.23718138 1.305391768 0 0 0.3360114615 0.9418578968
box 0.1 0.025 0.175 0.7765227955 -0.2045824773 1.305391768 0 0 0.4298293595 0.9029101404
box 0.1 0.025 0.175 1.05940423 0.1918524053 1.305391768 0 0 -0.314726942 0.9491822544
box 0.025 0.025 0.35 1.49544621 0.926697964 0.7553917679 0 0 0.02955497626 0.9995631563
box 0.025 0.025 0.35 0.5970185042 0.8735222464 0.7553917679 0 0 0.02955497626 0.9995631563
box 0.025 0.025 0.35 1.595889233 -0.7703321474 0.7553917679 0 0 0.02955497626 0.9995631563
box 0.025 0.025 0.35 0.6974615264 -0.8235078651 0.7553917679 0 0 0.02955497626 0.9995631563
box 0.6 1 0.02 1.096453868 0.05159504948 1.105391768 0 0 0.02955497626 0.9995631563
cyl 0.03 0.06 0.8694213435 0.03957217442 1.205391768 0 0 0.02955497626 0.9995631563
cyl 0.05 0.175 1.421320409 0.02753890735 1.255391768 0 0 0.6966388201 0.7174220197
end
problem table_under_pick 96
start -1.79281786 -0.838262948 1.9069012 -1.065531437 1.159245023 3.138510623
goal 1.841210734 -2.05820557 -1.028259281 3.084127984 -1.48851874 3.138878014
box 0.125 0.125 0.125 0.765677304 0.4408872735 1.330848065 0 0 -0.4521736143 0.8919299426
box 0.1 0.01 0.2 1.134545504 -0.1024886763 1.380848065 0 0 -0.5664849279 0.8240721003
box 0.01 0.1 0.2 0.5451025361 0.298857614 1.380848065 0 0 0.353747985 0.9353407738
box 0.1 0.025 0.175 0.6601363336 -0.1927829111 1.380848065 0 0 -0.5099638696 0.8601958217
box 0.1 0.025 0.175 0.9988373035 0.2545718862 1.380848065 0 0 0.5930392545 0.8051735481
box 0.025 0.025 0.35 1.339806282 1.030420814 0.8308480649 0 0 0.09413686839 0.9955592649
box 0.025 0.025 0.35 0.4557574321 0.8617269171 0.8308480649 0 0 0.09413686839 0.9955592649
box 0.025 0.025 0.35 1.658450309 -0.6394492362 0.8308480649 0 0 0.09413686839 0.9955592649
box 0.025 0.025 0.35 0.7744014592 -0.8081431329 0.8308480649 0 0 0.09413686839 0.9955592649
box 0.6 1 0.02 1.057103871 0.1111388404 1.180848065 0 0 0.09413686839 0.9955592649
cyl 0.03 0.06 0.875495125 0.1048957726 1.280848065 0 0 0.09413686839 0.9955592649
cyl 0.05 0.175 1.41853502 0.08650467094 1.330848065 0 0 0.542496412 0.8400581188
end
problem table_under_pick 97
start -1.482696218 -0.5369887824 1.784788188 1.896358105 -1.408067379 -0.002812928333
goal -1.480062353 -0.9485490545 0.6528181501 0.2975896278 1.411515981 3.140540318
box 0.125 0.125 0.125 0.703493367 0.645341884 1.393396968 0 0 0.7378460637 0.6749690262
box 0.1 0.01 0.2 1.079945097 0.009632045992 1.443396968 0 0 0.2367064286 0.9715812198
box 0.01 0.1 0.2 0.6424930424 0.3870131677 1.443396968 0 0 0.3494278354 0.9369632799
box 0.1 0.025 0.175 0.7293787547 -0.02745056973 1.443396968 0 0 0.1428943398 0.989737949
box 0.1 0.025 0.175 0.9408744998 0.4022037852 1.443396968 0 0 0.005149850393 0.9999867394
box 0.025 0.025 0.35 1.266755577 1.231488446 0.8933969681 0 0 0.125451958 0.9920996957
box 0.025 0.025 0.35 0.3950843256 1.007458917 0.8933969681 0 0 0.125451958 0.9920996957
box 0.025 0.025 0.35 1.689922465 -0.4150016949 0.8933969681 0 0 0.125451958 0.9920996957
box 0.025 0.025 0.35 0.8182512135 -0.6390312238 0.8933969681 0 0 0.125451958 0.9920996957
box 0.6 1 0.02 1.042503395 0.2962286112 1.243396968 0 0 0.125451958 0.9920996957
cyl 0.03 0.06 0.8839031905 0.2347060068 1.343396968 0 0 0.125451958 0.9920996957
cyl 0.05 0.175 1.281638698 0.279870046 1.393396968 0 0 0.766941369 0.6417171779
end
problem table_under_pick 98
start 2.656467303 -2.946569114 -1.391931208 1.196427404 1.414520746 0.0008158034903
goal -0.8887387073 -0.7730407455 0.6849468834 0.08581112356 1.325736667 -3.14037829
box 0.125 0.125 0.125 0.1232582555 0.9333404867 1.265393661 0 0 0.2174496095 0.9760715483
box 0.1 0.01 0.2 0.9327874753 0.8321062084 1.315393661 0 0 0.4713497386 0.8819463838
box 0.01 0.1 0.2 0.3042157993 0.8161653384 1.315393661 0 0 -0.2620580684 0.9650521068
box 0.1 0.025 0.175 0.717171589 0.4514208443 1.315393661 0 0 0.6556136524 0.7550965096
box 0.1 0.025 0.175 0.525178106 1.162850962 1.315393661 0 0 0.1638151649 0.98649105
box 0.025 0.025 0.35 0.29811815 1.780359401 0.7653936612 0 0 0.4469994908 0.8945342113
box 0.025 0.025 0.35 -0.2422264693 1.060617995 0.7653936612 0 0 0.4469994908 0.8945342113
box 0.025 0.025 0.35 1.657629696 0.7597084536 0.7653936612 0 0 0.4469994908 0.8945342113
box 0.025 0.025 0.35 1.117285076 0.03996704705 0.7653936612 0 0 0.4469994908 0.8945342113
box 0.6 1 0.02 0.7077016133 0.9101632242 1.115393661 0 0 0.4469994908 0.8945342113
cyl 0.03 0.06 0.640744579 0.7483060079 1.215393661 0 0 0.4469994908 0.8945342113
cyl 0.05 0.175 0.8291825884 1.14805877 1.265393661 0 0 -0.1610780597 0.9869416693
end
problem table_under_pick 99
start 0.6085533566 -0.9916558724 2.044664018 -1.053831147 1.106496545 3.140109094
goal 0.7462692731 -1.197378093 1.084165852 0.1137354252 1.243167932 3.141115691
box 0.125 0.125 0.125 -0.7920639941 0.1749287688 1.373845833 0 0 0.9222045905 -0.3867023316
box 0.1 0.01 0.2 -0.706808341 0.8056713233 1.423845833 0 0 0.9703080519 -0.2418724547
box 0.01 0.1 0.2 -0.5540946522 0.1963630903 1.423845833 0 0 0.5910010511 0.8066707864
box 0.1 0.025 0.175 -0.2982867033 0.5999165931 1.423845833 0 0 0.9380093705 0.3466098971
box 0.1 0.025 0.175 -0.8990211691 0.3528741483 1.423845833 0 0 0.9999708978 0.007629126185
box 0.025 0.025 0.35 -1.646349697 0.03478563467 0.8738458329 0 0 0.9691224771 0.246579854
box 0.025 0.025 0.35 -0.8557926212 -0.3953533074 0.8738458329 0 0 0.9691224771 0.246579854
box 0.025 0.025 0.35 -0.833865029 1.528060112 0.8738458329 0 0 0.9691224771 0.246579854
box 0.025 0.025 0.35 -0.04330795289 1.09792117 0.8738458329 0 0 0.9691224771 0.246579854
box 0.6 1 0.02 -0.8448288251 0.5663534022 1.223845833 0 0 0.9691224771 0.246579854
cyl 0.03 0.06 -0.6976569174 0.4611182914 1.323845833 0 0 0.9691224771 0.246579854
cyl 0.05 0.175 -1.041409137 0.6742739466 1.373845833 0 0 0.9184871655 -0.3954507894
end
problem table_under_pick 100
start -0.9419212728 -0.9114424137 2.014836417 -1.104034748 1.065770168 3.140828622
goal -0.8052027801 -1.222654669 1.193863902 0.02902558755 1.201181699 3.13859205
box 0.125 0.125 0.125 0.09691226579 0.7739184315 1.34464814 0 0 0.3719771229 0.9282418974
box 0.1 0.01 0.2 0.7672390668 0.6998101623 1.39464814 0 0 -0.04099968491 0.9991591594
box 0.01 0.1 0.2 0.2191507896 0.5451334491 1.39464814 0 0 -0.08020860555 0.9967780995
box 0.1 0.025 0.175 0.6327201322 0.4394182106 1.39464814 0 0 0.9587334216 0.2843065711
box 0.1 0.025 0.175 0.3826845117 1.03345624 1.39464814 0 0 -0.1002319929 0.9949640936
box 0.025 0.025 0.35 -0.04335566367 1.640272142 0.8446481398 0 0 0.5369495121 0.8436143796
box 0.025 0.025 0.35 -0.4243890623 0.824911149 0.8446481398 0 0 0.5369495121 0.8436143796
box 0.025 0.025 0.35 1.496770657 0.9205423892 0.8446481398 0 0 0.5369495121 0.8436143796
box 0.025 0.025 0.35 1.115737258 0.1051813961 0.8446481398 0 0 0.5369495121 0.8436143796
box 0.6 1 0.02 0.5361907972 0.8727267691 1.19464814 0 0 0.5369495121 0.8436143796
cyl 0.03 0.06 0.4314119066 0.7064278804 1.29464814 0 0 0.5369495121 0.8436143796
cyl 0.05 0.175 0.6960970742 1.092425327 1.34464814 0 0 -0.1086079979 0.9940846557
end
problem bookshelf_small 1
start 1.57 -1.5707 0 -1.5707 -1.57 3.14
goal -2.405413449 -1.370223216 -1.370292446 -0.4068617959 0.982382942 0.001183175554
box 0.6 0.5 0.02 -0.2198469421 1.056146777 1.539494217 0 0 0.7572787938 0.6530917459
box 0.6 0.5 0.02 -0.2198469421 1.056146777 1.839494217 0 0 0.7572787938 0.6530917459
box 0.6 0.02 0.17 0.2747255874 1.129617949 1.689494217 0 0 0.7572787938 0.6530917459
box 0.6 0.02 0.17 -0.7144194716 0.9826756056 1.689494217 0 0 0.7572787938 0.6530917459
cyl 0.03 0.07 -0.6439307019 0.8920496512 1.619494217 0 0 0.7572787938 0.6530917459
cyl 0.03 0.07 -0.441147181 0.7199793236 1.619494217 0 0 0.7572787938 0.6530917459
cyl 0.03 0.07 -0.1496363982 0.5610898653 1.619494217 0 0 0.7572787938 0.6530917459
end
problem bookshelf_small 2
start 1.57 -1.5707 0 -1.5707 -1.57 3.14
goal -1.617513812 -1.979424553 2.171748927 2.970241576 -0.4758493721 -0.02603643488
box 0.6 0.5 0.02 0.5355041348 0.8180350463 1.278224093 0 0 0.4982057526 0.8670588377
box 0.6 0.5 0.02 0.5355041348 0.8180350463 1.578224093 0 0 0.4982057526 0.8670588377
box 0.6 0.02 0.17 0.9674778355 0.5662440182 1.428224093 0 0 0.4982057526 0.8670588377
box 0.6 0.02 0.17 0.103530434 1.069826074 1.428224093 0 0 0.4982057526 0.8670588377
cyl 0.03 0.07 0.3651866991 0.8015627524 1.358224093 0 0 0.4982057526 0.8670588377
cyl 0.03 0.07 0.3883135949 0.5565868553 1.358224093 0 0 0.4982057526 0.8670588377
cyl 0.03 0.07 0.3653660599 0.3384670568 1.358224093 0 0 0.4982057526 0.8670588377
end
problem bookshelf_small 3
start 1.57 -1.5707 0 -1.5707 -1.57 3.14
goal -2.78490872 -1.745832913 -1.578080921 -2.966038937 -2.281173176 -3.140981821
box 0.6 0.5 0.02 -0.9290979018 0.5228409327 1.12336642 0 0 0.9679301902 0.2512193203
box 0.6 0.5 0.02 -0.9290979018 0.5228409327 1.42336642 0 0 0.9679301902 0.2512193203
box 0.6 0.02 0.17 -0.6859351373 0.9597297858 1.27336642 0 0 0.9679301902 0.2512193203
box 0.6 0.02 0.17 -1.172260666 0.08595207955 1.27336642 0 0 0.9679301902 0.2512193203
cyl 0.03 0.07 -1.039150378 0.1194868247 1.20336642 0 0 0.9679301902 0.2512193203
cyl 0.03 0.07 -0.4889633035 0.6967569513 1.20336642 0 0 0.9679301902 0.2512193203
cyl 0.03 0.07 -0.3087004064 0.6093868736 1.20336642 0 0 0.9679301902 0.2512193203
end
problem bookshelf_small 4
start 1.57 -1.5707 0 -1.5707 -1.57 3.14
goal -1.49800313 -1.252048135 -1.334910735 2.577866542 -1.401259859 -3.132931999
box 0.6 0.5 0.02 -0.9865217048 0.1505288718 1.388193433 0 0 0.9986308641 0.05231058553
box 0.6 0.5 0.02 -0.9865217048 0.1505288718 1.688193433 0 0 0.9986308641 0.05231058553
box 0.6 0.02 0.17 -0.9342827396 0.6477924744 1.538193433 0 0 0.9986308641 0.05231058553
box 0.6 0.02 0.17 -1.03876067 -0.3467347309 1.538193433 0 0 0.9986308641 0.05231058553
cyl 0.03 0.07 -0.8433608754 0.556139314 1.468193433 0 0 0.9986308641 0.05231058553
cyl 0.03 0.07 -0.6676455209 0.3144968977 1.468193433 0 0 0.9986308641 0.05231058553
cyl 0.03 0.07 -0.4862281861 0.1271317301 1.468193433 0 0 0.9986308641 0.05231058553
end
problem bookshelf_small 5
start 1.57 -1.5707 0 -1.5707 -1.57 3.14
goal -3.120843129 -1.814338939 -1.22320632 -0.1092715545 2.567224933 -0.00293320172
box 0.6 0.5 0.02 -0.7587970758 0.5913249256 1.421445618 0 0 0.9630309288 0.2693908502
box 0.6 0.5 0.02 -0.7587970758 0.5913249256 1.721445618 0 0 0.9630309288 0.2693908502
box 0.6 0.02 0.17 -0.4993653551 1.018753495 1.571445618 0 0 0.9630309288 0.2693908502
box 0.6 0.02 0.17 -1.018228797 0.1638963558 1.571445618 0 0 0.9630309288 0.2693908502
cyl 0.03 0.07 -0.8662375821 0.2215816203 1.501445618 0 0 0.9630309288 0.2693908502
cyl 0.03 0.07 -0.6095198329 0.2590808912 1.501445618 0 0 0.9630309288 0.2693908502
cyl 0.03 0.07 -0.1451950821 0.6386245488 1.501445618 0 0 0.9630309288 0.2693908502
end
problem bookshelf_small 6
start 1.57 -1.5707 0 -1.5707 -1.57 3.14
goal -1.161364808 -1.378543511 1.170050272 0.2019891561 0.4002342559 -3.138968018
box 0.6 0.5 0.02 0.08034214351 1.058380988 1.275744194 0 0 0.7126151883 0.701555125
box 0.6 0.5 0.02 0.08034214351 1.058380988 1.575744194 0 0 0.7126151883 0.701555125
box 0.6 0.02 0.17 0.580280981 1.066201394 1.425744194 0 0 0.7126151883 0.701555125
box 0.6 0.02 0.17 -0.419596694 1.050560581 1.425744194 0 0 0.7126151883 0.701555125
cyl 0.03 0.07 0.0192632606 0.9574133136 1.355744194 0 0 0.7126151883 0.701555125
cyl 0.03 0.07 -0.002251270692 0.7570522996 1.355744194 0 0 0.7126151883 0.701555125
cyl 0.03 0.07 0.3832892999 0.5630587374 1.355744194 0 0 0.7126151883 0.701555125
end
problem bookshelf_small 7
start 1.57 -1.5707 0 -1.5707 -1.57 3.14
goal -1.147798547 -1.604535554 1.588130263 -0.004257767663 0.2199014049 -3.11296777
box 0.6 0.5 0.02 -0.1177494137 0.9687958063 1.214545826 0 0 0.7740035371 0.6331812731
box 0.6 0.5 0.02 -0.1177494137 0.9687958063 1.514545826 0 0 0.7740035371 0.6331812731
box 0.6 0.02 0.17 0.3723351313 1.067877282 1.364545826 0 0 0.7740035371 0.6331812731
box 0.6 0.02 0.17 -0.6078339587 0.8697143308 1.364545826 0 0 0.7740035371 0.6331812731
cyl 0.03 0.07 -0.3376331591 0.8223182104 1.294545826 0 0 0.7740035371 0.6331812731
cyl 0.03 0.07 -0.2209353373 0.6418648406 1.294545826 0 0 0.7740035371 0.6331812731
cyl 0.03 0.07 0.2459207887 0.5322037489 1.294545826 0 0 0.7740035371 0.6331812731
end
problem bookshelf_small 8
start 1.57 -1.5707 0 -1.5707 -1.57 3.14
goal -0.6010918207 -1.668006398 1.822866989 -0.1406732282 0.7409174506 3.122072755
box 0.6 0.5 0.02 -0.2369988961 1.073765309 1.140996443 0 0 0.781228689 0.6242449323
box 0.6 0.5 0.02 -0.2369988961 1.073765309 1.440996443 0 0 0.781228689 0.6242449323
box 0.6 0.02 0.17 0.2506791539 1.184083573 1.290996443 0 0 0.781228689 0.6242449323
box 0.6 0.02 0.17 -0.7246769462 0.9634470442 1.290996443 0 0 0.781228689 0.6242449323
cyl 0.03 0.07 -0.05696805618 1.011963655 1.220996443 0 0 0.781228689 0.6242449323
cyl 0.03 0.07 -0.509776125 0.7044800591 1.220996443 0 0 0.781228689 0.6242449323
cyl 0.03 0.07 0.03777619466 0.6232892441 1.220996443 0 0 0.781228689 0.6242449323
end
problem bookshelf_small 10
start 1.57 -1.5707 0 -1.5707 -1.57 3.14
goal 0.40811952 -1.5067646 2.464858191 2.179636182 -1.384476263 0.0005287470132
box 0.6 0.5 0.02 -0.6420887826 0.8380415786 1.066809842 0 0 0.8825304093 0.4702553314
box 0.6 0.5 0.02 -0.6420887826 0.8380415786 1.366809842 0 0 0.8825304093 0.4702553314
box 0.6 0.02 0.17 -0.2270741526 1.116901502 1.216809842 0 0 0.8825304093 0.4702553314
box 0.6 0.02 0.17 -1.057103413 0.5591816553 1.216809842 0 0 0.8825304093 0.4702553314
cyl 0.03 0.07 -0.4308654716 0.8594907413 1.146809842 0 0 0.8825304093 0.4702553314
cyl 0.03 0.07 -0.5497327989 0.5386651026 1.146809842 0 0 0.8825304093 0.4702553314
cyl 0.03 0.07 -0.3569032625 0.4272772938 1.146809842 0 0 0.8825304093 0.4702553314
end
problem bookshelf_small 11
start 1.57 -1.5707 0 -1.5707 -1.57 3.14
goal -0.4202964716 -1.770119491 -2.051395492 0.6546725522 0.2181449179 0.03033039411
box 0.6 0.5 0.02 -0.957172932 0.1902638198 1.134045116 0 0 0.99477712 0.1020709635
box 0.6 0.5 0.02 -0.957172932 0.1902638198 1.434045116 0 0 0.99477712 0.1020709635
box 0.6 0.02 0.17 -0.8556350729 0.6798453382 1.284045116 0 0 0.99477712 0.1020709635
box 0.6 0.02 0.17 -1.058710791 -0.2993176987 1.284045116 0 0 0.99477712 0.1020709635
cyl 0.03 0.07 -0.7925229554 0.4917236478 1.214045116 0 0 0.99477712 0.1020709635
cyl 0.03 0.07 -0.6742629174 0.0770795793 1.214045116 0 0 0.99477712 0.1020709635
cyl 0.03 0.07 -0.5399399754 -0.2601145509 1.214045116 0 0 0.99477712 0.1020709635
end
problem bookshelf_small 12
start 1.57 -1.5707 0 -1.5707 -1.57 3.14
goal -1.379547492 -1.503753738 -2.402672277 0.7788763782 0.7489328573 -0.003327148691
box 0.6 0.5 0.02 -0.789601484 0.6737286654 1.124351119 0 0 0.9516878172 0.3070672542
box 0.6 0.5 0.02 -0.789601484 0.6737286654 1.424351119 0 0 0.9516878172 0.3070672542
box 0.6 0.02 0.17 -0.4973693192 1.079438367 1.274351119 0 0 0.9516878172 0.3070672542
box 0.6 0.02 0.17 -1.081833649 0.268018964 1.274351119 0 0 0.9516878172 0.3070672542
cyl 0.03 0.07 -0.4467847897 0.9785686845 1.204351119 0 0 0.9516878172 0.3070672542
cyl 0.03 0.07 -0.343295984 0.7800498542 1.204351119 0 0 0.9516878172 0.3070672542
cyl 0.03 0.07 -0.4933380815 0.2295507856 1.204351119 0 0 0.9516878172 0.3070672542
end
problem bookshelf_small 13
start 1.57 -1.5707 0 -1.5707 -1.57 3.14
goal 3.001445214 -1.617365192 -1.936471048 -2.715949051 -0.3257654016 3.124203923
box 0.6 0.5 0.02 0.9876189712 0.2242578038 1.04951919 0 0 0.09132869102 0.9958208023
box 0.6 0.5 0.02 0.9876189712 0.2242578038 1.34951919 0 0 0.09132869102 0.9958208023
box 0.6 0.02 0.17 1.078565982 -0.2674012664 1.19951919 0 0 0.09132869102 0.9958208023
box 0.6 0.02 0.17 0.8966719609 0.715916874 1.19951919 0 0 0.09132869102 0.9958208023
cyl 0.03 0.07 0.855188382 0.3904062049 1.12951919 0 0 0.09132869102 0.9958208023
cyl 0.03 0.07 0.7493024176 -0.1367161818 1.12951919 0 0 0.09132869102 0.9958208023
cyl 0.03 0.07 0.4437692474 0.4154531984 1.12951919 0 0 0.09132869102 0.9958208023
end
problem bookshelf_small 14
start 1.57 -1.5707 0 -1.5707 -1.57 3.14
goal 1.978930763 -2.703446744 1.608183896 -2.055228836 2.023068882 0.005312129248
box 0.6 0.5 0.02 0.6077733223 0.6979033761 1.501320755 0 0 0.4180384313 0.9084293423
box 0.6 0.5 0.02 0.6077733223 0.6979033761 1.801320755 0 0 0.4180384313 0.9084293423
box 0.6 0.02 0.17 0.9875316995 0.3726595061 1.651320755 0 0 0.4180384313 0.9084293423
box 0.6 0.02 0.17 0.2280149451 1.023147246 1.651320755 0 0 0.4180384313 0.9084293423
cyl 0.03 0.07 0.2072521049 0.909266905 1.581320755 0 0 0.4180384313 0.9084293423
cyl 0.03 0.07 0.5026854316 0.3929178519 1.581320755 0 0 0.4180384313 0.9084293423
cyl 0.03 0.07 0.4201883587 0.2002470982 1.581320755 0 0 0.4180384313 0.9084293423
end
problem bookshelf_small 15
start 1.57 -1.5707 0 -1.5707 -1.57 3.14
goal 0.5494144367 -0.1723962273 -1.484812785 1.66792364 1.94585752 -3.13367937
box 0.6 0.5 0.02 -0.2582696714 1.076844826 1.240652072 0 0 0.7685907745 0.6397407455
box 0.6 0.5 0.02 -0.2582696714 1.076844826 1.540652072 0 0 0.7685907745 0.6397407455
box 0.6 0.02 0.17 0.2334291636 1.167576605 1.390652072 0 0 0.7685907745 0.6397407455
box 0.6 0.02 0.17 -0.7499685065 0.9861130475 1.390652072 0 0 0.7685907745 0.6397407455
cyl 0.03 0.07 -0.4817816295 0.9339125421 1.320652072 0 0 0.7685907745 0.6397407455
cyl 0.03 0.07 0.1374462393 0.8448003641 1.320652072 0 0 0.7685907745 0.6397407455
cyl 0.03 0.07 -0.3432415348 0.5527239009 1.320652072 0 0 0.7685907745 0.6397407455
end
problem bookshelf_small 16
start 1.57 -1.5707 0 -1.5707 -1.57 3.14
goal -2.687165806 -1.467115994 -1.102143236 2.546681208 -0.2047579567 -3.116563687
box 0.6 0.5 0.02 0.7189207355 0.6151715533 1.41329397 0 0 0.3190547507 0.9477362851
box 0.6 0.5 0.02 0.7189207355 0.6151715533 1.71329397 0 0 0.3190547507 0.9477362851
box 0.6 0.02 0.17 1.0213005 0.2169674872 1.56329397 0 0 0.3190547507 0.9477362851
box 0.6 0.02 0.17 0.4165409714 1.013375619 1.56329397 0 0 0.3190547507 0.9477362851
cyl 0.03 0.07 0.3926961605 0.8794218825 1.49329397 0 0 0.3190547507 0.9477362851
cyl 0.03 0.07 0.6362202365 0.2280149414 1.49329397 0 0 0.3190547507 0.9477362851
cyl 0.03 0.07 0.1996295707 0.4722514514 1.49329397 0 0 0.3190547507 0.9477362851
end
problem bookshelf_small 17
start 1.57 -1.5707 0 -1.5707 -1.57 3.14
goal 1.73178373 -1.34616084 -2.065568857 0.2627088694 1.714551319 0.006038248908
box 0.6 0.5 0.02 1.035653806 0.2087799538 1.275272984 0 0 0.1543808266 0.9880114171
box 0.6 0.5 0.02 1.035653806 0.2087799538 1.575272984 0 0 0.1543808266 0.9880114171
box 0.6 0.02 0.17 1.188183825 -0.2673866066 1.425272984 0 0 0.1543808266 0.9880114171
box 0.6 0.02 0.17 0.8831237864 0.6849465142 1.425272984 0 0 0.1543808266 0.9880114171
cyl 0.03 0.07 0.9874166525 0.03156185048 1.355272984 0 0 0.1543808266 0.9880114171
cyl 0.03 0.07 0.6236791752 0.5114649134 1.355272984 0 0 0.1543808266 0.9880114171
cyl 0.03 0.07 0.5693603825 0.02542808167 1.355272984 0 0 0.1543808266 0.9880114171
end
problem bookshelf_small 18
start 1.57 -1.5707 0 -1.5707 -1.57 3.14
goal -0.1858036812 -1.32316072 1.080471902 -2.894203112 -2.429133025 -0.002130144835
box 0.6 0.5 0.02 0.8462558146 0.5665174221 1.476466279 0 0 0.2596838411 0.9656936899
box 0.6 0.5 0.02 0.8462558146 0.5665174221 1.776466279 0 0 0.2596838411 0.9656936899
box 0.6 0.02 0.17 1.097030861 0.1339531195 1.626466279 0 0 0.2596838411 0.9656936899
box 0.6 0.02 0.17 0.5954807679 0.9990817248 1.626466279 0 0 0.2596838411 0.9656936899
cyl 0.03 0.07 0.7123466289 0.5981167923 1.556466279 0 0 0.2596838411 0.9656936899
cyl 0.03 0.07 0.3861482067 0.7620158466 1.556466279 0 0 0.2596838411 0.9656936899
cyl 0.03 0.07 0.2279447411 0.6361387762 1.556466279 0 0 0.2596838411 0.9656936899
end
problem bookshelf_small 19
start 1.57 -1.5707 0 -1.5707 -1.57 3.14
goal 0.6699879274 -1.392070617 0.290152385 1.110041624 2.020631604 3.136870679
box 0.6 0.5 0.02 -0.2333188779 0.9340712387 1.545405838 0 0 0.780013116 0.6257631652
box 0.6 0.5 0.02 -0.2333188779 0.9340712387 1.845405838 0 0 0.780013116 0.6257631652
box 0.6 0.02 0.17 0.2547845984 1.0424917 1.695405838 0 0 0.780013116 0.6257631652
box 0.6 0.02 0.17 -0.7214223543 0.8256507776 1.695405838 0 0 0.780013116 0.6257631652
cyl 0.03 0.07 -0.2097331029 0.8368729566 1.625405838 0 0 0.780013116 0.6257631652
cyl 0.03 0.07 0.2125310892 0.7257942117 1.625405838 0 0 0.780013116 0.6257631652
cyl 0.03 0.07 -0.3063030082 0.4056730905 1.625405838 0 0 0.780013116 0.6257631652
end
problem bookshelf_small 20
start 1.57 -1.5707 0 -1.5707 -1.57 3.14
goal -0.7932350455 -1.565117931 1.229850608 0.3516632659 0.5848114405 3.131530412
box 0.6 0.5 0.02 -0.2130030472 1.06346491 1.330814014 0 0 0.7699724748 0.6380771019
box 0.6 0.5 0.02 -0.2130030472 1.06346491 1.630814014 0 0 0.7699724748 0.6380771019
box 0.6 0.02 0.17 0.2782987581 1.156322522 1.480814014 0 0 0.7699724748 0.6380771019
box 0.6 0.02 0.17 -0.7043048525 0.9706072975 1.480814014 0 0 0.7699724748 0.6380771019
cyl 0.03 0.07 -0.3941157512 0.9274635912 1.410814014 0 0 0.7699724748 0.6380771019
cyl 0.03 0.07 -0.04369438744 0.790153473 1.410814014 0 0 0.7699724748 0.6380771019
cyl 0.03 0.07 0.1308682525 0.6196054937 1.410814014 0 0 0.7699724748 0.6380771019
end
problem bookshelf_small 21
start 1.57 -1.5707 0 -1.5707 -1.57 3.14
goal 1.154067824 -0.1042543459 -1.635671016 -1.396863066 -1.991143061 0.004190769476
box 0.6 0.5 0.02 -0.7570944483 0.755831183 1.395688443 0 0 0.9154590996 0.4024110299
box 0.6 0.5 0.02 -0.7570944483 0.755831183 1.695688443 0 0 0.9154590996 0.4024110299
box 0.6 0.02 0.17 -0.3887036093 1.093896546 1.545688443 0 0 0.9154590996 0.4024110299
box 0.6 0.02 0.17 -1.125485287 0.41776582 1.545688443 0 0 0.9154590996 0.4024110299
cyl 0.03 0.07 -0.8210662867 0.5614000106 1.475688443 0 0 0.9154590996 0.4024110299
cyl 0.03 0.07 -0.2683965941 0.7971237883 1.475688443 0 0 0.9154590996 0.4024110299
cyl 0.03 0.07 -0.5628026422 0.2555020476 1.475688443 0 0 0.9154590996 0.4024110299
end
problem bookshelf_small 23
start 1.57 -1.5707 0 -1.5707 -1.57 3.14
goal -0.2931702957 -0.3386913448 -1.753625747 -1.048038985 -1.254330796 -0.007609260808
box 0.6 0.5 0.02 -0.07739902878 1.008608652 1.448831125 0 0 0.712473418 0.7016991012
box 0.6 0.5 0.02 -0.07739902878 1.008608652 1.748831125 0 0 0.712473418 0.7016991012
box 0.6 0.02 0.17 0.4225429283 1.016227024 1.598831125 0 0 0.712473418 0.7016991012
box 0.6 0.02 0.17 -0.5773409858 1.000990281 1.598831125 0 0 0.712473418 0.7016991012
cyl 0.03 0.07 -0.2215737076 0.9064000349 1.528831125 0 0 0.712473418 0.7016991012
cyl 0.03 0.07 0.2155307978 0.7130376371 1.528831125 0 0 0.712473418 0.7016991012
cyl 0.03 0.07 -0.04581357002 0.509031918 1.528831125 0 0 0.712473418 0.7016991012
end
problem bookshelf_small 24
start 1.57 -1.5707 0 -1.5707 -1.57 3.14
goal -0.4518475534 -1.8594788 2.489581435 -0.6241010186 1.464335169 -3.139726452
box 0.6 0.5 0.02 0.2600042167 0.9591572401 0.9513012762 0 0 0.5739957654 0.8188582669
box 0.6 0.5 0.02 0.2600042167 0.9591572401 1.251301276 0 0 0.5739957654 0.8188582669
box 0.6 0.02 0.17 0.7300253944 0.7886283788 1.101301276 0 0 0.5739957654 0.8188582669
box 0.6 0.02 0.17 -0.2100169609 1.129686101 1.101301276 0 0 0.5739957654 0.8188582669
cyl 0.03 0.07 0.3615583748 0.8159340873 1.031301276 0 0 0.5739957654 0.8188582669
cyl 0.03 0.07 0.5337143518 0.5407176314 1.031301276 0 0 0.5739957654 0.8188582669
cyl 0.03 0.07 0.08691870166 0.4900636446 1.031301276 0 0 0.5739957654 0.8188582669
end
problem bookshelf_small 25
start 1.57 -1.5707 0 -1.5707 -1.57 3.14
goal -1.212344249 0.1129271781 -2.04418749 -1.24065614 -0.1650753215 0.03112549252
box 0.6 0.5 0.02 -0.1546309781 0.9182172497 1.288623589 0 0 0.7743230201 0.6327905345
box 0.6 0.5 0.02 -0.1546309781 0.9182172497 1.588623589 0 0 0.7743230201 0.6327905345
box 0.6 0.02 0.17 0.3353532996 1.017793389 1.438623589 0 0 0.7743230201 0.6327905345
box 0.6 0.02 0.17 -0.6446152559 0.8186411103 1.438623589 0 0 0.7743230201 0.6327905345
cyl 0.03 0.07 0.2566665187 0.8997583246 1.368623589 0 0 0.7743230201 0.6327905345
cyl 0.03 0.07 -0.06884324608 0.6295190297 1.368623589 0 0 0.7743230201 0.6327905345
cyl 0.03 0.07 0.1708390884 0.4741398433 1.368623589 0 0 0.7743230201 0.6327905345
end
problem bookshelf_small 26
start 1.57 -1.5707 0 -1.5707 -1.57 3.14
goal -0.6543728808 -1.719103948 2.395493288 2.469300799 -0.5516932232 -0.009096833998
box 0.6 0.5 0.02 -0.3086087065 0.9629378717 1.138450661 0 0 0.8214708903 0.5702504506
box 0.6 0.5 0.02 -0.3086087065 0.9629378717 1.438450661 0 0 0.8214708903 0.5702504506
box 0.6 0.02 0.17 0.1598354389 1.137752295 1.288450661 0 0 0.8214708903 0.5702504506
box 0.6 0.02 0.17 -0.7770528518 0.7881234481 1.288450661 0 0 0.8214708903 0.5702504506
cyl 0.03 0.07 -0.291610676 0.8625449016 1.218450661 0 0 0.8214708903 0.5702504506
cyl 0.03 0.07 -0.03531976512 0.744715161 1.218450661 0 0 0.8214708903 0.5702504506
cyl 0.03 0.07 -0.04205303494 0.528729811 1.218450661 0 0 0.8214708903 0.5702504506
end
problem bookshelf_small 27
start 1.57 -1.5707 0 -1.5707 -1.57 3.14
goal -1.074280392 -1.875428626 2.576227206 -0.7094416767 1.62133788 3.137859693
box 0.6 0.5 0.02 0.8934204144 0.3425826785 0.928457038 0 0 0.2244984288 0.9744744509
box 0.6 0.5 0.02 0.8934204144 0.3425826785 1.228457038 0 0 0.2244984288 0.9744744509
box 0.6 0.02 0.17 1.112188398 -0.107017777 1.078457038 0 0 0.2244984288 0.9744744509
box 0.6 0.02 0.17 0.6746524313 0.7921831339 1.078457038 0 0 0.2244984288 0.9744744509
cyl 0.03 0.07 0.9810036042 -0.06596632725 1.008457038 0 0 0.2244984288 0.9744744509
cyl 0.03 0.07 0.8013600157 -0.1538775495 1.008457038 0 0 0.2244984288 0.9744744509
cyl 0.03 0.07 0.3592210442 0.2976779365 1.008457038 0 0 0.2244984288 0.9744744509
end
problem bookshelf_small 28
start 1.57 -1.5707 0 -1.5707 -1.57 3.14
goal -0.1810862252 -2.002973977 2.163823784 -0.1673623643 0.4926299694 -3.139919217
box 0.6 0.5 0.02 -0.7512863585 0.627463979 1.103930772 0 0 0.9450840887 0.3268272714
box 0.6 0.5 0.02 -0.7512863585 0.627463979 1.403930772 0 0 0.9450840887 0.3268272714
box 0.6 0.02 0.17 -0.4424071045 1.020647914 1.253930772 0 0 0.9450840887 0.3268272714
box 0.6 0.02 0.17 -1.060165612 0.2342800443 1.253930772 0 0 0.9450840887 0.3268272714
cyl 0.03 0.07 -0.8414534922 0.3508113151 1.183930772 0 0 0.9450840887 0.3268272714
cyl 0.03 0.07 -0.3625636773 0.6366569346 1.183930772 0 0 0.9450840887 0.3268272714
cyl 0.03 0.07 -0.2910238243 0.4039715787 1.183930772 0 0 0.9450840887 0.3268272714
end
problem bookshelf_small 29
start 1.57 -1.5707 0 -1.5707 -1.57 3.14
goal -2.550027246 -0.4601898941 -1.105656166 -1.556308035 -0.4130242569 -0.01108351916
box 0.6 0.5 0.02 1.020862262 0.2037801074 1.551104828 0 0 0.08799641531 0.9961207913
box 0.6 0.5 0.02 1.020862262 0.2037801074 1.851104828 0 0 0.08799641531 0.9961207913
box 0.6 0.02 0.17 1.108517321 -0.2884765235 1.701104828 0 0 0.08799641531 0.9961207913
box 0.6 0.02 0.17 0.9332072034 0.6960367383 1.701104828 0 0 0.08799641531 0.9961207913
cyl 0.03 0.07 0.9251424134 0.1709095608 1.631104828 0 0 0.08799641531 0.9961207913
cyl 0.03 0.07 0.7649493239 -0.07030742977 1.631104828 0 0 0.08799641531 0.9961207913
cyl 0.03 0.07 0.5864899109 -0.2089437016 1.631104828 0 0 0.08799641531 0.9961207913
end
problem bookshelf_small 31
start 1.57 -1.5707 0 -1.5707 -1.57 3.14
goal -1.525866275 -3.024962251 2.519618157 -2.628892748 0.6027882911 -0.01463099553
box 0.6 0.5 0.02 -0.5328436956 0.7523935901 1.208780453 0 0 0.8943317023 0.4474045219
box 0.6 0.5 0.02 -0.5328436956 0.7523935901 1.508780453 0 0 0.8943317023 0.4474045219
box 0.6 0.02 0.17 -0.1327156479 1.052222784 1.358780453 0 0 0.8943317023 0.4474045219
box 0.6 0.02 0.17 -0.9329717433 0.4525643963 1.358780453 0 0 0.8943317023 0.4474045219
cyl 0.03 0.07 -0.2180356677 0.8633296703 1.288780453 0 0 0.8943317023 0.4474045219
cyl 0.03 0.07 -0.4914989971 0.4084945478 1.288780453 0 0 0.8943317023 0.4474045219
cyl 0.03 0.07 -0.256310064 0.3348094064 1.288780453 0 0 0.8943317023 0.4474045219
end
problem bookshelf_small 32
start 1.57 -1.5707 0 -1.5707 -1.57 3.14
goal -0.165246902 -1.5601767 1.701184582 2.988389733 -0.6566422677 0.003001882138
box 0.6 0.5 0.02 -0.737776802 0.8359353839 1.341163578 0 0 0.9149045702 0.4036701964
box 0.6 0.5 0.02 -0.737776802 0.8359353839 1.641163578 0 0 0.9149045702 0.4036701964
box 0.6 0.02 0.17 -0.3684570944 1.172985756 1.491163578 0 0 0.9149045702 0.4036701964
box 0.6 0.02 0.17 -1.107096509 0.4988850113 1.491163578 0 0 0.9149045702 0.4036701964
cyl 0.03 0.07 -0.5400135728 0.8810349811 1.421163578 0 0 0.9149045702 0.4036701964
cyl 0.03 0.07 -0.5949530454 0.5601277366 1.421163578 0 0 0.9149045702 0.4036701964
cyl 0.03 0.07 -0.2361941334 0.6167719516 1.421163578 0 0 0.9149045702 0.4036701964
end
problem bookshelf_small 33
start 1.57 -1.5707 0 -1.5707 -1.57 3.14
goal 0.2407434878 -0.1469329808 -1.960549244 2.112627903 0.3663180898 3.140024493
box 0.6 0.5 0.02 -0.9681317965 0.03410831624 1.176774142 0 0 0.9981806587 0.06029405052
box 0.6 0.5 0.02 -0.9681317965 0.03410831624 1.476774142 0 0 0.9981806587 0.06029405052
box 0.6 0.02 0.17 -0.9079474415 0.5304729437 1.326774142 0 0 0.9981806587 0.06029405052
box 0.6 0.02 0.17 -1.028316152 -0.4622563112 1.326774142 0 0 0.9981806587 0.06029405052
cyl 0.03 0.07 -0.8274994573 0.3631791957 1.256774142 0 0 0.9981806587 0.06029405052
cyl 0.03 0.07 -0.6500803215 0.1648649207 1.256774142 0 0 0.9981806587 0.06029405052
cyl 0.03 0.07 -0.4412046137 0.22598567 1.256774142 0 0 0.9981806587 0.06029405052
end
problem bookshelf_small 34
start 1.57 -1.5707 0 -1.5707 -1.57 3.14
goal 0.5696937314 -1.106037117 2.024637783 -0.9114473891 2.152231017 3.137458305
box 0.6 0.5 0.02 0.001733305039 1.075799393 0.8443884132 0 0 0.7002473662 0.7139002914
box 0.6 0.5 0.02 0.001733305039 1.075799393 1.144388413 0 0 0.7002473662 0.7139002914
box 0.6 0.02 0.17 0.5016401039 1.066145766 0.9943884132 0 0 0.7002473662 0.7139002914
box 0.6 0.02 0.17 -0.4981734938 1.085453019 0.9943884132 0 0 0.7002473662 0.7139002914
cyl 0.03 0.07 0.003009645385 0.9757561017 0.9243884132 0 0 0.7002473662 0.7139002914
cyl 0.03 0.07 -0.0007878966788 0.775792148 0.9243884132 0 0 0.7002473662 0.7139002914
cyl 0.03 0.07 -0.3163642955 0.5818489097 0.9243884132 0 0 0.7002473662 0.7139002914
end
problem bookshelf_small 35
start 1.57 -1.5707 0 -1.5707 -1.57 3.14
goal -1.115045221 -2.020728989 2.014293796 0.009808090292 1.705699887 -3.141250962
box 0.6 0.5 0.02 0.9295846537 0.2949572658 1.167504339 0 0 0.1625049998 0.9867077202
box 0.6 0.5 0.02 0.9295846537 0.2949572658 1.467504339 0 0 0.1625049998 0.9867077202
box 0.6 0.02 0.17 1.089929592 -0.1786348592 1.317504339 0 0 0.1625049998 0.9867077202
box 0.6 0.02 0.17 0.7692397158 0.7685493909 1.317504339 0 0 0.1625049998 0.9867077202
cyl 0.03 0.07 0.7704470114 0.4531558004 1.247504339 0 0 0.1625049998 0.9867077202
cyl 0.03 0.07 0.7547221372 -0.1240549592 1.247504339 0 0 0.1625049998 0.9867077202
cyl 0.03 0.07 0.4055991087 0.28345349 1.247504339 0 0 0.1625049998 0.9867077202
end
problem bookshelf_small 36
start 1.57 -1.5707 0 -1.5707 -1.57 3.14
goal -1.123103094 -0.8649330458 -2.00777858 -0.2596686586 0.1085487818 -0.01736644882
box 0.6 0.5 0.02 -0.480834299 0.7691676966 1.390950509 0 0 0.875352415 0.4834854182
box 0.6 0.5 0.02 -0.480834299 0.7691676966 1.690950509 0 0 0.875352415 0.4834854182
box 0.6 0.02 0.17 -0.0576141706 1.035409547 1.540950509 0 0 0.875352415 0.4834854182
box 0.6 0.02 0.17 -0.9040544274 0.5029258462 1.540950509 0 0 0.875352415 0.4834854182
cyl 0.03 0.07 -0.2152137456 0.8181240346 1.470950509 0 0 0.875352415 0.4834854182
cyl 0.03 0.07 -0.3579536657 0.4920446939 1.470950509 0 0 0.875352415 0.4834854182
cyl 0.03 0.07 -0.2904547317 0.2982236693 1.470950509 0 0 0.875352415 0.4834854182
end
problem bookshelf_small 37
start 1.57 -1.5707 0 -1.5707 -1.57 3.14
goal 1.144409269 -1.487914303 1.581197927 3.041089141 -2.455854526 -0.000288776547
box 0.6 0.5 0.02 -0.3274276484 0.9135843167 1.356975295 0 0 0.792823582 0.6094512022
box 0.6 0.5 0.02 -0.3274276484 0.9135843167 1.656975295 0 0 0.792823582 0.6094512022
box 0.6 0.02 0.17 0.1557596368 1.042153549 1.506975295 0 0 0.792823582 0.6094512022
box 0.6 0.02 0.17 -0.8106149336 0.7850150846 1.506975295 0 0 0.792823582 0.6094512022
cyl 0.03 0.07 -0.7300640485 0.7029689799 1.436975295 0 0 0.792823582 0.6094512022
cyl 0.03 0.07 0.08946279875 0.7140742751 1.436975295 0 0 0.792823582 0.6094512022
cyl 0.03 0.07 -0.5085011482 0.3480055252 1.436975295 0 0 0.792823582 0.6094512022
end
problem bookshelf_small 38
start 1.57 -1.5707 0 -1.5707 -1.57 3.14
goal 1.845100598 -0.8294948884 2.120195999 1.839511528 -2.084445231 0.004264776672
box 0.6 0.5 0.02 -1.033563025 0.293897565 0.9048804286 0 0 0.9928689339 0.1192110733
box 0.6 0.5 0.02 -1.033563025 0.293897565 1.204880429 0 0 0.9928689339 0.1192110733
box 0.6 0.02 0.17 -0.9152020538 0.779686285 1.054880429 0 0 0.9928689339 0.1192110733
box 0.6 0.02 0.17 -1.151923996 -0.191891155 1.054880429 0 0 0.9928689339 0.1192110733
cyl 0.03 0.07 -0.8387671654 0.6709613119 0.9848804286 0 0 0.9928689339 0.1192110733
cyl 0.03 0.07 -0.8140450654 -0.07244491166 0.9848804286 0 0 0.9928689339 0.1192110733
cyl 0.03 0.07 -0.6268848013 -0.1491564725 0.9848804286 0 0 0.9928689339 0.1192110733
end
problem bookshelf_small 39
start 1.57 -1.5707 0 -1.5707 -1.57 3.14
goal 1.995994921 -1.653364714 1.828458885 2.957705612 -2.443456138 -0.004891393886
box 0.6 0.5 0.02 -0.8435753251 0.3719513868 1.324857867 0 0 0.9747808387 0.2231643263
box 0.6 0.5 0.02 -0.8435753251 0.3719513868 1.624857867 0 0 0.9747808387 0.2231643263
box 0.6 0.02 0.17 -0.6260390159 0.8221490703 1.474857867 0 0 0.9747808387 0.2231643263
box 0.6 0.02 0.17 -1.061111634 -0.07824629669 1.474857867 0 0 0.9747808387 0.2231643263
cyl 0.03 0.07 -0.9426449689 -0.0629227936 1.404857867 0 0 0.9747808387 0.2231643263
cyl 0.03 0.07 -0.424776498 0.5491276104 1.404857867 0 0 0.9747808387 0.2231643263
cyl 0.03 0.07 -0.5288827879 -0.1260167419 1.404857867 0 0 0.9747808387 0.2231643263
end
problem bookshelf_small 40
start 1.57 -1.5707 0 -1.5707 -1.57 3.14
goal -1.498604159 -0.5508653264 -1.550669931 2.105438656 0.9613231341 -3.136146539
box 0.6 0.5 0.02 0.8239861798 0.5438850008 1.341578389 0 0 0.332063372 0.9432570789
box 0.6 0.5 0.02 0.8239861798 0.5438850008 1.641578389 0 0 0.332063372 0.9432570789
box 0.6 0.02 0.17 1.137207306 0.1541510838 1.491578389 0 0 0.332063372 0.9432570789
box 0.6 0.02 0.17 0.5107650536 0.9336189178 1.491578389 0 0 0.332063372 0.9432570789
cyl 0.03 0.07 0.6178765287 0.6407109143 1.421578389 0 0 0.332063372 0.9432570789
cyl 0.03 0.07 0.4810735943 0.4916684244 1.421578389 0 0 0.332063372 0.9432570789
cyl 0.03 0.07 0.3774152561 0.3013848681 1.421578389 0 0 0.332063372 0.9432570789
end
problem bookshelf_small 41
start 1.57 -1.5707 0 -1.5707 -1.57 3.14
goal 0.2637444288 -0.7951394812 -0.8602950283 1.6467362 1.894038406 3.140894469
box 0.6 0.5 0.02 0.1155093691 0.9952207089 1.475966762 0 0 0.6842354059 0.7292612079
box 0.6 0.5 0.02 0.1155093691 0.9952207089 1.775966762 0 0 0.6842354059 0.7292612079
box 0.6 0.02 0.17 0.6144957077 0.9633987995 1.625966762 0 0 0.6842354059 0.7292612079
box 0.6 0.02 0.17 -0.3834769695 1.027042618 1.625966762 0 0 0.6842354059 0.7292612079
cyl 0.03 0.07 0.05562879517 0.898836335 1.555966762 0 0 0.6842354059 0.7292612079
cyl 0.03 0.07 -0.2867702141 0.7202658956 1.555966762 0 0 0.6842354059 0.7292612079
cyl 0.03 0.07 -0.1549904193 0.5114556003 1.555966762 0 0 0.6842354059 0.7292612079
end
problem bookshelf_small 42
start 1.57 -1.5707 0 -1.5707 -1.57 3.14
goal 2.709593661 -2.181777844 -2.265763384 1.306066941 2.40276659 -0.007228701199
box 0.6 0.5 0.02 -0.3673053986 0.8599850737 0.9380002805 0 0 0.8335165724 0.5524944557
box 0.6 0.5 0.02 -0.3673053986 0.8599850737 1.23800028 0 0 0.8335165724 0.5524944557
box 0.6 0.02 0.17 0.09320788632 1.05473495 1.08800028 0 0 0.8335165724 0.5524944557
box 0.6 0.02 0.17 -0.8278186836 0.6652351972 1.08800028 0 0 0.8335165724 0.5524944557
cyl 0.03 0.07 -0.6649795512 0.6255249442 1.01800028 0 0 0.8335165724 0.5524944557
cyl 0.03 0.07 -0.4128896146 0.5149841245 1.01800028 0 0 0.8335165724 0.5524944557
cyl 0.03 0.07 0.1324889683 0.5284743143 1.01800028 0 0 0.8335165724 0.5524944557
end
problem bookshelf_small 43
start 1.57 -1.5707 0 -1.5707 -1.57 3.14
goal 2.358793949 -1.571044951 -1.221404168 2.802242532 -1.975078118 -3.135129381
box 0.6 0.5 0.02 0.365430086 1.024569738 1.342054013 0 0 0.55743577 0.8302200686
box 0.6 0.5 0.02 0.365430086 1.024569738 1.642054013 0 0 0.55743577 0.8302200686
box 0.6 0.02 0.17 0.8282244492 0.835304376 1.492054013 0 0 0.55743577 0.8302200686
box 0.6 0.02 0.17 -0.0973642772 1.213835101 1.492054013 0 0 0.55743577 0.8302200686
cyl 0.03 0.07 0.5653490305 0.8347711184 1.422054013 0 0 0.55743577 0.8302200686
cyl 0.03 0.07 0.3185269644 0.7196333024 1.422054013 0 0 0.55743577 0.8302200686
cyl 0.03 0.07 0.4483167592 0.4504755026 1.422054013 0 0 0.55743577 0.8302200686
end
problem bookshelf_small 44
start 1.57 -1.5707 0 -1.5707 -1.57 3.14
goal -0.5932760667 -0.540921968 -0.7310462401 -1.869812805 -2.387902328 0.00163814541
box 0.6 0.5 0.02 1.001029162 0.238757403 1.564129915 0 0 0.07864316915 0.9969028297
box 0.6 0.5 0.02 1.001029162 0.238757403 1.864129915 0 0 0.07864316915 0.9969028297
box 0.6 0.02 0.17 1.07942876 -0.2550578489 1.714129915 0 0 0.07864316915 0.9969028297
box 0.6 0.02 0.17 0.9226295641 0.732572655 1.714129915 0 0 0.07864316915 0.9969028297
cyl 0.03 0.07 0.9706980489 -0.2079545027 1.644129915 0 0 0.07864316915 0.9969028297
cyl 0.03 0.07 0.6626132433 0.4570613561 1.644129915 0 0 0.07864316915 0.9969028297
cyl 0.03 0.07 0.4535854869 0.4981469519 1.644129915 0 0 0.07864316915 0.9969028297
end
problem bookshelf_small 45
start 1.57 -1.5707 0 -1.5707 -1.57 3.14
goal -2.822503326 -1.994655856 -2.350327158 -1.944726951 -1.958641192 3.139528154
box 0.6 0.5 0.02 -0.6979450621 0.7650086576 0.8041994098 0 0 0.9100711094 0.4144521393
box 0.6 0.5 0.02 -0.6979450621 0.7650086576 1.10419941 0 0 0.9100711094 0.4144521393
box 0.6 0.02 0.17 -0.3207641438 1.093238082 0.9541994098 0 0 0.9100711094 0.4144521393
box 0.6 0.02 0.17 -1.07512598 0.4367792333 0.9541994098 0 0 0.9100711094 0.4144521393
cyl 0.03 0.07 -0.5457211069 0.7649142232 0.8841994098 0 0 0.9100711094 0.4144521393
cyl 0.03 0.07 -0.625352507 0.4304928288 0.8841994098 0 0 0.9100711094 0.4144521393
cyl 0.03 0.07 -0.1829704669 0.5503366495 0.8841994098 0 0 0.9100711094 0.4144521393
end
problem bookshelf_small 46
start 1.57 -1.5707 0 -1.5707 -1.57 3.14
goal -0.4773048285 -1.946059282 1.962954815 -0.008000879491 2.043399493 -3.134816275
box 0.6 0.5 0.02 0.7482414559 0.5750357729 1.170034869 0 0 0.3077674268 0.9514616183
box 0.6 0.5 0.02 0.7482414559 0.5750357729 1.470034869 0 0 0.3077674268 0.9514616183
box 0.6 0.02 0.17 1.04107035 0.1697565619 1.320034869 0 0 0.3077674268 0.9514616183
box 0.6 0.02 0.17 0.4554125619 0.9803149839 1.320034869 0 0 0.3077674268 0.9514616183
cyl 0.03 0.07 0.4952053288 0.7544930704 1.250034869 0 0 0.3077674268 0.9514616183
cyl 0.03 0.07 0.4248131302 0.5104204848 1.250034869 0 0 0.3077674268 0.9514616183
cyl 0.03 0.07 0.2427803738 0.4208599645 1.250034869 0 0 0.3077674268 0.9514616183
end
problem bookshelf_small 47
start 1.57 -1.5707 0 -1.5707 -1.57 3.14
goal -2.544500936 -1.307569238 -1.886644682 0.04958560393 1.377152039 0.0009318985721
box 0.6 0.5 0.02 -0.3742113659 1.008719091 1.359968597 0 0 0.8317259903 0.5551863445
box 0.6 0.5 0.02 -0.3742113659 1.008719091 1.659968597 0 0 0.8317259903 0.5551863445
box 0.6 0.02 0.17 0.0875515463 1.200487214 1.509968597 0 0 0.8317259903 0.5551863445
box 0.6 0.02 0.17 -0.835974278 0.8169509679 1.509968597 0 0 0.8317259903 0.5551863445
cyl 0.03 0.07 -0.2846845358 0.9376185174 1.439968597 0 0 0.8317259903 0.5551863445
cyl 0.03 0.07 -0.3045709897 0.712798409 1.439968597 0 0 0.8317259903 0.5551863445
cyl 0.03 0.07 -0.1720306953 0.5512804643 1.439968597 0 0 0.8317259903 0.5551863445
end
problem bookshelf_small 48
start 1.57 -1.5707 0 -1.5707 -1.57 3.14
goal 2.523012566 -1.206396658 -2.013203141 0.07874366343 2.031048828 -0.008511159152
box 0.6 0.5 0.02 0.06474999975 0.9445402534 1.330098605 0 0 0.6505949206 0.7594249465
box 0.6 0.5 0.02 0.06474999975 0.9445402534 1.630098605 0 0 0.6505949206 0.7594249465
box 0.6 0.02 0.17 0.5588280125 0.8678140041 1.480098605 0 0 0.6505949206 0.7594249465
box 0.6 0.02 0.17 -0.429328013 1.021266503 1.480098605 0 0 0.6505949206 0.7594249465
cyl 0.03 0.07 0.2441734207 0.8154786792 1.410098605 0 0 0.6505949206 0.7594249465
cyl 0.03 0.07 -0.1146710717 0.6688070886 1.410098605 0 0 0.6505949206 0.7594249465
cyl 0.03 0.07 0.2734015264 0.4061454206 1.410098605 0 0 0.6505949206 0.7594249465
end
problem bookshelf_small 49
start 1.57 -1.5707 0 -1.5707 -1.57 3.14
goal -2.67864166 -2.31593146 2.40905215 -0.1198615064 0.3200539697 -3.123524982
box 0.6 0.5 0.02 0.9093955781 0.1387069398 1.056585593 0 0 0.06766682795 0.9977079735
box 0.6 0.5 0.02 0.9093955781 0.1387069398 1.356585593 0 0 0.06766682795 0.9977079735
box 0.6 0.02 0.17 0.9769073119 -0.3567142606 1.206585593 0 0 0.06766682795 0.9977079735
box 0.6 0.02 0.17 0.8418838443 0.6341281402 1.206585593 0 0 0.06766682795 0.9977079735
cyl 0.03 0.07 0.7859624922 0.3038836727 1.136585593 0 0 0.06766682795 0.9977079735
cyl 0.03 0.07 0.6296144867 -0.0300121135 1.136585593 0 0 0.06766682795 0.9977079735
cyl 0.03 0.07 0.4250781895 -0.01028787003 1.136585593 0 0 0.06766682795 0.9977079735
end
problem bookshelf_small 50
start 1.57 -1.5707 0 -1.5707 -1.57 3.14
goal -0.0761383729 -0.01459909861 -2.396706177 -0.7372041219 -1.562414292 -0.003975904666
box 0.6 0.5 0.02 0.03121974092 0.9185218673 1.2407409 0 0 0.6800463897 0.7331690854
box 0.6 0.5 0.02 0.03121974092 0.9185218673 1.5407409 0 0 0.6800463897 0.7331690854
box 0.6 0.02 0.17 0.5298087305 0.8809849594 1.3907409 0 0 0.6800463897 0.7331690854
box 0.6 0.02 0.17 -0.4673692487 0.9560587751 1.3907409 0 0 0.6800463897 0.7331690854
cyl 0.03 0.07 0.001659794392 0.8204643248 1.3207409 0 0 0.6800463897 0.7331690854
cyl 0.03 0.07 -0.3486344205 0.64627067 1.3207409 0 0 0.6800463897 0.7331690854
cyl 0.03 0.07 -0.08242013401 0.4256623866 1.3207409 0 0 0.6800463897 0.7331690854
end
problem bookshelf_small 51
start 1.57 -1.5707 0 -1.5707 -1.57 3.14
goal -0.3706906468 -1.748005401 1.735151921 -3.122037417 -2.108096614 0.0102151258
box 0.6 0.5 0.02 0.8279200677 0.5594199871 1.391619837 0 0 0.3282017572 0.9446076469
box 0.6 0.5 0.02 0.8279200677 0.5594199871 1.691619837 0 0 0.3282017572 0.9446076469
box 0.6 0.02 0.17 1.137941957 0.1671363805 1.541619837 0 0 0.3282017572 0.9446076469
box 0.6 0.02 0.17 0.5178981782 0.9517035937 1.541619837 0 0 0.3282017572 0.9446076469
cyl 0.03 0.07 0.9630912245 0.2271033593 1.471619837 0 0 0.3282017572 0.9446076469
cyl 0.03 0.07 0.7975113388 0.1140606148 1.471619837 0 0 0.3282017572 0.9446076469
cyl 0.03 0.07 0.2313840105 0.5078472287 1.471619837 0 0 0.3282017572 0.9446076469
end
problem bookshelf_small 52
start 1.57 -1.5707 0 -1.5707 -1.57 3.14
goal -2.509947713 -1.656866551 1.582633833 -3.066063009 -0.4373867998 -0.003216032328
box 0.6 0.5 0.02 1.016133373 0.1674583247 1.419867985 0 0 0.09341758203 0.9956270162
box 0.6 0.5 0.02 1.016133373 0.1674583247 1.719867985 0 0 0.09341758203 0.9956270162
box 0.6 0.02 0.17 1.109142442 -0.3238148306 1.569867985 0 0 0.09341758203 0.9956270162
box 0.6 0.02 0.17 0.9231243048 0.6587314801 1.569867985 0 0 0.09341758203 0.9956270162
cyl 0.03 0.07 0.8688547548 0.4078008204 1.499867985 0 0 0.09341758203 0.9956270162
cyl 0.03 0.07 0.675039283 0.3563686137 1.499867985 0 0 0.09341758203 0.9956270162
cyl 0.03 0.07 0.5712233534 -0.1704404542 1.499867985 0 0 0.09341758203 0.9956270162
end
problem bookshelf_small 53
start 1.57 -1.5707 0 -1.5707 -1.57 3.14
goal 0.6712875638 -1.10162217 2.239257021 1.988846433 -2.473808959 -0.01997269689
box 0.6 0.5 0.02 0.1537268123 0.9103151881 0.9953843896 0 0 0.6211498572 0.7836918112
box 0.6 0.5 0.02 0.1537268123 0.9103151881 1.29538439 0 0 0.6211498572 0.7836918112
box 0.6 0.02 0.17 0.6405168689 0.7961423332 1.14538439 0 0 0.6211498572 0.7836918112
box 0.6 0.02 0.17 -0.3330632443 1.024488043 1.14538439 0 0 0.6211498572 0.7836918112
cyl 0.03 0.07 0.5221254449 0.7211964451 1.07538439 0 0 0.6211498572 0.7836918112
cyl 0.03 0.07 -0.1608748436 0.6759615294 1.07538439 0 0 0.6211498572 0.7836918112
cyl 0.03 0.07 -0.2434083596 0.4898917615 1.07538439 0 0 0.6211498572 0.7836918112
end
problem bookshelf_small 54
start 1.57 -1.5707 0 -1.5707 -1.57 3.14
goal -1.811916325 -0.1121994755 -1.68963061 -1.354043209 -0.587136702 0.008310508179
box 0.6 0.5 0.02 0.7814964045 0.7151221834 1.395077534 0 0 0.3603715823 0.932808835
box 0.6 0.5 0.02 0.7814964045 0.7151221834 1.695077534 0 0 0.3603715823 0.932808835
box 0.6 0.02 0.17 1.1176542 0.3449898608 1.545077534 0 0 0.3603715823 0.932808835
box 0.6 0.02 0.17 0.4453386086 1.085254506 1.545077534 0 0 0.3603715823 0.932808835
cyl 0.03 0.07 0.585699391 0.7819681816 1.475077534 0 0 0.3603715823 0.932808835
cyl 0.03 0.07 0.6478400286 0.4160678215 1.475077534 0 0 0.3603715823 0.932808835
cyl 0.03 0.07 0.5603351883 0.2149371887 1.475077534 0 0 0.3603715823 0.932808835
end
problem bookshelf_small 55
start 1.57 -1.5707 0 -1.5707 -1.57 3.14
goal -0.3674734122 0.1091649201 -1.816276764 -1.441863545 -0.467193838 0.00125395696
box 0.6 0.5 0.02 -0.7021412069 0.7789822895 1.310313658 0 0 0.9152513901 0.4028832249
box 0.6 0.5 0.02 -0.7021412069 0.7789822895 1.610313658 0 0 0.9152513901 0.4028832249
box 0.6 0.02 0.17 -0.3334017752 1.116667397 1.460313658 0 0 0.9152513901 0.4028832249
box 0.6 0.02 0.17 -1.070880638 0.4412971823 1.460313658 0 0 0.9152513901 0.4028832249
cyl 0.03 0.07 -0.8641171424 0.4950504607 1.390313658 0 0 0.9152513901 0.4028832249
cyl 0.03 0.07 -0.508119215 0.5498729085 1.390313658 0 0 0.9152513901 0.4028832249
cyl 0.03 0.07 -0.1614849718 0.5961202586 1.390313658 0 0 0.9152513901 0.4028832249
end
problem bookshelf_small 56
start 1.57 -1.5707 0 -1.5707 -1.57 3.14
goal 2.78149659 -2.368212884 1.155157752 1.223119695 -0.8708789078 3.137929274
box 0.6 0.5 0.02 0.892607628 0.4185137298 1.440851815 0 0 0.2531139792 0.9674364649
box 0.6 0.5 0.02 0.892607628 0.4185137298 1.740851815 0 0 0.2531139792 0.9674364649
box 0.6 0.02 0.17 1.137479321 -0.01741958369 1.590851815 0 0 0.2531139792 0.9674364649
box 0.6 0.02 0.17 0.6477359347 0.8544470434 1.590851815 0 0 0.2531139792 0.9674364649
cyl 0.03 0.07 0.9541200769 0.1048175052 1.520851815 0 0 0.2531139792 0.9674364649
cyl 0.03 0.07 0.6748297257 0.1936475695 1.520851815 0 0 0.2531139792 0.9674364649
cyl 0.03 0.07 0.4119223701 0.2533117735 1.520851815 0 0 0.2531139792 0.9674364649
end
problem bookshelf_small 57
start 1.57 -1.5707 0 -1.5707 -1.57 3.14
goal -1.9202029 0.1714489829 -2.094900733 -1.240153969 -0.407401485 0.01742474002
box 0.6 0.5 0.02 0.7306800914 0.6750716845 1.264686408 0 0 0.3934423179 0.9193493039
box 0.6 0.5 0.02 0.7306800914 0.6750716845 1.564686408 0 0 0.3934423179 0.9193493039
box 0.6 0.02 0.17 1.092391012 0.329868542 1.414686408 0 0 0.3934423179 0.9193493039
box 0.6 0.02 0.17 0.3689691703 1.020274827 1.414686408 0 0 0.3934423179 0.9193493039
cyl 0.03 0.07 0.6120611033 0.6500452006 1.344686408 0 0 0.3934423179 0.9193493039
cyl 0.03 0.07 0.5230381224 0.4585414798 1.344686408 0 0 0.3934423179 0.9193493039
cyl 0.03 0.07 0.4951844893 0.2086600605 1.344686408 0 0 0.3934423179 0.9193493039
end
problem bookshelf_small 58
start 1.57 -1.5707 0 -1.5707 -1.57 3.14
goal -0.6460711807 -0.6168163255 -1.364751688 1.990056804 0.818330446 3.130054552
box 0.6 0.5 0.02 -0.07264510852 0.9962191704 1.381504665 0 0 0.7455499102 0.6664497966
box 0.6 0.5 0.02 -0.07264510852 0.9962191704 1.681504665 0 0 0.7455499102 0.6664497966
box 0.6 0.02 0.17 0.4242264775 1.052063839 1.531504665 0 0 0.7455499102 0.6664497966
box 0.6 0.02 0.17 -0.5695166945 0.9403745018 1.531504665 0 0 0.7455499102 0.6664497966
cyl 0.03 0.07 0.2468170801 0.9314947207 1.461504665 0 0 0.7455499102 0.6664497966
cyl 0.03 0.07 -0.3962268948 0.657962119 1.461504665 0 0 0.7455499102 0.6664497966
cyl 0.03 0.07 -0.002676831064 0.5009349729 1.461504665 0 0 0.7455499102 0.6664497966
end
problem bookshelf_small 59
start 1.57 -1.5707 0 -1.5707 -1.57 3.14
goal -0.7389537094 0.09747204358 -2.029526623 -1.201550881 -1.725269827 0.003464954809
box 0.6 0.5 0.02 0.8007263453 0.6700423599 1.294708309 0 0 0.3278534086 0.9447286078
box 0.6 0.5 0.02 0.8007263453 0.6700423599 1.594708309 0 0 0.3278534086 0.9447286078
box 0.6 0.02 0.17 1.11045884 0.2775302174 1.444708309 0 0 0.3278534086 0.9447286078
box 0.6 0.02 0.17 0.490993851 1.062554502 1.444708309 0 0 0.3278534086 0.9447286078
cyl 0.03 0.07 0.7133412456 0.6193525305 1.374708309 0 0 0.3278534086 0.9447286078
cyl 0.03 0.07 0.4941008451 0.5743282565 1.374708309 0 0 0.3278534086 0.9447286078
cyl 0.03 0.07 0.3336358414 0.4548201703 1.374708309 0 0 0.3278534086 0.9447286078
end
problem bookshelf_small 60
start 1.57 -1.5707 0 -1.5707 -1.57 3.14
goal 2.740489583 -1.036449624 -1.759955069 -0.3490612296 1.460915049 -0.005084999486
box 0.6 0.5 0.02 0.404779034 0.8595870936 1.467848608 0 0 0.5051346126 0.8630405687
box 0.6 0.5 0.02 0.404779034 0.8595870936 1.767848608 0 0 0.5051346126 0.8630405687
box 0.6 0.02 0.17 0.8407306974 0.6147480704 1.617848608 0 0 0.5051346126 0.8630405687
box 0.6 0.02 0.17 -0.03117262927 1.104426117 1.617848608 0 0 0.5051346126 0.8630405687
cyl 0.03 0.07 0.550199341 0.6632245766 1.547848608 0 0 0.5051346126 0.8630405687
cyl 0.03 0.07 0.499362176 0.4623924992 1.547848608 0 0 0.5051346126 0.8630405687
cyl 0.03 0.07 0.3031365731 0.3432134263 1.547848608 0 0 0.5051346126 0.8630405687
end
problem bookshelf_small 61
start 1.57 -1.5707 0 -1.5707 -1.57 3.14
goal 1.435185166 -1.557613506 -1.286309669 -0.2941706519 2.393336647 -0.002643243681
box 0.6 0.5 0.02 0.7731348697 0.564957583 1.50753525 0 0 0.3355312381 0.9420290804
box 0.6 0.5 0.02 0.7731348697 0.564957583 1.80753525 0 0 0.3355312381 0.9420290804
box 0.6 0.02 0.17 1.089215053 0.1775387948 1.65753525 0 0 0.3355312381 0.9420290804
box 0.6 0.02 0.17 0.457054686 0.9523763712 1.65753525 0 0 0.3355312381 0.9420290804
cyl 0.03 0.07 0.4517675019 0.8006691526 1.58753525 0 0 0.3355312381 0.9420290804
cyl 0.03 0.07 0.3020465023 0.6678064363 1.58753525 0 0 0.3355312381 0.9420290804
cyl 0.03 0.07 0.5724584642 0.01998767025 1.58753525 0 0 0.3355312381 0.9420290804
end
problem bookshelf_small 62
start 1.57 -1.5707 0 -1.5707 -1.57 3.14
goal 1.252147788 -0.2524730012 -1.535684063 1.778297939 1.787083589 3.129465847
box 0.6 0.5 0.02 -0.9409589115 0.5168585125 1.272388766 0 0 0.9630883166 0.2691856134
box 0.6 0.5 0.02 -0.9409589115 0.5168585125 1.572388766 0 0 0.9630883166 0.2691856134
box 0.6 0.02 0.17 -0.6817093922 0.9443976181 1.422388766 0 0 0.9630883166 0.2691856134
box 0.6 0.02 0.17 -1.200208431 0.089319407 1.422388766 0 0 0.9630883166 0.2691856134
cyl 0.03 0.07 -0.8985069263 0.3940034488 1.352388766 0 0 0.9630883166 0.2691856134
cyl 0.03 0.07 -0.5090141075 0.6506033898 1.352388766 0 0 0.9630883166 0.2691856134
cyl 0.03 0.07 -0.5832975193 0.1423707658 1.352388766 0 0 0.9630883166 0.2691856134
end
problem bookshelf_small 63
start 1.57 -1.5707 0 -1.5707 -1.57 3.14
goal -0.7081799392 -1.344525338 0.9169560342 -2.702752756 -2.259641587 0.0129695836
box 0.6 0.5 0.02 1.040876843 0.2108319218 1.546980926 0 0 0.08789952992 0.9961293453
box 0.6 0.5 0.02 1.040876843 0.2108319218 1.846980926 0 0 0.08789952992 0.9961293453
box 0.6 0.02 0.17 1.128436144 -0.2814417508 1.696980926 0 0 0.08789952992 0.9961293453
box 0.6 0.02 0.17 0.9533175419 0.7031055945 1.696980926 0 0 0.08789952992 0.9961293453
cyl 0.03 0.07 0.9095479801 0.3781441491 1.626980926 0 0 0.08789952992 0.9961293453
cyl 0.03 0.07 0.6959294939 0.437061439 1.626980926 0 0 0.08789952992 0.9961293453
cyl 0.03 0.07 0.4875740033 0.4663892497 1.626980926 0 0 0.08789952992 0.9961293453
end
problem bookshelf_small 64
start 1.57 -1.5707 0 -1.5707 -1.57 3.14
goal 0.1871405454 -1.562599121 2.071055702 -0.5189844036 2.15947724 -3.138666529
box 0.6 0.5 0.02 0.4903275344 0.885955574 1.008918646 0 0 0.5475076224 0.8368006951
box 0.6 0.5 0.02 0.4903275344 0.885955574 1.308918646 0 0 0.5475076224 0.8368006951
box 0.6 0.02 0.17 0.9484822934 0.6857201706 1.158918646 0 0 0.5475076224 0.8368006951
box 0.6 0.02 0.17 0.03217277533 1.086190977 1.158918646 0 0 0.5475076224 0.8368006951
cyl 0.03 0.07 0.6714959195 0.6976429504 1.088918646 0 0 0.5475076224 0.8368006951
cyl 0.03 0.07 0.7623323377 0.4396762601 1.088918646 0 0 0.5475076224 0.8368006951
cyl 0.03 0.07 -0.06362017556 0.582389903 1.088918646 0 0 0.5475076224 0.8368006951
end
problem bookshelf_small 65
start 1.57 -1.5707 0 -1.5707 -1.57 3.14
goal 2.154103389 -1.607120981 -1.207179641 -0.3387484508 2.249440213 -0.003776759917
box 0.6 0.5 0.02 0.334781917 0.9641322312 1.515611467 0 0 0.5917271536 0.8061383105
box 0.6 0.5 0.02 0.334781917 0.9641322312 1.815611467 0 0 0.5917271536 0.8061383105
box 0.6 0.02 0.17 0.8117958449 0.8142732555 1.665611467 0 0 0.5917271536 0.8061383105
box 0.6 0.02 0.17 -0.1422320109 1.113991207 1.665611467 0 0 0.5917271536 0.8061383105
cyl 0.03 0.07 -0.04771467081 0.9794788416 1.595611467 0 0 0.5917271536 0.8061383105
cyl 0.03 0.07 -0.04524437989 0.7690652888 1.595611467 0 0 0.5917271536 0.8061383105
cyl 0.03 0.07 0.4737032055 0.396394926 1.595611467 0 0 0.5917271536 0.8061383105
end
problem bookshelf_small 66
start 1.57 -1.5707 0 -1.5707 -1.57 3.14
goal -0.1754495214 -0.5351181396 -1.533651885 -1.062642463 -1.086624831 0.004097516648
box 0.6 0.5 0.02 -0.2330336133 0.9669165748 1.527011642 0 0 0.8058930674 0.592061115
box 0.6 0.5 0.02 -0.2330336133 0.9669165748 1.827011642 0 0 0.8058930674 0.592061115
box 0.6 0.02 0.17 0.2441043347 1.116380211 1.677011642 0 0 0.8058930674 0.592061115
box 0.6 0.02 0.17 -0.7101715614 0.8174529388 1.677011642 0 0 0.8058930674 0.592061115
cyl 0.03 0.07 -0.6065889175 0.7451087424 1.607011642 0 0 0.8058930674 0.592061115
cyl 0.03 0.07 -0.05724344309 0.7076084178 1.607011642 0 0 0.8058930674 0.592061115
cyl 0.03 0.07 -0.1650336819 0.4642600916 1.607011642 0 0 0.8058930674 0.592061115
end
problem bookshelf_small 67
start 1.57 -1.5707 0 -1.5707 -1.57 3.14
goal -1.059348917 -2.481160418 1.033465259 1.456646902 -1.033595704 -3.138035922
box 0.6 0.5 0.02 -1.085644514 -0.02457627709 1.432592417 0 0 0.9999167876 0.01290030423
box 0.6 0.5 0.02 -1.085644514 -0.02457627709 1.732592417 0 0 0.9999167876 0.01290030423
box 0.6 0.02 0.17 -1.072745283 0.4752573051 1.582592417 0 0 0.9999167876 0.01290030423
box 0.6 0.02 0.17 -1.098543745 -0.5244098592 1.582592417 0 0 0.9999167876 0.01290030423
cyl 0.03 0.07 -0.9922892666 -0.2833445935 1.512592417 0 0 0.9999167876 0.01290030423
cyl 0.03 0.07 -0.7921264656 -0.2796164787 1.512592417 0 0 0.9999167876 0.01290030423
cyl 0.03 0.07 -0.5858980269 -0.04085036065 1.512592417 0 0 0.9999167876 0.01290030423
end
problem bookshelf_small 68
start 1.57 -1.5707 0 -1.5707 -1.57 3.14
goal 2.754796965 -1.453275088 -1.266561771 2.706810611 -0.4518118931 -3.12642568
box 0.6 0.5 0.02 1.014032361 0.05663540347 1.357300208 0 0 0.03620954386 0.9993442194
box 0.6 0.5 0.02 1.014032361 0.05663540347 1.657300208 0 0 0.03620954386 0.9993442194
box 0.6 0.02 0.17 1.050218159 -0.4420534655 1.507300208 0 0 0.03620954386 0.9993442194
box 0.6 0.02 0.17 0.9778465626 0.5553242724 1.507300208 0 0 0.03620954386 0.9993442194
cyl 0.03 0.07 0.9074069508 0.1443191172 1.437300208 0 0 0.03620954386 0.9993442194
cyl 0.03 0.07 0.7343700241 -0.2345148834 1.437300208 0 0 0.03620954386 0.9993442194
cyl 0.03 0.07 0.4975723329 0.2653600289 1.437300208 0 0 0.03620954386 0.9993442194
end
problem bookshelf_small 69
start 1.57 -1.5707 0 -1.5707 -1.57 3.14
goal 1.940183564 -2.073465911 -2.216026659 1.141337267 2.33164834 -0.003957501987
box 0.6 0.5 0.02 0.3726097299 0.8967475491 0.9816307293 0 0 0.5354267884 0.8445816445
box 0.6 0.5 0.02 0.3726097299 0.8967475491 1.281630729 0 0 0.5354267884 0.8445816445
box 0.6 0.02 0.17 0.8248213674 0.6834293948 1.131630729 0 0 0.5354267884 0.8445816445
box 0.6 0.02 0.17 -0.07960190754 1.110065703 1.131630729 0 0 0.5354267884 0.8445816445
cyl 0.03 0.07 -0.02206007687 0.9723542604 1.061630729 0 0 0.5354267884 0.8445816445
cyl 0.03 0.07 0.2855958405 0.6060908148 1.061630729 0 0 0.5354267884 0.8445816445
cyl 0.03 0.07 0.5021946274 0.2827810163 1.061630729 0 0 0.5354267884 0.8445816445
end
problem bookshelf_small 70
start 1.57 -1.5707 0 -1.5707 -1.57 3.14
goal -1.050375373 -1.757311463 -1.795258272 0.3893342057 0.1804656253 0.02280385874
box 0.6 0.5 0.02 -0.7088898821 0.6744018088 1.230961326 0 0 0.9081675515 0.4186068542
box 0.6 0.5 0.02 -0.7088898821 0.6744018088 1.530961326 0 0 0.9081675515 0.4186068542
box 0.6 0.02 0.17 -0.3287247203 0.9991701104 1.380961326 0 0 0.9081675515 0.4186068542
box 0.6 0.02 0.17 -1.089055044 0.3496335072 1.380961326 0 0 0.9081675515 0.4186068542
cyl 0.03 0.07 -0.4008798514 0.8060074886 1.310961326 0 0 0.9081675515 0.4186068542
cyl 0.03 0.07 -0.4005682075 0.5432301539 1.310961326 0 0 0.9081675515 0.4186068542
cyl 0.03 0.07 -0.6216532374 0.09131759875 1.310961326 0 0 0.9081675515 0.4186068542
end
problem bookshelf_small 71
start 1.57 -1.5707 0 -1.5707 -1.57 3.14
goal -1.299665019 -1.949779278 -2.286169472 -2.05488764 -0.6216572686 -3.136911634
box 0.6 0.5 0.02 -0.8310256687 0.6659955688 0.8236128761 0 0 0.9443305365 0.3289982337
box 0.6 0.5 0.02 -0.8310256687 0.6659955688 1.123612876 0 0 0.9443305365 0.3289982337
box 0.6 0.02 0.17 -0.5203425901 1.057755731 0.9736128761 0 0 0.9443305365 0.3289982337
box 0.6 0.02 0.17 -1.141708747 0.2742354065 0.9736128761 0 0 0.9443305365 0.3289982337
cyl 0.03 0.07 -0.6571970553 0.7242514798 0.9036128761 0 0 0.9443305365 0.3289982337
cyl 0.03 0.07 -0.3622686053 0.774274215 0.9036128761 0 0 0.9443305365 0.3289982337
cyl 0.03 0.07 -0.5698391609 0.190663819 0.9036128761 0 0 0.9443305365 0.3289982337
end
problem bookshelf_small 72
start 1.57 -1.5707 0 -1.5707 -1.57 3.14
goal -0.2122868508 -1.221758825 1.970350751 2.449969127 -0.1189603454 -0.04672615258
box 0.6 0.5 0.02 -0.8525969679 0.4140326475 1.09666329 0 0 0.9870264105 0.1605579801
box 0.6 0.5 0.02 -0.8525969679 0.4140326475 1.39666329 0 0 0.9870264105 0.1605579801
box 0.6 0.02 0.17 -0.6941220011 0.8882537826 1.24666329 0 0 0.9870264105 0.1605579801
box 0.6 0.02 0.17 -1.011071935 -0.06018848752 1.24666329 0 0 0.9870264105 0.1605579801
cyl 0.03 0.07 -0.7581029549 0.3812896722 1.17666329 0 0 0.9870264105 0.1605579801
cyl 0.03 0.07 -0.5573684833 0.3509538335 1.17666329 0 0 0.9870264105 0.1605579801
cyl 0.03 0.07 -0.2827429988 0.5417297622 1.17666329 0 0 0.9870264105 0.1605579801
end
problem bookshelf_small 73
start 1.57 -1.5707 0 -1.5707 -1.57 3.14
goal -1.978113747 -0.3499574985 -1.004266551 -1.76942223 -0.4943020862 -0.0139780598
box 0.6 0.5 0.02 0.869321937 0.6883149334 1.493111826 0 0 0.3260493116 0.9453527629
box 0.6 0.5 0.02 0.869321937 0.6883149334 1.793111826 0 0 0.3260493116 0.9453527629
box 0.6 0.02 0.17 1.177553555 0.2946230871 1.643111826 0 0 0.3260493116 0.9453527629
box 0.6 0.02 0.17 0.5610903194 1.08200678 1.643111826 0 0 0.3260493116 0.9453527629
cyl 0.03 0.07 0.9594712214 0.4109552035 1.573111826 0 0 0.3260493116 0.9453527629
cyl 0.03 0.07 0.7106652142 0.4043137575 1.573111826 0 0 0.3260493116 0.9453527629
cyl 0.03 0.07 0.7107816521 0.07973368542 1.573111826 0 0 0.3260493116 0.9453527629
end
problem bookshelf_small 74
start 1.57 -1.5707 0 -1.5707 -1.57 3.14
goal 1.644324109 -1.655572803 2.119909234 -0.4673188072 2.043405963 -3.140217582
box 0.6 0.5 0.02 -0.9723681231 0.3089627 1.030649116 0 0 0.9800375947 0.1988122557
box 0.6 0.5 0.02 -0.9723681231 0.3089627 1.330649116 0 0 0.9800375947 0.1988122557
box 0.6 0.02 0.17 -0.7775246383 0.769436387 1.180649116 0 0 0.9800375947 0.1988122557
box 0.6 0.02 0.17 -1.167211608 -0.151510987 1.180649116 0 0 0.9800375947 0.1988122557
cyl 0.03 0.07 -0.9017680568 0.2191956382 1.110649116 0 0 0.9800375947 0.1988122557
cyl 0.03 0.07 -0.7802995409 -0.006970223469 1.110649116 0 0 0.9800375947 0.1988122557
cyl 0.03 0.07 -0.5691962908 -0.02130228139 1.110649116 0 0 0.9800375947 0.1988122557
end
problem bookshelf_small 75
start 1.57 -1.5707 0 -1.5707 -1.57 3.14
goal 1.008200074 -1.834086145 1.598490544 0.2390987199 1.033640521 -3.136239704
box 0.6 0.5 0.02 -1.069904828 0.08996288842 1.278108172 0 0 0.999899187 0.01419915015
box 0.6 0.5 0.02 -1.069904828 0.08996288842 1.578108172 0 0 0.999899187 0.01419915015
box 0.6 0.02 0.17 -1.05570711 0.5897612726 1.428108172 0 0 0.999899187 0.01419915015
box 0.6 0.02 0.17 -1.084102547 -0.4098354957 1.428108172 0 0 0.999899187 0.01419915015
cyl 0.03 0.07 -0.964751188 0.2699650148 1.358108172 0 0 0.999899187 0.01419915015
cyl 0.03 0.07 -0.773434319 -0.03854497393 1.358108172 0 0 0.999899187 0.01419915015
cyl 0.03 0.07 -0.5705838268 0.05896000184 1.358108172 0 0 0.999899187 0.01419915015
end
problem bookshelf_small 76
start 1.57 -1.5707 0 -1.5707 -1.57 3.14
goal -0.7837322452 -2.791493139 1.679824455 1.107959636 -0.6243617632 -3.14060929
box 0.6 0.5 0.02 -0.9926616424 0.1591063965 1.275125292 0 0 0.9969275543 0.07832912278
box 0.6 0.5 0.02 -0.9926616424 0.1591063965 1.575125292 0 0 0.9969275543 0.07832912278
box 0.6 0.02 0.17 -0.9145731816 0.652970945 1.425125292 0 0 0.9969275543 0.07832912278
box 0.6 0.02 0.17 -1.070750103 -0.3347581521 1.425125292 0 0 0.9969275543 0.07832912278
cyl 0.03 0.07 -0.8907951813 0.1630536355 1.355125292 0 0 0.9969275543 0.07832912278
cyl 0.03 0.07 -0.6969745563 0.1082585416 1.355125292 0 0 0.9969275543 0.07832912278
cyl 0.03 0.07 -0.5173954627 -0.03660603775 1.355125292 0 0 0.9969275543 0.07832912278
end
problem bookshelf_small 77
start 1.57 -1.5707 0 -1.5707 -1.57 3.14
goal -1.821296457 -0.9178218507 -2.455191523 0.2425421769 0.7996696261 -0.01178551434
box 0.6 0.5 0.02 -0.5676934553 0.7643955721 1.211635 0 0 0.8726860043 0.4882818221
box 0.6 0.5 0.02 -0.5676934553 0.7643955721 1.511635 0 0 0.8726860043 0.4882818221
box 0.6 0.02 0.17 -0.1415767429 1.025976434 1.361635 0 0 0.8726860043 0.4882818221
box 0.6 0.02 0.17 -0.9938101676 0.5028147099 1.361635 0 0 0.8726860043 0.4882818221
cyl 0.03 0.07 -0.7715615217 0.5219080526 1.291635 0 0 0.8726860043 0.4882818221
cyl 0.03 0.07 -0.3812771432 0.5268149811 1.291635 0 0 0.8726860043 0.4882818221
cyl 0.03 0.07 -0.2405538164 0.3785235176 1.291635 0 0 0.8726860043 0.4882818221
end
problem bookshelf_small 78
start 1.57 -1.5707 0 -1.5707 -1.57 3.14
goal -1.75542614 -0.2575947364 -1.644163363 -1.208299984 -0.2418288868 -0.02523975188
box 0.6 0.5 0.02 0.3568325246 0.8853717916 1.44284095 0 0 0.5448429712 0.838538095
box 0.6 0.5 0.02 0.3568325246 0.8853717916 1.74284095 0 0 0.5448429712 0.838538095
box 0.6 0.02 0.17 0.8137041117 0.6822256548 1.59284095 0 0 0.5448429712 0.838538095
box 0.6 0.02 0.17 -0.1000390626 1.088517928 1.59284095 0 0 0.5448429712 0.838538095
cyl 0.03 0.07 0.476598957 0.722678181 1.52284095 0 0 0.5448429712 0.838538095
cyl 0.03 0.07 0.1859362064 0.6330403347 1.52284095 0 0 0.5448429712 0.838538095
cyl 0.03 0.07 0.4185378478 0.3107350546 1.52284095 0 0 0.5448429712 0.838538095
end
problem bookshelf_small 79
start 1.57 -1.5707 0 -1.5707 -1.57 3.14
goal -0.4822437395 -1.701882828 1.551001769 0.1501226763 2.151404027 -3.139900737
box 0.6 0.5 0.02 0.9203750279 0.4021601339 1.264146744 0 0 0.2511376128 0.9679513931
box 0.6 0.5 0.02 0.9203750279 0.4021601339 1.564146744 0 0 0.2511376128 0.9679513931
box 0.6 0.02 0.17 1.16346403 -0.03476976549 1.414146744 0 0 0.2511376128 0.9679513931
box 0.6 0.02 0.17 0.6772860257 0.8390900333 1.414146744 0 0 0.2511376128 0.9679513931
cyl 0.03 0.07 0.6696333288 0.6471590637 1.344146744 0 0 0.2511376128 0.9679513931
cyl 0.03 0.07 0.6555400569 0.2611184477 1.344146744 0 0 0.2511376128 0.9679513931
cyl 0.03 0.07 0.3025449669 0.4842223672 1.344146744 0 0 0.2511376128 0.9679513931
end
problem bookshelf_small 80
start 1.57 -1.5707 0 -1.5707 -1.57 3.14
goal -0.3996260223 -1.948631059 2.07803295 -0.1770175633 0.2001649583 -3.091564092
box 0.6 0.5 0.02 -0.7680807654 0.53379272 1.1231035 0 0 0.954426585 0.2984457971
box 0.6 0.5 0.02 -0.7680807654 0.53379272 1.4231035 0 0 0.954426585 0.2984457971
box 0.6 0.02 0.17 -0.4832361624 0.9447228262 1.2731035 0 0 0.954426585 0.2984457971
box 0.6 0.02 0.17 -1.052925368 0.1228626138 1.2731035 0 0 0.954426585 0.2984457971
cyl 0.03 0.07 -0.7949045775 0.3195611307 1.2031035 0 0 0.954426585 0.2984457971
cyl 0.03 0.07 -0.7604248238 0.01823461697 1.2031035 0 0 0.954426585 0.2984457971
cyl 0.03 0.07 -0.2407707644 0.41684318 1.2031035 0 0 0.954426585 0.2984457971
end
problem bookshelf_small 81
start 1.57 -1.5707 0 -1.5707 -1.57 3.14
goal -2.83247312 -1.921063562 -2.17792068 -2.196405033 -2.34438666 3.130523644
box 0.6 0.5 0.02 -0.872590574 0.4341184803 0.8576819192 0 0 0.9704192962 0.2414257433
box 0.6 0.5 0.02 -0.872590574 0.4341184803 1.157681919 0 0 0.9704192962 0.2414257433
box 0.6 0.02 0.17 -0.6383063741 0.8758320908 1.007681919 0 0 0.9704192962 0.2414257433
box 0.6 0.02 0.17 -1.106874774 -0.007595130141 1.007681919 0 0 0.9704192962 0.2414257433
cyl 0.03 0.07 -0.8702542549 0.2251073047 0.9376819192 0 0 0.9704192962 0.2414257433
cyl 0.03 0.07 -0.5070223253 0.4831037342 0.9376819192 0 0 0.9704192962 0.2414257433
cyl 0.03 0.07 -0.2594959876 0.522951715 0.9376819192 0 0 0.9704192962 0.2414257433
end
problem bookshelf_small 82
start 1.57 -1.5707 0 -1.5707 -1.57 3.14
goal 2.626192351 -1.45089481 -1.246266429 2.691895214 -2.274245252 3.13860756
box 0.6 0.5 0.02 -0.08799648549 0.941022431 1.371025226 0 0 0.7681749641 0.6402399742
box 0.6 0.5 0.02 -0.08799648549 0.941022431 1.671025226 0 0 0.7681749641 0.6402399742
box 0.6 0.02 0.17 0.4038198337 1.031115206 1.521025226 0 0 0.7681749641 0.6402399742
box 0.6 0.02 0.17 -0.5798128047 0.8509296556 1.521025226 0 0 0.7681749641 0.6402399742
cyl 0.03 0.07 -0.266819404 0.8066010008 1.451025226 0 0 0.7681749641 0.6402399742
cyl 0.03 0.07 -0.1580466703 0.62319846 1.451025226 0 0 0.7681749641 0.6402399742
cyl 0.03 0.07 0.1905569055 0.4837290409 1.451025226 0 0 0.7681749641 0.6402399742
end
problem bookshelf_small 83
start 1.57 -1.5707 0 -1.5707 -1.57 3.14
goal -0.7987263681 -0.3345366459 -1.722399696 -1.078160633 -1.689051653 0.01062491052
box 0.6 0.5 0.02 0.7056170227 0.7042668352 1.45256031 0 0 0.319529495 0.9475763303
box 0.6 0.5 0.02 0.7056170227 0.7042668352 1.75256031 0 0 0.319529495 0.9475763303
box 0.6 0.02 0.17 1.008395609 0.3063659333 1.60256031 0 0 0.319529495 0.9475763303
box 0.6 0.02 0.17 0.4028384363 1.102167737 1.60256031 0 0 0.319529495 0.9475763303
cyl 0.03 0.07 0.5097381549 0.7965467366 1.53256031 0 0 0.319529495 0.9475763303
cyl 0.03 0.07 0.3607166998 0.6621111113 1.53256031 0 0 0.319529495 0.9475763303
cyl 0.03 0.07 0.3087588192 0.4001179715 1.53256031 0 0 0.319529495 0.9475763303
end
problem bookshelf_small 84
start 1.57 -1.5707 0 -1.5707 -1.57 3.14
goal -0.2594750308 -1.499714321 1.341398399 -2.997516322 -2.39163953 -0.01017553587
box 0.6 0.5 0.02 0.8395915027 0.530597309 1.458506879 0 0 0.2412943252 0.9704519816
box 0.6 0.5 0.02 0.8395915027 0.530597309 1.758506879 0 0 0.2412943252 0.9704519816
box 0.6 0.02 0.17 1.073756059 0.08882026036 1.608506879 0 0 0.2412943252 0.9704519816
box 0.6 0.02 0.17 0.6054269466 0.9723743576 1.608506879 0 0 0.2412943252 0.9704519816
cyl 0.03 0.07 0.7992319607 0.3932149434 1.538506879 0 0 0.2412943252 0.9704519816
cyl 0.03 0.07 0.4344366495 0.6543910879 1.538506879 0 0 0.2412943252 0.9704519816
cyl 0.03 0.07 0.2545817697 0.5666568791 1.538506879 0 0 0.2412943252 0.9704519816
end
problem bookshelf_small 85
start 1.57 -1.5707 0 -1.5707 -1.57 3.14
goal -2.568842068 -1.790412509 -1.75294229 -2.731054303 -2.343045435 -3.12729853
box 0.6 0.5 0.02 -0.9823115221 0.3053173843 1.040305787 0 0 0.9938911694 0.1103645934
box 0.6 0.5 0.02 -0.9823115221 0.3053173843 1.340305787 0 0 0.9938911694 0.1103645934
box 0.6 0.02 0.17 -0.8726211273 0.7931370408 1.190305787 0 0 0.9938911694 0.1103645934
box 0.6 0.02 0.17 -1.092001917 -0.1825022722 1.190305787 0 0 0.9938911694 0.1103645934
cyl 0.03 0.07 -0.8417323788 0.4746783335 1.120305787 0 0 0.9938911694 0.1103645934
cyl 0.03 0.07 -0.6059827449 0.6114569954 1.120305787 0 0 0.9938911694 0.1103645934
cyl 0.03 0.07 -0.4250082993 0.5046371766 1.120305787 0 0 0.9938911694 0.1103645934
end
problem bookshelf_small 86
start 1.57 -1.5707 0 -1.5707 -1.57 3.14
goal -2.34942242 -2.439043287 0.8212888076 1.609880568 -1.906797702 3.139860988
box 0.6 0.5 0.02 -0.9702228887 0.4396147881 1.448534197 0 0 0.9761809508 0.216957948
box 0.6 0.5 0.02 -0.9702228887 0.4396147881 1.748534197 0 0 0.9761809508 0.216957948
box 0.6 0.02 0.17 -0.7584326727 0.8925440369 1.598534197 0 0 0.9761809508 0.216957948
box 0.6 0.02 0.17 -1.182013105 -0.0133144607 1.598534197 0 0 0.9761809508 0.216957948
cyl 0.03 0.07 -1.068224527 -0.006051731853 1.528534197 0 0 0.9761809508 0.216957948
cyl 0.03 0.07 -0.8257904536 0.04024635998 1.528534197 0 0 0.9761809508 0.216957948
cyl 0.03 0.07 -0.4191632848 0.4376836905 1.528534197 0 0 0.9761809508 0.216957948
end
problem bookshelf_small 87
start 1.57 -1.5707 0 -1.5707 -1.57 3.14
goal -1.595484417 -1.583411951 -1.129839078 -0.4170345887 0.1531217802 -0.009844313587
box 0.6 0.5 0.02 -0.2203588971 0.9213725859 1.560653258 0 0 0.7504317437 0.6609479541
box 0.6 0.5 0.02 -0.2203588971 0.9213725859 1.860653258 0 0 0.7504317437 0.6609479541
box 0.6 0.02 0.17 0.2756374286 0.9845203878 1.710653258 0 0 0.7504317437 0.6609479541
box 0.6 0.02 0.17 -0.7163552228 0.8582247839 1.710653258 0 0 0.7504317437 0.6609479541
cyl 0.03 0.07 -0.632818984 0.7680530068 1.640653258 0 0 0.7504317437 0.6609479541
cyl 0.03 0.07 -0.07779294876 0.637101783 1.640653258 0 0 0.7504317437 0.6609479541
cyl 0.03 0.07 -0.3951192268 0.3950869721 1.640653258 0 0 0.7504317437 0.6609479541
end
problem bookshelf_small 89
start 1.57 -1.5707 0 -1.5707 -1.57 3.14
goal 0.7994396149 -1.53958457 2.59587814 2.089932957 -1.626215723 0.003888534028
box 0.6 0.5 0.02 -0.6378575756 0.7577291117 1.051036271 0 0 0.91647717 0.4000869866
box 0.6 0.5 0.02 -0.6378575756 0.7577291117 1.351036271 0 0 0.91647717 0.4000869866
box 0.6 0.02 0.17 -0.2711869864 1.097659515 1.201036271 0 0 0.91647717 0.4000869866
box 0.6 0.02 0.17 -1.004528165 0.4177987085 1.201036271 0 0 0.91647717 0.4000869866
cyl 0.03 0.07 -0.783204472 0.4866197508 1.131036271 0 0 0.91647717 0.4000869866
cyl 0.03 0.07 -0.5561168864 0.4244221649 1.131036271 0 0 0.91647717 0.4000869866
cyl 0.03 0.07 -0.4205362977 0.2773909128 1.131036271 0 0 0.91647717 0.4000869866
end
problem bookshelf_small 90
start 1.57 -1.5707 0 -1.5707 -1.57 3.14
goal 1.717788769 -2.061947687 2.51081745 2.702062199 -1.778382451 0.001688446303
box 0.6 0.5 0.02 -0.9162188691 -0.02137770728 1.172422488 0 0 0.9994819459 0.03218446687
box 0.6 0.5 0.02 -0.9162188691 -0.02137770728 1.472422488 0 0 0.9994819459 0.03218446687
box 0.6 0.02 0.17 -0.8840510755 0.4775864528 1.322422488 0 0 0.9994819459 0.03218446687
box 0.6 0.02 0.17 -0.9483866626 -0.5203418674 1.322422488 0 0 0.9994819459 0.03218446687
cyl 0.03 0.07 -0.8379816916 -0.3621673991 1.252422488 0 0 0.9994819459 0.03218446687
cyl 0.03 0.07 -0.6315977895 -0.2695850347 1.252422488 0 0 0.9994819459 0.03218446687
cyl 0.03 0.07 -0.4209323919 -0.1105911291 1.252422488 0 0 0.9994819459 0.03218446687
end
problem bookshelf_small 91
start 1.57 -1.5707 0 -1.5707 -1.57 3.14
goal -1.072150327 -1.136078221 2.262007627 -1.146055176 0.3017698237 -3.121244905
box 0.6 0.5 0.02 -0.1613027657 0.9826515808 0.8066409664 0 0 0.7735198506 0.6337720732
box 0.6 0.5 0.02 -0.1613027657 0.9826515808 1.106640966 0 0 0.7735198506 0.6337720732
box 0.6 0.02 0.17 0.3289325136 1.08098454 0.9566409664 0 0 0.7735198506 0.6337720732
box 0.6 0.02 0.17 -0.6515380451 0.8843186215 0.9566409664 0 0 0.7735198506 0.6337720732
cyl 0.03 0.07 -0.3625016618 0.8403026194 0.8866409664 0 0 0.7735198506 0.6337720732
cyl 0.03 0.07 0.05412041627 0.71988632 0.8866409664 0 0 0.7735198506 0.6337720732
cyl 0.03 0.07 0.1961453719 0.5443904521 0.8866409664 0 0 0.7735198506 0.6337720732
end
problem bookshelf_small 92
start 1.57 -1.5707 0 -1.5707 -1.57 3.14
goal -1.849912414 -2.515466963 1.503416907 -2.131991561 1.6286112 0.006986321771
box 0.6 0.5 0.02 -0.9104411544 0.123678241 1.553432123 0 0 0.9941297726 0.1081942479
box 0.6 0.5 0.02 -0.9104411544 0.123678241 1.853432123 0 0 0.9941297726 0.1081942479
box 0.6 0.02 0.17 -0.8028820314 0.6119722457 1.703432123 0 0 0.9941297726 0.1081942479
box 0.6 0.02 0.17 -1.018000278 -0.3646157637 1.703432123 0 0 0.9941297726 0.1081942479
cyl 0.03 0.07 -0.8642685318 -0.1315691467 1.633432123 0 0 0.9941297726 0.1081942479
cyl 0.03 0.07 -0.6464591542 -0.07248523943 1.633432123 0 0 0.9941297726 0.1081942479
cyl 0.03 0.07 -0.3800833745 0.2070791097 1.633432123 0 0 0.9941297726 0.1081942479
end
problem bookshelf_small 93
start 1.57 -1.5707 0 -1.5707 -1.57 3.14
goal 0.7883927018 -0.3908783108 -1.169998098 -1.578840467 -2.199876886 -0.005576293741
box 0.6 0.5 0.02 -0.1131637732 1.0406455 1.519633779 0 0 0.763727027 0.6455393313
box 0.6 0.5 0.02 -0.1131637732 1.0406455 1.819633779 0 0 0.763727027 0.6455393313
box 0.6 0.02 0.17 0.3798520611 1.123924472 1.669633779 0 0 0.763727027 0.6455393313
box 0.6 0.02 0.17 -0.6061796075 0.957366528 1.669633779 0 0 0.763727027 0.6455393313
cyl 0.03 0.07 0.3376082005 1.015372126 1.599633779 0 0 0.763727027 0.6455393313
cyl 0.03 0.07 0.2882976499 0.804209472 1.599633779 0 0 0.763727027 0.6455393313
cyl 0.03 0.07 -0.4010878294 0.4849270009 1.599633779 0 0 0.763727027 0.6455393313
end
problem bookshelf_small 94
start 1.57 -1.5707 0 -1.5707 -1.57 3.14
goal -2.63722392 -1.349802652 -2.406884355 0.6181562215 2.169696989 0.004523433122
box 0.6 0.5 0.02 -0.8087675767 0.4121376891 1.152109716 0 0 0.9724929122 0.2329324701
box 0.6 0.5 0.02 -0.8087675767 0.4121376891 1.452109716 0 0 0.9724929122 0.2329324701
box 0.6 0.02 0.17 -0.5822424005 0.8578801535 1.302109716 0 0 0.9724929122 0.2329324701
box 0.6 0.02 0.17 -1.035292753 -0.03360477525 1.302109716 0 0 0.9724929122 0.2329324701
cyl 0.03 0.07 -0.8657381253 0.07930849115 1.232109716 0 0 0.9724929122 0.2329324701
cyl 0.03 0.07 -0.5324286968 0.2937224776 1.232109716 0 0 0.9724929122 0.2329324701
cyl 0.03 0.07 -0.2654360803 0.3776422747 1.232109716 0 0 0.9724929122 0.2329324701
end
problem bookshelf_small 95
start 1.57 -1.5707 0 -1.5707 -1.57 3.14
goal 1.259347262 -1.174350649 2.228396553 -1.047488422 2.317184101 3.136577717
box 0.6 0.5 0.02 -0.4521054527 0.8655082712 0.8269303871 0 0 0.8648402576 0.502047138
box 0.6 0.5 0.02 -0.4521054527 0.8655082712 1.126930387 0 0 0.8648402576 0.502047138
box 0.6 0.02 0.17 -0.01791487651 1.113456942 0.9769303871 0 0 0.8648402576 0.502047138
box 0.6 0.02 0.17 -0.8862960289 0.6175596 0.9769303871 0 0 0.8648402576 0.502047138
cyl 0.03 0.07 -0.1454329833 0.9254797047 0.9069303871 0 0 0.8648402576 0.502047138
cyl 0.03 0.07 0.07291121598 0.8198536307 0.9069303871 0 0 0.8648402576 0.502047138
cyl 0.03 0.07 -0.5167423295 0.2528127354 0.9069303871 0 0 0.8648402576 0.502047138
end
problem bookshelf_small 96
start 1.57 -1.5707 0 -1.5707 -1.57 3.14
goal 2.172564281 -1.254434328 -1.122289976 2.367707108 -1.06852478 -3.137352714
box 0.6 0.5 0.02 0.9698175734 0.03483109488 1.457648317 0 0 0.04684980626 0.998901945
box 0.6 0.5 0.02 0.9698175734 0.03483109488 1.757648317 0 0 0.04684980626 0.998901945
box 0.6 0.02 0.17 1.016615936 -0.4629740008 1.607648317 0 0 0.04684980626 0.998901945
box 0.6 0.02 0.17 0.9230192108 0.5326361905 1.607648317 0 0 0.04684980626 0.998901945
cyl 0.03 0.07 0.8344602987 0.4062445401 1.537648317 0 0 0.04684980626 0.998901945
cyl 0.03 0.07 0.6985862023 -0.2852579111 1.537648317 0 0 0.04684980626 0.998901945
cyl 0.03 0.07 0.469184032 0.01811956959 1.537648317 0 0 0.04684980626 0.998901945
end
problem bookshelf_small 97
start 1.57 -1.5707 0 -1.5707 -1.57 3.14
goal 0.358323026 -1.958090228 1.054392003 0.9039226298 1.132384399 3.13658539
box 0.6 0.5 0.02 -0.6361767342 0.6432711506 1.485558625 0 0 0.925689919 0.3782831927
box 0.6 0.5 0.02 -0.6361767342 0.6432711506 1.785558625 0 0 0.925689919 0.3782831927
box 0.6 0.02 0.17 -0.2860037962 1.000172977 1.635558625 0 0 0.925689919 0.3782831927
box 0.6 0.02 0.17 -0.9863496722 0.2863693245 1.635558625 0 0 0.925689919 0.3782831927
cyl 0.03 0.07 -0.8369090572 0.2958949847 1.565558625 0 0 0.925689919 0.3782831927
cyl 0.03 0.07 -0.7003132759 0.1495423952 1.565558625 0 0 0.925689919 0.3782831927
cyl 0.03 0.07 -0.3316928337 0.2396730294 1.565558625 0 0 0.925689919 0.3782831927
end
problem bookshelf_small 98
start 1.57 -1.5707 0 -1.5707 -1.57 3.14
goal -1.543602258 -0.3687199965 -1.079683783 -1.688513274 -0.3681179487 -0.009284871367
box 0.6 0.5 0.02 0.3514300306 0.9824922966 1.512254009 0 0 0.5796864559 0.814839624
box 0.6 0.5 0.02 0.3514300306 0.9824922966 1.812254009 0 0 0.5796864559 0.814839624
box 0.6 0.02 0.17 0.8237815244 0.8185286837 1.662254009 0 0 0.5796864559 0.814839624
box 0.6 0.02 0.17 -0.1209214631 1.146455909 1.662254009 0 0 0.5796864559 0.814839624
cyl 0.03 0.07 0.6920655917 0.7583968112 1.592254009 0 0 0.5796864559 0.814839624
cyl 0.03 0.07 0.4434012104 0.633006947 1.592254009 0 0 0.5796864559 0.814839624
cyl 0.03 0.07 0.5357806754 0.389233248 1.592254009 0 0 0.5796864559 0.814839624
end
problem bookshelf_small 99
start 1.57 -1.5707 0 -1.5707 -1.57 3.14
goal -2.394357607 -1.460206405 -2.047384868 0.3519498943 0.7522299357 0.01205356551
box 0.6 0.5 0.02 0.06253949424 1.081513537 1.252654663 0 0 0.6799525479 0.7332561166
box 0.6 0.5 0.02 0.06253949424 1.081513537 1.552654663 0 0 0.6799525479 0.7332561166
box 0.6 0.02 0.17 0.561118859 1.043849004 1.402654663 0 0 0.6799525479 0.7332561166
box 0.6 0.02 0.17 -0.4360398705 1.119178069 1.402654663 0 0 0.6799525479 0.7332561166
cyl 0.03 0.07 0.4739517798 0.9501489915 1.332654663 0 0 0.6799525479 0.7332561166
cyl 0.03 0.07 0.164224218 0.7729770859 1.332654663 0 0 0.6799525479 0.7332561166
cyl 0.03 0.07 -0.1188753786 0.5937936051 1.332654663 0 0 0.6799525479 0.7332561166
end
problem bookshelf_small 100
start 1.57 -1.5707 0 -1.5707 -1.57 3.14
goal 0.5208132173 -1.253247155 2.357339531 -1.110488641 2.14509713 3.13284149
box 0.6 0.5 0.02 -0.03968734155 0.986842821 0.8336834573 0 0 0.6883831751 0.7253472301
box 0.6 0.5 0.02 -0.03968734155 0.986842821 1.133683457 0 0 0.6883831751 0.7253472301
box 0.6 0.02 0.17 0.4596294878 0.9607142168 0.9836834573 0 0 0.6883831751 0.7253472301
box 0.6 0.02 0.17 -0.5390041709 1.012971425 0.9836834573 0 0 0.6883831751 0.7253472301
cyl 0.03 0.07 0.1307757966 0.8777858842 0.9136834573 0 0 0.6883831751 0.7253472301
cyl 0.03 0.07 0.03657092245 0.6824418614 0.9136834573 0 0 0.6883831751 0.7253472301
cyl 0.03 0.07 -0.2294737303 0.496089992 0.9136834573 0 0 0.6883831751 0.7253472301
end
problem box 1
start 1.57 -1.5707 0 -1.5707 -1.57 3.14
goal -0.5967475061 -0.7665678721 1.373208816 -2.184912337 -1.563569778 0.1145459364
box 0.35 0.35 0.02 0.4253973616 0.5634741852 0.3446793402 0 0 0.4169084737 0.9089484719
box 0.02 0.35 0.35 0.6537284888 0.8287380092 0.7046793402 0 0 0.4169084737 0.9089484719
box 0.35 0.35 0.02 0.4906348265 0.6392638492 1.25467934 -0.1596388337 0.3480463534 0.3851338964 0.8396731867
box 0.02 0.35 0.3 0.1970662343 0.2982103612 0.6046793402 0 0 0.4169084737 0.9089484719
box 0.35 0.02 0.35 0.6906611856 0.335143058 0.7046793402 0 0 0.4169084737 0.9089484719
box 0.35 0.02 0.35 0.1601335375 0.7918053124 0.7046793402 0 0 0.4169084737 0.9089484719
cyl 0.03 0.07 0.3486629475 0.6295248626 0.4546793402 0 0 0.4169084737 0.9089484719
end
problem box 2
start 1.57 -1.5707 0 -1.5707 -1.57 3.14
goal -1.440895039 -0.7787859878 1.514874888 -2.31475267 -1.562360213 -0.1718279167
box 0.35 0.35 0.02 0.6684219972 0.1916693463 0.3109030527 0 0 0.1509768859 0.9885372931
box 0.02 0.35 0.35 1.002466183 0.2961417438 0.6709030527 0 0 0.1509768859 0.9885372931
box 0.35 0.35 0.02 0.7638631932 0.2215186027 1.220903053 -0.05781070788 0.3785217872 0.1394702195 0.9131961654
box 0.02 0.35 0.3 0.3343778112 0.08719694878 0.5709030527 0 0 0.1509768859 0.9885372931
box 0.35 0.02 0.35 0.7728943947 -0.1423748397 0.6709030527 0 0 0.1509768859 0.9885372931
box 0.35 0.02 0.35 0.5639495997 0.5257135322 0.6709030527 0 0 0.1509768859 0.9885372931
cyl 0.03 0.07 0.6805537717 0.1528787294 0.4209030527 0 0 0.1509768859 0.9885372931
end
problem box 3
start 1.57 -1.5707 0 -1.5707 -1.57 3.14
goal 1.530406865 -0.3012953974 0.93057797 -2.201892731 -1.565996317 0.04619090477
box 0.35 0.35 0.02 -0.8071871124 0.05892545425 0.1678893709 0 0 0.999249686 0.03873067176
box 0.02 0.35 0.35 -1.156137067 0.08601658237 0.5278893709 0 0 0.999249686 0.03873067176
box 0.35 0.35 0.02 -0.9068870994 0.06666577657 1.077889371 -0.3826236801 0.01483039962 0.9230921159 0.0357788231
box 0.02 0.35 0.3 -0.4582371578 0.03183432613 0.4278893709 0 0 0.999249686 0.03873067176
box 0.35 0.02 0.35 -0.7800959843 0.4078754088 0.5278893709 0 0 0.999249686 0.03873067176
box 0.35 0.02 0.35 -0.8342782405 -0.2900245003 0.5278893709 0 0 0.999249686 0.03873067176
cyl 0.03 0.07 -0.8145086056 -0.03537976287 0.2778893709 0 0 0.999249686 0.03873067176
end
problem box 4
start 1.57 -1.5707 0 -1.5707 -1.57 3.14
goal -0.5561289119 -0.7053484486 1.236479409 -2.093612261 -1.563491001 -0.2315942641
box 0.35 0.35 0.02 0.2199961193 0.7317282658 0.3523766504 0 0 0.5850288392 0.811012489
box 0.02 0.35 0.35 0.3304149994 1.063854252 0.7123766504 0 0 0.5850288392 0.811012489
box 0.35 0.35 0.02 0.2515443708 0.8266214048 1.26237665 -0.2240139682 0.3105455898 0.5404410095 0.7492013707
box 0.02 0.35 0.3 0.1095772392 0.3996022792 0.6123766504 0 0 0.5850288392 0.811012489
box 0.35 0.02 0.35 0.5521221058 0.6213093857 0.7123766504 0 0 0.5850288392 0.811012489
box 0.35 0.02 0.35 -0.1121298672 0.8421471459 0.7123766504 0 0 0.5850288392 0.811012489
cyl 0.03 0.07 0.3446466402 0.6902868505 0.4623766504 0 0 0.5850288392 0.811012489
end
problem box 5
start 1.57 -1.5707 0 -1.5707 -1.57 3.14
goal -1.274934202 -0.498203075 1.343208209 -2.416516418 -1.565767206 -0.05207092932
box 0.35 0.35 0.02 0.6627864783 0.3113197902 0.1896623072 0 0 0.1767940426 0.9842478684
box 0.02 0.35 0.35 0.9909071848 0.4331262019 0.5496623072 0 0 0.1767940426 0.9842478684
box 0.35 0.35 0.02 0.7565352516 0.3461216221 1.099662307 -0.06769638073 0.3768793193 0.1633197279 0.9092336582
box 0.02 0.35 0.3 0.3346657717 0.1895133785 0.4496623072 0 0 0.1767940426 0.9842478684
box 0.35 0.02 0.35 0.78459289 -0.01680091639 0.5496623072 0 0 0.1767940426 0.9842478684
box 0.35 0.02 0.35 0.5409800666 0.6394404967 0.5496623072 0 0 0.1767940426 0.9842478684
cyl 0.03 0.07 0.6773313074 0.2721390973 0.2996623072 0 0 0.1767940426 0.9842478684
end
problem box 6
start 1.57 -1.5707 0 -1.5707 -1.57 3.14
goal -1.273514596 -0.3124329223 0.6351589596 -1.902809534 -1.568209546 0.1026780909
box 0.35 0.35 0.02 0.8323157063 0.193878689 0.2857096577 0 0 0.0920263191 0.995756575
box 0.02 0.35 0.35 1.176387516 0.2580237576 0.6457096577 0 0 0.0920263191 0.995756575
box 0.35 0.35 0.02 0.9306219376 0.2122058515 1.195709658 -0.03523788836 0.3812861295 0.08501255573 0.9198652315
box 0.02 0.35 0.3 0.4882438967 0.1297336204 0.5457096577 0 0 0.0920263191 0.995756575
box 0.35 0.02 0.35 0.8964607749 -0.1501931206 0.6457096577 0 0 0.0920263191 0.995756575
box 0.35 0.02 0.35 0.7681706377 0.5379504986 0.6457096577 0 0 0.0920263191 0.995756575
cyl 0.03 0.07 0.8095599378 0.3159398015 0.3957096577 0 0 0.0920263191 0.995756575
end
problem box 7
start 1.57 -1.5707 0 -1.5707 -1.57 3.14
goal -1.50041335 -0.610487051 1.452339126 -2.413786106 -1.563371987 -0.2301821747
box 0.35 0.35 0.02 0.6825556147 0.1954954831 0.2283159552 0 0 0.1450419813 0.9894255018
box 0.02 0.35 0.35 1.017829591 0.2959512477 0.5883159552 0 0 0.1450419813 0.9894255018
box 0.35 0.35 0.02 0.7783481794 0.2241971301 1.138315955 -0.05553816771 0.378861892 0.1339876422 0.9140166795
box 0.02 0.35 0.3 0.3472816381 0.09503971849 0.4883159552 0 0 0.1450419813 0.9894255018
box 0.35 0.02 0.35 0.7830113793 -0.1397784935 0.5883159552 0 0 0.1450419813 0.9894255018
box 0.35 0.02 0.35 0.5820998501 0.5307694596 0.5883159552 0 0 0.1450419813 0.9894255018
cyl 0.03 0.07 0.707020137 0.1138444429 0.3383159552 0 0 0.1450419813 0.9894255018
end
problem box 8
start 1.57 -1.5707 0 -1.5707 -1.57 3.14
goal -0.02107278227 -0.6010410039 1.391956684 -2.366067026 -1.575224537 -0.1282402772
box 0.35 0.35 0.02 -0.1109025949 0.7241164465 0.238739911 0 0 0.7432379387 0.6690271792
box 0.02 0.35 0.35 -0.1475844384 1.072188914 0.598739911 0 0 0.7432379387 0.6690271792
box 0.35 0.35 0.02 -0.1213831216 0.8235657228 1.148739911 -0.2845939701 0.2561778552 0.6865922412 0.6180374366
box 0.02 0.35 0.3 -0.07422075145 0.3760439794 0.498739911 0 0 0.7432379387 0.6690271792
box 0.35 0.02 0.35 0.2371698722 0.76079829 0.598739911 0 0 0.7432379387 0.6690271792
box 0.35 0.02 0.35 -0.458975062 0.687434603 0.598739911 0 0 0.7432379387 0.6690271792
cyl 0.03 0.07 -0.04417863288 0.7311481947 0.348739911 0 0 0.7432379387 0.6690271792
end
problem box 9
start 1.57 -1.5707 0 -1.5707 -1.57 3.14
goal -0.3493809878 -0.7977234011 1.432416648 -2.196615978 -1.565512295 0.1202974028
box 0.35 0.35 0.02 0.2831514959 0.6341115326 0.3448286279 0 0 0.526285043 0.8503082109
box 0.02 0.35 0.35 0.4392683334 0.9473646779 0.7048286279 0 0 0.526285043 0.8503082109
box 0.35 0.35 0.02 0.3277563067 0.7236124313 1.254828628 -0.2015203234 0.3255923534 0.4861743573 0.7855021788
box 0.02 0.35 0.3 0.1270346585 0.3208583873 0.6048286279 0 0 0.526285043 0.8503082109
box 0.35 0.02 0.35 0.5964046413 0.4779946952 0.7048286279 0 0 0.526285043 0.8503082109
box 0.35 0.02 0.35 -0.03010164938 0.7902283701 0.7048286279 0 0 0.526285043 0.8503082109
cyl 0.03 0.07 0.1840775403 0.6834872943 0.4548286279 0 0 0.526285043 0.8503082109
end
problem box 10
start 1.57 -1.5707 0 -1.5707 -1.57 3.14
goal 0.3447170208 -0.5625807926 0.9862269014 -1.997151544 -1.577614515 -0.3463249975
box 0.35 0.35 0.02 -0.4824260405 0.6405574558 0.3394189542 0 0 0.9048537851 0.4257224772
box 0.02 0.35 0.35 -0.7055583012 0.9102090722 0.6994189542 0 0 0.9048537851 0.4257224772
box 0.35 0.35 0.02 -0.546178115 0.7176007748 1.249418954 -0.3464784528 0.1630138125 0.8358905755 0.3932761429
box 0.02 0.35 0.3 -0.2592937798 0.3709058394 0.5994189542 0 0 0.9048537851 0.4257224772
box 0.35 0.02 0.35 -0.2127744241 0.8636897165 0.6994189542 0 0 0.9048537851 0.4257224772
box 0.35 0.02 0.35 -0.7520776569 0.4174251951 0.6994189542 0 0 0.9048537851 0.4257224772
cyl 0.03 0.07 -0.3457546294 0.7536507921 0.4494189542 0 0 0.9048537851 0.4257224772
end
problem box 11
start 1.57 -1.5707 0 -1.5707 -1.57 3.14
goal 0.2387251572 -0.4399602375 0.767082331 -1.896624648 -1.576537979 -0.2709397979
box 0.35 0.35 0.02 -0.350062005 0.7820113173 0.3351097635 0 0 0.8633825468 0.5045498766
box 0.02 0.35 0.35 -0.5218626004 1.086945007 0.6951097635 0 0 0.8633825468 0.5045498766
box 0.35 0.35 0.02 -0.3991478894 0.8691352287 1.245109764 -0.3305986602 0.1931976895 0.7975800574 0.4660957313
box 0.02 0.35 0.3 -0.1782614095 0.4770776271 0.5951097635 0 0 0.8633825468 0.5045498766
box 0.35 0.02 0.35 -0.04512831481 0.9538119127 0.6951097635 0 0 0.8633825468 0.5045498766
box 0.35 0.02 0.35 -0.6549956952 0.6102107218 0.6951097635 0 0 0.8633825468 0.5045498766
cyl 0.03 0.07 -0.2700607255 0.8270842885 0.4451097635 0 0 0.8633825468 0.5045498766
end
problem box 12
start 1.57 -1.5707 0 -1.5707 -1.57 3.14
goal 0.9336416147 -0.5824480244 1.388226504 -2.373286155 -1.565913805 -0.2700100219
box 0.35 0.35 0.02 -0.6641864585 0.3044595104 0.2310490963 0 0 0.9836189261 0.1802603898
box 0.02 0.35 0.35 -0.9914407928 0.4285747822 0.5910490963 0 0 0.9836189261 0.1802603898
box 0.35 0.35 0.02 -0.7576876969 0.3399210167 1.141049096 -0.3766384904 0.06902368315 0.9086526506 0.1665218883
box 0.02 0.35 0.3 -0.3369321242 0.1803442387 0.4910490963 0 0 0.9836189261 0.1802603898
box 0.35 0.02 0.35 -0.5400711868 0.6317138448 0.5910490963 0 0 0.9836189261 0.1802603898
box 0.35 0.02 0.35 -0.7883017302 -0.02279482386 0.5910490963 0 0 0.9836189261 0.1802603898
cyl 0.03 0.07 -0.632687814 0.3875118843 0.3410490963 0 0 0.9836189261 0.1802603898
end
problem box 13
start 1.57 -1.5707 0 -1.5707 -1.57 3.14
goal 0.169589631 -0.5627779295 1.053137398 -2.054475778 -1.562829377 0.1631317413
box 0.35 0.35 0.02 -0.007403729896 0.7768690963 0.3205461829 0 0 0.7103177859 0.7038811285
box 0.02 0.35 0.35 -0.01058967973 1.126854596 0.6805461829 0 0 0.7103177859 0.7038811285
box 0.35 0.35 0.02 -0.008314001279 0.8768649532 1.230546183 -0.271988482 0.2695238152 0.6561810898 0.6502350007
box 0.02 0.35 0.3 -0.004217780057 0.426883597 0.5805461829 0 0 0.7103177859 0.7038811285
box 0.35 0.02 0.35 0.3425817694 0.7800550461 0.6805461829 0 0 0.7103177859 0.7038811285
box 0.35 0.02 0.35 -0.3573892292 0.7736831465 0.6805461829 0 0 0.7103177859 0.7038811285
cyl 0.03 0.07 -0.1988704474 0.7751261573 0.4305461829 0 0 0.7103177859 0.7038811285
end
problem box 14
start 1.57 -1.5707 0 -1.5707 -1.57 3.14
goal -0.4177279601 -0.3727182634 0.6415558978 -1.848516261 -1.571190668 -0.1701004082
box 0.35 0.35 0.02 0.1347622407 0.8667372205 0.3299783236 0 0 0.6162465215 0.7875533155
box 0.02 0.35 0.35 0.218930398 1.206466114 0.6899783236 0 0 0.6162465215 0.7875533155
box 0.35 0.35 0.02 0.1588102856 0.9638026187 1.239978324 -0.2359675616 0.3015628146 0.5692794438 0.7275301324
box 0.02 0.35 0.3 0.05059408336 0.5270083267 0.5899783236 0 0 0.6162465215 0.7875533155
box 0.35 0.02 0.35 0.4744911345 0.7825690632 0.6899783236 0 0 0.6162465215 0.7875533155
box 0.35 0.02 0.35 -0.2049666531 0.9509053778 0.6899783236 0 0 0.6162465215 0.7875533155
cyl 0.03 0.07 0.2926607376 0.8276177173 0.4399783236 0 0 0.6162465215 0.7875533155
end
problem box 15
start 1.57 -1.5707 0 -1.5707 -1.57 3.14
goal 1.392965916 -0.3659606892 0.8269952075 -2.033816378 -1.577028892 0.07292469842
box 0.35 0.35 0.02 -0.8321087701 0.1208016004 0.2582365069 0 0 0.9917178461 0.1284356402
box 0.02 0.35 0.35 -1.170561771 0.209961942 0.6182365069 0 0 0.9917178461 0.1284356402
box 0.35 0.35 0.02 -0.9288096274 0.1462759837 1.168236507 -0.3797396559 0.04917941732 0.9161343133 0.1186469494
box 0.02 0.35 0.3 -0.4936557697 0.03164125887 0.5182365069 0 0 0.9917178461 0.1284356402
box 0.35 0.02 0.35 -0.7429484286 0.4592546008 0.6182365069 0 0 0.9917178461 0.1284356402
box 0.35 0.02 0.35 -0.9212691117 -0.2176514 0.6182365069 0 0 0.9917178461 0.1284356402
cyl 0.03 0.07 -0.8403511979 0.08951331275 0.3682365069 0 0 0.9917178461 0.1284356402
end
problem box 16
start 1.57 -1.5707 0 -1.5707 -1.57 3.14
goal -2.806392807 -2.900790533 -0.8110594213 -1.000991841 1.567731757 -0.0447394833
box 0.35 0.35 0.02 -0.2306951864 0.798475114 0.1698406802 0 0 0.8283065743 0.5602751279
box 0.02 0.35 0.35 -0.3609594331 1.123330814 0.5298406802 0 0 0.8283065743 0.5602751279
box 0.35 0.35 0.02 -0.2679135426 0.8912910284 1.07984068 -0.3171676851 0.2145355003 0.7651773916 0.5175738962
box 0.02 0.35 0.3 -0.1004309396 0.4736194137 0.4298406802 0 0 0.8283065743 0.5602751279
box 0.35 0.02 0.35 0.09416051394 0.9287393607 0.5298406802 0 0 0.8283065743 0.5602751279
box 0.35 0.02 0.35 -0.5555508867 0.6682108672 0.5298406802 0 0 0.8283065743 0.5602751279
cyl 0.03 0.07 -0.1287530047 0.8393530222 0.2798406802 0 0 0.8283065743 0.5602751279
end
problem box 17
start 1.57 -1.5707 0 -1.5707 -1.57 3.14
goal 0.4658224333 0.06798054389 -0.2597112124 -1.379281051 -1.57872285 0.09248820973
box 0.35 0.35 0.02 -0.2785755369 0.8478771268 0.325449873 0 0 0.8230920561 0.5679079742
box 0.02 0.35 0.35 -0.4028119098 1.175085506 0.685449873 0 0 0.8230920561 0.5679079742
box 0.35 0.35 0.02 -0.3140716434 0.9413652352 1.235449873 -0.3151709888 0.217458201 0.7603602966 0.524625007
box 0.02 0.35 0.3 -0.1543391639 0.5206687473 0.585449873 0 0 0.8230920561 0.5679079742
box 0.35 0.02 0.35 0.04863284266 0.9721134998 0.685449873 0 0 0.8230920561 0.5679079742
box 0.35 0.02 0.35 -0.6057839164 0.7236407538 0.685449873 0 0 0.8230920561 0.5679079742
cyl 0.03 0.07 -0.4610010622 0.7786127466 0.435449873 0 0 0.8230920561 0.5679079742
end
problem box 18
start 1.57 -1.5707 0 -1.5707 -1.57 3.14
goal -1.406617159 -0.4490394554 1.200635374 -2.321133033 -1.564168806 0.06125930034
box 0.35 0.35 0.02 0.7628669307 0.005596448383 0.1954315918 0 0 0.05522053892 0.998474182
box 0.02 0.35 0.35 1.110732415 0.04419184608 0.5554315918 0 0 0.05522053892 0.998474182
box 0.35 0.35 0.02 0.8622570691 0.01662370487 1.105431592 -0.02114455087 0.3823267311 0.05101191907 0.9223757167
box 0.02 0.35 0.3 0.4150014462 -0.03299894931 0.4554315918 0 0 0.05522053892 0.998474182
box 0.35 0.02 0.35 0.8014623284 -0.3422690361 0.5554315918 0 0 0.05522053892 0.998474182
box 0.35 0.02 0.35 0.724271533 0.3534619328 0.5554315918 0 0 0.05522053892 0.998474182
cyl 0.03 0.07 0.7429907922 0.1847427446 0.3054315918 0 0 0.05522053892 0.998474182
end
problem box 19
start 1.57 -1.5707 0 -1.5707 -1.57 3.14
goal 1.015495589 -0.292619954 0.8765178913 -2.162828433 -1.567969569 -0.05432090245
box 0.35 0.35 0.02 -0.6946714415 0.4659362667 0.1879564611 0 0 0.9689532588 0.2472439731
box 0.02 0.35 0.35 -1.001880734 0.6336337642 0.5479564611 0 0 0.9689532588 0.2472439731
box 0.35 0.35 0.02 -0.7824455251 0.5138498374 1.097956461 -0.3710228453 0.09467243292 0.8951047235 0.2284003343
box 0.02 0.35 0.3 -0.3874621491 0.2982387693 0.4479564611 0 0 0.9689532588 0.2472439731
box 0.35 0.02 0.35 -0.5269739441 0.7731455592 0.5479564611 0 0 0.9689532588 0.2472439731
box 0.35 0.02 0.35 -0.862368939 0.1587269743 0.5479564611 0 0 0.9689532588 0.2472439731
cyl 0.03 0.07 -0.7386596516 0.3853531507 0.2979564611 0 0 0.9689532588 0.2472439731
end
problem box 20
start 1.57 -1.5707 0 -1.5707 -1.57 3.14
goal 2.01140118 -2.816872696 -0.8539345208 -1.042921074 1.570060995 0.2742132509
box 0.35 0.35 0.02 0.8346808177 0.09671044684 0.2181249727 0 0 0.08690227199 0.9962168414
box 0.02 0.35 0.35 1.179394414 0.1573119017 0.5781249727 0 0 0.08690227199 0.9962168414
box 0.35 0.35 0.02 0.9331704167 0.1140251482 1.128124973 -0.03327583444 0.3814623706 0.08027903661 0.9202904188
box 0.02 0.35 0.3 0.4899672211 0.036108992 0.4781249727 0 0 0.08690227199 0.9962168414
box 0.35 0.02 0.35 0.8952822726 -0.2480031497 0.5781249727 0 0 0.08690227199 0.9962168414
box 0.35 0.02 0.35 0.7740793629 0.4414240434 0.5781249727 0 0 0.08690227199 0.9962168414
cyl 0.03 0.07 0.8144214699 0.2119498033 0.3281249727 0 0 0.08690227199 0.9962168414
end
problem box 21
start 1.57 -1.5707 0 -1.5707 -1.57 3.14
goal -2.856851948 -2.317876865 -1.459102385 -0.9387899305 1.570463066 0.06453876271
box 0.35 0.35 0.02 -0.08176522212 0.7047406172 0.3513847675 0 0 0.7804879558 0.6251708173
box 0.02 0.35 0.35 -0.1581782365 1.046297422 0.7113847675 0 0 0.7804879558 0.6251708173
box 0.35 0.35 0.02 -0.103597512 0.8023282759 1.261384767 -0.2988574108 0.2393847725 0.7210032574 0.5775235766
box 0.02 0.35 0.3 -0.005352207712 0.363183812 0.6113847675 0 0 0.7804879558 0.6251708173
box 0.35 0.02 0.35 0.2597915831 0.7811536316 0.7113847675 0 0 0.7804879558 0.6251708173
box 0.35 0.02 0.35 -0.4233220274 0.6283276028 0.7113847675 0 0 0.7804879558 0.6251708173
cyl 0.03 0.07 -0.04748564862 0.712409636 0.4613847675 0 0 0.7804879558 0.6251708173
end
problem box 22
start 1.57 -1.5707 0 -1.5707 -1.57 3.14
goal 0.6764116971 -0.2912684092 0.8672568766 -2.146833395 -1.576665863 0.1723353133
box 0.35 0.35 0.02 -0.4196186354 0.6757400761 0.1819851772 0 0 0.8608794632 0.5088089522
box 0.02 0.35 0.35 -0.5883980505 0.9823563004 0.5419851772 0 0 0.8608794632 0.5088089522
box 0.35 0.35 0.02 -0.4678413254 0.7633447116 1.091985177 -0.329640202 0.1948285363 0.7952677457 0.4700302025
box 0.02 0.35 0.3 -0.2508392203 0.3691238517 0.4419851772 0 0 0.8608794632 0.5088089522
box 0.35 0.02 0.35 -0.113002411 0.8445194912 0.5419851772 0 0 0.8608794632 0.5088089522
box 0.35 0.02 0.35 -0.7262348598 0.506960661 0.5419851772 0 0 0.8608794632 0.5088089522
cyl 0.03 0.07 -0.56237413 0.5971591434 0.2919851772 0 0 0.8608794632 0.5088089522
end
problem box 23
start 1.57 -1.5707 0 -1.5707 -1.57 3.14
goal -0.9279602789 -0.621676615 1.395960871 -2.34015308 -1.569972062 -0.2627067234
box 0.35 0.35 0.02 0.4712027586 0.554461453 0.2522642205 0 0 0.4406655512 0.8976713608
box 0.02 0.35 0.35 0.685272469 0.8313624445 0.6122642205 0 0 0.4406655512 0.8976713608
box 0.35 0.35 0.02 0.532365533 0.633576022 1.16226422 -0.1687356796 0.3437282237 0.4070803341 0.8292555579
box 0.02 0.35 0.3 0.2571330482 0.2775604615 0.5122642205 0 0 0.4406655512 0.8976713608
box 0.35 0.02 0.35 0.7481037501 0.3403917426 0.6122642205 0 0 0.4406655512 0.8976713608
box 0.35 0.02 0.35 0.1943017671 0.7685311634 0.6122642205 0 0 0.4406655512 0.8976713608
cyl 0.03 0.07 0.5474601091 0.495507569 0.3622642205 0 0 0.4406655512 0.8976713608
end
problem box 24
start 1.57 -1.5707 0 -1.5707 -1.57 3.14
goal -0.1997118163 -0.07152208106 0.3423181127 -1.836401936 -1.576428834 -0.3886786646
box 0.35 0.35 0.02 -0.06524134653 0.8675112427 0.2028702947 0 0 0.7729078293 0.6345183113
box 0.02 0.35 0.35 -0.1334119054 1.210808162 0.5628702947 0 0 0.7729078293 0.6345183113
box 0.35 0.35 0.02 -0.08471864906 0.9655960769 1.112870295 -0.2959548971 0.2429640306 0.7140008484 0.5861586536
box 0.02 0.35 0.3 0.002929212328 0.5242143233 0.4628702947 0 0 0.7729078293 0.6345183113
box 0.35 0.02 0.35 0.2780555729 0.9356818016 0.5628702947 0 0 0.7729078293 0.6345183113
box 0.35 0.02 0.35 -0.408538266 0.7993406839 0.5628702947 0 0 0.7729078293 0.6345183113
cyl 0.03 0.07 0.1165380655 0.903608287 0.3128702947 0 0 0.7729078293 0.6345183113
end
problem box 25
start 1.57 -1.5707 0 -1.5707 -1.57 3.14
goal -0.5808394814 -0.3478003006 0.8478987641 -2.07489992 -1.566887593 -0.2279037213
box 0.35 0.35 0.02 0.3035086822 0.7896625505 0.2344162089 0 0 0.5751346039 0.8180587921
box 0.02 0.35 0.35 0.4219628134 1.119008294 0.5944162089 0 0 0.5751346039 0.8180587921
box 0.35 0.35 0.02 0.3373527197 0.8837613344 1.144416209 -0.2202253569 0.3132436967 0.5313008609 0.7557106416
box 0.02 0.35 0.3 0.185054551 0.4603168069 0.4944162089 0 0 0.5751346039 0.8180587921
box 0.35 0.02 0.35 0.6328544258 0.6712084193 0.5944162089 0 0 0.5751346039 0.8180587921
box 0.35 0.02 0.35 -0.02583706137 0.9081166817 0.5944162089 0 0 0.5751346039 0.8180587921
cyl 0.03 0.07 0.4164029332 0.7490584417 0.3444162089 0 0 0.5751346039 0.8180587921
end
problem box 26
start 1.57 -1.5707 0 -1.5707 -1.57 3.14
goal 0.06915410716 -0.1790972288 0.4552625776 -1.840851241 -1.579639007 -0.1573851082
box 0.35 0.35 0.02 -0.1928715903 0.8786940888 0.2485491107 0 0 0.781228689 0.6242449323
box 0.02 0.35 0.35 -0.2700943755 1.220068724 0.6085491107 0 0 0.781228689 0.6242449323
box 0.35 0.35 0.02 -0.2149352432 0.9762296988 1.158549111 -0.2991410457 0.239030241 0.7216875358 0.5766682576
box 0.02 0.35 0.3 -0.1156488051 0.5373194537 0.5085491107 0 0 0.781228689 0.6242449323
box 0.35 0.02 0.35 0.1485030447 0.9559168739 0.6085491107 0 0 0.781228689 0.6242449323
box 0.35 0.02 0.35 -0.5342462253 0.8014713036 0.6085491107 0 0 0.781228689 0.6242449323
cyl 0.03 0.07 -0.1226639516 0.8945758469 0.3585491107 0 0 0.781228689 0.6242449323
end
problem box 27
start 1.57 -1.5707 0 -1.5707 -1.57 3.14
goal -0.7470399916 -0.40772518 1.149270236 -2.302625781 -1.56602603 -0.09356515766
box 0.35 0.35 0.02 0.4550405679 0.6352986253 0.1782750209 0 0 0.4383027687 0.8988273933
box 0.02 0.35 0.35 0.670564046 0.9110695999 0.5382750209 0 0 0.4383027687 0.8988273933
box 0.35 0.35 0.02 0.5166187045 0.7140903323 1.088275021 -0.1678309443 0.3441708812 0.4048976305 0.8303234836
box 0.02 0.35 0.3 0.2395170899 0.3595276508 0.4382750209 0 0 0.4383027687 0.8988273933
box 0.35 0.02 0.35 0.7308115425 0.4197751472 0.5382750209 0 0 0.4383027687 0.8988273933
box 0.35 0.02 0.35 0.1792695934 0.8508221034 0.5382750209 0 0 0.4383027687 0.8988273933
cyl 0.03 0.07 0.4828833123 0.6135386663 0.2882750209 0 0 0.4383027687 0.8988273933
end
problem box 28
start 1.57 -1.5707 0 -1.5707 -1.57 3.14
goal 0.5709404145 -0.4175763118 1.178191574 -2.329680964 -1.564715459 0.04647186642
box 0.35 0.35 0.02 -0.411916922 0.6344416917 0.1750195995 0 0 0.8667546077 0.4987348495
box 0.02 0.35 0.35 -0.5878014069 0.9370382019 0.5350195995 0 0 0.8667546077 0.4987348495
box 0.35 0.35 0.02 -0.462169632 0.7208978375 1.0850196 -0.3318898593 0.1909710517 0.8006951175 0.4607238951
box 0.02 0.35 0.3 -0.2360324371 0.3318451815 0.4350195995 0 0 0.8667546077 0.4987348495
box 0.35 0.02 0.35 -0.1093204118 0.8103261766 0.5350195995 0 0 0.8667546077 0.4987348495
box 0.35 0.02 0.35 -0.7145134322 0.4585572068 0.5350195995 0 0 0.8667546077 0.4987348495
cyl 0.03 0.07 -0.4626761285 0.6049378587 0.2850195995 0 0 0.8667546077 0.4987348495
end
problem box 29
start 1.57 -1.5707 0 -1.5707 -1.57 3.14
goal 0.7807408527 -0.3890168804 0.70484903 -1.894159918 -1.572984261 0.1268583592
box 0.35 0.35 0.02 -0.4960537669 0.676571345 0.3182128147 0 0 0.896033874 0.4439856941
box 0.02 0.35 0.35 -0.7080674592 0.9550497001 0.6782128147 0 0 0.896033874 0.4439856941
box 0.35 0.35 0.02 -0.5566291075 0.7561365893 1.228212815 -0.343101212 0.1700069988 0.8277428718 0.4101474332
box 0.02 0.35 0.3 -0.2840400745 0.39809299 0.5782128147 0 0 0.896033874 0.4439856941
box 0.35 0.02 0.35 -0.2175754118 0.8885850374 0.6782128147 0 0 0.896033874 0.4439856941
box 0.35 0.02 0.35 -0.7745321219 0.4645576526 0.6782128147 0 0 0.896033874 0.4439856941
cyl 0.03 0.07 -0.6447788195 0.5633426255 0.4282128147 0 0 0.896033874 0.4439856941
end
problem box 30
start 1.57 -1.5707 0 -1.5707 -1.57 3.14
goal -0.3951313954 -0.4921911433 0.8816632082 -1.958388879 -1.574705351 -0.06353072192
box 0.35 0.35 0.02 0.1580123533 0.8326360602 0.3318028245 0 0 0.5829387609 0.8125160928
box 0.02 0.35 0.35 0.270140034 1.164189047 0.6918028245 0 0 0.5829387609 0.8125160928
box 0.35 0.35 0.02 0.1900488335 0.927365485 1.241802825 -0.2232136543 0.3111213362 0.538510226 0.7505903777
box 0.02 0.35 0.3 0.04588467254 0.5010830731 0.5918028245 0 0 0.5829387609 0.8125160928
box 0.35 0.02 0.35 0.4895653403 0.7205083794 0.6918028245 0 0 0.5829387609 0.8125160928
box 0.35 0.02 0.35 -0.1735406338 0.9447637409 0.6918028245 0 0 0.5829387609 0.8125160928
cyl 0.03 0.07 0.2622339281 0.7973894362 0.4418028245 0 0 0.5829387609 0.8125160928
end
problem box 31
start 1.57 -1.5707 0 -1.5707 -1.57 3.14
goal 0.06353146691 -0.5553341551 1.103106191 -2.110286182 -1.567957842 -0.1767149625
box 0.35 0.35 0.02 -0.2456305305 0.7629168735 0.2993033477 0 0 0.7871824347 0.6167202077
box 0.02 0.35 0.35 -0.3293898604 1.102746794 0.6593033477 0 0 0.7871824347 0.6167202077
box 0.35 0.35 0.02 -0.2695617676 0.8600111364 1.209303348 -0.3014208003 0.2361489413 0.7271875182 0.5697170281
box 0.02 0.35 0.3 -0.1618712007 0.4230869533 0.5593033477 0 0 0.7871824347 0.6167202077
box 0.35 0.02 0.35 0.09419938967 0.8466762033 0.6593033477 0 0 0.7871824347 0.6167202077
box 0.35 0.02 0.35 -0.5854604507 0.6791575437 0.6593033477 0 0 0.7871824347 0.6167202077
cyl 0.03 0.07 -0.1163358054 0.7947846959 0.4093033477 0 0 0.7871824347 0.6167202077
end
problem box 32
start 1.57 -1.5707 0 -1.5707 -1.57 3.14
goal 1.096042115 -0.3436670462 0.9373342025 -2.171511739 -1.568127616 -0.3251414612
box 0.35 0.35 0.02 -0.8048092942 0.1321023855 0.200117844 0 0 0.9968462548 0.07935706833
box 0.02 0.35 0.35 -1.150401013 0.1874771429 0.560117844 0 0 0.9968462548 0.07935706833
box 0.35 0.35 0.02 -0.9035497854 0.1479237447 1.110117844 -0.3817033799 0.03038669309 0.9208718616 0.0733088888
box 0.02 0.35 0.3 -0.4592175752 0.076727628 0.460117844 0 0 0.9968462548 0.07935706833
box 0.35 0.02 0.35 -0.7494345368 0.4776941044 0.560117844 0 0 0.9968462548 0.07935706833
box 0.35 0.02 0.35 -0.8601840517 -0.2134893335 0.560117844 0 0 0.9968462548 0.07935706833
cyl 0.03 0.07 -0.7749405339 0.3185121629 0.310117844 0 0 0.9968462548 0.07935706833
end
problem box 33
start 1.57 -1.5707 0 -1.5707 -1.57 3.14
goal 0.1929268763 -0.4961066316 0.9156001019 -1.987505585 -1.577863622 -0.2942248875
box 0.35 0.35 0.02 -0.3027985071 0.7672722633 0.3224091921 0 0 0.8574000761 0.5146504731
box 0.02 0.35 0.35 -0.4673929305 1.076155212 0.6824091921 0 0 0.8574000761 0.5146504731
box 0.35 0.35 0.02 -0.3498254852 0.8555245343 1.232409192 -0.3283079064 0.1970653188 0.7920535393 0.4754265134
box 0.02 0.35 0.3 -0.1382040838 0.4583893149 0.5824091921 0 0 0.8574000761 0.5146504731
box 0.35 0.02 0.35 0.006084441257 0.9318666867 0.6824091921 0 0 0.8574000761 0.5146504731
box 0.35 0.02 0.35 -0.6116814555 0.6026778399 0.6824091921 0 0 0.8574000761 0.5146504731
cyl 0.03 0.07 -0.224627293 0.8089273497 0.4324091921 0 0 0.8574000761 0.5146504731
end
problem box 34
start 1.57 -1.5707 0 -1.5707 -1.57 3.14
goal 0.560342359 -0.4789633303 0.9455599189 -2.033644962 -1.582597828 -0.340767701
box 0.35 0.35 0.02 -0.6167286554 0.5221529089 0.2939610662 0 0 0.9455438996 0.3254945989
box 0.02 0.35 0.35 -0.8925659417 0.7375915115 0.6539610662 0 0 0.9455438996 0.3254945989
box 0.35 0.35 0.02 -0.6955393086 0.5837067954 1.203961066 -0.3620591446 0.124635457 0.8734795029 0.3006871078
box 0.02 0.35 0.3 -0.3408913692 0.3067143062 0.5539610662 0 0 0.9455438996 0.3254945989
box 0.35 0.02 0.35 -0.4012900528 0.7979901951 0.6539610662 0 0 0.9455438996 0.3254945989
box 0.35 0.02 0.35 -0.8321672581 0.2463156226 0.6539610662 0 0 0.9455438996 0.3254945989
cyl 0.03 0.07 -0.500295236 0.6712286922 0.4039610662 0 0 0.9455438996 0.3254945989
end
problem box 35
start 1.57 -1.5707 0 -1.5707 -1.57 3.14
goal 0.0838659892 -0.3916866952 0.8053462324 -1.992626643 -1.574807974 -0.1228075907
box 0.35 0.35 0.02 -0.127259935 0.846477899 0.2852823854 0 0 0.7771467398 0.6293194298
box 0.02 0.35 0.35 -0.2000298737 1.188829379 0.6452823854 0 0 0.7771467398 0.6293194298
box 0.35 0.35 0.02 -0.1480513461 0.9442926076 1.195282385 -0.2975780225 0.2409733218 0.7179166914 0.5813560036
box 0.02 0.35 0.3 -0.05448999636 0.5041264187 0.5452823854 0 0 0.7771467398 0.6293194298
box 0.35 0.02 0.35 0.2150915452 0.9192478377 0.6452823854 0 0 0.7771467398 0.6293194298
box 0.35 0.02 0.35 -0.4696114153 0.7737079603 0.6452823854 0 0 0.7771467398 0.6293194298
cyl 0.03 0.07 -0.1373076972 0.8443421552 0.3952823854 0 0 0.7771467398 0.6293194298
end
problem box 36
start 1.57 -1.5707 0 -1.5707 -1.57 3.14
goal -0.757392658 -0.6613161855 1.392018646 -2.309912597 -1.577699163 -0.1209967007
box 0.35 0.35 0.02 0.4461545238 0.5767805444 0.2734442698 0 0 0.4472949321 0.8943865181
box 0.02 0.35 0.35 0.6561035944 0.8568187342 0.6334442698 0 0 0.4472949321 0.8943865181
box 0.35 0.35 0.02 0.5061399726 0.6567914558 1.18344427 -0.1712741424 0.3424704213 0.4132044584 0.8262210686
box 0.02 0.35 0.3 0.2362054532 0.2967423546 0.5334442698 0 0 0.4472949321 0.8943865181
box 0.35 0.02 0.35 0.7261927136 0.3668314738 0.6334442698 0 0 0.4472949321 0.8943865181
box 0.35 0.02 0.35 0.166116334 0.786729615 0.6334442698 0 0 0.4472949321 0.8943865181
cyl 0.03 0.07 0.4537283875 0.5711022988 0.3834442698 0 0 0.4472949321 0.8943865181
end
problem box 37
start 1.57 -1.5707 0 -1.5707 -1.57 3.14
goal -0.9668701939 -0.4112842531 1.229839452 -2.381922422 -1.569705719 0.06042015537
box 0.35 0.35 0.02 0.6459130877 0.3714402251 0.1552043459 0 0 0.2676059947 0.963528428
box 0.02 0.35 0.35 0.9457840098 0.5519324134 0.5152043459 0 0 0.2676059947 0.963528428
box 0.35 0.35 0.02 0.731590494 0.4230094217 1.065204346 -0.1024692746 0.368945618 0.2472104693 0.8900933448
box 0.02 0.35 0.3 0.3460421656 0.1909480367 0.4152043459 0 0 0.2676059947 0.963528428
box 0.35 0.02 0.35 0.8264052761 0.07156930294 0.5152043459 0 0 0.2676059947 0.963528428
box 0.35 0.02 0.35 0.4654208993 0.6713111472 0.5152043459 0 0 0.2676059947 0.963528428
cyl 0.03 0.07 0.5832441893 0.4755587497 0.2652043459 0 0 0.2676059947 0.963528428
end
problem box 38
start 1.57 -1.5707 0 -1.5707 -1.57 3.14
goal -1.531528179 -0.6103090461 1.295976743 -2.252176156 -1.579846842 -0.2869843934
box 0.35 0.35 0.02 0.7237300402 0.1889077522 0.2662270354 0 0 0.159987409 0.9871190551
box 0.02 0.35 0.35 1.055812861 0.2994563862 0.6262270354 0 0 0.159987409 0.9871190551
box 0.35 0.35 0.02 0.818610846 0.2204930762 1.176227035 -0.06126093613 0.3779787283 0.1477940078 0.9118860181
box 0.02 0.35 0.3 0.39164722 0.0783591182 0.5262270354 0 0 0.159987409 0.9871190551
box 0.35 0.02 0.35 0.8342786742 -0.1431750681 0.6262270354 0 0 0.159987409 0.9871190551
box 0.35 0.02 0.35 0.6131814062 0.5209905725 0.6262270354 0 0 0.159987409 0.9871190551
cyl 0.03 0.07 0.754894784 0.09529034926 0.3762270354 0 0 0.159987409 0.9871190551
end
problem box 39
start 1.57 -1.5707 0 -1.5707 -1.57 3.14
goal 1.078044103 -0.5326764513 0.8870344765 -1.928235221 -1.561807647 -0.3701910857
box 0.35 0.35 0.02 -0.7979307181 0.1602136041 0.3540082152 0 0 0.9979093126 0.06462974373
box 0.02 0.35 0.35 -1.145006816 0.2053598403 0.7140082152 0 0 0.9979093126 0.06462974373
box 0.35 0.35 0.02 -0.8970953174 0.1731125287 1.264008215 -0.3821104364 0.02474743874 0.9218538987 0.05970400364
box 0.02 0.35 0.3 -0.4508546208 0.1150673679 0.6140082152 0 0 0.9979093126 0.06462974373
box 0.35 0.02 0.35 -0.7527844819 0.5072897015 0.7140082152 0 0 0.9979093126 0.06462974373
box 0.35 0.02 0.35 -0.8430769544 -0.1868624933 0.7140082152 0 0 0.9979093126 0.06462974373
cyl 0.03 0.07 -0.7745589413 0.3398915967 0.4640082152 0 0 0.9979093126 0.06462974373
end
problem box 40
start 1.57 -1.5707 0 -1.5707 -1.57 3.14
goal -0.06148839689 -0.2058879511 0.7614937813 -2.124621252 -1.574632065 -0.05958382278
box 0.35 0.35 0.02 0.07800162201 0.84420903 0.1584336296 0 0 0.7049405355 0.7092664108
box 0.02 0.35 0.35 0.080142811 1.19420248 0.5184336296 0 0 0.7049405355 0.7092664108
box 0.35 0.35 0.02 0.0786133903 0.9442071587 1.06843363 -0.2699294738 0.2715858989 0.6512136652 0.6552098449
box 0.02 0.35 0.3 0.07586043302 0.4942155796 0.4184336296 0 0 0.7049405355 0.7092664108
box 0.35 0.02 0.35 0.4279950724 0.842067841 0.5184336296 0 0 0.7049405355 0.7092664108
box 0.35 0.02 0.35 -0.2719918284 0.846350219 0.5184336296 0 0 0.7049405355 0.7092664108
cyl 0.03 0.07 -0.007973221499 0.8447350067 0.2684336296 0 0 0.7049405355 0.7092664108
end
problem box 41
start 1.57 -1.5707 0 -1.5707 -1.57 3.14
goal 0.0815912167 -0.4454644615 0.9679600481 -2.087698727 -1.571956365 -0.3645416396
box 0.35 0.35 0.02 -0.2819378332 0.7588501398 0.2618861775 0 0 0.8436182375 0.5369434508
box 0.02 0.35 0.35 -0.4301220446 1.075932841 0.6218861775 0 0 0.8436182375 0.5369434508
box 0.35 0.35 0.02 -0.3242761793 0.8494451974 1.171886178 -0.323030689 0.2056015449 0.7793220801 0.4960204372
box 0.02 0.35 0.3 -0.1337536217 0.4417674385 0.5218861775 0 0 0.8436182375 0.5369434508
box 0.35 0.02 0.35 0.03514486818 0.9070343513 0.6218861775 0 0 0.8436182375 0.5369434508
box 0.35 0.02 0.35 -0.5990205345 0.6106659284 0.6218861775 0 0 0.8436182375 0.5369434508
cyl 0.03 0.07 -0.1377141534 0.8262510803 0.3718861775 0 0 0.8436182375 0.5369434508
end
problem box 42
start 1.57 -1.5707 0 -1.5707 -1.57 3.14
goal -0.7273715655 -0.5999692237 1.069835241 -2.035494374 -1.563086695 -0.413691212
box 0.35 0.35 0.02 0.3477952307 0.6998674588 0.3345572328 0 0 0.5843256995 0.81151924
box 0.02 0.35 0.35 0.4587896645 1.031801542 0.6945572328 0 0 0.5843256995 0.81151924
box 0.35 0.35 0.02 0.3795079261 0.7947057683 1.244557233 -0.2237447283 0.3107396304 0.5397914594 0.7496694999
box 0.02 0.35 0.3 0.2368007969 0.3679333755 0.5945572328 0 0 0.5843256995 0.81151924
box 0.35 0.02 0.35 0.679729314 0.5888730249 0.6945572328 0 0 0.5843256995 0.81151924
box 0.35 0.02 0.35 0.0158611474 0.8108618926 0.6945572328 0 0 0.5843256995 0.81151924
cyl 0.03 0.07 0.4940037161 0.6509772457 0.4445572328 0 0 0.5843256995 0.81151924
end
problem box 43
start 1.57 -1.5707 0 -1.5707 -1.57 3.14
goal -1.147019669 -0.6566045588 1.240185559 -2.15569336 -1.572332826 -0.09910924093
box 0.35 0.35 0.02 0.6204115221 0.4651274758 0.3188461002 0 0 0.2546536584 0.9670323233
box 0.02 0.35 0.35 0.9250175821 0.637508299 0.6788461002 0 0 0.2546536584 0.9670323233
box 0.35 0.35 0.02 0.707441825 0.5143791396 1.2288461 -0.09750968279 0.370287298 0.2352452922 0.8933301916
box 0.02 0.35 0.3 0.3158054622 0.2927466526 0.5788461002 0 0 0.2546536584 0.9670323233
box 0.35 0.02 0.35 0.7927923454 0.1605214158 0.6788461002 0 0 0.2546536584 0.9670323233
box 0.35 0.02 0.35 0.4480306989 0.7697335358 0.6788461002 0 0 0.2546536584 0.9670323233
cyl 0.03 0.07 0.6713197274 0.3751699763 0.4288461002 0 0 0.2546536584 0.9670323233
end
problem box 44
start 1.57 -1.5707 0 -1.5707 -1.57 3.14
goal -0.5907089789 -0.542186404 1.136077398 -2.166408178 -1.565913723 0.02609712247
box 0.35 0.35 0.02 0.447192525 0.6390009995 0.2792587273 0 0 0.4555081362 0.8902316203
box 0.02 0.35 0.35 0.6519511615 0.9228564218 0.6392587273 0 0 0.4555081362 0.8902316203
box 0.35 0.35 0.02 0.5056949925 0.7201025488 1.189258727 -0.1744190684 0.3408794653 0.4207916951 0.8223828354
box 0.02 0.35 0.3 0.2424338885 0.3551455772 0.5392587273 0 0 0.4555081362 0.8902316203
box 0.35 0.02 0.35 0.7310479473 0.434242363 0.6392587273 0 0 0.4555081362 0.8902316203
box 0.35 0.02 0.35 0.1633371026 0.843759636 0.6392587273 0 0 0.4555081362 0.8902316203
cyl 0.03 0.07 0.3816011321 0.6863152416 0.3892587273 0 0 0.4555081362 0.8902316203
end
problem box 45
start 1.57 -1.5707 0 -1.5707 -1.57 3.14
goal 1.274706618 -0.06892986926 0.2997323637 -1.796648514 -1.579066654 -0.2247561311
box 0.35 0.35 0.02 -0.8961585721 0.1555225105 0.2107046284 0 0 0.9993850841 0.03506356563
box 0.02 0.35 0.35 -1.245297955 0.1800519137 0.5707046284 0 0 0.9993850841 0.03506356563
box 0.35 0.35 0.02 -0.9959126814 0.1625309114 1.120704628 -0.3826755255 0.0134262244 0.9232171947 0.03239120457
box 0.02 0.35 0.3 -0.5470191896 0.1309931074 0.4707046284 0 0 0.9993850841 0.03506356563
box 0.35 0.02 0.35 -0.871629169 0.504661893 0.5707046284 0 0 0.9993850841 0.03506356563
box 0.35 0.02 0.35 -0.9206879752 -0.1936168719 0.5707046284 0 0 0.9993850841 0.03506356563
cyl 0.03 0.07 -0.893017053 0.200237339 0.3207046284 0 0 0.9993850841 0.03506356563
end
problem box 46
start 1.57 -1.5707 0 -1.5707 -1.57 3.14
goal 0.8280666632 -0.3427267569 1.040664441 -2.274103168 -1.563950457 -0.3068329549
box 0.35 0.35 0.02 -0.6941900851 0.385730314 0.1706493973 0 0 0.9754318415 0.2203014356
box 0.02 0.35 0.35 -1.010217179 0.5361526385 0.5306493973 0 0 0.9754318415 0.2203014356
box 0.35 0.35 0.02 -0.7844835406 0.428708121 1.080649397 -0.3735035658 0.08435583937 0.9010895426 0.2035112156
box 0.02 0.35 0.3 -0.3781629908 0.2353079895 0.4306493973 0 0 0.9754318415 0.2203014356
box 0.35 0.02 0.35 -0.5437677606 0.7017574082 0.5306493973 0 0 0.9754318415 0.2203014356
box 0.35 0.02 0.35 -0.8446124096 0.06970321974 0.5306493973 0 0 0.9754318415 0.2203014356
cyl 0.03 0.07 -0.6415285127 0.4963687032 0.2806493973 0 0 0.9754318415 0.2203014356
end
problem box 47
start 1.57 -1.5707 0 -1.5707 -1.57 3.14
goal 1.179117606 -0.4451038962 0.7615528502 -1.890080454 -1.562183244 0.06709441972
box 0.35 0.35 0.02 -0.7993001047 0.2728380945 0.3422156801 0 0 0.9745134841 0.2243289313
box 0.02 0.35 0.35 -1.114073676 0.4258661923 0.7022156801 0 0 0.9745134841 0.2243289313
box 0.35 0.35 0.02 -0.8892354108 0.3165604081 1.25221568 -0.3731519167 0.08589801171 0.9002411775 0.2072317567
box 0.02 0.35 0.3 -0.4845265333 0.1198099966 0.6022156801 0 0 0.9745134841 0.2243289313
box 0.35 0.02 0.35 -0.6462720068 0.5876116659 0.7022156801 0 0 0.9745134841 0.2243289313
box 0.35 0.02 0.35 -0.9523282026 -0.04193547696 0.7022156801 0 0 0.9745134841 0.2243289313
cyl 0.03 0.07 -0.8040304995 0.263107834 0.4522156801 0 0 0.9745134841 0.2243289313
end
problem box 48
start 1.57 -1.5707 0 -1.5707 -1.57 3.14
goal 1.41543496 -0.3409689289 0.8528419045 -2.091320068 -1.566989565 0.07017216414
box 0.35 0.35 0.02 -0.7970352551 0.2360714981 0.2270208771 0 0 0.9934053763 0.114654953
box 0.02 0.35 0.35 -1.137833224 0.3158006908 0.5870208771 0 0 0.9934053763 0.114654953
box 0.35 0.35 0.02 -0.8944061034 0.2588512674 1.137020877 -0.3803858297 0.04390264081 0.9176932289 0.1059165538
box 0.02 0.35 0.3 -0.4562372859 0.1563423054 0.4870208771 0 0 0.9934053763 0.114654953
box 0.35 0.02 0.35 -0.7173060624 0.5768694673 0.5870208771 0 0 0.9934053763 0.114654953
box 0.35 0.02 0.35 -0.8767644478 -0.1047264712 0.5870208771 0 0 0.9934053763 0.114654953
cyl 0.03 0.07 -0.8361825939 0.06873839043 0.3370208771 0 0 0.9934053763 0.114654953
end
problem box 49
start 1.57 -1.5707 0 -1.5707 -1.57 3.14
goal -0.1276707476 -0.645323661 1.174354449 -2.101787305 -1.571965777 -0.002005690457
box 0.35 0.35 0.02 0.00326127175 0.7755502542 0.3346860713 0 0 0.6605006734 0.7508254527
box 0.02 0.35 0.35 0.04787847405 1.122694756 0.6946860713 0 0 0.6605006734 0.7508254527
box 0.35 0.35 0.02 0.01600904384 0.8747343976 1.244686071 -0.2529129625 0.2874993126 0.6101607763 0.6936014747
box 0.02 0.35 0.3 -0.04135593055 0.4284057522 0.5946860713 0 0 0.6605006734 0.7508254527
box 0.35 0.02 0.35 0.3504057737 0.7309330519 0.6946860713 0 0 0.6605006734 0.7508254527
box 0.35 0.02 0.35 -0.3438832302 0.8201674565 0.6946860713 0 0 0.6605006734 0.7508254527
cyl 0.03 0.07 0.033814385 0.7716233753 0.4446860713 0 0 0.6605006734 0.7508254527
end
problem box 50
start 1.57 -1.5707 0 -1.5707 -1.57 3.14
goal -1.757862915 -0.6991581392 1.374807926 -2.236794347 -1.568799219 -0.4259437242
box 0.35 0.35 0.02 0.7090126618 0.08675204233 0.3042515849 0 0 0.1162437238 0.993220719
box 0.02 0.35 0.35 1.049553839 0.1675710148 0.6642515849 0 0 0.1162437238 0.993220719
box 0.35 0.35 0.02 0.8063101411 0.1098431773 1.214251585 -0.04451099863 0.3803151224 0.1073842369 0.9175226451
box 0.02 0.35 0.3 0.3684714841 0.005933069846 0.5642515849 0 0 0.1162437238 0.993220719
box 0.35 0.02 0.35 0.7898316343 -0.2537891353 0.6642515849 0 0 0.1162437238 0.993220719
box 0.35 0.02 0.35 0.6281936893 0.42729322 0.6642515849 0 0 0.1162437238 0.993220719
cyl 0.03 0.07 0.7468541972 -0.07269815411 0.4142515849 0 0 0.1162437238 0.993220719
end
problem box 51
start 1.57 -1.5707 0 -1.5707 -1.57 3.14
goal 1.469889792 -0.7176718997 1.457622658 -2.310854525 -1.572453545 -0.01510267841
box 0.35 0.35 0.02 -0.7061001473 0.03391305931 0.2918118285 0 0 0.9991910994 0.04021376498
box 0.02 0.35 0.35 -1.054968144 0.06203992454 0.6518118285 0 0 0.9991910994 0.04021376498
box 0.35 0.35 0.02 -0.8057767179 0.04194930652 1.201811829 -0.3826012466 0.0153982923 0.9230379944 0.03714888273
box 0.02 0.35 0.3 -0.3572321501 0.005786194083 0.5518118285 0 0 0.9991910994 0.04021376498
box 0.35 0.02 0.35 -0.6779732821 0.3827810565 0.6518118285 0 0 0.9991910994 0.04021376498
box 0.35 0.02 0.35 -0.7342270125 -0.3149549379 0.6518118285 0 0 0.9991910994 0.04021376498
cyl 0.03 0.07 -0.7081993267 0.007876153984 0.4018118285 0 0 0.9991910994 0.04021376498
end
problem box 52
start 1.57 -1.5707 0 -1.5707 -1.57 3.14
goal -1.246560987 -0.4603958102 1.17462751 -2.283129177 -1.572161013 0.1260920178
box 0.35 0.35 0.02 0.7166001229 0.2504606784 0.2117104805 0 0 0.09533919443 0.9954448443
box 0.02 0.35 0.35 1.060237429 0.316894115 0.5717104805 0 0 0.09533919443 0.9954448443
box 0.35 0.35 0.02 0.8147822105 0.2694416603 1.121710481 -0.03650642471 0.3811667644 0.08807294108 0.9195772593
box 0.02 0.35 0.3 0.3729628163 0.1840272417 0.4717104805 0 0 0.09533919443 0.9954448443
box 0.35 0.02 0.35 0.7830335595 -0.09317662825 0.5717104805 0 0 0.09533919443 0.9954448443
box 0.35 0.02 0.35 0.6501666862 0.594097985 0.5717104805 0 0 0.09533919443 0.9954448443
cyl 0.03 0.07 0.7071075029 0.299562735 0.3217104805 0 0 0.09533919443 0.9954448443
end
problem box 53
start 1.57 -1.5707 0 -1.5707 -1.57 3.14
goal -0.3592790786 -0.6439395141 1.350283257 -2.286662787 -1.568155703 -0.1870996781
box 0.35 0.35 0.02 0.04287064214 0.7464434397 0.2825343415 0 0 0.6419405629 0.7667544025
box 0.02 0.35 0.35 0.1044092618 1.090990967 0.6425343415 0 0 0.6419405629 0.7667544025
box 0.35 0.35 0.02 0.06045310489 0.8448855902 1.192534342 -0.2458060923 0.2935986824 0.5930152201 0.7083164035
box 0.02 0.35 0.3 -0.01866797749 0.4018959128 0.5425343415 0 0 0.6419405629 0.7667544025
box 0.35 0.02 0.35 0.387418169 0.68490482 0.6425343415 0 0 0.6419405629 0.7667544025
box 0.35 0.02 0.35 -0.3016768848 0.8079820593 0.6425343415 0 0 0.6419405629 0.7667544025
cyl 0.03 0.07 0.201933098 0.7180337626 0.3925343415 0 0 0.6419405629 0.7667544025
end
problem box 54
start 1.57 -1.5707 0 -1.5707 -1.57 3.14
goal -1.089971554 -0.5108452347 0.9872401385 -2.036694727 -1.564465245 -0.2235031618
box 0.35 0.35 0.02 0.6689939973 0.4716290402 0.2989415815 0 0 0.3408847267 0.9401051022
box 0.02 0.35 0.35 0.9376523195 0.6959562698 0.6589415815 0 0 0.3408847267 0.9401051022
box 0.35 0.35 0.02 0.7457535179 0.5357225344 1.208941581 -0.130528506 0.3599765693 0.3149042807 0.868455222
box 0.02 0.35 0.3 0.4003356751 0.2473018107 0.5589415815 0 0 0.3408847267 0.9401051022
box 0.35 0.02 0.35 0.8933212268 0.202970718 0.6589415815 0 0 0.3408847267 0.9401051022
box 0.35 0.02 0.35 0.4446667677 0.7402873624 0.6589415815 0 0 0.3408847267 0.9401051022
cyl 0.03 0.07 0.6998981407 0.4346176826 0.4089415815 0 0 0.3408847267 0.9401051022
end
problem box 55
start 1.57 -1.5707 0 -1.5707 -1.57 3.14
goal 1.28087892 -0.3923452733 0.9487332574 -2.135397129 -1.573185297 0.02052886714
box 0.35 0.35 0.02 -0.7868806303 0.2363661533 0.2316669722 0 0 0.9880779864 0.1539541905
box 0.02 0.35 0.35 -1.120289305 0.3428492759 0.5916669722 0 0 0.9880779864 0.1539541905
box 0.35 0.35 0.02 -0.8821402518 0.2667899026 1.141666972 -0.3783459136 0.0589507505 0.9127718647 0.1422206096
box 0.02 0.35 0.3 -0.4534719553 0.1298830308 0.4916669722 0 0 0.9880779864 0.1539541905
box 0.35 0.02 0.35 -0.6803975078 0.5697748284 0.5916669722 0 0 0.9880779864 0.1539541905
box 0.35 0.02 0.35 -0.8933637529 -0.09704252173 0.5916669722 0 0 0.9880779864 0.1539541905
cyl 0.03 0.07 -0.8071744467 0.172824305 0.3416669722 0 0 0.9880779864 0.1539541905
end
problem box 56
start 1.57 -1.5707 0 -1.5707 -1.57 3.14
goal -1.401733115 -0.6107414445 1.289599881 -2.245131094 -1.564426433 0.058061184
box 0.35 0.35 0.02 0.7302675352 0.1053770606 0.2778245039 0 0 0.05268899457 0.9986109702
box 0.02 0.35 0.35 1.078324244 0.1422081262 0.6378245039 0 0 0.05268899457 0.9986109702
box 0.35 0.35 0.02 0.8297123091 0.1159002222 1.187824504 -0.02017519473 0.3823791088 0.04867331575 0.9225020797
box 0.02 0.35 0.3 0.3822108263 0.06854599503 0.5378245039 0 0 0.05268899457 0.9986109702
box 0.35 0.02 0.35 0.7670986008 -0.2426796483 0.6378245039 0 0 0.05268899457 0.9986109702
box 0.35 0.02 0.35 0.6934364696 0.4534337695 0.6378245039 0 0 0.05268899457 0.9986109702
cyl 0.03 0.07 0.7209522574 0.1934072294 0.3878245039 0 0 0.05268899457 0.9986109702
end
problem box 57
start 1.57 -1.5707 0 -1.5707 -1.57 3.14
goal 0.6934577773 -0.5155480098 1.010252777 -2.075739014 -1.571318442 -0.1825036013
box 0.35 0.35 0.02 -0.6635446045 0.4849877654 0.3011315476 0 0 0.9393561483 0.3429431828
box 0.02 0.35 0.35 -0.9312175859 0.7104898165 0.6611315476 0 0 0.9393561483 0.3429431828
box 0.35 0.35 0.02 -0.7400225992 0.5494169228 1.211131548 -0.3596897866 0.1313167114 0.8677633495 0.3168058521
box 0.02 0.35 0.3 -0.3958716231 0.2594857143 0.5611315476 0 0 0.9393561483 0.3429431828
box 0.35 0.02 0.35 -0.4380425534 0.7526607468 0.6611315476 0 0 0.9393561483 0.3429431828
box 0.35 0.02 0.35 -0.8890466556 0.217314784 0.6611315476 0 0 0.9393561483 0.3429431828
cyl 0.03 0.07 -0.5726098422 0.5929281536 0.4111315476 0 0 0.9393561483 0.3429431828
end
problem box 58
start 1.57 -1.5707 0 -1.5707 -1.57 3.14
goal 1.172712273 -0.6225418958 1.165989254 -2.105815497 -1.571269677 -0.1255934126
box 0.35 0.35 0.02 -0.7606225347 0.1902638892 0.3216464356 0 0 0.9900886408 0.14044388
box 0.02 0.35 0.35 -1.096815396 0.2876002124 0.6816464356 0 0 0.9900886408 0.14044388
box 0.35 0.35 0.02 -0.856677638 0.2180742672 1.231646436 -0.3791158152 0.05377750424 0.9146292775 0.1297399841
box 0.02 0.35 0.3 -0.4244296731 0.09292756595 0.5816464356 0 0 0.9900886408 0.14044388
box 0.35 0.02 0.35 -0.6632862115 0.5264567507 0.6816464356 0 0 0.9900886408 0.14044388
box 0.35 0.02 0.35 -0.8579588579 -0.1459289724 0.6816464356 0 0 0.9900886408 0.14044388
cyl 0.03 0.07 -0.7458030935 0.2414492041 0.4316464356 0 0 0.9900886408 0.14044388
end
problem box 59
start 1.57 -1.5707 0 -1.5707 -1.57 3.14
goal 0.2449773411 -0.4888039227 1.035108419 -2.114156139 -1.571674746 -0.1124082861
box 0.35 0.35 0.02 -0.2496892158 0.7762876771 0.2732606081 0 0 0.8222997207 0.5690546278
box 0.02 0.35 0.35 -0.3730129972 1.1038411 0.6332606081 0 0 0.8222997207 0.5690546278
box 0.35 0.35 0.02 -0.2849245819 0.8698743694 1.183260608 -0.3148675948 0.2178972672 0.7596283488 0.5256842687
box 0.02 0.35 0.3 -0.1263654343 0.4487342541 0.5332606081 0 0 0.8222997207 0.5690546278
box 0.35 0.02 0.35 0.07786420725 0.8996114586 0.6332606081 0 0 0.8222997207 0.5690546278
box 0.35 0.02 0.35 -0.5772426388 0.6529638957 0.6332606081 0 0 0.8222997207 0.5690546278
cyl 0.03 0.07 -0.2574126449 0.773379808 0.3832606081 0 0 0.8222997207 0.5690546278
end
problem box 60
start 1.57 -1.5707 0 -1.5707 -1.57 3.14
goal 0.7359576446 -0.3104545013 0.6332091472 -1.894282746 -1.566531003 0.2541707789
box 0.35 0.35 0.02 -0.4612387761 0.683095989 0.2793401748 0 0 0.8561210409 0.516775351
box 0.02 0.35 0.35 -0.6242990417 0.992791565 0.6393401748 0 0 0.8561210409 0.516775351
box 0.35 0.35 0.02 -0.5078274234 0.7715804393 1.189340175 -0.3278181498 0.1978789579 0.7908719854 0.4773894442
box 0.02 0.35 0.3 -0.2981785105 0.3734004131 0.5393401748 0 0 0.8561210409 0.516775351
box 0.35 0.02 0.35 -0.1515432001 0.8461562547 0.6393401748 0 0 0.8561210409 0.516775351
box 0.35 0.02 0.35 -0.7709343521 0.5200357234 0.6393401748 0 0 0.8561210409 0.516775351
cyl 0.03 0.07 -0.6224461526 0.598217419 0.3893401748 0 0 0.8561210409 0.516775351
end
problem box 61
start 1.57 -1.5707 0 -1.5707 -1.57 3.14
goal 0.2936956591 -0.7398958889 1.504000615 -2.341724624 -1.573579094 0.04138510632
box 0.35 0.35 0.02 -0.134016948 0.6757535628 0.2906059115 0 0 0.790100826 0.612976904
box 0.02 0.35 0.35 -0.2209984686 1.014773054 0.6506059115 0 0 0.790100826 0.612976904
box 0.35 0.35 0.02 -0.158868811 0.7726162745 1.200605912 -0.3025382844 0.2347155892 0.729883485 0.5662590194
box 0.02 0.35 0.3 -0.04703542736 0.3367340722 0.5506059115 0 0 0.790100826 0.612976904
box 0.35 0.02 0.35 0.2050025427 0.7627350835 0.6506059115 0 0 0.790100826 0.612976904
box 0.35 0.02 0.35 -0.4730364387 0.5887720422 0.6506059115 0 0 0.790100826 0.612976904
cyl 0.03 0.07 -0.2646553251 0.6422359481 0.4006059115 0 0 0.790100826 0.612976904
end
problem box 62
start 1.57 -1.5707 0 -1.5707 -1.57 3.14
goal -0.3930997344 -0.1234767509 0.4878256122 -1.933684392 -1.571314987 -0.1220474455
box 0.35 0.35 0.02 0.223997733 0.8639653525 0.1879574814 0 0 0.6013851249 0.7989592803
box 0.02 0.35 0.35 0.3208328851 1.200302911 0.5479574814 0 0 0.6013851249 0.7989592803
box 0.35 0.35 0.02 0.2516649193 0.9600617978 1.097957481 -0.2302769697 0.3059302838 0.5555507049 0.7380667944
box 0.02 0.35 0.3 0.1271625809 0.5276277939 0.4479574814 0 0 0.6013851249 0.7989592803
box 0.35 0.02 0.35 0.5603352916 0.7671302004 0.5479574814 0 0 0.6013851249 0.7989592803
box 0.35 0.02 0.35 -0.1123398256 0.9608005046 0.5479574814 0 0 0.6013851249 0.7989592803
cyl 0.03 0.07 0.2765131753 0.8488455994 0.2979574814 0 0 0.6013851249 0.7989592803
end
problem box 63
start 1.57 -1.5707 0 -1.5707 -1.57 3.14
goal -1.260123301 -0.05776396318 0.3906633194 -1.913359347 -1.560581482 -0.02895217365
box 0.35 0.35 0.02 0.8158674412 0.359891766 0.1751942828 0 0 0.1691383879 0.9855923121
box 0.02 0.35 0.35 1.145841985 0.4765828124 0.5351942828 0 0 0.1691383879 0.9855923121
box 0.35 0.35 0.02 0.9101458824 0.393232065 1.085194283 -0.06476494647 0.3773941216 0.1562475471 0.9104756354
box 0.02 0.35 0.3 0.4858928972 0.2432007197 0.4351942828 0 0 0.1691383879 0.9855923121
box 0.35 0.02 0.35 0.9325584876 0.02991722201 0.5351942828 0 0 0.1691383879 0.9855923121
box 0.35 0.02 0.35 0.6991763948 0.68986631 0.5351942828 0 0 0.1691383879 0.9855923121
cyl 0.03 0.07 0.8259804352 0.3312946227 0.2851942828 0 0 0.1691383879 0.9855923121
end
problem box 64
start 1.57 -1.5707 0 -1.5707 -1.57 3.14
goal -1.186376507 -0.1741084739 0.36667032 -1.761512436 -1.564906906 -0.229259898
box 0.35 0.35 0.02 0.7513990933 0.4927641067 0.2751725085 0 0 0.3045893633 0.9524837635
box 0.02 0.35 0.35 1.036456817 0.6958456029 0.6351725085 0 0 0.3045893633 0.9524837635
box 0.35 0.35 0.02 0.8328441572 0.5507873913 1.185172508 -0.1166306127 0.3647164947 0.2813751596 0.8798904467
box 0.02 0.35 0.3 0.4663413694 0.2896826106 0.5351725085 0 0 0.3045893633 0.9524837635
box 0.35 0.02 0.35 0.9544805894 0.2077063829 0.6351725085 0 0 0.3045893633 0.9524837635
box 0.35 0.02 0.35 0.5483175971 0.7778218306 0.6351725085 0 0 0.3045893633 0.9524837635
cyl 0.03 0.07 0.8145175781 0.4041671053 0.3851725085 0 0 0.3045893633 0.9524837635
end
problem box 65
start 1.57 -1.5707 0 -1.5707 -1.57 3.14
goal 1.115676059 -0.222349811 0.5893710559 -1.936065915 -1.564004745 0.1974244557
box 0.35 0.35 0.02 -0.7075968864 0.451661409 0.2300608105 0 0 0.9457350835 0.3249386893
box 0.02 0.35 0.35 -0.9836872801 0.666775552 0.5900608105 0 0 0.9457350835 0.3249386893
box 0.35 0.35 0.02 -0.786479856 0.5131225927 1.140060811 -0.362132351 0.1244225931 0.8736561157 0.3001735667
box 0.02 0.35 0.3 -0.4315064927 0.2365472661 0.4900608105 0 0 0.9457350835 0.3249386893
box 0.35 0.02 0.35 -0.4924827434 0.7277518027 0.5900608105 0 0 0.9457350835 0.3249386893
box 0.35 0.02 0.35 -0.9227110293 0.1755710153 0.5900608105 0 0 0.9457350835 0.3249386893
cyl 0.03 0.07 -0.804705862 0.327025925 0.3400608105 0 0 0.9457350835 0.3249386893
end
problem box 66
start 1.57 -1.5707 0 -1.5707 -1.57 3.14
goal -1.45812254 -0.4259092398 1.037107212 -2.182657519 -1.564208346 0.06140862363
box 0.35 0.35 0.02 0.7891754278 0.09863140282 0.2285071541 0 0 0.02443844366 0.9997013366
box 0.02 0.35 0.35 1.138757362 0.1157332042 0.5885071541 0 0 0.02443844366 0.9997013366
box 0.35 0.35 0.02 0.8890559803 0.1035176318 1.138507154 -0.009357748497 0.3827966221 0.02257587366 0.9235093441
box 0.02 0.35 0.3 0.4395934941 0.08152960146 0.4885071541 0 0 0.02443844366 0.9997013366
box 0.35 0.02 0.35 0.8062772292 -0.2509505309 0.5885071541 0 0 0.02443844366 0.9997013366
box 0.35 0.02 0.35 0.7720736265 0.4482133365 0.5885071541 0 0 0.02443844366 0.9997013366
cyl 0.03 0.07 0.7866614692 0.1500198215 0.3385071541 0 0 0.02443844366 0.9997013366
end
problem box 67
start 1.57 -1.5707 0 -1.5707 -1.57 3.14
goal -0.5615425482 -0.6526410815 1.229220894 -2.15398007 -1.564443528 -0.0542583455
box 0.35 0.35 0.02 0.3904435411 0.660705065 0.3252675565 0 0 0.5026702169 0.8644782548
box 0.02 0.35 0.35 0.5635693982 0.9648882953 0.6852675565 0 0 0.5026702169 0.8644782548
box 0.35 0.35 0.02 0.4399080717 0.7476145594 1.235267556 -0.1924779471 0.3310182188 0.4643593294 0.7985922564
box 0.02 0.35 0.3 0.2173176839 0.3565218347 0.5852675565 0 0 0.5026702169 0.8644782548
box 0.35 0.02 0.35 0.6946267714 0.4875792079 0.6852675565 0 0 0.5026702169 0.8644782548
box 0.35 0.02 0.35 0.08626031081 0.8338309222 0.6852675565 0 0 0.5026702169 0.8644782548
cyl 0.03 0.07 0.3540746552 0.681404413 0.4352675565 0 0 0.5026702169 0.8644782548
end
problem box 68
start 1.57 -1.5707 0 -1.5707 -1.57 3.14
goal -0.3508646668 -0.2303566254 0.7449552507 -2.094139744 -1.567677896 0.01467642165
box 0.35 0.35 0.02 0.3490466765 0.7768491013 0.1833501731 0 0 0.5687755099 0.8224928081
box 0.02 0.35 0.35 0.47259277 1.104318738 0.5433501731 0 0 0.5687755099 0.8224928081
box 0.35 0.35 0.02 0.3843455604 0.8704118546 1.093350173 -0.2177903899 0.3149415301 0.5254264237 0.7598067201
box 0.02 0.35 0.3 0.225500583 0.4493794649 0.4433501731 0 0 0.5687755099 0.8224928081
box 0.35 0.02 0.35 0.6765163129 0.6533030078 0.5433501731 0 0 0.5687755099 0.8224928081
box 0.35 0.02 0.35 0.02157704008 0.9003951949 0.5433501731 0 0 0.5687755099 0.8224928081
cyl 0.03 0.07 0.2282477793 0.8224235003 0.2933501731 0 0 0.5687755099 0.8224928081
end
problem box 69
start 1.57 -1.5707 0 -1.5707 -1.57 3.14
goal -0.7113998504 -0.4217396793 1.038080746 -2.177482322 -1.565059323 -0.2143596446
box 0.35 0.35 0.02 0.3774415686 0.7158421803 0.2198089551 0 0 0.5072743275 0.8617846347
box 0.02 0.35 0.35 0.5473124982 1.021855035 0.5798089551 0 0 0.5072743275 0.8617846347
box 0.35 0.35 0.02 0.4259761199 0.8032744245 1.129808955 -0.1942409117 0.3299868021 0.4686125388 0.7961039298
box 0.02 0.35 0.3 0.2075706389 0.4098293256 0.4798089551 0 0 0.5072743275 0.8617846347
box 0.35 0.02 0.35 0.6834544233 0.5459712506 0.5798089551 0 0 0.5072743275 0.8617846347
box 0.35 0.02 0.35 0.07142871386 0.88571311 0.5798089551 0 0 0.5072743275 0.8617846347
cyl 0.03 0.07 0.4825514925 0.6574945644 0.3298089551 0 0 0.5072743275 0.8617846347
end
problem box 70
start 1.57 -1.5707 0 -1.5707 -1.57 3.14
goal -1.207820894 -0.6356020235 1.294151675 -2.232850347 -1.579285699 0.01068370087
box 0.35 0.35 0.02 0.6559641389 0.3728314045 0.2882245434 0 0 0.1780250843 0.9840259495
box 0.02 0.35 0.35 0.9837790875 0.4954583164 0.6482245434 0 0 0.1780250843 0.9840259495
box 0.35 0.35 0.02 0.7496255528 0.407867665 1.198224543 -0.06816776013 0.3767943442 0.1644569461 0.9090286528
box 0.02 0.35 0.3 0.3281491904 0.2502044927 0.5482245434 0 0 0.1780250843 0.9840259495
box 0.35 0.02 0.35 0.7785910508 0.04501645597 0.6482245434 0 0 0.1780250843 0.9840259495
box 0.35 0.02 0.35 0.5333372271 0.7006463531 0.6482245434 0 0 0.1780250843 0.9840259495
cyl 0.03 0.07 0.6738499632 0.3250177519 0.3982245434 0 0 0.1780250843 0.9840259495
end
problem box 71
start 1.57 -1.5707 0 -1.5707 -1.57 3.14
goal -1.584976614 -0.5228753366 1.207706438 -2.26010423 -1.570695792 -0.1014054811
box 0.35 0.35 0.02 0.7778135199 0.03356006215 0.2449184244 0 0 0.04509467466 0.9989827177
box 0.02 0.35 0.35 1.126390049 0.0650942226 0.6049184244 0 0 0.04509467466 0.9989827177
box 0.35 0.35 0.02 0.877406814 0.04256982228 1.154918424 -0.01726724623 0.382521455 0.04165779507 0.9228454945
box 0.02 0.35 0.3 0.4292369907 0.002025901693 0.5049184244 0 0 0.04509467466 0.9989827177
box 0.35 0.02 0.35 0.8093476803 -0.3150164671 0.6049184244 0 0 0.04509467466 0.9989827177
box 0.35 0.02 0.35 0.7462793594 0.3821365914 0.6049184244 0 0 0.04509467466 0.9989827177
cyl 0.03 0.07 0.7763697385 0.04951952604 0.3549184244 0 0 0.04509467466 0.9989827177
end
problem box 72
start 1.57 -1.5707 0 -1.5707 -1.57 3.14
goal -0.3639941583 0.08520427734 0.1029994085 -1.766972212 -1.568166058 -0.1906158226
box 0.35 0.35 0.02 0.2062660285 0.8843821111 0.1647973356 0 0 0.6402363857 0.7681779549
box 0.02 0.35 0.35 0.2693341877 1.228652945 0.5247973356 0 0 0.6402363857 0.7681779549
box 0.35 0.35 0.02 0.2242855025 0.9827452066 1.074797336 -0.2451535442 0.2941437763 0.5914409264 0.7096314602
box 0.02 0.35 0.3 0.1431978692 0.5401112769 0.4247973356 0 0 0.6402363857 0.7681779549
box 0.35 0.02 0.35 0.5505368627 0.8213139518 0.5247973356 0 0 0.6402363857 0.7681779549
box 0.35 0.02 0.35 -0.1380048057 0.9474502703 0.5247973356 0 0 0.6402363857 0.7681779549
cyl 0.03 0.07 0.2606382833 0.8744214705 0.2747973356 0 0 0.6402363857 0.7681779549
end
problem box 73
start 1.57 -1.5707 0 -1.5707 -1.57 3.14
goal -0.002766429549 -0.5333811692 1.136379327 -2.171761348 -1.571894396 0.1176853933
box 0.35 0.35 0.02 0.09392942221 0.7562887862 0.2744773756 0 0 0.6634561433 0.7482151735
box 0.02 0.35 0.35 0.1358075843 1.103774354 0.6344773756 0 0 0.6634561433 0.7482151735
box 0.35 0.35 0.02 0.1058946114 0.8555703769 1.184477376 -0.2540446444 0.286499808 0.6128909958 0.6911901373
box 0.02 0.35 0.3 0.0520512601 0.4088032189 0.5344773756 0 0 0.6634561433 0.7482151735
box 0.35 0.02 0.35 0.4414149896 0.7144106241 0.6344773756 0 0 0.6634561433 0.7482151735
box 0.35 0.02 0.35 -0.2535561452 0.7981669484 0.6344773756 0 0 0.6634561433 0.7482151735
cyl 0.03 0.07 -0.0614666345 0.7750167619 0.3844773756 0 0 0.6634561433 0.7482151735
end
problem box 74
start 1.57 -1.5707 0 -1.5707 -1.57 3.14
goal -0.8323414666 -0.5127884598 0.9307080783 -1.983337945 -1.56761721 0.1299808265
box 0.35 0.35 0.02 0.6527920985 0.4670655956 0.3221471022 0 0 0.2980491674 0.9545505193
box 0.02 0.35 0.35 0.9406087841 0.6662176868 0.6821471022 0 0 0.2980491674 0.9545505193
box 0.35 0.35 0.02 0.7350254372 0.5239661931 1.232147102 -0.1141262998 0.3655078782 0.2753334231 0.8817996852
box 0.02 0.35 0.3 0.3649754128 0.2679135043 0.5821471022 0 0 0.2980491674 0.9545505193
box 0.35 0.02 0.35 0.8519441897 0.1792489099 0.6821471022 0 0 0.2980491674 0.9545505193
box 0.35 0.02 0.35 0.4536400072 0.7548822812 0.6821471022 0 0 0.2980491674 0.9545505193
cyl 0.03 0.07 0.5626959527 0.597273488 0.4321471022 0 0 0.2980491674 0.9545505193
end
problem box 75
start 1.57 -1.5707 0 -1.5707 -1.57 3.14
goal 0.5260008236 -0.1155160601 0.3922305968 -1.848969393 -1.566473857 -0.2321931377
box 0.35 0.35 0.02 -0.6116683015 0.6540546385 0.2228666965 0 0 0.9179087798 0.3967914717
box 0.02 0.35 0.35 -0.8514578711 0.9090075014 0.5828666965 0 0 0.9179087798 0.3967914717
box 0.35 0.35 0.02 -0.6801796071 0.7268983136 1.132866697 -0.3514773537 0.1519358127 0.8479505869 0.3665501068
box 0.02 0.35 0.3 -0.3718787318 0.3991017756 0.4828666965 0 0 0.9179087798 0.3967914717
box 0.35 0.02 0.35 -0.3567154385 0.8938442081 0.5828666965 0 0 0.9179087798 0.3967914717
box 0.35 0.02 0.35 -0.8666211644 0.4142650689 0.5828666965 0 0 0.9179087798 0.3967914717
cyl 0.03 0.07 -0.5126407779 0.747192511 0.3328666965 0 0 0.9179087798 0.3967914717
end
problem box 76
start 1.57 -1.5707 0 -1.5707 -1.57 3.14
goal -0.4146047439 -0.4667144819 0.9044313487 -2.00481507 -1.568549551 -0.220642622
box 0.35 0.35 0.02 0.2026445829 0.8119778541 0.3033207512 0 0 0.6327373631 0.7743664697
box 0.02 0.35 0.35 0.2723949834 1.154957273 0.6633207512 0 0 0.6327373631 0.7743664697
box 0.35 0.35 0.02 0.2225732688 0.9099719737 1.213320751 -0.242282086 0.2965134265 0.5845134399 0.7153483188
box 0.02 0.35 0.3 0.1328941823 0.4689984355 0.5633207512 0 0 0.6327373631 0.7743664697
box 0.35 0.02 0.35 0.5456240015 0.7422274536 0.6633207512 0 0 0.6327373631 0.7743664697
box 0.35 0.02 0.35 -0.1403348358 0.8817282547 0.6633207512 0 0 0.6327373631 0.7743664697
cyl 0.03 0.07 0.2751498622 0.7972327353 0.4133207512 0 0 0.6327373631 0.7743664697
end
problem box 77
start 1.57 -1.5707 0 -1.5707 -1.57 3.14
goal 0.348018423 -0.5120322221 1.159439844 -2.228720337 -1.568977608 0.1106152325
box 0.35 0.35 0.02 -0.1452850287 0.7446327202 0.251776373 0 0 0.7826844396 0.622418724
box 0.02 0.35 0.35 -0.2241014811 1.085642935 0.611776373 0 0 0.7826844396 0.622418724
box 0.35 0.35 0.02 -0.1678040151 0.8420642103 1.161776373 -0.2996984686 0.2383309658 0.7230323367 0.5749812334
box 0.02 0.35 0.3 -0.06646857628 0.4036225051 0.511776373 0 0 0.7826844396 0.622418724
box 0.35 0.02 0.35 0.1957251865 0.8234491726 0.611776373 0 0 0.7826844396 0.622418724
box 0.35 0.02 0.35 -0.4862952438 0.6658162678 0.611776373 0 0 0.7826844396 0.622418724
cyl 0.03 0.07 -0.3192281734 0.704429873 0.361776373 0 0 0.7826844396 0.622418724
end
problem box 78
start 1.57 -1.5707 0 -1.5707 -1.57 3.14
goal 0.1270555284 -0.4962589921 0.8388720856 -1.910169937 -1.564941642 -0.277729445
box 0.35 0.35 0.02 -0.3208715903 0.7680580276 0.3415568425 0 0 0.832613835 0.5538539535
box 0.02 0.35 0.35 -0.456143649 1.090860553 0.7015568425 0 0 0.832613835 0.5538539535
box 0.35 0.35 0.02 -0.3595207499 0.8602873205 1.251556843 -0.3188169825 0.2120767621 0.7691563755 0.51164211
box 0.02 0.35 0.3 -0.1855995315 0.4452555026 0.6015568425 0 0 0.832613835 0.5538539535
box 0.35 0.02 0.35 0.001930934681 0.9033300864 0.7015568425 0 0 0.832613835 0.5538539535
box 0.35 0.02 0.35 -0.6436741152 0.6327859688 0.7015568425 0 0 0.832613835 0.5538539535
cyl 0.03 0.07 -0.1724046951 0.8302738438 0.4515568425 0 0 0.832613835 0.5538539535
end
problem box 79
start 1.57 -1.5707 0 -1.5707 -1.57 3.14
goal 0.9095773347 -0.382680912 0.6877415398 -1.880897646 -1.571209434 -0.1854647589
box 0.35 0.35 0.02 -0.7568206652 0.4263313143 0.3148574963 0 0 0.9709581518 0.2392493834
box 0.02 0.35 0.35 -1.066752478 0.5889421117 0.6748574963 0 0 0.9709581518 0.2392493834
box 0.35 0.35 0.02 -0.8453726117 0.4727915422 1.224857496 -0.3717905409 0.09161121671 0.896956814 0.2210150502
box 0.02 0.35 0.3 -0.4468888524 0.263720517 0.5748574963 0 0 0.9709581518 0.2392493834
box 0.35 0.02 0.35 -0.5942098678 0.7362631271 0.6748574963 0 0 0.9709581518 0.2392493834
box 0.35 0.02 0.35 -0.9194314626 0.1163995016 0.6748574963 0 0 0.9709581518 0.2392493834
cyl 0.03 0.07 -0.7250224714 0.4869378178 0.4248574963 0 0 0.9709581518 0.2392493834
end
problem box 80
start 1.57 -1.5707 0 -1.5707 -1.57 3.14
goal -0.2741548703 -0.3719135392 0.8158166853 -2.019440617 -1.566926643 -0.3259637085
box 0.35 0.35 0.02 0.01471982799 0.8327544425 0.2601130621 0 0 0.7263698047 0.6873040861
box 0.02 0.35 0.35 -0.004609337273 1.182220297 0.6201130621 0 0 0.7263698047 0.6873040861
box 0.35 0.35 0.02 0.009197209342 0.9326018295 1.170113062 -0.2781349763 0.2631762836 0.6710097079 0.6349213735
box 0.02 0.35 0.3 0.03404899325 0.4832885882 0.5201130621 0 0 0.7263698047 0.6873040861
box 0.35 0.02 0.35 0.3641856824 0.8520836078 0.6201130621 0 0 0.7263698047 0.6873040861
box 0.35 0.02 0.35 -0.3347460264 0.8134252773 0.6201130621 0 0 0.7263698047 0.6873040861
cyl 0.03 0.07 0.1737231409 0.8415490108 0.3701130621 0 0 0.7263698047 0.6873040861
end
problem box 81
start 1.57 -1.5707 0 -1.5707 -1.57 3.14
goal -0.3366033046 -0.5809835486 1.325253833 -2.321037498 -1.562151898 0.1090022852
box 0.35 0.35 0.02 0.3056529082 0.6517687593 0.2410463448 0 0 0.5338589524 0.8455735444
box 0.02 0.35 0.35 0.4561491414 0.9677606639 0.6010463448 0 0 0.5338589524 0.8455735444
box 0.35 0.35 0.02 0.348651832 0.7420521606 1.151046345 -0.2044204565 0.3237793975 0.4931710231 0.7811283638
box 0.02 0.35 0.3 0.1551566749 0.3357768547 0.5010463448 0 0 0.5338589524 0.8455735444
box 0.35 0.02 0.35 0.6216448128 0.5012725261 0.6010463448 0 0 0.5338589524 0.8455735444
box 0.35 0.02 0.35 -0.01033899643 0.8022649925 0.6010463448 0 0 0.5338589524 0.8455735444
cyl 0.03 0.07 0.1815215669 0.7108883096 0.3510463448 0 0 0.5338589524 0.8455735444
end
problem box 82
start 1.57 -1.5707 0 -1.5707 -1.57 3.14
goal -0.2133891604 -0.4611259511 1.258757354 -2.358452809 -1.566211584 -0.08703382629
box 0.35 0.35 0.02 0.07460017243 0.7477229324 0.1789908721 0 0 0.6643611589 0.7474117009
box 0.02 0.35 0.35 0.1156371478 1.095308845 0.5389908721 0 0 0.6643611589 0.7474117009
box 0.35 0.35 0.02 0.08632502255 0.8470331931 1.088990872 -0.2543911848 0.2861921495 0.6137270358 0.6904479011
box 0.02 0.35 0.3 0.03356319703 0.4001370198 0.4389908721 0 0 0.6643611589 0.7474117009
box 0.35 0.02 0.35 0.422186085 0.706685957 0.5389908721 0 0 0.6643611589 0.7474117009
box 0.35 0.02 0.35 -0.2729857402 0.7887599078 0.5389908721 0 0 0.6643611589 0.7474117009
cyl 0.03 0.07 0.09632860209 0.7451576126 0.2889908721 0 0 0.6643611589 0.7474117009
end
problem box 83
start 1.57 -1.5707 0 -1.5707 -1.57 3.14
goal -0.8121767173 -0.1733336386 0.1965515337 -1.600761296 -1.568435207 0.2057073545
box 0.35 0.35 0.02 0.7009505911 0.5135523705 0.3432137081 0 0 0.2758182393 0.96120981
box 0.02 0.35 0.35 0.9976976003 0.6991358086 0.7032137081 0 0 0.2758182393 0.96120981
box 0.35 0.35 0.02 0.7857354509 0.5665762099 1.253213708 -0.1056138333 0.3680577937 0.2547968197 0.8879514397
box 0.02 0.35 0.3 0.4042035819 0.3279689323 0.6032137081 0 0 0.2758182393 0.96120981
box 0.35 0.02 0.35 0.8865340293 0.2168053613 0.7032137081 0 0 0.2758182393 0.96120981
box 0.35 0.02 0.35 0.515367153 0.8102993797 0.7032137081 0 0 0.2758182393 0.96120981
cyl 0.03 0.07 0.6086417496 0.6611537561 0.4532137081 0 0 0.2758182393 0.96120981
end
problem box 84
start 1.57 -1.5707 0 -1.5707 -1.57 3.14
goal 1.251074466 -0.342886352 0.9792606788 -2.198385241 -1.573555975 -0.04202335992
box 0.35 0.35 0.02 -0.7564215391 0.3062304716 0.1862852535 0 0 0.9899699468 0.1412781104
box 0.02 0.35 0.35 -1.092449886 0.40413323 0.5462852535 0 0 0.9899699468 0.1412781104
box 0.35 0.35 0.02 -0.8524296382 0.3342026882 1.096285254 -0.379070366 0.05409694021 0.9145196297 0.1305106338
box 0.02 0.35 0.3 -0.4203931922 0.2083277131 0.4462852535 0 0 0.9899699468 0.1412781104
box 0.35 0.02 0.35 -0.6585187807 0.6422588184 0.5462852535 0 0 0.9899699468 0.1412781104
box 0.35 0.02 0.35 -0.8543242975 -0.02979787531 0.5462852535 0 0 0.9899699468 0.1412781104
cyl 0.03 0.07 -0.7902667448 0.1900647096 0.2962852535 0 0 0.9899699468 0.1412781104
end
problem box 85
start 1.57 -1.5707 0 -1.5707 -1.57 3.14
goal 1.023509258 -0.1593267721 0.6521021198 -2.071970913 -1.57601174 -0.2836580309
box 0.35 0.35 0.02 -0.8073045013 0.2972849588 0.1573040209 0 0 0.9908228958 0.1351665241
box 0.02 0.35 0.35 -1.144515509 0.3910332196 0.5173040209 0 0 0.9908228958 0.1351665241
box 0.35 0.35 0.02 -0.9036505035 0.3240701762 1.067304021 -0.3793969695 0.05175674667 0.9153075714 0.1248648405
box 0.02 0.35 0.3 -0.4700934938 0.2035366981 0.4173040209 0 0 0.9908228958 0.1351665241
box 0.35 0.02 0.35 -0.7135562406 0.6344959664 0.5173040209 0 0 0.9908228958 0.1351665241
box 0.35 0.02 0.35 -0.9010527621 -0.03992604872 0.5173040209 0 0 0.9908228958 0.1351665241
cyl 0.03 0.07 -0.7782814878 0.4016802782 0.2673040209 0 0 0.9908228958 0.1351665241
end
problem box 86
start 1.57 -1.5707 0 -1.5707 -1.57 3.14
goal 0.5164612955 -0.5029710135 1.399664641 -2.471815691 -1.565781884 -0.1707644738
box 0.35 0.35 0.02 -0.4377749739 0.5713051594 0.1754445994 0 0 0.9049695763 0.4254762814
box 0.02 0.35 0.35 -0.6610539276 0.8408353225 0.5354445994 0 0 0.9049695763 0.4254762814
box 0.35 0.35 0.02 -0.5015689606 0.6483137774 1.085444599 -0.3465227905 0.1629195414 0.8359975416 0.3930487108
box 0.02 0.35 0.3 -0.2144960201 0.3017749963 0.4354445994 0 0 0.9049695763 0.4254762814
box 0.35 0.02 0.35 -0.1682448108 0.7945841132 0.5354445994 0 0 0.9049695763 0.4254762814
box 0.35 0.02 0.35 -0.7073051369 0.3480262056 0.5354445994 0 0 0.9049695763 0.4254762814
cyl 0.03 0.07 -0.415347452 0.5898841324 0.2854445994 0 0 0.9049695763 0.4254762814
end
problem box 87
start 1.57 -1.5707 0 -1.5707 -1.57 3.14
goal 0.06352990545 -0.4365094548 1.091021769 -2.221181394 -1.578028709 0.01994597849
box 0.35 0.35 0.02 -0.03441542351 0.7875446219 0.212172797 0 0 0.7222686811 0.6916125738
box 0.02 0.35 0.35 -0.04958585694 1.137215693 0.572172797 0 0 0.7222686811 0.6916125738
box 0.35 0.35 0.02 -0.03874983306 0.8874506422 1.122172797 -0.2765646111 0.2648260509 0.6672211505 0.6389014909
box 0.02 0.35 0.3 -0.01924499007 0.4378735509 0.472172797 0 0 0.7222686811 0.6916125738
box 0.35 0.02 0.35 0.3152556476 0.8027150554 0.572172797 0 0 0.7222686811 0.6916125738
box 0.35 0.02 0.35 -0.3840864946 0.7723741885 0.572172797 0 0 0.7222686811 0.6916125738
cyl 0.03 0.07 -0.1125867935 0.7841531673 0.322172797 0 0 0.7222686811 0.6916125738
end
problem box 88
start 1.57 -1.5707 0 -1.5707 -1.57 3.14
goal -0.6330991652 -0.7759237453 1.500671322 -2.288104113 -1.574655358 -0.1196257916
box 0.35 0.35 0.02 0.3276133984 0.6215738735 0.3103553538 0 0 0.5041329609 0.8636260521
box 0.02 0.35 0.35 0.4997083688 0.9263415246 0.6703553538 0 0 0.5041329609 0.8636260521
box 0.35 0.35 0.02 0.37678339 0.7086503452 1.220355354 -0.1930380479 0.330691901 0.4657105907 0.797805004
box 0.02 0.35 0.3 0.155518428 0.3168062224 0.5703553538 0 0 0.5041329609 0.8636260521
box 0.35 0.02 0.35 0.6323810495 0.449478903 0.6703553538 0 0 0.5041329609 0.8636260521
box 0.35 0.02 0.35 0.02284574732 0.7936688439 0.6703553538 0 0 0.5041329609 0.8636260521
cyl 0.03 0.07 0.3618741425 0.6022276544 0.4203553538 0 0 0.5041329609 0.8636260521
end
problem box 89
start 1.57 -1.5707 0 -1.5707 -1.57 3.14
goal 0.8382191989 -0.3973051573 1.18974224 -2.36089077 -1.57248923 -0.3164761188
box 0.35 0.35 0.02 -0.6484044724 0.4087804326 0.1590540218 0 0 0.9777810918 0.2096285679
box 0.02 0.35 0.35 -0.9676435769 0.5522600276 0.5190540218 0 0 0.9777810918 0.2096285679
box 0.35 0.35 0.02 -0.7396156451 0.4497746026 1.069054022 -0.3744031196 0.08026908112 0.9032597454 0.1936517779
box 0.02 0.35 0.3 -0.3291653679 0.2653008376 0.4190540218 0 0 0.9777810918 0.2096285679
box 0.35 0.02 0.35 -0.5049248774 0.728019537 0.5190540218 0 0 0.9777810918 0.2096285679
box 0.35 0.02 0.35 -0.7918840674 0.08954132811 0.5190540218 0 0 0.9777810918 0.2096285679
cyl 0.03 0.07 -0.6224007663 0.4666381358 0.2690540218 0 0 0.9777810918 0.2096285679
end
problem box 90
start 1.57 -1.5707 0 -1.5707 -1.57 3.14
goal -1.483958662 -0.3915497115 0.7534555312 -1.932723673 -1.573261184 -0.1315900227
box 0.35 0.35 0.02 0.8434655626 0.1824404702 0.2984341556 0 0 0.1089343256 0.9940489488
box 0.02 0.35 0.35 1.185158882 0.2582407065 0.6584341556 0 0 0.1089343256 0.9940489488
box 0.35 0.35 0.02 0.9410922252 0.2040976806 1.208434156 -0.04171214978 0.3806322607 0.1006319227 0.9182877516
box 0.02 0.35 0.3 0.5017722437 0.1066402339 0.5584341556 0 0 0.1089343256 0.9940489488
box 0.35 0.02 0.35 0.919265799 -0.1592528487 0.6584341556 0 0 0.1089343256 0.9940489488
box 0.35 0.02 0.35 0.7676653263 0.5241337891 0.6584341556 0 0 0.1089343256 0.9940489488
cyl 0.03 0.07 0.8523165419 0.1425419076 0.4084341556 0 0 0.1089343256 0.9940489488
end
problem box 91
start 1.57 -1.5707 0 -1.5707 -1.57 3.14
goal -1.692874785 -0.4968600124 1.28333754 -2.364318251 -1.571150545 -0.2809381451
box 0.35 0.35 0.02 0.7405282316 0.1144200465 0.1968937767 0 0 0.07424569375 0.9972399796
box 0.02 0.35 0.35 1.086669535 0.1662485884 0.5568937767 0 0 0.07424569375 0.9972399796
box 0.35 0.35 0.02 0.8394257469 0.1292282013 1.106893777 -0.02842949162 0.3818541414 0.06858707639 0.9212355788
box 0.02 0.35 0.3 0.3943869277 0.06259150459 0.4568937767 0 0 0.07424569375 0.9972399796
box 0.35 0.02 0.35 0.7923567734 -0.2317212574 0.5568937767 0 0 0.07424569375 0.9972399796
box 0.35 0.02 0.35 0.6886996897 0.4605613504 0.5568937767 0 0 0.07424569375 0.9972399796
cyl 0.03 0.07 0.7613922671 -0.02492218121 0.3068937767 0 0 0.07424569375 0.9972399796
end
problem box 92
start 1.57 -1.5707 0 -1.5707 -1.57 3.14
goal 1.458348734 -0.5755372809 1.255523783 -2.254212079 -1.573468033 0.2424044522
box 0.35 0.35 0.02 -0.6883057025 0.1775630391 0.2619059438 0 0 0.9844215564 0.175824342
box 0.02 0.35 0.35 -1.016665763 0.2987227298 0.6219059438 0 0 0.9844215564 0.175824342
box 0.35 0.35 0.02 -0.7821228627 0.2121800935 1.171905944 -0.3769458264 0.06732507173 0.9093941086 0.1624239328
box 0.02 0.35 0.3 -0.359945642 0.05640334838 0.5219059438 0 0 0.9844215564 0.175824342
box 0.35 0.02 0.35 -0.5671460118 0.5059230996 0.6219059438 0 0 0.9844215564 0.175824342
box 0.35 0.02 0.35 -0.8094653932 -0.1507970215 0.6219059438 0 0 0.9844215564 0.175824342
cyl 0.03 0.07 -0.7448740259 0.02425480603 0.3719059438 0 0 0.9844215564 0.175824342
end
problem box 93
start 1.57 -1.5707 0 -1.5707 -1.57 3.14
goal -1.183762173 -0.3910386048 0.9267696806 -2.10996499 -1.570987831 0.02201534056
box 0.35 0.35 0.02 0.7568052669 0.3114190645 0.2407558385 0 0 0.1784945776 0.9839408955
box 0.02 0.35 0.35 1.084503047 0.4343587447 0.6007558385 0 0 0.1784945776 0.9839408955
box 0.35 0.35 0.02 0.8504332041 0.3465446874 1.150755839 -0.06834753426 0.376761776 0.1648906571 0.9089500811
box 0.02 0.35 0.3 0.4291074869 0.1884793844 0.5007558385 0 0 0.1784945776 0.9839408955
box 0.35 0.02 0.35 0.8797449471 -0.01627871551 0.6007558385 0 0 0.1784945776 0.9839408955
box 0.35 0.02 0.35 0.6338655868 0.6391168446 0.6007558385 0 0 0.1784945776 0.9839408955
cyl 0.03 0.07 0.7344158738 0.3710983677 0.3507558385 0 0 0.1784945776 0.9839408955
end
problem box 94
start 1.57 -1.5707 0 -1.5707 -1.57 3.14
goal -0.5963646896 -0.5048763232 1.101121774 -2.165856853 -1.564474592 0.136212619
box 0.35 0.35 0.02 0.448979898 0.622977976 0.2651709166 0 0 0.4094847538 0.9123169605
box 0.02 0.35 0.35 0.6816054635 0.8844838962 0.6251709166 0 0 0.4094847538 0.9123169605
box 0.35 0.35 0.02 0.5154443453 0.6976939532 1.175170917 -0.1567962098 0.3493361846 0.3782759736 0.8427849468
box 0.02 0.35 0.3 0.2163543325 0.3614720558 0.5251709166 0 0 0.4094847538 0.9123169605
box 0.35 0.02 0.35 0.7104858181 0.3903524105 0.6251709166 0 0 0.4094847538 0.9123169605
box 0.35 0.02 0.35 0.1874739778 0.8556035415 0.6251709166 0 0 0.4094847538 0.9123169605
cyl 0.03 0.07 0.3836647131 0.6810798416 0.3751709166 0 0 0.4094847538 0.9123169605
end
problem box 95
start 1.57 -1.5707 0 -1.5707 -1.57 3.14
goal 0.4015333883 -0.7039142342 1.294323818 -2.163620806 -1.570121039 -0.03120522845
box 0.35 0.35 0.02 -0.4166780936 0.6331961775 0.3299141791 0 0 0.8408956715 0.5411972557
box 0.02 0.35 0.35 -0.5616519649 0.9517594784 0.6899141791 0 0 0.8408956715 0.5411972557
box 0.35 0.35 0.02 -0.4580991997 0.7242142635 1.239914179 -0.3219881886 0.2072303735 0.7768070139 0.4999500394
box 0.02 0.35 0.3 -0.2717042223 0.3146328767 0.5899141791 0 0 0.8408956715 0.5411972557
box 0.35 0.02 0.35 -0.09811479275 0.7781700488 0.6899141791 0 0 0.8408956715 0.5411972557
box 0.35 0.02 0.35 -0.7352413944 0.4882223062 0.6899141791 0 0 0.8408956715 0.5411972557
cyl 0.03 0.07 -0.3535639564 0.6619185721 0.4399141791 0 0 0.8408956715 0.5411972557
end
problem box 96
start 1.57 -1.5707 0 -1.5707 -1.57 3.14
goal -0.2185057475 -0.2939729802 0.6750762479 -1.950202772 -1.576347923 -0.1657334205
box 0.35 0.35 0.02 0.04815816338 0.8730046659 0.2520947418 0 0 0.6905777794 0.7232581356
box 0.02 0.35 0.35 0.06432979483 1.222630864 0.6120947418 0 0 0.6905777794 0.7232581356
box 0.35 0.35 0.02 0.05277862951 0.9728978653 1.162094742 -0.2644298167 0.276943484 0.637945563 0.6681351939
box 0.02 0.35 0.3 0.03198653192 0.5233784679 0.5120947418 0 0 0.6905777794 0.7232581356
box 0.35 0.02 0.35 0.3977843614 0.8568330344 0.6120947418 0 0 0.6905777794 0.7232581356
box 0.35 0.02 0.35 -0.3014680346 0.8891762973 0.6120947418 0 0 0.6905777794 0.7232581356
cyl 0.03 0.07 0.1300106878 0.8692186542 0.3620947418 0 0 0.6905777794 0.7232581356
end
problem box 97
start 1.57 -1.5707 0 -1.5707 -1.57 3.14
goal -0.2302260348 -0.535754251 1.006405845 -2.042852152 -1.579128799 -0.1114673745
box 0.35 0.35 0.02 0.1038426535 0.8062112132 0.3180813684 0 0 0.6640703468 0.7476700973
box 0.02 0.35 0.35 0.1451500556 1.153765092 0.6780813684 0 0 0.6640703468 0.7476700973
box 0.35 0.35 0.02 0.1156447684 0.9055123213 1.228081368 -0.2542798297 0.2862910923 0.613458388 0.690686604
box 0.02 0.35 0.3 0.0625352514 0.4586573346 0.5780813684 0 0 0.6640703468 0.7476700973
box 0.35 0.02 0.35 0.4513965321 0.7649038111 0.6780813684 0 0 0.6640703468 0.7476700973
box 0.35 0.02 0.35 -0.2437112251 0.8475186153 0.6780813684 0 0 0.6640703468 0.7476700973
cyl 0.03 0.07 0.1209328178 0.8041800165 0.4280813684 0 0 0.6640703468 0.7476700973
end
problem box 98
start 1.57 -1.5707 0 -1.5707 -1.57 3.14
goal -2.173789988 -2.554256185 -1.027474157 -1.129280756 1.578379164 0.1689254234
box 0.35 0.35 0.02 -0.5367711902 0.6099796501 0.3485644719 0 0 0.9258416338 0.3779117215
box 0.02 0.35 0.35 -0.7867991017 0.8549001341 0.7085644719 0 0 0.9258416338 0.3779117215
box 0.35 0.35 0.02 -0.6082077364 0.6799569313 1.258564472 -0.3545149306 0.144706549 0.8552788404 0.3491092721
box 0.02 0.35 0.3 -0.2867432786 0.3650591662 0.6085644719 0 0 0.9258416338 0.3779117215
box 0.35 0.02 0.35 -0.2918507063 0.8600075617 0.7085644719 0 0 0.9258416338 0.3779117215
box 0.35 0.02 0.35 -0.7816916741 0.3599517386 0.7085644719 0 0 0.9258416338 0.3779117215
cyl 0.03 0.07 -0.5649955128 0.5811667541 0.4585644719 0 0 0.9258416338 0.3779117215
end
problem box 99
start 1.57 -1.5707 0 -1.5707 -1.57 3.14
goal -1.616106936 -2.679349734 -1.350179667 -0.6906449589 1.570397025 0.0111650058
box 0.35 0.35 0.02 -0.7168024905 0.06527104705 0.163682188 0 0 0.999689933 0.0249005574
box 0.02 0.35 0.35 -1.066368464 0.08269603265 0.523682188 0 0 0.999689933 0.0249005574
box 0.35 0.35 0.02 -0.8166784829 0.07024961436 1.073682188 -0.3827922555 0.009534696925 0.9234988096 0.02300276752
box 0.02 0.35 0.3 -0.3672365169 0.04784606146 0.423682188 0 0 0.999689933 0.0249005574
box 0.35 0.02 0.35 -0.6993775049 0.4148370206 0.523682188 0 0 0.999689933 0.0249005574
box 0.35 0.02 0.35 -0.734227476 -0.2842949265 0.523682188 0 0 0.999689933 0.0249005574
cyl 0.03 0.07 -0.7104936133 0.1918346393 0.273682188 0 0 0.999689933 0.0249005574
end
problem box 100
start 1.57 -1.5707 0 -1.5707 -1.57 3.14
goal -2.554542574 -2.490630736 -1.175390756 -1.041096698 1.568842252 0.1858344717
box 0.35 0.35 0.02 -0.3744722685 0.6894515159 0.3338588074 0 0 0.8354319716 0.549593869
box 0.02 0.35 0.35 -0.5130348739 1.010855319 0.6938588074 0 0 0.8354319716 0.549593869
box 0.35 0.35 0.02 -0.4140615844 0.7812811738 1.243858807 -0.3198960779 0.2104455289 0.7717597285 0.5077067069
box 0.02 0.35 0.3 -0.2359096631 0.3680477132 0.5938588074 0 0 0.8354319716 0.549593869
box 0.35 0.02 0.35 -0.05306846583 0.8280141213 0.6938588074 0 0 0.8354319716 0.549593869
box 0.35 0.02 0.35 -0.6958760712 0.5508889105 0.6938588074 0 0 0.8354319716 0.549593869
cyl 0.03 0.07 -0.292708671 0.7247011831 0.4438588074 0 0 0.8354319716 0.549593869
end
problem table_pick 1
start 1.57 -1.5707 0 -1.5707 -1.57 3.14
goal 1.438775553 -0.687540491 1.434096062 -0.7445397051 1.589182368 -3.14159265
box 0.125 0.125 0.125 -0.887203108 -0.3786244663 0.9370564118 0 0 0.9974531189 0.07132514041
box 0.1 0.01 0.2 -1.202178779 0.1960989808 0.9870564118 0 0 0.8748279033 -0.4844338341
box 0.01 0.1 0.2 -0.8360698254 -0.2283045736 0.9870564118 0 0 0.8158325402 0.5782882209
box 0.1 0.025 0.175 -0.7430069973 0.2989569542 0.9870564118 0 0 0.8220975726 0.5693466265
box 0.1 0.025 0.175 -1.069524112 -0.06352560485 0.9870564118 0 0 0.9999817664 -0.006038776637
box 0.025 0.025 0.35 -1.697966271 -0.7028567054 0.4370564118 0 0 0.9972514405 0.07409159414
box 0.025 0.025 0.35 -0.8078474866 -0.8358550136 0.4370564118 0 0 0.9972514405 0.07409159414
box 0.025 0.025 0.35 -1.446747244 0.9784787759 0.4370564118 0 0 0.9972514405 0.07409159414
box 0.025 0.025 0.35 -0.55662846 0.8454804677 0.4370564118 0 0 0.9972514405 0.07409159414
box 0.6 1 0.02 -1.127297365 0.07131188118 0.7870564118 0 0 0.9972514405 0.07409159414
cyl 0.03 0.06 -0.9043856273 0.01536193121 0.8870564118 0 0 0.9972514405 0.07409159414
cyl 0.05 0.175 -1.472333242 0.04215302115 0.9370564118 0 0 0.8736437178 0.4865661871
end
problem table_pick 2
start 1.57 -1.5707 0 -1.5707 -1.57 3.14
goal -0.279795282 -0.730139133 1.311352791 -0.5834730364 1.305715656 -3.14159265
box 0.125 0.125 0.125 -0.3688048062 0.722841982 1.002159094 0 0 0.4177048992 0.908582752
box 0.1 0.01 0.2 0.3769901679 1.085527846 1.052159094 0 0 0.99829715 0.0583335265
box 0.01 0.1 0.2 -0.1230649522 0.6491175053 1.052159094 0 0 0.9495073392 0.313744821
box 0.1 0.025 0.175 0.2283005837 0.7422856201 1.052159094 0 0 0.9993001088 0.03740711928
box 0.1 0.025 0.175 -0.1226628234 1.156143459 1.052159094 0 0 0.09329758614 0.9956382679
box 0.025 0.025 0.35 -0.7524999657 1.566166083 0.5021590941 0 0 0.7019744565 0.7122021219
box 0.025 0.025 0.35 -0.7655173181 0.6662602274 0.5021590941 0 0 0.7019744565 0.7122021219
box 0.025 0.025 0.35 0.9473222055 1.541577751 0.5021590941 0 0 0.7019744565 0.7122021219
box 0.025 0.025 0.35 0.9343048532 0.6416718952 0.5021590941 0 0 0.7019744565 0.7122021219
box 0.6 1 0.02 0.09090244372 1.103918989 0.8521590941 0 0 0.7019744565 0.7122021219
cyl 0.03 0.06 0.07778685026 0.9320404588 0.9521590941 0 0 0.7019744565 0.7122021219
cyl 0.05 0.175 0.1348251544 1.360233271 1.002159094 0 0 0.5575126129 0.8301684687
end
problem table_pick 3
start 1.57 -1.5707 0 -1.5707 -1.57 3.14
goal -0.8086855245 -0.8608280878 1.910124615 -1.044285729 1.166023427 -3.14159265
box 0.125 0.125 0.125 -0.1198754502 0.762124237 0.9169723506 0 0 0.9657371543 0.2595221548
box 0.1 0.01 0.2 0.5453703243 0.79421741 0.9669723506 0 0 -0.111802279 0.9937304717
box 0.01 0.1 0.2 0.1647574769 0.5368804934 0.9669723506 0 0 0.955564517 0.2947820448
box 0.1 0.025 0.175 0.4643704876 0.487287599 0.9669723506 0 0 0.3854479747 0.9227295697
box 0.1 0.025 0.175 0.29745554 0.8851519085 0.9669723506 0 0 0.7699959331 0.6380487936
box 0.025 0.025 0.35 -0.1734675259 1.618925325 0.4169723506 0 0 0.54866271 0.8360437971
box 0.025 0.025 0.35 -0.531612141 0.7932544249 0.4169723506 0 0 0.54866271 0.8360437971
box 0.025 0.025 0.35 1.386133062 0.9424299405 0.4169723506 0 0 0.54866271 0.8360437971
box 0.025 0.025 0.35 1.027988447 0.1167590408 0.4169723506 0 0 0.54866271 0.8360437971
box 0.6 1 0.02 0.4272604607 0.8678421827 0.7669723506 0 0 0.54866271 0.8360437971
cyl 0.03 0.06 0.378165608 0.6634675588 0.8669723506 0 0 0.54866271 0.8360437971
cyl 0.05 0.175 0.5976738461 1.100380167 0.9169723506 0 0 0.2376487332 0.9713511618
end
problem table_pick 4
start 1.57 -1.5707 0 -1.5707 -1.57 3.14
goal -2.786244489 -2.105509888 -1.832629537 -2.34518604 -1.20870983 3.139397929
box 0.125 0.125 0.125 -0.4202459493 0.6569917424 1.019179259 0 0 0.1741655607 0.9847163843
box 0.1 0.01 0.2 0.1050504691 0.8621451433 1.069179259 0 0 0.5842123373 0.8116008532
box 0.01 0.1 0.2 -0.264169364 0.5628346571 1.069179259 0 0 0.7829863916 0.6220388337
box 0.1 0.025 0.175 0.09710779111 0.4710574159 1.069179259 0 0 0.9746964389 0.2235326641
box 0.1 0.025 0.175 -0.2048705029 1.04891001 1.069179259 0 0 0.4963015994 0.8681501728
box 0.025 0.025 0.35 -0.9266778766 1.408465091 0.519179259 0 0 0.7052094788 0.7089990064
box 0.025 0.025 0.35 -0.9315011405 0.508478015 0.519179259 0 0 0.7052094788 0.7089990064
box 0.025 0.025 0.35 0.7732977105 1.399354481 0.519179259 0 0 0.7052094788 0.7089990064
box 0.025 0.025 0.35 0.7684744466 0.4993674054 0.519179259 0 0 0.7052094788 0.7089990064
box 0.6 1 0.02 -0.07910171498 0.953916248 0.869179259 0 0 0.7052094788 0.7089990064
cyl 0.03 0.06 -0.06638635464 0.7804330965 0.969179259 0 0 0.7052094788 0.7089990064
cyl 0.05 0.175 -0.1338736975 1.350424613 1.019179259 0 0 0.9459009484 0.3244555375
end
problem table_pick 5
start 1.57 -1.5707 0 -1.5707 -1.57 3.14
goal -1.427669489 -0.6925850875 1.303346353 -0.6101318061 1.337899388 -3.139175639
box 0.125 0.125 0.125 0.624499349 0.6785033926 0.9802372147 0 0 0.06577438647 0.9978345204
box 0.1 0.01 0.2 1.071683664 0.129429027 1.030237215 0 0 -0.08285309149 0.9965617719
box 0.01 0.1 0.2 0.6400885108 0.4740867484 1.030237215 0 0 0.7323127234 0.6809684832
box 0.1 0.025 0.175 0.8663572411 0.07288678728 1.030237215 0 0 -0.3870762014 0.9220477289
box 0.1 0.025 0.175 1.038755886 0.6054332881 1.030237215 0 0 0.7744455666 0.6326405491
box 0.025 0.025 0.35 1.18334475 1.340908303 0.4802372147 0 0 0.1864480434 0.9824648223
box 0.025 0.025 0.35 0.3459179209 1.011186744 0.4802372147 0 0 0.1864480434 0.9824648223
box 0.025 0.025 0.35 1.806152139 -0.2408979294 0.4802372147 0 0 0.1864480434 0.9824648223
box 0.025 0.025 0.35 0.9687253099 -0.5706194883 0.4802372147 0 0 0.1864480434 0.9824648223
box 0.6 1 0.02 1.07603503 0.3851444073 0.8302372147 0 0 0.1864480434 0.9824648223
cyl 0.03 0.06 0.8889774904 0.3034089213 0.9302372147 0 0 0.1864480434 0.9824648223
cyl 0.05 0.175 1.326774775 0.5596008344 0.9802372147 0 0 0.3879688516 0.9216724853
end
problem table_pick 6
start 1.57 -1.5707 0 -1.5707 -1.57 3.14
goal -0.586772596 -0.8696247807 1.474284193 -0.6065196198 1.27250057 3.14159265
box 0.125 0.125 0.125 -0.1412658737 0.8764275396 1.035803173 0 0 0.9508135207 0.3097638598
box 0.1 0.01 0.2 0.4277148516 0.9353011307 1.085803173 0 0 0.05922748643 0.9982445116
box 0.01 0.1 0.2 0.1466151495 0.7591946278 1.085803173 0 0 0.04111854279 0.9991542751
box 0.1 0.025 0.175 0.5094912395 0.5773825301 1.085803173 0 0 0.01522719925 0.9998840595
box 0.1 0.025 0.175 0.242876871 1.080202455 1.085803173 0 0 0.501932233 0.8649069508
box 0.025 0.025 0.35 -0.3353561319 1.717807781 0.5358031731 0 0 0.5989926389 0.8007545308
box 0.025 0.025 0.35 -0.5895302053 0.854444856 0.5358031731 0 0 0.5989926389 0.8007545308
box 0.025 0.025 0.35 1.295440504 1.237701198 0.5358031731 0 0 0.5989926389 0.8007545308
box 0.025 0.025 0.35 1.041266431 0.3743382729 0.5358031731 0 0 0.5989926389 0.8007545308
box 0.6 1 0.02 0.3529551496 1.046073027 0.8858031731 0 0 0.5989926389 0.8007545308
cyl 0.03 0.06 0.3201130067 0.8281825146 0.9858031731 0 0 0.5989926389 0.8007545308
cyl 0.05 0.175 0.4406322547 1.280691897 1.035803173 0 0 0.3992787503 0.9168295805
end
problem table_pick 7
start 1.57 -1.5707 0 -1.5707 -1.57 3.14
goal 2.966973005 -2.445637977 -1.375779217 -2.464221013 -1.551166997 3.139009253
box 0.125 0.125 0.125 -0.149973903 0.8927277519 0.9595993245 0 0 0.933406904 0.3588196643
box 0.1 0.01 0.2 0.4005806883 1.06103509 1.009599325 0 0 0.7076775521 0.7065355492
box 0.01 0.1 0.2 0.04131631143 0.6980507345 1.009599325 0 0 0.9606313065 0.2778263718
box 0.1 0.025 0.175 0.3321141976 0.6057637636 1.009599325 0 0 0.5278767604 0.8493209793
box 0.1 0.025 0.175 0.0625152302 1.064075418 1.009599325 0 0 0.6304523422 0.776227959
box 0.025 0.025 0.35 -0.4494726777 1.684407207 0.4595993245 0 0 0.6341067536 0.7732455141
box 0.025 0.025 0.35 -0.6257082027 0.8018308423 0.4595993245 0 0 0.6341067536 0.7732455141
box 0.025 0.025 0.35 1.217616011 1.351517882 0.4595993245 0 0 0.6341067536 0.7732455141
box 0.025 0.025 0.35 1.041380486 0.4689415173 0.4595993245 0 0 0.6341067536 0.7732455141
box 0.6 1 0.02 0.2959539043 1.076674362 0.8095993245 0 0 0.6341067536 0.7732455141
cyl 0.03 0.06 0.2727167297 0.879111042 0.9095993245 0 0 0.6341067536 0.7732455141
cyl 0.05 0.175 0.3768945124 1.423309013 0.9595993245 0 0 0.9798527595 0.19972123
end
problem table_pick 8
start 1.57 -1.5707 0 -1.5707 -1.57 3.14
goal 2.705564734 -2.135192465 -1.514170859 -2.635545991 -1.21937473 3.140858058
box 0.125 0.125 0.125 0.2590058168 0.8024570845 1.102294248 0 0 0.6739900867 0.7387403895
box 0.1 0.01 0.2 0.8313606213 0.5316410212 1.152294248 0 0 -0.2089453684 0.9779273148
box 0.01 0.1 0.2 0.2065845969 0.6375332562 1.152294248 0 0 -0.2606071509 0.96544493
box 0.1 0.025 0.175 0.6384191832 0.3411663411 1.152294248 0 0 0.3383307963 0.9410272431
box 0.1 0.025 0.175 0.5170680423 0.9488982939 1.152294248 0 0 -0.00879131195 0.9999613557
box 0.025 0.025 0.35 0.3804433068 1.684549749 0.6022942481 0 0 0.3826661453 0.9238866929
box 0.025 0.025 0.35 -0.2559766115 1.048177462 0.6022942481 0 0 0.3826661453 0.9238866929
box 0.025 0.025 0.35 1.582479849 0.4824232366 0.6022942481 0 0 0.3826661453 0.9238866929
box 0.025 0.025 0.35 0.9460599306 -0.1539490504 0.6022942481 0 0 0.3826661453 0.9238866929
box 0.6 1 0.02 0.6632516187 0.7653003493 0.9522942481 0 0 0.3826661453 0.9238866929
cyl 0.03 0.06 0.5396688421 0.6698826915 1.052294248 0 0 0.3826661453 0.9238866929
cyl 0.05 0.175 0.9788940455 0.9853399573 1.102294248 0 0 -0.1714032759 0.9852009526
end
problem table_pick 9
start 1.57 -1.5707 0 -1.5707 -1.57 3.14
goal 1.009260352 -0.838895825 1.852756624 -1.011328347 1.385406193 -3.140981435
box 0.125 0.125 0.125 -0.8453391219 -0.2125879639 0.9169275515 0 0 0.9353350196 0.3537631993
box 0.1 0.01 0.2 -0.7908293658 0.5077577727 0.9669275515 0 0 0.7375627445 0.6752786077
box 0.01 0.1 0.2 -0.6200894213 -0.08642178113 0.9669275515 0 0 0.5714808492 0.8206154026
box 0.1 0.025 0.175 -0.4714750118 0.3877776662 0.9669275515 0 0 0.9869282536 0.1611602375
box 0.1 0.025 0.175 -0.9652857517 0.2431490695 0.9669275515 0 0 0.9992467111 -0.03880734971
box 0.025 0.025 0.35 -1.637405821 -0.2761720086 0.4169275515 0 0 0.9821509617 0.1880943603
box 0.025 0.025 0.35 -0.8010888997 -0.6086987109 0.4169275515 0 0 0.9821509617 0.1880943603
box 0.025 0.025 0.35 -1.009299827 1.303537731 0.4169275515 0 0 0.9821509617 0.1880943603
box 0.025 0.025 0.35 -0.1729829065 0.9710110287 0.4169275515 0 0 0.9821509617 0.1880943603
box 0.6 1 0.02 -0.9051943636 0.34741951 0.7669275515 0 0 0.9821509617 0.1880943603
cyl 0.03 0.06 -0.7360825396 0.2736658148 0.8669275515 0 0 0.9821509617 0.1880943603
cyl 0.05 0.175 -1.22426338 0.4794992926 0.9169275515 0 0 0.973111785 0.2303333537
end
problem table_pick 10
start 1.57 -1.5707 0 -1.5707 -1.57 3.14
goal -0.1833283378 -1.099092458 1.941568687 -0.8431824489 1.435604312 3.140545961
box 0.125 0.125 0.125 -0.3801074611 0.6316873542 1.019770995 0 0 0.9860550799 0.1664192882
box 0.1 0.01 0.2 0.2740135169 1.01342655 1.069770995 0 0 0.542660089 0.8399523962
box 0.01 0.1 0.2 -0.144537341 0.5489648939 1.069770995 0 0 0.9885593086 0.1508326667
box 0.1 0.025 0.175 0.2334120145 0.4581448933 1.069770995 0 0 0.9240766546 0.3822071905
box 0.1 0.025 0.175 -0.1206556719 0.9515580812 1.069770995 0 0 0.9634741667 0.2678012884
box 0.025 0.025 0.35 -0.7925978794 1.450033018 0.5197709955 0 0 0.6886557462 0.725088452
box 0.025 0.025 0.35 -0.8389537533 0.5512276258 0.5197709955 0 0 0.6886557462 0.725088452
box 0.025 0.025 0.35 0.9051456391 1.362471923 0.5197709955 0 0 0.6886557462 0.725088452
box 0.025 0.025 0.35 0.8587897652 0.4636665307 0.5197709955 0 0 0.6886557462 0.725088452
box 0.6 1 0.02 0.03309594292 0.9568497743 0.8697709955 0 0 0.6886557462 0.725088452
cyl 0.03 0.06 -0.009814494604 0.7484910981 0.9697709955 0 0 0.6886557462 0.725088452
cyl 0.05 0.175 0.09471397797 1.253275298 1.019770995 0 0 0.4856171524 0.8741715971
end
problem table_pick 11
start 1.57 -1.5707 0 -1.5707 -1.57 3.14
goal 0.5899224511 -0.7246423058 1.509573255 -0.7874661375 1.293326162 3.14159265
box 0.125 0.125 0.125 -0.8798198817 0.3454873313 0.9385836224 0 0 0.6232599187 0.7820147529
box 0.1 0.01 0.2 -0.7307967944 0.9605994142 0.9885836224 0 0 0.9364043172 -0.3509230039
box 0.01 0.1 0.2 -0.6229044793 0.3664720373 0.9885836224 0 0 0.5793371187 0.8150880338
box 0.1 0.025 0.175 -0.46162186 0.7315254815 0.9885836224 0 0 0.5528227405 0.8332988765
box 0.1 0.025 0.175 -0.9887887292 0.712160025 0.9885836224 0 0 0.7089807151 0.7052278679
box 0.025 0.025 0.35 -1.751025953 0.3900257818 0.4385836224 0 0 0.9381475377 0.3462357543
box 0.025 0.025 0.35 -1.066808509 -0.1946506148 0.4385836224 0 0 0.9381475377 0.3462357543
box 0.025 0.025 0.35 -0.6466372041 1.68243651 0.4385836224 0 0 0.9381475377 0.3462357543
box 0.025 0.025 0.35 0.03758024033 1.097760114 0.4385836224 0 0 0.9381475377 0.3462357543
box 0.6 1 0.02 -0.8567228564 0.7438929477 0.7885836224 0 0 0.9381475377 0.3462357543
cyl 0.03 0.06 -0.6366693796 0.6180965669 0.8885836224 0 0 0.9381475377 0.3462357543
cyl 0.05 0.175 -1.067946431 0.9143944473 0.9385836224 0 0 0.9510989326 -0.3088864201
end
problem table_pick 12
start 1.57 -1.5707 0 -1.5707 -1.57 3.14
goal 1.732490583 -2.218979824 -1.815501654 -2.251063785 -1.437669333 -3.141544128
box 0.125 0.125 0.125 0.8147220388 0.4020983334 0.9672711613 0 0 0.6229017965 0.7823000396
box 0.1 0.01 0.2 1.095879298 -0.2581728255 1.017271161 0 0 -0.3280288365 0.9446677101
box 0.01 0.1 0.2 0.6286480008 0.226366637 1.017271161 0 0 0.6607360821 0.7506182983
box 0.1 0.025 0.175 0.6911611939 -0.3091642333 1.017271161 0 0 -0.3864884017 0.9222942672
box 0.1 0.025 0.175 1.09899669 0.07950004483 1.017271161 0 0 0.6234660678 0.7818504092
box 0.025 0.025 0.35 1.4563359 0.8281417037 0.4672711613 0 0 0.01214209554 0.999926282
box 0.025 0.025 0.35 0.5566012746 0.8062875429 0.4672711613 0 0 0.01214209554 0.999926282
box 0.025 0.025 0.35 1.497615981 -0.8713570327 0.4672711613 0 0 0.01214209554 0.999926282
box 0.025 0.025 0.35 0.5978813561 -0.8932111935 0.4672711613 0 0 0.01214209554 0.999926282
box 0.6 1 0.02 1.027108628 -0.03253474491 0.8172711613 0 0 0.01214209554 0.999926282
cyl 0.03 0.06 0.7956506386 -0.02035069763 0.9172711613 0 0 0.01214209554 0.999926282
cyl 0.05 0.175 1.356911339 -0.0526914037 0.9672711613 0 0 -0.5806536282 0.8141507011
end
problem table_pick 13
start 1.57 -1.5707 0 -1.5707 -1.57 3.14
goal 0.345143575 -0.7664694104 1.326140187 -0.5611971194 1.472445721 -3.138514023
box 0.125 0.125 0.125 -0.7984300301 0.5239891252 1.020597906 0 0 0.8391272879 0.5439351015
box 0.1 0.01 0.2 -0.4784925504 1.164485277 1.070597906 0 0 0.9031068521 0.4294158982
box 0.01 0.1 0.2 -0.6010563074 0.6481233549 1.070597906 0 0 0.9998285296 -0.01851786753
box 0.1 0.025 0.175 -0.1711124961 0.7705126792 1.070597906 0 0 0.9997039755 0.02433025573
box 0.1 0.025 0.175 -0.6356533864 0.9523019251 1.070597906 0 0 0.5186400431 0.8549926934
box 0.025 0.025 0.35 -1.511179442 1.067959376 0.5205979059 0 0 0.8455697619 0.5338649434
box 0.025 0.025 0.35 -1.124200642 0.2554032805 0.5205979059 0 0 0.8455697619 0.5338649434
box 0.025 0.025 0.35 0.02364873873 1.798919332 0.5205979059 0 0 0.8455697619 0.5338649434
box 0.025 0.025 0.35 0.4106275388 0.9863632362 0.5205979059 0 0 0.8455697619 0.5338649434
box 0.6 1 0.02 -0.5502759514 1.027161306 0.8705979059 0 0 0.8455697619 0.5338649434
cyl 0.03 0.06 -0.4395802822 0.8193235914 0.9705979059 0 0 0.8455697619 0.5338649434
cyl 0.05 0.175 -0.7125697351 1.341026608 1.020597906 0 0 0.9460367599 0.3240593292
end
problem table_pick 14
start 1.57 -1.5707 0 -1.5707 -1.57 3.14
goal 3.09287866 -2.218780075 -1.615722896 -2.447851671 -1.339990772 -3.14159265
box 0.125 0.125 0.125 -0.2784699839 0.9435991911 1.022241193 0 0 0.3579647207 0.9337351117
box 0.1 0.01 0.2 0.5403804924 1.007755983 1.072241193 0 0 0.700569389 0.7135842846
box 0.01 0.1 0.2 -0.1169523992 0.7745486595 1.072241193 0 0 0.8910743984 0.4538572644
box 0.1 0.025 0.175 0.3709199229 0.516927497 1.072241193 0 0 -0.1346675034 0.9908908434
box 0.1 0.025 0.175 0.02123133095 1.100933816 1.072241193 0 0 0.4231587866 0.9060555399
box 0.025 0.025 0.35 -0.4251204492 1.703937748 0.5222411926 0 0 0.6003710348 0.7997215894
box 0.025 0.025 0.35 -0.6763187662 0.8397043269 0.5222411926 0 0 0.6003710348 0.7997215894
box 0.025 0.025 0.35 1.207320457 1.229452038 0.5222411926 0 0 0.6003710348 0.7997215894
box 0.025 0.025 0.35 0.9561221396 0.365218617 0.5222411926 0 0 0.6003710348 0.7997215894
box 0.6 1 0.02 0.2655008452 1.034578182 0.8722411926 0 0 0.6003710348 0.7997215894
cyl 0.03 0.06 0.2152708896 0.8234562178 0.9722411926 0 0 0.6003710348 0.7997215894
cyl 0.05 0.175 0.3195496285 1.245507773 1.022241193 0 0 0.05129283907 0.9986836559
end
problem table_pick 15
start 1.57 -1.5707 0 -1.5707 -1.57 3.14
goal -1.956993663 -2.335205772 -1.23488824 -2.714648942 -1.447573591 3.13971154
box 0.125 0.125 0.125 -0.9977626006 0.1128429609 1.077537694 0 0 -0.864843856 0.5020409393
box 0.1 0.01 0.2 -0.8271293429 0.7435870288 1.127537694 0 0 0.9998065624 0.01966819055
box 0.01 0.1 0.2 -0.7547891427 0.2347724739 1.127537694 0 0 0.8336261257 0.5523291432
box 0.1 0.025 0.175 -0.6323156599 0.5965442225 1.127537694 0 0 0.9684998466 -0.2490141506
box 0.1 0.025 0.175 -1.060809721 0.495692607 1.127537694 0 0 0.7350366344 0.6780273934
box 0.025 0.025 0.35 -1.798789896 0.05739233398 0.5775376935 0 0 0.9672515431 0.253819724
box 0.025 0.025 0.35 -1.01475391 -0.3845212015 0.5775376935 0 0 0.9672515431 0.253819724
box 0.025 0.025 0.35 -0.9640643292 1.538349196 0.5775376935 0 0 0.9672515431 0.253819724
box 0.025 0.025 0.35 -0.1800283433 1.096435661 0.5775376935 0 0 0.9672515431 0.253819724
box 0.6 1 0.02 -0.9894091198 0.5769139973 0.9275376935 0 0 0.9672515431 0.253819724
cyl 0.03 0.06 -0.8075487176 0.4858542193 1.027537694 0 0 0.9672515431 0.253819724
cyl 0.05 0.175 -1.333357308 0.7519396713 1.077537694 0 0 0.7480947449 0.6635919323
end
problem table_pick 16
start 1.57 -1.5707 0 -1.5707 -1.57 3.14
goal 2.570820569 -2.217477774 -1.646072487 -2.416844789 -1.422567855 3.141584284
box 0.125 0.125 0.125 0.2513542877 0.7192287723 1.014059838 0 0 0.6814030041 0.7319084274
box 0.1 0.01 0.2 0.7828761918 0.564900158 1.064059838 0 0 -0.1141776482 0.9934603488
box 0.01 0.1 0.2 0.3348306446 0.5551685987 1.064059838 0 0 0.782702745 0.6223957045
box 0.1 0.025 0.175 0.5329000162 0.254050659 1.064059838 0 0 -0.27939638 0.9601758499
box 0.1 0.025 0.175 0.5020006969 0.8642279853 1.064059838 0 0 0.6079448268 0.793979274
box 0.025 0.025 0.35 0.389575108 1.636599786 0.5140598379 0 0 0.4127206347 0.9108576605
box 0.025 0.025 0.35 -0.2038159119 0.9599262332 0.5140598379 0 0 0.4127206347 0.9108576605
box 0.025 0.025 0.35 1.667736264 0.5157500821 0.5140598379 0 0 0.4127206347 0.9108576605
box 0.025 0.025 0.35 1.074345244 -0.1609234711 0.5140598379 0 0 0.4127206347 0.9108576605
box 0.6 1 0.02 0.731960176 0.7378381576 0.8640598379 0 0 0.4127206347 0.9108576605
cyl 0.03 0.06 0.5757935091 0.6164089998 0.9640598379 0 0 0.4127206347 0.9108576605
cyl 0.05 0.175 0.8085187133 0.9517412606 1.014059838 0 0 0.750821602 0.6605050507
end
problem table_pick 17
start 1.57 -1.5707 0 -1.5707 -1.57 3.14
goal 0.947833763 -1.066543434 2.018779997 -0.9494930041 1.189282285 -3.140625072
box 0.125 0.125 0.125 -0.7616844112 -0.1769974148 0.9862621182 0 0 0.7851933051 0.6192507357
box 0.1 0.01 0.2 -0.8246193151 0.537119183 1.036262118 0 0 0.8813687658 -0.4724289351
box 0.01 0.1 0.2 -0.6908551685 -0.02808244798 1.036262118 0 0 0.9714203022 -0.2373659547
box 0.1 0.025 0.175 -0.4904670565 0.4125999856 1.036262118 0 0 -0.8516080478 0.5241791038
box 0.1 0.025 0.175 -1.058608041 0.0007495657069 1.036262118 0 0 0.9931540717 0.1168117712
box 0.025 0.025 0.35 -1.575477033 -0.4560221666 0.4862621182 0 0 0.9928199443 0.1196183859
box 0.025 0.025 0.35 -0.7012324381 -0.6697893011 0.4862621182 0 0 0.9928199443 0.1196183859
box 0.025 0.025 0.35 -1.171694668 1.195328735 0.4862621182 0 0 0.9928199443 0.1196183859
box 0.025 0.025 0.35 -0.2974500729 0.9815616009 0.4862621182 0 0 0.9928199443 0.1196183859
box 0.6 1 0.02 -0.9364635531 0.2627697171 0.8362621182 0 0 0.9928199443 0.1196183859
cyl 0.03 0.06 -0.6890558383 0.2313314641 0.9362621182 0 0 0.9928199443 0.1196183859
cyl 0.05 0.175 -1.262305319 0.4294412011 0.9862621182 0 0 0.9979638537 -0.06378202436
end
problem table_pick 18
start 1.57 -1.5707 0 -1.5707 -1.57 3.14
goal -0.1167021 -0.69051195 1.422993109 -0.731125099 1.405276398 -3.14159265
box 0.125 0.125 0.125 -0.5351312592 0.7907186273 0.9427912817 0 0 0.9393835526 0.3428681103
box 0.1 0.01 0.2 0.04930229643 1.174702845 0.9927912817 0 0 0.7746876779 0.6323440532
box 0.01 0.1 0.2 -0.2803942543 0.6549616795 0.9927912817 0 0 0.3913249196 0.920252578
box 0.1 0.025 0.175 0.1805510482 0.728738532 0.9927912817 0 0 0.9977247952 0.06741834349
box 0.1 0.025 0.175 -0.30489588 1.060104971 0.9927912817 0 0 0.9800165848 0.1989157952
box 0.025 0.025 0.35 -0.9486398776 1.487237708 0.4427912817 0 0 0.7224072517 0.691467832
box 0.025 0.025 0.35 -0.9092698505 0.5880992314 0.4427912817 0 0 0.7224072517 0.691467832
box 0.025 0.025 0.35 0.7497328013 1.561603315 0.4427912817 0 0 0.7224072517 0.691467832
box 0.025 0.025 0.35 0.7891028284 0.662464838 0.4427912817 0 0 0.7224072517 0.691467832
box 0.6 1 0.02 -0.07976852461 1.074851273 0.7927912817 0 0 0.7224072517 0.691467832
cyl 0.03 0.06 -0.04719938802 0.9104198511 0.8927912817 0 0 0.7224072517 0.691467832
cyl 0.05 0.175 -0.1744421733 1.427888361 0.9427912817 0 0 0.7826405549 0.6224739046
end
problem table_pick 19
start 1.57 -1.5707 0 -1.5707 -1.57 3.14
goal 1.032453926 -0.9262643739 1.519382993 -0.5930230444 1.308994752 -3.140374659
box 0.125 0.125 0.125 -0.8776658438 -0.158185353 1.054373665 0 0 -0.8646960114 0.5022955384
box 0.1 0.01 0.2 -0.924666018 0.51794725 1.104373665 0 0 0.8125447077 0.5828988746
box 0.01 0.1 0.2 -0.6528335413 0.05574447169 1.104373665 0 0 -0.825868091 0.5638633667
box 0.1 0.025 0.175 -0.5219731526 0.4533909258 1.104373665 0 0 -0.8656616772 0.5006294645
box 0.1 0.025 0.175 -1.074857461 0.2481429861 1.104373665 0 0 0.8779474969 0.4787569243
box 0.025 0.025 0.35 -1.664879918 -0.3379664013 0.5543736652 0 0 0.9903798235 0.1383755947
box 0.025 0.025 0.35 -0.7993459673 -0.584646316 0.5543736652 0 0 0.9903798235 0.1383755947
box 0.025 0.025 0.35 -1.198928968 1.296931061 0.5543736652 0 0 0.9903798235 0.1383755947
box 0.025 0.025 0.35 -0.3333950172 1.050251146 0.5543736652 0 0 0.9903798235 0.1383755947
box 0.6 1 0.02 -0.9991374675 0.3561423725 0.9043736652 0 0 0.9903798235 0.1383755947
cyl 0.03 0.06 -0.8258136294 0.2817169781 1.004373665 0 0 0.9903798235 0.1383755947
cyl 0.05 0.175 -1.307693809 0.5260811641 1.054373665 0 0 0.8910582558 -0.4538889563
end
problem table_pick 20
start 1.57 -1.5707 0 -1.5707 -1.57 3.14
goal 2.103250585 -2.488006526 -1.424551517 -2.368540641 -1.393414677 3.1404116
box 0.125 0.125 0.125 0.5225080108 0.7639557159 0.91913845 0 0 0.3282099556 0.9446047983
box 0.1 0.01 0.2 1.129689937 0.1701058784 0.96913845 0 0 0.7467735781 0.6650783586
box 0.01 0.1 0.2 0.5696212118 0.4351048832 0.96913845 0 0 0.4548999509 0.8905425507
box 0.1 0.025 0.175 0.6395780127 0.06262980047 0.96913845 0 0 0.2056118221 0.9786336284
box 0.1 0.025 0.175 0.8664783896 0.6038597691 0.96913845 0 0 0.3326054162 0.9430660831
box 0.025 0.025 0.35 1.157482288 1.386911839 0.41913845 0 0 0.1763063674 0.9843353417
box 0.025 0.025 0.35 0.3134333716 1.07453158 0.41913845 0 0 0.1763063674 0.9843353417
box 0.025 0.025 0.35 1.747533889 -0.2074027811 0.41913845 0 0 0.1763063674 0.9843353417
box 0.025 0.025 0.35 0.903484972 -0.5197830401 0.41913845 0 0 0.1763063674 0.9843353417
box 0.6 1 0.02 1.03048363 0.4335643996 0.76913845 0 0 0.1763063674 0.9843353417
cyl 0.03 0.06 0.8535527844 0.317694752 0.86913845 0 0 0.1763063674 0.9843353417
cyl 0.05 0.175 1.356406991 0.6477267224 0.91913845 0 0 0.7770969595 0.6293808986
end
problem table_pick 21
start 1.57 -1.5707 0 -1.5707 -1.57 3.14
goal -0.9157923807 -0.9554670968 1.41950722 -0.4600120882 1.555739339 3.140157324
box 0.125 0.125 0.125 0.2880240543 0.9254053034 1.106555536 0 0 0.7086590805 0.7055510667
box 0.1 0.01 0.2 0.8724692991 0.5978762444 1.156555536 0 0 -0.3669417745 0.9302439111
box 0.01 0.1 0.2 0.3308516412 0.5266353052 1.156555536 0 0 -0.152869347 0.9882464079
box 0.1 0.025 0.175 0.5428695005 0.1921440704 1.156555536 0 0 0.4351955294 0.9003359657
box 0.1 0.025 0.175 0.7646837742 0.8636738163 1.156555536 0 0 0.5293755177 0.8483876244
box 0.025 0.025 0.35 0.5843979745 1.656047765 0.6065555365 0 0 0.3292744523 0.9442342586
box 0.025 0.025 0.35 -0.1204430286 1.096405772 0.6065555365 0 0 0.3292744523 0.9442342586
box 0.025 0.025 0.35 1.641499517 0.3246814262 0.6065555365 0 0 0.3292744523 0.9442342586
box 0.025 0.025 0.35 0.9366585138 -0.2349605668 0.6065555365 0 0 0.3292744523 0.9442342586
box 0.6 1 0.02 0.7605282442 0.7105435993 0.9565555365 0 0 0.3292744523 0.9442342586
cyl 0.03 0.06 0.626941866 0.6253600944 1.056555536 0 0 0.3292744523 0.9442342586
cyl 0.05 0.175 1.019915485 0.9766092525 1.106555536 0 0 0.8655905117 0.5007524997
end
problem table_pick 22
start 1.57 -1.5707 0 -1.5707 -1.57 3.14
goal -1.312584401 -0.9111477576 1.934832384 -1.025953094 1.480785636 3.141579389
box 0.125 0.125 0.125 0.4572821096 0.720440034 0.9349636329 0 0 -0.1101496714 0.9939150114
box 0.1 0.01 0.2 0.9408374324 0.1914024864 0.9849636329 0 0 -0.01965962591 0.9998067309
box 0.01 0.1 0.2 0.4410460559 0.4119401652 0.9849636329 0 0 -0.2044380992 0.9788794939
box 0.1 0.025 0.175 0.6635444468 0.008266482832 0.9849636329 0 0 -0.1054896425 0.9944204017
box 0.1 0.025 0.175 0.9530860565 0.5117300912 0.9849636329 0 0 -0.4370290354 0.8994473982
box 0.025 0.025 0.35 1.048745324 1.320182264 0.4349636329 0 0 0.1719136112 0.9851120293
box 0.025 0.025 0.35 0.2019430457 1.015344764 0.4349636329 0 0 0.1719136112 0.9851120293
box 0.025 0.025 0.35 1.62454949 -0.2793331515 0.4349636329 0 0 0.1719136112 0.9851120293
box 0.025 0.025 0.35 0.7777472114 -0.584170651 0.4349636329 0 0 0.1719136112 0.9851120293
box 0.6 1 0.02 0.9132462678 0.3680058063 0.7849636329 0 0 0.1719136112 0.9851120293
cyl 0.03 0.06 0.6872234925 0.3196292202 0.8849636329 0 0 0.1719136112 0.9851120293
cyl 0.05 0.175 1.252963135 0.4626916334 0.9349636329 0 0 0.4912200726 0.8710354988
end
problem table_pick 23
start 1.57 -1.5707 0 -1.5707 -1.57 3.14
goal -1.739832525 -2.216919605 -1.467798628 -2.594373171 -1.543135415 -3.139014487
box 0.125 0.125 0.125 -0.7990015215 -0.07317833644 1.06979809 0 0 0.9998480445 -0.01743238185
box 0.1 0.01 0.2 -1.073578793 0.409687412 1.11979809 0 0 0.9928176884 -0.1196371084
box 0.01 0.1 0.2 -0.7678808313 -0.01532282264 1.11979809 0 0 0.9735626511 0.2284201489
box 0.1 0.025 0.175 -0.627305065 0.3524922651 1.11979809 0 0 0.9933782923 0.1148893743
box 0.1 0.025 0.175 -1.083396491 0.007160070267 1.11979809 0 0 0.9070321562 -0.4210613585
box 0.025 0.025 0.35 -1.655180441 -0.4513787929 0.56979809 0 0 0.9952472497 0.09738024451
box 0.025 0.025 0.35 -0.772249683 -0.6258301499 0.56979809 0 0 0.9952472497 0.09738024451
box 0.025 0.025 0.35 -1.325661212 1.216379306 0.56979809 0 0 0.9952472497 0.09738024451
box 0.025 0.025 0.35 -0.4427304532 1.041927949 0.56979809 0 0 0.9952472497 0.09738024451
box 0.6 1 0.02 -1.048955447 0.2952745782 0.91979809 0 0 0.9952472497 0.09738024451
cyl 0.03 0.06 -0.8420504024 0.2609963832 1.01979809 0 0 0.9952472497 0.09738024451
cyl 0.05 0.175 -1.39295502 0.356744781 1.06979809 0 0 0.9742888628 0.2253024897
end
problem table_pick 24
start 1.57 -1.5707 0 -1.5707 -1.57 3.14
goal -1.18534462 -0.8647406938 1.559783572 -0.6950317267 1.407944685 3.141219215
box 0.125 0.125 0.125 0.4838008383 0.8847356503 1.006112656 0 0 0.3620505998 0.9321584432
box 0.1 0.01 0.2 0.9551438422 0.4050060856 1.056112656 0 0 -0.3771521827 0.9261513003
box 0.01 0.1 0.2 0.5244405483 0.6084887167 1.056112656 0 0 -0.4351294995 0.9003678796
box 0.1 0.025 0.175 0.7372956242 0.1757293788 1.056112656 0 0 0.6985764696 0.7155354052
box 0.1 0.025 0.175 0.8496041128 0.8596442411 1.056112656 0 0 0.4323107283 0.9017246998
box 0.025 0.025 0.35 0.8493741926 1.551076659 0.5061126559 0 0 0.2709225521 0.9626011483
box 0.025 0.025 0.35 0.08149244521 1.081654012 0.5061126559 0 0 0.2709225521 0.9626011483
box 0.025 0.025 0.35 1.736061416 0.1006333585 0.5061126559 0 0 0.2709225521 0.9626011483
box 0.025 0.025 0.35 0.9681796684 -0.3687892891 0.5061126559 0 0 0.2709225521 0.9626011483
box 0.6 1 0.02 0.9087769305 0.591143685 0.8561126559 0 0 0.2709225521 0.9626011483
cyl 0.03 0.06 0.7347832158 0.464892546 0.9561126559 0 0 0.2709225521 0.9626011483
cyl 0.05 0.175 1.210289282 0.7109600161 1.006112656 0 0 -0.3158563181 0.9488070332
end
problem table_pick 25
start 1.57 -1.5707 0 -1.5707 -1.57 3.14
goal 1.686226131 -2.284984326 -1.316176635 -2.679707639 -1.486115548 3.140508596
box 0.125 0.125 0.125 0.8689990022 0.4266727242 1.081295278 0 0 -0.3601663619 0.9328880918
box 0.1 0.01 0.2 1.144980162 -0.2144548874 1.131295278 0 0 -0.6322658532 0.7747515027
box 0.01 0.1 0.2 0.7623286738 0.1704597011 1.131295278 0 0 0.339758743 0.9405126243
box 0.1 0.025 0.175 0.6708082557 -0.1643774625 1.131295278 0 0 0.07755808437 0.9969878352
box 0.1 0.025 0.175 1.091729461 0.2700619731 1.131295278 0 0 0.1019556789 0.9947889422
box 0.025 0.025 0.35 1.549163359 0.8744044075 0.5812952778 0 0 0.014649783 0.9998926862
box 0.025 0.025 0.35 0.6495496682 0.848037628 0.5812952778 0 0 0.014649783 0.9998926862
box 0.025 0.025 0.35 1.598967276 -0.8248658976 0.5812952778 0 0 0.014649783 0.9998926862
box 0.025 0.025 0.35 0.6993535852 -0.8512326772 0.5812952778 0 0 0.014649783 0.9998926862
box 0.6 1 0.02 1.124258472 0.0115858652 0.9312952778 0 0 0.014649783 0.9998926862
cyl 0.03 0.06 0.9206457947 -0.0280027193 1.031295278 0 0 0.014649783 0.9998926862
cyl 0.05 0.175 1.359373048 0.05200267044 1.081295278 0 0 0.005551351158 0.9999845911
end
problem table_pick 26
start 1.57 -1.5707 0 -1.5707 -1.57 3.14
goal -0.2773513069 -1.048904358 1.87532238 -0.8234199812 1.27743325 -3.139941993
box 0.125 0.125 0.125 -0.4257380294 0.5870641628 1.013602713 0 0 0.1535559696 0.9881399517
box 0.1 0.01 0.2 0.1699046734 0.8766541384 1.063602713 0 0 0.06013461995 0.9981902762
box 0.01 0.1 0.2 -0.2208696616 0.6453174594 1.063602713 0 0 0.9120120799 0.4101633407
box 0.1 0.025 0.175 0.299201364 0.5674004967 1.063602713 0 0 0.4926248256 0.8702417947
box 0.1 0.025 0.175 -0.1660669181 1.019904393 1.063602713 0 0 0.5408740099 0.8411036234
box 0.025 0.025 0.35 -0.8517490286 1.408465668 0.513602713 0 0 0.71230476 0.7018703077
box 0.025 0.025 0.35 -0.8384685005 0.5085636584 0.513602713 0 0 0.71230476 0.7018703077
box 0.025 0.025 0.35 0.8480658791 1.43355111 0.513602713 0 0 0.71230476 0.7018703077
box 0.025 0.025 0.35 0.8613464072 0.5336491004 0.513602713 0 0 0.71230476 0.7018703077
box 0.6 1 0.02 0.004798689312 0.9710573844 0.863602713 0 0 0.71230476 0.7018703077
cyl 0.03 0.06 0.02193572576 0.7712457364 0.963602713 0 0 0.71230476 0.7018703077
cyl 0.05 0.175 -0.0803438117 1.319132246 1.013602713 0 0 0.06106285656 0.9981339227
end
problem table_pick 27
start 1.57 -1.5707 0 -1.5707 -1.57 3.14
goal -1.497107363 -1.171505068 2.014842249 -0.84292513 1.335412463 3.138943551
box 0.125 0.125 0.125 0.4679828593 0.4315990493 1.032513169 0 0 -0.001731783255 0.9999985005
box 0.1 0.01 0.2 0.9996886798 0.1746935919 1.082513169 0 0 -0.5817541781 0.8133646638
box 0.01 0.1 0.2 0.3655395338 0.362753339 1.082513169 0 0 -0.08887425765 0.9960428537
box 0.1 0.025 0.175 0.5149562459 -0.05883387406 1.082513169 0 0 0.3855015828 0.9227071744
box 0.1 0.025 0.175 0.8105787409 0.3270896597 1.082513169 0 0 0.7660597063 0.6427694193
box 0.025 0.025 0.35 1.076888568 1.199077167 0.532513169 0 0 0.1548012618 0.9879456308
box 0.025 0.025 0.35 0.2200227432 0.9237937524 0.532513169 0 0 0.1548012618 0.9879456308
box 0.025 0.025 0.35 1.596868351 -0.4194471691 0.532513169 0 0 0.1548012618 0.9879456308
box 0.025 0.025 0.35 0.7400025258 -0.6947305834 0.532513169 0 0 0.1548012618 0.9879456308
box 0.6 1 0.02 0.9084455469 0.2521732916 0.882513169 0 0 0.1548012618 0.9879456308
cyl 0.03 0.06 0.6857889598 0.226001436 0.982513169 0 0 0.1548012618 0.9879456308
cyl 0.05 0.175 1.235269429 0.3205764357 1.032513169 0 0 -0.02278491184 0.9997403902
end
problem table_pick 28
start 1.57 -1.5707 0 -1.5707 -1.57 3.14
goal 2.503609575 -2.150000874 -1.574214019 -2.564294925 -1.265041861 3.140283132
box 0.125 0.125 0.125 0.2997251061 0.7634925184 1.074436637 0 0 -0.1289098884 0.9916563118
box 0.1 0.01 0.2 0.9874424842 0.4644637519 1.124436637 0 0 0.08675784992 0.9962294291
box 0.01 0.1 0.2 0.4093677454 0.6447987431 1.124436637 0 0 0.7357091284 0.6772976291
box 0.1 0.025 0.175 0.5517280251 0.2950968488 1.124436637 0 0 0.5961507198 0.8028725424
box 0.1 0.025 0.175 0.5718907183 0.824554397 1.124436637 0 0 0.6876065451 0.7260834932
box 0.025 0.025 0.35 0.6408037357 1.614310984 0.574436637 0 0 0.3081039472 0.9513526989
box 0.025 0.025 0.35 -0.08832578821 1.086703045 0.574436637 0 0 0.3081039472 0.9513526989
box 0.025 0.025 0.35 1.63739651 0.2370663278 0.574436637 0 0 0.3081039472 0.9513526989
box 0.025 0.025 0.35 0.9082669856 -0.2905416113 0.574436637 0 0 0.3081039472 0.9513526989
box 0.6 1 0.02 0.7745353607 0.6618846864 0.924436637 0 0 0.3081039472 0.9513526989
cyl 0.03 0.06 0.6503934869 0.5496131392 1.024436637 0 0 0.3081039472 0.9513526989
cyl 0.05 0.175 1.120524879 0.810234833 1.074436637 0 0 0.4542168177 0.8908911732
end
problem table_pick 29
start 1.57 -1.5707 0 -1.5707 -1.57 3.14
goal -2.561573317 -2.056824473 -1.649112743 -2.576751433 -1.478160154 -3.140631919
box 0.125 0.125 0.125 -0.5794286102 0.5513688582 1.099938426 0 0 0.9386072366 0.3449876162
box 0.1 0.01 0.2 -0.2938209065 1.022369429 1.149938426 0 0 0.913141474 0.4076427951
box 0.01 0.1 0.2 -0.3982687186 0.3548312878 1.149938426 0 0 0.9773513488 -0.2116231109
box 0.1 0.025 0.175 0.02384507695 0.6626899089 1.149938426 0 0 0.9427754309 0.3334283836
box 0.1 0.025 0.175 -0.6346329903 0.7602228499 1.149938426 0 0 0.9450943533 0.3267975878
box 0.025 0.025 0.35 -1.364914233 0.8897377863 0.5999384255 0 0 0.8569507569 0.5153982928
box 0.025 0.025 0.35 -0.943057953 0.09473006345 0.5999384255 0 0 0.8569507569 0.5153982928
box 0.025 0.025 0.35 0.1367670217 1.686577425 0.5999384255 0 0 0.8569507569 0.5153982928
box 0.025 0.025 0.35 0.5586233013 0.8915697027 0.5999384255 0 0 0.8569507569 0.5153982928
box 0.6 1 0.02 -0.4031454657 0.8906537445 0.9499384255 0 0 0.8569507569 0.5153982928
cyl 0.03 0.06 -0.3309618669 0.7527471244 1.049938426 0 0 0.8569507569 0.5153982928
cyl 0.05 0.175 -0.5767397918 1.158051212 1.099938426 0 0 0.9936802854 0.1122474513
end
problem table_pick 30
start 1.57 -1.5707 0 -1.5707 -1.57 3.14
goal 0.9066873731 -1.038901658 1.594429347 -0.5563132546 1.539174442 3.14159265
box 0.125 0.125 0.125 -0.9657212516 0.03627587909 1.093377647 0 0 0.9735312217 0.2285540645
box 0.1 0.01 0.2 -0.7107365507 0.8033913513 1.143377647 0 0 0.9811786874 0.1931020027
box 0.01 0.1 0.2 -0.6366718509 0.1224985663 1.143377647 0 0 0.6438856064 0.7651217719
box 0.1 0.025 0.175 -0.3914659192 0.5649827039 1.143377647 0 0 0.9999941669 0.003415565194
box 0.1 0.025 0.175 -0.92500769 0.4419637316 1.143377647 0 0 0.9917796015 -0.1279578916
box 0.025 0.025 0.35 -1.746971571 0.1673028715 0.5933776475 0 0 0.9505850423 0.3104642932
box 0.025 0.025 0.35 -1.02047011 -0.3639180124 0.5933776475 0 0 0.9505850423 0.3104642932
box 0.025 0.025 0.35 -0.7435543461 1.539583409 0.5933776475 0 0 0.9505850423 0.3104642932
box 0.025 0.025 0.35 -0.01705288532 1.008362525 0.5933776475 0 0 0.9505850423 0.3104642932
box 0.6 1 0.02 -0.8820122283 0.587832698 0.9433776475 0 0 0.9505850423 0.3104642932
cyl 0.03 0.06 -0.7271360766 0.4194672179 1.043377647 0 0 0.9505850423 0.3104642932
cyl 0.05 0.175 -1.204458849 0.7307885238 1.093377647 0 0 0.9177266548 0.3972125212
end
problem table_pick 31
start 1.57 -1.5707 0 -1.5707 -1.57 3.14
goal -0.7293633912 -0.8229698686 1.73192926 -0.9076995793 1.372113086 -3.139451253
box 0.125 0.125 0.125 0.05411201023 0.723596504 0.9359298286 0 0 -0.08381735056 0.9964811347
box 0.1 0.01 0.2 0.7060889997 0.7627634197 0.9859298286 0 0 0.7630167367 0.6463787276
box 0.01 0.1 0.2 0.1161993919 0.675573509 0.9859298286 0 0 0.8258894524 0.5638320782
box 0.1 0.025 0.175 0.5388235892 0.4406519983 0.9859298286 0 0 -0.2265518347 0.97399911
box 0.1 0.025 0.175 0.4216551205 0.8825996382 0.9859298286 0 0 0.3053318872 0.9522459969
box 0.025 0.025 0.35 0.05479243553 1.688145755 0.4359298286 0 0 0.4963950165 0.8680967617
box 0.025 0.025 0.35 -0.4016731422 0.9124917239 0.4359298286 0 0 0.4963950165 0.8680967617
box 0.025 0.025 0.35 1.519916717 0.8259329973 0.4359298286 0 0 0.4963950165 0.8680967617
box 0.025 0.025 0.35 1.063451139 0.05027896594 0.4359298286 0 0 0.4963950165 0.8680967617
box 0.6 1 0.02 0.5591217874 0.8692123606 0.7859298286 0 0 0.4963950165 0.8680967617
cyl 0.03 0.06 0.415313151 0.7109776492 0.8859298286 0 0 0.4963950165 0.8680967617
cyl 0.05 0.175 0.7792783135 1.066265098 0.9359298286 0 0 0.2816498532 0.9595172537
end
problem table_pick 32
start 1.57 -1.5707 0 -1.5707 -1.57 3.14
goal 2.010985753 -1.855404802 -1.949470248 -2.478517771 -1.45107405 -3.141090052
box 0.125 0.125 0.125 0.6336867852 0.4722105025 1.10108094 0 0 0.3129644267 0.9497648486
box 0.1 0.01 0.2 1.10843747 -0.007699821823 1.15108094 0 0 0.397038868 0.9178017963
box 0.01 0.1 0.2 0.4209785231 0.3420770558 1.15108094 0 0 -0.246299312 0.9691938139
box 0.1 0.025 0.175 0.5772754905 -0.1544028078 1.15108094 0 0 0.3917033248 0.9200915744
box 0.1 0.025 0.175 0.8689769122 0.480852398 1.15108094 0 0 -0.4341806134 0.9008258405
box 0.025 0.025 0.35 1.096681761 1.194483589 0.6010809405 0 0 0.1586607104 0.9873331651
box 0.025 0.025 0.35 0.241993559 0.9125118223 0.6010809405 0 0 0.1586607104 0.9873331651
box 0.025 0.025 0.35 1.629295098 -0.4199274598 0.6010809405 0 0 0.1586607104 0.9873331651
box 0.025 0.025 0.35 0.7746068957 -0.7018992262 0.6010809405 0 0 0.1586607104 0.9873331651
box 0.6 1 0.02 0.9356443284 0.2462921813 0.9510809405 0 0 0.1586607104 0.9873331651
cyl 0.03 0.06 0.7024148463 0.1722542283 1.05108094 0 0 0.1586607104 0.9873331651
cyl 0.05 0.175 1.149933625 0.2432356651 1.10108094 0 0 0.2194587781 0.9756217734
end
problem table_pick 33
start 1.57 -1.5707 0 -1.5707 -1.57 3.14
goal 1.131229681 -0.9936513104 1.6043224 -0.6109103893 1.468077902 3.141550657
box 0.125 0.125 0.125 -0.8428548338 -0.240509677 1.066149572 0 0 0.8502953463 0.5263058276
box 0.1 0.01 0.2 -0.9120104742 0.5150117879 1.116149572 0 0 0.9910299214 0.1336401696
box 0.01 0.1 0.2 -0.5639827089 -0.02278905036 1.116149572 0 0 0.9370451552 -0.3492082146
box 0.1 0.025 0.175 -0.5442028459 0.4161481235 1.116149572 0 0 0.9827150514 0.1851246275
box 0.1 0.025 0.175 -1.080562172 0.07463893216 1.116149572 0 0 0.9904018439 -0.1382178987
box 0.025 0.025 0.35 -1.677454242 -0.3444431759 0.5661495721 0 0 0.985526272 0.1695227633
box 0.025 0.025 0.35 -0.829182583 -0.6451676223 0.5661495721 0 0 0.985526272 0.1695227633
box 0.025 0.025 0.35 -1.109419176 1.257847735 0.5661495721 0 0 0.985526272 0.1695227633
box 0.025 0.025 0.35 -0.2611475175 0.957123289 0.5661495721 0 0 0.985526272 0.1695227633
box 0.6 1 0.02 -0.9693008797 0.3063400566 0.9161495721 0 0 0.985526272 0.1695227633
cyl 0.03 0.06 -0.8133008793 0.2316223383 1.016149572 0 0 0.985526272 0.1695227633
cyl 0.05 0.175 -1.263634229 0.4583524749 1.066149572 0 0 0.9995899341 -0.02863500619
end
problem table_pick 34
start 1.57 -1.5707 0 -1.5707 -1.57 3.14
goal -1.720723128 -2.2405095 -1.603494385 -2.441210628 -1.386219381 3.14159265
box 0.125 0.125 0.125 -0.7519098617 -0.09527215881 1.012975296 0 0 0.731149702 0.6822170573
box 0.1 0.01 0.2 -0.8706123572 0.5196315137 1.062975296 0 0 0.8952923613 -0.4454790543
box 0.01 0.1 0.2 -0.6065931945 -0.0585691171 1.062975296 0 0 0.9367725597 -0.3499388109
box 0.1 0.025 0.175 -0.5085299387 0.3030672615 1.062975296 0 0 0.999989271 -0.00463227192
box 0.1 0.025 0.175 -1.076679759 0.1866216484 1.062975296 0 0 0.8006012928 0.5991974383
box 0.025 0.025 0.35 -1.697742034 -0.3155348573 0.5129752959 0 0 0.9856867534 0.1685871414
box 0.025 0.025 0.35 -0.8489009576 -0.614648259 0.5129752959 0 0 0.9856867534 0.1685871414
box 0.025 0.025 0.35 -1.132750053 1.28783162 0.5129752959 0 0 0.9856867534 0.1685871414
box 0.025 0.025 0.35 -0.2839089765 0.9887182185 0.5129752959 0 0 0.9856867534 0.1685871414
box 0.6 1 0.02 -0.9908255052 0.3365916806 0.8629752959 0 0 0.9856867534 0.1685871414
cyl 0.03 0.06 -0.8064506488 0.2865309699 0.9629752959 0 0 0.9856867534 0.1685871414
cyl 0.05 0.175 -1.32426602 0.3806545995 1.012975296 0 0 0.6580579519 0.7529672847
end
problem table_pick 35
start 1.57 -1.5707 0 -1.5707 -1.57 3.14
goal 0.7827762244 -1.055989732 1.75346192 -0.6938873227 1.466042526 -3.14159265
box 0.125 0.125 0.125 -0.7766330981 0.05126137816 1.053182761 0 0 0.9998745102 -0.01584184057
box 0.1 0.01 0.2 -0.5308992958 0.7715804764 1.103182761 0 0 0.9139928777 0.40573023
box 0.01 0.1 0.2 -0.5095453469 0.1269100856 1.103182761 0 0 0.9240664865 0.3822317734
box 0.1 0.025 0.175 -0.3264626491 0.5469937852 1.103182761 0 0 0.5753384068 0.817915471
box 0.1 0.025 0.175 -0.7684487073 0.4740292878 1.103182761 0 0 0.9985070428 -0.05462312204
box 0.025 0.025 0.35 -1.651591738 0.2294278988 0.5531827611 0 0 0.9418424261 0.3360548234
box 0.025 0.025 0.35 -0.9548708582 -0.3402913435 0.5531827611 0 0 0.9418424261 0.3360548234
box 0.025 0.025 0.35 -0.5754553918 1.545456228 0.5531827611 0 0 0.9418424261 0.3360548234
box 0.025 0.025 0.35 0.1212654884 0.9757369857 0.5531827611 0 0 0.9418424261 0.3360548234
box 0.6 1 0.02 -0.765163125 0.6025824423 0.9031827611 0 0 0.9418424261 0.3360548234
cyl 0.03 0.06 -0.6552314059 0.4641187763 1.003182761 0 0 0.9418424261 0.3360548234
cyl 0.05 0.175 -0.9131809288 0.7574344284 1.053182761 0 0 0.9868199273 0.1618222208
end
problem table_pick 36
start 1.57 -1.5707 0 -1.5707 -1.57 3.14
goal 1.133623373 -0.8516909193 1.637495683 -0.7877798061 1.260324622 -3.138484169
box 0.125 0.125 0.125 -0.7265874915 -0.2792600594 0.9763442984 0 0 0.9964684809 -0.08396765174
box 0.1 0.01 0.2 -1.087635503 0.3389903525 1.026344298 0 0 0.982283078 0.1874031876
box 0.01 0.1 0.2 -0.6842097126 -0.01716846371 1.026344298 0 0 0.993321531 -0.1153790975
box 0.1 0.025 0.175 -0.6104485511 0.4253378618 1.026344298 0 0 -0.8068224173 0.5907940309
box 0.1 0.025 0.175 -0.9880697784 0.03074304714 1.026344298 0 0 0.914270406 -0.4051044614
box 0.025 0.025 0.35 -1.559939687 -0.5798455237 0.4763442984 0 0 0.9980165043 0.06295281725
box 0.025 0.025 0.35 -0.6670731899 -0.6929358348 0.4763442984 0 0 0.9980165043 0.06295281725
box 0.025 0.025 0.35 -1.346324655 1.106680082 0.4763442984 0 0 0.9980165043 0.06295281725
box 0.025 0.025 0.35 -0.4534581579 0.9935897707 0.4763442984 0 0 0.9980165043 0.06295281725
box 0.6 1 0.02 -1.006698922 0.2068721235 0.8263442984 0 0 0.9980165043 0.06295281725
cyl 0.03 0.06 -0.8311296842 0.1731583539 0.9263442984 0 0 0.9980165043 0.06295281725
cyl 0.05 0.175 -1.258776938 0.176291492 0.9763442984 0 0 0.7398905789 0.6727272339
end
problem table_pick 37
start 1.57 -1.5707 0 -1.5707 -1.57 3.14
goal -2.608917305 -2.355869513 -1.470656995 -2.455917315 -1.499428902 -3.139844795
box 0.125 0.125 0.125 -0.6809107609 0.4006534256 0.9864726729 0 0 0.9355977625 0.3530677367
box 0.1 0.01 0.2 -0.2770391643 1.044630296 1.036472673 0 0 0.5134139639 0.8581410733
box 0.01 0.1 0.2 -0.4319236618 0.612271473 1.036472673 0 0 0.2716413492 0.9623985544
box 0.1 0.025 0.175 -0.1530773474 0.7258600622 1.036472673 0 0 0.8117005539 0.584073806
box 0.1 0.025 0.175 -0.5883957743 0.8347802944 1.036472673 0 0 0.9982404505 -0.05929589296
box 0.025 0.025 0.35 -1.387585914 0.9939060479 0.4864726729 0 0 0.8491162238 0.5282060568
box 0.025 0.025 0.35 -0.989788863 0.1865910497 0.4864726729 0 0 0.8491162238 0.5282060568
box 0.025 0.025 0.35 0.137342416 1.745300477 0.4864726729 0 0 0.8491162238 0.5282060568
box 0.025 0.025 0.35 0.5351394669 0.9379854791 0.4864726729 0 0 0.8491162238 0.5282060568
box 0.6 1 0.02 -0.4262232235 0.9659457635 0.8364726729 0 0 0.8491162238 0.5282060568
cyl 0.03 0.06 -0.3374111571 0.8292741674 0.9364726729 0 0 0.8491162238 0.5282060568
cyl 0.05 0.175 -0.444325827 1.206228508 0.9864726729 0 0 0.9651155603 0.2618242831
end
problem table_pick 38
start 1.57 -1.5707 0 -1.5707 -1.57 3.14
goal -1.671404854 -0.8490849133 1.567696059 -0.7191235221 1.246337513 -3.139720348
box 0.125 0.125 0.125 0.7458012921 0.4555001953 0.9947770542 0 0 0.3654080626 0.9308474353
box 0.1 0.01 0.2 0.9468905555 0.04318524326 1.044777054 0 0 0.1305645585 0.9914398096
box 0.01 0.1 0.2 0.5230518585 0.2851349262 1.044777054 0 0 -0.1326579827 0.9911618736
box 0.1 0.025 0.175 0.7318062523 -0.1629657129 1.044777054 0 0 0.3905111167 0.9205982119
box 0.1 0.025 0.175 1.006958088 0.4242506552 1.044777054 0 0 0.3126270138 0.9498759657
box 0.025 0.025 0.35 1.263853226 1.117505271 0.4947770542 0 0 0.1123753755 0.9936658266
box 0.025 0.025 0.35 0.386584031 0.9165108443 0.4947770542 0 0 0.1123753755 0.9936658266
box 0.025 0.025 0.35 1.643509365 -0.539558764 0.4947770542 0 0 0.1123753755 0.9936658266
box 0.025 0.025 0.35 0.7662401703 -0.7405531907 0.4947770542 0 0 0.1123753755 0.9936658266
box 0.6 1 0.02 1.015046698 0.1884760401 0.8447770542 0 0 0.1123753755 0.9936658266
cyl 0.03 0.06 0.8593954637 0.1131671513 0.9447770542 0 0 0.1123753755 0.9936658266
cyl 0.05 0.175 1.232318307 0.2651809491 0.9947770542 0 0 -0.4086866057 0.9126747823
end
problem table_pick 39
start 1.57 -1.5707 0 -1.5707 -1.57 3.14
goal -0.8062002071 -1.009507702 1.899331572 -0.8928831976 1.14037632 -3.138331317
box 0.125 0.125 0.125 -0.006210588821 0.6873706776 0.989163395 0 0 0.663933126 0.7477919525
box 0.1 0.01 0.2 0.7379298739 0.8362417126 1.039163395 0 0 0.1024409055 0.9947390919
box 0.01 0.1 0.2 0.07846356791 0.6714739839 1.039163395 0 0 0.07565379427 0.9971341451
box 0.1 0.025 0.175 0.516026972 0.4470770153 1.039163395 0 0 0.3016882674 0.9534066233
box 0.1 0.025 0.175 0.1979322267 1.040251197 1.039163395 0 0 0.4789336478 0.8778511041
box 0.025 0.025 0.35 -0.1835099353 1.626558873 0.489163395 0 0 0.5612921439 0.8276177434
box 0.025 0.025 0.35 -0.5164219678 0.7903952655 0.489163395 0 0 0.5612921439 0.8276177434
box 0.025 0.025 0.35 1.395910212 0.9977250339 0.489163395 0 0 0.5612921439 0.8276177434
box 0.025 0.025 0.35 1.06299818 0.1615614263 0.489163395 0 0 0.5612921439 0.8276177434
box 0.6 1 0.02 0.4397441223 0.8940601497 0.839163395 0 0 0.5612921439 0.8276177434
cyl 0.03 0.06 0.3706629624 0.6686267376 0.939163395 0 0 0.5612921439 0.8276177434
cyl 0.05 0.175 0.5475926788 1.071182547 0.989163395 0 0 0.1422311129 0.9898334762
end
problem table_pick 40
start 1.57 -1.5707 0 -1.5707 -1.57 3.14
goal -1.138700405 -0.8100102166 1.742684751 -0.9342795123 1.41535396 -3.14159265
box 0.125 0.125 0.125 0.4651095902 0.8173573268 0.9266472256 0 0 0.7934186406 0.6086763185
box 0.1 0.01 0.2 0.8888466396 0.5135506838 0.9766472256 0 0 0.2682218644 0.9633571671
box 0.01 0.1 0.2 0.3823880132 0.6686511179 0.9766472256 0 0 0.1066752329 0.9942939177
box 0.1 0.025 0.175 0.6816146602 0.2460623284 0.9766472256 0 0 0.7333968882 0.6798007093
box 0.1 0.025 0.175 0.7391880066 0.6836882924 0.9766472256 0 0 0.474326409 0.8803490545
box 0.025 0.025 0.35 0.763797867 1.584347377 0.4266472256 0 0 0.2884003965 0.9575099014
box 0.025 0.025 0.35 0.01351248675 1.087284154 0.4266472256 0 0 0.2884003965 0.9575099014
box 0.025 0.025 0.35 1.702695067 0.1671416591 0.4266472256 0 0 0.2884003965 0.9575099014
box 0.025 0.025 0.35 0.9524096866 -0.3299215644 0.4266472256 0 0 0.2884003965 0.9575099014
box 0.6 1 0.02 0.8581037768 0.6272129065 0.7766472256 0 0 0.2884003965 0.9575099014
cyl 0.03 0.06 0.6681800928 0.4754241522 0.8766472256 0 0 0.2884003965 0.9575099014
cyl 0.05 0.175 1.057665993 0.791659111 0.9266472256 0 0 0.2048034275 0.9788031243
end
problem table_pick 41
start 1.57 -1.5707 0 -1.5707 -1.57 3.14
goal -1.222392056 -1.098784066 1.817630162 -0.7178976679 1.282369869 3.14159265
box 0.125 0.125 0.125 0.2338224038 0.7349479723 1.054041785 0 0 0.06400573936 0.9979495305
box 0.1 0.01 0.2 0.9434125635 0.3115316345 1.104041785 0 0 -0.439338821 0.8983214349
box 0.01 0.1 0.2 0.36580324 0.445602569 1.104041785 0 0 0.5909688018 0.8066944126
box 0.1 0.025 0.175 0.7285121064 0.1829679486 1.104041785 0 0 -0.4094241268 0.9123441699
box 0.1 0.025 0.175 0.6723951181 0.624252559 1.104041785 0 0 0.72719671 0.686429126
box 0.025 0.025 0.35 0.6817783198 1.524641246 0.554041785 0 0 0.3114808305 0.9502524361
box 0.025 0.025 0.35 -0.04358512615 0.9918674934 0.554041785 0 0 0.3114808305 0.9502524361
box 0.025 0.025 0.35 1.688128741 0.1545102922 0.554041785 0 0 0.3114808305 0.9502524361
box 0.025 0.025 0.35 0.962765295 -0.3782634602 0.554041785 0 0 0.3114808305 0.9502524361
box 0.6 1 0.02 0.8222718074 0.5731888928 0.904041785 0 0 0.3114808305 0.9502524361
cyl 0.03 0.06 0.6493567481 0.4362318192 1.004041785 0 0 0.3114808305 0.9502524361
cyl 0.05 0.175 0.9603596342 0.7862164002 1.054041785 0 0 0.3096020518 0.9508662206
end
problem table_pick 42
start 1.57 -1.5707 0 -1.5707 -1.57 3.14
goal -2.696770924 -2.430261083 -1.480428479 -2.374252323 -1.273923024 3.14159265
box 0.125 0.125 0.125 -0.5634338115 0.7841701052 0.938396574 0 0 0.8619034833 0.507072367
box 0.1 0.01 0.2 -0.1396496079 1.145589795 0.988396574 0 0 0.8664583187 0.4992494186
box 0.01 0.1 0.2 -0.379206357 0.7009430273 0.988396574 0 0 0.3534409169 0.93545685
box 0.1 0.025 0.175 -0.02687466366 0.6336912397 0.988396574 0 0 0.6610426819 0.7503483009
box 0.1 0.025 0.175 -0.359371386 1.129463444 0.988396574 0 0 0.4011976784 0.9159914971
box 0.025 0.025 0.35 -1.138545885 1.393426433 0.438396574 0 0 0.7574846976 0.6528529183
box 0.025 0.025 0.35 -1.005736364 0.5032794617 0.438396574 0 0 0.7574846976 0.6528529183
box 0.025 0.025 0.35 0.5428428398 1.644288862 0.438396574 0 0 0.7574846976 0.6528529183
box 0.025 0.025 0.35 0.6756523606 0.7541418898 0.438396574 0 0 0.7574846976 0.6528529183
box 0.6 1 0.02 -0.231446762 1.073784162 0.788396574 0 0 0.7574846976 0.6528529183
cyl 0.03 0.06 -0.2023116467 0.871153626 0.888396574 0 0 0.7574846976 0.6528529183
cyl 0.05 0.175 -0.2400814295 1.36977878 0.938396574 0 0 0.1438160009 0.9896044452
end
problem table_pick 43
start 1.57 -1.5707 0 -1.5707 -1.57 3.14
goal -1.671519509 -2.356029614 -1.299974521 -2.627777553 -1.442238583 3.141406448
box 0.125 0.125 0.125 -0.880852888 -0.3037666045 1.041599118 0 0 0.9999434968 0.01063029793
box 0.1 0.01 0.2 -1.061241385 0.3499524906 1.091599118 0 0 0.7300658066 0.6833768492
box 0.01 0.1 0.2 -0.6846759724 -0.143479792 1.091599118 0 0 0.876757601 0.4809325411
box 0.1 0.025 0.175 -0.5340336563 0.388573506 1.091599118 0 0 0.7369965872 0.6758964643
box 0.1 0.025 0.175 -1.056693587 0.07453774345 1.091599118 0 0 0.9980768493 -0.06198873176
box 0.025 0.025 0.35 -1.698958061 -0.4944227539 0.5415991184 0 0 0.9931875727 0.1165265867
box 0.025 0.025 0.35 -0.8233992631 -0.7027417179 0.5415991184 0 0 0.9931875727 0.1165265867
box 0.025 0.025 0.35 -1.305466685 1.159410532 0.5415991184 0 0 0.9931875727 0.1165265867
box 0.025 0.025 0.35 -0.4299078867 0.9510915678 0.5415991184 0 0 0.9931875727 0.1165265867
box 0.6 1 0.02 -1.064432974 0.2283344069 0.8915991184 0 0 0.9931875727 0.1165265867
cyl 0.03 0.06 -0.9017307966 0.2401096781 0.9915991184 0 0 0.9931875727 0.1165265867
cyl 0.05 0.175 -1.458816708 0.2565893858 1.041599118 0 0 0.9222761383 -0.3865316606
end
problem table_pick 44
start 1.57 -1.5707 0 -1.5707 -1.57 3.14
goal -2.368417524 -2.444981987 -1.182558517 -2.654499513 -1.358079198 3.140948958
box 0.125 0.125 0.125 -0.8013204332 0.5105805558 1.02346364 0 0 0.99926609 0.03830510873
box 0.1 0.01 0.2 -0.4111460101 0.9899343148 1.07346364 0 0 0.9999391564 0.0110310245
box 0.01 0.1 0.2 -0.6071581691 0.609986468 1.07346364 0 0 0.9882341991 -0.1529482519
box 0.1 0.025 0.175 -0.3380848063 0.7152605017 1.07346364 0 0 0.8972594786 0.4415035991
box 0.1 0.025 0.175 -0.7103206519 0.8737863833 1.07346364 0 0 0.5117411191 0.8591397017
box 0.025 0.025 0.35 -1.602623891 0.8905278577 0.5234636402 0 0 0.8749571223 0.4842004071
box 0.025 0.025 0.35 -1.124633953 0.1279495871 0.5234636402 0 0 0.8749571223 0.4842004071
box 0.025 0.025 0.35 -0.1621982691 1.793397741 0.5234636402 0 0 0.8749571223 0.4842004071
box 0.025 0.025 0.35 0.3157916693 1.030819471 0.5234636402 0 0 0.8749571223 0.4842004071
box 0.6 1 0.02 -0.643416111 0.9606736643 0.8734636402 0 0 0.8749571223 0.4842004071
cyl 0.03 0.06 -0.5413787618 0.797316806 0.9734636402 0 0 0.8749571223 0.4842004071
cyl 0.05 0.175 -0.7885183224 1.137839835 1.02346364 0 0 0.6178937575 0.7862616005
end
problem table_pick 45
start 1.57 -1.5707 0 -1.5707 -1.57 3.14
goal 2.671708749 -2.253169045 -1.421457702 -2.608242911 -1.4882816 3.139888842
box 0.125 0.125 0.125 0.09620242459 0.9469250896 1.064412721 0 0 0.852821961 0.5222017836
box 0.1 0.01 0.2 0.8439791056 0.7524787698 1.114412721 0 0 0.5371315265 0.8434985022
box 0.01 0.1 0.2 0.1865895967 0.7728871848 1.114412721 0 0 0.8417251882 0.5399062026
box 0.1 0.025 0.175 0.5887694741 0.3760823396 1.114412721 0 0 0.1018018706 0.994804694
box 0.1 0.025 0.175 0.4299546007 1.032971521 1.114412721 0 0 0.8009185868 0.5987732604
box 0.025 0.025 0.35 0.1252715601 1.742474527 0.5644127213 0 0 0.4875772579 0.873079846
box 0.025 0.025 0.35 -0.3468115916 0.9762255479 0.5644127213 0 0 0.4875772579 0.873079846
box 0.025 0.025 0.35 1.572630743 0.8507619073 0.5644127213 0 0 0.4875772579 0.873079846
box 0.025 0.025 0.35 1.100547591 0.08451292817 0.5644127213 0 0 0.4875772579 0.873079846
box 0.6 1 0.02 0.6129095756 0.9134937276 0.9144127213 0 0 0.4875772579 0.873079846
cyl 0.03 0.06 0.5201695239 0.7307980271 1.014412721 0 0 0.4875772579 0.873079846
cyl 0.05 0.175 0.7279502061 1.165315219 1.064412721 0 0 -0.04961288642 0.9987685225
end
problem table_pick 46
start 1.57 -1.5707 0 -1.5707 -1.57 3.14
goal 1.010075022 -0.671848504 1.298800479 -0.6295660467 1.385479402 3.14159265
box 0.125 0.125 0.125 -0.9179859534 -0.1400516242 0.9685407837 0 0 0.6444626984 0.7646357502
box 0.1 0.01 0.2 -1.022675151 0.5539730198 1.018540784 0 0 0.8420649913 0.5393760752
box 0.01 0.1 0.2 -0.753088329 0.1825997899 1.018540784 0 0 0.672923234 0.7397123232
box 0.1 0.025 0.175 -0.6181688688 0.58607229 1.018540784 0 0 0.971656028 0.2363991607
box 0.1 0.025 0.175 -1.028743236 0.3117709943 1.018540784 0 0 0.6511038363 0.7589886655
box 0.025 0.025 0.35 -1.790078022 -0.1804334138 0.4685407837 0 0 0.9826133159 0.1856638668
box 0.025 0.025 0.35 -0.9521259504 -0.5088178317 0.4685407837 0 0 0.9826133159 0.1856638668
box 0.025 0.025 0.35 -1.169796343 1.402364943 0.4685407837 0 0 0.9826133159 0.1856638668
box 0.025 0.025 0.35 -0.331844272 1.073980525 0.4685407837 0 0 0.9826133159 0.1856638668
box 0.6 1 0.02 -1.060961147 0.4467735558 0.8185407837 0 0 0.9826133159 0.1856638668
cyl 0.03 0.06 -0.8714869586 0.3572298514 0.9185407837 0 0 0.9826133159 0.1856638668
cyl 0.05 0.175 -1.386551325 0.6722627303 0.9685407837 0 0 0.9892398608 0.1463027605
end
problem table_pick 47
start 1.57 -1.5707 0 -1.5707 -1.57 3.14
goal -0.8459548912 -0.7414698772 1.604679794 -0.8642532337 1.598940769 3.14159265
box 0.125 0.125 0.125 0.1601917947 0.894860937 0.9237407799 0 0 -0.393035234 0.9195234118
box 0.1 0.01 0.2 0.8541050427 0.6571293669 0.9737407799 0 0 0.1660509351 0.9861171771
box 0.01 0.1 0.2 0.2921089332 0.6139016519 0.9737407799 0 0 0.5668358695 0.8238307454
box 0.1 0.025 0.175 0.540410495 0.3007967074 0.9737407799 0 0 0.1995247771 0.9798927815
box 0.1 0.025 0.175 0.5380416988 0.9301845246 0.9737407799 0 0 0.8968840662 0.4422657253
box 0.025 0.025 0.35 0.5402189627 1.707165765 0.4237407799 0 0 0.3398584888 0.9404765853
box 0.025 0.025 0.35 -0.151874211 1.131833653 0.4237407799 0 0 0.3398584888 0.9404765853
box 0.025 0.025 0.35 1.626957396 0.3998786594 0.4237407799 0 0 0.3398584888 0.9404765853
box 0.025 0.025 0.35 0.9348642226 -0.1754534525 0.4237407799 0 0 0.3398584888 0.9404765853
box 0.6 1 0.02 0.7375415926 0.7658561563 0.7737407799 0 0 0.3398584888 0.9404765853
cyl 0.03 0.06 0.5714301117 0.6386764985 0.8737407799 0 0 0.3398584888 0.9404765853
cyl 0.05 0.175 0.9724095718 0.8344814439 0.9237407799 0 0 -0.237771719 0.9713210641
end
problem table_pick 48
start 1.57 -1.5707 0 -1.5707 -1.57 3.14
goal -0.3332034867 -0.9639162348 1.614512006 -0.6493959833 1.502879011 -3.14159265
box 0.125 0.125 0.125 -0.1382024849 0.9268572984 1.045820889 0 0 0.9488580076 0.3157031539
box 0.1 0.01 0.2 0.4714384258 1.028291807 1.095820889 0 0 0.007355636293 0.9999729469
box 0.01 0.1 0.2 -0.09348061291 0.6557680148 1.095820889 0 0 0.2080407065 0.9781201687
box 0.1 0.025 0.175 0.3801705263 0.5883713034 1.095820889 0 0 0.8227397178 0.5684182939
box 0.1 0.025 0.175 0.007242193579 1.169300285 1.095820889 0 0 0.9826313379 0.1855684612
box 0.025 0.025 0.35 -0.4739056131 1.713907187 0.5458208888 0 0 0.6050410378 0.7961942869
box 0.025 0.025 0.35 -0.7149712297 0.846792795 0.5458208888 0 0 0.6050410378 0.7961942869
box 0.025 0.025 0.35 1.163977127 1.258561022 0.5458208888 0 0 0.6050410378 0.7961942869
box 0.025 0.025 0.35 0.9229115104 0.3914466303 0.5458208888 0 0 0.6050410378 0.7961942869
box 0.6 1 0.02 0.2245029486 1.052676909 0.8958208888 0 0 0.6050410378 0.7961942869
cyl 0.03 0.06 0.1551706985 0.830983245 0.9958208888 0 0 0.6050410378 0.7961942869
cyl 0.05 0.175 0.2481659236 1.302796053 1.045820889 0 0 0.5336876805 0.8456816539
end
problem table_pick 49
start 1.57 -1.5707 0 -1.5707 -1.57 3.14
goal -1.60145589 -2.169243693 -1.673378426 -2.442922906 -1.467699075 -3.14159265
box 0.125 0.125 0.125 -0.7558671654 -0.1371311944 1.033329432 0 0 0.8168001657 0.5769206959
box 0.1 0.01 0.2 -0.9630058505 0.431929539 1.083329432 0 0 0.9483209881 -0.3173126276
box 0.01 0.1 0.2 -0.7255932732 -0.1052175776 1.083329432 0 0 -0.7636119778 0.6456754195
box 0.1 0.025 0.175 -0.5567349614 0.318146266 1.083329432 0 0 0.9805450209 0.1962943248
box 0.1 0.025 0.175 -1.070073826 -0.06176067086 1.083329432 0 0 0.8923874692 0.451269991
box 0.025 0.025 0.35 -1.582453451 -0.5560553845 0.5333294322 0 0 0.9976236054 0.06889950652
box 0.025 0.025 0.35 -0.690998307 -0.6797797779 0.5333294322 0 0 0.9976236054 0.06889950652
box 0.025 0.025 0.35 -1.348751819 1.127804333 0.5333294322 0 0 0.9976236054 0.06889950652
box 0.025 0.025 0.35 -0.457296675 1.004079939 0.5333294322 0 0 0.9976236054 0.06889950652
box 0.6 1 0.02 -1.019875063 0.2240122774 0.8833294322 0 0 0.9976236054 0.06889950652
cyl 0.03 0.06 -0.8155037289 0.165053 0.9833294322 0 0 0.9976236054 0.06889950652
cyl 0.05 0.175 -1.402210499 0.2041786466 1.033329432 0 0 0.9877118709 -0.1562858279
end
problem table_pick 50
start 1.57 -1.5707 0 -1.5707 -1.57 3.14
goal -1.167280752 -0.9726545797 1.672601671 -0.7009939363 1.424135177 -3.141418368
box 0.125 0.125 0.125 0.4683172235 0.6387039735 1.032487556 0 0 0.6479047092 0.7617213978
box 0.1 0.01 0.2 0.9002709041 0.40058608 1.082487556 0 0 0.4411510654 0.8974328596
box 0.01 0.1 0.2 0.4408777501 0.5965565553 1.082487556 0 0 0.03942956006 0.9992223525
box 0.1 0.025 0.175 0.6604252294 0.1581566377 1.082487556 0 0 0.7911505152 0.6116215024
box 0.1 0.025 0.175 0.813039204 0.7118703543 1.082487556 0 0 0.6965188464 0.7175384983
box 0.025 0.025 0.35 0.8452036175 1.503887152 0.5324875563 0 0 0.2714457785 0.9624537336
box 0.025 0.025 0.35 0.07783267673 1.033629946 0.5324875563 0 0 0.2714457785 0.9624537336
box 0.025 0.025 0.35 1.733467228 0.05440870812 0.5324875563 0 0 0.2714457785 0.9624537336
box 0.025 0.025 0.35 0.9660962869 -0.4158484973 0.5324875563 0 0 0.2714457785 0.9624537336
box 0.6 1 0.02 0.9056499522 0.5440193273 0.8824875563 0 0 0.2714457785 0.9624537336
cyl 0.03 0.06 0.694205637 0.4592652541 0.9824875563 0 0 0.2714457785 0.9624537336
cyl 0.05 0.175 1.191545845 0.6502470917 1.032487556 0 0 -0.08149181377 0.996674011
end
problem table_pick 51
start 1.57 -1.5707 0 -1.5707 -1.57 3.14
goal 1.997786448 -2.252156222 -1.532635719 -2.49828286 -1.183748056 -3.14159265
box 0.125 0.125 0.125 0.7999478929 0.5369108434 1.028770083 0 0 0.5684331538 0.8227294511
box 0.1 0.01 0.2 0.9878604877 -0.1435273193 1.078770083 0 0 -0.5811220789 0.8138163979
box 0.01 0.1 0.2 0.6943245285 0.2867135833 1.078770083 0 0 0.6488866528 0.7608850845
box 0.1 0.025 0.175 0.6231904999 -0.04231923444 1.078770083 0 0 0.1243854693 0.9922339719
box 0.1 0.025 0.175 1.073217553 0.3855283483 1.078770083 0 0 0.1767991006 0.9842469599
box 0.025 0.025 0.35 1.482588712 0.9913264729 0.5287700829 0 0 0.01921937357 0.9998152908
box 0.025 0.025 0.35 0.5832536036 0.9567379905 0.5287700829 0 0 0.01921937357 0.9998152908
box 0.025 0.025 0.35 1.547922512 -0.7074176204 0.5287700829 0 0 0.01921937357 0.9998152908
box 0.025 0.025 0.35 0.6485874038 -0.7420061028 0.5287700829 0 0 0.01921937357 0.9998152908
box 0.6 1 0.02 1.065588058 0.1246601851 0.8787700829 0 0 0.01921937357 0.9998152908
cyl 0.03 0.06 0.8567181848 0.1519450309 0.9787700829 0 0 0.01921937357 0.9998152908
cyl 0.05 0.175 1.284941091 0.09061722903 1.028770083 0 0 0.5692151975 0.8221885787
end
problem table_pick 52
start 1.57 -1.5707 0 -1.5707 -1.57 3.14
goal -0.001006073371 -0.9332350967 1.846949145 -0.9139813699 1.32347732 -3.140926649
box 0.125 0.125 0.125 -0.4630772415 0.5172946288 0.9649057121 0 0 0.9983647641 0.05716465435
box 0.1 0.01 0.2 0.02420655626 0.9821544556 1.014905712 0 0 0.6212856018 0.7835842016
box 0.01 0.1 0.2 -0.4447303147 0.5517950448 1.014905712 0 0 0.8657839272 0.5004180166
box 0.1 0.025 0.175 0.08163832163 0.6266980709 1.014905712 0 0 0.8049816251 0.5932997414
box 0.1 0.025 0.175 -0.5121280683 0.8584394847 1.014905712 0 0 0.1343407951 0.99093519
box 0.025 0.025 0.35 -1.167621272 1.157722985 0.4649057121 0 0 0.7877495345 0.6159956744
box 0.025 0.025 0.35 -0.9506324795 0.2842724346 0.4649057121 0 0 0.7877495345 0.6159956744
box 0.025 0.025 0.35 0.4822297677 1.567590704 0.4649057121 0 0 0.7877495345 0.6159956744
box 0.025 0.025 0.35 0.6992185601 0.6941401536 0.4649057121 0 0 0.7877495345 0.6159956744
box 0.6 1 0.02 -0.2342013559 0.9259315693 0.8149057121 0 0 0.7877495345 0.6159956744
cyl 0.03 0.06 -0.1764586989 0.7667316618 0.9149057121 0 0 0.7877495345 0.6159956744
cyl 0.05 0.175 -0.2484550571 1.135290247 0.9649057121 0 0 0.9803943611 0.1970454178
end
problem table_pick 53
start 1.57 -1.5707 0 -1.5707 -1.57 3.14
goal -1.011134751 -0.8518432289 1.565264479 -0.7106674029 1.514295653 -3.14159265
box 0.125 0.125 0.125 0.3592330325 0.8654420216 0.9967498877 0 0 -0.457582172 0.8891673385
box 0.1 0.01 0.2 1.018253334 0.5158132327 1.046749888 0 0 -0.1403609831 0.9901003961
box 0.01 0.1 0.2 0.3466872155 0.5959276001 1.046749888 0 0 -0.4449185561 0.8955710349
box 0.1 0.025 0.175 0.7674981013 0.2216649574 1.046749888 0 0 0.07096438298 0.9974788501
box 0.1 0.025 0.175 0.7086828931 0.8596271355 1.046749888 0 0 -0.1731909037 0.9848882733
box 0.025 0.025 0.35 0.7355728596 1.603824485 0.4967498877 0 0 0.302904475 0.9530209227
box 0.025 0.025 0.35 0.0007248773537 1.084210741 0.4967498877 0 0 0.302904475 0.9530209227
box 0.025 0.025 0.35 1.717065487 0.2157782967 0.4967498877 0 0 0.302904475 0.9530209227
box 0.025 0.025 0.35 0.9822175048 -0.3038354473 0.4967498877 0 0 0.302904475 0.9530209227
box 0.6 1 0.02 0.8588951822 0.6499945191 0.8467498877 0 0 0.302904475 0.9530209227
cyl 0.03 0.06 0.6612221919 0.5610576449 0.9467498877 0 0 0.302904475 0.9530209227
cyl 0.05 0.175 1.013841874 0.8510206776 0.9967498877 0 0 0.5329647976 0.8461374147
end
problem table_pick 54
start 1.57 -1.5707 0 -1.5707 -1.57 3.14
goal -2.238395589 -2.367049073 -1.505612287 -2.410998708 -1.216773734 3.14159265
box 0.125 0.125 0.125 -0.7700476219 0.5211678737 0.9688700422 0 0 0.9055731173 0.4241902042
box 0.1 0.01 0.2 -0.5078637585 0.8847504846 1.018870042 0 0 0.975702268 0.219100626
box 0.01 0.1 0.2 -0.5650928686 0.4405462733 1.018870042 0 0 0.7652406425 0.6437443274
box 0.1 0.025 0.175 -0.2015131804 0.6013388147 1.018870042 0 0 0.9090120351 0.4167698645
box 0.1 0.025 0.175 -0.8494007235 0.8658228897 1.018870042 0 0 0.9998134111 -0.01931691068
box 0.025 0.025 0.35 -1.603136237 0.8320847631 0.4688700422 0 0 0.8721397092 0.4892569138
box 0.025 0.025 0.35 -1.134006427 0.06402407458 0.4688700422 0 0 0.8721397092 0.4892569138
box 0.025 0.025 0.35 -0.1523549366 1.718218849 0.4688700422 0 0 0.8721397092 0.4892569138
box 0.025 0.025 0.35 0.3167748735 0.9501581603 0.4688700422 0 0 0.8721397092 0.4892569138
box 0.6 1 0.02 -0.6431806819 0.8911214617 0.8188700422 0 0 0.8721397092 0.4892569138
cyl 0.03 0.06 -0.5466351158 0.6961833924 0.9188700422 0 0 0.8721397092 0.4892569138
cyl 0.05 0.175 -0.8960345929 1.199555746 0.9688700422 0 0 0.490702035 0.871327443
end
problem table_pick 55
start 1.57 -1.5707 0 -1.5707 -1.57 3.14
goal 0.4599001001 -0.8238842763 1.639463717 -0.8225595543 1.437249392 -3.14159265
box 0.125 0.125 0.125 -0.71965665 0.4357833291 0.9589949854 0 0 0.9157247214 0.4018062151
box 0.1 0.01 0.2 -0.4476078625 1.080695215 1.008994985 0 0 0.4641725065 0.8857448189
box 0.01 0.1 0.2 -0.5954463831 0.4964391895 1.008994985 0 0 0.9998791292 0.01554757142
box 0.1 0.025 0.175 -0.2219253886 0.6596192467 1.008994985 0 0 0.9322986201 0.3616894842
box 0.1 0.025 0.175 -0.7543275969 0.7997464473 1.008994985 0 0 0.9692260608 0.2461723847
box 0.025 0.025 0.35 -1.573364563 0.7890699241 0.4589949854 0 0 0.8814479538 0.4722811713
box 0.025 0.025 0.35 -1.074853671 0.0397456344 0.4589949854 0 0 0.8814479538 0.4722811713
box 0.025 0.025 0.35 -0.1579742376 1.730701608 0.4589949854 0 0 0.8814479538 0.4722811713
box 0.025 0.025 0.35 0.3405366538 0.9813773183 0.4589949854 0 0 0.8814479538 0.4722811713
box 0.6 1 0.02 -0.6164139544 0.8852236212 0.8089949854 0 0 0.8814479538 0.4722811713
cyl 0.03 0.06 -0.5006479267 0.6868046441 0.9089949854 0 0 0.8814479538 0.4722811713
cyl 0.05 0.175 -0.7044511227 1.182589759 0.9589949854 0 0 0.8118408173 0.5838788294
end
problem table_pick 56
start 1.57 -1.5707 0 -1.5707 -1.57 3.14
goal 1.015144142 -0.6807122037 1.430557884 -0.7447395598 1.344265364 -3.14159265
box 0.125 0.125 0.125 -0.8306295958 -0.1538990593 0.9341966233 0 0 0.6587580065 0.7523548956
box 0.1 0.01 0.2 -0.8977295894 0.6243652203 0.9841966233 0 0 0.890063232 0.4558370796
box 0.01 0.1 0.2 -0.7221445029 0.1384878125 0.9841966233 0 0 0.7959341663 0.6053831869
box 0.1 0.025 0.175 -0.5710357445 0.4102050731 0.9841966233 0 0 0.9600839498 -0.2797120114
box 0.1 0.025 0.175 -1.072606751 0.2229219125 0.9841966233 0 0 0.6721313372 0.7404319453
box 0.025 0.025 0.35 -1.751614195 -0.2710088211 0.4341966233 0 0 0.9866751574 0.1627025929
box 0.025 0.025 0.35 -0.8992640361 -0.5599711128 0.4341966233 0 0 0.9866751574 0.1627025929
box 0.025 0.025 0.35 -1.205796533 1.338985924 0.4341966233 0 0 0.9866751574 0.1627025929
box 0.025 0.025 0.35 -0.3534463741 1.050023632 0.4341966233 0 0 0.9866751574 0.1627025929
box 0.6 1 0.02 -1.052530285 0.3895074057 0.7841966233 0 0 0.9866751574 0.1627025929
cyl 0.03 0.06 -0.849241275 0.3237741503 0.8841966233 0 0 0.9866751574 0.1627025929
cyl 0.05 0.175 -1.338813155 0.4445128098 0.9341966233 0 0 0.9994403672 -0.03345074492
end
problem table_pick 57
start 1.57 -1.5707 0 -1.5707 -1.57 3.14
goal -3.0728271 -2.245546164 -1.342003275 -2.696858162 -1.413849107 -3.141017933
box 0.125 0.125 0.125 -0.2079143028 0.8784032427 1.097798275 0 0 0.9634920771 0.2677368435
box 0.1 0.01 0.2 0.2359537452 1.015697122 1.147798275 0 0 0.8517887459 0.523885419
box 0.01 0.1 0.2 -0.1273892461 0.6755083909 1.147798275 0 0 0.996388396 0.08491268635
box 0.1 0.025 0.175 0.2545389329 0.7028303558 1.147798275 0 0 0.4648329839 0.8853983833
box 0.1 0.025 0.175 -0.08740732429 1.195607812 1.147798275 0 0 0.06498723317 0.9978860955
box 0.025 0.025 0.35 -0.6924110411 1.630200861 0.5977982751 0 0 0.6749515834 0.7378620197
box 0.025 0.025 0.35 -0.7724036892 0.7337628117 0.5977982751 0 0 0.6749515834 0.7378620197
box 0.025 0.025 0.35 1.00086083 1.479103637 0.5977982751 0 0 0.6749515834 0.7378620197
box 0.025 0.025 0.35 0.9208681817 0.5826655874 0.5977982751 0 0 0.6749515834 0.7378620197
box 0.6 1 0.02 0.1142285703 1.106433224 0.9477982751 0 0 0.6749515834 0.7378620197
cyl 0.03 0.06 0.091608205 0.9063668768 1.047798275 0 0 0.6749515834 0.7378620197
cyl 0.05 0.175 0.05170309543 1.329700287 1.097798275 0 0 0.3057136843 0.9521234916
end
problem table_pick 58
start 1.57 -1.5707 0 -1.5707 -1.57 3.14
goal -0.2570277699 -0.8184949876 1.538393206 -0.7188089719 1.498075222 3.14159265
box 0.125 0.125 0.125 -0.1736447725 0.9565188033 0.9855498106 0 0 -0.001414824824 0.9999989991
box 0.1 0.01 0.2 0.3334685707 0.9906603847 1.035549811 0 0 0.3198591292 0.9474651115
box 0.01 0.1 0.2 -0.09760084522 0.6755729763 1.035549811 0 0 0.2639130393 0.9645464777
box 0.1 0.025 0.175 0.2541750376 0.6814195749 1.035549811 0 0 0.6394209519 0.7688568438
box 0.1 0.025 0.175 0.08929156434 1.211910063 1.035549811 0 0 0.4312031139 0.9022548834
box 0.025 0.025 0.35 -0.5725411001 1.694808607 0.4855498106 0 0 0.6379691879 0.7700618905
box 0.025 0.025 0.35 -0.7399326676 0.8105122412 0.4855498106 0 0 0.6379691879 0.7700618905
box 0.025 0.025 0.35 1.09779648 1.378624535 0.4855498106 0 0 0.6379691879 0.7700618905
box 0.025 0.025 0.35 0.9304049129 0.4943281692 0.4855498106 0 0 0.6379691879 0.7700618905
box 0.6 1 0.02 0.1789319064 1.094568388 0.8355498106 0 0 0.6379691879 0.7700618905
cyl 0.03 0.06 0.0960379739 0.8711567126 0.9355498106 0 0 0.6379691879 0.7700618905
cyl 0.05 0.175 0.207805246 1.391115574 0.9855498106 0 0 -0.02992916671 0.9995520221
end
problem table_pick 59
start 1.57 -1.5707 0 -1.5707 -1.57 3.14
goal -1.645113668 -0.8789820597 1.614960416 -0.7374649917 1.368096789 3.141067912
box 0.125 0.125 0.125 0.6383308323 0.539035209 0.9979761796 0 0 0.2129431323 0.9770645948
box 0.1 0.01 0.2 1.079206214 -0.02942230595 1.04797618 0 0 -0.165375423 0.9862306878
box 0.01 0.1 0.2 0.6117282602 0.3032321433 1.04797618 0 0 -0.4972762373 0.8675922682
box 0.1 0.025 0.175 0.652258476 -0.1057792724 1.04797618 0 0 0.6558601016 0.7548824591
box 0.1 0.025 0.175 0.9319024506 0.3146868415 1.04797618 0 0 -0.3025039784 0.9531481223
box 0.025 0.025 0.35 1.387750512 1.035094197 0.4979761796 0 0 0.06392758811 0.9979545398
box 0.025 0.025 0.35 0.4951066376 0.9202599088 0.4979761796 0 0 0.06392758811 0.9979545398
box 0.025 0.025 0.35 1.604659723 -0.6510108989 0.4979761796 0 0 0.06392758811 0.9979545398
box 0.025 0.025 0.35 0.7120158486 -0.7658451871 0.4979761796 0 0 0.06392758811 0.9979545398
box 0.6 1 0.02 1.04988318 0.1346245049 0.8479761796 0 0 0.06392758811 0.9979545398
cyl 0.03 0.06 0.8485721309 0.1026998579 0.9479761796 0 0 0.06392758811 0.9979545398
cyl 0.05 0.175 1.280315278 0.06522419418 0.9979761796 0 0 -0.5752988383 0.8179433029
end
problem table_pick 60
start 1.57 -1.5707 0 -1.5707 -1.57 3.14
goal 1.215493887 -0.8481437498 1.225706577 -0.3814895755 1.27540073 3.14159265
box 0.125 0.125 0.125 -0.7957097794 -0.232920618 1.107951868 0 0 0.9851760983 -0.1715460734
box 0.1 0.01 0.2 -1.190794113 0.3074450179 1.157951868 0 0 0.9968115819 -0.07979141671
box 0.01 0.1 0.2 -0.7631935938 -0.1633794042 1.157951868 0 0 0.998923646 0.04638479694
box 0.1 0.025 0.175 -0.6972312978 0.4266867464 1.157951868 0 0 0.7940317028 0.6078763484
box 0.1 0.025 0.175 -1.085434304 -0.1190788681 1.157951868 0 0 0.9588867392 0.2837890438
box 0.025 0.025 0.35 -1.642589525 -0.6712592862 0.6079518681 0 0 0.9996365129 0.02696000713
box 0.025 0.025 0.35 -0.7438978405 -0.7197696598 0.6079518681 0 0 0.9996365129 0.02696000713
box 0.025 0.025 0.35 -1.550958819 1.026269451 0.6079518681 0 0 0.9996365129 0.02696000713
box 0.025 0.025 0.35 -0.6522671349 0.9777590775 0.6079518681 0 0 0.9996365129 0.02696000713
box 0.6 1 0.02 -1.14742833 0.1532498956 0.9579518681 0 0 0.9996365129 0.02696000713
cyl 0.03 0.06 -0.9250959988 0.1360929128 1.057951868 0 0 0.9996365129 0.02696000713
cyl 0.05 0.175 -1.392471273 0.1489794599 1.107951868 0 0 0.9218124603 0.3876361541
end
problem table_pick 61
start 1.57 -1.5707 0 -1.5707 -1.57 3.14
goal -0.5870407549 -0.7313064884 1.530354069 -0.7964863374 1.356338719 3.138162416
box 0.125 0.125 0.125 -0.2323578706 0.8063768333 0.9364496401 0 0 0.8535579255 0.5209979537
box 0.1 0.01 0.2 0.5188122741 0.876379454 0.9864496401 0 0 0.1042079526 0.9945555302
box 0.01 0.1 0.2 0.07110574984 0.766101239 0.9864496401 0 0 0.9065762309 0.4220421041
box 0.1 0.025 0.175 0.4511393063 0.593257769 0.9864496401 0 0 -0.0361744205 0.9993454915
box 0.1 0.025 0.175 0.1060906025 1.119570198 0.9864496401 0 0 0.9250149337 0.379930747
box 0.025 0.025 0.35 -0.2590549054 1.706724048 0.4364496401 0 0 0.5629858947 0.8264665041
box 0.025 0.025 0.35 -0.5885392938 0.8692038762 0.4364496401 0 0 0.5629858947 0.8264665041
box 0.025 0.025 0.35 1.322927641 1.084364648 0.4364496401 0 0 0.5629858947 0.8264665041
box 0.025 0.025 0.35 0.9934432526 0.246844476 0.4364496401 0 0 0.5629858947 0.8264665041
box 0.6 1 0.02 0.3671941736 0.9767842619 0.7864496401 0 0 0.5629858947 0.8264665041
cyl 0.03 0.06 0.3394490865 0.8139089455 0.8864496401 0 0 0.5629858947 0.8264665041
cyl 0.05 0.175 0.4377437346 1.34545754 0.9364496401 0 0 0.1562120925 0.9877235353
end
problem table_pick 62
start 1.57 -1.5707 0 -1.5707 -1.57 3.14
goal -1.893314837 -2.331561803 -1.701627678 -2.247811278 -1.600251596 3.14159265
box 0.125 0.125 0.125 -0.7690993774 -0.05941591383 0.9366879063 0 0 0.9851734911 -0.1715610456
box 0.1 0.01 0.2 -0.9081758788 0.6658264929 0.9866879063 0 0 0.8322184924 0.5544478163
box 0.01 0.1 0.2 -0.6742938693 0.01706299006 0.9866879063 0 0 0.9846082187 0.1747760157
box 0.1 0.025 0.175 -0.4859422817 0.47738838 0.9866879063 0 0 0.9653547734 0.2609409157
box 0.1 0.025 0.175 -0.9719218544 0.2476563482 0.9866879063 0 0 0.7710214941 0.6368091202
box 0.025 0.025 0.35 -1.634082631 -0.2994045189 0.4366879063 0 0 0.9891246251 0.1470798287
box 0.025 0.025 0.35 -0.7730210882 -0.5612690236 0.4366879063 0 0 0.9891246251 0.1470798287
box 0.025 0.025 0.35 -1.139449678 1.327045063 0.4366879063 0 0 0.9891246251 0.1470798287
box 0.025 0.025 0.35 -0.2783881349 1.065180558 0.4366879063 0 0 0.9891246251 0.1470798287
box 0.6 1 0.02 -0.9562353831 0.3828880196 0.7866879063 0 0 0.9891246251 0.1470798287
cyl 0.03 0.06 -0.7471086058 0.3569317497 0.8866879063 0 0 0.9891246251 0.1470798287
cyl 0.05 0.175 -1.264009621 0.5456911945 0.9366879063 0 0 0.9298445281 0.3679526512
end
problem table_pick 63
start 1.57 -1.5707 0 -1.5707 -1.57 3.14
goal -0.2215283967 -0.9818384543 1.507902078 -0.5251286585 1.425608273 3.141135739
box 0.125 0.125 0.125 -0.4786470786 0.8225430607 1.090709032 0 0 0.6890208115 0.7247415548
box 0.1 0.01 0.2 0.17268199 1.029048839 1.140709032 0 0 0.8403189572 0.5420922894
box 0.01 0.1 0.2 -0.1765150997 0.6386129654 1.140709032 0 0 0.9817407928 0.1902235939
box 0.1 0.025 0.175 0.1793742817 0.7353957975 1.140709032 0 0 0.4196202465 0.9076997569
box 0.1 0.025 0.175 -0.1216301724 1.142402953 1.140709032 0 0 0.557987338 0.8298494626
box 0.025 0.025 0.35 -0.777184646 1.609612297 0.5907090324 0 0 0.6782952743 0.7347894398
box 0.025 0.025 0.35 -0.8490325835 0.7124847291 0.5907090324 0 0 0.6782952743 0.7347894398
box 0.025 0.025 0.35 0.9173896498 1.473899527 0.5907090324 0 0 0.6782952743 0.7347894398
box 0.025 0.025 0.35 0.8455417123 0.5767719583 0.5907090324 0 0 0.6782952743 0.7347894398
box 0.6 1 0.02 0.03417853316 1.093192128 0.9407090324 0 0 0.6782952743 0.7347894398
cyl 0.03 0.06 0.0426520174 0.8669389538 1.040709032 0 0 0.6782952743 0.7347894398
cyl 0.05 0.175 0.03911818485 1.346450339 1.090709032 0 0 0.9259997985 0.3775240034
end
problem table_pick 64
start 1.57 -1.5707 0 -1.5707 -1.57 3.14
goal -1.236016052 -1.050271917 1.790670544 -0.7433815314 1.507143568 3.14159265
box 0.125 0.125 0.125 0.5231152912 0.7061305976 1.038250686 0 0 0.345299125 0.9384926821
box 0.1 0.01 0.2 0.9000261702 0.2833566658 1.088250686 0 0 0.7688873529 0.6393842652
box 0.01 0.1 0.2 0.3940113105 0.4740862863 1.088250686 0 0 -0.3585511086 0.9335100977
box 0.1 0.025 0.175 0.6207959137 0.0397239224 1.088250686 0 0 0.7077579587 0.7064550034
box 0.1 0.025 0.175 0.7875096048 0.6112158386 1.088250686 0 0 0.533116812 0.8460416448
box 0.025 0.025 0.35 1.023719764 1.391231067 0.5382506863 0 0 0.197846339 0.9802330468
box 0.025 0.025 0.35 0.1941774766 1.042147132 0.5382506863 0 0 0.197846339 0.9802330468
box 0.025 0.025 0.35 1.683100531 -0.1756821416 0.5382506863 0 0 0.197846339 0.9802330468
box 0.025 0.025 0.35 0.8535582437 -0.5247660771 0.5382506863 0 0 0.197846339 0.9802330468
box 0.6 1 0.02 0.9386390037 0.433232495 0.8882506863 0 0 0.197846339 0.9802330468
cyl 0.03 0.06 0.6980025573 0.3768520402 0.9882506863 0 0 0.197846339 0.9802330468
cyl 0.05 0.175 1.209930308 0.6263033173 1.038250686 0 0 -0.1847943752 0.9827772072
end
problem table_pick 65
start 1.57 -1.5707 0 -1.5707 -1.57 3.14
goal -2.626593226 -2.32690815 -1.536339935 -2.417931067 -1.399085283 -3.14159265
box 0.125 0.125 0.125 -0.6214987771 0.7152414335 0.984153825 0 0 0.263650027 0.9646184029
box 0.1 0.01 0.2 -0.1420677119 1.186849574 1.034153825 0 0 0.8780023989 0.478656231
box 0.01 0.1 0.2 -0.4775445964 0.6272918523 1.034153825 0 0 0.9894060084 -0.1451748962
box 0.1 0.025 0.175 -0.0178940635 0.7553022265 1.034153825 0 0 0.952986959 0.3030113133
box 0.1 0.025 0.175 -0.4793992805 1.012810474 1.034153825 0 0 0.9985611135 0.0536255772
box 0.025 0.025 0.35 -1.272097889 1.172200002 0.484153825 0 0 0.8180475707 0.5751505647
box 0.025 0.025 0.35 -0.9675345985 0.3252990622 0.484153825 0 0 0.8180475707 0.5751505647
box 0.025 0.025 0.35 0.3276038868 1.747486217 0.484153825 0 0 0.8180475707 0.5751505647
box 0.025 0.025 0.35 0.6321671771 0.9005852773 0.484153825 0 0 0.8180475707 0.5751505647
box 0.6 1 0.02 -0.3199653558 1.03639264 0.834153825 0 0 0.8180475707 0.5751505647
cyl 0.03 0.06 -0.2886529293 0.8298315271 0.934153825 0 0 0.8180475707 0.5751505647
cyl 0.05 0.175 -0.3920501199 1.339216485 0.984153825 0 0 0.655495439 0.7551991323
end
problem table_pick 66
start 1.57 -1.5707 0 -1.5707 -1.57 3.14
goal 2.972134425 -2.194469634 -1.74585863 -2.339863608 -1.369420177 3.14159265
box 0.125 0.125 0.125 -0.1304719298 0.7346152833 0.9980800288 0 0 0.5439839177 0.8390956425
box 0.1 0.01 0.2 0.6785567618 0.8627462692 1.048080029 0 0 0.9701859045 0.2423619414
box 0.01 0.1 0.2 -0.003303814938 0.5290364416 1.048080029 0 0 0.02724445924 0.9996288008
box 0.1 0.025 0.175 0.4357912689 0.4310464511 1.048080029 0 0 0.9670889471 0.2544385355
box 0.1 0.025 0.175 0.2479443899 1.005390043 1.048080029 0 0 0.825634086 0.5642059518
box 0.025 0.025 0.35 -0.2519357701 1.641303566 0.4980800288 0 0 0.5644482809 0.8254684356
box 0.025 0.025 0.35 -0.5784524189 0.8026219352 0.4980800288 0 0 0.5644482809 0.8254684356
box 0.025 0.025 0.35 1.332240644 1.024549896 0.4980800288 0 0 0.5644482809 0.8254684356
box 0.025 0.025 0.35 1.005723995 0.1858682653 0.4980800288 0 0 0.5644482809 0.8254684356
box 0.6 1 0.02 0.3768941125 0.9135859157 0.8480800288 0 0 0.5644482809 0.8254684356
cyl 0.03 0.06 0.2985180422 0.7591865734 0.9480800288 0 0 0.5644482809 0.8254684356
cyl 0.05 0.175 0.5039850639 1.286894403 0.9980800288 0 0 0.4998303645 0.8661233207
end
problem table_pick 67
start 1.57 -1.5707 0 -1.5707 -1.57 3.14
goal 0.8908697094 -0.6298464015 1.299466721 -0.6690711597 1.284234295 3.14159265
box 0.125 0.125 0.125 -0.8335741301 0.01835552217 0.9407228814 0 0 0.9161298021 -0.4008817602
box 0.1 0.01 0.2 -0.9644181539 0.6620005735 0.9907228814 0 0 0.926386218 0.3765747934
box 0.01 0.1 0.2 -0.7779513379 0.1991374165 0.9907228814 0 0 0.6063893461 0.7951678822
box 0.1 0.025 0.175 -0.5233589969 0.5587019828 0.9907228814 0 0 0.9635488676 0.26753239
box 0.1 0.025 0.175 -1.204339819 0.2376301068 0.9907228814 0 0 0.9039442723 0.4276502691
box 0.025 0.025 0.35 -1.77073901 -0.1261216343 0.4407228814 0 0 0.9806865845 0.1955858457
box 0.025 0.025 0.35 -0.9395958917 -0.4713767813 0.4407228814 0 0 0.9806865845 0.1955858457
box 0.025 0.025 0.35 -1.118590399 1.443815367 0.4407228814 0 0 0.9806865845 0.1955858457
box 0.025 0.025 0.35 -0.2874472807 1.09856022 0.4407228814 0 0 0.9806865845 0.1955858457
box 0.6 1 0.02 -1.029093145 0.486219293 0.7907228814 0 0 0.9806865845 0.1955858457
cyl 0.03 0.06 -0.8352311136 0.4331840214 0.8907228814 0 0 0.9806865845 0.1955858457
cyl 0.05 0.175 -1.29620792 0.6368964348 0.9407228814 0 0 0.5996541266 0.8002592883
end
problem table_pick 68
start 1.57 -1.5707 0 -1.5707 -1.57 3.14
goal -3.100967925 -2.171524938 -1.74629552 -2.362972964 -1.340160662 3.140173666
box 0.125 0.125 0.125 -0.290663801 0.7448668812 1.00988286 0 0 0.7576896887 0.652614998
box 0.1 0.01 0.2 0.3566995801 0.9004946548 1.05988286 0 0 0.1857361461 0.982599656
box 0.01 0.1 0.2 -0.1302370349 0.658162849 1.05988286 0 0 0.9350549082 0.3545029177
box 0.1 0.025 0.175 0.3049604639 0.4656964219 1.05988286 0 0 -0.08874819233 0.9960540941
box 0.1 0.025 0.175 -0.08242098841 0.9113745721 1.05988286 0 0 0.363030919 0.9317770934
box 0.025 0.025 0.35 -0.5386214404 1.55320099 0.5098828597 0 0 0.636396754 0.771361894
box 0.025 0.025 0.35 -0.709619949 0.6695950201 0.5098828597 0 0 0.636396754 0.771361894
box 0.025 0.025 0.35 1.130412058 1.230203807 0.5098828597 0 0 0.636396754 0.771361894
box 0.025 0.025 0.35 0.9594135497 0.3465978372 0.5098828597 0 0 0.636396754 0.771361894
box 0.6 1 0.02 0.2103960547 0.9498994136 0.8598828597 0 0 0.636396754 0.771361894
cyl 0.03 0.06 0.1419391224 0.8014824615 0.9598828597 0 0 0.636396754 0.771361894
cyl 0.05 0.175 0.1985556307 1.29840848 1.00988286 0 0 0.3628168456 0.9318604705
end
problem table_pick 69
start 1.57 -1.5707 0 -1.5707 -1.57 3.14
goal 1.096760605 -0.8361930277 1.561385232 -0.7280575775 1.410071497 -3.138879703
box 0.125 0.125 0.125 -0.7487399875 -0.1040493352 0.9893735045 0 0 0.9668418908 0.2553757198
box 0.1 0.01 0.2 -0.922322949 0.6024240263 1.039373505 0 0 0.8282643412 0.56033756
box 0.01 0.1 0.2 -0.5643918208 0.03443028567 1.039373505 0 0 0.8734518051 0.4869106121
box 0.1 0.025 0.175 -0.586809126 0.4696699263 1.039373505 0 0 0.976114059 0.2172587025
box 0.1 0.025 0.175 -1.061551808 0.1547700352 1.039373505 0 0 0.994978881 0.1000850954
box 0.025 0.025 0.35 -1.674006591 -0.3389002461 0.4893735045 0 0 0.9876615571 0.1566034761
box 0.025 0.025 0.35 -0.8181509587 -0.6173084655 0.4893735045 0 0 0.9876615571 0.1566034761
box 0.025 0.025 0.35 -1.148124399 1.277715948 0.4893735045 0 0 0.9876615571 0.1566034761
box 0.025 0.025 0.35 -0.2922687665 0.9993077289 0.4893735045 0 0 0.9876615571 0.1566034761
box 0.6 1 0.02 -0.9831376788 0.3302037414 0.8393735045 0 0 0.9876615571 0.1566034761
cyl 0.03 0.06 -0.8330258456 0.2547957472 0.9393735045 0 0 0.9876615571 0.1566034761
cyl 0.05 0.175 -1.219288722 0.3706309875 0.9893735045 0 0 -0.8095824279 0.5870062116
end
problem table_pick 70
start 1.57 -1.5707 0 -1.5707 -1.57 3.14
goal -0.4042030466 -0.9973259588 1.988337927 -0.9886384066 1.149580286 -3.14159265
box 0.125 0.125 0.125 -0.4299414911 0.5743840218 0.9626316557 0 0 0.0398533068 0.9992055414
box 0.1 0.01 0.2 0.1518529011 0.9114689387 1.012631656 0 0 0.7560398818 0.6545255512
box 0.01 0.1 0.2 -0.1551900725 0.5938211471 1.012631656 0 0 0.08932872763 0.996002198
box 0.1 0.025 0.175 0.3214510364 0.6623587328 1.012631656 0 0 0.1352464064 0.9908119951
box 0.1 0.025 0.175 -0.07514786225 0.8958850337 1.012631656 0 0 0.5427931795 0.8398663967
box 0.025 0.025 0.35 -0.827374132 1.403684934 0.4626316557 0 0 0.7129542655 0.7012105357
box 0.025 0.025 0.35 -0.8124273196 0.5038090579 0.4626316557 0 0 0.7129542655 0.7012105357
box 0.025 0.025 0.35 0.8723914122 1.431917802 0.4626316557 0 0 0.7129542655 0.7012105357
box 0.025 0.025 0.35 0.8873382246 0.5320419258 0.4626316557 0 0 0.7129542655 0.7012105357
box 0.6 1 0.02 0.02998204631 0.96786343 0.8126316557 0 0 0.7129542655 0.7012105357
cyl 0.03 0.06 0.07048025711 0.7345090071 0.9126316557 0 0 0.7129542655 0.7012105357
cyl 0.05 0.175 0.08792826532 1.337162686 0.9626316557 0 0 0.4722542862 0.8814623583
end
problem table_pick 71
start 1.57 -1.5707 0 -1.5707 -1.57 3.14
goal -1.097968865 -0.9045421101 1.369839286 -0.4620897799 1.235120601 3.141492757
box 0.125 0.125 0.125 0.21687896 0.8114736532 1.091986269 0 0 0.7379587481 0.6748458239
box 0.1 0.01 0.2 0.9266455064 0.5500512904 1.141986269 0 0 -0.0925053182 0.9957121904
box 0.01 0.1 0.2 0.4311436259 0.6445467898 1.141986269 0 0 0.1110226164 0.99381788
box 0.1 0.025 0.175 0.7900173657 0.3386314595 1.141986269 0 0 0.6046561287 0.7964866389
box 0.1 0.025 0.175 0.6571802742 0.9946399492 1.141986269 0 0 0.3054654134 0.9522031722
box 0.025 0.025 0.35 0.5158526016 1.645786854 0.5919862686 0 0 0.3931308156 0.9194825511
box 0.025 0.025 0.35 -0.1059540897 0.9951283886 0.5919862686 0 0 0.3931308156 0.9194825511
box 0.025 0.025 0.35 1.744874148 0.4712631039 0.5919862686 0 0 0.3931308156 0.9194825511
box 0.025 0.025 0.35 1.123067456 -0.1793953616 0.5919862686 0 0 0.3931308156 0.9194825511
box 0.6 1 0.02 0.8194600289 0.7331957462 0.9419862686 0 0 0.3931308156 0.9194825511
cyl 0.03 0.06 0.6911705405 0.5801786464 1.041986269 0 0 0.3931308156 0.9194825511
cyl 0.05 0.175 0.9838290898 1.00777919 1.091986269 0 0 0.8673378333 0.497719884
end
problem table_pick 72
start 1.57 -1.5707 0 -1.5707 -1.57 3.14
goal 2.03019011 -2.148905046 -1.533873358 -2.601978617 -1.545358956 -3.14159265
box 0.125 0.125 0.125 0.5629816978 0.5933339231 1.087692818 0 0 0.03540240771 0.9993731383
box 0.1 0.01 0.2 1.139266768 0.2427974184 1.137692818 0 0 0.3046136909 0.9524759836
box 0.01 0.1 0.2 0.5790565681 0.3881729277 1.137692818 0 0 0.4873813792 0.873189207
box 0.1 0.025 0.175 0.6697031576 0.03608439258 1.137692818 0 0 0.5352868964 0.8446703135
box 0.1 0.025 0.175 0.9637749208 0.6218878967 1.137692818 0 0 0.649579976 0.7602932689
box 0.025 0.025 0.35 1.051689742 1.361438679 0.5876928181 0 0 0.2149613253 0.976622562
box 0.025 0.025 0.35 0.2348648109 0.9835537346 0.5876928181 0 0 0.2149613253 0.976622562
box 0.025 0.025 0.35 1.765472415 -0.1814528582 0.5876928181 0 0 0.2149613253 0.976622562
box 0.025 0.025 0.35 0.9486474837 -0.5593378027 0.5876928181 0 0 0.2149613253 0.976622562
box 0.6 1 0.02 1.000168613 0.4010504382 0.9376928181 0 0 0.2149613253 0.976622562
cyl 0.03 0.06 0.8140814712 0.2722576314 1.037692818 0 0 0.2149613253 0.976622562
cyl 0.05 0.175 1.32103718 0.5164221434 1.087692818 0 0 -0.2735162756 0.961867375
end
problem table_pick 73
start 1.57 -1.5707 0 -1.5707 -1.57 3.14
goal -1.584867679 -0.9177583519 1.684495906 -0.7669459737 1.228627687 3.14159265
box 0.125 0.125 0.125 0.6250332945 0.5064000428 0.9993546294 0 0 0.7273450142 0.6862719799
box 0.1 0.01 0.2 1.052864161 0.09115452328 1.049354629 0 0 0.5171567254 0.8558907181
box 0.01 0.1 0.2 0.4361181212 0.3653814024 1.049354629 0 0 0.5678270198 0.8231479062
box 0.1 0.025 0.175 0.7636645463 -0.03533814214 1.049354629 0 0 0.1748810665 0.9845895656
box 0.1 0.025 0.175 0.8309890469 0.5165529005 1.049354629 0 0 0.240562542 0.9706336402
box 0.025 0.025 0.35 1.135792802 1.230094018 0.4993546294 0 0 0.1635662537 0.9865323515
box 0.025 0.025 0.35 0.283949857 0.9396398966 0.4993546294 0 0 0.1635662537 0.9865323515
box 0.025 0.025 0.35 1.684428365 -0.378942656 0.4993546294 0 0 0.1635662537 0.9865323515
box 0.025 0.025 0.35 0.8325854201 -0.6693967776 0.4993546294 0 0 0.1635662537 0.9865323515
box 0.6 1 0.02 0.9841891111 0.2803486203 0.8493546294 0 0 0.1635662537 0.9865323515
cyl 0.03 0.06 0.8095671304 0.1920734919 0.9493546294 0 0 0.1635662537 0.9865323515
cyl 0.05 0.175 1.386298934 0.3382032855 0.9993546294 0 0 -0.5069462852 0.861977647
end
problem table_pick 74
start 1.57 -1.5707 0 -1.5707 -1.57 3.14
goal -0.6135789582 -0.9838987591 1.757970954 -0.7765102384 1.285846982 3.140277509
box 0.125 0.125 0.125 -0.06265302865 0.7684157157 1.013821269 0 0 -0.01993167092 0.9998013445
box 0.1 0.01 0.2 0.6420929889 0.8227276101 1.063821269 0 0 0.8168584951 0.5768381046
box 0.01 0.1 0.2 -0.0329957733 0.6581084165 1.063821269 0 0 0.384164608 0.9232646175
box 0.1 0.025 0.175 0.4713218267 0.398066134 1.063821269 0 0 0.03059836909 0.9995317603
box 0.1 0.025 0.175 0.116598009 0.9994951207 1.063821269 0 0 0.2334960892 0.9723577409
box 0.025 0.025 0.35 -0.282314325 1.651928682 0.5138212688 0 0 0.5810872786 0.8138412466
box 0.025 0.025 0.35 -0.5745219593 0.8006856509 0.5138212688 0 0 0.5810872786 0.8138412466
box 0.025 0.025 0.35 1.325589179 1.099980929 0.5138212688 0 0 0.5810872786 0.8138412466
box 0.025 0.025 0.35 1.033381544 0.2487378972 0.5138212688 0 0 0.5810872786 0.8138412466
box 0.6 1 0.02 0.3755336097 0.9503332897 0.8638212688 0 0 0.5810872786 0.8138412466
cyl 0.03 0.06 0.2998378361 0.7516857792 0.9638212688 0 0 0.5810872786 0.8138412466
cyl 0.05 0.175 0.4948290279 1.152505589 1.013821269 0 0 0.4889358626 0.8723197363
end
problem table_pick 75
start 1.57 -1.5707 0 -1.5707 -1.57 3.14
goal 2.017079592 -2.272499133 -1.383533072 -2.630009713 -1.631309187 -3.141415944
box 0.125 0.125 0.125 0.5977254457 0.6807631318 1.065310451 0 0 0.205127435 0.9787352734
box 0.1 0.01 0.2 1.147073926 0.2744473934 1.115310451 0 0 -0.04655142997 0.9989158945
box 0.01 0.1 0.2 0.5985323897 0.4580276546 1.115310451 0 0 -0.2031552153 0.979146546
box 0.1 0.025 0.175 0.7262200308 -0.04295204091 1.115310451 0 0 -0.3557886275 0.9345664516
box 0.1 0.025 0.175 0.8482536213 0.6555735194 1.115310451 0 0 0.3170412308 0.9484117555
box 0.025 0.025 0.35 0.9849241512 1.39733393 0.5653104511 0 0 0.2503761049 0.9681486488
box 0.025 0.025 0.35 0.1977629002 0.961011612 0.5653104511 0 0 0.2503761049 0.9681486488
box 0.025 0.025 0.35 1.809088529 -0.08952621103 0.5653104511 0 0 0.2503761049 0.9681486488
box 0.025 0.025 0.35 1.021927278 -0.5258485288 0.5653104511 0 0 0.2503761049 0.9681486488
box 0.6 1 0.02 1.003425715 0.4357427005 0.9153104511 0 0 0.2503761049 0.9681486488
cyl 0.03 0.06 0.8494378265 0.3035604041 1.015310451 0 0 0.2503761049 0.9681486488
cyl 0.05 0.175 1.187563493 0.5553517089 1.065310451 0 0 -0.1813918194 0.9834109049
end
problem table_pick 76
start 1.57 -1.5707 0 -1.5707 -1.57 3.14
goal 2.093924595 -2.388738643 -1.426431084 -2.468433645 -1.512588774 -3.140251817
box 0.125 0.125 0.125 0.5531524115 0.6742809872 0.979783643 0 0 0.7450041722 0.6670598049
box 0.1 0.01 0.2 1.084625492 0.341209854 1.029783643 0 0 0.5639422719 0.8258142127
box 0.01 0.1 0.2 0.6496024784 0.4545870835 1.029783643 0 0 0.2928777431 0.9561498981
box 0.1 0.025 0.175 0.6943983103 0.02612100833 1.029783643 0 0 -0.05900670198 0.9982575866
box 0.1 0.025 0.175 0.9149135641 0.5641939033 1.029783643 0 0 -0.05494523166 0.9984893698
box 0.025 0.025 0.35 1.032895796 1.429682187 0.479783643 0 0 0.2289927595 0.9734281258
box 0.025 0.025 0.35 0.2272836275 1.0284478 0.479783643 0 0 0.2289927595 0.9734281258
box 0.025 0.025 0.35 1.790782972 -0.0920296877 0.479783643 0 0 0.2289927595 0.9734281258
box 0.025 0.025 0.35 0.9851708028 -0.4932640746 0.479783643 0 0 0.2289927595 0.9734281258
box 0.6 1 0.02 1.0090333 0.4682090562 0.829783643 0 0 0.2289927595 0.9734281258
cyl 0.03 0.06 0.8414895922 0.3391192669 0.929783643 0 0 0.2289927595 0.9734281258
cyl 0.05 0.175 1.403477227 0.5584369293 0.979783643 0 0 0.4763806644 0.8792391384
end
problem table_pick 77
start 1.57 -1.5707 0 -1.5707 -1.57 3.14
goal 0.783035855 -1.066303753 1.596379546 -0.5278107903 1.401333847 3.14159265
box 0.125 0.125 0.125 -0.750796775 0.0547672892 1.107441541 0 0 0.6460535069 0.7632921238
box 0.1 0.01 0.2 -0.7182791982 0.7114607824 1.157441541 0 0 0.9555731404 -0.2947540896
box 0.01 0.1 0.2 -0.5641077978 0.1043344262 1.157441541 0 0 0.995869015 -0.0908014593
box 0.1 0.025 0.175 -0.32408755 0.4997773322 1.157441541 0 0 0.9740324889 0.226408283
box 0.1 0.025 0.175 -0.9516548533 0.4408631374 1.157441541 0 0 0.6189079636 0.7854635145
box 0.025 0.025 0.35 -1.676213754 0.1535290631 0.6074415407 0 0 0.952204456 0.3054614116
box 0.025 0.025 0.35 -0.9441657668 -0.3700220279 0.6074415407 0 0 0.952204456 0.3054614116
box 0.025 0.025 0.35 -0.6872839151 1.536286372 0.6074415407 0 0 0.952204456 0.3054614116
box 0.025 0.025 0.35 0.04476407178 1.012735281 0.6074415407 0 0 0.952204456 0.3054614116
box 0.6 1 0.02 -0.8157248409 0.5831321719 0.9574415407 0 0 0.952204456 0.3054614116
cyl 0.03 0.06 -0.6903660515 0.472738081 1.057441541 0 0 0.952204456 0.3054614116
cyl 0.05 0.175 -1.100446153 0.7265464041 1.107441541 0 0 0.975609219 -0.2195145821
end
problem table_pick 78
start 1.57 -1.5707 0 -1.5707 -1.57 3.14
goal 1.943784625 -2.171205788 -1.616959419 -2.494669092 -1.555906993 -3.14159265
box 0.125 0.125 0.125 0.6106728052 0.5871084781 1.048299714 0 0 0.6083484421 0.7936700656
box 0.1 0.01 0.2 1.053911423 0.1020180055 1.098299714 0 0 0.8118904842 0.583809765
box 0.01 0.1 0.2 0.6103816112 0.2976398548 1.098299714 0 0 0.3412988303 0.9399548438
box 0.1 0.025 0.175 0.6479822915 -0.1055235552 1.098299714 0 0 -0.1006442494 0.9949224769
box 0.1 0.025 0.175 0.901577816 0.5447426318 1.098299714 0 0 -0.4752509559 0.8798502878
box 0.025 0.025 0.35 1.07886096 1.254197779 0.5482997135 0 0 0.1789303848 0.9838617369
box 0.025 0.025 0.35 0.2364899085 0.9373208128 0.5482997135 0 0 0.1789303848 0.9838617369
box 0.025 0.025 0.35 1.677406341 -0.3369475398 0.5482997135 0 0 0.1789303848 0.9838617369
box 0.025 0.025 0.35 0.8350352898 -0.6538245063 0.5482997135 0 0 0.1789303848 0.9838617369
box 0.6 1 0.02 0.9569481248 0.3001866365 0.8982997135 0 0 0.1789303848 0.9838617369
cyl 0.03 0.06 0.8193077147 0.1986880616 0.9982997135 0 0 0.1789303848 0.9838617369
cyl 0.05 0.175 1.247299269 0.359678979 1.048299714 0 0 0.4635997453 0.8860447371
end
problem table_pick 79
start 1.57 -1.5707 0 -1.5707 -1.57 3.14
goal 1.019563224 -0.9950719709 2.025553362 -1.028617588 1.461617406 3.14159265
box 0.125 0.125 0.125 -0.7693455431 -0.08134036527 0.9539155415 0 0 0.9511711983 0.3086638163
box 0.1 0.01 0.2 -0.7999415982 0.474836597 1.003915541 0 0 0.9654281977 -0.2606691296
box 0.01 0.1 0.2 -0.6664669781 -0.009732579027 1.003915541 0 0 0.983277226 0.1821150648
box 0.1 0.025 0.175 -0.5013178158 0.4228421152 1.003915541 0 0 0.9989949906 0.0448219669
box 0.1 0.025 0.175 -1.063230456 0.1550955896 1.003915541 0 0 0.8517070564 0.5240182154
box 0.025 0.025 0.35 -1.655937564 -0.1835360518 0.4539155415 0 0 0.9754464081 0.2202369293
box 0.025 0.025 0.35 -0.8432453132 -0.5702288306 0.4539155415 0 0 0.9754464081 0.2202369293
box 0.025 0.025 0.35 -0.9255178708 1.351549311 0.4539155415 0 0 0.9754464081 0.2202369293
box 0.025 0.025 0.35 -0.1128256198 0.9648565323 0.4539155415 0 0 0.9754464081 0.2202369293
box 0.6 1 0.02 -0.884381592 0.3906602403 0.8039155415 0 0 0.9754464081 0.2202369293
cyl 0.03 0.06 -0.6808634416 0.2552798168 0.9039155415 0 0 0.9754464081 0.2202369293
cyl 0.05 0.175 -1.212040048 0.4824165758 0.9539155415 0 0 0.9420302518 0.3355279492
end
problem table_pick 80
start 1.57 -1.5707 0 -1.5707 -1.57 3.14
goal -2.61130757 -2.501384763 -1.410174554 -2.368755626 -1.497045052 -3.14159265
box 0.125 0.125 0.125 -0.6685626922 0.429053003 0.914616836 0 0 0.8899758658 0.4560076296
box 0.1 0.01 0.2 -0.1985559508 1.105326462 0.964616836 0 0 0.9620031303 0.2730384174
box 0.01 0.1 0.2 -0.4814284658 0.4077394837 0.964616836 0 0 0.507845823 0.8614479787
box 0.1 0.025 0.175 -0.1262229818 0.7217460506 0.964616836 0 0 0.7744099418 0.6326841566
box 0.1 0.025 0.175 -0.7207028218 0.8757762166 0.964616836 0 0 0.9379636906 0.3467334929
box 0.025 0.025 0.35 -1.408555237 1.003002727 0.414616836 0 0 0.8496321774 0.5273757324
box 0.025 0.025 0.35 -1.009180531 0.1964670219 0.414616836 0 0 0.8496321774 0.5273757324
box 0.025 0.025 0.35 0.1149010953 1.757377172 0.414616836 0 0 0.8496321774 0.5273757324
box 0.025 0.025 0.35 0.5142758016 0.9508414671 0.414616836 0 0 0.8496321774 0.5273757324
box 0.6 1 0.02 -0.4471397177 0.9769220971 0.764616836 0 0 0.8496321774 0.5273757324
cyl 0.03 0.06 -0.3457050057 0.8458358197 0.864616836 0 0 0.8496321774 0.5273757324
cyl 0.05 0.175 -0.6157727022 1.322028231 0.914616836 0 0 0.4016585644 0.9157894942
end
problem table_pick 81
start 1.57 -1.5707 0 -1.5707 -1.57 3.14
goal 0.5771870708 -1.01732525 1.981378142 -0.9635667025 1.249271374 -3.140268593
box 0.125 0.125 0.125 -0.698095432 0.1163378516 0.9731643443 0 0 0.8959364939 0.4441821686
box 0.1 0.01 0.2 -0.5825732352 0.7115803688 1.023164344 0 0 0.9759680202 0.2179137986
box 0.01 0.1 0.2 -0.5143260494 0.1284105866 1.023164344 0 0 0.9890019867 -0.1479022319
box 0.1 0.025 0.175 -0.3053715992 0.6177816253 1.023164344 0 0 0.9573580374 0.2889041161
box 0.1 0.025 0.175 -0.9721096962 0.4205064159 1.023164344 0 0 0.9690187715 -0.2469870856
box 0.025 0.025 0.35 -1.617626175 0.2148315422 0.4731643443 0 0 0.9435352285 0.3312722032
box 0.025 0.025 0.35 -0.9151604659 -0.3477890469 0.4731643443 0 0 0.9435352285 0.3312722032
box 0.025 0.025 0.35 -0.5548983957 1.541711215 0.4731643443 0 0 0.9435352285 0.3312722032
box 0.025 0.025 0.35 0.1475673135 0.9790906262 0.4731643443 0 0 0.9435352285 0.3312722032
box 0.6 1 0.02 -0.7350294308 0.5969610842 0.8231643443 0 0 0.9435352285 0.3312722032
cyl 0.03 0.06 -0.555565087 0.4915790817 0.9231643443 0 0 0.9435352285 0.3312722032
cyl 0.05 0.175 -1.049751916 0.7517628703 0.9731643443 0 0 0.9973442944 0.07283102698
end
problem table_pick 82
start 1.57 -1.5707 0 -1.5707 -1.57 3.14
goal -0.04400416119 -0.8418976773 1.725221905 -0.8811227503 1.587204006 -3.141090293
box 0.125 0.125 0.125 -0.5235702021 0.7064783986 0.9475998772 0 0 0.4879878554 0.8728504184
box 0.1 0.01 0.2 0.2120489732 0.9059402368 0.9975998772 0 0 0.5889059569 0.8082015677
box 0.01 0.1 0.2 -0.256723652 0.6994256567 0.9975998772 0 0 0.4953704015 0.868681855
box 0.1 0.025 0.175 0.1512741788 0.6656180042 0.9975998772 0 0 0.9601982198 0.2793194921
box 0.1 0.025 0.175 -0.1628279412 0.9981989198 0.9975998772 0 0 0.3473942578 0.9377191635
box 0.025 0.025 0.35 -0.850813577 1.499009242 0.4475998772 0 0 0.6860948822 0.7275120704
box 0.025 0.025 0.35 -0.9035064398 0.600553087 0.4475998772 0 0 0.6860948822 0.7275120704
box 0.025 0.025 0.35 0.8462702711 1.399478279 0.4475998772 0 0 0.6860948822 0.7275120704
box 0.025 0.025 0.35 0.7935774083 0.501022124 0.4475998772 0 0 0.6860948822 0.7275120704
box 0.6 1 0.02 -0.02861808436 1.000015683 0.7975998772 0 0 0.6860948822 0.7275120704
cyl 0.03 0.06 -0.06847716022 0.8179294952 0.8975998772 0 0 0.6860948822 0.7275120704
cyl 0.05 0.175 -0.08879051283 1.323638614 0.9475998772 0 0 0.912763774 0.4084878125
end
problem table_pick 83
start 1.57 -1.5707 0 -1.5707 -1.57 3.14
goal -0.07127260552 -0.7973015106 1.515973642 -0.7147811208 1.406043481 -3.141432471
box 0.125 0.125 0.125 -0.4238686077 0.8746322202 0.9797535029 0 0 0.9403723475 0.3401468037
box 0.1 0.01 0.2 0.16106239 1.083707258 1.029753503 0 0 0.4700400354 0.8826450958
box 0.01 0.1 0.2 -0.365440959 0.7197893326 1.029753503 0 0 0.949446943 0.3139275432
box 0.1 0.025 0.175 0.1678027268 0.818350487 1.029753503 0 0 0.6904097247 0.7234185594
box 0.1 0.025 0.175 -0.2888412833 1.154731358 1.029753503 0 0 0.9561840803 0.292766126
box 0.025 0.025 0.35 -1.012823755 1.492758133 0.4797535029 0 0 0.7397702569 0.6728595448
box 0.025 0.025 0.35 -0.9277556956 0.596787472 0.4797535029 0 0 0.7397702569 0.6728595448
box 0.025 0.025 0.35 0.6795652713 1.653442245 0.4797535029 0 0 0.7397702569 0.6728595448
box 0.025 0.025 0.35 0.7646333307 0.7574715842 0.4797535029 0 0 0.7397702569 0.6728595448
box 0.6 1 0.02 -0.1240952121 1.125114859 0.8297535029 0 0 0.7397702569 0.6728595448
cyl 0.03 0.06 -0.09236628534 0.8795698804 0.9297535029 0 0 0.7397702569 0.6728595448
cyl 0.05 0.175 -0.1493031134 1.417793147 0.9797535029 0 0 0.8876273011 0.4605624544
end
problem table_pick 84
start 1.57 -1.5707 0 -1.5707 -1.57 3.14
goal -0.5808536465 -0.8635741782 1.834959234 -0.9646440649 1.421056733 -3.140275005
box 0.125 0.125 0.125 -0.06738876169 0.8332746394 0.9337372074 0 0 0.9319284 0.3626423269
box 0.1 0.01 0.2 0.5645946091 0.839459508 0.9837372074 0 0 0.02054284272 0.9997889735
box 0.01 0.1 0.2 -0.01907858539 0.6399904021 0.9837372074 0 0 0.5395118517 0.8419780055
box 0.1 0.025 0.175 0.5416970959 0.4814493889 0.9837372074 0 0 0.8524383718 0.5228277175
box 0.1 0.025 0.175 0.2442494911 1.043453725 0.9837372074 0 0 0.6109632491 0.7916589596
box 0.025 0.025 0.35 -0.1525381789 1.706025161 0.4337372074 0 0 0.5399908374 0.841670895
box 0.025 0.025 0.35 -0.5276759909 0.8879349327 0.4337372074 0 0 0.5399908374 0.841670895
box 0.025 0.025 0.35 1.392743364 0.9974315163 0.4337372074 0 0 0.5399908374 0.841670895
box 0.025 0.025 0.35 1.017605552 0.1793412878 0.4337372074 0 0 0.5399908374 0.841670895
box 0.6 1 0.02 0.4325336864 0.9426832245 0.7837372074 0 0 0.5399908374 0.841670895
cyl 0.03 0.06 0.3011225216 0.7319818891 0.8837372074 0 0 0.5399908374 0.841670895
cyl 0.05 0.175 0.4962203302 1.233369512 0.9337372074 0 0 0.8556977773 0.5174759065
end
problem table_pick 85
start 1.57 -1.5707 0 -1.5707 -1.57 3.14
goal -1.23300586 -0.9732169332 1.7637945 -0.7923004854 1.46103339 -3.138782473
box 0.125 0.125 0.125 0.3856408908 0.7270754248 1.006613537 0 0 -0.3770698706 0.9261848156
box 0.1 0.01 0.2 0.9333673817 0.249676577 1.056613537 0 0 -0.4587959549 0.8885416545
box 0.01 0.1 0.2 0.4238892372 0.5218056222 1.056613537 0 0 -0.4162477206 0.9092512497
box 0.1 0.025 0.175 0.6421361787 0.1550698816 1.056613537 0 0 0.7534734381 0.657478348
box 0.1 0.025 0.175 0.7768256568 0.5840328204 1.056613537 0 0 0.7894694028 0.6137899168
box 0.025 0.025 0.35 0.9737134649 1.443476326 0.506613537 0 0 0.2202178924 0.975450706
box 0.025 0.025 0.35 0.1610061211 1.056815268 0.506613537 0 0 0.2202178924 0.975450706
box 0.025 0.025 0.35 1.70407324 -0.09163754573 0.506613537 0 0 0.2202178924 0.975450706
box 0.025 0.025 0.35 0.8913658963 -0.4782986032 0.506613537 0 0 0.2202178924 0.975450706
box 0.6 1 0.02 0.9325396806 0.4825888614 0.856613537 0 0 0.2202178924 0.975450706
cyl 0.03 0.06 0.7049513098 0.3948862478 0.956613537 0 0 0.2202178924 0.975450706
cyl 0.05 0.175 1.154716698 0.5942922161 1.006613537 0 0 -0.373115833 0.9277847677
end
problem table_pick 86
start 1.57 -1.5707 0 -1.5707 -1.57 3.14
goal 1.364252721 -1.099891269 1.73303942 -0.6311163181 1.569116102 3.138596556
box 0.125 0.125 0.125 -0.8414964448 -0.2311487599 1.080350546 0 0 -0.8025254653 0.5966178656
box 0.1 0.01 0.2 -1.061584251 0.4131347023 1.130350546 0 0 0.7243951607 0.6893849804
box 0.01 0.1 0.2 -0.7387124075 -0.1895154808 1.130350546 0 0 0.8833537186 -0.4687069531
box 0.1 0.025 0.175 -0.66566645 0.2197325973 1.130350546 0 0 0.8823541084 -0.4705860468
box 0.1 0.025 0.175 -1.147839516 -0.09717416622 1.130350546 0 0 0.6616320134 0.7498286996
box 0.025 0.025 0.35 -1.646880141 -0.6195297767 0.5803505465 0 0 0.9947178577 0.1026468881
box 0.025 0.025 0.35 -0.7658456314 -0.8033182234 0.5803505465 0 0 0.9947178577 0.1026468881
box 0.025 0.025 0.35 -1.299724186 1.044646519 0.5803505465 0 0 0.9947178577 0.1026468881
box 0.025 0.025 0.35 -0.4186896764 0.8608580722 0.5803505465 0 0 0.9947178577 0.1026468881
box 0.6 1 0.02 -1.032784909 0.1206641478 0.9303505465 0 0 0.9947178577 0.1026468881
cyl 0.03 0.06 -0.7967754279 0.0555483375 1.030350546 0 0 0.9947178577 0.1026468881
cyl 0.05 0.175 -1.360118261 0.1957136852 1.080350546 0 0 0.8575617781 0.5143809841
end
problem table_pick 87
start 1.57 -1.5707 0 -1.5707 -1.57 3.14
goal -0.4003241897 -1.125044877 1.920539498 -0.7949810688 1.278206509 3.139215354
box 0.125 0.125 0.125 -0.3019401497 0.6025704215 1.037184264 0 0 0.7977377201 0.6030045853
box 0.1 0.01 0.2 0.3784680806 0.9381513641 1.087184264 0 0 0.4096510024 0.9122423232
box 0.01 0.1 0.2 -0.1115367624 0.4867549833 1.087184264 0 0 0.8792614513 0.47633948
box 0.1 0.025 0.175 0.365965278 0.5551198167 1.087184264 0 0 0.9959237143 0.09019952993
box 0.1 0.025 0.175 0.03617198237 0.9536740808 1.087184264 0 0 0.9167818765 0.399388271
box 0.025 0.025 0.35 -0.6468522251 1.485063781 0.5371842643 0 0 0.6685684499 0.7436506087
box 0.025 0.025 0.35 -0.7422814351 0.5901373786 0.5371842643 0 0 0.6685684499 0.7436506087
box 0.025 0.025 0.35 1.043564313 1.304808607 0.5371842643 0 0 0.6685684499 0.7436506087
box 0.025 0.025 0.35 0.9481351029 0.4098822041 0.5371842643 0 0 0.6685684499 0.7436506087
box 0.6 1 0.02 0.1506414389 0.9474729926 0.8871842643 0 0 0.6685684499 0.7436506087
cyl 0.03 0.06 0.1083227943 0.7447080087 0.9871842643 0 0 0.6685684499 0.7436506087
cyl 0.05 0.175 0.1135902205 1.204708539 1.037184264 0 0 0.9978438345 0.0656329341
end
problem table_pick 88
start 1.57 -1.5707 0 -1.5707 -1.57 3.14
goal 2.574962804 -2.210425991 -1.785651312 -2.284078144 -1.208447917 3.141156404
box 0.125 0.125 0.125 0.292265458 0.8870500344 0.9792455379 0 0 -0.01973200497 0.999805305
box 0.1 0.01 0.2 0.9724048112 0.4660389049 1.029245538 0 0 0.05148107957 0.99867397
box 0.01 0.1 0.2 0.3165798193 0.5761439448 1.029245538 0 0 0.7951456163 0.6064185427
box 0.1 0.025 0.175 0.537210924 0.2815858962 1.029245538 0 0 -0.1335898195 0.9910367098
box 0.1 0.025 0.175 0.7085026374 0.8212953658 1.029245538 0 0 0.6642385356 0.7475206805
box 0.025 0.025 0.35 0.6342058445 1.639865625 0.4792455379 0 0 0.3145448403 0.9492426157
box 0.025 0.025 0.35 -0.08770493373 1.102422765 0.4792455379 0 0 0.3145448403 0.9492426157
box 0.025 0.025 0.35 1.649375692 0.2762563777 0.4792455379 0 0 0.3145448403 0.9492426157
box 0.025 0.025 0.35 0.9274649139 -0.2611864828 0.4792455379 0 0 0.3145448403 0.9492426157
box 0.6 1 0.02 0.7808353792 0.6893395713 0.8292455379 0 0 0.3145448403 0.9492426157
cyl 0.03 0.06 0.593358111 0.5413057174 0.9292455379 0 0 0.3145448403 0.9492426157
cyl 0.05 0.175 1.053339685 0.8278023081 0.9792455379 0 0 -0.2145104638 0.9767216906
end
problem table_pick 89
start 1.57 -1.5707 0 -1.5707 -1.57 3.14
goal 0.1742522751 -1.10564878 1.6558868 -0.553186703 1.386621618 -3.14159265
box 0.125 0.125 0.125 -0.7308397101 0.4513617687 1.108860075 0 0 0.9616425791 0.2743055779
box 0.1 0.01 0.2 -0.1619518001 1.083608896 1.158860075 0 0 0.8309400782 0.5563619204
box 0.01 0.1 0.2 -0.3757115755 0.573391833 1.158860075 0 0 0.178960161 0.9838563212
box 0.1 0.025 0.175 -0.0471666272 0.6198373102 1.158860075 0 0 0.9960693287 0.08857704264
box 0.1 0.025 0.175 -0.6556802596 0.806497984 1.158860075 0 0 0.6545087128 0.756054459
box 0.025 0.025 0.35 -1.350411915 1.088270851 0.6088600748 0 0 0.8217809574 0.5698035258
box 0.025 0.025 0.35 -1.034828819 0.2454142141 0.6088600748 0 0 0.8217809574 0.5698035258
box 0.025 0.025 0.35 0.2416506208 1.684372253 0.6088600748 0 0 0.8217809574 0.5698035258
box 0.025 0.025 0.35 0.5572337164 0.841515617 0.6088600748 0 0 0.8217809574 0.5698035258
box 0.6 1 0.02 -0.3965890992 0.9648932338 0.9588600748 0 0 0.8217809574 0.5698035258
cyl 0.03 0.06 -0.2970584875 0.7629237146 1.058860075 0 0 0.8217809574 0.5698035258
cyl 0.05 0.175 -0.6082798288 1.250925623 1.108860075 0 0 0.9846487414 0.1745475752
end
problem table_pick 90
start 1.57 -1.5707 0 -1.5707 -1.57 3.14
goal 0.6397468766 -0.9736020186 1.957711343 -0.9820267688 1.363482792 3.141018381
box 0.125 0.125 0.125 -0.7750645099 0.1588763609 0.9591405086 0 0 0.780043204 0.6257256587
box 0.1 0.01 0.2 -0.5144315542 0.7817433255 1.009140509 0 0 0.8956720697 0.4447151263
box 0.01 0.1 0.2 -0.568090794 0.3134564523 1.009140509 0 0 0.9766400545 -0.2148818373
box 0.1 0.025 0.175 -0.1653720886 0.5802008404 1.009140509 0 0 0.959253808 0.2825458048
box 0.1 0.025 0.175 -0.8533517926 0.5567599257 1.009140509 0 0 0.6726168682 0.7399909112
box 0.025 0.025 0.35 -1.603251586 0.3156530426 0.4591405086 0 0 0.9353409159 0.3537476093
box 0.025 0.025 0.35 -0.9284988537 -0.2799212605 0.4591405086 0 0 0.9353409159 0.3537476093
box 0.025 0.025 0.35 -0.4782779022 1.590185981 0.4591405086 0 0 0.9353409159 0.3537476093
box 0.025 0.025 0.35 0.1964748299 0.9946116779 0.4591405086 0 0 0.9353409159 0.3537476093
box 0.6 1 0.02 -0.7033883779 0.6551323603 0.8091405086 0 0 0.9353409159 0.3537476093
cyl 0.03 0.06 -0.5716072377 0.4874952646 0.9091405086 0 0 0.9353409159 0.3537476093
cyl 0.05 0.175 -0.8926494653 0.9429303915 0.9591405086 0 0 0.9138233524 -0.4061119066
end
problem table_pick 91
start 1.57 -1.5707 0 -1.5707 -1.57 3.14
goal 0.2315029646 -1.23453578 2.091134051 -0.8550811222 1.273645037 3.14159265
box 0.125 0.125 0.125 -0.5525404972 0.3073264219 1.038635532 0 0 0.9964968726 0.08363003539
box 0.1 0.01 0.2 -0.2988008722 0.9327833508 1.088635532 0 0 0.7040100003 0.7101900587
box 0.01 0.1 0.2 -0.3770681174 0.3071758489 1.088635532 0 0 0.4821735614 0.876075714
box 0.1 0.025 0.175 -0.07557163197 0.6778340343 1.088635532 0 0 0.9116078669 0.4110609407
box 0.1 0.025 0.175 -0.5313337363 0.6586520942 1.088635532 0 0 0.5354158242 0.8445885952
box 0.025 0.025 0.35 -1.408848349 0.7804991556 0.5386355315 0 0 0.8663502436 0.4994369383
box 0.025 0.025 0.35 -0.9578354086 0.001661991792 0.5386355315 0 0 0.8663502436 0.4994369383
box 0.025 0.025 0.35 0.06228851597 1.632412487 0.5386355315 0 0 0.8663502436 0.4994369383
box 0.025 0.025 0.35 0.5133014563 0.8535753235 0.5386355315 0 0 0.8663502436 0.4994369383
box 0.6 1 0.02 -0.4477734463 0.8170372395 0.8886355315 0 0 0.8663502436 0.4994369383
cyl 0.03 0.06 -0.3386875741 0.6057509374 0.9886355315 0 0 0.8663502436 0.4994369383
cyl 0.05 0.175 -0.6312303825 1.108208429 1.038635532 0 0 0.3224755207 0.9465778038
end
problem table_pick 92
start 1.57 -1.5707 0 -1.5707 -1.57 3.14
goal -0.8171690578 -0.6747422707 1.002000783 -0.3269304192 1.486451125 3.139316483
box 0.125 0.125 0.125 0.1504527955 0.9159039935 1.073262989 0 0 -0.2485620905 0.9686159647
box 0.1 0.01 0.2 0.8592457713 0.7783955389 1.123262989 0 0 0.3072465813 0.9516299377
box 0.01 0.1 0.2 0.3031991707 0.6421589852 1.123262989 0 0 0.6558307959 0.7549079196
box 0.1 0.025 0.175 0.6545044437 0.2997635283 1.123262989 0 0 0.9204087815 0.3909573826
box 0.1 0.025 0.175 0.6270956831 0.977093752 1.123262989 0 0 0.8716596261 0.4901117182
box 0.025 0.025 0.35 0.437193997 1.753626538 0.5732629887 0 0 0.4052432097 0.9142089154
box 0.025 0.025 0.35 -0.1672062968 1.086768019 0.5732629887 0 0 0.4052432097 0.9142089154
box 0.025 0.025 0.35 1.696815645 0.6119815389 0.5732629887 0 0 0.4052432097 0.9142089154
box 0.025 0.025 0.35 1.092415351 -0.05487698049 0.5732629887 0 0 0.4052432097 0.9142089154
box 0.6 1 0.02 0.764804674 0.8493747789 0.9232629887 0 0 0.4052432097 0.9142089154
cyl 0.03 0.06 0.6279994279 0.7697579917 1.023262989 0 0 0.4052432097 0.9142089154
cyl 0.05 0.175 0.9797733421 1.115753323 1.073262989 0 0 0.7344882933 0.6786213576
end
problem table_pick 93
start 1.57 -1.5707 0 -1.5707 -1.57 3.14
goal -0.08990218531 -0.840493727 1.77678889 -0.9388684518 1.304743114 -3.141497792
box 0.125 0.125 0.125 -0.4284412901 0.6309059625 0.9348855905 0 0 0.9937134751 0.1119532466
box 0.1 0.01 0.2 0.01466540757 1.098371061 0.9848855905 0 0 0.9637764067 0.2667115255
box 0.01 0.1 0.2 -0.3202069145 0.5830836926 0.9848855905 0 0 0.8173470922 0.5761455813
box 0.1 0.025 0.175 0.1442661144 0.7154237845 0.9848855905 0 0 0.112171467 0.9936888658
box 0.1 0.025 0.175 -0.2203180287 1.016506833 0.9848855905 0 0 0.4138191636 0.9103591049
box 0.025 0.025 0.35 -1.027965506 1.281641018 0.4348855905 0 0 0.7655248401 0.6434063406
box 0.025 0.025 0.35 -0.8731146002 0.3950626532 0.4348855905 0 0 0.7655248401 0.6434063406
box 0.025 0.025 0.35 0.6466825168 1.574137173 0.4348855905 0 0 0.7655248401 0.6434063406
box 0.025 0.025 0.35 0.8015334224 0.687558808 0.4348855905 0 0 0.7655248401 0.6434063406
box 0.6 1 0.02 -0.1132160417 0.9845999131 0.7848855905 0 0 0.7655248401 0.6434063406
cyl 0.03 0.06 -0.1106921663 0.8020157337 0.8848855905 0 0 0.7655248401 0.6434063406
cyl 0.05 0.175 -0.2336811331 1.172939108 0.9348855905 0 0 0.8362467282 0.5483533619
end
problem table_pick 94
start 1.57 -1.5707 0 -1.5707 -1.57 3.14
goal 0.1730889505 -0.9052837473 1.363546217 -0.4608216253 1.370999592 -3.140738001
box 0.125 0.125 0.125 -0.5432584103 0.5683894751 1.094858576 0 0 0.30206436 0.953287534
box 0.1 0.01 0.2 -0.1859046776 1.062531431 1.144858576 0 0 0.8852893945 0.4650405229
box 0.01 0.1 0.2 -0.3570491443 0.4995557795 1.144858576 0 0 0.679326688 0.7338359837
box 0.1 0.025 0.175 0.03506718925 0.748718808 1.144858576 0 0 0.9786506756 0.2055306674
box 0.1 0.025 0.175 -0.5207178569 0.8540855122 1.144858576 0 0 0.9857105571 0.1684479078
box 0.025 0.025 0.35 -1.31367472 1.133619254 0.5948585764 0 0 0.8254679936 0.5644489273
box 0.025 0.025 0.35 -0.9871593846 0.2949371113 0.5948585764 0 0 0.8254679936 0.5644489273
box 0.025 0.025 0.35 0.2705026602 1.750370442 0.5948585764 0 0 0.8254679936 0.5644489273
box 0.025 0.025 0.35 0.5970179954 0.9116882999 0.5948585764 0 0 0.8254679936 0.5644489273
box 0.6 1 0.02 -0.3583283622 1.022653777 0.9448585764 0 0 0.8254679936 0.5644489273
cyl 0.03 0.06 -0.3153622109 0.8496394996 1.044858576 0 0 0.8254679936 0.5644489273
cyl 0.05 0.175 -0.4583653017 1.219594699 1.094858576 0 0 0.5926519026 0.805458703
end
problem table_pick 95
start 1.57 -1.5707 0 -1.5707 -1.57 3.14
goal -2.755005514 -2.296828938 -1.462909724 -2.517421623 -1.321272102 -3.14159265
box 0.125 0.125 0.125 -0.5393900364 0.7613646625 1.023669705 0 0 0.6726854756 0.7399285445
box 0.1 0.01 0.2 -0.01854825125 1.122299117 1.073669705 0 0 0.7342236098 0.6789077189
box 0.01 0.1 0.2 -0.4475899516 0.6525403675 1.073669705 0 0 0.5266166942 0.8501028511
box 0.1 0.025 0.175 0.1150503517 0.624800991 1.073669705 0 0 0.3790676847 0.9253689483
box 0.1 0.025 0.175 -0.3472212893 0.9396430116 1.073669705 0 0 0.6320432843 0.7749330854
box 0.025 0.025 0.35 -1.137326573 1.373300212 0.5236697047 0 0 0.7555702181 0.6550676649
box 0.025 0.025 0.35 -1.009731135 0.4823908985 0.5236697047 0 0 0.7555702181 0.6550676649
box 0.025 0.025 0.35 0.5455021292 1.614313817 0.5236697047 0 0 0.7555702181 0.6550676649
box 0.025 0.025 0.35 0.6730975672 0.7234045035 0.5236697047 0 0 0.7555702181 0.6550676649
box 0.6 1 0.02 -0.2321145031 1.048352358 0.8736697047 0 0 0.7555702181 0.6550676649
cyl 0.03 0.06 -0.1662736617 0.8783890243 0.9736697047 0 0 0.7555702181 0.6550676649
cyl 0.05 0.175 -0.2426354452 1.383102548 1.023669705 0 0 0.6446350842 0.7644904239
end
problem table_pick 96
start 1.57 -1.5707 0 -1.5707 -1.57 3.14
goal 2.588042261 -2.290853728 -1.312444167 -2.679918998 -1.312973707 3.138870013
box 0.125 0.125 0.125 0.2387325359 0.8189309106 1.078630361 0 0 0.8073466781 0.5900774029
box 0.1 0.01 0.2 0.8289603096 0.6674282091 1.128630361 0 0 0.8462398284 0.5328021704
box 0.01 0.1 0.2 0.3637214005 0.7515760486 1.128630361 0 0 -0.07365904011 0.9972834832
box 0.1 0.025 0.175 0.5510921658 0.4052057125 1.128630361 0 0 0.352754793 0.9357157988
box 0.1 0.025 0.175 0.6940606368 0.9915718336 1.128630361 0 0 0.7280909093 0.6854805816
box 0.025 0.025 0.35 0.5157051299 1.698741885 0.5786303606 0 0 0.3712578787 0.9285297989
box 0.025 0.025 0.35 -0.1361965277 1.078238678 0.5786303606 0 0 0.3712578787 0.9285297989
box 0.025 0.025 0.35 1.687766742 0.467372087 0.5786303606 0 0 0.3712578787 0.9285297989
box 0.025 0.025 0.35 1.035865084 -0.1531311192 0.5786303606 0 0 0.3712578787 0.9285297989
box 0.6 1 0.02 0.7757851069 0.7728053827 0.9286303606 0 0 0.3712578787 0.9285297989
cyl 0.03 0.06 0.6298196053 0.673911115 1.028630361 0 0 0.3712578787 0.9285297989
cyl 0.05 0.175 1.007051907 1.105352814 1.078630361 0 0 0.03088676432 0.9995228901
end
problem table_pick 97
start 1.57 -1.5707 0 -1.5707 -1.57 3.14
goal -3.116948105 -2.128068524 -1.804290185 -2.350729393 -1.395740374 -3.14159265
box 0.125 0.125 0.125 -0.2001231055 0.7620473777 1.015764521 0 0 0.9766762088 0.2147174494
box 0.1 0.01 0.2 0.442994476 1.027191963 1.065764521 0 0 0.9246646635 0.3807824313
box 0.01 0.1 0.2 -0.1031732085 0.6689915789 1.065764521 0 0 0.9129044625 0.4081732993
box 0.1 0.025 0.175 0.2294576504 0.5123483715 1.065764521 0 0 0.4290887537 0.9032623326
box 0.1 0.025 0.175 -0.108815955 1.006243314 1.065764521 0 0 0.2976383024 0.9546787108
box 0.025 0.025 0.35 -0.5889209783 1.576331212 0.5157645214 0 0 0.6518929629 0.7583109949
box 0.025 0.025 0.35 -0.7239849952 0.6865235301 0.5157645214 0 0 0.6518929629 0.7583109949
box 0.025 0.025 0.35 1.091826866 1.321210292 0.5157645214 0 0 0.6518929629 0.7583109949
box 0.025 0.025 0.35 0.956762849 0.4314026094 0.5157645214 0 0 0.6518929629 0.7583109949
box 0.6 1 0.02 0.1839209354 1.003866911 0.8657645214 0 0 0.6518929629 0.7583109949
cyl 0.03 0.06 0.1395448997 0.7822471419 0.9657645214 0 0 0.6518929629 0.7583109949
cyl 0.05 0.175 0.169002799 1.326530642 1.015764521 0 0 0.989584153 0.143955563
end
problem table_pick 98
start 1.57 -1.5707 0 -1.5707 -1.57 3.14
goal 1.128671334 -0.6850034007 1.462144952 -0.7798483241 1.544821503 3.141472827
box 0.125 0.125 0.125 -0.8641266265 -0.1917145429 0.9270950316 0 0 0.693352826 0.7205982644
box 0.1 0.01 0.2 -0.984618039 0.5186924637 0.9770950316 0 0 0.8701613191 -0.4927669619
box 0.01 0.1 0.2 -0.7013818136 0.04136177172 0.9770950316 0 0 0.9170412088 0.398792454
box 0.1 0.025 0.175 -0.5425358802 0.3688711734 0.9770950316 0 0 0.9999877114 -0.004957530531
box 0.1 0.025 0.175 -1.108753105 0.1474096125 0.9770950316 0 0 0.9746720075 0.2236391689
box 0.025 0.025 0.35 -1.762976906 -0.2709543386 0.4270950316 0 0 0.9787927145 0.2048531721
box 0.025 0.025 0.35 -0.9385135858 -0.631870165 0.4270950316 0 0 0.9787927145 0.2048531721
box 0.025 0.025 0.35 -1.081247012 1.286365266 0.4270950316 0 0 0.9787927145 0.2048531721
box 0.025 0.025 0.35 -0.2567836917 0.9254494398 0.4270950316 0 0 0.9787927145 0.2048531721
box 0.6 1 0.02 -1.009880299 0.3272475506 0.7770950316 0 0 0.9787927145 0.2048531721
cyl 0.03 0.06 -0.8557122596 0.2753147609 0.8770950316 0 0 0.9787927145 0.2048531721
cyl 0.05 0.175 -1.180712023 0.4704041173 0.9270950316 0 0 0.942346808 0.3346378543
end
problem table_pick 99
start 1.57 -1.5707 0 -1.5707 -1.57 3.14
goal -1.595045715 -0.9121351464 1.569441041 -0.6601994624 1.485376356 3.14159265
box 0.125 0.125 0.125 0.7428297168 0.5132469444 1.03053323 0 0 -0.2126587905 0.9771265214
box 0.1 0.01 0.2 1.150923344 -0.1723690308 1.08053323 0 0 0.2759023315 0.9611856758
box 0.01 0.1 0.2 0.6172036704 0.3301384039 1.08053323 0 0 0.5583109307 0.8296317886
box 0.1 0.025 0.175 0.7437329219 -0.15778699 1.08053323 0 0 -0.6277107077 0.7784467018
box 0.1 0.025 0.175 1.056538795 0.3679749642 1.08053323 0 0 -0.6771131936 0.7358788779
box 0.025 0.025 0.35 1.448389218 0.984982385 0.5305332301 0 0 0.0310151232 0.9995189153
box 0.025 0.025 0.35 0.5501207065 0.9291820209 0.5305332301 0 0 0.0310151232 0.9995189153
box 0.025 0.025 0.35 1.553789906 -0.7117470263 0.5305332301 0 0 0.0310151232 0.9995189153
box 0.025 0.025 0.35 0.6555213943 -0.7675473904 0.5305332301 0 0 0.0310151232 0.9995189153
box 0.6 1 0.02 1.051955306 0.1087174973 0.8805332301 0 0 0.0310151232 0.9995189153
cyl 0.03 0.06 0.8552298073 0.1121468989 0.9805332301 0 0 0.0310151232 0.9995189153
cyl 0.05 0.175 1.394909818 0.1145162157 1.03053323 0 0 0.2611413024 0.9653005854
end
problem table_pick 100
start 1.57 -1.5707 0 -1.5707 -1.57 3.14
goal -0.1801423928 -0.8580928859 1.634670683 -0.7778575745 1.17147629 -3.138922372
box 0.125 0.125 0.125 -0.4745572865 0.5835368413 0.9806894629 0 0 0.6700433598 0.7423219625
box 0.1 0.01 0.2 0.03768737419 1.095137145 1.030689463 0 0 0.9026999882 0.4302705328
box 0.01 0.1 0.2 -0.2431553584 0.5043601898 1.030689463 0 0 0.2817331042 0.9594928129
box 0.1 0.025 0.175 0.1664768407 0.6642373703 1.030689463 0 0 0.8412894479 0.5405849285
box 0.1 0.025 0.175 -0.3464905163 0.9955706952 1.030689463 0 0 0.714350772 0.6997878068
box 0.025 0.025 0.35 -1.066378925 1.253331502 0.4806894629 0 0 0.7803848274 0.6252995451
box 0.025 0.025 0.35 -0.8701780634 0.3749778026 0.4806894629 0 0 0.7803848274 0.6252995451
box 0.025 0.025 0.35 0.5927336184 1.623933131 0.4806894629 0 0 0.7803848274 0.6252995451
box 0.025 0.025 0.35 0.7889344804 0.7455794308 0.4806894629 0 0 0.7803848274 0.6252995451
box 0.6 1 0.02 -0.1387222225 0.9994554665 0.8306894629 0 0 0.7803848274 0.6252995451
cyl 0.03 0.06 -0.06841139733 0.8438924649 0.9306894629 0 0 0.7803848274 0.6252995451
cyl 0.05 0.175 -0.1337542672 1.368615753 0.9806894629 0 0 0.9988621408 0.04769091909
end
problem cage 1
start 1.57 -1.5707 0 -1.5707 -1.57 3.14
goal -0.3349380838 -0.482370965 1.189500897 -2.274744097 -1.570496964 -0.1431679786
box 0.035 0.035 0.035 0.2087649193 0.7522271298 0.6171387767 0 0 0.6380427776 0.7700009182
box 0.35 0.35 0.02 0.2087649193 0.7522271298 0.5371387767 0 0 0.6380427776 0.7700009182
box 0.02 0.35 0.35 0.2737959091 1.096132597 0.8971387767 0 0 0.6380427776 0.7700009182
box 0.325 0.325 0.02 0.2180550607 0.8013564823 1.247138777 0 0 0.6380427776 0.7700009182
box 0.02 0.35 0.02 0.1437339295 0.4083216626 0.6971387767 0 0 0.6380427776 0.7700009182
box 0.02 0.35 0.02 0.1437339295 0.4083216626 0.9971387767 0 0 0.6380427776 0.7700009182
box 0.35 0.02 0.35 0.5526703865 0.6871961401 0.8971387767 0 0 0.6380427776 0.7700009182
box 0.35 0.02 0.35 -0.1351405479 0.8172581196 0.8971387767 0 0 0.6380427776 0.7700009182
end
problem cage 2
start 1.57 -1.5707 0 -1.5707 -1.57 3.14
goal 0.09441229688 -0.5282535176 1.245862668 -2.280899782 -1.574210685 -0.05266660779
box 0.035 0.035 0.035 -0.158823008 0.7500695531 0.627799394 0 0 0.7598955867 0.6500451502
box 0.35 0.35 0.02 -0.158823008 0.7500695531 0.547799394 0 0 0.7598955867 0.6500451502
box 0.02 0.35 0.35 -0.2130319199 1.095846062 0.907799394 0 0 0.7598955867 0.6500451502
box 0.325 0.325 0.02 -0.1665671382 0.7994661972 1.257799394 0 0 0.7598955867 0.6500451502
box 0.02 0.35 0.02 -0.1046140961 0.4042930445 0.707799394 0 0 0.7598955867 0.6500451502
box 0.02 0.35 0.02 -0.1046140961 0.4042930445 1.007799394 0 0 0.7598955867 0.6500451502
box 0.35 0.02 0.35 0.1869535006 0.804278465 0.907799394 0 0 0.7598955867 0.6500451502
box 0.35 0.02 0.35 -0.5045995165 0.6958606412 0.907799394 0 0 0.7598955867 0.6500451502
end
problem cage 3
start 1.57 -1.5707 0 -1.5707 -1.57 3.14
goal -0.2782969641 -0.8073828199 1.502045516 -2.264004864 -1.560983245 -0.03981417285
box 0.035 0.035 0.035 0.10601322 0.6825261048 0.7331816326 0 0 0.6167625691 0.7871492447
box 0.35 0.35 0.02 0.10601322 0.6825261048 0.6531816326 0 0 0.6167625691 0.7871492447
box 0.02 0.35 0.35 0.1897359734 1.022365038 1.013181633 0 0 0.6167625691 0.7871492447
box 0.325 0.325 0.02 0.1179736133 0.7310745239 1.363181633 0 0 0.6167625691 0.7871492447
box 0.02 0.35 0.02 0.02229046664 0.3426871715 0.8131816326 0 0 0.6167625691 0.7871492447
box 0.02 0.35 0.02 0.02229046664 0.3426871715 1.113181633 0 0 0.6167625691 0.7871492447
box 0.35 0.02 0.35 0.4458521533 0.5988033515 1.013181633 0 0 0.6167625691 0.7871492447
box 0.35 0.02 0.35 -0.2338257133 0.7662488582 1.013181633 0 0 0.6167625691 0.7871492447
end
problem cage 4
start 1.57 -1.5707 0 -1.5707 -1.57 3.14
goal -0.2273961509 -0.3485581442 1.060269315 -2.279703651 -1.56935162 -0.1169937427
box 0.035 0.035 0.035 0.1067811935 0.7952709394 0.5675210857 0 0 0.6669612706 0.7450923859
box 0.35 0.35 0.02 0.1067811935 0.7952709394 0.4875210857 0 0 0.6669612706 0.7450923859
box 0.02 0.35 0.35 0.1453950579 1.143134375 0.8475210857 0 0 0.6669612706 0.7450923859
box 0.325 0.325 0.02 0.1122974598 0.8449657159 1.197521086 0 0 0.6669612706 0.7450923859
box 0.02 0.35 0.02 0.06816732904 0.4474075043 0.6475210857 0 0 0.6669612706 0.7450923859
box 0.02 0.35 0.02 0.06816732904 0.4474075043 0.9475210857 0 0 0.6669612706 0.7450923859
box 0.35 0.02 0.35 0.4546446286 0.756657075 0.8475210857 0 0 0.6669612706 0.7450923859
box 0.35 0.02 0.35 -0.2410822416 0.8338848039 0.8475210857 0 0 0.6669612706 0.7450923859
end
problem cage 5
start 1.57 -1.5707 0 -1.5707 -1.57 3.14
goal -0.1978106579 -0.3006593815 1.008342217 -2.27111041 -1.580650342 -0.04250241112
box 0.035 0.035 0.035 0.1120943668 0.8018421106 0.5488423064 0 0 0.6529022025 0.7574422182
box 0.35 0.35 0.02 0.1120943668 0.8018421106 0.4688423064 0 0 0.6529022025 0.7574422182
box 0.02 0.35 0.35 0.1636974665 1.148017095 0.8288423064 0 0 0.6529022025 0.7574422182
box 0.325 0.325 0.02 0.1194662382 0.8512956799 1.178842306 0 0 0.6529022025 0.7574422182
box 0.02 0.35 0.02 0.06049126707 0.4556671258 0.6288423064 0 0 0.6529022025 0.7574422182
box 0.02 0.35 0.02 0.06049126707 0.4556671258 0.9288423064 0 0 0.6529022025 0.7574422182
box 0.35 0.02 0.35 0.4582693516 0.7502390109 0.8288423064 0 0 0.6529022025 0.7574422182
box 0.35 0.02 0.35 -0.234080618 0.8534452104 0.8288423064 0 0 0.6529022025 0.7574422182
end
problem cage 6
start 1.57 -1.5707 0 -1.5707 -1.57 3.14
goal -0.005999408136 -0.5801512803 1.10427193 -2.085467057 -1.566501129 0.005530254947
box 0.035 0.035 0.035 -0.05705182117 0.7966798953 0.7075976121 0 0 0.7017930184 0.7123809088
box 0.35 0.35 0.02 -0.05705182117 0.7966798953 0.6275976121 0 0 0.7017930184 0.7123809088
box 0.02 0.35 0.35 -0.05181122967 1.146640659 0.9875976121 0 0 0.7017930184 0.7123809088
box 0.325 0.325 0.02 -0.05630316524 0.8466742901 1.337597612 0 0 0.7017930184 0.7123809088
box 0.02 0.35 0.02 -0.06229241267 0.4467191315 0.7875976121 0 0 0.7017930184 0.7123809088
box 0.02 0.35 0.02 -0.06229241267 0.4467191315 1.087597612 0 0 0.7017930184 0.7123809088
box 0.35 0.02 0.35 0.2929089426 0.7914393038 0.9875976121 0 0 0.7017930184 0.7123809088
box 0.35 0.02 0.35 -0.407012585 0.8019204868 0.9875976121 0 0 0.7017930184 0.7123809088
end
problem cage 7
start 1.57 -1.5707 0 -1.5707 -1.57 3.14
goal -0.1544573788 -0.4807687405 1.190422628 -2.279746883 -1.578587011 -0.07846705602
box 0.035 0.035 0.035 0.07680238479 0.761413272 0.6166890088 0 0 0.6822893979 0.7310821961
box 0.35 0.35 0.02 0.07680238479 0.761413272 0.5366890088 0 0 0.6822893979 0.7310821961
box 0.02 0.35 0.35 0.100939209 1.110580014 0.8966890088 0 0 0.6822893979 0.7310821961
box 0.325 0.325 0.02 0.08025050254 0.8112942352 1.246689009 0 0 0.6822893979 0.7310821961
box 0.02 0.35 0.02 0.05266556055 0.4122465301 0.6966890088 0 0 0.6822893979 0.7310821961
box 0.02 0.35 0.02 0.05266556055 0.4122465301 0.9966890088 0 0 0.6822893979 0.7310821961
box 0.35 0.02 0.35 0.4259691268 0.7372764478 0.8966890088 0 0 0.6822893979 0.7310821961
box 0.35 0.02 0.35 -0.2723643572 0.7855500963 0.8966890088 0 0 0.6822893979 0.7310821961
end
problem cage 8
start 1.57 -1.5707 0 -1.5707 -1.57 3.14
goal -0.1939104275 -0.3882801127 0.8741639738 -2.060117751 -1.570988219 0.02212862269
box 0.035 0.035 0.035 0.08390123578 0.812212073 0.6519365245 0 0 0.6243705696 0.7811282813
box 0.35 0.35 0.02 0.08390123578 0.812212073 0.5719365245 0 0 0.6243705696 0.7811282813
box 0.02 0.35 0.35 0.1610142101 1.15361153 0.9319365245 0 0 0.6243705696 0.7811282813
box 0.325 0.325 0.02 0.09491737496 0.860983424 1.281936525 0 0 0.6243705696 0.7811282813
box 0.02 0.35 0.02 0.006788261502 0.470812616 0.7319365245 0 0 0.6243705696 0.7811282813
box 0.02 0.35 0.02 0.006788261502 0.470812616 1.031936525 0 0 0.6243705696 0.7811282813
box 0.35 0.02 0.35 0.4253006927 0.7350990987 0.9319365245 0 0 0.6243705696 0.7811282813
box 0.35 0.02 0.35 -0.2574982212 0.8893250473 0.9319365245 0 0 0.6243705696 0.7811282813
end
problem cage 9
start 1.57 -1.5707 0 -1.5707 -1.57 3.14
goal -0.2210260849 -0.4591846898 1.03732527 -2.144928054 -1.566611999 0.01445949064
box 0.035 0.035 0.035 0.1012638472 0.8038027732 0.6451709166 0 0 0.6204839203 0.7842191688
box 0.35 0.35 0.02 0.1012638472 0.8038027732 0.5651709166 0 0 0.6204839203 0.7842191688
box 0.02 0.35 0.35 0.1817636404 1.144419542 0.9251709166 0 0 0.6204839203 0.7842191688
box 0.325 0.325 0.02 0.1127638176 0.8524623116 1.275170917 0 0 0.6204839203 0.7842191688
box 0.02 0.35 0.02 0.02076405392 0.4631860043 0.7251709166 0 0 0.6204839203 0.7842191688
box 0.02 0.35 0.02 0.02076405392 0.4631860043 1.025170917 0 0 0.6204839203 0.7842191688
box 0.35 0.02 0.35 0.4418806161 0.7233029799 0.9251709166 0 0 0.6204839203 0.7842191688
box 0.35 0.02 0.35 -0.2393529218 0.8843025665 0.9251709166 0 0 0.6204839203 0.7842191688
end
problem cage 10
start 1.57 -1.5707 0 -1.5707 -1.57 3.14
goal -0.351156758 -0.5664071731 1.369625622 -2.380478999 -1.56790133 -0.02885706607
box 0.035 0.035 0.035 0.1909864174 0.7092775036 0.6186016113 0 0 0.5808151642 0.8140354691
box 0.35 0.35 0.02 0.1909864174 0.7092775036 0.5386016113 0 0 0.5808151642 0.8140354691
box 0.02 0.35 0.35 0.3048440389 1.040240405 0.8986016113 0 0 0.5808151642 0.8140354691
box 0.325 0.325 0.02 0.2072517919 0.756557918 1.248601611 0 0 0.5808151642 0.8140354691
box 0.02 0.35 0.02 0.07712879589 0.3783146023 0.6986016113 0 0 0.5808151642 0.8140354691
box 0.02 0.35 0.02 0.07712879589 0.3783146023 0.9986016113 0 0 0.5808151642 0.8140354691
box 0.35 0.02 0.35 0.5219493187 0.5954198821 0.8986016113 0 0 0.5808151642 0.8140354691
box 0.35 0.02 0.35 -0.1399764839 0.8231351251 0.8986016113 0 0 0.5808151642 0.8140354691
end
problem cage 11
start 1.57 -1.5707 0 -1.5707 -1.57 3.14
goal 0.07794217026 -0.649693985 1.403683347 -2.331171926 -1.579093753 -0.07445737524
box 0.035 0.035 0.035 -0.1236363042 0.7015425243 0.6680516593 0 0 0.7607439966 0.6490520562
box 0.35 0.35 0.02 -0.1236363042 0.7015425243 0.5880516593 0 0 0.7607439966 0.6490520562
box 0.02 0.35 0.35 -0.1787483041 1.047176243 0.9480516593 0 0 0.7607439966 0.6490520562
box 0.325 0.325 0.02 -0.1315094471 0.7509187698 1.298051659 0 0 0.7607439966 0.6490520562
box 0.02 0.35 0.02 -0.0685243044 0.3559088056 0.7480516593 0 0 0.7607439966 0.6490520562
box 0.02 0.35 0.02 -0.0685243044 0.3559088056 1.048051659 0 0 0.7607439966 0.6490520562
box 0.35 0.02 0.35 0.2219974144 0.7566545241 0.9480516593 0 0 0.7607439966 0.6490520562
box 0.35 0.02 0.35 -0.4692700229 0.6464305244 0.9480516593 0 0 0.7607439966 0.6490520562
end
problem cage 12
start 1.57 -1.5707 0 -1.5707 -1.57 3.14
goal -0.3491062668 -0.5800777109 1.222781419 -2.216286998 -1.571817007 0.006511700957
box 0.035 0.035 0.035 0.2230966949 0.7270627859 0.6719227096 0 0 0.5693414442 0.8221011616
box 0.35 0.35 0.02 0.2230966949 0.7270627859 0.5919227096 0 0 0.5693414442 0.8221011616
box 0.02 0.35 0.35 0.3461919188 1.05470217 0.9519227096 0 0 0.5693414442 0.8221011616
box 0.325 0.325 0.02 0.2406817268 0.7738684122 1.30192271 0 0 0.5693414442 0.8221011616
box 0.02 0.35 0.02 0.1000014709 0.3994234021 0.7519227096 0 0 0.5693414442 0.8221011616
box 0.02 0.35 0.02 0.1000014709 0.3994234021 1.05192271 0 0 0.5693414442 0.8221011616
box 0.35 0.02 0.35 0.5507360787 0.603967562 0.9519227096 0 0 0.5693414442 0.8221011616
box 0.35 0.02 0.35 -0.104542689 0.8501580098 0.9519227096 0 0 0.5693414442 0.8221011616
end
problem cage 13
start 1.57 -1.5707 0 -1.5707 -1.57 3.14
goal 0.008431943248 -0.3653895439 1.039871651 -2.25266063 -1.563272056 -0.1712590683
box 0.035 0.035 0.035 -0.0616640758 0.783274328 0.5859685969 0 0 0.7643290106 0.6448264601
box 0.35 0.35 0.02 -0.0616640758 0.783274328 0.5059685969 0 0 0.7643290106 0.6448264601
box 0.02 0.35 0.35 -0.1206032613 1.128276027 0.8659685969 0 0 0.7643290106 0.6448264601
box 0.325 0.325 0.02 -0.07008395945 0.832560285 1.215968597 0 0 0.7643290106 0.6448264601
box 0.02 0.35 0.02 -0.002724890311 0.4382726288 0.6659685969 0 0 0.7643290106 0.6448264601
box 0.02 0.35 0.02 -0.002724890311 0.4382726288 0.9659685969 0 0 0.7643290106 0.6448264601
box 0.35 0.02 0.35 0.2833376233 0.8422135135 0.8659685969 0 0 0.7643290106 0.6448264601
box 0.35 0.02 0.35 -0.4066657749 0.7243351425 0.8659685969 0 0 0.7643290106 0.6448264601
end
problem cage 14
start 1.57 -1.5707 0 -1.5707 -1.57 3.14
goal -0.5923043209 -0.6000422116 1.169083607 -2.148847823 -1.57099036 -0.2370982559
box 0.035 0.035 0.035 0.3610757354 0.6809533737 0.7019754148 0 0 0.5688316939 0.8224539525
box 0.35 0.35 0.02 0.3610757354 0.6809533737 0.6219754148 0 0 0.5688316939 0.8224539525
box 0.02 0.35 0.35 0.4845770882 1.008439886 0.9819754148 0 0 0.5688316939 0.8224539525
box 0.325 0.325 0.02 0.3787187858 0.7277371612 1.331975415 0 0 0.5688316939 0.8224539525
box 0.02 0.35 0.02 0.2375743826 0.3534668612 0.7819754148 0 0 0.5688316939 0.8224539525
box 0.02 0.35 0.02 0.2375743826 0.3534668612 1.081975415 0 0 0.5688316939 0.8224539525
box 0.35 0.02 0.35 0.6885622478 0.5574520209 0.9819754148 0 0 0.5688316939 0.8224539525
box 0.35 0.02 0.35 0.03358922289 0.8044547265 0.9819754148 0 0 0.5688316939 0.8224539525
end
problem cage 15
start 1.57 -1.5707 0 -1.5707 -1.57 3.14
goal -0.16131729 -0.1910680049 0.7291212902 -2.114977541 -1.579084213 -0.01221429533
box 0.035 0.035 0.035 0.09628697849 0.8459602112 0.5575621949 0 0 0.6506943723 0.7593397355
box 0.35 0.35 0.02 0.09628697849 0.8459602112 0.4775621949 0 0 0.6506943723 0.7593397355
box 0.02 0.35 0.35 0.1499047622 1.191828876 0.8375621949 0 0 0.6506943723 0.7593397355
box 0.325 0.325 0.02 0.1039466619 0.8953700204 1.187562195 0 0 0.6506943723 0.7593397355
box 0.02 0.35 0.02 0.04266919481 0.5000915464 0.6375621949 0 0 0.6506943723 0.7593397355
box 0.02 0.35 0.02 0.04266919481 0.5000915464 0.9375621949 0 0 0.6506943723 0.7593397355
box 0.35 0.02 0.35 0.4421556433 0.7923424275 0.8375621949 0 0 0.6506943723 0.7593397355
box 0.35 0.02 0.35 -0.2495816863 0.8995779949 0.8375621949 0 0 0.6506943723 0.7593397355
end
problem cage 16
start 1.57 -1.5707 0 -1.5707 -1.57 3.14
goal -0.2155830707 -0.6433542551 1.464551323 -2.389176283 -1.572155182 -0.182658795
box 0.035 0.035 0.035 0.1073995184 0.7172530335 0.6416547507 0 0 0.6960351245 0.7180077336
box 0.35 0.35 0.02 0.1073995184 0.7172530335 0.5616547507 0 0 0.6960351245 0.7180077336
box 0.02 0.35 0.35 0.1182740922 1.067084055 0.9216547507 0 0 0.6960351245 0.7180077336
box 0.325 0.325 0.02 0.108953029 0.7672288937 1.271654751 0 0 0.6960351245 0.7180077336
box 0.02 0.35 0.02 0.09652494457 0.3674220119 0.7216547507 0 0 0.6960351245 0.7180077336
box 0.02 0.35 0.02 0.09652494457 0.3674220119 1.021654751 0 0 0.6960351245 0.7180077336
box 0.35 0.02 0.35 0.45723054 0.7063784596 0.9216547507 0 0 0.6960351245 0.7180077336
box 0.35 0.02 0.35 -0.2424315031 0.7281276073 0.9216547507 0 0 0.6960351245 0.7180077336
end
problem cage 17
start 1.57 -1.5707 0 -1.5707 -1.57 3.14
goal -0.5189408809 -0.5996459721 1.345053949 -2.313007773 -1.571543556 -0.1753046941
box 0.035 0.035 0.035 0.332980531 0.6732159639 0.6458680344 0 0 0.5790636039 0.8152823699
box 0.35 0.35 0.02 0.332980531 0.6732159639 0.5658680344 0 0 0.5790636039 0.8152823699
box 0.02 0.35 0.35 0.4482602708 1.003686207 0.9258680344 0 0 0.5790636039 0.8152823699
box 0.325 0.325 0.02 0.3494490652 0.7204259987 1.275868034 0 0 0.5790636039 0.8152823699
box 0.02 0.35 0.02 0.2177007912 0.3427457208 0.7258680344 0 0 0.5790636039 0.8152823699
box 0.02 0.35 0.02 0.2177007912 0.3427457208 1.025868034 0 0 0.5790636039 0.8152823699
box 0.35 0.02 0.35 0.6634507741 0.5579362241 0.9258680344 0 0 0.5790636039 0.8152823699
box 0.35 0.02 0.35 0.002510287846 0.7884957038 0.9258680344 0 0 0.5790636039 0.8152823699
end
problem cage 18
start 1.57 -1.5707 0 -1.5707 -1.57 3.14
goal -0.2528836145 -0.3632484714 1.019361356 -2.234185515 -1.575833212 -0.1427336394
box 0.035 0.035 0.035 0.121969579 0.8105308991 0.5878362468 0 0 0.6692517288 0.7430357485
box 0.35 0.35 0.02 0.121969579 0.8105308991 0.5078362468 0 0 0.6692517288 0.7430357485
box 0.02 0.35 0.35 0.1584410655 1.158625471 0.8678362468 0 0 0.6692517288 0.7430357485
box 0.325 0.325 0.02 0.1271797914 0.860258695 1.217836247 0 0 0.6692517288 0.7430357485
box 0.02 0.35 0.02 0.08549809255 0.4624363276 0.6678362468 0 0 0.6692517288 0.7430357485
box 0.02 0.35 0.02 0.08549809255 0.4624363276 0.9678362468 0 0 0.6692517288 0.7430357485
box 0.35 0.02 0.35 0.4700641505 0.7740594126 0.8678362468 0 0 0.6692517288 0.7430357485
box 0.35 0.02 0.35 -0.2261249924 0.8470023856 0.8678362468 0 0 0.6692517288 0.7430357485
end
problem cage 19
start 1.57 -1.5707 0 -1.5707 -1.57 3.14
goal -0.5505266695 -0.6510707521 1.446232359 -2.357925947 -1.567196869 -0.1921754754
box 0.035 0.035 0.035 0.3417678699 0.6606925308 0.6521968917 0 0 0.5655169547 0.8247366694
box 0.35 0.35 0.02 0.3417678699 0.6606925308 0.5721968917 0 0 0.5655169547 0.8247366694
box 0.02 0.35 0.35 0.4679012716 0.9871743297 0.9321968917 0 0 0.5655169547 0.8247366694
box 0.325 0.325 0.02 0.3597869273 0.7073327878 1.282196892 0 0 0.5655169547 0.8247366694
box 0.02 0.35 0.02 0.2156344682 0.334210732 0.7321968917 0 0 0.5655169547 0.8247366694
box 0.02 0.35 0.02 0.2156344682 0.334210732 1.032196892 0 0 0.5655169547 0.8247366694
box 0.35 0.02 0.35 0.6682496687 0.5345591291 0.9321968917 0 0 0.5655169547 0.8247366694
box 0.35 0.02 0.35 0.01528607107 0.7868259326 0.9321968917 0 0 0.5655169547 0.8247366694
end
problem cage 20
start 1.57 -1.5707 0 -1.5707 -1.57 3.14
goal -0.2025698332 -0.3824859717 1.066295508 -2.252683173 -1.580287487 -0.1045529325
box 0.035 0.035 0.035 0.115217192 0.7744504744 0.5917113926 0 0 0.6747009319 0.7380912224
box 0.35 0.35 0.02 0.115217192 0.7744504744 0.5117113926 0 0 0.6747009319 0.7380912224
box 0.02 0.35 0.35 0.1465622487 1.123044059 0.8717113926 0 0 0.6747009319 0.7380912224
box 0.325 0.325 0.02 0.1196950572 0.824249558 1.221711393 0 0 0.6747009319 0.7380912224
box 0.02 0.35 0.02 0.0838721352 0.4258568895 0.6717113926 0 0 0.6747009319 0.7380912224
box 0.02 0.35 0.02 0.0838721352 0.4258568895 0.9717113926 0 0 0.6747009319 0.7380912224
box 0.35 0.02 0.35 0.4638107768 0.7431054176 0.8717113926 0 0 0.6747009319 0.7380912224
box 0.35 0.02 0.35 -0.2333763929 0.8057955312 0.8717113926 0 0 0.6747009319 0.7380912224
end
problem cage 21
start 1.57 -1.5707 0 -1.5707 -1.57 3.14
goal -0.3259780615 -0.6680022814 1.37897556 -2.280021608 -1.56732723 -0.2222179804
box 0.035 0.035 0.035 0.1601194697 0.7077680958 0.6859664222 0 0 0.6719213564 0.7406225022
box 0.35 0.35 0.02 0.1601194697 0.7077680958 0.6059664222 0 0 0.6719213564 0.7406225022
box 0.02 0.35 0.35 0.1940846533 1.056116149 0.9659664222 0 0 0.6719213564 0.7406225022
box 0.325 0.325 0.02 0.1649716388 0.7575321034 1.315966422 0 0 0.6719213564 0.7406225022
box 0.02 0.35 0.02 0.1261542862 0.3594200424 0.7659664222 0 0 0.6719213564 0.7406225022
box 0.02 0.35 0.02 0.1261542862 0.3594200424 1.065966422 0 0 0.6719213564 0.7406225022
box 0.35 0.02 0.35 0.5084675231 0.6738029122 0.9659664222 0 0 0.6719213564 0.7406225022
box 0.35 0.02 0.35 -0.1882285837 0.7417332793 0.9659664222 0 0 0.6719213564 0.7406225022
end
problem cage 22
start 1.57 -1.5707 0 -1.5707 -1.57 3.14
goal -0.2587367484 -0.2649653648 0.9238580175 -2.225598491 -1.578193184 -0.190254238
box 0.035 0.035 0.035 0.1265907972 0.7891558243 0.5503325697 0 0 0.6799234591 0.7332830898
box 0.35 0.35 0.02 0.1265907972 0.7891558243 0.4703325697 0 0 0.6799234591 0.7332830898
box 0.02 0.35 0.35 0.15298366 1.138159287 0.8303325697 0 0 0.6799234591 0.7332830898
box 0.325 0.325 0.02 0.1303612062 0.8390134618 1.18033257 0 0 0.6799234591 0.7332830898
box 0.02 0.35 0.02 0.1001979343 0.4401523619 0.6303325697 0 0 0.6799234591 0.7332830898
box 0.02 0.35 0.02 0.1001979343 0.4401523619 0.9303325697 0 0 0.6799234591 0.7332830898
box 0.35 0.02 0.35 0.4755942596 0.7627629615 0.8303325697 0 0 0.6799234591 0.7332830898
box 0.35 0.02 0.35 -0.2224126653 0.8155486871 0.8303325697 0 0 0.6799234591 0.7332830898
end
problem cage 23
start 1.57 -1.5707 0 -1.5707 -1.57 3.14
goal -0.5632382053 -0.5894737416 1.354035108 -2.330297471 -1.579105455 -0.2013216332
box 0.035 0.035 0.035 0.3264540894 0.6702148784 0.6385753624 0 0 0.5653914484 0.8248227143
box 0.35 0.35 0.02 0.3264540894 0.6702148784 0.5585753624 0 0 0.5653914484 0.8248227143
box 0.02 0.35 0.35 0.4526868464 0.9966582748 0.9185753624 0 0 0.5653914484 0.8248227143
box 0.325 0.325 0.02 0.3444873404 0.7168496493 1.268575362 0 0 0.5653914484 0.8248227143
box 0.02 0.35 0.02 0.2002213324 0.343771482 0.7185753624 0 0 0.5653914484 0.8248227143
box 0.02 0.35 0.02 0.2002213324 0.343771482 1.018575362 0 0 0.5653914484 0.8248227143
box 0.35 0.02 0.35 0.6528974858 0.5439821214 0.9185753624 0 0 0.5653914484 0.8248227143
box 0.35 0.02 0.35 1.069302116e-05 0.7964476354 0.9185753624 0 0 0.5653914484 0.8248227143
end
problem cage 24
start 1.57 -1.5707 0 -1.5707 -1.57 3.14
goal 0.1210980324 -0.6326345387 1.357502067 -2.304362843 -1.566649485 0.03290916228
box 0.035 0.035 0.035 -0.1343681716 0.7127269642 0.6681180249 0 0 0.7388214946 0.6739011791
box 0.35 0.35 0.02 -0.1343681716 0.7127269642 0.5881180249 0 0 0.7388214946 0.6739011791
box 0.02 0.35 0.35 -0.1664682122 1.061251838 0.9481180249 0 0 0.7388214946 0.6739011791
box 0.325 0.325 0.02 -0.1389538917 0.7625162318 1.298118025 0 0 0.7388214946 0.6739011791
box 0.02 0.35 0.02 -0.102268131 0.3642020907 0.7481180249 0 0 0.7388214946 0.6739011791
box 0.02 0.35 0.02 -0.102268131 0.3642020907 1.048118025 0 0 0.7388214946 0.6739011791
box 0.35 0.02 0.35 0.2141567018 0.7448270047 0.9481180249 0 0 0.7388214946 0.6739011791
box 0.35 0.02 0.35 -0.482893045 0.6806269236 0.9481180249 0 0 0.7388214946 0.6739011791
end
problem cage 25
start 1.57 -1.5707 0 -1.5707 -1.57 3.14
goal -2.780037913 -2.720296661 -1.158539437 -0.8231334423 1.57074567 0.3114306047
box 0.035 0.035 0.035 -0.102098773 0.7671977982 0.5887514055 0 0 0.7267293067 0.6869239513
box 0.35 0.35 0.02 -0.102098773 0.7671977982 0.5087514055 0 0 0.7267293067 0.6869239513
box 0.02 0.35 0.35 -0.1217936127 1.116643235 0.8687514055 0 0 0.7267293067 0.6869239513
box 0.325 0.325 0.02 -0.1049123216 0.8171185749 1.218751406 0 0 0.7267293067 0.6869239513
box 0.02 0.35 0.02 -0.0824039334 0.4177523614 0.6687514055 0 0 0.7267293067 0.6869239513
box 0.02 0.35 0.02 -0.0824039334 0.4177523614 0.9687514055 0 0 0.7267293067 0.6869239513
box 0.35 0.02 0.35 0.2473466637 0.7868926378 0.8687514055 0 0 0.7267293067 0.6869239513
box 0.35 0.02 0.35 -0.4515442098 0.7475029586 0.8687514055 0 0 0.7267293067 0.6869239513
end
problem cage 26
start 1.57 -1.5707 0 -1.5707 -1.57 3.14
goal 0.3686095807 -0.4235254824 1.241166008 -2.388900426 -1.571168608 -0.07989789608
box 0.035 0.035 0.035 -0.3374678281 0.6939972366 0.5622181892 0 0 0.8479599337 0.5300603275
box 0.35 0.35 0.02 -0.3374678281 0.6939972366 0.4822181892 0 0 0.8479599337 0.5300603275
box 0.02 0.35 0.35 -0.4907930626 1.008626181 0.8422181892 0 0 0.8479599337 0.5300603275
box 0.325 0.325 0.02 -0.3593714331 0.7389442286 1.192218189 0 0 0.8479599337 0.5300603275
box 0.02 0.35 0.02 -0.1841425937 0.3793682925 0.6422181892 0 0 0.8479599337 0.5300603275
box 0.02 0.35 0.02 -0.1841425937 0.3793682925 0.9422181892 0 0 0.8479599337 0.5300603275
box 0.35 0.02 0.35 -0.02283888401 0.847322471 0.8422181892 0 0 0.8479599337 0.5300603275
box 0.35 0.02 0.35 -0.6520967723 0.5406720022 0.8422181892 0 0 0.8479599337 0.5300603275
end
problem cage 27
start 1.57 -1.5707 0 -1.5707 -1.57 3.14
goal -0.156980664 -0.1173623618 0.6049575369 -2.055086005 -1.564238358 0.04392024687
box 0.035 0.035 0.035 0.08629200123 0.8640255564 0.539137797 0 0 0.6286309359 0.7777037652
box 0.35 0.35 0.02 0.08629200123 0.8640255564 0.459137797 0 0 0.6286309359 0.7777037652
box 0.02 0.35 0.35 0.1596682037 1.206247608 0.819137797 0 0 0.6286309359 0.7777037652
box 0.325 0.325 0.02 0.09677431588 0.9129144209 1.169137797 0 0 0.6286309359 0.7777037652
box 0.02 0.35 0.02 0.01291579873 0.5218035043 0.619137797 0 0 0.6286309359 0.7777037652
box 0.02 0.35 0.02 0.01291579873 0.5218035043 0.919137797 0 0 0.6286309359 0.7777037652
box 0.35 0.02 0.35 0.4285140533 0.7906493539 0.819137797 0 0 0.6286309359 0.7777037652
box 0.35 0.02 0.35 -0.2559300508 0.9374017589 0.819137797 0 0 0.6286309359 0.7777037652
end
problem cage 28
start 1.57 -1.5707 0 -1.5707 -1.57 3.14
goal -0.4182350402 -0.353443677 0.9718897895 -2.194647569 -1.559971361 -0.155041121
box 0.035 0.035 0.035 0.2551949784 0.7534887449 0.592987876 0 0 0.6061171624 0.7953753739
box 0.35 0.35 0.02 0.2551949784 0.7534887449 0.512987876 0 0 0.6061171624 0.7953753739
box 0.02 0.35 0.35 0.3480303682 1.09095221 0.872987876 0 0 0.6061171624 0.7953753739
box 0.325 0.325 0.02 0.268457177 0.8016978114 1.222987876 0 0 0.6061171624 0.7953753739
box 0.02 0.35 0.02 0.1623595886 0.4160252797 0.672987876 0 0 0.6061171624 0.7953753739
box 0.02 0.35 0.02 0.1623595886 0.4160252797 0.972987876 0 0 0.6061171624 0.7953753739
box 0.35 0.02 0.35 0.5926584437 0.6606533551 0.872987876 0 0 0.6061171624 0.7953753739
box 0.35 0.02 0.35 -0.08226848687 0.8463241348 0.872987876 0 0 0.6061171624 0.7953753739
end
problem cage 29
start 1.57 -1.5707 0 -1.5707 -1.57 3.14
goal -0.01065500589 -0.3826126337 1.159700232 -2.340327211 -1.567028993 -0.120972678
box 0.035 0.035 0.035 -0.07837250989 0.7828872357 0.5632704712 0 0 0.7458860623 0.6660735561
box 0.35 0.35 0.02 -0.07837250989 0.7828872357 0.4832704712 0 0 0.7458860623 0.6660735561
box 0.02 0.35 0.35 -0.1178147224 1.130657723 0.8432704712 0 0 0.7458860623 0.6660735561
box 0.325 0.325 0.02 -0.08400711169 0.8325687338 1.193270471 0 0 0.7458860623 0.6660735561
box 0.02 0.35 0.02 -0.03893029735 0.4351167483 0.6432704712 0 0 0.7458860623 0.6660735561
box 0.02 0.35 0.02 -0.03893029735 0.4351167483 0.9432704712 0 0 0.7458860623 0.6660735561
box 0.35 0.02 0.35 0.2693979775 0.8223294482 0.8432704712 0 0 0.7458860623 0.6660735561
box 0.35 0.02 0.35 -0.4261429972 0.7434450231 0.8432704712 0 0 0.7458860623 0.6660735561
end
problem cage 30
start 1.57 -1.5707 0 -1.5707 -1.57 3.14
goal -0.6095735471 -0.6310424051 1.267838637 -2.209996437 -1.572833205 -0.2169776057
box 0.035 0.035 0.035 0.3605344722 0.6742469326 0.6936218154 0 0 0.5515321949 0.8341536057
box 0.35 0.35 0.02 0.3605344722 0.6742469326 0.6136218154 0 0 0.5515321949 0.8341536057
box 0.02 0.35 0.35 0.4976030388 0.9962907309 0.9736218154 0 0 0.5515321949 0.8341536057
box 0.325 0.325 0.02 0.380115696 0.7202531895 1.323621815 0 0 0.5515321949 0.8341536057
box 0.02 0.35 0.02 0.2234659057 0.3522031342 0.7736218154 0 0 0.5515321949 0.8341536057
box 0.02 0.35 0.02 0.2234659057 0.3522031342 1.073621815 0 0 0.5515321949 0.8341536057
box 0.35 0.02 0.35 0.6825782706 0.537178366 0.9736218154 0 0 0.5515321949 0.8341536057
box 0.35 0.02 0.35 0.03849067386 0.8113154991 0.9736218154 0 0 0.5515321949 0.8341536057
end
problem cage 31
start 1.57 -1.5707 0 -1.5707 -1.57 3.14
goal 0.03897870712 -0.4612046732 1.071793556 -2.174238913 -1.562172353 -0.02872573063
box 0.035 0.035 0.035 -0.07533665766 0.7931586838 0.6438728125 0 0 0.7291343195 0.684370619
box 0.35 0.35 0.02 -0.07533665766 0.7931586838 0.5638728125 0 0 0.7291343195 0.684370619
box 0.02 0.35 0.35 -0.09748245678 1.142457358 0.9238728125 0 0 0.7291343195 0.684370619
box 0.325 0.325 0.02 -0.07850034325 0.8430584944 1.273872812 0 0 0.7291343195 0.684370619
box 0.02 0.35 0.02 -0.05319085855 0.4438600099 0.7238728125 0 0 0.7291343195 0.684370619
box 0.02 0.35 0.02 -0.05319085855 0.4438600099 1.023872812 0 0 0.7291343195 0.684370619
box 0.35 0.02 0.35 0.2739620162 0.8153044829 0.9238728125 0 0 0.7291343195 0.684370619
box 0.35 0.02 0.35 -0.4246353316 0.7710128847 0.9238728125 0 0 0.7291343195 0.684370619
end
problem cage 32
start 1.57 -1.5707 0 -1.5707 -1.57 3.14
goal 0.1693885644 -0.283756169 1.022017307 -2.308854222 -1.579385595 -0.1612427149
box 0.035 0.035 0.035 -0.1800148353 0.7607008649 0.536147374 0 0 0.8122356387 0.5833294671
box 0.35 0.35 0.02 -0.1800148353 0.7607008649 0.456147374 0 0 0.8122356387 0.5833294671
box 0.02 0.35 0.35 -0.2918235483 1.092361553 0.816147374 0 0 0.8122356387 0.5833294671
box 0.325 0.325 0.02 -0.1959875086 0.8080809632 1.166147374 0 0 0.8122356387 0.5833294671
box 0.02 0.35 0.02 -0.0682061224 0.4290401773 0.616147374 0 0 0.8122356387 0.5833294671
box 0.02 0.35 0.02 -0.0682061224 0.4290401773 0.916147374 0 0 0.8122356387 0.5833294671
box 0.35 0.02 0.35 0.1516458523 0.8725095779 0.816147374 0 0 0.8122356387 0.5833294671
box 0.35 0.02 0.35 -0.511675523 0.648892152 0.816147374 0 0 0.8122356387 0.5833294671
end
problem cage 33
start 1.57 -1.5707 0 -1.5707 -1.57 3.14
goal -0.4318047042 -0.6882584099 1.439409091 -2.313055184 -1.572929815 -0.1554926013
box 0.035 0.035 0.035 0.2560817112 0.6733782556 0.67911592 0 0 0.6054633848 0.7958731618
box 0.35 0.35 0.02 0.2560817112 0.6733782556 0.59911592 0 0 0.6054633848 0.7958731618
box 0.02 0.35 0.35 0.3494715739 1.010688696 0.95911592 0 0 0.6054633848 0.7958731618
box 0.325 0.325 0.02 0.2694231201 0.7215654614 1.30911592 0 0 0.6054633848 0.7958731618
box 0.02 0.35 0.02 0.1626918484 0.3360678147 0.75911592 0 0 0.6054633848 0.7958731618
box 0.02 0.35 0.02 0.1626918484 0.3360678147 1.05911592 0 0 0.6054633848 0.7958731618
box 0.35 0.02 0.35 0.593392152 0.5799883928 0.95911592 0 0 0.6054633848 0.7958731618
box 0.35 0.02 0.35 -0.08122872974 0.7667681183 0.95911592 0 0 0.6054633848 0.7958731618
end
problem cage 34
start 1.57 -1.5707 0 -1.5707 -1.57 3.14
goal 0.02507456193 -0.5033640967 1.279747808 -2.340591352 -1.569699424 0.04363540967
box 0.035 0.035 0.035 -0.07353487214 0.763386257 0.603871671 0 0 0.6998169475 0.7143222242
box 0.35 0.35 0.02 -0.07353487214 0.763386257 0.523871671 0 0 0.6998169475 0.7143222242
box 0.02 0.35 0.35 -0.06635550412 1.113312616 0.883871671 0 0 0.6998169475 0.7143222242
box 0.325 0.325 0.02 -0.07250924814 0.8133757368 1.233871671 0 0 0.6998169475 0.7143222242
box 0.02 0.35 0.02 -0.08071424016 0.413459898 0.683871671 0 0 0.6998169475 0.7143222242
box 0.02 0.35 0.02 -0.08071424016 0.413459898 0.983871671 0 0 0.6998169475 0.7143222242
box 0.35 0.02 0.35 0.2763914868 0.756206889 0.883871671 0 0 0.6998169475 0.7143222242
box 0.35 0.02 0.35 -0.4234612311 0.770565625 0.883871671 0 0 0.6998169475 0.7143222242
end
problem cage 35
start 1.57 -1.5707 0 -1.5707 -1.57 3.14
goal 0.05544267492 -0.4554358682 1.002482703 -2.122421222 -1.565917415 -0.1889885005
box 0.035 0.035 0.035 -0.1310249377 0.8307085055 0.6556642756 0 0 0.7871711365 0.6167346284
box 0.35 0.35 0.02 -0.1310249377 0.8307085055 0.5756642756 0 0 0.7871711365 0.6167346284
box 0.02 0.35 0.35 -0.2147718165 1.170541494 0.9356642756 0 0 0.7871711365 0.6167346284
box 0.325 0.325 0.02 -0.1429887775 0.8792560753 1.285664276 0 0 0.7871711365 0.6167346284
box 0.02 0.35 0.02 -0.04727805899 0.4908755166 0.7356642756 0 0 0.7871711365 0.6167346284
box 0.02 0.35 0.02 -0.04727805899 0.4908755166 1.035664276 0 0 0.7871711365 0.6167346284
box 0.35 0.02 0.35 0.2088080511 0.9144553842 0.9356642756 0 0 0.7871711365 0.6167346284
box 0.35 0.02 0.35 -0.4708579266 0.7469616267 0.9356642756 0 0 0.7871711365 0.6167346284
end
problem cage 36
start 1.57 -1.5707 0 -1.5707 -1.57 3.14
goal -0.01059947356 -0.6292233734 1.326616987 -2.271474749 -1.57865025 -0.1807354808
box 0.035 0.035 0.035 -0.07052596953 0.7362947509 0.6741468208 0 0 0.7653643972 0.6435971873
box 0.35 0.35 0.02 -0.07052596953 0.7362947509 0.5941468208 0 0 0.7653643972 0.6435971873
box 0.02 0.35 0.35 -0.1305738319 1.081105212 0.9541468208 0 0 0.7653643972 0.6435971873
box 0.325 0.325 0.02 -0.07910423558 0.7855533882 1.304146821 0 0 0.7653643972 0.6435971873
box 0.02 0.35 0.02 -0.01047810716 0.3914842896 0.7541468208 0 0 0.7653643972 0.6435971873
box 0.02 0.35 0.02 -0.01047810716 0.3914842896 1.054146821 0 0 0.7653643972 0.6435971873
box 0.35 0.02 0.35 0.2742844918 0.7963426133 0.9541468208 0 0 0.7653643972 0.6435971873
box 0.35 0.02 0.35 -0.4153364308 0.6762468885 0.9541468208 0 0 0.7653643972 0.6435971873
end
problem cage 37
start 1.57 -1.5707 0 -1.5707 -1.57 3.14
goal 0.3299646291 -0.670507298 1.279167241 -2.172118694 -1.569973847 0.06149051655
box 0.035 0.035 0.035 -0.3109079092 0.6733352754 0.7139207915 0 0 0.7977355235 0.6030074913
box 0.35 0.35 0.02 -0.3109079092 0.6733352754 0.6339207915 0 0 0.7977355235 0.6030074913
box 0.02 0.35 0.35 -0.406375285 1.010063623 0.9939207915 0 0 0.7977355235 0.6030074913
box 0.325 0.325 0.02 -0.3245461057 0.7214393251 1.343920791 0 0 0.7977355235 0.6030074913
box 0.02 0.35 0.02 -0.2154405334 0.3366069277 0.7939207915 0 0 0.7977355235 0.6030074913
box 0.02 0.35 0.02 -0.2154405334 0.3366069277 1.093920791 0 0 0.7977355235 0.6030074913
box 0.35 0.02 0.35 0.02582043855 0.7688026512 0.9939207915 0 0 0.7977355235 0.6030074913
box 0.35 0.02 0.35 -0.6476362569 0.5778678996 0.9939207915 0 0 0.7977355235 0.6030074913
end
problem cage 38
start 1.57 -1.5707 0 -1.5707 -1.57 3.14
goal 0.3680477976 -0.4950017804 1.274571914 -2.360975639 -1.579471168 -0.04090554538
box 0.035 0.035 0.035 -0.3440265553 0.6818017445 0.5991305053 0 0 0.8348105425 0.5505373359
box 0.35 0.35 0.02 -0.3440265553 0.6818017445 0.5191305053 0 0 0.8348105425 0.5505373359
box 0.02 0.35 0.35 -0.4818626046 1.003517805 0.8791305053 0 0 0.8348105425 0.5505373359
box 0.325 0.325 0.02 -0.3637174195 0.7277611817 1.229130505 0 0 0.8348105425 0.5505373359
box 0.02 0.35 0.02 -0.2061905061 0.3600856841 0.6791305053 0 0 0.8348105425 0.5505373359
box 0.02 0.35 0.02 -0.2061905061 0.3600856841 0.9791305053 0 0 0.8348105425 0.5505373359
box 0.35 0.02 0.35 -0.02231049492 0.8196377937 0.8791305053 0 0 0.8348105425 0.5505373359
box 0.35 0.02 0.35 -0.6657426157 0.5439656952 0.8791305053 0 0 0.8348105425 0.5505373359
end
problem cage 39
start 1.57 -1.5707 0 -1.5707 -1.57 3.14
goal -0.06690202527 -0.5051336281 1.03217711 -2.090404058 -1.565705953 -0.06794171668
box 0.035 0.035 0.035 0.007762851203 0.7864798453 0.6863217377 0 0 0.7096759014 0.7045282925
box 0.35 0.35 0.02 0.007762851203 0.7864798453 0.6063217377 0 0 0.7096759014 0.7045282925
box 0.02 0.35 0.35 0.005214931665 1.136470571 0.9663217377 0 0 0.7096759014 0.7045282925
box 0.325 0.325 0.02 0.007398862697 0.8364785205 1.316321738 0 0 0.7096759014 0.7045282925
box 0.02 0.35 0.02 0.01031077074 0.4364891196 0.7663217377 0 0 0.7096759014 0.7045282925
box 0.02 0.35 0.02 0.01031077074 0.4364891196 1.066321738 0 0 0.7096759014 0.7045282925
box 0.35 0.02 0.35 0.3577535769 0.7890277649 0.9663217377 0 0 0.7096759014 0.7045282925
box 0.35 0.02 0.35 -0.3422278745 0.7839319258 0.9663217377 0 0 0.7096759014 0.7045282925
end
problem cage 40
start 1.57 -1.5707 0 -1.5707 -1.57 3.14
goal -2.749523525 -2.411145644 -1.647018272 -0.6560409767 1.570108391 0.1532391444
box 0.035 0.035 0.035 -0.1271491354 0.6775464677 0.6441475521 0 0 0.786228142 0.6179363306
box 0.35 0.35 0.02 -0.1271491354 0.6775464677 0.5641475521 0 0 0.786228142 0.6179363306
box 0.02 0.35 0.35 -0.2098574193 1.017633721 0.9241475521 0 0 0.786228142 0.6179363306
box 0.325 0.325 0.02 -0.1389646045 0.726130361 1.274147552 0 0 0.786228142 0.6179363306
box 0.02 0.35 0.02 -0.04444085147 0.3374592146 0.7241475521 0 0 0.786228142 0.6179363306
box 0.02 0.35 0.02 -0.04444085147 0.3374592146 1.024147552 0 0 0.786228142 0.6179363306
box 0.35 0.02 0.35 0.2129381178 0.7602547516 0.9241475521 0 0 0.786228142 0.6179363306
box 0.35 0.02 0.35 -0.4672363886 0.5948381838 0.9241475521 0 0 0.786228142 0.6179363306
end
problem cage 41
start 1.57 -1.5707 0 -1.5707 -1.57 3.14
goal -0.2565111389 -0.7573208684 1.421863451 -2.237527963 -1.56672224 -0.2441891739
box 0.035 0.035 0.035 0.1056080728 0.7143622474 0.7257894187 0 0 0.6999144556 0.7142266831
box 0.35 0.35 0.02 0.1056080728 0.7143622474 0.6457894187 0 0 0.6999144556 0.7142266831
box 0.02 0.35 0.35 0.1126919012 1.064290553 1.005789419 0 0 0.6999144556 0.7142266831
box 0.325 0.325 0.02 0.1066200483 0.7643520054 1.355789419 0 0 0.6999144556 0.7142266831
box 0.02 0.35 0.02 0.09852424441 0.3644339414 0.8057894187 0 0 0.6999144556 0.7142266831
box 0.02 0.35 0.02 0.09852424441 0.3644339414 1.105789419 0 0 0.6999144556 0.7142266831
box 0.35 0.02 0.35 0.4555363789 0.707278419 1.005789419 0 0 0.6999144556 0.7142266831
box 0.35 0.02 0.35 -0.2443202332 0.7214460758 1.005789419 0 0 0.6999144556 0.7142266831
end
problem cage 42
start 1.57 -1.5707 0 -1.5707 -1.57 3.14
goal -0.2176931435 -0.2923770556 0.846225254 -2.115603144 -1.573892837 -0.1521326224
box 0.035 0.035 0.035 0.1051760873 0.8454090767 0.5953099621 0 0 0.6867547542 0.726889199
box 0.35 0.35 0.02 0.1051760873 0.8454090767 0.5153099621 0 0 0.6867547542 0.726889199
box 0.02 0.35 0.35 0.1250336226 1.194845306 0.8753099621 0 0 0.6867547542 0.726889199
box 0.325 0.325 0.02 0.108012878 0.895328538 1.225309962 0 0 0.6867547542 0.726889199
box 0.02 0.35 0.02 0.08531855199 0.4959728474 0.6753099621 0 0 0.6867547542 0.726889199
box 0.02 0.35 0.02 0.08531855199 0.4959728474 0.9753099621 0 0 0.6867547542 0.726889199
box 0.35 0.02 0.35 0.4546123165 0.8255515414 0.8753099621 0 0 0.6867547542 0.726889199
box 0.35 0.02 0.35 -0.2442601419 0.865266612 0.8753099621 0 0 0.6867547542 0.726889199
end
problem cage 43
start 1.57 -1.5707 0 -1.5707 -1.57 3.14
goal -0.4289993172 -0.7409810943 1.423579904 -2.252486139 -1.577196118 -0.04800089761
box 0.035 0.035 0.035 0.2387406417 0.6812992105 0.7139592848 0 0 0.5612725313 0.8276310444
box 0.35 0.35 0.02 0.2387406417 0.6812992105 0.6339592848 0 0 0.5612725313 0.8276310444
box 0.02 0.35 0.35 0.3682218436 1.00646781 0.9939592848 0 0 0.5612725313 0.8276310444
box 0.325 0.325 0.02 0.2572379563 0.7277518676 1.343959285 0 0 0.5612725313 0.8276310444
box 0.02 0.35 0.02 0.1092594398 0.3561306106 0.7939592848 0 0 0.5612725313 0.8276310444
box 0.02 0.35 0.02 0.1092594398 0.3561306106 1.093959285 0 0 0.5612725313 0.8276310444
box 0.35 0.02 0.35 0.5639092416 0.5518180085 0.9939592848 0 0 0.5612725313 0.8276310444
box 0.35 0.02 0.35 -0.08642795816 0.8107804124 0.9939592848 0 0 0.5612725313 0.8276310444
end
problem cage 44
start 1.57 -1.5707 0 -1.5707 -1.57 3.14
goal 0.3176724344 -0.5195205343 1.379782906 -2.431948596 -1.572876391 -0.09785849102
box 0.035 0.035 0.035 -0.2721305324 0.6883755899 0.5923176819 0 0 0.8374505209 0.5465131517
box 0.35 0.35 0.02 -0.2721305324 0.6883755899 0.5123176819 0 0 0.8374505209 0.5465131517
box 0.02 0.35 0.35 -0.4130568948 1.008749996 0.8723176819 0 0 0.8374505209 0.5465131517
box 0.325 0.325 0.02 -0.2922628699 0.7341433623 1.222317682 0 0 0.8374505209 0.5465131517
box 0.02 0.35 0.02 -0.1312041699 0.3680011834 0.6723176819 0 0 0.8374505209 0.5465131517
box 0.02 0.35 0.02 -0.1312041699 0.3680011834 0.9723176819 0 0 0.8374505209 0.5465131517
box 0.35 0.02 0.35 0.04824387416 0.8293019524 0.8723176819 0 0 0.8374505209 0.5465131517
box 0.35 0.02 0.35 -0.5925049389 0.5474492275 0.8723176819 0 0 0.8374505209 0.5465131517
end
problem cage 45
start 1.57 -1.5707 0 -1.5707 -1.57 3.14
goal -0.4159013783 -0.5399086378 1.221388031 -2.242580426 -1.568015884 -0.09404988679
box 0.035 0.035 0.035 0.2665298033 0.7253795861 0.6465056039 0 0 0.5819013001 0.8132594155
box 0.35 0.35 0.02 0.2665298033 0.7253795861 0.5665056039 0 0 0.5819013001 0.8132594155
box 0.02 0.35 0.35 0.3795034171 1.056645284 0.9265056039 0 0 0.5819013001 0.8132594155
box 0.325 0.325 0.02 0.2826688909 0.7727032572 1.276505604 0 0 0.5819013001 0.8132594155
box 0.02 0.35 0.02 0.1535561894 0.3941138882 0.7265056039 0 0 0.5819013001 0.8132594155
box 0.02 0.35 0.02 0.1535561894 0.3941138882 1.026505604 0 0 0.5819013001 0.8132594155
box 0.35 0.02 0.35 0.5977955011 0.6124059723 0.9265056039 0 0 0.5819013001 0.8132594155
box 0.35 0.02 0.35 -0.0647358946 0.8383531999 0.9265056039 0 0 0.5819013001 0.8132594155
end
problem cage 46
start 1.57 -1.5707 0 -1.5707 -1.57 3.14
goal -0.373474142 -0.2609851153 0.9144579595 -2.233127844 -1.566317298 -0.06064916271
box 0.035 0.035 0.035 0.2201549338 0.8006707645 0.5467902216 0 0 0.5885570556 0.8084556836
box 0.35 0.35 0.02 0.2201549338 0.8006707645 0.4667902216 0 0 0.5885570556 0.8084556836
box 0.02 0.35 0.35 0.3276753484 1.133746372 0.8267902216 0 0 0.5885570556 0.8084556836
box 0.325 0.325 0.02 0.2355149931 0.8482529941 1.176790222 0 0 0.5885570556 0.8084556836
box 0.02 0.35 0.02 0.1126345192 0.4675951568 0.6267902216 0 0 0.5885570556 0.8084556836
box 0.02 0.35 0.02 0.1126345192 0.4675951568 0.9267902216 0 0 0.5885570556 0.8084556836
box 0.35 0.02 0.35 0.5532305415 0.6931503499 0.8267902216 0 0 0.5885570556 0.8084556836
box 0.35 0.02 0.35 -0.1129206739 0.9081911791 0.8267902216 0 0 0.5885570556 0.8084556836
end
problem cage 47
start 1.57 -1.5707 0 -1.5707 -1.57 3.14
goal -0.4867943022 -0.3245650356 0.9427176795 -2.18501162 -1.567797128 -0.03079083112
box 0.035 0.035 0.035 0.3349410907 0.7336857957 0.5878996567 0 0 0.5265838813 0.8501231769
box 0.35 0.35 0.02 0.3349410907 0.7336857957 0.5078996567 0 0 0.5265838813 0.8501231769
box 0.02 0.35 0.35 0.4908376818 1.047048609 0.8678996567 0 0 0.5265838813 0.8501231769
box 0.325 0.325 0.02 0.3572120323 0.7784519119 1.217899657 0 0 0.5265838813 0.8501231769
box 0.02 0.35 0.02 0.1790444995 0.4203229822 0.6678996567 0 0 0.5265838813 0.8501231769
box 0.02 0.35 0.02 0.1790444995 0.4203229822 0.9678996567 0 0 0.5265838813 0.8501231769
box 0.35 0.02 0.35 0.6483039041 0.5777892045 0.8678996567 0 0 0.5265838813 0.8501231769
box 0.35 0.02 0.35 0.0215782772 0.8895823868 0.8678996567 0 0 0.5265838813 0.8501231769
end
problem cage 48
start 1.57 -1.5707 0 -1.5707 -1.57 3.14
goal -3.007705259 -2.511185027 -1.227788714 -0.9806338578 1.568731903 0.1299986655
box 0.035 0.035 0.035 0.04249624113 0.7753650994 0.7088834218 0 0 0.7098394836 0.7043634768
box 0.35 0.35 0.02 0.04249624113 0.7753650994 0.6288834218 0 0 0.7098394836 0.7043634768
box 0.02 0.35 0.35 0.03978577636 1.125354604 0.9888834218 0 0 0.7098394836 0.7043634768
box 0.325 0.325 0.02 0.04210903188 0.8253636001 1.338883422 0 0 0.7098394836 0.7043634768
box 0.02 0.35 0.02 0.04520670591 0.4253755948 0.7888834218 0 0 0.7098394836 0.7043634768
box 0.02 0.35 0.02 0.04520670591 0.4253755948 1.088883422 0 0 0.7098394836 0.7043634768
box 0.35 0.02 0.35 0.3924857458 0.7780755642 0.9888834218 0 0 0.7098394836 0.7043634768
box 0.35 0.02 0.35 -0.3074932635 0.7726546347 0.9888834218 0 0 0.7098394836 0.7043634768
end
problem cage 49
start 1.57 -1.5707 0 -1.5707 -1.57 3.14
goal 0.3685281763 -0.5216595234 1.280816195 -2.322351 -1.576435181 0.005746314244
box 0.035 0.035 0.035 -0.331748287 0.6885370647 0.6152390535 0 0 0.822238485 0.5691431049
box 0.35 0.35 0.02 -0.331748287 0.6885370647 0.5352390535 0 0 0.822238485 0.5691431049
box 0.02 0.35 0.35 -0.4550015753 1.01611702 0.8952390535 0 0 0.822238485 0.5691431049
box 0.325 0.325 0.02 -0.3493558996 0.7353342012 1.245239053 0 0 0.822238485 0.5691431049
box 0.02 0.35 0.02 -0.2084949986 0.3609571097 0.6952390535 0 0 0.822238485 0.5691431049
box 0.02 0.35 0.02 -0.2084949986 0.3609571097 0.9952390535 0 0 0.822238485 0.5691431049
box 0.35 0.02 0.35 -0.004168331952 0.8117903531 0.8952390535 0 0 0.822238485 0.5691431049
box 0.35 0.02 0.35 -0.659328242 0.5652837764 0.8952390535 0 0 0.822238485 0.5691431049
end
problem cage 50
start 1.57 -1.5707 0 -1.5707 -1.57 3.14
goal 0.04974393031 -0.5999130497 1.205723072 -2.171667679 -1.562837867 -0.1750898721
box 0.035 0.035 0.035 -0.115933195 0.7962200486 0.6895882115 0 0 0.7824495203 0.622714018
box 0.35 0.35 0.02 -0.115933195 0.7962200486 0.6095882115 0 0 0.7824495203 0.622714018
box 0.02 0.35 0.35 -0.1944922712 1.137289648 0.9695882115 0 0 0.7824495203 0.622714018
box 0.325 0.325 0.02 -0.1271559202 0.844944277 1.319588211 0 0 0.7824495203 0.622714018
box 0.02 0.35 0.02 -0.03737411874 0.4551504493 0.7695882115 0 0 0.7824495203 0.622714018
box 0.02 0.35 0.02 -0.03737411874 0.4551504493 1.069588211 0 0 0.7824495203 0.622714018
box 0.35 0.02 0.35 0.2251364043 0.8747791248 0.9695882115 0 0 0.7824495203 0.622714018
box 0.35 0.02 0.35 -0.4570027942 0.7176609723 0.9695882115 0 0 0.7824495203 0.622714018
end
problem cage 51
start 1.57 -1.5707 0 -1.5707 -1.57 3.14
goal 0.07490845411 -0.3698492875 0.9187701627 -2.110060973 -1.568906502 -0.1387422049
box 0.035 0.035 0.035 -0.1191132186 0.8136807473 0.6232179367 0 0 0.7787747552 0.627303659
box 0.35 0.35 0.02 -0.1191132186 0.8136807473 0.5432179367 0 0 0.7787747552 0.627303659
box 0.02 0.35 0.35 -0.1936563022 1.155650525 0.9032179367 0 0 0.7787747552 0.627303659
box 0.325 0.325 0.02 -0.1297622306 0.8625335727 1.253217937 0 0 0.7787747552 0.627303659
box 0.02 0.35 0.02 -0.04457013507 0.4717109699 0.7032179367 0 0 0.7787747552 0.627303659
box 0.02 0.35 0.02 -0.04457013507 0.4717109699 1.003217937 0 0 0.7787747552 0.627303659
box 0.35 0.02 0.35 0.2228565588 0.8882238309 0.9032179367 0 0 0.7787747552 0.627303659
box 0.35 0.02 0.35 -0.4610829961 0.7391376638 0.9032179367 0 0 0.7787747552 0.627303659
end
problem cage 52
start 1.57 -1.5707 0 -1.5707 -1.57 3.14
goal -0.6131097617 -0.4121260386 1.13786846 -2.28839914 -1.5787712 -0.1335335677
box 0.035 0.035 0.035 0.3888729615 0.6728776595 0.586875489 0 0 0.5224885363 0.8526463097
box 0.35 0.35 0.02 0.3888729615 0.6728776595 0.506875489 0 0 0.5224885363 0.8526463097
box 0.02 0.35 0.35 0.5477769721 0.9847262051 0.866875489 0 0 0.5224885363 0.8526463097
box 0.325 0.325 0.02 0.4115735345 0.7174274517 1.216875489 0 0 0.5224885363 0.8526463097
box 0.02 0.35 0.02 0.2299689509 0.3610291138 0.666875489 0 0 0.5224885363 0.8526463097
box 0.02 0.35 0.02 0.2299689509 0.3610291138 0.966875489 0 0 0.5224885363 0.8526463097
box 0.35 0.02 0.35 0.7007215072 0.5139736489 0.866875489 0 0 0.5224885363 0.8526463097
box 0.35 0.02 0.35 0.07702441589 0.8317816701 0.866875489 0 0 0.5224885363 0.8526463097
end
problem cage 53
start 1.57 -1.5707 0 -1.5707 -1.57 3.14
goal 0.2135524437 -0.2973500703 0.8417586473 -2.108903948 -1.564269363 -0.08057746071
box 0.035 0.035 0.035 -0.2606934358 0.7882739108 0.5935407083 0 0 0.803151126 0.595775351
box 0.35 0.35 0.02 -0.2606934358 0.7882739108 0.5135407083 0 0 0.803151126 0.595775351
box 0.02 0.35 0.35 -0.3622296477 1.123222262 0.8735407083 0 0 0.803151126 0.595775351
box 0.325 0.325 0.02 -0.2751986089 0.8361236752 1.223540708 0 0 0.803151126 0.595775351
box 0.02 0.35 0.02 -0.159157224 0.45332556 0.6735407083 0 0 0.803151126 0.595775351
box 0.02 0.35 0.02 -0.159157224 0.45332556 0.9735407083 0 0 0.803151126 0.595775351
box 0.35 0.02 0.35 0.07425491494 0.8898101227 0.8735407083 0 0 0.803151126 0.595775351
box 0.35 0.02 0.35 -0.5956417866 0.686737699 0.8735407083 0 0 0.803151126 0.595775351
end
problem cage 54
start 1.57 -1.5707 0 -1.5707 -1.57 3.14
goal -0.3185818652 -0.5666850602 1.412355107 -2.426408408 -1.571190336 -0.1807985868
box 0.035 0.035 0.035 0.1572503111 0.7302964863 0.6145015639 0 0 0.6580495849 0.752974597
box 0.35 0.35 0.02 0.1572503111 0.7302964863 0.5345015639 0 0 0.6580495849 0.752974597
box 0.02 0.35 0.35 0.2041298317 1.077142721 0.8945015639 0 0 0.6580495849 0.752974597
box 0.325 0.325 0.02 0.1639473855 0.7798459484 1.244501564 0 0 0.6580495849 0.752974597
box 0.02 0.35 0.02 0.1103707905 0.3834502516 0.6945015639 0 0 0.6580495849 0.752974597
box 0.02 0.35 0.02 0.1103707905 0.3834502516 0.9945015639 0 0 0.6580495849 0.752974597
box 0.35 0.02 0.35 0.5040965458 0.6834169657 0.8945015639 0 0 0.6580495849 0.752974597
box 0.35 0.02 0.35 -0.1895959236 0.7771760069 0.8945015639 0 0 0.6580495849 0.752974597
end
problem cage 55
start 1.57 -1.5707 0 -1.5707 -1.57 3.14
goal -0.1682702629 -0.5230515962 1.218819535 -2.276402243 -1.563658389 -0.06769785856
box 0.035 0.035 0.035 0.06081758035 0.7526283771 0.6335797986 0 0 0.6730167417 0.7396272476
box 0.35 0.35 0.02 0.06081758035 0.7526283771 0.5535797986 0 0 0.6730167417 0.7396272476
box 0.02 0.35 0.35 0.09375150608 1.101075441 0.9135797986 0 0 0.6730167417 0.7396272476
box 0.325 0.325 0.02 0.06552242688 0.8024065291 1.263579799 0 0 0.6730167417 0.7396272476
box 0.02 0.35 0.02 0.02788365462 0.4041813129 0.7135797986 0 0 0.6730167417 0.7396272476
box 0.02 0.35 0.02 0.02788365462 0.4041813129 1.013579799 0 0 0.6730167417 0.7396272476
box 0.35 0.02 0.35 0.4092646445 0.7196944514 0.9135797986 0 0 0.6730167417 0.7396272476
box 0.35 0.02 0.35 -0.2876294838 0.7855623028 0.9135797986 0 0 0.6730167417 0.7396272476
end
problem cage 56
start 1.57 -1.5707 0 -1.5707 -1.57 3.14
goal -0.09902534482 -0.5898308435 1.278197169 -2.249399537 -1.566218077 -0.1341337172
box 0.035 0.035 0.035 0.03569723388 0.764955514 0.6631109177 0 0 0.717010716 0.6970621444
box 0.35 0.35 0.02 0.03569723388 0.764955514 0.5831109177 0 0 0.717010716 0.6970621444
box 0.02 0.35 0.35 0.02582417707 1.114816233 0.9431109177 0 0 0.717010716 0.6970621444
box 0.325 0.325 0.02 0.03428679719 0.8149356168 1.293110918 0 0 0.717010716 0.6970621444
box 0.02 0.35 0.02 0.04557029068 0.415094795 0.7431109177 0 0 0.717010716 0.6970621444
box 0.02 0.35 0.02 0.04557029068 0.415094795 1.043110918 0 0 0.717010716 0.6970621444
box 0.35 0.02 0.35 0.3855579529 0.7748285708 0.9431109177 0 0 0.717010716 0.6970621444
box 0.35 0.02 0.35 -0.3141634852 0.7550824572 0.9431109177 0 0 0.717010716 0.6970621444
end
problem cage 57
start 1.57 -1.5707 0 -1.5707 -1.57 3.14
goal -2.602512526 -2.633333299 -1.132817499 -0.9394396961 1.56757441 0.2776122672
box 0.035 0.035 0.035 -0.2741215423 0.7464617076 0.6538956704 0 0 0.7937869416 0.6081959318
box 0.35 0.35 0.02 -0.2741215423 0.7464617076 0.5738956704 0 0 0.7937869416 0.6081959318
box 0.02 0.35 0.35 -0.3651899383 1.0844063 0.9338956704 0 0 0.7937869416 0.6081959318
box 0.325 0.325 0.02 -0.2871313132 0.7947395065 1.28389567 0 0 0.7937869416 0.6081959318
box 0.02 0.35 0.02 -0.1830531463 0.4085171156 0.7338956704 0 0 0.7937869416 0.6081959318
box 0.02 0.35 0.02 -0.1830531463 0.4085171156 1.03389567 0 0 0.7937869416 0.6081959318
box 0.35 0.02 0.35 0.06382304965 0.8375301036 0.9338956704 0 0 0.7937869416 0.6081959318
box 0.35 0.02 0.35 -0.6120661343 0.6553933116 0.9338956704 0 0 0.7937869416 0.6081959318
end
problem cage 58
start 1.57 -1.5707 0 -1.5707 -1.57 3.14
goal 3.06606773 -2.732533051 -0.9906709824 -0.989715508 1.566521835 0.09424372739
box 0.035 0.035 0.035 0.2278415073 0.8154047098 0.6248353983 0 0 0.6439633266 0.76505636
box 0.35 0.35 0.02 0.2278415073 0.8154047098 0.5448353983 0 0 0.6439633266 0.76505636
box 0.02 0.35 0.35 0.2875593711 1.160272477 0.9048353983 0 0 0.6439633266 0.76505636
box 0.325 0.325 0.02 0.2363726307 0.8646715336 1.254835398 0 0 0.6439633266 0.76505636
box 0.02 0.35 0.02 0.1681236435 0.4705369427 0.7048353983 0 0 0.6439633266 0.76505636
box 0.02 0.35 0.02 0.1681236435 0.4705369427 1.004835398 0 0 0.6439633266 0.76505636
box 0.35 0.02 0.35 0.5727092744 0.755686846 0.9048353983 0 0 0.6439633266 0.76505636
box 0.35 0.02 0.35 -0.1170262597 0.8751225735 0.9048353983 0 0 0.6439633266 0.76505636
end
problem cage 59
start 1.57 -1.5707 0 -1.5707 -1.57 3.14
goal 0.3150473263 -0.6986736428 1.360215862 -2.234474477 -1.5656801 0.02786404761
box 0.035 0.035 0.035 -0.2909052823 0.6969233365 0.7070623406 0 0 0.8032277335 0.5956720642
box 0.35 0.35 0.02 -0.2909052823 0.6969233365 0.6270623406 0 0 0.8032277335 0.5956720642
box 0.02 0.35 0.35 -0.3925276366 1.031845562 0.9870623406 0 0 0.8032277335 0.5956720642
box 0.325 0.325 0.02 -0.3054227615 0.7447693687 1.337062341 0 0 0.8032277335 0.5956720642
box 0.02 0.35 0.02 -0.1892829279 0.362001111 0.7870623406 0 0 0.8032277335 0.5956720642
box 0.02 0.35 0.02 -0.1892829279 0.362001111 1.087062341 0 0 0.8032277335 0.5956720642
box 0.35 0.02 0.35 0.04401694318 0.7985456908 0.9870623406 0 0 0.8032277335 0.5956720642
box 0.35 0.02 0.35 -0.6258275077 0.5953009821 0.9870623406 0 0 0.8032277335 0.5956720642
end
problem cage 60
start 1.57 -1.5707 0 -1.5707 -1.57 3.14
goal 2.921839364 -2.818289065 -0.926401005 -0.966369277 1.579747502 0.1027135703
box 0.035 0.035 0.035 0.3360867571 0.7832862221 0.5839850328 0 0 0.5853018471 0.8108154832
box 0.35 0.35 0.02 0.3360867571 0.7832862221 0.5039850328 0 0 0.5853018471 0.8108154832
box 0.02 0.35 0.35 0.4462819806 1.115486482 0.8639850328 0 0 0.5853018471 0.8108154832
box 0.325 0.325 0.02 0.3518289319 0.8307434021 1.213985033 0 0 0.5853018471 0.8108154832
box 0.02 0.35 0.02 0.2258915337 0.4510859621 0.6639850328 0 0 0.5853018471 0.8108154832
box 0.02 0.35 0.02 0.2258915337 0.4510859621 0.9639850328 0 0 0.5853018471 0.8108154832
box 0.35 0.02 0.35 0.6682870171 0.6730909986 0.8639850328 0 0 0.5853018471 0.8108154832
box 0.35 0.02 0.35 0.003886497163 0.8934814456 0.8639850328 0 0 0.5853018471 0.8108154832
end
problem cage 61
start 1.57 -1.5707 0 -1.5707 -1.57 3.14
goal -2.609695564 -2.463932274 -1.259026783 -0.9864814123 1.57433375 0.1624835374
box 0.035 0.035 0.035 -0.2425699594 0.7279418539 0.727625009 0 0 0.8244606203 0.5659193278
box 0.35 0.35 0.02 -0.2425699594 0.7279418539 0.647625009 0 0 0.8244606203 0.5659193278
box 0.02 0.35 0.35 -0.3683846795 1.054546594 1.007625009 0 0 0.8244606203 0.5659193278
box 0.325 0.325 0.02 -0.2605434908 0.7745996739 1.357625009 0 0 0.8244606203 0.5659193278
box 0.02 0.35 0.02 -0.1167552392 0.4013371139 0.807625009 0 0 0.8244606203 0.5659193278
box 0.02 0.35 0.02 -0.1167552392 0.4013371139 1.107625009 0 0 0.8244606203 0.5659193278
box 0.35 0.02 0.35 0.08403478065 0.853756574 1.007625009 0 0 0.8244606203 0.5659193278
box 0.35 0.02 0.35 -0.5691746994 0.6021271338 1.007625009 0 0 0.8244606203 0.5659193278
end
problem cage 62
start 1.57 -1.5707 0 -1.5707 -1.57 3.14
goal 3.091528975 -2.811185232 -0.8435751229 -1.060142415 1.564694478 0.1898982937
box 0.035 0.035 0.035 0.2081506726 0.7965406828 0.6187436095 0 0 0.6160537845 0.7877040908
box 0.35 0.35 0.02 0.2081506726 0.7965406828 0.5387436095 0 0 0.6160537845 0.7877040908
box 0.02 0.35 0.35 0.2924850869 1.136228343 0.8987436095 0 0 0.6160537845 0.7877040908
box 0.325 0.325 0.02 0.2201984461 0.8450674914 1.248743609 0 0 0.6160537845 0.7877040908
box 0.02 0.35 0.02 0.1238162584 0.4568530225 0.6987436095 0 0 0.6160537845 0.7877040908
box 0.02 0.35 0.02 0.1238162584 0.4568530225 0.9987436095 0 0 0.6160537845 0.7877040908
box 0.35 0.02 0.35 0.547838333 0.7122062686 0.8987436095 0 0 0.6160537845 0.7877040908
box 0.35 0.02 0.35 -0.1315369877 0.880875097 0.8987436095 0 0 0.6160537845 0.7877040908
end
problem cage 63
start 1.57 -1.5707 0 -1.5707 -1.57 3.14
goal 0.1272559702 -0.4749549331 1.161309955 -2.260333775 -1.561776024 0.03104126512
box 0.035 0.035 0.035 -0.1725464515 0.7443979186 0.6179201803 0 0 0.7386495065 0.6740896873
box 0.35 0.35 0.02 -0.1725464515 0.7443979186 0.5379201803 0 0 0.7386495065 0.6740896873
box 0.02 0.35 0.35 -0.2044686169 1.092939129 0.8979201803 0 0 0.7386495065 0.6740896873
box 0.325 0.325 0.02 -0.1771067608 0.7941895201 1.24792018 0 0 0.7386495065 0.6740896873
box 0.02 0.35 0.02 -0.140624286 0.3958567082 0.6979201803 0 0 0.7386495065 0.6740896873
box 0.02 0.35 0.02 -0.140624286 0.3958567082 0.9979201803 0 0 0.7386495065 0.6740896873
box 0.35 0.02 0.35 0.1759947589 0.776320084 0.8979201803 0 0 0.7386495065 0.6740896873
box 0.35 0.02 0.35 -0.5210876619 0.7124757531 0.8979201803 0 0 0.7386495065 0.6740896873
end
problem cage 64
start 1.57 -1.5707 0 -1.5707 -1.57 3.14
goal -0.1380221754 -0.6625455197 1.319742273 -2.227273373 -1.563034995 -0.003384445704
box 0.035 0.035 0.035 0.03901389696 0.7571999261 0.6937066465 0 0 0.6590485402 0.7521004066
box 0.35 0.35 0.02 0.03901389696 0.7571999261 0.6137066465 0 0 0.6590485402 0.7521004066
box 0.02 0.35 0.35 0.0849724121 1.104169399 0.9737066465 0 0 0.6590485402 0.7521004066
box 0.325 0.325 0.02 0.04557939912 0.8067669936 1.323706647 0 0 0.6590485402 0.7521004066
box 0.02 0.35 0.02 -0.006944618181 0.4102304535 0.7737066465 0 0 0.6590485402 0.7521004066
box 0.02 0.35 0.02 -0.006944618181 0.4102304535 1.073706647 0 0 0.6590485402 0.7521004066
box 0.35 0.02 0.35 0.3859833695 0.711241411 0.9737066465 0 0 0.6590485402 0.7521004066
box 0.35 0.02 0.35 -0.3079555756 0.8031584412 0.9737066465 0 0 0.6590485402 0.7521004066
end
problem cage 65
start 1.57 -1.5707 0 -1.5707 -1.57 3.14
goal 0.2853400424 -0.260720502 0.8462633889 -2.15981747 -1.561650221 -0.1175315803
box 0.035 0.035 0.035 -0.293016848 0.7612210173 0.5662434085 0 0 0.8344134564 0.5511389877
box 0.35 0.35 0.02 -0.293016848 0.7612210173 0.4862434085 0 0 0.8344134564 0.5511389877
box 0.02 0.35 0.35 -0.4303889193 1.083135469 0.8462434085 0 0 0.8344134564 0.5511389877
box 0.325 0.325 0.02 -0.3126414296 0.8072087961 1.196243408 0 0 0.8344134564 0.5511389877
box 0.02 0.35 0.02 -0.1556447766 0.439306566 0.6462434085 0 0 0.8344134564 0.5511389877
box 0.02 0.35 0.02 -0.1556447766 0.439306566 0.9462434085 0 0 0.8344134564 0.5511389877
box 0.35 0.02 0.35 0.02889760341 0.8985930887 0.8462434085 0 0 0.8344134564 0.5511389877
box 0.35 0.02 0.35 -0.6149312993 0.623848946 0.8462434085 0 0 0.8344134564 0.5511389877
end
problem cage 66
start 1.57 -1.5707 0 -1.5707 -1.57 3.14
goal 0.2169139611 -0.2765629154 0.7917658746 -2.083267064 -1.568638937 0.02035118948
box 0.035 0.035 0.035 -0.2477932629 0.7854658561 0.6014287426 0 0 0.7710474787 0.6367776579
box 0.35 0.35 0.02 -0.2477932629 0.7854658561 0.5214287426 0 0 0.7710474787 0.6367776579
box 0.02 0.35 0.35 -0.313953213 1.129155921 0.8814287426 0 0 0.7710474787 0.6367776579
box 0.325 0.325 0.02 -0.2572446844 0.8345644369 1.231428743 0 0 0.7710474787 0.6367776579
box 0.02 0.35 0.02 -0.1816333129 0.4417757908 0.6814287426 0 0 0.7710474787 0.6367776579
box 0.02 0.35 0.02 -0.1816333129 0.4417757908 0.9814287426 0 0 0.7710474787 0.6367776579
box 0.35 0.02 0.35 0.09589680238 0.8516258062 0.8814287426 0 0 0.7710474787 0.6367776579
box 0.35 0.02 0.35 -0.5914833283 0.719305906 0.8814287426 0 0 0.7710474787 0.6367776579
end
problem cage 67
start 1.57 -1.5707 0 -1.5707 -1.57 3.14
goal 0.3746006766 -0.6748134276 1.270492282 -2.163963163 -1.570136208 -0.06457576513
box 0.035 0.035 0.035 -0.3290155908 0.666750092 0.721663529 0 0 0.845853057 0.5334159783
box 0.35 0.35 0.02 -0.3290155908 0.666750092 0.641663529 0 0 0.845853057 0.5334159783
box 0.02 0.35 0.35 -0.4798427667 0.9825841671 1.001663529 0 0 0.845853057 0.5334159783
box 0.325 0.325 0.02 -0.3505623302 0.7118692455 1.351663529 0 0 0.845853057 0.5334159783
box 0.02 0.35 0.02 -0.178188415 0.3509160168 0.801663529 0 0 0.845853057 0.5334159783
box 0.02 0.35 0.02 -0.178188415 0.3509160168 1.101663529 0 0 0.845853057 0.5334159783
box 0.35 0.02 0.35 -0.01318151568 0.8175772678 1.001663529 0 0 0.845853057 0.5334159783
box 0.35 0.02 0.35 -0.644849666 0.5159229161 1.001663529 0 0 0.845853057 0.5334159783
end
problem cage 68
start 1.57 -1.5707 0 -1.5707 -1.57 3.14
goal -0.2753536654 -0.557570691 1.335846711 -2.340423214 -1.577176459 -0.1808296555
box 0.035 0.035 0.035 0.1265644042 0.7355186712 0.6249531248 0 0 0.6709243805 0.7415257754
box 0.35 0.35 0.02 0.1265644042 0.7355186712 0.5449531248 0 0 0.6709243805 0.7415257754
box 0.02 0.35 0.35 0.1614667371 1.083774076 0.9049531248 0 0 0.6709243805 0.7415257754
box 0.325 0.325 0.02 0.1315504518 0.7852694433 1.254953125 0 0 0.6709243805 0.7415257754
box 0.02 0.35 0.02 0.0916620713 0.3872632661 0.7049531248 0 0 0.6709243805 0.7415257754
box 0.02 0.35 0.02 0.0916620713 0.3872632661 1.004953125 0 0 0.6709243805 0.7415257754
box 0.35 0.02 0.35 0.4748198093 0.7006163382 0.9049531248 0 0 0.6709243805 0.7415257754
box 0.35 0.02 0.35 -0.2216910008 0.7704210041 0.9049531248 0 0 0.6709243805 0.7415257754
end
problem cage 69
start 1.57 -1.5707 0 -1.5707 -1.57 3.14
goal -0.1313289547 -0.5159218064 1.126892955 -2.176051395 -1.568580377 -0.07639936454
box 0.035 0.035 0.035 0.03579788469 0.7785900144 0.6573490061 0 0 0.687379797 0.7262981583
box 0.35 0.35 0.02 0.03579788469 0.7785900144 0.5773490061 0 0 0.687379797 0.7262981583
box 0.02 0.35 0.35 0.055054195 1.128059891 0.9373490061 0 0 0.687379797 0.7262981583
box 0.325 0.325 0.02 0.03854878616 0.8285142825 1.287349006 0 0 0.687379797 0.7262981583
box 0.02 0.35 0.02 0.01654157438 0.429120138 0.7373490061 0 0 0.687379797 0.7262981583
box 0.02 0.35 0.02 0.01654157438 0.429120138 1.037349006 0 0 0.687379797 0.7262981583
box 0.35 0.02 0.35 0.3852677611 0.7593337041 0.9373490061 0 0 0.687379797 0.7262981583
box 0.35 0.02 0.35 -0.3136719917 0.7978463248 0.9373490061 0 0 0.687379797 0.7262981583
end
problem cage 70
start 1.57 -1.5707 0 -1.5707 -1.57 3.14
goal -2.717949626 -2.500973609 -1.194241023 -1.019801523 1.562879222 0.1196823524
box 0.035 0.035 0.035 -0.1942117504 0.7544389151 0.72226762 0 0 0.8064173786 0.5913467777
box 0.35 0.35 0.02 -0.1942117504 0.7544389151 0.64226762 0 0 0.8064173786 0.5913467777
box 0.02 0.35 0.35 -0.2994280424 1.088249538 1.00226762 0 0 0.8064173786 0.5913467777
box 0.325 0.325 0.02 -0.2092426493 0.8021261469 1.35226762 0 0 0.8064173786 0.5913467777
box 0.02 0.35 0.02 -0.08899545851 0.4206282922 0.80226762 0 0 0.8064173786 0.5913467777
box 0.02 0.35 0.02 -0.08899545851 0.4206282922 1.10226762 0 0 0.8064173786 0.5913467777
box 0.35 0.02 0.35 0.1395988724 0.859655207 1.00226762 0 0 0.8064173786 0.5913467777
box 0.35 0.02 0.35 -0.5280223733 0.6492226231 1.00226762 0 0 0.8064173786 0.5913467777
end
problem cage 71
start 1.57 -1.5707 0 -1.5707 -1.57 3.14
goal -0.2935318993 -0.6838753994 1.421005433 -2.303761954 -1.577346662 -0.1375725179
box 0.035 0.035 0.035 0.1662834685 0.7289533178 0.6852691871 0 0 0.6525608676 0.7577363091
box 0.35 0.35 0.02 0.1662834685 0.7289533178 0.6052691871 0 0 0.6525608676 0.7577363091
box 0.02 0.35 0.35 0.2181984883 1.075081662 0.9652691871 0 0 0.6525608676 0.7577363091
box 0.325 0.325 0.02 0.1736998999 0.7784002241 1.315269187 0 0 0.6525608676 0.7577363091
box 0.02 0.35 0.02 0.1143684486 0.3828249735 0.7652691871 0 0 0.6525608676 0.7577363091
box 0.02 0.35 0.02 0.1143684486 0.3828249735 1.065269187 0 0 0.6525608676 0.7577363091
box 0.35 0.02 0.35 0.5124118128 0.6770382979 0.9652691871 0 0 0.6525608676 0.7577363091
box 0.35 0.02 0.35 -0.1798448758 0.7808683376 0.9652691871 0 0 0.6525608676 0.7577363091
end
problem cage 72
start 1.57 -1.5707 0 -1.5707 -1.57 3.14
goal -0.2124891951 -0.3898339472 0.9768712206 -2.158237679 -1.573530978 0.0446405477
box 0.035 0.035 0.035 0.1056453886 0.7951820924 0.6162129443 0 0 0.6101021541 0.7923227635
box 0.35 0.35 0.02 0.1056453886 0.7951820924 0.5362129443 0 0 0.6101021541 0.7923227635
box 0.02 0.35 0.35 0.1950881417 1.13356057 0.8962129443 0 0 0.6101021541 0.7923227635
box 0.325 0.325 0.02 0.1184229247 0.8435218749 1.246212944 0 0 0.6101021541 0.7923227635
box 0.02 0.35 0.02 0.01620263545 0.4568036151 0.6962129443 0 0 0.6101021541 0.7923227635
box 0.02 0.35 0.02 0.01620263545 0.4568036151 0.9962129443 0 0 0.6101021541 0.7923227635
box 0.35 0.02 0.35 0.4440238659 0.7057393393 0.8962129443 0 0 0.6101021541 0.7923227635
box 0.35 0.02 0.35 -0.2327330888 0.8846248455 0.8962129443 0 0 0.6101021541 0.7923227635
end
problem cage 73
start 1.57 -1.5707 0 -1.5707 -1.57 3.14
goal -0.245591415 -0.5019040088 1.181827975 -2.243655421 -1.569642262 -0.007901056625
box 0.035 0.035 0.035 0.1349191157 0.7693399078 0.6384448155 0 0 0.6159439216 0.7877900009
box 0.35 0.35 0.02 0.1349191157 0.7693399078 0.5584448155 0 0 0.6159439216 0.7877900009
box 0.02 0.35 0.35 0.2193482755 1.109004032 0.9184448155 0 0 0.6159439216 0.7877900009
box 0.325 0.325 0.02 0.1469804243 0.8178633541 1.268444816 0 0 0.6159439216 0.7877900009
box 0.02 0.35 0.02 0.0504899559 0.4296757841 0.7184448155 0 0 0.6159439216 0.7877900009
box 0.02 0.35 0.02 0.0504899559 0.4296757841 1.018444816 0 0 0.6159439216 0.7877900009
box 0.35 0.02 0.35 0.4745832395 0.684910748 0.9184448155 0 0 0.6159439216 0.7877900009
box 0.35 0.02 0.35 -0.204745008 0.8537690676 0.9184448155 0 0 0.6159439216 0.7877900009
end
problem cage 74
start 1.57 -1.5707 0 -1.5707 -1.57 3.14
goal -2.546918004 -2.698521144 -1.134604629 -0.8721505349 1.570699856 0.2084967236
box 0.035 0.035 0.035 -0.3162785859 0.7468346049 0.6052165412 0 0 0.8297619699 0.5581174368
box 0.35 0.35 0.02 -0.3162785859 0.7468346049 0.5252165412 0 0 0.8297619699 0.5581174368
box 0.02 0.35 0.35 -0.4482320345 1.071007842 0.8852165412 0 0 0.8297619699 0.5581174368
box 0.325 0.325 0.02 -0.3351290785 0.7931450673 1.235216541 0 0 0.8297619699 0.5581174368
box 0.02 0.35 0.02 -0.1843251372 0.4226613682 0.6852165412 0 0 0.8297619699 0.5581174368
box 0.02 0.35 0.02 -0.1843251372 0.4226613682 0.9852165412 0 0 0.8297619699 0.5581174368
box 0.35 0.02 0.35 0.007894650827 0.8787880536 0.8852165412 0 0 0.8297619699 0.5581174368
box 0.35 0.02 0.35 -0.6404518225 0.6148811562 0.8852165412 0 0 0.8297619699 0.5581174368
end
problem cage 75
start 1.57 -1.5707 0 -1.5707 -1.57 3.14
goal -0.1474779811 -0.4643313584 1.159551878 -2.257689548 -1.563986382 -0.1118314241
box 0.035 0.035 0.035 0.06460712646 0.7886687478 0.6098057258 0 0 0.6936412028 0.7203206798
box 0.35 0.35 0.02 0.06460712646 0.7886687478 0.5298057258 0 0 0.6936412028 0.7203206798
box 0.02 0.35 0.35 0.07781044369 1.13841962 0.8898057258 0 0 0.6936412028 0.7203206798
box 0.325 0.325 0.02 0.06649331463 0.8386331581 1.239805726 0 0 0.6936412028 0.7203206798
box 0.02 0.35 0.02 0.05140380923 0.4389178759 0.6898057258 0 0 0.6936412028 0.7203206798
box 0.02 0.35 0.02 0.05140380923 0.4389178759 0.9898057258 0 0 0.6936412028 0.7203206798
box 0.35 0.02 0.35 0.4143579984 0.7754654306 0.8898057258 0 0 0.6936412028 0.7203206798
box 0.35 0.02 0.35 -0.2851437455 0.8018720651 0.8898057258 0 0 0.6936412028 0.7203206798
end
problem cage 76
start 1.57 -1.5707 0 -1.5707 -1.57 3.14
goal -0.09722528101 -0.6362869434 1.399179807 -2.328957928 -1.576336835 -0.1952418324
box 0.035 0.035 0.035 0.003199293723 0.7481721672 0.6568739568 0 0 0.7391782848 0.6735098093
box 0.35 0.35 0.02 0.003199293723 0.7481721672 0.5768739568 0 0 0.7391782848 0.6735098093
box 0.02 0.35 0.35 -0.02926988203 1.096662845 0.9368739568 0 0 0.7391782848 0.6735098093
box 0.325 0.325 0.02 -0.001439159955 0.7979565498 1.286873957 0 0 0.7391782848 0.6735098093
box 0.02 0.35 0.02 0.03566846947 0.3996814892 0.7368739568 0 0 0.7391782848 0.6735098093
box 0.02 0.35 0.02 0.03566846947 0.3996814892 1.036873957 0 0 0.7391782848 0.6735098093
box 0.35 0.02 0.35 0.3516899717 0.780641343 0.9368739568 0 0 0.7391782848 0.6735098093
box 0.35 0.02 0.35 -0.3452913842 0.7157029915 0.9368739568 0 0 0.7391782848 0.6735098093
end
problem cage 77
start 1.57 -1.5707 0 -1.5707 -1.57 3.14
goal -0.2938086722 -0.6194399249 1.402298588 -2.347282432 -1.56933121 -0.1867800369
box 0.035 0.035 0.035 0.1632432858 0.7367497155 0.6472255161 0 0 0.670893138 0.7415540421
box 0.35 0.35 0.02 0.1632432858 0.7367497155 0.5672255161 0 0 0.670893138 0.7415540421
box 0.02 0.35 0.35 0.198174964 1.085002178 0.9272255161 0 0 0.670893138 0.7415540421
box 0.325 0.325 0.02 0.1682335256 0.7865000674 1.277225516 0 0 0.670893138 0.7415540421
box 0.02 0.35 0.02 0.1283116077 0.3884972527 0.7272255161 0 0 0.670893138 0.7415540421
box 0.02 0.35 0.02 0.1283116077 0.3884972527 1.027225516 0 0 0.670893138 0.7415540421
box 0.35 0.02 0.35 0.5114957487 0.7018180374 0.9272255161 0 0 0.670893138 0.7415540421
box 0.35 0.02 0.35 -0.185009177 0.7716813937 0.9272255161 0 0 0.670893138 0.7415540421
end
problem cage 78
start 1.57 -1.5707 0 -1.5707 -1.57 3.14
goal 0.1347071269 -0.6603834955 1.54827498 -2.451384926 -1.565281598 -0.07763331036
box 0.035 0.035 0.035 -0.1697850304 0.6852952108 0.6355205482 0 0 0.7766465368 0.6299366292
box 0.35 0.35 0.02 -0.1697850304 0.6852952108 0.5555205482 0 0 0.7766465368 0.6299366292
box 0.02 0.35 0.35 -0.2420109206 1.027761882 0.9155205482 0 0 0.7766465368 0.6299366292
box 0.325 0.325 0.02 -0.1801030147 0.7342190209 1.265520548 0 0 0.7766465368 0.6299366292
box 0.02 0.35 0.02 -0.09755914016 0.3428285397 0.7155205482 0 0 0.7766465368 0.6299366292
box 0.02 0.35 0.02 -0.09755914016 0.3428285397 1.015520548 0 0 0.7766465368 0.6299366292
box 0.35 0.02 0.35 0.1726816407 0.757521101 0.9155205482 0 0 0.7766465368 0.6299366292
box 0.35 0.02 0.35 -0.5122517014 0.6130693206 0.9155205482 0 0 0.7766465368 0.6299366292
end
problem cage 79
start 1.57 -1.5707 0 -1.5707 -1.57 3.14
goal 0.06941744661 -0.4875518217 1.231353515 -2.311445346 -1.578487124 -0.02714028924
box 0.035 0.035 0.035 -0.1018342236 0.7323252238 0.613390204 0 0 0.7376162424 0.6752201707
box 0.35 0.35 0.02 -0.1018342236 0.7323252238 0.533390204 0 0 0.7376162424 0.6752201707
box 0.02 0.35 0.35 -0.1326886283 1.080962579 0.893390204 0 0 0.7376162424 0.6752201707
box 0.325 0.325 0.02 -0.1062419957 0.7821305603 1.243390204 0 0 0.7376162424 0.6752201707
box 0.02 0.35 0.02 -0.07097981877 0.3836878682 0.693390204 0 0 0.7376162424 0.6752201707
box 0.02 0.35 0.02 -0.07097981877 0.3836878682 0.993390204 0 0 0.7376162424 0.6752201707
box 0.35 0.02 0.35 0.246803132 0.7631796285 0.893390204 0 0 0.7376162424 0.6752201707
box 0.35 0.02 0.35 -0.4504715791 0.701470819 0.893390204 0 0 0.7376162424 0.6752201707
end
problem cage 80
start 1.57 -1.5707 0 -1.5707 -1.57 3.14
goal -2.627148591 -2.737151313 -0.991753868 -0.9808101854 1.560861963 0.04832490368
box 0.035 0.035 0.035 -0.2798793775 0.7876351441 0.6286122841 0 0 0.8520471931 0.5234649757
box 0.35 0.35 0.02 -0.2798793775 0.7876351441 0.5486122841 0 0 0.8520471931 0.5234649757
box 0.02 0.35 0.35 -0.4380684709 1.099846948 0.9086122841 0 0 0.8520471931 0.5234649757
box 0.325 0.325 0.02 -0.3024778194 0.8322368304 1.258612284 0 0 0.8520471931 0.5234649757
box 0.02 0.35 0.02 -0.121690284 0.4754233399 0.7086122841 0 0 0.8520471931 0.5234649757
box 0.02 0.35 0.02 -0.121690284 0.4754233399 1.008612284 0 0 0.8520471931 0.5234649757
box 0.35 0.02 0.35 0.03233242677 0.9458242376 0.9086122841 0 0 0.8520471931 0.5234649757
box 0.35 0.02 0.35 -0.5920911817 0.6294460507 0.9086122841 0 0 0.8520471931 0.5234649757
end
problem cage 81
start 1.57 -1.5707 0 -1.5707 -1.57 3.14
goal -2.373710427 -2.795761628 -1.048619757 -0.8624103364 1.560582522 0.3003327937
box 0.035 0.035 0.035 -0.4497432164 0.6763255968 0.569576914 0 0 0.8516040268 0.5241856364
box 0.35 0.35 0.02 -0.4497432164 0.6763255968 0.489576914 0 0 0.8516040268 0.5241856364
box 0.02 0.35 0.35 -0.6074038094 0.988804616 0.849576914 0 0 0.8516040268 0.5241856364
box 0.325 0.325 0.02 -0.4722661583 0.7209654567 1.199576914 0 0 0.8516040268 0.5241856364
box 0.02 0.35 0.02 -0.2920826234 0.3638465776 0.649576914 0 0 0.8516040268 0.5241856364
box 0.02 0.35 0.02 -0.2920826234 0.3638465776 0.949576914 0 0 0.8516040268 0.5241856364
box 0.35 0.02 0.35 -0.1372641972 0.8339861898 0.849576914 0 0 0.8516040268 0.5241856364
box 0.35 0.02 0.35 -0.7622222356 0.5186650038 0.849576914 0 0 0.8516040268 0.5241856364
end
problem cage 82
start 1.57 -1.5707 0 -1.5707 -1.57 3.14
goal -2.710610532 -2.445352464 -1.36825204 -0.8978102398 1.562073325 0.2914634739
box 0.035 0.035 0.035 -0.1610251407 0.6934035778 0.7009572426 0 0 0.7531283881 0.6578735676
box 0.35 0.35 0.02 -0.1610251407 0.6934035778 0.6209572426 0 0 0.7531283881 0.6578735676
box 0.02 0.35 0.35 -0.208066799 1.040227859 0.9809572426 0 0 0.7531283881 0.6578735676
box 0.325 0.325 0.02 -0.1677453776 0.7429499037 1.330957243 0 0 0.7531283881 0.6578735676
box 0.02 0.35 0.02 -0.1139834823 0.346579296 0.7809572426 0 0 0.7531283881 0.6578735676
box 0.02 0.35 0.02 -0.1139834823 0.346579296 1.080957243 0 0 0.7531283881 0.6578735676
box 0.35 0.02 0.35 0.1857991411 0.7404452361 0.9809572426 0 0 0.7531283881 0.6578735676
box 0.35 0.02 0.35 -0.5078494224 0.6463619194 0.9809572426 0 0 0.7531283881 0.6578735676
end
problem cage 83
start 1.57 -1.5707 0 -1.5707 -1.57 3.14
goal -0.0652422105 -0.2292641641 0.8469927605 -2.189978967 -1.580040373 -0.07701652073
box 0.035 0.035 0.035 -0.01388265383 0.8578522827 0.5445700416 0 0 0.7123933283 0.7017804114
box 0.35 0.35 0.02 -0.01388265383 0.8578522827 0.4645700416 0 0 0.7123933283 0.7017804114
box 0.02 0.35 0.35 -0.01913563177 1.207812861 0.8245700416 0 0 0.7123933283 0.7017804114
box 0.325 0.325 0.02 -0.01463307925 0.907846651 1.174570042 0 0 0.7123933283 0.7017804114
box 0.02 0.35 0.02 -0.008629675894 0.5078917046 0.6245700416 0 0 0.7123933283 0.7017804114
box 0.02 0.35 0.02 -0.008629675894 0.5078917046 0.9245700416 0 0 0.7123933283 0.7017804114
box 0.35 0.02 0.35 0.3360779243 0.8631052607 0.8245700416 0 0 0.7123933283 0.7017804114
box 0.35 0.02 0.35 -0.3638432319 0.8525993048 0.8245700416 0 0 0.7123933283 0.7017804114
end
problem cage 84
start 1.57 -1.5707 0 -1.5707 -1.57 3.14
goal -0.05965705905 -0.41654354 1.260152916 -2.412409305 -1.580683475 -0.07912084318
box 0.035 0.035 0.035 -0.02058700708 0.7632921238 0.5551313873 0 0 0.711703929 0.7024795495
box 0.35 0.35 0.02 -0.02058700708 0.7632921238 0.4751313873 0 0 0.711703929 0.7024795495
box 0.02 0.35 0.35 -0.0251527449 1.113262343 0.8351313873 0 0 0.711703929 0.7024795495
box 0.325 0.325 0.02 -0.02123925534 0.8132878694 1.185131387 0 0 0.711703929 0.7024795495
box 0.02 0.35 0.02 -0.01602126926 0.413321905 0.6351313873 0 0 0.711703929 0.7024795495
box 0.02 0.35 0.02 -0.01602126926 0.413321905 0.9351313873 0 0 0.711703929 0.7024795495
box 0.35 0.02 0.35 0.3293832117 0.7678578616 0.8351313873 0 0 0.711703929 0.7024795495
box 0.35 0.02 0.35 -0.3705572259 0.758726386 0.8351313873 0 0 0.711703929 0.7024795495
end
problem cage 85
start 1.57 -1.5707 0 -1.5707 -1.57 3.14
goal 0.4231816076 -0.6743567066 1.268142511 -2.160874603 -1.573796112 0.01380046254
box 0.035 0.035 0.035 -0.3675450046 0.646761034 0.7253155458 0 0 0.8351003663 0.5500976079
box 0.35 0.35 0.02 -0.3675450046 0.646761034 0.6453155458 0 0 0.8351003663 0.5500976079
box 0.02 0.35 0.35 -0.5057198398 0.9683317337 1.005315546 0 0 0.8351003663 0.5500976079
box 0.325 0.325 0.02 -0.3872842667 0.6926997054 1.355315546 0 0 0.8351003663 0.5500976079
box 0.02 0.35 0.02 -0.2293701693 0.3251903343 0.8053155458 0 0 0.8351003663 0.5500976079
box 0.02 0.35 0.02 -0.2293701693 0.3251903343 1.105315546 0 0 0.8351003663 0.5500976079
box 0.35 0.02 0.35 -0.04597430484 0.7849358692 1.005315546 0 0 0.8351003663 0.5500976079
box 0.35 0.02 0.35 -0.6891157043 0.5085861988 1.005315546 0 0 0.8351003663 0.5500976079
end
problem cage 86
start 1.57 -1.5707 0 -1.5707 -1.57 3.14
goal 0.02910216208 -0.6334919336 1.507152879 -2.452166268 -1.567723236 -0.1446347172
box 0.035 0.035 0.035 -0.0722599985 0.7081374745 0.631062307 0 0 0.7637847248 0.6454710638
box 0.35 0.35 0.02 -0.0722599985 0.7081374745 0.551062307 0 0 0.7637847248 0.6454710638
box 0.02 0.35 0.35 -0.1306169726 1.053238132 0.911062307 0 0 0.7637847248 0.6454710638
box 0.325 0.325 0.02 -0.08059670908 0.7574375684 1.261062307 0 0 0.7637847248 0.6454710638
box 0.02 0.35 0.02 -0.01390302445 0.3630368173 0.711062307 0 0 0.7637847248 0.6454710638
box 0.02 0.35 0.02 -0.01390302445 0.3630368173 1.011062307 0 0 0.7637847248 0.6454710638
box 0.35 0.02 0.35 0.2728406587 0.7664944485 0.911062307 0 0 0.7637847248 0.6454710638
box 0.35 0.02 0.35 -0.4173606557 0.6497805004 0.911062307 0 0 0.7637847248 0.6454710638
end
problem cage 87
start 1.57 -1.5707 0 -1.5707 -1.57 3.14
goal 0.09775138789 -0.4670060981 1.181986504 -2.281144072 -1.56324033 -0.1376256465
box 0.035 0.035 0.035 -0.130998491 0.7433403999 0.6080617374 0 0 0.7831262484 0.6218627494
box 0.35 0.35 0.02 -0.130998491 0.7433403999 0.5280617374 0 0 0.7831262484 0.6218627494
box 0.02 0.35 0.35 -0.2102991957 1.084238329 0.8880617374 0 0 0.7831262484 0.6218627494
box 0.325 0.325 0.02 -0.1423271631 0.7920401041 1.238061737 0 0 0.7831262484 0.6218627494
box 0.02 0.35 0.02 -0.05169778638 0.4024424706 0.6880617374 0 0 0.7831262484 0.6218627494
box 0.02 0.35 0.02 -0.05169778638 0.4024424706 0.9880617374 0 0 0.7831262484 0.6218627494
box 0.35 0.02 0.35 0.2098994383 0.8226411046 0.8880617374 0 0 0.7831262484 0.6218627494
box 0.35 0.02 0.35 -0.4718964204 0.6640396953 0.8880617374 0 0 0.7831262484 0.6218627494
end
problem cage 88
start 1.57 -1.5707 0 -1.5707 -1.57 3.14
goal 0.3461872551 -0.5738111798 1.246370135 -2.251197951 -1.577747661 0.03406734933
box 0.035 0.035 0.035 -0.3233100608 0.6931854159 0.6639917697 0 0 0.8087535609 0.5881476666
box 0.35 0.35 0.02 -0.3233100608 0.6931854159 0.5839917697 0 0 0.8087535609 0.5881476666
box 0.02 0.35 0.35 -0.4311676864 1.02615198 0.9439917697 0 0 0.8087535609 0.5881476666
box 0.325 0.325 0.02 -0.3387182931 0.7407520679 1.29399177 0 0 0.8087535609 0.5881476666
box 0.02 0.35 0.02 -0.2154524352 0.3602188521 0.7439917697 0 0 0.8087535609 0.5881476666
box 0.02 0.35 0.02 -0.2154524352 0.3602188521 1.04399177 0 0 0.8087535609 0.5881476666
box 0.35 0.02 0.35 0.009656502956 0.8010430415 0.9439917697 0 0 0.8087535609 0.5881476666
box 0.35 0.02 0.35 -0.6562766246 0.5853277903 0.9439917697 0 0 0.8087535609 0.5881476666
end
problem cage 89
start 1.57 -1.5707 0 -1.5707 -1.57 3.14
goal 0.2161924837 -0.3293554077 0.9439120844 -2.189558435 -1.562866153 -0.2103136089
box 0.035 0.035 0.035 -0.2477312062 0.7941842895 0.5927277839 0 0 0.8414250514 0.5403738362
box 0.35 0.35 0.02 -0.2477312062 0.7941842895 0.5127277839 0 0 0.8414250514 0.5403738362
box 0.02 0.35 0.35 -0.3933284882 1.112463148 0.8727277839 0 0 0.8414250514 0.5403738362
box 0.325 0.325 0.02 -0.2685308179 0.8396526978 1.222727784 0 0 0.8414250514 0.5403738362
box 0.02 0.35 0.02 -0.1021339242 0.4759054315 0.6727277839 0 0 0.8414250514 0.5403738362
box 0.02 0.35 0.02 -0.1021339242 0.4759054315 0.9727277839 0 0 0.8414250514 0.5403738362
box 0.35 0.02 0.35 0.07054765186 0.9397815716 0.8727277839 0 0 0.8414250514 0.5403738362
box 0.35 0.02 0.35 -0.5660100642 0.6485870075 0.8727277839 0 0 0.8414250514 0.5403738362
end
problem cage 90
start 1.57 -1.5707 0 -1.5707 -1.57 3.14
goal -0.5624301 -0.4297175855 1.01533686 -2.160058302 -1.570637607 -0.1022614854
box 0.035 0.035 0.035 0.3957101114 0.7058806322 0.641191272 0 0 0.5305074879 0.8476802494
box 0.35 0.35 0.02 0.3957101114 0.7058806322 0.561191272 0 0 0.5305074879 0.8476802494
box 0.02 0.35 0.35 0.5487033751 1.020671136 0.921191272 0 0 0.5305074879 0.8476802494
box 0.325 0.325 0.02 0.417566292 0.7508507042 1.271191272 0 0 0.5305074879 0.8476802494
box 0.02 0.35 0.02 0.2427168477 0.3910901284 0.721191272 0 0 0.5305074879 0.8476802494
box 0.02 0.35 0.02 0.2427168477 0.3910901284 1.021191272 0 0 0.5305074879 0.8476802494
box 0.35 0.02 0.35 0.7105006152 0.5528873685 0.921191272 0 0 0.5305074879 0.8476802494
box 0.35 0.02 0.35 0.08091960767 0.8588738959 0.921191272 0 0 0.5305074879 0.8476802494
end
problem cage 91
start 1.57 -1.5707 0 -1.5707 -1.57 3.14
goal -2.43144911 -2.529449547 -1.262176271 -0.9305201426 1.571532254 0.2201455685
box 0.035 0.035 0.035 -0.3551774608 0.6875197624 0.6791453833 0 0 0.8563127187 0.5164576728
box 0.35 0.35 0.02 -0.3551774608 0.6875197624 0.5991453833 0 0 0.8563127187 0.5164576728
box 0.02 0.35 0.35 -0.5184674913 0.9970942541 0.9591453833 0 0 0.8563127187 0.5164576728
box 0.325 0.325 0.02 -0.378504608 0.7317446898 1.309145383 0 0 0.8563127187 0.5164576728
box 0.02 0.35 0.02 -0.1918874302 0.3779452707 0.7591453833 0 0 0.8563127187 0.5164576728
box 0.02 0.35 0.02 -0.1918874302 0.3779452707 1.059145383 0 0 0.8563127187 0.5164576728
box 0.35 0.02 0.35 -0.04560296905 0.8508097929 0.9591453833 0 0 0.8563127187 0.5164576728
box 0.35 0.02 0.35 -0.6647519525 0.5242297318 0.9591453833 0 0 0.8563127187 0.5164576728
end
problem cage 92
start 1.57 -1.5707 0 -1.5707 -1.57 3.14
goal 0.2039005566 -0.210757961 0.7962301426 -2.163179833 -1.560522615 -0.172689391
box 0.035 0.035 0.035 -0.2156546969 0.8164415675 0.5465002627 0 0 0.8254740695 0.5644400417
box 0.35 0.35 0.02 -0.2156546969 0.8164415675 0.4665002627 0 0 0.8254740695 0.5644400417
box 0.02 0.35 0.35 -0.3426399045 1.142593 0.8265002627 0 0 0.8254740695 0.5644400417
box 0.325 0.325 0.02 -0.2337954408 0.8630346293 1.176500263 0 0 0.8254740695 0.5644400417
box 0.02 0.35 0.02 -0.08866948932 0.4902901348 0.6265002627 0 0 0.8254740695 0.5644400417
box 0.02 0.35 0.02 -0.08866948932 0.4902901348 0.9265002627 0 0 0.8254740695 0.5644400417
box 0.35 0.02 0.35 0.1104967358 0.9434267751 0.8265002627 0 0 0.8254740695 0.5644400417
box 0.35 0.02 0.35 -0.5418061296 0.6894563599 0.8265002627 0 0 0.8254740695 0.5644400417
end
problem cage 93
start 1.57 -1.5707 0 -1.5707 -1.57 3.14
goal 0.3687176504 -0.4491611205 1.125503943 -2.239565577 -1.571508512 -0.04660044053
box 0.035 0.035 0.035 -0.325679257 0.7326736051 0.6168746428 0 0 0.8362287033 0.5483808491
box 0.35 0.35 0.02 -0.325679257 0.7326736051 0.5368746428 0 0 0.8362287033 0.5483808491
box 0.02 0.35 0.35 -0.465174168 1.05367387 0.8968746428 0 0 0.8362287033 0.5483808491
box 0.325 0.325 0.02 -0.3456071014 0.7785307858 1.246874643 0 0 0.8362287033 0.5483808491
box 0.02 0.35 0.02 -0.1861843459 0.4116733406 0.6968746428 0 0 0.8362287033 0.5483808491
box 0.02 0.35 0.02 -0.1861843459 0.4116733406 0.9968746428 0 0 0.8362287033 0.5483808491
box 0.35 0.02 0.35 -0.004678992459 0.8721685161 0.8968746428 0 0 0.8362287033 0.5483808491
box 0.35 0.02 0.35 -0.6466795214 0.5931786941 0.8968746428 0 0 0.8362287033 0.5483808491
end
problem cage 94
start 1.57 -1.5707 0 -1.5707 -1.57 3.14
goal -0.3062548267 -0.5688330446 1.171294414 -2.17109343 -1.563466986 -0.04087662254
box 0.035 0.035 0.035 0.1933078153 0.7443454476 0.6824906499 0 0 0.6095921389 0.7927152227
box 0.35 0.35 0.02 0.1933078153 0.7443454476 0.6024906499 0 0 0.6095921389 0.7927152227
box 0.02 0.35 0.35 0.2831860123 1.082608525 0.9624906499 0 0 0.6095921389 0.7927152227
box 0.325 0.325 0.02 0.2061475577 0.7926687445 1.31249065 0 0 0.6095921389 0.7927152227
box 0.02 0.35 0.02 0.1034296184 0.40608237 0.7624906499 0 0 0.6095921389 0.7927152227
box 0.02 0.35 0.02 0.1034296184 0.40608237 1.06249065 0 0 0.6095921389 0.7927152227
box 0.35 0.02 0.35 0.531570893 0.6544672507 0.9624906499 0 0 0.6095921389 0.7927152227
box 0.35 0.02 0.35 -0.1449552623 0.8342236446 0.9624906499 0 0 0.6095921389 0.7927152227
end
problem cage 95
start 1.57 -1.5707 0 -1.5707 -1.57 3.14
goal 0.4621202236 -0.3781857279 1.114392842 -2.307864625 -1.566675067 0.01557683863
box 0.035 0.035 0.035 -0.4203483126 0.6785593948 0.5659430878 0 0 0.8440164938 0.5363172179
box 0.35 0.35 0.02 -0.4203483126 0.6785593948 0.4859430878 0 0 0.8440164938 0.5363172179
box 0.02 0.35 0.35 -0.5690030019 0.9954217993 0.8459430878 0 0 0.8440164938 0.5363172179
box 0.325 0.325 0.02 -0.4415846968 0.7238254526 1.195943088 0 0 0.8440164938 0.5363172179
box 0.02 0.35 0.02 -0.2716936233 0.3616969904 0.6459430878 0 0 0.8440164938 0.5363172179
box 0.02 0.35 0.02 -0.2716936233 0.3616969904 0.9459430878 0 0 0.8440164938 0.5363172179
box 0.35 0.02 0.35 -0.1034859082 0.8272140841 0.8459430878 0 0 0.8440164938 0.5363172179
box 0.35 0.02 0.35 -0.7372107171 0.5299047056 0.8459430878 0 0 0.8440164938 0.5363172179
end
problem cage 96
start 1.57 -1.5707 0 -1.5707 -1.57 3.14
goal -0.6422044581 -0.6958665813 1.316978078 -2.182496315 -1.565060026 -0.1697848586
box 0.035 0.035 0.035 0.3709788015 0.6195433259 0.7224654327 0 0 0.5239676369 0.8517381731
box 0.35 0.35 0.02 0.3709788015 0.6195433259 0.6424654327 0 0 0.5239676369 0.8517381731
box 0.02 0.35 0.35 0.5287993423 0.9319415923 1.002465433 0 0 0.5239676369 0.8517381731
box 0.325 0.325 0.02 0.393524593 0.6641716496 1.352465433 0 0 0.5239676369 0.8517381731
box 0.02 0.35 0.02 0.2131582606 0.3071450594 0.8024654327 0 0 0.5239676369 0.8517381731
box 0.02 0.35 0.02 0.2131582606 0.3071450594 1.102465433 0 0 0.5239676369 0.8517381731
box 0.35 0.02 0.35 0.6833770679 0.461722785 1.002465433 0 0 0.5239676369 0.8517381731
box 0.35 0.02 0.35 0.058580535 0.7773638667 1.002465433 0 0 0.5239676369 0.8517381731
end
problem cage 97
start 1.57 -1.5707 0 -1.5707 -1.57 3.14
goal -0.4052421688 -0.4404125157 1.170199178 -2.298042571 -1.579933384 0.07612147162
box 0.035 0.035 0.035 0.266848137 0.7186135071 0.5990832578 0 0 0.5218318945 0.853048342
box 0.35 0.35 0.02 0.266848137 0.7186135071 0.5190832578 0 0 0.5218318945 0.853048342
box 0.02 0.35 0.35 0.4262321688 1.03021699 0.8790832578 0 0 0.5218318945 0.853048342
box 0.325 0.325 0.02 0.2896172844 0.7631282904 1.229083258 0 0 0.5218318945 0.853048342
box 0.02 0.35 0.02 0.1074641053 0.4070100244 0.6790832578 0 0 0.5218318945 0.853048342
box 0.02 0.35 0.02 0.1074641053 0.4070100244 0.9790832578 0 0 0.5218318945 0.853048342
box 0.35 0.02 0.35 0.5784516198 0.5592294754 0.8790832578 0 0 0.5218318945 0.853048342
box 0.35 0.02 0.35 -0.04475534566 0.8779975389 0.8790832578 0 0 0.5218318945 0.853048342
end
problem cage 98
start 1.57 -1.5707 0 -1.5707 -1.57 3.14
goal 0.09979741124 -0.5773969368 1.25301974 -2.251706075 -1.565297856 -0.05781249194
box 0.035 0.035 0.035 -0.1501340907 0.7519440979 0.662616386 0 0 0.7634970102 0.6458113621
box 0.35 0.35 0.02 -0.1501340907 0.7519440979 0.582616386 0 0 0.7634970102 0.6458113621
box 0.02 0.35 0.35 -0.2081834699 1.097096629 0.942616386 0 0 0.7634970102 0.6458113621
box 0.325 0.325 0.02 -0.1584268591 0.8012516023 1.292616386 0 0 0.7634970102 0.6458113621
box 0.02 0.35 0.02 -0.09208471144 0.4067915671 0.742616386 0 0 0.7634970102 0.6458113621
box 0.02 0.35 0.02 -0.09208471144 0.4067915671 1.042616386 0 0 0.7634970102 0.6458113621
box 0.35 0.02 0.35 0.1950184402 0.8099934772 0.942616386 0 0 0.7634970102 0.6458113621
box 0.35 0.02 0.35 -0.4952866215 0.6938947187 0.942616386 0 0 0.7634970102 0.6458113621
end
problem cage 99
start 1.57 -1.5707 0 -1.5707 -1.57 3.14
goal 0.08419371455 -0.6002265097 1.364070956 -2.325293929 -1.577848332 -0.004235011397
box 0.035 0.035 0.035 -0.1426038518 0.7392272606 0.645507189 0 0 0.7369692478 0.675926274
box 0.35 0.35 0.02 -0.1426038518 0.7392272606 0.565507189 0 0 0.7369692478 0.675926274
box 0.02 0.35 0.35 -0.1727904223 1.087923075 0.925507189 0 0 0.7369692478 0.675926274
box 0.325 0.325 0.02 -0.1469162191 0.7890409483 1.275507189 0 0 0.7369692478 0.675926274
box 0.02 0.35 0.02 -0.1124172813 0.3905314462 0.725507189 0 0 0.7369692478 0.675926274
box 0.02 0.35 0.02 -0.1124172813 0.3905314462 1.025507189 0 0 0.7369692478 0.675926274
box 0.35 0.02 0.35 0.2060919625 0.7694138311 0.925507189 0 0 0.7369692478 0.675926274
box 0.35 0.02 0.35 -0.4912996662 0.7090406901 0.925507189 0 0 0.7369692478 0.675926274
end
problem cage 100
start 1.57 -1.5707 0 -1.5707 -1.57 3.14
goal -2.790736905 -2.908863895 -0.7463329563 -1.056258005 1.576947779 0.1015757517
box 0.035 0.035 0.035 -0.1244014852 0.8650722319 0.5785897158 0 0 0.7903412214 0.6126669191
box 0.35 0.35 0.02 -0.1244014852 0.8650722319 0.4985897158 0 0 0.7903412214 0.6126669191
box 0.02 0.35 0.35 -0.2116489575 1.204023377 0.8585897158 0 0 0.7903412214 0.6126669191
box 0.325 0.325 0.02 -0.1368654098 0.913493824 1.208589716 0 0 0.7903412214 0.6126669191
box 0.02 0.35 0.02 -0.03715401279 0.5261210871 0.6585897158 0 0 0.7903412214 0.6126669191
box 0.02 0.35 0.02 -0.03715401279 0.5261210871 0.9585897158 0 0 0.7903412214 0.6126669191
box 0.35 0.02 0.35 0.2145496597 0.9523197042 0.8585897158 0 0 0.7903412214 0.6126669191
box 0.35 0.02 0.35 -0.46335263 0.7778247595 0.8585897158 0 0 0.7903412214 0.6126669191
end
