seed,scene,problem,method,eligible,solved,seconds,samples,vertices,path_length,waypoints,audited_states,unsafe_states,min_clearance,min_self_overlap,self_colliding,misses,rad_per_call,coarse_fraction,primary_samples,productive_samples,vertices_per_sample,picard_attempts,picard_accepted,picard_fallbacks,hop_floored,hop_at_region,hop_edge_limited,qp_calls,qp_rows,qp_solves
1,bookshelf_tall,1,isSafe,1,1,0.00216876,1092,8,10.752,7,539,0,0.00785175,0.00249477,0,0,0,0,7,3,1.14286,0,0,0,0,0,0,0,0,0
1,bookshelf_tall,1,qpFixed,1,1,0.00484304,932,9,10.8817,764,764,0,0.00785175,0.00249477,0,0,0.0137537,0,2,2,4.5,0,0,0,1,0,0,932,233095,371
1,bookshelf_tall,1,qpPlain,1,1,0.00487497,932,9,10.8817,764,764,0,0.00785175,0.00249477,0,0,0.0137537,0,2,2,4.5,0,0,0,1,0,0,932,319676,932
1,bookshelf_tall,1,qpAdaptive,1,1,0.0019107,354,9,10.8764,630,630,0,0.00785175,0.00249477,0,0,0.0361738,0.576271,2,2,4.5,0,0,0,0.418079,0.564972,0.0169492,354,95002,250
1,bookshelf_tall,1,qpFreeGate,1,1,0.00734624,1764,11,10.4635,1062,1062,0,0.00420518,0.00249477,0,0,0.00668152,0,7,5,1.57143,0,0,0,1,0,0,0,0,0
1,bookshelf_tall,1,qpEnvelope,1,1,0.00115865,144,9,10.8791,584,584,0,0.00785175,0.00249477,0,0,0.0890645,0.708333,2,2,4.5,0,0,0,0.291667,0.666667,0.0416667,144,40227,106
1,bookshelf_tall,8,isSafe,1,1,0.00539478,3179,18,12.7542,8,639,0,0.00427847,0.00249477,0,0,0,0,38,13,0.473684,0,0,0,0,0,0,0,0,0
1,bookshelf_tall,8,qpFixed,1,1,0.00748187,1391,12,12.2438,933,933,0,0.00104147,0.00249477,0,0,0.0121052,0,2,2,6,0,0,0,1,0,0,1391,371835,840
1,bookshelf_tall,8,qpPlain,1,1,0.00783626,1391,12,12.2438,933,933,0,0.00104147,0.00249477,0,0,0.0121052,0,2,2,6,0,0,0,1,0,0,1391,477113,1391
1,bookshelf_tall,8,qpAdaptive,1,1,0.00561243,900,12,12.2496,794,794,0,0.00103989,0.00249477,0,0,0.0187114,0.163333,2,2,6,0,0,0,0.834444,0.16,0.00555556,900,243024,814
1,bookshelf_tall,8,qpFreeGate,1,1,0.024603,5949,24,14.9669,1365,1365,0,0.00427847,0.00249477,0,0,0.00622834,0,38,17,0.631579,0,0,0,1,0,0,0,0,0
1,bookshelf_tall,8,qpEnvelope,1,1,0.00468113,711,12,12.2674,721,721,0,0.00108033,0.00249477,0,0,0.0237162,0.0815752,2,2,6,0,0,0,0.918425,0.0745429,0.00703235,711,187832,691
1,bookshelf_tall,15,isSafe,1,1,0.0405491,22917,118,16.3734,10,820,0,0.00376763,0.00249477,0,0,0,0,904,114,0.130531,0,0,0,0,0,0,0,0,0
1,bookshelf_tall,15,qpFixed,1,1,0.0170849,3111,21,14.7101,1293,1293,0,0.000639274,0.00249477,0,0,0.0104576,0,9,8,2.33333,0,0,0,1,0,0,3111,815862,2483
1,bookshelf_tall,15,qpPlain,1,1,0.0180147,3111,21,14.7101,1293,1293,0,0.000639274,0.00249477,0,0,0.0104576,0,9,8,2.33333,0,0,0,1,0,0,3111,1067073,3111
1,bookshelf_tall,15,qpAdaptive,1,1,0.0144157,2347,24,14.7344,1082,1082,0,0.000638766,0.00249477,0,0,0.0145296,0.141031,9,9,2.66667,0,0,0,0.857691,0.138901,0.00340861,2347,635277,2263
1,bookshelf_tall,15,qpFreeGate,1,1,0.110583,28191,54,20.4399,1950,1950,0,0.00127559,0.00249477,0,0,0.00332549,0,190,45,0.284211,0,0,0,1,0,0,0,0,0
1,bookshelf_tall,15,qpEnvelope,1,1,0.0115401,1813,24,14.6688,927,927,0,0.000442356,0.00249477,0,0,0.0192513,0.0750138,9,9,2.66667,0,0,0,0.922228,0.0700496,0.00772201,1813,501257,1769
1,bookshelf_tall,23,isSafe,1,1,0.00242225,1491,10,10.1824,7,511,0,0.00392397,0.00249477,0,0,0,0,20,6,0.5,0,0,0,0,0,0,0,0,0
1,bookshelf_tall,23,qpFixed,1,1,0.00454203,865,8,8.51299,644,644,0,0.00824879,0.00249477,0,0,0.0125858,0,2,2,4,0,0,0,1,0,0,865,253363,464
1,bookshelf_tall,23,qpPlain,1,1,0.00461537,865,8,8.51299,644,644,0,0.00824879,0.00249477,0,0,0.0125858,0,2,2,4,0,0,0,1,0,0,865,296695,865
1,bookshelf_tall,23,qpAdaptive,1,1,0.00311065,514,8,8.50972,538,538,0,0.00824879,0.00249477,0,0,0.0211742,0.33463,2,2,4,0,0,0,0.663424,0.324903,0.0116732,514,155339,428
1,bookshelf_tall,23,qpFreeGate,1,1,0.0134959,3453,12,9.71025,1043,1043,0,0.000908688,0.00249477,0,0,0.00455917,0,20,6,0.6,0,0,0,1,0,0,0,0,0
1,bookshelf_tall,23,qpEnvelope,1,1,0.00170984,254,8,8.50598,489,489,0,0.00731647,0.00249477,0,0,0.0428657,0.370079,2,2,4,0,0,0,0.629921,0.34252,0.0275591,254,76738,221
1,bookshelf_tall,31,isSafe,1,0,10.0061,2,1,0,0,0,0,inf,inf,0,0,0,0,0,0,0,0,0,0,0,0,0,0,0,0
1,bookshelf_tall,31,qpFixed,1,0,10.0005,1720741,6963,0,0,0,0,inf,inf,0,0,0.00719746,0,28333,6961,0.245756,0,0,0,1,0,0,1720741,514924806,1539747
1,bookshelf_tall,31,qpPlain,1,0,10.0008,1716552,6949,0,0,0,0,inf,inf,0,0,0.00720125,0,28261,6947,0.245887,0,0,0,1,0,0,1716552,588777336,1716552
1,bookshelf_tall,31,qpAdaptive,1,0,10.0001,1598912,7915,0,0,0,0,inf,inf,0,0,0.00873586,0.118454,32631,7913,0.242561,0,0,0,0.87889,0.117949,0.00316064,1598912,481597860,1556037
1,bookshelf_tall,31,qpFreeGate,1,0,10,2467839,7373,0,0,0,0,inf,inf,0,0,0.00326118,0,54357,7371,0.13564,0,0,0,1,0,0,0,0,0
1,bookshelf_tall,31,qpEnvelope,1,0,10.0002,1519299,8470,0,0,0,0,inf,inf,0,0,0.0098412,0.0377279,35117,8468,0.241194,0,0,0,0.961267,0.0346837,0.00404885,1519299,457026529,1503950
1,bookshelf_tall,38,isSafe,1,0,10.0039,2,1,0,0,0,0,inf,inf,0,0,0,0,0,0,0,0,0,0,0,0,0,0,0,0
1,bookshelf_tall,38,qpFixed,1,0,10.0005,1712335,7041,0,0,0,0,inf,inf,0,0,0.00721941,0,28303,7039,0.248772,0,0,0,1,0,0,1712335,512562407,1536805
1,bookshelf_tall,38,qpPlain,1,0,10.0002,1756803,7209,0,0,0,0,inf,inf,0,0,0.00719656,0,29057,7207,0.248099,0,0,0,1,0,0,1756803,602583429,1756803
1,bookshelf_tall,38,qpAdaptive,1,0,10.0006,1557508,7793,0,0,0,0,inf,inf,0,0,0.00876244,0.119964,31699,7791,0.245844,0,0,0,0.877326,0.119502,0.00317173,1557508,469974573,1515537
1,bookshelf_tall,38,qpFreeGate,1,0,10.0001,2459254,7348,0,0,0,0,inf,inf,0,0,0.00325826,0,52961,7346,0.138744,0,0,0,1,0,0,0,0,0
1,bookshelf_tall,38,qpEnvelope,1,0,10.0005,1537224,8651,0,0,0,0,inf,inf,0,0,0.00982724,0.0372242,35625,8649,0.242835,0,0,0,0.961811,0.0341908,0.00399865,1537224,462821612,1521798
1,bookshelf_tall,45,isSafe,1,0,10.01,2,1,0,0,0,0,inf,inf,0,0,0,0,0,0,0,0,0,0,0,0,0,0,0,0
1,bookshelf_tall,45,qpFixed,1,0,10.0011,1745925,7434,0,0,0,0,inf,inf,0,0,0.00738818,0,28993,7432,0.256407,0,0,0,1,0,0,1745925,521763687,1533400
1,bookshelf_tall,45,qpPlain,1,0,10.0005,1743818,7429,0,0,0,0,inf,inf,0,0,0.00739086,0,28961,7427,0.256517,0,0,0,1,0,0,1743818,598129574,1743818
1,bookshelf_tall,45,qpAdaptive,1,0,10.0007,1598583,8373,0,0,0,0,inf,inf,0,0,0.00901934,0.108116,33029,8371,0.253504,0,0,0,0.889374,0.107321,0.0033056,1598583,480894545,1550839
1,bookshelf_tall,45,qpFreeGate,1,0,10.0003,2348561,7717,0,0,0,0,inf,inf,0,0,0.00355294,0,51105,7715,0.151003,0,0,0,1,0,0,0,0,0
1,bookshelf_tall,45,qpEnvelope,1,0,10.0011,1568293,9018,0,0,0,0,inf,inf,0,0,0.00990638,0.023217,35887,9016,0.251289,0,0,0,0.976156,0.0199561,0.0038882,1568293,471158976,1551554
1,bookshelf_tall,52,isSafe,1,1,0.0626473,35899,191,10.1278,7,508,0,0.00334816,0.00249477,0,0,0,0,1556,187,0.122751,0,0,0,0,0,0,0,0,0
1,bookshelf_tall,52,qpFixed,1,1,0.0134586,2322,28,16.911,1368,1368,0,0.000255122,0.00249477,0,0,0.0108012,0,7,6,4,0,0,0,1,0,0,2322,708904,1883
1,bookshelf_tall,52,qpPlain,1,1,0.0129294,2322,28,16.911,1368,1368,0,0.000255122,0.00249477,0,0,0.0108012,0,7,6,4,0,0,0,1,0,0,2322,796446,2322
1,bookshelf_tall,52,qpAdaptive,1,1,0.0140057,2194,40,14.8628,1062,1062,0,0.000255122,0.00249477,0,0,0.0185809,0.335916,12,11,3.33333,0,0,0,0.65588,0.328168,0.0159526,2194,657586,2003
1,bookshelf_tall,52,qpFreeGate,1,1,0.118055,29306,67,18.7444,1645,1645,0,0.00370019,0.00249477,0,0,0.00380488,0,243,61,0.27572,0,0,0,1,0,0,0,0,0
1,bookshelf_tall,52,qpEnvelope,1,1,0.0140128,2054,53,13.5102,929,929,0,0.000255122,0.00249477,0,0,0.0296277,0.238072,20,18,2.65,0,0,0,0.757546,0.216164,0.0262902,2054,593671,1793
1,bookshelf_tall,59,isSafe,1,0,10.0064,2,1,0,0,0,0,inf,inf,0,0,0,0,0,0,0,0,0,0,0,0,0,0,0,0
1,bookshelf_tall,59,qpFixed,1,0,10.0005,1714705,7305,0,0,0,0,inf,inf,0,0,0.0074582,0,28417,7303,0.257064,0,0,0,1,0,0,1714705,509912949,1503219
1,bookshelf_tall,59,qpPlain,1,0,10.0003,1734187,7388,0,0,0,0,inf,inf,0,0,0.0074489,0,28761,7386,0.256876,0,0,0,1,0,0,1734187,594826141,1734187
1,bookshelf_tall,59,qpAdaptive,1,0,10.0006,1610279,8468,0,0,0,0,inf,inf,0,0,0.00908073,0.102687,33215,8466,0.254945,0,0,0,0.894874,0.101779,0.0033472,1610279,482035357,1561865
1,bookshelf_tall,59,qpFreeGate,1,0,10.0001,2391625,7959,0,0,0,0,inf,inf,0,0,0.00360637,0,52331,7957,0.15209,0,0,0,1,0,0,0,0,0
1,bookshelf_tall,59,qpEnvelope,1,0,10.0002,1560228,9046,0,0,0,0,inf,inf,0,0,0.0099835,0.0205835,35677,9044,0.253553,0,0,0,0.978864,0.0172121,0.00392411,1560228,466329156,1543598
1,bookshelf_tall,66,isSafe,1,1,0.00844092,4717,25,17.3433,10,869,0,0.00336209,0.00249477,0,0,0,0,101,20,0.247525,0,0,0,0,0,0,0,0,0
1,bookshelf_tall,66,qpFixed,1,1,0.0289652,5009,38,18.5763,1584,1584,0,0.000145058,0.00249477,0,0,0.00927955,0,13,13,2.92308,0,0,0,1,0,0,5009,1492406,4088
1,bookshelf_tall,66,qpPlain,1,1,0.028601,5009,38,18.5763,1584,1584,0,0.000145058,0.00249477,0,0,0.00927955,0,13,13,2.92308,0,0,0,1,0,0,5009,1718087,5009
1,bookshelf_tall,66,qpAdaptive,1,1,0.0186608,2915,37,18.5964,1396,1396,0,0.000145058,0.00249477,0,0,0.0159373,0.325901,13,13,2.84615,0,0,0,0.672041,0.31801,0.00994854,2915,889384,2778
1,bookshelf_tall,66,qpFreeGate,1,1,0.0569707,14260,37,15.4269,1166,1166,0,0.00336209,0.00249477,0,0,0.00465981,0,101,32,0.366337,0,0,0,1,0,0,0,0,0
1,bookshelf_tall,66,qpEnvelope,1,1,0.0139528,2043,36,18.6416,1303,1303,0,0.000145058,0.00249477,0,0,0.0228194,0.229564,13,13,2.76923,0,0,0,0.768478,0.217327,0.0141948,2043,623672,1981
1,bookshelf_tall,74,isSafe,1,0,10.0064,2,1,0,0,0,0,inf,inf,0,0,0,0,0,0,0,0,0,0,0,0,0,0,0,0
1,bookshelf_tall,74,qpFixed,1,0,10.0009,1716852,3242,0,0,0,0,inf,inf,0,0,0.0054555,0,8269,3129,0.392067,0,0,0,1,0,0,1716852,520093339,1636425
1,bookshelf_tall,74,qpPlain,1,0,10.0005,1758470,3305,0,0,0,0,inf,inf,0,0,0.00544057,0,8487,3192,0.389419,0,0,0,1,0,0,1758470,603155210,1758470
1,bookshelf_tall,74,qpAdaptive,1,0,10.0005,1612304,3322,0,0,0,0,inf,inf,0,0,0.00596983,0.0524337,8551,3209,0.388493,0,0,0,0.947287,0.0517236,0.00098989,1612304,489720794,1594790
1,bookshelf_tall,74,qpFreeGate,1,0,10.0001,2387240,7634,0,0,0,0,inf,inf,0,0,0.00350312,0,51309,7632,0.148785,0,0,0,1,0,0,0,0,0
1,bookshelf_tall,74,qpEnvelope,1,0,10.0005,1589250,3479,0,0,0,0,inf,inf,0,0,0.00629349,0.00968948,8961,3357,0.388238,0,0,0,0.990246,0.00860469,0.0011496,1589250,483035264,1583350
1,bookshelf_tall,81,isSafe,1,0,10.0083,2,1,0,0,0,0,inf,inf,0,0,0,0,0,0,0,0,0,0,0,0,0,0,0,0
1,bookshelf_tall,81,qpFixed,1,0,10.0004,1747636,7334,0,0,0,0,inf,inf,0,0,0.00736721,0,28963,7332,0.25322,0,0,0,1,0,0,1747636,523068316,1544868
1,bookshelf_tall,81,qpPlain,1,0,10.0001,1768569,7422,0,0,0,0,inf,inf,0,0,0.00735757,0,29341,7420,0.252957,0,0,0,1,0,0,1768569,606619167,1768569
1,bookshelf_tall,81,qpAdaptive,1,0,10.0009,1610541,8287,0,0,0,0,inf,inf,0,0,0.00895723,0.10947,33121,8285,0.250204,0,0,0,0.887987,0.108782,0.00323077,1610541,485593583,1564917
1,bookshelf_tall,81,qpFreeGate,1,0,10.0001,2387721,7694,0,0,0,0,inf,inf,0,0,0.00347994,0,52369,7692,0.146919,0,0,0,1,0,0,0,0,0
1,bookshelf_tall,81,qpEnvelope,1,0,10.0002,1598903,9122,0,0,0,0,inf,inf,0,0,0.00989825,0.0246688,36829,9120,0.247685,0,0,0,0.974677,0.0214145,0.00390807,1598903,481588654,1582877
1,bookshelf_tall,88,isSafe,1,1,0.00141785,832,6,7.88448,5,396,0,0.004933,0.00249477,0,0,0,0,24,3,0.25,0,0,0,0,0,0,0,0,0
1,bookshelf_tall,88,qpFixed,1,1,0.0120244,2060,24,9.66665,741,741,0,0.00683967,0.00249477,0,0,0.010594,0,6,6,4,0,0,0,1,0,0,2060,526214,2019
1,bookshelf_tall,88,qpPlain,1,1,0.0123881,2060,24,9.66665,741,741,0,0.00683967,0.00249477,0,0,0.010594,0,6,6,4,0,0,0,1,0,0,2060,706580,2060
1,bookshelf_tall,88,qpAdaptive,1,1,0.00988484,1632,23,9.67239,685,685,0,0.00683843,0.00249477,0,0,0.0134459,0.308824,6,6,3.83333,0,0,0,0.6875,0.304534,0.00796569,1632,417728,1599
1,bookshelf_tall,88,qpFreeGate,1,1,0.00969149,2586,16,5.95801,581,581,0,0.000923478,0.00249477,0,0,0.00394374,0,19,3,0.842105,0,0,0,1,0,0,0,0,0
1,bookshelf_tall,88,qpEnvelope,1,1,0.00541851,771,22,9.78152,553,553,0,0.00613005,0.00249477,0,0,0.0264125,0.258106,6,6,3.66667,0,0,0,0.732815,0.242542,0.0246433,771,195143,760
1,bookshelf_tall,96,isSafe,1,1,0.0165016,9415,47,17.8051,10,892,0,0.00439468,0.00249477,0,0,0,0,230,44,0.204348,0,0,0,0,0,0,0,0,0
1,bookshelf_tall,96,qpFixed,1,1,0.0168075,3252,24,18.6723,1621,1621,0,0.000325758,0.00249477,0,0,0.00975157,0,7,7,3.42857,0,0,0,1,0,0,3252,821957,2487
1,bookshelf_tall,96,qpPlain,1,1,0.0178714,3252,24,18.6723,1621,1621,0,0.000325758,0.00249477,0,0,0.00975157,0,7,7,3.42857,0,0,0,1,0,0,3252,1115436,3252
1,bookshelf_tall,96,qpAdaptive,1,1,0.0105991,1845,25,18.6954,1353,1353,0,0.000311684,0.00249477,0,0,0.0171912,0.324119,7,7,3.57143,0,0,0,0.669919,0.319241,0.0108401,1845,482154,1708
1,bookshelf_tall,96,qpFreeGate,1,1,0.0311624,7632,28,19.0274,1529,1529,0,0.00518523,0.00249477,0,0,0.0057278,0,51,22,0.54902,0,0,0,1,0,0,0,0,0
1,bookshelf_tall,96,qpEnvelope,1,1,0.00768728,1189,24,18.7491,1179,1179,0,0.000307563,0.00249477,0,0,0.0267179,0.272498,7,7,3.42857,0,0,0,0.724979,0.2582,0.0168209,1189,307043,1147
1,bookshelf_thin,4,isSafe,1,0,10.0077,2,1,0,0,0,0,inf,inf,0,0,0,0,0,0,0,0,0,0,0,0,0,0,0,0
1,bookshelf_thin,4,qpFixed,1,0,10.0001,1772450,7630,0,0,0,0,inf,inf,0,0,0.00750391,0,29459,7628,0.259004,0,0,0,1,0,0,1772450,526425595,1534745
1,bookshelf_thin,4,qpPlain,1,0,10.0004,1758237,7563,0,0,0,0,inf,inf,0,0,0.00750404,0,29199,7561,0.259016,0,0,0,1,0,0,1758237,603075291,1758237
1,bookshelf_thin,4,qpAdaptive,1,0,10.0005,1600165,8531,0,0,0,0,inf,inf,0,0,0.00920894,0.0967107,33205,8529,0.256919,0,0,0,0.900968,0.0956708,0.00336121,1600165,478596123,1551049
1,bookshelf_thin,4,qpFreeGate,1,0,10.0002,2397121,8217,0,0,0,0,inf,inf,0,0,0.00369419,0,52615,8215,0.156172,0,0,0,1,0,0,0,0,0
1,bookshelf_thin,4,qpEnvelope,1,0,10.0007,1611275,9313,0,0,0,0,inf,inf,0,0,0.00997025,0.0154989,36667,9311,0.253989,0,0,0,0.984073,0.0120578,0.00386961,1611275,481416019,1594538
1,bookshelf_thin,11,isSafe,1,0,10.0077,2,1,0,0,0,0,inf,inf,0,0,0,0,0,0,0,0,0,0,0,0,0,0,0,0
1,bookshelf_thin,11,qpFixed,1,0,10.0015,1770063,3360,0,0,0,0,inf,inf,0,0,0.00541243,0,8348,3240,0.402492,0,0,0,1,0,0,1770063,533471106,1684147
1,bookshelf_thin,11,qpPlain,1,0,10.0004,1767559,3357,0,0,0,0,inf,inf,0,0,0.00541372,0,8335,3237,0.402759,0,0,0,1,0,0,1767559,606272737,1767559
1,bookshelf_thin,11,qpAdaptive,1,0,10.001,1619473,3372,0,0,0,0,inf,inf,0,0,0.0059402,0.0528413,8385,3252,0.402147,0,0,0,0.946902,0.052122,0.000976246,1619473,489240719,1600709
1,bookshelf_thin,11,qpFreeGate,1,0,10,2395705,8045,0,0,0,0,inf,inf,0,0,0.00366976,0,51517,8043,0.156162,0,0,0,1,0,0,0,0,0
1,bookshelf_thin,11,qpEnvelope,1,0,10.0012,1620421,3531,0,0,0,0,inf,inf,0,0,0.0062221,0.00619037,8821,3412,0.400295,0,0,0,0.993766,0.00516101,0.00107256,1620421,489233554,1614388
1,bookshelf_thin,18,isSafe,1,1,0.00797927,4446,23,17.2969,10,866,0,0.00109629,0.00249477,0,0,0,0,140,19,0.164286,0,0,0,0,0,0,0,0,0
1,bookshelf_thin,18,qpFixed,1,1,0.00833446,1462,22,11.4046,944,944,0,0.000655191,0.00249477,0,0,0.0110748,0,2,2,11,0,0,0,1,0,0,1462,415961,1384
1,bookshelf_thin,18,qpPlain,1,1,0.00834515,1462,22,11.4046,944,944,0,0.000655191,0.00249477,0,0,0.0110748,0,2,2,11,0,0,0,1,0,0,1462,501466,1462
1,bookshelf_thin,18,qpAdaptive,1,1,0.00671729,1102,22,11.4121,801,801,0,0.000656151,0.00249477,0,0,0.0146993,0.372051,2,2,11,0,0,0,0.622505,0.362976,0.0145191,1102,320173,1093
1,bookshelf_thin,18,qpFreeGate,1,1,0.0694909,18157,41,11.2143,1328,1328,0,0.00563796,0.00249477,0,0,0.00301983,0,140,28,0.292857,0,0,0,1,0,0,0,0,0
1,bookshelf_thin,18,qpEnvelope,1,1,0.00432863,618,22,11.4312,722,722,0,0.000644776,0.00249477,0,0,0.0262404,0.288026,2,2,11,0,0,0,0.705502,0.26699,0.0275081,618,184274,614
1,bookshelf_thin,25,isSafe,1,1,0.0372656,20453,97,16.3768,10,820,0,0.00563466,0.00249477,0,0,0,0,750,93,0.129333,0,0,0,0,0,0,0,0,0
1,bookshelf_thin,25,qpFixed,1,1,0.0152032,2728,20,12.9714,1011,1011,0,0.000762537,0.00249477,0,0,0.0098943,0,8,7,2.5,0,0,0,1,0,0,2728,701747,2300
1,bookshelf_thin,25,qpPlain,1,1,0.016001,2728,20,12.9714,1011,1011,0,0.000762537,0.00249477,0,0,0.0098943,0,8,7,2.5,0,0,0,1,0,0,2728,935704,2728
1,bookshelf_thin,25,qpAdaptive,1,1,0.0113047,1863,20,12.9955,820,820,0,0.000762537,0.00249477,0,0,0.0145062,0.147611,8,7,2.5,0,0,0,0.850242,0.143317,0.00644122,1863,489521,1792
1,bookshelf_thin,25,qpFreeGate,1,1,0.145314,37331,90,17.7823,1516,1516,0,0.00353974,0.00249477,0,0,0.00400251,0,351,80,0.25641,0,0,0,1,0,0,0,0,0
1,bookshelf_thin,25,qpEnvelope,1,1,0.00938922,1494,18,13.1105,777,777,0,0.000762537,0.00249477,0,0,0.0182216,0.0957162,8,7,2.25,0,0,0,0.903614,0.0876841,0.00870147,1494,382182,1464
1,bookshelf_thin,32,isSafe,1,0,10.0036,2,1,0,0,0,0,inf,inf,0,0,0,0,0,0,0,0,0,0,0,0,0,0,0,0
1,bookshelf_thin,32,qpFixed,1,1,0.010615,1944,17,12.735,861,861,0,0.00433562,0.00249477,0,0,0.0110724,0,6,5,2.83333,0,0,0,1,0,0,1944,488319,1465
1,bookshelf_thin,32,qpPlain,1,1,0.0112603,1944,17,12.735,861,861,0,0.00433562,0.00249477,0,0,0.0110724,0,6,5,2.83333,0,0,0,1,0,0,1944,666792,1944
1,bookshelf_thin,32,qpAdaptive,1,1,0.00725973,1246,17,12.736,779,779,0,0.00432597,0.00249477,0,0,0.0172876,0.182986,6,5,2.83333,0,0,0,0.815409,0.175762,0.00882825,1246,314882,1181
1,bookshelf_thin,32,qpFreeGate,1,0,10.0001,2394866,8223,0,0,0,0,inf,inf,0,0,0.0037299,0,52321,8221,0.157164,0,0,0,1,0,0,0,0,0
1,bookshelf_thin,32,qpEnvelope,1,1,0.005883,954,18,12.7403,735,735,0,0.0043155,0.00249477,0,0,0.022689,0.067086,6,5,3,0,0,0,0.927673,0.0587002,0.0136268,954,241090,930
1,bookshelf_thin,39,isSafe,1,1,0.0183651,10149,51,18.1711,11,910,0,0.0018002,0.00249477,0,0,0,0,294,47,0.173469,0,0,0,0,0,0,0,0,0
1,bookshelf_thin,39,qpFixed,1,1,0.00278687,557,6,7.21758,558,558,0,0.00217346,0.00249477,0,0,0.0129579,0,1,1,6,0,0,0,1,0,0,557,137219,259
1,bookshelf_thin,39,qpPlain,1,1,0.00294389,557,6,7.21758,558,558,0,0.00217346,0.00249477,0,0,0.0129579,0,1,1,6,0,0,0,1,0,0,557,191051,557
1,bookshelf_thin,39,qpAdaptive,1,1,0.00140903,266,6,7.22075,492,492,0,0.00217346,0.00249477,0,0,0.0271457,0.203008,1,1,6,0,0,0,0.796992,0.191729,0.0112782,266,67723,233
1,bookshelf_thin,39,qpFreeGate,1,1,0.0608692,15322,40,9.34567,873,873,0,0.00222457,0.00249477,0,0,0.00445805,0,122,36,0.327869,0,0,0,1,0,0,0,0,0
1,bookshelf_thin,39,qpEnvelope,1,1,0.00112318,185,6,7.21689,461,461,0,0.00199772,0.00249477,0,0,0.0390102,0.313514,1,1,6,0,0,0,0.686486,0.297297,0.0162162,185,47168,165
1,bookshelf_thin,46,isSafe,1,0,10,3568701,41350,0,0,0,0,inf,inf,0,0,0,0,334921,41348,0.123462,0,0,0,0,0,0,0,0,0
1,bookshelf_thin,46,qpFixed,1,0,10.0004,1759551,3297,0,0,0,0,inf,inf,0,0,0.00541223,0,8265,3172,0.398911,0,0,0,1,0,0,1759551,529983559,1667684
1,bookshelf_thin,46,qpPlain,1,0,10.001,1759073,3296,0,0,0,0,inf,inf,0,0,0.00541263,0,8263,3171,0.398887,0,0,0,1,0,0,1759073,603362039,1759073
1,bookshelf_thin,46,qpAdaptive,1,0,10.0008,1680186,3449,0,0,0,0,inf,inf,0,0,0.00594487,0.0536411,8724,3325,0.395346,0,0,0,0.946084,0.0528729,0.00104274,1680186,507898197,1660372
1,bookshelf_thin,46,qpFreeGate,1,0,10.0001,2536894,4324,0,0,0,0,inf,inf,0,0,0.00236448,0,23360,4319,0.185103,0,0,0,1,0,0,0,0,0
1,bookshelf_thin,46,qpEnvelope,1,0,10.0009,1609976,3435,0,0,0,0,inf,inf,0,0,0.00619639,0.00586655,8692,3309,0.395191,0,0,0,0.994095,0.00480444,0.00110064,1609976,486268757,1603959
1,bookshelf_thin,53,isSafe,1,0,10.0093,2,1,0,0,0,0,inf,inf,0,0,0,0,0,0,0,0,0,0,0,0,0,0,0,0
1,bookshelf_thin,53,qpFixed,1,1,0.006785,1267,12,11.4996,813,813,0,0.00195876,0.00249477,0,0,0.0127925,0,3,3,4,0,0,0,1,0,0,1267,339341,650
1,bookshelf_thin,53,qpPlain,1,1,0.00682413,1267,12,11.4996,813,813,0,0.00195876,0.00249477,0,0,0.0127925,0,3,3,4,0,0,0,1,0,0,1267,434581,1267
1,bookshelf_thin,53,qpAdaptive,1,1,0.00333197,591,12,11.4996,702,702,0,0.00195876,0.00249477,0,0,0.0274609,0.128596,3,3,4,0,0,0,0.869712,0.118443,0.0118443,591,161140,542
1,bookshelf_thin,53,qpFreeGate,1,0,10.0003,2404923,8151,0,0,0,0,inf,inf,0,0,0.00367936,0,52043,8149,0.15662,0,0,0,1,0,0,0,0,0
1,bookshelf_thin,53,qpEnvelope,1,1,0.00326429,542,12,11.4996,693,693,0,0.00194739,0.00249477,0,0,0.0299521,0.0627306,3,3,4,0,0,0,0.937269,0.0479705,0.0147601,542,146942,519
1,bookshelf_thin,60,isSafe,1,1,0.00567286,3285,18,8.93351,6,448,0,0.00174458,0.00249477,0,0,0,0,65,14,0.276923,0,0,0,0,0,0,0,0,0
1,bookshelf_thin,60,qpFixed,1,1,0.00737884,1414,10,7.84575,532,532,0,0.00165258,0.00249477,0,0,0.0106364,0,5,4,2,0,0,0,1,0,0,1414,369455,881
1,bookshelf_thin,60,qpPlain,1,1,0.00769945,1414,10,7.84575,532,532,0,0.00165258,0.00249477,0,0,0.0106364,0,5,4,2,0,0,0,1,0,0,1414,485002,1414
1,bookshelf_thin,60,qpAdaptive,1,1,0.00443955,771,10,7.84575,476,476,0,0.00165258,0.00249477,0,0,0.0195271,0.103761,5,4,2,0,0,0,0.896239,0.0946822,0.00907912,771,205662,721
1,bookshelf_thin,60,qpFreeGate,1,1,0.0765186,19554,52,11.0176,764,764,0,0.00665114,0.00249477,0,0,0.00460814,0,169,48,0.307692,0,0,0,1,0,0,0,0,0
1,bookshelf_thin,60,qpEnvelope,1,1,0.0041415,686,10,7.8452,466,466,0,0.00165258,0.00249477,0,0,0.0220389,0.0816327,5,4,2,0,0,0,0.918367,0.0714286,0.0102041,686,182215,665
1,bookshelf_thin,67,isSafe,1,1,0.194937,106375,537,23.0101,13,1152,0,0.00549887,0.00249477,0,0,0,0,4482,534,0.119813,0,0,0,0,0,0,0,0,0
1,bookshelf_thin,67,qpFixed,1,1,0.00238978,511,6,6.67563,512,512,0,0.00325687,0.00249477,0,0,0.0130639,0,1,1,6,0,0,0,1,0,0,511,130702,189
1,bookshelf_thin,67,qpPlain,1,1,0.00257719,511,6,6.67563,512,512,0,0.00325687,0.00249477,0,0,0.0130639,0,1,1,6,0,0,0,1,0,0,511,175273,511
1,bookshelf_thin,67,qpAdaptive,1,1,0.00107053,220,6,6.67624,431,431,0,0.00325083,0.00249477,0,0,0.0303466,0.140909,1,1,6,0,0,0,0.859091,0.127273,0.0136364,220,52310,185
1,bookshelf_thin,67,qpFreeGate,1,1,0.108121,28939,68,13.8187,1070,1070,0,0.00427062,0.00249477,0,0,0.00403321,0,227,57,0.299559,0,0,0,1,0,0,0,0,0
1,bookshelf_thin,67,qpEnvelope,1,1,0.000945552,174,6,6.67742,413,413,0,0.00311502,0.00249477,0,0,0.038376,0.132184,1,1,6,0,0,0,0.867816,0.114943,0.0172414,174,40920,157
1,bookshelf_thin,74,isSafe,1,1,0.021754,12200,59,18.3173,11,917,0,0.0048054,0.00249477,0,0,0,0,330,55,0.178788,0,0,0,0,0,0,0,0,0
1,bookshelf_thin,74,qpFixed,1,1,0.00193062,434,5,5.6153,435,435,0,0.00531972,0.00249477,0,0,0.0129385,0,1,1,5,0,0,0,1,0,0,434,97848,100
1,bookshelf_thin,74,qpPlain,1,1,0.00213935,434,5,5.6153,435,435,0,0.00531972,0.00249477,0,0,0.0129385,0,1,1,5,0,0,0,1,0,0,434,148862,434
1,bookshelf_thin,74,qpAdaptive,1,1,0.000663929,135,5,5.6153,327,327,0,0.00531972,0.00249477,0,0,0.0415948,0.207407,1,1,5,0,0,0,0.792593,0.185185,0.0222222,135,30316,100
1,bookshelf_thin,74,qpFreeGate,1,1,0.166455,43627,109,12.3239,1293,1293,0,0.00481892,0.00249477,0,0,0.00392675,0,398,104,0.273869,0,0,0,1,0,0,0,0,0
1,bookshelf_thin,74,qpEnvelope,1,1,0.000625177,116,5,5.6153,318,318,0,0.00531972,0.00249477,0,0,0.0484077,0.103448,1,1,5,0,0,0,0.896552,0.0775862,0.0258621,116,25544,100
1,bookshelf_thin,82,isSafe,1,1,0.0180018,10728,53,16.1535,10,809,0,0.00831549,0.00249477,0,0,0,0,241,49,0.219917,0,0,0,0,0,0,0,0,0
1,bookshelf_thin,82,qpFixed,1,1,0.00357214,762,7,8.24921,763,763,1,-4.10058e-06,0.00249477,0,0,0.0108257,0,1,1,7,0,0,0,1,0,0,762,203565,219
1,bookshelf_thin,82,qpPlain,1,1,0.00383109,762,7,8.24921,763,763,1,-4.10058e-06,0.00249477,0,0,0.0108257,0,1,1,7,0,0,0,1,0,0,762,261366,762
1,bookshelf_thin,82,qpAdaptive,1,1,0.00137241,252,7,8.2301,566,566,27,-0.0039925,0.00249477,0,0,0.0326591,0.27381,1,1,7,0,0,0,0.72619,0.257937,0.015873,252,75306,199
1,bookshelf_thin,82,qpFreeGate,1,1,0.0836158,21406,58,17.7379,1468,1468,0,0.00629094,0.00249477,0,0,0.00428701,0,184,54,0.315217,0,0,0,1,0,0,0,0,0
1,bookshelf_thin,82,qpEnvelope,1,1,0.000907537,141,7,8.25059,507,507,27,-0.000792759,0.00249477,0,0,0.0585148,0.312057,1,1,7,0,0,0,0.687943,0.283688,0.0283688,141,41933,116
1,bookshelf_thin,89,isSafe,1,1,0.00302536,1735,11,8.95684,6,449,0,0.00125821,0.00249477,0,0,0,0,18,7,0.611111,0,0,0,0,0,0,0,0,0
1,bookshelf_thin,89,qpFixed,1,1,0.00193786,395,6,5.78938,398,398,0,0.000563699,0.00249477,0,0,0.0146567,0,1,1,6,0,0,0,1,0,0,395,92217,135
1,bookshelf_thin,89,qpPlain,1,1,0.00210013,395,6,5.78938,398,398,0,0.000563699,0.00249477,0,0,0.0146567,0,1,1,6,0,0,0,1,0,0,395,135485,395
1,bookshelf_thin,89,qpAdaptive,1,1,0.000673102,127,6,5.78959,357,357,0,0.000563699,0.00249477,0,0,0.0455873,0.496063,1,1,6,0,0,0,0.503937,0.464567,0.0314961,127,31524,105
1,bookshelf_thin,89,qpFreeGate,1,1,0.0106635,2631,15,7.9225,573,573,0,0.00125821,0.00249477,0,0,0.00745984,0,18,9,0.833333,0,0,0,1,0,0,0,0,0
1,bookshelf_thin,89,qpEnvelope,1,1,0.00058684,94,6,5.79411,338,338,0,0.000563699,0.00249477,0,0,0.0616395,0.351064,1,1,6,0,0,0,0.638298,0.319149,0.0425532,94,23474,81
1,bookshelf_thin,96,isSafe,1,0,10.0078,2,1,0,0,0,0,inf,inf,0,0,0,0,0,0,0,0,0,0,0,0,0,0,0,0
1,bookshelf_thin,96,qpFixed,1,1,0.0035761,720,7,8.17391,721,721,0,0.00363055,0.00249477,0,0,0.0113527,0,1,1,7,0,0,0,1,0,0,720,181060,120
1,bookshelf_thin,96,qpPlain,1,1,0.00374946,720,7,8.17391,721,721,0,0.00363055,0.00249477,0,0,0.0113527,0,1,1,7,0,0,0,1,0,0,720,246960,720
1,bookshelf_thin,96,qpAdaptive,1,1,0.00094789,169,7,8.17391,496,496,0,0.00363055,0.00249477,0,0,0.0483663,0.236686,1,1,7,0,0,0,0.757396,0.213018,0.0295858,169,47453,120
1,bookshelf_thin,96,qpFreeGate,1,0,10,2422224,8209,0,0,0,0,inf,inf,0,0,0.00369144,0,52741,8207,0.155647,0,0,0,1,0,0,0,0,0
1,bookshelf_thin,96,qpEnvelope,1,1,0.000780019,124,7,8.18173,475,475,0,0.00363055,0.00249477,0,0,0.0659817,0.185484,1,1,7,0,0,0,0.814516,0.145161,0.0403226,124,34397,103
1,table_under_pick,3,isSafe,1,1,0.0048785,2739,16,10.6231,7,533,0,0.00225154,0.00249477,0,0,0,0,28,11,0.571429,0,0,0,0,0,0,0,0,0
1,table_under_pick,3,qpFixed,1,1,0.00423045,872,12,9.59219,644,644,0,0.00570498,0.00249477,0,0,0.014731,0,2,2,6,0,0,0,1,0,0,872,219236,431
1,table_under_pick,3,qpPlain,1,1,0.00430582,872,12,9.59219,644,644,0,0.00570498,0.00249477,0,0,0.014731,0,2,2,6,0,0,0,1,0,0,872,299096,872
1,table_under_pick,3,qpAdaptive,1,1,0.00133822,247,11,9.58833,580,580,0,0.00501422,0.00249477,0,0,0.0520915,0.898785,2,2,5.5,0,0,0,0.0890688,0.874494,0.0364372,247,69015,188
1,table_under_pick,3,qpFreeGate,1,1,0.0150088,3800,17,12.0461,1011,1011,0,0.0053479,0.00249477,0,0,0.00606465,0,20,10,0.85,0,0,0,1,0,0,0,0,0
1,table_under_pick,3,qpEnvelope,1,1,0.00081237,112,11,9.59743,525,525,0,0.00394508,0.00249477,0,0,0.115188,0.839286,2,2,5.5,0,0,0,0.142857,0.767857,0.0892857,112,31915,89
1,table_under_pick,10,isSafe,1,1,0.00489395,2779,16,10.2428,7,514,0,0.00444986,0.00249477,0,0,0,0,77,11,0.207792,0,0,0,0,0,0,0,0,0
1,table_under_pick,10,qpFixed,1,1,0.0476383,8933,54,26.4427,2330,2330,0,0.000114766,0.00249477,0,0,0.00947293,0,32,27,1.6875,0,0,0,1,0,0,8933,2232020,8430
1,table_under_pick,10,qpPlain,1,1,0.0502185,8933,54,26.4427,2330,2330,0,0.000114766,0.00249477,0,0,0.00947293,0,32,27,1.6875,0,0,0,1,0,0,8933,3064019,8933
1,table_under_pick,10,qpAdaptive,1,1,0.0415218,7340,56,26.4518,2145,2145,0,0.000113058,0.00249477,0,0,0.0115669,0.211172,32,27,1.75,0,0,0,0.787193,0.209809,0.00299728,7340,1869530,7087
1,table_under_pick,10,qpFreeGate,1,1,0.0458254,11834,30,18.1992,1737,1737,0,0.0044036,0.00249477,0,0,0.00382177,0,76,22,0.394737,0,0,0,1,0,0,0,0,0
1,table_under_pick,10,qpEnvelope,1,1,0.0323895,5293,55,26.5798,1927,1927,0,0.000113514,0.00249477,0,0,0.0161159,0.163423,32,27,1.71875,0,0,0,0.835254,0.159078,0.00566786,5293,1369396,5151
1,table_under_pick,17,isSafe,1,0,1.9421e-05,1,0,0,0,0,0,inf,inf,0,0,0,0,0,0,0,0,0,0,0,0,0,0,0,0
1,table_under_pick,17,qpFixed,1,0,10.0007,1730071,7418,0,0,0,0,inf,inf,0,0,0.00741308,0,28630,7416,0.259099,0,0,0,1,0,0,1730071,515917775,1518086
1,table_under_pick,17,qpPlain,1,0,10.001,1742838,7469,0,0,0,0,inf,inf,0,0,0.00740784,0,28850,7467,0.258891,0,0,0,1,0,0,1742838,597793434,1742838
1,table_under_pick,17,qpAdaptive,1,0,10.0005,1597645,8368,0,0,0,0,inf,inf,0,0,0.00903199,0.104388,32890,8366,0.254424,0,0,0,0.893179,0.103487,0.00333412,1597645,480090326,1548164
1,table_under_pick,17,qpFreeGate,1,0,10,2389705,7968,0,0,0,0,inf,inf,0,0,0.00358257,0,52390,7966,0.15209,0,0,0,1,0,0,0,0,0
1,table_under_pick,17,qpEnvelope,1,0,10.0006,1561513,8930,0,0,0,0,inf,inf,0,0,0.00988877,0.0200415,35410,8928,0.252189,0,0,0,0.979412,0.0167538,0.00383418,1561513,468882594,1542003
1,table_under_pick,24,isSafe,1,1,0.00411916,2193,13,14.966,9,750,0,0.0075833,0.00249477,0,0,0,0,48,9,0.270833,0,0,0,0,0,0,0,0,0
1,table_under_pick,24,qpFixed,1,1,0.0197073,3600,35,20.4642,1728,1728,0,0.000359958,0.00249477,0,0,0.00960234,0,12,12,2.91667,0,0,0,1,0,0,3600,918920,3291
1,table_under_pick,24,qpPlain,1,1,0.0200379,3600,35,20.4642,1728,1728,0,0.000359958,0.00249477,0,0,0.00960234,0,12,12,2.91667,0,0,0,1,0,0,3600,1234800,3600
1,table_under_pick,24,qpAdaptive,1,1,0.0140373,2496,34,20.4551,1592,1592,0,0.000254788,0.00249477,0,0,0.013904,0.333333,12,12,2.83333,0,0,0,0.663061,0.328526,0.00841346,2496,636533,2421
1,table_under_pick,24,qpFreeGate,1,1,0.0362077,8999,27,15.1136,1384,1384,0,0.0075833,0.00249477,0,0,0.00415383,0,61,19,0.442623,0,0,0,1,0,0,0,0,0
1,table_under_pick,24,qpEnvelope,1,1,0.0107698,1703,34,20.4345,1389,1389,0,0.000146338,0.00249477,0,0,0.0206529,0.307105,12,12,2.83333,0,0,0,0.688197,0.294774,0.0170288,1703,439113,1672
1,table_under_pick,31,isSafe,1,1,0.00665014,3490,19,19.7804,11,991,0,0.00694319,0.00249477,0,0,0,0,62,15,0.306452,0,0,0,0,0,0,0,0,0
1,table_under_pick,31,qpFixed,1,1,0.00766422,1541,12,11.572,968,968,0,0.000899308,0.00249477,0,0,0.0116782,0,3,3,4,0,0,0,1,0,0,1541,457694,937
1,table_under_pick,31,qpPlain,1,1,0.00767075,1541,12,11.572,968,968,0,0.000899308,0.00249477,0,0,0.0116782,0,3,3,4,0,0,0,1,0,0,1541,528563,1541
1,table_under_pick,31,qpAdaptive,1,1,0.00504879,964,12,11.5734,874,874,0,0.000899828,0.00249477,0,0,0.01867,0.279046,3,3,4,0,0,0,0.71888,0.273859,0.00726141,964,284483,787
1,table_under_pick,31,qpFreeGate,1,1,0.0248046,6343,17,13.4982,1080,1080,0,0.00556929,0.00249477,0,0,0.0041232,0,50,13,0.34,0,0,0,1,0,0,0,0,0
1,table_under_pick,31,qpEnvelope,1,1,0.00283793,486,10,10.3919,603,603,0,0.00182998,0.00249477,0,0,0.0295095,0.207819,2,2,5,0,0,0,0.792181,0.195473,0.0123457,486,143792,455
1,table_under_pick,38,isSafe,1,0,1.7601e-05,1,0,0,0,0,0,inf,inf,0,0,0,0,0,0,0,0,0,0,0,0,0,0,0,0
1,table_under_pick,38,qpFixed,1,0,10.0009,1743377,1786,0,0,0,0,inf,inf,0,0,0.00405102,0,22502,1784,0.0793707,0,0,0,1,0,0,1743377,530315760,1728630
1,table_under_pick,38,qpPlain,1,0,10.0003,1738983,1783,0,0,0,0,inf,inf,0,0,0.00405202,0,22440,1781,0.0794563,0,0,0,1,0,0,1738983,596471169,1738983
1,table_under_pick,38,qpAdaptive,1,0,10.0005,1604713,1731,0,0,0,0,inf,inf,0,0,0.00426975,0.0406876,21722,1729,0.0796888,0,0,0,0.95884,0.0407915,0.000368691,1604713,488469993,1598575
1,table_under_pick,38,qpFreeGate,1,0,10,2639640,1280,0,0,0,0,inf,inf,0,0,0.00102038,0,58688,1278,0.0218103,0,0,0,1,0,0,0,0,0
1,table_under_pick,38,qpEnvelope,1,0,10.0001,1609260,1791,0,0,0,0,inf,inf,0,0,0.00439067,0.00378683,22590,1789,0.0792829,0,0,0,0.996164,0.00343572,0.000400333,1609260,489503196,1607116
1,table_under_pick,45,isSafe,1,0,2.0112e-05,1,0,0,0,0,0,inf,inf,0,0,0,0,0,0,0,0,0,0,0,0,0,0,0,0
1,table_under_pick,45,qpFixed,1,0,10.0007,1753652,1761,0,0,0,0,inf,inf,0,0,0.00403196,0,22544,1759,0.0781139,0,0,0,1,0,0,1753652,533024433,1738915
1,table_under_pick,45,qpPlain,1,0,10.0013,1761822,1770,0,0,0,0,inf,inf,0,0,0.00403036,0,22652,1768,0.0781388,0,0,0,1,0,0,1761822,604304946,1761822
1,table_under_pick,45,qpAdaptive,1,0,10.0008,1607116,1722,0,0,0,0,inf,inf,0,0,0.00426787,0.0433509,21768,1720,0.0791069,0,0,0,0.956149,0.0434855,0.000365003,1607116,488944368,1600224
1,table_under_pick,45,qpFreeGate,1,0,10.0002,2620680,1251,0,0,0,0,inf,inf,0,0,0.000995812,0,59984,1249,0.0208556,0,0,0,1,0,0,0,0,0
1,table_under_pick,45,qpEnvelope,1,0,10.001,1606508,1756,0,0,0,0,inf,inf,0,0,0.00439021,0.003934,22396,1754,0.0784069,0,0,0,0.996014,0.00360201,0.000384047,1606508,488394103,1603774
1,table_under_pick,52,isSafe,1,0,1.8909e-05,1,0,0,0,0,0,inf,inf,0,0,0,0,0,0,0,0,0,0,0,0,0,0,0,0
1,table_under_pick,52,qpFixed,1,0,10.0003,1691420,1699,0,0,0,0,inf,inf,0,0,0.00404601,0,21636,1697,0.0785265,0,0,0,1,0,0,1691420,515741307,1678596
1,table_under_pick,52,qpPlain,1,0,10.0005,1750844,1748,0,0,0,0,inf,inf,0,0,0.00402896,0,22414,1746,0.077987,0,0,0,1,0,0,1750844,600539492,1750844
1,table_under_pick,52,qpAdaptive,1,0,10.0003,1614245,1702,0,0,0,0,inf,inf,0,0,0.00425177,0.0452032,21708,1700,0.0784043,0,0,0,0.954297,0.0453459,0.000357123,1614245,492148132,1608434
1,table_under_pick,52,qpFreeGate,1,0,10.0002,2631576,1199,0,0,0,0,inf,inf,0,0,0.00100657,0,59080,1197,0.0202945,0,0,0,1,0,0,0,0,0
1,table_under_pick,52,qpEnvelope,1,0,10.0003,1614801,1752,0,0,0,0,inf,inf,0,0,0.00438853,0.00372987,22596,1750,0.0775358,0,0,0,0.99622,0.00340065,0.00037896,1614801,491987197,1612632
1,table_under_pick,59,isSafe,1,1,0.00294029,1607,10,13.7098,8,687,0,0.0021036,0.00249477,0,0,0,0,20,6,0.5,0,0,0,0,0,0,0,0,0
1,table_under_pick,59,qpFixed,1,1,0.0194604,3598,24,15.1342,1324,1324,0,0.000355004,0.00249477,0,0,0.0100114,0,10,9,2.4,0,0,0,1,0,0,3598,858929,3388
1,table_under_pick,59,qpPlain,1,1,0.0209212,3598,24,15.1342,1324,1324,0,0.000355004,0.00249477,0,0,0.0100114,0,10,9,2.4,0,0,0,1,0,0,3598,1234114,3598
1,table_under_pick,59,qpAdaptive,1,1,0.0163347,2850,26,15.1905,1162,1162,0,0.000287658,0.00249477,0,0,0.0126785,0.221404,10,9,2.6,0,0,0,0.776491,0.219298,0.00421053,2850,689325,2772
1,table_under_pick,59,qpFreeGate,1,1,0.0361915,9038,30,19.9518,2088,2088,0,0.00435533,0.00249477,0,0,0.00392965,0,57,19,0.526316,0,0,0,1,0,0,0,0,0
1,table_under_pick,59,qpEnvelope,1,1,0.0122258,1998,28,15.2148,1050,1050,0,0.00034461,0.00249477,0,0,0.0181494,0.17968,10,9,2.8,0,0,0,0.816316,0.174675,0.00900901,1998,481768,1977
1,table_under_pick,67,isSafe,1,1,0.00202788,1096,8,10.7614,7,540,0,0.00521011,0.00249477,0,0,0,0,12,4,0.666667,0,0,0,0,0,0,0,0,0
1,table_under_pick,67,qpFixed,1,1,0.0110042,2001,16,15.5211,1250,1250,0,0.000702277,0.00249477,0,0,0.011282,0,5,5,3.2,0,0,0,1,0,0,2001,579861,1352
1,table_under_pick,67,qpPlain,1,1,0.010715,2001,16,15.5211,1250,1250,0,0.000702277,0.00249477,0,0,0.011282,0,5,5,3.2,0,0,0,1,0,0,2001,686343,2001
1,table_under_pick,67,qpAdaptive,1,1,0.00709213,1225,16,15.5215,1050,1050,0,0.000701289,0.00249477,0,0,0.018425,0.298776,5,5,3.2,0,0,0,0.700408,0.291429,0.00816327,1225,353589,1086
1,table_under_pick,67,qpFreeGate,1,1,0.0199255,5069,16,13.9255,1277,1277,0,0.00509049,0.00249477,0,0,0.00461548,0,30,11,0.533333,0,0,0,1,0,0,0,0,0
1,table_under_pick,67,qpEnvelope,1,1,0.00523439,826,16,15.5232,958,958,0,0.000693438,0.00249477,0,0,0.0273533,0.171913,5,5,3.2,0,0,0,0.825666,0.159806,0.0145278,826,239328,791
1,table_under_pick,74,isSafe,1,0,1.9389e-05,1,0,0,0,0,0,inf,inf,0,0,0,0,0,0,0,0,0,0,0,0,0,0,0,0
1,table_under_pick,74,qpFixed,1,0,10.0001,1732689,1755,0,0,0,0,inf,inf,0,0,0.00407517,0,22296,1753,0.0787137,0,0,0,1,0,0,1732689,528175964,1715499
1,table_under_pick,74,qpPlain,1,0,10.0001,1818420,1843,0,0,0,0,inf,inf,0,0,0.00405421,0,23450,1841,0.0785928,0,0,0,1,0,0,1818420,623718060,1818420
1,table_under_pick,74,qpAdaptive,1,0,10.0008,1622586,1733,0,0,0,0,inf,inf,0,0,0.00430144,0.0466675,22024,1731,0.0786869,0,0,0,0.952803,0.0467929,0.000403767,1622586,495002134,1614857
1,table_under_pick,74,qpFreeGate,1,0,10.0003,2628911,1266,0,0,0,0,inf,inf,0,0,0.00103064,0,60174,1264,0.021039,0,0,0,1,0,0,0,0,0
1,table_under_pick,74,qpEnvelope,1,0,10.0002,1608740,1779,0,0,0,0,inf,inf,0,0,0.00445709,0.00371844,22674,1777,0.0784599,0,0,0,0.996233,0.00334854,0.000418019,1608740,490509434,1606158
1,table_under_pick,81,isSafe,1,1,0.00587637,3153,17,17.5184,10,877,0,0.00680697,0.00249477,0,0,0,0,67,14,0.253731,0,0,0,0,0,0,0,0,0
1,table_under_pick,81,qpFixed,1,1,0.0262616,4963,34,25.2948,2181,2181,0,7.41266e-05,0.00249477,0,0,0.00979146,0,18,16,1.88889,0,0,0,1,0,0,4963,1338970,4234
1,table_under_pick,81,qpPlain,1,1,0.0268928,4963,34,25.2948,2181,2181,0,7.41266e-05,0.00249477,0,0,0.00979146,0,18,16,1.88889,0,0,0,1,0,0,4963,1702309,4963
1,table_under_pick,81,qpAdaptive,1,1,0.0203154,3553,34,25.3134,1954,1954,0,7.08987e-05,0.00249477,0,0,0.0137011,0.278638,18,16,1.88889,0,0,0,0.719111,0.276949,0.00394033,3553,943418,3293
1,table_under_pick,81,qpFreeGate,1,1,0.0587253,14897,44,12.1036,1283,1283,0,0.00516889,0.00249477,0,0,0.00385201,0,108,33,0.407407,0,0,0,1,0,0,0,0,0
1,table_under_pick,81,qpEnvelope,1,1,0.0151778,2427,34,25.3822,1783,1783,0,5.95622e-05,0.00249477,0,0,0.020181,0.166873,18,16,1.88889,0,0,0,0.831067,0.159456,0.00947672,2427,656578,2313
1,table_under_pick,88,isSafe,1,0,2.268e-05,1,0,0,0,0,0,inf,inf,0,0,0,0,0,0,0,0,0,0,0,0,0,0,0,0
1,table_under_pick,88,qpFixed,1,0,10.0002,1738113,7401,0,0,0,0,inf,inf,0,0,0.00741215,0,28754,7399,0.25739,0,0,0,1,0,0,1738113,516797725,1520408
1,table_under_pick,88,qpPlain,1,0,10.0005,1746309,7422,0,0,0,0,inf,inf,0,0,0.00740297,0,28878,7420,0.257012,0,0,0,1,0,0,1746309,598983987,1746309
1,table_under_pick,88,qpAdaptive,1,0,10.0001,1604687,8384,0,0,0,0,inf,inf,0,0,0.00903365,0.100064,33010,8382,0.253984,0,0,0,0.897591,0.0990955,0.00331371,1604687,480950673,1554514
1,table_under_pick,88,qpFreeGate,1,0,10.0003,2338830,7830,0,0,0,0,inf,inf,0,0,0.00361319,0,50866,7828,0.153934,0,0,0,1,0,0,0,0,0
1,table_under_pick,88,qpEnvelope,1,0,10.0006,1568288,8904,0,0,0,0,inf,inf,0,0,0.00985091,0.0189123,35440,8902,0.251242,0,0,0,0.980595,0.0155611,0.00384389,1568288,469496561,1549067
1,table_under_pick,95,isSafe,1,1,0.00340384,1640,10,7.63156,5,383,0,0.00259121,0.00249477,0,0,0,0,30,7,0.333333,0,0,0,0,0,0,0,0,0
1,table_under_pick,95,qpFixed,1,1,0.0258002,4576,32,22.5112,2013,2013,0,0.000258982,0.00249477,0,0,0.00987332,0,16,14,2,0,0,0,1,0,0,4576,1108014,4270
1,table_under_pick,95,qpPlain,1,1,0.0276514,4576,32,22.5112,2013,2013,0,0.000258982,0.00249477,0,0,0.00987332,0,16,14,2,0,0,0,1,0,0,4576,1569568,4576
1,table_under_pick,95,qpAdaptive,1,1,0.0238484,4014,35,22.5195,1922,1922,0,0.000200494,0.00249477,0,0,0.0119253,0.232935,16,15,2.1875,0,0,0,0.764823,0.231938,0.00323866,4014,975886,3680
1,table_under_pick,95,qpFreeGate,1,1,0.0155657,3950,13,10.3175,943,943,0,0.00653919,0.00249477,0,0,0.00391281,0,33,8,0.393939,0,0,0,1,0,0,0,0,0
1,table_under_pick,95,qpEnvelope,1,1,0.0187177,2941,35,22.4598,1735,1735,0,0.000169283,0.00249477,0,0,0.016605,0.181911,16,15,2.1875,0,0,0,0.816049,0.176811,0.00714043,2941,728414,2633
1,bookshelf_small,2,isSafe,1,0,10,3490101,40066,0,0,0,0,inf,inf,0,0,0,0,371865,40064,0.107743,0,0,0,0,0,0,0,0,0
1,bookshelf_small,2,qpFixed,1,0,10.0007,1731056,3243,0,0,0,0,inf,inf,0,0,0.00537428,0,8157,3127,0.397573,0,0,0,1,0,0,1731056,524550343,1656888
1,bookshelf_small,2,qpPlain,1,0,10.0006,1761393,3294,0,0,0,0,inf,inf,0,0,0.00536602,0,8307,3178,0.396533,0,0,0,1,0,0,1761393,604157799,1761393
1,bookshelf_small,2,qpAdaptive,1,0,10.0007,1606892,3314,0,0,0,0,inf,inf,0,0,0.00592373,0.0612723,8378,3199,0.39556,0,0,0,0.938418,0.060553,0.0010287,1606892,488632082,1588636
1,bookshelf_small,2,qpFreeGate,1,0,10.0004,2577443,4139,0,0,0,0,inf,inf,0,0,0.00221817,0,24019,4135,0.172322,0,0,0,1,0,0,0,0,0
1,bookshelf_small,2,qpEnvelope,1,0,10.0001,1612163,3487,0,0,0,0,inf,inf,0,0,0.00622469,0.010373,8912,3372,0.39127,0,0,0,0.989569,0.00930862,0.00112272,1612163,489857382,1605609
1,bookshelf_small,10,isSafe,1,0,10.0001,2,1,0,0,0,0,inf,inf,0,0,0,0,0,0,0,0,0,0,0,0,0,0,0,0
1,bookshelf_small,10,qpFixed,1,0,10.0003,1769751,7486,0,0,0,0,inf,inf,0,0,0.00740672,0,29247,7484,0.255958,0,0,0,1,0,0,1769751,529925370,1562776
1,bookshelf_small,10,qpPlain,1,0,10.0002,1757768,7434,0,0,0,0,inf,inf,0,0,0.00740942,0,29029,7432,0.256089,0,0,0,1,0,0,1757768,602914424,1757768
1,bookshelf_small,10,qpAdaptive,1,0,10.0003,1583737,8194,0,0,0,0,inf,inf,0,0,0.00899365,0.100606,32253,8192,0.254054,0,0,0,0.897086,0.0997255,0.00318838,1583737,477583894,1539239
1,bookshelf_small,10,qpFreeGate,1,0,10.0001,2421571,7644,0,0,0,0,inf,inf,0,0,0.00345763,0,52301,7642,0.146154,0,0,0,1,0,0,0,0,0
1,bookshelf_small,10,qpEnvelope,1,0,10,1569525,8854,0,0,0,0,inf,inf,0,0,0.00983407,0.0214205,35293,8852,0.250871,0,0,0,0.97799,0.0182486,0.00376145,1569525,472427886,1553133
1,bookshelf_small,17,isSafe,1,1,0.0039315,2088,12,10.6945,7,536,0,0.00716594,0.00249477,0,0,0,0,28,8,0.428571,0,0,0,0,0,0,0,0,0
1,bookshelf_small,17,qpFixed,1,1,0.00218016,451,6,6.03022,452,452,0,0.00595586,0.00249477,0,0,0.0133708,0,1,1,6,0,0,0,1,0,0,451,119476,177
1,bookshelf_small,17,qpPlain,1,1,0.00213826,451,6,6.03022,452,452,0,0.00595586,0.00249477,0,0,0.0133708,0,1,1,6,0,0,0,1,0,0,451,154693,451
1,bookshelf_small,17,qpAdaptive,1,1,0.00106955,227,6,6.03329,402,402,0,0.00594823,0.00249477,0,0,0.0265784,0.792952,1,1,6,0,0,0,0.207048,0.77533,0.0176211,227,63908,78
1,bookshelf_small,17,qpFreeGate,1,1,0.0153886,3745,15,9.98465,1012,1012,0,0.00433166,0.00249477,0,0,0.00462063,0,24,9,0.625,0,0,0,1,0,0,0,0,0
1,bookshelf_small,17,qpEnvelope,1,1,0.000525977,74,6,6.03449,340,340,0,0.00596208,0.00249477,0,0,0.0815472,0.675676,1,1,6,0,0,0,0.297297,0.648649,0.0540541,74,21794,41
1,bookshelf_small,25,isSafe,1,1,0.00627593,3583,19,18.8689,11,945,0,0.00577971,0.00249477,0,0,0,0,117,15,0.162393,0,0,0,0,0,0,0,0,0
1,bookshelf_small,25,qpFixed,1,1,0.0312358,5564,35,14.1539,1266,1266,0,0.000737393,0.00249477,0,0,0.00911809,0,17,15,2.05882,0,0,0,1,0,0,5564,1592642,4848
1,bookshelf_small,25,qpPlain,1,1,0.0317877,5564,35,14.1539,1266,1266,0,0.000737393,0.00249477,0,0,0.00911809,0,17,15,2.05882,0,0,0,1,0,0,5564,1908452,5564
1,bookshelf_small,25,qpAdaptive,1,1,0.0254245,4192,36,14.1669,1168,1168,0,0.000736081,0.00249477,0,0,0.0121118,0.203244,17,15,2.11765,0,0,0,0.79437,0.199189,0.00644084,4192,1184940,3968
1,bookshelf_small,25,qpFreeGate,1,1,0.0192823,4536,18,15.9191,1263,1263,0,0.00311432,0.00249477,0,0,0.00648099,0,25,11,0.72,0,0,0,1,0,0,0,0,0
1,bookshelf_small,25,qpEnvelope,1,1,0.0204975,3195,36,14.1599,1027,1027,0,0.000747648,0.00249477,0,0,0.0161015,0.155556,17,15,2.11765,0,0,0,0.842254,0.14867,0.00907668,3195,914183,3071
1,bookshelf_small,33,isSafe,1,0,10.0029,2,1,0,0,0,0,inf,inf,0,0,0,0,0,0,0,0,0,0,0,0,0,0,0,0
1,bookshelf_small,33,qpFixed,1,0,10.0008,1771228,7514,0,0,0,0,inf,inf,0,0,0.0073673,0,29379,7512,0.255761,0,0,0,1,0,0,1771228,528693590,1580325
1,bookshelf_small,33,qpPlain,1,0,10.0005,1718045,7292,0,0,0,0,inf,inf,0,0,0.00738729,0,28447,7290,0.256336,0,0,0,1,0,0,1718045,589289435,1718045
1,bookshelf_small,33,qpAdaptive,1,0,10.0006,1613592,8341,0,0,0,0,inf,inf,0,0,0.00893113,0.106405,33013,8339,0.252658,0,0,0,0.891054,0.105723,0.0032233,1613592,485176805,1569285
1,bookshelf_small,33,qpFreeGate,1,0,10.0002,2385900,7399,0,0,0,0,inf,inf,0,0,0.00337339,0,51855,7397,0.142686,0,0,0,1,0,0,0,0,0
1,bookshelf_small,33,qpEnvelope,1,0,10.0004,1574098,8962,0,0,0,0,inf,inf,0,0,0.00983383,0.0270618,35695,8960,0.251072,0,0,0,0.97221,0.0239535,0.00383639,1574098,472187466,1557981
1,bookshelf_small,40,isSafe,1,0,10.0089,2,1,0,0,0,0,inf,inf,0,0,0,0,0,0,0,0,0,0,0,0,0,0,0,0
1,bookshelf_small,40,qpFixed,1,0,10.0001,1721293,7423,0,0,0,0,inf,inf,0,0,0.00745928,0,28453,7421,0.260886,0,0,0,1,0,0,1721293,511993729,1518989
1,bookshelf_small,40,qpPlain,1,0,10.0001,1804596,7745,0,0,0,0,inf,inf,0,0,0.00741484,0,29901,7743,0.259021,0,0,0,1,0,0,1804596,618976428,1804596
1,bookshelf_small,40,qpAdaptive,1,0,10.0011,1591383,8394,0,0,0,0,inf,inf,0,0,0.00908444,0.108697,32723,8392,0.256517,0,0,0,0.888771,0.107946,0.00328285,1591383,475759957,1542479
1,bookshelf_small,40,qpFreeGate,1,0,10,2396500,7677,0,0,0,0,inf,inf,0,0,0.00347989,0,52007,7675,0.147615,0,0,0,1,0,0,0,0,0
1,bookshelf_small,40,qpEnvelope,1,0,10.0004,1576154,9177,0,0,0,0,inf,inf,0,0,0.00999122,0.0224217,36149,9175,0.253866,0,0,0,0.976964,0.0191452,0.00389114,1576154,470210507,1558227
1,bookshelf_small,47,isSafe,1,1,0.00498444,2835,16,15.7742,9,790,0,0.00199296,0.00249477,0,0,0,0,53,11,0.301887,0,0,0,0,0,0,0,0,0
1,bookshelf_small,47,qpFixed,1,1,0.00545167,1038,17,10.0661,786,786,0,0.00198138,0.00249477,0,0,0.0132876,0,2,2,8.5,0,0,0,1,0,0,1038,250324,710
1,bookshelf_small,47,qpPlain,1,1,0.00561917,1038,17,10.0661,786,786,0,0.00198138,0.00249477,0,0,0.0132876,0,2,2,8.5,0,0,0,1,0,0,1038,356034,1038
1,bookshelf_small,47,qpAdaptive,1,1,0.00321472,610,16,10.1182,683,683,0,0.00198172,0.00249477,0,0,0.0226968,0.388525,2,2,8,0,0,0,0.606557,0.372131,0.0213115,610,152651,512
1,bookshelf_small,47,qpFreeGate,1,1,0.0518365,12984,35,17.477,1606,1606,0,0.00199296,0.00249477,0,0,0.00401191,0,88,26,0.397727,0,0,0,1,0,0,0,0,0
1,bookshelf_small,47,qpEnvelope,1,1,0.00178483,270,13,10.1463,615,615,0,0.00198202,0.00249477,0,0,0.0514069,0.577778,2,2,6.5,0,0,0,0.418519,0.537037,0.0444444,270,68687,237
1,bookshelf_small,54,isSafe,1,1,0.00492886,2757,15,9.25369,6,464,0,0.00513104,0.00249477,0,0,0,0,88,11,0.170455,0,0,0,0,0,0,0,0,0
1,bookshelf_small,54,qpFixed,1,1,0.00376656,708,7,8.13727,709,709,0,0.00106169,0.00249477,0,0,0.0114933,0,1,1,7,0,0,0,1,0,0,708,200254,319
1,bookshelf_small,54,qpPlain,1,1,0.00362816,708,7,8.13727,709,709,0,0.00106169,0.00249477,0,0,0.0114933,0,1,1,7,0,0,0,1,0,0,708,242844,708
1,bookshelf_small,54,qpAdaptive,1,1,0.00221568,398,7,8.13727,595,595,0,0.00106169,0.00249477,0,0,0.0204454,0.130653,1,1,7,0,0,0,0.869347,0.123116,0.00753769,398,111735,319
1,bookshelf_small,54,qpFreeGate,1,1,0.0485019,12121,46,10.8977,916,916,0,0.00513104,0.00249477,0,0,0.00443872,0,88,27,0.522727,0,0,0,1,0,0,0,0,0
1,bookshelf_small,54,qpEnvelope,1,1,0.00208403,347,7,8.13735,575,575,0,0.00105346,0.00249477,0,0,0.0234506,0.0634006,1,1,7,0,0,0,0.936599,0.054755,0.00864553,347,96930,312
1,bookshelf_small,61,isSafe,1,1,0.00185857,1136,8,8.82531,6,443,0,0.00709488,0.00249477,0,0,0,0,6,4,1.33333,0,0,0,0,0,0,0,0,0
1,bookshelf_small,61,qpFixed,1,1,0.00192489,466,5,5.90586,467,467,0,0.0073885,0.00249477,0,0,0.0126735,0,1,1,5,0,0,0,1,0,0,466,110990,110
1,bookshelf_small,61,qpPlain,1,1,0.00204827,466,5,5.90586,467,467,0,0.0073885,0.00249477,0,0,0.0126735,0,1,1,5,0,0,0,1,0,0,466,159838,466
1,bookshelf_small,61,qpAdaptive,1,1,0.000500105,109,5,5.90583,346,346,0,0.0073885,0.00249477,0,0,0.0541819,0.788991,1,1,5,0,0,0,0.211009,0.761468,0.0275229,109,26703,65
1,bookshelf_small,61,qpFreeGate,1,1,0.00430956,1092,8,7.18529,682,682,0,0.00579882,0.00249477,0,0,0.00879628,0,4,3,2,0,0,0,1,0,0,0,0,0
1,bookshelf_small,61,qpEnvelope,1,1,0.000310782,40,5,5.90437,316,316,0,0.0073885,0.00249477,0,0,0.147609,0.925,1,1,5,0,0,0,0.075,0.85,0.075,40,10107,21
1,bookshelf_small,68,isSafe,1,0,10.0071,2,1,0,0,0,0,inf,inf,0,0,0,0,0,0,0,0,0,0,0,0,0,0,0,0
1,bookshelf_small,68,qpFixed,1,0,10.0012,1753617,3319,0,0,0,0,inf,inf,0,0,0.00543441,0,8211,3187,0.404214,0,0,0,1,0,0,1753617,529490140,1674191
1,bookshelf_small,68,qpPlain,1,0,10,1770399,3347,0,0,0,0,inf,inf,0,0,0.00543011,0,8297,3215,0.403399,0,0,0,1,0,0,1770399,607246857,1770399
1,bookshelf_small,68,qpAdaptive,1,0,10.0002,1661164,3445,0,0,0,0,inf,inf,0,0,0.0059791,0.0586342,8642,3313,0.398635,0,0,0,0.941065,0.0579168,0.00101857,1661164,502719521,1641737
1,bookshelf_small,68,qpFreeGate,1,0,10.0001,2382119,7866,0,0,0,0,inf,inf,0,0,0.00357267,0,51671,7864,0.152232,0,0,0,1,0,0,0,0,0
1,bookshelf_small,68,qpEnvelope,1,0,10.0005,1653471,3565,0,0,0,0,inf,inf,0,0,0.00624641,0.00779935,9075,3431,0.392837,0,0,0,0.992147,0.00677182,0.00108076,1653471,500213820,1646391
1,bookshelf_small,75,isSafe,1,1,0.00347499,1932,12,12.6001,8,632,0,0.008202,0.00249477,0,0,0,0,20,7,0.6,0,0,0,0,0,0,0,0,0
1,bookshelf_small,75,qpFixed,1,1,0.00709466,1269,11,15.1787,1148,1148,0,0.000702277,0.00249477,0,0,0.0125991,0,3,3,3.66667,0,0,0,1,0,0,1269,327393,1100
1,bookshelf_small,75,qpPlain,1,1,0.00735207,1269,11,15.1787,1148,1148,0,0.000702277,0.00249477,0,0,0.0125991,0,3,3,3.66667,0,0,0,1,0,0,1269,435267,1269
1,bookshelf_small,75,qpAdaptive,1,1,0.00615014,1020,11,15.1835,1065,1065,0,0.000713531,0.00249477,0,0,0.0156808,0.138235,3,3,3.66667,0,0,0,0.861765,0.134314,0.00392157,1020,265070,978
1,bookshelf_small,75,qpFreeGate,1,1,0.0147479,3598,22,13.4926,1309,1309,0,0.00110049,0.00249477,0,0,0.00573346,0,20,9,1.1,0,0,0,1,0,0,0,0,0
1,bookshelf_small,75,qpEnvelope,1,1,0.00472821,744,11,15.2018,985,985,0,0.000694893,0.00249477,0,0,0.0215206,0.119624,3,3,3.66667,0,0,0,0.880376,0.112903,0.00672043,744,192088,728
1,bookshelf_small,82,isSafe,1,0,10.0061,2,1,0,0,0,0,inf,inf,0,0,0,0,0,0,0,0,0,0,0,0,0,0,0,0
1,bookshelf_small,82,qpFixed,1,0,10.0007,1756688,3293,0,0,0,0,inf,inf,0,0,0.00541178,0,8218,3177,0.400706,0,0,0,1,0,0,1756688,529901172,1681440
1,bookshelf_small,82,qpPlain,1,0,10.0012,1779949,3334,0,0,0,0,inf,inf,0,0,0.00540391,0,8333,3218,0.400096,0,0,0,1,0,0,1779949,610522507,1779949
1,bookshelf_small,82,qpAdaptive,1,0,10.0011,1676414,3445,0,0,0,0,inf,inf,0,0,0.00593694,0.0564127,8691,3328,0.396387,0,0,0,0.943296,0.055719,0.000985437,1676414,507194092,1657785
1,bookshelf_small,82,qpFreeGate,1,0,10.0003,2388440,7591,0,0,0,0,inf,inf,0,0,0.00342211,0,51939,7589,0.146152,0,0,0,1,0,0,0,0,0
1,bookshelf_small,82,qpEnvelope,1,0,10.0003,1666791,3566,0,0,0,0,inf,inf,0,0,0.00619833,0.00841497,9057,3449,0.393729,0,0,0,0.99153,0.00742206,0.00104752,1666791,503766149,1660582
1,bookshelf_small,90,isSafe,1,0,10.0095,2,1,0,0,0,0,inf,inf,0,0,0,0,0,0,0,0,0,0,0,0,0,0,0,0
1,bookshelf_small,90,qpFixed,1,0,10.0005,1729732,3212,0,0,0,0,inf,inf,0,0,0.00532749,0,8185,3100,0.392425,0,0,0,1,0,0,1729732,523909240,1660592
1,bookshelf_small,90,qpPlain,1,0,10.0014,1762160,3269,0,0,0,0,inf,inf,0,0,0.00531421,0,8349,3157,0.391544,0,0,0,1,0,0,1762160,604420880,1762160
1,bookshelf_small,90,qpAdaptive,1,0,10.0019,1635083,3311,0,0,0,0,inf,inf,0,0,0.00580096,0.0554229,8461,3203,0.391325,0,0,0,0.944308,0.0547631,0.000929007,1635083,497014310,1617462
1,bookshelf_small,90,qpFreeGate,1,0,10.0001,2377907,7223,0,0,0,0,inf,inf,0,0,0.00328007,0,52257,7221,0.138221,0,0,0,1,0,0,0,0,0
1,bookshelf_small,90,qpEnvelope,1,0,10.0002,1606913,3424,0,0,0,0,inf,inf,0,0,0.00611641,0.0118164,8841,3316,0.387287,0,0,0,0.988106,0.0108139,0.00107971,1606913,489095756,1600653
1,bookshelf_small,97,isSafe,1,0,10.0006,2,1,0,0,0,0,inf,inf,0,0,0,0,0,0,0,0,0,0,0,0,0,0,0,0
1,bookshelf_small,97,qpFixed,1,0,10.0001,1773041,7405,0,0,0,0,inf,inf,0,0,0.00738186,0,29273,7403,0.252963,0,0,0,1,0,0,1773041,528585249,1573009
1,bookshelf_small,97,qpPlain,1,0,10.0002,1747458,7292,0,0,0,0,inf,inf,0,0,0.00739274,0,28815,7290,0.253063,0,0,0,1,0,0,1747458,599378094,1747458
1,bookshelf_small,97,qpAdaptive,1,0,10.0007,1605630,8200,0,0,0,0,inf,inf,0,0,0.00896637,0.110607,32707,8198,0.250711,0,0,0,0.886828,0.109997,0.00317442,1605630,481149832,1555014
1,bookshelf_small,97,qpFreeGate,1,0,10.0001,2397420,7541,0,0,0,0,inf,inf,0,0,0.00342808,0,52027,7539,0.144944,0,0,0,1,0,0,0,0,0
1,bookshelf_small,97,qpEnvelope,1,0,10.0004,1577754,8886,0,0,0,0,inf,inf,0,0,0.0099013,0.0208594,35891,8884,0.247583,0,0,0,0.978576,0.0176495,0.00377452,1577754,472749363,1560076
1,box,4,isSafe,1,1,0.00632876,3665,21,14.0129,9,702,0,0.00987155,0.00249477,0,0,0,0,57,16,0.368421,0,0,0,0,0,0,0,0,0
1,box,4,qpFixed,1,1,0.002502,489,7,6.40783,490,490,0,0.00117531,0.00249477,0,0,0.013104,0,1,1,7,0,0,0,1,0,0,489,133490,257
1,box,4,qpPlain,1,1,0.00251907,489,7,6.40783,490,490,0,0.00117531,0.00249477,0,0,0.013104,0,1,1,7,0,0,0,1,0,0,489,167727,489
1,box,4,qpAdaptive,1,1,0.00122184,216,7,6.41033,432,432,0,0.00114813,0.00249477,0,0,0.0296775,0.375,1,1,7,0,0,0,0.62037,0.361111,0.0185185,216,62780,189
1,box,4,qpFreeGate,1,1,0.0295283,7305,25,10.5056,922,922,0,0.0166626,0.00249477,0,0,0.00467536,0,47,18,0.531915,0,0,0,1,0,0,0,0,0
1,box,4,qpEnvelope,1,1,0.00701632,961,30,12.5041,687,687,0,0.00599257,0.00249477,0,0,0.0379692,0.477627,10,10,3,0,0,0,0.516129,0.453694,0.0301769,961,251850,879
1,box,11,isSafe,1,1,0.00388024,2053,12,13.8585,8,694,0,0.0138283,0.00249477,0,0,0,0,28,9,0.428571,0,0,0,0,0,0,0,0,0
1,box,11,qpFixed,1,1,0.0171949,3068,28,11.343,902,902,0,0.0270652,0.00249477,0,0,0.0111132,0,10,10,2.8,0,0,0,1,0,0,3068,811219,2537
1,box,11,qpPlain,1,1,0.0173584,3068,28,11.343,902,902,0,0.0270652,0.00249477,0,0,0.0111132,0,10,10,2.8,0,0,0,1,0,0,3068,1052324,3068
1,box,11,qpAdaptive,1,1,0.0114201,1931,29,11.3391,753,753,0,0.0270191,0.00249477,0,0,0.0176715,0.396168,10,10,2.9,0,0,0,0.600207,0.390471,0.0093216,1931,522303,1738
1,box,11,qpFreeGate,1,1,0.0502732,12282,40,11.7243,1223,1223,0,0.00817025,0.00249477,0,0,0.00450141,0,71,32,0.56338,0,0,0,1,0,0,0,0,0
1,box,11,qpEnvelope,1,1,0.00805298,1218,27,11.3396,648,648,0,0.0267699,0.00249477,0,0,0.028157,0.192118,10,10,2.7,0,0,0,0.805419,0.17734,0.0172414,1218,331814,1166
1,box,18,isSafe,1,1,0.0034039,1860,11,11.8442,7,594,0,0.0102734,0.00249477,0,0,0,0,16,8,0.6875,0,0,0,0,0,0,0,0,0
1,box,18,qpFixed,1,1,0.00277184,529,6,6.46308,530,530,0,0.00116816,0.00249477,0,0,0.0122175,0,1,1,6,0,0,0,1,0,0,529,147939,271
1,box,18,qpPlain,1,1,0.0025774,529,6,6.46308,530,530,0,0.00116816,0.00249477,0,0,0.0122175,0,1,1,6,0,0,0,1,0,0,529,181447,529
1,box,18,qpAdaptive,1,1,0.00158321,293,6,6.46374,446,446,0,0.00116975,0.00249477,0,0,0.0220605,0.177474,1,1,6,0,0,0,0.819113,0.170648,0.0102389,293,84733,266
1,box,18,qpFreeGate,1,1,0.0118874,2998,14,7.0539,738,738,0,0.013462,0.00249477,0,0,0.00636773,0,16,9,0.875,0,0,0,1,0,0,0,0,0
1,box,18,qpEnvelope,1,1,0.00113845,180,6,6.46767,398,398,0,0.00112088,0.00249477,0,0,0.0359315,0.305556,1,1,6,0,0,0,0.694444,0.283333,0.0222222,180,52679,164
1,box,25,isSafe,1,1,0.00624746,3473,19,10.9592,7,549,0,0.00470429,0.00249477,0,0,0,0,83,15,0.228916,0,0,0,0,0,0,0,0,0
1,box,25,qpFixed,1,1,0.00285497,604,6,6.91296,605,605,0,0.00127719,0.00249477,0,0,0.0114453,0,1,1,6,0,0,0,1,0,0,604,141710,259
1,box,25,qpPlain,1,1,0.00309548,604,6,6.91296,605,605,0,0.00127719,0.00249477,0,0,0.0114453,0,1,1,6,0,0,0,1,0,0,604,207172,604
1,box,25,qpAdaptive,1,1,0.000934387,181,6,6.91634,427,427,0,0.00120462,0.00249477,0,0,0.0382118,0.497238,1,1,6,0,0,0,0.497238,0.480663,0.0220994,181,45668,144
1,box,25,qpFreeGate,1,1,0.0402392,9938,33,15.5991,1392,1392,0,0.0215567,0.00249477,0,0,0.00489674,0,55,22,0.6,0,0,0,1,0,0,0,0,0
1,box,25,qpEnvelope,1,1,0.000667406,106,6,6.91734,392,392,0,0.00092748,0.00249477,0,0,0.0652579,0.377358,1,1,6,0,0,0,0.613208,0.349057,0.0377358,106,26970,83
1,box,32,isSafe,1,1,0.0105454,5856,30,5.93509,4,298,0,0.0270114,0.00249477,0,0,0,0,116,27,0.258621,0,0,0,0,0,0,0,0,0
1,box,32,qpFixed,1,1,0.0019177,404,6,5.34452,405,405,0,0.0203105,0.00249477,0,0,0.013229,0,1,1,6,0,0,0,1,0,0,404,95197,183
1,box,32,qpPlain,1,1,0.00207825,404,6,5.34452,405,405,0,0.0203105,0.00249477,0,0,0.013229,0,1,1,6,0,0,0,1,0,0,404,138572,404
1,box,32,qpAdaptive,1,1,0.000678523,123,6,5.34774,336,336,0,0.0200632,0.00249477,0,0,0.0434776,1,1,1,6,0,0,0,0,0.96748,0.0325203,123,31439,100
1,box,32,qpFreeGate,1,1,0.0780362,19252,53,9.58726,1147,1147,0,0.00301802,0.00249477,0,0,0.00431422,0,116,43,0.456897,0,0,0,1,0,0,0,0,0
1,box,32,qpEnvelope,1,1,0.000374614,44,6,5.3616,289,289,0,0.0188626,0.00249477,0,0,0.121855,1,1,1,6,0,0,0,0,0.909091,0.0909091,44,11840,33
1,box,39,isSafe,1,1,0.00111948,633,6,6.05638,5,304,0,0.00289824,0.00249477,0,0,0,0,9,2,0.666667,0,0,0,0,0,0,0,0,0
1,box,39,qpFixed,1,1,0.0103711,1895,19,12.8731,1033,1033,0,0.00356665,0.00249477,0,0,0.012128,0,5,5,3.8,0,0,0,1,0,0,1895,465362,1616
1,box,39,qpPlain,1,1,0.0106754,1895,19,12.8731,1033,1033,0,0.00356665,0.00249477,0,0,0.012128,0,5,5,3.8,0,0,0,1,0,0,1895,649985,1895
1,box,39,qpAdaptive,1,1,0.00606539,1028,19,12.9609,860,860,0,0.00322336,0.00249477,0,0,0.0224814,0.441634,5,5,3.8,0,0,0,0.554475,0.430934,0.0145914,1028,254850,964
1,box,39,qpFreeGate,1,1,0.00806385,1920,11,8.1998,784,784,0,0.0252935,0.00249477,0,0,0.00677852,0,9,5,1.22222,0,0,0,1,0,0,0,0,0
1,box,39,qpEnvelope,1,1,0.00403886,593,18,12.9326,778,778,0,0.00179173,0.00249477,0,0,0.0389953,0.310287,5,5,3.6,0,0,0,0.679595,0.291737,0.0286678,593,146394,570
1,box,46,isSafe,1,1,0.00734843,3959,21,9.98114,6,501,0,0.00297834,0.00249477,0,0,0,0,78,18,0.269231,0,0,0,0,0,0,0,0,0
1,box,46,qpFixed,1,1,0.00312004,649,7,7.83968,570,570,0,0.00683623,0.00249477,0,0,0.0129384,0,2,2,3.5,0,0,0,1,0,0,649,164393,286
1,box,46,qpPlain,1,1,0.00331379,649,7,7.83968,570,570,0,0.00683623,0.00249477,0,0,0.0129384,0,2,2,3.5,0,0,0,1,0,0,649,222607,649
1,box,46,qpAdaptive,1,1,0.00128974,229,7,7.84428,454,454,0,0.00613321,0.00249477,0,0,0.0366896,0.585153,2,2,3.5,0,0,0,0.414847,0.567686,0.0174672,229,63419,174
1,box,46,qpFreeGate,1,1,0.0590235,14501,37,12.2006,1499,1499,0,0.0095269,0.00249477,0,0,0.00377562,0,91,29,0.406593,0,0,0,1,0,0,0,0,0
1,box,46,qpEnvelope,1,1,0.00082002,124,7,7.85115,420,420,0,0.0038587,0.00249477,0,0,0.0678303,0.33871,2,2,3.5,0,0,0,0.66129,0.298387,0.0403226,124,34514,106
1,box,53,isSafe,1,1,0.00109437,587,5,5.82687,4,293,0,0.0205458,0.00249477,0,0,0,0,1,1,5,0,0,0,0,0,0,0,0,0
1,box,53,qpFixed,1,1,0.00203545,414,10,5.70247,415,415,0,0.0167419,0.00249477,0,0,0.0137741,0,1,1,10,0,0,0,1,0,0,414,119096,185
1,box,53,qpPlain,1,1,0.00188562,414,10,5.70247,415,415,0,0.0167419,0.00249477,0,0,0.0137741,0,1,1,10,0,0,0,1,0,0,414,142002,414
1,box,53,qpAdaptive,1,1,0.000636574,122,11,5.71718,334,334,0,0.0170522,0.00249477,0,0,0.0468621,0.721311,1,1,11,0,0,0,0.237705,0.688525,0.0737705,122,36270,69
1,box,53,qpFreeGate,1,1,0.00207926,491,7,5.61247,492,492,0,0.00858842,0.00249477,0,0,0.0114307,0,1,1,7,0,0,0,1,0,0,0,0,0
1,box,53,qpEnvelope,1,1,0.00108618,104,14,7.2453,384,384,0,0.0182365,0.00249477,0,0,0.161947,0.990385,4,4,3.5,0,0,0,0,0.855769,0.144231,104,30995,67
1,box,60,isSafe,1,1,0.00330682,1831,11,9.55832,6,479,0,0.00351517,0.00249477,0,0,0,0,28,8,0.392857,0,0,0,0,0,0,0,0,0
1,box,60,qpFixed,1,1,0.00163988,328,6,4.85939,329,329,0,0.0029453,0.00249477,0,0,0.0148152,0,1,1,6,0,0,0,1,0,0,328,81567,147
1,box,60,qpPlain,1,1,0.00167597,328,6,4.85939,329,329,0,0.0029453,0.00249477,0,0,0.0148152,0,1,1,6,0,0,0,1,0,0,328,112504,328
1,box,60,qpAdaptive,1,1,0.000876609,175,6,4.85944,297,297,0,0.00294575,0.00249477,0,0,0.0277682,0.131429,1,1,6,0,0,0,0.868571,0.114286,0.0171429,175,44195,145
1,box,60,qpFreeGate,1,1,0.0899578,22430,55,13.6387,1519,1519,0,0.00864474,0.00249477,0,0,0.00341148,0,150,39,0.366667,0,0,0,1,0,0,0,0,0
1,box,60,qpEnvelope,1,1,0.000774821,129,6,4.85853,282,282,0,0.00306738,0.00249477,0,0,0.0376631,0.248062,1,1,6,0,0,0,0.751938,0.224806,0.0232558,129,32803,112
1,box,67,isSafe,1,1,0.00175068,949,7,9.32355,6,468,0,0.0331231,0.00249477,0,0,0,0,4,3,1.75,0,0,0,0,0,0,0,0,0
1,box,67,qpFixed,1,1,0.00628505,1272,9,9.38665,693,693,0,0.0836856,0.00249477,0,0,0.0111247,0,4,3,2.25,0,0,0,1,0,0,1272,333940,714
1,box,67,qpPlain,1,1,0.0065091,1272,9,9.38665,693,693,0,0.0836856,0.00249477,0,0,0.0111247,0,4,3,2.25,0,0,0,1,0,0,1272,436296,1272
1,box,67,qpAdaptive,1,1,0.00319516,586,9,9.38841,526,526,0,0.0833447,0.00249477,0,0,0.024155,0.390785,4,3,2.25,0,0,0,0.602389,0.387372,0.0102389,586,152771,515
1,box,67,qpFreeGate,1,1,0.00474727,1136,9,9.38304,745,745,0,0.0436851,0.00249477,0,0,0.0091025,0,4,3,2.25,0,0,0,1,0,0,0,0,0
1,box,67,qpEnvelope,1,1,0.00208777,335,9,9.3912,485,485,0,0.0793337,0.00249477,0,0,0.0423032,0.220896,4,3,2.25,0,0,0,0.779104,0.2,0.0208955,335,85647,314
1,box,74,isSafe,1,1,0.00445163,2498,14,13.8702,8,695,0,0.0257388,0.00249477,0,0,0,0,25,9,0.56,0,0,0,0,0,0,0,0,0
1,box,74,qpFixed,1,1,0.00291739,581,6,6.83872,582,582,0,0.00161933,0.00249477,0,0,0.0117706,0,1,1,6,0,0,0,1,0,0,581,161909,204
1,box,74,qpPlain,1,1,0.00290589,581,6,6.83872,582,582,0,0.00161933,0.00249477,0,0,0.0117706,0,1,1,6,0,0,0,1,0,0,581,199283,581
1,box,74,qpAdaptive,1,1,0.00114967,228,6,6.83869,457,457,0,0.00160581,0.00249477,0,0,0.0299943,0.302632,1,1,6,0,0,0,0.697368,0.289474,0.0131579,228,65334,180
1,box,74,qpFreeGate,1,1,0.0116996,2844,14,11.5777,983,983,0,0.0094363,0.00249477,0,0,0.00676177,0,14,8,1,0,0,0,1,0,0,0,0,0
1,box,74,qpEnvelope,1,1,0.000871237,140,6,6.84132,417,417,0,0.00155693,0.00249477,0,0,0.0488665,0.257143,1,1,6,0,0,0,0.742857,0.235714,0.0214286,140,40600,116
1,box,81,isSafe,1,1,0.00401997,2189,13,13.3281,8,668,0,0.0621796,0.00249477,0,0,0,0,16,8,0.8125,0,0,0,0,0,0,0,0,0
1,box,81,qpFixed,1,1,0.00514075,1044,14,9.87758,683,683,0,0.00477924,0.00249477,0,0,0.0123193,0,3,3,4.66667,0,0,0,1,0,0,1044,255619,444
1,box,81,qpPlain,1,1,0.00560993,1044,14,9.87758,683,683,0,0.00477924,0.00249477,0,0,0.0123193,0,3,3,4.66667,0,0,0,1,0,0,1044,358092,1044
1,box,81,qpAdaptive,1,1,0.00205481,367,16,7.46038,450,450,0,0.00479989,0.00249477,0,0,0.022274,0.277929,2,2,8,0,0,0,0.705722,0.258856,0.0354223,367,93928,315
1,box,81,qpFreeGate,1,1,0.0795515,19478,57,20.9568,2047,2047,0,0.00329511,0.00249477,0,0,0.00451029,0,116,44,0.491379,0,0,0,1,0,0,0,0,0
1,box,81,qpEnvelope,1,1,0.0014689,224,11,9.87949,537,537,0,0.00465953,0.00249477,0,0,0.0573319,0.263393,3,3,3.66667,0,0,0,0.732143,0.227679,0.0401786,224,58045,179
1,box,88,isSafe,1,1,0.00196298,1001,7,9.85186,6,494,0,0.00540669,0.00249477,0,0,0,0,6,3,1.16667,0,0,0,0,0,0,0,0,0
1,box,88,qpFixed,1,1,0.00252725,465,6,6.44089,466,466,0,0.00335037,0.00249477,0,0,0.0138514,0,1,1,6,0,0,0,1,0,0,465,128607,202
1,box,88,qpPlain,1,1,0.00250183,465,6,6.44089,466,466,0,0.00335037,0.00249477,0,0,0.0138514,0,1,1,6,0,0,0,1,0,0,465,159495,465
1,box,88,qpAdaptive,1,1,0.00087506,149,6,6.4446,387,387,0,0.00327988,0.00249477,0,0,0.0432524,0.577181,1,1,6,0,0,0,0.416107,0.557047,0.0268456,149,44445,124
1,box,88,qpFreeGate,1,1,0.014555,3369,25,11.7206,1346,1346,0,0.000619192,0.00249477,0,0,0.00623456,0,16,11,1.5625,0,0,0,1,0,0,0,0,0
1,box,88,qpEnvelope,1,1,0.000635449,82,6,6.45441,358,358,0,0.00292521,0.00249477,0,0,0.0787123,0.585366,1,1,6,0,0,0,0.414634,0.536585,0.0487805,82,24399,69
1,box,95,isSafe,1,1,0.0100216,5367,29,14.0839,9,706,0,0.0300424,0.00249477,0,0,0,0,100,25,0.29,0,0,0,0,0,0,0,0,0
1,box,95,qpFixed,1,1,0.00548812,1051,18,11.9583,931,931,0,0.00574502,0.00249477,0,0,0.0121969,0,3,3,6,0,0,0,1,0,0,1051,313841,617
1,box,95,qpPlain,1,1,0.00531345,1051,18,11.9583,931,931,0,0.00574502,0.00249477,0,0,0.0121969,0,3,3,6,0,0,0,1,0,0,1051,360493,1051
1,box,95,qpAdaptive,1,1,0.00182827,305,15,11.9629,697,697,0,0.00532291,0.00249477,0,0,0.0418798,0.645902,3,3,5,0,0,0,0.35082,0.609836,0.0393443,305,91824,273
1,box,95,qpFreeGate,1,1,0.0186841,4551,19,10.7754,1302,1302,0,0.00448615,0.00249477,0,0,0.00451089,0,25,12,0.76,0,0,0,1,0,0,0,0,0
1,box,95,qpEnvelope,1,1,0.00116007,161,14,11.983,643,643,0,0.00425355,0.00249477,0,0,0.0791329,0.484472,3,3,4.66667,0,0,0,0.509317,0.42236,0.068323,161,48458,145
1,table_pick,2,isSafe,1,1,0.0070704,3640,20,15.8415,10,794,0,0.000633054,0.00249477,0,0,0,0,79,16,0.253165,0,0,0,0,0,0,0,0,0
1,table_pick,2,qpFixed,1,1,0.0035414,642,7,8.49904,643,643,0,0.00174093,0.00249477,0,0,0.0132384,0,1,1,7,0,0,0,1,0,0,642,173082,495
1,table_pick,2,qpPlain,1,1,0.00363594,642,7,8.49904,643,643,0,0.00174093,0.00249477,0,0,0.0132384,0,1,1,7,0,0,0,1,0,0,642,220206,642
1,table_pick,2,qpAdaptive,1,1,0.00251499,453,7,8.5074,614,614,0,0.00175337,0.00249477,0,0,0.0187801,0.216336,1,1,7,0,0,0,0.777042,0.214128,0.00883002,453,122786,425
1,table_pick,2,qpFreeGate,1,1,0.0157913,3885,16,14.5269,1327,1327,0,0.00471235,0.00249477,0,0,0.00533567,0,27,10,0.592593,0,0,0,1,0,0,0,0,0
1,table_pick,2,qpEnvelope,1,1,0.00188494,303,7,8.52413,554,554,0,0.00179595,0.00249477,0,0,0.0281325,0.29703,1,1,7,0,0,0,0.70297,0.283828,0.0132013,303,82532,294
1,table_pick,9,isSafe,1,1,0.00429855,2410,15,11.5957,8,581,0,0.00176159,0.00249477,0,0,0,0,37,9,0.405405,0,0,0,0,0,0,0,0,0
1,table_pick,9,qpFixed,1,1,0.00305542,636,7,8.25826,637,637,0,0.00100727,0.00249477,0,0,0.0129847,0,1,1,7,0,0,0,1,0,0,636,163361,217
1,table_pick,9,qpPlain,1,1,0.0033045,636,7,8.25826,637,637,0,0.00100727,0.00249477,0,0,0.0129847,0,1,1,7,0,0,0,1,0,0,636,218148,636
1,table_pick,9,qpAdaptive,1,1,0.00140597,243,7,8.25829,523,523,0,0.00100727,0.00249477,0,0,0.0339847,0.366255,1,1,7,0,0,0,0.62963,0.349794,0.0205761,243,70612,198
1,table_pick,9,qpFreeGate,1,1,0.0374333,9455,24,12.0191,1129,1129,0,0.00360705,0.00249477,0,0,0.00428128,0,60,19,0.4,0,0,0,1,0,0,0,0,0
1,table_pick,9,qpEnvelope,1,1,0.00123818,189,7,8.25938,504,504,0,0.0010055,0.00249477,0,0,0.0437004,0.301587,1,1,7,0,0,0,0.698413,0.275132,0.026455,189,54985,165
1,table_pick,16,isSafe,1,1,0.00179978,991,7,5.32902,4,268,0,0.00265211,0.00249477,0,0,0,0,8,4,0.875,0,0,0,0,0,0,0,0,0
1,table_pick,16,qpFixed,1,1,0.00187029,392,6,5.9791,393,393,0,0.00649468,0.00249477,0,0,0.0152528,0,1,1,6,0,0,0,1,0,0,392,101022,59
1,table_pick,16,qpPlain,1,1,0.0019686,392,6,5.9791,393,393,0,0.00649468,0.00249477,0,0,0.0152528,0,1,1,6,0,0,0,1,0,0,392,134456,392
1,table_pick,16,qpAdaptive,1,1,0.000412231,75,6,5.9797,333,333,0,0.00649468,0.00249477,0,0,0.0797293,0.76,1,1,6,0,0,0,0.24,0.706667,0.0533333,75,20517,43
1,table_pick,16,qpFreeGate,1,1,0.00425034,1086,12,2.65287,264,264,0,0.00231801,0.00249477,0,0,0.00777444,0,8,4,1.5,0,0,0,1,0,0,0,0,0
1,table_pick,16,qpEnvelope,1,1,0.000380301,45,6,5.98032,325,325,0,0.00651134,0.00249477,0,0,0.132896,0.888889,1,1,6,0,0,0,0.111111,0.8,0.0888889,45,12566,29
1,table_pick,23,isSafe,1,1,0.00157519,893,7,8.68169,6,436,0,0.00266621,0.00249477,0,0,0,0,8,2,0.875,0,0,0,0,0,0,0,0,0
1,table_pick,23,qpFixed,1,1,0.00286117,632,7,8.01614,633,633,0,0.00603345,0.00249477,0,0,0.0126838,0,1,1,7,0,0,0,1,0,0,632,146669,98
1,table_pick,23,qpPlain,1,1,0.00319172,632,7,8.01614,633,633,0,0.00603345,0.00249477,0,0,0.0126838,0,1,1,7,0,0,0,1,0,0,632,216776,632
1,table_pick,23,qpAdaptive,1,1,0.000515897,101,7,8.01712,451,451,0,0.00603345,0.00249477,0,0,0.0793774,0.821782,1,1,7,0,0,0,0.178218,0.772277,0.049505,101,26256,56
1,table_pick,23,qpFreeGate,1,1,0.00566693,1419,8,8.37248,689,689,0,0.00202602,0.00249477,0,0,0.00677948,0,8,3,1,0,0,0,1,0,0,0,0,0
1,table_pick,23,qpEnvelope,1,1,0.000375079,53,7,8.01815,429,429,0,0.00603345,0.00249477,0,0,0.151286,0.698113,1,1,7,0,0,0,0.283019,0.622642,0.0943396,53,13915,33
1,table_pick,30,isSafe,1,1,0.00612604,3307,18,14.2282,9,713,0,0.00122527,0.00249477,0,0,0,0,61,13,0.295082,0,0,0,0,0,0,0,0,0
1,table_pick,30,qpFixed,1,1,0.00232169,421,11,5.14528,422,422,0,0.0013098,0.00249477,0,0,0.0122216,0,1,1,11,0,0,0,1,0,0,421,107280,344
1,table_pick,30,qpPlain,1,1,0.00231947,421,11,5.14528,422,422,0,0.0013098,0.00249477,0,0,0.0122216,0,1,1,11,0,0,0,1,0,0,421,144403,421
1,table_pick,30,qpAdaptive,1,1,0.00150629,262,11,5.15809,387,387,0,0.00127271,0.00249477,0,0,0.0196874,0.408397,1,1,11,0,0,0,0.568702,0.396947,0.0343511,262,69707,246
1,table_pick,30,qpFreeGate,1,1,0.0303905,7994,35,6.92507,843,843,0,0.00270467,0.00249477,0,0,0.00476296,0,68,19,0.514706,0,0,0,1,0,0,0,0,0
1,table_pick,30,qpEnvelope,1,1,0.00232329,321,14,9.18105,544,544,0,0.00122256,0.00249477,0,0,0.0499491,0.364486,4,4,3.5,0,0,0,0.626168,0.333333,0.0404984,321,90337,279
1,table_pick,37,isSafe,1,1,0.00220858,1188,8,11.6585,7,584,0,0.00316394,0.00249477,0,0,0,0,6,3,1.33333,0,0,0,0,0,0,0,0,0
1,table_pick,37,qpFixed,1,1,0.00351253,703,8,9.09211,704,704,0,0.00593346,0.00249477,0,0,0.0129333,0,1,1,8,0,0,0,1,0,0,703,168638,221
1,table_pick,37,qpPlain,1,1,0.00366579,703,8,9.09211,704,704,0,0.00593346,0.00249477,0,0,0.0129333,0,1,1,8,0,0,0,1,0,0,703,241129,703
1,table_pick,37,qpAdaptive,1,1,0.000772021,136,8,9.10048,520,520,0,0.00593932,0.00249477,0,0,0.0669153,0.808824,1,1,8,0,0,0,0.176471,0.779412,0.0441176,136,35867,87
1,table_pick,37,qpFreeGate,1,1,0.0154268,3928,15,12.856,1042,1042,0,0.00386087,0.00249477,0,0,0.00489357,0,34,9,0.441176,0,0,0,1,0,0,0,0,0
1,table_pick,37,qpEnvelope,1,1,0.00107244,125,17,12.6715,687,687,0,0.00596086,0.00249477,0,0,0.123833,0.856,3,3,5.66667,0,0,0,0.12,0.744,0.136,125,34455,97
1,table_pick,44,isSafe,1,1,0.0024524,1335,9,6.88451,5,346,0,0.0021945,0.00249477,0,0,0,0,10,5,0.9,0,0,0,0,0,0,0,0,0
1,table_pick,44,qpFixed,1,1,0.0024109,542,6,6.13501,543,543,0,0.006166,0.00249477,0,0,0.0113192,0,1,1,6,0,0,0,1,0,0,542,121092,103
1,table_pick,44,qpPlain,1,1,0.00287419,542,6,6.13501,543,543,0,0.006166,0.00249477,0,0,0.0113192,0,1,1,6,0,0,0,1,0,0,542,185906,542
1,table_pick,44,qpAdaptive,1,1,0.000525682,103,6,6.13803,361,361,0,0.006166,0.00249477,0,0,0.0595926,0.747573,1,1,6,0,0,0,0.252427,0.708738,0.038835,103,24491,71
1,table_pick,44,qpFreeGate,1,1,0.035146,8914,29,8.32486,661,661,0,0.00704528,0.00249477,0,0,0.00530635,0,74,25,0.391892,0,0,0,1,0,0,0,0,0
1,table_pick,44,qpEnvelope,1,1,0.000395858,54,6,6.14501,335,335,0,0.00612375,0.00249477,0,0,0.113796,0.944444,1,1,6,0,0,0,0.0555556,0.87037,0.0740741,54,12825,41
1,table_pick,51,isSafe,1,1,0.00134091,866,7,8.61459,6,432,0,0.00147448,0.00249477,0,0,0,0,2,2,3.5,0,0,0,0,0,0,0,0,0
1,table_pick,51,qpFixed,1,1,0.00275028,631,6,7.19607,632,632,0,0.00494774,0.00249477,0,0,0.0114042,0,1,1,6,0,0,0,1,0,0,631,148721,208
1,table_pick,51,qpPlain,1,1,0.00298845,631,6,7.19607,632,632,0,0.00494774,0.00249477,0,0,0.0114042,0,1,1,6,0,0,0,1,0,0,631,216433,631
1,table_pick,51,qpAdaptive,1,1,0.000810768,169,6,7.1962,436,436,0,0.00494774,0.00249477,0,0,0.0425811,0.733728,1,1,6,0,0,0,0.260355,0.715976,0.0236686,169,42924,124
1,table_pick,51,qpFreeGate,1,1,0.00979918,2416,13,11.8567,854,854,0,0.00426302,0.00249477,0,0,0.00765814,0,16,8,0.8125,0,0,0,1,0,0,0,0,0
1,table_pick,51,qpEnvelope,1,1,0.000503908,77,6,7.19676,403,403,0,0.00481886,0.00249477,0,0,0.0934644,0.896104,1,1,6,0,0,0,0.103896,0.844156,0.0519481,77,19922,58
1,table_pick,58,isSafe,1,1,0.00556942,3098,17,16.3195,10,817,0,0.000235601,0.00249477,0,0,0,0,55,11,0.309091,0,0,0,0,0,0,0,0,0
1,table_pick,58,qpFixed,1,1,0.00206214,430,5,5.1236,431,431,0,0.00398505,0.00249477,0,0,0.0119153,0,1,1,5,0,0,0,1,0,0,430,102790,124
1,table_pick,58,qpPlain,1,1,0.00227262,430,5,5.1236,431,431,0,0.00398505,0.00249477,0,0,0.0119153,0,1,1,5,0,0,0,1,0,0,430,147490,430
1,table_pick,58,qpAdaptive,1,1,0.000638906,115,5,5.12369,317,317,0,0.00398505,0.00249477,0,0,0.0445538,0.617391,1,1,5,0,0,0,0.373913,0.6,0.026087,115,29725,85
1,table_pick,58,qpFreeGate,1,1,0.0373134,9795,25,7.94477,788,788,0,0.00493699,0.00249477,0,0,0.00373122,0,88,22,0.284091,0,0,0,1,0,0,0,0,0
1,table_pick,58,qpEnvelope,1,1,0.000467388,60,5,5.13745,294,294,0,0.00388476,0.00249477,0,0,0.0856242,0.683333,1,1,5,0,0,0,0.316667,0.633333,0.05,60,15668,48
1,table_pick,65,isSafe,1,1,0.00171026,1004,7,9.91624,6,497,0,0.00606144,0.00249477,0,0,0,0,4,2,1.75,0,0,0,0,0,0,0,0,0
1,table_pick,65,qpFixed,1,1,0.00322585,696,7,9.39829,697,697,0,0.00392416,0.00249477,0,0,0.0135033,0,1,1,7,0,0,0,1,0,0,696,165107,154
1,table_pick,65,qpPlain,1,1,0.00362115,696,7,9.39829,697,697,0,0.00392416,0.00249477,0,0,0.0135033,0,1,1,7,0,0,0,1,0,0,696,238728,696
1,table_pick,65,qpAdaptive,1,1,0.000786172,134,7,9.39895,534,534,0,0.00392416,0.00249477,0,0,0.0701414,0.567164,1,1,7,0,0,0,0.425373,0.537313,0.0373134,134,35065,90
1,table_pick,65,qpFreeGate,1,1,0.00428417,982,8,10.7983,778,778,0,0.00591661,0.00249477,0,0,0.0110554,0,4,3,2,0,0,0,1,0,0,0,0,0
1,table_pick,65,qpEnvelope,1,1,0.000565885,77,7,9.40175,509,509,0,0.00388024,0.00249477,0,0,0.122101,0.584416,1,1,7,0,0,0,0.415584,0.519481,0.0649351,77,20219,57
1,table_pick,72,isSafe,1,1,0.00156603,958,7,7.37364,5,370,0,3.72992e-05,0.00249477,0,0,0,0,6,3,1.16667,0,0,0,0,0,0,0,0,0
1,table_pick,72,qpFixed,1,1,0.00258181,632,6,7.10115,633,633,0,0.00557925,0.00249477,0,0,0.011236,0,1,1,6,0,0,0,1,0,0,632,147493,113
1,table_pick,72,qpPlain,1,1,0.00295437,632,6,7.10115,633,633,0,0.00557925,0.00249477,0,0,0.011236,0,1,1,6,0,0,0,1,0,0,632,216776,632
1,table_pick,72,qpAdaptive,1,1,0.000671318,135,6,7.1012,417,417,0,0.00567261,0.00249477,0,0,0.0526015,0.548148,1,1,6,0,0,0,0.451852,0.518519,0.0296296,135,34688,96
1,table_pick,72,qpFreeGate,1,1,0.0122262,3040,13,9.27325,773,773,0,0.00400357,0.00249477,0,0,0.00658672,0,20,9,0.65,0,0,0,1,0,0,0,0,0
1,table_pick,72,qpEnvelope,1,1,0.000524282,78,6,7.10107,391,391,0,0.00530121,0.00249477,0,0,0.0910393,0.846154,1,1,6,0,0,0,0.153846,0.794872,0.0512821,78,20230,59
1,table_pick,79,isSafe,1,1,0.000829249,490,5,4.84737,4,244,0,0.000411141,0.00249477,0,0,0,0,1,1,5,0,0,0,0,0,0,0,0,0
1,table_pick,79,qpFixed,1,1,0.00175849,395,5,4.9942,396,396,0,0.00409793,0.00249477,0,0,0.0126435,0,1,1,5,0,0,0,1,0,0,395,98358,92
1,table_pick,79,qpPlain,1,1,0.00192868,395,5,4.9942,396,396,0,0.00409793,0.00249477,0,0,0.0126435,0,1,1,5,0,0,0,1,0,0,395,135485,395
1,table_pick,79,qpAdaptive,1,1,0.000474413,84,5,4.99501,294,294,0,0.00409793,0.00249477,0,0,0.0594644,0.464286,1,1,5,0,0,0,0.535714,0.428571,0.0357143,84,24937,62
1,table_pick,79,qpFreeGate,1,1,0.0271163,6652,23,6.76673,538,538,0,0.00170781,0.00249477,0,0,0.00531148,0,48,19,0.479167,0,0,0,1,0,0,0,0,0
1,table_pick,79,qpEnvelope,1,1,0.000424514,59,5,4.99685,282,282,0,0.00410594,0.00249477,0,0,0.0846923,0.372881,1,1,5,0,0,0,0.627119,0.322034,0.0508475,59,17620,49
1,table_pick,86,isSafe,1,1,0.00103101,545,5,5.4027,4,272,0,0.002761,0.00249477,0,0,0,0,1,1,5,0,0,0,0,0,0,0,0,0
1,table_pick,86,qpFixed,1,1,0.00141212,325,5,5.42223,326,326,0,0.00738466,0.00249477,0,0,0.0166838,0,1,1,5,0,0,0,1,0,0,325,79532,25
1,table_pick,86,qpPlain,1,1,0.00155501,325,5,5.42223,326,326,0,0.00738466,0.00249477,0,0,0.0166838,0,1,1,5,0,0,0,1,0,0,325,111475,325
1,table_pick,86,qpAdaptive,1,1,0.000334534,67,5,5.42223,296,296,0,0.00738466,0.00249477,0,0,0.0809288,0.462687,1,1,5,0,0,0,0.537313,0.41791,0.0447761,67,18862,25
1,table_pick,86,qpFreeGate,1,1,0.0435982,10774,28,9.35352,810,810,0,0.0061223,0.00249477,0,0,0.00463137,0,81,23,0.345679,0,0,0,1,0,0,0,0,0
1,table_pick,86,qpEnvelope,1,1,0.00030941,49,5,5.42223,289,289,0,0.00738466,0.00249477,0,0,0.110658,0.326531,1,1,5,0,0,0,0.673469,0.265306,0.0612245,49,13902,25
1,table_pick,93,isSafe,1,1,0.00305597,1776,11,11.07,7,555,0,0.00799274,0.00249477,0,0,0,0,26,7,0.423077,0,0,0,0,0,0,0,0,0
1,table_pick,93,qpFixed,1,1,0.0059109,1237,10,9.18335,695,695,0,0.00607357,0.00249477,0,0,0.0112998,0,2,2,5,0,0,0,1,0,0,1237,321655,594
1,table_pick,93,qpPlain,1,1,0.00636962,1237,10,9.18335,695,695,0,0.00607357,0.00249477,0,0,0.0112998,0,2,2,5,0,0,0,1,0,0,1237,424291,1237
1,table_pick,93,qpAdaptive,1,1,0.00358472,621,10,9.18358,501,501,0,0.00607357,0.00249477,0,0,0.0225089,0.119163,2,2,5,0,0,0,0.880837,0.111111,0.00805153,621,183541,579
1,table_pick,93,qpFreeGate,1,1,0.0151674,3997,15,12.4717,1084,1084,0,0.00501437,0.00249477,0,0,0.00522708,0,27,11,0.555556,0,0,0,1,0,0,0,0,0
1,table_pick,93,qpEnvelope,1,1,0.00297951,490,10,9.18362,480,480,0,0.00607357,0.00249477,0,0,0.0285326,0.0795918,2,2,5,0,0,0,0.920408,0.0693878,0.0102041,490,144721,471
1,table_pick,100,isSafe,1,1,0.00362227,2068,12,13.94,8,699,0,0.00317661,0.00249477,0,0,0,0,19,9,0.631579,0,0,0,0,0,0,0,0,0
1,table_pick,100,qpFixed,1,1,0.00290093,659,6,7.95085,660,660,0,0.00442489,0.00249477,0,0,0.012065,0,1,1,6,0,0,0,1,0,0,659,160469,56
1,table_pick,100,qpPlain,1,1,0.00316734,659,6,7.95085,660,660,0,0.00442489,0.00249477,0,0,0.012065,0,1,1,6,0,0,0,1,0,0,659,226037,659
1,table_pick,100,qpAdaptive,1,1,0.000511867,106,6,7.95086,448,448,0,0.00442489,0.00249477,0,0,0.0750081,0.537736,1,1,6,0,0,0,0.462264,0.5,0.0377358,106,29542,55
1,table_pick,100,qpFreeGate,1,1,0.0169014,4130,18,18.0409,1380,1380,0,0.00271649,0.00249477,0,0,0.00692755,0,21,11,0.857143,0,0,0,1,0,0,0,0,0
1,table_pick,100,qpEnvelope,1,1,0.000407989,60,6,7.95084,428,428,0,0.0043884,0.00249477,0,0,0.132514,0.516667,1,1,6,0,0,0,0.483333,0.45,0.0666667,60,16677,39
1,cage,7,isSafe,1,1,0.222738,128799,787,24.4103,15,1222,0,0.00655688,0.00249477,0,0,0,0,7190,783,0.109458,0,0,0,0,0,0,0,0,0
1,cage,7,qpFixed,1,1,0.138687,25783,129,25.6739,2242,2242,0,1.00446e-05,0.00249477,0,0,0.00846222,0,104,75,1.24038,0,0,0,1,0,0,25783,6986761,24191
1,cage,7,qpPlain,1,1,0.146634,25783,129,25.6739,2242,2242,0,1.00446e-05,0.00249477,0,0,0.00846222,0,104,75,1.24038,0,0,0,1,0,0,25783,8843569,25783
1,cage,7,qpAdaptive,1,1,0.11886,20304,129,25.6713,2098,2098,0,1.00865e-05,0.00249477,0,0,0.0106862,0.202029,104,74,1.24038,0,0,0,0.796395,0.200207,0.00339835,20304,5538788,19966
1,cage,7,qpFreeGate,1,1,1.22916,318944,547,22.7543,2475,2475,0,0.0018649,0.00249477,0,0,0.00294334,0,2805,523,0.195009,0,0,0,1,0,0,0,0,0
1,cage,7,qpEnvelope,1,1,0.10154,16647,132,29.5233,2109,2109,0,9.69169e-06,0.00249477,0,0,0.0137791,0.12747,109,78,1.21101,0,0,0,0.871568,0.122905,0.00552652,16647,4515608,16470
1,cage,14,isSafe,1,1,0.499361,282984,1934,31.7967,18,1591,0,0.000404199,0.00249477,0,0,0,0,19338,1930,0.10001,0,0,0,0,0,0,0,0,0
1,cage,14,qpFixed,1,1,0.0173607,3337,25,13.9729,1337,1337,0,0.00043499,0.00249477,0,0,0.0101987,0,11,11,2.27273,0,0,0,1,0,0,3337,866401,2870
1,cage,14,qpPlain,1,1,0.0180202,3337,25,13.9729,1337,1337,0,0.00043499,0.00249477,0,0,0.0101987,0,11,11,2.27273,0,0,0,1,0,0,3337,1144591,3337
1,cage,14,qpAdaptive,1,1,0.0123568,2190,25,14.0032,1081,1081,0,0.000445789,0.00249477,0,0,0.015579,0.3379,11,11,2.27273,0,0,0,0.658447,0.33516,0.00639269,2190,576093,2126
1,cage,14,qpFreeGate,1,1,2.53076,658747,992,26.2112,2625,2625,0,0.00149999,0.00249477,0,0,0.00250375,0,5958,961,0.166499,0,0,0,1,0,0,0,0,0
1,cage,14,qpEnvelope,1,1,0.0620136,9912,95,17.3681,1110,1110,0,0.000711675,0.00249477,0,0,0.0155015,0.150222,65,47,1.46154,0,0,0,0.848063,0.145077,0.00686037,9912,2684808,9662
1,cage,21,isSafe,1,1,0.076717,43964,239,15.1335,9,758,0,0.00188742,0.00249477,0,0,0,0,2054,236,0.116358,0,0,0,0,0,0,0,0,0
1,cage,21,qpFixed,1,1,0.175188,30606,131,21.0339,1794,1794,0,0.000490363,0.00249477,0,0,0.00803389,0,123,79,1.06504,0,0,0,1,0,0,30606,8431641,28423
1,cage,21,qpPlain,1,1,0.179054,30606,131,21.0339,1794,1794,0,0.000490363,0.00249477,0,0,0.00803389,0,123,79,1.06504,0,0,0,1,0,0,30606,10497858,30606
1,cage,21,qpAdaptive,1,1,0.143675,23571,131,21.0829,1501,1501,0,0.000471955,0.00249477,0,0,0.0104461,0.269102,123,79,1.06504,0,0,0,0.729541,0.267532,0.00292733,23571,6505334,23210
1,cage,21,qpFreeGate,1,1,3.1251,820675,1217,29.5167,3034,3034,0,0.0030254,0.00249477,0,0,0.00246965,0,7067,1185,0.172209,0,0,0,1,0,0,0,0,0
1,cage,21,qpEnvelope,1,1,0.116344,17791,131,21.1616,1276,1276,0,0.000420296,0.00249477,0,0,0.0139057,0.207521,123,79,1.06504,0,0,0,0.791468,0.20308,0.00545219,17791,4902542,17637
1,cage,28,isSafe,1,1,0.270556,152454,935,23.2183,13,1162,0,0.00067393,0.00249477,0,0,0,0,8476,931,0.110311,0,0,0,0,0,0,0,0,0
1,cage,28,qpFixed,1,1,0.0992708,18611,86,25.9584,2289,2289,0,9.44701e-05,0.00249477,0,0,0.00852499,0,73,49,1.17808,0,0,0,1,0,0,18611,4799135,16614
1,cage,28,qpPlain,1,1,0.105241,18611,86,25.9584,2289,2289,0,9.44701e-05,0.00249477,0,0,0.00852499,0,73,49,1.17808,0,0,0,1,0,0,18611,6383573,18611
1,cage,28,qpAdaptive,1,1,0.0831396,14614,86,25.9749,1782,1782,0,9.6319e-05,0.00249477,0,0,0.0108724,0.188518,73,49,1.17808,0,0,0,0.810182,0.187012,0.00280553,14614,3764580,14320
1,cage,28,qpFreeGate,1,1,1.26406,325707,554,17.4635,2549,2549,0,0.0029456,0.00249477,0,0,0.00292964,0,2629,523,0.210727,0,0,0,1,0,0,0,0,0
1,cage,28,qpEnvelope,1,1,0.0719729,11770,86,26.0071,1662,1662,0,8.41382e-05,0.00249477,0,0,0.0135357,0.147833,73,49,1.17808,0,0,0,0.851062,0.14418,0.00475786,11770,3025329,11647
1,cage,35,isSafe,1,1,0.303683,172919,1085,17.8879,11,896,0,0.00631503,0.00249477,0,0,0,0,9220,1081,0.117679,0,0,0,0,0,0,0,0,0
1,cage,35,qpFixed,1,1,0.0992065,18527,97,22.5103,1937,1937,0,5.80423e-05,0.00249477,0,0,0.00864528,0,71,54,1.3662,0,0,0,1,0,0,18527,4889432,16304
1,cage,35,qpPlain,1,1,0.10507,18527,97,22.5103,1937,1937,0,5.80423e-05,0.00249477,0,0,0.00864528,0,71,54,1.3662,0,0,0,1,0,0,18527,6354761,18527
1,cage,35,qpAdaptive,1,1,0.0762632,13143,90,22.5098,1658,1658,0,5.5887e-05,0.00249477,0,0,0.0119516,0.258693,71,53,1.26761,0,0,0,0.74007,0.256506,0.00342414,13143,3486037,12824
1,cage,35,qpFreeGate,1,1,0.918911,238410,412,26.885,2911,2911,0,0.00557171,0.00249477,0,0,0.00307845,0,1915,391,0.215144,0,0,0,1,0,0,0,0,0
1,cage,35,qpEnvelope,1,1,0.0595601,9536,92,22.5864,1448,1448,0,4.88588e-05,0.00249477,0,0,0.0165947,0.197777,71,53,1.29577,0,0,0,0.801363,0.19182,0.00681699,9536,2529712,9391
1,cage,42,isSafe,1,1,0.0488047,28739,149,22.7811,13,1141,0,0.00203102,0.00249477,0,0,0,0,1020,146,0.146078,0,0,0,0,0,0,0,0,0
1,cage,42,qpFixed,1,1,0.0265315,5076,33,20.579,1713,1713,0,0.000610784,0.00249477,0,0,0.00983762,0,17,14,1.94118,0,0,0,1,0,0,5076,1329749,4285
1,cage,42,qpPlain,1,1,0.0277335,5076,33,20.579,1713,1713,0,0.000610784,0.00249477,0,0,0.00983762,0,17,14,1.94118,0,0,0,1,0,0,5076,1741068,5076
1,cage,42,qpAdaptive,1,1,0.0195198,3506,33,20.5842,1439,1439,0,0.000575711,0.00249477,0,0,0.0142555,0.250998,17,14,1.94118,0,0,0,0.747861,0.247861,0.00427838,3506,916298,3364
1,cage,42,qpFreeGate,1,1,0.27231,71937,153,25.1232,2449,2449,0,0.0029601,0.00249477,0,0,0.00376087,0,552,142,0.277174,0,0,0,1,0,0,0,0,0
1,cage,42,qpEnvelope,1,1,0.0145758,2450,33,20.6093,1244,1244,0,0.000559483,0.00249477,0,0,0.0204372,0.181224,17,14,1.94118,0,0,0,0.818776,0.173061,0.00816327,2450,637441,2405
1,cage,49,isSafe,1,1,0.276028,157521,982,16.7326,10,838,0,0.000499309,0.00249477,0,0,0,0,9466,979,0.10374,0,0,0,0,0,0,0,0,0
1,cage,49,qpFixed,1,1,0.332913,60319,240,17.2688,1285,1285,0,0.0067799,0.00249477,0,0,0.00759576,0,268,152,0.895522,0,0,0,1,0,0,60319,16503852,56521
1,cage,49,qpPlain,1,1,0.351832,60319,240,17.2688,1285,1285,0,0.0067799,0.00249477,0,0,0.00759576,0,268,152,0.895522,0,0,0,1,0,0,60319,20689417,60319
1,cage,49,qpAdaptive,1,1,0.291747,48011,240,17.2752,1147,1147,0,0.00687341,0.00249477,0,0,0.00956269,0.206807,268,152,0.895522,0,0,0,0.792043,0.205353,0.00260362,48011,13138321,46946
1,cage,49,qpFreeGate,1,1,1.07375,277838,472,9.51962,935,935,0,0.013507,0.00249477,0,0,0.00287786,0,2351,449,0.200766,0,0,0,1,0,0,0,0,0
1,cage,49,qpEnvelope,1,1,0.246362,38163,234,30.5324,2200,2200,58,-9.56015e-05,0.00249477,0,0,0.0122686,0.156906,273,152,0.857143,0,0,0,0.84233,0.153215,0.00445469,38163,10406616,37780
1,cage,56,isSafe,1,1,0.0319991,18733,96,24.5105,14,1227,0,0.0072558,0.00249477,0,0,0,0,747,92,0.128514,0,0,0,0,0,0,0,0,0
1,cage,56,qpFixed,1,1,0.0744358,13765,73,13.021,1043,1043,0,0.00127309,0.00249477,0,0,0.00871275,0,51,38,1.43137,0,0,0,1,0,0,13765,3550303,12216
1,cage,56,qpPlain,1,1,0.0794851,13765,73,13.021,1043,1043,0,0.00127309,0.00249477,0,0,0.00871275,0,51,38,1.43137,0,0,0,1,0,0,13765,4721395,13765
1,cage,56,qpAdaptive,1,1,0.0614278,10421,73,13.0343,890,890,0,0.00120933,0.00249477,0,0,0.0115213,0.208809,51,38,1.43137,0,0,0,0.790135,0.206602,0.00326264,10421,2688745,10054
1,cage,56,qpFreeGate,1,1,0.387386,98416,197,23.1967,2318,2318,0,0.00270937,0.00249477,0,0,0.00333815,0,747,176,0.263722,0,0,0,1,0,0,0,0,0
1,cage,56,qpEnvelope,1,1,0.0493792,8021,70,13.0721,745,745,0,0.00126803,0.00249477,0,0,0.0149142,0.159207,51,38,1.37255,0,0,0,0.839671,0.154844,0.0054856,8021,2047512,7862
1,cage,63,isSafe,1,1,0.237957,134597,828,11.5317,7,578,0,0.00405617,0.00249477,0,0,0,0,7582,825,0.109206,0,0,0,0,0,0,0,0,0
1,cage,63,qpFixed,1,1,0.0783516,14196,77,16.6408,1368,1368,0,0.000222301,0.00249477,0,0,0.00877527,0,53,41,1.45283,0,0,0,1,0,0,14196,3883082,12888
1,cage,63,qpPlain,1,1,0.0809704,14196,77,16.6408,1368,1368,0,0.000222301,0.00249477,0,0,0.00877527,0,53,41,1.45283,0,0,0,1,0,0,14196,4869228,14196
1,cage,63,qpAdaptive,1,1,0.0614444,10139,75,16.6491,1186,1186,0,0.000216105,0.00249477,0,0,0.0122778,0.291054,53,41,1.41509,0,0,0,0.707466,0.288885,0.00364928,10139,2804686,9757
1,cage,63,qpFreeGate,1,1,0.358832,95063,191,12.0412,1462,1462,0,0.00556641,0.00249477,0,0,0.00337602,0,720,169,0.265278,0,0,0,1,0,0,0,0,0
1,cage,63,qpEnvelope,1,1,0.0779401,12111,115,24.2114,1615,1615,0,6.48352e-05,0.00249477,0,0,0.0157237,0.206754,86,65,1.33721,0,0,0,0.791842,0.201552,0.00660557,12111,3251236,11951
1,cage,70,isSafe,1,1,0.466524,256245,1638,14.3945,9,721,0,0.0140472,0.00249477,0,0,0,0,15438,1635,0.106102,0,0,0,0,0,0,0,0,0
1,cage,70,qpFixed,1,1,0.0288845,5235,45,16.9567,1437,1437,0,0.000592586,0.00249477,0,0,0.0101328,0,17,16,2.64706,0,0,0,1,0,0,5235,1494252,4239
1,cage,70,qpPlain,1,1,0.0290971,5235,45,16.9567,1437,1437,0,0.000592586,0.00249477,0,0,0.0101328,0,17,16,2.64706,0,0,0,1,0,0,5235,1795605,5235
1,cage,70,qpAdaptive,1,1,0.0193778,3187,48,16.9827,1180,1180,0,0.000552772,0.00249477,0,0,0.0166183,0.370882,17,16,2.82353,0,0,0,0.625981,0.361155,0.0128648,3187,932252,2970
1,cage,70,qpFreeGate,1,1,0.475989,124955,273,17.6494,1851,1851,0,0.0045809,0.00249477,0,0,0.00361301,0,1152,262,0.236979,0,0,0,1,0,0,0,0,0
1,cage,70,qpEnvelope,1,1,0.0130437,1912,43,16.9682,1018,1018,0,0.000431951,0.00249477,0,0,0.0277508,0.241109,17,16,2.52941,0,0,0,0.758368,0.221757,0.0198745,1912,547376,1850
1,cage,77,isSafe,1,1,0.503444,279495,1904,19.6511,12,984,0,0.00414583,0.00249477,0,0,0,0,18333,1899,0.103856,0,0,0,0,0,0,0,0,0
1,cage,77,qpFixed,1,1,0.0664537,12287,63,23.4562,1985,1985,23,-2.74999e-05,0.00249477,0,0,0.00841368,0,46,32,1.36957,0,0,0,1,0,0,12287,3272165,11602
1,cage,77,qpPlain,1,1,0.068804,12287,63,23.4562,1985,1985,23,-2.74999e-05,0.00249477,0,0,0.00841368,0,46,32,1.36957,0,0,0,1,0,0,12287,4214441,12287
1,cage,77,qpAdaptive,1,1,0.0547873,9446,63,23.4784,1855,1855,23,-2.73665e-05,0.00249477,0,0,0.0109534,0.22274,46,32,1.36957,0,0,0,0.775884,0.221364,0.00275249,9446,2539175,9220
1,cage,77,qpFreeGate,1,1,3.58408,934981,1496,30.6369,2658,2658,0,0.006536,0.00249477,0,0,0.00254241,0,8391,1456,0.178286,0,0,0,1,0,0,0,0,0
1,cage,77,qpEnvelope,1,1,0.0455541,7516,63,23.4863,1784,1784,33,-4.61764e-05,0.00249477,0,0,0.0137617,0.200106,46,32,1.36957,0,0,0,0.798696,0.196381,0.00492283,7516,1993124,7327
1,cage,84,isSafe,1,1,0.16264,93781,534,27.3966,16,1371,0,0.00468305,0.00249477,0,0,0,0,5189,530,0.10291,0,0,0,0,0,0,0,0,0
1,cage,84,qpFixed,1,1,0.224091,40369,175,32.6873,2945,2945,12,-0.000279527,0.00249477,0,0,0.0080007,0,165,108,1.06061,0,0,0,1,0,0,40369,10984466,37580
1,cage,84,qpPlain,1,1,0.233256,40369,175,32.6873,2945,2945,12,-0.000279527,0.00249477,0,0,0.0080007,0,165,108,1.06061,0,0,0,1,0,0,40369,13846567,40369
1,cage,84,qpAdaptive,1,1,0.212365,35289,192,29.0958,2197,2197,0,6.31547e-05,0.00249477,0,0,0.0100746,0.180368,184,118,1.04348,0,0,0,0.818697,0.178866,0.00243702,35289,9682649,34337
1,cage,84,qpFreeGate,1,1,1.56532,414902,686,28.43,3384,3384,0,0.00171904,0.00249477,0,0,0.00285636,0,3739,657,0.183472,0,0,0,1,0,0,0,0,0
1,cage,84,qpEnvelope,1,1,0.19016,29775,192,29.1426,2122,2122,0,6.33834e-05,0.00249477,0,0,0.0119743,0.151872,184,118,1.04348,0,0,0,0.847288,0.148682,0.00403023,29775,8142057,29129
1,cage,91,isSafe,1,1,0.275394,157278,909,19.8992,12,996,0,0.00469234,0.00249477,0,0,0,0,8766,906,0.103696,0,0,0,0,0,0,0,0,0
1,cage,91,qpFixed,1,1,0.0124497,2382,23,12.2395,897,897,0,0.000884583,0.00249477,0,0,0.0112953,0,8,7,2.875,0,0,0,1,0,0,2382,623864,1779
1,cage,91,qpPlain,1,1,0.0127084,2382,23,12.2395,897,897,0,0.000884583,0.00249477,0,0,0.0112953,0,8,7,2.875,0,0,0,1,0,0,2382,817026,2382
1,cage,91,qpAdaptive,1,1,0.00748058,1312,23,12.2475,791,791,0,0.000850261,0.00249477,0,0,0.0205243,0.320884,8,7,2.875,0,0,0,0.675305,0.310976,0.0137195,1312,363770,1237
1,cage,91,qpFreeGate,1,1,0.187573,49099,103,17.9265,1884,1884,0,0.00272019,0.00249477,0,0,0.00377137,0,371,91,0.277628,0,0,0,1,0,0,0,0,0
1,cage,91,qpEnvelope,1,1,0.00572811,904,22,12.2574,712,712,0,0.000711208,0.00249477,0,0,0.0298301,0.381637,8,7,2.75,0,0,0,0.612832,0.363938,0.0232301,904,253162,878
1,cage,98,isSafe,1,1,0.191536,111838,656,17.8915,11,896,0,0.00308803,0.00249477,0,0,0,0,6058,653,0.108287,0,0,0,0,0,0,0,0,0
1,cage,98,qpFixed,1,1,0.113039,21423,110,15.7641,1258,1258,0,0.0106809,0.00249477,0,0,0.00861244,0,83,60,1.3253,0,0,0,1,0,0,21423,5694370,19369
1,cage,98,qpPlain,1,1,0.122321,21423,110,15.7641,1258,1258,0,0.0106809,0.00249477,0,0,0.00861244,0,83,60,1.3253,0,0,0,1,0,0,21423,7348089,21423
1,cage,98,qpAdaptive,1,1,0.0955294,15863,111,15.7814,995,995,0,0.0104875,0.00249477,0,0,0.0116892,0.266532,83,61,1.33735,0,0,0,0.732064,0.263964,0.00397176,15863,4241937,15458
1,cage,98,qpFreeGate,1,1,0.212269,54366,111,23.3711,2959,2959,0,0.0026214,0.00249477,0,0,0.00333257,0,410,95,0.270732,0,0,0,1,0,0,0,0,0
1,cage,98,qpEnvelope,1,1,0.0778795,12057,110,15.8034,845,845,0,0.00813576,0.00249477,0,0,0.0154044,0.246662,83,61,1.3253,0,0,0,0.751742,0.241539,0.00671865,12057,3198436,11877
1,bookshelf_tall,2,isSafe,1,1,0.0175702,10033,49,19.9482,11,999,0,0.00110814,0.00249477,0,0,0,0,324,46,0.151235,0,0,0,0,0,0,0,0,0
1,bookshelf_tall,2,qpFixed,1,1,0.0132082,2341,28,11.8489,1101,1101,0,0.000619893,0.00249477,0,0,0.0108652,0,6,6,4.66667,0,0,0,1,0,0,2341,644624,2098
1,bookshelf_tall,2,qpPlain,1,1,0.0133478,2341,28,11.8489,1101,1101,0,0.000619893,0.00249477,0,0,0.0108652,0,6,6,4.66667,0,0,0,1,0,0,2341,802963,2341
1,bookshelf_tall,2,qpAdaptive,1,1,0.0109162,1786,29,11.8536,936,936,0,0.000590261,0.00249477,0,0,0.014267,0.231243,6,6,4.83333,0,0,0,0.763718,0.225644,0.0106383,1786,500411,1721
1,bookshelf_tall,2,qpFreeGate,1,1,0.0403812,10501,31,14.8686,1675,1675,0,0.00201806,0.00249477,0,0,0.00362228,0,72,17,0.430556,0,0,0,1,0,0,0,0,0
1,bookshelf_tall,2,qpEnvelope,1,1,0.00902661,1307,24,12.1179,826,826,0,0.000811505,0.00249477,0,0,0.0191409,0.133894,6,6,4,0,0,0,0.866106,0.120888,0.0130069,1307,366004,1249
1,bookshelf_tall,9,isSafe,1,1,0.0492304,27490,142,26.1038,15,1307,0,0.00175005,0.00249477,0,0,0,0,951,138,0.149317,0,0,0,0,0,0,0,0,0
1,bookshelf_tall,9,qpFixed,1,1,0.00301683,557,6,6.67814,558,558,0,0.00133198,0.00249477,0,0,0.0119895,0,1,1,6,0,0,0,1,0,0,557,159309,262
1,bookshelf_tall,9,qpPlain,1,1,0.00303389,557,6,6.67814,558,558,0,0.00133198,0.00249477,0,0,0.0119895,0,1,1,6,0,0,0,1,0,0,557,191051,557
1,bookshelf_tall,9,qpAdaptive,1,1,0.0017417,294,6,6.68206,462,462,0,0.00133198,0.00249477,0,0,0.0227281,0.319728,1,1,6,0,0,0,0.676871,0.312925,0.0102041,294,91106,250
1,bookshelf_tall,9,qpFreeGate,1,1,0.212793,54399,102,12.6174,1421,1421,0,0.00175005,0.00249477,0,0,0.00325319,0,484,98,0.210744,0,0,0,1,0,0,0,0,0
1,bookshelf_tall,9,qpEnvelope,1,1,0.00106536,145,6,6.68872,405,405,0,0.00133198,0.00249477,0,0,0.0461291,0.551724,1,1,6,0,0,0,0.441379,0.531034,0.0275862,145,44828,130
1,bookshelf_tall,16,isSafe,1,0,10.0001,3517481,40715,0,0,0,0,inf,inf,0,0,0,0,339507,40713,0.119924,0,0,0,0,0,0,0,0,0
1,bookshelf_tall,16,qpFixed,1,0,10.0007,1752367,3326,0,0,0,0,inf,inf,0,0,0.0053991,0,8236,3200,0.403837,0,0,0,1,0,0,1752367,528155253,1665280
1,bookshelf_tall,16,qpPlain,1,0,10.0008,1808925,3416,0,0,0,0,inf,inf,0,0,0.00537919,0,8522,3289,0.400845,0,0,0,1,0,0,1808925,620461275,1808925
1,bookshelf_tall,16,qpAdaptive,1,0,10.0015,1597860,3354,0,0,0,0,inf,inf,0,0,0.00597429,0.0598695,8321,3231,0.403077,0,0,0,0.939843,0.059136,0.00102137,1597860,483176819,1578157
1,bookshelf_tall,16,qpFreeGate,1,0,10.0001,2552298,4439,0,0,0,0,inf,inf,0,0,0.00239548,0,24069,4432,0.184428,0,0,0,1,0,0,0,0,0
1,bookshelf_tall,16,qpEnvelope,1,0,10.0006,1600539,3485,0,0,0,0,inf,inf,0,0,0.00622355,0.00781299,8768,3366,0.397468,0,0,0,0.992144,0.0067671,0.00108901,1600539,483825020,1593936
1,bookshelf_tall,25,isSafe,1,0,10.0072,2,1,0,0,0,0,inf,inf,0,0,0,0,0,0,0,0,0,0,0,0,0,0,0,0
1,bookshelf_tall,25,qpFixed,1,0,10.0002,1728331,7340,0,0,0,0,inf,inf,0,0,0.00738929,0,28819,7338,0.254693,0,0,0,1,0,0,1728331,516154495,1525035
1,bookshelf_tall,25,qpPlain,1,0,10,1762208,7467,0,0,0,0,inf,inf,0,0,0.00736952,0,29387,7465,0.254092,0,0,0,1,0,0,1762208,604437344,1762208
1,bookshelf_tall,25,qpAdaptive,1,0,10.0006,1580966,8222,0,0,0,0,inf,inf,0,0,0.00901881,0.114501,32735,8220,0.251168,0,0,0,0.882818,0.113841,0.00334109,1580966,475513397,1534147
1,bookshelf_tall,25,qpFreeGate,1,0,10.0001,2384831,7620,0,0,0,0,inf,inf,0,0,0.00346197,0,51177,7618,0.148895,0,0,0,1,0,0,0,0,0
1,bookshelf_tall,25,qpEnvelope,1,0,10.0006,1585736,9140,0,0,0,0,inf,inf,0,0,0.00993172,0.025252,36733,9138,0.248823,0,0,0,0.974058,0.0219326,0.00400968,1585736,476325355,1568622
1,bookshelf_tall,32,isSafe,1,0,10.0082,2,1,0,0,0,0,inf,inf,0,0,0,0,0,0,0,0,0,0,0,0,0,0,0,0
1,bookshelf_tall,32,qpFixed,1,0,10.0004,1709711,7028,0,0,0,0,inf,inf,0,0,0.00722054,0,28315,7026,0.248208,0,0,0,1,0,0,1709711,512646263,1537678
1,bookshelf_tall,32,qpPlain,1,0,10.0009,1783024,7316,0,0,0,0,inf,inf,0,0,0.00718464,0,29569,7314,0.247421,0,0,0,1,0,0,1783024,611577232,1783024
1,bookshelf_tall,32,qpAdaptive,1,0,10.0006,1584558,7902,0,0,0,0,inf,inf,0,0,0.0086663,0.11092,32127,7900,0.245961,0,0,0,0.886532,0.110431,0.00303675,1584558,478120448,1542711
1,bookshelf_tall,32,qpFreeGate,1,0,10.0004,2401410,7179,0,0,0,0,inf,inf,0,0,0.00328032,0,52287,7177,0.1373,0,0,0,1,0,0,0,0,0
1,bookshelf_tall,32,qpEnvelope,1,0,10.0007,1548157,8566,0,0,0,0,inf,inf,0,0,0.00962075,0.0333648,35141,8564,0.243761,0,0,0,0.965785,0.0303775,0.00383768,1548157,466800010,1532208
1,bookshelf_tall,39,isSafe,1,0,10,3507689,40477,0,0,0,0,inf,inf,0,0,0,0,357212,40475,0.113314,0,0,0,0,0,0,0,0,0
1,bookshelf_tall,39,qpFixed,1,0,10.0005,1734163,3297,0,0,0,0,inf,inf,0,0,0.00540472,0,8195,3173,0.402318,0,0,0,1,0,0,1734163,523598906,1652663
1,bookshelf_tall,39,qpPlain,1,0,10.0007,1758607,3334,0,0,0,0,inf,inf,0,0,0.00539619,0,8321,3210,0.400673,0,0,0,1,0,0,1758607,603202201,1758607
1,bookshelf_tall,39,qpAdaptive,1,0,10.0004,1656293,3439,0,0,0,0,inf,inf,0,0,0.00591739,0.0568317,8643,3315,0.397894,0,0,0,0.942885,0.0561363,0.000978693,1656293,501797254,1637672
1,bookshelf_tall,39,qpFreeGate,1,0,10.0005,2518364,4250,0,0,0,0,inf,inf,0,0,0.00231202,0,23483,4247,0.180982,0,0,0,1,0,0,0,0,0
1,bookshelf_tall,39,qpEnvelope,1,0,10.0005,1595412,3501,0,0,0,0,inf,inf,0,0,0.00627764,0.00961946,8833,3380,0.396355,0,0,0,0.99032,0.00856896,0.00111131,1595412,483304387,1589233
1,bookshelf_tall,46,isSafe,1,1,0.00494198,2839,15,12.9151,8,647,0,0.00299088,0.00249477,0,0,0,0,44,11,0.340909,0,0,0,0,0,0,0,0,0
1,bookshelf_tall,46,qpFixed,1,1,0.00170712,349,6,5.951,350,350,0,0.00299088,0.00249477,0,0,0.0170516,0,1,1,6,0,0,0,1,0,0,349,90779,78
1,bookshelf_tall,46,qpPlain,1,1,0.00171838,349,6,5.951,350,350,0,0.00299088,0.00249477,0,0,0.0170516,0,1,1,6,0,0,0,1,0,0,349,119707,349
1,bookshelf_tall,46,qpAdaptive,1,1,0.000517315,100,6,5.95064,336,336,0,0.00299088,0.00249477,0,0,0.0595064,0.68,1,1,6,0,0,0,0.3,0.66,0.04,100,29082,66
1,bookshelf_tall,46,qpFreeGate,1,1,0.019446,4724,18,14.4116,985,985,0,0.00299088,0.00249477,0,0,0.00626592,0,44,14,0.409091,0,0,0,1,0,0,0,0,0
1,bookshelf_tall,46,qpEnvelope,1,1,0.00031751,41,6,5.95289,317,317,0,0.00299088,0.00249477,0,0,0.145192,0.804878,1,1,6,0,0,0,0.170732,0.731707,0.097561,41,12083,26
1,bookshelf_tall,53,isSafe,1,1,0.00308216,1576,10,10.1487,7,509,0,0.00523036,0.00249477,0,0,0,0,14,6,0.714286,0,0,0,0,0,0,0,0,0
1,bookshelf_tall,53,qpFixed,1,1,0.00244946,455,7,6.1847,456,456,0,0.00415445,0.00249477,0,0,0.0135927,0,1,1,7,0,0,0,1,0,0,455,124236,268
1,bookshelf_tall,53,qpPlain,1,1,0.00224473,455,7,6.1847,456,456,0,0.00415445,0.00249477,0,0,0.0135927,0,1,1,7,0,0,0,1,0,0,455,156065,455
1,bookshelf_tall,53,qpAdaptive,1,1,0.00145287,263,7,6.19105,400,400,0,0.00424196,0.00249477,0,0,0.0235401,0.353612,1,1,7,0,0,0,0.646388,0.342205,0.0114068,263,75307,245
1,bookshelf_tall,53,qpFreeGate,1,1,0.011046,2715,12,11.0101,840,840,0,0.00523036,0.00249477,0,0,0.00638539,0,14,8,0.857143,0,0,0,1,0,0,0,0,0
1,bookshelf_tall,53,qpEnvelope,1,1,0.00101049,146,7,6.2258,373,373,0,0.00415155,0.00249477,0,0,0.0426425,0.417808,1,1,7,0,0,0,0.575342,0.39726,0.0273973,146,41939,136
1,bookshelf_tall,60,isSafe,1,0,10,3406996,39144,0,0,0,0,inf,inf,0,0,0,0,378042,39142,0.103544,0,0,0,0,0,0,0,0,0
1,bookshelf_tall,60,qpFixed,1,0,10.0006,1646465,3083,0,0,0,0,inf,inf,0,0,0.00538055,0,7821,2969,0.394195,0,0,0,1,0,0,1646465,498115726,1578421
1,bookshelf_tall,60,qpPlain,1,0,10.0008,1787327,3297,0,0,0,0,inf,inf,0,0,0.00532663,0,8560,3183,0.385164,0,0,0,1,0,0,1787327,613053161,1787327
1,bookshelf_tall,60,qpAdaptive,1,0,10.001,1581202,3205,0,0,0,0,inf,inf,0,0,0.00583263,0.0522836,8220,3088,0.389903,0,0,0,0.947454,0.0516191,0.000927145,1581202,479837967,1565205
1,bookshelf_tall,60,qpFreeGate,1,0,10.0005,2543631,3971,0,0,0,0,inf,inf,0,0,0.00221034,0,23434,3967,0.169455,0,0,0,1,0,0,0,0,0
1,bookshelf_tall,60,qpEnvelope,1,0,10.0005,1595531,3334,0,0,0,0,inf,inf,0,0,0.00611978,0.0114307,8818,3215,0.37809,0,0,0,0.988499,0.0104423,0.00105858,1595531,483970404,1589863
1,bookshelf_tall,68,isSafe,1,1,0.00245427,1336,9,10.5203,7,528,0,0.0039897,0.00249477,0,0,0,0,15,5,0.6,0,0,0,0,0,0,0,0,0
1,bookshelf_tall,68,qpFixed,1,1,0.00210614,444,6,6.42319,445,445,0,0.0037076,0.00249477,0,0,0.0144666,0,1,1,6,0,0,0,1,0,0,444,113475,139
1,bookshelf_tall,68,qpPlain,1,1,0.00211036,444,6,6.42319,445,445,0,0.0037076,0.00249477,0,0,0.0144666,0,1,1,6,0,0,0,1,0,0,444,152292,444
1,bookshelf_tall,68,qpAdaptive,1,1,0.000896477,168,6,6.42305,383,383,0,0.0037076,0.00249477,0,0,0.0382324,0.47619,1,1,6,0,0,0,0.52381,0.458333,0.0178571,168,48430,125
1,bookshelf_tall,68,qpFreeGate,1,1,0.00811705,1968,11,11.189,940,940,0,0.00301457,0.00249477,0,0,0.0072153,0,13,5,0.846154,0,0,0,1,0,0,0,0,0
1,bookshelf_tall,68,qpEnvelope,1,1,0.000461669,63,6,6.41313,345,345,0,0.0037076,0.00249477,0,0,0.101796,0.396825,1,1,6,0,0,0,0.603175,0.333333,0.0634921,63,18302,50
1,bookshelf_tall,75,isSafe,1,0,10,3406300,39204,0,0,0,0,inf,inf,0,0,0,0,394489,39202,0.0993792,0,0,0,0,0,0,0,0,0
1,bookshelf_tall,75,qpFixed,1,0,10.0003,1760180,3211,0,0,0,0,inf,inf,0,0,0.00529368,0,8446,3098,0.38018,0,0,0,1,0,0,1760180,533987241,1691426
1,bookshelf_tall,75,qpPlain,1,0,10.001,1767744,3226,0,0,0,0,inf,inf,0,0,0.00529318,0,8483,3113,0.38029,0,0,0,1,0,0,1767744,606336192,1767744
1,bookshelf_tall,75,qpAdaptive,1,0,10.0001,1644531,3311,0,0,0,0,inf,inf,0,0,0.00582796,0.0665247,8717,3198,0.379833,0,0,0,0.933166,0.0658256,0.0010088,1644531,500441388,1627711
1,bookshelf_tall,75,qpFreeGate,1,0,10.0002,2615576,4081,0,0,0,0,inf,inf,0,0,0.00214838,0,25100,4077,0.16259,0,0,0,1,0,0,0,0,0
1,bookshelf_tall,75,qpEnvelope,1,0,10.0002,1616075,3416,0,0,0,0,inf,inf,0,0,0.00612606,0.0136473,9113,3297,0.374849,0,0,0,0.986276,0.0125743,0.0011497,1616075,492088002,1610135
1,bookshelf_tall,82,isSafe,1,1,0.00252035,1548,10,13.0083,8,652,0,0.00245054,0.00249477,0,0,0,0,12,5,0.833333,0,0,0,0,0,0,0,0,0
1,bookshelf_tall,82,qpFixed,1,1,0.0131379,2383,16,14.9547,1191,1191,0,0.000394054,0.00249477,0,0,0.0107803,0,6,6,2.66667,0,0,0,1,0,0,2383,630035,1665
1,bookshelf_tall,82,qpPlain,1,1,0.013404,2383,16,14.9547,1191,1191,0,0.000394054,0.00249477,0,0,0.0107803,0,6,6,2.66667,0,0,0,1,0,0,2383,817369,2383
1,bookshelf_tall,82,qpAdaptive,1,1,0.0089117,1469,16,14.9629,1058,1058,0,0.000398086,0.00249477,0,0,0.0174963,0.189244,6,6,2.66667,0,0,0,0.808713,0.183799,0.00748809,1469,409380,1365
1,bookshelf_tall,82,qpFreeGate,1,1,0.0104653,2543,20,13.3728,1151,1151,0,0.00245054,0.00249477,0,0,0.00740086,0,12,7,1.66667,0,0,0,1,0,0,0,0,0
1,bookshelf_tall,82,qpEnvelope,1,1,0.0070846,1081,16,14.8481,952,952,0,0.000303947,0.00249477,0,0,0.0239806,0.149861,6,6,2.66667,0,0,0,0.847364,0.141536,0.0111008,1081,303886,1040
1,bookshelf_tall,89,isSafe,1,1,0.00215117,1233,9,12.1034,8,607,0,0.00835207,0.00249477,0,0,0,0,6,4,1.5,0,0,0,0,0,0,0,0,0
1,bookshelf_tall,89,qpFixed,1,1,0.0127416,2265,20,14.9255,1166,1166,0,0.00351722,0.00249477,0,0,0.0100496,0,6,5,3.33333,0,0,0,1,0,0,2265,650953,1713
1,bookshelf_tall,89,qpPlain,1,1,0.0126261,2265,20,14.9255,1166,1166,0,0.00351722,0.00249477,0,0,0.0100496,0,6,5,3.33333,0,0,0,1,0,0,2265,776895,2265
1,bookshelf_tall,89,qpAdaptive,1,1,0.00753887,1210,13,12.8537,818,818,0,0.00351722,0.00249477,0,0,0.0160254,0.266942,6,4,2.16667,0,0,0,0.730579,0.261983,0.00743802,1210,362479,1111
1,bookshelf_tall,89,qpFreeGate,1,1,0.0106853,2646,11,15.3131,1347,1347,0,0.00444274,0.00249477,0,0,0.00646968,0,11,6,1,0,0,0,1,0,0,0,0,0
1,bookshelf_tall,89,qpEnvelope,1,1,0.0059645,849,15,15.7402,1030,1030,0,0.00104767,0.00249477,0,0,0.023712,0.248528,5,4,3,0,0,0,0.749117,0.242638,0.00824499,849,255658,823
1,bookshelf_tall,98,isSafe,1,0,10,3459705,39956,0,0,0,0,inf,inf,0,0,0,0,372420,39954,0.107287,0,0,0,0,0,0,0,0,0
1,bookshelf_tall,98,qpFixed,1,0,10.0009,1765106,3277,0,0,0,0,inf,inf,0,0,0.00531726,0,8347,3152,0.392596,0,0,0,1,0,0,1765106,535806807,1686775
1,bookshelf_tall,98,qpPlain,1,0,10.0007,1789639,3326,0,0,0,0,inf,inf,0,0,0.00531129,0,8468,3201,0.392773,0,0,0,1,0,0,1789639,613846177,1789639
1,bookshelf_tall,98,qpAdaptive,1,0,10,1613455,3295,0,0,0,0,inf,inf,0,0,0.00585152,0.0566573,8412,3170,0.391702,0,0,0,0.943038,0.0559632,0.000998479,1613455,491413624,1595371
1,bookshelf_tall,98,qpFreeGate,1,0,10.0001,2592841,4187,0,0,0,0,inf,inf,0,0,0.00221709,0,24436,4183,0.171346,0,0,0,1,0,0,0,0,0
1,bookshelf_tall,98,qpEnvelope,1,0,10.0001,1596258,3423,0,0,0,0,inf,inf,0,0,0.00615083,0.0109381,8861,3294,0.3863,0,0,0,0.988988,0.00992572,0.00108629,1596258,484731360,1589508
1,bookshelf_thin,5,isSafe,1,0,10.002,2,1,0,0,0,0,inf,inf,0,0,0,0,0,0,0,0,0,0,0,0,0,0,0,0
1,bookshelf_thin,5,qpFixed,1,0,10.0003,1799002,7811,0,0,0,0,inf,inf,0,0,0.00750455,0,29917,7809,0.261089,0,0,0,1,0,0,1799002,533247210,1551250
1,bookshelf_thin,5,qpPlain,1,0,10.0009,1777170,7712,0,0,0,0,inf,inf,0,0,0.00751067,0,29523,7710,0.26122,0,0,0,1,0,0,1777170,609569310,1777170
1,bookshelf_thin,5,qpAdaptive,1,0,10.0006,1610329,8672,0,0,0,0,inf,inf,0,0,0.00922938,0.0941578,33495,8670,0.258904,0,0,0,0.903603,0.0929687,0.00342796,1610329,480848421,1560509
1,bookshelf_thin,5,qpFreeGate,1,0,10.0002,2408637,8217,0,0,0,0,inf,inf,0,0,0.00371027,0,52375,8215,0.156888,0,0,0,1,0,0,0,0,0
1,bookshelf_thin,5,qpEnvelope,1,0,10.0004,1595115,9314,0,0,0,0,inf,inf,0,0,0.0100135,0.0142723,36349,9312,0.256238,0,0,0,0.985354,0.010745,0.00390082,1595115,475505536,1578947
1,bookshelf_thin,12,isSafe,1,1,0.0108065,5769,30,15.5576,9,779,0,0.00359391,0.00249477,0,0,0,0,139,26,0.215827,0,0,0,0,0,0,0,0,0
1,bookshelf_thin,12,qpFixed,1,1,0.00567824,1093,8,9.58222,928,928,0,0.00338908,0.00249477,0,0,0.00952698,0,2,2,4,0,0,0,1,0,0,1093,290143,605
1,bookshelf_thin,12,qpPlain,1,1,0.00592942,1093,8,9.58222,928,928,0,0.00338908,0.00249477,0,0,0.00952698,0,2,2,4,0,0,0,1,0,0,1093,374899,1093
1,bookshelf_thin,12,qpAdaptive,1,1,0.00287295,497,8,9.58616,640,640,0,0.00338908,0.00249477,0,0,0.0209607,0.460765,2,2,4,0,0,0,0.535211,0.454728,0.0100604,497,139327,411
1,bookshelf_thin,12,qpFreeGate,1,1,0.0822305,20532,52,18.8933,1725,1725,0,0.000924925,0.00249477,0,0,0.00441833,0,153,45,0.339869,0,0,0,1,0,0,0,0,0
1,bookshelf_thin,12,qpEnvelope,1,1,0.00151923,206,8,9.6064,557,557,0,0.00338908,0.00249477,0,0,0.0506727,0.737864,2,2,4,0,0,0,0.262136,0.708738,0.0291262,206,57841,178
1,bookshelf_thin,19,isSafe,1,1,0.0483818,26919,137,15.5883,9,781,0,0.0063041,0.00249477,0,0,0,0,1114,134,0.12298,0,0,0,0,0,0,0,0,0
1,bookshelf_thin,19,qpFixed,1,1,0.0477576,8589,54,28.7472,2536,2536,0,0.000309026,0.00249477,0,0,0.0090923,0,28,22,1.92857,0,0,0,1,0,0,8589,2377986,6402
1,bookshelf_thin,19,qpPlain,1,1,0.0490829,8589,54,28.7472,2536,2536,0,0.000309026,0.00249477,0,0,0.0090923,0,28,22,1.92857,0,0,0,1,0,0,8589,2946027,8589
1,bookshelf_thin,19,qpAdaptive,1,1,0.0363951,6012,54,28.7613,2211,2211,0,0.000311052,0.00249477,0,0,0.0130018,0.177146,28,22,1.92857,0,0,0,0.821025,0.17332,0.00565536,6012,1693373,5396
1,bookshelf_thin,19,qpFreeGate,1,1,0.0715645,17804,47,14.5643,1434,1434,0,0.00525969,0.00249477,0,0,0.00469722,0,153,42,0.30719,0,0,0,1,0,0,0,0,0
1,bookshelf_thin,19,qpEnvelope,1,1,0.0303113,4858,50,28.7837,1951,1951,0,0.000311679,0.00249477,0,0,0.0161364,0.0617538,28,22,1.78571,0,0,0,0.937011,0.0559901,0.00699876,4858,1353701,4600
1,bookshelf_thin,26,isSafe,1,0,10.0006,2,1,0,0,0,0,inf,inf,0,0,0,0,0,0,0,0,0,0,0,0,0,0,0,0
1,bookshelf_thin,26,qpFixed,1,0,10.0001,1807665,7745,0,0,0,0,inf,inf,0,0,0.00745898,0,30001,7743,0.258158,0,0,0,1,0,0,1807665,537269745,1565225
1,bookshelf_thin,26,qpPlain,1,0,10.0001,1769363,7593,0,0,0,0,inf,inf,0,0,0.00747656,0,29333,7591,0.258855,0,0,0,1,0,0,1769363,606891509,1769363
1,bookshelf_thin,26,qpAdaptive,1,0,10.0001,1592198,8446,0,0,0,0,inf,inf,0,0,0.00918906,0.102331,33029,8444,0.255715,0,0,0,0.895285,0.101295,0.00342003,1592198,477048949,1542099
1,bookshelf_thin,26,qpFreeGate,1,0,10,2374658,8036,0,0,0,0,inf,inf,0,0,0.00370758,0,51337,8034,0.156534,0,0,0,1,0,0,0,0,0
1,bookshelf_thin,26,qpEnvelope,1,0,10.0006,1555678,9033,0,0,0,0,inf,inf,0,0,0.0101148,0.0175017,35783,9031,0.252438,0,0,0,0.98203,0.013967,0.00400262,1555678,464947083,1539503
1,bookshelf_thin,33,isSafe,1,1,0.00317934,1804,11,11.5524,7,579,0,0.00670894,0.00249477,0,0,0,0,29,7,0.37931,0,0,0,0,0,0,0,0,0
1,bookshelf_thin,33,qpFixed,1,1,0.015,2666,18,14.361,1351,1351,0,0.000415993,0.00249477,0,0,0.00862324,0,7,7,2.57143,0,0,0,1,0,0,2666,757737,2302
1,bookshelf_thin,33,qpPlain,1,1,0.0150429,2666,18,14.361,1351,1351,0,0.000415993,0.00249477,0,0,0.00862324,0,7,7,2.57143,0,0,0,1,0,0,2666,914438,2666
1,bookshelf_thin,33,qpAdaptive,1,1,0.0120014,1990,18,14.3846,1091,1091,0,0.000415993,0.00249477,0,0,0.0115355,0.251759,7,7,2.57143,0,0,0,0.747236,0.248744,0.0040201,1990,580791,1875
1,bookshelf_thin,33,qpFreeGate,1,1,0.037045,9403,25,17.319,1439,1439,0,0.00677976,0.00249477,0,0,0.00421669,0,67,18,0.373134,0,0,0,1,0,0,0,0,0
1,bookshelf_thin,33,qpEnvelope,1,1,0.0091003,1359,18,14.4189,983,983,0,0.000405086,0.00249477,0,0,0.0170113,0.337013,7,7,2.57143,0,0,0,0.66078,0.329654,0.00956586,1359,393293,1309
1,bookshelf_thin,40,isSafe,1,0,10.0039,2,1,0,0,0,0,inf,inf,0,0,0,0,0,0,0,0,0,0,0,0,0,0,0,0
1,bookshelf_thin,40,qpFixed,1,1,0.0150998,2834,23,9.38878,755,755,0,0.000813942,0.00249477,0,0,0.0096724,0,9,7,2.55556,0,0,0,1,0,0,2834,660395,2412
1,bookshelf_thin,40,qpPlain,1,1,0.016429,2834,23,9.38878,755,755,0,0.000813942,0.00249477,0,0,0.0096724,0,9,7,2.55556,0,0,0,1,0,0,2834,972062,2834
1,bookshelf_thin,40,qpAdaptive,1,1,0.0115794,2052,25,9.39911,637,637,0,0.000823563,0.00249477,0,0,0.0133696,0.140838,9,7,2.77778,0,0,0,0.85575,0.137427,0.00682261,2052,473139,1997
1,bookshelf_thin,40,qpFreeGate,1,0,10.0003,2399752,8041,0,0,0,0,inf,inf,0,0,0.00361971,0,52025,8039,0.15456,0,0,0,1,0,0,0,0,0
1,bookshelf_thin,40,qpEnvelope,1,1,0.0182056,2994,38,19.0447,1187,1187,0,0.000762939,0.00249477,0,0,0.0165411,0.0975284,19,14,2,0,0,0,0.900134,0.0915164,0.00835003,2994,707672,2956
1,bookshelf_thin,47,isSafe,1,1,0.091245,50259,240,13.755,9,689,0,0.00415756,0.00249477,0,0,0,0,2038,236,0.117763,0,0,0,0,0,0,0,0,0
1,bookshelf_thin,47,qpFixed,1,1,0.00408088,796,12,8.98247,576,576,0,0.00534867,0.00249477,0,0,0.0143444,0,2,2,6,0,0,0,1,0,0,796,192730,397
1,bookshelf_thin,47,qpPlain,1,1,0.00435375,796,12,8.98247,576,576,0,0.00534867,0.00249477,0,0,0.0143444,0,2,2,6,0,0,0,1,0,0,796,273028,796
1,bookshelf_thin,47,qpAdaptive,1,1,0.00199174,360,12,8.99097,496,496,0,0.00534867,0.00249477,0,0,0.031734,0.136111,2,2,6,0,0,0,0.855556,0.119444,0.025,360,86765,336
1,bookshelf_thin,47,qpFreeGate,1,1,0.124754,31467,82,11.995,1021,1021,0,0.00340278,0.00249477,0,0,0.00427745,0,358,76,0.22905,0,0,0,1,0,0,0,0,0
1,bookshelf_thin,47,qpEnvelope,1,1,0.00150132,243,13,8.99185,476,476,0,0.00534867,0.00249477,0,0,0.0470156,0.17284,2,2,6.5,0,0,0,0.8107,0.148148,0.0411523,243,57408,232
1,bookshelf_thin,54,isSafe,1,1,0.0262278,15047,78,12.0833,8,606,0,0.00666641,0.00249477,0,0,0,0,400,74,0.195,0,0,0,0,0,0,0,0,0
1,bookshelf_thin,54,qpFixed,1,1,0.00456746,828,10,9.27888,732,732,0,0.000273808,0.00249477,0,0,0.0115776,0,2,2,5,0,0,0,1,0,0,828,212075,680
1,bookshelf_thin,54,qpPlain,1,1,0.00475579,828,10,9.27888,732,732,0,0.000273808,0.00249477,0,0,0.0115776,0,2,2,5,0,0,0,1,0,0,828,284004,828
1,bookshelf_thin,54,qpAdaptive,1,1,0.00316559,572,10,9.27389,693,693,0,0.000273808,0.00249477,0,0,0.0167504,0.211538,2,2,5,0,0,0,0.781469,0.208042,0.0104895,572,146337,533
1,bookshelf_thin,54,qpFreeGate,1,1,0.162962,43413,104,9.92559,680,680,0,0.00635433,0.00249477,0,0,0.00420389,0,368,99,0.282609,0,0,0,1,0,0,0,0,0
1,bookshelf_thin,54,qpEnvelope,1,1,0.00259985,440,10,9.28766,648,648,0,0.000273808,0.00249477,0,0,0.0218036,0.161364,2,2,5,0,0,0,0.831818,0.152273,0.0159091,440,110828,425
1,bookshelf_thin,61,isSafe,1,1,0.0164476,9031,43,6.96575,5,350,0,0.00587617,0.00249477,0,0,0,0,224,39,0.191964,0,0,0,0,0,0,0,0,0
1,bookshelf_thin,61,qpFixed,1,1,0.0025918,524,6,5.88724,525,525,4,-0.00150442,0.00249477,0,0,0.0112352,0,1,1,6,0,0,0,1,0,0,524,138662,216
1,bookshelf_thin,61,qpPlain,1,1,0.00264122,524,6,5.88724,525,525,4,-0.00150442,0.00249477,0,0,0.0112352,0,1,1,6,0,0,0,1,0,0,524,179732,524
1,bookshelf_thin,61,qpAdaptive,1,1,0.0011118,206,6,5.8644,394,394,4,-0.00208369,0.00249477,0,0,0.0284679,0.271845,1,1,6,0,0,0,0.723301,0.262136,0.0145631,206,57519,161
1,bookshelf_thin,61,qpFreeGate,1,1,0.491064,124991,281,24.9598,2156,2156,0,0.00310433,0.00249477,0,0,0.00364382,0,1360,275,0.206618,0,0,0,1,0,0,0,0,0
1,bookshelf_thin,61,qpEnvelope,1,1,0.000753521,108,6,5.84895,345,345,4,-0.00190107,0.00249477,0,0,0.054157,0.37963,1,1,6,0,0,0,0.611111,0.351852,0.037037,108,30532,80
1,bookshelf_thin,68,isSafe,1,0,10.007,2,1,0,0,0,0,inf,inf,0,0,0,0,0,0,0,0,0,0,0,0,0,0,0,0
1,bookshelf_thin,68,qpFixed,1,0,10.0004,1755585,3299,0,0,0,0,inf,inf,0,0,0.00545503,0,8312,3174,0.396896,0,0,0,1,0,0,1755585,529453445,1664946
1,bookshelf_thin,68,qpPlain,1,0,10.001,1786937,3358,0,0,0,0,inf,inf,0,0,0.00544747,0,8467,3233,0.396599,0,0,0,1,0,0,1786937,612919391,1786937
1,bookshelf_thin,68,qpAdaptive,1,0,10.0009,1621012,3368,0,0,0,0,inf,inf,0,0,0.00602476,0.0561378,8496,3243,0.396422,0,0,0,0.943592,0.055362,0.00104627,1621012,490708974,1600802
1,bookshelf_thin,68,qpFreeGate,1,0,10.0004,2397982,8102,0,0,0,0,inf,inf,0,0,0.00366667,0,51931,8100,0.156015,0,0,0,1,0,0,0,0,0
1,bookshelf_thin,68,qpEnvelope,1,0,10.0009,1617171,3499,0,0,0,0,inf,inf,0,0,0.00628527,0.00619848,8887,3380,0.393721,0,0,0,0.993764,0.00513615,0.00110007,1617171,489313988,1610734
1,bookshelf_thin,75,isSafe,1,1,0.0121958,6588,35,12.3938,8,621,0,0.00252384,0.00249477,0,0,0,0,198,31,0.176768,0,0,0,0,0,0,0,0,0
1,bookshelf_thin,75,qpFixed,1,1,0.0122651,2201,16,12.7436,1109,1109,0,0.000851586,0.00249477,0,0,0.0104499,0,6,5,2.66667,0,0,0,1,0,0,2201,635001,1799
1,bookshelf_thin,75,qpPlain,1,1,0.0121186,2201,16,12.7436,1109,1109,0,0.000851586,0.00249477,0,0,0.0104499,0,6,5,2.66667,0,0,0,1,0,0,2201,754943,2201
1,bookshelf_thin,75,qpAdaptive,1,1,0.00956411,1564,16,12.74,943,943,0,0.000851546,0.00249477,0,0,0.0147036,0.306905,6,5,2.66667,0,0,0,0.691816,0.30179,0.00639386,1564,460185,1466
1,bookshelf_thin,75,qpFreeGate,1,1,0.0628915,16062,49,18.3503,1617,1617,0,0.00509919,0.00249477,0,0,0.00444682,0,97,33,0.505155,0,0,0,1,0,0,0,0,0
1,bookshelf_thin,75,qpEnvelope,1,1,0.00633495,937,16,12.7829,813,813,0,0.000851546,0.00249477,0,0,0.0245835,0.322305,6,5,2.66667,0,0,0,0.67556,0.311633,0.0128068,937,276404,907
1,bookshelf_thin,83,isSafe,1,1,0.0117013,6551,34,16.862,10,845,0,0.00554979,0.00249477,0,0,0,0,147,30,0.231293,0,0,0,0,0,0,0,0,0
1,bookshelf_thin,83,qpFixed,1,1,0.0378198,6575,33,23.7307,2008,2008,190,-0.00205892,0.00249477,0,0,0.00872311,0,30,18,1.1,0,0,0,1,0,0,6575,1731307,5231
1,bookshelf_thin,83,qpPlain,1,1,0.0404073,6575,33,23.7307,2008,2008,190,-0.00205892,0.00249477,0,0,0.00872311,0,30,18,1.1,0,0,0,1,0,0,6575,2255225,6575
1,bookshelf_thin,83,qpAdaptive,1,1,0.0307038,4814,33,23.7408,1923,1923,200,-0.00205898,0.00249477,0,0,0.0119168,0.160366,30,18,1.1,0,0,0,0.837973,0.157042,0.00498546,4814,1286845,4603
1,bookshelf_thin,83,qpFreeGate,1,1,0.0447843,11362,41,14.6868,1239,1239,0,0.00213366,0.00249477,0,0,0.0050301,0,81,29,0.506173,0,0,0,1,0,0,0,0,0
1,bookshelf_thin,83,qpEnvelope,1,1,0.026832,4007,33,23.7392,1765,1765,189,-0.00206759,0.00249477,0,0,0.0143529,0.0768655,30,18,1.1,0,0,0,0.922386,0.0711255,0.00648864,4007,1073430,3960
1,bookshelf_thin,90,isSafe,1,0,10.0036,2,1,0,0,0,0,inf,inf,0,0,0,0,0,0,0,0,0,0,0,0,0,0,0,0
1,bookshelf_thin,90,qpFixed,1,0,10.0003,1743746,7381,0,0,0,0,inf,inf,0,0,0.0074609,0,28833,7379,0.255991,0,0,0,1,0,0,1743746,517770724,1512023
1,bookshelf_thin,90,qpPlain,1,0,10.0006,1748806,7405,0,0,0,0,inf,inf,0,0,0.00745899,0,28925,7403,0.256007,0,0,0,1,0,0,1748806,599840458,1748806
1,bookshelf_thin,90,qpAdaptive,1,0,10.0015,1598322,8361,0,0,0,0,inf,inf,0,0,0.00914484,0.0992203,33057,8359,0.252927,0,0,0,0.898445,0.0981201,0.00343454,1598322,477831370,1548555
1,bookshelf_thin,90,qpFreeGate,1,0,10.0001,2368127,7955,0,0,0,0,inf,inf,0,0,0.0036595,0,50925,7953,0.15621,0,0,0,1,0,0,0,0,0
1,bookshelf_thin,90,qpEnvelope,1,0,10.0002,1571770,8957,0,0,0,0,inf,inf,0,0,0.00996017,0.0162447,35705,8955,0.250861,0,0,0,0.983322,0.0127835,0.0038946,1571770,469224905,1555484
1,bookshelf_thin,97,isSafe,1,0,10.0036,2,1,0,0,0,0,inf,inf,0,0,0,0,0,0,0,0,0,0,0,0,0,0,0,0
1,bookshelf_thin,97,qpFixed,1,1,0.00343142,608,7,8.3817,609,609,0,0.000712621,0.00249477,0,0,0.0137857,0,1,1,7,0,0,0,1,0,0,608,150510,255
1,bookshelf_thin,97,qpPlain,1,1,0.00356038,608,7,8.3817,609,609,0,0.000712621,0.00249477,0,0,0.0137857,0,1,1,7,0,0,0,1,0,0,608,208544,608
1,bookshelf_thin,97,qpAdaptive,1,1,0.00180194,286,7,8.3811,526,526,0,0.000712621,0.00249477,0,0,0.0293045,0.27972,1,1,7,0,0,0,0.716783,0.269231,0.013986,286,78092,247
1,bookshelf_thin,97,qpFreeGate,1,0,10.0002,2404616,7970,0,0,0,0,inf,inf,0,0,0.00363807,0,51687,7968,0.154197,0,0,0,1,0,0,0,0,0
1,bookshelf_thin,97,qpEnvelope,1,1,0.00140677,217,7,8.38604,504,504,0,0.000712621,0.00249477,0,0,0.0386453,0.138249,1,1,7,0,0,0,0.857143,0.124424,0.0184332,217,59112,193
1,table_under_pick,4,isSafe,1,1,0.00242751,1133,8,10.3498,7,519,0,0.00705673,0.00249477,0,0,0,0,17,3,0.470588,0,0,0,0,0,0,0,0,0
1,table_under_pick,4,qpFixed,1,1,0.00831337,1459,12,7.08244,579,579,0,0.00641458,0.00249477,0,0,0.0107047,0,4,4,3,0,0,0,1,0,0,1459,417761,1238
1,table_under_pick,4,qpPlain,1,1,0.00826472,1459,12,7.08244,579,579,0,0.00641458,0.00249477,0,0,0.0107047,0,4,4,3,0,0,0,1,0,0,1459,500437,1459
1,table_under_pick,4,qpAdaptive,1,1,0.00611573,1008,12,7.08532,510,510,0,0.00641561,0.00249477,0,0,0.0154936,0.303571,4,4,3,0,0,0,0.693452,0.301587,0.00496032,1008,292307,950
1,table_under_pick,4,qpFreeGate,1,1,0.0143255,3449,14,16.281,1449,1449,0,0.000272462,0.00249477,0,0,0.00604805,0,25,10,0.56,0,0,0,1,0,0,0,0,0
1,table_under_pick,4,qpEnvelope,1,1,0.00423715,608,12,7.09421,418,418,0,0.00614766,0.00249477,0,0,0.0257208,0.422697,4,4,3,0,0,0,0.572368,0.412829,0.0148026,608,176988,575
1,table_under_pick,11,isSafe,1,0,2.0697e-05,1,0,0,0,0,0,inf,inf,0,0,0,0,0,0,0,0,0,0,0,0,0,0,0,0
1,table_under_pick,11,qpFixed,1,0,10.001,1726379,7422,0,0,0,0,inf,inf,0,0,0.00749954,0,28574,7420,0.259747,0,0,0,1,0,0,1726379,513916192,1501824
1,table_under_pick,11,qpPlain,1,0,10.0004,1755252,7540,0,0,0,0,inf,inf,0,0,0.00748487,0,29078,7538,0.259303,0,0,0,1,0,0,1755252,602051436,1755252
1,table_under_pick,11,qpAdaptive,1,0,10.0009,1615497,8519,0,0,0,0,inf,inf,0,0,0.00910622,0.0946043,33232,8517,0.256349,0,0,0,0.903203,0.093505,0.00329233,1615497,484732644,1563928
1,table_under_pick,11,qpFreeGate,1,0,10.0002,2410884,8211,0,0,0,0,inf,inf,0,0,0.00368011,0,53094,8209,0.15465,0,0,0,1,0,0,0,0,0
1,table_under_pick,11,qpEnvelope,1,0,10.0007,1576704,9009,0,0,0,0,inf,inf,0,0,0.00988623,0.0156504,35484,9007,0.253889,0,0,0,0.983928,0.0123055,0.00376656,1576704,472157281,1557655
1,table_under_pick,18,isSafe,1,1,0.0117049,6347,30,15.55,9,779,0,0.00599927,0.00249477,0,0,0,0,266,27,0.112782,0,0,0,0,0,0,0,0,0
1,table_under_pick,18,qpFixed,1,1,0.00811493,1564,16,13.7548,978,978,0,0.00412033,0.00249477,0,0,0.0132435,0,3,3,5.33333,0,0,0,1,0,0,1564,397394,668
1,table_under_pick,18,qpPlain,1,1,0.00836438,1564,16,13.7548,978,978,0,0.00412033,0.00249477,0,0,0.0132435,0,3,3,5.33333,0,0,0,1,0,0,1564,536452,1564
1,table_under_pick,18,qpAdaptive,1,1,0.00307609,517,15,13.7578,809,809,0,0.00412013,0.00249477,0,0,0.0400794,0.553191,3,3,5,0,0,0,0.44294,0.533849,0.0232108,517,149294,399
1,table_under_pick,18,qpFreeGate,1,1,0.0256649,7073,10,10.5518,1075,1075,0,0.00182868,0.00249477,0,0,0.00198042,0,101,5,0.0990099,0,0,0,1,0,0,0,0,0
1,table_under_pick,18,qpEnvelope,1,1,0.00179656,266,15,13.7558,758,758,0,0.0041151,0.00249477,0,0,0.0779822,0.462406,3,3,5,0,0,0,0.530075,0.417293,0.0526316,266,75882,215
1,table_under_pick,25,isSafe,1,1,0.0020777,1054,7,9.74239,6,489,0,0.00662873,0.00249477,0,0,0,0,40,4,0.175,0,0,0,0,0,0,0,0,0
1,table_under_pick,25,qpFixed,1,1,0.00561759,966,10,10.0036,777,777,0,0.000843269,0.00249477,0,0,0.0112786,0,4,3,2.5,0,0,0,1,0,0,966,285856,851
1,table_under_pick,25,qpPlain,1,1,0.00530422,966,10,10.0036,777,777,0,0.000843269,0.00249477,0,0,0.0112786,0,4,3,2.5,0,0,0,1,0,0,966,331338,966
1,table_under_pick,25,qpAdaptive,1,1,0.00385946,696,10,10.0032,712,712,0,0.000848138,0.00249477,0,0,0.0156573,0.373563,4,3,2.5,0,0,0,0.623563,0.369253,0.00718391,696,203233,660
1,table_under_pick,25,qpFreeGate,1,1,0.0232377,5654,17,15.3867,1369,1369,0,0.00568511,0.00249477,0,0,0.0047627,0,34,12,0.5,0,0,0,1,0,0,0,0,0
1,table_under_pick,25,qpEnvelope,1,1,0.00271812,420,10,9.99457,659,659,0,0.000946245,0.00249477,0,0,0.0259461,0.421429,4,3,2.5,0,0,0,0.57619,0.404762,0.0190476,420,120923,408
1,table_under_pick,32,isSafe,1,1,0.00329888,1702,11,10.049,7,504,0,0.000472487,0.00249477,0,0,0,0,55,7,0.2,0,0,0,0,0,0,0,0,0
1,table_under_pick,32,qpFixed,1,1,0.0185764,3112,33,20.8985,1800,1800,0,0.00236112,0.00249477,0,0,0.0101572,0,10,10,3.3,0,0,0,1,0,0,3112,901004,3015
1,table_under_pick,32,qpPlain,1,1,0.0183054,3112,33,20.8985,1800,1800,0,0.00236112,0.00249477,0,0,0.0101572,0,10,10,3.3,0,0,0,1,0,0,3112,1067416,3112
1,table_under_pick,32,qpAdaptive,1,1,0.0148744,2340,34,20.9804,1621,1621,0,0.00230887,0.00249477,0,0,0.0135308,0.25641,10,10,3.4,0,0,0,0.741026,0.25,0.00897436,2340,683904,2305
1,table_under_pick,32,qpFreeGate,1,1,0.0259108,6681,18,13.9563,1431,1431,0,0.00358841,0.00249477,0,0,0.00324474,0,55,14,0.327273,0,0,0,1,0,0,0,0,0
1,table_under_pick,32,qpEnvelope,1,1,0.0110963,1665,35,21.0103,1376,1376,0,0.00216568,0.00249477,0,0,0.0190181,0.168168,10,10,3.5,0,0,0,0.828829,0.154955,0.0162162,1665,487810,1654
1,table_under_pick,39,isSafe,1,1,0.00187385,952,7,7.21266,5,362,0,0.000980318,0.00249477,0,0,0,0,11,4,0.636364,0,0,0,0,0,0,0,0,0
1,table_under_pick,39,qpFixed,1,1,0.00903917,1641,13,14.4528,1149,1149,0,0.000471805,0.00249477,0,0,0.0114735,0,5,5,2.6,0,0,0,1,0,0,1641,412656,1324
1,table_under_pick,39,qpPlain,1,1,0.00935143,1641,13,14.4528,1149,1149,0,0.000471805,0.00249477,0,0,0.0114735,0,5,5,2.6,0,0,0,1,0,0,1641,562863,1641
1,table_under_pick,39,qpAdaptive,1,1,0.00651777,1121,13,14.4537,1029,1029,0,0.000469541,0.00249477,0,0,0.0168077,0.364853,5,5,2.6,0,0,0,0.632471,0.363069,0.0044603,1121,282140,1071
1,table_under_pick,39,qpFreeGate,1,1,0.0310833,7868,24,9.00068,795,795,0,0.00184794,0.00249477,0,0,0.00439944,0,73,20,0.328767,0,0,0,1,0,0,0,0,0
1,table_under_pick,39,qpEnvelope,1,1,0.00504588,782,13,14.4451,929,929,0,0.000456403,0.00249477,0,0,0.0240964,0.345269,5,5,2.6,0,0,0,0.648338,0.342711,0.00895141,782,198277,763
1,table_under_pick,46,isSafe,1,1,0.00521927,2811,16,10.4759,7,525,0,0.00651309,0.00249477,0,0,0,0,68,12,0.235294,0,0,0,0,0,0,0,0,0
1,table_under_pick,46,qpFixed,1,1,0.00414028,787,8,8.84025,788,788,0,0.000300652,0.00249477,0,0,0.0112329,0,1,1,8,0,0,0,1,0,0,787,227554,642
1,table_under_pick,46,qpPlain,1,1,0.00405329,787,8,8.84025,788,788,0,0.000300652,0.00249477,0,0,0.0112329,0,1,1,8,0,0,0,1,0,0,787,269941,787
1,table_under_pick,46,qpAdaptive,1,1,0.00330904,641,8,8.8412,748,748,0,0.000305209,0.00249477,0,0,0.0137928,0.160686,1,1,8,0,0,0,0.839314,0.156006,0.00468019,641,184023,589
1,table_under_pick,46,qpFreeGate,1,1,0.0661671,17037,41,17.631,1919,1919,0,0.000437391,0.00249477,0,0,0.00366068,0,127,34,0.322835,0,0,0,1,0,0,0,0,0
1,table_under_pick,46,qpEnvelope,1,1,0.00275098,486,8,8.83921,676,676,0,0.000313386,0.00249477,0,0,0.0181877,0.102881,1,1,8,0,0,0,0.897119,0.0946502,0.00823045,486,141128,466
1,table_under_pick,53,isSafe,1,0,10.0001,3476655,39957,0,0,0,0,inf,inf,0,0,0,0,342097,39955,0.1168,0,0,0,0,0,0,0,0,0
1,table_under_pick,53,qpFixed,1,0,10.0003,1753001,3284,0,0,0,0,inf,inf,0,0,0.00541081,0,8259,3161,0.397627,0,0,0,1,0,0,1753001,528030782,1671905
1,table_under_pick,53,qpPlain,1,0,10.0015,1765755,3305,0,0,0,0,inf,inf,0,0,0.0054054,0,8325,3182,0.396997,0,0,0,1,0,0,1765755,605653965,1765755
1,table_under_pick,53,qpAdaptive,1,0,10.0002,1626123,3362,0,0,0,0,inf,inf,0,0,0.00596941,0.0576777,8494,3239,0.395809,0,0,0,0.942048,0.0569276,0.00102453,1626123,491582401,1607752
1,table_under_pick,53,qpFreeGate,1,0,10.0004,2512515,4158,0,0,0,0,inf,inf,0,0,0.00229782,0,23272,4153,0.17867,0,0,0,1,0,0,0,0,0
1,table_under_pick,53,qpEnvelope,1,0,10.0012,1591695,3437,0,0,0,0,inf,inf,0,0,0.00622064,0.00789975,8695,3316,0.395285,0,0,0,0.992052,0.00687004,0.00107747,1591695,481278342,1585685
1,table_under_pick,60,isSafe,1,1,0.00198069,1072,8,10.5943,7,531,0,0.0082622,0.00249477,0,0,0,0,2,2,4,0,0,0,0,0,0,0,0,0
1,table_under_pick,60,qpFixed,1,1,0.00330034,639,11,9.69551,640,640,0,0.00787449,0.00249477,0,0,0.0151729,0,1,1,11,0,0,0,1,0,0,639,168871,146
1,table_under_pick,60,qpPlain,1,1,0.00347678,639,11,9.69551,640,640,0,0.00787449,0.00249477,0,0,0.0151729,0,1,1,11,0,0,0,1,0,0,639,219177,639
1,table_under_pick,60,qpAdaptive,1,1,0.000747894,130,11,9.695,542,542,0,0.00787459,0.00249477,0,0,0.0745769,0.715385,1,1,11,0,0,0,0.269231,0.661538,0.0692308,130,36187,59
1,table_under_pick,60,qpFreeGate,1,1,0.00342678,777,8,10.5449,691,691,0,0.0082622,0.00249477,0,0,0.0136224,0,2,2,4,0,0,0,1,0,0,0,0,0
1,table_under_pick,60,qpEnvelope,1,1,0.000514145,72,10,9.70288,515,515,0,0.00787472,0.00249477,0,0,0.134762,0.611111,1,1,10,0,0,0,0.361111,0.527778,0.111111,72,19692,41
1,table_under_pick,68,isSafe,1,1,0.00513538,2798,15,14.1229,9,708,0,0.00785263,0.00249477,0,0,0,0,102,10,0.147059,0,0,0,0,0,0,0,0,0
1,table_under_pick,68,qpFixed,1,1,0.0488062,8333,55,22.1436,1838,1838,0,9.39555e-06,0.00249477,0,0,0.00976311,0,31,28,1.77419,0,0,0,1,0,0,8333,2281386,7892
1,table_under_pick,68,qpPlain,1,1,0.049646,8333,55,22.1436,1838,1838,0,9.39555e-06,0.00249477,0,0,0.00976311,0,31,28,1.77419,0,0,0,1,0,0,8333,2858219,8333
1,table_under_pick,68,qpAdaptive,1,1,0.0366712,5815,50,23.3348,1864,1864,0,0.000113852,0.00249477,0,0,0.0130322,0.194497,28,26,1.78571,0,0,0,0.804127,0.191745,0.00412726,5815,1603130,5728
1,table_under_pick,68,qpFreeGate,1,1,0.0732854,18908,33,22.1815,2140,2140,0,0.00537681,0.00249477,0,0,0.00320116,0,151,29,0.218543,0,0,0,1,0,0,0,0,0
1,table_under_pick,68,qpEnvelope,1,1,0.03386,5118,52,22.1974,1591,1591,0,7.3349e-06,0.00249477,0,0,0.0159689,0.180539,31,28,1.67742,0,0,0,0.818679,0.175068,0.00625244,5118,1422214,5077
1,table_under_pick,75,isSafe,1,0,10.0073,2,1,0,0,0,0,inf,inf,0,0,0,0,0,0,0,0,0,0,0,0,0,0,0,0
1,table_under_pick,75,qpFixed,1,1,0.0160355,3017,20,13.2646,1141,1141,0,0.00278384,0.00249477,0,0,0.0108163,0,9,8,2.22222,0,0,0,1,0,0,3017,755970,1978
1,table_under_pick,75,qpPlain,1,1,0.0169784,3017,20,13.2646,1141,1141,0,0.00278384,0.00249477,0,0,0.0108163,0,9,8,2.22222,0,0,0,1,0,0,3017,1034831,3017
1,table_under_pick,75,qpAdaptive,1,1,0.00857963,1497,20,13.3,915,915,0,0.00270965,0.00249477,0,0,0.0218373,0.553106,9,8,2.22222,0,0,0,0.443554,0.545758,0.010688,1497,362359,1355
1,table_under_pick,75,qpFreeGate,1,0,10.0003,2388203,8179,0,0,0,0,inf,inf,0,0,0.00366586,0,52889,8177,0.154645,0,0,0,1,0,0,0,0,0
1,table_under_pick,75,qpEnvelope,1,1,0.00361395,465,21,13.3507,757,757,0,0.00367102,0.00249477,0,0,0.0706268,0.634409,9,8,2.33333,0,0,0,0.35914,0.593548,0.0473118,465,115193,414
1,table_under_pick,82,isSafe,1,1,0.00185986,849,6,5.95212,4,299,0,0.000437403,0.00249477,0,0,0,0,13,3,0.461538,0,0,0,0,0,0,0,0,0
1,table_under_pick,82,qpFixed,1,1,0.00750255,1353,16,11.4282,1001,1001,0,0.00146835,0.00249477,0,0,0.0101946,0,4,4,4,0,0,0,1,0,0,1353,339230,984
1,table_under_pick,82,qpPlain,1,1,0.00771502,1353,16,11.4282,1001,1001,0,0.00146835,0.00249477,0,0,0.0101946,0,4,4,4,0,0,0,1,0,0,1353,464079,1353
1,table_under_pick,82,qpAdaptive,1,1,0.00392114,659,18,11.4458,823,823,0,0.00143115,0.00249477,0,0,0.0210781,0.411229,4,4,4.5,0,0,0,0.579666,0.39909,0.0212443,659,171392,599
1,table_under_pick,82,qpFreeGate,1,1,0.0149301,3592,12,12.6738,1062,1062,0,0.00249186,0.00249477,0,0,0.00529451,0,28,7,0.428571,0,0,0,1,0,0,0,0,0
1,table_under_pick,82,qpEnvelope,1,1,0.00573162,817,35,14.9265,930,930,0,0.00132239,0.00249477,0,0,0.0348844,0.434517,11,8,3.18182,0,0,0,0.555692,0.397797,0.0465116,817,211136,783
1,table_under_pick,89,isSafe,1,0,1.9718e-05,1,0,0,0,0,0,inf,inf,0,0,0,0,0,0,0,0,0,0,0,0,0,0,0,0
1,table_under_pick,89,qpFixed,1,0,10.0006,1736629,1752,0,0,0,0,inf,inf,0,0,0.00406902,0,22350,1750,0.0783893,0,0,0,1,0,0,1736629,528500483,1721426
1,table_under_pick,89,qpPlain,1,0,10.0013,1749358,1763,0,0,0,0,inf,inf,0,0,0.00406499,0,22508,1761,0.0783277,0,0,0,1,0,0,1749358,600029794,1749358
1,table_under_pick,89,qpAdaptive,1,0,10.0002,1591609,1685,0,0,0,0,inf,inf,0,0,0.00426638,0.0376776,21354,1683,0.0789079,0,0,0,0.961894,0.037754,0.000352066,1591609,484530014,1584714
1,table_under_pick,89,qpFreeGate,1,0,10.0003,2638437,1213,0,0,0,0,inf,inf,0,0,0.0010073,0,57678,1211,0.0210305,0,0,0,1,0,0,0,0,0
1,table_under_pick,89,qpEnvelope,1,0,10.0007,1612758,1743,0,0,0,0,inf,inf,0,0,0.00436537,0.00308416,22370,1741,0.0779169,0,0,0,0.99688,0.00273842,0.000381916,1612758,490711995,1610255
1,table_under_pick,96,isSafe,1,0,10.0001,3462089,39702,0,0,0,0,inf,inf,0,0,0,0,345935,39700,0.114767,0,0,0,0,0,0,0,0,0
1,table_under_pick,96,qpFixed,1,0,10.0001,1737091,3285,0,0,0,0,inf,inf,0,0,0.00540726,0,8165,3152,0.402327,0,0,0,1,0,0,1737091,524816710,1661161
1,table_under_pick,96,qpPlain,1,0,10.0006,1765979,3341,0,0,0,0,inf,inf,0,0,0.00539938,0,8307,3208,0.402191,0,0,0,1,0,0,1765979,605730797,1765979
1,table_under_pick,96,qpAdaptive,1,0,10.0004,1601127,3348,0,0,0,0,inf,inf,0,0,0.00595653,0.0567244,8283,3218,0.404201,0,0,0,0.943001,0.0560075,0.000991803,1601127,485094195,1584055
1,table_under_pick,96,qpFreeGate,1,0,10.0004,2498891,4194,0,0,0,0,inf,inf,0,0,0.00230363,0,23822,4186,0.176056,0,0,0,1,0,0,0,0,0
1,table_under_pick,96,qpEnvelope,1,0,10.001,1604846,3521,0,0,0,0,inf,inf,0,0,0.00629402,0.0102782,8823,3393,0.399071,0,0,0,0.98966,0.0092327,0.00110728,1604846,486390366,1598780
1,bookshelf_small,3,isSafe,1,1,0.0475413,26694,128,21.5732,12,1080,0,0.00759831,0.00249477,0,0,0,0,1012,125,0.126482,0,0,0,0,0,0,0,0,0
1,bookshelf_small,3,qpFixed,1,1,0.00682835,1312,14,11.883,936,936,0,0.00142997,0.00249477,0,0,0.0130875,0,2,2,7,0,0,0,1,0,0,1312,354709,733
1,bookshelf_small,3,qpPlain,1,1,0.00700123,1312,14,11.883,936,936,0,0.00142997,0.00249477,0,0,0.0130875,0,2,2,7,0,0,0,1,0,0,1312,450016,1312
1,bookshelf_small,3,qpAdaptive,1,1,0.00401276,685,15,11.8898,783,783,0,0.00153242,0.00249477,0,0,0.0250739,0.239416,2,2,7.5,0,0,0,0.757664,0.226277,0.0160584,685,199420,577
1,bookshelf_small,3,qpFreeGate,1,1,0.124822,31889,72,17.2398,1657,1657,0,0.00798217,0.00249477,0,0,0.00391399,0,232,65,0.310345,0,0,0,1,0,0,0,0,0
1,bookshelf_small,3,qpEnvelope,1,1,0.00317362,515,12,11.8627,725,725,0,0.00149377,0.00249477,0,0,0.0333831,0.139806,2,2,6,0,0,0,0.858252,0.126214,0.015534,515,150632,476
1,bookshelf_small,11,isSafe,1,0,10.0054,2,1,0,0,0,0,inf,inf,0,0,0,0,0,0,0,0,0,0,0,0,0,0,0,0
1,bookshelf_small,11,qpFixed,1,1,0.00360741,635,9,9.05977,609,609,0,0.00526947,0.00249477,0,0,0.0147759,0,2,2,4.5,0,0,0,1,0,0,635,182338,406
1,bookshelf_small,11,qpPlain,1,1,0.00321691,635,9,9.05977,609,609,0,0.00526947,0.00249477,0,0,0.0147759,0,2,2,4.5,0,0,0,1,0,0,635,217805,635
1,bookshelf_small,11,qpAdaptive,1,1,0.00199287,366,9,9.06871,574,574,0,0.00526947,0.00249477,0,0,0.0256589,0.494536,2,2,4.5,0,0,0,0.5,0.478142,0.0218579,366,107877,279
1,bookshelf_small,11,qpFreeGate,1,0,10.0004,2391750,7174,0,0,0,0,inf,inf,0,0,0.00331238,0,51273,7172,0.139918,0,0,0,1,0,0,0,0,0
1,bookshelf_small,11,qpEnvelope,1,1,0.00123551,180,8,9.10276,520,520,0,0.00526947,0.00249477,0,0,0.0522724,0.461111,2,2,4,0,0,0,0.538889,0.422222,0.0388889,180,54059,146
1,bookshelf_small,18,isSafe,1,1,0.00368189,1933,12,10.5803,7,531,0,0.00567381,0.00249477,0,0,0,0,16,8,0.75,0,0,0,0,0,0,0,0,0
1,bookshelf_small,18,qpFixed,1,1,0.00197752,426,6,6.08235,427,427,0,0.00228745,0.00249477,0,0,0.0142778,0,1,1,6,0,0,0,1,0,0,426,98804,206
1,bookshelf_small,18,qpPlain,1,1,0.00199545,426,6,6.08235,427,427,0,0.00228745,0.00249477,0,0,0.0142778,0,1,1,6,0,0,0,1,0,0,426,146118,426
1,bookshelf_small,18,qpAdaptive,1,1,0.00119002,254,6,6.08299,391,391,0,0.00229802,0.00249477,0,0,0.0239488,0.141732,1,1,6,0,0,0,0.854331,0.133858,0.011811,254,58809,203
1,bookshelf_small,18,qpFreeGate,1,1,0.0102248,2685,12,10.1394,782,782,0,0.00567381,0.00249477,0,0,0.00720929,0,16,8,0.75,0,0,0,1,0,0,0,0,0
1,bookshelf_small,18,qpEnvelope,1,1,0.00100814,197,6,6.08248,371,371,0,0.0023672,0.00249477,0,0,0.0308755,0.0812183,1,1,6,0,0,0,0.918782,0.0659898,0.0152284,197,45098,177
1,bookshelf_small,26,isSafe,1,0,10.0099,2,1,0,0,0,0,inf,inf,0,0,0,0,0,0,0,0,0,0,0,0,0,0,0,0
1,bookshelf_small,26,qpFixed,1,0,10.0007,1734260,3239,0,0,0,0,inf,inf,0,0,0.00540245,0,8293,3121,0.39057,0,0,0,1,0,0,1734260,524364516,1657322
1,bookshelf_small,26,qpPlain,1,0,10.0012,1741593,3251,0,0,0,0,inf,inf,0,0,0.00540066,0,8335,3133,0.390042,0,0,0,1,0,0,1741593,597366399,1741593
1,bookshelf_small,26,qpAdaptive,1,0,10.0006,1619259,3318,0,0,0,0,inf,inf,0,0,0.00593136,0.0539179,8547,3198,0.388206,0,0,0,0.945804,0.0532066,0.000989344,1619259,491174296,1601246
1,bookshelf_small,26,qpFreeGate,1,0,10.0003,2387701,7526,0,0,0,0,inf,inf,0,0,0.0034237,0,51981,7524,0.144784,0,0,0,1,0,0,0,0,0
1,bookshelf_small,26,qpEnvelope,1,0,10.0005,1592090,3387,0,0,0,0,inf,inf,0,0,0.00619439,0.00874071,8830,3267,0.383579,0,0,0,0.991192,0.00775649,0.00105145,1592090,482249920,1586273
1,bookshelf_small,34,isSafe,1,1,0.0144763,8301,41,8.17244,6,410,0,0.00441367,0.00249477,0,0,0,0,228,37,0.179825,0,0,0,0,0,0,0,0,0
1,bookshelf_small,34,qpFixed,1,1,0.00336128,727,6,7.95126,590,590,0,0.00378801,0.00249477,0,0,0.0122366,0,2,2,3,0,0,0,1,0,0,727,194528,230
1,bookshelf_small,34,qpPlain,1,1,0.00355122,727,6,7.95126,590,590,0,0.00378801,0.00249477,0,0,0.0122366,0,2,2,3,0,0,0,1,0,0,727,249361,727
1,bookshelf_small,34,qpAdaptive,1,1,0.00138149,258,6,7.95087,457,457,0,0.00378801,0.00249477,0,0,0.0344793,0.310078,2,2,3,0,0,0,0.689922,0.294574,0.0155039,258,79028,206
1,bookshelf_small,34,qpFreeGate,1,1,0.101495,26905,56,8.68314,709,709,0,0.00440871,0.00249477,0,0,0.00374444,0,228,53,0.245614,0,0,0,1,0,0,0,0,0
1,bookshelf_small,34,qpEnvelope,1,1,0.0012076,196,6,7.95546,426,426,0,0.00378801,0.00249477,0,0,0.0454094,0.127551,2,2,3,0,0,0,0.872449,0.107143,0.0204082,196,59998,179
1,bookshelf_small,41,isSafe,1,0,10.0025,2,1,0,0,0,0,inf,inf,0,0,0,0,0,0,0,0,0,0,0,0,0,0,0,0
1,bookshelf_small,41,qpFixed,1,0,10.0008,1739765,7370,0,0,0,0,inf,inf,0,0,0.00746148,0,28667,7368,0.25709,0,0,0,1,0,0,1739765,517281499,1527932
1,bookshelf_small,41,qpPlain,1,0,10.0003,1743140,7389,0,0,0,0,inf,inf,0,0,0.00746304,0,28731,7387,0.257179,0,0,0,1,0,0,1743140,597897020,1743140
1,bookshelf_small,41,qpAdaptive,1,0,10.0003,1625608,8402,0,0,0,0,inf,inf,0,0,0.00901208,0.0964857,33019,8400,0.25446,0,0,0,0.901213,0.0955539,0.00323296,1625608,485660738,1575176
1,bookshelf_small,41,qpFreeGate,1,0,10.0002,2398320,7934,0,0,0,0,inf,inf,0,0,0.00357673,0,52239,7932,0.151879,0,0,0,1,0,0,0,0,0
1,bookshelf_small,41,qpEnvelope,1,0,10,1591153,9092,0,0,0,0,inf,inf,0,0,0.00989384,0.0168142,35837,9090,0.253704,0,0,0,0.982715,0.0135262,0.0037586,1591153,474246279,1573919
1,bookshelf_small,48,isSafe,1,1,0.00139341,794,6,7.83937,5,393,0,0.00537746,0.00249477,0,0,0,0,4,2,1.5,0,0,0,0,0,0,0,0,0
1,bookshelf_small,48,qpFixed,1,1,0.00651296,1316,24,11.065,843,843,0,0.00537746,0.00249477,0,0,0.0130405,0,3,3,8,0,0,0,1,0,0,1316,341631,570
1,bookshelf_small,48,qpPlain,1,1,0.00638268,1316,24,11.065,843,843,0,0.00537746,0.00249477,0,0,0.0130405,0,3,3,8,0,0,0,1,0,0,1316,451388,1316
1,bookshelf_small,48,qpAdaptive,1,1,0.00143248,269,23,11.0972,632,632,0,0.00537746,0.00249477,0,0,0.0636767,0.806691,3,3,7.66667,0,0,0,0.167286,0.747212,0.0855019,269,78530,169
1,bookshelf_small,48,qpFreeGate,1,1,0.00305007,744,13,6.95978,674,674,0,0.00537746,0.00249477,0,0,0.0093876,0,2,2,6.5,0,0,0,1,0,0,0,0,0
1,bookshelf_small,48,qpEnvelope,1,1,0.000911378,116,22,11.119,596,596,0,0.00537746,0.00249477,0,0,0.147796,0.775862,3,3,7.33333,0,0,0,0.181034,0.62931,0.189655,116,33616,69
1,bookshelf_small,55,isSafe,1,1,0.00206483,1101,8,10.6337,7,533,0,0.0032307,0.00249477,0,0,0,0,6,3,1.33333,0,0,0,0,0,0,0,0,0
1,bookshelf_small,55,qpFixed,1,1,0.00474078,846,8,8.08862,586,586,0,0.00572342,0.00249477,0,0,0.0121363,0,2,2,4,0,0,0,1,0,0,846,227087,694
1,bookshelf_small,55,qpPlain,1,1,0.0046754,846,8,8.08862,586,586,0,0.00572342,0.00249477,0,0,0.0121363,0,2,2,4,0,0,0,1,0,0,846,290178,846
1,bookshelf_small,55,qpAdaptive,1,1,0.00382374,689,8,8.08919,539,539,0,0.00549462,0.00249477,0,0,0.0149066,0.171263,2,2,4,0,0,0,0.827286,0.16836,0.00435414,689,188651,588
1,bookshelf_small,55,qpFreeGate,1,1,0.00730973,1742,11,11.2571,1005,1005,0,0.0041049,0.00249477,0,0,0.00716912,0,9,5,1.22222,0,0,0,1,0,0,0,0,0
1,bookshelf_small,55,qpEnvelope,1,1,0.00279114,444,8,8.03831,471,471,0,0.003004,0.00249477,0,0,0.0230609,0.0900901,2,2,4,0,0,0,0.905405,0.0878378,0.00675676,444,121797,398
1,bookshelf_small,62,isSafe,1,0,10.0049,2,1,0,0,0,0,inf,inf,0,0,0,0,0,0,0,0,0,0,0,0,0,0,0,0
1,bookshelf_small,62,qpFixed,1,0,10.0002,1719663,7334,0,0,0,0,inf,inf,0,0,0.00746532,0,28417,7332,0.258085,0,0,0,1,0,0,1719663,512527244,1511277
1,bookshelf_small,62,qpPlain,1,0,10.0006,1751419,7473,0,0,0,0,inf,inf,0,0,0.00745361,0,28977,7471,0.257894,0,0,0,1,0,0,1751419,600736717,1751419
1,bookshelf_small,62,qpAdaptive,1,0,10.0006,1605438,8422,0,0,0,0,inf,inf,0,0,0.00910707,0.103519,33073,8420,0.254649,0,0,0,0.89403,0.102675,0.0032952,1605438,481306616,1558020
1,bookshelf_small,62,qpFreeGate,1,0,10.0003,2397912,8003,0,0,0,0,inf,inf,0,0,0.00357257,0,52385,8001,0.152773,0,0,0,1,0,0,0,0,0
1,bookshelf_small,62,qpEnvelope,1,0,10.0001,1587309,9103,0,0,0,0,inf,inf,0,0,0.00996971,0.0185295,36101,9101,0.252154,0,0,0,0.980967,0.015187,0.00384642,1587309,474900974,1570892
1,bookshelf_small,69,isSafe,1,0,10.0031,2,1,0,0,0,0,inf,inf,0,0,0,0,0,0,0,0,0,0,0,0,0,0,0,0
1,bookshelf_small,69,qpFixed,1,0,10.0007,1711484,7061,0,0,0,0,inf,inf,0,0,0.00726222,0,28313,7059,0.249391,0,0,0,1,0,0,1711484,511815111,1523231
1,bookshelf_small,69,qpPlain,1,0,10.0002,1742733,7183,0,0,0,0,inf,inf,0,0,0.00724716,0,28849,7181,0.248986,0,0,0,1,0,0,1742733,597757419,1742733
1,bookshelf_small,69,qpAdaptive,1,0,10.0011,1616299,8174,0,0,0,0,inf,inf,0,0,0.00883917,0.113984,33295,8172,0.245502,0,0,0,0.883378,0.113343,0.00327997,1616299,487956152,1573597
1,bookshelf_small,69,qpFreeGate,1,0,10.0001,2399982,7340,0,0,0,0,inf,inf,0,0,0.00332977,0,52389,7338,0.140106,0,0,0,1,0,0,0,0,0
1,bookshelf_small,69,qpEnvelope,1,0,10.0002,1583847,8841,0,0,0,0,inf,inf,0,0,0.00974302,0.0306911,36291,8839,0.243614,0,0,0,0.968506,0.0275625,0.00393099,1583847,477523102,1568009
1,bookshelf_small,76,isSafe,1,0,10.0084,2,1,0,0,0,0,inf,inf,0,0,0,0,0,0,0,0,0,0,0,0,0,0,0,0
1,bookshelf_small,76,qpFixed,1,0,10.0004,1768563,7684,0,0,0,0,inf,inf,0,0,0.00740448,0,29487,7682,0.260589,0,0,0,1,0,0,1768563,527542501,1560562
1,bookshelf_small,76,qpPlain,1,0,10,1733071,7523,0,0,0,0,inf,inf,0,0,0.00741694,0,28863,7521,0.260645,0,0,0,1,0,0,1733071,594443353,1733071
1,bookshelf_small,76,qpAdaptive,1,0,10,1611759,8591,0,0,0,0,inf,inf,0,0,0.00903347,0.109539,33413,8589,0.257115,0,0,0,0.887869,0.108796,0.00333573,1611759,484794220,1561496
1,bookshelf_small,76,qpFreeGate,1,0,10.0001,2409153,7843,0,0,0,0,inf,inf,0,0,0.00349681,0,52795,7841,0.148556,0,0,0,1,0,0,0,0,0
1,bookshelf_small,76,qpEnvelope,1,0,10.0005,1591694,9359,0,0,0,0,inf,inf,0,0,0.00997911,0.0236107,36847,9357,0.253996,0,0,0,0.975744,0.0202709,0.00398488,1591694,478075768,1573477
1,bookshelf_small,83,isSafe,1,1,0.0022573,1276,8,9.79137,6,491,0,0.000563585,0.00249477,0,0,0,0,20,5,0.4,0,0,0,0,0,0,0,0,0
1,bookshelf_small,83,qpFixed,1,1,0.00170497,352,5,5.66709,353,353,0,0.00582687,0.00249477,0,0,0.0160997,0,1,1,5,0,0,0,1,0,0,352,93960,62
1,bookshelf_small,83,qpPlain,1,1,0.00159,352,5,5.66709,353,353,0,0.00582687,0.00249477,0,0,0.0160997,0,1,1,5,0,0,0,1,0,0,352,120736,352
1,bookshelf_small,83,qpAdaptive,1,1,0.00058949,118,5,5.66702,324,324,0,0.00582687,0.00249477,0,0,0.0480256,0.533898,1,1,5,0,0,0,0.449153,0.525424,0.0254237,118,33874,61
1,bookshelf_small,83,qpFreeGate,1,1,0.0123536,3162,12,12.1025,952,952,0,0.00108291,0.00249477,0,0,0.00520955,0,24,8,0.5,0,0,0,1,0,0,0,0,0
1,bookshelf_small,83,qpEnvelope,1,1,0.00038792,46,5,5.66832,301,301,0,0.00582687,0.00249477,0,0,0.123224,0.391304,1,1,5,0,0,0,0.608696,0.326087,0.0652174,46,13594,33
1,bookshelf_small,91,isSafe,1,1,0.00935729,5180,27,15.3085,9,767,0,0.00829398,0.00249477,0,0,0,0,111,24,0.243243,0,0,0,0,0,0,0,0,0
1,bookshelf_small,91,qpFixed,1,1,0.0592566,10102,73,25.7211,2256,2256,0,0.00023713,0.00249477,0,0,0.00912694,0,40,29,1.825,0,0,0,1,0,0,10102,2999792,8111
1,bookshelf_small,91,qpPlain,1,1,0.0595775,10102,73,25.7211,2256,2256,0,0.00023713,0.00249477,0,0,0.00912694,0,40,29,1.825,0,0,0,1,0,0,10102,3464986,10102
1,bookshelf_small,91,qpAdaptive,1,1,0.0387561,5860,63,16.9299,1252,1252,0,0.000378712,0.00249477,0,0,0.0125208,0.251365,34,22,1.85294,0,0,0,0.74471,0.245904,0.00938567,5860,1794627,5523
1,bookshelf_small,91,qpFreeGate,1,1,0.0490328,12323,31,19.6141,1775,1775,0,0.0020712,0.00249477,0,0,0.00411569,0,83,23,0.373494,0,0,0,1,0,0,0,0,0
1,bookshelf_small,91,qpEnvelope,1,1,0.0322151,4535,75,25.8813,1538,1538,0,0.000176088,0.00249477,0,0,0.0203001,0.178831,40,29,1.875,0,0,0,0.818964,0.164719,0.0163175,4535,1387757,4368
1,bookshelf_small,98,isSafe,1,1,0.00300786,1560,10,11.2963,7,566,0,0.00161979,0.00249477,0,0,0,0,14,6,0.714286,0,0,0,0,0,0,0,0,0
1,bookshelf_small,98,qpFixed,1,1,0.00280957,601,6,6.71401,602,602,0,0.000724612,0.00249477,0,0,0.0111714,0,1,1,6,0,0,0,1,0,0,601,151729,271
1,bookshelf_small,98,qpPlain,1,1,0.00297012,601,6,6.71401,602,602,0,0.000724612,0.00249477,0,0,0.0111714,0,1,1,6,0,0,0,1,0,0,601,206143,601
1,bookshelf_small,98,qpAdaptive,1,1,0.00151332,321,6,6.71508,489,489,0,0.000724612,0.00249477,0,0,0.0209192,0.246106,1,1,6,0,0,0,0.750779,0.239875,0.00934579,321,79555,252
1,bookshelf_small,98,qpFreeGate,1,1,0.0197669,5397,17,15.0972,1307,1307,0,0.00616082,0.00249477,0,0,0.00466238,0,29,11,0.586207,0,0,0,1,0,0,0,0,0
1,bookshelf_small,98,qpEnvelope,1,1,0.00118747,220,6,6.71467,459,459,0,0.000724612,0.00249477,0,0,0.0305212,0.281818,1,1,6,0,0,0,0.718182,0.268182,0.0136364,220,53943,196
1,box,5,isSafe,1,1,0.00487544,2751,16,16.9523,10,849,0,0.0140095,0.00249477,0,0,0,0,44,12,0.363636,0,0,0,0,0,0,0,0,0
1,box,5,qpFixed,1,1,0.00233785,462,6,6.30986,481,481,0,0.00181418,0.00249477,0,0,0.0136577,0,1,1,6,0,0,0,1,0,0,462,117521,237
1,box,5,qpPlain,1,1,0.00242175,462,6,6.30986,481,481,0,0.00181418,0.00249477,0,0,0.0136577,0,1,1,6,0,0,0,1,0,0,462,158466,462
1,box,5,qpAdaptive,1,1,0.000936297,165,6,6.29937,388,388,0,0.00177364,0.00249477,0,0,0.038178,0.478788,1,1,6,0,0,0,0.515152,0.460606,0.0242424,165,46361,139
1,box,5,qpFreeGate,1,1,0.0482336,11753,35,19.5735,2043,2043,0,0.00719274,0.00249477,0,0,0.00469479,0,68,29,0.514706,0,0,0,1,0,0,0,0,0
1,box,5,qpEnvelope,1,1,0.000656057,93,6,6.28468,352,352,0,0.00174168,0.00249477,0,0,0.0675773,0.333333,1,1,6,0,0,0,0.655914,0.301075,0.0430108,93,26409,78
1,box,12,isSafe,1,1,0.00632118,3510,19,11.9211,7,598,0,0.000209894,0.00249477,0,0,0,0,47,16,0.404255,0,0,0,0,0,0,0,0,0
1,box,12,qpFixed,1,1,0.0212923,3954,27,13.1599,1096,1096,0,0.00616671,0.00249477,0,0,0.0103343,0,11,11,2.45455,0,0,0,1,0,0,3954,995633,3179
1,box,12,qpPlain,1,1,0.0225402,3954,27,13.1599,1096,1096,0,0.00616671,0.00249477,0,0,0.0103343,0,11,11,2.45455,0,0,0,1,0,0,3954,1356222,3954
1,box,12,qpAdaptive,1,1,0.0136613,2237,27,13.1712,848,848,0,0.0058878,0.00249477,0,0,0.0183087,0.363433,11,11,2.45455,0,0,0,0.633885,0.358516,0.00759946,2237,572657,2129
1,box,12,qpFreeGate,1,1,0.0366469,8722,34,15.1903,1587,1587,0,0.00331331,0.00249477,0,0,0.00529841,0,47,25,0.723404,0,0,0,1,0,0,0,0,0
1,box,12,qpEnvelope,1,1,0.00759943,1147,31,11.8395,672,672,0,0.00308712,0.00249477,0,0,0.0293226,0.286835,9,9,3.44444,0,0,0,0.707062,0.272014,0.0209241,1147,277578,1119
1,box,19,isSafe,1,1,0.00258758,1408,9,9.78569,6,491,0,0.0382801,0.00249477,0,0,0,0,11,6,0.818182,0,0,0,0,0,0,0,0,0
1,box,19,qpFixed,1,1,0.0079692,1581,19,11.0194,857,857,0,0.000623644,0.00249477,0,0,0.0117544,0,4,4,4.75,0,0,0,1,0,0,1581,374737,1149
1,box,19,qpPlain,1,1,0.00834885,1581,19,11.0194,857,857,0,0.000623644,0.00249477,0,0,0.0117544,0,4,4,4.75,0,0,0,1,0,0,1581,542283,1581
1,box,19,qpAdaptive,1,1,0.00451225,864,18,11.0216,734,734,0,0.00060715,0.00249477,0,0,0.0215371,0.331019,4,4,4.5,0,0,0,0.664352,0.322917,0.0127315,864,206114,819
1,box,19,qpFreeGate,1,1,0.0185422,4531,16,10.2471,1027,1027,0,0.00351343,0.00249477,0,0,0.00569767,0,22,12,0.727273,0,0,0,1,0,0,0,0,0
1,box,19,qpEnvelope,1,1,0.00323577,544,18,11.0423,678,678,0,0.000447297,0.00249477,0,0,0.0342828,0.261029,4,4,4.5,0,0,0,0.735294,0.235294,0.0294118,544,130124,527
1,box,26,isSafe,1,1,0.00553575,3021,17,7.29982,5,366,0,0.0792588,0.00249477,0,0,0,0,58,14,0.293103,0,0,0,0,0,0,0,0,0
1,box,26,qpFixed,1,1,0.00213612,429,6,5.70934,430,430,0,0.0027756,0.00249477,0,0,0.0133085,0,1,1,6,0,0,0,1,0,0,429,108235,204
1,box,26,qpPlain,1,1,0.00213217,429,6,5.70934,430,430,0,0.0027756,0.00249477,0,0,0.0133085,0,1,1,6,0,0,0,1,0,0,429,147147,429
1,box,26,qpAdaptive,1,1,0.000768736,143,6,5.70584,351,351,0,0.00273081,0.00249477,0,0,0.0399009,0.58042,1,1,6,0,0,0,0.412587,0.559441,0.027972,143,38292,116
1,box,26,qpFreeGate,1,1,0.012571,3014,17,11.7353,1190,1190,0,0.0214464,0.00249477,0,0,0.00658955,0,13,8,1.30769,0,0,0,1,0,0,0,0,0
1,box,26,qpEnvelope,1,1,0.000550696,74,6,5.69967,317,317,0,0.00264184,0.00249477,0,0,0.0770226,0.621622,1,1,6,0,0,0,0.364865,0.581081,0.0540541,74,20373,58
1,box,33,isSafe,1,1,0.00923664,5218,27,16.4079,10,822,0,0.0584083,0.00249477,0,0,0,0,98,23,0.27551,0,0,0,0,0,0,0,0,0
1,box,33,qpFixed,1,1,0.00186862,400,5,5.01854,401,401,0,0.0102032,0.00249477,0,0,0.0125463,0,1,1,5,0,0,0,1,0,0,400,106346,128
1,box,33,qpPlain,1,1,0.00197597,400,5,5.01854,401,401,0,0.0102032,0.00249477,0,0,0.0125463,0,1,1,5,0,0,0,1,0,0,400,137200,400
1,box,33,qpAdaptive,1,1,0.000556591,98,5,5.01712,289,289,0,0.0101554,0.00249477,0,0,0.0511951,0.632653,1,1,5,0,0,0,0.367347,0.612245,0.0204082,98,28761,70
1,box,33,qpFreeGate,1,1,0.0156928,3881,20,13.7446,1324,1324,0,0.00921445,0.00249477,0,0,0.00674776,0,16,12,1.25,0,0,0,1,0,0,0,0,0
1,box,33,qpEnvelope,1,1,0.000352609,51,5,5.0162,272,272,0,0.0102731,0.00249477,0,0,0.0983568,0.627451,1,1,5,0,0,0,0.372549,0.588235,0.0392157,51,14907,35
1,box,40,isSafe,1,1,0.00775682,4200,23,18.2784,11,915,0,0.00386525,0.00249477,0,0,0,0,97,19,0.237113,0,0,0,0,0,0,0,0,0
1,box,40,qpFixed,1,1,0.00197107,380,6,5.62619,381,381,0,0.00441713,0.00249477,0,0,0.0148058,0,1,1,6,0,0,0,1,0,0,380,99992,181
1,box,40,qpPlain,1,1,0.00200381,380,6,5.62619,381,381,0,0.00441713,0.00249477,0,0,0.0148058,0,1,1,6,0,0,0,1,0,0,380,130340,380
1,box,40,qpAdaptive,1,1,0.000858857,159,6,5.62486,344,344,0,0.00434584,0.00249477,0,0,0.0353765,0.383648,1,1,6,0,0,0,0.616352,0.36478,0.0188679,159,45271,135
1,box,40,qpFreeGate,1,1,0.0401371,10100,42,11.8506,1161,1161,0,0.00558956,0.00249477,0,0,0.00525874,0,63,22,0.666667,0,0,0,1,0,0,0,0,0
1,box,40,qpEnvelope,1,1,0.0006453,94,6,5.61293,316,316,0,0.00402304,0.00249477,0,0,0.059712,0.297872,1,1,6,0,0,0,0.702128,0.265957,0.0319149,94,27562,79
1,box,47,isSafe,1,1,0.00179719,933,7,9.22279,6,463,0,0.00491538,0.00249477,0,0,0,0,3,3,2.33333,0,0,0,0,0,0,0,0,0
1,box,47,qpFixed,1,1,0.00175701,335,6,4.63964,336,336,0,0.0101207,0.00249477,0,0,0.0138497,0,1,1,6,0,0,0,1,0,0,335,85697,208
1,box,47,qpPlain,1,1,0.00170717,335,6,4.63964,336,336,0,0.0101207,0.00249477,0,0,0.0138497,0,1,1,6,0,0,0,1,0,0,335,114905,335
1,box,47,qpAdaptive,1,1,0.000648812,123,6,4.63596,282,282,0,0.00973089,0.00249477,0,0,0.0376908,0.634146,1,1,6,0,0,0,0.365854,0.609756,0.0243902,123,33663,91
1,box,47,qpFreeGate,1,1,0.00334861,807,9,5.18991,746,746,0,0.00264283,0.00249477,0,0,0.00646118,0,2,2,4.5,0,0,0,1,0,0,0,0,0
1,box,47,qpEnvelope,1,1,0.000363971,50,6,4.63298,255,255,0,0.00837402,0.00249477,0,0,0.0926597,0.82,1,1,6,0,0,0,0.18,0.76,0.06,50,14091,29
1,box,54,isSafe,1,1,0.00330209,1723,11,12.6114,8,632,0,0.00365352,0.00249477,0,0,0,0,28,7,0.392857,0,0,0,0,0,0,0,0,0
1,box,54,qpFixed,1,1,0.00289571,558,12,6.595,559,559,0,0.00782809,0.00249477,0,0,0.011819,0,1,1,12,0,0,0,1,0,0,558,155899,248
1,box,54,qpPlain,1,1,0.00287504,558,12,6.595,559,559,0,0.00782809,0.00249477,0,0,0.011819,0,1,1,12,0,0,0,1,0,0,558,191394,558
1,box,54,qpAdaptive,1,1,0.0258152,4338,79,17.6015,1138,1138,0,0.00784482,0.00249477,0,0,0.0194983,0.355002,26,24,3.03846,0,0,0,0.639004,0.344629,0.016367,4338,1189491,3302
1,box,54,qpFreeGate,1,1,0.019546,4816,27,11.0658,1430,1430,0,0.00631377,0.00249477,0,0,0.00485351,0,28,14,0.964286,0,0,0,1,0,0,0,0,0
1,box,54,qpEnvelope,1,1,0.000531068,52,6,6.61538,357,357,0,0.00790521,0.00249477,0,0,0.127219,0.846154,1,1,6,0,0,0,0.134615,0.788462,0.0769231,52,15151,33
1,box,61,isSafe,1,1,0.00501201,2755,16,14.4825,9,726,0,0.0122469,0.00249477,0,0,0,0,53,11,0.301887,0,0,0,0,0,0,0,0,0
1,box,61,qpFixed,1,1,0.00237652,442,6,6.49204,443,443,0,0.00191762,0.00249477,0,0,0.0146879,0,1,1,6,0,0,0,1,0,0,442,126267,224
1,box,61,qpPlain,1,1,0.00231742,442,6,6.49204,443,443,0,0.00191762,0.00249477,0,0,0.0146879,0,1,1,6,0,0,0,1,0,0,442,151606,442
1,box,61,qpAdaptive,1,1,0.00118243,214,6,6.49244,406,406,0,0.00186915,0.00249477,0,0,0.0303385,0.331776,1,1,6,0,0,0,0.668224,0.317757,0.0140187,214,63858,187
1,box,61,qpFreeGate,1,1,0.0710209,17756,49,16.8963,1421,1421,0,0.00761007,0.00249477,0,0,0.00395464,0,120,37,0.408333,0,0,0,1,0,0,0,0,0
1,box,61,qpEnvelope,1,1,0.000865199,130,6,6.49303,371,371,0,0.00158005,0.00249477,0,0,0.0499464,0.246154,1,1,6,0,0,0,0.753846,0.223077,0.0230769,130,39034,118
1,box,68,isSafe,1,1,0.00743785,4190,23,16.3109,10,817,0,0.0267653,0.00249477,0,0,0,0,67,18,0.343284,0,0,0,0,0,0,0,0,0
1,box,68,qpFixed,1,1,0.00409367,854,8,8.32073,605,605,0,0.0204669,0.00249477,0,0,0.0116304,0,2,2,4,0,0,0,1,0,0,854,208309,521
1,box,68,qpPlain,1,1,0.00432074,854,8,8.32073,605,605,0,0.0204669,0.00249477,0,0,0.0116304,0,2,2,4,0,0,0,1,0,0,854,292922,854
1,box,68,qpAdaptive,1,1,0.00175814,346,8,8.32506,498,498,0,0.0202852,0.00249477,0,0,0.0287141,0.66763,2,2,4,0,0,0,0.32948,0.656069,0.0144509,346,89864,291
1,box,68,qpFreeGate,1,1,0.0521896,13412,50,15.7416,1435,1435,0,0.0151398,0.00249477,0,0,0.00492211,0,73,36,0.684932,0,0,0,1,0,0,0,0,0
1,box,68,qpEnvelope,1,1,0.000877053,135,8,8.32795,451,451,0,0.0214744,0.00249477,0,0,0.0736113,0.674074,2,2,4,0,0,0,0.318519,0.637037,0.0444444,135,35079,107
1,box,75,isSafe,1,1,0.001636,847,7,8.37441,6,420,0,0.024891,0.00249477,0,0,0,0,4,2,1.75,0,0,0,0,0,0,0,0,0
1,box,75,qpFixed,1,1,0.00783054,1466,12,8.2753,797,797,0,0.00187656,0.00249477,0,0,0.010508,0,3,3,4,0,0,0,1,0,0,1466,358725,1174
1,box,75,qpPlain,1,1,0.00809497,1466,12,8.2753,797,797,0,0.00187656,0.00249477,0,0,0.010508,0,3,3,4,0,0,0,1,0,0,1466,502838,1466
1,box,75,qpAdaptive,1,1,0.00409675,754,12,8.26736,559,559,0,0.00172294,0.00249477,0,0,0.0204331,0.501326,3,3,4,0,0,0,0.496021,0.497347,0.0066313,754,182129,694
1,box,75,qpFreeGate,1,1,0.00938015,2224,11,11.4867,1075,1075,0,0.00515528,0.00249477,0,0,0.00626151,0,11,6,1,0,0,0,1,0,0,0,0,0
1,box,75,qpEnvelope,1,1,0.00253787,409,12,8.25454,494,494,0,0.00158283,0.00249477,0,0,0.0376841,0.457213,3,3,4,0,0,0,0.537897,0.440098,0.0220049,409,98475,375
1,box,82,isSafe,1,1,0.0058132,3318,18,9.67024,6,485,0,0.000802324,0.00249477,0,0,0,0,74,15,0.243243,0,0,0,0,0,0,0,0,0
1,box,82,qpFixed,1,1,0.0350132,6464,40,14.759,1130,1130,0,0.0011014,0.00249477,0,0,0.00990452,0,24,20,1.66667,0,0,0,1,0,0,6464,1672462,5891
1,box,82,qpPlain,1,1,0.0360922,6464,40,14.759,1130,1130,0,0.0011014,0.00249477,0,0,0.00990452,0,24,20,1.66667,0,0,0,1,0,0,6464,2217152,6464
1,box,82,qpAdaptive,1,1,0.0252143,4399,41,14.8175,972,972,0,0.0010792,0.00249477,0,0,0.0145703,0.339623,24,20,1.70833,0,0,0,0.658786,0.335758,0.00545579,4399,1143981,4241
1,box,82,qpFreeGate,1,1,0.083833,21346,48,24.0143,2215,2215,0,0.0131429,0.00249477,0,0,0.00396829,0,133,41,0.360902,0,0,0,1,0,0,0,0,0
1,box,82,qpEnvelope,1,1,0.0169852,2703,40,14.8097,862,862,0,0.000962068,0.00249477,0,0,0.0237923,0.223455,24,20,1.66667,0,0,0,0.773955,0.213836,0.0122087,2703,702699,2662
1,box,89,isSafe,1,1,0.00277775,1526,10,6.70225,5,337,0,0.00244366,0.00249477,0,0,0,0,20,6,0.5,0,0,0,0,0,0,0,0,0
1,box,89,qpFixed,1,1,0.00708087,1403,12,10.1078,869,869,0,0.0108231,0.00249477,0,0,0.0109171,0,4,4,3,0,0,0,1,0,0,1403,334567,893
1,box,89,qpPlain,1,1,0.00736258,1403,12,10.1078,869,869,0,0.0108231,0.00249477,0,0,0.0109171,0,4,4,3,0,0,0,1,0,0,1403,481229,1403
1,box,89,qpAdaptive,1,1,0.00265396,476,13,10.4437,630,630,0,0.0107832,0.00249477,0,0,0.0328098,0.768908,4,4,3.25,0,0,0,0.226891,0.754202,0.0189076,476,118832,410
1,box,89,qpFreeGate,1,1,0.0658752,16470,39,16.229,1759,1759,0,0.0193462,0.00249477,0,0,0.00369557,0,99,31,0.393939,0,0,0,1,0,0,0,0,0
1,box,89,qpEnvelope,1,1,0.00146371,200,13,10.4558,570,570,0,0.00945761,0.00249477,0,0,0.0787959,0.74,4,4,3.25,0,0,0,0.255,0.685,0.06,200,51287,171
1,box,96,isSafe,1,1,0.00367685,1931,12,14.8303,9,743,0,0.0538346,0.00249477,0,0,0,0,20,8,0.6,0,0,0,0,0,0,0,0,0
1,box,96,qpFixed,1,1,0.00500327,945,10,9.93586,683,683,0,0.00186743,0.00249477,0,0,0.0138087,0,3,3,3.33333,0,0,0,1,0,0,945,235618,550
1,box,96,qpPlain,1,1,0.00516952,945,10,9.93586,683,683,0,0.00186743,0.00249477,0,0,0.0138087,0,3,3,3.33333,0,0,0,1,0,0,945,324135,945
1,box,96,qpAdaptive,1,1,0.00264521,476,11,10.0335,650,650,0,0.00176325,0.00249477,0,0,0.0275737,0.428571,3,3,3.66667,0,0,0,0.569328,0.411765,0.0189076,476,122275,359
1,box,96,qpFreeGate,1,1,0.0141989,3310,17,12.5509,1004,1004,0,0.0108862,0.00249477,0,0,0.00658399,0,15,10,1.13333,0,0,0,1,0,0,0,0,0
1,box,96,qpEnvelope,1,1,0.00180511,295,10,9.92383,564,564,0,0.00158974,0.00249477,0,0,0.0441457,0.261017,3,3,3.33333,0,0,0,0.738983,0.230508,0.0305085,295,75142,255
1,table_pick,3,isSafe,1,1,0.0100767,5286,28,14.603,9,732,0,0.000703742,0.00249477,0,0,0,0,166,24,0.168675,0,0,0,0,0,0,0,0,0
1,table_pick,3,qpFixed,1,1,0.0034614,639,7,8.20223,640,640,0,0.000577797,0.00249477,0,0,0.012836,0,1,1,7,0,0,0,1,0,0,639,178598,396
1,table_pick,3,qpPlain,1,1,0.0034429,639,7,8.20223,640,640,0,0.000577797,0.00249477,0,0,0.012836,0,1,1,7,0,0,0,1,0,0,639,219177,639
1,table_pick,3,qpAdaptive,1,1,0.00204896,371,7,8.20443,580,580,0,0.000577797,0.00249477,0,0,0.0221144,0.304582,1,1,7,0,0,0,0.695418,0.293801,0.0107817,371,109831,342
1,table_pick,3,qpFreeGate,1,1,0.0703861,18124,42,12.7353,1350,1350,0,0.00224048,0.00249477,0,0,0.00400651,0,141,35,0.297872,0,0,0,1,0,0,0,0,0
1,table_pick,3,qpEnvelope,1,1,0.00151444,240,7,8.21084,525,525,0,0.000557438,0.00249477,0,0,0.0342118,0.266667,1,1,7,0,0,0,0.729167,0.25,0.0208333,240,71427,227
1,table_pick,10,isSafe,1,1,0.00480946,2674,15,9.47523,6,475,0,0.00268208,0.00249477,0,0,0,0,42,11,0.357143,0,0,0,0,0,0,0,0,0
1,table_pick,10,qpFixed,1,1,0.0020846,418,6,6.17911,419,419,0,0.00402903,0.00249477,0,0,0.0147826,0,1,1,6,0,0,0,1,0,0,418,110999,106
1,table_pick,10,qpPlain,1,1,0.00213458,418,6,6.17911,419,419,0,0.00402903,0.00249477,0,0,0.0147826,0,1,1,6,0,0,0,1,0,0,418,143374,418
1,table_pick,10,qpAdaptive,1,1,0.000768554,140,6,6.17923,368,368,0,0.00402903,0.00249477,0,0,0.0441373,0.471429,1,1,6,0,0,0,0.528571,0.442857,0.0285714,140,40697,101
1,table_pick,10,qpFreeGate,1,1,0.0238501,6026,25,6.50624,629,629,0,0.00238998,0.00249477,0,0,0.00536694,0,42,17,0.595238,0,0,0,1,0,0,0,0,0
1,table_pick,10,qpEnvelope,1,1,0.000579251,80,6,6.18021,353,353,0,0.00402903,0.00249477,0,0,0.0772527,0.4625,1,1,6,0,0,0,0.5375,0.4125,0.05,80,23454,66
1,table_pick,17,isSafe,1,1,0.00538129,2989,16,11.7553,7,589,0,0.000831302,0.00249477,0,0,0,0,54,13,0.296296,0,0,0,0,0,0,0,0,0
1,table_pick,17,qpFixed,1,1,0.00341779,635,7,8.01952,675,675,0,0.000486627,0.00249477,0,0,0.0126292,0,1,1,7,0,0,0,1,0,0,635,188307,477
1,table_pick,17,qpPlain,1,1,0.00329642,635,7,8.01952,675,675,0,0.000486627,0.00249477,0,0,0.0126292,0,1,1,7,0,0,0,1,0,0,635,217805,635
1,table_pick,17,qpAdaptive,1,1,0.00226642,415,7,8.0278,598,598,0,0.000409766,0.00249477,0,0,0.0193441,0.253012,1,1,7,0,0,0,0.746988,0.245783,0.00722892,415,126229,372
1,table_pick,17,qpFreeGate,1,1,0.0228941,5885,19,13.9486,1436,1436,0,0.00249807,0.00249477,0,0,0.00410733,0,41,12,0.463415,0,0,0,1,0,0,0,0,0
1,table_pick,17,qpEnvelope,1,1,0.00188418,313,7,8.05289,548,548,0,0.000473709,0.00249477,0,0,0.0257281,0.15016,1,1,7,0,0,0,0.846645,0.140575,0.0127796,313,95297,297
1,table_pick,24,isSafe,1,1,0.00482672,2524,14,14.5384,9,728,0,0.00307552,0.00249477,0,0,0,0,58,10,0.241379,0,0,0,0,0,0,0,0,0
1,table_pick,24,qpFixed,1,1,0.0107437,1887,12,9.07631,777,777,0,5.13815e-05,0.00249477,0,0,0.00893882,0,7,5,1.71429,0,0,0,1,0,0,1887,498735,1352
1,table_pick,24,qpPlain,1,1,0.0111402,1887,12,9.07631,777,777,0,5.13815e-05,0.00249477,0,0,0.00893882,0,7,5,1.71429,0,0,0,1,0,0,1887,647241,1887
1,table_pick,24,qpAdaptive,1,1,0.00703529,1126,12,9.07902,692,692,0,5.13815e-05,0.00249477,0,0,0.0150038,0.173179,7,5,1.71429,0,0,0,0.823268,0.167851,0.00888099,1126,301394,1004
1,table_pick,24,qpFreeGate,1,1,0.0269765,6765,24,15.0907,1244,1244,0,0.00188427,0.00249477,0,0,0.00505316,0,58,19,0.413793,0,0,0,1,0,0,0,0,0
1,table_pick,24,qpEnvelope,1,1,0.00618646,929,12,9.09108,637,637,0,5.13815e-05,0.00249477,0,0,0.0182754,0.0667384,7,5,1.71429,0,0,0,0.932185,0.0570506,0.0107643,929,248193,895
1,table_pick,31,isSafe,1,1,0.00725199,4005,21,12.9779,8,650,0,0.0053961,0.00249477,0,0,0,0,85,16,0.247059,0,0,0,0,0,0,0,0,0
1,table_pick,31,qpFixed,1,1,0.01598,2812,20,14.8737,1244,1244,0,0.000647638,0.00249477,0,0,0.00994817,0,8,6,2.5,0,0,0,1,0,0,2812,776184,2304
1,table_pick,31,qpPlain,1,1,0.015874,2812,20,14.8737,1244,1244,0,0.000647638,0.00249477,0,0,0.00994817,0,8,6,2.5,0,0,0,1,0,0,2812,964516,2812
1,table_pick,31,qpAdaptive,1,1,0.0112731,1823,20,14.8864,1047,1047,0,0.000649162,0.00249477,0,0,0.0153486,0.219419,8,6,2.5,0,0,0,0.778936,0.215579,0.00548546,1823,528422,1710
1,table_pick,31,qpFreeGate,1,1,0.0252246,6376,16,14.7639,1463,1463,0,0.00179767,0.00249477,0,0,0.00392206,0,41,10,0.390244,0,0,0,1,0,0,0,0,0
1,table_pick,31,qpEnvelope,1,1,0.00917164,1395,20,14.9144,943,943,0,0.000657151,0.00249477,0,0,0.0201035,0.174194,8,6,2.5,0,0,0,0.823656,0.166308,0.0100358,1395,406868,1346
1,table_pick,38,isSafe,1,1,0.00239276,1256,9,12.2124,8,612,0,0.000128015,0.00249477,0,0,0,0,8,4,1.125,0,0,0,0,0,0,0,0,0
1,table_pick,38,qpFixed,1,1,0.00391527,801,8,9.35912,802,802,0,0.000694412,0.00249477,0,0,0.0116843,0,1,1,8,0,0,0,1,0,0,801,197161,391
1,table_pick,38,qpPlain,1,1,0.00399003,801,8,9.35912,802,802,0,0.000694412,0.00249477,0,0,0.0116843,0,1,1,8,0,0,0,1,0,0,801,274743,801
1,table_pick,38,qpAdaptive,1,1,0.00148301,293,8,9.36078,599,599,0,0.000694412,0.00249477,0,0,0.0319481,0.412969,1,1,8,0,0,0,0.587031,0.392491,0.0204778,293,78126,264
1,table_pick,38,qpFreeGate,1,1,0.0773508,20257,57,15.5563,1446,1446,0,0.000860063,0.00249477,0,0,0.0046004,0,165,48,0.345455,0,0,0,1,0,0,0,0,0
1,table_pick,38,qpEnvelope,1,1,0.00109172,176,8,9.35903,561,561,0,0.0006619,0.00249477,0,0,0.0531763,0.375,1,1,8,0,0,0,0.625,0.340909,0.0340909,176,48138,160
1,table_pick,45,isSafe,1,1,0.00206305,1010,7,5.41194,4,272,0,0.00240836,0.00249477,0,0,0,0,6,4,1.16667,0,0,0,0,0,0,0,0,0
1,table_pick,45,qpFixed,1,1,0.00113931,227,5,3.87662,228,228,0,0.00690049,0.00249477,0,0,0.0170776,0,1,1,5,0,0,0,1,0,0,227,53853,113
1,table_pick,45,qpPlain,1,1,0.00105958,227,5,3.87662,228,228,0,0.00690049,0.00249477,0,0,0.0170776,0,1,1,5,0,0,0,1,0,0,227,77861,227
1,table_pick,45,qpAdaptive,1,1,0.000312458,56,5,3.88944,217,217,0,0.00689644,0.00249477,0,0,0.0694543,0.732143,1,1,5,0,0,0,0.267857,0.678571,0.0535714,56,14581,41
1,table_pick,45,qpFreeGate,1,1,0.00357321,904,9,3.72844,357,357,0,0.00104098,0.00249477,0,0,0.00865302,0,6,4,1.5,0,0,0,1,0,0,0,0,0
1,table_pick,45,qpEnvelope,1,1,0.000243077,33,5,3.92802,207,207,0,0.0068741,0.00249477,0,0,0.119031,0.636364,1,1,5,0,0,0,0.363636,0.545455,0.0909091,33,8839,26
1,table_pick,52,isSafe,1,1,0.00265686,1474,10,10.3538,7,519,0,0.000827611,0.00249477,0,0,0,0,9,4,1.11111,0,0,0,0,0,0,0,0,0
1,table_pick,52,qpFixed,1,1,0.00347878,745,7,9.26823,746,746,0,0.000615014,0.00249477,0,0,0.0124406,0,1,1,7,0,0,0,1,0,0,745,191122,262
1,table_pick,52,qpPlain,1,1,0.0035955,745,7,9.26823,746,746,0,0.000615014,0.00249477,0,0,0.0124406,0,1,1,7,0,0,0,1,0,0,745,255535,745
1,table_pick,52,qpAdaptive,1,1,0.00153055,291,7,9.26838,593,593,0,0.000615014,0.00249477,0,0,0.0318501,0.323024,1,1,7,0,0,0,0.676976,0.309278,0.0137457,291,85152,239
1,table_pick,52,qpFreeGate,1,1,0.0425943,11005,36,17.6509,1430,1430,0,0.00258397,0.00249477,0,0,0.00504066,0,84,32,0.428571,0,0,0,1,0,0,0,0,0
1,table_pick,52,qpEnvelope,1,1,0.00139365,232,7,9.2694,575,575,0,0.000626622,0.00249477,0,0,0.0399543,0.344828,1,1,7,0,0,0,0.655172,0.323276,0.0215517,232,68043,201
1,table_pick,59,isSafe,1,1,0.00127128,784,6,7.75189,5,389,0,0.00461179,0.00249477,0,0,0,0,2,2,3,0,0,0,0,0,0,0,0,0
1,table_pick,59,qpFixed,1,1,0.00190922,418,5,5.63439,419,419,0,0.00632583,0.00249477,0,0,0.0134794,0,1,1,5,0,0,0,1,0,0,418,101272,68
1,table_pick,59,qpPlain,1,1,0.00205648,418,5,5.63439,419,419,0,0.00632583,0.00249477,0,0,0.0134794,0,1,1,5,0,0,0,1,0,0,418,143374,418
1,table_pick,59,qpAdaptive,1,1,0.000385767,70,5,5.63563,316,316,0,0.00632583,0.00249477,0,0,0.080509,0.7,1,1,5,0,0,0,0.3,0.657143,0.0428571,70,19160,41
1,table_pick,59,qpFreeGate,1,1,0.0025183,645,6,7.36983,612,612,0,0.00463117,0.00249477,0,0,0.0114379,0,2,2,3,0,0,0,1,0,0,0,0,0
1,table_pick,59,qpEnvelope,1,1,0.000312284,42,5,5.63793,308,308,0,0.00632583,0.00249477,0,0,0.134236,0.595238,1,1,5,0,0,0,0.404762,0.52381,0.0714286,42,11656,31
1,table_pick,66,isSafe,1,1,0.00241431,1247,8,3.68194,3,186,0,0.00319468,0.00249477,0,0,0,0,12,5,0.666667,0,0,0,0,0,0,0,0,0
1,table_pick,66,qpFixed,1,1,0.00183929,406,5,5.75959,407,407,0,0.00636559,0.00249477,0,0,0.0141862,0,1,1,5,0,0,0,1,0,0,406,93895,64
1,table_pick,66,qpPlain,1,1,0.00190373,406,5,5.75959,407,407,0,0.00636559,0.00249477,0,0,0.0141862,0,1,1,5,0,0,0,1,0,0,406,139258,406
1,table_pick,66,qpAdaptive,1,1,0.000362938,66,5,5.76037,323,323,0,0.00636559,0.00249477,0,0,0.0872784,0.69697,1,1,5,0,0,0,0.30303,0.651515,0.0454545,66,18135,38
1,table_pick,66,qpFreeGate,1,1,0.00656156,1669,10,3.10662,272,272,0,0.00314215,0.00249477,0,0,0.00810439,0,12,7,0.833333,0,0,0,1,0,0,0,0,0
1,table_pick,66,qpEnvelope,1,1,0.000316907,39,5,5.76201,311,311,0,0.00633257,0.00249477,0,0,0.147744,0.846154,1,1,5,0,0,0,0.153846,0.769231,0.0769231,39,10873,25
1,table_pick,73,isSafe,1,1,0.00567904,3049,17,10.8431,7,544,0,0.00258412,0.00249477,0,0,0,0,70,13,0.242857,0,0,0,0,0,0,0,0,0
1,table_pick,73,qpFixed,1,1,0.00496204,964,8,8.42073,965,965,0,0.000500539,0.00249477,0,0,0.0087352,0,1,1,8,0,0,0,1,0,0,964,237144,591
1,table_pick,73,qpPlain,1,1,0.00524322,964,8,8.42073,965,965,0,0.000500539,0.00249477,0,0,0.0087352,0,1,1,8,0,0,0,1,0,0,964,330652,964
1,table_pick,73,qpAdaptive,1,1,0.00317911,553,8,8.42085,753,753,0,0.000500539,0.00249477,0,0,0.0152276,0.211573,1,1,8,0,0,0,0.786618,0.206148,0.00723327,553,148611,531
1,table_pick,73,qpFreeGate,1,1,0.0317016,7958,24,10.2683,795,795,0,0.00252075,0.00249477,0,0,0.00464635,0,70,20,0.342857,0,0,0,1,0,0,0,0,0
1,table_pick,73,qpEnvelope,1,1,0.00253062,409,8,8.42796,666,666,0,0.000500539,0.00249477,0,0,0.0206063,0.134474,1,1,8,0,0,0,0.865526,0.124694,0.00977995,409,110879,396
1,table_pick,80,isSafe,1,1,0.0031822,1757,11,12.644,8,634,0,0.00363123,0.00249477,0,0,0,0,10,6,1.1,0,0,0,0,0,0,0,0,0
1,table_pick,80,qpFixed,1,1,0.00320452,678,7,8.72691,679,679,0,0.00594091,0.00249477,0,0,0.0128716,0,1,1,7,0,0,0,1,0,0,678,154511,179
1,table_pick,80,qpPlain,1,1,0.00356006,678,7,8.72691,679,679,0,0.00594091,0.00249477,0,0,0.0128716,0,1,1,7,0,0,0,1,0,0,678,232554,678
1,table_pick,80,qpAdaptive,1,1,0.00054041,97,8,8.7387,485,485,0,0.0059411,0.00249477,0,0,0.0900897,0.731959,1,1,8,0,0,0,0.257732,0.680412,0.0618557,97,24778,58
1,table_pick,80,qpFreeGate,1,1,0.00715437,1739,12,12.0935,883,883,0,0.00296177,0.00249477,0,0,0.00926984,0,10,6,1.2,0,0,0,1,0,0,0,0,0
1,table_pick,80,qpEnvelope,1,1,0.000390676,56,8,8.7541,465,465,0,0.00594134,0.00249477,0,0,0.156323,0.625,1,1,8,0,0,0,0.357143,0.535714,0.107143,56,14332,39
1,table_pick,87,isSafe,1,1,0.00526423,3011,17,12.3287,8,618,0,0.00114172,0.00249477,0,0,0,0,50,13,0.34,0,0,0,0,0,0,0,0,0
1,table_pick,87,qpFixed,1,1,0.00259997,510,6,6.51074,511,511,0,0.00378057,0.00249477,0,0,0.0127662,0,1,1,6,0,0,0,1,0,0,510,143215,191
1,table_pick,87,qpPlain,1,1,0.00251262,510,6,6.51074,511,511,0,0.00378057,0.00249477,0,0,0.0127662,0,1,1,6,0,0,0,1,0,0,510,174930,510
1,table_pick,87,qpAdaptive,1,1,0.000813426,155,6,6.51891,413,413,0,0.00378066,0.00249477,0,0,0.0420575,0.677419,1,1,6,0,0,0,0.316129,0.658065,0.0258065,155,45987,100
1,table_pick,87,qpFreeGate,1,1,0.0277721,7006,27,13.4568,1102,1102,0,0.00113211,0.00249477,0,0,0.00535271,0,51,17,0.529412,0,0,0,1,0,0,0,0,0
1,table_pick,87,qpEnvelope,1,1,0.000590873,80,9,6.55198,371,371,0,0.00378096,0.00249477,0,0,0.0818997,0.4125,1,1,9,0,0,0,0.55,0.3625,0.0875,80,23545,65
1,table_pick,94,isSafe,1,1,0.00259874,1352,9,10.535,7,528,0,0.000537431,0.00249477,0,0,0,0,9,4,1,0,0,0,0,0,0,0,0,0
1,table_pick,94,qpFixed,1,1,0.00321283,744,7,8.83235,745,745,0,0.00607991,0.00249477,0,0,0.0118714,0,1,1,7,0,0,0,1,0,0,744,186033,46
1,table_pick,94,qpPlain,1,1,0.00347322,744,7,8.83235,745,745,0,0.00607991,0.00249477,0,0,0.0118714,0,1,1,7,0,0,0,1,0,0,744,255192,744
1,table_pick,94,qpAdaptive,1,1,0.000479959,105,7,8.83235,496,496,0,0.00607991,0.00249477,0,0,0.0841176,0.742857,1,1,7,0,0,0,0.257143,0.695238,0.047619,105,27234,34
1,table_pick,94,qpFreeGate,1,1,0.00814971,2121,11,10.5406,1071,1071,0,0.000655015,0.00249477,0,0,0.00626808,0,9,5,1.22222,0,0,0,1,0,0,0,0,0
1,table_pick,94,qpEnvelope,1,1,0.000389512,54,7,8.8324,468,468,0,0.00610272,0.00249477,0,0,0.163563,0.648148,1,1,7,0,0,0,0.351852,0.555556,0.0925926,54,14023,25
1,cage,1,isSafe,1,1,0.206085,114167,668,19.2991,12,966,0,0.0126931,0.00249477,0,0,0,0,6290,665,0.1062,0,0,0,0,0,0,0,0,0
1,cage,1,qpFixed,1,1,0.0358654,6402,46,20.2929,1760,1760,0,0.000431361,0.00249477,0,0,0.0102813,0,21,20,2.19048,0,0,0,1,0,0,6402,1759853,5889
1,cage,1,qpPlain,1,1,0.0360085,6402,46,20.2929,1760,1760,0,0.000431361,0.00249477,0,0,0.0102813,0,21,20,2.19048,0,0,0,1,0,0,6402,2195886,6402
1,cage,1,qpAdaptive,1,1,0.0230734,3754,46,20.3145,1459,1459,0,0.000392284,0.00249477,0,0,0.0175671,0.424614,21,20,2.19048,0,0,0,0.573255,0.419819,0.00692595,3754,1053038,3640
1,cage,1,qpFreeGate,1,1,0.74779,189397,358,22.7223,2618,2618,0,0.0041742,0.00249477,0,0,0.00307052,0,1529,332,0.23414,0,0,0,1,0,0,0,0,0
1,cage,1,qpEnvelope,1,1,0.0274547,3957,71,24.9324,1440,1440,0,0.00137026,0.00249477,0,0,0.0266934,0.426839,36,35,1.97222,0,0,0,0.569623,0.414455,0.0159212,3957,1073543,3864
1,cage,8,isSafe,1,1,1.13809,584967,4539,19.6962,12,986,0,0.0070204,0.00249477,0,0,0,0,44418,4536,0.102188,0,0,0,0,0,0,0,0,0
1,cage,8,qpFixed,1,1,0.0931516,16480,89,21.5293,1838,1838,0,0.000582743,0.00249477,0,0,0.00889881,0,66,49,1.34848,0,0,0,1,0,0,16480,4465366,14551
1,cage,8,qpPlain,1,1,0.0953827,16480,89,21.5293,1838,1838,0,0.000582743,0.00249477,0,0,0.00889881,0,66,49,1.34848,0,0,0,1,0,0,16480,5652640,16480
1,cage,8,qpAdaptive,1,1,0.0705818,11966,92,21.5605,1522,1522,0,0.000585525,0.00249477,0,0,0.0122305,0.232158,66,50,1.39394,0,0,0,0.766672,0.229484,0.00384423,11966,3174044,11710
1,cage,8,qpFreeGate,1,1,1.41833,359682,611,39.5388,3701,3701,0,0.0041967,0.00249477,0,0,0.00294484,0,3267,585,0.187022,0,0,0,1,0,0,0,0,0
1,cage,8,qpEnvelope,1,1,0.0979526,15687,138,24.4847,1555,1555,0,0.000565953,0.00249477,0,0,0.0145785,0.17097,114,75,1.21053,0,0,0,0.828074,0.165551,0.00637471,15687,4160831,15384
1,cage,15,isSafe,1,1,0.856346,441575,3281,25.8015,16,1292,0,0.00163963,0.00249477,0,0,0,0,28552,3278,0.114913,0,0,0,0,0,0,0,0,0
1,cage,15,qpFixed,1,1,0.0848049,15036,81,26.6316,2141,2141,0,2.71345e-05,0.00249477,0,0,0.00919922,0,57,45,1.42105,0,0,0,1,0,0,15036,4154838,13188
1,cage,15,qpPlain,1,1,0.0880179,15036,81,26.6316,2141,2141,0,2.71345e-05,0.00249477,0,0,0.00919922,0,57,45,1.42105,0,0,0,1,0,0,15036,5157348,15036
1,cage,15,qpAdaptive,1,1,0.068334,11138,81,26.6447,1913,1913,0,2.69902e-05,0.00249477,0,0,0.0124325,0.241875,57,45,1.42105,0,0,0,0.756509,0.23963,0.00386066,11138,3075387,10656
1,cage,15,qpFreeGate,1,1,3.76863,966596,1643,26.6433,2564,2564,0,0.0022464,0.00249477,0,0,0.00270267,0,8727,1602,0.188266,0,0,0,1,0,0,0,0,0
1,cage,15,qpEnvelope,1,1,0.0549659,8506,81,26.6286,1737,1737,0,2.44217e-05,0.00249477,0,0,0.0163051,0.15636,57,45,1.42105,0,0,0,0.842582,0.151187,0.0062309,8506,2321573,8305
1,cage,22,isSafe,1,1,0.885569,458398,3380,27.7906,17,1391,0,0.00558259,0.00249477,0,0,0,0,31609,3376,0.106932,0,0,0,0,0,0,0,0,0
1,cage,22,qpFixed,1,1,0.322659,56704,220,36.0924,3110,3110,0,4.39565e-05,0.00249477,0,0,0.00771823,0,243,138,0.90535,0,0,0,1,0,0,56704,15549478,51596
1,cage,22,qpPlain,1,1,0.336159,56704,220,36.0924,3110,3110,0,4.39565e-05,0.00249477,0,0,0.00771823,0,243,138,0.90535,0,0,0,1,0,0,56704,19449472,56704
1,cage,22,qpAdaptive,1,1,0.277372,44954,220,36.0853,2765,2765,0,4.92852e-05,0.00249477,0,0,0.00974229,0.182653,243,138,0.90535,0,0,0,0.81639,0.181319,0.00229123,44954,12277258,44184
1,cage,22,qpFreeGate,1,1,1.44155,367310,656,22.6815,3128,3128,0,0.000989666,0.00249477,0,0,0.00298837,0,2952,615,0.222222,0,0,0,1,0,0,0,0,0
1,cage,22,qpEnvelope,1,1,0.233406,36122,219,36.3306,2554,2554,0,4.56306e-05,0.00249477,0,0,0.012128,0.136731,243,138,0.901235,0,0,0,0.862573,0.133413,0.00401429,36122,9820692,35823
1,cage,29,isSafe,1,1,0.158342,88908,503,22.5025,13,1127,0,0.00168049,0.00249477,0,0,0,0,4228,500,0.118969,0,0,0,0,0,0,0,0,0
1,cage,29,qpFixed,1,1,0.12976,23308,115,20.7629,1745,1745,0,4.0549e-05,0.00249477,0,0,0.00856111,0,93,65,1.23656,0,0,0,1,0,0,23308,6143567,21556
1,cage,29,qpPlain,1,1,0.136038,23308,115,20.7629,1745,1745,0,4.0549e-05,0.00249477,0,0,0.00856111,0,93,65,1.23656,0,0,0,1,0,0,23308,7994644,23308
1,cage,29,qpAdaptive,1,1,0.112487,18871,115,20.7677,1425,1425,0,2.54863e-05,0.00249477,0,0,0.0105815,0.150601,93,65,1.23656,0,0,0,0.84871,0.149277,0.00201367,18871,4967032,18534
1,cage,29,qpFreeGate,1,1,4.08093,1051155,1782,19.0095,2175,2175,0,0.0028332,0.00249477,0,0,0.00264372,0,9529,1742,0.187008,0,0,0,1,0,0,0,0,0
1,cage,29,qpEnvelope,1,1,0.0926343,14914,110,20.7639,1304,1304,23,-6.71427e-06,0.00249477,0,0,0.013081,0.128604,93,62,1.1828,0,0,0,0.870994,0.125386,0.00362076,14914,3966786,14751
1,cage,36,isSafe,1,1,0.0576538,32785,169,21.744,12,1089,0,0.00646864,0.00249477,0,0,0,0,1459,164,0.115833,0,0,0,0,0,0,0,0,0
1,cage,36,qpFixed,1,1,0.0216118,4026,25,22.4182,1903,1903,0,3.28158e-05,0.00249477,0,0,0.00996211,0,12,12,2.08333,0,0,0,1,0,0,4026,1112885,3275
1,cage,36,qpPlain,1,1,0.0216678,4026,25,22.4182,1903,1903,0,3.28158e-05,0.00249477,0,0,0.00996211,0,12,12,2.08333,0,0,0,1,0,0,4026,1380918,4026
1,cage,36,qpAdaptive,1,1,0.0144589,2465,25,22.4893,1614,1614,0,3.26139e-05,0.00249477,0,0,0.0163404,0.391481,12,12,2.08333,0,0,0,0.606491,0.388235,0.00527383,2465,702529,2256
1,cage,36,qpFreeGate,1,1,1.70518,439249,724,25.5605,3159,3159,0,0.00494373,0.00249477,0,0,0.00280298,0,3650,692,0.198356,0,0,0,1,0,0,0,0,0
1,cage,36,qpEnvelope,1,1,0.00994618,1489,25,22.5673,1409,1409,0,2.97775e-05,0.00249477,0,0,0.0272154,0.319006,12,12,2.08333,0,0,0,0.680322,0.308932,0.0107455,1489,426134,1429
1,cage,43,isSafe,1,1,0.0476073,27309,138,23.3035,13,1167,0,0.00564703,0.00249477,0,0,0,0,1022,134,0.135029,0,0,0,0,0,0,0,0,0
1,cage,43,qpFixed,1,1,0.173656,31394,152,24.7608,2347,2347,0,5.63076e-07,0.00249477,0,0,0.0082009,0,125,86,1.216,0,0,0,1,0,0,31394,8499875,29198
1,cage,43,qpPlain,1,1,0.181612,31394,152,24.7608,2347,2347,0,5.63076e-07,0.00249477,0,0,0.0082009,0,125,86,1.216,0,0,0,1,0,0,31394,10768142,31394
1,cage,43,qpAdaptive,1,1,0.211638,35156,191,20.1034,1490,1490,0,0.000216734,0.00249477,0,0,0.00998724,0.180737,185,114,1.03243,0,0,0,0.818125,0.179116,0.00275913,35156,9597897,34519
1,cage,43,qpFreeGate,1,1,1.08805,275994,450,25.9514,2471,2471,0,0.00597573,0.00249477,0,0,0.0029055,0,2333,430,0.192885,0,0,0,1,0,0,0,0,0
1,cage,43,qpEnvelope,1,1,0.173743,27864,174,21.1204,1448,1448,0,0.000479738,0.00249477,0,0,0.0123073,0.113049,185,109,0.940541,0,0,0,0.886197,0.109424,0.00437841,27864,7557168,27623
1,cage,50,isSafe,1,1,0.0486336,28266,148,11.2992,7,566,0,0.00802227,0.00249477,0,0,0,0,1070,144,0.138318,0,0,0,0,0,0,0,0,0
1,cage,50,qpFixed,1,1,0.0463099,8617,53,15.6657,1469,1469,0,0.00110817,0.00249477,0,0,0.00975668,0,31,26,1.70968,0,0,0,1,0,0,8617,2252366,7775
1,cage,50,qpPlain,1,1,0.0485146,8617,53,15.6657,1469,1469,0,0.00110817,0.00249477,0,0,0.00975668,0,31,26,1.70968,0,0,0,1,0,0,8617,2955631,8617
1,cage,50,qpAdaptive,1,1,0.0391577,6781,53,15.6871,1158,1158,0,0.00105323,0.00249477,0,0,0.0124149,0.201888,31,26,1.70968,0,0,0,0.796785,0.200708,0.002507,6781,1757864,6638
1,cage,50,qpFreeGate,1,1,1.19192,303770,528,25.2405,2901,2901,0,0.000625137,0.00249477,0,0,0.00297725,0,2558,502,0.206411,0,0,0,1,0,0,0,0,0
1,cage,50,qpEnvelope,1,1,0.0303724,4943,53,15.7149,980,980,0,0.000841417,0.00249477,0,0,0.0170806,0.180053,31,26,1.70968,0,0,0,0.818531,0.1754,0.00606919,4943,1272791,4877
1,cage,57,isSafe,1,1,0.147637,81924,422,11.5388,7,578,0,0.00773714,0.00249477,0,0,0,0,3882,418,0.108707,0,0,0,0,0,0,0,0,0
1,cage,57,qpFixed,1,1,0.0278404,5038,33,24.347,2126,2126,0,3.62268e-05,0.00249477,0,0,0.00986378,0,16,13,2.0625,0,0,0,1,0,0,5038,1435466,3462
1,cage,57,qpPlain,1,1,0.0284627,5038,33,24.347,2126,2126,0,3.62268e-05,0.00249477,0,0,0.00986378,0,16,13,2.0625,0,0,0,1,0,0,5038,1728034,5038
1,cage,57,qpAdaptive,1,1,0.00587957,985,14,15.3699,1124,1124,0,0.000387039,0.00249477,0,0,0.0188929,0.255838,5,5,2.8,0,0,0,0.741117,0.250761,0.00812183,985,259958,875
1,cage,57,qpFreeGate,1,1,1.63932,412553,767,21.0346,2363,2363,0,0.00290914,0.00249477,0,0,0.00291022,0,4229,742,0.181367,0,0,0,1,0,0,0,0,0
1,cage,57,qpEnvelope,1,1,0.00465973,711,14,15.5218,1024,1024,0,0.000317504,0.00249477,0,0,0.0263325,0.185654,5,5,2.8,0,0,0,0.81294,0.172996,0.0140647,711,184967,672
1,cage,64,isSafe,1,1,0.0207169,11347,58,8.17249,6,410,0,0.00952198,0.00249477,0,0,0,0,292,54,0.19863,0,0,0,0,0,0,0,0,0
1,cage,64,qpFixed,1,1,0.102418,18552,85,20.6146,1915,1915,0,3.32843e-05,0.00249477,0,0,0.00837286,0,75,51,1.13333,0,0,0,1,0,0,18552,4851187,16440
1,cage,64,qpPlain,1,1,0.10806,18552,85,20.6146,1915,1915,0,3.32843e-05,0.00249477,0,0,0.00837286,0,75,51,1.13333,0,0,0,1,0,0,18552,6363336,18552
1,cage,64,qpAdaptive,1,1,0.0834631,13967,84,20.6199,1665,1665,0,3.35957e-05,0.00249477,0,0,0.0110638,0.200974,75,50,1.12,0,0,0,0.797738,0.199184,0.00307869,13967,3667060,13570
1,cage,64,qpFreeGate,1,1,1.88112,474986,848,16.9722,2024,2024,0,0.00553747,0.00249477,0,0,0.0028665,0,4230,806,0.200473,0,0,0,1,0,0,0,0,0
1,cage,64,qpEnvelope,1,1,0.0724179,11596,85,20.7141,1479,1479,0,3.26581e-05,0.00249477,0,0,0.0133555,0.139531,75,50,1.13333,0,0,0,0.859693,0.135823,0.0044843,11596,3057731,11430
1,cage,71,isSafe,1,1,0.0351078,19740,101,16.3655,10,820,0,0.0011219,0.00249477,0,0,0,0,705,97,0.143262,0,0,0,0,0,0,0,0,0
1,cage,71,qpFixed,1,1,0.119087,21512,106,23.6764,2063,2063,0,0.000299501,0.00249477,0,0,0.00877398,0,87,60,1.21839,0,0,0,1,0,0,21512,5583537,19586
1,cage,71,qpPlain,1,1,0.126392,21512,106,23.6764,2063,2063,0,0.000299501,0.00249477,0,0,0.00877398,0,87,60,1.21839,0,0,0,1,0,0,21512,7378616,21512
1,cage,71,qpAdaptive,1,1,0.0961756,16100,104,23.6733,1832,1832,0,0.000300604,0.00249477,0,0,0.0116466,0.223913,87,59,1.1954,0,0,0,0.774534,0.222298,0.0031677,16100,4180558,15701
1,cage,71,qpFreeGate,1,1,1.30268,329431,525,23.6648,2519,2519,0,0.00185028,0.00249477,0,0,0.00281891,0,2674,501,0.196335,0,0,0,1,0,0,0,0,0
1,cage,71,qpEnvelope,1,1,0.0811081,12667,104,23.6209,1673,1673,0,0.00029921,0.00249477,0,0,0.0148419,0.167206,87,59,1.1954,0,0,0,0.832004,0.162864,0.00513144,12667,3279888,12526
1,cage,78,isSafe,1,1,0.129827,70845,398,16.0692,11,805,0,0.00682547,0.00249477,0,0,0,0,3539,394,0.112461,0,0,0,0,0,0,0,0,0
1,cage,78,qpFixed,1,1,0.0775212,13880,69,23.1232,1879,1879,0,0.000105237,0.00249477,0,0,0.00851152,0,49,37,1.40816,0,0,0,1,0,0,13880,3949509,11809
1,cage,78,qpPlain,1,1,0.0784118,13880,69,23.1232,1879,1879,0,0.000105237,0.00249477,0,0,0.00851152,0,49,37,1.40816,0,0,0,1,0,0,13880,4760840,13880
1,cage,78,qpAdaptive,1,1,0.0449972,7358,60,20.2838,1473,1473,0,0.000104341,0.00249477,0,0,0.0135695,0.310818,40,31,1.5,0,0,0,0.687237,0.307462,0.00530107,7358,2114206,7078
1,cage,78,qpFreeGate,1,1,1.51927,390404,653,15.8681,1757,1757,0,0.00179694,0.00249477,0,0,0.00283049,0,3494,643,0.186892,0,0,0,1,0,0,0,0,0
1,cage,78,qpEnvelope,1,1,0.0349444,5231,61,20.3874,1330,1330,0,9.30952e-05,0.00249477,0,0,0.0190583,0.278341,40,31,1.525,0,0,0,0.720459,0.269981,0.00956023,5231,1507103,5151
1,cage,85,isSafe,1,1,0.0437391,24808,126,9.19221,6,461,0,0.0126379,0.00249477,0,0,0,0,1002,123,0.125749,0,0,0,0,0,0,0,0,0
1,cage,85,qpFixed,1,1,0.0914326,16512,91,17.8907,1577,1577,0,0.000120268,0.00249477,0,0,0.00864511,0,67,47,1.35821,0,0,0,1,0,0,16512,4442321,15303
1,cage,85,qpPlain,1,1,0.0950316,16512,91,17.8907,1577,1577,0,0.000120268,0.00249477,0,0,0.00864511,0,67,47,1.35821,0,0,0,1,0,0,16512,5663616,16512
1,cage,85,qpAdaptive,1,1,0.0732026,12207,90,17.873,1440,1440,0,0.000111359,0.00249477,0,0,0.0117056,0.242812,67,47,1.34328,0,0,0,0.754895,0.240682,0.00442369,12207,3324844,11854
1,cage,85,qpFreeGate,1,1,0.378104,97773,175,14.5951,1915,1915,0,0.00659205,0.00249477,0,0,0.00316097,0,743,160,0.235532,0,0,0,1,0,0,0,0,0
1,cage,85,qpEnvelope,1,1,0.0609296,9458,90,17.8351,1303,1303,0,8.49108e-05,0.00249477,0,0,0.0151133,0.167054,67,46,1.34328,0,0,0,0.831783,0.161133,0.00708395,9458,2583653,9318
1,cage,92,isSafe,1,1,0.178507,98457,564,18.484,11,926,0,0.00712346,0.00249477,0,0,0,0,4900,561,0.115102,0,0,0,0,0,0,0,0,0
1,cage,92,qpFixed,1,1,0.0815461,14499,78,26.5864,2386,2386,0,2.33181e-05,0.00249477,0,0,0.00875092,0,57,40,1.36842,0,0,0,1,0,0,14499,4017853,13217
1,cage,92,qpPlain,1,1,0.0835993,14499,78,26.5864,2386,2386,0,2.33181e-05,0.00249477,0,0,0.00875092,0,57,40,1.36842,0,0,0,1,0,0,14499,4973157,14499
1,cage,92,qpAdaptive,1,1,0.0678485,11051,78,26.6288,2037,2037,0,1.28217e-05,0.00249477,0,0,0.0115379,0.226495,57,40,1.36842,0,0,0,0.772147,0.224505,0.00334811,11051,3079294,10858
1,cage,92,qpFreeGate,1,1,0.942267,238959,428,20.6142,2300,2300,0,0.00516708,0.00249477,0,0,0.00320065,0,1925,399,0.222338,0,0,0,1,0,0,0,0,0
1,cage,92,qpEnvelope,1,1,0.0376937,5701,63,23.4599,1601,1601,0,3.33052e-05,0.00249477,0,0,0.0162475,0.221189,43,29,1.46512,0,0,0,0.776881,0.21505,0.00806876,5701,1578039,5642
1,cage,99,isSafe,1,1,0.151872,86087,490,14.499,9,726,0,0.000140581,0.00249477,0,0,0,0,4662,487,0.105105,0,0,0,0,0,0,0,0,0
1,cage,99,qpFixed,1,1,0.0976629,17537,96,24.6131,2054,2054,0,0.000217812,0.00249477,0,0,0.00907701,0,63,48,1.52381,0,0,0,1,0,0,17537,4725129,15643
1,cage,99,qpPlain,1,1,0.100669,17537,96,24.6131,2054,2054,0,0.000217812,0.00249477,0,0,0.00907701,0,63,48,1.52381,0,0,0,1,0,0,17537,6015191,17537
1,cage,99,qpAdaptive,1,1,0.0746612,12361,94,24.6185,1674,1674,0,0.000215135,0.00249477,0,0,0.0126847,0.264784,63,47,1.49206,0,0,0,0.733738,0.261731,0.00453074,12361,3379872,12107
1,cage,99,qpFreeGate,1,1,1.69017,434972,678,23.4343,2174,2174,0,0.00965431,0.00249477,0,0,0.00274433,0,3727,654,0.181916,0,0,0,1,0,0,0,0,0
1,cage,99,qpEnvelope,1,1,0.0576731,8901,95,24.6728,1467,1467,0,0.000193654,0.00249477,0,0,0.0178723,0.211774,63,47,1.50794,0,0,0,0.787889,0.203797,0.00831367,8901,2448113,8793
1,bookshelf_tall,3,isSafe,1,0,10.0002,3340789,38337,0,0,0,0,inf,inf,0,0,0,0,395134,38335,0.0970228,0,0,0,0,0,0,0,0,0
1,bookshelf_tall,3,qpFixed,1,0,10.0003,1706855,3094,0,0,0,0,inf,inf,0,0,0.00532424,0,8162,2986,0.379074,0,0,0,1,0,0,1706855,515583538,1641101
1,bookshelf_tall,3,qpPlain,1,0,10.0009,1732740,3136,0,0,0,0,inf,inf,0,0,0.00531431,0,8294,3028,0.378105,0,0,0,1,0,0,1732740,594329820,1732740
1,bookshelf_tall,3,qpAdaptive,1,0,10.0003,1633454,3219,0,0,0,0,inf,inf,0,0,0.00580594,0.0583371,8585,3115,0.374956,0,0,0,0.941342,0.0576778,0.000980132,1633454,494797149,1616968
1,bookshelf_tall,3,qpFreeGate,1,0,10.0004,2523293,3842,0,0,0,0,inf,inf,0,0,0.00212538,0,23964,3837,0.160324,0,0,0,1,0,0,0,0,0
1,bookshelf_tall,3,qpEnvelope,1,0,10.0009,1616445,3353,0,0,0,0,inf,inf,0,0,0.00611987,0.013242,9018,3243,0.371812,0,0,0,0.986665,0.0122423,0.00109252,1616445,489251545,1610418
1,bookshelf_tall,10,isSafe,1,1,0.00149353,954,7,9.00351,6,452,0,0.00394803,0.00249477,0,0,0,0,17,3,0.411765,0,0,0,0,0,0,0,0,0
1,bookshelf_tall,10,qpFixed,1,1,0.0089113,1582,19,13.1187,991,991,0,0.00356276,0.00249477,0,0,0.0121595,0,5,5,3.8,0,0,0,1,0,0,1582,463072,1371
1,bookshelf_tall,10,qpPlain,1,1,0.00832552,1582,19,13.1187,991,991,0,0.00356276,0.00249477,0,0,0.0121595,0,5,5,3.8,0,0,0,1,0,0,1582,542626,1582
1,bookshelf_tall,10,qpAdaptive,1,1,0.00680148,1202,19,13.1235,942,942,0,0.00356278,0.00249477,0,0,0.0159888,0.299501,5,5,3.8,0,0,0,0.694676,0.296173,0.00915141,1202,354144,1114
1,bookshelf_tall,10,qpFreeGate,1,1,0.0691157,18145,43,8.95027,758,758,0,0.00396562,0.00249477,0,0,0.00382853,0,135,36,0.318519,0,0,0,1,0,0,0,0,0
1,bookshelf_tall,10,qpEnvelope,1,1,0.00369887,543,19,13.1447,768,768,0,0.00326082,0.00249477,0,0,0.0354385,0.349908,5,5,3.8,0,0,0,0.644567,0.324125,0.0313076,543,161246,518
1,bookshelf_tall,17,isSafe,1,1,0.00508895,2814,16,11.0024,7,552,0,0.00496561,0.00249477,0,0,0,0,48,12,0.333333,0,0,0,0,0,0,0,0,0
1,bookshelf_tall,17,qpFixed,1,1,0.00291596,551,7,6.51225,552,552,0,0.00199446,0.00249477,0,0,0.011819,0,1,1,7,0,0,0,1,0,0,551,144124,366
1,bookshelf_tall,17,qpPlain,1,1,0.00283943,551,7,6.51225,552,552,0,0.00199446,0.00249477,0,0,0.011819,0,1,1,7,0,0,0,1,0,0,551,188993,551
1,bookshelf_tall,17,qpAdaptive,1,1,0.00207836,387,7,6.51349,503,503,0,0.00195225,0.00249477,0,0,0.0168307,0.0878553,1,1,7,0,0,0,0.912145,0.0801034,0.00775194,387,104348,358
1,bookshelf_tall,17,qpFreeGate,1,1,0.0226485,5946,20,9.17607,710,710,0,0.00496561,0.00249477,0,0,0.00545808,0,48,16,0.416667,0,0,0,1,0,0,0,0,0
1,bookshelf_tall,17,qpEnvelope,1,1,0.0016301,288,7,6.51206,464,464,0,0.00203876,0.00249477,0,0,0.0226113,0.0729167,1,1,7,0,0,0,0.920139,0.0659722,0.0138889,288,78771,277
1,bookshelf_tall,26,isSafe,1,0,10.0046,2,1,0,0,0,0,inf,inf,0,0,0,0,0,0,0,0,0,0,0,0,0,0,0,0
1,bookshelf_tall,26,qpFixed,1,0,10.0008,1712386,7333,0,0,0,0,inf,inf,0,0,0.0074093,0,28543,7331,0.256911,0,0,0,1,0,0,1712386,512372237,1510210
1,bookshelf_tall,26,qpPlain,1,0,10.0009,1727216,7398,0,0,0,0,inf,inf,0,0,0.0074046,0,28817,7396,0.256723,0,0,0,1,0,0,1727216,592435088,1727216
1,bookshelf_tall,26,qpAdaptive,1,0,10.001,1611069,8506,0,0,0,0,inf,inf,0,0,0.00902646,0.111645,33495,8504,0.253948,0,0,0,0.885706,0.110983,0.00331123,1611069,486053956,1563635
1,bookshelf_tall,26,qpFreeGate,1,0,10.0001,2425689,7935,0,0,0,0,inf,inf,0,0,0.00350647,0,53633,7933,0.14795,0,0,0,1,0,0,0,0,0
1,bookshelf_tall,26,qpEnvelope,1,0,10.0006,1543846,9098,0,0,0,0,inf,inf,0,0,0.0100557,0.0259747,36047,9096,0.252393,0,0,0,0.97333,0.0226659,0.00400402,1543846,465347751,1527509
1,bookshelf_tall,33,isSafe,1,1,0.0133204,7527,33,12.0293,8,603,0,0.000260518,0.00249477,0,0,0,0,172,29,0.19186,0,0,0,0,0,0,0,0,0
1,bookshelf_tall,33,qpFixed,1,1,0.00155202,322,5,5.51931,323,323,0,0.00326504,0.00249477,0,0,0.0171407,0,1,1,5,0,0,0,1,0,0,322,82573,62
1,bookshelf_tall,33,qpPlain,1,1,0.00156076,322,5,5.51931,323,323,0,0.00326504,0.00249477,0,0,0.0171407,0,1,1,5,0,0,0,1,0,0,322,110446,322
1,bookshelf_tall,33,qpAdaptive,1,1,0.000449292,86,5,5.52165,308,308,0,0.00326504,0.00249477,0,0,0.0642052,0.604651,1,1,5,0,0,0,0.395349,0.569767,0.0348837,86,25502,48
1,bookshelf_tall,33,qpFreeGate,1,1,0.0483505,11734,44,22.3349,2187,2187,0,0.0011537,0.00249477,0,0,0.00589037,0,119,38,0.369748,0,0,0,1,0,0,0,0,0
1,bookshelf_tall,33,qpEnvelope,1,1,0.000321107,45,5,5.54222,298,298,0,0.00326504,0.00249477,0,0,0.12316,0.666667,1,1,5,0,0,0,0.333333,0.6,0.0666667,45,13504,29
1,bookshelf_tall,40,isSafe,1,1,0.0524039,29659,156,17.2181,11,862,0,0.00282253,0.00249477,0,0,0,0,1254,152,0.124402,0,0,0,0,0,0,0,0,0
1,bookshelf_tall,40,qpFixed,1,1,0.0150733,2447,26,15.3399,1382,1382,126,-0.00102403,0.00249477,0,0,0.00999166,0,8,8,3.25,0,0,0,1,0,0,2447,745867,2087
1,bookshelf_tall,40,qpPlain,1,1,0.0144091,2447,26,15.3399,1382,1382,126,-0.00102403,0.00249477,0,0,0.00999166,0,8,8,3.25,0,0,0,1,0,0,2447,839321,2447
1,bookshelf_tall,40,qpAdaptive,1,1,0.0107782,1631,26,15.3429,1207,1207,126,-0.00102403,0.00249477,0,0,0.0149977,0.244635,8,8,3.25,0,0,0,0.75046,0.239117,0.0104231,1631,520502,1598
1,bookshelf_tall,40,qpFreeGate,1,1,0.185454,46538,79,20.1676,1681,1681,0,0.00204946,0.00249477,0,0,0.00319862,0,337,74,0.234421,0,0,0,1,0,0,0,0,0
1,bookshelf_tall,40,qpEnvelope,1,1,0.0359184,5196,77,9.66453,558,558,0,0.00598418,0.00249477,0,0,0.0155427,0.190531,35,28,2.2,0,0,0,0.807544,0.179176,0.0132794,5196,1454720,5115
1,bookshelf_tall,47,isSafe,1,1,0.0050651,2798,16,14.8569,9,744,0,0.00838713,0.00249477,0,0,0,0,54,12,0.296296,0,0,0,0,0,0,0,0,0
1,bookshelf_tall,47,qpFixed,1,1,0.04585,7827,61,21.0998,1994,1994,0,0.000290212,0.00249477,0,0,0.00991606,0,24,22,2.54167,0,0,0,1,0,0,7827,2217391,6914
1,bookshelf_tall,47,qpPlain,1,1,0.0464614,7827,61,21.0998,1994,1994,0,0.000290212,0.00249477,0,0,0.00991606,0,24,22,2.54167,0,0,0,1,0,0,7827,2684661,7827
1,bookshelf_tall,47,qpAdaptive,1,1,0.0404592,6394,61,21.0989,1769,1769,0,0.000274114,0.00249477,0,0,0.012139,0.173287,24,22,2.54167,0,0,0,0.824523,0.17016,0.00531749,6394,1820843,5931
1,bookshelf_tall,47,qpFreeGate,1,1,0.0728135,18692,38,14.7012,1891,1891,0,0.000337622,0.00249477,0,0,0.00321498,0,159,31,0.238994,0,0,0,1,0,0,0,0,0
1,bookshelf_tall,47,qpEnvelope,1,1,0.0137597,1998,27,19.77,1357,1357,0,0.000645563,0.00249477,0,0,0.0171323,0.218218,10,10,2.7,0,0,0,0.778779,0.211211,0.01001,1998,571610,1842
1,bookshelf_tall,54,isSafe,1,1,0.00809642,4559,23,7.64347,5,384,0,0.00305955,0.00249477,0,0,0,0,102,20,0.22549,0,0,0,0,0,0,0,0,0
1,bookshelf_tall,54,qpFixed,1,1,0.00749449,1338,15,10.2208,779,779,0,0.00165208,0.00249477,0,0,0.0102264,0,3,3,5,0,0,0,1,0,0,1338,382556,853
1,bookshelf_tall,54,qpPlain,1,1,0.00732874,1338,15,10.2208,779,779,0,0.00165208,0.00249477,0,0,0.0102264,0,3,3,5,0,0,0,1,0,0,1338,458934,1338
1,bookshelf_tall,54,qpAdaptive,1,1,0.00378349,634,15,10.2213,699,699,0,0.00165397,0.00249477,0,0,0.0215989,0.307571,3,3,5,0,0,0,0.690852,0.294953,0.0141956,634,196882,583
1,bookshelf_tall,54,qpFreeGate,1,1,0.0445278,11252,32,6.30142,448,448,0,0.00302817,0.00249477,0,0,0.00470073,0,102,27,0.313725,0,0,0,1,0,0,0,0,0
1,bookshelf_tall,54,qpEnvelope,1,1,0.00246963,360,11,10.1911,636,636,0,0.00197337,0.00249477,0,0,0.0367513,0.266667,3,3,3.66667,0,0,0,0.733333,0.244444,0.0222222,360,111761,333
1,bookshelf_tall,61,isSafe,1,0,10.0017,2,1,0,0,0,0,inf,inf,0,0,0,0,0,0,0,0,0,0,0,0,0,0,0,0
1,bookshelf_tall,61,qpFixed,1,0,10.0015,1724318,3306,0,0,0,0,inf,inf,0,0,0.00545098,0,8222,3182,0.402092,0,0,0,1,0,0,1724318,519962785,1639753
1,bookshelf_tall,61,qpPlain,1,0,10.0009,1749522,3349,0,0,0,0,inf,inf,0,0,0.00544561,0,8349,3225,0.401126,0,0,0,1,0,0,1749522,600086046,1749522
1,bookshelf_tall,61,qpAdaptive,1,0,10.0002,1619799,3420,0,0,0,0,inf,inf,0,0,0.00601496,0.0567842,8562,3296,0.399439,0,0,0,0.942944,0.0560151,0.00104087,1619799,489921363,1600217
1,bookshelf_tall,61,qpFreeGate,1,0,10.0001,2392273,7679,0,0,0,0,inf,inf,0,0,0.00349524,0,50965,7677,0.150672,0,0,0,1,0,0,0,0,0
1,bookshelf_tall,61,qpEnvelope,1,0,10.0005,1606190,3508,0,0,0,0,inf,inf,0,0,0.00626273,0.0076199,8902,3381,0.394069,0,0,0,0.99233,0.00656586,0.00110448,1606190,485534960,1599758
1,bookshelf_tall,69,isSafe,1,1,0.0275118,15428,79,20.0808,12,1006,0,0.00497499,0.00249477,0,0,0,0,502,75,0.157371,0,0,0,0,0,0,0,0,0
1,bookshelf_tall,69,qpFixed,1,1,0.00917573,1661,14,13.9659,1272,1272,0,0.00156648,0.00249477,0,0,0.00926111,0,5,4,2.8,0,0,0,1,0,0,1661,484895,1402
1,bookshelf_tall,69,qpPlain,1,1,0.00896397,1661,14,13.9659,1272,1272,0,0.00156648,0.00249477,0,0,0.00926111,0,5,4,2.8,0,0,0,1,0,0,1661,569723,1661
1,bookshelf_tall,69,qpAdaptive,1,1,0.00607788,1057,15,13.9756,1028,1028,0,0.00157196,0.00249477,0,0,0.0145656,0.351939,5,4,3,0,0,0,0.64333,0.347209,0.00946074,1057,312755,1018
1,bookshelf_tall,69,qpFreeGate,1,1,0.0510163,12970,28,11.9151,1140,1140,0,0.00306661,0.00249477,0,0,0.00367344,0,97,22,0.28866,0,0,0,1,0,0,0,0,0
1,bookshelf_tall,69,qpEnvelope,1,1,0.00383599,577,13,14.0096,864,864,0,0.00149656,0.00249477,0,0,0.0266773,0.40208,5,4,2.6,0,0,0,0.596187,0.383016,0.0207972,577,172412,564
1,bookshelf_tall,76,isSafe,1,0,10,3484665,40136,0,0,0,0,inf,inf,0,0,0,0,339715,40134,0.118146,0,0,0,0,0,0,0,0,0
1,bookshelf_tall,76,qpFixed,1,0,10.001,1735479,3237,0,0,0,0,inf,inf,0,0,0.00541712,0,8201,3116,0.394708,0,0,0,1,0,0,1735479,523568402,1651753
1,bookshelf_tall,76,qpPlain,1,0,10.0003,1761682,3283,0,0,0,0,inf,inf,0,0,0.00541252,0,8333,3162,0.393976,0,0,0,1,0,0,1761682,604256926,1761682
1,bookshelf_tall,76,qpAdaptive,1,0,10.0005,1603739,3292,0,0,0,0,inf,inf,0,0,0.00598136,0.0564044,8357,3170,0.393921,0,0,0,0.943334,0.0556674,0.000998293,1603739,484849137,1584551
1,bookshelf_tall,76,qpFreeGate,1,0,10.0004,2496328,4051,0,0,0,0,inf,inf,0,0,0.00229145,0,22568,4047,0.179502,0,0,0,1,0,0,0,0,0
1,bookshelf_tall,76,qpEnvelope,1,0,10.001,1603129,3419,0,0,0,0,inf,inf,0,0,0.00625597,0.00801994,8800,3296,0.388523,0,0,0,0.99193,0.00697262,0.00109723,1603129,484343263,1596603
1,bookshelf_tall,83,isSafe,1,1,0.0217254,11826,60,21.3338,12,1068,0,0.00623334,0.00249477,0,0,0,0,392,56,0.153061,0,0,0,0,0,0,0,0,0
1,bookshelf_tall,83,qpFixed,1,1,0.00983579,1588,18,8.69519,716,716,0,0.0068549,0.00249477,0,0,0.00958051,0,4,3,4.5,0,0,0,1,0,0,1588,472689,1013
1,bookshelf_tall,83,qpPlain,1,1,0.00977578,1588,18,8.69519,716,716,0,0.0068549,0.00249477,0,0,0.00958051,0,4,3,4.5,0,0,0,1,0,0,1588,544684,1588
1,bookshelf_tall,83,qpAdaptive,1,1,0.00619803,852,16,8.70139,484,484,0,0.0068549,0.00249477,0,0,0.01784,0.120892,4,3,4,0,0,0,0.875587,0.111502,0.0129108,852,259216,800
1,bookshelf_tall,83,qpFreeGate,1,1,0.0224068,5377,33,9.46358,1072,1072,0,0.00366873,0.00249477,0,0,0.00512505,0,40,15,0.825,0,0,0,1,0,0,0,0,0
1,bookshelf_tall,83,qpEnvelope,1,1,0.00577616,762,11,8.69667,455,455,0,0.0068549,0.00249477,0,0,0.0199548,0.0603675,4,3,2.75,0,0,0,0.939633,0.0524934,0.00787402,762,231261,742
1,bookshelf_tall,90,isSafe,1,0,10.0012,2,1,0,0,0,0,inf,inf,0,0,0,0,0,0,0,0,0,0,0,0,0,0,0,0
1,bookshelf_tall,90,qpFixed,1,0,10.0006,1731432,3281,0,0,0,0,inf,inf,0,0,0.00539253,0,8291,3165,0.39573,0,0,0,1,0,0,1731432,523310314,1651754
1,bookshelf_tall,90,qpPlain,1,0,10.0001,1751720,3314,0,0,0,0,inf,inf,0,0,0.00538133,0,8396,3198,0.394712,0,0,0,1,0,0,1751720,600839960,1751720
1,bookshelf_tall,90,qpAdaptive,1,0,10.0005,1607674,3355,0,0,0,0,inf,inf,0,0,0.00592772,0.0603487,8497,3239,0.394845,0,0,0,0.939365,0.0596142,0.00102073,1607674,487392351,1588764
1,bookshelf_tall,90,qpFreeGate,1,0,10.0003,2392108,7519,0,0,0,0,inf,inf,0,0,0.00341247,0,51455,7517,0.146128,0,0,0,1,0,0,0,0,0
1,bookshelf_tall,90,qpEnvelope,1,0,10.001,1582190,3461,0,0,0,0,inf,inf,0,0,0.00624002,0.0109841,8841,3347,0.391472,0,0,0,0.98895,0.00992489,0.00112503,1582190,478997580,1575998
1,bookshelf_tall,99,isSafe,1,1,0.00896741,5077,26,17.7688,10,890,0,0.0106292,0.00249477,0,0,0,0,163,21,0.159509,0,0,0,0,0,0,0,0,0
1,bookshelf_tall,99,qpFixed,1,1,0.0168797,3124,20,19.2842,1643,1643,0,0.00016868,0.00249477,0,0,0.00981324,0,11,7,1.81818,0,0,0,1,0,0,3124,753908,2956
1,bookshelf_tall,99,qpPlain,1,1,0.0180856,3124,20,19.2842,1643,1643,0,0.00016868,0.00249477,0,0,0.00981324,0,11,7,1.81818,0,0,0,1,0,0,3124,1071532,3124
1,bookshelf_tall,99,qpAdaptive,1,1,0.0151042,2704,20,19.2945,1546,1546,0,0.000163965,0.00249477,0,0,0.011345,0.175666,11,7,1.81818,0,0,0,0.822115,0.174556,0.0033284,2704,650672,2625
1,bookshelf_tall,99,qpFreeGate,1,1,0.00835252,2148,14,10.6027,927,927,0,0.00284571,0.00249477,0,0,0.00577385,0,12,4,1.16667,0,0,0,1,0,0,0,0,0
1,bookshelf_tall,99,qpEnvelope,1,1,0.0102299,1701,20,18.5129,1250,1250,0,0.000481224,0.00249477,0,0,0.01787,0.175191,11,7,1.81818,0,0,0,0.824809,0.168136,0.00705467,1701,406440,1665
1,bookshelf_thin,6,isSafe,1,0,10.0097,2,1,0,0,0,0,inf,inf,0,0,0,0,0,0,0,0,0,0,0,0,0,0,0,0
1,bookshelf_thin,6,qpFixed,1,1,0.0023395,414,7,6.70606,415,415,0,0.00552503,0.00249477,0,0,0.0161982,0,1,1,7,0,0,0,1,0,0,414,112886,92
1,bookshelf_thin,6,qpPlain,1,1,0.00223409,414,7,6.70606,415,415,0,0.00552503,0.00249477,0,0,0.0161982,0,1,1,7,0,0,0,1,0,0,414,142002,414
1,bookshelf_thin,6,qpAdaptive,1,1,0.000814657,152,6,6.70582,385,385,0,0.00552503,0.00249477,0,0,0.0441172,0.322368,1,1,6,0,0,0,0.671053,0.302632,0.0263158,152,44678,90
1,bookshelf_thin,6,qpFreeGate,1,0,10.0003,2388106,8069,0,0,0,0,inf,inf,0,0,0.00369058,0,51581,8067,0.156434,0,0,0,1,0,0,0,0,0
1,bookshelf_thin,6,qpEnvelope,1,1,0.000633086,99,6,6.70525,367,367,0,0.00552503,0.00249477,0,0,0.0677298,0.242424,1,1,6,0,0,0,0.757576,0.20202,0.040404,99,29027,74
1,bookshelf_thin,13,isSafe,1,1,0.0148312,8179,40,15.915,9,797,0,0.00387073,0.00249477,0,0,0,0,135,37,0.296296,0,0,0,0,0,0,0,0,0
1,bookshelf_thin,13,qpFixed,1,1,0.00143856,316,5,4.13171,317,317,0,0.00387073,0.00249477,0,0,0.013075,0,1,1,5,0,0,0,1,0,0,316,72065,91
1,bookshelf_thin,13,qpPlain,1,1,0.00155243,316,5,4.13171,317,317,0,0.00387073,0.00249477,0,0,0.013075,0,1,1,5,0,0,0,1,0,0,316,108388,316
1,bookshelf_thin,13,qpAdaptive,1,1,0.000586733,128,5,4.13171,244,244,0,0.00387073,0.00249477,0,0,0.032279,0.203125,1,1,5,0,0,0,0.796875,0.179688,0.0234375,128,29413,91
1,bookshelf_thin,13,qpFreeGate,1,1,0.0361371,9144,43,12.1017,1118,1118,0,0.00387073,0.00249477,0,0,0.00567132,0,63,27,0.68254,0,0,0,1,0,0,0,0,0
1,bookshelf_thin,13,qpEnvelope,1,1,0.000528701,103,5,4.13184,237,237,0,0.00387073,0.00249477,0,0,0.0401149,0.116505,1,1,5,0,0,0,0.883495,0.0873786,0.0291262,103,23275,89
1,bookshelf_thin,20,isSafe,1,1,0.0532675,30338,138,23.5428,14,1179,0,0.00561229,0.00249477,0,0,0,0,923,133,0.149512,0,0,0,0,0,0,0,0,0
1,bookshelf_thin,20,qpFixed,1,1,0.00511022,999,6,3.51411,269,269,0,0.010773,0.00249477,0,0,0.0104908,0,4,3,1.5,0,0,0,1,0,0,999,246760,670
1,bookshelf_thin,20,qpPlain,1,1,0.0053813,999,6,3.51411,269,269,0,0.010773,0.00249477,0,0,0.0104908,0,4,3,1.5,0,0,0,1,0,0,999,342657,999
1,bookshelf_thin,20,qpAdaptive,1,1,0.00311707,572,6,3.51411,228,228,0,0.010773,0.00249477,0,0,0.0183536,0.134615,4,3,1.5,0,0,0,0.861888,0.131119,0.00699301,572,148173,534
1,bookshelf_thin,20,qpFreeGate,1,1,0.469122,123190,215,25.6924,2222,2222,0,0.00648944,0.00249477,0,0,0.00313367,0,923,209,0.232936,0,0,0,1,0,0,0,0,0
1,bookshelf_thin,20,qpEnvelope,1,1,0.00253061,419,6,3.5175,198,198,0,0.00939181,0.00249477,0,0,0.0258036,0.193317,4,3,1.5,0,0,0,0.804296,0.186158,0.00954654,419,108064,400
1,bookshelf_thin,27,isSafe,1,1,0.0199657,11054,56,14.5359,9,728,0,0.00110941,0.00249477,0,0,0,0,352,52,0.159091,0,0,0,0,0,0,0,0,0
1,bookshelf_thin,27,qpFixed,1,1,0.0172084,2949,17,13.6052,1300,1300,0,0.000216291,0.00249477,0,0,0.00825885,0,10,8,1.7,0,0,0,1,0,0,2949,852133,2636
1,bookshelf_thin,27,qpPlain,1,1,0.016963,2949,17,13.6052,1300,1300,0,0.000216291,0.00249477,0,0,0.00825885,0,10,8,1.7,0,0,0,1,0,0,2949,1011507,2949
1,bookshelf_thin,27,qpAdaptive,1,1,0.0142606,2361,17,13.6127,1138,1138,0,0.00021641,0.00249477,0,0,0.0103155,0.191021,10,8,1.7,0,0,0,0.808132,0.189327,0.0025413,2361,686796,2192
1,bookshelf_thin,27,qpFreeGate,1,1,0.0279859,7050,18,12.5514,1321,1321,0,0.00389125,0.00249477,0,0,0.00371212,0,51,12,0.352941,0,0,0,1,0,0,0,0,0
1,bookshelf_thin,27,qpEnvelope,1,1,0.0109687,1689,17,13.628,962,962,0,0.000211988,0.00249477,0,0,0.01443,0.144464,10,8,1.7,0,0,0,0.854352,0.14032,0.0053286,1689,492105,1629
1,bookshelf_thin,34,isSafe,1,1,0.00620666,3427,19,16.1703,10,810,0,0.00273168,0.00249477,0,0,0,0,102,15,0.186275,0,0,0,0,0,0,0,0,0
1,bookshelf_thin,34,qpFixed,1,1,0.00413242,760,12,6.94173,584,584,0,0.00388951,0.00249477,0,0,0.00997001,0,2,2,6,0,0,0,1,0,0,760,207166,407
1,bookshelf_thin,34,qpPlain,1,1,0.00413307,760,12,6.94173,584,584,0,0.00388951,0.00249477,0,0,0.00997001,0,2,2,6,0,0,0,1,0,0,760,260680,760
1,bookshelf_thin,34,qpAdaptive,1,1,0.00162394,289,12,6.94372,422,422,0,0.00388951,0.00249477,0,0,0.0262249,0.512111,2,2,6,0,0,0,0.470588,0.491349,0.0380623,289,75341,257
1,bookshelf_thin,34,qpFreeGate,1,1,0.0469592,12141,30,13.9579,1141,1141,0,0.00273527,0.00249477,0,0,0.00382214,0,102,26,0.294118,0,0,0,1,0,0,0,0,0
1,bookshelf_thin,34,qpEnvelope,1,1,0.000980145,131,11,6.9475,388,388,0,0.00388951,0.00249477,0,0,0.0578765,0.816794,2,2,5.5,0,0,0,0.152672,0.770992,0.0763359,131,34473,118
1,bookshelf_thin,41,isSafe,1,0,10.0031,2,1,0,0,0,0,inf,inf,0,0,0,0,0,0,0,0,0,0,0,0,0,0,0,0
1,bookshelf_thin,41,qpFixed,1,0,10.0001,1788042,7648,0,0,0,0,inf,inf,0,0,0.00747275,0,29595,7646,0.258422,0,0,0,1,0,0,1788042,529954946,1544715
1,bookshelf_thin,41,qpPlain,1,0,10,1751806,7491,0,0,0,0,inf,inf,0,0,0.00748672,0,28959,7489,0.258676,0,0,0,1,0,0,1751806,600869458,1751806
1,bookshelf_thin,41,qpAdaptive,1,0,10.0003,1595583,8440,0,0,0,0,inf,inf,0,0,0.00919576,0.0986379,33053,8438,0.255347,0,0,0,0.89905,0.097532,0.00341778,1595583,476491016,1545580
1,bookshelf_thin,41,qpFreeGate,1,0,10.0001,2367052,8201,0,0,0,0,inf,inf,0,0,0.00372221,0,51677,8199,0.158697,0,0,0,1,0,0,0,0,0
1,bookshelf_thin,41,qpEnvelope,1,0,10.0001,1562463,9018,0,0,0,0,inf,inf,0,0,0.0100123,0.0153328,35521,9016,0.253878,0,0,0,0.984251,0.0118657,0.00388362,1562463,465607231,1545615
1,bookshelf_thin,48,isSafe,1,0,10.0001,3529382,40740,0,0,0,0,inf,inf,0,0,0,0,322993,40738,0.126133,0,0,0,0,0,0,0,0,0
1,bookshelf_thin,48,qpFixed,1,0,10.0008,1794310,3444,0,0,0,0,inf,inf,0,0,0.00547162,0,8386,3318,0.410684,0,0,0,1,0,0,1794310,537864337,1695755
1,bookshelf_thin,48,qpPlain,1,0,10.0002,1762691,3394,0,0,0,0,inf,inf,0,0,0.00548189,0,8224,3268,0.412695,0,0,0,1,0,0,1762691,604603013,1762691
1,bookshelf_thin,48,qpAdaptive,1,0,10.0013,1626062,3433,0,0,0,0,inf,inf,0,0,0.00600972,0.0472196,8350,3307,0.411138,0,0,0,0.952528,0.0464553,0.00101718,1626062,488969654,1606321
1,bookshelf_thin,48,qpFreeGate,1,0,10.0001,2550782,4475,0,0,0,0,inf,inf,0,0,0.00242315,0,23950,4473,0.186848,0,0,0,1,0,0,0,0,0
1,bookshelf_thin,48,qpEnvelope,1,0,10.0004,1612262,3541,0,0,0,0,inf,inf,0,0,0.00624863,0.00586443,8655,3416,0.409128,0,0,0,0.994101,0.00482925,0.00106993,1612262,484729461,1605967
1,bookshelf_thin,55,isSafe,1,1,0.0190316,10511,52,24.0166,14,1202,0,0.0015951,0.00249477,0,0,0,0,317,46,0.164038,0,0,0,0,0,0,0,0,0
1,bookshelf_thin,55,qpFixed,1,1,0.00856451,1560,10,12.0095,1018,1018,0,0.000282603,0.00249477,0,0,0.00954127,0,5,3,2,0,0,0,1,0,0,1560,385581,1200
1,bookshelf_thin,55,qpPlain,1,1,0.00911622,1560,10,12.0095,1018,1018,0,0.000282603,0.00249477,0,0,0.00954127,0,5,3,2,0,0,0,1,0,0,1560,535080,1560
1,bookshelf_thin,55,qpAdaptive,1,1,0.00707284,1243,10,12.0089,945,945,0,0.000282103,0.00249477,0,0,0.0119738,0.0756235,5,3,2,0,0,0,0.923572,0.074819,0.00160901,1243,311957,1071
1,bookshelf_thin,55,qpFreeGate,1,1,0.00748322,1780,10,7.74118,668,668,0,0.00444271,0.00249477,0,0,0.00780119,0,12,6,0.833333,0,0,0,1,0,0,0,0,0
1,bookshelf_thin,55,qpEnvelope,1,1,0.00649115,1125,10,12.0295,904,904,0,0.000278906,0.00249477,0,0,0.0132385,0.024,5,3,2,0,0,0,0.976,0.0222222,0.00177778,1125,283130,965
1,bookshelf_thin,62,isSafe,1,0,10.0025,2,1,0,0,0,0,inf,inf,0,0,0,0,0,0,0,0,0,0,0,0,0,0,0,0
1,bookshelf_thin,62,qpFixed,1,0,10.0014,1741197,3285,0,0,0,0,inf,inf,0,0,0.00545281,0,8323,3166,0.394689,0,0,0,1,0,0,1741197,526218127,1655015
1,bookshelf_thin,62,qpPlain,1,0,10.0011,1753183,3306,0,0,0,0,inf,inf,0,0,0.00544978,0,8387,3187,0.394181,0,0,0,1,0,0,1753183,601341769,1753183
1,bookshelf_thin,62,qpAdaptive,1,0,10.0002,1620628,3360,0,0,0,0,inf,inf,0,0,0.00600076,0.0550626,8533,3241,0.393765,0,0,0,0.944655,0.0543051,0.00103972,1620628,491068615,1600987
1,bookshelf_thin,62,qpFreeGate,1,0,10.0003,2396407,8005,0,0,0,0,inf,inf,0,0,0.00362517,0,52521,8003,0.152415,0,0,0,1,0,0,0,0,0
1,bookshelf_thin,62,qpEnvelope,1,0,10.0001,1586589,3448,0,0,0,0,inf,inf,0,0,0.00627139,0.0073825,8751,3328,0.394012,0,0,0,0.992573,0.0063331,0.00109417,1586589,481157138,1580156
1,bookshelf_thin,69,isSafe,1,0,10.0074,2,1,0,0,0,0,inf,inf,0,0,0,0,0,0,0,0,0,0,0,0,0,0,0,0
1,bookshelf_thin,69,qpFixed,1,0,10.0006,1722527,7336,0,0,0,0,inf,inf,0,0,0.00742145,0,28503,7334,0.257376,0,0,0,1,0,0,1722527,514346558,1503140
1,bookshelf_thin,69,qpPlain,1,0,10.0001,1733897,7379,0,0,0,0,inf,inf,0,0,0.00741389,0,28693,7377,0.257171,0,0,0,1,0,0,1733897,594726671,1733897
1,bookshelf_thin,69,qpAdaptive,1,0,10.0006,1579520,8343,0,0,0,0,inf,inf,0,0,0.00914016,0.105994,32807,8341,0.254305,0,0,0,0.891507,0.105058,0.00343524,1579520,475184077,1531482
1,bookshelf_thin,69,qpFreeGate,1,0,10.0001,2362944,7725,0,0,0,0,inf,inf,0,0,0.00358094,0,50691,7723,0.152394,0,0,0,1,0,0,0,0,0
1,bookshelf_thin,69,qpEnvelope,1,0,10.0001,1554009,9024,0,0,0,0,inf,inf,0,0,0.0100334,0.019792,35769,9022,0.252285,0,0,0,0.979661,0.0163409,0.00399845,1554009,467131070,1537321
1,bookshelf_thin,77,isSafe,1,0,10.0049,2,1,0,0,0,0,inf,inf,0,0,0,0,0,0,0,0,0,0,0,0,0,0,0,0
1,bookshelf_thin,77,qpFixed,1,0,10.0001,1722433,7563,0,0,0,0,inf,inf,0,0,0.00754038,0,28765,7561,0.262924,0,0,0,1,0,0,1722433,511061496,1480112
1,bookshelf_thin,77,qpPlain,1,0,10.0003,1714314,7522,0,0,0,0,inf,inf,0,0,0.00754161,0,28617,7520,0.262851,0,0,0,1,0,0,1714314,588009702,1714314
1,bookshelf_thin,77,qpAdaptive,1,0,10.001,1580400,8652,0,0,0,0,inf,inf,0,0,0.00935514,0.106707,33461,8650,0.25857,0,0,0,0.890787,0.105606,0.00360705,1580400,472481574,1530880
1,bookshelf_thin,77,qpFreeGate,1,0,10.0003,2387532,8301,0,0,0,0,inf,inf,0,0,0.00376189,0,52179,8299,0.159087,0,0,0,1,0,0,0,0,0
1,bookshelf_thin,77,qpEnvelope,1,0,10,1572550,9368,0,0,0,0,inf,inf,0,0,0.0101867,0.0160694,36601,9366,0.255949,0,0,0,0.983511,0.0124075,0.00408123,1572550,469520505,1556645
1,bookshelf_thin,84,isSafe,1,1,0.00372287,2155,12,11.7797,7,590,0,0.00467165,0.00249477,0,0,0,0,40,9,0.3,0,0,0,0,0,0,0,0,0
1,bookshelf_thin,84,qpFixed,1,1,0.00244098,563,6,5.88569,564,564,0,0.00625856,0.00249477,0,0,0.0104542,0,1,1,6,0,0,0,1,0,0,563,127221,92
1,bookshelf_thin,84,qpPlain,1,1,0.00266567,563,6,5.88569,564,564,0,0.00625856,0.00249477,0,0,0.0104542,0,1,1,6,0,0,0,1,0,0,563,193109,563
1,bookshelf_thin,84,qpAdaptive,1,1,0.000601925,125,6,5.87835,365,365,0,0.00625856,0.00249477,0,0,0.0470268,0.496,1,1,6,0,0,0,0.504,0.464,0.032,125,29142,84
1,bookshelf_thin,84,qpFreeGate,1,1,0.0256395,6669,18,9.24099,834,834,0,0.00602348,0.00249477,0,0,0.00468767,0,54,15,0.333333,0,0,0,1,0,0,0,0,0
1,bookshelf_thin,84,qpEnvelope,1,1,0.000329503,48,6,5.86753,320,320,0,0.00625856,0.00249477,0,0,0.12224,0.5625,1,1,6,0,0,0,0.4375,0.479167,0.0833333,48,11283,28
1,bookshelf_thin,91,isSafe,1,1,0.00378893,2118,13,14.3731,9,720,0,0.00183683,0.00249477,0,0,0,0,31,9,0.419355,0,0,0,0,0,0,0,0,0
1,bookshelf_thin,91,qpFixed,1,1,0.00359905,695,8,9.55956,696,696,0,0.000548135,0.00249477,0,0,0.0137548,0,1,1,8,0,0,0,1,0,0,695,163421,400
1,bookshelf_thin,91,qpPlain,1,1,0.00387261,695,8,9.55956,696,696,0,0.000548135,0.00249477,0,0,0.0137548,0,1,1,8,0,0,0,1,0,0,695,238385,695
1,bookshelf_thin,91,qpAdaptive,1,1,0.00226833,404,8,9.56069,628,628,0,0.000548135,0.00249477,0,0,0.0236651,0.35396,1,1,8,0,0,0,0.641089,0.344059,0.0148515,404,100984,367
1,bookshelf_thin,91,qpFreeGate,1,1,0.030148,7316,36,18.7438,1484,1484,0,0.00558074,0.00249477,0,0,0.00545537,0,56,22,0.642857,0,0,0,1,0,0,0,0,0
1,bookshelf_thin,91,qpEnvelope,1,1,0.00164934,259,8,9.58448,589,589,0,0.000548135,0.00249477,0,0,0.0370057,0.409266,1,1,8,0,0,0,0.590734,0.3861,0.023166,259,65565,233
1,bookshelf_thin,98,isSafe,1,1,0.00565126,2459,14,9.50988,6,477,0,0.00221224,0.00249477,0,0,0,0,48,10,0.291667,0,0,0,0,0,0,0,0,0
1,bookshelf_thin,98,qpFixed,1,1,0.00888165,1108,13,9.83232,843,843,0,4.7217e-05,0.00249477,0,0,0.0106556,0,2,2,6.5,0,0,0,1,0,0,1108,290372,939
1,bookshelf_thin,98,qpPlain,1,1,0.00984274,1108,13,9.83232,843,843,0,4.7217e-05,0.00249477,0,0,0.0106556,0,2,2,6.5,0,0,0,1,0,0,1108,380044,1108
1,bookshelf_thin,98,qpAdaptive,1,1,0.00709404,812,13,9.83321,758,758,0,4.7217e-05,0.00249477,0,0,0.0145411,0.110837,2,2,6.5,0,0,0,0.884236,0.105911,0.00985222,812,212027,788
1,bookshelf_thin,98,qpFreeGate,1,1,0.0763201,17809,48,15.817,1476,1476,0,0.00319077,0.00249477,0,0,0.00466557,0,113,36,0.424779,0,0,0,1,0,0,0,0,0
1,bookshelf_thin,98,qpEnvelope,1,1,0.00656004,730,14,9.81304,719,719,0,4.7217e-05,0.00249477,0,0,0.0161461,0.0835616,2,2,7,0,0,0,0.910959,0.0767123,0.0123288,730,188202,721
1,table_under_pick,5,isSafe,1,0,10.0001,3391596,38752,0,0,0,0,inf,inf,0,0,0,0,347250,38750,0.111597,0,0,0,0,0,0,0,0,0
1,table_under_pick,5,qpFixed,1,0,10.0001,1733714,3224,0,0,0,0,inf,inf,0,0,0.00537356,0,8209,3110,0.39274,0,0,0,1,0,0,1733714,523533339,1657866
1,table_under_pick,5,qpPlain,1,0,10.0007,1750438,3255,0,0,0,0,inf,inf,0,0,0.00536886,0,8295,3141,0.392405,0,0,0,1,0,0,1750438,600400234,1750438
1,table_under_pick,5,qpAdaptive,1,0,10.0005,1605854,3283,0,0,0,0,inf,inf,0,0,0.00589835,0.0533442,8370,3169,0.392234,0,0,0,0.94641,0.05262,0.0009702,1605854,486491010,1589226
1,table_under_pick,5,qpFreeGate,1,0,10.0001,2505005,4189,0,0,0,0,inf,inf,0,0,0.00227506,0,23998,4185,0.174556,0,0,0,1,0,0,0,0,0
1,table_under_pick,5,qpEnvelope,1,0,10.0008,1613009,3444,0,0,0,0,inf,inf,0,0,0.0061661,0.00919958,8853,3330,0.389021,0,0,0,0.990742,0.00818595,0.00107253,1613009,488324882,1607088
1,table_under_pick,12,isSafe,1,0,1.9547e-05,1,0,0,0,0,0,inf,inf,0,0,0,0,0,0,0,0,0,0,0,0,0,0,0,0
1,table_under_pick,12,qpFixed,1,0,10.0003,1732217,7459,0,0,0,0,inf,inf,0,0,0.00748868,0,28692,7457,0.259968,0,0,0,1,0,0,1732217,515491192,1505015
1,table_under_pick,12,qpPlain,1,0,10.0004,1766165,7589,0,0,0,0,inf,inf,0,0,0.00746777,0,29264,7587,0.259329,0,0,0,1,0,0,1766165,605794595,1766165
1,table_under_pick,12,qpAdaptive,1,0,10.0002,1624018,8577,0,0,0,0,inf,inf,0,0,0.0091533,0.106491,33760,8575,0.254058,0,0,0,0.891041,0.105529,0.00342996,1624018,486263577,1571643
1,table_under_pick,12,qpFreeGate,1,0,10.0006,2391492,7972,0,0,0,0,inf,inf,0,0,0.00362105,0,51612,7970,0.15446,0,0,0,1,0,0,0,0,0
1,table_under_pick,12,qpEnvelope,1,0,10.0003,1576045,9203,0,0,0,0,inf,inf,0,0,0.0100582,0.0186841,36334,9201,0.253289,0,0,0,0.980824,0.0152162,0.00395951,1576045,471010419,1556890
1,table_under_pick,19,isSafe,1,0,10.0001,3530958,40762,0,0,0,0,inf,inf,0,0,0,0,330871,40760,0.123196,0,0,0,0,0,0,0,0,0
1,table_under_pick,19,qpFixed,1,0,10,1748758,3336,0,0,0,0,inf,inf,0,0,0.00545821,0,8170,3218,0.408323,0,0,0,1,0,0,1748758,525913726,1661947
1,table_under_pick,19,qpPlain,1,0,10.0003,1762344,3358,0,0,0,0,inf,inf,0,0,0.00545424,0,8238,3240,0.407623,0,0,0,1,0,0,1762344,604483992,1762344
1,table_under_pick,19,qpAdaptive,1,0,10.001,1615413,3372,0,0,0,0,inf,inf,0,0,0.00598437,0.048335,8281,3255,0.407197,0,0,0,0.951409,0.0476126,0.000978079,1615413,487213556,1596366
1,table_under_pick,19,qpFreeGate,1,0,10,2502371,4343,0,0,0,0,inf,inf,0,0,0.00237398,0,23704,4339,0.183218,0,0,0,1,0,0,0,0,0
1,table_under_pick,19,qpEnvelope,1,0,10.0007,1596782,3462,0,0,0,0,inf,inf,0,0,0.00622604,0.00584425,8552,3343,0.404818,0,0,0,0.994124,0.00483723,0.00103896,1596782,481323611,1590740
1,table_under_pick,26,isSafe,1,1,0.00480218,2491,14,11.8654,7,595,0,0.0070318,0.00249477,0,0,0,0,57,10,0.245614,0,0,0,0,0,0,0,0,0
1,table_under_pick,26,qpFixed,1,1,0.0117299,2100,14,13.6251,1196,1196,0,0.000676897,0.00249477,0,0,0.00997428,0,5,5,2.8,0,0,0,1,0,0,2100,588337,1608
1,table_under_pick,26,qpPlain,1,1,0.0120392,2100,14,13.6251,1196,1196,0,0.000676897,0.00249477,0,0,0.00997428,0,5,5,2.8,0,0,0,1,0,0,2100,720300,2100
1,table_under_pick,26,qpAdaptive,1,1,0.0081166,1332,14,13.6484,944,944,0,0.000677564,0.00249477,0,0,0.0157478,0.255255,5,5,2.8,0,0,0,0.743243,0.251502,0.00525526,1332,373922,1277
1,table_under_pick,26,qpFreeGate,1,1,0.0375674,9222,23,14.9784,1396,1396,0,0.00188718,0.00249477,0,0,0.00371184,0,57,17,0.403509,0,0,0,1,0,0,0,0,0
1,table_under_pick,26,qpEnvelope,1,1,0.00655715,1035,14,13.7015,899,899,0,0.000451259,0.00249477,0,0,0.0203215,0.181643,5,5,2.8,0,0,0,0.817391,0.174879,0.00772947,1035,290283,1008
1,table_under_pick,33,isSafe,1,1,0.00520001,2867,16,9.50727,6,477,1,-1.0203e-05,0.00249477,0,0,0,0,40,13,0.4,0,0,0,0,0,0,0,0,0
1,table_under_pick,33,qpFixed,1,1,0.00653837,1169,10,9.55976,898,898,0,8.06819e-05,0.00249477,0,0,0.00966611,0,3,2,3.33333,0,0,0,1,0,0,1169,350886,913
1,table_under_pick,33,qpPlain,1,1,0.00643782,1169,10,9.55976,898,898,0,8.06819e-05,0.00249477,0,0,0.00966611,0,3,2,3.33333,0,0,0,1,0,0,1169,400967,1169
1,table_under_pick,33,qpAdaptive,1,1,0.00540728,897,10,9.55915,777,777,0,8.06819e-05,0.00249477,0,0,0.0125965,0.113712,3,2,3.33333,0,0,0,0.885173,0.110368,0.00445931,897,265945,847
1,table_under_pick,33,qpFreeGate,1,1,0.0694376,17620,41,21.3698,2218,2218,0,0.00492639,0.00249477,0,0,0.00333592,0,133,34,0.308271,0,0,0,1,0,0,0,0,0
1,table_under_pick,33,qpEnvelope,1,1,0.00442167,698,10,9.58785,688,688,0,7.73146e-05,0.00249477,0,0,0.0161885,0.130372,3,2,3.33333,0,0,0,0.868195,0.124642,0.00716332,698,206450,678
1,table_under_pick,40,isSafe,1,0,1.9623e-05,1,0,0,0,0,0,inf,inf,0,0,0,0,0,0,0,0,0,0,0,0,0,0,0,0
1,table_under_pick,40,qpFixed,1,0,10.0006,1734574,7488,0,0,0,0,inf,inf,0,0,0.00748158,0,28736,7486,0.260579,0,0,0,1,0,0,1734574,516857644,1503184
1,table_under_pick,40,qpPlain,1,0,10.0008,1786148,7682,0,0,0,0,inf,inf,0,0,0.00745365,0,29618,7680,0.259369,0,0,0,1,0,0,1786148,612648764,1786148
1,table_under_pick,40,qpAdaptive,1,0,10.0008,1593985,8462,0,0,0,0,inf,inf,0,0,0.00917292,0.103029,33024,8460,0.256238,0,0,0,0.89453,0.102075,0.00339513,1593985,478225081,1541062
1,table_under_pick,40,qpFreeGate,1,0,10.0001,2423986,8074,0,0,0,0,inf,inf,0,0,0.00361412,0,52680,8072,0.153265,0,0,0,1,0,0,0,0,0
1,table_under_pick,40,qpEnvelope,1,0,10.001,1578443,9132,0,0,0,0,inf,inf,0,0,0.00998293,0.0169686,35942,9130,0.254076,0,0,0,0.982571,0.0135657,0.00386376,1578443,472865611,1558378
1,table_under_pick,47,isSafe,1,1,0.00437639,2348,14,16.0488,10,804,0,0.00044612,0.00249477,0,0,0,0,72,10,0.194444,0,0,0,0,0,0,0,0,0
1,table_under_pick,47,qpFixed,1,1,0.0194658,3408,23,10.5686,903,903,42,-0.00017592,0.00249477,0,0,0.0104261,0,12,11,1.91667,0,0,0,1,0,0,3408,934593,3013
1,table_under_pick,47,qpPlain,1,1,0.0197517,3408,23,10.5686,903,903,42,-0.00017592,0.00249477,0,0,0.0104261,0,12,11,1.91667,0,0,0,1,0,0,3408,1168944,3408
1,table_under_pick,47,qpAdaptive,1,1,0.0150204,2446,23,10.574,810,810,13,-0.000110299,0.00249477,0,0,0.0145284,0.301308,12,11,1.91667,0,0,0,0.697056,0.296811,0.00613246,2446,674995,2321
1,table_under_pick,47,qpFreeGate,1,1,0.0452655,11490,26,16.0502,1270,1270,0,0.00709443,0.00249477,0,0,0.00320028,0,97,20,0.268041,0,0,0,1,0,0,0,0,0
1,table_under_pick,47,qpEnvelope,1,1,0.0104346,1532,22,10.5701,715,715,15,-0.000148927,0.00249477,0,0,0.0228061,0.218016,12,11,1.83333,0,0,0,0.780679,0.207572,0.0117493,1532,420947,1487
1,table_under_pick,54,isSafe,1,1,0.00524658,2069,12,12.3568,8,619,0,0.00373308,0.00249477,0,0,0,0,29,7,0.413793,0,0,0,0,0,0,0,0,0
1,table_under_pick,54,qpFixed,1,1,0.00816596,1072,12,11.3065,789,789,0,0.00394436,0.00249477,0,0,0.0133083,0,2,2,6,0,0,0,1,0,0,1072,283815,555
1,table_under_pick,54,qpPlain,1,1,0.00877877,1072,12,11.3065,789,789,0,0.00394436,0.00249477,0,0,0.0133083,0,2,2,6,0,0,0,1,0,0,1072,367696,1072
1,table_under_pick,54,qpAdaptive,1,1,0.00357704,394,11,11.3144,673,673,0,0.00331713,0.00249477,0,0,0.0362678,0.662437,2,2,5.5,0,0,0,0.327411,0.652284,0.0203046,394,114151,304
1,table_under_pick,54,qpFreeGate,1,1,0.0192181,3685,10,10.1626,1068,1068,0,0.00189635,0.00249477,0,0,0.00321574,0,27,4,0.37037,0,0,0,1,0,0,0,0,0
1,table_under_pick,54,qpEnvelope,1,1,0.0019149,176,11,11.3247,608,608,0,0.00264796,0.00249477,0,0,0.0810976,0.585227,2,2,5.5,0,0,0,0.403409,0.551136,0.0454545,176,51729,145
1,table_under_pick,61,isSafe,1,0,1.893e-05,1,0,0,0,0,0,inf,inf,0,0,0,0,0,0,0,0,0,0,0,0,0,0,0,0
1,table_under_pick,61,qpFixed,1,0,10.0004,1735746,7414,0,0,0,0,inf,inf,0,0,0.00749878,0,28680,7412,0.258508,0,0,0,1,0,0,1735746,515287827,1511785
1,table_under_pick,61,qpPlain,1,0,10.0001,1738326,7425,0,0,0,0,inf,inf,0,0,0.00749763,0,28732,7423,0.258423,0,0,0,1,0,0,1738326,596245818,1738326
1,table_under_pick,61,qpAdaptive,1,0,10.0008,1582982,8328,0,0,0,0,inf,inf,0,0,0.00917989,0.0981205,32630,8326,0.255225,0,0,0,0.899538,0.0970982,0.00336384,1582982,472933274,1531916
1,table_under_pick,61,qpFreeGate,1,0,10.0002,2363478,8043,0,0,0,0,inf,inf,0,0,0.00366912,0,52588,8041,0.152944,0,0,0,1,0,0,0,0,0
1,table_under_pick,61,qpEnvelope,1,0,10.0002,1620096,9264,0,0,0,0,inf,inf,0,0,0.00993341,0.0165305,36634,9262,0.25288,0,0,0,0.983023,0.013154,0.00382288,1620096,483395997,1599589
1,table_under_pick,69,isSafe,1,1,0.0040827,2200,13,12.8845,8,646,0,0.00119992,0.00249477,0,0,0,0,37,9,0.351351,0,0,0,0,0,0,0,0,0
1,table_under_pick,69,qpFixed,1,1,0.0180147,3130,22,19.2956,1592,1592,0,0.00130314,0.00249477,0,0,0.0110091,0,10,10,2.2,0,0,0,1,0,0,3130,903550,2645
1,table_under_pick,69,qpPlain,1,1,0.0180326,3130,22,19.2956,1592,1592,0,0.00130314,0.00249477,0,0,0.0110091,0,10,10,2.2,0,0,0,1,0,0,3130,1073590,3130
1,table_under_pick,69,qpAdaptive,1,1,0.013334,2157,22,19.307,1390,1390,0,0.00140687,0.00249477,0,0,0.0159868,0.313398,10,10,2.2,0,0,0,0.683357,0.311544,0.00509968,2157,624621,1949
1,table_under_pick,69,qpFreeGate,1,1,0.0274867,6813,28,11.6705,1302,1302,0,0.00121685,0.00249477,0,0,0.00431943,0,35,15,0.8,0,0,0,1,0,0,0,0,0
1,table_under_pick,69,qpEnvelope,1,1,0.00919069,1345,22,19.304,1211,1211,0,0.000985483,0.00249477,0,0,0.0256755,0.269888,10,10,2.2,0,0,0,0.727881,0.260223,0.0118959,1345,386549,1259
1,table_under_pick,76,isSafe,1,0,1.9141e-05,1,0,0,0,0,0,inf,inf,0,0,0,0,0,0,0,0,0,0,0,0,0,0,0,0
1,table_under_pick,76,qpFixed,1,0,10.0002,1735509,7347,0,0,0,0,inf,inf,0,0,0.00745183,0,28670,7345,0.256261,0,0,0,1,0,0,1735509,516835797,1517385
1,table_under_pick,76,qpPlain,1,0,10.0005,1759425,7455,0,0,0,0,inf,inf,0,0,0.00744507,0,29100,7453,0.256186,0,0,0,1,0,0,1759425,603482775,1759425
1,table_under_pick,76,qpAdaptive,1,0,10,1595852,8271,0,0,0,0,inf,inf,0,0,0.0090516,0.095678,32670,8269,0.253168,0,0,0,0.902053,0.0946554,0.00329165,1595852,478534710,1546164
1,table_under_pick,76,qpFreeGate,1,0,10.0001,2388191,7978,0,0,0,0,inf,inf,0,0,0.00362857,0,52522,7976,0.151898,0,0,0,1,0,0,0,0,0
1,table_under_pick,76,qpEnvelope,1,0,10.0007,1598972,9006,0,0,0,0,inf,inf,0,0,0.0097797,0.0163518,35724,9004,0.252099,0,0,0,0.983198,0.013071,0.00373067,1598972,478684368,1580361
1,table_under_pick,83,isSafe,1,0,10,3575879,41289,0,0,0,0,inf,inf,0,0,0,0,338303,41287,0.122047,0,0,0,0,0,0,0,0,0
1,table_under_pick,83,qpFixed,1,0,10.0007,1756816,3320,0,0,0,0,inf,inf,0,0,0.00545097,0,8252,3203,0.402327,0,0,0,1,0,0,1756816,528415905,1666781
1,table_under_pick,83,qpPlain,1,0,10.0006,1763787,3333,0,0,0,0,inf,inf,0,0,0.00544945,0,8286,3216,0.402245,0,0,0,1,0,0,1763787,604978941,1763787
1,table_under_pick,83,qpAdaptive,1,0,10.0001,1619900,3415,0,0,0,0,inf,inf,0,0,0.00604447,0.0599549,8469,3293,0.403235,0,0,0,0.939761,0.0591805,0.00105809,1619900,488549927,1600255
1,table_under_pick,83,qpFreeGate,1,0,10.0004,2519733,4349,0,0,0,0,inf,inf,0,0,0.00238414,0,23320,4343,0.186492,0,0,0,1,0,0,0,0,0
1,table_under_pick,83,qpEnvelope,1,0,10,1671771,3647,0,0,0,0,inf,inf,0,0,0.00630057,0.00703386,9194,3527,0.396672,0,0,0,0.992921,0.00596555,0.00111379,1671771,503846281,1665168
1,table_under_pick,90,isSafe,1,1,0.00962172,3973,21,12.8359,8,643,0,8.08049e-05,0.00249477,0,0,0,0,138,17,0.152174,0,0,0,0,0,0,0,0,0
1,table_under_pick,90,qpFixed,1,1,0.0572028,6714,41,24.4672,2078,2078,0,9.56911e-05,0.00249477,0,0,0.00940264,0,22,20,1.86364,0,0,0,1,0,0,6714,1948527,6441
1,table_under_pick,90,qpPlain,1,1,0.058786,6714,41,24.4672,2078,2078,0,9.56911e-05,0.00249477,0,0,0.00940264,0,22,20,1.86364,0,0,0,1,0,0,6714,2302902,6714
1,table_under_pick,90,qpAdaptive,1,1,0.0519946,5614,41,24.4759,1996,1996,0,7.6561e-05,0.00249477,0,0,0.0112525,0.162451,22,20,1.86364,0,0,0,0.836302,0.16156,0.00213751,5614,1638768,5512
1,table_under_pick,90,qpFreeGate,1,1,0.135173,23323,48,16.4468,1587,1587,0,0.00319078,0.00249477,0,0,0.00316048,0,188,37,0.255319,0,0,0,1,0,0,0,0,0
1,table_under_pick,90,qpEnvelope,1,1,0.0425391,4373,41,24.5067,1902,1902,0,4.53537e-05,0.00249477,0,0,0.014489,0.164418,22,20,1.86364,0,0,0,0.834896,0.160531,0.00457352,4373,1284466,4343
1,table_under_pick,97,isSafe,1,0,1.9119e-05,1,0,0,0,0,0,inf,inf,0,0,0,0,0,0,0,0,0,0,0,0,0,0,0,0
1,table_under_pick,97,qpFixed,1,0,10.0002,1739953,7383,0,0,0,0,inf,inf,0,0,0.00741616,0,28666,7381,0.257553,0,0,0,1,0,0,1739953,517841066,1522277
1,table_under_pick,97,qpPlain,1,0,10.0006,1739953,7383,0,0,0,0,inf,inf,0,0,0.00741616,0,28666,7381,0.257553,0,0,0,1,0,0,1739953,596803879,1739953
1,table_under_pick,97,qpAdaptive,1,0,10.0009,1627423,8513,0,0,0,0,inf,inf,0,0,0.00903124,0.099644,33374,8511,0.255079,0,0,0,0.898032,0.0986735,0.00329417,1627423,488251462,1577016
1,table_under_pick,97,qpFreeGate,1,0,10,2385952,7889,0,0,0,0,inf,inf,0,0,0.00357419,0,51650,7887,0.15274,0,0,0,1,0,0,0,0,0
1,table_under_pick,97,qpEnvelope,1,0,10.0002,1606829,9185,0,0,0,0,inf,inf,0,0,0.00988672,0.0200096,36398,9183,0.252349,0,0,0,0.979468,0.0167008,0.00383109,1606829,481154284,1587168
1,bookshelf_small,4,isSafe,1,0,10.0005,2,1,0,0,0,0,inf,inf,0,0,0,0,0,0,0,0,0,0,0,0,0,0,0,0
1,bookshelf_small,4,qpFixed,1,0,10.0005,1723380,3209,0,0,0,0,inf,inf,0,0,0.00543927,0,8154,3087,0.393549,0,0,0,1,0,0,1723380,520633820,1650529
1,bookshelf_small,4,qpPlain,1,0,10.0007,1759636,3267,0,0,0,0,inf,inf,0,0,0.0054259,0,8337,3145,0.391868,0,0,0,1,0,0,1759636,603555148,1759636
1,bookshelf_small,4,qpAdaptive,1,0,10.0008,1633356,3299,0,0,0,0,inf,inf,0,0,0.00590309,0.048355,8425,3174,0.391573,0,0,0,0.951412,0.0476707,0.000917744,1633356,494639742,1615994
1,bookshelf_small,4,qpFreeGate,1,0,10.0001,2401630,7786,0,0,0,0,inf,inf,0,0,0.00348861,0,52279,7784,0.148932,0,0,0,1,0,0,0,0,0
1,bookshelf_small,4,qpEnvelope,1,0,10.0011,1598183,3373,0,0,0,0,inf,inf,0,0,0.00618657,0.00732332,8662,3250,0.389402,0,0,0,0.992624,0.0063735,0.00100239,1598183,483438110,1592506
1,bookshelf_small,12,isSafe,1,0,10.0096,2,1,0,0,0,0,inf,inf,0,0,0,0,0,0,0,0,0,0,0,0,0,0,0,0
1,bookshelf_small,12,qpFixed,1,1,0.00366035,706,9,9.74793,644,644,0,0.00323774,0.00249477,0,0,0.0158234,0,2,2,4.5,0,0,0,1,0,0,706,175209,348
1,bookshelf_small,12,qpPlain,1,1,0.00363089,706,9,9.74793,644,644,0,0.00323774,0.00249477,0,0,0.0158234,0,2,2,4.5,0,0,0,1,0,0,706,242158,706
1,bookshelf_small,12,qpAdaptive,1,1,0.00116597,208,10,9.75385,561,561,0,0.00324078,0.00249477,0,0,0.0538055,0.625,2,2,5,0,0,0,0.360577,0.596154,0.0432692,208,60631,128
1,bookshelf_small,12,qpFreeGate,1,0,10.0003,2366357,7517,0,0,0,0,inf,inf,0,0,0.00345585,0,51627,7515,0.145602,0,0,0,1,0,0,0,0,0
1,bookshelf_small,12,qpEnvelope,1,1,0.00069499,91,9,9.78687,515,515,0,0.00324765,0.00249477,0,0,0.122919,0.483516,2,2,4.5,0,0,0,0.516484,0.395604,0.0879121,91,27967,67
1,bookshelf_small,19,isSafe,1,0,10.0045,2,1,0,0,0,0,inf,inf,0,0,0,0,0,0,0,0,0,0,0,0,0,0,0,0
1,bookshelf_small,19,qpFixed,1,0,10.0001,1748816,7551,0,0,0,0,inf,inf,0,0,0.00748135,0,28967,7549,0.260676,0,0,0,1,0,0,1748816,518534078,1529669
1,bookshelf_small,19,qpPlain,1,0,10,1755712,7582,0,0,0,0,inf,inf,0,0,0.00747845,0,29087,7580,0.260666,0,0,0,1,0,0,1755712,602209216,1755712
1,bookshelf_small,19,qpAdaptive,1,0,10.0011,1605342,8526,0,0,0,0,inf,inf,0,0,0.00914182,0.105683,33195,8524,0.256846,0,0,0,0.891793,0.104839,0.00336789,1605342,478498461,1553245
1,bookshelf_small,19,qpFreeGate,1,0,10.0003,2390433,8069,0,0,0,0,inf,inf,0,0,0.00360532,0,52073,8067,0.154956,0,0,0,1,0,0,0,0,0
1,bookshelf_small,19,qpEnvelope,1,0,10.0006,1580480,9207,0,0,0,0,inf,inf,0,0,0.00999121,0.017439,36101,9205,0.255034,0,0,0,0.982076,0.0140611,0.00386293,1580480,470010543,1563414
1,bookshelf_small,27,isSafe,1,1,0.197333,109297,611,13.7544,9,689,0,0.003283,0.0011052,0,0,0,0,6249,607,0.0977756,0,0,0,0,0,0,0,0,0
1,bookshelf_small,27,qpFixed,1,1,0.014174,2539,21,14.5789,1162,1162,0,0.000767328,0.00249477,0,0,0.0102261,0,7,7,3,0,0,0,1,0,0,2539,750176,1891
1,bookshelf_small,27,qpPlain,1,1,0.0139699,2539,21,14.5789,1162,1162,0,0.000767328,0.00249477,0,0,0.0102261,0,7,7,3,0,0,0,1,0,0,2539,870877,2539
1,bookshelf_small,27,qpAdaptive,1,1,0.00905223,1483,23,14.5839,1044,1044,0,0.000751763,0.00249477,0,0,0.0175261,0.28321,7,7,3.28571,0,0,0,0.714767,0.273095,0.0121376,1483,456119,1365
1,bookshelf_small,27,qpFreeGate,1,1,0.355216,91223,167,10.8205,874,874,0,0.00228497,0.00249477,0,0,0.00324025,0,776,158,0.215206,0,0,0,1,0,0,0,0,0
1,bookshelf_small,27,qpEnvelope,1,1,0.00708155,1077,21,14.6009,903,903,0,0.000710759,0.00249477,0,0,0.0241448,0.143918,7,7,3,0,0,0,0.856082,0.127205,0.0167131,1077,332440,1046
1,bookshelf_small,35,isSafe,1,1,0.025506,14019,69,12.1959,8,611,0,0.00338057,0.00249477,0,0,0,0,532,65,0.129699,0,0,0,0,0,0,0,0,0
1,bookshelf_small,35,qpFixed,1,1,0.00320741,655,8,9.16679,656,656,0,0.00128082,0.00249477,0,0,0.0139951,0,1,1,8,0,0,0,1,0,0,655,173114,238
1,bookshelf_small,35,qpPlain,1,1,0.00338186,655,8,9.16679,656,656,0,0.00128082,0.00249477,0,0,0.0139951,0,1,1,8,0,0,0,1,0,0,655,224665,655
1,bookshelf_small,35,qpAdaptive,1,1,0.0479502,7526,51,13.3965,885,885,0,0.00160226,0.00249477,0,0,0.0109962,0.122243,36,25,1.41667,0,0,0,0.876561,0.120516,0.0029232,7526,2142497,7396
1,bookshelf_small,35,qpFreeGate,1,1,0.116203,30466,52,12.7902,1259,1259,0,0.00322797,0.00249477,0,0,0.00295815,0,219,43,0.237443,0,0,0,1,0,0,0,0,0
1,bookshelf_small,35,qpEnvelope,1,1,0.00103597,154,8,9.16643,538,538,0,0.000720717,0.00249477,0,0,0.0595223,0.266234,1,1,8,0,0,0,0.727273,0.233766,0.038961,154,45310,128
1,bookshelf_small,42,isSafe,1,0,10.0077,2,1,0,0,0,0,inf,inf,0,0,0,0,0,0,0,0,0,0,0,0,0,0,0,0
1,bookshelf_small,42,qpFixed,1,0,10.0008,1700554,7020,0,0,0,0,inf,inf,0,0,0.00727388,0,28163,7018,0.249263,0,0,0,1,0,0,1700554,508397736,1520491
1,bookshelf_small,42,qpPlain,1,0,10.0007,1725782,7096,0,0,0,0,inf,inf,0,0,0.00725352,0,28573,7094,0.248346,0,0,0,1,0,0,1725782,591943226,1725782
1,bookshelf_small,42,qpAdaptive,1,0,10,1572277,7981,0,0,0,0,inf,inf,0,0,0.00889677,0.119263,32467,7979,0.245819,0,0,0,0.877987,0.118672,0.00334031,1572277,473527363,1530966
1,bookshelf_small,42,qpFreeGate,1,0,10.0002,2378199,7127,0,0,0,0,inf,inf,0,0,0.00328815,0,52009,7125,0.137034,0,0,0,1,0,0,0,0,0
1,bookshelf_small,42,qpEnvelope,1,0,10.0006,1546363,8712,0,0,0,0,inf,inf,0,0,0.00988715,0.0368587,35901,8710,0.242667,0,0,0,0.962166,0.0337323,0.00410146,1546363,464639454,1529989
1,bookshelf_small,49,isSafe,1,1,0.165911,93452,528,12.9973,9,651,0,0.00314443,0.00249477,0,0,0,0,5883,523,0.0897501,0,0,0,0,0,0,0,0,0
1,bookshelf_small,49,qpFixed,1,1,0.00337033,670,7,9.29544,671,671,0,0.00360457,0.00249477,0,0,0.0138738,0,1,1,7,0,0,0,1,0,0,670,190912,187
1,bookshelf_small,49,qpPlain,1,1,0.00341017,670,7,9.29544,671,671,0,0.00360457,0.00249477,0,0,0.0138738,0,1,1,7,0,0,0,1,0,0,670,229810,670
1,bookshelf_small,49,qpAdaptive,1,1,0.00131114,248,7,9.29566,567,567,0,0.00360457,0.00249477,0,0,0.0374825,0.350806,1,1,7,0,0,0,0.649194,0.334677,0.016129,248,79061,186
1,bookshelf_small,49,qpFreeGate,1,1,0.0717504,18053,49,11.5916,1278,1278,0,0.00263733,0.00249477,0,0,0.00427591,0,125,39,0.392,0,0,0,1,0,0,0,0,0
1,bookshelf_small,49,qpEnvelope,1,1,0.000724434,96,7,9.29751,505,505,0,0.00360457,0.00249477,0,0,0.096849,0.479167,1,1,7,0,0,0,0.510417,0.4375,0.0520833,96,30630,78
1,bookshelf_small,56,isSafe,1,0,10.002,2,1,0,0,0,0,inf,inf,0,0,0,0,0,0,0,0,0,0,0,0,0,0,0,0
1,bookshelf_small,56,qpFixed,1,0,10.0006,1731587,7408,0,0,0,0,inf,inf,0,0,0.00747517,0,28605,7406,0.258976,0,0,0,1,0,0,1731587,515395473,1520751
1,bookshelf_small,56,qpPlain,1,0,10.0009,1748482,7484,0,0,0,0,inf,inf,0,0,0.00747012,0,28901,7482,0.258953,0,0,0,1,0,0,1748482,599729326,1748482
1,bookshelf_small,56,qpAdaptive,1,0,10.0005,1602142,8413,0,0,0,0,inf,inf,0,0,0.00910921,0.106341,32915,8411,0.255598,0,0,0,0.891155,0.105542,0.00330317,1602142,480022752,1551178
1,bookshelf_small,56,qpFreeGate,1,0,10.0001,2379208,7853,0,0,0,0,inf,inf,0,0,0.00357258,0,51851,7851,0.151453,0,0,0,1,0,0,0,0,0
1,bookshelf_small,56,qpEnvelope,1,0,10.0003,1576047,9073,0,0,0,0,inf,inf,0,0,0.00996578,0.0182298,35725,9071,0.253968,0,0,0,0.981276,0.0148905,0.00383381,1576047,471364174,1558640
1,bookshelf_small,63,isSafe,1,1,0.00282954,1511,10,12.0473,8,604,0,0.00428567,0.00249477,0,0,0,0,19,6,0.526316,0,0,0,0,0,0,0,0,0
1,bookshelf_small,63,qpFixed,1,1,0.00154088,322,5,5.66481,323,323,0,0.00428567,0.00249477,0,0,0.0175926,0,1,1,5,0,0,0,1,0,0,322,76825,85
1,bookshelf_small,63,qpPlain,1,1,0.0015341,322,5,5.66481,323,323,0,0.00428567,0.00249477,0,0,0.0175926,0,1,1,5,0,0,0,1,0,0,322,110446,322
1,bookshelf_small,63,qpAdaptive,1,1,0.000421857,90,5,5.70136,319,319,0,0.00428567,0.00249477,0,0,0.0633485,0.611111,1,1,5,0,0,0,0.388889,0.577778,0.0333333,90,21561,48
1,bookshelf_small,63,qpFreeGate,1,1,0.0119864,3047,12,12.7587,976,976,0,0.00428567,0.00249477,0,0,0.0058427,0,19,8,0.631579,0,0,0,1,0,0,0,0,0
1,bookshelf_small,63,qpEnvelope,1,1,0.000278203,34,5,5.77227,303,303,0,0.00428567,0.00249477,0,0,0.169773,0.617647,1,1,5,0,0,0,0.382353,0.529412,0.0882353,34,8496,22
1,bookshelf_small,70,isSafe,1,1,0.00113927,660,6,6.50817,5,327,0,0.00637414,0.00249477,0,0,0,0,5,1,1.2,0,0,0,0,0,0,0,0,0
1,bookshelf_small,70,qpFixed,1,1,0.0116989,2181,23,8.63973,548,548,0,0.00637414,0.00249477,0,0,0.0128273,0,7,7,3.28571,0,0,0,1,0,0,2181,594553,1220
1,bookshelf_small,70,qpPlain,1,1,0.0111071,2181,23,8.63973,548,548,0,0.00637414,0.00249477,0,0,0.0128273,0,7,7,3.28571,0,0,0,1,0,0,2181,748083,2181
1,bookshelf_small,70,qpAdaptive,1,1,0.00523517,928,23,8.64328,529,529,0,0.00637414,0.00249477,0,0,0.030162,0.630388,7,7,3.28571,0,0,0,0.365302,0.610991,0.0237069,928,266983,669
1,bookshelf_small,70,qpFreeGate,1,1,0.00219111,503,9,5.82324,504,504,0,0.00637414,0.00249477,0,0,0.011577,0,1,1,9,0,0,0,1,0,0,0,0,0
1,bookshelf_small,70,qpEnvelope,1,1,0.00224615,282,22,8.65366,454,454,0,0.00637414,0.00249477,0,0,0.0994652,0.652482,7,7,3.14286,0,0,0,0.336879,0.574468,0.0886525,282,84906,213
1,bookshelf_small,77,isSafe,1,1,0.00953079,5548,28,11.5918,7,581,0,0.0080774,0.00249477,0,0,0,0,158,24,0.177215,0,0,0,0,0,0,0,0,0
1,bookshelf_small,77,qpFixed,1,1,0.00368134,732,14,9.22779,663,663,0,0.00843682,0.00249477,0,0,0.0140566,0,2,2,7,0,0,0,1,0,0,732,200986,426
1,bookshelf_small,77,qpPlain,1,1,0.0035688,732,14,9.22779,663,663,0,0.00843682,0.00249477,0,0,0.0140566,0,2,2,7,0,0,0,1,0,0,732,251076,732
1,bookshelf_small,77,qpAdaptive,1,1,0.00174179,336,13,9.23419,573,573,0,0.00843682,0.00249477,0,0,0.0306262,0.633929,2,2,6.5,0,0,0,0.348214,0.616071,0.0357143,336,98889,226
1,bookshelf_small,77,qpFreeGate,1,1,0.024296,6094,26,11.9662,1341,1341,0,0.00291481,0.00249477,0,0,0.00482469,0,36,13,0.722222,0,0,0,1,0,0,0,0,0
1,bookshelf_small,77,qpEnvelope,1,1,0.00467739,606,31,15.9659,859,859,0,0.00843682,0.00249477,0,0,0.0680165,0.488449,12,11,2.58333,0,0,0,0.506601,0.432343,0.0610561,606,174861,505
1,bookshelf_small,84,isSafe,1,1,0.00147576,905,7,6.89372,5,346,0,0.000713499,0.00249477,0,0,0,0,3,2,2.33333,0,0,0,0,0,0,0,0,0
1,bookshelf_small,84,qpFixed,1,1,0.0016352,349,5,5.08333,350,350,0,0.00949054,0.00249477,0,0,0.0145654,0,1,1,5,0,0,0,1,0,0,349,87799,40
1,bookshelf_small,84,qpPlain,1,1,0.00168452,349,5,5.08333,350,350,0,0.00949054,0.00249477,0,0,0.0145654,0,1,1,5,0,0,0,1,0,0,349,119707,349
1,bookshelf_small,84,qpAdaptive,1,1,0.000291795,59,5,5.0846,284,284,0,0.00949054,0.00249477,0,0,0.0861797,0.762712,1,1,5,0,0,0,0.237288,0.711864,0.0508475,59,16060,29
1,bookshelf_small,84,qpFreeGate,1,1,0.0106244,2800,11,6.48482,499,499,0,0.00949054,0.00249477,0,0,0.00557687,0,16,7,0.6875,0,0,0,1,0,0,0,0,0
1,bookshelf_small,84,qpEnvelope,1,1,0.000211508,28,5,5.08778,267,267,0,0.00949054,0.00249477,0,0,0.181706,0.75,1,1,5,0,0,0,0.25,0.642857,0.107143,28,7778,14
1,bookshelf_small,92,isSafe,1,1,0.00160571,949,7,9.41143,6,472,0,0.00293213,0.00249477,0,0,0,0,4,3,1.75,0,0,0,0,0,0,0,0,0
1,bookshelf_small,92,qpFixed,1,1,0.00239143,474,7,7.38654,475,475,2,-0.00148644,0.00249477,0,0,0.0155834,0,1,1,7,0,0,0,1,0,0,474,115067,248
1,bookshelf_small,92,qpPlain,1,1,0.00242375,474,7,7.38654,475,475,2,-0.00148644,0.00249477,0,0,0.0155834,0,1,1,7,0,0,0,1,0,0,474,162582,474
1,bookshelf_small,92,qpAdaptive,1,1,0.00147284,300,7,7.38654,455,455,2,-0.00148644,0.00249477,0,0,0.0246218,0.15,1,1,7,0,0,0,0.85,0.14,0.01,300,74181,248
1,bookshelf_small,92,qpFreeGate,1,1,0.0054708,1319,10,10.7029,826,826,0,0.00923173,0.00249477,0,0,0.00978306,0,4,4,2.5,0,0,0,1,0,0,0,0,0
1,bookshelf_small,92,qpEnvelope,1,1,0.00120301,210,6,7.35564,427,427,3,-0.000604834,0.00249477,0,0,0.0350268,0.119048,1,1,6,0,0,0,0.880952,0.109524,0.00952381,210,51994,192
1,bookshelf_small,99,isSafe,1,1,0.00313732,1771,10,13.7364,8,688,0,0.00549036,0.00249477,0,0,0,0,10,6,1,0,0,0,0,0,0,0,0,0
1,bookshelf_small,99,qpFixed,1,1,0.00245896,579,6,7.20826,580,580,0,0.00781524,0.00249477,0,0,0.0124495,0,1,1,6,0,0,0,1,0,0,579,146685,37
1,bookshelf_small,99,qpPlain,1,1,0.00269118,579,6,7.20826,580,580,0,0.00781524,0.00249477,0,0,0.0124495,0,1,1,6,0,0,0,1,0,0,579,198597,579
1,bookshelf_small,99,qpAdaptive,1,1,0.000426156,88,6,7.20827,402,402,0,0.00781524,0.00249477,0,0,0.0819121,0.715909,1,1,6,0,0,0,0.284091,0.670455,0.0454545,88,26855,33
1,bookshelf_small,99,qpFreeGate,1,1,0.0102306,2563,13,8.68946,552,552,0,0.00603007,0.00249477,0,0,0.00802382,0,11,7,1.18182,0,0,0,1,0,0,0,0,0
1,bookshelf_small,99,qpEnvelope,1,1,0.000304136,43,6,7.20826,379,379,0,0.00781524,0.00249477,0,0,0.167634,0.534884,1,1,6,0,0,0,0.465116,0.44186,0.0930233,43,12972,24
1,box,6,isSafe,1,1,0.00854168,4798,26,12.108,8,607,0,0.0219052,0.00249477,0,0,0,0,92,22,0.282609,0,0,0,0,0,0,0,0,0
1,box,6,qpFixed,1,1,0.00810718,1505,32,11.3264,1043,1043,0,0.000937266,0.00249477,0,0,0.0103352,0,4,4,8,0,0,0,1,0,0,1505,392121,1201
1,box,6,qpPlain,1,1,0.00810902,1505,32,11.3264,1043,1043,0,0.000937266,0.00249477,0,0,0.0103352,0,4,4,8,0,0,0,1,0,0,1505,516215,1505
1,box,6,qpAdaptive,1,1,0.00393333,728,32,11.3119,795,795,0,0.00093027,0.00249477,0,0,0.0213734,0.443681,4,4,8,0,0,0,0.541209,0.434066,0.0247253,728,190741,676
1,box,6,qpFreeGate,1,1,0.0269809,6622,31,14.1141,1491,1491,0,0.0112972,0.00249477,0,0,0.0051681,0,34,17,0.911765,0,0,0,1,0,0,0,0,0
1,box,6,qpEnvelope,1,1,0.00290359,476,34,11.3182,727,727,0,0.000855441,0.00249477,0,0,0.0327162,0.273109,4,4,8.5,0,0,0,0.710084,0.243697,0.0462185,476,124048,447
1,box,13,isSafe,1,1,0.00342392,1986,12,13.3529,8,669,0,0.016466,0.00249477,0,0,0,0,22,9,0.545455,0,0,0,0,0,0,0,0,0
1,box,13,qpFixed,1,1,0.00217857,416,6,5.67361,417,417,0,0.00290245,0.00249477,0,0,0.0136385,0,1,1,6,0,0,0,1,0,0,416,115328,189
1,box,13,qpPlain,1,1,0.00210333,416,6,5.67361,417,417,0,0.00290245,0.00249477,0,0,0.0136385,0,1,1,6,0,0,0,1,0,0,416,142688,416
1,box,13,qpAdaptive,1,1,0.00105827,194,6,5.68174,345,345,0,0.00291836,0.00249477,0,0,0.0292873,0.195876,1,1,6,0,0,0,0.804124,0.180412,0.0154639,194,55594,150
1,box,13,qpFreeGate,1,1,0.0132592,3169,16,10.9993,1367,1367,0,0.00536695,0.00249477,0,0,0.00572345,0,17,9,0.941176,0,0,0,1,0,0,0,0,0
1,box,13,qpEnvelope,1,1,0.00094452,148,6,5.72639,332,332,0,0.00294453,0.00249477,0,0,0.0386918,0.195946,1,1,6,0,0,0,0.804054,0.175676,0.0202703,148,42617,125
1,box,20,isSafe,1,1,0.00720823,3857,21,16.3716,10,820,0,0.0168227,0.00249477,0,0,0,0,86,17,0.244186,0,0,0,0,0,0,0,0,0
1,box,20,qpFixed,1,1,0.00272356,541,6,6.85165,542,542,0,0.00220194,0.00249477,0,0,0.0126648,0,1,1,6,0,0,0,1,0,0,541,133008,241
1,box,20,qpPlain,1,1,0.00281152,541,6,6.85165,542,542,0,0.00220194,0.00249477,0,0,0.0126648,0,1,1,6,0,0,0,1,0,0,541,185563,541
1,box,20,qpAdaptive,1,1,0.000940869,174,6,6.85496,420,420,0,0.00205021,0.00249477,0,0,0.0393963,0.396552,1,1,6,0,0,0,0.603448,0.37931,0.0172414,174,41471,154
1,box,20,qpFreeGate,1,1,0.0328738,8405,24,12.4826,1181,1181,0,0.0119598,0.00249477,0,0,0.00429618,0,56,19,0.428571,0,0,0,1,0,0,0,0,0
1,box,20,qpEnvelope,1,1,0.000861771,137,6,6.85807,402,402,0,0.00181551,0.00249477,0,0,0.0500589,0.394161,1,1,6,0,0,0,0.605839,0.372263,0.0218978,137,32665,124
1,box,27,isSafe,1,1,0.00329358,1835,11,9.79974,6,491,0,0.0245928,0.00249477,0,0,0,0,24,7,0.458333,0,0,0,0,0,0,0,0,0
1,box,27,qpFixed,1,1,0.0190527,3534,31,17.2967,1568,1568,0,0.00039776,0.00249477,0,0,0.0103644,0,9,9,3.44444,0,0,0,1,0,0,3534,925973,2865
1,box,27,qpPlain,1,1,0.0196464,3534,31,17.2967,1568,1568,0,0.00039776,0.00249477,0,0,0.0103644,0,9,9,3.44444,0,0,0,1,0,0,3534,1212162,3534
1,box,27,qpAdaptive,1,1,0.0236947,3795,53,20.8909,1418,1418,0,0.000424037,0.00249477,0,0,0.0164062,0.295125,19,17,2.78947,0,0,0,0.703557,0.286693,0.00974967,3795,1044160,3589
1,box,27,qpFreeGate,1,1,0.0428892,10633,33,14.2688,1312,1312,0,0.00717631,0.00249477,0,0,0.00501921,0,62,25,0.532258,0,0,0,1,0,0,0,0,0
1,box,27,qpEnvelope,1,1,0.0166762,2473,52,20.9289,1296,1296,0,0.000421834,0.00249477,0,0,0.0251341,0.206632,19,17,2.73684,0,0,0,0.791347,0.192074,0.0165791,2473,680755,2417
1,box,34,isSafe,1,1,0.00648281,3669,20,9.21961,6,462,0,0.0724005,0.00249477,0,0,0,0,66,16,0.30303,0,0,0,0,0,0,0,0,0
1,box,34,qpFixed,1,1,0.00185409,351,6,5.51071,352,352,0,0.00442926,0.00249477,0,0,0.0157,0,1,1,6,0,0,0,1,0,0,351,96100,179
1,box,34,qpPlain,1,1,0.00181866,351,6,5.51071,352,352,0,0.00442926,0.00249477,0,0,0.0157,0,1,1,6,0,0,0,1,0,0,351,120393,351
1,box,34,qpAdaptive,1,1,0.000732498,128,6,5.50878,319,319,0,0.00436073,0.00249477,0,0,0.0430373,0.554688,1,1,6,0,0,0,0.4375,0.539062,0.0234375,128,37578,102
1,box,34,qpFreeGate,1,1,0.0582511,14119,38,18.2535,1645,1645,0,0.00533416,0.00249477,0,0,0.0044785,0,80,29,0.475,0,0,0,1,0,0,0,0,0
1,box,34,qpEnvelope,1,1,0.000529181,76,6,5.50544,297,297,0,0.00422773,0.00249477,0,0,0.07244,0.394737,1,1,6,0,0,0,0.578947,0.368421,0.0526316,76,22347,62
1,box,41,isSafe,1,1,0.00155378,780,6,5.65122,4,284,0,0.0252638,0.00249477,0,0,0,0,6,3,1,0,0,0,0,0,0,0,0,0
1,box,41,qpFixed,1,1,0.00208102,418,6,5.35083,419,419,0,0.00266685,0.00249477,0,0,0.012801,0,1,1,6,0,0,0,1,0,0,418,111127,215
1,box,41,qpPlain,1,1,0.00204083,418,6,5.35083,419,419,0,0.00266685,0.00249477,0,0,0.012801,0,1,1,6,0,0,0,1,0,0,418,143374,418
1,box,41,qpAdaptive,1,1,0.000778226,141,6,5.35011,327,327,0,0.00265174,0.00249477,0,0,0.037944,0.58156,1,1,6,0,0,0,0.404255,0.567376,0.0283688,141,41156,119
1,box,41,qpFreeGate,1,1,0.0868849,21720,50,14.0984,1597,1597,0,0.00170054,0.00249477,0,0,0.00356331,0,151,40,0.331126,0,0,0,1,0,0,0,0,0
1,box,41,qpEnvelope,1,1,0.000535155,79,6,5.34546,301,301,0,0.00249897,0.00249477,0,0,0.067664,0.455696,1,1,6,0,0,0,0.531646,0.417722,0.0506329,79,23063,66
1,box,48,isSafe,1,1,0.0037751,2101,13,12.7946,8,641,0,0.0128453,0.00249477,0,0,0,0,37,8,0.351351,0,0,0,0,0,0,0,0,0
1,box,48,qpFixed,1,1,0.00231742,454,6,6.18279,455,455,0,0.0123731,0.00249477,0,0,0.0136185,0,1,1,6,0,0,0,1,0,0,454,100398,208
1,box,48,qpPlain,1,1,0.00251821,454,6,6.18279,455,455,0,0.0123731,0.00249477,0,0,0.0136185,0,1,1,6,0,0,0,1,0,0,454,155722,454
1,box,48,qpAdaptive,1,1,0.000907257,170,6,6.18395,386,386,0,0.0121968,0.00249477,0,0,0.0363762,0.664706,1,1,6,0,0,0,0.329412,0.647059,0.0235294,170,38716,143
1,box,48,qpFreeGate,1,1,0.0117475,2827,18,11.5072,1187,1187,0,0.00863197,0.00249477,0,0,0.00532462,0,13,6,1.38462,0,0,0,1,0,0,0,0,0
1,box,48,qpEnvelope,1,1,0.000642677,93,6,6.19395,354,354,0,0.0119565,0.00249477,0,0,0.0666016,1,1,1,6,0,0,0,0,0.956989,0.0430108,93,21667,78
1,box,55,isSafe,1,1,0.00266444,1529,10,8.89362,6,446,0,0.000427604,0.00249477,0,0,0,0,19,5,0.526316,0,0,0,0,0,0,0,0,0
1,box,55,qpFixed,1,1,0.0112656,2197,17,13.3008,1035,1035,0,0.00240172,0.00249477,0,0,0.0111812,0,7,7,2.42857,0,0,0,1,0,0,2197,523324,1913
1,box,55,qpPlain,1,1,0.0118675,2197,17,13.3008,1035,1035,0,0.00240172,0.00249477,0,0,0.0111812,0,7,7,2.42857,0,0,0,1,0,0,2197,753571,2197
1,box,55,qpAdaptive,1,1,0.00735426,1314,17,13.2979,911,911,0,0.00244703,0.00249477,0,0,0.0187411,0.369102,7,7,2.42857,0,0,0,0.627093,0.365297,0.00761035,1314,322070,1269
1,box,55,qpFreeGate,1,1,0.0271895,6908,25,9.81364,1274,1274,0,0.00649536,0.00249477,0,0,0.00361688,0,45,13,0.555556,0,0,0,1,0,0,0,0,0
1,box,55,qpEnvelope,1,1,0.00464561,732,17,13.3407,795,795,0,0.0022356,0.00249477,0,0,0.0338681,0.269126,7,7,2.42857,0,0,0,0.72541,0.254098,0.0204918,732,180442,706
1,box,62,isSafe,1,1,0.00417658,2146,13,6.92029,5,348,0,0.0404056,0.00249477,0,0,0,0,16,9,0.8125,0,0,0,0,0,0,0,0,0
1,box,62,qpFixed,1,1,0.00257249,524,6,6.13852,525,525,0,0.0018,0.00249477,0,0,0.0117147,0,1,1,6,0,0,0,1,0,0,524,129228,226
1,box,62,qpPlain,1,1,0.00254956,524,6,6.13852,525,525,0,0.0018,0.00249477,0,0,0.0117147,0,1,1,6,0,0,0,1,0,0,524,179732,524
1,box,62,qpAdaptive,1,1,0.000845254,159,6,6.13663,394,394,0,0.00178447,0.00249477,0,0,0.0385952,0.578616,1,1,6,0,0,0,0.415094,0.559748,0.0251572,159,41712,133
1,box,62,qpFreeGate,1,1,0.0342447,8158,34,12.9647,1155,1155,0,0.0132888,0.00249477,0,0,0.00564931,0,49,20,0.693878,0,0,0,1,0,0,0,0,0
1,box,62,qpEnvelope,1,1,0.000617007,91,6,6.12685,355,355,0,0.00177943,0.00249477,0,0,0.0673281,0.615385,1,1,6,0,0,0,0.384615,0.571429,0.043956,91,24369,77
1,box,69,isSafe,1,1,0.0113642,6323,33,9.65989,6,484,0,0.0354101,0.00249477,0,0,0,0,140,30,0.235714,0,0,0,0,0,0,0,0,0
1,box,69,qpFixed,1,1,0.011088,2090,21,11.9392,861,861,0,0.00615542,0.00249477,0,0,0.0123345,0,7,7,3,0,0,0,1,0,0,2090,577216,1303
1,box,69,qpPlain,1,1,0.011076,2090,21,11.9392,861,861,0,0.00615542,0.00249477,0,0,0.0123345,0,7,7,3,0,0,0,1,0,0,2090,716870,2090
1,box,69,qpAdaptive,1,1,0.00450796,817,20,11.9636,728,728,0,0.00569539,0.00249477,0,0,0.0315689,0.632803,7,7,2.85714,0,0,0,0.358629,0.614443,0.0269278,817,222239,651
1,box,69,qpFreeGate,1,1,0.026167,6386,27,10.3284,891,891,0,0.0180169,0.00249477,0,0,0.00503746,0,32,17,0.84375,0,0,0,1,0,0,0,0,0
1,box,69,qpEnvelope,1,1,0.00237535,324,17,11.9807,650,650,0,0.0045721,0.00249477,0,0,0.0797636,0.558642,7,7,2.42857,0,0,0,0.435185,0.503086,0.0617284,324,86992,281
1,box,76,isSafe,1,1,0.00657064,3635,20,12.5909,8,631,0,0.0351834,0.00249477,0,0,0,0,82,16,0.243902,0,0,0,0,0,0,0,0,0
1,box,76,qpFixed,1,1,0.0209284,4058,42,14.8913,1103,1103,0,0.004588,0.00249477,0,0,0.0116279,0,13,13,3.23077,0,0,0,1,0,0,4058,1047779,3163
1,box,76,qpPlain,1,1,0.0213068,4058,42,14.8913,1103,1103,0,0.004588,0.00249477,0,0,0.0116279,0,13,13,3.23077,0,0,0,1,0,0,4058,1391894,4058
1,box,76,qpAdaptive,1,1,0.0148117,2715,45,14.9097,911,911,0,0.00475517,0.00249477,0,0,0.0174148,0.251565,13,13,3.46154,0,0,0,0.74512,0.244936,0.00994475,2715,717626,2375
1,box,76,qpFreeGate,1,1,0.0555276,14300,45,11.4334,1289,1289,0,0.00460252,0.00249477,0,0,0.00438674,0,91,33,0.494505,0,0,0,1,0,0,0,0,0
1,box,76,qpEnvelope,1,1,0.0112215,1892,42,14.9344,850,850,0,0.00228383,0.00249477,0,0,0.0241957,0.184461,13,12,3.23077,0,0,0,0.808668,0.17389,0.0174419,1892,504168,1690
1,box,83,isSafe,1,1,0.00171971,1002,7,9.67116,6,485,0,0.0296236,0.00249477,0,0,0,0,8,3,0.875,0,0,0,0,0,0,0,0,0
1,box,83,qpFixed,1,1,0.00152864,310,5,5.19473,311,311,0,0.00873974,0.00249477,0,0,0.0167572,0,1,1,5,0,0,0,1,0,0,310,82234,82
1,box,83,qpPlain,1,1,0.00154095,310,5,5.19473,311,311,0,0.00873974,0.00249477,0,0,0.0167572,0,1,1,5,0,0,0,1,0,0,310,106330,310
1,box,83,qpAdaptive,1,1,0.000582757,118,5,5.19481,299,299,0,0.00874134,0.00249477,0,0,0.0440238,0.220339,1,1,5,0,0,0,0.779661,0.194915,0.0254237,118,30866,82
1,box,83,qpFreeGate,1,1,0.00799058,1992,11,8.9438,700,700,0,0.0296236,0.00249477,0,0,0.00791781,0,8,6,1.375,0,0,0,1,0,0,0,0,0
1,box,83,qpEnvelope,1,1,0.000492042,70,5,5.19525,291,291,0,0.00895528,0.00249477,0,0,0.0742178,0.514286,1,1,5,0,0,0,0.485714,0.471429,0.0428571,70,18694,49
1,box,90,isSafe,1,1,0.00385766,2115,13,12.0595,8,604,0,0.0222404,0.00249477,0,0,0,0,43,8,0.302326,0,0,0,0,0,0,0,0,0
1,box,90,qpFixed,1,1,0.00305143,657,6,6.60558,658,658,0,0.00135877,0.00249477,0,0,0.0100542,0,1,1,6,0,0,0,1,0,0,657,155792,246
1,box,90,qpPlain,1,1,0.00333551,657,6,6.60558,658,658,0,0.00135877,0.00249477,0,0,0.0100542,0,1,1,6,0,0,0,1,0,0,657,225351,657
1,box,90,qpAdaptive,1,1,0.000955732,198,6,6.60202,449,449,0,0.00131826,0.00249477,0,0,0.0333435,0.444444,1,1,6,0,0,0,0.550505,0.434343,0.0151515,198,47781,162
1,box,90,qpFreeGate,1,1,0.0298104,7467,24,13.5043,1159,1159,0,0.00238525,0.00249477,0,0,0.00450391,0,43,12,0.55814,0,0,0,1,0,0,0,0,0
1,box,90,qpEnvelope,1,1,0.000679284,107,6,6.59637,395,395,0,0.00125074,0.00249477,0,0,0.0616483,0.495327,1,1,6,0,0,0,0.495327,0.46729,0.0373832,107,26003,90
1,box,97,isSafe,1,1,0.00443267,2263,13,9.85411,6,494,0,0.0158172,0.00249477,0,0,0,0,32,10,0.40625,0,0,0,0,0,0,0,0,0
1,box,97,qpFixed,1,1,0.00202717,395,6,6.41099,396,396,0,0.0162886,0.00249477,0,0,0.0162304,0,1,1,6,0,0,0,1,0,0,395,111051,104
1,box,97,qpPlain,1,1,0.00198098,395,6,6.41099,396,396,0,0.0162886,0.00249477,0,0,0.0162304,0,1,1,6,0,0,0,1,0,0,395,135485,395
1,box,97,qpAdaptive,1,1,0.000499768,90,6,6.40979,354,354,0,0.0161514,0.00249477,0,0,0.0712198,0.711111,1,1,6,0,0,0,0.277778,0.677778,0.0444444,90,26578,53
1,box,97,qpFreeGate,1,1,0.0578011,15086,35,13.7056,1356,1356,0,0.0108059,0.00249477,0,0,0.00381657,0,95,28,0.368421,0,0,0,1,0,0,0,0,0
1,box,97,qpEnvelope,1,1,0.000374392,46,6,6.40951,341,341,0,0.0160416,0.00249477,0,0,0.139337,0.717391,1,1,6,0,0,0,0.26087,0.652174,0.0869565,46,13514,28
1,table_pick,4,isSafe,1,1,0.0018986,972,7,7.23612,5,363,0,0.00243047,0.00249477,0,0,0,0,14,3,0.5,0,0,0,0,0,0,0,0,0
1,table_pick,4,qpFixed,1,1,0.00256675,554,6,6.43753,555,555,0,0.00692859,0.00249477,0,0,0.0116201,0,1,1,6,0,0,0,1,0,0,554,135638,84
1,table_pick,4,qpPlain,1,1,0.00272275,554,6,6.43753,555,555,0,0.00692859,0.00249477,0,0,0.0116201,0,1,1,6,0,0,0,1,0,0,554,190022,554
1,table_pick,4,qpAdaptive,1,1,0.000580333,112,6,6.43784,379,379,0,0.00692859,0.00249477,0,0,0.0574807,0.651786,1,1,6,0,0,0,0.348214,0.616071,0.0357143,112,31891,63
1,table_pick,4,qpFreeGate,1,1,0.0302623,7618,27,19.2921,1667,1667,0,0.0020059,0.00249477,0,0,0.00490303,0,73,19,0.369863,0,0,0,1,0,0,0,0,0
1,table_pick,4,qpEnvelope,1,1,0.000410011,61,6,6.43927,352,352,0,0.00692859,0.00249477,0,0,0.105562,0.737705,1,1,6,0,0,0,0.262295,0.672131,0.0655738,61,17364,40
1,table_pick,11,isSafe,1,1,0.00586948,3236,18,8.29929,6,416,0,0.00125102,0.00249477,0,0,0,0,70,14,0.257143,0,0,0,0,0,0,0,0,0
1,table_pick,11,qpFixed,1,1,0.00236407,469,6,5.34436,470,470,0,0.00136856,0.00249477,0,0,0.0113952,0,1,1,6,0,0,0,1,0,0,469,121816,235
1,table_pick,11,qpPlain,1,1,0.00236601,469,6,5.34436,470,470,0,0.00136856,0.00249477,0,0,0.0113952,0,1,1,6,0,0,0,1,0,0,469,160867,469
1,table_pick,11,qpAdaptive,1,1,0.00132749,253,6,5.3445,402,402,0,0.00136856,0.00249477,0,0,0.0211245,0.16996,1,1,6,0,0,0,0.826087,0.162055,0.0118577,253,71556,227
1,table_pick,11,qpFreeGate,1,1,0.0381784,10053,30,10.4591,1105,1105,0,0.000891964,0.00249477,0,0,0.00441907,0,65,23,0.461538,0,0,0,1,0,0,0,0,0
1,table_pick,11,qpEnvelope,1,1,0.00115838,205,6,5.34713,372,372,0,0.00136856,0.00249477,0,0,0.0260835,0.180488,1,1,6,0,0,0,0.814634,0.165854,0.0195122,205,57845,193
1,table_pick,18,isSafe,1,1,0.0131836,7320,36,13.8909,8,696,0,0.00600204,0.00249477,0,0,0,0,160,33,0.225,0,0,0,0,0,0,0,0,0
1,table_pick,18,qpFixed,1,1,0.00312156,691,7,8.40527,692,692,0,0.005093,0.00249477,0,0,0.0121639,0,1,1,7,0,0,0,1,0,0,691,166368,22
1,table_pick,18,qpPlain,1,1,0.0033041,691,7,8.40527,692,692,0,0.005093,0.00249477,0,0,0.0121639,0,1,1,7,0,0,0,1,0,0,691,237013,691
1,table_pick,18,qpAdaptive,1,1,0.000328379,71,7,8.40527,456,456,0,0.005093,0.00249477,0,0,0.118384,0.661972,1,1,7,0,0,0,0.338028,0.591549,0.0704225,71,18807,22
1,table_pick,18,qpFreeGate,1,1,0.0338317,8674,33,15.0617,1176,1176,0,0.00685531,0.00249477,0,0,0.00624376,0,64,26,0.515625,0,0,0,1,0,0,0,0,0
1,table_pick,18,qpEnvelope,1,1,0.000300173,44,7,8.40527,443,443,0,0.005093,0.00249477,0,0,0.191029,0.545455,1,1,7,0,0,0,0.454545,0.431818,0.113636,44,11343,21
1,table_pick,25,isSafe,1,1,0.000932457,518,5,5.13232,4,258,0,0.00282144,0.00249477,0,0,0,0,1,1,5,0,0,0,0,0,0,0,0,0
1,table_pick,25,qpFixed,1,1,0.00127521,321,5,5.13876,322,322,0,0.00778844,0.00249477,0,0,0.0160086,0,1,1,5,0,0,0,1,0,0,321,74663,17
1,table_pick,25,qpPlain,1,1,0.00136457,321,5,5.13876,322,322,0,0.00778844,0.00249477,0,0,0.0160086,0,1,1,5,0,0,0,1,0,0,321,110103,321
1,table_pick,25,qpAdaptive,1,1,0.000247718,51,5,5.1386,278,278,0,0.00778844,0.00249477,0,0,0.100757,0.803922,1,1,5,0,0,0,0.196078,0.745098,0.0588235,51,13105,16
1,table_pick,25,qpFreeGate,1,1,0.00625731,1605,12,2.56522,273,273,0,0.0014391,0.00249477,0,0,0.00599964,0,10,5,1.2,0,0,0,1,0,0,0,0,0
1,table_pick,25,qpEnvelope,1,1,0.000249488,32,5,5.13849,272,272,0,0.00778844,0.00249477,0,0,0.160578,0.8125,1,1,5,0,0,0,0.1875,0.71875,0.09375,32,8161,11
1,table_pick,32,isSafe,1,1,0.00182728,1120,8,10.6131,7,532,0,0.000377713,0.00249477,0,0,0,0,4,3,2,0,0,0,0,0,0,0,0,0
1,table_pick,32,qpFixed,1,1,0.00280721,679,7,8.17178,680,680,0,0.00689486,0.00249477,0,0,0.012035,0,1,1,7,0,0,0,1,0,0,679,158359,13
1,table_pick,32,qpPlain,1,1,0.00285226,679,7,8.17178,680,680,0,0.00689486,0.00249477,0,0,0.012035,0,1,1,7,0,0,0,1,0,0,679,232897,679
1,table_pick,32,qpAdaptive,1,1,0.000315656,69,7,8.17178,440,440,0,0.00689486,0.00249477,0,0,0.118432,0.724638,1,1,7,0,0,0,0.26087,0.666667,0.0724638,69,19690,13
1,table_pick,32,qpFreeGate,1,1,0.00529555,1394,9,9.99844,869,869,0,0.00340802,0.00249477,0,0,0.00818248,0,6,4,1.5,0,0,0,1,0,0,0,0,0
1,table_pick,32,qpEnvelope,1,1,0.00026642,39,7,8.17176,429,429,0,0.00691976,0.00249477,0,0,0.209532,0.717949,1,1,7,0,0,0,0.25641,0.615385,0.128205,39,10966,12
1,table_pick,39,isSafe,1,1,0.00311187,1810,11,12.8864,8,646,0,0.00342239,0.00249477,0,0,0,0,22,7,0.5,0,0,0,0,0,0,0,0,0
1,table_pick,39,qpFixed,1,1,0.00333184,701,7,8.87037,702,702,0,0.000635356,0.00249477,0,0,0.0126539,0,1,1,7,0,0,0,1,0,0,701,177679,333
1,table_pick,39,qpPlain,1,1,0.00344398,701,7,8.87037,702,702,0,0.000635356,0.00249477,0,0,0.0126539,0,1,1,7,0,0,0,1,0,0,701,240443,701
1,table_pick,39,qpAdaptive,1,1,0.00143718,285,7,8.87138,592,592,0,0.000635356,0.00249477,0,0,0.0311277,0.463158,1,1,7,0,0,0,0.529825,0.452632,0.0175439,285,79916,244
1,table_pick,39,qpFreeGate,1,1,0.0137921,3603,21,12.8213,1052,1052,0,0.00286736,0.00249477,0,0,0.006577,0,22,12,0.954545,0,0,0,1,0,0,0,0,0
1,table_pick,39,qpEnvelope,1,1,0.00110926,176,7,8.87428,534,534,0,0.000612951,0.00249477,0,0,0.0504221,0.295455,1,1,7,0,0,0,0.698864,0.272727,0.0284091,176,50814,159
1,table_pick,46,isSafe,1,1,0.00649268,3635,19,16.6383,10,833,0,0.00733873,0.00249477,0,0,0,0,69,14,0.275362,0,0,0,0,0,0,0,0,0
1,table_pick,46,qpFixed,1,1,0.00172013,389,5,5.0478,390,390,0,0.00523541,0.00249477,0,0,0.0129763,0,1,1,5,0,0,0,1,0,0,389,94093,95
1,table_pick,46,qpPlain,1,1,0.00166842,389,5,5.0478,390,390,0,0.00523541,0.00249477,0,0,0.0129763,0,1,1,5,0,0,0,1,0,0,389,133427,389
1,table_pick,46,qpAdaptive,1,1,0.000500946,108,5,5.04969,294,294,0,0.00523502,0.00249477,0,0,0.0467564,0.722222,1,1,5,0,0,0,0.277778,0.694444,0.0277778,108,27884,43
1,table_pick,46,qpFreeGate,1,1,0.0114111,2964,20,7.08871,691,691,0,0.00241875,0.00249477,0,0,0.00658414,0,17,8,1.17647,0,0,0,1,0,0,0,0,0
1,table_pick,46,qpEnvelope,1,1,0.000335942,54,5,5.06063,277,277,0,0.00512878,0.00249477,0,0,0.0937153,0.481481,1,1,5,0,0,0,0.5,0.444444,0.0555556,54,14099,31
1,table_pick,53,isSafe,1,1,0.0043216,2307,13,9.49238,6,476,0,0.00268905,0.00249477,0,0,0,0,40,9,0.325,0,0,0,0,0,0,0,0,0
1,table_pick,53,qpFixed,1,1,0.00274639,642,7,8.36558,643,643,0,0.00544658,0.00249477,0,0,0.0130305,0,1,1,7,0,0,0,1,0,0,642,149428,106
1,table_pick,53,qpPlain,1,1,0.00281512,642,7,8.36558,643,643,0,0.00544658,0.00249477,0,0,0.0130305,0,1,1,7,0,0,0,1,0,0,642,220206,642
1,table_pick,53,qpAdaptive,1,1,0.00047659,97,7,8.36585,461,461,0,0.00544658,0.00249477,0,0,0.0862459,0.670103,1,1,7,0,0,0,0.329897,0.618557,0.0515464,97,26197,57
1,table_pick,53,qpFreeGate,1,1,0.0216747,5642,20,12.2483,908,908,0,0.00267379,0.00249477,0,0,0.00558602,0,40,15,0.5,0,0,0,1,0,0,0,0,0
1,table_pick,53,qpEnvelope,1,1,0.000371731,55,7,8.36664,446,446,0,0.00543255,0.00249477,0,0,0.152121,0.563636,1,1,7,0,0,0,0.436364,0.472727,0.0909091,55,15026,38
1,table_pick,60,isSafe,1,1,0.00120494,679,6,6.60773,5,332,0,0.00439711,0.00249477,0,0,0,0,4,2,1.5,0,0,0,0,0,0,0,0,0
1,table_pick,60,qpFixed,1,1,0.00167149,421,5,5.6589,422,422,0,0.00382347,0.00249477,0,0,0.0134416,0,1,1,5,0,0,0,1,0,0,421,94425,71
1,table_pick,60,qpPlain,1,1,0.00191482,421,5,5.6589,422,422,0,0.00382347,0.00249477,0,0,0.0134416,0,1,1,5,0,0,0,1,0,0,421,144403,421
1,table_pick,60,qpAdaptive,1,1,0.000348922,76,5,5.65906,319,319,0,0.00382347,0.00249477,0,0,0.0744613,0.815789,1,1,5,0,0,0,0.184211,0.776316,0.0394737,76,18883,32
1,table_pick,60,qpFreeGate,1,1,0.00318979,848,8,7.42734,601,601,0,0.00439711,0.00249477,0,0,0.00887939,0,4,3,2,0,0,0,1,0,0,0,0,0
1,table_pick,60,qpEnvelope,1,1,0.000232662,35,5,5.65943,300,300,0,0.00382347,0.00249477,0,0,0.161698,0.657143,1,1,5,0,0,0,0.342857,0.571429,0.0857143,35,8980,18
1,table_pick,67,isSafe,1,1,0.00374877,2069,12,7.69213,5,386,0,0.000611937,0.00249477,0,0,0,0,18,9,0.666667,0,0,0,0,0,0,0,0,0
1,table_pick,67,qpFixed,1,1,0.00199924,452,6,6.63643,453,453,0,0.00638179,0.00249477,0,0,0.0146824,0,1,1,6,0,0,0,1,0,0,452,107471,46
1,table_pick,67,qpPlain,1,1,0.00212807,452,6,6.63643,453,453,0,0.00638179,0.00249477,0,0,0.0146824,0,1,1,6,0,0,0,1,0,0,452,155036,452
1,table_pick,67,qpAdaptive,1,1,0.000316138,62,6,6.63641,362,362,0,0.00638179,0.00249477,0,0,0.107039,0.677419,1,1,6,0,0,0,0.322581,0.612903,0.0645161,62,15746,32
1,table_pick,67,qpFreeGate,1,1,0.0684349,18055,53,8.64911,706,706,0,0.00251911,0.00249477,0,0,0.00479713,0,137,48,0.386861,0,0,0,1,0,0,0,0,0
1,table_pick,67,qpEnvelope,1,1,0.000308672,41,6,6.63682,352,352,0,0.00638179,0.00249477,0,0,0.161874,0.609756,1,1,6,0,0,0,0.390244,0.512195,0.097561,41,10426,24
1,table_pick,74,isSafe,1,1,0.00361335,1971,12,14.2,9,711,0,0.00419049,0.00249477,0,0,0,0,38,8,0.315789,0,0,0,0,0,0,0,0,0
1,table_pick,74,qpFixed,1,1,0.00521253,971,8,9.49961,830,830,0,0.00225369,0.00249477,0,0,0.0102679,0,2,2,4,0,0,0,1,0,0,971,278716,601
1,table_pick,74,qpPlain,1,1,0.00496107,971,8,9.49961,830,830,0,0.00225369,0.00249477,0,0,0.0102679,0,2,2,4,0,0,0,1,0,0,971,333053,971
1,table_pick,74,qpAdaptive,1,1,0.00300846,555,8,9.50437,693,693,0,0.00223975,0.00249477,0,0,0.0179719,0.190991,2,2,4,0,0,0,0.809009,0.183784,0.00720721,555,164774,495
1,table_pick,74,qpFreeGate,1,1,0.017137,4459,20,10.2906,1037,1037,0,0.00474944,0.00249477,0,0,0.00488522,0,34,10,0.588235,0,0,0,1,0,0,0,0,0
1,table_pick,74,qpEnvelope,1,1,0.00239277,395,8,9.51427,608,608,0,0.00224625,0.00249477,0,0,0.0252864,0.220253,2,2,4,0,0,0,0.777215,0.212658,0.0101266,395,117356,368
1,table_pick,81,isSafe,1,1,0.00405765,2148,13,14.131,9,708,0,0.00210414,0.00249477,0,0,0,0,21,7,0.619048,0,0,0,0,0,0,0,0,0
1,table_pick,81,qpFixed,1,1,0.00270575,631,6,7.70674,632,632,0,0.00383379,0.00249477,0,0,0.0122135,0,1,1,6,0,0,0,1,0,0,631,173728,59
1,table_pick,81,qpPlain,1,1,0.00280569,631,6,7.70674,632,632,0,0.00383379,0.00249477,0,0,0.0122135,0,1,1,6,0,0,0,1,0,0,631,216433,631
1,table_pick,81,qpAdaptive,1,1,0.000549707,115,6,7.70675,439,439,0,0.00383379,0.00249477,0,0,0.0670152,0.521739,1,1,6,0,0,0,0.469565,0.495652,0.0347826,115,34204,59
1,table_pick,81,qpFreeGate,1,1,0.028722,7488,23,12.4006,1080,1080,0,0.0027303,0.00249477,0,0,0.00530355,0,54,19,0.425926,0,0,0,1,0,0,0,0,0
1,table_pick,81,qpEnvelope,1,1,0.000444883,71,6,7.70686,419,419,0,0.00383379,0.00249477,0,0,0.108547,0.295775,1,1,6,0,0,0,0.690141,0.253521,0.056338,71,21102,53
1,table_pick,88,isSafe,1,1,0.00284931,1356,7,2.84352,3,144,0,0.000618162,0.00249477,0,0,0,0,10,4,0.7,0,0,0,0,0,0,0,0,0
1,table_pick,88,qpFixed,1,1,0.00198955,439,5,5.7268,440,440,0,0.00676682,0.00249477,0,0,0.0130451,0,1,1,5,0,0,0,1,0,0,439,109644,45
1,table_pick,88,qpPlain,1,1,0.0019637,439,5,5.7268,440,440,0,0.00676682,0.00249477,0,0,0.0130451,0,1,1,5,0,0,0,1,0,0,439,150577,439
1,table_pick,88,qpAdaptive,1,1,0.000353754,64,5,5.72691,327,327,0,0.00676682,0.00249477,0,0,0.089483,0.71875,1,1,5,0,0,0,0.28125,0.671875,0.046875,64,18142,33
1,table_pick,88,qpFreeGate,1,1,0.0123234,3140,13,3.44794,266,266,0,0.00436785,0.00249477,0,0,0.00649823,0,24,10,0.541667,0,0,0,1,0,0,0,0,0
1,table_pick,88,qpEnvelope,1,1,0.000329696,40,5,5.72671,307,307,0,0.0067487,0.00249477,0,0,0.143168,0.8,1,1,5,0,0,0,0.2,0.725,0.075,40,11377,23
1,table_pick,95,isSafe,1,1,0.00258491,1417,9,13.2035,8,662,0,0.00294803,0.00249477,0,0,0,0,8,4,1.125,0,0,0,0,0,0,0,0,0
1,table_pick,95,qpFixed,1,1,0.00327415,736,7,9.45418,737,737,0,0.00452246,0.00249477,0,0,0.0128454,0,1,1,7,0,0,0,1,0,0,736,181344,200
1,table_pick,95,qpPlain,1,1,0.00343777,736,7,9.45418,737,737,0,0.00452246,0.00249477,0,0,0.0128454,0,1,1,7,0,0,0,1,0,0,736,252448,736
1,table_pick,95,qpAdaptive,1,1,0.00084517,180,7,9.45476,551,551,0,0.00452246,0.00249477,0,0,0.0525265,0.65,1,1,7,0,0,0,0.344444,0.627778,0.0277778,180,48404,136
1,table_pick,95,qpFreeGate,1,1,0.00597656,1521,10,13.8207,1084,1084,0,0.00254445,0.00249477,0,0,0.00917087,0,8,5,1.25,0,0,0,1,0,0,0,0,0
1,table_pick,95,qpEnvelope,1,1,0.000576198,91,7,9.45858,517,517,0,0.00448711,0.00249477,0,0,0.10394,0.505495,1,1,7,0,0,0,0.494505,0.450549,0.0549451,91,24496,75
1,cage,2,isSafe,1,1,0.243321,135994,833,27.3157,16,1367,0,0.00768481,0.00249477,0,0,0,0,7332,830,0.113612,0,0,0,0,0,0,0,0,0
1,cage,2,qpFixed,1,1,0.0205078,3913,26,23.2533,1815,1815,0,0.000432776,0.00249477,0,0,0.0104101,0,13,11,2,0,0,0,1,0,0,3913,1018199,3184
1,cage,2,qpPlain,1,1,0.0213067,3913,26,23.2533,1815,1815,0,0.000432776,0.00249477,0,0,0.0104101,0,13,11,2,0,0,0,1,0,0,3913,1342159,3913
1,cage,2,qpAdaptive,1,1,0.0132466,2356,26,23.2693,1546,1546,0,0.000362404,0.00249477,0,0,0.0173072,0.442699,13,11,2,0,0,0,0.553905,0.438455,0.00764007,2356,613100,2202
1,cage,2,qpFreeGate,1,1,7.35562,1939537,2973,22.7909,2857,2857,0,0.00145524,0.00249477,0,0,0.00235747,0,18106,2925,0.1642,0,0,0,1,0,0,0,0,0
1,cage,2,qpEnvelope,1,1,0.00911638,1473,26,23.2836,1361,1361,0,0.000411184,0.00249477,0,0,0.027772,0.304141,13,11,2,0,0,0,0.693822,0.289885,0.0162933,1473,379237,1402
1,cage,9,isSafe,1,1,0.0773041,45411,240,21.9221,12,1098,0,0.00536948,0.00249477,0,0,0,0,1905,236,0.125984,0,0,0,0,0,0,0,0,0
1,cage,9,qpFixed,1,1,0.27009,50558,207,23.1619,2059,2059,0,0.000593604,0.00249477,0,0,0.00762741,0,214,132,0.96729,0,0,0,1,0,0,50558,13707441,47579
1,cage,9,qpPlain,1,1,0.282727,50558,207,23.1619,2059,2059,0,0.000593604,0.00249477,0,0,0.00762741,0,214,132,0.96729,0,0,0,1,0,0,50558,17341394,50558
1,cage,9,qpAdaptive,1,1,0.237056,41082,211,23.1497,1592,1592,0,0.000466859,0.00249477,0,0,0.00946235,0.16949,214,134,0.985981,0,0,0,0.829702,0.167863,0.00243422,41082,11083563,40424
1,cage,9,qpFreeGate,1,1,0.775077,203299,370,29.4586,2615,2615,0,0.000617806,0.00157473,0,0,0.00324606,0,1648,348,0.224515,0,0,0,1,0,0,0,0,0
1,cage,9,qpEnvelope,1,1,0.202361,33847,205,23.0791,1427,1427,0,0.000348453,0.00249477,0,0,0.0114124,0.132242,214,131,0.957944,0,0,0,0.866897,0.129498,0.00360456,33847,9064254,33577
1,cage,16,isSafe,1,1,0.0480617,27757,139,24.3831,14,1221,1,-2.3489e-05,0.00249477,0,0,0,0,1310,136,0.106107,0,0,0,0,0,0,0,0,0
1,cage,16,qpFixed,1,1,0.181768,33157,143,22.1729,1890,1890,0,0.00135494,0.00249477,0,0,0.00794042,0,136,86,1.05147,0,0,0,1,0,0,33157,9009052,30976
1,cage,16,qpPlain,1,1,0.188085,33157,143,22.1729,1890,1890,0,0.00135494,0.00249477,0,0,0.00794042,0,136,86,1.05147,0,0,0,1,0,0,33157,11372851,33157
1,cage,16,qpAdaptive,1,1,0.152128,25851,143,22.221,1563,1563,0,0.00145153,0.00249477,0,0,0.0101959,0.222931,136,86,1.05147,0,0,0,0.775637,0.221345,0.00301729,25851,7002392,25316
1,cage,16,qpFreeGate,1,1,0.260089,69373,104,19.6234,2044,2044,0,0.00687331,0.00249477,0,0,0.00286061,0,518,96,0.200772,0,0,0,1,0,0,0,0,0
1,cage,16,qpEnvelope,1,1,0.131949,21192,146,22.2849,1366,1366,0,0.00115734,0.00249477,0,0,0.0124743,0.183277,136,86,1.07353,0,0,0,0.815591,0.179738,0.00467157,21192,5698314,20944
1,cage,23,isSafe,1,1,0.0690762,38518,202,19.3201,11,968,0,0.00347277,0.00249477,0,0,0,0,1594,199,0.126725,0,0,0,0,0,0,0,0,0
1,cage,23,qpFixed,1,1,0.167118,30438,132,29.4839,2599,2599,0,5.20695e-05,0.00249477,0,0,0.00803913,0,130,77,1.01538,0,0,0,1,0,0,30438,8333001,27916
1,cage,23,qpPlain,1,1,0.173501,30438,132,29.4839,2599,2599,0,5.20695e-05,0.00249477,0,0,0.00803913,0,130,77,1.01538,0,0,0,1,0,0,30438,10440234,30438
1,cage,23,qpAdaptive,1,1,0.136836,23420,132,29.5272,2249,2249,0,5.1414e-05,0.00249477,0,0,0.0104554,0.17626,130,77,1.01538,0,0,0,0.822673,0.174338,0.0029889,23420,6401173,23002
1,cage,23,qpFreeGate,1,1,0.768557,199871,359,23.7688,2168,2168,0,0.00797182,0.00249477,0,0,0.00321083,0,1540,339,0.233117,0,0,0,1,0,0,0,0,0
1,cage,23,qpEnvelope,1,1,0.117408,19367,132,29.6115,2063,2063,0,3.99231e-05,0.00249477,0,0,0.0126615,0.134352,130,77,1.01538,0,0,0,0.865131,0.130118,0.00475035,19367,5236140,19198
1,cage,30,isSafe,1,1,0.069801,39915,208,18.7519,11,939,0,0.0206469,0.00249477,0,0,0,0,1657,203,0.125528,0,0,0,0,0,0,0,0,0
1,cage,30,qpFixed,1,1,0.0891572,16664,88,23.8363,1959,1959,0,1.75412e-05,0.00249477,0,0,0.00894508,0,65,49,1.35385,0,0,0,1,0,0,16664,4327713,14996
1,cage,30,qpPlain,1,1,0.094763,16664,88,23.8363,1959,1959,0,1.75412e-05,0.00249477,0,0,0.00894508,0,65,49,1.35385,0,0,0,1,0,0,16664,5715752,16664
1,cage,30,qpAdaptive,1,1,0.0700582,11947,88,23.8746,1618,1618,0,1.61906e-05,0.00249477,0,0,0.0124921,0.248765,65,49,1.35385,0,0,0,0.749309,0.246589,0.00410145,11947,3117442,11665
1,cage,30,qpFreeGate,1,1,0.27225,69710,142,18.8428,1631,1631,0,0.0133168,0.00249477,0,0,0.00360526,0,571,129,0.248687,0,0,0,1,0,0,0,0,0
1,cage,30,qpEnvelope,1,1,0.052877,8580,90,23.8736,1445,1445,0,9.82631e-06,0.00249477,0,0,0.0176499,0.187879,65,50,1.38462,0,0,0,0.811072,0.181119,0.00780886,8580,2196168,8456
1,cage,37,isSafe,1,1,0.0348527,20855,106,16.5066,10,827,0,0.0135335,0.00249477,0,0,0,0,739,103,0.143437,0,0,0,0,0,0,0,0,0
1,cage,37,qpFixed,1,1,0.197926,36582,151,32.7654,2763,2763,0,4.5151e-06,0.00249477,0,0,0.00792396,0,157,89,0.961783,0,0,0,1,0,0,36582,10052105,34008
1,cage,37,qpPlain,1,1,0.206114,36582,151,32.7654,2763,2763,0,4.5151e-06,0.00249477,0,0,0.00792396,0,157,89,0.961783,0,0,0,1,0,0,36582,12547626,36582
1,cage,37,qpAdaptive,1,1,0.192132,33168,163,33.2994,2468,2468,0,4.42608e-06,0.00249477,0,0,0.00979544,0.15521,174,100,0.936782,0,0,0,0.843765,0.153702,0.00253256,33168,9065692,32536
1,cage,37,qpFreeGate,1,1,4.28825,1119481,1738,29.0431,3168,3168,0,0.00119003,0.00249477,0,0,0.00244866,0,10324,1699,0.168346,0,0,0,1,0,0,0,0,0
1,cage,37,qpEnvelope,1,1,0.169872,27860,166,33.3279,2340,2340,0,4.41923e-06,0.00249477,0,0,0.0116586,0.118162,174,103,0.954023,0,0,0,0.881156,0.114824,0.0040201,27860,7615408,27558
1,cage,44,isSafe,1,1,0.0576255,33590,173,14.3256,9,718,0,0.00689355,0.00249477,0,0,0,0,1333,169,0.129782,0,0,0,0,0,0,0,0,0
1,cage,44,qpFixed,1,1,0.0404141,7582,49,18.7897,1535,1535,1,-6.29925e-07,0.00249477,0,0,0.00937588,0,25,22,1.96,0,0,0,1,0,0,7582,2095602,6923
1,cage,44,qpPlain,1,1,0.0405822,7582,49,18.7897,1535,1535,1,-6.29925e-07,0.00249477,0,0,0.00937588,0,25,22,1.96,0,0,0,1,0,0,7582,2600626,7582
1,cage,44,qpAdaptive,1,1,0.0315161,5662,49,18.8042,1384,1384,1,-6.66743e-07,0.00249477,0,0,0.0125692,0.263335,25,22,1.96,0,0,0,0.734723,0.261039,0.00423878,5662,1561823,5546
1,cage,44,qpFreeGate,1,1,0.438774,115339,192,18.2111,2271,2271,0,0.000368722,0.00249477,0,0,0.00318208,0,895,180,0.214525,0,0,0,1,0,0,0,0,0
1,cage,44,qpEnvelope,1,1,0.0270211,4399,50,18.8358,1255,1255,2,-3.71665e-06,0.00249477,0,0,0.0164336,0.200727,25,23,2,0,0,0,0.797681,0.19459,0.00772903,4399,1210987,4357
1,cage,51,isSafe,1,1,0.0265206,15757,79,15.8146,9,792,0,0.011683,0.00249477,0,0,0,0,483,75,0.163561,0,0,0,0,0,0,0,0,0
1,cage,51,qpFixed,1,1,0.0442932,8180,55,22.2039,1971,1971,0,0.0011424,0.00249477,0,0,0.00996236,0,29,25,1.89655,0,0,0,1,0,0,8180,2244736,7261
1,cage,51,qpPlain,1,1,0.0447922,8180,55,22.2039,1971,1971,0,0.0011424,0.00249477,0,0,0.00996236,0,29,25,1.89655,0,0,0,1,0,0,8180,2805740,8180
1,cage,51,qpAdaptive,1,1,0.0337991,5934,54,22.2275,1620,1620,0,0.0010293,0.00249477,0,0,0.0137475,0.310415,29,25,1.86207,0,0,0,0.687732,0.307213,0.00505561,5934,1654313,5740
1,cage,51,qpFreeGate,1,1,0.287716,75054,169,15.4327,1828,1828,0,0.00435005,0.00249477,0,0,0.00381113,0,601,149,0.281198,0,0,0,1,0,0,0,0,0
1,cage,51,qpEnvelope,1,1,0.0236112,3659,51,22.5016,1408,1408,0,0.00074895,0.00249477,0,0,0.0224556,0.376606,29,25,1.75862,0,0,0,0.620661,0.366767,0.0125717,3659,1017215,3566
1,cage,58,isSafe,1,1,0.79358,435542,3021,26.2047,16,1312,0,0.00383743,0.00249477,0,0,0,0,27618,3017,0.109385,0,0,0,0,0,0,0,0,0
1,cage,58,qpFixed,1,1,0.0205816,4051,27,14.9354,1245,1245,0,0.00111648,0.00249477,0,0,0.00961335,0,14,11,1.92857,0,0,0,1,0,0,4051,1009177,3427
1,cage,58,qpPlain,1,1,0.0215146,4051,27,14.9354,1245,1245,0,0.00111648,0.00249477,0,0,0.00961335,0,14,11,1.92857,0,0,0,1,0,0,4051,1389493,4051
1,cage,58,qpAdaptive,1,1,0.012455,2389,27,14.932,1046,1046,0,0.00111762,0.00249477,0,0,0.0163156,0.383005,14,11,1.92857,0,0,0,0.614902,0.376727,0.0083717,2389,586090,2282
1,cage,58,qpFreeGate,1,0,10.0006,2682798,4045,0,0,0,0,inf,inf,0,0,0.00212633,0,25367,4029,0.159459,0,0,0,1,0,0,0,0,0
1,cage,58,qpEnvelope,1,1,0.00888805,1552,28,14.9259,911,911,0,0.000963182,0.00249477,0,0,0.0251464,0.326675,14,11,2,0,0,0,0.670747,0.314433,0.0148196,1552,374709,1512
1,cage,65,isSafe,1,1,0.319715,181584,1141,22.854,13,1144,0,0.00630882,0.00249477,0,0,0,0,10192,1138,0.111951,0,0,0,0,0,0,0,0,0
1,cage,65,qpFixed,1,1,0.0301459,5711,36,21.8966,1889,1889,0,2.49658e-05,0.00249477,0,0,0.00987722,0,19,16,1.89474,0,0,0,1,0,0,5711,1518951,4883
1,cage,65,qpPlain,1,1,0.0394599,5711,36,21.8966,1889,1889,0,2.49658e-05,0.00249477,0,0,0.00987722,0,19,16,1.89474,0,0,0,1,0,0,5711,1958873,5711
1,cage,65,qpAdaptive,1,1,0.0219221,3868,36,21.907,1609,1609,0,3.34652e-05,0.00249477,0,0,0.0146033,0.282316,19,16,1.89474,0,0,0,0.715615,0.278697,0.00568769,3868,1043661,3681
1,cage,65,qpFreeGate,1,1,1.62386,422941,712,32.2242,3620,3620,0,0.00218861,0.00249477,0,0,0.00287246,0,3516,681,0.202503,0,0,0,1,0,0,0,0,0
1,cage,65,qpEnvelope,1,1,0.108498,17560,142,23.4422,1504,1504,0,0.000210919,0.00249477,0,0,0.0146929,0.152164,123,82,1.15447,0,0,0,0.84721,0.147437,0.00535308,17560,4738726,17265
1,cage,72,isSafe,1,1,0.536437,297522,2033,22.8945,14,1146,0,0.00348921,0.00249477,0,0,0,0,19645,2029,0.103487,0,0,0,0,0,0,0,0,0
1,cage,72,qpFixed,1,1,0.15659,29322,128,25.4478,2227,2227,0,2.39383e-05,0.00249477,0,0,0.00800189,0,121,75,1.05785,0,0,0,1,0,0,29322,7725449,26911
1,cage,72,qpPlain,1,1,0.166225,29322,128,25.4478,2227,2227,0,2.39383e-05,0.00249477,0,0,0.00800189,0,121,75,1.05785,0,0,0,1,0,0,29322,10057446,29322
1,cage,72,qpAdaptive,1,1,0.135173,23411,128,25.4793,1901,1901,0,2.59359e-05,0.00249477,0,0,0.0101016,0.179915,121,75,1.05785,0,0,0,0.818889,0.178378,0.00273376,23411,6216238,23116
1,cage,72,qpFreeGate,1,1,2.43741,640256,1091,28.6914,3312,3312,0,0.00178583,0.00249477,0,0,0.00278807,0,5781,1053,0.188722,0,0,0,1,0,0,0,0,0
1,cage,72,qpEnvelope,1,1,0.111126,18473,128,25.5773,1714,1714,0,5.09805e-05,0.00249477,0,0,0.0128121,0.142153,121,75,1.05785,0,0,0,0.856818,0.138472,0.00470958,18473,4895053,18347
1,cage,79,isSafe,1,1,0.0552629,31534,162,15.651,9,784,0,0.00146804,0.00249477,0,0,0,0,1522,159,0.106439,0,0,0,0,0,0,0,0,0
1,cage,79,qpFixed,1,1,0.237731,44041,193,28.2103,2563,2563,0,0.000183912,0.00249477,0,0,0.00794763,0,180,112,1.07222,0,0,0,1,0,0,44041,12073803,40465
1,cage,79,qpPlain,1,1,0.248766,44041,193,28.2103,2563,2563,0,0.000183912,0.00249477,0,0,0.00794763,0,180,112,1.07222,0,0,0,1,0,0,44041,15106063,44041
1,cage,79,qpAdaptive,1,1,0.205156,34791,192,28.2439,2242,2242,0,0.000172882,0.00249477,0,0,0.0100651,0.202466,180,112,1.06667,0,0,0,0.796125,0.200828,0.00304676,34791,9572846,33752
1,cage,79,qpFreeGate,1,1,2.21176,585112,910,37.4745,4655,4655,0,0.00142413,0.00249477,0,0,0.00263907,0,5159,878,0.176391,0,0,0,1,0,0,0,0,0
1,cage,79,qpEnvelope,1,1,0.144424,23193,172,21.2151,1448,1448,0,0.000162068,0.00249477,0,0,0.0133855,0.174535,155,99,1.10968,0,0,0,0.824638,0.170317,0.00504484,23193,6418883,22908
1,cage,86,isSafe,1,1,0.118125,68385,378,19.0057,11,952,0,0.00119166,0.00249477,0,0,0,0,3312,375,0.11413,0,0,0,0,0,0,0,0,0
1,cage,86,qpFixed,1,1,0.144109,25503,108,14.8097,1307,1307,0,0.000173372,0.00249477,0,0,0.00787778,0,105,65,1.02857,0,0,0,1,0,0,25503,7381460,22849
1,cage,86,qpPlain,1,1,0.145097,25503,108,14.8097,1307,1307,0,0.000173372,0.00249477,0,0,0.00787778,0,105,65,1.02857,0,0,0,1,0,0,25503,8747529,25503
1,cage,86,qpAdaptive,1,1,0.120666,19729,108,14.8215,1138,1138,0,0.000172171,0.00249477,0,0,0.0101896,0.21253,105,65,1.02857,0,0,0,0.786203,0.211009,0.00278777,19729,5765500,19218
1,cage,86,qpFreeGate,1,1,3.5218,932968,1418,24.009,2623,2623,0,0.00119166,0.00249477,0,0,0.00247695,0,8100,1389,0.175062,0,0,0,1,0,0,0,0,0
1,cage,86,qpEnvelope,1,1,0.100831,15771,108,14.8591,914,914,0,0.000143641,0.00249477,0,0,0.0128031,0.137911,105,65,1.02857,0,0,0,0.861201,0.133726,0.0050726,15771,4601373,15553
1,cage,93,isSafe,1,1,0.38496,216533,1413,28.5134,17,1427,0,0.00157999,0.00249477,0,0,0,0,13149,1409,0.107461,0,0,0,0,0,0,0,0,0
1,cage,93,qpFixed,1,1,0.260159,48532,208,31.6582,2536,2536,16,-4.90701e-06,0.00249477,0,0,0.00826419,0,210,132,0.990476,0,0,0,1,0,0,48532,13002833,43921
1,cage,93,qpPlain,1,1,0.27283,48532,208,31.6582,2536,2536,16,-4.90701e-06,0.00249477,0,0,0.00826419,0,210,132,0.990476,0,0,0,1,0,0,48532,16646476,48532
1,cage,93,qpAdaptive,1,1,0.120761,20948,126,33.8821,2437,2437,0,3.07493e-05,0.00249477,0,0,0.011371,0.197155,113,76,1.11504,0,0,0,0.801499,0.194634,0.0038669,20948,5602590,20309
1,cage,93,qpFreeGate,1,1,3.53056,930203,1568,25.5957,2735,2735,0,0.00190694,0.00249477,0,0,0.00265252,0,8866,1532,0.176855,0,0,0,1,0,0,0,0,0
1,cage,93,qpEnvelope,1,1,0.100828,16840,126,33.9277,2231,2231,0,3.18353e-05,0.00249477,0,0,0.0141663,0.134145,113,76,1.11504,0,0,0,0.864889,0.129113,0.00599834,16840,4441244,16666
1,cage,100,isSafe,1,1,0.00991913,5339,27,15.5551,9,779,0,0.00600992,0.00249477,0,0,0,0,115,23,0.234783,0,0,0,0,0,0,0,0,0
1,cage,100,qpFixed,1,1,0.0337331,6611,38,17.1125,1598,1598,0,0.000817968,0.00249477,0,0,0.00888201,0,22,17,1.72727,0,0,0,1,0,0,6611,1668052,5508
1,cage,100,qpPlain,1,1,0.0354999,6611,38,17.1125,1598,1598,0,0.000817968,0.00249477,0,0,0.00888201,0,22,17,1.72727,0,0,0,1,0,0,6611,2267573,6611
1,cage,100,qpAdaptive,1,1,0.0253209,4636,37,17.1498,1301,1301,0,0.000798386,0.00249477,0,0,0.0126729,0.116048,22,17,1.68182,0,0,0,0.882442,0.11346,0.00409836,4636,1215024,4533
1,cage,100,qpFreeGate,1,1,1.92784,513719,938,23.1908,2520,2520,0,0.00372481,0.00249477,0,0,0.0028384,0,5268,923,0.178056,0,0,0,1,0,0,0,0,0
1,cage,100,qpEnvelope,1,1,0.0236727,4276,33,15.3304,1158,1158,0,0.000398505,0.00249477,0,0,0.0138143,0.0488775,22,17,1.5,0,0,0,0.951123,0.0453695,0.00350795,4276,1121437,4232
1,bookshelf_tall,4,isSafe,1,0,10.0062,2,1,0,0,0,0,inf,inf,0,0,0,0,0,0,0,0,0,0,0,0,0,0,0,0
1,bookshelf_tall,4,qpFixed,1,0,10.0012,1184919,5181,0,0,0,0,inf,inf,0,0,0.00772449,0,19295,5179,0.268515,0,0,0,1,0,0,1184919,353792489,1041653
1,bookshelf_tall,4,qpPlain,1,0,10.0003,1174501,5134,0,0,0,0,inf,inf,0,0,0.0077307,0,19111,5132,0.268641,0,0,0,1,0,0,1174501,402853843,1174501
1,bookshelf_tall,4,qpAdaptive,1,0,10.0003,1112947,5920,0,0,0,0,inf,inf,0,0,0.00940026,0.112305,22621,5918,0.261704,0,0,0,0.885118,0.111696,0.00318604,1112947,334574606,1080934
1,bookshelf_tall,4,qpFreeGate,1,0,10.0003,1655667,5212,0,0,0,0,inf,inf,0,0,0.00361801,0,35335,5210,0.147502,0,0,0,1,0,0,0,0,0
1,bookshelf_tall,4,qpEnvelope,1,0,10.0001,1096936,6404,0,0,0,0,inf,inf,0,0,0.0103563,0.0255958,24829,6402,0.257924,0,0,0,0.973724,0.0224418,0.00383445,1096936,329374874,1085641
1,bookshelf_tall,11,isSafe,1,1,0.0203177,9128,47,15.2502,9,764,0,0.00577893,0.00249477,0,0,0,0,311,42,0.151125,0,0,0,0,0,0,0,0,0
1,bookshelf_tall,11,qpFixed,1,1,0.00780057,894,9,7.32912,611,611,0,4.60943e-05,0.00249477,0,0,0.0108105,0,2,2,4.5,0,0,0,1,0,0,894,248710,805
1,bookshelf_tall,11,qpPlain,1,1,0.00804063,894,9,7.32912,611,611,0,4.60943e-05,0.00249477,0,0,0.0108105,0,2,2,4.5,0,0,0,1,0,0,894,306642,894
1,bookshelf_tall,11,qpAdaptive,1,1,0.00626206,642,9,7.3327,562,562,0,4.64815e-05,0.00249477,0,0,0.0150604,0.280374,2,2,4.5,0,0,0,0.713396,0.278816,0.00778816,642,186712,615
1,bookshelf_tall,11,qpFreeGate,1,1,0.222069,38342,70,16.7432,1668,1668,0,0.00615429,0.00249477,0,0,0.00329435,0,318,65,0.220126,0,0,0,1,0,0,0,0,0
1,bookshelf_tall,11,qpEnvelope,1,1,0.00495192,472,9,7.34113,506,506,0,4.21378e-05,0.00249477,0,0,0.0205067,0.158898,2,2,4.5,0,0,0,0.838983,0.148305,0.0127119,472,139724,458
1,bookshelf_tall,19,isSafe,1,1,0.0205936,9311,48,18.5083,11,927,0,0.00623182,0.00249477,0,0,0,0,222,43,0.216216,0,0,0,0,0,0,0,0,0
1,bookshelf_tall,19,qpFixed,1,1,0.0788089,9826,61,14.3692,1147,1147,0,0.000176866,0.00249477,0,0,0.00950404,0,31,27,1.96774,0,0,0,1,0,0,9826,2611799,8261
1,bookshelf_tall,19,qpPlain,1,1,0.0848968,9826,61,14.3692,1147,1147,0,0.000176866,0.00249477,0,0,0.00950404,0,31,27,1.96774,0,0,0,1,0,0,9826,3370318,9826
1,bookshelf_tall,19,qpAdaptive,1,1,0.05986,6849,61,14.4409,1069,1069,0,0.000377632,0.00249477,0,0,0.0136631,0.197255,31,27,1.96774,0,0,0,0.801285,0.193313,0.00540225,6849,1827367,6451
1,bookshelf_tall,19,qpFreeGate,1,1,0.0131679,2173,11,12.8779,1013,1013,0,0.00691375,0.00249477,0,0,0.00722702,0,11,6,1,0,0,0,1,0,0,0,0,0
1,bookshelf_tall,19,qpEnvelope,1,1,0.0459762,4986,59,14.4246,997,997,0,0.000116659,0.00249477,0,0,0.0188768,0.124549,31,27,1.90323,0,0,0,0.874649,0.116526,0.00882471,4986,1317941,4858
1,bookshelf_tall,27,isSafe,1,0,10.002,2,1,0,0,0,0,inf,inf,0,0,0,0,0,0,0,0,0,0,0,0,0,0,0,0
1,bookshelf_tall,27,qpFixed,1,0,10.0008,1195896,5129,0,0,0,0,inf,inf,0,0,0.00769984,0,19461,5127,0.263553,0,0,0,1,0,0,1195896,357966706,1054565
1,bookshelf_tall,27,qpPlain,1,0,10,1185581,5093,0,0,0,0,inf,inf,0,0,0.00770903,0,19297,5091,0.263927,0,0,0,1,0,0,1185581,406654283,1185581
1,bookshelf_tall,27,qpAdaptive,1,0,10.0006,1103929,5759,0,0,0,0,inf,inf,0,0,0.00931234,0.107504,22165,5757,0.259824,0,0,0,0.89003,0.106883,0.00308715,1103929,332518080,1071840
1,bookshelf_tall,27,qpFreeGate,1,0,10.0009,1657933,5075,0,0,0,0,inf,inf,0,0,0.00354282,0,34955,5073,0.145187,0,0,0,1,0,0,0,0,0
1,bookshelf_tall,27,qpEnvelope,1,0,10.0014,1090024,6284,0,0,0,0,inf,inf,0,0,0.0102959,0.0257967,24481,6282,0.256689,0,0,0,0.973553,0.0226907,0.00375643,1090024,328102558,1078776
1,bookshelf_tall,34,isSafe,1,0,10.0019,2,1,0,0,0,0,inf,inf,0,0,0,0,0,0,0,0,0,0,0,0,0,0,0,0
1,bookshelf_tall,34,qpFixed,1,0,10.0003,1189901,5082,0,0,0,0,inf,inf,0,0,0.00763167,0,19365,5080,0.262432,0,0,0,1,0,0,1189901,356182737,1053353
1,bookshelf_tall,34,qpPlain,1,0,10.0005,1167291,5011,0,0,0,0,inf,inf,0,0,0.00765731,0,19003,5009,0.263695,0,0,0,1,0,0,1167291,400380813,1167291
1,bookshelf_tall,34,qpAdaptive,1,0,10.0007,1100054,5749,0,0,0,0,inf,inf,0,0,0.00928029,0.108478,22135,5747,0.259724,0,0,0,0.88899,0.107876,0.00313412,1100054,331910435,1068594
1,bookshelf_tall,34,qpFreeGate,1,0,10.0005,1652113,5126,0,0,0,0,inf,inf,0,0,0.00352226,0,35525,5124,0.144293,0,0,0,1,0,0,0,0,0
1,bookshelf_tall,34,qpEnvelope,1,0,10.0014,1050814,6092,0,0,0,0,inf,inf,0,0,0.010292,0.028004,23699,6090,0.257057,0,0,0,0.971252,0.0249324,0.00381557,1050814,317041717,1040002
1,bookshelf_tall,41,isSafe,1,1,0.0033297,1575,10,13.4756,8,675,0,0.00333988,0.00249477,0,0,0,0,14,6,0.714286,0,0,0,0,0,0,0,0,0
1,bookshelf_tall,41,qpFixed,1,1,0.0338906,4360,26,11.3839,983,983,0,0.000575296,0.00249477,0,0,0.00966028,0,14,12,1.85714,0,0,0,1,0,0,4360,1113665,3732
1,bookshelf_tall,41,qpPlain,1,1,0.0376459,4360,26,11.3839,983,983,0,0.000575296,0.00249477,0,0,0.00966028,0,14,12,1.85714,0,0,0,1,0,0,4360,1495480,4360
1,bookshelf_tall,41,qpAdaptive,1,1,0.0280997,3291,25,11.4009,836,836,0,0.000581535,0.00249477,0,0,0.0128263,0.223033,14,12,1.78571,0,0,0,0.775144,0.220905,0.00395017,3291,861835,3120
1,bookshelf_tall,41,qpFreeGate,1,1,0.0301155,5027,25,16.6962,1586,1586,0,0.00541631,0.00249477,0,0,0.00605119,0,25,14,1,0,0,0,1,0,0,0,0,0
1,bookshelf_tall,41,qpEnvelope,1,1,0.0217134,2370,25,11.4447,735,735,0,0.000531021,0.00249477,0,0,0.0179061,0.146414,14,12,1.78571,0,0,0,0.853165,0.139662,0.007173,2370,632322,2309
1,bookshelf_tall,48,isSafe,1,0,10,2897277,32237,0,0,0,0,inf,inf,0,0,0,0,290525,32235,0.110961,0,0,0,0,0,0,0,0,0
1,bookshelf_tall,48,qpFixed,1,0,10,1205254,2367,0,0,0,0,inf,inf,0,0,0.00561152,0,5559,2238,0.425796,0,0,0,1,0,0,1205254,364244734,1151852
1,bookshelf_tall,48,qpPlain,1,0,10.0002,1194760,2350,0,0,0,0,inf,inf,0,0,0.00561736,0,5505,2221,0.426885,0,0,0,1,0,0,1194760,409802680,1194760
1,bookshelf_tall,48,qpAdaptive,1,0,10.0015,1102242,2364,0,0,0,0,inf,inf,0,0,0.00612975,0.0557037,5553,2236,0.425716,0,0,0,0.94403,0.0550652,0.000904523,1102242,333911990,1089655
1,bookshelf_tall,48,qpFreeGate,1,0,10.0004,1736861,2860,0,0,0,0,inf,inf,0,0,0.00242254,0,15853,2858,0.180407,0,0,0,1,0,0,0,0,0
1,bookshelf_tall,48,qpEnvelope,1,0,10.0013,1109866,2514,0,0,0,0,inf,inf,0,0,0.00648811,0.0120411,5972,2388,0.420965,0,0,0,0.987899,0.0110401,0.00106049,1109866,335752341,1105400
1,bookshelf_tall,55,isSafe,1,1,0.0572863,24527,120,11.0814,7,556,0,0.004577,0.00249477,0,0,0,0,1058,117,0.113422,0,0,0,0,0,0,0,0,0
1,bookshelf_tall,55,qpFixed,1,1,0.00365802,487,6,6.63938,488,488,0,0.00491663,0.00249477,0,0,0.0136332,0,1,1,6,0,0,0,1,0,0,487,140343,224
1,bookshelf_tall,55,qpPlain,1,1,0.00403221,487,6,6.63938,488,488,0,0.00491663,0.00249477,0,0,0.0136332,0,1,1,6,0,0,0,1,0,0,487,167041,487
1,bookshelf_tall,55,qpAdaptive,1,1,0.0023252,256,6,6.63919,429,429,0,0.00491663,0.00249477,0,0,0.0259343,0.386719,1,1,6,0,0,0,0.609375,0.378906,0.0117188,256,79614,210
1,bookshelf_tall,55,qpFreeGate,1,1,0.179537,30782,74,13.2961,1499,1499,0,0.0016577,0.00249477,0,0,0.00334999,0,213,54,0.347418,0,0,0,1,0,0,0,0,0
1,bookshelf_tall,55,qpEnvelope,1,1,0.00116226,102,6,6.64784,380,380,0,0.00491663,0.00249477,0,0,0.0651749,0.666667,1,1,6,0,0,0,0.333333,0.627451,0.0392157,102,31647,83
1,bookshelf_tall,62,isSafe,1,1,0.0359386,15724,76,16.0157,10,802,0,0.00572261,0.00249477,0,0,0,0,484,72,0.157025,0,0,0,0,0,0,0,0,0
1,bookshelf_tall,62,qpFixed,1,1,0.0074701,1037,9,10.4836,884,884,0,0.00113063,0.00249477,0,0,0.0109505,0,2,2,4.5,0,0,0,1,0,0,1037,290420,504
1,bookshelf_tall,62,qpPlain,1,1,0.00802685,1037,9,10.4836,884,884,0,0.00113063,0.00249477,0,0,0.0109505,0,2,2,4.5,0,0,0,1,0,0,1037,355691,1037
1,bookshelf_tall,62,qpAdaptive,1,1,0.00494153,570,9,10.4836,726,726,0,0.00113047,0.00249477,0,0,0.0199223,0.135088,2,2,4.5,0,0,0,0.864912,0.126316,0.00877193,570,174425,502
1,bookshelf_tall,62,qpFreeGate,1,1,0.138564,24163,59,17.8872,1665,1665,0,0.00283433,0.00249477,0,0,0.00411581,0,200,53,0.295,0,0,0,1,0,0,0,0,0
1,bookshelf_tall,62,qpEnvelope,1,1,0.00381231,407,9,10.4854,648,648,0,0.00110493,0.00249477,0,0,0.0279034,0.152334,2,2,4.5,0,0,0,0.847666,0.137592,0.014742,407,124329,386
1,bookshelf_tall,70,isSafe,1,1,0.00439612,1908,12,12.2364,8,613,0,0.00314818,0.00249477,0,0,0,0,51,8,0.235294,0,0,0,0,0,0,0,0,0
1,bookshelf_tall,70,qpFixed,1,1,0.0382503,4689,27,12.6519,1041,1041,0,0.000399957,0.00249477,0,0,0.00883353,0,11,11,2.45455,0,0,0,1,0,0,4689,1296311,4535
1,bookshelf_tall,70,qpPlain,1,1,0.0400701,4689,27,12.6519,1041,1041,0,0.000399957,0.00249477,0,0,0.00883353,0,11,11,2.45455,0,0,0,1,0,0,4689,1608327,4689
1,bookshelf_tall,70,qpAdaptive,1,1,0.0319426,3569,27,12.6534,940,940,0,0.000399957,0.00249477,0,0,0.0116058,0.259737,11,11,2.45455,0,0,0,0.738862,0.257215,0.00392267,3569,1009909,3535
1,bookshelf_tall,70,qpFreeGate,1,1,0.15072,26608,43,17.2283,1538,1538,0,0.0031458,0.00249477,0,0,0.00293457,0,208,38,0.206731,0,0,0,1,0,0,0,0,0
1,bookshelf_tall,70,qpEnvelope,1,1,0.0269531,2876,27,12.6638,893,893,0,0.000365589,0.00249477,0,0,0.0143891,0.271558,11,11,2.45455,0,0,0,0.727747,0.266342,0.00591099,2876,822401,2861
1,bookshelf_tall,77,isSafe,1,1,0.0273243,11819,60,14.6454,9,734,0,0.00962253,0.00249477,0,0,0,0,412,56,0.145631,0,0,0,0,0,0,0,0,0
1,bookshelf_tall,77,qpFixed,1,1,0.0123305,1503,17,12.7404,1093,1093,0,0.000359375,0.00249477,0,0,0.00984781,0,4,3,4.25,0,0,0,1,0,0,1503,436493,1239
1,bookshelf_tall,77,qpPlain,1,1,0.0130997,1503,17,12.7404,1093,1093,0,0.000359375,0.00249477,0,0,0.00984781,0,4,3,4.25,0,0,0,1,0,0,1503,515529,1503
1,bookshelf_tall,77,qpAdaptive,1,1,0.00921105,1010,18,12.7843,920,920,0,0.000359633,0.00249477,0,0,0.0146975,0.139604,4,3,4.5,0,0,0,0.854455,0.131683,0.0138614,1010,304412,956
1,bookshelf_tall,77,qpFreeGate,1,1,0.142122,24730,49,15.2613,1557,1557,0,0.00962253,0.00249477,0,0,0.003371,0,180,44,0.272222,0,0,0,1,0,0,0,0,0
1,bookshelf_tall,77,qpEnvelope,1,1,0.0162174,1691,28,21.2089,1455,1455,0,0.000336775,0.00249477,0,0,0.0173815,0.118865,9,8,3.11111,0,0,0,0.879953,0.106446,0.0136014,1691,504883,1645
1,bookshelf_tall,84,isSafe,1,1,0.00159519,812,7,8.03249,6,403,0,0.00303427,0.00249477,0,0,0,0,4,2,1.75,0,0,0,0,0,0,0,0,0
1,bookshelf_tall,84,qpFixed,1,1,0.00238023,295,5,4.14502,296,296,0,0.00265165,0.00249477,0,0,0.0140509,0,1,1,5,0,0,0,1,0,0,295,81995,208
1,bookshelf_tall,84,qpPlain,1,1,0.00234149,295,5,4.14502,296,296,0,0.00265165,0.00249477,0,0,0.0140509,0,1,1,5,0,0,0,1,0,0,295,101185,295
1,bookshelf_tall,84,qpAdaptive,1,1,0.00145171,175,5,4.14475,270,270,0,0.00265152,0.00249477,0,0,0.0236843,0.354286,1,1,5,0,0,0,0.645714,0.337143,0.0171429,175,51836,153
1,bookshelf_tall,84,qpFreeGate,1,1,0.00490592,802,15,6.63689,519,519,0,0.00303427,0.00249477,0,0,0.0108117,0,4,3,3.75,0,0,0,1,0,0,0,0,0
1,bookshelf_tall,84,qpEnvelope,1,1,0.000739869,71,5,4.15198,242,242,0,0.00265066,0.00249477,0,0,0.0584786,0.690141,1,1,5,0,0,0,0.295775,0.661972,0.0422535,71,21328,66
1,bookshelf_tall,91,isSafe,1,1,0.0625545,27323,138,13.737,8,688,0,0.0023527,0.00249477,0,0,0,0,1312,135,0.105183,0,0,0,0,0,0,0,0,0
1,bookshelf_tall,91,qpFixed,1,1,0.00477773,641,7,9.01161,642,642,0,0.0031938,0.00249477,0,0,0.0140587,0,1,1,7,0,0,0,1,0,0,641,182231,302
1,bookshelf_tall,91,qpPlain,1,1,0.00515971,641,7,9.01161,642,642,0,0.0031938,0.00249477,0,0,0.0140587,0,1,1,7,0,0,0,1,0,0,641,219863,641
1,bookshelf_tall,91,qpAdaptive,1,1,0.00296179,347,7,9.01173,581,581,0,0.0031938,0.00249477,0,0,0.0259704,0.138329,1,1,7,0,0,0,0.861671,0.129683,0.00864553,347,105926,299
1,bookshelf_tall,91,qpFreeGate,1,1,0.19895,35047,73,17.731,1916,1916,0,0.00186593,0.00249477,0,0,0.00344304,0,278,67,0.26259,0,0,0,1,0,0,0,0,0
1,bookshelf_tall,91,qpEnvelope,1,1,0.0022517,241,7,9.02895,541,541,0,0.00302027,0.00249477,0,0,0.0374645,0.182573,1,1,7,0,0,0,0.817427,0.170124,0.0124481,241,73770,219
1,bookshelf_tall,100,isSafe,1,0,10.0063,2,1,0,0,0,0,inf,inf,0,0,0,0,0,0,0,0,0,0,0,0,0,0,0,0
1,bookshelf_tall,100,qpFixed,1,0,10,1198532,5131,0,0,0,0,inf,inf,0,0,0.00757406,0,19573,5129,0.262147,0,0,0,1,0,0,1198532,358124700,1056860
1,bookshelf_tall,100,qpPlain,1,0,10.0009,1178693,5063,0,0,0,0,inf,inf,0,0,0.00759374,0,19245,5061,0.263081,0,0,0,1,0,0,1178693,404291699,1178693
1,bookshelf_tall,100,qpAdaptive,1,0,10.0001,1086453,5696,0,0,0,0,inf,inf,0,0,0.00926297,0.112376,22059,5694,0.258217,0,0,0,0.885013,0.111773,0.00321391,1086453,326988411,1054453
1,bookshelf_tall,100,qpFreeGate,1,0,10.0007,1636243,5092,0,0,0,0,inf,inf,0,0,0.00355064,0,34519,5090,0.147513,0,0,0,1,0,0,0,0,0
1,bookshelf_tall,100,qpEnvelope,1,0,10.0001,1074274,6283,0,0,0,0,inf,inf,0,0,0.0103423,0.0306104,24593,6281,0.255479,0,0,0,0.968575,0.0274521,0.00397275,1074274,322995293,1062694
1,bookshelf_thin,7,isSafe,1,0,10.0094,2,1,0,0,0,0,inf,inf,0,0,0,0,0,0,0,0,0,0,0,0,0,0,0,0
1,bookshelf_thin,7,qpFixed,1,1,0.00356007,443,6,6.36583,444,444,0,0.00376359,0.00249477,0,0,0.0143698,0,1,1,6,0,0,0,1,0,0,443,124016,135
1,bookshelf_thin,7,qpPlain,1,1,0.00366048,443,6,6.36583,444,444,0,0.00376359,0.00249477,0,0,0.0143698,0,1,1,6,0,0,0,1,0,0,443,151949,443
1,bookshelf_thin,7,qpAdaptive,1,1,0.00151037,171,6,6.36583,386,386,0,0.00376359,0.00249477,0,0,0.037227,0.175439,1,1,6,0,0,0,0.818713,0.157895,0.0233918,171,52568,135
1,bookshelf_thin,7,qpFreeGate,1,0,10.0002,1658564,5279,0,0,0,0,inf,inf,0,0,0.00371901,0,34711,5277,0.152084,0,0,0,1,0,0,0,0,0
1,bookshelf_thin,7,qpEnvelope,1,1,0.00142814,148,6,6.36542,380,380,0,0.00376359,0.00249477,0,0,0.0430096,0.155405,1,1,6,0,0,0,0.837838,0.135135,0.027027,148,45564,130
1,bookshelf_thin,14,isSafe,1,1,0.00961473,4154,22,7.89891,5,396,0,0.00292829,0.00249477,0,0,0,0,74,19,0.297297,0,0,0,0,0,0,0,0,0
1,bookshelf_thin,14,qpFixed,1,1,0.00270671,386,9,5.77514,387,387,0,0.00254006,0.00249477,0,0,0.0149615,0,1,1,9,0,0,0,1,0,0,386,102216,190
1,bookshelf_thin,14,qpPlain,1,1,0.00280859,386,9,5.77514,387,387,0,0.00254006,0.00249477,0,0,0.0149615,0,1,1,9,0,0,0,1,0,0,386,132398,386
1,bookshelf_thin,14,qpAdaptive,1,1,0.00127856,186,10,5.7944,340,340,0,0.00257079,0.00249477,0,0,0.0311527,0.215054,1,1,10,0,0,0,0.763441,0.198925,0.0376344,186,46653,131
1,bookshelf_thin,14,qpFreeGate,1,1,0.102918,18249,47,11.2457,932,932,0,0.00406442,0.00249477,0,0,0.00430676,0,135,41,0.348148,0,0,0,1,0,0,0,0,0
1,bookshelf_thin,14,qpEnvelope,1,1,0.00105867,131,9,5.81568,327,327,0,0.00258427,0.00249477,0,0,0.0443945,0.152672,1,1,9,0,0,0,0.824427,0.122137,0.0534351,131,32039,105
1,bookshelf_thin,21,isSafe,1,1,0.0154397,6515,34,18.438,11,923,0,0.00183362,0.00249477,0,0,0,0,150,30,0.226667,0,0,0,0,0,0,0,0,0
1,bookshelf_thin,21,qpFixed,1,1,0.00974226,1251,14,6.84761,548,548,0,0.00398234,0.00249477,0,0,0.0131499,0,3,3,4.66667,0,0,0,1,0,0,1251,325913,667
1,bookshelf_thin,21,qpPlain,1,1,0.0103497,1251,14,6.84761,548,548,0,0.00398234,0.00249477,0,0,0.0131499,0,3,3,4.66667,0,0,0,1,0,0,1251,429093,1251
1,bookshelf_thin,21,qpAdaptive,1,1,0.00386501,457,15,6.87128,470,470,0,0.00399251,0.00249477,0,0,0.0360711,0.463895,3,3,5,0,0,0,0.527352,0.444201,0.0284464,457,123078,380
1,bookshelf_thin,21,qpFreeGate,1,1,0.0562604,9459,32,17.6023,1643,1643,0,0.00443336,0.00249477,0,0,0.00574808,0,81,26,0.395062,0,0,0,1,0,0,0,0,0
1,bookshelf_thin,21,qpEnvelope,1,1,0.00248788,255,17,6.9355,403,403,0,0.00335573,0.00249477,0,0,0.0651247,0.419608,3,3,5.66667,0,0,0,0.568627,0.364706,0.0666667,255,69574,221
1,bookshelf_thin,28,isSafe,1,1,0.00260195,1110,8,8.70274,6,437,0,0.00108564,0.00249477,0,0,0,0,10,4,0.8,0,0,0,0,0,0,0,0,0
1,bookshelf_thin,28,qpFixed,1,1,0.0149539,1909,17,14.284,1230,1230,63,-4.28598e-05,0.00249477,0,0,0.010679,0,5,5,3.4,0,0,0,1,0,0,1909,543902,1215
1,bookshelf_thin,28,qpPlain,1,1,0.0160065,1909,17,14.284,1230,1230,63,-4.28598e-05,0.00249477,0,0,0.010679,0,5,5,3.4,0,0,0,1,0,0,1909,654787,1909
1,bookshelf_thin,28,qpAdaptive,1,1,0.00808823,886,17,14.285,1002,1002,62,-4.28598e-05,0.00249477,0,0,0.0230554,0.290068,5,5,3.4,0,0,0,0.706546,0.278781,0.0146727,886,253953,829
1,bookshelf_thin,28,qpFreeGate,1,1,0.0102163,1690,15,10.0036,959,959,0,0.00121181,0.00249477,0,0,0.0072084,0,10,6,1.5,0,0,0,1,0,0,0,0,0
1,bookshelf_thin,28,qpEnvelope,1,1,0.00564607,569,16,14.2859,961,961,61,-4.24833e-05,0.00249477,0,0,0.0361517,0.14587,5,5,3.2,0,0,0,0.85413,0.121265,0.0246046,569,158423,548
1,bookshelf_thin,35,isSafe,1,0,10.008,2,1,0,0,0,0,inf,inf,0,0,0,0,0,0,0,0,0,0,0,0,0,0,0,0
1,bookshelf_thin,35,qpFixed,1,0,10.0003,1197511,5127,0,0,0,0,inf,inf,0,0,0.00773141,0,19319,5125,0.265386,0,0,0,1,0,0,1197511,355994109,1032983
1,bookshelf_thin,35,qpPlain,1,0,10.0005,1205364,5159,0,0,0,0,inf,inf,0,0,0.00772451,0,19455,5157,0.265176,0,0,0,1,0,0,1205364,413439852,1205364
1,bookshelf_thin,35,qpAdaptive,1,0,10.0013,1127886,5996,0,0,0,0,inf,inf,0,0,0.00955387,0.110229,23109,5994,0.259466,0,0,0,0.887254,0.109437,0.00330891,1127886,337486504,1092669
1,bookshelf_thin,35,qpFreeGate,1,0,10.0005,1660808,5472,0,0,0,0,inf,inf,0,0,0.00382039,0,35153,5470,0.155662,0,0,0,1,0,0,0,0,0
1,bookshelf_thin,35,qpEnvelope,1,0,10.0003,1112156,6502,0,0,0,0,inf,inf,0,0,0.0105141,0.0188445,25319,6500,0.256803,0,0,0,0.980667,0.015474,0.00385912,1112156,332286269,1100412
1,bookshelf_thin,42,isSafe,1,0,10.0054,2,1,0,0,0,0,inf,inf,0,0,0,0,0,0,0,0,0,0,0,0,0,0,0,0
1,bookshelf_thin,42,qpFixed,1,0,10.0002,1218199,5199,0,0,0,0,inf,inf,0,0,0.00776842,0,19659,5197,0.264459,0,0,0,1,0,0,1218199,361340565,1047614
1,bookshelf_thin,42,qpPlain,1,0,10.0008,1152268,4930,0,0,0,0,inf,inf,0,0,0.00781333,0,18537,4928,0.265955,0,0,0,1,0,0,1152268,395227924,1152268
1,bookshelf_thin,42,qpAdaptive,1,0,10.0004,1117428,6027,0,0,0,0,inf,inf,0,0,0.00969709,0.109722,22973,6025,0.262351,0,0,0,0.887729,0.108842,0.00342846,1117428,333674780,1080349
1,bookshelf_thin,42,qpFreeGate,1,0,10.0001,1655617,5497,0,0,0,0,inf,inf,0,0,0.00382589,0,34965,5495,0.157214,0,0,0,1,0,0,0,0,0
1,bookshelf_thin,42,qpEnvelope,1,0,10.0015,1092411,6447,0,0,0,0,inf,inf,0,0,0.0106182,0.0192757,24781,6445,0.260159,0,0,0,0.980252,0.0158387,0.00390938,1092411,325897829,1080079
1,bookshelf_thin,49,isSafe,1,0,10.0039,2,1,0,0,0,0,inf,inf,0,0,0,0,0,0,0,0,0,0,0,0,0,0,0,0
1,bookshelf_thin,49,qpFixed,1,0,10.001,1226001,5339,0,0,0,0,inf,inf,0,0,0.00775996,0,19991,5337,0.26707,0,0,0,1,0,0,1226001,364896714,1057032
1,bookshelf_thin,49,qpPlain,1,0,10.0005,1171553,5088,0,0,0,0,inf,inf,0,0,0.00778918,0,19027,5086,0.267409,0,0,0,1,0,0,1171553,401842679,1171553
1,bookshelf_thin,49,qpAdaptive,1,0,10.0008,1119381,6131,0,0,0,0,inf,inf,0,0,0.00965152,0.107298,23207,6129,0.264188,0,0,0,0.890177,0.106369,0.00345392,1119381,335995081,1083960
1,bookshelf_thin,49,qpFreeGate,1,0,10.0002,1656930,5601,0,0,0,0,inf,inf,0,0,0.0038448,0,35465,5599,0.15793,0,0,0,1,0,0,0,0,0
1,bookshelf_thin,49,qpEnvelope,1,0,10.0012,1109650,6644,0,0,0,0,inf,inf,0,0,0.0105528,0.0173496,25495,6642,0.2606,0,0,0,0.982187,0.01386,0.00395319,1109650,332498991,1097765
1,bookshelf_thin,56,isSafe,1,1,0.0112955,4644,24,15.3858,9,771,0,0.00905226,0.00249477,0,0,0,0,90,20,0.266667,0,0,0,0,0,0,0,0,0
1,bookshelf_thin,56,qpFixed,1,1,0.003898,502,6,7.03814,571,571,0,0.0045605,0.00249477,0,0,0.0140202,0,1,1,6,0,0,0,1,0,0,502,137941,257
1,bookshelf_thin,56,qpPlain,1,1,0.00422325,502,6,7.03814,571,571,0,0.0045605,0.00249477,0,0,0.0140202,0,1,1,6,0,0,0,1,0,0,502,172186,502
1,bookshelf_thin,56,qpAdaptive,1,1,0.00230076,266,6,7.05817,476,476,0,0.00454459,0.00249477,0,0,0.0265345,0.161654,1,1,6,0,0,0,0.838346,0.150376,0.0112782,266,76149,224
1,bookshelf_thin,56,qpFreeGate,1,1,0.0689209,11970,33,17.1528,1323,1323,0,0.00903796,0.00249477,0,0,0.00462236,0,90,29,0.366667,0,0,0,1,0,0,0,0,0
1,bookshelf_thin,56,qpEnvelope,1,1,0.0017375,183,6,7.07837,444,444,0,0.00449539,0.00249477,0,0,0.0386796,0.322404,1,1,6,0,0,0,0.672131,0.306011,0.0218579,183,52429,160
1,bookshelf_thin,63,isSafe,1,1,0.00775818,3412,19,13.082,8,656,0,0.00220829,0.00249477,0,0,0,0,53,15,0.358491,0,0,0,0,0,0,0,0,0
1,bookshelf_thin,63,qpFixed,1,1,0.0142839,1977,16,14.4692,1187,1187,0,0.000965518,0.00249477,0,0,0.0117866,0,5,5,3.2,0,0,0,1,0,0,1977,503315,1134
1,bookshelf_thin,63,qpPlain,1,1,0.0163896,1977,16,14.4692,1187,1187,0,0.000965518,0.00249477,0,0,0.0117866,0,5,5,3.2,0,0,0,1,0,0,1977,678111,1977
1,bookshelf_thin,63,qpAdaptive,1,1,0.00755399,932,16,14.4777,978,978,0,0.00087888,0.00249477,0,0,0.0250424,0.408798,5,5,3.2,0,0,0,0.590129,0.398069,0.0118026,932,236683,794
1,bookshelf_thin,63,qpFreeGate,1,1,0.0951027,16726,45,11.6595,1252,1252,0,0.00241794,0.00249477,0,0,0.00425131,0,126,36,0.357143,0,0,0,1,0,0,0,0,0
1,bookshelf_thin,63,qpEnvelope,1,1,0.00467174,501,15,14.4718,883,883,0,0.000905404,0.00249477,0,0,0.0465615,0.263473,5,5,3,0,0,0,0.734531,0.239521,0.0259481,501,124733,472
1,bookshelf_thin,70,isSafe,1,1,0.0226513,9637,50,16.2275,10,813,0,0.00261695,0.00249477,0,0,0,0,262,46,0.19084,0,0,0,0,0,0,0,0,0
1,bookshelf_thin,70,qpFixed,1,1,0.0283304,3579,31,14.7817,1276,1276,0,0.000271755,0.00249477,0,0,0.00923078,0,11,9,2.81818,0,0,0,1,0,0,3579,906259,2910
1,bookshelf_thin,70,qpPlain,1,1,0.0315996,3579,31,14.7817,1276,1276,0,0.000271755,0.00249477,0,0,0.00923078,0,11,9,2.81818,0,0,0,1,0,0,3579,1227597,3579
1,bookshelf_thin,70,qpAdaptive,1,1,0.0208402,2344,31,14.7998,1044,1044,0,0.000295493,0.00249477,0,0,0.0141461,0.196246,11,9,2.81818,0,0,0,0.801195,0.1907,0.0081058,2344,613801,2292
1,bookshelf_thin,70,qpFreeGate,1,1,0.0953373,16289,42,14.3805,1299,1299,0,0.00261669,0.00249477,0,0,0.0043944,0,119,35,0.352941,0,0,0,1,0,0,0,0,0
1,bookshelf_thin,70,qpEnvelope,1,1,0.0142035,1538,17,13.5432,1105,1105,0,3.23647e-05,0.00249477,0,0,0.0160921,0.0942783,7,5,2.42857,0,0,0,0.904421,0.0890767,0.00650195,1538,417938,1509
1,bookshelf_thin,78,isSafe,1,0,10.0052,2,1,0,0,0,0,inf,inf,0,0,0,0,0,0,0,0,0,0,0,0,0,0,0,0
1,bookshelf_thin,78,qpFixed,1,0,10.0007,1218924,5269,0,0,0,0,inf,inf,0,0,0.00775669,0,19849,5267,0.265454,0,0,0,1,0,0,1218924,362703164,1046748
1,bookshelf_thin,78,qpPlain,1,0,10.0009,1193614,5185,0,0,0,0,inf,inf,0,0,0.00778457,0,19439,5183,0.266732,0,0,0,1,0,0,1193614,409409602,1193614
1,bookshelf_thin,78,qpAdaptive,1,0,10.0009,1115030,5966,0,0,0,0,inf,inf,0,0,0.00957705,0.0997399,22819,5964,0.261449,0,0,0,0.8979,0.0987977,0.00330252,1115030,334173194,1078718
1,bookshelf_thin,78,qpFreeGate,1,0,10.0001,1642326,5583,0,0,0,0,inf,inf,0,0,0.00391049,0,34979,5581,0.15961,0,0,0,1,0,0,0,0,0
1,bookshelf_thin,78,qpEnvelope,1,0,10,1104668,6453,0,0,0,0,inf,inf,0,0,0.0104557,0.017178,24979,6451,0.258337,0,0,0,0.982371,0.0138111,0.00381775,1104668,330431638,1092687
1,bookshelf_thin,85,isSafe,1,1,0.00420691,1895,12,12.344,8,619,0,0.00165744,0.00249477,0,0,0,0,24,7,0.5,0,0,0,0,0,0,0,0,0
1,bookshelf_thin,85,qpFixed,1,1,0.00716056,860,9,9.98485,862,862,0,0.000120288,0.00249477,0,0,0.0116103,0,1,1,9,0,0,0,1,0,0,860,245340,603
1,bookshelf_thin,85,qpPlain,1,1,0.00741786,860,9,9.98485,862,862,0,0.000120288,0.00249477,0,0,0.0116103,0,1,1,9,0,0,0,1,0,0,860,294980,860
1,bookshelf_thin,85,qpAdaptive,1,1,0.00579317,625,9,9.9851,811,811,0,0.000120288,0.00249477,0,0,0.0159762,0.0656,1,1,9,0,0,0,0.9344,0.0608,0.0048,625,185547,595
1,bookshelf_thin,85,qpFreeGate,1,1,0.218045,38519,87,14.1716,1471,1471,0,0.00158714,0.00249477,0,0,0.00380116,0,271,78,0.321033,0,0,0,1,0,0,0,0,0
1,bookshelf_thin,85,qpEnvelope,1,1,0.0050062,525,9,9.98761,762,762,0,0.000114283,0.00249477,0,0,0.019024,0.0914286,1,1,9,0,0,0,0.906667,0.0857143,0.00761905,525,155634,512
1,bookshelf_thin,92,isSafe,1,1,0.00688052,2844,16,15.8252,9,793,0,0.00270161,0.00249477,0,0,0,0,35,11,0.457143,0,0,0,0,0,0,0,0,0
1,bookshelf_thin,92,qpFixed,1,1,0.0124141,1515,22,15.1291,1381,1381,40,-9.35007e-06,0.00249477,0,0,0.0106408,0,3,3,7.33333,0,0,0,1,0,0,1515,390814,1325
1,bookshelf_thin,92,qpPlain,1,1,0.0137617,1515,22,15.1291,1381,1381,40,-9.35007e-06,0.00249477,0,0,0.0106408,0,3,3,7.33333,0,0,0,1,0,0,1515,519645,1515
1,bookshelf_thin,92,qpAdaptive,1,1,0.0103156,1180,22,15.1341,1260,1260,41,-9.97532e-06,0.00249477,0,0,0.0136681,0.132203,3,3,7.33333,0,0,0,0.864407,0.126271,0.00932203,1180,308032,1165
1,bookshelf_thin,92,qpFreeGate,1,1,0.0303441,5012,23,13.7425,1041,1041,0,0.00707539,0.00249477,0,0,0.00619294,0,33,12,0.69697,0,0,0,1,0,0,0,0,0
1,bookshelf_thin,92,qpEnvelope,1,1,0.00866527,956,21,15.1506,1166,1166,52,-1.11076e-05,0.00249477,0,0,0.0168887,0.0805439,3,3,7,0,0,0,0.917364,0.0690377,0.0135983,956,246968,950
1,bookshelf_thin,99,isSafe,1,0,10,2908352,32366,0,0,0,0,inf,inf,0,0,0,0,265861,32364,0.12174,0,0,0,0,0,0,0,0,0
1,bookshelf_thin,99,qpFixed,1,0,10.0001,1221970,2394,0,0,0,0,inf,inf,0,0,0.00563382,0,5574,2272,0.429494,0,0,0,1,0,0,1221970,367485604,1154643
1,bookshelf_thin,99,qpPlain,1,0,10.0016,1208720,2371,0,0,0,0,inf,inf,0,0,0.00563526,0,5509,2249,0.430387,0,0,0,1,0,0,1208720,414590960,1208720
1,bookshelf_thin,99,qpAdaptive,1,0,10.0007,1138946,2449,0,0,0,0,inf,inf,0,0,0.00619004,0.0509146,5750,2326,0.425913,0,0,0,0.948812,0.0501938,0.000993902,1138946,343425585,1124990
1,bookshelf_thin,99,qpFreeGate,1,0,10.0001,1739851,3082,0,0,0,0,inf,inf,0,0,0.00254705,0,16215,3075,0.190071,0,0,0,1,0,0,0,0,0
1,bookshelf_thin,99,qpEnvelope,1,0,10.0013,1055243,2393,0,0,0,0,inf,inf,0,0,0.00650823,0.00626206,5563,2269,0.430164,0,0,0,0.993703,0.0052424,0.00105473,1055243,318137929,1051331
1,table_under_pick,6,isSafe,1,0,2.4853e-05,1,0,0,0,0,0,inf,inf,0,0,0,0,0,0,0,0,0,0,0,0,0,0,0,0
1,table_under_pick,6,qpFixed,1,0,10.0008,1210718,5335,0,0,0,0,inf,inf,0,0,0.00783433,0,19804,5333,0.26939,0,0,0,1,0,0,1210718,360304757,1041352
1,table_under_pick,6,qpPlain,1,0,10.0007,1177487,5217,0,0,0,0,inf,inf,0,0,0.0078711,0,19272,5215,0.270704,0,0,0,1,0,0,1177487,403878041,1177487
1,table_under_pick,6,qpAdaptive,1,0,10.0001,1105416,6084,0,0,0,0,inf,inf,0,0,0.00970001,0.103364,22872,6082,0.266002,0,0,0,0.894191,0.102415,0.0033937,1105416,332024698,1067341
1,table_under_pick,6,qpFreeGate,1,0,10,1653448,5537,0,0,0,0,inf,inf,0,0,0.00382008,0,35432,5535,0.156271,0,0,0,1,0,0,0,0,0
1,table_under_pick,6,qpEnvelope,1,0,10.0003,1079160,6439,0,0,0,0,inf,inf,0,0,0.0105619,0.0178454,24462,6437,0.263225,0,0,0,0.9817,0.0144414,0.00385859,1079160,323836361,1065042
1,table_under_pick,13,isSafe,1,1,0.00555338,2431,14,14.9686,9,750,0,0.00766899,0.00249477,0,0,0,0,65,10,0.215385,0,0,0,0,0,0,0,0,0
1,table_under_pick,13,qpFixed,1,1,0.0306073,3774,24,13.367,1156,1156,0,0.00013703,0.00249477,0,0,0.00982739,0,10,9,2.4,0,0,0,1,0,0,3774,1088813,3433
1,table_under_pick,13,qpPlain,1,1,0.0315871,3774,24,13.367,1156,1156,0,0.00013703,0.00249477,0,0,0.00982739,0,10,9,2.4,0,0,0,1,0,0,3774,1294482,3774
1,table_under_pick,13,qpAdaptive,1,1,0.0257936,2998,24,13.3661,1055,1055,0,0.000137448,0.00249477,0,0,0.0123688,0.234156,10,9,2.4,0,0,0,0.76451,0.231154,0.00433622,2998,860622,2904
1,table_under_pick,13,qpFreeGate,1,1,0.0455427,7929,23,14.1141,1247,1247,0,0.00764269,0.00249477,0,0,0.00418332,0,58,18,0.396552,0,0,0,1,0,0,0,0,0
1,table_under_pick,13,qpEnvelope,1,1,0.0192076,2112,24,13.3458,947,947,0,0.000125752,0.00249477,0,0,0.0174026,0.217803,10,9,2.4,0,0,0,0.781723,0.211174,0.00710227,2112,600370,2065
1,table_under_pick,20,isSafe,1,1,0.00795917,3484,19,18.3484,11,919,0,0.00390373,0.00249477,0,0,0,0,57,14,0.333333,0,0,0,0,0,0,0,0,0
1,table_under_pick,20,qpFixed,1,1,0.0532135,6966,34,18.2959,1580,1580,0,0.000210587,0.00249477,0,0,0.00860856,0,25,17,1.36,0,0,0,1,0,0,6966,1783136,5480
1,table_under_pick,20,qpPlain,1,1,0.0594717,6966,34,18.2959,1580,1580,0,0.000210587,0.00249477,0,0,0.00860856,0,25,17,1.36,0,0,0,1,0,0,6966,2389338,6966
1,table_under_pick,20,qpAdaptive,1,1,0.0408916,5027,34,18.3004,1260,1260,0,0.000212617,0.00249477,0,0,0.0119367,0.130893,25,17,1.36,0,0,0,0.868311,0.127313,0.00437637,5027,1240551,4779
1,table_under_pick,20,qpFreeGate,1,1,0.0577618,9704,37,14.7277,1288,1288,0,0.00217343,0.00249477,0,0,0.00602471,0,73,32,0.506849,0,0,0,1,0,0,0,0,0
1,table_under_pick,20,qpEnvelope,1,1,0.0353427,4229,34,18.3589,1103,1103,0,0.00020731,0.00249477,0,0,0.0144275,0.0813431,25,17,1.36,0,0,0,0.918184,0.0761409,0.0056751,4229,1036798,4126
1,table_under_pick,27,isSafe,1,0,10.0002,2844845,31328,0,0,0,0,inf,inf,0,0,0,0,272387,31326,0.115013,0,0,0,0,0,0,0,0,0
1,table_under_pick,27,qpFixed,1,0,10.0001,1203118,2363,0,0,0,0,inf,inf,0,0,0.00563023,0,5451,2242,0.433498,0,0,0,1,0,0,1203118,364636157,1148550
1,table_under_pick,27,qpPlain,1,0,10.0009,1198408,2358,0,0,0,0,inf,inf,0,0,0.00563258,0,5426,2237,0.434574,0,0,0,1,0,0,1198408,411053944,1198408
1,table_under_pick,27,qpAdaptive,1,0,10.0007,1127124,2449,0,0,0,0,inf,inf,0,0,0.00625255,0.066085,5717,2329,0.428372,0,0,0,0.933634,0.0653629,0.00100344,1127124,342599811,1114325
1,table_under_pick,27,qpFreeGate,1,0,10.0005,1737970,2864,0,0,0,0,inf,inf,0,0,0.00242995,0,15851,2856,0.180683,0,0,0,1,0,0,0,0,0
1,table_under_pick,27,qpEnvelope,1,0,10.0009,1120144,2529,0,0,0,0,inf,inf,0,0,0.0065756,0.00979071,6045,2413,0.418362,0,0,0,0.990145,0.0087739,0.00108111,1120144,340409993,1115917
1,table_under_pick,34,isSafe,1,1,0.00459621,2065,12,15.1598,9,759,0,0.000275349,0.00249477,0,0,0,0,56,8,0.214286,0,0,0,0,0,0,0,0,0
1,table_under_pick,34,qpFixed,1,1,0.0287214,3548,25,12.6318,1054,1054,0,0.000425544,0.00249477,0,0,0.0101326,0,12,11,2.08333,0,0,0,1,0,0,3548,972033,3146
1,table_under_pick,34,qpPlain,1,1,0.0302165,3548,25,12.6318,1054,1054,0,0.000425544,0.00249477,0,0,0.0101326,0,12,11,2.08333,0,0,0,1,0,0,3548,1216964,3548
1,table_under_pick,34,qpAdaptive,1,1,0.0217965,2561,25,12.6313,966,966,0,0.000448834,0.00249477,0,0,0.0140378,0.320187,12,11,2.08333,0,0,0,0.677079,0.317845,0.00507614,2561,692852,2399
1,table_under_pick,34,qpFreeGate,1,1,0.0625755,10703,31,11.8104,1267,1267,0,0.00366892,0.00249477,0,0,0.00435387,0,74,26,0.418919,0,0,0,1,0,0,0,0,0
1,table_under_pick,34,qpEnvelope,1,1,0.0157476,1694,25,12.677,837,837,0,0.000747826,0.00249477,0,0,0.0213048,0.293388,12,11,2.08333,0,0,0,0.70366,0.283943,0.0123967,1694,462157,1629
1,table_under_pick,41,isSafe,1,0,2.6151e-05,1,0,0,0,0,0,inf,inf,0,0,0,0,0,0,0,0,0,0,0,0,0,0,0,0
1,table_under_pick,41,qpFixed,1,0,10.0006,1196548,1277,0,0,0,0,inf,inf,0,0,0.00424459,0,15248,1275,0.0837487,0,0,0,1,0,0,1196548,363295662,1184730
1,table_under_pick,41,qpPlain,1,0,10.0003,1196724,1277,0,0,0,0,inf,inf,0,0,0.00424423,0,15250,1275,0.0837377,0,0,0,1,0,0,1196724,410476332,1196724
1,table_under_pick,41,qpAdaptive,1,0,10.0012,1131775,1286,0,0,0,0,inf,inf,0,0,0.00452199,0.0590709,15380,1284,0.0836151,0,0,0,0.94029,0.0592928,0.000416815,1131775,343726944,1126985
1,table_under_pick,41,qpFreeGate,1,0,10.0005,1800366,865,0,0,0,0,inf,inf,0,0,0.00108507,0,39994,863,0.0216282,0,0,0,1,0,0,0,0,0
1,table_under_pick,41,qpEnvelope,1,0,10.0003,1130382,1334,0,0,0,0,inf,inf,0,0,0.00470307,0.00477626,16048,1332,0.0831256,0,0,0,0.995166,0.00437725,0.000456725,1130382,342728896,1128651
1,table_under_pick,48,isSafe,1,1,0.00667951,2648,15,21.2035,12,1062,0,0.00180239,0.00249477,0,0,0,0,51,10,0.294118,0,0,0,0,0,0,0,0,0
1,table_under_pick,48,qpFixed,1,1,0.0131145,1699,13,12.5192,1214,1214,0,0.000437423,0.00249477,0,0,0.00973347,0,4,4,3.25,0,0,0,1,0,0,1699,400503,1202
1,table_under_pick,48,qpPlain,1,1,0.0148558,1699,13,12.5192,1214,1214,0,0.000437423,0.00249477,0,0,0.00973347,0,4,4,3.25,0,0,0,1,0,0,1699,582757,1699
1,table_under_pick,48,qpAdaptive,1,1,0.00758423,928,13,12.5279,971,971,0,0.000394796,0.00249477,0,0,0.0178351,0.242457,4,4,3.25,0,0,0,0.756466,0.235991,0.0075431,928,212772,856
1,table_under_pick,48,qpFreeGate,1,1,0.0309124,5048,15,14.8949,1309,1309,0,0.00793922,0.00249477,0,0,0.00498943,0,28,9,0.535714,0,0,0,1,0,0,0,0,0
1,table_under_pick,48,qpEnvelope,1,1,0.00598303,693,13,12.5556,886,886,0,0.000337544,0.00249477,0,0,0.0239682,0.253968,4,4,3.25,0,0,0,0.746032,0.240981,0.012987,693,156240,649
1,table_under_pick,55,isSafe,1,1,0.00570613,2440,14,15.6395,9,783,0,0.00789116,0.00249477,0,0,0,0,38,10,0.368421,0,0,0,0,0,0,0,0,0
1,table_under_pick,55,qpFixed,1,1,0.00570726,710,8,8.90858,694,694,0,0.00179146,0.00249477,0,0,0.012584,0,2,2,4,0,0,0,1,0,0,710,200283,497
1,table_under_pick,55,qpPlain,1,1,0.00586659,710,8,8.90858,694,694,0,0.00179146,0.00249477,0,0,0.012584,0,2,2,4,0,0,0,1,0,0,710,243530,710
1,table_under_pick,55,qpAdaptive,1,1,0.00372185,441,8,8.9106,604,604,0,0.00167311,0.00249477,0,0,0.0202647,0.267574,2,2,4,0,0,0,0.730159,0.263039,0.00680272,441,125539,404
1,table_under_pick,55,qpFreeGate,1,1,0.0195673,3355,12,8.59719,800,800,0,0.00789116,0.00249477,0,0,0.00479103,0,26,8,0.461538,0,0,0,1,0,0,0,0,0
1,table_under_pick,55,qpEnvelope,1,1,0.00275186,302,8,8.92123,570,570,0,0.00141856,0.00249477,0,0,0.0296309,0.344371,2,2,4,0,0,0,0.655629,0.334437,0.00993377,302,87174,284
1,table_under_pick,63,isSafe,1,1,0.00387825,1594,10,13.4118,8,672,0,0.00188794,0.00249477,0,0,0,0,27,6,0.37037,0,0,0,0,0,0,0,0,0
1,table_under_pick,63,qpFixed,1,1,0.0314859,3815,35,27.6495,2218,2218,0,0.000278281,0.00249477,0,0,0.010587,0,13,13,2.69231,0,0,0,1,0,0,3815,1066798,3383
1,table_under_pick,63,qpPlain,1,1,0.0327194,3815,35,27.6495,2218,2218,0,0.000278281,0.00249477,0,0,0.010587,0,13,13,2.69231,0,0,0,1,0,0,3815,1308545,3815
1,table_under_pick,63,qpAdaptive,1,1,0.026713,3054,36,27.6772,2057,2057,0,0.000274933,0.00249477,0,0,0.0132466,0.210216,13,13,2.76923,0,0,0,0.788147,0.205632,0.00622135,3054,855402,2842
1,table_under_pick,63,qpFreeGate,1,1,0.0146257,2438,11,10.6942,1072,1072,0,0.0047076,0.00249477,0,0,0.00571093,0,13,6,0.846154,0,0,0,1,0,0,0,0,0
1,table_under_pick,63,qpEnvelope,1,1,0.0200105,2194,32,27.7031,1828,1828,0,0.000327963,0.00249477,0,0,0.0184684,0.117138,13,13,2.46154,0,0,0,0.881039,0.109845,0.00911577,2194,604438,2121
1,table_under_pick,70,isSafe,1,1,0.0066011,2836,16,15.4368,9,773,0,0.00233964,0.00249477,0,0,0,0,49,11,0.326531,0,0,0,0,0,0,0,0,0
1,table_under_pick,70,qpFixed,1,1,0.0556604,7190,47,15.9749,1621,1621,0,0.00010758,0.00249477,0,0,0.0093475,0,22,20,2.13636,0,0,0,1,0,0,7190,1768073,6606
1,table_under_pick,70,qpPlain,1,1,0.0630022,7190,47,15.9749,1621,1621,0,0.00010758,0.00249477,0,0,0.0093475,0,22,20,2.13636,0,0,0,1,0,0,7190,2466170,7190
1,table_under_pick,70,qpAdaptive,1,1,0.0478344,5771,48,16.0202,1456,1456,0,0.000104929,0.00249477,0,0,0.0116572,0.241899,22,20,2.18182,0,0,0,0.755417,0.240423,0.00416017,5771,1407338,5531
1,table_under_pick,70,qpFreeGate,1,1,0.0783803,13819,40,20.0846,1925,1925,0,0.00243331,0.00249477,0,0,0.00423567,0,99,33,0.40404,0,0,0,1,0,0,0,0,0
1,table_under_pick,70,qpEnvelope,1,1,0.0413636,4483,49,16.5745,1185,1185,0,8.62044e-05,0.00249477,0,0,0.0157562,0.211019,25,22,1.96,0,0,0,0.787818,0.205042,0.00713967,4483,1126313,4398
1,table_under_pick,77,isSafe,1,1,0.0120341,5080,26,15.6186,9,782,0,0.00242604,0.00249477,0,0,0,0,209,22,0.124402,0,0,0,0,0,0,0,0,0
1,table_under_pick,77,qpFixed,1,1,0.0957209,12173,70,32.236,2743,2743,0,0.00011269,0.00249477,0,0,0.00904599,0,44,35,1.59091,0,0,0,1,0,0,12173,3063522,11439
1,table_under_pick,77,qpPlain,1,1,0.10731,12173,70,32.236,2743,2743,0,0.00011269,0.00249477,0,0,0.00904599,0,44,35,1.59091,0,0,0,1,0,0,12173,4175339,12173
1,table_under_pick,77,qpAdaptive,1,1,0.0849429,10042,70,32.2526,2497,2497,0,0.000109943,0.00249477,0,0,0.0109745,0.191297,44,35,1.59091,0,0,0,0.807309,0.190002,0.00268871,10042,2524776,9640
1,table_under_pick,77,qpFreeGate,1,1,0.0964735,17292,31,22.44,2273,2273,0,0.00245664,0.00249477,0,0,0.00302149,0,134,24,0.231343,0,0,0,1,0,0,0,0,0
1,table_under_pick,77,qpEnvelope,1,1,0.0701792,7753,70,32.2667,2239,2239,0,0.000101918,0.00249477,0,0,0.0142416,0.168709,44,35,1.59091,0,0,0,0.830001,0.164581,0.00541726,7753,1957106,7559
1,table_under_pick,84,isSafe,1,1,0.00353984,1545,9,12.9123,8,647,0,0.00725809,0.00249477,0,0,0,0,26,5,0.346154,0,0,0,0,0,0,0,0,0
1,table_under_pick,84,qpFixed,1,1,0.00998801,1276,11,12.1491,948,948,0,0.00133485,0.00249477,0,0,0.0126649,0,2,2,5.5,0,0,0,1,0,0,1276,331311,576
1,table_under_pick,84,qpPlain,1,1,0.0107914,1276,11,12.1491,948,948,0,0.00133485,0.00249477,0,0,0.0126649,0,2,2,5.5,0,0,0,1,0,0,1276,437668,1276
1,table_under_pick,84,qpAdaptive,1,1,0.00397829,432,11,12.1553,749,749,0,0.00122512,0.00249477,0,0,0.0374256,0.555556,2,2,5.5,0,0,0,0.444444,0.539352,0.0162037,432,124723,368
1,table_under_pick,84,qpFreeGate,1,1,0.0372725,6335,22,16.8209,1597,1597,0,0.00758156,0.00249477,0,0,0.00506284,0,39,12,0.564103,0,0,0,1,0,0,0,0,0
1,table_under_pick,84,qpEnvelope,1,1,0.00279649,270,11,12.1709,714,714,0,0.00111521,0.00249477,0,0,0.0599668,0.537037,2,2,5.5,0,0,0,0.462963,0.507407,0.0296296,270,78515,237
1,table_under_pick,91,isSafe,1,0,2.216e-05,1,0,0,0,0,0,inf,inf,0,0,0,0,0,0,0,0,0,0,0,0,0,0,0,0
1,table_under_pick,91,qpFixed,1,0,10.0001,1215247,5271,0,0,0,0,inf,inf,0,0,0.00776474,0,19788,5269,0.266374,0,0,0,1,0,0,1215247,361925270,1054813
1,table_under_pick,91,qpPlain,1,0,10.001,1191123,5175,0,0,0,0,inf,inf,0,0,0.00777931,0,19376,5173,0.267083,0,0,0,1,0,0,1191123,408555189,1191123
1,table_under_pick,91,qpAdaptive,1,0,10.0002,1116697,5995,0,0,0,0,inf,inf,0,0,0.00950211,0.0971535,22684,5993,0.264283,0,0,0,0.900538,0.0962051,0.00325644,1116697,335412201,1080535
1,table_under_pick,91,qpFreeGate,1,0,10.0001,1640148,5413,0,0,0,0,inf,inf,0,0,0.00378591,0,34730,5411,0.155859,0,0,0,1,0,0,0,0,0
1,table_under_pick,91,qpEnvelope,1,0,10,1096266,6359,0,0,0,0,inf,inf,0,0,0.0103064,0.0175423,24346,6357,0.261193,0,0,0,0.981986,0.0143096,0.00370406,1096266,328788470,1082987
1,table_under_pick,98,isSafe,1,0,1.9642e-05,1,0,0,0,0,0,inf,inf,0,0,0,0,0,0,0,0,0,0,0,0,0,0,0,0
1,table_under_pick,98,qpFixed,1,0,10.0005,1215313,5317,0,0,0,0,inf,inf,0,0,0.00780016,0,19780,5315,0.268807,0,0,0,1,0,0,1215313,360891731,1045278
1,table_under_pick,98,qpPlain,1,0,10.0002,1182135,5180,0,0,0,0,inf,inf,0,0,0.00782482,0,19198,5178,0.26982,0,0,0,1,0,0,1182135,405472305,1182135
1,table_under_pick,98,qpAdaptive,1,0,10.0014,1105907,5993,0,0,0,0,inf,inf,0,0,0.00958534,0.0945134,22578,5991,0.265435,0,0,0,0.903262,0.0934188,0.00331887,1105907,331353999,1067970
1,table_under_pick,98,qpFreeGate,1,0,10,1641414,5456,0,0,0,0,inf,inf,0,0,0.00384726,0,34676,5454,0.157342,0,0,0,1,0,0,0,0,0
1,table_under_pick,98,qpEnvelope,1,0,10.001,1105119,6565,0,0,0,0,inf,inf,0,0,0.0104708,0.0173212,24870,6563,0.263973,0,0,0,0.982241,0.0139174,0.00384119,1105119,330707631,1090083
1,bookshelf_small,5,isSafe,1,1,0.0247026,10803,53,18.1177,11,907,0,0.00281362,0.00249477,0,0,0,0,332,49,0.159639,0,0,0,0,0,0,0,0,0
1,bookshelf_small,5,qpFixed,1,1,0.00652089,893,8,9.16157,894,894,9,-0.00310568,0.00249477,0,0,0.0102593,0,1,1,8,0,0,0,1,0,0,893,214613,754
1,bookshelf_small,5,qpPlain,1,1,0.00737263,893,8,9.16157,894,894,9,-0.00310568,0.00249477,0,0,0.0102593,0,1,1,8,0,0,0,1,0,0,893,306299,893
1,bookshelf_small,5,qpAdaptive,1,1,0.00513309,648,9,9.16707,803,803,11,-0.00276855,0.00249477,0,0,0.0141467,0.333333,1,1,9,0,0,0,0.66358,0.328704,0.00771605,648,159503,589
1,bookshelf_small,5,qpFreeGate,1,1,0.181538,32519,58,15.8479,1669,1669,0,0.000528513,0.00249477,0,0,0.00315849,0,259,49,0.223938,0,0,0,1,0,0,0,0,0
1,bookshelf_small,5,qpEnvelope,1,1,0.0031721,349,11,9.09297,650,650,51,-0.00422785,0.00249477,0,0,0.0260543,0.289398,1,1,11,0,0,0,0.69914,0.280802,0.0200573,349,88542,340
1,bookshelf_small,13,isSafe,1,1,0.412758,176596,1032,8.06084,6,405,0,0.00955819,0.00249477,0,0,0,0,10158,1029,0.101595,0,0,0,0,0,0,0,0,0
1,bookshelf_small,13,qpFixed,1,1,0.0264302,3469,25,16.1198,1444,1444,0,0.000210428,0.00249477,0,0,0.00941971,0,11,9,2.27273,0,0,0,1,0,0,3469,927643,2672
1,bookshelf_small,13,qpPlain,1,1,0.0290592,3469,25,16.1198,1444,1444,0,0.000210428,0.00249477,0,0,0.00941971,0,11,9,2.27273,0,0,0,1,0,0,3469,1189867,3469
1,bookshelf_small,13,qpAdaptive,1,1,0.0197418,2287,24,16.131,1243,1243,0,0.000210335,0.00249477,0,0,0.0143098,0.144294,11,9,2.18182,0,0,0,0.853957,0.139484,0.00655881,2287,625818,2217
1,bookshelf_small,13,qpFreeGate,1,1,0.109022,18881,46,19.6536,1744,1744,0,0.00406278,0.00249477,0,0,0.00436361,0,141,38,0.326241,0,0,0,1,0,0,0,0,0
1,bookshelf_small,13,qpEnvelope,1,1,0.0161898,1797,25,16.2172,1158,1158,0,0.000199369,0.00249477,0,0,0.0182884,0.11241,11,9,2.27273,0,0,0,0.886477,0.103506,0.0100167,1797,486520,1769
1,bookshelf_small,20,isSafe,1,1,0.00298671,1397,9,9.23446,6,463,0,0.00170403,0.00249477,0,0,0,0,22,5,0.409091,0,0,0,0,0,0,0,0,0
1,bookshelf_small,20,qpFixed,1,1,0.00272282,385,5,5.4429,386,386,0,0.00841635,0.00249477,0,0,0.0141374,0,1,1,5,0,0,0,1,0,0,385,103437,127
1,bookshelf_small,20,qpPlain,1,1,0.00292277,385,5,5.4429,386,386,0,0.00841635,0.00249477,0,0,0.0141374,0,1,1,5,0,0,0,1,0,0,385,132055,385
1,bookshelf_small,20,qpAdaptive,1,1,0.00139278,166,5,5.44281,335,335,0,0.00841635,0.00249477,0,0,0.032788,0.590361,1,1,5,0,0,0,0.403614,0.578313,0.0180723,166,49279,116
1,bookshelf_small,20,qpFreeGate,1,1,0.0216125,3832,13,7.53323,685,685,0,0.00220857,0.00249477,0,0,0.00403935,0,22,7,0.590909,0,0,0,1,0,0,0,0,0
1,bookshelf_small,20,qpEnvelope,1,1,0.000697861,61,5,5.44495,300,300,0,0.00841635,0.00249477,0,0,0.0892614,0.688525,1,1,5,0,0,0,0.311475,0.639344,0.0491803,61,18161,45
1,bookshelf_small,28,isSafe,1,1,0.00169415,915,7,9.10139,6,457,0,0.00596396,0.00249477,0,0,0,0,2,2,3.5,0,0,0,0,0,0,0,0,0
1,bookshelf_small,28,qpFixed,1,1,0.00583553,745,7,8.98525,746,746,0,0.000772569,0.00249477,0,0,0.0120607,0,1,1,7,0,0,0,1,0,0,745,225355,427
1,bookshelf_small,28,qpPlain,1,1,0.00582363,745,7,8.98525,746,746,0,0.000772569,0.00249477,0,0,0.0120607,0,1,1,7,0,0,0,1,0,0,745,255535,745
1,bookshelf_small,28,qpAdaptive,1,1,0.00411022,478,7,8.9866,669,669,0,0.000769359,0.00249477,0,0,0.0188004,0.129707,1,1,7,0,0,0,0.868201,0.125523,0.00627615,478,149935,419
1,bookshelf_small,28,qpFreeGate,1,1,0.0500782,8456,26,18.4332,1803,1803,0,0.00596389,0.00249477,0,0,0.0041063,0,47,18,0.553191,0,0,0,1,0,0,0,0,0
1,bookshelf_small,28,qpEnvelope,1,1,0.00336178,367,7,9.00164,617,617,0,0.000637408,0.00249477,0,0,0.0245276,0.100817,1,1,7,0,0,0,0.899183,0.0926431,0.00817439,367,115008,338
1,bookshelf_small,36,isSafe,1,1,0.00431764,2039,12,6.82585,5,343,0,0.01017,0.00249477,0,0,0,0,58,8,0.206897,0,0,0,0,0,0,0,0,0
1,bookshelf_small,36,qpFixed,1,1,0.00251771,375,10,5.7178,376,376,0,0.0101775,0.00249477,0,0,0.0152475,0,1,1,10,0,0,0,1,0,0,375,96540,124
1,bookshelf_small,36,qpPlain,1,1,0.00275757,375,10,5.7178,376,376,0,0.0101775,0.00249477,0,0,0.0152475,0,1,1,10,0,0,0,1,0,0,375,128625,375
1,bookshelf_small,36,qpAdaptive,1,1,0.00150865,212,10,5.71777,370,370,0,0.0101775,0.00249477,0,0,0.0269706,0.646226,1,1,10,0,0,0,0.316038,0.646226,0.0377358,212,58570,110
1,bookshelf_small,36,qpFreeGate,1,1,0.0120163,2116,11,9.9284,943,943,0,0.00343193,0.00249477,0,0,0.00569852,0,10,5,1.1,0,0,0,1,0,0,0,0,0
1,bookshelf_small,36,qpEnvelope,1,1,0.000575816,55,8,5.7185,307,307,0,0.0101775,0.00249477,0,0,0.103973,0.709091,1,1,8,0,0,0,0.236364,0.654545,0.109091,55,16218,26
1,bookshelf_small,43,isSafe,1,0,10,2882492,32024,0,0,0,0,inf,inf,0,0,0,0,267322,32022,0.119796,0,0,0,0,0,0,0,0,0
1,bookshelf_small,43,qpFixed,1,0,10.0005,1222899,2372,0,0,0,0,inf,inf,0,0,0.00560749,0,5582,2250,0.424937,0,0,0,1,0,0,1222899,369273377,1162835
1,bookshelf_small,43,qpPlain,1,0,10.0015,1200774,2335,0,0,0,0,inf,inf,0,0,0.00561792,0,5477,2213,0.426328,0,0,0,1,0,0,1200774,411865482,1200774
1,bookshelf_small,43,qpAdaptive,1,0,10.0002,1136163,2397,0,0,0,0,inf,inf,0,0,0.00612519,0.0451476,5673,2274,0.422528,0,0,0,0.954622,0.044455,0.000923286,1136163,343906688,1122637
1,bookshelf_small,43,qpFreeGate,1,0,10.0007,1741700,3052,0,0,0,0,inf,inf,0,0,0.00248639,0,16436,3046,0.18569,0,0,0,1,0,0,0,0,0
1,bookshelf_small,43,qpEnvelope,1,0,10.0003,1130980,2462,0,0,0,0,inf,inf,0,0,0.00634892,0.00588781,5887,2337,0.41821,0,0,0,0.994071,0.00495414,0.000975266,1130980,342031066,1126512
1,bookshelf_small,50,isSafe,1,1,0.0115201,5007,27,12.1986,8,611,0,0.00318368,0.00249477,0,0,0,0,172,23,0.156977,0,0,0,0,0,0,0,0,0
1,bookshelf_small,50,qpFixed,1,1,0.040955,4756,32,22.2409,1989,1989,0,9.51078e-05,0.00249477,0,0,0.00908471,0,17,13,1.88235,0,0,0,1,0,0,4756,1410449,4279
1,bookshelf_small,50,qpPlain,1,1,0.0414461,4756,32,22.2409,1989,1989,0,9.51078e-05,0.00249477,0,0,0.00908471,0,17,13,1.88235,0,0,0,1,0,0,4756,1631308,4756
1,bookshelf_small,50,qpAdaptive,1,1,0.0352139,3769,32,22.2113,1881,1881,0,9.89634e-05,0.00249477,0,0,0.0114784,0.222075,17,13,1.88235,0,0,0,0.776274,0.218949,0.00477707,3769,1144135,3626
1,bookshelf_small,50,qpFreeGate,1,1,0.193855,33340,67,21.8045,2472,2472,0,0.00303402,0.00249477,0,0,0.00322138,0,218,58,0.307339,0,0,0,1,0,0,0,0,0
1,bookshelf_small,50,qpEnvelope,1,1,0.0317256,3168,43,31.1304,2152,2152,0,9.32768e-05,0.00249477,0,0,0.0183223,0.209912,22,17,1.95455,0,0,0,0.788194,0.199179,0.0126263,3168,965412,3091
1,bookshelf_small,57,isSafe,1,1,0.0168795,7033,38,10.7354,7,538,0,0.004159,0.00249477,0,0,0,0,209,34,0.181818,0,0,0,0,0,0,0,0,0
1,bookshelf_small,57,qpFixed,1,1,0.0112861,1407,11,10.9001,920,920,0,0.00406409,0.00249477,0,0,0.0112275,0,3,3,3.66667,0,0,0,1,0,0,1407,414956,898
1,bookshelf_small,57,qpPlain,1,1,0.0115695,1407,11,10.9001,920,920,0,0.00406409,0.00249477,0,0,0.0112275,0,3,3,3.66667,0,0,0,1,0,0,1407,482601,1407
1,bookshelf_small,57,qpAdaptive,1,1,0.00625677,672,11,10.9072,696,696,0,0.00402697,0.00249477,0,0,0.0235167,0.331845,3,3,3.66667,0,0,0,0.666667,0.322917,0.0104167,672,203747,628
1,bookshelf_small,57,qpFreeGate,1,1,0.123478,21188,55,11.1377,957,957,0,0.00125628,0.00249477,0,0,0.00397226,0,182,49,0.302198,0,0,0,1,0,0,0,0,0
1,bookshelf_small,57,qpEnvelope,1,1,0.00448625,434,11,10.9117,625,625,0,0.00385911,0.00249477,0,0,0.0364168,0.410138,3,3,3.66667,0,0,0,0.585253,0.391705,0.0230415,434,130710,406
1,bookshelf_small,64,isSafe,1,1,0.0668666,29538,147,23.1295,13,1158,0,0.00315292,0.00249477,0,0,0,0,1209,142,0.121588,0,0,0,0,0,0,0,0,0
1,bookshelf_small,64,qpFixed,1,1,0.00702765,897,9,10.5667,898,898,6,-0.00113243,0.00249477,0,0,0.01178,0,1,1,9,0,0,0,1,0,0,897,255757,508
1,bookshelf_small,64,qpPlain,1,1,0.00738267,897,9,10.5667,898,898,6,-0.00113243,0.00249477,0,0,0.01178,0,1,1,9,0,0,0,1,0,0,897,307671,897
1,bookshelf_small,64,qpAdaptive,1,1,0.0049311,546,9,10.5684,775,775,5,-0.000597359,0.00249477,0,0,0.019356,0.115385,1,1,9,0,0,0,0.884615,0.108059,0.00732601,546,166966,504
1,bookshelf_small,64,qpFreeGate,1,1,0.236421,41687,93,20.8631,1835,1835,0,0.00172555,0.00249477,0,0,0.00358452,0,297,77,0.313131,0,0,0,1,0,0,0,0,0
1,bookshelf_small,64,qpEnvelope,1,1,0.00387282,418,9,10.2878,717,717,0,0.000275694,0.00249477,0,0,0.024612,0.0909091,1,1,9,0,0,0,0.909091,0.0813397,0.00956938,418,127833,389
1,bookshelf_small,71,isSafe,1,1,0.0232688,9895,46,13.9878,8,701,0,0.00396702,0.00249477,0,0,0,0,276,42,0.166667,0,0,0,0,0,0,0,0,0
1,bookshelf_small,71,qpFixed,1,1,0.00464413,635,7,9.53993,636,636,0,0.00292727,0.00249477,0,0,0.0150235,0,1,1,7,0,0,0,1,0,0,635,173480,194
1,bookshelf_small,71,qpPlain,1,1,0.00492578,635,7,9.53993,636,636,0,0.00292727,0.00249477,0,0,0.0150235,0,1,1,7,0,0,0,1,0,0,635,217805,635
1,bookshelf_small,71,qpAdaptive,1,1,0.00138812,170,7,9.54224,555,555,0,0.00291334,0.00249477,0,0,0.0561308,0.629412,1,1,7,0,0,0,0.358824,0.611765,0.0294118,170,51967,110
1,bookshelf_small,71,qpFreeGate,1,1,0.175518,30471,67,22.5563,1793,1793,0,0.0031807,0.00249477,0,0,0.00383064,0,275,62,0.243636,0,0,0,1,0,0,0,0,0
1,bookshelf_small,71,qpEnvelope,1,1,0.000887287,94,7,9.54517,525,525,0,0.00282309,0.00249477,0,0,0.101544,0.446809,1,1,7,0,0,0,0.553191,0.393617,0.0531915,94,28993,68
1,bookshelf_small,78,isSafe,1,1,0.0221457,9302,46,20.3977,12,1021,0,0.00794266,0.00249477,0,0,0,0,258,42,0.178295,0,0,0,0,0,0,0,0,0
1,bookshelf_small,78,qpFixed,1,1,0.00896126,1163,11,9.52659,789,789,0,0.00385256,0.00249477,0,0,0.0111545,0,3,3,3.66667,0,0,0,1,0,0,1163,302773,793
1,bookshelf_small,78,qpPlain,1,1,0.00983156,1163,11,9.52659,789,789,0,0.00385256,0.00249477,0,0,0.0111545,0,3,3,3.66667,0,0,0,1,0,0,1163,398909,1163
1,bookshelf_small,78,qpAdaptive,1,1,0.0064,735,11,9.53197,694,694,0,0.0038957,0.00249477,0,0,0.0176706,0.312925,3,3,3.66667,0,0,0,0.684354,0.304762,0.0108844,735,195702,656
1,bookshelf_small,78,qpFreeGate,1,1,0.0869159,14816,45,15.8338,1273,1273,0,0.00430721,0.00249477,0,0,0.00453148,0,105,36,0.428571,0,0,0,1,0,0,0,0,0
1,bookshelf_small,78,qpEnvelope,1,1,0.00382776,385,11,9.55324,592,592,0,0.00382146,0.00249477,0,0,0.0339976,0.293506,3,3,3.66667,0,0,0,0.703896,0.272727,0.0233766,385,104083,361
1,bookshelf_small,85,isSafe,1,1,0.0285165,12425,60,14.6268,9,733,0,0.00154385,0.00249477,0,0,0,0,416,56,0.144231,0,0,0,0,0,0,0,0,0
1,bookshelf_small,85,qpFixed,1,1,0.0280318,3475,25,14.8248,1138,1138,0,0.000788645,0.00249477,0,0,0.0108725,0,10,10,2.5,0,0,0,1,0,0,3475,982084,2872
1,bookshelf_small,85,qpPlain,1,1,0.029288,3475,25,14.8248,1138,1138,0,0.000788645,0.00249477,0,0,0.0108725,0,10,10,2.5,0,0,0,1,0,0,3475,1191925,3475
1,bookshelf_small,85,qpAdaptive,1,1,0.0124015,1383,18,14.7693,1099,1099,0,0.0007833,0.00249477,0,0,0.0149837,0.27838,4,4,4.5,0,0,0,0.716558,0.274765,0.00867679,1383,397037,1318
1,bookshelf_small,85,qpFreeGate,1,1,0.335154,57952,101,19.0778,1882,1882,0,0.00214401,0.00249477,0,0,0.00317605,0,416,96,0.242788,0,0,0,1,0,0,0,0,0
1,bookshelf_small,85,qpEnvelope,1,1,0.00926182,967,18,14.7819,950,950,0,0.00069063,0.00249477,0,0,0.0214505,0.19545,4,4,4.5,0,0,0,0.798345,0.188211,0.0134436,967,278178,938
1,bookshelf_small,93,isSafe,1,1,0.00134401,540,5,5.35953,4,269,0,0.00797132,0.00249477,0,0,0,0,1,1,5,0,0,0,0,0,0,0,0,0
1,bookshelf_small,93,qpFixed,1,1,0.00243237,390,5,5.35972,391,391,0,0.00797132,0.00249477,0,0,0.0137429,0,1,1,5,0,0,0,1,0,0,390,98420,5
1,bookshelf_small,93,qpPlain,1,1,0.00267788,390,5,5.35972,391,391,0,0.00797132,0.00249477,0,0,0.0137429,0,1,1,5,0,0,0,1,0,0,390,133770,390
1,bookshelf_small,93,qpAdaptive,1,1,0.000340866,52,5,5.35972,294,294,0,0.00797132,0.00249477,0,0,0.103071,0.826923,1,1,5,0,0,0,0.153846,0.788462,0.0576923,52,13845,2
1,bookshelf_small,93,qpFreeGate,1,1,0.00226128,391,5,5.35955,392,392,0,0.00797132,0.00249477,0,0,0.0137073,0,1,1,5,0,0,0,1,0,0,0,0,0
1,bookshelf_small,93,qpEnvelope,1,1,0.000219421,24,5,5.35958,279,279,0,0.00797132,0.00249477,0,0,0.223316,0.875,1,1,5,0,0,0,0.125,0.75,0.125,24,6501,1
1,bookshelf_small,100,isSafe,1,1,0.0360602,15754,76,18.049,11,904,0,0.00208936,0.00249477,0,0,0,0,594,72,0.127946,0,0,0,0,0,0,0,0,0
1,bookshelf_small,100,qpFixed,1,1,0.0228553,2951,21,15.5277,1289,1289,15,-0.000582994,0.00249477,0,0,0.0100973,0,10,9,2.1,0,0,0,1,0,0,2951,816426,2455
1,bookshelf_small,100,qpPlain,1,1,0.0243523,2951,21,15.5277,1289,1289,15,-0.000582994,0.00249477,0,0,0.0100973,0,10,9,2.1,0,0,0,1,0,0,2951,1012193,2951
1,bookshelf_small,100,qpAdaptive,1,1,0.0180758,2149,21,15.567,1074,1074,28,-0.003594,0.00249477,0,0,0.0140185,0.19544,10,9,2.1,0,0,0,0.802234,0.191252,0.00651466,2149,598040,2061
1,bookshelf_small,100,qpFreeGate,1,1,0.104641,17975,48,18.8856,1741,1741,0,0.00191955,0.00249477,0,0,0.00402754,0,146,42,0.328767,0,0,0,1,0,0,0,0,0
1,bookshelf_small,100,qpEnvelope,1,1,0.00477956,492,13,13.0885,803,803,0,0.000469559,0.00249477,0,0,0.0327051,0.292683,4,4,3.25,0,0,0,0.70122,0.27439,0.0243902,492,150423,452
1,box,7,isSafe,1,1,0.0114203,4970,26,15.7775,9,790,0,0.00625003,0.00249477,0,0,0,0,101,23,0.257426,0,0,0,0,0,0,0,0,0
1,box,7,qpFixed,1,1,0.0168359,2233,15,13.3108,1121,1121,0,0.0016165,0.00249477,0,0,0.0107353,0,6,6,2.5,0,0,0,1,0,0,2233,562242,1487
1,box,7,qpPlain,1,1,0.0187244,2233,15,13.3108,1121,1121,0,0.0016165,0.00249477,0,0,0.0107353,0,6,6,2.5,0,0,0,1,0,0,2233,765919,2233
1,box,7,qpAdaptive,1,1,0.0101549,1157,15,13.3473,879,879,0,0.00154552,0.00249477,0,0,0.0207772,0.163354,6,6,2.5,0,0,0,0.834918,0.158168,0.00691443,1157,303420,1096
1,box,7,qpFreeGate,1,1,0.0936521,16064,41,15.6611,1433,1433,0,0.00863858,0.00249477,0,0,0.00411035,0,101,31,0.405941,0,0,0,1,0,0,0,0,0
1,box,7,qpEnvelope,1,1,0.00839497,910,15,13.3655,820,820,0,0.0013498,0.00249477,0,0,0.0264906,0.178022,6,6,2.5,0,0,0,0.820879,0.167033,0.0120879,910,238451,882
1,box,14,isSafe,1,1,0.00299342,1370,10,10.7498,8,539,0,0.0204922,0.00249477,0,0,0,0,10,6,1,0,0,0,0,0,0,0,0,0
1,box,14,qpFixed,1,1,0.00290502,407,6,5.44962,408,408,0,0.00596711,0.00249477,0,0,0.0133897,0,1,1,6,0,0,0,1,0,0,407,88564,187
1,box,14,qpPlain,1,1,0.00337396,407,6,5.44962,408,408,0,0.00596711,0.00249477,0,0,0.0133897,0,1,1,6,0,0,0,1,0,0,407,139601,407
1,box,14,qpAdaptive,1,1,0.00101618,133,6,5.44159,327,327,0,0.00589469,0.00249477,0,0,0.0409142,0.744361,1,1,6,0,0,0,0.24812,0.721805,0.0300752,133,29499,92
1,box,14,qpFreeGate,1,1,0.0116421,2062,14,10.4488,1021,1021,0,0.00697052,0.00249477,0,0,0.00636844,0,10,6,1.4,0,0,0,1,0,0,0,0,0
1,box,14,qpEnvelope,1,1,0.000589366,59,6,5.41156,297,297,0,0.00568532,0.00249477,0,0,0.0917213,0.644068,1,1,6,0,0,0,0.355932,0.576271,0.0677966,59,13533,29
1,box,21,isSafe,1,1,0.00234543,1075,8,8.53239,6,428,0,0.00956734,0.00249477,0,0,0,0,6,3,1.33333,0,0,0,0,0,0,0,0,0
1,box,21,qpFixed,1,1,0.00450489,672,7,7.95168,673,673,0,0.0139884,0.00249477,0,0,0.0118329,0,1,1,7,0,0,0,1,0,0,672,161631,143
1,box,21,qpPlain,1,1,0.00515685,672,7,7.95168,673,673,0,0.0139884,0.00249477,0,0,0.0118329,0,1,1,7,0,0,0,1,0,0,672,230496,672
1,box,21,qpAdaptive,1,1,0.00116137,132,7,7.95216,458,458,0,0.0140305,0.00249477,0,0,0.0602436,0.863636,1,1,7,0,0,0,0.128788,0.833333,0.0378788,132,37557,78
1,box,21,qpFreeGate,1,1,0.0328846,5549,22,14.7972,1231,1231,0,0.0181478,0.00249477,0,0,0.00629391,0,28,14,0.785714,0,0,0,1,0,0,0,0,0
1,box,21,qpEnvelope,1,1,0.000598461,52,7,7.95126,430,430,0,0.0137089,0.00249477,0,0,0.152909,1,1,1,7,0,0,0,0,0.903846,0.0961538,52,14635,32
1,box,28,isSafe,1,1,0.00249093,1069,8,8.41913,6,422,0,0.00290062,0.00249477,0,0,0,0,10,4,0.8,0,0,0,0,0,0,0,0,0
1,box,28,qpFixed,1,1,0.00355484,463,6,6.68946,464,464,0,0.00893886,0.00249477,0,0,0.0144481,0,1,1,6,0,0,0,1,0,0,463,130509,156
1,box,28,qpPlain,1,1,0.00364491,463,6,6.68946,464,464,0,0.00893886,0.00249477,0,0,0.0144481,0,1,1,6,0,0,0,1,0,0,463,158809,463
1,box,28,qpAdaptive,1,1,0.00123636,140,6,6.69022,385,385,0,0.00875195,0.00249477,0,0,0.0477873,0.542857,1,1,6,0,0,0,0.45,0.528571,0.0214286,140,41353,98
1,box,28,qpFreeGate,1,1,0.0243618,4124,22,9.03372,850,850,0,0.00801808,0.00249477,0,0,0.00540974,0,26,10,0.846154,0,0,0,1,0,0,0,0,0
1,box,28,qpEnvelope,1,1,0.000763816,65,6,6.69042,364,364,0,0.0078319,0.00249477,0,0,0.10293,0.584615,1,1,6,0,0,0,0.415385,0.538462,0.0461538,65,19209,46
1,box,35,isSafe,1,1,0.00710632,2912,16,11.7009,7,587,0,0.0315504,0.00249477,0,0,0,0,70,13,0.228571,0,0,0,0,0,0,0,0,0
1,box,35,qpFixed,1,1,0.0056158,809,8,7.446,538,538,0,0.0314439,0.00249477,0,0,0.0129343,0,2,2,4,0,0,0,1,0,0,809,208915,380
1,box,35,qpPlain,1,1,0.00624194,809,8,7.446,538,538,0,0.0314439,0.00249477,0,0,0.0129343,0,2,2,4,0,0,0,1,0,0,809,277487,809
1,box,35,qpAdaptive,1,1,0.00233641,299,8,7.45095,422,422,0,0.0313219,0.00249477,0,0,0.0350095,0.498328,2,2,4,0,0,0,0.501672,0.48495,0.0133779,299,76882,239
1,box,35,qpFreeGate,1,1,0.0828058,14003,51,12.4627,1462,1462,0,0.00165539,0.00249477,0,0,0.00414637,0,87,30,0.586207,0,0,0,1,0,0,0,0,0
1,box,35,qpEnvelope,1,1,0.00140486,162,8,7.45741,390,390,0,0.0314469,0.00249477,0,0,0.0646699,0.240741,2,2,4,0,0,0,0.759259,0.216049,0.0246914,162,40557,143
1,box,42,isSafe,1,1,0.00306056,1283,9,8.46148,6,425,0,0.0349193,0.00249477,0,0,0,0,18,5,0.5,0,0,0,0,0,0,0,0,0
1,box,42,qpFixed,1,1,0.00577203,846,7,7.27249,583,583,0,0.018081,0.00249477,0,0,0.011292,0,2,2,3.5,0,0,0,1,0,0,846,212919,375
1,box,42,qpPlain,1,1,0.00644357,846,7,7.27249,583,583,0,0.018081,0.00249477,0,0,0.011292,0,2,2,3.5,0,0,0,1,0,0,846,290178,846
1,box,42,qpAdaptive,1,1,0.00221722,284,7,7.2667,410,410,0,0.0199671,0.00249477,0,0,0.0336202,0.577465,2,2,3.5,0,0,0,0.415493,0.566901,0.0176056,284,75308,245
1,box,42,qpFreeGate,1,1,0.0523089,8985,28,9.36501,969,969,0,0.0068389,0.00249477,0,0,0.00435203,0,50,21,0.56,0,0,0,1,0,0,0,0,0
1,box,42,qpEnvelope,1,1,0.00126268,135,7,7.27041,387,387,0,0.0196108,0.00249477,0,0,0.0707705,0.459259,2,2,3.5,0,0,0,0.540741,0.422222,0.037037,135,35718,120
1,box,49,isSafe,1,1,0.0109995,4602,24,17.8841,10,896,0,0.00963692,0.00249477,0,0,0,0,89,19,0.269663,0,0,0,0,0,0,0,0,0
1,box,49,qpFixed,1,1,0.00354204,468,6,5.86837,469,469,0,0.00380553,0.00249477,0,0,0.0125392,0,1,1,6,0,0,0,1,0,0,468,122708,208
1,box,49,qpPlain,1,1,0.00375251,468,6,5.86837,469,469,0,0.00380553,0.00249477,0,0,0.0125392,0,1,1,6,0,0,0,1,0,0,468,160524,468
1,box,49,qpAdaptive,1,1,0.00130381,146,6,5.87281,370,370,0,0.00368224,0.00249477,0,0,0.0402248,0.527397,1,1,6,0,0,0,0.472603,0.506849,0.0205479,146,41722,127
1,box,49,qpFreeGate,1,1,0.097375,16445,55,11.0296,1223,1223,0,0.0134536,0.00249477,0,0,0.00418986,0,103,36,0.533981,0,0,0,1,0,0,0,0,0
1,box,49,qpEnvelope,1,1,0.000901058,82,6,5.88169,333,333,0,0.00336977,0.00249477,0,0,0.0717279,0.634146,1,1,6,0,0,0,0.365854,0.585366,0.0487805,82,23546,72
1,box,56,isSafe,1,1,0.0126998,5498,29,16.6871,10,836,0,0.0239388,0.00249477,0,0,0,0,105,23,0.27619,0,0,0,0,0,0,0,0,0
1,box,56,qpFixed,1,1,0.0186471,2245,20,23.5068,1878,1878,0,0.000697844,0.00249477,0,0,0.0112437,0,7,6,2.85714,0,0,0,1,0,0,2245,659097,1748
1,box,56,qpPlain,1,1,0.0189504,2245,20,23.5068,1878,1878,0,0.000697844,0.00249477,0,0,0.0112437,0,7,6,2.85714,0,0,0,1,0,0,2245,770035,2245
1,box,56,qpAdaptive,1,1,0.0138661,1545,20,23.5114,1680,1680,0,0.000693282,0.00249477,0,0,0.0163345,0.177994,7,6,2.85714,0,0,0,0.820065,0.171521,0.00841424,1545,456793,1462
1,box,56,qpFreeGate,1,1,0.0919065,15074,44,17.7111,1371,1371,0,0.029461,0.00249477,0,0,0.00536103,0,105,35,0.419048,0,0,0,1,0,0,0,0,0
1,box,56,qpEnvelope,1,1,0.0113316,1195,20,23.4987,1527,1527,0,0.000587136,0.00249477,0,0,0.0211101,0.0719665,7,6,2.85714,0,0,0,0.927197,0.0594142,0.0133891,1195,354925,1177
1,box,63,isSafe,1,1,0.0103814,4255,23,16.3735,10,820,0,0.0558527,0.00249477,0,0,0,0,61,19,0.377049,0,0,0,0,0,0,0,0,0
1,box,63,qpFixed,1,1,0.00975513,1450,14,11.0959,895,895,0,0.00685256,0.00249477,0,0,0.0115727,0,4,4,3.5,0,0,0,1,0,0,1450,333680,982
1,box,63,qpPlain,1,1,0.0115654,1450,14,11.0959,895,895,0,0.00685256,0.00249477,0,0,0.0115727,0,4,4,3.5,0,0,0,1,0,0,1450,497350,1450
1,box,63,qpAdaptive,1,1,0.0049224,672,14,11.0894,683,683,0,0.00686218,0.00249477,0,0,0.0249568,0.53125,4,4,3.5,0,0,0,0.465774,0.517857,0.016369,672,158879,509
1,box,63,qpFreeGate,1,1,0.0425675,7121,26,15.1281,1270,1270,0,0.0187991,0.00249477,0,0,0.00583907,0,49,19,0.530612,0,0,0,1,0,0,0,0,0
1,box,63,qpEnvelope,1,1,0.00260123,290,14,11.0824,595,595,0,0.00648828,0.00249477,0,0,0.0577831,0.451724,4,4,3.5,0,0,0,0.537931,0.42069,0.0413793,290,68871,224
1,box,70,isSafe,1,1,0.00442734,1922,12,14.4468,9,724,0,0.0319267,0.00249477,0,0,0,0,38,7,0.315789,0,0,0,0,0,0,0,0,0
1,box,70,qpFixed,1,1,0.00593037,761,7,8.04317,762,762,0,0.000143019,0.00249477,0,0,0.0105692,0,1,1,7,0,0,0,1,0,0,761,207334,387
1,box,70,qpPlain,1,1,0.00632365,761,7,8.04317,762,762,0,0.000143019,0.00249477,0,0,0.0105692,0,1,1,7,0,0,0,1,0,0,761,261023,761
1,box,70,qpAdaptive,1,1,0.00316063,371,7,8.04527,626,626,0,0.000141474,0.00249477,0,0,0.0216854,0.253369,1,1,7,0,0,0,0.746631,0.245283,0.00808625,371,101982,321
1,box,70,qpFreeGate,1,1,0.0162649,2549,15,9.17662,874,874,0,0.00816808,0.00249477,0,0,0.00690364,0,10,7,1.5,0,0,0,1,0,0,0,0,0
1,box,70,qpEnvelope,1,1,0.00239443,264,7,8.04333,576,576,0,0.00013504,0.00249477,0,0,0.0304671,0.155303,1,1,7,0,0,0,0.844697,0.140152,0.0151515,264,72984,238
1,box,77,isSafe,1,1,0.00460443,2063,12,13.9669,8,700,0,0.00439685,0.00249477,0,0,0,0,26,9,0.461538,0,0,0,0,0,0,0,0,0
1,box,77,qpFixed,1,1,0.019893,2638,19,7.09407,640,640,0,0.0018797,0.00249477,0,0,0.0108927,0,7,7,2.71429,0,0,0,1,0,0,2638,656665,1974
1,box,77,qpPlain,1,1,0.0222133,2638,19,7.09407,640,640,0,0.0018797,0.00249477,0,0,0.0108927,0,7,7,2.71429,0,0,0,1,0,0,2638,904834,2638
1,box,77,qpAdaptive,1,1,0.0125829,1488,19,7.13452,549,549,0,0.00184931,0.00249477,0,0,0.0193706,0.390457,7,7,2.71429,0,0,0,0.606183,0.385753,0.00806452,1488,381457,1378
1,box,77,qpFreeGate,1,1,0.109724,18755,50,16.0833,2003,2003,0,0.00562406,0.00249477,0,0,0.00403428,0,115,41,0.434783,0,0,0,1,0,0,0,0,0
1,box,77,qpEnvelope,1,1,0.00757849,781,19,7.12439,443,443,0,0.00197942,0.00249477,0,0,0.0370129,0.357234,7,7,2.71429,0,0,0,0.641485,0.339309,0.0192061,781,205895,727
1,box,84,isSafe,1,1,0.00643025,2910,17,10.2923,7,516,0,0.0616728,0.00249477,0,0,0,0,35,13,0.485714,0,0,0,0,0,0,0,0,0
1,box,84,qpFixed,1,1,0.0108545,1432,12,13.8383,1037,1037,0,0.00329735,0.00249477,0,0,0.0121402,0,4,4,3,0,0,0,1,0,0,1432,348613,990
1,box,84,qpPlain,1,1,0.0120901,1432,12,13.8383,1037,1037,0,0.00329735,0.00249477,0,0,0.0121402,0,4,4,3,0,0,0,1,0,0,1432,491176,1432
1,box,84,qpAdaptive,1,1,0.00620812,734,12,13.8438,868,868,0,0.00311261,0.00249477,0,0,0.0237094,0.479564,4,4,3,0,0,0,0.519074,0.47139,0.00953678,734,181741,650
1,box,84,qpFreeGate,1,1,0.0267513,4501,19,13.353,1429,1429,0,0.0115633,0.00249477,0,0,0.00559187,0,22,11,0.863636,0,0,0,1,0,0,0,0,0
1,box,84,qpEnvelope,1,1,0.00352562,355,12,13.8572,780,780,0,0.00233461,0.00249477,0,0,0.0491438,0.560563,4,4,3,0,0,0,0.433803,0.540845,0.0253521,355,87945,320
1,box,91,isSafe,1,1,0.00343028,1484,10,10.195,7,511,0,0.00857835,0.00249477,0,0,0,0,40,5,0.25,0,0,0,0,0,0,0,0,0
1,box,91,qpFixed,1,1,0.0154436,1999,18,14.4749,1236,1236,0,0.000749628,0.00249477,0,0,0.010752,0,5,5,3.6,0,0,0,1,0,0,1999,530244,1415
1,box,91,qpPlain,1,1,0.0165724,1999,18,14.4749,1236,1236,0,0.000749628,0.00249477,0,0,0.010752,0,5,5,3.6,0,0,0,1,0,0,1999,685657,1999
1,box,91,qpAdaptive,1,1,0.0090896,1058,19,14.4818,967,967,0,0.000737968,0.00249477,0,0,0.0203522,0.268431,5,5,3.8,0,0,0,0.730624,0.257089,0.0122873,1058,291400,1009
1,box,91,qpFreeGate,1,1,0.163566,27910,67,26.6688,2641,2641,0,0.00237309,0.00249477,0,0,0.00380932,0,181,54,0.370166,0,0,0,1,0,0,0,0,0
1,box,91,qpEnvelope,1,1,0.00685412,755,19,14.4941,895,895,0,0.000715856,0.00249477,0,0,0.0285151,0.201325,5,5,3.8,0,0,0,0.797351,0.180132,0.0225166,755,209346,735
1,box,98,isSafe,1,1,0.00559785,2291,13,15.3185,9,767,0,0.00156301,0.00249477,0,0,0,0,47,9,0.276596,0,0,0,0,0,0,0,0,0
1,box,98,qpFixed,1,1,0.00670563,896,11,10.337,773,773,0,0.00974839,0.00249477,0,0,0.013196,0,2,2,5.5,0,0,0,1,0,0,896,223294,519
1,box,98,qpPlain,1,1,0.00736906,896,11,10.337,773,773,0,0.00974839,0.00249477,0,0,0.013196,0,2,2,5.5,0,0,0,1,0,0,896,307328,896
1,box,98,qpAdaptive,1,1,0.00256361,295,12,10.3494,650,650,0,0.0096222,0.00249477,0,0,0.0401364,0.742373,2,2,6,0,0,0,0.244068,0.722034,0.0338983,295,79757,196
1,box,98,qpFreeGate,1,1,0.0242458,4054,14,12.5179,1329,1329,0,0.00217217,0.00249477,0,0,0.00462856,0,25,9,0.56,0,0,0,1,0,0,0,0,0
1,box,98,qpEnvelope,1,1,0.00128678,113,11,10.4112,571,571,0,0.011293,0.00249477,0,0,0.105277,0.946903,2,2,5.5,0,0,0,0.0353982,0.876106,0.0884956,113,32064,69
1,table_pick,5,isSafe,1,1,0.0193282,8521,42,13.8981,9,696,0,0.00265824,0.00249477,0,0,0,0,213,37,0.197183,0,0,0,0,0,0,0,0,0
1,table_pick,5,qpFixed,1,1,0.00413697,698,7,8.38206,699,699,0,0.00537279,0.00249477,0,0,0.0120087,0,1,1,7,0,0,0,1,0,0,698,156429,114
1,table_pick,5,qpPlain,1,1,0.00512143,698,7,8.38206,699,699,0,0.00537279,0.00249477,0,0,0.0120087,0,1,1,7,0,0,0,1,0,0,698,239414,698
1,table_pick,5,qpAdaptive,1,1,0.000781444,100,7,8.38229,464,464,0,0.00537279,0.00249477,0,0,0.0838229,0.67,1,1,7,0,0,0,0.33,0.62,0.05,100,24696,60
1,table_pick,5,qpFreeGate,1,1,0.0151163,2583,14,11.5059,841,841,0,0.00587263,0.00249477,0,0,0.00730701,0,16,7,0.875,0,0,0,1,0,0,0,0,0
1,table_pick,5,qpEnvelope,1,1,0.000515787,52,7,8.38276,446,446,0,0.0053798,0.00249477,0,0,0.161207,0.711538,1,1,7,0,0,0,0.288462,0.615385,0.0961538,52,12849,35
1,table_pick,12,isSafe,1,1,0.00170388,855,6,7.76752,5,390,0,0.00266602,0.00249477,0,0,0,0,4,2,1.5,0,0,0,0,0,0,0,0,0
1,table_pick,12,qpFixed,1,1,0.00462159,711,7,7.74285,712,712,0,0.00317173,0.00249477,0,0,0.0108901,0,1,1,7,0,0,0,1,0,0,711,187884,139
1,table_pick,12,qpPlain,1,1,0.00523254,711,7,7.74285,712,712,0,0.00317173,0.00249477,0,0,0.0108901,0,1,1,7,0,0,0,1,0,0,711,243873,711
1,table_pick,12,qpAdaptive,1,1,0.00118208,141,7,7.77492,462,462,0,0.00319185,0.00249477,0,0,0.0551413,0.524823,1,1,7,0,0,0,0.460993,0.503546,0.035461,141,41238,70
1,table_pick,12,qpFreeGate,1,1,0.00497506,824,7,7.70485,825,825,0,0.00165677,0.00249477,0,0,0.00935054,0,1,1,7,0,0,0,1,0,0,0,0,0
1,table_pick,12,qpEnvelope,1,1,0.00108514,88,11,10.4456,556,556,0,0.00324041,0.00249477,0,0,0.165513,0.693182,2,2,5.5,0,0,0,0.295455,0.590909,0.113636,88,25283,47
1,table_pick,19,isSafe,1,1,0.00205297,945,7,9.40743,6,472,0,0.00468391,0.00249477,0,0,0,0,2,2,3.5,0,0,0,0,0,0,0,0,0
1,table_pick,19,qpFixed,1,1,0.00402693,631,6,7.70497,632,632,0,0.00087512,0.00249477,0,0,0.0122107,0,1,1,6,0,0,0,1,0,0,631,153119,315
1,table_pick,19,qpPlain,1,1,0.00457652,631,6,7.70497,632,632,0,0.00087512,0.00249477,0,0,0.0122107,0,1,1,6,0,0,0,1,0,0,631,216433,631
1,table_pick,19,qpAdaptive,1,1,0.00202246,287,6,7.70576,515,515,0,0.000784135,0.00249477,0,0,0.0268493,0.397213,1,1,6,0,0,0,0.595819,0.390244,0.0139373,287,73354,209
1,table_pick,19,qpFreeGate,1,1,0.00491131,837,7,8.9513,681,681,0,0.00453601,0.00249477,0,0,0.0108611,0,2,2,3.5,0,0,0,1,0,0,0,0,0
1,table_pick,19,qpEnvelope,1,1,0.00158737,201,6,7.7085,476,476,0,0.000715675,0.00249477,0,0,0.0383507,0.40796,1,1,6,0,0,0,0.587065,0.393035,0.0199005,201,51799,164
1,table_pick,26,isSafe,1,1,0.00391671,1608,10,11.3843,7,571,0,0.00209461,0.00249477,0,0,0,0,22,6,0.454545,0,0,0,0,0,0,0,0,0
1,table_pick,26,qpFixed,1,1,0.00642958,807,9,8.86523,808,808,0,0.000639428,0.00249477,0,0,0.0109854,0,1,1,9,0,0,0,1,0,0,807,227197,666
1,table_pick,26,qpPlain,1,1,0.00663988,807,9,8.86523,808,808,0,0.000639428,0.00249477,0,0,0.0109854,0,1,1,9,0,0,0,1,0,0,807,276801,807
1,table_pick,26,qpAdaptive,1,1,0.00803975,906,20,12.9476,938,938,0,0.00067462,0.00249477,0,0,0.0169753,0.324503,3,3,6.66667,0,0,0,0.666667,0.315673,0.01766,906,268309,899
1,table_pick,26,qpFreeGate,1,1,0.0218491,3752,14,12.7887,1048,1048,0,0.0023796,0.00249477,0,0,0.00580125,0,22,9,0.636364,0,0,0,1,0,0,0,0,0
1,table_pick,26,qpEnvelope,1,1,0.00567994,576,20,13.112,855,855,0,0.000696476,0.00249477,0,0,0.0268858,0.328125,3,3,6.66667,0,0,0,0.663194,0.307292,0.0295139,576,170835,572
1,table_pick,33,isSafe,1,1,0.00171505,796,6,5.82142,4,293,0,0.000442879,0.00249477,0,0,0,0,4,2,1.5,0,0,0,0,0,0,0,0,0
1,table_pick,33,qpFixed,1,1,0.00401033,545,7,6.65575,546,546,0,0.00231581,0.00249477,0,0,0.0122124,0,1,1,7,0,0,0,1,0,0,545,141608,391
1,table_pick,33,qpPlain,1,1,0.00433016,545,7,6.65575,546,546,0,0.00231581,0.00249477,0,0,0.0122124,0,1,1,7,0,0,0,1,0,0,545,186935,545
1,table_pick,33,qpAdaptive,1,1,0.00208868,249,7,6.65851,454,454,0,0.00226371,0.00249477,0,0,0.026741,0.678715,1,1,7,0,0,0,0.317269,0.662651,0.0200803,249,68454,201
1,table_pick,33,qpFreeGate,1,1,0.0107159,1811,17,5.97848,564,564,0,0.00158033,0.00249477,0,0,0.00611736,0,10,5,1.7,0,0,0,1,0,0,0,0,0
1,table_pick,33,qpEnvelope,1,1,0.00138711,140,7,6.66428,398,398,0,0.00208356,0.00249477,0,0,0.047602,0.65,1,1,7,0,0,0,0.35,0.614286,0.0357143,140,39603,123
1,table_pick,40,isSafe,1,1,0.0171687,6901,34,18.2068,11,912,0,0.00111058,0.00249477,0,0,0,0,172,30,0.197674,0,0,0,0,0,0,0,0,0
1,table_pick,40,qpFixed,1,1,0.00478691,654,7,8.73621,655,655,0,0.000438671,0.00249477,0,0,0.0133581,0,1,1,7,0,0,0,1,0,0,654,168789,332
1,table_pick,40,qpPlain,1,1,0.00520167,654,7,8.73621,655,655,0,0.000438671,0.00249477,0,0,0.0133581,0,1,1,7,0,0,0,1,0,0,654,224322,654
1,table_pick,40,qpAdaptive,1,1,0.0028028,331,7,8.73657,578,578,0,0.000438671,0.00249477,0,0,0.0263945,0.302115,1,1,7,0,0,0,0.694864,0.293051,0.0120846,331,95393,292
1,table_pick,40,qpFreeGate,1,1,0.184822,31925,80,22.6809,1985,1985,0,0.00114825,0.00249477,0,0,0.00423341,0,260,74,0.307692,0,0,0,1,0,0,0,0,0
1,table_pick,40,qpEnvelope,1,1,0.00209999,232,7,8.73472,544,544,0,0.000427127,0.00249477,0,0,0.0376497,0.202586,1,1,7,0,0,0,0.797414,0.185345,0.0172414,232,67759,218
1,table_pick,47,isSafe,1,1,0.00334257,1480,10,10.1762,7,510,0,0.000968617,0.00249477,0,0,0,0,10,6,1,0,0,0,0,0,0,0,0,0
1,table_pick,47,qpFixed,1,1,0.00584136,761,6,5.08026,358,358,0,0.00627694,0.00249477,0,0,0.0113234,0,3,2,2,0,0,0,1,0,0,761,200648,330
1,table_pick,47,qpPlain,1,1,0.00633916,761,6,5.08026,358,358,0,0.00627694,0.00249477,0,0,0.0113234,0,3,2,2,0,0,0,1,0,0,761,261023,761
1,table_pick,47,qpAdaptive,1,1,0.00338129,360,6,5.08015,292,292,0,0.00627694,0.00249477,0,0,0.0239451,0.166667,3,2,2,0,0,0,0.830556,0.158333,0.0111111,360,98480,318
1,table_pick,47,qpFreeGate,1,1,0.00943182,1605,15,9.48064,837,837,0,0.00103435,0.00249477,0,0,0.00849123,0,10,6,1.5,0,0,0,1,0,0,0,0,0
1,table_pick,47,qpEnvelope,1,1,0.00311858,315,6,5.08191,283,283,0,0.00627694,0.00249477,0,0,0.0273746,0.139683,3,2,2,0,0,0,0.860317,0.126984,0.0126984,315,86084,298
1,table_pick,54,isSafe,1,1,0.00397291,1613,10,13.1661,8,660,0,0.000681214,0.00249477,0,0,0,0,20,6,0.5,0,0,0,0,0,0,0,0,0
1,table_pick,54,qpFixed,1,1,0.00464226,692,7,7.60288,693,693,0,0.00575189,0.00249477,0,0,0.0109868,0,1,1,7,0,0,0,1,0,0,692,166868,112
1,table_pick,54,qpPlain,1,1,0.00533659,692,7,7.60288,693,693,0,0.00575189,0.00249477,0,0,0.0109868,0,1,1,7,0,0,0,1,0,0,692,237356,692
1,table_pick,54,qpAdaptive,1,1,0.0013224,154,7,7.60325,473,473,0,0.00575338,0.00249477,0,0,0.0493717,0.467532,1,1,7,0,0,0,0.532468,0.435065,0.0324675,154,39336,108
1,table_pick,54,qpFreeGate,1,1,0.0240275,4014,18,12.8155,1132,1132,0,0.00665649,0.00249477,0,0,0.00667961,0,26,12,0.692308,0,0,0,1,0,0,0,0,0
1,table_pick,54,qpEnvelope,1,1,0.00100561,97,7,7.60426,428,428,0,0.00578278,0.00249477,0,0,0.0783944,0.814433,1,1,7,0,0,0,0.175258,0.773196,0.0515464,97,24610,72
1,table_pick,61,isSafe,1,1,0.0174247,7199,37,18.1115,11,907,0,0.00815588,0.00249477,0,0,0,0,187,33,0.197861,0,0,0,0,0,0,0,0,0
1,table_pick,61,qpFixed,1,1,0.00508741,673,7,7.27936,674,674,0,0.000880009,0.00249477,0,0,0.0108163,0,1,1,7,0,0,0,1,0,0,673,171197,407
1,table_pick,61,qpPlain,1,1,0.00556543,673,7,7.27936,674,674,0,0.000880009,0.00249477,0,0,0.0108163,0,1,1,7,0,0,0,1,0,0,673,230839,673
1,table_pick,61,qpAdaptive,1,1,0.00353733,409,7,7.28058,569,569,0,0.000880009,0.00249477,0,0,0.0178009,0.122249,1,1,7,0,0,0,0.875306,0.117359,0.00733496,409,113410,379
1,table_pick,61,qpFreeGate,1,1,0.0275468,4704,20,8.53158,795,795,0,0.00815588,0.00249477,0,0,0.00574679,0,36,13,0.555556,0,0,0,1,0,0,0,0,0
1,table_pick,61,qpEnvelope,1,1,0.0030848,344,7,7.28433,538,538,0,0.000864755,0.00249477,0,0,0.0211754,0.122093,1,1,7,0,0,0,0.875,0.116279,0.00872093,344,95412,328
1,table_pick,68,isSafe,1,1,0.00211522,897,7,8.76886,6,440,0,0.00333636,0.00249477,0,0,0,0,6,2,1.16667,0,0,0,0,0,0,0,0,0
1,table_pick,68,qpFixed,1,1,0.00443071,691,7,7.5621,692,692,0,0.00604144,0.00249477,0,0,0.0109437,0,1,1,7,0,0,0,1,0,0,691,161026,102
1,table_pick,68,qpPlain,1,1,0.00524057,691,7,7.5621,692,692,0,0.00604144,0.00249477,0,0,0.0109437,0,1,1,7,0,0,0,1,0,0,691,237013,691
1,table_pick,68,qpAdaptive,1,1,0.000866086,101,7,7.56363,432,432,0,0.00604144,0.00249477,0,0,0.0748874,0.772277,1,1,7,0,0,0,0.227723,0.722772,0.049505,101,27614,58
1,table_pick,68,qpFreeGate,1,1,0.00749722,1197,9,9.55196,808,808,0,0.00330287,0.00249477,0,0,0.00942803,0,6,4,1.5,0,0,0,1,0,0,0,0,0
1,table_pick,68,qpEnvelope,1,1,0.000550131,50,7,7.56882,403,403,0,0.00604914,0.00249477,0,0,0.151376,0.86,1,1,7,0,0,0,0.14,0.76,0.1,50,13955,33
1,table_pick,75,isSafe,1,1,0.00246221,1022,7,9.85526,6,494,0,0.00648769,0.00249477,0,0,0,0,4,2,1.75,0,0,0,0,0,0,0,0,0
1,table_pick,75,qpFixed,1,1,0.00446122,685,7,8.1831,686,686,0,0.00707087,0.00249477,0,0,0.0119461,0,1,1,7,0,0,0,1,0,0,685,150130,62
1,table_pick,75,qpPlain,1,1,0.00538599,685,7,8.1831,686,686,0,0.00707087,0.00249477,0,0,0.0119461,0,1,1,7,0,0,0,1,0,0,685,234955,685
1,table_pick,75,qpAdaptive,1,1,0.000601733,74,7,8.18314,448,448,0,0.00707087,0.00249477,0,0,0.110583,0.810811,1,1,7,0,0,0,0.189189,0.743243,0.0675676,74,19052,24
1,table_pick,75,qpFreeGate,1,1,0.00761744,1235,8,9.73515,843,843,0,0.00614965,0.00249477,0,0,0.00897192,0,4,3,2,0,0,0,1,0,0,0,0,0
1,table_pick,75,qpEnvelope,1,1,0.000422696,43,7,8.18312,431,431,0,0.00707087,0.00249477,0,0,0.190305,0.744186,1,1,7,0,0,0,0.255814,0.627907,0.116279,43,10954,17
1,table_pick,82,isSafe,1,1,0.00353974,1494,10,10.6855,7,536,0,0.00260083,0.00249477,0,0,0,0,20,5,0.5,0,0,0,0,0,0,0,0,0
1,table_pick,82,qpFixed,1,1,0.0294395,3592,27,14.3995,1170,1170,5,-0.000100656,0.00249477,0,0,0.0107692,0,11,9,2.45455,0,0,0,1,0,0,3592,1007710,3301
1,table_pick,82,qpPlain,1,1,0.0303259,3592,27,14.3995,1170,1170,5,-0.000100656,0.00249477,0,0,0.0107692,0,11,9,2.45455,0,0,0,1,0,0,3592,1232056,3592
1,table_pick,82,qpAdaptive,1,1,0.0243366,2793,27,14.4487,1057,1057,5,-6.01757e-05,0.00249477,0,0,0.0138705,0.298604,11,9,2.45455,0,0,0,0.69889,0.295381,0.00572861,2793,793409,2713
1,table_pick,82,qpFreeGate,1,1,0.0448664,7884,20,13.7862,1284,1284,0,0.0046152,0.00249477,0,0,0.00406551,0,55,15,0.363636,0,0,0,1,0,0,0,0,0
1,table_pick,82,qpEnvelope,1,1,0.0167613,1768,27,14.5131,945,945,13,-0.000125138,0.00249477,0,0,0.0219343,0.191742,11,9,2.45455,0,0,0,0.807692,0.182127,0.010181,1768,504167,1731
1,table_pick,89,isSafe,1,1,0.00403303,1577,10,11.3628,7,570,0,0.0039343,0.00249477,0,0,0,0,22,6,0.454545,0,0,0,0,0,0,0,0,0
1,table_pick,89,qpFixed,1,1,0.00566488,744,8,8.64342,745,745,0,8.34831e-05,0.00249477,0,0,0.0116175,0,1,1,8,0,0,0,1,0,0,744,191070,577
1,table_pick,89,qpPlain,1,1,0.00619362,744,8,8.64342,745,745,0,8.34831e-05,0.00249477,0,0,0.0116175,0,1,1,8,0,0,0,1,0,0,744,255192,744
1,table_pick,89,qpAdaptive,1,1,0.00631201,713,9,9.69546,889,889,0,1.29e-05,0.00249477,0,0,0.0135981,0.12763,1,1,9,0,0,0,0.870968,0.124825,0.00420757,713,197169,698
1,table_pick,89,qpFreeGate,1,1,0.0186596,3205,12,11.1817,871,871,0,0.00376036,0.00249477,0,0,0.00548579,0,22,8,0.545455,0,0,0,1,0,0,0,0,0
1,table_pick,89,qpEnvelope,1,1,0.00337248,374,8,8.6768,617,617,0,0.000357073,0.00249477,0,0,0.0232,0.179144,1,1,8,0,0,0,0.820856,0.165775,0.013369,374,101997,352
1,table_pick,96,isSafe,1,1,0.00627214,2746,16,4.31062,4,217,0,0.00432782,0.00249477,0,0,0,0,34,12,0.470588,0,0,0,0,0,0,0,0,0
1,table_pick,96,qpFixed,1,1,0.00269956,422,5,5.51511,423,423,0,0.00705989,0.00249477,0,0,0.013069,0,1,1,5,0,0,0,1,0,0,422,92717,57
1,table_pick,96,qpPlain,1,1,0.00319245,422,5,5.51511,423,423,0,0.00705989,0.00249477,0,0,0.013069,0,1,1,5,0,0,0,1,0,0,422,144746,422
1,table_pick,96,qpAdaptive,1,1,0.000572079,69,5,5.51556,314,314,0,0.00705989,0.00249477,0,0,0.0799357,0.782609,1,1,5,0,0,0,0.217391,0.73913,0.0434783,69,16883,37
1,table_pick,96,qpFreeGate,1,1,0.0229867,3938,20,3.48378,252,252,0,0.004204,0.00249477,0,0,0.00690204,0,34,16,0.588235,0,0,0,1,0,0,0,0,0
1,table_pick,96,qpEnvelope,1,1,0.000401341,38,5,5.51866,296,296,0,0.00705989,0.00249477,0,0,0.145228,0.789474,1,1,5,0,0,0,0.210526,0.710526,0.0789474,38,9373,24
1,cage,3,isSafe,1,1,0.35005,145818,904,24.8035,15,1242,0,0.0018934,0.00249477,0,0,0,0,9401,900,0.09616,0,0,0,0,0,0,0,0,0
1,cage,3,qpFixed,1,1,0.13359,16791,97,23.2081,1929,1929,0,0.00207018,0.00249477,0,0,0.00889572,0,62,48,1.56452,0,0,0,1,0,0,16791,4563655,15693
1,cage,3,qpPlain,1,1,0.143886,16791,97,23.2081,1929,1929,0,0.00207018,0.00249477,0,0,0.00889572,0,62,48,1.56452,0,0,0,1,0,0,16791,5759313,16791
1,cage,3,qpAdaptive,1,1,0.110488,12865,97,23.2607,1592,1592,0,0.0018833,0.00249477,0,0,0.0116127,0.253867,62,48,1.56452,0,0,0,0.74419,0.251457,0.0043529,12865,3475014,12566
1,cage,3,qpFreeGate,1,1,3.44119,600872,964,19.2013,3189,3189,0,0.001957,0.00249477,0,0,0.00264319,0,5405,928,0.178353,0,0,0,1,0,0,0,0,0
1,cage,3,qpEnvelope,1,1,0.0824694,9030,97,23.3633,1388,1388,0,0.00116808,0.00249477,0,0,0.0165771,0.220819,62,48,1.56452,0,0,0,0.778073,0.213068,0.00885936,9030,2408560,8894
1,cage,10,isSafe,1,1,0.382459,161066,1005,22.4508,14,1124,0,0.0189417,0.00249477,0,0,0,0,9715,1001,0.103448,0,0,0,0,0,0,0,0,0
1,cage,10,qpFixed,1,1,0.586304,72185,271,21.2196,1909,1909,0,2.14911e-05,0.00249477,0,0,0.00750684,0,319,179,0.84953,0,0,0,1,0,0,72185,19838679,66547
1,cage,10,qpPlain,1,1,0.63232,72185,271,21.2196,1909,1909,0,2.14911e-05,0.00249477,0,0,0.00750684,0,319,179,0.84953,0,0,0,1,0,0,72185,24759455,72185
1,cage,10,qpAdaptive,1,1,0.458449,52269,246,36.9638,3080,3080,0,1.53567e-05,0.00249477,0,0,0.00943174,0.182556,290,159,0.848276,0,0,0,0.816641,0.181025,0.00233408,52269,14370898,51262
1,cage,10,qpFreeGate,1,1,2.12734,371183,582,34.2379,3703,3703,0,0.000235583,0.00249477,0,0,0.00278006,0,3062,558,0.190072,0,0,0,1,0,0,0,0,0
1,cage,10,qpEnvelope,1,1,0.456421,50206,290,21.3841,1318,1318,0,0.000866112,0.00249477,0,0,0.0114371,0.135243,333,188,0.870871,0,0,0,0.86402,0.132136,0.00384416,50206,13657101,49794
1,cage,17,isSafe,1,1,0.0478038,20409,103,20.4533,12,1024,0,0.003565,0.00010259,0,0,0,0,695,99,0.148201,0,0,0,0,0,0,0,0,0
1,cage,17,qpFixed,1,1,0.204863,25356,117,26.3402,2174,2174,0,0.000468992,0.00249477,0,0,0.0085118,0,99,71,1.18182,0,0,0,1,0,0,25356,6799960,23098
1,cage,17,qpPlain,1,1,0.223098,25356,117,26.3402,2174,2174,0,0.000468992,0.00249477,0,0,0.0085118,0,99,71,1.18182,0,0,0,1,0,0,25356,8697108,25356
1,cage,17,qpAdaptive,1,1,0.179235,20320,124,29.4201,2104,2104,0,0.000462052,0.00249477,0,0,0.0110893,0.185187,104,74,1.19231,0,0,0,0.814026,0.183071,0.00290354,20320,5463768,19907
1,cage,17,qpFreeGate,1,1,3.52959,617596,977,35.2526,3968,3968,0,0.00161934,0.00249477,0,0,0.00268925,0,5377,944,0.1817,0,0,0,1,0,0,0,0,0
1,cage,17,qpEnvelope,1,1,0.156712,16844,124,29.4831,1839,1839,0,0.000374117,0.00249477,0,0,0.0134154,0.140109,104,73,1.19231,0,0,0,0.859475,0.136072,0.00445262,16844,4524095,16712
1,cage,24,isSafe,1,1,0.154619,66138,367,23.3199,14,1167,0,0.00598999,0.00156288,0,0,0,0,3259,363,0.112611,0,0,0,0,0,0,0,0,0
1,cage,24,qpFixed,1,1,0.127786,16069,83,20.4165,1704,1704,0,6.2446e-05,0.00249477,0,0,0.00852846,0,64,40,1.29688,0,0,0,1,0,0,16069,4241570,14025
1,cage,24,qpPlain,1,1,0.139745,16069,83,20.4165,1704,1704,0,6.2446e-05,0.00249477,0,0,0.00852846,0,64,40,1.29688,0,0,0,1,0,0,16069,5511667,16069
1,cage,24,qpAdaptive,1,1,0.102685,12018,83,20.4447,1549,1549,0,7.50122e-05,0.00249477,0,0,0.011429,0.18206,64,40,1.29688,0,0,0,0.815693,0.179314,0.00499251,12018,3189374,11654
1,cage,24,qpFreeGate,1,1,2.73985,475993,795,14.5826,1601,1601,0,0.00154552,0.00249477,0,0,0.0027573,0,4169,763,0.190693,0,0,0,1,0,0,0,0,0
1,cage,24,qpEnvelope,1,1,0.328192,37275,246,34.8418,2438,2438,0,5.57014e-05,0.00249477,0,0,0.0120703,0.103152,248,151,0.991935,0,0,0,0.89607,0.098994,0.00493628,37275,9880218,36858
1,cage,31,isSafe,1,1,0.0903778,38071,201,17.2278,10,863,0,0.00413287,0.00249477,0,0,0,0,1664,198,0.120793,0,0,0,0,0,0,0,0,0
1,cage,31,qpFixed,1,1,0.0406208,5257,31,16.0556,1505,1505,0,0.000348669,0.00249477,0,0,0.00899609,0,17,13,1.82353,0,0,0,1,0,0,5257,1399126,4656
1,cage,31,qpPlain,1,1,0.0465076,5257,31,16.0556,1505,1505,0,0.000348669,0.00249477,0,0,0.00899609,0,17,13,1.82353,0,0,0,1,0,0,5257,1803151,5257
1,cage,31,qpAdaptive,1,1,0.026831,3206,31,16.0543,1300,1300,0,0.000371288,0.00249477,0,0,0.0147759,0.35995,17,13,1.82353,0,0,0,0.638178,0.356519,0.00530256,3206,850763,3088
1,cage,31,qpFreeGate,1,1,2.79671,488795,829,24.1396,2899,2899,0,0.00138078,0.00249477,0,0,0.00282395,0,4379,796,0.189313,0,0,0,1,0,0,0,0,0
1,cage,31,qpEnvelope,1,1,0.0198347,2169,32,16.0842,1122,1122,0,0.000378634,0.00249477,0,0,0.0219547,0.345781,17,13,1.88235,0,0,0,0.650991,0.336561,0.0124481,2169,572816,2099
1,cage,38,isSafe,1,1,0.979895,394272,2851,22.9479,14,1149,0,0.00116031,0.00249477,0,0,0,0,27838,2848,0.102414,0,0,0,0,0,0,0,0,0
1,cage,38,qpFixed,1,1,0.160995,20212,121,25.1258,2127,2127,0,0.00213939,0.00249477,0,0,0.00901134,0,76,60,1.59211,0,0,0,1,0,0,20212,5431181,17888
1,cage,38,qpPlain,1,1,0.183836,20212,121,25.1258,2127,2127,0,0.00213939,0.00249477,0,0,0.00901134,0,76,60,1.59211,0,0,0,1,0,0,20212,6932716,20212
1,cage,38,qpAdaptive,1,1,0.0238811,2701,36,17.2295,1280,1280,0,0.00215091,0.00249477,0,0,0.0151271,0.339874,14,12,2.57143,0,0,0,0.656053,0.336912,0.00703443,2701,749572,2589
1,cage,38,qpFreeGate,1,1,4.56189,791196,1212,25.1518,3057,3057,0,0.000676272,0.00249477,0,0,0.0025915,0,6754,1174,0.179449,0,0,0,1,0,0,0,0,0
1,cage,38,qpEnvelope,1,1,0.0166619,1722,37,17.2979,1099,1099,0,0.00160883,0.00249477,0,0,0.0237974,0.310105,14,12,2.64286,0,0,0,0.684669,0.300232,0.0150987,1722,482020,1671
1,cage,45,isSafe,1,1,0.220871,94406,538,32.446,19,1624,0,0.00516488,1.39925e-05,0,0,0,0,5051,534,0.106514,0,0,0,0,0,0,0,0,0
1,cage,45,qpFixed,1,1,0.0803298,9952,58,15.8916,1375,1375,0,0.000262892,0.00249477,0,0,0.0086504,0,35,28,1.65714,0,0,0,1,0,0,9952,2753146,9236
1,cage,45,qpPlain,1,1,0.0854905,9952,58,15.8916,1375,1375,0,0.000262892,0.00249477,0,0,0.0086504,0,35,28,1.65714,0,0,0,1,0,0,9952,3413536,9952
1,cage,45,qpAdaptive,1,1,0.0619545,7043,58,15.8999,1274,1274,0,0.000263007,0.00249477,0,0,0.0122302,0.290785,35,28,1.65714,0,0,0,0.707227,0.288371,0.00440153,7043,1951958,6801
1,cage,45,qpFreeGate,1,1,1.842,319565,532,33.5867,3608,3608,0,0.00245471,0.00249477,0,0,0.00284723,0,2732,501,0.194729,0,0,0,1,0,0,0,0,0
1,cage,45,qpEnvelope,1,1,0.0775632,7845,71,13.7402,872,872,0,0.000277687,0.00249477,0,0,0.0150682,0.248438,52,39,1.36538,0,0,0,0.750159,0.243595,0.00624602,7845,2170453,7646
1,cage,52,isSafe,1,1,0.335341,145255,868,22.4106,13,1122,0,0.00309412,0.00249477,0,0,0,0,7822,864,0.110969,0,0,0,0,0,0,0,0,0
1,cage,52,qpFixed,1,1,0.0639986,7930,47,15.4249,1382,1382,0,0.00108877,0.00249477,0,0,0.0092571,0,29,24,1.62069,0,0,0,1,0,0,7930,2121717,7199
1,cage,52,qpPlain,1,1,0.0693966,7930,47,15.4249,1382,1382,0,0.00108877,0.00249477,0,0,0.0092571,0,29,24,1.62069,0,0,0,1,0,0,7930,2719990,7930
1,cage,52,qpAdaptive,1,1,0.0495124,5710,47,15.4287,1118,1118,0,0.001068,0.00249477,0,0,0.01286,0.278459,29,24,1.62069,0,0,0,0.71979,0.276007,0.00420315,5710,1520059,5574
1,cage,52,qpFreeGate,1,1,0.735217,127274,247,20.1706,2403,2403,0,0.00319595,0.00249477,0,0,0.0034077,0,930,217,0.265591,0,0,0,1,0,0,0,0,0
1,cage,52,qpEnvelope,1,1,0.0357274,3752,47,15.4563,924,924,0,0.000969306,0.00249477,0,0,0.0196365,0.20549,29,24,1.62069,0,0,0,0.793177,0.198561,0.00826226,3752,963917,3704
1,cage,59,isSafe,1,1,0.245828,104610,611,16.6673,10,835,0,0.00306112,0.00249477,0,0,0,0,5622,608,0.10868,0,0,0,0,0,0,0,0,0
1,cage,59,qpFixed,1,1,0.0752717,9546,55,21.5096,1822,1822,0,0.000213635,0.00249477,0,0,0.008502,0,38,25,1.44737,0,0,0,1,0,0,9546,2584892,8334
1,cage,59,qpPlain,1,1,0.0813387,9546,55,21.5096,1822,1822,0,0.000213635,0.00249477,0,0,0.008502,0,38,25,1.44737,0,0,0,1,0,0,9546,3274278,9546
1,cage,59,qpAdaptive,1,1,0.0589916,6808,55,21.5244,1546,1546,0,0.000209785,0.00249477,0,0,0.0119439,0.304935,38,25,1.44737,0,0,0,0.692861,0.302438,0.00470035,6808,1862965,6628
1,cage,59,qpFreeGate,1,1,0.718928,124375,248,21.808,2360,2360,0,0.000675883,0.00249477,0,0,0.00351256,0,960,225,0.258333,0,0,0,1,0,0,0,0,0
1,cage,59,qpEnvelope,1,1,0.143752,15940,128,23.5477,1530,1530,0,0.000148882,0.00249477,0,0,0.014003,0.173275,109,75,1.17431,0,0,0,0.825659,0.168883,0.00545797,15940,4218676,15713
1,cage,66,isSafe,1,1,0.558565,231072,1512,13.775,9,690,0,0.0164892,0.00249477,0,0,0,0,13646,1508,0.110802,0,0,0,0,0,0,0,0,0
1,cage,66,qpFixed,1,1,0.0271982,3760,24,20.6232,1671,1671,0,0.0004252,0.00249477,0,0,0.00999745,0,11,9,2.18182,0,0,0,1,0,0,3760,931596,2623
1,cage,66,qpPlain,1,1,0.0311194,3760,24,20.6232,1671,1671,0,0.0004252,0.00249477,0,0,0.00999745,0,11,9,2.18182,0,0,0,1,0,0,3760,1289680,3760
1,cage,66,qpAdaptive,1,1,0.0167967,2100,24,20.6227,1356,1356,0,0.000424675,0.00249477,0,0,0.0179308,0.221429,11,9,2.18182,0,0,0,0.774762,0.217619,0.00761905,2100,524436,2011
1,cage,66,qpFreeGate,1,1,1.15465,199613,389,17.242,1949,1949,0,0.00716775,0.00249477,0,0,0.0033148,0,1550,368,0.250968,0,0,0,1,0,0,0,0,0
1,cage,66,qpEnvelope,1,1,0.0131041,1576,24,20.6116,1240,1240,0,0.000440555,0.00249477,0,0,0.0239325,0.15165,11,9,2.18182,0,0,0,0.847081,0.140228,0.0126904,1576,389400,1538
1,cage,73,isSafe,1,1,0.282913,120920,716,26.1754,16,1310,0,0.00331039,0.00249477,0,0,0,0,6704,713,0.106802,0,0,0,0,0,0,0,0,0
1,cage,73,qpFixed,1,1,0.0549097,7027,43,16.6369,1489,1489,0,0.000579705,0.00249477,0,0,0.00942937,0,23,19,1.86957,0,0,0,1,0,0,7027,1883561,5872
1,cage,73,qpPlain,1,1,0.0600351,7027,43,16.6369,1489,1489,0,0.000579705,0.00249477,0,0,0.00942937,0,23,19,1.86957,0,0,0,1,0,0,7027,2410261,7027
1,cage,73,qpAdaptive,1,1,0.0395015,4576,43,16.6589,1154,1154,0,0.000562744,0.00249477,0,0,0.0144989,0.293706,23,19,1.86957,0,0,0,0.705638,0.289554,0.00480769,4576,1221904,4421
1,cage,73,qpFreeGate,1,1,0.572087,98645,203,16.7458,1917,1917,0,0.0032304,0.00249477,0,0,0.00348644,0,766,187,0.265013,0,0,0,1,0,0,0,0,0
1,cage,73,qpEnvelope,1,1,0.0324532,3311,40,16.7465,1023,1023,0,0.000442155,0.00249477,0,0,0.0199076,0.263063,23,18,1.73913,0,0,0,0.735125,0.257022,0.00785261,3311,921046,3260
1,cage,80,isSafe,1,1,0.102893,45428,232,14.7658,9,740,0,0.00882785,0.00249477,0,0,0,0,1783,228,0.130118,0,0,0,0,0,0,0,0,0
1,cage,80,qpFixed,1,1,0.00888775,1183,9,10.416,1184,1184,0,0.000280403,0.00249477,0,0,0.00880473,0,1,1,9,0,0,0,1,0,0,1183,334913,645
1,cage,80,qpPlain,1,1,0.00942239,1183,9,10.416,1184,1184,0,0.000280403,0.00249477,0,0,0.00880473,0,1,1,9,0,0,0,1,0,0,1183,405769,1183
1,cage,80,qpAdaptive,1,1,0.00526607,590,9,10.4157,922,922,0,0.000262406,0.00249477,0,0,0.0176538,0.177966,1,1,9,0,0,0,0.820339,0.171186,0.00847458,590,176568,541
1,cage,80,qpFreeGate,1,1,3.84058,674478,1131,20.3353,2153,2153,0,0.00288101,0.00249477,0,0,0.00265164,0,6510,1112,0.173733,0,0,0,1,0,0,0,0,0
1,cage,80,qpEnvelope,1,1,0.00453627,497,9,10.4191,869,869,0,0.000232676,0.00249477,0,0,0.0209641,0.112676,1,1,9,0,0,0,0.887324,0.102616,0.0100604,497,149554,476
1,cage,87,isSafe,1,1,0.165665,71070,397,15.1713,9,760,0,0.000308848,0.00249477,0,0,0,0,3544,394,0.11202,0,0,0,0,0,0,0,0,0
1,cage,87,qpFixed,1,1,0.0549884,7034,41,26.2744,2054,2054,0,2.90125e-05,0.00249477,0,0,0.00969938,0,27,21,1.51852,0,0,0,1,0,0,7034,1812195,5932
1,cage,87,qpPlain,1,1,0.0609652,7034,41,26.2744,2054,2054,0,2.90125e-05,0.00249477,0,0,0.00969938,0,27,21,1.51852,0,0,0,1,0,0,7034,2412662,7034
1,cage,87,qpAdaptive,1,1,0.0399527,4577,41,26.2804,1833,1833,0,2.88369e-05,0.00249477,0,0,0.0149231,0.31265,27,21,1.51852,0,0,0,0.685602,0.309591,0.00480664,4577,1215847,4415
1,cage,87,qpFreeGate,1,1,1.94144,336845,534,20.805,2229,2229,0,0.00325598,0.00249477,0,0,0.00278906,0,2688,508,0.198661,0,0,0,1,0,0,0,0,0
1,cage,87,qpEnvelope,1,1,0.0275021,2905,42,26.3935,1650,1650,0,2.52261e-05,0.00249477,0,0,0.0236388,0.267126,27,21,1.55556,0,0,0,0.731153,0.257143,0.011704,2905,766815,2828
1,cage,94,isSafe,1,1,0.0498384,20926,108,19.2543,12,964,0,0.0028052,0.00249477,0,0,0,0,762,104,0.141732,0,0,0,0,0,0,0,0,0
1,cage,94,qpFixed,1,1,0.460352,56755,234,16.0131,1488,1488,0,2.91458e-05,0.00249477,0,0,0.00771001,0,244,140,0.959016,0,0,0,1,0,0,56755,15173268,52319
1,cage,94,qpPlain,1,1,0.499131,56755,234,16.0131,1488,1488,0,2.91458e-05,0.00249477,0,0,0.00771001,0,244,140,0.959016,0,0,0,1,0,0,56755,19466965,56755
1,cage,94,qpAdaptive,1,1,0.397819,46034,233,16.0251,1277,1277,0,1.92204e-05,0.00249477,0,0,0.00951367,0.170939,244,140,0.954918,0,0,0,0.828062,0.169179,0.00275883,46034,12261700,45098
1,cage,94,qpFreeGate,1,1,0.915473,157470,295,27.3306,2767,2767,0,0.000752659,0.00249477,0,0,0.0031744,0,1239,261,0.238095,0,0,0,1,0,0,0,0,0
1,cage,94,qpEnvelope,1,1,0.330658,36984,232,14.8702,946,946,27,-7.94286e-05,0.00249477,0,0,0.0118956,0.131111,244,140,0.95082,0,0,0,0.867963,0.127278,0.00475907,36984,9756447,36578
1,bookshelf_tall,5,isSafe,1,0,10.0101,2,1,0,0,0,0,inf,inf,0,0,0,0,0,0,0,0,0,0,0,0,0,0,0,0
1,bookshelf_tall,5,qpFixed,1,0,10.0001,1172054,5053,0,0,0,0,inf,inf,0,0,0.00766065,0,19191,5051,0.263301,0,0,0,1,0,0,1172054,351074333,1026605
1,bookshelf_tall,5,qpPlain,1,0,10.0005,1167531,5038,0,0,0,0,inf,inf,0,0,0.00766617,0,19117,5036,0.263535,0,0,0,1,0,0,1167531,400463133,1167531
1,bookshelf_tall,5,qpAdaptive,1,0,10.0002,1104457,5852,0,0,0,0,inf,inf,0,0,0.00939928,0.114149,22655,5850,0.258309,0,0,0,0.883184,0.113504,0.00331197,1104457,333763470,1071057
1,bookshelf_tall,5,qpFreeGate,1,0,10.0004,1654930,5188,0,0,0,0,inf,inf,0,0,0.00361092,0,34603,5186,0.149929,0,0,0,1,0,0,0,0,0
1,bookshelf_tall,5,qpEnvelope,1,0,10.0004,1083148,6422,0,0,0,0,inf,inf,0,0,0.0104769,0.0287024,24999,6420,0.25689,0,0,0,0.97053,0.0254751,0.00399543,1083148,327377241,1071586
1,bookshelf_tall,12,isSafe,1,0,10.0001,2841708,31408,0,0,0,0,inf,inf,0,0,0,0,288813,31406,0.108749,0,0,0,0,0,0,0,0,0
1,bookshelf_tall,12,qpFixed,1,0,10.0005,1197754,2333,0,0,0,0,inf,inf,0,0,0.00563191,0,5530,2212,0.421881,0,0,0,1,0,0,1197754,361817438,1144247
1,bookshelf_tall,12,qpPlain,1,0,10.0015,1193621,2324,0,0,0,0,inf,inf,0,0,0.00563292,0,5510,2203,0.421779,0,0,0,1,0,0,1193621,409412003,1193621
1,bookshelf_tall,12,qpAdaptive,1,0,10.002,1124636,2399,0,0,0,0,inf,inf,0,0,0.00616285,0.054278,5715,2277,0.419773,0,0,0,0.945458,0.0536263,0.000915854,1124636,340715983,1112976
1,bookshelf_tall,12,qpFreeGate,1,0,10.0002,1739968,2793,0,0,0,0,inf,inf,0,0,0.00239193,0,16138,2790,0.17307,0,0,0,1,0,0,0,0,0
1,bookshelf_tall,12,qpEnvelope,1,0,10.0001,1104686,2457,0,0,0,0,inf,inf,0,0,0.00642173,0.0102391,5900,2338,0.416441,0,0,0,0.989698,0.00928501,0.00101658,1104686,334847658,1101004
1,bookshelf_tall,20,isSafe,1,0,10.0078,2,1,0,0,0,0,inf,inf,0,0,0,0,0,0,0,0,0,0,0,0,0,0,0,0
1,bookshelf_tall,20,qpFixed,1,0,10.0012,1196903,5113,0,0,0,0,inf,inf,0,0,0.00764557,0,19429,5111,0.263163,0,0,0,1,0,0,1196903,357570666,1054232
1,bookshelf_tall,20,qpPlain,1,0,10.0011,1182191,5044,0,0,0,0,inf,inf,0,0,0.00764955,0,19163,5042,0.263216,0,0,0,1,0,0,1182191,405491513,1182191
1,bookshelf_tall,20,qpAdaptive,1,0,10.0006,1106375,5812,0,0,0,0,inf,inf,0,0,0.00934363,0.109141,22349,5810,0.260056,0,0,0,0.888303,0.108498,0.00319904,1106375,333161209,1073815
1,bookshelf_tall,20,qpFreeGate,1,0,10,1654800,5083,0,0,0,0,inf,inf,0,0,0.00355881,0,33849,5081,0.150167,0,0,0,1,0,0,0,0,0
1,bookshelf_tall,20,qpEnvelope,1,0,10.001,1078357,6262,0,0,0,0,inf,inf,0,0,0.0103192,0.0261732,24247,6260,0.258259,0,0,0,0.973152,0.0230478,0.00380011,1078357,324584973,1066720
1,bookshelf_tall,28,isSafe,1,1,0.00937158,4001,20,15.9015,9,797,0,0.00135494,0.00249477,0,0,0,0,80,16,0.25,0,0,0,0,0,0,0,0,0
1,bookshelf_tall,28,qpFixed,1,1,0.00593643,771,7,8.60614,689,689,0,0.00690802,0.00249477,0,0,0.0121314,0,2,2,3.5,0,0,0,1,0,0,771,196435,402
1,bookshelf_tall,28,qpPlain,1,1,0.00659382,771,7,8.60614,689,689,0,0.00690802,0.00249477,0,0,0.0121314,0,2,2,3.5,0,0,0,1,0,0,771,264453,771
1,bookshelf_tall,28,qpAdaptive,1,1,0.00264781,299,7,8.61076,543,543,0,0.00690802,0.00249477,0,0,0.031261,0.732441,2,2,3.5,0,0,0,0.257525,0.722408,0.0200669,299,79575,229
1,bookshelf_tall,28,qpFreeGate,1,1,0.0627861,10438,30,10.9916,1152,1152,0,0.00382751,0.00249477,0,0,0.00443164,0,80,24,0.375,0,0,0,1,0,0,0,0,0
1,bookshelf_tall,28,qpEnvelope,1,1,0.00142009,121,7,8.60526,476,476,0,0.00690802,0.00249477,0,0,0.0775572,0.909091,2,2,3.5,0,0,0,0.0909091,0.859504,0.0495868,121,33345,90
1,bookshelf_tall,35,isSafe,1,0,10,2868669,31831,0,0,0,0,inf,inf,0,0,0,0,285574,31829,0.111463,0,0,0,0,0,0,0,0,0
1,bookshelf_tall,35,qpFixed,1,0,10.0005,1208199,2333,0,0,0,0,inf,inf,0,0,0.00562765,0,5566,2219,0.419152,0,0,0,1,0,0,1208199,364128484,1153637
1,bookshelf_tall,35,qpPlain,1,0,10.0013,1167654,2263,0,0,0,0,inf,inf,0,0,0.0056459,0,5367,2149,0.421651,0,0,0,1,0,0,1167654,400505322,1167654
1,bookshelf_tall,35,qpAdaptive,1,0,10.0013,1117877,2358,0,0,0,0,inf,inf,0,0,0.00614967,0.0520952,5634,2244,0.41853,0,0,0,0.947627,0.0514297,0.00094286,1117877,337928637,1105080
1,bookshelf_tall,35,qpFreeGate,1,0,10,1738279,2842,0,0,0,0,inf,inf,0,0,0.00239205,0,16070,2837,0.176851,0,0,0,1,0,0,0,0,0
1,bookshelf_tall,35,qpEnvelope,1,0,10.0004,1122707,2459,0,0,0,0,inf,inf,0,0,0.00644625,0.00958131,5983,2344,0.410998,0,0,0,0.990363,0.00860602,0.00103055,1122707,339047493,1118415
1,bookshelf_tall,42,isSafe,1,1,0.0141924,5914,31,16.6986,10,836,0,0.00317917,0.00249477,0,0,0,0,162,27,0.191358,0,0,0,0,0,0,0,0,0
1,bookshelf_tall,42,qpFixed,1,1,0.0257049,3003,20,11.4013,1157,1157,0,0.000381225,0.00249477,0,0,0.00906135,0,9,9,2.22222,0,0,0,1,0,0,3003,889420,2607
1,bookshelf_tall,42,qpPlain,1,1,0.0264328,3003,20,11.4013,1157,1157,0,0.000381225,0.00249477,0,0,0.00906135,0,9,9,2.22222,0,0,0,1,0,0,3003,1030029,3003
1,bookshelf_tall,42,qpAdaptive,1,1,0.0209161,2168,20,11.4082,913,913,0,0.000431334,0.00249477,0,0,0.0125555,0.26476,9,9,2.22222,0,0,0,0.732934,0.261993,0.0050738,2168,663583,2098
1,bookshelf_tall,42,qpFreeGate,1,1,0.0283472,4788,16,17.6254,1505,1505,0,0.00147674,0.00249477,0,0,0.00513815,0,31,10,0.516129,0,0,0,1,0,0,0,0,0
1,bookshelf_tall,42,qpEnvelope,1,1,0.0141881,1339,20,11.4176,770,770,0,0.000388709,0.00249477,0,0,0.0203656,0.233757,9,9,2.22222,0,0,0,0.765497,0.22106,0.0134429,1339,408028,1313
1,bookshelf_tall,49,isSafe,1,1,0.00347959,1646,10,7.7469,5,389,0,0.00702697,0.00249477,0,0,0,0,28,7,0.357143,0,0,0,0,0,0,0,0,0
1,bookshelf_tall,49,qpFixed,1,1,0.0342048,4434,30,14.9363,1286,1286,0,0.00115896,0.00249477,0,0,0.0102943,0,15,13,2,0,0,0,1,0,0,4434,1092338,3625
1,bookshelf_tall,49,qpPlain,1,1,0.0388195,4434,30,14.9363,1286,1286,0,0.00115896,0.00249477,0,0,0.0102943,0,15,13,2,0,0,0,1,0,0,4434,1520862,4434
1,bookshelf_tall,49,qpAdaptive,1,1,0.0284159,3333,30,14.9529,1045,1045,0,0.00115675,0.00249477,0,0,0.0137011,0.177918,15,13,2,0,0,0,0.820582,0.174917,0.00450045,3333,836824,3195
1,bookshelf_tall,49,qpFreeGate,1,1,0.0213403,3737,13,8.9231,670,670,0,0.00702697,0.00249477,0,0,0.00547036,0,28,9,0.464286,0,0,0,1,0,0,0,0,0
1,bookshelf_tall,49,qpEnvelope,1,1,0.0200128,2211,29,14.265,839,839,0,0.00114024,0.00249477,0,0,0.0203149,0.127092,15,12,1.93333,0,0,0,0.871041,0.119005,0.00995475,2211,554087,2178
1,bookshelf_tall,56,isSafe,1,1,0.0101222,4419,23,15.879,9,795,0,0.00344067,0.00249477,0,0,0,0,55,18,0.418182,0,0,0,0,0,0,0,0,0
1,bookshelf_tall,56,qpFixed,1,1,0.00934083,1217,9,6.21107,570,570,0,0.00159358,0.00249477,0,0,0.0103402,0,4,4,2.25,0,0,0,1,0,0,1217,329649,788
1,bookshelf_tall,56,qpPlain,1,1,0.0100807,1217,9,6.21107,570,570,0,0.00159358,0.00249477,0,0,0.0103402,0,4,4,2.25,0,0,0,1,0,0,1217,417431,1217
1,bookshelf_tall,56,qpAdaptive,1,1,0.00489102,542,9,6.34544,448,448,0,0.00160303,0.00249477,0,0,0.0229132,0.51476,4,4,2.25,0,0,0,0.483395,0.505535,0.0110701,542,159365,467
1,bookshelf_tall,56,qpFreeGate,1,1,0.0294852,4629,27,9.06551,796,796,0,0.00711682,0.00249477,0,0,0.00731254,0,30,16,0.9,0,0,0,1,0,0,0,0,0
1,bookshelf_tall,56,qpEnvelope,1,1,0.00271296,255,9,6.41775,387,387,0,0.00150008,0.00249477,0,0,0.0490389,0.47451,4,4,2.25,0,0,0,0.521569,0.447059,0.0313725,255,74269,231
1,bookshelf_tall,63,isSafe,1,0,10.0039,2,1,0,0,0,0,inf,inf,0,0,0,0,0,0,0,0,0,0,0,0,0,0,0,0
1,bookshelf_tall,63,qpFixed,1,0,10.0011,1191139,5129,0,0,0,0,inf,inf,0,0,0.0076313,0,19505,5127,0.262958,0,0,0,1,0,0,1191139,356578677,1048177
1,bookshelf_tall,63,qpPlain,1,0,10.0005,1182368,5077,0,0,0,0,inf,inf,0,0,0.00763079,0,19337,5075,0.262554,0,0,0,1,0,0,1182368,405552224,1182368
1,bookshelf_tall,63,qpAdaptive,1,0,10.0002,1089290,5701,0,0,0,0,inf,inf,0,0,0.00925068,0.109928,21999,5699,0.259148,0,0,0,0.887605,0.109346,0.00304871,1089290,328874475,1056426
1,bookshelf_tall,63,qpFreeGate,1,0,10.0004,1664710,5135,0,0,0,0,inf,inf,0,0,0.00355141,0,35225,5133,0.145777,0,0,0,1,0,0,0,0,0
1,bookshelf_tall,63,qpEnvelope,1,0,10.0008,1076685,6288,0,0,0,0,inf,inf,0,0,0.0103105,0.0313406,24593,6286,0.255683,0,0,0,0.967853,0.0283036,0.00384369,1076685,324781471,1064687
1,bookshelf_tall,71,isSafe,1,1,0.0463599,21385,107,17.6718,11,885,0,0.00692828,0.00249477,0,0,0,0,852,103,0.125587,0,0,0,0,0,0,0,0,0
1,bookshelf_tall,71,qpFixed,1,1,0.0404866,5044,32,17.229,1346,1346,0,0.00195542,0.00249477,0,0,0.00986919,0,15,13,2.13333,0,0,0,1,0,0,5044,1408468,4242
1,bookshelf_tall,71,qpPlain,1,1,0.042881,5044,32,17.229,1346,1346,0,0.00195542,0.00249477,0,0,0.00986919,0,15,13,2.13333,0,0,0,1,0,0,5044,1730092,5044
1,bookshelf_tall,71,qpAdaptive,1,1,0.0298156,3433,29,21.0213,1572,1572,0,0.000213186,0.00249477,0,0,0.0142834,0.231285,15,12,1.93333,0,0,0,0.766968,0.228663,0.00436936,3433,971020,3212
1,bookshelf_tall,71,qpFreeGate,1,1,0.142846,25012,70,23.6792,2471,2471,0,0.00397759,0.00249477,0,0,0.00402286,0,190,55,0.368421,0,0,0,1,0,0,0,0,0
1,bookshelf_tall,71,qpEnvelope,1,1,0.0242155,2644,32,25.0461,1570,1570,0,0.000210555,0.00249477,0,0,0.0205053,0.218986,18,13,1.77778,0,0,0,0.779123,0.212179,0.00869894,2644,739834,2526
1,bookshelf_tall,78,isSafe,1,1,0.0108019,4872,26,9.23063,6,463,0,0.00444043,0.00249477,0,0,0,0,96,23,0.270833,0,0,0,0,0,0,0,0,0
1,bookshelf_tall,78,qpFixed,1,1,0.0544107,6422,49,15.0477,1221,1221,0,0.00253142,0.00249477,0,0,0.00904254,0,17,17,2.88235,0,0,0,1,0,0,6422,1875269,5827
1,bookshelf_tall,78,qpPlain,1,1,0.0585556,6422,49,15.0477,1221,1221,0,0.00253142,0.00249477,0,0,0.00904254,0,17,17,2.88235,0,0,0,1,0,0,6422,2202746,6422
1,bookshelf_tall,78,qpAdaptive,1,1,0.0420375,4571,47,15.0645,1068,1068,0,0.00252631,0.00249477,0,0,0.0127196,0.271494,17,17,2.76471,0,0,0,0.727193,0.266244,0.00656312,4571,1347481,4389
1,bookshelf_tall,78,qpFreeGate,1,1,0.0717675,12448,33,9.07992,650,650,0,0.00444043,0.00249477,0,0,0.00441301,0,96,29,0.34375,0,0,0,1,0,0,0,0,0
1,bookshelf_tall,78,qpEnvelope,1,1,0.0311503,3159,46,15.086,968,968,0,0.00223031,0.00249477,0,0,0.0183893,0.193416,17,17,2.70588,0,0,0,0.804685,0.183919,0.011396,3159,939521,3097
1,bookshelf_tall,85,isSafe,1,1,0.00595952,2694,16,13.9122,9,697,0,0.00142842,0.00249477,0,0,0,0,46,12,0.347826,0,0,0,0,0,0,0,0,0
1,bookshelf_tall,85,qpFixed,1,1,0.0731424,9267,41,17.6298,1715,1715,0,0.000182059,0.00249477,0,0,0.00760171,0,28,23,1.46429,0,0,0,1,0,0,9267,2471720,9081
1,bookshelf_tall,85,qpPlain,1,1,0.0829617,9267,41,17.6298,1715,1715,0,0.000182059,0.00249477,0,0,0.00760171,0,28,23,1.46429,0,0,0,1,0,0,9267,3178581,9267
1,bookshelf_tall,85,qpAdaptive,1,1,0.0510492,6191,43,23.8216,2010,2010,0,0.000184266,0.00249477,0,0,0.00948838,0.121628,20,18,2.15,0,0,0,0.877241,0.11969,0.00306897,6191,1631894,6133
1,bookshelf_tall,85,qpFreeGate,1,1,0.0415728,7011,25,17.5256,1587,1587,0,0.00564518,0.00249477,0,0,0.00526543,0,51,18,0.490196,0,0,0,1,0,0,0,0,0
1,bookshelf_tall,85,qpEnvelope,1,1,0.0431339,5009,43,23.9032,1776,1776,0,0.000128543,0.00249477,0,0,0.0117827,0.145139,20,18,2.15,0,0,0,0.853464,0.141146,0.0053903,5009,1314778,4979
1,bookshelf_tall,93,isSafe,1,1,0.0485974,21002,106,20.0548,12,1004,0,0.000437317,0.00249477,0,0,0,0,814,102,0.130221,0,0,0,0,0,0,0,0,0
1,bookshelf_tall,93,qpFixed,1,1,0.0161414,2037,19,14.2407,1163,1163,0,0.00035808,0.00249477,0,0,0.0106308,0,6,6,3.16667,0,0,0,1,0,0,2037,586456,1556
1,bookshelf_tall,93,qpPlain,1,1,0.017543,2037,19,14.2407,1163,1163,0,0.00035808,0.00249477,0,0,0.0106308,0,6,6,3.16667,0,0,0,1,0,0,2037,698691,2037
1,bookshelf_tall,93,qpAdaptive,1,1,0.00702243,769,18,13.0884,935,935,0,0.00035808,0.00249477,0,0,0.0181327,0.254876,3,3,6,0,0,0,0.739922,0.239272,0.0208062,769,243623,685
1,bookshelf_tall,93,qpFreeGate,1,1,0.261286,45320,100,23.1093,1946,1946,0,0.000674764,0.00249477,0,0,0.00364202,0,411,95,0.243309,0,0,0,1,0,0,0,0,0
1,bookshelf_tall,93,qpEnvelope,1,1,0.00887139,850,32,10.9878,698,698,0,0.000356943,0.00249477,0,0,0.0345559,0.294118,8,8,4,0,0,0,0.701176,0.26,0.0388235,850,267382,797
1,bookshelf_thin,1,isSafe,1,0,10.0004,2,1,0,0,0,0,inf,inf,0,0,0,0,0,0,0,0,0,0,0,0,0,0,0,0
1,bookshelf_thin,1,qpFixed,1,0,10,1218949,5407,0,0,0,0,inf,inf,0,0,0.00783081,0,19967,5405,0.270797,0,0,0,1,0,0,1218949,362015856,1038823
1,bookshelf_thin,1,qpPlain,1,0,10.0006,1196508,5307,0,0,0,0,inf,inf,0,0,0.00784221,0,19575,5305,0.271111,0,0,0,1,0,0,1196508,410402244,1196508
1,bookshelf_thin,1,qpAdaptive,1,0,10.0004,1085902,6040,0,0,0,0,inf,inf,0,0,0.00980546,0.103565,22645,6038,0.266726,0,0,0,0.894005,0.102475,0.0035207,1085902,325430455,1048957
1,bookshelf_thin,1,qpFreeGate,1,0,10,1654210,5816,0,0,0,0,inf,inf,0,0,0.00395169,0,36110,5814,0.161063,0,0,0,1,0,0,0,0,0
1,bookshelf_thin,1,qpEnvelope,1,0,10.0005,1101845,6707,0,0,0,0,inf,inf,0,0,0.0106945,0.0175551,25425,6705,0.263795,0,0,0,0.981987,0.0139308,0.0040825,1101845,330051131,1088820
1,bookshelf_thin,8,isSafe,1,1,0.021541,8956,44,12.5217,8,628,0,0.00426641,0.00249477,0,0,0,0,158,40,0.278481,0,0,0,0,0,0,0,0,0
1,bookshelf_thin,8,qpFixed,1,1,0.00303646,431,6,6.50976,432,432,0,0.000718232,0.00249477,0,0,0.0151039,0,1,1,6,0,0,0,1,0,0,431,98863,161
1,bookshelf_thin,8,qpPlain,1,1,0.00350128,431,6,6.50976,432,432,0,0.000718232,0.00249477,0,0,0.0151039,0,1,1,6,0,0,0,1,0,0,431,147833,431
1,bookshelf_thin,8,qpAdaptive,1,1,0.00152981,192,6,6.50976,398,398,0,0.000718232,0.00249477,0,0,0.033905,0.135417,1,1,6,0,0,0,0.859375,0.125,0.015625,192,45513,161
1,bookshelf_thin,8,qpFreeGate,1,1,0.111472,19351,57,15.1702,1375,1375,0,0.00426641,0.00249477,0,0,0.00473393,0,158,52,0.360759,0,0,0,1,0,0,0,0,0
1,bookshelf_thin,8,qpEnvelope,1,1,0.00135449,158,6,6.51537,389,389,0,0.000718232,0.00249477,0,0,0.0412365,0.196203,1,1,6,0,0,0,0.803797,0.170886,0.0253165,158,37376,141
1,bookshelf_thin,15,isSafe,1,0,10.0024,2,1,0,0,0,0,inf,inf,0,0,0,0,0,0,0,0,0,0,0,0,0,0,0,0
1,bookshelf_thin,15,qpFixed,1,1,0.00664185,831,10,9.58854,713,713,0,0.00153528,0.00249477,0,0,0.0123156,0,2,2,5,0,0,0,1,0,0,831,222851,502
1,bookshelf_thin,15,qpPlain,1,1,0.0069698,831,10,9.58854,713,713,0,0.00153528,0.00249477,0,0,0.0123156,0,2,2,5,0,0,0,1,0,0,831,285033,831
1,bookshelf_thin,15,qpAdaptive,1,1,0.00472572,529,10,9.58936,650,650,0,0.00153207,0.00249477,0,0,0.0193481,0.128544,2,2,5,0,0,0,0.867675,0.120983,0.0113422,529,147445,481
1,bookshelf_thin,15,qpFreeGate,1,0,10.0004,1663143,5656,0,0,0,0,inf,inf,0,0,0.00390185,0,35723,5654,0.158329,0,0,0,1,0,0,0,0,0
1,bookshelf_thin,15,qpEnvelope,1,1,0.00354145,395,9,9.59237,595,595,0,0.0013608,0.00249477,0,0,0.0259045,0.101266,2,2,4.5,0,0,0,0.896203,0.0886076,0.0151899,395,110533,381
1,bookshelf_thin,22,isSafe,1,1,0.0469133,20631,105,17.8248,10,893,0,0.00245457,0.00249477,0,0,0,0,748,102,0.140374,0,0,0,0,0,0,0,0,0
1,bookshelf_thin,22,qpFixed,1,1,0.0112232,1456,12,13.3133,986,986,0,0.00229377,0.00249477,0,0,0.0111187,0,4,4,3,0,0,0,1,0,0,1456,370989,963
1,bookshelf_thin,22,qpPlain,1,1,0.0125098,1456,12,13.3133,986,986,0,0.00229377,0.00249477,0,0,0.0111187,0,4,4,3,0,0,0,1,0,0,1456,499408,1456
1,bookshelf_thin,22,qpAdaptive,1,1,0.00684349,752,12,13.3381,845,845,0,0.00230166,0.00249477,0,0,0.021645,0.277926,4,4,3,0,0,0,0.720745,0.269947,0.00930851,752,198935,672
1,bookshelf_thin,22,qpFreeGate,1,1,0.0501904,8358,37,24.1134,2007,2007,0,0.00451674,0.00249477,0,0,0.00695111,0,75,31,0.493333,0,0,0,1,0,0,0,0,0
1,bookshelf_thin,22,qpEnvelope,1,1,0.00459102,477,11,13.3772,777,777,0,0.00204111,0.00249477,0,0,0.0342437,0.312369,4,4,2.75,0,0,0,0.687631,0.293501,0.0188679,477,125609,442
1,bookshelf_thin,29,isSafe,1,1,0.00197908,955,7,8.78674,6,441,0,0.00053333,0.00249477,0,0,0,0,5,3,1.4,0,0,0,0,0,0,0,0,0
1,bookshelf_thin,29,qpFixed,1,1,0.00310338,545,6,7.04414,546,546,0,0.00525609,0.00249477,0,0,0.012925,0,1,1,6,0,0,0,1,0,0,545,120928,36
1,bookshelf_thin,29,qpPlain,1,1,0.00410926,545,6,7.04414,546,546,0,0.00525609,0.00249477,0,0,0.012925,0,1,1,6,0,0,0,1,0,0,545,186935,545
1,bookshelf_thin,29,qpAdaptive,1,1,0.000583114,80,6,7.04412,389,389,0,0.00525609,0.00249477,0,0,0.0880516,0.725,1,1,6,0,0,0,0.275,0.675,0.05,80,19418,33
1,bookshelf_thin,29,qpFreeGate,1,1,0.0168286,2724,19,13.8003,1303,1303,0,0.00576076,0.00249477,0,0,0.00774154,0,13,9,1.46154,0,0,0,1,0,0,0,0,0
1,bookshelf_thin,29,qpEnvelope,1,1,0.000413601,42,6,7.04431,375,375,0,0.00525609,0.00249477,0,0,0.167722,0.571429,1,1,6,0,0,0,0.428571,0.47619,0.0952381,42,10022,26
1,bookshelf_thin,36,isSafe,1,0,10.0072,2,1,0,0,0,0,inf,inf,0,0,0,0,0,0,0,0,0,0,0,0,0,0,0,0
1,bookshelf_thin,36,qpFixed,1,0,10.0003,1221810,5207,0,0,0,0,inf,inf,0,0,0.00772542,0,19805,5205,0.262913,0,0,0,1,0,0,1221810,361839195,1050169
1,bookshelf_thin,36,qpPlain,1,0,10.0008,1133378,4847,0,0,0,0,inf,inf,0,0,0.00778321,0,18293,4845,0.264965,0,0,0,1,0,0,1133378,388748654,1133378
1,bookshelf_thin,36,qpAdaptive,1,0,10,1119282,5947,0,0,0,0,inf,inf,0,0,0.00953547,0.0990769,22825,5945,0.260548,0,0,0,0.898642,0.0980739,0.00328429,1119282,334307157,1082888
1,bookshelf_thin,36,qpFreeGate,1,0,10.0002,1650149,5606,0,0,0,0,inf,inf,0,0,0.00387588,0,35423,5604,0.158259,0,0,0,1,0,0,0,0,0
1,bookshelf_thin,36,qpEnvelope,1,0,10.0009,1097208,6317,0,0,0,0,inf,inf,0,0,0.0103645,0.0159423,24499,6315,0.257847,0,0,0,0.983671,0.0125956,0.00373343,1097208,327377730,1085665
1,bookshelf_thin,43,isSafe,1,1,0.00803234,3454,19,13.5623,8,680,0,0.0033737,0.00249477,0,0,0,0,74,16,0.256757,0,0,0,0,0,0,0,0,0
1,bookshelf_thin,43,qpFixed,1,1,0.00789729,1018,9,11.6278,894,894,0,0.000199565,0.00249477,0,0,0.0122703,0,2,2,4.5,0,0,0,1,0,0,1018,277887,608
1,bookshelf_thin,43,qpPlain,1,1,0.00883055,1018,9,11.6278,894,894,0,0.000199565,0.00249477,0,0,0.0122703,0,2,2,4.5,0,0,0,1,0,0,1018,349174,1018
1,bookshelf_thin,43,qpAdaptive,1,1,0.00536006,630,9,11.6281,780,780,0,0.000199565,0.00249477,0,0,0.0198277,0.24127,2,2,4.5,0,0,0,0.75873,0.234921,0.00634921,630,177317,527
1,bookshelf_thin,43,qpFreeGate,1,1,0.0211618,3633,15,14.2696,1239,1239,0,0.0033737,0.00249477,0,0,0.00607426,0,21,10,0.714286,0,0,0,1,0,0,0,0,0
1,bookshelf_thin,43,qpEnvelope,1,1,0.00388343,431,9,11.6264,712,712,0,0.000199565,0.00249477,0,0,0.0289793,0.201856,2,2,4.5,0,0,0,0.793503,0.192575,0.0139211,431,119406,382
1,bookshelf_thin,50,isSafe,1,1,0.00341826,1454,9,9.93167,6,498,0,0.00314805,0.00249477,0,0,0,0,16,5,0.5625,0,0,0,0,0,0,0,0,0
1,bookshelf_thin,50,qpFixed,1,1,0.0042812,560,6,7.11855,561,561,1,-8.41094e-05,0.00249477,0,0,0.0127117,0,1,1,6,0,0,0,1,0,0,560,140507,266
1,bookshelf_thin,50,qpPlain,1,1,0.00498104,560,6,7.11855,561,561,1,-8.41094e-05,0.00249477,0,0,0.0127117,0,1,1,6,0,0,0,1,0,0,560,192080,560
1,bookshelf_thin,50,qpAdaptive,1,1,0.00225773,280,6,7.12168,465,465,4,-0.000506985,0.00249477,0,0,0.0254346,0.214286,1,1,6,0,0,0,0.782143,0.207143,0.0107143,280,67906,249
1,bookshelf_thin,50,qpFreeGate,1,1,0.0152728,2506,12,11.6408,948,948,0,0.00314805,0.00249477,0,0,0.00663399,0,17,7,0.705882,0,0,0,1,0,0,0,0,0
1,bookshelf_thin,50,qpEnvelope,1,1,0.00162553,190,6,7.11844,434,434,3,-0.00061467,0.00249477,0,0,0.0374655,0.194737,1,1,6,0,0,0,0.8,0.178947,0.0210526,190,46229,176
1,bookshelf_thin,57,isSafe,1,0,10.007,2,1,0,0,0,0,inf,inf,0,0,0,0,0,0,0,0,0,0,0,0,0,0,0,0
1,bookshelf_thin,57,qpFixed,1,1,0.00729704,1008,9,8.56396,648,648,0,0.002456,0.00249477,0,0,0.0119585,0,2,2,4.5,0,0,0,1,0,0,1008,264906,409
1,bookshelf_thin,57,qpPlain,1,1,0.00851348,1008,9,8.56396,648,648,0,0.002456,0.00249477,0,0,0.0119585,0,2,2,4.5,0,0,0,1,0,0,1008,345744,1008
1,bookshelf_thin,57,qpAdaptive,1,1,0.00427819,493,9,8.57005,483,483,0,0.002456,0.00249477,0,0,0.0244631,0.131846,2,2,4.5,0,0,0,0.864097,0.125761,0.010142,493,131806,394
1,bookshelf_thin,57,qpFreeGate,1,0,10.0003,1655406,5598,0,0,0,0,inf,inf,0,0,0.00385279,0,35299,5596,0.158588,0,0,0,1,0,0,0,0,0
1,bookshelf_thin,57,qpEnvelope,1,1,0.00394432,430,9,8.58843,455,455,0,0.002456,0.00249477,0,0,0.0281119,0.0372093,2,2,4.5,0,0,0,0.962791,0.0255814,0.0116279,430,113219,386
1,bookshelf_thin,64,isSafe,1,1,0.00721617,3104,17,13.9699,8,700,0,0.00100975,0.00249477,0,0,0,0,40,13,0.425,0,0,0,0,0,0,0,0,0
1,bookshelf_thin,64,qpFixed,1,1,0.050889,6009,31,19.067,1611,1611,0,0.000400795,0.00249477,0,0,0.00886721,0,21,14,1.47619,0,0,0,1,0,0,6009,1734576,5080
1,bookshelf_thin,64,qpPlain,1,1,0.0525589,6009,31,19.067,1611,1611,0,0.000400795,0.00249477,0,0,0.00886721,0,21,14,1.47619,0,0,0,1,0,0,6009,2061087,6009
1,bookshelf_thin,64,qpAdaptive,1,1,0.0416884,4324,31,19.0689,1381,1381,0,0.000400795,0.00249477,0,0,0.0123415,0.224792,21,14,1.47619,0,0,0,0.773821,0.222248,0.00393154,4324,1281306,4147
1,bookshelf_thin,64,qpFreeGate,1,1,0.0781712,13565,43,15.2586,1444,1444,0,0.00177661,0.00249477,0,0,0.00431196,0,86,30,0.5,0,0,0,1,0,0,0,0,0
1,bookshelf_thin,64,qpEnvelope,1,1,0.0303567,3072,31,19.1319,1232,1232,0,0.000400795,0.00249477,0,0,0.0174756,0.166016,21,14,1.47619,0,0,0,0.833333,0.159505,0.00716146,3072,914550,2977
1,bookshelf_thin,71,isSafe,1,1,0.00831972,3370,17,9.92619,6,498,0,0.00366804,0.00249477,0,0,0,0,95,14,0.178947,0,0,0,0,0,0,0,0,0
1,bookshelf_thin,71,qpFixed,1,1,0.00336947,489,6,6.46357,490,490,0,0.00525068,0.00249477,0,0,0.0132179,0,1,1,6,0,0,0,1,0,0,489,131000,121
1,bookshelf_thin,71,qpPlain,1,1,0.00363177,489,6,6.46357,490,490,0,0.00525068,0.00249477,0,0,0.0132179,0,1,1,6,0,0,0,1,0,0,489,167727,489
1,bookshelf_thin,71,qpAdaptive,1,1,0.0012281,149,6,6.4744,380,380,0,0.00526085,0.00249477,0,0,0.0434523,0.355705,1,1,6,0,0,0,0.637584,0.33557,0.0268456,149,40700,97
1,bookshelf_thin,71,qpFreeGate,1,1,0.0516861,8884,22,6.16171,628,628,0,0.00398939,0.00249477,0,0,0.00445719,0,60,17,0.366667,0,0,0,1,0,0,0,0,0
1,bookshelf_thin,71,qpEnvelope,1,1,0.000866906,84,6,6.51489,359,359,0,0.00547967,0.00249477,0,0,0.0775582,0.27381,1,1,6,0,0,0,0.72619,0.22619,0.047619,84,22804,70
1,bookshelf_thin,79,isSafe,1,1,0.00561587,2269,14,8.2013,6,412,0,0.00685104,0.00249477,0,0,0,0,34,10,0.411765,0,0,0,0,0,0,0,0,0
1,bookshelf_thin,79,qpFixed,1,1,0.0169504,2182,18,5.96584,461,461,0,0.00685104,0.00249477,0,0,0.00974837,0,6,5,3,0,0,0,1,0,0,2182,568180,1821
1,bookshelf_thin,79,qpPlain,1,1,0.0185851,2182,18,5.96584,461,461,0,0.00685104,0.00249477,0,0,0.00974837,0,6,5,3,0,0,0,1,0,0,2182,748426,2182
1,bookshelf_thin,79,qpAdaptive,1,1,0.0131204,1525,18,5.97329,351,351,0,0.00685104,0.00249477,0,0,0.0139653,0.229508,6,5,3,0,0,0,0.768525,0.225574,0.00590164,1525,391943,1463
1,bookshelf_thin,79,qpFreeGate,1,1,0.0457827,7934,22,17.124,1422,1422,0,0.00685104,0.00249477,0,0,0.00441016,0,53,18,0.415094,0,0,0,1,0,0,0,0,0
1,bookshelf_thin,79,qpEnvelope,1,1,0.00870388,921,19,6.00486,324,324,0,0.00685104,0.00249477,0,0,0.0233366,0.221498,6,5,3.16667,0,0,0,0.775244,0.209555,0.0152009,921,242232,899
1,bookshelf_thin,86,isSafe,1,1,0.0265684,11113,55,11.6892,7,586,0,0.00580044,0.00249477,0,0,0,0,356,52,0.154494,0,0,0,0,0,0,0,0,0
1,bookshelf_thin,86,qpFixed,1,1,0.00852605,1112,11,9.86412,805,805,0,0.000442548,0.00249477,0,0,0.0115442,0,2,2,5.5,0,0,0,1,0,0,1112,274864,1028
1,bookshelf_thin,86,qpPlain,1,1,0.0094615,1112,11,9.86412,805,805,0,0.000442548,0.00249477,0,0,0.0115442,0,2,2,5.5,0,0,0,1,0,0,1112,381416,1112
1,bookshelf_thin,86,qpAdaptive,1,1,0.0079463,962,11,9.88603,768,768,0,0.000424212,0.00249477,0,0,0.0133674,0.177755,2,2,5.5,0,0,0,0.822245,0.173597,0.004158,962,240796,914
1,bookshelf_thin,86,qpFreeGate,1,1,0.104028,18274,48,15.2633,1466,1466,0,0.00513036,0.00249477,0,0,0.00409381,0,152,42,0.315789,0,0,0,1,0,0,0,0,0
1,bookshelf_thin,86,qpEnvelope,1,1,0.00564881,659,11,9.90064,673,673,0,0.000428766,0.00249477,0,0,0.0195198,0.192716,2,2,5.5,0,0,0,0.804249,0.186646,0.0091047,659,167815,637
1,bookshelf_thin,93,isSafe,1,1,0.00790213,3469,19,11.1719,7,560,0,0.00880481,0.00249477,0,0,0,0,57,14,0.333333,0,0,0,0,0,0,0,0,0
1,bookshelf_thin,93,qpFixed,1,1,0.00533183,723,7,8.35732,724,724,12,-0.000770358,0.00249477,0,0,0.0115592,0,1,1,7,0,0,0,1,0,0,723,201929,356
1,bookshelf_thin,93,qpPlain,1,1,0.00562114,723,7,8.35732,724,724,12,-0.000770358,0.00249477,0,0,0.0115592,0,1,1,7,0,0,0,1,0,0,723,247989,723
1,bookshelf_thin,93,qpAdaptive,1,1,0.00350211,442,7,8.35813,631,631,9,-0.000578927,0.00249477,0,0,0.0189098,0.133484,1,1,7,0,0,0,0.866516,0.126697,0.00678733,442,121770,356
1,bookshelf_thin,93,qpFreeGate,1,1,0.046519,8154,25,15.8664,1343,1343,0,0.00880481,0.00249477,0,0,0.00531585,0,57,20,0.438596,0,0,0,1,0,0,0,0,0
1,bookshelf_thin,93,qpEnvelope,1,1,0.00274024,347,7,8.3583,584,584,10,-0.00040243,0.00249477,0,0,0.0240873,0.129683,1,1,7,0,0,0,0.870317,0.121037,0.00864553,347,96652,301
1,bookshelf_thin,100,isSafe,1,1,0.0103566,4439,24,12.566,8,630,0,0.00544726,0.00249477,0,0,0,0,78,20,0.307692,0,0,0,0,0,0,0,0,0
1,bookshelf_thin,100,qpFixed,1,1,0.0142851,1946,12,13.7486,1099,1099,0,0.000180711,0.00249477,0,0,0.0102545,0,7,5,1.71429,0,0,0,1,0,0,1946,463158,1257
1,bookshelf_thin,100,qpPlain,1,1,0.0177264,1946,12,13.7486,1099,1099,0,0.000180711,0.00249477,0,0,0.0102545,0,7,5,1.71429,0,0,0,1,0,0,1946,667478,1946
1,bookshelf_thin,100,qpAdaptive,1,1,0.00970628,1146,12,13.7767,918,918,0,0.000180711,0.00249477,0,0,0.0174337,0.118674,7,5,1.71429,0,0,0,0.880454,0.112565,0.0069808,1146,277207,1084
1,bookshelf_thin,100,qpFreeGate,1,1,0.0605609,10383,34,13.7589,1067,1067,0,0.00544434,0.00249477,0,0,0.0052795,0,78,30,0.435897,0,0,0,1,0,0,0,0,0
1,bookshelf_thin,100,qpEnvelope,1,1,0.0086489,996,13,14.4302,934,934,0,0.000180711,0.00249477,0,0,0.0202332,0.106426,7,5,1.85714,0,0,0,0.890562,0.101406,0.00803213,996,239522,970
1,table_under_pick,7,isSafe,1,1,0.0034994,1421,9,9.68922,6,486,0,0.00512191,0.00249477,0,0,0,0,25,6,0.36,0,0,0,0,0,0,0,0,0
1,table_under_pick,7,qpFixed,1,1,0.0194636,2445,18,14.1605,1114,1114,0,0.000417886,0.00249477,0,0,0.0101424,0,7,7,2.57143,0,0,0,1,0,0,2445,741390,1941
1,table_under_pick,7,qpPlain,1,1,0.0205826,2445,18,14.1605,1114,1114,0,0.000417886,0.00249477,0,0,0.0101424,0,7,7,2.57143,0,0,0,1,0,0,2445,838635,2445
1,table_under_pick,7,qpAdaptive,1,1,0.0329136,3802,38,14.1465,1073,1073,0,0.000754212,0.00249477,0,0,0.0159371,0.274066,18,17,2.11111,0,0,0,0.723567,0.268806,0.00762756,3802,1187147,3278
1,table_under_pick,7,qpFreeGate,1,1,0.037307,6181,26,10.7001,1070,1070,0,0.00480527,0.00249477,0,0,0.00429222,0,47,15,0.553191,0,0,0,1,0,0,0,0,0
1,table_under_pick,7,qpEnvelope,1,1,0.0171633,1821,34,17.0584,1120,1120,0,0.00145616,0.00249477,0,0,0.0235857,0.204283,13,12,2.61538,0,0,0,0.791323,0.191104,0.0175728,1821,563533,1730
1,table_under_pick,14,isSafe,1,1,0.00877105,3803,21,10.9,7,547,0,0.00656578,0.00249477,0,0,0,0,93,17,0.225806,0,0,0,0,0,0,0,0,0
1,table_under_pick,14,qpFixed,1,1,0.111455,13988,78,22.5809,2002,2002,0,0.000211179,0.00249477,0,0,0.00868991,0,52,41,1.5,0,0,0,1,0,0,13988,3687487,12743
1,table_under_pick,14,qpPlain,1,1,0.127859,13988,78,22.5809,2002,2002,0,0.000211179,0.00249477,0,0,0.00868991,0,52,41,1.5,0,0,0,1,0,0,13988,4797884,13988
1,table_under_pick,14,qpAdaptive,1,1,0.0903157,10397,78,22.5922,1670,1670,0,0.000217478,0.00249477,0,0,0.0117177,0.267,52,41,1.5,0,0,0,0.731076,0.265076,0.00384726,10397,2746287,10139
1,table_under_pick,14,qpFreeGate,1,1,0.0741173,13047,28,19.8816,1787,1787,0,0.00719524,0.00249477,0,0,0.00352793,0,115,23,0.243478,0,0,0,1,0,0,0,0,0
1,table_under_pick,14,qpEnvelope,1,1,0.0695106,7416,74,22.6408,1518,1518,0,0.000165984,0.00249477,0,0,0.0160118,0.220874,52,41,1.42308,0,0,0,0.776834,0.215885,0.00728155,7416,1979317,7318
1,table_under_pick,21,isSafe,1,0,10.0002,2874274,31770,0,0,0,0,inf,inf,0,0,0,0,262087,31768,0.121219,0,0,0,0,0,0,0,0,0
1,table_under_pick,21,qpFixed,1,0,10.0011,1207896,2352,0,0,0,0,inf,inf,0,0,0.00561187,0,5515,2238,0.426473,0,0,0,1,0,0,1207896,365204258,1149406
1,table_under_pick,21,qpPlain,1,0,10.0015,1139209,2234,0,0,0,0,inf,inf,0,0,0.00565347,0,5182,2120,0.431108,0,0,0,1,0,0,1139209,390748687,1139209
1,table_under_pick,21,qpAdaptive,1,0,10.0001,1124513,2399,0,0,0,0,inf,inf,0,0,0.00617221,0.056669,5675,2285,0.422731,0,0,0,0.943085,0.0559639,0.000951525,1124513,340787649,1111301
1,table_under_pick,21,qpFreeGate,1,0,10.0001,1722585,2859,0,0,0,0,inf,inf,0,0,0.00246843,0,15882,2853,0.180015,0,0,0,1,0,0,0,0,0
1,table_under_pick,21,qpEnvelope,1,0,10.0001,1125016,2482,0,0,0,0,inf,inf,0,0,0.0064181,0.00707101,5955,2365,0.416793,0,0,0,0.992877,0.00610837,0.00101421,1125016,340464802,1120502
1,table_under_pick,28,isSafe,1,0,2.3296e-05,1,0,0,0,0,0,inf,inf,0,0,0,0,0,0,0,0,0,0,0,0,0,0,0,0
1,table_under_pick,28,qpFixed,1,0,10.0008,1210208,1367,0,0,0,0,inf,inf,0,0,0.00436444,0,15396,1365,0.0887893,0,0,0,1,0,0,1210208,368602331,1197144
1,table_under_pick,28,qpPlain,1,0,10.0012,1145563,1312,0,0,0,0,inf,inf,0,0,0.00440246,0,14576,1310,0.090011,0,0,0,1,0,0,1145563,392928109,1145563
1,table_under_pick,28,qpAdaptive,1,0,10.0008,1131929,1362,0,0,0,0,inf,inf,0,0,0.00463857,0.0546589,15286,1360,0.0891011,0,0,0,0.94473,0.0548611,0.000408754,1131929,344775091,1126269
1,table_under_pick,28,qpFreeGate,1,0,10.0005,1812419,927,0,0,0,0,inf,inf,0,0,0.00110961,0,39758,925,0.0233161,0,0,0,1,0,0,0,0,0
1,table_under_pick,28,qpEnvelope,1,0,10.0007,1136989,1406,0,0,0,0,inf,inf,0,0,0.00479396,0.00409942,15932,1404,0.0882501,0,0,0,0.995854,0.00370693,0.000438978,1136989,346128881,1134753
1,table_under_pick,35,isSafe,1,1,0.00301341,1310,9,12.6588,8,634,0,0.00659053,0.00249477,0,0,0,0,29,4,0.310345,0,0,0,0,0,0,0,0,0
1,table_under_pick,35,qpFixed,1,1,0.031951,3796,31,16.894,1586,1586,0,7.10705e-05,0.00249477,0,0,0.00885375,0,11,10,2.81818,0,0,0,1,0,0,3796,1081527,3785
1,table_under_pick,35,qpPlain,1,1,0.0347792,3796,31,16.894,1586,1586,0,7.10705e-05,0.00249477,0,0,0.00885375,0,11,10,2.81818,0,0,0,1,0,0,3796,1302028,3796
1,table_under_pick,35,qpAdaptive,1,1,0.0269325,3026,31,16.9002,1387,1387,0,7.63025e-05,0.00249477,0,0,0.0111111,0.192994,11,10,2.81818,0,0,0,0.805354,0.19035,0.0042961,3026,853758,3017
1,table_under_pick,35,qpFreeGate,1,1,0.025839,4454,14,10.2094,1207,1207,0,0.00112742,0.00249477,0,0,0.00383633,0,29,9,0.482759,0,0,0,1,0,0,0,0,0
1,table_under_pick,35,qpEnvelope,1,1,0.0212091,2230,33,16.9604,1231,1231,0,0.000176731,0.00249477,0,0,0.0150972,0.230942,11,10,3,0,0,0,0.766368,0.225112,0.00852018,2230,630100,2223
1,table_under_pick,42,isSafe,1,0,10,2903111,32143,0,0,0,0,inf,inf,0,0,0,0,274795,32141,0.116971,0,0,0,0,0,0,0,0,0
1,table_under_pick,42,qpFixed,1,0,10.0004,1202159,2347,0,0,0,0,inf,inf,0,0,0.005601,0,5485,2232,0.427894,0,0,0,1,0,0,1202159,362734396,1144086
1,table_under_pick,42,qpPlain,1,0,10.001,1188655,2322,0,0,0,0,inf,inf,0,0,0.00560765,0,5418,2207,0.428571,0,0,0,1,0,0,1188655,407708665,1188655
1,table_under_pick,42,qpAdaptive,1,0,10.0013,1130186,2398,0,0,0,0,inf,inf,0,0,0.00611937,0.0480275,5671,2283,0.422853,0,0,0,0.951729,0.0473419,0.000929053,1130186,342543851,1117211
1,table_under_pick,42,qpFreeGate,1,0,10.0002,1737605,2985,0,0,0,0,inf,inf,0,0,0.00247096,0,16390,2980,0.182123,0,0,0,1,0,0,0,0,0
1,table_under_pick,42,qpEnvelope,1,0,10,1119142,2462,0,0,0,0,inf,inf,0,0,0.00637116,0.0068901,5873,2346,0.419207,0,0,0,0.993063,0.00595992,0.000977535,1119142,339440835,1114988
1,table_under_pick,49,isSafe,1,1,0.00354886,1522,10,10.3684,7,520,0,0.00412923,0.00249477,0,0,0,0,36,6,0.277778,0,0,0,0,0,0,0,0,0
1,table_under_pick,49,qpFixed,1,1,0.00974871,1208,11,14.6574,1084,1084,0,0.00541898,0.00249477,0,0,0.0126278,0,3,3,3.66667,0,0,0,1,0,0,1208,359340,553
1,table_under_pick,49,qpPlain,1,1,0.0098935,1208,11,14.6574,1084,1084,0,0.00541898,0.00249477,0,0,0.0126278,0,3,3,3.66667,0,0,0,1,0,0,1208,414344,1208
1,table_under_pick,49,qpAdaptive,1,1,0.00450042,482,11,14.6738,892,892,0,0.00538258,0.00249477,0,0,0.0316702,0.551867,3,3,3.66667,0,0,0,0.437759,0.545643,0.0165975,482,150261,361
1,table_under_pick,49,qpFreeGate,1,1,0.0470279,8139,23,16.0284,1766,1766,0,0.00100606,0.00249477,0,0,0.00401288,0,73,15,0.315068,0,0,0,1,0,0,0,0,0
1,table_under_pick,49,qpEnvelope,1,1,0.00231709,200,10,14.7067,803,803,0,0.00489581,0.00249477,0,0,0.0765892,0.62,3,3,3.33333,0,0,0,0.37,0.59,0.04,200,62167,159
1,table_under_pick,56,isSafe,1,1,0.00777114,3398,19,12.6362,8,633,0,0.000159614,0.00249477,0,0,0,0,80,15,0.2375,0,0,0,0,0,0,0,0,0
1,table_under_pick,56,qpFixed,1,1,0.0142973,1873,15,14.019,1019,1019,0,0.000670502,0.00249477,0,0,0.0115118,0,6,6,2.5,0,0,0,1,0,0,1873,465483,1524
1,table_under_pick,56,qpPlain,1,1,0.0158845,1873,15,14.019,1019,1019,0,0.000670502,0.00249477,0,0,0.0115118,0,6,6,2.5,0,0,0,1,0,0,1873,642439,1873
1,table_under_pick,56,qpAdaptive,1,1,0.0105256,1257,16,14.0197,966,966,0,0.000636552,0.00249477,0,0,0.0171616,0.313445,6,6,2.66667,0,0,0,0.684169,0.307876,0.00795545,1257,320961,1132
1,table_under_pick,56,qpFreeGate,1,1,0.0768709,12520,48,26.0208,2795,2795,0,0.00773485,0.00249477,0,0,0.00498409,0,70,36,0.685714,0,0,0,1,0,0,0,0,0
1,table_under_pick,56,qpEnvelope,1,1,0.00749563,779,15,14.0235,839,839,0,0.000551281,0.00249477,0,0,0.0277605,0.241335,6,6,2.5,0,0,0,0.754814,0.232349,0.012837,779,204915,746
1,table_under_pick,64,isSafe,1,1,0.00538027,2422,14,13.2879,8,666,0,0.00648595,0.00249477,0,0,0,0,43,10,0.325581,0,0,0,0,0,0,0,0,0
1,table_under_pick,64,qpFixed,1,1,0.0134184,1589,16,10.6946,928,928,0,0.00051637,0.00249477,0,0,0.0112745,0,3,3,5.33333,0,0,0,1,0,0,1589,478141,1388
1,table_under_pick,64,qpPlain,1,1,0.0133117,1589,16,10.6946,928,928,0,0.00051637,0.00249477,0,0,0.0112745,0,3,3,5.33333,0,0,0,1,0,0,1589,545027,1589
1,table_under_pick,64,qpAdaptive,1,1,0.0090305,1017,16,10.6928,839,839,0,0.00058515,0.00249477,0,0,0.0176233,0.363815,3,3,5.33333,0,0,0,0.634218,0.354966,0.0108161,1017,301953,950
1,table_under_pick,64,qpFreeGate,1,1,0.0123031,2076,10,9.46836,855,855,0,0.00598381,0.00249477,0,0,0.00576855,0,8,5,1.25,0,0,0,1,0,0,0,0,0
1,table_under_pick,64,qpEnvelope,1,1,0.00582869,583,15,11.4557,805,805,0,0.00061542,0.00249477,0,0,0.0307008,0.264151,3,3,5,0,0,0,0.732419,0.245283,0.0222985,583,172641,554
1,table_under_pick,71,isSafe,1,1,0.00687897,2894,17,16.0398,10,803,0,0.00555954,0.00249477,0,0,0,0,63,12,0.269841,0,0,0,0,0,0,0,0,0
1,table_under_pick,71,qpFixed,1,1,0.00510272,675,14,9.33372,676,676,0,0.00490846,0.00249477,0,0,0.0138277,0,1,1,14,0,0,0,1,0,0,675,172621,333
1,table_under_pick,71,qpPlain,1,1,0.00545103,675,14,9.33372,676,676,0,0.00490846,0.00249477,0,0,0.0138277,0,1,1,14,0,0,0,1,0,0,675,231525,675
1,table_under_pick,71,qpAdaptive,1,1,0.00208131,248,14,9.30614,571,571,0,0.00487696,0.00249477,0,0,0.0375248,0.645161,1,1,14,0,0,0,0.33871,0.616935,0.0443548,248,66001,207
1,table_under_pick,71,qpFreeGate,1,1,0.0490668,8737,23,15.5845,1301,1301,0,0.00103141,0.00249477,0,0,0.00328135,0,72,11,0.319444,0,0,0,1,0,0,0,0,0
1,table_under_pick,71,qpEnvelope,1,1,0.00123658,120,14,9.29446,522,522,0,0.00449159,0.00249477,0,0,0.0774538,0.733333,1,1,14,0,0,0,0.233333,0.666667,0.1,120,31906,102
1,table_under_pick,78,isSafe,1,1,0.00500809,2244,13,17.6729,10,885,0,0.000224648,0.00249477,0,0,0,0,37,8,0.351351,0,0,0,0,0,0,0,0,0
1,table_under_pick,78,qpFixed,1,1,0.0265068,3129,26,9.60923,820,820,0,0.00384962,0.00249477,0,0,0.00996011,0,11,10,2.36364,0,0,0,1,0,0,3129,929279,2811
1,table_under_pick,78,qpPlain,1,1,0.0268859,3129,26,9.60923,820,820,0,0.00384962,0.00249477,0,0,0.00996011,0,11,10,2.36364,0,0,0,1,0,0,3129,1073247,3129
1,table_under_pick,78,qpAdaptive,1,1,0.0215873,2378,26,9.61394,649,649,0,0.00250468,0.00249477,0,0,0.0131268,0.239277,11,10,2.36364,0,0,0,0.75778,0.236754,0.00546678,2378,702621,2306
1,table_under_pick,78,qpFreeGate,1,1,0.0451575,8071,16,17.3932,1640,1640,0,0.00420712,0.00249477,0,0,0.00321094,0,62,12,0.258065,0,0,0,1,0,0,0,0,0
1,table_under_pick,78,qpEnvelope,1,1,0.0178207,1792,23,9.59893,566,566,0,0.00270095,0.00249477,0,0,0.0174693,0.189174,11,10,2.09091,0,0,0,0.807478,0.184152,0.00837054,1792,529478,1767
1,table_under_pick,85,isSafe,1,0,2.1812e-05,1,0,0,0,0,0,inf,inf,0,0,0,0,0,0,0,0,0,0,0,0,0,0,0,0
1,table_under_pick,85,qpFixed,1,0,10.0012,1207455,1287,0,0,0,0,inf,inf,0,0,0.00425425,0,15382,1285,0.0836692,0,0,0,1,0,0,1207455,367293213,1195869
1,table_under_pick,85,qpPlain,1,0,10.0006,1196211,1276,0,0,0,0,inf,inf,0,0,0.00425579,0,15228,1274,0.083793,0,0,0,1,0,0,1196211,410300373,1196211
1,table_under_pick,85,qpAdaptive,1,0,10.001,1127819,1264,0,0,0,0,inf,inf,0,0,0.00448156,0.0425973,15070,1262,0.0838752,0,0,0,0.956933,0.0427177,0.000349412,1127819,343247643,1122649
1,table_under_pick,85,qpFreeGate,1,0,10.0002,1810216,890,0,0,0,0,inf,inf,0,0,0.00106348,0,42634,888,0.0208754,0,0,0,1,0,0,0,0,0
1,table_under_pick,85,qpEnvelope,1,0,10.0003,1087683,1263,0,0,0,0,inf,inf,0,0,0.00464703,0.00405817,15096,1261,0.0836645,0,0,0,0.995894,0.00372889,0.000377245,1087683,330760457,1085694
1,table_under_pick,92,isSafe,1,1,0.00445486,1901,12,14.0987,9,706,0,0.00683966,0.00249477,0,0,0,0,46,7,0.26087,0,0,0,0,0,0,0,0,0
1,table_under_pick,92,qpFixed,1,1,0.0167861,2112,15,12.7016,1063,1063,0,0.0012706,0.00249477,0,0,0.00977004,0,6,6,2.5,0,0,0,1,0,0,2112,555298,1849
1,table_under_pick,92,qpPlain,1,1,0.0180173,2112,15,12.7016,1063,1063,0,0.0012706,0.00249477,0,0,0.00977004,0,6,6,2.5,0,0,0,1,0,0,2112,724416,2112
1,table_under_pick,92,qpAdaptive,1,1,0.0110282,1317,15,12.7016,880,880,0,0.00126723,0.00249477,0,0,0.0156514,0.425968,6,6,2.5,0,0,0,0.573273,0.420653,0.00607441,1317,335422,1226
1,table_under_pick,92,qpFreeGate,1,1,0.029904,5193,15,11.895,962,962,0,0.00675656,0.00249477,0,0,0.00420926,0,43,11,0.348837,0,0,0,1,0,0,0,0,0
1,table_under_pick,92,qpEnvelope,1,1,0.00715827,782,15,12.6949,777,777,0,0.00128839,0.00249477,0,0,0.0263273,0.28133,6,6,2.5,0,0,0,0.717391,0.267263,0.0153453,782,195461,746
1,table_under_pick,99,isSafe,1,1,0.00503443,2237,13,15.4566,9,774,0,0.00824096,0.00249477,0,0,0,0,43,9,0.302326,0,0,0,0,0,0,0,0,0
1,table_under_pick,99,qpFixed,1,1,0.0202204,2406,21,9.19057,745,745,0,0.00237219,0.00249477,0,0,0.0107978,0,7,7,3,0,0,0,1,0,0,2406,671069,2087
1,table_under_pick,99,qpPlain,1,1,0.0219077,2406,21,9.19057,745,745,0,0.00237219,0.00249477,0,0,0.0107978,0,7,7,3,0,0,0,1,0,0,2406,825258,2406
1,table_under_pick,99,qpAdaptive,1,1,0.0153948,1695,21,9.1934,623,623,0,0.00220684,0.00249477,0,0,0.0153436,0.276106,7,7,3,0,0,0,0.722124,0.272566,0.00530973,1695,477736,1570
1,table_under_pick,99,qpFreeGate,1,1,0.0395946,6723,24,15.179,1355,1355,0,0.00398615,0.00249477,0,0,0.00444613,0,44,17,0.545455,0,0,0,1,0,0,0,0,0
1,table_under_pick,99,qpEnvelope,1,1,0.0116438,1181,22,9.1972,546,546,0,0.00199002,0.00249477,0,0,0.0221087,0.188823,7,7,3.14286,0,0,0,0.808637,0.178662,0.0127011,1181,337296,1123
1,bookshelf_small,6,isSafe,1,1,0.0123121,5560,29,19.9167,11,997,0,0.00493275,0.00249477,0,0,0,0,122,26,0.237705,0,0,0,0,0,0,0,0,0
1,bookshelf_small,6,qpFixed,1,1,0.0402915,5320,41,16.2777,1488,1488,0,0.000487307,0.00249477,0,0,0.0102115,0,19,15,2.15789,0,0,0,1,0,0,5320,1348343,4719
1,bookshelf_small,6,qpPlain,1,1,0.0468257,5320,41,16.2777,1488,1488,0,0.000487307,0.00249477,0,0,0.0102115,0,19,15,2.15789,0,0,0,1,0,0,5320,1824760,5320
1,bookshelf_small,6,qpAdaptive,1,1,0.03551,4384,42,16.2924,1382,1382,0,0.000491461,0.00249477,0,0,0.0123929,0.173358,19,15,2.21053,0,0,0,0.825046,0.169708,0.00524635,4384,1105762,4179
1,bookshelf_small,6,qpFreeGate,1,1,0.0145135,2600,15,10.9348,902,902,0,0.00493275,0.00249477,0,0,0.00468296,0,20,4,0.75,0,0,0,1,0,0,0,0,0
1,bookshelf_small,6,qpEnvelope,1,1,0.0181636,2090,33,19.4474,1308,1308,0,9.13456e-05,0.00249477,0,0,0.0197365,0.149282,13,10,2.53846,0,0,0,0.849761,0.137321,0.0129187,2090,520568,2028
1,bookshelf_small,14,isSafe,1,1,0.00163669,748,6,7.41188,5,372,0,0.0106246,0.00249477,0,0,0,0,2,2,3,0,0,0,0,0,0,0,0,0
1,bookshelf_small,14,qpFixed,1,1,0.00357314,522,6,6.57722,525,525,0,0.00111546,0.00249477,0,0,0.0126,0,1,1,6,0,0,0,1,0,0,522,123989,250
1,bookshelf_small,14,qpPlain,1,1,0.00429953,522,6,6.57722,525,525,0,0.00111546,0.00249477,0,0,0.0126,0,1,1,6,0,0,0,1,0,0,522,179046,522
1,bookshelf_small,14,qpAdaptive,1,1,0.0021658,266,6,6.57763,441,441,0,0.0011299,0.00249477,0,0,0.0247279,0.263158,1,1,6,0,0,0,0.736842,0.255639,0.0075188,266,66205,225
1,bookshelf_small,14,qpFreeGate,1,1,0.00401979,651,6,7.34309,552,552,0,0.0106246,0.00249477,0,0,0.0113448,0,2,2,3,0,0,0,1,0,0,0,0,0
1,bookshelf_small,14,qpEnvelope,1,1,0.00164532,184,6,6.58873,409,409,0,0.00103772,0.00249477,0,0,0.0358083,0.130435,1,1,6,0,0,0,0.869565,0.119565,0.0108696,184,45557,163
1,bookshelf_small,21,isSafe,1,1,0.00263548,1204,8,5.61787,4,282,0,0.00770496,0.00249477,0,0,0,0,19,5,0.421053,0,0,0,0,0,0,0,0,0
1,bookshelf_small,21,qpFixed,1,1,0.00331494,456,6,6.80728,457,457,0,0.00523363,0.00249477,0,0,0.0149282,0,1,1,6,0,0,0,1,0,0,456,117303,182
1,bookshelf_small,21,qpPlain,1,1,0.00370981,456,6,6.80728,457,457,0,0.00523363,0.00249477,0,0,0.0149282,0,1,1,6,0,0,0,1,0,0,456,156408,456
1,bookshelf_small,21,qpAdaptive,1,1,0.00176576,228,6,6.80767,420,420,0,0.00508706,0.00249477,0,0,0.0298582,0.337719,1,1,6,0,0,0,0.662281,0.324561,0.0131579,228,59423,167
1,bookshelf_small,21,qpFreeGate,1,1,0.0267837,4650,14,8.38056,604,604,0,0.00585441,0.00249477,0,0,0.00440219,0,38,10,0.368421,0,0,0,1,0,0,0,0,0
1,bookshelf_small,21,qpEnvelope,1,1,0.00118452,141,6,6.81158,389,389,0,0.00408053,0.00249477,0,0,0.0483091,0.205674,1,1,6,0,0,0,0.787234,0.191489,0.0212766,141,37147,117
1,bookshelf_small,29,isSafe,1,1,0.0126291,5391,27,9.19883,6,461,0,0.00948559,0.00249477,0,0,0,0,113,22,0.238938,0,0,0,0,0,0,0,0,0
1,bookshelf_small,29,qpFixed,1,1,0.0115094,1653,11,10.9147,1040,1040,0,0.000353185,0.00249477,0,0,0.00890915,0,3,3,3.66667,0,0,0,1,0,0,1653,387937,915
1,bookshelf_small,29,qpPlain,1,1,0.0143749,1653,11,10.9147,1040,1040,0,0.000353185,0.00249477,0,0,0.00890915,0,3,3,3.66667,0,0,0,1,0,0,1653,566979,1653
1,bookshelf_small,29,qpAdaptive,1,1,0.00591681,741,11,10.9148,824,824,0,0.000353185,0.00249477,0,0,0.0198993,0.224022,3,3,3.66667,0,0,0,0.773279,0.218623,0.00809717,741,173040,672
1,bookshelf_small,29,qpFreeGate,1,1,0.0600268,10209,32,16.351,1565,1565,0,0.00280014,0.00249477,0,0,0.00490773,0,72,28,0.444444,0,0,0,1,0,0,0,0,0
1,bookshelf_small,29,qpEnvelope,1,1,0.00502878,598,11,10.9188,778,778,0,0.000349348,0.00249477,0,0,0.0247605,0.138796,3,3,3.66667,0,0,0,0.859532,0.128763,0.0117057,598,138354,573
1,bookshelf_small,37,isSafe,1,0,10,2858207,31536,0,0,0,0,inf,inf,0,0,0,0,284681,31534,0.110777,0,0,0,0,0,0,0,0,0
1,bookshelf_small,37,qpFixed,1,0,10.0011,1201105,2341,0,0,0,0,inf,inf,0,0,0.00558766,0,5488,2236,0.426567,0,0,0,1,0,0,1201105,363683046,1147487
1,bookshelf_small,37,qpPlain,1,0,10.0023,1153576,2269,0,0,0,0,inf,inf,0,0,0.00562258,0,5246,2165,0.43252,0,0,0,1,0,0,1153576,395676568,1153576
1,bookshelf_small,37,qpAdaptive,1,0,10.0014,1131685,2403,0,0,0,0,inf,inf,0,0,0.00609293,0.0562338,5669,2297,0.423884,0,0,0,0.943479,0.0556039,0.000917217,1131685,343447851,1116620
1,bookshelf_small,37,qpFreeGate,1,0,10,1740409,2715,0,0,0,0,inf,inf,0,0,0.00234548,0,15207,2713,0.178536,0,0,0,1,0,0,0,0,0
1,bookshelf_small,37,qpEnvelope,1,0,10,1122854,2498,0,0,0,0,inf,inf,0,0,0.00646006,0.00927191,5975,2394,0.418075,0,0,0,0.990666,0.00828425,0.00105,1122854,340416529,1117364
1,bookshelf_small,44,isSafe,1,1,0.0022505,929,7,8.92956,6,448,0,0.0023252,0.00249477,0,0,0,0,5,3,1.4,0,0,0,0,0,0,0,0,0
1,bookshelf_small,44,qpFixed,1,1,0.00231499,358,5,5.67091,359,359,0,0.0023252,0.00249477,0,0,0.0158405,0,1,1,5,0,0,0,1,0,0,358,77137,33
1,bookshelf_small,44,qpPlain,1,1,0.00270239,358,5,5.67091,359,359,0,0.0023252,0.00249477,0,0,0.0158405,0,1,1,5,0,0,0,1,0,0,358,122794,358
1,bookshelf_small,44,qpAdaptive,1,1,0.000429417,61,5,5.67186,312,312,0,0.0023252,0.00249477,0,0,0.0929813,0.754098,1,1,5,0,0,0,0.229508,0.721311,0.0491803,61,14466,27
1,bookshelf_small,44,qpFreeGate,1,1,0.00407252,655,7,8.92957,564,564,0,0.0023252,0.00249477,0,0,0.0136632,0,5,3,1.4,0,0,0,1,0,0,0,0,0
1,bookshelf_small,44,qpEnvelope,1,1,0.000299842,31,5,5.67373,298,298,0,0.0023252,0.00249477,0,0,0.183024,0.709677,1,1,5,0,0,0,0.290323,0.612903,0.0967742,31,7455,16
1,bookshelf_small,51,isSafe,1,1,0.0134476,6013,30,5.10587,4,257,0,0.00429878,0.00249477,0,0,0,0,149,26,0.201342,0,0,0,0,0,0,0,0,0
1,bookshelf_small,51,qpFixed,1,1,0.00578647,883,10,8.69574,699,699,0,0.00429878,0.00249477,0,0,0.0127774,0,2,2,5,0,0,0,1,0,0,883,211916,201
1,bookshelf_small,51,qpPlain,1,1,0.00676762,883,10,8.69574,699,699,0,0.00429878,0.00249477,0,0,0.0127774,0,2,2,5,0,0,0,1,0,0,883,302869,883
1,bookshelf_small,51,qpAdaptive,1,1,0.00121753,149,10,8.74195,488,488,0,0.00429878,0.00249477,0,0,0.0754111,0.765101,2,2,5,0,0,0,0.228188,0.711409,0.0604027,149,40304,81
1,bookshelf_small,51,qpFreeGate,1,1,0.167509,29486,69,10.6553,900,900,0,0.00208173,0.00249477,0,0,0.00376527,0,241,59,0.286307,0,0,0,1,0,0,0,0,0
1,bookshelf_small,51,qpEnvelope,1,1,0.000627205,57,9,8.76276,461,461,0,0.00429878,0.00249477,0,0,0.196543,0.736842,2,2,4.5,0,0,0,0.263158,0.596491,0.140351,57,15731,28
1,bookshelf_small,58,isSafe,1,0,10.0067,2,1,0,0,0,0,inf,inf,0,0,0,0,0,0,0,0,0,0,0,0,0,0,0,0
1,bookshelf_small,58,qpFixed,1,0,10.0003,1214510,5379,0,0,0,0,inf,inf,0,0,0.00779425,0,19849,5377,0.270996,0,0,0,1,0,0,1214510,362093781,1059753
1,bookshelf_small,58,qpPlain,1,0,10.0005,1195930,5295,0,0,0,0,inf,inf,0,0,0.00780476,0,19521,5293,0.271246,0,0,0,1,0,0,1195930,410203990,1195930
1,bookshelf_small,58,qpAdaptive,1,0,10.0015,1117087,6143,0,0,0,0,inf,inf,0,0,0.00960422,0.112145,22967,6141,0.267471,0,0,0,0.885243,0.111447,0.0033098,1117087,335307218,1079595
1,bookshelf_small,58,qpFreeGate,1,0,10.0002,1658538,5565,0,0,0,0,inf,inf,0,0,0.00373996,0,35737,5563,0.155721,0,0,0,1,0,0,0,0,0
1,bookshelf_small,58,qpEnvelope,1,0,10.0002,1093701,6653,0,0,0,0,inf,inf,0,0,0.0106186,0.0214455,25131,6651,0.264733,0,0,0,0.977964,0.0181213,0.00391445,1093701,327682461,1080154
1,bookshelf_small,65,isSafe,1,1,0.00119952,618,6,6.12719,5,308,0,0.000811407,0.00249477,0,0,0,0,1,1,6,0,0,0,0,0,0,0,0,0
1,bookshelf_small,65,qpFixed,1,1,0.00339332,525,6,6.48443,526,526,0,0.00192156,0.00249477,0,0,0.0123513,0,1,1,6,0,0,0,1,0,0,525,127814,213
1,bookshelf_small,65,qpPlain,1,1,0.00399291,525,6,6.48443,526,526,0,0.00192156,0.00249477,0,0,0.0123513,0,1,1,6,0,0,0,1,0,0,525,180075,525
1,bookshelf_small,65,qpAdaptive,1,1,0.00157717,207,6,6.4887,421,421,0,0.00193003,0.00249477,0,0,0.0313464,0.352657,1,1,6,0,0,0,0.642512,0.342995,0.0144928,207,48266,167
1,bookshelf_small,65,qpFreeGate,1,1,0.00602548,974,7,8.37295,734,734,0,0.00840283,0.00249477,0,0,0.00908079,0,3,2,2.33333,0,0,0,1,0,0,0,0,0
1,bookshelf_small,65,qpEnvelope,1,1,0.000459193,36,6,6.16663,325,325,0,0.0100306,0.00249477,0,0,0.171295,0.972222,1,1,6,0,0,0,0.0277778,0.861111,0.111111,36,8906,17
1,bookshelf_small,72,isSafe,1,0,10.0013,2,1,0,0,0,0,inf,inf,0,0,0,0,0,0,0,0,0,0,0,0,0,0,0,0
1,bookshelf_small,72,qpFixed,1,0,10.0017,1200791,2359,0,0,0,0,inf,inf,0,0,0.00556318,0,5617,2248,0.419975,0,0,0,1,0,0,1200791,363467673,1151022
1,bookshelf_small,72,qpPlain,1,0,10.0003,1188772,2339,0,0,0,0,inf,inf,0,0,0.00556775,0,5557,2228,0.420911,0,0,0,1,0,0,1188772,407748796,1188772
1,bookshelf_small,72,qpAdaptive,1,0,10.0016,1065713,2322,0,0,0,0,inf,inf,0,0,0.00615746,0.0627336,5497,2211,0.422412,0,0,0,0.936993,0.0620573,0.000949603,1065713,323815863,1053954
1,bookshelf_small,72,qpFreeGate,1,0,10.0004,1657899,5126,0,0,0,0,inf,inf,0,0,0.00349433,0,35493,5124,0.144423,0,0,0,1,0,0,0,0,0
1,bookshelf_small,72,qpEnvelope,1,0,10.0014,1113394,2533,0,0,0,0,inf,inf,0,0,0.00646734,0.0137723,6149,2425,0.411937,0,0,0,0.986144,0.0127754,0.00108048,1113394,337660157,1108846
1,bookshelf_small,79,isSafe,1,1,0.0111299,4672,24,15.9102,9,797,0,0.00175112,0.00249477,0,0,0,0,112,21,0.214286,0,0,0,0,0,0,0,0,0
1,bookshelf_small,79,qpFixed,1,1,0.00699715,873,9,10.854,874,874,0,0.00022177,0.00249477,0,0,0.012433,0,1,1,9,0,0,0,1,0,0,873,256755,522
1,bookshelf_small,79,qpPlain,1,1,0.00719719,873,9,10.854,874,874,0,0.00022177,0.00249477,0,0,0.012433,0,1,1,9,0,0,0,1,0,0,873,299439,873
1,bookshelf_small,79,qpAdaptive,1,1,0.00509515,570,9,10.8533,799,799,0,0.000222922,0.00249477,0,0,0.0190409,0.159649,1,1,9,0,0,0,0.840351,0.154386,0.00526316,570,172750,502
1,bookshelf_small,79,qpFreeGate,1,1,0.13749,23841,61,19.2891,2076,2076,0,0.00317679,0.00249477,0,0,0.00351716,0,167,50,0.365269,0,0,0,1,0,0,0,0,0
1,bookshelf_small,79,qpEnvelope,1,1,0.00444402,475,9,10.8672,761,761,0,0.000240671,0.00249477,0,0,0.0228783,0.0884211,1,1,9,0,0,0,0.911579,0.0821053,0.00631579,475,143973,440
1,bookshelf_small,86,isSafe,1,0,10.0021,2,1,0,0,0,0,inf,inf,0,0,0,0,0,0,0,0,0,0,0,0,0,0,0,0
1,bookshelf_small,86,qpFixed,1,0,10.001,1221513,5420,0,0,0,0,inf,inf,0,0,0.00780499,0,20015,5418,0.270797,0,0,0,1,0,0,1221513,361513299,1051831
1,bookshelf_small,86,qpPlain,1,0,10.0004,1205338,5360,0,0,0,0,inf,inf,0,0,0.00782307,0,19745,5358,0.271461,0,0,0,1,0,0,1205338,413430934,1205338
1,bookshelf_small,86,qpAdaptive,1,0,10.0009,1130327,6229,0,0,0,0,inf,inf,0,0,0.00964084,0.107196,23363,6227,0.266618,0,0,0,0.890323,0.10625,0.00342678,1130327,336503518,1091725
1,bookshelf_small,86,qpFreeGate,1,0,10.0005,1667478,5468,0,0,0,0,inf,inf,0,0,0.00376078,0,34857,5466,0.156869,0,0,0,1,0,0,0,0,0
1,bookshelf_small,86,qpEnvelope,1,0,10.0011,1124266,6748,0,0,0,0,inf,inf,0,0,0.0105197,0.017591,25663,6746,0.262947,0,0,0,0.981931,0.0141669,0.00390247,1124266,333988694,1111368
1,bookshelf_small,94,isSafe,1,0,10.0062,2,1,0,0,0,0,inf,inf,0,0,0,0,0,0,0,0,0,0,0,0,0,0,0,0
1,bookshelf_small,94,qpFixed,1,1,0.0113385,1409,17,11.2981,915,915,0,0.00551827,0.00249477,0,0,0.00963619,0,4,3,4.25,0,0,0,1,0,0,1409,403806,986
1,bookshelf_small,94,qpPlain,1,1,0.0116592,1409,17,11.2981,915,915,0,0.00551827,0.00249477,0,0,0.00963619,0,4,3,4.25,0,0,0,1,0,0,1409,483287,1409
1,bookshelf_small,94,qpAdaptive,1,1,0.00876803,942,19,11.294,755,755,0,0.00551827,0.00249477,0,0,0.0144054,0.150743,4,3,4.75,0,0,0,0.840764,0.144374,0.014862,942,291343,898
1,bookshelf_small,94,qpFreeGate,1,0,10.0002,1678364,4859,0,0,0,0,inf,inf,0,0,0.0033209,0,35941,4857,0.135194,0,0,0,1,0,0,0,0,0
1,bookshelf_small,94,qpEnvelope,1,1,0.00611998,605,18,11.2832,675,675,0,0.00488265,0.00249477,0,0,0.0224385,0.138843,4,3,4.5,0,0,0,0.85124,0.12562,0.0231405,605,189482,592
1,box,1,isSafe,1,1,0.00984878,4394,24,16.1984,10,811,0,0.00345119,0.00249477,0,0,0,0,100,20,0.24,0,0,0,0,0,0,0,0,0
1,box,1,qpFixed,1,1,0.0127007,1697,14,10.8712,772,772,0,0.0128888,0.00249477,0,0,0.0114025,0,5,5,2.8,0,0,0,1,0,0,1697,423514,1301
1,box,1,qpPlain,1,1,0.0141258,1697,14,10.8712,772,772,0,0.0128888,0.00249477,0,0,0.0114025,0,5,5,2.8,0,0,0,1,0,0,1697,582071,1697
1,box,1,qpAdaptive,1,1,0.00782817,871,14,10.8767,659,659,0,0.0128444,0.00249477,0,0,0.0222584,0.398393,5,5,2.8,0,0,0,0.600459,0.389208,0.010333,871,227112,793
1,box,1,qpFreeGate,1,1,0.282969,49080,108,17.9205,1723,1723,0,0.00248176,0.00249477,0,0,0.00373774,0,333,97,0.324324,0,0,0,1,0,0,0,0,0
1,box,1,qpEnvelope,1,1,0.00451932,467,14,10.8938,595,595,0,0.0121228,0.00249477,0,0,0.0417478,0.340471,5,5,2.8,0,0,0,0.659529,0.310493,0.0299786,467,122261,443
1,box,8,isSafe,1,1,0.00721154,3095,18,22.3319,13,1118,0,0.0322863,0.00249477,0,0,0,0,47,12,0.382979,0,0,0,0,0,0,0,0,0
1,box,8,qpFixed,1,1,0.012956,1511,19,14.9836,1126,1126,0,0.00105174,0.00249477,0,0,0.0120517,0,5,5,3.8,0,0,0,1,0,0,1511,437139,1362
1,box,8,qpPlain,1,1,0.0130945,1511,19,14.9836,1126,1126,0,0.00105174,0.00249477,0,0,0.0120517,0,5,5,3.8,0,0,0,1,0,0,1511,518273,1511
1,box,8,qpAdaptive,1,1,0.00996052,1094,20,15.0048,1033,1033,0,0.00104047,0.00249477,0,0,0.0166577,0.334552,5,5,4,0,0,0,0.659963,0.330896,0.00914077,1094,323279,1060
1,box,8,qpFreeGate,1,1,0.0943798,16477,44,13.299,1274,1274,0,0.0143257,0.00249477,0,0,0.00382513,0,109,37,0.40367,0,0,0,1,0,0,0,0,0
1,box,8,qpEnvelope,1,1,0.00668583,678,20,15.0576,944,944,0,0.00105278,0.00249477,0,0,0.0269254,0.321534,5,5,4,0,0,0,0.674041,0.303835,0.0221239,678,202695,650
1,box,15,isSafe,1,1,0.0049841,2164,13,11.6638,7,585,0,0.0599084,0.00249477,0,0,0,0,34,9,0.382353,0,0,0,0,0,0,0,0,0
1,box,15,qpFixed,1,1,0.0156942,1955,22,17.6716,1209,1209,0,0.00475907,0.00249477,0,0,0.0122426,0,7,7,3.14286,0,0,0,1,0,0,1955,547882,1492
1,box,15,qpPlain,1,1,0.0163065,1955,22,17.6716,1209,1209,0,0.00475907,0.00249477,0,0,0.0122426,0,7,7,3.14286,0,0,0,1,0,0,1955,670565,1955
1,box,15,qpAdaptive,1,1,0.00931404,1039,22,17.6782,1108,1108,0,0.00463921,0.00249477,0,0,0.0230639,0.572666,7,7,3.14286,0,0,0,0.421559,0.562079,0.0163619,1039,298736,912
1,box,15,qpFreeGate,1,1,0.0351114,5915,21,9.45518,893,893,0,0.0112414,0.00249477,0,0,0.00524873,0,31,14,0.677419,0,0,0,1,0,0,0,0,0
1,box,15,qpEnvelope,1,1,0.00244797,235,16,10.4419,599,599,0,0.00433504,0.00249477,0,0,0.0483524,0.395745,3,3,5.33333,0,0,0,0.587234,0.353191,0.0595745,235,65325,229
1,box,22,isSafe,1,1,0.00933973,4079,22,12.4157,8,622,0,0.00505641,0.00249477,0,0,0,0,108,18,0.203704,0,0,0,0,0,0,0,0,0
1,box,22,qpFixed,1,1,0.00920641,1207,11,10.1057,766,766,0,0.00316114,0.00249477,0,0,0.0114456,0,3,3,3.66667,0,0,0,1,0,0,1207,313941,880
1,box,22,qpPlain,1,1,0.00988331,1207,11,10.1057,766,766,0,0.00316114,0.00249477,0,0,0.0114456,0,3,3,3.66667,0,0,0,1,0,0,1207,414001,1207
1,box,22,qpAdaptive,1,1,0.00498591,592,11,10.1049,687,687,0,0.00312762,0.00249477,0,0,0.0234416,0.39527,3,3,3.66667,0,0,0,0.603041,0.385135,0.0118243,592,162136,537
1,box,22,qpFreeGate,1,1,0.0919933,15896,44,15.0228,1403,1403,0,0.0165481,0.00249477,0,0,0.00428259,0,108,31,0.407407,0,0,0,1,0,0,0,0,0
1,box,22,qpEnvelope,1,1,0.00316547,329,11,10.1247,605,605,0,0.00265781,0.00249477,0,0,0.0424264,0.395137,3,3,3.66667,0,0,0,0.604863,0.367781,0.0273556,329,92922,305
1,box,29,isSafe,1,1,0.0144879,6321,33,26.0978,15,1306,0,0.00996836,0.00249477,0,0,0,0,148,29,0.222973,0,0,0,0,0,0,0,0,0
1,box,29,qpFixed,1,1,0.00714229,987,9,9.7772,782,782,0,0.00193957,0.00249477,0,0,0.0118689,0,3,3,3,0,0,0,1,0,0,987,249847,760
1,box,29,qpPlain,1,1,0.0078398,987,9,9.7772,782,782,0,0.00193957,0.00249477,0,0,0.0118689,0,3,3,3,0,0,0,1,0,0,987,338541,987
1,box,29,qpAdaptive,1,1,0.00474338,627,9,9.78803,667,667,0,0.00170146,0.00249477,0,0,0.0186992,0.258373,3,3,3,0,0,0,0.740032,0.253589,0.00637959,627,158812,567
1,box,29,qpFreeGate,1,1,0.0479798,8255,26,17.8143,1457,1457,0,0.0185386,0.00249477,0,0,0.00420927,0,49,15,0.530612,0,0,0,1,0,0,0,0,0
1,box,29,qpEnvelope,1,1,0.00316935,377,10,9.82633,615,615,0,0.00101693,0.00249477,0,0,0.0313549,0.257294,3,3,3.33333,0,0,0,0.740053,0.246684,0.0132626,377,97085,359
1,box,36,isSafe,1,1,0.0139035,5915,31,13.7914,8,691,0,0.00700452,0.00249477,0,0,0,0,112,27,0.276786,0,0,0,0,0,0,0,0,0
1,box,36,qpFixed,1,1,0.00914491,1285,10,8.29079,678,678,0,0.00209384,0.00249477,0,0,0.0104619,0,3,3,3.33333,0,0,0,1,0,0,1285,321196,782
1,box,36,qpPlain,1,1,0.0102679,1285,10,8.29079,678,678,0,0.00209384,0.00249477,0,0,0.0104619,0,3,3,3.33333,0,0,0,1,0,0,1285,440755,1285
1,box,36,qpAdaptive,1,1,0.00430886,550,10,8.29172,541,541,0,0.00192421,0.00249477,0,0,0.0244701,0.325455,3,3,3.33333,0,0,0,0.670909,0.314545,0.0145455,550,138952,492
1,box,36,qpFreeGate,1,1,0.259784,44645,104,24.8386,2047,2047,0,0.0102342,0.00249477,0,0,0.00398042,0,303,91,0.343234,0,0,0,1,0,0,0,0,0
1,box,36,qpEnvelope,1,1,0.00308707,359,10,8.29467,515,515,0,0.00123616,0.00249477,0,0,0.0375995,0.172702,3,3,3.33333,0,0,0,0.821727,0.153203,0.0250696,359,91876,330
1,box,43,isSafe,1,1,0.00571086,2524,15,12.4329,8,623,0,0.0538681,0.00249477,0,0,0,0,30,10,0.5,0,0,0,0,0,0,0,0,0
1,box,43,qpFixed,1,1,0.0033463,471,5,5.24187,472,472,0,0.0149848,0.00249477,0,0,0.0111292,0,1,1,5,0,0,0,1,0,0,471,120406,139
1,box,43,qpPlain,1,1,0.0036405,471,5,5.24187,472,472,0,0.0149848,0.00249477,0,0,0.0111292,0,1,1,5,0,0,0,1,0,0,471,161553,471
1,box,43,qpAdaptive,1,1,0.000620016,76,5,5.24686,297,297,0,0.0159267,0.00249477,0,0,0.0690376,0.815789,1,1,5,0,0,0,0.171053,0.789474,0.0394737,76,21069,42
1,box,43,qpFreeGate,1,1,0.0244885,4064,20,8.74081,892,892,0,0.0076846,0.00249477,0,0,0.00642017,0,18,12,1.11111,0,0,0,1,0,0,0,0,0
1,box,43,qpEnvelope,1,1,0.000405864,37,5,5.25606,282,282,0,0.016641,0.00249477,0,0,0.142056,1,1,1,5,0,0,0,0,0.918919,0.0810811,37,10238,17
1,box,50,isSafe,1,1,0.0115759,5095,27,18.6808,11,936,0,0.0031042,0.00249477,0,0,0,0,117,22,0.230769,0,0,0,0,0,0,0,0,0
1,box,50,qpFixed,1,1,0.0102169,1327,12,11.2947,1037,1037,0,0.00391592,0.00249477,0,0,0.00978862,0,3,3,4,0,0,0,1,0,0,1327,376231,776
1,box,50,qpPlain,1,1,0.0107926,1327,12,11.2947,1037,1037,0,0.00391592,0.00249477,0,0,0.00978862,0,3,3,4,0,0,0,1,0,0,1327,455161,1327
1,box,50,qpAdaptive,1,1,0.00518409,580,13,11.2964,759,759,0,0.00386572,0.00249477,0,0,0.0224658,0.489655,3,3,4.33333,0,0,0,0.503448,0.47931,0.0172414,580,171642,528
1,box,50,qpFreeGate,1,1,0.0991987,16995,50,20.1804,1708,1708,0,0.00422947,0.00249477,0,0,0.00437812,0,109,34,0.458716,0,0,0,1,0,0,0,0,0
1,box,50,qpEnvelope,1,1,0.00286611,267,12,11.2927,627,627,0,0.00398575,0.00249477,0,0,0.0485979,0.550562,3,3,4,0,0,0,0.441948,0.516854,0.0411985,267,78454,248
1,box,57,isSafe,1,1,0.00325177,1300,9,6.39608,5,321,0,0.0791574,0.00249477,0,0,0,0,32,5,0.28125,0,0,0,0,0,0,0,0,0
1,box,57,qpFixed,1,1,0.00345172,416,6,4.85145,417,417,0,0.000763277,0.00249477,0,0,0.0116621,0,1,1,6,0,0,0,1,0,0,416,115646,371
1,box,57,qpPlain,1,1,0.00346291,416,6,4.85145,417,417,0,0.000763277,0.00249477,0,0,0.0116621,0,1,1,6,0,0,0,1,0,0,416,142688,416
1,box,57,qpAdaptive,1,1,0.00178305,203,6,4.85681,333,333,0,0.000751686,0.00249477,0,0,0.0239252,0.339901,1,1,6,0,0,0,0.655172,0.330049,0.0147783,203,59710,197
1,box,57,qpFreeGate,1,1,0.0633433,10638,30,10.9587,1363,1363,0,0.0125108,0.00249477,0,0,0.00421615,0,64,23,0.46875,0,0,0,1,0,0,0,0,0
1,box,57,qpEnvelope,1,1,0.0013717,148,6,4.86494,308,308,0,0.000696352,0.00249477,0,0,0.0328712,0.297297,1,1,6,0,0,0,0.695946,0.277027,0.027027,148,43747,145
1,box,64,isSafe,1,1,0.00493498,2085,12,11.9051,7,597,0,0.0114725,0.00249477,0,0,0,0,44,9,0.272727,0,0,0,0,0,0,0,0,0
1,box,64,qpFixed,1,1,0.0108631,1431,11,12.3325,908,908,0,0.0181016,0.00249477,0,0,0.0112469,0,3,3,3.66667,0,0,0,1,0,0,1431,369653,923
1,box,64,qpPlain,1,1,0.0118831,1431,11,12.3325,908,908,0,0.0181016,0.00249477,0,0,0.0112469,0,3,3,3.66667,0,0,0,1,0,0,1431,490833,1431
1,box,64,qpAdaptive,1,1,0.00447715,510,11,12.3438,702,702,0,0.0143137,0.00249477,0,0,0.0315824,0.545098,3,3,3.66667,0,0,0,0.452941,0.531373,0.0156863,510,140473,444
1,box,64,qpFreeGate,1,1,0.040685,6717,20,13.5161,1425,1425,0,0.0156951,0.00249477,0,0,0.00458847,0,44,14,0.454545,0,0,0,1,0,0,0,0,0
1,box,64,qpEnvelope,1,1,0.00272657,255,12,12.4132,656,656,0,0.00671139,0.00249477,0,0,0.0634787,0.435294,3,3,4,0,0,0,0.560784,0.4,0.0392157,255,72637,221
1,box,71,isSafe,1,1,0.0100716,4231,23,16.334,10,818,0,0.0785371,0.00249477,0,0,0,0,98,17,0.234694,0,0,0,0,0,0,0,0,0
1,box,71,qpFixed,1,1,0.0143546,1756,17,12.6961,1272,1272,0,0.00152481,0.00249477,0,0,0.00874071,0,4,4,4.25,0,0,0,1,0,0,1756,502885,1476
1,box,71,qpPlain,1,1,0.01545,1756,17,12.6961,1272,1272,0,0.00152481,0.00249477,0,0,0.00874071,0,4,4,4.25,0,0,0,1,0,0,1756,602308,1756
1,box,71,qpAdaptive,1,1,0.00890667,1008,18,12.7204,927,927,0,0.00151632,0.00249477,0,0,0.0152527,0.340278,4,4,4.5,0,0,0,0.65377,0.334325,0.0119048,1008,292855,967
1,box,71,qpFreeGate,1,1,0.144362,24499,65,22.2224,2056,2056,0,0.00374895,0.00249477,0,0,0.00423915,0,161,55,0.403727,0,0,0,1,0,0,0,0,0
1,box,71,qpEnvelope,1,1,0.0068564,733,18,12.714,826,826,0,0.00131249,0.00249477,0,0,0.020895,0.229195,4,4,4.5,0,0,0,0.768076,0.215553,0.0163711,733,213797,724
1,box,78,isSafe,1,1,0.00316044,1390,9,7.60902,5,382,0,0.03631,0.00249477,0,0,0,0,17,6,0.529412,0,0,0,0,0,0,0,0,0
1,box,78,qpFixed,1,1,0.00316118,438,6,5.52526,439,439,0,0.00262508,0.00249477,0,0,0.0126147,0,1,1,6,0,0,0,1,0,0,438,113090,248
1,box,78,qpPlain,1,1,0.00351782,438,6,5.52526,439,439,0,0.00262508,0.00249477,0,0,0.0126147,0,1,1,6,0,0,0,1,0,0,438,150234,438
1,box,78,qpAdaptive,1,1,0.00136273,166,6,5.53171,353,353,0,0.00246654,0.00249477,0,0,0.0333235,0.524096,1,1,6,0,0,0,0.475904,0.506024,0.0180723,166,46946,145
1,box,78,qpFreeGate,1,1,0.00981248,1663,9,9.72574,851,851,0,0.00819722,0.00249477,0,0,0.00677284,0,7,4,1.28571,0,0,0,1,0,0,0,0,0
1,box,78,qpEnvelope,1,1,0.00094101,101,6,5.54114,326,326,0,0.00219976,0.00249477,0,0,0.0548627,0.485149,1,1,6,0,0,0,0.514851,0.455446,0.029703,101,28744,93
1,box,85,isSafe,1,1,0.00387213,1689,10,11.8828,7,596,0,0.0180238,0.00249477,0,0,0,0,38,7,0.263158,0,0,0,0,0,0,0,0,0
1,box,85,qpFixed,1,1,0.00921017,1257,11,8.00109,697,697,0,0.0051353,0.00249477,0,0,0.0119848,0,3,3,3.66667,0,0,0,1,0,0,1257,305718,959
1,box,85,qpPlain,1,1,0.0107018,1257,11,8.00109,697,697,0,0.0051353,0.00249477,0,0,0.0119848,0,3,3,3.66667,0,0,0,1,0,0,1257,431151,1257
1,box,85,qpAdaptive,1,1,0.00530246,672,11,8.01429,513,513,0,0.00488549,0.00249477,0,0,0.0224484,0.517857,3,3,3.66667,0,0,0,0.479167,0.513393,0.00744048,672,162651,633
1,box,85,qpFreeGate,1,1,0.0435088,7478,24,13.2255,1234,1234,0,0.0031154,0.00249477,0,0,0.00463845,0,48,17,0.5,0,0,0,1,0,0,0,0,0
1,box,85,qpEnvelope,1,1,0.00292585,315,11,8.05613,465,465,0,0.00450616,0.00249477,0,0,0.0481836,0.511111,3,3,3.66667,0,0,0,0.485714,0.488889,0.0253968,315,76986,301
1,box,92,isSafe,1,1,0.0218082,9207,47,12.0302,8,603,0,0.0178811,0.00249477,0,0,0,0,258,43,0.182171,0,0,0,0,0,0,0,0,0
1,box,92,qpFixed,1,1,0.0144504,1817,13,12.8726,1175,1175,0,0.000343221,0.00249477,0,0,0.00952782,0,5,5,2.6,0,0,0,1,0,0,1817,481461,1473
1,box,92,qpPlain,1,1,0.0151284,1817,13,12.8726,1175,1175,0,0.000343221,0.00249477,0,0,0.00952782,0,5,5,2.6,0,0,0,1,0,0,1817,623231,1817
1,box,92,qpAdaptive,1,1,0.0099653,1144,13,12.8929,960,960,0,0.000342462,0.00249477,0,0,0.0151734,0.282343,5,5,2.6,0,0,0,0.716783,0.278846,0.00437063,1144,315341,1103
1,box,92,qpFreeGate,1,1,0.239904,41372,94,10.6575,1047,1047,0,0.00369315,0.00249477,0,0,0.00369395,0,266,83,0.353383,0,0,0,1,0,0,0,0,0
1,box,92,qpEnvelope,1,1,0.00789994,835,13,12.9448,887,887,0,0.000330866,0.00249477,0,0,0.0209356,0.257485,5,5,2.6,0,0,0,0.742515,0.250299,0.00718563,835,235440,815
1,box,99,isSafe,1,1,0.00645266,2704,16,10.0666,7,505,0,0.00663564,0.00249477,0,0,0,0,40,12,0.4,0,0,0,0,0,0,0,0,0
1,box,99,qpFixed,1,1,0.00447633,598,7,7.6525,599,599,0,0.0050371,0.00249477,0,0,0.0127968,0,1,1,7,0,0,0,1,0,0,598,142161,241
1,box,99,qpPlain,1,1,0.00531586,598,7,7.6525,599,599,0,0.0050371,0.00249477,0,0,0.0127968,0,1,1,7,0,0,0,1,0,0,598,205114,598
1,box,99,qpAdaptive,1,1,0.00148686,164,7,7.65148,461,461,0,0.00496908,0.00249477,0,0,0.0466554,0.719512,1,1,7,0,0,0,0.280488,0.689024,0.0304878,164,41850,128
1,box,99,qpFreeGate,1,1,0.105809,18049,50,18.4437,1595,1595,0,0.00271517,0.00249477,0,0,0.00465347,0,137,43,0.364964,0,0,0,1,0,0,0,0,0
1,box,99,qpEnvelope,1,1,0.000787051,72,7,7.64714,420,420,0,0.00437146,0.00249477,0,0,0.10621,0.652778,1,1,7,0,0,0,0.333333,0.597222,0.0694444,72,18888,51
1,table_pick,6,isSafe,1,1,0.00498086,2015,12,7.54866,5,379,0,0.000767555,0.00249477,0,0,0,0,33,8,0.363636,0,0,0,0,0,0,0,0,0
1,table_pick,6,qpFixed,1,1,0.0207055,2565,22,11.932,1022,1022,0,0.000627306,0.00249477,0,0,0.0107738,0,8,8,2.75,0,0,0,1,0,0,2565,706229,2405
1,table_pick,6,qpPlain,1,1,0.0225801,2565,22,11.932,1022,1022,0,0.000627306,0.00249477,0,0,0.0107738,0,8,8,2.75,0,0,0,1,0,0,2565,879795,2565
1,table_pick,6,qpAdaptive,1,1,0.0164736,1954,23,11.9187,916,916,0,0.000583621,0.00249477,0,0,0.0141237,0.198055,8,8,2.875,0,0,0,0.800409,0.194473,0.00511771,1954,538411,1905
1,table_pick,6,qpFreeGate,1,1,0.0352501,5964,21,9.60144,731,731,0,0.00425916,0.00249477,0,0,0.00520189,0,43,15,0.488372,0,0,0,1,0,0,0,0,0
1,table_pick,6,qpEnvelope,1,1,0.00710124,796,24,15.6357,992,992,0,0.000891238,0.00249477,0,0,0.0282761,0.25,7,7,3.42857,0,0,0,0.747487,0.222362,0.0301508,796,202073,784
1,table_pick,13,isSafe,1,1,0.00315307,1491,9,9.98158,6,501,0,0.00193659,0.00249477,0,0,0,0,36,5,0.25,0,0,0,0,0,0,0,0,0
1,table_pick,13,qpFixed,1,1,0.00457147,649,7,7.77478,650,650,0,0.000591069,0.00249477,0,0,0.0119796,0,1,1,7,0,0,0,1,0,0,649,155911,491
1,table_pick,13,qpPlain,1,1,0.00540825,649,7,7.77478,650,650,0,0.000591069,0.00249477,0,0,0.0119796,0,1,1,7,0,0,0,1,0,0,649,222607,649
1,table_pick,13,qpAdaptive,1,1,0.00338541,458,7,7.81491,601,601,0,0.000357498,0.00249477,0,0,0.0170631,0.231441,1,1,7,0,0,0,0.766376,0.227074,0.00655022,458,112144,399
1,table_pick,13,qpFreeGate,1,1,0.0350011,6045,21,13.7369,1186,1186,0,0.00191119,0.00249477,0,0,0.00473612,0,41,15,0.512195,0,0,0,1,0,0,0,0,0
1,table_pick,13,qpEnvelope,1,1,0.00311365,396,8,7.97848,576,576,0,0.000454402,0.00249477,0,0,0.0201477,0.156566,1,1,8,0,0,0,0.838384,0.151515,0.010101,396,98954,380
1,table_pick,20,isSafe,1,1,0.00442702,1722,10,4.09385,4,206,0,0.00559519,0.00249477,0,0,0,0,20,6,0.5,0,0,0,0,0,0,0,0,0
1,table_pick,20,qpFixed,1,1,0.00241047,346,5,5.25902,347,347,0,0.00726496,0.00249477,0,0,0.0151995,0,1,1,5,0,0,0,1,0,0,346,78312,37
1,table_pick,20,qpPlain,1,1,0.00281212,346,5,5.25902,347,347,0,0.00726496,0.00249477,0,0,0.0151995,0,1,1,5,0,0,0,1,0,0,346,118678,346
1,table_pick,20,qpAdaptive,1,1,0.000444491,55,5,5.25931,290,290,0,0.00726496,0.00249477,0,0,0.0956239,0.781818,1,1,5,0,0,0,0.2,0.745455,0.0545455,55,14261,25
1,table_pick,20,qpFreeGate,1,1,0.0147114,2461,12,3.82537,353,353,0,0.00550104,0.00249477,0,0,0.00671548,0,20,8,0.6,0,0,0,1,0,0,0,0,0
1,table_pick,20,qpEnvelope,1,1,0.000342171,33,5,5.26,280,280,0,0.00726496,0.00249477,0,0,0.159394,0.727273,1,1,5,0,0,0,0.272727,0.636364,0.0909091,33,8566,19
1,table_pick,27,isSafe,1,1,0.0181787,7666,38,16.1372,10,808,0,0.0024017,0.00249477,0,0,0,0,203,33,0.187192,0,0,0,0,0,0,0,0,0
1,table_pick,27,qpFixed,1,1,0.0153011,1885,23,14.4469,1027,1027,18,-0.000107329,0.00249477,0,0,0.0114851,0,6,5,3.83333,0,0,0,1,0,0,1885,541294,1080
1,table_pick,27,qpPlain,1,1,0.0166717,1885,23,14.4469,1027,1027,18,-0.000107329,0.00249477,0,0,0.0114851,0,6,5,3.83333,0,0,0,1,0,0,1885,646555,1885
1,table_pick,27,qpAdaptive,1,1,0.00835979,891,23,14.4504,910,910,17,-0.00010842,0.00249477,0,0,0.0243635,0.277217,6,5,3.83333,0,0,0,0.71156,0.265993,0.0224467,891,268229,733
1,table_pick,27,qpFreeGate,1,1,0.214116,37841,75,13.1455,918,918,0,0.00767893,0.00249477,0,0,0.00349824,0,328,69,0.228659,0,0,0,1,0,0,0,0,0
1,table_pick,27,qpEnvelope,1,1,0.0106525,1053,28,21.0514,1195,1195,15,-0.000127503,0.00249477,0,0,0.0378878,0.169041,12,10,2.33333,0,0,0,0.824311,0.148148,0.0275404,1053,311939,924
1,table_pick,34,isSafe,1,1,0.00252564,1229,8,5.32249,4,268,0,0.00184274,0.00249477,0,0,0,0,8,4,1,0,0,0,0,0,0,0,0,0
1,table_pick,34,qpFixed,1,1,0.00366094,567,6,6.53027,568,568,0,0.00608284,0.00249477,0,0,0.0115172,0,1,1,6,0,0,0,1,0,0,567,136559,92
1,table_pick,34,qpPlain,1,1,0.00413119,567,6,6.53027,568,568,0,0.00608284,0.00249477,0,0,0.0115172,0,1,1,6,0,0,0,1,0,0,567,194481,567
1,table_pick,34,qpAdaptive,1,1,0.000725956,87,6,6.53237,368,368,0,0.00608284,0.00249477,0,0,0.0750848,0.781609,1,1,6,0,0,0,0.206897,0.747126,0.045977,87,23500,46
1,table_pick,34,qpFreeGate,1,1,0.00824364,1435,9,4.40071,459,459,0,0.00179366,0.00249477,0,0,0.00784833,0,8,5,1.125,0,0,0,1,0,0,0,0,0
1,table_pick,34,qpEnvelope,1,1,0.000504874,47,6,6.53593,352,352,0,0.00606042,0.00249477,0,0,0.139062,0.659574,1,1,6,0,0,0,0.297872,0.617021,0.0851064,47,12794,30
1,table_pick,41,isSafe,1,1,0.00689428,2884,17,14.7618,9,740,0,0.00130541,0.00249477,0,0,0,0,65,12,0.261538,0,0,0,0,0,0,0,0,0
1,table_pick,41,qpFixed,1,1,0.0182988,2131,19,15.8081,1198,1198,0,0.000608299,0.00249477,0,0,0.0108313,0,6,6,3.16667,0,0,0,1,0,0,2131,622792,1776
1,table_pick,41,qpPlain,1,1,0.0178187,2131,19,15.8081,1198,1198,0,0.000608299,0.00249477,0,0,0.0108313,0,6,6,3.16667,0,0,0,1,0,0,2131,730933,2131
1,table_pick,41,qpAdaptive,1,1,0.0105793,1147,20,15.8106,1117,1117,0,0.000546452,0.00249477,0,0,0.020157,0.342633,6,6,3.33333,0,0,0,0.653008,0.331299,0.0156931,1147,344027,1075
1,table_pick,41,qpFreeGate,1,1,0.0589535,10398,24,9.99198,933,933,0,0.00497671,0.00249477,0,0,0.00387589,0,88,21,0.272727,0,0,0,1,0,0,0,0,0
1,table_pick,41,qpEnvelope,1,1,0.00821364,820,20,15.8262,1022,1022,0,0.000573469,0.00249477,0,0,0.0282922,0.226829,6,6,3.33333,0,0,0,0.769512,0.208537,0.0219512,820,247936,790
1,table_pick,48,isSafe,1,1,0.00401212,1613,10,11.6526,7,584,0,0.00275091,0.00249477,0,0,0,0,20,6,0.5,0,0,0,0,0,0,0,0,0
1,table_pick,48,qpFixed,1,1,0.00411579,631,6,7.71427,632,632,0,0.00394631,0.00249477,0,0,0.0122255,0,1,1,6,0,0,0,1,0,0,631,148296,155
1,table_pick,48,qpPlain,1,1,0.00465368,631,6,7.71427,632,632,0,0.00394631,0.00249477,0,0,0.0122255,0,1,1,6,0,0,0,1,0,0,631,216433,631
1,table_pick,48,qpAdaptive,1,1,0.000868932,106,6,7.71452,438,438,0,0.00394631,0.00249477,0,0,0.0727785,0.679245,1,1,6,0,0,0,0.320755,0.641509,0.0377358,106,28290,73
1,table_pick,48,qpFreeGate,1,1,0.0975038,17111,45,16.3493,1239,1239,0,0.00615771,0.00249477,0,0,0.00457952,0,150,40,0.3,0,0,0,1,0,0,0,0,0
1,table_pick,48,qpEnvelope,1,1,0.000638459,63,6,7.71587,419,419,0,0.00394631,0.00249477,0,0,0.122474,0.555556,1,1,6,0,0,0,0.444444,0.492063,0.0634921,63,17206,48
1,table_pick,55,isSafe,1,1,0.0030824,1449,9,9.81159,6,492,0,0.000933365,0.00249477,0,0,0,0,28,5,0.321429,0,0,0,0,0,0,0,0,0
1,table_pick,55,qpFixed,1,1,0.00423834,630,6,7.59488,631,631,0,0.00379336,0.00249477,0,0,0.0120554,0,1,1,6,0,0,0,1,0,0,630,152926,120
1,table_pick,55,qpPlain,1,1,0.00472255,630,6,7.59488,631,631,0,0.00379336,0.00249477,0,0,0.0120554,0,1,1,6,0,0,0,1,0,0,630,216090,630
1,table_pick,55,qpAdaptive,1,1,0.000985274,110,6,7.59495,430,430,0,0.00379336,0.00249477,0,0,0.069045,0.681818,1,1,6,0,0,0,0.318182,0.645455,0.0363636,110,30000,79
1,table_pick,55,qpFreeGate,1,1,0.0160741,2882,14,9.96032,873,873,0,0.00461416,0.00249477,0,0,0.00513635,0,20,6,0.7,0,0,0,1,0,0,0,0,0
1,table_pick,55,qpEnvelope,1,1,0.000698507,65,6,7.59531,414,414,0,0.00379336,0.00249477,0,0,0.116851,0.523077,1,1,6,0,0,0,0.476923,0.461538,0.0615385,65,17911,51
1,table_pick,62,isSafe,1,1,0.00467038,1843,10,9.32484,6,468,0,0.0020136,0.00249477,0,0,0,0,14,6,0.714286,0,0,0,0,0,0,0,0,0
1,table_pick,62,qpFixed,1,1,0.00708008,990,13,8.6461,729,729,0,0.0068227,0.00249477,0,0,0.0116012,0,2,2,6.5,0,0,0,1,0,0,990,225931,245
1,table_pick,62,qpPlain,1,1,0.00804474,990,13,8.6461,729,729,0,0.0068227,0.00249477,0,0,0.0116012,0,2,2,6.5,0,0,0,1,0,0,990,339570,990
1,table_pick,62,qpAdaptive,1,1,0.00109926,120,11,8.66718,483,483,0,0.00682461,0.00249477,0,0,0.095749,0.858333,2,2,5.5,0,0,0,0.141667,0.775,0.0833333,120,31554,58
1,table_pick,62,qpFreeGate,1,1,0.0208355,3447,20,17.6203,1456,1456,0,0.00206651,0.00249477,0,0,0.00672623,0,21,9,0.952381,0,0,0,1,0,0,0,0,0
1,table_pick,62,qpEnvelope,1,1,0.000789823,65,10,8.69718,462,462,0,0.00685495,0.00249477,0,0,0.177122,0.8,2,2,5,0,0,0,0.184615,0.676923,0.138462,65,17495,39
1,table_pick,69,isSafe,1,1,0.00533746,2406,14,13.011,8,652,0,0.000237495,0.00249477,0,0,0,0,38,10,0.368421,0,0,0,0,0,0,0,0,0
1,table_pick,69,qpFixed,1,1,0.00475919,765,7,8.47892,766,766,0,0.00355439,0.00249477,0,0,0.0110836,0,1,1,7,0,0,0,1,0,0,765,200992,89
1,table_pick,69,qpPlain,1,1,0.00534903,765,7,8.47892,766,766,0,0.00355439,0.00249477,0,0,0.0110836,0,1,1,7,0,0,0,1,0,0,765,262395,765
1,table_pick,69,qpAdaptive,1,1,0.00106313,143,7,8.48626,492,492,0,0.00354204,0.00249477,0,0,0.0593445,0.58042,1,1,7,0,0,0,0.41958,0.545455,0.034965,143,39000,70
1,table_pick,69,qpFreeGate,1,1,0.0506546,8874,30,13.0725,1122,1122,0,0.00801127,0.00249477,0,0,0.00524462,0,64,25,0.46875,0,0,0,1,0,0,0,0,0
1,table_pick,69,qpEnvelope,1,1,0.000731622,76,7,8.51452,465,465,0,0.00352666,0.00249477,0,0,0.112033,0.421053,1,1,7,0,0,0,0.565789,0.368421,0.0657895,76,20823,52
1,table_pick,76,isSafe,1,1,0.00167589,894,7,8.57213,6,430,0,0.00337862,0.00249477,0,0,0,0,2,2,3.5,0,0,0,0,0,0,0,0,0
1,table_pick,76,qpFixed,1,1,0.003939,658,7,8.0803,659,659,0,0.00556352,0.00249477,0,0,0.0122801,0,1,1,7,0,0,0,1,0,0,658,156919,24
1,table_pick,76,qpPlain,1,1,0.00479743,658,7,8.0803,659,659,0,0.00556352,0.00249477,0,0,0.0122801,0,1,1,7,0,0,0,1,0,0,658,225694,658
1,table_pick,76,qpAdaptive,1,1,0.000670734,81,7,8.0803,445,445,0,0.00556352,0.00249477,0,0,0.0997568,0.666667,1,1,7,0,0,0,0.333333,0.604938,0.0617284,81,21223,24
1,table_pick,76,qpFreeGate,1,1,0.00474344,819,7,8.35205,721,721,0,0.0024497,0.00249477,0,0,0.0102458,0,2,2,3.5,0,0,0,1,0,0,0,0,0
1,table_pick,76,qpEnvelope,1,1,0.00055963,44,7,8.08032,427,427,0,0.00559948,0.00249477,0,0,0.183644,0.795455,1,1,7,0,0,0,0.204545,0.681818,0.113636,44,11450,17
1,table_pick,83,isSafe,1,1,0.00474226,1900,12,10.1811,7,511,0,5.42699e-05,0.00249477,0,0,0,0,35,6,0.342857,0,0,0,0,0,0,0,0,0
1,table_pick,83,qpFixed,1,1,0.00466482,664,7,8.20536,665,665,0,0.00346505,0.00249477,0,0,0.0123575,0,1,1,7,0,0,0,1,0,0,664,181082,187
1,table_pick,83,qpPlain,1,1,0.0050858,664,7,8.20536,665,665,0,0.00346505,0.00249477,0,0,0.0123575,0,1,1,7,0,0,0,1,0,0,664,227752,664
1,table_pick,83,qpAdaptive,1,1,0.00169244,203,7,8.20544,497,497,0,0.00346505,0.00249477,0,0,0.0404209,0.64532,1,1,7,0,0,0,0.35468,0.62069,0.0246305,203,55143,118
1,table_pick,83,qpFreeGate,1,1,0.0434762,7476,22,12.2838,974,974,0,0.0031194,0.00249477,0,0,0.00413027,0,58,18,0.37931,0,0,0,1,0,0,0,0,0
1,table_pick,83,qpEnvelope,1,1,0.00103474,96,7,8.20533,455,455,0,0.00347654,0.00249477,0,0,0.0854722,0.479167,1,1,7,0,0,0,0.510417,0.4375,0.0520833,96,26161,69
1,table_pick,90,isSafe,1,1,0.00120386,519,5,5.14888,4,259,0,0.000103263,0.00249477,0,0,0,0,1,1,5,0,0,0,0,0,0,0,0,0
1,table_pick,90,qpFixed,1,1,0.00238648,358,5,5.20897,359,359,0,0.00511427,0.00249477,0,0,0.0145502,0,1,1,5,0,0,0,1,0,0,358,90501,44
1,table_pick,90,qpPlain,1,1,0.00261327,358,5,5.20897,359,359,0,0.00511427,0.00249477,0,0,0.0145502,0,1,1,5,0,0,0,1,0,0,358,122794,358
1,table_pick,90,qpAdaptive,1,1,0.000721412,93,5,5.20897,298,298,0,0.00511427,0.00249477,0,0,0.0560104,0.301075,1,1,5,0,0,0,0.688172,0.27957,0.0322581,93,27054,44
1,table_pick,90,qpFreeGate,1,1,0.0817721,13986,42,15.4677,1440,1440,0,0.000835676,0.00249477,0,0,0.00452909,0,101,34,0.415842,0,0,0,1,0,0,0,0,0
1,table_pick,90,qpEnvelope,1,1,0.0006468,66,5,5.209,296,296,0,0.00511427,0.00249477,0,0,0.0789242,0.484848,1,1,5,0,0,0,0.515152,0.439394,0.0454545,66,19277,41
1,table_pick,97,isSafe,1,1,0.00236661,1054,8,10.3655,7,520,0,0.00345514,0.00249477,0,0,0,0,6,2,1.33333,0,0,0,0,0,0,0,0,0
1,table_pick,97,qpFixed,1,1,0.00462315,680,7,9.1942,681,681,0,0.00546658,0.00249477,0,0,0.0135209,0,1,1,7,0,0,0,1,0,0,680,158803,126
1,table_pick,97,qpPlain,1,1,0.00537999,680,7,9.1942,681,681,0,0.00546658,0.00249477,0,0,0.0135209,0,1,1,7,0,0,0,1,0,0,680,233240,680
1,table_pick,97,qpAdaptive,1,1,0.0012142,130,7,9.19494,528,528,0,0.00546738,0.00249477,0,0,0.0707303,0.723077,1,1,7,0,0,0,0.269231,0.692308,0.0384615,130,36086,83
1,table_pick,97,qpFreeGate,1,1,0.00755869,1213,9,10.1928,896,896,0,0.00314509,0.00249477,0,0,0.00849943,0,6,3,1.5,0,0,0,1,0,0,0,0,0
1,table_pick,97,qpEnvelope,1,1,0.000741923,66,7,9.19676,492,492,0,0.00544441,0.00249477,0,0,0.139345,0.606061,1,1,7,0,0,0,0.393939,0.530303,0.0757576,66,18796,48
1,cage,4,isSafe,1,1,1.26152,507099,3809,28.8498,17,1444,0,1.85364e-05,0.00249477,0,0,0,0,35851,3805,0.106245,0,0,0,0,0,0,0,0,0
1,cage,4,qpFixed,1,1,0.0595837,7652,48,15.3143,1280,1280,0,0.000270658,0.00249477,0,0,0.0100874,0,27,23,1.77778,0,0,0,1,0,0,7652,2008513,6909
1,cage,4,qpPlain,1,1,0.0648989,7652,48,15.3143,1280,1280,0,0.000270658,0.00249477,0,0,0.0100874,0,27,23,1.77778,0,0,0,1,0,0,7652,2624636,7652
1,cage,4,qpAdaptive,1,1,0.0450616,5295,47,15.3143,1113,1113,0,0.00025968,0.00249477,0,0,0.0144648,0.256468,27,23,1.74074,0,0,0,0.74235,0.253306,0.00434454,5295,1409280,5148
1,cage,4,qpFreeGate,1,1,2.74341,482011,782,20.6714,2671,2671,0,0.000601402,0.00249477,0,0,0.00276371,0,4161,741,0.187936,0,0,0,1,0,0,0,0,0
1,cage,4,qpEnvelope,1,1,0.198639,21961,184,29.835,1850,1850,0,0.000170427,0.00249477,0,0,0.0141513,0.157006,152,101,1.21053,0,0,0,0.841712,0.152277,0.00601093,21961,5818283,21777
1,cage,11,isSafe,1,1,0.375563,160551,1015,27.1447,17,1359,0,0.00077172,0.00249477,0,0,0,0,10207,1012,0.0994416,0,0,0,0,0,0,0,0,0
1,cage,11,qpFixed,1,1,0.270247,33352,156,30.6134,2598,2598,0,0.00015729,0.00249477,0,0,0.0085776,0,134,93,1.16418,0,0,0,1,0,0,33352,9179146,29906
1,cage,11,qpPlain,1,1,0.292278,33352,156,30.6134,2598,2598,0,0.00015729,0.00249477,0,0,0.0085776,0,134,93,1.16418,0,0,0,1,0,0,33352,11439736,33352
1,cage,11,qpAdaptive,1,1,0.231877,26340,156,30.621,2128,2128,0,0.000156206,0.00249477,0,0,0.0108751,0.175057,134,93,1.16418,0,0,0,0.82388,0.173197,0.00292331,26340,7275928,25789
1,cage,11,qpFreeGate,1,1,6.56543,1148077,1685,27.7353,2971,2971,0,0.00118796,0.00249477,0,0,0.00235888,0,10072,1650,0.167295,0,0,0,1,0,0,0,0,0
1,cage,11,qpEnvelope,1,1,0.19379,21069,162,30.6385,1939,1939,0,0.000147183,0.00249477,0,0,0.013812,0.161517,134,95,1.20896,0,0,0,0.837771,0.157008,0.00522094,21069,5819436,20843
1,cage,18,isSafe,1,1,0.180511,77020,438,19.6403,11,984,0,0.00810278,0.00249477,0,0,0,0,3650,435,0.12,0,0,0,0,0,0,0,0,0
1,cage,18,qpFixed,1,1,0.0165543,2127,17,14.3831,1046,1046,0,0.0032428,0.00249477,0,0,0.0110808,0,6,6,2.83333,0,0,0,1,0,0,2127,574377,1766
1,cage,18,qpPlain,1,1,0.0180302,2127,17,14.3831,1046,1046,0,0.0032428,0.00249477,0,0,0.0110808,0,6,6,2.83333,0,0,0,1,0,0,2127,729561,2127
1,cage,18,qpAdaptive,1,1,0.0105238,1188,17,14.3936,955,955,0,0.00324346,0.00249477,0,0,0.0199003,0.499158,6,6,2.83333,0,0,0,0.495791,0.496633,0.00757576,1188,337679,1147
1,cage,18,qpFreeGate,1,1,1.006,175639,325,24.0596,2323,2323,0,0.00272683,0.00249477,0,0,0.00329393,0,1355,303,0.239852,0,0,0,1,0,0,0,0,0
1,cage,18,qpEnvelope,1,1,0.00594678,546,18,14.4486,856,856,0,0.00258846,0.00249477,0,0,0.0436104,0.52381,6,6,3,0,0,0,0.467033,0.509158,0.0238095,546,157393,532
1,cage,25,isSafe,1,1,0.517856,220160,1337,28.3628,16,1420,0,2.28054e-05,0.00249477,0,0,0,0,12644,1334,0.105742,0,0,0,0,0,0,0,0,0
1,cage,25,qpFixed,1,1,0.12002,15822,84,29.756,2394,2394,0,5.74879e-05,0.00249477,0,0,0.00889893,0,55,41,1.52727,0,0,0,1,0,0,15822,4099065,12728
1,cage,25,qpPlain,1,1,0.13448,15822,84,29.756,2394,2394,0,5.74879e-05,0.00249477,0,0,0.00889893,0,55,41,1.52727,0,0,0,1,0,0,15822,5426946,15822
1,cage,25,qpAdaptive,1,1,0.0849004,9733,86,29.815,1998,1998,0,5.87357e-05,0.00249477,0,0,0.0144951,0.279975,55,41,1.56364,0,0,0,0.718073,0.275146,0.00678105,9733,2619552,9390
1,cage,25,qpFreeGate,1,1,2.25683,391550,640,23.4562,2305,2305,0,0.00274094,0.00249477,0,0,0.00279594,0,3414,630,0.187463,0,0,0,1,0,0,0,0,0
1,cage,25,qpEnvelope,1,1,0.0668584,7112,82,29.8511,1833,1833,0,7.15587e-05,0.00249477,0,0,0.0199039,0.179415,55,41,1.49091,0,0,0,0.81946,0.170557,0.00998313,7112,1925010,6958
1,cage,32,isSafe,1,1,1.24544,496736,3742,22.502,13,1127,0,0.00104942,0.00249477,0,0,0,0,36202,3739,0.103364,0,0,0,0,0,0,0,0,0
1,cage,32,qpFixed,1,1,0.0492101,6586,41,17.2576,1573,1573,0,0.000845965,0.00249477,0,0,0.00928873,0,23,18,1.78261,0,0,0,1,0,0,6586,1639440,5661
1,cage,32,qpPlain,1,1,0.0559188,6586,41,17.2576,1573,1573,0,0.000845965,0.00249477,0,0,0.00928873,0,23,18,1.78261,0,0,0,1,0,0,6586,2258998,6586
1,cage,32,qpAdaptive,1,1,0.0360565,4414,41,17.2609,1214,1214,0,0.000848286,0.00249477,0,0,0.0138822,0.332125,23,18,1.78261,0,0,0,0.665609,0.32918,0.00521069,4414,1102401,4326
1,cage,32,qpFreeGate,1,1,1.39018,241786,457,23.0888,2792,2792,0,0.00176219,0.00249477,0,0,0.00313185,0,1953,428,0.233999,0,0,0,1,0,0,0,0,0
1,cage,32,qpEnvelope,1,1,0.0258036,2921,41,17.283,1045,1045,0,0.000808941,0.00249477,0,0,0.0210348,0.261554,23,18,1.78261,0,0,0,0.736392,0.25368,0.00992811,2921,729102,2879
1,cage,39,isSafe,1,1,0.634964,269600,1839,23.3707,14,1170,0,0.0157486,0.00249477,0,0,0,0,17252,1835,0.106596,0,0,0,0,0,0,0,0,0
1,cage,39,qpFixed,1,1,0.0520641,6683,44,20.5609,1889,1889,0,6.40853e-05,0.00249477,0,0,0.00880124,0,25,18,1.76,0,0,0,1,0,0,6683,1788581,5981
1,cage,39,qpPlain,1,1,0.0565523,6683,44,20.5609,1889,1889,0,6.40853e-05,0.00249477,0,0,0.00880124,0,25,18,1.76,0,0,0,1,0,0,6683,2292269,6683
1,cage,39,qpAdaptive,1,1,0.0417672,4906,43,20.58,1613,1613,0,6.74728e-05,0.00249477,0,0,0.0119822,0.254382,25,18,1.72,0,0,0,0.743172,0.252344,0.0044843,4906,1327245,4777
1,cage,39,qpFreeGate,1,1,0.98919,172868,313,16.4792,1616,1616,0,0.00994228,0.00249477,0,0,0.00321719,0,1424,295,0.219803,0,0,0,1,0,0,0,0,0
1,cage,39,qpEnvelope,1,1,0.0342401,3914,43,18.9825,1111,1111,0,0.000318093,0.00249477,0,0,0.0156009,0.156617,25,19,1.72,0,0,0,0.843127,0.149719,0.00715381,3914,1021501,3864
1,cage,46,isSafe,1,1,0.352751,151890,918,20.409,12,1022,0,0.00724022,0.00249477,0,0,0,0,8144,914,0.112721,0,0,0,0,0,0,0,0,0
1,cage,46,qpFixed,1,1,0.0829546,10701,76,22.3654,1796,1796,0,0.000206337,0.00249477,0,0,0.0100538,0,40,31,1.9,0,0,0,1,0,0,10701,2792254,9480
1,cage,46,qpPlain,1,1,0.0905433,10701,76,22.3654,1796,1796,0,0.000206337,0.00249477,0,0,0.0100538,0,40,31,1.9,0,0,0,1,0,0,10701,3670443,10701
1,cage,46,qpAdaptive,1,1,0.118435,14079,127,23.2387,1552,1552,0,0.00232677,0.00249477,0,0,0.0135209,0.26259,75,60,1.69333,0,0,0,0.735564,0.258825,0.00561119,14079,3708834,13419
1,cage,46,qpFreeGate,1,1,1.26362,221490,390,14.1801,1807,1807,0,0.00144248,0.00249477,0,0,0.00308957,0,1771,363,0.220215,0,0,0,1,0,0,0,0,0
1,cage,46,qpEnvelope,1,1,0.090139,10066,116,23.324,1353,1353,0,0.00210961,0.00249477,0,0,0.018912,0.186271,75,59,1.54667,0,0,0,0.811941,0.178621,0.00943771,10066,2629808,9744
1,cage,53,isSafe,1,1,0.907271,367189,2606,14.8137,10,742,0,0.00214763,0.00249477,0,0,0,0,23746,2602,0.109745,0,0,0,0,0,0,0,0,0
1,cage,53,qpFixed,1,1,0.138774,17811,85,20.0569,1820,1820,0,0.00147018,0.00249477,0,0,0.00842218,0,73,48,1.16438,0,0,0,1,0,0,17811,4741780,16663
1,cage,53,qpPlain,1,1,0.150674,17811,85,20.0569,1820,1820,0,0.00147018,0.00249477,0,0,0.00842218,0,73,48,1.16438,0,0,0,1,0,0,17811,6109173,17811
1,cage,53,qpAdaptive,1,1,0.10876,12898,85,20.0698,1495,1495,0,0.00145346,0.00249477,0,0,0.0116544,0.281051,73,48,1.16438,0,0,0,0.717863,0.278415,0.00372151,12898,3451289,12621
1,cage,53,qpFreeGate,1,1,0.989615,174892,322,26.611,3319,3319,0,0.00240008,0.00249477,0,0,0.0031951,0,1427,305,0.225648,0,0,0,1,0,0,0,0,0
1,cage,53,qpEnvelope,1,1,0.0872976,9799,84,20.1182,1256,1256,0,0.000594153,0.00249477,0,0,0.0153152,0.227676,73,48,1.15068,0,0,0,0.771099,0.22237,0.00653128,9799,2603865,9652
1,cage,60,isSafe,1,1,0.536469,224408,1332,17.5816,11,881,0,0.00275507,0.00249477,0,0,0,0,11957,1328,0.111399,0,0,0,0,0,0,0,0,0
1,cage,60,qpFixed,1,1,0.0189634,2410,17,13.3023,1111,1111,0,0.00154622,0.00249477,0,0,0.0104947,0,8,8,2.125,0,0,0,1,0,0,2410,629441,1802
1,cage,60,qpPlain,1,1,0.0208517,2410,17,13.3023,1111,1111,0,0.00154622,0.00249477,0,0,0.0104947,0,8,8,2.125,0,0,0,1,0,0,2410,826630,2410
1,cage,60,qpAdaptive,1,1,0.0106828,1227,17,13.3224,959,959,0,0.0015343,0.00249477,0,0,0.0206015,0.408313,8,8,2.125,0,0,0,0.587612,0.402608,0.00977995,1227,322960,1148
1,cage,60,qpFreeGate,1,1,7.81429,1386195,2335,15.9862,1548,1548,0,0.00513969,0.00249477,0,0,0.00245841,0,14110,2316,0.165485,0,0,0,1,0,0,0,0,0
1,cage,60,qpEnvelope,1,1,0.00646096,642,17,13.3083,839,839,0,0.0015992,0.00249477,0,0,0.039303,0.345794,8,8,2.125,0,0,0,0.65109,0.32866,0.0202492,642,173330,608
1,cage,67,isSafe,1,1,0.388465,166482,1059,14.3869,9,721,0,0.00965716,0.00249477,0,0,0,0,10426,1056,0.101573,0,0,0,0,0,0,0,0,0
1,cage,67,qpFixed,1,1,0.130515,15921,86,11.9895,1006,1006,0,0.00637674,0.00249477,0,0,0.00814986,0,62,45,1.3871,0,0,0,1,0,0,15921,4453264,15148
1,cage,67,qpPlain,1,1,0.138137,15921,86,11.9895,1006,1006,0,0.00637674,0.00249477,0,0,0.00814986,0,62,45,1.3871,0,0,0,1,0,0,15921,5460903,15921
1,cage,67,qpAdaptive,1,1,0.0975789,10807,87,12.0108,811,811,0,0.00541655,0.00249477,0,0,0.0120199,0.313963,62,45,1.40323,0,0,0,0.682983,0.311557,0.00545942,10807,3049307,10653
1,cage,67,qpFreeGate,1,1,1.39346,243823,423,15.3691,1808,1808,0,0.00127357,0.00249477,0,0,0.00294961,0,2003,397,0.211183,0,0,0,1,0,0,0,0,0
1,cage,67,qpEnvelope,1,1,0.242403,25786,207,39.557,2661,2661,27,-1.47211e-05,0.00249477,0,0,0.0137996,0.207205,186,111,1.1129,0,0,0,0.791243,0.202513,0.0062437,25786,7221532,24907
1,cage,74,isSafe,1,1,1.06272,432402,2939,35.8951,22,1796,0,0.00211111,0.00249477,0,0,0,0,28237,2935,0.104083,0,0,0,0,0,0,0,0,0
1,cage,74,qpFixed,1,1,0.0259134,3430,18,15.0838,1492,1492,69,-0.00237687,0.00249477,0,0,0.00883275,0,9,7,2,0,0,0,1,0,0,3430,921328,2211
1,cage,74,qpPlain,1,1,0.0282349,3430,18,15.0838,1492,1492,69,-0.00237687,0.00249477,0,0,0.00883275,0,9,7,2,0,0,0,1,0,0,3430,1176490,3430
1,cage,74,qpAdaptive,1,1,0.0151612,1760,18,15.0815,1035,1035,77,-0.00308733,0.00249477,0,0,0.0172168,0.289773,9,7,2,0,0,0,0.707955,0.284091,0.00795455,1760,481677,1650
1,cage,74,qpFreeGate,1,1,0.278552,48809,103,22.643,2044,2044,0,0.00483468,0.00249477,0,0,0.00377889,0,350,97,0.294286,0,0,0,1,0,0,0,0,0
1,cage,74,qpEnvelope,1,1,0.0117014,1248,18,15.0891,969,969,77,-0.00342337,0.00249477,0,0,0.0243095,0.19391,9,7,2,0,0,0,0.80609,0.18109,0.0128205,1248,349899,1202
1,cage,81,isSafe,1,1,0.0352413,15183,72,23.8325,13,1193,0,0.0104686,0.00249477,0,0,0,0,464,69,0.155172,0,0,0,0,0,0,0,0,0
1,cage,81,qpFixed,1,1,0.00572342,738,8,8.28853,739,739,0,0.00219,0.00249477,0,0,0.0112311,0,1,1,8,0,0,0,1,0,0,738,201704,394
1,cage,81,qpPlain,1,1,0.00614884,738,8,8.28853,739,739,0,0.00219,0.00249477,0,0,0.0112311,0,1,1,8,0,0,0,1,0,0,738,253134,738
1,cage,81,qpAdaptive,1,1,0.0029396,323,8,8.29925,597,597,0,0.0021482,0.00249477,0,0,0.0256943,0.346749,1,1,8,0,0,0,0.650155,0.334365,0.0154799,323,95132,274
1,cage,81,qpFreeGate,1,1,0.417298,73226,144,13.9183,1350,1350,0,0.00895239,0.00249477,0,0,0.00337722,0,604,131,0.238411,0,0,0,1,0,0,0,0,0
1,cage,81,qpEnvelope,1,1,0.00158501,148,8,8.33182,497,497,0,0.00191332,0.00249477,0,0,0.0562961,0.506757,1,1,8,0,0,0,0.493243,0.466216,0.0405405,148,43700,127
1,cage,88,isSafe,1,1,0.242186,105720,615,30.3745,17,1520,0,0.00302219,0.00249477,0,0,0,0,6005,610,0.102415,0,0,0,0,0,0,0,0,0
1,cage,88,qpFixed,1,1,0.282136,35703,150,28.1447,2488,2488,0,0.000117419,0.00249477,0,0,0.00805212,0,149,91,1.00671,0,0,0,1,0,0,35703,9635928,32328
1,cage,88,qpPlain,1,1,0.306125,35703,150,28.1447,2488,2488,0,0.000117419,0.00249477,0,0,0.00805212,0,149,91,1.00671,0,0,0,1,0,0,35703,12246129,35703
1,cage,88,qpAdaptive,1,1,0.242878,28282,150,28.1514,2251,2251,0,0.000118615,0.00249477,0,0,0.0101741,0.174917,149,91,1.00671,0,0,0,0.824164,0.173114,0.00272258,28282,7617701,27691
1,cage,88,qpFreeGate,1,1,6.05439,1069968,1555,18.7739,2166,2166,0,0.00155975,0.00249477,0,0,0.00239227,0,9493,1509,0.163805,0,0,0,1,0,0,0,0,0
1,cage,88,qpEnvelope,1,1,0.204124,23040,150,28.2099,1877,1877,0,0.000110577,0.00249477,0,0,0.0125379,0.124436,149,91,1.00671,0,0,0,0.874913,0.12053,0.00455729,23040,6179561,22780
1,cage,95,isSafe,1,1,0.307893,132823,806,11.8648,8,595,0,0.00684587,0.00249477,0,0,0,0,6619,802,0.121771,0,0,0,0,0,0,0,0,0
1,cage,95,qpFixed,1,1,0.262,32576,148,25.2892,1983,1983,0,0.000235758,0.00249477,0,0,0.00842458,0,131,92,1.12977,0,0,0,1,0,0,32576,8865515,29086
1,cage,95,qpPlain,1,1,0.285037,32576,148,25.2892,1983,1983,0,0.000235758,0.00249477,0,0,0.00842458,0,131,92,1.12977,0,0,0,1,0,0,32576,11173568,32576
1,cage,95,qpAdaptive,1,1,0.220358,24811,148,25.2885,1673,1673,0,0.000209746,0.00249477,0,0,0.0111945,0.225787,131,92,1.12977,0,0,0,0.772964,0.223651,0.0033856,24811,6791739,23837
1,cage,95,qpFreeGate,1,1,1.3434,233865,437,28.4423,3240,3240,0,0.000991608,0.00249477,0,0,0.00328873,0,1979,419,0.220819,0,0,0,1,0,0,0,0,0
1,cage,95,qpEnvelope,1,1,0.179512,19366,145,25.3143,1540,1540,0,0.000177966,0.00249477,0,0,0.0142338,0.13565,131,90,1.10687,0,0,0,0.863575,0.130796,0.00562842,19366,5258836,18852
1,bookshelf_tall,6,isSafe,1,0,10.0002,2789037,30803,0,0,0,0,inf,inf,0,0,0,0,271911,30801,0.113283,0,0,0,0,0,0,0,0,0
1,bookshelf_tall,6,qpFixed,1,0,10.0005,1188440,2363,0,0,0,0,inf,inf,0,0,0.00564636,0,5413,2257,0.436542,0,0,0,1,0,0,1188440,360286213,1132344
1,bookshelf_tall,6,qpPlain,1,0,10.001,1194554,2374,0,0,0,0,inf,inf,0,0,0.0056437,0,5444,2268,0.436076,0,0,0,1,0,0,1194554,409732022,1194554
1,bookshelf_tall,6,qpAdaptive,1,0,10.0002,1128683,2458,0,0,0,0,inf,inf,0,0,0.00621852,0.05526,5703,2352,0.431001,0,0,0,0.944448,0.05456,0.000992307,1128683,343305359,1116246
1,bookshelf_tall,6,qpFreeGate,1,0,10.0008,1716898,2943,0,0,0,0,inf,inf,0,0,0.00246254,0,16155,2940,0.182173,0,0,0,1,0,0,0,0,0
1,bookshelf_tall,6,qpEnvelope,1,0,10.0012,1121610,2534,0,0,0,0,inf,inf,0,0,0.00648634,0.00872942,5989,2429,0.423109,0,0,0,0.991228,0.0076943,0.00107792,1121610,340872499,1117434
1,bookshelf_tall,13,isSafe,1,0,10.0099,2,1,0,0,0,0,inf,inf,0,0,0,0,0,0,0,0,0,0,0,0,0,0,0,0
1,bookshelf_tall,13,qpFixed,1,0,10.0001,1178495,5180,0,0,0,0,inf,inf,0,0,0.00771154,0,19311,5178,0.268241,0,0,0,1,0,0,1178495,351728253,1033718
1,bookshelf_tall,13,qpPlain,1,0,10.0004,1173158,5158,0,0,0,0,inf,inf,0,0,0.00771442,0,19223,5156,0.268324,0,0,0,1,0,0,1173158,402393194,1173158
1,bookshelf_tall,13,qpAdaptive,1,0,10.0006,1100084,5869,0,0,0,0,inf,inf,0,0,0.00932144,0.106724,22251,5867,0.263763,0,0,0,0.890799,0.106067,0.00313363,1100084,331345619,1065959
1,bookshelf_tall,13,qpFreeGate,1,0,10.0002,1633609,5142,0,0,0,0,inf,inf,0,0,0.00362491,0,34175,5140,0.150461,0,0,0,1,0,0,0,0,0
1,bookshelf_tall,13,qpEnvelope,1,0,10.0002,1078557,6374,0,0,0,0,inf,inf,0,0,0.0103269,0.0276304,24515,6372,0.260004,0,0,0,0.971674,0.0244668,0.00385877,1078557,324927509,1066310
1,bookshelf_tall,21,isSafe,1,0,10.0075,2,1,0,0,0,0,inf,inf,0,0,0,0,0,0,0,0,0,0,0,0,0,0,0,0
1,bookshelf_tall,21,qpFixed,1,0,10.0003,1194494,5145,0,0,0,0,inf,inf,0,0,0.00775596,0,19473,5143,0.264212,0,0,0,1,0,0,1194494,356196967,1041118
1,bookshelf_tall,21,qpPlain,1,0,10.0005,1181857,5095,0,0,0,0,inf,inf,0,0,0.00776192,0,19257,5093,0.264579,0,0,0,1,0,0,1181857,405376951,1181857
1,bookshelf_tall,21,qpAdaptive,1,0,10,1104957,5846,0,0,0,0,inf,inf,0,0,0.00947123,0.106632,22485,5844,0.259996,0,0,0,0.890914,0.105849,0.00323661,1104957,331883854,1069198
1,bookshelf_tall,21,qpFreeGate,1,0,10.0005,1621161,5384,0,0,0,0,inf,inf,0,0,0.00375793,0,35137,5382,0.153229,0,0,0,1,0,0,0,0,0
1,bookshelf_tall,21,qpEnvelope,1,0,10.001,1086319,6356,0,0,0,0,inf,inf,0,0,0.0104521,0.0220497,24637,6354,0.257986,0,0,0,0.977374,0.0187825,0.00384398,1086319,325788630,1073815
1,bookshelf_tall,29,isSafe,1,1,0.00632067,2680,15,10.9601,7,550,0,0.00536666,0.00249477,0,0,0,0,72,12,0.208333,0,0,0,0,0,0,0,0,0
1,bookshelf_tall,29,qpFixed,1,1,0.0142064,1867,17,16.0456,1293,1293,0,0.00536666,0.00249477,0,0,0.0107156,0,6,6,2.83333,0,0,0,1,0,0,1867,467635,1553
1,bookshelf_tall,29,qpPlain,1,1,0.0159911,1867,17,16.0456,1293,1293,0,0.00536666,0.00249477,0,0,0.0107156,0,6,6,2.83333,0,0,0,1,0,0,1867,640381,1867
1,bookshelf_tall,29,qpAdaptive,1,1,0.00965452,1110,17,16.0563,1096,1096,0,0.00536666,0.00249477,0,0,0.0180384,0.57027,6,6,2.83333,0,0,0,0.424324,0.563063,0.0126126,1110,282390,1043
1,bookshelf_tall,29,qpFreeGate,1,1,0.0469761,8102,24,12.3413,1076,1076,0,0.00536666,0.00249477,0,0,0.00369841,0,72,17,0.333333,0,0,0,1,0,0,0,0,0
1,bookshelf_tall,29,qpEnvelope,1,1,0.00419893,366,17,16.0615,914,914,0,0.00536666,0.00249477,0,0,0.0542822,0.680328,6,6,2.83333,0,0,0,0.306011,0.650273,0.0437158,366,98436,342
1,bookshelf_tall,36,isSafe,1,1,0.0132447,5823,30,15.7279,9,788,0,0.00529606,0.00249477,0,0,0,0,170,27,0.176471,0,0,0,0,0,0,0,0,0
1,bookshelf_tall,36,qpFixed,1,1,0.042782,5174,30,15.6661,1328,1328,0,0.00377387,0.00249477,0,0,0.00909285,0,14,12,2.14286,0,0,0,1,0,0,5174,1440826,4814
1,bookshelf_tall,36,qpPlain,1,1,0.0453451,5174,30,15.6661,1328,1328,0,0.00377387,0.00249477,0,0,0.00909285,0,14,12,2.14286,0,0,0,1,0,0,5174,1774682,5174
1,bookshelf_tall,36,qpAdaptive,1,1,0.0375336,4172,29,15.6611,1123,1123,0,0.0044354,0.00249477,0,0,0.0112928,0.237776,14,12,2.07143,0,0,0,0.760547,0.236337,0.00311601,4172,1173797,4052
1,bookshelf_tall,36,qpFreeGate,1,1,0.0312508,5230,20,14.2633,1637,1637,0,0.00286047,0.00249477,0,0,0.00535981,0,26,13,0.769231,0,0,0,1,0,0,0,0,0
1,bookshelf_tall,36,qpEnvelope,1,1,0.0382666,3814,39,10.5378,728,728,0,0.000392297,0.00249477,0,0,0.0170386,0.157577,23,16,1.69565,0,0,0,0.84216,0.149712,0.00812795,3814,1109583,3722
1,bookshelf_tall,43,isSafe,1,0,10,2846420,31476,0,0,0,0,inf,inf,0,0,0,0,276893,31474,0.113676,0,0,0,0,0,0,0,0,0
1,bookshelf_tall,43,qpFixed,1,0,10.0017,1204167,2335,0,0,0,0,inf,inf,0,0,0.00559684,0,5511,2218,0.423698,0,0,0,1,0,0,1204167,363294665,1146134
1,bookshelf_tall,43,qpPlain,1,0,10.0005,1196367,2322,0,0,0,0,inf,inf,0,0,0.00560133,0,5472,2205,0.424342,0,0,0,1,0,0,1196367,410353881,1196367
1,bookshelf_tall,43,qpAdaptive,1,0,10.0009,1092913,2323,0,0,0,0,inf,inf,0,0,0.00611806,0.0501696,5444,2202,0.426708,0,0,0,0.949567,0.0494843,0.000948841,1092913,330689863,1080486
1,bookshelf_tall,43,qpFreeGate,1,0,10.0004,1703697,2947,0,0,0,0,inf,inf,0,0,0.00248541,0,16730,2943,0.176151,0,0,0,1,0,0,0,0,0
1,bookshelf_tall,43,qpEnvelope,1,0,10.0014,1124316,2507,0,0,0,0,inf,inf,0,0,0.00640621,0.00883382,5936,2381,0.422338,0,0,0,0.99112,0.00783767,0.00104241,1124316,340135661,1120134
1,bookshelf_tall,50,isSafe,1,0,10.0053,2,1,0,0,0,0,inf,inf,0,0,0,0,0,0,0,0,0,0,0,0,0,0,0,0
1,bookshelf_tall,50,qpFixed,1,0,10.0005,1174340,4918,0,0,0,0,inf,inf,0,0,0.00756011,0,19001,4916,0.258828,0,0,0,1,0,0,1174340,351577818,1038548
1,bookshelf_tall,50,qpPlain,1,0,10.0002,1176098,4926,0,0,0,0,inf,inf,0,0,0.00756041,0,19035,4924,0.258786,0,0,0,1,0,0,1176098,403401614,1176098
1,bookshelf_tall,50,qpAdaptive,1,0,10.0005,1068613,5533,0,0,0,0,inf,inf,0,0,0.00926992,0.112941,21571,5531,0.256502,0,0,0,0.884506,0.112372,0.00312177,1068613,322309539,1037481
1,bookshelf_tall,50,qpFreeGate,1,0,10.0005,1632881,5109,0,0,0,0,inf,inf,0,0,0.00360265,0,34471,5107,0.148212,0,0,0,1,0,0,0,0,0
1,bookshelf_tall,50,qpEnvelope,1,0,10.0001,1081406,6231,0,0,0,0,inf,inf,0,0,0.0102478,0.0279368,24497,6229,0.254358,0,0,0,0.97135,0.0248494,0.00380084,1081406,326038612,1069918
1,bookshelf_tall,57,isSafe,1,1,0.126633,54806,296,16.7345,10,838,0,0.00487085,0.00249477,0,0,0,0,2540,293,0.116535,0,0,0,0,0,0,0,0,0
1,bookshelf_tall,57,qpFixed,1,1,0.0109626,1334,14,11.9226,1074,1074,0,0.00181099,0.00249477,0,0,0.00984726,0,3,3,4.66667,0,0,0,1,0,0,1334,395986,1122
1,bookshelf_tall,57,qpPlain,1,1,0.0110537,1334,14,11.9226,1074,1074,0,0.00181099,0.00249477,0,0,0.00984726,0,3,3,4.66667,0,0,0,1,0,0,1334,457562,1334
1,bookshelf_tall,57,qpAdaptive,1,1,0.0121686,1334,31,12.7539,925,925,0,0.000610523,0.00249477,0,0,0.015124,0.327586,5,5,6.2,0,0,0,0.661919,0.318591,0.0194903,1334,409707,1269
1,bookshelf_tall,57,qpFreeGate,1,1,0.230391,40011,82,12.5116,1276,1276,0,0.000663631,0.00249477,0,0,0.00339323,0,388,76,0.21134,0,0,0,1,0,0,0,0,0
1,bookshelf_tall,57,qpEnvelope,1,1,0.00790228,743,29,13.0545,831,831,0,0.000587442,0.00249477,0,0,0.0271243,0.371467,5,5,5.8,0,0,0,0.617766,0.343203,0.039031,743,228515,709
1,bookshelf_tall,64,isSafe,1,1,0.0186829,8260,39,13.1228,8,658,0,0.00183406,0.00249477,0,0,0,0,183,35,0.213115,0,0,0,0,0,0,0,0,0
1,bookshelf_tall,64,qpFixed,1,1,0.00280373,361,5,5.21533,362,362,0,0.00257097,0.00249477,0,0,0.0144469,0,1,1,5,0,0,0,1,0,0,361,100776,177
1,bookshelf_tall,64,qpPlain,1,1,0.0028053,361,5,5.21533,362,362,0,0.00257097,0.00249477,0,0,0.0144469,0,1,1,5,0,0,0,1,0,0,361,123823,361
1,bookshelf_tall,64,qpAdaptive,1,1,0.00148698,181,5,5.21072,333,333,0,0.00257097,0.00249477,0,0,0.0287885,0.331492,1,1,5,0,0,0,0.662983,0.320442,0.0165746,181,54147,159
1,bookshelf_tall,64,qpFreeGate,1,1,0.125108,20509,66,15.993,1226,1226,0,0.0024858,0.00249477,0,0,0.00566076,0,204,62,0.323529,0,0,0,1,0,0,0,0,0
1,bookshelf_tall,64,qpEnvelope,1,1,0.00109016,116,5,5.21384,312,312,0,0.00257097,0.00249477,0,0,0.0449469,0.353448,1,1,5,0,0,0,0.646552,0.327586,0.0258621,116,34792,106
1,bookshelf_tall,72,isSafe,1,1,0.00185512,879,7,8.67745,6,435,0,0.00113965,0.00249477,0,0,0,0,2,2,3.5,0,0,0,0,0,0,0,0,0
1,bookshelf_tall,72,qpFixed,1,1,0.00672057,952,8,8.67705,678,678,0,0.00580657,0.00249477,0,0,0.011032,0,2,2,4,0,0,0,1,0,0,952,254225,331
1,bookshelf_tall,72,qpPlain,1,1,0.00744376,952,8,8.67705,678,678,0,0.00580657,0.00249477,0,0,0.011032,0,2,2,4,0,0,0,1,0,0,952,326536,952
1,bookshelf_tall,72,qpAdaptive,1,1,0.00273988,316,8,8.67668,472,472,0,0.00580657,0.00249477,0,0,0.0332346,0.433544,2,2,4,0,0,0,0.563291,0.417722,0.0189873,316,87236,259
1,bookshelf_tall,72,qpFreeGate,1,1,0.00390417,625,6,6.67709,598,598,0,0.00103483,0.00249477,0,0,0.0106919,0,2,2,3,0,0,0,1,0,0,0,0,0
1,bookshelf_tall,72,qpEnvelope,1,1,0.00157728,162,8,8.67713,453,453,0,0.00580657,0.00249477,0,0,0.0649091,0.388889,2,2,4,0,0,0,0.604938,0.358025,0.037037,162,44993,133
1,bookshelf_tall,79,isSafe,1,1,0.00962666,4381,24,16.337,10,818,0,0.00246609,0.00249477,0,0,0,0,115,20,0.208696,0,0,0,0,0,0,0,0,0
1,bookshelf_tall,79,qpFixed,1,1,0.0517795,6061,32,14.2613,1213,1213,0,0.000439611,0.00249477,0,0,0.00814376,0,20,15,1.6,0,0,0,1,0,0,6061,1768352,5744
1,bookshelf_tall,79,qpPlain,1,1,0.0534711,6061,32,14.2613,1213,1213,0,0.000439611,0.00249477,0,0,0.00814376,0,20,15,1.6,0,0,0,1,0,0,6061,2078923,6061
1,bookshelf_tall,79,qpAdaptive,1,1,0.0482468,5201,41,15.9372,1235,1235,0,0.000473171,0.00249477,0,0,0.0105215,0.206114,21,16,1.95238,0,0,0,0.791194,0.204576,0.00422996,5201,1528480,5131
1,bookshelf_tall,79,qpFreeGate,1,1,0.223648,38635,80,23.4212,2512,2512,0,0.00231118,0.00249477,0,0,0.0036536,0,286,72,0.27972,0,0,0,1,0,0,0,0,0
1,bookshelf_tall,79,qpEnvelope,1,1,0.0355061,3618,40,18.041,1166,1166,0,0.000290412,0.00249477,0,0,0.0143115,0.134881,20,16,2,0,0,0,0.863184,0.127971,0.00884467,3618,1066524,3598
1,bookshelf_tall,86,isSafe,1,1,0.00484925,2177,13,6.9434,5,349,0,0.00362821,0.00249477,0,0,0,0,44,9,0.295455,0,0,0,0,0,0,0,0,0
1,bookshelf_tall,86,qpFixed,1,1,0.0230248,2850,20,10.4318,819,819,0,0.00248982,0.00249477,0,0,0.0107951,0,9,8,2.22222,0,0,0,1,0,0,2850,776579,2329
1,bookshelf_tall,86,qpPlain,1,1,0.025427,2850,20,10.4318,819,819,0,0.00248982,0.00249477,0,0,0.0107951,0,9,8,2.22222,0,0,0,1,0,0,2850,977550,2850
1,bookshelf_tall,86,qpAdaptive,1,1,0.0182855,2052,21,10.431,734,734,0,0.00249926,0.00249477,0,0,0.0150261,0.272904,9,8,2.33333,0,0,0,0.725146,0.269493,0.00536062,2052,568771,1917
1,bookshelf_tall,86,qpFreeGate,1,1,0.0256186,4413,22,12.4473,1284,1284,0,0.00328222,0.00249477,0,0,0.00498623,0,29,12,0.758621,0,0,0,1,0,0,0,0,0
1,bookshelf_tall,86,qpEnvelope,1,1,0.0117276,1187,23,10.6512,634,634,0,0.00146204,0.00249477,0,0,0.0259315,0.172704,9,8,2.55556,0,0,0,0.826453,0.158382,0.0151643,1187,325798,1157
1,bookshelf_tall,94,isSafe,1,0,10.0001,2833463,31484,0,0,0,0,inf,inf,0,0,0,0,286811,31482,0.109773,0,0,0,0,0,0,0,0,0
1,bookshelf_tall,94,qpFixed,1,0,10.0006,1213630,2359,0,0,0,0,inf,inf,0,0,0.00554933,0,5560,2234,0.424281,0,0,0,1,0,0,1213630,366952739,1159479
1,bookshelf_tall,94,qpPlain,1,0,10.0001,1196731,2335,0,0,0,0,inf,inf,0,0,0.00555231,0,5472,2210,0.426718,0,0,0,1,0,0,1196731,410478733,1196731
1,bookshelf_tall,94,qpAdaptive,1,0,10.0021,1126862,2405,0,0,0,0,inf,inf,0,0,0.0061155,0.0596364,5719,2280,0.420528,0,0,0,0.940059,0.0589656,0.000975276,1126862,341784662,1114228
1,bookshelf_tall,94,qpFreeGate,1,0,10.0008,1723731,2842,0,0,0,0,inf,inf,0,0,0.00239196,0,15963,2838,0.178037,0,0,0,1,0,0,0,0,0
1,bookshelf_tall,94,qpEnvelope,1,0,10.0009,1120108,2509,0,0,0,0,inf,inf,0,0,0.00642673,0.0109222,6007,2384,0.417679,0,0,0,0.989019,0.00989013,0.00109097,1120108,339608862,1115606
1,bookshelf_thin,2,isSafe,1,1,0.0115931,5114,28,16.2212,10,813,0,0.00729709,0.00249477,0,0,0,0,99,23,0.282828,0,0,0,0,0,0,0,0,0
1,bookshelf_thin,2,qpFixed,1,1,0.0142732,1669,16,12.4899,1070,1070,0,4.98902e-06,0.00249477,0,0,0.0105818,0,4,4,4,0,0,0,1,0,0,1669,457155,1463
1,bookshelf_thin,2,qpPlain,1,1,0.0151173,1669,16,12.4899,1070,1070,0,4.98902e-06,0.00249477,0,0,0.0105818,0,4,4,4,0,0,0,1,0,0,1669,572467,1669
1,bookshelf_thin,2,qpAdaptive,1,1,0.0115265,1214,16,12.5012,962,962,0,4.98902e-06,0.00249477,0,0,0.0145646,0.192751,4,4,4,0,0,0,0.805601,0.187809,0.00658979,1214,339152,1201
1,bookshelf_thin,2,qpFreeGate,1,1,0.0685035,11569,34,13.3531,1187,1187,0,0.00729709,0.00249477,0,0,0.00490707,0,76,27,0.447368,0,0,0,1,0,0,0,0,0
1,bookshelf_thin,2,qpEnvelope,1,1,0.00851629,861,16,11.2439,814,814,0,4.98902e-06,0.00249477,0,0,0.0204704,0.113821,4,4,4,0,0,0,0.886179,0.103368,0.010453,861,241642,853
1,bookshelf_thin,9,isSafe,1,1,0.00477137,1765,10,11.2821,7,566,0,0.00627968,0.00249477,0,0,0,0,39,6,0.25641,0,0,0,0,0,0,0,0,0
1,bookshelf_thin,9,qpFixed,1,1,0.00279555,370,12,6.01729,371,371,0,0.00627968,0.00249477,0,0,0.0162629,0,1,1,12,0,0,0,1,0,0,370,90125,208
1,bookshelf_thin,9,qpPlain,1,1,0.00297982,370,12,6.01729,371,371,0,0.00627968,0.00249477,0,0,0.0162629,0,1,1,12,0,0,0,1,0,0,370,126910,370
1,bookshelf_thin,9,qpAdaptive,1,1,0.000928651,117,12,6.02101,348,348,0,0.00627968,0.00249477,0,0,0.0514617,0.675214,1,1,12,0,0,0,0.299145,0.615385,0.0854701,117,29708,80
1,bookshelf_thin,9,qpFreeGate,1,1,0.0339621,6030,16,7.83013,699,699,0,0.00627968,0.00249477,0,0,0.00399377,0,38,12,0.421053,0,0,0,1,0,0,0,0,0
1,bookshelf_thin,9,qpEnvelope,1,1,0.000541938,54,12,6.0412,325,325,0,0.00627968,0.00249477,0,0,0.111874,0.592593,1,1,12,0,0,0,0.37037,0.444444,0.185185,54,13622,41
1,bookshelf_thin,16,isSafe,1,1,0.00807818,3594,20,18.9694,11,950,0,0.00354287,0.00249477,0,0,0,0,79,16,0.253165,0,0,0,0,0,0,0,0,0
1,bookshelf_thin,16,qpFixed,1,1,0.0314345,4041,22,22.6531,1979,1979,0,0.00084338,0.00249477,0,0,0.0089192,0,12,11,1.83333,0,0,0,1,0,0,4041,1046869,3410
1,bookshelf_thin,16,qpPlain,1,1,0.0345238,4041,22,22.6531,1979,1979,0,0.00084338,0.00249477,0,0,0.0089192,0,12,11,1.83333,0,0,0,1,0,0,4041,1386063,4041
1,bookshelf_thin,16,qpAdaptive,1,1,0.0237978,2804,22,22.4086,1649,1649,0,0.000837615,0.00249477,0,0,0.0127871,0.302782,12,11,1.83333,0,0,0,0.694365,0.299929,0.00570613,2804,734905,2696
1,bookshelf_thin,16,qpFreeGate,1,1,0.0572168,9723,29,19.8043,1591,1591,0,0.00354287,0.00249477,0,0,0.004858,0,79,25,0.367089,0,0,0,1,0,0,0,0,0
1,bookshelf_thin,16,qpEnvelope,1,1,0.0172805,1833,25,19.9902,1294,1294,0,0.000703674,0.00249477,0,0,0.0200478,0.314239,12,11,2.08333,0,0,0,0.684124,0.304965,0.0109111,1833,476170,1772
1,bookshelf_thin,23,isSafe,1,1,0.015118,6237,31,19.6598,11,984,0,0.000427625,0.00249477,0,0,0,0,146,27,0.212329,0,0,0,0,0,0,0,0,0
1,bookshelf_thin,23,qpFixed,1,1,0.0392471,4797,31,18.2825,1504,1504,0,0.000355184,0.00249477,0,0,0.00966008,0,15,12,2.06667,0,0,0,1,0,0,4797,1312975,4093
1,bookshelf_thin,23,qpPlain,1,1,0.0416975,4797,31,18.2825,1504,1504,0,0.000355184,0.00249477,0,0,0.00966008,0,15,12,2.06667,0,0,0,1,0,0,4797,1645371,4797
1,bookshelf_thin,23,qpAdaptive,1,1,0.0299103,3442,33,12.3081,833,833,0,0.000404578,0.00249477,0,0,0.0144291,0.282103,16,13,2.0625,0,0,0,0.716444,0.278036,0.00552005,3442,937555,3192
1,bookshelf_thin,23,qpFreeGate,1,1,0.107464,18530,48,27.9357,2608,2608,0,0.00203419,0.00249477,0,0,0.00442355,0,130,39,0.369231,0,0,0,1,0,0,0,0,0
1,bookshelf_thin,23,qpEnvelope,1,1,0.022464,2438,33,12.3131,744,744,0,0.000416315,0.00249477,0,0,0.0204179,0.137818,16,13,2.0625,0,0,0,0.861362,0.128794,0.00984413,2438,663818,2382
1,bookshelf_thin,30,isSafe,1,1,0.0259032,11022,55,16.534,10,828,0,0.00458157,0.00249477,0,0,0,0,303,51,0.181518,0,0,0,0,0,0,0,0,0
1,bookshelf_thin,30,qpFixed,1,1,0.0647104,8302,57,21.0974,2006,2006,86,-1.94736e-05,0.00249477,0,0,0.00840874,0,33,23,1.72727,0,0,0,1,0,0,8302,1999608,7421
1,bookshelf_thin,30,qpPlain,1,1,0.0750821,8302,57,21.0974,2006,2006,86,-1.94736e-05,0.00249477,0,0,0.00840874,0,33,23,1.72727,0,0,0,1,0,0,8302,2847586,8302
1,bookshelf_thin,30,qpAdaptive,1,1,0.0527487,6194,51,15.1727,1188,1188,16,-0.00879375,0.00249477,0,0,0.0108658,0.137714,31,22,1.64516,0,0,0,0.860326,0.134507,0.00516712,6194,1465120,6096
1,bookshelf_thin,30,qpFreeGate,1,1,0.312067,54265,102,19.4688,1545,1545,0,0.00673135,0.00249477,0,0,0.00360782,0,444,99,0.22973,0,0,0,1,0,0,0,0,0
1,bookshelf_thin,30,qpEnvelope,1,1,0.0295573,3192,34,14.3603,986,986,0,0.00139757,0.00249477,0,0,0.0145983,0.127193,20,15,1.7,0,0,0,0.871241,0.119361,0.0093985,3192,777324,3164
1,bookshelf_thin,37,isSafe,1,0,10.0023,2,1,0,0,0,0,inf,inf,0,0,0,0,0,0,0,0,0,0,0,0,0,0,0,0
1,bookshelf_thin,37,qpFixed,1,0,10.0001,1213632,2452,0,0,0,0,inf,inf,0,0,0.00569296,0,5658,2325,0.433369,0,0,0,1,0,0,1213632,364538967,1145459
1,bookshelf_thin,37,qpPlain,1,0,10.0011,1202874,2430,0,0,0,0,inf,inf,0,0,0.00569681,0,5604,2303,0.433619,0,0,0,1,0,0,1202874,412585782,1202874
1,bookshelf_thin,37,qpAdaptive,1,0,10.0002,1128752,2528,0,0,0,0,inf,inf,0,0,0.00630904,0.0558413,5844,2396,0.43258,0,0,0,0.943895,0.0550751,0.00102946,1128752,340208027,1113890
1,bookshelf_thin,37,qpFreeGate,1,0,10.0006,1625613,5415,0,0,0,0,inf,inf,0,0,0.00385048,0,34757,5413,0.155796,0,0,0,1,0,0,0,0,0
1,bookshelf_thin,37,qpEnvelope,1,0,10,1124207,2619,0,0,0,0,inf,inf,0,0,0.00656384,0.00566177,6052,2493,0.43275,0,0,0,0.994295,0.00465218,0.00105319,1124207,339060516,1119651
1,bookshelf_thin,44,isSafe,1,0,10.0013,2,1,0,0,0,0,inf,inf,0,0,0,0,0,0,0,0,0,0,0,0,0,0,0,0
1,bookshelf_thin,44,qpFixed,1,0,10.0001,1215952,2412,0,0,0,0,inf,inf,0,0,0.00568148,0,5617,2301,0.429411,0,0,0,1,0,0,1215952,366172017,1155571
1,bookshelf_thin,44,qpPlain,1,0,10.0001,1172714,2329,0,0,0,0,inf,inf,0,0,0.0057009,0,5411,2219,0.43042,0,0,0,1,0,0,1172714,402240902,1172714
1,bookshelf_thin,44,qpAdaptive,1,0,10.0023,1135881,2473,0,0,0,0,inf,inf,0,0,0.00623788,0.0526833,5773,2363,0.428373,0,0,0,0.947029,0.0519527,0.00101859,1135881,343094952,1121501
1,bookshelf_thin,44,qpFreeGate,1,0,10.0002,1644709,5448,0,0,0,0,inf,inf,0,0,0.00380537,0,34769,5446,0.156691,0,0,0,1,0,0,0,0,0
1,bookshelf_thin,44,qpEnvelope,1,0,10.0002,1125968,2542,0,0,0,0,inf,inf,0,0,0.00649873,0.00723733,6017,2434,0.42247,0,0,0,0.99271,0.00624352,0.00104621,1125968,340079757,1121245
1,bookshelf_thin,51,isSafe,1,1,0.00319671,1334,9,10.9277,7,548,0,0.00027393,0.00249477,0,0,0,0,28,5,0.321429,0,0,0,0,0,0,0,0,0
1,bookshelf_thin,51,qpFixed,1,1,0.00532039,680,10,8.66059,681,681,0,0.00105052,0.00249477,0,0,0.0127362,0,1,1,10,0,0,0,1,0,0,680,176593,651
1,bookshelf_thin,51,qpPlain,1,1,0.00566458,680,10,8.66059,681,681,0,0.00105052,0.00249477,0,0,0.0127362,0,1,1,10,0,0,0,1,0,0,680,233240,680
1,bookshelf_thin,51,qpAdaptive,1,1,0.00348824,421,12,8.74991,616,616,0,0.00104242,0.00249477,0,0,0.0207836,0.410926,1,1,12,0,0,0,0.577197,0.401425,0.0213777,421,108979,410
1,bookshelf_thin,51,qpFreeGate,1,1,0.0324362,5448,19,14.0639,1478,1478,0,0.000817968,0.00249477,0,0,0.00488748,0,37,12,0.513514,0,0,0,1,0,0,0,0,0
1,bookshelf_thin,51,qpEnvelope,1,1,0.00282063,301,13,8.95181,582,582,4,-0.000574043,0.00249477,0,0,0.0297402,0.398671,1,1,13,0,0,0,0.591362,0.375415,0.0332226,301,79569,297
1,bookshelf_thin,58,isSafe,1,1,0.0179538,7912,41,10.2324,7,513,0,0.00374234,0.00249477,0,0,0,0,252,37,0.162698,0,0,0,0,0,0,0,0,0
1,bookshelf_thin,58,qpFixed,1,1,0.00427481,541,8,5.75709,542,542,0,0.00440655,0.00249477,0,0,0.0106416,0,1,1,8,0,0,0,1,0,0,541,143442,537
1,bookshelf_thin,58,qpPlain,1,1,0.00441282,541,8,5.75709,542,542,0,0.00440655,0.00249477,0,0,0.0106416,0,1,1,8,0,0,0,1,0,0,541,185563,541
1,bookshelf_thin,58,qpAdaptive,1,1,0.00261807,322,12,5.77391,433,433,0,0.00446145,0.00249477,0,0,0.0179314,0.490683,1,1,12,0,0,0,0.490683,0.481366,0.0279503,322,89214,320
1,bookshelf_thin,58,qpFreeGate,1,1,0.0955868,16580,41,11.0189,1155,1155,0,0.00262574,0.00249477,0,0,0.00385704,0,129,34,0.317829,0,0,0,1,0,0,0,0,0
1,bookshelf_thin,58,qpEnvelope,1,1,0.00306451,284,17,13.229,782,782,0,0.00442542,0.00249477,0,0,0.059889,0.799296,4,4,4.25,0,0,0,0.18662,0.75,0.0633803,284,79032,262
1,bookshelf_thin,65,isSafe,1,0,10.0063,2,1,0,0,0,0,inf,inf,0,0,0,0,0,0,0,0,0,0,0,0,0,0,0,0
1,bookshelf_thin,65,qpFixed,1,1,0.014638,1895,14,11.8912,879,879,0,0.00171624,0.00249477,0,0,0.0111246,0,5,4,2.8,0,0,0,1,0,0,1895,510676,1142
1,bookshelf_thin,65,qpPlain,1,1,0.0156669,1895,14,11.8912,879,879,0,0.00171624,0.00249477,0,0,0.0111246,0,5,4,2.8,0,0,0,1,0,0,1895,649985,1895
1,bookshelf_thin,65,qpAdaptive,1,1,0.00944719,1075,13,11.8989,702,702,0,0.00171624,0.00249477,0,0,0.0196442,0.252093,5,4,2.6,0,0,0,0.746977,0.244651,0.00837209,1075,305463,983
1,bookshelf_thin,65,qpFreeGate,1,0,10.0004,1657318,5535,0,0,0,0,inf,inf,0,0,0.00384586,0,35357,5533,0.156546,0,0,0,1,0,0,0,0,0
1,bookshelf_thin,65,qpEnvelope,1,1,0.00578823,621,15,10.3102,692,692,0,0.000196124,0.00249477,0,0,0.0228948,0.1562,3,2,5,0,0,0,0.838969,0.141707,0.0193237,621,171613,585
1,bookshelf_thin,72,isSafe,1,1,0.0157987,6478,32,17.519,10,877,0,0.00397123,0.00249477,0,0,0,0,136,29,0.235294,0,0,0,0,0,0,0,0,0
1,bookshelf_thin,72,qpFixed,1,1,0.0029799,438,6,5.32439,439,439,0,0.00126907,0.00249477,0,0,0.0121561,0,1,1,6,0,0,0,1,0,0,438,97867,207
1,bookshelf_thin,72,qpPlain,1,1,0.00355013,438,6,5.32439,439,439,0,0.00126907,0.00249477,0,0,0.0121561,0,1,1,6,0,0,0,1,0,0,438,150234,438
1,bookshelf_thin,72,qpAdaptive,1,1,0.00177414,226,6,5.32515,364,364,0,0.00126907,0.00249477,0,0,0.0235626,0.132743,1,1,6,0,0,0,0.867257,0.119469,0.0132743,226,51257,206
1,bookshelf_thin,72,qpFreeGate,1,1,0.0836196,14418,43,7.17958,538,538,0,0.00428124,0.00249477,0,0,0.00523013,0,136,40,0.316176,0,0,0,1,0,0,0,0,0
1,bookshelf_thin,72,qpEnvelope,1,1,0.0015604,195,6,5.3356,348,348,0,0.00126907,0.00249477,0,0,0.0273621,0.0923077,1,1,6,0,0,0,0.907692,0.0769231,0.0153846,195,44032,184
1,bookshelf_thin,80,isSafe,1,1,0.103777,44117,201,20.3465,12,1019,0,0.00684764,0.00249477,0,0,0,0,1559,197,0.128929,0,0,0,0,0,0,0,0,0
1,bookshelf_thin,80,qpFixed,1,1,0.0045491,596,7,8.04846,597,597,0,0.00125332,0.00249477,0,0,0.0135041,0,1,1,7,0,0,0,1,0,0,596,160890,260
1,bookshelf_thin,80,qpPlain,1,1,0.00498792,596,7,8.04846,597,597,0,0.00125332,0.00249477,0,0,0.0135041,0,1,1,7,0,0,0,1,0,0,596,204428,596
1,bookshelf_thin,80,qpAdaptive,1,1,0.00240134,289,7,8.04894,539,539,0,0.00125873,0.00249477,0,0,0.027851,0.16263,1,1,7,0,0,0,0.83737,0.152249,0.0103806,289,72974,254
1,bookshelf_thin,80,qpFreeGate,1,1,0.984014,170991,315,20.9779,1556,1556,0,0.00684764,0.00249477,0,0,0.00320208,0,1559,311,0.202053,0,0,0,1,0,0,0,0,0
1,bookshelf_thin,80,qpEnvelope,1,1,0.00185748,207,7,8.05078,509,509,0,0.00120083,0.00249477,0,0,0.0388927,0.188406,1,1,7,0,0,0,0.806763,0.173913,0.0193237,207,52081,190
1,bookshelf_thin,87,isSafe,1,1,0.0121542,5233,27,16.1428,10,809,0,0.00597937,0.00249477,0,0,0,0,154,23,0.175325,0,0,0,0,0,0,0,0,0
1,bookshelf_thin,87,qpFixed,1,1,0.0186825,2305,19,16.5853,1183,1183,0,0.000739999,0.00249477,0,0,0.0119938,0,7,6,2.71429,0,0,0,1,0,0,2305,655061,1506
1,bookshelf_thin,87,qpPlain,1,1,0.0194359,2305,19,16.5853,1183,1183,0,0.000739999,0.00249477,0,0,0.0119938,0,7,6,2.71429,0,0,0,1,0,0,2305,790615,2305
1,bookshelf_thin,87,qpAdaptive,1,1,0.011487,1268,20,16.6023,1018,1018,0,0.000739999,0.00249477,0,0,0.0218397,0.305205,7,6,2.85714,0,0,0,0.690852,0.29653,0.0126183,1268,368556,1148
1,bookshelf_thin,87,qpFreeGate,1,1,0.0447773,7734,24,13.6047,1478,1478,0,0.00294642,0.00249477,0,0,0.00434135,0,56,17,0.428571,0,0,0,1,0,0,0,0,0
1,bookshelf_thin,87,qpEnvelope,1,1,0.00860074,887,19,12.5684,748,748,7,-0.00708071,0.00249477,0,0,0.0255196,0.149944,6,5,3.16667,0,0,0,0.844419,0.13867,0.0169109,887,256953,853
1,bookshelf_thin,94,isSafe,1,0,10.01,2,1,0,0,0,0,inf,inf,0,0,0,0,0,0,0,0,0,0,0,0,0,0,0,0
1,bookshelf_thin,94,qpFixed,1,0,10.0003,1224202,5378,0,0,0,0,inf,inf,0,0,0.00780259,0,19959,5376,0.269452,0,0,0,1,0,0,1224202,363521645,1051054
1,bookshelf_thin,94,qpPlain,1,0,10.0004,1194354,5264,0,0,0,0,inf,inf,0,0,0.00782636,0,19457,5262,0.270545,0,0,0,1,0,0,1194354,409663422,1194354
1,bookshelf_thin,94,qpAdaptive,1,0,10.0008,1122201,6158,0,0,0,0,inf,inf,0,0,0.00966646,0.107351,23191,6156,0.265534,0,0,0,0.890157,0.10647,0.00337273,1122201,335615063,1085753
1,bookshelf_thin,94,qpFreeGate,1,0,10.0004,1620183,5362,0,0,0,0,inf,inf,0,0,0.00384283,0,34133,5360,0.157091,0,0,0,1,0,0,0,0,0
1,bookshelf_thin,94,qpEnvelope,1,0,10,1103032,6595,0,0,0,0,inf,inf,0,0,0.0105496,0.0158726,25146,6593,0.262268,0,0,0,0.983709,0.0124416,0.00384921,1103032,329253952,1091125
1,table_under_pick,1,isSafe,1,0,2.1622e-05,1,0,0,0,0,0,inf,inf,0,0,0,0,0,0,0,0,0,0,0,0,0,0,0,0
1,table_under_pick,1,qpFixed,1,0,10,1254460,2,0,0,0,0,inf,inf,0,0,0,0,1254460,0,1.59431e-06,0,0,0,0,0,0,1254460,349367110,1254460
1,table_under_pick,1,qpPlain,1,0,10,1139707,2,0,0,0,0,inf,inf,0,0,0,0,1139707,0,1.75484e-06,0,0,0,0,0,0,1139707,390919501,1139707
1,table_under_pick,1,qpAdaptive,1,0,10,1250432,2,0,0,0,0,inf,inf,0,0,0,0,1250432,0,1.59945e-06,0,0,0,0,0,0,1250432,348245312,1250432
1,table_under_pick,1,qpFreeGate,1,0,10,1869716,2,0,0,0,0,inf,inf,0,0,0,0,1869716,0,1.06968e-06,0,0,0,0,0,0,0,0,0
1,table_under_pick,1,qpEnvelope,1,0,10,1251282,2,0,0,0,0,inf,inf,0,0,0,0,1251282,0,1.59836e-06,0,0,0,0,0,0,1251282,348482037,1251282
1,table_under_pick,8,isSafe,1,1,0.00463398,2084,12,13.9064,8,697,0,0.00452988,0.00249477,0,0,0,0,45,8,0.266667,0,0,0,0,0,0,0,0,0
1,table_under_pick,8,qpFixed,1,1,0.0648242,7728,53,17.301,1608,1608,0,0.000464541,0.00249477,0,0,0.00984903,0,22,21,2.40909,0,0,0,1,0,0,7728,2174292,7139
1,table_under_pick,8,qpPlain,1,1,0.0673197,7728,53,17.301,1608,1608,0,0.000464541,0.00249477,0,0,0.00984903,0,22,21,2.40909,0,0,0,1,0,0,7728,2650704,7728
1,table_under_pick,8,qpAdaptive,1,1,0.0537676,5911,57,17.2958,1424,1424,0,0.00045102,0.00249477,0,0,0.0128966,0.248012,22,21,2.59091,0,0,0,0.749408,0.244501,0.00609137,5911,1691455,5690
1,table_under_pick,8,qpFreeGate,1,1,0.0490316,8616,23,13.4146,1584,1584,0,0.000923294,0.00249477,0,0,0.00348846,0,69,15,0.333333,0,0,0,1,0,0,0,0,0
1,table_under_pick,8,qpEnvelope,1,1,0.0389933,4040,52,17.1795,1191,1191,0,0.000420472,0.00249477,0,0,0.0184353,0.17302,22,20,2.36364,0,0,0,0.825699,0.164645,0.00965586,4040,1174020,3950
1,table_under_pick,15,isSafe,1,1,0.00946225,3865,20,17.7108,10,887,0,0.00237407,0.00249477,0,0,0,0,81,15,0.246914,0,0,0,0,0,0,0,0,0
1,table_under_pick,15,qpFixed,1,1,0.00966172,1197,13,11.0814,811,811,0,0.000325975,0.00249477,0,0,0.0117427,0,4,4,3.25,0,0,0,1,0,0,1197,306990,1090
1,table_under_pick,15,qpPlain,1,1,0.0103959,1197,13,11.0814,811,811,0,0.000325975,0.00249477,0,0,0.0117427,0,4,4,3.25,0,0,0,1,0,0,1197,410571,1197
1,table_under_pick,15,qpAdaptive,1,1,0.00688732,823,13,11.0908,769,769,0,0.000325038,0.00249477,0,0,0.0170912,0.27096,4,4,3.25,0,0,0,0.725395,0.2661,0.00850547,823,204116,798
1,table_under_pick,15,qpFreeGate,1,1,0.116775,19935,46,13.671,1364,1364,0,0.00128475,0.00249477,0,0,0.00333981,0,171,39,0.269006,0,0,0,1,0,0,0,0,0
1,table_under_pick,15,qpEnvelope,1,1,0.00508559,549,11,11.1128,696,696,0,0.000331521,0.00249477,0,0,0.0257036,0.327869,4,4,2.75,0,0,0,0.668488,0.320583,0.010929,549,136242,538
1,table_under_pick,22,isSafe,1,1,0.00467424,1978,12,10.7821,7,541,0,0.00641874,0.00249477,0,0,0,0,32,8,0.375,0,0,0,0,0,0,0,0,0
1,table_under_pick,22,qpFixed,1,1,0.0147086,1904,19,16.8082,1338,1338,0,5.94297e-05,0.00249477,0,0,0.0114144,0,5,5,3.8,0,0,0,1,0,0,1904,529873,1571
1,table_under_pick,22,qpPlain,1,1,0.0157643,1904,19,16.8082,1338,1338,0,5.94297e-05,0.00249477,0,0,0.0114144,0,5,5,3.8,0,0,0,1,0,0,1904,653072,1904
1,table_under_pick,22,qpAdaptive,1,1,0.0114069,1370,19,16.8095,1236,1236,0,5.94444e-05,0.00249477,0,0,0.0158621,0.264964,5,5,3.8,0,0,0,0.731387,0.259124,0.00948905,1370,371304,1279
1,table_under_pick,22,qpFreeGate,1,1,0.0276161,4623,16,10.9056,924,924,0,0.00643022,0.00249477,0,0,0.00513143,0,32,12,0.5,0,0,0,1,0,0,0,0,0
1,table_under_pick,22,qpEnvelope,1,1,0.00825296,923,16,16.8112,1135,1135,0,5.76378e-05,0.00249477,0,0,0.0235238,0.258938,5,5,3.2,0,0,0,0.736728,0.250271,0.0130011,923,246505,886
1,table_under_pick,29,isSafe,1,0,2.6197e-05,1,0,0,0,0,0,inf,inf,0,0,0,0,0,0,0,0,0,0,0,0,0,0,0,0
1,table_under_pick,29,qpFixed,1,0,10.0002,1213317,5305,0,0,0,0,inf,inf,0,0,0.00769939,0,19784,5303,0.268146,0,0,0,1,0,0,1213317,361713446,1060357
1,table_under_pick,29,qpPlain,1,0,10.001,1189341,5206,0,0,0,0,inf,inf,0,0,0.00771848,0,19368,5204,0.268794,0,0,0,1,0,0,1189341,407943963,1189341
1,table_under_pick,29,qpAdaptive,1,0,10.0004,1121258,6008,0,0,0,0,inf,inf,0,0,0.00943209,0.101099,22806,6006,0.263439,0,0,0,0.896571,0.100218,0.0032115,1121258,336621330,1084514
1,table_under_pick,29,qpFreeGate,1,0,10.0001,1624116,5351,0,0,0,0,inf,inf,0,0,0.0037717,0,34546,5349,0.154895,0,0,0,1,0,0,0,0,0
1,table_under_pick,29,qpEnvelope,1,0,10.0005,1105173,6391,0,0,0,0,inf,inf,0,0,0.0102225,0.0182659,24584,6389,0.259966,0,0,0,0.981253,0.0151019,0.00364477,1105173,331111214,1091047
1,table_under_pick,36,isSafe,1,1,0.00291677,1221,8,11.1083,7,557,0,0.000443094,0.00249477,0,0,0,0,23,3,0.347826,0,0,0,0,0,0,0,0,0
1,table_under_pick,36,qpFixed,1,1,0.004683,638,8,8.8417,639,639,0,0.00752756,0.00249477,0,0,0.0138585,0,1,1,8,0,0,0,1,0,0,638,169650,131
1,table_under_pick,36,qpPlain,1,1,0.00495854,638,8,8.8417,639,639,0,0.00752756,0.00249477,0,0,0.0138585,0,1,1,8,0,0,0,1,0,0,638,218834,638
1,table_under_pick,36,qpAdaptive,1,1,0.0014136,174,10,8.84185,526,526,0,0.00752756,0.00249477,0,0,0.0508152,0.787356,1,1,10,0,0,0,0.183908,0.770115,0.045977,174,52154,57
1,table_under_pick,36,qpFreeGate,1,1,0.0846172,14990,30,11.489,1046,1046,0,0.00444781,0.00249477,0,0,0.00327147,0,128,27,0.234375,0,0,0,1,0,0,0,0,0
1,table_under_pick,36,qpEnvelope,1,1,0.000693909,66,10,8.84543,476,476,0,0.00752756,0.00249477,0,0,0.134022,0.80303,1,1,10,0,0,0,0.151515,0.727273,0.121212,66,19760,23
1,table_under_pick,43,isSafe,1,0,2.6187e-05,1,0,0,0,0,0,inf,inf,0,0,0,0,0,0,0,0,0,0,0,0,0,0,0,0
1,table_under_pick,43,qpFixed,1,0,10.0004,1213927,5389,0,0,0,0,inf,inf,0,0,0.00779472,0,19872,5387,0.271186,0,0,0,1,0,0,1213927,361590666,1046956
1,table_under_pick,43,qpPlain,1,0,10.001,1191893,5316,0,0,0,0,inf,inf,0,0,0.00781955,0,19514,5314,0.27242,0,0,0,1,0,0,1191893,408819299,1191893
1,table_under_pick,43,qpAdaptive,1,0,10.0006,1119240,6144,0,0,0,0,inf,inf,0,0,0.0095784,0.095597,22970,6142,0.267479,0,0,0,0.902156,0.094478,0.00336598,1119240,335902292,1081305
1,table_under_pick,43,qpFreeGate,1,0,10.0005,1634942,5614,0,0,0,0,inf,inf,0,0,0.00390578,0,35062,5612,0.160116,0,0,0,1,0,0,0,0,0
1,table_under_pick,43,qpEnvelope,1,0,10.0012,1105342,6630,0,0,0,0,inf,inf,0,0,0.0104217,0.0169576,24886,6628,0.266415,0,0,0,0.982593,0.0135758,0.00383146,1105342,331156624,1090742
1,table_under_pick,50,isSafe,1,1,0.0199602,8171,41,11.1508,7,559,0,0.00732232,0.00249477,0,0,0,0,296,38,0.138514,0,0,0,0,0,0,0,0,0
1,table_under_pick,50,qpFixed,1,1,0.0170173,2173,15,15.6503,1341,1341,0,0.00228664,0.00249477,0,0,0.0105701,0,6,6,2.5,0,0,0,1,0,0,2173,611681,1571
1,table_under_pick,50,qpPlain,1,1,0.0177129,2173,15,15.6503,1341,1341,0,0.00228664,0.00249477,0,0,0.0105701,0,6,6,2.5,0,0,0,1,0,0,2173,745339,2173
1,table_under_pick,50,qpAdaptive,1,1,0.0111131,1306,15,15.657,1133,1133,0,0.00228708,0.00249477,0,0,0.0175988,0.320061,6,6,2.5,0,0,0,0.679173,0.313936,0.00689127,1306,379153,1195
1,table_under_pick,50,qpFreeGate,1,1,0.191633,33820,56,15.4319,1182,1182,0,0.00714779,0.00249477,0,0,0.00296263,0,296,53,0.189189,0,0,0,1,0,0,0,0,0
1,table_under_pick,50,qpEnvelope,1,1,0.0074443,786,15,15.6685,1019,1019,0,0.00217454,0.00249477,0,0,0.0294617,0.319338,6,6,2.5,0,0,0,0.680662,0.304071,0.0152672,786,226632,728
1,table_under_pick,57,isSafe,1,0,2.4061e-05,1,0,0,0,0,0,inf,inf,0,0,0,0,0,0,0,0,0,0,0,0,0,0,0,0
1,table_under_pick,57,qpFixed,1,0,10.0004,1211035,5294,0,0,0,0,inf,inf,0,0,0.00777571,0,19696,5292,0.268786,0,0,0,1,0,0,1211035,361171089,1042972
1,table_under_pick,57,qpPlain,1,0,10.0012,1191461,5212,0,0,0,0,inf,inf,0,0,0.00778774,0,19352,5210,0.269326,0,0,0,1,0,0,1191461,408671123,1191461
1,table_under_pick,57,qpAdaptive,1,0,10.0001,1095585,5958,0,0,0,0,inf,inf,0,0,0.00964879,0.101614,22538,5956,0.264354,0,0,0,0.89599,0.100595,0.00341537,1095585,329261181,1058618
1,table_under_pick,57,qpFreeGate,1,0,10,1622722,5368,0,0,0,0,inf,inf,0,0,0.00382079,0,33910,5366,0.158301,0,0,0,1,0,0,0,0,0
1,table_under_pick,57,qpEnvelope,1,0,10.0013,1095490,6531,0,0,0,0,inf,inf,0,0,0.0105136,0.0182603,24814,6529,0.263198,0,0,0,0.981264,0.0148325,0.0039032,1095490,328698900,1081172
1,table_under_pick,65,isSafe,1,1,0.0169336,7191,34,21.0849,12,1056,0,0.00230485,0.00249477,0,0,0,0,230,30,0.147826,0,0,0,0,0,0,0,0,0
1,table_under_pick,65,qpFixed,1,1,0.0176591,2184,15,18.5362,1533,1533,0,1.20416e-05,0.00249477,0,0,0.0102787,0,6,5,2.5,0,0,0,1,0,0,2184,626077,1847
1,table_under_pick,65,qpPlain,1,1,0.0182408,2184,15,18.5362,1533,1533,0,1.20416e-05,0.00249477,0,0,0.0102787,0,6,5,2.5,0,0,0,1,0,0,2184,749112,2184
1,table_under_pick,65,qpAdaptive,1,1,0.0144104,1682,15,18.5497,1427,1427,0,1.20283e-05,0.00249477,0,0,0.013347,0.101665,6,5,2.5,0,0,0,0.896552,0.0992866,0.00416171,1682,482306,1630
1,table_under_pick,65,qpFreeGate,1,1,0.16277,26713,86,19.403,2049,2049,0,0.000203449,0.00249477,0,0,0.00542175,0,426,81,0.201878,0,0,0,1,0,0,0,0,0
1,table_under_pick,65,qpEnvelope,1,1,0.0131586,1507,15,18.5534,1354,1354,0,1.19621e-05,0.00249477,0,0,0.0149002,0.0630392,6,5,2.5,0,0,0,0.936297,0.0577306,0.00597213,1507,431675,1487
1,table_under_pick,72,isSafe,1,0,10.0001,2832390,31255,0,0,0,0,inf,inf,0,0,0,0,274059,31252,0.114045,0,0,0,0,0,0,0,0,0
1,table_under_pick,72,qpFixed,1,0,10.0017,1204089,2383,0,0,0,0,inf,inf,0,0,0.0056169,0,5509,2260,0.432565,0,0,0,1,0,0,1204089,362661328,1146370
1,table_under_pick,72,qpPlain,1,0,10.0022,1199058,2376,0,0,0,0,inf,inf,0,0,0.00561942,0,5483,2253,0.433339,0,0,0,1,0,0,1199058,411276894,1199058
1,table_under_pick,72,qpAdaptive,1,0,10.0013,1122815,2456,0,0,0,0,inf,inf,0,0,0.00619356,0.0600232,5692,2337,0.431483,0,0,0,0.939719,0.0592832,0.000997495,1122815,339314218,1109787
1,table_under_pick,72,qpFreeGate,1,0,10.0001,1712312,2819,0,0,0,0,inf,inf,0,0,0.00241832,0,15278,2814,0.184514,0,0,0,1,0,0,0,0,0
1,table_under_pick,72,qpEnvelope,1,0,10.0009,1119855,2569,0,0,0,0,inf,inf,0,0,0.00654494,0.0100102,6066,2446,0.423508,0,0,0,0.989933,0.00896369,0.00110283,1119855,337816646,1115470
1,table_under_pick,79,isSafe,1,0,10.0001,2830143,31276,0,0,0,0,inf,inf,0,0,0,0,277883,31274,0.112551,0,0,0,0,0,0,0,0,0
1,table_under_pick,79,qpFixed,1,0,10.0006,1207151,2369,0,0,0,0,inf,inf,0,0,0.00561629,0,5486,2247,0.431826,0,0,0,1,0,0,1207151,363895643,1148293
1,table_under_pick,79,qpPlain,1,0,10.0005,1197352,2353,0,0,0,0,inf,inf,0,0,0.00562341,0,5437,2231,0.432775,0,0,0,1,0,0,1197352,410691736,1197352
1,table_under_pick,79,qpAdaptive,1,0,10.0008,1123541,2422,0,0,0,0,inf,inf,0,0,0.00618314,0.0551702,5655,2300,0.428294,0,0,0,0.944548,0.0544761,0.000976379,1123541,339900700,1110929
1,table_under_pick,79,qpFreeGate,1,0,10.0004,1715293,2792,0,0,0,0,inf,inf,0,0,0.00239479,0,15774,2788,0.177,0,0,0,1,0,0,0,0,0
1,table_under_pick,79,qpEnvelope,1,0,10.0005,1101434,2458,0,0,0,0,inf,inf,0,0,0.00648434,0.0094386,5808,2362,0.423209,0,0,0,0.990511,0.00843174,0.00105771,1101434,332741611,1097026
1,table_under_pick,86,isSafe,1,0,10.0001,2831732,31251,0,0,0,0,inf,inf,0,0,0,0,275115,31249,0.113592,0,0,0,0,0,0,0,0,0
1,table_under_pick,86,qpFixed,1,0,10.0014,1204586,2358,0,0,0,0,inf,inf,0,0,0.00562985,0,5531,2240,0.426324,0,0,0,1,0,0,1204586,364535536,1148260
1,table_under_pick,86,qpPlain,1,0,10.0002,1200062,2350,0,0,0,0,inf,inf,0,0,0.00563102,0,5509,2232,0.426575,0,0,0,1,0,0,1200062,411621266,1200062
1,table_under_pick,86,qpAdaptive,1,0,10.0018,1126080,2420,0,0,0,0,inf,inf,0,0,0.00618328,0.0552829,5715,2300,0.423447,0,0,0,0.944457,0.0545566,0.000986609,1126080,341877241,1112581
1,table_under_pick,86,qpFreeGate,1,0,10.0011,1708832,2952,0,0,0,0,inf,inf,0,0,0.0024713,0,16117,2949,0.183161,0,0,0,1,0,0,0,0,0
1,table_under_pick,86,qpEnvelope,1,0,10.0007,1119042,2513,0,0,0,0,inf,inf,0,0,0.00651662,0.00893979,6005,2392,0.418485,0,0,0,0.990991,0.00794699,0.00106162,1119042,339422328,1114506
1,table_under_pick,93,isSafe,1,0,10,2862584,31666,0,0,0,0,inf,inf,0,0,0,0,291682,31664,0.108563,0,0,0,0,0,0,0,0,0
1,table_under_pick,93,qpFixed,1,0,10.0018,1210753,2371,0,0,0,0,inf,inf,0,0,0.00560688,0,5517,2255,0.429763,0,0,0,1,0,0,1210753,364729609,1155908
1,table_under_pick,93,qpPlain,1,0,10.0023,1196110,2345,0,0,0,0,inf,inf,0,0,0.00561589,0,5448,2229,0.430433,0,0,0,1,0,0,1196110,410265730,1196110
1,table_under_pick,93,qpAdaptive,1,0,10.0001,1129861,2435,0,0,0,0,inf,inf,0,0,0.0061759,0.0553387,5704,2319,0.426893,0,0,0,0.944382,0.0546315,0.000986848,1129861,341555664,1117156
1,table_under_pick,93,qpFreeGate,1,0,10.0008,1722000,2792,0,0,0,0,inf,inf,0,0,0.00238453,0,15917,2785,0.17541,0,0,0,1,0,0,0,0,0
1,table_under_pick,93,qpEnvelope,1,0,10.0015,1121607,2513,0,0,0,0,inf,inf,0,0,0.00643855,0.0104011,5961,2395,0.421574,0,0,0,0.989539,0.0094142,0.00104672,1121607,338807843,1117239
1,table_under_pick,100,isSafe,1,1,0.00494263,2036,12,14.419,9,722,0,0.0028676,0.00249477,0,0,0,0,45,8,0.266667,0,0,0,0,0,0,0,0,0
1,table_under_pick,100,qpFixed,1,1,0.0441229,5227,42,9.17292,851,851,0,0.000377235,0.00249477,0,0,0.00967569,0,17,16,2.47059,0,0,0,1,0,0,5227,1505240,5090
1,table_under_pick,100,qpPlain,1,1,0.0452546,5227,42,9.17292,851,851,0,0.000377235,0.00249477,0,0,0.00967569,0,17,16,2.47059,0,0,0,1,0,0,5227,1792861,5227
1,table_under_pick,100,qpAdaptive,1,1,0.0519487,5837,57,9.31599,592,592,0,0.00234885,0.00249477,0,0,0.0144099,0.310262,28,26,2.03571,0,0,0,0.686311,0.307178,0.00651019,5837,1653144,5595
1,table_under_pick,100,qpFreeGate,1,1,0.0895742,15194,39,23.2782,2001,2001,0,0.00271182,0.00249477,0,0,0.00386963,0,106,30,0.367925,0,0,0,1,0,0,0,0,0
1,table_under_pick,100,qpEnvelope,1,1,0.0259974,2697,45,16.0044,1035,1035,0,0.000591031,0.00249477,0,0,0.0230689,0.265109,20,19,2.25,0,0,0,0.732295,0.255098,0.0126066,2697,727265,2643
1,bookshelf_small,7,isSafe,1,1,0.0072913,3247,18,19.5319,11,978,0,0.00772489,0.00249477,0,0,0,0,56,14,0.321429,0,0,0,0,0,0,0,0,0
1,bookshelf_small,7,qpFixed,1,1,0.0344295,4369,33,13.7611,1176,1176,0,0.000704043,0.00249477,0,0,0.00948622,0,14,11,2.35714,0,0,0,1,0,0,4369,1170538,3969
1,bookshelf_small,7,qpPlain,1,1,0.0368608,4369,33,13.7611,1176,1176,0,0.000704043,0.00249477,0,0,0.00948622,0,14,11,2.35714,0,0,0,1,0,0,4369,1498567,4369
1,bookshelf_small,7,qpAdaptive,1,1,0.030353,3602,34,13.7696,1059,1059,0,0.000705447,0.00249477,0,0,0.011514,0.199611,14,11,2.42857,0,0,0,0.79789,0.196002,0.00610772,3602,980496,3524
1,bookshelf_small,7,qpFreeGate,1,1,0.035485,6100,21,15.41,1723,1723,0,0.000182023,0.00249477,0,0,0.00499142,0,38,15,0.552632,0,0,0,1,0,0,0,0,0
1,bookshelf_small,7,qpEnvelope,1,1,0.0221225,2445,36,13.7478,908,908,0,0.000689164,0.00249477,0,0,0.0169998,0.173415,14,11,2.57143,0,0,0,0.825358,0.162781,0.0118609,2445,668640,2406
1,bookshelf_small,15,isSafe,1,0,10.0036,2,1,0,0,0,0,inf,inf,0,0,0,0,0,0,0,0,0,0,0,0,0,0,0,0
1,bookshelf_small,15,qpFixed,1,0,10.0005,1215138,5397,0,0,0,0,inf,inf,0,0,0.00777436,0,19899,5395,0.27122,0,0,0,1,0,0,1215138,362005303,1050999
1,bookshelf_small,15,qpPlain,1,0,10.0007,1192107,5288,0,0,0,0,inf,inf,0,0,0.00778132,0,19485,5286,0.271388,0,0,0,1,0,0,1192107,408892701,1192107
1,bookshelf_small,15,qpAdaptive,1,0,10.0003,1117074,6219,0,0,0,0,inf,inf,0,0,0.00968784,0.109145,23281,6217,0.267128,0,0,0,0.888273,0.108243,0.0034843,1117074,335121578,1079389
1,bookshelf_small,15,qpFreeGate,1,0,10.0003,1636061,5476,0,0,0,0,inf,inf,0,0,0.00384669,0,34541,5474,0.158536,0,0,0,1,0,0,0,0,0
1,bookshelf_small,15,qpEnvelope,1,0,10.0003,1100023,6723,0,0,0,0,inf,inf,0,0,0.0106545,0.020205,25393,6721,0.264758,0,0,0,0.979234,0.0167027,0.00406347,1100023,329688867,1086863
1,bookshelf_small,23,isSafe,1,1,0.00253761,1027,7,5.86001,4,295,0,0.00225971,0.00249477,0,0,0,0,6,4,1.16667,0,0,0,0,0,0,0,0,0
1,bookshelf_small,23,qpFixed,1,1,0.00562846,700,8,7.22497,701,701,0,0.00125993,0.00249477,0,0,0.0103214,0,1,1,8,0,0,0,1,0,0,700,175039,566
1,bookshelf_small,23,qpPlain,1,1,0.00621658,700,8,7.22497,701,701,0,0.00125993,0.00249477,0,0,0.0103214,0,1,1,8,0,0,0,1,0,0,700,240100,700
1,bookshelf_small,23,qpAdaptive,1,1,0.0045407,518,8,7.22614,633,633,0,0.00123635,0.00249477,0,0,0.0139501,0.1139,1,1,8,0,0,0,0.8861,0.108108,0.00579151,518,133665,504
1,bookshelf_small,23,qpFreeGate,1,1,0.00593334,924,9,5.72132,452,452,0,0.00211188,0.00249477,0,0,0.0102857,0,6,4,1.5,0,0,0,1,0,0,0,0,0
1,bookshelf_small,23,qpEnvelope,1,1,0.0037735,416,8,7.24353,581,581,0,0.00125061,0.00249477,0,0,0.0174123,0.132212,1,1,8,0,0,0,0.867788,0.125,0.00721154,416,107813,407
1,bookshelf_small,31,isSafe,1,1,0.0211987,9220,47,10.5398,7,528,0,0.00341551,0.00249477,0,0,0,0,198,43,0.237374,0,0,0,0,0,0,0,0,0
1,bookshelf_small,31,qpFixed,1,1,0.00383752,538,7,8.39359,541,541,0,0.00739723,0.00249477,0,0,0.0156015,0,1,1,7,0,0,0,1,0,0,538,141841,175
1,bookshelf_small,31,qpPlain,1,1,0.00414288,538,7,8.39359,541,541,0,0.00739723,0.00249477,0,0,0.0156015,0,1,1,7,0,0,0,1,0,0,538,184534,538
1,bookshelf_small,31,qpAdaptive,1,1,0.00184359,216,7,8.39353,504,504,0,0.00739742,0.00249477,0,0,0.0388589,0.532407,1,1,7,0,0,0,0.467593,0.513889,0.0185185,216,65558,126
1,bookshelf_small,31,qpFreeGate,1,1,0.0935,15815,50,16.5986,1420,1420,0,0.00602553,0.00249477,0,0,0.00436028,0,91,35,0.549451,0,0,0,1,0,0,0,0,0
1,bookshelf_small,31,qpEnvelope,1,1,0.000950257,86,7,8.39891,459,459,0,0.00739746,0.00249477,0,0,0.0976618,0.488372,1,1,7,0,0,0,0.511628,0.430233,0.0581395,86,27324,67
1,bookshelf_small,38,isSafe,1,0,10.0036,2,1,0,0,0,0,inf,inf,0,0,0,0,0,0,0,0,0,0,0,0,0,0,0,0
1,bookshelf_small,38,qpFixed,1,0,10.0014,1203692,5297,0,0,0,0,inf,inf,0,0,0.00770475,0,19715,5295,0.268679,0,0,0,1,0,0,1203692,359262761,1046816
1,bookshelf_small,38,qpPlain,1,0,10.0006,1189106,5232,0,0,0,0,inf,inf,0,0,0.0077116,0,19461,5230,0.268845,0,0,0,1,0,0,1189106,407863358,1189106
1,bookshelf_small,38,qpAdaptive,1,0,10.0007,1104232,6079,0,0,0,0,inf,inf,0,0,0.0095872,0.115246,22985,6077,0.264477,0,0,0,0.881985,0.114506,0.00350892,1104232,332968568,1070788
1,bookshelf_small,38,qpFreeGate,1,0,10.0003,1644149,5346,0,0,0,0,inf,inf,0,0,0.00374033,0,34651,5344,0.154281,0,0,0,1,0,0,0,0,0
1,bookshelf_small,38,qpEnvelope,1,0,10.0003,1094336,6682,0,0,0,0,inf,inf,0,0,0.0106063,0.0280389,25529,6680,0.261742,0,0,0,0.971206,0.0246528,0.00414089,1094336,328924249,1081803
1,bookshelf_small,45,isSafe,1,1,0.0468411,19603,95,19.8541,12,994,0,0.00856794,0.00249477,0,0,0,0,644,90,0.147516,0,0,0,0,0,0,0,0,0
1,bookshelf_small,45,qpFixed,1,1,0.00655542,832,7,7.76326,700,700,0,0.00217713,0.00249477,0,0,0.0101431,0,2,2,3.5,0,0,0,1,0,0,832,246413,449
1,bookshelf_small,45,qpPlain,1,1,0.00674761,832,7,7.76326,700,700,0,0.00217713,0.00249477,0,0,0.0101431,0,2,2,3.5,0,0,0,1,0,0,832,285376,832
1,bookshelf_small,45,qpAdaptive,1,1,0.00372416,409,7,7.77815,534,534,0,0.00220558,0.00249477,0,0,0.0206719,0.249389,2,2,3.5,0,0,0,0.748166,0.242054,0.00977995,409,130171,353
1,bookshelf_small,45,qpFreeGate,1,1,0.126367,21469,42,13.8929,1337,1337,0,0.00239438,0.00249477,0,0,0.00342771,0,161,36,0.26087,0,0,0,1,0,0,0,0,0
1,bookshelf_small,45,qpEnvelope,1,1,0.00300678,311,7,7.79814,488,488,0,0.00206505,0.00249477,0,0,0.0272621,0.180064,2,2,3.5,0,0,0,0.819936,0.167203,0.0128617,311,99348,284
1,bookshelf_small,52,isSafe,1,1,0.00966677,4238,23,10.3854,7,521,0,0.00507592,0.00249477,0,0,0,0,94,19,0.244681,0,0,0,0,0,0,0,0,0
1,bookshelf_small,52,qpFixed,1,1,0.00457071,669,7,7.8106,670,670,0,0.00294655,0.00249477,0,0,0.011675,0,1,1,7,0,0,0,1,0,0,669,175665,220
1,bookshelf_small,52,qpPlain,1,1,0.0051016,669,7,7.8106,670,670,0,0.00294655,0.00249477,0,0,0.011675,0,1,1,7,0,0,0,1,0,0,669,229467,669
1,bookshelf_small,52,qpAdaptive,1,1,0.00219093,270,7,7.81073,529,529,0,0.00294655,0.00249477,0,0,0.0289286,0.162963,1,1,7,0,0,0,0.837037,0.148148,0.0148148,270,71669,220
1,bookshelf_small,52,qpFreeGate,1,1,0.0638844,10965,34,12.6756,992,992,0,0.00367889,0.00249477,0,0,0.00430121,0,90,27,0.377778,0,0,0,1,0,0,0,0,0
1,bookshelf_small,52,qpEnvelope,1,1,0.00178452,199,7,7.82034,490,490,0,0.00294655,0.00249477,0,0,0.0392982,0.140704,1,1,7,0,0,0,0.859296,0.120603,0.0201005,199,53147,180
1,bookshelf_small,59,isSafe,1,1,0.00666234,2880,16,9.09235,6,456,0,0.000118008,0.00249477,0,0,0,0,44,12,0.363636,0,0,0,0,0,0,0,0,0
1,bookshelf_small,59,qpFixed,1,1,0.00896132,1117,9,9.3891,834,834,0,0.000259107,0.00249477,0,0,0.00999049,0,3,2,3,0,0,0,1,0,0,1117,301148,746
1,bookshelf_small,59,qpPlain,1,1,0.00961578,1117,9,9.3891,834,834,0,0.000259107,0.00249477,0,0,0.00999049,0,3,2,3,0,0,0,1,0,0,1117,383131,1117
1,bookshelf_small,59,qpAdaptive,1,1,0.00663266,758,9,9.3748,744,744,0,0.000275094,0.00249477,0,0,0.0147011,0.176781,3,2,3,0,0,0,0.819261,0.172823,0.00791557,758,209550,702
1,bookshelf_small,59,qpFreeGate,1,1,0.0217973,3642,21,8.52009,768,768,0,0.00100979,0.00249477,0,0,0.00754772,0,44,15,0.477273,0,0,0,1,0,0,0,0,0
1,bookshelf_small,59,qpEnvelope,1,1,0.00506576,547,8,9.34385,655,655,0,0.000188427,0.00249477,0,0,0.0203189,0.111517,3,2,2.66667,0,0,0,0.888483,0.102377,0.00914077,547,152999,521
1,bookshelf_small,66,isSafe,1,1,0.00182034,734,6,7.19083,5,361,0,0.00164724,0.00249477,0,0,0,0,3,2,2,0,0,0,0,0,0,0,0,0
1,bookshelf_small,66,qpFixed,1,1,0.00287361,400,6,6.3219,401,401,0,0.00552033,0.00249477,0,0,0.0158048,0,1,1,6,0,0,0,1,0,0,400,103110,117
1,bookshelf_small,66,qpPlain,1,1,0.00311934,400,6,6.3219,401,401,0,0.00552033,0.00249477,0,0,0.0158048,0,1,1,6,0,0,0,1,0,0,400,137200,400
1,bookshelf_small,66,qpAdaptive,1,1,0.00138649,167,6,6.3219,377,377,0,0.00552033,0.00249477,0,0,0.0378557,0.251497,1,1,6,0,0,0,0.742515,0.233533,0.0239521,167,44430,117
1,bookshelf_small,66,qpFreeGate,1,1,0.00687761,1101,7,8.631,687,687,0,0.00552033,0.00249477,0,0,0.00836939,0,5,3,1.4,0,0,0,1,0,0,0,0,0
1,bookshelf_small,66,qpEnvelope,1,1,0.000901798,91,6,6.32223,354,354,0,0.00552033,0.00249477,0,0,0.0694751,0.252747,1,1,6,0,0,0,0.747253,0.208791,0.043956,91,24870,79
1,bookshelf_small,73,isSafe,1,1,0.0137042,5881,29,15.065,9,755,0,0.00321958,0.00249477,0,0,0,0,114,25,0.254386,0,0,0,0,0,0,0,0,0
1,bookshelf_small,73,qpFixed,1,1,0.00314956,467,6,6.25102,468,468,0,0.000617793,0.00249477,0,0,0.0133855,0,1,1,6,0,0,0,1,0,0,467,113509,222
1,bookshelf_small,73,qpPlain,1,1,0.00357914,467,6,6.25102,468,468,0,0.000617793,0.00249477,0,0,0.0133855,0,1,1,6,0,0,0,1,0,0,467,160181,467
1,bookshelf_small,73,qpAdaptive,1,1,0.00188344,257,6,6.25107,411,411,0,0.000617793,0.00249477,0,0,0.0243232,0.136187,1,1,6,0,0,0,0.863813,0.124514,0.0116732,257,62414,223
1,bookshelf_small,73,qpFreeGate,1,1,0.075033,12825,42,12.5212,1324,1324,0,0.00213771,0.00249477,0,0,0.00503262,0,114,35,0.368421,0,0,0,1,0,0,0,0,0
1,bookshelf_small,73,qpEnvelope,1,1,0.00155161,206,6,6.25139,396,396,0,0.000617793,0.00249477,0,0,0.0303465,0.150485,1,1,6,0,0,0,0.849515,0.131068,0.0194175,206,49425,195
1,bookshelf_small,80,isSafe,1,1,0.0331772,14622,71,19.2173,11,962,0,0.00389818,0.00249477,0,0,0,0,530,68,0.133962,0,0,0,0,0,0,0,0,0
1,bookshelf_small,80,qpFixed,1,1,0.00549272,677,11,8.6454,678,678,0,0.000237161,0.00249477,0,0,0.0127702,0,1,1,11,0,0,0,1,0,0,677,192335,624
1,bookshelf_small,80,qpPlain,1,1,0.00563893,677,11,8.6454,678,678,0,0.000237161,0.00249477,0,0,0.0127702,0,1,1,11,0,0,0,1,0,0,677,232211,677
1,bookshelf_small,80,qpAdaptive,1,1,0.00554781,648,12,12.2708,892,892,0,0.000215484,0.00249477,0,0,0.0190958,0.260802,2,2,6,0,0,0,0.737654,0.25,0.0123457,648,186534,601
1,bookshelf_small,80,qpFreeGate,1,1,0.0377767,6475,20,12.6066,1396,1396,0,0.00348084,0.00249477,0,0,0.00423399,0,37,12,0.540541,0,0,0,1,0,0,0,0,0
1,bookshelf_small,80,qpEnvelope,1,1,0.00367457,382,11,12.3254,786,786,0,0.000829282,0.00249477,0,0,0.0326158,0.348168,2,2,5.5,0,0,0,0.646597,0.329843,0.0235602,382,112045,363
1,bookshelf_small,87,isSafe,1,1,0.00174939,743,6,7.36423,5,370,0,0.00547735,0.00249477,0,0,0,0,3,2,2,0,0,0,0,0,0,0,0,0
1,bookshelf_small,87,qpFixed,1,1,0.00317626,455,7,6.27186,456,456,0,0.00547735,0.00249477,0,0,0.0137843,0,1,1,7,0,0,0,1,0,0,455,105333,300
1,bookshelf_small,87,qpPlain,1,1,0.00360455,455,7,6.27186,456,456,0,0.00547735,0.00249477,0,0,0.0137843,0,1,1,7,0,0,0,1,0,0,455,156065,455
1,bookshelf_small,87,qpAdaptive,1,1,0.00198407,282,7,6.27288,404,404,0,0.00547735,0.00249477,0,0,0.0222442,0.386525,1,1,7,0,0,0,0.609929,0.375887,0.0141844,282,66697,216
1,bookshelf_small,87,qpFreeGate,1,1,0.00481778,819,7,7.33646,606,606,0,0.00547735,0.00249477,0,0,0.00922734,0,3,2,2.33333,0,0,0,1,0,0,0,0,0
1,bookshelf_small,87,qpEnvelope,1,1,0.00104011,115,7,6.29876,362,362,0,0.00547735,0.00249477,0,0,0.0547718,0.504348,1,1,7,0,0,0,0.495652,0.46087,0.0434783,115,28065,92
1,bookshelf_small,95,isSafe,1,1,0.0284199,12096,60,23.8367,14,1193,0,0.00197856,0.00249477,0,0,0,0,426,56,0.140845,0,0,0,0,0,0,0,0,0
1,bookshelf_small,95,qpFixed,1,1,0.0410421,4771,27,16.4954,1449,1449,102,-5.75468e-05,0.00249477,0,0,0.00834851,0,17,13,1.58824,0,0,0,1,0,0,4771,1453254,4129
1,bookshelf_small,95,qpPlain,1,1,0.0411239,4771,27,16.4954,1449,1449,102,-5.75468e-05,0.00249477,0,0,0.00834851,0,17,13,1.58824,0,0,0,1,0,0,4771,1636453,4771
1,bookshelf_small,95,qpAdaptive,1,1,0.0331326,3545,27,16.5034,1329,1329,17,-8.24966e-06,0.00249477,0,0,0.0112426,0.267137,17,13,1.58824,0,0,0,0.730889,0.264034,0.00507757,3545,1101954,3450
1,bookshelf_small,95,qpFreeGate,1,1,0.217743,37500,74,21.5753,1947,1947,0,0.00404695,0.00249477,0,0,0.00340374,0,280,66,0.264286,0,0,0,1,0,0,0,0,0
1,bookshelf_small,95,qpEnvelope,1,1,0.0245466,2424,27,16.5264,1153,1153,9,-1.62961e-05,0.00249477,0,0,0.0164912,0.177393,17,13,1.58824,0,0,0,0.820545,0.169554,0.00990099,2424,755881,2391
1,box,2,isSafe,1,1,0.0118739,4863,26,16.8348,10,843,0,0.00555223,0.00249477,0,0,0,0,122,21,0.213115,0,0,0,0,0,0,0,0,0
1,box,2,qpFixed,1,1,0.0056928,724,14,7.63752,589,589,0,0.00201905,0.00249477,0,0,0.011352,0,2,2,7,0,0,0,1,0,0,724,203863,440
1,box,2,qpPlain,1,1,0.00603607,724,14,7.63752,589,589,0,0.00201905,0.00249477,0,0,0.011352,0,2,2,7,0,0,0,1,0,0,724,248332,724
1,box,2,qpAdaptive,1,1,0.00293809,325,13,7.63261,465,465,0,0.00192855,0.00249477,0,0,0.0252688,0.313846,2,2,6.5,0,0,0,0.670769,0.295385,0.0338462,325,96382,289
1,box,2,qpFreeGate,1,1,0.384642,65722,141,26.9449,2611,2611,0,0.00101293,0.00249477,0,0,0.00357823,0,483,123,0.291925,0,0,0,1,0,0,0,0,0
1,box,2,qpEnvelope,1,1,0.00208609,204,12,7.63074,445,445,0,0.00173142,0.00249477,0,0,0.0402307,0.441176,2,2,6,0,0,0,0.544118,0.406863,0.0490196,204,60552,184
1,box,9,isSafe,1,1,0.0138942,6072,32,12.0151,8,602,0,0.070568,0.00249477,0,0,0,0,151,28,0.211921,0,0,0,0,0,0,0,0,0
1,box,9,qpFixed,1,1,0.00321294,423,7,5.6608,424,424,0,0.00342639,0.00249477,0,0,0.0133825,0,1,1,7,0,0,0,1,0,0,423,121106,192
1,box,9,qpPlain,1,1,0.00326515,423,7,5.6608,424,424,0,0.00342639,0.00249477,0,0,0.0133825,0,1,1,7,0,0,0,1,0,0,423,145089,423
1,box,9,qpAdaptive,1,1,0.0014473,183,6,5.66275,358,358,0,0.00337993,0.00249477,0,0,0.030944,0.393443,1,1,6,0,0,0,0.601093,0.382514,0.0163934,183,54499,146
1,box,9,qpFreeGate,1,1,0.176152,30226,79,18.6443,1701,1701,0,0.00860697,0.00249477,0,0,0.00430323,0,217,66,0.364055,0,0,0,1,0,0,0,0,0
1,box,9,qpEnvelope,1,1,0.000875738,91,6,5.66426,322,322,0,0.00313284,0.00249477,0,0,0.0622446,0.43956,1,1,6,0,0,0,0.549451,0.417582,0.032967,91,27153,74
1,box,16,isSafe,1,1,0.0068901,2748,15,16.9054,10,847,0,0.0254456,0.00249477,0,0,0,0,74,11,0.202703,0,0,0,0,0,0,0,0,0
1,box,16,qpFixed,1,1,0.004322,605,7,8.09609,606,606,0,0.0279519,0.00249477,0,0,0.013382,0,1,1,7,0,0,0,1,0,0,605,151889,161
1,box,16,qpPlain,1,1,0.00482123,605,7,8.09609,606,606,0,0.0279519,0.00249477,0,0,0.013382,0,1,1,7,0,0,0,1,0,0,605,207515,605
1,box,16,qpAdaptive,1,1,0.000928977,113,7,8.10941,452,452,0,0.027576,0.00249477,0,0,0.0717647,0.946903,1,1,7,0,0,0,0.0442478,0.911504,0.0442478,113,27749,61
1,box,16,qpFreeGate,1,1,0.259939,46405,86,11.9399,1305,1305,0,0.00136799,0.00249477,0,0,0.00336524,0,344,78,0.25,0,0,0,1,0,0,0,0,0
1,box,16,qpEnvelope,1,1,0.00056092,48,7,8.0909,432,432,0,0.0256066,0.00249477,0,0,0.16856,1,1,1,7,0,0,0,0,0.895833,0.104167,48,11964,27
1,box,23,isSafe,1,1,0.00393971,1634,10,9.94883,6,499,0,0.0579019,0.00249477,0,0,0,0,14,6,0.714286,0,0,0,0,0,0,0,0,0
1,box,23,qpFixed,1,1,0.0330341,4135,27,7.62068,590,590,0,0.00221748,0.00249477,0,0,0.00984116,0,12,11,2.25,0,0,0,1,0,0,4135,1088522,3527
1,box,23,qpPlain,1,1,0.0355047,4135,27,7.62068,590,590,0,0.00221748,0.00249477,0,0,0.00984116,0,12,11,2.25,0,0,0,1,0,0,4135,1418305,4135
1,box,23,qpAdaptive,1,1,0.0253131,2921,27,7.62456,448,448,0,0.00210707,0.00249477,0,0,0.0139365,0.238959,12,11,2.25,0,0,0,0.758302,0.236563,0.00513523,2921,780687,2814
1,box,23,qpFreeGate,1,1,0.0558573,9430,33,14.3562,1544,1544,0,0.00297296,0.00249477,0,0,0.00497885,0,54,23,0.611111,0,0,0,1,0,0,0,0,0
1,box,23,qpEnvelope,1,1,0.0198843,2184,27,7.63131,425,425,0,0.00187612,0.00249477,0,0,0.0187444,0.175366,12,11,2.25,0,0,0,0.82326,0.169414,0.00732601,2184,579968,2132
1,box,30,isSafe,1,1,0.00136417,552,5,5.47083,4,275,0,0.0543942,0.00249477,0,0,0,0,1,1,5,0,0,0,0,0,0,0,0,0
1,box,30,qpFixed,1,1,0.00298156,442,5,5.47111,443,443,0,0.0524126,0.00249477,0,0,0.0123781,0,1,1,5,0,0,0,1,0,0,442,115334,27
1,box,30,qpPlain,1,1,0.00320888,442,5,5.47111,443,443,0,0.0524126,0.00249477,0,0,0.0123781,0,1,1,5,0,0,0,1,0,0,442,151606,442
1,box,30,qpAdaptive,1,1,0.000491574,63,5,5.47112,303,303,0,0.0523957,0.00249477,0,0,0.0868432,1,1,1,5,0,0,0,0,0.952381,0.047619,63,17478,7
1,box,30,qpFreeGate,1,1,0.00272797,447,5,5.47093,448,448,0,0.0543932,0.00249477,0,0,0.0122392,0,1,1,5,0,0,0,1,0,0,0,0,0
1,box,30,qpEnvelope,1,1,0.000276982,23,5,5.47111,287,287,0,0.0522939,0.00249477,0,0,0.237875,1,1,1,5,0,0,0,0,0.869565,0.130435,23,6359,3
1,box,37,isSafe,1,1,0.0306717,12878,66,11.6878,8,586,0,0.0306113,0.00249477,0,0,0,0,392,62,0.168367,0,0,0,0,0,0,0,0,0
1,box,37,qpFixed,1,1,0.00350827,518,6,5.40022,519,519,0,0.00792658,0.00249477,0,0,0.0104251,0,1,1,6,0,0,0,1,0,0,518,128229,153
1,box,37,qpPlain,1,1,0.00403147,518,6,5.40022,519,519,0,0.00792658,0.00249477,0,0,0.0104251,0,1,1,6,0,0,0,1,0,0,518,177674,518
1,box,37,qpAdaptive,1,1,0.0011672,132,6,5.3991,340,340,0,0.00781592,0.00249477,0,0,0.0409023,0.613636,1,1,6,0,0,0,0.386364,0.583333,0.030303,132,36783,105
1,box,37,qpFreeGate,1,1,0.0436798,7380,23,13.6625,1410,1410,0,0.00728315,0.00249477,0,0,0.00433298,0,43,16,0.534884,0,0,0,1,0,0,0,0,0
1,box,37,qpEnvelope,1,1,0.000647706,54,6,5.39523,297,297,0,0.00716608,0.00249477,0,0,0.0999117,0.777778,1,1,6,0,0,0,0.203704,0.722222,0.0740741,54,15268,40
1,box,44,isSafe,1,1,0.00710709,3162,18,16.5186,10,827,0,0.0124466,0.00249477,0,0,0,0,38,14,0.473684,0,0,0,0,0,0,0,0,0
1,box,44,qpFixed,1,1,0.00290921,384,6,5.39824,385,385,0,0.0159451,0.00249477,0,0,0.0140579,0,1,1,6,0,0,0,1,0,0,384,103366,184
1,box,44,qpPlain,1,1,0.00305031,384,6,5.39824,385,385,0,0.0159451,0.00249477,0,0,0.0140579,0,1,1,6,0,0,0,1,0,0,384,131712,384
1,box,44,qpAdaptive,1,1,0.00104202,118,6,5.4174,318,318,0,0.0161152,0.00249477,0,0,0.0459101,0.788136,1,1,6,0,0,0,0.211864,0.762712,0.0254237,118,34395,89
1,box,44,qpFreeGate,1,1,0.0144618,2339,11,11.2001,1074,1074,0,0.00440487,0.00249477,0,0,0.00644105,0,12,6,0.916667,0,0,0,1,0,0,0,0,0
1,box,44,qpEnvelope,1,1,0.000524558,40,6,5.43697,290,290,0,0.0153111,0.00249477,0,0,0.135924,1,1,1,6,0,0,0,0,0.9,0.1,40,11575,27
1,box,51,isSafe,1,1,0.0132461,5858,30,10.3598,7,519,0,0.0150978,0.00249477,0,0,0,0,206,26,0.145631,0,0,0,0,0,0,0,0,0
1,box,51,qpFixed,1,1,0.00339314,395,9,5.27637,396,396,0,0.00547608,0.00249477,0,0,0.0133579,0,1,1,9,0,0,0,1,0,0,395,111377,394
1,box,51,qpPlain,1,1,0.00336549,395,9,5.27637,396,396,0,0.00547608,0.00249477,0,0,0.0133579,0,1,1,9,0,0,0,1,0,0,395,135485,395
1,box,51,qpAdaptive,1,1,0.00189885,214,10,5.28017,359,359,0,0.00534814,0.00249477,0,0,0.0246737,0.514019,1,1,10,0,0,0,0.471963,0.5,0.0280374,214,62959,213
1,box,51,qpFreeGate,1,1,0.0531123,9141,24,9.54725,1594,1594,0,0.00116585,0.00249477,0,0,0.00342979,0,58,17,0.413793,0,0,0,1,0,0,0,0,0
1,box,51,qpEnvelope,1,1,0.00113052,105,11,5.29342,320,320,0,0.00497281,0.00249477,0,0,0.0504135,0.885714,1,1,11,0,0,0,0.0857143,0.828571,0.0857143,105,31154,104
1,box,58,isSafe,1,1,0.00491136,2124,13,10.4104,7,522,0,0.0186451,0.00249477,0,0,0,0,33,9,0.393939,0,0,0,0,0,0,0,0,0
1,box,58,qpFixed,1,1,0.0126955,1617,13,14.3803,1180,1180,0,0.000502035,0.00249477,0,0,0.0114307,0,5,5,2.6,0,0,0,1,0,0,1617,398095,1366
1,box,58,qpPlain,1,1,0.0140744,1617,13,14.3803,1180,1180,0,0.000502035,0.00249477,0,0,0.0114307,0,5,5,2.6,0,0,0,1,0,0,1617,554631,1617
1,box,58,qpAdaptive,1,1,0.0101115,1184,13,14.3096,1027,1027,0,0.00045419,0.00249477,0,0,0.01557,0.217061,5,5,2.6,0,0,0,0.782095,0.214527,0.00337838,1184,291257,1120
1,box,58,qpFreeGate,1,1,0.0352891,6018,22,14.6726,1698,1698,0,0.00087011,0.00249477,0,0,0.00441352,0,35,16,0.628571,0,0,0,1,0,0,0,0,0
1,box,58,qpEnvelope,1,1,0.00769304,835,13,14.3008,947,947,0,0.0003613,0.00249477,0,0,0.0217717,0.180838,5,5,2.6,0,0,0,0.815569,0.17485,0.00958084,835,209127,801
1,box,65,isSafe,1,1,0.00556795,2360,14,10.833,7,543,0,0.0044933,0.00249477,0,0,0,0,39,9,0.358974,0,0,0,0,0,0,0,0,0
1,box,65,qpFixed,1,1,0.00491397,606,9,7.88849,562,562,0,0.00431173,0.00249477,0,0,0.0135935,0,2,2,4.5,0,0,0,1,0,0,606,155736,515
1,box,65,qpPlain,1,1,0.00517262,606,9,7.88849,562,562,0,0.00431173,0.00249477,0,0,0.0135935,0,2,2,4.5,0,0,0,1,0,0,606,207858,606
1,box,65,qpAdaptive,1,1,0.00367408,432,9,7.89847,528,528,0,0.0042527,0.00249477,0,0,0.019091,0.266204,2,2,4.5,0,0,0,0.726852,0.261574,0.0115741,432,114189,414
1,box,65,qpFreeGate,1,1,0.0475003,8081,20,10.3606,845,845,0,0.0328677,0.00249477,0,0,0.00425762,0,51,15,0.392157,0,0,0,1,0,0,0,0,0
1,box,65,qpEnvelope,1,1,0.00225778,228,10,7.96238,476,476,0,0.00378649,0.00249477,0,0,0.0364469,0.429825,2,2,5,0,0,0,0.561404,0.403509,0.0350877,228,61379,217
1,box,72,isSafe,1,1,0.0115406,5056,28,12.2775,8,615,0,0.0272518,0.00249477,0,0,0,0,74,23,0.378378,0,0,0,0,0,0,0,0,0
1,box,72,qpFixed,1,1,0.00326732,469,6,5.70727,470,470,0,0.0101388,0.00249477,0,0,0.012169,0,1,1,6,0,0,0,1,0,0,469,105508,151
1,box,72,qpPlain,1,1,0.00379293,469,6,5.70727,470,470,0,0.0101388,0.00249477,0,0,0.012169,0,1,1,6,0,0,0,1,0,0,469,160867,469
1,box,72,qpAdaptive,1,1,0.000782976,100,6,5.70719,336,336,0,0.0104323,0.00249477,0,0,0.0570719,0.91,1,1,6,0,0,0,0.08,0.88,0.04,100,23539,61
1,box,72,qpFreeGate,1,1,0.0390695,6552,26,15.2982,1415,1415,0,0.00640681,0.00249477,0,0,0.00511313,0,37,16,0.702703,0,0,0,1,0,0,0,0,0
1,box,72,qpEnvelope,1,1,0.000508924,47,6,5.70674,309,309,0,0.00999249,0.00249477,0,0,0.12142,1,1,1,6,0,0,0,0,0.914894,0.0851064,47,11179,33
1,box,79,isSafe,1,1,0.00146206,637,6,6.14358,5,309,0,0.0289686,0.00249477,0,0,0,0,11,2,0.545455,0,0,0,0,0,0,0,0,0
1,box,79,qpFixed,1,1,0.0180107,2237,23,7.35927,633,633,0,0.000745734,0.00249477,0,0,0.0112781,0,7,7,3.28571,0,0,0,1,0,0,2237,635819,1930
1,box,79,qpPlain,1,1,0.018308,2237,23,7.35927,633,633,0,0.000745734,0.00249477,0,0,0.0112781,0,7,7,3.28571,0,0,0,1,0,0,2237,767291,2237
1,box,79,qpAdaptive,1,1,0.0116241,1262,25,7.36791,498,498,0,0.000745158,0.00249477,0,0,0.0199774,0.459588,7,7,3.57143,0,0,0,0.537242,0.44691,0.0158479,1262,364891,1120
1,box,79,qpFreeGate,1,1,0.0259616,4510,18,12.1652,1273,1273,0,0.0113026,0.00249477,0,0,0.00410609,0,26,10,0.692308,0,0,0,1,0,0,0,0,0
1,box,79,qpEnvelope,1,1,0.00681364,721,22,7.37848,455,455,0,0.000694608,0.00249477,0,0,0.034979,0.352288,7,7,3.14286,0,0,0,0.642164,0.32871,0.0291262,721,211391,646
1,box,86,isSafe,1,1,0.00917754,3993,22,10.9441,7,549,0,0.042642,0.00249477,0,0,0,0,56,18,0.392857,0,0,0,0,0,0,0,0,0
1,box,86,qpFixed,1,1,0.00448189,557,7,7.22403,558,558,0,0.00218393,0.00249477,0,0,0.0129695,0,1,1,7,0,0,0,1,0,0,557,149469,386
1,box,86,qpPlain,1,1,0.00473459,557,7,7.22403,558,558,0,0.00218393,0.00249477,0,0,0.0129695,0,1,1,7,0,0,0,1,0,0,557,191051,557
1,box,86,qpAdaptive,1,1,0.0026287,303,7,7.233,499,499,0,0.00225956,0.00249477,0,0,0.0238713,0.353135,1,1,7,0,0,0,0.646865,0.343234,0.00990099,303,83596,275
1,box,86,qpFreeGate,1,1,0.0293358,4934,21,15.7698,1480,1480,0,0.00500625,0.00249477,0,0,0.00603752,0,27,14,0.777778,0,0,0,1,0,0,0,0,0
1,box,86,qpEnvelope,1,1,0.00179831,167,7,7.19945,430,430,0,0.00277658,0.00249477,0,0,0.0431105,0.365269,1,1,7,0,0,0,0.634731,0.335329,0.0299401,167,46706,155
1,box,93,isSafe,1,1,0.0110269,4529,24,13.5196,8,677,0,0.0166808,0.00249477,0,0,0,0,102,20,0.235294,0,0,0,0,0,0,0,0,0
1,box,93,qpFixed,1,1,0.00313414,435,6,5.81385,436,436,0,0.00707389,0.00249477,0,0,0.0133652,0,1,1,6,0,0,0,1,0,0,435,101101,198
1,box,93,qpPlain,1,1,0.00360219,435,6,5.81385,436,436,0,0.00707389,0.00249477,0,0,0.0133652,0,1,1,6,0,0,0,1,0,0,435,149205,435
1,box,93,qpAdaptive,1,1,0.00129308,161,6,5.81311,362,362,0,0.00707104,0.00249477,0,0,0.0361063,0.614907,1,1,6,0,0,0,0.385093,0.596273,0.0186335,161,38622,126
1,box,93,qpFreeGate,1,1,0.0554239,9297,34,10.4736,1085,1085,0,0.00714928,0.00249477,0,0,0.00463775,0,52,22,0.653846,0,0,0,1,0,0,0,0,0
1,box,93,qpEnvelope,1,1,0.000610268,50,6,5.81247,317,317,0,0.00708963,0.00249477,0,0,0.116249,0.98,1,1,6,0,0,0,0,0.92,0.08,50,12769,35
1,box,100,isSafe,1,1,0.00222351,832,7,8.21993,6,412,0,0.0186316,0.00249477,0,0,0,0,3,1,2.33333,0,0,0,0,0,0,0,0,0
1,box,100,qpFixed,1,1,0.0036967,500,10,6.89964,501,501,0,0.0369836,0.00249477,0,0,0.0137993,0,1,1,10,0,0,0,1,0,0,500,118102,213
1,box,100,qpPlain,1,1,0.00414602,500,10,6.89964,501,501,0,0.0369836,0.00249477,0,0,0.0137993,0,1,1,10,0,0,0,1,0,0,500,171500,500
1,box,100,qpAdaptive,1,1,0.00108974,123,11,6.91179,404,404,0,0.0368783,0.00249477,0,0,0.0561934,0.96748,1,1,11,0,0,0,0,0.926829,0.0731707,123,31394,73
1,box,100,qpFreeGate,1,1,0.00397872,600,8,6.76665,601,601,0,0.0284947,0.00249477,0,0,0.0112778,0,1,1,8,0,0,0,1,0,0,0,0,0
1,box,100,qpEnvelope,1,1,0.000806044,63,11,9.8985,524,524,0,0.0366934,0.00249477,0,0,0.176614,1,2,2,5.5,0,0,0,0,0.84127,0.15873,63,17160,34
1,table_pick,7,isSafe,1,1,0.00296246,1274,9,4.19781,4,211,0,0.000785683,0.00249477,0,0,0,0,12,5,0.75,0,0,0,0,0,0,0,0,0
1,table_pick,7,qpFixed,1,1,0.00309361,407,8,6.12157,408,408,0,0.00739102,0.00249477,0,0,0.0150407,0,1,1,8,0,0,0,1,0,0,407,102620,83
1,table_pick,7,qpPlain,1,1,0.00338245,407,8,6.12157,408,408,0,0.00739102,0.00249477,0,0,0.0150407,0,1,1,8,0,0,0,1,0,0,407,139601,407
1,table_pick,7,qpAdaptive,1,1,0.000741997,83,8,6.13793,341,341,0,0.00739148,0.00249477,0,0,0.073951,0.759036,1,1,8,0,0,0,0.228916,0.698795,0.0722892,83,21763,44
1,table_pick,7,qpFreeGate,1,1,0.0140764,2361,9,2.98876,289,289,0,0.00402022,0.00249477,0,0,0.00593374,0,22,6,0.409091,0,0,0,1,0,0,0,0,0
1,table_pick,7,qpEnvelope,1,1,0.000522998,46,6,6.17543,335,335,0,0.00739142,0.00249477,0,0,0.134248,0.804348,1,1,6,0,0,0,0.195652,0.717391,0.0869565,46,12011,27
1,table_pick,14,isSafe,1,1,0.00633629,2569,14,13.1775,8,660,0,0.00211828,0.00249477,0,0,0,0,40,10,0.35,0,0,0,0,0,0,0,0,0
1,table_pick,14,qpFixed,1,1,0.00522754,753,7,9.40666,754,754,0,0.00642816,0.00249477,0,0,0.0124922,0,1,1,7,0,0,0,1,0,0,753,174812,109
1,table_pick,14,qpPlain,1,1,0.00610586,753,7,9.40666,754,754,0,0.00642816,0.00249477,0,0,0.0124922,0,1,1,7,0,0,0,1,0,0,753,258279,753
1,table_pick,14,qpAdaptive,1,1,0.000796694,89,7,9.40723,519,519,0,0.00642834,0.00249477,0,0,0.105699,0.786517,1,1,7,0,0,0,0.202247,0.741573,0.0561798,89,23895,47
1,table_pick,14,qpFreeGate,1,1,0.027153,4528,17,13.7777,1067,1067,0,0.0019167,0.00249477,0,0,0.00530623,0,28,12,0.607143,0,0,0,1,0,0,0,0,0
1,table_pick,14,qpEnvelope,1,1,0.000634873,53,7,9.41357,499,499,0,0.00634748,0.00249477,0,0,0.177615,0.849057,1,1,7,0,0,0,0.150943,0.754717,0.0943396,53,14198,30
1,table_pick,21,isSafe,1,1,0.00790531,3118,17,7.49849,5,376,0,0.00191503,0.00249477,0,0,0,0,62,14,0.274194,0,0,0,0,0,0,0,0,0
1,table_pick,21,qpFixed,1,1,0.00974206,1301,10,9.01758,795,795,0,0.00113826,0.00249477,0,0,0.0100968,0,3,3,3.33333,0,0,0,1,0,0,1301,327409,908
1,table_pick,21,qpPlain,1,1,0.0108427,1301,10,9.01758,795,795,0,0.00113826,0.00249477,0,0,0.0100968,0,3,3,3.33333,0,0,0,1,0,0,1301,446243,1301
1,table_pick,21,qpAdaptive,1,1,0.00612144,681,11,9.01971,586,586,0,0.00113826,0.00249477,0,0,0.0192849,0.249633,3,3,3.66667,0,0,0,0.748899,0.239354,0.0117474,681,176562,626
1,table_pick,21,qpFreeGate,1,1,0.0485383,8394,25,9.92809,894,894,0,0.00171895,0.00249477,0,0,0.00480422,0,66,21,0.378788,0,0,0,1,0,0,0,0,0
1,table_pick,21,qpEnvelope,1,1,0.00430745,480,10,9.04105,539,539,0,0.00113826,0.00249477,0,0,0.0273879,0.172917,3,3,3.33333,0,0,0,0.827083,0.158333,0.0145833,480,123704,459
1,table_pick,28,isSafe,1,1,0.00268812,1068,8,4.03811,4,203,0,0.00329448,0.00249477,0,0,0,0,18,4,0.444444,0,0,0,0,0,0,0,0,0
1,table_pick,28,qpFixed,1,1,0.00258406,372,5,5.68586,373,373,0,0.00766859,0.00249477,0,0,0.0152846,0,1,1,5,0,0,0,1,0,0,372,90440,49
1,table_pick,28,qpPlain,1,1,0.00290135,372,5,5.68586,373,373,0,0.00766859,0.00249477,0,0,0.0152846,0,1,1,5,0,0,0,1,0,0,372,127596,372
1,table_pick,28,qpAdaptive,1,1,0.000673018,75,5,5.68588,311,311,0,0.00766859,0.00249477,0,0,0.0758117,0.706667,1,1,5,0,0,0,0.28,0.68,0.04,75,19988,45
1,table_pick,28,qpFreeGate,1,1,0.0172575,2811,13,3.98098,353,353,0,0.00440106,0.00249477,0,0,0.00633023,0,22,9,0.590909,0,0,0,1,0,0,0,0,0
1,table_pick,28,qpEnvelope,1,1,0.000519249,42,5,5.68821,307,307,0,0.00766859,0.00249477,0,0,0.135433,0.785714,1,1,5,0,0,0,0.214286,0.714286,0.0714286,42,11371,30
1,table_pick,35,isSafe,1,1,0.00280488,1237,9,10.0628,7,505,0,0.0078909,0.00249477,0,0,0,0,12,4,0.75,0,0,0,0,0,0,0,0,0
1,table_pick,35,qpFixed,1,1,0.00509311,651,7,8.97078,652,652,0,0.000491249,0.00249477,0,0,0.01378,0,1,1,7,0,0,0,1,0,0,651,175819,396
1,table_pick,35,qpPlain,1,1,0.00540784,651,7,8.97078,652,652,0,0.000491249,0.00249477,0,0,0.01378,0,1,1,7,0,0,0,1,0,0,651,223293,651
1,table_pick,35,qpAdaptive,1,1,0.00346111,400,7,8.97203,623,623,0,0.000491249,0.00249477,0,0,0.0224301,0.3025,1,1,7,0,0,0,0.6975,0.295,0.0075,400,116300,351
1,table_pick,35,qpFreeGate,1,1,0.0136305,2329,9,10.5349,816,816,0,0.00779954,0.00249477,0,0,0.00495942,0,16,4,0.5625,0,0,0,1,0,0,0,0,0
1,table_pick,35,qpEnvelope,1,1,0.00290898,295,7,8.97536,585,585,0,0.000494267,0.00249477,0,0,0.0304249,0.189831,1,1,7,0,0,0,0.810169,0.179661,0.0101695,295,86989,276
1,table_pick,42,isSafe,1,1,0.00756913,3303,18,9.19997,6,461,0,4.99184e-05,0.00249477,0,0,0,0,46,14,0.391304,0,0,0,0,0,0,0,0,0
1,table_pick,42,qpFixed,1,1,0.00430699,629,6,7.04474,630,630,0,0.00713856,0.00249477,0,0,0.0111999,0,1,1,6,0,0,0,1,0,0,629,152693,97
1,table_pick,42,qpPlain,1,1,0.0049707,629,6,7.04474,630,630,0,0.00713856,0.00249477,0,0,0.0111999,0,1,1,6,0,0,0,1,0,0,629,215747,629
1,table_pick,42,qpAdaptive,1,1,0.000902649,99,6,7.07434,401,401,0,0.00717215,0.00249477,0,0,0.071458,0.777778,1,1,6,0,0,0,0.222222,0.737374,0.040404,99,26485,44
1,table_pick,42,qpFreeGate,1,1,0.0338768,5875,26,10.7264,857,857,0,0.00725923,0.00249477,0,0,0.00552454,0,48,19,0.541667,0,0,0,1,0,0,0,0,0
1,table_pick,42,qpEnvelope,1,1,0.00056062,52,6,7.10718,383,383,0,0.0072203,0.00249477,0,0,0.136677,0.730769,1,1,6,0,0,0,0.269231,0.653846,0.0769231,52,13954,29
1,table_pick,49,isSafe,1,1,0.00160647,830,7,8.21062,6,412,0,0.00600559,0.00249477,0,0,0,0,4,1,1.75,0,0,0,0,0,0,0,0,0
1,table_pick,49,qpFixed,1,1,0.00452627,642,12,8.16177,643,643,0,0.00597101,0.00249477,0,0,0.012713,0,1,1,12,0,0,0,1,0,0,642,145764,223
1,table_pick,49,qpPlain,1,1,0.00565109,642,12,8.16177,643,643,0,0.00597101,0.00249477,0,0,0.012713,0,1,1,12,0,0,0,1,0,0,642,220206,642
1,table_pick,49,qpAdaptive,1,1,0.0010142,114,12,8.15749,472,472,0,0.00598574,0.00249477,0,0,0.0715569,0.780702,1,1,12,0,0,0,0.192982,0.719298,0.0877193,114,30024,77
1,table_pick,49,qpFreeGate,1,1,0.00589498,937,7,8.57,699,699,0,0.00575503,0.00249477,0,0,0.00937447,0,4,2,1.75,0,0,0,1,0,0,0,0,0
1,table_pick,49,qpEnvelope,1,1,0.000869194,73,13,10.8676,576,576,0,0.00602804,0.00249477,0,0,0.180676,0.726027,2,2,6.5,0,0,0,0.260274,0.575342,0.164384,73,19935,46
1,table_pick,56,isSafe,1,1,0.00709984,2907,17,10.117,7,507,0,0.00239575,0.00249477,0,0,0,0,53,11,0.320755,0,0,0,0,0,0,0,0,0
1,table_pick,56,qpFixed,1,1,0.00475389,728,7,8.42496,729,729,0,3.20521e-05,0.00249477,0,0,0.0115727,0,1,1,7,0,0,0,1,0,0,728,173867,329
1,table_pick,56,qpPlain,1,1,0.00562813,728,7,8.42496,729,729,0,3.20521e-05,0.00249477,0,0,0.0115727,0,1,1,7,0,0,0,1,0,0,728,249704,728
1,table_pick,56,qpAdaptive,1,1,0.00288124,345,7,8.42501,596,596,0,3.20521e-05,0.00249477,0,0,0.0244203,0.226087,1,1,7,0,0,0,0.771014,0.217391,0.0115942,345,85951,306
1,table_pick,56,qpFreeGate,1,1,0.0423485,7439,23,10.1205,870,870,0,0.0023558,0.00249477,0,0,0.00466948,0,53,17,0.433962,0,0,0,1,0,0,0,0,0
1,table_pick,56,qpEnvelope,1,1,0.00229057,284,7,8.42275,568,568,0,6.95416e-05,0.00249477,0,0,0.0296576,0.18662,1,1,7,0,0,0,0.81338,0.172535,0.0140845,284,70703,268
1,table_pick,63,isSafe,1,1,0.00441225,1747,10,7.66611,5,385,0,0.00631008,0.00249477,0,0,0,0,24,7,0.416667,0,0,0,0,0,0,0,0,0
1,table_pick,63,qpFixed,1,1,0.006621,877,7,8.80353,632,632,0,0.00403975,0.00249477,0,0,0.0112457,0,3,2,2.33333,0,0,0,1,0,0,877,229319,461
1,table_pick,63,qpPlain,1,1,0.00790213,877,7,8.80353,632,632,0,0.00403975,0.00249477,0,0,0.0112457,0,3,2,2.33333,0,0,0,1,0,0,877,300811,877
1,table_pick,63,qpAdaptive,1,1,0.00315784,376,7,8.81281,542,542,0,0.00403975,0.00249477,0,0,0.026273,0.401596,3,2,2.33333,0,0,0,0.598404,0.390957,0.0106383,376,96974,334
1,table_pick,63,qpFreeGate,1,1,0.0198259,3266,20,7.07963,558,558,0,0.00630843,0.00249477,0,0,0.0058357,0,24,10,0.833333,0,0,0,1,0,0,0,0,0
1,table_pick,63,qpEnvelope,1,1,0.00204474,206,7,8.80578,494,494,0,0.00396133,0.00249477,0,0,0.0480714,0.378641,3,2,2.33333,0,0,0,0.621359,0.349515,0.0291262,206,53481,188
1,table_pick,70,isSafe,1,1,0.00824871,3524,18,13.2888,8,666,0,0.00402098,0.00249477,0,0,0,0,60,14,0.3,0,0,0,0,0,0,0,0,0
1,table_pick,70,qpFixed,1,1,0.0045107,697,7,8.53055,698,698,0,0.00324312,0.00249477,0,0,0.012239,0,1,1,7,0,0,0,1,0,0,697,170646,93
1,table_pick,70,qpPlain,1,1,0.00528812,697,7,8.53055,698,698,0,0.00324312,0.00249477,0,0,0.012239,0,1,1,7,0,0,0,1,0,0,697,239071,697
1,table_pick,70,qpAdaptive,1,1,0.00116831,125,7,8.53057,488,488,0,0.00324312,0.00249477,0,0,0.0682445,0.488,1,1,7,0,0,0,0.504,0.456,0.04,125,36722,74
1,table_pick,70,qpFreeGate,1,1,0.0424958,7410,21,9.01546,851,851,0,0.00100523,0.00249477,0,0,0.00438477,0,51,15,0.411765,0,0,0,1,0,0,0,0,0
1,table_pick,70,qpEnvelope,1,1,0.000785042,73,7,8.53026,463,463,0,0.00317473,0.00249477,0,0,0.116853,0.479452,1,1,7,0,0,0,0.506849,0.424658,0.0684932,73,21219,51
1,table_pick,77,isSafe,1,1,0.0035663,1546,10,10.3251,7,518,0,0.00713065,0.00249477,0,0,0,0,28,6,0.357143,0,0,0,0,0,0,0,0,0
1,table_pick,77,qpFixed,1,1,0.00337729,469,7,5.94963,470,470,0,0.00518296,0.00249477,0,0,0.0126858,0,1,1,7,0,0,0,1,0,0,469,125051,208
1,table_pick,77,qpPlain,1,1,0.0033979,469,7,5.94963,470,470,0,0.00518296,0.00249477,0,0,0.0126858,0,1,1,7,0,0,0,1,0,0,469,160867,469
1,table_pick,77,qpAdaptive,1,1,0.0016909,207,7,5.9559,396,396,0,0.00517194,0.00249477,0,0,0.0287724,0.666667,1,1,7,0,0,0,0.31401,0.661836,0.0241546,207,58481,118
1,table_pick,77,qpFreeGate,1,1,0.0198961,3576,11,11.2526,945,945,0,0.00715223,0.00249477,0,0,0.00423541,0,28,6,0.392857,0,0,0,1,0,0,0,0,0
1,table_pick,77,qpEnvelope,1,1,0.00714973,739,36,16.562,892,892,0,0.005034,0.00249477,0,0,0.05741,0.313938,11,11,3.27273,0,0,0,0.67253,0.276049,0.0514208,739,212452,613
1,table_pick,84,isSafe,1,1,0.00849671,3621,19,17.4689,10,875,0,0.00266756,0.00249477,0,0,0,0,66,15,0.287879,0,0,0,0,0,0,0,0,0
1,table_pick,84,qpFixed,1,1,0.00503992,741,7,9.25836,742,742,0,0.00100052,0.00249477,0,0,0.0124944,0,1,1,7,0,0,0,1,0,0,741,181111,260
1,table_pick,84,qpPlain,1,1,0.00628129,741,7,9.25836,742,742,0,0.00100052,0.00249477,0,0,0.0124944,0,1,1,7,0,0,0,1,0,0,741,254163,741
1,table_pick,84,qpAdaptive,1,1,0.00186924,225,7,9.25891,584,584,0,0.00100052,0.00249477,0,0,0.0411507,0.44,1,1,7,0,0,0,0.56,0.417778,0.0222222,225,62772,173
1,table_pick,84,qpFreeGate,1,1,0.0670133,11571,34,12.2462,873,873,0,0.00638963,0.00249477,0,0,0.0048886,0,89,30,0.382022,0,0,0,1,0,0,0,0,0
1,table_pick,84,qpEnvelope,1,1,0.00138507,144,7,9.26611,537,537,0,0.000983699,0.00249477,0,0,0.064348,0.375,1,1,7,0,0,0,0.625,0.340278,0.0347222,144,40909,121
1,table_pick,91,isSafe,1,1,0.0111876,4781,24,7.00172,5,352,0,0.00228832,0.00249477,0,0,0,0,120,20,0.2,0,0,0,0,0,0,0,0,0
1,table_pick,91,qpFixed,1,1,0.00462285,554,7,5.92112,555,555,0,0.000277438,0.00249477,0,0,0.0106879,0,1,1,7,0,0,0,1,0,0,554,159779,322
1,table_pick,91,qpPlain,1,1,0.00471232,554,7,5.92112,555,555,0,0.000277438,0.00249477,0,0,0.0106879,0,1,1,7,0,0,0,1,0,0,554,190022,554
1,table_pick,91,qpAdaptive,1,1,0.00295898,298,7,5.92311,463,463,0,0.000277438,0.00249477,0,0,0.0198762,0.285235,1,1,7,0,0,0,0.714765,0.271812,0.0134228,298,90258,271
1,table_pick,91,qpFreeGate,1,1,0.0142584,2464,20,9.54129,1208,1208,0,0.00570703,0.00249477,0,0,0.00456226,0,14,5,1.42857,0,0,0,1,0,0,0,0,0
1,table_pick,91,qpEnvelope,1,1,0.00242259,244,7,5.93072,445,445,0,0.000277438,0.00249477,0,0,0.0243062,0.139344,1,1,7,0,0,0,0.860656,0.122951,0.0163934,244,74032,231
1,table_pick,98,isSafe,1,1,0.00321552,1256,9,10.0607,7,505,0,3.23904e-06,0.00249477,0,0,0,0,7,4,1.28571,0,0,0,0,0,0,0,0,0
1,table_pick,98,qpFixed,1,1,0.00386561,498,7,5.74345,499,499,0,0.00128872,0.00249477,0,0,0.011533,0,1,1,7,0,0,0,1,0,0,498,126743,356
1,table_pick,98,qpPlain,1,1,0.00455576,498,7,5.74345,499,499,0,0.00128872,0.00249477,0,0,0.011533,0,1,1,7,0,0,0,1,0,0,498,170814,498
1,table_pick,98,qpAdaptive,1,1,0.00257186,301,7,5.74934,440,440,0,0.00147587,0.00249477,0,0,0.0191008,0.38206,1,1,7,0,0,0,0.614618,0.372093,0.013289,301,78514,273
1,table_pick,98,qpFreeGate,1,1,0.0245722,4223,15,9.33557,755,755,0,0.00353314,0.00249477,0,0,0.00530261,0,31,10,0.483871,0,0,0,1,0,0,0,0,0
1,table_pick,98,qpEnvelope,1,1,0.00157483,168,7,5.79885,388,388,0,0.00163183,0.00249477,0,0,0.034517,0.309524,1,1,7,0,0,0,0.690476,0.279762,0.0297619,168,44571,156
1,cage,5,isSafe,1,1,0.203432,86810,496,22.7363,13,1138,0,0.00522071,0.00249477,0,0,0,0,4438,493,0.111762,0,0,0,0,0,0,0,0,0
1,cage,5,qpFixed,1,1,0.373313,47308,204,35.9777,2925,2925,95,-0.000268345,0.00249477,0,0,0.00808818,0,198,126,1.0303,0,0,0,1,0,0,47308,12615137,43223
1,cage,5,qpPlain,1,1,0.409347,47308,204,35.9777,2925,2925,95,-0.000268345,0.00249477,0,0,0.00808818,0,198,126,1.0303,0,0,0,1,0,0,47308,16226644,47308
1,cage,5,qpAdaptive,1,1,0.339831,37420,203,36.0138,2659,2659,95,-0.000267674,0.00249477,0,0,0.010255,0.173116,198,126,1.02525,0,0,0,0.826082,0.171566,0.00235168,37420,10007366,36634
1,cage,5,qpFreeGate,1,1,2.72511,478055,760,17.2072,1638,1638,0,0.01005,0.00249477,0,0,0.00280497,0,4097,730,0.185502,0,0,0,1,0,0,0,0,0
1,cage,5,qpEnvelope,1,1,0.271953,30913,202,36.0644,2371,2371,95,-0.000275335,0.00249477,0,0,0.0124298,0.119206,198,126,1.0202,0,0,0,0.88018,0.115809,0.00401126,30913,8214310,30640
1,cage,12,isSafe,1,1,0.383493,157311,966,17.7172,11,887,0,0.0054211,0.00249477,0,0,0,0,9256,963,0.104365,0,0,0,0,0,0,0,0,0
1,cage,12,qpFixed,1,1,0.153062,18874,103,15.2914,1459,1459,0,0.00184943,0.00249477,0,0,0.00852793,0,73,53,1.41096,0,0,0,1,0,0,18874,4969895,17256
1,cage,12,qpPlain,1,1,0.167776,18874,103,15.2914,1459,1459,0,0.00184943,0.00249477,0,0,0.00852793,0,73,53,1.41096,0,0,0,1,0,0,18874,6473782,18874
1,cage,12,qpAdaptive,1,1,0.121872,13769,102,15.3214,1132,1132,0,0.00183493,0.00249477,0,0,0.0117143,0.255211,73,53,1.39726,0,0,0,0.742755,0.253032,0.00421236,13769,3642305,13356
1,cage,12,qpFreeGate,1,1,1.64193,285481,478,14.9041,1827,1827,0,0.00653032,0.00249477,0,0,0.00293856,0,2311,457,0.206837,0,0,0,1,0,0,0,0,0
1,cage,12,qpEnvelope,1,1,0.0913256,9644,100,15.3542,1002,1002,0,0.00174992,0.00249477,0,0,0.0167729,0.221589,73,53,1.36986,0,0,0,0.777063,0.214849,0.00808793,9644,2542236,9493
1,cage,19,isSafe,1,1,0.846689,351944,2508,29.4044,18,1472,0,0.0126504,0.00249477,0,0,0,0,25410,2504,0.0987013,0,0,0,0,0,0,0,0,0
1,cage,19,qpFixed,1,1,0.292923,35077,146,19.4186,1496,1496,0,0.00292697,0.00249477,0,0,0.00810311,0,145,91,1.0069,0,0,0,1,0,0,35077,9484575,31864
1,cage,19,qpPlain,1,1,0.305018,35077,146,19.4186,1496,1496,0,0.00292697,0.00249477,0,0,0.00810311,0,145,91,1.0069,0,0,0,1,0,0,35077,12031411,35077
1,cage,19,qpAdaptive,1,1,0.228383,26341,146,19.4411,1276,1276,0,0.00293234,0.00249477,0,0,0.0107977,0.207585,145,91,1.0069,0,0,0,0.791162,0.205573,0.00326487,26341,7136608,25683
1,cage,19,qpFreeGate,1,1,0.869411,153201,252,27.0544,3023,3023,0,0.00502816,0.00249477,0,0,0.00297397,0,1167,231,0.215938,0,0,0,1,0,0,0,0,0
1,cage,19,qpEnvelope,1,1,0.199266,20355,146,22.3302,1441,1441,30,-3.4561e-05,0.00249477,0,0,0.0140253,0.148956,145,91,1.0069,0,0,0,0.850209,0.144289,0.00550233,20355,5561722,20072
1,cage,26,isSafe,1,1,0.736392,309595,2153,33.1831,20,1661,0,0.00318787,0.00249477,0,0,0,0,19953,2148,0.107904,0,0,0,0,0,0,0,0,0
1,cage,26,qpFixed,1,1,0.177724,22481,115,19.0982,1498,1498,0,0.00292811,0.00249477,0,0,0.0089831,0,89,67,1.29213,0,0,0,1,0,0,22481,5896754,20447
1,cage,26,qpPlain,1,1,0.196965,22481,115,19.0982,1498,1498,0,0.00292811,0.00249477,0,0,0.0089831,0,89,67,1.29213,0,0,0,1,0,0,22481,7710983,22481
1,cage,26,qpAdaptive,1,1,0.139794,16156,114,18.7497,1272,1272,0,0.00274471,0.00249477,0,0,0.0124744,0.299393,89,67,1.2809,0,0,0,0.698688,0.296794,0.00451845,16156,4243354,15788
1,cage,26,qpFreeGate,1,1,2.51964,438248,767,14.2548,1751,1751,0,0.0023392,0.00249477,0,0,0.00294124,0,3661,741,0.209506,0,0,0,1,0,0,0,0,0
1,cage,26,qpEnvelope,1,1,0.106327,11536,116,18.8216,1101,1101,0,0.00236166,0.00249477,0,0,0.0174693,0.260749,89,67,1.30337,0,0,0,0.737777,0.253641,0.00858183,11536,2994981,11396
1,cage,33,isSafe,1,1,0.00814546,3511,19,15.8652,9,795,0,0.0187532,0.00249477,0,0,0,0,55,15,0.345455,0,0,0,0,0,0,0,0,0
1,cage,33,qpFixed,1,1,0.0807769,9793,63,15.1143,1189,1189,0,0.000697184,0.00249477,0,0,0.00949526,0,36,29,1.75,0,0,0,1,0,0,9793,2723306,8940
1,cage,33,qpPlain,1,1,0.0842906,9793,63,15.1143,1189,1189,0,0.000697184,0.00249477,0,0,0.00949526,0,36,29,1.75,0,0,0,1,0,0,9793,3358999,9793
1,cage,33,qpAdaptive,1,1,0.0702649,7515,63,15.1288,1025,1025,0,0.000704905,0.00249477,0,0,0.0123883,0.246973,36,29,1.75,0,0,0,0.75143,0.244444,0.00412508,7515,2120034,7384
1,cage,33,qpFreeGate,1,1,0.5658,98830,187,20.1426,2180,2180,0,0.0023148,0.00249477,0,0,0.00334619,0,731,172,0.255814,0,0,0,1,0,0,0,0,0
1,cage,33,qpEnvelope,1,1,0.0394258,4022,51,17.6547,1095,1095,0,0.000626023,0.00249477,0,0,0.0203026,0.26181,29,25,1.75862,0,0,0,0.736947,0.253357,0.00969667,4022,1167229,3887
1,cage,40,isSafe,1,1,0.0265313,11560,58,15.2417,9,764,0,0.00353135,0.00249477,0,0,0,0,342,54,0.169591,0,0,0,0,0,0,0,0,0
1,cage,40,qpFixed,1,1,0.0237727,2985,24,13.927,1222,1222,0,0.00319812,0.00249477,0,0,0.00970809,0,8,8,3,0,0,0,1,0,0,2985,875544,2287
1,cage,40,qpPlain,1,1,0.0242482,2985,24,13.927,1222,1222,0,0.00319812,0.00249477,0,0,0.00970809,0,8,8,3,0,0,0,1,0,0,2985,1023855,2985
1,cage,40,qpAdaptive,1,1,0.01612,1851,24,13.9169,929,929,0,0.00319812,0.00249477,0,0,0.0156459,0.23825,8,8,3,0,0,0,0.757428,0.234468,0.00810373,1851,561028,1694
1,cage,40,qpFreeGate,1,1,1.28133,225987,402,22.4521,2204,2204,0,0.00329596,0.00249477,0,0,0.00305181,0,1992,395,0.201807,0,0,0,1,0,0,0,0,0
1,cage,40,qpEnvelope,1,1,0.00901954,949,25,17.6602,1143,1143,0,0.000797362,0.00249477,0,0,0.0361705,0.341412,8,8,3.125,0,0,0,0.654373,0.320337,0.0252898,949,278954,856
1,cage,47,isSafe,1,1,0.882904,366553,2586,24.9455,16,1249,0,0.000274781,0.00249477,0,0,0,0,24762,2582,0.104434,0,0,0,0,0,0,0,0,0
1,cage,47,qpFixed,1,1,0.0867883,10891,64,32.8125,2738,2738,77,-4.21038e-05,0.00249477,0,0,0.00943736,0,39,33,1.64103,0,0,0,1,0,0,10891,2964742,9793
1,cage,47,qpPlain,1,1,0.0935399,10891,64,32.8125,2738,2738,77,-4.21038e-05,0.00249477,0,0,0.00943736,0,39,33,1.64103,0,0,0,1,0,0,10891,3735613,10891
1,cage,47,qpAdaptive,1,1,0.0739001,8691,64,32.8323,2530,2530,87,-4.21566e-05,0.00249477,0,0,0.0118328,0.203774,39,33,1.64103,0,0,0,0.794845,0.202048,0.00310666,8691,2355862,8397
1,cage,47,qpFreeGate,1,1,0.746367,130265,252,28.7159,3202,3202,0,0.00273557,0.00249477,0,0,0.00341634,0,991,234,0.254289,0,0,0,1,0,0,0,0,0
1,cage,47,qpEnvelope,1,1,0.107858,12173,106,17.555,1195,1195,0,0.00043377,0.00249477,0,0,0.0148663,0.158383,80,60,1.325,0,0,0,0.840467,0.153372,0.00616118,12173,3246559,12016
1,cage,54,isSafe,1,1,0.154437,66064,364,16.1292,10,808,0,0.0148742,0.00249477,0,0,0,0,3147,360,0.115666,0,0,0,0,0,0,0,0,0
1,cage,54,qpFixed,1,1,0.142495,18013,90,19.0682,1597,1597,0,0.00145649,0.00249477,0,0,0.0083562,0,69,48,1.30435,0,0,0,1,0,0,18013,4824961,15775
1,cage,54,qpPlain,1,1,0.154899,18013,90,19.0682,1597,1597,0,0.00145649,0.00249477,0,0,0.0083562,0,69,48,1.30435,0,0,0,1,0,0,18013,6178459,18013
1,cage,54,qpAdaptive,1,1,0.110888,12776,90,19.0707,1319,1319,0,0.00152763,0.00249477,0,0,0.0117969,0.285457,69,48,1.30435,0,0,0,0.713134,0.282874,0.00399186,12776,3444755,12303
1,cage,54,qpFreeGate,1,1,2.77118,487312,806,21.4125,2612,2612,0,0.00294974,0.00249477,0,0,0.00280816,0,4335,773,0.185928,0,0,0,1,0,0,0,0,0
1,cage,54,qpEnvelope,1,1,0.0875534,9276,90,21.2615,1433,1433,0,3.86448e-05,0.00249477,0,0,0.0162272,0.198685,69,48,1.30435,0,0,0,0.800022,0.19254,0.00743855,9276,2503844,9091
1,cage,61,isSafe,1,1,0.111437,49785,256,18.9309,11,948,0,0.00547992,0.00249477,0,0,0,0,2116,253,0.120983,0,0,0,0,0,0,0,0,0
1,cage,61,qpFixed,1,1,0.0141803,1873,12,11.6067,1021,1021,4,-0.000364693,0.00249477,0,0,0.009853,0,6,5,2,0,0,0,1,0,0,1873,490459,1452
1,cage,61,qpPlain,1,1,0.0153167,1873,12,11.6067,1021,1021,4,-0.000364693,0.00249477,0,0,0.009853,0,6,5,2,0,0,0,1,0,0,1873,642439,1873
1,cage,61,qpAdaptive,1,1,0.00808425,972,12,11.5869,807,807,7,-0.000474127,0.00249477,0,0,0.0189612,0.424897,6,5,2,0,0,0,0.573045,0.418724,0.00823045,972,267041,881
1,cage,61,qpFreeGate,1,1,1.11207,194447,353,28.17,2731,2731,0,0.00230724,0.00249477,0,0,0.00316533,0,1786,346,0.197648,0,0,0,1,0,0,0,0,0
1,cage,61,qpEnvelope,1,1,0.0054552,589,12,11.5767,723,723,0,9.82986e-05,0.00249477,0,0,0.0314048,0.322581,6,5,2,0,0,0,0.675722,0.305603,0.0186757,589,165039,562
1,cage,68,isSafe,1,1,0.166942,72834,406,33.5696,19,1680,0,0.00216002,0.00249477,0,0,0,0,3463,402,0.117239,0,0,0,0,0,0,0,0,0
1,cage,68,qpFixed,1,1,0.267852,32954,151,23.1807,1918,1918,0,0.000725912,0.00249477,0,0,0.00830968,0,129,91,1.17054,0,0,0,1,0,0,32954,8896875,29277
1,cage,68,qpPlain,1,1,0.290086,32954,151,23.1807,1918,1918,0,0.000725912,0.00249477,0,0,0.00830968,0,129,91,1.17054,0,0,0,1,0,0,32954,11303222,32954
1,cage,68,qpAdaptive,1,1,0.226185,25274,151,23.1959,1615,1615,0,0.000723743,0.00249477,0,0,0.0108446,0.197792,129,91,1.17054,0,0,0,0.801219,0.195933,0.00284878,25274,6856132,24766
1,cage,68,qpFreeGate,1,1,1.16451,201465,364,21.838,1921,1921,0,0.00324316,0.00249477,0,0,0.00324079,0,1506,346,0.2417,0,0,0,1,0,0,0,0,0
1,cage,68,qpEnvelope,1,1,0.166731,16914,136,27.274,1901,1901,65,-7.50937e-06,0.00249477,0,0,0.0144333,0.197292,114,81,1.19298,0,0,0,0.80188,0.192562,0.00555753,16914,4520028,16673
1,cage,75,isSafe,1,1,0.702129,284357,1940,29.9095,19,1497,0,0.00366616,0.00249477,0,0,0,0,17968,1937,0.10797,0,0,0,0,0,0,0,0,0
1,cage,75,qpFixed,1,1,0.139534,17851,94,13.9919,1222,1222,0,0.000102163,0.00249477,0,0,0.00885649,0,71,52,1.32394,0,0,0,1,0,0,17851,4631231,16404
1,cage,75,qpPlain,1,1,0.154156,17851,94,13.9919,1222,1222,0,0.000102163,0.00249477,0,0,0.00885649,0,71,52,1.32394,0,0,0,1,0,0,17851,6122893,17851
1,cage,75,qpAdaptive,1,1,0.120091,13939,94,14.0049,1000,1000,0,7.65361e-05,0.00249477,0,0,0.0113531,0.206112,71,52,1.32394,0,0,0,0.792381,0.204606,0.00301313,13939,3628389,13632
1,cage,75,qpFreeGate,1,1,5.16414,894876,1451,27.5022,3081,3081,0,0.00178726,0.00249477,0,0,0.0026055,0,8067,1402,0.179869,0,0,0,1,0,0,0,0,0
1,cage,75,qpEnvelope,1,1,0.0939634,10570,94,14.0463,902,902,0,5.21761e-05,0.00249477,0,0,0.0149946,0.154305,71,52,1.32394,0,0,0,0.844655,0.149385,0.00596026,10570,2748006,10471
1,cage,82,isSafe,1,1,0.0463741,20636,105,19.8828,11,996,0,0.00713766,0.00249477,0,0,0,0,718,101,0.14624,0,0,0,0,0,0,0,0,0
1,cage,82,qpFixed,1,1,0.0119358,1499,12,10.9798,945,945,0,0.000753163,0.00249477,0,0,0.0115252,0,3,3,4,0,0,0,1,0,0,1499,434547,1018
1,cage,82,qpPlain,1,1,0.0121701,1499,12,10.9798,945,945,0,0.000753163,0.00249477,0,0,0.0115252,0,3,3,4,0,0,0,1,0,0,1499,514157,1499
1,cage,82,qpAdaptive,1,1,0.00699625,794,12,10.9798,795,795,0,0.000721118,0.00249477,0,0,0.0217572,0.353904,3,3,4,0,0,0,0.643577,0.345088,0.011335,794,240321,676
1,cage,82,qpFreeGate,1,1,2.15443,380870,608,23.7124,2379,2379,0,0.0032805,0.00249477,0,0,0.00265039,0,3334,590,0.182364,0,0,0,1,0,0,0,0,0
1,cage,82,qpEnvelope,1,1,0.00562853,601,12,10.9876,731,731,0,0.000521799,0.00249477,0,0,0.0287585,0.201331,3,3,4,0,0,0,0.798669,0.184692,0.0166389,601,183611,548
1,cage,89,isSafe,1,1,0.251573,109428,643,14.7703,9,740,0,0.0150658,0.00249477,0,0,0,0,5756,639,0.11171,0,0,0,0,0,0,0,0,0
1,cage,89,qpFixed,1,1,0.055736,7460,45,19.3711,1517,1517,0,6.36676e-05,0.00249477,0,0,0.0100141,0,25,22,1.8,0,0,0,1,0,0,7460,1880754,6257
1,cage,89,qpPlain,1,1,0.0620214,7460,45,19.3711,1517,1517,0,6.36676e-05,0.00249477,0,0,0.0100141,0,25,22,1.8,0,0,0,1,0,0,7460,2558780,7460
1,cage,89,qpAdaptive,1,1,0.038774,4752,45,19.1399,1264,1264,0,0.000465754,0.00249477,0,0,0.0156829,0.317971,25,22,1.8,0,0,0,0.679293,0.314815,0.00589226,4752,1213844,4426
1,cage,89,qpFreeGate,1,1,0.669143,116502,223,14.5408,1593,1593,0,0.00953211,0.00249477,0,0,0.00341304,0,861,205,0.259001,0,0,0,1,0,0,0,0,0
1,cage,89,qpEnvelope,1,1,0.0301772,3222,46,19.4223,1176,1176,0,5.66883e-05,0.00249477,0,0,0.023407,0.255431,25,22,1.84,0,0,0,0.742706,0.244879,0.0124146,3222,824186,3085
1,cage,96,isSafe,1,1,0.584055,247548,1661,26.9405,16,1349,0,0.00967481,0.00249477,0,0,0,0,16268,1657,0.102102,0,0,0,0,0,0,0,0,0
1,cage,96,qpFixed,1,1,0.261781,32662,130,27.3188,2094,2094,150,-0.00403556,0.00249477,0,0,0.00792411,0,136,81,0.955882,0,0,0,1,0,0,32662,8888205,29935
1,cage,96,qpPlain,1,1,0.282607,32662,130,27.3188,2094,2094,150,-0.00403556,0.00249477,0,0,0.00792411,0,136,81,0.955882,0,0,0,1,0,0,32662,11203066,32662
1,cage,96,qpAdaptive,1,1,0.226083,24319,131,27.3243,1844,1844,12,-0.00338583,0.00249477,0,0,0.0106516,0.203545,136,81,0.963235,0,0,0,0.795386,0.201612,0.00300177,24319,6594231,23841
1,cage,96,qpFreeGate,1,1,2.47873,432448,694,14.6255,1711,1711,0,0.0044447,0.00249477,0,0,0.00276064,0,3548,667,0.195603,0,0,0,1,0,0,0,0,0
1,cage,96,qpEnvelope,1,1,0.211445,22923,147,36.0051,2420,2420,0,8.77852e-06,0.00249477,0,0,0.0131712,0.171705,170,96,0.864706,0,0,0,0.827422,0.167648,0.00492955,22923,6277245,22699
1,bookshelf_tall,7,isSafe,1,0,10.0009,2,1,0,0,0,0,inf,inf,0,0,0,0,0,0,0,0,0,0,0,0,0,0,0,0
1,bookshelf_tall,7,qpFixed,1,0,10.0011,1183015,5225,0,0,0,0,inf,inf,0,0,0.00774414,0,19319,5223,0.270459,0,0,0,1,0,0,1183015,352534261,1019268
1,bookshelf_tall,7,qpPlain,1,0,10.0011,1187775,5247,0,0,0,0,inf,inf,0,0,0.00774235,0,19405,5245,0.270394,0,0,0,1,0,0,1187775,407406825,1187775
1,bookshelf_tall,7,qpAdaptive,1,0,10.0004,1114602,6112,0,0,0,0,inf,inf,0,0,0.00955647,0.111289,23075,6110,0.264875,0,0,0,0.88605,0.110481,0.00346961,1114602,334754241,1077401
1,bookshelf_tall,7,qpFreeGate,1,0,10.0003,1637415,5580,0,0,0,0,inf,inf,0,0,0.00385824,0,34909,5578,0.159844,0,0,0,1,0,0,0,0,0
1,bookshelf_tall,7,qpEnvelope,1,0,10.0007,1096156,6654,0,0,0,0,inf,inf,0,0,0.0105773,0.020259,25391,6652,0.262061,0,0,0,0.9792,0.0167375,0.00406295,1096156,328307655,1083715
1,bookshelf_tall,14,isSafe,1,0,10.0001,2763130,30420,0,0,0,0,inf,inf,0,0,0,0,287991,30418,0.105628,0,0,0,0,0,0,0,0,0
1,bookshelf_tall,14,qpFixed,1,0,10.0005,1188730,2316,0,0,0,0,inf,inf,0,0,0.00556068,0,5520,2203,0.419565,0,0,0,1,0,0,1188730,359824222,1135443
1,bookshelf_tall,14,qpPlain,1,0,10,1178794,2302,0,0,0,0,inf,inf,0,0,0.00556775,0,5470,2189,0.420841,0,0,0,1,0,0,1178794,404326342,1178794
1,bookshelf_tall,14,qpAdaptive,1,0,10.0009,1109500,2379,0,0,0,0,inf,inf,0,0,0.00613433,0.0607661,5696,2265,0.417662,0,0,0,0.938934,0.0600723,0.000994144,1109500,337019785,1096957
1,bookshelf_tall,14,qpFreeGate,1,0,10.0001,1725851,2876,0,0,0,0,inf,inf,0,0,0.00242548,0,16892,2874,0.170258,0,0,0,1,0,0,0,0,0
1,bookshelf_tall,14,qpEnvelope,1,0,10,1104561,2475,0,0,0,0,inf,inf,0,0,0.00642433,0.0109012,5957,2355,0.415478,0,0,0,0.989019,0.00990621,0.00107464,1104561,335085404,1100349
1,bookshelf_tall,22,isSafe,1,1,0.072913,31739,164,21.0608,12,1055,0,0.00680062,0.00249477,0,0,0,0,1296,161,0.126543,0,0,0,0,0,0,0,0,0
1,bookshelf_tall,22,qpFixed,1,1,0.0178451,2142,22,16.8478,1307,1307,0,0.000402706,0.00249477,0,0,0.0109593,0,4,4,5.5,0,0,0,1,0,0,2142,631075,2088
1,bookshelf_tall,22,qpPlain,1,1,0.0182425,2142,22,16.8478,1307,1307,0,0.000402706,0.00249477,0,0,0.0109593,0,4,4,5.5,0,0,0,1,0,0,2142,734706,2142
1,bookshelf_tall,22,qpAdaptive,1,1,0.0167644,1860,23,16.8647,1263,1263,0,0.000400162,0.00249477,0,0,0.0126314,0.112366,4,4,5.75,0,0,0,0.884409,0.10914,0.00645161,1860,554831,1824
1,bookshelf_tall,22,qpFreeGate,1,1,0.124767,21822,48,25.9368,2494,2494,0,0.00669466,0.00249477,0,0,0.00354302,0,166,41,0.289157,0,0,0,1,0,0,0,0,0
1,bookshelf_tall,22,qpEnvelope,1,1,0.0136362,1433,22,16.8708,1125,1125,0,0.000443416,0.00249477,0,0,0.0163926,0.0844382,4,4,5.5,0,0,0,0.913468,0.0774599,0.00907188,1433,434821,1422
1,bookshelf_tall,30,isSafe,1,0,10.0001,2,1,0,0,0,0,inf,inf,0,0,0,0,0,0,0,0,0,0,0,0,0,0,0,0
1,bookshelf_tall,30,qpFixed,1,0,10.0006,1195892,5179,0,0,0,0,inf,inf,0,0,0.00770864,0,19407,5177,0.266862,0,0,0,1,0,0,1195892,356473917,1043451
1,bookshelf_tall,30,qpPlain,1,0,10.0009,1169161,5068,0,0,0,0,inf,inf,0,0,0.00772181,0,18951,5066,0.267427,0,0,0,1,0,0,1169161,401022223,1169161
1,bookshelf_tall,30,qpAdaptive,1,0,10.0004,1095039,5849,0,0,0,0,inf,inf,0,0,0.00947463,0.10989,22291,5847,0.262393,0,0,0,0.88752,0.109176,0.00330414,1095039,328825792,1060334
1,bookshelf_tall,30,qpFreeGate,1,0,10,1612578,5303,0,0,0,0,inf,inf,0,0,0.00374563,0,34556,5301,0.153461,0,0,0,1,0,0,0,0,0
1,bookshelf_tall,30,qpEnvelope,1,0,10.001,1093026,6467,0,0,0,0,inf,inf,0,0,0.0104835,0.0232913,24943,6465,0.259271,0,0,0,0.976111,0.0199696,0.00391962,1093026,327993474,1080991
1,bookshelf_tall,37,isSafe,1,0,10.0044,2,1,0,0,0,0,inf,inf,0,0,0,0,0,0,0,0,0,0,0,0,0,0,0,0
1,bookshelf_tall,37,qpFixed,1,1,0.0176082,2117,23,16.5698,1230,1230,0,0.000484452,0.00249477,0,0,0.0117497,0,5,5,4.6,0,0,0,1,0,0,2117,577919,1634
1,bookshelf_tall,37,qpPlain,1,1,0.0186145,2117,23,16.5698,1230,1230,0,0.000484452,0.00249477,0,0,0.0117497,0,5,5,4.6,0,0,0,1,0,0,2117,726131,2117
1,bookshelf_tall,37,qpAdaptive,1,1,0.0118751,1287,21,16.566,1129,1129,0,0.000470189,0.00249477,0,0,0.0193071,0.273504,5,5,4.2,0,0,0,0.721057,0.267288,0.011655,1287,354656,1129
1,bookshelf_tall,37,qpFreeGate,1,0,10.0003,1638028,5439,0,0,0,0,inf,inf,0,0,0.00376452,0,35135,5437,0.154803,0,0,0,1,0,0,0,0,0
1,bookshelf_tall,37,qpEnvelope,1,1,0.00938991,965,19,16.4951,1025,1025,0,0.000449323,0.00249477,0,0,0.0257364,0.112953,5,5,3.8,0,0,0,0.88601,0.0994819,0.0145078,965,264546,928
1,bookshelf_tall,44,isSafe,1,0,10.0033,2,1,0,0,0,0,inf,inf,0,0,0,0,0,0,0,0,0,0,0,0,0,0,0,0
1,bookshelf_tall,44,qpFixed,1,0,10.0001,1192057,5027,0,0,0,0,inf,inf,0,0,0.00755795,0,19381,5025,0.259378,0,0,0,1,0,0,1192057,356206257,1058019
1,bookshelf_tall,44,qpPlain,1,0,10.0008,1173524,4958,0,0,0,0,inf,inf,0,0,0.00756804,0,19073,4956,0.259949,0,0,0,1,0,0,1173524,402518732,1173524
1,bookshelf_tall,44,qpAdaptive,1,0,10.0001,1087659,5610,0,0,0,0,inf,inf,0,0,0.00920675,0.108305,21845,5608,0.256809,0,0,0,0.889215,0.10769,0.00309489,1087659,327719265,1057074
1,bookshelf_tall,44,qpFreeGate,1,0,10.0005,1663419,5181,0,0,0,0,inf,inf,0,0,0.00356136,0,35683,5179,0.145195,0,0,0,1,0,0,0,0,0
1,bookshelf_tall,44,qpEnvelope,1,0,10.0008,1082405,6117,0,0,0,0,inf,inf,0,0,0.0100905,0.0261483,24079,6115,0.254039,0,0,0,0.973198,0.0231969,0.0036054,1082405,325794423,1071708
1,bookshelf_tall,51,isSafe,1,0,10.0009,2,1,0,0,0,0,inf,inf,0,0,0,0,0,0,0,0,0,0,0,0,0,0,0,0
1,bookshelf_tall,51,qpFixed,1,0,10.0003,1204907,5219,0,0,0,0,inf,inf,0,0,0.00773956,0,19597,5217,0.266316,0,0,0,1,0,0,1204907,359236314,1047474
1,bookshelf_tall,51,qpPlain,1,0,10.0003,1184901,5137,0,0,0,0,inf,inf,0,0,0.00775793,0,19257,5135,0.26676,0,0,0,1,0,0,1184901,406421043,1184901
1,bookshelf_tall,51,qpAdaptive,1,0,10.0007,1096758,5852,0,0,0,0,inf,inf,0,0,0.00954093,0.107564,22379,5850,0.261495,0,0,0,0.889967,0.106751,0.00328142,1096758,329565736,1062839
1,bookshelf_tall,51,qpFreeGate,1,0,10,1659169,5505,0,0,0,0,inf,inf,0,0,0.0037836,0,35033,5503,0.157138,0,0,0,1,0,0,0,0,0
1,bookshelf_tall,51,qpEnvelope,1,0,10.0004,1086067,6364,0,0,0,0,inf,inf,0,0,0.010432,0.0202234,24551,6362,0.259216,0,0,0,0.979244,0.0169361,0.00381947,1086067,325628415,1074606
1,bookshelf_tall,58,isSafe,1,0,10.0076,2,1,0,0,0,0,inf,inf,0,0,0,0,0,0,0,0,0,0,0,0,0,0,0,0
1,bookshelf_tall,58,qpFixed,1,0,10.0004,1190245,5082,0,0,0,0,inf,inf,0,0,0.00752287,0,19439,5080,0.261433,0,0,0,1,0,0,1190245,355999296,1062195
1,bookshelf_tall,58,qpPlain,1,0,10.001,1166894,4982,0,0,0,0,inf,inf,0,0,0.00752783,0,19035,4980,0.261728,0,0,0,1,0,0,1166894,400244642,1166894
1,bookshelf_tall,58,qpAdaptive,1,0,10.0015,1095897,5726,0,0,0,0,inf,inf,0,0,0.0091605,0.123393,22227,5724,0.257615,0,0,0,0.873745,0.12305,0.00320465,1095897,330402835,1065013
1,bookshelf_tall,58,qpFreeGate,1,0,10.0004,1630836,4837,0,0,0,0,inf,inf,0,0,0.00343964,0,34497,4835,0.140215,0,0,0,1,0,0,0,0,0
1,bookshelf_tall,58,qpEnvelope,1,0,10.0014,1083275,6294,0,0,0,0,inf,inf,0,0,0.0102088,0.0377845,24799,6292,0.253801,0,0,0,0.961208,0.0348466,0.00394521,1083275,326113824,1071556
1,bookshelf_tall,65,isSafe,1,1,0.00432971,1836,12,14.1171,9,707,0,0.00130819,0.00249477,0,0,0,0,16,7,0.75,0,0,0,0,0,0,0,0,0
1,bookshelf_tall,65,qpFixed,1,1,0.040212,4827,30,18.9895,1458,1458,0,0.0033021,0.00249477,0,0,0.00979577,0,15,13,2,0,0,0,1,0,0,4827,1342251,4363
1,bookshelf_tall,65,qpPlain,1,1,0.042543,4827,30,18.9895,1458,1458,0,0.0033021,0.00249477,0,0,0.00979577,0,15,13,2,0,0,0,1,0,0,4827,1655661,4827
1,bookshelf_tall,65,qpAdaptive,1,1,0.0324663,3668,30,18.9988,1308,1308,0,0.0033021,0.00249477,0,0,0.0128978,0.274809,15,13,2,0,0,0,0.723555,0.27181,0.00463468,3668,1005048,3466
1,bookshelf_tall,65,qpFreeGate,1,1,0.0499409,8403,22,17.1115,1584,1584,0,0.00196754,0.00249477,0,0,0.0042862,0,50,15,0.44,0,0,0,1,0,0,0,0,0
1,bookshelf_tall,65,qpEnvelope,1,1,0.0242815,2551,34,20.455,1300,1300,0,0.00124467,0.00249477,0,0,0.0203301,0.185025,16,14,2.125,0,0,0,0.814191,0.176401,0.00940808,2551,678839,2503
1,bookshelf_tall,73,isSafe,1,0,10.0035,2,1,0,0,0,0,inf,inf,0,0,0,0,0,0,0,0,0,0,0,0,0,0,0,0
1,bookshelf_tall,73,qpFixed,1,0,10.0012,1211155,2447,0,0,0,0,inf,inf,0,0,0.00560061,0,5598,2319,0.43712,0,0,0,1,0,0,1211155,365305222,1151934
1,bookshelf_tall,73,qpPlain,1,0,10.0006,1197326,2419,0,0,0,0,inf,inf,0,0,0.00560707,0,5536,2291,0.436958,0,0,0,1,0,0,1197326,410682818,1197326
1,bookshelf_tall,73,qpAdaptive,1,0,10.0015,1131274,2501,0,0,0,0,inf,inf,0,0,0.00614159,0.0533443,5764,2372,0.4339,0,0,0,0.946378,0.0526433,0.000978544,1131274,342497220,1118382
1,bookshelf_tall,73,qpFreeGate,1,0,10.0003,1653638,5217,0,0,0,0,inf,inf,0,0,0.00363831,0,34823,5215,0.149815,0,0,0,1,0,0,0,0,0
1,bookshelf_tall,73,qpEnvelope,1,0,10.0006,1119171,2575,0,0,0,0,inf,inf,0,0,0.00643948,0.00956512,5968,2455,0.431468,0,0,0,0.990369,0.00857423,0.00105704,1119171,338888416,1114782
1,bookshelf_tall,80,isSafe,1,0,10.0086,2,1,0,0,0,0,inf,inf,0,0,0,0,0,0,0,0,0,0,0,0,0,0,0,0
1,bookshelf_tall,80,qpFixed,1,0,10.0005,1195631,5167,0,0,0,0,inf,inf,0,0,0.00768283,0,19533,5165,0.264527,0,0,0,1,0,0,1195631,357751718,1049642
1,bookshelf_tall,80,qpPlain,1,0,10.0001,1176851,5091,0,0,0,0,inf,inf,0,0,0.00769585,0,19215,5089,0.264949,0,0,0,1,0,0,1176851,403659893,1176851
1,bookshelf_tall,80,qpAdaptive,1,0,10.0007,1103740,5790,0,0,0,0,inf,inf,0,0,0.00932421,0.103875,22339,5788,0.259188,0,0,0,0.89367,0.103149,0.00318096,1103740,332602200,1071820
1,bookshelf_tall,80,qpFreeGate,1,0,10.0007,1637166,5326,0,0,0,0,inf,inf,0,0,0.00367269,0,35333,5324,0.150737,0,0,0,1,0,0,0,0,0
1,bookshelf_tall,80,qpEnvelope,1,0,10,1076049,6205,0,0,0,0,inf,inf,0,0,0.0102394,0.026128,24176,6203,0.256659,0,0,0,0.973199,0.0230025,0.00379861,1076049,323924669,1064951
1,bookshelf_tall,87,isSafe,1,1,0.00306123,1337,9,10.626,7,533,0,0.0015523,0.00249477,0,0,0,0,15,5,0.6,0,0,0,0,0,0,0,0,0
1,bookshelf_tall,87,qpFixed,1,1,0.00293516,427,6,6.3969,428,428,0,0.00591087,0.00249477,0,0,0.014981,0,1,1,6,0,0,0,1,0,0,427,123462,79
1,bookshelf_tall,87,qpPlain,1,1,0.00303435,427,6,6.3969,428,428,0,0.00591087,0.00249477,0,0,0.014981,0,1,1,6,0,0,0,1,0,0,427,146461,427
1,bookshelf_tall,87,qpAdaptive,1,1,0.00133757,171,6,6.39702,390,390,0,0.00591087,0.00249477,0,0,0.0374095,0.602339,1,1,6,0,0,0,0.385965,0.590643,0.0233918,171,52551,73
1,bookshelf_tall,87,qpFreeGate,1,1,0.00741597,1218,12,8.40133,590,590,0,0.00531312,0.00249477,0,0,0.00874588,0,6,4,2,0,0,0,1,0,0,0,0,0
1,bookshelf_tall,87,qpEnvelope,1,1,0.000579844,54,6,6.399,341,341,0,0.00591087,0.00249477,0,0,0.1185,0.537037,1,1,6,0,0,0,0.462963,0.462963,0.0740741,54,16787,34
1,bookshelf_tall,95,isSafe,1,0,10.0001,2791311,30883,0,0,0,0,inf,inf,0,0,0,0,305359,30881,0.101137,0,0,0,0,0,0,0,0,0
1,bookshelf_tall,95,qpFixed,1,0,10.0014,1203089,2286,0,0,0,0,inf,inf,0,0,0.00549973,0,5595,2173,0.408579,0,0,0,1,0,0,1203089,363103923,1150380
1,bookshelf_tall,95,qpPlain,1,0,10.001,1184243,2258,0,0,0,0,inf,inf,0,0,0.00551618,0,5498,2145,0.410695,0,0,0,1,0,0,1184243,406195349,1184243
1,bookshelf_tall,95,qpAdaptive,1,0,10.0006,1083269,2261,0,0,0,0,inf,inf,0,0,0.00605567,0.0583124,5534,2145,0.408565,0,0,0,0.941419,0.0576276,0.000953599,1083269,328084043,1071832
1,bookshelf_tall,95,qpFreeGate,1,0,10.0002,1743592,2747,0,0,0,0,inf,inf,0,0,0.00232257,0,15773,2743,0.174158,0,0,0,1,0,0,0,0,0
1,bookshelf_tall,95,qpEnvelope,1,0,10.0009,1106599,2422,0,0,0,0,inf,inf,0,0,0.00634665,0.0119718,5995,2304,0.404003,0,0,0,0.98795,0.0109408,0.00110971,1106599,335205390,1102282
1,bookshelf_thin,3,isSafe,1,1,0.00354711,1374,9,11.2394,7,563,0,0.000541163,0.00249477,0,0,0,0,8,5,1.125,0,0,0,0,0,0,0,0,0
1,bookshelf_thin,3,qpFixed,1,1,0.00433785,588,7,8.48883,589,589,0,0.00544607,0.00249477,0,0,0.0144368,0,1,1,7,0,0,0,1,0,0,588,156085,118
1,bookshelf_thin,3,qpPlain,1,1,0.00472017,588,7,8.48883,589,589,0,0.00544607,0.00249477,0,0,0.0144368,0,1,1,7,0,0,0,1,0,0,588,201684,588
1,bookshelf_thin,3,qpAdaptive,1,1,0.00109574,129,7,8.50389,479,479,0,0.00544607,0.00249477,0,0,0.0659216,0.813953,1,1,7,0,0,0,0.178295,0.782946,0.0387597,129,34891,54
1,bookshelf_thin,3,qpFreeGate,1,1,0.0216686,3688,13,11.2037,927,927,0,0.00544607,0.00249477,0,0,0.00533296,0,17,9,0.764706,0,0,0,1,0,0,0,0,0
1,bookshelf_thin,3,qpEnvelope,1,1,0.000626969,55,7,8.51873,454,454,0,0.00544607,0.00249477,0,0,0.154886,0.745455,1,1,7,0,0,0,0.254545,0.654545,0.0909091,55,14903,27
1,bookshelf_thin,10,isSafe,1,0,10.0024,2,1,0,0,0,0,inf,inf,0,0,0,0,0,0,0,0,0,0,0,0,0,0,0,0
1,bookshelf_thin,10,qpFixed,1,0,10.0022,1211665,2432,0,0,0,0,inf,inf,0,0,0.005645,0,5498,2307,0.442343,0,0,0,1,0,0,1211665,364456245,1144490
1,bookshelf_thin,10,qpPlain,1,0,10.0006,1208420,2426,0,0,0,0,inf,inf,0,0,0.00564847,0,5483,2301,0.442459,0,0,0,1,0,0,1208420,414488060,1208420
1,bookshelf_thin,10,qpAdaptive,1,0,10.0008,1125620,2495,0,0,0,0,inf,inf,0,0,0.00625734,0.0579778,5700,2370,0.437719,0,0,0,0.941748,0.0572005,0.00105098,1125620,339951764,1111254
1,bookshelf_thin,10,qpFreeGate,1,0,10.0006,1626770,5470,0,0,0,0,inf,inf,0,0,0.00387256,0,34311,5468,0.159424,0,0,0,1,0,0,0,0,0
1,bookshelf_thin,10,qpEnvelope,1,0,10,1121855,2572,0,0,0,0,inf,inf,0,0,0.0065138,0.00606495,5968,2445,0.430965,0,0,0,0.993903,0.00500333,0.00109373,1121855,338507810,1116979
1,bookshelf_thin,17,isSafe,1,1,0.0611675,26267,133,9.78605,6,491,0,0.00509988,0.00249477,0,0,0,0,1032,130,0.128876,0,0,0,0,0,0,0,0,0
1,bookshelf_thin,17,qpFixed,1,1,0.00266084,396,5,5.32955,397,397,0,0.00393129,0.00249477,0,0,0.0134585,0,1,1,5,0,0,0,1,0,0,396,107372,148
1,bookshelf_thin,17,qpPlain,1,1,0.00285344,396,5,5.32955,397,397,0,0.00393129,0.00249477,0,0,0.0134585,0,1,1,5,0,0,0,1,0,0,396,135828,396
1,bookshelf_thin,17,qpAdaptive,1,1,0.0014613,200,5,5.32955,350,350,0,0.00393129,0.00249477,0,0,0.0266478,0.305,1,1,5,0,0,0,0.69,0.295,0.015,200,57674,147
1,bookshelf_thin,17,qpFreeGate,1,1,0.104176,18470,48,11.27,1094,1094,0,0.00509988,0.00249477,0,0,0.0041175,0,144,43,0.333333,0,0,0,1,0,0,0,0,0
1,bookshelf_thin,17,qpEnvelope,1,1,0.000735351,81,5,5.33213,303,303,0,0.00393129,0.00249477,0,0,0.0658288,0.358025,1,1,5,0,0,0,0.62963,0.333333,0.037037,81,23245,67
1,bookshelf_thin,24,isSafe,1,0,10.0098,2,1,0,0,0,0,inf,inf,0,0,0,0,0,0,0,0,0,0,0,0,0,0,0,0
1,bookshelf_thin,24,qpFixed,1,0,10,1216859,5313,0,0,0,0,inf,inf,0,0,0.00773813,0,19831,5311,0.267914,0,0,0,1,0,0,1216859,360417060,1047574
1,bookshelf_thin,24,qpPlain,1,0,10,1197863,5219,0,0,0,0,inf,inf,0,0,0.0077429,0,19481,5217,0.267902,0,0,0,1,0,0,1197863,410867009,1197863
1,bookshelf_thin,24,qpAdaptive,1,0,10.0007,1113544,6048,0,0,0,0,inf,inf,0,0,0.0096176,0.108008,22961,6046,0.263403,0,0,0,0.889487,0.107151,0.00336128,1113544,331917899,1078791
1,bookshelf_thin,24,qpFreeGate,1,0,10.0003,1640294,5492,0,0,0,0,inf,inf,0,0,0.00384203,0,34881,5490,0.15745,0,0,0,1,0,0,0,0,0
1,bookshelf_thin,24,qpEnvelope,1,0,10,1099526,6548,0,0,0,0,inf,inf,0,0,0.0105193,0.0174539,25103,6546,0.260845,0,0,0,0.982087,0.0140186,0.00389477,1099526,327188856,1088009
1,bookshelf_thin,31,isSafe,1,1,0.0142133,5979,32,16.5124,10,827,0,0.010011,0.00249477,0,0,0,0,134,28,0.238806,0,0,0,0,0,0,0,0,0
1,bookshelf_thin,31,qpFixed,1,1,0.0204808,2398,15,13.7239,1185,1185,0,0.000240509,0.00249477,0,0,0.00919547,0,7,5,2.14286,0,0,0,1,0,0,2398,720323,2031
1,bookshelf_thin,31,qpPlain,1,1,0.020682,2398,15,13.7239,1185,1185,0,0.000240509,0.00249477,0,0,0.00919547,0,7,5,2.14286,0,0,0,1,0,0,2398,822514,2398
1,bookshelf_thin,31,qpAdaptive,1,1,0.0143469,1539,14,13.7316,1026,1026,0,0.000238866,0.00249477,0,0,0.0138601,0.220273,7,4,2,0,0,0,0.777128,0.217674,0.00519818,1539,466534,1467
1,bookshelf_thin,31,qpFreeGate,1,1,0.0348658,5933,21,17.7922,1219,1219,0,0.00470143,0.00249477,0,0,0.00559244,0,39,15,0.538462,0,0,0,1,0,0,0,0,0
1,bookshelf_thin,31,qpEnvelope,1,1,0.0115457,1167,16,13.7696,925,925,0,0.000236017,0.00249477,0,0,0.0195261,0.181662,7,5,2.28571,0,0,0,0.818338,0.17138,0.0102828,1167,354086,1142
1,bookshelf_thin,38,isSafe,1,1,0.00197947,814,7,8.00559,6,402,0,0.00857579,0.00249477,0,0,0,0,2,2,3.5,0,0,0,0,0,0,0,0,0
1,bookshelf_thin,38,qpFixed,1,1,0.00334579,485,6,7.30306,486,486,0,0.0107345,0.00249477,0,0,0.0150579,0,1,1,6,0,0,0,1,0,0,485,112131,149
1,bookshelf_thin,38,qpPlain,1,1,0.00403743,485,6,7.30306,486,486,0,0.0107345,0.00249477,0,0,0.0150579,0,1,1,6,0,0,0,1,0,0,485,166355,485
1,bookshelf_thin,38,qpAdaptive,1,1,0.00106665,132,6,7.30705,428,428,0,0.0107359,0.00249477,0,0,0.0553564,0.825758,1,1,6,0,0,0,0.174242,0.795455,0.030303,132,32736,74
1,bookshelf_thin,38,qpFreeGate,1,1,0.00463043,713,7,7.855,592,592,0,0.00852875,0.00249477,0,0,0.0113001,0,2,2,3.5,0,0,0,1,0,0,0,0,0
1,bookshelf_thin,38,qpEnvelope,1,1,0.000566204,53,6,7.31453,390,390,0,0.0107376,0.00249477,0,0,0.13801,0.773585,1,1,6,0,0,0,0.226415,0.698113,0.0754717,53,13703,31
1,bookshelf_thin,45,isSafe,1,0,10.0001,2823435,31286,0,0,0,0,inf,inf,0,0,0,0,267551,31284,0.116935,0,0,0,0,0,0,0,0,0
1,bookshelf_thin,45,qpFixed,1,0,10.0001,1202730,2337,0,0,0,0,inf,inf,0,0,0.00559261,0,5509,2215,0.424215,0,0,0,1,0,0,1202730,362681579,1144448
1,bookshelf_thin,45,qpPlain,1,0,10.0021,1202730,2337,0,0,0,0,inf,inf,0,0,0.00559261,0,5509,2215,0.424215,0,0,0,1,0,0,1202730,412536390,1202730
1,bookshelf_thin,45,qpAdaptive,1,0,10.0023,1132325,2411,0,0,0,0,inf,inf,0,0,0.00611838,0.0499388,5696,2288,0.423279,0,0,0,0.949797,0.0492466,0.000956442,1132325,342398281,1119176
1,bookshelf_thin,45,qpFreeGate,1,0,10.0012,1743270,2959,0,0,0,0,inf,inf,0,0,0.00246831,0,15873,2955,0.186417,0,0,0,1,0,0,0,0,0
1,bookshelf_thin,45,qpEnvelope,1,0,10.001,1124329,2502,0,0,0,0,inf,inf,0,0,0.006405,0.00759742,5935,2374,0.421567,0,0,0,0.992345,0.00661284,0.0010424,1124329,339583159,1119957
1,bookshelf_thin,52,isSafe,1,1,0.0354243,14525,71,22.0083,13,1102,0,0.00488804,0.00249477,0,0,0,0,470,67,0.151064,0,0,0,0,0,0,0,0,0
1,bookshelf_thin,52,qpFixed,1,1,0.00558763,759,8,9.32812,760,760,0,0.000466172,0.00249477,0,0,0.01229,0,1,1,8,0,0,0,1,0,0,759,190962,542
1,bookshelf_thin,52,qpPlain,1,1,0.00633939,759,8,9.32812,760,760,0,0.000466172,0.00249477,0,0,0.01229,0,1,1,8,0,0,0,1,0,0,759,260337,759
1,bookshelf_thin,52,qpAdaptive,1,1,0.00450632,563,8,9.32884,723,723,0,0.000466172,0.00249477,0,0,0.0165699,0.104796,1,1,8,0,0,0,0.893428,0.101243,0.0053286,563,144390,531
1,bookshelf_thin,52,qpFreeGate,1,1,0.102897,17847,52,15.9871,1695,1695,0,0.00137888,0.00249477,0,0,0.00359507,0,142,37,0.366197,0,0,0,1,0,0,0,0,0
1,bookshelf_thin,52,qpEnvelope,1,1,0.00355555,401,8,9.33362,654,654,0,0.000466172,0.00249477,0,0,0.0232759,0.137157,1,1,8,0,0,0,0.860349,0.127182,0.0124688,401,104753,381
1,bookshelf_thin,59,isSafe,1,1,0.00914446,3811,20,11.1008,7,557,0,0.00787359,0.00249477,0,0,0,0,90,16,0.222222,0,0,0,0,0,0,0,0,0
1,bookshelf_thin,59,qpFixed,1,1,0.00502603,748,7,6.10451,509,509,0,0.00160765,0.00249477,0,0,0.0119013,0,2,2,3.5,0,0,0,1,0,0,748,173161,366
1,bookshelf_thin,59,qpPlain,1,1,0.00583945,748,7,6.10451,509,509,0,0.00160765,0.00249477,0,0,0.0119013,0,2,2,3.5,0,0,0,1,0,0,748,256564,748
1,bookshelf_thin,59,qpAdaptive,1,1,0.00314379,427,7,6.10451,432,432,0,0.00160765,0.00249477,0,0,0.0208482,0.126464,2,2,3.5,0,0,0,0.871194,0.119438,0.00936768,427,100223,366
1,bookshelf_thin,59,qpFreeGate,1,1,0.0516015,9052,23,11.9291,944,944,0,0.00519175,0.00249477,0,0,0.00419979,0,72,19,0.319444,0,0,0,1,0,0,0,0,0
1,bookshelf_thin,59,qpEnvelope,1,1,0.00260941,341,7,6.10831,402,402,0,0.00153669,0.00249477,0,0,0.0260753,0.0879765,2,2,3.5,0,0,0,0.912023,0.0762463,0.0117302,341,79533,321
1,bookshelf_thin,66,isSafe,1,1,0.0321885,13633,70,17.5587,10,879,0,0.00287801,0.00249477,0,0,0,0,458,67,0.152838,0,0,0,0,0,0,0,0,0
1,bookshelf_thin,66,qpFixed,1,1,0.0124783,1700,11,12.2176,1235,1235,0,9.80832e-05,0.00249477,0,0,0.00908229,0,3,2,3.66667,0,0,0,1,0,0,1700,438609,1156
1,bookshelf_thin,66,qpPlain,1,1,0.014037,1700,11,12.2176,1235,1235,0,9.80832e-05,0.00249477,0,0,0.00908229,0,3,2,3.66667,0,0,0,1,0,0,1700,583100,1700
1,bookshelf_thin,66,qpAdaptive,1,1,0.00977445,1186,11,12.2181,1072,1072,0,9.80832e-05,0.00249477,0,0,0.0130188,0.0657673,3,2,3.66667,0,0,0,0.934233,0.0623946,0.00337268,1186,306777,1139
1,bookshelf_thin,66,qpFreeGate,1,1,0.22505,39486,83,15.7553,1320,1320,0,0.00757236,0.00249477,0,0,0.00360417,0,325,72,0.255385,0,0,0,1,0,0,0,0,0
1,bookshelf_thin,66,qpEnvelope,1,1,0.00893868,1064,11,12.2258,1009,1009,0,9.71691e-05,0.00249477,0,0,0.0145163,0.049812,3,2,3.66667,0,0,0,0.948308,0.0469925,0.00469925,1064,272151,1046
1,bookshelf_thin,73,isSafe,1,1,0.0119676,5169,26,9.58669,6,481,0,0.00550351,0.00249477,0,0,0,0,130,23,0.2,0,0,0,0,0,0,0,0,0
1,bookshelf_thin,73,qpFixed,1,1,0.00221441,323,5,5.06981,390,390,0,0.00226579,0.00249477,0,0,0.015696,0,1,1,5,0,0,0,1,0,0,323,75456,151
1,bookshelf_thin,73,qpPlain,1,1,0.00244302,323,5,5.06981,390,390,0,0.00226579,0.00249477,0,0,0.015696,0,1,1,5,0,0,0,1,0,0,323,110789,323
1,bookshelf_thin,73,qpAdaptive,1,1,0.00125249,186,5,5.07175,321,321,0,0.00225457,0.00249477,0,0,0.0272675,0.236559,1,1,5,0,0,0,0.758065,0.225806,0.016129,186,43701,118
1,bookshelf_thin,73,qpFreeGate,1,1,0.0859977,15296,41,9.85918,701,701,0,0.00553682,0.00249477,0,0,0.00440464,0,130,37,0.315385,0,0,0,1,0,0,0,0,0
1,bookshelf_thin,73,qpEnvelope,1,1,0.000973852,137,5,5.08129,303,303,0,0.00232234,0.00249477,0,0,0.0370897,0.0948905,1,1,5,0,0,0,0.905109,0.0729927,0.0218978,137,31701,93
1,bookshelf_thin,81,isSafe,1,0,10.0094,2,1,0,0,0,0,inf,inf,0,0,0,0,0,0,0,0,0,0,0,0,0,0,0,0
1,bookshelf_thin,81,qpFixed,1,0,10.0005,1202112,5225,0,0,0,0,inf,inf,0,0,0.00782778,0,19489,5223,0.2681,0,0,0,1,0,0,1202112,355588675,1029887
1,bookshelf_thin,81,qpPlain,1,0,10.0001,1189948,5178,0,0,0,0,inf,inf,0,0,0.00784018,0,19289,5176,0.268443,0,0,0,1,0,0,1189948,408152164,1189948
1,bookshelf_thin,81,qpAdaptive,1,0,10,1120267,6064,0,0,0,0,inf,inf,0,0,0.00967523,0.101265,22962,6062,0.264088,0,0,0,0.896391,0.100248,0.00336078,1120267,333620295,1084301
1,bookshelf_thin,81,qpFreeGate,1,0,10.0003,1648611,5579,0,0,0,0,inf,inf,0,0,0.00391433,0,34871,5577,0.15999,0,0,0,1,0,0,0,0,0
1,bookshelf_thin,81,qpEnvelope,1,0,10.0003,1109518,6589,0,0,0,0,inf,inf,0,0,0.0105498,0.0154175,25059,6587,0.262939,0,0,0,0.984164,0.0119828,0.00385272,1109518,330109571,1097708
1,bookshelf_thin,88,isSafe,1,1,0.0128436,5450,29,12.0469,8,604,0,0.00718239,0.00249477,0,0,0,0,112,25,0.258929,0,0,0,0,0,0,0,0,0
1,bookshelf_thin,88,qpFixed,1,1,0.0225982,2963,20,16.1619,1259,1259,0,0.000867521,0.00249477,0,0,0.0103573,0,9,8,2.22222,0,0,0,1,0,0,2963,722354,1866
1,bookshelf_thin,88,qpPlain,1,1,0.0262494,2963,20,16.1619,1259,1259,0,0.000867521,0.00249477,0,0,0.0103573,0,9,8,2.22222,0,0,0,1,0,0,2963,1016309,2963
1,bookshelf_thin,88,qpAdaptive,1,1,0.0157732,1818,20,16.1646,1104,1104,0,0.000867521,0.00249477,0,0,0.016896,0.140814,9,8,2.22222,0,0,0,0.856436,0.136414,0.00715072,1818,436402,1542
1,bookshelf_thin,88,qpFreeGate,1,1,0.0326284,5567,27,10.5373,1033,1033,0,0.00625682,0.00249477,0,0,0.00553076,0,36,14,0.75,0,0,0,1,0,0,0,0,0
1,bookshelf_thin,88,qpEnvelope,1,1,0.0124735,1358,20,16.1675,1043,1043,0,0.000916091,0.00249477,0,0,0.0226259,0.100884,9,8,2.22222,0,0,0,0.89838,0.0913108,0.0103093,1358,320171,1172
1,bookshelf_thin,95,isSafe,1,1,0.00807184,3473,20,12.1184,8,607,0,0.00253313,0.00249477,0,0,0,0,45,14,0.444444,0,0,0,0,0,0,0,0,0
1,bookshelf_thin,95,qpFixed,1,1,0.00676601,813,9,9.29259,814,814,0,8.82094e-05,0.00249477,0,0,0.01143,0,1,1,9,0,0,0,1,0,0,813,199788,644
1,bookshelf_thin,95,qpPlain,1,1,0.00772125,813,9,9.29259,814,814,0,8.82094e-05,0.00249477,0,0,0.01143,0,1,1,9,0,0,0,1,0,0,813,278859,813
1,bookshelf_thin,95,qpAdaptive,1,1,0.00587822,656,9,9.2951,791,791,0,8.80891e-05,0.00249477,0,0,0.0141694,0.152439,1,1,9,0,0,0,0.844512,0.150915,0.00457317,656,159145,628
1,bookshelf_thin,95,qpFreeGate,1,1,0.0700094,11234,37,12.9211,1481,1481,0,0.00253313,0.00249477,0,0,0.00523664,0,63,29,0.587302,0,0,0,1,0,0,0,0,0
1,bookshelf_thin,95,qpEnvelope,1,1,0.0046251,473,9,9.29412,712,712,0,9.04561e-05,0.00249477,0,0,0.0196493,0.164905,1,1,9,0,0,0,0.832981,0.158562,0.00845666,473,115769,455
1,table_under_pick,2,isSafe,1,1,0.00434072,1886,12,6.49313,5,326,0,0.00816586,0.00249477,0,0,0,0,21,8,0.571429,0,0,0,0,0,0,0,0,0
1,table_under_pick,2,qpFixed,1,1,0.00525531,623,7,7.21863,559,559,0,0.00382314,0.00249477,0,0,0.0123732,0,2,2,3.5,0,0,0,1,0,0,623,183898,422
1,table_under_pick,2,qpPlain,1,1,0.00557115,623,7,7.21863,559,559,0,0.00382314,0.00249477,0,0,0.0123732,0,2,2,3.5,0,0,0,1,0,0,623,213689,623
1,table_under_pick,2,qpAdaptive,1,1,0.00389945,420,7,7.22151,505,505,0,0.00382443,0.00249477,0,0,0.0183604,0.283333,2,2,3.5,0,0,0,0.716667,0.27619,0.00714286,420,124585,361
1,table_under_pick,2,qpFreeGate,1,1,0.0261762,4260,20,9.41138,735,735,0,0.00816586,0.00249477,0,0,0.00619168,0,27,12,0.740741,0,0,0,1,0,0,0,0,0
1,table_under_pick,2,qpEnvelope,1,1,0.00252675,242,7,7.2192,447,447,0,0.00393526,0.00249477,0,0,0.0318386,0.42562,2,2,3.5,0,0,0,0.570248,0.413223,0.0165289,242,71849,218
1,table_under_pick,9,isSafe,1,0,2.3612e-05,1,0,0,0,0,0,inf,inf,0,0,0,0,0,0,0,0,0,0,0,0,0,0,0,0
1,table_under_pick,9,qpFixed,1,0,10.0013,1198862,1258,0,0,0,0,inf,inf,0,0,0.00423815,0,15266,1256,0.0824053,0,0,0,1,0,0,1198862,364975262,1187541
1,table_under_pick,9,qpPlain,1,0,10.0001,1184064,1244,0,0,0,0,inf,inf,0,0,0.00424244,0,15074,1242,0.0825262,0,0,0,1,0,0,1184064,406133952,1184064
1,table_under_pick,9,qpAdaptive,1,0,10.0003,1120594,1232,0,0,0,0,inf,inf,0,0,0.00443617,0.0352956,14892,1230,0.082729,0,0,0,0.964299,0.0353741,0.000327363,1120594,341401636,1115647
1,table_under_pick,9,qpFreeGate,1,0,10.0001,1781689,902,0,0,0,0,inf,inf,0,0,0.00109571,0,40774,900,0.0221219,0,0,0,1,0,0,0,0,0
1,table_under_pick,9,qpEnvelope,1,0,10.001,1119589,1280,0,0,0,0,inf,inf,0,0,0.00460326,0.00338874,15434,1278,0.0829338,0,0,0,0.996567,0.00305963,0.000373675,1119589,340938463,1117543
1,table_under_pick,16,isSafe,1,1,0.00409507,1642,10,11.5157,7,577,0,0.00172911,0.00249477,0,0,0,0,32,6,0.3125,0,0,0,0,0,0,0,0,0
1,table_under_pick,16,qpFixed,1,1,0.013598,1694,13,11.577,1045,1045,0,0.000390134,0.00249477,0,0,0.0102527,0,3,3,4.33333,0,0,0,1,0,0,1694,464298,1295
1,table_under_pick,16,qpPlain,1,1,0.0145035,1694,13,11.577,1045,1045,0,0.000390134,0.00249477,0,0,0.0102527,0,3,3,4.33333,0,0,0,1,0,0,1694,581042,1694
1,table_under_pick,16,qpAdaptive,1,1,0.010543,1230,13,11.581,946,946,0,0.000395077,0.00249477,0,0,0.0141253,0.120325,3,3,4.33333,0,0,0,0.878049,0.117886,0.00406504,1230,334905,1146
1,table_under_pick,16,qpFreeGate,1,1,0.0787719,13312,35,21.005,1827,1827,0,0.00137234,0.00249477,0,0,0.0040831,0,88,27,0.397727,0,0,0,1,0,0,0,0,0
1,table_under_pick,16,qpEnvelope,1,1,0.00905392,1000,13,11.5882,855,855,0,0.000396083,0.00249477,0,0,0.0173751,0.109,3,3,4.33333,0,0,0,0.891,0.104,0.005,1000,271685,965
1,table_under_pick,23,isSafe,1,1,0.00303607,1167,8,11.417,7,572,0,0.00178715,0.00249477,0,0,0,0,10,4,0.8,0,0,0,0,0,0,0,0,0
1,table_under_pick,23,qpFixed,1,1,0.00327593,362,6,4.78349,363,363,0,0.0042077,0.00249477,0,0,0.013214,0,1,1,6,0,0,0,1,0,0,362,105805,316
1,table_under_pick,23,qpPlain,1,1,0.00312686,362,6,4.78349,363,363,0,0.0042077,0.00249477,0,0,0.013214,0,1,1,6,0,0,0,1,0,0,362,124166,362
1,table_under_pick,23,qpAdaptive,1,1,0.00243876,280,6,4.78419,352,352,0,0.00421312,0.00249477,0,0,0.0170864,0.360714,1,1,6,0,0,0,0.635714,0.353571,0.0107143,280,80728,259
1,table_under_pick,23,qpFreeGate,1,1,0.00883753,1462,7,6.92552,705,705,0,0.00182733,0.00249477,0,0,0.00506144,0,9,4,0.777778,0,0,0,1,0,0,0,0,0
1,table_under_pick,23,qpEnvelope,1,1,0.00151116,158,6,4.79178,307,307,0,0.00409424,0.00249477,0,0,0.0303277,0.379747,1,1,6,0,0,0,0.620253,0.360759,0.0189873,158,44968,149
1,table_under_pick,30,isSafe,1,1,0.00802486,3211,18,12.9021,8,647,0,0.00635116,0.00249477,0,0,0,0,64,14,0.28125,0,0,0,0,0,0,0,0,0
1,table_under_pick,30,qpFixed,1,1,0.0187269,2410,17,10.0654,921,921,0,0.000128217,0.00249477,0,0,0.0103726,0,6,6,2.83333,0,0,0,1,0,0,2410,614413,1984
1,table_under_pick,30,qpPlain,1,1,0.0206305,2410,17,10.0654,921,921,0,0.000128217,0.00249477,0,0,0.0103726,0,6,6,2.83333,0,0,0,1,0,0,2410,826630,2410
1,table_under_pick,30,qpAdaptive,1,1,0.0146036,1736,17,10.0673,806,806,0,0.000114876,0.00249477,0,0,0.0144024,0.21947,6,6,2.83333,0,0,0,0.779954,0.214862,0.00518433,1736,446742,1650
1,table_under_pick,30,qpFreeGate,1,1,0.053532,9085,30,14.2527,1143,1143,0,0.00410863,0.00249477,0,0,0.00525975,0,70,24,0.428571,0,0,0,1,0,0,0,0,0
1,table_under_pick,30,qpEnvelope,1,1,0.0110796,1246,17,10.0782,767,767,0,0.000113075,0.00249477,0,0,0.0201102,0.198234,6,6,2.83333,0,0,0,0.799358,0.191011,0.00963082,1246,322910,1200
1,table_under_pick,37,isSafe,1,0,2.2675e-05,1,0,0,0,0,0,inf,inf,0,0,0,0,0,0,0,0,0,0,0,0,0,0,0,0
1,table_under_pick,37,qpFixed,1,0,10.0003,1210617,5372,0,0,0,0,inf,inf,0,0,0.00779346,0,19800,5370,0.271313,0,0,0,1,0,0,1210617,359604909,1043398
1,table_under_pick,37,qpPlain,1,0,10.0005,1192883,5290,0,0,0,0,inf,inf,0,0,0.00779769,0,19490,5288,0.271421,0,0,0,1,0,0,1192883,409158869,1192883
1,table_under_pick,37,qpAdaptive,1,0,10.0001,1113578,6163,0,0,0,0,inf,inf,0,0,0.00964466,0.10687,23058,6161,0.267283,0,0,0,0.89057,0.105957,0.00347299,1113578,333672163,1074568
1,table_under_pick,37,qpFreeGate,1,0,10.0004,1608417,5382,0,0,0,0,inf,inf,0,0,0.00384336,0,33964,5380,0.158462,0,0,0,1,0,0,0,0,0
1,table_under_pick,37,qpEnvelope,1,0,10.0007,1096807,6637,0,0,0,0,inf,inf,0,0,0.0105554,0.0187608,25042,6635,0.265035,0,0,0,0.98073,0.0153,0.00396975,1096807,328560067,1082180
1,table_under_pick,44,isSafe,1,1,0.00932881,3920,21,18.4701,11,925,0,0.00282864,0.00249477,0,0,0,0,89,16,0.235955,0,0,0,0,0,0,0,0,0
1,table_under_pick,44,qpFixed,1,1,0.0181995,2344,19,6.43272,467,467,0,0.00521443,0.00249477,0,0,0.0103272,0,8,8,2.375,0,0,0,1,0,0,2344,619390,2079
1,table_under_pick,44,qpPlain,1,1,0.0194735,2344,19,6.43272,467,467,0,0.00521443,0.00249477,0,0,0.0103272,0,8,8,2.375,0,0,0,1,0,0,2344,803992,2344
1,table_under_pick,44,qpAdaptive,1,1,0.0138809,1722,19,6.43997,444,444,0,0.00516724,0.00249477,0,0,0.0140856,0.209059,8,8,2.375,0,0,0,0.789199,0.206156,0.00464576,1722,434876,1689
1,table_under_pick,44,qpFreeGate,1,1,0.044238,7549,22,9.5626,778,778,0,0.00407101,0.00249477,0,0,0.00440475,0,60,18,0.366667,0,0,0,1,0,0,0,0,0
1,table_under_pick,44,qpEnvelope,1,1,0.0114439,1343,15,8.19118,534,534,0,0.00128674,0.00249477,0,0,0.0176023,0.167535,8,8,1.875,0,0,0,0.832465,0.162323,0.00521221,1343,338125,1326
1,table_under_pick,51,isSafe,1,1,0.00597706,2493,14,13.2092,8,662,0,0.00781706,0.00249477,0,0,0,0,61,9,0.229508,0,0,0,0,0,0,0,0,0
1,table_under_pick,51,qpFixed,1,1,0.0132073,1670,14,10.5476,796,796,0,0.000346507,0.00249477,0,0,0.0116253,0,4,4,3.5,0,0,0,1,0,0,1670,474509,1556
1,table_under_pick,51,qpPlain,1,1,0.0137501,1670,14,10.5476,796,796,0,0.000346507,0.00249477,0,0,0.0116253,0,4,4,3.5,0,0,0,1,0,0,1670,572810,1670
1,table_under_pick,51,qpAdaptive,1,1,0.0117917,1418,14,10.55,769,769,0,0.000361201,0.00249477,0,0,0.0137042,0.174894,4,4,3.5,0,0,0,0.82299,0.171368,0.00564175,1418,399771,1337
1,table_under_pick,51,qpFreeGate,1,1,0.111382,19336,40,16.1014,1423,1423,0,0.00572637,0.00249477,0,0,0.00336532,0,129,32,0.310078,0,0,0,1,0,0,0,0,0
1,table_under_pick,51,qpEnvelope,1,1,0.00938228,1081,14,10.5631,697,697,0,0.000323965,0.00249477,0,0,0.0180507,0.145236,4,4,3.5,0,0,0,0.854764,0.137835,0.00740056,1081,303855,1025
1,table_under_pick,58,isSafe,1,0,10.0001,2827167,31191,0,0,0,0,inf,inf,0,0,0,0,262763,31189,0.118704,0,0,0,0,0,0,0,0,0
1,table_under_pick,58,qpFixed,1,0,10.0013,1206891,2363,0,0,0,0,inf,inf,0,0,0.00559565,0,5490,2251,0.430419,0,0,0,1,0,0,1206891,362544942,1151526
1,table_under_pick,58,qpPlain,1,0,10.0007,1182296,2327,0,0,0,0,inf,inf,0,0,0.00561095,0,5367,2215,0.433576,0,0,0,1,0,0,1182296,405527528,1182296
1,table_under_pick,58,qpAdaptive,1,0,10.0013,1106473,2382,0,0,0,0,inf,inf,0,0,0.0061615,0.0573733,5548,2271,0.429344,0,0,0,0.942362,0.0566965,0.000941734,1106473,332792333,1093325
1,table_under_pick,58,qpFreeGate,1,0,10.0001,1729721,2881,0,0,0,0,inf,inf,0,0,0.00240864,0,15758,2876,0.182828,0,0,0,1,0,0,0,0,0
1,table_under_pick,58,qpEnvelope,1,0,10.0006,1122239,2495,0,0,0,0,inf,inf,0,0,0.00639715,0.0077381,5905,2380,0.422523,0,0,0,0.992221,0.00679002,0.000989098,1122239,337425800,1117875
1,table_under_pick,66,isSafe,1,1,0.0063568,2762,16,13.0365,8,653,0,0.00164815,0.00249477,0,0,0,0,81,11,0.197531,0,0,0,0,0,0,0,0,0
1,table_under_pick,66,qpFixed,1,1,0.0148413,1931,18,12.9792,1025,1025,0,0.000127097,0.00249477,0,0,0.0108021,0,5,5,3.6,0,0,0,1,0,0,1931,502413,1521
1,table_under_pick,66,qpPlain,1,1,0.0160822,1931,18,12.9792,1025,1025,0,0.000127097,0.00249477,0,0,0.0108021,0,5,5,3.6,0,0,0,1,0,0,1931,662333,1931
1,table_under_pick,66,qpAdaptive,1,1,0.0106626,1286,18,12.9921,943,943,0,0.000132401,0.00249477,0,0,0.0162308,0.272162,5,5,3.6,0,0,0,0.72395,0.266719,0.00933126,1286,341635,1188
1,table_under_pick,66,qpFreeGate,1,1,0.0298627,5231,17,14.9549,1462,1462,0,0.0026367,0.00249477,0,0,0.00442187,0,38,12,0.447368,0,0,0,1,0,0,0,0,0
1,table_under_pick,66,qpEnvelope,1,1,0.00894463,987,17,11.6311,629,629,0,0.00803484,0.00249477,0,0,0.0272736,0.297872,6,6,2.83333,0,0,0,0.701114,0.285714,0.0131712,987,263447,940
1,table_under_pick,73,isSafe,1,0,3.3091e-05,1,0,0,0,0,0,inf,inf,0,0,0,0,0,0,0,0,0,0,0,0,0,0,0,0
1,table_under_pick,73,qpFixed,1,0,10.0008,1126055,5030,0,0,0,0,inf,inf,0,0,0.00779343,0,18428,5028,0.272954,0,0,0,1,0,0,1126055,335494609,977284
1,table_under_pick,73,qpPlain,1,0,10.0004,1181371,5276,0,0,0,0,inf,inf,0,0,0.00775873,0,19394,5274,0.272043,0,0,0,1,0,0,1181371,405210253,1181371
1,table_under_pick,73,qpAdaptive,1,0,10.0015,1117769,6151,0,0,0,0,inf,inf,0,0,0.00952813,0.103282,22982,6149,0.267644,0,0,0,0.89427,0.102346,0.00338324,1117769,336216972,1080271
1,table_under_pick,73,qpFreeGate,1,0,10.0001,1654786,5458,0,0,0,0,inf,inf,0,0,0.00375017,0,35170,5456,0.155189,0,0,0,1,0,0,0,0,0
1,table_under_pick,73,qpEnvelope,1,0,10.001,1090981,6532,0,0,0,0,inf,inf,0,0,0.0104067,0.0208959,24692,6530,0.264539,0,0,0,0.978567,0.0175225,0.00391006,1090981,328225372,1076306
1,table_under_pick,80,isSafe,1,1,0.00640725,2850,16,10.6795,7,535,0,0.00147102,0.00249477,0,0,0,0,72,12,0.222222,0,0,0,0,0,0,0,0,0
1,table_under_pick,80,qpFixed,1,1,0.0805475,9926,54,27.4337,2590,2590,0,0.000237839,0.00249477,0,0,0.00922378,0,31,26,1.74194,0,0,0,1,0,0,9926,2606158,9196
1,table_under_pick,80,qpPlain,1,1,0.0872845,9926,54,27.4337,2590,2590,0,0.000237839,0.00249477,0,0,0.00922378,0,31,26,1.74194,0,0,0,1,0,0,9926,3404618,9926
1,table_under_pick,80,qpAdaptive,1,1,0.0701737,8141,54,27.4433,2395,2395,0,0.000242247,0.00249477,0,0,0.0112547,0.17332,31,26,1.74194,0,0,0,0.82582,0.171355,0.00282521,8141,2133200,7904
1,table_under_pick,80,qpFreeGate,1,1,0.048732,8762,22,15.0747,1418,1418,0,0.00347988,0.00249477,0,0,0.00374986,0,74,16,0.297297,0,0,0,1,0,0,0,0,0
1,table_under_pick,80,qpEnvelope,1,1,0.0566385,6185,54,27.4573,2073,2073,0,0.000231311,0.00249477,0,0,0.0148488,0.179466,31,26,1.74194,0,0,0,0.819402,0.175748,0.00485044,6185,1635577,6061
1,table_under_pick,87,isSafe,1,1,0.00703743,3005,16,15.9774,9,800,0,0.00820128,0.00249477,0,0,0,0,104,12,0.153846,0,0,0,0,0,0,0,0,0
1,table_under_pick,87,qpFixed,1,1,0.0393548,4987,36,19.9943,1440,1440,9,-5.16292e-05,0.00249477,0,0,0.0103206,0,17,15,2.11765,0,0,0,1,0,0,4987,1224080,4400
1,table_under_pick,87,qpPlain,1,1,0.0428167,4987,36,19.9943,1440,1440,9,-5.16292e-05,0.00249477,0,0,0.0103206,0,17,15,2.11765,0,0,0,1,0,0,4987,1710541,4987
1,table_under_pick,87,qpAdaptive,1,1,0.0288856,3484,33,19.9205,1292,1292,7,-6.17276e-05,0.00249477,0,0,0.0143931,0.241676,17,14,1.94118,0,0,0,0.756889,0.237945,0.00516648,3484,848075,3341
1,table_under_pick,87,qpFreeGate,1,1,0.0483113,8597,25,8.13549,961,961,0,0.000662797,0.00249477,0,0,0.0040022,0,64,17,0.390625,0,0,0,1,0,0,0,0,0
1,table_under_pick,87,qpEnvelope,1,1,0.0235706,2772,32,19.8725,1209,1209,13,-0.000122221,0.00249477,0,0,0.0181613,0.158009,17,14,1.88235,0,0,0,0.840852,0.150848,0.00830025,2772,669629,2716
1,table_under_pick,94,isSafe,1,1,0.00415658,1621,10,7.42006,5,373,0,0.00483074,0.00249477,0,0,0,0,22,7,0.454545,0,0,0,0,0,0,0,0,0
1,table_under_pick,94,qpFixed,1,1,0.0213183,2503,18,12.7937,1044,1044,0,0.000563354,0.00249477,0,0,0.0109537,0,9,8,2,0,0,0,1,0,0,2503,726975,2187
1,table_under_pick,94,qpPlain,1,1,0.021474,2503,18,12.7937,1044,1044,0,0.000563354,0.00249477,0,0,0.0109537,0,9,8,2,0,0,0,1,0,0,2503,858529,2503
1,table_under_pick,94,qpAdaptive,1,1,0.0180559,2007,18,12.7077,937,937,0,0.000849243,0.00249477,0,0,0.0140594,0.229198,9,8,2,0,0,0,0.767813,0.227703,0.0044843,2007,597833,1885
1,table_under_pick,94,qpFreeGate,1,1,0.0177793,2879,15,6.93707,588,588,0,0.00441694,0.00249477,0,0,0.0063409,0,22,10,0.681818,0,0,0,1,0,0,0,0,0
1,table_under_pick,94,qpEnvelope,1,1,0.0116936,1190,18,12.8019,839,839,0,0.000476205,0.00249477,0,0,0.0229864,0.329412,9,8,2,0,0,0,0.668067,0.321008,0.0109244,1190,345328,1150
1,bookshelf_small,1,isSafe,1,1,0.00199482,846,7,8.20477,6,412,0,0.00745058,0.00249477,0,0,0,0,5,2,1.4,0,0,0,0,0,0,0,0,0
1,bookshelf_small,1,qpFixed,1,1,0.00377187,479,7,7.04518,480,480,0,0.00745058,0.00249477,0,0,0.0147081,0,1,1,7,0,0,0,1,0,0,479,125715,283
1,bookshelf_small,1,qpPlain,1,1,0.00380593,479,7,7.04518,480,480,0,0.00745058,0.00249477,0,0,0.0147081,0,1,1,7,0,0,0,1,0,0,479,164297,479
1,bookshelf_small,1,qpAdaptive,1,1,0.00207133,251,7,7.05285,466,466,0,0.00745058,0.00249477,0,0,0.028099,0.904382,1,1,7,0,0,0,0.0836653,0.896414,0.0199203,251,68113,175
1,bookshelf_small,1,qpFreeGate,1,1,0.00713283,1114,9,9.01703,736,736,0,0.00745058,0.00249477,0,0,0.00968952,0,3,3,3,0,0,0,1,0,0,0,0,0
1,bookshelf_small,1,qpEnvelope,1,1,0.000750788,62,9,7.08943,382,382,0,0.00745058,0.00249477,0,0,0.114346,0.774194,1,1,9,0,0,0,0.193548,0.693548,0.112903,62,17518,41
1,bookshelf_small,8,isSafe,1,1,0.0120774,5351,27,7.48586,5,376,0,0.00330451,0.00249477,0,0,0,0,175,24,0.154286,0,0,0,0,0,0,0,0,0
1,bookshelf_small,8,qpFixed,1,1,0.00479124,653,7,7.10384,654,654,0,0.0017274,0.00249477,0,0,0.0108788,0,1,1,7,0,0,0,1,0,0,653,185304,304
1,bookshelf_small,8,qpPlain,1,1,0.00496607,653,7,7.10384,654,654,0,0.0017274,0.00249477,0,0,0.0108788,0,1,1,7,0,0,0,1,0,0,653,223979,653
1,bookshelf_small,8,qpAdaptive,1,1,0.00287613,342,7,7.10361,534,534,0,0.00159988,0.00249477,0,0,0.0207708,0.266082,1,1,7,0,0,0,0.733918,0.25731,0.00877193,342,104780,289
1,bookshelf_small,8,qpFreeGate,1,1,0.0752001,13297,34,10.2719,1139,1139,0,0.00671719,0.00249477,0,0,0.0036664,0,93,26,0.365591,0,0,0,1,0,0,0,0,0
1,bookshelf_small,8,qpEnvelope,1,1,0.00220269,227,7,7.14107,468,468,0,0.00165183,0.00249477,0,0,0.0314584,0.352423,1,1,7,0,0,0,0.643172,0.339207,0.0176211,227,69551,201
1,bookshelf_small,16,isSafe,1,0,10.0016,2,1,0,0,0,0,inf,inf,0,0,0,0,0,0,0,0,0,0,0,0,0,0,0,0
1,bookshelf_small,16,qpFixed,1,0,10.0009,1117776,2239,0,0,0,0,inf,inf,0,0,0.00571462,0,5066,2121,0.441966,0,0,0,1,0,0,1117776,338045703,1067376
1,bookshelf_small,16,qpPlain,1,0,10.0007,1201022,2381,0,0,0,0,inf,inf,0,0,0.00567874,0,5488,2263,0.433856,0,0,0,1,0,0,1201022,411950546,1201022
1,bookshelf_small,16,qpAdaptive,1,0,10.001,1127675,2434,0,0,0,0,inf,inf,0,0,0.0061934,0.0539455,5641,2311,0.431484,0,0,0,0.945786,0.0533204,0.000893875,1127675,342103187,1114070
1,bookshelf_small,16,qpFreeGate,1,0,10.0004,1651719,5354,0,0,0,0,inf,inf,0,0,0.00364937,0,35217,5352,0.152029,0,0,0,1,0,0,0,0,0
1,bookshelf_small,16,qpEnvelope,1,0,10.0013,1119118,2518,0,0,0,0,inf,inf,0,0,0.00648154,0.00810906,5889,2398,0.427577,0,0,0,0.991833,0.0071467,0.00102045,1119118,339217506,1114414
1,bookshelf_small,24,isSafe,1,1,0.0036123,1581,10,13.2919,8,666,0,0.00681445,0.00249477,0,0,0,0,23,5,0.434783,0,0,0,0,0,0,0,0,0
1,bookshelf_small,24,qpFixed,1,1,0.00502942,720,7,9.12137,721,721,0,0.00108068,0.00249477,0,0,0.0126686,0,1,1,7,0,0,0,1,0,0,720,215157,121
1,bookshelf_small,24,qpPlain,1,1,0.00524279,720,7,9.12137,721,721,0,0.00108068,0.00249477,0,0,0.0126686,0,1,1,7,0,0,0,1,0,0,720,246960,720
1,bookshelf_small,24,qpAdaptive,1,1,0.00197578,261,7,9.12151,573,573,0,0.00108068,0.00249477,0,0,0.0349483,0.517241,1,1,7,0,0,0,0.482759,0.498084,0.0191571,261,80286,117
1,bookshelf_small,24,qpFreeGate,1,1,0.0285544,4850,16,12.0399,1006,1006,0,0.00681445,0.00249477,0,0,0.00507146,0,29,9,0.551724,0,0,0,1,0,0,0,0,0
1,bookshelf_small,24,qpEnvelope,1,1,0.00132274,141,7,9.12124,529,529,0,0.00107074,0.00249477,0,0,0.0646897,0.297872,1,1,7,0,0,0,0.695035,0.269504,0.035461,141,43743,94
1,bookshelf_small,32,isSafe,1,0,10,2869994,31769,0,0,0,0,inf,inf,0,0,0,0,261892,31767,0.121306,0,0,0,0,0,0,0,0,0
1,bookshelf_small,32,qpFixed,1,0,10.0007,1210584,2386,0,0,0,0,inf,inf,0,0,0.00566419,0,5515,2261,0.432638,0,0,0,1,0,0,1210584,364248463,1148642
1,bookshelf_small,32,qpPlain,1,0,10.0005,1096247,2195,0,0,0,0,inf,inf,0,0,0.00572423,0,4949,2071,0.443524,0,0,0,1,0,0,1096247,376012721,1096247
1,bookshelf_small,32,qpAdaptive,1,0,10.0008,1124894,2421,0,0,0,0,inf,inf,0,0,0.00619204,0.0532317,5626,2290,0.430323,0,0,0,0.946514,0.0525267,0.000959201,1124894,339782761,1110409
1,bookshelf_small,32,qpFreeGate,1,0,10.001,1743739,2904,0,0,0,0,inf,inf,0,0,0.0024512,0,15453,2901,0.187925,0,0,0,1,0,0,0,0,0
1,bookshelf_small,32,qpEnvelope,1,0,10.001,1124673,2527,0,0,0,0,inf,inf,0,0,0.00648593,0.00689267,5938,2400,0.425564,0,0,0,0.993062,0.00590662,0.00103141,1124673,339298116,1119791
1,bookshelf_small,39,isSafe,1,0,10,2794261,30571,0,0,0,0,inf,inf,0,0,0,0,295963,30569,0.103293,0,0,0,0,0,0,0,0,0
1,bookshelf_small,39,qpFixed,1,0,10.0017,1190207,2334,0,0,0,0,inf,inf,0,0,0.00555615,0,5455,2202,0.427864,0,0,0,1,0,0,1190207,360037941,1145149
1,bookshelf_small,39,qpPlain,1,0,10.0004,1192664,2339,0,0,0,0,inf,inf,0,0,0.00555427,0,5466,2207,0.427918,0,0,0,1,0,0,1192664,409083752,1192664
1,bookshelf_small,39,qpAdaptive,1,0,10.0015,1126330,2419,0,0,0,0,inf,inf,0,0,0.00610747,0.0620564,5657,2291,0.427612,0,0,0,0.93764,0.0614341,0.000926018,1126330,341263243,1113983
1,bookshelf_small,39,qpFreeGate,1,0,10.0007,1739885,2782,0,0,0,0,inf,inf,0,0,0.00230413,0,16261,2775,0.171084,0,0,0,1,0,0,0,0,0
1,bookshelf_small,39,qpEnvelope,1,0,10.0005,1111778,2522,0,0,0,0,inf,inf,0,0,0.00645639,0.0117559,5988,2404,0.421176,0,0,0,0.988158,0.0108061,0.00103618,1111778,336687958,1107733
1,bookshelf_small,46,isSafe,1,1,0.0692591,30169,148,17.783,10,891,0,0.00324872,0.00249477,0,0,0,0,1230,145,0.120325,0,0,0,0,0,0,0,0,0
1,bookshelf_small,46,qpFixed,1,1,0.00455094,713,7,8.48559,714,714,0,0.00152966,0.00249477,0,0,0.0119012,0,1,1,7,0,0,0,1,0,0,713,184508,229
1,bookshelf_small,46,qpPlain,1,1,0.00517699,713,7,8.48559,714,714,0,0.00152966,0.00249477,0,0,0.0119012,0,1,1,7,0,0,0,1,0,0,713,244559,713
1,bookshelf_small,46,qpAdaptive,1,1,0.00208519,261,7,8.48552,545,545,0,0.00153069,0.00249477,0,0,0.0325116,0.337165,1,1,7,0,0,0,0.662835,0.321839,0.0153257,261,78043,218
1,bookshelf_small,46,qpFreeGate,1,1,0.11349,19701,55,17.0377,1564,1564,0,0.00440067,0.00249477,0,0,0.0041049,0,158,42,0.348101,0,0,0,1,0,0,0,0,0
1,bookshelf_small,46,qpEnvelope,1,1,0.00113324,119,7,8.46514,482,482,0,0.00221514,0.00249477,0,0,0.0711356,0.302521,1,1,7,0,0,0,0.689076,0.268908,0.0420168,119,35572,97
1,bookshelf_small,53,isSafe,1,0,10.0073,2,1,0,0,0,0,inf,inf,0,0,0,0,0,0,0,0,0,0,0,0,0,0,0,0
1,bookshelf_small,53,qpFixed,1,0,10.0008,1194141,4888,0,0,0,0,inf,inf,0,0,0.00745747,0,19343,4886,0.252701,0,0,0,1,0,0,1194141,357234177,1066943
1,bookshelf_small,53,qpPlain,1,0,10.0011,1174044,4804,0,0,0,0,inf,inf,0,0,0.00746889,0,18993,4802,0.252935,0,0,0,1,0,0,1174044,402697092,1174044
1,bookshelf_small,53,qpAdaptive,1,0,10.0002,1100610,5469,0,0,0,0,inf,inf,0,0,0.00899713,0.105205,21889,5467,0.249852,0,0,0,0.892378,0.104614,0.00300776,1100610,331877574,1071169
1,bookshelf_small,53,qpFreeGate,1,0,10,1667184,4818,0,0,0,0,inf,inf,0,0,0.00337001,0,35079,4816,0.137347,0,0,0,1,0,0,0,0,0
1,bookshelf_small,53,qpEnvelope,1,0,10.0003,1086176,5939,0,0,0,0,inf,inf,0,0,0.00986932,0.0350919,24055,5937,0.246893,0,0,0,0.964024,0.0323054,0.00367062,1086176,326915022,1074959
1,bookshelf_small,60,isSafe,1,1,0.0019439,713,6,7.07301,5,355,0,0.00196393,0.00249477,0,0,0,0,1,1,6,0,0,0,0,0,0,0,0,0
1,bookshelf_small,60,qpFixed,1,1,0.00299438,409,6,6.99774,410,410,0,0.0052089,0.00249477,0,0,0.0171094,0,1,1,6,0,0,0,1,0,0,409,98688,64
1,bookshelf_small,60,qpPlain,1,1,0.00326927,409,6,6.99774,410,410,0,0.0052089,0.00249477,0,0,0.0171094,0,1,1,6,0,0,0,1,0,0,409,140287,409
1,bookshelf_small,60,qpAdaptive,1,1,0.000637922,78,6,6.99895,389,389,0,0.0052089,0.00249477,0,0,0.0897301,0.833333,1,1,6,0,0,0,0.153846,0.794872,0.0512821,78,21646,25
1,bookshelf_small,60,qpFreeGate,1,1,0.00601914,987,7,7.60965,628,628,0,0.00308883,0.00249477,0,0,0.00872463,0,4,3,1.75,0,0,0,1,0,0,0,0,0
1,bookshelf_small,60,qpEnvelope,1,1,0.000393641,39,6,7.00611,369,369,0,0.0052089,0.00249477,0,0,0.179644,0.794872,1,1,6,0,0,0,0.205128,0.692308,0.102564,39,10971,11
1,bookshelf_small,67,isSafe,1,0,10.0006,2,1,0,0,0,0,inf,inf,0,0,0,0,0,0,0,0,0,0,0,0,0,0,0,0
1,bookshelf_small,67,qpFixed,1,0,10.0002,1126620,5043,0,0,0,0,inf,inf,0,0,0.00791481,0,18417,5041,0.273823,0,0,0,1,0,0,1126620,335169815,970709
1,bookshelf_small,67,qpPlain,1,0,10.0002,1188715,5306,0,0,0,0,inf,inf,0,0,0.00787371,0,19489,5304,0.272256,0,0,0,1,0,0,1188715,407729245,1188715
1,bookshelf_small,67,qpAdaptive,1,0,10.0007,1110198,6120,0,0,0,0,inf,inf,0,0,0.00967887,0.102805,22887,6118,0.267401,0,0,0,0.894752,0.101823,0.00342475,1110198,332548475,1072365
1,bookshelf_small,67,qpFreeGate,1,0,10.0001,1644196,5387,0,0,0,0,inf,inf,0,0,0.00378315,0,34291,5385,0.157097,0,0,0,1,0,0,0,0,0
1,bookshelf_small,67,qpEnvelope,1,0,10.0004,1102371,6658,0,0,0,0,inf,inf,0,0,0.0106294,0.0179413,25263,6656,0.263547,0,0,0,0.981553,0.0144504,0.00399693,1102371,329822424,1089561
1,bookshelf_small,74,isSafe,1,1,0.0141547,5711,29,11.8315,7,593,0,0.00440483,0.00249477,0,0,0,0,144,26,0.201389,0,0,0,0,0,0,0,0,0
1,bookshelf_small,74,qpFixed,1,1,0.0100811,1168,17,10.7726,862,862,0,0.00104778,0.00249477,0,0,0.0114015,0,2,2,8.5,0,0,0,1,0,0,1168,330874,854
1,bookshelf_small,74,qpPlain,1,1,0.0098547,1168,17,10.7726,862,862,0,0.00104778,0.00249477,0,0,0.0114015,0,2,2,8.5,0,0,0,1,0,0,1168,400624,1168
1,bookshelf_small,74,qpAdaptive,1,1,0.0076187,823,17,10.7713,773,773,0,0.00104737,0.00249477,0,0,0.0161789,0.0935601,2,2,8.5,0,0,0,0.900365,0.0850547,0.0145808,823,246089,799
1,bookshelf_small,74,qpFreeGate,1,1,0.0391167,6693,22,12.3471,1209,1209,0,0.00658409,0.00249477,0,0,0.00509819,0,38,16,0.578947,0,0,0,1,0,0,0,0,0
1,bookshelf_small,74,qpEnvelope,1,1,0.00619578,650,17,10.7665,697,697,0,0.00101333,0.00249477,0,0,0.0204812,0.0815385,2,2,8.5,0,0,0,0.913846,0.0676923,0.0184615,650,192778,641
1,bookshelf_small,81,isSafe,1,1,0.14885,64228,333,18.7071,11,937,0,0.00186226,0.00249477,0,0,0,0,3020,330,0.110265,0,0,0,0,0,0,0,0,0
1,bookshelf_small,81,qpFixed,1,1,0.0182459,2196,24,12.5512,1065,1065,0,0.00137325,0.00249477,0,0,0.0101606,0,6,6,4,0,0,0,1,0,0,2196,662377,1779
1,bookshelf_small,81,qpPlain,1,1,0.018403,2196,24,12.5512,1065,1065,0,0.00137325,0.00249477,0,0,0.0101606,0,6,6,4,0,0,0,1,0,0,2196,753228,2196
1,bookshelf_small,81,qpAdaptive,1,1,0.0471278,5240,82,29.3336,2164,2164,0,0.00136972,0.00249477,0,0,0.0171068,0.290267,28,26,2.92857,0,0,0,0.706107,0.281298,0.0125954,5240,1577633,4667
1,bookshelf_small,81,qpFreeGate,1,1,0.159867,27267,66,15.5541,1388,1388,0,0.000605978,0.00249477,0,0,0.00405986,0,223,59,0.295964,0,0,0,1,0,0,0,0,0
1,bookshelf_small,81,qpEnvelope,1,1,0.0200068,2032,54,16.1831,1039,1039,0,0.0012176,0.00249477,0,0,0.0278993,0.214075,16,16,3.375,0,0,0,0.781496,0.193898,0.0246063,2032,621092,1886
1,bookshelf_small,89,isSafe,1,0,10.0053,2,1,0,0,0,0,inf,inf,0,0,0,0,0,0,0,0,0,0,0,0,0,0,0,0
1,bookshelf_small,89,qpFixed,1,0,10.0007,1114728,4662,0,0,0,0,inf,inf,0,0,0.00763817,0,17889,4660,0.260607,0,0,0,1,0,0,1114728,333906630,989513
1,bookshelf_small,89,qpPlain,1,0,10.0005,1174885,4892,0,0,0,0,inf,inf,0,0,0.007593,0,18899,4890,0.25885,0,0,0,1,0,0,1174885,402985555,1174885
1,bookshelf_small,89,qpAdaptive,1,0,10.0011,1100825,5629,0,0,0,0,inf,inf,0,0,0.00921933,0.113112,21999,5627,0.255875,0,0,0,0.884354,0.112574,0.00307141,1100825,332383853,1070927
1,bookshelf_small,89,qpFreeGate,1,0,10.0001,1656998,5077,0,0,0,0,inf,inf,0,0,0.0034979,0,35765,5075,0.141954,0,0,0,1,0,0,0,0,0
1,bookshelf_small,89,qpEnvelope,1,0,10.0007,1094480,6181,0,0,0,0,inf,inf,0,0,0.0102034,0.0284354,24501,6179,0.252275,0,0,0,0.97082,0.0254943,0.00368572,1094480,329578574,1083565
1,bookshelf_small,96,isSafe,1,0,10.0079,2,1,0,0,0,0,inf,inf,0,0,0,0,0,0,0,0,0,0,0,0,0,0,0,0
1,bookshelf_small,96,qpFixed,1,0,10.0006,1127402,2207,0,0,0,0,inf,inf,0,0,0.00570755,0,5198,2093,0.424586,0,0,0,1,0,0,1127402,339988893,1074225
1,bookshelf_small,96,qpPlain,1,0,10.0009,1205047,2334,0,0,0,0,inf,inf,0,0,0.00567228,0,5582,2220,0.41813,0,0,0,1,0,0,1205047,413331121,1205047
1,bookshelf_small,96,qpAdaptive,1,0,10.0012,1133422,2392,0,0,0,0,inf,inf,0,0,0.00620976,0.0518342,5783,2279,0.413626,0,0,0,0.947898,0.051176,0.000925517,1133422,342563383,1119329
1,bookshelf_small,96,qpFreeGate,1,0,10.0003,1660765,5348,0,0,0,0,inf,inf,0,0,0.00368016,0,35335,5346,0.151351,0,0,0,1,0,0,0,0,0
1,bookshelf_small,96,qpEnvelope,1,0,10.0001,1128569,2480,0,0,0,0,inf,inf,0,0,0.00647766,0.00729862,6023,2363,0.411755,0,0,0,0.992638,0.00636027,0.00100127,1128569,340983997,1123659
1,box,3,isSafe,1,1,0.00435239,1839,11,9.81555,6,492,0,0.033576,0.00249477,0,0,0,0,15,7,0.733333,0,0,0,0,0,0,0,0,0
1,box,3,qpFixed,1,1,0.00292957,344,6,5.2346,358,358,0,0.00566971,0.00249477,0,0,0.0152169,0,1,1,6,0,0,0,1,0,0,344,90246,286
1,box,3,qpPlain,1,1,0.00299125,344,6,5.2346,358,358,0,0.00566971,0.00249477,0,0,0.0152169,0,1,1,6,0,0,0,1,0,0,344,117992,344
1,box,3,qpAdaptive,1,1,0.00154696,176,6,5.23519,336,336,0,0.00562757,0.00249477,0,0,0.0297454,0.670455,1,1,6,0,0,0,0.323864,0.659091,0.0170455,176,48966,156
1,box,3,qpFreeGate,1,1,0.0433347,7433,23,9.89024,1127,1127,0,0.00540314,0.00249477,0,0,0.00388103,0,44,13,0.522727,0,0,0,1,0,0,0,0,0
1,box,3,qpEnvelope,1,1,0.000842518,77,6,5.23706,304,304,0,0.00562331,0.00249477,0,0,0.0680137,1,1,1,6,0,0,0,0,0.948052,0.0519481,77,21847,71
1,box,10,isSafe,1,1,0.00395366,1705,11,14.5531,9,729,0,6.2907e-05,0.00249477,0,0,0,0,20,7,0.55,0,0,0,0,0,0,0,0,0
1,box,10,qpFixed,1,1,0.002898,358,6,5.52593,359,359,0,0.00578941,0.00249477,0,0,0.0154356,0,1,1,6,0,0,0,1,0,0,358,97443,162
1,box,10,qpPlain,1,1,0.00280934,358,6,5.52593,359,359,0,0.00578941,0.00249477,0,0,0.0154356,0,1,1,6,0,0,0,1,0,0,358,122794,358
1,box,10,qpAdaptive,1,1,0.00100814,112,6,5.52689,318,318,0,0.00572148,0.00249477,0,0,0.0493472,0.5625,1,1,6,0,0,0,0.428571,0.544643,0.0267857,112,32927,85
1,box,10,qpFreeGate,1,1,0.0418912,6996,24,13.1706,1260,1260,0,0.0151926,0.00249477,0,0,0.00492073,0,38,16,0.631579,0,0,0,1,0,0,0,0,0
1,box,10,qpEnvelope,1,1,0.000691936,66,5,5.52231,296,296,0,0.00561965,0.00249477,0,0,0.0836714,0.424242,1,1,5,0,0,0,0.575758,0.393939,0.030303,66,19334,52
1,box,17,isSafe,1,1,0.00304586,1317,9,10.9151,7,547,0,0.00315259,0.00249477,0,0,0,0,8,5,1.125,0,0,0,0,0,0,0,0,0
1,box,17,qpFixed,1,1,0.00331496,447,6,5.64721,448,448,0,0.00263755,0.00249477,0,0,0.0126336,0,1,1,6,0,0,0,1,0,0,447,118096,237
1,box,17,qpPlain,1,1,0.00344273,447,6,5.64721,448,448,0,0.00263755,0.00249477,0,0,0.0126336,0,1,1,6,0,0,0,1,0,0,447,153321,447
1,box,17,qpAdaptive,1,1,0.00163859,221,6,5.65958,369,369,0,0.00262929,0.00249477,0,0,0.025609,0.488688,1,1,6,0,0,0,0.506787,0.479638,0.0135747,221,58724,189
1,box,17,qpFreeGate,1,1,0.00593065,996,7,7.48352,556,556,0,0.0127749,0.00249477,0,0,0.00836444,0,5,3,1.4,0,0,0,1,0,0,0,0,0
1,box,17,qpEnvelope,1,1,0.00104037,110,6,5.67711,339,339,0,0.00233484,0.00249477,0,0,0.0516101,0.454545,1,1,6,0,0,0,0.545455,0.427273,0.0272727,110,30667,95
1,box,24,isSafe,1,1,0.0060552,2581,15,10.8842,7,546,0,0.00915087,0.00249477,0,0,0,0,27,11,0.555556,0,0,0,0,0,0,0,0,0
1,box,24,qpFixed,1,1,0.00562116,716,7,8.82441,669,669,0,0.000313618,0.00249477,0,0,0.0124957,0,2,2,3.5,0,0,0,1,0,0,716,190583,412
1,box,24,qpPlain,1,1,0.0057685,716,7,8.82441,669,669,0,0.000313618,0.00249477,0,0,0.0124957,0,2,2,3.5,0,0,0,1,0,0,716,245588,716
1,box,24,qpAdaptive,1,1,0.00318853,385,7,8.82692,580,580,0,0.000307536,0.00249477,0,0,0.0232436,0.254545,2,2,3.5,0,0,0,0.742857,0.249351,0.00779221,385,105755,321
1,box,24,qpFreeGate,1,1,0.0273311,4489,21,11.0528,1122,1122,0,0.00440539,0.00249477,0,0,0.00617284,0,21,15,1,0,0,0,1,0,0,0,0,0
1,box,24,qpEnvelope,1,1,0.00255573,293,7,8.82475,548,548,0,0.000300021,0.00249477,0,0,0.0305464,0.180887,2,2,3.5,0,0,0,0.819113,0.167235,0.0136519,293,82301,255
1,box,31,isSafe,1,1,0.00642876,2733,16,10.4336,7,523,0,0.0122251,0.00249477,0,0,0,0,51,12,0.313725,0,0,0,0,0,0,0,0,0
1,box,31,qpFixed,1,1,0.0173137,2283,20,10.705,815,815,0,0.00898382,0.00249477,0,0,0.0118036,0,7,7,2.85714,0,0,0,1,0,0,2283,580030,1701
1,box,31,qpPlain,1,1,0.0183478,2283,20,10.705,815,815,0,0.00898382,0.00249477,0,0,0.0118036,0,7,7,2.85714,0,0,0,1,0,0,2283,783069,2283
1,box,31,qpAdaptive,1,1,0.0111361,1419,19,10.7084,681,681,0,0.00805671,0.00249477,0,0,0.0189982,0.349542,7,7,2.71429,0,0,0,0.648344,0.342495,0.00916138,1419,361597,1210
1,box,31,qpFreeGate,1,1,0.117867,20514,51,13.4193,1232,1232,0,0.00269207,0.00249477,0,0,0.00403961,0,130,43,0.392308,0,0,0,1,0,0,0,0,0
1,box,31,qpEnvelope,1,1,0.00993916,1111,26,18.3105,1137,1137,0,0.000529286,0.00249477,0,0,0.0303365,0.249325,9,9,2.88889,0,0,0,0.747975,0.232223,0.019802,1111,289473,1053
1,box,38,isSafe,1,1,0.0123009,5206,28,18.2714,11,915,0,0.00241374,0.00249477,0,0,0,0,122,24,0.229508,0,0,0,0,0,0,0,0,0
1,box,38,qpFixed,1,1,0.00949752,1288,10,9.6348,765,765,0,0.00929972,0.00249477,0,0,0.010164,0,3,3,3.33333,0,0,0,1,0,0,1288,339384,736
1,box,38,qpPlain,1,1,0.0104065,1288,10,9.6348,765,765,0,0.00929972,0.00249477,0,0,0.010164,0,3,3,3.33333,0,0,0,1,0,0,1288,441784,1288
1,box,38,qpAdaptive,1,1,0.00424293,503,10,9.64425,563,563,0,0.0095002,0.00249477,0,0,0.0261096,0.383698,3,3,3.33333,0,0,0,0.616302,0.367793,0.0159046,503,137900,435
1,box,38,qpFreeGate,1,1,0.0404851,6776,36,11.7622,1175,1175,0,0.00099923,0.00249477,0,0,0.00563326,0,34,18,1.05882,0,0,0,1,0,0,0,0,0
1,box,38,qpEnvelope,1,1,0.00294927,312,10,9.66657,522,522,0,0.00663295,0.00249477,0,0,0.0419455,0.320513,3,3,3.33333,0,0,0,0.676282,0.298077,0.025641,312,84099,282
1,box,45,isSafe,1,1,0.002165,1017,7,7.9359,5,398,0,0.0312478,0.00249477,0,0,0,0,7,3,1,0,0,0,0,0,0,0,0,0
1,box,45,qpFixed,1,1,0.00338416,455,6,6.07222,456,456,0,0.00909509,0.00249477,0,0,0.0133455,0,1,1,6,0,0,0,1,0,0,455,113880,170
1,box,45,qpPlain,1,1,0.00352639,455,6,6.07222,456,456,0,0.00909509,0.00249477,0,0,0.0133455,0,1,1,6,0,0,0,1,0,0,455,156065,455
1,box,45,qpAdaptive,1,1,0.000981272,125,6,6.07198,360,360,0,0.00898773,0.00249477,0,0,0.0485758,0.72,1,1,6,0,0,0,0.28,0.688,0.032,125,31676,92
1,box,45,qpFreeGate,1,1,0.00790741,1300,10,8.71599,854,854,0,0.0055417,0.00249477,0,0,0.00753549,0,4,4,2.5,0,0,0,1,0,0,0,0,0
1,box,45,qpEnvelope,1,1,0.000739273,70,6,6.07165,336,336,0,0.00857042,0.00249477,0,0,0.0867379,0.757143,1,1,6,0,0,0,0.242857,0.7,0.0571429,70,17771,57
1,box,52,isSafe,1,1,0.00528555,2337,14,10.178,7,510,0,0.00887417,0.00249477,0,0,0,0,44,10,0.318182,0,0,0,0,0,0,0,0,0
1,box,52,qpFixed,1,1,0.0031718,448,5,5.52198,449,449,0,0.0177069,0.00249477,0,0,0.0123258,0,1,1,5,0,0,0,1,0,0,448,118011,112
1,box,52,qpPlain,1,1,0.00342621,448,5,5.52198,449,449,0,0.0177069,0.00249477,0,0,0.0123258,0,1,1,5,0,0,0,1,0,0,448,153664,448
1,box,52,qpAdaptive,1,1,0.000782141,92,5,5.52122,316,316,0,0.0175125,0.00249477,0,0,0.0600133,0.771739,1,1,5,0,0,0,0.228261,0.73913,0.0326087,92,26860,61
1,box,52,qpFreeGate,1,1,0.149986,25579,72,25.584,2376,2376,0,0.00392959,0.00249477,0,0,0.00402104,0,167,59,0.431138,0,0,0,1,0,0,0,0,0
1,box,52,qpEnvelope,1,1,0.00049879,43,5,5.51906,295,295,0,0.0170856,0.00249477,0,0,0.12835,0.813953,1,1,5,0,0,0,0.186047,0.744186,0.0697674,43,12494,30
1,box,59,isSafe,1,1,0.00329294,1355,9,7.08348,5,356,0,0.0307035,0.00249477,0,0,0,0,19,5,0.473684,0,0,0,0,0,0,0,0,0
1,box,59,qpFixed,1,1,0.01338,1726,17,12.841,990,990,0,0.00903045,0.00249477,0,0,0.0112018,0,4,4,4.25,0,0,0,1,0,0,1726,465858,1295
1,box,59,qpPlain,1,1,0.0141849,1726,17,12.841,990,990,0,0.00903045,0.00249477,0,0,0.0112018,0,4,4,4.25,0,0,0,1,0,0,1726,592018,1726
1,box,59,qpAdaptive,1,1,0.00703551,859,17,12.8549,776,776,0,0.00795756,0.00249477,0,0,0.0225192,0.352736,4,4,4.25,0,0,0,0.644936,0.342258,0.0128056,859,232949,788
1,box,59,qpFreeGate,1,1,0.0204693,3435,13,8.53241,828,828,0,0.0168696,0.00249477,0,0,0.0056787,0,16,8,0.8125,0,0,0,1,0,0,0,0,0
1,box,59,qpEnvelope,1,1,0.00501444,582,16,12.8627,704,704,0,0.00546501,0.00249477,0,0,0.0332111,0.194158,4,4,4,0,0,0,0.804124,0.175258,0.0206186,582,155029,543
1,box,66,isSafe,1,1,0.0203625,8658,44,23.066,13,1155,0,0.0182241,0.00249477,0,0,0,0,215,38,0.204651,0,0,0,0,0,0,0,0,0
1,box,66,qpFixed,1,1,0.00477505,681,6,6.78023,682,682,0,0.00481745,0.00249477,0,0,0.00995629,0,1,1,6,0,0,0,1,0,0,681,157085,172
1,box,66,qpPlain,1,1,0.00552847,681,6,6.78023,682,682,0,0.00481745,0.00249477,0,0,0.00995629,0,1,1,6,0,0,0,1,0,0,681,233583,681
1,box,66,qpAdaptive,1,1,0.00114134,128,6,6.77726,410,410,0,0.00474993,0.00249477,0,0,0.0529473,0.703125,1,1,6,0,0,0,0.296875,0.679688,0.0234375,128,32343,87
1,box,66,qpFreeGate,1,1,0.0713274,11744,30,17.4256,1347,1347,0,0.0298933,0.00249477,0,0,0.00458286,0,71,23,0.422535,0,0,0,1,0,0,0,0,0
1,box,66,qpEnvelope,1,1,0.000714673,64,6,6.77191,371,371,0,0.00443323,0.00249477,0,0,0.105811,0.8125,1,1,6,0,0,0,0.1875,0.765625,0.046875,64,16428,44
1,box,73,isSafe,1,1,0.00446804,1843,11,13.3867,8,671,0,0.0191864,0.00249477,0,0,0,0,48,8,0.229167,0,0,0,0,0,0,0,0,0
1,box,73,qpFixed,1,1,0.0521052,6443,54,28.1664,2246,2246,0,0.000442382,0.00249477,0,0,0.0100796,0,25,21,2.16,0,0,0,1,0,0,6443,1570195,6147
1,box,73,qpPlain,1,1,0.0573226,6443,54,28.1664,2246,2246,0,0.000442382,0.00249477,0,0,0.0100796,0,25,21,2.16,0,0,0,1,0,0,6443,2209949,6443
1,box,73,qpAdaptive,1,1,0.0454028,5495,55,28.1809,2082,2082,0,0.000445411,0.00249477,0,0,0.0117932,0.166697,25,21,2.2,0,0,0,0.832727,0.164361,0.00291227,5495,1331931,5371
1,box,73,qpFreeGate,1,1,0.0580507,10140,27,11.2202,966,966,0,0.00903856,0.00249477,0,0,0.004216,0,60,22,0.45,0,0,0,1,0,0,0,0,0
1,box,73,qpEnvelope,1,1,0.0381297,4449,54,28.1866,1898,1898,0,0.000449497,0.00249477,0,0,0.0146074,0.0955271,25,21,2.16,0,0,0,0.904248,0.0894583,0.00629355,4449,1078463,4352
1,box,80,isSafe,1,1,0.00168249,786,6,7.73567,5,388,0,0.0369954,0.00249477,0,0,0,0,6,3,1,0,0,0,0,0,0,0,0,0
1,box,80,qpFixed,1,1,0.00975956,1174,11,11.3648,939,939,0,0.00427507,0.00249477,0,0,0.0113766,0,3,3,3.66667,0,0,0,1,0,0,1174,304302,1074
1,box,80,qpPlain,1,1,0.0101338,1174,11,11.3648,939,939,0,0.00427507,0.00249477,0,0,0.0113766,0,3,3,3.66667,0,0,0,1,0,0,1174,402682,1174
1,box,80,qpAdaptive,1,1,0.00665027,771,11,11.3731,811,811,0,0.00407064,0.00249477,0,0,0.0173437,0.365759,3,3,3.66667,0,0,0,0.632944,0.360571,0.00648508,771,203673,760
1,box,80,qpFreeGate,1,1,0.0258063,4289,18,10.6023,1142,1142,0,0.00639504,0.00249477,0,0,0.00492029,0,25,10,0.72,0,0,0,1,0,0,0,0,0
1,box,80,qpEnvelope,1,1,0.00436096,466,11,11.3662,690,690,0,0.00309482,0.00249477,0,0,0.0287104,0.369099,3,3,3.66667,0,0,0,0.630901,0.354077,0.0150215,466,120525,460
1,box,87,isSafe,1,1,0.00454202,2069,12,9.6826,6,486,0,0.0179808,0.00249477,0,0,0,0,44,8,0.272727,0,0,0,0,0,0,0,0,0
1,box,87,qpFixed,1,1,0.00312678,460,6,6.13555,461,461,0,0.00388765,0.00249477,0,0,0.0133381,0,1,1,6,0,0,0,1,0,0,460,112186,190
1,box,87,qpPlain,1,1,0.00346832,460,6,6.13555,461,461,0,0.00388765,0.00249477,0,0,0.0133381,0,1,1,6,0,0,0,1,0,0,460,157780,460
1,box,87,qpAdaptive,1,1,0.00124375,150,6,6.13353,359,359,0,0.0038045,0.00249477,0,0,0.0408902,0.42,1,1,6,0,0,0,0.58,0.4,0.02,150,40907,125
1,box,87,qpFreeGate,1,1,0.12278,21153,61,25.1159,2408,2408,0,0.00374237,0.00249477,0,0,0.00460311,0,131,48,0.465649,0,0,0,1,0,0,0,0,0
1,box,87,qpEnvelope,1,1,0.000774511,80,6,6.13344,332,332,0,0.0032698,0.00249477,0,0,0.076668,0.3625,1,1,6,0,0,0,0.6375,0.325,0.0375,80,22030,65
1,box,94,isSafe,1,1,0.0055843,2263,13,7.7983,5,391,0,0.0191814,0.00249477,0,0,0,0,30,10,0.433333,0,0,0,0,0,0,0,0,0
1,box,94,qpFixed,1,1,0.00328352,431,6,5.30221,432,432,0,0.00422091,0.00249477,0,0,0.0123021,0,1,1,6,0,0,0,1,0,0,431,105437,175
1,box,94,qpPlain,1,1,0.0034256,431,6,5.30221,432,432,0,0.00422091,0.00249477,0,0,0.0123021,0,1,1,6,0,0,0,1,0,0,431,147833,431
1,box,94,qpAdaptive,1,1,0.00108582,133,6,5.2989,328,328,0,0.00413254,0.00249477,0,0,0.0398414,0.646617,1,1,6,0,0,0,0.345865,0.62406,0.0300752,133,36139,106
1,box,94,qpFreeGate,1,1,0.0374143,6200,26,9.28605,1045,1045,0,0.0032086,0.00249477,0,0,0.00517603,0,31,15,0.83871,0,0,0,1,0,0,0,0,0
1,box,94,qpEnvelope,1,1,0.000656344,67,6,5.28362,296,296,0,0.00383584,0.00249477,0,0,0.07886,0.462687,1,1,6,0,0,0,0.537313,0.402985,0.0597015,67,18294,49
1,table_pick,1,isSafe,1,1,0.00270943,1257,9,8.05353,6,404,0,0.00388938,0.00249477,0,0,0,0,17,4,0.529412,0,0,0,0,0,0,0,0,0
1,table_pick,1,qpFixed,1,1,0.00385355,631,6,7.64233,632,632,0,0.00528644,0.00249477,0,0,0.0121115,0,1,1,6,0,0,0,1,0,0,631,153464,71
1,table_pick,1,qpPlain,1,1,0.00441676,631,6,7.64233,632,632,0,0.00528644,0.00249477,0,0,0.0121115,0,1,1,6,0,0,0,1,0,0,631,216433,631
1,table_pick,1,qpAdaptive,1,1,0.00069187,95,6,7.64232,431,431,0,0.00528644,0.00249477,0,0,0.0804454,0.631579,1,1,6,0,0,0,0.368421,0.589474,0.0421053,95,24568,50
1,table_pick,1,qpFreeGate,1,1,0.0672966,11711,28,19.0746,1525,1525,0,0.0019509,0.00249477,0,0,0.00419767,0,95,22,0.294737,0,0,0,1,0,0,0,0,0
1,table_pick,1,qpEnvelope,1,1,0.000536284,58,6,7.64233,411,411,0,0.00528644,0.00249477,0,0,0.131764,0.465517,1,1,6,0,0,0,0.534483,0.396552,0.0689655,58,14974,38
1,table_pick,8,isSafe,1,1,0.00685401,2990,14,3.89026,3,196,0,0.00343186,0.00249477,0,0,0,0,30,11,0.466667,0,0,0,0,0,0,0,0,0
1,table_pick,8,qpFixed,1,1,0.00265377,398,5,5.02628,399,399,0,0.00513104,0.00249477,0,0,0.0126288,0,1,1,5,0,0,0,1,0,0,398,89391,91
1,table_pick,8,qpPlain,1,1,0.00295878,398,5,5.02628,399,399,0,0.00513104,0.00249477,0,0,0.0126288,0,1,1,5,0,0,0,1,0,0,398,136514,398
1,table_pick,8,qpAdaptive,1,1,0.000647137,86,5,5.02644,300,300,0,0.00513104,0.00249477,0,0,0.058447,0.686047,1,1,5,0,0,0,0.313953,0.651163,0.0348837,86,21944,48
1,table_pick,8,qpFreeGate,1,1,0.0204879,3516,18,3.00111,250,250,0,0.00312569,0.00249477,0,0,0.00737672,0,30,14,0.6,0,0,0,1,0,0,0,0,0
1,table_pick,8,qpEnvelope,1,1,0.000467728,40,5,5.02753,275,275,0,0.00518286,0.00249477,0,0,0.125688,0.825,1,1,5,0,0,0,0.175,0.75,0.075,40,10542,27
1,table_pick,15,isSafe,1,1,0.00499551,2017,12,8.10922,6,407,0,0.00441596,0.00249477,0,0,0,0,22,7,0.545455,0,0,0,0,0,0,0,0,0
1,table_pick,15,qpFixed,1,1,0.00399134,599,6,7.06612,600,600,0,0.00609046,0.00249477,0,0,0.0117965,0,1,1,6,0,0,0,1,0,0,599,142255,125
1,table_pick,15,qpPlain,1,1,0.00446904,599,6,7.06612,600,600,0,0.00609046,0.00249477,0,0,0.0117965,0,1,1,6,0,0,0,1,0,0,599,205457,599
1,table_pick,15,qpAdaptive,1,1,0.00103553,138,6,7.06601,421,421,0,0.00609046,0.00249477,0,0,0.051203,0.65942,1,1,6,0,0,0,0.34058,0.630435,0.0289855,138,34023,94
1,table_pick,15,qpFreeGate,1,1,0.0189309,3186,15,19.2657,1534,1534,0,0.00242646,0.00249477,0,0,0.00715511,0,22,10,0.681818,0,0,0,1,0,0,0,0,0
1,table_pick,15,qpEnvelope,1,1,0.000770569,81,6,7.06675,394,394,0,0.00609046,0.00249477,0,0,0.0872438,0.728395,1,1,6,0,0,0,0.271605,0.679012,0.0493827,81,19779,61
1,table_pick,22,isSafe,1,1,0.0108919,4369,23,12.0915,8,606,0,0.00234893,0.00249477,0,0,0,0,84,19,0.27381,0,0,0,0,0,0,0,0,0
1,table_pick,22,qpFixed,1,1,0.00277384,388,6,6.00403,389,389,0,0.00527609,0.00249477,0,0,0.0154743,0,1,1,6,0,0,0,1,0,0,388,94470,84
1,table_pick,22,qpPlain,1,1,0.00300917,388,6,6.00403,389,389,0,0.00527609,0.00249477,0,0,0.0154743,0,1,1,6,0,0,0,1,0,0,388,133084,388
1,table_pick,22,qpAdaptive,1,1,0.00073801,88,6,6.00441,344,344,0,0.00527609,0.00249477,0,0,0.0682319,0.590909,1,1,6,0,0,0,0.409091,0.545455,0.0454545,88,25507,60
1,table_pick,22,qpFreeGate,1,1,0.0606093,10425,28,9.35932,709,709,0,0.00324741,0.00249477,0,0,0.00453504,0,84,24,0.333333,0,0,0,1,0,0,0,0,0
1,table_pick,22,qpEnvelope,1,1,0.000533349,49,6,6.00521,327,327,0,0.00522491,0.00249477,0,0,0.122555,0.673469,1,1,6,0,0,0,0.326531,0.591837,0.0816327,49,14293,35
1,table_pick,29,isSafe,1,1,0.00171615,864,7,8.55617,6,429,0,0.00791404,0.00249477,0,0,0,0,4,1,1.75,0,0,0,0,0,0,0,0,0
1,table_pick,29,qpFixed,1,1,0.00526745,722,13,8.98763,723,723,0,0.00662821,0.00249477,0,0,0.0124482,0,1,1,13,0,0,0,1,0,0,722,175309,290
1,table_pick,29,qpPlain,1,1,0.00558929,722,13,8.98763,723,723,0,0.00662821,0.00249477,0,0,0.0124482,0,1,1,13,0,0,0,1,0,0,722,247646,722
1,table_pick,29,qpAdaptive,1,1,0.00116576,144,15,9.00496,519,519,0,0.0066294,0.00249477,0,0,0.0625344,0.8125,1,1,15,0,0,0,0.145833,0.763889,0.0902778,144,39129,97
1,table_pick,29,qpFreeGate,1,1,0.00610729,990,7,9.23812,727,727,0,0.00783225,0.00249477,0,0,0.00951034,0,4,2,1.75,0,0,0,1,0,0,0,0,0
1,table_pick,29,qpEnvelope,1,1,0.000872111,81,14,11.3084,598,598,0,0.00663495,0.00249477,0,0,0.18159,0.777778,2,2,7,0,0,0,0.209877,0.62963,0.160494,81,22771,49
1,table_pick,36,isSafe,1,1,0.00582496,2472,14,17.8303,10,893,0,0.00216185,0.00249477,0,0,0,0,27,8,0.518519,0,0,0,0,0,0,0,0,0
1,table_pick,36,qpFixed,1,1,0.0118615,1335,13,14.6721,1188,1188,0,0.000283764,0.00249477,0,0,0.0116813,0,3,3,4.33333,0,0,0,1,0,0,1335,372540,985
1,table_pick,36,qpPlain,1,1,0.0116246,1335,13,14.6721,1188,1188,0,0.000283764,0.00249477,0,0,0.0116813,0,3,3,4.33333,0,0,0,1,0,0,1335,457905,1335
1,table_pick,36,qpAdaptive,1,1,0.00803247,885,13,14.7016,1064,1064,0,0.000258735,0.00249477,0,0,0.0176541,0.220339,3,3,4.33333,0,0,0,0.776271,0.213559,0.0101695,885,256335,808
1,table_pick,36,qpFreeGate,1,1,0.0295784,4932,24,19.9494,2024,2024,0,0.00222494,0.00249477,0,0,0.00607593,0,27,13,0.888889,0,0,0,1,0,0,0,0,0
1,table_pick,36,qpEnvelope,1,1,0.00636608,664,13,14.7847,989,989,0,0.000313622,0.00249477,0,0,0.023664,0.115964,3,3,4.33333,0,0,0,0.884036,0.100904,0.0150602,664,194968,616
1,table_pick,43,isSafe,1,1,0.00348012,1487,9,5.56565,4,280,0,0.00167629,0.00249477,0,0,0,0,12,5,0.75,0,0,0,0,0,0,0,0,0
1,table_pick,43,qpFixed,1,1,0.00528773,808,7,6.8808,809,809,0,0.00326887,0.00249477,0,0,0.00851585,0,1,1,7,0,0,0,1,0,0,808,180489,329
1,table_pick,43,qpPlain,1,1,0.00622678,808,7,6.8808,809,809,0,0.00326887,0.00249477,0,0,0.00851585,0,1,1,7,0,0,0,1,0,0,808,277144,808
1,table_pick,43,qpAdaptive,1,1,0.00160824,223,7,6.88286,469,469,0,0.00329094,0.00249477,0,0,0.0308648,0.605381,1,1,7,0,0,0,0.394619,0.58296,0.0224215,223,52111,185
1,table_pick,43,qpFreeGate,1,1,0.0152125,2590,12,8.6848,717,717,0,0.00270771,0.00249477,0,0,0.0066605,0,20,7,0.6,0,0,0,1,0,0,0,0,0
1,table_pick,43,qpEnvelope,1,1,0.00119736,142,7,6.88723,430,430,0,0.00306482,0.00249477,0,0,0.0485016,0.640845,1,1,7,0,0,0,0.359155,0.605634,0.0352113,142,33194,120
1,table_pick,50,isSafe,1,1,0.0128127,5236,28,16.0368,10,803,0,0.00247543,0.00249477,0,0,0,0,110,24,0.254545,0,0,0,0,0,0,0,0,0
1,table_pick,50,qpFixed,1,1,0.0224467,2627,17,11.9766,910,910,0,0.00740642,0.00249477,0,0,0.00984663,0,7,6,2.42857,0,0,0,1,0,0,2627,728823,1852
1,table_pick,50,qpPlain,1,1,0.0221384,2627,17,11.9766,910,910,0,0.00740642,0.00249477,0,0,0.00984663,0,7,6,2.42857,0,0,0,1,0,0,2627,901061,2627
1,table_pick,50,qpAdaptive,1,1,0.0133565,1494,17,11.9786,674,674,0,0.00740535,0.00249477,0,0,0.0173255,0.271754,7,6,2.42857,0,0,0,0.725569,0.267068,0.00736278,1494,435801,1422
1,table_pick,50,qpFreeGate,1,1,0.0484815,8371,31,17.3768,1470,1470,0,0.00127237,0.00249477,0,0,0.0050683,0,65,21,0.476923,0,0,0,1,0,0,0,0,0
1,table_pick,50,qpEnvelope,1,1,0.00933625,1001,17,11.9852,641,641,0,0.00740954,0.00249477,0,0,0.0258855,0.176823,7,6,2.42857,0,0,0,0.823177,0.164835,0.011988,1001,290868,970
1,table_pick,57,isSafe,1,1,0.00297786,1375,9,10.9029,7,547,0,0.00673685,0.00249477,0,0,0,0,14,4,0.642857,0,0,0,0,0,0,0,0,0
1,table_pick,57,qpFixed,1,1,0.00438005,725,7,8.79605,726,726,0,0.0062516,0.00249477,0,0,0.0121325,0,1,1,7,0,0,0,1,0,0,725,157479,119
1,table_pick,57,qpPlain,1,1,0.00534101,725,7,8.79605,726,726,0,0.0062516,0.00249477,0,0,0.0121325,0,1,1,7,0,0,0,1,0,0,725,248675,725
1,table_pick,57,qpAdaptive,1,1,0.000824688,104,7,8.79862,500,500,0,0.0062516,0.00249477,0,0,0.0846022,0.759615,1,1,7,0,0,0,0.221154,0.730769,0.0480769,104,24961,64
1,table_pick,57,qpFreeGate,1,1,0.0140441,2304,12,10.5604,854,854,0,0.0065778,0.00249477,0,0,0.00718327,0,15,7,0.8,0,0,0,1,0,0,0,0,0
1,table_pick,57,qpEnvelope,1,1,0.000603031,60,7,8.80485,472,472,0,0.00628174,0.00249477,0,0,0.146747,0.716667,1,1,7,0,0,0,0.283333,0.633333,0.0833333,60,14580,43
1,table_pick,64,isSafe,1,1,0.00782791,3192,17,9.45455,6,474,0,0.00174274,0.00249477,0,0,0,0,54,13,0.314815,0,0,0,0,0,0,0,0,0
1,table_pick,64,qpFixed,1,1,0.00933994,1139,9,8.31911,643,643,0,0.00039598,0.00249477,0,0,0.0115896,0,3,3,3,0,0,0,1,0,0,1139,311450,531
1,table_pick,64,qpPlain,1,1,0.00929599,1139,9,8.31911,643,643,0,0.00039598,0.00249477,0,0,0.0115896,0,3,3,3,0,0,0,1,0,0,1139,390677,1139
1,table_pick,64,qpAdaptive,1,1,0.0037173,421,9,8.31926,539,539,0,0.00039598,0.00249477,0,0,0.0314066,0.228029,3,3,3,0,0,0,0.769596,0.213777,0.0166271,421,124430,370
1,table_pick,64,qpFreeGate,1,1,0.0424309,7388,26,10.5254,846,846,0,0.00175153,0.00249477,0,0,0.00508509,0,55,20,0.472727,0,0,0,1,0,0,0,0,0
1,table_pick,64,qpEnvelope,1,1,0.00332378,354,9,8.31984,527,527,0,0.00039598,0.00249477,0,0,0.0373827,0.124294,3,3,3,0,0,0,0.870056,0.110169,0.019774,354,104513,332
1,table_pick,71,isSafe,1,1,0.00221976,1001,7,7.48647,5,376,0,0.00314427,0.00249477,0,0,0,0,8,3,0.875,0,0,0,0,0,0,0,0,0
1,table_pick,71,qpFixed,1,1,0.00710991,973,7,9.01833,807,807,0,0.00644852,0.00249477,0,0,0.0100631,0,2,2,3.5,0,0,0,1,0,0,973,261785,367
1,table_pick,71,qpPlain,1,1,0.00715705,973,7,9.01833,807,807,0,0.00644852,0.00249477,0,0,0.0100631,0,2,2,3.5,0,0,0,1,0,0,973,333739,973
1,table_pick,71,qpAdaptive,1,1,0.00252379,351,7,9.0294,540,540,0,0.00643494,0.00249477,0,0,0.0279293,0.37037,2,2,3.5,0,0,0,0.626781,0.361823,0.011396,351,92639,269
1,table_pick,71,qpFreeGate,1,1,0.00875856,1442,9,8.47084,753,753,0,0.00301432,0.00249477,0,0,0.00824767,0,8,5,1.125,0,0,0,1,0,0,0,0,0
1,table_pick,71,qpEnvelope,1,1,0.0016573,193,7,9.06381,486,486,0,0.00641557,0.00249477,0,0,0.0509934,0.248705,2,2,3.5,0,0,0,0.740933,0.233161,0.0259067,193,51152,159
1,table_pick,78,isSafe,1,1,0.00645102,2781,14,9.43603,6,473,0,0.00449444,0.00249477,0,0,0,0,30,10,0.466667,0,0,0,0,0,0,0,0,0
1,table_pick,78,qpFixed,1,1,0.00394783,632,6,7.5138,633,633,0,0.00449444,0.00249477,0,0,0.0118889,0,1,1,6,0,0,0,1,0,0,632,149976,189
1,table_pick,78,qpPlain,1,1,0.00454943,632,6,7.5138,633,633,0,0.00449444,0.00249477,0,0,0.0118889,0,1,1,6,0,0,0,1,0,0,632,216776,632
1,table_pick,78,qpAdaptive,1,1,0.00093267,128,6,7.51429,432,432,0,0.00449444,0.00249477,0,0,0.0587054,0.742188,1,1,6,0,0,0,0.257812,0.710938,0.03125,128,33572,76
1,table_pick,78,qpFreeGate,1,1,0.0155774,2626,14,10.5933,1072,1072,0,0.000593355,0.00249477,0,0,0.00782639,0,16,9,0.875,0,0,0,1,0,0,0,0,0
1,table_pick,78,qpEnvelope,1,1,0.00063545,65,6,7.51558,412,412,0,0.00449444,0.00249477,0,0,0.115624,0.876923,1,1,6,0,0,0,0.107692,0.830769,0.0615385,65,17233,41
1,table_pick,85,isSafe,1,1,0.0145721,5960,31,12.4476,8,624,0,0.00232714,0.00249477,0,0,0,0,152,28,0.203947,0,0,0,0,0,0,0,0,0
1,table_pick,85,qpFixed,1,1,0.00413217,632,7,7.97002,633,633,0,0.00478849,0.00249477,0,0,0.0126108,0,1,1,7,0,0,0,1,0,0,632,152350,140
1,table_pick,85,qpPlain,1,1,0.00461693,632,7,7.97002,633,633,0,0.00478849,0.00249477,0,0,0.0126108,0,1,1,7,0,0,0,1,0,0,632,216776,632
1,table_pick,85,qpAdaptive,1,1,0.000858849,105,7,7.97047,451,451,0,0.00478849,0.00249477,0,0,0.0759093,0.638095,1,1,7,0,0,0,0.361905,0.590476,0.047619,105,29523,71
1,table_pick,85,qpFreeGate,1,1,0.102696,18201,46,15.0376,1215,1215,0,0.00181554,0.00249477,0,0,0.00412349,0,153,39,0.300654,0,0,0,1,0,0,0,0,0
1,table_pick,85,qpEnvelope,1,1,0.000613549,57,7,7.97308,431,431,0,0.00475386,0.00249477,0,0,0.139879,0.666667,1,1,7,0,0,0,0.333333,0.578947,0.0877193,57,16181,40
1,table_pick,92,isSafe,1,1,0.0155984,6683,32,9.85323,6,494,0,0.00435635,0.00249477,0,0,0,0,130,29,0.246154,0,0,0,0,0,0,0,0,0
1,table_pick,92,qpFixed,1,1,0.00266204,374,5,5.22917,375,375,0,0.00734849,0.00249477,0,0,0.0139817,0,1,1,5,0,0,0,1,0,0,374,94039,75
1,table_pick,92,qpPlain,1,1,0.00278152,374,5,5.22917,375,375,0,0.00734849,0.00249477,0,0,0.0139817,0,1,1,5,0,0,0,1,0,0,374,128282,374
1,table_pick,92,qpAdaptive,1,1,0.000634342,85,5,5.2278,296,296,0,0.00734849,0.00249477,0,0,0.0615035,0.729412,1,1,5,0,0,0,0.258824,0.705882,0.0352941,85,20865,49
1,table_pick,92,qpFreeGate,1,1,0.0192155,3391,16,11.5074,887,887,0,0.00276406,0.00249477,0,0,0.00698931,0,25,11,0.64,0,0,0,1,0,0,0,0,0
1,table_pick,92,qpEnvelope,1,1,0.000488168,47,5,5.22867,283,283,0,0.00734849,0.00249477,0,0,0.111248,0.829787,1,1,5,0,0,0,0.170213,0.765957,0.0638298,47,11371,32
1,table_pick,99,isSafe,1,1,0.00293384,1293,9,10.5018,7,527,0,0.0078365,0.00249477,0,0,0,0,16,5,0.5625,0,0,0,0,0,0,0,0,0
1,table_pick,99,qpFixed,1,1,0.00460027,674,7,7.26564,675,675,0,0.00163197,0.00249477,0,0,0.0107799,0,1,1,7,0,0,0,1,0,0,674,156784,222
1,table_pick,99,qpPlain,1,1,0.00514555,674,7,7.26564,675,675,0,0.00163197,0.00249477,0,0,0.0107799,0,1,1,7,0,0,0,1,0,0,674,231182,674
1,table_pick,99,qpAdaptive,1,1,0.0013876,179,7,7.26056,470,470,0,0.00162727,0.00249477,0,0,0.0405618,0.569832,1,1,7,0,0,0,0.430168,0.541899,0.027933,179,46052,141
1,table_pick,99,qpFreeGate,1,1,0.0139516,2334,12,13.5122,1051,1051,0,0.0078365,0.00249477,0,0,0.00719672,0,16,7,0.75,0,0,0,1,0,0,0,0,0
1,table_pick,99,qpEnvelope,1,1,0.000848503,87,7,7.26649,418,418,0,0.00157465,0.00249477,0,0,0.0835229,0.54023,1,1,7,0,0,0,0.45977,0.482759,0.0574713,87,22846,70
1,cage,6,isSafe,1,1,0.509784,216573,1410,19.3406,12,969,0,0.00230014,0.00249477,0,0,0,0,13434,1407,0.104958,0,0,0,0,0,0,0,0,0
1,cage,6,qpFixed,1,1,0.117973,14616,90,26.1413,2285,2285,0,2.6617e-05,0.00249477,0,0,0.00866054,0,55,42,1.63636,0,0,0,1,0,0,14616,3886681,13291
1,cage,6,qpPlain,1,1,0.122441,14616,90,26.1413,2285,2285,0,2.6617e-05,0.00249477,0,0,0.00866054,0,55,42,1.63636,0,0,0,1,0,0,14616,5013288,14616
1,cage,6,qpAdaptive,1,1,0.091495,10929,89,26.1606,2030,2030,0,2.57815e-05,0.00249477,0,0,0.0115904,0.230122,55,42,1.61818,0,0,0,0.767225,0.228383,0.00439198,10929,2912778,10684
1,cage,6,qpFreeGate,1,1,0.447932,78342,177,25.9437,2690,2690,0,0.0036101,0.00249477,0,0,0.00365806,0,572,154,0.309441,0,0,0,1,0,0,0,0,0
1,cage,6,qpEnvelope,1,1,0.177971,20476,157,16.8594,983,983,0,0.000217089,0.00249477,0,0,0.0137655,0.161018,147,86,1.06803,0,0,0,0.838152,0.155841,0.00600703,20476,5359503,20196
1,cage,13,isSafe,1,1,0.082251,35972,189,16.2156,10,812,0,0.0132613,0.00249477,0,0,0,0,1553,185,0.1217,0,0,0,0,0,0,0,0,0
1,cage,13,qpFixed,1,1,0.122349,15094,84,28.5203,2484,2484,0,0.00013368,0.00249477,0,0,0.00892492,0,58,47,1.44828,0,0,0,1,0,0,15094,4077967,13841
1,cage,13,qpPlain,1,1,0.13278,15094,84,28.5203,2484,2484,0,0.00013368,0.00249477,0,0,0.00892492,0,58,47,1.44828,0,0,0,1,0,0,15094,5177242,15094
1,cage,13,qpAdaptive,1,1,0.0991722,11218,85,28.8845,2215,2215,0,0.000133434,0.00249477,0,0,0.0120217,0.235425,58,47,1.46552,0,0,0,0.763059,0.233197,0.00374398,11218,3072364,11043
1,cage,13,qpFreeGate,1,1,0.26739,45752,100,15.7492,1686,1686,0,0.00296666,0.00249477,0,0,0.00382849,0,323,85,0.309598,0,0,0,1,0,0,0,0,0
1,cage,13,qpEnvelope,1,1,0.0806603,8607,84,28.6562,2000,2000,0,0.000133982,0.00249477,0,0,0.0157968,0.196119,58,47,1.44828,0,0,0,0.803183,0.190078,0.0067387,8607,2354582,8525
1,cage,20,isSafe,1,1,1.14337,468254,3473,25.0738,15,1255,0,0.0051568,0.00249477,0,0,0,0,32592,3470,0.10656,0,0,0,0,0,0,0,0,0
1,cage,20,qpFixed,1,1,0.472297,58349,237,36.0716,2894,2894,0,0.000307373,0.00249477,0,0,0.00777205,0,255,143,0.929412,0,0,0,1,0,0,58349,15951885,52981
1,cage,20,qpPlain,1,1,0.508082,58349,237,36.0716,2894,2894,0,0.000307373,0.00249477,0,0,0.00777205,0,255,143,0.929412,0,0,0,1,0,0,58349,20013707,58349
1,cage,20,qpAdaptive,1,1,0.326736,37378,195,26.7674,1844,1844,0,0.000296221,0.00249477,0,0,0.0100402,0.187329,213,117,0.915493,0,0,0,0.81152,0.185724,0.00275563,37378,10205310,36575
1,cage,20,qpFreeGate,1,1,7.5185,1320814,2155,30.5264,3282,3282,0,0.0019028,0.00249477,0,0,0.00253672,0,12096,2104,0.178158,0,0,0,1,0,0,0,0,0
1,cage,20,qpEnvelope,1,1,0.28043,30553,195,26.9523,1708,1708,0,0.00030173,0.00249477,0,0,0.0123762,0.138612,213,118,0.915493,0,0,0,0.860668,0.135044,0.00428763,30553,8291393,30285
1,cage,27,isSafe,1,1,0.200662,86081,499,27.8617,16,1395,0,0.00409846,0.00249477,0,0,0,0,4022,495,0.124068,0,0,0,0,0,0,0,0,0
1,cage,27,qpFixed,1,1,0.0574471,7393,43,21.5748,1727,1727,0,0.00145182,0.00249477,0,0,0.00986694,0,27,20,1.59259,0,0,0,1,0,0,7393,1933528,6422
1,cage,27,qpPlain,1,1,0.0630603,7393,43,21.5748,1727,1727,0,0.00145182,0.00249477,0,0,0.00986694,0,27,20,1.59259,0,0,0,1,0,0,7393,2535799,7393
1,cage,27,qpAdaptive,1,1,0.0423156,4948,43,21.6029,1419,1419,0,0.00144412,0.00249477,0,0,0.0147608,0.359135,27,20,1.59259,0,0,0,0.63844,0.355901,0.00565885,4948,1293069,4749
1,cage,27,qpFreeGate,1,1,1.25484,221920,397,19.7181,2312,2312,0,0.000685251,0.00249477,0,0,0.00317003,0,1775,367,0.223662,0,0,0,1,0,0,0,0,0
1,cage,27,qpEnvelope,1,1,0.086101,9223,106,27.2691,1713,1713,0,0.000412357,0.00249477,0,0,0.019021,0.241028,75,52,1.41333,0,0,0,0.757563,0.233113,0.00932451,9223,2507070,8940
1,cage,34,isSafe,1,1,0.037482,15799,80,12.3285,8,618,0,0.0115121,0.00249477,0,0,0,0,634,76,0.126183,0,0,0,0,0,0,0,0,0
1,cage,34,qpFixed,1,1,0.0857678,10864,59,15.4783,1482,1482,0,9.03355e-05,0.00249477,0,0,0.00859554,0,37,29,1.59459,0,0,0,1,0,0,10864,2953909,10330
1,cage,34,qpPlain,1,1,0.0915947,10864,59,15.4783,1482,1482,0,9.03355e-05,0.00249477,0,0,0.00859554,0,37,29,1.59459,0,0,0,1,0,0,10864,3726352,10864
1,cage,34,qpAdaptive,1,1,0.0708147,8396,59,15.4867,1153,1153,0,9.82126e-05,0.00249477,0,0,0.0111266,0.211172,37,29,1.59459,0,0,0,0.788352,0.209385,0.00226298,8396,2272807,8280
1,cage,34,qpFreeGate,1,1,1.00727,176478,331,11.2562,1004,1004,0,0.00660638,0.00249477,0,0,0.00322558,0,1419,313,0.233263,0,0,0,1,0,0,0,0,0
1,cage,34,qpEnvelope,1,1,0.0553647,6155,59,15.529,1054,1054,0,0.000129045,0.00249477,0,0,0.0152172,0.187165,37,29,1.59459,0,0,0,0.812348,0.182616,0.00503656,6155,1648426,6095
1,cage,41,isSafe,1,1,0.564676,236130,1604,41.2859,25,2066,0,0.00202541,0.00249477,0,0,0,0,16011,1600,0.100181,0,0,0,0,0,0,0,0,0
1,cage,41,qpFixed,1,1,0.142875,18051,91,18.6515,1576,1576,0,0.000873461,0.00249477,0,0,0.00863339,0,73,50,1.24658,0,0,0,1,0,0,18051,4936236,16114
1,cage,41,qpPlain,1,1,0.1544,18051,91,18.6515,1576,1576,0,0.000873461,0.00249477,0,0,0.00863339,0,73,50,1.24658,0,0,0,1,0,0,18051,6191493,18051
1,cage,41,qpAdaptive,1,1,0.114697,13425,91,18.6749,1314,1314,0,0.000859495,0.00249477,0,0,0.0116143,0.252812,73,50,1.24658,0,0,0,0.746145,0.250354,0.00350093,13425,3687833,13029
1,cage,41,qpFreeGate,1,1,2.50794,440435,735,14.4587,1573,1573,0,0.00854651,0.00249477,0,0,0.0028279,0,3889,704,0.188995,0,0,0,1,0,0,0,0,0
1,cage,41,qpEnvelope,1,1,0.181497,19896,171,23.6077,1494,1494,0,0.000168245,0.00249477,0,0,0.0143292,0.160283,142,90,1.20423,0,0,0,0.838812,0.154956,0.00623241,19896,5536754,19450
1,cage,48,isSafe,1,1,1.24991,503531,3449,24.855,15,1244,0,0.0138293,0.00249477,0,0,0,0,34152,3446,0.10099,0,0,0,0,0,0,0,0,0
1,cage,48,qpFixed,1,1,0.021016,2718,23,13.5669,1268,1268,57,-0.00270253,0.00249477,0,0,0.010719,0,5,5,4.6,0,0,0,1,0,0,2718,732447,1365
1,cage,48,qpPlain,1,1,0.0213598,2718,23,13.5669,1268,1268,57,-0.00270253,0.00249477,0,0,0.010719,0,5,5,4.6,0,0,0,1,0,0,2718,932274,2718
1,cage,48,qpAdaptive,1,1,0.0090468,1071,24,13.5413,935,935,59,-0.0011462,0.00249477,0,0,0.0272359,0.45098,5,5,4.8,0,0,0,0.543417,0.435107,0.0214753,1071,307931,839
1,cage,48,qpFreeGate,1,1,3.04558,539369,949,25.0457,2353,2353,0,0.00690508,0.00249477,0,0,0.00278586,0,5553,934,0.170899,0,0,0,1,0,0,0,0,0
1,cage,48,qpEnvelope,1,1,0.00672754,724,24,13.5372,867,867,59,-0.000992703,0.00249477,0,0,0.0403449,0.312155,5,5,4.8,0,0,0,0.686464,0.281768,0.031768,724,206319,624
1,cage,55,isSafe,1,1,0.444002,190184,1219,19.0405,12,954,0,0.00296384,0.00249477,0,0,0,0,11009,1214,0.110728,0,0,0,0,0,0,0,0,0
1,cage,55,qpFixed,1,1,0.148101,17606,88,16.8054,1318,1318,0,0.00313648,0.00249477,0,0,0.0088584,0,70,49,1.25714,0,0,0,1,0,0,17606,4786312,15766
1,cage,55,qpPlain,1,1,0.155746,17606,88,16.8054,1318,1318,0,0.00313648,0.00249477,0,0,0.0088584,0,70,49,1.25714,0,0,0,1,0,0,17606,6038858,17606
1,cage,55,qpAdaptive,1,1,0.122127,14167,89,16.8098,1078,1078,0,0.00300617,0.00249477,0,0,0.0111145,0.197854,70,50,1.27143,0,0,0,0.801158,0.19609,0.00275288,14167,3880409,13876
1,cage,55,qpFreeGate,1,1,4.76465,841622,1316,13.9189,1448,1448,0,0.00469601,0.00249477,0,0,0.00257931,0,7297,1268,0.180348,0,0,0,1,0,0,0,0,0
1,cage,55,qpEnvelope,1,1,0.0938271,10337,88,16.8702,964,964,0,0.00286403,0.00249477,0,0,0.0149942,0.147045,70,50,1.25714,0,0,0,0.851891,0.142401,0.00570765,10337,2778824,10206
1,cage,62,isSafe,1,1,1.79545,727451,5452,24.9336,16,1248,0,0.00376676,0.00249477,0,0,0,0,51134,5449,0.106622,0,0,0,0,0,0,0,0,0
1,cage,62,qpFixed,1,1,0.0472388,6152,34,19.0315,1598,1598,0,1.48837e-05,0.00249477,0,0,0.00951849,0,19,15,1.78947,0,0,0,1,0,0,6152,1539528,4573
1,cage,62,qpPlain,1,1,0.0512527,6152,34,19.0315,1598,1598,0,1.48837e-05,0.00249477,0,0,0.00951849,0,19,15,1.78947,0,0,0,1,0,0,6152,2110136,6152
1,cage,62,qpAdaptive,1,1,0.0293584,3649,33,19.0336,1305,1305,0,1.47046e-05,0.00249477,0,0,0.0160643,0.205262,19,15,1.73684,0,0,0,0.793368,0.200603,0.00602905,3649,925643,3436
1,cage,62,qpFreeGate,1,1,2.78424,490662,1004,23.9967,2329,2329,0,0.00173462,0.00249477,0,0,0.00307075,0,5546,992,0.181031,0,0,0,1,0,0,0,0,0
1,cage,62,qpEnvelope,1,1,0.0244265,2928,33,19.0328,1222,1222,0,1.70481e-05,0.00249477,0,0,0.0200669,0.110997,19,15,1.73684,0,0,0,0.887637,0.104167,0.00819672,2928,748522,2848
1,cage,69,isSafe,1,1,0.159921,71018,394,28.1376,16,1408,0,0.0036288,0.00249477,0,0,0,0,3623,390,0.10875,0,0,0,0,0,0,0,0,0
1,cage,69,qpFixed,1,1,0.0611415,7238,46,18.6092,1526,1526,7,-0.000591793,0.00249477,0,0,0.00937313,0,23,20,2,0,0,0,1,0,0,7238,2004459,6567
1,cage,69,qpPlain,1,1,0.0607943,7238,46,18.6092,1526,1526,7,-0.000591793,0.00249477,0,0,0.00937313,0,23,20,2,0,0,0,1,0,0,7238,2482634,7238
1,cage,69,qpAdaptive,1,1,0.0442358,4896,46,18.6113,1338,1338,0,0.000116119,0.00249477,0,0,0.0138817,0.26777,23,20,2,0,0,0,0.730392,0.26491,0.00469771,4896,1362041,4765
1,cage,69,qpFreeGate,1,1,1.68744,297035,520,28.1828,3347,3347,0,0.00170695,0.00249477,0,0,0.00295892,0,2648,499,0.196375,0,0,0,1,0,0,0,0,0
1,cage,69,qpEnvelope,1,1,0.033526,3689,46,18.6238,1209,1209,0,0.000106144,0.00249477,0,0,0.0184322,0.247221,23,20,2,0,0,0,0.751694,0.239902,0.00840336,3689,1016785,3634
1,cage,76,isSafe,1,1,0.299138,130932,784,20.3795,12,1020,0,0.0154214,0.00249477,0,0,0,0,7606,781,0.103077,0,0,0,0,0,0,0,0,0
1,cage,76,qpFixed,1,1,0.162054,19462,100,24.2843,2044,2044,0,0.000124991,0.00249477,0,0,0.00862511,0,75,56,1.33333,0,0,0,1,0,0,19462,5152393,17864
1,cage,76,qpPlain,1,1,0.169122,19462,100,24.2843,2044,2044,0,0.000124991,0.00249477,0,0,0.00862511,0,75,56,1.33333,0,0,0,1,0,0,19462,6675466,19462
1,cage,76,qpAdaptive,1,1,0.126407,14650,101,24.3459,1709,1709,0,0.000124507,0.00249477,0,0,0.0114748,0.226894,75,56,1.34667,0,0,0,0.771945,0.224915,0.00313993,14650,3887433,14388
1,cage,76,qpFreeGate,1,1,1.48524,261349,464,24.2771,2321,2321,0,0.00473592,0.00249477,0,0,0.00303575,0,2136,437,0.217228,0,0,0,1,0,0,0,0,0
1,cage,76,qpEnvelope,1,1,0.100077,10449,99,24.4506,1497,1497,0,0.00012182,0.00249477,0,0,0.0158145,0.186238,75,54,1.32,0,0,0,0.812805,0.180113,0.00708202,10449,2733793,10361
1,cage,83,isSafe,1,1,0.439209,191393,1215,21.0346,13,1053,0,0.00200707,0.00249477,0,0,0,0,10448,1210,0.11629,0,0,0,0,0,0,0,0,0
1,cage,83,qpFixed,1,1,0.182268,21747,111,12.5844,1161,1161,0,0.000282295,0.00249477,0,0,0.00855693,0,85,61,1.30588,0,0,0,1,0,0,21747,5778231,20207
1,cage,83,qpPlain,1,1,0.203149,21747,111,12.5844,1161,1161,0,0.000282295,0.00249477,0,0,0.00855693,0,85,61,1.30588,0,0,0,1,0,0,21747,7459221,21747
1,cage,83,qpAdaptive,1,1,0.149779,17458,112,12.6044,952,952,0,0.000306013,0.00249477,0,0,0.0106704,0.189655,85,61,1.31765,0,0,0,0.808673,0.188463,0.00286418,17458,4636939,17084
1,cage,83,qpFreeGate,1,1,1.44852,256598,442,16.6286,1850,1850,0,0.00306861,0.00249477,0,0,0.00307225,0,2099,423,0.210576,0,0,0,1,0,0,0,0,0
1,cage,83,qpEnvelope,1,1,0.107573,11916,114,12.634,840,840,0,0.000373184,0.00249477,0,0,0.0156166,0.164485,85,62,1.34118,0,0,0,0.833991,0.158204,0.00780529,11916,3132244,11765
1,cage,90,isSafe,1,1,0.128056,57156,309,24.4448,14,1224,0,0.0158428,0.00249477,0,0,0,0,2457,306,0.125763,0,0,0,0,0,0,0,0,0
1,cage,90,qpFixed,1,1,0.223849,27272,128,17.2973,1513,1513,0,0.000139081,0.00249477,0,0,0.00808577,0,112,75,1.14286,0,0,0,1,0,0,27272,7333557,24632
1,cage,90,qpPlain,1,1,0.236849,27272,128,17.2973,1513,1513,0,0.000139081,0.00249477,0,0,0.00808577,0,112,75,1.14286,0,0,0,1,0,0,27272,9354296,27272
1,cage,90,qpAdaptive,1,1,0.182871,21075,128,17.3108,1332,1332,0,0.00013001,0.00249477,0,0,0.0104732,0.193926,112,75,1.14286,0,0,0,0.80503,0.192123,0.00284698,21075,5720608,20683
1,cage,90,qpFreeGate,1,1,0.947933,166086,320,18.7968,2328,2328,0,0.000379784,0.00249477,0,0,0.00332764,0,1317,293,0.242976,0,0,0,1,0,0,0,0,0
1,cage,90,qpEnvelope,1,1,0.147338,16229,130,17.4635,1162,1162,0,0.000148427,0.00249477,0,0,0.0137084,0.133095,112,76,1.16071,0,0,0,0.865919,0.128659,0.00542239,16229,4420425,16078
1,cage,97,isSafe,1,1,0.09093,40333,208,16.1366,10,808,0,0.00799689,0.00249477,0,0,0,0,1988,205,0.104628,0,0,0,0,0,0,0,0,0
1,cage,97,qpFixed,1,1,0.0307019,3764,27,15.285,1242,1242,0,0.00255508,0.00249477,0,0,0.011027,0,12,12,2.25,0,0,0,1,0,0,3764,1000627,3103
1,cage,97,qpPlain,1,1,0.0330031,3764,27,15.285,1242,1242,0,0.00255508,0.00249477,0,0,0.011027,0,12,12,2.25,0,0,0,1,0,0,3764,1291052,3764
1,cage,97,qpAdaptive,1,1,0.0214015,2566,27,15.2663,1035,1035,0,0.00254271,0.00249477,0,0,0.01618,0.33827,12,12,2.25,0,0,0,0.659392,0.335542,0.00506625,2566,687301,2415
1,cage,97,qpFreeGate,1,1,1.3196,231997,360,17.1874,2026,2026,0,0.00251087,0.00249477,0,0,0.00282207,0,1882,344,0.191286,0,0,0,1,0,0,0,0,0
1,cage,97,qpEnvelope,1,1,0.013714,1412,27,15.2084,899,899,0,0.0024455,0.00249477,0,0,0.0281205,0.407932,12,12,2.25,0,0,0,0.589235,0.395184,0.0155807,1412,389614,1355
