seed,scene,problem,method,eligible,solved,seconds,samples,vertices,path_length,waypoints,audited_states,unsafe_states,min_clearance,min_self_overlap,self_colliding,misses,rad_per_call,coarse_fraction,primary_samples,productive_samples,vertices_per_sample,picard_attempts,picard_accepted,picard_fallbacks,hop_floored,hop_at_region,hop_edge_limited,qp_calls,qp_rows,qp_solves
1,bookshelf_tall,1,isSafe,1,1,0.0095183,2027,12,11.9051,7,597,0,0.00542864,0.00249477,0,0,0,0,18,8,0.666667,0,0,0,0,0,0,0,0,0
1,bookshelf_tall,1,qpFixed,1,1,0.0120772,932,9,10.881,764,764,0,0.00785175,0.00249477,0,0,0.0137536,0,2,2,4.5,0,0,0,1,0,0,932,229657,369
1,bookshelf_tall,1,qpPlain,1,1,0.0129122,932,9,10.881,764,764,0,0.00785175,0.00249477,0,0,0.0137536,0,2,2,4.5,0,0,0,1,0,0,932,319676,932
1,bookshelf_tall,1,qpAdaptive,1,1,0.00358942,246,9,10.8682,612,612,0,0.00785175,0.00249477,0,0,0.0520174,0.890244,2,2,4.5,0,0,0,0.105691,0.865854,0.0284553,246,66543,181
1,bookshelf_tall,1,qpFreeGate,1,1,0.0125429,1758,11,10.4526,1057,1057,0,0.00420662,0.00249477,0,0,0.00670499,0,7,5,1.57143,0,0,0,1,0,0,0,0,0
1,bookshelf_tall,1,qpFreeEnvelope,1,1,0.00588024,295,22,12.076,624,624,0,0.00785175,0.00249477,0,0,0.109031,0.942373,36,17,0.611111,0,0,0,0.0276817,0.84083,0.131488,0,0,0
1,bookshelf_tall,1,qpEnvelope,1,1,0.00149299,83,9,10.8745,573,573,0,0.00785175,0.00249477,0,0,0.154689,0.86747,2,2,4.5,0,0,0,0.13253,0.783133,0.0843373,83,23442,58
1,bookshelf_tall,27,isSafe,1,1,0.0183859,3927,21,14.5973,9,731,0,0.00376789,0.00249477,0,0,0,0,57,15,0.368421,0,0,0,0,0,0,0,0,0
1,bookshelf_tall,27,qpFixed,1,1,0.0168095,1315,15,13.1243,985,985,0,0.00392288,0.00249477,0,0,0.0121665,0,3,3,5,0,0,0,1,0,0,1315,376618,686
1,bookshelf_tall,27,qpPlain,1,1,0.0169908,1315,15,13.1243,985,985,0,0.00392288,0.00249477,0,0,0.0121665,0,3,3,5,0,0,0,1,0,0,1315,451045,1315
1,bookshelf_tall,27,qpAdaptive,1,1,0.00755268,538,15,13.1235,788,788,0,0.00392288,0.00249477,0,0,0.0297061,0.48513,3,3,5,0,0,0,0.509294,0.468401,0.0223048,538,171252,463
1,bookshelf_tall,27,qpFreeGate,1,1,0.200613,27140,74,13.3428,1481,1481,0,0.00443821,0.00227489,0,0,0.00451703,0,206,64,0.359223,0,0,0,1,0,0,0,0,0
1,bookshelf_tall,27,qpFreeEnvelope,1,1,0.0701446,3365,136,14.1439,749,749,0,0.000726018,0.00249477,0,0,0.072137,0.952452,460,129,0.295652,0,0,0,0.0245069,0.832038,0.143455,0,0,0
1,bookshelf_tall,27,qpEnvelope,1,1,0.00377251,243,15,13.1783,710,710,0,0.00392288,0.00249477,0,0,0.0661418,0.37037,3,3,5,0,0,0,0.625514,0.325103,0.0493827,243,77746,214
1,bookshelf_tall,51,isSafe,1,1,0.537795,109601,617,20.3433,12,1019,0,0.00186866,0.00249477,0,0,0,0,3232,614,0.190903,0,0,0,0,0,0,0,0,0
1,bookshelf_tall,51,qpFixed,1,1,0.0339154,2568,23,16.2033,1338,1338,0,0.000173008,0.00231701,0,0,0.0110893,0,10,9,2.3,0,0,0,1,0,0,2562,714734,1417
1,bookshelf_tall,51,qpPlain,1,1,0.0337624,2568,23,16.2033,1338,1338,0,0.000173008,0.00231701,0,0,0.0110893,0,10,9,2.3,0,0,0,1,0,0,2562,878766,2562
1,bookshelf_tall,51,qpAdaptive,1,1,0.0121052,871,24,16.2377,971,971,0,0.000173008,0.00215955,0,0,0.032742,0.560276,10,9,2.4,0,0,0,0.431214,0.544509,0.0242775,865,262266,732
1,bookshelf_tall,51,qpFreeGate,1,1,1.52142,206416,509,17.4078,1918,1918,0,0.00333271,0.00249477,0,0,0.00403825,0,1694,494,0.300472,0,0,0,1,0,0,0,0,0
1,bookshelf_tall,51,qpFreeEnvelope,1,1,0.225781,10573,491,23.1015,1202,1202,0,0.00145439,0.00249477,0,0,0.0789547,0.954791,1694,484,0.289847,0,0,0,0.0101962,0.82474,0.165063,0,0,0
1,bookshelf_tall,51,qpEnvelope,1,1,0.00603022,384,21,16.3364,896,896,0,0.000246471,0.00144286,0,0,0.0743656,0.424479,10,9,2.1,0,0,0,0.563492,0.388889,0.047619,378,116884,351
1,bookshelf_tall,76,isSafe,1,1,0.0327286,6759,36,14.0228,9,703,0,0.00453929,0.00249477,0,0,0,0,100,32,0.36,0,0,0,0,0,0,0,0,0
1,bookshelf_tall,76,qpFixed,1,1,0.0267739,2014,13,14.7906,1230,1230,0,0.000330569,3.31852e-05,0,0,0.00982467,0,6,4,2.16667,0,0,0,1,0,0,2013,551023,1845
1,bookshelf_tall,76,qpPlain,1,1,0.027174,2014,13,14.7906,1230,1230,0,0.000330569,3.31852e-05,0,0,0.00982467,0,6,4,2.16667,0,0,0,1,0,0,2013,690459,2013
1,bookshelf_tall,76,qpAdaptive,1,1,0.0222781,1622,13,14.7964,1169,1169,0,0.000328158,3.32499e-05,0,0,0.0122176,0.196671,6,4,2.16667,0,0,0,0.801357,0.194941,0.00370142,1621,447469,1478
1,bookshelf_tall,76,qpFreeGate,1,1,0.039474,5347,20,13.2607,1157,1157,0,0.00725937,0.00249477,0,0,0.00529914,0,29,13,0.689655,0,0,0,1,0,0,0,0,0
1,bookshelf_tall,76,qpFreeEnvelope,1,1,0.00974256,482,31,17.7436,946,946,0,0.000577437,0.000220721,0,0,0.104965,0.815353,64,25,0.484375,0,0,0,0.121475,0.770065,0.10846,0,0,0
1,bookshelf_tall,76,qpEnvelope,1,1,0.0165732,1190,13,14.8489,1073,1073,0,0.000341044,3.24863e-05,0,0,0.0167471,0.0789916,6,4,2.16667,0,0,0,0.920942,0.0723297,0.00672834,1189,329771,1079
1,bookshelf_thin,2,isSafe,1,1,0.0160233,2536,15,12.8172,8,642,0,0.00275662,0.00249477,0,0,0,0,24,10,0.625,0,0,0,0,0,0,0,0,0
1,bookshelf_thin,2,qpFixed,1,1,0.0259308,1557,15,11.2988,1007,1007,0,5.22848e-05,0.00249477,0,0,0.011041,0,4,4,3.75,0,0,0,1,0,0,1555,417469,1318
1,bookshelf_thin,2,qpPlain,1,1,0.0266854,1557,15,11.2988,1007,1007,0,5.22848e-05,0.00249477,0,0,0.011041,0,4,4,3.75,0,0,0,1,0,0,1555,533365,1555
1,bookshelf_thin,2,qpAdaptive,1,1,0.0165492,930,15,11.3203,855,855,0,5.22848e-05,0.00249477,0,0,0.0185324,0.244086,4,4,3.75,0,0,0,0.75431,0.237069,0.00862069,928,255887,904
1,bookshelf_thin,2,qpFreeGate,1,1,0.0908928,10374,35,16.3051,1298,1298,0,0.00729709,0.00180173,0,0,0.00541394,0,68,30,0.514706,0,0,0,1,0,0,0,0,0
1,bookshelf_thin,2,qpFreeEnvelope,1,1,0.0147455,534,34,16.4637,848,848,0,0.00729709,0.000486252,0,0,0.107048,0.977528,68,30,0.5,0,0,0,0.00375235,0.838649,0.157598,0,0,0
1,bookshelf_thin,2,qpEnvelope,1,1,0.0126551,699,15,11.3676,800,800,0,5.07293e-05,0.00249477,0,0,0.0250582,0.121602,4,4,3.75,0,0,0,0.878049,0.110473,0.0114778,697,192116,688
1,bookshelf_thin,26,isSafe,1,1,0.0169115,2652,15,14.5951,9,731,0,0.00523215,0.000225597,0,0,0,0,50,11,0.3,0,0,0,0,0,0,0,0,0
1,bookshelf_thin,26,qpFixed,1,1,0.0740349,4344,36,12.5814,888,888,0,0.000110762,0.000225597,0,0,0.0112816,0,16,12,2.25,0,0,0,1,0,0,4339,1236462,3105
1,bookshelf_thin,26,qpPlain,1,1,0.0723314,4344,36,12.5814,888,888,0,0.000110762,0.000225597,0,0,0.0112816,0,16,12,2.25,0,0,0,1,0,0,4339,1488277,4339
1,bookshelf_thin,26,qpAdaptive,1,1,0.042727,2441,37,13.8131,821,821,0,0.00127559,0.000225597,0,0,0.0207164,0.311757,16,13,2.3125,0,0,0,0.686089,0.30078,0.0131309,2437,717714,2224
1,bookshelf_thin,26,qpFreeGate,1,1,0.0494387,5572,23,16.1558,1466,1466,0,0.00523215,0.000225597,0,0,0.00577665,0,51,17,0.45098,0,0,0,1,0,0,0,0,0
1,bookshelf_thin,26,qpFreeEnvelope,1,1,0.0111865,425,25,19.0509,1000,1000,0,0.00471286,0.000225597,0,0,0.0846614,0.985882,51,18,0.490196,0,0,0,0,0.87886,0.12114,0,0,0
1,bookshelf_thin,26,qpEnvelope,1,1,0.0300488,1628,33,12.5687,750,750,0,0.000342646,0.000225597,0,0,0.0301556,0.124693,16,12,2.0625,0,0,0,0.873768,0.107759,0.0184729,1624,477766,1557
1,bookshelf_thin,50,isSafe,1,1,0.0113851,1785,11,11.1763,7,560,0,0.00314805,0.00249477,0,0,0,0,17,7,0.647059,0,0,0,0,0,0,0,0,0
1,bookshelf_thin,50,qpFixed,1,1,0.0208892,1262,15,12.0706,975,975,0,0.00106974,0.00249477,0,0,0.0118702,0,4,4,3.75,0,0,0,1,0,0,1260,314230,836
1,bookshelf_thin,50,qpPlain,1,1,0.0223962,1262,15,12.0706,975,975,0,0.00106974,0.00249477,0,0,0.0118702,0,4,4,3.75,0,0,0,1,0,0,1260,432180,1260
1,bookshelf_thin,50,qpAdaptive,1,1,0.00950482,543,14,12.0695,784,784,0,0.00106974,0.00249477,0,0,0.0277225,0.414365,4,4,3.5,0,0,0,0.580407,0.397412,0.0221811,541,134168,486
1,bookshelf_thin,50,qpFreeGate,1,1,0.022479,2569,12,11.5677,953,953,0,0.00314805,0.00249477,0,0,0.00652909,0,17,7,0.705882,0,0,0,1,0,0,0,0,0
1,bookshelf_thin,50,qpFreeEnvelope,1,1,0.00369356,135,11,10.5413,546,546,0,0.00314805,0.00249477,0,0,0.130078,0.992593,17,7,0.647059,0,0,0,0,0.843284,0.156716,0,0,0
1,bookshelf_thin,50,qpEnvelope,1,1,0.0049014,267,15,12.0447,707,707,0,0.00106974,0.00249477,0,0,0.0561623,0.273408,4,4,3.75,0,0,0,0.716981,0.233962,0.0490566,265,65541,247
1,bookshelf_thin,74,isSafe,1,1,0.109688,17155,83,18.0185,11,902,0,0.0048054,0.00249477,0,0,0,0,330,79,0.251515,0,0,0,0,0,0,0,0,0
1,bookshelf_thin,74,qpFixed,1,1,0.00668719,433,5,5.6141,434,434,0,0.00531695,0.00249477,0,0,0.0129656,0,1,1,5,0,0,0,1,0,0,433,94795,100
1,bookshelf_thin,74,qpPlain,1,1,0.00709707,433,5,5.6141,434,434,0,0.00531695,0.00249477,0,0,0.0129656,0,1,1,5,0,0,0,1,0,0,433,148519,433
1,bookshelf_thin,74,qpAdaptive,1,1,0.00212127,125,5,5.6141,323,323,0,0.00531695,0.00249477,0,0,0.0449128,0.16,1,1,5,0,0,0,0.832,0.144,0.024,125,26995,100
1,bookshelf_thin,74,qpFreeGate,1,1,0.425191,48356,144,18.7824,1578,1578,0,0.00482006,0.00249477,0,0,0.00494796,0,393,136,0.366412,0,0,0,1,0,0,0,0,0
1,bookshelf_thin,74,qpFreeEnvelope,1,1,0.0741343,2561,142,18.8439,980,980,0,0.000388647,0.00249477,0,0,0.0925782,0.965638,393,133,0.361323,0,0,0,0.0117832,0.835035,0.153181,0,0,0
1,bookshelf_thin,74,qpEnvelope,1,1,0.00206344,110,5,5.61585,316,316,0,0.00531695,0.00249477,0,0,0.0510532,0.118182,1,1,5,0,0,0,0.881818,0.0909091,0.0272727,110,23315,98
1,bookshelf_thin,99,isSafe,1,1,0.0617347,9401,48,18.2696,11,915,0,0.00364622,0.00249477,0,0,0,0,172,44,0.27907,0,0,0,0,0,0,0,0,0
1,bookshelf_thin,99,qpFixed,1,1,0.0116303,664,7,7.32399,665,665,0,0.00364622,0.00249477,0,0,0.0110301,0,1,1,7,0,0,0,1,0,0,664,178520,358
1,bookshelf_thin,99,qpPlain,1,1,0.0116027,664,7,7.32399,665,665,0,0.00364622,0.00249477,0,0,0.0110301,0,1,1,7,0,0,0,1,0,0,664,227752,664
1,bookshelf_thin,99,qpAdaptive,1,1,0.00373817,215,7,7.32207,459,459,0,0.00364622,0.00249477,0,0,0.0340561,0.525581,1,1,7,0,0,0,0.469767,0.506977,0.0232558,215,59172,179
1,bookshelf_thin,99,qpFreeGate,1,1,0.123092,13926,42,12.4212,1234,1234,0,0.000793961,0.000257748,0,0,0.00469152,0,94,35,0.446809,0,0,0,1,0,0,0,0,0
1,bookshelf_thin,99,qpFreeEnvelope,1,1,0.0340341,1333,79,21.2883,1097,1097,0,0.00110687,0.00249477,0,0,0.0962881,0.864966,186,67,0.424731,0,0,0,0.0707224,0.805323,0.123954,0,0,0
1,bookshelf_thin,99,qpEnvelope,1,1,0.00132429,55,7,7.32952,395,395,0,0.00364622,0.00249477,0,0,0.133264,0.709091,1,1,7,0,0,0,0.290909,0.618182,0.0909091,55,14830,47
1,table_under_pick,23,isSafe,1,1,0.00448748,1167,8,11.417,7,572,0,0.00178715,0.00249477,0,0,0,0,10,4,0.8,0,0,0,0,0,0,0,0,0
1,table_under_pick,23,qpFixed,1,1,0.00401964,362,6,4.78384,363,363,0,0.00415682,0.00249477,0,0,0.013215,0,1,1,6,0,0,0,1,0,0,362,105221,317
1,table_under_pick,23,qpPlain,1,1,0.00412291,362,6,4.78384,363,363,0,0.00415682,0.00249477,0,0,0.013215,0,1,1,6,0,0,0,1,0,0,362,124166,362
1,table_under_pick,23,qpAdaptive,1,1,0.00263354,229,6,4.78796,345,345,0,0.0041333,0.00249477,0,0,0.0209081,0.467249,1,1,6,0,0,0,0.524017,0.462882,0.0131004,229,65140,215
1,table_under_pick,23,qpFreeGate,1,1,0.0211577,1460,8,6.86841,705,705,0,0.00179563,0.00249477,0,0,0.00502842,0,9,4,0.888889,0,0,0,1,0,0,0,0,0
1,table_under_pick,23,qpFreeEnvelope,1,1,0.00153501,85,7,7.0881,382,382,0,0.00177526,0.00249477,0,0,0.0876372,0.964706,9,4,0.777778,0,0,0,0.0352941,0.811765,0.152941,0,0,0
1,table_under_pick,23,qpEnvelope,1,1,0.00111948,86,6,4.80584,280,280,0,0.00409651,0.00249477,0,0,0.0558819,0.639535,1,1,6,0,0,0,0.360465,0.593023,0.0465116,86,24607,81
1,table_under_pick,47,isSafe,1,1,0.00968619,2600,15,16.3999,10,821,0,0.000414642,0.00249477,0,0,0,0,79,11,0.189873,0,0,0,0,0,0,0,0,0
1,table_under_pick,47,qpFixed,1,1,0.0493343,4358,31,10.7959,723,723,0,0.00479995,0.00249477,0,0,0.0115332,0,16,15,1.9375,0,0,0,1,0,0,4356,1206100,3793
1,table_under_pick,47,qpPlain,1,1,0.0506083,4358,31,10.7959,723,723,0,0.00479995,0.00249477,0,0,0.0115332,0,16,15,1.9375,0,0,0,1,0,0,4356,1494108,4356
1,table_under_pick,47,qpAdaptive,1,1,0.0316622,2657,31,10.7898,686,686,0,0.00479635,0.00249477,0,0,0.0189306,0.398946,16,15,1.9375,0,0,0,0.598117,0.393974,0.0079096,2655,741762,2562
1,table_under_pick,47,qpFreeGate,1,1,0.0734765,11568,29,13.6092,998,998,0,0.00422123,0.00249477,0,0,0.00353056,0,94,25,0.308511,0,0,0,1,0,0,0,0,0
1,table_under_pick,47,qpFreeEnvelope,1,1,0.0122206,702,28,15.3151,798,798,0,0.00361479,0.00249477,0,0,0.0632591,0.958689,97,24,0.28866,0,0,0,0.0143266,0.855301,0.130372,0,0,0
1,table_under_pick,47,qpEnvelope,1,1,0.0180426,1416,31,12.421,681,681,0,0.00487091,0.00249477,0,0,0.0351525,0.305791,16,15,1.9375,0,0,0,0.689533,0.288543,0.0219236,1414,392665,1382
1,table_under_pick,72,isSafe,1,1,0.0057807,1502,10,12.7411,8,639,0,0.00312138,0.0023639,0,0,0,0,12,4,0.833333,0,0,0,0,0,0,0,0,0
1,table_under_pick,72,qpFixed,1,1,0.00831812,757,8,10.545,758,758,0,0.00743981,8.85589e-05,0,0,0.0139299,0,1,1,8,0,0,0,1,0,0,757,218904,488
1,table_under_pick,72,qpPlain,1,1,0.00822386,757,8,10.545,758,758,0,0.00743981,8.85589e-05,0,0,0.0139299,0,1,1,8,0,0,0,1,0,0,757,259651,757
1,table_under_pick,72,qpAdaptive,1,1,0.0040303,341,8,10.5527,650,650,0,0.00743823,8.56693e-05,0,0,0.0309463,0.331378,1,1,8,0,0,0,0.668622,0.319648,0.0117302,341,100152,284
1,table_under_pick,72,qpFreeGate,1,1,0.0154795,2442,17,12.493,1268,1268,0,0.00646644,0.00249477,0,0,0.00664918,0,12,7,1.41667,0,0,0,1,0,0,0,0,0
1,table_under_pick,72,qpFreeEnvelope,1,1,0.00265413,156,17,12.2834,663,663,0,0.00480297,0.00249477,0,0,0.103356,0.987179,12,7,1.41667,0,0,0,0,0.839744,0.160256,0,0,0
1,table_under_pick,72,qpEnvelope,1,1,0.000751171,49,8,10.6431,558,558,0,0.00743798,0.000931431,0,0,0.217206,0.836735,1,1,8,0,0,0,0.163265,0.714286,0.122449,49,14211,38
1,table_under_pick,96,isSafe,1,1,0.00335668,876,7,8.64683,6,434,0,0.00338192,0.00249477,0,0,0,0,4,2,1.75,0,0,0,0,0,0,0,0,0
1,table_under_pick,96,qpFixed,1,1,0.0214359,1924,16,14.0126,1143,1143,0,0.00168635,0.00249477,0,0,0.0111372,0,4,4,4,0,0,0,1,0,0,1924,529695,1436
1,table_under_pick,96,qpPlain,1,1,0.0220262,1924,16,14.0126,1143,1143,0,0.00168635,0.00249477,0,0,0.0111372,0,4,4,4,0,0,0,1,0,0,1924,659932,1924
1,table_under_pick,96,qpAdaptive,1,1,0.0103022,846,16,14.0342,891,891,0,0.00157233,0.00249477,0,0,0.0253916,0.421986,4,4,4,0,0,0,0.576832,0.410165,0.0130024,846,238175,799
1,table_under_pick,96,qpFreeGate,1,1,0.0653199,10431,35,16.4295,1520,1520,0,0.00538701,0.00249477,0,0,0.00510575,0,54,28,0.648148,0,0,0,1,0,0,0,0,0
1,table_under_pick,96,qpFreeEnvelope,1,1,0.00422074,249,19,11.0167,589,589,0,0.00299613,0.00249477,0,0,0.104655,0.951807,22,12,0.863636,0,0,0,0.0361446,0.827309,0.136546,0,0,0
1,table_under_pick,96,qpEnvelope,1,1,0.00726497,572,16,14.1086,837,837,0,0.000825418,0.00241033,0,0,0.0378119,0.16958,4,4,4,0,0,0,0.828671,0.152098,0.0192308,572,161328,550
1,bookshelf_small,21,isSafe,1,1,0.00417865,1611,10,5.61787,4,282,0,0.00770496,0.00249477,0,0,0,0,19,7,0.526316,0,0,0,0,0,0,0,0,0
1,bookshelf_small,21,qpFixed,1,1,0.00378741,456,6,6.80836,457,457,0,0.00525696,0.00249477,0,0,0.0149306,0,1,1,6,0,0,0,1,0,0,456,116010,184
1,bookshelf_small,21,qpPlain,1,1,0.00404846,456,6,6.80836,457,457,0,0.00525696,0.00249477,0,0,0.0149306,0,1,1,6,0,0,0,1,0,0,456,156408,456
1,bookshelf_small,21,qpAdaptive,1,1,0.00184618,195,6,6.80855,409,409,0,0.00503185,0.00249477,0,0,0.0349157,0.374359,1,1,6,0,0,0,0.620513,0.364103,0.0153846,195,50554,155
1,bookshelf_small,21,qpFreeGate,1,1,0.027985,5260,18,8.37954,604,604,0,0.00584907,0.00249477,0,0,0.00526185,0,38,14,0.473684,0,0,0,1,0,0,0,0,0
1,bookshelf_small,21,qpFreeEnvelope,1,1,0.00342809,237,18,8.27803,426,426,0,0.00585185,0.00249477,0,0,0.116737,0.978903,38,14,0.473684,0,0,0,0.00423729,0.800847,0.194915,0,0,0
1,bookshelf_small,21,qpEnvelope,1,1,0.00084863,81,6,6.81435,372,372,0,0.00396831,0.00249477,0,0,0.0841278,0.407407,1,1,6,0,0,0,0.592593,0.358025,0.0493827,81,21237,64
1,bookshelf_small,47,isSafe,1,1,0.00392083,1498,9,13.9776,8,700,0,0.00199296,0.00249477,0,0,0,0,10,4,0.9,0,0,0,0,0,0,0,0,0
1,bookshelf_small,47,qpFixed,1,1,0.00867224,1042,15,10.1769,790,790,0,0.00199296,0.00249477,0,0,0.0133431,0,2,2,7.5,0,0,0,1,0,0,1042,247528,664
1,bookshelf_small,47,qpPlain,1,1,0.00957848,1042,15,10.1769,790,790,0,0.00199296,0.00249477,0,0,0.0133431,0,2,2,7.5,0,0,0,1,0,0,1042,357406,1042
1,bookshelf_small,47,qpAdaptive,1,1,0.00427374,474,14,10.2079,662,662,0,0.00199296,0.00249477,0,0,0.0294151,0.628692,2,2,7,0,0,0,0.367089,0.607595,0.0253165,474,118623,412
1,bookshelf_small,47,qpFreeGate,1,1,0.0236168,4586,18,13.2503,1186,1186,0,0.00199296,0.00249477,0,0,0.00573281,0,26,10,0.692308,0,0,0,1,0,0,0,0,0
1,bookshelf_small,47,qpFreeEnvelope,1,1,0.00309573,229,20,13.2983,710,710,0,0.00199296,0.00249477,0,0,0.113212,0.925764,26,12,0.769231,0,0,0,0.0524017,0.786026,0.161572,0,0,0
1,bookshelf_small,47,qpEnvelope,1,1,0.00178033,150,13,10.2541,570,570,0,0.00199296,0.00249477,0,0,0.0935035,0.88,2,2,6.5,0,0,0,0.106667,0.813333,0.08,150,39079,126
1,bookshelf_small,71,isSafe,1,1,0.0310657,11906,56,26.9776,15,1350,0,0.00454195,0.00249477,0,0,0,0,275,51,0.203636,0,0,0,0,0,0,0,0,0
1,bookshelf_small,71,qpFixed,1,1,0.00504299,635,7,9.54031,636,636,0,0.00292608,0.00249477,0,0,0.0150241,0,1,1,7,0,0,0,1,0,0,635,172243,194
1,bookshelf_small,71,qpPlain,1,1,0.00543246,635,7,9.54031,636,636,0,0.00292608,0.00249477,0,0,0.0150241,0,1,1,7,0,0,0,1,0,0,635,217805,635
1,bookshelf_small,71,qpAdaptive,1,1,0.00119807,130,7,9.53897,545,545,0,0.00292619,0.00249477,0,0,0.0733767,0.569231,1,1,7,0,0,0,0.423077,0.538462,0.0384615,130,39821,89
1,bookshelf_small,71,qpFreeGate,1,1,0.0980411,18366,45,11.5928,1073,1073,0,0.00390511,0.00249477,0,0,0.00408934,0,169,38,0.266272,0,0,0,1,0,0,0,0,0
1,bookshelf_small,71,qpFreeEnvelope,1,1,0.0157269,1183,52,18.3855,967,967,0,0.000884146,0.00249477,0,0,0.0680386,0.948436,173,39,0.300578,0,0,0,0.0262489,0.827265,0.146486,0,0,0
1,bookshelf_small,71,qpEnvelope,1,1,0.000767659,66,7,9.53941,509,509,0,0.00280889,0.00249477,0,0,0.144536,0.5,1,1,7,0,0,0,0.5,0.424242,0.0757576,66,20176,47
1,bookshelf_small,96,isSafe,1,1,0.00306721,1187,8,11.7841,7,591,0,0.0056481,0.00249477,0,0,0,0,2,2,4,0,0,0,0,0,0,0,0,0
1,bookshelf_small,96,qpFixed,1,1,0.00617451,750,7,9.18144,751,751,0,0.0056481,0.00248211,0,0,0.0122419,0,1,1,7,0,0,0,1,0,0,750,220401,158
1,bookshelf_small,96,qpPlain,1,1,0.00645209,750,7,9.18144,751,751,0,0.0056481,0.00248211,0,0,0.0122419,0,1,1,7,0,0,0,1,0,0,750,257250,750
1,bookshelf_small,96,qpAdaptive,1,1,0.0017234,199,7,9.18277,544,544,0,0.0056481,0.00249335,0,0,0.0461446,0.889447,1,1,7,0,0,0,0.100503,0.874372,0.0251256,199,59709,71
1,bookshelf_small,96,qpFreeGate,1,1,0.00643304,1200,9,11.2755,942,942,0,0.0056481,0.00248175,0,0,0.0100218,0,2,2,4.5,0,0,0,1,0,0,0,0,0
1,bookshelf_small,96,qpFreeEnvelope,1,1,0.000673752,32,9,11.1514,572,572,0,0.0056481,0.00249477,0,0,0.372932,0.96875,2,2,4.5,0,0,0,0,0.78125,0.21875,0,0,0
1,bookshelf_small,96,qpEnvelope,1,1,0.000510801,25,7,9.18555,473,473,0,0.0056481,0.00249477,0,0,0.367422,1,1,1,7,0,0,0,0,0.8,0.2,25,7487,6
1,box,20,isSafe,1,1,0.0112112,4361,23,19.3566,11,969,0,0.00768625,0.00249477,0,0,0,0,67,18,0.343284,0,0,0,0,0,0,0,0,0
1,box,20,qpFixed,1,1,0.004335,541,6,6.85187,542,542,0,0.00220207,0.00249477,0,0,0.0126652,0,1,1,6,0,0,0,1,0,0,541,130105,241
1,box,20,qpPlain,1,1,0.00491471,541,6,6.85187,542,542,0,0.00220207,0.00249477,0,0,0.0126652,0,1,1,6,0,0,0,1,0,0,541,185563,541
1,box,20,qpAdaptive,1,1,0.00136973,147,6,6.85728,408,408,0,0.00194712,0.00249477,0,0,0.0466482,0.428571,1,1,6,0,0,0,0.571429,0.408163,0.0204082,147,34840,131
1,box,20,qpFreeGate,1,1,0.037993,7610,32,13.6202,1332,1332,0,0.0119635,0.00249477,0,0,0.00544668,0,46,19,0.695652,0,0,0,1,0,0,0,0,0
1,box,20,qpFreeEnvelope,1,1,0.00588006,439,29,15.9469,828,828,0,0.00968955,0.00249477,0,0,0.0993848,0.968109,55,21,0.527273,0,0,0,0.0160183,0.844394,0.139588,0,0,0
1,box,20,qpEnvelope,1,1,0.0011043,117,6,6.86666,395,395,0,0.00156734,0.00249477,0,0,0.0586894,0.478632,1,1,6,0,0,0,0.512821,0.452991,0.034188,117,27643,107
1,box,44,isSafe,1,1,0.00616195,2407,14,13.3102,8,667,0,0.0124466,0.00249477,0,0,0,0,25,10,0.56,0,0,0,0,0,0,0,0,0
1,box,44,qpFixed,1,1,0.00313787,381,6,5.48717,382,382,0,0.0171635,0.00249477,0,0,0.014402,0,1,1,6,0,0,0,1,0,0,381,101612,158
1,box,44,qpPlain,1,1,0.00331219,381,6,5.48717,382,382,0,0.0171635,0.00249477,0,0,0.014402,0,1,1,6,0,0,0,1,0,0,381,130683,381
1,box,44,qpAdaptive,1,1,0.000695815,79,6,5.50102,326,326,0,0.0169404,0.00249477,0,0,0.0696331,0.974684,1,1,6,0,0,0,0,0.949367,0.0506329,79,22809,56
1,box,44,qpFreeGate,1,1,0.0131164,2562,12,12.2929,1173,1173,0,0.00929397,0.00249477,0,0,0.00624025,0,12,6,1,0,0,0,1,0,0,0,0,0
1,box,44,qpFreeEnvelope,1,1,0.0051097,410,30,19.7218,1054,1054,0,0.000450844,0.00249477,0,0,0.097504,0.895122,33,21,0.909091,0,0,0,0.0926829,0.778049,0.129268,0,0,0
1,box,44,qpEnvelope,1,1,0.000360976,28,6,5.50391,290,290,0,0.0149448,0.00249477,0,0,0.196568,1,1,1,6,0,0,0,0,0.857143,0.142857,28,7972,18
1,box,68,isSafe,1,1,0.0137852,5365,28,23.9161,13,1197,0,0.0105221,0.00249477,0,0,0,0,67,24,0.41791,0,0,0,0,0,0,0,0,0
1,box,68,qpFixed,1,1,0.00691511,854,8,8.32237,605,605,0,0.0201105,0.00249477,0,0,0.0116324,0,2,2,4,0,0,0,1,0,0,854,204198,521
1,box,68,qpPlain,1,1,0.00762279,854,8,8.32237,605,605,0,0.0201105,0.00249477,0,0,0.0116324,0,2,2,4,0,0,0,1,0,0,854,292922,854
1,box,68,qpAdaptive,1,1,0.00228907,249,8,8.3239,478,478,0,0.0205245,0.00249477,0,0,0.0398966,0.742972,2,2,4,0,0,0,0.24498,0.73494,0.0200803,249,63510,206
1,box,68,qpFreeGate,1,1,0.0660096,12368,42,18.4576,1632,1632,0,0.0151406,0.00249477,0,0,0.00508355,0,67,33,0.626866,0,0,0,1,0,0,0,0,0
1,box,68,qpFreeEnvelope,1,1,0.0219222,1705,97,14.547,771,771,0,0.0013834,0.000893901,0,0,0.085654,0.947214,196,76,0.494898,0,0,0,0.0272189,0.836686,0.136095,0,0,0
1,box,68,qpEnvelope,1,1,0.00107157,99,8,8.29501,437,437,0,0.0225936,0.00249477,0,0,0.100055,0.59596,2,2,4,0,0,0,0.393939,0.545455,0.0606061,99,24689,82
1,box,92,isSafe,1,1,0.0352768,9934,51,16.0035,10,802,0,0.00312218,0.00249477,0,0,0,0,223,46,0.2287,0,0,0,0,0,0,0,0,0
1,box,92,qpFixed,1,1,0.0156196,1814,13,13.2233,1173,1173,0,0.000343253,0.00249477,0,0,0.00973533,0,5,5,2.6,0,0,0,1,0,0,1814,472943,1457
1,box,92,qpPlain,1,1,0.016897,1814,13,13.2233,1173,1173,0,0.000343253,0.00249477,0,0,0.00973533,0,5,5,2.6,0,0,0,1,0,0,1814,622202,1814
1,box,92,qpAdaptive,1,1,0.00927535,975,13,13.2597,939,939,0,0.000339242,0.00249477,0,0,0.0181673,0.347692,5,5,2.6,0,0,0,0.649231,0.34359,0.00717949,975,269731,947
1,box,92,qpFreeGate,1,1,0.231593,45092,103,12.6712,1306,1306,0,0.00303267,0.00249477,0,0,0.00390393,0,287,90,0.358885,0,0,0,1,0,0,0,0,0
1,box,92,qpFreeEnvelope,1,1,0.0310771,2467,111,28.9971,1506,1506,0,0.00406583,0.00249477,0,0,0.0724868,0.898662,311,100,0.356913,0,0,0,0.0802444,0.798778,0.120978,0,0,0
1,box,92,qpEnvelope,1,1,0.00714416,697,13,13.3482,875,875,0,0.000319761,0.00249477,0,0,0.0254144,0.308465,5,5,2.6,0,0,0,0.6901,0.298422,0.0114778,697,196689,687
1,table_pick,16,isSafe,1,1,0.00383173,991,7,5.32902,4,268,0,0.00265211,0.00249477,0,0,0,0,8,4,0.875,0,0,0,0,0,0,0,0,0
1,table_pick,16,qpFixed,1,1,0.00394408,393,6,5.98004,394,394,0,0.00649744,0.00249477,0,0,0.0152164,0,1,1,6,0,0,0,1,0,0,393,99855,59
1,table_pick,16,qpPlain,1,1,0.00436416,393,6,5.98004,394,394,0,0.00649744,0.00249477,0,0,0.0152164,0,1,1,6,0,0,0,1,0,0,393,134799,393
1,table_pick,16,qpAdaptive,1,1,0.000614946,56,6,5.98064,325,325,0,0.00654906,0.00249477,0,0,0.106797,0.875,1,1,6,0,0,0,0.125,0.803571,0.0714286,56,15455,31
1,table_pick,16,qpFreeGate,1,1,0.00696187,1087,12,2.64057,267,267,0,0.00231711,0.00249477,0,0,0.00812963,0,8,4,1.5,0,0,0,1,0,0,0,0,0
1,table_pick,16,qpFreeEnvelope,1,1,0.00128565,77,14,2.62449,155,155,0,0.00231969,0.00249477,0,0,0.1158,0.948052,8,4,1.75,0,0,0,0,0.805195,0.194805,0,0,0
1,table_pick,16,qpEnvelope,1,1,0.000523289,30,6,5.98574,314,314,0,0.00649924,0.00249477,0,0,0.199525,1,1,1,6,0,0,0,0,0.866667,0.133333,30,8431,18
1,table_pick,40,isSafe,1,1,0.0327328,8565,42,18.8181,11,942,0,0.000710786,0.00249477,0,0,0,0,172,38,0.244186,0,0,0,0,0,0,0,0,0
1,table_pick,40,qpFixed,1,1,0.00703013,654,7,8.73989,655,655,0,0.000464321,0.00249477,0,0,0.0133637,0,1,1,7,0,0,0,1,0,0,654,166247,333
1,table_pick,40,qpPlain,1,1,0.00748256,654,7,8.73989,655,655,0,0.000464321,0.00249477,0,0,0.0133637,0,1,1,7,0,0,0,1,0,0,654,224322,654
1,table_pick,40,qpAdaptive,1,1,0.00343383,286,7,8.73982,576,576,0,0.000465187,0.00249477,0,0,0.0305588,0.307692,1,1,7,0,0,0,0.688811,0.297203,0.013986,286,82605,259
1,table_pick,40,qpFreeGate,1,1,0.12142,17254,51,19.4096,1498,1498,0,0.00183603,0.00249477,0,0,0.00522403,0,133,45,0.383459,0,0,0,1,0,0,0,0,0
1,table_pick,40,qpFreeEnvelope,1,1,0.0159087,866,52,19.6083,1016,1016,0,0.00200348,0.00249477,0,0,0.106133,0.953811,133,46,0.390977,0,0,0,0.016298,0.819558,0.164144,0,0,0
1,table_pick,40,qpEnvelope,1,1,0.00250285,201,7,8.73801,533,533,0,0.000435604,0.00249477,0,0,0.0434727,0.164179,1,1,7,0,0,0,0.835821,0.144279,0.0199005,201,58519,191
1,table_pick,64,isSafe,1,1,0.013678,3600,19,9.45455,6,474,0,0.00174274,0.00249477,0,0,0,0,54,15,0.351852,0,0,0,0,0,0,0,0,0
1,table_pick,64,qpFixed,1,1,0.0216819,2003,16,8.05759,578,578,0,0.00741041,0.00249477,0,0,0.0119674,0,12,9,1.33333,0,0,0,1,0,0,1993,531357,949
1,table_pick,64,qpPlain,1,1,0.0239705,2003,16,8.05759,578,578,0,0.00741041,0.00249477,0,0,0.0119674,0,12,9,1.33333,0,0,0,1,0,0,1993,683599,1993
1,table_pick,64,qpAdaptive,1,1,0.00800193,669,16,8.08391,468,468,0,0.00741041,0.00249477,0,0,0.0358671,0.351271,12,9,1.33333,0,0,0,0.640364,0.341426,0.0182094,659,190894,555
1,table_pick,64,qpFreeGate,1,1,0.0486898,7725,28,10.5242,847,847,0,0.001754,0.00249477,0,0,0.00585072,0,55,22,0.509091,0,0,0,1,0,0,0,0,0
1,table_pick,64,qpFreeEnvelope,1,1,0.00751097,417,28,10.6688,560,560,0,0.00175235,0.00249477,0,0,0.109087,0.995204,55,22,0.509091,0,0,0,0,0.839329,0.160671,0,0,0
1,table_pick,64,qpEnvelope,1,1,0.00607502,460,16,8.12677,423,423,0,0.00741041,0.00249477,0,0,0.0521615,0.173913,12,9,1.33333,0,0,0,0.822222,0.148889,0.0288889,450,129901,419
1,table_pick,88,isSafe,1,1,0.00702828,1824,9,2.84352,3,144,0,0.000618162,0.00249477,0,0,0,0,10,6,0.9,0,0,0,0,0,0,0,0,0
1,table_pick,88,qpFixed,1,1,0.00447661,439,5,5.72693,440,440,0,0.00678891,0.00249477,0,0,0.0130454,0,1,1,5,0,0,0,1,0,0,439,107319,45
1,table_pick,88,qpPlain,1,1,0.00487976,439,5,5.72693,440,440,0,0.00678891,0.00249477,0,0,0.0130454,0,1,1,5,0,0,0,1,0,0,439,150577,439
1,table_pick,88,qpAdaptive,1,1,0.000556095,50,5,5.7272,318,318,0,0.00678012,0.00249477,0,0,0.114544,0.72,1,1,5,0,0,0,0.28,0.66,0.06,50,14284,27
1,table_pick,88,qpFreeGate,1,1,0.0209851,3322,15,3.43064,266,266,0,0.00435622,0.00249477,0,0,0.00691384,0,24,12,0.625,0,0,0,1,0,0,0,0,0
1,table_pick,88,qpFreeEnvelope,1,1,0.00369225,210,15,3.42551,185,185,0,0.00436217,0.00249477,0,0,0.111044,0.990476,24,12,0.625,0,0,0,0,0.870813,0.129187,0,0,0
1,table_pick,88,qpEnvelope,1,1,0.000498899,27,5,5.72889,301,301,0,0.0068929,0.00249477,0,0,0.212181,1,1,1,5,0,0,0,0,0.888889,0.111111,27,7544,14
1,cage,12,isSafe,1,1,0.491495,172084,1034,13.5759,9,680,0,0.0054211,0.00249477,0,0,0,0,6194,1031,0.166936,0,0,0,0,0,0,0,0,0
1,cage,12,qpFixed,1,1,0.129585,13609,80,15.7494,1445,1445,0,0.000740176,0.00249477,0,0,0.00894388,0,53,41,1.50943,0,0,0,1,0,0,13606,3576293,12002
1,cage,12,qpPlain,1,1,0.134686,13609,80,15.7494,1445,1445,0,0.000740176,0.00249477,0,0,0.00894388,0,53,41,1.50943,0,0,0,1,0,0,13606,4666858,13606
1,cage,12,qpAdaptive,1,1,0.0836706,8065,79,15.7773,1083,1083,0,0.000705826,0.00249477,0,0,0.0150943,0.374086,53,39,1.49057,0,0,0,0.62362,0.369557,0.00682297,8061,2126407,7827
1,cage,12,qpFreeGate,1,1,5.81127,1083297,2395,23.8588,2682,2682,0,0.00359108,0.00249477,0,0,0.0032066,0,9046,2349,0.264758,0,0,0,1,0,0,0,0,0
1,cage,12,qpFreeEnvelope,1,1,0.336303,25372,991,14.9251,816,816,0,0.00399342,0.00249477,0,0,0.0605302,0.937372,3623,952,0.27353,0,0,0,0.033255,0.845036,0.121709,0,0,0
1,cage,12,qpEnvelope,1,1,0.0563792,5303,81,15.9529,968,968,0,0.000672328,0.00249477,0,0,0.0229461,0.279464,53,40,1.5283,0,0,0,0.718626,0.267975,0.0133988,5299,1343682,5218
1,cage,36,isSafe,1,1,0.00903473,3274,19,18.0298,11,903,0,0.00979354,0.00249477,0,0,0,0,31,13,0.612903,0,0,0,0,0,0,0,0,0
1,cage,36,qpFixed,1,1,0.0368844,4057,25,22.7729,1937,1937,0,4.04675e-05,0.0016057,0,0,0.0100559,0,12,12,2.08333,0,0,0,1,0,0,4056,1120727,3273
1,cage,36,qpPlain,1,1,0.0424926,4057,25,22.7729,1937,1937,0,4.04675e-05,0.0016057,0,0,0.0100559,0,12,12,2.08333,0,0,0,1,0,0,4056,1391208,4056
1,cage,36,qpAdaptive,1,1,0.0195868,1933,25,22.8165,1569,1569,0,3.97165e-05,0.00158772,0,0,0.0212366,0.522504,12,12,2.08333,0,0,0,0.474638,0.516046,0.00931677,1932,556819,1809
1,cage,36,qpFreeGate,1,1,0.522788,99726,250,20.1373,2372,2372,0,0.0062047,0.00172281,0,0,0.00421615,0,697,221,0.35868,0,0,0,1,0,0,0,0,0
1,cage,36,qpFreeEnvelope,1,1,0.035547,2725,131,16.4353,867,867,0,0.000728842,0.00249477,0,0,0.0814332,0.904954,357,114,0.366947,0,0,0,0.065386,0.809014,0.1256,0,0,0
1,cage,36,qpEnvelope,1,1,0.0125316,1114,26,22.8806,1364,1364,0,3.75644e-05,0.00147999,0,0,0.0368547,0.402154,12,12,2.16667,0,0,0,0.596586,0.386343,0.017071,1113,319158,1077
1,cage,60,isSafe,1,1,1.51025,557844,3824,27.2996,17,1366,0,0.00449887,0.00249477,0,0,0,0,20624,3821,0.185415,0,0,0,0,0,0,0,0,0
1,cage,60,qpFixed,1,1,0.0207311,2413,17,13.3162,1111,1111,0,0.00150478,0.00249477,0,0,0.0105608,0,8,8,2.125,0,0,0,1,0,0,2413,624213,1805
1,cage,60,qpPlain,1,1,0.0222885,2413,17,13.3162,1111,1111,0,0.00150478,0.00249477,0,0,0.0105608,0,8,8,2.125,0,0,0,1,0,0,2413,827659,2413
1,cage,60,qpAdaptive,1,1,0.00941226,995,17,13.3476,903,903,0,0.00150812,0.00249477,0,0,0.025602,0.557789,8,8,2.125,0,0,0,0.441206,0.545729,0.0130653,995,261966,942
1,cage,60,qpFreeGate,1,1,1.45589,289632,821,19.0885,1713,1713,0,0.00328194,0.00249477,0,0,0.00435164,0,2874,808,0.285665,0,0,0,1,0,0,0,0,0
1,cage,60,qpFreeEnvelope,1,1,0.841683,62053,3119,19.6618,1022,1022,0,0.000592855,0.000311143,0,0,0.0652868,0.9016,11957,3093,0.260851,0,0,0,0.0369795,0.841299,0.121721,0,0,0
1,cage,60,qpEnvelope,1,1,0.00463301,421,17,13.3398,782,782,0,0.00163087,0.00249477,0,0,0.0603806,0.477435,8,8,2.125,0,0,0,0.522565,0.441805,0.0356295,421,114660,397
1,cage,84,isSafe,1,1,0.118402,45272,237,21.0956,12,1056,0,0.00287077,0.00249477,0,0,0,0,1401,233,0.169165,0,0,0,0,0,0,0,0,0
1,cage,84,qpFixed,1,1,0.414091,45873,213,28.9534,2281,2281,0,1.03883e-06,6.75216e-05,0,0,0.00846555,0,183,131,1.16393,0,0,0,1,0,0,45866,12549236,41364
1,cage,84,qpPlain,1,1,0.425927,45873,213,28.9534,2281,2281,0,1.03883e-06,6.75216e-05,0,0,0.00846555,0,183,131,1.16393,0,0,0,1,0,0,45866,15732038,45866
1,cage,84,qpAdaptive,1,1,0.295081,30824,213,29.0114,2034,2034,0,1.46795e-06,6.42286e-05,0,0,0.0126437,0.269206,183,132,1.16393,0,0,0,0.729158,0.266364,0.00447834,30816,8439129,30029
1,cage,84,qpFreeGate,1,1,3.35712,696428,1498,16.1102,1470,1470,0,0.00223098,0.00249477,0,0,0.00338632,0,5722,1468,0.261797,0,0,0,1,0,0,0,0,0
1,cage,84,qpFreeEnvelope,1,1,0.437744,36734,1317,38.4824,2079,2079,0,9.88379e-06,0.000366144,0,0,0.0555052,0.912833,5156,1284,0.255431,0,0,0,0.0522343,0.832883,0.114882,0,0,0
1,cage,84,qpEnvelope,1,1,0.244147,24235,210,29.0575,1863,1863,0,1.26614e-06,6.98396e-05,0,0,0.0160608,0.214029,183,131,1.14754,0,0,0,0.784744,0.208115,0.00714079,24227,6610374,23945
1,bookshelf_tall,2,isSafe,1,1,0.0126872,2662,15,13.3133,8,667,0,0.00110814,0.00249477,0,0,0,0,56,11,0.267857,0,0,0,0,0,0,0,0,0
1,bookshelf_tall,2,qpFixed,1,1,0.0271751,2077,25,17.6254,1441,1441,0,0.000607511,0.00249477,0,0,0.0112146,0,5,5,5,0,0,0,1,0,0,2077,565929,1884
1,bookshelf_tall,2,qpPlain,1,1,0.0283639,2077,25,17.6254,1441,1441,0,0.000607511,0.00249477,0,0,0.0112146,0,5,5,5,0,0,0,1,0,0,2077,712411,2077
1,bookshelf_tall,2,qpAdaptive,1,1,0.0186621,1324,26,17.6357,1234,1234,0,0.000619963,0.00249477,0,0,0.0176216,0.268882,5,5,5.2,0,0,0,0.728097,0.259063,0.0128399,1324,363764,1297
1,bookshelf_tall,2,qpFreeGate,1,1,0.111009,15654,46,14.9412,1375,1375,0,0.0020249,0.000868685,0,0,0.00445619,0,92,34,0.5,0,0,0,1,0,0,0,0,0
1,bookshelf_tall,2,qpFreeEnvelope,1,1,0.00757504,397,22,16.4724,878,878,0,0.000303752,0.00249477,0,0,0.0811003,0.846348,44,13,0.5,0,0,0,0.121827,0.758883,0.119289,0,0,0
1,bookshelf_tall,2,qpEnvelope,1,1,0.00782397,523,10,10.6379,657,657,0,0.000714936,0.00249477,0,0,0.0250438,0.114723,2,2,5,0,0,0,0.885277,0.10325,0.0114723,523,155330,511
1,bookshelf_tall,28,isSafe,1,1,0.0261009,5372,27,13.2322,8,663,0,0.00135713,0.00249477,0,0,0,0,80,23,0.3375,0,0,0,0,0,0,0,0,0
1,bookshelf_tall,28,qpFixed,1,1,0.0095568,758,7,8.64382,685,685,0,0.00690802,0.00249477,0,0,0.012178,0,2,2,3.5,0,0,0,1,0,0,758,191133,386
1,bookshelf_tall,28,qpPlain,1,1,0.00986925,758,7,8.64382,685,685,0,0.00690802,0.00249477,0,0,0.012178,0,2,2,3.5,0,0,0,1,0,0,758,259994,758
1,bookshelf_tall,28,qpAdaptive,1,1,0.00268649,197,7,8.64936,511,511,0,0.00690802,0.00249477,0,0,0.0468788,0.827411,2,2,3.5,0,0,0,0.167513,0.807107,0.0253807,197,52497,153
1,bookshelf_tall,28,qpFreeGate,1,1,0.08457,11434,34,11.4316,1148,1148,0,0.00382738,0.00249477,0,0,0.00501653,0,80,28,0.425,0,0,0,1,0,0,0,0,0
1,bookshelf_tall,28,qpFreeEnvelope,1,1,0.0123545,550,34,12.3068,646,646,0,0.00287318,0.00249477,0,0,0.107564,0.987273,80,28,0.425,0,0,0,0.00727273,0.82,0.172727,0,0,0
1,bookshelf_tall,28,qpEnvelope,1,1,0.00127617,85,7,8.64692,465,465,0,0.00690802,0.00249477,0,0,0.109115,0.8,2,2,3.5,0,0,0,0.2,0.741176,0.0588235,85,23192,63
1,bookshelf_tall,52,isSafe,1,1,0.103173,21288,110,10.5979,7,531,0,0.00694933,0.00249477,0,0,0,0,546,106,0.201465,0,0,0,0,0,0,0,0,0
1,bookshelf_tall,52,qpFixed,1,1,0.0178448,1342,14,10.7917,942,942,0,0.000405157,0.00249477,0,0,0.0108265,0,3,3,4.66667,0,0,0,1,0,0,1341,393748,923
1,bookshelf_tall,52,qpPlain,1,1,0.0180856,1342,14,10.7917,942,942,0,0.000405157,0.00249477,0,0,0.0108265,0,3,3,4.66667,0,0,0,1,0,0,1341,459963,1341
1,bookshelf_tall,52,qpAdaptive,1,1,0.01052,727,14,10.7966,801,801,0,0.000406347,0.00249477,0,0,0.0199902,0.160935,3,3,4.66667,0,0,0,0.836088,0.150138,0.0137741,726,226650,692
1,bookshelf_tall,52,qpFreeGate,1,1,0.200471,26172,77,15.7068,1444,1444,0,0.00183851,0.00249477,0,0,0.00486116,0,219,71,0.351598,0,0,0,1,0,0,0,0,0
1,bookshelf_tall,52,qpFreeEnvelope,1,1,0.0387143,1968,77,15.6556,860,860,0,0.000378,0.00249477,0,0,0.0646427,0.927337,219,71,0.351598,0,0,0,0.0510465,0.853497,0.0954569,0,0,0
1,bookshelf_tall,52,qpEnvelope,1,1,0.00741227,489,15,10.8205,707,707,0,0.000444296,0.00249477,0,0,0.0297499,0.231084,3,3,5,0,0,0,0.766393,0.206967,0.0266393,488,152152,472
1,bookshelf_tall,77,isSafe,1,1,0.0391658,8137,43,14.0116,9,702,0,0.00224862,0.00249477,0,0,0,0,144,39,0.298611,0,0,0,0,0,0,0,0,0
1,bookshelf_tall,77,qpFixed,1,1,0.0204744,1502,17,13.0256,1097,1097,0,0.000362795,0.00249477,0,0,0.0100078,0,4,3,4.25,0,0,0,1,0,0,1502,433744,1212
1,bookshelf_tall,77,qpPlain,1,1,0.0324595,1502,17,13.0256,1097,1097,0,0.000362795,0.00249477,0,0,0.0100078,0,4,3,4.25,0,0,0,1,0,0,1502,515186,1502
1,bookshelf_tall,77,qpAdaptive,1,1,0.014054,946,18,13.0828,907,907,0,0.000355339,0.00249477,0,0,0.0159311,0.151163,4,3,4.5,0,0,0,0.842495,0.142706,0.0147992,946,284006,909
1,bookshelf_tall,77,qpFreeGate,1,1,0.105297,14362,47,16.8146,1535,1535,0,0.00962253,0.00249477,0,0,0.00445166,0,102,32,0.460784,0,0,0,1,0,0,0,0,0
1,bookshelf_tall,77,qpFreeEnvelope,1,1,0.0165616,779,36,17.4169,913,913,0,0.00962253,0.00249477,0,0,0.0754708,0.960205,104,30,0.346154,0,0,0,0.0129199,0.830749,0.156331,0,0,0
1,bookshelf_tall,77,qpEnvelope,1,1,0.0117648,770,18,13.184,837,837,0,0.000325252,0.00249477,0,0,0.0196758,0.0922078,4,3,4.5,0,0,0,0.903896,0.0779221,0.0181818,770,230592,756
1,bookshelf_thin,3,isSafe,1,1,0.00675836,1054,8,10.2306,7,513,0,0.00361996,0.00249477,0,0,0,0,4,3,2,0,0,0,0,0,0,0,0,0
1,bookshelf_thin,3,qpFixed,1,1,0.00894397,589,7,8.51825,590,590,0,0.00544607,0.00249477,0,0,0.0144622,0,1,1,7,0,0,0,1,0,0,589,153929,113
1,bookshelf_thin,3,qpPlain,1,1,0.00929721,589,7,8.51825,590,590,0,0.00544607,0.00249477,0,0,0.0144622,0,1,1,7,0,0,0,1,0,0,589,202027,589
1,bookshelf_thin,3,qpAdaptive,1,1,0.00144998,88,7,8.51881,467,467,0,0.00544607,0.00249477,0,0,0.0968046,0.829545,1,1,7,0,0,0,0.170455,0.772727,0.0568182,88,23619,40
1,bookshelf_thin,3,qpFreeGate,1,1,0.031938,3680,13,11.5197,927,927,0,0.00544607,0.00249477,0,0,0.00542071,0,17,9,0.764706,0,0,0,1,0,0,0,0,0
1,bookshelf_thin,3,qpFreeEnvelope,1,1,0.00642772,271,13,11.6747,609,609,0,0.00544607,0.00249477,0,0,0.0754088,0.944649,17,9,0.764706,0,0,0,0.0479705,0.852399,0.099631,0,0,0
1,bookshelf_thin,3,qpEnvelope,1,1,0.000629987,33,7,8.52332,442,442,0,0.00544607,0.00249477,0,0,0.258282,0.939394,1,1,7,0,0,0,0.0606061,0.787879,0.151515,33,8909,14
1,bookshelf_thin,27,isSafe,1,1,0.00901984,1419,9,13.8154,8,692,0,0.00389125,0.00249477,0,0,0,0,19,5,0.473684,0,0,0,0,0,0,0,0,0
1,bookshelf_thin,27,qpFixed,1,1,0.0504153,3015,21,16.6055,1550,1550,0,0.000254867,0.00249477,0,0,0.0087618,0,10,9,2.1,0,0,0,1,0,0,3014,859464,2518
1,bookshelf_thin,27,qpPlain,1,1,0.0513185,3015,21,16.6055,1550,1550,0,0.000254867,0.00249477,0,0,0.0087618,0,10,9,2.1,0,0,0,1,0,0,3014,1033802,3014
1,bookshelf_thin,27,qpAdaptive,1,1,0.0356739,2036,21,16.6219,1261,1261,0,0.000254102,0.00249477,0,0,0.0131715,0.246071,10,9,2.1,0,0,0,0.751473,0.242141,0.00638507,2036,588138,1946
1,bookshelf_thin,27,qpFreeGate,1,1,0.0310324,3548,13,9.34303,772,772,0,0.00389125,0.00249477,0,0,0.00566926,0,23,9,0.565217,0,0,0,1,0,0,0,0,0
1,bookshelf_thin,27,qpFreeEnvelope,1,1,0.0151643,676,26,23.482,1254,1254,0,0.000767584,0.00234594,0,0,0.0517525,0.849112,64,20,0.40625,0,0,0,0.123328,0.809807,0.0668648,0,0,0
1,bookshelf_thin,27,qpEnvelope,1,1,0.0253871,1395,22,16.6887,1205,1205,0,0.000254671,0.00249477,0,0,0.0193564,0.207168,10,9,2.2,0,0,0,0.792115,0.195699,0.0121864,1395,407043,1364
1,bookshelf_thin,51,isSafe,1,1,0.00867962,1357,9,11.1726,7,560,0,0.000643335,0.00249477,0,0,0,0,16,5,0.5625,0,0,0,0,0,0,0,0,0
1,bookshelf_thin,51,qpFixed,1,1,0.0106059,663,10,8.50144,664,664,0,0.00106747,0.00249477,0,0,0.0128227,0,1,1,10,0,0,0,1,0,0,663,169094,623
1,bookshelf_thin,51,qpPlain,1,1,0.0108721,663,10,8.50144,664,664,0,0.00106747,0.00249477,0,0,0.0128227,0,1,1,10,0,0,0,1,0,0,663,227409,663
1,bookshelf_thin,51,qpAdaptive,1,1,0.00550537,341,11,8.51738,581,581,0,0.00106641,0.00249477,0,0,0.0249776,0.457478,1,1,11,0,0,0,0.530792,0.442815,0.026393,341,86398,331
1,bookshelf_thin,51,qpFreeGate,1,1,0.0670943,7549,26,13.0677,1211,1211,0,0.000836603,0.00249477,0,0,0.005232,0,49,19,0.530612,0,0,0,1,0,0,0,0,0
1,bookshelf_thin,51,qpFreeEnvelope,1,1,0.0281846,1205,43,13.3664,732,732,0,0.000580897,3.8319e-06,0,0,0.0617621,0.828216,128,38,0.335938,0,0,0,0.158598,0.752922,0.0884808,0,0,0
1,bookshelf_thin,51,qpEnvelope,1,1,0.00628746,340,16,14.3347,832,832,0,0.000174438,0.00249477,0,0,0.0657903,0.541176,5,5,3.2,0,0,0,0.440476,0.520833,0.0386905,336,91265,326
1,bookshelf_thin,75,isSafe,1,1,0.0471987,7435,39,12.9478,8,649,0,0.000650069,0.00249477,0,0,0,0,133,35,0.293233,0,0,0,0,0,0,0,0,0
1,bookshelf_thin,75,qpFixed,1,1,0.0374795,2192,16,12.8054,1114,1114,0,0.000877479,0.00249477,0,0,0.0104965,0,6,5,2.66667,0,0,0,1,0,0,2191,626905,1780
1,bookshelf_thin,75,qpPlain,1,1,0.0367093,2192,16,12.8054,1114,1114,0,0.000877479,0.00249477,0,0,0.0104965,0,6,5,2.66667,0,0,0,1,0,0,2191,751513,2191
1,bookshelf_thin,75,qpAdaptive,1,1,0.0227098,1307,16,12.795,885,885,0,0.000877476,0.00249477,0,0,0.0177024,0.431523,6,5,2.66667,0,0,0,0.564652,0.427697,0.00765111,1307,381967,1237
1,bookshelf_thin,75,qpFreeGate,1,1,0.109347,12520,34,19.3172,1735,1735,0,0.00509919,0.00249477,0,0,0.00514928,0,71,28,0.478873,0,0,0,1,0,0,0,0,0
1,bookshelf_thin,75,qpFreeEnvelope,1,1,0.071934,2673,122,16.6532,865,865,0,0.00344699,0.00249477,0,0,0.085869,0.973438,356,116,0.342697,0,0,0,0.00749625,0.850825,0.141679,0,0,0
1,bookshelf_thin,75,qpEnvelope,1,1,0.0125457,691,16,12.681,772,772,0,0.000880122,0.00249477,0,0,0.033334,0.392185,6,5,2.66667,0,0,0,0.602026,0.376266,0.0217077,691,201332,669
1,bookshelf_thin,100,isSafe,1,1,0.0284465,4514,24,9.65236,6,484,0,0.0048935,0.00249477,0,0,0,0,64,20,0.375,0,0,0,0,0,0,0,0,0
1,bookshelf_thin,100,qpFixed,1,1,0.0372562,2384,17,15.9458,1392,1392,0,5.35021e-05,0.00249477,0,0,0.0105747,0,7,6,2.42857,0,0,0,1,0,0,2384,508811,1570
1,bookshelf_thin,100,qpPlain,1,1,0.0398208,2384,17,15.9458,1392,1392,0,5.35021e-05,0.00249477,0,0,0.0105747,0,7,6,2.42857,0,0,0,1,0,0,2384,817712,2384
1,bookshelf_thin,100,qpAdaptive,1,1,0.0209209,1246,17,15.9439,1159,1159,0,5.25222e-05,0.00249477,0,0,0.0202372,0.239968,7,6,2.42857,0,0,0,0.758427,0.230337,0.011236,1246,265389,1173
1,bookshelf_thin,100,qpFreeGate,1,1,0.0352374,3955,25,7.49695,669,669,0,0.00450757,0.00249477,0,0,0.00693479,0,30,15,0.833333,0,0,0,1,0,0,0,0,0
1,bookshelf_thin,100,qpFreeEnvelope,1,1,0.00611433,215,24,7.39979,393,393,0,0.00451559,0.00249477,0,0,0.128351,0.967442,30,14,0.8,0,0,0,0.0139535,0.8,0.186047,0,0,0
1,bookshelf_thin,100,qpEnvelope,1,1,0.0167288,942,17,15.9907,1087,1087,0,4.7696e-05,0.00249477,0,0,0.0267735,0.10828,7,6,2.42857,0,0,0,0.890658,0.0944798,0.014862,942,198638,913
1,table_under_pick,24,isSafe,1,1,0.00940981,2494,15,11.8349,8,593,0,0.0075833,0.00249477,0,0,0,0,51,10,0.294118,0,0,0,0,0,0,0,0,0
1,table_under_pick,24,qpFixed,1,1,0.038709,3466,29,16.8826,1521,1521,0,0.000199518,0.00249477,0,0,0.00943081,0,11,11,2.63636,0,0,0,1,0,0,3466,881224,3207
1,table_under_pick,24,qpPlain,1,1,0.0402096,3466,29,16.8826,1521,1521,0,0.000199518,0.00249477,0,0,0.00943081,0,11,11,2.63636,0,0,0,1,0,0,3466,1188838,3466
1,table_under_pick,24,qpAdaptive,1,1,0.0241525,2076,28,16.8852,1264,1264,0,0.000171681,0.00249477,0,0,0.0158006,0.474952,11,11,2.54545,0,0,0,0.51975,0.470135,0.0101156,2076,524750,2033
1,table_under_pick,24,qpFreeGate,1,1,0.0512989,8184,26,14.0291,1133,1133,0,0.0075833,0.00249477,0,0,0.00465718,0,54,20,0.481481,0,0,0,1,0,0,0,0,0
1,table_under_pick,24,qpFreeEnvelope,1,1,0.00665833,375,23,14.3083,741,741,0,0.0075833,0.00249477,0,0,0.0923182,0.984,51,14,0.45098,0,0,0,0,0.823056,0.176944,0,0,0
1,table_under_pick,24,qpEnvelope,1,1,0.0158927,1266,27,16.8674,1085,1085,0,0.000128073,0.00249477,0,0,0.0261953,0.458136,11,11,2.45455,0,0,0,0.537125,0.443128,0.0197472,1266,322115,1247
1,table_under_pick,48,isSafe,1,1,0.00578947,1546,10,13.5898,8,681,0,0.00793922,0.00249477,0,0,0,0,9,6,1.11111,0,0,0,0,0,0,0,0,0
1,table_under_pick,48,qpFixed,1,1,0.0180079,1701,13,12.5192,1211,1211,0,0.000431696,0.00249477,0,0,0.00976913,0,4,4,3.25,0,0,0,1,0,0,1701,392843,1169
1,table_under_pick,48,qpPlain,1,1,0.0194803,1701,13,12.5192,1211,1211,0,0.000431696,0.00249477,0,0,0.00976913,0,4,4,3.25,0,0,0,1,0,0,1701,583443,1701
1,table_under_pick,48,qpAdaptive,1,1,0.0092899,823,13,12.5386,929,929,0,0.000367842,0.00249477,0,0,0.0202504,0.298906,4,4,3.25,0,0,0,0.695018,0.292831,0.0121507,823,183270,773
1,table_under_pick,48,qpFreeGate,1,1,0.0362931,5790,24,20.1533,1684,1684,0,0.00793922,0.000462818,0,0,0.0059601,0,28,14,0.857143,0,0,0,1,0,0,0,0,0
1,table_under_pick,48,qpFreeEnvelope,1,1,0.00396475,217,23,20.3173,1049,1049,0,0.00793922,2.08569e-06,0,0,0.157146,0.9447,28,15,0.821429,0,0,0,0.0416667,0.75463,0.203704,0,0,0
1,table_under_pick,48,qpEnvelope,1,1,0.00681484,569,13,12.5772,848,848,0,0.000283667,0.00249477,0,0,0.0294087,0.29877,4,4,3.25,0,0,0,0.699473,0.282953,0.0175747,569,125347,537
1,table_under_pick,73,isSafe,1,1,0.0164981,4402,24,18.6483,11,934,0,0.00740591,0.00249477,0,0,0,0,81,20,0.296296,0,0,0,0,0,0,0,0,0
1,table_under_pick,73,qpFixed,1,1,0.0203721,1742,21,12.9054,934,934,0,0.00741804,0.00249477,0,0,0.0120748,0,5,5,4.2,0,0,0,1,0,0,1742,499879,1404
1,table_under_pick,73,qpPlain,1,1,0.0199178,1742,21,12.9054,934,934,0,0.00741804,0.00249477,0,0,0.0120748,0,5,5,4.2,0,0,0,1,0,0,1742,597506,1742
1,table_under_pick,73,qpAdaptive,1,1,0.0586772,4963,48,16.882,1062,1062,0,0.00741804,0.00249477,0,0,0.0158242,0.348177,30,23,1.6,0,0,0,0.648055,0.344689,0.0072566,4961,1250307,4670
1,table_under_pick,73,qpFreeGate,1,1,0.0599114,9361,26,11.2396,879,879,0,0.00741769,0.00249477,0,0,0.0044243,0,80,22,0.325,0,0,0,1,0,0,0,0,0
1,table_under_pick,73,qpFreeEnvelope,1,1,0.00919562,519,27,11.2432,593,593,0,0.00742193,0.00249477,0,0,0.0813189,0.986513,80,23,0.3375,0,0,0,0,0.830443,0.169557,0,0,0
1,table_under_pick,73,qpEnvelope,1,1,0.041188,3283,47,16.9942,903,903,0,0.00651075,0.00249477,0,0,0.0240013,0.265915,30,23,1.56667,0,0,0,0.731484,0.256324,0.0121914,3281,819703,3199
1,table_under_pick,97,isSafe,1,1,0.005264,1384,9,13.2356,8,663,0,0.00770234,0.00249477,0,0,0,0,21,5,0.428571,0,0,0,0,0,0,0,0,0
1,table_under_pick,97,qpFixed,1,1,0.0966336,8646,50,19.2677,1637,1637,0,4.24476e-05,0.00249477,0,0,0.00975024,0,29,24,1.72414,0,0,0,1,0,0,8646,2093281,7836
1,table_under_pick,97,qpPlain,1,1,0.101977,8646,50,19.2677,1637,1637,0,4.24476e-05,0.00249477,0,0,0.00975024,0,29,24,1.72414,0,0,0,1,0,0,8646,2965578,8646
1,table_under_pick,97,qpAdaptive,1,1,0.0788219,6243,50,19.268,1411,1411,0,4.34023e-05,0.00249477,0,0,0.0135252,0.206631,29,24,1.72414,0,0,0,0.791927,0.203428,0.0046452,6243,1481461,6127
1,table_under_pick,97,qpFreeGate,1,1,0.0173522,2753,13,16.138,1339,1339,0,0.00770234,0.00249477,0,0,0.00639999,0,15,9,0.866667,0,0,0,1,0,0,0,0,0
1,table_under_pick,97,qpFreeEnvelope,1,1,0.0025778,141,13,16.4503,852,852,0,0.00499017,0.00249477,0,0,0.128301,1,15,9,0.866667,0,0,0,0,0.843972,0.156028,0,0,0
1,table_under_pick,97,qpEnvelope,1,1,0.0547032,4450,49,19.3148,1226,1226,0,5.04177e-05,0.00249477,0,0,0.0187558,0.157978,29,24,1.68966,0,0,0,0.841124,0.149888,0.00898876,4450,1057357,4398
1,bookshelf_small,23,isSafe,1,1,0.00270983,1029,7,5.86001,4,295,0,0.00225971,0.00249477,0,0,0,0,6,4,1.16667,0,0,0,0,0,0,0,0,0
1,bookshelf_small,23,qpFixed,1,1,0.00633153,699,8,7.22736,700,700,0,0.00127471,0.00249477,0,0,0.0103396,0,1,1,8,0,0,0,1,0,0,699,172991,567
1,bookshelf_small,23,qpPlain,1,1,0.00670523,699,8,7.22736,700,700,0,0.00127471,0.00249477,0,0,0.0103396,0,1,1,8,0,0,0,1,0,0,699,239757,699
1,bookshelf_small,23,qpAdaptive,1,1,0.00503111,492,8,7.23486,623,623,0,0.00127833,0.00249477,0,0,0.014705,0.140244,1,1,8,0,0,0,0.859756,0.134146,0.00609756,492,126137,483
1,bookshelf_small,23,qpFreeGate,1,1,0.00487273,928,9,5.71983,452,452,0,0.00211385,0.00249477,0,0,0.01024,0,6,4,1.5,0,0,0,1,0,0,0,0,0
1,bookshelf_small,23,qpFreeEnvelope,1,1,0.000702198,59,8,5.70815,299,299,0,0.00212513,0.00249477,0,0,0.163134,0.915254,6,4,1.33333,0,0,0,0.0677966,0.79661,0.135593,0,0,0
1,bookshelf_small,23,qpEnvelope,1,1,0.00322957,318,8,7.25205,523,523,0,0.00116999,0.00249477,0,0,0.0228052,0.169811,1,1,8,0,0,0,0.823899,0.160377,0.0157233,318,81506,311
1,bookshelf_small,48,isSafe,1,1,0.00214125,784,6,7.79678,5,391,0,0.00537746,0.00249477,0,0,0,0,2,1,3,0,0,0,0,0,0,0,0,0
1,bookshelf_small,48,qpFixed,1,1,0.00847011,1027,20,8.35587,630,630,0,0.00537746,0.00249477,0,0,0.0134362,0,2,2,10,0,0,0,1,0,0,1027,276020,399
1,bookshelf_small,48,qpPlain,1,1,0.00891241,1027,20,8.35587,630,630,0,0.00537746,0.00249477,0,0,0.0134362,0,2,2,10,0,0,0,1,0,0,1027,352261,1027
1,bookshelf_small,48,qpAdaptive,1,1,0.00141744,162,18,8.39064,463,463,0,0.00537746,0.00249477,0,0,0.0847835,0.790123,2,2,9,0,0,0,0.191358,0.703704,0.104938,162,48394,82
1,bookshelf_small,48,qpFreeGate,1,1,0.00365668,712,9,8.02016,643,643,0,0.00537746,0.00249477,0,0,0.0112986,0,2,2,4.5,0,0,0,1,0,0,0,0,0
1,bookshelf_small,48,qpFreeEnvelope,1,1,0.000492018,35,7,8.09117,421,421,0,0.00537746,0.00249477,0,0,0.232078,0.971429,2,2,3.5,0,0,0,0.0285714,0.8,0.171429,0,0,0
1,bookshelf_small,48,qpEnvelope,1,1,0.000981489,68,19,8.45868,440,440,0,0.00537746,0.00249477,0,0,0.202858,0.764706,2,2,9.5,0,0,0,0.161765,0.573529,0.264706,68,20277,34
1,bookshelf_small,72,isSafe,1,1,0.0135287,5199,28,20.6189,12,1032,0,0.00353455,0.00249477,0,0,0,0,94,24,0.297872,0,0,0,0,0,0,0,0,0
1,bookshelf_small,72,qpFixed,1,1,0.0200187,2224,24,19.7265,1622,1622,0,0.00467377,1.55472e-05,0,0,0.0105903,0,6,6,4,0,0,0,1,0,0,2224,644029,1854
1,bookshelf_small,72,qpPlain,1,1,0.0204464,2224,24,19.7265,1622,1622,0,0.00467377,1.55472e-05,0,0,0.0105903,0,6,6,4,0,0,0,1,0,0,2224,762832,2224
1,bookshelf_small,72,qpAdaptive,1,1,0.0145695,1495,24,19.7966,1414,1414,0,0.00465523,1.29599e-05,0,0,0.0158122,0.231438,6,6,4,0,0,0,0.765886,0.22408,0.0100334,1495,443167,1384
1,bookshelf_small,72,qpFreeGate,1,1,0.0713881,13641,37,19.0007,1495,1495,0,0.00350251,0.00188567,0,0,0.00460486,0,79,29,0.468354,0,0,0,1,0,0,0,0,0
1,bookshelf_small,72,qpFreeEnvelope,1,1,0.00849841,619,45,22.095,1161,1161,0,0.00201638,5.83055e-06,0,0,0.116965,0.914378,94,35,0.478723,0,0,0,0.00521739,0.846957,0.147826,0,0,0
1,bookshelf_small,72,qpEnvelope,1,1,0.0131637,1268,17,11.7263,713,713,0,0.00418429,3.33771e-05,0,0,0.0220346,0.102524,8,8,2.125,0,0,0,0.897476,0.0946372,0.00788644,1268,372692,1231
1,bookshelf_small,97,isSafe,1,1,0.00542178,2043,12,9.7049,6,487,0,0.00131195,0.00160146,0,0,0,0,27,8,0.444444,0,0,0,0,0,0,0,0,0
1,bookshelf_small,97,qpFixed,1,1,0.00711838,783,11,9.39956,686,686,0,0.000127403,0.00249477,0,0,0.0125259,0,3,3,3.66667,0,0,0,1,0,0,782,210962,735
1,bookshelf_small,97,qpPlain,1,1,0.00727902,783,11,9.39956,686,686,0,0.000127403,0.00249477,0,0,0.0125259,0,3,3,3.66667,0,0,0,1,0,0,782,268226,782
1,bookshelf_small,97,qpAdaptive,1,1,0.00458412,471,11,9.17876,624,624,0,0.0019171,0.00249477,0,0,0.0203897,0.543524,3,3,3.66667,0,0,0,0.444681,0.53617,0.0191489,470,130005,409
1,bookshelf_small,97,qpFreeGate,1,1,0.037538,7212,21,6.84127,611,611,0,0.00334478,0.00126004,0,0,0.0041744,0,44,13,0.477273,0,0,0,1,0,0,0,0,0
1,bookshelf_small,97,qpFreeEnvelope,1,1,0.00322141,239,15,8.97388,481,481,0,0.00448916,1.47206e-05,0,0,0.0815934,0.974895,29,9,0.517241,0,0,0,0,0.855932,0.144068,0,0,0
1,bookshelf_small,97,qpEnvelope,1,1,0.00172987,142,11,9.22768,509,509,0,0.00176308,0.00249477,0,0,0.068039,0.612676,3,3,3.66667,0,0,0,0.375887,0.560284,0.0638298,141,40724,124
1,box,21,isSafe,1,1,0.00272254,1075,8,8.53239,6,428,0,0.00956734,0.00249477,0,0,0,0,6,3,1.33333,0,0,0,0,0,0,0,0,0
1,box,21,qpFixed,1,1,0.00510379,672,7,7.95153,673,673,0,0.0140123,0.00249477,0,0,0.0118326,0,1,1,7,0,0,0,1,0,0,672,158881,143
1,box,21,qpPlain,1,1,0.00585185,672,7,7.95153,673,673,0,0.0140123,0.00249477,0,0,0.0118326,0,1,1,7,0,0,0,1,0,0,672,230496,672
1,box,21,qpAdaptive,1,1,0.000739708,84,7,7.95118,440,440,0,0.0138295,0.00249477,0,0,0.0946569,0.988095,1,1,7,0,0,0,0,0.940476,0.0595238,84,23902,48
1,box,21,qpFreeGate,1,1,0.0282488,5664,23,15.4131,1295,1295,0,0.0181478,0.00249477,0,0,0.00635759,0,28,16,0.821429,0,0,0,1,0,0,0,0,0
1,box,21,qpFreeEnvelope,1,1,0.00368322,321,24,15.3174,794,794,0,0.00382857,0.00249477,0,0,0.109114,0.968847,28,16,0.857143,0,0,0,0.0155763,0.884735,0.0996885,0,0,0
1,box,21,qpEnvelope,1,1,0.000380903,33,7,7.95332,413,413,0,0.0134171,0.00249477,0,0,0.24101,1,1,1,7,0,0,0,0,0.848485,0.151515,33,9195,19
1,box,45,isSafe,1,1,0.00260809,1017,7,7.9359,5,398,0,0.0312478,0.00249477,0,0,0,0,7,3,1,0,0,0,0,0,0,0,0,0
1,box,45,qpFixed,1,1,0.00363424,455,6,6.07221,456,456,0,0.00906303,0.00249477,0,0,0.0133455,0,1,1,6,0,0,0,1,0,0,455,111717,170
1,box,45,qpPlain,1,1,0.0037903,455,6,6.07221,456,456,0,0.00906303,0.00249477,0,0,0.0133455,0,1,1,6,0,0,0,1,0,0,455,156065,455
1,box,45,qpAdaptive,1,1,0.000869025,88,6,6.07169,347,347,0,0.00872266,0.00249477,0,0,0.0689965,0.738636,1,1,6,0,0,0,0.261364,0.693182,0.0454545,88,22294,66
1,box,45,qpFreeGate,1,1,0.00657057,1300,10,8.71835,855,855,0,0.0055417,0.00249477,0,0,0.00767714,0,4,4,2.5,0,0,0,1,0,0,0,0,0
1,box,45,qpFreeEnvelope,1,1,0.00373145,301,22,12.1634,637,637,0,0.00188987,0.00249477,0,0,0.10636,0.953488,28,16,0.785714,0,0,0,0.0431894,0.837209,0.119601,0,0,0
1,box,45,qpEnvelope,1,1,0.000507352,45,6,6.07131,325,325,0,0.00836008,0.00249477,0,0,0.134918,1,1,1,6,0,0,0,0,0.911111,0.0888889,45,11529,37
1,box,69,isSafe,1,1,0.00824588,3176,18,12.7145,8,637,0,0.0405398,0.00249477,0,0,0,0,51,14,0.352941,0,0,0,0,0,0,0,0,0
1,box,69,qpFixed,1,1,0.0127923,1544,13,11.4544,826,826,0,0.00623075,0.00249477,0,0,0.0121226,0,5,5,2.6,0,0,0,1,0,0,1544,401868,982
1,box,69,qpPlain,1,1,0.0137047,1544,13,11.4544,826,826,0,0.00623075,0.00249477,0,0,0.0121226,0,5,5,2.6,0,0,0,1,0,0,1544,529592,1544
1,box,69,qpAdaptive,1,1,0.00480399,511,13,11.4694,656,656,0,0.00551901,0.00249477,0,0,0.0365678,0.690802,5,5,2.6,0,0,0,0.303327,0.671233,0.0254403,511,133659,448
1,box,69,qpFreeGate,1,1,0.0434247,6599,27,10.7386,879,879,0,0.0180155,0.00249477,0,0,0.00540733,0,32,19,0.84375,0,0,0,1,0,0,0,0,0
1,box,69,qpFreeEnvelope,1,1,0.00426607,329,27,10.0487,525,525,0,0.0101477,0.00249477,0,0,0.105864,0.93921,32,18,0.84375,0,0,0,0.0486322,0.799392,0.151976,0,0,0
1,box,69,qpEnvelope,1,1,0.00240761,209,13,11.4675,617,617,0,0.00350626,0.00249477,0,0,0.0884795,0.602871,5,5,2.6,0,0,0,0.392344,0.54067,0.0669856,209,55449,184
1,box,93,isSafe,1,1,0.00832071,3231,18,13.7,8,687,0,0.0209816,0.00249477,0,0,0,0,45,15,0.4,0,0,0,0,0,0,0,0,0
1,box,93,qpFixed,1,1,0.00357166,435,6,5.81366,436,436,0,0.00707368,0.00249477,0,0,0.0133647,0,1,1,6,0,0,0,1,0,0,435,99094,198
1,box,93,qpPlain,1,1,0.00379922,435,6,5.81366,436,436,0,0.00707368,0.00249477,0,0,0.0133647,0,1,1,6,0,0,0,1,0,0,435,149205,435
1,box,93,qpAdaptive,1,1,0.00105342,106,6,5.81562,333,333,0,0.00712912,0.00249477,0,0,0.0548644,0.990566,1,1,6,0,0,0,0,0.962264,0.0377358,106,25506,82
1,box,93,qpFreeGate,1,1,0.0512731,10047,40,11.7497,1226,1226,0,0.00714928,0.00249477,0,0,0.00501004,0,60,26,0.666667,0,0,0,1,0,0,0,0,0
1,box,93,qpFreeEnvelope,1,1,0.00734695,571,31,14.6647,792,792,0,0.000159215,0.00249477,0,0,0.0837109,0.936953,70,25,0.442857,0,0,0,0.0315236,0.859895,0.108581,0,0,0
1,box,93,qpEnvelope,1,1,0.000371415,32,6,5.81723,310,310,0,0.00736333,0.00249477,0,0,0.181788,1,1,1,6,0,0,0,0,0.875,0.125,32,8181,21
1,table_pick,17,isSafe,1,1,0.00491029,1278,9,10.4575,7,524,0,0.00182114,0.00249477,0,0,0,0,9,4,1,0,0,0,0,0,0,0,0,0
1,table_pick,17,qpFixed,1,1,0.00716555,635,7,8.01906,675,675,0,0.000509292,0.00249477,0,0,0.0126284,0,1,1,7,0,0,0,1,0,0,635,186598,477
1,table_pick,17,qpPlain,1,1,0.00727784,635,7,8.01906,675,675,0,0.000509292,0.00249477,0,0,0.0126284,0,1,1,7,0,0,0,1,0,0,635,217805,635
1,table_pick,17,qpAdaptive,1,1,0.00448047,367,7,8.03269,569,569,0,0.000510196,0.00249477,0,0,0.0218874,0.245232,1,1,7,0,0,0,0.749319,0.239782,0.0108992,367,110849,336
1,table_pick,17,qpFreeGate,1,1,0.040217,6209,20,13.2755,1318,1318,0,0.00249949,0.00249477,0,0,0.00466717,0,41,15,0.487805,0,0,0,1,0,0,0,0,0
1,table_pick,17,qpFreeEnvelope,1,1,0.00659092,385,23,15.7819,836,836,0,0.00190379,0.00249477,0,0,0.0776549,0.935065,41,16,0.560976,0,0,0,0.046875,0.817708,0.135417,0,0,0
1,table_pick,17,qpEnvelope,1,1,0.0033895,270,7,8.08026,528,528,0,0.000439619,0.00249477,0,0,0.0299269,0.181481,1,1,7,0,0,0,0.818519,0.166667,0.0148148,270,81684,261
1,table_pick,41,isSafe,1,1,0.0154217,3961,22,15.0165,9,752,0,0.00161468,0.00249477,0,0,0,0,65,17,0.338462,0,0,0,0,0,0,0,0,0
1,table_pick,41,qpFixed,1,1,0.0264301,2259,27,16.3272,1390,1390,0,0.000525377,0.00249477,0,0,0.0107431,0,6,6,4.5,0,0,0,1,0,0,2259,656163,1875
1,table_pick,41,qpPlain,1,1,0.0260519,2259,27,16.3272,1390,1390,0,0.000525377,0.00249477,0,0,0.0107431,0,6,6,4.5,0,0,0,1,0,0,2259,774837,2259
1,table_pick,41,qpAdaptive,1,1,0.0129454,1044,27,16.2556,1096,1096,0,0.000527111,0.00249477,0,0,0.0232062,0.358238,6,6,4.5,0,0,0,0.633142,0.342912,0.0239464,1044,313758,1001
1,table_pick,41,qpFreeGate,1,1,0.0743144,11524,47,24.3222,2153,2153,0,0.00390754,0.00144759,0,0,0.0050221,0,87,32,0.54023,0,0,0,1,0,0,0,0,0
1,table_pick,41,qpFreeEnvelope,1,1,0.0112799,618,38,25.2167,1305,1305,0,0.000388043,0.00249477,0,0,0.0966863,0.967638,89,30,0.426966,0,0,0,0.0178571,0.819805,0.162338,0,0,0
1,table_pick,41,qpEnvelope,1,1,0.00928441,686,25,13.6409,818,818,0,0.000580309,0.00249477,0,0,0.0403401,0.361516,7,7,3.57143,0,0,0,0.634111,0.329446,0.0364431,686,206930,673
1,table_pick,65,isSafe,1,1,0.00394028,1004,7,9.91624,6,497,0,0.00606144,0.00249477,0,0,0,0,4,2,1.75,0,0,0,0,0,0,0,0,0
1,table_pick,65,qpFixed,1,1,0.00684943,696,7,9.4009,697,697,0,0.00388893,0.00249477,0,0,0.013507,0,1,1,7,0,0,0,1,0,0,696,160512,155
1,table_pick,65,qpPlain,1,1,0.0125516,696,7,9.4009,697,697,0,0.00388893,0.00249477,0,0,0.013507,0,1,1,7,0,0,0,1,0,0,696,238728,696
1,table_pick,65,qpAdaptive,1,1,0.00134829,104,7,9.40288,524,524,0,0.00388826,0.00249477,0,0,0.0904123,0.538462,1,1,7,0,0,0,0.442308,0.509615,0.0480769,104,27170,75
1,table_pick,65,qpFreeGate,1,1,0.00623133,982,8,10.7979,778,778,0,0.00592005,0.00249477,0,0,0.011055,0,4,3,2,0,0,0,1,0,0,0,0,0
1,table_pick,65,qpFreeEnvelope,1,1,0.000828842,47,8,10.8647,558,558,0,0.00592636,0.00249477,0,0,0.232835,1,4,3,2,0,0,0,0,0.808511,0.191489,0,0,0
1,table_pick,65,qpEnvelope,1,1,0.000617342,44,7,9.4057,495,495,0,0.00376423,0.00249477,0,0,0.213766,0.886364,1,1,7,0,0,0,0.113636,0.772727,0.113636,44,11508,31
1,table_pick,89,isSafe,1,1,0.0060003,1580,10,11.3628,7,570,0,0.0039343,0.00249477,0,0,0,0,22,6,0.454545,0,0,0,0,0,0,0,0,0
1,table_pick,89,qpFixed,1,1,0.00829807,739,8,8.62423,740,740,0,0.000105509,0.00249477,0,0,0.0116701,0,1,1,8,0,0,0,1,0,0,739,188050,573
1,table_pick,89,qpPlain,1,1,0.00889619,739,8,8.62423,740,740,0,0.000105509,0.00249477,0,0,0.0116701,0,1,1,8,0,0,0,1,0,0,739,253477,739
1,table_pick,89,qpAdaptive,1,1,0.00521973,437,8,8.64273,643,643,0,0.000467962,0.00249477,0,0,0.0197774,0.270023,1,1,8,0,0,0,0.727689,0.26087,0.0114416,437,118455,405
1,table_pick,89,qpFreeGate,1,1,0.0203228,3197,12,11.2156,871,871,0,0.00376905,0.00249477,0,0,0.0055604,0,22,8,0.545455,0,0,0,1,0,0,0,0,0
1,table_pick,89,qpFreeEnvelope,1,1,0.00301693,162,11,11.071,581,581,0,0.00380517,0.00249477,0,0,0.104852,0.993827,22,7,0.5,0,0,0,0,0.839506,0.160494,0,0,0
1,table_pick,89,qpEnvelope,1,1,0.00446047,356,12,11.6318,750,750,0,0.00031313,0.00249477,0,0,0.0367151,0.22191,2,2,6,0,0,0,0.769663,0.202247,0.0280899,356,93473,336
1,cage,13,isSafe,1,1,0.152119,53745,283,16.2156,10,812,0,0.0132613,0.00249477,0,0,0,0,1553,279,0.182228,0,0,0,0,0,0,0,0,0
1,cage,13,qpFixed,1,1,0.228761,24391,127,24.6566,1999,1999,0,0.000145066,0.000258812,0,0,0.00902192,0,89,72,1.42697,0,0,0,1,0,0,24390,6381115,21286
1,cage,13,qpPlain,1,1,0.24876,24391,127,24.6566,1999,1999,0,0.000145066,0.000258812,0,0,0.00902192,0,89,72,1.42697,0,0,0,1,0,0,24390,8365770,24390
1,cage,13,qpAdaptive,1,1,0.154916,15458,127,24.6892,1652,1652,0,0.000120445,0.000254053,0,0,0.0142625,0.285807,89,72,1.42697,0,0,0,0.712816,0.281491,0.00569321,15457,4029489,15001
1,cage,13,qpFreeGate,1,1,1.96282,362261,798,21.315,2249,2249,0,0.00148737,0.00249477,0,0,0.0036715,0,2760,767,0.28913,0,0,0,1,0,0,0,0,0
1,cage,13,qpFreeEnvelope,1,1,0.191015,13149,563,27.549,1437,1437,0,1.30334e-05,0.00249477,0,0,0.0702142,0.931173,2022,536,0.278437,0,0,0,0.0348274,0.838318,0.126855,0,0,0
1,cage,13,qpEnvelope,1,1,0.114953,10905,127,24.748,1468,1468,0,0.000101144,0.000388243,0,0,0.0202931,0.237506,89,72,1.42697,0,0,0,0.760983,0.229203,0.00981381,10903,2789636,10741
1,cage,37,isSafe,1,1,0.0712259,24168,123,23.3314,13,1168,0,0.00542984,0.00183186,0,0,0,0,583,119,0.210978,0,0,0,0,0,0,0,0,0
1,cage,37,qpFixed,1,1,0.131592,13262,63,22.3044,1916,1916,0,5.83692e-05,0.00249477,0,0,0.00862357,0,51,35,1.23529,0,0,0,1,0,0,13261,3570662,11991
1,cage,37,qpPlain,1,1,0.134615,13262,63,22.3044,1916,1916,0,5.83692e-05,0.00249477,0,0,0.00862357,0,51,35,1.23529,0,0,0,1,0,0,13261,4548523,13261
1,cage,37,qpAdaptive,1,1,0.0934385,8926,63,22.3364,1518,1518,0,5.56022e-05,0.00249477,0,0,0.0128275,0.279857,51,35,1.23529,0,0,0,0.718575,0.276384,0.00504145,8926,2394818,8734
1,cage,37,qpFreeGate,1,1,0.471275,85035,200,17.4858,1797,1797,0,0.00306487,0.00249477,0,0,0.00391998,0,608,184,0.328947,0,0,0,1,0,0,0,0,0
1,cage,37,qpFreeEnvelope,1,1,0.455887,31741,1257,18.5174,994,994,0,0.000378767,0.00249477,0,0,0.0611716,0.917866,4695,1211,0.267732,0,0,0,0.0421343,0.83127,0.126595,0,0,0
1,cage,37,qpEnvelope,1,1,0.073852,6569,63,22.3812,1341,1341,0,4.75632e-05,0.00249477,0,0,0.0175217,0.260923,51,35,1.23529,0,0,0,0.736337,0.25529,0.00837266,6569,1768838,6487
1,cage,61,isSafe,1,1,0.0881673,30300,150,13.4232,8,673,0,0.00166546,0.00249477,0,0,0,0,816,146,0.183824,0,0,0,0,0,0,0,0,0
1,cage,61,qpFixed,1,1,0.0192357,2042,21,11.6826,981,981,0,0.000597712,0.00249477,0,0,0.0103925,0,8,6,2.625,0,0,0,1,0,0,2039,524517,1657
1,cage,61,qpPlain,1,1,0.0204847,2042,21,11.6826,981,981,0,0.000597712,0.00249477,0,0,0.0103925,0,8,6,2.625,0,0,0,1,0,0,2039,699377,2039
1,cage,61,qpAdaptive,1,1,0.00870234,838,22,11.6933,744,744,0,0.000362411,0.00249477,0,0,0.0253335,0.483294,8,6,2.75,0,0,0,0.506587,0.469461,0.0239521,835,232245,803
1,cage,61,qpFreeGate,1,1,0.530584,96799,249,21.295,2065,2065,0,0.00228294,0.00249477,0,0,0.00419031,0,780,237,0.319231,0,0,0,1,0,0,0,0,0
1,cage,61,qpFreeEnvelope,1,1,0.0734626,4890,248,15.7374,899,899,0,0.0003603,0.00249477,0,0,0.0788252,0.912065,774,231,0.320413,0,0,0,0.0485297,0.818425,0.133045,0,0,0
1,cage,61,qpEnvelope,1,1,0.00872172,802,26,15.8417,906,906,0,2.09249e-05,0.00249477,0,0,0.043275,0.331671,11,9,2.36364,0,0,0,0.665832,0.30413,0.0300375,799,216593,768
1,cage,85,isSafe,1,1,0.11964,37626,194,9.19221,6,461,0,0.0126379,0.00249477,0,0,0,0,1002,191,0.193613,0,0,0,0,0,0,0,0,0
1,cage,85,qpFixed,1,1,0.165136,16968,93,20.1257,1558,1558,0,5.19303e-05,0.00249477,0,0,0.00933534,0,67,52,1.38806,0,0,0,1,0,0,16965,4621685,15286
1,cage,85,qpPlain,1,1,0.168665,16968,93,20.1257,1558,1558,0,5.19303e-05,0.00249477,0,0,0.00933534,0,67,52,1.38806,0,0,0,1,0,0,16965,5818995,16965
1,cage,85,qpAdaptive,1,1,0.113341,11134,93,20.1119,1392,1392,0,4.9867e-05,0.00249477,0,0,0.014248,0.285971,67,52,1.38806,0,0,0,0.711796,0.281915,0.00628874,11131,3032665,10836
1,cage,85,qpFreeGate,1,1,0.488916,90255,215,18.0378,2260,2260,0,0.00202491,0.000701227,0,0,0.00400753,0,604,194,0.35596,0,0,0,1,0,0,0,0,0
1,cage,85,qpFreeEnvelope,1,1,0.0647864,4736,210,27.9717,1485,1485,0,6.82843e-05,0.00227614,0,0,0.0749146,0.901816,617,186,0.340357,0,0,0,0.0726305,0.790628,0.136741,0,0,0
1,cage,85,qpEnvelope,1,1,0.0900838,8258,93,20.1349,1280,1280,0,3.30309e-05,0.00249477,0,0,0.0191939,0.17704,67,52,1.38806,0,0,0,0.82142,0.169009,0.00957112,8254,2230089,8132
1,bookshelf_tall,3,isSafe,1,1,0.0287905,5848,32,23.9338,14,1198,0,0.0103429,8.86716e-05,0,0,0,0,95,26,0.336842,0,0,0,0,0,0,0,0,0
1,bookshelf_tall,3,qpFixed,1,1,0.0119403,790,8,10.0115,791,791,0,0.0084489,8.42864e-05,0,0,0.0126727,0,1,1,8,0,0,0,1,0,0,790,220503,354
1,bookshelf_tall,3,qpPlain,1,1,0.0102035,790,8,10.0115,791,791,0,0.0084489,8.42864e-05,0,0,0.0126727,0,1,1,8,0,0,0,1,0,0,790,270970,790
1,bookshelf_tall,3,qpAdaptive,1,1,0.00393148,297,8,10.0143,626,626,0,0.0084489,8.00086e-05,0,0,0.0337183,0.424242,1,1,8,0,0,0,0.572391,0.410774,0.016835,297,84210,238
1,bookshelf_tall,3,qpFreeGate,1,1,0.0477448,6408,23,15.337,1467,1467,0,0.00759332,0.00225204,0,0,0.00498764,0,32,15,0.71875,0,0,0,1,0,0,0,0,0
1,bookshelf_tall,3,qpFreeEnvelope,1,1,0.0109078,524,40,22.8524,1189,1189,0,0.00181546,0.00073629,0,0,0.120069,0.921756,69,31,0.57971,0,0,0,0.0137795,0.838583,0.147638,0,0,0
1,bookshelf_tall,3,qpEnvelope,1,1,0.000831548,44,8,10.2268,529,529,0,0.0086424,0.000152404,0,0,0.232428,0.636364,1,1,8,0,0,0,0.363636,0.5,0.136364,44,13388,36
1,bookshelf_tall,29,isSafe,1,1,0.0178289,3677,21,9.57898,7,480,0,0.00536666,0.00249477,0,0,0,0,72,17,0.291667,0,0,0,0,0,0,0,0,0
1,bookshelf_tall,29,qpFixed,1,1,0.0201307,1510,13,15.5545,1244,1244,0,0.00536666,0.00230815,0,0,0.0109804,0,5,5,2.6,0,0,0,1,0,0,1510,365584,1318
1,bookshelf_tall,29,qpPlain,1,1,0.0204726,1510,13,15.5545,1244,1244,0,0.00536666,0.00230815,0,0,0.0109804,0,5,5,2.6,0,0,0,1,0,0,1510,517930,1510
1,bookshelf_tall,29,qpAdaptive,1,1,0.0091532,619,13,15.5405,1032,1032,0,0.00536666,0.00218085,0,0,0.026804,0.799677,5,5,2.6,0,0,0,0.19063,0.789984,0.0193861,619,157402,609
1,bookshelf_tall,29,qpFreeGate,1,1,0.0608491,8195,24,13.3247,1067,1067,0,0.00536666,0.00249477,0,0,0.00398534,0,72,17,0.333333,0,0,0,1,0,0,0,0,0
1,bookshelf_tall,29,qpFreeEnvelope,1,1,0.0105871,512,24,13.552,703,703,0,0.00536666,0.00249477,0,0,0.0647876,0.962891,72,17,0.333333,0,0,0,0.0214844,0.814453,0.164062,0,0,0
1,bookshelf_tall,29,qpEnvelope,1,1,0.00271698,167,13,15.5182,845,845,0,0.00536666,0.00178361,0,0,0.09936,0.934132,5,5,2.6,0,0,0,0.0598802,0.856287,0.0838323,167,45775,163
1,bookshelf_tall,53,isSafe,1,1,0.00834701,1576,10,10.1487,7,509,0,0.00523036,0.00249477,0,0,0,0,14,6,0.714286,0,0,0,0,0,0,0,0,0
1,bookshelf_tall,53,qpFixed,1,1,0.00601461,457,7,6.18917,458,458,0,0.00413506,0.00249477,0,0,0.013543,0,1,1,7,0,0,0,1,0,0,457,123347,270
1,bookshelf_tall,53,qpPlain,1,1,0.00613103,457,7,6.18917,458,458,0,0.00413506,0.00249477,0,0,0.013543,0,1,1,7,0,0,0,1,0,0,457,156751,457
1,bookshelf_tall,53,qpAdaptive,1,1,0.00312266,217,7,6.20624,398,398,0,0.00410912,0.00249477,0,0,0.0286002,0.534562,1,1,7,0,0,0,0.465438,0.516129,0.0184332,217,61634,203
1,bookshelf_tall,53,qpFreeGate,1,1,0.0204141,2723,11,10.9892,840,840,0,0.00523036,0.00249477,0,0,0.00670605,0,14,8,0.785714,0,0,0,1,0,0,0,0,0
1,bookshelf_tall,53,qpFreeEnvelope,1,1,0.00350141,184,12,11.3079,582,582,0,0.00523036,0.00249477,0,0,0.10252,0.923913,14,8,0.857143,0,0,0,0.0652174,0.815217,0.119565,0,0,0
1,bookshelf_tall,53,qpEnvelope,1,1,0.00149699,92,7,6.24434,353,353,0,0.00385125,0.00249477,0,0,0.0678733,0.543478,1,1,7,0,0,0,0.445652,0.5,0.0543478,92,26445,85
1,bookshelf_tall,78,isSafe,1,1,0.0286662,5892,31,9.23063,6,463,0,0.00444043,0.00249477,0,0,0,0,96,28,0.322917,0,0,0,0,0,0,0,0,0
1,bookshelf_tall,78,qpFixed,1,1,0.0505939,3699,27,13.1875,1134,1134,0,0.00249397,0.00249477,0,0,0.00956238,0,10,10,2.7,0,0,0,1,0,0,3698,1060210,3195
1,bookshelf_tall,78,qpPlain,1,1,0.0509912,3699,27,13.1875,1134,1134,0,0.00249397,0.00249477,0,0,0.00956238,0,10,10,2.7,0,0,0,1,0,0,3698,1268414,3698
1,bookshelf_tall,78,qpAdaptive,1,1,0.0293065,2043,27,13.2426,847,847,0,0.00248848,0.00249477,0,0,0.017108,0.340675,10,10,2.7,0,0,0,0.656541,0.33611,0.00734934,2041,603106,1959
1,bookshelf_tall,78,qpFreeGate,1,1,0.097554,13091,34,9.22157,652,652,0,0.00444043,0.00249477,0,0,0.00460721,0,96,31,0.354167,0,0,0,1,0,0,0,0,0
1,bookshelf_tall,78,qpFreeEnvelope,1,1,0.015968,755,32,9.23063,475,475,0,0.00444043,0.00249477,0,0,0.0795697,0.992053,96,29,0.333333,0,0,0,0.00265252,0.866048,0.1313,0,0,0
1,bookshelf_tall,78,qpEnvelope,1,1,0.0146721,954,21,20.6577,1155,1155,0,0.00132019,0.000109442,0,0,0.0343944,0.312369,8,8,2.625,0,0,0,0.68239,0.298742,0.0188679,954,283277,927
1,bookshelf_thin,4,isSafe,1,1,0.398878,59463,315,25.9327,15,1298,0,0.00702602,0.00249477,0,0,0,0,1495,310,0.210702,0,0,0,0,0,0,0,0,0
1,bookshelf_thin,4,qpFixed,1,1,0.0272687,1674,13,12.8449,1118,1118,0,0.0049391,0.00249477,0,0,0.00994644,0,8,5,1.625,0,0,0,1,0,0,1668,450320,885
1,bookshelf_thin,4,qpPlain,1,1,0.0280612,1674,13,12.8449,1118,1118,0,0.0049391,0.00249477,0,0,0.00994644,0,8,5,1.625,0,0,0,1,0,0,1668,572124,1668
1,bookshelf_thin,4,qpAdaptive,1,1,0.0109675,623,13,12.8486,757,757,0,0.0049391,0.00249477,0,0,0.0267597,0.417335,8,5,1.625,0,0,0,0.573744,0.410049,0.0162075,617,180038,576
1,bookshelf_thin,4,qpFreeGate,1,1,0.853552,93341,261,18.8433,1542,1542,0,0.00286661,0.00249477,0,0,0.00467768,0,856,255,0.304907,0,0,0,1,0,0,0,0,0
1,bookshelf_thin,4,qpFreeEnvelope,1,1,0.14928,5541,257,20.7887,1086,1086,0,0.00153972,0.00249477,0,0,0.0755542,0.958311,856,248,0.300234,0,0,0,0.00730327,0.869271,0.123425,0,0,0
1,bookshelf_thin,4,qpEnvelope,1,1,0.00621303,330,14,12.8452,671,671,0,0.00557118,0.00249477,0,0,0.0507319,0.281818,8,5,1.75,0,0,0,0.70679,0.259259,0.0339506,324,92542,308
1,bookshelf_thin,28,isSafe,1,1,0.00823793,1276,9,10.0963,7,506,0,0.0010809,0.00249477,0,0,0,0,10,5,0.9,0,0,0,0,0,0,0,0,0
1,bookshelf_thin,28,qpFixed,1,1,0.0222197,1352,11,8.25306,657,657,0,0.000536389,0.00249477,0,0,0.0108725,0,6,5,1.83333,0,0,0,1,0,0,1348,369719,748
1,bookshelf_thin,28,qpPlain,1,1,0.0227926,1352,11,8.25306,657,657,0,0.000536389,0.00249477,0,0,0.0108725,0,6,5,1.83333,0,0,0,1,0,0,1348,462364,1348
1,bookshelf_thin,28,qpAdaptive,1,1,0.00989128,547,11,8.25886,556,556,0,0.000536389,0.00249477,0,0,0.0269975,0.182815,6,5,1.83333,0,0,0,0.815838,0.169429,0.014733,543,147435,498
1,bookshelf_thin,28,qpFreeGate,1,1,0.0150039,1677,15,10.8006,944,944,0,0.00121227,0.00249477,0,0,0.00774222,0,10,6,1.5,0,0,0,1,0,0,0,0,0
1,bookshelf_thin,28,qpFreeEnvelope,1,1,0.00248058,86,14,10.5802,552,552,0,0.00118275,0.00249477,0,0,0.149255,0.94186,10,6,1.4,0,0,0,0.0581395,0.697674,0.244186,0,0,0
1,bookshelf_thin,28,qpEnvelope,1,1,0.00848325,455,11,8.27202,530,530,0,0.00055379,0.00249477,0,0,0.0323993,0.101099,6,5,1.83333,0,0,0,0.895787,0.0864745,0.0177384,451,121010,435
1,bookshelf_thin,52,isSafe,1,1,0.0510744,7770,41,22.6142,13,1132,0,0.00136292,0.00249477,0,0,0,0,126,37,0.325397,0,0,0,0,0,0,0,0,0
1,bookshelf_thin,52,qpFixed,1,1,0.0123578,760,8,9.32965,761,761,0,0.000491439,0.00249477,0,0,0.0122759,0,1,1,8,0,0,0,1,0,0,760,188684,542
1,bookshelf_thin,52,qpPlain,1,1,0.0127352,760,8,9.32965,761,761,0,0.000491439,0.00249477,0,0,0.0122759,0,1,1,8,0,0,0,1,0,0,760,260680,760
1,bookshelf_thin,52,qpAdaptive,1,1,0.00981001,526,8,9.33298,705,705,0,0.000491439,0.00249477,0,0,0.0177433,0.249049,1,1,8,0,0,0,0.747148,0.245247,0.00760456,526,133458,500
1,bookshelf_thin,52,qpFreeGate,1,1,0.177068,19906,64,26.2802,2283,2283,0,0.00138093,0.00180696,0,0,0.00507268,0,142,53,0.450704,0,0,0,1,0,0,0,0,0
1,bookshelf_thin,52,qpFreeEnvelope,1,1,0.0317623,1120,68,26.5042,1380,1380,0,0.00137304,0.000300046,0,0,0.0896992,0.972321,142,55,0.478873,0,0,0,0.00628931,0.849955,0.143756,0,0,0
1,bookshelf_thin,52,qpEnvelope,1,1,0.00452651,238,8,9.34545,587,587,0,0.000403281,0.00249477,0,0,0.0392666,0.331933,1,1,8,0,0,0,0.659664,0.315126,0.0252101,238,63585,224
1,bookshelf_thin,77,isSafe,1,1,0.205759,31504,157,9.96151,6,500,0,0.00258268,0.00249477,0,0,0,0,786,154,0.199746,0,0,0,0,0,0,0,0,0
1,bookshelf_thin,77,qpFixed,1,1,0.0364671,2257,18,11.9923,848,848,0,0.003109,0.00249477,0,0,0.0111076,0,8,7,2.25,0,0,0,1,0,0,2256,589178,1531
1,bookshelf_thin,77,qpPlain,1,1,0.0377393,2257,18,11.9923,848,848,0,0.003109,0.00249477,0,0,0.0111076,0,8,7,2.25,0,0,0,1,0,0,2256,773808,2256
1,bookshelf_thin,77,qpAdaptive,1,1,0.0224041,1300,17,12.0114,763,763,0,0.00241021,0.00249477,0,0,0.0193158,0.206923,8,7,2.125,0,0,0,0.790608,0.199384,0.0100077,1299,346237,1218
1,bookshelf_thin,77,qpFreeGate,1,1,0.805716,88820,252,19.1323,1855,1855,0,0.00309761,0.000185282,0,0,0.00441961,0,791,239,0.318584,0,0,0,1,0,0,0,0,0
1,bookshelf_thin,77,qpFreeEnvelope,1,1,0.0640019,2282,118,11.0653,583,583,0,0.000840677,0.00249477,0,0,0.0839799,0.967134,365,109,0.323288,0,0,0,0.00310146,0.836509,0.16039,0,0,0
1,bookshelf_thin,77,qpEnvelope,1,1,0.0129053,716,15,11.9659,664,664,0,0.00147115,0.00249477,0,0,0.0309053,0.196927,6,6,2.5,0,0,0,0.800279,0.181564,0.0181564,716,195716,682
1,table_under_pick,1,isSafe,1,1,0.0100562,2663,15,14.9318,9,748,0,0.0060289,0.00249477,0,0,0,0,67,11,0.223881,0,0,0,0,0,0,0,0,0
1,table_under_pick,1,qpFixed,1,1,0.00876286,757,10,9.36943,663,663,0,0.00119369,0.00049966,0,0,0.0137462,0,2,2,5,0,0,0,1,0,0,757,212575,677
1,table_under_pick,1,qpPlain,1,1,0.00881209,757,10,9.36943,663,663,0,0.00119369,0.00049966,0,0,0.0137462,0,2,2,5,0,0,0,1,0,0,757,259651,757
1,table_under_pick,1,qpAdaptive,1,1,0.00624255,534,10,9.36909,647,647,0,0.00120419,0.000499489,0,0,0.0195176,0.382022,2,2,5,0,0,0,0.608614,0.378277,0.0131086,534,150375,498
1,table_under_pick,1,qpFreeGate,1,1,0.0520933,8157,24,17.7192,1574,1574,0,0.00588661,0.000701441,0,0,0.00472814,0,54,19,0.444444,0,0,0,1,0,0,0,0,0
1,table_under_pick,1,qpFreeEnvelope,1,1,0.00716752,415,20,19.4217,1008,1008,0,0.00322376,0.00249477,0,0,0.0719847,0.850602,67,14,0.298507,0,0,0,0.0933661,0.773956,0.132678,0,0,0
1,table_under_pick,1,qpEnvelope,1,1,0.00356469,275,10,9.38517,563,563,0,0.00159547,0.00057932,0,0,0.0379566,0.370909,2,2,5,0,0,0,0.621818,0.352727,0.0254545,275,76250,263
1,table_under_pick,25,isSafe,1,1,0.0136363,3557,20,18.2576,11,914,0,0.00591252,0.00249477,0,0,0,0,55,15,0.363636,0,0,0,0,0,0,0,0,0
1,table_under_pick,25,qpFixed,1,1,0.0128325,1112,12,9.99127,778,778,0,0.000844404,0.00249477,0,0,0.0112768,0,4,4,3,0,0,0,1,0,0,1112,328596,997
1,table_under_pick,25,qpPlain,1,1,0.0131035,1112,12,9.99127,778,778,0,0.000844404,0.00249477,0,0,0.0112768,0,4,4,3,0,0,0,1,0,0,1112,381416,1112
1,table_under_pick,25,qpAdaptive,1,1,0.00875894,708,12,9.98931,703,703,0,0.000889569,0.00249477,0,0,0.0177242,0.360169,4,4,3,0,0,0,0.638418,0.351695,0.00988701,708,206036,684
1,table_under_pick,25,qpFreeGate,1,1,0.0741375,11734,34,9.79052,934,934,0,0.00674339,0.00249477,0,0,0.00450183,0,71,24,0.478873,0,0,0,1,0,0,0,0,0
1,table_under_pick,25,qpFreeEnvelope,1,1,0.00721735,441,22,17.0396,910,910,0,0.000513505,0.00249477,0,0,0.0780293,0.875283,55,16,0.4,0,0,0,0.0990783,0.790323,0.110599,0,0,0
1,table_under_pick,25,qpEnvelope,1,1,0.00566165,430,12,9.96292,614,614,0,0.00107844,0.00249477,0,0,0.0291648,0.318605,4,4,3,0,0,0,0.674419,0.306977,0.0186047,430,124544,422
1,table_under_pick,49,isSafe,1,1,0.0065063,1740,11,10.3684,7,520,0,0.00412923,0.00249477,0,0,0,0,36,7,0.305556,0,0,0,0,0,0,0,0,0
1,table_under_pick,49,qpFixed,1,1,0.0133443,1211,11,14.6876,1081,1081,0,0.00544863,0.00249477,0,0,0.012658,0,3,3,3.66667,0,0,0,1,0,0,1211,357155,495
1,table_under_pick,49,qpPlain,1,1,0.0136147,1211,11,14.6876,1081,1081,0,0.00544863,0.00249477,0,0,0.012658,0,3,3,3.66667,0,0,0,1,0,0,1211,415373,1211
1,table_under_pick,49,qpAdaptive,1,1,0.00427384,345,11,14.7173,851,851,0,0.00534906,0.00249477,0,0,0.0443924,0.689855,3,3,3.66667,0,0,0,0.304348,0.669565,0.026087,345,107655,275
1,table_under_pick,49,qpFreeGate,1,1,0.0599531,9272,30,24.4657,2193,2193,0,0.00102018,0.00249477,0,0,0.00470788,0,78,19,0.384615,0,0,0,1,0,0,0,0,0
1,table_under_pick,49,qpFreeEnvelope,1,1,0.0103586,634,29,22.1077,1255,1255,0,0.000132351,0.00249477,0,0,0.0626912,0.741325,78,17,0.371795,0,0,0,0.206022,0.698891,0.0950872,0,0,0
1,table_under_pick,49,qpEnvelope,1,1,0.00190108,122,10,14.7617,779,779,0,0.00444663,0.00249477,0,0,0.125589,0.786885,3,3,3.33333,0,0,0,0.204918,0.721311,0.0737705,122,37632,93
1,table_under_pick,74,isSafe,1,1,0.00513067,1401,9,13.2067,8,662,0,0.00779861,0.00249477,0,0,0,0,27,5,0.333333,0,0,0,0,0,0,0,0,0
1,table_under_pick,74,qpFixed,1,1,0.022901,1962,21,12.1506,1051,1051,0,0.00171391,2.13303e-05,0,0,0.0110444,0,4,4,5.25,0,0,0,1,0,0,1962,566155,1770
1,table_under_pick,74,qpPlain,1,1,0.0227056,1962,21,12.1506,1051,1051,0,0.00171391,2.13303e-05,0,0,0.0110444,0,4,4,5.25,0,0,0,1,0,0,1962,672966,1962
1,table_under_pick,74,qpAdaptive,1,1,0.0185416,1522,21,12.1358,932,932,0,0.00171039,2.13696e-05,0,0,0.0142382,0.212878,4,4,5.25,0,0,0,0.78318,0.21025,0.0065703,1522,446499,1458
1,table_under_pick,74,qpFreeGate,1,1,0.0381233,5996,23,15.4613,1330,1330,0,0.00779861,0.00197233,0,0,0.0057312,0,41,17,0.560976,0,0,0,1,0,0,0,0,0
1,table_under_pick,74,qpFreeEnvelope,1,1,0.00590505,327,28,17.0326,886,886,0,0.00779861,0.000225297,0,0,0.13193,0.963303,47,21,0.595745,0,0,0,0,0.817337,0.182663,0,0,0
1,table_under_pick,74,qpEnvelope,1,1,0.00897151,720,13,11.5866,741,741,0,0.00169286,9.86251e-06,0,0,0.0226057,0.165278,3,3,4.33333,0,0,0,0.831944,0.156944,0.0111111,720,215589,704
1,table_under_pick,98,isSafe,1,1,0.00291512,755,6,7.40947,5,372,0,0.00799794,0.00249477,0,0,0,0,5,2,1.2,0,0,0,0,0,0,0,0,0
1,table_under_pick,98,qpFixed,1,1,0.00918875,872,9,9.86763,740,740,0,0.0070605,0.00221945,0,0,0.0129187,0,2,2,4.5,0,0,0,1,0,0,872,219236,396
1,table_under_pick,98,qpPlain,1,1,0.00964966,872,9,9.86763,740,740,0,0.0070605,0.00221945,0,0,0.0129187,0,2,2,4.5,0,0,0,1,0,0,872,299096,872
1,table_under_pick,98,qpAdaptive,1,1,0.0019246,161,9,9.87533,562,562,0,0.00653652,0.00222225,0,0,0.0701243,0.714286,2,2,4.5,0,0,0,0.279503,0.670807,0.0496894,161,44361,130
1,table_under_pick,98,qpFreeGate,1,1,0.0190411,3012,20,11.3897,1245,1245,0,0.00463803,0.000855714,0,0,0.00434785,0,20,5,1,0,0,0,1,0,0,0,0,0
1,table_under_pick,98,qpFreeEnvelope,1,1,0.0049546,345,13,11.4254,616,616,0,0.00321615,1.22943e-06,0,0,0.0507126,0.872464,33,8,0.393939,0,0,0,0.104956,0.836735,0.058309,0,0,0
1,table_under_pick,98,qpEnvelope,1,1,0.00138044,100,9,9.89263,541,541,0,0.0047082,0.00218416,0,0,0.112777,0.59,2,2,4.5,0,0,0,0.4,0.52,0.08,100,27358,81
1,bookshelf_small,24,isSafe,1,1,0.00510503,1936,12,12.665,8,635,0,0.00681445,0.00249477,0,0,0,0,26,8,0.461538,0,0,0,0,0,0,0,0,0
1,bookshelf_small,24,qpFixed,1,1,0.00600093,720,7,9.12133,721,721,0,0.00110857,0.00249477,0,0,0.0126685,0,1,1,7,0,0,0,1,0,0,720,213686,124
1,bookshelf_small,24,qpPlain,1,1,0.00645325,720,7,9.12133,721,721,0,0.00110857,0.00249477,0,0,0.0126685,0,1,1,7,0,0,0,1,0,0,720,246960,720
1,bookshelf_small,24,qpAdaptive,1,1,0.0021193,210,7,9.12121,563,563,0,0.00110883,0.00249477,0,0,0.0434343,0.466667,1,1,7,0,0,0,0.533333,0.442857,0.0238095,210,64510,113
1,bookshelf_small,24,qpFreeGate,1,1,0.0264389,5118,18,12.1152,968,968,0,0.00681445,0.00249477,0,0,0.00548323,0,29,12,0.62069,0,0,0,1,0,0,0,0,0
1,bookshelf_small,24,qpFreeEnvelope,1,1,0.00312083,208,18,12.1715,634,634,0,0.00681445,0.00249477,0,0,0.135338,0.975962,29,12,0.62069,0,0,0,0,0.81068,0.18932,0,0,0
1,bookshelf_small,24,qpEnvelope,1,1,0.00110615,99,7,9.12183,510,510,0,0.00105029,0.00249477,0,0,0.0921397,0.454545,1,1,7,0,0,0,0.545455,0.40404,0.0505051,99,30553,67
1,bookshelf_small,49,isSafe,1,1,0.265826,99497,545,18.0407,11,904,0,0.00414169,0.00249477,0,0,0,0,3694,541,0.147537,0,0,0,0,0,0,0,0,0
1,bookshelf_small,49,qpFixed,1,1,0.00549423,671,7,9.29799,672,672,0,0.00360221,0.00249477,0,0,0.0138569,0,1,1,7,0,0,0,1,0,0,671,189526,188
1,bookshelf_small,49,qpPlain,1,1,0.00582977,671,7,9.29799,672,672,0,0.00360221,0.00249477,0,0,0.0138569,0,1,1,7,0,0,0,1,0,0,671,230153,671
1,bookshelf_small,49,qpAdaptive,1,1,0.0019377,199,7,9.29811,542,542,0,0.00360221,0.00249477,0,0,0.0467242,0.603015,1,1,7,0,0,0,0.396985,0.582915,0.0201005,199,63423,160
1,bookshelf_small,49,qpFreeGate,1,1,0.0999448,18837,51,18.1367,1552,1552,0,0.0033907,0.00249477,0,0,0.00473892,0,121,44,0.421488,0,0,0,1,0,0,0,0,0
1,bookshelf_small,49,qpFreeEnvelope,1,1,0.0549274,4689,116,14.3779,805,805,0,0.000517262,0.00170409,0,0,0.0473741,0.831521,446,113,0.26009,0,0,0,0.153665,0.761037,0.0852979,0,0,0
1,bookshelf_small,49,qpEnvelope,1,1,0.000819734,53,7,9.30771,492,492,0,0.00360221,0.00249477,0,0,0.175617,0.698113,1,1,7,0,0,0,0.301887,0.603774,0.0943396,53,16645,39
1,bookshelf_small,73,isSafe,1,1,0.0197466,7492,37,14.7342,9,738,0,0.00321958,0.00249477,0,0,0,0,114,33,0.324561,0,0,0,0,0,0,0,0,0
1,bookshelf_small,73,qpFixed,1,1,0.00381722,468,6,6.25115,469,469,0,0.000671733,0.00249477,0,0,0.0133571,0,1,1,6,0,0,0,1,0,0,468,112076,223
1,bookshelf_small,73,qpPlain,1,1,0.00412918,468,6,6.25115,469,469,0,0.000671733,0.00249477,0,0,0.0133571,0,1,1,6,0,0,0,1,0,0,468,160524,468
1,bookshelf_small,73,qpAdaptive,1,1,0.00216524,241,6,6.25119,406,406,0,0.000671733,0.00249477,0,0,0.0259385,0.186722,1,1,6,0,0,0,0.809129,0.174274,0.0165975,241,57540,217
1,bookshelf_small,73,qpFreeGate,1,1,0.0591491,11341,49,11.6023,1053,1053,0,0.00225323,0.00249477,0,0,0.00587735,0,91,37,0.538462,0,0,0,1,0,0,0,0,0
1,bookshelf_small,73,qpFreeEnvelope,1,1,0.00837589,582,49,11.8545,619,619,0,0.00329832,0.000805464,0,0,0.111825,0.953608,91,35,0.538462,0,0,0,0.00516351,0.827883,0.166954,0,0,0
1,bookshelf_small,73,qpEnvelope,1,1,0.00164483,175,6,6.25201,387,387,0,0.00063127,0.00249477,0,0,0.0357258,0.2,1,1,6,0,0,0,0.794286,0.182857,0.0228571,175,41545,166
1,bookshelf_small,98,isSafe,1,1,0.00502092,1944,12,11.1747,7,560,0,0.00161139,0.00249477,0,0,0,0,11,7,1.09091,0,0,0,0,0,0,0,0,0
1,bookshelf_small,98,qpFixed,1,1,0.00516536,601,6,6.71406,602,602,0,0.00079265,0.00249477,0,0,0.0111715,0,1,1,6,0,0,0,1,0,0,601,149916,269
1,bookshelf_small,98,qpPlain,1,1,0.00555134,601,6,6.71406,602,602,0,0.00079265,0.00249477,0,0,0.0111715,0,1,1,6,0,0,0,1,0,0,601,206143,601
1,bookshelf_small,98,qpAdaptive,1,1,0.00260397,285,6,6.71393,473,473,0,0.00079265,0.00249477,0,0,0.0235576,0.280702,1,1,6,0,0,0,0.719298,0.270175,0.0105263,285,69700,235
1,bookshelf_small,98,qpFreeGate,1,1,0.0283861,5471,18,15.0948,1307,1307,0,0.00615932,0.00249477,0,0,0.00506228,0,29,12,0.62069,0,0,0,1,0,0,0,0,0
1,bookshelf_small,98,qpFreeEnvelope,1,1,0.00483094,344,22,15.4661,802,802,0,0.00603524,0.00249477,0,0,0.0878766,0.994186,29,12,0.758621,0,0,0,0,0.872093,0.127907,0,0,0
1,bookshelf_small,98,qpEnvelope,1,1,0.00180235,182,6,6.72402,429,429,0,0.000754292,0.00249477,0,0,0.0369452,0.241758,1,1,6,0,0,0,0.758242,0.225275,0.0164835,182,43981,166
1,box,22,isSafe,1,1,0.0183068,7074,37,16.6404,10,834,0,0.0361959,0.00249477,0,0,0,0,111,32,0.333333,0,0,0,0,0,0,0,0,0
1,box,22,qpFixed,1,1,0.0102954,1209,11,10.2038,752,752,0,0.0030948,0.00249477,0,0,0.0116315,0,3,3,3.66667,0,0,0,1,0,0,1209,311524,807
1,box,22,qpPlain,1,1,0.0107976,1209,11,10.2038,752,752,0,0.0030948,0.00249477,0,0,0.0116315,0,3,3,3.66667,0,0,0,1,0,0,1209,414687,1209
1,box,22,qpAdaptive,1,1,0.00463202,490,11,10.2078,646,646,0,0.0030837,0.00249477,0,0,0.0289247,0.506122,3,3,3.66667,0,0,0,0.489796,0.493878,0.0163265,490,134594,440
1,box,22,qpFreeGate,1,1,0.114535,20187,60,16.7745,1230,1230,0,0.0453627,0.00249477,0,0,0.00499997,0,118,49,0.508475,0,0,0,1,0,0,0,0,0
1,box,22,qpFreeEnvelope,1,1,0.0112983,861,58,23.1223,1213,1213,0,0.00150369,9.42116e-05,0,0,0.107326,0.933798,114,48,0.508772,0,0,0,0.0443925,0.811916,0.143692,0,0,0
1,box,22,qpEnvelope,1,1,0.00247576,229,11,10.2231,575,575,0,0.00226709,0.00249477,0,0,0.06237,0.480349,3,3,3.66667,0,0,0,0.519651,0.441048,0.0393013,229,64358,208
1,box,46,isSafe,1,1,0.0112714,4384,23,9.98114,6,501,0,0.00297834,0.00249477,0,0,0,0,78,20,0.294872,0,0,0,0,0,0,0,0,0
1,box,46,qpFixed,1,1,0.00504568,649,7,7.84394,570,570,0,0.00683623,0.00249477,0,0,0.0129449,0,2,2,3.5,0,0,0,1,0,0,649,161545,286
1,box,46,qpPlain,1,1,0.005491,649,7,7.84394,570,570,0,0.00683623,0.00249477,0,0,0.0129449,0,2,2,3.5,0,0,0,1,0,0,649,222607,649
1,box,46,qpAdaptive,1,1,0.00151581,176,7,7.84492,437,437,0,0.00558886,0.00249477,0,0,0.0477187,0.545455,2,2,3.5,0,0,0,0.454545,0.517045,0.0284091,176,48350,142
1,box,46,qpFreeGate,1,1,0.023619,4572,20,13.5253,1236,1236,0,0.00509947,0.00249477,0,0,0.00633564,0,21,13,0.952381,0,0,0,1,0,0,0,0,0
1,box,46,qpFreeEnvelope,1,1,0.00998342,789,43,25.1948,1315,1315,0,0.00228759,0.00249477,0,0,0.0844483,0.948035,86,32,0.5,0,0,0,0.0371319,0.833547,0.129321,0,0,0
1,box,46,qpEnvelope,1,1,0.00113922,110,7,7.85187,416,416,0,0.00241118,0.00249477,0,0,0.0764226,0.309091,2,2,3.5,0,0,0,0.690909,0.263636,0.0454545,110,30132,98
1,box,70,isSafe,1,1,0.00803614,3090,18,18.0263,11,903,0,0.0327129,0.00249477,0,0,0,0,38,13,0.473684,0,0,0,0,0,0,0,0,0
1,box,70,qpFixed,1,1,0.00654234,761,7,8.04485,762,762,0,0.000163474,0.00249477,0,0,0.0105714,0,1,1,7,0,0,0,1,0,0,761,203916,388
1,box,70,qpPlain,1,1,0.00682006,761,7,8.04485,762,762,0,0.000163474,0.00249477,0,0,0.0105714,0,1,1,7,0,0,0,1,0,0,761,261023,761
1,box,70,qpAdaptive,1,1,0.00310538,327,7,8.04674,603,603,0,0.000160623,0.00249477,0,0,0.0246078,0.287462,1,1,7,0,0,0,0.70948,0.278287,0.0122324,327,89282,289
1,box,70,qpFreeGate,1,1,0.013146,2558,15,9.17611,874,874,0,0.00816808,0.00249477,0,0,0.0076369,0,10,7,1.5,0,0,0,1,0,0,0,0,0
1,box,70,qpFreeEnvelope,1,1,0.00269228,183,15,12.833,677,677,0,0.00184701,0.00249477,0,0,0.104575,0.923497,9,7,1.66667,0,0,0,0.0655738,0.819672,0.114754,0,0,0
1,box,70,qpEnvelope,1,1,0.0025287,228,7,8.04317,553,553,0,0.000154557,0.00249477,0,0,0.0352771,0.144737,1,1,7,0,0,0,0.855263,0.127193,0.0175439,228,62603,211
1,box,94,isSafe,1,1,0.00594887,2265,13,7.7983,5,391,0,0.0191814,0.00249477,0,0,0,0,30,10,0.433333,0,0,0,0,0,0,0,0,0
1,box,94,qpFixed,1,1,0.00347648,431,6,5.30229,432,432,0,0.0042214,0.00249477,0,0,0.0123023,0,1,1,6,0,0,0,1,0,0,431,103555,175
1,box,94,qpPlain,1,1,0.00384758,431,6,5.30229,432,432,0,0.0042214,0.00249477,0,0,0.0123023,0,1,1,6,0,0,0,1,0,0,431,147833,431
1,box,94,qpAdaptive,1,1,0.000980364,105,6,5.2963,318,318,0,0.00404527,0.00249477,0,0,0.050441,0.619048,1,1,6,0,0,0,0.371429,0.590476,0.0380952,105,28321,82
1,box,94,qpFreeGate,1,1,0.0322748,6370,26,9.66774,1064,1064,0,0.00267262,0.00249477,0,0,0.00555971,0,31,16,0.83871,0,0,0,1,0,0,0,0,0
1,box,94,qpFreeEnvelope,1,1,0.00760027,612,38,7.40462,417,417,0,0.000694338,0.00249477,0,0,0.0894758,0.895425,58,26,0.655172,0,0,0,0.102941,0.771242,0.125817,0,0,0
1,box,94,qpEnvelope,1,1,0.000566558,57,6,5.27689,289,289,0,0.00358735,0.00249477,0,0,0.092577,0.438596,1,1,6,0,0,0,0.561404,0.368421,0.0701754,57,15395,40
1,table_pick,18,isSafe,1,1,0.0215833,5618,30,16.02,10,802,0,0.00685531,0.00249477,0,0,0,0,64,25,0.46875,0,0,0,0,0,0,0,0,0
1,table_pick,18,qpFixed,1,1,0.00688301,691,7,8.40527,692,692,0,0.00509157,0.00249477,0,0,0.0121639,0,1,1,7,0,0,0,1,0,0,691,161829,21
1,table_pick,18,qpPlain,1,1,0.00756626,691,7,8.40527,692,692,0,0.00509157,0.00249477,0,0,0.0121639,0,1,1,7,0,0,0,1,0,0,691,237013,691
1,table_pick,18,qpAdaptive,1,1,0.000659482,55,7,8.40527,448,448,0,0.00509157,0.00249477,0,0,0.152823,0.618182,1,1,7,0,0,0,0.381818,0.527273,0.0909091,55,14188,21
1,table_pick,18,qpFreeGate,1,1,0.0570433,8988,34,15.0926,1161,1161,0,0.00685531,0.00249477,0,0,0.00622067,0,64,29,0.53125,0,0,0,1,0,0,0,0,0
1,table_pick,18,qpFreeEnvelope,1,1,0.0110997,612,43,16.1376,843,843,0,0.00142908,0.00249477,0,0,0.114792,0.978758,73,34,0.589041,0,0,0,0.00491803,0.839344,0.155738,0,0,0
1,table_pick,18,qpEnvelope,1,1,0.000396205,28,7,8.40558,434,434,0,0.00504223,0.00249477,0,0,0.300199,0.821429,1,1,7,0,0,0,0.142857,0.678571,0.178571,28,7094,12
1,table_pick,42,isSafe,1,1,0.0126691,3304,18,9.19997,6,461,0,4.99184e-05,0.00249477,0,0,0,0,46,14,0.391304,0,0,0,0,0,0,0,0,0
1,table_pick,42,qpFixed,1,1,0.00620853,627,6,7.10509,628,628,0,0.00721755,0.00249477,0,0,0.0113319,0,1,1,6,0,0,0,1,0,0,627,148860,73
1,table_pick,42,qpPlain,1,1,0.00695609,627,6,7.10509,628,628,0,0.00721755,0.00249477,0,0,0.0113319,0,1,1,6,0,0,0,1,0,0,627,215061,627
1,table_pick,42,qpAdaptive,1,1,0.000826584,68,6,7.10641,394,394,0,0.00721755,0.00249477,0,0,0.104506,0.794118,1,1,6,0,0,0,0.205882,0.735294,0.0588235,68,18314,32
1,table_pick,42,qpFreeGate,1,1,0.0379705,5943,27,10.7284,857,857,0,0.00725923,0.00249477,0,0,0.00585236,0,48,19,0.5625,0,0,0,1,0,0,0,0,0
1,table_pick,42,qpFreeEnvelope,1,1,0.00639759,351,27,10.7288,554,554,0,0.00727634,0.00249477,0,0,0.0989851,0.917379,48,19,0.5625,0,0,0,0.0685714,0.785714,0.145714,0,0,0
1,table_pick,42,qpEnvelope,1,1,0.00048717,32,6,7.11259,371,371,0,0.00735822,0.00249477,0,0,0.222268,1,1,1,6,0,0,0,0,0.875,0.125,32,8557,17
1,table_pick,66,isSafe,1,1,0.00685435,1454,9,3.68194,3,186,0,0.00319468,0.00249477,0,0,0,0,12,6,0.75,0,0,0,0,0,0,0,0,0
1,table_pick,66,qpFixed,1,1,0.00426895,406,5,5.75937,407,407,0,0.00635625,0.00249477,0,0,0.0141856,0,1,1,5,0,0,0,1,0,0,406,91973,64
1,table_pick,66,qpPlain,1,1,0.00447245,406,5,5.75937,407,407,0,0.00635625,0.00249477,0,0,0.0141856,0,1,1,5,0,0,0,1,0,0,406,139258,406
1,table_pick,66,qpAdaptive,1,1,0.000651263,49,5,5.76087,317,317,0,0.00635466,0.00249477,0,0,0.117569,0.795918,1,1,5,0,0,0,0.204082,0.734694,0.0612245,49,13584,30
1,table_pick,66,qpFreeGate,1,1,0.0106138,1669,10,3.09829,272,272,0,0.00315205,0.00249477,0,0,0.00845398,0,12,7,0.833333,0,0,0,1,0,0,0,0,0
1,table_pick,66,qpFreeEnvelope,1,1,0.0017556,95,10,3.09266,169,169,0,0.00311672,0.00249477,0,0,0.152326,1,12,7,0.833333,0,0,0,0,0.852632,0.147368,0,0,0
1,table_pick,66,qpEnvelope,1,1,0.00037322,26,5,5.76405,302,302,0,0.00632826,0.00249477,0,0,0.221694,1,1,1,5,0,0,0,0,0.884615,0.115385,26,7180,16
1,table_pick,90,isSafe,1,1,0.0201734,5312,26,9.93269,6,498,0,0.000998729,0.00249477,0,0,0,0,88,23,0.295455,0,0,0,0,0,0,0,0,0
1,table_pick,90,qpFixed,1,1,0.0037346,358,5,5.20893,359,359,0,0.00511853,0.00249477,0,0,0.0145501,0,1,1,5,0,0,0,1,0,0,358,89157,43
1,table_pick,90,qpPlain,1,1,0.0038638,358,5,5.20893,359,359,0,0.00511853,0.00249477,0,0,0.0145501,0,1,1,5,0,0,0,1,0,0,358,122794,358
1,table_pick,90,qpAdaptive,1,1,0.00102228,84,5,5.20893,295,295,0,0.00511853,0.00249477,0,0,0.0620111,0.333333,1,1,5,0,0,0,0.666667,0.297619,0.0357143,84,24416,43
1,table_pick,90,qpFreeGate,1,1,0.0934431,14482,48,15.3989,1438,1438,0,0.000779048,0.00249477,0,0,0.00493628,0,101,40,0.475248,0,0,0,1,0,0,0,0,0
1,table_pick,90,qpFreeEnvelope,1,1,0.0159094,952,42,15.3925,855,855,0,0.000541195,0.00249477,0,0,0.0679197,0.913866,101,34,0.415842,0,0,0,0.0778947,0.798947,0.123158,0,0,0
1,table_pick,90,qpEnvelope,1,1,0.000585271,45,5,5.20998,278,278,0,0.00510389,0.00249477,0,0,0.115777,0.577778,1,1,5,0,0,0,0.422222,0.511111,0.0666667,45,13036,29
1,cage,14,isSafe,1,1,0.724423,252264,1601,29.5767,18,1480,0,0.000678042,0.00120466,0,0,0,0,9929,1597,0.161245,0,0,0,0,0,0,0,0,0
1,cage,14,qpFixed,1,1,0.0351625,3517,26,14.7106,1359,1359,0,0.000507697,0.00249477,0,0,0.00999967,0,11,11,2.36364,0,0,0,1,0,0,3517,911594,2902
1,cage,14,qpPlain,1,1,0.036468,3517,26,14.7106,1359,1359,0,0.000507697,0.00249477,0,0,0.00999967,0,11,11,2.36364,0,0,0,1,0,0,3517,1206331,3517
1,cage,14,qpAdaptive,1,1,0.0191702,1908,26,14.7265,1047,1047,0,0.000508031,0.00249477,0,0,0.0184273,0.452306,11,11,2.36364,0,0,0,0.545597,0.445493,0.00890985,1908,503783,1828
1,cage,14,qpFreeGate,1,1,0.141976,26132,79,18.4515,2083,2083,0,0.00918815,0.000307944,0,0,0.00432137,0,173,66,0.456647,0,0,0,1,0,0,0,0,0
1,cage,14,qpFreeEnvelope,1,1,0.143454,10590,425,18.655,1002,1002,0,8.68418e-05,0.00249477,0,0,0.0642732,0.906327,1458,398,0.291495,0,0,0,0.0592953,0.824597,0.116108,0,0,0
1,cage,14,qpEnvelope,1,1,0.0135431,1245,26,14.8068,928,928,0,0.000415092,0.00249477,0,0,0.0282978,0.261847,11,11,2.36364,0,0,0,0.735743,0.24739,0.0168675,1245,332208,1214
1,cage,38,isSafe,1,1,1.87184,630969,4726,27.436,17,1373,0,0.00116031,0.00249477,0,0,0,0,27838,4723,0.169768,0,0,0,0,0,0,0,0,0
1,cage,38,qpFixed,1,1,0.206957,21569,116,17.7516,1563,1563,0,0.00115801,0.00249477,0,0,0.00929533,0,84,64,1.38095,0,0,0,1,0,0,21558,5826515,18623
1,cage,38,qpPlain,1,1,0.214392,21569,116,17.7516,1563,1563,0,0.00115801,0.00249477,0,0,0.00929533,0,84,64,1.38095,0,0,0,1,0,0,21558,7394394,21558
1,cage,38,qpAdaptive,1,1,0.142081,13771,117,17.8041,1167,1167,0,0.00113621,0.00249477,0,0,0.0147726,0.299034,84,65,1.39286,0,0,0,0.698423,0.295618,0.00595887,13761,3725452,13272
1,cage,38,qpFreeGate,1,1,0.858471,157342,389,11.8699,1789,1789,0,0.00257051,0.00249477,0,0,0.00407186,0,1128,367,0.344858,0,0,0,1,0,0,0,0,0
1,cage,38,qpFreeEnvelope,1,1,0.369608,25437,1049,19.0024,1054,1054,0,0.000465197,0.00249477,0,0,0.0631348,0.919802,3641,1004,0.288108,0,0,0,0.0456313,0.831244,0.123125,0,0,0
1,cage,38,qpEnvelope,1,1,0.10413,9412,116,17.8818,1055,1055,0,0.000905805,0.00249477,0,0,0.0213981,0.266787,84,65,1.38095,0,0,0,0.731731,0.256781,0.0114881,9401,2522704,9207
1,cage,62,isSafe,1,1,2.79009,965744,7382,24.9365,16,1248,0,0.0040946,0.00249477,0,0,0,0,41572,7379,0.177571,0,0,0,0,0,0,0,0,0
1,cage,62,qpFixed,1,1,0.0492825,5585,32,19.0258,1599,1599,0,1.53977e-05,0.00249477,0,0,0.00994119,0,19,15,1.68421,0,0,0,1,0,0,5580,1365709,3818
1,cage,62,qpPlain,1,1,0.0541936,5585,32,19.0258,1599,1599,0,1.53977e-05,0.00249477,0,0,0.00994119,0,19,15,1.68421,0,0,0,1,0,0,5580,1913940,5580
1,cage,62,qpAdaptive,1,1,0.0289366,2720,32,19.0302,1271,1271,0,1.51171e-05,0.00249477,0,0,0.0204451,0.222426,19,15,1.68421,0,0,0,0.775239,0.215549,0.0092115,2714,673202,2604
1,cage,62,qpFreeGate,1,1,3.04524,594558,1526,24.074,2335,2335,0,0.00176956,0.00249477,0,0,0.0037229,0,5546,1511,0.275153,0,0,0,1,0,0,0,0,0
1,cage,62,qpFreeEnvelope,1,1,0.807696,59514,2925,25.4269,1370,1370,0,0.000243143,0.00249477,0,0,0.0634402,0.922808,11515,2909,0.254017,0,0,0,0.0166081,0.864234,0.119158,0,0,0
1,cage,62,qpEnvelope,1,1,0.0215197,2044,32,19.0307,1185,1185,0,2.76417e-05,0.00249477,0,0,0.0274047,0.164873,19,15,1.68421,0,0,0,0.83366,0.154563,0.0117763,2038,513789,1978
1,cage,86,isSafe,1,1,0.225993,85863,477,16.8938,10,846,0,0.00119166,0.00249477,0,0,0,0,2693,473,0.177126,0,0,0,0,0,0,0,0,0
1,cage,86,qpFixed,1,1,0.489029,53234,206,33.6284,2943,2943,0,9.6858e-05,0.00249477,0,0,0.00796935,0,229,135,0.899563,0,0,0,1,0,0,53220,15344249,45776
1,cage,86,qpPlain,1,1,0.497179,53234,206,33.6284,2943,2943,0,9.6858e-05,0.00249477,0,0,0.00796935,0,229,135,0.899563,0,0,0,1,0,0,53220,18254460,53220
1,cage,86,qpAdaptive,1,1,0.109967,11105,84,20.5171,1345,1345,0,0.000181158,0.00060276,0,0,0.0138163,0.297434,67,48,1.25373,0,0,0,0.700504,0.294001,0.00549451,11103,3308039,10722
1,cage,86,qpFreeGate,1,1,0.690468,137569,311,21.0407,2681,2681,0,0.00119166,0.00249477,0,0,0.0038485,0,945,289,0.329101,0,0,0,1,0,0,0,0,0
1,cage,86,qpFreeEnvelope,1,1,0.726759,55434,2174,29.8179,1626,1626,0,0.000410469,0.00249477,0,0,0.0556358,0.942797,8329,2134,0.261016,0,0,0,0.0244192,0.854526,0.121055,0,0,0
1,cage,86,qpEnvelope,1,1,0.278161,27123,203,34.872,2266,2266,0,0.000129901,0.00249477,0,0,0.0154325,0.168824,229,132,0.886463,0,0,0,0.830283,0.162707,0.00701004,27105,7788154,26785
1,bookshelf_tall,4,isSafe,1,1,0.0159163,3463,20,12.0917,8,606,0,0.00730509,0.00249477,0,0,0,0,42,16,0.47619,0,0,0,0,0,0,0,0,0
1,bookshelf_tall,4,qpFixed,1,1,0.0319303,2428,25,9.98763,796,796,0,0.010025,0.00249477,0,0,0.0111031,0,6,6,4.16667,0,0,0,1,0,0,2428,712717,2016
1,bookshelf_tall,4,qpPlain,1,1,0.0319237,2428,25,9.98763,796,796,0,0.010025,0.00249477,0,0,0.0111031,0,6,6,4.16667,0,0,0,1,0,0,2428,832804,2428
1,bookshelf_tall,4,qpAdaptive,1,1,0.0177364,1286,23,10.0049,614,614,0,0.010025,0.00249477,0,0,0.0209531,0.506998,6,6,3.83333,0,0,0,0.486781,0.49689,0.0163297,1286,377356,1171
1,bookshelf_tall,4,qpFreeGate,1,1,0.0390418,5498,17,14.8447,1434,1434,0,0.00715777,0.00129789,0,0,0.00497906,0,29,12,0.586207,0,0,0,1,0,0,0,0,0
1,bookshelf_tall,4,qpFreeEnvelope,1,1,0.0129188,673,28,21.9203,1159,1159,0,0.00330022,9.40412e-05,0,0,0.070711,0.955423,64,25,0.4375,0,0,0,0.038633,0.84844,0.112927,0,0,0
1,bookshelf_tall,4,qpEnvelope,1,1,0.0156142,665,23,10.0734,529,529,0,0.010025,0.00249477,0,0,0.0405784,0.282707,6,6,3.83333,0,0,0,0.714286,0.252632,0.0330827,665,192811,628
1,bookshelf_tall,30,isSafe,1,1,0.0177943,3818,21,16.3361,10,818,0,0.00155312,0.00249477,0,0,0,0,49,16,0.428571,0,0,0,0,0,0,0,0,0
1,bookshelf_tall,30,qpFixed,1,1,0.00511139,418,6,6.13026,419,419,0,0.00592392,0.00249477,0,0,0.0146657,0,1,1,6,0,0,0,1,0,0,418,121386,126
1,bookshelf_tall,30,qpPlain,1,1,0.00525692,418,6,6.13026,419,419,0,0.00592392,0.00249477,0,0,0.0146657,0,1,1,6,0,0,0,1,0,0,418,143374,418
1,bookshelf_tall,30,qpAdaptive,1,1,0.00117071,88,6,6.13149,354,354,0,0.00592392,0.00249477,0,0,0.0696761,0.863636,1,1,6,0,0,0,0.136364,0.818182,0.0454545,88,27624,63
1,bookshelf_tall,30,qpFreeGate,1,1,0.0508662,7027,27,10.6494,1066,1066,0,0.00162247,0.00249477,0,0,0.00588695,0,52,23,0.519231,0,0,0,1,0,0,0,0,0
1,bookshelf_tall,30,qpFreeEnvelope,1,1,0.00778053,362,25,10.2822,542,542,0,0.0017303,0.00249477,0,0,0.114294,0.955801,52,21,0.480769,0,0,0,0.0249307,0.792244,0.182825,0,0,0
1,bookshelf_tall,30,qpEnvelope,1,1,0.000640844,35,6,6.13405,323,323,0,0.00592392,0.00249477,0,0,0.175259,0.714286,1,1,6,0,0,0,0.285714,0.6,0.114286,35,10904,27
1,bookshelf_tall,54,isSafe,1,1,0.0308445,6555,33,7.64347,5,384,0,0.00305955,0.00249477,0,0,0,0,102,30,0.323529,0,0,0,0,0,0,0,0,0
1,bookshelf_tall,54,qpFixed,1,1,0.0148112,1156,11,10.2039,778,778,0,0.00178824,0.00249477,0,0,0.0110093,0,3,3,3.66667,0,0,0,1,0,0,1155,322430,671
1,bookshelf_tall,54,qpPlain,1,1,0.0151284,1156,11,10.2039,778,778,0,0.00178824,0.00249477,0,0,0.0110093,0,3,3,3.66667,0,0,0,1,0,0,1155,396165,1155
1,bookshelf_tall,54,qpAdaptive,1,1,0.00648994,418,11,10.1946,668,668,0,0.00186046,0.00249477,0,0,0.0305463,0.368421,3,3,3.66667,0,0,0,0.625899,0.354916,0.0191847,417,129345,381
1,bookshelf_tall,54,qpFreeGate,1,1,0.0875263,12137,43,6.30055,448,448,0,0.00302998,0.00249477,0,0,0.00570365,0,102,38,0.421569,0,0,0,1,0,0,0,0,0
1,bookshelf_tall,54,qpFreeEnvelope,1,1,0.0139274,638,41,6.27194,330,330,0,0.00302818,0.00249477,0,0,0.100311,0.971787,102,36,0.401961,0,0,0,0.00947867,0.807267,0.183254,0,0,0
1,bookshelf_tall,54,qpEnvelope,1,1,0.00321798,195,14,10.1441,557,557,0,0.00273625,0.00249477,0,0,0.0693687,0.548718,3,3,4.66667,0,0,0,0.441026,0.492308,0.0666667,195,59902,180
1,bookshelf_tall,79,isSafe,1,1,0.0226648,4772,26,16.0462,10,804,0,0.00246609,0.00249477,0,0,0,0,106,21,0.245283,0,0,0,0,0,0,0,0,0
1,bookshelf_tall,79,qpFixed,1,1,0.0786213,5748,34,14.38,1205,1205,0,0.000173148,0.00249477,0,0,0.00917248,0,20,17,1.7,0,0,0,1,0,0,5743,1660083,5335
1,bookshelf_tall,79,qpPlain,1,1,0.0810956,5748,34,14.38,1205,1205,0,0.000173148,0.00249477,0,0,0.00917248,0,20,17,1.7,0,0,0,1,0,0,5743,1969849,5743
1,bookshelf_tall,79,qpAdaptive,1,1,0.0597199,4191,34,14.4026,973,973,0,0.000153751,0.00249477,0,0,0.0125998,0.246719,20,17,1.7,0,0,0,0.750597,0.244625,0.00477783,4186,1221395,4118
1,bookshelf_tall,79,qpFreeGate,1,1,0.102529,14137,39,18.5082,2117,2117,0,0.00172894,0.00249477,0,0,0.0041731,0,94,33,0.414894,0,0,0,1,0,0,0,0,0
1,bookshelf_tall,79,qpFreeEnvelope,1,1,0.0164462,866,47,19.3216,1153,1153,0,0.000201188,0.00249477,0,0,0.0636654,0.866051,74,32,0.635135,0,0,0,0.122402,0.766744,0.110855,0,0,0
1,bookshelf_tall,79,qpEnvelope,1,1,0.0421127,2815,34,14.5435,896,896,0,5.89899e-05,0.00249477,0,0,0.0188086,0.173357,20,17,1.7,0,0,0,0.824555,0.166548,0.0088968,2810,826797,2793
1,bookshelf_thin,5,isSafe,1,1,0.34973,52245,257,34.6506,19,1734,0,0.00804485,0.00109427,0,0,0,0,1288,254,0.199534,0,0,0,0,0,0,0,0,0
1,bookshelf_thin,5,qpFixed,1,1,0.0107222,681,8,9.33859,682,682,0,0.00379854,0.00249477,0,0,0.0137131,0,1,1,8,0,0,0,1,0,0,681,166085,201
1,bookshelf_thin,5,qpPlain,1,1,0.0112489,681,8,9.33859,682,682,0,0.00379854,0.00249477,0,0,0.0137131,0,1,1,8,0,0,0,1,0,0,681,233583,681
1,bookshelf_thin,5,qpAdaptive,1,1,0.00356829,205,8,9.34393,551,551,0,0.00379854,0.00249477,0,0,0.0455801,0.478049,1,1,8,0,0,0,0.517073,0.453659,0.0292683,205,57464,158
1,bookshelf_thin,5,qpFreeGate,1,1,1.36372,151172,376,23.1081,1857,1857,0,0.00804485,0.00113549,0,0,0.00415696,0,1288,372,0.291925,0,0,0,1,0,0,0,0,0
1,bookshelf_thin,5,qpFreeEnvelope,1,1,0.014926,542,26,16.9463,886,886,0,0.00405769,0.000335976,0,0,0.0745551,0.98155,82,21,0.317073,0,0,0,0,0.862197,0.137803,0,0,0
1,bookshelf_thin,5,qpEnvelope,1,1,0.00189056,96,7,9.27743,506,506,0,0.00395677,0.00249477,0,0,0.0966399,0.385417,1,1,7,0,0,0,0.614583,0.333333,0.0520833,96,27046,74
1,bookshelf_thin,29,isSafe,1,1,0.00613382,971,7,8.78674,6,441,0,0.00053333,0.00249477,0,0,0,0,5,3,1.4,0,0,0,0,0,0,0,0,0
1,bookshelf_thin,29,qpFixed,1,1,0.00806807,545,6,7.0448,546,546,0,0.00524358,0.00249477,0,0,0.0129262,0,1,1,6,0,0,0,1,0,0,545,116762,37
1,bookshelf_thin,29,qpPlain,1,1,0.00980256,545,6,7.0448,546,546,0,0.00524358,0.00249477,0,0,0.0129262,0,1,1,6,0,0,0,1,0,0,545,186935,545
1,bookshelf_thin,29,qpAdaptive,1,1,0.0010324,60,6,7.04485,385,385,0,0.00524358,0.00249477,0,0,0.117414,0.683333,1,1,6,0,0,0,0.316667,0.616667,0.0666667,60,14474,29
1,bookshelf_thin,29,qpFreeGate,1,1,0.0238331,2729,19,13.7558,1299,1299,0,0.00576076,0.00249477,0,0,0.00770585,0,13,9,1.46154,0,0,0,1,0,0,0,0,0
1,bookshelf_thin,29,qpFreeEnvelope,1,1,0.00885551,235,22,16.4892,851,851,0,0.00576076,0.00249477,0,0,0.129781,0.953191,20,13,1.1,0,0,0,0.0382979,0.821277,0.140426,0,0,0
1,bookshelf_thin,29,qpEnvelope,1,1,0.000626134,33,6,7.04508,368,368,0,0.00524358,0.00249477,0,0,0.213487,0.515152,1,1,6,0,0,0,0.484848,0.393939,0.121212,33,7733,22
1,bookshelf_thin,53,isSafe,1,1,0.0321795,4902,25,12.4794,8,625,0,0.00244371,0.00249477,0,0,0,0,60,21,0.416667,0,0,0,0,0,0,0,0,0
1,bookshelf_thin,53,qpFixed,1,1,0.0191345,1201,12,11.4998,813,813,0,0.00156694,0.00249477,0,0,0.0132923,0,3,3,4,0,0,0,1,0,0,1200,316388,583
1,bookshelf_thin,53,qpPlain,1,1,0.0201732,1201,12,11.4998,813,813,0,0.00156694,0.00249477,0,0,0.0132923,0,3,3,4,0,0,0,1,0,0,1200,411600,1200
1,bookshelf_thin,53,qpAdaptive,1,1,0.008767,504,12,11.4998,701,701,0,0.00156694,0.00249477,0,0,0.0317392,0.117063,3,3,4,0,0,0,0.880716,0.105368,0.0139165,503,135893,464
1,bookshelf_thin,53,qpFreeGate,1,1,0.0266128,3013,15,10.7217,845,845,0,0.00273575,0.00249477,0,0,0.00771229,0,15,9,1,0,0,0,1,0,0,0,0,0
1,bookshelf_thin,53,qpFreeEnvelope,1,1,0.00376625,136,15,10.6921,552,552,0,0.00205631,0.00249477,0,0,0.172057,0.985294,15,9,1,0,0,0,0,0.838235,0.161765,0,0,0
1,bookshelf_thin,53,qpEnvelope,1,1,0.00739679,407,12,11.4984,677,677,0,0.00136596,0.00249477,0,0,0.0391298,0.0933661,3,3,4,0,0,0,0.906404,0.0714286,0.0221675,406,108984,389
1,bookshelf_thin,78,isSafe,1,1,0.0835087,13035,63,12.6109,8,632,0,0.000105988,0.00168961,0,0,0,0,251,58,0.250996,0,0,0,0,0,0,0,0,0
1,bookshelf_thin,78,qpFixed,1,1,0.00623625,399,9,6.67556,400,400,0,0.00471812,0.0019206,0,0,0.0167307,0,1,1,9,0,0,0,1,0,0,399,104378,94
1,bookshelf_thin,78,qpPlain,1,1,0.00636754,399,9,6.67556,400,400,0,0.00471812,0.0019206,0,0,0.0167307,0,1,1,9,0,0,0,1,0,0,399,136857,399
1,bookshelf_thin,78,qpAdaptive,1,1,0.00180305,107,9,6.66635,378,378,0,0.00471812,0.0019206,0,0,0.0623024,0.53271,1,1,9,0,0,0,0.439252,0.495327,0.0654206,107,31513,68
1,bookshelf_thin,78,qpFreeGate,1,1,0.495148,55341,129,21.9425,1719,1719,0,0.00187008,0.0019206,0,0,0.00417243,0,385,124,0.335065,0,0,0,1,0,0,0,0,0
1,bookshelf_thin,78,qpFreeEnvelope,1,1,0.125793,4304,170,22.1196,1153,1153,0,0.00104822,0.000258776,0,0,0.068936,0.970957,520,162,0.326923,0,0,0,0.0100585,0.861287,0.128655,0,0,0
1,bookshelf_thin,78,qpEnvelope,1,1,0.000940662,52,8,6.67468,355,355,0,0.00471812,0.0019206,0,0,0.128359,0.5,1,1,8,0,0,0,0.461538,0.423077,0.115385,52,15357,34
1,table_under_pick,2,isSafe,1,1,0.00710627,1895,12,6.49313,5,326,0,0.00816586,0.00249477,0,0,0,0,21,8,0.571429,0,0,0,0,0,0,0,0,0
1,table_under_pick,2,qpFixed,1,1,0.00707077,623,7,7.22031,559,559,0,0.00382303,0.00249477,0,0,0.0123759,0,2,2,3.5,0,0,0,1,0,0,623,182896,421
1,table_under_pick,2,qpPlain,1,1,0.00709968,623,7,7.22031,559,559,0,0.00382303,0.00249477,0,0,0.0123759,0,2,2,3.5,0,0,0,1,0,0,623,213689,623
1,table_under_pick,2,qpAdaptive,1,1,0.00429847,349,7,7.22189,485,485,0,0.003839,0.00249477,0,0,0.0220989,0.469914,2,2,3.5,0,0,0,0.527221,0.461318,0.0114613,349,102959,310
1,table_under_pick,2,qpFreeGate,1,1,0.0268069,4251,18,9.40771,727,727,0,0.00816586,0.00249477,0,0,0.00620381,0,27,12,0.666667,0,0,0,1,0,0,0,0,0
1,table_under_pick,2,qpFreeEnvelope,1,1,0.00398693,224,17,9.39973,496,496,0,0.00816586,0.00249477,0,0,0.117819,0.955357,27,12,0.62963,0,0,0,0.00892857,0.852679,0.138393,0,0,0
1,table_under_pick,2,qpEnvelope,1,1,0.0019149,137,7,7.22515,418,418,0,0.00391028,0.00249477,0,0,0.0562337,0.693431,2,2,3.5,0,0,0,0.29927,0.664234,0.0364964,137,40658,124
1,table_under_pick,26,isSafe,1,1,0.0114418,2911,16,15.9546,9,799,0,0.00646208,0.00249477,0,0,0,0,54,12,0.296296,0,0,0,0,0,0,0,0,0
1,table_under_pick,26,qpFixed,1,1,0.0235743,2079,14,13.6866,1208,1208,0,0.000690339,0.00249477,0,0,0.0100426,0,5,5,2.8,0,0,0,1,0,0,2078,576677,1579
1,table_under_pick,26,qpPlain,1,1,0.0241631,2079,14,13.6866,1208,1208,0,0.000690339,0.00249477,0,0,0.0100426,0,5,5,2.8,0,0,0,1,0,0,2078,712754,2078
1,table_under_pick,26,qpAdaptive,1,1,0.0141178,1165,14,13.696,928,928,0,0.000619426,0.00249477,0,0,0.0179408,0.266953,5,5,2.8,0,0,0,0.7311,0.262027,0.00687285,1164,323280,1127
1,table_under_pick,26,qpFreeGate,1,1,0.0574687,8883,24,16.387,1411,1411,0,0.0050182,0.00249477,0,0,0.00426171,0,54,19,0.444444,0,0,0,1,0,0,0,0,0
1,table_under_pick,26,qpFreeEnvelope,1,1,0.00694249,381,23,16.5838,873,873,0,0.00316586,0.00249477,0,0,0.0968279,0.979003,54,19,0.425926,0,0,0,0.00524934,0.813648,0.181102,0,0,0
1,table_under_pick,26,qpEnvelope,1,1,0.0117022,931,14,13.6838,869,869,0,0.000263078,0.00249477,0,0,0.0225594,0.16971,5,5,2.8,0,0,0,0.83029,0.158969,0.0107411,931,258860,913
1,table_under_pick,50,isSafe,1,1,0.045234,11844,59,17.2352,10,863,0,0.00732232,0.00249477,0,0,0,0,296,56,0.199324,0,0,0,0,0,0,0,0,0
1,table_under_pick,50,qpFixed,1,1,0.0245823,2174,15,15.6512,1341,1341,0,0.00228975,0.00249477,0,0,0.0107521,0,6,6,2.5,0,0,0,1,0,0,2174,609256,1490
1,table_under_pick,50,qpPlain,1,1,0.0247023,2174,15,15.6512,1341,1341,0,0.00228975,0.00249477,0,0,0.0107521,0,6,6,2.5,0,0,0,1,0,0,2174,745682,2174
1,table_under_pick,50,qpAdaptive,1,1,0.012583,1049,15,15.6604,1081,1081,0,0.00226797,0.00249477,0,0,0.0222909,0.447092,6,6,2.5,0,0,0,0.549094,0.439466,0.0114395,1049,303057,972
1,table_under_pick,50,qpFreeGate,1,1,0.251368,37492,90,14.6354,1065,1065,0,0.00717268,0.00249477,0,0,0.0042047,0,296,87,0.304054,0,0,0,1,0,0,0,0,0
1,table_under_pick,50,qpFreeEnvelope,1,1,0.0305113,1781,69,20.6666,1087,1087,0,0.000491674,0.00249477,0,0,0.0631652,0.965188,222,63,0.310811,0,0,0,0.0186125,0.858996,0.122391,0,0,0
1,table_under_pick,50,qpEnvelope,1,1,0.00634202,467,16,15.704,957,957,0,0.00231807,0.00249477,0,0,0.0510631,0.558887,6,6,2.66667,0,0,0,0.432548,0.535332,0.0321199,467,134515,426
1,table_under_pick,75,isSafe,1,1,0.00711564,1843,11,11.2304,7,563,0,0.00576298,0.00249477,0,0,0,0,42,7,0.261905,0,0,0,0,0,0,0,0,0
1,table_under_pick,75,qpFixed,1,1,0.0352013,3076,21,13.439,1118,1118,0,0.00398394,0.00249477,0,0,0.0109056,0,9,8,2.33333,0,0,0,1,0,0,3076,759158,1940
1,table_under_pick,75,qpPlain,1,1,0.0353545,3076,21,13.439,1118,1118,0,0.00398394,0.00249477,0,0,0.0109056,0,9,8,2.33333,0,0,0,1,0,0,3076,1055068,3076
1,table_under_pick,75,qpAdaptive,1,1,0.0119907,1011,20,13.5001,851,851,0,0.00508497,0.00249477,0,0,0.0328576,0.802176,9,8,2.22222,0,0,0,0.192878,0.78635,0.0207715,1011,245292,918
1,table_under_pick,75,qpFreeGate,1,1,0.0376421,5974,15,14.5296,1206,1206,0,0.00821698,0.00249477,0,0,0.00449856,0,45,10,0.333333,0,0,0,1,0,0,0,0,0
1,table_under_pick,75,qpFreeEnvelope,1,1,0.00664678,389,17,14.8457,765,765,0,0.00821698,0.00249477,0,0,0.0730195,0.982005,45,11,0.377778,0,0,0,0,0.879177,0.120823,0,0,0
1,table_under_pick,75,qpEnvelope,1,1,0.00506406,365,21,13.6051,727,727,0,0.00699288,0.00249477,0,0,0.0924961,0.558904,9,8,2.33333,0,0,0,0.441096,0.49589,0.0630137,365,92463,328
1,table_under_pick,99,isSafe,1,1,0.00697045,1815,11,13.4721,8,675,0,0.00824096,0.00249477,0,0,0,0,24,7,0.458333,0,0,0,0,0,0,0,0,0
1,table_under_pick,99,qpFixed,1,1,0.0271421,2373,19,9.42361,749,749,0,0.00240236,0.00249477,0,0,0.0110168,0,7,7,2.71429,0,0,0,1,0,0,2373,667421,1972
1,table_under_pick,99,qpPlain,1,1,0.0277256,2373,19,9.42361,749,749,0,0.00240236,0.00249477,0,0,0.0110168,0,7,7,2.71429,0,0,0,1,0,0,2373,813939,2373
1,table_under_pick,99,qpAdaptive,1,1,0.0148505,1202,19,9.43354,589,589,0,0.00199209,0.00249477,0,0,0.0218744,0.386855,7,7,2.71429,0,0,0,0.609817,0.379368,0.0108153,1202,339270,1153
1,table_under_pick,99,qpFreeGate,1,1,0.0422743,6753,23,18.6787,1569,1569,0,0.00398613,0.00091275,0,0,0.00520078,0,43,17,0.534884,0,0,0,1,0,0,0,0,0
1,table_under_pick,99,qpFreeEnvelope,1,1,0.00616244,361,23,18.7853,984,984,0,1.95833e-05,5.14707e-06,0,0,0.0975106,0.889197,43,18,0.534884,0,0,0,0.0758427,0.792135,0.132022,0,0,0
1,table_under_pick,99,qpEnvelope,1,1,0.00800184,607,18,9.45778,550,550,0,0.00122493,0.00249477,0,0,0.0431241,0.395387,7,7,2.57143,0,0,0,0.602965,0.369028,0.0280066,607,172072,591
1,bookshelf_small,25,isSafe,1,1,0.0114709,4331,24,16.3539,10,819,0,0.00267286,0.00122848,0,0,0,0,69,20,0.347826,0,0,0,0,0,0,0,0,0
1,bookshelf_small,25,qpFixed,1,1,0.0442652,4352,25,20.437,2026,2026,0,1.71671e-05,0.00249477,0,0,0.0085026,0,12,11,2.08333,0,0,0,1,0,0,4350,1216636,3725
1,bookshelf_small,25,qpPlain,1,1,0.0422158,4352,25,20.437,2026,2026,0,1.71671e-05,0.00249477,0,0,0.0085026,0,12,11,2.08333,0,0,0,1,0,0,4350,1492050,4350
1,bookshelf_small,25,qpAdaptive,1,1,0.0302429,2924,25,20.4268,1767,1767,0,3.86918e-05,0.00249477,0,0,0.0126592,0.30985,12,11,2.08333,0,0,0,0.688227,0.306297,0.0054757,2922,801167,2829
1,bookshelf_small,25,qpFreeGate,1,1,0.0244293,4653,22,16.0369,1274,1274,0,0.00262639,0.00249477,0,0,0.00709938,0,25,14,0.88,0,0,0,1,0,0,0,0,0
1,bookshelf_small,25,qpFreeEnvelope,1,1,0.00401826,300,22,13.1247,706,706,0,0.00304473,0.00249477,0,0,0.105783,0.99,26,16,0.846154,0,0,0,0,0.863333,0.136667,0,0,0
1,bookshelf_small,25,qpEnvelope,1,1,0.0139287,1307,21,15.9357,1141,1141,0,1.39963e-05,0.00249477,0,0,0.0237396,0.151492,12,10,1.75,0,0,0,0.846923,0.144615,0.00846154,1300,357431,1263
1,bookshelf_small,50,isSafe,1,1,0.0191802,7006,37,12.0507,8,604,0,0.00319017,0.00249477,0,0,0,0,172,33,0.215116,0,0,0,0,0,0,0,0,0
1,bookshelf_small,50,qpFixed,1,1,0.0476724,4866,43,21.9424,2103,2103,0,0.00011133,0.00249477,0,0,0.00939949,0,15,14,2.86667,0,0,0,1,0,0,4866,1449528,4423
1,bookshelf_small,50,qpPlain,1,1,0.0474907,4866,43,21.9424,2103,2103,0,0.00011133,0.00249477,0,0,0.00939949,0,15,14,2.86667,0,0,0,1,0,0,4866,1669038,4866
1,bookshelf_small,50,qpAdaptive,1,1,0.0342446,3263,41,21.9765,1907,1907,0,0.00011115,0.00249477,0,0,0.0140351,0.280723,15,14,2.73333,0,0,0,0.717438,0.273062,0.00950046,3263,998080,3182
1,bookshelf_small,50,qpFreeGate,1,1,0.180646,32448,67,23.2942,1919,1919,0,0.00712645,0.00249477,0,0,0.00362494,0,207,61,0.323671,0,0,0,1,0,0,0,0,0
1,bookshelf_small,50,qpFreeEnvelope,1,1,0.0203529,1470,75,16.5678,862,862,0,0.0042257,0.000457383,0,0,0.0851054,0.971429,210,63,0.357143,0,0,0,0.00686342,0.82361,0.169526,0,0,0
1,bookshelf_small,50,qpEnvelope,1,1,0.0290081,2631,47,31.758,2042,2042,0,0.000105826,0.00249477,0,0,0.0248315,0.230711,22,19,2.13636,0,0,0,0.766743,0.216895,0.0163623,2628,798043,2566
1,bookshelf_small,74,isSafe,1,1,0.0113943,4278,23,12.8461,8,644,0,0.00898039,0.00249477,0,0,0,0,80,19,0.2875,0,0,0,0,0,0,0,0,0
1,bookshelf_small,74,qpFixed,1,1,0.0081212,914,10,11.0445,864,864,0,0.00105422,0.00249477,0,0,0.0127258,0,2,2,5,0,0,0,1,0,0,913,252388,529
1,bookshelf_small,74,qpPlain,1,1,0.00865023,914,10,11.0445,864,864,0,0.00105422,0.00249477,0,0,0.0127258,0,2,2,5,0,0,0,1,0,0,913,313159,913
1,bookshelf_small,74,qpAdaptive,1,1,0.00543238,518,10,11.0449,753,753,0,0.00105042,0.00249477,0,0,0.0224862,0.220077,2,2,5,0,0,0,0.777132,0.213178,0.00968992,516,154172,482
1,bookshelf_small,74,qpFreeGate,1,1,0.0274852,5256,28,13.1151,1280,1280,0,0.00658141,0.00249477,0,0,0.00613987,0,25,13,1.12,0,0,0,1,0,0,0,0,0
1,bookshelf_small,74,qpFreeEnvelope,1,1,0.00477844,369,22,12.544,654,654,0,0.00080978,0.00249477,0,0,0.0980082,0.96748,36,15,0.611111,0,0,0,0.0190217,0.877717,0.103261,0,0,0
1,bookshelf_small,74,qpEnvelope,1,1,0.00594956,538,10,11.0397,667,667,0,0.00101468,0.00249477,0,0,0.025257,0.111524,2,2,5,0,0,0,0.886617,0.104089,0.00929368,538,158145,529
1,bookshelf_small,99,isSafe,1,1,0.00255061,960,7,9.3941,6,471,0,0.00781524,0.00249477,0,0,0,0,2,2,3.5,0,0,0,0,0,0,0,0,0
1,bookshelf_small,99,qpFixed,1,1,0.00450891,579,6,7.20799,580,580,0,0.00781524,0.00249477,0,0,0.012449,0,1,1,6,0,0,0,1,0,0,579,144807,38
1,bookshelf_small,99,qpPlain,1,1,0.00486151,579,6,7.20799,580,580,0,0.00781524,0.00249477,0,0,0.012449,0,1,1,6,0,0,0,1,0,0,579,198597,579
1,bookshelf_small,99,qpAdaptive,1,1,0.000579776,67,6,7.20799,395,395,0,0.00781524,0.00249477,0,0,0.107582,0.686567,1,1,6,0,0,0,0.313433,0.626866,0.0597015,67,20347,30
1,bookshelf_small,99,qpFreeGate,1,1,0.0134883,2579,13,8.83363,558,558,0,0.00602557,0.00249477,0,0,0.0082355,0,11,7,1.18182,0,0,0,1,0,0,0,0,0
1,bookshelf_small,99,qpFreeEnvelope,1,1,0.00170288,134,13,8.76359,450,450,0,0.0059388,0.00249477,0,0,0.159251,0.955224,11,7,1.18182,0,0,0,0.0447761,0.828358,0.126866,0,0,0
1,bookshelf_small,99,qpEnvelope,1,1,0.000334967,28,6,7.20911,375,375,0,0.00781524,0.00249477,0,0,0.257468,0.821429,1,1,6,0,0,0,0.178571,0.678571,0.142857,28,8261,14
1,box,23,isSafe,1,1,0.00484406,1836,11,9.94883,6,499,0,0.0579019,0.00249477,0,0,0,0,14,7,0.785714,0,0,0,0,0,0,0,0,0
1,box,23,qpFixed,1,1,0.0367087,4016,27,7.6218,590,590,0,0.00221998,0.00249477,0,0,0.010233,0,12,11,2.25,0,0,0,1,0,0,4016,1070687,3282
1,box,23,qpPlain,1,1,0.0365989,4016,27,7.6218,590,590,0,0.00221998,0.00249477,0,0,0.010233,0,12,11,2.25,0,0,0,1,0,0,4016,1377488,4016
1,box,23,qpAdaptive,1,1,0.0196669,2067,28,7.62705,441,441,0,0.0020171,0.00249477,0,0,0.0199334,0.457184,12,11,2.33333,0,0,0,0.541364,0.44896,0.00967586,2067,559736,1960
1,box,23,qpFreeGate,1,1,0.0489179,9562,34,14.3548,1540,1540,0,0.00297388,0.00249477,0,0,0.00521458,0,54,24,0.62963,0,0,0,1,0,0,0,0,0
1,box,23,qpFreeEnvelope,1,1,0.00607053,493,34,12.6978,655,655,0,0.00680267,0.00249477,0,0,0.0920795,0.8357,54,23,0.62963,0,0,0,0.144016,0.766734,0.0892495,0,0,0
1,box,23,qpEnvelope,1,1,0.0141198,1322,27,7.63541,421,421,0,0.00160722,0.00249477,0,0,0.0311799,0.423601,12,11,2.25,0,0,0,0.572617,0.410741,0.0166415,1322,361053,1274
1,box,47,isSafe,1,1,0.00254067,933,7,9.22279,6,463,0,0.00491538,0.00249477,0,0,0,0,3,3,2.33333,0,0,0,0,0,0,0,0,0
1,box,47,qpFixed,1,1,0.00276963,335,6,4.63894,336,336,0,0.0100873,0.00249477,0,0,0.0138476,0,1,1,6,0,0,0,1,0,0,335,84547,208
1,box,47,qpPlain,1,1,0.00291161,335,6,4.63894,336,336,0,0.0100873,0.00249477,0,0,0.0138476,0,1,1,6,0,0,0,1,0,0,335,114905,335
1,box,47,qpAdaptive,1,1,0.000913165,89,6,4.63235,270,270,0,0.00948698,0.00249477,0,0,0.0520488,0.842697,1,1,6,0,0,0,0.157303,0.808989,0.0337079,89,24311,64
1,box,47,qpFreeGate,1,1,0.00413344,807,9,5.18955,746,746,0,0.00264442,0.00249477,0,0,0.00646073,0,2,2,4.5,0,0,0,1,0,0,0,0,0
1,box,47,qpFreeEnvelope,1,1,0.0010161,96,9,5.20465,301,301,0,0.000795324,0.00249477,0,0,0.054247,0.802083,2,2,4.5,0,0,0,0.166667,0.770833,0.0625,0,0,0
1,box,47,qpEnvelope,1,1,0.00039424,37,6,4.64171,253,253,0,0.00638405,0.00249477,0,0,0.125452,0.891892,1,1,6,0,0,0,0.108108,0.783784,0.108108,37,10358,24
1,box,71,isSafe,1,1,0.0151273,5863,31,18.9545,11,949,0,0.0785213,0.00249477,0,0,0,0,100,25,0.31,0,0,0,0,0,0,0,0,0
1,box,71,qpFixed,1,1,0.0161451,1796,18,12.6948,1294,1294,0,0.00150192,0.00249477,0,0,0.00855642,0,4,4,4.5,0,0,0,1,0,0,1796,507120,1470
1,box,71,qpPlain,1,1,0.0165242,1796,18,12.6948,1294,1294,0,0.00150192,0.00249477,0,0,0.00855642,0,4,4,4.5,0,0,0,1,0,0,1796,616028,1796
1,box,71,qpAdaptive,1,1,0.00810451,833,18,12.7043,878,878,0,0.00149703,0.00249477,0,0,0.01845,0.315726,4,4,4.5,0,0,0,0.67587,0.308523,0.0156062,833,241266,809
1,box,71,qpFreeGate,1,1,0.0851661,16221,51,20.3985,2071,2071,0,0.00376027,0.00249477,0,0,0.00465181,0,98,41,0.520408,0,0,0,1,0,0,0,0,0
1,box,71,qpFreeEnvelope,1,1,0.0106269,770,49,21.1214,1107,1107,0,0.000205927,0.00249477,0,0,0.0909075,0.941558,98,39,0.5,0,0,0,0.027451,0.823529,0.14902,0,0,0
1,box,71,qpEnvelope,1,1,0.00435457,413,17,11.4987,664,664,0,0.00176512,0.00249477,0,0,0.036336,0.326877,4,4,4.25,0,0,0,0.668281,0.297821,0.0338983,413,118428,405
1,box,95,isSafe,1,1,0.0035354,1347,9,10.7177,7,537,0,0.0588492,0.00249477,0,0,0,0,16,5,0.5625,0,0,0,0,0,0,0,0,0
1,box,95,qpFixed,1,1,0.00882296,1049,18,12.0041,929,929,0,0.00574553,0.00249477,0,0,0.0122635,0,3,3,6,0,0,0,1,0,0,1049,310913,616
1,box,95,qpPlain,1,1,0.00955596,1049,18,12.0041,929,929,0,0.00574553,0.00249477,0,0,0.0122635,0,3,3,6,0,0,0,1,0,0,1049,359807,1049
1,box,95,qpAdaptive,1,1,0.00212466,226,15,12.0058,671,671,0,0.00495998,0.00249477,0,0,0.0565736,0.619469,3,3,5,0,0,0,0.380531,0.566372,0.0530973,226,67541,206
1,box,95,qpFreeGate,1,1,0.0231254,4549,19,10.7718,1302,1302,0,0.00448664,0.00249477,0,0,0.00451185,0,25,12,0.76,0,0,0,1,0,0,0,0,0
1,box,95,qpFreeEnvelope,1,1,0.00884923,757,33,19.699,1061,1061,0,0.00052582,0.00249477,0,0,0.065411,0.892999,61,25,0.540984,0,0,0,0.100396,0.796565,0.103038,0,0,0
1,box,95,qpEnvelope,1,1,0.00154759,137,15,12.0107,633,633,0,0.00309135,0.00249477,0,0,0.0932301,0.452555,3,3,5,0,0,0,0.540146,0.372263,0.0875912,137,40831,125
1,table_pick,19,isSafe,1,1,0.00363066,945,7,9.40743,6,472,0,0.00468391,0.00249477,0,0,0,0,2,2,3.5,0,0,0,0,0,0,0,0,0
1,table_pick,19,qpFixed,1,1,0.00669781,631,6,7.70469,632,632,0,0.000910757,0.00249477,0,0,0.0122103,0,1,1,6,0,0,0,1,0,0,631,150995,317
1,table_pick,19,qpPlain,1,1,0.0071464,631,6,7.70469,632,632,0,0.000910757,0.00249477,0,0,0.0122103,0,1,1,6,0,0,0,1,0,0,631,216433,631
1,table_pick,19,qpAdaptive,1,1,0.00263329,233,6,7.70695,491,491,0,0.000847651,0.00249477,0,0,0.033077,0.454936,1,1,6,0,0,0,0.536481,0.446352,0.0171674,233,59412,179
1,table_pick,19,qpFreeGate,1,1,0.00549069,838,7,8.94897,682,682,0,0.00447778,0.00249477,0,0,0.010845,0,2,2,3.5,0,0,0,1,0,0,0,0,0
1,table_pick,19,qpFreeEnvelope,1,1,0.000793641,46,7,8.96594,466,466,0,0.00448465,0.00249477,0,0,0.198648,0.956522,2,2,3.5,0,0,0,0.0434783,0.826087,0.130435,0,0,0
1,table_pick,19,qpEnvelope,1,1,0.00192424,151,6,7.71956,453,453,0,0.000683867,0.00249477,0,0,0.0511229,0.529801,1,1,6,0,0,0,0.463576,0.509934,0.0264901,151,38551,128
1,table_pick,43,isSafe,1,1,0.00566373,1487,9,5.56565,4,280,0,0.00167629,0.00249477,0,0,0,0,12,5,0.75,0,0,0,0,0,0,0,0,0
1,table_pick,43,qpFixed,1,1,0.00827057,808,7,6.88106,809,809,0,0.00346759,0.00249477,0,0,0.00851616,0,1,1,7,0,0,0,1,0,0,808,174191,329
1,table_pick,43,qpPlain,1,1,0.00891434,808,7,6.88106,809,809,0,0.00346759,0.00249477,0,0,0.00851616,0,1,1,7,0,0,0,1,0,0,808,277144,808
1,table_pick,43,qpAdaptive,1,1,0.00183137,165,7,6.88728,437,437,0,0.00337229,0.00249477,0,0,0.0417411,0.672727,1,1,7,0,0,0,0.327273,0.642424,0.030303,165,38034,137
1,table_pick,43,qpFreeGate,1,1,0.0160227,2589,12,8.68075,717,717,0,0.00270028,0.00249477,0,0,0.00666131,0,20,7,0.6,0,0,0,1,0,0,0,0,0
1,table_pick,43,qpFreeEnvelope,1,1,0.00230143,134,12,9.88367,517,517,0,0.00269312,0.00249477,0,0,0.125914,0.947761,20,7,0.6,0,0,0,0,0.880597,0.119403,0,0,0
1,table_pick,43,qpEnvelope,1,1,0.00123498,90,7,6.89596,392,392,0,0.00293836,0.00249477,0,0,0.0766218,0.844444,1,1,7,0,0,0,0.144444,0.8,0.0555556,90,20714,76
1,table_pick,67,isSafe,1,1,0.00773493,2075,12,7.69213,5,386,0,0.000611937,0.00249477,0,0,0,0,18,9,0.666667,0,0,0,0,0,0,0,0,0
1,table_pick,67,qpFixed,1,1,0.00452153,452,6,6.63674,453,453,0,0.00634168,0.00249477,0,0,0.0146831,0,1,1,6,0,0,0,1,0,0,452,104414,47
1,table_pick,67,qpPlain,1,1,0.00475226,452,6,6.63674,453,453,0,0.00634168,0.00249477,0,0,0.0146831,0,1,1,6,0,0,0,1,0,0,452,155036,452
1,table_pick,67,qpAdaptive,1,1,0.000701792,49,6,6.63683,356,356,0,0.00634168,0.00249477,0,0,0.135445,0.653061,1,1,6,0,0,0,0.346939,0.571429,0.0816327,49,12378,27
1,table_pick,67,qpFreeGate,1,1,0.0995331,15643,51,9.89908,853,853,0,0.0072901,0.00249477,0,0,0.00567331,0,107,45,0.476636,0,0,0,1,0,0,0,0,0
1,table_pick,67,qpFreeEnvelope,1,1,0.0187129,1047,54,8.64936,453,453,0,0.00248647,0.00249477,0,0,0.0900691,0.983763,137,49,0.394161,0,0,0,0.00575264,0.854267,0.139981,0,0,0
1,table_pick,67,qpEnvelope,1,1,0.00039043,27,6,6.63832,345,345,0,0.00640424,0.00249477,0,0,0.245864,0.925926,1,1,6,0,0,0,0.0740741,0.777778,0.148148,27,6821,14
1,table_pick,91,isSafe,1,1,0.00733862,1810,11,12.6369,8,633,0,0.00241302,0.00249477,0,0,0,0,31,6,0.354839,0,0,0,0,0,0,0,0,0
1,table_pick,91,qpFixed,1,1,0.00690374,555,7,5.92311,556,556,0,0.000245071,0.00249477,0,0,0.0106723,0,1,1,7,0,0,0,1,0,0,555,158970,324
1,table_pick,91,qpPlain,1,1,0.00711854,555,7,5.92311,556,556,0,0.000245071,0.00249477,0,0,0.0106723,0,1,1,7,0,0,0,1,0,0,555,190365,555
1,table_pick,91,qpAdaptive,1,1,0.00348349,268,7,5.92589,454,454,0,0.000245071,0.00249477,0,0,0.0221115,0.208955,1,1,7,0,0,0,0.787313,0.197761,0.0149254,268,81086,249
1,table_pick,91,qpFreeGate,1,1,0.0158794,2465,20,9.53582,1208,1208,0,0.00571618,0.00249477,0,0,0.0045586,0,14,5,1.42857,0,0,0,1,0,0,0,0,0
1,table_pick,91,qpFreeEnvelope,1,1,0.0029095,189,9,9.7151,522,522,0,0.0032356,0.00249477,0,0,0.0568766,0.973545,16,5,0.5625,0,0,0,0.026455,0.867725,0.10582,0,0,0
1,table_pick,91,qpEnvelope,1,1,0.00290838,217,7,5.93916,429,429,0,0.000248143,0.00249477,0,0,0.0273694,0.16129,1,1,7,0,0,0,0.83871,0.142857,0.0184332,217,65717,208
1,cage,15,isSafe,1,1,2.03239,693384,5291,30.0707,19,1505,0,0.00163963,0.00249477,0,0,0,0,28552,5288,0.185311,0,0,0,0,0,0,0,0,0
1,cage,15,qpFixed,1,1,0.141321,14836,89,26.7173,2262,2262,0,2.70958e-05,0.00249477,0,0,0.00972705,0,57,47,1.5614,0,0,0,1,0,0,14826,4152282,12567
1,cage,15,qpPlain,1,1,0.145696,14836,89,26.7173,2262,2262,0,2.70958e-05,0.00249477,0,0,0.00972705,0,57,47,1.5614,0,0,0,1,0,0,14826,5085318,14826
1,cage,15,qpAdaptive,1,1,0.0886014,8629,89,26.7606,1838,1838,0,2.64878e-05,0.00249477,0,0,0.0167446,0.334685,57,47,1.5614,0,0,0,0.66307,0.329737,0.00719341,8619,2413160,8236
1,cage,15,qpFreeGate,1,1,3.26275,606050,1440,16.3724,2040,2040,0,0.00226617,0.00249477,0,0,0.00366559,0,4833,1400,0.297952,0,0,0,1,0,0,0,0,0
1,cage,15,qpFreeEnvelope,1,1,0.0412704,3120,151,26.1501,1400,1400,0,0.000140613,0.00249477,0,0,0.0821006,0.900321,395,136,0.382278,0,0,0,0.0707822,0.80543,0.123788,0,0,0
1,cage,15,qpEnvelope,1,1,0.0628794,5753,85,26.8888,1691,1691,0,2.11258e-05,0.00249477,0,0,0.0248722,0.260038,57,46,1.49123,0,0,0,0.738547,0.248563,0.0128897,5741,1607824,5604
1,cage,39,isSafe,1,1,0.430735,153862,916,17.0277,10,853,0,0.00468628,0.00249477,0,0,0,0,5252,913,0.17441,0,0,0,0,0,0,0,0,0
1,cage,39,qpFixed,1,1,0.07553,8166,48,16.3515,1371,1371,0,0.000341507,0.00249477,0,0,0.00914816,0,31,24,1.54839,0,0,0,1,0,0,8164,2165050,7186
1,cage,39,qpPlain,1,1,0.0782543,8166,48,16.3515,1371,1371,0,0.000341507,0.00249477,0,0,0.00914816,0,31,24,1.54839,0,0,0,1,0,0,8164,2800252,8164
1,cage,39,qpAdaptive,1,1,0.0514373,5147,48,16.4019,1086,1086,0,0.000339186,0.00249477,0,0,0.0145363,0.242277,31,24,1.54839,0,0,0,0.755879,0.238484,0.00563654,5145,1378410,5036
1,cage,39,qpFreeGate,1,1,2.56251,489415,1065,26.8865,2694,2694,0,0.000977432,0.00249477,0,0,0.00353257,0,3906,1029,0.272657,0,0,0,1,0,0,0,0,0
1,cage,39,qpFreeEnvelope,1,1,0.148751,12106,461,27.7364,1442,1442,0,0.00243171,0.00249477,0,0,0.0638455,0.903189,1622,440,0.284217,0,0,0,0.0680097,0.820028,0.111962,0,0,0
1,cage,39,qpEnvelope,1,1,0.02787,2730,38,21.3145,1189,1189,0,0.000323095,0.00249477,0,0,0.020507,0.164469,21,16,1.80952,0,0,0,0.833944,0.156525,0.00953079,2728,689683,2680
1,cage,63,isSafe,1,1,0.909244,339010,2292,20.8259,14,1043,0,0.000618943,0.00249477,0,0,0,0,13320,2288,0.172072,0,0,0,0,0,0,0,0,0
1,cage,63,qpFixed,1,1,0.285496,31350,161,16.5186,1360,1360,0,0.00206331,0.00148617,0,0,0.00882699,0,134,97,1.20149,0,0,0,1,0,0,31327,8592745,28221
1,cage,63,qpPlain,1,1,0.293263,31350,161,16.5186,1360,1360,0,0.00206331,0.00148617,0,0,0.00882699,0,134,97,1.20149,0,0,0,1,0,0,31327,10745161,31327
1,cage,63,qpAdaptive,1,1,0.198355,20376,163,16.5607,1004,1004,0,0.00186097,0.00131847,0,0,0.0135945,0.319052,134,97,1.21642,0,0,0,0.678803,0.315989,0.00520833,20352,5588814,19807
1,cage,63,qpFreeGate,1,1,0.687922,137893,330,23.3408,2444,2444,0,0.00209061,0.00249477,0,0,0.00393514,0,941,297,0.350691,0,0,0,1,0,0,0,0,0
1,cage,63,qpFreeEnvelope,1,1,0.0983043,7637,345,20.1501,1082,1082,0,0.000461525,0.00023134,0,0,0.071999,0.947492,1036,314,0.333012,0,0,0,0.0267019,0.839392,0.133906,0,0,0
1,cage,63,qpEnvelope,1,1,0.018162,1682,34,19.8752,1246,1246,0,0.000439148,0.00249477,0,0,0.0323556,0.302021,23,18,1.47826,0,0,0,0.693731,0.287164,0.0191045,1675,476147,1614
1,cage,87,isSafe,1,1,0.303153,114781,652,15.1713,9,760,0,0.000308848,0.00249477,0,0,0,0,3544,649,0.183973,0,0,0,0,0,0,0,0,0
1,cage,87,qpFixed,1,1,0.255847,29048,154,29.5451,2343,2343,0,4.12159e-05,3.70807e-05,0,0,0.00875539,0,115,86,1.33913,0,0,0,1,0,0,29043,7690994,25176
1,cage,87,qpPlain,1,1,0.268541,29048,154,29.5451,2343,2343,0,4.12159e-05,3.70807e-05,0,0,0.00875539,0,115,86,1.33913,0,0,0,1,0,0,29043,9961749,29043
1,cage,87,qpAdaptive,1,1,0.166672,17635,154,29.57,2007,2007,0,3.9014e-05,3.68632e-05,0,0,0.0144706,0.329742,115,86,1.33913,0,0,0,0.668179,0.325922,0.00589904,17630,4688159,17104
1,cage,87,qpFreeGate,1,1,1.08243,217785,484,21.6924,2310,2310,0,0.00445162,0.00249477,0,0,0.00366467,0,1618,455,0.299135,0,0,0,1,0,0,0,0,0
1,cage,87,qpFreeEnvelope,1,1,0.218934,17376,714,25.7509,1384,1384,0,0.000284818,0.00249477,0,0,0.0639679,0.903257,2441,684,0.292503,0,0,0,0.0580107,0.82107,0.120919,0,0,0
1,cage,87,qpEnvelope,1,1,0.122995,12253,153,29.7296,1811,1811,0,3.32984e-05,4.90167e-05,0,0,0.0207687,0.265812,115,86,1.33043,0,0,0,0.732811,0.256492,0.0106974,12246,3231968,12049
1,bookshelf_tall,5,isSafe,1,1,0.0976718,20925,107,11.7274,7,588,0,0.0040563,0.00249477,0,0,0,0,526,104,0.203422,0,0,0,0,0,0,0,0,0
1,bookshelf_tall,5,qpFixed,1,1,0.0373511,2887,22,13.9094,1004,1004,0,0.00413967,0.00249477,0,0,0.0105854,0,11,8,2,0,0,0,1,0,0,2885,877291,1848
1,bookshelf_tall,5,qpPlain,1,1,0.0380019,2887,22,13.9094,1004,1004,0,0.00413967,0.00249477,0,0,0.0105854,0,11,8,2,0,0,0,1,0,0,2885,989555,2885
1,bookshelf_tall,5,qpAdaptive,1,1,0.0198298,1398,22,13.9185,790,790,0,0.00413967,0.00249477,0,0,0.021852,0.412017,11,8,2,0,0,0,0.581662,0.404011,0.0143266,1396,438564,1279
1,bookshelf_tall,5,qpFreeGate,1,1,0.127521,17234,63,17.9819,1637,1637,0,0.00182455,0.00249477,0,0,0.00583464,0,135,50,0.466667,0,0,0,1,0,0,0,0,0
1,bookshelf_tall,5,qpFreeEnvelope,1,1,0.0237105,1088,70,13.9726,731,731,0,0.00244982,0.00249477,0,0,0.0967367,0.95864,155,58,0.451613,0,0,0,0.0194805,0.828386,0.152134,0,0,0
1,bookshelf_tall,5,qpEnvelope,1,1,0.00899879,581,14,12.3947,649,649,0,0.00413967,0.00249477,0,0,0.0395393,0.388985,8,6,1.75,0,0,0,0.606218,0.37133,0.0224525,579,180923,553
1,bookshelf_tall,31,isSafe,1,1,0.00953439,2007,12,11.7851,7,591,0,0.0032764,0.00249477,0,0,0,0,18,8,0.666667,0,0,0,0,0,0,0,0,0
1,bookshelf_tall,31,qpFixed,1,1,0.0445207,3257,19,16.6056,1315,1315,0,0.000333707,0.00048563,0,0,0.00944989,0,12,8,1.58333,0,0,0,1,0,0,3256,913260,2518
1,bookshelf_tall,31,qpPlain,1,1,0.0454781,3257,19,16.6056,1315,1315,0,0.000333707,0.00048563,0,0,0.00944989,0,12,8,1.58333,0,0,0,1,0,0,3256,1116808,3256
1,bookshelf_tall,31,qpAdaptive,1,1,0.0301869,2045,20,16.5939,1095,1095,0,0.000331279,0.000443394,0,0,0.0150586,0.197066,12,8,1.66667,0,0,0,0.800391,0.191292,0.00831703,2044,585663,1957
1,bookshelf_tall,31,qpFreeGate,1,1,0.070661,9685,36,18.8672,1553,1553,0,0.00710673,0.000581617,0,0,0.00541651,0,60,29,0.6,0,0,0,1,0,0,0,0,0
1,bookshelf_tall,31,qpFreeEnvelope,1,1,0.009343,413,35,15.4719,796,796,0,0.00711688,0.00249477,0,0,0.137876,0.949153,68,29,0.514706,0,0,0,0,0.8075,0.1925,0,0,0
1,bookshelf_tall,31,qpEnvelope,1,1,0.0230821,1501,19,18.7955,1176,1176,0,0.000287355,0.000675114,0,0,0.0200607,0.101932,12,8,1.58333,0,0,0,0.898,0.0926667,0.00933333,1500,430930,1463
1,bookshelf_tall,55,isSafe,1,1,0.0162782,3392,19,10.825,7,543,0,0.00105226,0.00249477,0,0,0,0,54,15,0.351852,0,0,0,0,0,0,0,0,0
1,bookshelf_tall,55,qpFixed,1,1,0.00638237,490,6,6.64791,491,491,0,0.0049419,0.00249477,0,0,0.0135672,0,1,1,6,0,0,0,1,0,0,490,140030,225
1,bookshelf_tall,55,qpPlain,1,1,0.00633853,490,6,6.64791,491,491,0,0.0049419,0.00249477,0,0,0.0135672,0,1,1,6,0,0,0,1,0,0,490,168070,490
1,bookshelf_tall,55,qpAdaptive,1,1,0.00279372,199,6,6.64116,421,421,0,0.0049419,0.00249477,0,0,0.0333727,0.653266,1,1,6,0,0,0,0.336683,0.643216,0.0201005,199,61706,169
1,bookshelf_tall,55,qpFreeGate,1,1,0.0485224,6652,24,17.7002,1343,1343,0,0.00165981,0.00249477,0,0,0.00506845,0,54,19,0.444444,0,0,0,1,0,0,0,0,0
1,bookshelf_tall,55,qpFreeEnvelope,1,1,0.00782787,354,23,17.8192,917,917,0,0.00158498,0.00249477,0,0,0.094116,0.963277,54,19,0.425926,0,0,0,0.019943,0.809117,0.17094,0,0,0
1,bookshelf_tall,55,qpEnvelope,1,1,0.00097589,62,6,6.6663,365,365,0,0.0049574,0.00249477,0,0,0.107521,0.83871,1,1,6,0,0,0,0.16129,0.774194,0.0645161,62,19040,51
1,bookshelf_tall,80,isSafe,1,1,0.252376,52786,280,21.1776,12,1060,0,0.00279401,0.00249477,0,0,0,0,1552,276,0.180412,0,0,0,0,0,0,0,0,0
1,bookshelf_tall,80,qpFixed,1,1,0.0829054,6090,33,22.6036,1991,1991,0,0.000897357,0.00026553,0,0,0.00891699,0,19,14,1.73684,0,0,0,1,0,0,6089,1851437,4915
1,bookshelf_tall,80,qpPlain,1,1,0.0840637,6090,33,22.6036,1991,1991,0,0.000897357,0.00026553,0,0,0.00891699,0,19,14,1.73684,0,0,0,1,0,0,6089,2088527,6089
1,bookshelf_tall,80,qpAdaptive,1,1,0.0549476,3737,33,22.6356,1599,1599,0,0.000892128,0.000264683,0,0,0.0145565,0.308804,19,14,1.73684,0,0,0,0.689507,0.305407,0.00508565,3736,1189285,3496
1,bookshelf_tall,80,qpFreeGate,1,1,0.234695,32086,74,24.5917,2513,2513,0,0.00212342,0.00248243,0,0,0.00385765,0,236,65,0.313559,0,0,0,1,0,0,0,0,0
1,bookshelf_tall,80,qpFreeEnvelope,1,1,0.0705887,3264,146,16.2178,894,894,0,0.000191804,0.00249477,0,0,0.0775561,0.963848,504,137,0.289683,0,0,0,0.012931,0.828202,0.158867,0,0,0
1,bookshelf_tall,80,qpEnvelope,1,1,0.0339797,2199,34,24.5394,1466,1466,0,0.00110397,0.00025706,0,0,0.0254223,0.244202,19,15,1.78947,0,0,0,0.753979,0.233743,0.0122783,2199,695799,2142
1,bookshelf_thin,6,isSafe,1,1,0.0317051,4993,26,17.8194,10,892,0,0.00549373,0.00106833,0,0,0,0,65,22,0.4,0,0,0,0,0,0,0,0,0
1,bookshelf_thin,6,qpFixed,1,1,0.00642844,414,7,6.69553,415,415,0,0.00573201,0.00249477,0,0,0.0161728,0,1,1,7,0,0,0,1,0,0,414,111142,91
1,bookshelf_thin,6,qpPlain,1,1,0.00664697,414,7,6.69553,415,415,0,0.00573201,0.00249477,0,0,0.0161728,0,1,1,7,0,0,0,1,0,0,414,142002,414
1,bookshelf_thin,6,qpAdaptive,1,1,0.00179879,112,6,6.69507,382,382,0,0.00573201,0.00249477,0,0,0.0597774,0.616071,1,1,6,0,0,0,0.375,0.589286,0.0357143,112,32709,69
1,bookshelf_thin,6,qpFreeGate,1,1,0.0277355,3161,15,9.27479,734,734,0,0.00481578,0.00249477,0,0,0.00685339,0,15,8,1,0,0,0,1,0,0,0,0,0
1,bookshelf_thin,6,qpFreeEnvelope,1,1,0.00447791,170,15,9.28466,484,484,0,0.00193432,0.00249477,0,0,0.128936,0.964706,15,8,1,0,0,0,0.0352941,0.823529,0.141176,0,0,0
1,bookshelf_thin,6,qpEnvelope,1,1,0.000826595,45,6,6.69109,353,353,0,0.00573201,0.00249477,0,0,0.148691,0.577778,1,1,6,0,0,0,0.422222,0.488889,0.0888889,45,13043,29
1,bookshelf_thin,30,isSafe,1,1,0.0794073,12617,63,17.6348,10,883,0,0.00261307,0.00249477,0,0,0,0,227,58,0.277533,0,0,0,0,0,0,0,0,0
1,bookshelf_thin,30,qpFixed,1,1,0.106257,6471,51,15.9092,1410,1410,0,0.000230581,0.00111089,0,0,0.00894883,0,28,20,1.82143,0,0,0,1,0,0,6460,1549791,5525
1,bookshelf_thin,30,qpPlain,1,1,0.113514,6471,51,15.9092,1410,1410,0,0.000230581,0.00111089,0,0,0.00894883,0,28,20,1.82143,0,0,0,1,0,0,6460,2215780,6460
1,bookshelf_thin,30,qpAdaptive,1,1,0.0731289,4232,43,15.8994,1148,1148,0,0.000230915,0.00108135,0,0,0.0137068,0.25827,28,20,1.53571,0,0,0,0.738163,0.252604,0.00923295,4224,984186,4143
1,bookshelf_thin,30,qpFreeGate,1,1,0.190137,21628,55,17.111,1570,1570,0,0.0040936,0.00249477,0,0,0.00409565,0,171,47,0.321637,0,0,0,1,0,0,0,0,0
1,bookshelf_thin,30,qpFreeEnvelope,1,1,0.032998,1237,62,17.4345,903,903,0,0.00423409,0.000617726,0,0,0.0751517,0.971706,171,47,0.362573,0,0,0,0.00245298,0.848733,0.148814,0,0,0
1,bookshelf_thin,30,qpEnvelope,1,1,0.0574036,2965,52,18.2435,1099,1099,0,0.00022746,0.000752096,0,0,0.0229682,0.18145,32,24,1.625,0,0,0,0.815968,0.166441,0.0175913,2956,663393,2902
1,bookshelf_thin,54,isSafe,1,1,0.0614903,9732,50,10.9456,7,549,0,0.00241871,0.00249477,0,0,0,0,160,46,0.3125,0,0,0,0,0,0,0,0,0
1,bookshelf_thin,54,qpFixed,1,1,0.0135867,827,10,9.27978,730,730,0,0.000315572,0.00249477,0,0,0.0116005,0,2,2,5,0,0,0,1,0,0,827,208970,677
1,bookshelf_thin,54,qpPlain,1,1,0.0140118,827,10,9.27978,730,730,0,0.000315572,0.00249477,0,0,0.0116005,0,2,2,5,0,0,0,1,0,0,827,283661,827
1,bookshelf_thin,54,qpAdaptive,1,1,0.00895972,517,10,9.2981,667,667,0,0.000315572,0.00249477,0,0,0.0185843,0.201161,2,2,5,0,0,0,0.794971,0.191489,0.0135397,517,128909,494
1,bookshelf_thin,54,qpFreeGate,1,1,0.420858,46923,143,9.37667,677,677,0,0.00635464,0.00249477,0,0,0.00514061,0,368,139,0.388587,0,0,0,1,0,0,0,0,0
1,bookshelf_thin,54,qpFreeEnvelope,1,1,0.0745991,2822,140,9.4085,487,487,0,0.00635611,0.00249477,0,0,0.0870615,0.964918,368,136,0.380435,0,0,0,0.0182078,0.84684,0.134952,0,0,0
1,bookshelf_thin,54,qpEnvelope,1,1,0.0056727,317,10,9.3144,622,622,0,0.000317941,0.00249477,0,0,0.0303869,0.227129,2,2,5,0,0,0,0.772871,0.201893,0.0252366,317,79158,306
1,bookshelf_thin,79,isSafe,1,1,0.012467,1974,12,9.18857,6,461,0,0.00685104,0.00249477,0,0,0,0,27,8,0.444444,0,0,0,0,0,0,0,0,0
1,bookshelf_thin,79,qpFixed,1,1,0.0270617,1655,17,10.3311,774,774,0,0.00121117,0.00249477,0,0,0.0105137,0,6,4,2.83333,0,0,0,1,0,0,1651,424403,1489
1,bookshelf_thin,79,qpPlain,1,1,0.0394374,1655,17,10.3311,774,774,0,0.00121117,0.00249477,0,0,0.0105137,0,6,4,2.83333,0,0,0,1,0,0,1651,566293,1651
1,bookshelf_thin,79,qpAdaptive,1,1,0.017948,1053,16,10.3628,681,681,0,0.000369583,0.00249477,0,0,0.0165701,0.396961,6,4,2.66667,0,0,0,0.598665,0.391802,0.00953289,1049,266295,994
1,bookshelf_thin,79,qpFreeGate,1,1,0.0332701,3801,18,13.0975,1255,1255,0,0.00504168,0.00162876,0,0,0.00512709,0,27,9,0.666667,0,0,0,1,0,0,0,0,0
1,bookshelf_thin,79,qpFreeEnvelope,1,1,0.00966871,365,22,14.559,762,762,0,0.00594476,0.00249477,0,0,0.088092,0.967123,48,15,0.458333,0,0,0,0.00557103,0.857939,0.13649,0,0,0
1,bookshelf_thin,79,qpEnvelope,1,1,0.0149183,841,20,6.01319,319,319,0,0.00685104,0.00249477,0,0,0.0257384,0.197384,6,5,3.33333,0,0,0,0.796429,0.182143,0.0214286,840,211844,825
1,table_under_pick,3,isSafe,1,1,0.00712974,1905,12,16.5985,10,831,0,0.00115301,0.00249477,0,0,0,0,17,7,0.705882,0,0,0,0,0,0,0,0,0
1,table_under_pick,3,qpFixed,1,1,0.00916181,872,12,9.59263,644,644,0,0.00572617,0.00249477,0,0,0.0147318,0,2,2,6,0,0,0,1,0,0,872,216385,432
1,table_under_pick,3,qpPlain,1,1,0.00959938,872,12,9.59263,644,644,0,0.00572617,0.00249477,0,0,0.0147318,0,2,2,6,0,0,0,1,0,0,872,299096,872
1,table_under_pick,3,qpAdaptive,1,1,0.00179279,158,10,9.58986,538,538,0,0.00442376,0.00249477,0,0,0.081509,0.892405,2,2,5,0,0,0,0.0949367,0.848101,0.056962,158,44374,121
1,table_under_pick,3,qpFreeGate,1,1,0.0146235,2339,12,11.046,848,848,0,0.00532522,0.00249477,0,0,0.00670583,0,14,6,0.857143,0,0,0,1,0,0,0,0,0
1,table_under_pick,3,qpFreeEnvelope,1,1,0.00269883,157,12,11.3592,592,592,0,0.00534473,0.00249477,0,0,0.10387,0.968153,14,6,0.857143,0,0,0,0.0254777,0.859873,0.11465,0,0,0
1,table_under_pick,3,qpEnvelope,1,1,0.00106153,80,10,9.65309,516,516,0,0.00231205,0.00249477,0,0,0.161663,0.8625,2,2,5,0,0,0,0.1375,0.75,0.1125,80,22675,65
1,table_under_pick,27,isSafe,1,1,0.0117431,3097,17,19.3334,11,968,0,0.00524761,0.000722344,0,0,0,0,45,12,0.377778,0,0,0,0,0,0,0,0,0
1,table_under_pick,27,qpFixed,1,1,0.00801132,737,8,9.85191,738,738,0,0.00793288,7.03636e-05,0,0,0.0133676,0,1,1,8,0,0,0,1,0,0,737,214103,375
1,table_under_pick,27,qpPlain,1,1,0.00805655,737,8,9.85191,738,738,0,0.00793288,7.03636e-05,0,0,0.0133676,0,1,1,8,0,0,0,1,0,0,737,252791,737
1,table_under_pick,27,qpAdaptive,1,1,0.00376719,330,8,9.85656,610,610,0,0.00793288,6.75021e-05,0,0,0.0298684,0.254545,1,1,8,0,0,0,0.745455,0.242424,0.0121212,330,98287,263
1,table_under_pick,27,qpFreeGate,1,1,0.0204683,3239,18,13.1303,1136,1136,0,0.00410248,0.000321169,0,0,0.00653454,0,22,8,0.818182,0,0,0,1,0,0,0,0,0
1,table_under_pick,27,qpFreeEnvelope,1,1,0.00227925,117,20,13.2936,696,696,0,0.00409387,6.5909e-08,0,0,0.175188,0.820513,22,8,0.909091,0,0,0,0.017094,0.794872,0.188034,0,0,0
1,table_under_pick,27,qpEnvelope,1,1,0.000571192,36,8,9.95772,515,515,0,0.00793288,0.00066869,0,0,0.276603,0.75,1,1,8,0,0,0,0.25,0.583333,0.166667,36,10391,20
1,table_under_pick,51,isSafe,1,1,0.00614274,1638,10,15.6145,9,782,0,0.00462955,0.00249477,0,0,0,0,26,6,0.384615,0,0,0,0,0,0,0,0,0
1,table_under_pick,51,qpFixed,1,1,0.0189543,1669,14,10.5621,796,796,0,0.000400828,0.00249477,0,0,0.0116361,0,4,4,3.5,0,0,0,1,0,0,1669,470778,1516
1,table_under_pick,51,qpPlain,1,1,0.0220481,1669,14,10.5621,796,796,0,0.000400828,0.00249477,0,0,0.0116361,0,4,4,3.5,0,0,0,1,0,0,1669,572467,1669
1,table_under_pick,51,qpAdaptive,1,1,0.0153976,1279,14,10.5623,739,739,0,0.000384621,0.00249477,0,0,0.0152041,0.223612,4,4,3.5,0,0,0,0.775606,0.218139,0.00625489,1279,356891,1197
1,table_under_pick,51,qpFreeGate,1,1,0.10194,16220,31,15.5333,1261,1261,0,0.00572789,0.00249477,0,0,0.00332807,0,116,26,0.267241,0,0,0,1,0,0,0,0,0
1,table_under_pick,51,qpFreeEnvelope,1,1,0.0107063,655,18,15.0897,790,790,0,0.00141873,0.00249477,0,0,0.050392,0.958779,76,14,0.236842,0,0,0,0.0335878,0.859542,0.10687,0,0,0
1,table_under_pick,51,qpEnvelope,1,1,0.0106162,856,14,10.5697,668,668,0,0.000311916,0.00249477,0,0,0.0228116,0.200935,4,4,3.5,0,0,0,0.796729,0.191589,0.0116822,856,237430,808
1,table_under_pick,76,isSafe,1,1,0.00414517,1106,7,9.78412,6,491,0,0.00814752,0.00249477,0,0,0,0,23,3,0.304348,0,0,0,0,0,0,0,0,0
1,table_under_pick,76,qpFixed,1,1,0.0196458,1734,15,9.08308,726,726,0,0.00155389,0.00249477,0,0,0.011784,0,5,5,3,0,0,0,1,0,0,1734,503978,1483
1,table_under_pick,76,qpPlain,1,1,0.0198745,1734,15,9.08308,726,726,0,0.00155389,0.00249477,0,0,0.011784,0,5,5,3,0,0,0,1,0,0,1734,594762,1734
1,table_under_pick,76,qpAdaptive,1,1,0.0110002,919,15,9.08967,634,634,0,0.0015594,0.00249477,0,0,0.0222706,0.331882,5,5,3,0,0,0,0.663765,0.324266,0.0119695,919,261345,857
1,table_under_pick,76,qpFreeGate,1,1,0.0524097,8253,25,16.5997,1377,1377,0,0.00334005,0.00249477,0,0,0.00470193,0,50,18,0.5,0,0,0,1,0,0,0,0,0
1,table_under_pick,76,qpFreeEnvelope,1,1,0.00810486,499,25,16.6758,870,870,0,0.000208509,0.00249477,0,0,0.0763297,0.87976,50,19,0.5,0,0,0,0.100402,0.787149,0.11245,0,0,0
1,table_under_pick,76,qpEnvelope,1,1,0.00799521,627,15,9.14347,555,555,0,0.00161599,0.00249477,0,0,0.0328838,0.213716,5,5,3,0,0,0,0.781499,0.197767,0.0207337,627,175129,611
1,table_under_pick,100,isSafe,1,1,0.0102387,2752,15,15.2621,9,765,0,0.00282575,0.00249477,0,0,0,0,46,12,0.326087,0,0,0,0,0,0,0,0,0
1,table_under_pick,100,qpFixed,1,1,0.0302943,2281,17,8.98129,667,667,0,0.00201181,0.00249477,0,0,0.011213,0,7,7,2.42857,0,0,0,1,0,0,2281,650326,2143
1,table_under_pick,100,qpPlain,1,1,0.0281854,2281,17,8.98129,667,667,0,0.00201181,0.00249477,0,0,0.011213,0,7,7,2.42857,0,0,0,1,0,0,2281,782383,2281
1,table_under_pick,100,qpAdaptive,1,1,0.0140344,1168,17,8.99426,562,562,0,0.00180802,0.00249477,0,0,0.02192,0.476884,7,7,2.42857,0,0,0,0.518836,0.471747,0.00941781,1168,336386,1116
1,table_under_pick,100,qpFreeGate,1,1,0.0328565,5165,24,7.51589,764,764,0,0.00272329,0.00249477,0,0,0.00513638,0,38,14,0.631579,0,0,0,1,0,0,0,0,0
1,table_under_pick,100,qpFreeEnvelope,1,1,0.00659723,383,18,11.4302,600,600,0,0.00271872,0.00249477,0,0,0.0734064,0.971279,47,14,0.382979,0,0,0,0.0208877,0.840731,0.138381,0,0,0
1,table_under_pick,100,qpEnvelope,1,1,0.00787272,607,17,8.99978,505,505,0,0.00112444,0.00249477,0,0,0.0422755,0.454695,7,7,2.42857,0,0,0,0.543657,0.433278,0.0230643,607,174845,593
1,bookshelf_small,26,isSafe,1,1,0.0359344,13837,70,14.1822,9,711,0,0.000603417,0.00142868,0,0,0,0,354,66,0.19774,0,0,0,0,0,0,0,0,0
1,bookshelf_small,26,qpFixed,1,1,0.0961872,9863,37,14.1905,1100,1100,0,0.00026224,0.000182486,0,0,0.00721029,0,43,25,0.860465,0,0,0,1,0,0,9859,2788979,8395
1,bookshelf_small,26,qpPlain,1,1,0.0999973,9863,37,14.1905,1100,1100,0,0.00026224,0.000182486,0,0,0.00721029,0,43,25,0.860465,0,0,0,1,0,0,9859,3381637,9859
1,bookshelf_small,26,qpAdaptive,1,1,0.0773804,7227,37,14.1969,932,932,0,0.000257985,0.000173502,0,0,0.0098462,0.11886,43,25,0.860465,0,0,0,0.879673,0.117142,0.00318471,7223,2063255,7058
1,bookshelf_small,26,qpFreeGate,1,1,0.164658,30989,65,19.5006,1627,1627,0,0.0102436,0.000120495,0,0,0.00402108,0,191,60,0.340314,0,0,0,1,0,0,0,0,0
1,bookshelf_small,26,qpFreeEnvelope,1,1,0.0203552,1416,62,19.7602,1016,1016,0,0.0102436,5.22237e-05,0,0,0.0892639,0.975989,191,57,0.324607,0,0,0,0.00923952,0.829424,0.161336,0,0,0
1,bookshelf_small,26,qpEnvelope,1,1,0.0709043,6409,37,14.217,828,828,0,0.000153629,0.000101794,0,0,0.0111401,0.0496177,43,25,0.860465,0,0,0,0.950187,0.0459088,0.00390381,6404,1830240,6342
1,bookshelf_small,51,isSafe,1,1,0.0177419,6785,34,5.10587,4,257,0,0.00429878,0.00249477,0,0,0,0,149,30,0.228188,0,0,0,0,0,0,0,0,0
1,bookshelf_small,51,qpFixed,1,1,0.00666333,873,10,8.73218,694,694,0,0.00429878,0.00249477,0,0,0.0128744,0,2,2,5,0,0,0,1,0,0,873,203490,194
1,bookshelf_small,51,qpPlain,1,1,0.00746985,873,10,8.73218,694,694,0,0.00429878,0.00249477,0,0,0.0128744,0,2,2,5,0,0,0,1,0,0,873,299439,873
1,bookshelf_small,51,qpAdaptive,1,1,0.000887779,103,9,8.75586,480,480,0,0.00429878,0.00249477,0,0,0.108816,0.815534,2,2,4.5,0,0,0,0.174757,0.747573,0.0776699,103,28054,57
1,bookshelf_small,51,qpFreeGate,1,1,0.0719754,14047,42,9.53521,909,909,0,0.0013878,0.00249477,0,0,0.00444932,0,106,33,0.396226,0,0,0,1,0,0,0,0,0
1,bookshelf_small,51,qpFreeEnvelope,1,1,0.0132407,964,49,5.1132,270,270,0,0.00429878,0.00249477,0,0,0.0842016,0.975104,149,44,0.328859,0,0,0,0.00936524,0.812695,0.17794,0,0,0
1,bookshelf_small,51,qpEnvelope,1,1,0.000587916,42,9,8.79271,459,459,0,0.00429878,0.00249477,0,0,0.267253,0.833333,2,2,4.5,0,0,0,0.142857,0.666667,0.190476,42,11433,18
1,bookshelf_small,75,isSafe,1,1,0.00618059,2352,14,12.6001,8,632,0,0.008202,0.00249477,0,0,0,0,20,9,0.7,0,0,0,0,0,0,0,0,0
1,bookshelf_small,75,qpFixed,1,1,0.0114115,1266,11,15.1693,1145,1145,0,0.000722351,0.00249477,0,0,0.0126261,0,3,3,3.66667,0,0,0,1,0,0,1266,322829,1097
1,bookshelf_small,75,qpPlain,1,1,0.011991,1266,11,15.1693,1145,1145,0,0.000722351,0.00249477,0,0,0.0126261,0,3,3,3.66667,0,0,0,1,0,0,1266,434238,1266
1,bookshelf_small,75,qpAdaptive,1,1,0.00879961,921,11,15.1854,1052,1052,0,0.00070688,0.00249477,0,0,0.0173625,0.237785,3,3,3.66667,0,0,0,0.760043,0.234528,0.00542888,921,236938,894
1,bookshelf_small,75,qpFreeGate,1,1,0.0184973,3599,19,13.6132,1300,1300,0,0.00110062,0.00249477,0,0,0.00607378,0,20,9,0.95,0,0,0,1,0,0,0,0,0
1,bookshelf_small,75,qpFreeEnvelope,1,1,0.00273904,240,16,13.1307,697,697,0,0.00344057,0.00249477,0,0,0.0796214,0.991667,20,7,0.8,0,0,0,0,0.879167,0.120833,0,0,0
1,bookshelf_small,75,qpEnvelope,1,1,0.00543247,544,11,15.2155,915,915,0,0.000770092,0.00249477,0,0,0.0294407,0.204044,3,3,3.66667,0,0,0,0.794118,0.193015,0.0128676,544,135518,533
1,bookshelf_small,100,isSafe,1,1,0.0293372,11262,55,17.5007,10,877,0,0.00480265,0.00249477,0,0,0,0,270,52,0.203704,0,0,0,0,0,0,0,0,0
1,bookshelf_small,100,qpFixed,1,1,0.0126385,1425,12,13.1774,1060,1060,0,0.00121206,0.00249477,0,0,0.0113671,0,4,4,3,0,0,0,1,0,0,1425,418074,1091
1,bookshelf_small,100,qpPlain,1,1,0.0128913,1425,12,13.1774,1060,1060,0,0.00121206,0.00249477,0,0,0.0113671,0,4,4,3,0,0,0,1,0,0,1425,488775,1425
1,bookshelf_small,100,qpAdaptive,1,1,0.00626749,631,12,13.2458,875,875,0,0.000910718,0.00249477,0,0,0.025781,0.469097,4,4,3,0,0,0,0.527734,0.454834,0.0174326,631,193944,580
1,bookshelf_small,100,qpFreeGate,1,1,0.0759992,14375,40,19.0738,1446,1446,0,0.00497516,0.00249477,0,0,0.00485909,0,116,36,0.344828,0,0,0,1,0,0,0,0,0
1,bookshelf_small,100,qpFreeEnvelope,1,1,0.0247753,1833,86,25.1388,1299,1299,0,0.00429751,0.00249477,0,0,0.0783267,0.966721,268,75,0.320896,0,0,0,0.0169863,0.837808,0.145205,0,0,0
1,bookshelf_small,100,qpEnvelope,1,1,0.00427839,398,12,13.3582,776,776,0,0.000232185,0.00249477,0,0,0.0410079,0.28392,4,4,3,0,0,0,0.711055,0.261307,0.0276382,398,121897,368
1,box,24,isSafe,1,1,0.00713955,2785,16,10.8842,7,546,0,0.00915087,0.00249477,0,0,0,0,27,12,0.592593,0,0,0,0,0,0,0,0,0
1,box,24,qpFixed,1,1,0.00609118,716,7,8.82402,669,669,0,0.00031326,0.00249477,0,0,0.0124953,0,2,2,3.5,0,0,0,1,0,0,716,188355,413
1,box,24,qpPlain,1,1,0.00635145,716,7,8.82402,669,669,0,0.00031326,0.00249477,0,0,0.0124953,0,2,2,3.5,0,0,0,1,0,0,716,245588,716
1,box,24,qpAdaptive,1,1,0.00314591,338,7,8.8268,563,563,0,0.000301795,0.00249477,0,0,0.026475,0.263314,2,2,3.5,0,0,0,0.736686,0.251479,0.0118343,338,93198,290
1,box,24,qpFreeGate,1,1,0.022521,4441,21,11.3431,1117,1117,0,0.00440533,0.00249477,0,0,0.00632191,0,21,15,1,0,0,0,1,0,0,0,0,0
1,box,24,qpFreeEnvelope,1,1,0.00271095,203,21,11.5204,606,606,0,0.00144075,0.00249477,0,0,0.135059,0.960591,21,15,1,0,0,0,0.0295567,0.832512,0.137931,0,0,0
1,box,24,qpEnvelope,1,1,0.00253744,254,7,8.82544,530,530,0,0.000290695,0.00249477,0,0,0.0352382,0.169291,2,2,3.5,0,0,0,0.830709,0.153543,0.015748,254,71688,222
1,box,48,isSafe,1,1,0.00670577,2648,16,14.1687,9,710,0,0.0328762,0.00249477,0,0,0,0,37,10,0.432432,0,0,0,0,0,0,0,0,0
1,box,48,qpFixed,1,1,0.00362259,454,6,6.18086,455,455,0,0.0123731,0.00249477,0,0,0.0136142,0,1,1,6,0,0,0,1,0,0,454,97409,208
1,box,48,qpPlain,1,1,0.00397386,454,6,6.18086,455,455,0,0.0123731,0.00249477,0,0,0.0136142,0,1,1,6,0,0,0,1,0,0,454,155722,454
1,box,48,qpAdaptive,1,1,0.000936164,110,6,6.18979,354,354,0,0.0117503,0.00249477,0,0,0.0562708,0.990909,1,1,6,0,0,0,0,0.963636,0.0363636,110,25005,93
1,box,48,qpFreeGate,1,1,0.0159519,3167,16,15.7251,1513,1513,0,0.00875736,0.00249477,0,0,0.00610466,0,14,7,1.14286,0,0,0,1,0,0,0,0,0
1,box,48,qpFreeEnvelope,1,1,0.00222272,164,15,17.0494,890,890,0,0.00758267,0.00249477,0,0,0.124994,0.993902,14,7,1.07143,0,0,0,0.00609756,0.841463,0.152439,0,0,0
1,box,48,qpEnvelope,1,1,0.00065806,62,6,6.20689,343,343,0,0.0102425,0.00249477,0,0,0.100111,1,1,1,6,0,0,0,0,0.935484,0.0645161,62,14388,51
1,box,72,isSafe,1,1,0.0159542,6233,34,16.1157,10,807,0,0.0272518,0.00249477,0,0,0,0,74,29,0.459459,0,0,0,0,0,0,0,0,0
1,box,72,qpFixed,1,1,0.00356849,469,6,5.70867,470,470,0,0.0101382,0.00249477,0,0,0.012172,0,1,1,6,0,0,0,1,0,0,469,102018,146
1,box,72,qpPlain,1,1,0.00396562,469,6,5.70867,470,470,0,0.0101382,0.00249477,0,0,0.012172,0,1,1,6,0,0,0,1,0,0,469,160867,469
1,box,72,qpAdaptive,1,1,0.000562301,58,6,5.70713,315,315,0,0.0100781,0.00249477,0,0,0.0983987,1,1,1,6,0,0,0,0,0.931034,0.0689655,58,13695,37
1,box,72,qpFreeGate,1,1,0.028092,5541,30,16.7109,1689,1689,0,0.00640681,0.00249477,0,0,0.00616658,0,29,17,1.03448,0,0,0,1,0,0,0,0,0
1,box,72,qpFreeEnvelope,1,1,0.00791729,684,38,22.4115,1207,1207,0,0.00148696,0.00249477,0,0,0.0744498,0.921053,63,27,0.603175,0,0,0,0.0716374,0.815789,0.112573,0,0,0
1,box,72,qpEnvelope,1,1,0.000328705,30,6,5.70402,300,300,0,0.0100629,0.00249477,0,0,0.190134,0.966667,1,1,6,0,0,0,0,0.866667,0.133333,30,7109,20
1,box,96,isSafe,1,1,0.00552333,2157,13,9.00784,6,452,0,0.0538346,0.00249477,0,0,0,0,19,9,0.684211,0,0,0,0,0,0,0,0,0
1,box,96,qpFixed,1,1,0.00770958,945,10,9.93592,683,683,0,0.00186743,0.00249477,0,0,0.0138088,0,3,3,3.33333,0,0,0,1,0,0,945,231148,550
1,box,96,qpPlain,1,1,0.00835591,945,10,9.93592,683,683,0,0.00186743,0.00249477,0,0,0.0138088,0,3,3,3.33333,0,0,0,1,0,0,945,324135,945
1,box,96,qpAdaptive,1,1,0.003438,386,10,9.93222,593,593,0,0.00166462,0.00249477,0,0,0.0337769,0.406736,3,3,3.33333,0,0,0,0.588083,0.388601,0.0233161,386,97421,311
1,box,96,qpFreeGate,1,1,0.0147727,2960,19,16.8521,1365,1365,0,0.0108862,0.00249477,0,0,0.00699261,0,13,9,1.46154,0,0,0,1,0,0,0,0,0
1,box,96,qpFreeEnvelope,1,1,0.00211443,143,19,12.9045,665,665,0,0.00526436,0.00249477,0,0,0.188294,0.986014,15,11,1.26667,0,0,0,0,0.804196,0.195804,0,0,0
1,box,96,qpEnvelope,1,1,0.00241528,262,10,9.91087,551,551,0,0.00136798,0.00249477,0,0,0.0496408,0.19084,3,3,3.33333,0,0,0,0.805344,0.160305,0.0343511,262,65141,236
1,table_pick,20,isSafe,1,1,0.00763596,1985,11,4.09385,4,206,0,0.00559519,0.00249477,0,0,0,0,20,7,0.55,0,0,0,0,0,0,0,0,0
1,table_pick,20,qpFixed,1,1,0.00331868,346,5,5.25904,347,347,0,0.00727606,0.00249477,0,0,0.0151995,0,1,1,5,0,0,0,1,0,0,346,75159,37
1,table_pick,20,qpPlain,1,1,0.00381093,346,5,5.25904,347,347,0,0.00727606,0.00249477,0,0,0.0151995,0,1,1,5,0,0,0,1,0,0,346,118678,346
1,table_pick,20,qpAdaptive,1,1,0.000418954,39,5,5.25975,283,283,0,0.00727606,0.00249477,0,0,0.134865,0.74359,1,1,5,0,0,0,0.25641,0.666667,0.0769231,39,10112,19
1,table_pick,20,qpFreeGate,1,1,0.015864,2556,13,3.82118,353,353,0,0.00550392,0.00249477,0,0,0.00697582,0,20,9,0.65,0,0,0,1,0,0,0,0,0
1,table_pick,20,qpFreeEnvelope,1,1,0.00283678,163,13,3.82287,203,203,0,0.00550813,0.00249477,0,0,0.111042,0.969325,20,9,0.65,0,0,0,0.00613497,0.858896,0.134969,0,0,0
1,table_pick,20,qpEnvelope,1,1,0.000320672,24,5,5.26032,275,275,0,0.00730264,0.00249477,0,0,0.21918,0.833333,1,1,5,0,0,0,0.166667,0.708333,0.125,24,6221,14
1,table_pick,44,isSafe,1,1,0.00500072,1335,9,6.88451,5,346,0,0.0021945,0.00249477,0,0,0,0,10,5,0.9,0,0,0,0,0,0,0,0,0
1,table_pick,44,qpFixed,1,1,0.00532497,542,6,6.13435,543,543,0,0.00617344,0.00249477,0,0,0.011318,0,1,1,6,0,0,0,1,0,0,542,115813,103
1,table_pick,44,qpPlain,1,1,0.00589611,542,6,6.13435,543,543,0,0.00617344,0.00249477,0,0,0.011318,0,1,1,6,0,0,0,1,0,0,542,185906,542
1,table_pick,44,qpAdaptive,1,1,0.000750636,70,6,6.14142,344,344,0,0.00620261,0.00249477,0,0,0.0877345,0.871429,1,1,6,0,0,0,0.128571,0.814286,0.0571429,70,16562,49
1,table_pick,44,qpFreeGate,1,1,0.061819,9776,38,8.64857,649,649,0,0.00703669,0.00249477,0,0,0.0065233,0,74,34,0.513514,0,0,0,1,0,0,0,0,0
1,table_pick,44,qpFreeEnvelope,1,1,0.0107153,590,37,8.76814,464,464,0,0.00713348,0.00249477,0,0,0.106449,0.969492,74,33,0.5,0,0,0,0.0238095,0.845238,0.130952,0,0,0
1,table_pick,44,qpEnvelope,1,1,0.000445792,34,6,6.15636,325,325,0,0.00614326,0.00249477,0,0,0.181069,1,1,1,6,0,0,0,0,0.882353,0.117647,34,8033,25
1,table_pick,68,isSafe,1,1,0.00414057,1101,8,8.76886,6,440,0,0.00333636,0.00249477,0,0,0,0,6,3,1.33333,0,0,0,0,0,0,0,0,0
1,table_pick,68,qpFixed,1,1,0.00695282,690,7,7.56148,691,691,0,0.006057,0.00249477,0,0,0.0109587,0,1,1,7,0,0,0,1,0,0,690,156987,102
1,table_pick,68,qpPlain,1,1,0.0075453,690,7,7.56148,691,691,0,0.006057,0.00249477,0,0,0.0109587,0,1,1,7,0,0,0,1,0,0,690,236670,690
1,table_pick,68,qpAdaptive,1,1,0.000879916,70,7,7.56592,416,416,0,0.00613521,0.00249477,0,0,0.108085,0.842857,1,1,7,0,0,0,0.157143,0.771429,0.0714286,70,19164,42
1,table_pick,68,qpFreeGate,1,1,0.00750869,1195,9,9.5478,808,808,0,0.00331163,0.00249477,0,0,0.00968279,0,6,4,1.5,0,0,0,1,0,0,0,0,0
1,table_pick,68,qpFreeEnvelope,1,1,0.00117502,72,9,9.68489,505,505,0,0.00332601,0.00249477,0,0,0.164019,0.958333,6,4,1.5,0,0,0,0.0416667,0.833333,0.125,0,0,0
1,table_pick,68,qpEnvelope,1,1,0.000442853,32,7,7.57644,394,394,0,0.00607159,0.00249477,0,0,0.236764,1,1,1,7,0,0,0,0,0.84375,0.15625,32,8710,20
1,table_pick,92,isSafe,1,1,0.0221782,5789,29,17.3324,10,868,0,0.00335445,0.00249477,0,0,0,0,71,25,0.408451,0,0,0,0,0,0,0,0,0
1,table_pick,92,qpFixed,1,1,0.00382301,374,5,5.22819,375,375,0,0.0073707,0.00249477,0,0,0.0139791,0,1,1,5,0,0,0,1,0,0,374,92154,75
1,table_pick,92,qpPlain,1,1,0.00399627,374,5,5.22819,375,375,0,0.0073707,0.00249477,0,0,0.0139791,0,1,1,5,0,0,0,1,0,0,374,128282,374
1,table_pick,92,qpAdaptive,1,1,0.000700903,61,5,5.22764,290,290,0,0.0073707,0.00249477,0,0,0.085699,0.852459,1,1,5,0,0,0,0.147541,0.803279,0.0491803,61,14896,35
1,table_pick,92,qpFreeGate,1,1,0.0221968,3586,18,11.5073,887,887,0,0.00276564,0.00249477,0,0,0.00720587,0,25,13,0.72,0,0,0,1,0,0,0,0,0
1,table_pick,92,qpFreeEnvelope,1,1,0.00358838,200,17,11.507,600,600,0,0.00279978,0.00249477,0,0,0.128995,0.995,25,12,0.68,0,0,0,0,0.865,0.135,0,0,0
1,table_pick,92,qpEnvelope,1,1,0.000509513,34,5,5.23138,277,277,0,0.00735205,0.00249477,0,0,0.153864,0.911765,1,1,5,0,0,0,0.0882353,0.823529,0.0882353,34,8198,22
1,cage,16,isSafe,1,1,0.0354231,12694,65,20.343,12,1019,0,0.00609256,0.00249477,0,0,0,0,336,61,0.193452,0,0,0,0,0,0,0,0,0
1,cage,16,qpFixed,1,1,0.315789,32439,141,20.7919,1824,1824,0,1.24542e-05,0.00249477,0,0,0.00838715,0,136,86,1.03676,0,0,0,1,0,0,32430,8940838,30120
1,cage,16,qpPlain,1,1,0.323894,32439,141,20.7919,1824,1824,0,1.24542e-05,0.00249477,0,0,0.00838715,0,136,86,1.03676,0,0,0,1,0,0,32430,11123490,32430
1,cage,16,qpAdaptive,1,1,0.222323,21480,143,20.8427,1474,1474,0,6.26437e-06,0.00249477,0,0,0.0127572,0.317225,136,86,1.05147,0,0,0,0.680592,0.314424,0.00498347,21472,5888375,21138
1,cage,16,qpFreeGate,1,1,0.386847,72281,129,17.8028,1881,1881,0,0.00688377,0.00249477,0,0,0.00333059,0,518,123,0.249035,0,0,0,1,0,0,0,0,0
1,cage,16,qpFreeEnvelope,1,1,0.0856268,6260,231,19.6091,1055,1055,0,0.000200042,0.00237722,0,0,0.0668329,0.949361,874,217,0.264302,0,0,0,0.0220861,0.846365,0.131549,0,0,0
1,cage,16,qpEnvelope,1,1,0.173636,15938,148,20.9595,1346,1346,0,3.58852e-06,0.00249477,0,0,0.0173512,0.329339,136,86,1.08824,0,0,0,0.668487,0.322348,0.0091651,15930,4304509,15781
1,cage,40,isSafe,1,1,0.0424826,15296,77,18.8915,11,946,0,0.00353135,0.00249477,0,0,0,0,342,73,0.225146,0,0,0,0,0,0,0,0,0
1,cage,40,qpFixed,1,1,0.0246044,2719,27,19.1023,1517,1517,0,0.00189832,0.00182271,0,0,0.0111924,0,7,7,3.85714,0,0,0,1,0,0,2718,763476,1911
1,cage,40,qpPlain,1,1,0.0252208,2719,27,19.1023,1517,1517,0,0.00189832,0.00182271,0,0,0.0111924,0,7,7,3.85714,0,0,0,1,0,0,2718,932274,2718
1,cage,40,qpAdaptive,1,1,0.0164545,1565,24,13.9377,882,882,0,0.00319739,0.00249477,0,0,0.018428,0.291374,8,8,3,0,0,0,0.704604,0.285166,0.0102302,1564,474973,1454
1,cage,40,qpFreeGate,1,1,1.3484,243782,540,19.1719,1954,1954,0,0.00329596,0.00249477,0,0,0.00369164,0,1992,532,0.271084,0,0,0,1,0,0,0,0,0
1,cage,40,qpFreeEnvelope,1,1,0.116445,8342,345,23.2562,1231,1231,0,0.000368607,2.27922e-05,0,0,0.068147,0.937425,1193,332,0.289187,0,0,0,0.0242395,0.865107,0.110653,0,0,0
1,cage,40,qpEnvelope,1,1,0.00940305,826,24,13.8426,784,784,0,0.00271246,0.00249477,0,0,0.034068,0.443099,8,8,3,0,0,0,0.549091,0.424242,0.0266667,825,248786,785
1,cage,64,isSafe,1,1,0.0439135,15155,78,8.17249,6,410,0,0.00952198,0.00249477,0,0,0,0,292,74,0.267123,0,0,0,0,0,0,0,0,0
1,cage,64,qpFixed,1,1,0.174546,18645,89,20.7507,1918,1918,0,3.35487e-05,0.00249477,0,0,0.00879087,0,75,54,1.18667,0,0,0,1,0,0,18639,4819281,15809
1,cage,64,qpPlain,1,1,0.18536,18645,89,20.7507,1918,1918,0,3.35487e-05,0.00249477,0,0,0.00879087,0,75,54,1.18667,0,0,0,1,0,0,18639,6393177,18639
1,cage,64,qpAdaptive,1,1,0.131001,11585,86,20.7904,1569,1569,0,3.34019e-05,0.00249477,0,0,0.0138049,0.295727,75,53,1.14667,0,0,0,0.702798,0.292019,0.00518224,11579,2993601,11185
1,cage,64,qpFreeGate,1,1,5.28044,988527,2200,12.101,1501,1501,0,0.00211936,0.00249477,0,0,0.00324817,0,8181,2155,0.268916,0,0,0,1,0,0,0,0,0
1,cage,64,qpFreeEnvelope,1,1,0.0688405,5135,254,20.8374,1118,1118,0,0.000865662,0.00249477,0,0,0.0797366,0.936904,757,233,0.335535,0,0,0,0.032803,0.8242,0.142997,0,0,0
1,cage,64,qpEnvelope,1,1,0.103508,9093,87,20.8928,1417,1417,0,3.22874e-05,0.00249477,0,0,0.0176343,0.206972,75,53,1.16,0,0,0,0.791878,0.200198,0.00792428,9087,2331582,8943
1,cage,88,isSafe,1,1,0.516583,191548,1169,20.5043,12,1027,0,0.00020054,0.00249477,0,0,0,0,6822,1165,0.171357,0,0,0,0,0,0,0,0,0
1,cage,88,qpFixed,1,1,0.2547,28199,144,31.4237,2774,2774,0,5.07891e-05,0.000510514,0,0,0.00876668,0,111,78,1.2973,0,0,0,1,0,0,28194,7573258,24224
1,cage,88,qpPlain,1,1,0.263555,28199,144,31.4237,2774,2774,0,5.07891e-05,0.000510514,0,0,0.00876668,0,111,78,1.2973,0,0,0,1,0,0,28194,9670542,28194
1,cage,88,qpAdaptive,1,1,0.183628,19123,145,31.4685,2278,2278,0,4.58844e-05,0.00046909,0,0,0.0129454,0.254353,111,78,1.30631,0,0,0,0.744272,0.250968,0.00475991,19118,5121927,18612
1,cage,88,qpFreeGate,1,1,1.85668,364558,790,20.3085,2226,2226,0,0.00337087,0.00249477,0,0,0.00359528,0,2704,764,0.29216,0,0,0,1,0,0,0,0,0
1,cage,88,qpFreeEnvelope,1,1,0.196665,15283,635,23.885,1248,1248,0,0.00228042,0.00249477,0,0,0.0678503,0.905712,2191,604,0.289822,0,0,0,0.0517572,0.831888,0.116354,0,0,0
1,cage,88,qpEnvelope,1,1,0.14626,14533,143,31.5619,2124,2124,0,4.12014e-05,0.000385785,0,0,0.0169524,0.172917,111,78,1.28829,0,0,0,0.825979,0.166036,0.00798513,14527,3875509,14324
1,bookshelf_tall,6,isSafe,1,1,0.0106027,2250,13,9.7909,6,491,0,0.00654072,0.00249477,0,0,0,0,22,9,0.590909,0,0,0,0,0,0,0,0,0
1,bookshelf_tall,6,qpFixed,1,1,0.00786316,590,6,6.76193,591,591,0,0.00612215,0.00249477,0,0,0.0114609,0,1,1,6,0,0,0,1,0,0,590,172669,199
1,bookshelf_tall,6,qpPlain,1,1,0.00752167,590,6,6.76193,591,591,0,0.00612215,0.00249477,0,0,0.0114609,0,1,1,6,0,0,0,1,0,0,590,202370,590
1,bookshelf_tall,6,qpAdaptive,1,1,0.00137378,106,6,6.76152,392,392,0,0.00612215,0.00249477,0,0,0.0637879,0.896226,1,1,6,0,0,0,0.103774,0.858491,0.0377358,106,32572,60
1,bookshelf_tall,6,qpFreeGate,1,1,0.0275706,3811,18,10.4149,1323,1323,0,0.00654072,0.00249477,0,0,0.00542897,0,18,9,1,0,0,0,1,0,0,0,0,0
1,bookshelf_tall,6,qpFreeEnvelope,1,1,0.00395032,183,22,11.1866,581,581,0,0.00654072,0.00249477,0,0,0.113224,0.972678,16,8,1.375,0,0,0,0.0163934,0.825137,0.15847,0,0,0
1,bookshelf_tall,6,qpEnvelope,1,1,0.000527635,27,6,6.76297,350,350,0,0.00618212,0.00249477,0,0,0.25048,1,1,1,6,0,0,0,0,0.851852,0.148148,27,8115,13
1,bookshelf_tall,32,isSafe,1,1,0.252685,52941,277,16.8753,10,845,0,0.000651429,0.00249477,0,0,0,0,1829,271,0.151449,0,0,0,0,0,0,0,0,0
1,bookshelf_tall,32,qpFixed,1,1,0.015822,1189,10,9.94762,789,789,0,0.00298976,0.00249477,0,0,0.0107536,0,3,3,3.33333,0,0,0,1,0,0,1189,356669,891
1,bookshelf_tall,32,qpPlain,1,1,0.0161446,1189,10,9.94762,789,789,0,0.00298976,0.00249477,0,0,0.0107536,0,3,3,3.33333,0,0,0,1,0,0,1189,407827,1189
1,bookshelf_tall,32,qpAdaptive,1,1,0.0211214,754,10,9.94574,688,688,0,0.0029893,0.00249477,0,0,0.016961,0.339523,3,3,3.33333,0,0,0,0.655172,0.339523,0.00530504,754,234412,643
1,bookshelf_tall,32,qpFreeGate,1,1,0.231008,31272,68,17.7088,2080,2080,0,0.00242613,0.0017463,0,0,0.00383092,0,204,62,0.333333,0,0,0,1,0,0,0,0,0
1,bookshelf_tall,32,qpFreeEnvelope,1,1,0.0154946,751,35,14.1941,751,751,0,0.00103362,2.25272e-05,0,0,0.074226,0.961385,84,30,0.416667,0,0,0,0.0266667,0.857333,0.116,0,0,0
1,bookshelf_tall,32,qpEnvelope,1,1,0.00667707,439,10,9.91575,571,571,0,0.00307934,0.00249477,0,0,0.0290732,0.271071,3,3,3.33333,0,0,0,0.728929,0.259681,0.0113895,439,136702,413
1,bookshelf_tall,56,isSafe,1,1,0.0135619,2836,16,7.05137,5,354,0,0.00699115,0.00249477,0,0,0,0,28,12,0.571429,0,0,0,0,0,0,0,0,0
1,bookshelf_tall,56,qpFixed,1,1,0.0157105,1227,9,6.3489,608,608,0,0.00162356,0.00249477,0,0,0.0100965,0,4,4,2.25,0,0,0,1,0,0,1227,327873,800
1,bookshelf_tall,56,qpPlain,1,1,0.0163132,1227,9,6.3489,608,608,0,0.00162356,0.00249477,0,0,0.0100965,0,4,4,2.25,0,0,0,1,0,0,1227,420861,1227
1,bookshelf_tall,56,qpAdaptive,1,1,0.00580172,408,9,6.37637,413,413,0,0.0016172,0.00249477,0,0,0.0303905,0.639706,4,4,2.25,0,0,0,0.357843,0.625,0.0171569,408,119442,359
1,bookshelf_tall,56,qpFreeGate,1,1,0.0339579,4654,28,9.17462,798,798,0,0.00711617,0.00249477,0,0,0.00750436,0,30,16,0.933333,0,0,0,1,0,0,0,0,0
1,bookshelf_tall,56,qpFreeEnvelope,1,1,0.00514258,239,24,9.21363,472,472,0,0.00709139,0.00249477,0,0,0.147815,0.983264,30,16,0.8,0,0,0,0.00420168,0.794118,0.201681,0,0,0
1,bookshelf_tall,56,qpEnvelope,1,1,0.00244939,149,9,6.49563,362,362,0,0.00144382,0.00249477,0,0,0.0840744,0.691275,4,4,2.25,0,0,0,0.302013,0.644295,0.0536913,149,43071,134
1,bookshelf_tall,81,isSafe,1,1,0.0320255,6668,35,16.4036,10,822,0,7.14679e-05,0.00249477,0,0,0,0,94,31,0.37234,0,0,0,0,0,0,0,0,0
1,bookshelf_tall,81,qpFixed,1,1,0.0163791,1260,13,13.0306,1031,1031,0,0.000342515,0.00249477,0,0,0.0109464,0,3,3,4.33333,0,0,0,1,0,0,1260,369065,710
1,bookshelf_tall,81,qpPlain,1,1,0.0168954,1260,13,13.0306,1031,1031,0,0.000342515,0.00249477,0,0,0.0109464,0,3,3,4.33333,0,0,0,1,0,0,1260,432180,1260
1,bookshelf_tall,81,qpAdaptive,1,1,0.0065797,461,13,13.0392,793,793,0,0.000316787,0.00249477,0,0,0.0299098,0.403471,3,3,4.33333,0,0,0,0.59436,0.383948,0.021692,461,141275,426
1,bookshelf_tall,81,qpFreeGate,1,1,0.118797,16035,54,13.6187,1095,1095,0,0.00694663,0.00249477,0,0,0.00571931,0,126,50,0.428571,0,0,0,1,0,0,0,0,0
1,bookshelf_tall,81,qpFreeEnvelope,1,1,0.0182037,834,54,13.6827,707,707,0,0.00694796,0.00249477,0,0,0.112187,0.961631,126,50,0.428571,0,0,0,0.0120192,0.808894,0.179087,0,0,0
1,bookshelf_tall,81,qpEnvelope,1,1,0.000851286,54,6,7.16754,389,389,0,0.00681839,0.00249477,0,0,0.132732,0.944444,1,1,6,0,0,0,0.0555556,0.87037,0.0740741,54,16751,43
1,bookshelf_thin,7,isSafe,1,1,0.085498,12898,62,21.6907,13,1086,0,0.000383886,0.00154616,0,0,0,0,203,57,0.305419,0,0,0,0,0,0,0,0,0
1,bookshelf_thin,7,qpFixed,1,1,0.00704787,443,6,6.36501,444,444,0,0.00384889,0.00249477,0,0,0.014368,0,1,1,6,0,0,0,1,0,0,443,122334,135
1,bookshelf_thin,7,qpPlain,1,1,0.00726556,443,6,6.36501,444,444,0,0.00384889,0.00249477,0,0,0.014368,0,1,1,6,0,0,0,1,0,0,443,151949,443
1,bookshelf_thin,7,qpAdaptive,1,1,0.00291498,163,6,6.36501,383,383,0,0.00384889,0.00249477,0,0,0.0390491,0.159509,1,1,6,0,0,0,0.834356,0.141104,0.0245399,163,49922,135
1,bookshelf_thin,7,qpFreeGate,1,1,0.235182,25906,63,13.2121,1053,1053,0,0.000821881,0.00249477,0,0,0.00410238,0,175,58,0.36,0,0,0,1,0,0,0,0,0
1,bookshelf_thin,7,qpFreeEnvelope,1,1,0.0375785,1429,60,11.2832,593,593,0,0.000418749,0.000948348,0,0,0.0706068,0.973408,170,56,0.352941,0,0,0,0.011955,0.860056,0.127989,0,0,0
1,bookshelf_thin,7,qpEnvelope,1,1,0.00201776,106,6,6.36712,368,368,0,0.00390017,0.00249477,0,0,0.0600671,0.386792,1,1,6,0,0,0,0.613208,0.349057,0.0377358,106,32626,95
1,bookshelf_thin,31,isSafe,1,1,0.0468419,7233,38,22.1077,13,1107,0,0.00819298,0.00249477,0,0,0,0,106,33,0.358491,0,0,0,0,0,0,0,0,0
1,bookshelf_thin,31,qpFixed,1,1,0.0406633,2406,15,13.7855,1169,1169,0,0.000220279,0.00249477,0,0,0.0093627,0,7,5,2.14286,0,0,0,1,0,0,2406,720859,1978
1,bookshelf_thin,31,qpPlain,1,1,0.0410322,2406,15,13.7855,1169,1169,0,0.000220279,0.00249477,0,0,0.0093627,0,7,5,2.14286,0,0,0,1,0,0,2406,825258,2406
1,bookshelf_thin,31,qpAdaptive,1,1,0.0247974,1408,14,13.8077,989,989,0,0.000220599,0.00249477,0,0,0.0154679,0.227273,7,4,2,0,0,0,0.772017,0.221591,0.00639205,1408,425752,1358
1,bookshelf_thin,31,qpFreeGate,1,1,0.0649663,7399,27,17.7953,1201,1201,0,0.00472444,0.00249477,0,0,0.00600846,0,45,21,0.6,0,0,0,1,0,0,0,0,0
1,bookshelf_thin,31,qpFreeEnvelope,1,1,0.00951779,343,25,18.0154,925,925,0,0.00335564,0.00249477,0,0,0.124773,0.962099,45,19,0.555556,0,0,0,0.0175953,0.809384,0.173021,0,0,0
1,bookshelf_thin,31,qpEnvelope,1,1,0.0178085,962,15,13.8115,882,882,0,0.000246843,0.00249477,0,0,0.0231992,0.204782,7,5,2.14286,0,0,0,0.7921,0.196466,0.0114345,962,290918,944
1,bookshelf_thin,55,isSafe,1,1,0.0101437,1568,10,9.29717,6,466,0,0.00458895,0.00249477,0,0,0,0,12,6,0.833333,0,0,0,0,0,0,0,0,0
1,bookshelf_thin,55,qpFixed,1,1,0.0454463,2787,19,16.567,1451,1451,0,0.000266925,0.00249477,0,0,0.00998833,0,10,8,1.9,0,0,0,1,0,0,2787,656992,2166
1,bookshelf_thin,55,qpPlain,1,1,0.0475957,2787,19,16.567,1451,1451,0,0.000266925,0.00249477,0,0,0.00998833,0,10,8,1.9,0,0,0,1,0,0,2787,955941,2787
1,bookshelf_thin,55,qpAdaptive,1,1,0.0304518,1768,20,16.5851,1284,1284,0,0.000268208,0.00249477,0,0,0.0157586,0.217195,10,8,2,0,0,0,0.781109,0.209842,0.00904977,1768,404297,1680
1,bookshelf_thin,55,qpFreeGate,1,1,0.0158691,1806,11,6.28926,475,475,0,0.00444295,0.00249477,0,0,0.0085515,0,12,7,0.916667,0,0,0,1,0,0,0,0,0
1,bookshelf_thin,55,qpFreeEnvelope,1,1,0.00251377,93,12,6.1551,319,319,0,0.00444915,0.00249477,0,0,0.167498,0.989247,12,7,1,0,0,0,0.0107527,0.763441,0.225806,0,0,0
1,bookshelf_thin,55,qpEnvelope,1,1,0.0234792,1314,21,16.6923,1160,1160,0,0.000289662,0.00249477,0,0,0.0212493,0.116438,10,8,2.1,0,0,0,0.879756,0.105784,0.0144597,1314,294527,1288
1,bookshelf_thin,80,isSafe,1,1,0.0955896,14771,68,9.74335,6,489,0,0.00649555,0.00249477,0,0,0,0,341,65,0.199413,0,0,0,0,0,0,0,0,0
1,bookshelf_thin,80,qpFixed,1,1,0.0094803,593,7,8.04021,594,594,0,0.00120754,0.00249477,0,0,0.0135585,0,1,1,7,0,0,0,1,0,0,593,158060,253
1,bookshelf_thin,80,qpPlain,1,1,0.020627,593,7,8.04021,594,594,0,0.00120754,0.00249477,0,0,0.0135585,0,1,1,7,0,0,0,1,0,0,593,203399,593
1,bookshelf_thin,80,qpAdaptive,1,1,0.00475821,269,7,8.04283,530,530,0,0.00120557,0.00249477,0,0,0.029899,0.230483,1,1,7,0,0,0,0.769517,0.219331,0.0111524,269,66768,243
1,bookshelf_thin,80,qpFreeGate,1,1,1.70297,187267,454,22.2589,1564,1564,0,0.00684764,0.00249477,0,0,0.00399957,0,1559,450,0.291212,0,0,0,1,0,0,0,0,0
1,bookshelf_thin,80,qpFreeEnvelope,1,1,0.292982,10531,438,22.3369,1146,1146,0,0.00684764,0.00249477,0,0,0.070343,0.968759,1559,434,0.280949,0,0,0,0.00651653,0.853953,0.13953,0,0,0
1,bookshelf_thin,80,qpEnvelope,1,1,0.00277721,154,7,8.04774,481,481,0,0.00109347,0.00249477,0,0,0.0522581,0.220779,1,1,7,0,0,0,0.779221,0.194805,0.025974,154,38320,142
1,table_under_pick,4,isSafe,1,1,0.00447694,1167,8,10.3498,7,519,0,0.00705673,0.00249477,0,0,0,0,17,3,0.470588,0,0,0,0,0,0,0,0,0
1,table_under_pick,4,qpFixed,1,1,0.0172777,1487,12,7.08099,579,579,0,0.00643351,0.00249477,0,0,0.0106624,0,4,4,3,0,0,0,1,0,0,1487,422920,1234
1,table_under_pick,4,qpPlain,1,1,0.0173567,1487,12,7.08099,579,579,0,0.00643351,0.00249477,0,0,0.0106624,0,4,4,3,0,0,0,1,0,0,1487,510041,1487
1,table_under_pick,4,qpAdaptive,1,1,0.0105829,860,12,7.08775,473,473,0,0.00642967,0.00249477,0,0,0.0184565,0.517442,4,4,3,0,0,0,0.476744,0.512791,0.0104651,860,247784,813
1,table_under_pick,4,qpFreeGate,1,1,0.02226,3475,14,16.4847,1448,1448,0,0.000275875,0.00249477,0,0,0.0062029,0,25,10,0.56,0,0,0,1,0,0,0,0,0
1,table_under_pick,4,qpFreeEnvelope,1,1,0.00469322,313,15,16.5151,871,871,0,0.000163126,0.00249477,0,0,0.0694263,0.853035,25,10,0.6,0,0,0,0.13738,0.785942,0.0766773,0,0,0
1,table_under_pick,4,qpEnvelope,1,1,0.00573608,423,12,7.10489,399,399,0,0.00564448,0.00249477,0,0,0.0376293,0.527187,4,4,3,0,0,0,0.460993,0.515366,0.0236407,423,122668,394
1,table_under_pick,28,isSafe,1,1,0.00821438,2129,13,14.3444,9,719,0,0.00251025,0.000524834,0,0,0,0,19,8,0.684211,0,0,0,0,0,0,0,0,0
1,table_under_pick,28,qpFixed,1,1,0.017886,1534,13,9.06359,656,656,0,0.00445059,0.000123552,0,0,0.0116498,0,4,4,3.25,0,0,0,1,0,0,1534,449119,1408
1,table_under_pick,28,qpPlain,1,1,0.017863,1534,13,9.06359,656,656,0,0.00445059,0.000123552,0,0,0.0116498,0,4,4,3.25,0,0,0,1,0,0,1534,526162,1534
1,table_under_pick,28,qpAdaptive,1,1,0.0150616,1239,13,9.06659,657,657,0,0.00448948,0.00012398,0,0,0.0144383,0.242938,4,4,3.25,0,0,0,0.753834,0.242131,0.00403551,1239,366026,1138
1,table_under_pick,28,qpFreeGate,1,1,0.0207721,3201,14,11.9242,1076,1076,0,0.00797253,0.00071916,0,0,0.0061964,0,17,9,0.823529,0,0,0,1,0,0,0,0,0
1,table_under_pick,28,qpFreeEnvelope,1,1,0.00923564,504,41,24.4782,1269,1269,0,0.000306196,5.754e-06,0,0,0.128114,0.859127,118,35,0.347458,0,0,0,0.0204918,0.856557,0.122951,0,0,0
1,table_under_pick,28,qpEnvelope,1,1,0.0074639,588,19,9.19774,528,528,0,0.00690669,0.000174639,0,0,0.0307225,0.156463,4,4,4.75,0,0,0,0.836735,0.134354,0.0289116,588,174484,550
1,table_under_pick,52,isSafe,1,1,0.00593345,1494,10,12.453,8,624,0,0.00212775,0.00249477,0,0,0,0,20,6,0.5,0,0,0,0,0,0,0,0,0
1,table_under_pick,52,qpFixed,1,1,0.00864976,761,8,8.93853,664,664,0,0.00361113,0.000378379,0,0,0.0125661,0,2,2,4,0,0,0,1,0,0,761,214403,618
1,table_under_pick,52,qpPlain,1,1,0.00866634,761,8,8.93853,664,664,0,0.00361113,0.000378379,0,0,0.0125661,0,2,2,4,0,0,0,1,0,0,761,261023,761
1,table_under_pick,52,qpAdaptive,1,1,0.00466808,399,8,8.96438,585,585,0,0.00364613,0.000329042,0,0,0.0240313,0.45614,2,2,4,0,0,0,0.541353,0.446115,0.0125313,399,115782,343
1,table_under_pick,52,qpFreeGate,1,1,0.0255802,3935,15,13.8153,1247,1247,0,0.00224862,0.00122751,0,0,0.00525062,0,20,9,0.75,0,0,0,1,0,0,0,0,0
1,table_under_pick,52,qpFreeEnvelope,1,1,0.00728551,434,27,19.4916,1043,1043,0,0.00194161,0.00111928,0,0,0.0737294,0.949309,49,15,0.55102,0,0,0,0.0324074,0.833333,0.134259,0,0,0
1,table_under_pick,52,qpEnvelope,1,1,0.00207422,167,11,9.07415,507,507,0,0.00380136,8.67613e-05,0,0,0.0572175,0.419162,2,2,5.5,0,0,0,0.562874,0.383234,0.0538922,167,47574,145
1,table_under_pick,77,isSafe,1,1,0.0115935,3007,16,13.7264,8,688,0,0.00788837,0.00041113,0,0,0,0,68,13,0.235294,0,0,0,0,0,0,0,0,0
1,table_under_pick,77,qpFixed,1,1,0.132604,11412,67,20.8262,1843,1843,0,0.000119076,0.00249477,0,0,0.00927573,0,40,33,1.675,0,0,0,1,0,0,11409,2960881,10832
1,table_under_pick,77,qpPlain,1,1,0.137823,11412,67,20.8262,1843,1843,0,0.000119076,0.00249477,0,0,0.00927573,0,40,33,1.675,0,0,0,1,0,0,11409,3913287,11409
1,table_under_pick,77,qpAdaptive,1,1,0.0991737,8081,67,20.828,1406,1406,0,0.000108848,0.00249477,0,0,0.0131129,0.274718,40,33,1.675,0,0,0,0.722917,0.272007,0.00507614,8077,2095583,7838
1,table_under_pick,77,qpFreeGate,1,1,0.0592064,9235,23,14.1508,1410,1410,0,0.00248346,0.00249477,0,0,0.00365098,0,73,16,0.315068,0,0,0,1,0,0,0,0,0
1,table_under_pick,77,qpFreeEnvelope,1,1,0.0116631,728,23,14.4391,812,812,0,0.000473556,0.00249477,0,0,0.0458414,0.960165,73,15,0.315068,0,0,0,0.0288858,0.863824,0.10729,0,0,0
1,table_under_pick,77,qpEnvelope,1,1,0.0602381,4704,54,19.4839,1188,1188,0,9.17814e-05,0.00249477,0,0,0.018178,0.215986,30,26,1.8,0,0,0,0.783099,0.208812,0.00808855,4698,1210530,4588
1,bookshelf_small,1,isSafe,1,1,0.0031145,1137,8,9.30837,6,467,0,0.00745058,0.00249477,0,0,0,0,2,2,4,0,0,0,0,0,0,0,0,0
1,bookshelf_small,1,qpFixed,1,1,0.00410631,480,7,7.04292,481,481,0,0.00745058,0.00249477,0,0,0.0146728,0,1,1,7,0,0,0,1,0,0,480,124381,284
1,bookshelf_small,1,qpPlain,1,1,0.00430629,480,7,7.04292,481,481,0,0.00745058,0.00249477,0,0,0.0146728,0,1,1,7,0,0,0,1,0,0,480,164640,480
1,bookshelf_small,1,qpAdaptive,1,1,0.00137334,156,7,7.05346,429,429,0,0.00745058,0.00249477,0,0,0.0452145,0.910256,1,1,7,0,0,0,0.0897436,0.878205,0.0320513,156,42460,108
1,bookshelf_small,1,qpFreeGate,1,1,0.0059445,1118,9,9.51595,747,747,0,0.00745058,0.00249477,0,0,0.0103779,0,3,3,3,0,0,0,1,0,0,0,0,0
1,bookshelf_small,1,qpFreeEnvelope,1,1,0.000891199,68,10,9.64368,504,504,0,0.00745058,0.00249477,0,0,0.168657,0.955882,3,3,3.33333,0,0,0,0.0294118,0.823529,0.147059,0,0,0
1,bookshelf_small,1,qpEnvelope,1,1,0.000604665,43,13,7.15865,381,381,0,0.00745058,0.00249477,0,0,0.16648,0.860465,1,1,13,0,0,0,0.0465116,0.697674,0.255814,43,12205,34
1,bookshelf_small,27,isSafe,1,1,0.236803,87645,464,13.2647,9,665,0,0.00407692,0.00180035,0,0,0,0,2796,460,0.165951,0,0,0,0,0,0,0,0,0
1,bookshelf_small,27,qpFixed,1,1,0.0209796,2201,19,11.8219,1070,1070,0,0.000776455,0.00249477,0,0,0.00977683,0,6,6,3.16667,0,0,0,1,0,0,2201,653629,1731
1,bookshelf_small,27,qpPlain,1,1,0.0212177,2201,19,11.8219,1070,1070,0,0.000776455,0.00249477,0,0,0.00977683,0,6,6,3.16667,0,0,0,1,0,0,2201,754943,2201
1,bookshelf_small,27,qpAdaptive,1,1,0.0130278,1237,19,11.8388,841,841,0,0.000767602,0.00249477,0,0,0.0174301,0.241714,6,6,3.16667,0,0,0,0.757478,0.232013,0.0105093,1237,380405,1183
1,bookshelf_small,27,qpFreeGate,1,1,0.175263,32639,86,14.8881,1302,1302,0,0.00467827,0.00249477,0,0,0.00438302,0,244,81,0.352459,0,0,0,1,0,0,0,0,0
1,bookshelf_small,27,qpFreeEnvelope,1,1,0.0226066,1619,80,15.3144,800,800,0,0.00178556,0.00249477,0,0,0.0848959,0.960469,244,76,0.327869,0,0,0,0.021118,0.816149,0.162733,0,0,0
1,bookshelf_small,27,qpEnvelope,1,1,0.0103221,926,21,11.8827,716,716,0,0.000682351,0.00249477,0,0,0.0234164,0.138229,6,6,3.5,0,0,0,0.858531,0.12311,0.0183585,926,284731,902
1,bookshelf_small,52,isSafe,1,1,0.0141402,5329,28,10.9606,7,550,0,0.00507592,0.00249477,0,0,0,0,96,25,0.291667,0,0,0,0,0,0,0,0,0
1,bookshelf_small,52,qpFixed,1,1,0.00566569,667,7,7.79993,668,668,0,0.00298391,0.00249477,0,0,0.011694,0,1,1,7,0,0,0,1,0,0,667,172918,218
1,bookshelf_small,52,qpPlain,1,1,0.00616285,667,7,7.79993,668,668,0,0.00298391,0.00249477,0,0,0.011694,0,1,1,7,0,0,0,1,0,0,667,228781,667
1,bookshelf_small,52,qpAdaptive,1,1,0.00263461,249,7,7.79999,515,515,0,0.00298391,0.00249477,0,0,0.0313253,0.257028,1,1,7,0,0,0,0.742972,0.240964,0.0160643,249,65433,212
1,bookshelf_small,52,qpFreeGate,1,1,0.0693782,13100,45,10.9606,762,762,0,0.00507592,0.00249477,0,0,0.00541353,0,96,41,0.46875,0,0,0,1,0,0,0,0,0
1,bookshelf_small,52,qpFreeEnvelope,1,1,0.0104192,710,45,10.9606,565,565,0,0.00507592,0.00249477,0,0,0.101356,0.970423,96,41,0.46875,0,0,0,0.00564972,0.84887,0.14548,0,0,0
1,bookshelf_small,52,qpEnvelope,1,1,0.00173937,154,7,7.81366,464,464,0,0.00298391,0.00249477,0,0,0.0507381,0.246753,1,1,7,0,0,0,0.753247,0.220779,0.025974,154,41252,140
1,bookshelf_small,76,isSafe,1,1,0.00215458,795,6,7.89776,5,396,0,0.00254013,0.00249477,0,0,0,0,1,1,6,0,0,0,0,0,0,0,0,0
1,bookshelf_small,76,qpFixed,1,1,0.00488315,630,6,7.89796,631,631,0,0.00680728,0.00249477,0,0,0.0125364,0,1,1,6,0,0,0,1,0,0,630,171343,18
1,bookshelf_small,76,qpPlain,1,1,0.00588711,630,6,7.89796,631,631,0,0.00680728,0.00249477,0,0,0.0125364,0,1,1,6,0,0,0,1,0,0,630,216090,630
1,bookshelf_small,76,qpAdaptive,1,1,0.000962279,117,6,7.89796,449,449,0,0.00680728,0.00249477,0,0,0.0675039,0.641026,1,1,6,0,0,0,0.358974,0.606838,0.034188,117,35770,18
1,bookshelf_small,76,qpFreeGate,1,1,0.00361944,682,7,7.90052,683,683,0,0.00251884,0.00249477,0,0,0.0115843,0,1,1,7,0,0,0,1,0,0,0,0,0
1,bookshelf_small,76,qpFreeEnvelope,1,1,0.000430181,28,7,7.90056,412,412,0,0.00252369,0.00249477,0,0,0.282163,1,1,1,7,0,0,0,0,0.821429,0.178571,0,0,0
1,bookshelf_small,76,qpEnvelope,1,1,0.000332332,20,6,7.89806,406,406,0,0.00818894,0.00249477,0,0,0.394903,1,1,1,6,0,0,0,0,0.8,0.2,20,5890,3
1,box,1,isSafe,1,1,0.0132482,5016,27,10.1714,7,510,0,0.0741934,0.00249477,0,0,0,0,81,23,0.333333,0,0,0,0,0,0,0,0,0
1,box,1,qpFixed,1,1,0.0144391,1697,14,10.8709,772,772,0,0.012879,0.00249477,0,0,0.0114021,0,5,5,2.8,0,0,0,1,0,0,1697,418573,1301
1,box,1,qpPlain,1,1,0.0157366,1697,14,10.8709,772,772,0,0.012879,0.00249477,0,0,0.0114021,0,5,5,2.8,0,0,0,1,0,0,1697,582071,1697
1,box,1,qpAdaptive,1,1,0.00692003,716,14,10.8796,639,639,0,0.012824,0.00249477,0,0,0.0270921,0.490223,5,5,2.8,0,0,0,0.50419,0.47905,0.0167598,716,185656,662
1,box,1,qpFreeGate,1,1,0.218057,40234,112,25.7056,2721,2721,0,0.00588483,0.000551056,0,0,0.00450607,0,247,98,0.453441,0,0,0,1,0,0,0,0,0
1,box,1,qpFreeEnvelope,1,1,0.0128818,1010,57,19.781,1058,1058,0,0.000119963,1.23693e-05,0,0,0.0829925,0.950495,114,47,0.5,0,0,0,0.0337302,0.837302,0.128968,0,0,0
1,box,1,qpEnvelope,1,1,0.00335816,309,14,10.9028,584,584,0,0.0114503,0.00249477,0,0,0.0630503,0.537217,5,5,2.8,0,0,0,0.462783,0.488673,0.0485437,309,81803,292
1,box,25,isSafe,1,1,0.0130942,5036,27,14.8429,9,744,0,0.00655614,0.000195767,0,0,0,0,86,23,0.313953,0,0,0,0,0,0,0,0,0
1,box,25,qpFixed,1,1,0.00481554,604,6,6.91443,605,605,0,0.00126559,0.00249477,0,0,0.0114477,0,1,1,6,0,0,0,1,0,0,604,139684,260
1,box,25,qpPlain,1,1,0.00536865,604,6,6.91443,605,605,0,0.00126559,0.00249477,0,0,0.0114477,0,1,1,6,0,0,0,1,0,0,604,207172,604
1,box,25,qpAdaptive,1,1,0.00151435,147,6,6.91658,406,406,0,0.00115643,0.00249477,0,0,0.0470516,0.544218,1,1,6,0,0,0,0.442177,0.530612,0.0272109,147,36968,117
1,box,25,qpFreeGate,1,1,0.0158621,3053,20,14.4487,1447,1447,0,0.00285322,0.00249477,0,0,0.00740177,0,13,9,1.53846,0,0,0,1,0,0,0,0,0
1,box,25,qpFreeEnvelope,1,1,0.00224169,170,25,15.2981,798,798,0,0.00107916,0.00249477,0,0,0.143713,0.935294,13,11,1.92308,0,0,0,0.0411765,0.776471,0.182353,0,0,0
1,box,25,qpEnvelope,1,1,0.000827383,88,6,6.91811,383,383,0,0.000745352,0.00249477,0,0,0.0786149,0.375,1,1,6,0,0,0,0.613636,0.340909,0.0454545,88,22231,70
1,box,49,isSafe,1,1,0.0166104,6326,33,10.8812,7,546,0,0.0297752,0.00249477,0,0,0,0,107,28,0.308411,0,0,0,0,0,0,0,0,0
1,box,49,qpFixed,1,1,0.00386669,469,6,5.87068,470,470,0,0.00374918,0.00249477,0,0,0.0125174,0,1,1,6,0,0,0,1,0,0,469,121077,208
1,box,49,qpPlain,1,1,0.00427893,469,6,5.87068,470,470,0,0.00374918,0.00249477,0,0,0.0125174,0,1,1,6,0,0,0,1,0,0,469,160867,469
1,box,49,qpAdaptive,1,1,0.00099175,110,6,5.87606,347,347,0,0.00357026,0.00249477,0,0,0.0534187,0.672727,1,1,6,0,0,0,0.318182,0.645455,0.0363636,110,31286,95
1,box,49,qpFreeGate,1,1,0.0965569,18264,68,11.027,1223,1223,0,0.0134536,0.00249477,0,0,0.00508661,0,103,46,0.660194,0,0,0,1,0,0,0,0,0
1,box,49,qpFreeEnvelope,1,1,0.00941604,740,53,8.07126,430,430,0,0.0114056,0.00249477,0,0,0.0834891,0.939189,70,30,0.757143,0,0,0,0.0406504,0.819783,0.139566,0,0,0
1,box,49,qpEnvelope,1,1,0.000747189,59,6,5.88938,323,323,0,0.00309845,0.00249477,0,0,0.09982,0.728814,1,1,6,0,0,0,0.254237,0.677966,0.0677966,59,16772,52
1,box,73,isSafe,1,1,0.00481044,1900,11,13.3867,8,671,0,0.0191864,0.00249477,0,0,0,0,48,8,0.229167,0,0,0,0,0,0,0,0,0
1,box,73,qpFixed,1,1,0.0476557,5270,66,28.4577,2327,2327,0,0.00047653,0.00249477,0,0,0.0114597,0,18,18,3.66667,0,0,0,1,0,0,5270,1299188,4989
1,box,73,qpPlain,1,1,0.0503027,5270,66,28.4577,2327,2327,0,0.00047653,0.00249477,0,0,0.0114597,0,18,18,3.66667,0,0,0,1,0,0,5270,1807610,5270
1,box,73,qpAdaptive,1,1,0.0377909,3880,71,25.4103,1727,1727,0,0.000476564,0.000373574,0,0,0.0167117,0.295103,20,19,3.55,0,0,0,0.698969,0.285567,0.0154639,3880,949145,3804
1,box,73,qpFreeGate,1,1,0.0522966,10197,29,14.8927,1327,1327,0,0.00903856,0.00249477,0,0,0.00470055,0,58,23,0.5,0,0,0,1,0,0,0,0,0
1,box,73,qpFreeEnvelope,1,1,0.00754507,602,31,13.9925,738,738,0,0.00536475,0.00249477,0,0,0.0758633,0.948505,58,25,0.534483,0,0,0,0.0382696,0.833611,0.12812,0,0,0
1,box,73,qpEnvelope,1,1,0.0245403,2348,70,25.3772,1552,1552,0,0.000475945,0.000450134,0,0,0.027701,0.250852,20,19,3.5,0,0,0,0.744463,0.224872,0.0306644,2348,565777,2311
1,box,97,isSafe,1,1,0.00544262,2109,13,12.2065,8,612,0,0.0158339,0.00249477,0,0,0,0,28,9,0.464286,0,0,0,0,0,0,0,0,0
1,box,97,qpFixed,1,1,0.0032128,395,6,6.4108,396,396,0,0.0162897,0.00249477,0,0,0.0162299,0,1,1,6,0,0,0,1,0,0,395,109774,104
1,box,97,qpPlain,1,1,0.00360918,395,6,6.4108,396,396,0,0.0162897,0.00249477,0,0,0.0162299,0,1,1,6,0,0,0,1,0,0,395,135485,395
1,box,97,qpAdaptive,1,1,0.000684582,65,6,6.40951,346,346,0,0.0161515,0.00249477,0,0,0.0986078,0.769231,1,1,6,0,0,0,0.230769,0.707692,0.0615385,65,19026,37
1,box,97,qpFreeGate,1,1,0.0439808,8352,29,13.8321,1471,1471,0,0.00379065,0.00249477,0,0,0.00531536,0,50,20,0.58,0,0,0,1,0,0,0,0,0
1,box,97,qpFreeEnvelope,1,1,0.00816635,499,35,18.1501,949,949,0,0.00407119,0.00176438,0,0,0.0921772,0.983968,52,22,0.673077,0,0,0,0.00601202,0.837675,0.156313,0,0,0
1,box,97,qpEnvelope,1,1,0.000402014,29,6,6.40927,335,335,0,0.0163086,0.00249477,0,0,0.221009,1,1,1,6,0,0,0,0,0.862069,0.137931,29,8351,16
1,table_pick,21,isSafe,1,1,0.0156465,4006,21,7.49849,5,376,0,0.00191503,0.00249477,0,0,0,0,62,18,0.33871,0,0,0,0,0,0,0,0,0
1,table_pick,21,qpFixed,1,1,0.0128761,1176,10,9.01626,797,797,0,0.00116411,0.00249477,0,0,0.0105046,0,3,3,3.33333,0,0,0,1,0,0,1175,293126,780
1,table_pick,21,qpPlain,1,1,0.0137479,1176,10,9.01626,797,797,0,0.00116411,0.00249477,0,0,0.0105046,0,3,3,3.33333,0,0,0,1,0,0,1175,403025,1175
1,table_pick,21,qpAdaptive,1,1,0.00587441,478,10,9.02857,554,554,0,0.00116411,0.00249477,0,0,0.0258268,0.307531,3,3,3.33333,0,0,0,0.689727,0.295597,0.0146751,477,124874,441
1,table_pick,21,qpFreeGate,1,1,0.0470609,7411,26,11.9184,860,860,0,0.00434188,0.00249477,0,0,0.00596327,0,57,21,0.45614,0,0,0,1,0,0,0,0,0
1,table_pick,21,qpFreeEnvelope,1,1,0.00891307,497,33,9.75095,517,517,0,0.00172408,0.00249477,0,0,0.105738,0.973843,66,27,0.5,0,0,0,0.0121457,0.825911,0.161943,0,0,0
1,table_pick,21,qpEnvelope,1,1,0.00345109,267,10,9.03899,510,510,0,0.0010514,0.00249477,0,0,0.0463822,0.2397,3,3,3.33333,0,0,0,0.759398,0.210526,0.0300752,266,69485,251
1,table_pick,45,isSafe,1,1,0.00386695,1010,7,5.41194,4,272,0,0.00240836,0.00249477,0,0,0,0,6,4,1.16667,0,0,0,0,0,0,0,0,0
1,table_pick,45,qpFixed,1,1,0.00242134,227,5,3.87669,228,228,0,0.00691217,0.00249477,0,0,0.0170779,0,1,1,5,0,0,0,1,0,0,227,52718,113
1,table_pick,45,qpPlain,1,1,0.00264949,227,5,3.87669,228,228,0,0.00691217,0.00249477,0,0,0.0170779,0,1,1,5,0,0,0,1,0,0,227,77861,227
1,table_pick,45,qpAdaptive,1,1,0.000450687,41,5,3.90293,213,213,0,0.00690855,0.00249477,0,0,0.0951935,0.682927,1,1,5,0,0,0,0.317073,0.609756,0.0731707,41,10740,31
1,table_pick,45,qpFreeGate,1,1,0.0270552,4231,18,5.06533,365,365,0,0.00558041,0.00249477,0,0,0.0064535,0,36,15,0.5,0,0,0,1,0,0,0,0,0
1,table_pick,45,qpFreeEnvelope,1,1,0.00117735,59,8,3.89597,213,213,0,0.00112335,0.00249477,0,0,0.136171,0.949153,6,4,1.33333,0,0,0,0.0508475,0.779661,0.169492,0,0,0
1,table_pick,45,qpEnvelope,1,1,0.000386332,26,5,3.9378,208,208,0,0.00690131,0.00249477,0,0,0.151454,0.576923,1,1,5,0,0,0,0.384615,0.5,0.115385,26,6829,20
1,table_pick,69,isSafe,1,1,0.0125745,3224,18,15.119,9,757,0,0.000306205,0.00249477,0,0,0,0,38,14,0.473684,0,0,0,0,0,0,0,0,0
1,table_pick,69,qpFixed,1,1,0.00782642,766,7,8.51533,767,767,0,0.00353916,0.00249477,0,0,0.0111166,0,1,1,7,0,0,0,1,0,0,766,199317,78
1,table_pick,69,qpPlain,1,1,0.00823678,766,7,8.51533,767,767,0,0.00353916,0.00249477,0,0,0.0111166,0,1,1,7,0,0,0,1,0,0,766,262738,766
1,table_pick,69,qpAdaptive,1,1,0.00119268,112,7,8.51535,484,484,0,0.00353799,0.00249477,0,0,0.0760299,0.508929,1,1,7,0,0,0,0.491071,0.464286,0.0446429,112,30528,64
1,table_pick,69,qpFreeGate,1,1,0.061183,9494,32,13.3489,1118,1118,0,0.00801059,0.00249477,0,0,0.00554816,0,64,28,0.5,0,0,0,1,0,0,0,0,0
1,table_pick,69,qpFreeEnvelope,1,1,0.0115319,657,52,19.3586,1029,1029,0,7.12767e-05,0.00249477,0,0,0.0857447,0.914764,66,31,0.787879,0,0,0,0.0670732,0.78811,0.144817,0,0,0
1,table_pick,69,qpEnvelope,1,1,0.000849329,50,7,8.51573,451,451,0,0.00335959,0.00249477,0,0,0.170315,0.58,1,1,7,0,0,0,0.42,0.48,0.1,50,13625,33
1,table_pick,93,isSafe,1,1,0.00883306,2219,13,11.4504,7,574,0,0.00516746,0.00249477,0,0,0,0,22,9,0.590909,0,0,0,0,0,0,0,0,0
1,table_pick,93,qpFixed,1,1,0.0140147,1236,10,9.18374,695,695,0,0.00606379,0.00249477,0,0,0.0113106,0,2,2,5,0,0,0,1,0,0,1236,316299,593
1,table_pick,93,qpPlain,1,1,0.0187393,1236,10,9.18374,695,695,0,0.00606379,0.00249477,0,0,0.0113106,0,2,2,5,0,0,0,1,0,0,1236,423948,1236
1,table_pick,93,qpAdaptive,1,1,0.00770132,591,10,9.18406,491,491,0,0.00606379,0.00249477,0,0,0.023655,0.142132,2,2,5,0,0,0,0.856176,0.135364,0.00846024,591,173728,559
1,table_pick,93,qpFreeGate,1,1,0.0375286,5587,21,13.7322,1185,1185,0,0.00799274,0.00249477,0,0,0.005551,0,33,15,0.636364,0,0,0,1,0,0,0,0,0
1,table_pick,93,qpFreeEnvelope,1,1,0.00487918,256,21,13.8056,719,719,0,0.00481609,0.00249477,0,0,0.127171,0.988281,33,15,0.636364,0,0,0,0.00390625,0.820312,0.175781,0,0,0
1,table_pick,93,qpEnvelope,1,1,0.00593943,427,10,9.18529,478,478,0,0.00600726,0.00249477,0,0,0.0327713,0.107728,2,2,5,0,0,0,0.892272,0.0936768,0.0140515,427,125452,414
1,cage,17,isSafe,1,1,0.0854292,30058,154,16.776,10,840,0,0.00356123,0.00249477,0,0,0,0,695,150,0.221583,0,0,0,0,0,0,0,0,0
1,cage,17,qpFixed,1,1,0.410808,42291,181,20.5089,1735,1735,0,0.000193747,0.00249477,0,0,0.00851597,0,187,115,0.967914,0,0,0,1,0,0,42254,11538208,36842
1,cage,17,qpPlain,1,1,0.423205,42291,181,20.5089,1735,1735,0,0.000193747,0.00249477,0,0,0.00851597,0,187,115,0.967914,0,0,0,1,0,0,42254,14493122,42254
1,cage,17,qpAdaptive,1,1,0.27381,25908,183,20.5215,1386,1386,0,0.00012787,0.00249477,0,0,0.0140199,0.305234,187,115,0.97861,0,0,0,0.692822,0.301612,0.00556608,25871,7051553,25050
1,cage,17,qpFreeGate,1,1,1.26013,227873,543,21.2026,2826,2826,0,0.00479207,0.000549353,0,0,0.00388992,0,1642,497,0.330694,0,0,0,1,0,0,0,0,0
1,cage,17,qpFreeEnvelope,1,1,0.227334,16229,677,24.1417,1279,1279,0,0.00174351,0.000415313,0,0,0.0685556,0.933699,2241,636,0.302097,0,0,0,0.0355567,0.832536,0.131908,0,0,0
1,cage,17,qpEnvelope,1,1,0.218369,19112,192,19.2137,1138,1138,0,9.73358e-05,0.00249477,0,0,0.0190155,0.230693,187,119,1.02674,0,0,0,0.767371,0.223766,0.00886255,19069,5181331,18847
1,cage,41,isSafe,1,1,0.88018,297467,1991,26.2609,16,1315,0,0.000360942,0.00249477,0,0,0,0,12171,1988,0.163586,0,0,0,0,0,0,0,0,0
1,cage,41,qpFixed,1,1,0.167888,17652,92,18.6604,1577,1577,0,0.000787122,0.00249477,0,0,0.00893337,0,73,51,1.26027,0,0,0,1,0,0,17644,4843581,15130
1,cage,41,qpPlain,1,1,0.170152,17652,92,18.6604,1577,1577,0,0.000787122,0.00249477,0,0,0.00893337,0,73,51,1.26027,0,0,0,1,0,0,17644,6051892,17644
1,cage,41,qpAdaptive,1,1,0.103685,10385,88,18.6891,1247,1247,0,0.000610911,0.00249477,0,0,0.0150321,0.356765,73,49,1.20548,0,0,0,0.641157,0.353157,0.00568675,10375,2835589,10035
1,cage,41,qpFreeGate,1,1,5.9021,1125826,2503,30.5734,3457,3457,0,0.00171344,0.00249477,0,0,0.00319367,0,9589,2458,0.261028,0,0,0,1,0,0,0,0,0
1,cage,41,qpFreeEnvelope,1,1,0.0851944,6864,282,19.5049,1073,1073,0,0.000996153,0.00249477,0,0,0.0688982,0.93648,866,262,0.325635,0,0,0,0.035929,0.847925,0.116146,0,0,0
1,cage,41,qpEnvelope,1,1,0.10073,9250,101,28.5607,1673,1673,0,1.0632e-05,0.000249779,0,0,0.019366,0.211027,81,57,1.24691,0,0,0,0.787577,0.204307,0.008116,9241,2525361,9090
1,cage,65,isSafe,1,1,1.06133,394877,2716,31.2404,18,1564,0,0.00630882,0.00249477,0,0,0,0,14908,2713,0.182184,0,0,0,0,0,0,0,0,0
1,cage,65,qpFixed,1,1,0.049828,5761,36,21.8937,1889,1889,0,6.37299e-05,0.00249477,0,0,0.00999906,0,19,16,1.89474,0,0,0,1,0,0,5761,1525676,4901
1,cage,65,qpPlain,1,1,0.051952,5761,36,21.8937,1889,1889,0,6.37299e-05,0.00249477,0,0,0.00999906,0,19,16,1.89474,0,0,0,1,0,0,5761,1976023,5761
1,cage,65,qpAdaptive,1,1,0.0308588,3315,36,21.9127,1552,1552,0,6.35031e-05,0.00249477,0,0,0.0174101,0.303167,19,16,1.89474,0,0,0,0.695324,0.296531,0.0081448,3315,895176,3182
1,cage,65,qpFreeGate,1,1,1.14042,229401,485,27.9874,3072,3072,0,0.00244388,0.00249477,0,0,0.00364596,0,1679,462,0.288862,0,0,0,1,0,0,0,0,0
1,cage,65,qpFreeEnvelope,1,1,0.409579,31165,1378,22.7445,1232,1232,0,0.00192755,0.00249477,0,0,0.0668154,0.932841,4996,1334,0.275821,0,0,0,0.0275409,0.833908,0.138551,0,0,0
1,cage,65,qpEnvelope,1,1,0.0762756,7739,101,19.8466,1154,1154,0,0.000187791,0.000112402,0,0,0.0212975,0.217341,67,51,1.50746,0,0,0,0.781109,0.208296,0.0105957,7739,2066997,7582
1,cage,89,isSafe,1,1,0.142574,54533,287,14.8803,9,746,0,0.00562199,0.00249477,0,0,0,0,1428,283,0.20098,0,0,0,0,0,0,0,0,0
1,cage,89,qpFixed,1,1,0.0639776,7461,46,17.4003,1278,1278,0,0.00185078,0.00249477,0,0,0.00977284,0,25,22,1.84,0,0,0,1,0,0,7461,1877968,6313
1,cage,89,qpPlain,1,1,0.0676622,7461,46,17.4003,1278,1278,0,0.00185078,0.00249477,0,0,0.00977284,0,25,22,1.84,0,0,0,1,0,0,7461,2559123,7461
1,cage,89,qpAdaptive,1,1,0.0383891,4169,46,17.4218,1049,1049,0,0.00181281,0.00249477,0,0,0.0175633,0.37467,25,22,1.84,0,0,0,0.621252,0.369873,0.00887503,4169,1068152,3956
1,cage,89,qpFreeGate,1,1,0.236201,47847,113,19.6233,2122,2122,0,0.00720631,0.00249477,0,0,0.00419358,0,309,98,0.365696,0,0,0,1,0,0,0,0,0
1,cage,89,qpFreeEnvelope,1,1,0.0410892,3310,151,31.7058,1664,1664,0,0.000790068,0.000803001,0,0,0.0735471,0.933837,384,127,0.393229,0,0,0,0.0463918,0.826258,0.12735,0,0,0
1,cage,89,qpEnvelope,1,1,0.0271159,2738,46,17.4859,932,932,0,0.0015913,0.00249477,0,0,0.0268804,0.258583,25,22,1.84,0,0,0,0.737765,0.245435,0.0168006,2738,703940,2645
1,bookshelf_tall,7,isSafe,1,1,0.0100316,2177,13,17.0904,10,856,0,0.00906695,0.00249477,0,0,0,0,23,8,0.565217,0,0,0,0,0,0,0,0,0
1,bookshelf_tall,7,qpFixed,1,1,0.0128445,1013,9,8.24668,661,661,0,0.00906695,0.00249477,0,0,0.0115942,0,2,2,4.5,0,0,0,1,0,0,1013,303025,647
1,bookshelf_tall,7,qpPlain,1,1,0.0131587,1013,9,8.24668,661,661,0,0.00906695,0.00249477,0,0,0.0115942,0,2,2,4.5,0,0,0,1,0,0,1013,347459,1013
1,bookshelf_tall,7,qpAdaptive,1,1,0.00585401,420,9,8.24366,515,515,0,0.00906695,0.00249477,0,0,0.0280124,0.728571,2,2,4.5,0,0,0,0.266667,0.716667,0.0166667,420,129589,347
1,bookshelf_tall,7,qpFreeGate,1,1,0.0247674,3458,16,15.5341,1435,1435,0,0.00361955,0.00249477,0,0,0.00607866,0,19,9,0.842105,0,0,0,1,0,0,0,0,0
1,bookshelf_tall,7,qpFreeEnvelope,1,1,0.00624686,298,21,13.9615,720,720,0,0.00906695,0.00249477,0,0,0.102889,0.966443,31,15,0.677419,0,0,0,0.023569,0.83165,0.144781,0,0,0
1,bookshelf_tall,7,qpEnvelope,1,1,0.00206402,112,9,8.23701,434,434,0,0.00906695,0.00249477,0,0,0.104946,0.732143,2,2,4.5,0,0,0,0.25,0.678571,0.0714286,112,34314,97
1,bookshelf_tall,33,isSafe,1,1,0.0482526,10258,46,12.0293,8,603,0,0.000260518,0.00249477,0,0,0,0,172,42,0.267442,0,0,0,0,0,0,0,0,0
1,bookshelf_tall,33,qpFixed,1,1,0.00389583,323,5,5.52848,324,324,0,0.00326106,0.00249477,0,0,0.017116,0,1,1,5,0,0,0,1,0,0,323,82128,65
1,bookshelf_tall,33,qpPlain,1,1,0.00406334,323,5,5.52848,324,324,0,0.00326106,0.00249477,0,0,0.017116,0,1,1,5,0,0,0,1,0,0,323,110789,323
1,bookshelf_tall,33,qpAdaptive,1,1,0.000837461,63,5,5.51838,307,307,0,0.00326106,0.00249477,0,0,0.0875933,0.730159,1,1,5,0,0,0,0.269841,0.68254,0.047619,63,18708,37
1,bookshelf_tall,33,qpFreeGate,1,1,0.0926984,12703,52,24.0993,2204,2204,0,0.00124069,0.00249477,0,0,0.00639086,0,119,46,0.436975,0,0,0,1,0,0,0,0,0
1,bookshelf_tall,33,qpFreeEnvelope,1,1,0.168809,8377,367,12.4772,658,658,0,0.000248738,0.00249477,0,0,0.0665631,0.738689,1310,362,0.280153,0,0,0,0.178231,0.741161,0.0806082,0,0,0
1,bookshelf_tall,33,qpEnvelope,1,1,0.000516862,32,5,5.53093,292,292,0,0.00326106,0.00249477,0,0,0.172842,0.75,1,1,5,0,0,0,0.25,0.65625,0.09375,32,9424,21
1,bookshelf_tall,57,isSafe,1,1,0.243856,49594,257,19.7985,11,991,0,0.00142019,0.00249477,0,0,0,0,1470,254,0.17483,0,0,0,0,0,0,0,0,0
1,bookshelf_tall,57,qpFixed,1,1,0.0189071,1414,13,13.0506,1240,1240,0,0.00145329,0.00249477,0,0,0.009868,0,3,3,4.33333,0,0,0,1,0,0,1414,418740,1194
1,bookshelf_tall,57,qpPlain,1,1,0.0188484,1414,13,13.0506,1240,1240,0,0.00145329,0.00249477,0,0,0.009868,0,3,3,4.33333,0,0,0,1,0,0,1414,485002,1414
1,bookshelf_tall,57,qpAdaptive,1,1,0.00945231,668,13,13.0749,884,884,0,0.00144263,0.00249477,0,0,0.0209251,0.573353,3,3,4.33333,0,0,0,0.416168,0.568862,0.0149701,668,204103,653
1,bookshelf_tall,57,qpFreeGate,1,1,0.401277,55385,138,10.0871,1164,1164,0,0.000664572,0.00249477,0,0,0.00436541,0,486,133,0.283951,0,0,0,1,0,0,0,0,0
1,bookshelf_tall,57,qpFreeEnvelope,1,1,0.0501111,2364,102,14.7466,789,789,0,0.00066347,0.00249477,0,0,0.0766263,0.959391,371,94,0.274933,0,0,0,0.00469484,0.852326,0.142979,0,0,0
1,bookshelf_tall,57,qpEnvelope,1,1,0.0048577,322,14,13.0745,763,763,0,0.00137264,0.00249477,0,0,0.0434073,0.425466,3,3,4.66667,0,0,0,0.568323,0.39441,0.0372671,322,98007,315
1,bookshelf_tall,82,isSafe,1,1,0.00935913,1956,12,13.0083,8,652,0,0.00245054,0.00249477,0,0,0,0,12,7,1,0,0,0,0,0,0,0,0,0
1,bookshelf_tall,82,qpFixed,1,1,0.0223946,1695,13,12.7774,1080,1080,0,0.000132018,0.00249477,0,0,0.011202,0,3,3,4.33333,0,0,0,1,0,0,1695,453329,1140
1,bookshelf_tall,82,qpPlain,1,1,0.0233914,1695,13,12.7774,1080,1080,0,0.000132018,0.00249477,0,0,0.011202,0,3,3,4.33333,0,0,0,1,0,0,1695,581385,1695
1,bookshelf_tall,82,qpAdaptive,1,1,0.0144803,914,13,12.7894,909,909,0,0.000137787,0.00249477,0,0,0.0208213,0.275711,3,3,4.33333,0,0,0,0.723195,0.270241,0.00656455,914,256129,875
1,bookshelf_tall,82,qpFreeGate,1,1,0.0192052,2610,21,13.3819,1149,1149,0,0.00245054,0.00249477,0,0,0.00821062,0,12,8,1.75,0,0,0,1,0,0,0,0,0
1,bookshelf_tall,82,qpFreeEnvelope,1,1,0.00266775,123,21,13.5194,707,707,0,0.000140269,0.00249477,0,0,0.176125,0.95122,12,8,1.75,0,0,0,0.00813008,0.780488,0.211382,0,0,0
1,bookshelf_tall,82,qpEnvelope,1,1,0.00842776,545,13,12.7663,829,829,0,0.000195718,0.00249477,0,0,0.0352573,0.236697,3,3,4.33333,0,0,0,0.761468,0.222018,0.0165138,545,155529,530
1,bookshelf_thin,8,isSafe,1,1,0.0671011,10238,48,11.1006,7,557,0,0.00426641,0.00249477,0,0,0,0,158,44,0.303797,0,0,0,0,0,0,0,0,0
1,bookshelf_thin,8,qpFixed,1,1,0.00687372,431,6,6.51313,432,432,0,0.000731973,0.00249477,0,0,0.0151117,0,1,1,6,0,0,0,1,0,0,431,95906,162
1,bookshelf_thin,8,qpPlain,1,1,0.00723536,431,6,6.51313,432,432,0,0.000731973,0.00249477,0,0,0.0151117,0,1,1,6,0,0,0,1,0,0,431,147833,431
1,bookshelf_thin,8,qpAdaptive,1,1,0.0031194,178,6,6.5129,390,390,0,0.000731973,0.00249477,0,0,0.0365893,0.241573,1,1,6,0,0,0,0.752809,0.224719,0.0224719,178,41211,155
1,bookshelf_thin,8,qpFreeGate,1,1,0.182991,20566,63,10.3188,764,764,0,0.00426641,0.00249477,0,0,0.00521459,0,158,59,0.398734,0,0,0,1,0,0,0,0,0
1,bookshelf_thin,8,qpFreeEnvelope,1,1,0.0352806,1397,63,8.97912,465,465,0,0.00426641,0.000132729,0,0,0.0782118,0.989979,158,59,0.398734,0,0,0,0,0.904968,0.0950324,0,0,0
1,bookshelf_thin,8,qpEnvelope,1,1,0.00273181,146,6,6.51997,383,383,0,0.000731973,0.00249477,0,0,0.0446573,0.150685,1,1,6,0,0,0,0.849315,0.123288,0.0273973,146,33617,134
1,bookshelf_thin,32,isSafe,1,1,0.130934,20391,103,19.9851,11,1001,0,9.31382e-05,0.00249477,0,0,0,0,356,100,0.289326,0,0,0,0,0,0,0,0,0
1,bookshelf_thin,32,qpFixed,1,1,0.0210309,1322,12,12.5951,955,955,0,0.00344674,0.00249477,0,0,0.01159,0,3,3,4,0,0,0,1,0,0,1322,341099,869
1,bookshelf_thin,32,qpPlain,1,1,0.0217373,1322,12,12.5951,955,955,0,0.00344674,0.00249477,0,0,0.01159,0,3,3,4,0,0,0,1,0,0,1322,453446,1322
1,bookshelf_thin,32,qpAdaptive,1,1,0.0092711,552,12,12.5855,772,772,0,0.00261165,0.00249477,0,0,0.0277273,0.469203,3,3,4,0,0,0,0.527174,0.452899,0.0199275,552,146086,500
1,bookshelf_thin,32,qpFreeGate,1,1,0.366923,41046,150,22.4898,1997,1997,0,0.000394231,0.000146026,0,0,0.00624154,0,395,145,0.379747,0,0,0,1,0,0,0,0,0
1,bookshelf_thin,32,qpFreeEnvelope,1,1,0.0675494,2597,148,22.5524,1184,1184,0,0.000145157,1.15698e-06,0,0,0.0992793,0.866384,395,143,0.374684,0,0,0,0.0646166,0.817828,0.117555,0,0,0
1,bookshelf_thin,32,qpEnvelope,1,1,0.00395154,212,12,12.596,684,684,0,0.00330111,0.00249477,0,0,0.0720817,0.448113,3,3,4,0,0,0,0.537736,0.40566,0.0566038,212,56457,201
1,bookshelf_thin,56,isSafe,1,1,0.0359307,5432,28,15.0442,9,754,0,0.00905482,0.00249477,0,0,0,0,90,24,0.311111,0,0,0,0,0,0,0,0,0
1,bookshelf_thin,56,qpFixed,1,1,0.00797815,499,6,7.10433,585,585,0,0.00400156,0.00249477,0,0,0.0142371,0,1,1,6,0,0,0,1,0,0,499,136040,239
1,bookshelf_thin,56,qpPlain,1,1,0.00825191,499,6,7.10433,585,585,0,0.00400156,0.00249477,0,0,0.0142371,0,1,1,6,0,0,0,1,0,0,499,171157,499
1,bookshelf_thin,56,qpAdaptive,1,1,0.00427883,245,6,7.11958,466,466,0,0.00400649,0.00249477,0,0,0.0290595,0.285714,1,1,6,0,0,0,0.710204,0.277551,0.0122449,245,69381,212
1,bookshelf_thin,56,qpFreeGate,1,1,0.1129,12896,41,16.7856,1443,1443,0,0.00903634,0.00249477,0,0,0.00515865,0,90,34,0.455556,0,0,0,1,0,0,0,0,0
1,bookshelf_thin,56,qpFreeEnvelope,1,1,0.0170527,602,39,17.0817,887,887,0,0.000454069,0.00249477,0,0,0.111502,0.978405,90,33,0.433333,0,0,0,0.00666667,0.808333,0.185,0,0,0
1,bookshelf_thin,56,qpEnvelope,1,1,0.00211873,107,6,7.13992,405,405,0,0.00384813,0.00249477,0,0,0.0667282,0.476636,1,1,6,0,0,0,0.514019,0.457944,0.0280374,107,30561,91
1,bookshelf_thin,81,isSafe,1,1,0.386993,60106,323,17.2673,11,865,0,0.00223673,0.00168956,0,0,0,0,1577,319,0.204819,0,0,0,0,0,0,0,0,0
1,bookshelf_thin,81,qpFixed,1,1,0.00698486,429,6,6.67838,434,434,0,0.00406773,0.000581379,0,0,0.0155673,0,1,1,6,0,0,0,1,0,0,429,119889,236
1,bookshelf_thin,81,qpPlain,1,1,0.00696062,429,6,6.67838,434,434,0,0.00406773,0.000581379,0,0,0.0155673,0,1,1,6,0,0,0,1,0,0,429,147147,429
1,bookshelf_thin,81,qpAdaptive,1,1,0.00302274,174,6,6.69095,405,405,0,0.00406773,0.000581379,0,0,0.0384538,0.477011,1,1,6,0,0,0,0.522989,0.454023,0.0229885,174,50066,155
1,bookshelf_thin,81,qpFreeGate,1,1,0.204419,22882,73,16.8841,1624,1624,0,0.00144566,0.000917664,0,0,0.00516239,0,179,63,0.407821,0,0,0,1,0,0,0,0,0
1,bookshelf_thin,81,qpFreeEnvelope,1,1,0.0193665,697,52,16.2491,843,843,0,0.00366022,0.000159304,0,0,0.112271,0.959828,96,38,0.541667,0,0,0,0.00581395,0.837209,0.156977,0,0,0
1,bookshelf_thin,81,qpEnvelope,1,1,0.00145615,82,6,6.70825,374,374,0,0.00405246,0.000725916,0,0,0.0818079,0.646341,1,1,6,0,0,0,0.353659,0.597561,0.0487805,82,23754,73
1,table_under_pick,5,isSafe,1,1,0.0100983,2690,14,17.0777,10,855,0,0.0077759,0.00249477,0,0,0,0,104,10,0.134615,0,0,0,0,0,0,0,0,0
1,table_under_pick,5,qpFixed,1,1,0.0182882,1615,10,10.0651,845,845,0,0.0015629,0.000545714,0,0,0.00929483,0,6,4,1.66667,0,0,0,1,0,0,1615,446967,1389
1,table_under_pick,5,qpPlain,1,1,0.0188462,1615,10,10.0651,845,845,0,0.0015629,0.000545714,0,0,0.00929483,0,6,4,1.66667,0,0,0,1,0,0,1615,553945,1615
1,table_under_pick,5,qpAdaptive,1,1,0.0136064,1140,10,10.0856,705,705,0,0.00100731,0.000532951,0,0,0.0131833,0.314912,6,4,1.66667,0,0,0,0.684211,0.312281,0.00350877,1140,304436,1014
1,table_under_pick,5,qpFreeGate,1,1,0.339011,53325,134,22.1446,1920,1920,0,0.00506421,0.00249477,0,0,0.00413971,0,468,128,0.286325,0,0,0,1,0,0,0,0,0
1,table_under_pick,5,qpFreeEnvelope,1,1,0.037725,2104,112,22.6065,1182,1182,0,0.00149472,0.00249477,0,0,0.0853247,0.928707,405,106,0.276543,0,0,0,0.01247,0.854197,0.133333,0,0,0
1,table_under_pick,5,qpEnvelope,1,1,0.00975448,769,10,10.1616,611,611,0,0.000350719,0.00132403,0,0,0.019606,0.16515,6,4,1.66667,0,0,0,0.83355,0.156047,0.0104031,769,199300,752
1,table_under_pick,29,isSafe,1,1,0.00371193,967,7,9.53812,6,478,0,0.00593645,0.00249477,0,0,0,0,5,3,1.4,0,0,0,0,0,0,0,0,0
1,table_under_pick,29,qpFixed,1,1,0.00854726,816,14,11.2198,760,760,0,0.00770565,0.00249477,0,0,0.014026,0,2,2,7,0,0,0,1,0,0,816,213094,370
1,table_under_pick,29,qpPlain,1,1,0.00896996,816,14,11.2198,760,760,0,0.00770565,0.00249477,0,0,0.014026,0,2,2,7,0,0,0,1,0,0,816,279888,816
1,table_under_pick,29,qpAdaptive,1,1,0.00155499,124,13,11.2081,619,619,0,0.00770565,0.00249477,0,0,0.0918135,0.91129,2,2,6.5,0,0,0,0.0806452,0.822581,0.0967742,124,33748,85
1,table_under_pick,29,qpFreeGate,1,1,0.00694374,1091,10,9.47862,740,740,0,0.00584068,0.00249477,0,0,0.00886264,0,5,4,2,0,0,0,1,0,0,0,0,0
1,table_under_pick,29,qpFreeEnvelope,1,1,0.00120262,70,8,9.33804,490,490,0,0.00586008,0.00249477,0,0,0.13559,1,5,4,1.6,0,0,0,0,0.857143,0.142857,0,0,0
1,table_under_pick,29,qpEnvelope,1,1,0.00086535,60,12,11.1816,591,591,0,0.00770565,0.00249477,0,0,0.188841,0.933333,2,2,6,0,0,0,0.05,0.766667,0.183333,60,16335,40
1,table_under_pick,53,isSafe,1,1,0.0102596,2693,15,15.7773,9,790,0,0.0078375,0.00249477,0,0,0,0,36,10,0.416667,0,0,0,0,0,0,0,0,0
1,table_under_pick,53,qpFixed,1,1,0.00786859,724,7,9.23803,725,725,0,0.00116484,0.00228126,0,0,0.0127597,0,1,1,7,0,0,0,1,0,0,724,212956,357
1,table_under_pick,53,qpPlain,1,1,0.0079397,724,7,9.23803,725,725,0,0.00116484,0.00228126,0,0,0.0127597,0,1,1,7,0,0,0,1,0,0,724,248332,724
1,table_under_pick,53,qpAdaptive,1,1,0.00344974,296,7,9.2378,594,594,0,0.00116406,0.00228054,0,0,0.0312088,0.47973,1,1,7,0,0,0,0.516892,0.469595,0.0135135,296,87309,246
1,table_under_pick,53,qpFreeGate,1,1,0.0403034,6321,16,14.3559,1236,1236,0,0.00729576,0.00249477,0,0,0.00398305,0,51,11,0.313725,0,0,0,1,0,0,0,0,0
1,table_under_pick,53,qpFreeEnvelope,1,1,0.00726061,421,15,14.5089,763,763,0,0.00730316,0.00249477,0,0,0.0593779,0.985748,51,10,0.294118,0,0,0,0,0.87619,0.12381,0,0,0
1,table_under_pick,53,qpEnvelope,1,1,0.0021044,151,7,9.23476,527,527,0,0.00114635,0.00224879,0,0,0.0611574,0.410596,1,1,7,0,0,0,0.589404,0.384106,0.0264901,151,45485,135
1,table_under_pick,78,isSafe,1,1,0.0066765,1757,11,14.9032,9,747,0,0.00546686,0.00249477,0,0,0,0,31,6,0.354839,0,0,0,0,0,0,0,0,0
1,table_under_pick,78,qpFixed,1,1,0.0365962,3108,25,9.60191,817,817,0,0.00304775,0.00249477,0,0,0.0100854,0,11,10,2.27273,0,0,0,1,0,0,3106,918113,2782
1,table_under_pick,78,qpPlain,1,1,0.0368665,3108,25,9.60191,817,817,0,0.00304775,0.00249477,0,0,0.0100854,0,11,10,2.27273,0,0,0,1,0,0,3106,1065358,3106
1,table_under_pick,78,qpAdaptive,1,1,0.0267642,2123,25,9.60619,604,604,0,0.00399552,0.00249477,0,0,0.0148571,0.252944,11,10,2.27273,0,0,0,0.743638,0.249293,0.0070688,2122,624727,2071
1,table_under_pick,78,qpFreeGate,1,1,0.050806,8068,16,17.5338,1622,1622,0,0.00421924,0.00249477,0,0,0.00323216,0,62,12,0.258065,0,0,0,1,0,0,0,0,0
1,table_under_pick,78,qpFreeEnvelope,1,1,0.00965777,639,21,16.0442,881,881,0,3.83174e-05,0.00249477,0,0,0.0444912,0.832551,68,15,0.308824,0,0,0,0.13615,0.785603,0.0782473,0,0,0
1,table_under_pick,78,qpEnvelope,1,1,0.0205486,1581,23,9.61913,549,549,0,0.00170439,0.00249477,0,0,0.0198391,0.197976,11,10,2.09091,0,0,0,0.798607,0.190627,0.0107663,1579,468454,1562
1,bookshelf_small,2,isSafe,1,1,0.0683382,25552,128,14.171,9,710,0,0.00382184,0.00249477,0,0,0,0,806,124,0.158809,0,0,0,0,0,0,0,0,0
1,bookshelf_small,2,qpFixed,1,1,0.0128163,1521,12,14.0883,1264,1264,0,0.00256271,5.49318e-05,0,0,0.00999141,0,3,3,4,0,0,0,1,0,0,1521,394075,1009
1,bookshelf_small,2,qpPlain,1,1,0.0138331,1521,12,14.0883,1264,1264,0,0.00256271,5.49318e-05,0,0,0.00999141,0,3,3,4,0,0,0,1,0,0,1521,521703,1521
1,bookshelf_small,2,qpAdaptive,1,1,0.00628154,673,13,14.099,926,926,0,0.00251129,5.43732e-05,0,0,0.0225941,0.295691,3,3,4.33333,0,0,0,0.698366,0.288262,0.013373,673,191117,611
1,bookshelf_small,2,qpFreeGate,1,1,0.197297,37474,93,17.9157,1676,1676,0,0.00314332,0.00142324,0,0,0.00400905,0,251,80,0.370518,0,0,0,1,0,0,0,0,0
1,bookshelf_small,2,qpFreeEnvelope,1,1,0.0424105,3115,152,20.3808,1078,1078,0,0.000869507,0.000211889,0,0,0.0819553,0.88764,536,147,0.283582,0,0,0,0.0279789,0.845622,0.126399,0,0,0
1,bookshelf_small,2,qpEnvelope,1,1,0.00515849,507,14,14.4522,820,820,0,0.00226967,6.44513e-05,0,0,0.0388292,0.134122,4,4,3.5,0,0,0,0.863905,0.114398,0.0216963,507,143111,473
1,bookshelf_small,28,isSafe,1,1,0.00226089,915,7,9.10139,6,457,0,0.00596396,0.00249477,0,0,0,0,2,2,3.5,0,0,0,0,0,0,0,0,0
1,bookshelf_small,28,qpFixed,1,1,0.00670189,745,7,8.98443,746,746,0,0.00078694,0.00249477,0,0,0.0120596,0,1,1,7,0,0,0,1,0,0,745,224102,420
1,bookshelf_small,28,qpPlain,1,1,0.00835013,745,7,8.98443,746,746,0,0.00078694,0.00249477,0,0,0.0120596,0,1,1,7,0,0,0,1,0,0,745,255535,745
1,bookshelf_small,28,qpAdaptive,1,1,0.0060229,450,7,8.98568,649,649,0,0.00077447,0.00249477,0,0,0.0199682,0.182222,1,1,7,0,0,0,0.817778,0.175556,0.00666667,450,140654,402
1,bookshelf_small,28,qpFreeGate,1,1,0.0173861,3313,14,15.4461,1323,1323,0,0.00372994,0.00249477,0,0,0.0059769,0,17,6,0.823529,0,0,0,1,0,0,0,0,0
1,bookshelf_small,28,qpFreeEnvelope,1,1,0.00119768,96,10,10.6309,574,574,0,0.0020052,0.00249477,0,0,0.112168,0.947917,4,3,2.5,0,0,0,0.0416667,0.854167,0.104167,0,0,0
1,bookshelf_small,28,qpEnvelope,1,1,0.00314483,291,7,9.00628,583,583,0,0.000601106,0.00249477,0,0,0.0309494,0.171821,1,1,7,0,0,0,0.828179,0.161512,0.0103093,291,90782,270
1,bookshelf_small,53,isSafe,1,1,0.00902689,3403,19,10.4473,7,524,0,0.00200383,0.00249477,0,0,0,0,72,15,0.263889,0,0,0,0,0,0,0,0,0
1,bookshelf_small,53,qpFixed,1,1,0.00381405,445,6,7.01089,446,446,0,0.00656229,0.00249477,0,0,0.0157548,0,1,1,6,0,0,0,1,0,0,445,127996,155
1,bookshelf_small,53,qpPlain,1,1,0.00399527,445,6,7.01089,446,446,0,0.00656229,0.00249477,0,0,0.0157548,0,1,1,6,0,0,0,1,0,0,445,152635,445
1,bookshelf_small,53,qpAdaptive,1,1,0.00174266,165,6,7.01107,411,411,0,0.00656229,0.00249477,0,0,0.0424913,0.327273,1,1,6,0,0,0,0.660606,0.315152,0.0242424,165,52222,122
1,bookshelf_small,53,qpFreeGate,1,1,0.0494062,9366,29,11.5271,916,916,0,0.00428771,0.00249477,0,0,0.00459892,0,62,23,0.467742,0,0,0,1,0,0,0,0,0
1,bookshelf_small,53,qpFreeEnvelope,1,1,0.00648581,466,25,11.7853,608,608,0,0.00416056,0.00249477,0,0,0.0843011,0.972103,62,19,0.403226,0,0,0,0.00860215,0.843011,0.148387,0,0,0
1,bookshelf_small,53,qpEnvelope,1,1,0.00127035,109,6,7.01383,380,380,0,0.00653761,0.00249477,0,0,0.064347,0.174312,1,1,6,0,0,0,0.816514,0.146789,0.0366972,109,34715,99
1,bookshelf_small,77,isSafe,1,1,0.00703292,2691,15,11.7858,7,591,0,0.00843682,0.00052949,0,0,0,0,34,11,0.441176,0,0,0,0,0,0,0,0,0
1,bookshelf_small,77,qpFixed,1,1,0.00631022,732,14,9.22771,663,663,0,0.00843682,0.00249477,0,0,0.014057,0,2,2,7,0,0,0,1,0,0,732,199477,427
1,bookshelf_small,77,qpPlain,1,1,0.00653377,732,14,9.22771,663,663,0,0.00843682,0.00249477,0,0,0.014057,0,2,2,7,0,0,0,1,0,0,732,251076,732
1,bookshelf_small,77,qpAdaptive,1,1,0.00238888,248,12,9.23816,553,553,0,0.00843682,0.00249477,0,0,0.0415077,0.754032,2,2,6,0,0,0,0.229839,0.725806,0.0443548,248,74288,176
1,bookshelf_small,77,qpFreeGate,1,1,0.0253658,4864,21,12.9343,1121,1121,0,0.0061571,0.00249477,0,0,0.00605304,0,27,14,0.777778,0,0,0,1,0,0,0,0,0
1,bookshelf_small,77,qpFreeEnvelope,1,1,0.00286397,225,13,13.6943,731,731,0,0.00543916,0.000341593,0,0,0.0827618,0.986667,18,9,0.722222,0,0,0,0.0133333,0.875556,0.111111,0,0,0
1,bookshelf_small,77,qpEnvelope,1,1,0.000886294,75,12,9.26537,498,498,0,0.00843682,0.00249477,0,0,0.137669,0.733333,2,2,6,0,0,0,0.226667,0.626667,0.146667,75,22616,59
1,box,2,isSafe,1,1,0.0188564,7150,37,11.5906,7,581,0,0.0157336,0.00249477,0,0,0,0,110,34,0.336364,0,0,0,0,0,0,0,0,0
1,box,2,qpFixed,1,1,0.0065289,723,13,7.64579,588,588,0,0.00201897,0.00249477,0,0,0.0113792,0,2,2,6.5,0,0,0,1,0,0,723,201566,428
1,box,2,qpPlain,1,1,0.00665692,723,13,7.64579,588,588,0,0.00201897,0.00249477,0,0,0.0113792,0,2,2,6.5,0,0,0,1,0,0,723,247989,723
1,box,2,qpAdaptive,1,1,0.00264947,269,13,7.63597,453,453,0,0.0018533,0.00249477,0,0,0.0305364,0.509294,2,2,6.5,0,0,0,0.472119,0.486989,0.0408922,269,79388,239
1,box,2,qpFreeGate,1,1,0.117496,22429,63,22.3589,2215,2215,0,0.00948977,0.00214157,0,0,0.00448567,0,139,49,0.453237,0,0,0,1,0,0,0,0,0
1,box,2,qpFreeEnvelope,1,1,0.0314749,2497,119,36.5796,1954,1954,0,0.00110912,0.00185476,0,0,0.0766398,0.960753,300,106,0.396667,0,0,0,0.0188831,0.862997,0.11812,0,0,0
1,box,2,qpEnvelope,1,1,0.00171278,139,12,7.64032,428,428,0,0.00150775,0.00249477,0,0,0.0591364,0.568345,2,2,6,0,0,0,0.402878,0.52518,0.0719424,139,40979,124
1,box,26,isSafe,1,1,0.00878057,3437,19,7.29982,5,366,0,0.0792588,0.00249477,0,0,0,0,58,16,0.327586,0,0,0,0,0,0,0,0,0
1,box,26,qpFixed,1,1,0.00348939,429,6,5.70905,430,430,0,0.0027766,0.00249477,0,0,0.0133078,0,1,1,6,0,0,0,1,0,0,429,106616,204
1,box,26,qpPlain,1,1,0.00367561,429,6,5.70905,430,430,0,0.0027766,0.00249477,0,0,0.0133078,0,1,1,6,0,0,0,1,0,0,429,147147,429
1,box,26,qpAdaptive,1,1,0.00109982,107,6,5.70341,334,334,0,0.00267848,0.00249477,0,0,0.0533029,0.700935,1,1,6,0,0,0,0.28972,0.672897,0.0373832,107,28743,85
1,box,26,qpFreeGate,1,1,0.0345493,6820,23,8.89053,914,914,0,0.01488,0.00249477,0,0,0.00483902,0,41,15,0.560976,0,0,0,1,0,0,0,0,0
1,box,26,qpFreeEnvelope,1,1,0.00470214,360,23,9.20273,489,489,0,0.00192635,0.00249477,0,0,0.0884776,0.975,41,15,0.560976,0,0,0,0.0139276,0.846797,0.139276,0,0,0
1,box,26,qpEnvelope,1,1,0.000571758,53,6,5.69507,310,310,0,0.00249056,0.00249477,0,0,0.107454,0.641509,1,1,6,0,0,0,0.358491,0.566038,0.0754717,53,14570,42
1,box,50,isSafe,1,1,0.00322937,1254,9,10.2856,7,516,0,0.0182686,0.00249477,0,0,0,0,8,5,1.125,0,0,0,0,0,0,0,0,0
1,box,50,qpFixed,1,1,0.0106505,1229,12,11.1594,946,946,0,0.00412812,0.00249477,0,0,0.0104809,0,3,3,4,0,0,0,1,0,0,1229,342813,699
1,box,50,qpPlain,1,1,0.0110239,1229,12,11.1594,946,946,0,0.00412812,0.00249477,0,0,0.0104809,0,3,3,4,0,0,0,1,0,0,1229,421547,1229
1,box,50,qpAdaptive,1,1,0.00368392,379,12,11.1735,663,663,0,0.00402788,0.00249477,0,0,0.034008,0.596306,3,3,4,0,0,0,0.398417,0.572559,0.0290237,379,110317,344
1,box,50,qpFreeGate,1,1,0.044391,8676,26,16.2482,1396,1396,0,0.00317268,0.00249477,0,0,0.00517137,0,51,19,0.509804,0,0,0,1,0,0,0,0,0
1,box,50,qpFreeEnvelope,1,1,0.00769217,625,35,19.5408,1008,1008,0,0.00171501,0.00249477,0,0,0.0895365,0.8576,63,25,0.555556,0,0,0,0.113782,0.778846,0.107372,0,0,0
1,box,50,qpEnvelope,1,1,0.00201907,182,12,11.1965,597,597,0,0.00454346,0.00249477,0,0,0.0709684,0.483516,3,3,4,0,0,0,0.510989,0.428571,0.0604396,182,52494,171
1,box,74,isSafe,1,1,0.00473624,1889,12,12.2548,8,614,0,0.0220122,0.00249477,0,0,0,0,14,8,0.857143,0,0,0,0,0,0,0,0,0
1,box,74,qpFixed,1,1,0.00488009,581,6,6.84035,582,582,0,0.00166175,0.00249477,0,0,0.0117734,0,1,1,6,0,0,0,1,0,0,581,159238,205
1,box,74,qpPlain,1,1,0.00512824,581,6,6.84035,582,582,0,0.00166175,0.00249477,0,0,0.0117734,0,1,1,6,0,0,0,1,0,0,581,199283,581
1,box,74,qpAdaptive,1,1,0.0018971,202,6,6.84072,448,448,0,0.00165814,0.00249477,0,0,0.033865,0.371287,1,1,6,0,0,0,0.628713,0.356436,0.0148515,202,57569,163
1,box,74,qpFreeGate,1,1,0.0145286,2843,14,11.5704,983,983,0,0.00937784,0.00249477,0,0,0.00676067,0,14,8,1,0,0,0,1,0,0,0,0,0
1,box,74,qpFreeEnvelope,1,1,0.00333835,263,23,17.2793,901,901,0,0.000636253,0.00219517,0,0,0.130825,0.939163,23,14,1,0,0,0,0.0570342,0.802281,0.140684,0,0,0
1,box,74,qpEnvelope,1,1,0.00102158,93,6,6.84339,395,395,0,0.00155681,0.00249477,0,0,0.0735848,0.494624,1,1,6,0,0,0,0.483871,0.473118,0.0430108,93,26777,73
1,box,98,isSafe,1,1,0.00461116,1759,11,14.1572,9,709,0,0.00153592,0.00249477,0,0,0,0,32,6,0.34375,0,0,0,0,0,0,0,0,0
1,box,98,qpFixed,1,1,0.00727982,895,11,10.3463,772,772,0,0.00970494,0.00249477,0,0,0.0132178,0,2,2,5.5,0,0,0,1,0,0,895,220267,519
1,box,98,qpPlain,1,1,0.00791083,895,11,10.3463,772,772,0,0.00970494,0.00249477,0,0,0.0132178,0,2,2,5.5,0,0,0,1,0,0,895,306985,895
1,box,98,qpAdaptive,1,1,0.00197027,214,11,10.3636,606,606,0,0.00942452,0.00249477,0,0,0.0553619,0.733645,2,2,5.5,0,0,0,0.261682,0.696262,0.0420561,214,58505,143
1,box,98,qpFreeGate,1,1,0.020533,4047,14,12.4369,1316,1316,0,0.00219946,0.00249477,0,0,0.0049491,0,25,9,0.56,0,0,0,1,0,0,0,0,0
1,box,98,qpFreeEnvelope,1,1,0.00138296,104,10,8.75163,456,456,0,0.0168155,0.00249477,0,0,0.117256,0.990385,10,5,1,0,0,0,0,0.836538,0.163462,0,0,0
1,box,98,qpEnvelope,1,1,0.000958401,74,11,10.4387,557,557,0,0.0133668,0.00249477,0,0,0.161339,0.986486,2,2,5.5,0,0,0,0,0.864865,0.135135,74,20960,45
1,table_pick,22,isSafe,1,1,0.0246538,5420,28,10.2217,7,513,0,0.00234512,0.00249477,0,0,0,0,84,24,0.333333,0,0,0,0,0,0,0,0,0
1,table_pick,22,qpFixed,1,1,0.00431314,388,6,6.00381,389,389,0,0.00527713,0.00249477,0,0,0.0154737,0,1,1,6,0,0,0,1,0,0,388,92774,85
1,table_pick,22,qpPlain,1,1,0.00434368,388,6,6.00381,389,389,0,0.00527713,0.00249477,0,0,0.0154737,0,1,1,6,0,0,0,1,0,0,388,133084,388
1,table_pick,22,qpAdaptive,1,1,0.00091871,67,6,6.00586,339,339,0,0.00526742,0.00249477,0,0,0.0896397,0.641791,1,1,6,0,0,0,0.358209,0.58209,0.0597015,67,19606,48
1,table_pick,22,qpFreeGate,1,1,0.0703518,11037,36,9.34673,711,711,0,0.00325417,0.00249477,0,0,0.00536379,0,84,32,0.428571,0,0,0,1,0,0,0,0,0
1,table_pick,22,qpFreeEnvelope,1,1,0.0107162,579,37,9.38187,490,490,0,0.00318113,0.00249477,0,0,0.106548,0.970639,84,33,0.440476,0,0,0,0.00865052,0.82699,0.16436,0,0,0
1,table_pick,22,qpEnvelope,1,1,0.000427075,29,6,6.0143,318,318,0,0.00511219,0.00249477,0,0,0.20739,0.965517,1,1,6,0,0,0,0.0344828,0.827586,0.137931,29,8282,19
1,table_pick,46,isSafe,1,1,0.0172944,4519,23,20.9981,12,1051,0,0.00733839,0.00249477,0,0,0,0,69,18,0.333333,0,0,0,0,0,0,0,0,0
1,table_pick,46,qpFixed,1,1,0.0039922,388,5,5.04717,389,389,0,0.00524227,0.00249477,0,0,0.0130082,0,1,1,5,0,0,0,1,0,0,388,92381,95
1,table_pick,46,qpPlain,1,1,0.00435256,388,5,5.04717,389,389,0,0.00524227,0.00249477,0,0,0.0130082,0,1,1,5,0,0,0,1,0,0,388,133084,388
1,table_pick,46,qpAdaptive,1,1,0.000833228,77,5,5.05915,296,296,0,0.0052425,0.00249477,0,0,0.0657032,0.636364,1,1,5,0,0,0,0.350649,0.61039,0.038961,77,19839,35
1,table_pick,46,qpFreeGate,1,1,0.0186326,2952,16,7.3355,676,676,0,0.00268407,0.00249477,0,0,0.00700301,0,17,8,0.941176,0,0,0,1,0,0,0,0,0
1,table_pick,46,qpFreeEnvelope,1,1,0.0034175,205,18,7.52161,398,398,0,0.00274783,0.00249477,0,0,0.102567,0.946341,17,8,1.05882,0,0,0,0.0390244,0.819512,0.141463,0,0,0
1,table_pick,46,qpEnvelope,1,1,0.000469384,33,5,5.08147,270,270,0,0.00516632,0.00249477,0,0,0.153984,0.727273,1,1,5,0,0,0,0.272727,0.636364,0.0909091,33,8591,19
1,table_pick,70,isSafe,1,1,0.0162829,4290,22,17.3494,10,869,0,0.00200441,0.00249477,0,0,0,0,49,17,0.44898,0,0,0,0,0,0,0,0,0
1,table_pick,70,qpFixed,1,1,0.00710971,698,7,8.53126,699,699,0,0.00317377,0.00249477,0,0,0.0122224,0,1,1,7,0,0,0,1,0,0,698,168497,94
1,table_pick,70,qpPlain,1,1,0.0078362,698,7,8.53126,699,699,0,0.00317377,0.00249477,0,0,0.0122224,0,1,1,7,0,0,0,1,0,0,698,239414,698
1,table_pick,70,qpAdaptive,1,1,0.00121571,102,7,8.53153,476,476,0,0.00315627,0.00249477,0,0,0.0836425,0.519608,1,1,7,0,0,0,0.470588,0.480392,0.0490196,102,29840,69
1,table_pick,70,qpFreeGate,1,1,0.0625973,9324,32,12.9783,989,989,0,0.00403935,0.00249477,0,0,0.00533975,0,60,26,0.533333,0,0,0,1,0,0,0,0,0
1,table_pick,70,qpFreeEnvelope,1,1,0.00874979,482,30,12.9412,670,670,0,0.00404283,0.00249477,0,0,0.101133,0.989627,60,24,0.5,0,0,0,0,0.854772,0.145228,0,0,0
1,table_pick,70,qpEnvelope,1,1,0.000665088,48,7,8.53259,450,450,0,0.00289243,0.00249477,0,0,0.177762,0.583333,1,1,7,0,0,0,0.416667,0.479167,0.104167,48,13859,33
1,table_pick,94,isSafe,1,1,0.00651605,1556,10,10.535,7,528,0,0.000537431,0.00249477,0,0,0,0,9,5,1.11111,0,0,0,0,0,0,0,0,0
1,table_pick,94,qpFixed,1,1,0.00748571,744,7,8.83237,745,745,0,0.00608777,0.00249477,0,0,0.0118715,0,1,1,7,0,0,0,1,0,0,744,183061,46
1,table_pick,94,qpPlain,1,1,0.0081334,744,7,8.83237,745,745,0,0.00608777,0.00249477,0,0,0.0118715,0,1,1,7,0,0,0,1,0,0,744,255192,744
1,table_pick,94,qpAdaptive,1,1,0.000869759,80,7,8.83237,481,481,0,0.00608777,0.00249477,0,0,0.110405,0.7125,1,1,7,0,0,0,0.2875,0.65,0.0625,80,20794,28
1,table_pick,94,qpFreeGate,1,1,0.0133691,2114,11,10.5408,1075,1075,0,0.000656385,0.00249477,0,0,0.00654146,0,9,5,1.22222,0,0,0,1,0,0,0,0,0
1,table_pick,94,qpFreeEnvelope,1,1,0.00193534,121,11,10.5404,560,560,0,0.000630376,0.00249477,0,0,0.115544,0.958678,9,5,1.22222,0,0,0,0.0330579,0.842975,0.123967,0,0,0
1,table_pick,94,qpEnvelope,1,1,0.000463645,31,7,8.83245,459,459,0,0.00608261,0.00249477,0,0,0.284918,1,1,1,7,0,0,0,0,0.83871,0.16129,31,7996,11
1,cage,18,isSafe,1,1,0.348337,122928,712,20.133,12,1008,0,0.00599524,0.00249477,0,0,0,0,3711,708,0.191862,0,0,0,0,0,0,0,0,0
1,cage,18,qpFixed,1,1,0.0223894,2466,21,15.1754,1100,1100,0,0.00250302,0.00182598,0,0,0.0114615,0,7,7,3,0,0,0,1,0,0,2466,674927,1582
1,cage,18,qpPlain,1,1,0.035034,2466,21,15.1754,1100,1100,0,0.00250302,0.00182598,0,0,0.0114615,0,7,7,3,0,0,0,1,0,0,2466,845838,2466
1,cage,18,qpAdaptive,1,1,0.00810571,803,19,15.1899,924,924,0,0.00238301,0.00178758,0,0,0.0353673,0.770859,7,7,2.71429,0,0,0,0.225405,0.753425,0.0211706,803,227055,700
1,cage,18,qpFreeGate,1,1,1.01891,187128,436,19.7806,1997,1997,0,0.00327687,0.00249477,0,0,0.00401476,0,1355,412,0.321771,0,0,0,1,0,0,0,0,0
1,cage,18,qpFreeEnvelope,1,1,0.179696,13127,568,18.6845,989,989,0,2.93025e-06,0.00249477,0,0,0.0696184,0.927021,1866,544,0.304394,0,0,0,0.0423044,0.828475,0.129221,0,0,0
1,cage,18,qpEnvelope,1,1,0.00413729,324,19,15.2457,838,838,0,0.00178378,0.00149294,0,0,0.0881304,0.657407,7,7,2.71429,0,0,0,0.333333,0.608025,0.058642,324,90017,296
1,cage,42,isSafe,1,1,0.113365,39595,206,26.7712,15,1340,0,0.00203102,0.00249477,0,0,0,0,1020,203,0.201961,0,0,0,0,0,0,0,0,0
1,cage,42,qpFixed,1,1,0.0490217,5192,34,23.0244,1973,1973,0,0.000635782,0.00249477,0,0,0.00984845,0,17,14,2,0,0,0,1,0,0,5192,1375474,4469
1,cage,42,qpPlain,1,1,0.0507993,5192,34,23.0244,1973,1973,0,0.000635782,0.00249477,0,0,0.00984845,0,17,14,2,0,0,0,1,0,0,5192,1780856,5192
1,cage,42,qpAdaptive,1,1,0.0319101,2992,34,22.3176,1503,1503,0,0.000173161,0.00249477,0,0,0.0168769,0.32754,17,14,2,0,0,0,0.670679,0.323303,0.00601805,2992,803470,2886
1,cage,42,qpFreeGate,1,1,3.14095,574023,1354,28.2055,2896,2896,0,0.00561568,0.00249477,0,0,0.00369912,0,4842,1325,0.279637,0,0,0,1,0,0,0,0,0
1,cage,42,qpFreeEnvelope,1,1,0.531057,37686,1641,28.3111,1488,1488,0,6.52991e-05,0.00228442,0,0,0.0643783,0.912408,6052,1602,0.27115,0,0,0,0.0386404,0.837245,0.124114,0,0,0
1,cage,42,qpEnvelope,1,1,0.0216473,2035,34,23.0733,1346,1346,0,0.000441038,0.00249477,0,0,0.0251727,0.254054,17,14,2,0,0,0,0.745455,0.242752,0.0117936,2035,538853,1984
1,cage,66,isSafe,1,1,0.228068,82224,449,24.7047,14,1237,0,0.013087,0.00249477,0,0,0,0,2216,445,0.202617,0,0,0,0,0,0,0,0,0
1,cage,66,qpFixed,1,1,0.0331753,3774,24,20.6237,1672,1672,0,0.00042543,0.00249477,0,0,0.0100432,0,11,9,2.18182,0,0,0,1,0,0,3774,919980,2624
1,cage,66,qpPlain,1,1,0.035524,3774,24,20.6237,1672,1672,0,0.00042543,0.00249477,0,0,0.0100432,0,11,9,2.18182,0,0,0,1,0,0,3774,1294482,3774
1,cage,66,qpAdaptive,1,1,0.0178448,1873,24,20.6206,1300,1300,0,0.000425132,0.00249477,0,0,0.0202617,0.260545,11,9,2.18182,0,0,0,0.736252,0.253604,0.0101442,1873,460714,1808
1,cage,66,qpFreeGate,1,1,1.05059,199512,487,22.7059,2307,2307,0,0.00722799,0.00249477,0,0,0.00403453,0,1408,463,0.345881,0,0,0,1,0,0,0,0,0
1,cage,66,qpFreeEnvelope,1,1,0.17265,12967,572,18.2378,983,983,0,0.000859379,0.000370974,0,0,0.0731392,0.892959,1764,545,0.324263,0,0,0,0.0737417,0.8,0.126258,0,0,0
1,cage,66,qpEnvelope,1,1,0.0139297,1373,24,20.6134,1213,1213,0,0.000537138,0.00249477,0,0,0.0275795,0.159505,11,9,2.18182,0,0,0,0.83831,0.146395,0.015295,1373,334223,1343
1,cage,90,isSafe,1,1,0.242744,87384,479,22.3358,13,1118,0,0.0158428,0.00249477,0,0,0,0,2457,476,0.194953,0,0,0,0,0,0,0,0,0
1,cage,90,qpFixed,1,1,0.258206,27543,140,17.8381,1513,1513,0,0.000131717,0.00249477,0,0,0.00874901,0,112,83,1.25,0,0,0,1,0,0,27535,7386341,23726
1,cage,90,qpPlain,1,1,0.267485,27543,140,17.8381,1513,1513,0,0.000131717,0.00249477,0,0,0.00874901,0,112,83,1.25,0,0,0,1,0,0,27535,9444505,27535
1,cage,90,qpAdaptive,1,1,0.181088,18131,140,17.8959,1272,1272,0,0.000140012,0.00249477,0,0,0.0132811,0.278804,112,83,1.25,0,0,0,0.71881,0.275782,0.00540749,18123,4894121,17724
1,cage,90,qpFreeGate,1,1,0.644538,120047,301,25.3204,2728,2728,0,0.00278953,0.000503362,0,0,0.00424465,0,863,277,0.348783,0,0,0,1,0,0,0,0,0
1,cage,90,qpFreeEnvelope,1,1,0.30677,23282,932,22.8874,1208,1208,0,0.000475547,0.00249477,0,0,0.0630764,0.933597,3345,900,0.278625,0,0,0,0.0325573,0.844236,0.123206,0,0,0
1,cage,90,qpEnvelope,1,1,0.136786,12899,140,18.089,1126,1126,0,0.000165183,0.00249477,0,0,0.0185595,0.218622,112,82,1.25,0,0,0,0.779735,0.210722,0.00954302,12889,3503037,12748
1,bookshelf_tall,8,isSafe,1,1,0.0174082,3780,21,12.7542,8,639,0,0.00427847,0.00249477,0,0,0,0,38,16,0.552632,0,0,0,0,0,0,0,0,0
1,bookshelf_tall,8,qpFixed,1,1,0.0126133,1012,10,12.243,934,934,0,0.00105303,0.00249477,0,0,0.0128982,0,2,2,5,0,0,0,1,0,0,1010,274645,458
1,bookshelf_tall,8,qpPlain,1,1,0.0133501,1012,10,12.243,934,934,0,0.00105303,0.00249477,0,0,0.0128982,0,2,2,5,0,0,0,1,0,0,1010,346430,1010
1,bookshelf_tall,8,qpAdaptive,1,1,0.00642565,453,10,12.25,771,771,0,0.00105723,0.00249477,0,0,0.0289584,0.304636,2,2,5,0,0,0,0.694013,0.2949,0.0110865,451,128005,399
1,bookshelf_tall,8,qpFreeGate,1,1,0.0417149,5787,24,13.3466,1060,1060,0,0.00427847,0.00249477,0,0,0.00607884,0,38,17,0.631579,0,0,0,1,0,0,0,0,0
1,bookshelf_tall,8,qpFreeEnvelope,1,1,0.0085138,429,28,17.2427,911,911,0,0.00427847,0.00249477,0,0,0.106348,0.986014,40,20,0.7,0,0,0,0.004662,0.86014,0.135198,0,0,0
1,bookshelf_tall,8,qpEnvelope,1,1,0.00362801,231,10,12.2847,686,686,0,0.00101639,0.00249477,0,0,0.0567368,0.285714,2,2,5,0,0,0,0.71179,0.262009,0.0262009,229,64068,214
1,bookshelf_tall,34,isSafe,1,1,0.225645,47179,247,13.5468,9,679,0,0.00982174,0.000460666,0,0,0,0,1325,243,0.186415,0,0,0,0,0,0,0,0,0
1,bookshelf_tall,34,qpFixed,1,1,0.0315168,2311,19,8.3932,766,766,0,0.00143324,0.00249477,0,0,0.00945527,0,7,6,2.71429,0,0,0,1,0,0,2311,700370,2237
1,bookshelf_tall,34,qpPlain,1,1,0.0315584,2311,19,8.3932,766,766,0,0.00143324,0.00249477,0,0,0.00945527,0,7,6,2.71429,0,0,0,1,0,0,2311,792673,2311
1,bookshelf_tall,34,qpAdaptive,1,1,0.0179674,1250,19,8.35817,582,582,0,0.00156247,0.00249477,0,0,0.0174539,0.584,7,6,2.71429,0,0,0,0.4104,0.5752,0.0144,1250,391793,1221
1,bookshelf_tall,34,qpFreeGate,1,1,0.200729,27018,71,16.6462,1753,1753,0,0.00529243,0.000320763,0,0,0.00408516,0,172,60,0.412791,0,0,0,1,0,0,0,0,0
1,bookshelf_tall,34,qpFreeEnvelope,1,1,0.0163367,800,41,10.922,590,590,0,0.00538376,0.00249477,0,0,0.0766803,0.97125,88,31,0.465909,0,0,0,0.0162703,0.846058,0.137672,0,0,0
1,bookshelf_tall,34,qpEnvelope,1,1,0.0084259,525,20,8.38184,497,497,0,0.00152517,0.00249477,0,0,0.0412894,0.767619,7,6,2.85714,0,0,0,0.224762,0.735238,0.04,525,163737,520
1,bookshelf_tall,58,isSafe,1,1,0.0663473,13917,72,17.1475,10,859,0,0.0010999,0.000140925,0,0,0,0,378,69,0.190476,0,0,0,0,0,0,0,0,0
1,bookshelf_tall,58,qpFixed,1,1,0.0201567,1483,17,10.8606,969,969,0,0.000858023,0.000140925,0,0,0.00992296,0,4,4,4.25,0,0,0,1,0,0,1483,449114,1294
1,bookshelf_tall,58,qpPlain,1,1,0.0199902,1483,17,10.8606,969,969,0,0.000858023,0.000140925,0,0,0.00992296,0,4,4,4.25,0,0,0,1,0,0,1483,508669,1483
1,bookshelf_tall,58,qpAdaptive,1,1,0.0110639,775,17,10.8531,744,744,0,0.000858299,0.000140925,0,0,0.0190683,0.477419,4,4,4.25,0,0,0,0.52,0.461935,0.0180645,775,237770,753
1,bookshelf_tall,58,qpFreeGate,1,1,0.114094,15539,44,10.9494,1137,1137,0,0.00299008,0.000140925,0,0,0.00465028,0,122,37,0.360656,0,0,0,1,0,0,0,0,0
1,bookshelf_tall,58,qpFreeEnvelope,1,1,0.019694,921,59,17.1897,924,924,0,0.00431334,0.000140925,0,0,0.086737,0.947883,144,44,0.409722,0,0,0,0.00874317,0.824044,0.167213,0,0,0
1,bookshelf_tall,58,qpEnvelope,1,1,0.00755955,484,20,10.5657,613,613,0,0.000886511,0.000140925,0,0,0.0398486,0.599174,5,5,4,0,0,0,0.396694,0.56405,0.0392562,484,148635,471
1,bookshelf_tall,83,isSafe,1,1,0.0463093,8928,45,13.6445,8,684,0,0.000807547,0.00249477,0,0,0,0,212,42,0.212264,0,0,0,0,0,0,0,0,0
1,bookshelf_tall,83,qpFixed,1,1,0.0149052,1136,12,8.71772,710,710,0,0.00684532,0.00249477,0,0,0.0108232,0,4,3,3,0,0,0,1,0,0,1132,332551,506
1,bookshelf_tall,83,qpPlain,1,1,0.0152923,1136,12,8.71772,710,710,0,0.00684532,0.00249477,0,0,0.0108232,0,4,3,3,0,0,0,1,0,0,1132,388276,1132
1,bookshelf_tall,83,qpAdaptive,1,1,0.00571229,379,12,8.72088,479,479,0,0.00684532,0.00249477,0,0,0.0324955,0.240106,4,3,3,0,0,0,0.749333,0.229333,0.0213333,375,113820,332
1,bookshelf_tall,83,qpFreeGate,1,1,0.0384244,5258,31,8.53667,924,924,0,0.00367339,0.00249477,0,0,0.00523965,0,38,14,0.815789,0,0,0,1,0,0,0,0,0
1,bookshelf_tall,83,qpFreeEnvelope,1,1,0.00162967,80,10,8.77116,473,473,0,0.000296154,0.00249477,0,0,0.121862,0.975,4,4,2.5,0,0,0,0.025,0.85,0.125,0,0,0
1,bookshelf_tall,83,qpEnvelope,1,1,0.00467275,289,12,8.73401,451,451,0,0.00684532,0.00249477,0,0,0.0427847,0.138408,4,3,3,0,0,0,0.852632,0.119298,0.0280702,285,86145,269
1,bookshelf_thin,9,isSafe,1,1,0.0178629,2798,14,9.80833,6,492,0,0.00627968,0.00249477,0,0,0,0,38,11,0.368421,0,0,0,0,0,0,0,0,0
1,bookshelf_thin,9,qpFixed,1,1,0.00577811,370,12,6.01707,371,371,0,0.00627968,0.00249477,0,0,0.0162624,0,1,1,12,0,0,0,1,0,0,370,88374,208
1,bookshelf_thin,9,qpPlain,1,1,0.00607666,370,12,6.01707,371,371,0,0.00627968,0.00249477,0,0,0.0162624,0,1,1,12,0,0,0,1,0,0,370,126910,370
1,bookshelf_thin,9,qpAdaptive,1,1,0.00154584,85,12,6.02366,344,344,0,0.00627968,0.00249477,0,0,0.0708666,0.705882,1,1,12,0,0,0,0.247059,0.635294,0.117647,85,21286,60
1,bookshelf_thin,9,qpFreeGate,1,1,0.0550563,6356,16,8.69497,716,716,0,0.00627968,0.00249477,0,0,0.00435498,0,38,12,0.421053,0,0,0,1,0,0,0,0,0
1,bookshelf_thin,9,qpFreeEnvelope,1,1,0.00995571,407,15,8.88561,458,458,0,0.00627968,0.00249477,0,0,0.0637578,0.953317,38,11,0.394737,0,0,0,0.034398,0.857494,0.108108,0,0,0
1,bookshelf_thin,9,qpEnvelope,1,1,0.000824918,46,14,6.07231,326,326,0,0.00627968,0.00249477,0,0,0.132007,0.565217,1,1,14,0,0,0,0.369565,0.369565,0.26087,46,11435,37
1,bookshelf_thin,33,isSafe,1,1,0.0114073,1809,11,11.5524,7,579,0,0.00670894,0.00249477,0,0,0,0,29,7,0.37931,0,0,0,0,0,0,0,0,0
1,bookshelf_thin,33,qpFixed,1,1,0.0421685,2552,18,13.2964,1114,1114,0,0.000449031,0.00249477,0,0,0.00891131,0,7,6,2.57143,0,0,0,1,0,0,2551,715519,2220
1,bookshelf_thin,33,qpPlain,1,1,0.0429758,2552,18,13.2964,1114,1114,0,0.000449031,0.00249477,0,0,0.00891131,0,7,6,2.57143,0,0,0,1,0,0,2551,874993,2551
1,bookshelf_thin,33,qpAdaptive,1,1,0.0257632,1489,18,13.3313,883,883,0,0.000449031,0.00249477,0,0,0.015327,0.433848,7,6,2.57143,0,0,0,0.565188,0.426747,0.00806452,1488,427493,1432
1,bookshelf_thin,33,qpFreeGate,1,1,0.0597104,6633,21,16.2099,1458,1458,0,0.00500915,0.00249477,0,0,0.00489497,0,48,16,0.4375,0,0,0,1,0,0,0,0,0
1,bookshelf_thin,33,qpFreeEnvelope,1,1,0.0330478,402,18,12.3043,633,633,0,0.00677976,0.00249477,0,0,0.0707046,0.977612,56,14,0.321429,0,0,0,0.00997506,0.845387,0.144638,0,0,0
1,bookshelf_thin,33,qpEnvelope,1,1,0.0175765,967,17,13.769,813,813,0,0.000404759,0.00249477,0,0,0.0235093,0.358842,7,6,2.42857,0,0,0,0.63909,0.34333,0.0175801,967,270449,940
1,bookshelf_thin,57,isSafe,1,1,0.132959,20271,88,13.3445,8,669,0,0.00138719,0.00249477,0,0,0,0,358,85,0.24581,0,0,0,0,0,0,0,0,0
1,bookshelf_thin,57,qpFixed,1,1,0.0167223,1007,9,8.58838,648,648,0,0.002456,0.00249477,0,0,0.0119804,0,2,2,4.5,0,0,0,1,0,0,1007,261339,390
1,bookshelf_thin,57,qpPlain,1,1,0.0173403,1007,9,8.58838,648,648,0,0.002456,0.00249477,0,0,0.0119804,0,2,2,4.5,0,0,0,1,0,0,1007,345401,1007
1,bookshelf_thin,57,qpAdaptive,1,1,0.0082919,419,9,8.58773,460,460,0,0.002456,0.00249477,0,0,0.0288052,0.162291,2,2,4.5,0,0,0,0.837709,0.150358,0.0119332,419,108716,381
1,bookshelf_thin,57,qpFreeGate,1,1,0.339376,37505,129,14.3228,1189,1189,0,0.000615447,0.00249477,0,0,0.00579972,0,373,125,0.345845,0,0,0,1,0,0,0,0,0
1,bookshelf_thin,57,qpFreeEnvelope,1,1,0.0734293,3019,121,14.4006,746,746,0,0.000359591,0.00249477,0,0,0.0686126,0.945015,373,117,0.324397,0,0,0,0.0394122,0.887108,0.0734803,0,0,0
1,bookshelf_thin,57,qpEnvelope,1,1,0.00607259,315,9,8.58347,443,443,0,0.002456,0.00249477,0,0,0.0383141,0.133333,2,2,4.5,0,0,0,0.863492,0.11746,0.0190476,315,80308,301
1,bookshelf_thin,82,isSafe,1,1,0.0914621,14272,71,16.0845,10,806,0,0.00831549,0.00249477,0,0,0,0,241,67,0.294606,0,0,0,0,0,0,0,0,0
1,bookshelf_thin,82,qpFixed,1,1,0.0138176,889,8,10.3011,886,886,0,0.00172773,0.00249477,0,0,0.0115873,0,2,2,4,0,0,0,1,0,0,887,245034,192
1,bookshelf_thin,82,qpPlain,1,1,0.014386,889,8,10.3011,886,886,0,0.00172773,0.00249477,0,0,0.0115873,0,2,2,4,0,0,0,1,0,0,887,304241,887
1,bookshelf_thin,82,qpAdaptive,1,1,0.00376399,221,8,10.3356,632,632,0,0.000570804,0.00249477,0,0,0.0467674,0.533937,2,2,4,0,0,0,0.461187,0.515982,0.0228311,219,65437,151
1,bookshelf_thin,82,qpFreeGate,1,1,0.0781181,8840,34,15.6706,1299,1299,0,0.00264358,0.00249477,0,0,0.00585118,0,68,29,0.5,0,0,0,1,0,0,0,0,0
1,bookshelf_thin,82,qpFreeEnvelope,1,1,0.0170845,461,33,15.8504,818,818,0,0.000329756,0.00249477,0,0,0.111312,0.960954,68,28,0.485294,0,0,0,0.0261438,0.808279,0.165577,0,0,0
1,bookshelf_thin,82,qpEnvelope,1,1,0.00169256,87,8,10.3167,558,558,0,0.00048561,0.00249477,0,0,0.118641,0.482759,2,2,4,0,0,0,0.511628,0.430233,0.0581395,86,25395,56
1,table_under_pick,6,isSafe,1,1,0.00574326,1530,9,13.099,8,656,0,0.000959834,0.000617218,0,0,0,0,23,3,0.391304,0,0,0,0,0,0,0,0,0
1,table_under_pick,6,qpFixed,1,1,0.00570773,536,14,9.4296,537,537,0,0.00748313,0.00249477,0,0,0.0175925,0,1,1,14,0,0,0,1,0,0,536,143644,172
1,table_under_pick,6,qpPlain,1,1,0.00579476,536,14,9.4296,537,537,0,0.00748313,0.00249477,0,0,0.0175925,0,1,1,14,0,0,0,1,0,0,536,183848,536
1,table_under_pick,6,qpAdaptive,1,1,0.00124178,114,15,9.42791,536,536,0,0.00748325,0.00249477,0,0,0.082701,0.894737,1,1,15,0,0,0,0.0614035,0.824561,0.114035,114,33418,53
1,table_under_pick,6,qpFreeGate,1,1,0.0185446,2941,13,11.9511,1039,1039,0,0.00121651,0.000656808,0,0,0.00646752,0,23,6,0.565217,0,0,0,1,0,0,0,0,0
1,table_under_pick,6,qpFreeEnvelope,1,1,0.00294807,161,13,12.032,627,627,0,0.00135206,0.000519646,0,0,0.120032,0.975155,23,6,0.565217,0,0,0,0.0248447,0.819876,0.15528,0,0,0
1,table_under_pick,6,qpEnvelope,1,1,0.00123307,71,15,12.2822,635,635,0,0.00748496,0.00249477,0,0,0.290389,0.929577,4,4,3.75,0,0,0,0.0704225,0.704225,0.225352,71,20858,43
1,table_under_pick,30,isSafe,1,1,0.0151159,4059,22,12.8556,8,644,0,0.00633892,0.00249477,0,0,0,0,64,18,0.34375,0,0,0,0,0,0,0,0,0
1,table_under_pick,30,qpFixed,1,1,0.0270873,2412,17,10.0661,922,922,0,0.000136077,0.00249477,0,0,0.0103637,0,6,6,2.83333,0,0,0,1,0,0,2412,605526,1985
1,table_under_pick,30,qpPlain,1,1,0.0285722,2412,17,10.0661,922,922,0,0.000136077,0.00249477,0,0,0.0103637,0,6,6,2.83333,0,0,0,1,0,0,2412,827316,2412
1,table_under_pick,30,qpAdaptive,1,1,0.0184042,1522,17,10.0737,783,783,0,0.00013662,0.00249477,0,0,0.016443,0.305519,6,6,2.83333,0,0,0,0.69251,0.30092,0.0065703,1522,386048,1464
1,table_under_pick,30,qpFreeGate,1,1,0.0640152,8335,30,13.0259,1125,1125,0,0.00411454,0.000338966,0,0,0.0056839,0,64,26,0.46875,0,0,0,1,0,0,0,0,0
1,table_under_pick,30,qpFreeEnvelope,1,1,0.00883319,501,29,12.4474,663,663,0,0.00198096,0.00166054,0,0,0.096467,0.978044,64,25,0.453125,0,0,0,0.01002,0.835671,0.154309,0,0,0
1,table_under_pick,30,qpEnvelope,1,1,0.0119768,954,17,10.0808,698,698,0,0.000126912,0.00249477,0,0,0.0262911,0.22956,6,6,2.83333,0,0,0,0.768344,0.216981,0.0146751,954,246234,924
1,table_under_pick,54,isSafe,1,1,0.00943697,2477,14,12.3568,8,619,0,0.00373308,0.00249477,0,0,0,0,29,9,0.482759,0,0,0,0,0,0,0,0,0
1,table_under_pick,54,qpFixed,1,1,0.0113967,1071,12,11.3065,789,789,0,0.00396539,0.00249477,0,0,0.0133176,0,2,2,6,0,0,0,1,0,0,1071,280211,555
1,table_under_pick,54,qpPlain,1,1,0.0119587,1071,12,11.3065,789,789,0,0.00396539,0.00249477,0,0,0.0133176,0,2,2,6,0,0,0,1,0,0,1071,367353,1071
1,table_under_pick,54,qpAdaptive,1,1,0.00331061,283,12,11.3217,641,641,0,0.00277467,0.00249477,0,0,0.0504906,0.685512,2,2,6,0,0,0,0.300353,0.667845,0.0318021,283,82195,227
1,table_under_pick,54,qpFreeGate,1,1,0.023257,3702,10,10.1328,1069,1069,0,0.00189933,0.00249477,0,0,0.00319595,0,27,4,0.37037,0,0,0,1,0,0,0,0,0
1,table_under_pick,54,qpFreeEnvelope,1,1,0.00363394,222,10,10.5359,564,564,0,0.0013945,0.00249477,0,0,0.055247,0.968468,27,4,0.37037,0,0,0,0.0225225,0.86036,0.117117,0,0,0
1,table_under_pick,54,qpEnvelope,1,1,0.00228987,165,12,11.3578,616,616,0,0.000536522,0.00249477,0,0,0.0866629,0.569697,2,2,6,0,0,0,0.418182,0.533333,0.0484848,165,48555,142
1,table_under_pick,79,isSafe,1,1,0.0100084,2646,15,18.8165,11,942,0,0.00778698,0.00249477,0,0,0,0,65,10,0.230769,0,0,0,0,0,0,0,0,0
1,table_under_pick,79,qpFixed,1,1,0.00991281,877,8,8.90083,878,878,0,0.00804416,2.22529e-05,0,0,0.0101492,0,1,1,8,0,0,0,1,0,0,877,258848,624
1,table_under_pick,79,qpPlain,1,1,0.00983236,877,8,8.90083,878,878,0,0.00804416,2.22529e-05,0,0,0.0101492,0,1,1,8,0,0,0,1,0,0,877,300811,877
1,table_under_pick,79,qpAdaptive,1,1,0.00573921,482,8,8.89053,702,702,0,0.00804416,2.17581e-05,0,0,0.0184451,0.284232,1,1,8,0,0,0,0.715768,0.275934,0.00829876,482,144717,427
1,table_under_pick,79,qpFreeGate,1,1,0.0754303,11682,30,10.6395,1105,1105,0,0.00784047,0.0015515,0,0,0.00419736,0,62,24,0.483871,0,0,0,1,0,0,0,0,0
1,table_under_pick,79,qpFreeEnvelope,1,1,0.0100847,538,46,10.9206,586,586,0,0.00524365,0.000506662,0,0,0.12401,0.886617,97,37,0.474227,0,0,0,0,0.839768,0.160232,0,0,0
1,table_under_pick,79,qpEnvelope,1,1,0.00240211,180,8,8.93071,553,553,0,0.00804416,0.00011046,0,0,0.0496151,0.244444,1,1,8,0,0,0,0.75,0.216667,0.0333333,180,55763,155
1,bookshelf_small,3,isSafe,1,1,0.101066,38127,187,18.8125,11,942,0,0.00443049,0.00249477,0,0,0,0,1014,183,0.184418,0,0,0,0,0,0,0,0,0
1,bookshelf_small,3,qpFixed,1,1,0.0115313,1311,14,11.891,935,935,0,0.000957487,0.00249477,0,0,0.0130929,0,2,2,7,0,0,0,1,0,0,1311,350365,730
1,bookshelf_small,3,qpPlain,1,1,0.0119084,1311,14,11.891,935,935,0,0.000957487,0.00249477,0,0,0.0130929,0,2,2,7,0,0,0,1,0,0,1311,449673,1311
1,bookshelf_small,3,qpAdaptive,1,1,0.0059461,610,14,11.8965,760,760,0,0.000939648,0.00249477,0,0,0.0281325,0.232787,2,2,7,0,0,0,0.765574,0.218033,0.0163934,610,177198,537
1,bookshelf_small,3,qpFreeGate,1,1,0.191324,32993,79,17.8217,1674,1674,0,0.00797965,0.00249477,0,0,0.00426491,0,232,72,0.340517,0,0,0,1,0,0,0,0,0
1,bookshelf_small,3,qpFreeEnvelope,1,1,0.0216617,1707,73,17.0113,942,942,0,0.000407946,0.00249477,0,0,0.0736894,0.852373,224,63,0.325893,0,0,0,0.12441,0.728184,0.147406,0,0,0
1,bookshelf_small,3,qpEnvelope,1,1,0.0046929,442,12,11.8349,710,710,0,0.000494991,0.00249477,0,0,0.0390846,0.217195,2,2,6,0,0,0,0.782805,0.196833,0.020362,442,127834,413
1,bookshelf_small,29,isSafe,1,1,0.0150546,5775,30,17.9056,11,897,0,0.00948559,0.00249477,0,0,0,0,81,25,0.37037,0,0,0,0,0,0,0,0,0
1,bookshelf_small,29,qpFixed,1,1,0.0137162,1657,11,10.9174,1043,1043,0,0.000428749,0.00249477,0,0,0.00888968,0,3,3,3.66667,0,0,0,1,0,0,1657,377515,919
1,bookshelf_small,29,qpPlain,1,1,0.015394,1657,11,10.9174,1043,1043,0,0.000428749,0.00249477,0,0,0.00888968,0,3,3,3.66667,0,0,0,1,0,0,1657,568351,1657
1,bookshelf_small,29,qpAdaptive,1,1,0.00648295,675,11,10.9179,811,811,0,0.00042867,0.00249477,0,0,0.0218772,0.208889,3,3,3.66667,0,0,0,0.78963,0.2,0.0103704,675,153544,629
1,bookshelf_small,29,qpFreeGate,1,1,0.056801,10820,35,18.2717,1460,1460,0,0.00948559,0.00249477,0,0,0.00565198,0,73,31,0.479452,0,0,0,1,0,0,0,0,0
1,bookshelf_small,29,qpFreeEnvelope,1,1,0.00488352,344,27,10.1081,521,521,0,0.00948559,0.00249477,0,0,0.131009,0.956395,56,23,0.482143,0,0,0,0,0.830904,0.169096,0,0,0
1,bookshelf_small,29,qpEnvelope,1,1,0.00534286,531,11,10.9253,737,737,0,0.000424839,0.00249477,0,0,0.0279315,0.160075,3,3,3.66667,0,0,0,0.839925,0.146893,0.0131827,531,119818,513
1,bookshelf_small,54,isSafe,1,1,0.0106609,4090,22,15.1464,9,759,0,0.00513104,0.00249477,0,0,0,0,65,18,0.338462,0,0,0,0,0,0,0,0,0
1,bookshelf_small,54,qpFixed,1,1,0.00631862,708,7,8.13656,709,709,0,0.00109252,0.00249477,0,0,0.0114923,0,1,1,7,0,0,0,1,0,0,708,198465,319
1,bookshelf_small,54,qpPlain,1,1,0.00667883,708,7,8.13656,709,709,0,0.00109252,0.00249477,0,0,0.0114923,0,1,1,7,0,0,0,1,0,0,708,242844,708
1,bookshelf_small,54,qpAdaptive,1,1,0.00380493,381,7,8.13656,590,590,0,0.00109252,0.00249477,0,0,0.0213558,0.11811,1,1,7,0,0,0,0.88189,0.110236,0.00787402,381,105839,319
1,bookshelf_small,54,qpFreeGate,1,1,0.0677389,12926,40,15.1302,1108,1108,0,0.00513104,0.00249477,0,0,0.00495763,0,89,33,0.449438,0,0,0,1,0,0,0,0,0
1,bookshelf_small,54,qpFreeEnvelope,1,1,0.00924392,665,40,15.2523,785,785,0,0.00513104,0.00249477,0,0,0.094154,0.97594,89,32,0.449438,0,0,0,0,0.840121,0.159879,0,0,0
1,bookshelf_small,54,qpEnvelope,1,1,0.00284318,259,7,8.13705,531,531,0,0.00108953,0.00249477,0,0,0.0314172,0.111969,1,1,7,0,0,0,0.888031,0.0965251,0.015444,259,72471,234
1,bookshelf_small,78,isSafe,1,1,0.0375228,14056,70,13.7579,9,689,0,0.00794266,0.00249477,0,0,0,0,258,66,0.271318,0,0,0,0,0,0,0,0,0
1,bookshelf_small,78,qpFixed,1,1,0.0103815,1163,11,9.52586,789,789,0,0.00369499,0.00249477,0,0,0.0111563,0,3,3,3.66667,0,0,0,1,0,0,1163,298874,793
1,bookshelf_small,78,qpPlain,1,1,0.0109838,1163,11,9.52586,789,789,0,0.00369499,0.00249477,0,0,0.0111563,0,3,3,3.66667,0,0,0,1,0,0,1163,398909,1163
1,bookshelf_small,78,qpAdaptive,1,1,0.00603128,614,11,9.53692,650,650,0,0.00370643,0.00249477,0,0,0.0211956,0.467427,3,3,3.66667,0,0,0,0.527687,0.457655,0.014658,614,162440,563
1,bookshelf_small,78,qpFreeGate,1,1,0.0814752,15639,49,16.2992,1280,1280,0,0.00443346,0.00249477,0,0,0.00553068,0,105,41,0.466667,0,0,0,1,0,0,0,0,0
1,bookshelf_small,78,qpFreeEnvelope,1,1,0.011741,896,52,18.0642,954,954,0,0.00122819,0.00249477,0,0,0.0894689,0.934152,105,44,0.495238,0,0,0,0.0313199,0.831096,0.137584,0,0,0
1,bookshelf_small,78,qpEnvelope,1,1,0.00313286,268,11,9.57998,548,548,0,0.00398914,0.00249477,0,0,0.0491571,0.425373,3,3,3.66667,0,0,0,0.574627,0.391791,0.0335821,268,71808,251
1,box,3,isSafe,1,1,0.0054149,2041,12,9.81555,6,492,0,0.033576,0.00249477,0,0,0,0,15,8,0.8,0,0,0,0,0,0,0,0,0
1,box,3,qpFixed,1,1,0.00301625,344,6,5.23484,358,358,0,0.00566273,0.00249477,0,0,0.0152175,0,1,1,6,0,0,0,1,0,0,344,89091,286
1,box,3,qpPlain,1,1,0.00302685,344,6,5.23484,358,358,0,0.00566273,0.00249477,0,0,0.0152175,0,1,1,6,0,0,0,1,0,0,344,117992,344
1,box,3,qpAdaptive,1,1,0.00120014,118,6,5.23765,320,320,0,0.00559853,0.00249477,0,0,0.0443869,0.889831,1,1,6,0,0,0,0.0847458,0.881356,0.0338983,118,32876,105
1,box,3,qpFreeGate,1,1,0.0276455,5394,20,15.0546,1262,1262,0,0.00540314,0.00202608,0,0,0.00608093,0,25,13,0.8,0,0,0,1,0,0,0,0,0
1,box,3,qpFreeEnvelope,1,1,0.0030454,213,20,15.2784,789,789,0,0.000624238,0.000664568,0,0,0.145219,0.976526,25,13,0.8,0,0,0,0.014218,0.824645,0.161137,0,0,0
1,box,3,qpEnvelope,1,1,0.00050542,47,6,5.24103,284,284,0,0.00556053,0.00249477,0,0,0.111511,1,1,1,6,0,0,0,0,0.914894,0.0851064,47,13310,43
1,box,27,isSafe,1,1,0.00584061,2243,13,9.79974,6,491,0,0.0245928,0.00249477,0,0,0,0,24,9,0.541667,0,0,0,0,0,0,0,0,0
1,box,27,qpFixed,1,1,0.058291,6298,52,20.8624,1648,1648,0,0.000440784,0.00249477,0,0,0.0104527,0,19,17,2.73684,0,0,0,1,0,0,6298,1689029,5194
1,box,27,qpPlain,1,1,0.0578035,6298,52,20.8624,1648,1648,0,0.000440784,0.00249477,0,0,0.0104527,0,19,17,2.73684,0,0,0,1,0,0,6298,2160214,6298
1,box,27,qpAdaptive,1,1,0.0105653,1107,32,16.4721,1016,1016,0,0.00128147,0.00249477,0,0,0.0231986,0.272809,6,6,5.33333,0,0,0,0.719964,0.255646,0.0243902,1107,297863,1074
1,box,27,qpFreeGate,1,1,0.133749,26176,77,27.6462,2425,2425,0,0.00199802,0.00162141,0,0,0.00491036,0,147,64,0.52381,0,0,0,1,0,0,0,0,0
1,box,27,qpFreeEnvelope,1,1,0.0254848,2058,117,29.9156,1640,1640,0,0.000419813,0.00249477,0,0,0.0859732,0.851798,230,99,0.508696,0,0,0,0.124266,0.761742,0.113992,0,0,0
1,box,27,qpEnvelope,1,1,0.0234017,2307,54,20.9691,1276,1276,0,0.000486094,0.00249477,0,0,0.0287943,0.21023,19,17,2.84211,0,0,0,0.787603,0.192024,0.0203728,2307,631941,2252
1,box,51,isSafe,1,1,0.0101588,3930,21,7.32292,5,368,0,0.0209439,0.00249477,0,0,0,0,86,18,0.244186,0,0,0,0,0,0,0,0,0
1,box,51,qpFixed,1,1,0.00356798,394,8,5.27584,395,395,0,0.00548161,0.00249477,0,0,0.0133905,0,1,1,8,0,0,0,1,0,0,394,110185,393
1,box,51,qpPlain,1,1,0.00349135,394,8,5.27584,395,395,0,0.00548161,0.00249477,0,0,0.0133905,0,1,1,8,0,0,0,1,0,0,394,135142,394
1,box,51,qpAdaptive,1,1,0.00163156,158,11,5.28936,340,340,0,0.00523474,0.00249477,0,0,0.033477,0.765823,1,1,11,0,0,0,0.202532,0.746835,0.0506329,158,46440,157
1,box,51,qpFreeGate,1,1,0.0473282,8994,24,9.22095,1630,1630,0,0.00115436,0.00249477,0,0,0.00337958,0,58,17,0.413793,0,0,0,1,0,0,0,0,0
1,box,51,qpFreeEnvelope,1,1,0.00747546,610,27,16.0579,877,877,0,0.000224099,0.00249477,0,0,0.0584199,0.94918,59,20,0.457627,0,0,0,0.0377049,0.865574,0.0967213,0,0,0
1,box,51,qpEnvelope,1,1,0.000725859,68,11,5.31383,297,297,0,0.00453241,0.00249477,0,0,0.0781446,0.941176,1,1,11,0,0,0,0,0.867647,0.132353,68,20012,67
1,box,75,isSafe,1,1,0.00235455,847,7,8.37441,6,420,0,0.024891,0.00249477,0,0,0,0,4,2,1.75,0,0,0,0,0,0,0,0,0
1,box,75,qpFixed,1,1,0.0125499,1464,12,8.27724,796,796,0,0.00192485,0.00249477,0,0,0.0105723,0,3,3,4,0,0,0,1,0,0,1464,352189,1165
1,box,75,qpPlain,1,1,0.0133641,1464,12,8.27724,796,796,0,0.00192485,0.00249477,0,0,0.0105723,0,3,3,4,0,0,0,1,0,0,1464,502152,1464
1,box,75,qpAdaptive,1,1,0.00560595,581,12,8.27716,512,512,0,0.00166197,0.00249477,0,0,0.0266929,0.597246,3,3,4,0,0,0,0.399312,0.586919,0.0137694,581,138300,535
1,box,75,qpFreeGate,1,1,0.0131268,2225,11,11.4829,1075,1075,0,0.00514202,0.00249477,0,0,0.00625444,0,11,6,1,0,0,0,1,0,0,0,0,0
1,box,75,qpFreeEnvelope,1,1,0.00142859,120,11,11.7946,622,622,0,0.00607773,0.00249477,0,0,0.116626,0.941667,11,6,1,0,0,0,0.05,0.825,0.125,0,0,0
1,box,75,qpEnvelope,1,1,0.00322619,316,12,8.25912,476,476,0,0.0013785,0.00249477,0,0,0.0491033,0.436709,3,3,4,0,0,0,0.556962,0.411392,0.0316456,316,74343,293
1,box,99,isSafe,1,1,0.00740999,2908,17,10.0666,7,505,0,0.00663564,0.00249477,0,0,0,0,40,13,0.425,0,0,0,0,0,0,0,0,0
1,box,99,qpFixed,1,1,0.00499521,599,7,7.65272,600,600,0,0.00499565,0.00249477,0,0,0.0127758,0,1,1,7,0,0,0,1,0,0,599,138385,241
1,box,99,qpPlain,1,1,0.00553442,599,7,7.65272,600,600,0,0.00499565,0.00249477,0,0,0.0127758,0,1,1,7,0,0,0,1,0,0,599,205457,599
1,box,99,qpAdaptive,1,1,0.00106734,116,7,7.65017,439,439,0,0.00483831,0.00249477,0,0,0.0659497,0.775862,1,1,7,0,0,0,0.224138,0.732759,0.0431034,116,29574,88
1,box,99,qpFreeGate,1,1,0.0888251,17486,48,18.6917,1786,1786,0,0.021528,0.00249477,0,0,0.00430263,0,105,35,0.457143,0,0,0,1,0,0,0,0,0
1,box,99,qpFreeEnvelope,1,1,0.0112103,837,52,20.729,1079,1079,0,0.0109542,0.00249477,0,0,0.0898476,0.982079,106,36,0.490566,0,0,0,0.00480192,0.82473,0.170468,0,0,0
1,box,99,qpEnvelope,1,1,0.000682554,49,7,7.64216,405,405,0,0.00302436,0.00249477,0,0,0.155963,0.734694,1,1,7,0,0,0,0.265306,0.632653,0.102041,49,12707,34
1,table_pick,23,isSafe,1,1,0.00346304,895,7,8.68169,6,436,0,0.00266621,0.00249477,0,0,0,0,8,2,0.875,0,0,0,0,0,0,0,0,0
1,table_pick,23,qpFixed,1,1,0.00639585,632,7,8.01631,633,633,0,0.00601909,0.00249477,0,0,0.012684,0,1,1,7,0,0,0,1,0,0,632,142397,98
1,table_pick,23,qpPlain,1,1,0.00688634,632,7,8.01631,633,633,0,0.00601909,0.00249477,0,0,0.012684,0,1,1,7,0,0,0,1,0,0,632,216776,632
1,table_pick,23,qpAdaptive,1,1,0.000740558,69,7,8.01788,434,434,0,0.00601909,0.00249477,0,0,0.116201,0.768116,1,1,7,0,0,0,0.231884,0.695652,0.0724638,69,17989,40
1,table_pick,23,qpFreeGate,1,1,0.00880634,1419,8,8.36387,691,691,0,0.00202497,0.00249477,0,0,0.00677292,0,8,3,1,0,0,0,1,0,0,0,0,0
1,table_pick,23,qpFreeEnvelope,1,1,0.00135289,89,8,8.36902,444,444,0,0.00203414,0.00249477,0,0,0.108325,0.977528,8,3,1,0,0,0,0.0224719,0.842697,0.134831,0,0,0
1,table_pick,23,qpEnvelope,1,1,0.000559007,35,7,8.01941,419,419,0,0.00602514,0.00249477,0,0,0.229126,1,1,1,7,0,0,0,0,0.857143,0.142857,35,8982,21
1,table_pick,47,isSafe,1,1,0.0058404,1484,10,10.1762,7,510,0,0.000968617,0.00249477,0,0,0,0,10,6,1,0,0,0,0,0,0,0,0,0
1,table_pick,47,qpFixed,1,1,0.00858771,761,6,5.07955,358,358,0,0.00627964,0.00249477,0,0,0.0113207,0,3,2,2,0,0,0,1,0,0,761,197697,330
1,table_pick,47,qpPlain,1,1,0.00905619,761,6,5.07955,358,358,0,0.00627964,0.00249477,0,0,0.0113207,0,3,2,2,0,0,0,1,0,0,761,261023,761
1,table_pick,47,qpAdaptive,1,1,0.00434147,336,6,5.08075,286,286,0,0.00627964,0.00249477,0,0,0.0256492,0.190476,3,2,2,0,0,0,0.809524,0.178571,0.0119048,336,91252,304
1,table_pick,47,qpFreeGate,1,1,0.0100619,1613,16,9.45745,844,844,0,0.00103336,0.00249477,0,0,0.0084347,0,10,6,1.6,0,0,0,1,0,0,0,0,0
1,table_pick,47,qpFreeEnvelope,1,1,0.00170913,93,15,9.47493,494,494,0,0.000998144,0.00249477,0,0,0.147246,0.956989,10,6,1.5,0,0,0,0.0322581,0.763441,0.204301,0,0,0
1,table_pick,47,qpEnvelope,1,1,0.00289506,209,6,5.0865,270,270,0,0.0063377,0.00249477,0,0,0.0412944,0.263158,3,2,2,0,0,0,0.732057,0.244019,0.0239234,209,56356,196
1,table_pick,71,isSafe,1,1,0.00480655,1226,8,9.73356,6,488,0,0.00309713,0.00249477,0,0,0,0,8,4,1,0,0,0,0,0,0,0,0,0
1,table_pick,71,qpFixed,1,1,0.0100742,968,7,9.04581,805,805,0,0.00644315,0.00249477,0,0,0.0101721,0,2,2,3.5,0,0,0,1,0,0,968,256023,351
1,table_pick,71,qpPlain,1,1,0.0107626,968,7,9.04581,805,805,0,0.00644315,0.00249477,0,0,0.0101721,0,2,2,3.5,0,0,0,1,0,0,968,332024,968
1,table_pick,71,qpAdaptive,1,1,0.00317796,282,7,9.06395,516,516,0,0.00642376,0.00249477,0,0,0.0349742,0.574468,2,2,3.5,0,0,0,0.421986,0.560284,0.0177305,282,73888,219
1,table_pick,71,qpFreeGate,1,1,0.00899723,1450,9,9.12533,760,760,0,0.00301649,0.00249477,0,0,0.00890148,0,8,5,1.125,0,0,0,1,0,0,0,0,0
1,table_pick,71,qpFreeEnvelope,1,1,0.00133172,76,9,9.08689,473,473,0,0.00305517,0.00249477,0,0,0.171179,0.973684,8,5,1.125,0,0,0,0.0263158,0.789474,0.184211,0,0,0
1,table_pick,71,qpEnvelope,1,1,0.00164457,129,7,9.10909,476,476,0,0.00592981,0.00249477,0,0,0.0767681,0.434109,2,2,3.5,0,0,0,0.565891,0.395349,0.0387597,129,34327,103
1,table_pick,95,isSafe,1,1,0.00537467,1417,9,13.2035,8,662,0,0.00294803,0.00249477,0,0,0,0,8,4,1.125,0,0,0,0,0,0,0,0,0
1,table_pick,95,qpFixed,1,1,0.0074739,736,7,9.45434,737,737,0,0.00451256,0.00249477,0,0,0.0128456,0,1,1,7,0,0,0,1,0,0,736,178280,200
1,table_pick,95,qpPlain,1,1,0.0088899,736,7,9.45434,737,737,0,0.00451256,0.00249477,0,0,0.0128456,0,1,1,7,0,0,0,1,0,0,736,252448,736
1,table_pick,95,qpAdaptive,1,1,0.00150293,135,7,9.45598,539,539,0,0.00451256,0.00249477,0,0,0.0700443,0.577778,1,1,7,0,0,0,0.422222,0.540741,0.037037,135,36159,105
1,table_pick,95,qpFreeGate,1,1,0.0096145,1521,10,13.8965,1085,1085,0,0.0025241,0.00249477,0,0,0.00922045,0,8,5,1.25,0,0,0,1,0,0,0,0,0
1,table_pick,95,qpFreeEnvelope,1,1,0.00157228,84,10,13.9885,727,727,0,0.00254965,0.00249477,0,0,0.168624,0.952381,8,5,1.25,0,0,0,0.047619,0.797619,0.154762,0,0,0
1,table_pick,95,qpEnvelope,1,1,0.000774094,53,7,9.45746,499,499,0,0.00463975,0.00249477,0,0,0.178443,0.716981,1,1,7,0,0,0,0.283019,0.622642,0.0943396,53,14210,40
1,cage,19,isSafe,1,1,0.430383,146876,860,22.011,13,1102,0,0.0126504,0.00249477,0,0,0,0,5201,855,0.165353,0,0,0,0,0,0,0,0,0
1,cage,19,qpFixed,1,1,0.341971,35415,156,23.2587,1708,1708,0,6.86703e-07,0.000462809,0,0,0.00853861,0,145,97,1.07586,0,0,0,1,0,0,35388,9747415,30887
1,cage,19,qpPlain,1,1,0.355389,35415,156,23.2587,1708,1708,0,6.86703e-07,0.000462809,0,0,0.00853861,0,145,97,1.07586,0,0,0,1,0,0,35388,12138084,35388
1,cage,19,qpAdaptive,1,1,0.234619,22641,156,23.2714,1568,1568,0,6.1622e-07,0.000457298,0,0,0.0133713,0.269555,145,97,1.07586,0,0,0,0.728531,0.266561,0.00490846,22614,6225237,22017
1,cage,19,qpFreeGate,1,1,0.539193,98177,230,28.2713,3179,3179,0,0.00197955,0.00194297,0,0,0.00404127,0,688,210,0.334302,0,0,0,1,0,0,0,0,0
1,cage,19,qpFreeEnvelope,1,1,0.224549,16579,608,30.2959,1619,1619,0,0.000292349,0.00249477,0,0,0.0619566,0.917426,2172,584,0.279926,0,0,0,0.0564776,0.82388,0.119643,0,0,0
1,cage,19,qpEnvelope,1,1,0.178995,16291,152,22.668,1348,1348,0,7.16239e-07,0.000687718,0,0,0.0182386,0.175741,145,96,1.04828,0,0,0,0.82261,0.169394,0.00799606,16258,4415094,16046
1,cage,43,isSafe,1,1,0.119105,38319,197,20.4518,12,1024,0,0.00564703,0.00249477,0,0,0,0,1014,193,0.19428,0,0,0,0,0,0,0,0,0
1,cage,43,qpFixed,1,1,0.440375,45791,215,20.7351,1752,1752,0,0.000652157,0.00249477,0,0,0.00836239,0,185,127,1.16216,0,0,0,1,0,0,45776,12566324,41627
1,cage,43,qpPlain,1,1,0.459983,45791,215,20.7351,1752,1752,0,0.000652157,0.00249477,0,0,0.00836239,0,185,127,1.16216,0,0,0,1,0,0,45776,15701168,45776
1,cage,43,qpAdaptive,1,1,0.32693,31611,208,20.7445,1485,1485,0,0.000562963,0.00249477,0,0,0.011988,0.245959,185,125,1.12432,0,0,0,0.752532,0.243385,0.0040828,31596,8595269,30977
1,cage,43,qpFreeGate,1,1,1.47101,267576,595,22.9296,2179,2179,0,0.0034815,0.00249477,0,0,0.0036567,0,2031,564,0.292959,0,0,0,1,0,0,0,0,0
1,cage,43,qpFreeEnvelope,1,1,0.253897,17774,745,40.6163,2193,2193,0,0.000589868,2.06047e-05,0,0,0.0659159,0.943963,2743,715,0.2716,0,0,0,0.0185736,0.846211,0.135215,0,0,0
1,cage,43,qpEnvelope,1,1,0.255625,23782,210,26.2555,1755,1755,0,4.32234e-05,0.000916497,0,0,0.0158162,0.162434,183,124,1.14754,0,0,0,0.836026,0.156821,0.00715308,23766,6392066,23545
1,cage,67,isSafe,1,1,0.585655,204280,1268,16.673,11,835,0,0.00219029,0.00249477,0,0,0,0,7852,1265,0.161488,0,0,0,0,0,0,0,0,0
1,cage,67,qpFixed,1,1,0.117491,12232,70,25.1097,2077,2077,0,1.16298e-05,8.33454e-05,0,0,0.00901349,0,45,36,1.55556,0,0,0,1,0,0,12231,3493464,11418
1,cage,67,qpPlain,1,1,0.119462,12232,70,25.1097,2077,2077,0,1.16298e-05,8.33454e-05,0,0,0.00901349,0,45,36,1.55556,0,0,0,1,0,0,12231,4195233,12231
1,cage,67,qpAdaptive,1,1,0.0771528,7492,71,25.1299,1718,1718,0,1.32451e-05,7.77196e-05,0,0,0.0147501,0.383209,45,36,1.57778,0,0,0,0.615138,0.378855,0.00600721,7491,2136349,7335
1,cage,67,qpFreeGate,1,1,1.49838,281430,614,27.5123,3094,3094,0,0.00114341,0.00249477,0,0,0.00359353,0,2168,582,0.28321,0,0,0,1,0,0,0,0,0
1,cage,67,qpFreeEnvelope,1,1,0.562835,42242,1538,21.7355,1158,1158,0,0.00090336,0.00249477,0,0,0.0536805,0.905331,6073,1495,0.253252,0,0,0,0.0563906,0.832528,0.111082,0,0,0
1,cage,67,qpEnvelope,1,1,0.0630163,5717,70,25.2205,1574,1574,0,1.83066e-05,6.78828e-05,0,0,0.0194303,0.372923,45,36,1.55556,0,0,0,0.625437,0.36529,0.00927222,5716,1623222,5654
1,cage,91,isSafe,1,1,0.219634,78910,412,19.5613,11,980,0,0.00759241,0.00230129,0,0,0,0,2316,409,0.177893,0,0,0,0,0,0,0,0,0
1,cage,91,qpFixed,1,1,0.0223392,2375,20,12.2893,890,890,0,0.000887487,0.00249477,0,0,0.011349,0,8,7,2.5,0,0,0,1,0,0,2375,614088,1738
1,cage,91,qpPlain,1,1,0.0224145,2375,20,12.2893,890,890,0,0.000887487,0.00249477,0,0,0.011349,0,8,7,2.5,0,0,0,1,0,0,2375,814625,2375
1,cage,91,qpAdaptive,1,1,0.0111231,1113,19,12.3058,762,762,0,0.000820573,0.00249477,0,0,0.0242223,0.47619,8,7,2.375,0,0,0,0.519784,0.464029,0.0161871,1112,307417,1044
1,cage,91,qpFreeGate,1,1,0.612407,114644,272,13.3789,1324,1324,0,0.0100257,0.00249477,0,0,0.00400739,0,854,260,0.318501,0,0,0,1,0,0,0,0,0
1,cage,91,qpFreeEnvelope,1,1,0.0891312,6499,295,16.6027,892,892,0,0.00248908,0.00249477,0,0,0.0746427,0.941222,1014,283,0.290927,0,0,0,0.0149906,0.88351,0.101499,0,0,0
1,cage,91,qpEnvelope,1,1,0.00843452,758,19,12.333,695,695,0,0.000630473,0.00249477,0,0,0.0355188,0.379947,8,7,2.375,0,0,0,0.616909,0.359313,0.0237781,757,209963,734
1,bookshelf_tall,9,isSafe,1,1,0.152683,20603,104,11.8454,8,594,0,0.00175005,0.00249477,0,0,0,0,482,100,0.215768,0,0,0,0,0,0,0,0,0
1,bookshelf_tall,9,qpFixed,1,1,0.0111206,558,6,6.68516,559,559,0,0.00132383,0.00249477,0,0,0.0119806,0,1,1,6,0,0,0,1,0,0,558,158373,264
1,bookshelf_tall,9,qpPlain,1,1,0.0113193,558,6,6.68516,559,559,0,0.00132383,0.00249477,0,0,0.0119806,0,1,1,6,0,0,0,1,0,0,558,191394,558
1,bookshelf_tall,9,qpAdaptive,1,1,0.00503861,233,7,6.68825,433,433,0,0.00132383,0.00249477,0,0,0.028705,0.613734,1,1,7,0,0,0,0.373391,0.60515,0.0214592,233,71870,202
1,bookshelf_tall,9,qpFreeGate,1,1,0.264324,22731,68,22.9271,2298,2298,0,0.00175005,0.00249477,0,0,0.00435117,0,180,53,0.377778,0,0,0,1,0,0,0,0,0
1,bookshelf_tall,9,qpFreeEnvelope,1,1,0.0514167,1589,57,13.9873,757,757,0,0.000857195,1.22089e-07,0,0,0.0679537,0.954688,213,52,0.267606,0,0,0,0.0228282,0.836398,0.140774,0,0,0
1,bookshelf_tall,9,qpEnvelope,1,1,0.0022535,94,7,6.69709,385,385,0,0.00132383,0.00249477,0,0,0.0712457,0.765957,1,1,7,0,0,0,0.202128,0.744681,0.0531915,94,28858,83
1,bookshelf_tall,35,isSafe,1,1,0.0354123,4703,25,10.1904,7,511,0,0.00710037,0.00249477,0,0,0,0,68,20,0.367647,0,0,0,0,0,0,0,0,0
1,bookshelf_tall,35,qpFixed,1,1,0.030541,1419,17,13.7634,1175,1175,0,0.0064289,0.000707013,0,0,0.010735,0,3,3,5.66667,0,0,0,1,0,0,1419,412971,1275
1,bookshelf_tall,35,qpPlain,1,1,0.0307446,1419,17,13.7634,1175,1175,0,0.0064289,0.000707013,0,0,0.010735,0,3,3,5.66667,0,0,0,1,0,0,1419,486717,1419
1,bookshelf_tall,35,qpAdaptive,1,1,0.0154769,691,17,14.0808,922,922,0,0.00619905,0.000605412,0,0,0.0224885,0.739508,3,3,5.66667,0,0,0,0.254703,0.725036,0.0202605,691,206749,646
1,bookshelf_tall,35,qpFreeGate,1,1,0.0912849,7810,26,13.579,1343,1343,0,0.00850024,0.00249477,0,0,0.00485085,0,48,18,0.541667,0,0,0,1,0,0,0,0,0
1,bookshelf_tall,35,qpFreeEnvelope,1,1,0.0154854,482,26,10.0537,526,526,0,0.00850024,0.00249477,0,0,0.0920061,0.950207,54,22,0.481481,0,0,0,0.0417537,0.810021,0.148225,0,0,0
1,bookshelf_tall,35,qpEnvelope,1,1,0.00426106,170,14,13.8521,742,742,0,0.0056659,0.00102379,0,0,0.0895548,0.723529,3,3,4.66667,0,0,0,0.270588,0.658824,0.0705882,170,50789,154
1,bookshelf_tall,59,isSafe,1,1,0.0807587,10717,54,14.4594,9,724,0,0.00550085,0.00249477,0,0,0,0,307,49,0.175896,0,0,0,0,0,0,0,0,0
1,bookshelf_tall,59,qpFixed,1,1,0.0078562,385,6,5.53594,386,386,0,0.00469267,0.00249477,0,0,0.0143791,0,1,1,6,0,0,0,1,0,0,385,113509,167
1,bookshelf_tall,59,qpPlain,1,1,0.00796107,385,6,5.53594,386,386,0,0.00469267,0.00249477,0,0,0.0143791,0,1,1,6,0,0,0,1,0,0,385,132055,385
1,bookshelf_tall,59,qpAdaptive,1,1,0.00257769,119,6,5.54016,334,334,0,0.00469267,0.00249477,0,0,0.046556,0.731092,1,1,6,0,0,0,0.268908,0.697479,0.0336134,119,36960,91
1,bookshelf_tall,59,qpFreeGate,1,1,0.136987,11708,34,14.5353,1305,1305,0,0.0019561,0.00249477,0,0,0.00374211,0,89,21,0.382022,0,0,0,1,0,0,0,0,0
1,bookshelf_tall,59,qpFreeEnvelope,1,1,0.0220532,663,33,7.66013,405,405,0,0.00289796,0.00249477,0,0,0.0651078,0.959276,92,23,0.358696,0,0,0,0.0151976,0.829787,0.155015,0,0,0
1,bookshelf_tall,59,qpEnvelope,1,1,0.00111394,43,6,5.5628,298,298,0,0.00469267,0.00249477,0,0,0.129367,0.651163,1,1,6,0,0,0,0.348837,0.55814,0.0930233,43,13286,32
1,bookshelf_tall,84,isSafe,1,1,0.00620588,816,7,8.03249,6,403,0,0.00303427,0.00249477,0,0,0,0,4,2,1.75,0,0,0,0,0,0,0,0,0
1,bookshelf_tall,84,qpFixed,1,1,0.00609581,297,5,4.1487,298,298,0,0.00260079,0.00249477,0,0,0.0139687,0,1,1,5,0,0,0,1,0,0,297,81694,210
1,bookshelf_tall,84,qpPlain,1,1,0.00624513,297,5,4.1487,298,298,0,0.00260079,0.00249477,0,0,0.0139687,0,1,1,5,0,0,0,1,0,0,297,101871,297
1,bookshelf_tall,84,qpAdaptive,1,1,0.00273253,126,5,4.15132,270,270,0,0.00260093,0.00249477,0,0,0.032947,0.809524,1,1,5,0,0,0,0.18254,0.793651,0.0238095,126,37245,112
1,bookshelf_tall,84,qpFreeGate,1,1,0.00872471,746,7,6.62264,463,463,0,0.00303427,0.00249477,0,0,0.0116042,0,4,3,1.75,0,0,0,1,0,0,0,0,0
1,bookshelf_tall,84,qpFreeEnvelope,1,1,0.00144468,41,7,6.64727,347,347,0,0.00303427,0.00249477,0,0,0.21233,1,4,3,1.75,0,0,0,0,0.829268,0.170732,0,0,0
1,bookshelf_tall,84,qpEnvelope,1,1,0.00120062,47,6,4.16812,230,230,0,0.0026008,0.00249477,0,0,0.0886835,0.723404,1,1,6,0,0,0,0.255319,0.659574,0.0851064,47,13992,43
1,bookshelf_thin,10,isSafe,1,1,0.138833,13109,66,20.9062,12,1047,0,0.0024,0.00249477,0,0,0,0,228,62,0.289474,0,0,0,0,0,0,0,0,0
1,bookshelf_thin,10,qpFixed,1,1,0.0508076,1890,18,12.0329,1066,1066,0,0.00118063,0.00119028,0,0,0.0111547,0,4,4,4.5,0,0,0,1,0,0,1889,510534,1487
1,bookshelf_thin,10,qpPlain,1,1,0.0515013,1890,18,12.0329,1066,1066,0,0.00118063,0.00119028,0,0,0.0111547,0,4,4,4.5,0,0,0,1,0,0,1889,647927,1889
1,bookshelf_thin,10,qpAdaptive,1,1,0.0280514,993,20,12.1173,838,838,0,0.00118194,0.00119116,0,0,0.0212449,0.438066,4,4,5,0,0,0,0.554435,0.430444,0.015121,992,279870,937
1,bookshelf_thin,10,qpFreeGate,1,1,0.356419,23712,71,20.6744,2085,2085,0,0.0025945,0.000730836,0,0,0.00491603,0,161,62,0.440994,0,0,0,1,0,0,0,0,0
1,bookshelf_thin,10,qpFreeEnvelope,1,1,0.0465169,1078,54,12.7068,669,669,0,0.0025945,2.60222e-05,0,0,0.0863795,0.981447,132,50,0.409091,0,0,0,0.00372439,0.878957,0.117318,0,0,0
1,bookshelf_thin,10,qpEnvelope,1,1,0.0127442,435,15,12.5688,752,752,0,0.00107005,0.00115202,0,0,0.0450677,0.422989,3,3,5,0,0,0,0.572414,0.397701,0.0298851,435,124345,423
1,bookshelf_thin,34,isSafe,1,1,0.0360318,3614,20,16.7502,10,839,0,0.00388951,0.00249477,0,0,0,0,59,15,0.338983,0,0,0,0,0,0,0,0,0
1,bookshelf_thin,34,qpFixed,1,1,0.0187672,750,7,7.10983,574,574,0,0.00388951,0.00249477,0,0,0.0103295,0,2,2,3.5,0,0,0,1,0,0,750,201262,314
1,bookshelf_thin,34,qpPlain,1,1,0.0192686,750,7,7.10983,574,574,0,0.00388951,0.00249477,0,0,0.0103295,0,2,2,3.5,0,0,0,1,0,0,750,257250,750
1,bookshelf_thin,34,qpAdaptive,1,1,0.00550804,211,7,7.12429,409,409,0,0.00388951,0.00249477,0,0,0.0367714,0.848341,2,2,3.5,0,0,0,0.146919,0.824645,0.028436,211,54032,170
1,bookshelf_thin,34,qpFreeGate,1,1,0.114014,8126,35,17.817,1588,1588,0,0.00388951,0.00041317,0,0,0.00577116,0,59,25,0.59322,0,0,0,1,0,0,0,0,0
1,bookshelf_thin,34,qpFreeEnvelope,1,1,0.0193812,443,40,17.9951,934,934,0,0.00388951,3.99843e-09,0,0,0.110657,0.96614,59,25,0.677966,0,0,0,0.00911162,0.806378,0.18451,0,0,0
1,bookshelf_thin,34,qpEnvelope,1,1,0.00249451,85,6,7.13361,383,383,0,0.00388951,0.00249477,0,0,0.0913538,0.870588,2,2,3,0,0,0,0.129412,0.811765,0.0588235,85,22144,68
1,bookshelf_thin,58,isSafe,1,1,0.083217,8312,42,11.8583,7,594,0,0.000137027,0.00249477,0,0,0,0,165,38,0.254545,0,0,0,0,0,0,0,0,0
1,bookshelf_thin,58,qpFixed,1,1,0.0138135,542,9,5.76029,543,543,0,0.00447724,0.00249477,0,0,0.0106278,0,1,1,9,0,0,0,1,0,0,542,142075,537
1,bookshelf_thin,58,qpPlain,1,1,0.0142171,542,9,5.76029,543,543,0,0.00447724,0.00249477,0,0,0.0106278,0,1,1,9,0,0,0,1,0,0,542,185906,542
1,bookshelf_thin,58,qpAdaptive,1,1,0.0128934,497,16,13.2302,828,828,0,0.00456443,0.00249477,0,0,0.0344209,0.804829,4,4,4,0,0,0,0.179074,0.78672,0.0342052,497,131814,452
1,bookshelf_thin,58,qpFreeGate,1,1,0.308453,21796,59,18.2158,1618,1618,0,0.00583684,0.00249477,0,0,0.00441397,0,161,50,0.36646,0,0,0,1,0,0,0,0,0
1,bookshelf_thin,58,qpFreeEnvelope,1,1,0.0531013,1301,66,13.7585,740,740,0,0.00135122,0.00249477,0,0,0.0777288,0.963105,158,51,0.417722,0,0,0,0.0232019,0.83604,0.140758,0,0,0
1,bookshelf_thin,58,qpEnvelope,1,1,0.00554963,191,16,13.2576,742,742,0,0.00510546,0.00249477,0,0,0.0896415,0.979058,4,4,4,0,0,0,0,0.910995,0.0890052,191,53260,177
1,bookshelf_thin,83,isSafe,1,1,0.0773926,7283,38,14.2862,9,716,0,0.00554979,0.00249477,0,0,0,0,130,34,0.292308,0,0,0,0,0,0,0,0,0
1,bookshelf_thin,83,qpFixed,1,1,0.282583,10368,50,21.5382,1875,1875,0,0.000121602,0.00249477,0,0,0.00865671,0,48,29,1.04167,0,0,0,1,0,0,10350,2587392,7998
1,bookshelf_thin,83,qpPlain,1,1,0.296241,10368,50,21.5382,1875,1875,0,0.000121602,0.00249477,0,0,0.00865671,0,48,29,1.04167,0,0,0,1,0,0,10350,3550050,10350
1,bookshelf_thin,83,qpAdaptive,1,1,0.187646,6534,49,21.5719,1594,1594,0,0.000121588,0.00249477,0,0,0.0137436,0.259412,48,29,1.02083,0,0,0,0.737876,0.255985,0.00613874,6516,1615441,6265
1,bookshelf_thin,83,qpFreeGate,1,1,0.172082,11598,38,10.8984,989,989,0,0.0022422,0.00249477,0,0,0.00525505,0,77,33,0.493506,0,0,0,1,0,0,0,0,0
1,bookshelf_thin,83,qpFreeEnvelope,1,1,0.0294411,695,38,10.9869,581,581,0,0.000605876,0.00249477,0,0,0.0912845,0.926619,77,32,0.493506,0,0,0,0.0650289,0.815029,0.119942,0,0,0
1,bookshelf_thin,83,qpEnvelope,1,1,0.135461,4579,49,21.6032,1493,1493,0,0.000120646,0.00249477,0,0,0.0196885,0.127976,48,29,1.02083,0,0,0,0.869956,0.119956,0.0100877,4560,1133636,4494
1,table_under_pick,7,isSafe,1,1,0.0104407,1822,11,9.68922,6,486,0,0.00512191,0.00249477,0,0,0,0,25,8,0.44,0,0,0,0,0,0,0,0,0
1,table_under_pick,7,qpFixed,1,1,0.0297772,1719,12,10.7267,850,850,0,0.00166365,0.00249477,0,0,0.0102167,0,5,5,2.4,0,0,0,1,0,0,1719,520008,1345
1,table_under_pick,7,qpPlain,1,1,0.030155,1719,12,10.7267,850,850,0,0.00166365,0.00249477,0,0,0.0102167,0,5,5,2.4,0,0,0,1,0,0,1719,589617,1719
1,table_under_pick,7,qpAdaptive,1,1,0.0215332,1185,11,10.7386,787,787,0,0.00169708,0.00249477,0,0,0.0148794,0.208439,5,5,2.2,0,0,0,0.787342,0.205907,0.00675105,1185,368901,1070
1,table_under_pick,7,qpFreeGate,1,1,0.0643715,6460,25,10.9645,1026,1026,0,0.00480451,0.00249477,0,0,0.00541458,0,47,19,0.531915,0,0,0,1,0,0,0,0,0
1,table_under_pick,7,qpFreeEnvelope,1,1,0.0115499,447,30,16.5398,878,878,0,0.000317463,0.00249477,0,0,0.100365,0.975391,47,21,0.638298,0,0,0,0.00898876,0.85618,0.134831,0,0,0
1,table_under_pick,7,qpEnvelope,1,1,0.0123266,663,12,10.7341,683,683,0,0.00189787,0.00249477,0,0,0.0264433,0.25641,5,5,2.4,0,0,0,0.740573,0.241327,0.0180995,663,199407,612
1,table_under_pick,31,isSafe,1,1,0.0218975,3807,20,19.8361,11,993,0,0.00381561,0.00249477,0,0,0,0,49,15,0.408163,0,0,0,0,0,0,0,0,0
1,table_under_pick,31,qpFixed,1,1,0.0217333,1291,10,10.5724,907,907,0,0.00182596,0.00249477,0,0,0.0112469,0,2,2,5,0,0,0,1,0,0,1291,384827,792
1,table_under_pick,31,qpPlain,1,1,0.0216286,1291,10,10.5724,907,907,0,0.00182596,0.00249477,0,0,0.0112469,0,2,2,5,0,0,0,1,0,0,1291,442813,1291
1,table_under_pick,31,qpAdaptive,1,1,0.0131373,750,10,10.575,687,687,0,0.00183544,0.00249477,0,0,0.0193643,0.356,2,2,5,0,0,0,0.64,0.352,0.008,750,217796,616
1,table_under_pick,31,qpFreeGate,1,1,0.0931613,9398,31,20.3926,1477,1477,0,0.00557299,0.00249477,0,0,0.00554586,0,65,27,0.476923,0,0,0,1,0,0,0,0,0
1,table_under_pick,31,qpFreeEnvelope,1,1,0.0129168,543,27,17.0958,898,898,0,0.000114943,0.00249477,0,0,0.0752771,0.922652,65,22,0.415385,0,0,0,0.0537037,0.87037,0.0759259,0,0,0
1,table_under_pick,31,qpEnvelope,1,1,0.00703021,369,10,10.5784,585,585,0,0.00182158,0.00249477,0,0,0.0393854,0.222222,2,2,5,0,0,0,0.775068,0.208672,0.0162602,369,109129,328
1,table_under_pick,55,isSafe,1,1,0.0121514,2123,13,14.3703,9,720,0,0.00789116,0.00249477,0,0,0,0,31,9,0.419355,0,0,0,0,0,0,0,0,0
1,table_under_pick,55,qpFixed,1,1,0.0120142,710,8,8.90833,694,694,0,0.00182454,0.00249477,0,0,0.0125838,0,2,2,4,0,0,0,1,0,0,710,198493,497
1,table_under_pick,55,qpPlain,1,1,0.0122313,710,8,8.90833,694,694,0,0.00182454,0.00249477,0,0,0.0125838,0,2,2,4,0,0,0,1,0,0,710,243530,710
1,table_under_pick,55,qpAdaptive,1,1,0.00674481,377,8,8.91503,586,586,0,0.00158095,0.00249477,0,0,0.0237172,0.381963,2,2,4,0,0,0,0.618037,0.374005,0.00795756,377,106836,352
1,table_under_pick,55,qpFreeGate,1,1,0.0352608,3522,14,9.6584,798,798,0,0.00789116,0.00249477,0,0,0.00570164,0,26,10,0.538462,0,0,0,1,0,0,0,0,0
1,table_under_pick,55,qpFreeEnvelope,1,1,0.00698684,294,13,8.31238,494,494,0,3.84125e-05,0.00249477,0,0,0.0580115,0.891156,26,9,0.5,0,0,0,0.105802,0.788396,0.105802,0,0,0
1,table_under_pick,55,qpEnvelope,1,1,0.00450108,235,8,8.94092,546,546,0,0.000907457,0.00249477,0,0,0.038194,0.442553,2,2,4,0,0,0,0.557447,0.425532,0.0170213,235,68209,223
1,table_under_pick,80,isSafe,1,1,0.021514,3822,21,10.6795,7,535,0,0.00147102,0.00249477,0,0,0,0,72,17,0.291667,0,0,0,0,0,0,0,0,0
1,table_under_pick,80,qpFixed,1,1,0.137072,7808,45,23.244,2102,2102,0,0.000104275,0.00249477,0,0,0.0097326,0,24,21,1.875,0,0,0,1,0,0,7805,2075696,7113
1,table_under_pick,80,qpPlain,1,1,0.141309,7808,45,23.244,2102,2102,0,0.000104275,0.00249477,0,0,0.0097326,0,24,21,1.875,0,0,0,1,0,0,7805,2677115,7805
1,table_under_pick,80,qpAdaptive,1,1,0.102425,5582,45,23.2547,1907,1907,0,0.000103798,0.00249477,0,0,0.0136209,0.270512,24,21,1.875,0,0,0,0.728495,0.267204,0.00430108,5580,1483478,5444
1,table_under_pick,80,qpFreeGate,1,1,0.091672,9254,22,12.7117,1246,1246,0,0.00350021,0.00249477,0,0,0.00363351,0,74,17,0.297297,0,0,0,1,0,0,0,0,0
1,table_under_pick,80,qpFreeEnvelope,1,1,0.0149391,576,23,12.9097,686,686,0,0.00205236,0.00249477,0,0,0.0603871,0.979167,74,19,0.310811,0,0,0,0.0104167,0.871528,0.118056,0,0,0
1,table_under_pick,80,qpEnvelope,1,1,0.0766783,3975,48,23.2428,1705,1705,0,0.000113873,0.00249477,0,0,0.0198632,0.248553,24,21,2,0,0,0,0.75044,0.240252,0.00930818,3975,1075389,3897
1,bookshelf_small,4,isSafe,1,1,0.00763571,1945,12,14.9431,9,749,0,0.00293908,0.00249477,0,0,0,0,24,6,0.5,0,0,0,0,0,0,0,0,0
1,bookshelf_small,4,qpFixed,1,1,0.0378044,2859,27,18.4791,1529,1529,0,0.0028692,0.00249477,0,0,0.0118645,0,9,8,3,0,0,0,1,0,0,2857,781000,1970
1,bookshelf_small,4,qpPlain,1,1,0.0394556,2859,27,18.4791,1529,1529,0,0.0028692,0.00249477,0,0,0.0118645,0,9,8,3,0,0,0,1,0,0,2857,979951,2857
1,bookshelf_small,4,qpAdaptive,1,1,0.0218362,1525,26,18.4907,1190,1190,0,0.00287056,0.00249477,0,0,0.0222386,0.487869,9,8,2.88889,0,0,0,0.506238,0.479317,0.0144452,1523,419091,1311
1,bookshelf_small,4,qpFreeGate,1,1,0.0072103,873,8,8.47904,727,727,0,0.00290217,0.00249477,0,0,0.0101312,0,2,1,4,0,0,0,1,0,0,0,0,0
1,bookshelf_small,4,qpFreeEnvelope,1,1,0.000919389,38,8,8.48297,439,439,0,0.00289075,0.00249477,0,0,0.233231,0.894737,2,1,4,0,0,0,0.105263,0.710526,0.184211,0,0,0
1,bookshelf_small,4,qpEnvelope,1,1,0.00648275,386,21,18.377,994,994,0,0.00287149,0.00249477,0,0,0.0776872,0.494819,9,8,2.33333,0,0,0,0.497382,0.450262,0.052356,382,103941,336
1,bookshelf_small,31,isSafe,1,1,0.0476876,12100,62,10.6891,7,536,0,0.00341551,0.00249477,0,0,0,0,195,58,0.317949,0,0,0,0,0,0,0,0,0
1,bookshelf_small,31,qpFixed,1,1,0.00659659,537,7,8.393,540,540,0,0.00744522,0.00249477,0,0,0.0156294,0,1,1,7,0,0,0,1,0,0,537,139860,176
1,bookshelf_small,31,qpPlain,1,1,0.00708996,537,7,8.393,540,540,0,0.00744522,0.00249477,0,0,0.0156294,0,1,1,7,0,0,0,1,0,0,537,184191,537
1,bookshelf_small,31,qpAdaptive,1,1,0.00221554,162,7,8.39389,502,502,0,0.00744529,0.00249477,0,0,0.0518141,0.691358,1,1,7,0,0,0,0.308642,0.666667,0.0246914,162,50073,102
1,bookshelf_small,31,qpFreeGate,1,1,0.13577,16470,57,18.6705,1592,1592,0,0.00602495,0.00249477,0,0,0.00493569,0,91,39,0.626374,0,0,0,1,0,0,0,0,0
1,bookshelf_small,31,qpFreeEnvelope,1,1,0.0117287,575,32,12.0907,629,629,0,0.00592882,0.00249477,0,0,0.0903401,0.975652,66,25,0.484848,0,0,0,0.0156522,0.829565,0.154783,0,0,0
1,bookshelf_small,31,qpEnvelope,1,1,0.00100564,58,7,8.40497,448,448,0,0.00737832,0.00249477,0,0,0.144913,0.586207,1,1,7,0,0,0,0.396552,0.517241,0.0862069,58,18173,43
1,bookshelf_small,55,isSafe,1,1,0.00435955,1140,8,9.05065,6,454,0,0.0032307,0.00249477,0,0,0,0,4,3,2,0,0,0,0,0,0,0,0,0
1,bookshelf_small,55,qpFixed,1,1,0.0116541,846,8,8.09137,587,587,0,0.00578278,0.00249477,0,0,0.012139,0,2,2,4,0,0,0,1,0,0,846,225019,695
1,bookshelf_small,55,qpPlain,1,1,0.0122476,846,8,8.09137,587,587,0,0.00578278,0.00249477,0,0,0.012139,0,2,2,4,0,0,0,1,0,0,846,290178,846
1,bookshelf_small,55,qpAdaptive,1,1,0.00935477,638,8,8.08679,527,527,0,0.00534389,0.00249477,0,0,0.0160964,0.173981,2,2,4,0,0,0,0.826019,0.169279,0.00470219,638,173684,563
1,bookshelf_small,55,qpFreeGate,1,1,0.0127918,1558,20,8.8075,889,889,0,0.00410806,0.00249477,0,0,0.00628091,0,8,4,2.5,0,0,0,1,0,0,0,0,0
1,bookshelf_small,55,qpFreeEnvelope,1,1,0.00269045,150,11,11.9497,634,634,0,0.00219301,0.00249477,0,0,0.0863163,0.98,9,5,1.22222,0,0,0,0.02,0.886667,0.0933333,0,0,0
1,bookshelf_small,55,qpEnvelope,1,1,0.00556347,356,8,8.0587,473,473,0,0.00156136,0.00249477,0,0,0.0288761,0.103933,2,2,4,0,0,0,0.896067,0.0926966,0.011236,356,96402,323
1,bookshelf_small,79,isSafe,1,1,0.0185461,4699,25,16.2766,10,815,0,0.00534725,0.00249477,0,0,0,0,91,21,0.274725,0,0,0,0,0,0,0,0,0
1,bookshelf_small,79,qpFixed,1,1,0.0123791,871,9,10.8514,872,872,0,0.000224295,0.00249477,0,0,0.0124585,0,1,1,9,0,0,0,1,0,0,871,253918,521
1,bookshelf_small,79,qpPlain,1,1,0.0125059,871,9,10.8514,872,872,0,0.000224295,0.00249477,0,0,0.0124585,0,1,1,9,0,0,0,1,0,0,871,298753,871
1,bookshelf_small,79,qpAdaptive,1,1,0.00858595,538,9,10.8535,795,795,0,0.000226812,0.00249477,0,0,0.0201737,0.17658,1,1,9,0,0,0,0.82342,0.171004,0.00557621,538,162055,480
1,bookshelf_small,79,qpFreeGate,1,1,0.151092,18295,57,15.5777,1317,1317,0,0.00464133,0.00249477,0,0,0.00500568,0,119,48,0.478992,0,0,0,1,0,0,0,0,0
1,bookshelf_small,79,qpFreeEnvelope,1,1,0.0197703,965,56,15.7994,824,824,0,0.00443489,0.00249477,0,0,0.0918969,0.966839,119,48,0.470588,0,0,0,0.0177824,0.823222,0.158996,0,0,0
1,bookshelf_small,79,qpEnvelope,1,1,0.00686956,411,9,10.862,725,725,0,0.000252282,0.00249477,0,0,0.0264283,0.124088,1,1,9,0,0,0,0.875912,0.116788,0.00729927,411,123721,383
1,box,4,isSafe,1,1,0.0145129,3871,22,14.0129,9,702,0,0.00987155,0.00249477,0,0,0,0,57,17,0.385965,0,0,0,0,0,0,0,0,0
1,box,4,qpFixed,1,1,0.0063702,489,7,6.40881,490,490,0,0.00117013,0.00249477,0,0,0.013106,0,1,1,7,0,0,0,1,0,0,489,131823,257
1,box,4,qpPlain,1,1,0.00644322,489,7,6.40881,490,490,0,0.00117013,0.00249477,0,0,0.013106,0,1,1,7,0,0,0,1,0,0,489,167727,489
1,box,4,qpAdaptive,1,1,0.00247883,175,7,6.41328,404,404,0,0.00111512,0.00249477,0,0,0.0366473,0.48,1,1,7,0,0,0,0.52,0.457143,0.0228571,175,50473,154
1,box,4,qpFreeGate,1,1,0.0578749,7314,25,10.5078,922,922,0,0.0166567,0.00249477,0,0,0.00472525,0,47,18,0.531915,0,0,0,1,0,0,0,0,0
1,box,4,qpFreeEnvelope,1,1,0.00838756,425,29,10.6578,555,555,0,0.0166534,0.00249477,0,0,0.0894605,0.974118,47,22,0.617021,0,0,0,0.0141509,0.832547,0.153302,0,0,0
1,box,4,qpEnvelope,1,1,0.00582833,350,18,17.8673,992,992,0,0.00338334,0.000779456,0,0,0.0759344,0.868571,7,7,2.57143,0,0,0,0.128571,0.825714,0.0457143,350,97567,310
1,box,28,isSafe,1,1,0.00401569,1069,8,8.41913,6,422,0,0.00290062,0.00249477,0,0,0,0,10,4,0.8,0,0,0,0,0,0,0,0,0
1,box,28,qpFixed,1,1,0.00574445,463,6,6.6914,464,464,0,0.00892317,0.00249477,0,0,0.0144523,0,1,1,6,0,0,0,1,0,0,463,129103,152
1,box,28,qpPlain,1,1,0.00612932,463,6,6.6914,464,464,0,0.00892317,0.00249477,0,0,0.0144523,0,1,1,6,0,0,0,1,0,0,463,158809,463
1,box,28,qpAdaptive,1,1,0.00142919,108,6,6.69099,377,377,0,0.00856946,0.00249477,0,0,0.0619536,0.712963,1,1,6,0,0,0,0.287037,0.685185,0.0277778,108,31695,76
1,box,28,qpFreeGate,1,1,0.0324539,4125,23,9.03485,851,851,0,0.00801937,0.00249477,0,0,0.00540891,0,26,10,0.884615,0,0,0,1,0,0,0,0,0
1,box,28,qpFreeEnvelope,1,1,0.00478826,244,18,9.34087,492,492,0,0.00243122,0.00249477,0,0,0.0957459,0.97541,26,10,0.692308,0,0,0,0.00819672,0.840164,0.151639,0,0,0
1,box,28,qpEnvelope,1,1,0.000953327,50,6,6.69076,356,356,0,0.00697081,0.00249477,0,0,0.133815,0.62,1,1,6,0,0,0,0.38,0.56,0.06,50,14623,37
1,box,52,isSafe,1,1,0.00943974,2541,15,10.178,7,510,0,0.00887417,0.00249477,0,0,0,0,44,11,0.340909,0,0,0,0,0,0,0,0,0
1,box,52,qpFixed,1,1,0.00539609,448,5,5.52196,449,449,0,0.0177097,0.00249477,0,0,0.0123258,0,1,1,5,0,0,0,1,0,0,448,116174,112
1,box,52,qpPlain,1,1,0.0058951,448,5,5.52196,449,449,0,0.0177097,0.00249477,0,0,0.0123258,0,1,1,5,0,0,0,1,0,0,448,153664,448
1,box,52,qpAdaptive,1,1,0.00087086,64,5,5.52068,304,304,0,0.0174621,0.00249477,0,0,0.0862606,0.8125,1,1,5,0,0,0,0.1875,0.765625,0.046875,64,18559,42
1,box,52,qpFreeGate,1,1,0.185799,23518,63,23.8365,2594,2594,0,0.000738253,0.00249477,0,0,0.0039835,0,149,52,0.422819,0,0,0,1,0,0,0,0,0
1,box,52,qpFreeEnvelope,1,1,0.0102794,552,36,16.179,877,877,0,0.00123453,0.00249477,0,0,0.0806209,0.931159,57,24,0.631579,0,0,0,0.0474453,0.824818,0.127737,0,0,0
1,box,52,qpEnvelope,1,1,0.00045258,27,5,5.51568,290,290,0,0.0166122,0.00249477,0,0,0.204284,1,1,1,5,0,0,0,0,0.888889,0.111111,27,7705,18
1,box,76,isSafe,1,1,0.024756,6585,34,21.5648,12,1080,0,0.0351834,0.00249477,0,0,0,0,99,30,0.343434,0,0,0,0,0,0,0,0,0
1,box,76,qpFixed,1,1,0.0207869,1597,14,10.6427,833,833,0,0.00264714,0.00249477,0,0,0.0120776,0,5,5,2.8,0,0,0,1,0,0,1597,410939,1220
1,box,76,qpPlain,1,1,0.0219928,1597,14,10.6427,833,833,0,0.00264714,0.00249477,0,0,0.0120776,0,5,5,2.8,0,0,0,1,0,0,1597,547771,1597
1,box,76,qpAdaptive,1,1,0.00950627,670,14,10.6683,693,693,0,0.00258118,0.00249477,0,0,0.0288217,0.58806,5,5,2.8,0,0,0,0.40597,0.579104,0.0149254,670,183271,580
1,box,76,qpFreeGate,1,1,0.104424,13228,41,20.7845,1790,1790,0,0.00988956,0.00249477,0,0,0.00493996,0,79,33,0.518987,0,0,0,1,0,0,0,0,0
1,box,76,qpFreeEnvelope,1,1,0.00607432,320,26,14.9221,790,790,0,0.00147674,0.00249477,0,0,0.107031,0.928125,33,17,0.787879,0,0,0,0.0470219,0.830721,0.122257,0,0,0
1,box,76,qpEnvelope,1,1,0.00410882,259,14,10.6778,605,605,0,0.00205301,0.00249477,0,0,0.0747779,0.513514,5,5,2.8,0,0,0,0.478764,0.46332,0.0579151,259,74154,236
1,box,100,isSafe,1,1,0.00296481,832,7,8.21993,6,412,0,0.0186316,0.00249477,0,0,0,0,3,1,2.33333,0,0,0,0,0,0,0,0,0
1,box,100,qpFixed,1,1,0.00595702,500,10,6.89999,501,501,0,0.0369507,0.00249477,0,0,0.0138,0,1,1,10,0,0,0,1,0,0,500,115892,214
1,box,100,qpPlain,1,1,0.00645199,500,10,6.89999,501,501,0,0.0369507,0.00249477,0,0,0.0138,0,1,1,10,0,0,0,1,0,0,500,171500,500
1,box,100,qpAdaptive,1,1,0.00112701,79,12,6.92293,387,387,0,0.0367852,0.00249477,0,0,0.087632,0.949367,1,1,12,0,0,0,0,0.873418,0.126582,79,20453,47
1,box,100,qpFreeGate,1,1,0.00454508,600,8,6.76683,601,601,0,0.0284448,0.00249477,0,0,0.011278,0,1,1,8,0,0,0,1,0,0,0,0,0
1,box,100,qpFreeEnvelope,1,1,0.000786794,38,10,6.81737,360,360,0,0.024512,0.00249477,0,0,0.179404,1,1,1,10,0,0,0,0,0.789474,0.210526,0,0,0
1,box,100,qpEnvelope,1,1,0.00074135,43,11,9.91045,514,514,0,0.0363802,0.00249477,0,0,0.259103,1,2,2,5.5,0,0,0,0,0.767442,0.232558,43,11430,22
1,table_pick,24,isSafe,1,1,0.0222345,3884,20,6.92552,5,348,0,0.0031621,0.00249477,0,0,0,0,58,16,0.344828,0,0,0,0,0,0,0,0,0
1,table_pick,24,qpFixed,1,1,0.0328417,1875,12,9.06434,778,778,0,5.92774e-05,0.00249477,0,0,0.00919296,0,7,5,1.71429,0,0,0,1,0,0,1874,488144,1299
1,table_pick,24,qpPlain,1,1,0.0344045,1875,12,9.06434,778,778,0,5.92774e-05,0.00249477,0,0,0.00919296,0,7,5,1.71429,0,0,0,1,0,0,1874,642782,1874
1,table_pick,24,qpAdaptive,1,1,0.0196953,1015,12,9.07104,671,671,0,5.92774e-05,0.00249477,0,0,0.0170043,0.160591,7,5,1.71429,0,0,0,0.838264,0.151874,0.00986193,1014,267241,933
1,table_pick,24,qpFreeGate,1,1,0.0742552,7338,29,16.3733,1360,1360,0,0.0018771,0.00249477,0,0,0.00594435,0,58,24,0.5,0,0,0,1,0,0,0,0,0
1,table_pick,24,qpFreeEnvelope,1,1,0.00953869,322,32,18.1048,937,937,0,0.00102759,0.00249477,0,0,0.122439,0.975155,47,19,0.680851,0,0,0,0.0155763,0.775701,0.208723,0,0,0
1,table_pick,24,qpEnvelope,1,1,0.0178046,880,12,9.09746,622,622,0,6.20073e-05,0.00249477,0,0,0.0197702,0.0545455,7,5,1.71429,0,0,0,0.944255,0.0443686,0.0113766,879,230476,852
1,table_pick,48,isSafe,1,1,0.0102581,1780,11,11.2895,7,566,0,0.00268076,0.00249477,0,0,0,0,20,7,0.55,0,0,0,0,0,0,0,0,0
1,table_pick,48,qpFixed,1,1,0.00970543,631,6,7.71452,632,632,0,0.00393826,0.00249477,0,0,0.0122259,0,1,1,6,0,0,0,1,0,0,631,145902,155
1,table_pick,48,qpPlain,1,1,0.0105587,631,6,7.71452,632,632,0,0.00393826,0.00249477,0,0,0.0122259,0,1,1,6,0,0,0,1,0,0,631,216433,631
1,table_pick,48,qpAdaptive,1,1,0.00133307,79,6,7.71491,425,425,0,0.00393826,0.00249477,0,0,0.0976571,0.620253,1,1,6,0,0,0,0.379747,0.56962,0.0506329,79,21327,57
1,table_pick,48,qpFreeGate,1,1,0.0867782,8782,32,13.836,1147,1147,0,0.00228139,0.00249477,0,0,0.00556984,0,69,27,0.463768,0,0,0,1,0,0,0,0,0
1,table_pick,48,qpFreeEnvelope,1,1,0.0125957,463,28,13.6815,717,717,0,0.0028868,0.00249477,0,0,0.103972,0.978402,69,24,0.405797,0,0,0,0.00218341,0.842795,0.155022,0,0,0
1,table_pick,48,qpEnvelope,1,1,0.000805302,37,6,7.71879,406,406,0,0.00381991,0.00249477,0,0,0.208616,0.783784,1,1,6,0,0,0,0.216216,0.675676,0.108108,37,10103,27
1,table_pick,72,isSafe,1,1,0.00723849,1276,9,12.5336,8,628,0,0.00239496,0.00249477,0,0,0,0,5,3,1.8,0,0,0,0,0,0,0,0,0
1,table_pick,72,qpFixed,1,1,0.00953502,632,6,7.10132,633,633,0,0.0058469,0.00249477,0,0,0.0112363,0,1,1,6,0,0,0,1,0,0,632,143515,113
1,table_pick,72,qpPlain,1,1,0.0106648,632,6,7.10132,633,633,0,0.0058469,0.00249477,0,0,0.0112363,0,1,1,6,0,0,0,1,0,0,632,216776,632
1,table_pick,72,qpAdaptive,1,1,0.00160473,98,6,7.10127,397,397,0,0.00575439,0.00249477,0,0,0.0724619,0.755102,1,1,6,0,0,0,0.244898,0.714286,0.0408163,98,25014,73
1,table_pick,72,qpFreeGate,1,1,0.0133991,1345,12,12.2185,986,986,0,0.00169398,0.00249477,0,0,0.00920963,0,5,3,2.4,0,0,0,1,0,0,0,0,0
1,table_pick,72,qpFreeEnvelope,1,1,0.00236502,92,18,12.426,659,659,0,0.00179078,0.00249477,0,0,0.137166,0.902174,5,3,3.6,0,0,0,0.0434783,0.771739,0.184783,0,0,0
1,table_pick,72,qpEnvelope,1,1,0.000932799,48,6,7.10138,381,381,0,0.00560008,0.00249477,0,0,0.147945,1,1,1,6,0,0,0,0,0.916667,0.0833333,48,12360,35
1,table_pick,96,isSafe,1,1,0.0190915,2951,17,4.31062,4,217,0,0.00432782,0.00249477,0,0,0,0,34,13,0.5,0,0,0,0,0,0,0,0,0
1,table_pick,96,qpFixed,1,1,0.00691489,422,5,5.51516,423,423,0,0.00705272,0.00249477,0,0,0.0130691,0,1,1,5,0,0,0,1,0,0,422,89620,57
1,table_pick,96,qpPlain,1,1,0.00768825,422,5,5.51516,423,423,0,0.00705272,0.00249477,0,0,0.0130691,0,1,1,5,0,0,0,1,0,0,422,144746,422
1,table_pick,96,qpAdaptive,1,1,0.000901246,49,5,5.51836,303,303,0,0.00705272,0.00249477,0,0,0.11262,0.816327,1,1,5,0,0,0,0.183673,0.755102,0.0612245,49,12064,26
1,table_pick,96,qpFreeGate,1,1,0.0417511,3953,20,3.47772,252,252,0,0.00419921,0.00249477,0,0,0.00705801,0,34,16,0.588235,0,0,0,1,0,0,0,0,0
1,table_pick,96,qpFreeEnvelope,1,1,0.00758953,264,19,3.55277,192,192,0,0.00419864,0.00249477,0,0,0.104844,0.909091,34,15,0.558824,0,0,0,0.0757576,0.795455,0.128788,0,0,0
1,table_pick,96,qpEnvelope,1,1,0.000654516,28,5,5.52012,289,289,0,0.00706971,0.00249477,0,0,0.197147,0.785714,1,1,5,0,0,0,0.214286,0.678571,0.107143,28,6835,18
1,cage,20,isSafe,1,1,3.10837,738885,5716,29.3506,17,1469,0,0.0051568,0.00249477,0,0,0,0,32592,5713,0.17538,0,0,0,0,0,0,0,0,0
1,cage,20,qpFixed,1,1,0.119138,8542,48,10.9172,953,953,0,0.000160501,0.00249477,0,0,0.00949549,0,31,23,1.54839,0,0,0,1,0,0,8541,2277998,6867
1,cage,20,qpPlain,1,1,0.12396,8542,48,10.9172,953,953,0,0.000160501,0.00249477,0,0,0.00949549,0,31,23,1.54839,0,0,0,1,0,0,8541,2929563,8541
1,cage,20,qpAdaptive,1,1,0.0751756,5029,48,10.9221,790,790,0,0.000148738,0.00249477,0,0,0.0161149,0.29489,31,23,1.54839,0,0,0,0.703402,0.289835,0.00676348,5027,1357857,4822
1,cage,20,qpFreeGate,1,1,2.64499,323880,730,18.8253,2268,2268,0,0.00195876,0.000847082,0,0,0.00376094,0,2440,705,0.29918,0,0,0,1,0,0,0,0,0
1,cage,20,qpFreeEnvelope,1,1,0.704561,34912,1483,33.1275,1799,1799,0,0.000153176,1.92575e-05,0,0,0.063839,0.909172,5390,1439,0.275139,0,0,0,0.0508932,0.820554,0.128552,0,0,0
1,cage,20,qpEnvelope,1,1,0.0583752,3753,48,10.9252,730,730,0,0.000103454,0.00249477,0,0,0.0216271,0.183054,31,23,1.54839,0,0,0,0.814983,0.174087,0.0109304,3751,1001924,3670
1,cage,44,isSafe,1,1,0.19307,48060,253,16.2147,10,812,0,0.00689355,0.00249477,0,0,0,0,1333,249,0.189797,0,0,0,0,0,0,0,0,0
1,cage,44,qpFixed,1,1,0.108596,7730,49,19.2133,1510,1510,0,2.24332e-05,0.00249477,0,0,0.00925911,0,25,23,1.96,0,0,0,1,0,0,7730,2145773,6953
1,cage,44,qpPlain,1,1,0.111266,7730,49,19.2133,1510,1510,0,2.24332e-05,0.00249477,0,0,0.00925911,0,25,23,1.96,0,0,0,1,0,0,7730,2651390,7730
1,cage,44,qpAdaptive,1,1,0.075564,5111,49,19.2224,1335,1335,0,2.12253e-05,0.00249477,0,0,0.0140088,0.30992,25,23,1.96,0,0,0,0.687928,0.305811,0.00626101,5111,1437472,5027
1,cage,44,qpFreeGate,1,1,1.19824,152111,349,17.2491,2507,2507,0,0.000607982,0.00249477,0,0,0.0039264,0,1104,321,0.316123,0,0,0,1,0,0,0,0,0
1,cage,44,qpFreeEnvelope,1,1,0.522149,27830,1015,18.3429,1040,1040,0,4.65521e-06,0.000689455,0,0,0.0581264,0.932555,3702,985,0.274176,0,0,0,0.0382156,0.844486,0.117299,0,0,0
1,cage,44,qpEnvelope,1,1,0.0560742,3557,48,19.2742,1172,1172,0,1.54206e-05,0.00249477,0,0,0.0201076,0.252179,25,23,1.92,0,0,0,0.746697,0.24262,0.0106832,3557,990810,3529
1,cage,68,isSafe,1,1,0.305982,79086,433,23.939,14,1198,0,0.00216002,0.00249477,0,0,0,0,2290,430,0.189083,0,0,0,0,0,0,0,0,0
1,cage,68,qpFixed,1,1,0.335067,25058,135,17.6486,1493,1493,0,0.00690283,0.00249477,0,0,0.00890818,0,94,75,1.43617,0,0,0,1,0,0,25049,6679207,21547
1,cage,68,qpPlain,1,1,0.348317,25058,135,17.6486,1493,1493,0,0.00690283,0.00249477,0,0,0.00890818,0,94,75,1.43617,0,0,0,1,0,0,25049,8591807,25049
1,cage,68,qpAdaptive,1,1,0.227367,15958,135,17.7919,1078,1078,0,0.00692446,0.00249477,0,0,0.014021,0.311129,94,75,1.43617,0,0,0,0.686752,0.307543,0.00570569,15949,4260272,15517
1,cage,68,qpFreeGate,1,1,2.25316,288645,696,25.1331,2417,2417,0,0.00277861,0.00249477,0,0,0.0038093,0,2187,657,0.318244,0,0,0,1,0,0,0,0,0
1,cage,68,qpFreeEnvelope,1,1,0.313383,16613,677,17.3745,982,982,0,0.000154436,0.000149438,0,0,0.0646723,0.927045,2299,650,0.294476,0,0,0,0.0388781,0.842784,0.118338,0,0,0
1,cage,68,qpEnvelope,1,1,0.12545,8376,114,17.129,923,923,0,0.00363871,0.00249477,0,0,0.0212624,0.263968,72,58,1.58333,0,0,0,0.733317,0.255083,0.0116001,8362,2222849,8206
1,cage,92,isSafe,1,1,0.280316,72758,393,24.3393,14,1218,0,0.00196466,0.00249477,0,0,0,0,1991,388,0.197388,0,0,0,0,0,0,0,0,0
1,cage,92,qpFixed,1,1,0.209769,15631,80,23.9877,2014,2014,0,9.65676e-05,0.00249477,0,0,0.00898217,0,61,45,1.31148,0,0,0,1,0,0,15629,4253938,13860
1,cage,92,qpPlain,1,1,0.216763,15631,80,23.9877,2014,2014,0,9.65676e-05,0.00249477,0,0,0.00898217,0,61,45,1.31148,0,0,0,1,0,0,15629,5360747,15629
1,cage,92,qpAdaptive,1,1,0.144866,10178,80,24.0251,1689,1689,0,8.27455e-05,0.00249477,0,0,0.0138135,0.277559,61,45,1.31148,0,0,0,0.719634,0.274862,0.00550314,10176,2742570,9952
1,cage,92,qpFreeGate,1,1,1.97073,253658,600,21.7819,2279,2279,0,0.00688667,0.00249477,0,0,0.00387715,0,1925,569,0.311688,0,0,0,1,0,0,0,0,0
1,cage,92,qpFreeEnvelope,1,1,0.13165,6713,323,25.9754,1377,1377,0,0.000340659,0.00249477,0,0,0.0795014,0.938031,962,290,0.335759,0,0,0,0.0330927,0.821149,0.145758,0,0,0
1,cage,92,qpEnvelope,1,1,0.109826,7451,81,24.0755,1524,1524,0,5.18437e-05,0.00249477,0,0,0.0189273,0.19796,61,45,1.32787,0,0,0,0.800913,0.190495,0.00859176,7449,1984516,7353
1,bookshelf_tall,10,isSafe,1,1,0.00717182,956,7,9.00351,6,452,0,0.00394803,0.00249477,0,0,0,0,17,3,0.411765,0,0,0,0,0,0,0,0,0
1,bookshelf_tall,10,qpFixed,1,1,0.0332839,1599,20,13.1549,987,987,0,0.00315691,0.00249477,0,0,0.0123743,0,5,5,4,0,0,0,1,0,0,1599,464978,1399
1,bookshelf_tall,10,qpPlain,1,1,0.0339564,1599,20,13.1549,987,987,0,0.00315691,0.00249477,0,0,0.0123743,0,5,5,4,0,0,0,1,0,0,1599,548457,1599
1,bookshelf_tall,10,qpAdaptive,1,1,0.0227979,1042,20,13.1557,885,885,0,0.0031475,0.00249477,0,0,0.0189689,0.429942,5,5,4,0,0,0,0.568138,0.417466,0.0143954,1042,306393,986
1,bookshelf_tall,10,qpFreeGate,1,1,0.0865961,7601,20,8.03143,795,795,0,0.00396562,0.00249477,0,0,0.00429044,0,56,16,0.357143,0,0,0,1,0,0,0,0,0
1,bookshelf_tall,10,qpFreeEnvelope,1,1,0.0165285,541,20,8.11619,431,431,0,0.00396562,0.00249477,0,0,0.0593164,0.97597,56,16,0.357143,0,0,0,0.0203327,0.872458,0.107209,0,0,0
1,bookshelf_tall,10,qpEnvelope,1,1,0.00943592,415,18,13.1995,743,743,0,0.00317733,0.00249477,0,0,0.0477428,0.344578,5,5,3.6,0,0,0,0.655422,0.303614,0.0409639,415,122932,399
1,bookshelf_tall,36,isSafe,1,1,0.021287,2802,16,13.4981,8,676,0,0.00318853,0.00249477,0,0,0,0,23,11,0.695652,0,0,0,0,0,0,0,0,0
1,bookshelf_tall,36,qpFixed,1,1,0.133919,6243,42,20.5359,1736,1736,0,0.000182064,0.00154802,0,0,0.00870701,0,18,14,2.33333,0,0,0,1,0,0,6242,1794738,5721
1,bookshelf_tall,36,qpPlain,1,1,0.135652,6243,42,20.5359,1736,1736,0,0.000182064,0.00154802,0,0,0.00870701,0,18,14,2.33333,0,0,0,1,0,0,6242,2141006,6242
1,bookshelf_tall,36,qpAdaptive,1,1,0.0211166,956,14,11.5372,742,742,0,0.00529606,0.00249477,0,0,0.018033,0.438285,2,2,7,0,0,0,0.558577,0.430962,0.0104603,956,268137,914
1,bookshelf_tall,36,qpFreeGate,1,1,0.0578933,4995,20,15.4313,1447,1447,0,0.00285924,0.00249477,0,0,0.00600264,0,26,15,0.769231,0,0,0,1,0,0,0,0,0
1,bookshelf_tall,36,qpFreeEnvelope,1,1,0.00872545,274,18,15.4953,822,822,0,0.00290824,0.00249477,0,0,0.110469,0.992701,26,14,0.692308,0,0,0,0,0.861314,0.138686,0,0,0
1,bookshelf_tall,36,qpEnvelope,1,1,0.0116698,490,14,11.5579,620,620,0,0.00514471,0.00249477,0,0,0.0352448,0.253061,2,2,7,0,0,0,0.744898,0.232653,0.022449,490,146147,475
1,bookshelf_tall,60,isSafe,1,1,0.0190095,2477,15,16.1408,10,809,0,0.00215193,0.000258985,0,0,0,0,35,8,0.428571,0,0,0,0,0,0,0,0,0
1,bookshelf_tall,60,qpFixed,1,1,0.0146109,705,7,7.82354,706,706,0,0.00174478,0.000304153,0,0,0.0110972,0,1,1,7,0,0,0,1,0,0,705,209732,534
1,bookshelf_tall,60,qpPlain,1,1,0.0147658,705,7,7.82354,706,706,0,0.00174478,0.000304153,0,0,0.0110972,0,1,1,7,0,0,0,1,0,0,705,241815,705
1,bookshelf_tall,60,qpAdaptive,1,1,0.00728506,335,7,7.81438,562,562,0,0.00188677,0.000307956,0,0,0.0233265,0.429851,1,1,7,0,0,0,0.567164,0.420896,0.0119403,335,104031,276
1,bookshelf_tall,60,qpFreeGate,1,1,0.34886,29858,62,20.8316,2147,2147,0,0.00143684,0.00207615,0,0,0.00376522,0,183,53,0.338798,0,0,0,1,0,0,0,0,0
1,bookshelf_tall,60,qpFreeEnvelope,1,1,0.0474067,1427,93,26.5727,1424,1424,0,1.11406e-05,1.2888e-06,0,0,0.105771,0.834618,300,87,0.31,0,0,0,0.0273669,0.83432,0.138314,0,0,0
1,bookshelf_tall,60,qpEnvelope,1,1,0.00358519,155,7,7.80352,468,468,0,0.00205471,0.000298625,0,0,0.0503453,0.393548,1,1,7,0,0,0,0.606452,0.367742,0.0258065,155,48041,128
1,bookshelf_tall,85,isSafe,1,1,0.024561,2926,17,13.9122,9,697,0,0.00142842,0.00249477,0,0,0,0,46,13,0.369565,0,0,0,0,0,0,0,0,0
1,bookshelf_tall,85,qpFixed,1,1,0.228267,10152,48,20.8324,1692,1692,0,0.000298811,2.1452e-05,0,0,0.00806334,0,32,26,1.5,0,0,0,1,0,0,10149,2721451,9757
1,bookshelf_tall,85,qpPlain,1,1,0.235052,10152,48,20.8324,1692,1692,0,0.000298811,2.1452e-05,0,0,0.00806334,0,32,26,1.5,0,0,0,1,0,0,10149,3481107,10149
1,bookshelf_tall,85,qpAdaptive,1,1,0.178397,7718,48,20.8375,1417,1417,0,0.000219147,2.02484e-05,0,0,0.0106421,0.237497,32,26,1.5,0,0,0,0.760855,0.234997,0.00414776,7715,2034900,7549
1,bookshelf_tall,85,qpFreeGate,1,1,0.0542953,4434,16,15.8746,1315,1315,0,0.0072971,0.00249477,0,0,0.00573992,0,27,11,0.592593,0,0,0,1,0,0,0,0,0
1,bookshelf_tall,85,qpFreeEnvelope,1,1,0.00602015,169,17,8.76044,469,469,0,0.0072971,0.000850109,0,0,0.0916661,0.976331,18,8,0.944444,0,0,0,0,0.832335,0.167665,0,0,0
1,bookshelf_tall,85,qpEnvelope,1,1,0.125907,5213,45,20.751,1257,1257,0,6.26738e-05,1.64601e-05,0,0,0.0150078,0.201995,32,25,1.40625,0,0,0,0.796314,0.196775,0.00691112,5210,1341530,5164
1,bookshelf_thin,11,isSafe,1,1,0.183028,18005,91,17.095,10,856,0,0.00986801,0.000154407,0,0,0,0,389,86,0.233933,0,0,0,0,0,0,0,0,0
1,bookshelf_thin,11,qpFixed,1,1,0.088986,3368,27,11.842,894,894,0,0.00282644,0.00119837,0,0,0.0102342,0,10,8,2.7,0,0,0,1,0,0,3365,977192,2732
1,bookshelf_thin,11,qpPlain,1,1,0.0896884,3368,27,11.842,894,894,0,0.00282644,0.00119837,0,0,0.0102342,0,10,8,2.7,0,0,0,1,0,0,3365,1154195,3365
1,bookshelf_thin,11,qpAdaptive,1,1,0.0588059,2121,28,11.8508,717,717,0,0.00281932,0.00119206,0,0,0.0162859,0.317303,10,8,2.8,0,0,0,0.67847,0.312559,0.00897073,2118,629914,2041
1,bookshelf_thin,11,qpFreeGate,1,1,0.0418995,2952,14,11.1735,905,905,0,0.00986801,0.00249477,0,0,0.00696637,0,18,9,0.777778,0,0,0,1,0,0,0,0,0
1,bookshelf_thin,11,qpFreeEnvelope,1,1,0.00613648,138,13,11.0348,570,570,0,0.00986801,0.00249477,0,0,0.137554,0.985507,18,8,0.722222,0,0,0,0,0.817518,0.182482,0,0,0
1,bookshelf_thin,11,qpEnvelope,1,1,0.0444476,1492,35,23.0755,1259,1259,0,0.00136653,0.0012992,0,0,0.0349261,0.241957,17,13,2.05882,0,0,0,0.755705,0.219463,0.0248322,1490,444052,1453
1,bookshelf_thin,35,isSafe,1,1,0.0619441,6097,31,9.72386,6,488,0,0.00691294,0.00249477,0,0,0,0,114,27,0.27193,0,0,0,0,0,0,0,0,0
1,bookshelf_thin,35,qpFixed,1,1,0.0158437,624,7,6.93822,625,625,0,0.00691294,0.00249477,0,0,0.0111189,0,1,1,7,0,0,0,1,0,0,624,174078,326
1,bookshelf_thin,35,qpPlain,1,1,0.0161334,624,7,6.93822,625,625,0,0.00691294,0.00249477,0,0,0.0111189,0,1,1,7,0,0,0,1,0,0,624,214032,624
1,bookshelf_thin,35,qpAdaptive,1,1,0.00601766,224,7,6.93567,444,444,0,0.00691294,0.00249477,0,0,0.0309628,0.625,1,1,7,0,0,0,0.375,0.607143,0.0178571,224,67893,185
1,bookshelf_thin,35,qpFreeGate,1,1,0.166123,11739,27,11.5785,942,942,0,0.00691294,0.00249477,0,0,0.00379398,0,79,23,0.341772,0,0,0,1,0,0,0,0,0
1,bookshelf_thin,35,qpFreeEnvelope,1,1,0.025618,611,25,10.8811,570,570,0,0.00274084,0.00249477,0,0,0.0719167,0.97054,79,21,0.316456,0,0,0,0.00823723,0.853377,0.138386,0,0,0
1,bookshelf_thin,35,qpEnvelope,1,1,0.00135421,35,7,6.98766,368,368,0,0.00691294,0.00249477,0,0,0.199648,0.971429,1,1,7,0,0,0,0,0.857143,0.142857,35,10450,28
1,bookshelf_thin,59,isSafe,1,1,0.0502429,4964,26,17.1307,10,858,0,0.00582658,0.00249477,0,0,0,0,72,22,0.361111,0,0,0,0,0,0,0,0,0
1,bookshelf_thin,59,qpFixed,1,1,0.0183696,748,7,6.10869,509,509,0,0.00103007,0.00249477,0,0,0.011909,0,2,2,3.5,0,0,0,1,0,0,748,169387,368
1,bookshelf_thin,59,qpPlain,1,1,0.0193402,748,7,6.10869,509,509,0,0.00103007,0.00249477,0,0,0.011909,0,2,2,3.5,0,0,0,1,0,0,748,256564,748
1,bookshelf_thin,59,qpAdaptive,1,1,0.0104522,401,7,6.10886,426,426,0,0.00125634,0.00249477,0,0,0.0222136,0.157107,2,2,3.5,0,0,0,0.842893,0.147132,0.00997506,401,92020,362
1,bookshelf_thin,59,qpFreeGate,1,1,0.173278,12275,38,19.2351,1658,1658,0,0.00518851,0.00249477,0,0,0.00525062,0,85,33,0.447059,0,0,0,1,0,0,0,0,0
1,bookshelf_thin,59,qpFreeEnvelope,1,1,0.0303528,710,41,14.4158,744,744,0,0.00537455,0.00249477,0,0,0.0962338,0.987324,90,37,0.455556,0,0,0,0.00282885,0.848656,0.148515,0,0,0
1,bookshelf_thin,59,qpEnvelope,1,1,0.00696919,258,7,6.11503,364,364,0,0.00101258,0.00249477,0,0,0.0345343,0.170543,2,2,3.5,0,0,0,0.829457,0.155039,0.0155039,258,59270,243
1,bookshelf_thin,84,isSafe,1,1,0.0322361,3023,17,14.1333,9,708,0,0.00474312,0.00249477,0,0,0,0,40,13,0.425,0,0,0,0,0,0,0,0,0
1,bookshelf_thin,84,qpFixed,1,1,0.0137111,557,6,5.86405,558,558,0,0.00625856,0.00249477,0,0,0.0105279,0,1,1,6,0,0,0,1,0,0,557,121084,85
1,bookshelf_thin,84,qpPlain,1,1,0.0145118,557,6,5.86405,558,558,0,0.00625856,0.00249477,0,0,0.0105279,0,1,1,6,0,0,0,1,0,0,557,191051,557
1,bookshelf_thin,84,qpAdaptive,1,1,0.00252417,93,6,5.86855,341,341,0,0.00625856,0.00249477,0,0,0.0631027,0.698925,1,1,6,0,0,0,0.301075,0.655914,0.0430108,93,21198,63
1,bookshelf_thin,84,qpFreeGate,1,1,0.0994271,6809,26,8.5286,735,735,0,0.00602759,0.00249477,0,0,0.00581424,0,54,23,0.481481,0,0,0,1,0,0,0,0,0
1,bookshelf_thin,84,qpFreeEnvelope,1,1,0.0193405,394,25,12.511,647,647,0,0.00606849,0.00249477,0,0,0.0997964,0.951777,54,21,0.462963,0,0,0,0.0382653,0.811224,0.15051,0,0,0
1,bookshelf_thin,84,qpEnvelope,1,1,0.00090053,27,6,5.86708,308,308,0,0.00625856,0.00249477,0,0,0.217299,1,1,1,6,0,0,0,0,0.851852,0.148148,27,6322,13
1,table_under_pick,8,isSafe,1,1,0.0133916,2303,13,13.9064,8,697,0,0.00452988,0.00249477,0,0,0,0,45,9,0.288889,0,0,0,0,0,0,0,0,0
1,table_under_pick,8,qpFixed,1,1,0.126243,7148,43,17.1958,1672,1672,0,0.000492239,0.00249477,0,0,0.00995874,0,20,19,2.15,0,0,0,1,0,0,7147,2074870,6604
1,table_under_pick,8,qpPlain,1,1,0.127178,7148,43,17.1958,1672,1672,0,0.000492239,0.00249477,0,0,0.00995874,0,20,19,2.15,0,0,0,1,0,0,7147,2451421,7147
1,table_under_pick,8,qpAdaptive,1,1,0.0904132,4779,42,17.1874,1450,1450,0,0.000489099,0.00249477,0,0,0.0149381,0.3258,20,19,2.1,0,0,0,0.672876,0.320846,0.00627878,4778,1395076,4625
1,table_under_pick,8,qpFreeGate,1,1,0.0744925,7511,23,20.1813,1873,1873,0,0.000990121,0.00249477,0,0,0.00429062,0,60,13,0.383333,0,0,0,1,0,0,0,0,0
1,table_under_pick,8,qpFreeEnvelope,1,1,0.0141863,544,24,14.3285,771,771,0,0.000583666,0.00249477,0,0,0.0736257,0.985294,73,18,0.328767,0,0,0,0.00367647,0.886029,0.110294,0,0,0
1,table_under_pick,8,qpEnvelope,1,1,0.0547459,2820,43,17.1232,1216,1216,0,0.000320245,0.00249477,0,0,0.0252847,0.274113,20,19,2.15,0,0,0,0.72508,0.261795,0.0131252,2819,822886,2749
1,table_under_pick,32,isSafe,1,1,0.0117467,2005,12,17.0273,10,853,0,0.000472487,0.00249477,0,0,0,0,55,8,0.218182,0,0,0,0,0,0,0,0,0
1,table_under_pick,32,qpFixed,1,1,0.161855,9133,59,18.3206,1611,1611,0,0.000258649,0.00249477,0,0,0.00914651,0,31,27,1.90323,0,0,0,1,0,0,9133,2497506,8608
1,table_under_pick,32,qpPlain,1,1,0.165739,9133,59,18.3206,1611,1611,0,0.000258649,0.00249477,0,0,0.00914651,0,31,27,1.90323,0,0,0,1,0,0,9133,3132619,9133
1,table_under_pick,32,qpAdaptive,1,1,0.112314,6065,58,18.3602,1253,1253,0,0.000225265,0.00249477,0,0,0.0137977,0.277494,31,27,1.87097,0,0,0,0.720198,0.273537,0.00626546,6065,1708052,5940
1,table_under_pick,32,qpFreeGate,1,1,0.0756291,7636,20,16.0715,1438,1438,0,0.00359489,0.00249477,0,0,0.00385343,0,55,16,0.363636,0,0,0,1,0,0,0,0,0
1,table_under_pick,32,qpFreeEnvelope,1,1,0.0156068,595,28,16.9522,888,888,0,0.00362091,0.00249477,0,0,0.060734,0.954622,74,22,0.378378,0,0,0,0.0236887,0.844332,0.13198,0,0,0
1,table_under_pick,32,qpEnvelope,1,1,0.0955497,4819,72,21.4525,1374,1374,0,8.15986e-05,0.00249477,0,0,0.0203405,0.251297,36,31,2,0,0,0,0.74725,0.241959,0.0107906,4819,1378015,4740
1,table_under_pick,56,isSafe,1,1,0.0289746,4929,27,22.3842,13,1121,0,0.00773961,0.00249477,0,0,0,0,61,22,0.442623,0,0,0,0,0,0,0,0,0
1,table_under_pick,56,qpFixed,1,1,0.0175454,1026,9,9.41531,695,695,0,0.00070755,0.00249477,0,0,0.0118904,0,3,3,3,0,0,0,1,0,0,1026,276046,718
1,table_under_pick,56,qpPlain,1,1,0.0182632,1026,9,9.41531,695,695,0,0.00070755,0.00249477,0,0,0.0118904,0,3,3,3,0,0,0,1,0,0,1026,351918,1026
1,table_under_pick,56,qpAdaptive,1,1,0.0108455,580,9,9.42843,582,582,0,0.000612617,0.00249477,0,0,0.0210631,0.315517,3,3,3,0,0,0,0.682759,0.308621,0.00862069,580,159491,534
1,table_under_pick,56,qpFreeGate,1,1,0.0488689,4969,25,16.554,1692,1692,0,0.00732151,0.0018891,0,0,0.00554794,0,26,14,0.961538,0,0,0,1,0,0,0,0,0
1,table_under_pick,56,qpFreeEnvelope,1,1,0.00683512,259,29,17.6934,939,939,0,0.00626248,4.51435e-05,0,0,0.109929,0.980695,26,14,1.11538,0,0,0,0,0.809339,0.190661,0,0,0
1,table_under_pick,56,qpEnvelope,1,1,0.00757049,376,9,9.45302,560,560,0,0.000429372,0.00249477,0,0,0.0325688,0.446809,3,3,3,0,0,0,0.550532,0.433511,0.0159574,376,103688,351
1,table_under_pick,81,isSafe,1,1,0.0196418,3331,19,15.5262,10,778,0,0.00579946,0.00149932,0,0,0,0,58,15,0.327586,0,0,0,0,0,0,0,0,0
1,table_under_pick,81,qpFixed,1,1,0.0713389,4074,28,17.3797,1456,1456,0,0.000373825,0.000812501,0,0,0.00996388,0,16,14,1.75,0,0,0,1,0,0,4072,1113318,3502
1,table_under_pick,81,qpPlain,1,1,0.0743032,4074,28,17.3797,1456,1456,0,0.000373825,0.000812501,0,0,0.00996388,0,16,14,1.75,0,0,0,1,0,0,4072,1396696,4072
1,table_under_pick,81,qpAdaptive,1,1,0.0460305,2520,28,17.4165,1277,1277,0,0.000336809,0.00079405,0,0,0.0160836,0.311905,16,14,1.75,0,0,0,0.68467,0.308181,0.00714853,2518,673118,2441
1,table_under_pick,81,qpFreeGate,1,1,0.0921382,9256,29,17.0095,1530,1530,0,0.00535132,0.00249477,0,0,0.00520129,0,63,24,0.460317,0,0,0,1,0,0,0,0,0
1,table_under_pick,81,qpFreeEnvelope,1,1,0.0142147,534,36,17.2111,926,926,0,0.00211608,0.000170971,0,0,0.0989251,0.947566,67,30,0.537313,0,0,0,0.0301318,0.817326,0.152542,0,0,0
1,table_under_pick,81,qpEnvelope,1,1,0.0339342,1780,30,17.4765,1112,1112,0,0.000272487,0.000710807,0,0,0.0244338,0.256742,16,15,1.875,0,0,0,0.741573,0.244382,0.0140449,1780,486058,1739
1,bookshelf_small,5,isSafe,1,1,0.0404355,9919,49,18.2956,11,916,0,0.00281362,0.00249477,0,0,0,0,202,45,0.242574,0,0,0,0,0,0,0,0,0
1,bookshelf_small,5,qpFixed,1,1,0.0160736,1198,13,13.4027,1187,1187,0,0.000563579,0.00249477,0,0,0.0112099,0,3,3,4.33333,0,0,0,1,0,0,1196,304792,1013
1,bookshelf_small,5,qpPlain,1,1,0.0171129,1198,13,13.4027,1187,1187,0,0.000563579,0.00249477,0,0,0.0112099,0,3,3,4.33333,0,0,0,1,0,0,1196,410228,1196
1,bookshelf_small,5,qpAdaptive,1,1,0.0109352,768,14,13.4568,1014,1014,0,0.000590949,0.00249477,0,0,0.0175378,0.356771,3,3,4.66667,0,0,0,0.637076,0.351175,0.0117493,766,202563,719
1,bookshelf_small,5,qpFreeGate,1,1,0.381517,46838,102,18.4771,1871,1871,0,0.000539842,0.00249477,0,0,0.00389924,0,333,96,0.306306,0,0,0,1,0,0,0,0,0
1,bookshelf_small,5,qpFreeEnvelope,1,1,0.0100535,542,20,11.8702,683,683,0,0.00147462,0.00249477,0,0,0.0461436,0.98524,42,14,0.47619,0,0,0,0.00738007,0.902214,0.0904059,0,0,0
1,bookshelf_small,5,qpEnvelope,1,1,0.00654649,433,13,13.4464,866,866,0,0.00100909,0.00249477,0,0,0.0311063,0.267898,3,3,4.33333,0,0,0,0.728538,0.25058,0.0208817,431,117197,392
1,bookshelf_small,32,isSafe,1,1,0.0127554,3135,17,21.8544,12,1094,0,0.00856482,0.00178252,0,0,0,0,51,12,0.333333,0,0,0,0,0,0,0,0,0
1,bookshelf_small,32,qpFixed,1,1,0.0390928,2678,16,16.2372,1463,1463,0,0.000287825,1.64563e-05,0,0,0.00948924,0,7,6,2.28571,0,0,0,1,0,0,2678,760196,1838
1,bookshelf_small,32,qpPlain,1,1,0.0387006,2678,16,16.2372,1463,1463,0,0.000287825,1.64563e-05,0,0,0.00948924,0,7,6,2.28571,0,0,0,1,0,0,2678,918554,2678
1,bookshelf_small,32,qpAdaptive,1,1,0.0245919,1661,16,16.2379,1178,1178,0,0.000289717,1.669e-05,0,0,0.0153136,0.264901,7,6,2.28571,0,0,0,0.733895,0.261288,0.00481638,1661,476214,1478
1,bookshelf_small,32,qpFreeGate,1,1,0.0763808,9182,25,18.9179,1478,1478,0,0.00856482,0.00234357,0,0,0.0045892,0,51,19,0.490196,0,0,0,1,0,0,0,0,0
1,bookshelf_small,32,qpFreeEnvelope,1,1,0.00831834,420,23,19.1427,981,981,0,0.00856482,0.00249477,0,0,0.095827,0.945238,51,18,0.45098,0,0,0,0.0359712,0.815348,0.148681,0,0,0
1,bookshelf_small,32,qpEnvelope,1,1,0.0196738,1212,16,16.2571,1084,1084,0,0.000282481,1.46541e-05,0,0,0.021003,0.0833333,7,6,2.28571,0,0,0,0.915842,0.0750825,0.00907591,1212,343866,1165
1,bookshelf_small,56,isSafe,1,1,0.00233174,594,5,5.89722,4,296,0,0.00276897,0.00249477,0,0,0,0,1,1,5,0,0,0,0,0,0,0,0,0
1,bookshelf_small,56,qpFixed,1,1,0.00519735,442,5,5.90429,443,443,0,0.005698,0.00249477,0,0,0.0133581,0,1,1,5,0,0,0,1,0,0,442,115545,8
1,bookshelf_small,56,qpPlain,1,1,0.00595946,442,5,5.90429,443,443,0,0.005698,0.00249477,0,0,0.0133581,0,1,1,5,0,0,0,1,0,0,442,151606,442
1,bookshelf_small,56,qpAdaptive,1,1,0.000632864,47,5,5.90429,316,316,0,0.005698,0.00249477,0,0,0.125623,0.702128,1,1,5,0,0,0,0.297872,0.638298,0.0638298,47,14210,8
1,bookshelf_small,56,qpFreeGate,1,1,0.0043696,528,6,5.91711,529,529,0,0.00225868,0.00249477,0,0,0.0112066,0,1,1,6,0,0,0,1,0,0,0,0,0
1,bookshelf_small,56,qpFreeEnvelope,1,1,0.000490593,26,6,5.91641,311,311,0,0.00232591,0.00249477,0,0,0.227554,0.846154,1,1,6,0,0,0,0.153846,0.692308,0.153846,0,0,0
1,bookshelf_small,56,qpEnvelope,1,1,0.000358731,18,5,5.90606,304,304,0,0.005698,0.00249477,0,0,0.328115,0.944444,1,1,5,0,0,0,0.0555556,0.777778,0.166667,18,5281,4
1,bookshelf_small,80,isSafe,1,1,0.0677564,16520,81,15.8246,9,793,0,0.00502746,0.00249477,0,0,0,0,380,78,0.213158,0,0,0,0,0,0,0,0,0
1,bookshelf_small,80,qpFixed,1,1,0.0152071,1099,9,12.2212,945,945,0,0.000112192,0.00249477,0,0,0.0118388,0,5,3,1.8,0,0,0,1,0,0,1095,310491,776
1,bookshelf_small,80,qpPlain,1,1,0.0153102,1099,9,12.2212,945,945,0,0.000112192,0.00249477,0,0,0.0118388,0,5,3,1.8,0,0,0,1,0,0,1095,375585,1095
1,bookshelf_small,80,qpAdaptive,1,1,0.0149872,977,13,12.289,854,854,0,0.000166769,0.00249477,0,0,0.0178516,0.313204,5,4,2.6,0,0,0,0.684103,0.308718,0.00717949,975,290967,894
1,bookshelf_small,80,qpFreeGate,1,1,0.0599272,7264,22,17.0148,1523,1523,0,0.00347358,0.00249477,0,0,0.00470099,0,43,14,0.511628,0,0,0,1,0,0,0,0,0
1,bookshelf_small,80,qpFreeEnvelope,1,1,0.00694337,355,17,12.4657,683,683,0,0.00193172,0.00249477,0,0,0.0728718,0.971831,34,11,0.5,0,0,0,0.0197183,0.864789,0.115493,0,0,0
1,bookshelf_small,80,qpEnvelope,1,1,0.00507642,309,11,12.3589,763,763,0,0.000272856,0.00249477,0,0,0.0404917,0.359223,2,2,5.5,0,0,0,0.634304,0.339806,0.02589,309,91200,298
1,box,5,isSafe,1,1,0.012711,3256,18,15.8776,9,795,0,0.02685,0.00249477,0,0,0,0,43,15,0.418605,0,0,0,0,0,0,0,0,0
1,box,5,qpFixed,1,1,0.00566002,462,6,6.31038,481,481,0,0.00181303,0.00249477,0,0,0.0136588,0,1,1,6,0,0,0,1,0,0,462,115802,237
1,box,5,qpPlain,1,1,0.00613615,462,6,6.31038,481,481,0,0.00181303,0.00249477,0,0,0.0136588,0,1,1,6,0,0,0,1,0,0,462,158466,462
1,box,5,qpAdaptive,1,1,0.00190962,132,6,6.29384,368,368,0,0.00172807,0.00249477,0,0,0.0476806,0.5,1,1,6,0,0,0,0.5,0.469697,0.030303,132,36998,112
1,box,5,qpFreeGate,1,1,0.0464035,5917,31,14.75,1500,1500,0,0.00545893,0.00249477,0,0,0.00624746,0,31,18,1,0,0,0,1,0,0,0,0,0
1,box,5,qpFreeEnvelope,1,1,0.00331277,179,15,13.5421,728,728,0,0.000546501,0.00249477,0,0,0.110965,0.944134,11,9,1.36364,0,0,0,0.0502793,0.821229,0.128492,0,0,0
1,box,5,qpEnvelope,1,1,0.00113422,77,6,6.26436,340,340,0,0.00144799,0.00249477,0,0,0.0813553,0.337662,1,1,6,0,0,0,0.662338,0.285714,0.0519481,77,21682,65
1,box,29,isSafe,1,1,0.0300729,7654,39,11.8988,7,596,0,0.00996836,0.00249477,0,0,0,0,148,36,0.263514,0,0,0,0,0,0,0,0,0
1,box,29,qpFixed,1,1,0.0123148,987,9,9.77585,782,782,0,0.00197155,0.00249477,0,0,0.011868,0,3,3,3,0,0,0,1,0,0,987,246388,760
1,box,29,qpPlain,1,1,0.0133077,987,9,9.77585,782,782,0,0.00197155,0.00249477,0,0,0.011868,0,3,3,3,0,0,0,1,0,0,987,338541,987
1,box,29,qpAdaptive,1,1,0.00743646,549,10,9.79412,648,648,0,0.00156134,0.00249477,0,0,0.0213679,0.393443,3,3,3.33333,0,0,0,0.602914,0.387978,0.00910747,549,137263,508
1,box,29,qpFreeGate,1,1,0.0423341,5388,19,10.9671,1098,1098,0,0.0162345,0.00249477,0,0,0.00469895,0,30,12,0.633333,0,0,0,1,0,0,0,0,0
1,box,29,qpFreeEnvelope,1,1,0.00511681,251,22,15.0498,793,793,0,0.00126873,0.000560917,0,0,0.104354,0.98008,30,12,0.733333,0,0,0,0.00796813,0.808765,0.183267,0,0,0
1,box,29,qpEnvelope,1,1,0.00458704,312,9,9.84452,607,607,0,0.000819909,0.00249477,0,0,0.0379957,0.269231,3,3,3,0,0,0,0.730769,0.253205,0.0160256,312,79533,299
1,box,53,isSafe,1,1,0.0023686,587,5,5.82687,4,293,0,0.0205458,0.00249477,0,0,0,0,1,1,5,0,0,0,0,0,0,0,0,0
1,box,53,qpFixed,1,1,0.00513416,408,7,5.76641,409,409,0,0.0185467,0.00249477,0,0,0.0141334,0,1,1,7,0,0,0,1,0,0,408,116078,147
1,box,53,qpPlain,1,1,0.0052102,408,7,5.76641,409,409,0,0.0185467,0.00249477,0,0,0.0141334,0,1,1,7,0,0,0,1,0,0,408,139944,408
1,box,53,qpAdaptive,1,1,0.00106381,76,7,5.77811,335,335,0,0.0188546,0.00249477,0,0,0.0760278,0.973684,1,1,7,0,0,0,0,0.934211,0.0657895,76,22328,37
1,box,53,qpFreeGate,1,1,0.00370604,465,7,5.75647,466,466,0,0.0161566,0.00249477,0,0,0.0123795,0,1,1,7,0,0,0,1,0,0,0,0,0
1,box,53,qpFreeEnvelope,1,1,0.000567606,28,6,5.82794,308,308,0,0.0203397,0.00249477,0,0,0.208141,1,1,1,6,0,0,0,0,0.857143,0.142857,0,0,0
1,box,53,qpEnvelope,1,1,0.000464685,26,5,5.8312,305,305,0,0.0197945,0.00249477,0,0,0.224277,1,1,1,5,0,0,0,0,0.884615,0.115385,26,7566,11
1,box,77,isSafe,1,1,0.00946625,2468,14,13.9669,8,700,0,0.00439685,0.00249477,0,0,0,0,26,11,0.538462,0,0,0,0,0,0,0,0,0
1,box,77,qpFixed,1,1,0.0334881,2637,19,7.13841,639,639,0,0.00192412,0.00249477,0,0,0.0109152,0,7,7,2.71429,0,0,0,1,0,0,2637,646869,1957
1,box,77,qpPlain,1,1,0.036042,2637,19,7.13841,639,639,0,0.00192412,0.00249477,0,0,0.0109152,0,7,7,2.71429,0,0,0,1,0,0,2637,904491,2637
1,box,77,qpAdaptive,1,1,0.0166678,1194,19,7.13877,504,504,0,0.00193084,0.00249477,0,0,0.0241511,0.475712,7,7,2.71429,0,0,0,0.520101,0.469012,0.0108878,1194,305267,1116
1,box,77,qpFreeGate,1,1,0.168581,21421,60,19.255,1908,1908,0,0.00354471,0.00249477,0,0,0.0043595,0,135,52,0.444444,0,0,0,1,0,0,0,0,0
1,box,77,qpFreeEnvelope,1,1,0.0229703,1216,72,24.9486,1333,1333,0,0.00151539,0.00249477,0,0,0.0815331,0.946546,146,59,0.493151,0,0,0,0.0321252,0.836079,0.131796,0,0,0
1,box,77,qpEnvelope,1,1,0.00832755,528,19,7.09623,404,404,0,0.00213294,0.00249477,0,0,0.0549045,0.5,7,7,2.71429,0,0,0,0.496212,0.469697,0.0340909,528,138994,490
1,table_pick,1,isSafe,1,1,0.0286656,4866,25,18.4837,11,926,0,0.00339671,0.00249477,0,0,0,0,95,20,0.263158,0,0,0,0,0,0,0,0,0
1,table_pick,1,qpFixed,1,1,0.0095724,631,6,7.64256,632,632,0,0.00529491,0.00249477,0,0,0.0121118,0,1,1,6,0,0,0,1,0,0,631,149296,71
1,table_pick,1,qpPlain,1,1,0.0102796,631,6,7.64256,632,632,0,0.00529491,0.00249477,0,0,0.0121118,0,1,1,6,0,0,0,1,0,0,631,216433,631
1,table_pick,1,qpAdaptive,1,1,0.00130785,76,6,7.64255,416,416,0,0.00529491,0.00249477,0,0,0.10056,0.578947,1,1,6,0,0,0,0.421053,0.526316,0.0526316,76,19502,44
1,table_pick,1,qpFreeGate,1,1,0.123263,12572,35,9.4867,865,865,0,0.00316372,0.00249477,0,0,0.00486313,0,97,30,0.360825,0,0,0,1,0,0,0,0,0
1,table_pick,1,qpFreeEnvelope,1,1,0.0119155,431,30,12.6271,659,659,0,0.000707871,0.00139599,0,0,0.117902,0.969838,66,23,0.454545,0,0,0,0.0046729,0.815421,0.179907,0,0,0
1,table_pick,1,qpEnvelope,1,1,0.000723203,32,6,7.6429,401,401,0,0.0052356,0.00249477,0,0,0.238841,0.90625,1,1,6,0,0,0,0.09375,0.78125,0.125,32,8253,18
1,table_pick,25,isSafe,1,1,0.00301782,518,5,5.13232,4,258,0,0.00282144,0.00249477,0,0,0,0,1,1,5,0,0,0,0,0,0,0,0,0
1,table_pick,25,qpFixed,1,1,0.00489946,321,5,5.13865,322,322,0,0.00778623,0.00249477,0,0,0.0160083,0,1,1,5,0,0,0,1,0,0,321,72352,17
1,table_pick,25,qpPlain,1,1,0.00534394,321,5,5.13865,322,322,0,0.00778623,0.00249477,0,0,0.0160083,0,1,1,5,0,0,0,1,0,0,321,110103,321
1,table_pick,25,qpAdaptive,1,1,0.000628665,39,5,5.13868,275,275,0,0.00778623,0.00249477,0,0,0.131761,0.846154,1,1,5,0,0,0,0.153846,0.769231,0.0769231,39,10096,11
1,table_pick,25,qpFreeGate,1,1,0.0171793,1740,13,2.55498,274,274,0,0.00144046,0.00249477,0,0,0.0067768,0,10,6,1.3,0,0,0,1,0,0,0,0,0
1,table_pick,25,qpFreeEnvelope,1,1,0.000760659,33,6,5.14459,278,278,0,0.00229127,0.00249477,0,0,0.155897,0.848485,1,1,6,0,0,0,0.121212,0.757576,0.121212,0,0,0
1,table_pick,25,qpEnvelope,1,1,0.000523533,23,5,5.13856,268,268,0,0.00778623,0.00249477,0,0,0.223416,0.782609,1,1,5,0,0,0,0.217391,0.652174,0.130435,23,5807,8
1,table_pick,49,isSafe,1,1,0.00480753,830,7,8.21062,6,412,0,0.00600559,0.00249477,0,0,0,0,4,1,1.75,0,0,0,0,0,0,0,0,0
1,table_pick,49,qpFixed,1,1,0.00979901,642,12,8.16209,643,643,0,0.00596421,0.00249477,0,0,0.0127135,0,1,1,12,0,0,0,1,0,0,642,141833,222
1,table_pick,49,qpPlain,1,1,0.0106195,642,12,8.16209,643,643,0,0.00596421,0.00249477,0,0,0.0127135,0,1,1,12,0,0,0,1,0,0,642,220206,642
1,table_pick,49,qpAdaptive,1,1,0.00134035,79,12,8.16273,448,448,0,0.0059958,0.00249477,0,0,0.103326,0.696203,1,1,12,0,0,0,0.253165,0.620253,0.126582,79,21119,58
1,table_pick,49,qpFreeGate,1,1,0.0091226,938,7,8.56897,699,699,0,0.00572707,0.00249477,0,0,0.00936356,0,4,2,1.75,0,0,0,1,0,0,0,0,0
1,table_pick,49,qpFreeEnvelope,1,1,0.0012043,45,7,8.60585,449,449,0,0.00583141,0.00249477,0,0,0.195022,0.977778,4,2,1.75,0,0,0,0.0222222,0.822222,0.155556,0,0,0
1,table_pick,49,qpEnvelope,1,1,0.00104961,48,13,10.8864,563,563,0,0.00596595,0.00249477,0,0,0.275579,0.979167,2,2,6.5,0,0,0,0,0.75,0.25,48,12711,28
1,table_pick,73,isSafe,1,1,0.0108383,1857,12,10.0055,7,502,0,8.39944e-05,0.00157297,0,0,0,0,23,7,0.521739,0,0,0,0,0,0,0,0,0
1,table_pick,73,qpFixed,1,1,0.0159009,967,8,8.42692,968,968,0,0.000550831,0.00249477,0,0,0.0087145,0,1,1,8,0,0,0,1,0,0,967,232998,593
1,table_pick,73,qpPlain,1,1,0.0168509,967,8,8.42692,968,968,0,0.000550831,0.00249477,0,0,0.0087145,0,1,1,8,0,0,0,1,0,0,967,331681,967
1,table_pick,73,qpAdaptive,1,1,0.00918477,495,8,8.42582,719,719,0,0.000550831,0.00249477,0,0,0.0170219,0.252525,1,1,8,0,0,0,0.743434,0.248485,0.00808081,495,132398,479
1,table_pick,73,qpFreeGate,1,1,0.0865411,8724,31,13.1361,1079,1079,0,0.00252194,0.00249477,0,0,0.00548474,0,70,26,0.442857,0,0,0,1,0,0,0,0,0
1,table_pick,73,qpFreeEnvelope,1,1,0.0115902,399,29,13.2501,686,686,0,0.00252737,0.00249477,0,0,0.120148,0.987469,70,25,0.414286,0,0,0,0,0.788945,0.211055,0,0,0
1,table_pick,73,qpEnvelope,1,1,0.00638174,337,8,8.43061,625,625,0,0.000581528,0.00249477,0,0,0.0250167,0.133531,1,1,8,0,0,0,0.866469,0.121662,0.0118694,337,90604,329
1,table_pick,97,isSafe,1,1,0.00618548,1054,8,10.3655,7,520,0,0.00345514,0.00249477,0,0,0,0,6,2,1.33333,0,0,0,0,0,0,0,0,0
1,table_pick,97,qpFixed,1,1,0.0103541,680,7,9.19419,681,681,0,0.00552855,0.00249477,0,0,0.0135209,0,1,1,7,0,0,0,1,0,0,680,155416,126
1,table_pick,97,qpPlain,1,1,0.0112425,680,7,9.19419,681,681,0,0.00552855,0.00249477,0,0,0.0135209,0,1,1,7,0,0,0,1,0,0,680,233240,680
1,table_pick,97,qpAdaptive,1,1,0.00175722,92,7,9.19561,502,502,0,0.00552882,0.00249477,0,0,0.0999523,0.641304,1,1,7,0,0,0,0.347826,0.597826,0.0543478,92,25862,62
1,table_pick,97,qpFreeGate,1,1,0.011889,1214,9,10.1876,898,898,0,0.00314254,0.00249477,0,0,0.00848794,0,6,3,1.5,0,0,0,1,0,0,0,0,0
1,table_pick,97,qpFreeEnvelope,1,1,0.00187388,69,9,10.2116,539,539,0,0.00315659,0.00249477,0,0,0.14937,1,6,3,1.5,0,0,0,0,0.826087,0.173913,0,0,0
1,table_pick,97,qpEnvelope,1,1,0.000783263,37,7,9.20019,481,481,0,0.00542072,0.00249477,0,0,0.248654,1,1,1,7,0,0,0,0,0.864865,0.135135,37,10155,24
1,cage,21,isSafe,1,1,0.296108,69444,380,15.1335,9,758,0,0.00188742,0.00249477,0,0,0,0,2054,377,0.185005,0,0,0,0,0,0,0,0,0
1,cage,21,qpFixed,1,1,0.401401,27908,134,24.2317,1961,1961,0,6.06824e-05,0.00249477,0,0,0.00871521,0,111,76,1.20721,0,0,0,1,0,0,27900,7696826,24934
1,cage,21,qpPlain,1,1,0.415061,27908,134,24.2317,1961,1961,0,6.06824e-05,0.00249477,0,0,0.00871521,0,111,76,1.20721,0,0,0,1,0,0,27900,9569700,27900
1,cage,21,qpAdaptive,1,1,0.289266,18905,134,24.2455,1656,1656,0,5.90301e-05,0.00249477,0,0,0.0129421,0.267654,111,76,1.20721,0,0,0,0.730303,0.264776,0.0049209,18899,5234494,18459
1,cage,21,qpFreeGate,1,1,1.44621,176215,408,25.9373,2539,2539,0,0.00103728,0.00249477,0,0,0.00388283,0,1306,388,0.312404,0,0,0,1,0,0,0,0,0
1,cage,21,qpFreeEnvelope,1,1,0.248596,12428,522,27.9799,1476,1476,0,0.000133696,0.00249477,0,0,0.0661409,0.927985,1755,491,0.297436,0,0,0,0.0420591,0.829165,0.128776,0,0,0
1,cage,21,qpEnvelope,1,1,0.209145,12980,133,24.2511,1516,1516,0,5.4034e-05,0.00249477,0,0,0.01887,0.241757,111,75,1.1982,0,0,0,0.756803,0.2331,0.0100979,12973,3552925,12844
1,cage,45,isSafe,1,1,0.405407,95646,532,28.5242,16,1428,0,0.00538785,0.00249477,0,0,0,0,2978,529,0.178643,0,0,0,0,0,0,0,0,0
1,cage,45,qpFixed,1,1,0.20572,14358,77,13.6565,1302,1302,0,0.000454265,0.00249477,0,0,0.00885952,0,52,43,1.48077,0,0,0,1,0,0,14353,3936157,13089
1,cage,45,qpPlain,1,1,0.207778,14358,77,13.6565,1302,1302,0,0.000454265,0.00249477,0,0,0.00885952,0,52,43,1.48077,0,0,0,1,0,0,14353,4923079,14353
1,cage,45,qpAdaptive,1,1,0.133515,8972,77,13.6816,959,959,0,0.000315823,0.00249477,0,0,0.0141762,0.341507,52,43,1.48077,0,0,0,0.656741,0.337571,0.00568752,8967,2461596,8732
1,cage,45,qpFreeGate,1,1,2.79159,343804,823,33.0741,3509,3509,0,0.00252261,0.00249477,0,0,0.00383062,0,2752,788,0.299055,0,0,0,1,0,0,0,0,0
1,cage,45,qpFreeEnvelope,1,1,0.332722,17213,739,34.2205,1803,1803,0,2.49041e-05,0.00212128,0,0,0.0675467,0.911288,2474,701,0.298707,0,0,0,0.0544868,0.81478,0.130733,0,0,0
1,cage,45,qpEnvelope,1,1,0.103206,6506,78,13.9019,829,829,0,0.000197229,0.00249477,0,0,0.0195947,0.310636,52,43,1.5,0,0,0,0.688356,0.3018,0.00984464,6501,1760439,6403
1,cage,69,isSafe,1,1,0.450516,110787,625,23.4122,13,1172,0,0.0014014,0.00249477,0,0,0,0,3572,622,0.174972,0,0,0,0,0,0,0,0,0
1,cage,69,qpFixed,1,1,0.0969013,7294,48,18.3751,1500,1500,0,0.000140881,0.00249477,0,0,0.00988037,0,23,22,2.08696,0,0,0,1,0,0,7290,1977456,6379
1,cage,69,qpPlain,1,1,0.0997519,7294,48,18.3751,1500,1500,0,0.000140881,0.00249477,0,0,0.00988037,0,23,22,2.08696,0,0,0,1,0,0,7290,2500470,7290
1,cage,69,qpAdaptive,1,1,0.0575554,4012,48,18.401,1240,1240,0,2.79432e-05,0.00249477,0,0,0.0179891,0.344467,23,22,2.08696,0,0,0,0.653693,0.339072,0.00723553,4008,1081422,3877
1,cage,69,qpFreeGate,1,1,3.18324,409294,946,34.4051,3278,3278,0,0.00334097,0.00175502,0,0,0.00367484,0,3275,909,0.288855,0,0,0,1,0,0,0,0,0
1,cage,69,qpFreeEnvelope,1,1,0.256352,13558,547,14.7196,795,795,0,0.00142109,0.00249477,0,0,0.0652293,0.932143,1882,521,0.290648,0,0,0,0.03404,0.850254,0.115706,0,0,0
1,cage,69,qpEnvelope,1,1,0.044438,2892,45,16.6725,1015,1015,0,0.00108825,0.00249477,0,0,0.0245121,0.317773,23,21,1.95652,0,0,0,0.680623,0.306574,0.0128028,2890,784559,2824
1,cage,93,isSafe,1,1,1.43141,347026,2348,28.5131,17,1427,0,0.00157999,0.00249477,0,0,0,0,13149,2344,0.178569,0,0,0,0,0,0,0,0,0
1,cage,93,qpFixed,1,1,0.424427,32007,150,31.8485,2537,2537,0,3.50636e-06,0.00249477,0,0,0.00880701,0,129,89,1.16279,0,0,0,1,0,0,32000,8575577,27795
1,cage,93,qpPlain,1,1,0.443601,32007,150,31.8485,2537,2537,0,3.50636e-06,0.00249477,0,0,0.00880701,0,129,89,1.16279,0,0,0,1,0,0,32000,10976000,32000
1,cage,93,qpAdaptive,1,1,0.307587,21854,150,31.8435,2123,2123,0,3.48635e-06,0.00249477,0,0,0.0128959,0.220463,129,89,1.16279,0,0,0,0.778266,0.217111,0.00462327,21846,5816691,21405
1,cage,93,qpFreeGate,1,1,3.77618,486523,1087,28.731,3172,3172,0,0.00192582,0.00249477,0,0,0.00357285,0,3910,1056,0.278005,0,0,0,1,0,0,0,0,0
1,cage,93,qpFreeEnvelope,1,1,0.164128,8795,358,20.1754,1086,1086,0,0.000162357,0.000897896,0,0,0.0685344,0.888459,1249,334,0.286629,0,0,0,0.0758764,0.800161,0.123962,0,0,0
1,cage,93,qpEnvelope,1,1,0.252328,17262,150,31.8565,2007,2007,0,3.36141e-06,0.00249477,0,0,0.0163136,0.181555,129,89,1.16279,0,0,0,0.81697,0.175843,0.00718674,17254,4541296,17089
1,bookshelf_tall,11,isSafe,1,1,0.0926241,12416,63,19.1588,11,959,0,0.00577893,0.00249477,0,0,0,0,310,60,0.203226,0,0,0,0,0,0,0,0,0
1,bookshelf_tall,11,qpFixed,1,1,0.0187486,895,9,7.33066,613,613,0,0.000280801,0.00249477,0,0,0.0109379,0,2,2,4.5,0,0,0,1,0,0,895,247020,807
1,bookshelf_tall,11,qpPlain,1,1,0.019314,895,9,7.33066,613,613,0,0.000280801,0.00249477,0,0,0.0109379,0,2,2,4.5,0,0,0,1,0,0,895,306985,895
1,bookshelf_tall,11,qpAdaptive,1,1,0.012431,557,10,7.33777,544,544,0,0.000280739,0.00249477,0,0,0.0175895,0.256732,2,2,5,0,0,0,0.736086,0.251346,0.0125673,557,162356,540
1,bookshelf_tall,11,qpFreeGate,1,1,0.479602,40912,98,17.391,1658,1658,0,0.00615429,0.00249477,0,0,0.00413752,0,318,93,0.308176,0,0,0,1,0,0,0,0,0
1,bookshelf_tall,11,qpFreeEnvelope,1,1,0.0751756,2228,94,17.8916,936,936,0,0.00412975,0.00249477,0,0,0.0710014,0.961849,318,89,0.295597,0,0,0,0.0127215,0.846888,0.140391,0,0,0
1,bookshelf_tall,11,qpEnvelope,1,1,0.0100158,428,11,7.32515,493,493,0,0.000276671,0.00249477,0,0,0.0228653,0.121495,2,2,5.5,0,0,0,0.873832,0.107477,0.0186916,428,126552,421
1,bookshelf_tall,37,isSafe,1,1,0.225614,29824,147,21.6241,12,1083,0,0.0074779,0.00249477,0,0,0,0,748,144,0.196524,0,0,0,0,0,0,0,0,0
1,bookshelf_tall,37,qpFixed,1,1,0.044263,2128,23,16.4787,1219,1219,0,0.000410812,0.00249477,0,0,0.0118464,0,5,5,4.6,0,0,0,1,0,0,2128,584740,1590
1,bookshelf_tall,37,qpPlain,1,1,0.0453368,2128,23,16.4787,1219,1219,0,0.000410812,0.00249477,0,0,0.0118464,0,5,5,4.6,0,0,0,1,0,0,2128,729904,2128
1,bookshelf_tall,37,qpAdaptive,1,1,0.0232347,1051,21,16.4669,1073,1073,0,0.000409722,0.00249477,0,0,0.023976,0.335871,5,5,4.2,0,0,0,0.662226,0.321598,0.0161751,1051,290536,943
1,bookshelf_tall,37,qpFreeGate,1,1,1.092,91923,209,14.3164,1090,1090,0,0.0074779,0.00249477,0,0,0.00411292,0,750,206,0.278667,0,0,0,1,0,0,0,0,0
1,bookshelf_tall,37,qpFreeEnvelope,1,1,0.100468,2996,125,18.0089,951,951,0,0.000981396,2.80352e-07,0,0,0.0777097,0.940254,438,119,0.285388,0,0,0,0.0364127,0.82468,0.138908,0,0,0
1,bookshelf_tall,37,qpEnvelope,1,1,0.0166937,722,19,16.4106,972,972,0,0.000372345,0.00249477,0,0,0.034667,0.142659,5,5,3.8,0,0,0,0.853186,0.123269,0.0235457,722,199120,691
1,bookshelf_tall,61,isSafe,1,1,0.0828262,10874,56,16.7619,10,840,0,0.00861678,0.00212178,0,0,0,0,245,51,0.228571,0,0,0,0,0,0,0,0,0
1,bookshelf_tall,61,qpFixed,1,1,0.177438,8111,40,13.6475,1310,1310,0,0.00549282,4.5392e-06,0,0,0.0085686,0,32,24,1.25,0,0,0,1,0,0,8102,2308931,7293
1,bookshelf_tall,61,qpPlain,1,1,0.177362,8111,40,13.6475,1310,1310,0,0.00549282,4.5392e-06,0,0,0.0085686,0,32,24,1.25,0,0,0,1,0,0,8102,2778986,8102
1,bookshelf_tall,61,qpAdaptive,1,1,0.140974,6286,40,13.6788,1074,1074,0,0.00512264,4.57725e-06,0,0,0.011086,0.141903,32,24,1.25,0,0,0,0.85712,0.139853,0.00302644,6278,1777904,6097
1,bookshelf_tall,61,qpFreeGate,1,1,0.363631,30554,69,20.4064,2210,2210,0,0.00194593,0.000925592,0,0,0.00378969,0,236,65,0.292373,0,0,0,1,0,0,0,0,0
1,bookshelf_tall,61,qpFreeEnvelope,1,1,0.142018,4145,194,27.3722,1479,1479,0,0.00123944,0.000165069,0,0,0.0816563,0.931001,682,188,0.284457,0,0,0,0.0159158,0.837904,0.14618,0,0,0
1,bookshelf_tall,61,qpEnvelope,1,1,0.122184,5375,40,13.7912,1026,1026,0,0.00513146,3.20783e-06,0,0,0.0130355,0.0666047,32,24,1.25,0,0,0,0.932923,0.0635364,0.00354015,5367,1509072,5326
1,bookshelf_tall,86,isSafe,1,1,0.0166569,2200,13,6.9434,5,349,0,0.00362821,0.00249477,0,0,0,0,44,9,0.295455,0,0,0,0,0,0,0,0,0
1,bookshelf_tall,86,qpFixed,1,1,0.0453126,2111,22,13.1345,1108,1108,0,0.00249915,0.00249477,0,0,0.0108971,0,6,5,3.66667,0,0,0,1,0,0,2111,575711,1737
1,bookshelf_tall,86,qpPlain,1,1,0.0480743,2111,22,13.1345,1108,1108,0,0.00249915,0.00249477,0,0,0.0108971,0,6,5,3.66667,0,0,0,1,0,0,2111,724073,2111
1,bookshelf_tall,86,qpAdaptive,1,1,0.0302326,1356,23,13.1783,915,915,0,0.00247197,0.00249477,0,0,0.0169541,0.365782,6,5,3.83333,0,0,0,0.629056,0.356932,0.0140118,1356,377140,1291
1,bookshelf_tall,86,qpFreeGate,1,1,0.0521246,4420,20,12.673,1274,1274,0,0.00328178,0.00249477,0,0,0.00502828,0,29,12,0.689655,0,0,0,1,0,0,0,0,0
1,bookshelf_tall,86,qpFreeEnvelope,1,1,0.00954405,289,22,12.9622,692,692,0,0.00136132,0.00249477,0,0,0.0723421,0.951557,29,12,0.758621,0,0,0,0.0207612,0.83391,0.145329,0,0,0
1,bookshelf_tall,86,qpEnvelope,1,1,0.0184621,772,24,10.0301,573,573,0,0.00128353,0.00249477,0,0,0.0427205,0.275907,9,8,2.66667,0,0,0,0.721503,0.248705,0.0297927,772,215610,723
1,bookshelf_thin,12,isSafe,1,1,0.0621422,6165,32,15.4407,9,774,0,0.00501537,0.00249477,0,0,0,0,86,28,0.372093,0,0,0,0,0,0,0,0,0
1,bookshelf_thin,12,qpFixed,1,1,0.0274186,1082,8,9.6494,916,916,0,0.00352907,0.00249477,0,0,0.00968386,0,2,2,4,0,0,0,1,0,0,1082,282361,542
1,bookshelf_thin,12,qpPlain,1,1,0.0280818,1082,8,9.6494,916,916,0,0.00352907,0.00249477,0,0,0.00968386,0,2,2,4,0,0,0,1,0,0,1082,371126,1082
1,bookshelf_thin,12,qpAdaptive,1,1,0.00999062,374,8,9.66145,613,613,0,0.00352907,0.00249477,0,0,0.0280482,0.65508,2,2,4,0,0,0,0.339572,0.644385,0.0160428,374,103442,318
1,bookshelf_thin,12,qpFreeGate,1,1,0.190685,13419,44,17.2204,1423,1423,0,0.00176909,0.00249477,0,0,0.00557697,0,95,38,0.463158,0,0,0,1,0,0,0,0,0
1,bookshelf_thin,12,qpFreeEnvelope,1,1,0.0270322,655,47,19.5954,1028,1028,0,0.000815688,0.00249477,0,0,0.101781,0.981679,68,31,0.691176,0,0,0,0.010687,0.845802,0.143511,0,0,0
1,bookshelf_thin,12,qpEnvelope,1,1,0.00373701,127,8,9.66153,532,532,0,0.00364278,0.00249477,0,0,0.0826285,0.913386,2,2,4,0,0,0,0.0866142,0.858268,0.0551181,127,35460,107
1,bookshelf_thin,36,isSafe,1,1,0.0571941,5671,30,10.4226,7,523,0,0.00346745,0.000114334,0,0,0,0,94,26,0.319149,0,0,0,0,0,0,0,0,0
1,bookshelf_thin,36,qpFixed,1,1,0.0196852,771,11,10.0278,706,706,0,0.00346745,0.00025347,0,0,0.013628,0,2,2,5.5,0,0,0,1,0,0,771,201943,465
1,bookshelf_thin,36,qpPlain,1,1,0.019921,771,11,10.0278,706,706,0,0.00346745,0.00025347,0,0,0.013628,0,2,2,5.5,0,0,0,1,0,0,771,264453,771
1,bookshelf_thin,36,qpAdaptive,1,1,0.0061131,230,11,10.0383,590,590,0,0.00346745,0.00025347,0,0,0.0457288,0.773913,2,2,5.5,0,0,0,0.217391,0.73913,0.0434783,230,65475,180
1,bookshelf_thin,36,qpFreeGate,1,1,0.159243,11139,38,14.1353,1065,1065,0,0.00346745,0.000133057,0,0,0.00582265,0,94,34,0.404255,0,0,0,1,0,0,0,0,0
1,bookshelf_thin,36,qpFreeEnvelope,1,1,0.0280142,645,37,12.3401,639,639,0,0.00346745,0.00012856,0,0,0.101893,0.962791,94,33,0.393617,0,0,0,0.00314961,0.845669,0.151181,0,0,0
1,bookshelf_thin,36,qpEnvelope,1,1,0.00275674,93,8,9.96845,546,546,0,0.00346745,0.00025347,0,0,0.112461,0.580645,2,2,4,0,0,0,0.419355,0.505376,0.0752688,93,26820,77
1,bookshelf_thin,60,isSafe,1,1,0.0443849,4402,24,8.93351,6,448,0,0.00174458,0.00249477,0,0,0,0,65,20,0.369231,0,0,0,0,0,0,0,0,0
1,bookshelf_thin,60,qpFixed,1,1,0.0364671,1416,10,7.85107,533,533,0,0.00181337,0.00249477,0,0,0.0106174,0,5,4,2,0,0,0,1,0,0,1416,364137,884
1,bookshelf_thin,60,qpPlain,1,1,0.0378589,1416,10,7.85107,533,533,0,0.00181337,0.00249477,0,0,0.0106174,0,5,4,2,0,0,0,1,0,0,1416,485688,1416
1,bookshelf_thin,60,qpAdaptive,1,1,0.0204139,737,10,7.85106,475,475,0,0.00181337,0.00249477,0,0,0.0204308,0.139756,5,4,2,0,0,0,0.860244,0.130258,0.00949796,737,193734,702
1,bookshelf_thin,60,qpFreeGate,1,1,0.287328,20021,63,11.0176,765,765,0,0.00665114,0.00249477,0,0,0.00546542,0,169,59,0.372781,0,0,0,1,0,0,0,0,0
1,bookshelf_thin,60,qpFreeEnvelope,1,1,0.0218706,517,28,8.92097,469,469,0,0.00131167,0.00249477,0,0,0.0889642,0.959381,65,23,0.430769,0,0,0,0.0272374,0.871595,0.101167,0,0,0
1,bookshelf_thin,60,qpEnvelope,1,1,0.0177639,629,10,7.85058,460,460,0,0.00181799,0.00249477,0,0,0.0240701,0.0826709,5,4,2,0,0,0,0.917329,0.0715421,0.0111288,629,164426,613
1,bookshelf_thin,85,isSafe,1,1,0.0212162,2103,13,12.344,8,619,0,0.00165744,0.00249477,0,0,0,0,24,8,0.541667,0,0,0,0,0,0,0,0,0
1,bookshelf_thin,85,qpFixed,1,1,0.0229711,859,9,9.98076,862,862,0,0.000145722,0.00249477,0,0,0.011619,0,1,1,9,0,0,0,1,0,0,859,243477,602
1,bookshelf_thin,85,qpPlain,1,1,0.0233249,859,9,9.98076,862,862,0,0.000145722,0.00249477,0,0,0.011619,0,1,1,9,0,0,0,1,0,0,859,294637,859
1,bookshelf_thin,85,qpAdaptive,1,1,0.0168288,594,9,9.98539,790,790,0,0.000145752,0.00249477,0,0,0.0168104,0.156566,1,1,9,0,0,0,0.841751,0.151515,0.00673401,594,175544,573
1,bookshelf_thin,85,qpFreeGate,1,1,0.1344,9386,28,14.6531,1337,1337,0,0.00177826,0.00249477,0,0,0.00490124,0,57,23,0.491228,0,0,0,1,0,0,0,0,0
1,bookshelf_thin,85,qpFreeEnvelope,1,1,0.0207668,478,27,14.8677,774,774,0,0.000637325,0.000919771,0,0,0.0949667,0.935146,57,22,0.473684,0,0,0,0.0460251,0.799163,0.154812,0,0,0
1,bookshelf_thin,85,qpEnvelope,1,1,0.0135104,464,9,9.9954,728,728,0,0.000143116,0.00249477,0,0,0.0215418,0.116379,1,1,9,0,0,0,0.881466,0.109914,0.00862069,464,136624,453
1,table_under_pick,9,isSafe,1,1,0.00825884,1422,9,13.6209,8,683,0,0.00773297,0.00249477,0,0,0,0,19,5,0.473684,0,0,0,0,0,0,0,0,0
1,table_under_pick,9,qpFixed,1,1,0.0170726,1030,10,9.88644,808,808,0,0.0069327,0.00249477,0,0,0.0113167,0,2,2,5,0,0,0,1,0,0,1030,267939,704
1,table_under_pick,9,qpPlain,1,1,0.0179427,1030,10,9.88644,808,808,0,0.0069327,0.00249477,0,0,0.0113167,0,2,2,5,0,0,0,1,0,0,1030,353290,1030
1,table_under_pick,9,qpAdaptive,1,1,0.00466787,267,10,9.93166,616,616,0,0.00642955,0.00249477,0,0,0.0438137,0.7603,2,2,5,0,0,0,0.2397,0.734082,0.0262172,267,72256,223
1,table_under_pick,9,qpFreeGate,1,1,0.0206984,2069,11,12.1721,1037,1037,0,0.000846987,0.00249477,0,0,0.00720092,0,9,5,1.22222,0,0,0,1,0,0,0,0,0
1,table_under_pick,9,qpFreeEnvelope,1,1,0.00408272,165,12,12.2675,660,660,0,0.000719725,0.00249477,0,0,0.0913976,0.963636,9,5,1.33333,0,0,0,0.0363636,0.866667,0.0969697,0,0,0
1,table_under_pick,9,qpEnvelope,1,1,0.00241897,121,10,9.97956,551,551,0,0.00615808,0.00249477,0,0,0.0976117,0.842975,2,2,5,0,0,0,0.157025,0.785124,0.0578512,121,33731,97
1,table_under_pick,33,isSafe,1,1,0.01541,2652,15,19.42,11,972,1,-1.0203e-05,0.00249477,0,0,0,0,32,11,0.46875,0,0,0,0,0,0,0,0,0
1,table_under_pick,33,qpFixed,1,1,0.0216139,1107,10,9.56009,899,899,0,9.2424e-05,0.00249477,0,0,0.0101,0,3,2,3.33333,0,0,0,1,0,0,1106,330431,849
1,table_under_pick,33,qpPlain,1,1,0.0200162,1107,10,9.56009,899,899,0,9.2424e-05,0.00249477,0,0,0.0101,0,3,2,3.33333,0,0,0,1,0,0,1106,379358,1106
1,table_under_pick,33,qpAdaptive,1,1,0.0148082,780,10,9.56668,740,740,0,9.23431e-05,0.00249477,0,0,0.0143428,0.194872,3,2,3.33333,0,0,0,0.803594,0.189987,0.00641849,779,229144,747
1,table_under_pick,33,qpFreeGate,1,1,0.179471,17898,46,13.9379,1352,1352,0,0.00521433,0.00249477,0,0,0.00402165,0,125,39,0.368,0,0,0,1,0,0,0,0,0
1,table_under_pick,33,qpFreeEnvelope,1,1,0.0289499,1096,51,13.7808,724,724,0,0.00115333,0.00249477,0,0,0.0713454,0.958942,125,42,0.408,0,0,0,0.0220183,0.850459,0.127523,0,0,0
1,table_under_pick,33,qpEnvelope,1,1,0.0106344,538,10,9.60491,649,649,0,8.42391e-05,0.00249477,0,0,0.0208524,0.148699,3,2,3.33333,0,0,0,0.8473,0.141527,0.0111732,537,158090,524
1,table_under_pick,57,isSafe,1,1,0.0114613,2017,12,15.832,9,793,0,0.00673931,0.00249477,0,0,0,0,13,8,0.923077,0,0,0,0,0,0,0,0,0
1,table_under_pick,57,qpFixed,1,1,0.0330591,1942,18,11.9349,989,989,0,0.00481762,0.0014626,0,0,0.0110461,0,5,5,3.6,0,0,0,1,0,0,1941,493258,1443
1,table_under_pick,57,qpPlain,1,1,0.0348277,1942,18,11.9349,989,989,0,0.00481762,0.0014626,0,0,0.0110461,0,5,5,3.6,0,0,0,1,0,0,1941,665763,1941
1,table_under_pick,57,qpAdaptive,1,1,0.0127296,710,23,9.42664,598,598,0,0.00483479,0.00151988,0,0,0.0198084,0.422535,3,3,7.66667,0,0,0,0.564175,0.410437,0.0253879,709,177914,680
1,table_under_pick,57,qpFreeGate,1,1,0.0395898,3980,18,15.904,1243,1243,0,0.0065407,0.0010975,0,0,0.00714052,0,20,11,0.9,0,0,0,1,0,0,0,0,0
1,table_under_pick,57,qpFreeEnvelope,1,1,0.00443923,156,18,16.0897,834,834,0,0.00651773,0.00127846,0,0,0.182663,0.974359,20,11,0.9,0,0,0,0.0128205,0.782051,0.205128,0,0,0
1,table_under_pick,57,qpEnvelope,1,1,0.0078453,413,21,9.43454,533,533,0,0.00485843,0.00149976,0,0,0.0341046,0.404358,3,3,7,0,0,0,0.584951,0.373786,0.0412621,412,104232,391
1,table_under_pick,82,isSafe,1,1,0.00491716,849,6,5.95212,4,299,0,0.000437403,0.00249477,0,0,0,0,13,3,0.461538,0,0,0,0,0,0,0,0,0
1,table_under_pick,82,qpFixed,1,1,0.0226895,1355,17,11.4307,1003,1003,0,0.00146373,0.00249477,0,0,0.0101791,0,4,4,4.25,0,0,0,1,0,0,1355,335667,985
1,table_under_pick,82,qpPlain,1,1,0.023944,1355,17,11.4307,1003,1003,0,0.00146373,0.00249477,0,0,0.0101791,0,4,4,4.25,0,0,0,1,0,0,1355,464765,1355
1,table_under_pick,82,qpAdaptive,1,1,0.00954003,522,18,11.4641,779,779,0,0.0014049,0.00249477,0,0,0.0266657,0.482759,4,4,4.5,0,0,0,0.507663,0.463602,0.0287356,522,133973,485
1,table_under_pick,82,qpFreeGate,1,1,0.0356021,3589,12,12.6738,1062,1062,0,0.00249178,0.00249477,0,0,0.00529674,0,28,7,0.428571,0,0,0,1,0,0,0,0,0
1,table_under_pick,82,qpFreeEnvelope,1,1,0.00570435,217,12,12.6621,663,663,0,0.00161564,0.00249477,0,0,0.087862,0.958525,28,7,0.428571,0,0,0,0.0230415,0.857143,0.119816,0,0,0
1,table_under_pick,82,qpEnvelope,1,1,0.0106927,553,26,17.1822,1033,1033,0,0.001212,0.00249477,0,0,0.0473945,0.406872,9,8,2.88889,0,0,0,0.578662,0.370705,0.0506329,553,143445,526
1,bookshelf_small,6,isSafe,1,1,0.00502141,1262,8,11.7956,7,591,0,0.00493275,0.00249477,0,0,0,0,20,3,0.4,0,0,0,0,0,0,0,0,0
1,bookshelf_small,6,qpFixed,1,1,0.0352497,2578,18,11.9062,877,877,0,0.00493275,0.00249477,0,0,0.0102744,0,8,7,2.25,0,0,0,1,0,0,2578,628121,2182
1,bookshelf_small,6,qpPlain,1,1,0.0378746,2578,18,11.9062,877,877,0,0.00493275,0.00249477,0,0,0.0102744,0,8,7,2.25,0,0,0,1,0,0,2578,884254,2578
1,bookshelf_small,6,qpAdaptive,1,1,0.0257177,1808,18,11.8962,736,736,0,0.00493275,0.00249477,0,0,0.0146257,0.306416,8,7,2.25,0,0,0,0.691372,0.30365,0.00497788,1808,435171,1762
1,bookshelf_small,6,qpFreeGate,1,1,0.0210223,2547,9,12.2214,846,846,0,0.00493275,0.00249477,0,0,0.00528595,0,20,4,0.45,0,0,0,1,0,0,0,0,0
1,bookshelf_small,6,qpFreeEnvelope,1,1,0.00295267,139,9,11.8133,617,617,0,0.000943514,0.00249477,0,0,0.0918205,0.964029,20,4,0.45,0,0,0,0.0215827,0.899281,0.0791367,0,0,0
1,bookshelf_small,6,qpEnvelope,1,1,0.014295,932,18,11.9596,648,648,0,0.00493275,0.00249477,0,0,0.0285626,0.254292,8,7,2.25,0,0,0,0.744635,0.23927,0.0160944,932,224936,914
1,bookshelf_small,33,isSafe,1,1,0.0354537,9008,47,20.1097,12,1007,0,0.00657071,0.00123416,0,0,0,0,214,43,0.219626,0,0,0,0,0,0,0,0,0
1,bookshelf_small,33,qpFixed,1,1,0.0206404,1496,11,13.1483,1264,1264,0,0.00566352,1.76801e-05,0,0,0.00917006,0,3,3,3.66667,0,0,0,1,0,0,1496,448849,1043
1,bookshelf_small,33,qpPlain,1,1,0.0208607,1496,11,13.1483,1264,1264,0,0.00566352,1.76801e-05,0,0,0.00917006,0,3,3,3.66667,0,0,0,1,0,0,1496,513128,1496
1,bookshelf_small,33,qpAdaptive,1,1,0.012449,828,11,13.1573,1027,1027,0,0.00692559,1.74083e-05,0,0,0.0165899,0.357488,3,3,3.66667,0,0,0,0.640097,0.353865,0.00603865,828,255989,741
1,bookshelf_small,33,qpFreeGate,1,1,0.203621,24580,55,21.7585,2187,2187,0,0.00706864,0.000216692,0,0,0.00368689,0,173,48,0.317919,0,0,0,1,0,0,0,0,0
1,bookshelf_small,33,qpFreeEnvelope,1,1,0.0780902,4131,117,19.9883,1041,1041,0,0.000479758,0.00249477,0,0,0.0523945,0.932946,451,111,0.259424,0,0,0,0.052542,0.852591,0.0948674,0,0,0
1,bookshelf_small,33,qpEnvelope,1,1,0.00808678,500,13,13.1835,882,882,0,0.00569734,1.43469e-05,0,0,0.0275196,0.154,3,3,4.33333,0,0,0,0.842,0.142,0.016,500,154536,486
1,bookshelf_small,57,isSafe,1,1,0.0459481,11611,60,12.2969,8,616,0,0.00623973,0.00249477,0,0,0,0,250,56,0.24,0,0,0,0,0,0,0,0,0
1,bookshelf_small,57,qpFixed,1,1,0.0192187,1406,11,10.8911,919,919,0,0.0038883,0.00249477,0,0,0.0112306,0,3,3,3.66667,0,0,0,1,0,0,1406,412196,898
1,bookshelf_small,57,qpPlain,1,1,0.0193708,1406,11,10.8911,919,919,0,0.0038883,0.00249477,0,0,0.0112306,0,3,3,3.66667,0,0,0,1,0,0,1406,482258,1406
1,bookshelf_small,57,qpAdaptive,1,1,0.00871131,566,11,10.8936,656,656,0,0.00392546,0.00249477,0,0,0.0278973,0.457597,3,3,3.66667,0,0,0,0.538869,0.44523,0.0159011,566,169841,533
1,bookshelf_small,57,qpFreeGate,1,1,0.270834,32698,95,18.2476,1870,1870,0,0.00536179,0.00249477,0,0,0.00423084,0,214,74,0.443925,0,0,0,1,0,0,0,0,0
1,bookshelf_small,57,qpFreeEnvelope,1,1,0.0295947,1386,71,9.49957,503,503,0,0.00192363,0.00249477,0,0,0.0879879,0.976912,198,63,0.358586,0,0,0,0,0.832366,0.167634,0,0,0
1,bookshelf_small,57,qpEnvelope,1,1,0.00513771,302,11,10.917,605,605,0,0.00400684,0.00249477,0,0,0.0523634,0.480132,3,3,3.66667,0,0,0,0.516556,0.450331,0.0331126,302,90738,282
1,bookshelf_small,81,isSafe,1,1,0.377762,95334,519,14.9289,9,748,0,0.00186226,0.00249477,0,0,0,0,3020,516,0.171854,0,0,0,0,0,0,0,0,0
1,bookshelf_small,81,qpFixed,1,1,0.03132,2178,21,12.6497,1057,1057,0,0.00146468,0.00249477,0,0,0.0102852,0,6,6,3.5,0,0,0,1,0,0,2177,655009,1724
1,bookshelf_small,81,qpPlain,1,1,0.0323134,2178,21,12.6497,1057,1057,0,0.00146468,0.00249477,0,0,0.0102852,0,6,6,3.5,0,0,0,1,0,0,2177,746711,2177
1,bookshelf_small,81,qpAdaptive,1,1,0.0198193,1270,22,12.6802,901,901,0,0.00144382,0.00249477,0,0,0.0177274,0.202362,6,6,3.66667,0,0,0,0.795276,0.192126,0.0125984,1270,399192,1231
1,bookshelf_small,81,qpFreeGate,1,1,0.325245,37456,89,19.5234,1980,1980,0,0.000622371,0.00249477,0,0,0.00425075,0,292,81,0.304795,0,0,0,1,0,0,0,0,0
1,bookshelf_small,81,qpFreeEnvelope,1,1,0.0534594,2617,117,23.356,1241,1241,0,0.000463085,0.00249477,0,0,0.0747461,0.958731,386,107,0.303109,0,0,0,0.00656878,0.864374,0.129057,0,0,0
1,bookshelf_small,81,qpEnvelope,1,1,0.0149524,897,22,12.7849,817,817,0,0.00121164,0.00249477,0,0,0.0252273,0.143813,6,6,3.66667,0,0,0,0.851728,0.12709,0.0211817,897,283186,883
1,box,6,isSafe,1,1,0.013443,3581,20,16.5161,10,827,0,0.0255584,0.00249477,0,0,0,0,46,16,0.434783,0,0,0,0,0,0,0,0,0
1,box,6,qpFixed,1,1,0.0199521,1524,33,11.4767,1028,1028,0,0.000951195,0.00249477,0,0,0.0107309,0,4,4,8.25,0,0,0,1,0,0,1524,395202,1244
1,box,6,qpPlain,1,1,0.0211237,1524,33,11.4767,1028,1028,0,0.000951195,0.00249477,0,0,0.0107309,0,4,4,8.25,0,0,0,1,0,0,1524,522732,1524
1,box,6,qpAdaptive,1,1,0.00941869,662,32,11.4991,759,759,0,0.000933315,0.00249477,0,0,0.0246821,0.435045,4,4,8,0,0,0,0.555891,0.412387,0.0317221,662,173999,605
1,box,6,qpFreeGate,1,1,0.0542192,6827,35,13.2943,1312,1312,0,0.0114786,0.00249477,0,0,0.00566425,0,34,19,1.02941,0,0,0,1,0,0,0,0,0
1,box,6,qpFreeEnvelope,1,1,0.00717953,372,26,14.7297,783,783,0,0.000377507,0.00249477,0,0,0.103125,0.959677,40,20,0.65,0,0,0,0.0268817,0.825269,0.147849,0,0,0
1,box,6,qpEnvelope,1,1,0.00662628,433,32,11.5616,710,710,0,0.000832405,0.00249477,0,0,0.0378423,0.274827,4,4,8,0,0,0,0.709007,0.240185,0.0508083,433,112634,392
1,box,30,isSafe,1,1,0.002001,552,5,5.47083,4,275,0,0.0543942,0.00249477,0,0,0,0,1,1,5,0,0,0,0,0,0,0,0,0
1,box,30,qpFixed,1,1,0.00516672,442,5,5.47111,443,443,0,0.0524119,0.00249477,0,0,0.0123781,0,1,1,5,0,0,0,1,0,0,442,113390,27
1,box,30,qpPlain,1,1,0.00563195,442,5,5.47111,443,443,0,0.0524119,0.00249477,0,0,0.0123781,0,1,1,5,0,0,0,1,0,0,442,151606,442
1,box,30,qpAdaptive,1,1,0.000464273,38,5,5.47112,291,291,0,0.0523903,0.00249477,0,0,0.143977,1,1,1,5,0,0,0,0,0.921053,0.0789474,38,10501,5
1,box,30,qpFreeGate,1,1,0.00348659,447,5,5.47093,448,448,0,0.0543933,0.00249477,0,0,0.0122392,0,1,1,5,0,0,0,1,0,0,0,0,0
1,box,30,qpFreeEnvelope,1,1,0.000376905,16,5,5.47093,283,283,0,0.0543966,0.00249477,0,0,0.341933,1,1,1,5,0,0,0,0,0.8125,0.1875,0,0,0
1,box,30,qpEnvelope,1,1,0.000276051,16,5,5.47106,282,282,0,0.0520294,0.00249477,0,0,0.341942,1,1,1,5,0,0,0,0,0.8125,0.1875,16,4343,2
1,box,54,isSafe,1,1,0.00957354,2531,15,12.6114,8,632,0,0.00365352,0.00249477,0,0,0,0,28,11,0.535714,0,0,0,0,0,0,0,0,0
1,box,54,qpFixed,1,1,0.0068172,549,10,6.64121,550,550,0,0.00909547,0.00249477,0,0,0.0120969,0,1,1,10,0,0,0,1,0,0,549,151731,221
1,box,54,qpPlain,1,1,0.00711657,549,10,6.64121,550,550,0,0.00909547,0.00249477,0,0,0.0120969,0,1,1,10,0,0,0,1,0,0,549,188307,549
1,box,54,qpAdaptive,1,1,0.00126559,94,12,6.66875,378,378,0,0.00915115,0.00249477,0,0,0.0709441,0.840426,1,1,12,0,0,0,0.106383,0.787234,0.106383,94,27155,59
1,box,54,qpFreeGate,1,1,0.10277,12966,43,12.7696,1548,1548,0,0.00667916,0.00249477,0,0,0.00463432,0,82,33,0.52439,0,0,0,1,0,0,0,0,0
1,box,54,qpFreeEnvelope,1,1,0.0178748,949,49,15.3532,814,814,0,0.00390835,0.00249477,0,0,0.0730814,0.958904,111,36,0.441441,0,0,0,0.02537,0.836152,0.138478,0,0,0
1,box,54,qpEnvelope,1,1,0.00100245,44,9,10.2993,538,538,0,0.00951901,0.00249477,0,0,0.234302,1,2,2,4.5,0,0,0,0,0.818182,0.181818,44,12762,28
1,box,78,isSafe,1,1,0.00295261,798,6,7.87298,5,395,0,0.00065605,0.00249477,0,0,0,0,3,2,2,0,0,0,0,0,0,0,0,0
1,box,78,qpFixed,1,1,0.00529625,438,6,5.52566,439,439,0,0.00262508,0.00249477,0,0,0.0126157,0,1,1,6,0,0,0,1,0,0,438,111250,248
1,box,78,qpPlain,1,1,0.00553824,438,6,5.52566,439,439,0,0.00262508,0.00249477,0,0,0.0126157,0,1,1,6,0,0,0,1,0,0,438,150234,438
1,box,78,qpAdaptive,1,1,0.00197116,132,6,5.53673,339,339,0,0.00234979,0.00249477,0,0,0.0419449,0.55303,1,1,6,0,0,0,0.439394,0.537879,0.0227273,132,37001,117
1,box,78,qpFreeGate,1,1,0.0166945,2097,10,9.39749,881,881,0,0.0081824,0.00249477,0,0,0.00620055,0,9,5,1.11111,0,0,0,1,0,0,0,0,0
1,box,78,qpFreeEnvelope,1,1,0.00214342,120,10,9.1095,490,490,0,0.0012957,0.00249477,0,0,0.101725,0.841667,9,5,1.11111,0,0,0,0.15,0.758333,0.0916667,0,0,0
1,box,78,qpEnvelope,1,1,0.00115536,80,6,5.56312,317,317,0,0.00189518,0.00249477,0,0,0.0695389,0.5375,1,1,6,0,0,0,0.4625,0.5,0.0375,80,22589,74
1,table_pick,2,isSafe,1,1,0.0479885,8306,41,16.0777,10,805,0,0.00673841,0.00249477,0,0,0,0,144,37,0.284722,0,0,0,0,0,0,0,0,0
1,table_pick,2,qpFixed,1,1,0.0110683,641,7,8.52281,642,642,0,0.00172091,0.00249477,0,0,0.0132961,0,1,1,7,0,0,0,1,0,0,641,170637,492
1,table_pick,2,qpPlain,1,1,0.0115649,641,7,8.52281,642,642,0,0.00172091,0.00249477,0,0,0.0132961,0,1,1,7,0,0,0,1,0,0,641,219863,641
1,table_pick,2,qpAdaptive,1,1,0.00733887,399,7,8.52955,584,584,0,0.00171194,0.00249477,0,0,0.0213773,0.330827,1,1,7,0,0,0,0.66416,0.325815,0.0100251,399,106804,380
1,table_pick,2,qpFreeGate,1,1,0.0443227,4485,21,17.2755,1394,1394,0,0.00471244,0.00249477,0,0,0.00631059,0,27,14,0.777778,0,0,0,1,0,0,0,0,0
1,table_pick,2,qpFreeEnvelope,1,1,0.0071615,246,21,17.3883,906,906,0,0.00471227,0.00249477,0,0,0.116743,0.987805,27,14,0.777778,0,0,0,0,0.849593,0.150407,0,0,0
1,table_pick,2,qpEnvelope,1,1,0.00310808,149,7,8.54778,499,499,0,0.00186807,0.00249477,0,0,0.0573676,0.758389,1,1,7,0,0,0,0.228188,0.738255,0.033557,149,40795,142
1,table_pick,26,isSafe,1,1,0.0107854,1886,12,10.1265,7,508,0,0.00212947,0.00249477,0,0,0,0,22,7,0.545455,0,0,0,0,0,0,0,0,0
1,table_pick,26,qpFixed,1,1,0.0148691,741,8,8.79775,742,742,0,0.000673421,0.00249477,0,0,0.0118728,0,1,1,8,0,0,0,1,0,0,741,208733,599
1,table_pick,26,qpPlain,1,1,0.0129535,741,8,8.79775,742,742,0,0.000673421,0.00249477,0,0,0.0118728,0,1,1,8,0,0,0,1,0,0,741,254163,741
1,table_pick,26,qpAdaptive,1,1,0.0139074,742,19,13.2505,912,912,0,0.000709771,0.00249477,0,0,0.0211514,0.448787,3,3,6.33333,0,0,0,0.541779,0.43531,0.0229111,742,220164,737
1,table_pick,26,qpFreeGate,1,1,0.0372563,3740,15,14.2858,1089,1089,0,0.00238617,0.00201175,0,0,0.00613774,0,22,10,0.681818,0,0,0,1,0,0,0,0,0
1,table_pick,26,qpFreeEnvelope,1,1,0.00575355,213,15,13.9913,735,735,0,0.00233305,0.000527865,0,0,0.106203,0.995305,22,10,0.681818,0,0,0,0,0.859155,0.140845,0,0,0
1,table_pick,26,qpEnvelope,1,1,0.011117,559,16,11.1567,686,686,0,0.000706431,0.00249477,0,0,0.0411679,0.345259,5,5,3.2,0,0,0,0.654741,0.316637,0.0286225,559,166674,539
1,table_pick,50,isSafe,1,1,0.0405659,7029,37,16.0368,10,803,0,0.00247543,0.00249477,0,0,0,0,110,33,0.336364,0,0,0,0,0,0,0,0,0
1,table_pick,50,qpFixed,1,1,0.046019,2622,17,11.9827,907,907,0,0.00741768,0.00249477,0,0,0.00987398,0,7,6,2.42857,0,0,0,1,0,0,2622,718620,1799
1,table_pick,50,qpPlain,1,1,0.0473676,2622,17,11.9827,907,907,0,0.00741768,0.00249477,0,0,0.00987398,0,7,6,2.42857,0,0,0,1,0,0,2622,899346,2622
1,table_pick,50,qpAdaptive,1,1,0.0249174,1286,17,11.9911,651,651,0,0.00741857,0.00249477,0,0,0.0201601,0.328927,7,6,2.42857,0,0,0,0.670295,0.320373,0.00933126,1286,372844,1232
1,table_pick,50,qpFreeGate,1,1,0.0880712,8875,32,19.9434,1613,1613,0,0.00127377,0.00249477,0,0,0.00560745,0,65,24,0.492308,0,0,0,1,0,0,0,0,0
1,table_pick,50,qpFreeEnvelope,1,1,0.0124198,437,31,19.9502,1036,1036,0,0.00126502,0.00249477,0,0,0.117066,0.977117,65,25,0.476923,0,0,0,0.00230415,0.822581,0.175115,0,0,0
1,table_pick,50,qpEnvelope,1,1,0.0170691,846,17,12.0016,625,625,0,0.0075115,0.00249477,0,0,0.0307049,0.180851,7,6,2.42857,0,0,0,0.817967,0.165485,0.0165485,846,243992,822
1,table_pick,74,isSafe,1,1,0.0139503,2408,14,14.2948,9,716,0,0.00419049,0.00249477,0,0,0,0,38,10,0.368421,0,0,0,0,0,0,0,0,0
1,table_pick,74,qpFixed,1,1,0.0170074,973,8,9.51479,832,832,0,0.0023048,0.00249477,0,0,0.0102646,0,2,2,4,0,0,0,1,0,0,973,276702,597
1,table_pick,74,qpPlain,1,1,0.0172291,973,8,9.51479,832,832,0,0.0023048,0.00249477,0,0,0.0102646,0,2,2,4,0,0,0,1,0,0,973,333739,973
1,table_pick,74,qpAdaptive,1,1,0.00950151,503,8,9.50445,656,656,0,0.00235347,0.00249477,0,0,0.0198531,0.250497,2,2,4,0,0,0,0.749503,0.242545,0.00795229,503,148480,465
1,table_pick,74,qpFreeGate,1,1,0.0613304,6211,22,19.064,1540,1540,0,0.00474867,0.00249477,0,0,0.00550773,0,44,17,0.5,0,0,0,1,0,0,0,0,0
1,table_pick,74,qpFreeEnvelope,1,1,0.00880939,324,23,18.7992,980,980,0,0.000422887,0.00249477,0,0,0.104479,0.959877,44,17,0.522727,0,0,0,0.00623053,0.841121,0.152648,0,0,0
1,table_pick,74,qpEnvelope,1,1,0.00549463,273,8,9.56891,549,549,0,0.00200933,0.00249477,0,0,0.0368117,0.406593,2,2,4,0,0,0,0.589744,0.391941,0.018315,273,80710,254
1,table_pick,98,isSafe,1,1,0.00707427,1256,9,10.0607,7,505,0,3.23904e-06,0.00249477,0,0,0,0,7,4,1.28571,0,0,0,0,0,0,0,0,0
1,table_pick,98,qpFixed,1,1,0.0083361,498,7,5.74716,499,499,0,0.0014351,0.00249477,0,0,0.0115405,0,1,1,7,0,0,0,1,0,0,498,125064,357
1,table_pick,98,qpPlain,1,1,0.00881142,498,7,5.74716,499,499,0,0.0014351,0.00249477,0,0,0.0115405,0,1,1,7,0,0,0,1,0,0,498,170814,498
1,table_pick,98,qpAdaptive,1,1,0.00453564,247,7,5.75409,430,430,0,0.00149313,0.00249477,0,0,0.0232959,0.425101,1,1,7,0,0,0,0.57085,0.412955,0.0161943,247,63996,229
1,table_pick,98,qpFreeGate,1,1,0.0451006,4578,16,9.74994,748,748,0,0.00467899,0.00249477,0,0,0.00568134,0,31,11,0.516129,0,0,0,1,0,0,0,0,0
1,table_pick,98,qpFreeEnvelope,1,1,0.0092877,338,17,9.85255,510,510,0,0.00476361,0.00249477,0,0,0.0762926,0.970414,31,12,0.548387,0,0,0,0.0177515,0.869822,0.112426,0,0,0
1,table_pick,98,qpEnvelope,1,1,0.00180755,92,7,5.82,343,343,0,0.00152743,0.00249477,0,0,0.0632608,0.51087,1,1,7,0,0,0,0.48913,0.456522,0.0543478,92,24722,84
1,cage,22,isSafe,1,1,0.594877,142034,828,22.964,14,1150,0,0.00593234,0.00249477,0,0,0,0,4219,824,0.196255,0,0,0,0,0,0,0,0,0
1,cage,22,qpFixed,1,1,0.516101,35335,157,30.7499,2669,2669,0,0.000109488,2.95156e-05,0,0,0.00861829,0,148,98,1.06081,0,0,0,1,0,0,35320,9648296,30204
1,cage,22,qpPlain,1,1,0.523986,35335,157,30.7499,2669,2669,0,0.000109488,2.95156e-05,0,0,0.00861829,0,148,98,1.06081,0,0,0,1,0,0,35320,12114760,35320
1,cage,22,qpAdaptive,1,1,0.355183,23850,157,30.8028,2294,2294,0,0.000108468,2.94278e-05,0,0,0.012781,0.259958,148,98,1.06081,0,0,0,0.737979,0.257196,0.00482504,23834,6496420,23179
1,cage,22,qpFreeGate,1,1,9.87215,1249823,2864,23.9555,2971,2971,0,0.00438951,0.00249477,0,0,0.00327547,0,10383,2799,0.275836,0,0,0,1,0,0,0,0,0
1,cage,22,qpFreeEnvelope,1,1,0.244489,12550,580,14.734,801,801,0,0.00117842,0.00249477,0,0,0.0728386,0.951076,1763,551,0.328985,0,0,0,0.0210526,0.850141,0.128807,0,0,0
1,cage,22,qpEnvelope,1,1,0.297164,19409,176,26.9829,1886,1886,0,0.00011937,0.000416455,0,0,0.0167262,0.197949,148,102,1.18919,0,0,0,0.800649,0.191723,0.00762769,19403,5129808,19180
1,cage,46,isSafe,1,1,0.590737,151300,883,30.8152,17,1542,0,0.00577273,0.00249477,0,0,0,0,4650,879,0.189892,0,0,0,0,0,0,0,0,0
1,cage,46,qpFixed,1,1,0.260697,19892,121,23.416,1723,1723,0,0.00234586,0.00249477,0,0,0.0100122,0,75,63,1.61333,0,0,0,1,0,0,19888,5258389,17153
1,cage,46,qpPlain,1,1,0.273071,19892,121,23.416,1723,1723,0,0.00234586,0.00249477,0,0,0.0100122,0,75,63,1.61333,0,0,0,1,0,0,19888,6821584,19888
1,cage,46,qpAdaptive,1,1,0.169667,12164,120,23.469,1502,1502,0,0.00230319,0.00249477,0,0,0.0164278,0.323413,75,63,1.6,0,0,0,0.674424,0.318257,0.00731908,12160,3215383,11779
1,cage,46,qpFreeGate,1,1,1.87325,241303,573,14.0296,1849,1849,0,0.00146236,0.00249477,0,0,0.00393823,0,1876,548,0.305437,0,0,0,1,0,0,0,0,0
1,cage,46,qpFreeEnvelope,1,1,0.353888,18024,809,23.1358,1225,1225,0,0.000322524,2.6853e-06,0,0,0.0722905,0.913393,2816,779,0.287287,0,0,0,0.0484985,0.811507,0.139994,0,0,0
1,cage,46,qpEnvelope,1,1,0.125289,8496,121,23.5692,1315,1315,0,0.002026,0.00249477,0,0,0.0235976,0.234581,75,63,1.61333,0,0,0,0.764013,0.223269,0.0127179,8492,2241017,8361
1,cage,70,isSafe,1,1,2.96473,641381,4554,27.4298,17,1373,0,0.000210158,0.00249477,0,0,0,0,27037,4549,0.168436,0,0,0,0,0,0,0,0,0
1,cage,70,qpFixed,1,1,0.0380463,2679,22,17.6828,1519,1519,0,0.000606277,0.00249477,0,0,0.0105788,0,8,8,2.75,0,0,0,1,0,0,2677,718392,1785
1,cage,70,qpPlain,1,1,0.0399037,2679,22,17.6828,1519,1519,0,0.000606277,0.00249477,0,0,0.0105788,0,8,8,2.75,0,0,0,1,0,0,2677,918211,2677
1,cage,70,qpAdaptive,1,1,0.0213456,1368,22,17.7049,1186,1186,0,0.000524207,0.00249477,0,0,0.0207343,0.352339,8,8,2.75,0,0,0,0.643485,0.344802,0.011713,1366,380122,1260
1,cage,70,qpFreeGate,1,1,1.16739,138287,371,19.6177,2223,2223,0,0.00393577,0.00249477,0,0,0.00430265,0,1152,362,0.322049,0,0,0,1,0,0,0,0,0
1,cage,70,qpFreeEnvelope,1,1,0.607493,28350,1211,23.7059,1231,1231,0,0.00122448,0.0014071,0,0,0.0636081,0.896649,4446,1198,0.27238,0,0,0,0.0542954,0.830648,0.115056,0,0,0
1,cage,70,qpEnvelope,1,1,0.0154029,923,24,17.7933,1050,1050,0,0.000352356,0.00249477,0,0,0.0308234,0.248104,8,8,3,0,0,0,0.745928,0.234528,0.019544,921,251269,873
1,cage,94,isSafe,1,1,0.0814531,21038,107,20.1279,12,1008,0,0.000274959,0.00249477,0,0,0,0,450,102,0.237778,0,0,0,0,0,0,0,0,0
1,cage,94,qpFixed,1,1,0.770317,57392,240,16.0329,1496,1496,0,4.76958e-05,0.00249477,0,0,0.00820788,0,244,150,0.983607,0,0,0,1,0,0,57375,15574978,50973
1,cage,94,qpPlain,1,1,0.79997,57392,240,16.0329,1496,1496,0,4.76958e-05,0.00249477,0,0,0.00820788,0,244,150,0.983607,0,0,0,1,0,0,57375,19679625,57375
1,cage,94,qpAdaptive,1,1,0.578364,40807,243,16.0629,1202,1202,0,4.61599e-05,0.00249477,0,0,0.0115821,0.230916,244,151,0.995902,0,0,0,0.767481,0.228572,0.00394724,40789,11034702,39755
1,cage,94,qpFreeGate,1,1,1.29483,166959,397,29.8368,2821,2821,0,0.00286498,0.00249477,0,0,0.00395964,0,1239,367,0.32042,0,0,0,1,0,0,0,0,0
1,cage,94,qpFreeEnvelope,1,1,0.787758,39906,1703,32.7507,1704,1704,0,8.44114e-05,0.00249477,0,0,0.0622623,0.912043,6520,1654,0.261196,0,0,0,0.0428684,0.824569,0.132562,0,0,0
1,cage,94,qpEnvelope,1,1,0.552135,37455,302,19.3272,1142,1142,0,2.84041e-05,0.00249477,0,0,0.0154281,0.19167,307,191,0.983713,0,0,0,0.807204,0.185822,0.00697432,37423,9988924,37016
1,bookshelf_tall,12,isSafe,1,1,0.131572,17694,89,17.2585,10,864,0,0.00431766,0.00026147,0,0,0,0,464,85,0.19181,0,0,0,0,0,0,0,0,0
1,bookshelf_tall,12,qpFixed,1,1,0.093306,4441,24,21.1659,1990,1990,0,0.000496037,7.15772e-05,0,0,0.00857739,0,13,11,1.84615,0,0,0,1,0,0,4441,1275635,3709
1,bookshelf_tall,12,qpPlain,1,1,0.0975909,4441,24,21.1659,1990,1990,0,0.000496037,7.15772e-05,0,0,0.00857739,0,13,11,1.84615,0,0,0,1,0,0,4441,1523263,4441
1,bookshelf_tall,12,qpAdaptive,1,1,0.0648713,2887,26,21.1902,1580,1580,0,0.000496037,6.04646e-05,0,0,0.0131894,0.185313,13,11,2,0,0,0,0.812608,0.181503,0.00588847,2887,839596,2781
1,bookshelf_tall,12,qpFreeGate,1,1,0.455463,37331,108,22.4115,2105,2105,0,0.00130636,0.000373881,0,0,0.00483191,0,337,103,0.320475,0,0,0,1,0,0,0,0,0
1,bookshelf_tall,12,qpFreeEnvelope,1,1,0.0585412,1774,104,22.4651,1173,1173,0,0.00126188,1.43644e-06,0,0,0.0987854,0.866404,337,99,0.308605,0,0,0,0.0226481,0.847271,0.130081,0,0,0
1,bookshelf_tall,12,qpEnvelope,1,1,0.0844528,3749,38,23.2256,1476,1476,0,0.000496037,9.97023e-05,0,0,0.0172657,0.132569,21,19,1.80952,0,0,0,0.866631,0.127767,0.00560149,3749,1072638,3458
1,bookshelf_tall,38,isSafe,1,1,0.449446,59049,311,19.8698,12,995,0,0.00100988,0.00249477,0,0,0,0,1870,307,0.16631,0,0,0,0,0,0,0,0,0
1,bookshelf_tall,38,qpFixed,1,1,0.0233089,1088,10,11.1159,936,936,0,0.00171321,0.00249477,0,0,0.010727,0,2,2,5,0,0,0,1,0,0,1088,314965,830
1,bookshelf_tall,38,qpPlain,1,1,0.0235616,1088,10,11.1159,936,936,0,0.00171321,0.00249477,0,0,0.010727,0,2,2,5,0,0,0,1,0,0,1088,373184,1088
1,bookshelf_tall,38,qpAdaptive,1,1,0.0165514,717,12,11.1333,807,807,0,0.00171936,0.00249477,0,0,0.0163009,0.253835,2,2,6,0,0,0,0.743375,0.246862,0.0097629,717,221180,635
1,bookshelf_tall,38,qpFreeGate,1,1,0.163817,13270,43,11.5919,1306,1306,0,0.00221904,0.00223321,0,0,0.00521086,0,126,34,0.34127,0,0,0,1,0,0,0,0,0
1,bookshelf_tall,38,qpFreeEnvelope,1,1,0.0294636,897,48,12.5286,680,680,0,0.000919,0.00121963,0,0,0.0716353,0.919732,126,34,0.380952,0,0,0,0.0403135,0.844345,0.115342,0,0,0
1,bookshelf_tall,38,qpEnvelope,1,1,0.00939128,394,12,11.1578,684,684,0,0.00165634,0.00249477,0,0,0.0297135,0.175127,2,2,6,0,0,0,0.817259,0.159898,0.0228426,394,123102,376
1,bookshelf_tall,62,isSafe,1,1,0.142148,18632,92,18.2527,11,914,0,0.00572261,0.00249477,0,0,0,0,389,86,0.236504,0,0,0,0,0,0,0,0,0
1,bookshelf_tall,62,qpFixed,1,1,0.0214948,1037,9,10.4832,884,884,0,0.0011416,0.00249477,0,0,0.01095,0,2,2,4.5,0,0,0,1,0,0,1037,288124,503
1,bookshelf_tall,62,qpPlain,1,1,0.0217526,1037,9,10.4832,884,884,0,0.0011416,0.00249477,0,0,0.01095,0,2,2,4.5,0,0,0,1,0,0,1037,355691,1037
1,bookshelf_tall,62,qpAdaptive,1,1,0.0119712,527,9,10.4833,703,703,0,0.00113876,0.00249477,0,0,0.0215468,0.208729,2,2,4.5,0,0,0,0.787476,0.201139,0.0113852,527,160729,480
1,bookshelf_tall,62,qpFreeGate,1,1,0.244592,19974,59,17.3635,1492,1492,0,0.00203086,0.00249477,0,0,0.00517093,0,160,54,0.36875,0,0,0,1,0,0,0,0,0
1,bookshelf_tall,62,qpFreeEnvelope,1,1,0.040452,1233,57,17.5314,919,919,0,0.00133005,0.00249477,0,0,0.0818691,0.944039,160,52,0.35625,0,0,0,0.0407166,0.834691,0.124593,0,0,0
1,bookshelf_tall,62,qpEnvelope,1,1,0.00640729,270,9,10.4864,592,592,0,0.00115338,0.00249477,0,0,0.0420649,0.277778,2,2,4.5,0,0,0,0.718519,0.255556,0.0259259,270,82294,255
1,bookshelf_tall,87,isSafe,1,1,0.0101225,1337,9,10.626,7,533,0,0.0015523,0.00249477,0,0,0,0,15,5,0.6,0,0,0,0,0,0,0,0,0
1,bookshelf_tall,87,qpFixed,1,1,0.0083405,427,6,6.39735,428,428,0,0.00591087,0.00249477,0,0,0.0149821,0,1,1,6,0,0,0,1,0,0,427,122544,80
1,bookshelf_tall,87,qpPlain,1,1,0.00868271,427,6,6.39735,428,428,0,0.00591087,0.00249477,0,0,0.0149821,0,1,1,6,0,0,0,1,0,0,427,146461,427
1,bookshelf_tall,87,qpAdaptive,1,1,0.00292791,121,6,6.3974,372,372,0,0.00591087,0.00249477,0,0,0.0528711,0.77686,1,1,6,0,0,0,0.22314,0.743802,0.0330579,121,37315,59
1,bookshelf_tall,87,qpFreeGate,1,1,0.0151325,1219,12,8.39558,590,590,0,0.00531581,0.00249477,0,0,0.00879422,0,6,4,2,0,0,0,1,0,0,0,0,0
1,bookshelf_tall,87,qpFreeEnvelope,1,1,0.00971804,316,28,12.7246,664,664,0,0.00527089,0.00249477,0,0,0.0988425,0.851266,28,14,1,0,0,0,0.129747,0.727848,0.142405,0,0,0
1,bookshelf_tall,87,qpEnvelope,1,1,0.000977409,41,6,6.40211,337,337,0,0.00591087,0.00249477,0,0,0.156149,0.487805,1,1,6,0,0,0,0.512195,0.390244,0.097561,41,12675,28
1,bookshelf_thin,13,isSafe,1,1,0.10188,9786,48,15.915,9,797,0,0.00387073,0.00249477,0,0,0,0,135,45,0.355556,0,0,0,0,0,0,0,0,0
1,bookshelf_thin,13,qpFixed,1,1,0.00785396,316,5,4.13186,317,317,0,0.00387073,0.00249477,0,0,0.0130755,0,1,1,5,0,0,0,1,0,0,316,70372,92
1,bookshelf_thin,13,qpPlain,1,1,0.00825726,316,5,4.13186,317,317,0,0.00387073,0.00249477,0,0,0.0130755,0,1,1,5,0,0,0,1,0,0,316,108388,316
1,bookshelf_thin,13,qpAdaptive,1,1,0.00307019,118,5,4.13186,242,242,0,0.00387073,0.00249477,0,0,0.0350157,0.169492,1,1,5,0,0,0,0.822034,0.152542,0.0254237,118,26300,92
1,bookshelf_thin,13,qpFreeGate,1,1,0.125631,8477,39,12.8205,1104,1104,0,0.00387073,0.00249477,0,0,0.00599937,0,57,25,0.684211,0,0,0,1,0,0,0,0,0
1,bookshelf_thin,13,qpFreeEnvelope,1,1,0.0273599,652,40,19.6363,1007,1007,0,0.00387073,0.00249477,0,0,0.0982283,0.984663,67,28,0.597015,0,0,0,0,0.871914,0.128086,0,0,0
1,bookshelf_thin,13,qpEnvelope,1,1,0.00096615,33,5,4.13457,220,220,0,0.00387073,0.00249477,0,0,0.12529,0.575758,1,1,5,0,0,0,0.424242,0.484848,0.0909091,33,7675,25
1,bookshelf_thin,37,isSafe,1,1,0.0343739,3435,18,14.936,9,748,0,0.0026328,0.00249477,0,0,0,0,60,14,0.3,0,0,0,0,0,0,0,0,0
1,bookshelf_thin,37,qpFixed,1,1,0.0118848,486,6,6.80135,487,487,0,0.00717048,0.00249477,0,0,0.0139945,0,1,1,6,0,0,0,1,0,0,486,136922,64
1,bookshelf_thin,37,qpPlain,1,1,0.0121925,486,6,6.80135,487,487,0,0.00717048,0.00249477,0,0,0.0139945,0,1,1,6,0,0,0,1,0,0,486,166698,486
1,bookshelf_thin,37,qpAdaptive,1,1,0.00218137,86,6,6.80153,379,379,0,0.00717048,0.00249477,0,0,0.0790876,0.755814,1,1,6,0,0,0,0.244186,0.709302,0.0465116,86,25132,46
1,bookshelf_thin,37,qpFreeGate,1,1,0.215182,14632,40,14.7558,1572,1572,0,0.00132281,0.00249477,0,0,0.00438375,0,92,35,0.434783,0,0,0,1,0,0,0,0,0
1,bookshelf_thin,37,qpFreeEnvelope,1,1,0.00890516,210,16,15.6366,808,808,0,0.00433504,0.00249477,0,0,0.107397,0.990476,21,9,0.761905,0,0,0,0,0.851675,0.148325,0,0,0
1,bookshelf_thin,37,qpEnvelope,1,1,0.000821029,24,6,6.80311,354,354,0,0.00717048,0.00249477,0,0,0.283463,1,1,1,6,0,0,0,0,0.833333,0.166667,24,7080,13
1,bookshelf_thin,61,isSafe,1,1,0.113664,11314,55,6.96575,5,350,0,0.00587617,0.00249477,0,0,0,0,224,51,0.245536,0,0,0,0,0,0,0,0,0
1,bookshelf_thin,61,qpFixed,1,1,0.0398324,1581,13,9.64951,693,693,0,0.000775588,0.00249477,0,0,0.0117499,0,8,6,1.625,0,0,0,1,0,0,1576,436094,786
1,bookshelf_thin,61,qpPlain,1,1,0.040549,1581,13,9.64951,693,693,0,0.000775588,0.00249477,0,0,0.0117499,0,8,6,1.625,0,0,0,1,0,0,1576,540568,1576
1,bookshelf_thin,61,qpAdaptive,1,1,0.0369218,1389,31,9.15338,631,631,0,0.000302,0.00249477,0,0,0.0305311,0.403888,32,17,0.96875,0,0,0,0.584559,0.396324,0.0191176,1361,383703,1248
1,bookshelf_thin,61,qpFreeGate,1,1,1.69043,114149,336,19.5254,2052,2052,0,0.000378294,0.00249477,0,0,0.00468281,0,1111,328,0.30243,0,0,0,1,0,0,0,0,0
1,bookshelf_thin,61,qpFreeEnvelope,1,1,0.270071,6703,319,29.9244,1610,1610,0,6.09892e-06,0.00249477,0,0,0.0762126,0.815307,1111,308,0.287129,0,0,0,0.0920794,0.797062,0.110859,0,0,0
1,bookshelf_thin,61,qpEnvelope,1,1,0.00635439,218,10,7.52995,399,399,0,0.00333387,0.00249477,0,0,0.0796438,0.37156,8,5,1.25,0,0,0,0.619718,0.338028,0.0422535,213,60176,194
1,bookshelf_thin,86,isSafe,1,1,0.0347761,3428,19,17.0403,10,854,0,0.00453438,0.00249477,0,0,0,0,38,14,0.5,0,0,0,0,0,0,0,0,0
1,bookshelf_thin,86,qpFixed,1,1,0.028914,1113,11,9.85587,805,805,0,0.000473625,0.00249477,0,0,0.0115292,0,2,2,5.5,0,0,0,1,0,0,1113,269758,1033
1,bookshelf_thin,86,qpPlain,1,1,0.0300771,1113,11,9.85587,805,805,0,0.000473625,0.00249477,0,0,0.0115292,0,2,2,5.5,0,0,0,1,0,0,1113,381759,1113
1,bookshelf_thin,86,qpAdaptive,1,1,0.0232731,855,11,9.89416,738,738,0,0.000464961,0.00249477,0,0,0.0150482,0.31462,2,2,5.5,0,0,0,0.683041,0.311111,0.00584795,855,212128,821
1,bookshelf_thin,86,qpFreeGate,1,1,0.0763525,5167,20,14.0205,1260,1260,0,0.00299582,0.00249477,0,0,0.00601624,0,36,15,0.555556,0,0,0,1,0,0,0,0,0
1,bookshelf_thin,86,qpFreeEnvelope,1,1,0.0136152,287,20,13.9152,729,729,0,0.000693606,0.00249477,0,0,0.108134,0.947735,36,15,0.555556,0,0,0,0.0313589,0.829268,0.139373,0,0,0
1,bookshelf_thin,86,qpEnvelope,1,1,0.0141692,514,11,9.9636,635,635,0,0.000468143,0.00249477,0,0,0.0251356,0.217899,2,2,5.5,0,0,0,0.782101,0.202335,0.0155642,514,130120,499
1,table_under_pick,10,isSafe,1,1,0.0172866,3012,17,14.8991,9,746,0,0.00447924,0.00249477,0,0,0,0,56,13,0.303571,0,0,0,0,0,0,0,0,0
1,table_under_pick,10,qpFixed,1,1,0.168442,9760,62,27.3168,2260,2260,0,0.000183071,0.000105134,0,0,0.00991818,0,32,31,1.9375,0,0,0,1,0,0,9759,2526808,8911
1,table_under_pick,10,qpPlain,1,1,0.175439,9760,62,27.3168,2260,2260,0,0.000183071,0.000105134,0,0,0.00991818,0,32,31,1.9375,0,0,0,1,0,0,9759,3347337,9759
1,table_under_pick,10,qpAdaptive,1,1,0.0714228,3966,47,16.7355,1138,1138,0,0.000400899,0.00249477,0,0,0.0173372,0.449571,23,22,2.04348,0,0,0,0.546784,0.445145,0.00807062,3966,1005790,3790
1,table_under_pick,10,qpFreeGate,1,1,0.0830983,7920,28,14.1043,1577,1577,0,0.00265756,0.0013726,0,0,0.00453207,0,46,18,0.608696,0,0,0,1,0,0,0,0,0
1,table_under_pick,10,qpFreeEnvelope,1,1,0.0130808,511,30,15.8698,872,872,0,0.000469014,0.00114092,0,0,0.0852895,0.935421,52,19,0.576923,0,0,0,0.0569745,0.819253,0.123772,0,0,0
1,table_under_pick,10,qpEnvelope,1,1,0.0726313,3821,63,27.3693,1647,1647,0,0.000140271,0.000267448,0,0,0.0255402,0.298351,32,31,1.96875,0,0,0,0.700707,0.286462,0.0128306,3820,1020472,3741
1,table_under_pick,34,isSafe,1,1,0.0176564,3057,17,14.735,9,738,0,0.000386303,0.00249477,0,0,0,0,55,12,0.309091,0,0,0,0,0,0,0,0,0
1,table_under_pick,34,qpFixed,1,1,0.0480011,2774,20,16.2238,1378,1378,0,0.000463511,0.00249477,0,0,0.0104581,0,9,9,2.22222,0,0,0,1,0,0,2774,726884,2337
1,table_under_pick,34,qpPlain,1,1,0.0495386,2774,20,16.2238,1378,1378,0,0.000463511,0.00249477,0,0,0.0104581,0,9,9,2.22222,0,0,0,1,0,0,2774,951482,2774
1,table_under_pick,34,qpAdaptive,1,1,0.0276415,1534,20,16.2334,1163,1163,0,0.00047797,0.00249477,0,0,0.0188779,0.40352,9,9,2.22222,0,0,0,0.594524,0.397653,0.00782269,1534,395754,1467
1,table_under_pick,34,qpFreeGate,1,1,0.101266,9706,32,15.0891,1558,1558,0,0.00368302,0.00249477,0,0,0.00486461,0,65,25,0.492308,0,0,0,1,0,0,0,0,0
1,table_under_pick,34,qpFreeEnvelope,1,1,0.0176879,700,34,14.2502,763,763,0,0.0035706,0.00249477,0,0,0.0713766,0.952857,65,26,0.523077,0,0,0,0.0371429,0.85,0.112857,0,0,0
1,table_under_pick,34,qpEnvelope,1,1,0.0176267,925,20,16.2773,978,978,0,0.000499153,0.00249477,0,0,0.0314353,0.353514,9,9,2.22222,0,0,0,0.645405,0.336216,0.0183784,925,243851,896
1,table_under_pick,58,isSafe,1,1,0.00928708,1621,10,11.5909,7,581,0,0.00805679,0.00249477,0,0,0,0,15,6,0.666667,0,0,0,0,0,0,0,0,0
1,table_under_pick,58,qpFixed,1,1,0.0259866,1528,20,12.9573,1086,1086,0,0.00299015,0.00249477,0,0,0.0108584,0,3,3,6.66667,0,0,0,1,0,0,1528,458297,1034
1,table_under_pick,58,qpPlain,1,1,0.0263347,1528,20,12.9573,1086,1086,0,0.00299015,0.00249477,0,0,0.0108584,0,3,3,6.66667,0,0,0,1,0,0,1528,524104,1528
1,table_under_pick,58,qpAdaptive,1,1,0.00848893,472,9,9.93039,667,667,0,0.00361792,0.00249477,0,0,0.0248511,0.709746,2,2,4.5,0,0,0,0.286017,0.70339,0.0105932,472,139881,430
1,table_under_pick,58,qpFreeGate,1,1,0.0357703,3406,16,8.709,902,902,0,0.00543461,0.00249477,0,0,0.00639957,0,31,10,0.516129,0,0,0,1,0,0,0,0,0
1,table_under_pick,58,qpFreeEnvelope,1,1,0.00421392,153,16,8.72872,466,466,0,7.21007e-07,0.00249477,0,0,0.138737,0.803922,31,10,0.516129,0,0,0,0.0522876,0.803922,0.143791,0,0,0
1,table_under_pick,58,qpEnvelope,1,1,0.00378051,184,9,9.9746,576,576,0,0.00351102,0.00249477,0,0,0.0638474,0.869565,2,2,4.5,0,0,0,0.125,0.831522,0.0434783,184,55530,165
1,table_under_pick,83,isSafe,1,1,0.00591931,1031,8,10.0559,7,504,0,0.00796874,0.00249477,0,0,0,0,6,2,1.33333,0,0,0,0,0,0,0,0,0
1,table_under_pick,83,qpFixed,1,1,0.0158034,932,12,7.98071,648,648,0,0.000415319,0.00249477,0,0,0.0112802,0,2,2,6,0,0,0,1,0,0,932,250997,659
1,table_under_pick,83,qpPlain,1,1,0.0162994,932,12,7.98071,648,648,0,0.000415319,0.00249477,0,0,0.0112802,0,2,2,6,0,0,0,1,0,0,932,319676,932
1,table_under_pick,83,qpAdaptive,1,1,0.00990562,558,12,7.97779,627,627,0,0.000417318,0.00249477,0,0,0.0188323,0.25448,2,2,6,0,0,0,0.741935,0.241935,0.016129,558,142639,495
1,table_under_pick,83,qpFreeGate,1,1,0.0122546,1170,10,11.1455,861,861,0,0.00796874,0.00249477,0,0,0.0099378,0,6,3,1.66667,0,0,0,1,0,0,0,0,0
1,table_under_pick,83,qpFreeEnvelope,1,1,0.00337214,119,16,18.0904,930,930,0,0.00510115,0.000749846,0,0,0.184873,0.97479,13,9,1.23077,0,0,0,0.00847458,0.805085,0.186441,0,0,0
1,table_under_pick,83,qpEnvelope,1,1,0.00704698,373,12,7.97334,531,531,0,0.000348688,0.00249477,0,0,0.0281402,0.163539,2,2,6,0,0,0,0.828418,0.147453,0.0241287,373,94410,356
1,bookshelf_small,7,isSafe,1,1,0.00860981,2228,13,15.8478,9,794,0,0.00375889,0.00249477,0,0,0,0,25,10,0.52,0,0,0,0,0,0,0,0,0
1,bookshelf_small,7,qpFixed,1,1,0.0625904,4455,35,13.769,1179,1179,0,0.000760284,0.00249477,0,0,0.00954744,0,14,12,2.5,0,0,0,1,0,0,4455,1193539,4018
1,bookshelf_small,7,qpPlain,1,1,0.064881,4455,35,13.769,1179,1179,0,0.000760284,0.00249477,0,0,0.00954744,0,14,12,2.5,0,0,0,1,0,0,4455,1528065,4455
1,bookshelf_small,7,qpAdaptive,1,1,0.0500484,3329,37,13.7812,1018,1018,0,0.000761866,0.00249477,0,0,0.0127966,0.262241,14,12,2.64286,0,0,0,0.734154,0.258035,0.00781015,3329,908085,3239
1,bookshelf_small,7,qpFreeGate,1,1,0.0531945,6084,22,23.3881,1922,1922,0,0.00772489,0.00249477,0,0,0.00537055,0,37,16,0.594595,0,0,0,1,0,0,0,0,0
1,bookshelf_small,7,qpFreeEnvelope,1,1,0.0108049,630,32,19.8341,1072,1072,0,0.000849104,0.000251113,0,0,0.0571607,0.920635,38,17,0.842105,0,0,0,0.0698413,0.834921,0.0952381,0,0,0
1,bookshelf_small,7,qpEnvelope,1,1,0.0333901,2120,39,13.727,837,837,0,0.000769126,0.00249477,0,0,0.0201029,0.217925,14,12,2.78571,0,0,0,0.778774,0.204245,0.0169811,2120,575264,2080
1,bookshelf_small,34,isSafe,1,1,0.0391244,9978,48,9.36428,6,470,0,0.00441367,0.00249477,0,0,0,0,228,45,0.210526,0,0,0,0,0,0,0,0,0
1,bookshelf_small,34,qpFixed,1,1,0.00932859,727,6,7.95192,590,590,0,0.00382523,0.00249477,0,0,0.012236,0,2,2,3,0,0,0,1,0,0,727,192123,229
1,bookshelf_small,34,qpPlain,1,1,0.00977736,727,6,7.95192,590,590,0,0.00382523,0.00249477,0,0,0.012236,0,2,2,3,0,0,0,1,0,0,727,249361,727
1,bookshelf_small,34,qpAdaptive,1,1,0.0034913,228,6,7.95392,442,442,0,0.00382523,0.00249477,0,0,0.0390245,0.241228,2,2,3,0,0,0,0.758772,0.223684,0.0175439,228,69688,194
1,bookshelf_small,34,qpFreeGate,1,1,0.24854,28340,69,9.08279,703,703,0,0.00441416,0.00249477,0,0,0.00438635,0,228,65,0.302632,0,0,0,1,0,0,0,0,0
1,bookshelf_small,34,qpFreeEnvelope,1,1,0.0345203,1740,65,9.13796,471,471,0,0.00440987,0.00249477,0,0,0.0679685,0.972414,228,61,0.285088,0,0,0,0.0034642,0.876443,0.120092,0,0,0
1,bookshelf_small,34,qpEnvelope,1,1,0.00295007,174,6,7.95304,421,421,0,0.00397067,0.00249477,0,0,0.0511306,0.137931,2,2,3,0,0,0,0.862069,0.114943,0.0229885,174,52998,162
1,bookshelf_small,58,isSafe,1,1,0.0159902,4058,22,19.0557,11,954,0,0.00971586,0.00249477,0,0,0,0,69,18,0.318841,0,0,0,0,0,0,0,0,0
1,bookshelf_small,58,qpFixed,1,1,0.02292,1656,23,13.7224,1217,1217,0,0.00187975,1.98569e-05,0,0,0.00950103,0,5,4,4.6,0,0,0,1,0,0,1656,469073,1337
1,bookshelf_small,58,qpPlain,1,1,0.0229786,1656,23,13.7224,1217,1217,0,0.00187975,1.98569e-05,0,0,0.00950103,0,5,4,4.6,0,0,0,1,0,0,1656,568008,1656
1,bookshelf_small,58,qpAdaptive,1,1,0.0194882,1321,23,9.07202,602,602,0,0.00192221,0.000147209,0,0,0.0196147,0.302044,7,6,3.28571,0,0,0,0.695685,0.290689,0.013626,1321,377380,1207
1,bookshelf_small,58,qpFreeGate,1,1,0.134393,15376,42,19.2817,1957,1957,0,0.00116496,0.000374311,0,0,0.00425418,0,101,36,0.415842,0,0,0,1,0,0,0,0,0
1,bookshelf_small,58,qpFreeEnvelope,1,1,0.0164244,820,40,23.1648,1207,1207,0,0.00379651,0.000906383,0,0,0.0842526,0.973171,101,35,0.39604,0,0,0,0.00859951,0.853808,0.137592,0,0,0
1,bookshelf_small,58,qpEnvelope,1,1,0.0104125,673,19,12.6955,824,824,0,0.000965083,1.09189e-05,0,0,0.0254426,0.120357,5,4,3.8,0,0,0,0.875186,0.102526,0.0222883,673,192655,644
1,bookshelf_small,82,isSafe,1,1,0.00308705,769,6,7.63856,5,383,0,0.00505906,0.00249477,0,0,0,0,1,1,6,0,0,0,0,0,0,0,0,0
1,bookshelf_small,82,qpFixed,1,1,0.00766723,618,6,7.61882,619,619,0,0.00514164,0.00249477,0,0,0.0123282,0,1,1,6,0,0,0,1,0,0,618,165728,212
1,bookshelf_small,82,qpPlain,1,1,0.00811254,618,6,7.61882,619,619,0,0.00514164,0.00249477,0,0,0.0123282,0,1,1,6,0,0,0,1,0,0,618,211974,618
1,bookshelf_small,82,qpAdaptive,1,1,0.00147623,109,6,7.61816,430,430,0,0.00514012,0.00249477,0,0,0.0698914,0.844037,1,1,6,0,0,0,0.146789,0.816514,0.0366972,109,32566,40
1,bookshelf_small,82,qpFreeGate,1,1,0.00726487,823,9,7.14887,824,824,0,0.0050525,0.00249477,0,0,0.00868636,0,1,1,9,0,0,0,1,0,0,0,0,0
1,bookshelf_small,82,qpFreeEnvelope,1,1,0.000996726,42,8,8.8087,461,461,0,0.0050599,0.00236291,0,0,0.219901,1,2,2,4,0,0,0,0,0.833333,0.166667,0,0,0
1,bookshelf_small,82,qpEnvelope,1,1,0.000620235,30,6,7.62358,396,396,0,0.00514155,0.00249477,0,0,0.254119,0.7,1,1,6,0,0,0,0.3,0.566667,0.133333,30,8832,10
1,box,7,isSafe,1,1,0.0204943,5404,28,15.7775,9,790,0,0.00625003,0.00249477,0,0,0,0,101,25,0.277228,0,0,0,0,0,0,0,0,0
1,box,7,qpFixed,1,1,0.0281878,2206,17,13.3228,1122,1122,0,0.00153803,0.00249477,0,0,0.0110539,0,6,6,2.83333,0,0,0,1,0,0,2206,554585,1353
1,box,7,qpPlain,1,1,0.0304204,2206,17,13.3228,1122,1122,0,0.00153803,0.00249477,0,0,0.0110539,0,6,6,2.83333,0,0,0,1,0,0,2206,756658,2206
1,box,7,qpAdaptive,1,1,0.0150448,1047,18,13.3543,855,855,0,0.00154584,0.00249477,0,0,0.0233456,0.276982,6,6,3,0,0,0,0.719198,0.264565,0.0162369,1047,271613,984
1,box,7,qpFreeGate,1,1,0.13882,16566,42,17.4394,1544,1544,0,0.0153776,0.00249477,0,0,0.00427021,0,101,32,0.415842,0,0,0,1,0,0,0,0,0
1,box,7,qpFreeEnvelope,1,1,0.0165615,894,42,18.4614,960,960,0,0.00400039,0.00249477,0,0,0.0774886,0.940716,101,33,0.415842,0,0,0,0.0447928,0.823068,0.132139,0,0,0
1,box,7,qpEnvelope,1,1,0.0112984,740,17,13.3736,812,812,0,0.00111822,0.00249477,0,0,0.0329929,0.218919,6,6,2.83333,0,0,0,0.77973,0.198649,0.0216216,740,189431,717
1,box,31,isSafe,1,1,0.0178589,4751,26,18.0541,11,904,0,0.0146312,0.00249477,0,0,0,0,77,22,0.337662,0,0,0,0,0,0,0,0,0
1,box,31,qpFixed,1,1,0.0134497,1096,10,12.0075,963,963,0,0.000789115,0.00249477,0,0,0.0116444,0,3,3,3.33333,0,0,0,1,0,0,1096,253296,739
1,box,31,qpPlain,1,1,0.0148933,1096,10,12.0075,963,963,0,0.000789115,0.00249477,0,0,0.0116444,0,3,3,3.33333,0,0,0,1,0,0,1096,375928,1096
1,box,31,qpAdaptive,1,1,0.0070802,525,10,12.0094,804,804,0,0.000749777,0.00249477,0,0,0.0243406,0.306667,3,3,3.33333,0,0,0,0.687619,0.299048,0.0133333,525,121782,499
1,box,31,qpFreeGate,1,1,0.0569863,6812,27,18.7273,1714,1714,0,0.00824784,0.00249477,0,0,0.00526614,0,34,16,0.794118,0,0,0,1,0,0,0,0,0
1,box,31,qpFreeEnvelope,1,1,0.00416067,208,19,13.176,704,704,0,0.00794573,0.00249477,0,0,0.107134,0.980769,21,10,0.904762,0,0,0,0,0.826923,0.173077,0,0,0
1,box,31,qpEnvelope,1,1,0.00451071,314,10,11.9278,732,732,0,0.000600396,0.00249477,0,0,0.0402475,0.289809,3,3,3.33333,0,0,0,0.710191,0.267516,0.022293,314,74018,299
1,box,55,isSafe,1,1,0.00565904,1532,10,8.89362,6,446,0,0.000427604,0.00249477,0,0,0,0,19,5,0.526316,0,0,0,0,0,0,0,0,0
1,box,55,qpFixed,1,1,0.0275409,2201,19,13.5852,1037,1037,0,0.0038777,0.00249477,0,0,0.0114323,0,7,7,2.71429,0,0,0,1,0,0,2201,520635,1925
1,box,55,qpPlain,1,1,0.0297911,2201,19,13.5852,1037,1037,0,0.0038777,0.00249477,0,0,0.0114323,0,7,7,2.71429,0,0,0,1,0,0,2201,754943,2201
1,box,55,qpAdaptive,1,1,0.0150169,1114,21,13.5929,894,894,0,0.0036783,0.00249477,0,0,0.0226749,0.411131,7,7,3,0,0,0,0.579892,0.404847,0.0152603,1114,273914,1082
1,box,55,qpFreeGate,1,1,0.0587717,7119,23,10.3696,1243,1243,0,0.00692261,0.00249477,0,0,0.00387701,0,45,14,0.511111,0,0,0,1,0,0,0,0,0
1,box,55,qpFreeEnvelope,1,1,0.00847185,446,23,16.3192,881,881,0,0.000229184,0.00044329,0,0,0.0654902,0.894619,53,15,0.433962,0,0,0,0.0829596,0.795964,0.121076,0,0,0
1,box,55,qpEnvelope,1,1,0.0082723,560,17,13.603,766,766,0,0.00246591,0.00249477,0,0,0.0453595,0.351786,7,7,2.42857,0,0,0,0.646429,0.326786,0.0267857,560,138994,537
1,box,79,isSafe,1,1,0.0023976,637,6,6.14358,5,309,0,0.0289686,0.00249477,0,0,0,0,11,2,0.545455,0,0,0,0,0,0,0,0,0
1,box,79,qpFixed,1,1,0.0190458,1435,16,8.96154,651,651,0,0.000894218,0.00249477,0,0,0.0116176,0,4,4,4,0,0,0,1,0,0,1435,406824,1169
1,box,79,qpPlain,1,1,0.0194587,1435,16,8.96154,651,651,0,0.000894218,0.00249477,0,0,0.0116176,0,4,4,4,0,0,0,1,0,0,1435,492205,1435
1,box,79,qpAdaptive,1,1,0.00832167,593,15,8.96853,550,550,0,0.000798976,0.00249477,0,0,0.028027,0.50253,4,4,3.75,0,0,0,0.492411,0.487352,0.0202361,593,173346,520
1,box,79,qpFreeGate,1,1,0.0391022,4640,19,12.1655,1273,1273,0,0.011299,0.00249477,0,0,0.00434219,0,26,11,0.730769,0,0,0,1,0,0,0,0,0
1,box,79,qpFreeEnvelope,1,1,0.00535594,322,14,6.64737,379,379,0,0.00111298,0.00249477,0,0,0.0393696,0.878882,21,8,0.666667,0,0,0,0.111801,0.813665,0.0745342,0,0,0
1,box,79,qpEnvelope,1,1,0.00578983,373,14,8.98543,513,513,0,0.000566706,0.00249477,0,0,0.0446194,0.50134,4,4,3.5,0,0,0,0.493298,0.477212,0.0294906,373,108856,331
1,table_pick,3,isSafe,1,1,0.048987,8484,44,16.7,10,837,0,0.000703742,0.00249477,0,0,0,0,166,40,0.26506,0,0,0,0,0,0,0,0,0
1,table_pick,3,qpFixed,1,1,0.0108717,639,7,8.20191,640,640,0,0.000615183,0.00249477,0,0,0.0128355,0,1,1,7,0,0,0,1,0,0,639,177241,396
1,table_pick,3,qpPlain,1,1,0.0112608,639,7,8.20191,640,640,0,0.000615183,0.00249477,0,0,0.0128355,0,1,1,7,0,0,0,1,0,0,639,219177,639
1,table_pick,3,qpAdaptive,1,1,0.00597295,315,7,8.20375,557,557,0,0.000614688,0.00249477,0,0,0.0260436,0.377778,1,1,7,0,0,0,0.615873,0.368254,0.015873,315,93183,296
1,table_pick,3,qpFreeGate,1,1,0.199346,19156,54,10.411,1091,1091,0,0.00227375,0.00249477,0,0,0.00450933,0,141,45,0.382979,0,0,0,1,0,0,0,0,0
1,table_pick,3,qpFreeEnvelope,1,1,0.0330583,1268,62,19.0621,1003,1003,0,0.00294693,0.000263651,0,0,0.076307,0.962145,154,45,0.402597,0,0,0,0.0190476,0.848413,0.13254,0,0,0
1,table_pick,3,qpEnvelope,1,1,0.00386163,193,7,8.21758,507,507,0,0.000542885,0.00249477,0,0,0.0425782,0.321244,1,1,7,0,0,0,0.678756,0.295337,0.0259067,193,57164,183
1,table_pick,27,isSafe,1,1,0.0578716,10091,50,14.1325,9,708,0,0.00238564,0.00249477,0,0,0,0,203,45,0.246305,0,0,0,0,0,0,0,0,0
1,table_pick,27,qpFixed,1,1,0.0312146,1839,17,15.9857,1140,1140,0,5.20305e-05,0.00249477,0,0,0.0123103,0,7,6,2.42857,0,0,0,1,0,0,1835,518498,835
1,table_pick,27,qpPlain,1,1,0.032195,1839,17,15.9857,1140,1140,0,5.20305e-05,0.00249477,0,0,0.0123103,0,7,6,2.42857,0,0,0,1,0,0,1835,629405,1835
1,table_pick,27,qpAdaptive,1,1,0.0120872,633,17,15.9848,968,968,0,5.20305e-05,0.00249477,0,0,0.0358514,0.28278,7,6,2.42857,0,0,0,0.710652,0.27027,0.0190779,629,186482,547
1,table_pick,27,qpFreeGate,1,1,0.417795,39739,102,13.1463,919,919,0,0.00767893,0.00249477,0,0,0.00438611,0,328,96,0.310976,0,0,0,1,0,0,0,0,0
1,table_pick,27,qpFreeEnvelope,1,1,0.0575626,2088,97,13.0299,675,675,0,0.00767893,0.00249477,0,0,0.0812895,0.967433,328,92,0.295732,0,0,0,0.012025,0.816258,0.171717,0,0,0
1,table_pick,27,qpEnvelope,1,1,0.0103748,488,14,15.9805,925,925,0,5.20305e-05,0.00249477,0,0,0.0464939,0.17623,7,6,2,0,0,0,0.820248,0.157025,0.0227273,484,143628,461
1,table_pick,51,isSafe,1,1,0.00510637,866,7,8.61459,6,432,0,0.00147448,0.00249477,0,0,0,0,2,2,3.5,0,0,0,0,0,0,0,0,0
1,table_pick,51,qpFixed,1,1,0.00991777,631,6,7.19612,632,632,0,0.00491354,0.00249477,0,0,0.0114043,0,1,1,6,0,0,0,1,0,0,631,146243,208
1,table_pick,51,qpPlain,1,1,0.0107892,631,6,7.19612,632,632,0,0.00491354,0.00249477,0,0,0.0114043,0,1,1,6,0,0,0,1,0,0,631,216433,631
1,table_pick,51,qpAdaptive,1,1,0.00191454,113,6,7.19633,413,413,0,0.00490332,0.00249477,0,0,0.0636844,0.893805,1,1,6,0,0,0,0.0973451,0.867257,0.0353982,113,28918,83
1,table_pick,51,qpFreeGate,1,1,0.0271518,2601,13,7.81289,668,668,0,0.00426378,0.00249477,0,0,0.00764315,0,16,8,0.8125,0,0,0,1,0,0,0,0,0
1,table_pick,51,qpFreeEnvelope,1,1,0.00402304,149,13,7.81301,408,408,0,0.00427029,0.00249477,0,0,0.134448,0.973154,16,8,0.8125,0,0,0,0.0268456,0.852349,0.120805,0,0,0
1,table_pick,51,qpEnvelope,1,1,0.00100242,47,6,7.19745,385,385,0,0.00460593,0.00249477,0,0,0.153137,1,1,1,6,0,0,0,0,0.914894,0.0851064,47,12251,34
1,table_pick,75,isSafe,1,1,0.00596753,1022,7,9.85526,6,494,0,0.00648769,0.00249477,0,0,0,0,4,2,1.75,0,0,0,0,0,0,0,0,0
1,table_pick,75,qpFixed,1,1,0.0104061,685,7,8.18311,686,686,0,0.00707888,0.00249477,0,0,0.0119461,0,1,1,7,0,0,0,1,0,0,685,143681,62
1,table_pick,75,qpPlain,1,1,0.0114432,685,7,8.18311,686,686,0,0.00707888,0.00249477,0,0,0.0119461,0,1,1,7,0,0,0,1,0,0,685,234955,685
1,table_pick,75,qpAdaptive,1,1,0.000853697,53,7,8.18322,434,434,0,0.00707888,0.00249477,0,0,0.1544,0.773585,1,1,7,0,0,0,0.226415,0.679245,0.0943396,53,13553,18
1,table_pick,75,qpFreeGate,1,1,0.0125843,1235,8,9.73047,843,843,0,0.00615466,0.00249477,0,0,0.00896777,0,4,3,2,0,0,0,1,0,0,0,0,0
1,table_pick,75,qpFreeEnvelope,1,1,0.00129074,53,8,9.74956,504,504,0,0.00615957,0.00249477,0,0,0.210552,0.962264,4,3,2,0,0,0,0.0377358,0.849057,0.113208,0,0,0
1,table_pick,75,qpEnvelope,1,1,0.000658148,30,7,8.18321,424,424,0,0.00720062,0.00249477,0,0,0.272774,1,1,1,7,0,0,0,0,0.833333,0.166667,30,7366,10
1,table_pick,99,isSafe,1,1,0.00864204,1499,10,10.5018,7,527,0,0.0078365,0.00249477,0,0,0,0,16,6,0.625,0,0,0,0,0,0,0,0,0
1,table_pick,99,qpFixed,1,1,0.0106833,682,7,7.29335,683,683,0,0.00146544,0.00249477,0,0,0.0106941,0,1,1,7,0,0,0,1,0,0,682,154480,230
1,table_pick,99,qpPlain,1,1,0.0116101,682,7,7.29335,683,683,0,0.00146544,0.00249477,0,0,0.0106941,0,1,1,7,0,0,0,1,0,0,682,233926,682
1,table_pick,99,qpAdaptive,1,1,0.00251807,145,7,7.29754,456,456,0,0.00146827,0.00249477,0,0,0.0503278,0.613793,1,1,7,0,0,0,0.386207,0.57931,0.0344828,145,37589,117
1,table_pick,99,qpFreeGate,1,1,0.0247242,2385,13,13.5121,1051,1051,0,0.0078365,0.00249477,0,0,0.00790054,0,16,8,0.8125,0,0,0,1,0,0,0,0,0
1,table_pick,99,qpFreeEnvelope,1,1,0.00325188,115,13,13.6036,700,700,0,0.0078365,0.00249477,0,0,0.163731,1,16,8,0.8125,0,0,0,0,0.791304,0.208696,0,0,0
1,table_pick,99,qpEnvelope,1,1,0.00116678,60,7,7.28901,401,401,0,0.00127934,0.00249477,0,0,0.121484,0.566667,1,1,7,0,0,0,0.433333,0.483333,0.0833333,60,15720,48
1,cage,23,isSafe,1,1,0.229466,55864,300,25.0719,14,1255,0,0.00347277,0.00249477,0,0,0,0,1594,297,0.188206,0,0,0,0,0,0,0,0,0
1,cage,23,qpFixed,1,1,0.340021,23693,114,29.1975,2464,2464,0,5.22538e-05,0.000477512,0,0,0.00899927,0,97,68,1.17526,0,0,0,1,0,0,23675,6581482,20806
1,cage,23,qpPlain,1,1,0.350608,23693,114,29.1975,2464,2464,0,5.22538e-05,0.000477512,0,0,0.00899927,0,97,68,1.17526,0,0,0,1,0,0,23675,8120525,23675
1,cage,23,qpAdaptive,1,1,0.230416,15195,114,29.2318,1955,1955,0,5.04109e-05,0.000475971,0,0,0.0141214,0.244291,97,68,1.17526,0,0,0,0.753657,0.241007,0.00533667,15178,4206248,14851
1,cage,23,qpFreeGate,1,1,1.45502,169101,372,21.5545,2133,2133,0,0.00277332,0.00249477,0,0,0.00393063,0,1192,352,0.312081,0,0,0,1,0,0,0,0,0
1,cage,23,qpFreeEnvelope,1,1,0.220202,11204,479,26.6231,1408,1408,0,0.000170779,0.00249477,0,0,0.0702394,0.913959,1540,454,0.311039,0,0,0,0.0516373,0.826376,0.121986,0,0,0
1,cage,23,qpEnvelope,1,1,0.186456,11834,113,29.3121,1787,1787,0,2.73424e-05,0.000712579,0,0,0.0178875,0.21134,97,67,1.16495,0,0,0,0.786712,0.205417,0.00787135,11816,3256844,11697
1,cage,47,isSafe,1,1,0.12379,30671,158,15.6047,10,782,0,0.0107078,0.00249477,0,0,0,0,658,154,0.240122,0,0,0,0,0,0,0,0,0
1,cage,47,qpFixed,1,1,0.280654,20264,106,13.9609,1162,1162,0,0.00143504,0.00249477,0,0,0.00913777,0,80,62,1.325,0,0,0,1,0,0,20255,5580504,17360
1,cage,47,qpPlain,1,1,0.291338,20264,106,13.9609,1162,1162,0,0.00143504,0.00249477,0,0,0.00913777,0,80,62,1.325,0,0,0,1,0,0,20255,6947465,20255
1,cage,47,qpAdaptive,1,1,0.19325,13152,106,13.9804,962,962,0,0.00135571,0.00249477,0,0,0.0141056,0.291591,80,62,1.325,0,0,0,0.706155,0.288062,0.00578255,13143,3628048,12649
1,cage,47,qpFreeGate,1,1,7.67397,923377,2171,42.1709,4566,4566,0,0.00291601,0.00159204,0,0,0.00343775,0,7893,2113,0.275054,0,0,0,1,0,0,0,0,0
1,cage,47,qpFreeEnvelope,1,1,0.509834,26738,1107,29.8144,1619,1619,0,0.000110854,0.000180116,0,0,0.0627942,0.921273,3973,1075,0.278631,0,0,0,0.0436539,0.829161,0.127186,0,0,0
1,cage,47,qpEnvelope,1,1,0.140093,9081,107,14.4129,849,849,0,0.00114209,0.00249477,0,0,0.0203272,0.198326,80,59,1.3375,0,0,0,0.800639,0.188671,0.0106899,9074,2483650,8908
1,cage,71,isSafe,1,1,0.0293689,7614,41,22.1386,13,1108,0,0.00361311,0.00249477,0,0,0,0,145,36,0.282759,0,0,0,0,0,0,0,0,0
1,cage,71,qpFixed,1,1,0.293795,21894,103,24.997,2205,2205,0,0.000300723,0.00249477,0,0,0.00898061,0,87,59,1.18391,0,0,0,1,0,0,21892,5693783,19301
1,cage,71,qpPlain,1,1,0.305635,21894,103,24.997,2205,2205,0,0.000300723,0.00249477,0,0,0.00898061,0,87,59,1.18391,0,0,0,1,0,0,21892,7508956,21892
1,cage,71,qpAdaptive,1,1,0.206076,14701,103,24.9905,1922,1922,0,0.000300821,0.00249477,0,0,0.0134311,0.237467,87,59,1.18391,0,0,0,0.761412,0.234234,0.00435404,14699,3800733,14395
1,cage,71,qpFreeGate,1,0,10.0012,1209575,2649,0,0,0,0,inf,inf,0,0,0.00316417,0,10117,2595,0.261837,0,0,0,1,0,0,0,0,0
1,cage,71,qpFreeEnvelope,1,1,0.484059,25191,1009,25.061,1314,1314,0,0.00128764,0.00249477,0,0,0.0620239,0.927911,3768,978,0.267781,0,0,0,0.0379727,0.83207,0.129957,0,0,0
1,cage,71,qpEnvelope,1,1,0.160884,10921,113,23.8042,1477,1477,0,3.18044e-05,0.00249477,0,0,0.0185543,0.176998,87,62,1.29885,0,0,0,0.822112,0.169186,0.00870202,10917,2859181,10785
1,cage,95,isSafe,1,1,0.607794,155211,929,25.7666,16,1290,0,0.000224823,0.00249477,0,0,0,0,4837,925,0.192061,0,0,0,0,0,0,0,0,0
1,cage,95,qpFixed,1,1,0.65861,48473,222,30.8761,2887,2887,0,0.000309656,0.000329833,0,0,0.00843924,0,197,136,1.1269,0,0,0,1,0,0,48452,13083381,42719
1,cage,95,qpPlain,1,1,0.679313,48473,222,30.8761,2887,2887,0,0.000309656,0.000329833,0,0,0.00843924,0,197,136,1.1269,0,0,0,1,0,0,48452,16619036,48452
1,cage,95,qpAdaptive,1,1,0.575129,40212,252,34.4213,2761,2761,0,0.000311183,6.70536e-05,0,0,0.012054,0.232244,240,160,1.05,0,0,0,0.766442,0.229502,0.00405604,40187,10975166,39220
1,cage,95,qpFreeGate,1,1,2.17568,264356,607,22.0444,2916,2916,0,0.000992709,0.00249477,0,0,0.00386123,0,1996,584,0.304108,0,0,0,1,0,0,0,0,0
1,cage,95,qpFreeEnvelope,1,1,0.134383,7206,320,17.7978,944,944,0,0.00197862,0.00249477,0,0,0.0742167,0.906606,943,302,0.339343,0,0,0,0.0644215,0.813024,0.122554,0,0,0
1,cage,95,qpEnvelope,1,1,0.451328,30458,246,23.3956,1542,1542,0,0.000151922,0.0011781,0,0,0.0159591,0.146201,240,160,1.025,0,0,0,0.852589,0.140773,0.00663775,30432,8170355,30118
1,bookshelf_tall,13,isSafe,1,1,0.0381559,5162,28,11.1221,7,558,0,0.00524811,0.00249477,0,0,0,0,81,23,0.345679,0,0,0,0,0,0,0,0,0
1,bookshelf_tall,13,qpFixed,1,1,0.0678404,3328,31,17.7019,1260,1260,0,0.000142149,0.000692738,0,0,0.0123965,0,9,8,3.44444,0,0,0,1,0,0,3328,881084,2627
1,bookshelf_tall,13,qpPlain,1,1,0.0703196,3328,31,17.7019,1260,1260,0,0.000142149,0.000692738,0,0,0.0123965,0,9,8,3.44444,0,0,0,1,0,0,3328,1141504,3328
1,bookshelf_tall,13,qpAdaptive,1,1,0.0449673,2134,30,17.708,1177,1177,0,0.000142029,0.000687735,0,0,0.0193262,0.306935,9,8,3.33333,0,0,0,0.692127,0.297563,0.0103093,2134,557366,2012
1,bookshelf_tall,13,qpFreeGate,1,1,0.0284324,2435,14,12.8847,1041,1041,0,0.00524811,0.00249477,0,0,0.00725222,0,14,6,1,0,0,0,1,0,0,0,0,0
1,bookshelf_tall,13,qpFreeEnvelope,1,1,0.027938,882,41,15.4933,825,825,0,0.000511655,0.00249477,0,0,0.0821864,0.909297,106,29,0.386792,0,0,0,0.0759637,0.789116,0.134921,0,0,0
1,bookshelf_tall,13,qpEnvelope,1,1,0.0298685,1370,28,17.735,1069,1069,0,0.000139302,0.000636291,0,0,0.03011,0.167883,9,8,3.11111,0,0,0,0.830657,0.151825,0.0175182,1370,348310,1321
1,bookshelf_tall,39,isSafe,1,1,0.0268319,3203,18,18.8043,11,942,0,0.00317061,0.00249477,0,0,0,0,45,13,0.4,0,0,0,0,0,0,0,0,0
1,bookshelf_tall,39,qpFixed,1,1,0.0127446,548,6,7.4838,549,549,0,0.00317061,0.00249477,0,0,0.0136566,0,1,1,6,0,0,0,1,0,0,548,158037,137
1,bookshelf_tall,39,qpPlain,1,1,0.0119647,548,6,7.4838,549,549,0,0.00317061,0.00249477,0,0,0.0136566,0,1,1,6,0,0,0,1,0,0,548,187964,548
1,bookshelf_tall,39,qpAdaptive,1,1,0.002686,119,6,7.48384,435,435,0,0.00317061,0.00249477,0,0,0.0628894,0.831933,1,1,6,0,0,0,0.168067,0.798319,0.0336134,119,36369,75
1,bookshelf_tall,39,qpFreeGate,1,1,0.101352,8029,27,14.7997,1103,1103,0,0.00317061,0.00249477,0,0,0.00527604,0,50,22,0.54,0,0,0,1,0,0,0,0,0
1,bookshelf_tall,39,qpFreeEnvelope,1,1,0.0138696,368,27,15.1963,783,783,0,0.00317061,0.00160903,0,0,0.114916,0.956522,50,22,0.54,0,0,0,0.0273224,0.811475,0.161202,0,0,0
1,bookshelf_tall,39,qpEnvelope,1,1,0.00105981,37,6,7.48533,395,395,0,0.00317061,0.00249477,0,0,0.202306,0.837838,1,1,6,0,0,0,0.162162,0.72973,0.108108,37,11251,22
1,bookshelf_tall,63,isSafe,1,1,0.0146561,1943,12,8.67865,6,435,0,0.00122415,0.00249477,0,0,0,0,14,8,0.857143,0,0,0,0,0,0,0,0,0
1,bookshelf_tall,63,qpFixed,1,1,0.00991919,487,6,6.68148,488,488,0,0.00424364,0.00249477,0,0,0.0137197,0,1,1,6,0,0,0,1,0,0,487,133209,196
1,bookshelf_tall,63,qpPlain,1,1,0.0102823,487,6,6.68148,488,488,0,0.00424364,0.00249477,0,0,0.0137197,0,1,1,6,0,0,0,1,0,0,487,167041,487
1,bookshelf_tall,63,qpAdaptive,1,1,0.00382248,169,6,6.68029,414,414,0,0.00419907,0.00249477,0,0,0.0395283,0.627219,1,1,6,0,0,0,0.372781,0.60355,0.0236686,169,52663,144
1,bookshelf_tall,63,qpFreeGate,1,1,0.0350429,2945,16,7.85419,885,885,0,0.00459395,0.00249477,0,0,0.0063164,0,16,9,1,0,0,0,1,0,0,0,0,0
1,bookshelf_tall,63,qpFreeEnvelope,1,1,0.0164968,528,30,11.5134,629,629,0,0.000678094,0.00249477,0,0,0.0874404,0.901515,63,23,0.47619,0,0,0,0.0706107,0.814885,0.114504,0,0,0
1,bookshelf_tall,63,qpEnvelope,1,1,0.00180951,72,6,6.68655,372,372,0,0.00315371,0.00249477,0,0,0.0928688,0.680556,1,1,6,0,0,0,0.319444,0.625,0.0555556,72,22227,60
1,bookshelf_tall,88,isSafe,1,1,0.00772458,959,7,7.25105,5,364,0,0.00881729,0.00249477,0,0,0,0,19,4,0.368421,0,0,0,0,0,0,0,0,0
1,bookshelf_tall,88,qpFixed,1,1,0.0476309,2064,23,9.75539,748,748,0,0.00656769,0.00249477,0,0,0.0106366,0,6,6,3.83333,0,0,0,1,0,0,2064,522091,2008
1,bookshelf_tall,88,qpPlain,1,1,0.0476905,2064,23,9.75539,748,748,0,0.00656769,0.00249477,0,0,0.0106366,0,6,6,3.83333,0,0,0,1,0,0,2064,707952,2064
1,bookshelf_tall,88,qpAdaptive,1,1,0.0327466,1353,24,9.77541,636,636,0,0.0064823,0.00249477,0,0,0.0163051,0.453067,6,6,4,0,0,0,0.542498,0.444198,0.0133038,1353,346035,1327
1,bookshelf_tall,88,qpFreeGate,1,1,0.0393024,3204,14,7.84511,762,762,0,0.00881729,0.00249477,0,0,0.0044911,0,19,7,0.736842,0,0,0,1,0,0,0,0,0
1,bookshelf_tall,88,qpFreeEnvelope,1,1,0.00822099,243,15,11.8517,636,636,0,0.00881729,0.00249477,0,0,0.0758558,0.983539,22,8,0.681818,0,0,0,0,0.860082,0.139918,0,0,0
1,bookshelf_tall,88,qpEnvelope,1,1,0.0151328,573,23,9.86348,533,533,0,0.00558905,0.00249477,0,0,0.0387284,0.385689,6,6,3.83333,0,0,0,0.60733,0.352531,0.0401396,573,151163,566
1,bookshelf_thin,14,isSafe,1,1,0.0209791,2104,13,8.42122,6,423,0,0.00585742,0.00249477,0,0,0,0,27,9,0.481481,0,0,0,0,0,0,0,0,0
1,bookshelf_thin,14,qpFixed,1,1,0.00938098,381,5,5.83593,382,382,0,0.00264013,0.00249477,0,0,0.0153174,0,1,1,5,0,0,0,1,0,0,381,99421,148
1,bookshelf_thin,14,qpPlain,1,1,0.0095994,381,5,5.83593,382,382,0,0.00264013,0.00249477,0,0,0.0153174,0,1,1,5,0,0,0,1,0,0,381,130683,381
1,bookshelf_thin,14,qpAdaptive,1,1,0.00414249,162,5,5.84887,340,340,0,0.00265513,0.00249477,0,0,0.0361041,0.333333,1,1,5,0,0,0,0.660494,0.320988,0.0185185,162,39539,120
1,bookshelf_thin,14,qpFreeGate,1,1,0.226452,15683,48,13.0781,1043,1043,0,0.00585742,0.00249477,0,0,0.00499556,0,111,37,0.432432,0,0,0,1,0,0,0,0,0
1,bookshelf_thin,14,qpFreeEnvelope,1,1,0.0109148,273,14,8.41384,437,437,0,0.00585742,0.00249477,0,0,0.069651,0.992674,27,10,0.518519,0,0,0,0.003663,0.882784,0.113553,0,0,0
1,bookshelf_thin,14,qpEnvelope,1,1,0.00249433,90,5,5.86524,318,318,0,0.00267912,0.00249477,0,0,0.0651693,0.233333,1,1,5,0,0,0,0.766667,0.2,0.0333333,90,21645,74
1,bookshelf_thin,38,isSafe,1,1,0.00869807,814,7,8.00559,6,402,0,0.00857579,0.00249477,0,0,0,0,2,2,3.5,0,0,0,0,0,0,0,0,0
1,bookshelf_thin,38,qpFixed,1,1,0.0119158,484,6,7.30089,485,485,0,0.0107741,0.00249477,0,0,0.0150845,0,1,1,6,0,0,0,1,0,0,484,109672,151
1,bookshelf_thin,38,qpPlain,1,1,0.0122027,484,6,7.30089,485,485,0,0.0107741,0.00249477,0,0,0.0150845,0,1,1,6,0,0,0,1,0,0,484,166012,484
1,bookshelf_thin,38,qpAdaptive,1,1,0.00237354,91,6,7.31168,418,418,0,0.0107755,0.00249477,0,0,0.0803481,0.835165,1,1,6,0,0,0,0.142857,0.813187,0.043956,91,22748,50
1,bookshelf_thin,38,qpFreeGate,1,1,0.00998139,712,7,7.85892,586,586,0,0.00852127,0.00249477,0,0,0.0113212,0,2,2,3.5,0,0,0,1,0,0,0,0,0
1,bookshelf_thin,38,qpFreeEnvelope,1,1,0.00166093,43,7,7.88235,409,409,0,0.00855751,0.00249477,0,0,0.188174,1,2,2,3.5,0,0,0,0,0.860465,0.139535,0,0,0
1,bookshelf_thin,38,qpEnvelope,1,1,0.000918664,32,6,7.32764,382,382,0,0.0109246,0.00249477,0,0,0.228989,1,1,1,6,0,0,0,0,0.875,0.125,32,8422,19
1,bookshelf_thin,62,isSafe,1,1,0.0956376,9297,48,20.2751,12,1015,0,0.00752344,0.00249477,0,0,0,0,221,43,0.217195,0,0,0,0,0,0,0,0,0
1,bookshelf_thin,62,qpFixed,1,1,0.0451335,1669,14,10.6931,777,777,0,0.00430973,0.000943337,0,0,0.0124686,0,9,6,1.55556,0,0,0,1,0,0,1662,471019,1217
1,bookshelf_thin,62,qpPlain,1,1,0.0436901,1669,14,10.6931,777,777,0,0.00430973,0.000943337,0,0,0.0124686,0,9,6,1.55556,0,0,0,1,0,0,1662,570066,1662
1,bookshelf_thin,62,qpAdaptive,1,1,0.0262755,958,14,10.7007,690,690,0,0.00429884,0.000942085,0,0,0.0217077,0.471816,9,6,1.55556,0,0,0,0.521556,0.46898,0.00946372,951,276599,815
1,bookshelf_thin,62,qpFreeGate,1,1,0.452535,30626,62,16.8609,1447,1447,0,0.00490153,0.00249477,0,0,0.0037471,0,222,58,0.279279,0,0,0,1,0,0,0,0,0
1,bookshelf_thin,62,qpFreeEnvelope,1,1,0.0686517,1613,59,18.5811,958,958,0,0.00752344,0.00249477,0,0,0.0664959,0.975821,216,55,0.273148,0,0,0,0.00311139,0.855009,0.141879,0,0,0
1,bookshelf_thin,62,qpEnvelope,1,1,0.0163301,543,15,11.2019,659,659,0,0.000210878,0.000735421,0,0,0.0401308,0.281768,6,6,2.5,0,0,0,0.714286,0.265306,0.0204082,539,161931,505
1,bookshelf_thin,87,isSafe,1,1,0.0696175,6693,34,14.0049,9,702,0,0.00597772,0.00249477,0,0,0,0,154,30,0.220779,0,0,0,0,0,0,0,0,0
1,bookshelf_thin,87,qpFixed,1,1,0.0513842,1969,17,16.6564,1184,1184,0,0.000763071,0.00249477,0,0,0.0121538,0,7,5,2.42857,0,0,0,1,0,0,1966,548647,1132
1,bookshelf_thin,87,qpPlain,1,1,0.0527147,1969,17,16.6564,1184,1184,0,0.000763071,0.00249477,0,0,0.0121538,0,7,5,2.42857,0,0,0,1,0,0,1966,674338,1966
1,bookshelf_thin,87,qpAdaptive,1,1,0.0232341,845,18,16.6768,978,978,0,0.000763071,0.00249477,0,0,0.0283428,0.366864,7,5,2.57143,0,0,0,0.625891,0.355107,0.0190024,842,243322,756
1,bookshelf_thin,87,qpFreeGate,1,1,0.112742,7790,31,13.9532,1399,1399,0,0.00294023,0.0019068,0,0,0.00496172,0,55,20,0.563636,0,0,0,1,0,0,0,0,0
1,bookshelf_thin,87,qpFreeEnvelope,1,1,0.0175023,408,32,13.9689,733,733,0,0.00307936,0.00249477,0,0,0.10491,0.955882,56,21,0.571429,0,0,0,0.0123457,0.82716,0.160494,0,0,0
1,bookshelf_thin,87,qpEnvelope,1,1,0.0148645,510,17,16.6555,919,919,0,0.000750535,0.00249477,0,0,0.0472408,0.282353,7,5,2.42857,0,0,0,0.715976,0.252465,0.0315582,507,145659,480
1,table_under_pick,11,isSafe,1,1,0.00627121,1003,7,7.39353,5,371,0,0.00790294,0.00249477,0,0,0,0,15,3,0.466667,0,0,0,0,0,0,0,0,0
1,table_under_pick,11,qpFixed,1,1,0.00671053,424,8,5.65566,425,425,0,0.00790294,0.00249477,0,0,0.0133388,0,1,1,8,0,0,0,1,0,0,424,100838,169
1,table_under_pick,11,qpPlain,1,1,0.00707906,424,8,5.65566,425,425,0,0.00790294,0.00249477,0,0,0.0133388,0,1,1,8,0,0,0,1,0,0,424,145432,424
1,table_under_pick,11,qpAdaptive,1,1,0.00139214,79,8,5.65112,327,327,0,0.00790294,0.00249477,0,0,0.0715331,0.898734,1,1,8,0,0,0,0.0759494,0.848101,0.0759494,79,20608,56
1,table_under_pick,11,qpFreeGate,1,1,0.0215618,2124,8,6.77332,587,587,0,0.00790294,0.00249477,0,0,0.00488924,0,15,4,0.533333,0,0,0,1,0,0,0,0,0
1,table_under_pick,11,qpFreeEnvelope,1,1,0.00398025,168,8,6.7914,357,357,0,0.00790294,0.00249477,0,0,0.0653716,0.964286,15,4,0.533333,0,0,0,0.0357143,0.863095,0.10119,0,0,0
1,table_under_pick,11,qpEnvelope,1,1,0.000891401,42,8,5.6573,307,307,0,0.00790294,0.00249477,0,0,0.134698,0.952381,1,1,8,0,0,0,0,0.857143,0.142857,42,11043,30
1,table_under_pick,35,isSafe,1,1,0.00752958,1320,9,12.6588,8,634,0,0.00659053,0.00249477,0,0,0,0,29,4,0.310345,0,0,0,0,0,0,0,0,0
1,table_under_pick,35,qpFixed,1,1,0.11784,6298,35,15.8949,1458,1458,0,0.000214313,0.00249477,0,0,0.00868198,0,22,17,1.59091,0,0,0,1,0,0,6297,1782987,6155
1,table_under_pick,35,qpPlain,1,1,0.11678,6298,35,15.8949,1458,1458,0,0.000214313,0.00249477,0,0,0.00868198,0,22,17,1.59091,0,0,0,1,0,0,6297,2159871,6297
1,table_under_pick,35,qpAdaptive,1,1,0.0919703,4714,35,15.9083,1198,1198,0,0.00021392,0.00249477,0,0,0.0116175,0.273229,22,17,1.59091,0,0,0,0.725594,0.270586,0.00382003,4712,1352152,4666
1,table_under_pick,35,qpFreeGate,1,1,0.0445221,4422,14,10.4727,1176,1176,0,0.00114901,0.00249477,0,0,0.00392514,0,29,9,0.482759,0,0,0,1,0,0,0,0,0
1,table_under_pick,35,qpFreeEnvelope,1,1,0.00918573,300,13,10.5572,572,572,0,0.000440856,0.00249477,0,0,0.0549056,0.966667,29,8,0.448276,0,0,0,0.0233333,0.866667,0.11,0,0,0
1,table_under_pick,35,qpEnvelope,1,1,0.0701505,3523,34,15.9089,1068,1068,0,0.000177418,0.00249477,0,0,0.0152575,0.214022,22,16,1.54545,0,0,0,0.784436,0.208179,0.00738427,3521,1012554,3507
1,table_under_pick,59,isSafe,1,1,0.0102047,1793,11,15.4539,9,774,0,0.0021036,0.00249477,0,0,0,0,21,7,0.52381,0,0,0,0,0,0,0,0,0
1,table_under_pick,59,qpFixed,1,1,0.064416,3660,24,16.206,1349,1349,0,0.000369941,0.00180043,0,0,0.0104082,0,10,9,2.4,0,0,0,1,0,0,3660,881878,3386
1,table_under_pick,59,qpPlain,1,1,0.0682265,3660,24,16.206,1349,1349,0,0.000369941,0.00180043,0,0,0.0104082,0,10,9,2.4,0,0,0,1,0,0,3660,1255380,3660
1,table_under_pick,59,qpAdaptive,1,1,0.0449904,2444,24,16.2643,1145,1145,0,0.000372832,0.00162223,0,0,0.0156416,0.297872,10,9,2.4,0,0,0,0.699264,0.294599,0.00613748,2444,593733,2387
1,table_under_pick,59,qpFreeGate,1,1,0.0819341,8143,26,16.9326,1465,1465,0,0.00433573,0.00249477,0,0,0.00476245,0,45,18,0.577778,0,0,0,1,0,0,0,0,0
1,table_under_pick,59,qpFreeEnvelope,1,1,0.0127944,409,26,16.9702,896,896,0,0.00444563,0.00249477,0,0,0.09166,0.98044,45,18,0.577778,0,0,0,0.0122249,0.833741,0.154034,0,0,0
1,table_under_pick,59,qpEnvelope,1,1,0.0299552,1533,24,16.3134,1012,1012,0,0.000368749,0.00136903,0,0,0.0250895,0.287019,10,9,2.4,0,0,0,0.711024,0.277886,0.0110894,1533,372129,1516
1,table_under_pick,84,isSafe,1,1,0.00874729,1549,9,12.9123,8,647,0,0.00725809,0.00249477,0,0,0,0,26,5,0.346154,0,0,0,0,0,0,0,0,0
1,table_under_pick,84,qpFixed,1,1,0.021008,1271,11,12.1504,948,948,0,0.00130784,0.00249477,0,0,0.0127029,0,2,2,5.5,0,0,0,1,0,0,1271,324533,568
1,table_under_pick,84,qpPlain,1,1,0.0221276,1271,11,12.1504,948,948,0,0.00130784,0.00249477,0,0,0.0127029,0,2,2,5.5,0,0,0,1,0,0,1271,435953,1271
1,table_under_pick,84,qpAdaptive,1,1,0.00581448,324,11,12.1625,723,723,0,0.0011635,0.00249477,0,0,0.0499239,0.611111,2,2,5.5,0,0,0,0.385802,0.589506,0.0246914,324,93620,282
1,table_under_pick,84,qpFreeGate,1,1,0.0669765,6474,24,16.819,1598,1598,0,0.00758156,0.00249477,0,0,0.00540326,0,39,13,0.615385,0,0,0,1,0,0,0,0,0
1,table_under_pick,84,qpFreeEnvelope,1,1,0.0116753,363,25,16.7669,877,877,0,0.00758156,0.00249477,0,0,0.0969945,0.980716,39,13,0.641026,0,0,0,0,0.853994,0.146006,0,0,0
1,table_under_pick,84,qpEnvelope,1,1,0.00419095,211,11,12.1871,689,689,0,0.000849688,0.00249477,0,0,0.0768406,0.563981,2,2,5.5,0,0,0,0.436019,0.526066,0.0379147,211,61519,190
1,bookshelf_small,8,isSafe,1,1,0.0148256,3807,21,20.3077,12,1017,0,0.0067153,0.00069216,0,0,0,0,61,15,0.344262,0,0,0,0,0,0,0,0,0
1,bookshelf_small,8,qpFixed,1,1,0.00992398,655,7,7.10975,656,656,0,0.00170921,0.00249477,0,0,0.0108546,0,1,1,7,0,0,0,1,0,0,655,184263,306
1,bookshelf_small,8,qpPlain,1,1,0.00884289,655,7,7.10975,656,656,0,0.00170921,0.00249477,0,0,0.0108546,0,1,1,7,0,0,0,1,0,0,655,224665,655
1,bookshelf_small,8,qpAdaptive,1,1,0.00424728,291,7,7.1129,501,501,0,0.00167237,0.00249477,0,0,0.024443,0.439863,1,1,7,0,0,0,0.560137,0.429553,0.0103093,291,88719,252
1,bookshelf_small,8,qpFreeGate,1,1,0.125318,14575,45,16.9019,1580,1580,0,0.00310246,0.00249477,0,0,0.00451128,0,95,33,0.473684,0,0,0,1,0,0,0,0,0
1,bookshelf_small,8,qpFreeEnvelope,1,1,0.0089389,440,29,12.4095,649,649,0,0.00671735,0.00133422,0,0,0.0953266,0.970455,50,18,0.58,0,0,0,0.00689655,0.841379,0.151724,0,0,0
1,bookshelf_small,8,qpEnvelope,1,1,0.00303496,190,7,7.1552,447,447,0,0.00137649,0.00249477,0,0,0.037659,0.336842,1,1,7,0,0,0,0.663158,0.315789,0.0210526,190,57854,171
1,bookshelf_small,35,isSafe,1,1,0.0476244,11971,58,16.8662,10,845,0,0.000892081,0.00249477,0,0,0,0,363,54,0.15978,0,0,0,0,0,0,0,0,0
1,bookshelf_small,35,qpFixed,1,1,0.126506,8690,52,13.9761,1098,1098,0,0.00254905,0.00249477,0,0,0.00959177,0,36,26,1.44444,0,0,0,1,0,0,8681,2474888,7359
1,bookshelf_small,35,qpPlain,1,1,0.12996,8690,52,13.9761,1098,1098,0,0.00254905,0.00249477,0,0,0.00959177,0,36,26,1.44444,0,0,0,1,0,0,8681,2977583,8681
1,bookshelf_small,35,qpAdaptive,1,1,0.103364,6480,52,13.9587,848,848,0,0.00260911,0.00249477,0,0,0.0127839,0.146759,36,26,1.44444,0,0,0,0.852241,0.144513,0.00324575,6470,1888329,6299
1,bookshelf_small,35,qpFreeGate,1,1,0.382212,45024,92,16.4511,1653,1653,0,0.00322903,0.00249477,0,0,0.00348471,0,324,83,0.283951,0,0,0,1,0,0,0,0,0
1,bookshelf_small,35,qpFreeEnvelope,1,1,0.0497441,2446,85,17.6346,928,928,0,0.00192614,0.00249477,0,0,0.0632144,0.934587,331,79,0.256798,0,0,0,0.0432277,0.828736,0.128036,0,0,0
1,bookshelf_small,35,qpEnvelope,1,1,0.037221,2241,29,13.6708,945,945,0,0.000216769,0.00249477,0,0,0.0182159,0.0963855,14,13,2.07143,0,0,0,0.902057,0.0898927,0.00805009,2237,660398,2183
1,bookshelf_small,59,isSafe,1,1,0.014421,3245,18,14.504,9,727,0,0.000111398,0.00249477,0,0,0,0,44,14,0.409091,0,0,0,0,0,0,0,0,0
1,bookshelf_small,59,qpFixed,1,1,0.0159514,1101,9,9.385,832,832,0,0.00032177,0.00249477,0,0,0.0100087,0,3,2,3,0,0,0,1,0,0,1100,291598,728
1,bookshelf_small,59,qpPlain,1,1,0.0171276,1101,9,9.385,832,832,0,0.00032177,0.00249477,0,0,0.0100087,0,3,2,3,0,0,0,1,0,0,1100,377300,1100
1,bookshelf_small,59,qpAdaptive,1,1,0.0108724,681,9,9.38187,712,712,0,0.000320909,0.00249477,0,0,0.0161783,0.223201,3,2,3,0,0,0,0.775,0.216176,0.00882353,680,185768,641
1,bookshelf_small,59,qpFreeGate,1,1,0.0327991,3746,22,8.7776,764,764,0,0.00101192,0.00249477,0,0,0.00817335,0,44,16,0.5,0,0,0,1,0,0,0,0,0
1,bookshelf_small,59,qpFreeEnvelope,1,1,0.00587097,268,22,8.87574,463,463,0,0.000977849,0.00249477,0,0,0.114552,0.891791,44,16,0.5,0,0,0,0.0795455,0.784091,0.136364,0,0,0
1,bookshelf_small,59,qpEnvelope,1,1,0.00902766,427,8,8.99311,574,574,0,0.00033093,0.00249477,0,0,0.0248582,0.0772834,3,2,2.66667,0,0,0,0.922535,0.0657277,0.0117371,426,120174,409
1,bookshelf_small,83,isSafe,1,1,0.00581622,1487,10,10.0233,7,503,0,0.000563585,0.00249477,0,0,0,0,20,6,0.5,0,0,0,0,0,0,0,0,0
1,bookshelf_small,83,qpFixed,1,1,0.00426468,352,5,5.66697,353,353,0,0.00574927,0.00249477,0,0,0.0160994,0,1,1,5,0,0,0,1,0,0,352,92953,61
1,bookshelf_small,83,qpPlain,1,1,0.0067083,352,5,5.66697,353,353,0,0.00574927,0.00249477,0,0,0.0160994,0,1,1,5,0,0,0,1,0,0,352,120736,352
1,bookshelf_small,83,qpAdaptive,1,1,0.00114849,86,5,5.66707,320,320,0,0.00574927,0.00249477,0,0,0.0658962,0.651163,1,1,5,0,0,0,0.348837,0.616279,0.0348837,86,24858,50
1,bookshelf_small,83,qpFreeGate,1,1,0.0218839,2657,12,7.5067,537,537,0,0.00108999,0.00249477,0,0,0.00600923,0,20,8,0.6,0,0,0,1,0,0,0,0,0
1,bookshelf_small,83,qpFreeEnvelope,1,1,0.00377866,149,12,7.50162,392,392,0,0.000994054,0.00249477,0,0,0.107459,0.932886,20,8,0.6,0,0,0,0.0273973,0.80137,0.171233,0,0,0
1,bookshelf_small,83,qpEnvelope,1,1,0.000743776,38,5,5.66835,298,298,0,0.00574927,0.00249477,0,0,0.149167,0.368421,1,1,5,0,0,0,0.631579,0.289474,0.0789474,38,11141,29
1,box,8,isSafe,1,1,0.0184384,4892,27,22.5866,13,1131,0,0.0156717,0.00249477,0,0,0,0,79,22,0.341772,0,0,0,0,0,0,0,0,0
1,box,8,qpFixed,1,1,0.0183463,1203,13,14.4195,1034,1034,0,0.00237513,0.00249477,0,0,0.0123896,0,4,4,3.25,0,0,0,1,0,0,1203,340593,1061
1,box,8,qpPlain,1,1,0.0165125,1203,13,14.4195,1034,1034,0,0.00237513,0.00249477,0,0,0.0123896,0,4,4,3.25,0,0,0,1,0,0,1203,412629,1203
1,box,8,qpAdaptive,1,1,0.00969461,626,13,14.446,901,901,0,0.0023937,0.00249477,0,0,0.0238403,0.531949,4,4,3.25,0,0,0,0.460064,0.522364,0.0175719,626,182643,607
1,box,8,qpFreeGate,1,1,0.12525,15368,42,14.5644,1287,1287,0,0.0143246,0.00249477,0,0,0.00406453,0,100,34,0.42,0,0,0,1,0,0,0,0,0
1,box,8,qpFreeEnvelope,1,1,0.0135124,776,34,17.6019,919,919,0,0.000807968,0.00249477,0,0,0.0483583,0.902062,82,22,0.414634,0,0,0,0.0811856,0.829897,0.0889175,0,0,0
1,box,8,qpEnvelope,1,1,0.0044232,281,13,14.5422,828,828,0,0.00255719,0.00249477,0,0,0.0533771,0.576512,4,4,3.25,0,0,0,0.412811,0.540925,0.0462633,281,83015,268
1,box,32,isSafe,1,1,0.0311254,7223,37,5.93509,4,298,0,0.0270114,0.00249477,0,0,0,0,116,34,0.318966,0,0,0,0,0,0,0,0,0
1,box,32,qpFixed,1,1,0.00535019,404,6,5.34714,405,405,0,0.0203409,0.00249477,0,0,0.0132355,0,1,1,6,0,0,0,1,0,0,404,92863,183
1,box,32,qpPlain,1,1,0.00576318,404,6,5.34714,405,405,0,0.0203409,0.00249477,0,0,0.0132355,0,1,1,6,0,0,0,1,0,0,404,138572,404
1,box,32,qpAdaptive,1,1,0.00114985,74,6,5.35211,301,301,0,0.0198757,0.00249477,0,0,0.0723258,0.986486,1,1,6,0,0,0,0,0.945946,0.0540541,74,19146,60
1,box,32,qpFreeGate,1,1,0.076422,8843,35,16.96,1641,1641,0,0.00812361,0.00249477,0,0,0.00542475,0,45,25,0.777778,0,0,0,1,0,0,0,0,0
1,box,32,qpFreeEnvelope,1,1,0.0231249,1017,57,17.0293,913,913,0,0.00108403,0.00133977,0,0,0.0890107,0.962635,116,49,0.491379,0,0,0,0.0237154,0.839921,0.136364,0,0,0
1,box,32,qpEnvelope,1,1,0.000507424,28,6,5.37136,286,286,0,0.0177197,0.00249477,0,0,0.191834,1,1,1,6,0,0,0,0,0.857143,0.142857,28,7591,21
1,box,56,isSafe,1,1,0.0223442,5814,31,20.0462,12,1004,0,0.0241368,0.00249477,0,0,0,0,86,26,0.360465,0,0,0,0,0,0,0,0,0
1,box,56,qpFixed,1,1,0.0175008,1277,14,13.3361,1061,1061,0,0.000697844,0.00249477,0,0,0.0111367,0,3,3,4.66667,0,0,0,1,0,0,1277,358738,888
1,box,56,qpPlain,1,1,0.0181601,1277,14,13.3361,1061,1061,0,0.000697844,0.00249477,0,0,0.0111367,0,3,3,4.66667,0,0,0,1,0,0,1277,438011,1277
1,box,56,qpAdaptive,1,1,0.00912297,624,14,13.3485,869,869,0,0.00068476,0.00249477,0,0,0.022812,0.286859,3,3,4.66667,0,0,0,0.709936,0.272436,0.0176282,624,175982,573
1,box,56,qpFreeGate,1,1,0.125846,15152,54,18.0166,1452,1452,0,0.0151391,0.00249477,0,0,0.00594915,0,100,44,0.54,0,0,0,1,0,0,0,0,0
1,box,56,qpFreeEnvelope,1,1,0.0140107,675,58,18.2661,942,942,0,0.0101118,0.00249477,0,0,0.137739,0.92,100,45,0.58,0,0,0,0.0208333,0.818452,0.160714,0,0,0
1,box,56,qpEnvelope,1,1,0.0090354,417,13,13.3927,788,788,0,0.00053665,0.00249477,0,0,0.0342388,0.117506,3,3,4.33333,0,0,0,0.877698,0.0959233,0.0263789,417,117494,404
1,box,80,isSafe,1,1,0.0029821,786,6,7.73567,5,388,0,0.0369954,0.00249477,0,0,0,0,6,3,1,0,0,0,0,0,0,0,0,0
1,box,80,qpFixed,1,1,0.0166617,1188,11,11.5059,951,951,0,0.00427483,0.00249477,0,0,0.0114012,0,3,3,3.66667,0,0,0,1,0,0,1188,307271,1074
1,box,80,qpPlain,1,1,0.016255,1188,11,11.5059,951,951,0,0.00427483,0.00249477,0,0,0.0114012,0,3,3,3.66667,0,0,0,1,0,0,1188,407484,1188
1,box,80,qpAdaptive,1,1,0.0089585,583,11,11.5114,757,757,0,0.00388392,0.00249477,0,0,0.023274,0.530017,3,3,3.66667,0,0,0,0.464837,0.523156,0.0120069,583,152033,570
1,box,80,qpFreeGate,1,1,0.0377339,4645,19,10.5898,1149,1149,0,0.00640081,0.00249477,0,0,0.00516291,0,25,11,0.76,0,0,0,1,0,0,0,0,0
1,box,80,qpFreeEnvelope,1,1,0.0130958,662,39,19.243,1044,1044,0,0.000709084,0.00249477,0,0,0.0774032,0.936556,59,26,0.661017,0,0,0,0.0589124,0.827795,0.113293,0,0,0
1,box,80,qpEnvelope,1,1,0.00489018,328,11,11.5558,661,661,0,0.00270413,0.00249477,0,0,0.0414801,0.414634,3,3,3.66667,0,0,0,0.579268,0.396341,0.0243902,328,81997,320
1,table_pick,4,isSafe,1,1,0.00568126,972,7,7.23612,5,363,0,0.00243047,0.00249477,0,0,0,0,14,3,0.5,0,0,0,0,0,0,0,0,0
1,table_pick,4,qpFixed,1,1,0.00876897,554,6,6.43747,555,555,0,0.00695477,0.00249477,0,0,0.01162,0,1,1,6,0,0,0,1,0,0,554,133091,84
1,table_pick,4,qpPlain,1,1,0.00915795,554,6,6.43747,555,555,0,0.00695477,0.00249477,0,0,0.01162,0,1,1,6,0,0,0,1,0,0,554,190022,554
1,table_pick,4,qpAdaptive,1,1,0.00144837,81,6,6.43811,364,364,0,0.00695477,0.00249477,0,0,0.0794829,0.728395,1,1,6,0,0,0,0.271605,0.679012,0.0493827,81,23111,48
1,table_pick,4,qpFreeGate,1,1,0.077878,7596,28,19.2911,1669,1669,0,0.00201535,0.00249477,0,0,0.00538516,0,73,20,0.383562,0,0,0,1,0,0,0,0,0
1,table_pick,4,qpFreeEnvelope,1,1,0.0133408,477,26,19.5473,1035,1035,0,0.000563536,0.00249477,0,0,0.0826687,0.932914,73,18,0.356164,0,0,0,0.038055,0.839323,0.122622,0,0,0
1,table_pick,4,qpEnvelope,1,1,0.000753867,37,6,6.44253,341,341,0,0.00701444,0.00249477,0,0,0.174123,1,1,1,6,0,0,0,0,0.891892,0.108108,37,10381,23
1,table_pick,28,isSafe,1,1,0.0111026,1676,11,4.03811,4,203,0,0.00329448,0.00249477,0,0,0,0,18,7,0.611111,0,0,0,0,0,0,0,0,0
1,table_pick,28,qpFixed,1,1,0.00639849,372,5,5.6857,373,373,0,0.0076558,0.00249477,0,0,0.0152841,0,1,1,5,0,0,0,1,0,0,372,88780,49
1,table_pick,28,qpPlain,1,1,0.00803198,372,5,5.6857,373,373,0,0.0076558,0.00249477,0,0,0.0152841,0,1,1,5,0,0,0,1,0,0,372,127596,372
1,table_pick,28,qpAdaptive,1,1,0.000995774,52,5,5.68862,311,311,0,0.0076558,0.00249477,0,0,0.109396,0.826923,1,1,5,0,0,0,0.173077,0.769231,0.0576923,52,14026,31
1,table_pick,28,qpFreeGate,1,1,0.0331383,2986,15,3.9688,353,353,0,0.0044052,0.00249477,0,0,0.00744992,0,22,11,0.681818,0,0,0,1,0,0,0,0,0
1,table_pick,28,qpFreeEnvelope,1,1,0.00597379,199,14,3.9707,213,213,0,0.0044296,0.00249477,0,0,0.113337,0.954774,22,10,0.636364,0,0,0,0.0351759,0.819095,0.145729,0,0,0
1,table_pick,28,qpEnvelope,1,1,0.000676779,30,5,5.69252,298,298,0,0.00764303,0.00249477,0,0,0.189751,0.9,1,1,5,0,0,0,0.1,0.8,0.1,30,8134,20
1,table_pick,52,isSafe,1,1,0.0339825,5747,30,18.1765,11,910,0,0.00281152,0.00249477,0,0,0,0,84,26,0.357143,0,0,0,0,0,0,0,0,0
1,table_pick,52,qpFixed,1,1,0.0118648,745,7,9.2689,746,746,0,0.000646383,0.00249477,0,0,0.0124415,0,1,1,7,0,0,0,1,0,0,745,188570,262
1,table_pick,52,qpPlain,1,1,0.0136036,745,7,9.2689,746,746,0,0.000646383,0.00249477,0,0,0.0124415,0,1,1,7,0,0,0,1,0,0,745,255535,745
1,table_pick,52,qpAdaptive,1,1,0.00459569,245,7,9.26926,579,579,0,0.000646364,0.00249477,0,0,0.0378337,0.35102,1,1,7,0,0,0,0.64898,0.330612,0.0204082,245,71916,210
1,table_pick,52,qpFreeGate,1,1,0.121643,11703,41,18.403,1459,1459,0,0.00258163,0.00249477,0,0,0.00533232,0,84,35,0.488095,0,0,0,1,0,0,0,0,0
1,table_pick,52,qpFreeEnvelope,1,1,0.0167483,581,41,18.5684,955,955,0,0.00260653,0.00181936,0,0,0.108541,0.991394,84,35,0.488095,0,0,0,0,0.819277,0.180723,0,0,0
1,table_pick,52,qpEnvelope,1,1,0.00350707,177,7,9.27069,549,549,0,0.000605744,0.00249477,0,0,0.0523768,0.299435,1,1,7,0,0,0,0.694915,0.276836,0.0282486,177,51740,155
1,table_pick,76,isSafe,1,1,0.0050961,894,7,8.57213,6,430,0,0.00337862,0.00249477,0,0,0,0,2,2,3.5,0,0,0,0,0,0,0,0,0
1,table_pick,76,qpFixed,1,1,0.00993015,658,7,8.0805,659,659,0,0.00560163,0.00249477,0,0,0.0122804,0,1,1,7,0,0,0,1,0,0,658,154465,24
1,table_pick,76,qpPlain,1,1,0.0109173,658,7,8.0805,659,659,0,0.00560163,0.00249477,0,0,0.0122804,0,1,1,7,0,0,0,1,0,0,658,225694,658
1,table_pick,76,qpAdaptive,1,1,0.00105632,65,7,8.08044,435,435,0,0.0055776,0.00249477,0,0,0.124314,0.753846,1,1,7,0,0,0,0.246154,0.676923,0.0769231,65,17034,23
1,table_pick,76,qpFreeGate,1,1,0.00809474,820,7,8.3507,722,722,0,0.00244834,0.00249477,0,0,0.0102316,0,2,2,3.5,0,0,0,1,0,0,0,0,0
1,table_pick,76,qpFreeEnvelope,1,1,0.00103448,46,7,8.35354,443,443,0,0.00246452,0.00249477,0,0,0.182575,1,2,2,3.5,0,0,0,0,0.891304,0.108696,0,0,0
1,table_pick,76,qpEnvelope,1,1,0.000787735,30,7,8.08065,422,422,0,0.00553994,0.00249477,0,0,0.269355,1,1,1,7,0,0,0,0,0.833333,0.166667,30,7641,9
1,table_pick,100,isSafe,1,1,0.0092227,1603,10,15.6801,9,786,0,0.00520914,0.00249477,0,0,0,0,11,6,0.909091,0,0,0,0,0,0,0,0,0
1,table_pick,100,qpFixed,1,1,0.0101569,659,6,7.95091,660,660,0,0.00443296,0.00249477,0,0,0.0120651,0,1,1,6,0,0,0,1,0,0,659,158885,56
1,table_pick,100,qpPlain,1,1,0.010919,659,6,7.95091,660,660,0,0.00443296,0.00249477,0,0,0.0120651,0,1,1,6,0,0,0,1,0,0,659,226037,659
1,table_pick,100,qpAdaptive,1,1,0.00156854,84,6,7.95099,439,439,0,0.00442305,0.00249477,0,0,0.0946546,0.547619,1,1,6,0,0,0,0.452381,0.5,0.047619,84,23441,51
1,table_pick,100,qpFreeGate,1,1,0.0419496,4081,20,18.275,1316,1316,0,0.00502186,0.00249477,0,0,0.00695338,0,21,12,0.952381,0,0,0,1,0,0,0,0,0
1,table_pick,100,qpFreeEnvelope,1,1,0.00284575,101,11,14.831,763,763,0,0.00506901,0.00249477,0,0,0.166402,0.990099,11,7,1,0,0,0,0,0.831683,0.168317,0,0,0
1,table_pick,100,qpEnvelope,1,1,0.000645613,31,6,7.95124,418,418,0,0.00422483,0.00249477,0,0,0.256492,1,1,1,6,0,0,0,0,0.870968,0.129032,31,8490,17
1,cage,24,isSafe,1,1,0.405677,98717,561,23.3199,14,1167,0,0.00598999,0.00156288,0,0,0,0,3259,557,0.172139,0,0,0,0,0,0,0,0,0
1,cage,24,qpFixed,1,1,0.138217,9491,51,21.6314,1687,1687,0,7.69415e-05,0.00249477,0,0,0.00909768,0,33,26,1.54545,0,0,0,1,0,0,9490,2485780,7703
1,cage,24,qpPlain,1,1,0.140833,9491,51,21.6314,1687,1687,0,7.69415e-05,0.00249477,0,0,0.00909768,0,33,26,1.54545,0,0,0,1,0,0,9490,3255070,9490
1,cage,24,qpAdaptive,1,1,0.0952002,6089,51,21.668,1483,1483,0,7.66305e-05,0.00249477,0,0,0.0141556,0.230087,33,26,1.54545,0,0,0,0.769054,0.224869,0.00607753,6088,1619747,5877
1,cage,24,qpFreeGate,1,1,4.45034,526653,1152,14.5762,1599,1599,0,0.0015695,0.00249477,0,0,0.00347697,0,4169,1111,0.276325,0,0,0,1,0,0,0,0,0
1,cage,24,qpFreeEnvelope,1,1,0.306796,15678,601,18.2642,961,961,0,0.00484457,0.00249477,0,0,0.0632692,0.899668,2055,574,0.292457,0,0,0,0.0731707,0.808482,0.118347,0,0,0
1,cage,24,qpEnvelope,1,1,0.0693224,4497,52,21.7758,1345,1345,0,7.61818e-05,0.00249477,0,0,0.019231,0.184123,33,26,1.57576,0,0,0,0.814724,0.175489,0.00978648,4496,1185552,4416
1,cage,48,isSafe,1,1,0.618429,152811,846,23.5055,14,1177,0,0.000650223,0.000849524,0,0,0,0,5023,842,0.168425,0,0,0,0,0,0,0,0,0
1,cage,48,qpFixed,1,1,0.0302498,2248,14,12.6386,1134,1134,0,0.00207462,0.00249477,0,0,0.00991748,0,6,6,2.33333,0,0,0,1,0,0,2247,575730,1384
1,cage,48,qpPlain,1,1,0.0310694,2248,14,12.6386,1134,1134,0,0.00207462,0.00249477,0,0,0.00991748,0,6,6,2.33333,0,0,0,1,0,0,2247,770721,2247
1,cage,48,qpAdaptive,1,1,0.0148724,1014,14,12.6608,848,848,0,0.00176233,0.00249477,0,0,0.0220245,0.290927,6,6,2.33333,0,0,0,0.705824,0.283317,0.0108588,1013,273838,950
1,cage,48,qpFreeGate,1,1,4.66621,578020,1468,25.1781,2269,2269,0,0.00107835,0.00249477,0,0,0.003753,0,5553,1454,0.264362,0,0,0,1,0,0,0,0,0
1,cage,48,qpFreeEnvelope,1,1,0.672236,35086,1471,17.4078,943,943,0,0.000136806,0.00249477,0,0,0.0617885,0.890612,5754,1454,0.255648,0,0,0,0.0564844,0.832048,0.111467,0,0,0
1,cage,48,qpEnvelope,1,1,0.0114059,740,14,12.7253,731,731,0,0.00114005,0.00249477,0,0,0.0302442,0.186486,6,6,2.33333,0,0,0,0.810298,0.173442,0.0162602,738,195609,713
1,cage,72,isSafe,1,1,0.59678,154354,914,16.8499,10,844,0,0.00688772,0.00249477,0,0,0,0,5111,911,0.17883,0,0,0,0,0,0,0,0,0
1,cage,72,qpFixed,1,1,0.196623,14600,81,27.6311,2403,2403,0,0.000833785,0.00249477,0,0,0.00908157,0,61,42,1.32787,0,0,0,1,0,0,14588,3784153,12644
1,cage,72,qpPlain,1,1,0.201017,14600,81,27.6311,2403,2403,0,0.000833785,0.00249477,0,0,0.00908157,0,61,42,1.32787,0,0,0,1,0,0,14588,5003684,14588
1,cage,72,qpAdaptive,1,1,0.129315,9193,81,27.6594,1948,1948,0,0.000825164,0.00249477,0,0,0.0144351,0.330795,61,42,1.32787,0,0,0,0.666267,0.327524,0.00620847,9181,2443903,8985
1,cage,72,qpFreeGate,1,1,1.37685,176190,454,20.1398,2362,2362,0,0.00166652,0.00249477,0,0,0.00425988,0,1279,432,0.354965,0,0,0,1,0,0,0,0,0
1,cage,72,qpFreeEnvelope,1,1,0.553852,28979,1231,38.7131,2024,2024,0,0.00125355,0.00249477,0,0,0.0648039,0.909417,4222,1186,0.291568,0,0,0,0.0530263,0.823164,0.12381,0,0,0
1,cage,72,qpEnvelope,1,1,0.0970625,6625,79,27.7267,1701,1701,0,0.00081557,0.00249477,0,0,0.0202548,0.255245,61,42,1.29508,0,0,0,0.742218,0.2466,0.0111816,6618,1750694,6537
1,cage,96,isSafe,1,1,0.370685,96133,535,18.8405,11,944,0,0.00535261,0.00249477,0,0,0,0,2936,531,0.182221,0,0,0,0,0,0,0,0,0
1,cage,96,qpFixed,1,1,0.668087,48350,189,33.2264,2708,2708,0,0.000337084,0.000331197,0,0,0.00814429,0,218,123,0.866972,0,0,0,1,0,0,48318,13317793,43089
1,cage,96,qpPlain,1,1,0.670811,48350,189,33.2264,2708,2708,0,0.000337084,0.000331197,0,0,0.00814429,0,218,123,0.866972,0,0,0,1,0,0,48318,16573074,48318
1,cage,96,qpAdaptive,1,1,0.476602,33328,190,33.2382,2191,2191,0,0.000340199,0.000296499,0,0,0.0118408,0.210334,218,123,0.87156,0,0,0,0.788443,0.207743,0.00381427,33296,9149944,32611
1,cage,96,qpFreeGate,1,1,3.26236,412664,894,13.4672,1397,1397,0,0.00539897,0.00249477,0,0,0.00351914,0,3159,867,0.283001,0,0,0,1,0,0,0,0,0
1,cage,96,qpFreeEnvelope,1,1,0.63997,33666,1336,27.292,1446,1446,0,6.77458e-05,0.00249477,0,0,0.058843,0.917602,4873,1291,0.274164,0,0,0,0.0452254,0.836835,0.11794,0,0,0
1,cage,96,qpEnvelope,1,1,0.143618,9677,95,33.3249,2083,2083,0,0.000159646,0.00105387,0,0,0.0185015,0.235197,84,54,1.13095,0,0,0,0.763166,0.228453,0.00838076,9665,2659653,9524
1,bookshelf_tall,14,isSafe,1,1,0.087767,11401,57,11.9311,7,598,0,0.00444586,0.00249477,0,0,0,0,224,53,0.254464,0,0,0,0,0,0,0,0,0
1,bookshelf_tall,14,qpFixed,1,1,0.010489,524,6,7.59522,525,525,0,0.00444586,0.00249477,0,0,0.0144947,0,1,1,6,0,0,0,1,0,0,524,145552,205
1,bookshelf_tall,14,qpPlain,1,1,0.0106465,524,6,7.59522,525,525,0,0.00444586,0.00249477,0,0,0.0144947,0,1,1,6,0,0,0,1,0,0,524,179732,524
1,bookshelf_tall,14,qpAdaptive,1,1,0.00382347,178,6,7.5948,456,456,0,0.00444586,0.00249477,0,0,0.0426674,0.550562,1,1,6,0,0,0,0.449438,0.52809,0.0224719,178,53976,137
1,bookshelf_tall,14,qpFreeGate,1,1,0.195482,16787,52,20.7446,1835,1835,0,0.00443428,0.00249477,0,0,0.00481955,0,129,40,0.403101,0,0,0,1,0,0,0,0,0
1,bookshelf_tall,14,qpFreeEnvelope,1,1,0.0243853,738,38,13.3019,708,708,0,0.000342709,0.00249477,0,0,0.085763,0.940379,88,29,0.431818,0,0,0,0.0410397,0.838577,0.120383,0,0,0
1,bookshelf_tall,14,qpEnvelope,1,1,0.00149865,41,7,7.61935,401,401,0,0.00444586,0.00249477,0,0,0.185838,0.804878,1,1,7,0,0,0,0.195122,0.682927,0.121951,41,12423,33
1,bookshelf_tall,40,isSafe,1,1,0.0909572,11775,60,14.1429,9,709,0,0.00304535,0.00216317,0,0,0,0,294,56,0.204082,0,0,0,0,0,0,0,0,0
1,bookshelf_tall,40,qpFixed,1,1,0.0510858,2325,15,10.1281,850,850,0,0.00567038,0.00249477,0,0,0.0100332,0,8,7,1.875,0,0,0,1,0,0,2325,698999,1746
1,bookshelf_tall,40,qpPlain,1,1,0.0508083,2325,15,10.1281,850,850,0,0.00567038,0.00249477,0,0,0.0100332,0,8,7,1.875,0,0,0,1,0,0,2325,797475,2325
1,bookshelf_tall,40,qpAdaptive,1,1,0.0304473,1310,15,10.1867,639,639,0,0.00567038,0.00249477,0,0,0.0178595,0.232824,8,7,1.875,0,0,0,0.764885,0.226718,0.00839695,1310,413343,1238
1,bookshelf_tall,40,qpFreeGate,1,1,0.280927,23716,65,11.5639,1036,1036,0,0.00496102,0.00249477,0,0,0.0043407,0,169,59,0.384615,0,0,0,1,0,0,0,0,0
1,bookshelf_tall,40,qpFreeEnvelope,1,1,0.0628385,1901,100,20.2139,1096,1096,0,2.94307e-05,0.00249477,0,0,0.0800813,0.947396,253,82,0.395257,0,0,0,0.0280423,0.82381,0.148148,0,0,0
1,bookshelf_tall,40,qpEnvelope,1,1,0.0276425,867,15,10.1785,553,553,0,0.00510998,0.00249477,0,0,0.026865,0.269896,8,7,1.875,0,0,0,0.730104,0.254902,0.0149942,867,273255,838
1,bookshelf_tall,64,isSafe,1,1,0.0855934,10821,52,15.0185,9,752,0,0.00183406,0.00249477,0,0,0,0,183,47,0.284153,0,0,0,0,0,0,0,0,0
1,bookshelf_tall,64,qpFixed,1,1,0.00743502,361,5,5.21594,362,362,0,0.00256155,0.00249477,0,0,0.0144486,0,1,1,5,0,0,0,1,0,0,361,99844,177
1,bookshelf_tall,64,qpPlain,1,1,0.0075053,361,5,5.21594,362,362,0,0.00256155,0.00249477,0,0,0.0144486,0,1,1,5,0,0,0,1,0,0,361,123823,361
1,bookshelf_tall,64,qpAdaptive,1,1,0.0033436,153,5,5.21416,331,331,0,0.00256155,0.00249477,0,0,0.0340795,0.444444,1,1,5,0,0,0,0.555556,0.424837,0.0196078,153,45603,137
1,bookshelf_tall,64,qpFreeGate,1,1,0.249188,20981,87,18.2946,1633,1633,0,0.00248587,0.00249477,0,0,0.0064413,0,195,74,0.446154,0,0,0,1,0,0,0,0,0
1,bookshelf_tall,64,qpFreeEnvelope,1,1,0.0194515,535,53,6.12273,333,333,0,3.70301e-05,0.00249477,0,0,0.161282,0.773832,116,48,0.456897,0,0,0,0.0619137,0.818011,0.120075,0,0,0
1,bookshelf_tall,64,qpEnvelope,1,1,0.00252516,79,6,5.23386,298,298,0,0.00256155,0.00249477,0,0,0.0662514,0.531646,1,1,6,0,0,0,0.443038,0.506329,0.0506329,79,23483,71
1,bookshelf_tall,89,isSafe,1,1,0.00952427,1233,9,12.1034,8,607,0,0.00835207,0.00249477,0,0,0,0,6,4,1.5,0,0,0,0,0,0,0,0,0
1,bookshelf_tall,89,qpFixed,1,1,0.0387152,1815,11,13.0257,987,987,0,0.00353033,0.00249477,0,0,0.0105335,0,6,4,1.83333,0,0,0,1,0,0,1814,513030,1150
1,bookshelf_tall,89,qpPlain,1,1,0.0402696,1815,11,13.0257,987,987,0,0.00353033,0.00249477,0,0,0.0105335,0,6,4,1.83333,0,0,0,1,0,0,1814,622202,1814
1,bookshelf_tall,89,qpAdaptive,1,1,0.0287543,1241,15,13.7716,1024,1024,0,0.00111352,0.00249477,0,0,0.0156078,0.435133,5,4,3,0,0,0,0.560936,0.433414,0.00564972,1239,370480,1190
1,bookshelf_tall,89,qpFreeGate,1,1,0.0272478,2317,11,16.1177,1316,1316,0,0.00441818,0.00249477,0,0,0.0074546,0,9,6,1.22222,0,0,0,1,0,0,0,0,0
1,bookshelf_tall,89,qpFreeEnvelope,1,1,0.00420113,126,11,16.1911,847,847,0,0.00136574,0.00249477,0,0,0.134677,0.936508,9,6,1.22222,0,0,0,0.0634921,0.801587,0.134921,0,0,0
1,bookshelf_tall,89,qpEnvelope,1,1,0.0198194,592,15,15.8582,943,943,0,0.000950201,0.00249477,0,0,0.0345053,0.371622,5,4,3,0,0,0,0.623311,0.353041,0.0236486,592,177225,578
1,bookshelf_thin,15,isSafe,1,1,0.278027,26927,132,21.6028,12,1082,0,0.00465454,0.0010288,0,0,0,0,641,129,0.205928,0,0,0,0,0,0,0,0,0
1,bookshelf_thin,15,qpFixed,1,1,0.0212918,834,11,9.62736,715,715,0,0.00152156,0.00249477,0,0,0.0123134,0,2,2,5.5,0,0,0,1,0,0,834,221099,491
1,bookshelf_thin,15,qpPlain,1,1,0.0218492,834,11,9.62736,715,715,0,0.00152156,0.00249477,0,0,0.0123134,0,2,2,5.5,0,0,0,1,0,0,834,286062,834
1,bookshelf_thin,15,qpAdaptive,1,1,0.0132061,484,10,9.62693,624,624,0,0.00150301,0.00249477,0,0,0.021216,0.204545,2,2,5,0,0,0,0.793388,0.192149,0.0144628,484,134037,449
1,bookshelf_thin,15,qpFreeGate,1,1,0.844705,58736,139,14.5631,1276,1276,0,0.000589077,0.00249477,0,0,0.00396481,0,448,132,0.310268,0,0,0,1,0,0,0,0,0
1,bookshelf_thin,15,qpFreeEnvelope,1,1,0.347886,8002,345,18.8282,968,968,0,0.00709921,0.00249477,0,0,0.072842,0.967883,1175,336,0.293617,0,0,0,0.00529501,0.836989,0.157716,0,0,0
1,bookshelf_thin,15,qpEnvelope,1,1,0.0133396,342,11,9.64489,575,575,0,0.000778033,0.00249477,0,0,0.0300745,0.116959,2,2,5.5,0,0,0,0.880117,0.0964912,0.0233918,342,93948,331
1,bookshelf_thin,39,isSafe,1,1,0.115837,11215,55,17.564,10,880,0,0.00115946,0.00249477,0,0,0,0,182,51,0.302198,0,0,0,0,0,0,0,0,0
1,bookshelf_thin,39,qpFixed,1,1,0.013952,558,6,7.21574,559,559,0,0.00205462,0.00249477,0,0,0.0129314,0,1,1,6,0,0,0,1,0,0,558,134561,258
1,bookshelf_thin,39,qpPlain,1,1,0.0143576,558,6,7.21574,559,559,0,0.00205462,0.00249477,0,0,0.0129314,0,1,1,6,0,0,0,1,0,0,558,191394,558
1,bookshelf_thin,39,qpAdaptive,1,1,0.00608304,231,6,7.21675,470,470,0,0.00204764,0.00249477,0,0,0.0312413,0.380952,1,1,6,0,0,0,0.619048,0.367965,0.012987,231,57551,208
1,bookshelf_thin,39,qpFreeGate,1,1,0.221184,15310,44,8.79848,806,806,0,0.00224875,0.00249477,0,0,0.0047675,0,122,40,0.360656,0,0,0,1,0,0,0,0,0
1,bookshelf_thin,39,qpFreeEnvelope,1,1,0.0421115,1059,44,8.72943,473,473,0,0.000447686,0.00249477,0,0,0.0676368,0.948064,122,40,0.360656,0,0,0,0.0323501,0.875357,0.0922931,0,0,0
1,bookshelf_thin,39,qpEnvelope,1,1,0.00516873,130,6,7.21553,430,430,0,0.00214803,0.00249477,0,0,0.0555041,0.353846,1,1,6,0,0,0,0.646154,0.330769,0.0230769,130,33089,117
1,bookshelf_thin,63,isSafe,1,1,0.0238658,2233,13,7.73399,5,388,0,0.00257006,0.00249477,0,0,0,0,20,9,0.65,0,0,0,0,0,0,0,0,0
1,bookshelf_thin,63,qpFixed,1,1,0.0230906,919,10,8.05691,657,657,0,0.000896337,0.00249477,0,0,0.0120704,0,2,2,5,0,0,0,1,0,0,919,239968,479
1,bookshelf_thin,63,qpPlain,1,1,0.0238704,919,10,8.05691,657,657,0,0.000896337,0.00249477,0,0,0.0120704,0,2,2,5,0,0,0,1,0,0,919,315217,919
1,bookshelf_thin,63,qpAdaptive,1,1,0.0101279,363,8,8.05187,562,562,0,0.000863203,0.00249477,0,0,0.0305643,0.31405,2,2,4,0,0,0,0.68595,0.300275,0.0137741,363,92943,331
1,bookshelf_thin,63,qpFreeGate,1,1,0.133005,9305,33,11.2567,1102,1102,0,0.00112171,0.00249477,0,0,0.00517831,0,65,27,0.507692,0,0,0,1,0,0,0,0,0
1,bookshelf_thin,63,qpFreeEnvelope,1,1,0.0468762,1071,59,12.7177,665,665,0,0.00718501,0.00249477,0,0,0.0907662,0.975724,158,55,0.373418,0,0,0,0.00470367,0.838194,0.157103,0,0,0
1,bookshelf_thin,63,qpEnvelope,1,1,0.00828392,209,7,7.51945,496,496,0,0.00111109,0.00249477,0,0,0.0359782,0.411483,1,1,7,0,0,0,0.583732,0.392344,0.0239234,209,52693,192
1,bookshelf_thin,88,isSafe,1,1,0.0329317,3224,18,12.2164,8,612,0,0.00718239,0.00249477,0,0,0,0,36,13,0.5,0,0,0,0,0,0,0,0,0
1,bookshelf_thin,88,qpFixed,1,1,0.0513779,2011,14,12.9121,1073,1073,0,0.00235943,0.00249477,0,0,0.00996065,0,6,5,2.33333,0,0,0,1,0,0,2011,446480,1269
1,bookshelf_thin,88,qpPlain,1,1,0.0563446,2011,14,12.9121,1073,1073,0,0.00235943,0.00249477,0,0,0.00996065,0,6,5,2.33333,0,0,0,1,0,0,2011,689773,2011
1,bookshelf_thin,88,qpAdaptive,1,1,0.0304045,1085,14,12.9356,779,779,0,0.00236112,0.00249477,0,0,0.0184616,0.168664,6,5,2.33333,0,0,0,0.828571,0.16129,0.0101382,1085,234191,1031
1,bookshelf_thin,88,qpFreeGate,1,1,0.085245,5917,22,12.1614,1115,1115,0,0.00625273,0.00249477,0,0,0.00638463,0,36,18,0.611111,0,0,0,1,0,0,0,0,0
1,bookshelf_thin,88,qpFreeEnvelope,1,1,0.0133584,318,22,12.3018,633,633,0,0.00685502,0.00249477,0,0,0.120486,0.990566,36,18,0.611111,0,0,0,0,0.84858,0.15142,0,0,0
1,bookshelf_thin,88,qpEnvelope,1,1,0.0309241,786,14,12.9175,691,691,0,0.00315666,0.00249477,0,0,0.0254782,0.131043,6,5,2.33333,0,0,0,0.868957,0.117048,0.0139949,786,167837,765
1,table_under_pick,12,isSafe,1,1,0.051648,8620,43,17.6404,10,884,0,0.00441114,0.00249477,0,0,0,0,201,38,0.21393,0,0,0,0,0,0,0,0,0
1,table_under_pick,12,qpFixed,1,1,0.0489132,2769,21,9.76519,754,754,0,0.00334359,0.00249477,0,0,0.0116902,0,9,9,2.33333,0,0,0,1,0,0,2769,784440,2514
1,table_under_pick,12,qpPlain,1,1,0.0515084,2769,21,9.76519,754,754,0,0.00334359,0.00249477,0,0,0.0116902,0,9,9,2.33333,0,0,0,1,0,0,2769,949767,2769
1,table_under_pick,12,qpAdaptive,1,1,0.0270523,1455,21,9.77657,639,639,0,0.00334637,0.00249477,0,0,0.0222956,0.476976,9,9,2.33333,0,0,0,0.519257,0.469739,0.0110041,1455,407207,1405
1,table_under_pick,12,qpFreeGate,1,1,0.23163,23497,63,19.1214,2191,2191,0,0.000853541,0.00249477,0,0,0.00407653,0,175,55,0.36,0,0,0,1,0,0,0,0,0
1,table_under_pick,12,qpFreeEnvelope,1,1,0.0450787,1774,75,19.1234,1023,1023,0,0.000532138,0.0015367,0,0,0.0691463,0.934047,202,68,0.371287,0,0,0,0.0440678,0.849153,0.10678,0,0,0
1,table_under_pick,12,qpEnvelope,1,1,0.0184334,654,21,9.78849,549,549,0,0.00383406,0.00249477,0,0,0.0499528,0.53211,9,9,2.33333,0,0,0,0.467075,0.503828,0.0290965,654,182787,636
1,table_under_pick,36,isSafe,1,1,0.00727956,1229,8,11.1083,7,557,0,0.000443094,0.00249477,0,0,0,0,23,3,0.347826,0,0,0,0,0,0,0,0,0
1,table_under_pick,36,qpFixed,1,1,0.0101746,638,9,8.84125,639,639,0,0.00752332,0.00249477,0,0,0.0138578,0,1,1,9,0,0,0,1,0,0,638,167975,134
1,table_under_pick,36,qpPlain,1,1,0.0105651,638,9,8.84125,639,639,0,0.00752332,0.00249477,0,0,0.0138578,0,1,1,9,0,0,0,1,0,0,638,218834,638
1,table_under_pick,36,qpAdaptive,1,1,0.00196832,110,9,8.84495,497,497,0,0.00752332,0.00249477,0,0,0.0804086,0.881818,1,1,9,0,0,0,0.0909091,0.845455,0.0636364,110,33131,39
1,table_under_pick,36,qpFreeGate,1,1,0.115701,11476,32,12.6639,1141,1141,0,0.00444781,0.00249477,0,0,0.00408451,0,90,25,0.355556,0,0,0,1,0,0,0,0,0
1,table_under_pick,36,qpFreeEnvelope,1,1,0.0181138,703,25,12.6453,667,667,0,0.000466327,0.00249477,0,0,0.0591616,0.947368,90,19,0.277778,0,0,0,0.0370899,0.850214,0.112696,0,0,0
1,table_under_pick,36,qpEnvelope,1,1,0.00134886,47,11,8.88607,471,471,0,0.00752332,0.00249477,0,0,0.189065,0.808511,1,1,11,0,0,0,0.148936,0.659574,0.191489,47,13943,21
1,table_under_pick,60,isSafe,1,1,0.00685097,1072,8,10.5943,7,531,0,0.0082622,0.00249477,0,0,0,0,2,2,4,0,0,0,0,0,0,0,0,0
1,table_under_pick,60,qpFixed,1,1,0.0107075,632,8,9.69121,633,633,0,0.00786874,0.00249477,0,0,0.0153342,0,1,1,8,0,0,0,1,0,0,632,164554,107
1,table_under_pick,60,qpPlain,1,1,0.0111973,632,8,9.69121,633,633,0,0.00786874,0.00249477,0,0,0.0153342,0,1,1,8,0,0,0,1,0,0,632,216776,632
1,table_under_pick,60,qpAdaptive,1,1,0.00183308,92,7,9.69037,522,522,0,0.00786874,0.00249477,0,0,0.10533,0.630435,1,1,7,0,0,0,0.358696,0.586957,0.0543478,92,25062,45
1,table_under_pick,60,qpFreeGate,1,1,0.00809394,774,8,10.5648,687,687,0,0.0082622,0.00249477,0,0,0.0137012,0,2,2,4,0,0,0,1,0,0,0,0,0
1,table_under_pick,60,qpFreeEnvelope,1,1,0.00138946,46,8,10.5546,549,549,0,0.0082622,0.00249477,0,0,0.230436,0.978261,2,2,4,0,0,0,0.0217391,0.847826,0.130435,0,0,0
1,table_under_pick,60,qpEnvelope,1,1,0.00152393,53,7,9.69168,509,509,0,0.00786874,0.00249477,0,0,0.182862,0.641509,1,1,7,0,0,0,0.339623,0.566038,0.0943396,53,14141,32
1,table_under_pick,85,isSafe,1,1,0.0187071,3200,18,22.005,13,1102,0,0.00606352,0.000123885,0,0,0,0,61,13,0.295082,0,0,0,0,0,0,0,0,0
1,table_under_pick,85,qpFixed,1,1,0.126268,6952,54,12.4448,1070,1070,0,0.00205443,3.06833e-05,0,0,0.00990049,0,21,17,2.57143,0,0,0,1,0,0,6952,2087685,6733
1,table_under_pick,85,qpPlain,1,1,0.123036,6952,54,12.4448,1070,1070,0,0.00205443,3.06833e-05,0,0,0.00990049,0,21,17,2.57143,0,0,0,1,0,0,6952,2384536,6952
1,table_under_pick,85,qpAdaptive,1,1,0.071655,3838,37,14.2493,1216,1216,0,0.000577538,7.5192e-06,0,0,0.0118254,0.181605,15,12,2.46667,0,0,0,0.818134,0.178739,0.00312663,3838,1162378,3787
1,table_under_pick,85,qpFreeGate,1,1,0.0743755,7394,20,16.2077,1412,1412,0,0.00295354,0.00249477,0,0,0.00410375,0,53,14,0.377358,0,0,0,1,0,0,0,0,0
1,table_under_pick,85,qpFreeEnvelope,1,1,0.00952592,365,20,16.3996,864,864,0,0.000494283,0.00249477,0,0,0.0812124,0.928767,53,14,0.377358,0,0,0,0.0361111,0.816667,0.147222,0,0,0
1,table_under_pick,85,qpEnvelope,1,1,0.0477568,1781,21,10.9094,773,773,0,0.000748327,2.07776e-05,0,0,0.0184986,0.124088,10,8,2.1,0,0,0,0.874789,0.117911,0.00729927,1781,533506,1761
1,bookshelf_small,10,isSafe,1,1,0.0956823,23207,119,19.3896,11,971,0,0.00367396,0.00249477,0,0,0,0,572,116,0.208042,0,0,0,0,0,0,0,0,0
1,bookshelf_small,10,qpFixed,1,1,0.0222959,1572,15,14.0974,1078,1078,0,0.00498869,0.00249477,0,0,0.0112822,0,3,3,5,0,0,0,1,0,0,1572,466722,1501
1,bookshelf_small,10,qpPlain,1,1,0.0227596,1572,15,14.0974,1078,1078,0,0.00498869,0.00249477,0,0,0.0112822,0,3,3,5,0,0,0,1,0,0,1572,539196,1572
1,bookshelf_small,10,qpAdaptive,1,1,0.0133239,891,15,14.1354,920,920,0,0.00475586,0.00249477,0,0,0.0199855,0.496072,3,3,5,0,0,0,0.501684,0.485971,0.0123457,891,273930,883
1,bookshelf_small,10,qpFreeGate,1,1,0.157519,18816,51,22.6072,2003,2003,0,0.00269649,0.00249477,0,0,0.00462537,0,123,45,0.414634,0,0,0,1,0,0,0,0,0
1,bookshelf_small,10,qpFreeEnvelope,1,1,0.0209844,1035,49,23.0306,1200,1200,0,0.00227634,0.00249477,0,0,0.0829335,0.944928,123,44,0.398374,0,0,0,0.0406583,0.837367,0.121975,0,0,0
1,bookshelf_small,10,qpEnvelope,1,1,0.00972976,472,15,14.0144,790,790,0,0.00332261,0.00249477,0,0,0.0396188,0.449153,3,3,5,0,0,0,0.54661,0.423729,0.029661,472,139881,467
1,bookshelf_small,36,isSafe,1,1,0.00993316,2160,12,6.82585,5,343,0,0.01017,0.00249477,0,0,0,0,58,8,0.206897,0,0,0,0,0,0,0,0,0
1,bookshelf_small,36,qpFixed,1,1,0.00504057,376,10,5.71746,377,377,0,0.0101775,0.00249477,0,0,0.015206,0,1,1,10,0,0,0,1,0,0,376,95518,124
1,bookshelf_small,36,qpPlain,1,1,0.00533605,376,10,5.71746,377,377,0,0.0101775,0.00249477,0,0,0.015206,0,1,1,10,0,0,0,1,0,0,376,128968,376
1,bookshelf_small,36,qpAdaptive,1,1,0.00220944,148,9,5.71728,350,350,0,0.0101775,0.00249477,0,0,0.0386303,0.77027,1,1,9,0,0,0,0.202703,0.75,0.0472973,148,41714,82
1,bookshelf_small,36,qpFreeGate,1,1,0.018321,2116,11,9.91938,943,943,0,0.00336115,0.00249477,0,0,0.00569608,0,10,5,1.1,0,0,0,1,0,0,0,0,0
1,bookshelf_small,36,qpFreeEnvelope,1,1,0.00336325,161,14,7.87696,424,424,0,0.00167816,0.00249477,0,0,0.113329,0.931677,13,7,1.07692,0,0,0,0.0621118,0.813665,0.124224,0,0,0
1,bookshelf_small,36,qpEnvelope,1,1,0.000880251,37,8,5.72101,306,306,0,0.0101775,0.00249477,0,0,0.154622,0.702703,1,1,8,0,0,0,0.189189,0.648649,0.162162,37,10783,16
1,bookshelf_small,60,isSafe,1,1,0.00298392,713,6,7.07301,5,355,0,0.00196393,0.00249477,0,0,0,0,1,1,6,0,0,0,0,0,0,0,0,0
1,bookshelf_small,60,qpFixed,1,1,0.00486241,410,6,7.00139,411,411,0,0.0052089,0.00249477,0,0,0.0170766,0,1,1,6,0,0,0,1,0,0,410,96861,58
1,bookshelf_small,60,qpPlain,1,1,0.00544856,410,6,7.00139,411,411,0,0.0052089,0.00249477,0,0,0.0170766,0,1,1,6,0,0,0,1,0,0,410,140630,410
1,bookshelf_small,60,qpAdaptive,1,1,0.000675384,53,6,6.99387,375,375,0,0.0052089,0.00249477,0,0,0.13196,0.830189,1,1,6,0,0,0,0.169811,0.754717,0.0754717,53,14685,18
1,bookshelf_small,60,qpFreeGate,1,1,0.00796925,986,7,7.60233,627,627,0,0.00309802,0.00249477,0,0,0.0086949,0,4,3,1.75,0,0,0,1,0,0,0,0,0
1,bookshelf_small,60,qpFreeEnvelope,1,1,0.00141159,80,7,7.68698,401,401,0,0.00299624,0.00249477,0,0,0.108311,0.8125,4,3,1.75,0,0,0,0.175,0.725,0.1,0,0,0
1,bookshelf_small,60,qpEnvelope,1,1,0.000626967,28,6,7.02024,364,364,0,0.0052089,0.00249477,0,0,0.250723,0.821429,1,1,6,0,0,0,0.178571,0.678571,0.142857,28,7802,9
1,bookshelf_small,84,isSafe,1,1,0.00378357,905,7,6.89372,5,346,0,0.000713499,0.00249477,0,0,0,0,3,2,2.33333,0,0,0,0,0,0,0,0,0
1,bookshelf_small,84,qpFixed,1,1,0.00418331,349,5,5.08448,350,350,0,0.00949054,0.00249477,0,0,0.0145687,0,1,1,5,0,0,0,1,0,0,349,86075,40
1,bookshelf_small,84,qpPlain,1,1,0.00446446,349,5,5.08448,350,350,0,0.00949054,0.00249477,0,0,0.0145687,0,1,1,5,0,0,0,1,0,0,349,119707,349
1,bookshelf_small,84,qpAdaptive,1,1,0.000623425,44,5,5.08602,275,275,0,0.00949054,0.00249477,0,0,0.115591,0.795455,1,1,5,0,0,0,0.204545,0.727273,0.0681818,44,11930,23
1,bookshelf_small,84,qpFreeGate,1,1,0.0225913,2798,11,6.44697,498,498,0,0.00949054,0.00249477,0,0,0.00558655,0,16,7,0.6875,0,0,0,1,0,0,0,0,0
1,bookshelf_small,84,qpFreeEnvelope,1,1,0.00268452,141,10,6.34549,330,330,0,0.00949054,0.00249477,0,0,0.108858,0.971631,16,6,0.625,0,0,0,0.0283688,0.822695,0.148936,0,0,0
1,bookshelf_small,84,qpEnvelope,1,1,0.000448979,18,5,5.08939,264,264,0,0.00949054,0.00249477,0,0,0.282744,0.944444,1,1,5,0,0,0,0.0555556,0.777778,0.166667,18,4900,9
1,box,9,isSafe,1,1,0.020362,4506,24,13.0477,8,654,0,0.00182155,0.00249477,0,0,0,0,62,20,0.387097,0,0,0,0,0,0,0,0,0
1,box,9,qpFixed,1,1,0.00572789,422,5,5.66348,423,423,0,0.00336398,0.00249477,0,0,0.0134206,0,1,1,5,0,0,0,1,0,0,422,119584,172
1,box,9,qpPlain,1,1,0.00614663,422,5,5.66348,423,423,0,0.00336398,0.00249477,0,0,0.0134206,0,1,1,5,0,0,0,1,0,0,422,144746,422
1,box,9,qpAdaptive,1,1,0.00225538,150,5,5.66349,345,345,0,0.00331844,0.00249477,0,0,0.0377566,0.52,1,1,5,0,0,0,0.48,0.506667,0.0133333,150,44375,121
1,box,9,qpFreeGate,1,1,0.168903,19878,63,10.4307,967,967,0,0.00683901,0.00249477,0,0,0.00492917,0,123,53,0.512195,0,0,0,1,0,0,0,0,0
1,box,9,qpFreeEnvelope,1,1,0.0223716,1058,59,11.1592,644,644,0,0.0010696,0.00249477,0,0,0.0841025,0.946125,123,48,0.479675,0,0,0,0.036225,0.842707,0.121068,0,0,0
1,box,9,qpEnvelope,1,1,0.00156786,68,5,5.66371,316,316,0,0.00302382,0.00249477,0,0,0.0832898,0.602941,1,1,5,0,0,0,0.382353,0.573529,0.0441176,68,20110,54
1,box,33,isSafe,1,1,0.00572665,1441,10,10.0916,7,506,0,0.00702682,0.00249477,0,0,0,0,9,6,1.11111,0,0,0,0,0,0,0,0,0
1,box,33,qpFixed,1,1,0.00485966,400,5,5.01837,401,401,0,0.0102059,0.00249477,0,0,0.0125459,0,1,1,5,0,0,0,1,0,0,400,104884,128
1,box,33,qpPlain,1,1,0.00527287,400,5,5.01837,401,401,0,0.0102059,0.00249477,0,0,0.0125459,0,1,1,5,0,0,0,1,0,0,400,137200,400
1,box,33,qpAdaptive,1,1,0.00107384,73,5,5.0162,282,282,0,0.0101934,0.00249477,0,0,0.068715,0.684932,1,1,5,0,0,0,0.315068,0.657534,0.0273973,73,21298,51
1,box,33,qpFreeGate,1,1,0.0288182,3640,21,10.8911,983,983,0,0.00530994,0.00249477,0,0,0.00728719,0,15,11,1.4,0,0,0,1,0,0,0,0,0
1,box,33,qpFreeEnvelope,1,1,0.00347374,175,19,13.8087,713,713,0,0.0013034,0.00249477,0,0,0.154475,0.942857,15,12,1.26667,0,0,0,0.0514286,0.8,0.148571,0,0,0
1,box,33,qpEnvelope,1,1,0.000704956,35,5,5.01541,267,267,0,0.0104458,0.00249477,0,0,0.143297,1,1,1,5,0,0,0,0,0.914286,0.0857143,35,10088,23
1,box,57,isSafe,1,1,0.0076234,1982,12,15.1016,9,757,0,0.0791391,0.00249477,0,0,0,0,33,7,0.363636,0,0,0,0,0,0,0,0,0
1,box,57,qpFixed,1,1,0.00526033,416,6,4.85108,417,417,0,0.000766452,0.00249477,0,0,0.0116612,0,1,1,6,0,0,0,1,0,0,416,114214,371
1,box,57,qpPlain,1,1,0.00563298,416,6,4.85108,417,417,0,0.000766452,0.00249477,0,0,0.0116612,0,1,1,6,0,0,0,1,0,0,416,142688,416
1,box,57,qpAdaptive,1,1,0.00242607,175,6,4.86435,320,320,0,0.000723941,0.00249477,0,0,0.0277963,0.354286,1,1,6,0,0,0,0.645714,0.337143,0.0171429,175,51124,171
1,box,57,qpFreeGate,1,1,0.0863568,10868,33,11.7397,1357,1357,0,0.0125252,0.00249477,0,0,0.00438054,0,64,25,0.515625,0,0,0,1,0,0,0,0,0
1,box,57,qpFreeEnvelope,1,1,0.0103371,526,29,11.9134,644,644,0,0.00134124,0.00249477,0,0,0.0717109,0.963878,64,20,0.453125,0,0,0,0.0209924,0.860687,0.118321,0,0,0
1,box,57,qpEnvelope,1,1,0.00250847,125,7,4.87201,298,298,0,0.000681802,0.00249477,0,0,0.0389761,0.336,1,1,7,0,0,0,0.656,0.304,0.04,125,36553,123
1,box,81,isSafe,1,1,0.0112316,2393,14,13.3281,8,668,0,0.0621796,0.00249477,0,0,0,0,16,9,0.875,0,0,0,0,0,0,0,0,0
1,box,81,qpFixed,1,1,0.0138284,1044,14,9.8783,683,683,0,0.00477687,0.00249477,0,0,0.012321,0,3,3,4.66667,0,0,0,1,0,0,1044,250748,444
1,box,81,qpPlain,1,1,0.0146974,1044,14,9.8783,683,683,0,0.00477687,0.00249477,0,0,0.012321,0,3,3,4.66667,0,0,0,1,0,0,1044,358092,1044
1,box,81,qpAdaptive,1,1,0.00462064,315,16,7.45942,438,438,0,0.00480625,0.00249477,0,0,0.0259464,0.438095,2,2,8,0,0,0,0.546032,0.412698,0.0412698,315,79859,270
1,box,81,qpFreeGate,1,1,0.108917,12803,40,18.438,1891,1891,0,0.00713439,0.00249477,0,0,0.00500023,0,68,31,0.588235,0,0,0,1,0,0,0,0,0
1,box,81,qpFreeEnvelope,1,1,0.0173058,794,53,23.2793,1228,1228,0,0.00108928,0.000582789,0,0,0.107618,0.942065,90,42,0.588889,0,0,0,0.0429836,0.811631,0.145386,0,0,0
1,box,81,qpEnvelope,1,1,0.00387998,189,13,9.88249,525,525,0,0.00461645,0.00249477,0,0,0.06802,0.301587,3,3,4.33333,0,0,0,0.698413,0.238095,0.0634921,189,48717,154
1,table_pick,5,isSafe,1,1,0.0110617,1878,12,12.12,8,607,0,0.00588011,0.00249477,0,0,0,0,16,7,0.75,0,0,0,0,0,0,0,0,0
1,table_pick,5,qpFixed,1,1,0.0105667,697,7,8.38184,698,698,0,0.00540887,0.00249477,0,0,0.0120256,0,1,1,7,0,0,0,1,0,0,697,151846,116
1,table_pick,5,qpPlain,1,1,0.011468,697,7,8.38184,698,698,0,0.00540887,0.00249477,0,0,0.0120256,0,1,1,7,0,0,0,1,0,0,697,239071,697
1,table_pick,5,qpAdaptive,1,1,0.00130028,75,7,8.38252,455,455,0,0.00540097,0.00249477,0,0,0.111767,0.666667,1,1,7,0,0,0,0.333333,0.6,0.0666667,75,18294,47
1,table_pick,5,qpFreeGate,1,1,0.0250385,2569,12,11.8201,826,826,0,0.00584714,0.00249477,0,0,0.00746884,0,16,7,0.75,0,0,0,1,0,0,0,0,0
1,table_pick,5,qpFreeEnvelope,1,1,0.00393185,150,12,11.8235,612,612,0,0.00583748,0.00249477,0,0,0.128601,1,16,7,0.75,0,0,0,0,0.846667,0.153333,0,0,0
1,table_pick,5,qpEnvelope,1,1,0.00087066,32,7,8.38389,440,440,0,0.00537066,0.00249477,0,0,0.261997,1,1,1,7,0,0,0,0,0.84375,0.15625,32,7919,20
1,table_pick,29,isSafe,1,1,0.00509446,864,7,8.55617,6,429,0,0.00791404,0.00249477,0,0,0,0,4,1,1.75,0,0,0,0,0,0,0,0,0
1,table_pick,29,qpFixed,1,1,0.011457,721,14,8.98775,722,722,0,0.00663274,0.00249477,0,0,0.0124657,0,1,1,14,0,0,0,1,0,0,721,172280,291
1,table_pick,29,qpPlain,1,1,0.0119722,721,14,8.98775,722,722,0,0.00663274,0.00249477,0,0,0.0124657,0,1,1,14,0,0,0,1,0,0,721,247303,721
1,table_pick,29,qpAdaptive,1,1,0.00183601,101,17,9.01341,501,501,0,0.00663457,0.00249477,0,0,0.0892417,0.742574,1,1,17,0,0,0,0.188119,0.663366,0.148515,101,27833,73
1,table_pick,29,qpFreeGate,1,1,0.0099139,990,7,9.23853,727,727,0,0.00782882,0.00249477,0,0,0.00951057,0,4,2,1.75,0,0,0,1,0,0,0,0,0
1,table_pick,29,qpFreeEnvelope,1,1,0.00119869,47,8,9.29516,480,480,0,0.00788805,0.00249477,0,0,0.200513,0.93617,4,2,2,0,0,0,0,0.829787,0.170213,0,0,0
1,table_pick,29,qpEnvelope,1,1,0.00135784,46,15,9.06517,480,480,0,0.00671853,0.00249477,0,0,0.197069,0.891304,1,1,15,0,0,0,0,0.717391,0.282609,46,12696,33
1,table_pick,53,isSafe,1,1,0.0209024,3213,17,9.49238,6,476,0,0.00268905,0.00249477,0,0,0,0,40,13,0.425,0,0,0,0,0,0,0,0,0
1,table_pick,53,qpFixed,1,1,0.0105136,642,7,8.36582,643,643,0,0.00545191,0.00249477,0,0,0.0130309,0,1,1,7,0,0,0,1,0,0,642,146253,107
1,table_pick,53,qpPlain,1,1,0.0117194,642,7,8.36582,643,643,0,0.00545191,0.00249477,0,0,0.0130309,0,1,1,7,0,0,0,1,0,0,642,220206,642
1,table_pick,53,qpAdaptive,1,1,0.001522,74,7,8.36605,457,457,0,0.00545191,0.00249477,0,0,0.113055,0.608108,1,1,7,0,0,0,0.391892,0.540541,0.0675676,74,20067,47
1,table_pick,53,qpFreeGate,1,1,0.060396,5793,21,12.4104,919,919,0,0.00267492,0.00249477,0,0,0.00572616,0,40,16,0.525,0,0,0,1,0,0,0,0,0
1,table_pick,53,qpFreeEnvelope,1,1,0.0113014,410,22,15.2769,813,813,0,0.00320336,0.00249477,0,0,0.0851676,0.953659,41,17,0.536585,0,0,0,0.031941,0.85258,0.115479,0,0,0
1,table_pick,53,qpEnvelope,1,1,0.0010299,33,7,8.36829,435,435,0,0.00541297,0.00249477,0,0,0.253584,0.909091,1,1,7,0,0,0,0.0909091,0.757576,0.151515,33,8867,20
1,table_pick,77,isSafe,1,1,0.00542408,921,7,8.72703,6,438,0,0.00433719,0.00244973,0,0,0,0,7,3,1,0,0,0,0,0,0,0,0,0
1,table_pick,77,qpFixed,1,1,0.00764644,471,6,5.99391,472,472,0,0.00520457,0.00249477,0,0,0.0127259,0,1,1,6,0,0,0,1,0,0,471,124455,210
1,table_pick,77,qpPlain,1,1,0.00821225,471,6,5.99391,472,472,0,0.00520457,0.00249477,0,0,0.0127259,0,1,1,6,0,0,0,1,0,0,471,161553,471
1,table_pick,77,qpAdaptive,1,1,0.00275265,150,6,6.0001,366,366,0,0.00517798,0.00249477,0,0,0.0400007,0.793333,1,1,6,0,0,0,0.193333,0.78,0.0266667,150,42556,104
1,table_pick,77,qpFreeGate,1,1,0.0393184,3946,20,13.1251,1039,1039,0,0.00715223,0.00218099,0,0,0.00573227,0,28,11,0.714286,0,0,0,1,0,0,0,0,0
1,table_pick,77,qpFreeEnvelope,1,1,0.00217531,79,12,12.3183,634,634,0,0.00576296,0.00184904,0,0,0.174476,0.974684,9,5,1.33333,0,0,0,0.0126582,0.78481,0.202532,0,0,0
1,table_pick,77,qpEnvelope,1,1,0.00505825,178,15,16.8152,893,893,0,0.00374895,0.000594619,0,0,0.120933,0.595506,5,5,3,0,0,0,0.404494,0.5,0.0955056,178,51204,153
1,cage,1,isSafe,1,1,0.79675,186972,1133,18.1081,11,907,0,0.0126931,0.00249477,0,0,0,0,6290,1130,0.180127,0,0,0,0,0,0,0,0,0
1,cage,1,qpFixed,1,1,0.0929022,6631,51,20.5064,1626,1626,0,0.00454959,0.00223613,0,0,0.0105343,0,22,22,2.31818,0,0,0,1,0,0,6628,1846328,5678
1,cage,1,qpPlain,1,1,0.0956779,6631,51,20.5064,1626,1626,0,0.00454959,0.00223613,0,0,0.0105343,0,22,22,2.31818,0,0,0,1,0,0,6628,2273404,6628
1,cage,1,qpAdaptive,1,1,0.0237732,1562,31,18.8748,1186,1186,0,0.00429917,0.000216351,0,0,0.0284348,0.709987,13,13,2.38462,0,0,0,0.283152,0.69827,0.0185778,1561,438187,1460
1,cage,1,qpFreeGate,1,1,1.7462,209369,497,30.4977,3129,3129,0,0.00274866,0.00249477,0,0,0.00399732,0,1578,476,0.314956,0,0,0,1,0,0,0,0,0
1,cage,1,qpFreeEnvelope,1,1,0.606459,28790,1267,37.302,2015,2015,0,0.000110144,0.00249477,0,0,0.0668824,0.925009,4508,1225,0.281056,0,0,0,0.0353718,0.828164,0.136464,0,0,0
1,cage,1,qpEnvelope,1,1,0.0142579,605,31,18.9479,1013,1013,0,0.00378409,0.000536984,0,0,0.0736515,0.894215,13,13,2.38462,0,0,0,0.0976821,0.849338,0.0529801,604,168504,563
1,cage,25,isSafe,1,1,0.553185,117135,643,20.8396,12,1043,0,0.0111403,0.00249477,0,0,0,0,3645,639,0.176406,0,0,0,0,0,0,0,0,0
1,cage,25,qpFixed,1,1,0.178127,12232,53,26.8044,2432,2432,0,7.72985e-05,0.00249477,0,0,0.00832946,0,44,32,1.20455,0,0,0,1,0,0,12228,3126561,9665
1,cage,25,qpPlain,1,1,0.186897,12232,53,26.8044,2432,2432,0,7.72985e-05,0.00249477,0,0,0.00832946,0,44,32,1.20455,0,0,0,1,0,0,12228,4194204,12228
1,cage,25,qpAdaptive,1,1,0.134423,8480,72,20.4853,1429,1429,0,5.70496e-05,0.00249477,0,0,0.015226,0.295519,52,40,1.38462,0,0,0,0.702524,0.29087,0.00660533,8478,2278164,8258
1,cage,25,qpFreeGate,1,1,6.87577,801068,1846,19.6297,2174,2174,0,0.00205929,0.00249477,0,0,0.0034054,0,6943,1827,0.265879,0,0,0,1,0,0,0,0,0
1,cage,25,qpFreeEnvelope,1,1,0.181802,8780,358,20.9282,1088,1088,0,0.00306522,0.00249477,0,0,0.0712806,0.913098,1317,344,0.27183,0,0,0,0.0516427,0.83389,0.114467,0,0,0
1,cage,25,qpEnvelope,1,1,0.107401,5122,52,24.5405,1557,1557,0,0.000136963,0.00249477,0,0,0.0197525,0.18196,44,32,1.18182,0,0,0,0.816956,0.174057,0.00898613,5119,1369614,5055
1,cage,49,isSafe,1,1,1.13127,250315,1619,27.938,16,1398,0,0.000499309,0.00249477,0,0,0,0,9466,1616,0.171033,0,0,0,0,0,0,0,0,0
1,cage,49,qpFixed,1,1,0.872551,59767,264,17.2665,1285,1285,0,0.00676628,0.00249477,0,0,0.00811725,0,268,166,0.985075,0,0,0,1,0,0,59732,16488003,54137
1,cage,49,qpPlain,1,1,0.895074,59767,264,17.2665,1285,1285,0,0.00676628,0.00249477,0,0,0.00811725,0,268,166,0.985075,0,0,0,1,0,0,59732,20488076,59732
1,cage,49,qpAdaptive,1,1,0.628262,41093,268,26.2339,1791,1791,0,0.000331051,0.00249477,0,0,0.0124374,0.300343,273,172,0.981685,0,0,0,0.697474,0.297752,0.00477339,41061,11270249,40028
1,cage,49,qpFreeGate,1,1,2.56397,306882,696,9.52072,935,935,0,0.0134171,0.00249477,0,0,0.00371196,0,2351,667,0.296044,0,0,0,1,0,0,0,0,0
1,cage,49,qpFreeEnvelope,1,1,0.890091,42728,1657,15.4026,846,846,0,0.000123311,0.00249477,0,0,0.05847,0.910153,6324,1619,0.262018,0,0,0,0.0538556,0.822471,0.123674,0,0,0
1,cage,49,qpEnvelope,1,1,0.324002,16065,153,20.461,1183,1183,0,5.12561e-05,0.00213865,0,0,0.0178771,0.233551,143,95,1.06993,0,0,0,0.764765,0.226514,0.00872165,16052,4327202,15854
1,cage,73,isSafe,1,1,0.467892,117154,668,20.6217,12,1033,0,0.00180975,0.000330026,0,0,0,0,3676,665,0.181719,0,0,0,0,0,0,0,0,0
1,cage,73,qpFixed,1,1,0.304987,22561,116,25.7839,2288,2288,0,0.00141938,0.00249477,0,0,0.00875594,0,85,60,1.36471,0,0,0,1,0,0,22554,6150312,20400
1,cage,73,qpPlain,1,1,0.313362,22561,116,25.7839,2288,2288,0,0.00141938,0.00249477,0,0,0.00875594,0,85,60,1.36471,0,0,0,1,0,0,22554,7736022,22554
1,cage,73,qpAdaptive,1,1,0.215476,14793,116,25.4139,1791,1791,0,0.00137346,0.00249477,0,0,0.0132869,0.26641,85,60,1.36471,0,0,0,0.731466,0.263528,0.00500541,14784,4015815,14507
1,cage,73,qpFreeGate,1,1,6.63988,846736,1968,29.3397,3445,3445,0,0.00368771,0.00249477,0,0,0.00341786,0,7061,1919,0.278714,0,0,0,1,0,0,0,0,0
1,cage,73,qpFreeEnvelope,1,1,0.299397,15830,659,12.6438,676,676,0,0.00150931,0.00249477,0,0,0.0674925,0.920215,2203,633,0.299138,0,0,0,0.0448304,0.834217,0.120953,0,0,0
1,cage,73,qpEnvelope,1,1,0.22652,11291,109,21.6008,1307,1307,0,6.68552e-05,0.00249477,0,0,0.0172879,0.21185,85,59,1.28235,0,0,0,0.78667,0.205974,0.0073562,11283,3047245,11144
1,cage,97,isSafe,1,1,0.198742,50021,258,18.6197,11,932,0,0.00227599,0.00220295,0,0,0,0,1485,252,0.173737,0,0,0,0,0,0,0,0,0
1,cage,97,qpFixed,1,1,0.0489721,3764,27,15.2893,1242,1242,0,0.00256418,0.00249477,0,0,0.0112163,0,12,12,2.25,0,0,0,1,0,0,3764,993440,3009
1,cage,97,qpPlain,1,1,0.0509761,3764,27,15.2893,1242,1242,0,0.00256418,0.00249477,0,0,0.0112163,0,12,12,2.25,0,0,0,1,0,0,3764,1291052,3764
1,cage,97,qpAdaptive,1,1,0.0298746,2132,27,15.2606,979,979,0,0.00248438,0.00249477,0,0,0.0198272,0.410413,12,12,2.25,0,0,0,0.585835,0.405722,0.00844278,2132,574926,2031
1,cage,97,qpFreeGate,1,1,1.10448,141164,289,27.991,3266,3266,0,0.00323773,0.00249477,0,0,0.00363439,0,1094,275,0.264168,0,0,0,1,0,0,0,0,0
1,cage,97,qpFreeEnvelope,1,1,1.31148,69146,2622,25.8704,1385,1385,0,0.000202014,0.00249477,0,0,0.0532864,0.888453,10366,2571,0.252942,0,0,0,0.0686747,0.818499,0.112826,0,0,0
1,cage,97,qpEnvelope,1,1,0.0225681,1130,27,15.1747,859,859,0,0.00221858,0.00249477,0,0,0.0363192,0.381416,12,12,2.25,0,0,0,0.615044,0.364602,0.020354,1130,312099,1087
1,bookshelf_tall,15,isSafe,1,1,0.109137,14448,73,16.6769,10,835,0,0.00641333,0.00249477,0,0,0,0,372,69,0.196237,0,0,0,0,0,0,0,0,0
1,bookshelf_tall,15,qpFixed,1,1,0.0650888,3094,22,14.7046,1293,1293,0,0.000637067,0.00249477,0,0,0.0106075,0,9,9,2.44444,0,0,0,1,0,0,3091,782368,2341
1,bookshelf_tall,15,qpPlain,1,1,0.0675429,3094,22,14.7046,1293,1293,0,0.000637067,0.00249477,0,0,0.0106075,0,9,9,2.44444,0,0,0,1,0,0,3091,1060213,3091
1,bookshelf_tall,15,qpAdaptive,1,1,0.0415819,1832,22,14.7391,1043,1043,0,0.000635056,0.00249477,0,0,0.0179316,0.198144,9,9,2.44444,0,0,0,0.799344,0.193548,0.00710771,1829,479010,1758
1,bookshelf_tall,15,qpFreeGate,1,1,0.2233,18412,50,18.8269,1607,1607,0,0.00127322,0.00249477,0,0,0.00426753,0,116,38,0.431034,0,0,0,1,0,0,0,0,0
1,bookshelf_tall,15,qpFreeEnvelope,1,1,0.0288929,864,46,19.1028,995,995,0,0.00147251,0.00249477,0,0,0.0854239,0.962963,116,36,0.396552,0,0,0,0.0139697,0.820722,0.165308,0,0,0
1,bookshelf_tall,15,qpEnvelope,1,1,0.0296529,1274,18,14.7051,905,905,0,0.000419686,0.00249477,0,0,0.021588,0.0651491,9,7,2,0,0,0,0.934646,0.0559055,0.00944882,1270,360466,1232
1,bookshelf_tall,41,isSafe,1,1,0.0136199,1797,11,15.7148,9,787,0,0.00333988,0.00249477,0,0,0,0,14,7,0.785714,0,0,0,0,0,0,0,0,0
1,bookshelf_tall,41,qpFixed,1,1,0.0861931,3993,26,11.3758,983,983,0,0.000565708,0.00249477,0,0,0.00975168,0,14,12,1.85714,0,0,0,1,0,0,3988,993389,3273
1,bookshelf_tall,41,qpPlain,1,1,0.0885462,3993,26,11.3758,983,983,0,0.000565708,0.00249477,0,0,0.00975168,0,14,12,1.85714,0,0,0,1,0,0,3988,1367884,3988
1,bookshelf_tall,41,qpAdaptive,1,1,0.0577474,2624,26,11.3949,802,802,0,0.000559784,0.00249477,0,0,0.0148916,0.289253,14,12,1.85714,0,0,0,0.708667,0.285987,0.00534555,2619,677878,2473
1,bookshelf_tall,41,qpFreeGate,1,1,0.0526632,4337,18,16.4354,1486,1486,0,0.00549714,0.00249477,0,0,0.00599169,0,21,12,0.857143,0,0,0,1,0,0,0,0,0
1,bookshelf_tall,41,qpFreeEnvelope,1,1,0.00749257,223,19,15.2094,797,797,0,0.00078322,0.00249477,0,0,0.116837,0.982063,21,12,0.904762,0,0,0,0.00896861,0.838565,0.152466,0,0,0
1,bookshelf_tall,41,qpEnvelope,1,1,0.0401423,1735,26,11.4569,692,692,0,0.000439787,0.00249477,0,0,0.022657,0.197695,14,12,1.85714,0,0,0,0.801734,0.188439,0.00982659,1730,455882,1681
1,bookshelf_tall,65,isSafe,1,1,0.0167533,2209,13,10.963,7,550,0,0.00130199,0.00249477,0,0,0,0,22,8,0.590909,0,0,0,0,0,0,0,0,0
1,bookshelf_tall,65,qpFixed,1,1,0.0423057,2002,16,14.7376,1233,1233,0,0.00122891,0.00249477,0,0,0.010158,0,6,5,2.66667,0,0,0,1,0,0,2002,533368,1660
1,bookshelf_tall,65,qpPlain,1,1,0.0433171,2002,16,14.7376,1233,1233,0,0.00122891,0.00249477,0,0,0.010158,0,6,5,2.66667,0,0,0,1,0,0,2002,686686,2002
1,bookshelf_tall,65,qpAdaptive,1,1,0.0248003,1137,16,14.759,1015,1015,0,0.00132451,0.00249477,0,0,0.0179149,0.430079,6,5,2.66667,0,0,0,0.567282,0.421284,0.0114336,1137,286547,1070
1,bookshelf_tall,65,qpFreeGate,1,1,0.0968177,8286,30,15.7642,1256,1256,0,0.00196997,0.00249477,0,0,0.00503495,0,43,20,0.697674,0,0,0,1,0,0,0,0,0
1,bookshelf_tall,65,qpFreeEnvelope,1,1,0.0145144,450,31,16.1735,841,841,0,0.00184778,0.00249477,0,0,0.0879914,0.977778,43,19,0.72093,0,0,0,0.00668151,0.853007,0.140312,0,0,0
1,bookshelf_tall,65,qpEnvelope,1,1,0.0116018,500,16,14.8457,876,876,0,0.00111443,0.00249477,0,0,0.0413638,0.428,6,5,2.66667,0,0,0,0.566,0.404,0.03,500,125997,473
1,bookshelf_tall,90,isSafe,1,1,0.0497114,6564,34,20.9529,12,1049,0,0.0070724,0.000543283,0,0,0,0,132,30,0.257576,0,0,0,0,0,0,0,0,0
1,bookshelf_tall,90,qpFixed,1,1,0.0524191,2398,22,11.8252,986,986,0,0.00279218,0.00171335,0,0,0.00921866,0,6,5,3.66667,0,0,0,1,0,0,2397,725667,2176
1,bookshelf_tall,90,qpPlain,1,1,0.0521389,2398,22,11.8252,986,986,0,0.00279218,0.00171335,0,0,0.00921866,0,6,5,3.66667,0,0,0,1,0,0,2397,822171,2397
1,bookshelf_tall,90,qpAdaptive,1,1,0.0295808,1293,22,11.8268,795,795,0,0.00283237,0.00162278,0,0,0.0171247,0.518948,6,5,3.66667,0,0,0,0.476006,0.510836,0.0131579,1292,392950,1262
1,bookshelf_tall,90,qpFreeGate,1,1,0.25868,21860,55,19.9054,1942,1942,0,0.0070724,0.00072919,0,0,0.00406487,0,155,49,0.354839,0,0,0,1,0,0,0,0,0
1,bookshelf_tall,90,qpFreeEnvelope,1,1,0.0363568,1092,50,20.9086,1083,1083,0,0.00624691,0.0014542,0,0,0.0759029,0.93956,171,43,0.292398,0,0,0,0.0187091,0.828812,0.152479,0,0,0
1,bookshelf_tall,90,qpEnvelope,1,1,0.018295,756,22,11.7882,661,661,0,0.00345136,0.00114267,0,0,0.0293781,0.342593,6,5,3.66667,0,0,0,0.65298,0.323179,0.0238411,755,226464,744
1,bookshelf_thin,16,isSafe,1,1,0.0448428,4502,25,16.0274,10,803,0,0.00354287,0.00249477,0,0,0,0,70,21,0.357143,0,0,0,0,0,0,0,0,0
1,bookshelf_thin,16,qpFixed,1,1,0.100564,3911,22,15.4433,1463,1463,0,0.00048259,0.00249477,0,0,0.00864718,0,14,10,1.57143,0,0,0,1,0,0,3907,1005713,3077
1,bookshelf_thin,16,qpPlain,1,1,0.103531,3911,22,15.4433,1463,1463,0,0.00048259,0.00249477,0,0,0.00864718,0,14,10,1.57143,0,0,0,1,0,0,3907,1340101,3907
1,bookshelf_thin,16,qpAdaptive,1,1,0.0675325,2489,22,15.4627,1150,1150,0,0.00048923,0.00249477,0,0,0.013675,0.188429,14,10,1.57143,0,0,0,0.809256,0.183903,0.00684105,2485,633237,2374
1,bookshelf_thin,16,qpFreeGate,1,1,0.133622,9500,32,19.8005,1591,1591,0,0.00354287,0.00249477,0,0,0.00553427,0,79,28,0.405063,0,0,0,1,0,0,0,0,0
1,bookshelf_thin,16,qpFreeEnvelope,1,1,0.0256856,622,32,18.6302,961,961,0,0.00354287,0.00249477,0,0,0.087817,0.945338,79,27,0.405063,0,0,0,0.0290323,0.856452,0.114516,0,0,0
1,bookshelf_thin,16,qpEnvelope,1,1,0.0341799,1219,30,19.4605,1167,1167,0,0.000740982,0.00249477,0,0,0.0303183,0.474979,12,11,2.5,0,0,0,0.52381,0.452381,0.0238095,1218,311557,1177
1,bookshelf_thin,40,isSafe,1,1,0.0138694,1299,9,8.44285,6,424,0,0.000736321,0.00249477,0,0,0,0,14,5,0.642857,0,0,0,0,0,0,0,0,0
1,bookshelf_thin,40,qpFixed,1,1,0.0879488,3306,29,12.9279,911,911,0,0.00414924,0.00249477,0,0,0.0114805,0,14,11,2.07143,0,0,0,1,0,0,3299,822823,2516
1,bookshelf_thin,40,qpPlain,1,1,0.0909324,3306,29,12.9279,911,911,0,0.00414924,0.00249477,0,0,0.0114805,0,14,11,2.07143,0,0,0,1,0,0,3299,1131557,3299
1,bookshelf_thin,40,qpAdaptive,1,1,0.0431033,1566,23,16.4638,1046,1046,0,0.000251363,0.00249477,0,0,0.0205052,0.256705,12,9,1.91667,0,0,0,0.739744,0.248718,0.0115385,1560,367216,1470
1,bookshelf_thin,40,qpFreeGate,1,1,0.0652959,4413,19,16.4813,1430,1430,0,0.0023866,0.00249477,0,0,0.00571639,0,29,12,0.655172,0,0,0,1,0,0,0,0,0
1,bookshelf_thin,40,qpFreeEnvelope,1,1,0.0115403,260,21,16.8258,880,880,0,0.00112163,0.00249477,0,0,0.103235,0.923077,29,13,0.724138,0,0,0,0.0653846,0.788462,0.146154,0,0,0
1,bookshelf_thin,40,qpEnvelope,1,1,0.0343422,1211,24,13.0194,691,691,0,0.00419324,0.00249477,0,0,0.0316282,0.161024,14,11,1.71429,0,0,0,0.83804,0.145349,0.0166113,1204,281997,1177
1,bookshelf_thin,64,isSafe,1,1,0.0313316,3152,18,14.4186,9,722,0,0.000314622,0.00249477,0,0,0,0,36,14,0.5,0,0,0,0,0,0,0,0,0
1,bookshelf_thin,64,qpFixed,1,1,0.159155,6013,34,11.2647,1012,1012,0,0.000423561,0.00249477,0,0,0.00939845,0,22,15,1.54545,0,0,0,1,0,0,6011,1734472,5131
1,bookshelf_thin,64,qpPlain,1,1,0.160119,6013,34,11.2647,1012,1012,0,0.000423561,0.00249477,0,0,0.00939845,0,22,15,1.54545,0,0,0,1,0,0,6011,2061773,6011
1,bookshelf_thin,64,qpAdaptive,1,1,0.106357,3836,34,11.2721,821,821,0,0.000423561,0.00249477,0,0,0.0146898,0.289103,22,15,1.54545,0,0,0,0.709442,0.285081,0.00547731,3834,1138387,3744
1,bookshelf_thin,64,qpFreeGate,1,1,0.145978,10335,35,15.2968,1449,1449,0,0.00448381,0.00249477,0,0,0.00537344,0,63,26,0.555556,0,0,0,1,0,0,0,0,0
1,bookshelf_thin,64,qpFreeEnvelope,1,1,0.0242857,604,33,15.4161,831,831,0,0.00119001,0.00249477,0,0,0.0932733,0.942053,63,26,0.52381,0,0,0,0.0496689,0.822848,0.127483,0,0,0
1,bookshelf_thin,64,qpEnvelope,1,1,0.0726341,2555,34,11.2886,763,763,0,0.000426073,0.00249477,0,0,0.0221478,0.17456,22,15,1.54545,0,0,0,0.824912,0.164512,0.0105758,2553,758064,2518
1,bookshelf_thin,89,isSafe,1,1,0.0173735,1735,11,8.95684,6,449,0,0.00125821,0.00249477,0,0,0,0,18,7,0.611111,0,0,0,0,0,0,0,0,0
1,bookshelf_thin,89,qpFixed,1,1,0.00958879,396,6,5.79261,398,398,0,0.000555036,0.00249477,0,0,0.0146278,0,1,1,6,0,0,0,1,0,0,396,90978,136
1,bookshelf_thin,89,qpPlain,1,1,0.0102711,396,6,5.79261,398,398,0,0.000555036,0.00249477,0,0,0.0146278,0,1,1,6,0,0,0,1,0,0,396,135828,396
1,bookshelf_thin,89,qpAdaptive,1,1,0.00276398,107,6,5.81239,349,349,0,0.000555036,0.00249477,0,0,0.0543214,0.420561,1,1,6,0,0,0,0.579439,0.383178,0.0373832,107,26384,90
1,bookshelf_thin,89,qpFreeGate,1,1,0.037142,2632,13,7.90887,566,566,0,0.00125821,0.00249477,0,0,0.00756574,0,18,9,0.722222,0,0,0,1,0,0,0,0,0
1,bookshelf_thin,89,qpFreeEnvelope,1,1,0.00757151,188,13,7.85587,407,407,0,0.00125821,0.00249477,0,0,0.106792,0.978723,18,9,0.722222,0,0,0,0.0159574,0.845745,0.138298,0,0,0
1,bookshelf_thin,89,qpEnvelope,1,1,0.00228636,83,6,5.7615,335,335,0,0.000555036,0.00249477,0,0,0.0694157,0.301205,1,1,6,0,0,0,0.698795,0.253012,0.0481928,83,20360,73
1,table_under_pick,13,isSafe,1,1,0.0115795,2041,12,13.2218,8,663,0,0.00111181,0.00249477,0,0,0,0,52,8,0.230769,0,0,0,0,0,0,0,0,0
1,table_under_pick,13,qpFixed,1,1,0.0594259,3261,21,9.84397,780,780,0,0.000227675,0.00249477,0,0,0.0102327,0,10,8,2.1,0,0,0,1,0,0,3259,913896,2853
1,table_under_pick,13,qpPlain,1,1,0.0582955,3261,21,9.84397,780,780,0,0.000227675,0.00249477,0,0,0.0102327,0,10,8,2.1,0,0,0,1,0,0,3259,1117837,3259
1,table_under_pick,13,qpAdaptive,1,1,0.0395797,2150,21,9.84463,678,678,0,0.000222065,0.00249477,0,0,0.0155109,0.262326,10,8,2.1,0,0,0,0.736034,0.257449,0.00651769,2148,606554,2077
1,table_under_pick,13,qpFreeGate,1,1,0.111385,11295,31,18.3426,1444,1444,0,0.00764269,0.00249477,0,0,0.00459442,0,77,26,0.402597,0,0,0,1,0,0,0,0,0
1,table_under_pick,13,qpFreeEnvelope,1,1,0.0104132,378,22,11.5682,604,604,0,0.000669175,0.00249477,0,0,0.0930864,0.965608,58,18,0.37931,0,0,0,0.0185185,0.822751,0.15873,0,0,0
1,table_under_pick,13,qpEnvelope,1,1,0.0290884,1534,21,9.84946,614,614,0,0.000169622,0.00249477,0,0,0.0216102,0.170143,10,8,2.1,0,0,0,0.828329,0.16188,0.00979112,1532,435639,1502
1,table_under_pick,37,isSafe,1,1,0.0104521,1836,11,13.3154,8,667,0,0.00552773,0.00249477,0,0,0,0,22,7,0.5,0,0,0,0,0,0,0,0,0
1,table_under_pick,37,qpFixed,1,1,0.0163503,1005,8,8.10363,678,678,0,0.00735482,0.00249477,0,0,0.0101469,0,2,2,4,0,0,0,1,0,0,1005,251730,522
1,table_under_pick,37,qpPlain,1,1,0.0172284,1005,8,8.10363,678,678,0,0.00735482,0.00249477,0,0,0.0101469,0,2,2,4,0,0,0,1,0,0,1005,344715,1005
1,table_under_pick,37,qpAdaptive,1,1,0.00504327,293,8,8.10361,468,468,0,0.00727007,0.00249477,0,0,0.0348438,0.573379,2,2,4,0,0,0,0.426621,0.552901,0.0204778,293,70709,250
1,table_under_pick,37,qpFreeGate,1,1,0.0307843,3078,8,9.35654,928,928,0,0.00797864,0.00249477,0,0,0.00382235,0,22,3,0.363636,0,0,0,1,0,0,0,0,0
1,table_under_pick,37,qpFreeEnvelope,1,1,0.00482974,205,8,9.4737,509,509,0,0.0037356,0.00249477,0,0,0.0571541,0.931707,22,3,0.363636,0,0,0,0.0588235,0.843137,0.0980392,0,0,0
1,table_under_pick,37,qpEnvelope,1,1,0.00270024,146,8,8.11338,430,430,0,0.00645773,0.00249477,0,0,0.0702899,0.39726,2,2,4,0,0,0,0.60274,0.356164,0.0410959,146,34639,128
1,table_under_pick,61,isSafe,1,1,0.00993667,1734,11,15.0878,9,756,0,0.00163798,0.000776396,0,0,0,0,16,7,0.6875,0,0,0,0,0,0,0,0,0
1,table_under_pick,61,qpFixed,1,1,0.0149217,845,8,9.17434,800,800,0,0.00329137,2.02085e-05,0,0,0.0110515,0,2,2,4,0,0,0,1,0,0,845,245474,817
1,table_under_pick,61,qpPlain,1,1,0.0148199,845,8,9.17434,800,800,0,0.00329137,2.02085e-05,0,0,0.0110515,0,2,2,4,0,0,0,1,0,0,845,289835,845
1,table_under_pick,61,qpAdaptive,1,1,0.0126917,704,8,9.17095,731,731,0,0.0033351,1.93028e-05,0,0,0.0132744,0.225852,2,2,4,0,0,0,0.774148,0.224432,0.00142045,704,204485,686
1,table_under_pick,61,qpFreeGate,1,1,0.176108,17816,50,20.4859,1805,1805,0,0.00758643,0.00249477,0,0,0.00420106,0,123,38,0.406504,0,0,0,1,0,0,0,0,0
1,table_under_pick,61,qpFreeEnvelope,1,1,0.0272831,1065,55,19.0163,980,980,0,0.00758549,0.00149907,0,0,0.0784372,0.906103,130,39,0.423077,0,0,0,0.0719697,0.792614,0.135417,0,0,0
1,table_under_pick,61,qpEnvelope,1,1,0.00655559,355,8,9.10262,600,600,0,0.00376444,5.66967e-05,0,0,0.0266422,0.211268,2,2,4,0,0,0,0.788732,0.202817,0.0084507,355,103495,334
1,table_under_pick,86,isSafe,1,1,0.00930517,1448,10,12.1938,8,611,0,0.00806558,0.001361,0,0,0,0,9,5,1.11111,0,0,0,0,0,0,0,0,0
1,table_under_pick,86,qpFixed,1,1,0.0274946,1462,20,10.9122,847,847,0,0.00264776,0.00172146,0,0,0.0121165,0,3,3,6.66667,0,0,0,1,0,0,1462,442147,1228
1,table_under_pick,86,qpPlain,1,1,0.0272153,1462,20,10.9122,847,847,0,0.00264776,0.00172146,0,0,0.0121165,0,3,3,6.66667,0,0,0,1,0,0,1462,501466,1462
1,table_under_pick,86,qpAdaptive,1,1,0.0137545,704,20,10.9023,721,721,0,0.00266143,0.00171628,0,0,0.0251583,0.600852,3,3,6.66667,0,0,0,0.390625,0.586648,0.0227273,704,213060,613
1,table_under_pick,86,qpFreeGate,1,1,0.153739,14164,38,17.1993,1613,1613,0,0.00806558,0.000196566,0,0,0.0042183,0,95,28,0.4,0,0,0,1,0,0,0,0,0
1,table_under_pick,86,qpFreeEnvelope,1,1,0.0121315,436,25,15.881,826,826,0,0.00806558,0.000540122,0,0,0.0828995,0.958716,55,17,0.454545,0,0,0,0.0184332,0.829493,0.152074,0,0,0
1,table_under_pick,86,qpEnvelope,1,1,0.00579729,263,21,10.8656,596,596,0,0.00290325,0.00163792,0,0,0.0672507,0.479087,3,3,7,0,0,0,0.505703,0.425856,0.0684411,263,81006,242
1,bookshelf_small,11,isSafe,1,1,0.00241393,604,5,5.99998,4,301,0,0.00526947,0.00249477,0,0,0,0,2,1,2.5,0,0,0,0,0,0,0,0,0
1,bookshelf_small,11,qpFixed,1,1,0.00833228,635,9,9.06202,609,609,0,0.00526947,0.00249477,0,0,0.0147757,0,2,2,4.5,0,0,0,1,0,0,635,180839,405
1,bookshelf_small,11,qpPlain,1,1,0.00852173,635,9,9.06202,609,609,0,0.00526947,0.00249477,0,0,0.0147757,0,2,2,4.5,0,0,0,1,0,0,635,217805,635
1,bookshelf_small,11,qpAdaptive,1,1,0.00362887,258,9,9.07757,573,573,0,0.00526947,0.00249477,0,0,0.0364282,0.817829,2,2,4.5,0,0,0,0.174419,0.794574,0.0310078,258,75717,205
1,bookshelf_small,11,qpFreeGate,1,1,0.0157338,1899,14,6.99856,730,730,0,0.00526947,0.00249477,0,0,0.00490061,0,11,3,1.27273,0,0,0,1,0,0,0,0,0
1,bookshelf_small,11,qpFreeEnvelope,1,1,0.00115197,63,8,7.47112,401,401,0,0.00154976,0.00249477,0,0,0.119141,0.920635,4,2,2,0,0,0,0.0793651,0.809524,0.111111,0,0,0
1,bookshelf_small,11,qpEnvelope,1,1,0.00187211,106,8,9.11921,500,500,0,0.00526947,0.00249477,0,0,0.0890275,0.726415,2,2,4,0,0,0,0.273585,0.660377,0.0660377,106,31010,93
1,bookshelf_small,37,isSafe,1,1,0.00873094,2220,13,11.4517,7,574,0,0.00387295,0.00249477,0,0,0,0,28,9,0.464286,0,0,0,0,0,0,0,0,0
1,bookshelf_small,37,qpFixed,1,1,0.0203062,1472,12,12.4717,872,872,0,0.00303164,0.00249477,0,0,0.0116641,0,5,4,2.4,0,0,0,1,0,0,1468,425030,1229
1,bookshelf_small,37,qpPlain,1,1,0.0205734,1472,12,12.4717,872,872,0,0.00303164,0.00249477,0,0,0.0116641,0,5,4,2.4,0,0,0,1,0,0,1468,503524,1468
1,bookshelf_small,37,qpAdaptive,1,1,0.0180978,1218,22,15.6701,1214,1214,0,0.00018724,0.00249477,0,0,0.021194,0.436782,6,6,3.66667,0,0,0,0.559671,0.425514,0.0148148,1215,343014,1141
1,bookshelf_small,37,qpFreeGate,1,1,0.0519327,6306,26,14.2069,1404,1404,0,0.00387295,0.00144864,0,0,0.004284,0,40,15,0.65,0,0,0,1,0,0,0,0,0
1,bookshelf_small,37,qpFreeEnvelope,1,1,0.00461064,239,11,9.95567,516,516,0,0.00387295,0.00249477,0,0,0.0720574,0.979079,28,6,0.392857,0,0,0,0.0125523,0.887029,0.100418,0,0,0
1,bookshelf_small,37,qpEnvelope,1,1,0.00873112,529,21,15.7126,997,997,0,0.000171984,0.00249477,0,0,0.0489288,0.357278,6,6,3.5,0,0,0,0.640684,0.323194,0.0361217,526,146321,501
1,bookshelf_small,61,isSafe,1,1,0.00452985,1136,8,8.82531,6,443,0,0.00709488,0.00249477,0,0,0,0,6,4,1.33333,0,0,0,0,0,0,0,0,0
1,bookshelf_small,61,qpFixed,1,1,0.00555332,466,5,5.90621,467,467,0,0.0073885,0.00249477,0,0,0.0126743,0,1,1,5,0,0,0,1,0,0,466,109213,111
1,bookshelf_small,61,qpPlain,1,1,0.00614592,466,5,5.90621,467,467,0,0.0073885,0.00249477,0,0,0.0126743,0,1,1,5,0,0,0,1,0,0,466,159838,466
1,bookshelf_small,61,qpAdaptive,1,1,0.00097946,77,5,5.90568,333,333,0,0.0073885,0.00249477,0,0,0.0766971,0.857143,1,1,5,0,0,0,0.142857,0.818182,0.038961,77,19022,43
1,bookshelf_small,61,qpFreeGate,1,1,0.00881246,1092,8,7.17135,682,682,0,0.00584069,0.00249477,0,0,0.0087826,0,4,3,2,0,0,0,1,0,0,0,0,0
1,bookshelf_small,61,qpFreeEnvelope,1,1,0.00121639,60,8,7.25598,383,383,0,0.000577216,0.00249477,0,0,0.161919,0.883333,4,3,2,0,0,0,0.1,0.783333,0.116667,0,0,0
1,bookshelf_small,61,qpEnvelope,1,1,0.000509799,26,5,5.90589,309,309,0,0.0073885,0.00249477,0,0,0.22715,1,1,1,5,0,0,0,0,0.884615,0.115385,26,6518,13
1,bookshelf_small,85,isSafe,1,1,0.0622637,15761,77,14.1469,9,709,0,0.00154385,0.00249477,0,0,0,0,416,73,0.185096,0,0,0,0,0,0,0,0,0
1,bookshelf_small,85,qpFixed,1,1,0.0402838,2908,25,14.2394,1112,1112,0,0.000284518,0.00249477,0,0,0.0108782,0,10,8,2.5,0,0,0,1,0,0,2905,805716,2240
1,bookshelf_small,85,qpPlain,1,1,0.0412857,2908,25,14.2394,1112,1112,0,0.000284518,0.00249477,0,0,0.0108782,0,10,8,2.5,0,0,0,1,0,0,2905,996415,2905
1,bookshelf_small,85,qpAdaptive,1,1,0.0287357,1916,24,14.2773,994,994,0,0.000252182,0.00249477,0,0,0.016536,0.207203,10,8,2.4,0,0,0,0.789336,0.201255,0.0094093,1913,555031,1759
1,bookshelf_small,85,qpFreeGate,1,1,0.512966,62214,126,19.5596,1875,1875,0,0.00214528,0.00249477,0,0,0.00374814,0,416,121,0.302885,0,0,0,1,0,0,0,0,0
1,bookshelf_small,85,qpFreeEnvelope,1,1,0.0740548,3949,122,20.0752,1054,1054,0,3.61219e-05,0.00249477,0,0,0.057485,0.931881,416,117,0.293269,0,0,0,0.0477885,0.845958,0.106253,0,0,0
1,bookshelf_small,85,qpEnvelope,1,1,0.0290032,1874,30,18.785,1165,1165,0,0.000395833,0.00249477,0,0,0.0254736,0.118997,14,11,2.14286,0,0,0,0.879679,0.107487,0.0128342,1870,533826,1815
1,box,10,isSafe,1,1,0.0062631,1705,11,14.5531,9,729,0,6.2907e-05,0.00249477,0,0,0,0,20,7,0.55,0,0,0,0,0,0,0,0,0
1,box,10,qpFixed,1,1,0.00456519,358,6,5.52555,359,359,0,0.00579078,0.00249477,0,0,0.0154345,0,1,1,6,0,0,0,1,0,0,358,96252,162
1,box,10,qpPlain,1,1,0.00460198,358,6,5.52555,359,359,0,0.00579078,0.00249477,0,0,0.0154345,0,1,1,6,0,0,0,1,0,0,358,122794,358
1,box,10,qpAdaptive,1,1,0.00119539,90,6,5.52494,306,306,0,0.00570865,0.00249477,0,0,0.0613882,0.544444,1,1,6,0,0,0,0.444444,0.522222,0.0333333,90,26276,68
1,box,10,qpFreeGate,1,1,0.0549039,6933,24,13.3124,1242,1242,0,0.0152007,0.00249477,0,0,0.00511806,0,38,16,0.631579,0,0,0,1,0,0,0,0,0
1,box,10,qpFreeEnvelope,1,1,0.00702581,397,20,12.2336,696,696,0,0.00216431,0.00249477,0,0,0.0650877,0.911839,33,13,0.606061,0,0,0,0.0856423,0.798489,0.115869,0,0,0
1,box,10,qpEnvelope,1,1,0.000947845,56,6,5.52425,296,296,0,0.005523,0.00249477,0,0,0.0986473,0.428571,1,1,6,0,0,0,0.535714,0.392857,0.0714286,56,16284,43
1,box,34,isSafe,1,1,0.0151564,4074,22,9.21961,6,462,0,0.0724005,0.00249477,0,0,0,0,66,18,0.333333,0,0,0,0,0,0,0,0,0
1,box,34,qpFixed,1,1,0.00436444,351,6,5.51067,352,352,0,0.00442922,0.00249477,0,0,0.0156999,0,1,1,6,0,0,0,1,0,0,351,94750,179
1,box,34,qpPlain,1,1,0.0046126,351,6,5.51067,352,352,0,0.00442922,0.00249477,0,0,0.0156999,0,1,1,6,0,0,0,1,0,0,351,120393,351
1,box,34,qpAdaptive,1,1,0.0013539,102,6,5.50795,312,312,0,0.00430881,0.00249477,0,0,0.0539995,0.519608,1,1,6,0,0,0,0.470588,0.5,0.0294118,102,29740,81
1,box,34,qpFreeGate,1,1,0.104353,13345,43,17.4791,2018,2018,0,0.00710771,0.00249477,0,0,0.00484963,0,73,34,0.589041,0,0,0,1,0,0,0,0,0
1,box,34,qpFreeEnvelope,1,1,0.0211019,1145,57,24.5842,1296,1296,0,0.00187116,0.00249477,0,0,0.0783084,0.937118,128,49,0.445312,0,0,0,0.0430959,0.836412,0.120493,0,0,0
1,box,34,qpEnvelope,1,1,0.00107937,65,6,5.50502,296,296,0,0.00412139,0.00249477,0,0,0.0846926,0.353846,1,1,6,0,0,0,0.615385,0.323077,0.0615385,65,18919,53
1,box,58,isSafe,1,1,0.00792023,2127,13,10.4104,7,522,0,0.0186451,0.00249477,0,0,0,0,33,9,0.393939,0,0,0,0,0,0,0,0,0
1,box,58,qpFixed,1,1,0.0209134,1635,13,14.5434,1192,1192,0,0.000332295,0.00249477,0,0,0.0114068,0,5,5,2.6,0,0,0,1,0,0,1635,396816,1382
1,box,58,qpPlain,1,1,0.0224865,1635,13,14.5434,1192,1192,0,0.000332295,0.00249477,0,0,0.0114068,0,5,5,2.6,0,0,0,1,0,0,1635,560805,1635
1,box,58,qpAdaptive,1,1,0.0149789,1081,13,14.4577,999,999,0,0.000393292,0.00249477,0,0,0.0172141,0.292322,5,5,2.6,0,0,0,0.705556,0.287963,0.00648148,1081,262345,1036
1,box,58,qpFreeGate,1,1,0.0462733,5916,24,14.9092,1621,1621,0,0.00087011,0.00249477,0,0,0.00458645,0,35,16,0.685714,0,0,0,1,0,0,0,0,0
1,box,58,qpFreeEnvelope,1,1,0.00464496,255,18,10.4324,560,560,0,0.000573286,0.00249477,0,0,0.0753649,0.882353,23,11,0.782609,0,0,0,0.113725,0.780392,0.105882,0,0,0
1,box,58,qpEnvelope,1,1,0.0110741,765,13,14.5031,957,957,0,8.00233e-05,0.00249477,0,0,0.0239989,0.218301,5,5,2.6,0,0,0,0.779085,0.210458,0.0104575,765,188748,741
1,box,82,isSafe,1,1,0.0139803,3734,20,9.67024,6,485,0,0.000802324,0.00249477,0,0,0,0,74,17,0.27027,0,0,0,0,0,0,0,0,0
1,box,82,qpFixed,1,1,0.0890508,6733,50,19.1614,1510,1510,0,0.00146967,0.000467432,0,0,0.0106227,0,24,22,2.08333,0,0,0,1,0,0,6733,1777024,6010
1,box,82,qpPlain,1,1,0.0930058,6733,50,19.1614,1510,1510,0,0.00146967,0.000467432,0,0,0.0106227,0,24,22,2.08333,0,0,0,1,0,0,6733,2309419,6733
1,box,82,qpAdaptive,1,1,0.0487361,3438,50,19.2165,1245,1245,0,0.00108974,0.000463874,0,0,0.0208165,0.492437,24,22,2.08333,0,0,0,0.50349,0.484002,0.0125073,3438,926611,3360
1,box,82,qpFreeGate,1,1,0.145777,18552,50,19.5599,1851,1851,0,0.00179934,0.00249477,0,0,0.00460768,0,102,43,0.490196,0,0,0,1,0,0,0,0,0
1,box,82,qpFreeEnvelope,1,1,0.0267601,1394,74,10.2408,535,535,0,0.00849526,0.00249477,0,0,0.0844816,0.927547,163,66,0.453988,0,0,0,0.0555155,0.813266,0.131218,0,0,0
1,box,82,qpEnvelope,1,1,0.0282582,1800,50,19.2184,1109,1109,0,0.000553101,0.000739962,0,0,0.0402144,0.417778,24,22,2.08333,0,0,0,0.577222,0.394444,0.0283333,1800,502382,1762
1,table_pick,6,isSafe,1,1,0.0115723,2025,12,7.54866,5,379,0,0.000767555,0.00249477,0,0,0,0,33,8,0.363636,0,0,0,0,0,0,0,0,0
1,table_pick,6,qpFixed,1,1,0.0450296,2560,22,11.9184,1021,1021,0,0.000617589,0.00249477,0,0,0.0108091,0,8,8,2.75,0,0,0,1,0,0,2560,696112,2354
1,table_pick,6,qpPlain,1,1,0.0461127,2560,22,11.9184,1021,1021,0,0.000617589,0.00249477,0,0,0.0108091,0,8,8,2.75,0,0,0,1,0,0,2560,878080,2560
1,table_pick,6,qpAdaptive,1,1,0.0319518,1740,22,11.8188,868,868,0,0.000508654,0.00249477,0,0,0.0158699,0.254598,8,8,2.75,0,0,0,0.743103,0.248276,0.00862069,1740,472674,1701
1,table_pick,6,qpFreeGate,1,1,0.0603061,6104,23,9.65277,749,749,0,0.00426888,0.00249477,0,0,0.00563097,0,43,18,0.534884,0,0,0,1,0,0,0,0,0
1,table_pick,6,qpFreeEnvelope,1,1,0.00930393,341,22,9.65927,508,508,0,0.00428237,0.00249477,0,0,0.0987578,0.970674,43,17,0.511628,0,0,0,0.0117994,0.834808,0.153392,0,0,0
1,table_pick,6,qpEnvelope,1,1,0.01081,575,19,11.6287,672,672,0,0.000751484,0.00249477,0,0,0.0342299,0.302609,5,5,3.8,0,0,0,0.692174,0.278261,0.0295652,575,143237,562
1,table_pick,30,isSafe,1,1,0.021245,3716,20,14.2282,9,713,0,0.00122527,0.00249477,0,0,0,0,61,15,0.327869,0,0,0,0,0,0,0,0,0
1,table_pick,30,qpFixed,1,1,0.00721532,421,11,5.14656,422,422,0,0.00125321,0.00249477,0,0,0.0122246,0,1,1,11,0,0,0,1,0,0,421,106461,344
1,table_pick,30,qpPlain,1,1,0.00747513,421,11,5.14656,422,422,0,0.00125321,0.00249477,0,0,0.0122246,0,1,1,11,0,0,0,1,0,0,421,144403,421
1,table_pick,30,qpAdaptive,1,1,0.0040264,214,12,5.17335,360,360,0,0.00121312,0.00249477,0,0,0.0241745,0.453271,1,1,12,0,0,0,0.523364,0.434579,0.0420561,214,57484,203
1,table_pick,30,qpFreeGate,1,1,0.0797308,8051,30,7.81085,843,843,0,0.00271668,0.00249477,0,0,0.00524628,0,68,23,0.441176,0,0,0,1,0,0,0,0,0
1,table_pick,30,qpFreeEnvelope,1,1,0.012993,463,28,8.27993,447,447,0,0.00230587,0.00249477,0,0,0.0897596,0.980562,68,23,0.411765,0,0,0,0.00215983,0.868251,0.12959,0,0,0
1,table_pick,30,qpEnvelope,1,1,0.00534824,264,16,9.21903,537,537,0,0.00104561,0.00249477,0,0,0.0631078,0.356061,4,4,4,0,0,0,0.617424,0.325758,0.0568182,264,75068,234
1,table_pick,54,isSafe,1,1,0.0114801,2022,12,13.1661,8,660,0,0.000681214,0.00249477,0,0,0,0,20,8,0.6,0,0,0,0,0,0,0,0,0
1,table_pick,54,qpFixed,1,1,0.0105873,692,7,7.6035,693,693,0,0.00576303,0.00249477,0,0,0.0109877,0,1,1,7,0,0,0,1,0,0,692,163196,112
1,table_pick,54,qpPlain,1,1,0.0113679,692,7,7.6035,693,693,0,0.00576303,0.00249477,0,0,0.0109877,0,1,1,7,0,0,0,1,0,0,692,237356,692
1,table_pick,54,qpAdaptive,1,1,0.00186683,111,7,7.60427,439,439,0,0.00580309,0.00249477,0,0,0.068507,0.882883,1,1,7,0,0,0,0.117117,0.837838,0.045045,111,28216,77
1,table_pick,54,qpFreeGate,1,1,0.0409021,4156,19,12.8151,1132,1132,0,0.00665601,0.00249477,0,0,0.00720182,0,26,13,0.730769,0,0,0,1,0,0,0,0,0
1,table_pick,54,qpFreeEnvelope,1,1,0.00673605,241,21,16.2801,846,846,0,0.00665561,0.00249477,0,0,0.147827,0.991701,28,15,0.75,0,0,0,0.00414938,0.821577,0.174274,0,0,0
1,table_pick,54,qpEnvelope,1,1,0.00119546,62,7,7.60708,405,405,0,0.00579141,0.00249477,0,0,0.122695,0.967742,1,1,7,0,0,0,0.0322581,0.887097,0.0806452,62,15621,44
1,table_pick,78,isSafe,1,1,0.0171414,2989,15,9.43603,6,473,0,0.00449444,0.00249477,0,0,0,0,30,11,0.5,0,0,0,0,0,0,0,0,0
1,table_pick,78,qpFixed,1,1,0.00981845,632,6,7.51414,633,633,0,0.00449444,0.00249477,0,0,0.0118895,0,1,1,6,0,0,0,1,0,0,632,147196,190
1,table_pick,78,qpPlain,1,1,0.0106698,632,6,7.51414,633,633,0,0.00449444,0.00249477,0,0,0.0118895,0,1,1,6,0,0,0,1,0,0,632,216776,632
1,table_pick,78,qpAdaptive,1,1,0.00147587,86,6,7.5149,413,413,0,0.00449444,0.00249477,0,0,0.0873826,0.895349,1,1,6,0,0,0,0.104651,0.848837,0.0465116,86,22847,53
1,table_pick,78,qpFreeGate,1,1,0.0272727,2622,14,10.5933,1072,1072,0,0.000603883,0.00249477,0,0,0.0078379,0,16,9,0.875,0,0,0,1,0,0,0,0,0
1,table_pick,78,qpFreeEnvelope,1,1,0.00425245,147,14,10.6051,568,568,0,0.000133341,0.00249477,0,0,0.140721,0.92517,16,9,0.875,0,0,0,0.0680272,0.795918,0.136054,0,0,0
1,table_pick,78,qpEnvelope,1,1,0.000937971,41,6,7.51766,400,400,0,0.00449444,0.00249477,0,0,0.183357,1,1,1,6,0,0,0,0,0.902439,0.097561,41,10901,25
1,cage,2,isSafe,1,1,0.995242,241350,1531,12.3015,8,617,0,0.00591335,0.00249477,0,0,0,0,8790,1528,0.174175,0,0,0,0,0,0,0,0,0
1,cage,2,qpFixed,1,1,0.0572133,4123,28,23.3291,1811,1811,0,0.000482986,0.00249477,0,0,0.0104482,0,13,12,2.15385,0,0,0,1,0,0,4123,1082607,3364
1,cage,2,qpPlain,1,1,0.0593617,4123,28,23.3291,1811,1811,0,0.000482986,0.00249477,0,0,0.0104482,0,13,12,2.15385,0,0,0,1,0,0,4123,1414189,4123
1,cage,2,qpAdaptive,1,1,0.029288,1961,28,23.337,1451,1451,0,0.000380048,0.00249477,0,0,0.021438,0.424273,13,12,2.15385,0,0,0,0.573252,0.416029,0.0107198,1959,517043,1855
1,cage,2,qpFreeGate,1,1,3.62952,442060,944,14.8288,1650,1650,0,0.00210991,0.00249477,0,0,0.00354255,0,3241,912,0.291268,0,0,0,1,0,0,0,0,0
1,cage,2,qpFreeEnvelope,1,1,0.193733,9883,403,15.0416,822,822,0,0.00140211,0.00249477,0,0,0.0659395,0.928058,1325,372,0.304151,0,0,0,0.0406371,0.835001,0.124362,0,0,0
1,cage,2,qpEnvelope,1,1,0.020393,1291,28,23.4197,1336,1336,0,0.000361082,0.00249477,0,0,0.0336297,0.309063,13,12,2.15385,0,0,0,0.688613,0.292796,0.0185902,1291,339643,1243
1,cage,26,isSafe,1,1,2.03628,494872,3551,33.159,20,1659,0,0.00318787,0.00249477,0,0,0,0,19953,3546,0.177968,0,0,0,0,0,0,0,0,0
1,cage,26,qpFixed,1,1,0.312812,22773,123,19.111,1495,1495,0,0.00294505,0.00249477,0,0,0.00940109,0,89,70,1.38202,0,0,0,1,0,0,22768,6030195,20178
1,cage,26,qpPlain,1,1,0.319282,22773,123,19.111,1495,1495,0,0.00294505,0.00249477,0,0,0.00940109,0,89,70,1.38202,0,0,0,1,0,0,22768,7809424,22768
1,cage,26,qpAdaptive,1,1,0.199678,13989,123,18.7873,1209,1209,0,0.00263822,0.00249477,0,0,0.0153218,0.354779,89,70,1.38202,0,0,0,0.643353,0.350354,0.00629336,13983,3727636,13647
1,cage,26,qpFreeGate,1,1,2.83854,361971,843,29.8892,3714,3714,0,0.00182818,0.00249477,0,0,0.00378957,0,2678,806,0.314787,0,0,0,1,0,0,0,0,0
1,cage,26,qpFreeEnvelope,1,1,0.661749,33858,1448,25.3868,1424,1424,0,4.93474e-05,0.00249477,0,0,0.0652306,0.924892,5095,1401,0.2842,0,0,0,0.0389847,0.826702,0.134314,0,0,0
1,cage,26,qpEnvelope,1,1,0.148695,9917,126,18.8559,1045,1045,0,0.00201946,0.00249477,0,0,0.021682,0.290007,89,71,1.41573,0,0,0,0.707598,0.281203,0.0111997,9911,2603161,9771
1,cage,50,isSafe,1,1,0.158245,41218,215,11.2992,7,566,0,0.00802227,0.00249477,0,0,0,0,1070,211,0.200935,0,0,0,0,0,0,0,0,0
1,cage,50,qpFixed,1,1,0.113894,8698,54,14.7868,1382,1382,0,0.00287913,0.00249477,0,0,0.00990718,0,31,27,1.74194,0,0,0,1,0,0,8696,2273684,7781
1,cage,50,qpPlain,1,1,0.118644,8698,54,14.7868,1382,1382,0,0.00287913,0.00249477,0,0,0.00990718,0,31,27,1.74194,0,0,0,1,0,0,8696,2982728,8696
1,cage,50,qpAdaptive,1,1,0.0797764,5769,53,14.8096,972,972,0,0.00277028,0.00249477,0,0,0.0147471,0.32224,31,27,1.70968,0,0,0,0.676205,0.318765,0.00502948,5766,1499241,5634
1,cage,50,qpFreeGate,1,1,1.05131,135810,324,21.8996,2618,2618,0,0.000630186,0.00249477,0,0,0.00393245,0,1034,300,0.313346,0,0,0,1,0,0,0,0,0
1,cage,50,qpFreeEnvelope,1,1,1.53077,79246,3159,26.21,1438,1438,0,0.000143766,0.00249477,0,0,0.0550461,0.921435,12529,3120,0.252135,0,0,0,0.0401578,0.837109,0.122734,0,0,0
1,cage,50,qpEnvelope,1,1,0.0572195,3958,53,14.838,871,871,0,0.00227711,0.00249477,0,0,0.0216287,0.246337,31,27,1.70968,0,0,0,0.751707,0.237927,0.0103666,3955,1023996,3868
1,cage,74,isSafe,1,1,2.76438,699646,4951,40.1841,23,2011,0,0.00211111,0.00249477,0,0,0,0,28237,4947,0.175337,0,0,0,0,0,0,0,0,0
1,cage,74,qpFixed,1,1,0.0738012,5562,33,21.6314,1766,1766,0,0.00011457,0.000812668,0,0,0.009956,0,19,16,1.73684,0,0,0,1,0,0,5559,1549058,3647
1,cage,74,qpPlain,1,1,0.074661,5562,33,21.6314,1766,1766,0,0.00011457,0.000812668,0,0,0.009956,0,19,16,1.73684,0,0,0,1,0,0,5559,1906737,5559
1,cage,74,qpAdaptive,1,1,0.0390085,2722,33,21.641,1340,1340,0,9.53222e-05,0.000803474,0,0,0.0203435,0.275165,19,16,1.73684,0,0,0,0.72306,0.266642,0.0102979,2719,779812,2541
1,cage,74,qpFreeGate,1,1,0.401739,51871,128,23.4271,2151,2151,0,0.00492651,0.00249477,0,0,0.00443928,0,350,121,0.365714,0,0,0,1,0,0,0,0,0
1,cage,74,qpFreeEnvelope,1,1,0.0519321,2787,129,18.5272,992,992,0,0.000845678,0.00249477,0,0,0.0796951,0.930391,360,123,0.358333,0,0,0,0.0369967,0.85963,0.103373,0,0,0
1,cage,74,qpEnvelope,1,1,0.030749,2031,33,21.6506,1286,1286,0,7.14917e-05,0.000744863,0,0,0.0272149,0.142787,19,16,1.73684,0,0,0,0.854536,0.129684,0.0157791,2028,586304,1973
1,cage,98,isSafe,1,1,0.197151,51271,269,21.471,12,1075,0,0.00692439,0.00249477,0,0,0,0,1466,266,0.183492,0,0,0,0,0,0,0,0,0
1,cage,98,qpFixed,1,1,0.303014,22389,114,16.7419,1496,1496,0,6.75326e-05,0.00249477,0,0,0.00869205,0,85,63,1.34118,0,0,0,1,0,0,22383,5990885,19848
1,cage,98,qpPlain,1,1,0.308104,22389,114,16.7419,1496,1496,0,6.75326e-05,0.00249477,0,0,0.00869205,0,85,63,1.34118,0,0,0,1,0,0,22383,7677369,22383
1,cage,98,qpAdaptive,1,1,0.186709,13201,112,16.7146,1152,1152,0,7.00797e-05,0.00249477,0,0,0.0148935,0.354367,85,63,1.31765,0,0,0,0.643912,0.349117,0.00697023,13199,3571053,12859
1,cage,98,qpFreeGate,1,1,2.05519,261957,631,15.8202,2038,2038,0,0.00376978,0.00249477,0,0,0.00381511,0,1987,594,0.317564,0,0,0,1,0,0,0,0,0
1,cage,98,qpFreeEnvelope,1,1,0.116878,6215,272,28.4767,1517,1517,0,0.00147263,0.00249477,0,0,0.0709518,0.919549,826,242,0.329298,0,0,0,0.052862,0.82228,0.124858,0,0,0
1,cage,98,qpEnvelope,1,1,0.191593,12361,125,20.8321,1188,1188,0,3.4145e-05,0.000542439,0,0,0.0186505,0.276191,103,73,1.21359,0,0,0,0.722285,0.268652,0.00906296,12358,3323144,12173
1,bookshelf_tall,16,isSafe,1,1,0.0257228,3488,19,13.3692,8,670,0,0.0070146,0.000512715,0,0,0,0,70,15,0.271429,0,0,0,0,0,0,0,0,0
1,bookshelf_tall,16,qpFixed,1,1,0.0120411,596,7,7.2273,597,597,0,0.00253042,0.0012728,0,0,0.0121263,0,1,1,7,0,0,0,1,0,0,596,167595,341
1,bookshelf_tall,16,qpPlain,1,1,0.0126106,596,7,7.2273,597,597,0,0.00253042,0.0012728,0,0,0.0121263,0,1,1,7,0,0,0,1,0,0,596,204428,596
1,bookshelf_tall,16,qpAdaptive,1,1,0.00568734,264,7,7.22058,478,478,0,0.00249926,0.00125308,0,0,0.0273507,0.393939,1,1,7,0,0,0,0.606061,0.378788,0.0151515,264,76298,222
1,bookshelf_tall,16,qpFreeGate,1,1,0.120083,10518,36,12.9431,1090,1090,0,0.0070146,0.00115831,0,0,0.00500456,0,70,24,0.514286,0,0,0,1,0,0,0,0,0
1,bookshelf_tall,16,qpFreeEnvelope,1,1,0.0138421,427,22,12.2714,638,638,0,0.0070146,0.000154775,0,0,0.075941,0.925059,70,17,0.314286,0,0,0,0.00241546,0.874396,0.123188,0,0,0
1,bookshelf_tall,16,qpEnvelope,1,1,0.00359666,154,7,7.23883,428,428,0,0.00236345,0.00117281,0,0,0.0470054,0.37013,1,1,7,0,0,0,0.62987,0.337662,0.0324675,154,45325,132
1,bookshelf_tall,42,isSafe,1,1,0.0150658,2029,12,17.5155,10,877,0,0.00768594,0.00249477,0,0,0,0,31,7,0.387097,0,0,0,0,0,0,0,0,0
1,bookshelf_tall,42,qpFixed,1,1,0.0740867,3441,26,16.2319,1568,1568,0,0.00213959,0.00249477,0,0,0.00968048,0,12,11,2.16667,0,0,0,1,0,0,3437,1018751,3075
1,bookshelf_tall,42,qpPlain,1,1,0.0756728,3441,26,16.2319,1568,1568,0,0.00213959,0.00249477,0,0,0.00968048,0,12,11,2.16667,0,0,0,1,0,0,3437,1178891,3437
1,bookshelf_tall,42,qpAdaptive,1,1,0.0487186,2149,25,16.2681,1195,1195,0,0.00208464,0.00249477,0,0,0.0155212,0.362029,12,11,2.08333,0,0,0,0.636364,0.355245,0.00839161,2145,656569,2102
1,bookshelf_tall,42,qpFreeGate,1,1,0.0724708,6185,19,17.358,1521,1521,0,0.00147793,0.00125208,0,0,0.00479328,0,39,14,0.487179,0,0,0,1,0,0,0,0,0
1,bookshelf_tall,42,qpFreeEnvelope,1,1,0.0255723,831,38,23.2906,1242,1242,0,0.000355774,0.00249477,0,0,0.0734999,0.886883,79,30,0.481013,0,0,0,0.0987952,0.795181,0.106024,0,0,0
1,bookshelf_tall,42,qpEnvelope,1,1,0.0299142,1276,25,16.3101,952,952,0,0.00145464,0.00249477,0,0,0.0261679,0.248433,12,11,2.08333,0,0,0,0.748428,0.233491,0.0180818,1272,385894,1253
1,bookshelf_tall,66,isSafe,1,1,0.104635,13099,67,21.0345,12,1053,0,0.00336209,0.00249477,0,0,0,0,294,63,0.227891,0,0,0,0,0,0,0,0,0
1,bookshelf_tall,66,qpFixed,1,1,0.11022,5012,37,25.8718,2142,2142,0,0.000170836,0.00249477,0,0,0.00979274,0,13,13,2.84615,0,0,0,1,0,0,5012,1485116,3790
1,bookshelf_tall,66,qpPlain,1,1,0.110262,5012,37,25.8718,2142,2142,0,0.000170836,0.00249477,0,0,0.00979274,0,13,13,2.84615,0,0,0,1,0,0,5012,1719116,5012
1,bookshelf_tall,66,qpAdaptive,1,1,0.0561874,2417,37,25.9401,1774,1774,0,0.000170836,0.00249477,0,0,0.0203264,0.303269,13,13,2.84615,0,0,0,0.694249,0.292511,0.0132396,2417,731845,2257
1,bookshelf_tall,66,qpFreeGate,1,1,0.495929,40418,105,14.7822,1151,1151,0,0.00336209,0.00249477,0,0,0.0046005,0,298,102,0.352349,0,0,0,1,0,0,0,0,0
1,bookshelf_tall,66,qpFreeEnvelope,1,1,0.0772117,2232,97,14.4971,761,761,0,0.00333586,0.00249477,0,0,0.077624,0.975358,294,92,0.329932,0,0,0,0.00585586,0.856757,0.137387,0,0,0
1,bookshelf_tall,66,qpEnvelope,1,1,0.0419351,1710,30,26.1051,1655,1655,0,0.000170836,0.00249477,0,0,0.028586,0.204094,13,13,2.30769,0,0,0,0.793567,0.191228,0.0152047,1710,517400,1659
1,bookshelf_tall,91,isSafe,1,1,0.314986,41323,209,22.793,13,1141,0,0.00235394,0.000221142,0,0,0,0,1325,204,0.157736,0,0,0,0,0,0,0,0,0
1,bookshelf_tall,91,qpFixed,1,1,0.013142,643,7,9.01786,644,644,0,0.00315696,0.00249477,0,0,0.0140247,0,1,1,7,0,0,0,1,0,0,643,180952,305
1,bookshelf_tall,91,qpPlain,1,1,0.0134412,643,7,9.01786,644,644,0,0.00315696,0.00249477,0,0,0.0140247,0,1,1,7,0,0,0,1,0,0,643,220549,643
1,bookshelf_tall,91,qpAdaptive,1,1,0.00705492,310,7,9.01944,551,551,0,0.00314391,0.00249477,0,0,0.029095,0.329032,1,1,7,0,0,0,0.670968,0.319355,0.00967742,310,94220,278
1,bookshelf_tall,91,qpFreeGate,1,1,0.336043,28332,76,14.2852,1199,1199,0,0.0026715,0.00249477,0,0,0.00436808,0,215,70,0.353488,0,0,0,1,0,0,0,0,0
1,bookshelf_tall,91,qpFreeEnvelope,1,1,0.0512118,1465,76,19.3537,1014,1014,0,0.00187567,1.58553e-05,0,0,0.0843174,0.961775,236,70,0.322034,0,0,0,0.00206327,0.83425,0.163686,0,0,0
1,bookshelf_tall,91,qpEnvelope,1,1,0.00440247,186,7,9.04718,521,521,0,0.00289207,0.00249477,0,0,0.0486408,0.290323,1,1,7,0,0,0,0.709677,0.268817,0.0215054,186,56445,172
1,bookshelf_thin,17,isSafe,1,1,0.082673,8026,41,11.7267,7,588,0,0.00509988,0.00249477,0,0,0,0,144,38,0.284722,0,0,0,0,0,0,0,0,0
1,bookshelf_thin,17,qpFixed,1,1,0.0100722,396,5,5.32969,397,397,0,0.00379786,0.00249477,0,0,0.0134588,0,1,1,5,0,0,0,1,0,0,396,105908,149
1,bookshelf_thin,17,qpPlain,1,1,0.0102629,396,5,5.32969,397,397,0,0.00379786,0.00249477,0,0,0.0134588,0,1,1,5,0,0,0,1,0,0,396,135828,396
1,bookshelf_thin,17,qpAdaptive,1,1,0.00433,165,5,5.32972,330,330,0,0.00379786,0.00249477,0,0,0.0323014,0.460606,1,1,5,0,0,0,0.533333,0.448485,0.0181818,165,47336,132
1,bookshelf_thin,17,qpFreeGate,1,1,0.273467,19117,55,11.8918,1017,1017,0,0.00509988,0.00249477,0,0,0.00476248,0,144,51,0.381944,0,0,0,1,0,0,0,0,0
1,bookshelf_thin,17,qpFreeEnvelope,1,1,0.0465493,1101,46,10.4526,538,538,0,0.00509988,0.00249477,0,0,0.0736401,0.972752,144,42,0.319444,0,0,0,0.00822669,0.859232,0.132541,0,0,0
1,bookshelf_thin,17,qpEnvelope,1,1,0.0014722,51,5,5.33592,291,291,0,0.00379786,0.00249477,0,0,0.104626,0.45098,1,1,5,0,0,0,0.529412,0.411765,0.0588235,51,14211,41
1,bookshelf_thin,41,isSafe,1,1,0.102748,10255,52,16.8384,10,843,0,0.00495121,0.00249477,0,0,0,0,185,48,0.281081,0,0,0,0,0,0,0,0,0
1,bookshelf_thin,41,qpFixed,1,1,0.0123481,485,6,6.15554,486,486,0,0.00360965,0.00249477,0,0,0.0126918,0,1,1,6,0,0,0,1,0,0,485,135611,318
1,bookshelf_thin,41,qpPlain,1,1,0.0128619,485,6,6.15554,486,486,0,0.00360965,0.00249477,0,0,0.0126918,0,1,1,6,0,0,0,1,0,0,485,166355,485
1,bookshelf_thin,41,qpAdaptive,1,1,0.00465329,171,7,6.16519,389,389,0,0.00361244,0.00249477,0,0,0.0360537,0.789474,1,1,7,0,0,0,0.210526,0.760234,0.0292398,171,50191,155
1,bookshelf_thin,41,qpFreeGate,1,1,0.153008,10535,37,11.2165,995,995,0,0.00168872,0.00249477,0,0,0.00555933,0,82,34,0.45122,0,0,0,1,0,0,0,0,0
1,bookshelf_thin,41,qpFreeEnvelope,1,1,0.0255065,581,36,11.3223,589,589,0,0.000644212,0.00249477,0,0,0.100249,0.979346,82,33,0.439024,0,0,0,0.00519931,0.845754,0.149047,0,0,0
1,bookshelf_thin,41,qpEnvelope,1,1,0.0018245,58,7,6.18139,336,336,0,0.0036128,0.00249477,0,0,0.106576,0.448276,1,1,7,0,0,0,0.534483,0.37931,0.0862069,58,16735,54
1,bookshelf_thin,65,isSafe,1,1,0.506033,50259,251,17.8765,10,895,0,0.00707576,0.00249477,0,0,0,0,1288,248,0.194876,0,0,0,0,0,0,0,0,0
1,bookshelf_thin,65,qpFixed,1,1,0.036425,1427,13,11.8854,875,875,0,0.00176663,0.00249477,0,0,0.0126408,0,5,4,2.6,0,0,0,1,0,0,1423,369684,610
1,bookshelf_thin,65,qpPlain,1,1,0.0365696,1427,13,11.8854,875,875,0,0.00176663,0.00249477,0,0,0.0126408,0,5,4,2.6,0,0,0,1,0,0,1423,488089,1423
1,bookshelf_thin,65,qpAdaptive,1,1,0.0229151,838,13,11.8874,689,689,0,0.00176663,0.00249477,0,0,0.0247901,0.329356,5,4,2.6,0,0,0,0.666667,0.321386,0.0119474,837,234109,766
1,bookshelf_thin,65,qpFreeGate,1,1,2.10407,146380,361,20.5378,1658,1658,0,0.00474965,0.00249477,0,0,0.0041142,0,1288,356,0.28028,0,0,0,1,0,0,0,0,0
1,bookshelf_thin,65,qpFreeEnvelope,1,1,0.338419,7691,351,17.1016,878,878,0,0.0070738,1.25732e-07,0,0,0.0779342,0.959043,1290,348,0.272093,0,0,0,0.00210554,0.844453,0.153441,0,0,0
1,bookshelf_thin,65,qpEnvelope,1,1,0.0225367,787,16,13.3937,786,786,0,0.00057904,0.00249477,0,0,0.033918,0.161372,9,7,1.77778,0,0,0,0.835038,0.148338,0.016624,782,227354,750
1,bookshelf_thin,90,isSafe,1,1,0.782957,77107,411,17.9763,10,900,0,0.00278487,0.00249477,0,0,0,0,2170,408,0.189401,0,0,0,0,0,0,0,0,0
1,bookshelf_thin,90,qpFixed,1,1,0.0283799,1108,10,9.96954,713,713,0,8.26694e-05,0.00249477,0,0,0.013085,0,4,4,2.5,0,0,0,1,0,0,1105,280257,453
1,bookshelf_thin,90,qpPlain,1,1,0.0286589,1108,10,9.96954,713,713,0,8.26694e-05,0.00249477,0,0,0.013085,0,4,4,2.5,0,0,0,1,0,0,1105,379015,1105
1,bookshelf_thin,90,qpAdaptive,1,1,0.00956109,339,10,9.99039,607,607,0,8.26694e-05,0.00249477,0,0,0.0428578,0.303835,4,4,2.5,0,0,0,0.690476,0.28869,0.0208333,336,94425,288
1,bookshelf_thin,90,qpFreeGate,1,1,3.27257,226209,600,12.1427,1114,1114,0,0.000559486,0.00249477,0,0,0.00410998,0,2160,596,0.277778,0,0,0,1,0,0,0,0,0
1,bookshelf_thin,90,qpFreeEnvelope,1,1,0.611377,13489,669,16.4689,885,885,0,0.000639744,0.00155339,0,0,0.0764547,0.96701,2496,664,0.268029,0,0,0,0.00487403,0.819811,0.175315,0,0,0
1,bookshelf_thin,90,qpEnvelope,1,1,0.00656313,225,10,9.993,556,556,0,9.02239e-05,0.00249477,0,0,0.0643774,0.235556,4,4,2.5,0,0,0,0.752252,0.211712,0.036036,222,61983,204
1,table_under_pick,14,isSafe,1,1,0.0271476,4813,26,11.1439,7,559,0,0.00656578,0.00249477,0,0,0,0,93,22,0.27957,0,0,0,0,0,0,0,0,0
1,table_under_pick,14,qpFixed,1,1,0.200084,11338,64,22.3346,2046,2046,0,0.000127268,0.00249477,0,0,0.0093726,0,43,35,1.48837,0,0,0,1,0,0,11338,3054175,10292
1,table_under_pick,14,qpPlain,1,1,0.212987,11338,64,22.3346,2046,2046,0,0.000127268,0.00249477,0,0,0.0093726,0,43,35,1.48837,0,0,0,1,0,0,11338,3888934,11338
1,table_under_pick,14,qpAdaptive,1,1,0.132079,7162,63,22.3703,1772,1772,0,0.00013441,0.00249477,0,0,0.0147919,0.317788,43,35,1.46512,0,0,0,0.679978,0.3136,0.00642279,7162,1933830,6934
1,table_under_pick,14,qpFreeGate,1,1,0.195503,19851,51,27.9147,2627,2627,0,0.00114157,0.00249477,0,0,0.00411894,0,145,44,0.351724,0,0,0,1,0,0,0,0,0
1,table_under_pick,14,qpFreeEnvelope,1,1,0.0162154,603,35,21.3446,1109,1109,0,1.60979e-05,8.08584e-05,0,0,0.0854514,0.960199,95,29,0.368421,0,0,0,0.00665557,0.835275,0.15807,0,0,0
1,table_under_pick,14,qpEnvelope,1,1,0.114105,5987,71,30.2114,1871,1871,0,3.46873e-05,8.77562e-05,0,0,0.0206402,0.243695,49,38,1.44898,0,0,0,0.754093,0.235717,0.0101904,5986,1625750,5871
1,table_under_pick,38,isSafe,1,1,0.0113073,2011,12,9.52771,6,478,0,0.00565068,0.00249477,0,0,0,0,29,8,0.413793,0,0,0,0,0,0,0,0,0
1,table_under_pick,38,qpFixed,1,1,0.0186461,1070,10,10.0115,928,928,0,0.000353031,1.30261e-05,0,0,0.0111022,0,2,2,5,0,0,0,1,0,0,1069,324417,762
1,table_under_pick,38,qpPlain,1,1,0.0194976,1070,10,10.0115,928,928,0,0.000353031,1.30261e-05,0,0,0.0111022,0,2,2,5,0,0,0,1,0,0,1069,366667,1069
1,table_under_pick,38,qpAdaptive,1,1,0.0114339,606,10,10.0083,764,764,0,0.000357668,1.31783e-05,0,0,0.0195977,0.315182,2,2,5,0,0,0,0.682645,0.309091,0.00826446,605,185101,559
1,table_under_pick,38,qpFreeGate,1,1,0.0496673,4901,16,9.81982,925,925,0,0.00535654,0.00209014,0,0,0.00432936,0,29,12,0.551724,0,0,0,1,0,0,0,0,0
1,table_under_pick,38,qpFreeEnvelope,1,1,0.00635057,232,28,12.9157,685,685,0,0.00539037,0.000129787,0,0,0.123163,0.909483,33,16,0.848485,0,0,0,0.0174672,0.79476,0.187773,0,0,0
1,table_under_pick,38,qpEnvelope,1,1,0.00696798,362,10,10.0341,676,676,0,0.000351692,1.19738e-05,0,0,0.0328719,0.196133,2,2,5,0,0,0,0.803324,0.180055,0.0166205,361,112075,330
1,table_under_pick,63,isSafe,1,1,0.00869768,1364,9,11.0858,7,556,0,0.00188794,0.00249477,0,0,0,0,22,6,0.409091,0,0,0,0,0,0,0,0,0
1,table_under_pick,63,qpFixed,1,1,0.0443838,2308,16,11.8243,880,880,0,0.000218354,0.00249477,0,0,0.0104364,0,7,7,2.28571,0,0,0,1,0,0,2307,681070,1789
1,table_under_pick,63,qpPlain,1,1,0.0441563,2308,16,11.8243,880,880,0,0.000218354,0.00249477,0,0,0.0104364,0,7,7,2.28571,0,0,0,1,0,0,2307,791301,2307
1,table_under_pick,63,qpAdaptive,1,1,0.0259193,1326,16,11.8261,768,768,0,0.0001957,0.00249477,0,0,0.0182131,0.313725,7,7,2.28571,0,0,0,0.685283,0.30717,0.00754717,1325,390921,1223
1,table_under_pick,63,qpFreeGate,1,1,0.0180568,1730,10,7.54295,943,943,0,0.00313861,0.00249477,0,0,0.00519016,0,9,5,1.11111,0,0,0,1,0,0,0,0,0
1,table_under_pick,63,qpFreeEnvelope,1,1,0.00857448,316,22,14.6291,782,782,0,0.000200369,8.42523e-08,0,0,0.0796947,0.943038,31,12,0.709677,0,0,0,0.0379747,0.822785,0.139241,0,0,0
1,table_under_pick,63,qpEnvelope,1,1,0.0199423,977,22,12.418,749,749,0,9.33272e-05,0.00249477,0,0,0.0243951,0.178096,7,7,3.14286,0,0,0,0.816598,0.168033,0.0153689,976,290854,938
1,table_under_pick,87,isSafe,1,1,0.0228524,4051,22,17.1173,10,857,0,0.00820128,0.00249477,0,0,0,0,55,17,0.4,0,0,0,0,0,0,0,0,0
1,table_under_pick,87,qpFixed,1,1,0.0823764,4831,34,18.9475,1437,1437,0,7.60376e-05,0.00249477,0,0,0.010945,0,17,15,2,0,0,0,1,0,0,4831,1185476,4279
1,table_under_pick,87,qpPlain,1,1,0.0903115,4831,34,18.9475,1437,1437,0,7.60376e-05,0.00249477,0,0,0.010945,0,17,15,2,0,0,0,1,0,0,4831,1657033,4831
1,table_under_pick,87,qpAdaptive,1,1,0.0563874,3119,36,18.091,1314,1314,0,2.66297e-05,0.00249477,0,0,0.0169063,0.319654,17,16,2.11765,0,0,0,0.678755,0.313864,0.00738126,3119,801668,2990
1,table_under_pick,87,qpFreeGate,1,1,0.0747145,7601,31,20.8595,1965,1965,0,0.00576598,0.00249477,0,0,0.00570331,0,55,21,0.563636,0,0,0,1,0,0,0,0,0
1,table_under_pick,87,qpFreeEnvelope,1,1,0.013601,546,28,21.0423,1102,1102,0,0.00182043,0.000706584,0,0,0.0773085,0.849817,55,19,0.509091,0,0,0,0.139706,0.746324,0.113971,0,0,0
1,table_under_pick,87,qpEnvelope,1,1,0.0437354,2342,31,18.0451,1214,1214,0,2.87395e-05,0.00249477,0,0,0.0220999,0.22801,17,16,1.82353,0,0,0,0.770085,0.219231,0.0106838,2341,593863,2297
1,bookshelf_small,12,isSafe,1,1,0.0209201,5395,26,12.7043,8,637,0,0.00076214,0.00249477,0,0,0,0,122,22,0.213115,0,0,0,0,0,0,0,0,0
1,bookshelf_small,12,qpFixed,1,1,0.00895536,704,9,9.75208,644,644,0,0.00322778,0.00249477,0,0,0.015855,0,2,2,4.5,0,0,0,1,0,0,704,172165,347
1,bookshelf_small,12,qpPlain,1,1,0.00931378,704,9,9.75208,644,644,0,0.00322778,0.00249477,0,0,0.015855,0,2,2,4.5,0,0,0,1,0,0,704,241472,704
1,bookshelf_small,12,qpAdaptive,1,1,0.00216954,147,9,9.76792,548,548,0,0.00323182,0.00249477,0,0,0.0760015,0.707483,2,2,4.5,0,0,0,0.292517,0.653061,0.0544218,147,43842,96
1,bookshelf_small,12,qpFreeGate,1,1,0.0368883,4470,24,15.0565,1454,1454,0,0.000837317,0.00058302,0,0,0.00602103,0,34,12,0.705882,0,0,0,1,0,0,0,0,0
1,bookshelf_small,12,qpFreeEnvelope,1,1,0.00740873,368,29,19.5651,1006,1006,0,0.00347439,2.50587e-05,0,0,0.11079,0.951087,48,18,0.604167,0,0,0,0.0327869,0.814208,0.153005,0,0,0
1,bookshelf_small,12,qpEnvelope,1,1,0.00121262,67,9,9.81545,512,512,0,0.00324076,0.00249477,0,0,0.166894,0.567164,2,2,4.5,0,0,0,0.432836,0.447761,0.119403,67,20359,51
1,bookshelf_small,38,isSafe,1,1,0.0147565,3782,21,16.7757,10,840,0,0.00273637,0.00249477,0,0,0,0,53,16,0.396226,0,0,0,0,0,0,0,0,0
1,bookshelf_small,38,qpFixed,1,1,0.0102719,725,9,7.83676,726,726,0,0.000225319,0.00249477,0,0,0.0108093,0,1,1,9,0,0,0,1,0,0,725,206227,668
1,bookshelf_small,38,qpPlain,1,1,0.0108369,725,9,7.83676,726,726,0,0.000225319,0.00249477,0,0,0.0108093,0,1,1,9,0,0,0,1,0,0,725,248675,725
1,bookshelf_small,38,qpAdaptive,1,1,0.00734337,471,12,7.83936,605,605,0,0.000227805,0.00249477,0,0,0.0166441,0.356688,1,1,12,0,0,0,0.636943,0.346072,0.0169851,471,144066,467
1,bookshelf_small,38,qpFreeGate,1,1,0.0890562,10840,39,19.6586,1840,1840,0,0.00429099,0.00249477,0,0,0.00577256,0,65,31,0.6,0,0,0,1,0,0,0,0,0
1,bookshelf_small,38,qpFreeEnvelope,1,1,0.0123885,599,36,19.5389,1015,1015,0,0.00429099,0.00249477,0,0,0.100872,0.986644,65,29,0.553846,0,0,0,0.00834725,0.853088,0.138564,0,0,0
1,bookshelf_small,38,qpEnvelope,1,1,0.01022,616,28,10.2102,611,611,0,0.00115878,0.00249477,0,0,0.0453426,0.472403,6,5,4.66667,0,0,0,0.522801,0.433225,0.0439739,614,189181,587
1,bookshelf_small,62,isSafe,1,1,0.0191467,4944,26,10.3556,7,519,0,0.000806732,0.00249477,0,0,0,0,98,22,0.265306,0,0,0,0,0,0,0,0,0
1,bookshelf_small,62,qpFixed,1,1,0.0485724,3397,30,13.2729,1034,1034,0,0.0024355,0.00158892,0,0,0.0112394,0,10,10,3,0,0,0,1,0,0,3396,970152,2745
1,bookshelf_small,62,qpPlain,1,1,0.0508635,3397,30,13.2729,1034,1034,0,0.0024355,0.00158892,0,0,0.0112394,0,10,10,3,0,0,0,1,0,0,3396,1164828,3396
1,bookshelf_small,62,qpAdaptive,1,1,0.0340811,2195,34,17.1145,1192,1192,0,0.000570995,0.00158106,0,0,0.0173284,0.291572,10,10,3.4,0,0,0,0.705105,0.284412,0.0104831,2194,643345,2102
1,bookshelf_small,62,qpFreeGate,1,1,0.362239,44544,113,31.7945,2661,2661,0,0.00486174,0.000583393,0,0,0.00420046,0,277,102,0.407942,0,0,0,1,0,0,0,0,0
1,bookshelf_small,62,qpFreeEnvelope,1,1,0.0232255,1165,67,21.2272,1091,1091,0,0.00486174,0.000468148,0,0,0.099097,0.903004,164,60,0.408537,0,0,0,0.0262443,0.859729,0.114027,0,0,0
1,bookshelf_small,62,qpEnvelope,1,1,0.0171502,1048,28,15.5714,1017,1017,0,5.59192e-05,0.0018375,0,0,0.0278296,0.226145,7,7,4,0,0,0,0.766953,0.209169,0.0238777,1047,309010,1027
1,bookshelf_small,86,isSafe,1,1,0.0032391,812,6,7.8615,5,395,0,0.00658213,0.00219006,0,0,0,0,8,2,0.75,0,0,0,0,0,0,0,0,0
1,bookshelf_small,86,qpFixed,1,1,0.006944,479,7,6.43726,480,480,0,0.00658213,0.00249477,0,0,0.013439,0,1,1,7,0,0,0,1,0,0,479,135407,404
1,bookshelf_small,86,qpPlain,1,1,0.00696617,479,7,6.43726,480,480,0,0.00658213,0.00249477,0,0,0.013439,0,1,1,7,0,0,0,1,0,0,479,164297,479
1,bookshelf_small,86,qpAdaptive,1,1,0.0032503,213,7,6.44567,416,416,0,0.00658213,0.00249477,0,0,0.0302614,0.826291,1,1,7,0,0,0,0.164319,0.812207,0.0234742,213,62366,200
1,bookshelf_small,86,qpFreeGate,1,1,0.0121409,1503,18,7.98733,893,893,0,0.00658213,0.00249477,0,0,0.00549945,0,8,3,2.25,0,0,0,1,0,0,0,0,0
1,bookshelf_small,86,qpFreeEnvelope,1,1,0.00214793,99,16,11.4831,603,603,0,0.00482171,0.000416397,0,0,0.119598,0.969697,9,4,1.77778,0,0,0,0.010101,0.767677,0.222222,0,0,0
1,bookshelf_small,86,qpEnvelope,1,1,0.000933024,44,7,6.54116,348,348,0,0.00658213,0.00249477,0,0,0.148663,0.522727,1,1,7,0,0,0,0.477273,0.409091,0.113636,44,12844,41
1,box,11,isSafe,1,1,0.00848794,2248,13,9.7905,6,491,0,0.0207686,0.00249477,0,0,0,0,28,10,0.464286,0,0,0,0,0,0,0,0,0
1,box,11,qpFixed,1,1,0.0328782,2374,27,13.7336,1096,1096,0,0.000268869,0.00241707,0,0,0.0110209,0,8,8,3.375,0,0,0,1,0,0,2374,642844,2136
1,box,11,qpPlain,1,1,0.0350892,2374,27,13.7336,1096,1096,0,0.000268869,0.00241707,0,0,0.0110209,0,8,8,3.375,0,0,0,1,0,0,2374,814282,2374
1,box,11,qpAdaptive,1,1,0.0241362,1673,33,13.48,808,808,0,0.00586322,0.00249477,0,0,0.0238898,0.395696,11,11,3,0,0,0,0.597729,0.385535,0.0167364,1673,450970,1544
1,box,11,qpFreeGate,1,1,0.0179329,2295,16,7.58012,927,927,0,0.00843624,0.00249477,0,0,0.00555678,0,10,6,1.6,0,0,0,1,0,0,0,0,0
1,box,11,qpFreeEnvelope,1,1,0.00661609,362,30,16.1582,864,864,0,0.000181651,0.00249477,0,0,0.0908185,0.933702,32,20,0.9375,0,0,0,0.0443213,0.825485,0.130194,0,0,0
1,box,11,qpEnvelope,1,1,0.0164737,1071,32,13.5461,733,733,0,0.00465024,0.00249477,0,0,0.037453,0.267974,11,11,2.90909,0,0,0,0.729225,0.244631,0.0261438,1071,290119,1031
1,box,35,isSafe,1,1,0.0116867,3139,18,14.8366,9,743,0,0.0545846,0.00249477,0,0,0,0,39,14,0.461538,0,0,0,0,0,0,0,0,0
1,box,35,qpFixed,1,1,0.0098315,809,8,7.44601,538,538,0,0.0314039,0.00249477,0,0,0.0129344,0,2,2,4,0,0,0,1,0,0,809,206898,380
1,box,35,qpPlain,1,1,0.0107698,809,8,7.44601,538,538,0,0.0314039,0.00249477,0,0,0.0129344,0,2,2,4,0,0,0,1,0,0,809,277487,809
1,box,35,qpAdaptive,1,1,0.00311767,234,8,7.45406,404,404,0,0.0312786,0.00249477,0,0,0.0447495,0.474359,2,2,4,0,0,0,0.525641,0.457265,0.017094,234,59047,197
1,box,35,qpFreeGate,1,1,0.0598576,7754,30,11.8208,1140,1140,0,0.00541038,0.00249477,0,0,0.00521879,0,45,20,0.666667,0,0,0,1,0,0,0,0,0
1,box,35,qpFreeEnvelope,1,1,0.01495,814,45,15.8877,836,836,0,0.00202221,0.00155615,0,0,0.0783085,0.923833,82,35,0.54878,0,0,0,0.0558313,0.826303,0.117866,0,0,0
1,box,35,qpEnvelope,1,1,0.00192538,122,8,7.46565,384,384,0,0.0309392,0.00249477,0,0,0.0859412,0.254098,2,2,4,0,0,0,0.745902,0.213115,0.0409836,122,30288,109
1,box,59,isSafe,1,1,0.00649015,1758,11,7.08348,5,356,0,0.0307035,0.00249477,0,0,0,0,19,7,0.578947,0,0,0,0,0,0,0,0,0
1,box,59,qpFixed,1,1,0.0224415,1718,16,12.839,989,989,0,0.00918113,0.00249477,0,0,0.0112396,0,4,4,4,0,0,0,1,0,0,1718,457556,1287
1,box,59,qpPlain,1,1,0.0245634,1718,16,12.839,989,989,0,0.00918113,0.00249477,0,0,0.0112396,0,4,4,4,0,0,0,1,0,0,1718,589274,1718
1,box,59,qpAdaptive,1,1,0.010417,730,16,12.8611,740,740,0,0.00620923,0.00249477,0,0,0.0264699,0.357534,4,4,4,0,0,0,0.636986,0.347945,0.0150685,730,194274,674
1,box,59,qpFreeGate,1,1,0.0266021,3436,13,8.53263,828,828,0,0.0168696,0.00249477,0,0,0.00571854,0,16,8,0.8125,0,0,0,1,0,0,0,0,0
1,box,59,qpFreeEnvelope,1,1,0.00282619,139,13,8.58699,454,454,0,0.00381859,0.00249477,0,0,0.137344,0.964029,16,8,0.8125,0,0,0,0.0215827,0.791367,0.18705,0,0,0
1,box,59,qpEnvelope,1,1,0.00763045,517,18,12.9126,695,695,0,0.00500993,0.00249477,0,0,0.037383,0.193424,4,4,4.5,0,0,0,0.800774,0.172147,0.0270793,517,134326,480
1,box,83,isSafe,1,1,0.0037214,1002,7,9.67116,6,485,0,0.0296236,0.00249477,0,0,0,0,8,3,0.875,0,0,0,0,0,0,0,0,0
1,box,83,qpFixed,1,1,0.00397826,310,5,5.19495,311,311,0,0.00873498,0.00249477,0,0,0.0167579,0,1,1,5,0,0,0,1,0,0,310,81021,82
1,box,83,qpPlain,1,1,0.00415347,310,5,5.19495,311,311,0,0.00873498,0.00249477,0,0,0.0167579,0,1,1,5,0,0,0,1,0,0,310,106330,310
1,box,83,qpAdaptive,1,1,0.00136273,106,5,5.19456,297,297,0,0.00879834,0.00249477,0,0,0.0490053,0.424528,1,1,5,0,0,0,0.575472,0.396226,0.0283019,106,27483,75
1,box,83,qpFreeGate,1,1,0.015523,1995,11,8.94376,700,700,0,0.0296236,0.00249477,0,0,0.00819252,0,8,6,1.375,0,0,0,1,0,0,0,0,0
1,box,83,qpFreeEnvelope,1,1,0.00190389,71,11,9.09042,469,469,0,0.0248361,0.00249477,0,0,0.237031,1,8,6,1.375,0,0,0,0,0.774648,0.225352,0,0,0
1,box,83,qpEnvelope,1,1,0.000710532,38,5,5.19775,279,279,0,0.00932538,0.00249477,0,0,0.136783,0.921053,1,1,5,0,0,0,0.0526316,0.868421,0.0789474,38,10368,22
1,table_pick,7,isSafe,1,1,0.0072826,1274,9,4.19781,4,211,0,0.000785683,0.00249477,0,0,0,0,12,5,0.75,0,0,0,0,0,0,0,0,0
1,table_pick,7,qpFixed,1,1,0.00639866,408,8,6.12139,409,409,0,0.00738621,0.00249477,0,0,0.0150034,0,1,1,8,0,0,0,1,0,0,408,101078,83
1,table_pick,7,qpPlain,1,1,0.0070181,408,8,6.12139,409,409,0,0.00738621,0.00249477,0,0,0.0150034,0,1,1,8,0,0,0,1,0,0,408,139944,408
1,table_pick,7,qpAdaptive,1,1,0.00111125,62,9,6.1529,342,342,0,0.00738655,0.00249477,0,0,0.0992403,0.806452,1,1,9,0,0,0,0.145161,0.741935,0.112903,62,16249,33
1,table_pick,7,qpFreeGate,1,1,0.0233712,2393,10,2.98612,288,288,0,0.00401983,0.00249477,0,0,0.00621157,0,22,7,0.454545,0,0,0,1,0,0,0,0,0
1,table_pick,7,qpFreeEnvelope,1,1,0.00443566,172,10,2.94445,163,163,0,0.00409818,0.00249477,0,0,0.0864264,0.97093,22,7,0.454545,0,0,0,0.0290698,0.831395,0.139535,0,0,0
1,table_pick,7,qpEnvelope,1,1,0.000710369,32,6,6.20352,330,330,0,0.00743841,0.00249477,0,0,0.19386,0.90625,1,1,6,0,0,0,0.09375,0.78125,0.125,32,8208,18
1,table_pick,31,isSafe,1,1,0.0266416,4757,25,14.5674,9,730,0,0.00206542,0.00249477,0,0,0,0,85,20,0.294118,0,0,0,0,0,0,0,0,0
1,table_pick,31,qpFixed,1,1,0.0473772,2661,19,15.7105,1276,1276,0,0.000707017,0.00249477,0,0,0.0107261,0,8,6,2.375,0,0,0,1,0,0,2660,728930,2097
1,table_pick,31,qpPlain,1,1,0.0473756,2661,19,15.7105,1276,1276,0,0.000707017,0.00249477,0,0,0.0107261,0,8,6,2.375,0,0,0,1,0,0,2660,912380,2660
1,table_pick,31,qpAdaptive,1,1,0.0247396,1341,16,15.0742,997,997,0,0.000707017,0.00249477,0,0,0.0184312,0.271439,7,5,2.28571,0,0,0,0.723881,0.26791,0.00820896,1340,389615,1229
1,table_pick,31,qpFreeGate,1,1,0.0666149,6938,19,15.9541,1495,1495,0,0.00179689,0.00249477,0,0,0.00466943,0,41,13,0.463415,0,0,0,1,0,0,0,0,0
1,table_pick,31,qpFreeEnvelope,1,1,0.00602554,231,15,9.59168,506,506,0,0.00179872,0.00249477,0,0,0.102344,0.974026,33,8,0.454545,0,0,0,0.00865801,0.844156,0.147186,0,0,0
1,table_pick,31,qpEnvelope,1,1,0.0177104,915,15,15.1141,872,872,0,0.000673022,0.00249477,0,0,0.027046,0.181421,7,5,2.14286,0,0,0,0.817287,0.169584,0.0131291,914,264734,894
1,table_pick,55,isSafe,1,1,0.00713235,1253,9,8.1496,6,409,0,0.00282888,0.00249477,0,0,0,0,15,4,0.6,0,0,0,0,0,0,0,0,0
1,table_pick,55,qpFixed,1,1,0.00950386,630,6,7.59484,631,631,0,0.00381576,0.00249477,0,0,0.0120553,0,1,1,6,0,0,0,1,0,0,630,150285,120
1,table_pick,55,qpPlain,1,1,0.0107561,630,6,7.59484,631,631,0,0.00381576,0.00249477,0,0,0.0120553,0,1,1,6,0,0,0,1,0,0,630,216090,630
1,table_pick,55,qpAdaptive,1,1,0.00140738,82,6,7.59507,420,420,0,0.00381576,0.00249477,0,0,0.0926228,0.621951,1,1,6,0,0,0,0.378049,0.573171,0.0487805,82,22448,61
1,table_pick,55,qpFreeGate,1,1,0.0546799,5644,22,11.9218,1227,1227,0,0.0046152,0.00169415,0,0,0.00539677,0,36,15,0.611111,0,0,0,1,0,0,0,0,0
1,table_pick,55,qpFreeEnvelope,1,1,0.00389409,142,12,10.6765,548,548,0,0.00478947,0.00249477,0,0,0.126425,0.971831,20,7,0.6,0,0,0,0,0.843972,0.156028,0,0,0
1,table_pick,55,qpEnvelope,1,1,0.000822657,40,6,7.59504,402,402,0,0.00377216,0.00249477,0,0,0.189876,0.725,1,1,6,0,0,0,0.275,0.625,0.1,40,10835,29
1,table_pick,79,isSafe,1,1,0.00273818,490,5,4.84737,4,244,0,0.000411141,0.00249477,0,0,0,0,1,1,5,0,0,0,0,0,0,0,0,0
1,table_pick,79,qpFixed,1,1,0.00611054,395,5,4.99439,396,396,0,0.0041035,0.00249477,0,0,0.012644,0,1,1,5,0,0,0,1,0,0,395,96471,92
1,table_pick,79,qpPlain,1,1,0.00670302,395,5,4.99439,396,396,0,0.0041035,0.00249477,0,0,0.012644,0,1,1,5,0,0,0,1,0,0,395,135485,395
1,table_pick,79,qpAdaptive,1,1,0.00126246,70,5,4.99615,285,285,0,0.0041035,0.00249477,0,0,0.0713735,0.385714,1,1,5,0,0,0,0.614286,0.342857,0.0428571,70,20804,55
1,table_pick,79,qpFreeGate,1,1,0.0655241,6909,24,6.73241,538,538,0,0.00169423,0.00249477,0,0,0.00545135,0,48,20,0.5,0,0,0,1,0,0,0,0,0
1,table_pick,79,qpFreeEnvelope,1,1,0.00931757,355,23,6.89426,361,361,0,0.00177614,0.00249477,0,0,0.10435,0.980282,48,19,0.479167,0,0,0,0.0084507,0.833803,0.157746,0,0,0
1,table_pick,79,qpEnvelope,1,1,0.000784377,37,5,5.00238,271,271,0,0.00394569,0.00249477,0,0,0.135199,0.513514,1,1,5,0,0,0,0.486486,0.432432,0.0810811,37,10904,29
1,cage,3,isSafe,1,1,0.0404341,10403,53,10.1825,7,511,0,0.00130366,0.00249477,0,0,0,0,228,48,0.232456,0,0,0,0,0,0,0,0,0
1,cage,3,qpFixed,1,1,0.16489,12062,77,25.4519,2067,2067,0,0.00223089,0.00249477,0,0,0.00933591,0,46,36,1.67391,0,0,0,1,0,0,12059,3288108,10970
1,cage,3,qpPlain,1,1,0.168021,12062,77,25.4519,2067,2067,0,0.00223089,0.00249477,0,0,0.00933591,0,46,36,1.67391,0,0,0,1,0,0,12059,4136237,12059
1,cage,3,qpAdaptive,1,1,0.106436,7591,78,25.4845,1647,1647,0,0.00193725,0.00249477,0,0,0.0149159,0.345673,46,36,1.69565,0,0,0,0.650633,0.340801,0.00856616,7588,2022814,7352
1,cage,3,qpFreeGate,1,1,4.96185,636817,1395,16.5777,2129,2129,0,0.00190008,0.00249477,0,0,0.00332417,0,5205,1358,0.268012,0,0,0,1,0,0,0,0,0
1,cage,3,qpFreeEnvelope,1,1,1.50718,78910,2976,25.0729,1342,1342,0,0.00105447,0.00131221,0,0,0.0506131,0.905525,12022,2912,0.247546,0,0,0,0.0534849,0.824652,0.121863,0,0,0
1,cage,3,qpEnvelope,1,1,0.0365027,2419,45,22.3913,1264,1264,0,0.000556429,0.00249477,0,0,0.0265254,0.413394,23,21,1.95652,0,0,0,0.584609,0.399255,0.0161357,2417,648296,2366
1,cage,27,isSafe,1,1,1.47303,370926,2529,26.094,16,1306,0,0.00293246,0.00249477,0,0,0,0,14202,2524,0.178074,0,0,0,0,0,0,0,0,0
1,cage,27,qpFixed,1,1,0.0962322,7305,44,21.5229,1791,1791,0,0.000530118,0.00249477,0,0,0.0101554,0,27,20,1.62963,0,0,0,1,0,0,7303,1872855,6063
1,cage,27,qpPlain,1,1,0.100651,7305,44,21.5229,1791,1791,0,0.000530118,0.00249477,0,0,0.0101554,0,27,20,1.62963,0,0,0,1,0,0,7303,2504929,7303
1,cage,27,qpAdaptive,1,1,0.0578846,4088,44,21.5579,1405,1405,0,0.000446029,0.00249477,0,0,0.018194,0.522016,27,20,1.62963,0,0,0,0.475037,0.516642,0.0083211,4086,1049900,3855
1,cage,27,qpFreeGate,1,1,1.20607,156713,357,24.7921,2600,2600,0,0.00374775,0.00249477,0,0,0.00403081,0,1130,343,0.315929,0,0,0,1,0,0,0,0,0
1,cage,27,qpFreeEnvelope,1,1,0.228664,12188,500,24.137,1269,1269,0,0.000460196,0.00249477,0,0,0.0684539,0.936659,1659,476,0.301386,0,0,0,0.0340485,0.844089,0.121862,0,0,0
1,cage,27,qpEnvelope,1,1,0.0310654,2022,48,21.64,1264,1264,0,0.000358408,0.00249477,0,0,0.0370184,0.425816,27,20,1.77778,0,0,0,0.567327,0.405941,0.0267327,2020,514782,1939
1,cage,51,isSafe,1,1,0.376448,96924,542,23.1242,13,1158,0,0.000472642,0.00249477,0,0,0,0,2844,537,0.190577,0,0,0,0,0,0,0,0,0
1,cage,51,qpFixed,1,1,0.113578,8375,56,22.2083,1971,1971,0,0.00114406,0.00249477,0,0,0.00998389,0,29,25,1.93103,0,0,0,1,0,0,8375,2282511,7327
1,cage,51,qpPlain,1,1,0.115118,8375,56,22.2083,1971,1971,0,0.00114406,0.00249477,0,0,0.00998389,0,29,25,1.93103,0,0,0,1,0,0,8375,2872625,8375
1,cage,51,qpAdaptive,1,1,0.0691306,4873,57,22.2367,1494,1494,0,0.000955518,0.00249477,0,0,0.0171946,0.454751,29,25,1.96552,0,0,0,0.541145,0.44921,0.00964498,4873,1350603,4705
1,cage,51,qpFreeGate,1,1,0.643439,83150,201,15.7798,1834,1834,0,0.00436375,0.00249477,0,0,0.00428631,0,601,185,0.334443,0,0,0,1,0,0,0,0,0
1,cage,51,qpFreeEnvelope,1,1,0.160393,8783,357,23.1422,1221,1221,0,0.000296663,0.00249477,0,0,0.0672844,0.899693,1133,335,0.315093,0,0,0,0.0690013,0.820182,0.110817,0,0,0
1,cage,51,qpEnvelope,1,1,0.0434273,2835,52,19.192,1168,1168,0,6.9885e-05,0.00249477,0,0,0.0277061,0.372487,28,23,1.85714,0,0,0,0.626455,0.354497,0.0190476,2835,777634,2787
1,cage,75,isSafe,1,1,1.79658,449792,3178,31.6953,19,1586,0,0.00366616,0.00249477,0,0,0,0,17968,3175,0.17687,0,0,0,0,0,0,0,0,0
1,cage,75,qpFixed,1,1,0.509632,37579,181,21.2782,1694,1694,0,1.82028e-05,0.00249477,0,0,0.00879843,0,156,112,1.16026,0,0,0,1,0,0,37566,10060218,33405
1,cage,75,qpPlain,1,1,0.522199,37579,181,21.2782,1694,1694,0,1.82028e-05,0.00249477,0,0,0.00879843,0,156,112,1.16026,0,0,0,1,0,0,37566,12885138,37566
1,cage,75,qpAdaptive,1,1,0.351497,24844,181,21.2874,1399,1399,0,3.90607e-05,0.00249477,0,0,0.013366,0.281517,156,112,1.16026,0,0,0,0.716938,0.278431,0.00463112,24832,6662690,24211
1,cage,75,qpFreeGate,1,1,3.43273,442432,1005,23.9123,2522,2522,0,0.00405896,0.00249477,0,0,0.00365935,0,3371,966,0.298131,0,0,0,1,0,0,0,0,0
1,cage,75,qpFreeEnvelope,1,1,0.371071,18990,862,23.8168,1276,1276,0,0.000355698,0.00249477,0,0,0.0703471,0.932227,2865,823,0.300873,0,0,0,0.0322014,0.840696,0.127102,0,0,0
1,cage,75,qpEnvelope,1,1,0.158158,10607,124,27.8555,1660,1660,0,1.60478e-05,0.000775778,0,0,0.0200438,0.215329,95,72,1.30526,0,0,0,0.782978,0.206926,0.0100962,10598,2819907,10486
1,cage,99,isSafe,1,1,0.519835,133283,782,14.499,9,726,0,0.000140581,0.00249477,0,0,0,0,4662,779,0.167739,0,0,0,0,0,0,0,0,0
1,cage,99,qpFixed,1,1,0.238116,17167,96,24.6117,2053,2053,0,0.000237049,0.00249477,0,0,0.00923283,0,63,48,1.52381,0,0,0,1,0,0,17162,4606611,14957
1,cage,99,qpPlain,1,1,0.237504,17167,96,24.6117,2053,2053,0,0.000237049,0.00249477,0,0,0.00923283,0,63,48,1.52381,0,0,0,1,0,0,17162,5886566,17162
1,cage,99,qpAdaptive,1,1,0.139197,9794,94,24.6172,1577,1577,0,0.000234486,0.00249477,0,0,0.0162264,0.392281,63,48,1.49206,0,0,0,0.605373,0.387067,0.00755951,9789,2662725,9539
1,cage,99,qpFreeGate,1,1,8.37562,1076627,2364,16.6754,2489,2489,0,0.00230574,0.00129021,0,0,0.00323956,0,9008,2317,0.262433,0,0,0,1,0,0,0,0,0
1,cage,99,qpFreeEnvelope,1,1,1.12333,58251,2317,33.7916,1789,1789,0,0.000835144,3.37299e-05,0,0,0.0570557,0.924018,9047,2271,0.256107,0,0,0,0.0348947,0.837019,0.128086,0,0,0
1,cage,99,qpEnvelope,1,1,0.0945727,6204,99,24.6849,1424,1424,0,0.000228735,0.00249477,0,0,0.0257579,0.325758,63,48,1.57143,0,0,0,0.671777,0.312893,0.01533,6198,1672724,6087
1,bookshelf_tall,17,isSafe,1,1,0.0221785,3020,17,11.0024,7,552,0,0.00496561,0.00249477,0,0,0,0,48,13,0.354167,0,0,0,0,0,0,0,0,0
1,bookshelf_tall,17,qpFixed,1,1,0.0113026,550,7,6.5135,551,551,0,0.00198155,0.00249477,0,0,0.0118427,0,1,1,7,0,0,0,1,0,0,550,142102,358
1,bookshelf_tall,17,qpPlain,1,1,0.0119458,550,7,6.5135,551,551,0,0.00198155,0.00249477,0,0,0.0118427,0,1,1,7,0,0,0,1,0,0,550,188650,550
1,bookshelf_tall,17,qpAdaptive,1,1,0.00810652,366,7,6.51338,488,488,0,0.00198058,0.00249477,0,0,0.0177961,0.166667,1,1,7,0,0,0,0.830601,0.15847,0.010929,366,97662,347
1,bookshelf_tall,17,qpFreeGate,1,1,0.0702276,6172,21,9.81073,742,742,0,0.00496561,0.00249477,0,0,0.00598744,0,48,17,0.4375,0,0,0,1,0,0,0,0,0
1,bookshelf_tall,17,qpFreeEnvelope,1,1,0.00963191,278,21,9.85697,506,506,0,0.00496561,0.00249477,0,0,0.135189,0.982014,48,17,0.4375,0,0,0,0,0.794224,0.205776,0,0,0
1,bookshelf_tall,17,qpEnvelope,1,1,0.00479938,213,7,6.51861,432,432,0,0.00197512,0.00249477,0,0,0.0306038,0.159624,1,1,7,0,0,0,0.840376,0.13615,0.0234742,213,58462,206
1,bookshelf_tall,43,isSafe,1,1,0.173808,23247,120,13.7959,8,691,0,0.00208232,0.00249477,0,0,0,0,659,117,0.182094,0,0,0,0,0,0,0,0,0
1,bookshelf_tall,43,qpFixed,1,1,0.0140202,695,7,8.32635,696,696,0,0.00118429,0.000592541,0,0,0.0119804,0,1,1,7,0,0,0,1,0,0,695,196805,249
1,bookshelf_tall,43,qpPlain,1,1,0.0146445,695,7,8.32635,696,696,0,0.00118429,0.000592541,0,0,0.0119804,0,1,1,7,0,0,0,1,0,0,695,238385,695
1,bookshelf_tall,43,qpAdaptive,1,1,0.00576619,260,7,8.32721,545,545,0,0.00113447,0.000586016,0,0,0.0320277,0.319231,1,1,7,0,0,0,0.680769,0.303846,0.0153846,260,77130,216
1,bookshelf_tall,43,qpFreeGate,1,1,0.178607,15000,57,16.1439,1345,1345,0,0.00361602,0.00249477,0,0,0.00647367,0,135,52,0.422222,0,0,0,1,0,0,0,0,0
1,bookshelf_tall,43,qpFreeEnvelope,1,1,0.0674109,2252,99,27.3943,1419,1419,0,0.000742372,6.70285e-06,0,0,0.0752754,0.847691,261,93,0.37931,0,0,0,0.120482,0.780009,0.0995091,0,0,0
1,bookshelf_tall,43,qpEnvelope,1,1,0.00435483,185,7,8.33015,512,512,0,0.000964256,0.000559504,0,0,0.0450278,0.210811,1,1,7,0,0,0,0.789189,0.189189,0.0216216,185,54772,173
1,bookshelf_tall,68,isSafe,1,1,0.0113628,1504,10,12.175,8,610,0,0.00358485,0.00249477,0,0,0,0,13,5,0.769231,0,0,0,0,0,0,0,0,0
1,bookshelf_tall,68,qpFixed,1,1,0.00875773,444,6,6.41287,445,445,0,0.00375357,0.00249477,0,0,0.0144434,0,1,1,6,0,0,0,1,0,0,444,111722,135
1,bookshelf_tall,68,qpPlain,1,1,0.0091509,444,6,6.41287,445,445,0,0.00375357,0.00249477,0,0,0.0144434,0,1,1,6,0,0,0,1,0,0,444,152292,444
1,bookshelf_tall,68,qpAdaptive,1,1,0.00287855,130,6,6.41243,372,372,0,0.00375357,0.00249477,0,0,0.0493264,0.6,1,1,6,0,0,0,0.4,0.569231,0.0307692,130,37430,101
1,bookshelf_tall,68,qpFreeGate,1,1,0.0277158,2344,14,15.0768,1215,1215,0,0.00337862,0.00249477,0,0,0.00783856,0,14,6,1,0,0,0,1,0,0,0,0,0
1,bookshelf_tall,68,qpFreeEnvelope,1,1,0.00433938,136,13,11.7867,617,617,0,0.00339803,0.00249477,0,0,0.108865,0.904412,13,5,1,0,0,0,0.0882353,0.779412,0.132353,0,0,0
1,bookshelf_tall,68,qpEnvelope,1,1,0.000952578,40,6,6.41073,337,337,0,0.00375357,0.00249477,0,0,0.160268,0.6,1,1,6,0,0,0,0.4,0.5,0.1,40,11587,31
1,bookshelf_tall,93,isSafe,1,1,0.240544,31682,162,20.0548,12,1004,0,0.000437317,0.00249477,0,0,0,0,814,158,0.199017,0,0,0,0,0,0,0,0,0
1,bookshelf_tall,93,qpFixed,1,1,0.0442461,2036,19,14.2343,1162,1162,0,0.000386261,0.00249477,0,0,0.0106241,0,6,6,3.16667,0,0,0,1,0,0,2036,581671,1557
1,bookshelf_tall,93,qpPlain,1,1,0.0435005,2036,19,14.2343,1162,1162,0,0.000386261,0.00249477,0,0,0.0106241,0,6,6,3.16667,0,0,0,1,0,0,2036,698348,2036
1,bookshelf_tall,93,qpAdaptive,1,1,0.0151662,658,13,13.0954,877,877,0,0.000386261,0.00249477,0,0,0.0211907,0.317629,3,3,4.33333,0,0,0,0.677812,0.303951,0.0182371,658,208682,581
1,bookshelf_tall,93,qpFreeGate,1,1,0.457695,38032,99,27.4108,2109,2109,0,0.00355751,0.00249477,0,0,0.00462836,0,293,93,0.337884,0,0,0,1,0,0,0,0,0
1,bookshelf_tall,93,qpFreeEnvelope,1,1,0.0938829,2832,127,21.5312,1115,1115,0,0.0012061,0.00249477,0,0,0.0779518,0.96822,411,121,0.309002,0,0,0,0.00497512,0.856787,0.138237,0,0,0
1,bookshelf_tall,93,qpEnvelope,1,1,0.00856844,357,11,13.0374,785,785,0,0.000360362,0.00249477,0,0,0.0391577,0.322129,3,3,3.66667,0,0,0,0.672269,0.29972,0.0280112,357,113218,341
1,bookshelf_thin,18,isSafe,1,1,0.0638134,6358,32,13.6012,8,682,0,0.00109629,0.00249477,0,0,0,0,140,28,0.228571,0,0,0,0,0,0,0,0,0
1,bookshelf_thin,18,qpFixed,1,1,0.0391594,1464,23,11.405,946,946,0,0.000689224,0.00249477,0,0,0.0110571,0,2,2,11.5,0,0,0,1,0,0,1464,412857,1386
1,bookshelf_thin,18,qpPlain,1,1,0.039245,1464,23,11.405,946,946,0,0.000689224,0.00249477,0,0,0.0110571,0,2,2,11.5,0,0,0,1,0,0,1464,502152,1464
1,bookshelf_thin,18,qpAdaptive,1,1,0.0241955,880,22,11.4127,822,822,0,0.000689559,0.00249477,0,0,0.0184065,0.459091,2,2,11,0,0,0,0.531818,0.45,0.0181818,880,255601,874
1,bookshelf_thin,18,qpFreeGate,1,1,0.304721,21301,69,15.4997,1308,1308,0,0.0056391,0.0020902,0,0,0.00424626,0,152,45,0.453947,0,0,0,1,0,0,0,0,0
1,bookshelf_thin,18,qpFreeEnvelope,1,1,0.0428602,1005,43,14.235,736,736,0,0.00184462,0.00249477,0,0,0.0751604,0.957214,141,37,0.304965,0,0,0,0.0190572,0.835507,0.145436,0,0,0
1,bookshelf_thin,18,qpEnvelope,1,1,0.0109617,376,14,15.0594,865,865,0,0.00066911,0.00249477,0,0,0.050783,0.515957,3,3,4.66667,0,0,0,0.473404,0.49734,0.0292553,376,112329,356
1,bookshelf_thin,42,isSafe,1,1,0.0490837,4616,24,19.5173,11,977,0,0.00373635,0.0013453,0,0,0,0,82,21,0.292683,0,0,0,0,0,0,0,0,0
1,bookshelf_thin,42,qpFixed,1,1,0.0169403,646,7,8.37124,647,647,0,0.00431122,0.000264951,0,0,0.0129586,0,1,1,7,0,0,0,1,0,0,646,175922,343
1,bookshelf_thin,42,qpPlain,1,1,0.0172918,646,7,8.37124,647,647,0,0.00431122,0.000264951,0,0,0.0129586,0,1,1,7,0,0,0,1,0,0,646,221578,646
1,bookshelf_thin,42,qpAdaptive,1,1,0.00780706,287,7,8.40153,535,535,0,0.00431122,0.000264404,0,0,0.0292736,0.449477,1,1,7,0,0,0,0.550523,0.43554,0.0139373,287,78435,196
1,bookshelf_thin,42,qpFreeGate,1,1,0.515436,34358,79,21.3328,1933,1933,0,0.00431122,0.00095542,0,0,0.00407258,0,228,73,0.346491,0,0,0,1,0,0,0,0,0
1,bookshelf_thin,42,qpFreeEnvelope,1,1,0.0864508,2073,78,20.9582,1088,1088,0,0.00431122,0.000955601,0,0,0.0635833,0.925229,228,73,0.342105,0,0,0,0.0531967,0.832601,0.114202,0,0,0
1,bookshelf_thin,42,qpEnvelope,1,1,0.00240873,74,8,8.55162,458,458,0,0.00431122,0.000291486,0,0,0.115562,0.378378,1,1,8,0,0,0,0.621622,0.297297,0.0810811,74,19273,51
1,bookshelf_thin,66,isSafe,1,1,0.15674,15523,78,18.0251,11,903,0,0.00757236,0.00249477,0,0,0,0,325,74,0.24,0,0,0,0,0,0,0,0,0
1,bookshelf_thin,66,qpFixed,1,1,0.0387413,1497,10,11.3125,1108,1108,0,9.70982e-05,0.00249477,0,0,0.00980781,0,3,2,3.33333,0,0,0,1,0,0,1496,380057,932
1,bookshelf_thin,66,qpPlain,1,1,0.0397219,1497,10,11.3125,1108,1108,0,9.70982e-05,0.00249477,0,0,0.00980781,0,3,2,3.33333,0,0,0,1,0,0,1496,513128,1496
1,bookshelf_thin,66,qpAdaptive,1,1,0.0253499,934,10,11.3143,910,910,0,9.70837e-05,0.00249477,0,0,0.0157215,0.132762,3,2,3.33333,0,0,0,0.866024,0.128617,0.00535906,933,237286,895
1,bookshelf_thin,66,qpFreeGate,1,1,0.614681,42863,112,19.9713,1593,1593,0,0.00757236,0.00249477,0,0,0.00424938,0,326,104,0.343558,0,0,0,1,0,0,0,0,0
1,bookshelf_thin,66,qpFreeEnvelope,1,1,0.094215,2125,109,20.4612,1051,1051,0,0.00408521,0.00249477,0,0,0.0891453,0.973176,326,103,0.334356,0,0,0,0.00189573,0.828436,0.169668,0,0,0
1,bookshelf_thin,66,qpEnvelope,1,1,0.0205835,752,11,11.3446,837,837,0,9.56298e-05,0.00249477,0,0,0.0195505,0.0691489,3,2,3.66667,0,0,0,0.930759,0.0612517,0.00798935,751,187438,737
1,bookshelf_thin,91,isSafe,1,1,0.0236418,2322,14,14.3731,9,720,0,0.00183683,0.00249477,0,0,0,0,31,10,0.451613,0,0,0,0,0,0,0,0,0
1,bookshelf_thin,91,qpFixed,1,1,0.0174752,699,8,9.57619,700,700,0,0.000579382,0.00249477,0,0,0.0136998,0,1,1,8,0,0,0,1,0,0,699,161006,403
1,bookshelf_thin,91,qpPlain,1,1,0.0182397,699,8,9.57619,700,700,0,0.000579382,0.00249477,0,0,0.0136998,0,1,1,8,0,0,0,1,0,0,699,239757,699
1,bookshelf_thin,91,qpAdaptive,1,1,0.00900973,338,8,9.58023,624,624,0,0.000579382,0.00249477,0,0,0.0283439,0.426036,1,1,8,0,0,0,0.565089,0.41716,0.0177515,338,84188,314
1,bookshelf_thin,91,qpFreeGate,1,1,0.104088,7250,27,15.4719,1281,1281,0,0.00558074,0.00249477,0,0,0.00586486,0,55,23,0.490909,0,0,0,1,0,0,0,0,0
1,bookshelf_thin,91,qpFreeEnvelope,1,1,0.0195153,446,39,16.0444,831,831,0,0.00558074,0.00249477,0,0,0.107226,0.941704,58,25,0.672414,0,0,0,0.0381166,0.800448,0.161435,0,0,0
1,bookshelf_thin,91,qpEnvelope,1,1,0.00577577,205,8,9.64913,576,576,0,0.000578026,0.00249477,0,0,0.0470689,0.385366,1,1,8,0,0,0,0.609756,0.360976,0.0292683,205,51603,187
1,table_under_pick,15,isSafe,1,1,0.0124397,2137,13,14.3935,9,721,0,0.00777142,0.00249477,0,0,0,0,40,9,0.325,0,0,0,0,0,0,0,0,0
1,table_under_pick,15,qpFixed,1,1,0.0207633,1196,11,11.2883,811,811,0,0.000320651,0.00249477,0,0,0.0119305,0,4,4,2.75,0,0,0,1,0,0,1196,303309,1002
1,table_under_pick,15,qpPlain,1,1,0.0214772,1196,11,11.2883,811,811,0,0.000320651,0.00249477,0,0,0.0119305,0,4,4,2.75,0,0,0,1,0,0,1196,410228,1196
1,table_under_pick,15,qpAdaptive,1,1,0.0124577,696,11,11.2863,726,726,0,0.000326781,0.00249477,0,0,0.0205045,0.448276,4,4,2.75,0,0,0,0.551724,0.441092,0.00718391,696,169623,665
1,table_under_pick,15,qpFreeGate,1,1,0.0607507,6138,27,21.932,1871,1871,0,0.00777142,0.00249477,0,0,0.00527282,0,44,17,0.613636,0,0,0,1,0,0,0,0,0
1,table_under_pick,15,qpFreeEnvelope,1,1,0.00925159,335,25,21.9894,1146,1146,0,0.0061668,0.00249477,0,0,0.0964382,0.976119,44,17,0.568182,0,0,0,0,0.827795,0.172205,0,0,0
1,table_under_pick,15,qpEnvelope,1,1,0.00726609,373,11,11.3098,669,669,0,0.000327123,0.00249477,0,0,0.0385262,0.426273,4,4,2.75,0,0,0,0.571046,0.410188,0.0187668,373,92457,361
1,table_under_pick,39,isSafe,1,1,0.00550901,952,7,7.21266,5,362,0,0.000980318,0.00249477,0,0,0,0,11,4,0.636364,0,0,0,0,0,0,0,0,0
1,table_under_pick,39,qpFixed,1,1,0.0281624,1643,13,14.4492,1148,1148,0,0.000496241,0.00249477,0,0,0.0114728,0,5,5,2.6,0,0,0,1,0,0,1643,408037,1327
1,table_under_pick,39,qpPlain,1,1,0.029188,1643,13,14.4492,1148,1148,0,0.000496241,0.00249477,0,0,0.0114728,0,5,5,2.6,0,0,0,1,0,0,1643,563549,1643
1,table_under_pick,39,qpAdaptive,1,1,0.0166387,925,13,14.4576,973,973,0,0.000477647,0.00249477,0,0,0.0203896,0.423784,5,5,2.6,0,0,0,0.574054,0.418378,0.00756757,925,229629,893
1,table_under_pick,39,qpFreeGate,1,1,0.080175,8020,24,8.99607,795,795,0,0.00184324,0.00249477,0,0,0.00453579,0,73,20,0.328767,0,0,0,1,0,0,0,0,0
1,table_under_pick,39,qpFreeEnvelope,1,1,0.0148547,591,23,9.19678,496,496,0,0.00121216,0.00249477,0,0,0.0622935,0.956007,73,19,0.315068,0,0,0,0.0255973,0.854949,0.119454,0,0,0
1,table_under_pick,39,qpEnvelope,1,1,0.0112399,574,13,14.4567,879,879,0,0.000311371,0.00249477,0,0,0.032866,0.458188,5,5,2.6,0,0,0,0.538328,0.449477,0.0121951,574,144426,562
1,table_under_pick,64,isSafe,1,1,0.00673911,1143,8,11.1365,7,558,0,0.00646091,0.00249477,0,0,0,0,8,3,1,0,0,0,0,0,0,0,0,0
1,table_under_pick,64,qpFixed,1,1,0.0137291,773,16,8.71812,774,774,0,0.00080961,0.00249477,0,0,0.0112783,0,1,1,16,0,0,0,1,0,0,773,228754,628
1,table_under_pick,64,qpPlain,1,1,0.013828,773,16,8.71812,774,774,0,0.00080961,0.00249477,0,0,0.0112783,0,1,1,16,0,0,0,1,0,0,773,265139,773
1,table_under_pick,64,qpAdaptive,1,1,0.00982917,530,16,8.71219,680,680,0,0.000804995,0.00249477,0,0,0.0164381,0.220755,1,1,16,0,0,0,0.769811,0.20566,0.0245283,530,154381,506
1,table_under_pick,64,qpFreeGate,1,1,0.0203703,2032,10,10.0443,817,817,0,0.00594253,0.00249477,0,0,0.00617207,0,8,5,1.25,0,0,0,1,0,0,0,0,0
1,table_under_pick,64,qpFreeEnvelope,1,1,0.00613988,232,18,16.7475,894,894,0,0.00041277,0.00249477,0,0,0.0998584,0.952586,23,12,0.782609,0,0,0,0.012931,0.87931,0.107759,0,0,0
1,table_under_pick,64,qpEnvelope,1,1,0.0393159,2048,42,15.0665,953,953,0,0.00079646,0.00249477,0,0,0.025491,0.217773,14,14,3,0,0,0,0.779785,0.203125,0.0170898,2048,573158,1995
1,table_under_pick,88,isSafe,1,1,0.00434551,752,6,6.01732,5,302,0,0.00185697,0.00249477,0,0,0,0,33,1,0.181818,0,0,0,0,0,0,0,0,0
1,table_under_pick,88,qpFixed,1,1,0.0216487,1323,15,9.09889,682,682,0,0.007703,0.00249477,0,0,0.0134452,0,3,3,5,0,0,0,1,0,0,1323,312873,845
1,table_under_pick,88,qpPlain,1,1,0.0229213,1323,15,9.09889,682,682,0,0.007703,0.00249477,0,0,0.0134452,0,3,3,5,0,0,0,1,0,0,1323,453789,1323
1,table_under_pick,88,qpAdaptive,1,1,0.00890636,520,14,9.11122,531,531,0,0.00770245,0.00249477,0,0,0.0342108,0.448077,3,3,4.66667,0,0,0,0.546154,0.432692,0.0211538,520,120583,447
1,table_under_pick,88,qpFreeGate,1,1,0.034874,3486,8,7.42835,634,634,0,0.0049376,0.000574671,0,0,0.00324787,0,33,3,0.242424,0,0,0,1,0,0,0,0,0
1,table_under_pick,88,qpFreeEnvelope,1,1,0.0065274,251,8,7.48258,401,401,0,0.0049373,0.000392265,0,0,0.0458311,0.968127,33,3,0.242424,0,0,0,0.008,0.884,0.108,0,0,0
1,table_under_pick,88,qpEnvelope,1,1,0.00651061,357,11,9.1377,492,492,0,0.00323501,0.00249477,0,0,0.0498287,0.294118,3,3,3.66667,0,0,0,0.705882,0.27451,0.0196078,357,77717,334
1,bookshelf_small,13,isSafe,1,1,0.954851,236547,1430,8.25297,7,414,0,0.00211829,0.00249477,0,0,0,0,8617,1426,0.165951,0,0,0,0,0,0,0,0,0
1,bookshelf_small,13,qpFixed,1,1,0.0475122,3472,22,16.3028,1442,1442,0,0.000210241,0.00249477,0,0,0.00954998,0,11,9,2,0,0,0,1,0,0,3472,919860,2587
1,bookshelf_small,13,qpPlain,1,1,0.0505676,3472,22,16.3028,1442,1442,0,0.000210241,0.00249477,0,0,0.00954998,0,11,9,2,0,0,0,1,0,0,3472,1190896,3472
1,bookshelf_small,13,qpAdaptive,1,1,0.0321875,2123,22,16.3193,1237,1237,0,0.000209751,0.00249477,0,0,0.0156386,0.202073,11,9,2,0,0,0,0.796514,0.196891,0.00659444,2123,576319,2069
1,bookshelf_small,13,qpFreeGate,1,1,0.168654,20276,59,19.8278,1742,1742,0,0.00406621,0.00249477,0,0,0.00477031,0,141,51,0.41844,0,0,0,1,0,0,0,0,0
1,bookshelf_small,13,qpFreeEnvelope,1,1,0.0204964,965,57,20.1868,1059,1059,0,0.000996873,0.00249477,0,0,0.0993885,0.954404,141,49,0.404255,0,0,0,0.0260417,0.8125,0.161458,0,0,0
1,bookshelf_small,13,qpEnvelope,1,1,0.0241996,1523,22,16.3646,1124,1124,0,0.000196716,0.00249477,0,0,0.0219311,0.145108,11,9,2,0,0,0,0.852922,0.135916,0.0111622,1523,407058,1501
1,bookshelf_small,39,isSafe,1,1,0.0218034,5483,29,15.9343,9,798,0,0.00348637,0.00249477,0,0,0,0,122,26,0.237705,0,0,0,0,0,0,0,0,0
1,bookshelf_small,39,qpFixed,1,1,0.0162938,1084,10,10.7777,978,978,0,0.000232629,0.00249477,0,0,0.01039,0,2,2,5,0,0,0,1,0,0,1084,322179,989
1,bookshelf_small,39,qpPlain,1,1,0.016239,1084,10,10.7777,978,978,0,0.000232629,0.00249477,0,0,0.01039,0,2,2,5,0,0,0,1,0,0,1084,371812,1084
1,bookshelf_small,39,qpAdaptive,1,1,0.0117433,769,10,10.7812,839,839,0,0.00022975,0.00249477,0,0,0.0146496,0.395319,2,2,5,0,0,0,0.602081,0.391417,0.00650195,769,233233,731
1,bookshelf_small,39,qpFreeGate,1,1,0.342268,38802,97,16.5228,2134,2134,0,0.00125729,0.00249477,0,0,0.00408024,0,282,84,0.343972,0,0,0,1,0,0,0,0,0
1,bookshelf_small,39,qpFreeEnvelope,1,1,0.0276781,1414,55,13.7081,733,733,0,0.00105251,4.66573e-05,0,0,0.0628843,0.953324,174,50,0.316092,0,0,0,0.0318697,0.866856,0.101275,0,0,0
1,bookshelf_small,39,qpEnvelope,1,1,0.00652866,397,11,10.8656,693,693,0,0.000157229,0.00249477,0,0,0.0285318,0.284635,2,2,5.5,0,0,0,0.707809,0.27204,0.0201511,397,121803,387
1,bookshelf_small,63,isSafe,1,1,0.00685064,1732,11,10.4097,7,522,0,0.00428567,0.00249477,0,0,0,0,14,7,0.785714,0,0,0,0,0,0,0,0,0
1,bookshelf_small,63,qpFixed,1,1,0.00404067,325,5,5.75077,326,326,0,0.00428567,0.00249477,0,0,0.0176947,0,1,1,5,0,0,0,1,0,0,325,76469,69
1,bookshelf_small,63,qpPlain,1,1,0.00423746,325,5,5.75077,326,326,0,0.00428567,0.00249477,0,0,0.0176947,0,1,1,5,0,0,0,1,0,0,325,111475,325
1,bookshelf_small,63,qpAdaptive,1,1,0.000970793,69,5,5.7728,321,321,0,0.00428567,0.00249477,0,0,0.0836637,0.782609,1,1,5,0,0,0,0.217391,0.73913,0.0434783,69,16576,38
1,bookshelf_small,63,qpFreeGate,1,1,0.0257506,3133,12,12.7326,984,984,0,0.00428567,0.00249477,0,0,0.00593789,0,19,8,0.631579,0,0,0,1,0,0,0,0,0
1,bookshelf_small,63,qpFreeEnvelope,1,1,0.00272074,132,12,12.6863,655,655,0,0.00428567,0.00249477,0,0,0.137203,0.977273,19,8,0.631579,0,0,0,0,0.823077,0.176923,0,0,0
1,bookshelf_small,63,qpEnvelope,1,1,0.000395171,20,5,5.77686,299,299,0,0.00428567,0.00249477,0,0,0.288843,0.9,1,1,5,0,0,0,0.1,0.75,0.15,20,5102,12
1,bookshelf_small,87,isSafe,1,1,0.00292383,743,6,7.36423,5,370,0,0.00547735,0.00249477,0,0,0,0,3,2,2,0,0,0,0,0,0,0,0,0
1,bookshelf_small,87,qpFixed,1,1,0.0063511,455,7,6.27252,456,456,0,0.00547735,0.00249477,0,0,0.0137858,0,1,1,7,0,0,0,1,0,0,455,103686,300
1,bookshelf_small,87,qpPlain,1,1,0.00619111,455,7,6.27252,456,456,0,0.00547735,0.00249477,0,0,0.0137858,0,1,1,7,0,0,0,1,0,0,455,156065,455
1,bookshelf_small,87,qpAdaptive,1,1,0.00289246,217,7,6.28361,410,410,0,0.00547735,0.00249477,0,0,0.0289567,0.612903,1,1,7,0,0,0,0.37788,0.599078,0.0230415,217,51028,173
1,bookshelf_small,87,qpFreeGate,1,1,0.00670775,821,7,7.33594,607,607,0,0.00547735,0.00249477,0,0,0.00920684,0,3,2,2.33333,0,0,0,1,0,0,0,0,0
1,bookshelf_small,87,qpFreeEnvelope,1,1,0.00086011,45,7,7.22257,382,382,0,0.00547735,0.00249477,0,0,0.163967,0.977778,3,2,2.33333,0,0,0,0.0222222,0.822222,0.155556,0,0,0
1,bookshelf_small,87,qpEnvelope,1,1,0.0010753,68,7,6.32845,348,348,0,0.00547735,0.00249477,0,0,0.0930654,0.661765,1,1,7,0,0,0,0.338235,0.588235,0.0735294,68,16927,53
1,box,12,isSafe,1,1,0.016509,4317,23,11.9211,7,598,0,0.000209894,0.00249477,0,0,0,0,47,20,0.489362,0,0,0,0,0,0,0,0,0
1,box,12,qpFixed,1,1,0.0571771,3938,26,13.1678,1099,1099,0,0.00615463,0.00249477,0,0,0.00992738,0,11,11,2.36364,0,0,0,1,0,0,3937,975153,3164
1,box,12,qpPlain,1,1,0.0584868,3938,26,13.1678,1099,1099,0,0.00615463,0.00249477,0,0,0.00992738,0,11,11,2.36364,0,0,0,1,0,0,3937,1350391,3937
1,box,12,qpAdaptive,1,1,0.0253223,1713,26,13.188,806,806,0,0.00565851,0.00249477,0,0,0.0229205,0.559253,11,11,2.36364,0,0,0,0.435748,0.55257,0.0116822,1712,430690,1638
1,box,12,qpFreeGate,1,1,0.0682414,8509,32,14.4738,1304,1304,0,0.00777862,0.00249477,0,0,0.00562396,0,47,25,0.680851,0,0,0,1,0,0,0,0,0
1,box,12,qpFreeEnvelope,1,1,0.0339429,1676,82,18.8636,997,997,0,0.00130216,0.00249477,0,0,0.0887154,0.943914,217,72,0.37788,0,0,0,0.0395446,0.834632,0.125824,0,0,0
1,box,12,qpEnvelope,1,1,0.013018,824,33,15.0206,837,837,0,0.00154544,0.00249477,0,0,0.0441784,0.378641,10,10,3.3,0,0,0,0.613609,0.348724,0.0376671,823,200353,798
1,box,36,isSafe,1,1,0.027314,7210,37,13.7914,8,691,0,0.00700452,0.00249477,0,0,0,0,112,33,0.330357,0,0,0,0,0,0,0,0,0
1,box,36,qpFixed,1,1,0.0164136,1285,10,8.291,678,678,0,0.00217611,0.00249477,0,0,0.010462,0,3,3,3.33333,0,0,0,1,0,0,1285,316262,782
1,box,36,qpPlain,1,1,0.0185574,1285,10,8.291,678,678,0,0.00217611,0.00249477,0,0,0.010462,0,3,3,3.33333,0,0,0,1,0,0,1285,440755,1285
1,box,36,qpAdaptive,1,1,0.00644814,469,10,8.29286,532,532,0,0.00188482,0.00249477,0,0,0.0287011,0.428571,3,3,3.33333,0,0,0,0.567164,0.413646,0.0191898,469,117513,424
1,box,36,qpFreeGate,1,1,0.362258,45051,122,24.293,2095,2095,0,0.0101163,0.00249477,0,0,0.00458011,0,303,109,0.40264,0,0,0,1,0,0,0,0,0
1,box,36,qpFreeEnvelope,1,1,0.0279885,1458,73,21.3874,1131,1131,0,0.000466572,3.03405e-05,0,0,0.0847014,0.954047,182,64,0.401099,0,0,0,0.0179806,0.85408,0.127939,0,0,0
1,box,36,qpEnvelope,1,1,0.00457267,307,10,8.29827,503,503,0,0.000859946,0.00249477,0,0,0.0440633,0.201954,3,3,3.33333,0,0,0,0.798046,0.172638,0.029316,307,78099,284
1,box,60,isSafe,1,1,0.00690937,1841,11,9.55832,6,479,0,0.00351517,0.00249477,0,0,0,0,28,8,0.392857,0,0,0,0,0,0,0,0,0
1,box,60,qpFixed,1,1,0.00418782,328,6,4.86018,329,329,0,0.00306694,0.00249477,0,0,0.0148176,0,1,1,6,0,0,0,1,0,0,328,80542,145
1,box,60,qpPlain,1,1,0.00431831,328,6,4.86018,329,329,0,0.00306694,0.00249477,0,0,0.0148176,0,1,1,6,0,0,0,1,0,0,328,112504,328
1,box,60,qpAdaptive,1,1,0.0021488,165,6,4.86047,293,293,0,0.00306322,0.00249477,0,0,0.0294574,0.278788,1,1,6,0,0,0,0.721212,0.260606,0.0181818,165,41158,142
1,box,60,qpFreeGate,1,1,0.132486,16554,41,15.7954,1577,1577,0,0.0099094,0.00249477,0,0,0.00407815,0,99,32,0.414141,0,0,0,1,0,0,0,0,0
1,box,60,qpFreeEnvelope,1,1,0.0108967,567,29,12.7359,664,664,0,0.0129723,0.00249477,0,0,0.0779523,0.973545,65,22,0.446154,0,0,0,0.00711744,0.86121,0.131673,0,0,0
1,box,60,qpEnvelope,1,1,0.00141326,91,6,4.86135,278,278,0,0.00333249,0.00249477,0,0,0.0534214,0.351648,1,1,6,0,0,0,0.648352,0.307692,0.043956,91,23236,79
1,box,84,isSafe,1,1,0.00946405,2510,15,10.5142,7,527,0,0.0272034,0.00249477,0,0,0,0,23,11,0.652174,0,0,0,0,0,0,0,0,0
1,box,84,qpFixed,1,1,0.0183161,1431,12,13.8359,1037,1037,0,0.0033144,0.00249477,0,0,0.012145,0,4,4,3,0,0,0,1,0,0,1431,342656,988
1,box,84,qpPlain,1,1,0.0203822,1431,12,13.8359,1037,1037,0,0.0033144,0.00249477,0,0,0.012145,0,4,4,3,0,0,0,1,0,0,1431,490833,1431
1,box,84,qpAdaptive,1,1,0.0074405,552,12,13.8437,819,819,0,0.00295397,0.00249477,0,0,0.0315487,0.668478,4,4,3,0,0,0,0.320652,0.663043,0.0163043,552,134859,498
1,box,84,qpFreeGate,1,1,0.0368688,4612,19,13.8211,1433,1433,0,0.0109948,0.00249477,0,0,0.00577733,0,22,11,0.863636,0,0,0,1,0,0,0,0,0
1,box,84,qpFreeEnvelope,1,1,0.00522778,274,19,13.9326,743,743,0,0.000223655,0.00249477,0,0,0.0934823,0.864964,22,11,0.863636,0,0,0,0.113139,0.777372,0.109489,0,0,0
1,box,84,qpEnvelope,1,1,0.00393586,266,12,13.8597,764,764,0,0.00191069,0.00249477,0,0,0.06567,0.545113,4,4,3,0,0,0,0.454887,0.507519,0.037594,266,65342,242
1,table_pick,8,isSafe,1,1,0.0186856,3224,15,3.89026,3,196,0,0.00343186,0.00249477,0,0,0,0,30,12,0.5,0,0,0,0,0,0,0,0,0
1,table_pick,8,qpFixed,1,1,0.00622813,398,5,5.02645,399,399,0,0.00518249,0.00249477,0,0,0.0126293,0,1,1,5,0,0,0,1,0,0,398,87276,89
1,table_pick,8,qpPlain,1,1,0.00702019,398,5,5.02645,399,399,0,0.00518249,0.00249477,0,0,0.0126293,0,1,1,5,0,0,0,1,0,0,398,136514,398
1,table_pick,8,qpAdaptive,1,1,0.00110101,63,5,5.02728,290,290,0,0.0051599,0.00249477,0,0,0.0797982,0.777778,1,1,5,0,0,0,0.206349,0.746032,0.047619,63,16314,38
1,table_pick,8,qpFreeGate,1,1,0.035017,3512,18,2.99388,250,250,0,0.00313121,0.00249477,0,0,0.00805331,0,30,14,0.6,0,0,0,1,0,0,0,0,0
1,table_pick,8,qpFreeEnvelope,1,1,0.00566939,196,17,2.98667,163,163,0,0.00313652,0.00249477,0,0,0.145542,0.984694,30,14,0.566667,0,0,0,0.00512821,0.841026,0.153846,0,0,0
1,table_pick,8,qpEnvelope,1,1,0.000586661,27,5,5.02889,266,266,0,0.00510655,0.00249477,0,0,0.186255,1,1,1,5,0,0,0,0,0.888889,0.111111,27,7091,17
1,table_pick,32,isSafe,1,1,0.00647818,1120,8,10.6131,7,532,0,0.000377713,0.00249477,0,0,0,0,4,3,2,0,0,0,0,0,0,0,0,0
1,table_pick,32,qpFixed,1,1,0.010143,679,7,8.17175,680,680,0,0.00690251,0.00249477,0,0,0.012035,0,1,1,7,0,0,0,1,0,0,679,153102,12
1,table_pick,32,qpPlain,1,1,0.0118345,679,7,8.17175,680,680,0,0.00690251,0.00249477,0,0,0.012035,0,1,1,7,0,0,0,1,0,0,679,232897,679
1,table_pick,32,qpAdaptive,1,1,0.000972811,51,7,8.17175,435,435,0,0.00690251,0.00249477,0,0,0.16023,0.705882,1,1,7,0,0,0,0.294118,0.607843,0.0980392,51,14298,12
1,table_pick,32,qpFreeGate,1,1,0.0140323,1390,9,9.99523,869,869,0,0.00339269,0.00249477,0,0,0.00820307,0,6,4,1.5,0,0,0,1,0,0,0,0,0
1,table_pick,32,qpFreeEnvelope,1,1,0.00192538,76,9,9.99128,519,519,0,0.00339897,0.00249477,0,0,0.150999,1,6,4,1.5,0,0,0,0,0.907895,0.0921053,0,0,0
1,table_pick,32,qpEnvelope,1,1,0.000542051,26,7,8.17181,422,422,0,0.00700598,0.00249477,0,0,0.3143,1,1,1,7,0,0,0,0,0.807692,0.192308,26,7001,7
1,table_pick,56,isSafe,1,1,0.0215426,3712,21,10.117,7,507,0,0.00239575,0.00249477,0,0,0,0,53,15,0.396226,0,0,0,0,0,0,0,0,0
1,table_pick,56,qpFixed,1,1,0.0117866,728,7,8.42694,729,729,0,0.00011478,0.00249477,0,0,0.0115755,0,1,1,7,0,0,0,1,0,0,728,171394,329
1,table_pick,56,qpPlain,1,1,0.0132975,728,7,8.42694,729,729,0,0.00011478,0.00249477,0,0,0.0115755,0,1,1,7,0,0,0,1,0,0,728,249704,728
1,table_pick,56,qpAdaptive,1,1,0.00578078,310,7,8.42702,580,580,0,0.000114758,0.00249477,0,0,0.0271839,0.206452,1,1,7,0,0,0,0.793548,0.193548,0.0129032,310,76445,286
1,table_pick,56,qpFreeGate,1,1,0.0561902,5562,19,14.5197,1198,1198,0,0.00131504,0.00249477,0,0,0.005459,0,34,13,0.558824,0,0,0,1,0,0,0,0,0
1,table_pick,56,qpFreeEnvelope,1,1,0.0101457,382,19,14.5409,762,762,0,0.00125642,0.00249477,0,0,0.0788937,0.853403,34,13,0.558824,0,0,0,0.126316,0.778947,0.0947368,0,0,0
1,table_pick,56,qpEnvelope,1,1,0.00559159,239,7,8.42138,548,548,0,0.000107988,0.00249477,0,0,0.0352359,0.196653,1,1,7,0,0,0,0.803347,0.179916,0.0167364,239,58830,227
1,table_pick,80,isSafe,1,1,0.0101063,1757,11,12.644,8,634,0,0.00363123,0.00249477,0,0,0,0,10,6,1.1,0,0,0,0,0,0,0,0,0
1,table_pick,80,qpFixed,1,1,0.0102812,678,7,8.72686,679,679,0,0.00594647,0.00249477,0,0,0.0128715,0,1,1,7,0,0,0,1,0,0,678,150390,179
1,table_pick,80,qpPlain,1,1,0.0118366,678,7,8.72686,679,679,0,0.00594647,0.00249477,0,0,0.0128715,0,1,1,7,0,0,0,1,0,0,678,232554,678
1,table_pick,80,qpAdaptive,1,1,0.00127479,70,8,8.74567,473,473,0,0.00594679,0.00249477,0,0,0.124938,0.671429,1,1,8,0,0,0,0.314286,0.6,0.0857143,70,17893,45
1,table_pick,80,qpFreeGate,1,1,0.0172543,1738,12,12.0863,884,884,0,0.00296109,0.00249477,0,0,0.00937575,0,10,6,1.2,0,0,0,1,0,0,0,0,0
1,table_pick,80,qpFreeEnvelope,1,1,0.00254282,87,11,12.1884,627,627,0,0.00295449,0.00249477,0,0,0.188533,0.954023,10,6,1.1,0,0,0,0.0344828,0.781609,0.183908,0,0,0
1,table_pick,80,qpEnvelope,1,1,0.000756436,35,9,8.78651,460,460,0,0.00596474,0.00249477,0,0,0.251043,0.942857,1,1,9,0,0,0,0,0.8,0.2,35,8654,23
1,cage,4,isSafe,1,1,3.42931,802434,6268,25.1516,16,1259,0,0.00607155,0.00249477,0,0,0,0,35851,6263,0.174835,0,0,0,0,0,0,0,0,0
1,cage,4,qpFixed,1,1,0.603408,42905,209,19.8098,1576,1576,0,0.000271419,0.00249477,0,0,0.00882556,0,177,125,1.18079,0,0,0,1,0,0,42889,11634499,37875
1,cage,4,qpPlain,1,1,0.648075,42905,209,19.8098,1576,1576,0,0.000271419,0.00249477,0,0,0.00882556,0,177,125,1.18079,0,0,0,1,0,0,42889,14710927,42889
1,cage,4,qpAdaptive,1,1,0.428607,28668,206,19.8062,1315,1315,0,0.000248161,0.00249477,0,0,0.0132227,0.294475,177,124,1.16384,0,0,0,0.703811,0.291373,0.00481608,28654,7826315,27850
1,cage,4,qpFreeGate,1,1,0.694614,84777,222,28.983,2553,2553,0,0.00417237,0.00212044,0,0,0.00431647,0,590,193,0.376271,0,0,0,1,0,0,0,0,0
1,cage,4,qpFreeEnvelope,1,1,0.834232,41766,1849,29.1403,1536,1536,0,0.000898467,0.00249477,0,0,0.0641727,0.914356,6856,1797,0.269691,0,0,0,0.0407559,0.821305,0.137939,0,0,0
1,cage,4,qpEnvelope,1,1,0.327679,20888,198,19.8432,1143,1143,0,0.000118754,0.00249477,0,0,0.0178791,0.212754,177,122,1.11864,0,0,0,0.785933,0.205922,0.00814488,20872,5727442,20514
1,cage,28,isSafe,1,1,2.59364,650858,4904,27.7912,17,1391,0,0.00103343,0.00249477,0,0,0,0,28033,4899,0.174937,0,0,0,0,0,0,0,0,0
1,cage,28,qpFixed,1,1,0.246029,18810,92,23.8296,2079,2079,0,6.14454e-05,0.00249477,0,0,0.008828,0,73,52,1.26027,0,0,0,1,0,0,18805,4828643,16223
1,cage,28,qpPlain,1,1,0.257826,18810,92,23.8296,2079,2079,0,6.14454e-05,0.00249477,0,0,0.008828,0,73,52,1.26027,0,0,0,1,0,0,18805,6450115,18805
1,cage,28,qpAdaptive,1,1,0.175661,12653,87,26.1933,1796,1796,0,6.01644e-05,0.00249477,0,0,0.0129765,0.223741,73,50,1.19178,0,0,0,0.774844,0.220966,0.00419005,12649,3240345,12381
1,cage,28,qpFreeGate,1,1,2.89986,371354,878,25.3829,3025,3025,0,0.00128074,0.00249477,0,0,0.00376981,0,2937,831,0.298945,0,0,0,1,0,0,0,0,0
1,cage,28,qpFreeEnvelope,1,1,0.198373,10414,445,36.1949,1921,1921,0,0.000359559,0.00249477,0,0,0.0685979,0.924045,1425,423,0.312281,0,0,0,0.0473791,0.824242,0.128379,0,0,0
1,cage,28,qpEnvelope,1,1,0.142582,9964,87,26.1932,1559,1559,0,5.68763e-05,0.00249477,0,0,0.0164973,0.162184,73,50,1.19178,0,0,0,0.836245,0.156827,0.00692771,9960,2549138,9850
1,cage,52,isSafe,1,1,0.877881,225880,1403,18.4047,11,922,0,0.00309412,0.00249477,0,0,0,0,7822,1399,0.179366,0,0,0,0,0,0,0,0,0
1,cage,52,qpFixed,1,1,0.106798,8064,49,15.6815,1370,1370,0,0.00109689,0.00249477,0,0,0.00938676,0,29,24,1.68966,0,0,0,1,0,0,8063,2152036,7095
1,cage,52,qpPlain,1,1,0.110514,8064,49,15.6815,1370,1370,0,0.00109689,0.00249477,0,0,0.00938676,0,29,24,1.68966,0,0,0,1,0,0,8063,2765609,8063
1,cage,52,qpAdaptive,1,1,0.0635905,4519,49,15.6856,1042,1042,0,0.00104849,0.00249477,0,0,0.0168082,0.404072,29,24,1.68966,0,0,0,0.592961,0.398849,0.00818946,4518,1192317,4394
1,cage,52,qpFreeGate,1,1,2.35486,301398,693,23.7254,2665,2665,0,0.00320792,0.00249477,0,0,0.00376675,0,2310,667,0.3,0,0,0,1,0,0,0,0,0
1,cage,52,qpFreeEnvelope,1,1,0.74998,38365,1686,21.3495,1169,1169,0,0.000175013,0.00249477,0,0,0.0642255,0.905304,6119,1626,0.275535,0,0,0,0.0471119,0.824207,0.128681,0,0,0
1,cage,52,qpEnvelope,1,1,0.0418773,2811,47,15.7243,889,889,0,0.000946423,0.00249477,0,0,0.0268021,0.296692,29,24,1.62069,0,0,0,0.700712,0.284342,0.0149466,2810,724731,2770
1,cage,76,isSafe,1,1,0.0935617,24422,125,18.7472,11,939,0,0.00255825,0.00249477,0,0,0,0,609,121,0.205255,0,0,0,0,0,0,0,0,0
1,cage,76,qpFixed,1,1,0.560449,40769,197,22.5183,1712,1712,0,2.36848e-05,0.00249477,0,0,0.00860676,0,170,119,1.15882,0,0,0,1,0,0,40747,11157674,35911
1,cage,76,qpPlain,1,1,0.563053,40769,197,22.5183,1712,1712,0,2.36848e-05,0.00249477,0,0,0.00860676,0,170,119,1.15882,0,0,0,1,0,0,40747,13976221,40747
1,cage,76,qpAdaptive,1,1,0.396338,27704,195,22.6667,1502,1502,0,5.8279e-05,0.00249477,0,0,0.012606,0.233901,170,118,1.14706,0,0,0,0.764585,0.230936,0.00447928,27683,7537040,27155
1,cage,76,qpFreeGate,1,1,1.65506,212338,483,33.603,3622,3622,0,0.00226327,0.000923939,0,0,0.00381329,0,1549,454,0.311814,0,0,0,1,0,0,0,0,0
1,cage,76,qpFreeEnvelope,1,1,0.274074,14423,631,18.7631,982,982,0,0.00202943,0.00249477,0,0,0.0703347,0.917146,2069,595,0.304978,0,0,0,0.0498427,0.818455,0.131702,0,0,0
1,cage,76,qpEnvelope,1,1,0.294442,19835,188,22.7113,1399,1399,0,1.86914e-05,0.00249477,0,0,0.0173172,0.198639,170,114,1.10588,0,0,0,0.79999,0.191531,0.00847885,19814,5420983,19563
1,cage,100,isSafe,1,1,0.0241431,6317,32,13.0418,8,654,0,0.00600992,0.00249477,0,0,0,0,115,28,0.278261,0,0,0,0,0,0,0,0,0
1,cage,100,qpFixed,1,1,0.0859198,6741,40,17.1439,1592,1592,0,0.000203553,0.00249477,0,0,0.00907456,0,22,17,1.81818,0,0,0,1,0,0,6740,1709441,5162
1,cage,100,qpPlain,1,1,0.0909554,6741,40,17.1439,1592,1592,0,0.000203553,0.00249477,0,0,0.00907456,0,22,17,1.81818,0,0,0,1,0,0,6740,2311820,6740
1,cage,100,qpAdaptive,1,1,0.0583574,4193,35,17.1672,1269,1269,0,0.000668346,0.00249477,0,0,0.0145647,0.135702,22,17,1.59091,0,0,0,0.86355,0.131679,0.00477099,4192,1113387,4029
1,cage,100,qpFreeGate,1,1,2.5215,321136,754,20.0842,2421,2421,0,0.00378095,0.000170043,0,0,0.00373531,0,2760,740,0.273188,0,0,0,1,0,0,0,0,0
1,cage,100,qpFreeEnvelope,1,1,0.199589,10346,440,21.5665,1143,1143,0,0.00121775,4.35004e-05,0,0,0.0699564,0.922385,1566,429,0.280971,0,0,0,0.0393,0.845733,0.114967,0,0,0
1,cage,100,qpEnvelope,1,1,0.0526234,3695,36,15.3132,1129,1129,0,0.000516968,0.00249477,0,0,0.016747,0.0584574,22,17,1.63636,0,0,0,0.940731,0.052774,0.00649526,3695,976277,3647
1,bookshelf_tall,19,isSafe,1,1,0.00646965,879,7,6.20801,5,312,0,0.00692202,0.00249477,0,0,0,0,8,2,0.875,0,0,0,0,0,0,0,0,0
1,bookshelf_tall,19,qpFixed,1,1,0.0163909,801,16,8.02885,562,562,0,0.00731639,0.00249477,0,0,0.013133,0,2,2,8,0,0,0,1,0,0,801,225133,541
1,bookshelf_tall,19,qpPlain,1,1,0.0171691,801,16,8.02885,562,562,0,0.00731639,0.00249477,0,0,0.013133,0,2,2,8,0,0,0,1,0,0,801,274743,801
1,bookshelf_tall,19,qpAdaptive,1,1,0.00973107,438,18,8.01672,473,473,0,0.00731639,0.00249477,0,0,0.0239992,0.424658,2,2,9,0,0,0,0.561644,0.40411,0.0342466,438,127131,374
1,bookshelf_tall,19,qpFreeGate,1,1,0.0242439,2079,11,14.4597,924,924,0,0.00690703,0.00249477,0,0,0.00829796,0,11,6,1,0,0,0,1,0,0,0,0,0
1,bookshelf_tall,19,qpFreeEnvelope,1,1,0.0039178,110,11,14.477,746,746,0,0.00687406,0.00249477,0,0,0.156532,0.972727,11,6,1,0,0,0,0.0181818,0.818182,0.163636,0,0,0
1,bookshelf_tall,19,qpEnvelope,1,1,0.00466114,189,17,8.01218,429,429,0,0.00731639,0.00249477,0,0,0.056009,0.322751,2,2,8.5,0,0,0,0.650794,0.269841,0.0793651,189,56453,167
1,bookshelf_tall,44,isSafe,1,1,0.0156664,2133,13,16.9164,10,847,0,0.000812192,0.00195979,0,0,0,0,15,7,0.866667,0,0,0,0,0,0,0,0,0
1,bookshelf_tall,44,qpFixed,1,1,0.0441029,2125,20,12.2107,1086,1086,0,0.000271336,0.00249477,0,0,0.0109366,0,5,4,4,0,0,0,1,0,0,2125,613676,1466
1,bookshelf_tall,44,qpPlain,1,1,0.0454641,2125,20,12.2107,1086,1086,0,0.000271336,0.00249477,0,0,0.0109366,0,5,4,4,0,0,0,1,0,0,2125,728875,2125
1,bookshelf_tall,44,qpAdaptive,1,1,0.0224014,995,20,12.2078,822,822,0,0.000281524,0.00249477,0,0,0.0233728,0.60603,5,4,4,0,0,0,0.38995,0.592965,0.0170854,995,311830,948
1,bookshelf_tall,44,qpFreeGate,1,1,0.255218,21045,49,18.5447,1842,1842,0,0.00263101,0.00249477,0,0,0.00401329,0,155,43,0.316129,0,0,0,1,0,0,0,0,0
1,bookshelf_tall,44,qpFreeEnvelope,1,1,0.0378364,1086,51,19.1304,1006,1006,0,0.00208882,0.00249477,0,0,0.0768233,0.955801,155,43,0.329032,0,0,0,0.0203515,0.832562,0.147086,0,0,0
1,bookshelf_tall,44,qpEnvelope,1,1,0.0126885,520,22,12.2082,746,746,0,0.000287279,0.00249477,0,0,0.046366,0.676923,5,5,4.4,0,0,0,0.315992,0.641618,0.0423892,519,161440,496
1,bookshelf_tall,69,isSafe,1,1,0.164492,21109,108,14.0827,9,706,0,0.00497499,0.00249477,0,0,0,0,502,104,0.215139,0,0,0,0,0,0,0,0,0
1,bookshelf_tall,69,qpFixed,1,1,0.0262727,1219,14,11.0163,1011,1011,0,0.00159183,0.00249477,0,0,0.00961244,0,3,3,4.66667,0,0,0,1,0,0,1219,356273,991
1,bookshelf_tall,69,qpPlain,1,1,0.0263506,1219,14,11.0163,1011,1011,0,0.00159183,0.00249477,0,0,0.00961244,0,3,3,4.66667,0,0,0,1,0,0,1219,418117,1219
1,bookshelf_tall,69,qpAdaptive,1,1,0.0140197,579,14,11.045,778,778,0,0.00157544,0.00249477,0,0,0.0202833,0.468048,3,3,4.66667,0,0,0,0.530225,0.454231,0.015544,579,173077,567
1,bookshelf_tall,69,qpFreeGate,1,1,0.141181,11658,28,9.34539,947,947,0,0.00307977,0.00249477,0,0,0.00402521,0,88,23,0.318182,0,0,0,1,0,0,0,0,0
1,bookshelf_tall,69,qpFreeEnvelope,1,1,0.0211934,622,28,9.45788,504,504,0,0.000181503,0.000213027,0,0,0.0728003,0.966238,88,23,0.318182,0,0,0,0.0129241,0.84168,0.145396,0,0,0
1,bookshelf_tall,69,qpEnvelope,1,1,0.00756953,308,15,11.0806,640,640,0,0.00137551,0.00249477,0,0,0.0382962,0.428571,3,3,5,0,0,0,0.564935,0.396104,0.038961,308,92250,302
1,bookshelf_tall,94,isSafe,1,1,0.00640229,839,7,8.32061,6,418,0,0.00495304,0.00249477,0,0,0,0,1,1,7,0,0,0,0,0,0,0,0,0
1,bookshelf_tall,94,qpFixed,1,1,0.0132685,679,7,8.32064,680,680,0,0.00495304,0.00249477,0,0,0.0122543,0,1,1,7,0,0,0,1,0,0,679,195832,40
1,bookshelf_tall,94,qpPlain,1,1,0.0139587,679,7,8.32064,680,680,0,0.00495304,0.00249477,0,0,0.0122543,0,1,1,7,0,0,0,1,0,0,679,232897,679
1,bookshelf_tall,94,qpAdaptive,1,1,0.00221743,108,7,8.32064,472,472,0,0.00495304,0.00249477,0,0,0.0770429,0.833333,1,1,7,0,0,0,0.166667,0.787037,0.0462963,108,32462,8
1,bookshelf_tall,94,qpFreeGate,1,1,0.00801876,683,7,8.32062,684,684,0,0.00495304,0.00249477,0,0,0.0121825,0,1,1,7,0,0,0,1,0,0,0,0,0
1,bookshelf_tall,94,qpFreeEnvelope,1,1,0.000923253,23,7,8.32064,426,426,0,0.00495304,0.00249477,0,0,0.361767,1,1,1,7,0,0,0,0,0.782609,0.217391,0,0,0
1,bookshelf_tall,94,qpEnvelope,1,1,0.000803985,25,7,8.32062,429,429,0,0.00495304,0.00249477,0,0,0.332825,0.92,1,1,7,0,0,0,0.08,0.72,0.2,25,7419,2
1,bookshelf_thin,19,isSafe,1,1,0.261324,25873,132,17.6908,10,886,0,0.00528058,0.00112081,0,0,0,0,672,129,0.196429,0,0,0,0,0,0,0,0,0
1,bookshelf_thin,19,qpFixed,1,1,0.0650114,2446,14,12.3882,1207,1207,0,0.000354427,0.00249477,0,0,0.00895665,0,8,6,1.75,0,0,0,1,0,0,2442,605487,1718
1,bookshelf_thin,19,qpPlain,1,1,0.0674724,2446,14,12.3882,1207,1207,0,0.000354427,0.00249477,0,0,0.00895665,0,8,6,1.75,0,0,0,1,0,0,2442,837606,2442
1,bookshelf_thin,19,qpAdaptive,1,1,0.0383958,1373,14,12.3996,911,911,0,0.000353825,0.00249477,0,0,0.0159767,0.188638,8,6,1.75,0,0,0,0.808619,0.184076,0.0073046,1369,360014,1317
1,bookshelf_thin,19,qpFreeGate,1,1,0.233925,15962,58,11.5593,887,887,0,0.00525303,0.00249477,0,0,0.00567936,0,142,52,0.408451,0,0,0,1,0,0,0,0,0
1,bookshelf_thin,19,qpFreeEnvelope,1,1,0.0401608,842,56,11.5678,599,599,0,0.00526109,0.00249477,0,0,0.1102,0.961995,142,51,0.394366,0,0,0,0,0.821216,0.178784,0,0,0
1,bookshelf_thin,19,qpEnvelope,1,1,0.0290803,1003,15,12.4027,773,773,0,0.000338678,0.00249477,0,0,0.0219088,0.149551,8,6,1.875,0,0,0,0.846847,0.142142,0.011011,999,259914,981
1,bookshelf_thin,43,isSafe,1,1,0.0256109,2365,14,11.4597,7,574,0,0.0033737,0.00249477,0,0,0,0,20,10,0.7,0,0,0,0,0,0,0,0,0
1,bookshelf_thin,43,qpFixed,1,1,0.0280982,1018,9,11.6273,894,894,0,0.000257884,0.00249477,0,0,0.0122695,0,2,2,4.5,0,0,0,1,0,0,1018,274933,609
1,bookshelf_thin,43,qpPlain,1,1,0.0290969,1018,9,11.6273,894,894,0,0.000257884,0.00249477,0,0,0.0122695,0,2,2,4.5,0,0,0,1,0,0,1018,349174,1018
1,bookshelf_thin,43,qpAdaptive,1,1,0.0176937,590,9,11.6282,745,745,0,0.000257884,0.00249477,0,0,0.0211714,0.249153,2,2,4.5,0,0,0,0.747458,0.244068,0.00847458,590,164626,519
1,bookshelf_thin,43,qpFreeGate,1,1,0.109469,7192,31,13.0373,1281,1281,0,0.00242636,0.00232434,0,0,0.0058649,0,38,18,0.815789,0,0,0,1,0,0,0,0,0
1,bookshelf_thin,43,qpFreeEnvelope,1,1,0.0167371,362,37,14.04,740,740,0,0.000214671,0.000165744,0,0,0.123667,0.947514,45,19,0.822222,0,0,0,0.0166205,0.817175,0.166205,0,0,0
1,bookshelf_thin,43,qpEnvelope,1,1,0.0112393,388,9,11.6244,685,685,0,0.000257884,0.00249477,0,0,0.0321836,0.216495,2,2,4.5,0,0,0,0.780928,0.203608,0.0154639,388,106427,359
1,bookshelf_thin,67,isSafe,1,1,0.88901,84906,408,21.2547,12,1064,0,0.00551331,0.00249477,0,0,0,0,1954,405,0.208802,0,0,0,0,0,0,0,0,0
1,bookshelf_thin,67,qpFixed,1,1,0.0137073,511,6,6.6777,512,512,0,0.00243764,0.00249477,0,0,0.0130679,0,1,1,6,0,0,0,1,0,0,511,128137,186
1,bookshelf_thin,67,qpPlain,1,1,0.0131094,511,6,6.6777,512,512,0,0.00243764,0.00249477,0,0,0.0130679,0,1,1,6,0,0,0,1,0,0,511,175273,511
1,bookshelf_thin,67,qpAdaptive,1,1,0.00650286,211,6,6.67769,427,427,0,0.00243846,0.00249477,0,0,0.0316478,0.161137,1,1,6,0,0,0,0.838863,0.146919,0.014218,211,48508,184
1,bookshelf_thin,67,qpFreeGate,1,1,0.451324,30841,82,12.9003,1059,1059,0,0.00427108,0.00249477,0,0,0.00432503,0,227,71,0.361233,0,0,0,1,0,0,0,0,0
1,bookshelf_thin,67,qpFreeEnvelope,1,1,0.0808374,1870,76,12.9208,664,664,0,0.00424803,0.00249477,0,0,0.0717764,0.975401,227,68,0.334802,0,0,0,0.00864398,0.887628,0.103728,0,0,0
1,bookshelf_thin,67,qpEnvelope,1,1,0.00345641,122,6,6.67878,389,389,0,0.00193125,0.00249477,0,0,0.0547441,0.204918,1,1,6,0,0,0,0.795082,0.180328,0.0245902,122,28273,110
1,bookshelf_thin,92,isSafe,1,1,0.0296463,2828,16,15.5624,9,780,0,0.00270716,0.00249477,0,0,0,0,33,11,0.484848,0,0,0,0,0,0,0,0,0
1,bookshelf_thin,92,qpFixed,1,1,0.0464355,1675,12,11.6712,944,944,0,0.000854182,0.00249477,0,0,0.00985896,0,4,3,3,0,0,0,1,0,0,1675,394013,1368
1,bookshelf_thin,92,qpPlain,1,1,0.0480309,1675,12,11.6712,944,944,0,0.000854182,0.00249477,0,0,0.00985896,0,4,3,3,0,0,0,1,0,0,1675,574525,1675
1,bookshelf_thin,92,qpAdaptive,1,1,0.0317956,1118,12,11.6742,769,769,0,0.000854182,0.00249477,0,0,0.0147743,0.250447,4,3,3,0,0,0,0.745975,0.247764,0.00626118,1118,252225,1079
1,bookshelf_thin,92,qpFreeGate,1,1,0.0743924,5033,19,15.2838,1030,1030,0,0.00707539,0.00249477,0,0,0.00626459,0,33,12,0.575758,0,0,0,1,0,0,0,0,0
1,bookshelf_thin,92,qpFreeEnvelope,1,1,0.0119185,252,19,15.6745,809,809,0,0.00269921,0.00249477,0,0,0.123769,0.992063,33,13,0.575758,0,0,0,0,0.837302,0.162698,0,0,0
1,bookshelf_thin,92,qpEnvelope,1,1,0.0198549,665,12,11.7,678,678,0,0.000822608,0.00249477,0,0,0.0248522,0.181955,4,3,3,0,0,0,0.816541,0.171429,0.0120301,665,147595,652
1,table_under_pick,16,isSafe,1,1,0.0094801,1654,10,11.5157,7,577,0,0.00172911,0.00249477,0,0,0,0,32,6,0.3125,0,0,0,0,0,0,0,0,0
1,table_under_pick,16,qpFixed,1,1,0.0400128,2148,15,11.1428,933,933,0,0.00146086,0.00249477,0,0,0.0105371,0,4,4,3.75,0,0,0,1,0,0,2148,593307,1775
1,table_under_pick,16,qpPlain,1,1,0.0389376,2148,15,11.1428,933,933,0,0.00146086,0.00249477,0,0,0.0105371,0,4,4,3.75,0,0,0,1,0,0,2148,736764,2148
1,table_under_pick,16,qpAdaptive,1,1,0.0297364,1543,15,11.1422,816,816,0,0.00148351,0.00249477,0,0,0.0146805,0.255347,4,4,3.75,0,0,0,0.744005,0.252106,0.00388853,1543,428384,1484
1,table_under_pick,16,qpFreeGate,1,1,0.115986,11320,40,13.9302,1454,1454,0,0.00136326,0.00249477,0,0,0.00451351,0,74,27,0.540541,0,0,0,1,0,0,0,0,0
1,table_under_pick,16,qpFreeEnvelope,1,1,0.0106516,361,19,14.0363,749,749,0,0.00101131,0.00249477,0,0,0.0761582,0.958449,41,14,0.463415,0,0,0,0.0138889,0.869444,0.116667,0,0,0
1,table_under_pick,16,qpEnvelope,1,1,0.0196787,968,15,11.2629,691,691,0,0.00117833,0.00249477,0,0,0.0236149,0.196281,4,4,3.75,0,0,0,0.803719,0.184917,0.0113636,968,266691,944
1,table_under_pick,40,isSafe,1,1,0.00522228,903,7,8.75729,6,439,0,0.00397489,0.00249477,0,0,0,0,13,3,0.538462,0,0,0,0,0,0,0,0,0
1,table_under_pick,40,qpFixed,1,1,0.0327975,1937,22,10.1175,717,717,0,0.00748217,0.000449447,0,0,0.0117728,0,5,4,4.4,0,0,0,1,0,0,1937,500565,1046
1,table_under_pick,40,qpPlain,1,1,0.0342187,1937,22,10.1175,717,717,0,0.00748217,0.000449447,0,0,0.0117728,0,5,4,4.4,0,0,0,1,0,0,1937,664391,1937
1,table_under_pick,40,qpAdaptive,1,1,0.014176,722,20,10.1196,566,566,0,0.00748187,0.000425244,0,0,0.031572,0.422438,5,4,4,0,0,0,0.572022,0.404432,0.0235457,722,200717,641
1,table_under_pick,40,qpFreeGate,1,1,0.0790368,7783,23,10.7303,978,978,0,0.00383359,0.000418494,0,0,0.00463044,0,61,17,0.377049,0,0,0,1,0,0,0,0,0
1,table_under_pick,40,qpFreeEnvelope,1,1,0.0129572,378,24,12.6842,670,670,0,0.00390596,4.75291e-07,0,0,0.096507,0.944444,61,19,0.393443,0,0,0,0.0106952,0.839572,0.149733,0,0,0
1,table_under_pick,40,qpEnvelope,1,1,0.00513083,260,20,10.1213,528,528,0,0.00748288,0.000601517,0,0,0.087204,0.442308,5,4,4,0,0,0,0.55,0.376923,0.0730769,260,73121,231
1,table_under_pick,65,isSafe,1,1,0.0573783,9581,46,14.602,9,732,0,0.00230485,0.00249477,0,0,0,0,232,42,0.198276,0,0,0,0,0,0,0,0,0
1,table_under_pick,65,qpFixed,1,1,0.0374321,2065,15,18.6781,1524,1524,0,1.20918e-05,0.00249477,0,0,0.01079,0,6,5,2.5,0,0,0,1,0,0,2063,592002,1708
1,table_under_pick,65,qpPlain,1,1,0.0389832,2065,15,18.6781,1524,1524,0,1.20918e-05,0.00249477,0,0,0.01079,0,6,5,2.5,0,0,0,1,0,0,2063,707609,2063
1,table_under_pick,65,qpAdaptive,1,1,0.0281345,1482,15,18.6868,1389,1389,0,1.20225e-05,0.00249477,0,0,0.0150342,0.11471,6,5,2.5,0,0,0,0.884459,0.109459,0.00608108,1480,425749,1443
1,table_under_pick,65,qpFreeGate,1,1,0.282157,27480,109,20.5321,2059,2059,0,0.000227611,0.00249477,0,0,0.00650298,0,426,103,0.255869,0,0,0,1,0,0,0,0,0
1,table_under_pick,65,qpFreeEnvelope,1,1,0.125672,4242,239,23.8531,1348,1348,0,0.000105104,0.00249477,0,0,0.0900632,0.837812,928,234,0.257543,0,0,0,0.0346558,0.878107,0.0872371,0,0,0
1,table_under_pick,65,qpEnvelope,1,1,0.0245335,1261,15,18.7297,1294,1294,0,1.18893e-05,0.00249477,0,0,0.0177052,0.108644,6,5,2.5,0,0,0,0.891183,0.101668,0.00714853,1259,364293,1245
1,table_under_pick,89,isSafe,1,1,0.00890693,1538,9,7.68797,5,386,0,0.00774207,0.00249477,0,0,0,0,20,6,0.45,0,0,0,0,0,0,0,0,0
1,table_under_pick,89,qpFixed,1,1,0.0597848,3274,28,9.01349,561,561,0,0.00774207,0.000533747,0,0,0.0118402,0,9,9,3.11111,0,0,0,1,0,0,3274,952063,2553
1,table_under_pick,89,qpPlain,1,1,0.0590873,3274,28,9.01349,561,561,0,0.00774207,0.000533747,0,0,0.0118402,0,9,9,3.11111,0,0,0,1,0,0,3274,1122982,3274
1,table_under_pick,89,qpAdaptive,1,1,0.0103443,545,12,10.3069,698,698,0,0.00364614,0.000236364,0,0,0.0248694,0.489908,2,2,6,0,0,0,0.506422,0.477064,0.0165138,545,161227,477
1,table_under_pick,89,qpFreeGate,1,1,0.0505571,4837,17,7.62415,794,794,0,0.00295776,0.00249477,0,0,0.00451914,0,35,13,0.485714,0,0,0,1,0,0,0,0,0
1,table_under_pick,89,qpFreeEnvelope,1,1,0.0146834,512,33,8.76539,468,468,0,0.00284326,0.00249477,0,0,0.0947177,0.970703,90,28,0.366667,0,0,0,0.0156863,0.854902,0.129412,0,0,0
1,table_under_pick,89,qpEnvelope,1,1,0.004483,221,11,10.2055,575,575,0,0.00668047,0.000198887,0,0,0.0605691,0.38009,2,2,5.5,0,0,0,0.61991,0.339367,0.040724,221,64419,206
1,bookshelf_small,14,isSafe,1,1,0.00300314,748,6,7.41188,5,372,0,0.0106246,0.00249477,0,0,0,0,2,2,3,0,0,0,0,0,0,0,0,0
1,bookshelf_small,14,qpFixed,1,1,0.00789884,523,6,6.57948,524,524,0,0.00112064,0.00249477,0,0,0.0125803,0,1,1,6,0,0,0,1,0,0,523,122510,251
1,bookshelf_small,14,qpPlain,1,1,0.00746489,523,6,6.57948,524,524,0,0.00112064,0.00249477,0,0,0.0125803,0,1,1,6,0,0,0,1,0,0,523,179389,523
1,bookshelf_small,14,qpAdaptive,1,1,0.00350761,236,6,6.57968,433,433,0,0.00111387,0.00249477,0,0,0.02788,0.283898,1,1,6,0,0,0,0.716102,0.275424,0.00847458,236,58358,204
1,bookshelf_small,14,qpFreeGate,1,1,0.00544791,650,6,7.33487,552,552,0,0.0106246,0.00249477,0,0,0.0113492,0,2,2,3,0,0,0,1,0,0,0,0,0
1,bookshelf_small,14,qpFreeEnvelope,1,1,0.000582987,25,6,7.30098,377,377,0,0.0106246,0.00249477,0,0,0.293898,0.96,2,2,3,0,0,0,0,0.8,0.2,0,0,0
1,bookshelf_small,14,qpEnvelope,1,1,0.00240503,149,6,6.59457,393,393,0,0.000934868,0.00249477,0,0,0.0442588,0.14094,1,1,6,0,0,0,0.85906,0.120805,0.0201342,149,36671,137
1,bookshelf_small,40,isSafe,1,1,0.154143,37389,196,20.0851,12,1006,0,0.00116734,0.00249477,0,0,0,0,1024,192,0.191406,0,0,0,0,0,0,0,0,0
1,bookshelf_small,40,qpFixed,1,1,0.0845973,5623,35,20.618,1726,1726,0,6.07535e-05,1.16972e-05,0,0,0.0101225,0,19,16,1.84211,0,0,0,1,0,0,5623,1585830,4556
1,bookshelf_small,40,qpPlain,1,1,0.0828734,5623,35,20.618,1726,1726,0,6.07535e-05,1.16972e-05,0,0,0.0101225,0,19,16,1.84211,0,0,0,1,0,0,5623,1928689,5623
1,bookshelf_small,40,qpAdaptive,1,1,0.0574997,3547,35,20.6347,1411,1411,0,6.03436e-05,1.16971e-05,0,0,0.0160657,0.177897,19,16,1.84211,0,0,0,0.820694,0.173668,0.00563857,3547,1030600,3382
1,bookshelf_small,40,qpFreeGate,1,1,0.373148,41429,96,17.4361,1869,1869,0,0.00102567,0.000743114,0,0,0.00397356,0,278,89,0.345324,0,0,0,1,0,0,0,0,0
1,bookshelf_small,40,qpFreeEnvelope,1,1,0.0368232,1654,84,17.8762,951,951,0,0.000765727,0.000804115,0,0,0.0902418,0.964329,247,77,0.340081,0,0,0,0.00854701,0.827228,0.164225,0,0,0
1,bookshelf_small,40,qpEnvelope,1,1,0.048167,2919,35,20.7046,1324,1324,0,6.04604e-05,1.08766e-05,0,0,0.0196819,0.0945529,19,16,1.84211,0,0,0,0.904762,0.0873587,0.00787941,2919,850679,2863
1,bookshelf_small,64,isSafe,1,1,0.18802,44299,226,22.5916,13,1131,0,0.00315292,0.00249477,0,0,0,0,1209,221,0.186931,0,0,0,0,0,0,0,0,0
1,bookshelf_small,64,qpFixed,1,1,0.016252,978,9,12.2413,949,949,0,0.000544148,0.00249477,0,0,0.0128272,0,2,2,4.5,0,0,0,1,0,0,977,277805,459
1,bookshelf_small,64,qpPlain,1,1,0.0137492,978,9,12.2413,949,949,0,0.000544148,0.00249477,0,0,0.0128272,0,2,2,4.5,0,0,0,1,0,0,977,335111,977
1,bookshelf_small,64,qpAdaptive,1,1,0.00921479,483,9,12.2419,806,806,0,0.000544703,0.00249477,0,0,0.0259751,0.281573,2,2,4.5,0,0,0,0.717842,0.273859,0.00829876,482,147014,428
1,bookshelf_small,64,qpFreeGate,1,1,0.377419,41868,102,14.4134,1292,1292,0,0.00172541,0.00249477,0,0,0.00423318,0,280,95,0.364286,0,0,0,1,0,0,0,0,0
1,bookshelf_small,64,qpFreeEnvelope,1,1,0.0485125,2354,109,16.6137,890,890,0,0.000325456,0.00249477,0,0,0.0760052,0.946049,288,100,0.378472,0,0,0,0.0358515,0.826718,0.137431,0,0,0
1,bookshelf_small,64,qpEnvelope,1,1,0.00594413,353,9,12.2317,767,767,0,0.000280261,0.00249477,0,0,0.0359251,0.175637,2,2,4.5,0,0,0,0.823864,0.164773,0.0113636,352,106841,328
1,bookshelf_small,89,isSafe,1,1,0.0675739,16925,88,23.3445,14,1169,0,0.00998922,0.00249477,0,0,0,0,448,84,0.196429,0,0,0,0,0,0,0,0,0
1,bookshelf_small,89,qpFixed,1,1,0.0126437,869,11,8.97165,707,707,0,0.00380423,0.00249477,0,0,0.0113618,0,2,2,5.5,0,0,0,1,0,0,869,268024,701
1,bookshelf_small,89,qpPlain,1,1,0.0124451,869,11,8.97165,707,707,0,0.00380423,0.00249477,0,0,0.0113618,0,2,2,5.5,0,0,0,1,0,0,869,298067,869
1,bookshelf_small,89,qpAdaptive,1,1,0.00747053,475,11,8.98189,606,606,0,0.00378333,0.00249477,0,0,0.0208089,0.538947,2,2,5.5,0,0,0,0.452632,0.530526,0.0168421,475,153322,462
1,bookshelf_small,89,qpFreeGate,1,1,0.106919,12621,37,29.5641,2467,2467,0,0.00252078,0.00222253,0,0,0.00465566,0,79,30,0.468354,0,0,0,1,0,0,0,0,0
1,bookshelf_small,89,qpFreeEnvelope,1,1,0.0150755,744,41,30.0754,1601,1601,0,0.000562043,0.000954497,0,0,0.0840913,0.938172,82,32,0.5,0,0,0,0.0430686,0.822342,0.13459,0,0,0
1,bookshelf_small,89,qpEnvelope,1,1,0.0027541,151,11,9.01354,505,505,0,0.00259559,0.00249477,0,0,0.0656862,0.476821,2,2,5.5,0,0,0,0.509934,0.423841,0.0662252,151,49421,145
1,box,13,isSafe,1,1,0.00925598,2418,14,13.6841,8,686,0,0.016466,0.00249477,0,0,0,0,22,11,0.636364,0,0,0,0,0,0,0,0,0
1,box,13,qpFixed,1,1,0.00545772,416,6,5.67395,417,417,0,0.00294324,0.00249477,0,0,0.0136393,0,1,1,6,0,0,0,1,0,0,416,114067,190
1,box,13,qpPlain,1,1,0.00554644,416,6,5.67395,417,417,0,0.00294324,0.00249477,0,0,0.0136393,0,1,1,6,0,0,0,1,0,0,416,142688,416
1,box,13,qpAdaptive,1,1,0.00263201,180,6,5.6912,338,338,0,0.0029426,0.00249477,0,0,0.0316178,0.244444,1,1,6,0,0,0,0.755556,0.227778,0.0166667,180,51108,147
1,box,13,qpFreeGate,1,1,0.0824214,10192,45,15.2544,1830,1830,0,0.00101906,0.00249477,0,0,0.00486239,0,55,26,0.818182,0,0,0,1,0,0,0,0,0
1,box,13,qpFreeEnvelope,1,1,0.0114799,601,40,14.4592,779,779,0,0.0015091,0.00249477,0,0,0.0765455,0.946755,55,23,0.727273,0,0,0,0.0400668,0.854758,0.105175,0,0,0
1,box,13,qpEnvelope,1,1,0.00160599,97,6,5.71305,319,319,0,0.00303437,0.00249477,0,0,0.0588974,0.381443,1,1,6,0,0,0,0.608247,0.350515,0.0412371,97,28037,83
1,box,37,isSafe,1,1,0.0103348,2749,16,12.4721,8,625,0,0.00271365,0.00249477,0,0,0,0,32,11,0.5,0,0,0,0,0,0,0,0,0
1,box,37,qpFixed,1,1,0.00616124,518,6,5.40062,519,519,0,0.00794432,0.00249477,0,0,0.0104259,0,1,1,6,0,0,0,1,0,0,518,125710,153
1,box,37,qpPlain,1,1,0.00668902,518,6,5.40062,519,519,0,0.00794432,0.00249477,0,0,0.0104259,0,1,1,6,0,0,0,1,0,0,518,177674,518
1,box,37,qpAdaptive,1,1,0.00138016,93,6,5.3987,312,312,0,0.00770467,0.00249477,0,0,0.0580505,0.83871,1,1,6,0,0,0,0.16129,0.795699,0.0430108,93,25950,74
1,box,37,qpFreeGate,1,1,0.0761133,9497,40,15.7587,1739,1739,0,0.00201984,0.00249477,0,0,0.0047556,0,49,25,0.816327,0,0,0,1,0,0,0,0,0
1,box,37,qpFreeEnvelope,1,1,0.010154,568,26,14.013,761,761,0,0.000440056,0.00249477,0,0,0.0712597,0.90493,43,20,0.604651,0,0,0,0.0881834,0.80776,0.104056,0,0,0
1,box,37,qpEnvelope,1,1,0.000623363,37,6,5.39485,289,289,0,0.00652621,0.00249477,0,0,0.145807,0.972973,1,1,6,0,0,0,0.027027,0.864865,0.108108,37,10327,27
1,box,61,isSafe,1,1,0.0161708,4254,23,7.57847,5,380,0,0.00838807,0.00249477,0,0,0,0,66,20,0.348485,0,0,0,0,0,0,0,0,0
1,box,61,qpFixed,1,1,0.0058918,442,6,6.49214,443,443,0,0.00191751,0.00249477,0,0,0.0146881,0,1,1,6,0,0,0,1,0,0,442,124852,224
1,box,61,qpPlain,1,1,0.00592444,442,6,6.49214,443,443,0,0.00191751,0.00249477,0,0,0.0146881,0,1,1,6,0,0,0,1,0,0,442,151606,442
1,box,61,qpAdaptive,1,1,0.00256561,181,6,6.49268,392,392,0,0.0018116,0.00249477,0,0,0.0358712,0.40884,1,1,6,0,0,0,0.585635,0.39779,0.0165746,181,53769,160
1,box,61,qpFreeGate,1,1,0.0252419,3115,16,11.9579,986,986,0,0.00761114,0.00249477,0,0,0.00745124,0,13,9,1.23077,0,0,0,1,0,0,0,0,0
1,box,61,qpFreeEnvelope,1,1,0.00285134,128,16,11.9726,619,619,0,0.0011589,0.00249477,0,0,0.171291,0.976562,13,9,1.23077,0,0,0,0.015625,0.828125,0.15625,0,0,0
1,box,61,qpEnvelope,1,1,0.00174446,105,6,6.49409,363,363,0,0.0013507,0.00249477,0,0,0.0618485,0.295238,1,1,6,0,0,0,0.704762,0.266667,0.0285714,105,31303,96
1,box,85,isSafe,1,1,0.0208246,5311,28,6.32396,5,318,0,0.0370294,0.00249477,0,0,0,0,97,24,0.28866,0,0,0,0,0,0,0,0,0
1,box,85,qpFixed,1,1,0.0161955,1265,11,8.08382,700,700,0,0.0051621,0.00249477,0,0,0.0120767,0,3,3,3.66667,0,0,0,1,0,0,1265,303472,959
1,box,85,qpPlain,1,1,0.0190906,1265,11,8.08382,700,700,0,0.0051621,0.00249477,0,0,0.0120767,0,3,3,3.66667,0,0,0,1,0,0,1265,433895,1265
1,box,85,qpAdaptive,1,1,0.00695548,515,11,8.07906,512,512,0,0.0046622,0.00249477,0,0,0.0297254,0.621359,3,3,3.66667,0,0,0,0.372816,0.613592,0.0135922,515,124696,485
1,box,85,qpFreeGate,1,1,0.0316893,3924,19,11.3985,1498,1498,0,0.000955545,0.00249477,0,0,0.0053451,0,23,11,0.826087,0,0,0,1,0,0,0,0,0
1,box,85,qpFreeEnvelope,1,1,0.0122981,611,33,16.4411,846,846,0,0.010312,0.00249477,0,0,0.0850884,0.929624,64,26,0.515625,0,0,0,0.0512397,0.839669,0.109091,0,0,0
1,box,85,qpEnvelope,1,1,0.00354933,228,11,8.05496,445,445,0,0.00412495,0.00249477,0,0,0.0672601,0.504386,3,3,3.66667,0,0,0,0.491228,0.473684,0.0350877,228,55086,217
1,table_pick,9,isSafe,1,1,0.016936,2907,17,12.1689,8,610,0,0.00169362,0.00249477,0,0,0,0,37,11,0.459459,0,0,0,0,0,0,0,0,0
1,table_pick,9,qpFixed,1,1,0.0128019,636,7,8.25928,637,637,0,0.00103813,0.00249477,0,0,0.0129863,0,1,1,7,0,0,0,1,0,0,636,162465,218
1,table_pick,9,qpPlain,1,1,0.0110693,636,7,8.25928,637,637,0,0.00103813,0.00249477,0,0,0.0129863,0,1,1,7,0,0,0,1,0,0,636,218148,636
1,table_pick,9,qpAdaptive,1,1,0.00396791,208,7,8.25957,515,515,0,0.0010382,0.00249477,0,0,0.0397095,0.3125,1,1,7,0,0,0,0.677885,0.298077,0.0240385,208,60796,179
1,table_pick,9,qpFreeGate,1,1,0.0727969,7080,24,10.6146,1051,1051,0,0.00360651,0.00160921,0,0,0.00484047,0,42,18,0.571429,0,0,0,1,0,0,0,0,0
1,table_pick,9,qpFreeEnvelope,1,1,0.0111754,424,24,10.6661,568,568,0,0.00358992,0.000365021,0,0,0.0797996,0.974057,42,16,0.571429,0,0,0,0,0.872038,0.127962,0,0,0
1,table_pick,9,qpEnvelope,1,1,0.00301634,146,7,8.26147,484,484,0,0.000974283,0.00249477,0,0,0.0565854,0.294521,1,1,7,0,0,0,0.705479,0.260274,0.0342466,146,42509,130
1,table_pick,33,isSafe,1,1,0.00456985,796,6,5.82142,4,293,0,0.000442879,0.00249477,0,0,0,0,4,2,1.5,0,0,0,0,0,0,0,0,0
1,table_pick,33,qpFixed,1,1,0.0119262,545,7,6.65637,546,546,0,0.00236266,0.00249477,0,0,0.0122135,0,1,1,7,0,0,0,1,0,0,545,139648,392
1,table_pick,33,qpPlain,1,1,0.00944693,545,7,6.65637,546,546,0,0.00236266,0.00249477,0,0,0.0122135,0,1,1,7,0,0,0,1,0,0,545,186935,545
1,table_pick,33,qpAdaptive,1,1,0.00323245,181,7,6.66273,421,421,0,0.0021627,0.00249477,0,0,0.0368107,0.674033,1,1,7,0,0,0,0.314917,0.657459,0.0276243,181,50076,153
1,table_pick,33,qpFreeGate,1,1,0.018082,1812,17,5.96909,565,565,0,0.00158426,0.00249477,0,0,0.00610867,0,10,5,1.7,0,0,0,1,0,0,0,0,0
1,table_pick,33,qpFreeEnvelope,1,1,0.00343744,128,17,5.99067,323,323,0,0.00158723,0.00249477,0,0,0.0875193,0.953125,10,5,1.7,0,0,0,0.0234375,0.828125,0.148438,0,0,0
1,table_pick,33,qpEnvelope,1,1,0.00151056,78,7,6.68278,370,370,0,0.0018763,0.00249477,0,0,0.0856767,0.974359,1,1,7,0,0,0,0.025641,0.910256,0.0641026,78,22251,67
1,table_pick,57,isSafe,1,1,0.0132254,1775,11,12.8473,8,644,1,-3.98184e-05,0.00249477,0,0,0,0,13,5,0.846154,0,0,0,0,0,0,0,0,0
1,table_pick,57,qpFixed,1,1,0.0117698,725,7,8.79638,726,726,0,0.00624819,0.00249477,0,0,0.0121329,0,1,1,7,0,0,0,1,0,0,725,151854,119
1,table_pick,57,qpPlain,1,1,0.0132959,725,7,8.79638,726,726,0,0.00624819,0.00249477,0,0,0.0121329,0,1,1,7,0,0,0,1,0,0,725,248675,725
1,table_pick,57,qpAdaptive,1,1,0.0014596,74,7,8.80258,477,477,0,0.00624819,0.00249477,0,0,0.118954,0.716216,1,1,7,0,0,0,0.283784,0.648649,0.0675676,74,17809,47
1,table_pick,57,qpFreeGate,1,1,0.0249459,2304,12,10.5589,854,854,0,0.00653457,0.00249477,0,0,0.00749445,0,15,7,0.8,0,0,0,1,0,0,0,0,0
1,table_pick,57,qpFreeEnvelope,1,1,0.00395923,132,12,10.5587,544,544,0,0.00652243,0.00249477,0,0,0.13209,0.962121,15,7,0.8,0,0,0,0.030303,0.818182,0.151515,0,0,0
1,table_pick,57,qpEnvelope,1,1,0.000770774,37,7,8.81738,463,463,0,0.00627,0.00249477,0,0,0.238308,1,1,1,7,0,0,0,0,0.864865,0.135135,37,8931,24
1,table_pick,81,isSafe,1,1,0.0148775,2553,14,15.978,9,800,0,0.00146001,0.00249477,0,0,0,0,21,9,0.666667,0,0,0,0,0,0,0,0,0
1,table_pick,81,qpFixed,1,1,0.010972,631,6,7.70687,632,632,0,0.00384075,0.00249477,0,0,0.0122137,0,1,1,6,0,0,0,1,0,0,631,171856,60
1,table_pick,81,qpPlain,1,1,0.0104906,631,6,7.70687,632,632,0,0.00384075,0.00249477,0,0,0.0122137,0,1,1,6,0,0,0,1,0,0,631,216433,631
1,table_pick,81,qpAdaptive,1,1,0.00160723,94,6,7.70689,431,431,0,0.00384075,0.00249477,0,0,0.0819882,0.457447,1,1,6,0,0,0,0.531915,0.425532,0.0425532,94,27827,56
1,table_pick,81,qpFreeGate,1,1,0.0815044,7696,24,13.3978,1103,1103,0,0.00273333,0.00249477,0,0,0.00570435,0,54,20,0.444444,0,0,0,1,0,0,0,0,0
1,table_pick,81,qpFreeEnvelope,1,1,0.0128234,461,24,13.6009,720,720,0,0.00264431,0.00249477,0,0,0.0949509,0.963124,54,20,0.444444,0,0,0,0.0260304,0.841649,0.132321,0,0,0
1,table_pick,81,qpEnvelope,1,1,0.000912952,41,6,7.70778,406,406,0,0.00369055,0.00249477,0,0,0.187995,0.560976,1,1,6,0,0,0,0.439024,0.463415,0.097561,41,11998,28
1,cage,5,isSafe,1,1,0.674724,132942,767,27.1957,15,1361,0,0.00522071,0.000822674,0,0,0,0,4345,763,0.176525,0,0,0,0,0,0,0,0,0
1,cage,5,qpFixed,1,1,0.787274,47086,210,30.7859,2535,2535,0,0.000120897,0.00249477,0,0,0.00863058,0,198,133,1.06061,0,0,0,1,0,0,47072,12485771,41386
1,cage,5,qpPlain,1,1,0.811245,47086,210,30.7859,2535,2535,0,0.000120897,0.00249477,0,0,0.00863058,0,198,133,1.06061,0,0,0,1,0,0,47072,16145696,47072
1,cage,5,qpAdaptive,1,1,0.535804,31515,210,30.877,2140,2140,0,9.61704e-05,0.00249477,0,0,0.0128681,0.252324,198,133,1.06061,0,0,0,0.745913,0.249452,0.00463477,31501,8327707,30731
1,cage,5,qpFreeGate,1,1,9.0742,1031820,2311,29.8743,3218,3218,0,0.0039771,0.00249477,0,0,0.00332712,0,8691,2255,0.265907,0,0,0,1,0,0,0,0,0
1,cage,5,qpFreeEnvelope,1,1,1.11865,48011,2067,16.937,899,899,0,0.000154928,0.00249477,0,0,0.0628893,0.910937,7859,2009,0.263011,0,0,0,0.0434966,0.820098,0.136405,0,0,0
1,cage,5,qpEnvelope,1,1,0.387117,22880,211,29.3782,1842,1842,0,0.000143099,0.00249477,0,0,0.0179977,0.235883,198,134,1.06566,0,0,0,0.76265,0.228646,0.00870326,22865,5990239,22590
1,cage,29,isSafe,1,1,0.268046,69591,372,21.2475,13,1064,0,0.0116352,0.00249477,0,0,0,0,1951,367,0.190671,0,0,0,0,0,0,0,0,0
1,cage,29,qpFixed,1,1,0.309773,23219,127,20.7689,1744,1744,0,6.70887e-05,0.00249477,0,0,0.00908808,0,93,71,1.36559,0,0,0,1,0,0,23206,6177087,20556
1,cage,29,qpPlain,1,1,0.317858,23219,127,20.7689,1744,1744,0,6.70887e-05,0.00249477,0,0,0.00908808,0,93,71,1.36559,0,0,0,1,0,0,23206,7959658,23206
1,cage,29,qpAdaptive,1,1,0.214211,15305,127,20.7752,1372,1372,0,3.49993e-05,0.00249477,0,0,0.0138132,0.275074,93,71,1.36559,0,0,0,0.722825,0.272466,0.00470896,15292,4102305,14954
1,cage,29,qpFreeGate,1,1,1.88189,241503,567,29.9492,3034,3034,0,0.00294844,0.000776909,0,0,0.00391341,0,1837,535,0.308655,0,0,0,1,0,0,0,0,0
1,cage,29,qpFreeEnvelope,1,1,0.227126,11788,464,31.1433,1687,1687,0,0.001345,0.00107448,0,0,0.0648143,0.91661,1653,446,0.280702,0,0,0,0.0466153,0.832219,0.121165,0,0,0
1,cage,29,qpEnvelope,1,1,0.177812,12244,123,20.8149,1276,1276,0,1.11916e-06,0.00249477,0,0,0.0173103,0.168736,93,69,1.32258,0,0,0,0.830078,0.162812,0.00711075,12236,3303931,12119
1,cage,53,isSafe,1,1,1.01031,259412,1645,29.2331,17,1463,0,0.00139693,0.00249477,0,0,0,0,9268,1641,0.177492,0,0,0,0,0,0,0,0,0
1,cage,53,qpFixed,1,1,0.247648,18407,95,26.047,2137,2137,0,5.30348e-07,0.00044343,0,0,0.00889329,0,73,55,1.30137,0,0,0,1,0,0,18405,4872453,16915
1,cage,53,qpPlain,1,1,0.253732,18407,95,26.047,2137,2137,0,5.30348e-07,0.00044343,0,0,0.00889329,0,73,55,1.30137,0,0,0,1,0,0,18405,6312915,18405
1,cage,53,qpAdaptive,1,1,0.166634,11831,95,26.0533,1901,1901,0,5.31496e-07,0.000444231,0,0,0.0138619,0.300228,73,55,1.30137,0,0,0,0.697608,0.29732,0.00507228,11829,3148862,11491
1,cage,53,qpFreeGate,1,1,4.1836,536294,1197,35.7008,3631,3631,0,0.00317737,0.00209284,0,0,0.00355857,0,4256,1162,0.28125,0,0,0,1,0,0,0,0,0
1,cage,53,qpFreeEnvelope,1,1,0.0710543,3789,134,23.5867,1245,1245,0,0.00028012,3.76813e-05,0,0,0.0598418,0.91185,502,126,0.266932,0,0,0,0.0599361,0.827384,0.11268,0,0,0
1,cage,53,qpEnvelope,1,1,0.133134,9124,96,26.1015,1790,1790,0,5.10544e-07,0.000444886,0,0,0.0180189,0.254603,73,55,1.31507,0,0,0,0.743916,0.247753,0.00833151,9122,2436240,9005
1,cage,77,isSafe,1,1,0.586932,151404,896,17.7343,11,888,0,0.00373752,4.25121e-05,0,0,0,0,5024,893,0.178344,0,0,0,0,0,0,0,0,0
1,cage,77,qpFixed,1,1,0.321218,23974,117,20.1719,1698,1698,0,0.000990131,0.000202869,0,0,0.00878007,0,99,67,1.18182,0,0,0,1,0,0,23953,6465494,21727
1,cage,77,qpPlain,1,1,0.331507,23974,117,20.1719,1698,1698,0,0.000990131,0.000202869,0,0,0.00878007,0,99,67,1.18182,0,0,0,1,0,0,23953,8215879,23953
1,cage,77,qpAdaptive,1,1,0.215853,15202,117,20.2118,1390,1390,0,0.000555529,0.00019544,0,0,0.0138077,0.318905,99,67,1.18182,0,0,0,0.679141,0.315786,0.00507313,15178,4094082,14843
1,cage,77,qpFreeGate,1,1,2.06505,265169,600,24.138,2819,2819,0,0.00407643,0.00249477,0,0,0.00375409,0,1900,567,0.315789,0,0,0,1,0,0,0,0,0
1,cage,77,qpFreeEnvelope,1,1,0.147179,6744,331,25.2323,1324,1324,0,0.000999668,0.00249477,0,0,0.0818473,0.934609,997,315,0.331996,0,0,0,0.0301341,0.820702,0.149164,0,0,0
1,cage,77,qpEnvelope,1,1,0.165517,11282,117,20.3433,1260,1260,0,0.000270454,0.000164981,0,0,0.0186444,0.237547,99,67,1.18182,0,0,0,0.760458,0.23137,0.00817124,11259,2981622,11100
1,bookshelf_tall,20,isSafe,1,1,0.212125,27646,139,18.1222,11,908,0,0.00536325,0.000221826,0,0,0,0,798,135,0.174185,0,0,0,0,0,0,0,0,0
1,bookshelf_tall,20,qpFixed,1,1,0.0263139,1255,15,11.4856,918,918,0,0.00330468,0.000514103,0,0,0.0128145,0,3,3,5,0,0,0,1,0,0,1255,388009,806
1,bookshelf_tall,20,qpPlain,1,1,0.0267091,1255,15,11.4856,918,918,0,0.00330468,0.000514103,0,0,0.0128145,0,3,3,5,0,0,0,1,0,0,1255,430465,1255
1,bookshelf_tall,20,qpAdaptive,1,1,0.0094807,426,14,11.4903,702,702,0,0.00319865,0.000514103,0,0,0.037674,0.833333,3,3,4.66667,0,0,0,0.166667,0.805164,0.028169,426,135259,380
1,bookshelf_tall,20,qpFreeGate,1,1,0.447324,37469,94,14.4327,1523,1523,0,0.00569077,0.000439951,0,0,0.00406745,0,312,80,0.301282,0,0,0,1,0,0,0,0,0
1,bookshelf_tall,20,qpFreeEnvelope,1,1,0.0641256,1845,93,15.4581,812,812,0,0.00370048,0.000396244,0,0,0.0835555,0.947425,312,79,0.298077,0,0,0,0.0230011,0.803943,0.173056,0,0,0
1,bookshelf_tall,20,qpEnvelope,1,1,0.0045722,174,13,11.5596,629,629,0,0.00192777,0.000514103,0,0,0.092432,0.689655,3,3,4.33333,0,0,0,0.304598,0.62069,0.0747126,174,55163,157
1,bookshelf_tall,45,isSafe,1,1,0.171582,20285,100,17.3404,10,869,0,0.00393889,0.00249477,0,0,0,0,476,97,0.210084,0,0,0,0,0,0,0,0,0
1,bookshelf_tall,45,qpFixed,1,1,0.011385,527,6,6.82747,528,528,0,0.00368933,0.00249477,0,0,0.0129553,0,1,1,6,0,0,0,1,0,0,527,143470,190
1,bookshelf_tall,45,qpPlain,1,1,0.0116098,527,6,6.82747,528,528,0,0.00368933,0.00249477,0,0,0.0129553,0,1,1,6,0,0,0,1,0,0,527,180761,527
1,bookshelf_tall,45,qpAdaptive,1,1,0.0026553,112,6,6.82738,396,396,0,0.00368933,0.00249477,0,0,0.0609587,0.901786,1,1,6,0,0,0,0.0982143,0.866071,0.0357143,112,34778,87
1,bookshelf_tall,45,qpFreeGate,1,1,0.19022,15127,52,20.5467,1701,1701,0,0.00236568,0.00212033,0,0,0.00581143,0,118,48,0.440678,0,0,0,1,0,0,0,0,0
1,bookshelf_tall,45,qpFreeEnvelope,1,1,0.0282988,805,43,21.8967,1143,1143,0,0.00236363,1.64855e-05,0,0,0.0916031,0.972671,106,37,0.40566,0,0,0,0.0100125,0.864831,0.125156,0,0,0
1,bookshelf_tall,45,qpEnvelope,1,1,0.00127504,48,6,6.8456,370,370,0,0.00368933,0.00249477,0,0,0.142617,0.8125,1,1,6,0,0,0,0.1875,0.729167,0.0833333,48,14829,35
1,bookshelf_tall,70,isSafe,1,1,0.0196696,2323,14,12.2364,8,613,0,0.00314818,0.00249477,0,0,0,0,51,10,0.27451,0,0,0,0,0,0,0,0,0
1,bookshelf_tall,70,qpFixed,1,1,0.0942986,4198,25,12.6507,1041,1041,0,0.000419687,0.00249477,0,0,0.00980466,0,11,11,2.27273,0,0,0,1,0,0,4196,1144688,4023
1,bookshelf_tall,70,qpPlain,1,1,0.0974301,4198,25,12.6507,1041,1041,0,0.000419687,0.00249477,0,0,0.00980466,0,11,11,2.27273,0,0,0,1,0,0,4196,1439228,4196
1,bookshelf_tall,70,qpAdaptive,1,1,0.061976,2632,25,12.6564,930,930,0,0.000419559,0.00249477,0,0,0.0156306,0.326748,11,11,2.27273,0,0,0,0.671863,0.321673,0.00646388,2630,746612,2605
1,bookshelf_tall,70,qpFreeGate,1,1,0.122509,9847,32,23.9357,2643,2643,0,0.000485216,0.00249477,0,0,0.0046058,0,75,26,0.426667,0,0,0,1,0,0,0,0,0
1,bookshelf_tall,70,qpFreeEnvelope,1,1,0.0193529,542,28,23.4796,1245,1245,0,0.00208667,0.00249477,0,0,0.077989,0.97786,75,21,0.373333,0,0,0,0.00371747,0.85316,0.143123,0,0,0
1,bookshelf_tall,70,qpEnvelope,1,1,0.0512259,2132,25,12.678,844,844,0,0.000353821,0.00249477,0,0,0.019246,0.255159,11,11,2.27273,0,0,0,0.741193,0.249413,0.00939408,2129,608855,2115
1,bookshelf_tall,95,isSafe,1,1,0.0289431,3648,20,21.6601,12,1085,0,0.00378879,0.00249477,0,0,0,0,51,15,0.392157,0,0,0,0,0,0,0,0,0
1,bookshelf_tall,95,qpFixed,1,1,0.0149517,744,7,9.41938,745,745,0,0.0041276,0.00249477,0,0,0.0126605,0,1,1,7,0,0,0,1,0,0,744,201228,250
1,bookshelf_tall,95,qpPlain,1,1,0.0151625,744,7,9.41938,745,745,0,0.0041276,0.00249477,0,0,0.0126605,0,1,1,7,0,0,0,1,0,0,744,255192,744
1,bookshelf_tall,95,qpAdaptive,1,1,0.00315901,144,7,9.41607,535,535,0,0.0041276,0.00249477,0,0,0.0653894,0.826389,1,1,7,0,0,0,0.173611,0.791667,0.0347222,144,43700,87
1,bookshelf_tall,95,qpFreeGate,1,1,0.0337462,2823,18,13.3884,1172,1172,0,0.0041276,8.78486e-05,0,0,0.00860579,0,20,11,0.9,0,0,0,1,0,0,0,0,0
1,bookshelf_tall,95,qpFreeEnvelope,1,1,0.0219647,628,54,16.6162,869,869,0,0.0041276,7.79794e-05,0,0,0.13423,0.829618,133,47,0.406015,0,0,0,0,0.872633,0.127367,0,0,0
1,bookshelf_tall,95,qpEnvelope,1,1,0.000956784,31,7,9.44861,488,488,0,0.0041276,0.00249477,0,0,0.304794,0.903226,1,1,7,0,0,0,0.0967742,0.741935,0.16129,31,9272,21
1,bookshelf_thin,20,isSafe,1,1,0.466895,45155,214,23.5746,14,1180,0,0.00561528,0.00249477,0,0,0,0,923,209,0.231853,0,0,0,0,0,0,0,0,0
1,bookshelf_thin,20,qpFixed,1,1,0.0229866,908,6,3.51186,268,268,0,0.00949746,0.00249477,0,0,0.0109205,0,4,3,1.5,0,0,0,1,0,0,906,220136,546
1,bookshelf_thin,20,qpPlain,1,1,0.0255762,908,6,3.51186,268,268,0,0.00949746,0.00249477,0,0,0.0109205,0,4,3,1.5,0,0,0,1,0,0,906,310758,906
1,bookshelf_thin,20,qpAdaptive,1,1,0.0119967,443,6,3.51238,218,218,0,0.010773,0.00249477,0,0,0.0224234,0.309255,4,3,1.5,0,0,0,0.687075,0.303855,0.00907029,441,113480,413
1,bookshelf_thin,20,qpFreeGate,1,1,1.89291,132152,298,26.5531,2300,2300,0,0.00665532,0.00249477,0,0,0.00389213,0,923,292,0.32286,0,0,0,1,0,0,0,0,0
1,bookshelf_thin,20,qpFreeEnvelope,1,1,0.299849,6941,286,27.8322,1433,1433,0,0.00592098,0.00249477,0,0,0.0729102,0.981415,923,281,0.309859,0,0,0,0.000145222,0.865089,0.134766,0,0,0
1,bookshelf_thin,20,qpEnvelope,1,1,0.00372024,128,6,3.51241,191,191,0,0.00563768,0.00249477,0,0,0.0779486,0.734375,4,3,1.5,0,0,0,0.246032,0.722222,0.031746,126,33593,112
1,bookshelf_thin,44,isSafe,1,1,0.22227,21219,107,20.612,12,1032,0,0.00792285,0.00249477,0,0,0,0,478,103,0.223849,0,0,0,0,0,0,0,0,0
1,bookshelf_thin,44,qpFixed,1,1,0.104838,3857,22,12.2476,1190,1190,0,3.29477e-05,0.000449828,0,0,0.00888043,0,13,9,1.69231,0,0,0,1,0,0,3856,1086994,3441
1,bookshelf_thin,44,qpPlain,1,1,0.106347,3857,22,12.2476,1190,1190,0,3.29477e-05,0.000449828,0,0,0.00888043,0,13,9,1.69231,0,0,0,1,0,0,3856,1322608,3856
1,bookshelf_thin,44,qpAdaptive,1,1,0.0835296,2939,22,12.2889,1086,1086,0,3.2928e-05,0.000452979,0,0,0.0117188,0.168084,13,9,1.69231,0,0,0,0.831858,0.165078,0.00306331,2938,855032,2858
1,bookshelf_thin,44,qpFreeGate,1,1,0.597833,40944,94,17.9062,1604,1604,0,0.00311901,0.00101911,0,0,0.00393442,0,294,87,0.319728,0,0,0,1,0,0,0,0,0
1,bookshelf_thin,44,qpFreeEnvelope,1,1,0.0770508,1775,91,26.1468,1359,1359,0,0.000645321,9.85098e-05,0,0,0.0895654,0.92507,281,82,0.323843,0,0,0,0.00911681,0.85584,0.135043,0,0,0
1,bookshelf_thin,44,qpEnvelope,1,1,0.0694391,2392,22,12.2164,959,959,0,3.25605e-05,0.000418465,0,0,0.0143587,0.0936455,13,9,1.69231,0,0,0,0.905479,0.0890841,0.00543706,2391,704890,2355
1,bookshelf_thin,68,isSafe,1,1,0.147873,13495,68,9.9311,6,498,0,0.00442986,0.000218246,0,0,0,0,234,65,0.290598,0,0,0,0,0,0,0,0,0
1,bookshelf_thin,68,qpFixed,1,1,0.0139851,517,6,6.51295,518,518,0,0.00376392,0.00249477,0,0,0.0125976,0,1,1,6,0,0,0,1,0,0,517,149972,283
1,bookshelf_thin,68,qpPlain,1,1,0.0140773,517,6,6.51295,518,518,0,0.00376392,0.00249477,0,0,0.0125976,0,1,1,6,0,0,0,1,0,0,517,177331,517
1,bookshelf_thin,68,qpAdaptive,1,1,0.00609283,210,6,6.51716,428,428,0,0.00370072,0.00249477,0,0,0.0310341,0.52381,1,1,6,0,0,0,0.471429,0.509524,0.0190476,210,62301,186
1,bookshelf_thin,68,qpFreeGate,1,1,0.134805,8958,28,18.2113,1430,1430,0,0.00881538,0.00122884,0,0,0.00487806,0,59,23,0.474576,0,0,0,1,0,0,0,0,0
1,bookshelf_thin,68,qpFreeEnvelope,1,1,0.0173948,377,27,17.4995,906,906,0,0.00884356,2.12621e-06,0,0,0.113363,0.949602,59,22,0.457627,0,0,0,0,0.831978,0.168022,0,0,0
1,bookshelf_thin,68,qpEnvelope,1,1,0.00228937,69,6,6.54799,364,364,0,0.00351537,0.00249477,0,0,0.0948984,0.695652,1,1,6,0,0,0,0.304348,0.637681,0.057971,69,20966,63
1,bookshelf_thin,93,isSafe,1,1,0.178932,15643,77,12.9911,8,651,0,0.00736467,0.00249477,0,0,0,0,332,73,0.231928,0,0,0,0,0,0,0,0,0
1,bookshelf_thin,93,qpFixed,1,1,0.0367948,1358,14,12.8386,1000,1000,0,0.00189274,0.00249477,0,0,0.0121005,0,4,4,3.5,0,0,0,1,0,0,1355,390319,854
1,bookshelf_thin,93,qpPlain,1,1,0.0372089,1358,14,12.8386,1000,1000,0,0.00189274,0.00249477,0,0,0.0121005,0,4,4,3.5,0,0,0,1,0,0,1355,464765,1355
1,bookshelf_thin,93,qpAdaptive,1,1,0.0188413,671,14,12.8391,810,810,0,0.00189624,0.00249477,0,0,0.0244218,0.414307,4,4,3.5,0,0,0,0.582335,0.405689,0.011976,668,189921,589
1,bookshelf_thin,93,qpFreeGate,1,1,0.16445,10985,39,11.5809,1124,1124,0,0.000921298,0.00249477,0,0,0.00579133,0,73,30,0.534247,0,0,0,1,0,0,0,0,0
1,bookshelf_thin,93,qpFreeEnvelope,1,1,0.0253622,543,39,19.0639,984,984,0,0.00106561,0.00249477,0,0,0.125584,0.959484,76,31,0.513158,0,0,0,0.0111732,0.824953,0.163873,0,0,0
1,bookshelf_thin,93,qpEnvelope,1,1,0.0106183,365,12,12.7997,716,716,0,0.00184124,0.00249477,0,0,0.043763,0.257534,4,4,3,0,0,0,0.740331,0.237569,0.0220994,362,103062,334
1,table_under_pick,17,isSafe,1,1,0.00522961,864,6,7.22321,5,363,0,0.00234492,0.00249477,0,0,0,0,55,2,0.109091,0,0,0,0,0,0,0,0,0
1,table_under_pick,17,qpFixed,1,1,0.0433575,2562,20,11.553,1042,1042,0,0.00118754,0.00249477,0,0,0.0113509,0,6,5,3.33333,0,0,0,1,0,0,2562,672755,1612
1,table_under_pick,17,qpPlain,1,1,0.0448697,2562,20,11.553,1042,1042,0,0.00118754,0.00249477,0,0,0.0113509,0,6,5,3.33333,0,0,0,1,0,0,2562,878766,2562
1,table_under_pick,17,qpAdaptive,1,1,0.0184245,985,20,11.5539,778,778,0,0.00117682,0.00249477,0,0,0.029655,0.499492,6,5,3.33333,0,0,0,0.496447,0.48731,0.0162437,985,275287,903
1,table_under_pick,17,qpFreeGate,1,1,0.0298767,2983,12,10.1544,967,967,0,0.00490122,0.00249477,0,0,0.00538147,0,21,7,0.571429,0,0,0,1,0,0,0,0,0
1,table_under_pick,17,qpFreeEnvelope,1,1,0.00749651,292,16,14.3798,762,762,0,0.00508918,0.00249477,0,0,0.0799687,0.979452,27,11,0.592593,0,0,0,0.0171233,0.876712,0.106164,0,0,0
1,table_under_pick,17,qpEnvelope,1,1,0.0101364,494,20,11.5547,699,699,0,0.000911323,0.00249477,0,0,0.0591723,0.449393,6,5,3.33333,0,0,0,0.546559,0.41498,0.0384615,494,138990,461
1,table_under_pick,41,isSafe,1,1,0.00800249,1283,9,8.60366,6,432,0,0.00730872,0.00249477,0,0,0,0,11,5,0.818182,0,0,0,0,0,0,0,0,0
1,table_under_pick,41,qpFixed,1,1,0.0305546,1760,13,10.5707,800,800,0,0.00761161,0.000136223,0,0,0.0107499,0,4,4,3.25,0,0,0,1,0,0,1760,471943,1230
1,table_under_pick,41,qpPlain,1,1,0.0313941,1760,13,10.5707,800,800,0,0.00761161,0.000136223,0,0,0.0107499,0,4,4,3.25,0,0,0,1,0,0,1760,603680,1760
1,table_under_pick,41,qpAdaptive,1,1,0.0171343,917,13,10.5384,642,642,0,0.00761161,0.000130463,0,0,0.0208434,0.273719,4,4,3.25,0,0,0,0.725191,0.264995,0.00981461,917,265021,840
1,table_under_pick,41,qpFreeGate,1,1,0.0241822,2395,11,9.13024,772,772,0,0.0072936,0.00101074,0,0,0.00656613,0,11,6,1,0,0,0,1,0,0,0,0,0
1,table_under_pick,41,qpFreeEnvelope,1,1,0.00273652,97,11,9.15247,474,474,0,0.00729653,0.00111634,0,0,0.162753,0.979381,11,6,1,0,0,0,0,0.833333,0.166667,0,0,0
1,table_under_pick,41,qpEnvelope,1,1,0.00659723,328,11,6.96116,368,368,0,0.00761161,0.00249477,0,0,0.0490657,0.35061,4,3,2.75,0,0,0,0.648318,0.327217,0.0244648,328,94856,292
1,table_under_pick,66,isSafe,1,1,0.0182385,2987,17,12.3271,8,618,0,0.00177933,0.00249477,0,0,0,0,81,12,0.209877,0,0,0,0,0,0,0,0,0
1,table_under_pick,66,qpFixed,1,1,0.0334052,1928,13,13.1856,1019,1019,0,0.000164309,0.00249477,0,0,0.0109249,0,5,5,2.6,0,0,0,1,0,0,1928,496138,1458
1,table_under_pick,66,qpPlain,1,1,0.0347106,1928,13,13.1856,1019,1019,0,0.000164309,0.00249477,0,0,0.0109249,0,5,5,2.6,0,0,0,1,0,0,1928,661304,1928
1,table_under_pick,66,qpAdaptive,1,1,0.0205093,1104,13,13.1994,914,914,0,0.000165851,0.00249477,0,0,0.0190888,0.336051,5,5,2.6,0,0,0,0.662138,0.330616,0.00724638,1104,291022,1033
1,table_under_pick,66,qpFreeGate,1,1,0.0584034,5835,21,16.1094,1577,1577,0,0.00269951,0.00249477,0,0,0.00502853,0,35,16,0.6,0,0,0,1,0,0,0,0,0
1,table_under_pick,66,qpFreeEnvelope,1,1,0.0102599,416,22,19.0987,1104,1104,0,0.000236303,0.00249477,0,0,0.0718719,0.742788,35,16,0.628571,0,0,0,0.241546,0.661836,0.0966184,0,0,0
1,table_under_pick,66,qpEnvelope,1,1,0.0136284,703,13,13.2025,851,851,0,0.000165563,0.00249477,0,0,0.0300202,0.368421,5,5,2.6,0,0,0,0.627312,0.357041,0.0156472,703,186788,679
1,table_under_pick,90,isSafe,1,1,0.0214446,3576,19,16.7977,10,841,0,8.08049e-05,0.00249477,0,0,0,0,118,14,0.161017,0,0,0,0,0,0,0,0,0
1,table_under_pick,90,qpFixed,1,1,0.0870116,4623,31,16.4587,1468,1468,0,0.000105323,0.00249477,0,0,0.00979999,0,14,14,2.21429,0,0,0,1,0,0,4623,1367107,4359
1,table_under_pick,90,qpPlain,1,1,0.0856132,4623,31,16.4587,1468,1468,0,0.000105323,0.00249477,0,0,0.00979999,0,14,14,2.21429,0,0,0,1,0,0,4623,1585689,4623
1,table_under_pick,90,qpAdaptive,1,1,0.0667859,3497,31,16.4893,1289,1289,0,7.83116e-05,0.00249477,0,0,0.0129795,0.230483,14,14,2.21429,0,0,0,0.768373,0.228482,0.00314555,3497,1043941,3445
1,table_under_pick,90,qpFreeGate,1,1,0.121162,11829,30,19.8889,2167,2167,0,0.00316762,0.000585768,0,0,0.00334856,0,92,18,0.326087,0,0,0,1,0,0,0,0,0
1,table_under_pick,90,qpFreeEnvelope,1,1,0.0161077,622,17,16.9621,894,894,0,0.000769962,0.000103849,0,0,0.0416216,0.971061,81,13,0.209877,0,0,0,0.0112903,0.870968,0.117742,0,0,0
1,table_under_pick,90,qpEnvelope,1,1,0.0518391,2587,31,16.5596,1231,1231,0,4.00204e-05,0.00249477,0,0,0.0176255,0.274449,14,14,2.21429,0,0,0,0.724778,0.267491,0.00773096,2587,777629,2563
1,bookshelf_small,15,isSafe,0,0,0,0,0,0,0,0,0,inf,inf,0,0,0,0,0,0,0,0,0,0,0,0,0,0,0,0
1,bookshelf_small,15,qpFixed,0,0,0,0,0,0,0,0,0,inf,inf,0,0,0,0,0,0,0,0,0,0,0,0,0,0,0,0
1,bookshelf_small,15,qpPlain,0,0,0,0,0,0,0,0,0,inf,inf,0,0,0,0,0,0,0,0,0,0,0,0,0,0,0,0
1,bookshelf_small,15,qpAdaptive,0,0,0,0,0,0,0,0,0,inf,inf,0,0,0,0,0,0,0,0,0,0,0,0,0,0,0,0
1,bookshelf_small,15,qpFreeGate,0,0,0,0,0,0,0,0,0,inf,inf,0,0,0,0,0,0,0,0,0,0,0,0,0,0,0,0
1,bookshelf_small,15,qpFreeEnvelope,0,0,0,0,0,0,0,0,0,inf,inf,0,0,0,0,0,0,0,0,0,0,0,0,0,0,0,0
1,bookshelf_small,15,qpEnvelope,0,0,0,0,0,0,0,0,0,inf,inf,0,0,0,0,0,0,0,0,0,0,0,0,0,0,0,0
1,bookshelf_small,41,isSafe,1,1,0.00924948,1956,12,14.8944,9,746,0,0.000611196,0.00249477,0,0,0,0,15,7,0.8,0,0,0,0,0,0,0,0,0
1,bookshelf_small,41,qpFixed,1,1,0.00732212,529,6,6.62869,530,530,0,0.00537508,0.00249477,0,0,0.0125306,0,1,1,6,0,0,0,1,0,0,529,142238,166
1,bookshelf_small,41,qpPlain,1,1,0.00761184,529,6,6.62869,530,530,0,0.00537508,0.00249477,0,0,0.0125306,0,1,1,6,0,0,0,1,0,0,529,181447,529
1,bookshelf_small,41,qpAdaptive,1,1,0.00235409,154,6,6.63082,395,395,0,0.00526495,0.00249477,0,0,0.0430573,0.512987,1,1,6,0,0,0,0.487013,0.493506,0.0194805,154,42529,120
1,bookshelf_small,41,qpFreeGate,1,1,0.0324433,3667,22,14.0637,1442,1442,0,0.00310682,0.00112338,0,0,0.00677193,0,20,12,1.1,0,0,0,1,0,0,0,0,0
1,bookshelf_small,41,qpFreeEnvelope,1,1,0.00350413,159,14,15.7143,823,823,0,0.000825662,0.00249477,0,0,0.129519,0.930818,15,8,0.933333,0,0,0,0.0503145,0.805031,0.144654,0,0,0
1,bookshelf_small,41,qpEnvelope,1,1,0.000929581,49,6,6.63408,355,355,0,0.00564842,0.00249477,0,0,0.135389,0.653061,1,1,6,0,0,0,0.346939,0.591837,0.0612245,49,13881,36
1,bookshelf_small,65,isSafe,1,1,0.00263924,618,6,6.12719,5,308,0,0.000811407,0.00249477,0,0,0,0,1,1,6,0,0,0,0,0,0,0,0,0
1,bookshelf_small,65,qpFixed,1,1,0.006743,525,6,6.48976,526,526,0,0.00198631,0.00249477,0,0,0.0123614,0,1,1,6,0,0,0,1,0,0,525,125707,206
1,bookshelf_small,65,qpPlain,1,1,0.00728474,525,6,6.48976,526,526,0,0.00198631,0.00249477,0,0,0.0123614,0,1,1,6,0,0,0,1,0,0,525,180075,525
1,bookshelf_small,65,qpAdaptive,1,1,0.0025258,172,6,6.48508,405,405,0,0.0019387,0.00249477,0,0,0.037704,0.401163,1,1,6,0,0,0,0.598837,0.383721,0.0174419,172,39167,141
1,bookshelf_small,65,qpFreeGate,1,1,0.00809302,975,7,8.3775,735,735,0,0.00840539,0.00249477,0,0,0.00907202,0,3,2,2.33333,0,0,0,1,0,0,0,0,0
1,bookshelf_small,65,qpFreeEnvelope,1,1,0.000929816,49,7,8.3829,433,433,0,0.00839159,0.00249477,0,0,0.181482,0.959184,3,2,2.33333,0,0,0,0.0408163,0.816327,0.142857,0,0,0
1,bookshelf_small,65,qpEnvelope,1,1,0.0004688,25,6,6.164,324,324,0,0.0100306,0.00249477,0,0,0.24656,1,1,1,6,0,0,0,0,0.84,0.16,25,6221,10
1,bookshelf_small,90,isSafe,1,1,0.120643,25206,129,19.0877,11,956,0,0.00157418,0.00122321,0,0,0,0,804,126,0.160448,0,0,0,0,0,0,0,0,0
1,bookshelf_small,90,qpFixed,1,1,0.017697,1114,9,9.98242,834,834,0,0.00144343,0.00249477,0,0,0.0103588,0,3,2,3,0,0,0,1,0,0,1114,339220,813
1,bookshelf_small,90,qpPlain,1,1,0.0174365,1114,9,9.98242,834,834,0,0.00144343,0.00249477,0,0,0.0103588,0,3,2,3,0,0,0,1,0,0,1114,382102,1114
1,bookshelf_small,90,qpAdaptive,1,1,0.0115735,664,9,9.99052,694,694,0,0.00144609,0.00249477,0,0,0.0174152,0.427711,3,2,3,0,0,0,0.569277,0.420181,0.0105422,664,215129,605
1,bookshelf_small,90,qpFreeGate,1,1,0.947769,105086,201,21.0214,2311,2311,0,0.00170384,0.00164973,0,0,0.00340283,0,735,192,0.273469,0,0,0,1,0,0,0,0,0
1,bookshelf_small,90,qpFreeEnvelope,1,1,0.0566669,2503,96,16.4669,886,886,0,0.000168025,0.000165626,0,0,0.0681216,0.947263,318,84,0.301887,0,0,0,0.0264954,0.835006,0.138499,0,0,0
1,bookshelf_small,90,qpEnvelope,1,1,0.0062303,330,8,10.0127,586,586,0,0.00148625,0.00249477,0,0,0.0352441,0.354545,3,2,2.66667,0,0,0,0.645455,0.336364,0.0181818,330,107208,304
1,box,14,isSafe,1,1,0.0073478,1372,10,10.7498,8,539,0,0.0204922,0.00249477,0,0,0,0,10,6,1,0,0,0,0,0,0,0,0,0
1,box,14,qpFixed,1,1,0.00546559,407,6,5.44867,408,408,0,0.0059841,0.00249477,0,0,0.0133874,0,1,1,6,0,0,0,1,0,0,407,86075,187
1,box,14,qpPlain,1,1,0.00602065,407,6,5.44867,408,408,0,0.0059841,0.00249477,0,0,0.0133874,0,1,1,6,0,0,0,1,0,0,407,139601,407
1,box,14,qpAdaptive,1,1,0.00125667,92,6,5.43103,318,318,0,0.00586266,0.00249477,0,0,0.0590329,0.728261,1,1,6,0,0,0,0.26087,0.695652,0.0434783,92,20167,59
1,box,14,qpFreeGate,1,1,0.0174617,2065,14,10.4476,1022,1022,0,0.0070033,0.00249477,0,0,0.0064444,0,10,6,1.4,0,0,0,1,0,0,0,0,0
1,box,14,qpFreeEnvelope,1,1,0.0027803,133,11,10.7987,584,584,0,0.00498718,0.00249477,0,0,0.09973,0.984962,10,6,1.1,0,0,0,0,0.864662,0.135338,0,0,0
1,box,14,qpEnvelope,1,1,0.000788428,42,6,5.38377,287,287,0,0.00541694,0.00249477,0,0,0.128185,0.714286,1,1,6,0,0,0,0.285714,0.619048,0.0952381,42,9455,19
1,box,38,isSafe,1,1,0.0255684,6336,33,11.6678,7,585,0,0.046732,0.00249477,0,0,0,0,120,30,0.275,0,0,0,0,0,0,0,0,0
1,box,38,qpFixed,1,1,0.0161873,1289,10,9.63489,765,765,0,0.00923647,0.00249477,0,0,0.0101667,0,3,3,3.33333,0,0,0,1,0,0,1289,334750,738
1,box,38,qpPlain,1,1,0.0173259,1289,10,9.63489,765,765,0,0.00923647,0.00249477,0,0,0.0101667,0,3,3,3.33333,0,0,0,1,0,0,1289,442127,1289
1,box,38,qpAdaptive,1,1,0.00598902,414,10,9.65102,541,541,0,0.00886202,0.00249477,0,0,0.0315817,0.444444,3,3,3.33333,0,0,0,0.55314,0.429952,0.0169082,414,112507,366
1,box,38,qpFreeGate,1,1,0.193848,24253,72,25.8906,2414,2414,0,0.00612303,0.00249477,0,0,0.00491082,0,145,56,0.496552,0,0,0,1,0,0,0,0,0
1,box,38,qpFreeEnvelope,1,1,0.00705138,354,30,13.4757,701,701,0,0.000113095,0.00249477,0,0,0.114259,0.872881,34,18,0.882353,0,0,0,0.104816,0.764873,0.130312,0,0,0
1,box,38,qpEnvelope,1,1,0.00371326,232,10,9.67669,516,516,0,0.00431574,0.00249477,0,0,0.0565772,0.435345,3,3,3.33333,0,0,0,0.564655,0.405172,0.0301724,232,62224,210
1,box,62,isSafe,1,1,0.0123355,2146,13,6.92029,5,348,0,0.0404056,0.00249477,0,0,0,0,16,9,0.8125,0,0,0,0,0,0,0,0,0
1,box,62,qpFixed,1,1,0.00736126,525,6,6.1395,526,526,0,0.00179689,0.00249477,0,0,0.0116943,0,1,1,6,0,0,0,1,0,0,525,127139,227
1,box,62,qpPlain,1,1,0.00760812,525,6,6.1395,526,526,0,0.00179689,0.00249477,0,0,0.0116943,0,1,1,6,0,0,0,1,0,0,525,180075,525
1,box,62,qpAdaptive,1,1,0.00176272,119,6,6.13232,369,369,0,0.00178953,0.00249477,0,0,0.0515321,0.638655,1,1,6,0,0,0,0.352941,0.613445,0.0336134,119,31277,101
1,box,62,qpFreeGate,1,1,0.029006,3339,16,10.8346,967,967,0,0.0132905,0.00249477,0,0,0.00755927,0,16,11,1,0,0,0,1,0,0,0,0,0
1,box,62,qpFreeEnvelope,1,1,0.00554736,164,17,11.2624,588,588,0,0.00844937,0.00249477,0,0,0.156095,1,16,10,1.0625,0,0,0,0,0.841463,0.158537,0,0,0
1,box,62,qpEnvelope,1,1,0.00112708,61,6,6.11931,334,334,0,0.00175243,0.00249477,0,0,0.100317,0.721311,1,1,6,0,0,0,0.278689,0.655738,0.0655738,61,16331,51
1,box,86,isSafe,1,1,0.0238432,4786,26,10.9441,7,549,0,0.042642,0.00249477,0,0,0,0,56,22,0.464286,0,0,0,0,0,0,0,0,0
1,box,86,qpFixed,1,1,0.00795535,537,7,7.21771,538,538,0,0.00273751,0.00249477,0,0,0.0134408,0,1,1,7,0,0,0,1,0,0,537,143949,345
1,box,86,qpPlain,1,1,0.00887321,537,7,7.21771,538,538,0,0.00273751,0.00249477,0,0,0.0134408,0,1,1,7,0,0,0,1,0,0,537,184191,537
1,box,86,qpAdaptive,1,1,0.00677965,240,7,7.20749,466,466,0,0.00282238,0.00249477,0,0,0.0300312,0.4375,1,1,7,0,0,0,0.554167,0.425,0.0208333,240,66565,217
1,box,86,qpFreeGate,1,1,0.0494996,5727,23,17.8993,1590,1590,0,0.00450695,0.00249477,0,0,0.00636319,0,29,17,0.793103,0,0,0,1,0,0,0,0,0
1,box,86,qpFreeEnvelope,1,1,0.00675255,292,26,19.5543,1021,1021,0,0.000724165,0.00249477,0,0,0.125037,0.910959,29,19,0.896552,0,0,0,0.0821918,0.777397,0.140411,0,0,0
1,box,86,qpEnvelope,1,1,0.00146643,71,7,7.19284,396,396,0,0.0030751,0.00249477,0,0,0.101308,0.901408,1,1,7,0,0,0,0.0985915,0.830986,0.0704225,71,20199,61
1,table_pick,10,isSafe,1,1,0.0199582,3265,18,9.47523,6,475,0,0.00268208,0.00249477,0,0,0,0,42,14,0.428571,0,0,0,0,0,0,0,0,0
1,table_pick,10,qpFixed,1,1,0.00671892,418,6,6.1786,419,419,0,0.0040421,0.00249477,0,0,0.0147813,0,1,1,6,0,0,0,1,0,0,418,109795,106
1,table_pick,10,qpPlain,1,1,0.00706173,418,6,6.1786,419,419,0,0.0040421,0.00249477,0,0,0.0147813,0,1,1,6,0,0,0,1,0,0,418,143374,418
1,table_pick,10,qpAdaptive,1,1,0.00218048,106,6,6.17909,361,361,0,0.0040421,0.00249477,0,0,0.0582933,0.584906,1,1,6,0,0,0,0.415094,0.54717,0.0377358,106,30846,81
1,table_pick,10,qpFreeGate,1,1,0.0614823,6000,23,6.49623,631,631,0,0.00239144,0.00249477,0,0,0.00571265,0,42,16,0.547619,0,0,0,1,0,0,0,0,0
1,table_pick,10,qpFreeEnvelope,1,1,0.00932435,331,26,6.45037,348,348,0,0.0023693,0.00249477,0,0,0.102545,0.975831,42,17,0.619048,0,0,0,0,0.827273,0.172727,0,0,0
1,table_pick,10,qpEnvelope,1,1,0.0011287,47,6,6.18846,335,335,0,0.00395903,0.00249477,0,0,0.131669,0.574468,1,1,6,0,0,0,0.425532,0.489362,0.0851064,47,13639,37
1,table_pick,34,isSafe,1,1,0.00733751,1229,8,5.32249,4,268,0,0.00184274,0.00249477,0,0,0,0,8,4,1,0,0,0,0,0,0,0,0,0
1,table_pick,34,qpFixed,1,1,0.00885629,567,6,6.53081,568,568,0,0.00607576,0.00249477,0,0,0.0115182,0,1,1,6,0,0,0,1,0,0,567,134392,92
1,table_pick,34,qpPlain,1,1,0.0100764,567,6,6.53081,568,568,0,0.00607576,0.00249477,0,0,0.0115182,0,1,1,6,0,0,0,1,0,0,567,194481,567
1,table_pick,34,qpAdaptive,1,1,0.00109588,61,6,6.53501,356,356,0,0.00607576,0.00249477,0,0,0.107131,0.721311,1,1,6,0,0,0,0.262295,0.672131,0.0655738,61,16702,35
1,table_pick,34,qpFreeGate,1,1,0.0145158,1431,9,4.39766,460,460,0,0.00179389,0.00249477,0,0,0.00786741,0,8,5,1.125,0,0,0,1,0,0,0,0,0
1,table_pick,34,qpFreeEnvelope,1,1,0.00209653,87,9,4.41407,243,243,0,0.00181147,0.00249477,0,0,0.131226,0.965517,8,5,1.125,0,0,0,0.0344828,0.827586,0.137931,0,0,0
1,table_pick,34,qpEnvelope,1,1,0.000695609,29,6,6.54009,341,341,0,0.00609504,0.00249477,0,0,0.22552,0.965517,1,1,6,0,0,0,0.0344828,0.827586,0.137931,29,7931,19
1,table_pick,58,isSafe,1,1,0.0316365,5257,28,22.4381,13,1123,0,0.00168428,0.00249477,0,0,0,0,55,22,0.509091,0,0,0,0,0,0,0,0,0
1,table_pick,58,qpFixed,1,1,0.00704807,431,5,5.12421,432,432,0,0.00398547,0.00249477,0,0,0.0118891,0,1,1,5,0,0,0,1,0,0,431,101457,124
1,table_pick,58,qpPlain,1,1,0.00765094,431,5,5.12421,432,432,0,0.00398547,0.00249477,0,0,0.0118891,0,1,1,5,0,0,0,1,0,0,431,147833,431
1,table_pick,58,qpAdaptive,1,1,0.00162258,89,5,5.12497,308,308,0,0.00400278,0.00249477,0,0,0.0575839,0.696629,1,1,5,0,0,0,0.303371,0.662921,0.0337079,89,23225,67
1,table_pick,58,qpFreeGate,1,1,0.13353,12290,41,15.3689,1198,1198,0,0.00493947,0.00249477,0,0,0.00558232,0,88,38,0.465909,0,0,0,1,0,0,0,0,0
1,table_pick,58,qpFreeEnvelope,1,1,0.0187686,645,40,15.3595,792,792,0,0.00500407,0.00249477,0,0,0.105716,0.987597,88,37,0.454545,0,0,0,0,0.842924,0.157076,0,0,0
1,table_pick,58,qpEnvelope,1,1,0.000915419,39,6,5.14134,276,276,0,0.00364856,0.00249477,0,0,0.131829,0.871795,1,1,6,0,0,0,0.102564,0.794872,0.102564,39,10194,29
1,table_pick,82,isSafe,1,1,0.0114487,1868,12,12.2943,8,616,0,0.0025755,0.00249477,0,0,0,0,20,7,0.6,0,0,0,0,0,0,0,0,0
1,table_pick,82,qpFixed,1,1,0.0456857,2518,17,15.646,1315,1315,0,0.000282102,0.00249477,0,0,0.0105771,0,7,6,2.42857,0,0,0,1,0,0,2518,714503,2254
1,table_pick,82,qpPlain,1,1,0.0467474,2518,17,15.646,1315,1315,0,0.000282102,0.00249477,0,0,0.0105771,0,7,6,2.42857,0,0,0,1,0,0,2518,863674,2518
1,table_pick,82,qpAdaptive,1,1,0.0285282,1511,18,15.6784,1131,1131,0,0.000270996,0.00249477,0,0,0.0176572,0.44143,7,6,2.57143,0,0,0,0.553938,0.43812,0.00794176,1511,437872,1436
1,table_pick,82,qpFreeGate,1,1,0.103634,10107,30,12.9291,1406,1406,0,0.00168503,0.00249477,0,0,0.00386275,0,68,23,0.441176,0,0,0,1,0,0,0,0,0
1,table_pick,82,qpFreeEnvelope,1,1,0.0217609,896,35,14.4908,768,768,0,0.000624466,0.00249477,0,0,0.0569995,0.962054,78,30,0.448718,0,0,0,0.027933,0.868156,0.103911,0,0,0
1,table_pick,82,qpEnvelope,1,1,0.0157886,754,17,15.7911,991,991,0,0.000155669,0.00249477,0,0,0.0356901,0.266578,7,6,2.42857,0,0,0,0.728117,0.251989,0.0198939,754,221681,725
1,cage,6,isSafe,1,1,0.851688,193910,1177,22.3209,14,1118,0,0.00230014,0.00249477,0,0,0,0,6749,1173,0.174396,0,0,0,0,0,0,0,0,0
1,cage,6,qpFixed,1,1,0.203347,14533,74,22.8586,2050,2050,0,1.26114e-05,0.00249477,0,0,0.00893985,0,55,40,1.34545,0,0,0,1,0,0,14529,3915804,13024
1,cage,6,qpPlain,1,1,0.211513,14533,74,22.8586,2050,2050,0,1.26114e-05,0.00249477,0,0,0.00893985,0,55,40,1.34545,0,0,0,1,0,0,14529,4983447,14529
1,cage,6,qpAdaptive,1,1,0.133882,8960,74,22.8941,1673,1673,0,1.23136e-05,0.00249477,0,0,0.01452,0.339621,55,40,1.34545,0,0,0,0.658403,0.335678,0.00591848,8955,2420582,8727
1,cage,6,qpFreeGate,1,1,3.39316,418792,980,32.7798,3488,3488,0,0.000371237,0.00249477,0,0,0.00366695,0,3424,949,0.286215,0,0,0,1,0,0,0,0,0
1,cage,6,qpFreeEnvelope,1,1,0.0659528,3577,156,24.599,1351,1351,0,0.000199703,0.00249477,0,0,0.0727949,0.893766,462,144,0.337662,0,0,0,0.0715291,0.815545,0.112926,0,0,0
1,cage,6,qpEnvelope,1,1,0.0990038,6359,74,23.0396,1504,1504,0,1.10307e-05,0.00249477,0,0,0.0205025,0.280862,55,40,1.34545,0,0,0,0.716354,0.273414,0.0102314,6353,1688039,6275
1,cage,30,isSafe,1,1,0.434484,106001,598,23.8405,14,1194,0,0.00170439,0.00249477,0,0,0,0,3369,592,0.177501,0,0,0,0,0,0,0,0,0
1,cage,30,qpFixed,1,1,0.159434,12167,75,20.8185,1830,1830,0,0.00020664,0.000501923,0,0,0.00955999,0,46,37,1.63043,0,0,0,1,0,0,12165,3114546,10458
1,cage,30,qpPlain,1,1,0.166494,12167,75,20.8185,1830,1830,0,0.00020664,0.000501923,0,0,0.00955999,0,46,37,1.63043,0,0,0,1,0,0,12165,4172595,12165
1,cage,30,qpAdaptive,1,1,0.226665,15806,137,28.9041,1953,1953,0,0.000102897,0.000142202,0,0,0.0142086,0.323991,101,74,1.35644,0,0,0,0.673861,0.319684,0.0064557,15800,4257054,15279
1,cage,30,qpFreeGate,1,1,1.76636,225321,490,23.8906,2785,2785,0,0.00173746,0.00249477,0,0,0.00366092,0,1689,468,0.290112,0,0,0,1,0,0,0,0,0
1,cage,30,qpFreeEnvelope,1,1,0.147886,7913,320,16.1732,883,883,0,0.000210928,0.00249477,0,0,0.0676798,0.909642,1088,308,0.294118,0,0,0,0.0593404,0.818923,0.121737,0,0,0
1,cage,30,qpEnvelope,1,1,0.163785,10993,134,28.9965,1751,1751,0,0.000100789,0.000133194,0,0,0.0205357,0.225871,101,74,1.32673,0,0,0,0.772367,0.216074,0.0115591,10987,2920202,10813
1,cage,54,isSafe,1,1,0.460674,98860,558,14.1035,9,707,0,0.0148742,0.00249477,0,0,0,0,3147,554,0.177312,0,0,0,0,0,0,0,0,0
1,cage,54,qpFixed,1,1,0.261787,18027,95,25.2272,2049,2049,0,0.000225612,0.00249477,0,0,0.00888396,0,69,50,1.37681,0,0,0,1,0,0,18024,4760226,15478
1,cage,54,qpPlain,1,1,0.270254,18027,95,25.2272,2049,2049,0,0.000225612,0.00249477,0,0,0.00888396,0,69,50,1.37681,0,0,0,1,0,0,18024,6182232,18024
1,cage,54,qpAdaptive,1,1,0.174628,10880,95,25.2666,1622,1622,0,0.000205946,0.00249477,0,0,0.0147502,0.332996,69,50,1.37681,0,0,0,0.664338,0.329043,0.00661947,10877,2901191,10514
1,cage,54,qpFreeGate,1,1,3.12575,369018,803,12.6345,1240,1240,0,0.00854175,0.00249477,0,0,0.00358824,0,2833,774,0.283445,0,0,0,1,0,0,0,0,0
1,cage,54,qpFreeEnvelope,1,1,0.234786,11709,408,16.2909,874,874,0,0.000412826,0.00249477,0,0,0.0585128,0.930993,1399,380,0.291637,0,0,0,0.0444732,0.848187,0.10734,0,0,0
1,cage,54,qpEnvelope,1,1,0.124174,7663,94,25.3449,1494,1494,0,0.000179422,0.00249477,0,0,0.0211267,0.25186,69,50,1.36232,0,0,0,0.745789,0.24246,0.0117509,7659,2074898,7496
1,cage,78,isSafe,1,1,0.154741,38134,197,21.0431,12,1054,0,0.00819155,0.00249477,0,0,0,0,978,194,0.201431,0,0,0,0,0,0,0,0,0
1,cage,78,qpFixed,1,1,0.154561,11353,60,21.0804,1745,1745,0,0.000110171,0.00249477,0,0,0.00884724,0,40,30,1.5,0,0,0,1,0,0,11352,3233769,9629
1,cage,78,qpPlain,1,1,0.157135,11353,60,21.0804,1745,1745,0,0.000110171,0.00249477,0,0,0.00884724,0,40,30,1.5,0,0,0,1,0,0,11352,3893736,11352
1,cage,78,qpAdaptive,1,1,0.0914605,6231,61,18.8767,1416,1416,0,0.000106856,0.00249477,0,0,0.0156219,0.320334,38,29,1.60526,0,0,0,0.677155,0.315781,0.00706373,6229,1791702,6067
1,cage,78,qpFreeGate,1,1,2.91423,371845,807,22.9153,2172,2172,0,0.00209119,0.00249477,0,0,0.00357606,0,2892,782,0.279046,0,0,0,1,0,0,0,0,0
1,cage,78,qpFreeEnvelope,1,1,0.666917,35543,1266,12.4046,660,660,0,0.00105287,0.00249477,0,0,0.0554262,0.93,4823,1233,0.262492,0,0,0,0.0420942,0.843642,0.114264,0,0,0
1,cage,78,qpEnvelope,1,1,0.06302,4091,57,17.204,1053,1053,0,9.73053e-05,0.00249477,0,0,0.0235175,0.328037,38,28,1.5,0,0,0,0.669438,0.31687,0.0136919,4090,1165048,3999
1,bookshelf_tall,21,isSafe,1,1,0.429218,56411,297,14.807,9,742,0,0.00524445,0.00221633,0,0,0,0,1480,293,0.200676,0,0,0,0,0,0,0,0,0
1,bookshelf_tall,21,qpFixed,1,1,0.018686,894,9,9.29164,623,623,0,0.00502899,0.00210395,0,0,0.0125648,0,2,2,4.5,0,0,0,1,0,0,894,263111,450
1,bookshelf_tall,21,qpPlain,1,1,0.0191033,894,9,9.29164,623,623,0,0.00502899,0.00210395,0,0,0.0125648,0,2,2,4.5,0,0,0,1,0,0,894,306642,894
1,bookshelf_tall,21,qpAdaptive,1,1,0.00749238,330,9,9.29364,525,525,0,0.00502899,0.00210794,0,0,0.0339684,0.542424,2,2,4.5,0,0,0,0.451515,0.527273,0.0212121,330,102023,295
1,bookshelf_tall,21,qpFreeGate,1,1,0.178279,14947,42,12.1628,1074,1074,0,0.00459453,0.00192578,0,0,0.00445296,0,113,36,0.371681,0,0,0,1,0,0,0,0,0
1,bookshelf_tall,21,qpFreeEnvelope,1,1,0.0229732,663,38,18.1323,949,949,0,0.000526257,2.12048e-06,0,0,0.0894417,0.968326,96,33,0.395833,0,0,0,0.016692,0.813354,0.169954,0,0,0
1,bookshelf_tall,21,qpEnvelope,1,1,0.00431581,175,8,9.25414,483,483,0,0.00502899,0.00217642,0,0,0.0639137,0.331429,2,2,4,0,0,0,0.668571,0.297143,0.0342857,175,53444,164
1,bookshelf_tall,46,isSafe,1,1,0.0100094,1296,8,6.74167,5,339,0,0.00151633,0.00249477,0,0,0,0,20,4,0.4,0,0,0,0,0,0,0,0,0
1,bookshelf_tall,46,qpFixed,1,1,0.00685998,349,6,5.95168,350,350,0,0.00299088,0.00249477,0,0,0.0170535,0,1,1,6,0,0,0,1,0,0,349,89493,78
1,bookshelf_tall,46,qpPlain,1,1,0.00731369,349,6,5.95168,350,350,0,0.00299088,0.00249477,0,0,0.0170535,0,1,1,6,0,0,0,1,0,0,349,119707,349
1,bookshelf_tall,46,qpAdaptive,1,1,0.00156771,72,6,5.95184,338,338,0,0.00299088,0.00249477,0,0,0.0826644,0.861111,1,1,6,0,0,0,0.125,0.819444,0.0555556,72,20848,46
1,bookshelf_tall,46,qpFreeGate,1,1,0.0583525,4945,20,14.7248,980,980,0,0.00299088,0.00249477,0,0,0.00665324,0,44,16,0.454545,0,0,0,1,0,0,0,0,0
1,bookshelf_tall,46,qpFreeEnvelope,1,1,0.0107142,336,20,14.7858,759,759,0,0.00299088,0.00249477,0,0,0.0978592,0.964286,44,16,0.454545,0,0,0,0.0328358,0.859701,0.107463,0,0,0
1,bookshelf_tall,46,qpEnvelope,1,1,0.000869131,31,6,5.95175,313,313,0,0.00299088,0.00249477,0,0,0.191992,0.741935,1,1,6,0,0,0,0.193548,0.677419,0.129032,31,8843,18
1,bookshelf_tall,71,isSafe,1,1,0.0684131,8880,45,16.6449,10,834,0,0.0012566,0.00249477,0,0,0,0,190,41,0.236842,0,0,0,0,0,0,0,0,0
1,bookshelf_tall,71,qpFixed,1,1,0.0915133,4265,39,14.5397,1190,1190,0,0.00221154,0.00249477,0,0,0.0102506,0,12,11,3.25,0,0,0,1,0,0,4265,1187093,3466
1,bookshelf_tall,71,qpPlain,1,1,0.0927097,4265,39,14.5397,1190,1190,0,0.00221154,0.00249477,0,0,0.0102506,0,12,11,3.25,0,0,0,1,0,0,4265,1462895,4265
1,bookshelf_tall,71,qpAdaptive,1,1,0.0579009,2559,40,14.5577,1007,1007,0,0.00224685,0.00249477,0,0,0.0171328,0.268464,12,11,3.33333,0,0,0,0.72841,0.259476,0.0121141,2559,733762,2488
1,bookshelf_tall,71,qpFreeGate,1,1,0.304887,25654,77,22.0051,2194,2194,0,0.00398549,0.00249477,0,0,0.0046853,0,190,65,0.405263,0,0,0,1,0,0,0,0,0
1,bookshelf_tall,71,qpFreeEnvelope,1,1,0.0300406,865,48,19.4358,1006,1006,0,0.00425504,0.00249477,0,0,0.096395,0.975723,130,42,0.369231,0,0,0,0,0.82907,0.17093,0,0,0
1,bookshelf_tall,71,qpEnvelope,1,1,0.0664371,2869,55,18.2609,1104,1104,0,0.000206733,0.00249477,0,0,0.0248714,0.238759,23,19,2.3913,0,0,0,0.759847,0.222377,0.0177762,2869,773493,2824
1,bookshelf_tall,96,isSafe,1,1,0.0755614,9779,49,18.3319,11,918,0,0.00532079,0.00249477,0,0,0,0,204,45,0.240196,0,0,0,0,0,0,0,0,0
1,bookshelf_tall,96,qpFixed,1,1,0.0677168,3230,29,19.4071,1695,1695,0,0.000327901,0.00249477,0,0,0.00990885,0,7,7,4.14286,0,0,0,1,0,0,3230,817216,2321
1,bookshelf_tall,96,qpPlain,1,1,0.0698923,3230,29,19.4071,1695,1695,0,0.000327901,0.00249477,0,0,0.00990885,0,7,7,4.14286,0,0,0,1,0,0,3230,1107890,3230
1,bookshelf_tall,96,qpAdaptive,1,1,0.0320983,1446,29,19.3966,1299,1299,0,0.000326329,0.00249477,0,0,0.0221046,0.416321,7,7,4.14286,0,0,0,0.580221,0.40249,0.0172891,1446,376443,1330
1,bookshelf_tall,96,qpFreeGate,1,1,0.0930237,7760,29,19.2247,1529,1529,0,0.00152444,0.00249477,0,0,0.00604989,0,51,23,0.568627,0,0,0,1,0,0,0,0,0
1,bookshelf_tall,96,qpFreeEnvelope,1,1,0.0123134,397,23,22.1024,1171,1171,0,0.000118319,0.00249477,0,0,0.094066,0.879093,35,17,0.657143,0,0,0,0.110831,0.775819,0.11335,0,0,0
1,bookshelf_tall,96,qpEnvelope,1,1,0.0220067,953,29,19.4458,1161,1161,0,0.000320989,0.00249477,0,0,0.0336433,0.342078,7,7,4.14286,0,0,0,0.653725,0.317943,0.0283316,953,240803,915
1,bookshelf_thin,21,isSafe,1,1,0.0877706,8512,43,13.3539,8,669,0,0.00183362,0.00249477,0,0,0,0,154,40,0.279221,0,0,0,0,0,0,0,0,0
1,bookshelf_thin,21,qpFixed,1,1,0.032188,1260,17,6.91868,543,543,0,0.00414507,0.00249477,0,0,0.0133115,0,3,3,5.66667,0,0,0,1,0,0,1260,323961,582
1,bookshelf_thin,21,qpPlain,1,1,0.0335995,1260,17,6.91868,543,543,0,0.00414507,0.00249477,0,0,0.0133115,0,3,3,5.66667,0,0,0,1,0,0,1260,432180,1260
1,bookshelf_thin,21,qpAdaptive,1,1,0.0096007,355,16,6.92745,440,440,0,0.00414643,0.00249477,0,0,0.0473279,0.577465,3,3,5.33333,0,0,0,0.416901,0.538028,0.0450704,355,93965,294
1,bookshelf_thin,21,qpFreeGate,1,1,0.0240857,1681,16,9.90963,1018,1018,0,0.00443336,0.00249477,0,0,0.00984394,0,7,6,2.28571,0,0,0,1,0,0,0,0,0
1,bookshelf_thin,21,qpFreeEnvelope,1,1,0.00357862,79,14,11.3052,585,585,0,0.00443336,0.00249477,0,0,0.230948,0.898734,9,7,1.55556,0,0,0,0.0519481,0.74026,0.207792,0,0,0
1,bookshelf_thin,21,qpEnvelope,1,1,0.0047892,163,13,6.94163,380,380,0,0.00420113,0.00249477,0,0,0.103464,0.552147,3,3,4.33333,0,0,0,0.441718,0.478528,0.0797546,163,43922,129
1,bookshelf_thin,45,isSafe,1,1,0.0267605,2617,15,11.185,7,561,0,0.00244772,0.00249477,0,0,0,0,32,10,0.46875,0,0,0,0,0,0,0,0,0
1,bookshelf_thin,45,qpFixed,1,1,0.0132626,485,6,6.74364,486,486,0,0.00160919,0.00249477,0,0,0.0139044,0,1,1,6,0,0,0,1,0,0,485,131892,238
1,bookshelf_thin,45,qpPlain,1,1,0.0126283,485,6,6.74364,486,486,0,0.00160919,0.00249477,0,0,0.0139044,0,1,1,6,0,0,0,1,0,0,485,166355,485
1,bookshelf_thin,45,qpAdaptive,1,1,0.00548577,206,6,6.74237,424,424,0,0.00160919,0.00249477,0,0,0.0327299,0.364078,1,1,6,0,0,0,0.631068,0.349515,0.0194175,206,56720,173
1,bookshelf_thin,45,qpFreeGate,1,1,0.0797498,5585,18,11.3027,961,961,0,0.00244772,0.00249477,0,0,0.00530047,0,32,13,0.5625,0,0,0,1,0,0,0,0,0
1,bookshelf_thin,45,qpFreeEnvelope,1,1,0.0134006,339,17,12.0386,624,624,0,0.00244772,0.00249477,0,0,0.0866316,0.973451,32,13,0.53125,0,0,0,0.0176991,0.864307,0.117994,0,0,0
1,bookshelf_thin,45,qpEnvelope,1,1,0.00356882,124,6,6.74218,386,386,0,0.00179564,0.00249477,0,0,0.0543724,0.258065,1,1,6,0,0,0,0.741935,0.225806,0.0322581,124,33841,113
1,bookshelf_thin,69,isSafe,1,1,0.209208,18923,96,19.2388,11,963,0,0.00278508,0.00249477,0,0,0,0,447,91,0.214765,0,0,0,0,0,0,0,0,0
1,bookshelf_thin,69,qpFixed,1,1,0.027566,999,13,10.3961,794,794,0,0.00564909,0.00249477,0,0,0.0129043,0,3,3,4.33333,0,0,0,1,0,0,998,289353,709
1,bookshelf_thin,69,qpPlain,1,1,0.0273954,999,13,10.3961,794,794,0,0.00564909,0.00249477,0,0,0.0129043,0,3,3,4.33333,0,0,0,1,0,0,998,342314,998
1,bookshelf_thin,69,qpAdaptive,1,1,0.01259,434,13,10.3996,698,698,0,0.00567757,0.00249477,0,0,0.0298578,0.548387,3,3,4.33333,0,0,0,0.443418,0.538106,0.0184758,433,135257,394
1,bookshelf_thin,69,qpFreeGate,1,1,0.120552,7968,27,8.31897,963,963,0,0.00280301,0.00249477,0,0,0.00544711,0,60,22,0.45,0,0,0,1,0,0,0,0,0
1,bookshelf_thin,69,qpFreeEnvelope,1,1,0.0302795,655,48,13.6525,720,720,0,0.00245516,0.00107882,0,0,0.100204,0.954198,86,35,0.55814,0,0,0,0.030722,0.803379,0.165899,0,0,0
1,bookshelf_thin,69,qpEnvelope,1,1,0.00368101,107,13,10.401,561,561,0,0.00637633,0.00249477,0,0,0.120934,0.719626,3,3,4.33333,0,0,0,0.273585,0.613208,0.113208,106,32597,97
1,bookshelf_thin,94,isSafe,1,1,0.967082,94177,521,13.356,8,669,0,0.00715133,0.00113689,0,0,0,0,2726,518,0.191123,0,0,0,0,0,0,0,0,0
1,bookshelf_thin,94,qpFixed,1,1,0.0484851,1833,13,13.6844,1102,1102,0,0.0010316,0.00249477,0,0,0.0102583,0,5,4,2.6,0,0,0,1,0,0,1833,524021,1250
1,bookshelf_thin,94,qpPlain,1,1,0.0489044,1833,13,13.6844,1102,1102,0,0.0010316,0.00249477,0,0,0.0102583,0,5,4,2.6,0,0,0,1,0,0,1833,628719,1833
1,bookshelf_thin,94,qpAdaptive,1,1,0.0287419,1037,13,13.6871,941,941,0,0.00103186,0.00249477,0,0,0.0181422,0.230473,5,4,2.6,0,0,0,0.766635,0.225651,0.00771456,1037,305086,951
1,bookshelf_thin,94,qpFreeGate,1,1,1.80521,123552,293,17.9851,1706,1706,0,0.00505534,0.000610204,0,0,0.0040208,0,988,287,0.296559,0,0,0,1,0,0,0,0,0
1,bookshelf_thin,94,qpFreeEnvelope,1,1,0.0718207,1658,90,19.5209,1026,1026,0,0.00201556,0.000105105,0,0,0.0790824,0.968637,246,78,0.365854,0,0,0,0.00851064,0.840122,0.151368,0,0,0
1,bookshelf_thin,94,qpEnvelope,1,1,0.019521,684,12,15.48,1012,1012,0,0.000694366,0.00249477,0,0,0.0260419,0.163743,5,4,2.4,0,0,0,0.834311,0.152493,0.0131965,682,202909,649
1,table_under_pick,18,isSafe,1,1,0.0118757,2001,10,11.3658,7,570,0,0.007853,0.00249477,0,0,0,0,101,5,0.0990099,0,0,0,0,0,0,0,0,0
1,table_under_pick,18,qpFixed,1,1,0.0256384,1564,21,13.6356,958,958,0,0.00412012,0.00249477,0,0,0.0135831,0,3,3,7,0,0,0,1,0,0,1564,395809,709
1,table_under_pick,18,qpPlain,1,1,0.0269361,1564,21,13.6356,958,958,0,0.00412012,0.00249477,0,0,0.0135831,0,3,3,7,0,0,0,1,0,0,1564,536452,1564
1,table_under_pick,18,qpAdaptive,1,1,0.00762005,417,20,13.6355,776,776,0,0.00411827,0.00249477,0,0,0.050913,0.563549,3,3,6.66667,0,0,0,0.426859,0.527578,0.0455635,417,120983,342
1,table_under_pick,18,qpFreeGate,1,1,0.0717143,7080,10,11.0954,993,993,0,0.00183139,0.00249477,0,0,0.0022213,0,101,6,0.0990099,0,0,0,1,0,0,0,0,0
1,table_under_pick,18,qpFreeEnvelope,1,1,0.0192144,742,14,14.6731,812,812,0,0.000600703,0.00249477,0,0,0.0382358,0.963612,105,8,0.133333,0,0,0,0.0269906,0.832659,0.140351,0,0,0
1,table_under_pick,18,qpEnvelope,1,1,0.00368905,183,16,13.6302,724,724,0,0.00407446,0.00249477,0,0,0.115744,0.726776,3,3,5.33333,0,0,0,0.262295,0.650273,0.0874317,183,51671,149
1,table_under_pick,42,isSafe,1,1,0.00902399,1554,10,14.9767,9,750,0,0.00152463,0.00107397,0,0,0,0,26,5,0.384615,0,0,0,0,0,0,0,0,0
1,table_under_pick,42,qpFixed,1,1,0.111785,6396,44,25.7687,1916,1916,0,0.00195778,0.000222035,0,0,0.0104608,0,20,18,2.2,0,0,0,1,0,0,6395,1686268,5401
1,table_under_pick,42,qpPlain,1,1,0.114929,6396,44,25.7687,1916,1916,0,0.00195778,0.000222035,0,0,0.0104608,0,20,18,2.2,0,0,0,1,0,0,6395,2193485,6395
1,table_under_pick,42,qpAdaptive,1,1,0.0649242,3549,44,25.7864,1671,1671,0,0.00210253,0.000221251,0,0,0.018982,0.372499,20,18,2.2,0,0,0,0.625705,0.366404,0.00789177,3548,927788,3359
1,table_under_pick,42,qpFreeGate,1,1,0.146879,14378,43,14.5884,1975,1975,0,0.00299254,0.000234296,0,0,0.00380453,0,90,33,0.477778,0,0,0,1,0,0,0,0,0
1,table_under_pick,42,qpFreeEnvelope,1,1,0.0114426,413,28,15.2124,808,808,0,0.00273773,0.00159023,0,0,0.0936671,0.978208,51,20,0.54902,0,0,0,0,0.851942,0.148058,0,0,0
1,table_under_pick,42,qpEnvelope,1,1,0.0414624,2144,44,25.943,1460,1460,0,0.00142551,0.000889688,0,0,0.0316239,0.285448,20,18,2.2,0,0,0,0.711619,0.270182,0.0181988,2143,564740,2089
1,table_under_pick,67,isSafe,1,1,0.00660157,1103,8,10.7614,7,540,0,0.00521011,0.00249477,0,0,0,0,12,4,0.666667,0,0,0,0,0,0,0,0,0
1,table_under_pick,67,qpFixed,1,1,0.0221156,1250,10,10.2094,861,861,0,0.000738621,0.00249477,0,0,0.0110194,0,2,2,5,0,0,0,1,0,0,1249,373823,740
1,table_under_pick,67,qpPlain,1,1,0.0225829,1250,10,10.2094,861,861,0,0.000738621,0.00249477,0,0,0.0110194,0,2,2,5,0,0,0,1,0,0,1249,428407,1249
1,table_under_pick,67,qpAdaptive,1,1,0.0136596,698,10,10.2073,670,670,0,0.000738577,0.00249477,0,0,0.0197243,0.163324,2,2,5,0,0,0,0.836442,0.156385,0.0071736,697,203336,646
1,table_under_pick,67,qpFreeGate,1,1,0.0877085,8523,28,16.9858,1867,1867,0,0.00505593,0.00249477,0,0,0.00440497,0,48,19,0.583333,0,0,0,1,0,0,0,0,0
1,table_under_pick,67,qpFreeEnvelope,1,1,0.0051844,199,12,14.2449,762,762,0,0.00197226,0.00249477,0,0,0.0917679,0.98995,17,7,0.705882,0,0,0,0.00502513,0.874372,0.120603,0,0,0
1,table_under_pick,67,qpEnvelope,1,1,0.0107938,546,10,10.2031,630,630,0,0.000679839,0.00249477,0,0,0.0251914,0.113553,2,2,5,0,0,0,0.886239,0.104587,0.00917431,545,158588,523
1,table_under_pick,91,isSafe,1,1,0.0341015,5608,29,10.6591,7,534,0,0.00366251,0.00249477,0,0,0,0,134,25,0.216418,0,0,0,0,0,0,0,0,0
1,table_under_pick,91,qpFixed,1,1,0.0341338,1805,18,14.5409,1156,1156,0,0.00573163,0.00249477,0,0,0.0114343,0,5,5,3.6,0,0,0,1,0,0,1805,550443,1394
1,table_under_pick,91,qpPlain,1,1,0.0346466,1805,18,14.5409,1156,1156,0,0.00573163,0.00249477,0,0,0.0114343,0,5,5,3.6,0,0,0,1,0,0,1805,619115,1805
1,table_under_pick,91,qpAdaptive,1,1,0.0128006,706,18,14.5538,900,900,0,0.00572674,0.00249477,0,0,0.0292593,0.59915,5,5,3.6,0,0,0,0.393768,0.582153,0.0240793,706,212672,619
1,table_under_pick,91,qpFreeGate,1,1,0.120786,11453,32,15.8,1849,1849,0,0.00184059,0.00249477,0,0,0.00440523,0,72,24,0.444444,0,0,0,1,0,0,0,0,0
1,table_under_pick,91,qpFreeEnvelope,1,1,0.017424,590,31,16.502,890,890,0,0.00121302,0.00249477,0,0,0.0835007,0.949153,72,24,0.430556,0,0,0,0.0325901,0.831904,0.135506,0,0,0
1,table_under_pick,91,qpEnvelope,1,1,0.00625744,303,18,14.5459,803,803,0,0.00428429,0.00249477,0,0,0.068271,0.620462,5,5,3.6,0,0,0,0.372937,0.570957,0.0561056,303,92402,279
1,bookshelf_small,16,isSafe,1,1,0.0229357,5667,30,19.1699,11,960,0,0.00159522,4.71909e-05,0,0,0,0,110,26,0.272727,0,0,0,0,0,0,0,0,0
1,bookshelf_small,16,qpFixed,1,1,0.0102032,803,8,9.90452,804,804,0,0.00479155,5.08576e-05,0,0,0.0123344,0,1,1,8,0,0,0,1,0,0,803,219461,376
1,bookshelf_small,16,qpPlain,1,1,0.0108292,803,8,9.90452,804,804,0,0.00479155,5.08576e-05,0,0,0.0123344,0,1,1,8,0,0,0,1,0,0,803,275429,803
1,bookshelf_small,16,qpAdaptive,1,1,0.00476259,296,8,9.90818,626,626,0,0.00479155,4.63797e-05,0,0,0.0334736,0.320946,1,1,8,0,0,0,0.672297,0.310811,0.0168919,296,80615,237
1,bookshelf_small,16,qpFreeGate,1,1,0.66136,78610,189,19.5914,1706,1706,0,0.00489989,0.000382909,0,0,0.00399101,0,587,174,0.321976,0,0,0,1,0,0,0,0,0
1,bookshelf_small,16,qpFreeEnvelope,1,1,0.0146251,704,41,18.0944,941,941,0,0.00310324,8.73382e-05,0,0,0.0988747,0.93892,102,33,0.401961,0,0,0,0.025974,0.81241,0.161616,0,0,0
1,bookshelf_small,16,qpEnvelope,1,1,0.00358578,244,8,9.92956,594,594,0,0.00479155,1.8269e-05,0,0,0.0406949,0.0655738,1,1,8,0,0,0,0.934426,0.045082,0.0204918,244,64687,223
1,bookshelf_small,42,isSafe,0,0,0,0,0,0,0,0,0,inf,inf,0,0,0,0,0,0,0,0,0,0,0,0,0,0,0,0
1,bookshelf_small,42,qpFixed,0,0,0,0,0,0,0,0,0,inf,inf,0,0,0,0,0,0,0,0,0,0,0,0,0,0,0,0
1,bookshelf_small,42,qpPlain,0,0,0,0,0,0,0,0,0,inf,inf,0,0,0,0,0,0,0,0,0,0,0,0,0,0,0,0
1,bookshelf_small,42,qpAdaptive,0,0,0,0,0,0,0,0,0,inf,inf,0,0,0,0,0,0,0,0,0,0,0,0,0,0,0,0
1,bookshelf_small,42,qpFreeGate,0,0,0,0,0,0,0,0,0,inf,inf,0,0,0,0,0,0,0,0,0,0,0,0,0,0,0,0
1,bookshelf_small,42,qpFreeEnvelope,0,0,0,0,0,0,0,0,0,inf,inf,0,0,0,0,0,0,0,0,0,0,0,0,0,0,0,0
1,bookshelf_small,42,qpEnvelope,0,0,0,0,0,0,0,0,0,inf,inf,0,0,0,0,0,0,0,0,0,0,0,0,0,0,0,0
1,bookshelf_small,66,isSafe,1,1,0.0030042,734,6,7.19083,5,361,0,0.00164724,0.00249477,0,0,0,0,3,2,2,0,0,0,0,0,0,0,0,0
1,bookshelf_small,66,qpFixed,1,1,0.00498721,399,6,6.31676,400,400,0,0.00552033,0.00249477,0,0,0.0158315,0,1,1,6,0,0,0,1,0,0,399,101555,116
1,bookshelf_small,66,qpPlain,1,1,0.00544766,399,6,6.31676,400,400,0,0.00552033,0.00249477,0,0,0.0158315,0,1,1,6,0,0,0,1,0,0,399,136857,399
1,bookshelf_small,66,qpAdaptive,1,1,0.00208126,144,6,6.31671,370,370,0,0.00552033,0.00249477,0,0,0.0438661,0.361111,1,1,6,0,0,0,0.631944,0.340278,0.0277778,144,38048,111
1,bookshelf_small,66,qpFreeGate,1,1,0.00898087,1102,7,8.63191,688,688,0,0.00552033,0.00249477,0,0,0.00835782,0,5,3,1.4,0,0,0,1,0,0,0,0,0
1,bookshelf_small,66,qpFreeEnvelope,1,1,0.0011517,61,7,8.64014,444,444,0,0.00552033,0.00249477,0,0,0.152319,0.95082,5,3,1.4,0,0,0,0.0491803,0.803279,0.147541,0,0,0
1,bookshelf_small,66,qpEnvelope,1,1,0.000985764,55,6,6.3235,338,338,0,0.00552033,0.00249477,0,0,0.114973,0.418182,1,1,6,0,0,0,0.581818,0.345455,0.0727273,55,15267,46
1,bookshelf_small,91,isSafe,1,1,0.0178216,4376,23,21.8153,12,1092,0,0.00829398,0.00249477,0,0,0,0,83,19,0.277108,0,0,0,0,0,0,0,0,0
1,bookshelf_small,91,qpFixed,1,1,0.0271701,1965,16,17.5498,1367,1367,0,0.000815803,0.00249477,0,0,0.0116437,0,10,7,1.6,0,0,0,1,0,0,1958,544610,1168
1,bookshelf_small,91,qpPlain,1,1,0.0279515,1965,16,17.5498,1367,1367,0,0.000815803,0.00249477,0,0,0.0116437,0,10,7,1.6,0,0,0,1,0,0,1958,671594,1958
1,bookshelf_small,91,qpAdaptive,1,1,0.0157141,995,16,17.5558,1124,1124,0,0.000775551,0.00249477,0,0,0.0230912,0.348744,10,7,1.6,0,0,0,0.646761,0.34413,0.00910931,988,301664,909
1,bookshelf_small,91,qpFreeGate,1,1,0.107912,12668,37,22.4803,1823,1823,0,0.00829398,0.000303528,0,0,0.00460895,0,83,25,0.445783,0,0,0,1,0,0,0,0,0
1,bookshelf_small,91,qpFreeEnvelope,1,1,0.0119877,574,36,16.2666,882,882,0,0.000728499,0.00249477,0,0,0.0871706,0.897213,80,21,0.45,0,0,0,0.0754386,0.752632,0.17193,0,0,0
1,bookshelf_small,91,qpEnvelope,1,1,0.00861734,493,16,17.5646,1010,1010,0,0.000620965,0.00249477,0,0,0.0463644,0.25355,10,7,1.6,0,0,0,0.740741,0.234568,0.0246914,486,148460,461
1,box,15,isSafe,1,1,0.00986105,2559,15,11.5045,7,577,0,0.0126232,0.00249477,0,0,0,0,34,11,0.441176,0,0,0,0,0,0,0,0,0
1,box,15,qpFixed,1,1,0.0112601,888,8,10.6678,739,739,0,0.00477535,0.00249477,0,0,0.0129469,0,3,3,2.66667,0,0,0,1,0,0,888,224866,702
1,box,15,qpPlain,1,1,0.0120875,888,8,10.6678,739,739,0,0.00477535,0.00249477,0,0,0.0129469,0,3,3,2.66667,0,0,0,1,0,0,888,304584,888
1,box,15,qpAdaptive,1,1,0.00477899,339,8,10.6732,633,633,0,0.00452892,0.00249477,0,0,0.0340261,0.59587,3,3,2.66667,0,0,0,0.39823,0.584071,0.0176991,339,91029,320
1,box,15,qpFreeGate,1,1,0.0478181,6012,22,9.47571,890,890,0,0.0112414,0.00249477,0,0,0.00534659,0,31,15,0.709677,0,0,0,1,0,0,0,0,0
1,box,15,qpFreeEnvelope,1,1,0.00699381,376,27,10.0004,517,517,0,0.0311231,0.00249477,0,0,0.0952224,0.944149,34,16,0.794118,0,0,0,0.0425532,0.829787,0.12766,0,0,0
1,box,15,qpEnvelope,1,1,0.00200302,116,8,10.6182,570,570,0,0.00418495,0.00249477,0,0,0.0994897,0.637931,3,3,2.66667,0,0,0,0.344828,0.594828,0.0603448,116,31268,109
1,box,39,isSafe,1,1,0.0106963,2713,15,9.91363,6,497,0,0.00321201,0.00249477,0,0,0,0,40,12,0.375,0,0,0,0,0,0,0,0,0
1,box,39,qpFixed,1,1,0.0246411,1898,19,12.904,1036,1036,0,0.00365197,0.00249477,0,0,0.0121233,0,5,5,3.8,0,0,0,1,0,0,1898,457231,1614
1,box,39,qpPlain,1,1,0.0264462,1898,19,12.904,1036,1036,0,0.00365197,0.00249477,0,0,0.0121233,0,5,5,3.8,0,0,0,1,0,0,1898,651014,1898
1,box,39,qpAdaptive,1,1,0.0113987,819,19,13.0239,822,822,0,0.00298706,0.00249477,0,0,0.0283092,0.483516,5,5,3.8,0,0,0,0.5116,0.467643,0.020757,819,198398,779
1,box,39,qpFreeGate,1,1,0.0151905,1937,12,8.28356,793,793,0,0.0201103,0.00249477,0,0,0.00687144,0,9,5,1.33333,0,0,0,1,0,0,0,0,0
1,box,39,qpFreeEnvelope,1,1,0.00297458,154,15,12.0866,647,647,0,0.00189768,0.00249477,0,0,0.128444,0.915584,15,7,1,0,0,0,0.0779221,0.805195,0.116883,0,0,0
1,box,39,qpEnvelope,1,1,0.00932305,634,16,13.3516,812,812,0,0.00025287,0.00249477,0,0,0.0365582,0.225552,5,5,3.2,0,0,0,0.769716,0.211356,0.0189274,634,144092,606
1,box,63,isSafe,1,1,0.0173452,4465,24,16.3735,10,820,0,0.0558527,0.00249477,0,0,0,0,61,20,0.393443,0,0,0,0,0,0,0,0,0
1,box,63,qpFixed,1,1,0.0254248,2078,22,15.6306,1184,1184,0,0.00431153,0.00249477,0,0,0.0120426,0,6,6,3.66667,0,0,0,1,0,0,2078,472575,1453
1,box,63,qpPlain,1,1,0.0281152,2078,22,15.6306,1184,1184,0,0.00431153,0.00249477,0,0,0.0120426,0,6,6,3.66667,0,0,0,1,0,0,2078,712754,2078
1,box,63,qpAdaptive,1,1,0.0111734,784,21,15.6373,972,972,0,0.00420655,0.00249477,0,0,0.0317903,0.621173,6,6,3.5,0,0,0,0.371173,0.602041,0.0267857,784,180719,686
1,box,63,qpFreeGate,1,1,0.0630377,7769,31,16.3209,1409,1409,0,0.0188579,0.00162088,0,0,0.00599574,0,49,24,0.632653,0,0,0,1,0,0,0,0,0
1,box,63,qpFreeEnvelope,1,1,0.010269,593,33,16.4188,864,864,0,0.00139212,0.000187464,0,0,0.08396,0.790894,49,25,0.673469,0,0,0,0.197302,0.701518,0.10118,0,0,0
1,box,63,qpEnvelope,1,1,0.00507616,316,21,15.6065,861,861,0,0.00237984,0.00249477,0,0,0.0786761,0.506329,6,6,3.5,0,0,0,0.484177,0.443038,0.0727848,316,74376,284
1,box,87,isSafe,1,1,0.00885259,2279,13,9.6826,6,486,0,0.0179808,0.00249477,0,0,0,0,44,9,0.295455,0,0,0,0,0,0,0,0,0
1,box,87,qpFixed,1,1,0.00548778,460,6,6.13506,461,461,0,0.00390146,0.00249477,0,0,0.0133371,0,1,1,6,0,0,0,1,0,0,460,110431,190
1,box,87,qpPlain,1,1,0.00614396,460,6,6.13506,461,461,0,0.00390146,0.00249477,0,0,0.0133371,0,1,1,6,0,0,0,1,0,0,460,157780,460
1,box,87,qpAdaptive,1,1,0.00172643,117,6,6.13297,343,343,0,0.0036659,0.00249477,0,0,0.0524186,0.547009,1,1,6,0,0,0,0.452991,0.521368,0.025641,117,31748,98
1,box,87,qpFreeGate,1,1,0.0519406,6511,33,14.4484,1844,1844,0,0.00200901,0.00249477,0,0,0.00500653,0,34,16,0.970588,0,0,0,1,0,0,0,0,0
1,box,87,qpFreeEnvelope,1,1,0.0339828,1790,87,11.0519,580,580,0,0.00391007,0.00249477,0,0,0.0830264,0.925698,185,73,0.47027,0,0,0,0.0637941,0.817012,0.119194,0,0,0
1,box,87,qpEnvelope,1,1,0.00110127,68,6,6.13235,328,328,0,0.00282805,0.00249477,0,0,0.0901817,0.352941,1,1,6,0,0,0,0.647059,0.294118,0.0588235,68,18559,58
1,table_pick,11,isSafe,1,1,0.0239986,4065,22,8.29929,6,416,0,0.00125102,0.00249477,0,0,0,0,70,18,0.314286,0,0,0,0,0,0,0,0,0
1,table_pick,11,qpFixed,1,1,0.00780477,469,6,5.34414,470,470,0,0.00140243,0.00249477,0,0,0.0113948,0,1,1,6,0,0,0,1,0,0,469,120596,235
1,table_pick,11,qpPlain,1,1,0.00817809,469,6,5.34414,470,470,0,0.00140243,0.00249477,0,0,0.0113948,0,1,1,6,0,0,0,1,0,0,469,160867,469
1,table_pick,11,qpAdaptive,1,1,0.00424128,228,6,5.3452,383,383,0,0.00140243,0.00249477,0,0,0.0234439,0.232456,1,1,6,0,0,0,0.763158,0.219298,0.0175439,228,63979,212
1,table_pick,11,qpFreeGate,1,1,0.0894486,8877,30,10.0463,923,923,0,0.00220959,0.00249477,0,0,0.00493624,0,56,24,0.535714,0,0,0,1,0,0,0,0,0
1,table_pick,11,qpFreeEnvelope,1,1,0.0104023,395,22,6.6122,354,354,0,0.00232221,0.00249477,0,0,0.0805985,0.997468,37,18,0.594595,0,0,0,0,0.883249,0.116751,0,0,0
1,table_pick,11,qpEnvelope,1,1,0.00316894,158,6,5.35085,344,344,0,0.00143482,0.00249477,0,0,0.0338661,0.253165,1,1,6,0,0,0,0.746835,0.227848,0.0253165,158,44400,150
1,table_pick,35,isSafe,1,1,0.0073318,1243,9,10.0628,7,505,0,0.0078909,0.00249477,0,0,0,0,12,4,0.75,0,0,0,0,0,0,0,0,0
1,table_pick,35,qpFixed,1,1,0.0110651,651,7,8.96997,652,652,0,0.00052318,0.00249477,0,0,0.0137787,0,1,1,7,0,0,0,1,0,0,651,174130,396
1,table_pick,35,qpPlain,1,1,0.0117943,651,7,8.96997,652,652,0,0.00052318,0.00249477,0,0,0.0137787,0,1,1,7,0,0,0,1,0,0,651,223293,651
1,table_pick,35,qpAdaptive,1,1,0.0065706,345,7,8.97447,610,610,0,0.000523159,0.00249477,0,0,0.0260129,0.269565,1,1,7,0,0,0,0.727536,0.263768,0.00869565,345,100774,315
1,table_pick,35,qpFreeGate,1,1,0.0233755,2320,9,10.6778,810,810,0,0.0078183,0.00249477,0,0,0.00503919,0,16,4,0.5625,0,0,0,1,0,0,0,0,0
1,table_pick,35,qpFreeEnvelope,1,1,0.0035,128,10,12.9553,671,671,0,0.00780305,0.00249477,0,0,0.115866,0.9375,23,6,0.434783,0,0,0,0,0.875,0.125,0,0,0
1,table_pick,35,qpEnvelope,1,1,0.00468307,238,7,8.99092,561,561,0,0.000497232,0.00249477,0,0,0.037777,0.218487,1,1,7,0,0,0,0.781513,0.205882,0.012605,238,70063,227
1,table_pick,59,isSafe,1,1,0.00459334,784,6,7.75189,5,389,0,0.00461179,0.00249477,0,0,0,0,2,2,3,0,0,0,0,0,0,0,0,0
1,table_pick,59,qpFixed,1,1,0.00669845,418,5,5.63514,419,419,0,0.00631398,0.00249477,0,0,0.0134812,0,1,1,5,0,0,0,1,0,0,418,99747,69
1,table_pick,59,qpPlain,1,1,0.00708976,418,5,5.63514,419,419,0,0.00631398,0.00249477,0,0,0.0134812,0,1,1,5,0,0,0,1,0,0,418,143374,418
1,table_pick,59,qpAdaptive,1,1,0.00108231,52,5,5.63785,312,312,0,0.00631398,0.00249477,0,0,0.10842,0.653846,1,1,5,0,0,0,0.346154,0.596154,0.0576923,52,14377,33
1,table_pick,59,qpFreeGate,1,1,0.00630593,645,6,7.355,612,612,0,0.00462131,0.00249477,0,0,0.0114148,0,2,2,3,0,0,0,1,0,0,0,0,0
1,table_pick,59,qpFreeEnvelope,1,1,0.000817727,33,6,7.33587,380,380,0,0.00467306,0.00249477,0,0,0.222757,0.969697,2,2,3,0,0,0,0,0.848485,0.151515,0,0,0
1,table_pick,59,qpEnvelope,1,1,0.000559136,26,5,5.64411,294,294,0,0.00628975,0.00249477,0,0,0.217081,0.961538,1,1,5,0,0,0,0.0384615,0.846154,0.115385,26,7159,16
1,table_pick,83,isSafe,1,1,0.0193995,3024,17,12.5348,8,628,0,0.000352651,0.00249477,0,0,0,0,50,13,0.34,0,0,0,0,0,0,0,0,0
1,table_pick,83,qpFixed,1,1,0.0114111,664,7,8.20552,665,665,0,0.00347822,0.00249477,0,0,0.0123577,0,1,1,7,0,0,0,1,0,0,664,178364,189
1,table_pick,83,qpPlain,1,1,0.0118973,664,7,8.20552,665,665,0,0.00347822,0.00249477,0,0,0.0123577,0,1,1,7,0,0,0,1,0,0,664,227752,664
1,table_pick,83,qpAdaptive,1,1,0.00277543,149,7,8.20594,481,481,0,0.00347822,0.00249477,0,0,0.0550734,0.604027,1,1,7,0,0,0,0.395973,0.57047,0.033557,149,40067,94
1,table_pick,83,qpFreeGate,1,1,0.0831395,7880,28,13.1784,1107,1107,0,0.00312937,0.00249477,0,0,0.00482805,0,58,24,0.482759,0,0,0,1,0,0,0,0,0
1,table_pick,83,qpFreeEnvelope,1,1,0.0126863,437,27,13.3316,698,698,0,0.00226905,0.00249477,0,0,0.0877327,0.956522,58,23,0.465517,0,0,0,0.0207373,0.822581,0.156682,0,0,0
1,table_pick,83,qpEnvelope,1,1,0.00146961,61,7,8.20647,439,439,0,0.0034121,0.00249477,0,0,0.134532,0.590164,1,1,7,0,0,0,0.409836,0.508197,0.0819672,61,16507,44
1,cage,7,isSafe,1,1,0.865713,202427,1278,26.1334,16,1308,0,0.006772,0.00249477,0,0,0,0,7190,1275,0.177747,0,0,0,0,0,0,0,0,0
1,cage,7,qpFixed,1,1,0.39327,27217,142,21.9635,1791,1791,0,1.00417e-05,0.00249477,0,0,0.00912074,0,109,85,1.30275,0,0,0,1,0,0,27213,7347480,24079
1,cage,7,qpPlain,1,1,0.401862,27217,142,21.9635,1791,1791,0,1.00417e-05,0.00249477,0,0,0.00912074,0,109,85,1.30275,0,0,0,1,0,0,27213,9334059,27213
1,cage,7,qpAdaptive,1,1,0.273912,18356,141,21.9748,1611,1611,0,1.01017e-05,0.00249477,0,0,0.0134556,0.265526,109,84,1.29358,0,0,0,0.732727,0.262206,0.00506757,18352,4948259,17830
1,cage,7,qpFreeGate,1,1,1.60345,195051,457,24.0086,2598,2598,0,0.00309954,7.00492e-05,0,0,0.00375859,0,1545,440,0.295793,0,0,0,1,0,0,0,0,0
1,cage,7,qpFreeEnvelope,1,1,0.408744,20239,847,23.8873,1355,1355,0,0.000360108,0.00249477,0,0,0.0642542,0.920451,2913,809,0.290766,0,0,0,0.0483798,0.823356,0.128264,0,0,0
1,cage,7,qpEnvelope,1,1,0.204334,13142,143,23.8903,1651,1651,0,8.55774e-06,0.00249477,0,0,0.0185807,0.196241,109,82,1.31193,0,0,0,0.802619,0.188095,0.00928675,13137,3489268,12976
1,cage,31,isSafe,1,1,0.35521,85537,472,21.3884,12,1071,0,2.91726e-05,0.00249477,0,0,0,0,2529,468,0.186635,0,0,0,0,0,0,0,0,0
1,cage,31,qpFixed,1,1,0.0732596,5307,31,16.289,1496,1496,0,0.000485221,0.00249477,0,0,0.00902266,0,17,13,1.82353,0,0,0,1,0,0,5307,1395001,4549
1,cage,31,qpPlain,1,1,0.0762786,5307,31,16.289,1496,1496,0,0.000485221,0.00249477,0,0,0.00902266,0,17,13,1.82353,0,0,0,1,0,0,5307,1820301,5307
1,cage,31,qpAdaptive,1,1,0.0375263,2606,31,16.3041,1208,1208,0,0.000498631,0.00249477,0,0,0.0184357,0.473523,17,13,1.82353,0,0,0,0.523408,0.467383,0.00920952,2606,681348,2505
1,cage,31,qpFreeGate,1,1,5.70101,720317,1696,18.7431,1604,1604,0,0.00945521,0.00249477,0,0,0.00356469,0,6001,1659,0.28262,0,0,0,1,0,0,0,0,0
1,cage,31,qpFreeEnvelope,1,1,0.318151,16603,701,37.6291,2024,2024,0,0.0010278,0.00249477,0,0,0.0676785,0.936337,2323,667,0.301765,0,0,0,0.034772,0.837143,0.128085,0,0,0
1,cage,31,qpEnvelope,1,1,0.025012,1618,31,16.3641,1047,1047,0,0.000477198,0.00249477,0,0,0.0297511,0.431397,17,13,1.82353,0,0,0,0.566131,0.415946,0.0179234,1618,418625,1568
1,cage,55,isSafe,1,1,0.62158,156807,939,20.3054,12,1017,0,0.00181618,0.00249477,0,0,0,0,5196,935,0.180716,0,0,0,0,0,0,0,0,0
1,cage,55,qpFixed,1,1,0.0955907,7178,50,17.3479,1375,1375,0,0.00105884,0.00249477,0,0,0.00996791,0,24,22,2.08333,0,0,0,1,0,0,7178,1981129,6116
1,cage,55,qpPlain,1,1,0.0981272,7178,50,17.3479,1375,1375,0,0.00105884,0.00249477,0,0,0.00996791,0,24,22,2.08333,0,0,0,1,0,0,7178,2462054,7178
1,cage,55,qpAdaptive,1,1,0.0619004,4342,50,17.354,1148,1148,0,0.00105057,0.00249477,0,0,0.0165004,0.327269,24,22,2.08333,0,0,0,0.668586,0.321741,0.00967296,4342,1207177,4217
1,cage,55,qpFreeGate,1,1,2.94185,377033,833,20.5117,2393,2393,0,0.00614375,0.00249477,0,0,0.00364137,0,2797,800,0.297819,0,0,0,1,0,0,0,0,0
1,cage,55,qpFreeEnvelope,1,1,0.852771,43849,1844,31.8523,1748,1748,0,0.000417815,0.00249477,0,0,0.0611405,0.917398,6682,1796,0.275965,0,0,0,0.0457164,0.822227,0.132057,0,0,0
1,cage,55,qpEnvelope,1,1,0.0396084,2672,49,17.3188,1000,1000,0,0.00103248,0.00249477,0,0,0.0259037,0.266467,24,20,2.04167,0,0,0,0.729689,0.25234,0.0179708,2671,713917,2602
1,cage,79,isSafe,1,1,0.154675,39404,205,15.8351,9,793,0,0.00146804,0.00249477,0,0,0,0,1062,202,0.193032,0,0,0,0,0,0,0,0,0
1,cage,79,qpFixed,1,1,0.311494,23234,118,19.2554,1497,1497,0,0.000183069,0.00249477,0,0,0.00897536,0,95,66,1.24211,0,0,0,1,0,0,23222,6318399,20395
1,cage,79,qpPlain,1,1,0.321844,23234,118,19.2554,1497,1497,0,0.000183069,0.00249477,0,0,0.00897536,0,95,66,1.24211,0,0,0,1,0,0,23222,7965146,23222
1,cage,79,qpAdaptive,1,1,0.195876,13672,118,19.2828,1248,1248,0,0.000167351,0.00249477,0,0,0.0152522,0.367686,95,66,1.24211,0,0,0,0.629841,0.363057,0.00710154,13659,3745166,13226
1,cage,79,qpFreeGate,1,1,2.11682,270031,578,17.2154,1634,1634,0,0.00232048,0.00249477,0,0,0.00359523,0,2052,557,0.281676,0,0,0,1,0,0,0,0,0
1,cage,79,qpFreeEnvelope,1,1,0.847115,45147,1642,23.5972,1274,1274,0,0.000260474,0.00249477,0,0,0.0540088,0.913903,6273,1600,0.261757,0,0,0,0.0536437,0.828984,0.117372,0,0,0
1,cage,79,qpEnvelope,1,1,0.132538,8700,116,19.3579,1134,1134,0,0.000145952,0.00249477,0,0,0.0240396,0.312184,95,66,1.22105,0,0,0,0.685392,0.301255,0.0133533,8687,2403050,8537
1,bookshelf_tall,22,isSafe,1,1,0.0561277,7566,40,13.9428,9,699,0,0.00669668,0.0016993,0,0,0,0,140,36,0.285714,0,0,0,0,0,0,0,0,0
1,bookshelf_tall,22,qpFixed,1,1,0.045593,2142,16,17.095,1290,1290,0,0.00022362,0.00249477,0,0,0.0111373,0,4,4,4,0,0,0,1,0,0,2142,630443,2014
1,bookshelf_tall,22,qpPlain,1,1,0.0456079,2142,16,17.095,1290,1290,0,0.00022362,0.00249477,0,0,0.0111373,0,4,4,4,0,0,0,1,0,0,2142,734706,2142
1,bookshelf_tall,22,qpAdaptive,1,1,0.0363943,1660,16,17.0927,1211,1211,0,0.000234718,0.00249477,0,0,0.0143666,0.205422,4,4,4,0,0,0,0.793976,0.201205,0.00481928,1660,496383,1624
1,bookshelf_tall,22,qpFreeGate,1,1,0.220131,18802,45,13.0951,1109,1109,0,0.00670096,0.00142736,0,0,0.00409492,0,140,40,0.321429,0,0,0,1,0,0,0,0,0
1,bookshelf_tall,22,qpFreeEnvelope,1,1,0.03556,1089,43,14.1601,739,739,0,0.00191117,8.76822e-06,0,0,0.0639081,0.97337,140,36,0.307143,0,0,0,0.00553506,0.867159,0.127306,0,0,0
1,bookshelf_tall,22,qpEnvelope,1,1,0.0249635,1103,16,17.1128,1067,1067,0,0.000247257,0.00249477,0,0,0.0216366,0.127833,4,4,4,0,0,0,0.870354,0.121487,0.00815956,1103,335714,1094
1,bookshelf_tall,47,isSafe,1,1,0.0108819,1447,10,12.0949,8,606,0,0.00127948,0.00249477,0,0,0,0,20,5,0.5,0,0,0,0,0,0,0,0,0
1,bookshelf_tall,47,qpFixed,1,1,0.078239,3661,27,20.1139,1785,1785,0,0.000655644,0.00249477,0,0,0.0094201,0,10,10,2.7,0,0,0,1,0,0,3661,1008090,3228
1,bookshelf_tall,47,qpPlain,1,1,0.0792748,3661,27,20.1139,1785,1785,0,0.000655644,0.00249477,0,0,0.0094201,0,10,10,2.7,0,0,0,1,0,0,3661,1255723,3661
1,bookshelf_tall,47,qpAdaptive,1,1,0.0566031,2521,26,20.1375,1448,1448,0,0.000657403,0.00249477,0,0,0.0136913,0.401031,10,10,2.6,0,0,0,0.596589,0.396668,0.00674336,2521,701000,2409
1,bookshelf_tall,47,qpFreeGate,1,1,0.249146,21360,47,14.6862,1890,1890,0,0.000340711,0.00249477,0,0,0.00358548,0,159,39,0.295597,0,0,0,1,0,0,0,0,0
1,bookshelf_tall,47,qpFreeEnvelope,1,1,0.0273092,896,31,10.3741,565,565,0,0.000451822,0.00249477,0,0,0.0520905,0.856027,113,25,0.274336,0,0,0,0.113102,0.787234,0.0996641,0,0,0
1,bookshelf_tall,47,qpEnvelope,1,1,0.0618807,2712,46,24.2035,1564,1564,0,0.000343951,0.00249477,0,0,0.0220374,0.213127,18,17,2.55556,0,0,0,0.785029,0.202065,0.0129056,2712,763707,2658
1,bookshelf_tall,72,isSafe,1,1,0.00659019,879,7,8.67745,6,435,0,0.00113965,0.00249477,0,0,0,0,2,2,3.5,0,0,0,0,0,0,0,0,0
1,bookshelf_tall,72,qpFixed,1,1,0.0190389,952,8,8.67688,678,678,0,0.00581074,0.00249477,0,0,0.0110313,0,2,2,4,0,0,0,1,0,0,952,251419,332
1,bookshelf_tall,72,qpPlain,1,1,0.0197197,952,8,8.67688,678,678,0,0.00581074,0.00249477,0,0,0.0110313,0,2,2,4,0,0,0,1,0,0,952,326536,952
1,bookshelf_tall,72,qpAdaptive,1,1,0.0054523,249,8,8.67638,461,461,0,0.00581074,0.00249477,0,0,0.0421668,0.594378,2,2,4,0,0,0,0.405622,0.570281,0.0240964,249,68129,211
1,bookshelf_tall,72,qpFreeGate,1,1,0.00720631,625,6,6.6247,598,598,0,0.00103436,0.00249477,0,0,0.010608,0,2,2,3,0,0,0,1,0,0,0,0,0
1,bookshelf_tall,72,qpFreeEnvelope,1,1,0.00121078,42,6,6.73047,360,360,0,0.00103457,0.00249477,0,0,0.16054,0.904762,2,2,3,0,0,0,0.0952381,0.785714,0.119048,0,0,0
1,bookshelf_tall,72,qpEnvelope,1,1,0.00308154,131,8,8.67656,450,450,0,0.0059399,0.00249477,0,0,0.0801992,0.389313,2,2,4,0,0,0,0.610687,0.343511,0.0458015,131,35924,111
1,bookshelf_tall,98,isSafe,1,1,0.0220804,2746,16,8.47657,6,425,0,0.00601799,0.00249477,0,0,0,0,38,11,0.421053,0,0,0,0,0,0,0,0,0
1,bookshelf_tall,98,qpFixed,1,1,0.0147589,694,7,7.16361,695,695,0,0.00601799,0.00249477,0,0,0.0103222,0,1,1,7,0,0,0,1,0,0,694,191784,349
1,bookshelf_tall,98,qpPlain,1,1,0.0151501,694,7,7.16361,695,695,0,0.00601799,0.00249477,0,0,0.0103222,0,1,1,7,0,0,0,1,0,0,694,238042,694
1,bookshelf_tall,98,qpAdaptive,1,1,0.00454219,199,7,7.16017,445,445,0,0.00601799,0.00249477,0,0,0.0359808,0.919598,1,1,7,0,0,0,0.0653266,0.909548,0.0251256,199,60243,157
1,bookshelf_tall,98,qpFreeGate,1,1,0.0803454,6432,23,7.81561,1064,1064,0,0.00601799,0.00249477,0,0,0.00522666,0,35,15,0.657143,0,0,0,1,0,0,0,0,0
1,bookshelf_tall,98,qpFreeEnvelope,1,1,0.0125171,361,22,7.81533,411,411,0,0.00601799,0.00249477,0,0,0.0909993,0.939058,35,14,0.628571,0,0,0,0.0526316,0.814404,0.132964,0,0,0
1,bookshelf_tall,98,qpEnvelope,1,1,0.00110728,32,7,7.16088,374,374,0,0.00601799,0.00249477,0,0,0.223777,0.9375,1,1,7,0,0,0,0.03125,0.8125,0.15625,32,9523,23
1,bookshelf_thin,22,isSafe,1,1,0.290291,28949,149,11.9254,8,598,0,0.00245457,0.00249477,0,0,0,0,748,145,0.199198,0,0,0,0,0,0,0,0,0
1,bookshelf_thin,22,qpFixed,1,1,0.0365549,1452,11,13.5135,982,982,0,0.0022931,0.00249477,0,0,0.0112844,0,4,4,2.75,0,0,0,1,0,0,1452,363925,904
1,bookshelf_thin,22,qpPlain,1,1,0.037686,1452,11,13.5135,982,982,0,0.0022931,0.00249477,0,0,0.0112844,0,4,4,2.75,0,0,0,1,0,0,1452,498036,1452
1,bookshelf_thin,22,qpAdaptive,1,1,0.0165908,619,11,13.5301,816,816,0,0.00225495,0.00249477,0,0,0.0266115,0.41357,4,4,2.75,0,0,0,0.584814,0.402262,0.0129241,619,161128,564
1,bookshelf_thin,22,qpFreeGate,1,1,0.187553,13322,47,23.337,1940,1940,0,0.00412368,0.00249477,0,0,0.00625405,0,111,41,0.423423,0,0,0,1,0,0,0,0,0
1,bookshelf_thin,22,qpFreeEnvelope,1,1,0.0340748,827,46,23.582,1220,1220,0,0.00234282,0.00249477,0,0,0.096351,0.934704,111,42,0.414414,0,0,0,0.036452,0.839611,0.123937,0,0,0
1,bookshelf_thin,22,qpEnvelope,1,1,0.0105056,374,11,13.5392,764,764,0,0.00197,0.00249477,0,0,0.0441022,0.291444,4,4,2.75,0,0,0,0.705882,0.270053,0.0240642,374,97411,349
1,bookshelf_thin,46,isSafe,1,1,0.0686322,6864,36,16.5011,10,827,0,0.00648008,0.00249477,0,0,0,0,112,32,0.321429,0,0,0,0,0,0,0,0,0
1,bookshelf_thin,46,qpFixed,1,1,0.014215,563,6,6.70969,564,564,0,0.0017796,0.00152503,0,0,0.0119178,0,1,1,6,0,0,0,1,0,0,563,156590,244
1,bookshelf_thin,46,qpPlain,1,1,0.014632,563,6,6.70969,564,564,0,0.0017796,0.00152503,0,0,0.0119178,0,1,1,6,0,0,0,1,0,0,563,193109,563
1,bookshelf_thin,46,qpAdaptive,1,1,0.0063595,237,6,6.71298,452,452,0,0.0016447,0.00152221,0,0,0.0283248,0.624473,1,1,6,0,0,0,0.371308,0.616034,0.0126582,237,67384,196
1,bookshelf_thin,46,qpFreeGate,1,1,0.229315,16151,45,23.923,1915,1915,0,0.00445267,0.00212797,0,0,0.00494732,0,113,39,0.39823,0,0,0,1,0,0,0,0,0
1,bookshelf_thin,46,qpFreeEnvelope,1,1,0.0332108,771,47,23.7155,1224,1224,0,0.00456804,5.7968e-08,0,0,0.11157,0.966278,113,41,0.415929,0,0,0,0.00131406,0.837057,0.161629,0,0,0
1,bookshelf_thin,46,qpEnvelope,1,1,0.00315961,109,6,6.72985,392,392,0,0.00180345,0.00156548,0,0,0.0617417,0.513761,1,1,6,0,0,0,0.486239,0.486239,0.0275229,109,31635,90
1,bookshelf_thin,70,isSafe,1,1,0.119044,11884,61,16.2275,10,813,0,0.00261695,0.00249477,0,0,0,0,262,57,0.232824,0,0,0,0,0,0,0,0,0
1,bookshelf_thin,70,qpFixed,1,1,0.0548253,2097,13,13.9489,1337,1337,0,4.46329e-05,0.00249477,0,0,0.00939771,0,7,4,1.85714,0,0,0,1,0,0,2096,541914,1730
1,bookshelf_thin,70,qpPlain,1,1,0.0574035,2097,13,13.9489,1337,1337,0,4.46329e-05,0.00249477,0,0,0.00939771,0,7,4,1.85714,0,0,0,1,0,0,2096,718928,2096
1,bookshelf_thin,70,qpAdaptive,1,1,0.041441,1497,13,13.9826,1147,1147,0,4.45006e-05,0.00249477,0,0,0.0131864,0.0694723,7,4,1.85714,0,0,0,0.930481,0.065508,0.0040107,1496,404445,1474
1,bookshelf_thin,70,qpFreeGate,1,1,0.243028,17221,47,14.4418,1294,1294,0,0.00260798,0.00249477,0,0,0.00465116,0,119,41,0.394958,0,0,0,1,0,0,0,0,0
1,bookshelf_thin,70,qpFreeEnvelope,1,1,0.0388957,931,47,14.7456,767,767,0,0.000755264,0.00249477,0,0,0.0842733,0.970999,119,41,0.394958,0,0,0,0.0150862,0.84375,0.141164,0,0,0
1,bookshelf_thin,70,qpEnvelope,1,1,0.0389336,1397,14,14.0272,1108,1108,0,4.50586e-05,0.00249477,0,0,0.01416,0.0680029,7,4,2,0,0,0,0.930516,0.0637536,0.00573066,1396,376939,1385
1,bookshelf_thin,95,isSafe,1,1,0.0302596,3028,17,17.8022,10,892,0,0.00253313,0.00249477,0,0,0,0,33,13,0.515152,0,0,0,0,0,0,0,0,0
1,bookshelf_thin,95,qpFixed,1,1,0.0214839,819,9,9.31808,820,820,0,0.000152346,0.00249477,0,0,0.0113774,0,1,1,9,0,0,0,1,0,0,819,198104,648
1,bookshelf_thin,95,qpPlain,1,1,0.0224953,819,9,9.31808,820,820,0,0.000152346,0.00249477,0,0,0.0113774,0,1,1,9,0,0,0,1,0,0,819,280917,819
1,bookshelf_thin,95,qpAdaptive,1,1,0.0163069,599,9,9.32462,776,776,0,0.000151957,0.00249477,0,0,0.015567,0.247078,1,1,9,0,0,0,0.751252,0.24207,0.0066778,599,142458,582
1,bookshelf_thin,95,qpFreeGate,1,1,0.143687,10115,46,20.6208,1896,1896,0,0.00253313,0.00249477,0,0,0.00637321,0,51,27,0.901961,0,0,0,1,0,0,0,0,0
1,bookshelf_thin,95,qpFreeEnvelope,1,1,0.015959,406,23,10.8127,580,580,0,0.00169722,0.00249477,0,0,0.0884672,0.916256,39,16,0.589744,0,0,0,0.0740741,0.814815,0.111111,0,0,0
1,bookshelf_thin,95,qpEnvelope,1,1,0.0103936,368,9,9.33794,659,659,0,0.0001442,0.00249477,0,0,0.0253748,0.255435,1,1,9,0,0,0,0.741848,0.244565,0.013587,368,89312,357
1,table_under_pick,19,isSafe,1,1,0.0529115,9269,47,17.1884,10,861,0,0.00509754,0.00249477,0,0,0,0,176,43,0.267045,0,0,0,0,0,0,0,0,0
1,table_under_pick,19,qpFixed,1,1,0.0126803,754,8,10.6013,755,755,0,0.0079365,6.06415e-05,0,0,0.01406,0,1,1,8,0,0,0,1,0,0,754,195705,549
1,table_under_pick,19,qpPlain,1,1,0.0128304,754,8,10.6013,755,755,0,0.0079365,6.06415e-05,0,0,0.01406,0,1,1,8,0,0,0,1,0,0,754,258622,754
1,table_under_pick,19,qpAdaptive,1,1,0.00732328,414,8,10.6049,681,681,0,0.0079365,5.91507e-05,0,0,0.0256156,0.381643,1,1,8,0,0,0,0.613527,0.374396,0.0120773,414,113695,366
1,table_under_pick,19,qpFreeGate,1,1,0.82215,83400,232,29.0916,2351,2351,0,0.0045268,0.00249477,0,0,0.00469466,0,826,226,0.280872,0,0,0,1,0,0,0,0,0
1,table_under_pick,19,qpFreeEnvelope,1,1,0.124005,4373,222,22.6875,1188,1188,0,0.00289589,0.00248525,0,0,0.0869474,0.9689,826,218,0.268765,0,0,0,0.00346901,0.850601,0.14593,0,0,0
1,table_under_pick,19,qpEnvelope,1,1,0.00120904,50,8,10.7057,563,563,0,0.0079365,0.000757093,0,0,0.214115,1,1,1,8,0,0,0,0,0.88,0.12,50,13559,45
1,table_under_pick,43,isSafe,1,1,0.00562233,861,7,8.23681,6,413,0,0.00460294,0.00249477,0,0,0,0,3,2,2.33333,0,0,0,0,0,0,0,0,0
1,table_under_pick,43,qpFixed,1,1,0.00695198,401,6,6.63329,402,402,0,0.00760021,0.00249477,0,0,0.0165419,0,1,1,6,0,0,0,1,0,0,401,104991,106
1,table_under_pick,43,qpPlain,1,1,0.00733732,401,6,6.63329,402,402,0,0.00760021,0.00249477,0,0,0.0165419,0,1,1,6,0,0,0,1,0,0,401,137543,401
1,table_under_pick,43,qpAdaptive,1,1,0.00175033,91,6,6.63418,368,368,0,0.0076002,0.00249477,0,0,0.0729031,0.835165,1,1,6,0,0,0,0.153846,0.802198,0.043956,91,24867,41
1,table_under_pick,43,qpFreeGate,1,1,0.0810388,7608,23,10.233,1089,1089,0,0.00147983,0.00249477,0,0,0.00453928,0,56,19,0.410714,0,0,0,1,0,0,0,0,0
1,table_under_pick,43,qpFreeEnvelope,1,1,0.014901,516,23,10.3125,560,560,0,0.00146662,0.00249477,0,0,0.0686997,0.982558,56,19,0.410714,0,0,0,0.0116279,0.877907,0.110465,0,0,0
1,table_under_pick,43,qpEnvelope,1,1,0.000835564,38,6,6.62816,350,350,0,0.00760008,0.00249477,0,0,0.174425,0.868421,1,1,6,0,0,0,0.131579,0.763158,0.105263,38,10153,20
1,table_under_pick,68,isSafe,1,1,0.0160261,2799,15,14.1229,9,708,0,0.00785263,0.00249477,0,0,0,0,102,11,0.147059,0,0,0,0,0,0,0,0,0
1,table_under_pick,68,qpFixed,1,1,0.0469056,2673,19,18.394,1499,1499,0,0.000142502,0.00021679,0,0,0.0107971,0,9,9,2.11111,0,0,0,1,0,0,2673,732453,2262
1,table_under_pick,68,qpPlain,1,1,0.048385,2673,19,18.394,1499,1499,0,0.000142502,0.00021679,0,0,0.0107971,0,9,9,2.11111,0,0,0,1,0,0,2673,916839,2673
1,table_under_pick,68,qpAdaptive,1,1,0.0283961,1508,20,18.4137,1223,1223,0,0.0001438,0.000213968,0,0,0.0191442,0.311008,9,9,2.22222,0,0,0,0.68634,0.303714,0.00994695,1508,424642,1451
1,table_under_pick,68,qpFreeGate,1,1,0.131295,13180,25,22.2711,2341,2341,0,0.00116883,0.00249477,0,0,0.00291357,0,106,18,0.235849,0,0,0,1,0,0,0,0,0
1,table_under_pick,68,qpFreeEnvelope,1,1,0.0153985,615,28,18.7713,1033,1033,0,0.00107814,0.00249477,0,0,0.0554783,0.928455,72,20,0.388889,0,0,0,0.0504065,0.842276,0.107317,0,0,0
1,table_under_pick,68,qpEnvelope,1,1,0.0209912,1069,20,18.4501,1140,1140,0,0.000116281,0.000265324,0,0,0.0270527,0.270346,9,9,2.22222,0,0,0,0.726848,0.259121,0.0140318,1069,303359,1037
1,table_under_pick,92,isSafe,1,1,0.0135064,2337,14,12.5052,8,627,0,0.00688085,0.00249477,0,0,0,0,38,10,0.368421,0,0,0,0,0,0,0,0,0
1,table_under_pick,92,qpFixed,1,1,0.0355371,2090,15,12.7049,1062,1062,0,0.00128828,0.00249477,0,0,0.00994805,0,6,6,2.5,0,0,0,1,0,0,2090,545510,1798
1,table_under_pick,92,qpPlain,1,1,0.0369391,2090,15,12.7049,1062,1062,0,0.00128828,0.00249477,0,0,0.00994805,0,6,6,2.5,0,0,0,1,0,0,2090,716870,2090
1,table_under_pick,92,qpAdaptive,1,1,0.0184764,1026,15,12.6939,829,829,0,0.00128791,0.00249477,0,0,0.0201915,0.508772,6,6,2.5,0,0,0,0.489279,0.499025,0.0116959,1026,257285,958
1,table_under_pick,92,qpFreeGate,1,1,0.0455989,4633,21,13.6014,1156,1156,0,0.0067637,0.00249477,0,0,0.00524484,0,38,14,0.552632,0,0,0,1,0,0,0,0,0
1,table_under_pick,92,qpFreeEnvelope,1,1,0.00781335,307,22,13.6521,715,715,0,0.00689122,0.00249477,0,0,0.0806156,0.954397,38,13,0.578947,0,0,0,0.0228013,0.837134,0.140065,0,0,0
1,table_under_pick,92,qpEnvelope,1,1,0.0104461,551,15,12.7096,735,735,0,0.00123858,0.00249477,0,0,0.0376938,0.364791,6,6,2.5,0,0,0,0.631579,0.341198,0.0272232,551,134055,530
1,bookshelf_small,17,isSafe,1,1,0.00378551,966,7,8.85694,6,444,0,0.00319198,0.00249477,0,0,0,0,6,3,1.16667,0,0,0,0,0,0,0,0,0
1,bookshelf_small,17,qpFixed,1,1,0.00566877,451,6,6.03037,452,452,0,0.00612254,0.00249477,0,0,0.0133711,0,1,1,6,0,0,0,1,0,0,451,117711,176
1,bookshelf_small,17,qpPlain,1,1,0.00595623,451,6,6.03037,452,452,0,0.00612254,0.00249477,0,0,0.0133711,0,1,1,6,0,0,0,1,0,0,451,154693,451
1,bookshelf_small,17,qpAdaptive,1,1,0.00206385,159,6,6.03705,381,381,0,0.00611743,0.00249477,0,0,0.0379688,0.836478,1,1,6,0,0,0,0.157233,0.81761,0.0251572,159,44947,62
1,bookshelf_small,17,qpFreeGate,1,1,0.0325127,3916,13,10.1573,769,769,0,0.00433193,0.00249477,0,0,0.00512527,0,24,9,0.541667,0,0,0,1,0,0,0,0,0
1,bookshelf_small,17,qpFreeEnvelope,1,1,0.00469239,237,12,10.0645,519,519,0,0.0043853,0.00249477,0,0,0.0801327,0.898734,24,8,0.5,0,0,0,0.0889831,0.783898,0.127119,0,0,0
1,bookshelf_small,17,qpEnvelope,1,1,0.000769642,47,6,6.04204,330,330,0,0.00613216,0.00249477,0,0,0.128554,0.893617,1,1,6,0,0,0,0.106383,0.808511,0.0851064,47,13571,27
1,bookshelf_small,43,isSafe,1,1,0.0034387,856,7,8.49401,6,426,0,0.00790554,0.00249477,0,0,0,0,1,1,7,0,0,0,0,0,0,0,0,0
1,bookshelf_small,43,qpFixed,1,1,0.00767033,636,7,8.51276,637,637,0,0.00790554,0.00249477,0,0,0.0133848,0,1,1,7,0,0,0,1,0,0,636,170111,91
1,bookshelf_small,43,qpPlain,1,1,0.00822402,636,7,8.51276,637,637,0,0.00790554,0.00249477,0,0,0.0133848,0,1,1,7,0,0,0,1,0,0,636,218148,636
1,bookshelf_small,43,qpAdaptive,1,1,0.0012331,96,7,8.51253,470,470,0,0.00790554,0.00249477,0,0,0.0886722,0.96875,1,1,7,0,0,0,0.03125,0.916667,0.0520833,96,28528,19
1,bookshelf_small,43,qpFreeGate,1,1,0.00548964,674,7,8.49444,675,675,0,0.00790554,0.00249477,0,0,0.012603,0,1,1,7,0,0,0,1,0,0,0,0,0
1,bookshelf_small,43,qpFreeEnvelope,1,1,0.000506993,19,7,8.49417,435,435,0,0.00790554,0.00249477,0,0,0.447061,1,1,1,7,0,0,0,0,0.789474,0.210526,0,0,0
1,bookshelf_small,43,qpEnvelope,1,1,0.000552493,18,7,8.5136,436,436,0,0.00790554,0.00249477,0,0,0.472978,1,1,1,7,0,0,0,0,0.722222,0.277778,18,5220,2
1,bookshelf_small,67,isSafe,1,1,0.00422595,895,7,8.74592,6,439,0,0.00519416,0.00249477,0,0,0,0,4,2,1.75,0,0,0,0,0,0,0,0,0
1,bookshelf_small,67,qpFixed,1,1,0.0105924,767,7,9.02541,768,768,0,0.00519416,0.00249477,0,0,0.0117672,0,1,1,7,0,0,0,1,0,0,767,223509,130
1,bookshelf_small,67,qpPlain,1,1,0.0109719,767,7,9.02541,768,768,0,0.00519416,0.00249477,0,0,0.0117672,0,1,1,7,0,0,0,1,0,0,767,263081,767
1,bookshelf_small,67,qpAdaptive,1,1,0.00171332,115,7,9.02486,506,506,0,0.00519416,0.00249477,0,0,0.078477,0.956522,1,1,7,0,0,0,0.0434783,0.913043,0.0434783,115,33463,25
1,bookshelf_small,67,qpFreeGate,1,1,0.00962112,1088,8,8.54848,827,827,0,0.00446855,0.00249477,0,0,0.00802374,0,3,2,2.66667,0,0,0,1,0,0,0,0,0
1,bookshelf_small,67,qpFreeEnvelope,1,1,0.00154216,72,8,8.57899,448,448,0,0.0029728,0.00249477,0,0,0.125748,0.875,3,2,2.66667,0,0,0,0.111111,0.791667,0.0972222,0,0,0
1,bookshelf_small,67,qpEnvelope,1,1,0.000775017,29,7,9.02512,468,468,0,0.00519416,0.00249477,0,0,0.311211,1,1,1,7,0,0,0,0,0.827586,0.172414,29,8469,8
1,bookshelf_small,92,isSafe,1,1,0.00500644,1262,9,10.5108,7,527,0,0.00923173,0.00249477,0,0,0,0,4,4,2.25,0,0,0,0,0,0,0,0,0
1,bookshelf_small,92,qpFixed,1,1,0.0133785,1065,13,12.8648,851,851,0,0.00159211,0.00249477,0,0,0.014669,0,4,4,3.25,0,0,0,1,0,0,1062,274949,502
1,bookshelf_small,92,qpPlain,1,1,0.0140925,1065,13,12.8648,851,851,0,0.00159211,0.00249477,0,0,0.014669,0,4,4,3.25,0,0,0,1,0,0,1062,364266,1062
1,bookshelf_small,92,qpAdaptive,1,1,0.00628357,460,13,12.8826,773,773,0,0.00159819,0.00249477,0,0,0.0339958,0.278261,4,4,3.25,0,0,0,0.713348,0.266958,0.0196937,457,111995,386
1,bookshelf_small,92,qpFreeGate,1,1,0.0104149,1311,10,10.8177,820,820,0,0.00923173,0.00249477,0,0,0.0101599,0,4,4,2.5,0,0,0,1,0,0,0,0,0
1,bookshelf_small,92,qpFreeEnvelope,1,1,0.00154492,86,10,10.9477,581,581,0,0.00775299,0.00249477,0,0,0.155152,0.976744,4,4,2.5,0,0,0,0.0232558,0.848837,0.127907,0,0,0
1,bookshelf_small,92,qpEnvelope,1,1,0.00381731,251,11,10.8104,580,580,0,0.00044321,0.00249477,0,0,0.0614949,0.227092,3,3,3.66667,0,0,0,0.772,0.192,0.036,250,60431,223
1,box,16,isSafe,1,1,0.0172093,4576,24,17.1144,10,857,0,0.0254456,0.00249477,0,0,0,0,67,19,0.358209,0,0,0,0,0,0,0,0,0
1,box,16,qpFixed,1,1,0.007152,602,7,8.08592,603,603,0,0.0280182,0.00249477,0,0,0.0134318,0,1,1,7,0,0,0,1,0,0,602,147898,158
1,box,16,qpPlain,1,1,0.00767812,602,7,8.08592,603,603,0,0.0280182,0.00249477,0,0,0.0134318,0,1,1,7,0,0,0,1,0,0,602,206486,602
1,box,16,qpAdaptive,1,1,0.000908893,73,7,8.08336,439,439,0,0.0268882,0.00249477,0,0,0.110731,0.958904,1,1,7,0,0,0,0,0.931507,0.0684932,73,18194,35
1,box,16,qpFreeGate,1,1,0.39778,50774,118,11.932,1306,1306,0,0.00137189,0.00249477,0,0,0.0038512,0,344,110,0.343023,0,0,0,1,0,0,0,0,0
1,box,16,qpFreeEnvelope,1,1,0.0618867,3111,138,21.0031,1096,1096,0,0.00203827,1.76256e-07,0,0,0.0777136,0.944069,455,125,0.303297,0,0,0,0.0299577,0.83914,0.130902,0,0,0
1,box,16,qpEnvelope,1,1,0.000667345,33,7,8.07449,419,419,0,0.0258883,0.00249477,0,0,0.244681,0.969697,1,1,7,0,0,0,0,0.848485,0.151515,33,8234,18
1,box,40,isSafe,1,1,0.0190531,4177,23,16.482,10,826,0,0.00924039,0.00249477,0,0,0,0,61,18,0.377049,0,0,0,0,0,0,0,0,0
1,box,40,qpFixed,1,1,0.00544769,380,6,5.626,381,381,0,0.0044176,0.00249477,0,0,0.0148053,0,1,1,6,0,0,0,1,0,0,380,98472,181
1,box,40,qpPlain,1,1,0.0055115,380,6,5.626,381,381,0,0.0044176,0.00249477,0,0,0.0148053,0,1,1,6,0,0,0,1,0,0,380,130340,380
1,box,40,qpAdaptive,1,1,0.00205855,131,6,5.62239,333,333,0,0.00432431,0.00249477,0,0,0.042919,0.465649,1,1,6,0,0,0,0.534351,0.442748,0.0229008,131,37501,113
1,box,40,qpFreeGate,1,1,0.0715761,8285,35,20.6692,1810,1810,0,0.00238939,0.00249477,0,0,0.00643934,0,44,21,0.795455,0,0,0,1,0,0,0,0,0
1,box,40,qpFreeEnvelope,1,1,0.0105101,483,36,16.2805,860,860,0,0.00237361,0.00249477,0,0,0.106366,0.904762,45,24,0.8,0,0,0,0.0726141,0.794606,0.13278,0,0,0
1,box,40,qpEnvelope,1,1,0.00135281,78,6,5.61572,313,313,0,0.00367175,0.00249477,0,0,0.0719964,0.307692,1,1,6,0,0,0,0.692308,0.269231,0.0384615,78,22729,66
1,box,64,isSafe,1,1,0.00699178,1876,11,13.9809,8,701,0,0.0115732,0.00249477,0,0,0,0,23,7,0.478261,0,0,0,0,0,0,0,0,0
1,box,64,qpFixed,1,1,0.0182329,1427,11,12.517,904,904,0,0.0120196,0.00249477,0,0,0.0114293,0,3,3,3.66667,0,0,0,1,0,0,1427,365291,874
1,box,64,qpPlain,1,1,0.0190319,1427,11,12.517,904,904,0,0.0120196,0.00249477,0,0,0.0114293,0,3,3,3.66667,0,0,0,1,0,0,1427,489461,1427
1,box,64,qpAdaptive,1,1,0.00585976,411,11,12.5206,682,682,0,0.0100704,0.00249477,0,0,0.0397125,0.600973,3,3,3.66667,0,0,0,0.394161,0.586375,0.0194647,411,114433,358
1,box,64,qpFreeGate,1,1,0.0401514,5050,26,15.1084,1620,1620,0,0.0157685,0.00199131,0,0,0.00568471,0,28,13,0.928571,0,0,0,1,0,0,0,0,0
1,box,64,qpFreeEnvelope,1,1,0.00919489,420,38,20.0064,1044,1044,0,0.000289633,0.000655887,0,0,0.134893,0.916667,72,25,0.527778,0,0,0,0.026506,0.780723,0.192771,0,0,0
1,box,64,qpEnvelope,1,1,0.00380681,237,11,12.5175,654,654,0,0.0020109,0.00249477,0,0,0.0689069,0.472574,3,3,3.66667,0,0,0,0.523207,0.443038,0.0337553,237,66434,207
1,box,88,isSafe,1,1,0.00755015,2058,13,16.2126,10,812,0,0.0739613,0.00249477,0,0,0,0,12,8,1.08333,0,0,0,0,0,0,0,0,0
1,box,88,qpFixed,1,1,0.00592928,466,6,6.44203,467,467,0,0.0033398,0.00249477,0,0,0.0138241,0,1,1,6,0,0,0,1,0,0,466,127534,202
1,box,88,qpPlain,1,1,0.00606839,466,6,6.44203,467,467,0,0.0033398,0.00249477,0,0,0.0138241,0,1,1,6,0,0,0,1,0,0,466,159838,466
1,box,88,qpAdaptive,1,1,0.0017681,117,6,6.44738,377,377,0,0.00315419,0.00249477,0,0,0.0551058,0.632479,1,1,6,0,0,0,0.367521,0.598291,0.034188,117,34671,97
1,box,88,qpFreeGate,1,1,0.0254814,3210,18,11.7658,1186,1186,0,0.00061921,0.00249477,0,0,0.00730948,0,16,11,1.125,0,0,0,1,0,0,0,0,0
1,box,88,qpFreeEnvelope,1,1,0.00319189,177,13,15.4146,815,815,0,0.00716689,0.00249477,0,0,0.10804,1,11,7,1.18182,0,0,0,0,0.887006,0.112994,0,0,0
1,box,88,qpEnvelope,1,1,0.00101789,63,6,6.46272,353,353,0,0.00261293,0.00249477,0,0,0.102583,0.634921,1,1,6,0,0,0,0.365079,0.571429,0.0634921,63,18561,54
1,table_pick,12,isSafe,1,1,0.0047932,855,6,7.76752,5,390,0,0.00266602,0.00249477,0,0,0,0,4,2,1.5,0,0,0,0,0,0,0,0,0
1,table_pick,12,qpFixed,1,1,0.0111962,707,7,7.86976,708,708,0,0.0033315,0.00249477,0,0,0.0111312,0,1,1,7,0,0,0,1,0,0,707,186185,118
1,table_pick,12,qpPlain,1,1,0.0118399,707,7,7.86976,708,708,0,0.0033315,0.00249477,0,0,0.0111312,0,1,1,7,0,0,0,1,0,0,707,242501,707
1,table_pick,12,qpAdaptive,1,1,0.00194554,109,7,7.9055,447,447,0,0.00336579,0.00249477,0,0,0.0725275,0.66055,1,1,7,0,0,0,0.33945,0.614679,0.0458716,109,31996,61
1,table_pick,12,qpFreeGate,1,1,0.00824843,827,7,7.84835,828,828,0,0.00141066,0.00249477,0,0,0.00949015,0,1,1,7,0,0,0,1,0,0,0,0,0
1,table_pick,12,qpFreeEnvelope,1,1,0.00104373,43,7,7.9377,423,423,0,0.0012773,0.00249477,0,0,0.184598,1,1,1,7,0,0,0,0,0.883721,0.116279,0,0,0
1,table_pick,12,qpEnvelope,1,1,0.00103443,41,7,7.96218,419,419,0,0.00313095,0.00249477,0,0,0.1942,0.756098,1,1,7,0,0,0,0.243902,0.634146,0.121951,41,11918,22
1,table_pick,36,isSafe,1,1,0.0123844,2140,13,12.7799,8,640,0,0.00215871,0.00249477,0,0,0,0,17,7,0.764706,0,0,0,0,0,0,0,0,0
1,table_pick,36,qpFixed,1,1,0.0237709,1337,13,14.6708,1190,1190,0,0.000272035,0.00249477,0,0,0.0116538,0,3,3,4.33333,0,0,0,1,0,0,1337,367721,980
1,table_pick,36,qpPlain,1,1,0.0244747,1337,13,14.6708,1190,1190,0,0.000272035,0.00249477,0,0,0.0116538,0,3,3,4.33333,0,0,0,1,0,0,1337,458591,1337
1,table_pick,36,qpAdaptive,1,1,0.0150148,780,13,14.6931,1043,1043,0,0.000259197,0.00249477,0,0,0.0199845,0.194872,3,3,4.33333,0,0,0,0.803846,0.184615,0.0115385,780,225663,723
1,table_pick,36,qpFreeGate,1,1,0.0492349,4952,24,20.2951,2037,2037,0,0.00222586,0.00249477,0,0,0.00621011,0,27,13,0.888889,0,0,0,1,0,0,0,0,0
1,table_pick,36,qpFreeEnvelope,1,1,0.02027,770,37,19.2971,1017,1017,0,6.09021e-05,0.00249477,0,0,0.082211,0.955844,99,30,0.373737,0,0,0,0.0156454,0.859192,0.125163,0,0,0
1,table_pick,36,qpEnvelope,1,1,0.0128449,636,13,14.7713,974,974,0,0.000259058,0.00249477,0,0,0.0246421,0.081761,3,3,4.33333,0,0,0,0.918239,0.0660377,0.0157233,636,185518,602
1,table_pick,60,isSafe,1,1,0.00394088,683,6,6.60773,5,332,0,0.00439711,0.00249477,0,0,0,0,4,2,1.5,0,0,0,0,0,0,0,0,0
1,table_pick,60,qpFixed,1,1,0.00645529,421,5,5.65897,422,422,0,0.00382212,0.00249477,0,0,0.0134417,0,1,1,5,0,0,0,1,0,0,421,92161,72
1,table_pick,60,qpPlain,1,1,0.00692519,421,5,5.65897,422,422,0,0.00382212,0.00249477,0,0,0.0134417,0,1,1,5,0,0,0,1,0,0,421,144403,421
1,table_pick,60,qpAdaptive,1,1,0.000828953,51,5,5.65925,306,306,0,0.00382212,0.00249477,0,0,0.110966,0.764706,1,1,5,0,0,0,0.235294,0.705882,0.0588235,51,12606,24
1,table_pick,60,qpFreeGate,1,1,0.00825191,846,8,7.42767,601,601,0,0.00439711,0.00249477,0,0,0.00890025,0,4,3,2,0,0,0,1,0,0,0,0,0
1,table_pick,60,qpFreeEnvelope,1,1,0.00138609,51,8,7.70566,405,405,0,0.00439711,0.00249477,0,0,0.153559,1,4,3,2,0,0,0,0,0.843137,0.156863,0,0,0
1,table_pick,60,qpEnvelope,1,1,0.000618039,28,5,5.65919,298,298,0,0.00382212,0.00249477,0,0,0.202114,0.642857,1,1,5,0,0,0,0.357143,0.535714,0.107143,28,7099,17
1,table_pick,84,isSafe,1,1,0.0277389,4855,25,17.4689,10,875,0,0.00266756,0.00249477,0,0,0,0,66,21,0.378788,0,0,0,0,0,0,0,0,0
1,table_pick,84,qpFixed,1,1,0.0119314,741,7,9.25901,742,742,0,0.00110616,0.00249477,0,0,0.0124953,0,1,1,7,0,0,0,1,0,0,741,178333,260
1,table_pick,84,qpPlain,1,1,0.0124925,741,7,9.25901,742,742,0,0.00110616,0.00249477,0,0,0.0124953,0,1,1,7,0,0,0,1,0,0,741,254163,741
1,table_pick,84,qpAdaptive,1,1,0.00340434,186,7,9.26397,557,557,0,0.00110505,0.00249477,0,0,0.0498063,0.446237,1,1,7,0,0,0,0.553763,0.419355,0.0268817,186,52667,152
1,table_pick,84,qpFreeGate,1,1,0.122413,12262,41,12.2461,873,873,0,0.00639225,0.00249477,0,0,0.00549672,0,89,37,0.460674,0,0,0,1,0,0,0,0,0
1,table_pick,84,qpFreeEnvelope,1,1,0.0185708,657,39,12.3379,636,636,0,0.00694424,0.00249477,0,0,0.0953112,0.984779,89,35,0.438202,0,0,0,0,0.839939,0.160061,0,0,0
1,table_pick,84,qpEnvelope,1,1,0.00209313,107,7,9.27195,517,517,0,0.00101053,0.00249477,0,0,0.0866537,0.411215,1,1,7,0,0,0,0.588785,0.364486,0.046729,107,30446,92
1,cage,8,isSafe,1,1,0.429695,105861,588,16.6018,10,832,0,0.0070204,0.00249477,0,0,0,0,3240,584,0.181481,0,0,0,0,0,0,0,0,0
1,cage,8,qpFixed,1,1,0.409036,28628,131,21.1208,1738,1738,0,0.000598831,0.000737983,0,0,0.00860662,0,123,83,1.06504,0,0,0,1,0,0,28616,7706303,24632
1,cage,8,qpPlain,1,1,0.416731,28628,131,21.1208,1738,1738,0,0.000598831,0.000737983,0,0,0.00860662,0,123,83,1.06504,0,0,0,1,0,0,28616,9815288,28616
1,cage,8,qpAdaptive,1,1,0.275918,18549,131,21.1647,1394,1394,0,0.000590046,0.000745677,0,0,0.0133125,0.279368,123,83,1.06504,0,0,0,0.71874,0.276513,0.00474701,18538,4915210,18031
1,cage,8,qpFreeGate,1,1,1.54261,186693,453,22.0393,2465,2465,0,0.00279687,0.00249477,0,0,0.00402281,0,1458,427,0.3107,0,0,0,1,0,0,0,0,0
1,cage,8,qpFreeEnvelope,1,1,0.30512,15088,618,23.0901,1236,1236,0,0.000170005,0.000142078,0,0,0.0651475,0.92166,2161,590,0.285979,0,0,0,0.0453877,0.836297,0.118316,0,0,0
1,cage,8,qpEnvelope,1,1,0.227061,14658,134,21.2121,1260,1260,0,0.000548465,0.00146547,0,0,0.017048,0.231,123,84,1.08943,0,0,0,0.767886,0.224741,0.00737302,14648,3869659,14427
1,cage,32,isSafe,1,1,2.01554,487747,3502,36.4275,20,1823,0,0.00181934,0.00163013,0,0,0,0,20278,3499,0.172699,0,0,0,0,0,0,0,0,0
1,cage,32,qpFixed,1,1,0.089079,6530,40,17.2588,1574,1574,0,0.000848007,0.00249477,0,0,0.00933764,0,23,18,1.73913,0,0,0,1,0,0,6530,1613848,5594
1,cage,32,qpPlain,1,1,0.0926483,6530,40,17.2588,1574,1574,0,0.000848007,0.00249477,0,0,0.00933764,0,23,18,1.73913,0,0,0,1,0,0,6530,2239790,6530
1,cage,32,qpAdaptive,1,1,0.0496158,3508,40,17.2648,1109,1109,0,0.000851853,0.00249477,0,0,0.0174285,0.454675,23,18,1.73913,0,0,0,0.541904,0.450399,0.00769669,3508,869179,3445
1,cage,32,qpFreeGate,1,1,3.66552,456844,993,27.1872,3278,3278,0,0.00173421,0.00249477,0,0,0.00357228,0,3521,958,0.282022,0,0,0,1,0,0,0,0,0
1,cage,32,qpFreeEnvelope,1,1,1.09908,55113,2302,31.6249,1705,1705,0,0.00103471,3.42308e-06,0,0,0.059155,0.925753,8687,2252,0.264994,0,0,0,0.0307356,0.836445,0.13282,0,0,0
1,cage,32,qpEnvelope,1,1,0.0308078,2021,40,17.2853,1000,1000,0,0.000819277,0.00249477,0,0,0.030434,0.350322,23,18,1.73913,0,0,0,0.64671,0.334983,0.0183078,2021,490961,1990
1,cage,56,isSafe,1,1,0.123385,28012,143,22.5792,13,1130,0,0.0072558,0.00249477,0,0,0,0,747,139,0.191432,0,0,0,0,0,0,0,0,0
1,cage,56,qpFixed,1,1,0.208008,14129,76,13.0227,1043,1043,0,0.00128698,0.00249477,0,0,0.00930768,0,51,40,1.4902,0,0,0,1,0,0,14129,3834615,12009
1,cage,56,qpPlain,1,1,0.209655,14129,76,13.0227,1043,1043,0,0.00128698,0.00249477,0,0,0.00930768,0,51,40,1.4902,0,0,0,1,0,0,14129,4846247,14129
1,cage,56,qpAdaptive,1,1,0.134052,8850,76,13.0459,832,832,0,0.00116751,0.00249477,0,0,0.0148574,0.318305,51,40,1.4902,0,0,0,0.679548,0.314463,0.0059887,8850,2386253,8527
1,cage,56,qpFreeGate,1,1,1.45581,174986,400,20.9312,2279,2279,0,0.00454358,0.00249477,0,0,0.00377363,0,1319,377,0.30326,0,0,0,1,0,0,0,0,0
1,cage,56,qpFreeEnvelope,1,1,0.216383,10169,437,24.2909,1285,1285,0,0.00281392,0.000601314,0,0,0.0698318,0.930278,1510,413,0.289404,0,0,0,0.0314214,0.837406,0.131172,0,0,0
1,cage,56,qpEnvelope,1,1,0.0911972,5788,73,15.8845,930,930,0,0.00042248,0.00249477,0,0,0.0227234,0.255183,51,39,1.43137,0,0,0,0.742916,0.245335,0.0117484,5788,1529348,5654
1,cage,80,isSafe,1,1,0.356064,92344,499,21.1389,12,1058,0,0.00508978,0.00249477,0,0,0,0,2588,495,0.192813,0,0,0,0,0,0,0,0,0
1,cage,80,qpFixed,1,1,0.0155155,1183,9,10.416,1184,1184,0,0.000309235,0.00249477,0,0,0.00880473,0,1,1,9,0,0,0,1,0,0,1183,331831,645
1,cage,80,qpPlain,1,1,0.0155599,1183,9,10.416,1184,1184,0,0.000309235,0.00249477,0,0,0.00880473,0,1,1,9,0,0,0,1,0,0,1183,405769,1183
1,cage,80,qpAdaptive,1,1,0.00798188,549,9,10.4172,897,897,0,0.00028307,0.00249477,0,0,0.0189748,0.17122,1,1,9,0,0,0,0.82878,0.162113,0.00910747,549,164026,512
1,cage,80,qpFreeGate,1,1,0.781627,100621,258,21.2512,2008,2008,0,0.00412436,0.00249477,0,0,0.00435974,0,802,246,0.321696,0,0,0,1,0,0,0,0,0
1,cage,80,qpFreeEnvelope,1,1,0.227485,11926,504,19.0715,1028,1028,0,0.000432686,1.67297e-07,0,0,0.0690921,0.935267,1676,489,0.300716,0,0,0,0.0236963,0.864872,0.111432,0,0,0
1,cage,80,qpEnvelope,1,1,0.00633731,418,9,10.422,807,807,0,0.000197661,0.00249477,0,0,0.0249329,0.172249,1,1,9,0,0,0,0.827751,0.160287,0.0119617,418,125141,401
1,bookshelf_tall,23,isSafe,1,1,0.0109337,1492,10,10.1824,7,511,0,0.00392397,0.00249477,0,0,0,0,20,6,0.5,0,0,0,0,0,0,0,0,0
1,bookshelf_tall,23,qpFixed,1,1,0.0175121,866,8,8.51073,644,644,0,0.00824879,0.00249477,0,0,0.0125684,0,2,2,4,0,0,0,1,0,0,866,252354,467
1,bookshelf_tall,23,qpPlain,1,1,0.0182374,866,8,8.51073,644,644,0,0.00824879,0.00249477,0,0,0.0125684,0,2,2,4,0,0,0,1,0,0,866,297038,866
1,bookshelf_tall,23,qpAdaptive,1,1,0.00913721,420,8,8.50938,520,520,0,0.00824879,0.00249477,0,0,0.0259136,0.5,2,2,4,0,0,0,0.497619,0.488095,0.0142857,420,126308,360
1,bookshelf_tall,23,qpFreeGate,1,1,0.039922,3444,12,9.70553,1042,1042,0,0.000951604,0.00249477,0,0,0.00456876,0,20,6,0.6,0,0,0,1,0,0,0,0,0
1,bookshelf_tall,23,qpFreeEnvelope,1,1,0.00710436,252,12,9.67011,557,557,0,0.000824321,0.00249477,0,0,0.062845,0.956349,20,6,0.6,0,0,0,0.0357143,0.857143,0.107143,0,0,0
1,bookshelf_tall,23,qpEnvelope,1,1,0.00348567,147,8,8.49254,469,469,0,0.00644832,0.00249477,0,0,0.0740168,0.619048,2,2,4,0,0,0,0.380952,0.571429,0.047619,147,44139,126
1,bookshelf_tall,48,isSafe,1,1,0.0564819,7642,39,22.9827,13,1151,0,0.00485052,0.00249477,0,0,0,0,188,35,0.207447,0,0,0,0,0,0,0,0,0
1,bookshelf_tall,48,qpFixed,1,1,0.0146406,713,8,8.89978,714,714,0,0.00195672,0.000543861,0,0,0.0124822,0,1,1,8,0,0,0,1,0,0,713,202957,470
1,bookshelf_tall,48,qpPlain,1,1,0.0147521,713,8,8.89978,714,714,0,0.00195672,0.000543861,0,0,0.0124822,0,1,1,8,0,0,0,1,0,0,713,244559,713
1,bookshelf_tall,48,qpAdaptive,1,1,0.00817263,369,8,8.90471,610,610,0,0.00187225,0.000537111,0,0,0.024132,0.533875,1,1,8,0,0,0,0.466125,0.520325,0.0135501,369,111875,351
1,bookshelf_tall,48,qpFreeGate,1,1,0.278365,23893,62,28.4861,2881,2881,0,0.00179623,0.000241119,0,0,0.00397786,0,185,52,0.335135,0,0,0,1,0,0,0,0,0
1,bookshelf_tall,48,qpFreeEnvelope,1,1,0.0361086,1151,52,20.8062,1075,1075,0,0.00230576,9.58143e-05,0,0,0.0796754,0.885317,188,47,0.276596,0,0,0,0.0560579,0.822785,0.121157,0,0,0
1,bookshelf_tall,48,qpEnvelope,1,1,0.00472561,204,8,8.91029,536,536,0,0.00119978,0.000514278,0,0,0.0436779,0.465686,1,1,8,0,0,0,0.52451,0.446078,0.0294118,204,61915,194
1,bookshelf_tall,73,isSafe,1,1,0.0475637,6272,33,18.9806,11,951,0,0.00353206,0.00249477,0,0,0,0,116,29,0.284483,0,0,0,0,0,0,0,0,0
1,bookshelf_tall,73,qpFixed,1,1,0.174984,8019,47,16.5133,1436,1436,0,0.0019345,6.33652e-06,0,0,0.00933368,0,27,23,1.74074,0,0,0,1,0,0,8017,2357349,7110
1,bookshelf_tall,73,qpPlain,1,1,0.179707,8019,47,16.5133,1436,1436,0,0.0019345,6.33652e-06,0,0,0.00933368,0,27,23,1.74074,0,0,0,1,0,0,8017,2749831,8017
1,bookshelf_tall,73,qpAdaptive,1,1,0.137307,5998,49,16.5169,1183,1183,0,0.00192212,6.17774e-06,0,0,0.0121605,0.158053,27,23,1.81481,0,0,0,0.840674,0.154488,0.00483817,5994,1781603,5815
1,bookshelf_tall,73,qpFreeGate,1,1,0.123588,10528,29,14.9852,1285,1285,0,0.00361881,0.000522007,0,0,0.00461559,0,81,25,0.358025,0,0,0,1,0,0,0,0,0
1,bookshelf_tall,73,qpFreeEnvelope,1,1,0.0159985,460,30,15.2825,788,788,0,0.00361881,0.000175854,0,0,0.107652,0.928261,81,26,0.37037,0,0,0,0.00219298,0.85307,0.144737,0,0,0
1,bookshelf_tall,73,qpEnvelope,1,1,0.1077,4600,45,16.5392,1080,1080,0,0.00187273,5.70016e-06,0,0,0.0153856,0.106087,27,23,1.66667,0,0,0,0.893432,0.0996085,0.00695955,4598,1366282,4550
1,bookshelf_tall,99,isSafe,1,1,0.00841856,1110,8,10.8365,7,543,0,0.0106292,0.00249477,0,0,0,0,12,3,0.666667,0,0,0,0,0,0,0,0,0
1,bookshelf_tall,99,qpFixed,1,1,0.0657164,3136,20,19.7761,1649,1649,0,0.000158988,0.00249477,0,0,0.00990209,0,11,7,1.81818,0,0,0,1,0,0,3136,750393,2904
1,bookshelf_tall,99,qpPlain,1,1,0.0692219,3136,20,19.7761,1649,1649,0,0.000158988,0.00249477,0,0,0.00990209,0,11,7,1.81818,0,0,0,1,0,0,3136,1075648,3136
1,bookshelf_tall,99,qpAdaptive,1,1,0.0529878,2454,20,19.7954,1510,1510,0,0.00015926,0.00249477,0,0,0.0126653,0.270986,11,7,1.81818,0,0,0,0.727384,0.268541,0.00407498,2454,583448,2372
1,bookshelf_tall,99,qpFreeGate,1,1,0.0245524,2098,10,10.7524,877,877,0,0.00284535,0.00249477,0,0,0.00598306,0,12,4,0.833333,0,0,0,1,0,0,0,0,0
1,bookshelf_tall,99,qpFreeEnvelope,1,1,0.00401636,125,10,10.8332,569,569,0,0.0023457,0.00249477,0,0,0.10038,0.968,12,4,0.833333,0,0,0,0.016,0.848,0.136,0,0,0
1,bookshelf_tall,99,qpEnvelope,1,1,0.0349635,1584,20,19.899,1305,1305,0,0.000145709,0.00249477,0,0,0.0197142,0.175505,11,7,1.81818,0,0,0,0.823864,0.168561,0.00757576,1584,374508,1564
1,bookshelf_thin,23,isSafe,1,1,0.0858325,8552,43,19.6598,11,984,0,0.000427625,0.00249477,0,0,0,0,146,39,0.294521,0,0,0,0,0,0,0,0,0
1,bookshelf_thin,23,qpFixed,1,1,0.0753889,2919,25,17.3951,1586,1586,0,4.27822e-05,0.000466031,0,0,0.00999588,0,8,7,3.125,0,0,0,1,0,0,2916,790756,2481
1,bookshelf_thin,23,qpPlain,1,1,0.0769436,2919,25,17.3951,1586,1586,0,4.27822e-05,0.000466031,0,0,0.00999588,0,8,7,3.125,0,0,0,1,0,0,2916,1000188,2916
1,bookshelf_thin,23,qpAdaptive,1,1,0.0803648,2984,33,12.3303,802,802,0,0.000458481,0.00249477,0,0,0.0157334,0.254357,16,13,2.0625,0,0,0,0.740853,0.251091,0.00805639,2979,833540,2882
1,bookshelf_thin,23,qpFreeGate,1,1,0.437218,31077,75,21.8212,1516,1516,0,0.00438289,0.00249477,0,0,0.00430512,0,242,71,0.309917,0,0,0,1,0,0,0,0,0
1,bookshelf_thin,23,qpFreeEnvelope,1,1,0.0755269,1827,76,22.0978,1129,1129,0,0.00438289,0.00249477,0,0,0.0748948,0.966612,242,72,0.31405,0,0,0,0.01541,0.845349,0.139241,0,0,0
1,bookshelf_thin,23,qpEnvelope,1,1,0.0573064,2060,32,12.3272,725,725,0,0.000458481,0.00249477,0,0,0.0223286,0.146602,16,13,2,0,0,0,0.851582,0.136253,0.0121655,2055,579871,2031
1,bookshelf_thin,47,isSafe,1,1,0.794919,78781,392,19.4467,11,974,0,0.0041587,0.00249477,0,0,0,0,2038,389,0.192345,0,0,0,0,0,0,0,0,0
1,bookshelf_thin,47,qpFixed,1,1,0.0196338,793,13,9.01006,573,573,0,0.00557745,0.00249477,0,0,0.014428,0,2,2,6.5,0,0,0,1,0,0,793,186789,351
1,bookshelf_thin,47,qpPlain,1,1,0.0205127,793,13,9.01006,573,573,0,0.00557745,0.00249477,0,0,0.014428,0,2,2,6.5,0,0,0,1,0,0,793,271999,793
1,bookshelf_thin,47,qpAdaptive,1,1,0.00848971,324,12,9.0019,491,491,0,0.00557745,0.00249477,0,0,0.0352877,0.317901,2,2,6,0,0,0,0.675926,0.296296,0.0277778,324,76203,293
1,bookshelf_thin,47,qpFreeGate,1,1,0.486369,34309,120,12.543,1038,1038,0,0.00340258,0.00249477,0,0,0.00573548,0,358,115,0.335196,0,0,0,1,0,0,0,0,0
1,bookshelf_thin,47,qpFreeEnvelope,1,1,0.0903927,2029,120,12.6554,659,659,0,0.00346062,0.00249477,0,0,0.096308,0.952193,358,114,0.335196,0,0,0,0.00149551,0.856929,0.141575,0,0,0
1,bookshelf_thin,47,qpEnvelope,1,1,0.00554469,202,11,9.00038,473,473,0,0.00469274,0.00249477,0,0,0.0565954,0.193069,2,2,5.5,0,0,0,0.80198,0.158416,0.039604,202,46740,189
1,bookshelf_thin,71,isSafe,1,1,0.0267066,2668,15,15.2831,9,766,0,0.00232049,0.00249477,0,0,0,0,35,11,0.428571,0,0,0,0,0,0,0,0,0
1,bookshelf_thin,71,qpFixed,1,1,0.0120974,489,6,6.5336,490,490,0,0.00535179,0.00249477,0,0,0.0133612,0,1,1,6,0,0,0,1,0,0,489,129624,93
1,bookshelf_thin,71,qpPlain,1,1,0.0125048,489,6,6.5336,490,490,0,0.00535179,0.00249477,0,0,0.0133612,0,1,1,6,0,0,0,1,0,0,489,167727,489
1,bookshelf_thin,71,qpAdaptive,1,1,0.00340733,126,6,6.53363,373,373,0,0.00535179,0.00249477,0,0,0.0518542,0.492063,1,1,6,0,0,0,0.507937,0.460317,0.031746,126,33952,89
1,bookshelf_thin,71,qpFreeGate,1,1,0.0475141,3331,17,11.2247,1120,1120,0,0.00237763,0.00249477,0,0,0.00558132,0,20,6,0.85,0,0,0,1,0,0,0,0,0
1,bookshelf_thin,71,qpFreeEnvelope,1,1,0.00787809,176,20,16.4712,847,847,0,0.00534284,0.0013627,0,0,0.136945,0.971591,25,8,0.8,0,0,0,0,0.796512,0.203488,0,0,0
1,bookshelf_thin,71,qpEnvelope,1,1,0.00115278,35,6,6.5358,343,343,0,0.00714434,0.00249477,0,0,0.186737,0.657143,1,1,6,0,0,0,0.342857,0.542857,0.114286,35,9647,24
1,bookshelf_thin,96,isSafe,1,1,0.108078,9850,48,14.1849,9,711,0,0.00363055,0.00249477,0,0,0,0,166,44,0.289157,0,0,0,0,0,0,0,0,0
1,bookshelf_thin,96,qpFixed,1,1,0.0185409,719,7,8.16962,720,720,0,0.00363055,0.00249477,0,0,0.0113625,0,1,1,7,0,0,0,1,0,0,719,175741,118
1,bookshelf_thin,96,qpPlain,1,1,0.019323,719,7,8.16962,720,720,0,0.00363055,0.00249477,0,0,0.0113625,0,1,1,7,0,0,0,1,0,0,719,246617,719
1,bookshelf_thin,96,qpAdaptive,1,1,0.00429511,153,7,8.17059,491,491,0,0.00363055,0.00249477,0,0,0.0534025,0.372549,1,1,7,0,0,0,0.627451,0.339869,0.0326797,153,42259,116
1,bookshelf_thin,96,qpFreeGate,1,1,0.259312,17207,62,14.1036,1117,1117,0,0.00363055,0.00136636,0,0,0.00622177,0,166,57,0.373494,0,0,0,1,0,0,0,0,0
1,bookshelf_thin,96,qpFreeEnvelope,1,1,0.051674,1155,60,13.5098,695,695,0,0.00363055,0.00249477,0,0,0.0928293,0.990476,166,56,0.361446,0,0,0,0,0.905382,0.0946181,0,0,0
1,bookshelf_thin,96,qpEnvelope,1,1,0.00123607,40,7,8.17703,431,431,0,0.00363055,0.00249477,0,0,0.204426,0.8,1,1,7,0,0,0,0.2,0.675,0.125,40,11110,24
1,table_under_pick,20,isSafe,1,1,0.0270757,4712,25,18.3484,11,919,0,0.00390373,0.00249477,0,0,0,0,57,20,0.438596,0,0,0,0,0,0,0,0,0
1,table_under_pick,20,qpFixed,1,1,0.116027,6813,33,18.5385,1582,1582,0,0.00017882,0.00249477,0,0,0.0088723,0,25,16,1.32,0,0,0,1,0,0,6812,1739743,5164
1,table_under_pick,20,qpPlain,1,1,0.121966,6813,33,18.5385,1582,1582,0,0.00017882,0.00249477,0,0,0.0088723,0,25,16,1.32,0,0,0,1,0,0,6812,2336516,6812
1,table_under_pick,20,qpAdaptive,1,1,0.0783888,4345,34,18.537,1192,1192,0,0.000179012,0.00249477,0,0,0.013722,0.163406,25,16,1.36,0,0,0,0.835828,0.158416,0.00575639,4343,1063458,4170
1,table_under_pick,20,qpFreeGate,1,1,0.0950173,9741,37,14.6958,1290,1290,0,0.00215726,0.00249477,0,0,0.00659474,0,73,32,0.506849,0,0,0,1,0,0,0,0,0
1,table_under_pick,20,qpFreeEnvelope,1,1,0.0167517,645,36,15.0495,795,795,0,0.00311129,0.00249477,0,0,0.100026,0.981395,73,31,0.493151,0,0,0,0.00933126,0.864697,0.125972,0,0,0
1,table_under_pick,20,qpEnvelope,1,1,0.0636929,3427,32,18.5384,1074,1074,0,0.000163925,0.00249477,0,0,0.0176713,0.112343,25,16,1.28,0,0,0,0.886748,0.105663,0.00758903,3426,838088,3364
1,table_under_pick,44,isSafe,1,1,0.0185458,3222,18,16.4791,10,825,0,0.00470907,0.0020259,0,0,0,0,55,13,0.327273,0,0,0,0,0,0,0,0,0
1,table_under_pick,44,qpFixed,1,1,0.0424181,2492,19,6.55706,465,465,0,0.00546262,0.00249477,0,0,0.0101669,0,8,8,2.375,0,0,0,1,0,0,2492,656047,2163
1,table_under_pick,44,qpPlain,1,1,0.0439977,2492,19,6.55706,465,465,0,0.00546262,0.00249477,0,0,0.0101669,0,8,8,2.375,0,0,0,1,0,0,2492,854756,2492
1,table_under_pick,44,qpAdaptive,1,1,0.031458,1761,16,8.27875,562,562,0,0.00131271,0.00249477,0,0,0.0140113,0.226576,8,8,2,0,0,0,0.772856,0.223737,0.00340716,1761,445819,1725
1,table_under_pick,44,qpFreeGate,1,1,0.0704162,7133,22,16.4302,1384,1384,0,0.00402775,0.00249477,0,0,0.00515922,0,55,17,0.4,0,0,0,1,0,0,0,0,0
1,table_under_pick,44,qpFreeEnvelope,1,1,0.0104334,383,21,15.6238,810,810,0,0.00415739,0.00249477,0,0,0.0954754,0.968668,55,16,0.381818,0,0,0,0.013089,0.837696,0.149215,0,0,0
1,table_under_pick,44,qpEnvelope,1,1,0.0224526,1211,16,8.29157,542,542,0,0.000351719,0.00249477,0,0,0.0204861,0.19488,8,8,2,0,0,0,0.80512,0.185797,0.0090834,1211,309356,1198
1,table_under_pick,69,isSafe,1,1,0.0150076,2590,15,12.6417,8,634,0,0.00486431,0.00249477,0,0,0,0,40,11,0.375,0,0,0,0,0,0,0,0,0
1,table_under_pick,69,qpFixed,1,1,0.0562278,3263,24,16.1021,1411,1411,0,0.00159855,0.00249477,0,0,0.0111207,0,10,10,2.4,0,0,0,1,0,0,3263,914984,2682
1,table_under_pick,69,qpPlain,1,1,0.0574372,3263,24,16.1021,1411,1411,0,0.00159855,0.00249477,0,0,0.0111207,0,10,10,2.4,0,0,0,1,0,0,3263,1119209,3263
1,table_under_pick,69,qpAdaptive,1,1,0.0339255,1834,22,17.9259,1256,1256,0,0.00163992,0.00249477,0,0,0.0178512,0.454744,10,10,2.2,0,0,0,0.541985,0.449836,0.00817884,1834,538062,1650
1,table_under_pick,69,qpFreeGate,1,1,0.0775278,7846,29,16.654,1589,1589,0,0.00123113,0.00249477,0,0,0.00540168,0,37,18,0.783784,0,0,0,1,0,0,0,0,0
1,table_under_pick,69,qpFreeEnvelope,1,1,0.031215,1215,68,16.0121,851,851,0,0.000424574,0.00249477,0,0,0.0907999,0.972016,198,60,0.343434,0,0,0,0.0165153,0.883567,0.0999174,0,0,0
1,table_under_pick,69,qpEnvelope,1,1,0.0149467,755,20,19.5386,1150,1150,0,0.00103335,0.00249477,0,0,0.0422476,0.423841,10,9,2,0,0,0,0.574834,0.402649,0.0225166,755,219818,703
1,table_under_pick,93,isSafe,1,1,0.0105029,1574,10,13.3333,8,668,0,0.00415415,0.00249477,0,0,0,0,24,5,0.416667,0,0,0,0,0,0,0,0,0
1,table_under_pick,93,qpFixed,1,1,0.0225095,1207,10,10.1339,769,769,0,0.00211616,0.00237259,0,0,0.0109021,0,2,2,5,0,0,0,1,0,0,1207,347425,887
1,table_under_pick,93,qpPlain,1,1,0.023051,1207,10,10.1339,769,769,0,0.00211616,0.00237259,0,0,0.0109021,0,2,2,5,0,0,0,1,0,0,1207,414001,1207
1,table_under_pick,93,qpAdaptive,1,1,0.0123041,612,10,10.16,602,602,0,0.00190378,0.00237824,0,0,0.0215496,0.338235,2,2,5,0,0,0,0.660131,0.330065,0.00980392,612,186427,529
1,table_under_pick,93,qpFreeGate,1,1,0.0405346,3781,22,14.0127,1514,1514,0,0.00192878,0.00249477,0,0,0.00656374,0,15,8,1.46667,0,0,0,1,0,0,0,0,0
1,table_under_pick,93,qpFreeEnvelope,1,1,0.0056595,209,17,13.6313,728,728,0,0.00445184,0.000498397,0,0,0.0914372,0.889952,16,7,1.0625,0,0,0,0.100478,0.755981,0.143541,0,0,0
1,table_under_pick,93,qpEnvelope,1,1,0.00673729,312,10,10.209,558,558,0,0.00152868,0.00249477,0,0,0.0425543,0.272436,2,2,5,0,0,0,0.727564,0.25,0.0224359,312,97548,279
1,bookshelf_small,18,isSafe,1,1,0.00753858,1933,12,10.5803,7,531,0,0.00567381,0.00249477,0,0,0,0,16,8,0.75,0,0,0,0,0,0,0,0,0
1,bookshelf_small,18,qpFixed,1,1,0.00544715,429,6,6.08901,430,430,0,0.00207116,0.00249477,0,0,0.0141935,0,1,1,6,0,0,0,1,0,0,429,97685,207
1,bookshelf_small,18,qpPlain,1,1,0.00592403,429,6,6.08901,430,430,0,0.00207116,0.00249477,0,0,0.0141935,0,1,1,6,0,0,0,1,0,0,429,147147,429
1,bookshelf_small,18,qpAdaptive,1,1,0.00330361,240,6,6.08923,386,386,0,0.00207075,0.00249477,0,0,0.0253718,0.116667,1,1,6,0,0,0,0.883333,0.104167,0.0125,240,54070,204
1,bookshelf_small,18,qpFreeGate,1,1,0.0219148,2711,13,10.1341,782,782,0,0.00567381,0.00249477,0,0,0.00733632,0,16,9,0.8125,0,0,0,1,0,0,0,0,0
1,bookshelf_small,18,qpFreeEnvelope,1,1,0.00287991,136,13,10.1219,523,523,0,0.00567381,0.00249477,0,0,0.146986,0.977941,16,9,0.8125,0,0,0,0.00735294,0.830882,0.161765,0,0,0
1,bookshelf_small,18,qpEnvelope,1,1,0.00222294,157,6,6.09062,362,362,0,0.00212662,0.00249477,0,0,0.0387938,0.101911,1,1,6,0,0,0,0.898089,0.0828025,0.0191083,157,35481,142
1,bookshelf_small,44,isSafe,1,1,0.00363259,929,7,8.92956,6,448,0,0.0023252,0.00249477,0,0,0,0,5,3,1.4,0,0,0,0,0,0,0,0,0
1,bookshelf_small,44,qpFixed,1,1,0.00402501,358,5,5.67146,359,359,0,0.0023252,0.00249477,0,0,0.0158421,0,1,1,5,0,0,0,1,0,0,358,73758,34
1,bookshelf_small,44,qpPlain,1,1,0.00465799,358,5,5.67146,359,359,0,0.0023252,0.00249477,0,0,0.0158421,0,1,1,5,0,0,0,1,0,0,358,122794,358
1,bookshelf_small,44,qpAdaptive,1,1,0.000534802,43,5,5.67388,304,304,0,0.0023252,0.00249477,0,0,0.131951,0.767442,1,1,5,0,0,0,0.232558,0.697674,0.0697674,43,10063,21
1,bookshelf_small,44,qpFreeGate,1,1,0.00522828,659,7,8.92957,565,565,0,0.0023252,0.00249477,0,0,0.0135807,0,5,3,1.4,0,0,0,1,0,0,0,0,0
1,bookshelf_small,44,qpFreeEnvelope,1,1,0.000784944,38,7,8.92956,457,457,0,0.0023252,0.00249477,0,0,0.236025,1,5,3,1.4,0,0,0,0,0.868421,0.131579,0,0,0
1,bookshelf_small,44,qpEnvelope,1,1,0.000345429,22,5,5.67573,294,294,0,0.0023252,0.00249477,0,0,0.257988,0.727273,1,1,5,0,0,0,0.272727,0.590909,0.136364,22,5116,11
1,bookshelf_small,68,isSafe,1,1,0.053527,13464,67,17.841,11,894,0,0.00103615,0.00249477,0,0,0,0,328,62,0.204268,0,0,0,0,0,0,0,0,0
1,bookshelf_small,68,qpFixed,1,1,0.00885411,698,7,8.90665,699,699,0,0.00193224,0.00093703,0,0,0.0127602,0,1,1,7,0,0,0,1,0,0,698,190729,263
1,bookshelf_small,68,qpPlain,1,1,0.00939383,698,7,8.90665,699,699,0,0.00193224,0.00093703,0,0,0.0127602,0,1,1,7,0,0,0,1,0,0,698,239414,698
1,bookshelf_small,68,qpAdaptive,1,1,0.00319582,218,7,8.90646,531,531,0,0.00193224,0.000929437,0,0,0.0408553,0.550459,1,1,7,0,0,0,0.444954,0.53211,0.0229358,218,66418,148
1,bookshelf_small,68,qpFreeGate,1,1,0.147056,17816,50,20.5551,1589,1589,0,0.00371752,0.00155331,0,0,0.00489245,0,124,45,0.403226,0,0,0,1,0,0,0,0,0
1,bookshelf_small,68,qpFreeEnvelope,1,1,0.0136324,646,49,16.6114,854,854,0,0.00371752,0.000303144,0,0,0.128138,0.873065,124,44,0.395161,0,0,0,0.0147059,0.838235,0.147059,0,0,0
1,bookshelf_small,68,qpEnvelope,1,1,0.00154871,80,7,8.91885,475,475,0,0.00193224,0.00114522,0,0,0.111486,0.4125,1,1,7,0,0,0,0.5875,0.35,0.0625,80,24533,69
1,bookshelf_small,93,isSafe,1,1,0.00204012,540,5,5.35953,4,269,0,0.00797132,0.00249477,0,0,0,0,1,1,5,0,0,0,0,0,0,0,0,0
1,bookshelf_small,93,qpFixed,1,1,0.0046109,390,5,5.35984,391,391,0,0.00797132,0.00249477,0,0,0.0137432,0,1,1,5,0,0,0,1,0,0,390,96900,6
1,bookshelf_small,93,qpPlain,1,1,0.00510251,390,5,5.35984,391,391,0,0.00797132,0.00249477,0,0,0.0137432,0,1,1,5,0,0,0,1,0,0,390,133770,390
1,bookshelf_small,93,qpAdaptive,1,1,0.000432681,35,5,5.35989,284,284,0,0.00797132,0.00249477,0,0,0.15314,0.885714,1,1,5,0,0,0,0.114286,0.8,0.0857143,35,9285,2
1,bookshelf_small,93,qpFreeGate,1,1,0.00315476,391,5,5.35956,392,392,0,0.00797132,0.00249477,0,0,0.0137073,0,1,1,5,0,0,0,1,0,0,0,0,0
1,bookshelf_small,93,qpFreeEnvelope,1,1,0.000338836,17,5,5.35954,275,275,0,0.00797132,0.00249477,0,0,0.315267,1,1,1,5,0,0,0,0,0.823529,0.176471,0,0,0
1,bookshelf_small,93,qpEnvelope,1,1,0.000332804,17,5,5.36018,276,276,0,0.00797132,0.00249477,0,0,0.315305,0.941176,1,1,5,0,0,0,0.0588235,0.764706,0.176471,17,4526,1
1,box,17,isSafe,1,1,0.00314869,819,6,7.99968,5,401,0,0.0127749,0.00249477,0,0,0,0,5,3,1.2,0,0,0,0,0,0,0,0,0
1,box,17,qpFixed,1,1,0.00532891,447,6,5.67897,448,448,0,0.00259298,0.00249477,0,0,0.0127046,0,1,1,6,0,0,0,1,0,0,447,116518,222
1,box,17,qpPlain,1,1,0.00569012,447,6,5.67897,448,448,0,0.00259298,0.00249477,0,0,0.0127046,0,1,1,6,0,0,0,1,0,0,447,153321,447
1,box,17,qpAdaptive,1,1,0.00215637,165,6,5.6907,370,370,0,0.00251632,0.00249477,0,0,0.0344891,0.587879,1,1,6,0,0,0,0.412121,0.569697,0.0181818,165,44325,139
1,box,17,qpFreeGate,1,1,0.00797848,981,7,7.88371,546,546,0,0.0127749,0.00249477,0,0,0.00888027,0,5,3,1.4,0,0,0,1,0,0,0,0,0
1,box,17,qpFreeEnvelope,1,1,0.00124854,61,7,7.9482,412,412,0,0.0127749,0.00249477,0,0,0.144722,1,5,3,1.4,0,0,0,0,0.852459,0.147541,0,0,0
1,box,17,qpEnvelope,1,1,0.00122532,81,6,5.71372,321,321,0,0.00221994,0.00249477,0,0,0.0705397,0.555556,1,1,6,0,0,0,0.432099,0.518519,0.0493827,81,22669,70
1,box,41,isSafe,1,1,0.00301677,780,6,5.65122,4,284,0,0.0252638,0.00249477,0,0,0,0,6,3,1,0,0,0,0,0,0,0,0,0
1,box,41,qpFixed,1,1,0.00516331,418,6,5.35142,419,419,0,0.00266501,0.00249477,0,0,0.0128024,0,1,1,6,0,0,0,1,0,0,418,109699,215
1,box,41,qpPlain,1,1,0.00553889,418,6,5.35142,419,419,0,0.00266501,0.00249477,0,0,0.0128024,0,1,1,6,0,0,0,1,0,0,418,143374,418
1,box,41,qpAdaptive,1,1,0.00146167,109,6,5.34884,313,313,0,0.00260044,0.00249477,0,0,0.0490719,0.587156,1,1,6,0,0,0,0.412844,0.550459,0.0366972,109,31790,92
1,box,41,qpFreeGate,1,1,0.104718,13274,41,8.74692,1048,1048,0,0.00169271,0.00249477,0,0,0.00456578,0,75,30,0.546667,0,0,0,1,0,0,0,0,0
1,box,41,qpFreeEnvelope,1,1,0.0249533,1370,64,18.7555,992,992,0,0.000884614,0.00249477,0,0,0.0743055,0.959854,146,55,0.438356,0,0,0,0.0220588,0.870588,0.107353,0,0,0
1,box,41,qpEnvelope,1,1,0.000961657,64,6,5.34491,292,292,0,0.00234908,0.00249477,0,0,0.0835143,0.4375,1,1,6,0,0,0,0.5625,0.375,0.0625,64,18574,55
1,box,65,isSafe,1,1,0.00889075,2363,14,10.833,7,543,0,0.0044933,0.00249477,0,0,0,0,39,9,0.358974,0,0,0,0,0,0,0,0,0
1,box,65,qpFixed,1,1,0.00787461,606,9,7.89201,562,562,0,0.0043715,0.00249477,0,0,0.0135992,0,2,2,4.5,0,0,0,1,0,0,606,153940,502
1,box,65,qpPlain,1,1,0.00841505,606,9,7.89201,562,562,0,0.0043715,0.00249477,0,0,0.0135992,0,2,2,4.5,0,0,0,1,0,0,606,207858,606
1,box,65,qpAdaptive,1,1,0.00537343,369,10,7.91277,517,517,0,0.00431597,0.00249477,0,0,0.022381,0.490515,2,2,5,0,0,0,0.495935,0.482385,0.0216802,369,96654,353
1,box,65,qpFreeGate,1,1,0.06898,8818,22,10.0032,836,836,0,0.0310652,0.00249477,0,0,0.00415382,0,57,17,0.385965,0,0,0,1,0,0,0,0,0
1,box,65,qpFreeEnvelope,1,1,0.00867054,456,23,13.6887,731,731,0,0.000245998,0.00249477,0,0,0.0728453,0.958333,51,17,0.45098,0,0,0,0.0285088,0.835526,0.135965,0,0,0
1,box,65,qpEnvelope,1,1,0.00234282,140,10,8.00002,452,452,0,0.0037392,0.00249477,0,0,0.0595513,0.578571,2,2,5,0,0,0,0.407143,0.535714,0.0571429,140,38645,131
1,box,89,isSafe,1,1,0.00570285,1526,10,6.70225,5,337,0,0.00244366,0.00249477,0,0,0,0,20,6,0.5,0,0,0,0,0,0,0,0,0
1,box,89,qpFixed,1,1,0.017124,1408,12,10.0982,865,865,0,0.0121624,0.00249477,0,0,0.0109641,0,4,4,3,0,0,0,1,0,0,1408,327399,909
1,box,89,qpPlain,1,1,0.018526,1408,12,10.0982,865,865,0,0.0121624,0.00249477,0,0,0.0109641,0,4,4,3,0,0,0,1,0,0,1408,482944,1408
1,box,89,qpAdaptive,1,1,0.00475997,349,13,10.4541,605,605,0,0.0119401,0.00249477,0,0,0.0451728,0.839542,4,4,3.25,0,0,0,0.151862,0.813754,0.034384,349,86311,306
1,box,89,qpFreeGate,1,1,0.0748051,9494,28,18.1607,1704,1704,0,0.0185123,0.00249477,0,0,0.00432257,0,53,19,0.528302,0,0,0,1,0,0,0,0,0
1,box,89,qpFreeEnvelope,1,1,0.00777581,431,28,16.2479,867,867,0,0.00214641,0.00249477,0,0,0.0719245,0.87471,39,14,0.717949,0,0,0,0.111628,0.769767,0.118605,0,0,0
1,box,89,qpEnvelope,1,1,0.0024259,158,13,10.5024,565,565,0,0.00907666,0.00249477,0,0,0.100139,0.791139,4,4,3.25,0,0,0,0.189873,0.734177,0.0759494,158,39802,137
1,table_pick,13,isSafe,1,1,0.0153067,2647,14,11.472,7,575,0,0.00193659,0.00249477,0,0,0,0,36,10,0.388889,0,0,0,0,0,0,0,0,0
1,table_pick,13,qpFixed,1,1,0.0106729,650,7,7.78063,651,651,0,0.000535644,0.00249477,0,0,0.0119702,0,1,1,7,0,0,0,1,0,0,650,153751,494
1,table_pick,13,qpPlain,1,1,0.0114338,650,7,7.78063,651,651,0,0.000535644,0.00249477,0,0,0.0119702,0,1,1,7,0,0,0,1,0,0,650,222950,650
1,table_pick,13,qpAdaptive,1,1,0.00722809,411,7,7.84306,591,591,0,0.000284317,0.00249477,0,0,0.0190829,0.26764,1,1,7,0,0,0,0.727494,0.262774,0.00973236,411,99285,374
1,table_pick,13,qpFreeGate,1,1,0.0521349,5310,19,13.3181,1285,1285,0,0.00190497,0.00249477,0,0,0.00464274,0,38,13,0.5,0,0,0,1,0,0,0,0,0
1,table_pick,13,qpFreeEnvelope,1,1,0.00275488,102,9,9.27012,492,492,0,0.00167678,0.00249477,0,0,0.121698,0.990196,10,4,0.9,0,0,0,0,0.862745,0.137255,0,0,0
1,table_pick,13,qpEnvelope,1,1,0.00665598,368,11,9.79053,507,507,0,0.00782797,0.00249477,0,0,0.0429028,0.192935,2,2,5.5,0,0,0,0.804348,0.173913,0.0217391,368,91562,341
1,table_pick,37,isSafe,1,1,0.00672018,1188,8,11.6585,7,584,0,0.00316394,0.00249477,0,0,0,0,6,3,1.33333,0,0,0,0,0,0,0,0,0
1,table_pick,37,qpFixed,1,1,0.0108132,704,9,9.09492,705,705,0,0.00593933,0.00249477,0,0,0.0129189,0,1,1,9,0,0,0,1,0,0,704,165383,224
1,table_pick,37,qpPlain,1,1,0.0119162,704,9,9.09492,705,705,0,0.00593933,0.00249477,0,0,0.0129189,0,1,1,9,0,0,0,1,0,0,704,241472,704
1,table_pick,37,qpAdaptive,1,1,0.00157479,92,10,9.10972,507,507,0,0.00594157,0.00249477,0,0,0.0990187,0.73913,1,1,10,0,0,0,0.228261,0.684783,0.0869565,92,24357,63
1,table_pick,37,qpFreeGate,1,1,0.0383928,3924,15,12.8493,1044,1044,0,0.00386324,0.00249477,0,0,0.00494711,0,34,9,0.441176,0,0,0,1,0,0,0,0,0
1,table_pick,37,qpFreeEnvelope,1,1,0.00684388,262,15,12.9706,676,676,0,0.00390321,0.00249477,0,0,0.0893637,0.984733,34,10,0.441176,0,0,0,0.0152672,0.858779,0.125954,0,0,0
1,table_pick,37,qpEnvelope,1,1,0.0017914,81,16,12.6842,666,666,0,0.00592156,0.00249477,0,0,0.191541,0.938272,3,3,5.33333,0,0,0,0,0.802469,0.197531,81,22207,62
1,table_pick,61,isSafe,1,1,0.0132678,2307,14,8.10782,6,407,0,0.00815588,0.00249477,0,0,0,0,34,9,0.411765,0,0,0,0,0,0,0,0,0
1,table_pick,61,qpFixed,1,1,0.011281,673,7,7.27891,674,674,0,0.000890332,0.00249477,0,0,0.0108156,0,1,1,7,0,0,0,1,0,0,673,168171,407
1,table_pick,61,qpPlain,1,1,0.0119579,673,7,7.27891,674,674,0,0.000890332,0.00249477,0,0,0.0108156,0,1,1,7,0,0,0,1,0,0,673,230839,673
1,table_pick,61,qpAdaptive,1,1,0.00737848,386,7,7.28131,558,558,0,0.000890332,0.00249477,0,0,0.0188635,0.134715,1,1,7,0,0,0,0.865285,0.126943,0.00777202,386,106313,365
1,table_pick,61,qpFreeGate,1,1,0.0443824,4499,18,8.47057,776,776,0,0.00815588,0.00249477,0,0,0.00615104,0,34,13,0.529412,0,0,0,1,0,0,0,0,0
1,table_pick,61,qpFreeEnvelope,1,1,0.00659413,241,18,8.52467,440,440,0,0.00815588,0.00249477,0,0,0.113704,0.975104,34,13,0.529412,0,0,0,0.0125,0.8,0.1875,0,0,0
1,table_pick,61,qpEnvelope,1,1,0.00481065,243,7,7.3008,489,489,0,0.000924592,0.00249477,0,0,0.0300444,0.26749,1,1,7,0,0,0,0.72428,0.259259,0.0164609,243,67234,232
1,table_pick,85,isSafe,1,1,0.059338,8858,45,11.6105,7,582,0,0.00242749,0.00249477,0,0,0,0,152,42,0.296053,0,0,0,0,0,0,0,0,0
1,table_pick,85,qpFixed,1,1,0.0108294,632,7,7.97052,633,633,0,0.00477423,0.00249477,0,0,0.0126116,0,1,1,7,0,0,0,1,0,0,632,149937,141
1,table_pick,85,qpPlain,1,1,0.0115647,632,7,7.97052,633,633,0,0.00477423,0.00249477,0,0,0.0126116,0,1,1,7,0,0,0,1,0,0,632,216776,632
1,table_pick,85,qpAdaptive,1,1,0.00152481,82,7,7.97159,438,438,0,0.00476772,0.00249477,0,0,0.0972145,0.621951,1,1,7,0,0,0,0.365854,0.573171,0.0609756,82,23163,57
1,table_pick,85,qpFreeGate,1,1,0.221051,20813,72,20.445,1902,1902,0,0.00181635,0.00249477,0,0,0.00496574,0,161,57,0.447205,0,0,0,1,0,0,0,0,0
1,table_pick,85,qpFreeEnvelope,1,1,0.0353442,1169,75,11.3495,605,605,0,0.000620855,0.00249477,0,0,0.09513,0.952096,165,59,0.454545,0,0,0,0.0266552,0.809114,0.16423,0,0,0
1,table_pick,85,qpEnvelope,1,1,0.000791451,34,7,7.97426,417,417,0,0.00471669,0.00249477,0,0,0.234537,0.970588,1,1,7,0,0,0,0.0294118,0.823529,0.147059,34,9454,21
1,cage,9,isSafe,1,1,0.379243,91506,497,24.905,15,1247,0,0.00676557,0.00249477,0,0,0,0,2595,493,0.191522,0,0,0,0,0,0,0,0,0
1,cage,9,qpFixed,1,1,0.721971,51044,241,18.2258,1642,1642,0,0.000119957,0.00249477,0,0,0.00837514,0,214,147,1.12617,0,0,0,1,0,0,51012,13902058,45761
1,cage,9,qpPlain,1,1,0.751803,51044,241,18.2258,1642,1642,0,0.000119957,0.00249477,0,0,0.00837514,0,214,147,1.12617,0,0,0,1,0,0,51012,17497116,51012
1,cage,9,qpAdaptive,1,1,0.511149,34306,241,18.2216,1299,1299,0,0.000105439,0.00249477,0,0,0.0124339,0.239725,214,147,1.12617,0,0,0,0.758769,0.236884,0.00434783,34270,9219297,33395
1,cage,9,qpFreeGate,1,1,4.88687,607009,1407,24.8856,2709,2709,0,0.00350571,0.00249477,0,0,0.00359564,0,4953,1371,0.28407,0,0,0,1,0,0,0,0,0
1,cage,9,qpFreeEnvelope,1,1,0.507846,26729,1102,32.2117,1669,1669,0,0.000869728,0.00249477,0,0,0.0637143,0.903401,3922,1068,0.280979,0,0,0,0.0576348,0.825809,0.116556,0,0,0
1,cage,9,qpEnvelope,1,1,0.219498,13939,142,18.2291,1099,1099,0,0.000114611,0.00249477,0,0,0.0179165,0.219384,129,89,1.10078,0,0,0,0.778976,0.213187,0.00783722,13908,3770629,13722
1,cage,33,isSafe,1,1,0.0118708,3046,17,15.6436,9,784,0,0.0187532,0.00249477,0,0,0,0,36,13,0.472222,0,0,0,0,0,0,0,0,0
1,cage,33,qpFixed,1,1,0.11705,8619,52,27.7792,2618,2618,0,2.23978e-05,0.000203572,0,0,0.00964714,0,29,25,1.7931,0,0,0,1,0,0,8617,2436090,7397
1,cage,33,qpPlain,1,1,0.119313,8619,52,27.7792,2618,2618,0,2.23978e-05,0.000203572,0,0,0.00964714,0,29,25,1.7931,0,0,0,1,0,0,8617,2955631,8617
1,cage,33,qpAdaptive,1,1,0.0810267,5540,52,27.8731,2205,2205,0,2.04572e-05,0.000200363,0,0,0.0150386,0.315343,29,25,1.7931,0,0,0,0.682557,0.312026,0.00541712,5538,1612425,5358
1,cage,33,qpFreeGate,1,1,1.74467,223774,473,35.8885,3840,3840,0,0.00231634,0.00249477,0,0,0.00355865,0,1635,447,0.289297,0,0,0,1,0,0,0,0,0
1,cage,33,qpFreeEnvelope,1,1,0.142255,7337,295,26.8765,1456,1456,0,0.000116975,0.00249477,0,0,0.0668027,0.948071,1018,273,0.289784,0,0,0,0.0261025,0.835417,0.138481,0,0,0
1,cage,33,qpEnvelope,1,1,0.0523521,3318,53,27.8184,1875,1875,0,1.11331e-05,0.000341687,0,0,0.0251601,0.31947,29,25,1.82759,0,0,0,0.67813,0.308597,0.013273,3315,977721,3246
1,cage,57,isSafe,1,1,0.491518,125952,686,11.5388,7,578,0,0.00773714,0.00249477,0,0,0,0,3882,683,0.176713,0,0,0,0,0,0,0,0,0
1,cage,57,qpFixed,1,1,0.0300001,2345,19,16.8215,1417,1417,0,0.000418426,0.00249477,0,0,0.00995089,0,8,7,2.375,0,0,0,1,0,0,2345,622395,1559
1,cage,57,qpPlain,1,1,0.0316539,2345,19,16.8215,1417,1417,0,0.000418426,0.00249477,0,0,0.00995089,0,8,7,2.375,0,0,0,1,0,0,2345,804335,2345
1,cage,57,qpAdaptive,1,1,0.0167229,1190,18,16.8495,1137,1137,0,0.000366153,0.00249477,0,0,0.0196052,0.318487,8,7,2.25,0,0,0,0.676471,0.310084,0.0134454,1190,326492,1089
1,cage,57,qpFreeGate,1,1,0.856282,110584,315,15.5884,1803,1803,0,0.00274355,0.00249477,0,0,0.00451199,0,998,301,0.315631,0,0,0,1,0,0,0,0,0
1,cage,57,qpFreeEnvelope,1,1,0.730052,39226,1600,16.2565,863,863,0,1.27374e-07,0.00106549,0,0,0.0579777,0.901621,6042,1579,0.264813,0,0,0,0.0544039,0.848443,0.0971535,0,0,0
1,cage,57,qpEnvelope,1,1,0.0122103,814,18,16.8951,1065,1065,0,0.000249154,0.00249477,0,0,0.0286757,0.189189,8,7,2.25,0,0,0,0.805897,0.174447,0.019656,814,214917,774
1,cage,81,isSafe,1,1,0.0747048,19271,92,23.8325,13,1193,0,0.0104686,0.00249477,0,0,0,0,464,89,0.198276,0,0,0,0,0,0,0,0,0
1,cage,81,qpFixed,1,1,0.00934096,739,8,8.28927,740,740,0,0.0022062,0.00249477,0,0,0.0112169,0,1,1,8,0,0,0,1,0,0,739,199768,395
1,cage,81,qpPlain,1,1,0.00977305,739,8,8.28927,740,740,0,0.0022062,0.00249477,0,0,0.0112169,0,1,1,8,0,0,0,1,0,0,739,253477,739
1,cage,81,qpAdaptive,1,1,0.0038375,266,8,8.29984,559,559,0,0.0020752,0.00249477,0,0,0.0312024,0.548872,1,1,8,0,0,0,0.43985,0.537594,0.0225564,266,78317,234
1,cage,81,qpFreeGate,1,1,0.377387,49162,137,15.9668,1622,1622,0,0.00733714,0.00249477,0,0,0.00470919,0,381,123,0.35958,0,0,0,1,0,0,0,0,0
1,cage,81,qpFreeEnvelope,1,1,0.0352166,1833,107,12.2946,656,656,0,0.00139891,0.00249477,0,0,0.0978913,0.942171,270,92,0.396296,0,0,0,0.0295567,0.837986,0.132458,0,0,0
1,cage,81,qpEnvelope,1,1,0.0019562,122,8,8.32848,482,482,0,0.00139654,0.00249477,0,0,0.0682662,0.442623,1,1,8,0,0,0,0.557377,0.393443,0.0491803,122,35614,108
1,bookshelf_tall,25,isSafe,1,1,0.0905944,12113,62,25.0083,14,1252,0,0.00156116,0.00249477,0,0,0,0,247,58,0.251012,0,0,0,0,0,0,0,0,0
1,bookshelf_tall,25,qpFixed,1,1,0.133092,6325,43,14.7145,1248,1248,0,0.000501912,0.00249477,0,0,0.00937706,0,20,19,2.15,0,0,0,1,0,0,6321,1840282,5726
1,bookshelf_tall,25,qpPlain,1,1,0.138028,6325,43,14.7145,1248,1248,0,0.000501912,0.00249477,0,0,0.00937706,0,20,19,2.15,0,0,0,1,0,0,6321,2168103,6321
1,bookshelf_tall,25,qpAdaptive,1,1,0.110872,5040,61,21.9309,1527,1527,0,0.000451683,0.000787035,0,0,0.0159626,0.438095,26,25,2.34615,0,0,0,0.559659,0.430812,0.00952948,5037,1472766,4716
1,bookshelf_tall,25,qpFreeGate,1,1,0.373838,31304,89,18.3113,1679,1679,0,0.00117633,0.00249477,0,0,0.00481808,0,251,83,0.354582,0,0,0,1,0,0,0,0,0
1,bookshelf_tall,25,qpFreeEnvelope,1,1,0.0606818,1950,74,19.3024,1003,1003,0,0.00156116,0.00249477,0,0,0.0659717,0.958462,231,66,0.320346,0,0,0,0.0247934,0.86312,0.112087,0,0,0
1,bookshelf_tall,25,qpEnvelope,1,1,0.0693034,3024,58,21.9584,1365,1365,0,0.000325195,0.00101978,0,0,0.0262019,0.229828,26,24,2.23077,0,0,0,0.767958,0.215823,0.0162198,3021,867021,2950
1,bookshelf_tall,49,isSafe,1,1,0.0141134,1856,11,7.7469,5,389,0,0.00702697,0.00249477,0,0,0,0,28,8,0.392857,0,0,0,0,0,0,0,0,0
1,bookshelf_tall,49,qpFixed,1,1,0.0634185,3027,24,14.9684,1221,1221,0,0.00117976,0.00249477,0,0,0.0105737,0,9,9,2.66667,0,0,0,1,0,0,3027,755978,2481
1,bookshelf_tall,49,qpPlain,1,1,0.0669056,3027,24,14.9684,1221,1221,0,0.00117976,0.00249477,0,0,0.0105737,0,9,9,2.66667,0,0,0,1,0,0,3027,1038261,3027
1,bookshelf_tall,49,qpAdaptive,1,1,0.0382312,1719,21,14.9958,975,975,0,0.00117461,0.00249477,0,0,0.016957,0.300175,9,8,2.33333,0,0,0,0.698487,0.294529,0.00698487,1718,434927,1650
1,bookshelf_tall,49,qpFreeGate,1,1,0.0440194,3730,13,9.07018,671,671,0,0.00702697,0.00249477,0,0,0.00570318,0,28,9,0.464286,0,0,0,1,0,0,0,0,0
1,bookshelf_tall,49,qpFreeEnvelope,1,1,0.00768082,237,14,9.15762,471,471,0,0.00702697,0.00249477,0,0,0.089977,0.974684,28,9,0.5,0,0,0,0.0126582,0.831224,0.156118,0,0,0
1,bookshelf_tall,49,qpEnvelope,1,1,0.0219041,960,21,14.2407,811,811,0,0.0011593,0.00249477,0,0,0.0319358,0.185417,9,7,2.33333,0,0,0,0.813542,0.167708,0.01875,960,244443,934
1,bookshelf_tall,74,isSafe,1,1,0.557678,73078,403,19.6756,11,985,0,0.00268292,0.00249477,0,0,0,0,2232,400,0.180556,0,0,0,0,0,0,0,0,0
1,bookshelf_tall,74,qpFixed,1,1,0.0677555,3144,22,18.6061,1557,1557,0,0.00265171,5.49278e-06,0,0,0.009971,0,8,8,2.75,0,0,0,1,0,0,3144,945061,2634
1,bookshelf_tall,74,qpPlain,1,1,0.0680718,3144,22,18.6061,1557,1557,0,0.00265171,5.49278e-06,0,0,0.009971,0,8,8,2.75,0,0,0,1,0,0,3144,1078392,3144
1,bookshelf_tall,74,qpAdaptive,1,1,0.0493755,2201,26,19.0576,1437,1437,0,0.00265311,1.16346e-05,0,0,0.0145856,0.190822,8,8,3.25,0,0,0,0.80736,0.186733,0.00590641,2201,676206,2080
1,bookshelf_tall,74,qpFreeGate,1,1,1.42587,118856,299,24.7973,2232,2232,0,0.00291187,0.00249477,0,0,0.00428745,0,1056,293,0.283144,0,0,0,1,0,0,0,0,0
1,bookshelf_tall,74,qpFreeEnvelope,1,1,0.218689,6346,294,26.7427,1415,1415,0,0.00291047,0.00249477,0,0,0.0791907,0.956823,1032,279,0.284884,0,0,0,0.00558838,0.84145,0.152962,0,0,0
1,bookshelf_tall,74,qpEnvelope,1,1,0.0393509,1712,22,18.6842,1304,1304,0,0.00317145,5.29232e-06,0,0,0.0182389,0.10514,8,8,2.75,0,0,0,0.89486,0.0992991,0.00584112,1712,524363,1664
1,bookshelf_tall,100,isSafe,1,1,0.0557506,7230,36,13.0552,8,654,0,0.00192603,0.00249477,0,0,0,0,134,32,0.268657,0,0,0,0,0,0,0,0,0
1,bookshelf_tall,100,qpFixed,1,1,0.00729531,356,6,6.90852,530,530,0,0.00850853,0.00249477,0,0,0.019406,0,1,1,6,0,0,0,1,0,0,356,102238,74
1,bookshelf_tall,100,qpPlain,1,1,0.00742837,356,6,6.90852,530,530,0,0.00850853,0.00249477,0,0,0.019406,0,1,1,6,0,0,0,1,0,0,356,122108,356
1,bookshelf_tall,100,qpAdaptive,1,1,0.00200977,91,6,6.90843,394,394,0,0.00850853,0.00249477,0,0,0.0759168,0.681319,1,1,6,0,0,0,0.307692,0.648352,0.043956,91,29473,60
1,bookshelf_tall,100,qpFreeGate,1,1,0.697605,56539,109,20.7442,1927,1927,0,0.00974299,0.00167776,0,0,0.00331017,0,479,97,0.227557,0,0,0,1,0,0,0,0,0
1,bookshelf_tall,100,qpFreeEnvelope,1,1,0.0333772,980,48,10.509,555,555,0,0.00509406,0.00249477,0,0,0.0807065,0.954082,142,39,0.338028,0,0,0,0.0235415,0.811668,0.16479,0,0,0
1,bookshelf_tall,100,qpEnvelope,1,1,0.00100988,39,6,6.91181,364,364,0,0.00850853,0.00249477,0,0,0.177226,0.692308,1,1,6,0,0,0,0.307692,0.589744,0.102564,39,12606,26
1,bookshelf_thin,24,isSafe,1,1,0.0127925,1269,9,10.3729,7,520,0,0.00532612,0.0020289,0,0,0,0,5,2,1.8,0,0,0,0,0,0,0,0,0
1,bookshelf_thin,24,qpFixed,1,1,0.0274296,1107,13,11.831,957,957,0,0.0098452,0.00249477,0,0,0.0122959,0,2,2,6.5,0,0,0,1,0,0,1107,292480,359
1,bookshelf_thin,24,qpPlain,1,1,0.0282857,1107,13,11.831,957,957,0,0.0098452,0.00249477,0,0,0.0122959,0,2,2,6.5,0,0,0,1,0,0,1107,379701,1107
1,bookshelf_thin,24,qpAdaptive,1,1,0.00549342,205,11,11.8383,680,680,0,0.00984784,0.00249477,0,0,0.066392,0.902439,2,2,5.5,0,0,0,0.0926829,0.858537,0.0487805,205,56337,104
1,bookshelf_thin,24,qpFreeGate,1,1,0.0129476,892,11,8.89613,893,893,0,0.00363125,0.00249477,0,0,0.00997324,0,1,1,11,0,0,0,1,0,0,0,0,0
1,bookshelf_thin,24,qpFreeEnvelope,1,1,0.00228173,56,17,8.93685,475,475,0,0.00389526,0.00249477,0,0,0.159587,0.982143,1,1,17,0,0,0,0,0.732143,0.267857,0,0,0
1,bookshelf_thin,24,qpEnvelope,1,1,0.00168534,50,11,11.868,615,615,0,0.0109802,0.00249477,0,0,0.273417,0.98,2,2,5.5,0,0,0,0,0.8,0.2,50,14216,29
1,bookshelf_thin,48,isSafe,1,1,0.0615241,6076,32,19.8202,12,993,0,0.00373357,0.00249477,0,0,0,0,81,27,0.395062,0,0,0,0,0,0,0,0,0
1,bookshelf_thin,48,qpFixed,1,1,0.063298,2427,23,11.974,868,868,0,0.00351357,0.00188774,0,0,0.0115302,0,7,6,3.28571,0,0,0,1,0,0,2427,691427,1813
1,bookshelf_thin,48,qpPlain,1,1,0.0635263,2427,23,11.974,868,868,0,0.00351357,0.00188774,0,0,0.0115302,0,7,6,3.28571,0,0,0,1,0,0,2427,832461,2427
1,bookshelf_thin,48,qpAdaptive,1,1,0.030964,1135,20,11.9563,719,719,0,0.00352225,0.00179924,0,0,0.0246477,0.348018,7,6,2.85714,0,0,0,0.65022,0.333921,0.015859,1135,321231,1051
1,bookshelf_thin,48,qpFreeGate,1,1,0.26,17911,58,19.4055,1798,1798,0,0.00374608,0.000424624,0,0,0.00484253,0,102,49,0.568627,0,0,0,1,0,0,0,0,0
1,bookshelf_thin,48,qpFreeEnvelope,1,1,0.0444294,1089,71,26.7931,1391,1391,0,0.00374697,0.000330673,0,0,0.0998757,0.928375,125,57,0.568,0,0,0,0.0334572,0.833643,0.1329,0,0,0
1,bookshelf_thin,48,qpEnvelope,1,1,0.0182313,636,21,11.8786,646,646,0,0.0038122,0.000263908,0,0,0.0437254,0.22327,7,6,3,0,0,0,0.773585,0.194969,0.0314465,636,179175,605
1,bookshelf_thin,72,isSafe,1,1,0.0799096,7917,40,14.0227,9,703,0,0.00397123,0.00249477,0,0,0,0,136,36,0.294118,0,0,0,0,0,0,0,0,0
1,bookshelf_thin,72,qpFixed,1,1,0.0107913,438,6,5.32453,439,439,0,0.0013295,0.00249477,0,0,0.0121564,0,1,1,6,0,0,0,1,0,0,438,94781,207
1,bookshelf_thin,72,qpPlain,1,1,0.011494,438,6,5.32453,439,439,0,0.0013295,0.00249477,0,0,0.0121564,0,1,1,6,0,0,0,1,0,0,438,150234,438
1,bookshelf_thin,72,qpAdaptive,1,1,0.00567693,212,6,5.32717,355,355,0,0.0013295,0.00249477,0,0,0.0251282,0.160377,1,1,6,0,0,0,0.839623,0.146226,0.0141509,212,46763,198
1,bookshelf_thin,72,qpFreeGate,1,1,0.217677,15158,52,7.17982,538,538,0,0.00427816,0.00249477,0,0,0.00597291,0,136,49,0.382353,0,0,0,1,0,0,0,0,0
1,bookshelf_thin,72,qpFreeEnvelope,1,1,0.0396095,901,50,7.2448,378,378,0,0.00420173,0.00249477,0,0,0.102394,0.982242,136,47,0.367647,0,0,0,0,0.85078,0.14922,0,0,0
1,bookshelf_thin,72,qpEnvelope,1,1,0.00471838,172,6,5.34782,335,335,0,0.0013295,0.00249477,0,0,0.031092,0.0930233,1,1,6,0,0,0,0.906977,0.0755814,0.0174419,172,37907,164
1,bookshelf_thin,97,isSafe,1,1,0.0781462,7714,37,15.2457,9,764,0,0.00664231,0.00157992,0,0,0,0,142,33,0.260563,0,0,0,0,0,0,0,0,0
1,bookshelf_thin,97,qpFixed,1,1,0.0153374,606,7,8.37471,607,607,0,0.000736776,0.00249477,0,0,0.0138197,0,1,1,7,0,0,0,1,0,0,606,147012,253
1,bookshelf_thin,97,qpPlain,1,1,0.0158104,606,7,8.37471,607,607,0,0.000736776,0.00249477,0,0,0.0138197,0,1,1,7,0,0,0,1,0,0,606,207858,606
1,bookshelf_thin,97,qpAdaptive,1,1,0.00686432,250,7,8.37928,519,519,0,0.000736776,0.00249477,0,0,0.0335171,0.272,1,1,7,0,0,0,0.724,0.26,0.016,250,67546,223
1,bookshelf_thin,97,qpFreeGate,1,1,0.209029,14317,41,13.8928,1091,1091,0,0.00664343,0.00249477,0,0,0.00490824,0,90,36,0.455556,0,0,0,1,0,0,0,0,0
1,bookshelf_thin,97,qpFreeEnvelope,1,1,0.0342592,826,43,14.1408,729,729,0,0.00664788,0.00249477,0,0,0.0836936,0.984262,90,34,0.477778,0,0,0,0.00242718,0.868932,0.128641,0,0,0
1,bookshelf_thin,97,qpEnvelope,1,1,0.00532211,187,7,8.39028,491,491,0,0.000751217,0.00249477,0,0,0.0448678,0.149733,1,1,7,0,0,0,0.850267,0.128342,0.0213904,187,50040,172
1,table_under_pick,21,isSafe,1,1,0.0164918,2852,16,17.6805,10,886,0,0.00770066,0.00249477,0,0,0,0,35,12,0.457143,0,0,0,0,0,0,0,0,0
1,table_under_pick,21,qpFixed,1,1,0.0393677,2250,20,12.3999,1073,1073,0,0.00223876,0.00249477,0,0,0.0114688,0,5,5,4,0,0,0,1,0,0,2250,631728,2049
1,table_under_pick,21,qpPlain,1,1,0.0398225,2250,20,12.3999,1073,1073,0,0.00223876,0.00249477,0,0,0.0114688,0,5,5,4,0,0,0,1,0,0,2250,771750,2250
1,table_under_pick,21,qpAdaptive,1,1,0.0270418,1486,21,12.3967,937,937,0,0.00223082,0.00249477,0,0,0.0173634,0.381561,5,5,4.2,0,0,0,0.614401,0.376851,0.00874832,1486,415242,1449
1,table_under_pick,21,qpFreeGate,1,1,0.0701619,6912,22,19.0071,1884,1884,0,0.00770066,0.00033258,0,0,0.00426262,0,51,15,0.431373,0,0,0,1,0,0,0,0,0
1,table_under_pick,21,qpFreeEnvelope,1,1,0.00718044,261,26,19.7364,1034,1034,0,4.12234e-05,0.00249477,0,0,0.160145,0.885057,42,19,0.619048,0,0,0,0.0271318,0.821705,0.151163,0,0,0
1,table_under_pick,21,qpEnvelope,1,1,0.0141703,717,19,12.375,754,754,0,0.00220157,0.00249477,0,0,0.0360611,0.417015,5,5,3.8,0,0,0,0.580195,0.396095,0.0237099,717,206825,696
1,table_under_pick,45,isSafe,1,1,0.00846755,1467,10,10.1962,7,511,0,0.00298626,0.00249477,0,0,0,0,19,6,0.526316,0,0,0,0,0,0,0,0,0
1,table_under_pick,45,qpFixed,1,1,0.0258,1466,13,8.58843,759,759,0,0.00495388,7.19029e-05,0,0,0.00984068,0,4,4,3.25,0,0,0,1,0,0,1466,442823,1267
1,table_under_pick,45,qpPlain,1,1,0.031529,1466,13,8.58843,759,759,0,0.00495388,7.19029e-05,0,0,0.00984068,0,4,4,3.25,0,0,0,1,0,0,1466,502838,1466
1,table_under_pick,45,qpAdaptive,1,1,0.0161819,858,13,8.62322,669,669,0,0.0049635,7.13706e-05,0,0,0.017007,0.370629,4,4,3.25,0,0,0,0.628205,0.365967,0.00582751,858,263224,829
1,table_under_pick,45,qpFreeGate,1,1,0.0462619,4268,14,12.4019,1085,1085,0,0.00253572,0.000674275,0,0,0.0046276,0,25,9,0.56,0,0,0,1,0,0,0,0,0
1,table_under_pick,45,qpFreeEnvelope,1,1,0.00645858,193,20,15.3019,795,795,0,0.00253752,0.000474995,0,0,0.147706,0.854922,38,14,0.526316,0,0,0,0.0108696,0.826087,0.163043,0,0,0
1,table_under_pick,45,qpEnvelope,1,1,0.0170594,876,18,14.3103,897,897,0,0.00173054,5.27922e-05,0,0,0.0292552,0.259132,9,8,2,0,0,0,0.740868,0.242009,0.0171233,876,261809,846
1,table_under_pick,70,isSafe,1,1,0.0141978,2454,14,11.6711,7,585,0,0.00444,0.00249477,0,0,0,0,39,9,0.358974,0,0,0,0,0,0,0,0,0
1,table_under_pick,70,qpFixed,1,1,0.119518,6656,41,18.7287,1646,1646,0,4.65375e-06,0.00249477,0,0,0.00919206,0,21,18,1.95238,0,0,0,1,0,0,6655,1632238,6022
1,table_under_pick,70,qpPlain,1,1,0.125173,6656,41,18.7287,1646,1646,0,4.65375e-06,0.00249477,0,0,0.00919206,0,21,18,1.95238,0,0,0,1,0,0,6655,2282665,6655
1,table_under_pick,70,qpAdaptive,1,1,0.0793032,4287,39,18.8316,1370,1370,0,4.41034e-06,0.00249477,0,0,0.0135698,0.335433,21,17,1.85714,0,0,0,0.662074,0.332555,0.00537132,4285,1007394,4133
1,table_under_pick,70,qpFreeGate,1,1,0.1858,18290,54,14.2808,1303,1303,0,0.00160184,0.00249477,0,0,0.00477229,0,125,48,0.432,0,0,0,1,0,0,0,0,0
1,table_under_pick,70,qpFreeEnvelope,1,1,0.0221049,824,41,16.7975,880,880,0,0.000770091,0.00249477,0,0,0.082847,0.970874,99,36,0.414141,0,0,0,0.0170524,0.848965,0.133983,0,0,0
1,table_under_pick,70,qpEnvelope,1,1,0.0580749,3051,41,19.3358,1236,1236,0,3.50118e-06,0.00249477,0,0,0.0206897,0.275975,21,18,1.95238,0,0,0,0.721785,0.267717,0.0104987,3049,752806,2969
1,table_under_pick,94,isSafe,1,1,0.0126694,2228,13,7.42006,5,373,0,0.00483074,0.00249477,0,0,0,0,22,10,0.590909,0,0,0,0,0,0,0,0,0
1,table_under_pick,94,qpFixed,1,1,0.0456042,2475,18,13.1388,1060,1060,0,0.000472264,0.00249477,0,0,0.0111966,0,9,8,2,0,0,0,1,0,0,2475,713685,2170
1,table_under_pick,94,qpPlain,1,1,0.0442848,2475,18,13.1388,1060,1060,0,0.000472264,0.00249477,0,0,0.0111966,0,9,8,2,0,0,0,1,0,0,2475,848925,2475
1,table_under_pick,94,qpAdaptive,1,1,0.0301062,1623,18,13.093,905,905,0,0.000483505,0.00249477,0,0,0.017049,0.414048,9,8,2,0,0,0,0.582255,0.409735,0.00800986,1623,466779,1570
1,table_under_pick,94,qpFreeGate,1,1,0.0302443,3031,16,6.9384,588,588,0,0.00442285,0.00249477,0,0,0.00722824,0,22,11,0.727273,0,0,0,1,0,0,0,0,0
1,table_under_pick,94,qpFreeEnvelope,1,1,0.00445857,156,16,6.96908,370,370,0,0.00443338,0.00249477,0,0,0.143851,0.974359,22,11,0.727273,0,0,0,0.0192308,0.782051,0.198718,0,0,0
1,table_under_pick,94,qpEnvelope,1,1,0.0209147,1051,20,13.812,837,837,0,0.00102723,0.00249477,0,0,0.0272856,0.319696,9,8,2.22222,0,0,0,0.678402,0.304472,0.0171265,1051,311427,1024
1,bookshelf_small,19,isSafe,1,1,0.00524114,1310,9,6.70089,5,337,0,0.00023518,0.00249477,0,0,0,0,14,5,0.642857,0,0,0,0,0,0,0,0,0
1,bookshelf_small,19,qpFixed,1,1,0.0123317,942,15,6.25613,519,519,0,0.00604043,0.00249477,0,0,0.0111533,0,2,2,7.5,0,0,0,1,0,0,942,230932,543
1,bookshelf_small,19,qpPlain,1,1,0.0130854,942,15,6.25613,519,519,0,0.00604043,0.00249477,0,0,0.0111533,0,2,2,7.5,0,0,0,1,0,0,942,323106,942
1,bookshelf_small,19,qpAdaptive,1,1,0.00533718,373,15,6.23999,387,387,0,0.00604043,0.00249477,0,0,0.0281315,0.458445,2,2,7.5,0,0,0,0.530831,0.436997,0.0321716,373,91391,342
1,bookshelf_small,19,qpFreeGate,1,1,0.0290494,3473,15,15.0032,1383,1383,0,0.00126351,0.00249477,0,0,0.0062608,0,19,10,0.789474,0,0,0,1,0,0,0,0,0
1,bookshelf_small,19,qpFreeEnvelope,1,1,0.00466948,245,18,12.7179,682,682,0,0.000738601,0.00249477,0,0,0.101504,0.902041,25,11,0.72,0,0,0,0.0705394,0.80083,0.128631,0,0,0
1,bookshelf_small,19,qpEnvelope,1,1,0.001795,89,13,8.16811,426,426,0,0.00604043,0.00183161,0,0,0.202129,0.932584,3,3,4.33333,0,0,0,0.0449438,0.797753,0.157303,89,24383,62
1,bookshelf_small,45,isSafe,1,1,0.109566,27227,135,24.1557,14,1209,0,0.00856794,0.00249477,0,0,0,0,644,130,0.209627,0,0,0,0,0,0,0,0,0
1,bookshelf_small,45,qpFixed,1,1,0.0110721,832,7,7.76418,700,700,0,0.00222703,0.00249477,0,0,0.0101455,0,2,2,3.5,0,0,0,1,0,0,832,244945,449
1,bookshelf_small,45,qpPlain,1,1,0.0113547,832,7,7.76418,700,700,0,0.00222703,0.00249477,0,0,0.0101455,0,2,2,3.5,0,0,0,1,0,0,832,285376,832
1,bookshelf_small,45,qpAdaptive,1,1,0.00575171,368,7,7.78571,511,511,0,0.00220726,0.00249477,0,0,0.0229949,0.230978,2,2,3.5,0,0,0,0.763587,0.225543,0.0108696,368,117049,329
1,bookshelf_small,45,qpFreeGate,1,1,0.200877,23294,59,14.2118,1333,1333,0,0.00239772,0.00249477,0,0,0.00415971,0,161,52,0.36646,0,0,0,1,0,0,0,0,0
1,bookshelf_small,45,qpFreeEnvelope,1,1,0.0268314,1313,57,16.438,861,861,0,0.00212267,0.00249477,0,0,0.0736463,0.969535,163,48,0.349693,0,0,0,0.0122418,0.853099,0.13466,0,0,0
1,bookshelf_small,45,qpEnvelope,1,1,0.00398478,251,7,7.81035,466,466,0,0.00191031,0.00249477,0,0,0.0338768,0.219124,2,2,3.5,0,0,0,0.780876,0.203187,0.0159363,251,79812,231
1,bookshelf_small,69,isSafe,1,1,0.0345882,8429,41,11.6366,7,583,0,0.00603308,0.00249477,0,0,0,0,132,38,0.310606,0,0,0,0,0,0,0,0,0
1,bookshelf_small,69,qpFixed,1,1,0.0136655,1044,11,10.2181,755,755,0,0.00603308,0.00249477,0,0,0.0127278,0,6,4,1.83333,0,0,0,1,0,0,1038,321118,277
1,bookshelf_small,69,qpPlain,1,1,0.0137761,1044,11,10.2181,755,755,0,0.00603308,0.00249477,0,0,0.0127278,0,6,4,1.83333,0,0,0,1,0,0,1038,356034,1038
1,bookshelf_small,69,qpAdaptive,1,1,0.00390038,263,11,10.2201,567,567,0,0.00603308,0.00249477,0,0,0.0505313,0.425856,6,4,1.83333,0,0,0,0.55642,0.412451,0.0311284,257,83600,195
1,bookshelf_small,69,qpFreeGate,1,1,0.152462,17715,50,10.2458,821,821,0,0.00503246,0.00249477,0,0,0.004573,0,132,46,0.378788,0,0,0,1,0,0,0,0,0
1,bookshelf_small,69,qpFreeEnvelope,1,1,0.0213573,1010,49,10.8479,566,566,0,0.00603308,0.00249477,0,0,0.0803472,0.977228,132,46,0.371212,0,0,0,0.00796813,0.838645,0.153386,0,0,0
1,bookshelf_small,69,qpEnvelope,1,1,0.00287894,170,10,10.1958,528,528,0,0.00603308,0.00249477,0,0,0.0780373,0.194118,6,4,1.66667,0,0,0,0.79878,0.158537,0.0426829,164,53827,144
1,bookshelf_small,94,isSafe,1,1,0.0480061,12118,59,16.3683,10,820,0,0.00689971,0.000233695,0,0,0,0,318,55,0.185535,0,0,0,0,0,0,0,0,0
1,bookshelf_small,94,qpFixed,1,1,0.0353651,2533,15,12.3083,916,916,0,0.00577902,0.00249477,0,0,0.0100404,0,8,7,1.875,0,0,0,1,0,0,2533,714026,1810
1,bookshelf_small,94,qpPlain,1,1,0.0360765,2533,15,12.3083,916,916,0,0.00577902,0.00249477,0,0,0.0100404,0,8,7,1.875,0,0,0,1,0,0,2533,868819,2533
1,bookshelf_small,94,qpAdaptive,1,1,0.0222581,1423,15,12.3076,751,751,0,0.00580888,0.00249477,0,0,0.0178471,0.370344,8,7,1.875,0,0,0,0.625879,0.365682,0.00843882,1422,427391,1361
1,bookshelf_small,94,qpFreeGate,1,1,0.0398564,4623,15,12.3445,1287,1287,0,0.00689971,0.000129741,0,0,0.00445747,0,24,11,0.625,0,0,0,1,0,0,0,0,0
1,bookshelf_small,94,qpFreeEnvelope,1,1,0.00513303,270,14,11.2184,578,578,0,0.00689971,0.00249477,0,0,0.0755315,0.92963,24,10,0.583333,0,0,0,0.0559701,0.83209,0.11194,0,0,0
1,bookshelf_small,94,qpEnvelope,1,1,0.00413739,235,15,11.2135,624,624,0,0.00431595,0.00249477,0,0,0.0557154,0.497872,4,3,3.75,0,0,0,0.482906,0.465812,0.0512821,234,72260,225
1,box,18,isSafe,1,1,0.00786808,2064,12,11.8442,7,594,0,0.0102734,0.00249477,0,0,0,0,16,9,0.75,0,0,0,0,0,0,0,0,0
1,box,18,qpFixed,1,1,0.00691012,530,6,6.46436,531,531,0,0.001176,0.00249477,0,0,0.0121969,0,1,1,6,0,0,0,1,0,0,530,146740,272
1,box,18,qpPlain,1,1,0.00707849,530,6,6.46436,531,531,0,0.001176,0.00249477,0,0,0.0121969,0,1,1,6,0,0,0,1,0,0,530,181790,530
1,box,18,qpAdaptive,1,1,0.00355901,251,6,6.46459,415,415,0,0.00117198,0.00249477,0,0,0.0257553,0.410359,1,1,6,0,0,0,0.585657,0.398406,0.0159363,251,72370,231
1,box,18,qpFreeGate,1,1,0.0242652,3013,13,7.11696,716,716,0,0.0149198,0.00249477,0,0,0.00673308,0,16,9,0.8125,0,0,0,1,0,0,0,0,0
1,box,18,qpFreeEnvelope,1,1,0.00265389,128,13,7.41631,396,396,0,0.00970483,0.00249477,0,0,0.161096,0.992188,16,9,0.8125,0,0,0,0,0.796875,0.203125,0,0,0
1,box,18,qpEnvelope,1,1,0.00153524,97,6,6.46956,375,375,0,0.00104967,0.00249477,0,0,0.0666965,0.680412,1,1,6,0,0,0,0.319588,0.639175,0.0412371,97,28492,86
1,box,42,isSafe,1,1,0.00479613,1283,9,8.46148,6,425,0,0.0349193,0.00249477,0,0,0,0,18,5,0.5,0,0,0,0,0,0,0,0,0
1,box,42,qpFixed,1,1,0.0102527,846,7,7.27334,583,583,0,0.0180735,0.00249477,0,0,0.0112931,0,2,2,3.5,0,0,0,1,0,0,846,209743,374
1,box,42,qpPlain,1,1,0.010995,846,7,7.27334,583,583,0,0.0180735,0.00249477,0,0,0.0112931,0,2,2,3.5,0,0,0,1,0,0,846,290178,846
1,box,42,qpAdaptive,1,1,0.00290917,210,7,7.27295,398,398,0,0.0187064,0.00249477,0,0,0.045521,0.638095,2,2,3.5,0,0,0,0.361905,0.614286,0.0238095,210,55079,185
1,box,42,qpFreeGate,1,1,0.0725429,8987,28,9.35692,971,971,0,0.00685684,0.00249477,0,0,0.00443534,0,50,21,0.56,0,0,0,1,0,0,0,0,0
1,box,42,qpFreeEnvelope,1,1,0.00900873,436,32,11.581,610,610,0,0.000546441,0.00249477,0,0,0.111995,0.956422,59,22,0.542373,0,0,0,0.0276498,0.801843,0.170507,0,0,0
1,box,42,qpEnvelope,1,1,0.0014788,98,7,7.27096,376,376,0,0.0199475,0.00249477,0,0,0.0975435,0.397959,2,2,3.5,0,0,0,0.591837,0.357143,0.0510204,98,25401,89
1,box,66,isSafe,1,1,0.0345217,9167,47,20.0695,12,1005,0,0.0182241,0.00249477,0,0,0,0,152,43,0.309211,0,0,0,0,0,0,0,0,0
1,box,66,qpFixed,1,1,0.00787705,681,6,6.78026,682,682,0,0.00488333,0.00249477,0,0,0.00995633,0,1,1,6,0,0,0,1,0,0,681,153218,172
1,box,66,qpPlain,1,1,0.0088842,681,6,6.78026,682,682,0,0.00488333,0.00249477,0,0,0.00995633,0,1,1,6,0,0,0,1,0,0,681,233583,681
1,box,66,qpAdaptive,1,1,0.00122069,89,6,6.77567,385,385,0,0.00464582,0.00249477,0,0,0.0761312,0.831461,1,1,6,0,0,0,0.168539,0.797753,0.0337079,89,22368,61
1,box,66,qpFreeGate,1,1,0.104843,12591,35,13.6694,1135,1135,0,0.029903,0.00249477,0,0,0.0049549,0,71,28,0.492958,0,0,0,1,0,0,0,0,0
1,box,66,qpFreeEnvelope,1,1,0.012785,451,34,13.7589,703,703,0,0.019417,0.00249477,0,0,0.129893,0.984479,71,26,0.478873,0,0,0,0,0.830735,0.169265,0,0,0
1,box,66,qpEnvelope,1,1,0.000751703,44,6,6.76701,358,358,0,0.00401519,0.00249477,0,0,0.153796,0.886364,1,1,6,0,0,0,0.113636,0.795455,0.0909091,44,11141,30
1,box,90,isSafe,1,1,0.0100739,2375,14,12.5009,8,627,0,0.0467507,0.00249477,0,0,0,0,43,9,0.325581,0,0,0,0,0,0,0,0,0
1,box,90,qpFixed,1,1,0.00983714,657,6,6.60591,658,658,0,0.00133097,0.00249477,0,0,0.0100547,0,1,1,6,0,0,0,1,0,0,657,152670,246
1,box,90,qpPlain,1,1,0.00890636,657,6,6.60591,658,658,0,0.00133097,0.00249477,0,0,0.0100547,0,1,1,6,0,0,0,1,0,0,657,225351,657
1,box,90,qpAdaptive,1,1,0.001976,154,6,6.60063,421,421,0,0.00130273,0.00249477,0,0,0.0428612,0.603896,1,1,6,0,0,0,0.38961,0.584416,0.025974,154,36991,128
1,box,90,qpFreeGate,1,1,0.0612125,7421,23,13.7661,1025,1025,0,0.0146253,0.00249477,0,0,0.00476493,0,43,12,0.534884,0,0,0,1,0,0,0,0,0
1,box,90,qpFreeEnvelope,1,1,0.00528432,237,20,14.6188,749,749,0,0.0448884,0.00243537,0,0,0.151354,0.983122,43,12,0.465116,0,0,0,0,0.759494,0.240506,0,0,0
1,box,90,qpEnvelope,1,1,0.00113869,77,6,6.58923,376,376,0,0.00125548,0.00249477,0,0,0.0855744,0.597403,1,1,6,0,0,0,0.402597,0.545455,0.0519481,77,18651,65
1,table_pick,14,isSafe,1,1,0.0179566,3035,16,13.1775,8,660,0,0.00211828,0.00249477,0,0,0,0,40,12,0.4,0,0,0,0,0,0,0,0,0
1,table_pick,14,qpFixed,1,1,0.0116752,753,7,9.40687,754,754,0,0.00642111,0.00249477,0,0,0.0124925,0,1,1,7,0,0,0,1,0,0,753,169981,109
1,table_pick,14,qpPlain,1,1,0.0126694,753,7,9.40687,754,754,0,0.00642111,0.00249477,0,0,0.0124925,0,1,1,7,0,0,0,1,0,0,753,258279,753
1,table_pick,14,qpAdaptive,1,1,0.00107367,62,7,9.40996,500,500,0,0.00641887,0.00249477,0,0,0.151774,0.758065,1,1,7,0,0,0,0.241935,0.677419,0.0806452,62,16417,34
1,table_pick,14,qpFreeGate,1,1,0.0428444,4170,18,12.8789,1026,1026,0,0.00190901,0.00249477,0,0,0.00639743,0,23,10,0.782609,0,0,0,1,0,0,0,0,0
1,table_pick,14,qpFreeEnvelope,1,1,0.00690482,265,18,13.7419,727,727,0,0.0019579,0.00249477,0,0,0.101135,0.984906,28,13,0.642857,0,0,0,0.00757576,0.859848,0.132576,0,0,0
1,table_pick,14,qpEnvelope,1,1,0.000834117,35,7,9.41457,488,488,0,0.00634096,0.00249477,0,0,0.268988,0.971429,1,1,7,0,0,0,0.0285714,0.828571,0.142857,35,9171,18
1,table_pick,38,isSafe,1,1,0.0380934,6557,33,16.3862,10,821,0,0.00306208,0.00249477,0,0,0,0,85,28,0.388235,0,0,0,0,0,0,0,0,0
1,table_pick,38,qpFixed,1,1,0.0131295,800,8,9.35615,801,801,0,0.000728744,0.00249477,0,0,0.0116952,0,1,1,8,0,0,0,1,0,0,800,193460,390
1,table_pick,38,qpPlain,1,1,0.0138071,800,8,9.35615,801,801,0,0.000728744,0.00249477,0,0,0.0116952,0,1,1,8,0,0,0,1,0,0,800,274400,800
1,table_pick,38,qpAdaptive,1,1,0.00425652,234,8,9.36265,580,580,0,0.000725887,0.00249477,0,0,0.0400113,0.491453,1,1,8,0,0,0,0.504274,0.470085,0.025641,234,63029,213
1,table_pick,38,qpFreeGate,1,1,0.214801,20467,64,16.6228,1230,1230,0,0.000877755,0.00249477,0,0,0.00515576,0,167,55,0.383234,0,0,0,1,0,0,0,0,0
1,table_pick,38,qpFreeEnvelope,1,1,0.0290545,1022,61,16.5945,863,863,0,0.000639934,0.00249477,0,0,0.102035,0.960861,167,53,0.365269,0,0,0,0.0138067,0.802761,0.183432,0,0,0
1,table_pick,38,qpEnvelope,1,1,0.00274342,142,8,9.38041,542,542,0,0.000620252,0.00249477,0,0,0.0660592,0.34507,1,1,8,0,0,0,0.65493,0.302817,0.0422535,142,38935,131
1,table_pick,62,isSafe,1,1,0.0107234,1843,10,9.32484,6,468,0,0.0020136,0.00249477,0,0,0,0,14,6,0.714286,0,0,0,0,0,0,0,0,0
1,table_pick,62,qpFixed,1,1,0.0152331,990,13,8.64615,729,729,0,0.00683041,0.00249477,0,0,0.0116008,0,2,2,6.5,0,0,0,1,0,0,990,219401,246
1,table_pick,62,qpPlain,1,1,0.016819,990,13,8.64615,729,729,0,0.00683041,0.00249477,0,0,0.0116008,0,2,2,6.5,0,0,0,1,0,0,990,339570,990
1,table_pick,62,qpAdaptive,1,1,0.00150592,84,10,8.68117,471,471,0,0.00683567,0.00249477,0,0,0.136834,0.821429,2,2,5,0,0,0,0.178571,0.714286,0.107143,84,22445,43
1,table_pick,62,qpFreeGate,1,1,0.0379223,3461,16,18.882,1459,1459,0,0.00242545,0.00249477,0,0,0.00725895,0,21,9,0.761905,0,0,0,1,0,0,0,0,0
1,table_pick,62,qpFreeEnvelope,1,1,0.00550969,208,16,18.9184,978,978,0,0.00239432,0.00249477,0,0,0.122349,0.990385,21,9,0.761905,0,0,0,0.00480769,0.860577,0.134615,0,0,0
1,table_pick,62,qpEnvelope,1,1,0.00107238,48,10,8.74657,457,457,0,0.00181792,0.00249477,0,0,0.241087,0.979167,2,2,5,0,0,0,0.0208333,0.791667,0.1875,48,12316,30
1,table_pick,86,isSafe,1,1,0.00308896,545,5,5.4027,4,272,0,0.002761,0.00249477,0,0,0,0,1,1,5,0,0,0,0,0,0,0,0,0
1,table_pick,86,qpFixed,1,1,0.00510191,325,5,5.42204,326,326,0,0.00737847,0.00249477,0,0,0.0166832,0,1,1,5,0,0,0,1,0,0,325,77335,25
1,table_pick,86,qpPlain,1,1,0.00537539,325,5,5.42204,326,326,0,0.00737847,0.00249477,0,0,0.0166832,0,1,1,5,0,0,0,1,0,0,325,111475,325
1,table_pick,86,qpAdaptive,1,1,0.000951259,57,5,5.42204,294,294,0,0.00737847,0.00249477,0,0,0.0951236,0.421053,1,1,5,0,0,0,0.578947,0.368421,0.0526316,57,15966,25
1,table_pick,86,qpFreeGate,1,1,0.118287,11388,34,9.35415,810,810,0,0.00621711,0.00249477,0,0,0.00523376,0,81,29,0.419753,0,0,0,1,0,0,0,0,0
1,table_pick,86,qpFreeEnvelope,1,1,0.0182047,699,33,9.35279,507,507,0,0.002222,0.00249477,0,0,0.0837327,0.928469,81,28,0.407407,0,0,0,0.0503597,0.828777,0.120863,0,0,0
1,table_pick,86,qpEnvelope,1,1,0.00070211,35,5,5.42211,291,291,0,0.00742355,0.00249477,0,0,0.154918,0.771429,1,1,5,0,0,0,0.228571,0.685714,0.0857143,35,9885,19
1,cage,10,isSafe,1,1,0.794482,192047,1182,27.3273,16,1368,0,0.0022322,0.00249477,0,0,0,0,6892,1179,0.171503,0,0,0,0,0,0,0,0,0
1,cage,10,qpFixed,1,1,0.438833,30660,142,23.4241,1828,1828,0,0.00063778,0.000758337,0,0,0.00850023,0,129,86,1.10078,0,0,0,1,0,0,30643,8426895,27403
1,cage,10,qpPlain,1,1,0.444691,30660,142,23.4241,1828,1828,0,0.00063778,0.000758337,0,0,0.00850023,0,129,86,1.10078,0,0,0,1,0,0,30643,10510549,30643
1,cage,10,qpAdaptive,1,1,0.302326,20289,143,23.4774,1484,1484,0,0.000650265,0.000669365,0,0,0.0128916,0.257627,129,87,1.10853,0,0,0,0.740516,0.254551,0.00493316,20271,5534873,19822
1,cage,10,qpFreeGate,1,0,10.0008,1231988,2664,0,0,0,0,inf,inf,0,0,0.00317627,0,10115,2632,0.263371,0,0,0,1,0,0,0,0,0
1,cage,10,qpFreeEnvelope,1,1,1.4857,76667,2922,25.7919,1375,1375,0,0.000123393,0.00249477,0,0,0.0532346,0.921844,11491,2871,0.254286,0,0,0,0.0404669,0.836176,0.123357,0,0,0
1,cage,10,qpEnvelope,1,1,0.247618,16047,140,23.6221,1293,1293,0,0.000618901,0.00117867,0,0,0.0162288,0.195239,129,86,1.08527,0,0,0,0.802944,0.190069,0.00698646,16031,4291076,15864
1,cage,34,isSafe,1,1,0.0771888,20037,101,16.8608,10,845,0,0.00790926,0.00249477,0,0,0,0,495,96,0.20404,0,0,0,0,0,0,0,0,0
1,cage,34,qpFixed,1,1,0.1433,10658,59,15.5291,1514,1514,0,6.72977e-05,0.00249477,0,0,0.00931681,0,37,30,1.59459,0,0,0,1,0,0,10654,2944358,9428
1,cage,34,qpPlain,1,1,0.147408,10658,59,15.5291,1514,1514,0,6.72977e-05,0.00249477,0,0,0.00931681,0,37,30,1.59459,0,0,0,1,0,0,10654,3654322,10654
1,cage,34,qpAdaptive,1,1,0.0871141,6144,59,15.5474,1140,1140,0,6.85628e-05,0.00249477,0,0,0.0163559,0.420085,37,30,1.59459,0,0,0,0.576616,0.41687,0.0065136,6141,1684964,5967
1,cage,34,qpFreeGate,1,1,1.5138,190886,420,11.1421,1072,1072,0,0.00660537,0.00249477,0,0,0.00378493,0,1419,403,0.295983,0,0,0,1,0,0,0,0,0
1,cage,34,qpFreeEnvelope,1,1,0.213323,11050,465,22.2501,1214,1214,0,0.000490892,0.00249477,0,0,0.0706046,0.905249,1619,436,0.287214,0,0,0,0.0527424,0.816867,0.130391,0,0,0
1,cage,34,qpEnvelope,1,1,0.0575907,3812,59,15.5899,1037,1037,0,8.25067e-05,0.00249477,0,0,0.0265118,0.375131,37,30,1.59459,0,0,0,0.621948,0.3644,0.0136519,3809,1033239,3729
1,cage,58,isSafe,1,1,1.43901,365665,2379,27.4727,16,1375,0,0.000597194,0.000295062,0,0,0,0,13272,2375,0.17925,0,0,0,0,0,0,0,0,0
1,cage,58,qpFixed,1,1,0.0501364,3961,22,15.0158,1231,1231,0,0.00112516,0.00249477,0,0,0.00976599,0,14,11,1.57143,0,0,0,1,0,0,3960,965904,3250
1,cage,58,qpPlain,1,1,0.0535434,3961,22,15.0158,1231,1231,0,0.00112516,0.00249477,0,0,0.00976599,0,14,11,1.57143,0,0,0,1,0,0,3960,1358280,3960
1,cage,58,qpAdaptive,1,1,0.0260665,1933,22,15.0022,980,980,0,0.00109375,0.00249477,0,0,0.0199288,0.457838,14,11,1.57143,0,0,0,0.539855,0.451346,0.00879917,1932,469503,1860
1,cage,58,qpFreeGate,1,0,10.0003,1249517,2883,0,0,0,0,inf,inf,0,0,0.00316298,0,10830,2868,0.266205,0,0,0,1,0,0,0,0,0
1,cage,58,qpFreeEnvelope,1,1,0.399074,20771,855,21.5768,1146,1146,0,0.00137732,0.00249477,0,0,0.0638807,0.96057,3034,843,0.281806,0,0,0,0.00914397,0.875924,0.114932,0,0,0
1,cage,58,qpEnvelope,1,1,0.0167615,1170,23,14.9612,890,890,0,0.000841624,0.00249477,0,0,0.0329862,0.358974,14,11,1.64286,0,0,0,0.638152,0.341317,0.0205304,1169,279800,1142
1,cage,82,isSafe,1,1,0.120052,31132,157,19.8828,11,996,0,0.00713766,0.00249477,0,0,0,0,718,153,0.218663,0,0,0,0,0,0,0,0,0
1,cage,82,qpFixed,1,1,0.0196888,1499,12,10.9689,944,944,0,0.000654211,0.00249477,0,0,0.011518,0,3,3,4,0,0,0,1,0,0,1499,432712,1020
1,cage,82,qpPlain,1,1,0.0199186,1499,12,10.9689,944,944,0,0.000654211,0.00249477,0,0,0.011518,0,3,3,4,0,0,0,1,0,0,1499,514157,1499
1,cage,82,qpAdaptive,1,1,0.00974578,680,12,10.9751,760,760,0,0.000586533,0.00249477,0,0,0.0254229,0.291176,3,3,4,0,0,0,0.705882,0.279412,0.0147059,680,206634,608
1,cage,82,qpFreeGate,1,1,2.34906,294629,665,31.7434,3111,3111,0,0.00370329,0.00249477,0,0,0.00362645,0,2354,651,0.282498,0,0,0,1,0,0,0,0,0
1,cage,82,qpFreeEnvelope,1,1,0.198902,10222,451,19.6124,1055,1055,0,0.00162576,0.000557203,0,0,0.0707643,0.92252,1616,436,0.279084,0,0,0,0.0350738,0.84841,0.116516,0,0,0
1,cage,82,qpEnvelope,1,1,0.00813178,546,12,10.9911,715,715,0,0.000399259,0.00249477,0,0,0.0316734,0.164835,3,3,4,0,0,0,0.833333,0.148352,0.018315,546,166789,511
1,bookshelf_tall,26,isSafe,1,1,0.0396276,5197,28,14.4482,9,724,0,0.00770846,0.00249477,0,0,0,0,93,24,0.301075,0,0,0,0,0,0,0,0,0
1,bookshelf_tall,26,qpFixed,1,1,0.052373,2464,20,11.963,904,904,0,0.00573911,0.000683596,0,0,0.0100435,0,6,6,3.33333,0,0,0,1,0,0,2464,722679,2119
1,bookshelf_tall,26,qpPlain,1,1,0.0523181,2464,20,11.963,904,904,0,0.00573911,0.000683596,0,0,0.0100435,0,6,6,3.33333,0,0,0,1,0,0,2464,845152,2464
1,bookshelf_tall,26,qpAdaptive,1,1,0.0302336,1369,20,11.9675,762,762,0,0.00573911,0.000683181,0,0,0.018121,0.494522,6,6,3.33333,0,0,0,0.501096,0.489408,0.00949598,1369,418857,1332
1,bookshelf_tall,26,qpFreeGate,1,1,0.100635,8628,22,9.80787,847,847,0,0.00360455,0.00249477,0,0,0.00434939,0,60,18,0.366667,0,0,0,1,0,0,0,0,0
1,bookshelf_tall,26,qpFreeEnvelope,1,1,0.0155045,473,22,9.83077,511,511,0,0.00365377,0.00249477,0,0,0.0787498,0.987315,60,18,0.366667,0,0,0,0.00423729,0.834746,0.161017,0,0,0
1,bookshelf_tall,26,qpEnvelope,1,1,0.0153595,652,20,11.9162,651,651,0,0.00499969,0.000845218,0,0,0.0382806,0.42638,6,6,3.33333,0,0,0,0.569018,0.403374,0.0276074,652,199347,636
1,bookshelf_tall,50,isSafe,1,1,0.0378252,4918,25,17.0886,10,856,0,0.000586179,0.00249477,0,0,0,0,84,21,0.297619,0,0,0,0,0,0,0,0,0
1,bookshelf_tall,50,qpFixed,1,1,0.00902782,459,6,6.88431,460,460,0,0.00424377,0.00249477,0,0,0.0149985,0,1,1,6,0,0,0,1,0,0,459,128998,107
1,bookshelf_tall,50,qpPlain,1,1,0.00953862,459,6,6.88431,460,460,0,0.00424377,0.00249477,0,0,0.0149985,0,1,1,6,0,0,0,1,0,0,459,157437,459
1,bookshelf_tall,50,qpAdaptive,1,1,0.00239553,107,6,6.88425,394,394,0,0.00424377,0.00249477,0,0,0.0643388,0.738318,1,1,6,0,0,0,0.252336,0.71028,0.0373832,107,34381,79
1,bookshelf_tall,50,qpFreeGate,1,1,0.14891,12542,37,10.1186,796,796,0,0.00250156,0.00247369,0,0,0.00492887,0,88,34,0.420455,0,0,0,1,0,0,0,0,0
1,bookshelf_tall,50,qpFreeEnvelope,1,1,0.023393,696,35,15.6028,810,810,0,0.00226409,0.00249477,0,0,0.0904394,0.974138,85,29,0.411765,0,0,0,0.0144092,0.835735,0.149856,0,0,0
1,bookshelf_tall,50,qpEnvelope,1,1,0.00125656,44,6,6.88725,363,363,0,0.00424377,0.00249477,0,0,0.156528,0.75,1,1,6,0,0,0,0.25,0.659091,0.0909091,44,13945,32
1,bookshelf_tall,75,isSafe,1,1,0.0751217,8955,45,14.7849,9,741,0,0.00153877,0.00249477,0,0,0,0,210,41,0.214286,0,0,0,0,0,0,0,0,0
1,bookshelf_tall,75,qpFixed,1,1,0.0145303,676,7,7.57214,677,677,0,0.00153877,0.00249477,0,0,0.0112014,0,1,1,7,0,0,0,1,0,0,676,189123,374
1,bookshelf_tall,75,qpPlain,1,1,0.0151171,676,7,7.57214,677,677,0,0.00153877,0.00249477,0,0,0.0112014,0,1,1,7,0,0,0,1,0,0,676,231868,676
1,bookshelf_tall,75,qpAdaptive,1,1,0.00628902,265,7,7.56738,500,500,0,0.00153877,0.00249477,0,0,0.0285561,0.569811,1,1,7,0,0,0,0.422642,0.558491,0.0188679,265,81343,242
1,bookshelf_tall,75,qpFreeGate,1,1,0.455975,36618,77,17.2873,1869,1869,0,0.000645152,0.00249477,0,0,0.00379691,0,266,70,0.289474,0,0,0,1,0,0,0,0,0
1,bookshelf_tall,75,qpFreeEnvelope,1,1,0.079558,2425,82,14.002,755,755,0,0.000646264,0.00249477,0,0,0.0606161,0.943093,266,74,0.308271,0,0,0,0.041874,0.853648,0.104478,0,0,0
1,bookshelf_tall,75,qpEnvelope,1,1,0.00225502,82,7,7.57184,421,421,0,0.00153877,0.00249477,0,0,0.0923396,0.597561,1,1,7,0,0,0,0.390244,0.54878,0.0609756,82,25403,77
1,bookshelf_thin,1,isSafe,1,1,0.0514889,5043,27,13.3679,8,670,0,0.00689764,0.00249477,0,0,0,0,70,24,0.385714,0,0,0,0,0,0,0,0,0
1,bookshelf_thin,1,qpFixed,1,1,0.0510744,1983,13,14.8188,1309,1309,0,0.000476201,0.00249477,0,0,0.0103909,0,6,5,2.16667,0,0,0,1,0,0,1983,541146,1521
1,bookshelf_thin,1,qpPlain,1,1,0.0517897,1983,13,14.8188,1309,1309,0,0.000476201,0.00249477,0,0,0.0103909,0,6,5,2.16667,0,0,0,1,0,0,1983,680169,1983
1,bookshelf_thin,1,qpAdaptive,1,1,0.0295422,1093,13,14.8306,1078,1078,0,0.000481887,0.00249477,0,0,0.0188433,0.450137,6,5,2.16667,0,0,0,0.546203,0.444648,0.00914913,1093,308149,1039
1,bookshelf_thin,1,qpFreeGate,1,1,0.123404,8704,28,16.8366,1402,1402,0,0.00871751,0.00141738,0,0,0.00552122,0,59,23,0.474576,0,0,0,1,0,0,0,0,0
1,bookshelf_thin,1,qpFreeEnvelope,1,1,0.0201435,480,26,12.3613,642,642,0,0.00295935,0.00249477,0,0,0.0969374,0.977083,59,22,0.440678,0,0,0,0.00210526,0.846316,0.151579,0,0,0
1,bookshelf_thin,1,qpEnvelope,1,1,0.0141398,498,13,14.8944,892,892,0,0.00051282,0.00249477,0,0,0.0413286,0.363454,6,5,2.16667,0,0,0,0.628514,0.34739,0.0240964,498,141958,474
1,bookshelf_thin,25,isSafe,1,1,0.356495,32435,158,27.4488,16,1374,0,0.00563466,0.00249477,0,0,0,0,747,152,0.211513,0,0,0,0,0,0,0,0,0
1,bookshelf_thin,25,qpFixed,1,1,0.139814,4835,37,16.6949,1333,1333,0,0.000786416,0.00249477,0,0,0.0105794,0,16,15,2.3125,0,0,0,1,0,0,4832,1237951,4333
1,bookshelf_thin,25,qpPlain,1,1,0.145237,4835,37,16.6949,1333,1333,0,0.000786416,0.00249477,0,0,0.0105794,0,16,15,2.3125,0,0,0,1,0,0,4832,1657376,4832
1,bookshelf_thin,25,qpAdaptive,1,1,0.0918292,3068,37,16.6191,1141,1141,0,0.000786416,0.00249477,0,0,0.016729,0.316819,16,15,2.3125,0,0,0,0.67863,0.312561,0.00880914,3065,796594,2977
1,bookshelf_thin,25,qpFreeGate,1,1,0.253461,16845,51,19.4152,1625,1625,0,0.00125567,0.00249477,0,0,0.00535473,0,140,46,0.364286,0,0,0,1,0,0,0,0,0
1,bookshelf_thin,25,qpFreeEnvelope,1,1,0.050725,1209,50,20.1613,1086,1086,0,0.00125785,0.00249477,0,0,0.0742646,0.909843,140,45,0.357143,0,0,0,0.0679934,0.814262,0.117745,0,0,0
1,bookshelf_thin,25,qpEnvelope,1,1,0.0632926,2048,42,13.7465,757,757,0,0.000775743,0.00249477,0,0,0.0312252,0.219238,22,19,1.90909,0,0,0,0.778865,0.202055,0.0190802,2044,523171,1990
1,bookshelf_thin,49,isSafe,1,1,0.0661245,6435,33,9.09548,6,456,0,0.00525328,0.00249477,0,0,0,0,91,29,0.362637,0,0,0,0,0,0,0,0,0
1,bookshelf_thin,49,qpFixed,1,1,0.0115026,463,6,6.77259,464,464,0,0.00799706,0.00249477,0,0,0.0146276,0,1,1,6,0,0,0,1,0,0,463,129964,66
1,bookshelf_thin,49,qpPlain,1,1,0.0116785,463,6,6.77259,464,464,0,0.00799706,0.00249477,0,0,0.0146276,0,1,1,6,0,0,0,1,0,0,463,158809,463
1,bookshelf_thin,49,qpAdaptive,1,1,0.00223092,86,6,6.77412,384,384,0,0.00800531,0.00249477,0,0,0.0787688,0.767442,1,1,6,0,0,0,0.22093,0.732558,0.0465116,86,26525,47
1,bookshelf_thin,49,qpFreeGate,1,1,0.210111,14753,48,15.3178,1260,1260,0,0.00472294,0.00249477,0,0,0.0051823,0,91,37,0.527473,0,0,0,1,0,0,0,0,0
1,bookshelf_thin,49,qpFreeEnvelope,1,1,0.0315259,732,43,15.2,788,788,0,0.00489437,0.00249477,0,0,0.0976966,0.979508,91,35,0.472527,0,0,0,0.0109589,0.832877,0.156164,0,0,0
1,bookshelf_thin,49,qpEnvelope,1,1,0.00088002,26,6,6.78263,352,352,0,0.00914801,0.00249477,0,0,0.26087,1,1,1,6,0,0,0,0,0.846154,0.153846,26,7909,14
1,bookshelf_thin,73,isSafe,1,1,0.0834356,7654,39,9.58669,6,481,0,0.00550351,0.00249477,0,0,0,0,130,36,0.3,0,0,0,0,0,0,0,0,0
1,bookshelf_thin,73,qpFixed,1,1,0.00831369,323,5,5.06984,390,390,0,0.00233672,0.00249477,0,0,0.0156961,0,1,1,5,0,0,0,1,0,0,323,74049,151
1,bookshelf_thin,73,qpPlain,1,1,0.00867573,323,5,5.06984,390,390,0,0.00233672,0.00249477,0,0,0.0156961,0,1,1,5,0,0,0,1,0,0,323,110789,323
1,bookshelf_thin,73,qpAdaptive,1,1,0.00456585,169,5,5.07413,314,314,0,0.00233288,0.00249477,0,0,0.0300244,0.213018,1,1,5,0,0,0,0.781065,0.201183,0.0177515,169,38636,115
1,bookshelf_thin,73,qpFreeGate,1,1,0.258836,17608,61,11.376,854,854,0,0.00553662,0.00249477,0,0,0.00557971,0,130,54,0.469231,0,0,0,1,0,0,0,0,0
1,bookshelf_thin,73,qpFreeEnvelope,1,1,0.0426667,926,61,11.4816,592,592,0,0.00554069,0.00249477,0,0,0.105648,0.967603,130,53,0.469231,0,0,0,0.0130435,0.828261,0.158696,0,0,0
1,bookshelf_thin,73,qpEnvelope,1,1,0.0027839,100,5,5.08271,289,289,0,0.00232634,0.00249477,0,0,0.0508271,0.16,1,1,5,0,0,0,0.84,0.13,0.03,100,22545,87
1,bookshelf_thin,98,isSafe,1,1,0.0369613,3596,20,14.557,9,729,0,0.00221269,0.00249477,0,0,0,0,52,16,0.384615,0,0,0,0,0,0,0,0,0
1,bookshelf_thin,98,qpFixed,1,1,0.0295807,1119,14,9.83274,853,853,0,8.67235e-05,0.00249477,0,0,0.0105557,0,2,2,7,0,0,0,1,0,0,1119,290012,954
1,bookshelf_thin,98,qpPlain,1,1,0.0300889,1119,14,9.83274,853,853,0,8.67235e-05,0.00249477,0,0,0.0105557,0,2,2,7,0,0,0,1,0,0,1119,383817,1119
1,bookshelf_thin,98,qpAdaptive,1,1,0.0210915,775,15,9.8333,744,744,0,8.67235e-05,0.00249477,0,0,0.0152418,0.116129,2,2,7.5,0,0,0,0.87871,0.108387,0.0129032,775,198602,758
1,bookshelf_thin,98,qpFreeGate,1,1,0.367078,25969,64,15.2932,1318,1318,0,0.00132204,0.00249477,0,0,0.00452213,0,160,57,0.4,0,0,0,1,0,0,0,0,0
1,bookshelf_thin,98,qpFreeEnvelope,1,1,0.0513745,1230,65,15.51,817,817,0,0.000382334,0.00249477,0,0,0.0959561,0.936585,160,58,0.40625,0,0,0,0.0449346,0.815359,0.139706,0,0,0
1,bookshelf_thin,98,qpEnvelope,1,1,0.0508738,1820,23,12.7426,874,874,0,8.40889e-05,0.00249477,0,0,0.0216395,0.146703,14,10,1.64286,0,0,0,0.852666,0.137438,0.00989555,1819,446061,1790
1,table_under_pick,22,isSafe,1,1,0.0141083,2382,14,10.7821,7,541,0,0.00641874,0.00249477,0,0,0,0,32,10,0.4375,0,0,0,0,0,0,0,0,0
1,table_under_pick,22,qpFixed,1,1,0.0326061,1891,15,16.8042,1328,1328,0,6.54163e-05,0.00249477,0,0,0.0114852,0,5,5,3,0,0,0,1,0,0,1891,521285,1534
1,table_under_pick,22,qpPlain,1,1,0.0333148,1891,15,16.8042,1328,1328,0,6.54163e-05,0.00249477,0,0,0.0114852,0,5,5,3,0,0,0,1,0,0,1891,648613,1891
1,table_under_pick,22,qpAdaptive,1,1,0.0210642,1178,15,16.8068,1185,1185,0,6.53525e-05,0.00249477,0,0,0.0184429,0.340407,5,5,3,0,0,0,0.657895,0.333616,0.00848896,1178,314439,1118
1,table_under_pick,22,qpFreeGate,1,1,0.0502079,5099,25,14.33,1282,1282,0,0.00643333,0.00249477,0,0,0.00566337,0,33,14,0.757576,0,0,0,1,0,0,0,0,0
1,table_under_pick,22,qpFreeEnvelope,1,1,0.00753625,281,24,14.5354,768,768,0,0.00444861,0.00249477,0,0,0.103959,0.975089,33,14,0.727273,0,0,0,0,0.828571,0.171429,0,0,0
1,table_under_pick,22,qpEnvelope,1,1,0.0126402,678,16,17.307,1099,1099,0,6.03299e-05,0.00249477,0,0,0.0324444,0.342183,5,5,3.2,0,0,0,0.656342,0.323009,0.020649,678,176463,650
1,table_under_pick,46,isSafe,1,1,0.0154563,2611,15,15.0963,9,756,0,0.00293819,0.00249477,0,0,0,0,29,10,0.517241,0,0,0,0,0,0,0,0,0
1,table_under_pick,46,qpFixed,1,1,0.0135656,784,8,8.82704,785,785,0,0.000218838,0.00249477,0,0,0.011259,0,1,1,8,0,0,0,1,0,0,784,225092,622
1,table_under_pick,46,qpPlain,1,1,0.0136537,784,8,8.82704,785,785,0,0.000218838,0.00249477,0,0,0.011259,0,1,1,8,0,0,0,1,0,0,784,268912,784
1,table_under_pick,46,qpAdaptive,1,1,0.0106143,587,8,8.82388,723,723,0,0.000219754,0.00249477,0,0,0.0150322,0.180579,1,1,8,0,0,0,0.817717,0.177172,0.00511073,587,167581,552
1,table_under_pick,46,qpFreeGate,1,1,0.0620812,6275,28,13.8735,1274,1274,0,0.00591998,0.00103554,0,0,0.0050544,0,43,16,0.651163,0,0,0,1,0,0,0,0,0
1,table_under_pick,46,qpFreeEnvelope,1,1,0.0108839,412,36,18.8946,986,986,0,0.00558896,0.00146981,0,0,0.0945707,0.973301,45,18,0.8,0,0,0,0.00487805,0.834146,0.160976,0,0,0
1,table_under_pick,46,qpEnvelope,1,1,0.00690762,363,8,8.82401,616,616,0,0.000226779,0.00249477,0,0,0.0243086,0.176309,1,1,8,0,0,0,0.820937,0.165289,0.0137741,363,105690,350
1,table_under_pick,71,isSafe,1,1,0.0208975,3508,20,16.0398,10,803,0,0.00555954,0.00249477,0,0,0,0,63,15,0.31746,0,0,0,0,0,0,0,0,0
1,table_under_pick,71,qpFixed,1,1,0.0107725,675,14,9.33341,676,676,0,0.00496056,0.00249477,0,0,0.0138273,0,1,1,14,0,0,0,1,0,0,675,170570,333
1,table_under_pick,71,qpPlain,1,1,0.0114073,675,14,9.33341,676,676,0,0.00496056,0.00249477,0,0,0.0138273,0,1,1,14,0,0,0,1,0,0,675,231525,675
1,table_under_pick,71,qpAdaptive,1,1,0.0031233,173,14,9.30022,544,544,0,0.00479227,0.00249477,0,0,0.0537585,0.751445,1,1,14,0,0,0,0.225434,0.705202,0.0693642,173,45175,148
1,table_under_pick,71,qpFreeGate,1,1,0.0870998,8786,17,15.8488,1275,1275,0,0.00126549,0.00249477,0,0,0.00353766,0,72,12,0.236111,0,0,0,1,0,0,0,0,0
1,table_under_pick,71,qpFreeEnvelope,1,1,0.0134358,503,17,15.8751,825,825,0,0.00124908,0.00249477,0,0,0.0622291,0.966203,72,12,0.236111,0,0,0,0.0239044,0.836653,0.139442,0,0,0
1,table_under_pick,71,qpEnvelope,1,1,0.00145268,72,13,9.28426,498,498,0,0.00461448,0.00249477,0,0,0.128948,0.972222,1,1,13,0,0,0,0,0.847222,0.152778,72,19528,59
1,table_under_pick,95,isSafe,1,1,0.0129648,2184,13,14.9944,9,751,0,0.00661742,0.00249477,0,0,0,0,35,8,0.371429,0,0,0,0,0,0,0,0,0
1,table_under_pick,95,qpFixed,1,1,0.157499,9080,58,29.5802,2529,2529,0,0.000125846,5.99779e-05,0,0,0.00922425,0,32,24,1.8125,0,0,0,1,0,0,9079,2394504,8119
1,table_under_pick,95,qpPlain,1,1,0.162733,9080,58,29.5802,2529,2529,0,0.000125846,5.99779e-05,0,0,0.00922425,0,32,24,1.8125,0,0,0,1,0,0,9079,3114097,9079
1,table_under_pick,95,qpAdaptive,1,1,0.118454,6498,64,30.1929,2145,2145,0,7.0982e-06,0.00154032,0,0,0.0147239,0.345953,35,27,1.82857,0,0,0,0.650816,0.341336,0.00784857,6498,1737206,6225
1,table_under_pick,95,qpFreeGate,1,1,0.0360494,3651,13,12.4938,1062,1062,0,0.006551,0.0023381,0,0,0.00474716,0,31,7,0.419355,0,0,0,1,0,0,0,0,0
1,table_under_pick,95,qpFreeEnvelope,1,1,0.00554196,204,14,12.5703,669,669,0,0.00651402,0.00211024,0,0,0.0862942,0.990196,31,7,0.451613,0,0,0,0,0.794118,0.205882,0,0,0
1,table_under_pick,95,qpEnvelope,1,1,0.0835217,4355,57,27.0325,1725,1725,0,0.000265629,0.00249477,0,0,0.0224589,0.229621,38,29,1.5,0,0,0,0.768772,0.219288,0.0119403,4355,1178943,4300
1,bookshelf_small,20,isSafe,1,1,0.00696001,1681,11,12.0397,8,603,0,0.00142605,0.00249477,0,0,0,0,22,6,0.5,0,0,0,0,0,0,0,0,0
1,bookshelf_small,20,qpFixed,1,1,0.00479124,385,5,5.44201,386,386,0,0.00841635,0.00249477,0,0,0.0141351,0,1,1,5,0,0,0,1,0,0,385,102233,127
1,bookshelf_small,20,qpPlain,1,1,0.00514899,385,5,5.44201,386,386,0,0.00841635,0.00249477,0,0,0.0141351,0,1,1,5,0,0,0,1,0,0,385,132055,385
1,bookshelf_small,20,qpAdaptive,1,1,0.00158671,116,5,5.44228,329,329,0,0.00841635,0.00249477,0,0,0.0469162,0.75,1,1,5,0,0,0,0.25,0.724138,0.0258621,116,34334,85
1,bookshelf_small,20,qpFreeGate,1,1,0.0322008,3930,14,7.51688,686,686,0,0.00220566,0.00249477,0,0,0.00424383,0,22,8,0.636364,0,0,0,1,0,0,0,0,0
1,bookshelf_small,20,qpFreeEnvelope,1,1,0.00483311,265,15,7.33424,391,391,0,0.00209708,0.00249477,0,0,0.0625862,0.864151,22,8,0.681818,0,0,0,0.121212,0.768939,0.109848,0,0,0
1,bookshelf_small,20,qpEnvelope,1,1,0.000622055,33,5,5.4482,291,291,0,0.00841635,0.00249477,0,0,0.165097,1,1,1,5,0,0,0,0,0.909091,0.0909091,33,9773,23
1,bookshelf_small,46,isSafe,1,1,0.0369262,8351,42,12.3463,8,619,0,0.0044054,0.00249477,0,0,0,0,158,38,0.265823,0,0,0,0,0,0,0,0,0
1,bookshelf_small,46,qpFixed,1,1,0.00927594,713,7,8.48624,714,714,0,0.00151493,0.00249477,0,0,0.0119022,0,1,1,7,0,0,0,1,0,0,713,182178,230
1,bookshelf_small,46,qpPlain,1,1,0.00972641,713,7,8.48624,714,714,0,0.00151493,0.00249477,0,0,0.0119022,0,1,1,7,0,0,0,1,0,0,713,244559,713
1,bookshelf_small,46,qpAdaptive,1,1,0.00336597,219,7,8.48559,520,520,0,0.00152657,0.00249477,0,0,0.038747,0.474886,1,1,7,0,0,0,0.525114,0.456621,0.0182648,219,64976,185
1,bookshelf_small,46,qpFreeGate,1,1,0.175222,20531,59,19.977,1437,1437,0,0.0044069,0.00249477,0,0,0.00472017,0,158,53,0.373418,0,0,0,1,0,0,0,0,0
1,bookshelf_small,46,qpFreeEnvelope,1,1,0.0250424,1176,57,19.9319,1018,1018,0,0.00440538,0.00249477,0,0,0.0842208,0.971939,158,51,0.360759,0,0,0,0.0170794,0.843723,0.139197,0,0,0
1,bookshelf_small,46,qpEnvelope,1,1,0.000843101,47,7,8.39044,443,443,0,0.00467841,0.00249477,0,0,0.17852,0.893617,1,1,7,0,0,0,0.0851064,0.808511,0.106383,47,13736,34
1,bookshelf_small,70,isSafe,1,1,0.00278392,660,6,6.50817,5,327,0,0.00637414,0.00249477,0,0,0,0,5,1,1.2,0,0,0,0,0,0,0,0,0
1,bookshelf_small,70,qpFixed,1,1,0.0287147,2231,23,8.63964,548,548,0,0.00637414,0.00249477,0,0,0.0130549,0,7,7,3.28571,0,0,0,1,0,0,2231,609032,1271
1,bookshelf_small,70,qpPlain,1,1,0.0301254,2231,23,8.63964,548,548,0,0.00637414,0.00249477,0,0,0.0130549,0,7,7,3.28571,0,0,0,1,0,0,2231,765233,2231
1,bookshelf_small,70,qpAdaptive,1,1,0.0101494,702,23,8.64469,495,495,0,0.00637414,0.00249477,0,0,0.041551,0.72792,7,7,3.28571,0,0,0,0.264957,0.700855,0.034188,702,205373,528
1,bookshelf_small,70,qpFreeGate,1,1,0.00416734,503,9,5.82266,504,504,0,0.00637414,0.00249477,0,0,0.0115759,0,1,1,9,0,0,0,1,0,0,0,0,0
1,bookshelf_small,70,qpFreeEnvelope,1,1,0.00156017,79,11,9.0417,470,470,0,0.00637414,0.00249477,0,0,0.14734,0.987342,7,3,1.57143,0,0,0,0,0.860759,0.139241,0,0,0
1,bookshelf_small,70,qpEnvelope,1,1,0.0037096,204,21,8.62485,448,448,0,0.00637414,0.00249477,0,0,0.143379,0.745098,7,7,3,0,0,0,0.245098,0.637255,0.117647,204,61402,154
1,bookshelf_small,95,isSafe,1,1,0.0751374,18102,90,25.7938,14,1291,0,0.00197947,0.00249477,0,0,0,0,426,87,0.211268,0,0,0,0,0,0,0,0,0
1,bookshelf_small,95,qpFixed,1,1,0.0458134,3214,21,12.6831,1060,1060,0,0.000367028,0.00249477,0,0,0.00985241,0,12,10,1.75,0,0,0,1,0,0,3212,973218,2499
1,bookshelf_small,95,qpPlain,1,1,0.045977,3214,21,12.6831,1060,1060,0,0.000367028,0.00249477,0,0,0.00985241,0,12,10,1.75,0,0,0,1,0,0,3212,1101716,3212
1,bookshelf_small,95,qpAdaptive,1,1,0.0294501,1872,21,12.6752,908,908,0,0.000369688,0.00249477,0,0,0.0169326,0.485577,12,10,1.75,0,0,0,0.512299,0.479679,0.00802139,1870,582575,1795
1,bookshelf_small,95,qpFreeGate,1,1,0.35933,42905,98,30.404,2639,2639,0,0.00405265,0.000662588,0,0,0.00417863,0,289,90,0.3391,0,0,0,1,0,0,0,0,0
1,bookshelf_small,95,qpFreeEnvelope,1,1,0.0462394,2226,98,30.0005,1547,1547,0,0.00407687,0.000696262,0,0,0.0795891,0.956424,289,89,0.3391,0,0,0,0.027088,0.824379,0.148533,0,0,0
1,bookshelf_small,95,qpEnvelope,1,1,0.0185803,1126,21,12.6906,838,838,0,0.000367221,0.00249477,0,0,0.0282227,0.409414,12,10,1.75,0,0,0,0.586299,0.395907,0.0177936,1124,349865,1090
1,box,19,isSafe,1,1,0.00627294,1408,9,9.78569,6,491,0,0.0382801,0.00249477,0,0,0,0,11,6,0.818182,0,0,0,0,0,0,0,0,0
1,box,19,qpFixed,1,1,0.0210742,1595,15,10.9914,846,846,0,0.000623644,0.00249477,0,0,0.012015,0,4,4,3.75,0,0,0,1,0,0,1595,373185,1152
1,box,19,qpPlain,1,1,0.0227439,1595,15,10.9914,846,846,0,0.000623644,0.00249477,0,0,0.012015,0,4,4,3.75,0,0,0,1,0,0,1595,547085,1595
1,box,19,qpAdaptive,1,1,0.0108354,749,15,10.9951,717,717,0,0.000590119,0.00249477,0,0,0.0256497,0.41522,4,4,3.75,0,0,0,0.576769,0.405874,0.0173565,749,178519,712
1,box,19,qpFreeGate,1,1,0.0244452,2938,13,10.0769,1068,1068,0,0.00220878,0.00249477,0,0,0.00602171,0,13,7,1,0,0,0,1,0,0,0,0,0
1,box,19,qpFreeEnvelope,1,1,0.00917226,483,30,18.1145,957,957,0,0.00352861,0.00249477,0,0,0.0993094,0.929607,36,17,0.833333,0,0,0,0.0703934,0.811594,0.118012,0,0,0
1,box,19,qpEnvelope,1,1,0.00777747,509,16,11.043,659,659,0,0.000383793,0.00249477,0,0,0.0378908,0.212181,4,4,4,0,0,0,0.785855,0.18664,0.0275049,509,121604,495
1,box,43,isSafe,1,1,0.0109221,2728,16,12.4329,8,623,0,0.0538681,0.00249477,0,0,0,0,30,11,0.533333,0,0,0,0,0,0,0,0,0
1,box,43,qpFixed,1,1,0.00550287,471,5,5.24156,472,472,0,0.0149784,0.00249477,0,0,0.0111286,0,1,1,5,0,0,0,1,0,0,471,118133,138
1,box,43,qpPlain,1,1,0.00591242,471,5,5.24156,472,472,0,0.0149784,0.00249477,0,0,0.0111286,0,1,1,5,0,0,0,1,0,0,471,161553,471
1,box,43,qpAdaptive,1,1,0.000747323,53,5,5.25178,289,289,0,0.0165973,0.00249477,0,0,0.0990901,0.981132,1,1,5,0,0,0,0,0.943396,0.0566038,53,14599,28
1,box,43,qpFreeGate,1,1,0.0322126,4086,20,8.7407,892,892,0,0.0076846,0.00249477,0,0,0.00645732,0,18,12,1.11111,0,0,0,1,0,0,0,0,0
1,box,43,qpFreeEnvelope,1,1,0.00381872,192,20,8.80495,462,462,0,0.00342431,0.00249477,0,0,0.134374,0.979167,18,12,1.11111,0,0,0,0.0104167,0.859375,0.130208,0,0,0
1,box,43,qpEnvelope,1,1,0.00039081,24,5,5.26357,278,278,0,0.0188207,0.00249477,0,0,0.219315,1,1,1,5,0,0,0,0,0.875,0.125,24,6570,11
1,box,67,isSafe,1,1,0.00381617,949,7,9.32355,6,468,0,0.0331231,0.00249477,0,0,0,0,4,3,1.75,0,0,0,0,0,0,0,0,0
1,box,67,qpFixed,1,1,0.0159385,1272,9,9.38675,693,693,0,0.0838857,0.00249477,0,0,0.0111247,0,4,3,2.25,0,0,0,1,0,0,1272,329583,714
1,box,67,qpPlain,1,1,0.0169449,1272,9,9.38675,693,693,0,0.0838857,0.00249477,0,0,0.0111247,0,4,3,2.25,0,0,0,1,0,0,1272,436296,1272
1,box,67,qpAdaptive,1,1,0.00676959,482,9,9.3917,505,505,0,0.0841532,0.00249477,0,0,0.0293777,0.452282,4,3,2.25,0,0,0,0.547718,0.439834,0.0124481,482,123535,435
1,box,67,qpFreeGate,1,1,0.00894379,1136,9,9.38317,745,745,0,0.0436872,0.00249477,0,0,0.00910261,0,4,3,2.25,0,0,0,1,0,0,0,0,0
1,box,67,qpFreeEnvelope,1,1,0.000892658,39,9,9.37772,482,482,0,0.0397161,0.00249477,0,0,0.265612,1,4,3,2.25,0,0,0,0,0.74359,0.25641,0,0,0
1,box,67,qpEnvelope,1,1,0.0041556,279,9,9.39933,480,480,0,0.0784169,0.00249477,0,0,0.0508741,0.197133,4,3,2.25,0,0,0,0.802867,0.172043,0.0250896,279,70605,263
1,box,91,isSafe,1,1,0.0150141,3364,19,10.515,7,527,0,0.0208409,0.00249477,0,0,0,0,56,14,0.339286,0,0,0,0,0,0,0,0,0
1,box,91,qpFixed,1,1,0.0565377,4020,41,21.3545,1829,1829,0,0.000635641,0.00099893,0,0,0.0114516,0,12,12,3.41667,0,0,0,1,0,0,4020,1076689,3166
1,box,91,qpPlain,1,1,0.058266,4020,41,21.3545,1829,1829,0,0.000635641,0.00099893,0,0,0.0114516,0,12,12,3.41667,0,0,0,1,0,0,4020,1378860,4020
1,box,91,qpAdaptive,1,1,0.0314317,2101,43,21.3636,1374,1374,0,0.000601975,0.00089973,0,0,0.0219258,0.392194,12,12,3.58333,0,0,0,0.602094,0.379819,0.0180866,2101,570411,1925
1,box,91,qpFreeGate,1,1,0.239915,28405,76,26.1289,2171,2171,0,0.0210843,0.00249477,0,0,0.0042173,0,181,64,0.41989,0,0,0,1,0,0,0,0,0
1,box,91,qpFreeEnvelope,1,1,0.0256795,1236,62,16.294,839,839,0,0.00225104,0.00249477,0,0,0.0800677,0.933657,161,51,0.385093,0,0,0,0.0400327,0.83415,0.125817,0,0,0
1,box,91,qpEnvelope,1,1,0.0157586,958,32,21.3088,1265,1265,0,0.0004246,0.000661392,0,0,0.0474743,0.473904,12,12,2.66667,0,0,0,0.519833,0.443633,0.0365344,958,269074,887
1,table_pick,15,isSafe,1,1,0.0142565,2398,13,17.8612,10,895,0,0.00442625,0.00249477,0,0,0,0,22,9,0.590909,0,0,0,0,0,0,0,0,0
1,table_pick,15,qpFixed,1,1,0.00916511,599,6,7.06663,600,600,0,0.00609551,0.00249477,0,0,0.0117974,0,1,1,6,0,0,0,1,0,0,599,137659,125
1,table_pick,15,qpPlain,1,1,0.00987703,599,6,7.06663,600,600,0,0.00609551,0.00249477,0,0,0.0117974,0,1,1,6,0,0,0,1,0,0,599,205457,599
1,table_pick,15,qpAdaptive,1,1,0.00175281,104,6,7.06756,406,406,0,0.00609551,0.00249477,0,0,0.0679573,0.711538,1,1,6,0,0,0,0.278846,0.682692,0.0384615,104,25407,70
1,table_pick,15,qpFreeGate,1,1,0.0305014,3093,16,6.18067,568,568,0,0.00431471,0.00249477,0,0,0.00725309,0,22,11,0.727273,0,0,0,1,0,0,0,0,0
1,table_pick,15,qpFreeEnvelope,1,1,0.00497919,188,15,6.32767,343,343,0,0.00432242,0.00249477,0,0,0.115012,0.978723,22,10,0.681818,0,0,0,0.0159574,0.851064,0.132979,0,0,0
1,table_pick,15,qpEnvelope,1,1,0.000993403,50,6,7.07243,377,377,0,0.0061081,0.00249477,0,0,0.141449,1,1,1,6,0,0,0,0,0.92,0.08,50,12138,35
1,table_pick,39,isSafe,1,1,0.0131156,2213,13,12.8864,8,646,0,0.00342239,0.00249477,0,0,0,0,22,9,0.590909,0,0,0,0,0,0,0,0,0
1,table_pick,39,qpFixed,1,1,0.0112764,701,7,8.87114,702,702,0,0.000662972,0.00249477,0,0,0.012655,0,1,1,7,0,0,0,1,0,0,701,175472,336
1,table_pick,39,qpPlain,1,1,0.0117946,701,7,8.87114,702,702,0,0.000662972,0.00249477,0,0,0.012655,0,1,1,7,0,0,0,1,0,0,701,240443,701
1,table_pick,39,qpAdaptive,1,1,0.00414369,231,7,8.87198,558,558,0,0.000672067,0.00249477,0,0,0.0384069,0.419913,1,1,7,0,0,0,0.575758,0.402597,0.021645,231,65447,204
1,table_pick,39,qpFreeGate,1,1,0.0356093,3608,21,12.8207,1054,1054,0,0.00286511,0.00249477,0,0,0.00708143,0,22,12,0.954545,0,0,0,1,0,0,0,0,0
1,table_pick,39,qpFreeEnvelope,1,1,0.00554403,217,19,14.6221,758,758,0,0.00294863,0.00249477,0,0,0.134634,0.990783,23,13,0.826087,0,0,0,0,0.83871,0.16129,0,0,0
1,table_pick,39,qpEnvelope,1,1,0.00263102,133,7,8.87735,511,511,0,0.000592646,0.00249477,0,0,0.066747,0.338346,1,1,7,0,0,0,0.661654,0.300752,0.037594,133,38305,122
1,table_pick,63,isSafe,1,1,0.0127756,2157,12,7.66611,5,385,0,0.00631008,0.00249477,0,0,0,0,24,9,0.5,0,0,0,0,0,0,0,0,0
1,table_pick,63,qpFixed,1,1,0.0149213,889,7,8.82204,636,636,0,0.00410485,0.00249477,0,0,0.0112212,0,3,2,2.33333,0,0,0,1,0,0,889,229098,472
1,table_pick,63,qpPlain,1,1,0.0154896,889,7,8.82204,636,636,0,0.00410485,0.00249477,0,0,0.0112212,0,3,2,2.33333,0,0,0,1,0,0,889,304927,889
1,table_pick,63,qpAdaptive,1,1,0.00659932,366,7,8.84776,527,527,0,0.00412669,0.00249477,0,0,0.0274218,0.409836,3,2,2.33333,0,0,0,0.584699,0.401639,0.0136612,366,93223,334
1,table_pick,63,qpFreeGate,1,1,0.0349509,3501,22,7.07686,558,558,0,0.00630769,0.00249477,0,0,0.00670912,0,24,12,0.916667,0,0,0,1,0,0,0,0,0
1,table_pick,63,qpFreeEnvelope,1,1,0.00585181,214,23,7.06765,381,381,0,0.00630784,0.00249477,0,0,0.111129,0.976636,24,12,0.958333,0,0,0,0,0.82243,0.17757,0,0,0
1,table_pick,63,qpEnvelope,1,1,0.00261076,125,7,8.80348,470,470,0,0.00409597,0.00249477,0,0,0.0802832,0.568,3,2,2.33333,0,0,0,0.432,0.52,0.048,125,32650,111
1,table_pick,87,isSafe,1,1,0.0236291,3959,21,9.91335,6,497,0,0.00115253,0.00249477,0,0,0,0,50,18,0.42,0,0,0,0,0,0,0,0,0
1,table_pick,87,qpFixed,1,1,0.00836273,513,6,6.56867,514,514,0,0.00372007,0.00249477,0,0,0.0128044,0,1,1,6,0,0,0,1,0,0,513,143056,154
1,table_pick,87,qpPlain,1,1,0.00864465,513,6,6.56867,514,514,0,0.00372007,0.00249477,0,0,0.0128044,0,1,1,6,0,0,0,1,0,0,513,175959,513
1,table_pick,87,qpAdaptive,1,1,0.00212232,116,6,6.57015,391,391,0,0.00372007,0.00249477,0,0,0.0566392,0.603448,1,1,6,0,0,0,0.387931,0.577586,0.0344828,116,34233,78
1,table_pick,87,qpFreeGate,1,1,0.078475,7852,31,13.5495,1104,1104,0,0.00113438,0.00249477,0,0,0.00592694,0,51,21,0.607843,0,0,0,1,0,0,0,0,0
1,table_pick,87,qpFreeEnvelope,1,1,0.0111798,412,33,13.7085,719,719,0,0.001134,0.00249477,0,0,0.113263,0.963592,51,21,0.647059,0,0,0,0.00731707,0.831707,0.160976,0,0,0
1,table_pick,87,qpEnvelope,1,1,0.000982001,48,6,6.57791,353,353,0,0.00357307,0.00249477,0,0,0.13704,0.583333,1,1,6,0,0,0,0.416667,0.5,0.0833333,48,14026,36
1,cage,11,isSafe,1,1,1.11718,223865,1421,24.9842,15,1251,0,0.00077172,0.00194254,0,0,0,0,8657,1417,0.164145,0,0,0,0,0,0,0,0,0
1,cage,11,qpFixed,1,1,0.561658,35958,179,20.7013,1613,1613,0,0.000813177,0.00249477,0,0,0.00880152,0,145,107,1.23448,0,0,0,1,0,0,35946,10090699,31557
1,cage,11,qpPlain,1,1,0.571947,35958,179,20.7013,1613,1613,0,0.000813177,0.00249477,0,0,0.00880152,0,145,107,1.23448,0,0,0,1,0,0,35946,12329478,35946
1,cage,11,qpAdaptive,1,1,0.381589,23075,175,20.7282,1449,1449,0,0.000800344,0.00249477,0,0,0.0136814,0.281647,145,106,1.2069,0,0,0,0.716689,0.277674,0.00563673,23063,6472402,22385
1,cage,11,qpFreeGate,1,1,9.22908,1072011,2266,31.7007,3994,3994,0,0.000441724,0.00249477,0,0,0.0031285,0,8657,2223,0.261753,0,0,0,1,0,0,0,0,0
1,cage,11,qpFreeEnvelope,1,1,0.49404,23504,896,21.2085,1214,1214,0,0.000243579,0.00249477,0,0,0.059778,0.929246,3240,868,0.276543,0,0,0,0.0388712,0.839146,0.121983,0,0,0
1,cage,11,qpEnvelope,1,1,0.289752,16830,174,20.8012,1266,1266,0,0.000725775,0.00249477,0,0,0.0188476,0.259121,145,107,1.2,0,0,0,0.739461,0.251085,0.00945359,16819,4701342,16606
1,cage,35,isSafe,1,1,0.694886,169554,1012,18.1898,11,911,0,0.00631503,0.00249477,0,0,0,0,5320,1007,0.190226,0,0,0,0,0,0,0,0,0
1,cage,35,qpFixed,1,1,0.289425,21951,106,12.3351,997,997,0,0.000635344,0.00249477,0,0,0.00891543,0,85,64,1.24706,0,0,0,1,0,0,21943,5854300,18856
1,cage,35,qpPlain,1,1,0.299834,21951,106,12.3351,997,997,0,0.000635344,0.00249477,0,0,0.00891543,0,85,64,1.24706,0,0,0,1,0,0,21943,7526449,21943
1,cage,35,qpAdaptive,1,1,0.193895,13835,107,12.348,786,786,0,0.000576117,0.00249477,0,0,0.0142547,0.328298,85,64,1.25882,0,0,0,0.669873,0.324704,0.00542378,13828,3703652,13453
1,cage,35,qpFreeGate,1,1,1.32616,170578,414,23.3959,2682,2682,0,0.00262425,0.00249477,0,0,0.00412933,0,1272,397,0.325472,0,0,0,1,0,0,0,0,0
1,cage,35,qpFreeEnvelope,1,1,1.21058,62929,2615,26.14,1366,1366,0,0.000812075,0.00249477,0,0,0.0579505,0.919369,9691,2580,0.269838,0,0,0,0.042482,0.831326,0.126192,0,0,0
1,cage,35,qpEnvelope,1,1,0.14773,10117,108,12.4076,730,730,0,0.000319032,0.00249477,0,0,0.0195652,0.23762,85,64,1.27059,0,0,0,0.761424,0.229476,0.0090999,10110,2701522,9965
1,cage,59,isSafe,1,1,0.616909,151019,902,19.7453,12,989,0,0.021666,0.00249477,0,0,0,0,5197,898,0.173562,0,0,0,0,0,0,0,0,0
1,cage,59,qpFixed,1,1,0.200801,15087,84,25.3181,2039,2039,0,2.51895e-05,0.00219509,0,0,0.00891711,0,61,45,1.37705,0,0,0,1,0,0,15082,4071161,13101
1,cage,59,qpPlain,1,1,0.207589,15087,84,25.3181,2039,2039,0,2.51895e-05,0.00219509,0,0,0.00891711,0,61,45,1.37705,0,0,0,1,0,0,15082,5173126,15082
1,cage,59,qpAdaptive,1,1,0.13917,9848,84,25.3261,1810,1810,0,2.33473e-05,0.00218704,0,0,0.013705,0.313058,61,45,1.37705,0,0,0,0.684751,0.309966,0.00528294,9843,2668437,9612
1,cage,59,qpFreeGate,1,1,0.976305,125331,300,17.2663,2160,2160,0,0.000794202,0.00249477,0,0,0.0040105,0,903,272,0.332226,0,0,0,1,0,0,0,0,0
1,cage,59,qpFreeEnvelope,1,1,0.211861,11289,465,31.5133,1710,1710,0,0.000634545,0.00249477,0,0,0.0677634,0.907521,1526,439,0.304718,0,0,0,0.0616114,0.822946,0.115443,0,0,0
1,cage,59,qpEnvelope,1,1,0.194929,13310,137,29.2798,1777,1777,0,2.81111e-05,0.00224453,0,0,0.017806,0.213524,113,78,1.21239,0,0,0,0.785263,0.206241,0.00849624,13300,3512984,13095
1,cage,83,isSafe,1,1,1.25866,305437,1992,19.0355,12,953,0,0.00200707,0.00249477,0,0,0,0,10448,1987,0.190658,0,0,0,0,0,0,0,0,0
1,cage,83,qpFixed,1,1,0.549449,40883,198,19.0491,1603,1603,0,0.000792506,0.000885249,0,0,0.00891216,0,169,113,1.1716,0,0,0,1,0,0,40869,11125206,36181
1,cage,83,qpPlain,1,1,0.566581,40883,198,19.0491,1603,1603,0,0.000792506,0.000885249,0,0,0.00891216,0,169,113,1.1716,0,0,0,1,0,0,40869,14018067,40869
1,cage,83,qpAdaptive,1,1,0.412425,28864,198,19.0504,1236,1236,0,0.000632529,0.000873334,0,0,0.012653,0.248787,169,113,1.1716,0,0,0,0.749532,0.246066,0.00440208,28851,7877847,28110
1,cage,83,qpFreeGate,1,1,8.93118,1143746,2609,25.3273,3031,3031,0,0.00489119,0.000925747,0,0,0.0033245,0,9332,2560,0.279576,0,0,0,1,0,0,0,0,0
1,cage,83,qpFreeEnvelope,1,1,0.246285,13206,542,24.8016,1305,1305,0,0.000512329,0.00249477,0,0,0.0665471,0.914054,1814,517,0.298787,0,0,0,0.0567696,0.828316,0.114914,0,0,0
1,cage,83,qpEnvelope,1,1,0.135184,8677,107,15.8448,960,960,0,0.000186316,0.00249477,0,0,0.0211723,0.221275,75,60,1.42667,0,0,0,0.777316,0.211838,0.0108457,8668,2354862,8524
