seed,scene,problem,method,eligible,solved,seconds,samples,vertices,path_length,waypoints,audited_states,unsafe_states,min_clearance,min_self_overlap,self_colliding,misses,rad_per_call,coarse_fraction,primary_samples,productive_samples,vertices_per_sample,picard_attempts,picard_accepted,picard_fallbacks,hop_floored,hop_at_region,hop_edge_limited,qp_calls,qp_rows,qp_solves
1,bookshelf_tall,1,isSafe,1,1,0.00811097,1092,8,10.752,7,539,0,0.00785175,0.00249477,0,0,0,0,7,3,1.14286,0,0,0,0,0,0,0,0,0
1,bookshelf_tall,1,qpFixed,1,1,0.0129267,932,9,10.8809,764,764,0,0.00785175,0.00249477,0,0,0.0137534,0,2,2,4.5,0,0,0,1,0,0,932,231583,371
1,bookshelf_tall,1,qpPlain,1,1,0.0134886,932,9,10.8809,764,764,0,0.00785175,0.00249477,0,0,0.0137534,0,2,2,4.5,0,0,0,1,0,0,932,319676,932
1,bookshelf_tall,1,qpAdaptive,1,1,0.00518258,253,9,10.8682,617,617,0,0.00785175,0.00249477,0,0,0.0505782,0.889328,2,2,4.5,0,0,0,0.102767,0.869565,0.027668,253,68482,181
1,bookshelf_tall,1,qpFreeGate,1,1,0.0272985,1759,11,10.4508,1058,1058,0,0.00420662,0.00249477,0,0,0.00670018,0,7,5,1.57143,0,0,0,1,0,0,0,0,0
1,bookshelf_tall,1,qpEnvelope,1,1,0.000953211,83,9,10.8745,573,573,0,0.00785175,0.00249477,0,0,0.154689,0.86747,2,2,4.5,0,0,0,0.13253,0.783133,0.0843373,83,23533,58
1,bookshelf_tall,8,isSafe,1,1,0.0298046,3179,18,12.7542,8,639,0,0.00427847,0.00249477,0,0,0,0,38,13,0.473684,0,0,0,0,0,0,0,0,0
1,bookshelf_tall,8,qpFixed,1,1,0.0201676,1378,12,12.243,934,934,0,0.00105303,0.00249477,0,0,0.0121589,0,2,2,6,0,0,0,1,0,0,1378,367072,826
1,bookshelf_tall,8,qpPlain,1,1,0.0271988,1378,12,12.243,934,934,0,0.00105303,0.00249477,0,0,0.0121589,0,2,2,6,0,0,0,1,0,0,1378,472654,1378
1,bookshelf_tall,8,qpAdaptive,1,1,0.0164887,813,12,12.25,775,775,0,0.00105723,0.00249477,0,0,0.0206163,0.170972,2,2,6,0,0,0,0.829028,0.164822,0.00615006,813,217340,760
1,bookshelf_tall,8,qpFreeGate,1,1,0.0661781,5956,24,14.9621,1369,1369,0,0.00427847,0.00249477,0,0,0.00621475,0,38,17,0.631579,0,0,0,1,0,0,0,0,0
1,bookshelf_tall,8,qpEnvelope,1,1,0.0118666,597,12,12.2847,686,686,0,0.00101639,0.00249477,0,0,0.0281505,0.110553,2,2,6,0,0,0,0.889447,0.100503,0.0100503,597,154570,582
1,bookshelf_tall,15,isSafe,1,1,0.504629,22917,118,16.3734,10,820,0,0.00376763,0.00249477,0,0,0,0,904,114,0.130531,0,0,0,0,0,0,0,0,0
1,bookshelf_tall,15,qpFixed,1,1,0.192087,3116,21,14.7046,1293,1293,0,0.000637067,0.00249477,0,0,0.0104446,0,9,8,2.33333,0,0,0,1,0,0,3116,814528,2490
1,bookshelf_tall,15,qpPlain,1,1,0.189395,3116,21,14.7046,1293,1293,0,0.000637067,0.00249477,0,0,0.0104446,0,9,8,2.33333,0,0,0,1,0,0,3116,1068788,3116
1,bookshelf_tall,15,qpAdaptive,1,1,0.126085,2087,21,14.7391,1043,1043,0,0.000635056,0.00249477,0,0,0.0156325,0.166747,9,8,2.33333,0,0,0,0.832295,0.162913,0.00479157,2087,565773,2032
1,bookshelf_tall,15,qpFreeGate,1,1,0.30088,32784,71,17.4574,1887,1887,0,0.00127322,0.00249477,0,0,0.00345551,0,239,55,0.297071,0,0,0,1,0,0,0,0,0
1,bookshelf_tall,15,qpEnvelope,1,1,0.108185,1709,24,14.7051,905,905,0,0.000419686,0.00249477,0,0,0.0204936,0.0708016,9,9,2.66667,0,0,0,0.929198,0.0614394,0.0093622,1709,470272,1677
1,bookshelf_tall,23,isSafe,1,1,0.00692148,1491,10,10.1824,7,511,0,0.00392397,0.00249477,0,0,0,0,20,6,0.5,0,0,0,0,0,0,0,0,0
1,bookshelf_tall,23,qpFixed,1,1,0.00689899,866,8,8.51073,644,644,0,0.00824879,0.00249477,0,0,0.0125684,0,2,2,4,0,0,0,1,0,0,866,253045,467
1,bookshelf_tall,23,qpPlain,1,1,0.00711427,866,8,8.51073,644,644,0,0.00824879,0.00249477,0,0,0.0125684,0,2,2,4,0,0,0,1,0,0,866,297038,866
1,bookshelf_tall,23,qpAdaptive,1,1,0.00373778,421,8,8.50938,521,521,0,0.00824879,0.00249477,0,0,0.0258521,0.498812,2,2,4,0,0,0,0.496437,0.489311,0.0142518,421,126984,360
1,bookshelf_tall,23,qpFreeGate,1,1,0.0243403,3444,12,9.70553,1042,1042,0,0.000951604,0.00249477,0,0,0.00456876,0,20,6,0.6,0,0,0,1,0,0,0,0,0
1,bookshelf_tall,23,qpEnvelope,1,1,0.0015243,147,8,8.49254,469,469,0,0.00644832,0.00249477,0,0,0.0740168,0.619048,2,2,4,0,0,0,0.380952,0.571429,0.047619,147,44302,126
1,bookshelf_tall,31,isSafe,1,0,10.0007,2,1,0,0,0,0,inf,inf,0,0,0,0,0,0,0,0,0,0,0,0,0,0,0,0
1,bookshelf_tall,31,qpFixed,1,0,10.0025,717388,3102,0,0,0,0,inf,inf,0,0,0.00791611,0,11385,3100,0.272464,0,0,0,1,0,0,717388,212774230,632765
1,bookshelf_tall,31,qpPlain,1,0,10.0006,930957,3930,0,0,0,0,inf,inf,0,0,0.00769503,0,14909,3928,0.263599,0,0,0,1,0,0,930957,319318251,930957
1,bookshelf_tall,31,qpAdaptive,1,0,10.0033,1122330,5802,0,0,0,0,inf,inf,0,0,0.0092894,0.118084,23137,5800,0.250767,0,0,0,0.879257,0.117412,0.00333046,1122330,335686013,1093578
1,bookshelf_tall,31,qpFreeGate,1,0,10,1010399,2963,0,0,0,0,inf,inf,0,0,0.00365381,0,21151,2961,0.140088,0,0,0,1,0,0,0,0,0
1,bookshelf_tall,31,qpEnvelope,1,0,10.0023,756402,4508,0,0,0,0,inf,inf,0,0,0.0108729,0.0300131,17431,4506,0.25862,0,0,0,0.96921,0.0267434,0.00404616,756402,225283019,748968
1,bookshelf_tall,38,isSafe,1,0,10.0026,2,1,0,0,0,0,inf,inf,0,0,0,0,0,0,0,0,0,0,0,0,0,0,0,0
1,bookshelf_tall,38,qpFixed,1,0,10.0025,1073742,4524,0,0,0,0,inf,inf,0,0,0.00758794,0,17363,4522,0.260554,0,0,0,1,0,0,1073742,319306791,957877
1,bookshelf_tall,38,qpPlain,1,0,10.0009,871229,3722,0,0,0,0,inf,inf,0,0,0.00774935,0,13951,3720,0.266791,0,0,0,1,0,0,871229,298831547,871229
1,bookshelf_tall,38,qpAdaptive,1,0,10.0142,607413,3315,0,0,0,0,inf,inf,0,0,0.00996974,0.124793,12273,3313,0.270105,0,0,0,0.87237,0.124418,0.00321258,607413,182434023,591532
1,bookshelf_tall,38,qpFreeGate,1,0,10.0007,1030026,3053,0,0,0,0,inf,inf,0,0,0.00363091,0,21181,3051,0.144139,0,0,0,1,0,0,0,0,0
1,bookshelf_tall,38,qpEnvelope,1,0,10.0014,1036402,6080,0,0,0,0,inf,inf,0,0,0.0104112,0.0300395,24057,6078,0.252733,0,0,0,0.969189,0.0267791,0.00403223,1036402,310706188,1027114
1,bookshelf_tall,45,isSafe,1,0,10.0031,2,1,0,0,0,0,inf,inf,0,0,0,0,0,0,0,0,0,0,0,0,0,0,0,0
1,bookshelf_tall,45,qpFixed,1,0,10.0004,1210674,5267,0,0,0,0,inf,inf,0,0,0.00769847,0,19811,5265,0.265862,0,0,0,1,0,0,1210674,359269148,1057851
1,bookshelf_tall,45,qpPlain,1,0,10.0011,1095247,4791,0,0,0,0,inf,inf,0,0,0.00778257,0,17851,4789,0.268388,0,0,0,1,0,0,1095247,375669721,1095247
1,bookshelf_tall,45,qpAdaptive,1,0,10.0012,1136508,6114,0,0,0,0,inf,inf,0,0,0.00947282,0.105665,23461,6112,0.260603,0,0,0,0.891865,0.104772,0.00336294,1136508,340019542,1103948
1,bookshelf_tall,45,qpFreeGate,1,0,10.0004,1089397,3560,0,0,0,0,inf,inf,0,0,0.00391854,0,22761,3558,0.156408,0,0,0,1,0,0,0,0,0
1,bookshelf_tall,45,qpEnvelope,1,0,10.0001,990802,5870,0,0,0,0,inf,inf,0,0,0.0105205,0.0195639,22461,5868,0.261342,0,0,0,0.979933,0.016238,0.00382868,990802,296076517,980836
1,bookshelf_tall,52,isSafe,1,1,0.164244,35899,191,10.1278,7,508,0,0.00334816,0.00249477,0,0,0,0,1556,187,0.122751,0,0,0,0,0,0,0,0,0
1,bookshelf_tall,52,qpFixed,1,1,0.0117935,1423,14,11.1384,1015,1015,67,-0.000915304,0.00249477,0,0,0.0104014,0,3,3,4.66667,0,0,0,1,0,0,1423,424438,1003
1,bookshelf_tall,52,qpPlain,1,1,0.0118577,1423,14,11.1384,1015,1015,67,-0.000915304,0.00249477,0,0,0.0104014,0,3,3,4.66667,0,0,0,1,0,0,1423,488089,1423
1,bookshelf_tall,52,qpAdaptive,1,1,0.0106303,1141,28,16.8861,1136,1136,67,-0.000915304,0.00249477,0,0,0.0220047,0.399649,7,6,4,0,0,0,0.592463,0.38475,0.022787,1141,358809,1105
1,bookshelf_tall,52,qpFreeGate,1,1,0.205609,29286,67,18.7442,1645,1645,0,0.00377973,0.00249477,0,0,0.00380652,0,243,61,0.27572,0,0,0,1,0,0,0,0,0
1,bookshelf_tall,52,qpEnvelope,1,1,0.00540202,541,14,11.1231,748,748,61,-0.000755162,0.00249477,0,0,0.0273442,0.219963,3,3,4.66667,0,0,0,0.77634,0.201479,0.0221811,541,168880,522
1,bookshelf_tall,59,isSafe,1,0,10.0037,2,1,0,0,0,0,inf,inf,0,0,0,0,0,0,0,0,0,0,0,0,0,0,0,0
1,bookshelf_tall,59,qpFixed,1,0,10.0007,1206828,5220,0,0,0,0,inf,inf,0,0,0.00773275,0,19621,5218,0.266041,0,0,0,1,0,0,1206828,355944597,1049513
1,bookshelf_tall,59,qpPlain,1,0,10.001,1065348,4638,0,0,0,0,inf,inf,0,0,0.00783405,0,17227,4636,0.269229,0,0,0,1,0,0,1065348,365414364,1065348
1,bookshelf_tall,59,qpAdaptive,1,0,10.0044,923539,5052,0,0,0,0,inf,inf,0,0,0.00981167,0.103893,18947,5050,0.266639,0,0,0,0.893698,0.1029,0.00340148,923539,274386397,895739
1,bookshelf_tall,59,qpFreeGate,1,0,10.0003,981933,3198,0,0,0,0,inf,inf,0,0,0.00402525,0,20209,3196,0.158246,0,0,0,1,0,0,0,0,0
1,bookshelf_tall,59,qpEnvelope,1,0,10.0043,739713,4489,0,0,0,0,inf,inf,0,0,0.0110239,0.018199,16685,4487,0.269044,0,0,0,0.981335,0.0147864,0.0038782,739713,219311900,731971
1,bookshelf_tall,66,isSafe,1,1,0.021503,4717,25,17.3433,10,869,0,0.00336209,0.00249477,0,0,0,0,101,20,0.247525,0,0,0,0,0,0,0,0,0
1,bookshelf_tall,66,qpFixed,1,1,0.0418889,5011,38,18.5789,1586,1586,0,0.000170836,0.00249477,0,0,0.00927576,0,13,13,2.92308,0,0,0,1,0,0,5011,1487188,4090
1,bookshelf_tall,66,qpPlain,1,1,0.0422746,5011,38,18.5789,1586,1586,0,0.000170836,0.00249477,0,0,0.00927576,0,13,13,2.92308,0,0,0,1,0,0,5011,1718773,5011
1,bookshelf_tall,66,qpAdaptive,1,1,0.024309,2632,37,18.6058,1373,1373,0,0.000170836,0.00249477,0,0,0.0176456,0.31383,13,13,2.84615,0,0,0,0.684271,0.304331,0.0113982,2632,801565,2531
1,bookshelf_tall,66,qpFreeGate,1,1,0.0990507,14268,37,15.4269,1166,1166,0,0.00336209,0.00249477,0,0,0.00465546,0,101,32,0.366337,0,0,0,1,0,0,0,0,0
1,bookshelf_tall,66,qpEnvelope,1,1,0.0178619,1821,32,18.7188,1266,1266,0,0.000170836,0.00249477,0,0,0.0255197,0.211422,13,13,2.46154,0,0,0,0.78693,0.197694,0.0153762,1821,555613,1781
1,bookshelf_tall,74,isSafe,1,0,10.008,2,1,0,0,0,0,inf,inf,0,0,0,0,0,0,0,0,0,0,0,0,0,0,0,0
1,bookshelf_tall,74,qpFixed,1,0,10.0041,1101914,2194,0,0,0,0,inf,inf,0,0,0.00568913,0,5137,2086,0.427098,0,0,0,1,0,0,1101914,330471492,1046347
1,bookshelf_tall,74,qpPlain,1,0,10.005,765047,1627,0,0,0,0,inf,inf,0,0,0.00591173,0,3441,1523,0.472828,0,0,0,1,0,0,765047,262411121,765047
1,bookshelf_tall,74,qpAdaptive,1,0,10.0011,862298,1925,0,0,0,0,inf,inf,0,0,0.00634872,0.048823,4364,1819,0.441109,0,0,0,0.950931,0.0480857,0.000983423,862298,259295238,852375
1,bookshelf_tall,74,qpFreeGate,1,0,10.0002,1254140,3932,0,0,0,0,inf,inf,0,0,0.00378918,0,26053,3930,0.150923,0,0,0,1,0,0,0,0,0
1,bookshelf_tall,74,qpEnvelope,1,0,10.0001,987068,2285,0,0,0,0,inf,inf,0,0,0.00658377,0.00792549,5360,2167,0.426306,0,0,0,0.99202,0.00686681,0.0011134,987068,297314748,983494
1,bookshelf_tall,81,isSafe,1,0,10.0013,2,1,0,0,0,0,inf,inf,0,0,0,0,0,0,0,0,0,0,0,0,0,0,0,0
1,bookshelf_tall,81,qpFixed,1,0,10.001,1196790,5093,0,0,0,0,inf,inf,0,0,0.00765023,0,19437,5091,0.262026,0,0,0,1,0,0,1196790,355091992,1049290
1,bookshelf_tall,81,qpPlain,1,0,10.0004,1073349,4626,0,0,0,0,inf,inf,0,0,0.00775662,0,17383,4624,0.266122,0,0,0,1,0,0,1073349,368158707,1073349
1,bookshelf_tall,81,qpAdaptive,1,0,10.0007,800473,4401,0,0,0,0,inf,inf,0,0,0.00991024,0.11355,16431,4399,0.267847,0,0,0,0.88384,0.112826,0.0033331,800473,239553312,777011
1,bookshelf_tall,81,qpFreeGate,1,0,10.0001,1249144,3945,0,0,0,0,inf,inf,0,0,0.00374905,0,26207,3943,0.150532,0,0,0,1,0,0,0,0,0
1,bookshelf_tall,81,qpEnvelope,1,0,10.0008,762635,4643,0,0,0,0,inf,inf,0,0,0.0110026,0.0214139,17443,4641,0.266181,0,0,0,0.978004,0.0180429,0.00395318,762635,228062521,755242
1,bookshelf_tall,88,isSafe,1,1,0.00380979,832,6,7.88448,5,396,0,0.004933,0.00249477,0,0,0,0,24,3,0.25,0,0,0,0,0,0,0,0,0
1,bookshelf_tall,88,qpFixed,1,1,0.0173587,2058,24,9.66488,742,742,0,0.00656769,0.00249477,0,0,0.0106236,0,6,6,4,0,0,0,1,0,0,2058,524898,2016
1,bookshelf_tall,88,qpPlain,1,1,0.0181235,2058,24,9.66488,742,742,0,0.00656769,0.00249477,0,0,0.0106236,0,6,6,4,0,0,0,1,0,0,2058,705894,2058
1,bookshelf_tall,88,qpAdaptive,1,1,0.0122491,1357,24,9.67957,637,637,0,0.0064823,0.00249477,0,0,0.0161864,0.455416,6,6,4,0,0,0,0.540162,0.446573,0.0132646,1357,350203,1335
1,bookshelf_tall,88,qpFreeGate,1,1,0.027907,4007,15,8.94122,884,884,0,0.00306326,0.00249477,0,0,0.00411456,0,27,6,0.555556,0,0,0,1,0,0,0,0,0
1,bookshelf_tall,88,qpEnvelope,1,1,0.00587638,573,24,9.80213,532,532,0,0.00558905,0.00249477,0,0,0.0386213,0.385689,6,6,4,0,0,0,0.60733,0.350785,0.0418848,573,152489,567
1,bookshelf_tall,96,isSafe,1,1,0.0429046,9415,47,17.8051,10,892,0,0.00439468,0.00249477,0,0,0,0,230,44,0.204348,0,0,0,0,0,0,0,0,0
1,bookshelf_tall,96,qpFixed,1,1,0.0255743,3267,29,18.6815,1624,1624,0,0.000330024,0.00249477,0,0,0.00972449,0,7,7,4.14286,0,0,0,1,0,0,3267,822059,2498
1,bookshelf_tall,96,qpPlain,1,1,0.0271864,3267,29,18.6815,1624,1624,0,0.000330024,0.00249477,0,0,0.00972449,0,7,7,4.14286,0,0,0,1,0,0,3267,1120581,3267
1,bookshelf_tall,96,qpAdaptive,1,1,0.013961,1586,25,18.7168,1295,1295,0,0.000327434,0.00249477,0,0,0.0200078,0.460908,7,7,3.57143,0,0,0,0.534678,0.452711,0.0126103,1586,413543,1487
1,bookshelf_tall,96,qpFreeGate,1,1,0.0528505,7635,28,19.0278,1529,1529,0,0.005187,0.00249477,0,0,0.00572528,0,51,22,0.54902,0,0,0,1,0,0,0,0,0
1,bookshelf_tall,96,qpEnvelope,1,1,0.00917109,962,22,18.8411,1126,1126,0,0.000320989,0.00249477,0,0,0.0330991,0.335759,7,7,3.14286,0,0,0,0.662162,0.317048,0.02079,962,244574,930
1,bookshelf_thin,4,isSafe,1,0,10.0022,2,1,0,0,0,0,inf,inf,0,0,0,0,0,0,0,0,0,0,0,0,0,0,0,0
1,bookshelf_thin,4,qpFixed,1,0,10,982847,4420,0,0,0,0,inf,inf,0,0,0.00804215,0,15887,4418,0.278215,0,0,0,1,0,0,982847,288805850,837144
1,bookshelf_thin,4,qpPlain,1,0,10.0014,870862,3937,0,0,0,0,inf,inf,0,0,0.00813816,0,13993,3935,0.281355,0,0,0,1,0,0,870862,298705666,870862
1,bookshelf_thin,4,qpAdaptive,1,0,10.001,729122,4176,0,0,0,0,inf,inf,0,0,0.0103009,0.100476,14961,4174,0.279126,0,0,0,0.897137,0.0994422,0.00342039,729122,216333338,705151
1,bookshelf_thin,4,qpFreeGate,1,0,10.0002,1015670,3434,0,0,0,0,inf,inf,0,0,0.00414637,0,20979,3432,0.163687,0,0,0,1,0,0,0,0,0
1,bookshelf_thin,4,qpEnvelope,1,0,10.0002,671774,4204,0,0,0,0,inf,inf,0,0,0.0113155,0.0145853,15127,4202,0.277914,0,0,0,0.985047,0.0110999,0.00385301,671774,199059113,664570
1,bookshelf_thin,11,isSafe,1,0,10.0029,2,1,0,0,0,0,inf,inf,0,0,0,0,0,0,0,0,0,0,0,0,0,0,0,0
1,bookshelf_thin,11,qpFixed,1,0,10.0068,685456,1459,0,0,0,0,inf,inf,0,0,0.00595695,0,2983,1348,0.489105,0,0,0,1,0,0,685456,204008563,649149
1,bookshelf_thin,11,qpPlain,1,0,10.0012,909335,1895,0,0,0,0,inf,inf,0,0,0.00580933,0,4041,1778,0.468943,0,0,0,1,0,0,909335,311901905,909335
1,bookshelf_thin,11,qpAdaptive,1,0,10.0021,891256,2031,0,0,0,0,inf,inf,0,0,0.00635237,0.0523003,4393,1913,0.462326,0,0,0,0.947453,0.0515914,0.000955958,891256,266309769,881213
1,bookshelf_thin,11,qpFreeGate,1,0,10.0003,938396,3048,0,0,0,0,inf,inf,0,0,0.00409466,0,19003,3046,0.160396,0,0,0,1,0,0,0,0,0
1,bookshelf_thin,11,qpEnvelope,1,0,10.0001,863990,2045,0,0,0,0,inf,inf,0,0,0.00663901,0.00537853,4457,1926,0.458829,0,0,0,0.994591,0.0043878,0.00102085,863990,257967136,860898
1,bookshelf_thin,18,isSafe,1,1,0.0268451,4446,23,17.2969,10,866,0,0.00109629,0.00249477,0,0,0,0,140,19,0.164286,0,0,0,0,0,0,0,0,0
1,bookshelf_thin,18,qpFixed,1,1,0.014424,1464,23,11.405,946,946,0,0.000689224,0.00249477,0,0,0.0110571,0,2,2,11.5,0,0,0,1,0,0,1464,414784,1386
1,bookshelf_thin,18,qpPlain,1,1,0.0146489,1464,23,11.405,946,946,0,0.000689224,0.00249477,0,0,0.0110571,0,2,2,11.5,0,0,0,1,0,0,1464,502152,1464
1,bookshelf_thin,18,qpAdaptive,1,1,0.009315,881,23,11.4126,821,821,0,0.000689645,0.00249477,0,0,0.0183857,0.459705,2,2,11.5,0,0,0,0.531215,0.449489,0.0192963,881,256510,875
1,bookshelf_thin,18,qpFreeGate,1,1,0.151707,18155,41,11.2141,1328,1328,0,0.0056391,0.00249477,0,0,0.00301961,0,140,28,0.292857,0,0,0,1,0,0,0,0,0
1,bookshelf_thin,18,qpEnvelope,1,1,0.00449191,378,16,15.0629,866,866,0,0.00066911,0.00249477,0,0,0.0505056,0.518519,3,3,5.33333,0,0,0,0.470899,0.494709,0.0343915,378,113104,359
1,bookshelf_thin,25,isSafe,1,1,0.124103,20453,97,16.3768,10,820,0,0.00563466,0.00249477,0,0,0,0,750,93,0.129333,0,0,0,0,0,0,0,0,0
1,bookshelf_thin,25,qpFixed,1,1,0.0250547,2587,17,13.1943,1009,1009,0,0.000786416,0.00249477,0,0,0.0101968,0,8,6,2.125,0,0,0,1,0,0,2587,655934,2134
1,bookshelf_thin,25,qpPlain,1,1,0.0263629,2587,17,13.1943,1009,1009,0,0.000786416,0.00249477,0,0,0.0101968,0,8,6,2.125,0,0,0,1,0,0,2587,887341,2587
1,bookshelf_thin,25,qpAdaptive,1,1,0.0178981,1687,16,13.1436,810,810,0,0.000786416,0.00249477,0,0,0.0156427,0.158269,8,6,2,0,0,0,0.841138,0.152341,0.00652045,1687,434213,1622
1,bookshelf_thin,25,qpFreeGate,1,1,0.312955,37290,90,17.7822,1514,1514,0,0.00359638,0.00249477,0,0,0.00400426,0,351,80,0.25641,0,0,0,1,0,0,0,0,0
1,bookshelf_thin,25,qpEnvelope,1,1,0.014603,1338,16,13.1771,754,754,0,0.000775743,0.00249477,0,0,0.0197432,0.083707,8,6,2,0,0,0,0.915546,0.0747384,0.00971599,1338,335951,1318
1,bookshelf_thin,32,isSafe,1,0,10.001,2,1,0,0,0,0,inf,inf,0,0,0,0,0,0,0,0,0,0,0,0,0,0,0,0
1,bookshelf_thin,32,qpFixed,1,1,0.0186255,1942,17,12.7325,860,860,0,0.00426907,0.00249477,0,0,0.011084,0,6,5,2.83333,0,0,0,1,0,0,1942,484725,1461
1,bookshelf_thin,32,qpPlain,1,1,0.0197637,1942,17,12.7325,860,860,0,0.00426907,0.00249477,0,0,0.011084,0,6,5,2.83333,0,0,0,1,0,0,1942,666106,1942
1,bookshelf_thin,32,qpAdaptive,1,1,0.0125444,1199,17,12.7331,781,781,0,0.0042655,0.00249477,0,0,0.0179701,0.212677,6,5,2.83333,0,0,0,0.783987,0.206839,0.00917431,1199,302067,1138
1,bookshelf_thin,32,qpFreeGate,1,0,10.0008,1002704,3447,0,0,0,0,inf,inf,0,0,0.00421258,0,20701,3445,0.166514,0,0,0,1,0,0,0,0,0
1,bookshelf_thin,32,qpEnvelope,1,1,0.0085529,765,18,12.7429,715,715,0,0.00537505,0.00249477,0,0,0.028359,0.108497,6,5,3,0,0,0,0.884967,0.0954248,0.0196078,765,190371,748
1,bookshelf_thin,39,isSafe,1,1,0.063867,10147,51,18.1711,11,910,0,0.0018002,0.00249477,0,0,0,0,294,47,0.173469,0,0,0,0,0,0,0,0,0
1,bookshelf_thin,39,qpFixed,1,1,0.00507687,558,6,7.21574,559,559,0,0.00205462,0.00249477,0,0,0.0129314,0,1,1,6,0,0,0,1,0,0,558,136154,258
1,bookshelf_thin,39,qpPlain,1,1,0.00543929,558,6,7.21574,559,559,0,0.00205462,0.00249477,0,0,0.0129314,0,1,1,6,0,0,0,1,0,0,558,191394,558
1,bookshelf_thin,39,qpAdaptive,1,1,0.00237689,232,6,7.21675,470,470,0,0.00204764,0.00249477,0,0,0.0311067,0.383621,1,1,6,0,0,0,0.616379,0.37069,0.012931,232,58409,208
1,bookshelf_thin,39,qpFreeGate,1,1,0.127029,15300,40,9.28298,870,870,0,0.00224875,0.00249477,0,0,0.00445955,0,122,36,0.327869,0,0,0,1,0,0,0,0,0
1,bookshelf_thin,39,qpEnvelope,1,1,0.00146949,130,6,7.21553,430,430,0,0.00214803,0.00249477,0,0,0.0555041,0.353846,1,1,6,0,0,0,0.646154,0.330769,0.0230769,130,33398,117
1,bookshelf_thin,46,isSafe,1,0,10.0001,1009565,9162,0,0,0,0,inf,inf,0,0,0,0,74185,9160,0.123502,0,0,0,0,0,0,0,0,0
1,bookshelf_thin,46,qpFixed,1,0,10.0007,752713,1570,0,0,0,0,inf,inf,0,0,0.0058962,0,3289,1448,0.477349,0,0,0,1,0,0,752713,223161201,710026
1,bookshelf_thin,46,qpPlain,1,0,10.0005,653061,1389,0,0,0,0,inf,inf,0,0,0.00595952,0,2821,1271,0.492379,0,0,0,1,0,0,653061,223999923,653061
1,bookshelf_thin,46,qpAdaptive,1,0,10.002,663160,1528,0,0,0,0,inf,inf,0,0,0.00651807,0.0490063,3186,1407,0.479598,0,0,0,0.950735,0.0482934,0.000971115,663160,197466381,655179
1,bookshelf_thin,46,qpFreeGate,1,0,10.0007,885029,1551,0,0,0,0,inf,inf,0,0,0.00273384,0,7768,1546,0.199665,0,0,0,1,0,0,0,0,0
1,bookshelf_thin,46,qpEnvelope,1,0,10.003,656615,1577,0,0,0,0,inf,inf,0,0,0.00681967,0.00583295,3317,1453,0.47543,0,0,0,0.994137,0.00482478,0.00103867,656615,195331061,654080
1,bookshelf_thin,53,isSafe,1,0,10.0059,2,1,0,0,0,0,inf,inf,0,0,0,0,0,0,0,0,0,0,0,0,0,0,0,0
1,bookshelf_thin,53,qpFixed,1,1,0.0215481,1256,12,11.4998,813,813,0,0.00156694,0.00249477,0,0,0.012912,0,3,3,4,0,0,0,1,0,0,1256,333378,639
1,bookshelf_thin,53,qpPlain,1,1,0.0240974,1256,12,11.4998,813,813,0,0.00156694,0.00249477,0,0,0.012912,0,3,3,4,0,0,0,1,0,0,1256,430808,1256
1,bookshelf_thin,53,qpAdaptive,1,1,0.011838,560,12,11.4998,700,700,0,0.00156694,0.00249477,0,0,0.0290179,0.107143,3,3,4,0,0,0,0.891071,0.0964286,0.0125,560,152082,520
1,bookshelf_thin,53,qpFreeGate,1,0,10.0014,849457,2833,0,0,0,0,inf,inf,0,0,0.00421206,0,17137,2831,0.165315,0,0,0,1,0,0,0,0,0
1,bookshelf_thin,53,qpEnvelope,1,1,0.0114874,499,12,11.5003,683,683,0,0.00140564,0.00249477,0,0,0.0324143,0.0681363,3,3,4,0,0,0,0.931864,0.0501002,0.0180361,499,134876,482
1,bookshelf_thin,60,isSafe,1,1,0.0408727,3285,18,8.93351,6,448,0,0.00174458,0.00249477,0,0,0,0,65,14,0.276923,0,0,0,0,0,0,0,0,0
1,bookshelf_thin,60,qpFixed,1,1,0.0283459,1416,10,7.85107,533,533,0,0.00181337,0.00249477,0,0,0.0106174,0,5,4,2,0,0,0,1,0,0,1416,367497,884
1,bookshelf_thin,60,qpPlain,1,1,0.0290777,1416,10,7.85107,533,533,0,0.00181337,0.00249477,0,0,0.0106174,0,5,4,2,0,0,0,1,0,0,1416,485688,1416
1,bookshelf_thin,60,qpAdaptive,1,1,0.0138721,737,10,7.85106,474,474,0,0.00181337,0.00249477,0,0,0.0204308,0.139756,5,4,2,0,0,0,0.860244,0.130258,0.00949796,737,195605,702
1,bookshelf_thin,60,qpFreeGate,1,1,0.325527,19550,52,11.0176,765,765,0,0.00665114,0.00249477,0,0,0.00460854,0,169,48,0.307692,0,0,0,1,0,0,0,0,0
1,bookshelf_thin,60,qpEnvelope,1,1,0.0129769,629,10,7.85058,459,459,0,0.00181799,0.00249477,0,0,0.0240701,0.0826709,5,4,2,0,0,0,0.917329,0.0715421,0.0111288,629,166079,613
1,bookshelf_thin,67,isSafe,1,1,1.29602,106363,537,23.0101,13,1152,0,0.00549887,0.00249477,0,0,0,0,4482,534,0.119813,0,0,0,0,0,0,0,0,0
1,bookshelf_thin,67,qpFixed,1,1,0.0105017,511,6,6.67628,512,512,0,0.00243621,0.00249477,0,0,0.0130651,0,1,1,6,0,0,0,1,0,0,511,129765,190
1,bookshelf_thin,67,qpPlain,1,1,0.0108101,511,6,6.67628,512,512,0,0.00243621,0.00249477,0,0,0.0130651,0,1,1,6,0,0,0,1,0,0,511,175273,511
1,bookshelf_thin,67,qpAdaptive,1,1,0.0050729,213,6,6.67685,427,427,0,0.00243738,0.00249477,0,0,0.0313467,0.169014,1,1,6,0,0,0,0.830986,0.15493,0.0140845,213,50207,185
1,bookshelf_thin,67,qpFreeGate,1,1,0.475913,28935,68,13.8182,1071,1071,0,0.00427108,0.00249477,0,0,0.00403303,0,227,57,0.299559,0,0,0,1,0,0,0,0,0
1,bookshelf_thin,67,qpEnvelope,1,1,0.00136386,123,6,6.67878,390,390,0,0.00193125,0.00249477,0,0,0.054299,0.211382,1,1,6,0,0,0,0.788618,0.186992,0.0243902,123,29177,110
1,bookshelf_thin,74,isSafe,1,1,0.145597,12200,59,18.3173,11,917,0,0.0048054,0.00249477,0,0,0,0,330,55,0.178788,0,0,0,0,0,0,0,0,0
1,bookshelf_thin,74,qpFixed,1,1,0.00966484,433,5,5.6141,434,434,0,0.00531695,0.00249477,0,0,0.0129656,0,1,1,5,0,0,0,1,0,0,433,96613,100
1,bookshelf_thin,74,qpPlain,1,1,0.0100576,433,5,5.6141,434,434,0,0.00531695,0.00249477,0,0,0.0129656,0,1,1,5,0,0,0,1,0,0,433,148519,433
1,bookshelf_thin,74,qpAdaptive,1,1,0.0042526,127,5,5.6141,326,326,0,0.00531695,0.00249477,0,0,0.0442055,0.173228,1,1,5,0,0,0,0.818898,0.15748,0.023622,127,28246,100
1,bookshelf_thin,74,qpFreeGate,1,1,0.715797,43607,109,12.0759,1291,1291,0,0.00482006,0.00249477,0,0,0.00392201,0,398,104,0.273869,0,0,0,1,0,0,0,0,0
1,bookshelf_thin,74,qpEnvelope,1,1,0.00115239,110,5,5.61585,317,317,0,0.00531695,0.00249477,0,0,0.0510532,0.118182,1,1,5,0,0,0,0.881818,0.0909091,0.0272727,110,23970,98
1,bookshelf_thin,82,isSafe,1,1,0.128106,10728,53,16.1535,10,809,0,0.00831549,0.00249477,0,0,0,0,241,49,0.219917,0,0,0,0,0,0,0,0,0
1,bookshelf_thin,82,qpFixed,1,1,0.0123249,731,7,8.14949,732,732,23,-0.00355079,0.00249477,0,0,0.0111484,0,1,1,7,0,0,0,1,0,0,731,191455,185
1,bookshelf_thin,82,qpPlain,1,1,0.0158235,731,7,8.14949,732,732,23,-0.00355079,0.00249477,0,0,0.0111484,0,1,1,7,0,0,0,1,0,0,731,250733,731
1,bookshelf_thin,82,qpAdaptive,1,1,0.00503303,203,7,8.15665,524,524,20,-0.00380965,0.00249477,0,0,0.0401806,0.472906,1,1,7,0,0,0,0.527094,0.453202,0.0197044,203,60215,156
1,bookshelf_thin,82,qpFreeGate,1,1,0.354725,21363,58,17.7285,1468,1468,0,0.00629156,0.00249477,0,0,0.00429362,0,184,54,0.315217,0,0,0,1,0,0,0,0,0
1,bookshelf_thin,82,qpEnvelope,1,1,0.00110646,96,7,8.20854,468,468,37,-0.011527,0.00249477,0,0,0.0855056,0.385417,1,1,7,0,0,0,0.614583,0.34375,0.0416667,96,28287,73
1,bookshelf_thin,89,isSafe,1,1,0.0224168,1735,11,8.95684,6,449,0,0.00125821,0.00249477,0,0,0,0,18,7,0.611111,0,0,0,0,0,0,0,0,0
1,bookshelf_thin,89,qpFixed,1,1,0.00638084,396,6,5.79261,398,398,0,0.000555036,0.00249477,0,0,0.0146278,0,1,1,6,0,0,0,1,0,0,396,91746,136
1,bookshelf_thin,89,qpPlain,1,1,0.00670129,396,6,5.79261,398,398,0,0.000555036,0.00249477,0,0,0.0146278,0,1,1,6,0,0,0,1,0,0,396,135828,396
1,bookshelf_thin,89,qpAdaptive,1,1,0.00405772,108,6,5.81239,349,349,0,0.000555036,0.00249477,0,0,0.0538184,0.425926,1,1,6,0,0,0,0.574074,0.388889,0.037037,108,26940,90
1,bookshelf_thin,89,qpFreeGate,1,1,0.0429289,2628,14,7.91089,573,573,0,0.00125821,0.00249477,0,0,0.00746355,0,18,9,0.777778,0,0,0,1,0,0,0,0,0
1,bookshelf_thin,89,qpEnvelope,1,1,0.000899054,83,6,5.7615,335,335,0,0.000555036,0.00249477,0,0,0.0694157,0.301205,1,1,6,0,0,0,0.698795,0.253012,0.0481928,83,20599,73
1,bookshelf_thin,96,isSafe,1,0,10.006,2,1,0,0,0,0,inf,inf,0,0,0,0,0,0,0,0,0,0,0,0,0,0,0,0
1,bookshelf_thin,96,qpFixed,1,1,0.0062572,720,7,8.17582,721,721,0,0.00363055,0.00249477,0,0,0.0113553,0,1,1,7,0,0,0,1,0,0,720,177774,120
1,bookshelf_thin,96,qpPlain,1,1,0.00681181,720,7,8.17582,721,721,0,0.00363055,0.00249477,0,0,0.0113553,0,1,1,7,0,0,0,1,0,0,720,246960,720
1,bookshelf_thin,96,qpAdaptive,1,1,0.00165456,163,7,8.17697,496,496,0,0.00363055,0.00249477,0,0,0.0501655,0.251534,1,1,7,0,0,0,0.742331,0.226994,0.0306748,163,45193,120
1,bookshelf_thin,96,qpFreeGate,1,0,10.0004,1035232,3454,0,0,0,0,inf,inf,0,0,0.00412006,0,21521,3452,0.160494,0,0,0,1,0,0,0,0,0
1,bookshelf_thin,96,qpEnvelope,1,1,0.00110542,94,7,8.18659,459,459,0,0.00363055,0.00249477,0,0,0.0870914,0.287234,1,1,7,0,0,0,0.712766,0.234043,0.0531915,94,25639,76
1,table_under_pick,3,isSafe,1,1,0.00980882,2739,16,10.6231,7,533,0,0.00225154,0.00249477,0,0,0,0,28,11,0.571429,0,0,0,0,0,0,0,0,0
1,table_under_pick,3,qpFixed,1,1,0.00560947,872,12,9.59263,644,644,0,0.00572617,0.00249477,0,0,0.0147318,0,2,2,6,0,0,0,1,0,0,872,218503,432
1,table_under_pick,3,qpPlain,1,1,0.00604783,872,12,9.59263,644,644,0,0.00572617,0.00249477,0,0,0.0147318,0,2,2,6,0,0,0,1,0,0,872,299096,872
1,table_under_pick,3,qpAdaptive,1,1,0.00119366,158,10,9.58986,538,538,0,0.00442376,0.00249477,0,0,0.081509,0.892405,2,2,5,0,0,0,0.0949367,0.848101,0.056962,158,44552,121
1,table_under_pick,3,qpFreeGate,1,1,0.0222233,3790,17,12.0444,1011,1011,0,0.00532522,0.00249477,0,0,0.00607941,0,20,10,0.85,0,0,0,1,0,0,0,0,0
1,table_under_pick,3,qpEnvelope,1,1,0.00077811,80,10,9.65309,516,516,0,0.00231205,0.00249477,0,0,0.161663,0.8625,2,2,5,0,0,0,0.1375,0.75,0.1125,80,22758,65
1,table_under_pick,10,isSafe,1,1,0.00986723,2779,16,10.2428,7,514,0,0.00444986,0.00249477,0,0,0,0,77,11,0.207792,0,0,0,0,0,0,0,0,0
1,table_under_pick,10,qpFixed,1,1,0.0635669,9043,55,26.4368,2330,2330,0,0.000112734,0.00249477,0,0,0.00936505,0,32,27,1.71875,0,0,0,1,0,0,9043,2266142,8542
1,table_under_pick,10,qpPlain,1,1,0.0676465,9043,55,26.4368,2330,2330,0,0.000112734,0.00249477,0,0,0.00936505,0,32,27,1.71875,0,0,0,1,0,0,9043,3101749,9043
1,table_under_pick,10,qpAdaptive,1,1,0.0501182,6684,56,26.457,2087,2087,0,0.000113169,0.00249477,0,0,0.0126988,0.283064,32,27,1.75,0,0,0,0.716338,0.280072,0.00359066,6684,1711913,6438
1,table_under_pick,10,qpFreeGate,1,1,0.0701627,11837,30,18.1921,1737,1737,0,0.00441296,0.00249477,0,0,0.00381992,0,76,22,0.394737,0,0,0,1,0,0,0,0,0
1,table_under_pick,10,qpEnvelope,1,1,0.0231314,2923,49,16.0048,1020,1020,0,0.000359882,0.00249477,0,0,0.0210961,0.223401,23,20,2.13043,0,0,0,0.77352,0.214848,0.0116319,2923,726517,2882
1,table_under_pick,17,isSafe,1,0,1.1854e-05,1,0,0,0,0,0,inf,inf,0,0,0,0,0,0,0,0,0,0,0,0,0,0,0,0
1,table_under_pick,17,qpFixed,1,0,10.0001,1147460,5090,0,0,0,0,inf,inf,0,0,0.00778151,0,18700,5088,0.272193,0,0,0,1,0,0,1147460,339260072,998016
1,table_under_pick,17,qpPlain,1,0,10.0033,1150135,5105,0,0,0,0,inf,inf,0,0,0.00778146,0,18752,5103,0.272238,0,0,0,1,0,0,1150135,394496305,1150135
1,table_under_pick,17,qpAdaptive,1,0,10.0005,987006,5505,0,0,0,0,inf,inf,0,0,0.00974972,0.105379,20400,5503,0.269853,0,0,0,0.89217,0.104381,0.00344898,987006,294252405,955969
1,table_under_pick,17,qpFreeGate,1,0,10.0003,1453518,4873,0,0,0,0,inf,inf,0,0,0.0038422,0,31188,4871,0.156246,0,0,0,1,0,0,0,0,0
1,table_under_pick,17,qpEnvelope,1,0,10.0008,1258170,7410,0,0,0,0,inf,inf,0,0,0.0102748,0.017171,28712,7408,0.25808,0,0,0,0.982385,0.0137382,0.00387656,1258170,374227616,1243584
1,table_under_pick,24,isSafe,1,1,0.00784106,2193,13,14.966,9,750,0,0.0075833,0.00249477,0,0,0,0,48,9,0.270833,0,0,0,0,0,0,0,0,0
1,table_under_pick,24,qpFixed,1,1,0.0258772,3687,34,20.4412,1741,1741,0,0.000199518,0.00249477,0,0,0.00950977,0,12,12,2.83333,0,0,0,1,0,0,3687,939871,3381
1,table_under_pick,24,qpPlain,1,1,0.0273332,3687,34,20.4412,1741,1741,0,0.000199518,0.00249477,0,0,0.00950977,0,12,12,2.83333,0,0,0,1,0,0,3687,1264641,3687
1,table_under_pick,24,qpAdaptive,1,1,0.0163832,2166,35,20.4355,1475,1475,0,0.000171681,0.00249477,0,0,0.0162299,0.439982,12,12,2.91667,0,0,0,0.555863,0.431671,0.0124654,2166,555991,2110
1,table_under_pick,24,qpFreeGate,1,1,0.0531405,8998,27,15.1127,1384,1384,0,0.0075833,0.00249477,0,0,0.0041539,0,61,19,0.442623,0,0,0,1,0,0,0,0,0
1,table_under_pick,24,qpEnvelope,1,1,0.0117248,1402,34,20.4228,1268,1268,0,0.000128073,0.00249477,0,0,0.0253755,0.389444,12,12,2.83333,0,0,0,0.605563,0.371612,0.0228245,1402,365076,1383
1,table_under_pick,31,isSafe,1,1,0.0124576,3490,19,19.7804,11,991,0,0.00694319,0.00249477,0,0,0,0,62,15,0.306452,0,0,0,0,0,0,0,0,0
1,table_under_pick,31,qpFixed,1,1,0.0102791,1541,12,11.5722,968,968,0,0.000900989,0.00249477,0,0,0.0116771,0,3,3,4,0,0,0,1,0,0,1541,455170,938
1,table_under_pick,31,qpPlain,1,1,0.0106194,1541,12,11.5722,968,968,0,0.000900989,0.00249477,0,0,0.0116771,0,3,3,4,0,0,0,1,0,0,1541,528563,1541
1,table_under_pick,31,qpAdaptive,1,1,0.00606873,830,12,11.5754,803,803,0,0.000901631,0.00249477,0,0,0.021685,0.418072,3,3,4,0,0,0,0.578313,0.412048,0.00963855,830,242982,701
1,table_under_pick,31,qpFreeGate,1,1,0.037558,6336,17,13.4988,1080,1080,0,0.00557299,0.00249477,0,0,0.00412688,0,50,13,0.34,0,0,0,1,0,0,0,0,0
1,table_under_pick,31,qpEnvelope,1,1,0.0029919,364,10,10.3908,574,574,0,0.0018702,0.00249477,0,0,0.0394109,0.230769,2,2,5,0,0,0,0.766484,0.217033,0.0164835,364,107816,343
1,table_under_pick,38,isSafe,1,0,1.2285e-05,1,0,0,0,0,0,inf,inf,0,0,0,0,0,0,0,0,0,0,0,0,0,0,0,0
1,table_under_pick,38,qpFixed,1,0,10.0011,1037419,1183,0,0,0,0,inf,inf,0,0,0.004334,0,13290,1181,0.0890143,0,0,0,1,0,0,1037419,312758576,1027740
1,table_under_pick,38,qpPlain,1,0,10.0002,1253888,1357,0,0,0,0,inf,inf,0,0,0.00420705,0,16094,1355,0.0843171,0,0,0,1,0,0,1253888,430083584,1253888
1,table_under_pick,38,qpAdaptive,1,0,10.0003,1087891,1268,0,0,0,0,inf,inf,0,0,0.00448171,0.0390453,14640,1266,0.086612,0,0,0,0.960504,0.0391382,0.000357638,1087891,328297823,1083475
1,table_under_pick,38,qpFreeGate,1,0,10.0016,1318664,662,0,0,0,0,inf,inf,0,0,0.00112336,0,28766,660,0.0230133,0,0,0,1,0,0,0,0,0
1,table_under_pick,38,qpEnvelope,1,0,10.0002,921980,1148,0,0,0,0,inf,inf,0,0,0.00470489,0.00318228,12734,1146,0.0901523,0,0,0,0.996778,0.00283882,0.000382737,921980,277923292,920756
1,table_under_pick,45,isSafe,1,0,1.1572e-05,1,0,0,0,0,0,inf,inf,0,0,0,0,0,0,0,0,0,0,0,0,0,0,0,0
1,table_under_pick,45,qpFixed,1,0,10.0003,1102581,1240,0,0,0,0,inf,inf,0,0,0.00429729,0,14050,1238,0.0882562,0,0,0,1,0,0,1102581,332164919,1092196
1,table_under_pick,45,qpPlain,1,0,10.0013,1151008,1287,0,0,0,0,inf,inf,0,0,0.00427412,0,14674,1285,0.0877061,0,0,0,1,0,0,1151008,394795744,1151008
1,table_under_pick,45,qpAdaptive,1,0,10.0013,1156579,1337,0,0,0,0,inf,inf,0,0,0.00446825,0.0441388,15556,1335,0.0859475,0,0,0,0.955365,0.0442681,0.000366896,1156579,348836836,1151341
1,table_under_pick,45,qpFreeGate,1,0,10.0002,1656899,814,0,0,0,0,inf,inf,0,0,0.00105249,0,38098,812,0.021366,0,0,0,1,0,0,0,0,0
1,table_under_pick,45,qpEnvelope,1,0,10.0006,965472,1184,0,0,0,0,inf,inf,0,0,0.00471172,0.00372978,13350,1182,0.0886891,0,0,0,0.996221,0.00338863,0.000390554,965472,290827840,963749
1,table_under_pick,52,isSafe,1,0,1.3201e-05,1,0,0,0,0,0,inf,inf,0,0,0,0,0,0,0,0,0,0,0,0,0,0,0,0
1,table_under_pick,52,qpFixed,1,0,10.0012,1207038,1315,0,0,0,0,inf,inf,0,0,0.00421704,0,15354,1313,0.0856454,0,0,0,1,0,0,1207038,364380657,1197111
1,table_under_pick,52,qpPlain,1,0,10.0001,823456,977,0,0,0,0,inf,inf,0,0,0.00440972,0,10406,975,0.0938881,0,0,0,1,0,0,823456,282445408,823456
1,table_under_pick,52,qpAdaptive,1,0,10.0009,1260813,1423,0,0,0,0,inf,inf,0,0,0.00438423,0.0433704,16872,1421,0.0843409,0,0,0,0.956149,0.0434932,0.000358127,1260813,380486196,1256131
1,table_under_pick,52,qpFreeGate,1,0,10.0002,1644518,767,0,0,0,0,inf,inf,0,0,0.00106635,0,37216,765,0.0206094,0,0,0,1,0,0,0,0,0
1,table_under_pick,52,qpEnvelope,1,0,10.0001,920157,1135,0,0,0,0,inf,inf,0,0,0.0046853,0.00313425,12688,1133,0.0894546,0,0,0,0.996829,0.00282465,0.000346234,920157,277499001,918940
1,table_under_pick,59,isSafe,1,1,0.00576023,1607,10,13.7098,8,687,0,0.0021036,0.00249477,0,0,0,0,20,6,0.5,0,0,0,0,0,0,0,0,0
1,table_under_pick,59,qpFixed,1,1,0.0249177,3597,24,15.1302,1323,1323,0,0.000369941,0.00249477,0,0,0.0100145,0,10,9,2.4,0,0,0,1,0,0,3597,854943,3388
1,table_under_pick,59,qpPlain,1,1,0.0270011,3597,24,15.1302,1323,1323,0,0.000369941,0.00249477,0,0,0.0100145,0,10,9,2.4,0,0,0,1,0,0,3597,1233771,3597
1,table_under_pick,59,qpAdaptive,1,1,0.0192645,2589,26,15.2024,1117,1117,0,0.000372832,0.00249477,0,0,0.0139743,0.305523,10,9,2.6,0,0,0,0.691387,0.303206,0.00540749,2589,624127,2519
1,table_under_pick,59,qpFreeGate,1,1,0.0534356,9040,30,19.9433,2089,2089,0,0.00433573,0.00249477,0,0,0.00392738,0,57,19,0.526316,0,0,0,1,0,0,0,0,0
1,table_under_pick,59,qpEnvelope,1,1,0.0136398,1675,33,23.7191,1526,1526,0,0.000460826,0.00249477,0,0,0.0288753,0.293134,14,13,2.35714,0,0,0,0.703881,0.279403,0.0167164,1675,411003,1614
1,table_under_pick,67,isSafe,1,1,0.00391061,1096,8,10.7614,7,540,0,0.00521011,0.00249477,0,0,0,0,12,4,0.666667,0,0,0,0,0,0,0,0,0
1,table_under_pick,67,qpFixed,1,1,0.0141548,2003,16,15.5231,1251,1251,0,0.000738621,0.00249477,0,0,0.0112732,0,5,5,3.2,0,0,0,1,0,0,2003,577868,1355
1,table_under_pick,67,qpPlain,1,1,0.0146062,2003,16,15.5231,1251,1251,0,0.000738621,0.00249477,0,0,0.0112732,0,5,5,3.2,0,0,0,1,0,0,2003,687029,2003
1,table_under_pick,67,qpAdaptive,1,1,0.00877271,1109,16,15.5227,1036,1036,0,0.000738577,0.00249477,0,0,0.0203577,0.293959,5,5,3.2,0,0,0,0.704238,0.285843,0.00991885,1109,319733,988
1,table_under_pick,67,qpFreeGate,1,1,0.0298921,5064,16,13.914,1277,1277,0,0.00505593,0.00249477,0,0,0.00461472,0,30,11,0.533333,0,0,0,1,0,0,0,0,0
1,table_under_pick,67,qpEnvelope,1,1,0.00611017,709,16,15.5258,930,930,0,0.000679839,0.00249477,0,0,0.0318864,0.173484,5,5,3.2,0,0,0,0.825106,0.157969,0.0169252,709,204797,682
1,table_under_pick,74,isSafe,1,0,1.0155e-05,1,0,0,0,0,0,inf,inf,0,0,0,0,0,0,0,0,0,0,0,0,0,0,0,0
1,table_under_pick,74,qpFixed,1,0,10.0012,1186528,1307,0,0,0,0,inf,inf,0,0,0.00427264,0,15220,1305,0.0858739,0,0,0,1,0,0,1186528,358888959,1174303
1,table_under_pick,74,qpPlain,1,0,10.0013,1339514,1438,0,0,0,0,inf,inf,0,0,0.00420862,0,17228,1436,0.0834688,0,0,0,1,0,0,1339514,459453302,1339514
1,table_under_pick,74,qpAdaptive,1,0,10.0007,1150069,1341,0,0,0,0,inf,inf,0,0,0.00449775,0.0454512,15578,1339,0.0860829,0,0,0,0.954033,0.0455651,0.0004023,1150069,348227227,1144643
1,table_under_pick,74,qpFreeGate,1,0,10.0002,1653639,848,0,0,0,0,inf,inf,0,0,0.00110986,0,38034,846,0.0222958,0,0,0,1,0,0,0,0,0
1,table_under_pick,74,qpEnvelope,1,0,10.0001,1265145,1471,0,0,0,0,inf,inf,0,0,0.00457341,0.00294354,17702,1469,0.083098,0,0,0,0.997019,0.00257885,0.000402448,1265145,382681623,1263080
1,table_under_pick,81,isSafe,1,1,0.0113584,3153,17,17.5184,10,877,0,0.00680697,0.00249477,0,0,0,0,67,14,0.253731,0,0,0,0,0,0,0,0,0
1,table_under_pick,81,qpFixed,1,1,0.0348342,4951,34,25.2981,2181,2181,0,7.3896e-05,0.00249477,0,0,0.0098077,0,18,16,1.88889,0,0,0,1,0,0,4951,1332105,4222
1,table_under_pick,81,qpPlain,1,1,0.0364882,4951,34,25.2981,2181,2181,0,7.3896e-05,0.00249477,0,0,0.0098077,0,18,16,1.88889,0,0,0,1,0,0,4951,1698193,4951
1,table_under_pick,81,qpAdaptive,1,1,0.0248896,3285,34,25.3238,1930,1930,0,7.04188e-05,0.00249477,0,0,0.0148232,0.322374,18,16,1.88889,0,0,0,0.676104,0.318417,0.00547945,3285,875576,3027
1,table_under_pick,81,qpFreeGate,1,1,0.0884663,14895,44,12.1012,1283,1283,0,0.00518146,0.00249477,0,0,0.00385283,0,108,33,0.407407,0,0,0,1,0,0,0,0,0
1,table_under_pick,81,qpEnvelope,1,1,0.0113921,1403,25,15.7054,1089,1089,0,4.96344e-05,0.00249477,0,0,0.0235381,0.198147,12,10,2.08333,0,0,0,0.798289,0.187455,0.0142552,1403,367466,1385
1,table_under_pick,88,isSafe,1,0,1.3211e-05,1,0,0,0,0,0,inf,inf,0,0,0,0,0,0,0,0,0,0,0,0,0,0,0,0
1,table_under_pick,88,qpFixed,1,0,10.0007,1393035,6062,0,0,0,0,inf,inf,0,0,0.00760512,0,22872,6060,0.26504,0,0,0,1,0,0,1393035,409686795,1211828
1,table_under_pick,88,qpPlain,1,0,10.0005,1374542,5985,0,0,0,0,inf,inf,0,0,0.00761465,0,22540,5983,0.265528,0,0,0,1,0,0,1374542,471467906,1374542
1,table_under_pick,88,qpAdaptive,1,0,10.0007,1287574,6943,0,0,0,0,inf,inf,0,0,0.00937608,0.097881,26622,6941,0.260799,0,0,0,0.899844,0.0967782,0.00337799,1287574,381862486,1248929
1,table_under_pick,88,qpFreeGate,1,0,10.0002,1653358,5461,0,0,0,0,inf,inf,0,0,0.00375877,0,35200,5459,0.155142,0,0,0,1,0,0,0,0,0
1,table_under_pick,88,qpEnvelope,1,0,10.0002,1266519,7376,0,0,0,0,inf,inf,0,0,0.010185,0.0156934,28660,7374,0.257362,0,0,0,0.983911,0.0122613,0.00382788,1266519,375142138,1252127
1,table_under_pick,95,isSafe,1,1,0.0058072,1640,10,7.63156,5,383,0,0.00259121,0.00249477,0,0,0,0,30,7,0.333333,0,0,0,0,0,0,0,0,0
1,table_under_pick,95,qpFixed,1,1,0.0322146,4575,32,22.4909,2013,2013,0,0.000287298,0.00249477,0,0,0.00987214,0,16,14,2,0,0,0,1,0,0,4575,1102176,4269
1,table_under_pick,95,qpPlain,1,1,0.0347939,4575,32,22.4909,2013,2013,0,0.000287298,0.00249477,0,0,0.00987214,0,16,14,2,0,0,0,1,0,0,4575,1569225,4575
1,table_under_pick,95,qpAdaptive,1,1,0.0270208,3652,35,22.4974,1879,1879,0,0.000238803,0.00249477,0,0,0.0132795,0.300657,16,15,2.1875,0,0,0,0.696331,0.298193,0.00547645,3652,887074,3335
1,table_under_pick,95,qpFreeGate,1,1,0.0233746,3948,13,10.3144,943,943,0,0.006551,0.00249477,0,0,0.00391407,0,33,8,0.393939,0,0,0,1,0,0,0,0,0
1,table_under_pick,95,qpEnvelope,1,1,0.0181834,2326,32,22.4697,1678,1678,0,0.000244965,0.00249477,0,0,0.0195016,0.193895,16,14,2,0,0,0,0.802666,0.185727,0.0116079,2326,581074,2115
1,bookshelf_small,2,isSafe,1,0,10,2989406,33336,0,0,0,0,inf,inf,0,0,0,0,309158,33334,0.107828,0,0,0,0,0,0,0,0,0
1,bookshelf_small,2,qpFixed,1,0,10.0002,1598164,3027,0,0,0,0,inf,inf,0,0,0.00541495,0,7484,2911,0.404463,0,0,0,1,0,0,1598164,480888999,1530205
1,bookshelf_small,2,qpPlain,1,0,10.0003,1595105,3019,0,0,0,0,inf,inf,0,0,0.00541507,0,7470,2903,0.40415,0,0,0,1,0,0,1595105,547121015,1595105
1,bookshelf_small,2,qpAdaptive,1,0,10.0006,1486164,3114,0,0,0,0,inf,inf,0,0,0.00598589,0.059702,7729,2999,0.402898,0,0,0,0.939989,0.0589471,0.00106381,1486164,448789330,1470691
1,bookshelf_small,2,qpFreeGate,1,0,10.0003,2025072,3294,0,0,0,0,inf,inf,0,0,0.00230902,0,18719,3290,0.175971,0,0,0,1,0,0,0,0,0
1,bookshelf_small,2,qpEnvelope,1,0,10.0001,1487824,3249,0,0,0,0,inf,inf,0,0,0.00627968,0.0086193,8185,3137,0.396946,0,0,0,0.991317,0.00757281,0.00111035,1487824,448863404,1482533
1,bookshelf_small,10,isSafe,1,0,10.0076,2,1,0,0,0,0,inf,inf,0,0,0,0,0,0,0,0,0,0,0,0,0,0,0,0
1,bookshelf_small,10,qpFixed,1,0,10.0009,1625724,6925,0,0,0,0,inf,inf,0,0,0.00748455,0,26777,6923,0.258617,0,0,0,1,0,0,1625724,482772039,1432034
1,bookshelf_small,10,qpPlain,1,0,10.0001,1609167,6857,0,0,0,0,inf,inf,0,0,0.00749443,0,26503,6855,0.258725,0,0,0,1,0,0,1609167,551944281,1609167
1,bookshelf_small,10,qpAdaptive,1,0,10.0006,1485888,7774,0,0,0,0,inf,inf,0,0,0.0091353,0.0975558,30467,7772,0.255161,0,0,0,0.900182,0.0965672,0.00325044,1485888,444609824,1447187
1,bookshelf_small,10,qpFreeGate,1,0,10,2018565,6383,0,0,0,0,inf,inf,0,0,0.0035529,0,43087,6381,0.148142,0,0,0,1,0,0,0,0,0
1,bookshelf_small,10,qpEnvelope,1,0,10.0003,1455956,8294,0,0,0,0,inf,inf,0,0,0.00996387,0.0174126,32789,8292,0.252951,0,0,0,0.982117,0.014119,0.0037638,1455956,434376444,1442468
1,bookshelf_small,17,isSafe,1,1,0.00515932,2088,12,10.6945,7,536,0,0.00716594,0.00249477,0,0,0,0,28,8,0.428571,0,0,0,0,0,0,0,0,0
1,bookshelf_small,17,qpFixed,1,1,0.00235128,451,6,6.03037,452,452,0,0.00612254,0.00249477,0,0,0.0133711,0,1,1,6,0,0,0,1,0,0,451,118596,176
1,bookshelf_small,17,qpPlain,1,1,0.0025875,451,6,6.03037,452,452,0,0.00612254,0.00249477,0,0,0.0133711,0,1,1,6,0,0,0,1,0,0,451,154693,451
1,bookshelf_small,17,qpAdaptive,1,1,0.000931835,159,6,6.03705,381,381,0,0.00611743,0.00249477,0,0,0.0379688,0.836478,1,1,6,0,0,0,0.157233,0.81761,0.0251572,159,45115,62
1,bookshelf_small,17,qpFreeGate,1,1,0.0184032,3744,16,9.98289,1013,1013,0,0.00433193,0.00249477,0,0,0.00461592,0,24,9,0.666667,0,0,0,1,0,0,0,0,0
1,bookshelf_small,17,qpEnvelope,1,1,0.000411101,47,6,6.04204,330,330,0,0.00613216,0.00249477,0,0,0.128554,0.893617,1,1,6,0,0,0,0.106383,0.808511,0.0851064,47,13619,27
1,bookshelf_small,25,isSafe,1,1,0.00886311,3583,19,18.8689,11,945,0,0.00577971,0.00249477,0,0,0,0,117,15,0.162393,0,0,0,0,0,0,0,0,0
1,bookshelf_small,25,qpFixed,1,1,0.0354994,5712,34,17.2422,1481,1481,0,0.000335254,0.00249477,0,0,0.00921691,0,18,15,1.88889,0,0,0,1,0,0,5712,1588338,4986
1,bookshelf_small,25,qpPlain,1,1,0.0371272,5712,34,17.2422,1481,1481,0,0.000335254,0.00249477,0,0,0.00921691,0,18,15,1.88889,0,0,0,1,0,0,5712,1959216,5712
1,bookshelf_small,25,qpAdaptive,1,1,0.0274506,4016,34,17.258,1265,1265,0,0.000313154,0.00249477,0,0,0.0131183,0.249751,18,15,1.88889,0,0,0,0.748008,0.245767,0.0062251,4016,1094450,3825
1,bookshelf_small,25,qpFreeGate,1,1,0.0222127,4538,18,15.9151,1270,1270,0,0.00262639,0.00249477,0,0,0.006477,0,25,11,0.72,0,0,0,1,0,0,0,0,0
1,bookshelf_small,25,qpEnvelope,1,1,0.047145,6495,66,28.7367,1752,1752,0,5.94879e-05,0.00249477,0,0,0.0174896,0.0988453,43,34,1.53488,0,0,0,0.900077,0.0908391,0.00908391,6495,1753238,6391
1,bookshelf_small,33,isSafe,1,0,10.0035,2,1,0,0,0,0,inf,inf,0,0,0,0,0,0,0,0,0,0,0,0,0,0,0,0
1,bookshelf_small,33,qpFixed,1,0,10.0005,1627373,6953,0,0,0,0,inf,inf,0,0,0.00744332,0,26903,6951,0.258447,0,0,0,1,0,0,1627373,481948628,1449308
1,bookshelf_small,33,qpPlain,1,0,10.0003,1606077,6875,0,0,0,0,inf,inf,0,0,0.00745781,0,26549,6873,0.258955,0,0,0,1,0,0,1606077,550884411,1606077
1,bookshelf_small,33,qpAdaptive,1,0,10.0005,1490915,7827,0,0,0,0,inf,inf,0,0,0.00910467,0.103538,30741,7825,0.254611,0,0,0,0.894029,0.10264,0.00333034,1490915,444676734,1453982
1,bookshelf_small,33,qpFreeGate,1,0,10.0003,2003568,6210,0,0,0,0,inf,inf,0,0,0.00345167,0,43071,6208,0.144181,0,0,0,1,0,0,0,0,0
1,bookshelf_small,33,qpEnvelope,1,0,10.0004,1449278,8353,0,0,0,0,inf,inf,0,0,0.00999769,0.0218812,33029,8351,0.252899,0,0,0,0.977523,0.0186098,0.00386757,1449278,431318551,1436758
1,bookshelf_small,40,isSafe,1,0,10.0085,2,1,0,0,0,0,inf,inf,0,0,0,0,0,0,0,0,0,0,0,0,0,0,0,0
1,bookshelf_small,40,qpFixed,1,0,10.0001,1638009,7086,0,0,0,0,inf,inf,0,0,0.00750023,0,27023,7084,0.262221,0,0,0,1,0,0,1638009,483168669,1444332
1,bookshelf_small,40,qpPlain,1,0,10.0008,1618222,7008,0,0,0,0,inf,inf,0,0,0.00751413,0,26687,7006,0.2626,0,0,0,1,0,0,1618222,555050146,1618222
1,bookshelf_small,40,qpAdaptive,1,0,10.0004,1499403,7989,0,0,0,0,inf,inf,0,0,0.00922008,0.105237,31039,7987,0.257386,0,0,0,0.892326,0.104314,0.00335932,1499403,444794948,1457238
1,bookshelf_small,40,qpFreeGate,1,0,10.0003,2007062,6413,0,0,0,0,inf,inf,0,0,0.00356051,0,43047,6411,0.148977,0,0,0,1,0,0,0,0,0
1,bookshelf_small,40,qpEnvelope,1,0,10.0004,1466827,8597,0,0,0,0,inf,inf,0,0,0.0101069,0.0181971,33669,8595,0.255339,0,0,0,0.981306,0.0148106,0.00388373,1466827,433721233,1452312
1,bookshelf_small,47,isSafe,1,1,0.00703153,2835,16,15.7742,9,790,0,0.00199296,0.00249477,0,0,0,0,53,11,0.301887,0,0,0,0,0,0,0,0,0
1,bookshelf_small,47,qpFixed,1,1,0.00567848,1038,17,10.0652,786,786,0,0.00199296,0.00249477,0,0,0.0132869,0,2,2,8.5,0,0,0,1,0,0,1038,249248,710
1,bookshelf_small,47,qpPlain,1,1,0.00625545,1038,17,10.0652,786,786,0,0.00199296,0.00249477,0,0,0.0132869,0,2,2,8.5,0,0,0,1,0,0,1038,356034,1038
1,bookshelf_small,47,qpAdaptive,1,1,0.00296945,476,17,10.1577,661,661,0,0.00199296,0.00249477,0,0,0.0291861,0.630252,2,2,8.5,0,0,0,0.361345,0.607143,0.0315126,476,119950,415
1,bookshelf_small,47,qpFreeGate,1,1,0.0628207,13015,35,17.4785,1605,1605,0,0.00199296,0.00249477,0,0,0.00399741,0,88,26,0.397727,0,0,0,1,0,0,0,0,0
1,bookshelf_small,47,qpEnvelope,1,1,0.00123989,149,13,10.1951,568,568,0,0.00199296,0.00249477,0,0,0.0937349,0.872483,2,2,6.5,0,0,0,0.107383,0.812081,0.0805369,149,39132,126
1,bookshelf_small,54,isSafe,1,1,0.00684112,2757,15,9.25369,6,464,0,0.00513104,0.00249477,0,0,0,0,88,11,0.170455,0,0,0,0,0,0,0,0,0
1,bookshelf_small,54,qpFixed,1,1,0.00413187,708,7,8.13656,709,709,0,0.00109252,0.00249477,0,0,0.0114923,0,1,1,7,0,0,0,1,0,0,708,199540,319
1,bookshelf_small,54,qpPlain,1,1,0.00441017,708,7,8.13656,709,709,0,0.00109252,0.00249477,0,0,0.0114923,0,1,1,7,0,0,0,1,0,0,708,242844,708
1,bookshelf_small,54,qpAdaptive,1,1,0.00267781,382,7,8.13656,591,591,0,0.00109252,0.00249477,0,0,0.0212999,0.120419,1,1,7,0,0,0,0.879581,0.112565,0.0078534,382,106854,319
1,bookshelf_small,54,qpFreeGate,1,1,0.0592071,12125,45,10.8988,914,914,0,0.00513104,0.00249477,0,0,0.00443868,0,88,27,0.511364,0,0,0,1,0,0,0,0,0
1,bookshelf_small,54,qpEnvelope,1,1,0.00196469,259,7,8.13705,531,531,0,0.00108953,0.00249477,0,0,0.0314172,0.111969,1,1,7,0,0,0,0.888031,0.0965251,0.015444,259,73002,234
1,bookshelf_small,61,isSafe,1,1,0.0027982,1136,8,8.82531,6,443,0,0.00709488,0.00249477,0,0,0,0,6,4,1.33333,0,0,0,0,0,0,0,0,0
1,bookshelf_small,61,qpFixed,1,1,0.00228574,466,5,5.90621,467,467,0,0.0073885,0.00249477,0,0,0.0126743,0,1,1,5,0,0,0,1,0,0,466,110246,111
1,bookshelf_small,61,qpPlain,1,1,0.00266936,466,5,5.90621,467,467,0,0.0073885,0.00249477,0,0,0.0126743,0,1,1,5,0,0,0,1,0,0,466,159838,466
1,bookshelf_small,61,qpAdaptive,1,1,0.000452316,77,5,5.90568,333,333,0,0.0073885,0.00249477,0,0,0.0766971,0.857143,1,1,5,0,0,0,0.142857,0.818182,0.038961,77,19188,43
1,bookshelf_small,61,qpFreeGate,1,1,0.00530795,1092,8,7.17135,682,682,0,0.00584069,0.00249477,0,0,0.0087826,0,4,3,2,0,0,0,1,0,0,0,0,0
1,bookshelf_small,61,qpEnvelope,1,1,0.000268858,27,5,5.90589,310,310,0,0.0073885,0.00249477,0,0,0.218737,1,1,1,5,0,0,0,0,0.888889,0.111111,27,6823,13
1,bookshelf_small,68,isSafe,1,0,10.0034,2,1,0,0,0,0,inf,inf,0,0,0,0,0,0,0,0,0,0,0,0,0,0,0,0
1,bookshelf_small,68,qpFixed,1,0,10.0001,1609901,3086,0,0,0,0,inf,inf,0,0,0.00548679,0,7480,2954,0.412567,0,0,0,1,0,0,1609901,482093571,1536497
1,bookshelf_small,68,qpPlain,1,0,10.0011,1606043,3080,0,0,0,0,inf,inf,0,0,0.00548951,0,7461,2948,0.412813,0,0,0,1,0,0,1606043,550872749,1606043
1,bookshelf_small,68,qpAdaptive,1,0,10.0007,1491204,3154,0,0,0,0,inf,inf,0,0,0.00605723,0.0570318,7693,3021,0.409983,0,0,0,0.942694,0.0562754,0.00103071,1491204,447508698,1474546
1,bookshelf_small,68,qpFreeGate,1,0,10.0004,2010328,6637,0,0,0,0,inf,inf,0,0,0.00365283,0,43163,6635,0.153766,0,0,0,1,0,0,0,0,0
1,bookshelf_small,68,qpEnvelope,1,0,10.0011,1486975,3240,0,0,0,0,inf,inf,0,0,0.00631546,0.00627919,8085,3106,0.400742,0,0,0,0.99368,0.00525429,0.00106592,1486975,445921822,1481140
1,bookshelf_small,75,isSafe,1,1,0.00478507,1932,12,12.6001,8,632,0,0.008202,0.00249477,0,0,0,0,20,7,0.6,0,0,0,0,0,0,0,0,0
1,bookshelf_small,75,qpFixed,1,1,0.00761372,1266,11,15.1693,1145,1145,0,0.000722351,0.00249477,0,0,0.0126261,0,3,3,3.66667,0,0,0,1,0,0,1266,326046,1097
1,bookshelf_small,75,qpPlain,1,1,0.00810503,1266,11,15.1693,1145,1145,0,0.000722351,0.00249477,0,0,0.0126261,0,3,3,3.66667,0,0,0,1,0,0,1266,434238,1266
1,bookshelf_small,75,qpAdaptive,1,1,0.00609771,921,11,15.1854,1052,1052,0,0.00070688,0.00249477,0,0,0.0173625,0.237785,3,3,3.66667,0,0,0,0.760043,0.234528,0.00542888,921,238966,894
1,bookshelf_small,75,qpFreeGate,1,1,0.0174237,3598,22,13.4881,1309,1309,0,0.00110062,0.00249477,0,0,0.00573006,0,20,9,1.1,0,0,0,1,0,0,0,0,0
1,bookshelf_small,75,qpEnvelope,1,1,0.0038587,544,11,15.2155,915,915,0,0.000770092,0.00249477,0,0,0.0294407,0.204044,3,3,3.66667,0,0,0,0.794118,0.193015,0.0128676,544,136747,533
1,bookshelf_small,82,isSafe,1,0,10.0094,2,1,0,0,0,0,inf,inf,0,0,0,0,0,0,0,0,0,0,0,0,0,0,0,0
1,bookshelf_small,82,qpFixed,1,0,10.0014,1608859,3050,0,0,0,0,inf,inf,0,0,0.0054623,0,7476,2934,0.407972,0,0,0,1,0,0,1608859,481746159,1538707
1,bookshelf_small,82,qpPlain,1,0,10.0005,1602380,3036,0,0,0,0,inf,inf,0,0,0.00546487,0,7443,2920,0.4079,0,0,0,1,0,0,1602380,549616340,1602380
1,bookshelf_small,82,qpAdaptive,1,0,10.0004,1495733,3129,0,0,0,0,inf,inf,0,0,0.0060271,0.0544689,7703,3012,0.406205,0,0,0,0.945256,0.0537456,0.000998173,1495733,449157971,1480228
1,bookshelf_small,82,qpFreeGate,1,0,10.0001,2008959,6317,0,0,0,0,inf,inf,0,0,0.00348657,0,43213,6315,0.146183,0,0,0,1,0,0,0,0,0
1,bookshelf_small,82,qpEnvelope,1,0,10,1486306,3218,0,0,0,0,inf,inf,0,0,0.00624046,0.006718,7983,3090,0.403107,0,0,0,0.993242,0.00573167,0.00102604,1486306,445444744,1481180
1,bookshelf_small,90,isSafe,1,0,10.0017,2,1,0,0,0,0,inf,inf,0,0,0,0,0,0,0,0,0,0,0,0,0,0,0,0
1,bookshelf_small,90,qpFixed,1,0,10.0005,1584958,2982,0,0,0,0,inf,inf,0,0,0.00538102,0,7442,2874,0.400699,0,0,0,1,0,0,1584958,476897888,1520659
1,bookshelf_small,90,qpPlain,1,0,10.001,1581741,2975,0,0,0,0,inf,inf,0,0,0.00538147,0,7425,2867,0.400673,0,0,0,1,0,0,1581741,542537163,1581741
1,bookshelf_small,90,qpAdaptive,1,0,10.0005,1473034,3033,0,0,0,0,inf,inf,0,0,0.00589247,0.0532859,7597,2920,0.399237,0,0,0,0.946479,0.0525746,0.000946348,1473034,445115574,1458434
1,bookshelf_small,90,qpFreeGate,1,0,10.0004,2009374,6100,0,0,0,0,inf,inf,0,0,0.00336222,0,43791,6098,0.139298,0,0,0,1,0,0,0,0,0
1,bookshelf_small,90,qpEnvelope,1,0,10.001,1467158,3148,0,0,0,0,inf,inf,0,0,0.0061789,0.0092335,7958,3040,0.395577,0,0,0,0.990709,0.0082234,0.00106805,1467158,443701046,1462294
1,bookshelf_small,97,isSafe,1,0,10.0076,2,1,0,0,0,0,inf,inf,0,0,0,0,0,0,0,0,0,0,0,0,0,0,0,0
1,bookshelf_small,97,qpFixed,1,0,10.0001,1647528,6909,0,0,0,0,inf,inf,0,0,0.00744264,0,27101,6907,0.254935,0,0,0,1,0,0,1647528,486388340,1459826
1,bookshelf_small,97,qpPlain,1,0,10.0004,1627800,6823,0,0,0,0,inf,inf,0,0,0.00745052,0,26753,6821,0.255037,0,0,0,1,0,0,1627800,558335400,1627800
1,bookshelf_small,97,qpAdaptive,1,0,10.0008,1508182,7819,0,0,0,0,inf,inf,0,0,0.00912622,0.106803,31021,7817,0.252055,0,0,0,0.890716,0.105999,0.00328517,1508182,447789170,1465003
1,bookshelf_small,97,qpFreeGate,1,0,10.0004,2065003,6498,0,0,0,0,inf,inf,0,0,0.00349627,0,44389,6496,0.146388,0,0,0,1,0,0,0,0,0
1,bookshelf_small,97,qpEnvelope,1,0,10.001,1480910,8414,0,0,0,0,inf,inf,0,0,0.0100088,0.0166269,33703,8412,0.249651,0,0,0,0.982933,0.0132876,0.00377908,1480910,439012421,1466394
1,box,4,isSafe,1,1,0.00860552,3665,21,14.0129,9,702,0,0.00987155,0.00249477,0,0,0,0,57,16,0.368421,0,0,0,0,0,0,0,0,0
1,box,4,qpFixed,1,1,0.00265774,489,7,6.40881,490,490,0,0.00117013,0.00249477,0,0,0.013106,0,1,1,7,0,0,0,1,0,0,489,132773,257
1,box,4,qpPlain,1,1,0.0028258,489,7,6.40881,490,490,0,0.00117013,0.00249477,0,0,0.013106,0,1,1,7,0,0,0,1,0,0,489,167727,489
1,box,4,qpAdaptive,1,1,0.00113923,175,7,6.41328,404,404,0,0.00111512,0.00249477,0,0,0.0366473,0.48,1,1,7,0,0,0,0.52,0.457143,0.0228571,175,50830,154
1,box,4,qpFreeGate,1,1,0.0337337,7316,25,10.5078,922,922,0,0.0166567,0.00249477,0,0,0.00466942,0,47,18,0.531915,0,0,0,1,0,0,0,0,0
1,box,4,qpEnvelope,1,1,0.0050646,644,30,12.5586,674,674,0,0.00510428,0.00249477,0,0,0.056991,0.65528,10,10,3,0,0,0,0.336957,0.613354,0.0496894,644,168849,596
1,box,11,isSafe,1,1,0.0048095,2053,12,13.8585,8,694,0,0.0138283,0.00249477,0,0,0,0,28,9,0.428571,0,0,0,0,0,0,0,0,0
1,box,11,qpFixed,1,1,0.0174151,3069,28,11.3429,902,902,0,0.0271264,0.00249477,0,0,0.0111096,0,10,10,2.8,0,0,0,1,0,0,3069,809607,2538
1,box,11,qpPlain,1,1,0.0184131,3069,28,11.3429,902,902,0,0.0271264,0.00249477,0,0,0.0111096,0,10,10,2.8,0,0,0,1,0,0,3069,1052667,3069
1,box,11,qpAdaptive,1,1,0.0110604,1742,29,11.3355,720,720,0,0.0272179,0.00249477,0,0,0.0196015,0.352468,10,10,2.9,0,0,0,0.642365,0.346154,0.0114811,1742,473325,1580
1,box,11,qpFreeGate,1,1,0.0569554,12279,40,11.7356,1221,1221,0,0.00817817,0.00249477,0,0,0.00450334,0,71,32,0.56338,0,0,0,1,0,0,0,0,0
1,box,11,qpEnvelope,1,1,0.00792774,1146,26,11.3175,636,636,0,0.0258852,0.00249477,0,0,0.029979,0.176265,10,10,2.6,0,0,0,0.818499,0.161431,0.0200698,1146,313335,1104
1,box,18,isSafe,1,1,0.0044024,1860,11,11.8442,7,594,0,0.0102734,0.00249477,0,0,0,0,16,8,0.6875,0,0,0,0,0,0,0,0,0
1,box,18,qpFixed,1,1,0.00287321,530,6,6.46436,531,531,0,0.001176,0.00249477,0,0,0.0121969,0,1,1,6,0,0,0,1,0,0,530,147365,272
1,box,18,qpPlain,1,1,0.00301712,530,6,6.46436,531,531,0,0.001176,0.00249477,0,0,0.0121969,0,1,1,6,0,0,0,1,0,0,530,181790,530
1,box,18,qpAdaptive,1,1,0.00161936,254,6,6.46459,417,417,0,0.00117198,0.00249477,0,0,0.0254511,0.417323,1,1,6,0,0,0,0.57874,0.405512,0.015748,254,73495,231
1,box,18,qpFreeGate,1,1,0.0137348,2998,14,7.05292,739,739,0,0.0134646,0.00249477,0,0,0.00636688,0,16,9,0.875,0,0,0,1,0,0,0,0,0
1,box,18,qpEnvelope,1,1,0.000782084,97,6,6.46956,375,375,0,0.00104967,0.00249477,0,0,0.0666965,0.680412,1,1,6,0,0,0,0.319588,0.639175,0.0412371,97,28589,86
1,box,25,isSafe,1,1,0.00812797,3473,19,10.9592,7,549,0,0.00470429,0.00249477,0,0,0,0,83,15,0.228916,0,0,0,0,0,0,0,0,0
1,box,25,qpFixed,1,1,0.00292873,604,6,6.91443,605,605,0,0.00126559,0.00249477,0,0,0.0114477,0,1,1,6,0,0,0,1,0,0,604,140344,260
1,box,25,qpPlain,1,1,0.00344349,604,6,6.91443,605,605,0,0.00126559,0.00249477,0,0,0.0114477,0,1,1,6,0,0,0,1,0,0,604,207172,604
1,box,25,qpAdaptive,1,1,0.000874562,148,6,6.91658,405,405,0,0.00115643,0.00249477,0,0,0.0467337,0.554054,1,1,6,0,0,0,0.439189,0.533784,0.027027,148,37506,117
1,box,25,qpFreeGate,1,1,0.0453051,9940,33,15.5923,1392,1392,0,0.0215218,0.00249477,0,0,0.00489407,0,55,22,0.6,0,0,0,1,0,0,0,0,0
1,box,25,qpEnvelope,1,1,0.000599186,88,6,6.91811,383,383,0,0.000745352,0.00249477,0,0,0.0786149,0.375,1,1,6,0,0,0,0.613636,0.340909,0.0454545,88,22393,70
1,box,32,isSafe,1,1,0.0136736,5856,30,5.93509,4,298,0,0.0270114,0.00249477,0,0,0,0,116,27,0.258621,0,0,0,0,0,0,0,0,0
1,box,32,qpFixed,1,1,0.00198012,404,6,5.34714,405,405,0,0.0203409,0.00249477,0,0,0.0132355,0,1,1,6,0,0,0,1,0,0,404,94214,183
1,box,32,qpPlain,1,1,0.00226136,404,6,5.34714,405,405,0,0.0203409,0.00249477,0,0,0.0132355,0,1,1,6,0,0,0,1,0,0,404,138572,404
1,box,32,qpAdaptive,1,1,0.000462554,75,6,5.35211,301,301,0,0.0198757,0.00249477,0,0,0.0713614,0.986667,1,1,6,0,0,0,0,0.946667,0.0533333,75,19589,60
1,box,32,qpFreeGate,1,1,0.0876443,19243,53,9.55385,1150,1150,0,0.00299282,0.00249477,0,0,0.00431196,0,116,43,0.456897,0,0,0,1,0,0,0,0,0
1,box,32,qpEnvelope,1,1,0.000251543,28,6,5.37136,286,286,0,0.0177197,0.00249477,0,0,0.191834,1,1,1,6,0,0,0,0,0.857143,0.142857,28,7620,21
1,box,39,isSafe,1,1,0.00147866,633,6,6.05638,5,304,0,0.00289824,0.00249477,0,0,0,0,9,2,0.666667,0,0,0,0,0,0,0,0,0
1,box,39,qpFixed,1,1,0.0103503,1898,19,12.904,1036,1036,0,0.00365197,0.00249477,0,0,0.0121233,0,5,5,3.8,0,0,0,1,0,0,1898,463362,1614
1,box,39,qpPlain,1,1,0.0112262,1898,19,12.904,1036,1036,0,0.00365197,0.00249477,0,0,0.0121233,0,5,5,3.8,0,0,0,1,0,0,1898,651014,1898
1,box,39,qpAdaptive,1,1,0.00498085,819,19,13.0239,822,822,0,0.00298706,0.00249477,0,0,0.0283092,0.483516,5,5,3.8,0,0,0,0.5116,0.467643,0.020757,819,201014,779
1,box,39,qpFreeGate,1,1,0.00879586,1921,11,8.19948,785,785,0,0.0251211,0.00249477,0,0,0.00677474,0,9,5,1.22222,0,0,0,1,0,0,0,0,0
1,box,39,qpEnvelope,1,1,0.00419363,634,16,13.3516,812,812,0,0.00025287,0.00249477,0,0,0.0365582,0.225552,5,5,3.2,0,0,0,0.769716,0.211356,0.0189274,634,146047,606
1,box,46,isSafe,1,1,0.00919854,3959,21,9.98114,6,501,0,0.00297834,0.00249477,0,0,0,0,78,18,0.269231,0,0,0,0,0,0,0,0,0
1,box,46,qpFixed,1,1,0.00315085,649,7,7.84394,570,570,0,0.00683623,0.00249477,0,0,0.0129449,0,2,2,3.5,0,0,0,1,0,0,649,163433,286
1,box,46,qpPlain,1,1,0.00351264,649,7,7.84394,570,570,0,0.00683623,0.00249477,0,0,0.0129449,0,2,2,3.5,0,0,0,1,0,0,649,222607,649
1,box,46,qpAdaptive,1,1,0.00102998,176,7,7.84492,437,437,0,0.00558886,0.00249477,0,0,0.0477187,0.545455,2,2,3.5,0,0,0,0.454545,0.517045,0.0284091,176,48856,142
1,box,46,qpFreeGate,1,1,0.0454496,9892,33,11.896,1538,1538,0,0.00504391,0.00249477,0,0,0.00378222,0,59,22,0.559322,0,0,0,1,0,0,0,0,0
1,box,46,qpEnvelope,1,1,0.000735698,110,7,7.85187,416,416,0,0.00241118,0.00249477,0,0,0.0764226,0.309091,2,2,3.5,0,0,0,0.690909,0.263636,0.0454545,110,30446,98
1,box,53,isSafe,1,1,0.00137572,587,5,5.82687,4,293,0,0.0205458,0.00249477,0,0,0,0,1,1,5,0,0,0,0,0,0,0,0,0
1,box,53,qpFixed,1,1,0.00215303,414,10,5.70248,415,415,0,0.0167585,0.00249477,0,0,0.0137741,0,1,1,10,0,0,0,1,0,0,414,118171,184
1,box,53,qpPlain,1,1,0.0022829,414,10,5.70248,415,415,0,0.0167585,0.00249477,0,0,0.0137741,0,1,1,10,0,0,0,1,0,0,414,142002,414
1,box,53,qpAdaptive,1,1,0.00050448,85,11,5.71637,332,332,0,0.0170855,0.00249477,0,0,0.0672514,0.952941,1,1,11,0,0,0,0,0.894118,0.105882,85,25070,46
1,box,53,qpFreeGate,1,1,0.00228779,491,7,5.61255,492,492,0,0.00858839,0.00249477,0,0,0.0114309,0,1,1,7,0,0,0,1,0,0,0,0,0
1,box,53,qpEnvelope,1,1,0.000835267,72,16,7.24928,377,377,0,0.0183983,0.00249477,0,0,0.234215,0.986111,4,4,4,0,0,0,0,0.763889,0.236111,72,21191,47
1,box,60,isSafe,1,1,0.00427061,1831,11,9.55832,6,479,0,0.00351517,0.00249477,0,0,0,0,28,8,0.392857,0,0,0,0,0,0,0,0,0
1,box,60,qpFixed,1,1,0.00166934,328,6,4.8602,329,329,0,0.00306698,0.00249477,0,0,0.0148177,0,1,1,6,0,0,0,1,0,0,328,81116,147
1,box,60,qpPlain,1,1,0.00186039,328,6,4.8602,329,329,0,0.00306698,0.00249477,0,0,0.0148177,0,1,1,6,0,0,0,1,0,0,328,112504,328
1,box,60,qpAdaptive,1,1,0.000990221,165,6,4.86047,293,293,0,0.00306322,0.00249477,0,0,0.0294574,0.278788,1,1,6,0,0,0,0.721212,0.260606,0.0181818,165,41410,142
1,box,60,qpFreeGate,1,1,0.103002,22437,55,13.6374,1519,1519,0,0.00864981,0.00249477,0,0,0.00341148,0,150,39,0.366667,0,0,0,1,0,0,0,0,0
1,box,60,qpEnvelope,1,1,0.000635955,91,6,4.86135,278,278,0,0.00333249,0.00249477,0,0,0.0534214,0.351648,1,1,6,0,0,0,0.648352,0.307692,0.043956,91,23408,79
1,box,67,isSafe,1,1,0.00223235,949,7,9.32355,6,468,0,0.0331231,0.00249477,0,0,0,0,4,3,1.75,0,0,0,0,0,0,0,0,0
1,box,67,qpFixed,1,1,0.00671902,1272,9,9.38675,693,693,0,0.0838857,0.00249477,0,0,0.0111247,0,4,3,2.25,0,0,0,1,0,0,1272,332076,714
1,box,67,qpPlain,1,1,0.00732963,1272,9,9.38675,693,693,0,0.0838857,0.00249477,0,0,0.0111247,0,4,3,2.25,0,0,0,1,0,0,1272,436296,1272
1,box,67,qpAdaptive,1,1,0.00299235,485,9,9.39167,508,508,0,0.0841877,0.00249477,0,0,0.0291959,0.45567,4,3,2.25,0,0,0,0.54433,0.443299,0.0123711,485,125237,435
1,box,67,qpFreeGate,1,1,0.00528337,1136,9,9.38317,745,745,0,0.0436872,0.00249477,0,0,0.00910261,0,4,3,2.25,0,0,0,1,0,0,0,0,0
1,box,67,qpEnvelope,1,1,0.00193815,279,9,9.39746,480,480,0,0.0780083,0.00249477,0,0,0.0508674,0.197133,4,3,2.25,0,0,0,0.802867,0.172043,0.0250896,279,71167,263
1,box,74,isSafe,1,1,0.00586583,2498,14,13.8702,8,695,0,0.0257388,0.00249477,0,0,0,0,25,9,0.56,0,0,0,0,0,0,0,0,0
1,box,74,qpFixed,1,1,0.0029503,581,6,6.84035,582,582,0,0.00166175,0.00249477,0,0,0.0117734,0,1,1,6,0,0,0,1,0,0,581,160325,205
1,box,74,qpPlain,1,1,0.00319059,581,6,6.84035,582,582,0,0.00166175,0.00249477,0,0,0.0117734,0,1,1,6,0,0,0,1,0,0,581,199283,581
1,box,74,qpAdaptive,1,1,0.00124142,205,6,6.84072,450,450,0,0.00165814,0.00249477,0,0,0.0333694,0.380488,1,1,6,0,0,0,0.619512,0.365854,0.0146341,205,58798,163
1,box,74,qpFreeGate,1,1,0.0131886,2843,14,11.5702,983,983,0,0.00937784,0.00249477,0,0,0.00676059,0,14,8,1,0,0,0,1,0,0,0,0,0
1,box,74,qpEnvelope,1,1,0.00072188,93,6,6.84339,396,396,0,0.00155681,0.00249477,0,0,0.0735848,0.494624,1,1,6,0,0,0,0.483871,0.473118,0.0430108,93,26883,73
1,box,81,isSafe,1,1,0.00514522,2189,13,13.3281,8,668,0,0.0621796,0.00249477,0,0,0,0,16,8,0.8125,0,0,0,0,0,0,0,0,0
1,box,81,qpFixed,1,1,0.00518515,1044,14,9.8783,683,683,0,0.00477687,0.00249477,0,0,0.012321,0,3,3,4.66667,0,0,0,1,0,0,1044,253773,444
1,box,81,qpPlain,1,1,0.00585482,1044,14,9.8783,683,683,0,0.00477687,0.00249477,0,0,0.012321,0,3,3,4.66667,0,0,0,1,0,0,1044,358092,1044
1,box,81,qpAdaptive,1,1,0.00193426,317,16,7.46049,439,439,0,0.00480625,0.00249477,0,0,0.025786,0.44164,2,2,8,0,0,0,0.542587,0.416404,0.0410095,317,81164,270
1,box,81,qpFreeGate,1,1,0.0894729,19481,57,20.9559,2047,2047,0,0.00329422,0.00249477,0,0,0.0045089,0,116,44,0.491379,0,0,0,1,0,0,0,0,0
1,box,81,qpEnvelope,1,1,0.00134119,189,13,9.88249,525,525,0,0.00461645,0.00249477,0,0,0.0680148,0.301587,3,3,4.33333,0,0,0,0.698413,0.238095,0.0634921,189,49080,154
1,box,88,isSafe,1,1,0.00235085,1001,7,9.85186,6,494,0,0.00540669,0.00249477,0,0,0,0,6,3,1.16667,0,0,0,0,0,0,0,0,0
1,box,88,qpFixed,1,1,0.00241774,466,6,6.44203,467,467,0,0.0033398,0.00249477,0,0,0.0138241,0,1,1,6,0,0,0,1,0,0,466,128118,202
1,box,88,qpPlain,1,1,0.00259615,466,6,6.44203,467,467,0,0.0033398,0.00249477,0,0,0.0138241,0,1,1,6,0,0,0,1,0,0,466,159838,466
1,box,88,qpAdaptive,1,1,0.000730946,117,6,6.44738,377,377,0,0.00315419,0.00249477,0,0,0.0551058,0.632479,1,1,6,0,0,0,0.367521,0.598291,0.034188,117,34787,97
1,box,88,qpFreeGate,1,1,0.0155994,3368,25,11.7209,1345,1345,0,0.00061921,0.00249477,0,0,0.0062365,0,16,11,1.5625,0,0,0,1,0,0,0,0,0
1,box,88,qpEnvelope,1,1,0.000527933,63,6,6.46272,353,353,0,0.00261293,0.00249477,0,0,0.102583,0.634921,1,1,6,0,0,0,0.365079,0.571429,0.0634921,63,18631,54
1,box,95,isSafe,1,1,0.0125912,5367,29,14.0839,9,706,0,0.0300424,0.00249477,0,0,0,0,100,25,0.29,0,0,0,0,0,0,0,0,0
1,box,95,qpFixed,1,1,0.00563452,1051,18,11.9577,931,931,0,0.00574553,0.00249477,0,0,0.0121952,0,3,3,6,0,0,0,1,0,0,1051,312001,617
1,box,95,qpPlain,1,1,0.00583474,1051,18,11.9577,931,931,0,0.00574553,0.00249477,0,0,0.0121952,0,3,3,6,0,0,0,1,0,0,1051,360493,1051
1,box,95,qpAdaptive,1,1,0.00138469,228,15,11.968,668,668,0,0.00495906,0.00249477,0,0,0.055944,0.618421,3,3,5,0,0,0,0.377193,0.570175,0.0526316,228,68310,207
1,box,95,qpFreeGate,1,1,0.020997,4549,19,10.7718,1302,1302,0,0.00448664,0.00249477,0,0,0.00451185,0,25,12,0.76,0,0,0,1,0,0,0,0,0
1,box,95,qpEnvelope,1,1,0.00100516,136,15,11.9839,630,630,0,0.0030855,0.00249477,0,0,0.093716,0.455882,3,3,5,0,0,0,0.536765,0.367647,0.0955882,136,40642,124
1,table_pick,2,isSafe,1,1,0.0124867,3640,20,15.8415,10,794,0,0.000633054,0.00249477,0,0,0,0,79,16,0.253165,0,0,0,0,0,0,0,0,0
1,table_pick,2,qpFixed,1,1,0.00437729,643,7,8.5026,644,644,0,0.0016844,0.00249477,0,0,0.0132233,0,1,1,7,0,0,0,1,0,0,643,172567,496
1,table_pick,2,qpPlain,1,1,0.00459831,643,7,8.5026,644,644,0,0.0016844,0.00249477,0,0,0.0132233,0,1,1,7,0,0,0,1,0,0,643,220549,643
1,table_pick,2,qpAdaptive,1,1,0.003006,397,7,8.51764,583,583,0,0.00169387,0.00249477,0,0,0.021455,0.335013,1,1,7,0,0,0,0.662469,0.327456,0.0100756,397,107257,379
1,table_pick,2,qpFreeGate,1,1,0.0221346,3887,16,14.5253,1329,1329,0,0.00471244,0.00249477,0,0,0.00533207,0,27,10,0.592593,0,0,0,1,0,0,0,0,0
1,table_pick,2,qpEnvelope,1,1,0.00136964,149,7,8.54778,499,499,0,0.00186807,0.00249477,0,0,0.0573676,0.758389,1,1,7,0,0,0,0.228188,0.738255,0.033557,149,41131,142
1,table_pick,9,isSafe,1,1,0.00829876,2410,15,11.5957,8,581,0,0.00176159,0.00249477,0,0,0,0,37,9,0.405405,0,0,0,0,0,0,0,0,0
1,table_pick,9,qpFixed,1,1,0.0039429,636,7,8.25928,637,637,0,0.00103813,0.00249477,0,0,0.0129863,0,1,1,7,0,0,0,1,0,0,636,163084,218
1,table_pick,9,qpPlain,1,1,0.00430953,636,7,8.25928,637,637,0,0.00103813,0.00249477,0,0,0.0129863,0,1,1,7,0,0,0,1,0,0,636,218148,636
1,table_pick,9,qpAdaptive,1,1,0.00161137,208,7,8.25957,515,515,0,0.0010382,0.00249477,0,0,0.0397095,0.3125,1,1,7,0,0,0,0.677885,0.298077,0.0240385,208,60852,179
1,table_pick,9,qpFreeGate,1,1,0.0544686,9456,24,11.989,1132,1132,0,0.00360651,0.00249477,0,0,0.00427498,0,60,19,0.4,0,0,0,1,0,0,0,0,0
1,table_pick,9,qpEnvelope,1,1,0.00127602,146,7,8.26147,484,484,0,0.000974283,0.00249477,0,0,0.0565854,0.294521,1,1,7,0,0,0,0.705479,0.260274,0.0342466,146,42549,130
1,table_pick,16,isSafe,1,1,0.00340854,991,7,5.32902,4,268,0,0.00265211,0.00249477,0,0,0,0,8,4,0.875,0,0,0,0,0,0,0,0,0
1,table_pick,16,qpFixed,1,1,0.00230495,393,6,5.98004,394,394,0,0.00649744,0.00249477,0,0,0.0152164,0,1,1,6,0,0,0,1,0,0,393,100639,59
1,table_pick,16,qpPlain,1,1,0.00255715,393,6,5.98004,394,394,0,0.00649744,0.00249477,0,0,0.0152164,0,1,1,6,0,0,0,1,0,0,393,134799,393
1,table_pick,16,qpAdaptive,1,1,0.000401349,56,6,5.98064,325,325,0,0.00654906,0.00249477,0,0,0.106797,0.875,1,1,6,0,0,0,0.125,0.803571,0.0714286,56,15529,31
1,table_pick,16,qpFreeGate,1,1,0.00623872,1087,12,2.64057,267,267,0,0.00231711,0.00249477,0,0,0.00775548,0,8,4,1.5,0,0,0,1,0,0,0,0,0
1,table_pick,16,qpEnvelope,1,1,0.000334514,30,6,5.98574,314,314,0,0.00649924,0.00249477,0,0,0.199525,1,1,1,6,0,0,0,0,0.866667,0.133333,30,8462,18
1,table_pick,23,isSafe,1,1,0.00308872,893,7,8.68169,6,436,0,0.00266621,0.00249477,0,0,0,0,8,2,0.875,0,0,0,0,0,0,0,0,0
1,table_pick,23,qpFixed,1,1,0.00357575,632,7,8.01631,633,633,0,0.00601909,0.00249477,0,0,0.012684,0,1,1,7,0,0,0,1,0,0,632,145537,98
1,table_pick,23,qpPlain,1,1,0.00409711,632,7,8.01631,633,633,0,0.00601909,0.00249477,0,0,0.012684,0,1,1,7,0,0,0,1,0,0,632,216776,632
1,table_pick,23,qpAdaptive,1,1,0.000513002,71,7,8.01788,436,436,0,0.00601909,0.00249477,0,0,0.112928,0.774648,1,1,7,0,0,0,0.225352,0.704225,0.0704225,71,18679,40
1,table_pick,23,qpFreeGate,1,1,0.00802082,1419,8,8.36387,691,691,0,0.00202497,0.00249477,0,0,0.00677292,0,8,3,1,0,0,0,1,0,0,0,0,0
1,table_pick,23,qpEnvelope,1,1,0.000326789,35,7,8.01941,420,420,0,0.00602514,0.00249477,0,0,0.229126,1,1,1,7,0,0,0,0,0.857143,0.142857,35,9074,21
1,table_pick,30,isSafe,1,1,0.0113419,3307,18,14.2282,9,713,0,0.00122527,0.00249477,0,0,0,0,61,13,0.295082,0,0,0,0,0,0,0,0,0
1,table_pick,30,qpFixed,1,1,0.0028965,421,11,5.14656,422,422,0,0.00125321,0.00249477,0,0,0.0122246,0,1,1,11,0,0,0,1,0,0,421,106991,344
1,table_pick,30,qpPlain,1,1,0.00302152,421,11,5.14656,422,422,0,0.00125321,0.00249477,0,0,0.0122246,0,1,1,11,0,0,0,1,0,0,421,144403,421
1,table_pick,30,qpAdaptive,1,1,0.00167231,214,12,5.17335,360,360,0,0.00121312,0.00249477,0,0,0.0241745,0.453271,1,1,12,0,0,0,0.523364,0.434579,0.0420561,214,57728,203
1,table_pick,30,qpFreeGate,1,1,0.0456717,7998,35,6.92129,843,843,0,0.00271668,0.00249477,0,0,0.00476087,0,68,19,0.514706,0,0,0,1,0,0,0,0,0
1,table_pick,30,qpEnvelope,1,1,0.00232549,256,16,9.21903,537,537,0,0.00104561,0.00249477,0,0,0.0629988,0.367188,4,4,4,0,0,0,0.605469,0.335938,0.0585938,256,72629,226
1,table_pick,37,isSafe,1,1,0.00407355,1188,8,11.6585,7,584,0,0.00316394,0.00249477,0,0,0,0,6,3,1.33333,0,0,0,0,0,0,0,0,0
1,table_pick,37,qpFixed,1,1,0.00412084,704,9,9.09492,705,705,0,0.00593933,0.00249477,0,0,0.0129189,0,1,1,9,0,0,0,1,0,0,704,167520,224
1,table_pick,37,qpPlain,1,1,0.00462235,704,9,9.09492,705,705,0,0.00593933,0.00249477,0,0,0.0129189,0,1,1,9,0,0,0,1,0,0,704,241472,704
1,table_pick,37,qpAdaptive,1,1,0.000658682,93,10,9.11081,505,505,0,0.00594175,0.00249477,0,0,0.0979657,0.741935,1,1,10,0,0,0,0.225806,0.688172,0.0860215,93,24787,63
1,table_pick,37,qpFreeGate,1,1,0.0221304,3925,15,12.8493,1044,1044,0,0.00386324,0.00249477,0,0,0.00489437,0,34,9,0.441176,0,0,0,1,0,0,0,0,0
1,table_pick,37,qpEnvelope,1,1,0.000806064,80,15,12.6499,665,665,0,0.00592216,0.00249477,0,0,0.193503,0.9625,3,3,5,0,0,0,0,0.8125,0.1875,80,21965,61
1,table_pick,44,isSafe,1,1,0.00461,1335,9,6.88451,5,346,0,0.0021945,0.00249477,0,0,0,0,10,5,0.9,0,0,0,0,0,0,0,0,0
1,table_pick,44,qpFixed,1,1,0.00300302,542,6,6.13435,543,543,0,0.00617344,0.00249477,0,0,0.011318,0,1,1,6,0,0,0,1,0,0,542,118236,103
1,table_pick,44,qpPlain,1,1,0.00351027,542,6,6.13435,543,543,0,0.00617344,0.00249477,0,0,0.011318,0,1,1,6,0,0,0,1,0,0,542,185906,542
1,table_pick,44,qpAdaptive,1,1,0.000507338,74,6,6.14142,345,345,0,0.00620261,0.00249477,0,0,0.0829921,0.878378,1,1,6,0,0,0,0.121622,0.824324,0.0540541,74,17830,49
1,table_pick,44,qpFreeGate,1,1,0.0511162,8903,29,8.33285,661,661,0,0.00703669,0.00249477,0,0,0.00531209,0,74,25,0.391892,0,0,0,1,0,0,0,0,0
1,table_pick,44,qpEnvelope,1,1,0.000325403,34,6,6.15636,325,325,0,0.00614326,0.00249477,0,0,0.181069,1,1,1,6,0,0,0,0,0.882353,0.117647,34,8147,25
1,table_pick,51,isSafe,1,1,0.00299768,866,7,8.61459,6,432,0,0.00147448,0.00249477,0,0,0,0,2,2,3.5,0,0,0,0,0,0,0,0,0
1,table_pick,51,qpFixed,1,1,0.00362642,631,6,7.19612,632,632,0,0.00491354,0.00249477,0,0,0.0114043,0,1,1,6,0,0,0,1,0,0,631,147986,208
1,table_pick,51,qpPlain,1,1,0.00412344,631,6,7.19612,632,632,0,0.00491354,0.00249477,0,0,0.0114043,0,1,1,6,0,0,0,1,0,0,631,216433,631
1,table_pick,51,qpAdaptive,1,1,0.000781089,113,6,7.19633,413,413,0,0.00490332,0.00249477,0,0,0.0636844,0.893805,1,1,6,0,0,0,0.0973451,0.867257,0.0353982,113,29116,83
1,table_pick,51,qpFreeGate,1,1,0.0137216,2417,13,11.8566,854,854,0,0.00426378,0.00249477,0,0,0.00764927,0,16,8,0.8125,0,0,0,1,0,0,0,0,0
1,table_pick,51,qpEnvelope,1,1,0.000430727,47,6,7.19745,385,385,0,0.00460593,0.00249477,0,0,0.153137,1,1,1,6,0,0,0,0,0.914894,0.0851064,47,12328,34
1,table_pick,58,isSafe,1,1,0.010567,3098,17,16.3195,10,817,0,0.000235601,0.00249477,0,0,0,0,55,11,0.309091,0,0,0,0,0,0,0,0,0
1,table_pick,58,qpFixed,1,1,0.00257116,431,5,5.12421,432,432,0,0.00398547,0.00249477,0,0,0.0118891,0,1,1,5,0,0,0,1,0,0,431,102256,124
1,table_pick,58,qpPlain,1,1,0.00288696,431,5,5.12421,432,432,0,0.00398547,0.00249477,0,0,0.0118891,0,1,1,5,0,0,0,1,0,0,431,147833,431
1,table_pick,58,qpAdaptive,1,1,0.000682135,91,5,5.12497,309,309,0,0.00400278,0.00249477,0,0,0.0563183,0.703297,1,1,5,0,0,0,0.296703,0.67033,0.032967,91,23919,67
1,table_pick,58,qpFreeGate,1,1,0.0555197,9791,25,7.93216,788,788,0,0.00493947,0.00249477,0,0,0.00373008,0,88,22,0.284091,0,0,0,1,0,0,0,0,0
1,table_pick,58,qpEnvelope,1,1,0.000390524,39,6,5.14134,276,276,0,0.00364856,0.00249477,0,0,0.131829,0.871795,1,1,6,0,0,0,0.102564,0.794872,0.102564,39,10254,29
1,table_pick,65,isSafe,1,1,0.00342414,1004,7,9.91624,6,497,0,0.00606144,0.00249477,0,0,0,0,4,2,1.75,0,0,0,0,0,0,0,0,0
1,table_pick,65,qpFixed,1,1,0.00398308,696,7,9.4009,697,697,0,0.00388893,0.00249477,0,0,0.013507,0,1,1,7,0,0,0,1,0,0,696,162822,155
1,table_pick,65,qpPlain,1,1,0.00451836,696,7,9.4009,697,697,0,0.00388893,0.00249477,0,0,0.013507,0,1,1,7,0,0,0,1,0,0,696,238728,696
1,table_pick,65,qpAdaptive,1,1,0.000748346,106,7,9.40288,523,523,0,0.00388826,0.00249477,0,0,0.0887065,0.566038,1,1,7,0,0,0,0.433962,0.518868,0.0471698,106,27923,75
1,table_pick,65,qpFreeGate,1,1,0.00563458,982,8,10.7979,778,778,0,0.00592005,0.00249477,0,0,0.011055,0,4,3,2,0,0,0,1,0,0,0,0,0
1,table_pick,65,qpEnvelope,1,1,0.000443305,44,7,9.4057,495,495,0,0.00376423,0.00249477,0,0,0.213766,0.886364,1,1,7,0,0,0,0.113636,0.772727,0.113636,44,11575,31
1,table_pick,72,isSafe,1,1,0.00328363,958,7,7.37364,5,370,0,3.72992e-05,0.00249477,0,0,0,0,6,3,1.16667,0,0,0,0,0,0,0,0,0
1,table_pick,72,qpFixed,1,1,0.00353679,632,6,7.10132,633,633,0,0.0058469,0.00249477,0,0,0.0112363,0,1,1,6,0,0,0,1,0,0,632,145908,113
1,table_pick,72,qpPlain,1,1,0.00407593,632,6,7.10132,633,633,0,0.0058469,0.00249477,0,0,0.0112363,0,1,1,6,0,0,0,1,0,0,632,216776,632
1,table_pick,72,qpAdaptive,1,1,0.000672334,98,6,7.10127,397,397,0,0.00575439,0.00249477,0,0,0.0724619,0.755102,1,1,6,0,0,0,0.244898,0.714286,0.0408163,98,25219,73
1,table_pick,72,qpFreeGate,1,1,0.0171579,3027,13,9.26045,774,774,0,0.00400019,0.00249477,0,0,0.00660916,0,20,9,0.65,0,0,0,1,0,0,0,0,0
1,table_pick,72,qpEnvelope,1,1,0.000437519,48,6,7.10138,381,381,0,0.00560008,0.00249477,0,0,0.147945,1,1,1,6,0,0,0,0,0.916667,0.0833333,48,12471,35
1,table_pick,79,isSafe,1,1,0.00169028,490,5,4.84737,4,244,0,0.000411141,0.00249477,0,0,0,0,1,1,5,0,0,0,0,0,0,0,0,0
1,table_pick,79,qpFixed,1,1,0.0023114,395,5,4.99439,396,396,0,0.0041035,0.00249477,0,0,0.012644,0,1,1,5,0,0,0,1,0,0,395,97402,92
1,table_pick,79,qpPlain,1,1,0.00259041,395,5,4.99439,396,396,0,0.0041035,0.00249477,0,0,0.012644,0,1,1,5,0,0,0,1,0,0,395,135485,395
1,table_pick,79,qpAdaptive,1,1,0.000538328,70,5,4.99615,285,285,0,0.0041035,0.00249477,0,0,0.0713735,0.385714,1,1,5,0,0,0,0.614286,0.342857,0.0428571,70,20817,55
1,table_pick,79,qpFreeGate,1,1,0.0382591,6653,23,6.73241,538,538,0,0.00169423,0.00249477,0,0,0.00530507,0,48,19,0.479167,0,0,0,1,0,0,0,0,0
1,table_pick,79,qpEnvelope,1,1,0.000352048,37,5,5.00238,271,271,0,0.00394569,0.00249477,0,0,0.135199,0.513514,1,1,5,0,0,0,0.486486,0.432432,0.0810811,37,10923,29
1,table_pick,86,isSafe,1,1,0.00187832,545,5,5.4027,4,272,0,0.002761,0.00249477,0,0,0,0,1,1,5,0,0,0,0,0,0,0,0,0
1,table_pick,86,qpFixed,1,1,0.00184883,325,5,5.42204,326,326,0,0.00737847,0.00249477,0,0,0.0166832,0,1,1,5,0,0,0,1,0,0,325,77700,25
1,table_pick,86,qpPlain,1,1,0.0020964,325,5,5.42204,326,326,0,0.00737847,0.00249477,0,0,0.0166832,0,1,1,5,0,0,0,1,0,0,325,111475,325
1,table_pick,86,qpAdaptive,1,1,0.000396122,57,5,5.42204,295,295,0,0.00737847,0.00249477,0,0,0.0951236,0.421053,1,1,5,0,0,0,0.578947,0.368421,0.0526316,57,16000,25
1,table_pick,86,qpFreeGate,1,1,0.0617902,10768,28,9.35415,810,810,0,0.00621711,0.00249477,0,0,0.00462918,0,81,23,0.345679,0,0,0,1,0,0,0,0,0
1,table_pick,86,qpEnvelope,1,1,0.000325945,35,5,5.42211,291,291,0,0.00742355,0.00249477,0,0,0.154918,0.771429,1,1,5,0,0,0,0.228571,0.685714,0.0857143,35,9904,19
1,table_pick,93,isSafe,1,1,0.00607143,1776,11,11.07,7,555,0,0.00799274,0.00249477,0,0,0,0,26,7,0.423077,0,0,0,0,0,0,0,0,0
1,table_pick,93,qpFixed,1,1,0.00800795,1236,10,9.18374,695,695,0,0.00606379,0.00249477,0,0,0.0113106,0,2,2,5,0,0,0,1,0,0,1236,318491,593
1,table_pick,93,qpPlain,1,1,0.00865586,1236,10,9.18374,695,695,0,0.00606379,0.00249477,0,0,0.0113106,0,2,2,5,0,0,0,1,0,0,1236,423948,1236
1,table_pick,93,qpAdaptive,1,1,0.00475221,594,10,9.18406,492,492,0,0.00606379,0.00249477,0,0,0.0235356,0.148148,2,2,5,0,0,0,0.851852,0.139731,0.00841751,594,174807,559
1,table_pick,93,qpFreeGate,1,1,0.0227421,4001,15,12.4705,1085,1085,0,0.00509416,0.00249477,0,0,0.0052212,0,27,11,0.555556,0,0,0,1,0,0,0,0,0
1,table_pick,93,qpEnvelope,1,1,0.00359819,427,10,9.18529,478,478,0,0.00600726,0.00249477,0,0,0.0327713,0.107728,2,2,5,0,0,0,0.892272,0.0936768,0.0140515,427,125612,414
1,table_pick,100,isSafe,1,1,0.00706784,2068,12,13.94,8,699,0,0.00317661,0.00249477,0,0,0,0,19,9,0.631579,0,0,0,0,0,0,0,0,0
1,table_pick,100,qpFixed,1,1,0.00369272,659,6,7.95091,660,660,0,0.00443296,0.00249477,0,0,0.0120651,0,1,1,6,0,0,0,1,0,0,659,159802,56
1,table_pick,100,qpPlain,1,1,0.00424285,659,6,7.95091,660,660,0,0.00443296,0.00249477,0,0,0.0120651,0,1,1,6,0,0,0,1,0,0,659,226037,659
1,table_pick,100,qpAdaptive,1,1,0.000595961,84,6,7.95099,440,440,0,0.00442305,0.00249477,0,0,0.0946546,0.547619,1,1,6,0,0,0,0.452381,0.5,0.047619,84,23508,51
1,table_pick,100,qpFreeGate,1,1,0.0237185,4133,18,18.0404,1381,1381,0,0.0027019,0.00249477,0,0,0.00692167,0,21,11,0.857143,0,0,0,1,0,0,0,0,0
1,table_pick,100,qpEnvelope,1,1,0.000314395,31,6,7.95124,418,418,0,0.00422483,0.00249477,0,0,0.256492,1,1,1,6,0,0,0,0,0.870968,0.129032,31,8520,17
1,cage,7,isSafe,1,1,0.332793,128799,787,24.4103,15,1222,0,0.00655688,0.00249477,0,0,0,0,7190,783,0.109458,0,0,0,0,0,0,0,0,0
1,cage,7,qpFixed,1,1,0.160116,25795,131,25.6607,2250,2250,0,1.00417e-05,0.00249477,0,0,0.00845592,0,104,75,1.25962,0,0,0,1,0,0,25795,6962728,24201
1,cage,7,qpPlain,1,1,0.167023,25795,131,25.6607,2250,2250,0,1.00417e-05,0.00249477,0,0,0.00845592,0,104,75,1.25962,0,0,0,1,0,0,25795,8847685,25795
1,cage,7,qpAdaptive,1,1,0.132982,19769,133,29.3818,2267,2267,0,1.01017e-05,0.00249477,0,0,0.0115735,0.243664,109,78,1.22018,0,0,0,0.754464,0.241236,0.00429966,19769,5381122,19458
1,cage,7,qpFreeGate,1,1,1.57467,326718,552,22.753,2475,2475,0,0.00186294,0.00249477,0,0,0.00289722,0,2805,529,0.196791,0,0,0,1,0,0,0,0,0
1,cage,7,qpEnvelope,1,1,0.106559,15141,130,29.547,2080,2080,0,8.55774e-06,0.00249477,0,0,0.015118,0.137375,109,77,1.19266,0,0,0,0.861634,0.132026,0.0063404,15141,4088138,15031
1,cage,14,isSafe,1,1,0.748017,282984,1934,31.7967,18,1591,0,0.000404199,0.00249477,0,0,0,0,19338,1930,0.10001,0,0,0,0,0,0,0,0,0
1,cage,14,qpFixed,1,1,0.0198935,3334,25,13.9696,1338,1338,0,0.000439572,0.00249477,0,0,0.0102048,0,11,11,2.27273,0,0,0,1,0,0,3334,862033,2867
1,cage,14,qpPlain,1,1,0.0211306,3334,25,13.9696,1338,1338,0,0.000439572,0.00249477,0,0,0.0102048,0,11,11,2.27273,0,0,0,1,0,0,3334,1143562,3334
1,cage,14,qpAdaptive,1,1,0.0120657,1829,25,14.0114,1012,1012,0,0.000442126,0.00249477,0,0,0.0186494,0.447239,11,11,2.27273,0,0,0,0.550027,0.441225,0.00874795,1829,481732,1782
1,cage,14,qpFreeGate,1,1,3.25669,660701,1002,40.127,4151,4151,0,0.000804319,0.00249477,0,0,0.00250185,0,5972,964,0.167783,0,0,0,1,0,0,0,0,0
1,cage,14,qpEnvelope,1,1,0.00889355,1218,25,14.1515,935,935,0,0.000326973,0.00249477,0,0,0.028213,0.268473,11,11,2.27273,0,0,0,0.727422,0.254516,0.0180624,1218,323540,1196
1,cage,21,isSafe,1,1,0.112605,43964,239,15.1335,9,758,0,0.00188742,0.00249477,0,0,0,0,2054,236,0.116358,0,0,0,0,0,0,0,0,0
1,cage,21,qpFixed,1,1,0.193101,30613,131,21.025,1796,1796,0,0.000502871,0.00249477,0,0,0.00803578,0,123,79,1.06504,0,0,0,1,0,0,30613,8409186,28432
1,cage,21,qpPlain,1,1,0.200686,30613,131,21.025,1796,1796,0,0.000502871,0.00249477,0,0,0.00803578,0,123,79,1.06504,0,0,0,1,0,0,30613,10500259,30613
1,cage,21,qpAdaptive,1,1,0.143427,20979,131,21.0843,1364,1364,0,0.000462622,0.00249477,0,0,0.0117492,0.308022,123,79,1.06504,0,0,0,0.690357,0.305591,0.00405167,20979,5790770,20711
1,cage,21,qpFreeGate,1,1,4.01344,821458,1216,29.5145,3034,3034,0,0.00303017,0.00249477,0,0,0.00246808,0,7067,1184,0.172067,0,0,0,1,0,0,0,0,0
1,cage,21,qpEnvelope,1,1,0.173094,23401,188,28.105,1650,1650,0,5.4034e-05,0.00249477,0,0,0.0154755,0.191146,189,115,0.994709,0,0,0,0.807957,0.184864,0.00717918,23401,6457680,23224
1,cage,28,isSafe,1,1,0.394748,152454,935,23.2183,13,1162,0,0.00067393,0.00249477,0,0,0,0,8476,931,0.110311,0,0,0,0,0,0,0,0,0
1,cage,28,qpFixed,1,1,0.111067,18607,86,25.9536,2288,2288,0,9.35663e-05,0.00249477,0,0,0.00852695,0,73,49,1.17808,0,0,0,1,0,0,18607,4777731,16611
1,cage,28,qpPlain,1,1,0.118828,18607,86,25.9536,2288,2288,0,9.35663e-05,0.00249477,0,0,0.00852695,0,73,49,1.17808,0,0,0,1,0,0,18607,6382201,18607
1,cage,28,qpAdaptive,1,1,0.0871063,13368,86,25.9875,1762,1762,0,8.97235e-05,0.00249477,0,0,0.0118939,0.227783,73,49,1.17808,0,0,0,0.770871,0.225314,0.00381508,13368,3431614,13139
1,cage,28,qpFreeGate,1,1,1.59282,325860,553,17.4624,2551,2551,0,0.00292241,0.00249477,0,0,0.0029298,0,2629,523,0.210346,0,0,0,1,0,0,0,0,0
1,cage,28,qpEnvelope,1,1,0.0716163,10428,86,26.0289,1551,1551,0,7.91496e-05,0.00249477,0,0,0.0152653,0.176544,73,49,1.17808,0,0,0,0.822114,0.171078,0.00680859,10428,2678981,10342
1,cage,35,isSafe,1,1,0.448235,172914,1085,17.8879,11,896,0,0.00631503,0.00249477,0,0,0,0,9220,1081,0.117679,0,0,0,0,0,0,0,0,0
1,cage,35,qpFixed,1,1,0.108836,18228,94,22.4942,1926,1926,0,7.19153e-05,0.00249477,0,0,0.00862009,0,71,53,1.32394,0,0,0,1,0,0,18228,4793952,16017
1,cage,35,qpPlain,1,1,0.115237,18228,94,22.4942,1926,1926,0,7.19153e-05,0.00249477,0,0,0.00862009,0,71,53,1.32394,0,0,0,1,0,0,18228,6252204,18228
1,cage,35,qpAdaptive,1,1,0.0783673,11950,95,22.5076,1583,1583,0,6.92171e-05,0.00249477,0,0,0.0134242,0.325356,71,54,1.33803,0,0,0,0.673222,0.322259,0.00451883,11950,3170028,11720
1,cage,35,qpFreeGate,1,1,1.14623,238572,411,26.8838,2911,2911,0,0.00559252,0.00249477,0,0,0.00307981,0,1915,391,0.214621,0,0,0,1,0,0,0,0,0
1,cage,35,qpEnvelope,1,1,0.0602413,8641,93,22.6728,1387,1387,0,5.98739e-05,0.00249477,0,0,0.0186869,0.213864,71,54,1.30986,0,0,0,0.785326,0.206226,0.0084481,8641,2293081,8537
1,cage,42,isSafe,1,1,0.0730966,28739,149,22.7811,13,1141,0,0.00203102,0.00249477,0,0,0,0,1020,146,0.146078,0,0,0,0,0,0,0,0,0
1,cage,42,qpFixed,1,1,0.030314,5082,33,20.5898,1716,1716,0,0.000635782,0.00249477,0,0,0.00982471,0,17,14,1.94118,0,0,0,1,0,0,5082,1326371,4290
1,cage,42,qpPlain,1,1,0.032403,5082,33,20.5898,1716,1716,0,0.000635782,0.00249477,0,0,0.00982471,0,17,14,1.94118,0,0,0,1,0,0,5082,1743126,5082
1,cage,42,qpAdaptive,1,1,0.01997,3049,32,20.1015,1386,1386,0,0.000158011,0.00249477,0,0,0.0162041,0.276812,17,14,1.88235,0,0,0,0.720801,0.27395,0.00524934,3049,797943,2957
1,cage,42,qpFreeGate,1,1,0.836653,174442,326,21.2442,2066,2066,0,0.00819993,0.00249477,0,0,0.0033193,0,1432,308,0.227654,0,0,0,1,0,0,0,0,0
1,cage,42,qpEnvelope,1,1,0.014238,2005,33,20.6108,1174,1174,0,0.000558571,0.00249477,0,0,0.0249464,0.231421,17,14,1.94118,0,0,0,0.767581,0.219451,0.0129676,2005,515886,1972
1,cage,49,isSafe,1,1,0.407771,157521,982,16.7326,10,838,0,0.000499309,0.00249477,0,0,0,0,9466,979,0.10374,0,0,0,0,0,0,0,0,0
1,cage,49,qpFixed,1,1,0.373709,59814,235,17.2665,1285,1285,0,0.00676628,0.00249477,0,0,0.00761007,0,268,151,0.876866,0,0,0,1,0,0,59814,16294906,56014
1,cage,49,qpPlain,1,1,0.388627,59814,235,17.2665,1285,1285,0,0.00676628,0.00249477,0,0,0.00761007,0,268,151,0.876866,0,0,0,1,0,0,59814,20516202,59814
1,cage,49,qpAdaptive,1,1,0.305868,45280,235,21.3199,1522,1522,0,0.000213432,0.00249477,0,0,0.0104639,0.235358,273,152,0.860806,0,0,0,0.763273,0.233348,0.00337898,45280,12401956,44324
1,cage,49,qpFreeGate,1,1,1.34566,279393,474,9.52072,935,935,0,0.0134171,0.00249477,0,0,0.00293885,0,2351,452,0.201616,0,0,0,1,0,0,0,0,0
1,cage,49,qpEnvelope,1,1,0.252593,35989,235,21.3906,1303,1303,0,0.000130723,0.00249477,0,0,0.0132311,0.149851,273,152,0.860806,0,0,0,0.849176,0.14535,0.00547389,35989,9803618,35662
1,cage,56,isSafe,1,1,0.0476346,18733,96,24.5105,14,1227,0,0.0072558,0.00249477,0,0,0,0,747,92,0.128514,0,0,0,0,0,0,0,0,0
1,cage,56,qpFixed,1,1,0.0819571,13771,73,13.0227,1043,1043,0,0.00128698,0.00249477,0,0,0.0087091,0,51,38,1.43137,0,0,0,1,0,0,13771,3537798,12225
1,cage,56,qpPlain,1,1,0.0874408,13771,73,13.0227,1043,1043,0,0.00128698,0.00249477,0,0,0.0087091,0,51,38,1.43137,0,0,0,1,0,0,13771,4723453,13771
1,cage,56,qpAdaptive,1,1,0.0618316,9527,73,13.0458,832,832,0,0.00116744,0.00249477,0,0,0.0126154,0.251916,51,38,1.43137,0,0,0,0.746615,0.248977,0.00440852,9527,2444417,9245
1,cage,56,qpFreeGate,1,1,0.478252,98508,197,23.1923,2319,2319,0,0.00282516,0.00249477,0,0,0.0033358,0,747,176,0.263722,0,0,0,1,0,0,0,0,0
1,cage,56,qpEnvelope,1,1,0.0483485,7152,70,15.8845,931,931,0,0.00042248,0.00249477,0,0,0.0169091,0.17156,51,38,1.37255,0,0,0,0.82774,0.165129,0.00713087,7152,1799345,7028
1,cage,63,isSafe,1,1,0.352923,134595,828,11.5317,7,578,0,0.00405617,0.00249477,0,0,0,0,7582,825,0.109206,0,0,0,0,0,0,0,0,0
1,cage,63,qpFixed,1,1,0.0879583,14013,78,16.64,1368,1368,0,0.000222761,0.00249477,0,0,0.00888042,0,53,42,1.4717,0,0,0,1,0,0,14013,3838786,12718
1,cage,63,qpPlain,1,1,0.0915086,14013,78,16.64,1368,1368,0,0.000222761,0.00249477,0,0,0.00888042,0,53,42,1.4717,0,0,0,1,0,0,14013,4806459,14013
1,cage,63,qpAdaptive,1,1,0.0612933,8903,78,17.0493,1186,1186,0,0.00155153,0.00249477,0,0,0.0139289,0.326519,53,41,1.4717,0,0,0,0.672358,0.322476,0.0051668,8903,2472690,8616
1,cage,63,qpFreeGate,1,1,0.465426,95078,191,12.0407,1462,1462,0,0.00581043,0.00249477,0,0,0.00337516,0,720,169,0.265278,0,0,0,1,0,0,0,0,0
1,cage,63,qpEnvelope,1,1,0.0805562,10994,113,24.249,1514,1514,3,-5.1428e-05,0.00249477,0,0,0.0172831,0.218301,86,63,1.31395,0,0,0,0.780153,0.212025,0.00782245,10994,2949215,10881
1,cage,70,isSafe,1,1,0.706501,256245,1638,14.3945,9,721,0,0.0140472,0.00249477,0,0,0,0,15438,1635,0.106102,0,0,0,0,0,0,0,0,0
1,cage,70,qpFixed,1,1,0.0327445,5252,45,16.9573,1438,1438,0,0.000606277,0.00249477,0,0,0.0100988,0,17,16,2.64706,0,0,0,1,0,0,5252,1492907,4255
1,cage,70,qpPlain,1,1,0.0411613,5252,45,16.9573,1438,1438,0,0.000606277,0.00249477,0,0,0.0100988,0,17,16,2.64706,0,0,0,1,0,0,5252,1801436,5252
1,cage,70,qpAdaptive,1,1,0.0197172,2830,48,16.9798,1131,1131,0,0.000524207,0.00249477,0,0,0.0187316,0.411661,17,16,2.82353,0,0,0,0.582686,0.401767,0.0155477,2830,826226,2641
1,cage,70,qpFreeGate,1,1,0.6146,125082,274,17.6516,1851,1851,0,0.0046585,0.00249477,0,0,0.00361677,0,1152,263,0.237847,0,0,0,1,0,0,0,0,0
1,cage,70,qpEnvelope,1,1,0.0131732,1692,40,16.9238,968,968,0,0.000352356,0.00249477,0,0,0.0314611,0.228132,17,16,2.35294,0,0,0,0.771277,0.206856,0.0218676,1692,478294,1646
1,cage,77,isSafe,1,1,0.739095,279495,1904,19.6511,12,984,0,0.00414583,0.00249477,0,0,0,0,18333,1899,0.103856,0,0,0,0,0,0,0,0,0
1,cage,77,qpFixed,1,1,0.075972,12354,63,23.3887,1987,1987,1,-1.44807e-08,0.00249477,0,0,0.00837341,0,46,32,1.36957,0,0,0,1,0,0,12354,3279766,11671
1,cage,77,qpPlain,1,1,0.0795898,12354,63,23.3887,1987,1987,1,-1.44807e-08,0.00249477,0,0,0.00837341,0,46,32,1.36957,0,0,0,1,0,0,12354,4237422,12354
1,cage,77,qpAdaptive,1,1,0.058492,8774,63,23.4122,1835,1835,27,-1.88098e-05,0.00249477,0,0,0.0118065,0.252336,46,32,1.36957,0,0,0,0.746524,0.249829,0.00364714,8774,2355262,8565
1,cage,77,qpFreeGate,1,1,2.04145,418112,699,26.3287,2437,2437,0,0.00420108,0.00249477,0,0,0.00282961,0,3575,675,0.195524,0,0,0,1,0,0,0,0,0
1,cage,77,qpEnvelope,1,1,0.0466693,6742,64,23.5988,1726,1726,31,-2.6288e-05,0.00249477,0,0,0.0153842,0.187036,46,32,1.3913,0,0,0,0.811629,0.182142,0.00622961,6742,1775494,6564
1,cage,84,isSafe,1,1,0.241716,93781,534,27.3966,16,1371,0,0.00468305,0.00249477,0,0,0,0,5189,530,0.10291,0,0,0,0,0,0,0,0,0
1,cage,84,qpFixed,1,1,0.277657,44475,193,29.0561,2376,2376,0,6.23024e-05,0.00249477,0,0,0.00799189,0,184,118,1.04891,0,0,0,1,0,0,44475,12085514,41452
1,cage,84,qpPlain,1,1,0.289899,44475,193,29.0561,2376,2376,0,6.23024e-05,0.00249477,0,0,0.00799189,0,184,118,1.04891,0,0,0,1,0,0,44475,15254925,44475
1,cage,84,qpAdaptive,1,1,0.223015,32871,192,29.0942,2168,2168,0,6.21717e-05,0.00249477,0,0,0.0108258,0.206778,184,118,1.04348,0,0,0,0.791914,0.204709,0.00337684,32871,9009735,32000
1,cage,84,qpFreeGate,1,1,2.00934,414913,686,28.4308,3386,3386,0,0.0019528,0.00249477,0,0,0.00285654,0,3739,657,0.183472,0,0,0,1,0,0,0,0,0
1,cage,84,qpEnvelope,1,1,0.188259,26506,190,29.1603,2086,2086,0,6.49755e-05,0.00249477,0,0,0.0133937,0.185845,184,117,1.03261,0,0,0,0.812941,0.181513,0.00554612,26506,7214291,25919
1,cage,91,isSafe,1,1,0.407262,157278,909,19.8992,12,996,0,0.00469234,0.00249477,0,0,0,0,8766,906,0.103696,0,0,0,0,0,0,0,0,0
1,cage,91,qpFixed,1,1,0.0137582,2382,23,12.2348,897,897,0,0.000887487,0.00249477,0,0,0.0112927,0,8,7,2.875,0,0,0,1,0,0,2382,621210,1777
1,cage,91,qpPlain,1,1,0.0145864,2382,23,12.2348,897,897,0,0.000887487,0.00249477,0,0,0.0112927,0,8,7,2.875,0,0,0,1,0,0,2382,817026,2382
1,cage,91,qpAdaptive,1,1,0.00753001,1123,23,12.2515,762,762,0,0.000820594,0.00249477,0,0,0.0239873,0.478183,8,7,2.875,0,0,0,0.515583,0.464826,0.0195904,1123,312855,1072
1,cage,91,qpFreeGate,1,1,0.236478,49116,103,17.9279,1867,1867,0,0.00233075,0.00249477,0,0,0.00377062,0,371,91,0.277628,0,0,0,1,0,0,0,0,0
1,cage,91,qpEnvelope,1,1,0.00573243,767,22,12.277,696,696,0,0.000630473,0.00249477,0,0,0.0350771,0.375489,8,7,2.75,0,0,0,0.616688,0.355932,0.0273794,767,214599,747
1,cage,98,isSafe,1,1,0.288109,111838,656,17.8915,11,896,0,0.00308803,0.00249477,0,0,0,0,6058,653,0.108287,0,0,0,0,0,0,0,0,0
1,cage,98,qpFixed,1,1,0.129678,21407,110,15.7652,1261,1261,0,0.010691,0.00249477,0,0,0.00860257,0,83,60,1.3253,0,0,0,1,0,0,21407,5674173,19350
1,cage,98,qpPlain,1,1,0.136974,21407,110,15.7652,1261,1261,0,0.010691,0.00249477,0,0,0.00860257,0,83,60,1.3253,0,0,0,1,0,0,21407,7342601,21407
1,cage,98,qpAdaptive,1,1,0.0933195,14120,113,15.7879,950,950,0,0.0102265,0.00249477,0,0,0.0131711,0.312394,83,61,1.36145,0,0,0,0.685623,0.308499,0.00587819,14120,3772480,13789
1,cage,98,qpFreeGate,1,1,0.262846,54387,111,23.3677,2960,2960,0,0.00262642,0.00249477,0,0,0.00333136,0,410,95,0.270732,0,0,0,1,0,0,0,0,0
1,cage,98,qpEnvelope,1,1,0.0746911,10533,108,15.8269,843,843,0,0.00686922,0.00249477,0,0,0.0174031,0.253299,83,61,1.3012,0,0,0,0.745087,0.245989,0.00892433,10533,2781949,10419
1,bookshelf_tall,2,isSafe,1,1,0.382921,10033,49,19.9482,11,999,0,0.00110814,0.00249477,0,0,0,0,324,46,0.151235,0,0,0,0,0,0,0,0,0
1,bookshelf_tall,2,qpFixed,1,1,0.0423291,2340,28,11.8725,1102,1102,0,0.000607511,0.00249477,0,0,0.0108354,0,6,6,4.66667,0,0,0,1,0,0,2340,642429,2087
1,bookshelf_tall,2,qpPlain,1,1,0.0202768,2340,28,11.8725,1102,1102,0,0.000607511,0.00249477,0,0,0.0108354,0,6,6,4.66667,0,0,0,1,0,0,2340,802620,2340
1,bookshelf_tall,2,qpAdaptive,1,1,0.0146013,1619,29,11.8752,888,888,0,0.000619963,0.00249477,0,0,0.0157075,0.276714,6,6,4.83333,0,0,0,0.718345,0.270537,0.011118,1619,451655,1563
1,bookshelf_tall,2,qpFreeGate,1,1,0.0727191,10501,31,14.8153,1675,1675,0,0.0020249,0.00249477,0,0,0.00361946,0,72,17,0.430556,0,0,0,1,0,0,0,0,0
1,bookshelf_tall,2,qpEnvelope,1,1,0.00531443,528,15,10.6364,658,658,0,0.000714936,0.00249477,0,0,0.0248038,0.113636,2,2,7.5,0,0,0,0.876894,0.102273,0.0208333,528,157444,519
1,bookshelf_tall,9,isSafe,1,1,0.129019,27490,142,26.1038,15,1307,0,0.00175005,0.00249477,0,0,0,0,951,138,0.149317,0,0,0,0,0,0,0,0,0
1,bookshelf_tall,9,qpFixed,1,1,0.00437542,558,6,6.68516,559,559,0,0.00132383,0.00249477,0,0,0.0119806,0,1,1,6,0,0,0,1,0,0,558,158846,264
1,bookshelf_tall,9,qpPlain,1,1,0.00455877,558,6,6.68516,559,559,0,0.00132383,0.00249477,0,0,0.0119806,0,1,1,6,0,0,0,1,0,0,558,191394,558
1,bookshelf_tall,9,qpAdaptive,1,1,0.00211043,233,7,6.68825,434,434,0,0.00132383,0.00249477,0,0,0.028705,0.618026,1,1,7,0,0,0,0.373391,0.60515,0.0214592,233,71901,202
1,bookshelf_tall,9,qpFreeGate,1,1,0.383662,54358,102,12.6173,1421,1421,0,0.00175005,0.00249477,0,0,0.00325422,0,484,98,0.210744,0,0,0,1,0,0,0,0,0
1,bookshelf_tall,9,qpEnvelope,1,1,0.00104675,94,7,6.69709,385,385,0,0.00132383,0.00249477,0,0,0.0712457,0.765957,1,1,7,0,0,0,0.202128,0.744681,0.0531915,94,28874,83
1,bookshelf_tall,16,isSafe,1,0,10.0017,1858204,18999,0,0,0,0,inf,inf,0,0,0,0,157739,18997,0.120446,0,0,0,0,0,0,0,0,0
1,bookshelf_tall,16,qpFixed,1,0,10.0003,931902,1933,0,0,0,0,inf,inf,0,0,0.00579175,0,4144,1808,0.466458,0,0,0,1,0,0,931902,278151747,882813
1,bookshelf_tall,16,qpPlain,1,0,10.0013,1059043,2164,0,0,0,0,inf,inf,0,0,0.00571715,0,4752,2038,0.455387,0,0,0,1,0,0,1059043,363251749,1059043
1,bookshelf_tall,16,qpAdaptive,1,0,10.0001,1124339,2482,0,0,0,0,inf,inf,0,0,0.00625331,0.0587181,5699,2359,0.435515,0,0,0,0.941012,0.0579612,0.00102727,1124339,336676959,1110488
1,bookshelf_tall,16,qpFreeGate,1,0,10.0001,1195125,2122,0,0,0,0,inf,inf,0,0,0.00269411,0,10926,2117,0.194216,0,0,0,1,0,0,0,0,0
1,bookshelf_tall,16,qpEnvelope,1,0,10.0008,983110,2295,0,0,0,0,inf,inf,0,0,0.0066312,0.0073003,5189,2175,0.442282,0,0,0,0.992658,0.00627092,0.00107109,983110,294408488,979277
1,bookshelf_tall,25,isSafe,1,0,10.0034,2,1,0,0,0,0,inf,inf,0,0,0,0,0,0,0,0,0,0,0,0,0,0,0,0
1,bookshelf_tall,25,qpFixed,1,0,10.0001,1207936,5298,0,0,0,0,inf,inf,0,0,0.00771448,0,19915,5296,0.266031,0,0,0,1,0,0,1207936,357738357,1056916
1,bookshelf_tall,25,qpPlain,1,0,10.0012,1185757,5205,0,0,0,0,inf,inf,0,0,0.00772693,0,19529,5203,0.266527,0,0,0,1,0,0,1185757,406714651,1185757
1,bookshelf_tall,25,qpAdaptive,1,0,10.0011,928478,5190,0,0,0,0,inf,inf,0,0,0.00983896,0.116392,19443,5188,0.266934,0,0,0,0.880832,0.115629,0.00353887,928478,277310854,900428
1,bookshelf_tall,25,qpFreeGate,1,0,10.0003,1406954,4456,0,0,0,0,inf,inf,0,0,0.00372836,0,29149,4454,0.15287,0,0,0,1,0,0,0,0,0
1,bookshelf_tall,25,qpEnvelope,1,0,10.0001,1014548,6149,0,0,0,0,inf,inf,0,0,0.0106333,0.0209374,23593,6147,0.260628,0,0,0,0.978498,0.0174432,0.00405878,1014548,302379794,1004361
1,bookshelf_tall,32,isSafe,1,0,10.0063,2,1,0,0,0,0,inf,inf,0,0,0,0,0,0,0,0,0,0,0,0,0,0,0,0
1,bookshelf_tall,32,qpFixed,1,0,10.0001,1190965,5033,0,0,0,0,inf,inf,0,0,0.0075154,0,19437,5031,0.258939,0,0,0,1,0,0,1190965,354605268,1063587
1,bookshelf_tall,32,qpPlain,1,0,10.0014,1053181,4495,0,0,0,0,inf,inf,0,0,0.0076238,0,17107,4493,0.262758,0,0,0,1,0,0,1053181,361241083,1053181
1,bookshelf_tall,32,qpAdaptive,1,0,10.0014,1015726,5319,0,0,0,0,inf,inf,0,0,0.00930891,0.112241,20685,5317,0.257143,0,0,0,0.885203,0.111589,0.0032078,1015726,304626515,989681
1,bookshelf_tall,32,qpFreeGate,1,0,10.0002,1140163,3319,0,0,0,0,inf,inf,0,0,0.0035876,0,23613,3317,0.140558,0,0,0,1,0,0,0,0,0
1,bookshelf_tall,32,qpEnvelope,1,0,10.001,932611,5423,0,0,0,0,inf,inf,0,0,0.0103703,0.0281918,21143,5421,0.256492,0,0,0,0.971088,0.0250172,0.00389478,932611,279542662,923852
1,bookshelf_tall,39,isSafe,1,0,10,1742146,17534,0,0,0,0,inf,inf,0,0,0,0,155125,17532,0.113031,0,0,0,0,0,0,0,0,0
1,bookshelf_tall,39,qpFixed,1,0,10.0035,880649,1825,0,0,0,0,inf,inf,0,0,0.00578376,0,3920,1705,0.465561,0,0,0,1,0,0,880649,263034995,834893
1,bookshelf_tall,39,qpPlain,1,0,10.0081,805316,1685,0,0,0,0,inf,inf,0,0,0.00582565,0,3561,1565,0.473182,0,0,0,1,0,0,805316,276223388,805316
1,bookshelf_tall,39,qpAdaptive,1,0,10.0003,1125743,2451,0,0,0,0,inf,inf,0,0,0.00620678,0.0567723,5748,2331,0.426409,0,0,0,0.942959,0.0560439,0.000997563,1125743,338170557,1113405
1,bookshelf_tall,39,qpFreeGate,1,0,10.0014,1192131,2033,0,0,0,0,inf,inf,0,0,0.00255799,0,10663,2030,0.190659,0,0,0,1,0,0,0,0,0
1,bookshelf_tall,39,qpEnvelope,1,0,10.0014,903454,2112,0,0,0,0,inf,inf,0,0,0.00665574,0.00759751,4774,1992,0.442396,0,0,0,0.992353,0.00658363,0.0010637,903454,271283737,900242
1,bookshelf_tall,46,isSafe,1,1,0.0129308,2839,15,12.9151,8,647,0,0.00299088,0.00249477,0,0,0,0,44,11,0.340909,0,0,0,0,0,0,0,0,0
1,bookshelf_tall,46,qpFixed,1,1,0.00250087,349,6,5.95168,350,350,0,0.00299088,0.00249477,0,0,0.0170535,0,1,1,6,0,0,0,1,0,0,349,89922,78
1,bookshelf_tall,46,qpPlain,1,1,0.0027378,349,6,5.95168,350,350,0,0.00299088,0.00249477,0,0,0.0170535,0,1,1,6,0,0,0,1,0,0,349,119707,349
1,bookshelf_tall,46,qpAdaptive,1,1,0.000607679,73,6,5.95184,338,338,0,0.00299088,0.00249477,0,0,0.081532,0.863014,1,1,6,0,0,0,0.123288,0.821918,0.0547945,73,21206,46
1,bookshelf_tall,46,qpFreeGate,1,1,0.0324858,4714,18,14.4116,985,985,0,0.00299088,0.00249477,0,0,0.00627819,0,44,14,0.409091,0,0,0,1,0,0,0,0,0
1,bookshelf_tall,46,qpEnvelope,1,1,0.000410598,31,6,5.95175,313,313,0,0.00299088,0.00249477,0,0,0.191992,0.741935,1,1,6,0,0,0,0.193548,0.677419,0.129032,31,8867,18
1,bookshelf_tall,53,isSafe,1,1,0.00719851,1576,10,10.1487,7,509,0,0.00523036,0.00249477,0,0,0,0,14,6,0.714286,0,0,0,0,0,0,0,0,0
1,bookshelf_tall,53,qpFixed,1,1,0.00356335,457,7,6.18917,458,458,0,0.00413506,0.00249477,0,0,0.013543,0,1,1,7,0,0,0,1,0,0,457,124129,270
1,bookshelf_tall,53,qpPlain,1,1,0.00376761,457,7,6.18917,458,458,0,0.00413506,0.00249477,0,0,0.013543,0,1,1,7,0,0,0,1,0,0,457,156751,457
1,bookshelf_tall,53,qpAdaptive,1,1,0.00194601,218,7,6.20624,400,400,0,0.00410912,0.00249477,0,0,0.028469,0.536697,1,1,7,0,0,0,0.463303,0.518349,0.0183486,218,62265,203
1,bookshelf_tall,53,qpFreeGate,1,1,0.0187087,2714,12,10.9892,841,841,0,0.00523036,0.00249477,0,0,0.00637771,0,14,8,0.857143,0,0,0,1,0,0,0,0,0
1,bookshelf_tall,53,qpEnvelope,1,1,0.000994056,92,7,6.24434,353,353,0,0.00385125,0.00249477,0,0,0.0678733,0.543478,1,1,7,0,0,0,0.445652,0.5,0.0543478,92,26555,85
1,bookshelf_tall,60,isSafe,1,0,10.0003,1818872,18531,0,0,0,0,inf,inf,0,0,0,0,180113,18529,0.102885,0,0,0,0,0,0,0,0,0
1,bookshelf_tall,60,qpFixed,1,0,10.0013,1192059,2321,0,0,0,0,inf,inf,0,0,0.00555092,0,5525,2208,0.42009,0,0,0,1,0,0,1192059,357425095,1140575
1,bookshelf_tall,60,qpPlain,1,0,10.0008,900882,1821,0,0,0,0,inf,inf,0,0,0.0056982,0,4078,1708,0.446542,0,0,0,1,0,0,900882,309002526,900882
1,bookshelf_tall,60,qpAdaptive,1,0,10.0011,1128263,2397,0,0,0,0,inf,inf,0,0,0.0060639,0.0520269,5750,2283,0.41687,0,0,0,0.947724,0.0513437,0.000932409,1128263,339609706,1117645
1,bookshelf_tall,60,qpFreeGate,1,0,10.0025,1251907,1980,0,0,0,0,inf,inf,0,0,0.00240011,0,11267,1975,0.175734,0,0,0,1,0,0,0,0,0
1,bookshelf_tall,60,qpEnvelope,1,0,10.0003,986535,2223,0,0,0,0,inf,inf,0,0,0.0064586,0.00929719,5299,2103,0.419513,0,0,0,0.990629,0.00829672,0.00107447,986535,296661293,983543
1,bookshelf_tall,68,isSafe,1,1,0.0121412,1336,9,10.5203,7,528,0,0.0039897,0.00249477,0,0,0,0,15,5,0.6,0,0,0,0,0,0,0,0,0
1,bookshelf_tall,68,qpFixed,1,1,0.00630842,444,6,6.41287,445,445,0,0.00375357,0.00249477,0,0,0.0144434,0,1,1,6,0,0,0,1,0,0,444,112686,135
1,bookshelf_tall,68,qpPlain,1,1,0.00654735,444,6,6.41287,445,445,0,0.00375357,0.00249477,0,0,0.0144434,0,1,1,6,0,0,0,1,0,0,444,152292,444
1,bookshelf_tall,68,qpAdaptive,1,1,0.00112811,130,6,6.41243,372,372,0,0.00375357,0.00249477,0,0,0.0493264,0.6,1,1,6,0,0,0,0.4,0.569231,0.0307692,130,37598,101
1,bookshelf_tall,68,qpFreeGate,1,1,0.0288151,1974,11,11.1881,939,939,0,0.00301355,0.00249477,0,0,0.00719115,0,13,5,0.846154,0,0,0,1,0,0,0,0,0
1,bookshelf_tall,68,qpEnvelope,1,1,0.000445378,40,6,6.41073,337,337,0,0.00375357,0.00249477,0,0,0.160268,0.6,1,1,6,0,0,0,0.4,0.5,0.1,40,11636,31
1,bookshelf_tall,75,isSafe,1,0,10,1488272,14626,0,0,0,0,inf,inf,0,0,0,0,148571,14624,0.0984445,0,0,0,0,0,0,0,0,0
1,bookshelf_tall,75,qpFixed,1,0,10.0005,877853,1776,0,0,0,0,inf,inf,0,0,0.00564311,0,3980,1667,0.446231,0,0,0,1,0,0,877853,264394304,839286
1,bookshelf_tall,75,qpPlain,1,0,10.0012,1080029,2110,0,0,0,0,inf,inf,0,0,0.00553362,0,5008,1997,0.421326,0,0,0,1,0,0,1080029,370449947,1080029
1,bookshelf_tall,75,qpAdaptive,1,0,10.0013,1018626,2189,0,0,0,0,inf,inf,0,0,0.00610799,0.0603107,5243,2078,0.417509,0,0,0,0.939394,0.0595904,0.00101608,1018626,308346179,1008393
1,bookshelf_tall,75,qpFreeGate,1,0,10.0002,1250595,1957,0,0,0,0,inf,inf,0,0,0.00236221,0,11598,1953,0.168736,0,0,0,1,0,0,0,0,0
1,bookshelf_tall,75,qpEnvelope,1,0,10.0004,940989,2147,0,0,0,0,inf,inf,0,0,0.00646578,0.0106462,5097,2034,0.421228,0,0,0,0.989289,0.00958039,0.00113073,940989,284738608,937790
1,bookshelf_tall,82,isSafe,1,1,0.00731579,1548,10,13.0083,8,652,0,0.00245054,0.00249477,0,0,0,0,12,5,0.833333,0,0,0,0,0,0,0,0,0
1,bookshelf_tall,82,qpFixed,1,1,0.0197952,2385,16,14.9498,1193,1193,0,0.000388523,0.00249477,0,0,0.0107684,0,6,6,2.66667,0,0,0,1,0,0,2385,626769,1667
1,bookshelf_tall,82,qpPlain,1,1,0.0206291,2385,16,14.9498,1193,1193,0,0.000388523,0.00249477,0,0,0.0107684,0,6,6,2.66667,0,0,0,1,0,0,2385,818055,2385
1,bookshelf_tall,82,qpAdaptive,1,1,0.0124452,1342,16,14.9556,1011,1011,0,0.000399924,0.00249477,0,0,0.0191635,0.247392,6,6,2.66667,0,0,0,0.751118,0.240686,0.00819672,1342,373314,1267
1,bookshelf_tall,82,qpFreeGate,1,1,0.0181153,2537,19,13.3726,1151,1151,0,0.00245054,0.00249477,0,0,0.00741801,0,12,7,1.58333,0,0,0,1,0,0,0,0,0
1,bookshelf_tall,82,qpEnvelope,1,1,0.00876647,877,16,14.8722,912,912,0,0.000288837,0.00249477,0,0,0.0295215,0.205245,6,6,2.66667,0,0,0,0.792474,0.191562,0.0159635,877,244253,848
1,bookshelf_tall,89,isSafe,1,1,0.00587078,1233,9,12.1034,8,607,0,0.00835207,0.00249477,0,0,0,0,6,4,1.5,0,0,0,0,0,0,0,0,0
1,bookshelf_tall,89,qpFixed,1,1,0.0167232,1930,13,12.846,989,989,0,0.00353033,0.00249477,0,0,0.0100436,0,6,4,2.16667,0,0,0,1,0,0,1930,549981,1319
1,bookshelf_tall,89,qpPlain,1,1,0.0170406,1930,13,12.846,989,989,0,0.00353033,0.00249477,0,0,0.0100436,0,6,4,2.16667,0,0,0,1,0,0,1930,661990,1930
1,bookshelf_tall,89,qpAdaptive,1,1,0.0119488,1250,15,13.7626,1021,1021,0,0.00111352,0.00249477,0,0,0.0155271,0.4352,5,4,3,0,0,0,0.5624,0.432,0.0056,1250,375104,1199
1,bookshelf_tall,89,qpFreeGate,1,1,0.0186099,2642,11,15.3124,1346,1346,0,0.00441818,0.00249477,0,0,0.00647745,0,11,6,1,0,0,0,1,0,0,0,0,0
1,bookshelf_tall,89,qpEnvelope,1,1,0.00630104,592,15,15.8582,943,943,0,0.000950201,0.00249477,0,0,0.0345034,0.371622,5,4,3,0,0,0,0.623311,0.353041,0.0236486,592,177823,578
1,bookshelf_tall,98,isSafe,1,0,10.0111,1464005,14325,0,0,0,0,inf,inf,0,0,0,0,134809,14323,0.106261,0,0,0,0,0,0,0,0,0
1,bookshelf_tall,98,qpFixed,1,0,10.0008,934802,1854,0,0,0,0,inf,inf,0,0,0.00561008,0,4220,1736,0.439336,0,0,0,1,0,0,934802,281148429,892943
1,bookshelf_tall,98,qpPlain,1,0,10.0039,869630,1745,0,0,0,0,inf,inf,0,0,0.00564559,0,3901,1627,0.447321,0,0,0,1,0,0,869630,298283090,869630
1,bookshelf_tall,98,qpAdaptive,1,0,10.0028,629706,1451,0,0,0,0,inf,inf,0,0,0.00638514,0.0540633,3048,1336,0.47605,0,0,0,0.945687,0.0533995,0.000913125,629706,189750667,623123
1,bookshelf_tall,98,qpFreeGate,1,0,10.0001,926930,1546,0,0,0,0,inf,inf,0,0,0.00256343,0,8242,1542,0.187576,0,0,0,1,0,0,0,0,0
1,bookshelf_tall,98,qpEnvelope,1,0,10.0002,663009,1569,0,0,0,0,inf,inf,0,0,0.00667598,0.00831814,3414,1453,0.459578,0,0,0,0.991637,0.00738453,0.000978872,663009,199590272,660556
1,bookshelf_thin,5,isSafe,1,0,10.009,2,1,0,0,0,0,inf,inf,0,0,0,0,0,0,0,0,0,0,0,0,0,0,0,0
1,bookshelf_thin,5,qpFixed,1,0,10.0019,697032,3244,0,0,0,0,inf,inf,0,0,0.00837165,0,11137,3242,0.291281,0,0,0,1,0,0,697032,203176848,587504
1,bookshelf_thin,5,qpPlain,1,0,10.0007,833347,3831,0,0,0,0,inf,inf,0,0,0.00820833,0,13423,3829,0.285406,0,0,0,1,0,0,833347,285838021,833347
1,bookshelf_thin,5,qpAdaptive,1,0,10.0001,865106,4861,0,0,0,0,inf,inf,0,0,0.0100211,0.0944705,17715,4859,0.2744,0,0,0,0.903306,0.0933386,0.00335571,865106,254970853,836645
1,bookshelf_thin,5,qpFreeGate,1,0,10.0004,880279,2963,0,0,0,0,inf,inf,0,0,0.00422549,0,17975,2961,0.16484,0,0,0,1,0,0,0,0,0
1,bookshelf_thin,5,qpEnvelope,1,0,10.0012,677238,4246,0,0,0,0,inf,inf,0,0,0.0112412,0.0130929,15195,4244,0.279434,0,0,0,0.986573,0.00960933,0.00381728,677238,199097719,669935
1,bookshelf_thin,12,isSafe,1,1,0.0347457,5769,30,15.5576,9,779,0,0.00359391,0.00249477,0,0,0,0,139,26,0.215827,0,0,0,0,0,0,0,0,0
1,bookshelf_thin,12,qpFixed,1,1,0.00994138,1094,8,9.58485,928,928,0,0.00352907,0.00249477,0,0,0.00951864,0,2,2,4,0,0,0,1,0,0,1094,288258,606
1,bookshelf_thin,12,qpPlain,1,1,0.0103676,1094,8,9.58485,928,928,0,0.00352907,0.00249477,0,0,0.00951864,0,2,2,4,0,0,0,1,0,0,1094,375242,1094
1,bookshelf_thin,12,qpAdaptive,1,1,0.00409827,404,8,9.59758,624,624,0,0.00352907,0.00249477,0,0,0.0258074,0.683168,2,2,4,0,0,0,0.314356,0.670792,0.0148515,404,112821,332
1,bookshelf_thin,12,qpFreeGate,1,1,0.144958,17471,46,18.3396,1811,1811,0,0.00176909,0.00249477,0,0,0.00442514,0,127,40,0.362205,0,0,0,1,0,0,0,0,0
1,bookshelf_thin,12,qpEnvelope,1,1,0.00160102,131,8,9.63775,532,532,0,0.00364278,0.00249477,0,0,0.0799239,0.916031,2,2,4,0,0,0,0.0839695,0.862595,0.0534351,131,36820,112
1,bookshelf_thin,19,isSafe,1,1,0.16376,26919,137,15.5883,9,781,0,0.0063041,0.00249477,0,0,0,0,1114,134,0.12298,0,0,0,0,0,0,0,0,0
1,bookshelf_thin,19,qpFixed,1,1,0.0830904,8571,54,28.7474,2535,2535,0,0.000354427,0.00249477,0,0,0.00913707,0,28,22,1.92857,0,0,0,1,0,0,8571,2350298,6384
1,bookshelf_thin,19,qpPlain,1,1,0.085221,8571,54,28.7474,2535,2535,0,0.000354427,0.00249477,0,0,0.00913707,0,28,22,1.92857,0,0,0,1,0,0,8571,2939853,8571
1,bookshelf_thin,19,qpAdaptive,1,1,0.0604807,5828,54,28.7669,2141,2141,0,0.000353825,0.00249477,0,0,0.0134544,0.196637,28,22,1.92857,0,0,0,0.800961,0.19269,0.00634866,5828,1630024,5232
1,bookshelf_thin,19,qpFreeGate,1,1,0.14751,17793,47,14.5635,1434,1434,0,0.00525303,0.00249477,0,0,0.00469911,0,153,42,0.30719,0,0,0,1,0,0,0,0,0
1,bookshelf_thin,19,qpEnvelope,1,1,0.0482959,4478,50,28.8235,1889,1889,0,0.000338678,0.00249477,0,0,0.0175505,0.069004,28,22,1.78571,0,0,0,0.929433,0.0623046,0.00826262,4478,1241950,4245
1,bookshelf_thin,26,isSafe,1,0,10.0042,2,1,0,0,0,0,inf,inf,0,0,0,0,0,0,0,0,0,0,0,0,0,0,0,0
1,bookshelf_thin,26,qpFixed,1,0,10.0058,483565,2276,0,0,0,0,inf,inf,0,0,0.00854356,0,7559,2274,0.301098,0,0,0,1,0,0,483565,141931287,405721
1,bookshelf_thin,26,qpPlain,1,0,10.0001,987708,4362,0,0,0,0,inf,inf,0,0,0.00794587,0,15899,4360,0.274357,0,0,0,1,0,0,987708,338783844,987708
1,bookshelf_thin,26,qpAdaptive,1,0,10.0001,865084,4823,0,0,0,0,inf,inf,0,0,0.0099951,0.104708,17785,4821,0.271184,0,0,0,0.89288,0.103743,0.00337691,865084,256408634,836674
1,bookshelf_thin,26,qpFreeGate,1,0,10.0006,604889,1997,0,0,0,0,inf,inf,0,0,0.00437525,0,12029,1995,0.166015,0,0,0,1,0,0,0,0,0
1,bookshelf_thin,26,qpEnvelope,1,0,10.0051,733365,4519,0,0,0,0,inf,inf,0,0,0.011196,0.0165047,16701,4517,0.270583,0,0,0,0.983103,0.0129592,0.00393759,733365,216661930,725740
1,bookshelf_thin,33,isSafe,1,1,0.010782,1804,11,11.5524,7,579,0,0.00670894,0.00249477,0,0,0,0,29,7,0.37931,0,0,0,0,0,0,0,0,0
1,bookshelf_thin,33,qpFixed,1,1,0.0267707,2666,18,14.3513,1352,1352,0,0.000449031,0.00249477,0,0,0.00868238,0,7,7,2.57143,0,0,0,1,0,0,2666,754401,2302
1,bookshelf_thin,33,qpPlain,1,1,0.0271177,2666,18,14.3513,1352,1352,0,0.000449031,0.00249477,0,0,0.00868238,0,7,7,2.57143,0,0,0,1,0,0,2666,914438,2666
1,bookshelf_thin,33,qpAdaptive,1,1,0.0180382,1694,18,14.3963,1047,1047,0,0.000449031,0.00249477,0,0,0.0136489,0.403778,7,7,2.57143,0,0,0,0.593861,0.399055,0.00708383,1694,492312,1617
1,bookshelf_thin,33,qpFreeGate,1,1,0.0798497,9432,25,17.3122,1441,1441,0,0.00677976,0.00249477,0,0,0.00420636,0,67,18,0.373134,0,0,0,1,0,0,0,0,0
1,bookshelf_thin,33,qpEnvelope,1,1,0.0122413,1085,18,14.4656,905,905,0,0.000404759,0.00249477,0,0,0.0212272,0.339171,7,7,2.57143,0,0,0,0.658986,0.323502,0.0175115,1085,307728,1052
1,bookshelf_thin,40,isSafe,1,0,10.0023,2,1,0,0,0,0,inf,inf,0,0,0,0,0,0,0,0,0,0,0,0,0,0,0,0
1,bookshelf_thin,40,qpFixed,1,1,0.0275739,2827,23,9.3752,752,752,6,-0.0019345,0.00249477,0,0,0.00968973,0,9,7,2.55556,0,0,0,1,0,0,2827,654790,2408
1,bookshelf_thin,40,qpPlain,1,1,0.0294199,2827,23,9.3752,752,752,6,-0.0019345,0.00249477,0,0,0.00968973,0,9,7,2.55556,0,0,0,1,0,0,2827,969661,2827
1,bookshelf_thin,40,qpAdaptive,1,1,0.0196658,1908,24,9.39903,632,632,0,0.000894022,0.00249477,0,0,0.014404,0.198637,9,7,2.66667,0,0,0,0.798742,0.193396,0.00786164,1908,437365,1862
1,bookshelf_thin,40,qpFreeGate,1,0,10.0006,781289,2566,0,0,0,0,inf,inf,0,0,0.00419142,0,15785,2564,0.162559,0,0,0,1,0,0,0,0,0
1,bookshelf_thin,40,qpEnvelope,1,1,0.0289582,2687,37,19.0484,1180,1180,0,0.000899752,0.00249477,0,0,0.0186234,0.102717,19,14,1.94737,0,0,0,0.895795,0.0934127,0.0107927,2687,628325,2660
1,bookshelf_thin,47,isSafe,1,1,0.303266,50259,240,13.755,9,689,0,0.00415756,0.00249477,0,0,0,0,2038,236,0.117763,0,0,0,0,0,0,0,0,0
1,bookshelf_thin,47,qpFixed,1,1,0.00714954,798,14,8.97949,578,578,0,0.00557745,0.00249477,0,0,0.0143037,0,2,2,7,0,0,0,1,0,0,798,189488,394
1,bookshelf_thin,47,qpPlain,1,1,0.00764787,798,14,8.97949,578,578,0,0.00557745,0.00249477,0,0,0.0143037,0,2,2,7,0,0,0,1,0,0,798,273714,798
1,bookshelf_thin,47,qpAdaptive,1,1,0.0033472,335,14,8.99209,499,499,0,0.00557745,0.00249477,0,0,0.0341007,0.331343,2,2,7,0,0,0,0.653731,0.313433,0.0328358,335,80078,311
1,bookshelf_thin,47,qpFreeGate,1,1,0.258546,31410,82,11.9857,1021,1021,0,0.00340258,0.00249477,0,0,0.00428218,0,358,76,0.22905,0,0,0,1,0,0,0,0,0
1,bookshelf_thin,47,qpEnvelope,1,1,0.00227385,204,13,8.9857,473,473,0,0.00469274,0.00249477,0,0,0.0559686,0.191176,2,2,6.5,0,0,0,0.794118,0.156863,0.0490196,204,47876,195
1,bookshelf_thin,54,isSafe,1,1,0.0905474,15047,78,12.0833,8,606,0,0.00666641,0.00249477,0,0,0,0,400,74,0.195,0,0,0,0,0,0,0,0,0
1,bookshelf_thin,54,qpFixed,1,1,0.00797088,827,10,9.27978,730,730,0,0.000315572,0.00249477,0,0,0.0116005,0,2,2,5,0,0,0,1,0,0,827,210786,677
1,bookshelf_thin,54,qpPlain,1,1,0.00835532,827,10,9.27978,730,730,0,0.000315572,0.00249477,0,0,0.0116005,0,2,2,5,0,0,0,1,0,0,827,283661,827
1,bookshelf_thin,54,qpAdaptive,1,1,0.00547636,517,10,9.2981,667,667,0,0.000315572,0.00249477,0,0,0.0185843,0.201161,2,2,5,0,0,0,0.794971,0.191489,0.0135397,517,130068,494
1,bookshelf_thin,54,qpFreeGate,1,1,0.359277,43406,104,9.92028,680,680,0,0.00635464,0.00249477,0,0,0.00420345,0,368,99,0.282609,0,0,0,1,0,0,0,0,0
1,bookshelf_thin,54,qpEnvelope,1,1,0.00350254,317,10,9.3144,622,622,0,0.000317941,0.00249477,0,0,0.0303869,0.227129,2,2,5,0,0,0,0.772871,0.201893,0.0252366,317,79996,306
1,bookshelf_thin,61,isSafe,1,1,0.0544115,9031,43,6.96575,5,350,0,0.00587617,0.00249477,0,0,0,0,224,39,0.191964,0,0,0,0,0,0,0,0,0
1,bookshelf_thin,61,qpFixed,1,1,0.00456454,514,6,5.88028,515,515,24,-0.00145646,0.00249477,0,0,0.0114402,0,1,1,6,0,0,0,1,0,0,514,135446,221
1,bookshelf_thin,61,qpPlain,1,1,0.00483626,514,6,5.88028,515,515,24,-0.00145646,0.00249477,0,0,0.0114402,0,1,1,6,0,0,0,1,0,0,514,176302,514
1,bookshelf_thin,61,qpAdaptive,1,1,0.00192136,192,6,5.87034,379,379,22,-0.00189569,0.00249477,0,0,0.0305747,0.390625,1,1,6,0,0,0,0.609375,0.375,0.015625,192,53600,158
1,bookshelf_thin,61,qpFreeGate,1,1,1.04553,125432,281,24.9554,2154,2154,0,0.00319185,0.00249477,0,0,0.00362825,0,1360,275,0.206618,0,0,0,1,0,0,0,0,0
1,bookshelf_thin,61,qpEnvelope,1,1,0.00106907,92,6,5.85124,333,333,24,-0.00151058,0.00249477,0,0,0.0636004,0.380435,1,1,6,0,0,0,0.608696,0.347826,0.0434783,92,26273,72
1,bookshelf_thin,68,isSafe,1,0,10.0025,2,1,0,0,0,0,inf,inf,0,0,0,0,0,0,0,0,0,0,0,0,0,0,0,0
1,bookshelf_thin,68,qpFixed,1,0,10.0015,833217,1738,0,0,0,0,inf,inf,0,0,0.00589219,0,3711,1621,0.468337,0,0,0,1,0,0,833217,248307131,786638
1,bookshelf_thin,68,qpPlain,1,0,10.0016,668655,1444,0,0,0,0,inf,inf,0,0,0.0060207,0,2919,1330,0.49469,0,0,0,1,0,0,668655,229348665,668655
1,bookshelf_thin,68,qpAdaptive,1,0,10.0027,554198,1350,0,0,0,0,inf,inf,0,0,0.00673425,0.0514978,2652,1236,0.50905,0,0,0,0.948231,0.0507635,0.00100506,554198,165586660,546083
1,bookshelf_thin,68,qpFreeGate,1,0,10.0008,1050648,3515,0,0,0,0,inf,inf,0,0,0.00408792,0,21479,3513,0.163648,0,0,0,1,0,0,0,0,0
1,bookshelf_thin,68,qpEnvelope,1,0,10.0003,941417,2176,0,0,0,0,inf,inf,0,0,0.00663722,0.00524104,4945,2060,0.44004,0,0,0,0.994733,0.00424149,0.00102505,941417,281865958,937932
1,bookshelf_thin,75,isSafe,1,1,0.0396518,6588,35,12.3938,8,621,0,0.00252384,0.00249477,0,0,0,0,198,31,0.176768,0,0,0,0,0,0,0,0,0
1,bookshelf_thin,75,qpFixed,1,1,0.0217136,2200,16,12.7689,1111,1111,0,0.000877479,0.00249477,0,0,0.0104665,0,6,5,2.66667,0,0,0,1,0,0,2200,632247,1800
1,bookshelf_thin,75,qpPlain,1,1,0.0219095,2200,16,12.7689,1111,1111,0,0.000877479,0.00249477,0,0,0.0104665,0,6,5,2.66667,0,0,0,1,0,0,2200,754600,2200
1,bookshelf_thin,75,qpAdaptive,1,1,0.0138399,1319,16,12.761,883,883,0,0.000877476,0.00249477,0,0,0.0174977,0.425322,6,5,2.66667,0,0,0,0.573161,0.419257,0.0075815,1319,387067,1256
1,bookshelf_thin,75,qpFreeGate,1,1,0.126574,15254,37,16.6497,1717,1717,0,0.00509919,0.00249477,0,0,0.00432027,0,93,32,0.397849,0,0,0,1,0,0,0,0,0
1,bookshelf_thin,75,qpEnvelope,1,1,0.00785218,684,15,12.6245,763,763,0,0.000880122,0.00249477,0,0,0.0335303,0.403509,6,5,2.5,0,0,0,0.590643,0.388889,0.0204678,684,200188,665
1,bookshelf_thin,83,isSafe,1,1,0.0393544,6551,34,16.862,10,845,0,0.00554979,0.00249477,0,0,0,0,147,30,0.231293,0,0,0,0,0,0,0,0,0
1,bookshelf_thin,83,qpFixed,1,1,0.0698401,6955,33,23.7299,2009,2009,228,-0.00357793,0.00249477,0,0,0.00837376,0,30,18,1.1,0,0,0,1,0,0,6955,1821427,5607
1,bookshelf_thin,83,qpPlain,1,1,0.0734459,6955,33,23.7299,2009,2009,228,-0.00357793,0.00249477,0,0,0.00837376,0,30,18,1.1,0,0,0,1,0,0,6955,2385565,6955
1,bookshelf_thin,83,qpAdaptive,1,1,0.0544493,4947,33,23.7435,1876,1876,228,-0.00357824,0.00249477,0,0,0.0117786,0.145947,30,18,1.1,0,0,0,0.852436,0.142511,0.00505357,4947,1316979,4778
1,bookshelf_thin,83,qpFreeGate,1,1,0.0940076,11369,41,14.6795,1239,1239,0,0.0022422,0.00249477,0,0,0.00502744,0,81,29,0.506173,0,0,0,1,0,0,0,0,0
1,bookshelf_thin,83,qpEnvelope,1,1,0.047135,4122,33,23.7557,1724,1724,228,-0.00356579,0.00249477,0,0,0.0141877,0.06623,30,18,1.1,0,0,0,0.933285,0.0599224,0.00679282,4122,1101576,4086
1,bookshelf_thin,90,isSafe,1,0,10.0001,2,1,0,0,0,0,inf,inf,0,0,0,0,0,0,0,0,0,0,0,0,0,0,0,0
1,bookshelf_thin,90,qpFixed,1,0,10.0014,885418,3964,0,0,0,0,inf,inf,0,0,0.00808155,0,14267,3962,0.277844,0,0,0,1,0,0,885418,259721328,753404
1,bookshelf_thin,90,qpPlain,1,0,10.0007,1004042,4458,0,0,0,0,inf,inf,0,0,0.00797143,0,16279,4456,0.27385,0,0,0,1,0,0,1004042,344386406,1004042
1,bookshelf_thin,90,qpAdaptive,1,0,10.0004,867310,4793,0,0,0,0,inf,inf,0,0,0.00995782,0.0987455,17811,4791,0.269103,0,0,0,0.898927,0.0975982,0.00347465,867310,256378064,838280
1,bookshelf_thin,90,qpFreeGate,1,0,10.0002,931140,3100,0,0,0,0,inf,inf,0,0,0.00413125,0,18831,3098,0.164622,0,0,0,1,0,0,0,0,0
1,bookshelf_thin,90,qpEnvelope,1,0,10.0048,739665,4556,0,0,0,0,inf,inf,0,0,0.0110973,0.0148405,16701,4554,0.272798,0,0,0,0.984774,0.011305,0.00392151,739665,218473802,731384
1,bookshelf_thin,97,isSafe,1,0,10.004,2,1,0,0,0,0,inf,inf,0,0,0,0,0,0,0,0,0,0,0,0,0,0,0,0
1,bookshelf_thin,97,qpFixed,1,1,0.0177408,606,7,8.37471,607,607,0,0.000736776,0.00249477,0,0,0.0138197,0,1,1,7,0,0,0,1,0,0,606,148517,253
1,bookshelf_thin,97,qpPlain,1,1,0.0300895,606,7,8.37471,607,607,0,0.000736776,0.00249477,0,0,0.0138197,0,1,1,7,0,0,0,1,0,0,606,207858,606
1,bookshelf_thin,97,qpAdaptive,1,1,0.0147584,252,7,8.37928,521,521,0,0.000736776,0.00249477,0,0,0.0332511,0.277778,1,1,7,0,0,0,0.718254,0.265873,0.015873,252,68624,223
1,bookshelf_thin,97,qpFreeGate,1,0,10.0005,1099118,3623,0,0,0,0,inf,inf,0,0,0.00402762,0,22491,3621,0.161087,0,0,0,1,0,0,0,0,0
1,bookshelf_thin,97,qpEnvelope,1,1,0.00233507,202,7,8.38721,497,497,0,0.000736776,0.00249477,0,0,0.0415209,0.123762,1,1,7,0,0,0,0.876238,0.10396,0.019802,202,54619,187
1,table_under_pick,4,isSafe,1,1,0.0040488,1133,8,10.3498,7,519,0,0.00705673,0.00249477,0,0,0,0,17,3,0.470588,0,0,0,0,0,0,0,0,0
1,table_under_pick,4,qpFixed,1,1,0.0105793,1459,12,7.08429,579,579,0,0.00641461,0.00249477,0,0,0.0107067,0,4,4,3,0,0,0,1,0,0,1459,416307,1236
1,table_under_pick,4,qpPlain,1,1,0.0106173,1459,12,7.08429,579,579,0,0.00641461,0.00249477,0,0,0.0107067,0,4,4,3,0,0,0,1,0,0,1459,500437,1459
1,table_under_pick,4,qpAdaptive,1,1,0.00653676,833,12,7.09096,474,474,0,0.00641184,0.00249477,0,0,0.0187561,0.490996,4,4,3,0,0,0,0.504202,0.484994,0.0108043,833,241034,794
1,table_under_pick,4,qpFreeGate,1,1,0.0205682,3448,14,16.2805,1449,1449,0,0.000275875,0.00249477,0,0,0.00604426,0,25,10,0.56,0,0,0,1,0,0,0,0,0
1,table_under_pick,4,qpEnvelope,1,1,0.00388282,437,12,7.10876,396,396,0,0.00564457,0.00249477,0,0,0.0360099,0.519451,4,4,3,0,0,0,0.469108,0.508009,0.0228833,437,126904,413
1,table_under_pick,11,isSafe,1,0,1.0143e-05,1,0,0,0,0,0,inf,inf,0,0,0,0,0,0,0,0,0,0,0,0,0,0,0,0
1,table_under_pick,11,qpFixed,1,0,10.0004,1363635,5910,0,0,0,0,inf,inf,0,0,0.00769558,0,22296,5908,0.26507,0,0,0,1,0,0,1363635,401761192,1179800
1,table_under_pick,11,qpPlain,1,0,10.0002,1163953,5119,0,0,0,0,inf,inf,0,0,0.007843,0,18926,5117,0.270474,0,0,0,1,0,0,1163953,399235879,1163953
1,table_under_pick,11,qpAdaptive,1,0,10.0007,1112644,6013,0,0,0,0,inf,inf,0,0,0.00958056,0.0935762,22682,6011,0.2651,0,0,0,0.904277,0.0924558,0.00326762,1112644,330278730,1077141
1,table_under_pick,11,qpFreeGate,1,0,10.0002,1441230,4785,0,0,0,0,inf,inf,0,0,0.00387387,0,30616,4783,0.156291,0,0,0,1,0,0,0,0,0
1,table_under_pick,11,qpEnvelope,1,0,10.0002,994504,5859,0,0,0,0,inf,inf,0,0,0.0105228,0.0141126,22146,5857,0.264562,0,0,0,0.985524,0.0108074,0.00366826,994504,294676001,982710
1,table_under_pick,18,isSafe,1,1,0.0226293,6347,30,15.55,9,779,0,0.00599927,0.00249477,0,0,0,0,266,27,0.112782,0,0,0,0,0,0,0,0,0
1,table_under_pick,18,qpFixed,1,1,0.00995409,1565,16,13.7544,978,978,0,0.00412012,0.00249477,0,0,0.0132367,0,3,3,5.33333,0,0,0,1,0,0,1565,396122,668
1,table_under_pick,18,qpPlain,1,1,0.0110922,1565,16,13.7544,978,978,0,0.00412012,0.00249477,0,0,0.0132367,0,3,3,5.33333,0,0,0,1,0,0,1565,536795,1565
1,table_under_pick,18,qpAdaptive,1,1,0.0030126,396,16,13.7574,788,788,0,0.00411827,0.00249477,0,0,0.0523489,0.54798,3,3,5.33333,0,0,0,0.441919,0.522727,0.0353535,396,114358,320
1,table_under_pick,18,qpFreeGate,1,1,0.0419545,7064,10,10.5507,1075,1075,0,0.00183139,0.00249477,0,0,0.00198206,0,101,5,0.0990099,0,0,0,1,0,0,0,0,0
1,table_under_pick,18,qpEnvelope,1,1,0.0015515,166,15,13.7568,737,737,0,0.00407446,0.00249477,0,0,0.124807,0.777108,3,3,5,0,0,0,0.216867,0.698795,0.0843373,166,46273,131
1,table_under_pick,25,isSafe,1,1,0.00377904,1054,7,9.74239,6,489,0,0.00662873,0.00249477,0,0,0,0,40,4,0.175,0,0,0,0,0,0,0,0,0
1,table_under_pick,25,qpFixed,1,1,0.00706059,967,10,9.99127,778,778,0,0.000844404,0.00249477,0,0,0.0112556,0,4,3,2.5,0,0,0,1,0,0,967,285100,852
1,table_under_pick,25,qpPlain,1,1,0.00712712,967,10,9.99127,778,778,0,0.000844404,0.00249477,0,0,0.0112556,0,4,3,2.5,0,0,0,1,0,0,967,331681,967
1,table_under_pick,25,qpAdaptive,1,1,0.00442692,562,10,9.98931,703,703,0,0.000889569,0.00249477,0,0,0.0193728,0.453737,4,3,2.5,0,0,0,0.544484,0.44306,0.0124555,562,162585,538
1,table_under_pick,25,qpFreeGate,1,1,0.0333095,5651,17,15.3843,1369,1369,0,0.00566267,0.00249477,0,0,0.00476421,0,34,12,0.5,0,0,0,1,0,0,0,0,0
1,table_under_pick,25,qpEnvelope,1,1,0.00280475,321,10,9.96292,614,614,0,0.00107844,0.00249477,0,0,0.0338997,0.373832,4,3,2.5,0,0,0,0.616822,0.358255,0.0249221,321,92162,313
1,table_under_pick,32,isSafe,1,1,0.00617041,1702,11,10.049,7,504,0,0.000472487,0.00249477,0,0,0,0,55,7,0.2,0,0,0,0,0,0,0,0,0
1,table_under_pick,32,qpFixed,1,1,0.0232982,3117,33,20.9071,1801,1801,0,0.00243195,0.00249477,0,0,0.0101437,0,10,10,3.3,0,0,0,1,0,0,3117,899643,3019
1,table_under_pick,32,qpPlain,1,1,0.0237618,3117,33,20.9071,1801,1801,0,0.00243195,0.00249477,0,0,0.0101437,0,10,10,3.3,0,0,0,1,0,0,3117,1069131,3117
1,table_under_pick,32,qpAdaptive,1,1,0.016864,2105,36,21.0024,1528,1528,0,0.00240928,0.00249477,0,0,0.0150499,0.266508,10,10,3.6,0,0,0,0.730641,0.257482,0.0118765,2105,616358,2083
1,table_under_pick,32,qpFreeGate,1,1,0.0396294,6681,18,13.9476,1431,1431,0,0.00359489,0.00249477,0,0,0.00323978,0,55,14,0.327273,0,0,0,1,0,0,0,0,0
1,table_under_pick,32,qpEnvelope,1,1,0.0145515,1711,37,23.8017,1454,1454,0,0.00255772,0.00249477,0,0,0.0273703,0.212157,15,15,2.46667,0,0,0,0.786674,0.195207,0.0181181,1711,501202,1676
1,table_under_pick,39,isSafe,1,1,0.00338265,952,7,7.21266,5,362,0,0.000980318,0.00249477,0,0,0,0,11,4,0.636364,0,0,0,0,0,0,0,0,0
1,table_under_pick,39,qpFixed,1,1,0.0113333,1643,13,14.4492,1148,1148,0,0.000496241,0.00249477,0,0,0.0114728,0,5,5,2.6,0,0,0,1,0,0,1643,412219,1327
1,table_under_pick,39,qpPlain,1,1,0.0120893,1643,13,14.4492,1148,1148,0,0.000496241,0.00249477,0,0,0.0114728,0,5,5,2.6,0,0,0,1,0,0,1643,563549,1643
1,table_under_pick,39,qpAdaptive,1,1,0.0069824,925,13,14.4576,973,973,0,0.000477647,0.00249477,0,0,0.0203896,0.423784,5,5,2.6,0,0,0,0.574054,0.418378,0.00756757,925,231899,893
1,table_under_pick,39,qpFreeGate,1,1,0.046306,7874,24,8.99607,795,795,0,0.00184324,0.00249477,0,0,0.0043866,0,73,20,0.328767,0,0,0,1,0,0,0,0,0
1,table_under_pick,39,qpEnvelope,1,1,0.00484533,574,13,14.4567,879,879,0,0.000311371,0.00249477,0,0,0.032866,0.458188,5,5,2.6,0,0,0,0.538328,0.449477,0.0121951,574,145534,562
1,table_under_pick,46,isSafe,1,1,0.00994379,2811,16,10.4759,7,525,0,0.00651309,0.00249477,0,0,0,0,68,12,0.235294,0,0,0,0,0,0,0,0,0
1,table_under_pick,46,qpFixed,1,1,0.00552542,785,8,8.83275,786,786,0,0.000215211,0.00249477,0,0,0.0112519,0,1,1,8,0,0,0,1,0,0,785,225831,640
1,table_under_pick,46,qpPlain,1,1,0.00566146,785,8,8.83275,786,786,0,0.000215211,0.00249477,0,0,0.0112519,0,1,1,8,0,0,0,1,0,0,785,269255,785
1,table_under_pick,46,qpAdaptive,1,1,0.0044808,588,8,8.82401,724,724,0,0.000219455,0.00249477,0,0,0.0150068,0.180272,1,1,8,0,0,0,0.816327,0.178571,0.00510204,588,168286,554
1,table_under_pick,46,qpFreeGate,1,1,0.100285,17044,41,17.6305,1919,1919,0,0.000438699,0.00249477,0,0,0.00366002,0,127,34,0.322835,0,0,0,1,0,0,0,0,0
1,table_under_pick,46,qpEnvelope,1,1,0.00300125,364,8,8.82369,616,616,0,0.000227329,0.00249477,0,0,0.0242409,0.175824,1,1,8,0,0,0,0.821429,0.164835,0.0137363,364,106138,352
1,table_under_pick,53,isSafe,1,0,10,1829787,18594,0,0,0,0,inf,inf,0,0,0,0,159712,18592,0.116422,0,0,0,0,0,0,0,0,0
1,table_under_pick,53,qpFixed,1,0,10.0007,1160615,2287,0,0,0,0,inf,inf,0,0,0.00561014,0,5279,2166,0.433226,0,0,0,1,0,0,1160615,346519569,1104064
1,table_under_pick,53,qpPlain,1,0,10.0001,1152774,2274,0,0,0,0,inf,inf,0,0,0.00561661,0,5239,2153,0.434052,0,0,0,1,0,0,1152774,395401482,1152774
1,table_under_pick,53,qpAdaptive,1,0,10.0013,947425,2100,0,0,0,0,inf,inf,0,0,0.00629629,0.056547,4753,1979,0.441826,0,0,0,0.94319,0.0557871,0.00102277,947425,283952860,936290
1,table_under_pick,53,qpFreeGate,1,0,10.0018,926943,1526,0,0,0,0,inf,inf,0,0,0.00258361,0,8236,1522,0.185284,0,0,0,1,0,0,0,0,0
1,table_under_pick,53,qpEnvelope,1,0,10.0009,1265164,2803,0,0,0,0,inf,inf,0,0,0.00637896,0.00654065,6806,2680,0.411842,0,0,0,0.993422,0.00551392,0.0010639,1265164,378994201,1260683
1,table_under_pick,60,isSafe,1,1,0.00393409,1072,8,10.5943,7,531,0,0.0082622,0.00249477,0,0,0,0,2,2,4,0,0,0,0,0,0,0,0,0
1,table_under_pick,60,qpFixed,1,1,0.00409789,639,11,9.69553,640,640,0,0.0078685,0.00249477,0,0,0.015173,0,1,1,11,0,0,0,1,0,0,639,168125,145
1,table_under_pick,60,qpPlain,1,1,0.00439594,639,11,9.69553,640,640,0,0.0078685,0.00249477,0,0,0.015173,0,1,1,11,0,0,0,1,0,0,639,219177,639
1,table_under_pick,60,qpAdaptive,1,1,0.000725501,98,10,9.69418,525,525,0,0.00786858,0.00249477,0,0,0.0989202,0.653061,1,1,10,0,0,0,0.336735,0.581633,0.0816327,98,27063,52
1,table_under_pick,60,qpFreeGate,1,1,0.00473346,778,8,10.5445,691,691,0,0.0082622,0.00249477,0,0,0.0136045,0,2,2,4,0,0,0,1,0,0,0,0,0
1,table_under_pick,60,qpEnvelope,1,1,0.000559439,53,7,9.68156,507,507,0,0.0078686,0.00249477,0,0,0.182671,0.660377,1,1,7,0,0,0,0.339623,0.566038,0.0943396,53,14227,33
1,table_under_pick,68,isSafe,1,1,0.010215,2798,15,14.1229,9,708,0,0.00785263,0.00249477,0,0,0,0,102,10,0.147059,0,0,0,0,0,0,0,0,0
1,table_under_pick,68,qpFixed,1,1,0.063278,8341,55,22.1418,1838,1838,0,1.66666e-05,0.00249477,0,0,0.00975688,0,31,28,1.77419,0,0,0,1,0,0,8341,2276865,7901
1,table_under_pick,68,qpPlain,1,1,0.0646059,8341,55,22.1418,1838,1838,0,1.66666e-05,0.00249477,0,0,0.00975688,0,31,28,1.77419,0,0,0,1,0,0,8341,2860963,8341
1,table_under_pick,68,qpAdaptive,1,1,0.0470053,5835,55,22.1635,1691,1691,0,1.64555e-05,0.00249477,0,0,0.0139918,0.242331,31,28,1.77419,0,0,0,0.755441,0.238903,0.00565553,5835,1615622,5743
1,table_under_pick,68,qpFreeGate,1,1,0.114879,18894,33,22.2029,2141,2141,0,0.00539053,0.00249477,0,0,0.00320369,0,151,29,0.218543,0,0,0,1,0,0,0,0,0
1,table_under_pick,68,qpEnvelope,1,1,0.0375181,4355,52,22.2287,1545,1545,0,1.48914e-05,0.00249477,0,0,0.0187801,0.210792,31,28,1.67742,0,0,0,0.788519,0.203444,0.00803674,4355,1213888,4329
1,table_under_pick,75,isSafe,1,0,10.0013,2,1,0,0,0,0,inf,inf,0,0,0,0,0,0,0,0,0,0,0,0,0,0,0,0
1,table_under_pick,75,qpFixed,1,1,0.0206102,3019,20,13.2649,1142,1142,0,0.00278488,0.00249477,0,0,0.0108073,0,9,8,2.22222,0,0,0,1,0,0,3019,752789,1979
1,table_under_pick,75,qpPlain,1,1,0.0221133,3019,20,13.2649,1142,1142,0,0.00278488,0.00249477,0,0,0.0108073,0,9,8,2.22222,0,0,0,1,0,0,3019,1035517,3019
1,table_under_pick,75,qpAdaptive,1,1,0.00816886,1074,20,13.3003,864,864,0,0.00301357,0.00249477,0,0,0.0304564,0.823091,9,8,2.22222,0,0,0,0.172253,0.809125,0.018622,1074,261690,960
1,table_under_pick,75,qpFreeGate,1,0,10.0003,1403142,4795,0,0,0,0,inf,inf,0,0,0.00394336,0,29893,4793,0.160405,0,0,0,1,0,0,0,0,0
1,table_under_pick,75,qpEnvelope,1,1,0.00307394,309,20,13.4535,729,729,0,0.0055585,0.00249477,0,0,0.107213,0.666667,9,8,2.22222,0,0,0,0.323625,0.601942,0.0744337,309,77721,271
1,table_under_pick,82,isSafe,1,1,0.00304406,849,6,5.95212,4,299,0,0.000437403,0.00249477,0,0,0,0,13,3,0.461538,0,0,0,0,0,0,0,0,0
1,table_under_pick,82,qpFixed,1,1,0.00909921,1355,17,11.4307,1003,1003,0,0.00146373,0.00249477,0,0,0.0101791,0,4,4,4.25,0,0,0,1,0,0,1355,338312,985
1,table_under_pick,82,qpPlain,1,1,0.00979336,1355,17,11.4307,1003,1003,0,0.00146373,0.00249477,0,0,0.0101791,0,4,4,4.25,0,0,0,1,0,0,1355,464765,1355
1,table_under_pick,82,qpAdaptive,1,1,0.00393692,522,18,11.4641,779,779,0,0.0014049,0.00249477,0,0,0.0266657,0.482759,4,4,4.5,0,0,0,0.507663,0.463602,0.0287356,522,135105,485
1,table_under_pick,82,qpFreeGate,1,1,0.0211848,3589,12,12.6738,1062,1062,0,0.00249178,0.00249477,0,0,0.00529674,0,28,7,0.428571,0,0,0,1,0,0,0,0,0
1,table_under_pick,82,qpEnvelope,1,1,0.0051393,573,35,14.9829,894,894,0,0.001212,0.00249477,0,0,0.0498055,0.509599,11,8,3.18182,0,0,0,0.47644,0.460733,0.0628272,573,148339,549
1,table_under_pick,89,isSafe,1,0,1.0672e-05,1,0,0,0,0,0,inf,inf,0,0,0,0,0,0,0,0,0,0,0,0,0,0,0,0
1,table_under_pick,89,qpFixed,1,0,10.0006,1335367,1439,0,0,0,0,inf,inf,0,0,0.00420108,0,17146,1437,0.0839263,0,0,0,1,0,0,1335367,402465017,1323436
1,table_under_pick,89,qpPlain,1,0,10.0003,1226410,1352,0,0,0,0,inf,inf,0,0,0.00424797,0,15730,1350,0.0859504,0,0,0,1,0,0,1226410,420658630,1226410
1,table_under_pick,89,qpAdaptive,1,0,10.0001,1271325,1434,0,0,0,0,inf,inf,0,0,0.00438951,0.0367137,17028,1432,0.0842142,0,0,0,0.962868,0.0367844,0.000348032,1271325,383398082,1265899
1,table_under_pick,89,qpFreeGate,1,0,10.0003,1667428,810,0,0,0,0,inf,inf,0,0,0.00108507,0,36452,808,0.022221,0,0,0,1,0,0,0,0,0
1,table_under_pick,89,qpEnvelope,1,0,10.0004,1265008,1451,0,0,0,0,inf,inf,0,0,0.00449771,0.00255018,17444,1449,0.0831805,0,0,0,0.997418,0.00221782,0.000364191,1265008,381259817,1263233
1,table_under_pick,96,isSafe,1,0,10.0001,2343174,24947,0,0,0,0,inf,inf,0,0,0,0,218763,24945,0.114037,0,0,0,0,0,0,0,0,0
1,table_under_pick,96,qpFixed,1,0,10.0003,1344061,2628,0,0,0,0,inf,inf,0,0,0.00553157,0,6185,2497,0.424899,0,0,0,1,0,0,1344061,402026544,1283922
1,table_under_pick,96,qpPlain,1,0,10.0014,1359570,2654,0,0,0,0,inf,inf,0,0,0.00552815,0,6261,2523,0.423894,0,0,0,1,0,0,1359570,466332510,1359570
1,table_under_pick,96,qpAdaptive,1,0,10.0013,1282890,2747,0,0,0,0,inf,inf,0,0,0.00609064,0.0560531,6544,2615,0.419774,0,0,0,0.943689,0.0553206,0.000990736,1282890,385178259,1270103
1,table_under_pick,96,qpFreeGate,1,0,10.0003,1667033,2818,0,0,0,0,inf,inf,0,0,0.0024274,0,15521,2810,0.18156,0,0,0,1,0,0,0,0,0
1,table_under_pick,96,qpEnvelope,1,0,10.0007,1276629,2861,0,0,0,0,inf,inf,0,0,0.00642014,0.00858981,6870,2734,0.416448,0,0,0,0.991353,0.00755586,0.00109116,1276629,383162458,1272241
1,bookshelf_small,3,isSafe,1,1,0.0662749,26694,128,21.5732,12,1080,0,0.00759831,0.00249477,0,0,0,0,1012,125,0.126482,0,0,0,0,0,0,0,0,0
1,bookshelf_small,3,qpFixed,1,1,0.00751246,1311,14,11.8919,935,935,0,0.000957487,0.00249477,0,0,0.0130936,0,2,2,7,0,0,0,1,0,0,1311,352492,733
1,bookshelf_small,3,qpPlain,1,1,0.00795348,1311,14,11.8919,935,935,0,0.000957487,0.00249477,0,0,0.0130936,0,2,2,7,0,0,0,1,0,0,1311,449673,1311
1,bookshelf_small,3,qpAdaptive,1,1,0.00412176,610,14,11.8973,760,760,0,0.000939648,0.00249477,0,0,0.0281338,0.232787,2,2,7,0,0,0,0.765574,0.218033,0.0163934,610,177351,537
1,bookshelf_small,3,qpFreeGate,1,1,0.154942,31976,72,17.2344,1656,1656,0,0.00797965,0.00249477,0,0,0.00390703,0,232,65,0.310345,0,0,0,1,0,0,0,0,0
1,bookshelf_small,3,qpEnvelope,1,1,0.00323296,442,12,11.8349,710,710,0,0.000494991,0.00249477,0,0,0.0390846,0.217195,2,2,6,0,0,0,0.782805,0.196833,0.020362,442,127946,413
1,bookshelf_small,11,isSafe,1,0,10.01,2,1,0,0,0,0,inf,inf,0,0,0,0,0,0,0,0,0,0,0,0,0,0,0,0
1,bookshelf_small,11,qpFixed,1,1,0.00365125,635,9,9.06222,609,609,0,0.00526947,0.00249477,0,0,0.0147751,0,2,2,4.5,0,0,0,1,0,0,635,181894,403
1,bookshelf_small,11,qpPlain,1,1,0.00370455,635,9,9.06222,609,609,0,0.00526947,0.00249477,0,0,0.0147751,0,2,2,4.5,0,0,0,1,0,0,635,217805,635
1,bookshelf_small,11,qpAdaptive,1,1,0.00176949,285,9,9.07696,566,566,0,0.00526947,0.00249477,0,0,0.0329815,0.65614,2,2,4.5,0,0,0,0.329825,0.642105,0.0280702,285,84688,215
1,bookshelf_small,11,qpFreeGate,1,0,10.0006,2015344,5979,0,0,0,0,inf,inf,0,0,0.00336951,0,42601,5977,0.140349,0,0,0,1,0,0,0,0,0
1,bookshelf_small,11,qpEnvelope,1,1,0.00115857,152,8,9.124,506,506,0,0.00526947,0.00249477,0,0,0.0620678,0.460526,2,2,4,0,0,0,0.539474,0.414474,0.0460526,152,45868,122
1,bookshelf_small,18,isSafe,1,1,0.00478283,1933,12,10.5803,7,531,0,0.00567381,0.00249477,0,0,0,0,16,8,0.75,0,0,0,0,0,0,0,0,0
1,bookshelf_small,18,qpFixed,1,1,0.00235368,429,6,6.08901,430,430,0,0.00207116,0.00249477,0,0,0.0141935,0,1,1,6,0,0,0,1,0,0,429,98929,207
1,bookshelf_small,18,qpPlain,1,1,0.00264147,429,6,6.08901,430,430,0,0.00207116,0.00249477,0,0,0.0141935,0,1,1,6,0,0,0,1,0,0,429,147147,429
1,bookshelf_small,18,qpAdaptive,1,1,0.0015121,241,6,6.0896,387,387,0,0.00207007,0.00249477,0,0,0.025268,0.120332,1,1,6,0,0,0,0.879668,0.107884,0.0124481,241,55230,203
1,bookshelf_small,18,qpFreeGate,1,1,0.0128326,2688,12,10.1322,782,782,0,0.00567381,0.00249477,0,0,0.00719756,0,16,8,0.75,0,0,0,1,0,0,0,0,0
1,bookshelf_small,18,qpEnvelope,1,1,0.00105992,157,6,6.09062,363,363,0,0.00212662,0.00249477,0,0,0.0387938,0.101911,1,1,6,0,0,0,0.898089,0.0828025,0.0191083,157,35942,142
1,bookshelf_small,26,isSafe,1,0,10.0098,2,1,0,0,0,0,inf,inf,0,0,0,0,0,0,0,0,0,0,0,0,0,0,0,0
1,bookshelf_small,26,qpFixed,1,0,10.0006,1568602,2969,0,0,0,0,inf,inf,0,0,0.00546676,0,7449,2851,0.398577,0,0,0,1,0,0,1568602,470583992,1498439
1,bookshelf_small,26,qpPlain,1,0,10.0003,1578524,2982,0,0,0,0,inf,inf,0,0,0.00546137,0,7501,2864,0.397547,0,0,0,1,0,0,1578524,541433732,1578524
1,bookshelf_small,26,qpAdaptive,1,0,10.0006,1476146,3070,0,0,0,0,inf,inf,0,0,0.00601301,0.0529209,7765,2952,0.395364,0,0,0,0.946802,0.0521983,0.000999228,1476146,444294282,1460866
1,bookshelf_small,26,qpFreeGate,1,0,10,2027464,6424,0,0,0,0,inf,inf,0,0,0.00351104,0,43826,6422,0.14658,0,0,0,1,0,0,0,0,0
1,bookshelf_small,26,qpEnvelope,1,0,10.0004,1471254,3182,0,0,0,0,inf,inf,0,0,0.00627256,0.0074236,8117,3060,0.392017,0,0,0,0.992524,0.00640475,0.0010712,1471254,442371435,1466366
1,bookshelf_small,34,isSafe,1,1,0.0206016,8301,41,8.17244,6,410,0,0.00441367,0.00249477,0,0,0,0,228,37,0.179825,0,0,0,0,0,0,0,0,0
1,bookshelf_small,34,qpFixed,1,1,0.00397822,727,6,7.95192,590,590,0,0.00382523,0.00249477,0,0,0.012236,0,2,2,3,0,0,0,1,0,0,727,193450,229
1,bookshelf_small,34,qpPlain,1,1,0.00427349,727,6,7.95192,590,590,0,0.00382523,0.00249477,0,0,0.012236,0,2,2,3,0,0,0,1,0,0,727,249361,727
1,bookshelf_small,34,qpAdaptive,1,1,0.00159343,228,6,7.95392,443,443,0,0.00382523,0.00249477,0,0,0.0390245,0.241228,2,2,3,0,0,0,0.758772,0.223684,0.0175439,228,69730,194
1,bookshelf_small,34,qpFreeGate,1,1,0.130832,26878,56,8.68147,709,709,0,0.00441416,0.00249477,0,0,0.00374603,0,228,53,0.245614,0,0,0,1,0,0,0,0,0
1,bookshelf_small,34,qpEnvelope,1,1,0.0013898,174,6,7.95304,421,421,0,0.00397067,0.00249477,0,0,0.0511306,0.137931,2,2,3,0,0,0,0.862069,0.114943,0.0229885,174,53062,162
1,bookshelf_small,41,isSafe,1,0,10.0004,2,1,0,0,0,0,inf,inf,0,0,0,0,0,0,0,0,0,0,0,0,0,0,0,0
1,bookshelf_small,41,qpFixed,1,0,10.001,1617371,6900,0,0,0,0,inf,inf,0,0,0.00752863,0,26595,6898,0.259447,0,0,0,1,0,0,1617371,475983467,1418114
1,bookshelf_small,41,qpPlain,1,0,10.0007,1623038,6920,0,0,0,0,inf,inf,0,0,0.00752443,0,26689,6918,0.259283,0,0,0,1,0,0,1623038,556702034,1623038
1,bookshelf_small,41,qpAdaptive,1,0,10,1519783,7929,0,0,0,0,inf,inf,0,0,0.00913764,0.0934923,31023,7927,0.255585,0,0,0,0.904302,0.0924199,0.00327799,1519783,449416818,1476333
1,bookshelf_small,41,qpFreeGate,1,0,10.0002,2018825,6674,0,0,0,0,inf,inf,0,0,0.00365943,0,43625,6672,0.152986,0,0,0,1,0,0,0,0,0
1,bookshelf_small,41,qpEnvelope,1,0,10.0007,1467335,8350,0,0,0,0,inf,inf,0,0,0.0099701,0.0139695,32825,8348,0.254379,0,0,0,0.985644,0.0106532,0.0037031,1467335,432495985,1453199
1,bookshelf_small,48,isSafe,1,1,0.00236916,794,6,7.83937,5,393,0,0.00537746,0.00249477,0,0,0,0,4,2,1.5,0,0,0,0,0,0,0,0,0
1,bookshelf_small,48,qpFixed,1,1,0.00712957,1318,24,11.0381,842,842,0,0.00537746,0.00249477,0,0,0.0130379,0,3,3,8,0,0,0,1,0,0,1318,340339,576
1,bookshelf_small,48,qpPlain,1,1,0.00771893,1318,24,11.0381,842,842,0,0.00537746,0.00249477,0,0,0.0130379,0,3,3,8,0,0,0,1,0,0,1318,452074,1318
1,bookshelf_small,48,qpAdaptive,1,1,0.0159574,2519,65,28.1313,1938,1938,0,0.00537746,0.00249477,0,0,0.0258228,0.331084,17,17,3.82353,0,0,0,0.66058,0.314013,0.0254069,2519,768570,1941
1,bookshelf_small,48,qpFreeGate,1,1,0.00363104,742,13,6.95896,673,673,0,0.00537746,0.00249477,0,0,0.00941158,0,2,2,6.5,0,0,0,1,0,0,0,0,0
1,bookshelf_small,48,qpEnvelope,1,1,0.000782427,83,21,11.1176,587,587,0,0.00537746,0.00249477,0,0,0.206665,0.819277,3,3,7,0,0,0,0.13253,0.614458,0.253012,83,23679,49
1,bookshelf_small,55,isSafe,1,1,0.0027282,1101,8,10.6337,7,533,0,0.0032307,0.00249477,0,0,0,0,6,3,1.33333,0,0,0,0,0,0,0,0,0
1,bookshelf_small,55,qpFixed,1,1,0.00518513,846,8,8.09137,587,587,0,0.00578282,0.00249477,0,0,0.012139,0,2,2,4,0,0,0,1,0,0,846,226611,696
1,bookshelf_small,55,qpPlain,1,1,0.00537557,846,8,8.09137,587,587,0,0.00578282,0.00249477,0,0,0.012139,0,2,2,4,0,0,0,1,0,0,846,290178,846
1,bookshelf_small,55,qpAdaptive,1,1,0.00424375,638,8,8.08679,527,527,0,0.00534389,0.00249477,0,0,0.0160964,0.173981,2,2,4,0,0,0,0.826019,0.169279,0.00470219,638,174688,563
1,bookshelf_small,55,qpFreeGate,1,1,0.00848786,1740,11,11.2383,1003,1003,0,0.00410806,0.00249477,0,0,0.0071496,0,9,5,1.22222,0,0,0,1,0,0,0,0,0
1,bookshelf_small,55,qpEnvelope,1,1,0.00243347,356,8,8.0587,473,473,0,0.00156136,0.00249477,0,0,0.0288761,0.103933,2,2,4,0,0,0,0.896067,0.0926966,0.011236,356,96891,323
1,bookshelf_small,62,isSafe,1,0,10.0061,2,1,0,0,0,0,inf,inf,0,0,0,0,0,0,0,0,0,0,0,0,0,0,0,0
1,bookshelf_small,62,qpFixed,1,0,10.0007,1606056,6906,0,0,0,0,inf,inf,0,0,0.00753822,0,26489,6904,0.260712,0,0,0,1,0,0,1606056,474379824,1407884
1,bookshelf_small,62,qpPlain,1,0,10.0005,1613004,6931,0,0,0,0,inf,inf,0,0,0.00753267,0,26605,6929,0.260515,0,0,0,1,0,0,1613004,553260372,1613004
1,bookshelf_small,62,qpAdaptive,1,0,10.0007,1499543,7953,0,0,0,0,inf,inf,0,0,0.00925963,0.100983,31089,7951,0.255814,0,0,0,0.896676,0.099961,0.00336304,1499543,445623676,1458296
1,bookshelf_small,62,qpFreeGate,1,0,10.0003,2019258,6696,0,0,0,0,inf,inf,0,0,0.00364366,0,43599,6694,0.153582,0,0,0,1,0,0,0,0,0
1,bookshelf_small,62,qpEnvelope,1,0,10.0001,1469964,8527,0,0,0,0,inf,inf,0,0,0.010092,0.01528,33467,8525,0.254788,0,0,0,0.98431,0.011855,0.0038354,1469964,435459310,1456530
1,bookshelf_small,69,isSafe,1,0,10.0042,2,1,0,0,0,0,inf,inf,0,0,0,0,0,0,0,0,0,0,0,0,0,0,0,0
1,bookshelf_small,69,qpFixed,1,0,10.0009,1607145,6661,0,0,0,0,inf,inf,0,0,0.00730806,0,26499,6659,0.251368,0,0,0,1,0,0,1607145,477794846,1429030
1,bookshelf_small,69,qpPlain,1,0,10.0007,1579299,6551,0,0,0,0,inf,inf,0,0,0.00732587,0,26013,6549,0.251836,0,0,0,1,0,0,1579299,541699557,1579299
1,bookshelf_small,69,qpAdaptive,1,0,10.0012,1466426,7567,0,0,0,0,inf,inf,0,0,0.00904365,0.111684,30543,7565,0.247749,0,0,0,0.885724,0.110854,0.00342134,1466426,440330436,1430062
1,bookshelf_small,69,qpFreeGate,1,0,10.0001,2011424,6139,0,0,0,0,inf,inf,0,0,0.00340676,0,43429,6137,0.141357,0,0,0,1,0,0,0,0,0
1,bookshelf_small,69,qpEnvelope,1,0,10.001,1439032,8144,0,0,0,0,inf,inf,0,0,0.00993606,0.025055,33163,8142,0.245575,0,0,0,0.974252,0.0217739,0.00397367,1439032,431381229,1426324
1,bookshelf_small,76,isSafe,1,0,10.006,2,1,0,0,0,0,inf,inf,0,0,0,0,0,0,0,0,0,0,0,0,0,0,0,0
1,bookshelf_small,76,qpFixed,1,0,10.0004,1624975,7103,0,0,0,0,inf,inf,0,0,0.00748085,0,27017,7101,0.262909,0,0,0,1,0,0,1624975,480302200,1430866
1,bookshelf_small,76,qpPlain,1,0,10.0009,1607164,7028,0,0,0,0,inf,inf,0,0,0.00748817,0,26715,7026,0.263073,0,0,0,1,0,0,1607164,551257252,1607164
1,bookshelf_small,76,qpAdaptive,1,0,10.0004,1489257,8052,0,0,0,0,inf,inf,0,0,0.00921147,0.10644,31107,8050,0.258848,0,0,0,0.891062,0.105509,0.00342851,1489257,443986789,1446960
1,bookshelf_small,76,qpFreeGate,1,0,10.0004,2021779,6577,0,0,0,0,inf,inf,0,0,0.00358595,0,43871,6575,0.149917,0,0,0,1,0,0,0,0,0
1,bookshelf_small,76,qpEnvelope,1,0,10.0002,1458896,8680,0,0,0,0,inf,inf,0,0,0.0101262,0.0189863,33811,8678,0.256721,0,0,0,0.980474,0.0155326,0.00399355,1458896,434422548,1444262
1,bookshelf_small,83,isSafe,1,1,0.00315548,1276,8,9.79137,6,491,0,0.000563585,0.00249477,0,0,0,0,20,5,0.4,0,0,0,0,0,0,0,0,0
1,bookshelf_small,83,qpFixed,1,1,0.00179813,352,5,5.66697,353,353,0,0.00574927,0.00249477,0,0,0.0160994,0,1,1,5,0,0,0,1,0,0,352,93509,61
1,bookshelf_small,83,qpPlain,1,1,0.00197789,352,5,5.66697,353,353,0,0.00574927,0.00249477,0,0,0.0160994,0,1,1,5,0,0,0,1,0,0,352,120736,352
1,bookshelf_small,83,qpAdaptive,1,1,0.000536728,86,5,5.66707,320,320,0,0.00574927,0.00249477,0,0,0.0658962,0.651163,1,1,5,0,0,0,0.348837,0.616279,0.0348837,86,24995,50
1,bookshelf_small,83,qpFreeGate,1,1,0.0152082,3154,12,12.0998,952,952,0,0.00108999,0.00249477,0,0,0.00522121,0,24,8,0.5,0,0,0,1,0,0,0,0,0
1,bookshelf_small,83,qpEnvelope,1,1,0.000361718,38,5,5.66835,298,298,0,0.00574927,0.00249477,0,0,0.149167,0.368421,1,1,5,0,0,0,0.631579,0.289474,0.0789474,38,11200,29
1,bookshelf_small,91,isSafe,1,1,0.0127576,5180,27,15.3085,9,767,0,0.00829398,0.00249477,0,0,0,0,111,24,0.243243,0,0,0,0,0,0,0,0,0
1,bookshelf_small,91,qpFixed,1,1,0.00559045,902,9,9.81586,903,903,218,-0.00582723,0.00249477,0,0,0.0108823,0,1,1,9,0,0,0,1,0,0,902,253509,573
1,bookshelf_small,91,qpPlain,1,1,0.00585363,902,9,9.81586,903,903,218,-0.00582723,0.00249477,0,0,0.0108823,0,1,1,9,0,0,0,1,0,0,902,309386,902
1,bookshelf_small,91,qpAdaptive,1,1,0.00394652,534,9,9.81321,753,753,225,-0.00563783,0.00249477,0,0,0.0183768,0.303371,1,1,9,0,0,0,0.692884,0.299625,0.00749064,534,162791,511
1,bookshelf_small,91,qpFreeGate,1,1,0.0604832,12318,30,19.613,1775,1775,0,0.00207015,0.00249477,0,0,0.00411643,0,83,23,0.361446,0,0,0,1,0,0,0,0,0
1,bookshelf_small,91,qpEnvelope,1,1,0.00272059,341,9,9.83937,677,677,226,-0.0059487,0.00249477,0,0,0.0288544,0.129032,1,1,9,0,0,0,0.868035,0.117302,0.0146628,341,103636,332
1,bookshelf_small,98,isSafe,1,1,0.00383899,1560,10,11.2963,7,566,0,0.00161979,0.00249477,0,0,0,0,14,6,0.714286,0,0,0,0,0,0,0,0,0
1,bookshelf_small,98,qpFixed,1,1,0.00320944,601,6,6.71406,602,602,0,0.00079265,0.00249477,0,0,0.0111715,0,1,1,6,0,0,0,1,0,0,601,150967,269
1,bookshelf_small,98,qpPlain,1,1,0.00357596,601,6,6.71406,602,602,0,0.00079265,0.00249477,0,0,0.0111715,0,1,1,6,0,0,0,1,0,0,601,206143,601
1,bookshelf_small,98,qpAdaptive,1,1,0.00178167,288,6,6.71393,473,473,0,0.00079265,0.00249477,0,0,0.0233122,0.284722,1,1,6,0,0,0,0.711806,0.277778,0.0104167,288,71031,235
1,bookshelf_small,98,qpFreeGate,1,1,0.0257325,5396,17,15.0948,1307,1307,0,0.00615932,0.00249477,0,0,0.00466338,0,29,11,0.586207,0,0,0,1,0,0,0,0,0
1,bookshelf_small,98,qpEnvelope,1,1,0.00127648,182,6,6.72402,429,429,0,0.000754292,0.00249477,0,0,0.0369452,0.241758,1,1,6,0,0,0,0.758242,0.225275,0.0164835,182,44226,166
1,box,5,isSafe,1,1,0.00661184,2751,16,16.9523,10,849,0,0.0140095,0.00249477,0,0,0,0,44,12,0.363636,0,0,0,0,0,0,0,0,0
1,box,5,qpFixed,1,1,0.00246876,462,6,6.31038,481,481,0,0.00181303,0.00249477,0,0,0.0136588,0,1,1,6,0,0,0,1,0,0,462,116809,237
1,box,5,qpPlain,1,1,0.0027122,462,6,6.31038,481,481,0,0.00181303,0.00249477,0,0,0.0136588,0,1,1,6,0,0,0,1,0,0,462,158466,462
1,box,5,qpAdaptive,1,1,0.000851611,134,6,6.29384,369,369,0,0.00172807,0.00249477,0,0,0.046969,0.507463,1,1,6,0,0,0,0.492537,0.477612,0.0298507,134,37708,112
1,box,5,qpFreeGate,1,1,0.0556701,11754,35,19.5569,2044,2044,0,0.0071125,0.00249477,0,0,0.00469267,0,68,29,0.514706,0,0,0,1,0,0,0,0,0
1,box,5,qpEnvelope,1,1,0.000591125,77,6,6.26436,340,340,0,0.00144799,0.00249477,0,0,0.0813553,0.337662,1,1,6,0,0,0,0.662338,0.285714,0.0519481,77,21777,65
1,box,12,isSafe,1,1,0.00852163,3510,19,11.9211,7,598,0,0.000209894,0.00249477,0,0,0,0,47,16,0.404255,0,0,0,0,0,0,0,0,0
1,box,12,qpFixed,1,1,0.0222824,3952,27,13.1601,1096,1096,0,0.00616049,0.00249477,0,0,0.0103355,0,11,11,2.45455,0,0,0,1,0,0,3952,990602,3177
1,box,12,qpPlain,1,1,0.0241259,3952,27,13.1601,1096,1096,0,0.00616049,0.00249477,0,0,0.0103355,0,11,11,2.45455,0,0,0,1,0,0,3952,1355536,3952
1,box,12,qpAdaptive,1,1,0.010516,1637,31,11.8362,767,767,0,0.004354,0.00249477,0,0,0.020437,0.459988,9,9,3.44444,0,0,0,0.533293,0.453879,0.0128283,1637,407646,1594
1,box,12,qpFreeGate,1,1,0.0409067,8722,34,15.1863,1587,1587,0,0.00332384,0.00249477,0,0,0.00529739,0,47,25,0.723404,0,0,0,1,0,0,0,0,0
1,box,12,qpEnvelope,1,1,0.00732623,1053,31,11.8475,673,673,0,0.00154544,0.00249477,0,0,0.0317229,0.240266,9,9,3.44444,0,0,0,0.754986,0.222222,0.022792,1053,248434,1033
1,box,19,isSafe,1,1,0.00340495,1408,9,9.78569,6,491,0,0.0382801,0.00249477,0,0,0,0,11,6,0.818182,0,0,0,0,0,0,0,0,0
1,box,19,qpFixed,1,1,0.008411,1581,18,11.0186,857,857,0,0.000623644,0.00249477,0,0,0.0117537,0,4,4,4.5,0,0,0,1,0,0,1581,373132,1150
1,box,19,qpPlain,1,1,0.00935083,1581,18,11.0186,857,857,0,0.000623644,0.00249477,0,0,0.0117537,0,4,4,4.5,0,0,0,1,0,0,1581,542283,1581
1,box,19,qpAdaptive,1,1,0.00439878,729,19,11.0233,723,723,0,0.000590119,0.00249477,0,0,0.0255479,0.430727,4,4,4.75,0,0,0,0.558299,0.418381,0.0233196,729,174317,696
1,box,19,qpFreeGate,1,1,0.0212345,4536,16,10.243,1027,1027,0,0.00351344,0.00249477,0,0,0.00569079,0,22,12,0.727273,0,0,0,1,0,0,0,0,0
1,box,19,qpEnvelope,1,1,0.00322811,482,19,11.0582,660,660,0,0.000383793,0.00249477,0,0,0.0385937,0.228216,4,4,4.75,0,0,0,0.767635,0.197095,0.0352697,482,114988,469
1,box,26,isSafe,1,1,0.00720589,3021,17,7.29982,5,366,0,0.0792588,0.00249477,0,0,0,0,58,14,0.293103,0,0,0,0,0,0,0,0,0
1,box,26,qpFixed,1,1,0.00224552,429,6,5.70905,430,430,0,0.0027766,0.00249477,0,0,0.0133078,0,1,1,6,0,0,0,1,0,0,429,107470,204
1,box,26,qpPlain,1,1,0.00245244,429,6,5.70905,430,430,0,0.0027766,0.00249477,0,0,0.0133078,0,1,1,6,0,0,0,1,0,0,429,147147,429
1,box,26,qpAdaptive,1,1,0.000663753,108,6,5.70341,335,335,0,0.00267848,0.00249477,0,0,0.0528094,0.703704,1,1,6,0,0,0,0.287037,0.675926,0.037037,108,29285,85
1,box,26,qpFreeGate,1,1,0.0141806,3016,17,11.7367,1193,1193,0,0.0211267,0.00249477,0,0,0.00658533,0,13,8,1.30769,0,0,0,1,0,0,0,0,0
1,box,26,qpEnvelope,1,1,0.000429755,53,6,5.69507,310,310,0,0.00249056,0.00249477,0,0,0.107454,0.641509,1,1,6,0,0,0,0.358491,0.566038,0.0754717,53,14680,42
1,box,33,isSafe,1,1,0.0127717,5218,27,16.4079,10,822,0,0.0584083,0.00249477,0,0,0,0,98,23,0.27551,0,0,0,0,0,0,0,0,0
1,box,33,qpFixed,1,1,0.00207408,400,5,5.01837,401,401,0,0.0102059,0.00249477,0,0,0.0125459,0,1,1,5,0,0,0,1,0,0,400,105586,128
1,box,33,qpPlain,1,1,0.00230132,400,5,5.01837,401,401,0,0.0102059,0.00249477,0,0,0.0125459,0,1,1,5,0,0,0,1,0,0,400,137200,400
1,box,33,qpAdaptive,1,1,0.000461138,73,5,5.0162,282,282,0,0.0101934,0.00249477,0,0,0.068715,0.684932,1,1,5,0,0,0,0.315068,0.657534,0.0273973,73,21356,51
1,box,33,qpFreeGate,1,1,0.0184959,3882,20,13.7442,1324,1324,0,0.00922071,0.00249477,0,0,0.00674596,0,16,12,1.25,0,0,0,1,0,0,0,0,0
1,box,33,qpEnvelope,1,1,0.000297263,35,5,5.01541,267,267,0,0.0104458,0.00249477,0,0,0.143297,1,1,1,5,0,0,0,0,0.914286,0.0857143,35,10124,23
1,box,40,isSafe,1,1,0.0100444,4200,23,18.2784,11,915,0,0.00386525,0.00249477,0,0,0,0,97,19,0.237113,0,0,0,0,0,0,0,0,0
1,box,40,qpFixed,1,1,0.00198548,380,6,5.626,381,381,0,0.0044176,0.00249477,0,0,0.0148053,0,1,1,6,0,0,0,1,0,0,380,99177,181
1,box,40,qpPlain,1,1,0.00215009,380,6,5.626,381,381,0,0.0044176,0.00249477,0,0,0.0148053,0,1,1,6,0,0,0,1,0,0,380,130340,380
1,box,40,qpAdaptive,1,1,0.000826542,132,6,5.62239,334,334,0,0.00432431,0.00249477,0,0,0.0425939,0.462121,1,1,6,0,0,0,0.530303,0.44697,0.0227273,132,37925,113
1,box,40,qpFreeGate,1,1,0.0471397,10100,42,11.8505,1162,1162,0,0.00558965,0.00249477,0,0,0.00525793,0,63,22,0.666667,0,0,0,1,0,0,0,0,0
1,box,40,qpEnvelope,1,1,0.000564623,78,6,5.61572,313,313,0,0.00367175,0.00249477,0,0,0.0719964,0.307692,1,1,6,0,0,0,0.692308,0.269231,0.0384615,78,22768,66
1,box,47,isSafe,1,1,0.00222961,933,7,9.22279,6,463,0,0.00491538,0.00249477,0,0,0,0,3,3,2.33333,0,0,0,0,0,0,0,0,0
1,box,47,qpFixed,1,1,0.00177016,335,6,4.63894,336,336,0,0.0100873,0.00249477,0,0,0.0138476,0,1,1,6,0,0,0,1,0,0,335,85257,208
1,box,47,qpPlain,1,1,0.00193714,335,6,4.63894,336,336,0,0.0100873,0.00249477,0,0,0.0138476,0,1,1,6,0,0,0,1,0,0,335,114905,335
1,box,47,qpAdaptive,1,1,0.000537424,89,6,4.63235,270,270,0,0.00948698,0.00249477,0,0,0.0520488,0.842697,1,1,6,0,0,0,0.157303,0.808989,0.0337079,89,24529,64
1,box,47,qpFreeGate,1,1,0.00379827,807,9,5.18955,746,746,0,0.00264442,0.00249477,0,0,0.00646073,0,2,2,4.5,0,0,0,1,0,0,0,0,0
1,box,47,qpEnvelope,1,1,0.000298114,37,6,4.64171,253,253,0,0.00638405,0.00249477,0,0,0.125452,0.891892,1,1,6,0,0,0,0.108108,0.783784,0.108108,37,10428,24
1,box,54,isSafe,1,1,0.0041462,1723,11,12.6114,8,632,0,0.00365352,0.00249477,0,0,0,0,28,7,0.392857,0,0,0,0,0,0,0,0,0
1,box,54,qpFixed,1,1,0.00298491,558,12,6.59513,559,559,0,0.00782818,0.00249477,0,0,0.0118192,0,1,1,12,0,0,0,1,0,0,558,154992,248
1,box,54,qpPlain,1,1,0.00318884,558,12,6.59513,559,559,0,0.00782818,0.00249477,0,0,0.0118192,0,1,1,12,0,0,0,1,0,0,558,191394,558
1,box,54,qpAdaptive,1,1,0.00250335,408,25,13.95,823,823,0,0.0105516,0.00249477,0,0,0.0558941,0.938725,5,5,5,0,0,0,0.0441176,0.889706,0.0661765,408,120954,274
1,box,54,qpFreeGate,1,1,0.0227216,4816,27,11.0641,1430,1430,0,0.00633413,0.00249477,0,0,0.00485313,0,28,14,0.964286,0,0,0,1,0,0,0,0,0
1,box,54,qpEnvelope,1,1,0.0167533,2532,71,17.6521,1015,1015,0,0.00784263,0.00249477,0,0,0.0335115,0.164297,26,24,2.73077,0,0,0,0.829779,0.1406,0.0296209,2532,695393,1929
1,box,61,isSafe,1,1,0.00656335,2755,16,14.4825,9,726,0,0.0122469,0.00249477,0,0,0,0,53,11,0.301887,0,0,0,0,0,0,0,0,0
1,box,61,qpFixed,1,1,0.00238639,442,6,6.49214,443,443,0,0.00191751,0.00249477,0,0,0.0146881,0,1,1,6,0,0,0,1,0,0,442,125273,224
1,box,61,qpPlain,1,1,0.00252464,442,6,6.49214,443,443,0,0.00191751,0.00249477,0,0,0.0146881,0,1,1,6,0,0,0,1,0,0,442,151606,442
1,box,61,qpAdaptive,1,1,0.00115111,182,6,6.49268,393,393,0,0.0018116,0.00249477,0,0,0.0356741,0.417582,1,1,6,0,0,0,0.582418,0.401099,0.0164835,182,54169,160
1,box,61,qpFreeGate,1,1,0.0846878,17761,49,16.8962,1421,1421,0,0.00761114,0.00249477,0,0,0.00395344,0,120,37,0.408333,0,0,0,1,0,0,0,0,0
1,box,61,qpEnvelope,1,1,0.000779095,105,6,6.49409,364,364,0,0.0013507,0.00249477,0,0,0.0618485,0.295238,1,1,6,0,0,0,0.704762,0.266667,0.0285714,105,31386,96
1,box,68,isSafe,1,1,0.0102178,4190,23,16.3109,10,817,0,0.0267653,0.00249477,0,0,0,0,67,18,0.343284,0,0,0,0,0,0,0,0,0
1,box,68,qpFixed,1,1,0.00447684,854,8,8.32237,605,605,0,0.0201105,0.00249477,0,0,0.0116324,0,2,2,4,0,0,0,1,0,0,854,206582,521
1,box,68,qpPlain,1,1,0.00508749,854,8,8.32237,605,605,0,0.0201105,0.00249477,0,0,0.0116324,0,2,2,4,0,0,0,1,0,0,854,292922,854
1,box,68,qpAdaptive,1,1,0.00151813,250,8,8.32522,477,477,0,0.0205245,0.00249477,0,0,0.0397423,0.744,2,2,4,0,0,0,0.244,0.736,0.02,250,64326,204
1,box,68,qpFreeGate,1,1,0.0633299,13412,50,15.7418,1435,1435,0,0.0151406,0.00249477,0,0,0.00492241,0,73,36,0.684932,0,0,0,1,0,0,0,0,0
1,box,68,qpEnvelope,1,1,0.00075309,99,8,8.29501,437,437,0,0.0225936,0.00249477,0,0,0.100055,0.59596,2,2,4,0,0,0,0.393939,0.545455,0.0606061,99,24933,82
1,box,75,isSafe,1,1,0.00208647,847,7,8.37441,6,420,0,0.024891,0.00249477,0,0,0,0,4,2,1.75,0,0,0,0,0,0,0,0,0
1,box,75,qpFixed,1,1,0.00812889,1467,12,8.2754,798,798,0,0.00192485,0.00249477,0,0,0.010501,0,3,3,4,0,0,0,1,0,0,1467,357116,1175
1,box,75,qpPlain,1,1,0.00903172,1467,12,8.2754,798,798,0,0.00192485,0.00249477,0,0,0.010501,0,3,3,4,0,0,0,1,0,0,1467,503181,1467
1,box,75,qpAdaptive,1,1,0.00360761,591,12,8.27874,514,514,0,0.00166932,0.00249477,0,0,0.0261254,0.588832,3,3,4,0,0,0,0.409475,0.57868,0.0118443,591,141970,543
1,box,75,qpFreeGate,1,1,0.0104476,2225,11,11.4828,1075,1075,0,0.00514202,0.00249477,0,0,0.00625434,0,11,6,1,0,0,0,1,0,0,0,0,0
1,box,75,qpEnvelope,1,1,0.00233772,340,12,8.24102,477,477,0,0.00141076,0.00249477,0,0,0.0453937,0.429412,3,3,4,0,0,0,0.558824,0.411765,0.0294118,340,81035,317
1,box,82,isSafe,1,1,0.00806189,3318,18,9.67024,6,485,0,0.000802324,0.00249477,0,0,0,0,74,15,0.243243,0,0,0,0,0,0,0,0,0
1,box,82,qpFixed,1,1,0.0382857,6462,40,14.757,1130,1130,0,0.00109933,0.00249477,0,0,0.0099048,0,24,20,1.66667,0,0,0,1,0,0,6462,1667592,5892
1,box,82,qpPlain,1,1,0.0409827,6462,40,14.757,1130,1130,0,0.00109933,0.00249477,0,0,0.0099048,0,24,20,1.66667,0,0,0,1,0,0,6462,2216466,6462
1,box,82,qpAdaptive,1,1,0.0250073,3814,40,14.7882,925,925,0,0.00104559,0.00249477,0,0,0.016811,0.42108,24,20,1.66667,0,0,0,0.576298,0.416885,0.00681699,3814,995990,3678
1,box,82,qpFreeGate,1,1,0.101553,21347,48,24.0135,2215,2215,0,0.0131429,0.00249477,0,0,0.00396756,0,133,41,0.360902,0,0,0,1,0,0,0,0,0
1,box,82,qpEnvelope,1,1,0.016261,2257,44,14.854,849,849,0,0.000805982,0.00249477,0,0,0.0288111,0.212229,24,20,1.83333,0,0,0,0.785556,0.198051,0.0163934,2257,596745,2193
1,box,89,isSafe,1,1,0.00369451,1526,10,6.70225,5,337,0,0.00244366,0.00249477,0,0,0,0,20,6,0.5,0,0,0,0,0,0,0,0,0
1,box,89,qpFixed,1,1,0.00736535,1403,12,10.1121,869,869,0,0.0108565,0.00249477,0,0,0.0109192,0,4,4,3,0,0,0,1,0,0,1403,332671,894
1,box,89,qpPlain,1,1,0.00834598,1403,12,10.1121,869,869,0,0.0108565,0.00249477,0,0,0.0109192,0,4,4,3,0,0,0,1,0,0,1403,481229,1403
1,box,89,qpAdaptive,1,1,0.002063,333,13,10.4416,606,606,0,0.0106486,0.00249477,0,0,0.0470243,0.828829,4,4,3.25,0,0,0,0.165165,0.804805,0.03003,333,84029,286
1,box,89,qpFreeGate,1,1,0.0777015,16466,39,16.2274,1759,1759,0,0.0193525,0.00249477,0,0,0.00369589,0,99,31,0.393939,0,0,0,1,0,0,0,0,0
1,box,89,qpEnvelope,1,1,0.00116655,147,13,10.4881,561,561,0,0.00827525,0.00249477,0,0,0.10687,0.768707,4,4,3.25,0,0,0,0.22449,0.687075,0.0884354,147,37863,126
1,box,96,isSafe,1,1,0.00470433,1931,12,14.8303,9,743,0,0.0538346,0.00249477,0,0,0,0,20,8,0.6,0,0,0,0,0,0,0,0,0
1,box,96,qpFixed,1,1,0.00505104,945,10,9.93592,683,683,0,0.00186743,0.00249477,0,0,0.0138088,0,3,3,3.33333,0,0,0,1,0,0,945,233648,550
1,box,96,qpPlain,1,1,0.00561281,945,10,9.93592,683,683,0,0.00186743,0.00249477,0,0,0.0138088,0,3,3,3.33333,0,0,0,1,0,0,945,324135,945
1,box,96,qpAdaptive,1,1,0.00236246,389,10,9.93215,596,596,0,0.00166462,0.00249477,0,0,0.0335163,0.411311,3,3,3.33333,0,0,0,0.583548,0.393316,0.0231362,389,99193,311
1,box,96,qpFreeGate,1,1,0.0156562,3311,17,12.5509,1004,1004,0,0.0108862,0.00249477,0,0,0.00658202,0,15,10,1.13333,0,0,0,1,0,0,0,0,0
1,box,96,qpEnvelope,1,1,0.00175169,262,10,9.90993,552,552,0,0.00136798,0.00249477,0,0,0.0496377,0.19084,3,3,3.33333,0,0,0,0.805344,0.160305,0.0343511,262,65763,236
1,table_pick,3,isSafe,1,1,0.0187616,5286,28,14.603,9,732,0,0.000703742,0.00249477,0,0,0,0,166,24,0.168675,0,0,0,0,0,0,0,0,0
1,table_pick,3,qpFixed,1,1,0.00439647,639,7,8.20191,640,640,0,0.000615183,0.00249477,0,0,0.0128355,0,1,1,7,0,0,0,1,0,0,639,177880,396
1,table_pick,3,qpPlain,1,1,0.00460952,639,7,8.20191,640,640,0,0.000615183,0.00249477,0,0,0.0128355,0,1,1,7,0,0,0,1,0,0,639,219177,639
1,table_pick,3,qpAdaptive,1,1,0.00250383,316,7,8.20375,557,557,0,0.000614688,0.00249477,0,0,0.0259612,0.382911,1,1,7,0,0,0,0.613924,0.370253,0.0158228,316,93563,296
1,table_pick,3,qpFreeGate,1,1,0.106524,18110,42,12.7346,1349,1349,0,0.00227375,0.00249477,0,0,0.00400529,0,141,35,0.297872,0,0,0,1,0,0,0,0,0
1,table_pick,3,qpEnvelope,1,1,0.00169377,193,7,8.21758,506,506,0,0.000542885,0.00249477,0,0,0.0425782,0.321244,1,1,7,0,0,0,0.678756,0.295337,0.0259067,193,57155,183
1,table_pick,10,isSafe,1,1,0.00947191,2674,15,9.47523,6,475,0,0.00268208,0.00249477,0,0,0,0,42,11,0.357143,0,0,0,0,0,0,0,0,0
1,table_pick,10,qpFixed,1,1,0.00263097,418,6,6.1786,419,419,0,0.0040421,0.00249477,0,0,0.0147813,0,1,1,6,0,0,0,1,0,0,418,110455,106
1,table_pick,10,qpPlain,1,1,0.00288795,418,6,6.1786,419,419,0,0.0040421,0.00249477,0,0,0.0147813,0,1,1,6,0,0,0,1,0,0,418,143374,418
1,table_pick,10,qpAdaptive,1,1,0.000833548,106,6,6.17909,361,361,0,0.0040421,0.00249477,0,0,0.0582933,0.584906,1,1,6,0,0,0,0.415094,0.54717,0.0377358,106,30896,81
1,table_pick,10,qpFreeGate,1,1,0.0357999,6028,24,6.49623,631,631,0,0.00239144,0.00249477,0,0,0.00536299,0,42,17,0.571429,0,0,0,1,0,0,0,0,0
1,table_pick,10,qpEnvelope,1,1,0.000529393,47,6,6.18846,335,335,0,0.00395903,0.00249477,0,0,0.131669,0.574468,1,1,6,0,0,0,0.425532,0.489362,0.0851064,47,13655,37
1,table_pick,17,isSafe,1,1,0.0106289,2989,16,11.7553,7,589,0,0.000831302,0.00249477,0,0,0,0,54,13,0.296296,0,0,0,0,0,0,0,0,0
1,table_pick,17,qpFixed,1,1,0.00449296,635,7,8.01906,675,675,0,0.000509292,0.00249477,0,0,0.0126284,0,1,1,7,0,0,0,1,0,0,635,186918,477
1,table_pick,17,qpPlain,1,1,0.00457982,635,7,8.01906,675,675,0,0.000509292,0.00249477,0,0,0.0126284,0,1,1,7,0,0,0,1,0,0,635,217805,635
1,table_pick,17,qpAdaptive,1,1,0.00286576,367,7,8.03269,569,569,0,0.000510196,0.00249477,0,0,0.0218874,0.245232,1,1,7,0,0,0,0.749319,0.239782,0.0108992,367,110877,336
1,table_pick,17,qpFreeGate,1,1,0.034959,5887,19,13.9642,1438,1438,0,0.00249949,0.00249477,0,0,0.00411178,0,41,12,0.463415,0,0,0,1,0,0,0,0,0
1,table_pick,17,qpEnvelope,1,1,0.00224289,270,7,8.08026,528,528,0,0.000439619,0.00249477,0,0,0.0299269,0.181481,1,1,7,0,0,0,0.818519,0.166667,0.0148148,270,81699,261
1,table_pick,24,isSafe,1,1,0.00899607,2524,14,14.5384,9,728,0,0.00307552,0.00249477,0,0,0,0,58,10,0.241379,0,0,0,0,0,0,0,0,0
1,table_pick,24,qpFixed,1,1,0.0138422,1893,12,9.06434,778,778,0,5.92774e-05,0.00249477,0,0,0.00891499,0,7,5,1.71429,0,0,0,1,0,0,1893,496827,1363
1,table_pick,24,qpPlain,1,1,0.0147727,1893,12,9.06434,778,778,0,5.92774e-05,0.00249477,0,0,0.00891499,0,7,5,1.71429,0,0,0,1,0,0,1893,649299,1893
1,table_pick,24,qpAdaptive,1,1,0.0090157,1061,12,9.06819,676,676,0,5.92774e-05,0.00249477,0,0,0.0159211,0.175306,7,5,1.71429,0,0,0,0.822809,0.167766,0.00942507,1061,283020,973
1,table_pick,24,qpFreeGate,1,1,0.0397445,6759,24,15.0806,1245,1245,0,0.0018771,0.00249477,0,0,0.0050557,0,58,19,0.413793,0,0,0,1,0,0,0,0,0
1,table_pick,24,qpEnvelope,1,1,0.00814003,902,12,9.08832,620,620,0,6.20073e-05,0.00249477,0,0,0.0188723,0.0543237,7,5,1.71429,0,0,0,0.944568,0.0443459,0.0110865,902,239396,877
1,table_pick,31,isSafe,1,1,0.014188,4005,21,12.9779,8,650,0,0.0053961,0.00249477,0,0,0,0,85,16,0.247059,0,0,0,0,0,0,0,0,0
1,table_pick,31,qpFixed,1,1,0.0206076,2814,20,14.868,1243,1243,0,0.000709515,0.00249477,0,0,0.00993873,0,8,6,2.5,0,0,0,1,0,0,2814,772718,2308
1,table_pick,31,qpPlain,1,1,0.0215179,2814,20,14.868,1243,1243,0,0.000709515,0.00249477,0,0,0.00993873,0,8,6,2.5,0,0,0,1,0,0,2814,965202,2814
1,table_pick,31,qpAdaptive,1,1,0.0135394,1628,20,14.8888,981,981,0,0.000708607,0.00249477,0,0,0.0171959,0.262899,8,6,2.5,0,0,0,0.735872,0.257985,0.00614251,1628,472815,1542
1,table_pick,31,qpFreeGate,1,1,0.0373942,6385,16,14.7597,1463,1463,0,0.00179689,0.00249477,0,0,0.00391546,0,41,10,0.390244,0,0,0,1,0,0,0,0,0
1,table_pick,31,qpEnvelope,1,1,0.010497,1177,20,14.9248,895,895,0,0.000674845,0.00249477,0,0,0.0238762,0.169074,8,6,2.5,0,0,0,0.830926,0.15548,0.0135939,1177,341992,1147
1,table_pick,38,isSafe,1,1,0.0197812,5546,28,16.3862,10,821,0,0.00306208,0.00249477,0,0,0,0,85,23,0.329412,0,0,0,0,0,0,0,0,0
1,table_pick,38,qpFixed,1,1,0.00506671,800,8,9.35615,801,801,0,0.000728744,0.00249477,0,0,0.0116952,0,1,1,8,0,0,0,1,0,0,800,194670,390
1,table_pick,38,qpPlain,1,1,0.00561755,800,8,9.35615,801,801,0,0.000728744,0.00249477,0,0,0.0116952,0,1,1,8,0,0,0,1,0,0,800,274400,800
1,table_pick,38,qpAdaptive,1,1,0.00181124,237,8,9.36265,580,580,0,0.000725887,0.00249477,0,0,0.0395048,0.49789,1,1,8,0,0,0,0.49789,0.476793,0.0253165,237,64018,213
1,table_pick,38,qpFreeGate,1,1,0.119622,20253,57,15.5535,1448,1448,0,0.000877755,0.00249477,0,0,0.00459971,0,165,48,0.345455,0,0,0,1,0,0,0,0,0
1,table_pick,38,qpEnvelope,1,1,0.00123813,142,8,9.38041,542,542,0,0.000620252,0.00249477,0,0,0.0660592,0.34507,1,1,8,0,0,0,0.65493,0.302817,0.0422535,142,39043,131
1,table_pick,45,isSafe,1,1,0.00369483,1010,7,5.41194,4,272,0,0.00240836,0.00249477,0,0,0,0,6,4,1.16667,0,0,0,0,0,0,0,0,0
1,table_pick,45,qpFixed,1,1,0.001418,227,5,3.87669,228,228,0,0.00691217,0.00249477,0,0,0.0170779,0,1,1,5,0,0,0,1,0,0,227,53517,113
1,table_pick,45,qpPlain,1,1,0.00156704,227,5,3.87669,228,228,0,0.00691217,0.00249477,0,0,0.0170779,0,1,1,5,0,0,0,1,0,0,227,77861,227
1,table_pick,45,qpAdaptive,1,1,0.000305392,41,5,3.90293,213,213,0,0.00690855,0.00249477,0,0,0.0951935,0.682927,1,1,5,0,0,0,0.317073,0.609756,0.0731707,41,10817,31
1,table_pick,45,qpFreeGate,1,1,0.0244628,4178,18,5.06533,365,365,0,0.00558041,0.00249477,0,0,0.00651051,0,36,15,0.5,0,0,0,1,0,0,0,0,0
1,table_pick,45,qpEnvelope,1,1,0.000256508,26,5,3.9378,208,208,0,0.00690131,0.00249477,0,0,0.151454,0.576923,1,1,5,0,0,0,0.384615,0.5,0.115385,26,6880,20
1,table_pick,52,isSafe,1,1,0.00523167,1474,10,10.3538,7,519,0,0.000827611,0.00249477,0,0,0,0,9,4,1.11111,0,0,0,0,0,0,0,0,0
1,table_pick,52,qpFixed,1,1,0.00472021,745,7,9.2689,746,746,0,0.000646383,0.00249477,0,0,0.0124415,0,1,1,7,0,0,0,1,0,0,745,190334,262
1,table_pick,52,qpPlain,1,1,0.00521539,745,7,9.2689,746,746,0,0.000646383,0.00249477,0,0,0.0124415,0,1,1,7,0,0,0,1,0,0,745,255535,745
1,table_pick,52,qpAdaptive,1,1,0.00196709,247,7,9.26926,580,580,0,0.000646364,0.00249477,0,0,0.0375274,0.356275,1,1,7,0,0,0,0.643725,0.336032,0.0202429,247,72524,210
1,table_pick,52,qpFreeGate,1,1,0.0651426,11005,36,17.6499,1430,1430,0,0.00258163,0.00249477,0,0,0.00503936,0,84,32,0.428571,0,0,0,1,0,0,0,0,0
1,table_pick,52,qpEnvelope,1,1,0.00154685,177,7,9.27069,548,548,0,0.000605744,0.00249477,0,0,0.0523768,0.299435,1,1,7,0,0,0,0.694915,0.276836,0.0282486,177,51805,155
1,table_pick,59,isSafe,1,1,0.00279026,784,6,7.75189,5,389,0,0.00461179,0.00249477,0,0,0,0,2,2,3,0,0,0,0,0,0,0,0,0
1,table_pick,59,qpFixed,1,1,0.00248666,418,5,5.63514,419,419,0,0.00631398,0.00249477,0,0,0.0134812,0,1,1,5,0,0,0,1,0,0,418,100329,69
1,table_pick,59,qpPlain,1,1,0.00281689,418,5,5.63514,419,419,0,0.00631398,0.00249477,0,0,0.0134812,0,1,1,5,0,0,0,1,0,0,418,143374,418
1,table_pick,59,qpAdaptive,1,1,0.000397321,53,5,5.63785,313,313,0,0.00631398,0.00249477,0,0,0.106375,0.660377,1,1,5,0,0,0,0.339623,0.603774,0.0566038,53,14694,33
1,table_pick,59,qpFreeGate,1,1,0.00376552,645,6,7.355,612,612,0,0.00462131,0.00249477,0,0,0.0114148,0,2,2,3,0,0,0,1,0,0,0,0,0
1,table_pick,59,qpEnvelope,1,1,0.000276214,26,5,5.64411,294,294,0,0.00628975,0.00249477,0,0,0.217081,0.961538,1,1,5,0,0,0,0.0384615,0.846154,0.115385,26,7184,16
1,table_pick,66,isSafe,1,1,0.00441667,1247,8,3.68194,3,186,0,0.00319468,0.00249477,0,0,0,0,12,5,0.666667,0,0,0,0,0,0,0,0,0
1,table_pick,66,qpFixed,1,1,0.00240636,406,5,5.75937,407,407,0,0.00635625,0.00249477,0,0,0.0141856,0,1,1,5,0,0,0,1,0,0,406,93196,64
1,table_pick,66,qpPlain,1,1,0.00272286,406,5,5.75937,407,407,0,0.00635625,0.00249477,0,0,0.0141856,0,1,1,5,0,0,0,1,0,0,406,139258,406
1,table_pick,66,qpAdaptive,1,1,0.0003517,50,5,5.76087,318,318,0,0.00635466,0.00249477,0,0,0.115217,0.8,1,1,5,0,0,0,0.2,0.74,0.06,50,13892,30
1,table_pick,66,qpFreeGate,1,1,0.0095848,1668,10,3.09829,272,272,0,0.00315205,0.00249477,0,0,0.0081039,0,12,7,0.833333,0,0,0,1,0,0,0,0,0
1,table_pick,66,qpEnvelope,1,1,0.000262518,26,5,5.76405,302,302,0,0.00632826,0.00249477,0,0,0.221694,1,1,1,5,0,0,0,0,0.884615,0.115385,26,7206,16
1,table_pick,73,isSafe,1,1,0.0106048,3049,17,10.8431,7,544,0,0.00258412,0.00249477,0,0,0,0,70,13,0.242857,0,0,0,0,0,0,0,0,0
1,table_pick,73,qpFixed,1,1,0.00608704,967,8,8.42692,968,968,0,0.000550831,0.00249477,0,0,0.0087145,0,1,1,8,0,0,0,1,0,0,967,236319,593
1,table_pick,73,qpPlain,1,1,0.00663427,967,8,8.42692,968,968,0,0.000550831,0.00249477,0,0,0.0087145,0,1,1,8,0,0,0,1,0,0,967,331681,967
1,table_pick,73,qpAdaptive,1,1,0.00365234,499,8,8.42582,717,717,0,0.000550831,0.00249477,0,0,0.0168854,0.258517,1,1,8,0,0,0,0.737475,0.254509,0.00801603,499,134283,479
1,table_pick,73,qpFreeGate,1,1,0.045111,7955,24,10.2594,795,795,0,0.00252194,0.00249477,0,0,0.0046467,0,70,20,0.342857,0,0,0,1,0,0,0,0,0
1,table_pick,73,qpEnvelope,1,1,0.00264924,337,8,8.43061,625,625,0,0.000581528,0.00249477,0,0,0.0250167,0.133531,1,1,8,0,0,0,0.866469,0.121662,0.0118694,337,91090,329
1,table_pick,80,isSafe,1,1,0.00590284,1757,11,12.644,8,634,0,0.00363123,0.00249477,0,0,0,0,10,6,1.1,0,0,0,0,0,0,0,0,0
1,table_pick,80,qpFixed,1,1,0.00375207,678,7,8.72686,679,679,0,0.00594647,0.00249477,0,0,0.0128715,0,1,1,7,0,0,0,1,0,0,678,153856,179
1,table_pick,80,qpPlain,1,1,0.00430489,678,7,8.72686,679,679,0,0.00594647,0.00249477,0,0,0.0128715,0,1,1,7,0,0,0,1,0,0,678,232554,678
1,table_pick,80,qpAdaptive,1,1,0.000510871,75,8,8.74251,474,474,0,0.00594676,0.00249477,0,0,0.116567,0.68,1,1,8,0,0,0,0.293333,0.626667,0.08,75,19301,45
1,table_pick,80,qpFreeGate,1,1,0.00966464,1740,12,12.0863,884,884,0,0.00296109,0.00249477,0,0,0.00925997,0,10,6,1.2,0,0,0,1,0,0,0,0,0
1,table_pick,80,qpEnvelope,1,1,0.000327236,35,9,8.79998,461,461,0,0.00597025,0.00249477,0,0,0.251428,0.971429,1,1,9,0,0,0,0,0.8,0.2,35,8790,23
1,table_pick,87,isSafe,1,1,0.0102474,3011,17,12.3287,8,618,0,0.00114172,0.00249477,0,0,0,0,50,13,0.34,0,0,0,0,0,0,0,0,0
1,table_pick,87,qpFixed,1,1,0.00311,510,6,6.51119,511,511,0,0.00371964,0.00249477,0,0,0.012767,0,1,1,6,0,0,0,1,0,0,510,142573,191
1,table_pick,87,qpPlain,1,1,0.00334746,510,6,6.51119,511,511,0,0.00371964,0.00249477,0,0,0.012767,0,1,1,6,0,0,0,1,0,0,510,174930,510
1,table_pick,87,qpAdaptive,1,1,0.000835481,117,6,6.52131,391,391,0,0.00372014,0.00249477,0,0,0.0557377,0.598291,1,1,6,0,0,0,0.384615,0.581197,0.034188,117,34553,80
1,table_pick,87,qpFreeGate,1,1,0.0395704,7014,27,13.4357,1104,1104,0,0.00113438,0.00249477,0,0,0.00534224,0,51,17,0.529412,0,0,0,1,0,0,0,0,0
1,table_pick,87,qpEnvelope,1,1,0.000466159,48,6,6.53668,351,351,0,0.00359551,0.00249477,0,0,0.136181,0.583333,1,1,6,0,0,0,0.416667,0.5,0.0833333,48,14045,37
1,table_pick,94,isSafe,1,1,0.0045968,1352,9,10.535,7,528,0,0.000537431,0.00249477,0,0,0,0,9,4,1,0,0,0,0,0,0,0,0,0
1,table_pick,94,qpFixed,1,1,0.00410551,744,7,8.83237,745,745,0,0.00608777,0.00249477,0,0,0.0118715,0,1,1,7,0,0,0,1,0,0,744,184743,46
1,table_pick,94,qpPlain,1,1,0.00473147,744,7,8.83237,745,745,0,0.00608777,0.00249477,0,0,0.0118715,0,1,1,7,0,0,0,1,0,0,744,255192,744
1,table_pick,94,qpAdaptive,1,1,0.000520816,81,7,8.83237,481,481,0,0.00608777,0.00249477,0,0,0.109042,0.716049,1,1,7,0,0,0,0.283951,0.654321,0.0617284,81,21241,28
1,table_pick,94,qpFreeGate,1,1,0.0118095,2122,11,10.5408,1075,1075,0,0.000656385,0.00249477,0,0,0.00626399,0,9,5,1.22222,0,0,0,1,0,0,0,0,0
1,table_pick,94,qpEnvelope,1,1,0.000328678,32,7,8.83245,459,459,0,0.00608261,0.00249477,0,0,0.276014,1,1,1,7,0,0,0,0,0.84375,0.15625,32,8336,11
1,cage,1,isSafe,1,1,0.291528,114167,668,19.2991,12,966,0,0.0126931,0.00249477,0,0,0,0,6290,665,0.1062,0,0,0,0,0,0,0,0,0
1,cage,1,qpFixed,1,1,0.0398582,6671,48,20.2781,1758,1758,0,0.000452789,0.00249477,0,0,0.0102165,0,21,21,2.28571,0,0,0,1,0,0,6671,1839196,6130
1,cage,1,qpPlain,1,1,0.041257,6671,48,20.2781,1758,1758,0,0.000452789,0.00249477,0,0,0.0102165,0,21,21,2.28571,0,0,0,1,0,0,6671,2288153,6671
1,cage,1,qpAdaptive,1,1,0.0195152,2992,46,20.2786,1350,1350,0,0.000382947,0.00249477,0,0,0.0218127,0.600936,21,20,2.19048,0,0,0,0.394051,0.593583,0.0123663,2992,840657,2903
1,cage,1,qpFreeGate,1,1,0.924887,189513,358,22.72,2618,2618,0,0.00418599,0.00249477,0,0,0.00306834,0,1529,332,0.23414,0,0,0,1,0,0,0,0,0
1,cage,1,qpEnvelope,1,1,0.0247936,3330,73,25.0153,1395,1395,0,0.0012522,0.00249477,0,0,0.0331935,0.366967,36,35,2.02778,0,0,0,0.629129,0.35045,0.0204204,3330,912410,3244
1,cage,8,isSafe,1,1,1.63196,584969,4539,19.6962,12,986,0,0.0070204,0.00249477,0,0,0,0,44418,4536,0.102188,0,0,0,0,0,0,0,0,0
1,cage,8,qpFixed,1,1,0.102606,16429,89,21.5515,1837,1837,0,0.000609034,0.00249477,0,0,0.00894529,0,66,49,1.34848,0,0,0,1,0,0,16429,4405307,14508
1,cage,8,qpPlain,1,1,0.108918,16429,89,21.5515,1837,1837,0,0.000609034,0.00249477,0,0,0.00894529,0,66,49,1.34848,0,0,0,1,0,0,16429,5635147,16429
1,cage,8,qpAdaptive,1,1,0.0738052,10823,92,21.5794,1432,1432,0,0.000590046,0.00249477,0,0,0.0135256,0.293634,66,50,1.39394,0,0,0,0.70498,0.29003,0.00498937,10823,2861784,10608
1,cage,8,qpFreeGate,1,1,1.81723,366544,611,39.5387,3701,3701,0,0.00419921,0.00249477,0,0,0.00292654,0,3267,584,0.187022,0,0,0,1,0,0,0,0,0
1,cage,8,qpEnvelope,1,1,0.118485,16265,155,21.6438,1339,1339,0,0.000550132,0.00249477,0,0,0.0160033,0.210022,132,86,1.17424,0,0,0,0.788551,0.203886,0.00756272,16265,4338113,16066
1,cage,15,isSafe,1,1,1.21228,441571,3280,25.8015,16,1292,0,0.00163963,0.00249477,0,0,0,0,28552,3277,0.114878,0,0,0,0,0,0,0,0,0
1,cage,15,qpFixed,1,1,0.094644,15039,81,26.6294,2141,2141,0,2.70958e-05,0.00249477,0,0,0.00919594,0,57,45,1.42105,0,0,0,1,0,0,15039,4143050,13191
1,cage,15,qpPlain,1,1,0.0992895,15039,81,26.6294,2141,2141,0,2.70958e-05,0.00249477,0,0,0.00919594,0,57,45,1.42105,0,0,0,1,0,0,15039,5158377,15039
1,cage,15,qpAdaptive,1,1,0.0698241,10110,81,26.6547,1876,1876,0,2.64894e-05,0.00249477,0,0,0.0137002,0.269436,57,45,1.42105,0,0,0,0.729179,0.266073,0.00474777,10110,2779802,9695
1,cage,15,qpFreeGate,1,1,4.84144,975966,1650,26.6381,2565,2565,0,0.00226617,0.00249477,0,0,0.00269051,0,8727,1604,0.189068,0,0,0,1,0,0,0,0,0
1,cage,15,qpEnvelope,1,1,0.054758,7466,81,26.7207,1692,1692,0,2.11267e-05,0.00249477,0,0,0.0185675,0.171578,57,45,1.42105,0,0,0,0.827886,0.163943,0.00817037,7466,2022616,7298
1,cage,22,isSafe,1,1,1.26521,458385,3380,27.7906,17,1391,0,0.00558259,0.00249477,0,0,0,0,31609,3376,0.106932,0,0,0,0,0,0,0,0,0
1,cage,22,qpFixed,1,1,0.363279,56732,220,36.2339,3164,3164,0,6.41549e-05,0.00249477,0,0,0.00771542,0,243,138,0.90535,0,0,0,1,0,0,56732,15488018,51624
1,cage,22,qpPlain,1,1,0.382179,56732,220,36.2339,3164,3164,0,6.41549e-05,0.00249477,0,0,0.00771542,0,243,138,0.90535,0,0,0,1,0,0,56732,19459076,56732
1,cage,22,qpAdaptive,1,1,0.288933,41525,220,36.2743,2690,2690,0,6.36971e-05,0.00249477,0,0,0.0105556,0.227574,243,138,0.90535,0,0,0,0.77115,0.225503,0.00334738,41525,11300268,40879
1,cage,22,qpFreeGate,1,1,1.82838,367740,652,22.6616,3129,3129,0,0.00101248,0.00249477,0,0,0.00297873,0,2952,616,0.220867,0,0,0,1,0,0,0,0,0
1,cage,22,qpEnvelope,1,1,0.235399,32251,218,36.5167,2476,2476,0,5.9702e-05,0.00249477,0,0,0.0136356,0.156119,243,137,0.897119,0,0,0,0.843044,0.151623,0.00533317,32251,8724351,32023
1,cage,29,isSafe,1,1,0.236259,88908,503,22.5025,13,1127,0,0.00168049,0.00249477,0,0,0,0,4228,500,0.118969,0,0,0,0,0,0,0,0,0
1,cage,29,qpFixed,1,1,0.146501,23346,115,20.7579,1745,1745,0,6.70887e-05,0.00249477,0,0,0.00854683,0,93,65,1.23656,0,0,0,1,0,0,23346,6127933,21593
1,cage,29,qpPlain,1,1,0.156037,23346,115,20.7579,1745,1745,0,6.70887e-05,0.00249477,0,0,0.00854683,0,93,65,1.23656,0,0,0,1,0,0,23346,8007678,23346
1,cage,29,qpAdaptive,1,1,0.120212,17689,115,20.7592,1376,1376,0,3.40487e-05,0.00249477,0,0,0.0112994,0.179434,93,65,1.23656,0,0,0,0.819605,0.177794,0.00260049,17689,4640043,17456
1,cage,29,qpFreeGate,1,1,5.2069,1043971,1782,19.0041,2175,2175,0,0.00285599,0.00249477,0,0,0.00265003,0,9529,1743,0.187008,0,0,0,1,0,0,0,0,0
1,cage,29,qpEnvelope,1,1,0.0980242,13736,111,20.814,1269,1269,0,4.5111e-07,0.00249477,0,0,0.0142796,0.130169,93,62,1.19355,0,0,0,0.86903,0.125728,0.0052417,13736,3651992,13620
1,cage,36,isSafe,1,1,0.0868316,32785,169,21.744,12,1089,0,0.00646864,0.00249477,0,0,0,0,1459,164,0.115833,0,0,0,0,0,0,0,0,0
1,cage,36,qpFixed,1,1,0.0246144,4057,25,22.4172,1902,1902,0,3.28667e-05,0.00249477,0,0,0.00990536,0,12,12,2.08333,0,0,0,1,0,0,4057,1115208,3309
1,cage,36,qpPlain,1,1,0.0256874,4057,25,22.4172,1902,1902,0,3.28667e-05,0.00249477,0,0,0.00990536,0,12,12,2.08333,0,0,0,1,0,0,4057,1391551,4057
1,cage,36,qpAdaptive,1,1,0.0142835,2093,24,22.5209,1555,1555,0,3.23384e-05,0.00249477,0,0,0.0193308,0.492594,12,12,2,0,0,0,0.505495,0.487339,0.00716675,2093,594225,1942
1,cage,36,qpFreeGate,1,1,2.17593,439563,724,25.5732,3160,3160,0,0.00509408,0.00249477,0,0,0.00280151,0,3650,692,0.198356,0,0,0,1,0,0,0,0,0
1,cage,36,qpEnvelope,1,1,0.00968625,1251,25,22.5422,1346,1346,0,2.98921e-05,0.00249477,0,0,0.0323562,0.335731,12,12,2.08333,0,0,0,0.664269,0.319744,0.0159872,1251,353764,1213
1,cage,43,isSafe,1,1,0.0722241,27309,138,23.3035,13,1167,0,0.00564703,0.00249477,0,0,0,0,1022,134,0.135029,0,0,0,0,0,0,0,0,0
1,cage,43,qpFixed,1,1,0.282927,44203,191,20.0989,1635,1635,0,0.000181145,0.00249477,0,0,0.00794723,0,185,114,1.03243,0,0,0,1,0,0,44203,12087913,41472
1,cage,43,qpPlain,1,1,0.294319,44203,191,20.0989,1635,1635,0,0.000181145,0.00249477,0,0,0.00794723,0,185,114,1.03243,0,0,0,1,0,0,44203,15161629,44203
1,cage,43,qpAdaptive,1,1,0.225575,32637,184,20.1045,1424,1424,0,0.000181131,0.00249477,0,0,0.0107429,0.210865,185,114,0.994595,0,0,0,0.788155,0.20869,0.00315593,32637,8815495,32170
1,cage,43,qpFreeGate,1,1,1.38089,276348,454,25.951,2472,2472,0,0.00599753,0.00249477,0,0,0.00288324,0,2333,432,0.194599,0,0,0,1,0,0,0,0,0
1,cage,43,qpEnvelope,1,1,0.189246,26194,185,20.1332,1298,1298,0,0.000181572,0.00249477,0,0,0.0134755,0.12793,185,115,1,0,0,0,0.870963,0.123807,0.00523021,26194,7063367,25987
1,cage,50,isSafe,1,1,0.0747124,28266,148,11.2992,7,566,0,0.00802227,0.00249477,0,0,0,0,1070,144,0.138318,0,0,0,0,0,0,0,0,0
1,cage,50,qpFixed,1,1,0.0529465,8615,53,15.6711,1469,1469,0,0.00118966,0.00249477,0,0,0.00975715,0,31,26,1.70968,0,0,0,1,0,0,8615,2242313,7777
1,cage,50,qpPlain,1,1,0.056294,8615,53,15.6711,1469,1469,0,0.00118966,0.00249477,0,0,0.00975715,0,31,26,1.70968,0,0,0,1,0,0,8615,2954945,8615
1,cage,50,qpAdaptive,1,1,0.0407006,6091,53,15.6948,1051,1051,0,0.00111539,0.00249477,0,0,0.0138305,0.293548,31,26,1.70968,0,0,0,0.705139,0.291085,0.00377606,6091,1574691,5984
1,cage,50,qpFreeGate,1,1,1.50512,303821,528,25.2261,2899,2899,0,0.000630186,0.00249477,0,0,0.00297782,0,2558,502,0.206411,0,0,0,1,0,0,0,0,0
1,cage,50,qpEnvelope,1,1,0.0319193,4454,54,14.838,871,871,0,0.00227711,0.00249477,0,0,0.0190564,0.198473,31,26,1.74194,0,0,0,0.800853,0.190166,0.00898069,4454,1151689,4403
1,cage,57,isSafe,1,1,0.217532,81922,422,11.5388,7,578,0,0.00773714,0.00249477,0,0,0,0,3882,418,0.108707,0,0,0,0,0,0,0,0,0
1,cage,57,qpFixed,1,1,0.0107987,1849,14,15.3476,1386,1386,0,0.000418426,0.00249477,0,0,0.0100573,0,5,5,2.8,0,0,0,1,0,0,1849,469889,1213
1,cage,57,qpPlain,1,1,0.0118742,1849,14,15.3476,1386,1386,0,0.000418426,0.00249477,0,0,0.0100573,0,5,5,2.8,0,0,0,1,0,0,1849,634207,1849
1,cage,57,qpAdaptive,1,1,0.00587438,868,14,15.3976,1088,1088,0,0.000366153,0.00249477,0,0,0.0214456,0.328341,5,5,2.8,0,0,0,0.669355,0.317972,0.0126728,868,227850,789
1,cage,57,qpFreeGate,1,1,2.09345,420115,778,16.8686,1971,1971,0,0.00293202,0.00249477,0,0,0.00290398,0,4298,757,0.181014,0,0,0,1,0,0,0,0,0
1,cage,57,qpEnvelope,1,1,0.00485901,662,14,15.5992,1000,1000,0,0.000249154,0.00249477,0,0,0.0283738,0.155589,5,5,2.8,0,0,0,0.8429,0.140483,0.0166163,662,169343,630
1,cage,64,isSafe,1,1,0.029908,11347,58,8.17249,6,410,0,0.00952198,0.00249477,0,0,0,0,292,54,0.19863,0,0,0,0,0,0,0,0,0
1,cage,64,qpFixed,1,1,0.115615,18562,85,20.6415,1918,1918,0,3.32109e-05,0.00249477,0,0,0.00837622,0,75,51,1.13333,0,0,0,1,0,0,18562,4834169,16451
1,cage,64,qpPlain,1,1,0.12383,18562,85,20.6415,1918,1918,0,3.32109e-05,0.00249477,0,0,0.00837622,0,75,51,1.13333,0,0,0,1,0,0,18562,6366766,18562
1,cage,64,qpAdaptive,1,1,0.0876347,12775,84,20.6847,1576,1576,0,3.28638e-05,0.00249477,0,0,0.0121091,0.234442,75,50,1.12,0,0,0,0.763992,0.23225,0.00375734,12775,3362093,12467
1,cage,64,qpFreeGate,1,1,2.52551,509030,889,30.4527,3323,3323,0,0.00237608,0.00249477,0,0,0.00283519,0,4547,859,0.195514,0,0,0,1,0,0,0,0,0
1,cage,64,qpEnvelope,1,1,0.0763257,10617,85,20.7783,1413,1413,0,3.16823e-05,0.00249477,0,0,0.0146139,0.148159,75,50,1.13333,0,0,0,0.8509,0.143543,0.00555713,10617,2797734,10496
1,cage,71,isSafe,1,1,0.0521695,19740,101,16.3655,10,820,0,0.0011219,0.00249477,0,0,0,0,705,97,0.143262,0,0,0,0,0,0,0,0,0
1,cage,71,qpFixed,1,1,0.133938,21365,104,23.6772,2064,2064,0,0.000300723,0.00249477,0,0,0.00876766,0,87,59,1.1954,0,0,0,1,0,0,21365,5528912,19437
1,cage,71,qpPlain,1,1,0.142993,21365,104,23.6772,2064,2064,0,0.000300723,0.00249477,0,0,0.00876766,0,87,59,1.1954,0,0,0,1,0,0,21365,7328195,21365
1,cage,71,qpAdaptive,1,1,0.10071,14695,104,23.6681,1751,1751,0,0.000300786,0.00249477,0,0,0.0127646,0.266621,87,59,1.1954,0,0,0,0.732018,0.263763,0.00421912,14695,3814307,14357
1,cage,71,qpFreeGate,1,1,1.64353,331002,525,23.4665,2537,2537,0,0.00185045,0.00249477,0,0,0.00281456,0,2674,500,0.196335,0,0,0,1,0,0,0,0,0
1,cage,71,qpEnvelope,1,1,0.0842466,11592,108,24.9743,1746,1746,0,0.000277775,0.00249477,0,0,0.0165432,0.193927,87,61,1.24138,0,0,0,0.80521,0.187802,0.00698758,11592,3002698,11491
1,cage,78,isSafe,1,1,0.18839,70845,398,16.0692,11,805,0,0.00682547,0.00249477,0,0,0,0,3539,394,0.112461,0,0,0,0,0,0,0,0,0
1,cage,78,qpFixed,1,1,0.0735643,11415,58,21.2019,1809,1809,0,0.000110171,0.00249477,0,0,0.00869013,0,40,30,1.45,0,0,0,1,0,0,11415,3246807,9878
1,cage,78,qpPlain,1,1,0.0754815,11415,58,21.2019,1809,1809,0,0.000110171,0.00249477,0,0,0.00869013,0,40,30,1.45,0,0,0,1,0,0,11415,3915345,11415
1,cage,78,qpAdaptive,1,1,0.116135,16420,120,24.4753,1552,1552,0,0.000106856,0.00249477,0,0,0.0133488,0.284409,105,67,1.14286,0,0,0,0.713886,0.280755,0.00535932,16420,4569294,16037
1,cage,78,qpFreeGate,1,1,1.95888,390483,653,15.8645,1757,1757,0,0.00179555,0.00249477,0,0,0.00282987,0,3494,643,0.186892,0,0,0,1,0,0,0,0,0
1,cage,78,qpEnvelope,1,1,0.0338642,4322,61,20.4572,1247,1247,0,9.73053e-05,0.00249477,0,0,0.0228252,0.31143,40,30,1.525,0,0,0,0.686647,0.300856,0.0124971,4322,1235049,4261
1,cage,85,isSafe,1,1,0.0655557,24808,126,9.19221,6,461,0,0.0126379,0.00249477,0,0,0,0,1002,123,0.125749,0,0,0,0,0,0,0,0,0
1,cage,85,qpFixed,1,1,0.104862,16631,91,17.8882,1577,1577,0,0.000100095,0.00249477,0,0,0.00862013,0,67,48,1.35821,0,0,0,1,0,0,16631,4454864,15427
1,cage,85,qpPlain,1,1,0.11069,16631,91,17.8882,1577,1577,0,0.000100095,0.00249477,0,0,0.00862013,0,67,48,1.35821,0,0,0,1,0,0,16631,5704433,16631
1,cage,85,qpAdaptive,1,1,0.0777256,11286,91,17.8693,1407,1407,0,9.08791e-05,0.00249477,0,0,0.0127218,0.262538,67,48,1.35821,0,0,0,0.735336,0.259082,0.00558214,11286,3070504,11014
1,cage,85,qpFreeGate,1,1,0.484555,97759,175,14.5936,1916,1916,0,0.00659199,0.00249477,0,0,0.00315922,0,743,160,0.235532,0,0,0,1,0,0,0,0,0
1,cage,85,qpEnvelope,1,1,0.0854482,11665,107,19.9299,1357,1357,0,7.09858e-05,0.00249477,0,0,0.0157947,0.153536,89,62,1.20225,0,0,0,0.845864,0.146764,0.00737248,11665,3230543,11532
1,cage,92,isSafe,1,1,0.26192,98457,564,18.484,11,926,0,0.00712346,0.00249477,0,0,0,0,4900,561,0.115102,0,0,0,0,0,0,0,0,0
1,cage,92,qpFixed,1,1,0.0926425,14521,78,26.5679,2392,2392,0,1.3774e-05,0.00249477,0,0,0.00877754,0,57,40,1.36842,0,0,0,1,0,0,14521,4015626,13269
1,cage,92,qpPlain,1,1,0.0964173,14521,78,26.5679,2392,2392,0,1.3774e-05,0.00249477,0,0,0.00877754,0,57,40,1.36842,0,0,0,1,0,0,14521,4980703,14521
1,cage,92,qpAdaptive,1,1,0.0701188,10033,78,26.5718,1948,1948,0,1.25226e-05,0.00249477,0,0,0.0127014,0.285657,57,40,1.36842,0,0,0,0.71215,0.283166,0.00468454,10033,2793757,9878
1,cage,92,qpFreeGate,1,1,1.17965,239151,428,20.6147,2300,2300,0,0.00519038,0.00249477,0,0,0.00319957,0,1925,399,0.222338,0,0,0,1,0,0,0,0,0
1,cage,92,qpEnvelope,1,1,0.0366755,4827,60,23.4499,1550,1550,0,7.89822e-06,0.00249477,0,0,0.0191879,0.256267,43,29,1.39535,0,0,0,0.741869,0.247566,0.0105656,4827,1331289,4778
1,cage,99,isSafe,1,1,0.228846,86087,490,14.499,9,726,0,0.000140581,0.00249477,0,0,0,0,4662,487,0.105105,0,0,0,0,0,0,0,0,0
1,cage,99,qpFixed,1,1,0.111202,17584,96,24.6131,2055,2055,0,0.000218895,0.00249477,0,0,0.00905461,0,63,48,1.52381,0,0,0,1,0,0,17584,4720965,15686
1,cage,99,qpPlain,1,1,0.117301,17584,96,24.6131,2055,2055,0,0.000218895,0.00249477,0,0,0.00905461,0,63,48,1.52381,0,0,0,1,0,0,17584,6031312,17584
1,cage,99,qpAdaptive,1,1,0.0770628,11042,96,24.6339,1581,1581,0,0.000216613,0.00249477,0,0,0.0144529,0.312896,63,48,1.52381,0,0,0,0.68484,0.309183,0.00597718,11042,3025118,10849
1,cage,99,qpFreeGate,1,1,2.15752,435028,678,23.4327,2175,2175,0,0.00960646,0.00249477,0,0,0.00274357,0,3727,654,0.181916,0,0,0,1,0,0,0,0,0
1,cage,99,qpEnvelope,1,1,0.0566901,7433,94,24.6833,1414,1414,0,0.000206,0.00249477,0,0,0.021315,0.263151,63,47,1.49206,0,0,0,0.734697,0.254002,0.011301,7433,2042327,7358
1,bookshelf_tall,3,isSafe,1,0,10.0031,589631,4864,0,0,0,0,inf,inf,0,0,0,0,50191,4862,0.0969098,0,0,0,0,0,0,0,0,0
1,bookshelf_tall,3,qpFixed,1,0,10.0022,378158,851,0,0,0,0,inf,inf,0,0,0.00614741,0,1566,755,0.543423,0,0,0,1,0,0,378158,112728659,360792
1,bookshelf_tall,3,qpPlain,1,0,10.0016,298964,692,0,0,0,0,inf,inf,0,0,0.00628307,0,1216,605,0.569079,0,0,0,1,0,0,298964,102544652,298964
1,bookshelf_tall,3,qpAdaptive,1,0,10.0008,361232,885,0,0,0,0,inf,inf,0,0,0.00674831,0.0486612,1662,789,0.532491,0,0,0,0.951076,0.0480273,0.000896931,361232,108409595,357745
1,bookshelf_tall,3,qpFreeGate,1,0,10.0038,742434,1203,0,0,0,0,inf,inf,0,0,0.00254865,0,6602,1198,0.182218,0,0,0,1,0,0,0,0,0
1,bookshelf_tall,3,qpEnvelope,1,0,10.0099,359330,926,0,0,0,0,inf,inf,0,0,0.00709079,0.0109482,1744,827,0.530963,0,0,0,0.988982,0.00998525,0.00103248,359330,107732441,358132
1,bookshelf_tall,10,isSafe,1,1,0.0200332,954,7,9.00351,6,452,0,0.00394803,0.00249477,0,0,0,0,17,3,0.411765,0,0,0,0,0,0,0,0,0
1,bookshelf_tall,10,qpFixed,1,1,0.0732827,1589,20,13.116,991,991,0,0.00351913,0.00249477,0,0,0.0121137,0,5,5,4,0,0,0,1,0,0,1589,463383,1384
1,bookshelf_tall,10,qpPlain,1,1,0.0535849,1589,20,13.116,991,991,0,0.00351913,0.00249477,0,0,0.0121137,0,5,5,4,0,0,0,1,0,0,1589,545027,1589
1,bookshelf_tall,10,qpAdaptive,1,1,0.00889708,993,19,13.1248,880,880,0,0.00349179,0.00249477,0,0,0.0193551,0.496475,5,5,3.8,0,0,0,0.496475,0.487412,0.0161128,993,292669,935
1,bookshelf_tall,10,qpFreeGate,1,1,0.126321,18117,43,8.94275,759,759,0,0.00396562,0.00249477,0,0,0.00383001,0,135,36,0.318519,0,0,0,1,0,0,0,0,0
1,bookshelf_tall,10,qpEnvelope,1,1,0.00367168,352,20,13.1763,737,737,0,0.00343774,0.00249477,0,0,0.0555439,0.451705,5,5,4,0,0,0,0.548295,0.394886,0.0568182,352,104613,335
1,bookshelf_tall,17,isSafe,1,1,0.0147237,2814,16,11.0024,7,552,0,0.00496561,0.00249477,0,0,0,0,48,12,0.333333,0,0,0,0,0,0,0,0,0
1,bookshelf_tall,17,qpFixed,1,1,0.0044278,551,7,6.51356,552,552,0,0.0019644,0.00249477,0,0,0.0118213,0,1,1,7,0,0,0,1,0,0,551,143476,367
1,bookshelf_tall,17,qpPlain,1,1,0.00464724,551,7,6.51356,552,552,0,0.0019644,0.00249477,0,0,0.0118213,0,1,1,7,0,0,0,1,0,0,551,188993,551
1,bookshelf_tall,17,qpAdaptive,1,1,0.00326831,366,7,6.51338,488,488,0,0.00198058,0.00249477,0,0,0.0177961,0.166667,1,1,7,0,0,0,0.830601,0.15847,0.010929,366,98498,347
1,bookshelf_tall,17,qpFreeGate,1,1,0.040686,5950,20,9.16854,711,711,0,0.00496561,0.00249477,0,0,0.00545296,0,48,16,0.416667,0,0,0,1,0,0,0,0,0
1,bookshelf_tall,17,qpEnvelope,1,1,0.00202963,213,7,6.51861,432,432,0,0.00197512,0.00249477,0,0,0.0306038,0.159624,1,1,7,0,0,0,0.840376,0.13615,0.0234742,213,58956,206
1,bookshelf_tall,26,isSafe,1,0,10.0092,2,1,0,0,0,0,inf,inf,0,0,0,0,0,0,0,0,0,0,0,0,0,0,0,0
1,bookshelf_tall,26,qpFixed,1,0,10.0006,1063875,4666,0,0,0,0,inf,inf,0,0,0.00781488,0,17331,4664,0.269229,0,0,0,1,0,0,1063875,315956418,930743
1,bookshelf_tall,26,qpPlain,1,0,10.0002,1178754,5163,0,0,0,0,inf,inf,0,0,0.00772821,0,19341,5161,0.266946,0,0,0,1,0,0,1178754,404312622,1178754
1,bookshelf_tall,26,qpAdaptive,1,0,10.0009,990713,5466,0,0,0,0,inf,inf,0,0,0.00970697,0.112733,20589,5464,0.265482,0,0,0,0.884628,0.111961,0.00341042,990713,297124810,961865
1,bookshelf_tall,26,qpFreeGate,1,0,10.0001,910400,2906,0,0,0,0,inf,inf,0,0,0.00396688,0,18915,2904,0.153635,0,0,0,1,0,0,0,0,0
1,bookshelf_tall,26,qpEnvelope,1,0,10.0022,1020613,6185,0,0,0,0,inf,inf,0,0,0.0106497,0.0215821,23691,6183,0.26107,0,0,0,0.977833,0.0181501,0.00401663,1020613,305802884,1010724
1,bookshelf_tall,33,isSafe,1,1,0.0341637,7495,33,12.0293,8,603,0,0.000260518,0.00249477,0,0,0,0,172,29,0.19186,0,0,0,0,0,0,0,0,0
1,bookshelf_tall,33,qpFixed,1,1,0.00230632,323,5,5.52848,324,324,0,0.00326106,0.00249477,0,0,0.017116,0,1,1,5,0,0,0,1,0,0,323,82488,65
1,bookshelf_tall,33,qpPlain,1,1,0.00252153,323,5,5.52848,324,324,0,0.00326106,0.00249477,0,0,0.017116,0,1,1,5,0,0,0,1,0,0,323,110789,323
1,bookshelf_tall,33,qpAdaptive,1,1,0.000527925,63,5,5.51838,306,306,0,0.00326106,0.00249477,0,0,0.0875933,0.730159,1,1,5,0,0,0,0.269841,0.68254,0.047619,63,18727,37
1,bookshelf_tall,33,qpFreeGate,1,1,0.0813929,11761,44,22.3569,2188,2188,0,0.00124069,0.00249477,0,0,0.00588031,0,119,38,0.369748,0,0,0,1,0,0,0,0,0
1,bookshelf_tall,33,qpEnvelope,1,1,0.000365662,32,5,5.53093,292,292,0,0.00326106,0.00249477,0,0,0.172842,0.75,1,1,5,0,0,0,0.25,0.65625,0.09375,32,9441,21
1,bookshelf_tall,40,isSafe,1,1,0.135615,29659,156,17.2181,11,862,0,0.00282253,0.00249477,0,0,0,0,1254,152,0.124402,0,0,0,0,0,0,0,0,0
1,bookshelf_tall,40,qpFixed,1,1,0.0213696,2449,26,15.4141,1381,1381,129,-0.00172037,0.00249477,0,0,0.0100419,0,8,8,3.25,0,0,0,1,0,0,2449,743661,2089
1,bookshelf_tall,40,qpPlain,1,1,0.0213669,2449,26,15.4141,1381,1381,129,-0.00172037,0.00249477,0,0,0.0100419,0,8,8,3.25,0,0,0,1,0,0,2449,840007,2449
1,bookshelf_tall,40,qpAdaptive,1,1,0.0142932,1467,27,15.4426,1157,1157,129,-0.00172037,0.00249477,0,0,0.0167831,0.330607,8,8,3.375,0,0,0,0.659168,0.326517,0.0143149,1467,466975,1440
1,bookshelf_tall,40,qpFreeGate,1,1,0.325453,46553,79,20.1666,1681,1681,0,0.0021186,0.00249477,0,0,0.00319892,0,337,74,0.234421,0,0,0,1,0,0,0,0,0
1,bookshelf_tall,40,qpEnvelope,1,1,0.0142536,1349,24,11.9312,778,778,151,-0.00173848,0.00249477,0,0,0.0267888,0.254262,12,10,2,0,0,0,0.744255,0.240178,0.0155671,1349,426955,1326
1,bookshelf_tall,47,isSafe,1,1,0.0127406,2798,16,14.8569,9,744,0,0.00838713,0.00249477,0,0,0,0,54,12,0.296296,0,0,0,0,0,0,0,0,0
1,bookshelf_tall,47,qpFixed,1,1,0.029189,3417,27,19.7425,1770,1770,0,0.000655644,0.00249477,0,0,0.00975676,0,10,10,2.7,0,0,0,1,0,0,3417,978269,3030
1,bookshelf_tall,47,qpPlain,1,1,0.0296745,3417,27,19.7425,1770,1770,0,0.000655644,0.00249477,0,0,0.00975676,0,10,10,2.7,0,0,0,1,0,0,3417,1172031,3417
1,bookshelf_tall,47,qpAdaptive,1,1,0.0224444,2458,27,19.7592,1492,1492,0,0.000657403,0.00249477,0,0,0.0135686,0.280309,10,10,2.7,0,0,0,0.716436,0.276648,0.00691619,2458,708366,2240
1,bookshelf_tall,47,qpFreeGate,1,1,0.128769,18710,38,14.6862,1890,1890,0,0.000340711,0.00249477,0,0,0.00321145,0,159,31,0.238994,0,0,0,1,0,0,0,0,0
1,bookshelf_tall,47,qpEnvelope,1,1,0.0234959,2462,35,17.58,1274,1274,0,0.000630103,0.00249477,0,0,0.0176745,0.180341,14,13,2.5,0,0,0,0.818034,0.171812,0.0101543,2462,703615,2324
1,bookshelf_tall,54,isSafe,1,1,0.0228517,4559,23,7.64347,5,384,0,0.00305955,0.00249477,0,0,0,0,102,20,0.22549,0,0,0,0,0,0,0,0,0
1,bookshelf_tall,54,qpFixed,1,1,0.00975767,1234,11,10.2039,778,778,0,0.00178824,0.00249477,0,0,0.0106991,0,3,3,3.66667,0,0,0,1,0,0,1234,348052,750
1,bookshelf_tall,54,qpPlain,1,1,0.0100634,1234,11,10.2039,778,778,0,0.00178824,0.00249477,0,0,0.0106991,0,3,3,3.66667,0,0,0,1,0,0,1234,423262,1234
1,bookshelf_tall,54,qpAdaptive,1,1,0.00491588,537,15,10.1946,671,671,0,0.00186046,0.00249477,0,0,0.0254723,0.368715,3,3,5,0,0,0,0.627561,0.35568,0.0167598,537,166511,497
1,bookshelf_tall,54,qpFreeGate,1,1,0.0781222,11248,32,6.30052,448,448,0,0.00302998,0.00249477,0,0,0.00470164,0,102,27,0.313725,0,0,0,1,0,0,0,0,0
1,bookshelf_tall,54,qpEnvelope,1,1,0.00212851,195,14,10.1441,557,557,0,0.00273625,0.00249477,0,0,0.0693902,0.553846,3,3,4.66667,0,0,0,0.441026,0.492308,0.0666667,195,59939,180
1,bookshelf_tall,61,isSafe,1,0,10.0001,2,1,0,0,0,0,inf,inf,0,0,0,0,0,0,0,0,0,0,0,0,0,0,0,0
1,bookshelf_tall,61,qpFixed,1,0,10.0015,614938,1347,0,0,0,0,inf,inf,0,0,0.00599864,0,2686,1227,0.501489,0,0,0,1,0,0,614938,183617644,582504
1,bookshelf_tall,61,qpPlain,1,0,10.0032,377563,912,0,0,0,0,inf,inf,0,0,0.00628066,0,1565,799,0.582748,0,0,0,1,0,0,377563,129504109,377563
1,bookshelf_tall,61,qpAdaptive,1,0,10.0041,363990,964,0,0,0,0,inf,inf,0,0,0.00695285,0.0564796,1696,851,0.568396,0,0,0,0.943273,0.0557405,0.000986291,363990,108738172,359361
1,bookshelf_tall,61,qpFreeGate,1,0,10.0004,1215327,3978,0,0,0,0,inf,inf,0,0,0.00389825,0,24943,3976,0.159484,0,0,0,1,0,0,0,0,0
1,bookshelf_tall,61,qpEnvelope,1,0,10.0388,290408,821,0,0,0,0,inf,inf,0,0,0.00734601,0.00666648,1374,711,0.597525,0,0,0,0.993289,0.00575397,0.000957274,290408,86516605,289307
1,bookshelf_tall,69,isSafe,1,1,0.0748099,15428,79,20.0808,12,1006,0,0.00497499,0.00249477,0,0,0,0,502,75,0.157371,0,0,0,0,0,0,0,0,0
1,bookshelf_tall,69,qpFixed,1,1,0.0137362,1661,13,13.9672,1271,1271,0,0.00159183,0.00249477,0,0,0.00924261,0,5,4,2.6,0,0,0,1,0,0,1661,482963,1363
1,bookshelf_tall,69,qpPlain,1,1,0.0140737,1661,13,13.9672,1271,1271,0,0.00159183,0.00249477,0,0,0.00924261,0,5,4,2.6,0,0,0,1,0,0,1661,569723,1661
1,bookshelf_tall,69,qpAdaptive,1,1,0.00771774,855,14,13.9791,997,997,0,0.00157544,0.00249477,0,0,0.0179738,0.540351,5,4,2.8,0,0,0,0.454971,0.533333,0.0116959,855,253436,822
1,bookshelf_tall,69,qpFreeGate,1,1,0.0898376,12975,28,11.9179,1137,1137,0,0.00307977,0.00249477,0,0,0.0036733,0,97,22,0.28866,0,0,0,1,0,0,0,0,0
1,bookshelf_tall,69,qpEnvelope,1,1,0.0139139,1424,41,21.0984,1193,1193,0,0.00137551,0.00249477,0,0,0.0284164,0.287921,14,12,2.92857,0,0,0,0.701545,0.273876,0.0245787,1424,433628,1327
1,bookshelf_tall,76,isSafe,1,0,10.0001,1944171,20024,0,0,0,0,inf,inf,0,0,0,0,170353,20022,0.117544,0,0,0,0,0,0,0,0,0
1,bookshelf_tall,76,qpFixed,1,0,10.0012,1088027,2151,0,0,0,0,inf,inf,0,0,0.00567679,0,4956,2032,0.434019,0,0,0,1,0,0,1088027,325087299,1031246
1,bookshelf_tall,76,qpPlain,1,0,10.003,761097,1595,0,0,0,0,inf,inf,0,0,0.00588916,0,3343,1478,0.477116,0,0,0,1,0,0,761097,261056271,761097
1,bookshelf_tall,76,qpAdaptive,1,0,10.0008,979862,2140,0,0,0,0,inf,inf,0,0,0.00628422,0.05075,4924,2019,0.434606,0,0,0,0.94902,0.0499928,0.000986875,979862,293372290,968120
1,bookshelf_tall,76,qpFreeGate,1,0,10.0004,1048437,1743,0,0,0,0,inf,inf,0,0,0.00259977,0,9123,1739,0.191056,0,0,0,1,0,0,0,0,0
1,bookshelf_tall,76,qpEnvelope,1,0,10.0018,1057597,2378,0,0,0,0,inf,inf,0,0,0.00653029,0.00669631,5631,2256,0.422305,0,0,0,0.993266,0.00565622,0.00107792,1057597,316636183,1053427
1,bookshelf_tall,83,isSafe,1,1,0.108012,11826,60,21.3338,12,1068,0,0.00623334,0.00249477,0,0,0,0,392,56,0.153061,0,0,0,0,0,0,0,0,0
1,bookshelf_tall,83,qpFixed,1,1,0.0290099,1595,18,8.69327,716,716,0,0.00684532,0.00249477,0,0,0.00956775,0,4,3,4.5,0,0,0,1,0,0,1595,473136,1020
1,bookshelf_tall,83,qpPlain,1,1,0.0263905,1595,18,8.69327,716,716,0,0.00684532,0.00249477,0,0,0.00956775,0,4,3,4.5,0,0,0,1,0,0,1595,547085,1595
1,bookshelf_tall,83,qpAdaptive,1,1,0.0175776,826,16,8.70017,484,484,0,0.00684532,0.00249477,0,0,0.0184323,0.115012,4,3,4,0,0,0,0.878935,0.107748,0.0133172,826,250514,784
1,bookshelf_tall,83,qpFreeGate,1,1,0.0763994,5377,33,9.45528,1072,1072,0,0.00367339,0.00249477,0,0,0.00512232,0,40,15,0.825,0,0,0,1,0,0,0,0,0
1,bookshelf_tall,83,qpEnvelope,1,1,0.0985378,5003,43,12.2251,718,718,64,-0.0031312,0.00249477,0,0,0.0146288,0.0935439,32,22,1.34375,0,0,0,0.905457,0.0885469,0.0059964,5003,1462385,4950
1,bookshelf_tall,90,isSafe,1,0,10.0064,2,1,0,0,0,0,inf,inf,0,0,0,0,0,0,0,0,0,0,0,0,0,0,0,0
1,bookshelf_tall,90,qpFixed,1,0,10.0012,1174624,2352,0,0,0,0,inf,inf,0,0,0.00561232,0,5442,2240,0.432194,0,0,0,1,0,0,1174624,351851708,1118107
1,bookshelf_tall,90,qpPlain,1,0,10.0006,1191698,2387,0,0,0,0,inf,inf,0,0,0.00560153,0,5523,2275,0.432193,0,0,0,1,0,0,1191698,408752414,1191698
1,bookshelf_tall,90,qpAdaptive,1,0,10.0001,1102755,2442,0,0,0,0,inf,inf,0,0,0.00619916,0.0595037,5670,2331,0.430688,0,0,0,0.940193,0.0587565,0.001051,1102755,331453906,1090283
1,bookshelf_tall,90,qpFreeGate,1,0,10.0001,1401088,4347,0,0,0,0,inf,inf,0,0,0.00365572,0,29067,4345,0.149551,0,0,0,1,0,0,0,0,0
1,bookshelf_tall,90,qpEnvelope,1,0,10.001,990784,2307,0,0,0,0,inf,inf,0,0,0.00657079,0.00908775,5345,2199,0.431618,0,0,0,0.99086,0.00800881,0.00113143,990784,297298809,987183
1,bookshelf_tall,99,isSafe,1,1,0.0237916,5077,26,17.7688,10,890,0,0.0106292,0.00249477,0,0,0,0,163,21,0.159509,0,0,0,0,0,0,0,0,0
1,bookshelf_tall,99,qpFixed,1,1,0.0255651,3124,20,19.2871,1643,1643,0,0.000164494,0.00249477,0,0,0.00981242,0,11,7,1.81818,0,0,0,1,0,0,3124,751967,2955
1,bookshelf_tall,99,qpPlain,1,1,0.0274068,3124,20,19.2871,1643,1643,0,0.000164494,0.00249477,0,0,0.00981242,0,11,7,1.81818,0,0,0,1,0,0,3124,1071532,3124
1,bookshelf_tall,99,qpAdaptive,1,1,0.021313,2453,20,19.3103,1488,1488,0,0.000164414,0.00249477,0,0,0.0125083,0.265389,11,7,1.81818,0,0,0,0.733388,0.262943,0.00366898,2453,587797,2392
1,bookshelf_tall,99,qpFreeGate,1,1,0.0148579,2148,14,10.6017,927,927,0,0.00284535,0.00249477,0,0,0.00577359,0,12,4,1.16667,0,0,0,1,0,0,0,0,0
1,bookshelf_tall,99,qpEnvelope,1,1,0.0124535,1379,22,18.461,1189,1189,0,0.000469909,0.00249477,0,0,0.0220675,0.224075,11,7,2,0,0,0,0.773749,0.215373,0.0108774,1379,330222,1352
1,bookshelf_thin,6,isSafe,1,0,10.008,2,1,0,0,0,0,inf,inf,0,0,0,0,0,0,0,0,0,0,0,0,0,0,0,0
1,bookshelf_thin,6,qpFixed,1,1,0.00607471,415,7,6.70374,416,416,0,0.00554649,0.00249477,0,0,0.0161536,0,1,1,7,0,0,0,1,0,0,415,112057,92
1,bookshelf_thin,6,qpPlain,1,1,0.00638546,415,7,6.70374,416,416,0,0.00554649,0.00249477,0,0,0.0161536,0,1,1,7,0,0,0,1,0,0,415,142345,415
1,bookshelf_thin,6,qpAdaptive,1,1,0.00217452,131,6,6.70374,380,380,0,0.00554649,0.00249477,0,0,0.0511736,0.343511,1,1,6,0,0,0,0.656489,0.312977,0.0305344,131,38324,87
1,bookshelf_thin,6,qpFreeGate,1,0,10.0006,964990,3180,0,0,0,0,inf,inf,0,0,0.00412352,0,19627,3178,0.162022,0,0,0,1,0,0,0,0,0
1,bookshelf_thin,6,qpEnvelope,1,1,0.00161718,88,6,6.71184,367,367,0,0.00554649,0.00249477,0,0,0.0762709,0.238636,1,1,6,0,0,0,0.761364,0.193182,0.0454545,88,25462,71
1,bookshelf_thin,13,isSafe,1,1,0.0973217,8179,40,15.915,9,797,0,0.00387073,0.00249477,0,0,0,0,135,37,0.296296,0,0,0,0,0,0,0,0,0
1,bookshelf_thin,13,qpFixed,1,1,0.00568569,316,5,4.13186,317,317,0,0.00387073,0.00249477,0,0,0.0130755,0,1,1,5,0,0,0,1,0,0,316,71556,92
1,bookshelf_thin,13,qpPlain,1,1,0.00598146,316,5,4.13186,317,317,0,0.00387073,0.00249477,0,0,0.0130755,0,1,1,5,0,0,0,1,0,0,316,108388,316
1,bookshelf_thin,13,qpAdaptive,1,1,0.00114071,118,5,4.13186,242,242,0,0.00387073,0.00249477,0,0,0.0350157,0.169492,1,1,5,0,0,0,0.822034,0.152542,0.0254237,118,26883,92
1,bookshelf_thin,13,qpFreeGate,1,1,0.150551,9144,43,12.1008,1118,1118,0,0.00387073,0.00249477,0,0,0.00567056,0,63,27,0.68254,0,0,0,1,0,0,0,0,0
1,bookshelf_thin,13,qpEnvelope,1,1,0.000436591,33,5,4.13457,220,220,0,0.00387073,0.00249477,0,0,0.12529,0.575758,1,1,5,0,0,0,0.424242,0.484848,0.0909091,33,7818,25
1,bookshelf_thin,20,isSafe,1,1,0.365293,30338,138,23.5428,14,1179,0,0.00561229,0.00249477,0,0,0,0,923,133,0.149512,0,0,0,0,0,0,0,0,0
1,bookshelf_thin,20,qpFixed,1,1,0.0195027,1137,8,6.82394,542,542,39,-0.0165208,0.00249477,0,0,0.0107135,0,4,3,2,0,0,0,1,0,0,1137,279634,764
1,bookshelf_thin,20,qpPlain,1,1,0.0201884,1137,8,6.82394,542,542,39,-0.0165208,0.00249477,0,0,0.0107135,0,4,3,2,0,0,0,1,0,0,1137,389991,1137
1,bookshelf_thin,20,qpAdaptive,1,1,0.0127013,651,8,6.84426,431,431,38,-0.0164841,0.00249477,0,0,0.0187494,0.158218,4,3,2,0,0,0,0.83871,0.15361,0.00768049,651,166049,606
1,bookshelf_thin,20,qpFreeGate,1,1,1.38166,123343,215,25.6923,2223,2223,0,0.0065163,0.00249477,0,0,0.00312967,0,923,209,0.232936,0,0,0,1,0,0,0,0,0
1,bookshelf_thin,20,qpEnvelope,1,1,0.0057891,249,6,3.51241,191,191,0,0.00563768,0.00249477,0,0,0.044693,0.365462,4,3,1.5,0,0,0,0.630522,0.353414,0.0160643,249,64861,233
1,bookshelf_thin,27,isSafe,1,1,0.0690029,11054,56,14.5359,9,728,0,0.00110941,0.00249477,0,0,0,0,352,52,0.159091,0,0,0,0,0,0,0,0,0
1,bookshelf_thin,27,qpFixed,1,1,0.0300055,2947,17,13.6039,1300,1300,0,0.000251137,0.00249477,0,0,0.00824675,0,10,8,1.7,0,0,0,1,0,0,2947,847658,2635
1,bookshelf_thin,27,qpPlain,1,1,0.0303978,2947,17,13.6039,1300,1300,0,0.000251137,0.00249477,0,0,0.00824675,0,10,8,1.7,0,0,0,1,0,0,2947,1010821,2947
1,bookshelf_thin,27,qpAdaptive,1,1,0.0233037,2183,17,13.6175,1100,1100,0,0.000250209,0.00249477,0,0,0.0111354,0.243701,10,8,1.7,0,0,0,0.754008,0.241869,0.00412277,2183,633790,2014
1,bookshelf_thin,27,qpFreeGate,1,1,0.0582938,7061,18,12.5536,1322,1322,0,0.00389125,0.00249477,0,0,0.00370823,0,51,12,0.352941,0,0,0,1,0,0,0,0,0
1,bookshelf_thin,27,qpEnvelope,1,1,0.0148849,1292,17,13.5992,913,913,0,0.000240427,0.00249477,0,0,0.0188147,0.218266,10,8,1.7,0,0,0,0.779412,0.210526,0.0100619,1292,377317,1282
1,bookshelf_thin,34,isSafe,1,1,0.0206859,3427,19,16.1703,10,810,0,0.00273168,0.00249477,0,0,0,0,102,15,0.186275,0,0,0,0,0,0,0,0,0
1,bookshelf_thin,34,qpFixed,1,1,0.00690695,760,12,6.94099,584,584,0,0.00388951,0.00249477,0,0,0.0099714,0,2,2,6,0,0,0,1,0,0,760,205478,405
1,bookshelf_thin,34,qpPlain,1,1,0.0072319,760,12,6.94099,584,584,0,0.00388951,0.00249477,0,0,0.0099714,0,2,2,6,0,0,0,1,0,0,760,260680,760
1,bookshelf_thin,34,qpAdaptive,1,1,0.00223826,225,12,6.94694,407,407,0,0.00388951,0.00249477,0,0,0.0336952,0.848889,2,2,6,0,0,0,0.137778,0.813333,0.0488889,225,58607,197
1,bookshelf_thin,34,qpFreeGate,1,1,0.100443,12139,30,13.9552,1142,1142,0,0.00273367,0.00249477,0,0,0.00382179,0,102,26,0.294118,0,0,0,1,0,0,0,0,0
1,bookshelf_thin,34,qpEnvelope,1,1,0.00112098,92,11,6.94303,379,379,0,0.00388951,0.00249477,0,0,0.0823314,0.858696,2,2,5.5,0,0,0,0.108696,0.782609,0.108696,92,24391,82
1,bookshelf_thin,41,isSafe,1,0,10.004,2,1,0,0,0,0,inf,inf,0,0,0,0,0,0,0,0,0,0,0,0,0,0,0,0
1,bookshelf_thin,41,qpFixed,1,0,10.0002,1008308,4456,0,0,0,0,inf,inf,0,0,0.0079616,0,16281,4454,0.273693,0,0,0,1,0,0,1008308,294358950,859859
1,bookshelf_thin,41,qpPlain,1,0,10.0004,772781,3528,0,0,0,0,inf,inf,0,0,0.00823863,0,12377,3526,0.285045,0,0,0,1,0,0,772781,265063883,772781
1,bookshelf_thin,41,qpAdaptive,1,0,10.0001,909048,5072,0,0,0,0,inf,inf,0,0,0.00998919,0.0998308,18729,5070,0.27081,0,0,0,0.89786,0.0987289,0.00341154,909048,268039199,878802
1,bookshelf_thin,41,qpFreeGate,1,0,10.0001,929256,3193,0,0,0,0,inf,inf,0,0,0.00422258,0,19213,3191,0.16619,0,0,0,1,0,0,0,0,0
1,bookshelf_thin,41,qpEnvelope,1,0,10.0016,963965,5789,0,0,0,0,inf,inf,0,0,0.0107336,0.0134922,21753,5787,0.266124,0,0,0,0.986154,0.0100127,0.00383301,963965,283639376,953547
1,bookshelf_thin,48,isSafe,1,0,10.0001,1156226,10760,0,0,0,0,inf,inf,0,0,0,0,83689,10758,0.128571,0,0,0,0,0,0,0,0,0
1,bookshelf_thin,48,qpFixed,1,0,10.0013,713865,1574,0,0,0,0,inf,inf,0,0,0.00599175,0,3067,1454,0.513205,0,0,0,1,0,0,713865,210711155,671482
1,bookshelf_thin,48,qpPlain,1,0,10.0007,867759,1850,0,0,0,0,inf,inf,0,0,0.00588184,0,3805,1727,0.486202,0,0,0,1,0,0,867759,297641337,867759
1,bookshelf_thin,48,qpAdaptive,1,0,10.0009,749057,1783,0,0,0,0,inf,inf,0,0,0.00651955,0.0441822,3590,1661,0.496657,0,0,0,0.955565,0.0434574,0.000977231,749057,222039902,739972
1,bookshelf_thin,48,qpFreeGate,1,0,10.0007,894952,1649,0,0,0,0,inf,inf,0,0,0.00282929,0,8317,1647,0.198269,0,0,0,1,0,0,0,0,0
1,bookshelf_thin,48,qpEnvelope,1,0,10.0005,980173,2284,0,0,0,0,inf,inf,0,0,0.00657367,0.00502054,5048,2159,0.452456,0,0,0,0.994937,0.00402481,0.0010386,980173,290711078,976580
1,bookshelf_thin,55,isSafe,1,1,0.0637783,10511,52,24.0166,14,1202,0,0.0015951,0.00249477,0,0,0,0,317,46,0.164038,0,0,0,0,0,0,0,0,0
1,bookshelf_thin,55,qpFixed,1,1,0.0149925,1561,10,12.018,1019,1019,0,0.000279473,0.00249477,0,0,0.00954292,0,5,3,2,0,0,0,1,0,0,1561,383577,1201
1,bookshelf_thin,55,qpPlain,1,1,0.0159335,1561,10,12.018,1019,1019,0,0.000279473,0.00249477,0,0,0.00954292,0,5,3,2,0,0,0,1,0,0,1561,535423,1561
1,bookshelf_thin,55,qpAdaptive,1,1,0.0128157,1242,10,12.0219,947,947,0,0.000279474,0.00249477,0,0,0.0119968,0.0861514,5,3,2,0,0,0,0.913043,0.0853462,0.00161031,1242,310488,1071
1,bookshelf_thin,55,qpFreeGate,1,1,0.0146963,1777,10,7.74124,668,668,0,0.00444295,0.00249477,0,0,0.00781374,0,12,6,0.833333,0,0,0,1,0,0,0,0,0
1,bookshelf_thin,55,qpEnvelope,1,1,0.0105771,1011,10,12.0433,889,889,0,0.00026658,0.00249477,0,0,0.0147313,0.0474777,5,3,2,0,0,0,0.951533,0.0454995,0.00296736,1011,253727,850
1,bookshelf_thin,62,isSafe,1,0,10.007,2,1,0,0,0,0,inf,inf,0,0,0,0,0,0,0,0,0,0,0,0,0,0,0,0
1,bookshelf_thin,62,qpFixed,1,0,10.001,965019,1959,0,0,0,0,inf,inf,0,0,0.00576073,0,4408,1848,0.444419,0,0,0,1,0,0,965019,288498476,917206
1,bookshelf_thin,62,qpPlain,1,0,10.0002,975688,1977,0,0,0,0,inf,inf,0,0,0.00575501,0,4460,1866,0.443274,0,0,0,1,0,0,975688,334660984,975688
1,bookshelf_thin,62,qpAdaptive,1,0,10.0011,949691,2104,0,0,0,0,inf,inf,0,0,0.00632189,0.0511293,4806,1989,0.437786,0,0,0,0.948618,0.0503851,0.000997172,949691,285343996,938719
1,bookshelf_thin,62,qpFreeGate,1,0,10.0003,1184820,4005,0,0,0,0,inf,inf,0,0,0.0040038,0,24909,4003,0.160785,0,0,0,1,0,0,0,0,0
1,bookshelf_thin,62,qpEnvelope,1,0,10.0012,779890,1843,0,0,0,0,inf,inf,0,0,0.00671653,0.00648809,4085,1734,0.451163,0,0,0,0.993464,0.00550976,0.00102579,779890,233927545,777119
1,bookshelf_thin,69,isSafe,1,0,10.0068,2,1,0,0,0,0,inf,inf,0,0,0,0,0,0,0,0,0,0,0,0,0,0,0,0
1,bookshelf_thin,69,qpFixed,1,0,10.0031,814796,3634,0,0,0,0,inf,inf,0,0,0.00809104,0,13049,3632,0.278489,0,0,0,1,0,0,814796,240543000,696532
1,bookshelf_thin,69,qpPlain,1,0,10.0001,748522,3363,0,0,0,0,inf,inf,0,0,0.00816716,0,11951,3361,0.281399,0,0,0,1,0,0,748522,256743046,748522
1,bookshelf_thin,69,qpAdaptive,1,0,10.0003,897809,4994,0,0,0,0,inf,inf,0,0,0.00991783,0.104988,18577,4992,0.268827,0,0,0,0.892531,0.103979,0.00348944,897809,267915883,870236
1,bookshelf_thin,69,qpFreeGate,1,0,10.0005,739424,2438,0,0,0,0,inf,inf,0,0,0.00421054,0,14783,2436,0.164919,0,0,0,1,0,0,0,0,0
1,bookshelf_thin,69,qpEnvelope,1,0,10,801211,4918,0,0,0,0,inf,inf,0,0,0.0110042,0.0167247,18299,4916,0.268758,0,0,0,0.982844,0.0132148,0.00394082,801211,238674577,792958
1,bookshelf_thin,77,isSafe,1,0,10.004,2,1,0,0,0,0,inf,inf,0,0,0,0,0,0,0,0,0,0,0,0,0,0,0,0
1,bookshelf_thin,77,qpFixed,1,0,10.0007,1016144,4606,0,0,0,0,inf,inf,0,0,0.00801791,0,16583,4604,0.277754,0,0,0,1,0,0,1016144,297739959,858650
1,bookshelf_thin,77,qpPlain,1,0,10.0007,952927,4341,0,0,0,0,inf,inf,0,0,0.00807323,0,15509,4339,0.279902,0,0,0,1,0,0,952927,326853961,952927
1,bookshelf_thin,77,qpAdaptive,1,0,10.0013,782636,4592,0,0,0,0,inf,inf,0,0,0.0104051,0.109962,16549,4590,0.277479,0,0,0,0.887466,0.108833,0.00370112,782636,231588855,755896
1,bookshelf_thin,77,qpFreeGate,1,0,10.0007,1163268,4073,0,0,0,0,inf,inf,0,0,0.00417897,0,24259,4071,0.167896,0,0,0,1,0,0,0,0,0
1,bookshelf_thin,77,qpEnvelope,1,0,10.0005,798751,5038,0,0,0,0,inf,inf,0,0,0.0112263,0.0146466,18449,5036,0.273077,0,0,0,0.984956,0.0109881,0.00405615,798751,235779212,790354
1,bookshelf_thin,84,isSafe,1,1,0.0133556,2155,12,11.7797,7,590,0,0.00467165,0.00249477,0,0,0,0,40,9,0.3,0,0,0,0,0,0,0,0,0
1,bookshelf_thin,84,qpFixed,1,1,0.00454986,557,6,5.86405,558,558,0,0.00625856,0.00249477,0,0,0.0105279,0,1,1,6,0,0,0,1,0,0,557,123822,85
1,bookshelf_thin,84,qpPlain,1,1,0.00511647,557,6,5.86405,558,558,0,0.00625856,0.00249477,0,0,0.0105279,0,1,1,6,0,0,0,1,0,0,557,191051,557
1,bookshelf_thin,84,qpAdaptive,1,1,0.000934569,97,6,5.86855,341,341,0,0.00625856,0.00249477,0,0,0.0605006,0.71134,1,1,6,0,0,0,0.28866,0.670103,0.0412371,97,22758,63
1,bookshelf_thin,84,qpFreeGate,1,1,0.0547808,6662,18,9.24063,834,834,0,0.00602759,0.00249477,0,0,0.00469151,0,54,15,0.333333,0,0,0,1,0,0,0,0,0
1,bookshelf_thin,84,qpEnvelope,1,1,0.000358076,27,6,5.86708,307,307,0,0.00625856,0.00249477,0,0,0.217299,1,1,1,6,0,0,0,0,0.851852,0.148148,27,6385,13
1,bookshelf_thin,91,isSafe,1,1,0.0131476,2118,13,14.3731,9,720,0,0.00183683,0.00249477,0,0,0,0,31,9,0.419355,0,0,0,0,0,0,0,0,0
1,bookshelf_thin,91,qpFixed,1,1,0.00620148,699,8,9.57619,700,700,0,0.000579382,0.00249477,0,0,0.0136998,0,1,1,8,0,0,0,1,0,0,699,163464,403
1,bookshelf_thin,91,qpPlain,1,1,0.00668184,699,8,9.57619,700,700,0,0.000579382,0.00249477,0,0,0.0136998,0,1,1,8,0,0,0,1,0,0,699,239757,699
1,bookshelf_thin,91,qpAdaptive,1,1,0.00337253,340,8,9.58023,623,623,0,0.000579382,0.00249477,0,0,0.0281772,0.429412,1,1,8,0,0,0,0.561765,0.420588,0.0176471,340,85405,314
1,bookshelf_thin,91,qpFreeGate,1,1,0.0607061,7313,37,18.7444,1485,1485,0,0.00558074,0.00249477,0,0,0.00545691,0,56,22,0.660714,0,0,0,1,0,0,0,0,0
1,bookshelf_thin,91,qpEnvelope,1,1,0.00218971,205,8,9.64913,576,576,0,0.000578026,0.00249477,0,0,0.0470689,0.385366,1,1,8,0,0,0,0.609756,0.360976,0.0292683,205,52074,187
1,bookshelf_thin,98,isSafe,1,1,0.0150248,2459,14,9.50988,6,477,0,0.00221224,0.00249477,0,0,0,0,48,10,0.291667,0,0,0,0,0,0,0,0,0
1,bookshelf_thin,98,qpFixed,1,1,0.0110005,1121,15,9.83114,855,855,0,8.67235e-05,0.00249477,0,0,0.0105354,0,2,2,7.5,0,0,0,1,0,0,1121,292601,957
1,bookshelf_thin,98,qpPlain,1,1,0.0114551,1121,15,9.83114,855,855,0,8.67235e-05,0.00249477,0,0,0.0105354,0,2,2,7.5,0,0,0,1,0,0,1121,384503,1121
1,bookshelf_thin,98,qpAdaptive,1,1,0.00817701,776,15,9.83556,743,743,0,8.67235e-05,0.00249477,0,0,0.015225,0.118557,2,2,7.5,0,0,0,0.877577,0.109536,0.0128866,776,200427,758
1,bookshelf_thin,98,qpFreeGate,1,1,0.14695,17815,48,15.8124,1475,1475,0,0.00323307,0.00249477,0,0,0.00466551,0,113,36,0.424779,0,0,0,1,0,0,0,0,0
1,bookshelf_thin,98,qpEnvelope,1,1,0.0220201,2014,22,13.9864,944,944,0,8.40889e-05,0.00249477,0,0,0.0188582,0.131579,14,11,1.57143,0,0,0,0.867428,0.124628,0.00794439,2014,496443,1994
1,table_under_pick,5,isSafe,1,0,10.0002,2118970,22091,0,0,0,0,inf,inf,0,0,0,0,198866,22089,0.111085,0,0,0,0,0,0,0,0,0
1,table_under_pick,5,qpFixed,1,0,10.0008,1281793,2484,0,0,0,0,inf,inf,0,0,0.00555161,0,5924,2371,0.419311,0,0,0,1,0,0,1281793,383447494,1224628
1,table_under_pick,5,qpPlain,1,0,10.0014,1019123,2033,0,0,0,0,inf,inf,0,0,0.00565825,0,4615,1920,0.44052,0,0,0,1,0,0,1019123,349559189,1019123
1,table_under_pick,5,qpAdaptive,1,0,10.0021,1141967,2446,0,0,0,0,inf,inf,0,0,0.00613075,0.0515558,5814,2332,0.420709,0,0,0,0.948201,0.0508211,0.000978137,1141967,342952958,1130791
1,table_under_pick,5,qpFreeGate,1,0,10.0005,1641294,2807,0,0,0,0,inf,inf,0,0,0.00243286,0,15425,2804,0.181977,0,0,0,1,0,0,0,0,0
1,table_under_pick,5,qpEnvelope,1,0,10.0035,974235,2208,0,0,0,0,inf,inf,0,0,0.0064688,0.00760289,5110,2090,0.432094,0,0,0,0.992357,0.00661853,0.00102439,974235,292313114,970851
1,table_under_pick,12,isSafe,1,0,1.4096e-05,1,0,0,0,0,0,inf,inf,0,0,0,0,0,0,0,0,0,0,0,0,0,0,0,0
1,table_under_pick,12,qpFixed,1,0,10.0013,1199147,5396,0,0,0,0,inf,inf,0,0,0.00785062,0,19664,5394,0.27441,0,0,0,1,0,0,1199147,352952723,1027749
1,table_under_pick,12,qpPlain,1,0,10,1154964,5193,0,0,0,0,inf,inf,0,0,0.00787298,0,18890,5191,0.274907,0,0,0,1,0,0,1154964,396152652,1154964
1,table_under_pick,12,qpAdaptive,1,0,10.0002,967965,5601,0,0,0,0,inf,inf,0,0,0.0100754,0.113269,20474,5599,0.273566,0,0,0,0.884116,0.112246,0.00363817,967965,287318176,933931
1,table_under_pick,12,qpFreeGate,1,0,10.0006,1631255,5417,0,0,0,0,inf,inf,0,0,0.00379439,0,34502,5415,0.157005,0,0,0,1,0,0,0,0,0
1,table_under_pick,12,qpEnvelope,1,0,10.0011,1152179,6981,0,0,0,0,inf,inf,0,0,0.010587,0.016402,26598,6979,0.262463,0,0,0,0.983188,0.0128421,0.00397032,1152179,341712023,1138291
1,table_under_pick,19,isSafe,1,0,10,1896166,19340,0,0,0,0,inf,inf,0,0,0,0,158207,19338,0.122245,0,0,0,0,0,0,0,0,0
1,table_under_pick,19,qpFixed,1,0,10.0042,986175,2003,0,0,0,0,inf,inf,0,0,0.00578903,0,4390,1888,0.456264,0,0,0,1,0,0,986175,293344115,935884
1,table_under_pick,19,qpPlain,1,0,10.002,1011155,2048,0,0,0,0,inf,inf,0,0,0.00577603,0,4508,1933,0.454303,0,0,0,1,0,0,1011155,346826165,1011155
1,table_under_pick,19,qpAdaptive,1,0,10.0029,1168492,2523,0,0,0,0,inf,inf,0,0,0.00619473,0.0450504,5842,2406,0.431873,0,0,0,0.954725,0.044346,0.000928547,1168492,348995223,1155182
1,table_under_pick,19,qpFreeGate,1,0,10.0004,1096748,1983,0,0,0,0,inf,inf,0,0,0.00269986,0,10490,1980,0.189037,0,0,0,1,0,0,0,0,0
1,table_under_pick,19,qpEnvelope,1,0,10.0013,1010519,2288,0,0,0,0,inf,inf,0,0,0.0065174,0.00473717,5203,2172,0.439746,0,0,0,0.995239,0.00380696,0.000953966,1010519,301543652,1007072
1,table_under_pick,26,isSafe,1,1,0.00884435,2491,14,11.8654,7,595,0,0.0070318,0.00249477,0,0,0,0,57,10,0.245614,0,0,0,0,0,0,0,0,0
1,table_under_pick,26,qpFixed,1,1,0.0148642,2097,14,13.6239,1196,1196,0,0.000690339,0.00249477,0,0,0.00998287,0,5,5,2.8,0,0,0,1,0,0,2097,585065,1605
1,table_under_pick,26,qpPlain,1,1,0.0153397,2097,14,13.6239,1196,1196,0,0.000690339,0.00249477,0,0,0.00998287,0,5,5,2.8,0,0,0,1,0,0,2097,719271,2097
1,table_under_pick,26,qpAdaptive,1,1,0.0092209,1185,14,13.6478,927,927,0,0.000619426,0.00249477,0,0,0.0176978,0.264979,5,5,2.8,0,0,0,0.733333,0.259916,0.00675105,1185,331249,1145
1,table_under_pick,26,qpFreeGate,1,1,0.055452,9219,23,14.9787,1395,1395,0,0.00187459,0.00249477,0,0,0.00371258,0,57,17,0.403509,0,0,0,1,0,0,0,0,0
1,table_under_pick,26,qpEnvelope,1,1,0.00765347,931,14,13.6577,867,867,0,0.000263078,0.00249477,0,0,0.0225314,0.16971,5,5,2.8,0,0,0,0.83029,0.158969,0.0107411,931,260418,913
1,table_under_pick,33,isSafe,1,1,0.0108289,2867,16,9.50727,6,477,1,-1.0203e-05,0.00249477,0,0,0,0,40,13,0.4,0,0,0,0,0,0,0,0,0
1,table_under_pick,33,qpFixed,1,1,0.00848977,1155,10,9.56009,899,899,0,9.2424e-05,0.00249477,0,0,0.00976976,0,3,2,3.33333,0,0,0,1,0,0,1155,345428,898
1,table_under_pick,33,qpPlain,1,1,0.00862254,1155,10,9.56009,899,899,0,9.2424e-05,0.00249477,0,0,0.00976976,0,3,2,3.33333,0,0,0,1,0,0,1155,396165,1155
1,table_under_pick,33,qpAdaptive,1,1,0.00671596,829,10,9.56685,740,740,0,9.23431e-05,0.00249477,0,0,0.0136198,0.183353,3,2,3.33333,0,0,0,0.814234,0.179735,0.00603136,829,244399,796
1,table_under_pick,33,qpFreeGate,1,1,0.10488,17628,41,21.3572,2219,2219,0,0.00494823,0.00249477,0,0,0.00333379,0,133,34,0.308271,0,0,0,1,0,0,0,0,0
1,table_under_pick,33,qpEnvelope,1,1,0.00502998,587,10,9.60491,649,649,0,8.42391e-05,0.00249477,0,0,0.0192918,0.136286,3,2,3.33333,0,0,0,0.860307,0.129472,0.0102215,587,173186,574
1,table_under_pick,40,isSafe,1,0,1.1176e-05,1,0,0,0,0,0,inf,inf,0,0,0,0,0,0,0,0,0,0,0,0,0,0,0,0
1,table_under_pick,40,qpFixed,1,0,10.0005,1374511,5995,0,0,0,0,inf,inf,0,0,0.00767445,0,22516,5993,0.266255,0,0,0,1,0,0,1374511,405673462,1185416
1,table_under_pick,40,qpPlain,1,0,10.0003,1205180,5312,0,0,0,0,inf,inf,0,0,0.00779123,0,19664,5310,0.270138,0,0,0,1,0,0,1205180,413376740,1205180
1,table_under_pick,40,qpAdaptive,1,0,10.0003,961406,5376,0,0,0,0,inf,inf,0,0,0.0098986,0.103109,19930,5374,0.269744,0,0,0,0.894448,0.102073,0.00347862,961406,285939054,928486
1,table_under_pick,40,qpFreeGate,1,0,10.0003,1649606,5508,0,0,0,0,inf,inf,0,0,0.00381956,0,35172,5506,0.156602,0,0,0,1,0,0,0,0,0
1,table_under_pick,40,qpEnvelope,1,0,10,1140764,6826,0,0,0,0,inf,inf,0,0,0.010487,0.0146323,25986,6824,0.26268,0,0,0,0.984973,0.0111335,0.00389315,1140764,338554054,1126861
1,table_under_pick,47,isSafe,1,1,0.00836361,2348,14,16.0488,10,804,0,0.00044612,0.00249477,0,0,0,0,72,10,0.194444,0,0,0,0,0,0,0,0,0
1,table_under_pick,47,qpFixed,1,1,0.0246237,3413,23,10.4842,902,902,84,-0.0040534,0.00249477,0,0,0.010385,0,12,11,1.91667,0,0,0,1,0,0,3413,932892,3035
1,table_under_pick,47,qpPlain,1,1,0.0254963,3413,23,10.4842,902,902,84,-0.0040534,0.00249477,0,0,0.010385,0,12,11,1.91667,0,0,0,1,0,0,3413,1170659,3413
1,table_under_pick,47,qpAdaptive,1,1,0.0163789,2097,23,10.4873,783,783,84,-0.00404833,0.00249477,0,0,0.0169154,0.351931,12,11,1.91667,0,0,0,0.644254,0.347163,0.00858369,2097,576996,2018
1,table_under_pick,47,qpFreeGate,1,1,0.0837037,11482,26,16.0395,1270,1270,0,0.00710924,0.00249477,0,0,0.00320097,0,97,20,0.268041,0,0,0,1,0,0,0,0,0
1,table_under_pick,47,qpEnvelope,1,1,0.00984618,1144,22,10.4642,663,663,95,-0.0039573,0.00249477,0,0,0.0302762,0.259615,12,11,1.83333,0,0,0,0.737762,0.243881,0.0183566,1144,313757,1120
1,table_under_pick,54,isSafe,1,1,0.0163851,2069,12,12.3568,8,619,0,0.00373308,0.00249477,0,0,0,0,29,7,0.413793,0,0,0,0,0,0,0,0,0
1,table_under_pick,54,qpFixed,1,1,0.0160256,1071,12,11.3065,789,789,0,0.00396539,0.00249477,0,0,0.0133176,0,2,2,6,0,0,0,1,0,0,1071,282382,555
1,table_under_pick,54,qpPlain,1,1,0.0165296,1071,12,11.3065,789,789,0,0.00396539,0.00249477,0,0,0.0133176,0,2,2,6,0,0,0,1,0,0,1071,367353,1071
1,table_under_pick,54,qpAdaptive,1,1,0.00516268,283,12,11.3217,641,641,0,0.00277467,0.00249477,0,0,0.0504906,0.685512,2,2,6,0,0,0,0.300353,0.667845,0.0318021,283,82407,227
1,table_under_pick,54,qpFreeGate,1,1,0.0429699,3702,10,10.1328,1069,1069,0,0.00189933,0.00249477,0,0,0.00319595,0,27,4,0.37037,0,0,0,1,0,0,0,0,0
1,table_under_pick,54,qpEnvelope,1,1,0.00147063,165,12,11.3578,616,616,0,0.000536522,0.00249477,0,0,0.0866629,0.569697,2,2,6,0,0,0,0.418182,0.533333,0.0484848,165,48644,142
1,table_under_pick,61,isSafe,1,0,1.1508e-05,1,0,0,0,0,0,inf,inf,0,0,0,0,0,0,0,0,0,0,0,0,0,0,0,0
1,table_under_pick,61,qpFixed,1,0,10.0016,1173552,5136,0,0,0,0,inf,inf,0,0,0.00781914,0,19074,5134,0.269267,0,0,0,1,0,0,1173552,344801797,1012486
1,table_under_pick,61,qpPlain,1,0,10.0002,1338850,5806,0,0,0,0,inf,inf,0,0,0.00772512,0,21866,5804,0.265526,0,0,0,1,0,0,1338850,459225550,1338850
1,table_under_pick,61,qpAdaptive,1,0,10.0011,1180235,6369,0,0,0,0,inf,inf,0,0,0.00958256,0.0984058,24292,6367,0.262185,0,0,0,0.899249,0.0973625,0.00338808,1180235,349013458,1143108
1,table_under_pick,61,qpFreeGate,1,0,10.0005,1379749,4638,0,0,0,0,inf,inf,0,0,0.00390952,0,29714,4636,0.156088,0,0,0,1,0,0,0,0,0
1,table_under_pick,61,qpEnvelope,1,0,10.0011,1112660,6514,0,0,0,0,inf,inf,0,0,0.0104433,0.0143,24970,6512,0.260873,0,0,0,0.985336,0.0108745,0.0037891,1112660,328284562,1099167
1,table_under_pick,69,isSafe,1,1,0.00829343,2200,13,12.8845,8,646,0,0.00119992,0.00249477,0,0,0,0,37,9,0.351351,0,0,0,0,0,0,0,0,0
1,table_under_pick,69,qpFixed,1,1,0.022631,3129,22,19.2908,1591,1591,0,0.00150049,0.00249477,0,0,0.0110097,0,10,10,2.2,0,0,0,1,0,0,3129,900313,2645
1,table_under_pick,69,qpPlain,1,1,0.0231327,3129,22,19.2908,1591,1591,0,0.00150049,0.00249477,0,0,0.0110097,0,10,10,2.2,0,0,0,1,0,0,3129,1073247,3129
1,table_under_pick,69,qpAdaptive,1,1,0.0140888,1799,22,19.3062,1301,1301,0,0.00135188,0.00249477,0,0,0.0191753,0.401334,10,10,2.2,0,0,0,0.596442,0.39522,0.00833797,1799,518746,1651
1,table_under_pick,69,qpFreeGate,1,1,0.0402656,6812,27,11.6696,1302,1302,0,0.00123113,0.00249477,0,0,0.0043199,0,35,15,0.771429,0,0,0,1,0,0,0,0,0
1,table_under_pick,69,qpEnvelope,1,1,0.00742149,849,20,19.4318,1137,1137,0,0.00104717,0.00249477,0,0,0.0377573,0.355713,10,9,2,0,0,0,0.641932,0.336867,0.0212014,849,241584,804
1,table_under_pick,76,isSafe,1,0,1.2872e-05,1,0,0,0,0,0,inf,inf,0,0,0,0,0,0,0,0,0,0,0,0,0,0,0,0
1,table_under_pick,76,qpFixed,1,0,10.0002,1079589,4758,0,0,0,0,inf,inf,0,0,0.0078916,0,17496,4756,0.271948,0,0,0,1,0,0,1079589,318248066,933181
1,table_under_pick,76,qpPlain,1,0,10.0012,1373321,5913,0,0,0,0,inf,inf,0,0,0.00766413,0,22456,5911,0.263315,0,0,0,1,0,0,1373321,471049103,1373321
1,table_under_pick,76,qpAdaptive,1,0,10.0002,908718,4994,0,0,0,0,inf,inf,0,0,0.00985889,0.0990197,18556,4992,0.269131,0,0,0,0.898674,0.0980238,0.0033026,908718,270169441,879428
1,table_under_pick,76,qpFreeGate,1,0,10.0023,1214294,4005,0,0,0,0,inf,inf,0,0,0.00393614,0,25820,4003,0.155112,0,0,0,1,0,0,0,0,0
1,table_under_pick,76,qpEnvelope,1,0,10.0013,1151833,6673,0,0,0,0,inf,inf,0,0,0.0102628,0.0135827,25644,6671,0.260217,0,0,0,0.986047,0.0102513,0.00370119,1151833,341334029,1138900
1,table_under_pick,83,isSafe,1,0,10.0002,2123146,22199,0,0,0,0,inf,inf,0,0,0,0,181937,22197,0.122015,0,0,0,0,0,0,0,0,0
1,table_under_pick,83,qpFixed,1,0,10.0028,1008062,2035,0,0,0,0,inf,inf,0,0,0.005769,0,4541,1920,0.448139,0,0,0,1,0,0,1008062,299673202,952127
1,table_under_pick,83,qpPlain,1,0,10.0003,1162413,2318,0,0,0,0,inf,inf,0,0,0.0056965,0,5279,2203,0.439098,0,0,0,1,0,0,1162413,398707659,1162413
1,table_under_pick,83,qpAdaptive,1,0,10.0009,1225100,2684,0,0,0,0,inf,inf,0,0,0.00624314,0.057508,6269,2562,0.428138,0,0,0,0.94224,0.056705,0.00105543,1225100,365791747,1210233
1,table_under_pick,83,qpFreeGate,1,0,10.0005,1484693,2607,0,0,0,0,inf,inf,0,0,0.00259444,0,13341,2601,0.195413,0,0,0,1,0,0,0,0,0
1,table_under_pick,83,qpEnvelope,1,0,10.0014,987581,2297,0,0,0,0,inf,inf,0,0,0.00663284,0.00582737,5191,2178,0.442497,0,0,0,0.99414,0.0047905,0.00106928,987581,294439814,983884
1,table_under_pick,90,isSafe,1,1,0.0141143,3973,21,12.8359,8,643,0,8.08049e-05,0.00249477,0,0,0,0,138,17,0.152174,0,0,0,0,0,0,0,0,0
1,table_under_pick,90,qpFixed,1,1,0.0498853,6715,41,24.4665,2078,2078,0,0.000105323,0.00249477,0,0,0.00940154,0,22,20,1.86364,0,0,0,1,0,0,6715,1943862,6442
1,table_under_pick,90,qpPlain,1,1,0.0504351,6715,41,24.4665,2078,2078,0,0.000105323,0.00249477,0,0,0.00940154,0,22,20,1.86364,0,0,0,1,0,0,6715,2303245,6715
1,table_under_pick,90,qpAdaptive,1,1,0.0415598,5248,41,24.4843,1958,1958,0,7.83116e-05,0.00249477,0,0,0.0120433,0.208079,22,20,1.86364,0,0,0,0.790968,0.206174,0.00285823,5248,1532810,5149
1,table_under_pick,90,qpFreeGate,1,1,0.139011,23315,48,16.4396,1586,1586,0,0.00316762,0.00249477,0,0,0.0031602,0,188,37,0.255319,0,0,0,1,0,0,0,0,0
1,table_under_pick,90,qpEnvelope,1,1,0.033174,3964,41,24.5613,1867,1867,0,4.00204e-05,0.00249477,0,0,0.0160131,0.21443,22,20,1.86364,0,0,0,0.785066,0.209132,0.00580222,3964,1164346,3940
1,table_under_pick,97,isSafe,1,0,1.2163e-05,1,0,0,0,0,0,inf,inf,0,0,0,0,0,0,0,0,0,0,0,0,0,0,0,0
1,table_under_pick,97,qpFixed,1,0,10.0007,1136267,4902,0,0,0,0,inf,inf,0,0,0.00776555,0,18304,4900,0.26781,0,0,0,1,0,0,1136267,334510906,988424
1,table_under_pick,97,qpPlain,1,0,10.0001,661536,2982,0,0,0,0,inf,inf,0,0,0.00820538,0,10418,2980,0.286235,0,0,0,1,0,0,661536,226906848,661536
1,table_under_pick,97,qpAdaptive,1,0,10.0012,1193362,6400,0,0,0,0,inf,inf,0,0,0.00945959,0.0997836,24434,6398,0.26193,0,0,0,0.897959,0.0987219,0.00331902,1193362,354549777,1157325
1,table_under_pick,97,qpFreeGate,1,0,10.0006,1565878,5152,0,0,0,0,inf,inf,0,0,0.00378132,0,32924,5150,0.156482,0,0,0,1,0,0,0,0,0
1,table_under_pick,97,qpEnvelope,1,0,10.0006,1162517,6736,0,0,0,0,inf,inf,0,0,0.010314,0.0165228,26008,6734,0.258997,0,0,0,0.983041,0.0132248,0.00373389,1162517,343981875,1149457
1,bookshelf_small,4,isSafe,1,0,10.0067,2,1,0,0,0,0,inf,inf,0,0,0,0,0,0,0,0,0,0,0,0,0,0,0,0
1,bookshelf_small,4,qpFixed,1,0,10.0008,1516214,2866,0,0,0,0,inf,inf,0,0,0.00549893,0,7111,2744,0.403038,0,0,0,1,0,0,1516214,454067862,1451375
1,bookshelf_small,4,qpPlain,1,0,10.0007,1559945,2934,0,0,0,0,inf,inf,0,0,0.00548361,0,7331,2812,0.400218,0,0,0,1,0,0,1559945,535061135,1559945
1,bookshelf_small,4,qpAdaptive,1,0,10.0001,1535277,3132,0,0,0,0,inf,inf,0,0,0.00595052,0.0461168,7901,3007,0.396406,0,0,0,0.953636,0.0454362,0.000928174,1535277,460803187,1520403
1,bookshelf_small,4,qpFreeGate,1,0,10.0003,1955538,6292,0,0,0,0,inf,inf,0,0,0.00356773,0,42067,6290,0.149571,0,0,0,1,0,0,0,0,0
1,bookshelf_small,4,qpEnvelope,1,0,10.0027,1271110,2747,0,0,0,0,inf,inf,0,0,0.00630478,0.00564861,6763,2624,0.406181,0,0,0,0.994315,0.00472895,0.00095586,1271110,381023720,1267185
1,bookshelf_small,12,isSafe,1,0,10.0077,2,1,0,0,0,0,inf,inf,0,0,0,0,0,0,0,0,0,0,0,0,0,0,0,0
1,bookshelf_small,12,qpFixed,1,1,0.00767343,704,9,9.75208,644,644,0,0.00322778,0.00249477,0,0,0.015855,0,2,2,4.5,0,0,0,1,0,0,704,174133,347
1,bookshelf_small,12,qpPlain,1,1,0.00707372,704,9,9.75208,644,644,0,0.00322778,0.00249477,0,0,0.015855,0,2,2,4.5,0,0,0,1,0,0,704,241472,704
1,bookshelf_small,12,qpAdaptive,1,1,0.000987983,154,9,9.768,545,545,0,0.00323182,0.00249477,0,0,0.072544,0.62987,2,2,4.5,0,0,0,0.363636,0.584416,0.0519481,154,46225,102
1,bookshelf_small,12,qpFreeGate,1,0,10.0003,1917924,6112,0,0,0,0,inf,inf,0,0,0.00357002,0,41399,6110,0.147636,0,0,0,1,0,0,0,0,0
1,bookshelf_small,12,qpEnvelope,1,1,0.000650083,76,9,9.79788,509,509,0,0.00324076,0.00249477,0,0,0.147618,0.473684,2,2,4.5,0,0,0,0.526316,0.368421,0.105263,76,23320,60
1,bookshelf_small,19,isSafe,1,0,10.0024,2,1,0,0,0,0,inf,inf,0,0,0,0,0,0,0,0,0,0,0,0,0,0,0,0
1,bookshelf_small,19,qpFixed,1,0,10.001,1221807,5400,0,0,0,0,inf,inf,0,0,0.00778464,0,19961,5398,0.270528,0,0,0,1,0,0,1221807,358192354,1059978
1,bookshelf_small,19,qpPlain,1,0,10.0023,1617085,6982,0,0,0,0,inf,inf,0,0,0.00753405,0,26663,6980,0.261861,0,0,0,1,0,0,1617085,554660155,1617085
1,bookshelf_small,19,qpAdaptive,1,0,10.0006,1214185,6640,0,0,0,0,inf,inf,0,0,0.00957139,0.104652,25211,6638,0.263377,0,0,0,0.892873,0.103687,0.00344033,1214185,357946413,1176505
1,bookshelf_small,19,qpFreeGate,1,0,10.0003,1875539,6306,0,0,0,0,inf,inf,0,0,0.0037122,0,40231,6304,0.156745,0,0,0,1,0,0,0,0,0
1,bookshelf_small,19,qpEnvelope,1,0,10.0009,1305826,7734,0,0,0,0,inf,inf,0,0,0.0102862,0.0149806,29749,7732,0.259975,0,0,0,0.984604,0.0115312,0.00386528,1305826,384087927,1292826
1,bookshelf_small,27,isSafe,1,1,0.274525,109297,611,13.7544,9,689,0,0.003283,0.0011052,0,0,0,0,6249,607,0.0977756,0,0,0,0,0,0,0,0,0
1,bookshelf_small,27,qpFixed,1,1,0.0155729,2539,21,14.5755,1162,1162,0,0.000776455,0.00249477,0,0,0.0102236,0,7,7,3,0,0,0,1,0,0,2539,746671,1890
1,bookshelf_small,27,qpPlain,1,1,0.0160068,2539,21,14.5755,1162,1162,0,0.000776455,0.00249477,0,0,0.0102236,0,7,7,3,0,0,0,1,0,0,2539,870877,2539
1,bookshelf_small,27,qpAdaptive,1,1,0.00947257,1327,23,14.5831,982,982,0,0.000767602,0.00249477,0,0,0.0195944,0.285607,7,7,3.28571,0,0,0,0.712133,0.275057,0.0128109,1327,406786,1228
1,bookshelf_small,27,qpFreeGate,1,1,0.44764,91195,167,10.8176,873,873,0,0.00228176,0.00249477,0,0,0.00323932,0,776,158,0.215206,0,0,0,1,0,0,0,0,0
1,bookshelf_small,27,qpEnvelope,1,1,0.0166796,2271,39,18.5988,1065,1065,0,0.000682351,0.00249477,0,0,0.0228925,0.108763,16,15,2.4375,0,0,0,0.887274,0.098635,0.0140907,2271,672804,2092
1,bookshelf_small,35,isSafe,1,1,0.0346985,14019,69,12.1959,8,611,0,0.00338057,0.00249477,0,0,0,0,532,65,0.129699,0,0,0,0,0,0,0,0,0
1,bookshelf_small,35,qpFixed,1,1,0.0592802,9321,52,15.5577,1209,1209,0,0.00252501,0.00249477,0,0,0.00883867,0,36,25,1.44444,0,0,0,1,0,0,9321,2604265,8252
1,bookshelf_small,35,qpPlain,1,1,0.0615845,9321,52,15.5577,1209,1209,0,0.00252501,0.00249477,0,0,0.00883867,0,36,25,1.44444,0,0,0,1,0,0,9321,3197103,9321
1,bookshelf_small,35,qpAdaptive,1,1,0.0495582,7021,51,15.5586,944,944,0,0.00255798,0.00249477,0,0,0.011757,0.147415,36,25,1.41667,0,0,0,0.850876,0.145136,0.00398804,7021,1993535,6930
1,bookshelf_small,35,qpFreeGate,1,1,0.147837,30494,52,12.7905,1259,1259,0,0.00322903,0.00249477,0,0,0.00295516,0,219,43,0.237443,0,0,0,1,0,0,0,0,0
1,bookshelf_small,35,qpEnvelope,1,1,0.0424883,5769,51,13.8666,758,758,0,0.00166706,0.00249477,0,0,0.0144504,0.0802565,36,25,1.41667,0,0,0,0.919743,0.0747097,0.00554689,5769,1625044,5717
1,bookshelf_small,42,isSafe,1,0,10.0099,2,1,0,0,0,0,inf,inf,0,0,0,0,0,0,0,0,0,0,0,0,0,0,0,0
1,bookshelf_small,42,qpFixed,1,0,10.0009,1489692,6172,0,0,0,0,inf,inf,0,0,0.00736876,0,24487,6170,0.252052,0,0,0,1,0,0,1489692,442849450,1328867
1,bookshelf_small,42,qpPlain,1,0,10.0003,1581952,6538,0,0,0,0,inf,inf,0,0,0.00732605,0,26075,6536,0.250738,0,0,0,1,0,0,1581952,542609536,1581952
1,bookshelf_small,42,qpAdaptive,1,0,10.0002,1429285,7379,0,0,0,0,inf,inf,0,0,0.00910142,0.117313,29837,7377,0.24731,0,0,0,0.879988,0.116533,0.00347977,1429285,428329338,1394825
1,bookshelf_small,42,qpFreeGate,1,0,10.0001,1976384,5895,0,0,0,0,inf,inf,0,0,0.00335544,0,42699,5893,0.138059,0,0,0,1,0,0,0,0,0
1,bookshelf_small,42,qpEnvelope,1,0,10.0001,1444536,8195,0,0,0,0,inf,inf,0,0,0.00999716,0.029894,33553,8193,0.24424,0,0,0,0.969322,0.0265785,0.00409984,1444536,431625432,1431295
1,bookshelf_small,49,isSafe,1,1,0.234224,93452,528,12.9973,9,651,0,0.00314443,0.00249477,0,0,0,0,5883,523,0.0897501,0,0,0,0,0,0,0,0,0
1,bookshelf_small,49,qpFixed,1,1,0.00355213,671,7,9.29799,672,672,0,0.00360221,0.00249477,0,0,0.0138569,0,1,1,7,0,0,0,1,0,0,671,190242,188
1,bookshelf_small,49,qpPlain,1,1,0.00384769,671,7,9.29799,672,672,0,0.00360221,0.00249477,0,0,0.0138569,0,1,1,7,0,0,0,1,0,0,671,230153,671
1,bookshelf_small,49,qpAdaptive,1,1,0.00131683,199,7,9.29811,540,540,0,0.00360221,0.00249477,0,0,0.0467242,0.603015,1,1,7,0,0,0,0.396985,0.582915,0.0201005,199,63448,160
1,bookshelf_small,49,qpFreeGate,1,1,0.0889829,18044,49,11.6064,1272,1272,0,0.00268407,0.00249477,0,0,0.00428054,0,125,39,0.392,0,0,0,1,0,0,0,0,0
1,bookshelf_small,49,qpEnvelope,1,1,0.000556272,53,7,9.30771,491,491,0,0.00360221,0.00249477,0,0,0.175617,0.698113,1,1,7,0,0,0,0.301887,0.603774,0.0943396,53,16666,39
1,bookshelf_small,56,isSafe,1,0,10.0099,2,1,0,0,0,0,inf,inf,0,0,0,0,0,0,0,0,0,0,0,0,0,0,0,0
1,bookshelf_small,56,qpFixed,1,0,10.0006,1650845,7055,0,0,0,0,inf,inf,0,0,0.00750685,0,27179,7053,0.259575,0,0,0,1,0,0,1650845,486796928,1448732
1,bookshelf_small,56,qpPlain,1,0,10.0003,1597294,6830,0,0,0,0,inf,inf,0,0,0.00752848,0,26249,6828,0.2602,0,0,0,1,0,0,1597294,547871842,1597294
1,bookshelf_small,56,qpAdaptive,1,0,10.0002,1509278,8031,0,0,0,0,inf,inf,0,0,0.00924188,0.104038,31229,8029,0.257165,0,0,0,0.893534,0.103093,0.00337297,1509278,448099316,1464678
1,bookshelf_small,56,qpFreeGate,1,0,10.0003,2013763,6665,0,0,0,0,inf,inf,0,0,0.00366564,0,43473,6663,0.153314,0,0,0,1,0,0,0,0,0
1,bookshelf_small,56,qpEnvelope,1,0,10.0006,1458832,8432,0,0,0,0,inf,inf,0,0,0.0100771,0.0154555,33027,8430,0.255306,0,0,0,0.984145,0.0120226,0.00383294,1458832,432090159,1444565
1,bookshelf_small,63,isSafe,1,1,0.00374237,1511,10,12.0473,8,604,0,0.00428567,0.00249477,0,0,0,0,19,6,0.526316,0,0,0,0,0,0,0,0,0
1,bookshelf_small,63,qpFixed,1,1,0.00159951,322,5,5.66489,323,323,0,0.00428567,0.00249477,0,0,0.0175928,0,1,1,5,0,0,0,1,0,0,322,76203,85
1,bookshelf_small,63,qpPlain,1,1,0.00183319,322,5,5.66489,323,323,0,0.00428567,0.00249477,0,0,0.0175928,0,1,1,5,0,0,0,1,0,0,322,110446,322
1,bookshelf_small,63,qpAdaptive,1,1,0.000390439,68,5,5.70137,318,318,0,0.00428567,0.00249477,0,0,0.0838437,0.779412,1,1,5,0,0,0,0.205882,0.75,0.0441176,68,16575,37
1,bookshelf_small,63,qpFreeGate,1,1,0.0146106,3047,12,12.7602,976,976,0,0.00428567,0.00249477,0,0,0.00584283,0,19,8,0.631579,0,0,0,1,0,0,0,0,0
1,bookshelf_small,63,qpEnvelope,1,1,0.000220257,20,5,5.7164,295,295,0,0.00428567,0.00249477,0,0,0.28582,0.9,1,1,5,0,0,0,0.1,0.75,0.15,20,5183,12
1,bookshelf_small,70,isSafe,1,1,0.0016305,660,6,6.50817,5,327,0,0.00637414,0.00249477,0,0,0,0,5,1,1.2,0,0,0,0,0,0,0,0,0
1,bookshelf_small,70,qpFixed,1,1,0.0121685,2180,23,8.63964,548,548,0,0.00637414,0.00249477,0,0,0.0128312,0,7,7,3.28571,0,0,0,1,0,0,2180,592074,1220
1,bookshelf_small,70,qpPlain,1,1,0.0130935,2180,23,8.63964,548,548,0,0.00637414,0.00249477,0,0,0.0128312,0,7,7,3.28571,0,0,0,1,0,0,2180,747740,2180
1,bookshelf_small,70,qpAdaptive,1,1,0.00459742,704,23,8.64469,495,495,0,0.00637414,0.00249477,0,0,0.0397663,0.711648,7,7,3.28571,0,0,0,0.28267,0.681818,0.0355114,704,204987,534
1,bookshelf_small,70,qpFreeGate,1,1,0.0024448,503,9,5.82266,504,504,0,0.00637414,0.00249477,0,0,0.0115759,0,1,1,9,0,0,0,1,0,0,0,0,0
1,bookshelf_small,70,qpEnvelope,1,1,0.00199138,224,21,8.62485,448,448,0,0.00637414,0.00249477,0,0,0.12533,0.598214,7,7,3,0,0,0,0.397321,0.495536,0.107143,224,67802,175
1,bookshelf_small,77,isSafe,1,1,0.0136832,5548,28,11.5918,7,581,0,0.0080774,0.00249477,0,0,0,0,158,24,0.177215,0,0,0,0,0,0,0,0,0
1,bookshelf_small,77,qpFixed,1,1,0.00401697,732,14,9.22771,663,663,0,0.00843682,0.00249477,0,0,0.014057,0,2,2,7,0,0,0,1,0,0,732,200623,427
1,bookshelf_small,77,qpPlain,1,1,0.00429527,732,14,9.22771,663,663,0,0.00843682,0.00249477,0,0,0.014057,0,2,2,7,0,0,0,1,0,0,732,251076,732
1,bookshelf_small,77,qpAdaptive,1,1,0.00158876,252,13,9.23884,556,556,0,0.00843682,0.00249477,0,0,0.0408516,0.753968,2,2,6.5,0,0,0,0.22619,0.72619,0.047619,252,75521,179
1,bookshelf_small,77,qpFreeGate,1,1,0.0301899,6101,26,11.9403,1340,1340,0,0.00277066,0.00249477,0,0,0.00481254,0,36,13,0.722222,0,0,0,1,0,0,0,0,0
1,bookshelf_small,77,qpEnvelope,1,1,0.000679184,75,12,9.26537,498,498,0,0.00843682,0.00249477,0,0,0.137669,0.733333,2,2,6,0,0,0,0.226667,0.626667,0.146667,75,22675,59
1,bookshelf_small,84,isSafe,1,1,0.00222539,905,7,6.89372,5,346,0,0.000713499,0.00249477,0,0,0,0,3,2,2.33333,0,0,0,0,0,0,0,0,0
1,bookshelf_small,84,qpFixed,1,1,0.00169809,349,5,5.08448,350,350,0,0.00949054,0.00249477,0,0,0.0145687,0,1,1,5,0,0,0,1,0,0,349,86976,40
1,bookshelf_small,84,qpPlain,1,1,0.00194395,349,5,5.08448,350,350,0,0.00949054,0.00249477,0,0,0.0145687,0,1,1,5,0,0,0,1,0,0,349,119707,349
1,bookshelf_small,84,qpAdaptive,1,1,0.000268125,45,5,5.08602,278,278,0,0.00949054,0.00249477,0,0,0.113023,0.8,1,1,5,0,0,0,0.2,0.733333,0.0666667,45,12293,23
1,bookshelf_small,84,qpFreeGate,1,1,0.0134817,2798,11,6.44697,498,498,0,0.00949054,0.00249477,0,0,0.00556531,0,16,7,0.6875,0,0,0,1,0,0,0,0,0
1,bookshelf_small,84,qpEnvelope,1,1,0.000179028,18,5,5.08939,264,264,0,0.00949054,0.00249477,0,0,0.282744,0.944444,1,1,5,0,0,0,0.0555556,0.777778,0.166667,18,4933,9
1,bookshelf_small,92,isSafe,1,1,0.00233388,949,7,9.41143,6,472,0,0.00293213,0.00249477,0,0,0,0,4,3,1.75,0,0,0,0,0,0,0,0,0
1,bookshelf_small,92,qpFixed,1,1,0.00249369,461,6,7.33653,462,462,2,-0.000923527,0.00249477,0,0,0.0159144,0,1,1,6,0,0,0,1,0,0,461,111595,236
1,bookshelf_small,92,qpPlain,1,1,0.00276878,461,6,7.33653,462,462,2,-0.000923527,0.00249477,0,0,0.0159144,0,1,1,6,0,0,0,1,0,0,461,158123,461
1,bookshelf_small,92,qpAdaptive,1,1,0.00170447,267,6,7.33944,439,439,2,-0.000985593,0.00249477,0,0,0.0274886,0.183521,1,1,6,0,0,0,0.816479,0.17603,0.00749064,267,66160,234
1,bookshelf_small,92,qpFreeGate,1,1,0.00628753,1318,10,10.6637,825,825,0,0.00923173,0.00249477,0,0,0.00976148,0,4,4,2.5,0,0,0,1,0,0,0,0,0
1,bookshelf_small,92,qpEnvelope,1,1,0.000977121,140,7,7.36558,405,405,1,-0.000335892,0.00249477,0,0,0.0526113,0.2,1,1,7,0,0,0,0.792857,0.178571,0.0285714,140,35463,126
1,bookshelf_small,99,isSafe,1,1,0.00435382,1771,10,13.7364,8,688,0,0.00549036,0.00249477,0,0,0,0,10,6,1,0,0,0,0,0,0,0,0,0
1,bookshelf_small,99,qpFixed,1,1,0.00277107,579,6,7.20799,580,580,0,0.00781524,0.00249477,0,0,0.012449,0,1,1,6,0,0,0,1,0,0,579,145739,38
1,bookshelf_small,99,qpPlain,1,1,0.00320657,579,6,7.20799,580,580,0,0.00781524,0.00249477,0,0,0.012449,0,1,1,6,0,0,0,1,0,0,579,198597,579
1,bookshelf_small,99,qpAdaptive,1,1,0.000420764,70,6,7.20799,397,397,0,0.00781524,0.00249477,0,0,0.102971,0.7,1,1,6,0,0,0,0.3,0.642857,0.0571429,70,21164,30
1,bookshelf_small,99,qpFreeGate,1,1,0.0124825,2567,13,8.6807,552,552,0,0.00602557,0.00249477,0,0,0.00800588,0,11,7,1.18182,0,0,0,1,0,0,0,0,0
1,bookshelf_small,99,qpEnvelope,1,1,0.00025689,28,6,7.20911,376,376,0,0.00781524,0.00249477,0,0,0.257468,0.821429,1,1,6,0,0,0,0.178571,0.678571,0.142857,28,8292,14
1,box,6,isSafe,1,1,0.0116133,4798,26,12.108,8,607,0,0.0219052,0.00249477,0,0,0,0,92,22,0.282609,0,0,0,0,0,0,0,0,0
1,box,6,qpFixed,1,1,0.00866174,1505,32,11.3057,1037,1037,0,0.000936948,0.00249477,0,0,0.0103355,0,4,4,8,0,0,0,1,0,0,1505,390636,1201
1,box,6,qpPlain,1,1,0.00924263,1505,32,11.3057,1037,1037,0,0.000936948,0.00249477,0,0,0.0103355,0,4,4,8,0,0,0,1,0,0,1505,516215,1505
1,box,6,qpAdaptive,1,1,0.00379212,599,33,11.3242,756,756,0,0.000919059,0.00249477,0,0,0.025998,0.42571,4,4,8.25,0,0,0,0.557596,0.407346,0.0350584,599,156268,557
1,box,6,qpFreeGate,1,1,0.03157,6623,31,14.1138,1491,1491,0,0.0113373,0.00249477,0,0,0.00516636,0,34,17,0.911765,0,0,0,1,0,0,0,0,0
1,box,6,qpEnvelope,1,1,0.00602126,796,36,16.8124,1019,1019,0,0.000702026,0.00249477,0,0,0.0348682,0.30402,8,8,4.5,0,0,0,0.688442,0.280151,0.031407,796,220521,765
1,box,13,isSafe,1,1,0.00477727,1986,12,13.3529,8,669,0,0.016466,0.00249477,0,0,0,0,22,9,0.545455,0,0,0,0,0,0,0,0,0
1,box,13,qpFixed,1,1,0.00226822,416,6,5.6738,417,417,0,0.00294326,0.00249477,0,0,0.013639,0,1,1,6,0,0,0,1,0,0,416,114724,190
1,box,13,qpPlain,1,1,0.00242628,416,6,5.6738,417,417,0,0.00294326,0.00249477,0,0,0.013639,0,1,1,6,0,0,0,1,0,0,416,142688,416
1,box,13,qpAdaptive,1,1,0.0012005,183,6,5.68362,340,340,0,0.00294489,0.00249477,0,0,0.0310581,0.256831,1,1,6,0,0,0,0.743169,0.240437,0.0163934,183,52348,149
1,box,13,qpFreeGate,1,1,0.0152049,3169,16,10.9994,1367,1367,0,0.00537858,0.00249477,0,0,0.00572352,0,17,9,0.941176,0,0,0,1,0,0,0,0,0
1,box,13,qpEnvelope,1,1,0.000781087,97,6,5.72838,321,321,0,0.00303948,0.00249477,0,0,0.0590555,0.381443,1,1,6,0,0,0,0.608247,0.350515,0.0412371,97,28186,82
1,box,20,isSafe,1,1,0.00933602,3857,21,16.3716,10,820,0,0.0168227,0.00249477,0,0,0,0,86,17,0.244186,0,0,0,0,0,0,0,0,0
1,box,20,qpFixed,1,1,0.00276684,541,6,6.85187,542,542,0,0.00220207,0.00249477,0,0,0.0126652,0,1,1,6,0,0,0,1,0,0,541,131151,241
1,box,20,qpPlain,1,1,0.00312939,541,6,6.85187,542,542,0,0.00220207,0.00249477,0,0,0.0126652,0,1,1,6,0,0,0,1,0,0,541,185563,541
1,box,20,qpAdaptive,1,1,0.00088051,147,6,6.85728,408,408,0,0.00194712,0.00249477,0,0,0.0466482,0.428571,1,1,6,0,0,0,0.571429,0.408163,0.0204082,147,35062,131
1,box,20,qpFreeGate,1,1,0.0392806,8405,24,12.4905,1181,1181,0,0.0119635,0.00249477,0,0,0.00429549,0,56,19,0.428571,0,0,0,1,0,0,0,0,0
1,box,20,qpEnvelope,1,1,0.000815869,117,6,6.86666,395,395,0,0.00156734,0.00249477,0,0,0.0586894,0.478632,1,1,6,0,0,0,0.512821,0.452991,0.034188,117,27801,107
1,box,27,isSafe,1,1,0.00444408,1835,11,9.79974,6,491,0,0.0245928,0.00249477,0,0,0,0,24,7,0.458333,0,0,0,0,0,0,0,0,0
1,box,27,qpFixed,1,1,0.0202613,3532,30,17.2925,1568,1568,0,0.000421794,0.00249477,0,0,0.0103666,0,9,9,3.33333,0,0,0,1,0,0,3532,922038,2863
1,box,27,qpPlain,1,1,0.0216146,3532,30,17.2925,1568,1568,0,0.000421794,0.00249477,0,0,0.0103666,0,9,9,3.33333,0,0,0,1,0,0,3532,1211476,3532
1,box,27,qpAdaptive,1,1,0.02345,3489,52,20.8972,1396,1396,0,0.000424258,0.00249477,0,0,0.0178621,0.299226,19,17,2.73684,0,0,0,0.697621,0.291201,0.011178,3489,958487,3322
1,box,27,qpFreeGate,1,1,0.0503852,10630,33,14.2652,1312,1312,0,0.00717631,0.00249477,0,0,0.0050201,0,62,25,0.532258,0,0,0,1,0,0,0,0,0
1,box,27,qpEnvelope,1,1,0.016195,2224,51,20.9474,1283,1283,0,0.000445122,0.00249477,0,0,0.0281656,0.213129,19,17,2.68421,0,0,0,0.783723,0.197392,0.0188849,2224,617099,2176
1,box,34,isSafe,1,1,0.00881412,3669,20,9.21961,6,462,0,0.0724005,0.00249477,0,0,0,0,66,16,0.30303,0,0,0,0,0,0,0,0,0
1,box,34,qpFixed,1,1,0.0018862,351,6,5.51067,352,352,0,0.00442922,0.00249477,0,0,0.0156999,0,1,1,6,0,0,0,1,0,0,351,95519,179
1,box,34,qpPlain,1,1,0.00203386,351,6,5.51067,352,352,0,0.00442922,0.00249477,0,0,0.0156999,0,1,1,6,0,0,0,1,0,0,351,120393,351
1,box,34,qpAdaptive,1,1,0.000640058,103,6,5.50795,312,312,0,0.00430881,0.00249477,0,0,0.0534752,0.524272,1,1,6,0,0,0,0.466019,0.504854,0.0291262,103,30151,81
1,box,34,qpFreeGate,1,1,0.066554,14114,38,18.2534,1645,1645,0,0.00533416,0.00249477,0,0,0.00448028,0,80,29,0.475,0,0,0,1,0,0,0,0,0
1,box,34,qpEnvelope,1,1,0.000488557,65,6,5.50502,296,296,0,0.00412139,0.00249477,0,0,0.0846926,0.353846,1,1,6,0,0,0,0.615385,0.323077,0.0615385,65,18987,53
1,box,41,isSafe,1,1,0.00189285,780,6,5.65122,4,284,0,0.0252638,0.00249477,0,0,0,0,6,3,1,0,0,0,0,0,0,0,0,0
1,box,41,qpFixed,1,1,0.00223399,418,6,5.35142,419,419,0,0.00266501,0.00249477,0,0,0.0128024,0,1,1,6,0,0,0,1,0,0,418,110512,215
1,box,41,qpPlain,1,1,0.00241323,418,6,5.35142,419,419,0,0.00266501,0.00249477,0,0,0.0128024,0,1,1,6,0,0,0,1,0,0,418,143374,418
1,box,41,qpAdaptive,1,1,0.000686576,109,6,5.34884,313,313,0,0.00260044,0.00249477,0,0,0.0490719,0.587156,1,1,6,0,0,0,0.412844,0.550459,0.0366972,109,31853,92
1,box,41,qpFreeGate,1,1,0.103273,21731,50,14.0969,1597,1597,0,0.00169271,0.00249477,0,0,0.00356255,0,151,40,0.331126,0,0,0,1,0,0,0,0,0
1,box,41,qpEnvelope,1,1,0.000490237,64,6,5.34491,292,292,0,0.00234908,0.00249477,0,0,0.0835143,0.4375,1,1,6,0,0,0,0.5625,0.375,0.0625,64,18611,55
1,box,48,isSafe,1,1,0.00500715,2101,13,12.7946,8,641,0,0.0128453,0.00249477,0,0,0,0,37,8,0.351351,0,0,0,0,0,0,0,0,0
1,box,48,qpFixed,1,1,0.00225023,454,6,6.18086,455,455,0,0.0123731,0.00249477,0,0,0.0136142,0,1,1,6,0,0,0,1,0,0,454,99152,208
1,box,48,qpPlain,1,1,0.00260868,454,6,6.18086,455,455,0,0.0123731,0.00249477,0,0,0.0136142,0,1,1,6,0,0,0,1,0,0,454,155722,454
1,box,48,qpAdaptive,1,1,0.000667857,111,6,6.18979,356,356,0,0.0117503,0.00249477,0,0,0.0557639,0.990991,1,1,6,0,0,0,0,0.963964,0.036036,111,25620,93
1,box,48,qpFreeGate,1,1,0.0133952,2827,18,11.5226,1188,1188,0,0.00875736,0.00249477,0,0,0.00533736,0,13,6,1.38462,0,0,0,1,0,0,0,0,0
1,box,48,qpEnvelope,1,1,0.000496275,62,6,6.20689,343,343,0,0.0102425,0.00249477,0,0,0.100111,1,1,1,6,0,0,0,0,0.935484,0.0645161,62,14573,51
1,box,55,isSafe,1,1,0.00364145,1529,10,8.89362,6,446,0,0.000427604,0.00249477,0,0,0,0,19,5,0.526316,0,0,0,0,0,0,0,0,0
1,box,55,qpFixed,1,1,0.0121381,2197,17,13.3011,1035,1035,0,0.00239644,0.00249477,0,0,0.0111831,0,7,7,2.42857,0,0,0,1,0,0,2197,521567,1913
1,box,55,qpPlain,1,1,0.013311,2197,17,13.3011,1035,1035,0,0.00239644,0.00249477,0,0,0.0111831,0,7,7,2.42857,0,0,0,1,0,0,2197,753571,2197
1,box,55,qpAdaptive,1,1,0.00701119,1134,17,13.3081,877,877,0,0.00241041,0.00249477,0,0,0.0217519,0.412698,7,7,2.42857,0,0,0,0.582011,0.406526,0.0114638,1134,280008,1100
1,box,55,qpFreeGate,1,1,0.0323779,6911,25,9.81346,1274,1274,0,0.00649626,0.00249477,0,0,0.00361481,0,45,13,0.555556,0,0,0,1,0,0,0,0,0
1,box,55,qpEnvelope,1,1,0.00412573,599,18,13.3498,770,770,0,0.00203683,0.00249477,0,0,0.0414738,0.262104,7,7,2.57143,0,0,0,0.734558,0.240401,0.0250417,599,148223,575
1,box,62,isSafe,1,1,0.00517328,2146,13,6.92029,5,348,0,0.0404056,0.00249477,0,0,0,0,16,9,0.8125,0,0,0,0,0,0,0,0,0
1,box,62,qpFixed,1,1,0.00270504,525,6,6.1395,526,526,0,0.00179689,0.00249477,0,0,0.0116943,0,1,1,6,0,0,0,1,0,0,525,128147,227
1,box,62,qpPlain,1,1,0.00307026,525,6,6.1395,526,526,0,0.00179689,0.00249477,0,0,0.0116943,0,1,1,6,0,0,0,1,0,0,525,180075,525
1,box,62,qpAdaptive,1,1,0.000750086,119,6,6.13232,369,369,0,0.00178953,0.00249477,0,0,0.0515321,0.638655,1,1,6,0,0,0,0.352941,0.613445,0.0336134,119,31530,101
1,box,62,qpFreeGate,1,1,0.0388459,8157,34,12.9646,1155,1155,0,0.0132905,0.00249477,0,0,0.00564988,0,49,20,0.693878,0,0,0,1,0,0,0,0,0
1,box,62,qpEnvelope,1,1,0.000486875,61,6,6.11931,334,334,0,0.00175243,0.00249477,0,0,0.100317,0.721311,1,1,6,0,0,0,0.278689,0.655738,0.0655738,61,16451,51
1,box,69,isSafe,1,1,0.0152246,6323,33,9.65989,6,484,0,0.0354101,0.00249477,0,0,0,0,140,30,0.235714,0,0,0,0,0,0,0,0,0
1,box,69,qpFixed,1,1,0.0115711,2090,21,11.9394,861,861,0,0.00623075,0.00249477,0,0,0.0123367,0,7,7,3,0,0,0,1,0,0,2090,573612,1304
1,box,69,qpPlain,1,1,0.0123121,2090,21,11.9394,861,861,0,0.00623075,0.00249477,0,0,0.0123367,0,7,7,3,0,0,0,1,0,0,2090,716870,2090
1,box,69,qpAdaptive,1,1,0.00389963,626,20,11.9869,695,695,0,0.00551901,0.00249477,0,0,0.0412194,0.746006,7,7,2.85714,0,0,0,0.246006,0.71885,0.0351438,626,169971,498
1,box,69,qpFreeGate,1,1,0.0303991,6387,27,10.3284,891,891,0,0.0180155,0.00249477,0,0,0.00503668,0,32,17,0.84375,0,0,0,1,0,0,0,0,0
1,box,69,qpEnvelope,1,1,0.00200111,232,18,12.0366,644,644,0,0.00350626,0.00249477,0,0,0.111072,0.642241,7,7,2.57143,0,0,0,0.353448,0.556034,0.0905172,232,62792,198
1,box,76,isSafe,1,1,0.0087837,3635,20,12.5909,8,631,0,0.0351834,0.00249477,0,0,0,0,82,16,0.243902,0,0,0,0,0,0,0,0,0
1,box,76,qpFixed,1,1,0.0230889,4052,43,14.8912,1102,1102,0,0.00465748,0.00249477,0,0,0.0116345,0,13,13,3.30769,0,0,0,1,0,0,4052,1042060,3214
1,box,76,qpPlain,1,1,0.0247695,4052,43,14.8912,1102,1102,0,0.00465748,0.00249477,0,0,0.0116345,0,13,13,3.30769,0,0,0,1,0,0,4052,1389836,4052
1,box,76,qpAdaptive,1,1,0.0152348,2425,44,14.9303,905,905,0,0.00461939,0.00249477,0,0,0.0194937,0.309691,13,13,3.38462,0,0,0,0.685773,0.301443,0.0127835,2425,640589,2156
1,box,76,qpFreeGate,1,1,0.0677241,14306,45,11.4157,1291,1291,0,0.00467486,0.00249477,0,0,0.00438476,0,91,33,0.494505,0,0,0,1,0,0,0,0,0
1,box,76,qpEnvelope,1,1,0.00226042,289,25,10.5294,614,614,0,0.00205141,0.00249477,0,0,0.0665026,0.49827,5,5,5,0,0,0,0.477509,0.432526,0.0899654,289,83728,275
1,box,83,isSafe,1,1,0.00242599,1002,7,9.67116,6,485,0,0.0296236,0.00249477,0,0,0,0,8,3,0.875,0,0,0,0,0,0,0,0,0
1,box,83,qpFixed,1,1,0.00157991,310,5,5.19495,311,311,0,0.00873498,0.00249477,0,0,0.0167579,0,1,1,5,0,0,0,1,0,0,310,81534,82
1,box,83,qpPlain,1,1,0.00175731,310,5,5.19495,311,311,0,0.00873498,0.00249477,0,0,0.0167579,0,1,1,5,0,0,0,1,0,0,310,106330,310
1,box,83,qpAdaptive,1,1,0.000643928,106,5,5.19456,297,297,0,0.00879834,0.00249477,0,0,0.0490053,0.424528,1,1,5,0,0,0,0.575472,0.396226,0.0283019,106,27664,75
1,box,83,qpFreeGate,1,1,0.00939463,1992,11,8.94376,700,700,0,0.0296236,0.00249477,0,0,0.00791781,0,8,6,1.375,0,0,0,1,0,0,0,0,0
1,box,83,qpEnvelope,1,1,0.000345152,38,5,5.19775,279,279,0,0.00932538,0.00249477,0,0,0.136783,0.921053,1,1,5,0,0,0,0.0526316,0.868421,0.0789474,38,10435,22
1,box,90,isSafe,1,1,0.0051255,2115,13,12.0595,8,604,0,0.0222404,0.00249477,0,0,0,0,43,8,0.302326,0,0,0,0,0,0,0,0,0
1,box,90,qpFixed,1,1,0.00326758,657,6,6.60591,658,658,0,0.00133097,0.00249477,0,0,0.0100547,0,1,1,6,0,0,0,1,0,0,657,153883,246
1,box,90,qpPlain,1,1,0.00379725,657,6,6.60591,658,658,0,0.00133097,0.00249477,0,0,0.0100547,0,1,1,6,0,0,0,1,0,0,657,225351,657
1,box,90,qpAdaptive,1,1,0.000940946,157,6,6.60063,422,422,0,0.00130273,0.00249477,0,0,0.0420422,0.611465,1,1,6,0,0,0,0.382166,0.592357,0.0254777,157,38058,128
1,box,90,qpFreeGate,1,1,0.0353407,7466,24,13.5043,1159,1159,0,0.00238525,0.00249477,0,0,0.00450435,0,43,12,0.55814,0,0,0,1,0,0,0,0,0
1,box,90,qpEnvelope,1,1,0.000591681,77,6,6.58923,376,376,0,0.00125548,0.00249477,0,0,0.0855744,0.597403,1,1,6,0,0,0,0.402597,0.545455,0.0519481,77,18779,65
1,box,97,isSafe,1,1,0.00547173,2263,13,9.85411,6,494,0,0.0158172,0.00249477,0,0,0,0,32,10,0.40625,0,0,0,0,0,0,0,0,0
1,box,97,qpFixed,1,1,0.00205201,395,6,6.4108,396,396,0,0.0162897,0.00249477,0,0,0.0162299,0,1,1,6,0,0,0,1,0,0,395,110219,104
1,box,97,qpPlain,1,1,0.00222266,395,6,6.4108,396,396,0,0.0162897,0.00249477,0,0,0.0162299,0,1,1,6,0,0,0,1,0,0,395,135485,395
1,box,97,qpAdaptive,1,1,0.000403628,67,6,6.40951,348,348,0,0.0161515,0.00249477,0,0,0.0956643,0.776119,1,1,6,0,0,0,0.223881,0.716418,0.0597015,67,19664,37
1,box,97,qpFreeGate,1,1,0.0716311,15096,35,13.7017,1356,1356,0,0.0109327,0.00249477,0,0,0.00381507,0,95,28,0.368421,0,0,0,1,0,0,0,0,0
1,box,97,qpEnvelope,1,1,0.000292997,29,6,6.40927,335,335,0,0.0163086,0.00249477,0,0,0.221009,1,1,1,6,0,0,0,0,0.862069,0.137931,29,8389,16
1,table_pick,4,isSafe,1,1,0.00344864,972,7,7.23612,5,363,0,0.00243047,0.00249477,0,0,0,0,14,3,0.5,0,0,0,0,0,0,0,0,0
1,table_pick,4,qpFixed,1,1,0.00325899,554,6,6.43747,555,555,0,0.00695477,0.00249477,0,0,0.01162,0,1,1,6,0,0,0,1,0,0,554,134888,84
1,table_pick,4,qpPlain,1,1,0.00370683,554,6,6.43747,555,555,0,0.00695477,0.00249477,0,0,0.01162,0,1,1,6,0,0,0,1,0,0,554,190022,554
1,table_pick,4,qpAdaptive,1,1,0.000615247,85,6,6.43811,365,365,0,0.00695477,0.00249477,0,0,0.0757425,0.729412,1,1,6,0,0,0,0.258824,0.694118,0.0470588,85,24214,48
1,table_pick,4,qpFreeGate,1,1,0.0447912,7616,27,19.2911,1669,1669,0,0.00201535,0.00249477,0,0,0.00490397,0,73,19,0.369863,0,0,0,1,0,0,0,0,0
1,table_pick,4,qpEnvelope,1,1,0.000362131,37,6,6.44253,341,341,0,0.00701444,0.00249477,0,0,0.174123,1,1,1,6,0,0,0,0,0.891892,0.108108,37,10420,23
1,table_pick,11,isSafe,1,1,0.0114017,3236,18,8.29929,6,416,0,0.00125102,0.00249477,0,0,0,0,70,14,0.257143,0,0,0,0,0,0,0,0,0
1,table_pick,11,qpFixed,1,1,0.00308644,469,6,5.34414,470,470,0,0.00140243,0.00249477,0,0,0.0113948,0,1,1,6,0,0,0,1,0,0,469,121235,235
1,table_pick,11,qpPlain,1,1,0.00331841,469,6,5.34414,470,470,0,0.00140243,0.00249477,0,0,0.0113948,0,1,1,6,0,0,0,1,0,0,469,160867,469
1,table_pick,11,qpAdaptive,1,1,0.0017781,229,6,5.3452,383,383,0,0.00140243,0.00249477,0,0,0.0233415,0.235808,1,1,6,0,0,0,0.759825,0.222707,0.0174672,229,64587,212
1,table_pick,11,qpFreeGate,1,1,0.0663887,11177,36,12.7675,1144,1144,0,0.00220959,0.00249477,0,0,0.00455638,0,71,27,0.507042,0,0,0,1,0,0,0,0,0
1,table_pick,11,qpEnvelope,1,1,0.00132385,158,6,5.35085,344,344,0,0.00143482,0.00249477,0,0,0.0338661,0.253165,1,1,6,0,0,0,0.746835,0.227848,0.0253165,158,44629,150
1,table_pick,18,isSafe,1,1,0.0277506,7320,36,13.8909,8,696,0,0.00600204,0.00249477,0,0,0,0,160,33,0.225,0,0,0,0,0,0,0,0,0
1,table_pick,18,qpFixed,1,1,0.00393561,691,7,8.40527,692,692,0,0.00509157,0.00249477,0,0,0.0121639,0,1,1,7,0,0,0,1,0,0,691,163227,21
1,table_pick,18,qpPlain,1,1,0.0045592,691,7,8.40527,692,692,0,0.00509157,0.00249477,0,0,0.0121639,0,1,1,7,0,0,0,1,0,0,691,237013,691
1,table_pick,18,qpAdaptive,1,1,0.000383948,57,7,8.40527,450,450,0,0.00509157,0.00249477,0,0,0.147461,0.631579,1,1,7,0,0,0,0.368421,0.54386,0.0877193,57,14831,21
1,table_pick,18,qpFreeGate,1,1,0.0508916,8673,33,15.0615,1176,1176,0,0.00685531,0.00249477,0,0,0.00624234,0,64,26,0.515625,0,0,0,1,0,0,0,0,0
1,table_pick,18,qpEnvelope,1,1,0.000311188,28,7,8.40558,434,434,0,0.00504223,0.00249477,0,0,0.300199,0.821429,1,1,7,0,0,0,0.142857,0.678571,0.178571,28,7155,12
1,table_pick,25,isSafe,1,1,0.00182401,518,5,5.13232,4,258,0,0.00282144,0.00249477,0,0,0,0,1,1,5,0,0,0,0,0,0,0,0,0
1,table_pick,25,qpFixed,1,1,0.00183213,321,5,5.13865,322,322,0,0.00778623,0.00249477,0,0,0.0160083,0,1,1,5,0,0,0,1,0,0,321,73111,17
1,table_pick,25,qpPlain,1,1,0.00212176,321,5,5.13865,322,322,0,0.00778623,0.00249477,0,0,0.0160083,0,1,1,5,0,0,0,1,0,0,321,110103,321
1,table_pick,25,qpAdaptive,1,1,0.000272184,39,5,5.13868,275,275,0,0.00778623,0.00249477,0,0,0.131761,0.846154,1,1,5,0,0,0,0.153846,0.769231,0.0769231,39,10172,11
1,table_pick,25,qpFreeGate,1,1,0.0094117,1604,12,2.55498,274,274,0,0.00144046,0.00249477,0,0,0.00597965,0,10,5,1.2,0,0,0,1,0,0,0,0,0
1,table_pick,25,qpEnvelope,1,1,0.000255718,23,5,5.13856,268,268,0,0.00778623,0.00249477,0,0,0.223416,0.782609,1,1,5,0,0,0,0.217391,0.652174,0.130435,23,5861,8
1,table_pick,32,isSafe,1,1,0.00393148,1120,8,10.6131,7,532,0,0.000377713,0.00249477,0,0,0,0,4,3,2,0,0,0,0,0,0,0,0,0
1,table_pick,32,qpFixed,1,1,0.00383112,679,7,8.17175,680,680,0,0.00690251,0.00249477,0,0,0.012035,0,1,1,7,0,0,0,1,0,0,679,155965,12
1,table_pick,32,qpPlain,1,1,0.00447025,679,7,8.17175,680,680,0,0.00690251,0.00249477,0,0,0.012035,0,1,1,7,0,0,0,1,0,0,679,232897,679
1,table_pick,32,qpAdaptive,1,1,0.000357714,53,7,8.17175,435,435,0,0.00690251,0.00249477,0,0,0.154184,0.716981,1,1,7,0,0,0,0.283019,0.622642,0.0943396,53,14832,12
1,table_pick,32,qpFreeGate,1,1,0.00810791,1390,9,9.99523,869,869,0,0.00339269,0.00249477,0,0,0.00820307,0,6,4,1.5,0,0,0,1,0,0,0,0,0
1,table_pick,32,qpEnvelope,1,1,0.000282324,27,7,8.17181,423,423,0,0.00700598,0.00249477,0,0,0.30266,1,1,1,7,0,0,0,0,0.814815,0.185185,27,7251,7
1,table_pick,39,isSafe,1,1,0.00633811,1810,11,12.8864,8,646,0,0.00342239,0.00249477,0,0,0,0,22,7,0.5,0,0,0,0,0,0,0,0,0
1,table_pick,39,qpFixed,1,1,0.00441621,701,7,8.87114,702,702,0,0.000662972,0.00249477,0,0,0.012655,0,1,1,7,0,0,0,1,0,0,701,176521,336
1,table_pick,39,qpPlain,1,1,0.00486688,701,7,8.87114,702,702,0,0.000662972,0.00249477,0,0,0.012655,0,1,1,7,0,0,0,1,0,0,701,240443,701
1,table_pick,39,qpAdaptive,1,1,0.00175546,232,7,8.87198,559,559,0,0.000672067,0.00249477,0,0,0.0382413,0.422414,1,1,7,0,0,0,0.573276,0.405172,0.0215517,232,65852,204
1,table_pick,39,qpFreeGate,1,1,0.0211272,3605,21,12.8207,1054,1054,0,0.00286511,0.00249477,0,0,0.0065719,0,22,12,0.954545,0,0,0,1,0,0,0,0,0
1,table_pick,39,qpEnvelope,1,1,0.00116291,133,7,8.87735,511,511,0,0.000592646,0.00249477,0,0,0.066747,0.338346,1,1,7,0,0,0,0.661654,0.300752,0.037594,133,38346,122
1,table_pick,46,isSafe,1,1,0.0128213,3635,19,16.6383,10,833,0,0.00733873,0.00249477,0,0,0,0,69,14,0.275362,0,0,0,0,0,0,0,0,0
1,table_pick,46,qpFixed,1,1,0.00233931,388,5,5.04717,389,389,0,0.00524227,0.00249477,0,0,0.0130082,0,1,1,5,0,0,0,1,0,0,388,93296,95
1,table_pick,46,qpPlain,1,1,0.00259506,388,5,5.04717,389,389,0,0.00524227,0.00249477,0,0,0.0130082,0,1,1,5,0,0,0,1,0,0,388,133084,388
1,table_pick,46,qpAdaptive,1,1,0.000530569,77,5,5.05491,292,292,0,0.00524207,0.00249477,0,0,0.0656482,0.649351,1,1,5,0,0,0,0.350649,0.61039,0.038961,77,20034,35
1,table_pick,46,qpFreeGate,1,1,0.0174361,2961,20,7.08876,691,691,0,0.0024283,0.00249477,0,0,0.00658087,0,17,8,1.17647,0,0,0,1,0,0,0,0,0
1,table_pick,46,qpEnvelope,1,1,0.000294406,33,5,5.0836,269,269,0,0.00515758,0.00249477,0,0,0.154048,0.69697,1,1,5,0,0,0,0.272727,0.636364,0.0909091,33,8668,19
1,table_pick,53,isSafe,1,1,0.0081052,2307,13,9.49238,6,476,0,0.00268905,0.00249477,0,0,0,0,40,9,0.325,0,0,0,0,0,0,0,0,0
1,table_pick,53,qpFixed,1,1,0.00371456,642,7,8.36582,643,643,0,0.00545191,0.00249477,0,0,0.0130309,0,1,1,7,0,0,0,1,0,0,642,148082,107
1,table_pick,53,qpPlain,1,1,0.00426743,642,7,8.36582,643,643,0,0.00545191,0.00249477,0,0,0.0130309,0,1,1,7,0,0,0,1,0,0,642,220206,642
1,table_pick,53,qpAdaptive,1,1,0.000543331,75,7,8.36605,454,454,0,0.00545191,0.00249477,0,0,0.111547,0.613333,1,1,7,0,0,0,0.386667,0.546667,0.0666667,75,20400,47
1,table_pick,53,qpFreeGate,1,1,0.0332578,5644,20,12.2478,909,909,0,0.00267492,0.00249477,0,0,0.00558267,0,40,15,0.5,0,0,0,1,0,0,0,0,0
1,table_pick,53,qpEnvelope,1,1,0.000337379,33,7,8.36829,435,435,0,0.00541297,0.00249477,0,0,0.253584,0.909091,1,1,7,0,0,0,0.0909091,0.757576,0.151515,33,8912,20
1,table_pick,60,isSafe,1,1,0.00239658,679,6,6.60773,5,332,0,0.00439711,0.00249477,0,0,0,0,4,2,1.5,0,0,0,0,0,0,0,0,0
1,table_pick,60,qpFixed,1,1,0.00240806,421,5,5.65897,422,422,0,0.00382212,0.00249477,0,0,0.0134417,0,1,1,5,0,0,0,1,0,0,421,93551,72
1,table_pick,60,qpPlain,1,1,0.00280481,421,5,5.65897,422,422,0,0.00382212,0.00249477,0,0,0.0134417,0,1,1,5,0,0,0,1,0,0,421,144403,421
1,table_pick,60,qpAdaptive,1,1,0.000361921,51,5,5.65925,306,306,0,0.00382212,0.00249477,0,0,0.110966,0.764706,1,1,5,0,0,0,0.235294,0.705882,0.0588235,51,12715,24
1,table_pick,60,qpFreeGate,1,1,0.00496847,846,8,7.42767,601,601,0,0.00439711,0.00249477,0,0,0.00890025,0,4,3,2,0,0,0,1,0,0,0,0,0
1,table_pick,60,qpEnvelope,1,1,0.000258053,28,5,5.65919,298,298,0,0.00382212,0.00249477,0,0,0.202114,0.642857,1,1,5,0,0,0,0.357143,0.535714,0.107143,28,7168,17
1,table_pick,67,isSafe,1,1,0.00729296,2069,12,7.69213,5,386,0,0.000611937,0.00249477,0,0,0,0,18,9,0.666667,0,0,0,0,0,0,0,0,0
1,table_pick,67,qpFixed,1,1,0.00262258,452,6,6.63674,453,453,0,0.00634168,0.00249477,0,0,0.0146831,0,1,1,6,0,0,0,1,0,0,452,105585,47
1,table_pick,67,qpPlain,1,1,0.00302053,452,6,6.63674,453,453,0,0.00634168,0.00249477,0,0,0.0146831,0,1,1,6,0,0,0,1,0,0,452,155036,452
1,table_pick,67,qpAdaptive,1,1,0.000358605,49,6,6.63683,356,356,0,0.00634168,0.00249477,0,0,0.135445,0.653061,1,1,6,0,0,0,0.346939,0.571429,0.0816327,49,12480,27
1,table_pick,67,qpFreeGate,1,1,0.105601,18045,53,8.6493,707,707,0,0.0025249,0.00249477,0,0,0.00479899,0,137,48,0.386861,0,0,0,1,0,0,0,0,0
1,table_pick,67,qpEnvelope,1,1,0.000300847,27,6,6.63832,345,345,0,0.00640424,0.00249477,0,0,0.245864,0.925926,1,1,6,0,0,0,0.0740741,0.777778,0.148148,27,6880,14
1,table_pick,74,isSafe,1,1,0.00695821,1971,12,14.2,9,711,0,0.00419049,0.00249477,0,0,0,0,38,8,0.315789,0,0,0,0,0,0,0,0,0
1,table_pick,74,qpFixed,1,1,0.00680801,973,8,9.50432,831,831,0,0.00236362,0.00249477,0,0,0.0102526,0,2,2,4,0,0,0,1,0,0,973,277976,601
1,table_pick,74,qpPlain,1,1,0.00703208,973,8,9.50432,831,831,0,0.00236362,0.00249477,0,0,0.0102526,0,2,2,4,0,0,0,1,0,0,973,333739,973
1,table_pick,74,qpAdaptive,1,1,0.0040326,503,8,9.50156,655,655,0,0.00235696,0.00249477,0,0,0.0198447,0.248509,2,2,4,0,0,0,0.751491,0.240557,0.00795229,503,148867,466
1,table_pick,74,qpFreeGate,1,1,0.0261116,4457,20,10.2895,1038,1038,0,0.00474867,0.00249477,0,0,0.00488667,0,34,10,0.588235,0,0,0,1,0,0,0,0,0
1,table_pick,74,qpEnvelope,1,1,0.00249062,273,8,9.56891,549,549,0,0.00200933,0.00249477,0,0,0.0368117,0.406593,2,2,4,0,0,0,0.589744,0.391941,0.018315,273,80906,254
1,table_pick,81,isSafe,1,1,0.00762028,2148,13,14.131,9,708,0,0.00210414,0.00249477,0,0,0,0,21,7,0.619048,0,0,0,0,0,0,0,0,0
1,table_pick,81,qpFixed,1,1,0.00382124,631,6,7.70687,632,632,0,0.00384075,0.00249477,0,0,0.0122137,0,1,1,6,0,0,0,1,0,0,631,172944,60
1,table_pick,81,qpPlain,1,1,0.00419559,631,6,7.70687,632,632,0,0.00384075,0.00249477,0,0,0.0122137,0,1,1,6,0,0,0,1,0,0,631,216433,631
1,table_pick,81,qpAdaptive,1,1,0.000689739,94,6,7.70689,430,430,0,0.00384075,0.00249477,0,0,0.0819882,0.457447,1,1,6,0,0,0,0.531915,0.425532,0.0425532,94,27859,56
1,table_pick,81,qpFreeGate,1,1,0.0443926,7496,23,12.3983,1080,1080,0,0.00273333,0.00249477,0,0,0.00529677,0,54,19,0.425926,0,0,0,1,0,0,0,0,0
1,table_pick,81,qpEnvelope,1,1,0.000397429,41,6,7.70778,406,406,0,0.00369055,0.00249477,0,0,0.187995,0.560976,1,1,6,0,0,0,0.439024,0.463415,0.097561,41,12019,28
1,table_pick,88,isSafe,1,1,0.00479409,1356,7,2.84352,3,144,0,0.000618162,0.00249477,0,0,0,0,10,4,0.7,0,0,0,0,0,0,0,0,0
1,table_pick,88,qpFixed,1,1,0.00259933,439,5,5.72693,440,440,0,0.00678891,0.00249477,0,0,0.0130454,0,1,1,5,0,0,0,1,0,0,439,108174,45
1,table_pick,88,qpPlain,1,1,0.00292209,439,5,5.72693,440,440,0,0.00678891,0.00249477,0,0,0.0130454,0,1,1,5,0,0,0,1,0,0,439,150577,439
1,table_pick,88,qpAdaptive,1,1,0.000375032,50,5,5.7272,318,318,0,0.00678012,0.00249477,0,0,0.114544,0.72,1,1,5,0,0,0,0.28,0.66,0.06,50,14316,27
1,table_pick,88,qpFreeGate,1,1,0.0184534,3140,13,3.43064,266,266,0,0.00435622,0.00249477,0,0,0.00649244,0,24,10,0.541667,0,0,0,1,0,0,0,0,0
1,table_pick,88,qpEnvelope,1,1,0.000317917,27,5,5.72889,302,302,0,0.0068929,0.00249477,0,0,0.212181,1,1,1,5,0,0,0,0,0.888889,0.111111,27,7566,14
1,table_pick,95,isSafe,1,1,0.00498815,1417,9,13.2035,8,662,0,0.00294803,0.00249477,0,0,0,0,8,4,1.125,0,0,0,0,0,0,0,0,0
1,table_pick,95,qpFixed,1,1,0.00438692,736,7,9.45434,737,737,0,0.00451256,0.00249477,0,0,0.0128456,0,1,1,7,0,0,0,1,0,0,736,180271,200
1,table_pick,95,qpPlain,1,1,0.00493898,736,7,9.45434,737,737,0,0.00451256,0.00249477,0,0,0.0128456,0,1,1,7,0,0,0,1,0,0,736,252448,736
1,table_pick,95,qpAdaptive,1,1,0.000980046,139,7,9.45598,541,541,0,0.00451256,0.00249477,0,0,0.0680286,0.589928,1,1,7,0,0,0,0.410072,0.553957,0.0359712,139,37501,105
1,table_pick,95,qpFreeGate,1,1,0.00889434,1520,10,13.8167,1084,1084,0,0.0025241,0.00249477,0,0,0.00917409,0,8,5,1.25,0,0,0,1,0,0,0,0,0
1,table_pick,95,qpEnvelope,1,1,0.000530975,53,7,9.45746,498,498,0,0.00463975,0.00249477,0,0,0.178443,0.716981,1,1,7,0,0,0,0.283019,0.622642,0.0943396,53,14282,40
1,cage,2,isSafe,1,1,0.360501,135994,833,27.3157,16,1367,0,0.00768481,0.00249477,0,0,0,0,7332,830,0.113612,0,0,0,0,0,0,0,0,0
1,cage,2,qpFixed,1,1,0.0236759,3908,26,23.2496,1814,1814,0,0.000482986,0.00249477,0,0,0.0104182,0,13,11,2,0,0,0,1,0,0,3908,1012687,3180
1,cage,2,qpPlain,1,1,0.025293,3908,26,23.2496,1814,1814,0,0.000482986,0.00249477,0,0,0.0104182,0,13,11,2,0,0,0,1,0,0,3908,1340444,3908
1,cage,2,qpAdaptive,1,1,0.0127542,1897,26,23.2655,1458,1458,0,0.000380048,0.00249477,0,0,0.0214955,0.435424,13,11,2,0,0,0,0.561413,0.42699,0.0115973,1897,489457,1796
1,cage,2,qpFreeGate,1,1,4.38906,856624,1361,22.8518,2692,2692,0,0.00149368,0.00249477,0,0,0.00266307,0,7625,1324,0.178492,0,0,0,1,0,0,0,0,0
1,cage,2,qpEnvelope,1,1,0.0115605,1141,26,23.3664,1333,1333,0,0.000361082,0.00249477,0,0,0.0360341,0.332165,13,11,2,0,0,0,0.666082,0.312007,0.0219106,1141,297370,1093
1,cage,9,isSafe,1,1,0.118395,45411,240,21.9221,12,1098,0,0.00536948,0.00249477,0,0,0,0,1905,236,0.125984,0,0,0,0,0,0,0,0,0
1,cage,9,qpFixed,1,1,0.322714,50896,212,23.1651,2062,2062,0,0.000605123,0.00249477,0,0,0.00763818,0,214,135,0.990654,0,0,0,1,0,0,50896,13773207,47932
1,cage,9,qpPlain,1,1,0.336267,50896,212,23.1651,2062,2062,0,0.000605123,0.00249477,0,0,0.00763818,0,214,135,0.990654,0,0,0,1,0,0,50896,17457328,50896
1,cage,9,qpAdaptive,1,1,0.261022,38286,205,23.1528,1535,1535,0,0.000417635,0.00249477,0,0,0.0100836,0.200622,214,131,0.957944,0,0,0,0.798328,0.198746,0.00292543,38286,10279058,37759
1,cage,9,qpFreeGate,1,1,1.00771,203367,371,29.4361,2615,2615,0,0.000623684,0.00157473,0,0,0.00324616,0,1648,348,0.225121,0,0,0,1,0,0,0,0,0
1,cage,9,qpEnvelope,1,1,0.134028,18678,136,17.9866,1090,1090,0,0.000110316,0.00249477,0,0,0.0132266,0.172931,129,87,1.05426,0,0,0,0.826213,0.169129,0.00465789,18678,5043326,18552
1,cage,16,isSafe,1,1,0.0704987,24079,119,27.7005,15,1387,0,0.00672949,0.00249477,0,0,0,0,1109,115,0.107304,0,0,0,0,0,0,0,0,0
1,cage,16,qpFixed,1,1,0.213513,33172,143,22.1689,1889,1889,0,0.00135496,0.00249477,0,0,0.00794305,0,136,86,1.05147,0,0,0,1,0,0,33172,8984819,30992
1,cage,16,qpPlain,1,1,0.222938,33172,143,22.1689,1889,1889,0,0.00135496,0.00249477,0,0,0.00794305,0,136,86,1.05147,0,0,0,1,0,0,33172,11377996,33172
1,cage,16,qpAdaptive,1,1,0.160492,23090,143,22.2311,1453,1453,0,0.00136109,0.00249477,0,0,0.0114372,0.28259,136,86,1.05147,0,0,0,0.715894,0.279688,0.0044175,23090,6242255,22616
1,cage,16,qpFreeGate,1,1,0.343377,69402,104,19.6281,2044,2044,0,0.00688377,0.00249477,0,0,0.00285972,0,518,96,0.200772,0,0,0,1,0,0,0,0,0
1,cage,16,qpEnvelope,1,1,0.200804,27380,188,19.3795,1109,1109,0,0.000223301,0.00249477,0,0,0.0133841,0.222571,202,117,0.930693,0,0,0,0.776114,0.218079,0.00580716,27380,7351951,27124
1,cage,23,isSafe,1,1,0.100461,38518,202,19.3201,11,968,0,0.00347277,0.00249477,0,0,0,0,1594,199,0.126725,0,0,0,0,0,0,0,0,0
1,cage,23,qpFixed,1,1,0.193439,30424,132,29.4663,2597,2597,0,5.40891e-05,0.00249477,0,0,0.00804579,0,130,77,1.01538,0,0,0,1,0,0,30424,8303313,27900
1,cage,23,qpPlain,1,1,0.202168,30424,132,29.4663,2597,2597,0,5.40891e-05,0.00249477,0,0,0.00804579,0,130,77,1.01538,0,0,0,1,0,0,30424,10435432,30424
1,cage,23,qpAdaptive,1,1,0.152676,22093,131,29.5367,2200,2200,0,5.21714e-05,0.00249477,0,0,0.0110664,0.179921,130,77,1.00769,0,0,0,0.818585,0.177658,0.00375685,22093,6000862,21722
1,cage,23,qpFreeGate,1,1,0.972474,199952,359,23.7688,2168,2168,0,0.00805165,0.00249477,0,0,0.0032094,0,1540,339,0.233117,0,0,0,1,0,0,0,0,0
1,cage,23,qpEnvelope,1,1,0.136352,18900,132,29.6598,1993,1993,0,2.4755e-05,0.00249477,0,0,0.0129706,0.131746,130,76,1.01538,0,0,0,0.867302,0.127354,0.00534392,18900,5137467,18764
1,cage,30,isSafe,1,1,0.10225,39915,208,18.7519,11,939,0,0.0206469,0.00249477,0,0,0,0,1657,203,0.125528,0,0,0,0,0,0,0,0,0
1,cage,30,qpFixed,1,1,0.0997142,16676,88,23.8354,1961,1961,0,1.75357e-05,0.00249477,0,0,0.00894088,0,65,49,1.35385,0,0,0,1,0,0,16676,4313920,15009
1,cage,30,qpPlain,1,1,0.107614,16676,88,23.8354,1961,1961,0,1.75357e-05,0.00249477,0,0,0.00894088,0,65,49,1.35385,0,0,0,1,0,0,16676,5719868,16676
1,cage,30,qpAdaptive,1,1,0.0720189,10820,88,23.8802,1563,1563,0,1.49489e-05,0.00249477,0,0,0.0138034,0.298706,65,49,1.35385,0,0,0,0.698891,0.295564,0.00554529,10820,2809729,10605
1,cage,30,qpFreeGate,1,1,0.335757,69874,142,18.8411,1632,1632,0,0.0133359,0.00249477,0,0,0.00360171,0,571,129,0.248687,0,0,0,1,0,0,0,0,0
1,cage,30,qpEnvelope,1,1,0.0520727,7492,90,23.9422,1428,1428,0,5.39435e-06,0.00249477,0,0,0.0201131,0.198478,65,50,1.38462,0,0,0,0.80032,0.188735,0.010945,7492,1916399,7407
1,cage,37,isSafe,1,1,0.053145,20855,106,16.5066,10,827,0,0.0135335,0.00249477,0,0,0,0,739,103,0.143437,0,0,0,0,0,0,0,0,0
1,cage,37,qpFixed,1,1,0.227607,36584,151,32.7649,2764,2764,0,4.52898e-06,0.00249477,0,0,0.00792731,0,157,89,0.961783,0,0,0,1,0,0,36584,10019263,34009
1,cage,37,qpPlain,1,1,0.236506,36584,151,32.7649,2764,2764,0,4.52898e-06,0.00249477,0,0,0.00792731,0,157,89,0.961783,0,0,0,1,0,0,36584,12548312,36584
1,cage,37,qpAdaptive,1,1,0.210108,31551,167,33.2982,2385,2385,0,4.51504e-06,0.00249477,0,0,0.0103078,0.177807,174,102,0.95977,0,0,0,0.821242,0.17562,0.00313778,31551,8616079,31049
1,cage,37,qpFreeGate,1,1,5.4005,1116457,1737,27.7506,3364,3364,0,0.00116484,0.00249477,0,0,0.00244751,0,10298,1693,0.168674,0,0,0,1,0,0,0,0,0
1,cage,37,qpEnvelope,1,1,0.177499,25568,167,33.376,2212,2212,0,4.34042e-06,0.00249477,0,0,0.0127351,0.131727,174,103,0.95977,0,0,0,0.867491,0.12766,0.00484981,25568,6978131,25336
1,cage,44,isSafe,1,1,0.0857633,33590,173,14.3256,9,718,0,0.00689355,0.00249477,0,0,0,0,1333,169,0.129782,0,0,0,0,0,0,0,0,0
1,cage,44,qpFixed,1,1,0.0465911,7476,46,18.7576,1525,1525,0,2.24332e-05,0.00249477,0,0,0.00908983,0,25,21,1.84,0,0,0,1,0,0,7476,2071892,6817
1,cage,44,qpPlain,1,1,0.0476845,7476,46,18.7576,1525,1525,0,2.24332e-05,0.00249477,0,0,0.00908983,0,25,21,1.84,0,0,0,1,0,0,7476,2564268,7476
1,cage,44,qpAdaptive,1,1,0.033024,4966,46,18.7762,1329,1329,0,2.12253e-05,0.00249477,0,0,0.0136934,0.292791,25,21,1.84,0,0,0,0.705799,0.288159,0.00604108,4966,1378416,4885
1,cage,44,qpFreeGate,1,1,0.590796,115308,192,18.211,2269,2269,0,0.000366082,0.00249477,0,0,0.00318243,0,895,180,0.214525,0,0,0,1,0,0,0,0,0
1,cage,44,qpEnvelope,1,1,0.0258313,3575,47,18.8146,1199,1199,0,1.54206e-05,0.00249477,0,0,0.0193625,0.276643,25,22,1.88,0,0,0,0.721399,0.267413,0.0111888,3575,997359,3550
1,cage,51,isSafe,1,1,0.0400375,15757,79,15.8146,9,792,0,0.011683,0.00249477,0,0,0,0,483,75,0.163561,0,0,0,0,0,0,0,0,0
1,cage,51,qpFixed,1,1,0.0499587,8176,54,22.2083,1971,1971,0,0.00114406,0.00249477,0,0,0.00996343,0,29,25,1.86207,0,0,0,1,0,0,8176,2234664,7256
1,cage,51,qpPlain,1,1,0.0518686,8176,54,22.2083,1971,1971,0,0.00114406,0.00249477,0,0,0.00996343,0,29,25,1.86207,0,0,0,1,0,0,8176,2804368,8176
1,cage,51,qpAdaptive,1,1,0.0336572,5030,55,22.2367,1495,1495,0,0.000955518,0.00249477,0,0,0.0162361,0.450298,29,25,1.89655,0,0,0,0.546123,0.445924,0.00795229,5030,1402308,4868
1,cage,51,qpFreeGate,1,1,0.367083,75939,165,15.432,1828,1828,0,0.00436375,0.00249477,0,0,0.00374121,0,601,147,0.274542,0,0,0,1,0,0,0,0,0
1,cage,51,qpEnvelope,1,1,0.0217007,2916,53,19.192,1168,1168,0,6.9885e-05,0.00249477,0,0,0.0266796,0.3738,28,24,1.89286,0,0,0,0.6238,0.358711,0.0174897,2916,799875,2863
1,cage,58,isSafe,1,1,1.16008,435542,3021,26.2047,16,1312,0,0.00383743,0.00249477,0,0,0,0,27618,3017,0.109385,0,0,0,0,0,0,0,0,0
1,cage,58,qpFixed,1,1,0.0238208,4051,27,14.9197,1244,1244,0,0.00112516,0.00249477,0,0,0.00961677,0,14,11,1.92857,0,0,0,1,0,0,4051,1005955,3428
1,cage,58,qpPlain,1,1,0.0257732,4051,27,14.9197,1244,1244,0,0.00112516,0.00249477,0,0,0.00961677,0,14,11,1.92857,0,0,0,1,0,0,4051,1389493,4051
1,cage,58,qpAdaptive,1,1,0.0129031,2003,27,14.9154,981,981,0,0.0010966,0.00249477,0,0,0.0194769,0.467299,14,11,1.92857,0,0,0,0.531203,0.458812,0.00998502,2003,488926,1920
1,cage,58,qpFreeGate,1,0,10.0002,1956265,2957,0,0,0,0,inf,inf,0,0,0.0022121,0,18167,2944,0.162768,0,0,0,1,0,0,0,0,0
1,cage,58,qpEnvelope,1,1,0.00852701,1178,31,14.9434,894,894,0,0.000841618,0.00249477,0,0,0.0332633,0.354839,14,11,2.21429,0,0,0,0.639219,0.332767,0.0280136,1178,282040,1152
1,cage,65,isSafe,1,1,0.480432,181584,1141,22.854,13,1144,0,0.00630882,0.00249477,0,0,0,0,10192,1138,0.111951,0,0,0,0,0,0,0,0,0
1,cage,65,qpFixed,1,1,0.0348043,5713,36,21.8937,1889,1889,0,6.37299e-05,0.00249477,0,0,0.00987191,0,19,16,1.89474,0,0,0,1,0,0,5713,1513739,4887
1,cage,65,qpPlain,1,1,0.0368094,5713,36,21.8937,1889,1889,0,6.37299e-05,0.00249477,0,0,0.00987191,0,19,16,1.89474,0,0,0,1,0,0,5713,1959559,5713
1,cage,65,qpAdaptive,1,1,0.023064,3421,36,21.9127,1551,1551,0,6.35031e-05,0.00249477,0,0,0.0165167,0.277989,19,16,1.89474,0,0,0,0.720842,0.272143,0.00701549,3421,927781,3296
1,cage,65,qpFreeGate,1,1,6.76949,1157955,1826,18.2736,2243,2243,0,0.0076188,0.00249477,0,0,0.00249364,0,10251,1776,0.178129,0,0,0,1,0,0,0,0,0
1,cage,65,qpEnvelope,1,1,0.113731,15616,146,23.461,1463,1463,0,0.000204527,0.00249477,0,0,0.0165906,0.183786,123,85,1.18699,0,0,0,0.815574,0.177446,0.00698002,15616,4227347,15412
1,cage,72,isSafe,1,1,0.797345,297522,2033,22.8945,14,1146,0,0.00348921,0.00249477,0,0,0,0,19645,2029,0.103487,0,0,0,0,0,0,0,0,0
1,cage,72,qpFixed,1,1,0.184594,29310,130,25.4465,2228,2228,0,2.4178e-05,0.00249477,0,0,0.0081004,0,121,76,1.07438,0,0,0,1,0,0,29310,7685219,26830
1,cage,72,qpPlain,1,1,0.195154,29310,130,25.4465,2228,2228,0,2.4178e-05,0.00249477,0,0,0.0081004,0,121,76,1.07438,0,0,0,1,0,0,29310,10053330,29310
1,cage,72,qpAdaptive,1,1,0.14843,21705,128,25.4856,1827,1827,0,2.47412e-05,0.00249477,0,0,0.0109036,0.230915,121,75,1.05785,0,0,0,0.767703,0.228473,0.003824,21705,5741235,21461
1,cage,72,qpFreeGate,1,1,3.44942,641997,1086,28.6903,3312,3312,0,0.00176412,0.00249477,0,0,0.00279643,0,5781,1050,0.187857,0,0,0,1,0,0,0,0,0
1,cage,72,qpEnvelope,1,1,0.114498,15965,128,24.2917,1528,1528,0,0.000193009,0.00249477,0,0,0.0148115,0.166113,121,75,1.05785,0,0,0,0.832822,0.160852,0.00632634,15965,4193425,15871
1,cage,79,isSafe,1,1,0.0819539,31534,162,15.651,9,784,0,0.00146804,0.00249477,0,0,0,0,1522,159,0.106439,0,0,0,0,0,0,0,0,0
1,cage,79,qpFixed,1,1,0.280129,44082,193,28.2194,2567,2567,0,0.000183069,0.00249477,0,0,0.00793724,0,180,112,1.07222,0,0,0,1,0,0,44082,12046722,40510
1,cage,79,qpPlain,1,1,0.292244,44082,193,28.2194,2567,2567,0,0.000183069,0.00249477,0,0,0.00793724,0,180,112,1.07222,0,0,0,1,0,0,44082,15120126,44082
1,cage,79,qpAdaptive,1,1,0.221756,31974,193,28.2591,2134,2134,0,0.00016652,0.00249477,0,0,0.0109551,0.233815,180,112,1.07222,0,0,0,0.764434,0.231563,0.00400325,31974,8814985,31073
1,cage,79,qpFreeGate,1,1,2.05356,414572,684,19.3921,1904,1904,0,0.00407314,0.00249477,0,0,0.00281263,0,3775,665,0.181192,0,0,0,1,0,0,0,0,0
1,cage,79,qpEnvelope,1,1,0.190911,26004,219,20.8851,1344,1344,0,0.000145047,0.000964169,0,0,0.0144548,0.172781,194,121,1.12887,0,0,0,0.826104,0.167359,0.00653746,26004,7176372,25669
1,cage,86,isSafe,1,1,0.178696,68385,378,19.0057,11,952,0,0.00119166,0.00249477,0,0,0,0,3312,375,0.11413,0,0,0,0,0,0,0,0,0
1,cage,86,qpFixed,1,1,0.168416,25466,108,14.7237,1294,1294,0,0.000193555,0.00249477,0,0,0.00788824,0,105,65,1.02857,0,0,0,1,0,0,25466,7347093,22806
1,cage,86,qpPlain,1,1,0.17182,25466,108,14.7237,1294,1294,0,0.000193555,0.00249477,0,0,0.00788824,0,105,65,1.02857,0,0,0,1,0,0,25466,8734838,25466
1,cage,86,qpAdaptive,1,1,0.124854,17313,114,14.808,965,965,0,0.00018063,0.00249477,0,0,0.0117064,0.241899,105,64,1.08571,0,0,0,0.756599,0.239011,0.00438976,17313,5028419,16893
1,cage,86,qpFreeGate,1,1,4.65989,934784,1421,24.005,2623,2623,0,0.00119166,0.00249477,0,0,0.00247812,0,8100,1390,0.175432,0,0,0,1,0,0,0,0,0
1,cage,86,qpEnvelope,1,1,0.101069,13295,104,14.895,855,855,0,0.000139651,0.00249477,0,0,0.0152161,0.158405,105,64,0.990476,0,0,0,0.840692,0.152539,0.00676946,13295,3849824,13143
1,cage,93,isSafe,1,1,0.574088,216533,1413,28.5134,17,1427,0,0.00157999,0.00249477,0,0,0,0,13149,1409,0.107461,0,0,0,0,0,0,0,0,0
1,cage,93,qpFixed,1,1,0.30411,48661,208,33.3239,2777,2777,0,4.04154e-06,0.00249477,0,0,0.0082479,0,210,132,0.990476,0,0,0,1,0,0,48661,12979449,44053
1,cage,93,qpPlain,1,1,0.32032,48661,208,33.3239,2777,2777,0,4.04154e-06,0.00249477,0,0,0.0082479,0,210,132,0.990476,0,0,0,1,0,0,48661,16690723,48661
1,cage,93,qpAdaptive,1,1,0.132988,19659,126,33.8878,2379,2379,0,4.4543e-05,0.00249477,0,0,0.0121315,0.223562,113,76,1.11504,0,0,0,0.774686,0.220532,0.00478201,19659,5231929,19108
1,cage,93,qpFreeGate,1,1,4.69941,931210,1568,25.5982,2735,2735,0,0.00192582,0.00249477,0,0,0.00265066,0,8866,1532,0.176855,0,0,0,1,0,0,0,0,0
1,cage,93,qpEnvelope,1,1,0.204973,28903,208,31.6597,2061,2061,0,3.80046e-06,0.00249477,0,0,0.0139293,0.140193,210,132,0.990476,0,0,0,0.859357,0.135003,0.00563955,28903,7647669,28489
1,cage,100,isSafe,1,1,0.0138172,5339,27,15.5551,9,779,0,0.00600992,0.00249477,0,0,0,0,115,23,0.234783,0,0,0,0,0,0,0,0,0
1,cage,100,qpFixed,1,1,0.0387963,6603,37,17.1412,1591,1591,0,0.000203553,0.00249477,0,0,0.00889817,0,22,17,1.68182,0,0,0,1,0,0,6603,1656340,5485
1,cage,100,qpPlain,1,1,0.0418165,6603,37,17.1412,1591,1591,0,0.000203553,0.00249477,0,0,0.00889817,0,22,17,1.68182,0,0,0,1,0,0,6603,2264829,6603
1,cage,100,qpAdaptive,1,1,0.0295996,4488,33,17.1687,1272,1272,0,0.000668346,0.00249477,0,0,0.0130983,0.124332,22,17,1.5,0,0,0,0.874554,0.121881,0.00356506,4488,1175669,4414
1,cage,100,qpFreeGate,1,1,2.54657,512885,938,23.1765,2519,2519,0,0.00378095,0.00249477,0,0,0.00283102,0,5268,923,0.178056,0,0,0,1,0,0,0,0,0
1,cage,100,qpEnvelope,1,1,0.0280337,4176,34,15.3127,1128,1128,0,0.000516968,0.00249477,0,0,0.0141557,0.0443008,22,17,1.54545,0,0,0,0.954981,0.0404693,0.00454981,4176,1093587,4146
1,bookshelf_tall,4,isSafe,1,0,10.0094,2,1,0,0,0,0,inf,inf,0,0,0,0,0,0,0,0,0,0,0,0,0,0,0,0
1,bookshelf_tall,4,qpFixed,1,0,10.0008,545720,2513,0,0,0,0,inf,inf,0,0,0.00839763,0,8571,2511,0.293198,0,0,0,1,0,0,545720,161786392,470289
1,bookshelf_tall,4,qpPlain,1,0,10.0015,544069,2505,0,0,0,0,inf,inf,0,0,0.00839863,0,8544,2503,0.293188,0,0,0,1,0,0,544069,186615667,544069
1,bookshelf_tall,4,qpAdaptive,1,0,10.0002,560529,3272,0,0,0,0,inf,inf,0,0,0.0105441,0.115525,11493,3270,0.284695,0,0,0,0.881725,0.114868,0.003407,560529,167748324,544036
1,bookshelf_tall,4,qpFreeGate,1,0,10.0002,873458,2766,0,0,0,0,inf,inf,0,0,0.00395125,0,17829,2764,0.155141,0,0,0,1,0,0,0,0,0
1,bookshelf_tall,4,qpEnvelope,1,0,10.0005,514184,3306,0,0,0,0,inf,inf,0,0,0.0117216,0.0219299,11703,3304,0.282492,0,0,0,0.977492,0.0185712,0.00393641,514184,153490184,508943
1,bookshelf_tall,11,isSafe,1,1,0.0723863,9128,47,15.2502,9,764,0,0.00577893,0.00249477,0,0,0,0,311,42,0.151125,0,0,0,0,0,0,0,0,0
1,bookshelf_tall,11,qpFixed,1,1,0.0125922,895,9,7.33066,613,613,0,0.000280801,0.00249477,0,0,0.0109379,0,2,2,4.5,0,0,0,1,0,0,895,247726,807
1,bookshelf_tall,11,qpPlain,1,1,0.0129241,895,9,7.33066,613,613,0,0.000280801,0.00249477,0,0,0.0109379,0,2,2,4.5,0,0,0,1,0,0,895,306985,895
1,bookshelf_tall,11,qpAdaptive,1,1,0.00857451,557,10,7.33777,544,544,0,0.000280739,0.00249477,0,0,0.0175895,0.256732,2,2,5,0,0,0,0.736086,0.251346,0.0125673,557,162625,540
1,bookshelf_tall,11,qpFreeGate,1,1,0.454716,38285,70,16.7235,1669,1669,0,0.00615429,0.00249477,0,0,0.00329718,0,318,65,0.220126,0,0,0,1,0,0,0,0,0
1,bookshelf_tall,11,qpEnvelope,1,1,0.00700185,428,11,7.32515,493,493,0,0.000276671,0.00249477,0,0,0.0228653,0.121495,2,2,5.5,0,0,0,0.873832,0.107477,0.0186916,428,126645,421
1,bookshelf_tall,19,isSafe,1,1,0.0690277,9311,48,18.5083,11,927,0,0.00623182,0.00249477,0,0,0,0,222,43,0.216216,0,0,0,0,0,0,0,0,0
1,bookshelf_tall,19,qpFixed,1,1,0.1256,9702,59,14.3134,1139,1139,23,-0.00218766,0.00249477,0,0,0.00950727,0,31,26,1.90323,0,0,0,1,0,0,9702,2545225,8138
1,bookshelf_tall,19,qpPlain,1,1,0.136247,9702,59,14.3134,1139,1139,23,-0.00218766,0.00249477,0,0,0.00950727,0,31,26,1.90323,0,0,0,1,0,0,9702,3327786,9702
1,bookshelf_tall,19,qpAdaptive,1,1,0.0866518,6253,59,14.299,1034,1034,14,-8.39457e-05,0.00249477,0,0,0.0147926,0.247561,31,26,1.90323,0,0,0,0.75036,0.242604,0.00703662,6253,1646522,5938
1,bookshelf_tall,19,qpFreeGate,1,1,0.0244591,2172,11,12.8784,1013,1013,0,0.00690703,0.00249477,0,0,0.00722383,0,11,6,1,0,0,0,1,0,0,0,0,0
1,bookshelf_tall,19,qpEnvelope,1,1,0.00605427,377,18,11.6623,668,668,0,0.00116037,0.00249477,0,0,0.0447051,0.267905,4,4,4.5,0,0,0,0.721485,0.236074,0.0424403,377,114763,341
1,bookshelf_tall,27,isSafe,1,0,10.0055,2,1,0,0,0,0,inf,inf,0,0,0,0,0,0,0,0,0,0,0,0,0,0,0,0
1,bookshelf_tall,27,qpFixed,1,0,10,737939,3272,0,0,0,0,inf,inf,0,0,0.00809601,0,11724,3270,0.279086,0,0,0,1,0,0,737939,219407295,648389
1,bookshelf_tall,27,qpPlain,1,0,10.0009,543530,2468,0,0,0,0,inf,inf,0,0,0.00834579,0,8499,2466,0.290387,0,0,0,1,0,0,543530,186430790,543530
1,bookshelf_tall,27,qpAdaptive,1,0,10.0003,589495,3281,0,0,0,0,inf,inf,0,0,0.0101658,0.10948,11763,3279,0.278925,0,0,0,0.888019,0.108859,0.00312236,589495,176865170,572978
1,bookshelf_tall,27,qpFreeGate,1,0,10.0007,690624,2071,0,0,0,0,inf,inf,0,0,0.00392159,0,13711,2069,0.151047,0,0,0,1,0,0,0,0,0
1,bookshelf_tall,27,qpEnvelope,1,0,10.0014,585664,3579,0,0,0,0,inf,inf,0,0,0.0112511,0.0225249,13083,3577,0.273561,0,0,0,0.976888,0.0193921,0.00371996,585664,175526981,580008
1,bookshelf_tall,34,isSafe,1,0,10.0017,2,1,0,0,0,0,inf,inf,0,0,0,0,0,0,0,0,0,0,0,0,0,0,0,0
1,bookshelf_tall,34,qpFixed,1,0,10.0018,695173,3125,0,0,0,0,inf,inf,0,0,0.00814319,0,11087,3123,0.281862,0,0,0,1,0,0,695173,206292811,607561
1,bookshelf_tall,34,qpPlain,1,0,10.0001,522071,2429,0,0,0,0,inf,inf,0,0,0.00840904,0,8251,2427,0.294389,0,0,0,1,0,0,522071,179070353,522071
1,bookshelf_tall,34,qpAdaptive,1,0,10.0003,535649,3085,0,0,0,0,inf,inf,0,0,0.0104686,0.114205,10879,3083,0.283574,0,0,0,0.883113,0.113521,0.00336543,535649,160390445,519683
1,bookshelf_tall,34,qpFreeGate,1,0,10.0026,757176,2382,0,0,0,0,inf,inf,0,0,0.00395646,0,15543,2380,0.153252,0,0,0,1,0,0,0,0,0
1,bookshelf_tall,34,qpEnvelope,1,0,10.0007,595336,3690,0,0,0,0,inf,inf,0,0,0.0112751,0.0236891,13537,3688,0.272586,0,0,0,0.975687,0.020382,0.00393073,595336,177662534,589520
1,bookshelf_tall,41,isSafe,1,1,0.027668,1575,10,13.4756,8,675,0,0.00333988,0.00249477,0,0,0,0,14,6,0.714286,0,0,0,0,0,0,0,0,0
1,bookshelf_tall,41,qpFixed,1,1,0.0620278,4359,26,11.3758,984,984,0,0.000565708,0.00249477,0,0,0.00966403,0,14,12,1.85714,0,0,0,1,0,0,4359,1108404,3734
1,bookshelf_tall,41,qpPlain,1,1,0.062815,4359,26,11.3758,984,984,0,0.000565708,0.00249477,0,0,0.00966403,0,14,12,1.85714,0,0,0,1,0,0,4359,1495137,4359
1,bookshelf_tall,41,qpAdaptive,1,1,0.0431566,2941,25,11.3949,802,802,0,0.000559784,0.00249477,0,0,0.0143702,0.278137,14,12,1.78571,0,0,0,0.719823,0.274736,0.00544033,2941,773357,2821
1,bookshelf_tall,41,qpFreeGate,1,1,0.118341,5041,26,16.6775,1588,1588,0,0.00549714,0.00249477,0,0,0.00603678,0,25,14,1.04,0,0,0,1,0,0,0,0,0
1,bookshelf_tall,41,qpEnvelope,1,1,0.0625004,1997,25,11.4569,692,692,0,0.000439787,0.00249477,0,0,0.0213084,0.175263,14,12,1.78571,0,0,0,0.824236,0.166249,0.00951427,1997,532897,1956
1,bookshelf_tall,48,isSafe,1,0,10.0038,929025,8269,0,0,0,0,inf,inf,0,0,0,0,75315,8267,0.109792,0,0,0,0,0,0,0,0,0
1,bookshelf_tall,48,qpFixed,1,0,10.0145,467889,1073,0,0,0,0,inf,inf,0,0,0.00612138,0,1962,957,0.546891,0,0,0,1,0,0,467889,139789696,446795
1,bookshelf_tall,48,qpPlain,1,0,10.0041,573076,1253,0,0,0,0,inf,inf,0,0,0.00602361,0,2476,1136,0.506058,0,0,0,1,0,0,573076,196565068,573076
1,bookshelf_tall,48,qpAdaptive,1,0,10.0024,516363,1246,0,0,0,0,inf,inf,0,0,0.00661946,0.0549458,2443,1129,0.510029,0,0,0,0.944798,0.0543127,0.000888911,516363,154784800,510521
1,bookshelf_tall,48,qpFreeGate,1,0,10.0007,777975,1296,0,0,0,0,inf,inf,0,0,0.00268818,0,7002,1294,0.18509,0,0,0,1,0,0,0,0,0
1,bookshelf_tall,48,qpEnvelope,1,0,10.0063,455047,1180,0,0,0,0,inf,inf,0,0,0.00707907,0.0108165,2278,1063,0.517998,0,0,0,0.989133,0.00985615,0.00101089,455047,136105379,453342
1,bookshelf_tall,55,isSafe,1,1,0.238962,24527,120,11.0814,7,556,0,0.004577,0.00249477,0,0,0,0,1058,117,0.113422,0,0,0,0,0,0,0,0,0
1,bookshelf_tall,55,qpFixed,1,1,0.0122849,490,6,6.64791,491,491,0,0.0049419,0.00249477,0,0,0.0135672,0,1,1,6,0,0,0,1,0,0,490,140442,225
1,bookshelf_tall,55,qpPlain,1,1,0.0122102,490,6,6.64791,491,491,0,0.0049419,0.00249477,0,0,0.0135672,0,1,1,6,0,0,0,1,0,0,490,168070,490
1,bookshelf_tall,55,qpAdaptive,1,1,0.00578445,200,6,6.64116,421,421,0,0.0049419,0.00249477,0,0,0.0332058,0.655,1,1,6,0,0,0,0.335,0.645,0.02,200,62025,169
1,bookshelf_tall,55,qpFreeGate,1,1,0.537757,30825,74,13.2961,1498,1498,0,0.00165981,0.00249477,0,0,0.00335008,0,213,54,0.347418,0,0,0,1,0,0,0,0,0
1,bookshelf_tall,55,qpEnvelope,1,1,0.00104421,62,6,6.6663,365,365,0,0.0049574,0.00249477,0,0,0.107521,0.83871,1,1,6,0,0,0,0.16129,0.774194,0.0645161,62,19055,51
1,bookshelf_tall,62,isSafe,1,1,0.231412,15724,76,16.0157,10,802,0,0.00572261,0.00249477,0,0,0,0,484,72,0.157025,0,0,0,0,0,0,0,0,0
1,bookshelf_tall,62,qpFixed,1,1,0.0249858,1037,9,10.4832,884,884,0,0.0011416,0.00249477,0,0,0.01095,0,2,2,4.5,0,0,0,1,0,0,1037,288863,503
1,bookshelf_tall,62,qpPlain,1,1,0.0255079,1037,9,10.4832,884,884,0,0.0011416,0.00249477,0,0,0.01095,0,2,2,4.5,0,0,0,1,0,0,1037,355691,1037
1,bookshelf_tall,62,qpAdaptive,1,1,0.01668,530,9,10.4833,705,705,0,0.00113876,0.00249477,0,0,0.0214248,0.211321,2,2,4.5,0,0,0,0.783019,0.20566,0.0113208,530,161630,480
1,bookshelf_tall,62,qpFreeGate,1,1,0.481563,24232,59,17.8488,1675,1675,0,0.00283226,0.00249477,0,0,0.00410642,0,200,53,0.295,0,0,0,1,0,0,0,0,0
1,bookshelf_tall,62,qpEnvelope,1,1,0.00719014,271,9,10.4864,593,593,0,0.00115338,0.00249477,0,0,0.0419097,0.280443,2,2,4.5,0,0,0,0.715867,0.258303,0.0258303,271,82594,255
1,bookshelf_tall,70,isSafe,1,1,0.0154527,1908,12,12.2364,8,613,0,0.00314818,0.00249477,0,0,0,0,51,8,0.235294,0,0,0,0,0,0,0,0,0
1,bookshelf_tall,70,qpFixed,1,1,0.0649085,4700,27,12.6507,1041,1041,0,0.000419687,0.00249477,0,0,0.00880857,0,11,11,2.45455,0,0,0,1,0,0,4700,1295295,4546
1,bookshelf_tall,70,qpPlain,1,1,0.0675934,4700,27,12.6507,1041,1041,0,0.000419687,0.00249477,0,0,0.00880857,0,11,11,2.45455,0,0,0,1,0,0,4700,1612100,4700
1,bookshelf_tall,70,qpAdaptive,1,1,0.0466653,3177,27,12.6564,930,930,0,0.000419559,0.00249477,0,0,0.0130314,0.29084,11,11,2.45455,0,0,0,0.708215,0.286749,0.0050362,3177,901796,3158
1,bookshelf_tall,70,qpFreeGate,1,1,0.313376,26601,43,17.2061,1538,1538,0,0.00314643,0.00249477,0,0,0.00293301,0,208,38,0.206731,0,0,0,1,0,0,0,0,0
1,bookshelf_tall,70,qpEnvelope,1,1,0.0386928,2548,27,12.678,844,844,0,0.000353821,0.00249477,0,0,0.0162775,0.241366,11,11,2.45455,0,0,0,0.756279,0.236264,0.00745683,2548,729907,2538
1,bookshelf_tall,77,isSafe,1,1,0.0874357,11819,60,14.6454,9,734,0,0.00962253,0.00249477,0,0,0,0,412,56,0.145631,0,0,0,0,0,0,0,0,0
1,bookshelf_tall,77,qpFixed,1,1,0.0203243,1505,17,12.7309,1095,1095,0,0.000362795,0.00249477,0,0,0.00983496,0,4,3,4.25,0,0,0,1,0,0,1505,435099,1244
1,bookshelf_tall,77,qpPlain,1,1,0.0207326,1505,17,12.7309,1095,1095,0,0.000362795,0.00249477,0,0,0.00983496,0,4,3,4.25,0,0,0,1,0,0,1505,516215,1505
1,bookshelf_tall,77,qpAdaptive,1,1,0.0142207,956,18,12.7945,888,888,0,0.000355339,0.00249477,0,0,0.0155433,0.150628,4,3,4.5,0,0,0,0.843096,0.142259,0.0146444,956,286806,911
1,bookshelf_tall,77,qpFreeGate,1,1,0.281981,24754,49,15.2558,1558,1558,0,0.00962253,0.00249477,0,0,0.00337449,0,180,44,0.272222,0,0,0,1,0,0,0,0,0
1,bookshelf_tall,77,qpEnvelope,1,1,0.0119294,778,18,12.8982,824,824,0,0.000325252,0.00249477,0,0,0.0192177,0.0899743,4,3,4.5,0,0,0,0.90617,0.0758355,0.0179949,778,232942,760
1,bookshelf_tall,84,isSafe,1,1,0.00630419,812,7,8.03249,6,403,0,0.00303427,0.00249477,0,0,0,0,4,2,1.75,0,0,0,0,0,0,0,0,0
1,bookshelf_tall,84,qpFixed,1,1,0.00383235,297,5,4.1487,298,298,0,0.00260079,0.00249477,0,0,0.0139687,0,1,1,5,0,0,0,1,0,0,297,82098,210
1,bookshelf_tall,84,qpPlain,1,1,0.00393592,297,5,4.1487,298,298,0,0.00260079,0.00249477,0,0,0.0139687,0,1,1,5,0,0,0,1,0,0,297,101871,297
1,bookshelf_tall,84,qpAdaptive,1,1,0.00178042,126,5,4.15132,270,270,0,0.00260093,0.00249477,0,0,0.032947,0.809524,1,1,5,0,0,0,0.18254,0.793651,0.0238095,126,37399,112
1,bookshelf_tall,84,qpFreeGate,1,1,0.00937274,802,15,6.6369,519,519,0,0.00303427,0.00249477,0,0,0.0108117,0,4,3,3.75,0,0,0,1,0,0,0,0,0
1,bookshelf_tall,84,qpEnvelope,1,1,0.000797829,47,6,4.16812,230,230,0,0.0026008,0.00249477,0,0,0.0886835,0.723404,1,1,6,0,0,0,0.255319,0.659574,0.0851064,47,14022,43
1,bookshelf_tall,91,isSafe,1,1,0.202728,27323,138,13.737,8,688,0,0.0023527,0.00249477,0,0,0,0,1312,135,0.105183,0,0,0,0,0,0,0,0,0
1,bookshelf_tall,91,qpFixed,1,1,0.00793519,643,7,9.01786,644,644,0,0.00315696,0.00249477,0,0,0.0140247,0,1,1,7,0,0,0,1,0,0,643,181741,305
1,bookshelf_tall,91,qpPlain,1,1,0.00817408,643,7,9.01786,644,644,0,0.00315696,0.00249477,0,0,0.0140247,0,1,1,7,0,0,0,1,0,0,643,220549,643
1,bookshelf_tall,91,qpAdaptive,1,1,0.00429446,310,7,9.01944,551,551,0,0.00314391,0.00249477,0,0,0.029095,0.329032,1,1,7,0,0,0,0.670968,0.319355,0.00967742,310,94442,278
1,bookshelf_tall,91,qpFreeGate,1,1,1.77893,35115,74,17.5432,1764,1764,0,0.00186615,0.00249477,0,0,0.00346428,0,278,67,0.266187,0,0,0,1,0,0,0,0,0
1,bookshelf_tall,91,qpEnvelope,1,1,0.00282087,186,7,9.04718,521,521,0,0.00289207,0.00249477,0,0,0.0486408,0.290323,1,1,7,0,0,0,0.709677,0.268817,0.0215054,186,56596,172
1,bookshelf_tall,100,isSafe,1,0,10.0067,2,1,0,0,0,0,inf,inf,0,0,0,0,0,0,0,0,0,0,0,0,0,0,0,0
1,bookshelf_tall,100,qpFixed,1,0,10.0006,571495,2603,0,0,0,0,inf,inf,0,0,0.00817917,0,9043,2601,0.287847,0,0,0,1,0,0,571495,169149815,496207
1,bookshelf_tall,100,qpPlain,1,0,10.0001,584995,2656,0,0,0,0,inf,inf,0,0,0.00815862,0,9265,2654,0.28667,0,0,0,1,0,0,584995,200653285,584995
1,bookshelf_tall,100,qpAdaptive,1,0,10.0032,619284,3502,0,0,0,0,inf,inf,0,0,0.010126,0.116682,12681,3500,0.276161,0,0,0,0.880563,0.115993,0.00344413,619284,184889600,600937
1,bookshelf_tall,100,qpFreeGate,1,0,10.001,798575,2510,0,0,0,0,inf,inf,0,0,0.00392395,0,16095,2508,0.155949,0,0,0,1,0,0,0,0,0
1,bookshelf_tall,100,qpEnvelope,1,0,10.0174,488905,3128,0,0,0,0,inf,inf,0,0,0.0116068,0.0283388,11231,3126,0.278515,0,0,0,0.97091,0.0250144,0.00407569,488905,145487276,483714
1,bookshelf_thin,7,isSafe,1,0,10.0002,2,1,0,0,0,0,inf,inf,0,0,0,0,0,0,0,0,0,0,0,0,0,0,0,0
1,bookshelf_thin,7,qpFixed,1,1,0.0064427,444,6,6.36917,445,445,0,0.00373586,0.00249477,0,0,0.014345,0,1,1,6,0,0,0,1,0,0,444,123113,136
1,bookshelf_thin,7,qpPlain,1,1,0.0066364,444,6,6.36917,445,445,0,0.00373586,0.00249477,0,0,0.014345,0,1,1,6,0,0,0,1,0,0,444,152292,444
1,bookshelf_thin,7,qpAdaptive,1,1,0.0027127,165,6,6.36917,386,386,0,0.00373586,0.00249477,0,0,0.038601,0.169697,1,1,6,0,0,0,0.830303,0.145455,0.0242424,165,50521,136
1,bookshelf_thin,7,qpFreeGate,1,0,10.0006,603519,1878,0,0,0,0,inf,inf,0,0,0.00416202,0,11743,1876,0.159925,0,0,0,1,0,0,0,0,0
1,bookshelf_thin,7,qpEnvelope,1,1,0.00213548,116,6,6.37256,373,373,0,0.00373586,0.00249477,0,0,0.0549359,0.344828,1,1,6,0,0,0,0.655172,0.310345,0.0344828,116,35710,104
1,bookshelf_thin,14,isSafe,1,1,0.0403232,4154,22,7.89891,5,396,0,0.00292829,0.00249477,0,0,0,0,74,19,0.297297,0,0,0,0,0,0,0,0,0
1,bookshelf_thin,14,qpFixed,1,1,0.00553674,386,9,5.77516,387,387,0,0.00256206,0.00249477,0,0,0.0149616,0,1,1,9,0,0,0,1,0,0,386,101446,190
1,bookshelf_thin,14,qpPlain,1,1,0.00578935,386,9,5.77516,387,387,0,0.00256206,0.00249477,0,0,0.0149616,0,1,1,9,0,0,0,1,0,0,386,132398,386
1,bookshelf_thin,14,qpAdaptive,1,1,0.00255206,168,9,5.79347,343,343,0,0.00257189,0.00249477,0,0,0.0344849,0.327381,1,1,9,0,0,0,0.654762,0.303571,0.0416667,168,41650,126
1,bookshelf_thin,14,qpFreeGate,1,1,0.404279,18239,47,11.2458,932,932,0,0.00407233,0.00249477,0,0,0.00430816,0,135,41,0.348148,0,0,0,1,0,0,0,0,0
1,bookshelf_thin,14,qpEnvelope,1,1,0.00176753,98,12,5.85611,324,324,0,0.0026468,0.00249477,0,0,0.0597562,0.244898,1,1,12,0,0,0,0.714286,0.183673,0.102041,98,24330,81
1,bookshelf_thin,21,isSafe,1,1,0.0630945,6515,34,18.438,11,923,0,0.00183362,0.00249477,0,0,0,0,150,30,0.226667,0,0,0,0,0,0,0,0,0
1,bookshelf_thin,21,qpFixed,1,1,0.0179943,1250,14,6.84893,547,547,0,0.00416675,0.00249477,0,0,0.0131583,0,3,3,4.66667,0,0,0,1,0,0,1250,323553,666
1,bookshelf_thin,21,qpPlain,1,1,0.019079,1250,14,6.84893,547,547,0,0.00416675,0.00249477,0,0,0.0131583,0,3,3,4.66667,0,0,0,1,0,0,1250,428750,1250
1,bookshelf_thin,21,qpAdaptive,1,1,0.00632746,397,15,6.87184,445,445,0,0.00414043,0.00249477,0,0,0.0415149,0.516373,3,3,5,0,0,0,0.476071,0.486146,0.0377834,397,107206,333
1,bookshelf_thin,21,qpFreeGate,1,1,0.127822,9457,32,17.602,1644,1644,0,0.00443336,0.00249477,0,0,0.00574764,0,81,26,0.395062,0,0,0,1,0,0,0,0,0
1,bookshelf_thin,21,qpEnvelope,1,1,0.00356262,199,12,6.8872,387,387,0,0.00228433,0.00249477,0,0,0.082979,0.462312,3,3,4,0,0,0,0.537688,0.40201,0.0603015,199,54037,175
1,bookshelf_thin,28,isSafe,1,1,0.0107643,1110,8,8.70274,6,437,0,0.00108564,0.00249477,0,0,0,0,10,4,0.8,0,0,0,0,0,0,0,0,0
1,bookshelf_thin,28,qpFixed,1,1,0.0286487,1901,17,14.2537,1220,1220,36,-0.00195044,0.00249477,0,0,0.0107104,0,5,5,3.4,0,0,0,1,0,0,1901,537324,1219
1,bookshelf_thin,28,qpPlain,1,1,0.0293245,1901,17,14.2537,1220,1220,36,-0.00195044,0.00249477,0,0,0.0107104,0,5,5,3.4,0,0,0,1,0,0,1901,652043,1901
1,bookshelf_thin,28,qpAdaptive,1,1,0.0139906,842,17,14.2609,989,989,36,-0.00170685,0.00249477,0,0,0.0242339,0.269596,5,5,3.4,0,0,0,0.72209,0.260095,0.0178147,842,239292,793
1,bookshelf_thin,28,qpFreeGate,1,1,0.0228467,1689,14,9.99882,960,960,0,0.00121227,0.00249477,0,0,0.00720958,0,10,6,1.4,0,0,0,1,0,0,0,0,0
1,bookshelf_thin,28,qpEnvelope,1,1,0.00940865,519,16,14.2534,934,934,35,-0.00219102,0.00249477,0,0,0.039592,0.146435,5,5,3.2,0,0,0,0.853565,0.117534,0.0289017,519,143255,501
1,bookshelf_thin,35,isSafe,1,0,10.0016,2,1,0,0,0,0,inf,inf,0,0,0,0,0,0,0,0,0,0,0,0,0,0,0,0
1,bookshelf_thin,35,qpFixed,1,0,10,490062,2214,0,0,0,0,inf,inf,0,0,0.008463,0,7577,2212,0.2922,0,0,0,1,0,0,490062,143881346,415699
1,bookshelf_thin,35,qpPlain,1,0,10.0005,462063,2101,0,0,0,0,inf,inf,0,0,0.00851363,0,7131,2099,0.294629,0,0,0,1,0,0,462063,158487609,462063
1,bookshelf_thin,35,qpAdaptive,1,0,10.0099,576783,3304,0,0,0,0,inf,inf,0,0,0.0105241,0.110737,11757,3302,0.281024,0,0,0,0.886732,0.109897,0.00337032,576783,170637213,558735
1,bookshelf_thin,35,qpFreeGate,1,0,10.0002,732093,2362,0,0,0,0,inf,inf,0,0,0.00422918,0,14685,2360,0.160844,0,0,0,1,0,0,0,0,0
1,bookshelf_thin,35,qpEnvelope,1,0,10.0013,543105,3401,0,0,0,0,inf,inf,0,0,0.0115577,0.0162087,12209,3399,0.278565,0,0,0,0.983394,0.0128092,0.00379684,543105,160271018,537823
1,bookshelf_thin,42,isSafe,1,0,10.0052,2,1,0,0,0,0,inf,inf,0,0,0,0,0,0,0,0,0,0,0,0,0,0,0,0
1,bookshelf_thin,42,qpFixed,1,0,10.0101,452068,2061,0,0,0,0,inf,inf,0,0,0.00856789,0,6961,2059,0.296078,0,0,0,1,0,0,452068,132328138,379165
1,bookshelf_thin,42,qpPlain,1,0,10.0046,588488,2609,0,0,0,0,inf,inf,0,0,0.00832437,0,9145,2607,0.285293,0,0,0,1,0,0,588488,201851384,588488
1,bookshelf_thin,42,qpAdaptive,1,0,10.0015,382636,2276,0,0,0,0,inf,inf,0,0,0.0111527,0.111937,7747,2274,0.293791,0,0,0,0.885491,0.111048,0.00346095,382636,113059025,368560
1,bookshelf_thin,42,qpFreeGate,1,0,10.0002,574421,1879,0,0,0,0,inf,inf,0,0,0.00435416,0,11253,1877,0.166978,0,0,0,1,0,0,0,0,0
1,bookshelf_thin,42,qpEnvelope,1,0,10.0004,515647,3182,0,0,0,0,inf,inf,0,0,0.0116314,0.0168875,11485,3180,0.277057,0,0,0,0.982687,0.0135202,0.003793,515647,152170672,510246
1,bookshelf_thin,49,isSafe,1,0,10.0101,2,1,0,0,0,0,inf,inf,0,0,0,0,0,0,0,0,0,0,0,0,0,0,0,0
1,bookshelf_thin,49,qpFixed,1,0,10.0001,558627,2564,0,0,0,0,inf,inf,0,0,0.00837896,0,8809,2562,0.291066,0,0,0,1,0,0,558627,164457585,471328
1,bookshelf_thin,49,qpPlain,1,0,10.0015,495246,2296,0,0,0,0,inf,inf,0,0,0.00848193,0,7771,2294,0.295457,0,0,0,1,0,0,495246,169869378,495246
1,bookshelf_thin,49,qpAdaptive,1,0,10.0021,423087,2529,0,0,0,0,inf,inf,0,0,0.0109442,0.112901,8701,2527,0.290656,0,0,0,0.88446,0.112035,0.00350544,423087,125858941,407760
1,bookshelf_thin,49,qpFreeGate,1,0,10.0037,479332,1609,0,0,0,0,inf,inf,0,0,0.00449682,0,9415,1607,0.170898,0,0,0,1,0,0,0,0,0
1,bookshelf_thin,49,qpEnvelope,1,0,10.0006,487441,3135,0,0,0,0,inf,inf,0,0,0.0117462,0.0161394,11075,3133,0.28307,0,0,0,0.983428,0.0126909,0.00388079,487441,144627586,481664
1,bookshelf_thin,56,isSafe,1,1,0.090097,4644,24,15.3858,9,771,0,0.00905226,0.00249477,0,0,0,0,90,20,0.266667,0,0,0,0,0,0,0,0,0
1,bookshelf_thin,56,qpFixed,1,1,0.0134039,502,6,7.03581,571,571,0,0.00391409,0.00249477,0,0,0.0140156,0,1,1,6,0,0,0,1,0,0,502,136975,256
1,bookshelf_thin,56,qpPlain,1,1,0.0166798,502,6,7.03581,571,571,0,0.00391409,0.00249477,0,0,0.0140156,0,1,1,6,0,0,0,1,0,0,502,172186,502
1,bookshelf_thin,56,qpAdaptive,1,1,0.00704359,247,6,7.05993,461,461,0,0.00391276,0.00249477,0,0,0.0285827,0.307692,1,1,6,0,0,0,0.692308,0.295547,0.0121457,247,70220,215
1,bookshelf_thin,56,qpFreeGate,1,1,0.267024,11966,33,17.1516,1323,1323,0,0.00903634,0.00249477,0,0,0.00462317,0,90,29,0.366667,0,0,0,1,0,0,0,0,0
1,bookshelf_thin,56,qpEnvelope,1,1,0.00498251,107,6,7.11767,405,405,0,0.0038254,0.00249477,0,0,0.0665203,0.504673,1,1,6,0,0,0,0.495327,0.476636,0.0280374,107,30714,92
1,bookshelf_thin,63,isSafe,1,1,0.033065,3412,19,13.082,8,656,0,0.00220829,0.00249477,0,0,0,0,53,15,0.358491,0,0,0,0,0,0,0,0,0
1,bookshelf_thin,63,qpFixed,1,1,0.0282665,1978,16,14.4798,1187,1187,0,0.00100132,0.00249477,0,0,0.0117877,0,5,5,3.2,0,0,0,1,0,0,1978,500106,1137
1,bookshelf_thin,63,qpPlain,1,1,0.0299796,1978,16,14.4798,1187,1187,0,0.00100132,0.00249477,0,0,0.0117877,0,5,5,3.2,0,0,0,1,0,0,1978,678454,1978
1,bookshelf_thin,63,qpAdaptive,1,1,0.0131625,856,16,14.4817,965,965,0,0.000952332,0.00249477,0,0,0.0272703,0.443925,5,5,3.2,0,0,0,0.556075,0.431075,0.0128505,856,214563,725
1,bookshelf_thin,63,qpFreeGate,1,1,0.225448,16778,45,11.593,1254,1254,0,0.00250185,0.00249477,0,0,0.00423888,0,126,36,0.357143,0,0,0,1,0,0,0,0,0
1,bookshelf_thin,63,qpEnvelope,1,1,0.00658107,381,20,9.06818,551,551,0,0.00118559,0.00249477,0,0,0.0610111,0.333333,6,5,3.33333,0,0,0,0.656168,0.293963,0.0498688,381,95423,356
1,bookshelf_thin,70,isSafe,1,1,0.0934903,9637,50,16.2275,10,813,0,0.00261695,0.00249477,0,0,0,0,262,46,0.19084,0,0,0,0,0,0,0,0,0
1,bookshelf_thin,70,qpFixed,1,1,0.0856119,5600,30,17.4975,1456,1456,0,0.000263961,0.00249477,0,0,0.00909116,0,19,14,1.57895,0,0,0,1,0,0,5600,1403555,4685
1,bookshelf_thin,70,qpPlain,1,1,0.0905502,5600,30,17.4975,1456,1456,0,0.000263961,0.00249477,0,0,0.00909116,0,19,14,1.57895,0,0,0,1,0,0,5600,1920800,5600
1,bookshelf_thin,70,qpAdaptive,1,1,0.0274272,1625,17,13.5938,1139,1139,0,5.76756e-05,0.00249477,0,0,0.0152115,0.108308,7,5,2.42857,0,0,0,0.890462,0.104,0.00553846,1625,438284,1578
1,bookshelf_thin,70,qpFreeGate,1,1,0.219692,16291,42,14.3824,1299,1299,0,0.00260798,0.00249477,0,0,0.00439331,0,119,35,0.352941,0,0,0,1,0,0,0,0,0
1,bookshelf_thin,70,qpEnvelope,1,1,0.0247893,1436,17,13.5408,1085,1085,0,5.66763e-05,0.00249477,0,0,0.0171936,0.0842618,7,5,2.42857,0,0,0,0.915042,0.0779944,0.00696379,1436,387549,1415
1,bookshelf_thin,78,isSafe,1,0,10.0091,2,1,0,0,0,0,inf,inf,0,0,0,0,0,0,0,0,0,0,0,0,0,0,0,0
1,bookshelf_thin,78,qpFixed,1,0,10.0123,579597,2641,0,0,0,0,inf,inf,0,0,0.00835811,0,9117,2639,0.289679,0,0,0,1,0,0,579597,170476893,490482
1,bookshelf_thin,78,qpPlain,1,0,10.0052,409334,1926,0,0,0,0,inf,inf,0,0,0.00866546,0,6329,1924,0.304313,0,0,0,1,0,0,409334,140401562,409334
1,bookshelf_thin,78,qpAdaptive,1,0,10.0108,572913,3256,0,0,0,0,inf,inf,0,0,0.0104448,0.103414,11617,3254,0.280279,0,0,0,0.894206,0.102502,0.0032917,572913,169794821,552894
1,bookshelf_thin,78,qpFreeGate,1,0,10.0002,601972,2004,0,0,0,0,inf,inf,0,0,0.00442756,0,11925,2002,0.16805,0,0,0,1,0,0,0,0,0
1,bookshelf_thin,78,qpEnvelope,1,0,10.0135,405373,2620,0,0,0,0,inf,inf,0,0,0.0119451,0.0177442,9053,2618,0.289407,0,0,0,0.981807,0.0144591,0.00373405,405373,119867645,400679
1,bookshelf_thin,85,isSafe,1,1,0.126445,1895,12,12.344,8,619,0,0.00165744,0.00249477,0,0,0,0,24,7,0.5,0,0,0,0,0,0,0,0,0
1,bookshelf_thin,85,qpFixed,1,1,0.103615,859,9,9.98076,862,862,0,0.000145722,0.00249477,0,0,0.011619,0,1,1,9,0,0,0,1,0,0,859,243827,602
1,bookshelf_thin,85,qpPlain,1,1,0.104151,859,9,9.98076,862,862,0,0.000145722,0.00249477,0,0,0.011619,0,1,1,9,0,0,0,1,0,0,859,294637,859
1,bookshelf_thin,85,qpAdaptive,1,1,0.0643368,596,9,9.98539,791,791,0,0.000145752,0.00249477,0,0,0.016754,0.157718,1,1,9,0,0,0,0.838926,0.154362,0.00671141,596,176088,573
1,bookshelf_thin,85,qpFreeGate,1,1,0.92465,38501,87,14.1782,1471,1471,0,0.00160595,0.00249477,0,0,0.00380207,0,271,78,0.321033,0,0,0,1,0,0,0,0,0
1,bookshelf_thin,85,qpEnvelope,1,1,0.044329,464,9,9.9954,728,728,0,0.000143116,0.00249477,0,0,0.0215418,0.116379,1,1,9,0,0,0,0.881466,0.109914,0.00862069,464,136640,453
1,bookshelf_thin,92,isSafe,1,1,0.0276143,2844,16,15.8252,9,793,0,0.00270161,0.00249477,0,0,0,0,35,11,0.457143,0,0,0,0,0,0,0,0,0
1,bookshelf_thin,92,qpFixed,1,1,0.0238477,1515,22,15.1188,1382,1382,0,1.26163e-05,0.00249477,0,0,0.0106327,0,3,3,7.33333,0,0,0,1,0,0,1515,389202,1325
1,bookshelf_thin,92,qpPlain,1,1,0.0251044,1515,22,15.1188,1382,1382,0,1.26163e-05,0.00249477,0,0,0.0106327,0,3,3,7.33333,0,0,0,1,0,0,1515,519645,1515
1,bookshelf_thin,92,qpAdaptive,1,1,0.0189304,1127,22,15.1269,1243,1243,0,1.23677e-05,0.00249477,0,0,0.0143012,0.12866,3,3,7.33333,0,0,0,0.867791,0.122449,0.00976043,1127,294129,1114
1,bookshelf_thin,92,qpFreeGate,1,1,0.067649,5011,23,13.7427,1041,1041,0,0.00707539,0.00249477,0,0,0.00619351,0,33,12,0.69697,0,0,0,1,0,0,0,0,0
1,bookshelf_thin,92,qpEnvelope,1,1,0.0149617,858,22,15.1733,1112,1112,0,9.77827e-06,0.00249477,0,0,0.0188494,0.10373,3,3,7.33333,0,0,0,0.892774,0.0909091,0.016317,858,222179,852
1,bookshelf_thin,99,isSafe,1,0,10.0003,711657,6031,0,0,0,0,inf,inf,0,0,0,0,48511,6029,0.124322,0,0,0,0,0,0,0,0,0
1,bookshelf_thin,99,qpFixed,1,0,10.0044,545598,1183,0,0,0,0,inf,inf,0,0,0.00605401,0,2323,1064,0.509255,0,0,0,1,0,0,545598,161927688,514436
1,bookshelf_thin,99,qpPlain,1,0,10.0039,536341,1167,0,0,0,0,inf,inf,0,0,0.00606382,0,2278,1048,0.512291,0,0,0,1,0,0,536341,183964963,536341
1,bookshelf_thin,99,qpAdaptive,1,0,10.0057,458171,1099,0,0,0,0,inf,inf,0,0,0.00669105,0.047085,2133,983,0.515237,0,0,0,0.952668,0.0464695,0.000862124,458171,136368911,452909
1,bookshelf_thin,99,qpFreeGate,1,0,10.0004,487617,922,0,0,0,0,inf,inf,0,0,0.00309873,0,4383,917,0.210358,0,0,0,1,0,0,0,0,0
1,bookshelf_thin,99,qpEnvelope,1,0,10.0014,467838,1171,0,0,0,0,inf,inf,0,0,0.00697126,0.00565153,2282,1055,0.513146,0,0,0,0.994321,0.00473884,0.000940501,467838,139070109,466236
1,table_under_pick,6,isSafe,1,0,2.7476e-05,1,0,0,0,0,0,inf,inf,0,0,0,0,0,0,0,0,0,0,0,0,0,0,0,0
1,table_under_pick,6,qpFixed,1,0,10.0007,796357,3584,0,0,0,0,inf,inf,0,0,0.00819364,0,12776,3582,0.280526,0,0,0,1,0,0,796357,234827913,676744
1,table_under_pick,6,qpPlain,1,0,10.0013,711837,3237,0,0,0,0,inf,inf,0,0,0.00828258,0,11394,3235,0.284097,0,0,0,1,0,0,711837,244160091,711837
1,table_under_pick,6,qpAdaptive,1,0,10.001,612379,3545,0,0,0,0,inf,inf,0,0,0.0105355,0.102232,12620,3543,0.280903,0,0,0,0.895382,0.101164,0.0034538,612379,182561679,590094
1,table_under_pick,6,qpFreeGate,1,0,10.0008,810265,2754,0,0,0,0,inf,inf,0,0,0.00427043,0,16628,2752,0.165624,0,0,0,1,0,0,0,0,0
1,table_under_pick,6,qpEnvelope,1,0,10.0016,724755,4540,0,0,0,0,inf,inf,0,0,0.0112592,0.0158661,16496,4538,0.275218,0,0,0,0.983727,0.0123321,0.0039412,724755,215566881,715089
1,table_under_pick,13,isSafe,1,1,0.0134323,2431,14,14.9686,9,750,0,0.00766899,0.00249477,0,0,0,0,65,10,0.215385,0,0,0,0,0,0,0,0,0
1,table_under_pick,13,qpFixed,1,1,0.0426603,3775,24,13.3681,1157,1157,43,-0.000197367,0.00249477,0,0,0.00981902,0,10,9,2.4,0,0,0,1,0,0,3775,1084994,3436
1,table_under_pick,13,qpPlain,1,1,0.0433102,3775,24,13.3681,1157,1157,43,-0.000197367,0.00249477,0,0,0.00981902,0,10,9,2.4,0,0,0,1,0,0,3775,1294825,3775
1,table_under_pick,13,qpAdaptive,1,1,0.0358557,2586,24,13.3597,1007,1007,63,-0.000511805,0.00249477,0,0,0.0143217,0.291957,10,9,2.4,0,0,0,0.706497,0.287703,0.00580046,2586,737348,2517
1,table_under_pick,13,qpFreeGate,1,1,0.0741914,7924,23,14.1139,1247,1247,0,0.00764269,0.00249477,0,0,0.00418539,0,58,18,0.396552,0,0,0,1,0,0,0,0,0
1,table_under_pick,13,qpEnvelope,1,1,0.0224269,1798,24,13.3298,932,932,55,-0.000288175,0.00249477,0,0,0.0204852,0.21802,10,9,2.4,0,0,0,0.781424,0.208565,0.0100111,1798,509227,1764
1,table_under_pick,20,isSafe,1,1,0.0192621,3484,19,18.3484,11,919,0,0.00390373,0.00249477,0,0,0,0,57,14,0.333333,0,0,0,0,0,0,0,0,0
1,table_under_pick,20,qpFixed,1,1,0.0737528,6844,32,18.297,1580,1580,0,0.000199524,0.00249477,0,0,0.00862198,0,25,16,1.28,0,0,0,1,0,0,6844,1747671,5368
1,table_under_pick,20,qpPlain,1,1,0.0796794,6844,32,18.297,1580,1580,0,0.000199524,0.00249477,0,0,0.00862198,0,25,16,1.28,0,0,0,1,0,0,6844,2347492,6844
1,table_under_pick,20,qpAdaptive,1,1,0.0539544,4658,32,18.3015,1202,1202,0,0.000198943,0.00249477,0,0,0.0126802,0.161228,25,16,1.28,0,0,0,0.837913,0.157578,0.00450837,4658,1147118,4472
1,table_under_pick,20,qpFreeGate,1,1,0.180164,9699,37,14.6958,1290,1290,0,0.00215726,0.00249477,0,0,0.00602398,0,73,32,0.506849,0,0,0,1,0,0,0,0,0
1,table_under_pick,20,qpEnvelope,1,1,0.0824334,3594,32,18.3717,1064,1064,0,0.000182929,0.00249477,0,0,0.0164854,0.0982193,25,16,1.28,0,0,0,0.901781,0.0915415,0.0066778,3594,881865,3526
1,table_under_pick,27,isSafe,1,0,10.0002,1204857,11219,0,0,0,0,inf,inf,0,0,0,0,97321,11217,0.115278,0,0,0,0,0,0,0,0,0
1,table_under_pick,27,qpFixed,1,0,10.0015,702580,1481,0,0,0,0,inf,inf,0,0,0.0059185,0,3030,1363,0.488779,0,0,0,1,0,0,702580,210804541,668638
1,table_under_pick,27,qpPlain,1,0,10.0001,722912,1523,0,0,0,0,inf,inf,0,0,0.00591259,0,3122,1405,0.487828,0,0,0,1,0,0,722912,247958816,722912
1,table_under_pick,27,qpAdaptive,1,0,10.0012,600074,1424,0,0,0,0,inf,inf,0,0,0.00666498,0.0637021,2895,1307,0.491883,0,0,0,0.935998,0.0629858,0.00101654,600074,180630333,593430
1,table_under_pick,27,qpFreeGate,1,0,10.0008,874552,1466,0,0,0,0,inf,inf,0,0,0.00263784,0,7741,1459,0.189381,0,0,0,1,0,0,0,0,0
1,table_under_pick,27,qpEnvelope,1,0,10.0013,644736,1575,0,0,0,0,inf,inf,0,0,0.00694978,0.00792728,3312,1463,0.475543,0,0,0,0.992025,0.00697342,0.00100196,644736,194095401,642529
1,table_under_pick,34,isSafe,1,1,0.0234338,2065,12,15.1598,9,759,0,0.000275349,0.00249477,0,0,0,0,56,8,0.214286,0,0,0,0,0,0,0,0,0
1,table_under_pick,34,qpFixed,1,1,0.0788174,3549,25,12.619,1054,1054,0,0.000740524,0.00249477,0,0,0.0101363,0,12,11,2.08333,0,0,0,1,0,0,3549,970367,3149
1,table_under_pick,34,qpPlain,1,1,0.0563017,3549,25,12.619,1054,1054,0,0.000740524,0.00249477,0,0,0.0101363,0,12,11,2.08333,0,0,0,1,0,0,3549,1217307,3549
1,table_under_pick,34,qpAdaptive,1,1,0.0252384,2127,25,12.6302,905,905,0,0.000764462,0.00249477,0,0,0.0168624,0.411378,12,11,2.08333,0,0,0,0.583921,0.407616,0.00846262,2127,574701,2015
1,table_under_pick,34,qpFreeGate,1,1,0.190304,10709,31,11.8025,1267,1267,0,0.00368302,0.00249477,0,0,0.00434997,0,74,26,0.418919,0,0,0,1,0,0,0,0,0
1,table_under_pick,34,qpEnvelope,1,1,0.0162369,1267,25,12.6324,782,782,0,0.000759282,0.00249477,0,0,0.0283956,0.349645,12,11,2.08333,0,0,0,0.649566,0.331492,0.0189424,1267,346358,1225
1,table_under_pick,41,isSafe,1,0,1.8979e-05,1,0,0,0,0,0,inf,inf,0,0,0,0,0,0,0,0,0,0,0,0,0,0,0,0
1,table_under_pick,41,qpFixed,1,0,10.0015,645562,815,0,0,0,0,inf,inf,0,0,0.00463196,0,8214,813,0.0992208,0,0,0,1,0,0,645562,194352518,638084
1,table_under_pick,41,qpPlain,1,0,10.0006,838315,987,0,0,0,0,inf,inf,0,0,0.00448222,0,10694,985,0.0922947,0,0,0,1,0,0,838315,287542045,838315
1,table_under_pick,41,qpAdaptive,1,0,10.002,690778,896,0,0,0,0,inf,inf,0,0,0.0048638,0.060607,9388,894,0.095441,0,0,0,0.93874,0.0608284,0.000431997,690778,208113863,687692
1,table_under_pick,41,qpFreeGate,1,0,10.0004,852355,446,0,0,0,0,inf,inf,0,0,0.00120475,0,18806,444,0.0237158,0,0,0,1,0,0,0,0,0
1,table_under_pick,41,qpEnvelope,1,0,10.0015,695905,938,0,0,0,0,inf,inf,0,0,0.00504603,0.00435548,9852,936,0.0952091,0,0,0,0.995593,0.00395918,0.000447799,695905,209447963,694866
1,table_under_pick,48,isSafe,1,1,0.0310029,2648,15,21.2035,12,1062,0,0.00180239,0.00249477,0,0,0,0,51,10,0.294118,0,0,0,0,0,0,0,0,0
1,table_under_pick,48,qpFixed,1,1,0.0362592,1699,13,12.5192,1214,1214,0,0.000431696,0.00249477,0,0,0.00973357,0,4,4,3.25,0,0,0,1,0,0,1699,399098,1202
1,table_under_pick,48,qpPlain,1,1,0.0381872,1699,13,12.5192,1214,1214,0,0.000431696,0.00249477,0,0,0.00973357,0,4,4,3.25,0,0,0,1,0,0,1699,582757,1699
1,table_under_pick,48,qpAdaptive,1,1,0.0187875,832,13,12.5375,940,940,0,0.000367842,0.00249477,0,0,0.019924,0.319712,4,4,3.25,0,0,0,0.677885,0.311298,0.0108173,832,189183,777
1,table_under_pick,48,qpFreeGate,1,1,0.0983975,5047,15,14.8951,1309,1309,0,0.00793922,0.00249477,0,0,0.00499019,0,28,9,0.535714,0,0,0,1,0,0,0,0,0
1,table_under_pick,48,qpEnvelope,1,1,0.0160262,565,13,12.5839,848,848,0,0.000283667,0.00249477,0,0,0.0295049,0.304425,4,4,3.25,0,0,0,0.695575,0.286726,0.0176991,565,126801,535
1,table_under_pick,55,isSafe,1,1,0.0258931,2440,14,15.6395,9,783,0,0.00789116,0.00249477,0,0,0,0,38,10,0.368421,0,0,0,0,0,0,0,0,0
1,table_under_pick,55,qpFixed,1,1,0.00810025,710,8,8.90833,694,694,0,0.00182454,0.00249477,0,0,0.0125838,0,2,2,4,0,0,0,1,0,0,710,199548,497
1,table_under_pick,55,qpPlain,1,1,0.00826034,710,8,8.90833,694,694,0,0.00182454,0.00249477,0,0,0.0125838,0,2,2,4,0,0,0,1,0,0,710,243530,710
1,table_under_pick,55,qpAdaptive,1,1,0.00464266,377,8,8.91503,586,586,0,0.00158095,0.00249477,0,0,0.0237172,0.381963,2,2,4,0,0,0,0.618037,0.374005,0.00795756,377,107307,352
1,table_under_pick,55,qpFreeGate,1,1,0.0335703,3352,12,8.59757,800,800,0,0.00789116,0.00249477,0,0,0.00479464,0,26,8,0.461538,0,0,0,1,0,0,0,0,0
1,table_under_pick,55,qpEnvelope,1,1,0.00319611,235,8,8.94092,546,546,0,0.000907457,0.00249477,0,0,0.038194,0.442553,2,2,4,0,0,0,0.557447,0.425532,0.0170213,235,68395,223
1,table_under_pick,63,isSafe,1,1,0.00964356,1594,10,13.4118,8,672,0,0.00188794,0.00249477,0,0,0,0,27,6,0.37037,0,0,0,0,0,0,0,0,0
1,table_under_pick,63,qpFixed,1,1,0.044884,3815,34,27.6454,2218,2218,0,0.000264642,0.00249477,0,0,0.010586,0,13,13,2.61538,0,0,0,1,0,0,3815,1061332,3383
1,table_under_pick,63,qpPlain,1,1,0.0475982,3815,34,27.6454,2218,2218,0,0.000264642,0.00249477,0,0,0.010586,0,13,13,2.61538,0,0,0,1,0,0,3815,1308545,3815
1,table_under_pick,63,qpAdaptive,1,1,0.0365629,2925,35,27.6807,2016,2016,0,0.000263503,0.00249477,0,0,0.0138429,0.222222,13,13,2.69231,0,0,0,0.775726,0.217778,0.00649573,2925,814513,2719
1,table_under_pick,63,qpFreeGate,1,1,0.0244853,2437,11,10.6936,1072,1072,0,0.00470849,0.00249477,0,0,0.0057127,0,13,6,0.846154,0,0,0,1,0,0,0,0,0
1,table_under_pick,63,qpEnvelope,1,1,0.0271496,2084,34,27.7786,1821,1821,0,0.00028806,0.00249477,0,0,0.0194535,0.110845,13,13,2.61538,0,0,0,0.886756,0.103167,0.0100768,2084,572309,2017
1,table_under_pick,70,isSafe,1,1,0.016123,2836,16,15.4368,9,773,0,0.00233964,0.00249477,0,0,0,0,49,11,0.326531,0,0,0,0,0,0,0,0,0
1,table_under_pick,70,qpFixed,1,1,0.0878783,7702,49,16.5118,1492,1492,18,-0.000678652,0.00249477,0,0,0.00913131,0,25,22,1.96,0,0,0,1,0,0,7702,1935454,7062
1,table_under_pick,70,qpPlain,1,1,0.0962698,7702,49,16.5118,1492,1492,18,-0.000678652,0.00249477,0,0,0.00913131,0,25,22,1.96,0,0,0,1,0,0,7702,2641786,7702
1,table_under_pick,70,qpAdaptive,1,1,0.0666414,5505,49,16.529,1276,1276,18,-0.000612232,0.00249477,0,0,0.0127832,0.307357,25,22,1.96,0,0,0,0.690952,0.304324,0.00472384,5505,1372097,5351
1,table_under_pick,70,qpFreeGate,1,1,0.131827,13811,40,20.0852,1927,1927,0,0.00240351,0.00249477,0,0,0.00423754,0,99,33,0.40404,0,0,0,1,0,0,0,0,0
1,table_under_pick,70,qpEnvelope,1,1,0.0488509,3783,49,16.6745,1162,1162,22,-0.000898984,0.00249477,0,0,0.0191987,0.24663,25,22,1.96,0,0,0,0.751983,0.237441,0.0105764,3783,960281,3704
1,table_under_pick,77,isSafe,1,1,0.0285855,5080,26,15.6186,9,782,0,0.00242604,0.00249477,0,0,0,0,209,22,0.124402,0,0,0,0,0,0,0,0,0
1,table_under_pick,77,qpFixed,1,1,0.137952,12156,70,32.2305,2743,2743,0,0.000119076,0.00249477,0,0,0.00903227,0,44,35,1.59091,0,0,0,1,0,0,12156,3048360,11423
1,table_under_pick,77,qpPlain,1,1,0.150992,12156,70,32.2305,2743,2743,0,0.000119076,0.00249477,0,0,0.00903227,0,44,35,1.59091,0,0,0,1,0,0,12156,4169508,12156
1,table_under_pick,77,qpAdaptive,1,1,0.10937,9191,69,32.2555,2422,2422,0,0.000108848,0.00249477,0,0,0.011926,0.229137,44,35,1.56818,0,0,0,0.768904,0.226961,0.00413448,9191,2310958,8792
1,table_under_pick,77,qpFreeGate,1,1,0.410644,17319,31,22.4295,2275,2275,0,0.00248346,0.00249477,0,0,0.00301739,0,134,24,0.231343,0,0,0,1,0,0,0,0,0
1,table_under_pick,77,qpEnvelope,1,1,0.0842033,6727,69,32.308,2203,2203,0,9.17814e-05,0.00249477,0,0,0.0163158,0.192508,44,35,1.56818,0,0,0,0.806452,0.186859,0.00668946,6727,1702509,6542
1,table_under_pick,84,isSafe,1,1,0.0716079,1545,9,12.9123,8,647,0,0.00725809,0.00249477,0,0,0,0,26,5,0.346154,0,0,0,0,0,0,0,0,0
1,table_under_pick,84,qpFixed,1,1,0.117764,1271,11,12.1496,948,948,0,0.00130765,0.00249477,0,0,0.0127023,0,2,2,5.5,0,0,0,1,0,0,1271,327736,571
1,table_under_pick,84,qpPlain,1,1,0.0979753,1271,11,12.1496,948,948,0,0.00130765,0.00249477,0,0,0.0127023,0,2,2,5.5,0,0,0,1,0,0,1271,435953,1271
1,table_under_pick,84,qpAdaptive,1,1,0.0248614,327,11,12.1625,726,726,0,0.0011635,0.00249477,0,0,0.0494658,0.611621,2,2,5.5,0,0,0,0.385321,0.590214,0.0244648,327,94797,282
1,table_under_pick,84,qpFreeGate,1,1,0.479629,6333,22,16.8187,1598,1598,0,0.00758156,0.00249477,0,0,0.00506315,0,39,12,0.564103,0,0,0,1,0,0,0,0,0
1,table_under_pick,84,qpEnvelope,1,1,0.0238558,211,11,12.1871,689,689,0,0.000849688,0.00249477,0,0,0.0768327,0.563981,2,2,5.5,0,0,0,0.436019,0.526066,0.0379147,211,61654,190
1,table_under_pick,91,isSafe,1,0,1.8148e-05,1,0,0,0,0,0,inf,inf,0,0,0,0,0,0,0,0,0,0,0,0,0,0,0,0
1,table_under_pick,91,qpFixed,1,0,10.0018,655850,2948,0,0,0,0,inf,inf,0,0,0.00824606,0,10384,2946,0.283898,0,0,0,1,0,0,655850,193015992,561371
1,table_under_pick,91,qpPlain,1,0,10.0009,714225,3203,0,0,0,0,inf,inf,0,0,0.0081892,0,11342,3201,0.282402,0,0,0,1,0,0,714225,244979175,714225
1,table_under_pick,91,qpAdaptive,1,0,10.0001,709218,3937,0,0,0,0,inf,inf,0,0,0.010087,0.0987073,14320,3935,0.27493,0,0,0,0.898989,0.0977336,0.00327736,709218,211258542,686425
1,table_under_pick,91,qpFreeGate,1,0,10.0008,864007,2797,0,0,0,0,inf,inf,0,0,0.00409168,0,17568,2795,0.15921,0,0,0,1,0,0,0,0,0
1,table_under_pick,91,qpEnvelope,1,0,10.0002,818278,4893,0,0,0,0,inf,inf,0,0,0.0108037,0.0152222,18230,4891,0.268404,0,0,0,0.984403,0.0118741,0.00372263,818278,243327039,809080
1,table_under_pick,98,isSafe,1,0,1.7891e-05,1,0,0,0,0,0,inf,inf,0,0,0,0,0,0,0,0,0,0,0,0,0,0,0,0
1,table_under_pick,98,qpFixed,1,0,10.0019,890804,3969,0,0,0,0,inf,inf,0,0,0.00804179,0,14270,3967,0.278136,0,0,0,1,0,0,890804,262202625,760753
1,table_under_pick,98,qpPlain,1,0,10.0003,797704,3601,0,0,0,0,inf,inf,0,0,0.00814688,0,12752,3599,0.282387,0,0,0,1,0,0,797704,273612472,797704
1,table_under_pick,98,qpAdaptive,1,0,10,775762,4318,0,0,0,0,inf,inf,0,0,0.0100617,0.0946966,15746,4316,0.274228,0,0,0,0.9031,0.0936087,0.00329111,775762,230368691,749650
1,table_under_pick,98,qpFreeGate,1,0,10.0003,878387,2860,0,0,0,0,inf,inf,0,0,0.00415425,0,17700,2858,0.161582,0,0,0,1,0,0,0,0,0
1,table_under_pick,98,qpEnvelope,1,0,10.0001,604391,3761,0,0,0,0,inf,inf,0,0,0.011369,0.0156902,13504,3759,0.27851,0,0,0,0.983921,0.0122769,0.00380212,604391,179050717,596424
1,bookshelf_small,5,isSafe,1,1,0.0412515,10803,53,18.1177,11,907,0,0.00281362,0.00249477,0,0,0,0,332,49,0.159639,0,0,0,0,0,0,0,0,0
1,bookshelf_small,5,qpFixed,1,1,0.00766776,868,9,9.09175,869,869,91,-0.00907751,0.00249477,0,0,0.0104744,0,1,1,9,0,0,0,1,0,0,868,207721,727
1,bookshelf_small,5,qpPlain,1,1,0.00864781,868,9,9.09175,869,869,91,-0.00907751,0.00249477,0,0,0.0104744,0,1,1,9,0,0,0,1,0,0,868,297724,868
1,bookshelf_small,5,qpAdaptive,1,1,0.00505237,512,11,9.0831,718,718,96,-0.0103276,0.00249477,0,0,0.0177404,0.429688,1,1,11,0,0,0,0.5625,0.423828,0.0136719,512,126929,478
1,bookshelf_small,5,qpFreeGate,1,1,0.2507,32528,57,15.8486,1669,1669,0,0.000539842,0.00249477,0,0,0.00315565,0,259,49,0.220077,0,0,0,1,0,0,0,0,0
1,bookshelf_small,5,qpEnvelope,1,1,0.00328459,294,11,12.2349,772,772,49,-0.00446709,0.00249477,0,0,0.0416225,0.391156,2,2,5.5,0,0,0,0.598639,0.37415,0.0272109,294,76336,286
1,bookshelf_small,13,isSafe,1,1,0.690633,176592,1032,8.06084,6,405,0,0.00955819,0.00249477,0,0,0,0,10158,1029,0.101595,0,0,0,0,0,0,0,0,0
1,bookshelf_small,13,qpFixed,1,1,0.0325319,3469,25,16.1142,1444,1444,0,0.000210241,0.00249477,0,0,0.00942035,0,11,9,2.27273,0,0,0,1,0,0,3469,922295,2672
1,bookshelf_small,13,qpPlain,1,1,0.0352524,3469,25,16.1142,1444,1444,0,0.000210241,0.00249477,0,0,0.00942035,0,11,9,2.27273,0,0,0,1,0,0,3469,1189867,3469
1,bookshelf_small,13,qpAdaptive,1,1,0.0225467,2130,24,16.1269,1236,1236,0,0.000209751,0.00249477,0,0,0.0153615,0.213615,11,9,2.18182,0,0,0,0.784038,0.207981,0.00798122,2130,579324,2074
1,bookshelf_small,13,qpFreeGate,1,1,0.146839,18864,46,19.653,1743,1743,0,0.00406621,0.00249477,0,0,0.0043654,0,141,38,0.326241,0,0,0,1,0,0,0,0,0
1,bookshelf_small,13,qpEnvelope,1,1,0.0169649,1514,24,16.2192,1135,1135,0,0.000196716,0.00249477,0,0,0.0217689,0.147292,11,9,2.18182,0,0,0,0.849406,0.136724,0.0138705,1514,405592,1494
1,bookshelf_small,20,isSafe,1,1,0.0053423,1397,9,9.23446,6,463,0,0.00170403,0.00249477,0,0,0,0,22,5,0.409091,0,0,0,0,0,0,0,0,0
1,bookshelf_small,20,qpFixed,1,1,0.00315103,385,5,5.44201,386,386,0,0.00841635,0.00249477,0,0,0.0141351,0,1,1,5,0,0,0,1,0,0,385,102829,127
1,bookshelf_small,20,qpPlain,1,1,0.00346798,385,5,5.44201,386,386,0,0.00841635,0.00249477,0,0,0.0141351,0,1,1,5,0,0,0,1,0,0,385,132055,385
1,bookshelf_small,20,qpAdaptive,1,1,0.00116127,117,5,5.44228,331,331,0,0.00841635,0.00249477,0,0,0.0465152,0.752137,1,1,5,0,0,0,0.247863,0.726496,0.025641,117,34770,85
1,bookshelf_small,20,qpFreeGate,1,1,0.0294891,3829,13,7.51688,686,686,0,0.00220566,0.00249477,0,0,0.00403646,0,22,7,0.590909,0,0,0,1,0,0,0,0,0
1,bookshelf_small,20,qpEnvelope,1,1,0.000474701,33,5,5.4482,291,291,0,0.00841635,0.00249477,0,0,0.165097,1,1,1,5,0,0,0,0,0.909091,0.0909091,33,9809,23
1,bookshelf_small,28,isSafe,1,1,0.00347567,915,7,9.10139,6,457,0,0.00596396,0.00249477,0,0,0,0,2,2,3.5,0,0,0,0,0,0,0,0,0
1,bookshelf_small,28,qpFixed,1,1,0.00694637,744,7,8.98329,745,745,0,0.000780831,0.00249477,0,0,0.0120743,0,1,1,7,0,0,0,1,0,0,744,224076,426
1,bookshelf_small,28,qpPlain,1,1,0.00702333,744,7,8.98329,745,745,0,0.000780831,0.00249477,0,0,0.0120743,0,1,1,7,0,0,0,1,0,0,744,255192,744
1,bookshelf_small,28,qpAdaptive,1,1,0.00486132,451,7,8.9854,649,649,0,0.000774225,0.00249477,0,0,0.0199233,0.186253,1,1,7,0,0,0,0.813747,0.179601,0.00665188,451,140964,402
1,bookshelf_small,28,qpFreeGate,1,1,0.0661707,8451,26,18.433,1803,1803,0,0.00596389,0.00249477,0,0,0.00410659,0,47,18,0.553191,0,0,0,1,0,0,0,0,0
1,bookshelf_small,28,qpEnvelope,1,1,0.0034654,291,7,9.00628,583,583,0,0.000601106,0.00249477,0,0,0.0309494,0.171821,1,1,7,0,0,0,0.828179,0.161512,0.0103093,291,90797,270
1,bookshelf_small,36,isSafe,1,1,0.00780654,2039,12,6.82585,5,343,0,0.01017,0.00249477,0,0,0,0,58,8,0.206897,0,0,0,0,0,0,0,0,0
1,bookshelf_small,36,qpFixed,1,1,0.00299651,376,10,5.71746,377,377,0,0.0101775,0.00249477,0,0,0.015206,0,1,1,10,0,0,0,1,0,0,376,96506,124
1,bookshelf_small,36,qpPlain,1,1,0.00332059,376,10,5.71746,377,377,0,0.0101775,0.00249477,0,0,0.015206,0,1,1,10,0,0,0,1,0,0,376,128968,376
1,bookshelf_small,36,qpAdaptive,1,1,0.00137759,148,9,5.71728,350,350,0,0.0101775,0.00249477,0,0,0.0386303,0.77027,1,1,9,0,0,0,0.202703,0.75,0.0472973,148,41907,82
1,bookshelf_small,36,qpFreeGate,1,1,0.0162879,2116,11,9.91938,943,943,0,0.00336115,0.00249477,0,0,0.00569608,0,10,5,1.1,0,0,0,1,0,0,0,0,0
1,bookshelf_small,36,qpEnvelope,1,1,0.000478086,37,8,5.72101,306,306,0,0.0101775,0.00249477,0,0,0.154622,0.702703,1,1,8,0,0,0,0.189189,0.648649,0.162162,37,10816,16
1,bookshelf_small,43,isSafe,1,0,10.0066,1648752,16391,0,0,0,0,inf,inf,0,0,0,0,138397,16389,0.118435,0,0,0,0,0,0,0,0,0
1,bookshelf_small,43,qpFixed,1,0,10.0016,950715,1893,0,0,0,0,inf,inf,0,0,0.00573553,0,4272,1775,0.443118,0,0,0,1,0,0,950715,283915027,902036
1,bookshelf_small,43,qpPlain,1,0,10.0012,976988,1937,0,0,0,0,inf,inf,0,0,0.00571724,0,4401,1818,0.440127,0,0,0,1,0,0,976988,335106884,976988
1,bookshelf_small,43,qpAdaptive,1,0,10.0001,845353,1856,0,0,0,0,inf,inf,0,0,0.00631156,0.0432423,4147,1738,0.447552,0,0,0,0.956534,0.0425398,0.000926244,845353,253043336,835548
1,bookshelf_small,43,qpFreeGate,1,0,10.0004,1068346,1828,0,0,0,0,inf,inf,0,0,0.00262737,0,9643,1821,0.189568,0,0,0,1,0,0,0,0,0
1,bookshelf_small,43,qpEnvelope,1,0,10.0001,883501,1975,0,0,0,0,inf,inf,0,0,0.00650277,0.00493831,4535,1853,0.435502,0,0,0,0.995035,0.00400794,0.000957558,883501,264445948,880300
1,bookshelf_small,50,isSafe,1,1,0.019095,5007,27,12.1986,8,611,0,0.00318368,0.00249477,0,0,0,0,172,23,0.156977,0,0,0,0,0,0,0,0,0
1,bookshelf_small,50,qpFixed,1,1,0.0450079,4406,29,19.328,1739,1739,45,-0.00129689,0.00249477,0,0,0.00918598,0,15,12,1.93333,0,0,0,1,0,0,4406,1306835,3951
1,bookshelf_small,50,qpPlain,1,1,0.0455856,4406,29,19.328,1739,1739,45,-0.00129689,0.00249477,0,0,0.00918598,0,15,12,1.93333,0,0,0,1,0,0,4406,1511258,4406
1,bookshelf_small,50,qpAdaptive,1,1,0.0355457,3184,28,19.3605,1623,1623,47,-0.00133154,0.00249477,0,0,0.0126776,0.262249,15,12,1.86667,0,0,0,0.736329,0.258642,0.00502828,3184,971453,3096
1,bookshelf_small,50,qpFreeGate,1,1,0.263565,33339,67,21.8018,2472,2472,0,0.00304253,0.00249477,0,0,0.00322069,0,218,58,0.307339,0,0,0,1,0,0,0,0,0
1,bookshelf_small,50,qpEnvelope,1,1,0.0266377,2231,29,19.6003,1456,1456,53,-0.00165193,0.00249477,0,0,0.0181193,0.195876,15,12,1.93333,0,0,0,0.801794,0.187444,0.0107623,2231,684014,2192
1,bookshelf_small,57,isSafe,1,1,0.0268982,7033,38,10.7354,7,538,0,0.004159,0.00249477,0,0,0,0,209,34,0.181818,0,0,0,0,0,0,0,0,0
1,bookshelf_small,57,qpFixed,1,1,0.0129625,1407,11,10.891,919,919,0,0.00388633,0.00249477,0,0,0.0112213,0,3,3,3.66667,0,0,0,1,0,0,1407,413803,899
1,bookshelf_small,57,qpPlain,1,1,0.0135075,1407,11,10.891,919,919,0,0.00388633,0.00249477,0,0,0.0112213,0,3,3,3.66667,0,0,0,1,0,0,1407,482601,1407
1,bookshelf_small,57,qpAdaptive,1,1,0.00615868,569,11,10.8933,661,661,0,0.00392463,0.00249477,0,0,0.0277488,0.458699,3,3,3.66667,0,0,0,0.536028,0.448155,0.0158172,569,171241,533
1,bookshelf_small,57,qpFreeGate,1,1,0.165216,21161,55,11.1344,958,958,0,0.00127148,0.00249477,0,0,0.00397149,0,182,49,0.302198,0,0,0,1,0,0,0,0,0
1,bookshelf_small,57,qpEnvelope,1,1,0.00367864,302,11,10.917,606,606,0,0.00400684,0.00249477,0,0,0.0523634,0.480132,3,3,3.66667,0,0,0,0.516556,0.450331,0.0331126,302,90988,282
1,bookshelf_small,64,isSafe,1,1,0.113664,29538,147,23.1295,13,1158,0,0.00315292,0.00249477,0,0,0,0,1209,142,0.121588,0,0,0,0,0,0,0,0,0
1,bookshelf_small,64,qpFixed,1,1,0.00757384,827,8,10.217,828,828,1,-6.07806e-05,0.00249477,0,0,0.0123544,0,1,1,8,0,0,0,1,0,0,827,233646,442
1,bookshelf_small,64,qpPlain,1,1,0.00800847,827,8,10.217,828,828,1,-6.07806e-05,0.00249477,0,0,0.0123544,0,1,1,8,0,0,0,1,0,0,827,283661,827
1,bookshelf_small,64,qpAdaptive,1,1,0.00489111,445,8,10.2167,707,707,1,-2.41138e-05,0.00249477,0,0,0.0229589,0.269663,1,1,8,0,0,0,0.730337,0.262921,0.00674157,445,135666,410
1,bookshelf_small,64,qpFreeGate,1,1,0.324192,41773,93,20.8631,1835,1835,0,0.00172541,0.00249477,0,0,0.00357863,0,297,77,0.313131,0,0,0,1,0,0,0,0,0
1,bookshelf_small,64,qpEnvelope,1,1,0.00386219,327,9,10.3054,683,683,3,-0.000954335,0.00249477,0,0,0.0315149,0.183486,1,1,9,0,0,0,0.816514,0.171254,0.0122324,327,99192,303
1,bookshelf_small,71,isSafe,1,1,0.0377367,9895,46,13.9878,8,701,0,0.00396702,0.00249477,0,0,0,0,276,42,0.166667,0,0,0,0,0,0,0,0,0
1,bookshelf_small,71,qpFixed,1,1,0.00516116,635,7,9.54031,636,636,0,0.00292608,0.00249477,0,0,0.0150241,0,1,1,7,0,0,0,1,0,0,635,172943,194
1,bookshelf_small,71,qpPlain,1,1,0.00552162,635,7,9.54031,636,636,0,0.00292608,0.00249477,0,0,0.0150241,0,1,1,7,0,0,0,1,0,0,635,217805,635
1,bookshelf_small,71,qpAdaptive,1,1,0.00127344,131,7,9.53643,546,546,0,0.00292866,0.00249477,0,0,0.0727972,0.572519,1,1,7,0,0,0,0.419847,0.541985,0.0381679,131,40146,89
1,bookshelf_small,71,qpFreeGate,1,1,0.238243,30470,67,22.5553,1794,1794,0,0.00318186,0.00249477,0,0,0.00383038,0,275,62,0.243636,0,0,0,1,0,0,0,0,0
1,bookshelf_small,71,qpEnvelope,1,1,0.000778192,66,7,9.53941,509,509,0,0.00280889,0.00249477,0,0,0.144536,0.5,1,1,7,0,0,0,0.5,0.424242,0.0757576,66,20192,47
1,bookshelf_small,78,isSafe,1,1,0.0355547,9302,46,20.3977,12,1021,0,0.00794266,0.00249477,0,0,0,0,258,42,0.178295,0,0,0,0,0,0,0,0,0
1,bookshelf_small,78,qpFixed,1,1,0.0106167,1163,11,9.52586,789,789,0,0.00369499,0.00249477,0,0,0.0111563,0,3,3,3.66667,0,0,0,1,0,0,1163,301797,793
1,bookshelf_small,78,qpPlain,1,1,0.0113922,1163,11,9.52586,789,789,0,0.00369499,0.00249477,0,0,0.0111563,0,3,3,3.66667,0,0,0,1,0,0,1163,398909,1163
1,bookshelf_small,78,qpAdaptive,1,1,0.00645663,615,11,9.53664,652,652,0,0.00370387,0.00249477,0,0,0.0211599,0.468293,3,3,3.66667,0,0,0,0.526829,0.458537,0.0146341,615,164079,563
1,bookshelf_small,78,qpFreeGate,1,1,0.114514,14821,45,15.8302,1274,1274,0,0.00443346,0.00249477,0,0,0.0045263,0,105,36,0.428571,0,0,0,1,0,0,0,0,0
1,bookshelf_small,78,qpEnvelope,1,1,0.00327237,268,11,9.57998,548,548,0,0.00398914,0.00249477,0,0,0.0491571,0.425373,3,3,3.66667,0,0,0,0.574627,0.391791,0.0335821,268,72324,251
1,bookshelf_small,85,isSafe,1,1,0.0476497,12425,60,14.6268,9,733,0,0.00154385,0.00249477,0,0,0,0,416,56,0.144231,0,0,0,0,0,0,0,0,0
1,bookshelf_small,85,qpFixed,1,1,0.0180142,1919,19,14.8783,1185,1185,19,-0.00249913,0.00249477,0,0,0.0108542,0,4,4,4.75,0,0,0,1,0,0,1919,527296,1459
1,bookshelf_small,85,qpPlain,1,1,0.0188648,1919,19,14.8783,1185,1185,19,-0.00249913,0.00249477,0,0,0.0108542,0,4,4,4.75,0,0,0,1,0,0,1919,658217,1919
1,bookshelf_small,85,qpAdaptive,1,1,0.0118198,1103,18,14.9015,987,987,16,-0.00251861,0.00249477,0,0,0.0188986,0.281052,4,4,4.5,0,0,0,0.715322,0.272892,0.011786,1103,315184,1040
1,bookshelf_small,85,qpFreeGate,1,1,0.452293,58161,101,19.0661,1881,1881,0,0.00214528,0.00249477,0,0,0.00317265,0,416,96,0.242788,0,0,0,1,0,0,0,0,0
1,bookshelf_small,85,qpEnvelope,1,1,0.009234,819,18,14.8855,909,909,11,-0.00197053,0.00249477,0,0,0.0254741,0.177045,4,4,4.5,0,0,0,0.819292,0.163614,0.017094,819,234080,793
1,bookshelf_small,93,isSafe,1,1,0.00206172,540,5,5.35953,4,269,0,0.00797132,0.00249477,0,0,0,0,1,1,5,0,0,0,0,0,0,0,0,0
1,bookshelf_small,93,qpFixed,1,1,0.00288938,390,5,5.35984,391,391,0,0.00797132,0.00249477,0,0,0.0137432,0,1,1,5,0,0,0,1,0,0,390,97841,6
1,bookshelf_small,93,qpPlain,1,1,0.00330876,390,5,5.35984,391,391,0,0.00797132,0.00249477,0,0,0.0137432,0,1,1,5,0,0,0,1,0,0,390,133770,390
1,bookshelf_small,93,qpAdaptive,1,1,0.000302226,35,5,5.35989,284,284,0,0.00797132,0.00249477,0,0,0.15314,0.885714,1,1,5,0,0,0,0.114286,0.8,0.0857143,35,9358,2
1,bookshelf_small,93,qpFreeGate,1,1,0.00301417,391,5,5.35956,392,392,0,0.00797132,0.00249477,0,0,0.0137073,0,1,1,5,0,0,0,1,0,0,0,0,0
1,bookshelf_small,93,qpEnvelope,1,1,0.000241739,17,5,5.36018,276,276,0,0.00797132,0.00249477,0,0,0.315305,0.941176,1,1,5,0,0,0,0.0588235,0.764706,0.176471,17,4561,1
1,bookshelf_small,100,isSafe,1,1,0.0603427,15754,76,18.049,11,904,0,0.00208936,0.00249477,0,0,0,0,594,72,0.127946,0,0,0,0,0,0,0,0,0
1,bookshelf_small,100,qpFixed,1,1,0.0134996,1427,15,13.1227,1062,1062,0,0.00121795,0.00249477,0,0,0.0113128,0,4,4,3.75,0,0,0,1,0,0,1427,419775,1135
1,bookshelf_small,100,qpPlain,1,1,0.013563,1427,15,13.1227,1062,1062,0,0.00121795,0.00249477,0,0,0.0113128,0,4,4,3.75,0,0,0,1,0,0,1427,489461,1427
1,bookshelf_small,100,qpAdaptive,1,1,0.00672875,633,15,13.1924,876,876,0,0.00090532,0.00249477,0,0,0.025616,0.466035,4,4,3.75,0,0,0,0.524487,0.451817,0.0236967,633,194611,587
1,bookshelf_small,100,qpFreeGate,1,1,0.140565,17958,48,18.8177,1744,1744,0,0.00175995,0.00249477,0,0,0.00402496,0,146,42,0.328767,0,0,0,1,0,0,0,0,0
1,bookshelf_small,100,qpEnvelope,1,1,0.00463423,400,16,13.3237,775,775,0,0.000231533,0.00249477,0,0,0.0407167,0.285,4,4,4,0,0,0,0.7075,0.255,0.0375,400,122497,374
1,box,7,isSafe,1,1,0.0181807,4970,26,15.7775,9,790,0,0.00625003,0.00249477,0,0,0,0,101,23,0.257426,0,0,0,0,0,0,0,0,0
1,box,7,qpFixed,1,1,0.0190093,2234,15,13.3228,1122,1122,0,0.00153803,0.00249477,0,0,0.0107364,0,6,6,2.5,0,0,0,1,0,0,2234,559518,1486
1,box,7,qpPlain,1,1,0.020881,2234,15,13.3228,1122,1122,0,0.00153803,0.00249477,0,0,0.0107364,0,6,6,2.5,0,0,0,1,0,0,2234,766262,2234
1,box,7,qpAdaptive,1,1,0.0106096,1058,15,13.348,856,856,0,0.00154231,0.00249477,0,0,0.0227275,0.266541,6,6,2.5,0,0,0,0.729679,0.258979,0.0113422,1058,276478,1008
1,box,7,qpFreeGate,1,1,0.118568,16066,41,15.6574,1432,1432,0,0.00865509,0.00249477,0,0,0.00410977,0,101,31,0.405941,0,0,0,1,0,0,0,0,0
1,box,7,qpEnvelope,1,1,0.00840934,783,15,13.3839,813,813,0,0.00111822,0.00249477,0,0,0.0307302,0.223499,6,6,2.5,0,0,0,0.775223,0.209451,0.0153257,783,203384,761
1,box,14,isSafe,1,1,0.00500677,1370,10,10.7498,8,539,0,0.0204922,0.00249477,0,0,0,0,10,6,1,0,0,0,0,0,0,0,0,0
1,box,14,qpFixed,1,1,0.00311046,407,6,5.44867,408,408,0,0.0059841,0.00249477,0,0,0.0133874,0,1,1,6,0,0,0,1,0,0,407,87976,187
1,box,14,qpPlain,1,1,0.00370739,407,6,5.44867,408,408,0,0.0059841,0.00249477,0,0,0.0133874,0,1,1,6,0,0,0,1,0,0,407,139601,407
1,box,14,qpAdaptive,1,1,0.000832144,95,6,5.43103,321,321,0,0.00586266,0.00249477,0,0,0.0571687,0.726316,1,1,6,0,0,0,0.252632,0.705263,0.0421053,95,21256,59
1,box,14,qpFreeGate,1,1,0.0150123,2064,14,10.4476,1022,1022,0,0.0070033,0.00249477,0,0,0.00636193,0,10,6,1.4,0,0,0,1,0,0,0,0,0
1,box,14,qpEnvelope,1,1,0.00047516,42,6,5.38377,287,287,0,0.00541694,0.00249477,0,0,0.128185,0.714286,1,1,6,0,0,0,0.285714,0.619048,0.0952381,42,9611,19
1,box,21,isSafe,1,1,0.0039207,1075,8,8.53239,6,428,0,0.00956734,0.00249477,0,0,0,0,6,3,1.33333,0,0,0,0,0,0,0,0,0
1,box,21,qpFixed,1,1,0.00499444,672,7,7.95153,673,673,0,0.0140123,0.00249477,0,0,0.0118326,0,1,1,7,0,0,0,1,0,0,672,160621,143
1,box,21,qpPlain,1,1,0.00579099,672,7,7.95153,673,673,0,0.0140123,0.00249477,0,0,0.0118326,0,1,1,7,0,0,0,1,0,0,672,230496,672
1,box,21,qpAdaptive,1,1,0.000805404,85,7,7.95118,441,441,0,0.0138295,0.00249477,0,0,0.0935433,0.988235,1,1,7,0,0,0,0,0.941176,0.0588235,85,24223,48
1,box,21,qpFreeGate,1,1,0.0409118,5550,22,14.7972,1231,1231,0,0.0181478,0.00249477,0,0,0.00629296,0,28,14,0.785714,0,0,0,1,0,0,0,0,0
1,box,21,qpEnvelope,1,1,0.000437836,33,7,7.95332,414,414,0,0.0134171,0.00249477,0,0,0.24101,1,1,1,7,0,0,0,0,0.848485,0.151515,33,9230,19
1,box,28,isSafe,1,1,0.0039043,1069,8,8.41913,6,422,0,0.00290062,0.00249477,0,0,0,0,10,4,0.8,0,0,0,0,0,0,0,0,0
1,box,28,qpFixed,1,1,0.00379315,463,6,6.68971,464,464,0,0.00891357,0.00249477,0,0,0.0144486,0,1,1,6,0,0,0,1,0,0,463,129721,156
1,box,28,qpPlain,1,1,0.00406003,463,6,6.68971,464,464,0,0.00891357,0.00249477,0,0,0.0144486,0,1,1,6,0,0,0,1,0,0,463,158809,463
1,box,28,qpAdaptive,1,1,0.00108059,112,6,6.6903,378,378,0,0.00856539,0.00249477,0,0,0.0597348,0.714286,1,1,6,0,0,0,0.276786,0.696429,0.0267857,112,32977,77
1,box,28,qpFreeGate,1,1,0.0307698,4126,23,9.03261,851,851,0,0.00801767,0.00249477,0,0,0.005407,0,26,10,0.884615,0,0,0,1,0,0,0,0,0
1,box,28,qpEnvelope,1,1,0.000669142,50,6,6.69076,356,356,0,0.00697081,0.00249477,0,0,0.133815,0.62,1,1,6,0,0,0,0.38,0.56,0.06,50,14680,37
1,box,35,isSafe,1,1,0.0106045,2912,16,11.7009,7,587,0,0.0315504,0.00249477,0,0,0,0,70,13,0.228571,0,0,0,0,0,0,0,0,0
1,box,35,qpFixed,1,1,0.00651491,809,8,7.44601,538,538,0,0.0314039,0.00249477,0,0,0.0129344,0,2,2,4,0,0,0,1,0,0,809,207969,380
1,box,35,qpPlain,1,1,0.00722209,809,8,7.44601,538,538,0,0.0314039,0.00249477,0,0,0.0129344,0,2,2,4,0,0,0,1,0,0,809,277487,809
1,box,35,qpAdaptive,1,1,0.00216717,235,8,7.45478,403,403,0,0.0312786,0.00249477,0,0,0.0445619,0.476596,2,2,4,0,0,0,0.523404,0.459574,0.0170213,235,59557,197
1,box,35,qpFreeGate,1,1,0.104211,14007,51,12.4642,1464,1464,0,0.00165523,0.00249477,0,0,0.00414513,0,87,30,0.586207,0,0,0,1,0,0,0,0,0
1,box,35,qpEnvelope,1,1,0.00131686,122,8,7.46565,384,384,0,0.0309392,0.00249477,0,0,0.0859412,0.254098,2,2,4,0,0,0,0.745902,0.213115,0.0409836,122,30395,109
1,box,42,isSafe,1,1,0.0047262,1283,9,8.46148,6,425,0,0.0349193,0.00249477,0,0,0,0,18,5,0.5,0,0,0,0,0,0,0,0,0
1,box,42,qpFixed,1,1,0.00675882,846,7,7.27334,583,583,0,0.0180735,0.00249477,0,0,0.0112931,0,2,2,3.5,0,0,0,1,0,0,846,211466,374
1,box,42,qpPlain,1,1,0.00762054,846,7,7.27334,583,583,0,0.0180735,0.00249477,0,0,0.0112931,0,2,2,3.5,0,0,0,1,0,0,846,290178,846
1,box,42,qpAdaptive,1,1,0.00199658,210,7,7.27295,398,398,0,0.0187064,0.00249477,0,0,0.045521,0.638095,2,2,3.5,0,0,0,0.361905,0.614286,0.0238095,210,55416,185
1,box,42,qpFreeGate,1,1,0.0670831,8989,28,9.36462,970,970,0,0.00685857,0.00249477,0,0,0.00435105,0,50,21,0.56,0,0,0,1,0,0,0,0,0
1,box,42,qpEnvelope,1,1,0.00113049,98,7,7.27096,376,376,0,0.0199475,0.00249477,0,0,0.0975435,0.397959,2,2,3.5,0,0,0,0.591837,0.357143,0.0510204,98,25561,89
1,box,49,isSafe,1,1,0.0168363,4602,24,17.8841,10,896,0,0.00963692,0.00249477,0,0,0,0,89,19,0.269663,0,0,0,0,0,0,0,0,0
1,box,49,qpFixed,1,1,0.00383132,469,6,5.87068,470,470,0,0.00374918,0.00249477,0,0,0.0125174,0,1,1,6,0,0,0,1,0,0,469,122064,208
1,box,49,qpPlain,1,1,0.0041727,469,6,5.87068,470,470,0,0.00374918,0.00249477,0,0,0.0125174,0,1,1,6,0,0,0,1,0,0,469,160867,469
1,box,49,qpAdaptive,1,1,0.00108588,110,6,5.87606,347,347,0,0.00357026,0.00249477,0,0,0.0534187,0.672727,1,1,6,0,0,0,0.318182,0.645455,0.0363636,110,31501,95
1,box,49,qpFreeGate,1,1,0.121994,16450,54,11.027,1223,1223,0,0.0134536,0.00249477,0,0,0.00418604,0,103,36,0.524272,0,0,0,1,0,0,0,0,0
1,box,49,qpEnvelope,1,1,0.000737563,59,6,5.88938,323,323,0,0.00309845,0.00249477,0,0,0.09982,0.728814,1,1,6,0,0,0,0.254237,0.677966,0.0677966,59,16881,52
1,box,56,isSafe,1,1,0.020052,5498,29,16.6871,10,836,0,0.0239388,0.00249477,0,0,0,0,105,23,0.27619,0,0,0,0,0,0,0,0,0
1,box,56,qpFixed,1,1,0.0215276,2245,20,23.5073,1878,1878,0,0.000697844,0.00249477,0,0,0.011244,0,7,6,2.85714,0,0,0,1,0,0,2245,655450,1748
1,box,56,qpPlain,1,1,0.0221044,2245,20,23.5073,1878,1878,0,0.000697844,0.00249477,0,0,0.011244,0,7,6,2.85714,0,0,0,1,0,0,2245,770035,2245
1,box,56,qpAdaptive,1,1,0.0156146,1481,20,23.5149,1648,1648,0,0.00068476,0.00249477,0,0,0.0170383,0.198515,7,6,2.85714,0,0,0,0.798785,0.191087,0.0101283,1481,437550,1399
1,box,56,qpFreeGate,1,1,0.112816,15078,44,17.7111,1371,1371,0,0.029461,0.00249477,0,0,0.0053597,0,105,35,0.419048,0,0,0,1,0,0,0,0,0
1,box,56,qpEnvelope,1,1,0.0116528,1024,20,23.475,1471,1471,0,0.00053665,0.00249477,0,0,0.0246126,0.0849609,7,6,2.85714,0,0,0,0.915039,0.0683594,0.0166016,1024,303925,1009
1,box,63,isSafe,1,1,0.0156926,4255,23,16.3735,10,820,0,0.0558527,0.00249477,0,0,0,0,61,19,0.377049,0,0,0,0,0,0,0,0,0
1,box,63,qpFixed,1,1,0.0115232,1450,14,11.0959,895,895,0,0.00684237,0.00249477,0,0,0.0115728,0,4,4,3.5,0,0,0,1,0,0,1450,331549,982
1,box,63,qpPlain,1,1,0.0134272,1450,14,11.0959,895,895,0,0.00684237,0.00249477,0,0,0.0115728,0,4,4,3.5,0,0,0,1,0,0,1450,497350,1450
1,box,63,qpAdaptive,1,1,0.00495676,569,15,11.0889,664,664,0,0.00681582,0.00249477,0,0,0.0294735,0.673111,4,4,3.75,0,0,0,0.316344,0.662566,0.0210896,569,135054,425
1,box,63,qpFreeGate,1,1,0.0521256,7121,26,15.1213,1269,1269,0,0.0188579,0.00249477,0,0,0.00583834,0,49,19,0.530612,0,0,0,1,0,0,0,0,0
1,box,63,qpEnvelope,1,1,0.00240646,228,14,11.0765,591,591,0,0.00643561,0.00249477,0,0,0.0734505,0.482456,4,4,3.5,0,0,0,0.513158,0.429825,0.0570175,228,54431,182
1,box,70,isSafe,1,1,0.00706707,1922,12,14.4468,9,724,0,0.0319267,0.00249477,0,0,0,0,38,7,0.315789,0,0,0,0,0,0,0,0,0
1,box,70,qpFixed,1,1,0.00650843,761,7,8.04485,762,762,0,0.000163474,0.00249477,0,0,0.0105714,0,1,1,7,0,0,0,1,0,0,761,205915,388
1,box,70,qpPlain,1,1,0.00698451,761,7,8.04485,762,762,0,0.000163474,0.00249477,0,0,0.0105714,0,1,1,7,0,0,0,1,0,0,761,261023,761
1,box,70,qpAdaptive,1,1,0.0033302,331,7,8.04674,603,603,0,0.000160623,0.00249477,0,0,0.0243104,0.299094,1,1,7,0,0,0,0.700906,0.287009,0.0120846,331,91151,289
1,box,70,qpFreeGate,1,1,0.0188603,2549,15,9.17611,874,874,0,0.00816808,0.00249477,0,0,0.00690348,0,10,7,1.5,0,0,0,1,0,0,0,0,0
1,box,70,qpEnvelope,1,1,0.00251421,229,7,8.04317,553,553,0,0.000154557,0.00249477,0,0,0.035123,0.148472,1,1,7,0,0,0,0.851528,0.131004,0.0174672,229,63450,211
1,box,77,isSafe,1,1,0.00746313,2063,12,13.9669,8,700,0,0.00439685,0.00249477,0,0,0,0,26,9,0.461538,0,0,0,0,0,0,0,0,0
1,box,77,qpFixed,1,1,0.0227349,2639,19,7.09692,641,641,0,0.00188504,0.00249477,0,0,0.0108912,0,7,7,2.71429,0,0,0,1,0,0,2639,653839,1975
1,box,77,qpPlain,1,1,0.0249937,2639,19,7.09692,641,641,0,0.00188504,0.00249477,0,0,0.0108912,0,7,7,2.71429,0,0,0,1,0,0,2639,905177,2639
1,box,77,qpAdaptive,1,1,0.0120067,1202,19,7.11933,510,510,0,0.00190906,0.00249477,0,0,0.0239733,0.485025,7,7,2.71429,0,0,0,0.510815,0.478369,0.0108153,1202,310638,1117
1,box,77,qpFreeGate,1,1,0.139504,18757,50,16.0818,2003,2003,0,0.00563376,0.00249477,0,0,0.00403388,0,115,41,0.434783,0,0,0,1,0,0,0,0,0
1,box,77,qpEnvelope,1,1,0.00597822,529,19,7.09623,405,405,0,0.00213294,0.00249477,0,0,0.0548046,0.500945,7,7,2.71429,0,0,0,0.495274,0.470699,0.0340265,529,140375,490
1,box,84,isSafe,1,1,0.0107011,2910,17,10.2923,7,516,0,0.0616728,0.00249477,0,0,0,0,35,13,0.485714,0,0,0,0,0,0,0,0,0
1,box,84,qpFixed,1,1,0.011824,1431,12,13.8359,1037,1037,0,0.0033144,0.00249477,0,0,0.012145,0,4,4,3,0,0,0,1,0,0,1431,347352,988
1,box,84,qpPlain,1,1,0.0131946,1431,12,13.8359,1037,1037,0,0.0033144,0.00249477,0,0,0.012145,0,4,4,3,0,0,0,1,0,0,1431,490833,1431
1,box,84,qpAdaptive,1,1,0.00518108,552,12,13.8437,819,819,0,0.00295397,0.00249477,0,0,0.0315487,0.668478,4,4,3,0,0,0,0.320652,0.663043,0.0163043,552,136074,498
1,box,84,qpFreeGate,1,1,0.0333778,4496,19,13.3483,1428,1428,0,0.011565,0.00249477,0,0,0.00559715,0,22,11,0.863636,0,0,0,1,0,0,0,0,0
1,box,84,qpEnvelope,1,1,0.00287539,266,12,13.8597,764,764,0,0.00191069,0.00249477,0,0,0.06567,0.545113,4,4,3,0,0,0,0.454887,0.507519,0.037594,266,65829,242
1,box,91,isSafe,1,1,0.00547978,1484,10,10.195,7,511,0,0.00857835,0.00249477,0,0,0,0,40,5,0.25,0,0,0,0,0,0,0,0,0
1,box,91,qpFixed,1,1,0.0174517,1998,18,14.4704,1236,1236,0,0.000749648,0.00249477,0,0,0.0107535,0,5,5,3.6,0,0,0,1,0,0,1998,527567,1414
1,box,91,qpPlain,1,1,0.0186774,1998,18,14.4704,1236,1236,0,0.000749648,0.00249477,0,0,0.0107535,0,5,5,3.6,0,0,0,1,0,0,1998,685314,1998
1,box,91,qpAdaptive,1,1,0.00945141,930,19,14.4866,940,940,0,0.000733705,0.00249477,0,0,0.0231473,0.304301,5,5,3.8,0,0,0,0.690323,0.292473,0.0172043,930,257068,884
1,box,91,qpFreeGate,1,1,0.207005,27918,67,26.6632,2641,2641,0,0.00235399,0.00249477,0,0,0.00380849,0,181,54,0.370166,0,0,0,1,0,0,0,0,0
1,box,91,qpEnvelope,1,1,0.00619787,571,17,14.5045,848,848,0,0.000697472,0.00249477,0,0,0.0375647,0.257443,5,5,3.4,0,0,0,0.737303,0.236427,0.0262697,571,159396,554
1,box,98,isSafe,1,1,0.0083752,2291,13,15.3185,9,767,0,0.00156301,0.00249477,0,0,0,0,47,9,0.276596,0,0,0,0,0,0,0,0,0
1,box,98,qpFixed,1,1,0.00725239,897,11,10.3385,774,774,0,0.00973715,0.00249477,0,0,0.0131797,0,2,2,5.5,0,0,0,1,0,0,897,222640,522
1,box,98,qpPlain,1,1,0.00805815,897,11,10.3385,774,774,0,0.00973715,0.00249477,0,0,0.0131797,0,2,2,5.5,0,0,0,1,0,0,897,307671,897
1,box,98,qpAdaptive,1,1,0.00201645,215,11,10.3581,608,608,0,0.00955261,0.00249477,0,0,0.0550787,0.739535,2,2,5.5,0,0,0,0.255814,0.702326,0.0418605,215,59209,143
1,box,98,qpFreeGate,1,1,0.0299193,4054,14,12.5161,1328,1328,0,0.00219946,0.00249477,0,0,0.004627,0,25,9,0.56,0,0,0,1,0,0,0,0,0
1,box,98,qpEnvelope,1,1,0.00092054,74,11,10.4351,558,558,0,0.0133578,0.00249477,0,0,0.16129,0.986486,2,2,5.5,0,0,0,0,0.864865,0.135135,74,21053,45
1,table_pick,5,isSafe,1,1,0.0517945,8521,42,13.8981,9,696,0,0.00265824,0.00249477,0,0,0,0,213,37,0.197183,0,0,0,0,0,0,0,0,0
1,table_pick,5,qpFixed,1,1,0.006507,697,7,8.38184,698,698,0,0.00540887,0.00249477,0,0,0.0120256,0,1,1,7,0,0,0,1,0,0,697,154418,116
1,table_pick,5,qpPlain,1,1,0.00751691,697,7,8.38184,698,698,0,0.00540887,0.00249477,0,0,0.0120256,0,1,1,7,0,0,0,1,0,0,697,239071,697
1,table_pick,5,qpAdaptive,1,1,0.000871449,77,7,8.38252,451,451,0,0.00540097,0.00249477,0,0,0.108864,0.675325,1,1,7,0,0,0,0.324675,0.61039,0.0649351,77,18966,47
1,table_pick,5,qpFreeGate,1,1,0.0254065,2584,13,11.5043,841,841,0,0.00584714,0.00249477,0,0,0.0073033,0,16,7,0.8125,0,0,0,1,0,0,0,0,0
1,table_pick,5,qpEnvelope,1,1,0.000496367,32,7,8.38389,440,440,0,0.00537066,0.00249477,0,0,0.261997,1,1,1,7,0,0,0,0,0.84375,0.15625,32,8001,20
1,table_pick,12,isSafe,1,1,0.00474898,855,6,7.76752,5,390,0,0.00266602,0.00249477,0,0,0,0,4,2,1.5,0,0,0,0,0,0,0,0,0
1,table_pick,12,qpFixed,1,1,0.00681028,712,7,7.74306,713,713,0,0.00317636,0.00249477,0,0,0.0108751,0,1,1,7,0,0,0,1,0,0,712,186932,139
1,table_pick,12,qpPlain,1,1,0.00740642,712,7,7.74306,713,713,0,0.00317636,0.00249477,0,0,0.0108751,0,1,1,7,0,0,0,1,0,0,712,244216,712
1,table_pick,12,qpAdaptive,1,1,0.00130995,116,7,7.77506,445,445,0,0.00319828,0.00249477,0,0,0.0670263,0.681034,1,1,7,0,0,0,0.318966,0.637931,0.0431034,116,33982,65
1,table_pick,12,qpFreeGate,1,1,0.00777024,825,7,7.70487,826,826,0,0.00165831,0.00249477,0,0,0.00933923,0,1,1,7,0,0,0,1,0,0,0,0,0
1,table_pick,12,qpEnvelope,1,1,0.000982683,58,11,10.4444,543,543,0,0.0030101,0.00249477,0,0,0.251128,0.827586,2,2,5.5,0,0,0,0.172414,0.655172,0.172414,58,16499,29
1,table_pick,19,isSafe,1,1,0.00525169,945,7,9.40743,6,472,0,0.00468391,0.00249477,0,0,0,0,2,2,3.5,0,0,0,0,0,0,0,0,0
1,table_pick,19,qpFixed,1,1,0.00611293,631,6,7.70469,632,632,0,0.000910757,0.00249477,0,0,0.0122103,0,1,1,6,0,0,0,1,0,0,631,152339,317
1,table_pick,19,qpPlain,1,1,0.00676115,631,6,7.70469,632,632,0,0.000910757,0.00249477,0,0,0.0122103,0,1,1,6,0,0,0,1,0,0,631,216433,631
1,table_pick,19,qpAdaptive,1,1,0.00250829,231,6,7.7056,491,491,0,0.000856052,0.00249477,0,0,0.0333576,0.458874,1,1,6,0,0,0,0.536797,0.445887,0.017316,231,59359,177
1,table_pick,19,qpFreeGate,1,1,0.00777987,838,7,8.94157,682,682,0,0.00447778,0.00249477,0,0,0.0108361,0,2,2,3.5,0,0,0,1,0,0,0,0,0
1,table_pick,19,qpEnvelope,1,1,0.00182071,151,6,7.71956,453,453,0,0.000683867,0.00249477,0,0,0.0511229,0.529801,1,1,6,0,0,0,0.463576,0.509934,0.0264901,151,38848,128
1,table_pick,26,isSafe,1,1,0.00889734,1608,10,11.3843,7,571,0,0.00209461,0.00249477,0,0,0,0,22,6,0.454545,0,0,0,0,0,0,0,0,0
1,table_pick,26,qpFixed,1,1,0.00808099,741,8,8.79775,742,742,0,0.000673421,0.00249477,0,0,0.0118728,0,1,1,8,0,0,0,1,0,0,741,209375,599
1,table_pick,26,qpPlain,1,1,0.00827255,741,8,8.79775,742,742,0,0.000673421,0.00249477,0,0,0.0118728,0,1,1,8,0,0,0,1,0,0,741,254163,741
1,table_pick,26,qpAdaptive,1,1,0.00904647,745,20,13.154,902,902,0,0.00070232,0.00249477,0,0,0.0208699,0.413423,3,3,6.66667,0,0,0,0.577181,0.4,0.0228188,745,222663,740
1,table_pick,26,qpFreeGate,1,1,0.0350395,3751,14,12.7785,1049,1049,0,0.00238617,0.00249477,0,0,0.00579946,0,22,9,0.636364,0,0,0,1,0,0,0,0,0
1,table_pick,26,qpEnvelope,1,1,0.00687362,505,17,11.4013,688,688,0,0.000705121,0.00249477,0,0,0.045934,0.415842,5,5,3.4,0,0,0,0.582178,0.382178,0.0356436,505,151470,487
1,table_pick,33,isSafe,1,1,0.00440306,796,6,5.82142,4,293,0,0.000442879,0.00249477,0,0,0,0,4,2,1.5,0,0,0,0,0,0,0,0,0
1,table_pick,33,qpFixed,1,1,0.00559379,545,7,6.65637,546,546,0,0.00236266,0.00249477,0,0,0.0122135,0,1,1,7,0,0,0,1,0,0,545,141123,392
1,table_pick,33,qpPlain,1,1,0.00595153,545,7,6.65637,546,546,0,0.00236266,0.00249477,0,0,0.0122135,0,1,1,7,0,0,0,1,0,0,545,186935,545
1,table_pick,33,qpAdaptive,1,1,0.0020696,181,7,6.663,420,420,0,0.00216217,0.00249477,0,0,0.0368122,0.674033,1,1,7,0,0,0,0.314917,0.657459,0.0276243,181,50296,153
1,table_pick,33,qpFreeGate,1,1,0.0168377,1812,17,5.96909,565,565,0,0.00158426,0.00249477,0,0,0.00610867,0,10,5,1.7,0,0,0,1,0,0,0,0,0
1,table_pick,33,qpEnvelope,1,1,0.00108671,78,7,6.68278,370,370,0,0.0018763,0.00249477,0,0,0.0856767,0.974359,1,1,7,0,0,0,0.025641,0.910256,0.0641026,78,22344,67
1,table_pick,40,isSafe,1,1,0.0383632,6901,34,18.2068,11,912,0,0.00111058,0.00249477,0,0,0,0,172,30,0.197674,0,0,0,0,0,0,0,0,0
1,table_pick,40,qpFixed,1,1,0.00667307,654,7,8.73989,655,655,0,0.000464321,0.00249477,0,0,0.0133637,0,1,1,7,0,0,0,1,0,0,654,167657,333
1,table_pick,40,qpPlain,1,1,0.00715347,654,7,8.73989,655,655,0,0.000464321,0.00249477,0,0,0.0133637,0,1,1,7,0,0,0,1,0,0,654,224322,654
1,table_pick,40,qpAdaptive,1,1,0.00345173,287,7,8.73982,576,576,0,0.000465187,0.00249477,0,0,0.0304523,0.310105,1,1,7,0,0,0,0.686411,0.299652,0.0139373,287,82996,259
1,table_pick,40,qpFreeGate,1,1,0.300214,31940,80,22.6819,1986,1986,0,0.00114891,0.00249477,0,0,0.00423093,0,260,74,0.307692,0,0,0,1,0,0,0,0,0
1,table_pick,40,qpEnvelope,1,1,0.00259358,201,7,8.73801,533,533,0,0.000435604,0.00249477,0,0,0.0434727,0.164179,1,1,7,0,0,0,0.835821,0.144279,0.0199005,201,58570,191
1,table_pick,47,isSafe,1,1,0.00819206,1480,10,10.1762,7,510,0,0.000968617,0.00249477,0,0,0,0,10,6,1,0,0,0,0,0,0,0,0,0
1,table_pick,47,qpFixed,1,1,0.00814318,761,6,5.07955,358,358,0,0.00627964,0.00249477,0,0,0.0113207,0,3,2,2,0,0,0,1,0,0,761,198925,330
1,table_pick,47,qpPlain,1,1,0.0087433,761,6,5.07955,358,358,0,0.00627964,0.00249477,0,0,0.0113207,0,3,2,2,0,0,0,1,0,0,761,261023,761
1,table_pick,47,qpAdaptive,1,1,0.00440593,338,6,5.08075,286,286,0,0.00627964,0.00249477,0,0,0.0255019,0.192308,3,2,2,0,0,0,0.804734,0.183432,0.0118343,338,92303,304
1,table_pick,47,qpFreeGate,1,1,0.0149709,1613,16,9.45745,844,844,0,0.00103336,0.00249477,0,0,0.0084347,0,10,6,1.6,0,0,0,1,0,0,0,0,0
1,table_pick,47,qpEnvelope,1,1,0.00305972,210,6,5.0865,271,271,0,0.0063377,0.00249477,0,0,0.041087,0.266667,3,2,2,0,0,0,0.728571,0.247619,0.0238095,210,56987,197
1,table_pick,54,isSafe,1,1,0.00891869,1613,10,13.1661,8,660,0,0.000681214,0.00249477,0,0,0,0,20,6,0.5,0,0,0,0,0,0,0,0,0
1,table_pick,54,qpFixed,1,1,0.00638249,692,7,7.6035,693,693,0,0.00576303,0.00249477,0,0,0.0109877,0,1,1,7,0,0,0,1,0,0,692,165252,112
1,table_pick,54,qpPlain,1,1,0.00718895,692,7,7.6035,693,693,0,0.00576303,0.00249477,0,0,0.0109877,0,1,1,7,0,0,0,1,0,0,692,237356,692
1,table_pick,54,qpAdaptive,1,1,0.00127021,115,7,7.60427,439,439,0,0.00580309,0.00249477,0,0,0.0661241,0.886957,1,1,7,0,0,0,0.113043,0.843478,0.0434783,115,29512,77
1,table_pick,54,qpFreeGate,1,1,0.0374269,4014,18,12.8151,1132,1132,0,0.00665601,0.00249477,0,0,0.00667885,0,26,12,0.692308,0,0,0,1,0,0,0,0,0
1,table_pick,54,qpEnvelope,1,1,0.000899007,63,7,7.60708,407,407,0,0.00579141,0.00249477,0,0,0.120747,0.968254,1,1,7,0,0,0,0.031746,0.888889,0.0793651,63,15994,44
1,table_pick,61,isSafe,1,1,0.0398536,7199,37,18.1115,11,907,0,0.00815588,0.00249477,0,0,0,0,187,33,0.197861,0,0,0,0,0,0,0,0,0
1,table_pick,61,qpFixed,1,1,0.0071662,673,7,7.27891,674,674,0,0.000890332,0.00249477,0,0,0.0108156,0,1,1,7,0,0,0,1,0,0,673,170093,407
1,table_pick,61,qpPlain,1,1,0.00768222,673,7,7.27891,674,674,0,0.000890332,0.00249477,0,0,0.0108156,0,1,1,7,0,0,0,1,0,0,673,230839,673
1,table_pick,61,qpAdaptive,1,1,0.00476268,388,7,7.28131,559,559,0,0.000890332,0.00249477,0,0,0.0187663,0.139175,1,1,7,0,0,0,0.860825,0.131443,0.00773196,388,107345,365
1,table_pick,61,qpFreeGate,1,1,0.0437502,4701,20,8.52644,795,795,0,0.00815588,0.00249477,0,0,0.00574904,0,36,13,0.555556,0,0,0,1,0,0,0,0,0
1,table_pick,61,qpEnvelope,1,1,0.00321411,243,7,7.3008,489,489,0,0.000924592,0.00249477,0,0,0.0300444,0.26749,1,1,7,0,0,0,0.72428,0.259259,0.0164609,243,67560,232
1,table_pick,68,isSafe,1,1,0.00498185,897,7,8.76886,6,440,0,0.00333636,0.00249477,0,0,0,0,6,2,1.16667,0,0,0,0,0,0,0,0,0
1,table_pick,68,qpFixed,1,1,0.00618995,690,7,7.56148,691,691,0,0.006057,0.00249477,0,0,0.0109587,0,1,1,7,0,0,0,1,0,0,690,159444,102
1,table_pick,68,qpPlain,1,1,0.00708799,690,7,7.56148,691,691,0,0.006057,0.00249477,0,0,0.0109587,0,1,1,7,0,0,0,1,0,0,690,236670,690
1,table_pick,68,qpAdaptive,1,1,0.000821884,74,7,7.56592,418,418,0,0.00613521,0.00249477,0,0,0.102242,0.851351,1,1,7,0,0,0,0.148649,0.783784,0.0675676,74,20199,42
1,table_pick,68,qpFreeGate,1,1,0.0111086,1195,9,9.5478,808,808,0,0.00331163,0.00249477,0,0,0.00943991,0,6,4,1.5,0,0,0,1,0,0,0,0,0
1,table_pick,68,qpEnvelope,1,1,0.000492606,32,7,7.57644,394,394,0,0.00607159,0.00249477,0,0,0.236764,1,1,1,7,0,0,0,0,0.84375,0.15625,32,8754,20
1,table_pick,75,isSafe,1,1,0.00565038,1022,7,9.85526,6,494,0,0.00648769,0.00249477,0,0,0,0,4,2,1.75,0,0,0,0,0,0,0,0,0
1,table_pick,75,qpFixed,1,1,0.00598434,685,7,8.18311,686,686,0,0.00707888,0.00249477,0,0,0.0119461,0,1,1,7,0,0,0,1,0,0,685,147515,62
1,table_pick,75,qpPlain,1,1,0.00702594,685,7,8.18311,686,686,0,0.00707888,0.00249477,0,0,0.0119461,0,1,1,7,0,0,0,1,0,0,685,234955,685
1,table_pick,75,qpAdaptive,1,1,0.000591044,56,7,8.18322,434,434,0,0.00707888,0.00249477,0,0,0.146129,0.785714,1,1,7,0,0,0,0.214286,0.696429,0.0892857,56,14405,18
1,table_pick,75,qpFreeGate,1,1,0.0113598,1235,8,9.73047,843,843,0,0.00615466,0.00249477,0,0,0.00896777,0,4,3,2,0,0,0,1,0,0,0,0,0
1,table_pick,75,qpEnvelope,1,1,0.000441643,30,7,8.18321,424,424,0,0.00720062,0.00249477,0,0,0.272774,1,1,1,7,0,0,0,0,0.833333,0.166667,30,7452,10
1,table_pick,82,isSafe,1,1,0.00827954,1494,10,10.6855,7,536,0,0.00260083,0.00249477,0,0,0,0,20,5,0.5,0,0,0,0,0,0,0,0,0
1,table_pick,82,qpFixed,1,1,0.0406092,3594,27,14.4053,1172,1172,3,-5.70569e-05,0.00249477,0,0,0.0107641,0,11,9,2.45455,0,0,0,1,0,0,3594,1002650,3301
1,table_pick,82,qpPlain,1,1,0.0418552,3594,27,14.4053,1172,1172,3,-5.70569e-05,0.00249477,0,0,0.0107641,0,11,9,2.45455,0,0,0,1,0,0,3594,1232742,3594
1,table_pick,82,qpAdaptive,1,1,0.0288884,2390,27,14.4821,1010,1010,8,-0.000122136,0.00249477,0,0,0.0162231,0.358159,11,9,2.45455,0,0,0,0.639331,0.353138,0.00753138,2390,676728,2335
1,table_pick,82,qpFreeGate,1,1,0.0738895,7896,20,13.7858,1284,1284,0,0.00461521,0.00249477,0,0,0.00405889,0,55,15,0.363636,0,0,0,1,0,0,0,0,0
1,table_pick,82,qpEnvelope,1,1,0.0183214,1408,27,14.6097,922,922,16,-0.000239505,0.00249477,0,0,0.0276678,0.202415,11,9,2.45455,0,0,0,0.796165,0.18679,0.0170455,1408,399653,1381
1,table_pick,89,isSafe,1,1,0.00871032,1577,10,11.3628,7,570,0,0.0039343,0.00249477,0,0,0,0,22,6,0.454545,0,0,0,0,0,0,0,0,0
1,table_pick,89,qpFixed,1,1,0.00786752,739,8,8.62423,740,740,0,0.000105509,0.00249477,0,0,0.0116701,0,1,1,8,0,0,0,1,0,0,739,189184,573
1,table_pick,89,qpPlain,1,1,0.00839917,739,8,8.62423,740,740,0,0.000105509,0.00249477,0,0,0.0116701,0,1,1,8,0,0,0,1,0,0,739,253477,739
1,table_pick,89,qpAdaptive,1,1,0.00525096,442,8,8.64663,647,647,0,0.000473043,0.00249477,0,0,0.0195625,0.262443,1,1,8,0,0,0,0.730769,0.257919,0.0113122,442,120331,409
1,table_pick,89,qpFreeGate,1,1,0.0295877,3202,12,11.1748,871,871,0,0.00376905,0.00249477,0,0,0.00548057,0,22,8,0.545455,0,0,0,1,0,0,0,0,0
1,table_pick,89,qpEnvelope,1,1,0.00448159,356,12,11.6318,750,750,0,0.00031313,0.00249477,0,0,0.0367151,0.22191,2,2,6,0,0,0,0.769663,0.202247,0.0280899,356,94077,336
1,table_pick,96,isSafe,1,1,0.0151883,2746,16,4.31062,4,217,0,0.00432782,0.00249477,0,0,0,0,34,12,0.470588,0,0,0,0,0,0,0,0,0
1,table_pick,96,qpFixed,1,1,0.00375498,422,5,5.51516,423,423,0,0.00705272,0.00249477,0,0,0.0130691,0,1,1,5,0,0,0,1,0,0,422,91698,57
1,table_pick,96,qpPlain,1,1,0.00437715,422,5,5.51516,423,423,0,0.00705272,0.00249477,0,0,0.0130691,0,1,1,5,0,0,0,1,0,0,422,144746,422
1,table_pick,96,qpAdaptive,1,1,0.000556097,51,5,5.51836,304,304,0,0.00705272,0.00249477,0,0,0.108203,0.823529,1,1,5,0,0,0,0.176471,0.764706,0.0588235,51,12688,26
1,table_pick,96,qpFreeGate,1,1,0.0365917,3940,20,3.47772,252,252,0,0.00419921,0.00249477,0,0,0.00689647,0,34,16,0.588235,0,0,0,1,0,0,0,0,0
1,table_pick,96,qpEnvelope,1,1,0.000391051,28,5,5.52012,290,290,0,0.00706971,0.00249477,0,0,0.197147,0.785714,1,1,5,0,0,0,0.214286,0.678571,0.107143,28,6913,18
1,cage,3,isSafe,1,1,0.586268,145818,904,24.8035,15,1242,0,0.0018934,0.00249477,0,0,0,0,9401,900,0.09616,0,0,0,0,0,0,0,0,0
1,cage,3,qpFixed,1,1,0.159872,16777,96,23.1983,1929,1929,0,0.00201377,0.00249477,0,0,0.00890266,0,62,48,1.54839,0,0,0,1,0,0,16777,4547533,15678
1,cage,3,qpPlain,1,1,0.16837,16777,96,23.1983,1929,1929,0,0.00201377,0.00249477,0,0,0.00890266,0,62,48,1.54839,0,0,0,1,0,0,16777,5754511,16777
1,cage,3,qpAdaptive,1,1,0.1156,11373,96,23.2812,1474,1474,0,0.00174303,0.00249477,0,0,0.0131409,0.337993,62,48,1.54839,0,0,0,0.659369,0.334125,0.00650664,11373,3063408,11149
1,cage,3,qpFreeGate,1,1,5.54097,601313,964,19.1969,3190,3190,0,0.00196405,0.00249477,0,0,0.00264252,0,5405,928,0.178353,0,0,0,1,0,0,0,0,0
1,cage,3,qpEnvelope,1,1,0.0839894,7750,96,23.2783,1319,1319,0,0.000679516,0.00249477,0,0,0.0193153,0.250323,62,49,1.54839,0,0,0,0.748387,0.240516,0.0110968,7750,2057609,7668
1,cage,10,isSafe,1,1,0.75085,161066,1005,22.4508,14,1124,0,0.0189417,0.00249477,0,0,0,0,9715,1001,0.103448,0,0,0,0,0,0,0,0,0
1,cage,10,qpFixed,1,1,2.36741,72365,270,21.211,1910,1910,0,3.48976e-05,0.00249477,0,0,0.00745575,0,319,178,0.846395,0,0,0,1,0,0,72365,19781302,66773
1,cage,10,qpPlain,1,1,0.790038,72365,270,21.211,1910,1910,0,3.48976e-05,0.00249477,0,0,0.00745575,0,319,178,0.846395,0,0,0,1,0,0,72365,24821195,72365
1,cage,10,qpAdaptive,1,1,0.587375,53556,268,21.2339,1631,1631,0,3.43543e-05,0.00249477,0,0,0.0100978,0.199679,319,177,0.840125,0,0,0,0.79929,0.197685,0.00302493,53556,14651492,52772
1,cage,10,qpFreeGate,1,1,3.06621,371386,583,34.7252,3880,3880,0,0.000234236,0.00249477,0,0,0.00277979,0,3062,559,0.190398,0,0,0,1,0,0,0,0,0
1,cage,10,qpEnvelope,1,1,0.365118,31921,218,13.2669,881,881,0,0.000310465,0.00249477,0,0,0.0127176,0.139501,226,137,0.964602,0,0,0,0.859497,0.135146,0.00535698,31921,8634174,31718
1,cage,17,isSafe,1,1,0.0811947,20409,103,20.4533,12,1024,0,0.003565,0.00010259,0,0,0,0,695,99,0.148201,0,0,0,0,0,0,0,0,0
1,cage,17,qpFixed,1,1,0.252571,26469,123,29.3911,2306,2306,0,0.000470864,0.00249477,0,0,0.0083458,0,104,72,1.18269,0,0,0,1,0,0,26469,6995046,24171
1,cage,17,qpPlain,1,1,0.270871,26469,123,29.3911,2306,2306,0,0.000470864,0.00249477,0,0,0.0083458,0,104,72,1.18269,0,0,0,1,0,0,26469,9078867,26469
1,cage,17,qpAdaptive,1,1,0.194672,18881,122,29.4187,1979,1979,0,0.000452327,0.00249477,0,0,0.0117907,0.222552,104,73,1.17308,0,0,0,0.776165,0.219862,0.00397246,18881,5015037,18570
1,cage,17,qpFreeGate,1,1,2.10181,272406,480,32.0248,3353,3353,0,0.00162588,0.00249477,0,0,0.00310958,0,2316,452,0.207254,0,0,0,1,0,0,0,0,0
1,cage,17,qpEnvelope,1,1,0.166883,15511,122,29.5195,1738,1738,0,0.000330418,0.00249477,0,0,0.0142948,0.140288,104,71,1.17308,0,0,0,0.858543,0.136299,0.00515796,15511,4126784,15406
1,cage,24,isSafe,1,1,0.264109,66138,367,23.3199,14,1167,0,0.00598999,0.00156288,0,0,0,0,3259,363,0.112611,0,0,0,0,0,0,0,0,0
1,cage,24,qpFixed,1,1,0.149824,16069,83,20.4479,1708,1708,0,9.29774e-05,0.00249477,0,0,0.00853011,0,64,40,1.29688,0,0,0,1,0,0,16069,4228092,14025
1,cage,24,qpPlain,1,1,0.16035,16069,83,20.4479,1708,1708,0,9.29774e-05,0.00249477,0,0,0.00853011,0,64,40,1.29688,0,0,0,1,0,0,16069,5511667,16069
1,cage,24,qpAdaptive,1,1,0.111909,11094,83,20.4881,1516,1516,0,9.17915e-05,0.00249477,0,0,0.0123914,0.211556,64,40,1.29688,0,0,0,0.786461,0.20795,0.00558861,11094,2924107,10820
1,cage,24,qpFreeGate,1,1,3.67445,476458,794,14.5762,1599,1599,0,0.0015695,0.00249477,0,0,0.00275476,0,4169,763,0.190453,0,0,0,1,0,0,0,0,0
1,cage,24,qpEnvelope,1,1,0.363094,34345,242,34.7944,2338,2338,0,0.000104474,0.00249477,0,0,0.0130719,0.102227,248,150,0.975806,0,0,0,0.897016,0.0971612,0.00582326,34345,9036908,34040
1,cage,31,isSafe,1,1,0.150987,38071,201,17.2278,10,863,0,0.00413287,0.00249477,0,0,0,0,1664,198,0.120793,0,0,0,0,0,0,0,0,0
1,cage,31,qpFixed,1,1,0.0483431,5254,31,16.0484,1504,1504,0,0.000430345,0.00249477,0,0,0.00899899,0,17,13,1.82353,0,0,0,1,0,0,5254,1391886,4658
1,cage,31,qpPlain,1,1,0.0513618,5254,31,16.0484,1504,1504,0,0.000430345,0.00249477,0,0,0.00899899,0,17,13,1.82353,0,0,0,1,0,0,5254,1802122,5254
1,cage,31,qpAdaptive,1,1,0.026039,2635,31,16.0603,1212,1212,0,0.000431642,0.00249477,0,0,0.0180051,0.46148,17,13,1.82353,0,0,0,0.534725,0.455787,0.00948767,2635,696228,2539
1,cage,31,qpFreeGate,1,1,6.34608,821890,1393,26.1673,3202,3202,0,0.0011342,0.00249477,0,0,0.00266917,0,7699,1348,0.180933,0,0,0,1,0,0,0,0,0
1,cage,31,qpEnvelope,1,1,0.018434,1687,32,16.1386,1051,1051,0,0.000456701,0.00249477,0,0,0.0283092,0.436277,17,13,1.88235,0,0,0,0.561352,0.420865,0.017783,1687,442058,1641
1,cage,38,isSafe,1,1,3.26068,394272,2851,22.9479,14,1149,0,0.00116031,0.00249477,0,0,0,0,27838,2848,0.102414,0,0,0,0,0,0,0,0,0
1,cage,38,qpFixed,1,1,0.0408888,4173,37,17.2162,1593,1593,0,0.00198276,0.00249477,0,0,0.00977346,0,14,12,2.64286,0,0,0,1,0,0,4173,1116454,3608
1,cage,38,qpPlain,1,1,0.043782,4173,37,17.2162,1593,1593,0,0.00198276,0.00249477,0,0,0.00977346,0,14,12,2.64286,0,0,0,1,0,0,4173,1431339,4173
1,cage,38,qpAdaptive,1,1,0.0253628,2337,37,17.2383,1198,1198,0,0.00213279,0.00249477,0,0,0.0175095,0.3911,14,12,2.64286,0,0,0,0.604621,0.385537,0.00984168,2337,649697,2258
1,cage,38,qpFreeGate,1,1,6.52512,792319,1212,25.1457,3055,3055,0,0.000811524,0.00249477,0,0,0.00258962,0,6754,1174,0.179449,0,0,0,1,0,0,0,0,0
1,cage,38,qpEnvelope,1,1,0.058574,5113,73,21.1291,1213,1213,0,0.00122222,0.00249477,0,0,0.0212546,0.216703,41,35,1.78049,0,0,0,0.781537,0.207119,0.0113436,5113,1345048,5022
1,cage,45,isSafe,1,1,0.38049,94406,538,32.446,19,1624,0,0.00516488,1.39925e-05,0,0,0,0,5051,534,0.106514,0,0,0,0,0,0,0,0,0
1,cage,45,qpFixed,1,1,0.0957763,9927,58,15.8926,1374,1374,0,0.000262896,0.00249477,0,0,0.00867022,0,35,28,1.65714,0,0,0,1,0,0,9927,2736360,9207
1,cage,45,qpPlain,1,1,0.104773,9927,58,15.8926,1374,1374,0,0.000262896,0.00249477,0,0,0.00867022,0,35,28,1.65714,0,0,0,1,0,0,9927,3404961,9927
1,cage,45,qpAdaptive,1,1,0.063598,6100,58,15.901,1223,1223,0,0.000266791,0.00249477,0,0,0.0141219,0.331311,35,28,1.65714,0,0,0,0.666885,0.326721,0.00639344,6100,1681862,5900
1,cage,45,qpFreeGate,1,1,2.47013,320336,534,21.4795,2359,2359,0,0.00252075,0.00249477,0,0,0.00285213,0,2736,503,0.195175,0,0,0,1,0,0,0,0,0
1,cage,45,qpEnvelope,1,1,0.0533467,4601,58,15.9513,1145,1145,0,0.000259729,0.00249477,0,0,0.0188014,0.291241,35,28,1.65714,0,0,0,0.706368,0.283851,0.00978048,4601,1257782,4457
1,cage,52,isSafe,1,1,0.585082,145247,868,22.4106,13,1122,0,0.00309412,0.00249477,0,0,0,0,7822,864,0.110969,0,0,0,0,0,0,0,0,0
1,cage,52,qpFixed,1,1,0.0755742,7928,47,15.422,1381,1381,0,0.00108915,0.00249477,0,0,0.0092563,0,29,24,1.62069,0,0,0,1,0,0,7928,2112811,7197
1,cage,52,qpPlain,1,1,0.0809771,7928,47,15.422,1381,1381,0,0.00108915,0.00249477,0,0,0.0092563,0,29,24,1.62069,0,0,0,1,0,0,7928,2719304,7928
1,cage,52,qpAdaptive,1,1,0.0522991,5117,47,15.4349,1035,1035,0,0.0010408,0.00249477,0,0,0.0143678,0.341411,29,24,1.62069,0,0,0,0.656635,0.337502,0.00586281,5117,1351116,5010
1,cage,52,qpFreeGate,1,1,1.15265,149894,276,23.1361,2564,2564,0,0.00320792,0.00249477,0,0,0.00332462,0,1124,252,0.245552,0,0,0,1,0,0,0,0,0
1,cage,52,qpEnvelope,1,1,0.0332864,3053,47,15.463,879,879,0,0.000942082,0.00249477,0,0,0.0241437,0.248935,29,24,1.62069,0,0,0,0.749754,0.236489,0.013757,3053,766385,3021
1,cage,59,isSafe,1,1,0.41921,104608,611,16.6673,10,835,0,0.00306112,0.00249477,0,0,0,0,5622,608,0.10868,0,0,0,0,0,0,0,0,0
1,cage,59,qpFixed,1,1,0.253966,26654,127,23.4591,2045,2045,0,0.000238258,0.00249477,0,0,0.00831262,0,109,75,1.16514,0,0,0,1,0,0,26654,7090775,23869
1,cage,59,qpPlain,1,1,0.277203,26654,127,23.4591,2045,2045,0,0.000238258,0.00249477,0,0,0.00831262,0,109,75,1.16514,0,0,0,1,0,0,26654,9142322,26654
1,cage,59,qpAdaptive,1,1,0.194619,18958,127,23.486,1653,1653,0,0.00022251,0.00249477,0,0,0.0117268,0.259679,109,75,1.16514,0,0,0,0.738949,0.257253,0.00379787,18958,5052762,18552
1,cage,59,qpFreeGate,1,1,0.954006,124622,248,21.8163,2359,2359,0,0.000701064,0.00249477,0,0,0.00350773,0,960,225,0.258333,0,0,0,1,0,0,0,0,0
1,cage,59,qpEnvelope,1,1,0.15128,13969,128,26.7212,1752,1752,0,2.18655e-05,0.00249477,0,0,0.0160136,0.187701,109,75,1.17431,0,0,0,0.81101,0.18133,0.00765982,13969,3675864,13795
1,cage,66,isSafe,1,1,1.0798,231072,1512,13.775,9,690,0,0.0164892,0.00249477,0,0,0,0,13646,1508,0.110802,0,0,0,0,0,0,0,0,0
1,cage,66,qpFixed,1,1,0.034487,3762,24,20.6237,1672,1672,0,0.00042543,0.00249477,0,0,0.00999195,0,11,9,2.18182,0,0,0,1,0,0,3762,926492,2625
1,cage,66,qpPlain,1,1,0.038475,3762,24,20.6237,1672,1672,0,0.00042543,0.00249477,0,0,0.00999195,0,11,9,2.18182,0,0,0,1,0,0,3762,1290366,3762
1,cage,66,qpAdaptive,1,1,0.019296,1878,24,20.6206,1302,1302,0,0.000425132,0.00249477,0,0,0.0200605,0.263046,11,9,2.18182,0,0,0,0.734292,0.255591,0.0101171,1878,466466,1807
1,cage,66,qpFreeGate,1,1,1.63948,199732,389,17.2423,1949,1949,0,0.00722799,0.00249477,0,0,0.00331316,0,1550,368,0.250968,0,0,0,1,0,0,0,0,0
1,cage,66,qpEnvelope,1,1,0.0150577,1377,24,20.6134,1213,1213,0,0.000537138,0.00249477,0,0,0.0272562,0.157589,11,9,2.18182,0,0,0,0.838054,0.147422,0.0145243,1377,338651,1347
1,cage,73,isSafe,1,1,0.485711,120918,716,26.1754,16,1310,0,0.00331039,0.00249477,0,0,0,0,6704,713,0.106802,0,0,0,0,0,0,0,0,0
1,cage,73,qpFixed,1,1,0.0655514,7025,43,16.6377,1489,1489,0,0.000445731,0.00249477,0,0,0.00943139,0,23,19,1.86957,0,0,0,1,0,0,7025,1875144,5872
1,cage,73,qpPlain,1,1,0.0699821,7025,43,16.6377,1489,1489,0,0.000445731,0.00249477,0,0,0.00943139,0,23,19,1.86957,0,0,0,1,0,0,7025,2409575,7025
1,cage,73,qpAdaptive,1,1,0.0416469,4081,43,16.6641,1111,1111,0,0.000424963,0.00249477,0,0,0.0162636,0.315364,23,19,1.86957,0,0,0,0.683166,0.310953,0.00588091,4081,1086756,3965
1,cage,73,qpFreeGate,1,1,0.75531,98572,203,16.7466,1916,1916,0,0.00323653,0.00249477,0,0,0.00348313,0,766,187,0.265013,0,0,0,1,0,0,0,0,0
1,cage,73,qpEnvelope,1,1,0.0322753,2839,40,16.7759,1004,1004,0,0.000304375,0.00249477,0,0,0.0232722,0.299049,23,18,1.73913,0,0,0,0.699542,0.290595,0.00986263,2839,793089,2801
1,cage,80,isSafe,1,1,0.180933,45428,232,14.7658,9,740,0,0.00882785,0.00249477,0,0,0,0,1783,228,0.130118,0,0,0,0,0,0,0,0,0
1,cage,80,qpFixed,1,1,0.0106028,1183,9,10.416,1184,1184,0,0.000309235,0.00249477,0,0,0.00880473,0,1,1,9,0,0,0,1,0,0,1183,333470,645
1,cage,80,qpPlain,1,1,0.0111311,1183,9,10.416,1184,1184,0,0.000309235,0.00249477,0,0,0.00880473,0,1,1,9,0,0,0,1,0,0,1183,405769,1183
1,cage,80,qpAdaptive,1,1,0.00586072,552,9,10.4172,897,897,0,0.00028307,0.00249477,0,0,0.0188717,0.175725,1,1,9,0,0,0,0.824275,0.166667,0.00905797,552,165093,512
1,cage,80,qpFreeGate,1,1,6.81799,674981,1131,20.3308,2152,2152,0,0.00289931,0.00249477,0,0,0.00264991,0,6510,1112,0.173733,0,0,0,1,0,0,0,0,0
1,cage,80,qpEnvelope,1,1,0.00476131,418,9,10.422,808,808,0,0.000197661,0.00249477,0,0,0.0249329,0.172249,1,1,9,0,0,0,0.827751,0.160287,0.0119617,418,125295,401
1,cage,87,isSafe,1,1,0.283657,71070,397,15.1713,9,760,0,0.000308848,0.00249477,0,0,0,0,3544,394,0.11202,0,0,0,0,0,0,0,0,0
1,cage,87,qpFixed,1,1,0.0659557,7034,41,26.2721,2054,2054,0,2.92115e-05,0.00249477,0,0,0.00969672,0,27,21,1.51852,0,0,0,1,0,0,7034,1806682,5932
1,cage,87,qpPlain,1,1,0.0742498,7034,41,26.2721,2054,2054,0,2.92115e-05,0.00249477,0,0,0.00969672,0,27,21,1.51852,0,0,0,1,0,0,7034,2412662,7034
1,cage,87,qpAdaptive,1,1,0.0411562,3926,41,26.2981,1785,1785,0,2.76878e-05,0.00249477,0,0,0.0174218,0.40703,27,21,1.51852,0,0,0,0.590678,0.401936,0.00738665,3926,1044823,3815
1,cage,87,qpFreeGate,1,1,2.60101,337562,537,20.7971,2230,2230,0,0.00327018,0.00249477,0,0,0.00278657,0,2688,511,0.199777,0,0,0,1,0,0,0,0,0
1,cage,87,qpEnvelope,1,1,0.0271411,2401,43,26.4615,1600,1600,0,2.35766e-05,0.00249477,0,0,0.0286314,0.266556,27,21,1.59259,0,0,0,0.729696,0.251562,0.0187422,2401,627766,2345
1,cage,94,isSafe,1,1,0.0834636,20926,108,19.2543,12,964,0,0.0028052,0.00249477,0,0,0,0,762,104,0.141732,0,0,0,0,0,0,0,0,0
1,cage,94,qpFixed,1,1,0.546057,56806,235,16.0037,1490,1490,0,4.76958e-05,0.00249477,0,0,0.00770535,0,244,140,0.963115,0,0,0,1,0,0,56806,15127961,52405
1,cage,94,qpPlain,1,1,0.584824,56806,235,16.0037,1490,1490,0,4.76958e-05,0.00249477,0,0,0.00770535,0,244,140,0.963115,0,0,0,1,0,0,56806,19484458,56806
1,cage,94,qpAdaptive,1,1,0.437991,42724,233,14.8375,1021,1021,16,-5.04275e-05,0.00249477,0,0,0.0102858,0.215968,244,140,0.954918,0,0,0,0.782768,0.213604,0.00362794,42724,11327039,42017
1,cage,94,qpFreeGate,1,1,1.21208,157542,295,27.3429,2763,2763,0,0.000746596,0.00249477,0,0,0.00317324,0,1239,261,0.238095,0,0,0,1,0,0,0,0,0
1,cage,94,qpEnvelope,1,1,0.361328,33708,231,14.8889,919,919,17,-5.07914e-05,0.00249477,0,0,0.0130763,0.154385,244,140,0.946721,0,0,0,0.84481,0.149613,0.00557748,33708,8853857,33411
1,bookshelf_tall,5,isSafe,1,0,10.0034,2,1,0,0,0,0,inf,inf,0,0,0,0,0,0,0,0,0,0,0,0,0,0,0,0
1,bookshelf_tall,5,qpFixed,1,0,10.0001,473912,2226,0,0,0,0,inf,inf,0,0,0.00846843,0,7513,2224,0.296286,0,0,0,1,0,0,473912,140361702,406705
1,bookshelf_tall,5,qpPlain,1,0,10.0009,554714,2567,0,0,0,0,inf,inf,0,0,0.00834794,0,8839,2565,0.290417,0,0,0,1,0,0,554714,190266902,554714
1,bookshelf_tall,5,qpAdaptive,1,0,10.0055,548801,3187,0,0,0,0,inf,inf,0,0,0.0104545,0.119344,11345,3185,0.280917,0,0,0,0.877871,0.118663,0.00346521,548801,164403560,531313
1,bookshelf_tall,5,qpFreeGate,1,0,10.0005,622289,1979,0,0,0,0,inf,inf,0,0,0.00417744,0,12211,1977,0.162067,0,0,0,1,0,0,0,0,0
1,bookshelf_tall,5,qpEnvelope,1,0,10.0015,503020,3253,0,0,0,0,inf,inf,0,0,0.0117636,0.0255934,11691,3251,0.278248,0,0,0,0.97371,0.0221878,0.00410189,503020,150598105,497673
1,bookshelf_tall,12,isSafe,1,0,10.0002,933165,8327,0,0,0,0,inf,inf,0,0,0,0,76671,8325,0.108607,0,0,0,0,0,0,0,0,0
1,bookshelf_tall,12,qpFixed,1,0,10.0008,489530,1088,0,0,0,0,inf,inf,0,0,0.00616289,0,2090,976,0.520574,0,0,0,1,0,0,489530,146289797,463491
1,bookshelf_tall,12,qpPlain,1,0,10.0017,547652,1186,0,0,0,0,inf,inf,0,0,0.0060892,0,2370,1073,0.500422,0,0,0,1,0,0,547652,187844636,547652
1,bookshelf_tall,12,qpAdaptive,1,0,10.0007,662691,1519,0,0,0,0,inf,inf,0,0,0.00652282,0.0526716,3247,1399,0.467816,0,0,0,0.947081,0.0520049,0.000914457,662691,198788080,655954
1,bookshelf_tall,12,qpFreeGate,1,0,10.0009,873046,1409,0,0,0,0,inf,inf,0,0,0.00261518,0,7942,1407,0.177411,0,0,0,1,0,0,0,0,0
1,bookshelf_tall,12,qpEnvelope,1,0,10.0078,454682,1159,0,0,0,0,inf,inf,0,0,0.00705706,0.00926582,2253,1041,0.514425,0,0,0,0.990695,0.00832674,0.00097871,454682,136475859,453230
1,bookshelf_tall,20,isSafe,1,0,10.0007,2,1,0,0,0,0,inf,inf,0,0,0,0,0,0,0,0,0,0,0,0,0,0,0,0
1,bookshelf_tall,20,qpFixed,1,0,10.0029,474637,2167,0,0,0,0,inf,inf,0,0,0.00836877,0,7395,2165,0.293036,0,0,0,1,0,0,474637,140614267,410527
1,bookshelf_tall,20,qpPlain,1,0,10.0002,593342,2669,0,0,0,0,inf,inf,0,0,0.00821368,0,9347,2667,0.285546,0,0,0,1,0,0,593342,203516306,593342
1,bookshelf_tall,20,qpAdaptive,1,0,10.0021,647636,3617,0,0,0,0,inf,inf,0,0,0.0100863,0.109807,13131,3615,0.275455,0,0,0,0.887637,0.109046,0.00331632,647636,193720980,629020
1,bookshelf_tall,20,qpFreeGate,1,0,10.0007,875214,2649,0,0,0,0,inf,inf,0,0,0.00386078,0,17039,2647,0.155467,0,0,0,1,0,0,0,0,0
1,bookshelf_tall,20,qpEnvelope,1,0,10.0016,453789,2883,0,0,0,0,inf,inf,0,0,0.0115661,0.0228476,10141,2881,0.284291,0,0,0,0.97657,0.0196328,0.00379736,453789,135666380,448943
1,bookshelf_tall,28,isSafe,1,1,0.0298334,4001,20,15.9015,9,797,0,0.00135494,0.00249477,0,0,0,0,80,16,0.25,0,0,0,0,0,0,0,0,0
1,bookshelf_tall,28,qpFixed,1,1,0.00923819,772,7,8.60155,690,690,0,0.00690802,0.00249477,0,0,0.0120741,0,2,2,3.5,0,0,0,1,0,0,772,195868,404
1,bookshelf_tall,28,qpPlain,1,1,0.00992801,772,7,8.60155,690,690,0,0.00690802,0.00249477,0,0,0.0120741,0,2,2,3.5,0,0,0,1,0,0,772,264796,772
1,bookshelf_tall,28,qpAdaptive,1,1,0.00274025,206,7,8.61286,504,504,0,0.00690802,0.00249477,0,0,0.0455411,0.92233,2,2,3.5,0,0,0,0.0728155,0.898058,0.0291262,206,55095,157
1,bookshelf_tall,28,qpFreeGate,1,1,0.120681,10461,30,10.9785,1152,1152,0,0.00382738,0.00249477,0,0,0.00442199,0,80,24,0.375,0,0,0,1,0,0,0,0,0
1,bookshelf_tall,28,qpEnvelope,1,1,0.0012529,80,7,8.594,466,466,0,0.00690802,0.00249477,0,0,0.117295,0.925,2,2,3.5,0,0,0,0.075,0.85,0.075,80,22089,60
1,bookshelf_tall,35,isSafe,1,0,10,914270,8115,0,0,0,0,inf,inf,0,0,0,0,73233,8113,0.110811,0,0,0,0,0,0,0,0,0
1,bookshelf_tall,35,qpFixed,1,0,10.0096,528524,1152,0,0,0,0,inf,inf,0,0,0.0061006,0,2253,1045,0.511318,0,0,0,1,0,0,528524,157365716,501786
1,bookshelf_tall,35,qpPlain,1,0,10.0004,556168,1197,0,0,0,0,inf,inf,0,0,0.00606333,0,2388,1090,0.501256,0,0,0,1,0,0,556168,190765624,556168
1,bookshelf_tall,35,qpAdaptive,1,0,10.0003,555586,1308,0,0,0,0,inf,inf,0,0,0.00662572,0.0510956,2648,1197,0.493958,0,0,0,0.94866,0.0503865,0.000953949,555586,166096419,549085
1,bookshelf_tall,35,qpFreeGate,1,0,10.0032,713033,1175,0,0,0,0,inf,inf,0,0,0.00268925,0,6279,1170,0.187132,0,0,0,1,0,0,0,0,0
1,bookshelf_tall,35,qpEnvelope,1,0,10.0018,430498,1093,0,0,0,0,inf,inf,0,0,0.00706348,0.00762373,2100,980,0.520476,0,0,0,0.992332,0.00667602,0.000991879,430498,128728909,428978
1,bookshelf_tall,42,isSafe,1,1,0.096908,5914,31,16.6986,10,836,0,0.00317917,0.00249477,0,0,0,0,162,27,0.191358,0,0,0,0,0,0,0,0,0
1,bookshelf_tall,42,qpFixed,1,1,0.0937293,3125,21,15.3962,1546,1546,0,0.00112881,0.00249477,0,0,0.00884031,0,9,9,2.33333,0,0,0,1,0,0,3125,924402,2725
1,bookshelf_tall,42,qpPlain,1,1,0.0881612,3125,21,15.3962,1546,1546,0,0.00112881,0.00249477,0,0,0.00884031,0,9,9,2.33333,0,0,0,1,0,0,3125,1071875,3125
1,bookshelf_tall,42,qpAdaptive,1,1,0.0614482,1957,21,15.4088,1178,1178,0,0.00109897,0.00249477,0,0,0.0141381,0.349004,9,9,2.33333,0,0,0,0.64742,0.344405,0.00817578,1957,597668,1905
1,bookshelf_tall,42,qpFreeGate,1,1,0.108223,4795,16,17.6238,1506,1506,0,0.00147793,0.00249477,0,0,0.00513007,0,31,10,0.516129,0,0,0,1,0,0,0,0,0
1,bookshelf_tall,42,qpEnvelope,1,1,0.0357251,1085,22,16.7771,978,978,64,-0.00170045,0.00249477,0,0,0.0262222,0.22765,9,9,2.44444,0,0,0,0.769585,0.208295,0.0221198,1085,328241,1065
1,bookshelf_tall,49,isSafe,1,1,0.0121962,1646,10,7.7469,5,389,0,0.00702697,0.00249477,0,0,0,0,28,7,0.357143,0,0,0,0,0,0,0,0,0
1,bookshelf_tall,49,qpFixed,1,1,0.0572836,4431,30,14.9404,1285,1285,0,0.00117976,0.00249477,0,0,0.010295,0,15,13,2,0,0,0,1,0,0,4431,1085897,3622
1,bookshelf_tall,49,qpPlain,1,1,0.0696051,4431,30,14.9404,1285,1285,0,0.00117976,0.00249477,0,0,0.010295,0,15,13,2,0,0,0,1,0,0,4431,1519833,4431
1,bookshelf_tall,49,qpAdaptive,1,1,0.0839863,2989,30,14.9459,967,967,0,0.00117461,0.00249477,0,0,0.0151327,0.23921,15,13,2,0,0,0,0.759371,0.23427,0.00635877,2989,744999,2901
1,bookshelf_tall,49,qpFreeGate,1,1,0.0419388,3739,14,8.92301,670,670,0,0.00702697,0.00249477,0,0,0.00546689,0,28,9,0.5,0,0,0,1,0,0,0,0,0
1,bookshelf_tall,49,qpEnvelope,1,1,0.0566515,2032,30,14.2662,806,806,0,0.0011593,0.00249477,0,0,0.0222178,0.121555,15,12,2,0,0,0,0.877461,0.10876,0.0137795,2032,504695,2008
1,bookshelf_tall,56,isSafe,1,1,0.0327518,4419,23,15.879,9,795,0,0.00344067,0.00249477,0,0,0,0,55,18,0.418182,0,0,0,0,0,0,0,0,0
1,bookshelf_tall,56,qpFixed,1,1,0.0157435,1227,9,6.3489,608,608,0,0.00162356,0.00249477,0,0,0.0100965,0,4,4,2.25,0,0,0,1,0,0,1227,330704,800
1,bookshelf_tall,56,qpPlain,1,1,0.0159958,1227,9,6.3489,608,608,0,0.00162356,0.00249477,0,0,0.0100965,0,4,4,2.25,0,0,0,1,0,0,1227,420861,1227
1,bookshelf_tall,56,qpAdaptive,1,1,0.00570763,411,9,6.37637,413,413,0,0.0016172,0.00249477,0,0,0.0301687,0.642336,4,4,2.25,0,0,0,0.355231,0.627737,0.0170316,411,120626,359
1,bookshelf_tall,56,qpFreeGate,1,1,0.0895663,4631,27,9.06518,796,796,0,0.00711617,0.00249477,0,0,0.00730825,0,30,16,0.9,0,0,0,1,0,0,0,0,0
1,bookshelf_tall,56,qpEnvelope,1,1,0.00248832,150,9,6.49563,362,362,0,0.00144382,0.00249477,0,0,0.0835139,0.693333,4,4,2.25,0,0,0,0.3,0.646667,0.0533333,150,43494,134
1,bookshelf_tall,63,isSafe,1,0,10.003,2,1,0,0,0,0,inf,inf,0,0,0,0,0,0,0,0,0,0,0,0,0,0,0,0
1,bookshelf_tall,63,qpFixed,1,0,10.0002,567897,2550,0,0,0,0,inf,inf,0,0,0.00814875,0,8979,2548,0.283996,0,0,0,1,0,0,567897,168452799,495080
1,bookshelf_tall,63,qpPlain,1,0,10.0003,543311,2447,0,0,0,0,inf,inf,0,0,0.00816786,0,8583,2445,0.285098,0,0,0,1,0,0,543311,186355673,543311
1,bookshelf_tall,63,qpAdaptive,1,0,10.0017,574311,3217,0,0,0,0,inf,inf,0,0,0.0101159,0.112636,11631,3215,0.276588,0,0,0,0.884773,0.11203,0.00319666,574311,172257620,557656
1,bookshelf_tall,63,qpFreeGate,1,0,10,598177,1842,0,0,0,0,inf,inf,0,0,0.00403497,0,11887,1840,0.154959,0,0,0,1,0,0,0,0,0
1,bookshelf_tall,63,qpEnvelope,1,0,10.0015,471417,2984,0,0,0,0,inf,inf,0,0,0.0114492,0.0266664,10703,2982,0.2788,0,0,0,0.972657,0.0234711,0.00387189,471417,141240798,466501
1,bookshelf_tall,71,isSafe,1,1,0.264076,21381,107,17.6718,11,885,0,0.00692828,0.00249477,0,0,0,0,852,103,0.125587,0,0,0,0,0,0,0,0,0
1,bookshelf_tall,71,qpFixed,1,1,0.0694177,5036,32,17.2173,1344,1344,0,0.00205169,0.00249477,0,0,0.00987605,0,15,13,2.13333,0,0,0,1,0,0,5036,1399604,4234
1,bookshelf_tall,71,qpPlain,1,1,0.0922801,5036,32,17.2173,1344,1344,0,0.00205169,0.00249477,0,0,0.00987605,0,15,13,2.13333,0,0,0,1,0,0,5036,1727348,5036
1,bookshelf_tall,71,qpAdaptive,1,1,0.0896111,3034,29,21.0151,1496,1496,0,0.000220148,0.00249477,0,0,0.0161733,0.314766,15,12,1.93333,0,0,0,0.683586,0.310811,0.00560316,3034,860966,2836
1,bookshelf_tall,71,qpFreeGate,1,1,0.297893,24997,69,23.6818,2470,2470,0,0.00398549,0.00249477,0,0,0.00402357,0,190,55,0.363158,0,0,0,1,0,0,0,0,0
1,bookshelf_tall,71,qpEnvelope,1,1,0.0547624,2118,32,25.0939,1467,1467,0,0.000208092,0.00249477,0,0,0.0256293,0.293673,18,13,1.77778,0,0,0,0.704438,0.28187,0.0136922,2118,590833,2012
1,bookshelf_tall,78,isSafe,1,1,0.0359962,4872,26,9.23063,6,463,0,0.00444043,0.00249477,0,0,0,0,96,23,0.270833,0,0,0,0,0,0,0,0,0
1,bookshelf_tall,78,qpFixed,1,1,0.313745,6420,49,15.0563,1222,1222,0,0.00249397,0.00249477,0,0,0.00906431,0,17,17,2.88235,0,0,0,1,0,0,6420,1866031,5826
1,bookshelf_tall,78,qpPlain,1,1,0.632013,6420,49,15.0563,1222,1222,0,0.00249397,0.00249477,0,0,0.00906431,0,17,17,2.88235,0,0,0,1,0,0,6420,2202060,6420
1,bookshelf_tall,78,qpAdaptive,1,1,0.39951,4032,48,15.0769,1037,1037,0,0.00248848,0.00249477,0,0,0.0143762,0.336062,17,17,2.82353,0,0,0,0.662946,0.328869,0.00818452,4032,1189443,3907
1,bookshelf_tall,78,qpFreeGate,1,1,0.314996,12442,33,9.07982,650,650,0,0.00444043,0.00249477,0,0,0.00441287,0,96,29,0.34375,0,0,0,1,0,0,0,0,0
1,bookshelf_tall,78,qpEnvelope,1,1,0.210437,2510,45,15.0438,885,885,0,0.00100906,0.00249477,0,0,0.0231695,0.254582,17,17,2.64706,0,0,0,0.743825,0.241036,0.0151394,2510,744595,2465
1,bookshelf_tall,85,isSafe,1,1,0.0199384,2694,16,13.9122,9,697,0,0.00142842,0.00249477,0,0,0,0,46,12,0.347826,0,0,0,0,0,0,0,0,0
1,bookshelf_tall,85,qpFixed,1,1,0.122331,9257,41,17.6189,1717,1717,0,0.000181928,0.00249477,0,0,0.00760667,0,28,23,1.46429,0,0,0,1,0,0,9257,2465663,9070
1,bookshelf_tall,85,qpPlain,1,1,0.132118,9257,41,17.6189,1717,1717,0,0.000181928,0.00249477,0,0,0.00760667,0,28,23,1.46429,0,0,0,1,0,0,9257,3175151,9257
1,bookshelf_tall,85,qpAdaptive,1,1,0.0799516,5791,43,23.8338,1932,1932,0,0.00021379,0.00249477,0,0,0.010154,0.219824,20,18,2.15,0,0,0,0.778104,0.217406,0.00448973,5791,1521861,5752
1,bookshelf_tall,85,qpFreeGate,1,1,0.0787806,7011,25,17.5247,1587,1587,0,0.00564033,0.00249477,0,0,0.00526368,0,51,18,0.490196,0,0,0,1,0,0,0,0,0
1,bookshelf_tall,85,qpEnvelope,1,1,0.0782955,5494,47,19.154,1233,1233,0,0.000155949,0.00249477,0,0,0.0136564,0.199126,28,24,1.67857,0,0,0,0.800328,0.193848,0.00582454,5494,1437487,5470
1,bookshelf_tall,93,isSafe,1,1,0.166538,21002,106,20.0548,12,1004,0,0.000437317,0.00249477,0,0,0,0,814,102,0.130221,0,0,0,0,0,0,0,0,0
1,bookshelf_tall,93,qpFixed,1,1,0.027297,2036,19,14.2344,1162,1162,0,0.000386261,0.00249477,0,0,0.0106242,0,6,6,3.16667,0,0,0,1,0,0,2036,583552,1557
1,bookshelf_tall,93,qpPlain,1,1,0.0289123,2036,19,14.2344,1162,1162,0,0.000386261,0.00249477,0,0,0.0106242,0,6,6,3.16667,0,0,0,1,0,0,2036,698348,2036
1,bookshelf_tall,93,qpAdaptive,1,1,0.0165295,1127,30,16.1458,1049,1049,0,0.000386261,0.00249477,0,0,0.0232608,0.38953,7,7,4.28571,0,0,0,0.603372,0.370896,0.025732,1127,354302,997
1,bookshelf_tall,93,qpFreeGate,1,1,0.53346,45285,100,23.1094,1952,1952,0,0.00067617,0.00249477,0,0,0.00364437,0,411,95,0.243309,0,0,0,1,0,0,0,0,0
1,bookshelf_tall,93,qpEnvelope,1,1,0.00997215,600,26,11.0075,667,667,0,0.000360362,0.00249477,0,0,0.0488242,0.353333,8,8,3.25,0,0,0,0.636667,0.315,0.0483333,600,188227,567
1,bookshelf_thin,1,isSafe,1,0,10.0053,2,1,0,0,0,0,inf,inf,0,0,0,0,0,0,0,0,0,0,0,0,0,0,0,0
1,bookshelf_thin,1,qpFixed,1,0,10.0027,431020,2039,0,0,0,0,inf,inf,0,0,0.00867138,0,6719,2037,0.303468,0,0,0,1,0,0,431020,126056287,356669
1,bookshelf_thin,1,qpPlain,1,0,10.0009,531433,2481,0,0,0,0,inf,inf,0,0,0.00851835,0,8373,2479,0.29631,0,0,0,1,0,0,531433,182281519,531433
1,bookshelf_thin,1,qpAdaptive,1,0,10.0028,583450,3480,0,0,0,0,inf,inf,0,0,0.0107392,0.104777,12213,3478,0.284942,0,0,0,0.892722,0.103622,0.00365593,583450,172697889,561876
1,bookshelf_thin,1,qpFreeGate,1,0,10.0005,473708,1666,0,0,0,0,inf,inf,0,0,0.0046973,0,9577,1664,0.173958,0,0,0,1,0,0,0,0,0
1,bookshelf_thin,1,qpEnvelope,1,0,10.0042,393971,2658,0,0,0,0,inf,inf,0,0,0.0123062,0.0160672,9037,2656,0.294124,0,0,0,0.983474,0.0124097,0.00411588,393971,116491257,388983
1,bookshelf_thin,8,isSafe,1,1,0.174571,8956,44,12.5217,8,628,0,0.00426641,0.00249477,0,0,0,0,158,40,0.278481,0,0,0,0,0,0,0,0,0
1,bookshelf_thin,8,qpFixed,1,1,0.0109794,431,6,6.51313,432,432,0,0.000731973,0.00249477,0,0,0.0151117,0,1,1,6,0,0,0,1,0,0,431,97538,162
1,bookshelf_thin,8,qpPlain,1,1,0.0127083,431,6,6.51313,432,432,0,0.000731973,0.00249477,0,0,0.0151117,0,1,1,6,0,0,0,1,0,0,431,147833,431
1,bookshelf_thin,8,qpAdaptive,1,1,0.00581064,179,6,6.5129,391,391,0,0.000731973,0.00249477,0,0,0.0363849,0.24581,1,1,6,0,0,0,0.748603,0.22905,0.0223464,179,42233,155
1,bookshelf_thin,8,qpFreeGate,1,1,0.281421,19351,57,15.1712,1377,1377,0,0.00426641,0.00249477,0,0,0.00473336,0,158,52,0.360759,0,0,0,1,0,0,0,0,0
1,bookshelf_thin,8,qpEnvelope,1,1,0.00543703,146,6,6.51997,383,383,0,0.000731973,0.00249477,0,0,0.0446573,0.150685,1,1,6,0,0,0,0.849315,0.123288,0.0273973,146,34295,134
1,bookshelf_thin,15,isSafe,1,0,10.0071,2,1,0,0,0,0,inf,inf,0,0,0,0,0,0,0,0,0,0,0,0,0,0,0,0
1,bookshelf_thin,15,qpFixed,1,1,0.0128927,834,10,9.58946,715,715,0,0.00152156,0.00249477,0,0,0.012268,0,2,2,5,0,0,0,1,0,0,834,222413,505
1,bookshelf_thin,15,qpPlain,1,1,0.0134124,834,10,9.58946,715,715,0,0.00152156,0.00249477,0,0,0.012268,0,2,2,5,0,0,0,1,0,0,834,286062,834
1,bookshelf_thin,15,qpAdaptive,1,1,0.00831377,484,10,9.59189,619,619,0,0.00150301,0.00249477,0,0,0.0211436,0.204545,2,2,5,0,0,0,0.793388,0.192149,0.0144628,484,134884,454
1,bookshelf_thin,15,qpFreeGate,1,0,10.0005,642778,2172,0,0,0,0,inf,inf,0,0,0.00441743,0,12995,2170,0.167141,0,0,0,1,0,0,0,0,0
1,bookshelf_thin,15,qpEnvelope,1,1,0.00598039,342,11,9.61516,573,573,0,0.000778033,0.00249477,0,0,0.0299876,0.116959,2,2,5.5,0,0,0,0.880117,0.0964912,0.0233918,342,94584,332
1,bookshelf_thin,22,isSafe,1,1,0.257633,20631,105,17.8248,10,893,0,0.00245457,0.00249477,0,0,0,0,748,102,0.140374,0,0,0,0,0,0,0,0,0
1,bookshelf_thin,22,qpFixed,1,1,0.0414042,1455,12,13.3109,985,985,0,0.00229608,0.00249477,0,0,0.0111217,0,4,4,3,0,0,0,1,0,0,1455,368320,963
1,bookshelf_thin,22,qpPlain,1,1,0.0436202,1455,12,13.3109,985,985,0,0.00229608,0.00249477,0,0,0.0111217,0,4,4,3,0,0,0,1,0,0,1455,499065,1455
1,bookshelf_thin,22,qpAdaptive,1,1,0.0194431,644,12,13.3462,818,818,0,0.00225444,0.00249477,0,0,0.0252865,0.431677,4,4,3,0,0,0,0.563665,0.42236,0.0139752,644,169999,577
1,bookshelf_thin,22,qpFreeGate,1,1,0.130266,8359,37,24.1131,2008,2008,0,0.00451674,0.00249477,0,0,0.00694948,0,75,31,0.493333,0,0,0,1,0,0,0,0,0
1,bookshelf_thin,22,qpEnvelope,1,1,0.0125603,373,11,13.3982,758,758,0,0.0019671,0.00249477,0,0,0.0438273,0.292225,4,4,2.75,0,0,0,0.705094,0.270777,0.0241287,373,97899,350
1,bookshelf_thin,29,isSafe,1,1,0.00977014,955,7,8.78674,6,441,0,0.00053333,0.00249477,0,0,0,0,5,3,1.4,0,0,0,0,0,0,0,0,0
1,bookshelf_thin,29,qpFixed,1,1,0.00726789,545,6,7.0448,546,546,0,0.00524358,0.00249477,0,0,0.0129262,0,1,1,6,0,0,0,1,0,0,545,118862,37
1,bookshelf_thin,29,qpPlain,1,1,0.011148,545,6,7.0448,546,546,0,0.00524358,0.00249477,0,0,0.0129262,0,1,1,6,0,0,0,1,0,0,545,186935,545
1,bookshelf_thin,29,qpAdaptive,1,1,0.00095753,63,6,7.04485,385,385,0,0.00524358,0.00249477,0,0,0.111823,0.698413,1,1,6,0,0,0,0.301587,0.634921,0.0634921,63,15348,29
1,bookshelf_thin,29,qpFreeGate,1,1,0.0769848,2729,19,13.7558,1299,1299,0,0.00576076,0.00249477,0,0,0.00770585,0,13,9,1.46154,0,0,0,1,0,0,0,0,0
1,bookshelf_thin,29,qpEnvelope,1,1,0.000638128,34,6,7.04508,368,368,0,0.00524358,0.00249477,0,0,0.207208,0.529412,1,1,6,0,0,0,0.470588,0.411765,0.117647,34,8044,22
1,bookshelf_thin,36,isSafe,1,0,10.0071,2,1,0,0,0,0,inf,inf,0,0,0,0,0,0,0,0,0,0,0,0,0,0,0,0
1,bookshelf_thin,36,qpFixed,1,0,10.0006,504860,2266,0,0,0,0,inf,inf,0,0,0.00841019,0,7851,2264,0.288626,0,0,0,1,0,0,504860,147138407,428241
1,bookshelf_thin,36,qpPlain,1,0,10.0036,579248,2573,0,0,0,0,inf,inf,0,0,0.00829723,0,9069,2571,0.283714,0,0,0,1,0,0,579248,198682064,579248
1,bookshelf_thin,36,qpAdaptive,1,0,10.0006,439331,2464,0,0,0,0,inf,inf,0,0,0.0105404,0.0980582,8697,2462,0.283316,0,0,0,0.899727,0.0971728,0.00310045,439331,129559695,424151
1,bookshelf_thin,36,qpFreeGate,1,0,10.0003,703587,2333,0,0,0,0,inf,inf,0,0,0.00428091,0,14411,2331,0.16189,0,0,0,1,0,0,0,0,0
1,bookshelf_thin,36,qpEnvelope,1,0,10,474096,2903,0,0,0,0,inf,inf,0,0,0.0114334,0.0141364,10345,2901,0.280619,0,0,0,0.985522,0.0109416,0.00353633,474096,139729897,469099
1,bookshelf_thin,43,isSafe,1,1,0.0352565,3454,19,13.5623,8,680,0,0.0033737,0.00249477,0,0,0,0,74,16,0.256757,0,0,0,0,0,0,0,0,0
1,bookshelf_thin,43,qpFixed,1,1,0.0157673,1018,9,11.6273,894,894,0,0.000257884,0.00249477,0,0,0.0122695,0,2,2,4.5,0,0,0,1,0,0,1018,276449,609
1,bookshelf_thin,43,qpPlain,1,1,0.0164187,1018,9,11.6273,894,894,0,0.000257884,0.00249477,0,0,0.0122695,0,2,2,4.5,0,0,0,1,0,0,1018,349174,1018
1,bookshelf_thin,43,qpAdaptive,1,1,0.0100484,590,9,11.6282,745,745,0,0.000257884,0.00249477,0,0,0.0211714,0.249153,2,2,4.5,0,0,0,0.747458,0.244068,0.00847458,590,165464,519
1,bookshelf_thin,43,qpFreeGate,1,1,0.0510985,3633,15,14.2675,1240,1240,0,0.0033737,0.00249477,0,0,0.00607319,0,21,10,0.714286,0,0,0,1,0,0,0,0,0
1,bookshelf_thin,43,qpEnvelope,1,1,0.00682494,388,9,11.6244,685,685,0,0.000257884,0.00249477,0,0,0.0321836,0.216495,2,2,4.5,0,0,0,0.780928,0.203608,0.0154639,388,107023,359
1,bookshelf_thin,50,isSafe,1,1,0.0140416,1454,9,9.93167,6,498,0,0.00314805,0.00249477,0,0,0,0,16,5,0.5625,0,0,0,0,0,0,0,0,0
1,bookshelf_thin,50,qpFixed,1,1,0.0078806,557,6,7.10111,559,559,20,-0.00299856,0.00249477,0,0,0.0127489,0,1,1,6,0,0,0,1,0,0,557,138386,266
1,bookshelf_thin,50,qpPlain,1,1,0.00841444,557,6,7.10111,559,559,20,-0.00299856,0.00249477,0,0,0.0127489,0,1,1,6,0,0,0,1,0,0,557,191051,557
1,bookshelf_thin,50,qpAdaptive,1,1,0.00395933,255,6,7.11001,462,462,26,-0.00306756,0.00249477,0,0,0.0278824,0.286275,1,1,6,0,0,0,0.705882,0.278431,0.0156863,255,61743,228
1,bookshelf_thin,50,qpFreeGate,1,1,0.0337344,2502,12,11.5965,951,951,0,0.00314805,0.00249477,0,0,0.00662322,0,17,7,0.705882,0,0,0,1,0,0,0,0,0
1,bookshelf_thin,50,qpEnvelope,1,1,0.0028338,175,6,7.11093,428,428,29,-0.0038709,0.00249477,0,0,0.0406339,0.165714,1,1,6,0,0,0,0.834286,0.142857,0.0228571,175,42250,164
1,bookshelf_thin,57,isSafe,1,0,10.009,2,1,0,0,0,0,inf,inf,0,0,0,0,0,0,0,0,0,0,0,0,0,0,0,0
1,bookshelf_thin,57,qpFixed,1,1,0.0147708,1007,9,8.5641,648,648,0,0.002456,0.00249477,0,0,0.011966,0,2,2,4.5,0,0,0,1,0,0,1007,262841,408
1,bookshelf_thin,57,qpPlain,1,1,0.015709,1007,9,8.5641,648,648,0,0.002456,0.00249477,0,0,0.011966,0,2,2,4.5,0,0,0,1,0,0,1007,345401,1007
1,bookshelf_thin,57,qpAdaptive,1,1,0.00823873,493,9,8.57018,482,482,0,0.002456,0.00249477,0,0,0.0244552,0.133874,2,2,4.5,0,0,0,0.864097,0.125761,0.010142,493,131005,394
1,bookshelf_thin,57,qpFreeGate,1,0,10.0001,698273,2311,0,0,0,0,inf,inf,0,0,0.00428637,0,13969,2309,0.165438,0,0,0,1,0,0,0,0,0
1,bookshelf_thin,57,qpEnvelope,1,1,0.00699362,396,9,8.58856,455,455,0,0.002456,0.00249477,0,0,0.0305124,0.0580808,2,2,4.5,0,0,0,0.941919,0.0429293,0.0151515,396,103813,353
1,bookshelf_thin,64,isSafe,1,1,0.0600907,3104,17,13.9699,8,700,0,0.00100975,0.00249477,0,0,0,0,40,13,0.425,0,0,0,0,0,0,0,0,0
1,bookshelf_thin,64,qpFixed,1,1,0.191962,5991,31,19.0618,1611,1611,0,0.000423561,0.00249477,0,0,0.00888942,0,21,14,1.47619,0,0,0,1,0,0,5991,1721449,5062
1,bookshelf_thin,64,qpPlain,1,1,0.151822,5991,31,19.0618,1611,1611,0,0.000423561,0.00249477,0,0,0.00888942,0,21,14,1.47619,0,0,0,1,0,0,5991,2054913,5991
1,bookshelf_thin,64,qpAdaptive,1,1,0.0666189,3907,31,19.0898,1321,1321,0,0.000423561,0.00249477,0,0,0.0136603,0.305861,21,14,1.47619,0,0,0,0.692347,0.30279,0.00486307,3907,1156505,3776
1,bookshelf_thin,64,qpFreeGate,1,1,0.182684,13530,43,15.2544,1436,1436,0,0.00183851,0.00249477,0,0,0.00432149,0,86,30,0.5,0,0,0,1,0,0,0,0,0
1,bookshelf_thin,64,qpEnvelope,1,1,0.0456948,2542,31,19.1293,1182,1182,0,0.000426073,0.00249477,0,0,0.0210989,0.177813,21,14,1.47619,0,0,0,0.822187,0.168765,0.00904799,2542,754433,2473
1,bookshelf_thin,71,isSafe,1,1,0.0344023,3370,17,9.92619,6,498,0,0.00366804,0.00249477,0,0,0,0,95,14,0.178947,0,0,0,0,0,0,0,0,0
1,bookshelf_thin,71,qpFixed,1,1,0.00706946,489,6,6.46591,490,490,0,0.00511316,0.00249477,0,0,0.0132227,0,1,1,6,0,0,0,1,0,0,489,130204,123
1,bookshelf_thin,71,qpPlain,1,1,0.00750573,489,6,6.46591,490,490,0,0.00511316,0.00249477,0,0,0.0132227,0,1,1,6,0,0,0,1,0,0,489,167727,489
1,bookshelf_thin,71,qpAdaptive,1,1,0.00215869,135,6,6.47702,374,374,0,0.00515183,0.00249477,0,0,0.0479779,0.511111,1,1,6,0,0,0,0.488889,0.481481,0.0296296,135,36715,96
1,bookshelf_thin,71,qpFreeGate,1,1,0.12466,8878,22,6.13544,628,628,0,0.00403918,0.00249477,0,0,0.00445431,0,60,17,0.366667,0,0,0,1,0,0,0,0,0
1,bookshelf_thin,71,qpEnvelope,1,1,0.000813442,36,6,6.51897,344,344,0,0.00714434,0.00249477,0,0,0.181082,0.666667,1,1,6,0,0,0,0.333333,0.555556,0.111111,36,10002,25
1,bookshelf_thin,79,isSafe,1,1,0.0232308,2269,14,8.2013,6,412,0,0.00685104,0.00249477,0,0,0,0,34,10,0.411765,0,0,0,0,0,0,0,0,0
1,bookshelf_thin,79,qpFixed,1,1,0.0342383,2175,18,5.9655,461,461,0,0.00685104,0.00249477,0,0,0.00984701,0,6,5,3,0,0,0,1,0,0,2175,574787,1815
1,bookshelf_thin,79,qpPlain,1,1,0.0364958,2175,18,5.9655,461,461,0,0.00685104,0.00249477,0,0,0.00984701,0,6,5,3,0,0,0,1,0,0,2175,746025,2175
1,bookshelf_thin,79,qpAdaptive,1,1,0.0213673,1285,19,5.97731,341,341,0,0.00685104,0.00249477,0,0,0.016705,0.325292,6,5,3.16667,0,0,0,0.670039,0.320623,0.00933852,1285,335747,1247
1,bookshelf_thin,79,qpFreeGate,1,1,0.110876,7932,22,17.1192,1424,1424,0,0.00685104,0.00249477,0,0,0.00440841,0,53,18,0.415094,0,0,0,1,0,0,0,0,0
1,bookshelf_thin,79,qpEnvelope,1,1,0.0143094,806,20,6.01311,319,319,0,0.00685104,0.00249477,0,0,0.0267214,0.207196,6,5,3.33333,0,0,0,0.787841,0.192308,0.0198511,806,209539,791
1,bookshelf_thin,86,isSafe,1,1,0.113483,11113,55,11.6892,7,586,0,0.00580044,0.00249477,0,0,0,0,356,52,0.154494,0,0,0,0,0,0,0,0,0
1,bookshelf_thin,86,qpFixed,1,1,0.0174037,1113,11,9.85587,805,805,0,0.000473625,0.00249477,0,0,0.0115292,0,2,2,5.5,0,0,0,1,0,0,1113,273375,1033
1,bookshelf_thin,86,qpPlain,1,1,0.0188092,1113,11,9.85587,805,805,0,0.000473625,0.00249477,0,0,0.0115292,0,2,2,5.5,0,0,0,1,0,0,1113,381759,1113
1,bookshelf_thin,86,qpAdaptive,1,1,0.0140528,851,11,9.89187,745,745,0,0.000460811,0.00249477,0,0,0.0151212,0.316099,2,2,5.5,0,0,0,0.678026,0.313749,0.00822562,851,213484,816
1,bookshelf_thin,86,qpFreeGate,1,1,0.255558,18283,48,15.2556,1467,1467,0,0.0051292,0.00249477,0,0,0.00409082,0,152,42,0.315789,0,0,0,1,0,0,0,0,0
1,bookshelf_thin,86,qpEnvelope,1,1,0.00884208,514,11,9.9636,635,635,0,0.000468143,0.00249477,0,0,0.0251356,0.217899,2,2,5.5,0,0,0,0.782101,0.202335,0.0155642,514,131229,499
1,bookshelf_thin,93,isSafe,1,1,0.0352643,3469,19,11.1719,7,560,0,0.00880481,0.00249477,0,0,0,0,57,14,0.333333,0,0,0,0,0,0,0,0,0
1,bookshelf_thin,93,qpFixed,1,1,0.0108123,723,7,8.34651,724,724,49,-0.00737187,0.00249477,0,0,0.0115443,0,1,1,7,0,0,0,1,0,0,723,201140,356
1,bookshelf_thin,93,qpPlain,1,1,0.0114581,723,7,8.34651,724,724,49,-0.00737187,0.00249477,0,0,0.0115443,0,1,1,7,0,0,0,1,0,0,723,247989,723
1,bookshelf_thin,93,qpAdaptive,1,1,0.00658139,406,7,8.34648,605,605,50,-0.00728464,0.00249477,0,0,0.0205578,0.194581,1,1,7,0,0,0,0.805419,0.187192,0.00738916,406,111579,344
1,bookshelf_thin,93,qpFreeGate,1,1,0.113078,8158,25,15.8666,1346,1346,0,0.00880481,0.00249477,0,0,0.00531272,0,57,20,0.438596,0,0,0,1,0,0,0,0,0
1,bookshelf_thin,93,qpEnvelope,1,1,0.00494553,293,7,8.34653,560,560,42,-0.00739903,0.00249477,0,0,0.0284865,0.146758,1,1,7,0,0,0,0.853242,0.136519,0.0102389,293,82730,259
1,bookshelf_thin,100,isSafe,1,1,0.0451327,4439,24,12.566,8,630,0,0.00544726,0.00249477,0,0,0,0,78,20,0.307692,0,0,0,0,0,0,0,0,0
1,bookshelf_thin,100,qpFixed,1,1,0.0297265,1946,12,13.7479,1099,1099,0,0.000283578,0.00249477,0,0,0.010252,0,7,5,1.71429,0,0,0,1,0,0,1946,460123,1257
1,bookshelf_thin,100,qpPlain,1,1,0.0328378,1946,12,13.7479,1099,1099,0,0.000283578,0.00249477,0,0,0.010252,0,7,5,1.71429,0,0,0,1,0,0,1946,667478,1946
1,bookshelf_thin,100,qpAdaptive,1,1,0.0192805,1132,13,14.4633,954,954,0,0.000283578,0.00249477,0,0,0.0177753,0.143993,7,5,1.85714,0,0,0,0.85424,0.138693,0.00706714,1132,272490,1077
1,bookshelf_thin,100,qpFreeGate,1,1,0.145055,10370,34,13.7581,1067,1067,0,0.00544404,0.00249477,0,0,0.00528492,0,78,30,0.435897,0,0,0,1,0,0,0,0,0
1,bookshelf_thin,100,qpEnvelope,1,1,0.0134561,765,14,14.5116,910,910,0,0.000278492,0.00249477,0,0,0.0267781,0.169935,7,5,2,0,0,0,0.830065,0.155556,0.0143791,765,183813,747
1,table_under_pick,7,isSafe,1,1,0.00787596,1421,9,9.68922,6,486,0,0.00512191,0.00249477,0,0,0,0,25,6,0.36,0,0,0,0,0,0,0,0,0
1,table_under_pick,7,qpFixed,1,1,0.0269095,2446,19,14.1866,1115,1115,0,0.000385308,0.00249477,0,0,0.0101486,0,7,7,2.71429,0,0,0,1,0,0,2446,739362,1946
1,table_under_pick,7,qpPlain,1,1,0.0277037,2446,19,14.1866,1115,1115,0,0.000385308,0.00249477,0,0,0.0101486,0,7,7,2.71429,0,0,0,1,0,0,2446,838978,2446
1,table_under_pick,7,qpAdaptive,1,1,0.0404902,3384,39,14.1505,1029,1029,0,0.00071632,0.00249477,0,0,0.0179189,0.327423,18,17,2.16667,0,0,0,0.669031,0.320035,0.0109338,3384,1057877,2982
1,table_under_pick,7,qpFreeGate,1,1,0.0585807,6177,26,10.6989,1070,1070,0,0.00480451,0.00249477,0,0,0.00429475,0,47,15,0.553191,0,0,0,1,0,0,0,0,0
1,table_under_pick,7,qpEnvelope,1,1,0.0221752,1778,39,10.6782,599,599,0,0.00526684,0.00249477,0,0,0.0340577,0.247469,18,17,2.16667,0,0,0,0.749719,0.227222,0.0230596,1778,550622,1550
1,table_under_pick,14,isSafe,1,1,0.0230936,3803,21,10.9,7,547,0,0.00656578,0.00249477,0,0,0,0,93,17,0.225806,0,0,0,0,0,0,0,0,0
1,table_under_pick,14,qpFixed,1,1,0.164151,13988,78,22.5774,2000,2000,0,0.000245817,0.00249477,0,0,0.00868581,0,52,41,1.5,0,0,0,1,0,0,13988,3673297,12744
1,table_under_pick,14,qpPlain,1,1,0.178099,13988,78,22.5774,2000,2000,0,0.000245817,0.00249477,0,0,0.00868581,0,52,41,1.5,0,0,0,1,0,0,13988,4797884,13988
1,table_under_pick,14,qpAdaptive,1,1,0.675777,9190,78,22.595,1606,1606,0,0.00022035,0.00249477,0,0,0.0132478,0.335909,52,41,1.5,0,0,0,0.66177,0.332789,0.00544129,9190,2437874,8982
1,table_under_pick,14,qpFreeGate,1,1,0.743346,13046,28,19.8795,1787,1787,0,0.00719616,0.00249477,0,0,0.00351579,0,115,23,0.243478,0,0,0,1,0,0,0,0,0
1,table_under_pick,14,qpEnvelope,1,1,0.408076,3769,55,26.0663,1667,1667,0,0.000150795,0.00249477,0,0,0.0239575,0.273017,37,29,1.48649,0,0,0,0.725391,0.262138,0.0124702,3769,1019523,3713
1,table_under_pick,21,isSafe,1,0,10.0177,1397783,13404,0,0,0,0,inf,inf,0,0,0,0,111807,13402,0.119885,0,0,0,0,0,0,0,0,0
1,table_under_pick,21,qpFixed,1,0,10.017,567733,1252,0,0,0,0,inf,inf,0,0,0.00610628,0,2411,1144,0.519287,0,0,0,1,0,0,567733,169681406,539266
1,table_under_pick,21,qpPlain,1,0,10.0006,592962,1299,0,0,0,0,inf,inf,0,0,0.00607074,0,2529,1190,0.513642,0,0,0,1,0,0,592962,203385966,592962
1,table_under_pick,21,qpAdaptive,1,0,10.0223,714458,1653,0,0,0,0,inf,inf,0,0,0.00649244,0.0558857,3455,1542,0.478437,0,0,0,0.943876,0.0551973,0.00092658,714458,214292144,705857
1,table_under_pick,21,qpFreeGate,1,0,10.0001,754090,1229,0,0,0,0,inf,inf,0,0,0.0026834,0,6574,1223,0.186949,0,0,0,1,0,0,0,0,0
1,table_under_pick,21,qpEnvelope,1,0,10.0014,563017,1403,0,0,0,0,inf,inf,0,0,0.00687386,0.00642077,2784,1287,0.503951,0,0,0,0.993549,0.00550607,0.000944913,563017,168521586,560908
1,table_under_pick,28,isSafe,1,0,1.9117e-05,1,0,0,0,0,0,inf,inf,0,0,0,0,0,0,0,0,0,0,0,0,0,0,0,0
1,table_under_pick,28,qpFixed,1,0,10.0023,616267,804,0,0,0,0,inf,inf,0,0,0.00477522,0,7788,802,0.103236,0,0,0,1,0,0,616267,185664116,608663
1,table_under_pick,28,qpPlain,1,0,10.002,690099,869,0,0,0,0,inf,inf,0,0,0.00470243,0,8724,867,0.0996103,0,0,0,1,0,0,690099,236703957,690099
1,table_under_pick,28,qpAdaptive,1,0,10.0004,572042,796,0,0,0,0,inf,inf,0,0,0.00507685,0.0536114,7664,794,0.103862,0,0,0,0.945784,0.0537931,0.000422971,572042,172338904,568680
1,table_under_pick,28,qpFreeGate,1,0,10.001,699828,409,0,0,0,0,inf,inf,0,0,0.00131647,0,15316,407,0.0267041,0,0,0,1,0,0,0,0,0
1,table_under_pick,28,qpEnvelope,1,0,10.0007,547347,787,0,0,0,0,inf,inf,0,0,0.00528073,0.00365216,7592,785,0.103662,0,0,0,0.996299,0.0032574,0.000444023,547347,164822133,546022
1,table_under_pick,35,isSafe,1,1,0.00729331,1310,9,12.6588,8,634,0,0.00659053,0.00249477,0,0,0,0,29,4,0.310345,0,0,0,0,0,0,0,0,0
1,table_under_pick,35,qpFixed,1,1,0.0444132,3775,31,16.8832,1584,1584,0,0.000195565,0.00249477,0,0,0.00887937,0,11,10,2.81818,0,0,0,1,0,0,3775,1074233,3767
1,table_under_pick,35,qpPlain,1,1,0.0453477,3775,31,16.8832,1584,1584,0,0.000195565,0.00249477,0,0,0.00887937,0,11,10,2.81818,0,0,0,1,0,0,3775,1294825,3775
1,table_under_pick,35,qpAdaptive,1,1,0.0318688,2582,30,16.8864,1302,1302,0,0.000167372,0.00249477,0,0,0.0129928,0.308675,11,10,2.72727,0,0,0,0.689001,0.304415,0.00658404,2582,727428,2579
1,table_under_pick,35,qpFreeGate,1,1,0.042055,4455,14,10.2082,1209,1209,0,0.00114901,0.00249477,0,0,0.0038367,0,29,9,0.482759,0,0,0,1,0,0,0,0,0
1,table_under_pick,35,qpEnvelope,1,1,0.0253713,1939,30,16.993,1166,1166,0,9.14519e-05,0.00249477,0,0,0.0173881,0.24394,11,10,2.72727,0,0,0,0.752965,0.236204,0.0108303,1939,550210,1935
1,table_under_pick,42,isSafe,1,0,10.0001,1385256,13265,0,0,0,0,inf,inf,0,0,0,0,114977,13263,0.115371,0,0,0,0,0,0,0,0,0
1,table_under_pick,42,qpFixed,1,0,10.0029,551269,1208,0,0,0,0,inf,inf,0,0,0.00602793,0,2331,1102,0.518233,0,0,0,1,0,0,551269,164743492,524136
1,table_under_pick,42,qpPlain,1,0,10.0001,580021,1262,0,0,0,0,inf,inf,0,0,0.00600999,0,2467,1156,0.511552,0,0,0,1,0,0,580021,198947203,580021
1,table_under_pick,42,qpAdaptive,1,0,10.0071,612239,1447,0,0,0,0,inf,inf,0,0,0.00654242,0.0443193,2896,1332,0.499655,0,0,0,0.955455,0.0436464,0.000898342,612239,183857591,605219
1,table_under_pick,42,qpFreeGate,1,0,10.0035,790452,1355,0,0,0,0,inf,inf,0,0,0.00271664,0,7431,1350,0.182344,0,0,0,1,0,0,0,0,0
1,table_under_pick,42,qpEnvelope,1,0,10.0024,562067,1389,0,0,0,0,inf,inf,0,0,0.0068614,0.00641383,2766,1281,0.502169,0,0,0,0.993563,0.00550469,0.000932275,562067,168488473,559942
1,table_under_pick,49,isSafe,1,1,0.0144811,1522,10,10.3684,7,520,0,0.00412923,0.00249477,0,0,0,0,36,6,0.277778,0,0,0,0,0,0,0,0,0
1,table_under_pick,49,qpFixed,1,1,0.0248508,1207,11,14.6517,1082,1082,0,0.00541019,0.00249477,0,0,0.0126393,0,3,3,3.66667,0,0,0,1,0,0,1207,357397,551
1,table_under_pick,49,qpPlain,1,1,0.0251969,1207,11,14.6517,1082,1082,0,0.00541019,0.00249477,0,0,0.0126393,0,3,3,3.66667,0,0,0,1,0,0,1207,414001,1207
1,table_under_pick,49,qpAdaptive,1,1,0.0105766,372,11,14.6809,866,866,0,0.00531883,0.00249477,0,0,0.0410332,0.696237,3,3,3.66667,0,0,0,0.293011,0.682796,0.0241935,372,116250,286
1,table_under_pick,49,qpFreeGate,1,1,0.15561,8152,23,16.0493,1783,1783,0,0.00102018,0.00249477,0,0,0.00400808,0,73,15,0.315068,0,0,0,1,0,0,0,0,0
1,table_under_pick,49,qpEnvelope,1,1,0.00194485,124,10,14.7598,779,779,0,0.00444343,0.00249477,0,0,0.123599,0.774194,3,3,3.33333,0,0,0,0.217742,0.709677,0.0725806,124,38337,96
1,table_under_pick,56,isSafe,1,1,0.0398329,3398,19,12.6362,8,633,0,0.000159614,0.00249477,0,0,0,0,80,15,0.2375,0,0,0,0,0,0,0,0,0
1,table_under_pick,56,qpFixed,1,1,0.0408351,1872,15,14.0198,1019,1019,0,0.00070755,0.00249477,0,0,0.0115167,0,6,6,2.5,0,0,0,1,0,0,1872,464127,1523
1,table_under_pick,56,qpPlain,1,1,0.0333611,1872,15,14.0198,1019,1019,0,0.00070755,0.00249477,0,0,0.0115167,0,6,6,2.5,0,0,0,1,0,0,1872,642096,1872
1,table_under_pick,56,qpAdaptive,1,1,0.0133527,1171,15,14.0208,942,942,0,0.000612617,0.00249477,0,0,0.0184252,0.34415,6,6,2.5,0,0,0,0.654142,0.339026,0.00683177,1171,298269,1050
1,table_under_pick,56,qpFreeGate,1,1,0.117599,12521,48,26.0231,2795,2795,0,0.00773485,0.00249477,0,0,0.00498426,0,70,36,0.685714,0,0,0,1,0,0,0,0,0
1,table_under_pick,56,qpEnvelope,1,1,0.00851098,675,15,14.0248,824,824,0,0.000429372,0.00249477,0,0,0.032167,0.30963,6,6,2.5,0,0,0,0.685926,0.299259,0.0148148,675,176005,647
1,table_under_pick,64,isSafe,1,1,0.0134564,2422,14,13.2879,8,666,0,0.00648595,0.00249477,0,0,0,0,43,10,0.325581,0,0,0,0,0,0,0,0,0
1,table_under_pick,64,qpFixed,1,1,0.0180162,1591,16,10.6929,929,929,0,0.000616432,0.00249477,0,0,0.0112615,0,3,3,5.33333,0,0,0,1,0,0,1591,477157,1393
1,table_under_pick,64,qpPlain,1,1,0.0301072,1591,16,10.6929,929,929,0,0.000616432,0.00249477,0,0,0.0112615,0,3,3,5.33333,0,0,0,1,0,0,1591,545713,1591
1,table_under_pick,64,qpAdaptive,1,1,0.0221608,837,17,10.6972,803,803,0,0.000618687,0.00249477,0,0,0.0214259,0.431302,3,3,5.66667,0,0,0,0.566308,0.416965,0.0167264,837,247240,795
1,table_under_pick,64,qpFreeGate,1,1,0.040576,2079,10,9.45729,857,857,0,0.00594253,0.00249477,0,0,0.00575347,0,8,5,1.25,0,0,0,1,0,0,0,0,0
1,table_under_pick,64,qpEnvelope,1,1,0.0117897,429,14,11.4549,751,751,0,0.000766464,0.00249477,0,0,0.0417748,0.300699,3,3,4.66667,0,0,0,0.699301,0.272727,0.027972,429,127122,414
1,table_under_pick,71,isSafe,1,1,0.0362337,2894,17,16.0398,10,803,0,0.00555954,0.00249477,0,0,0,0,63,12,0.269841,0,0,0,0,0,0,0,0,0
1,table_under_pick,71,qpFixed,1,1,0.0130926,675,14,9.33341,676,676,0,0.00496056,0.00249477,0,0,0.0138273,0,1,1,14,0,0,0,1,0,0,675,171562,333
1,table_under_pick,71,qpPlain,1,1,0.0166852,675,14,9.33341,676,676,0,0.00496056,0.00249477,0,0,0.0138273,0,1,1,14,0,0,0,1,0,0,675,231525,675
1,table_under_pick,71,qpAdaptive,1,1,0.00203882,173,13,9.29934,543,543,0,0.00479227,0.00249477,0,0,0.0537534,0.757225,1,1,13,0,0,0,0.225434,0.710983,0.0635838,173,45440,147
1,table_under_pick,71,qpFreeGate,1,1,0.17368,8741,24,15.5786,1302,1302,0,0.00103194,0.00249477,0,0,0.00327787,0,72,11,0.333333,0,0,0,1,0,0,0,0,0
1,table_under_pick,71,qpEnvelope,1,1,0.00109591,72,13,9.28385,497,497,0,0.00461448,0.00249477,0,0,0.128942,0.972222,1,1,13,0,0,0,0,0.847222,0.152778,72,19599,59
1,table_under_pick,78,isSafe,1,1,0.0243743,2244,13,17.6729,10,885,0,0.000224648,0.00249477,0,0,0,0,37,8,0.351351,0,0,0,0,0,0,0,0,0
1,table_under_pick,78,qpFixed,1,1,0.0717691,3127,27,9.60763,820,820,0,0.00304775,0.00249477,0,0,0.0099574,0,11,10,2.45455,0,0,0,1,0,0,3127,926302,2809
1,table_under_pick,78,qpPlain,1,1,0.0763334,3127,27,9.60763,820,820,0,0.00304775,0.00249477,0,0,0.0099574,0,11,10,2.45455,0,0,0,1,0,0,3127,1072561,3127
1,table_under_pick,78,qpAdaptive,1,1,0.053123,2076,27,9.61145,609,609,0,0.00399552,0.00249477,0,0,0.0150281,0.25578,11,10,2.45455,0,0,0,0.740848,0.250963,0.00818882,2076,612120,2025
1,table_under_pick,78,qpFreeGate,1,1,0.0755247,8084,16,17.375,1639,1639,0,0.00421924,0.00249477,0,0,0.00320626,0,62,12,0.258065,0,0,0,1,0,0,0,0,0
1,table_under_pick,78,qpEnvelope,1,1,0.0363645,1598,24,9.62078,549,549,0,0.00170439,0.00249477,0,0,0.0195118,0.192115,11,10,2.18182,0,0,0,0.804756,0.18398,0.0112641,1598,474674,1581
1,table_under_pick,85,isSafe,1,0,1.815e-05,1,0,0,0,0,0,inf,inf,0,0,0,0,0,0,0,0,0,0,0,0,0,0,0,0
1,table_under_pick,85,qpFixed,1,0,10.0018,568378,730,0,0,0,0,inf,inf,0,0,0.004671,0,7164,728,0.101898,0,0,0,1,0,0,568378,171517126,562622
1,table_under_pick,85,qpPlain,1,0,10.0005,752197,891,0,0,0,0,inf,inf,0,0,0.00450971,0,9532,889,0.0934746,0,0,0,1,0,0,752197,258003571,752197
1,table_under_pick,85,qpAdaptive,1,0,10.0003,603768,782,0,0,0,0,inf,inf,0,0,0.00481525,0.0416302,7984,780,0.0979459,0,0,0,0.95791,0.0417465,0.000343909,603768,182217415,600815
1,table_under_pick,85,qpFreeGate,1,0,10.0016,745648,380,0,0,0,0,inf,inf,0,0,0.00120683,0,17158,378,0.0221471,0,0,0,1,0,0,0,0,0
1,table_under_pick,85,qpEnvelope,1,0,10.0183,528566,727,0,0,0,0,inf,inf,0,0,0.00508368,0.00322949,7248,725,0.100304,0,0,0,0.99673,0.00290147,0.000368168,528566,159461897,527436
1,table_under_pick,92,isSafe,1,1,0.0195958,1901,12,14.0987,9,706,0,0.00683966,0.00249477,0,0,0,0,46,7,0.26087,0,0,0,0,0,0,0,0,0
1,table_under_pick,92,qpFixed,1,1,0.0467795,2112,15,12.7049,1062,1062,0,0.00128828,0.00249477,0,0,0.00977876,0,6,6,2.5,0,0,0,1,0,0,2112,554275,1850
1,table_under_pick,92,qpPlain,1,1,0.0482005,2112,15,12.7049,1062,1062,0,0.00128828,0.00249477,0,0,0.00977876,0,6,6,2.5,0,0,0,1,0,0,2112,724416,2112
1,table_under_pick,92,qpAdaptive,1,1,0.0213058,1081,15,12.6939,829,829,0,0.00128791,0.00249477,0,0,0.0190315,0.493062,6,6,2.5,0,0,0,0.505088,0.484736,0.0101758,1081,272360,1016
1,table_under_pick,92,qpFreeGate,1,1,0.0481576,5188,15,11.8915,961,961,0,0.0067637,0.00249477,0,0,0.0042114,0,43,11,0.348837,0,0,0,1,0,0,0,0,0
1,table_under_pick,92,qpEnvelope,1,1,0.00692366,557,15,12.7096,735,735,0,0.00123858,0.00249477,0,0,0.0370405,0.373429,6,6,2.5,0,0,0,0.621185,0.351885,0.02693,557,137192,538
1,table_under_pick,99,isSafe,1,1,0.012304,2237,13,15.4566,9,774,0,0.00824096,0.00249477,0,0,0,0,43,9,0.302326,0,0,0,0,0,0,0,0,0
1,table_under_pick,99,qpFixed,1,1,0.0267279,2407,21,9.1911,745,745,0,0.00240236,0.00249477,0,0,0.0107918,0,7,7,3,0,0,0,1,0,0,2407,668815,2088
1,table_under_pick,99,qpPlain,1,1,0.0276355,2407,21,9.1911,745,745,0,0.00240236,0.00249477,0,0,0.0107918,0,7,7,3,0,0,0,1,0,0,2407,825601,2407
1,table_under_pick,99,qpAdaptive,1,1,0.017905,1513,21,9.19744,606,606,0,0.00199209,0.00249477,0,0,0.0171993,0.324521,7,7,3,0,0,0,0.672174,0.319894,0.00793126,1513,427375,1393
1,table_under_pick,99,qpFreeGate,1,1,0.124622,6718,24,15.1772,1355,1355,0,0.00398613,0.00249477,0,0,0.00444867,0,44,17,0.545455,0,0,0,1,0,0,0,0,0
1,table_under_pick,99,qpEnvelope,1,1,0.0235727,978,22,9.21132,531,531,0,0.00122493,0.00249477,0,0,0.0267456,0.239264,7,7,3.14286,0,0,0,0.759714,0.222904,0.0173824,978,279248,924
1,bookshelf_small,6,isSafe,1,1,0.0212295,5560,29,19.9167,11,997,0,0.00493275,0.00249477,0,0,0,0,122,26,0.237705,0,0,0,0,0,0,0,0,0
1,bookshelf_small,6,qpFixed,1,1,0.0482667,5316,41,16.2607,1487,1487,0,0.000527061,0.00249477,0,0,0.0102117,0,19,15,2.15789,0,0,0,1,0,0,5316,1341413,4711
1,bookshelf_small,6,qpPlain,1,1,0.0525323,5316,41,16.2607,1487,1487,0,0.000527061,0.00249477,0,0,0.0102117,0,19,15,2.15789,0,0,0,1,0,0,5316,1823388,5316
1,bookshelf_small,6,qpAdaptive,1,1,0.0386451,3957,40,16.2523,1303,1303,0,0.000566562,0.00249477,0,0,0.0137098,0.281274,19,15,2.10526,0,0,0,0.716199,0.276725,0.00707607,3957,998807,3775
1,bookshelf_small,6,qpFreeGate,1,1,0.0380257,2603,15,10.9348,902,902,0,0.00493275,0.00249477,0,0,0.00467691,0,20,4,0.75,0,0,0,1,0,0,0,0,0
1,bookshelf_small,6,qpEnvelope,1,1,0.0116131,887,16,11.5603,621,621,0,0.00493275,0.00249477,0,0,0.0276542,0.239008,8,6,2,0,0,0,0.759865,0.223224,0.0169109,887,213331,875
1,bookshelf_small,14,isSafe,1,1,0.00585393,748,6,7.41188,5,372,0,0.0106246,0.00249477,0,0,0,0,2,2,3,0,0,0,0,0,0,0,0,0
1,bookshelf_small,14,qpFixed,1,1,0.010442,523,6,6.57948,524,524,0,0.00112064,0.00249477,0,0,0.0125803,0,1,1,6,0,0,0,1,0,0,523,123707,251
1,bookshelf_small,14,qpPlain,1,1,0.0110447,523,6,6.57948,524,524,0,0.00112064,0.00249477,0,0,0.0125803,0,1,1,6,0,0,0,1,0,0,523,179389,523
1,bookshelf_small,14,qpAdaptive,1,1,0.0054676,236,6,6.57968,433,433,0,0.00111387,0.00249477,0,0,0.02788,0.283898,1,1,6,0,0,0,0.716102,0.275424,0.00847458,236,58610,204
1,bookshelf_small,14,qpFreeGate,1,1,0.00797306,650,6,7.33487,552,552,0,0.0106246,0.00249477,0,0,0.0113492,0,2,2,3,0,0,0,1,0,0,0,0,0
1,bookshelf_small,14,qpEnvelope,1,1,0.00167573,149,6,6.59457,393,393,0,0.000934868,0.00249477,0,0,0.0442588,0.14094,1,1,6,0,0,0,0.85906,0.120805,0.0201342,149,36796,137
1,bookshelf_small,21,isSafe,1,1,0.00758007,1204,8,5.61787,4,282,0,0.00770496,0.00249477,0,0,0,0,19,5,0.421053,0,0,0,0,0,0,0,0,0
1,bookshelf_small,21,qpFixed,1,1,0.00677064,456,6,6.80836,457,457,0,0.00525696,0.00249477,0,0,0.0149306,0,1,1,6,0,0,0,1,0,0,456,116860,184
1,bookshelf_small,21,qpPlain,1,1,0.010126,456,6,6.80836,457,457,0,0.00525696,0.00249477,0,0,0.0149306,0,1,1,6,0,0,0,1,0,0,456,156408,456
1,bookshelf_small,21,qpAdaptive,1,1,0.00488034,195,6,6.80855,409,409,0,0.00503185,0.00249477,0,0,0.0349157,0.374359,1,1,6,0,0,0,0.620513,0.364103,0.0153846,195,50847,155
1,bookshelf_small,21,qpFreeGate,1,1,0.0541359,4645,14,8.3778,603,603,0,0.00584907,0.00249477,0,0,0.00440583,0,38,10,0.368421,0,0,0,1,0,0,0,0,0
1,bookshelf_small,21,qpEnvelope,1,1,0.000872238,81,6,6.81435,372,372,0,0.00396831,0.00249477,0,0,0.0841278,0.407407,1,1,6,0,0,0,0.592593,0.358025,0.0493827,81,21337,64
1,bookshelf_small,29,isSafe,1,1,0.0204952,5391,27,9.19883,6,461,0,0.00948559,0.00249477,0,0,0,0,113,22,0.238938,0,0,0,0,0,0,0,0,0
1,bookshelf_small,29,qpFixed,1,1,0.0134985,1657,11,10.9174,1043,1043,0,0.000428749,0.00249477,0,0,0.00888968,0,3,3,3.66667,0,0,0,1,0,0,1657,384114,919
1,bookshelf_small,29,qpPlain,1,1,0.0157097,1657,11,10.9174,1043,1043,0,0.000428749,0.00249477,0,0,0.00888968,0,3,3,3.66667,0,0,0,1,0,0,1657,568351,1657
1,bookshelf_small,29,qpAdaptive,1,1,0.00657454,690,11,10.9179,814,814,0,0.00042867,0.00249477,0,0,0.0214006,0.226087,3,3,3.66667,0,0,0,0.772464,0.217391,0.0101449,690,160426,628
1,bookshelf_small,29,qpFreeGate,1,1,0.0869007,10205,32,16.3475,1565,1565,0,0.00280156,0.00249477,0,0,0.00490893,0,72,28,0.444444,0,0,0,1,0,0,0,0,0
1,bookshelf_small,29,qpEnvelope,1,1,0.00545577,532,11,10.9253,738,738,0,0.000424839,0.00249477,0,0,0.027879,0.161654,3,3,3.66667,0,0,0,0.838346,0.148496,0.0131579,532,122300,513
1,bookshelf_small,37,isSafe,1,0,10.0001,1529352,14911,0,0,0,0,inf,inf,0,0,0,0,137249,14909,0.108642,0,0,0,0,0,0,0,0,0
1,bookshelf_small,37,qpFixed,1,0,10.0041,697564,1452,0,0,0,0,inf,inf,0,0,0.00587814,0,3056,1352,0.475131,0,0,0,1,0,0,697564,209679395,665859
1,bookshelf_small,37,qpPlain,1,0,10,754964,1556,0,0,0,0,inf,inf,0,0,0.00584621,0,3326,1454,0.467829,0,0,0,1,0,0,754964,258952652,754964
1,bookshelf_small,37,qpAdaptive,1,0,10.0008,660839,1508,0,0,0,0,inf,inf,0,0,0.00645583,0.0548061,3189,1407,0.472876,0,0,0,0.944949,0.0541434,0.000907938,660839,199111469,652652
1,bookshelf_small,37,qpFreeGate,1,0,10.0005,858961,1324,0,0,0,0,inf,inf,0,0,0.00252097,0,7096,1322,0.186584,0,0,0,1,0,0,0,0,0
1,bookshelf_small,37,qpEnvelope,1,0,10.0005,658598,1556,0,0,0,0,inf,inf,0,0,0.00676026,0.00721988,3338,1455,0.466147,0,0,0,0.992727,0.00628762,0.00098543,658598,198394292,655737
1,bookshelf_small,44,isSafe,1,1,0.021561,929,7,8.92956,6,448,0,0.0023252,0.00249477,0,0,0,0,5,3,1.4,0,0,0,0,0,0,0,0,0
1,bookshelf_small,44,qpFixed,1,1,0.0205364,358,5,5.67146,359,359,0,0.0023252,0.00249477,0,0,0.0158421,0,1,1,5,0,0,0,1,0,0,358,75803,34
1,bookshelf_small,44,qpPlain,1,1,0.0212372,358,5,5.67146,359,359,0,0.0023252,0.00249477,0,0,0.0158421,0,1,1,5,0,0,0,1,0,0,358,122794,358
1,bookshelf_small,44,qpAdaptive,1,1,0.000416401,48,5,5.67388,307,307,0,0.0023252,0.00249477,0,0,0.118206,0.770833,1,1,5,0,0,0,0.208333,0.729167,0.0625,48,11417,21
1,bookshelf_small,44,qpFreeGate,1,1,0.0410363,659,7,8.92957,565,565,0,0.0023252,0.00249477,0,0,0.0135807,0,5,3,1.4,0,0,0,1,0,0,0,0,0
1,bookshelf_small,44,qpEnvelope,1,1,0.000270829,22,5,5.67573,294,294,0,0.0023252,0.00249477,0,0,0.257988,0.727273,1,1,5,0,0,0,0.272727,0.590909,0.136364,22,5221,11
1,bookshelf_small,51,isSafe,1,1,0.0667683,6013,30,5.10587,4,257,0,0.00429878,0.00249477,0,0,0,0,149,26,0.201342,0,0,0,0,0,0,0,0,0
1,bookshelf_small,51,qpFixed,1,1,0.00655615,873,10,8.73218,694,694,0,0.00429878,0.00249477,0,0,0.0128744,0,2,2,5,0,0,0,1,0,0,873,206886,194
1,bookshelf_small,51,qpPlain,1,1,0.00796373,873,10,8.73218,694,694,0,0.00429878,0.00249477,0,0,0.0128744,0,2,2,5,0,0,0,1,0,0,873,299439,873
1,bookshelf_small,51,qpAdaptive,1,1,0.000966445,104,9,8.75586,479,479,0,0.00429878,0.00249477,0,0,0.10777,0.817308,2,2,4.5,0,0,0,0.173077,0.75,0.0769231,104,28526,57
1,bookshelf_small,51,qpFreeGate,1,1,0.415296,29476,69,10.6531,902,902,0,0.00208298,0.00249477,0,0,0.00376568,0,241,59,0.286307,0,0,0,1,0,0,0,0,0
1,bookshelf_small,51,qpEnvelope,1,1,0.000549682,42,9,8.79271,459,459,0,0.00429878,0.00249477,0,0,0.267253,0.833333,2,2,4.5,0,0,0,0.142857,0.666667,0.190476,42,11504,18
1,bookshelf_small,58,isSafe,1,0,10.0098,2,1,0,0,0,0,inf,inf,0,0,0,0,0,0,0,0,0,0,0,0,0,0,0,0
1,bookshelf_small,58,qpFixed,1,0,10.0008,742124,3407,0,0,0,0,inf,inf,0,0,0.00819793,0,11847,3405,0.287583,0,0,0,1,0,0,742124,218769360,639249
1,bookshelf_small,58,qpPlain,1,0,10.0023,672492,3093,0,0,0,0,inf,inf,0,0,0.00826682,0,10667,3091,0.28996,0,0,0,1,0,0,672492,230664756,672492
1,bookshelf_small,58,qpAdaptive,1,0,10.0008,669200,3906,0,0,0,0,inf,inf,0,0,0.0104107,0.114683,13821,3904,0.282613,0,0,0,0.882644,0.113932,0.00342353,669200,199069965,646641
1,bookshelf_small,58,qpFreeGate,1,0,10.0005,868524,2856,0,0,0,0,inf,inf,0,0,0.00404726,0,17885,2854,0.159687,0,0,0,1,0,0,0,0,0
1,bookshelf_small,58,qpEnvelope,1,0,10.0039,760455,4739,0,0,0,0,inf,inf,0,0,0.0111699,0.0182259,17433,4737,0.271841,0,0,0,0.981313,0.0147885,0.00389825,760455,225538503,751665
1,bookshelf_small,65,isSafe,1,1,0.00236204,618,6,6.12719,5,308,0,0.000811407,0.00249477,0,0,0,0,1,1,6,0,0,0,0,0,0,0,0,0
1,bookshelf_small,65,qpFixed,1,1,0.00424739,525,6,6.48547,526,526,0,0.00197267,0.00249477,0,0,0.0123533,0,1,1,6,0,0,0,1,0,0,525,127230,213
1,bookshelf_small,65,qpPlain,1,1,0.00480801,525,6,6.48547,526,526,0,0.00197267,0.00249477,0,0,0.0123533,0,1,1,6,0,0,0,1,0,0,525,180075,525
1,bookshelf_small,65,qpAdaptive,1,1,0.0016573,178,6,6.48489,405,405,0,0.00193865,0.00249477,0,0,0.036432,0.41573,1,1,6,0,0,0,0.578652,0.404494,0.0168539,178,41459,142
1,bookshelf_small,65,qpFreeGate,1,1,0.00746044,974,7,8.37307,735,735,0,0.00840406,0.00249477,0,0,0.00907613,0,3,2,2.33333,0,0,0,1,0,0,0,0,0
1,bookshelf_small,65,qpEnvelope,1,1,0.000354178,25,6,6.164,324,324,0,0.0100306,0.00249477,0,0,0.24656,1,1,1,6,0,0,0,0,0.84,0.16,25,6272,10
1,bookshelf_small,72,isSafe,1,0,10.0075,2,1,0,0,0,0,inf,inf,0,0,0,0,0,0,0,0,0,0,0,0,0,0,0,0
1,bookshelf_small,72,qpFixed,1,0,10.0003,954392,1928,0,0,0,0,inf,inf,0,0,0.00569116,0,4380,1818,0.440183,0,0,0,1,0,0,954392,286822038,913346
1,bookshelf_small,72,qpPlain,1,0,10.0027,787012,1637,0,0,0,0,inf,inf,0,0,0.00580426,0,3557,1528,0.460219,0,0,0,1,0,0,787012,269945116,787012
1,bookshelf_small,72,qpAdaptive,1,0,10.0006,921153,2037,0,0,0,0,inf,inf,0,0,0.00626995,0.0605958,4728,1928,0.430838,0,0,0,0.939144,0.0598816,0.000974867,921153,278037888,911650
1,bookshelf_small,72,qpFreeGate,1,0,10.0004,1225819,3807,0,0,0,0,inf,inf,0,0,0.00364796,0,25775,3805,0.147701,0,0,0,1,0,0,0,0,0
1,bookshelf_small,72,qpEnvelope,1,0,10.0027,721794,1739,0,0,0,0,inf,inf,0,0,0.00678781,0.0120104,3854,1636,0.45122,0,0,0,0.987908,0.0110212,0.00107094,721794,217427087,719130
1,bookshelf_small,79,isSafe,1,1,0.0178453,4672,24,15.9102,9,797,0,0.00175112,0.00249477,0,0,0,0,112,21,0.214286,0,0,0,0,0,0,0,0,0
1,bookshelf_small,79,qpFixed,1,1,0.00840035,872,9,10.8511,873,873,0,0.000224293,0.00249477,0,0,0.0124439,0,1,1,9,0,0,0,1,0,0,872,254949,521
1,bookshelf_small,79,qpPlain,1,1,0.00865534,872,9,10.8511,873,873,0,0.000224293,0.00249477,0,0,0.0124439,0,1,1,9,0,0,0,1,0,0,872,299096,872
1,bookshelf_small,79,qpAdaptive,1,1,0.00596262,538,9,10.8533,795,795,0,0.000227024,0.00249477,0,0,0.0201735,0.17658,1,1,9,0,0,0,0.82342,0.171004,0.00557621,538,162319,480
1,bookshelf_small,79,qpFreeGate,1,1,0.275696,23812,61,19.2725,2078,2078,0,0.00321303,0.00249477,0,0,0.00351895,0,167,50,0.365269,0,0,0,1,0,0,0,0,0
1,bookshelf_small,79,qpEnvelope,1,1,0.00498998,411,9,10.862,725,725,0,0.000251687,0.00249477,0,0,0.0264283,0.126521,1,1,9,0,0,0,0.873479,0.119221,0.00729927,411,123921,383
1,bookshelf_small,86,isSafe,1,0,10.0077,2,1,0,0,0,0,inf,inf,0,0,0,0,0,0,0,0,0,0,0,0,0,0,0,0
1,bookshelf_small,86,qpFixed,1,0,10.0014,1034945,4607,0,0,0,0,inf,inf,0,0,0.0079187,0,16779,4605,0.274569,0,0,0,1,0,0,1034945,302915949,889785
1,bookshelf_small,86,qpPlain,1,0,10.0009,772582,3468,0,0,0,0,inf,inf,0,0,0.00814207,0,12325,3466,0.281379,0,0,0,1,0,0,772582,264995626,772582
1,bookshelf_small,86,qpAdaptive,1,0,10.0003,928685,5256,0,0,0,0,inf,inf,0,0,0.00995433,0.104907,19289,5254,0.272487,0,0,0,0.892635,0.103878,0.00348769,928685,273906768,898211
1,bookshelf_small,86,qpFreeGate,1,0,10.0017,1241863,4093,0,0,0,0,inf,inf,0,0,0.00392414,0,25631,4091,0.159689,0,0,0,1,0,0,0,0,0
1,bookshelf_small,86,qpEnvelope,1,0,10.0007,675914,4240,0,0,0,0,inf,inf,0,0,0.0112955,0.0160301,15367,4238,0.275916,0,0,0,0.983557,0.0124986,0.00394432,675914,198518910,668531
1,bookshelf_small,94,isSafe,1,0,10.0001,2,1,0,0,0,0,inf,inf,0,0,0,0,0,0,0,0,0,0,0,0,0,0,0,0
1,bookshelf_small,94,qpFixed,1,1,0.0133876,1412,18,11.2995,920,920,0,0.00559418,0.00249477,0,0,0.00960811,0,4,3,4.5,0,0,0,1,0,0,1412,404045,989
1,bookshelf_small,94,qpPlain,1,1,0.0138139,1412,18,11.2995,920,920,0,0.00559418,0.00249477,0,0,0.00960811,0,4,3,4.5,0,0,0,1,0,0,1412,484316,1412
1,bookshelf_small,94,qpAdaptive,1,1,0.0165563,1519,18,14.2012,857,857,0,0.00563256,0.00249477,0,0,0.0163654,0.281764,8,7,2.25,0,0,0,0.716261,0.274523,0.00921659,1519,456994,1470
1,bookshelf_small,94,qpFreeGate,1,0,10.0023,1235934,3562,0,0,0,0,inf,inf,0,0,0.00343503,0,25973,3560,0.137142,0,0,0,1,0,0,0,0,0
1,bookshelf_small,94,qpEnvelope,1,1,0.00605904,500,15,11.2108,635,635,0,0.00456924,0.00249477,0,0,0.0270275,0.17,4,3,3.75,0,0,0,0.822,0.154,0.024,500,157050,491
1,box,1,isSafe,1,1,0.0341904,4394,24,16.1984,10,811,0,0.00345119,0.00249477,0,0,0,0,100,20,0.24,0,0,0,0,0,0,0,0,0
1,box,1,qpFixed,1,1,0.0264069,1697,14,10.8709,772,772,0,0.012879,0.00249477,0,0,0.0114021,0,5,5,2.8,0,0,0,1,0,0,1697,421459,1301
1,box,1,qpPlain,1,1,0.0309769,1697,14,10.8709,772,772,0,0.012879,0.00249477,0,0,0.0114021,0,5,5,2.8,0,0,0,1,0,0,1697,582071,1697
1,box,1,qpAdaptive,1,1,0.0129865,718,14,10.8806,640,640,0,0.012824,0.00249477,0,0,0.0270089,0.491643,5,5,2.8,0,0,0,0.502786,0.480501,0.0167131,718,186975,663
1,box,1,qpFreeGate,1,1,0.583769,49114,108,17.9209,1721,1721,0,0.00253097,0.00249477,0,0,0.00373777,0,333,97,0.324324,0,0,0,1,0,0,0,0,0
1,box,1,qpEnvelope,1,1,0.00655165,309,14,10.9032,583,583,0,0.0114503,0.00249477,0,0,0.0630459,0.537217,5,5,2.8,0,0,0,0.462783,0.488673,0.0485437,309,82295,292
1,box,8,isSafe,1,1,0.0242837,3095,18,22.3319,13,1118,0,0.0322863,0.00249477,0,0,0,0,47,12,0.382979,0,0,0,0,0,0,0,0,0
1,box,8,qpFixed,1,1,0.0267855,1511,19,14.9842,1126,1126,0,0.00104956,0.00249477,0,0,0.0120513,0,5,5,3.8,0,0,0,1,0,0,1511,435907,1361
1,box,8,qpPlain,1,1,0.0291223,1511,19,14.9842,1126,1126,0,0.00104956,0.00249477,0,0,0.0120513,0,5,5,3.8,0,0,0,1,0,0,1511,518273,1511
1,box,8,qpAdaptive,1,1,0.0215108,898,19,15.013,991,991,0,0.00104634,0.00249477,0,0,0.0202972,0.410913,5,5,3.8,0,0,0,0.580178,0.404232,0.0155902,898,266080,869
1,box,8,qpFreeGate,1,1,0.218573,16481,44,13.2981,1274,1274,0,0.0143246,0.00249477,0,0,0.0038238,0,109,37,0.40367,0,0,0,1,0,0,0,0,0
1,box,8,qpEnvelope,1,1,0.0117555,489,20,15.0854,908,908,0,0.00109209,0.00249477,0,0,0.0373722,0.494888,5,5,4,0,0,0,0.496933,0.466258,0.0368098,489,146528,461
1,box,15,isSafe,1,1,0.00790264,2164,13,11.6638,7,585,0,0.0599084,0.00249477,0,0,0,0,34,9,0.382353,0,0,0,0,0,0,0,0,0
1,box,15,qpFixed,1,1,0.0174038,1954,22,17.6718,1209,1209,0,0.00477535,0.00249477,0,0,0.0122462,0,7,7,3.14286,0,0,0,1,0,0,1954,546185,1491
1,box,15,qpPlain,1,1,0.0182234,1954,22,17.6718,1209,1209,0,0.00477535,0.00249477,0,0,0.0122462,0,7,7,3.14286,0,0,0,1,0,0,1954,670222,1954
1,box,15,qpAdaptive,1,1,0.00775328,789,19,17.6798,1080,1080,0,0.00452892,0.00249477,0,0,0.0303831,0.769328,7,7,2.71429,0,0,0,0.223067,0.755387,0.0215463,789,227756,679
1,box,15,qpFreeGate,1,1,0.0434489,5916,21,9.45421,893,893,0,0.0112414,0.00249477,0,0,0.0052482,0,31,14,0.677419,0,0,0,1,0,0,0,0,0
1,box,15,qpEnvelope,1,1,0.00264463,203,19,17.6194,939,939,0,0.00418495,0.00249477,0,0,0.11811,0.788177,7,7,2.71429,0,0,0,0.20197,0.689655,0.108374,203,58020,179
1,box,22,isSafe,1,1,0.0250072,4079,22,12.4157,8,622,0,0.00505641,0.00249477,0,0,0,0,108,18,0.203704,0,0,0,0,0,0,0,0,0
1,box,22,qpFixed,1,1,0.0224059,1208,11,10.1074,766,766,0,0.00315901,0.00249477,0,0,0.011442,0,3,3,3.66667,0,0,0,1,0,0,1208,313077,881
1,box,22,qpPlain,1,1,0.0232432,1208,11,10.1074,766,766,0,0.00315901,0.00249477,0,0,0.011442,0,3,3,3.66667,0,0,0,1,0,0,1208,414344,1208
1,box,22,qpAdaptive,1,1,0.0110191,508,11,10.1138,652,652,0,0.00310774,0.00249477,0,0,0.0273837,0.519685,3,3,3.66667,0,0,0,0.474409,0.507874,0.0177165,508,140207,461
1,box,22,qpFreeGate,1,1,0.226578,15897,43,15.0206,1403,1403,0,0.0165259,0.00249477,0,0,0.00428139,0,108,31,0.398148,0,0,0,1,0,0,0,0,0
1,box,22,qpEnvelope,1,1,0.00572825,230,11,10.1451,571,571,0,0.00226709,0.00249477,0,0,0.0608506,0.495652,3,3,3.66667,0,0,0,0.504348,0.456522,0.0391304,230,65144,210
1,box,29,isSafe,1,1,0.0230106,6321,33,26.0978,15,1306,0,0.00996836,0.00249477,0,0,0,0,148,29,0.222973,0,0,0,0,0,0,0,0,0
1,box,29,qpFixed,1,1,0.00838399,987,9,9.77585,782,782,0,0.00197155,0.00249477,0,0,0.011868,0,3,3,3,0,0,0,1,0,0,987,248870,760
1,box,29,qpPlain,1,1,0.00920993,987,9,9.77585,782,782,0,0.00197155,0.00249477,0,0,0.011868,0,3,3,3,0,0,0,1,0,0,987,338541,987
1,box,29,qpAdaptive,1,1,0.00511489,549,10,9.79369,650,650,0,0.00156465,0.00249477,0,0,0.021367,0.393443,3,3,3.33333,0,0,0,0.602914,0.387978,0.00910747,549,138601,508
1,box,29,qpFreeGate,1,1,0.0615291,8254,26,17.814,1457,1457,0,0.0185386,0.00249477,0,0,0.0042099,0,49,15,0.530612,0,0,0,1,0,0,0,0,0
1,box,29,qpEnvelope,1,1,0.00318391,312,9,9.84452,607,607,0,0.000819909,0.00249477,0,0,0.0379957,0.269231,3,3,3,0,0,0,0.730769,0.253205,0.0160256,312,80174,299
1,box,36,isSafe,1,1,0.0215829,5915,31,13.7914,8,691,0,0.00700452,0.00249477,0,0,0,0,112,27,0.276786,0,0,0,0,0,0,0,0,0
1,box,36,qpFixed,1,1,0.0104511,1285,10,8.291,678,678,0,0.00217611,0.00249477,0,0,0.010462,0,3,3,3.33333,0,0,0,1,0,0,1285,319655,782
1,box,36,qpPlain,1,1,0.0116936,1285,10,8.291,678,678,0,0.00217611,0.00249477,0,0,0.010462,0,3,3,3.33333,0,0,0,1,0,0,1285,440755,1285
1,box,36,qpAdaptive,1,1,0.00445553,476,10,8.29286,529,529,0,0.00188482,0.00249477,0,0,0.0282767,0.436975,3,3,3.33333,0,0,0,0.558824,0.422269,0.0189076,476,120361,427
1,box,36,qpFreeGate,1,1,0.526125,44661,104,24.836,2047,2047,0,0.0102461,0.00249477,0,0,0.00397842,0,303,91,0.343234,0,0,0,1,0,0,0,0,0
1,box,36,qpEnvelope,1,1,0.0031803,309,10,8.29827,503,503,0,0.000859946,0.00249477,0,0,0.0437691,0.20712,3,3,3.33333,0,0,0,0.79288,0.177994,0.0291262,309,79404,286
1,box,43,isSafe,1,1,0.0092652,2524,15,12.4329,8,623,0,0.0538681,0.00249477,0,0,0,0,30,10,0.5,0,0,0,0,0,0,0,0,0
1,box,43,qpFixed,1,1,0.00362016,471,5,5.24156,472,472,0,0.0149784,0.00249477,0,0,0.0111286,0,1,1,5,0,0,0,1,0,0,471,119277,138
1,box,43,qpPlain,1,1,0.0040733,471,5,5.24156,472,472,0,0.0149784,0.00249477,0,0,0.0111286,0,1,1,5,0,0,0,1,0,0,471,161553,471
1,box,43,qpAdaptive,1,1,0.000493059,54,5,5.25178,291,291,0,0.0165973,0.00249477,0,0,0.0972551,0.981481,1,1,5,0,0,0,0,0.944444,0.0555556,54,14958,28
1,box,43,qpFreeGate,1,1,0.0303379,4064,20,8.7407,892,892,0,0.0076846,0.00249477,0,0,0.0064202,0,18,12,1.11111,0,0,0,1,0,0,0,0,0
1,box,43,qpEnvelope,1,1,0.000305034,24,5,5.26357,278,278,0,0.0188207,0.00249477,0,0,0.219315,1,1,1,5,0,0,0,0,0.875,0.125,24,6613,11
1,box,50,isSafe,1,1,0.0185684,5095,27,18.6808,11,936,0,0.0031042,0.00249477,0,0,0,0,117,22,0.230769,0,0,0,0,0,0,0,0,0
1,box,50,qpFixed,1,1,0.011753,1327,12,11.2945,1037,1037,0,0.00394664,0.00249477,0,0,0.00978859,0,3,3,4,0,0,0,1,0,0,1327,374261,776
1,box,50,qpPlain,1,1,0.0123882,1327,12,11.2945,1037,1037,0,0.00394664,0.00249477,0,0,0.00978859,0,3,3,4,0,0,0,1,0,0,1327,455161,1327
1,box,50,qpAdaptive,1,1,0.0047328,455,12,11.2934,714,714,0,0.00385694,0.00249477,0,0,0.0284947,0.595604,3,3,4,0,0,0,0.395604,0.58022,0.0241758,455,134074,410
1,box,50,qpFreeGate,1,1,0.221869,17008,50,20.1803,1708,1708,0,0.00423236,0.00249477,0,0,0.00437603,0,109,34,0.458716,0,0,0,1,0,0,0,0,0
1,box,50,qpEnvelope,1,1,0.00240277,193,13,11.3028,603,603,0,0.00438609,0.00249477,0,0,0.0674844,0.518135,3,3,4.33333,0,0,0,0.481865,0.455959,0.0621762,193,56292,179
1,box,57,isSafe,1,1,0.00775822,1300,9,6.39608,5,321,0,0.0791574,0.00249477,0,0,0,0,32,5,0.28125,0,0,0,0,0,0,0,0,0
1,box,57,qpFixed,1,1,0.00661732,416,6,4.85108,417,417,0,0.000766452,0.00249477,0,0,0.0116612,0,1,1,6,0,0,0,1,0,0,416,115063,371
1,box,57,qpPlain,1,1,0.00674694,416,6,4.85108,417,417,0,0.000766452,0.00249477,0,0,0.0116612,0,1,1,6,0,0,0,1,0,0,416,142688,416
1,box,57,qpAdaptive,1,1,0.00166756,175,6,4.86435,320,320,0,0.000723941,0.00249477,0,0,0.0277963,0.354286,1,1,6,0,0,0,0.645714,0.337143,0.0171429,175,51399,171
1,box,57,qpFreeGate,1,1,0.15729,10644,30,10.9499,1363,1363,0,0.012274,0.00249477,0,0,0.0042141,0,64,23,0.46875,0,0,0,1,0,0,0,0,0
1,box,57,qpEnvelope,1,1,0.00128509,125,7,4.87201,298,298,0,0.000681802,0.00249477,0,0,0.0389761,0.336,1,1,7,0,0,0,0.656,0.304,0.04,125,36766,123
1,box,64,isSafe,1,1,0.0136512,2085,12,11.9051,7,597,0,0.0114725,0.00249477,0,0,0,0,44,9,0.272727,0,0,0,0,0,0,0,0,0
1,box,64,qpFixed,1,1,0.0239591,1430,11,12.3259,907,907,0,0.0181025,0.00249477,0,0,0.0112491,0,3,3,3.66667,0,0,0,1,0,0,1430,367238,922
1,box,64,qpPlain,1,1,0.025449,1430,11,12.3259,907,907,0,0.0181025,0.00249477,0,0,0.0112491,0,3,3,3.66667,0,0,0,1,0,0,1430,490490,1430
1,box,64,qpAdaptive,1,1,0.00719332,422,11,12.3333,682,682,0,0.0132678,0.00249477,0,0,0.0381569,0.609005,3,3,3.66667,0,0,0,0.383886,0.594787,0.021327,422,117719,365
1,box,64,qpFreeGate,1,1,0.0773125,6723,20,13.5173,1425,1425,0,0.0157685,0.00249477,0,0,0.0045854,0,44,14,0.454545,0,0,0,1,0,0,0,0,0
1,box,64,qpEnvelope,1,1,0.00568317,226,11,12.3866,645,645,0,0.00185523,0.00249477,0,0,0.0715701,0.442478,3,3,3.66667,0,0,0,0.548673,0.411504,0.039823,226,63947,198
1,box,71,isSafe,1,1,0.0154416,4231,23,16.334,10,818,0,0.0785371,0.00249477,0,0,0,0,98,17,0.234694,0,0,0,0,0,0,0,0,0
1,box,71,qpFixed,1,1,0.0162674,1757,18,12.6982,1274,1274,0,0.00154699,0.00249477,0,0,0.00873521,0,4,4,4.5,0,0,0,1,0,0,1757,499703,1477
1,box,71,qpPlain,1,1,0.0167269,1757,18,12.6982,1274,1274,0,0.00154699,0.00249477,0,0,0.00873521,0,4,4,4.5,0,0,0,1,0,0,1757,602651,1757
1,box,71,qpAdaptive,1,1,0.00900701,897,18,12.7289,891,891,0,0.00152426,0.00249477,0,0,0.0171624,0.350056,4,4,4.5,0,0,0,0.643255,0.342252,0.0144928,897,259910,855
1,box,71,qpFreeGate,1,1,0.266465,24514,65,22.2217,2056,2056,0,0.00376027,0.00249477,0,0,0.00423774,0,161,55,0.403727,0,0,0,1,0,0,0,0,0
1,box,71,qpEnvelope,1,1,0.00452784,412,17,11.4848,669,669,0,0.00176225,0.00249477,0,0,0.0360651,0.364078,4,4,4.25,0,0,0,0.628641,0.339806,0.0315534,412,118316,403
1,box,78,isSafe,1,1,0.00506334,1390,9,7.60902,5,382,0,0.03631,0.00249477,0,0,0,0,17,6,0.529412,0,0,0,0,0,0,0,0,0
1,box,78,qpFixed,1,1,0.00350681,438,6,5.52566,439,439,0,0.00262508,0.00249477,0,0,0.0126157,0,1,1,6,0,0,0,1,0,0,438,112172,248
1,box,78,qpPlain,1,1,0.00388127,438,6,5.52566,439,439,0,0.00262508,0.00249477,0,0,0.0126157,0,1,1,6,0,0,0,1,0,0,438,150234,438
1,box,78,qpAdaptive,1,1,0.00124383,133,6,5.53673,341,341,0,0.00234979,0.00249477,0,0,0.0416296,0.556391,1,1,6,0,0,0,0.43609,0.541353,0.0225564,133,37557,117
1,box,78,qpFreeGate,1,1,0.0123898,1663,9,9.72566,851,851,0,0.00819698,0.00249477,0,0,0.00677267,0,7,4,1.28571,0,0,0,1,0,0,0,0,0
1,box,78,qpEnvelope,1,1,0.000851245,80,6,5.56312,317,317,0,0.00189518,0.00249477,0,0,0.0695389,0.5375,1,1,6,0,0,0,0.4625,0.5,0.0375,80,22726,74
1,box,85,isSafe,1,1,0.00620096,1689,10,11.8828,7,596,0,0.0180238,0.00249477,0,0,0,0,38,7,0.263158,0,0,0,0,0,0,0,0,0
1,box,85,qpFixed,1,1,0.0103821,1257,11,8.00225,697,697,0,0.0051621,0.00249477,0,0,0.0119856,0,3,3,3.66667,0,0,0,1,0,0,1257,303548,959
1,box,85,qpPlain,1,1,0.0117525,1257,11,8.00225,697,697,0,0.0051621,0.00249477,0,0,0.0119856,0,3,3,3.66667,0,0,0,1,0,0,1257,431151,1257
1,box,85,qpAdaptive,1,1,0.00472511,515,11,8.01109,511,511,0,0.00466865,0.00249477,0,0,0.029324,0.609709,3,3,3.66667,0,0,0,0.384466,0.601942,0.0135922,515,125509,486
1,box,85,qpFreeGate,1,1,0.0976313,7479,24,13.223,1234,1234,0,0.00311668,0.00249477,0,0,0.00463761,0,48,17,0.5,0,0,0,1,0,0,0,0,0
1,box,85,qpEnvelope,1,1,0.00248261,233,11,8.06258,446,446,0,0.00412495,0.00249477,0,0,0.0653092,0.506438,3,3,3.66667,0,0,0,0.48927,0.476395,0.0343348,233,56894,222
1,box,92,isSafe,1,1,0.0666511,9207,47,12.0302,8,603,0,0.0178811,0.00249477,0,0,0,0,258,43,0.182171,0,0,0,0,0,0,0,0,0
1,box,92,qpFixed,1,1,0.0290573,1818,13,12.8707,1176,1176,0,0.000343253,0.00249477,0,0,0.00952149,0,5,5,2.6,0,0,0,1,0,0,1818,478610,1473
1,box,92,qpPlain,1,1,0.0323268,1818,13,12.8707,1176,1176,0,0.000343253,0.00249477,0,0,0.00952149,0,5,5,2.6,0,0,0,1,0,0,1818,623574,1818
1,box,92,qpAdaptive,1,1,0.0207963,981,13,12.9054,931,931,0,0.000339242,0.00249477,0,0,0.0177072,0.344546,5,5,2.6,0,0,0,0.653415,0.33945,0.00713558,981,273138,952
1,box,92,qpFreeGate,1,1,0.465614,41423,93,10.6564,1047,1047,0,0.00369125,0.00249477,0,0,0.00369717,0,266,82,0.349624,0,0,0,1,0,0,0,0,0
1,box,92,qpEnvelope,1,1,0.016584,701,13,12.9915,865,865,0,0.000319761,0.00249477,0,0,0.024756,0.303852,5,5,2.6,0,0,0,0.694722,0.293866,0.0114123,701,199257,687
1,box,99,isSafe,1,1,0.0188472,2704,16,10.0666,7,505,0,0.00663564,0.00249477,0,0,0,0,40,12,0.4,0,0,0,0,0,0,0,0,0
1,box,99,qpFixed,1,1,0.00775019,599,7,7.65272,600,600,0,0.00499565,0.00249477,0,0,0.0127758,0,1,1,7,0,0,0,1,0,0,599,140282,241
1,box,99,qpPlain,1,1,0.0115462,599,7,7.65272,600,600,0,0.00499565,0.00249477,0,0,0.0127758,0,1,1,7,0,0,0,1,0,0,599,205457,599
1,box,99,qpAdaptive,1,1,0.00418394,118,7,7.65017,439,439,0,0.00483831,0.00249477,0,0,0.0648319,0.779661,1,1,7,0,0,0,0.220339,0.737288,0.0423729,118,30375,88
1,box,99,qpFreeGate,1,1,0.21955,18050,50,18.4438,1595,1595,0,0.0027134,0.00249477,0,0,0.00465287,0,137,43,0.364964,0,0,0,1,0,0,0,0,0
1,box,99,qpEnvelope,1,1,0.0006399,49,7,7.64216,405,405,0,0.00302436,0.00249477,0,0,0.155963,0.734694,1,1,7,0,0,0,0.265306,0.632653,0.102041,49,12807,34
1,table_pick,6,isSafe,1,1,0.0111681,2015,12,7.54866,5,379,0,0.000767555,0.00249477,0,0,0,0,33,8,0.363636,0,0,0,0,0,0,0,0,0
1,table_pick,6,qpFixed,1,1,0.0287893,2563,22,11.9184,1021,1021,0,0.000617589,0.00249477,0,0,0.0107743,0,8,8,2.75,0,0,0,1,0,0,2563,702295,2403
1,table_pick,6,qpPlain,1,1,0.0299734,2563,22,11.9184,1021,1021,0,0.000617589,0.00249477,0,0,0.0107743,0,8,8,2.75,0,0,0,1,0,0,2563,879109,2563
1,table_pick,6,qpAdaptive,1,1,0.0208401,1747,22,11.8151,866,866,0,0.000504276,0.00249477,0,0,0.0157835,0.257012,8,8,2.75,0,0,0,0.740126,0.25186,0.00801374,1747,478399,1708
1,table_pick,6,qpFreeGate,1,1,0.0780106,5978,21,9.5916,751,751,0,0.00426888,0.00249477,0,0,0.00518036,0,43,15,0.488372,0,0,0,1,0,0,0,0,0
1,table_pick,6,qpEnvelope,1,1,0.0170449,639,20,13.1239,812,812,23,-0.000192911,0.00249477,0,0,0.0322273,0.267606,6,6,3.33333,0,0,0,0.730829,0.239437,0.029734,639,162331,632
1,table_pick,13,isSafe,1,1,0.00823716,1491,9,9.98158,6,501,0,0.00193659,0.00249477,0,0,0,0,36,5,0.25,0,0,0,0,0,0,0,0,0
1,table_pick,13,qpFixed,1,1,0.00654917,650,7,7.78063,651,651,0,0.000535644,0.00249477,0,0,0.0119702,0,1,1,7,0,0,0,1,0,0,650,155024,494
1,table_pick,13,qpPlain,1,1,0.00722396,650,7,7.78063,651,651,0,0.000535644,0.00249477,0,0,0.0119702,0,1,1,7,0,0,0,1,0,0,650,222950,650
1,table_pick,13,qpAdaptive,1,1,0.0045752,413,7,7.84645,591,591,0,0.000278911,0.00249477,0,0,0.0189987,0.266344,1,1,7,0,0,0,0.726392,0.263923,0.00968523,413,100767,375
1,table_pick,13,qpFreeGate,1,1,0.0562214,6040,21,13.7188,1187,1187,0,0.00190497,0.00249477,0,0,0.00473442,0,41,15,0.512195,0,0,0,1,0,0,0,0,0
1,table_pick,13,qpEnvelope,1,1,0.00433877,369,11,9.78718,506,506,0,0.00782797,0.00249477,0,0,0.0427882,0.186992,2,2,5.5,0,0,0,0.813008,0.165312,0.0216802,369,92789,342
1,table_pick,20,isSafe,1,1,0.00952084,1722,10,4.09385,4,206,0,0.00559519,0.00249477,0,0,0,0,20,6,0.5,0,0,0,0,0,0,0,0,0
1,table_pick,20,qpFixed,1,1,0.00309556,346,5,5.25904,347,347,0,0.00727606,0.00249477,0,0,0.0151995,0,1,1,5,0,0,0,1,0,0,346,76746,37
1,table_pick,20,qpPlain,1,1,0.00359239,346,5,5.25904,347,347,0,0.00727606,0.00249477,0,0,0.0151995,0,1,1,5,0,0,0,1,0,0,346,118678,346
1,table_pick,20,qpAdaptive,1,1,0.000481075,44,5,5.25975,285,285,0,0.00727606,0.00249477,0,0,0.11954,0.75,1,1,5,0,0,0,0.227273,0.704545,0.0681818,44,11452,19
1,table_pick,20,qpFreeGate,1,1,0.0226205,2461,12,3.82118,353,353,0,0.00550392,0.00249477,0,0,0.00671351,0,20,8,0.6,0,0,0,1,0,0,0,0,0
1,table_pick,20,qpEnvelope,1,1,0.000368098,25,5,5.26032,275,275,0,0.00730264,0.00249477,0,0,0.210413,0.84,1,1,5,0,0,0,0.16,0.72,0.12,25,6482,14
1,table_pick,27,isSafe,1,1,0.048192,7666,38,16.1372,10,808,0,0.0024017,0.00249477,0,0,0,0,203,33,0.187192,0,0,0,0,0,0,0,0,0
1,table_pick,27,qpFixed,1,1,0.0219842,1894,23,14.4202,1031,1031,89,-0.00140869,0.00249477,0,0,0.0114485,0,6,5,3.83333,0,0,0,1,0,0,1894,540159,1088
1,table_pick,27,qpPlain,1,1,0.0230056,1894,23,14.4202,1031,1031,89,-0.00140869,0.00249477,0,0,0.0114485,0,6,5,3.83333,0,0,0,1,0,0,1894,649642,1894
1,table_pick,27,qpAdaptive,1,1,0.011664,872,23,14.4259,903,903,89,-0.00140935,0.00249477,0,0,0.0249512,0.270642,6,5,3.83333,0,0,0,0.719037,0.255734,0.0252294,872,261701,718
1,table_pick,27,qpFreeGate,1,1,0.377261,37823,75,13.1463,919,919,0,0.00767893,0.00249477,0,0,0.00349885,0,328,69,0.228659,0,0,0,1,0,0,0,0,0
1,table_pick,27,qpEnvelope,1,1,0.0121132,865,19,14.9825,931,931,88,-0.00138451,0.00249477,0,0,0.0296961,0.0693642,7,6,2.71429,0,0,0,0.92948,0.0508671,0.0196532,865,261153,730
1,table_pick,34,isSafe,1,1,0.00745055,1229,8,5.32249,4,268,0,0.00184274,0.00249477,0,0,0,0,8,4,1,0,0,0,0,0,0,0,0,0
1,table_pick,34,qpFixed,1,1,0.00539731,567,6,6.53081,568,568,0,0.00607576,0.00249477,0,0,0.0115182,0,1,1,6,0,0,0,1,0,0,567,135858,92
1,table_pick,34,qpPlain,1,1,0.00615277,567,6,6.53081,568,568,0,0.00607576,0.00249477,0,0,0.0115182,0,1,1,6,0,0,0,1,0,0,567,194481,567
1,table_pick,34,qpAdaptive,1,1,0.000727853,63,6,6.53501,360,360,0,0.00607576,0.00249477,0,0,0.10373,0.746032,1,1,6,0,0,0,0.253968,0.68254,0.0634921,63,17331,35
1,table_pick,34,qpFreeGate,1,1,0.0138219,1431,9,4.39766,460,460,0,0.00179389,0.00249477,0,0,0.00786741,0,8,5,1.125,0,0,0,1,0,0,0,0,0
1,table_pick,34,qpEnvelope,1,1,0.000449882,29,6,6.54009,341,341,0,0.00609504,0.00249477,0,0,0.22552,0.965517,1,1,6,0,0,0,0.0344828,0.827586,0.137931,29,7967,19
1,table_pick,41,isSafe,1,1,0.0159488,2884,17,14.7618,9,740,0,0.00130541,0.00249477,0,0,0,0,65,12,0.261538,0,0,0,0,0,0,0,0,0
1,table_pick,41,qpFixed,1,1,0.0239924,2149,23,15.8041,1198,1198,0,0.000545105,0.00249477,0,0,0.0107663,0,6,6,3.83333,0,0,0,1,0,0,2149,624737,1794
1,table_pick,41,qpPlain,1,1,0.0244589,2149,23,15.8041,1198,1198,0,0.000545105,0.00249477,0,0,0.0107663,0,6,6,3.83333,0,0,0,1,0,0,2149,737107,2149
1,table_pick,41,qpAdaptive,1,1,0.0124825,1012,19,15.8096,1087,1087,0,0.000517601,0.00249477,0,0,0.022846,0.335968,6,6,3.16667,0,0,0,0.659091,0.324111,0.0167984,1012,303195,953
1,table_pick,41,qpFreeGate,1,1,0.452985,10394,24,9.98438,933,933,0,0.00494665,0.00249477,0,0,0.00387644,0,88,21,0.272727,0,0,0,1,0,0,0,0,0
1,table_pick,41,qpEnvelope,1,1,0.00831557,604,19,15.8475,951,951,0,0.00055514,0.00249477,0,0,0.038318,0.258278,6,6,3.16667,0,0,0,0.740066,0.230132,0.0298013,604,181180,582
1,table_pick,48,isSafe,1,1,0.0651669,1613,10,11.6526,7,584,0,0.00275091,0.00249477,0,0,0,0,20,6,0.5,0,0,0,0,0,0,0,0,0
1,table_pick,48,qpFixed,1,1,0.0421765,631,6,7.71452,632,632,0,0.00393826,0.00249477,0,0,0.0122259,0,1,1,6,0,0,0,1,0,0,631,147071,155
1,table_pick,48,qpPlain,1,1,0.043076,631,6,7.71452,632,632,0,0.00393826,0.00249477,0,0,0.0122259,0,1,1,6,0,0,0,1,0,0,631,216433,631
1,table_pick,48,qpAdaptive,1,1,0.000954742,80,6,7.71491,427,427,0,0.00393826,0.00249477,0,0,0.0964364,0.625,1,1,6,0,0,0,0.375,0.575,0.05,80,21694,57
1,table_pick,48,qpFreeGate,1,1,0.970985,17080,45,16.353,1239,1239,0,0.00615771,0.00249477,0,0,0.00458734,0,150,40,0.3,0,0,0,1,0,0,0,0,0
1,table_pick,48,qpEnvelope,1,1,0.000570446,37,6,7.71879,406,406,0,0.00381991,0.00249477,0,0,0.208616,0.783784,1,1,6,0,0,0,0.216216,0.675676,0.108108,37,10142,27
1,table_pick,55,isSafe,1,1,0.00804438,1449,9,9.81159,6,492,0,0.000933365,0.00249477,0,0,0,0,28,5,0.321429,0,0,0,0,0,0,0,0,0
1,table_pick,55,qpFixed,1,1,0.00581905,630,6,7.59484,631,631,0,0.00381576,0.00249477,0,0,0.0120553,0,1,1,6,0,0,0,1,0,0,630,151249,120
1,table_pick,55,qpPlain,1,1,0.00656447,630,6,7.59484,631,631,0,0.00381576,0.00249477,0,0,0.0120553,0,1,1,6,0,0,0,1,0,0,630,216090,630
1,table_pick,55,qpAdaptive,1,1,0.00093858,82,6,7.59507,421,421,0,0.00381576,0.00249477,0,0,0.0926228,0.621951,1,1,6,0,0,0,0.378049,0.573171,0.0487805,82,22534,61
1,table_pick,55,qpFreeGate,1,1,0.0269536,2880,14,9.96018,873,873,0,0.0046152,0.00249477,0,0,0.0051394,0,20,6,0.7,0,0,0,1,0,0,0,0,0
1,table_pick,55,qpEnvelope,1,1,0.000603195,40,6,7.59504,402,402,0,0.00377216,0.00249477,0,0,0.189876,0.725,1,1,6,0,0,0,0.275,0.625,0.1,40,10876,29
1,table_pick,62,isSafe,1,1,0.0115926,1843,10,9.32484,6,468,0,0.0020136,0.00249477,0,0,0,0,14,6,0.714286,0,0,0,0,0,0,0,0,0
1,table_pick,62,qpFixed,1,1,0.00960204,990,13,8.64615,729,729,0,0.00683041,0.00249477,0,0,0.0116008,0,2,2,6.5,0,0,0,1,0,0,990,224243,246
1,table_pick,62,qpPlain,1,1,0.0110889,990,13,8.64615,729,729,0,0.00683041,0.00249477,0,0,0.0116008,0,2,2,6.5,0,0,0,1,0,0,990,339570,990
1,table_pick,62,qpAdaptive,1,1,0.00104333,90,10,8.68211,473,473,0,0.00683591,0.00249477,0,0,0.127709,0.822222,2,2,5,0,0,0,0.166667,0.733333,0.1,90,24165,43
1,table_pick,62,qpFreeGate,1,1,0.166396,3451,20,17.62,1457,1457,0,0.00206615,0.00249477,0,0,0.00670748,0,21,9,0.952381,0,0,0,1,0,0,0,0,0
1,table_pick,62,qpEnvelope,1,1,0.000734518,48,10,8.74657,457,457,0,0.00181792,0.00249477,0,0,0.241087,0.979167,2,2,5,0,0,0,0.0208333,0.791667,0.1875,48,12454,30
1,table_pick,69,isSafe,1,1,0.0133692,2406,14,13.011,8,652,0,0.000237495,0.00249477,0,0,0,0,38,10,0.368421,0,0,0,0,0,0,0,0,0
1,table_pick,69,qpFixed,1,1,0.00713254,765,7,8.47905,766,766,0,0.00354975,0.00249477,0,0,0.0110837,0,1,1,7,0,0,0,1,0,0,765,200158,87
1,table_pick,69,qpPlain,1,1,0.007887,765,7,8.47905,766,766,0,0.00354975,0.00249477,0,0,0.0110837,0,1,1,7,0,0,0,1,0,0,765,262395,765
1,table_pick,69,qpAdaptive,1,1,0.00129195,118,7,8.48641,483,483,0,0.00354139,0.00249477,0,0,0.0719188,0.533898,1,1,7,0,0,0,0.466102,0.491525,0.0423729,118,32419,66
1,table_pick,69,qpFreeGate,1,1,0.0828415,8872,30,13.0712,1123,1123,0,0.00801059,0.00249477,0,0,0.00524507,0,64,25,0.46875,0,0,0,1,0,0,0,0,0
1,table_pick,69,qpEnvelope,1,1,0.00074953,51,7,8.51497,453,453,0,0.00336007,0.00249477,0,0,0.16696,0.568627,1,1,7,0,0,0,0.411765,0.490196,0.0980392,51,13988,34
1,table_pick,76,isSafe,1,1,0.00494154,894,7,8.57213,6,430,0,0.00337862,0.00249477,0,0,0,0,2,2,3.5,0,0,0,0,0,0,0,0,0
1,table_pick,76,qpFixed,1,1,0.00586387,658,7,8.0805,659,659,0,0.00560163,0.00249477,0,0,0.0122804,0,1,1,7,0,0,0,1,0,0,658,155682,24
1,table_pick,76,qpPlain,1,1,0.00699752,658,7,8.0805,659,659,0,0.00560163,0.00249477,0,0,0.0122804,0,1,1,7,0,0,0,1,0,0,658,225694,658
1,table_pick,76,qpAdaptive,1,1,0.00070902,66,7,8.08044,436,436,0,0.0055776,0.00249477,0,0,0.122431,0.757576,1,1,7,0,0,0,0.242424,0.681818,0.0757576,66,17424,23
1,table_pick,76,qpFreeGate,1,1,0.00757913,820,7,8.3507,722,722,0,0.00244834,0.00249477,0,0,0.0102316,0,2,2,3.5,0,0,0,1,0,0,0,0,0
1,table_pick,76,qpEnvelope,1,1,0.000519686,30,7,8.08065,421,421,0,0.00553994,0.00249477,0,0,0.269355,1,1,1,7,0,0,0,0,0.833333,0.166667,30,7692,9
1,table_pick,83,isSafe,1,1,0.0104956,1900,12,10.1811,7,511,0,5.42699e-05,0.00249477,0,0,0,0,35,6,0.342857,0,0,0,0,0,0,0,0,0
1,table_pick,83,qpFixed,1,1,0.00642972,664,7,8.20552,665,665,0,0.00347822,0.00249477,0,0,0.0123577,0,1,1,7,0,0,0,1,0,0,664,179405,189
1,table_pick,83,qpPlain,1,1,0.00717004,664,7,8.20552,665,665,0,0.00347822,0.00249477,0,0,0.0123577,0,1,1,7,0,0,0,1,0,0,664,227752,664
1,table_pick,83,qpAdaptive,1,1,0.00163104,150,7,8.20594,481,481,0,0.00347822,0.00249477,0,0,0.0547062,0.606667,1,1,7,0,0,0,0.393333,0.573333,0.0333333,150,40631,94
1,table_pick,83,qpFreeGate,1,1,0.0695172,7463,22,12.2797,974,974,0,0.00312937,0.00249477,0,0,0.00413655,0,58,18,0.37931,0,0,0,1,0,0,0,0,0
1,table_pick,83,qpEnvelope,1,1,0.000879208,61,7,8.20647,439,439,0,0.0034121,0.00249477,0,0,0.134532,0.590164,1,1,7,0,0,0,0.409836,0.508197,0.0819672,61,16608,44
1,table_pick,90,isSafe,1,1,0.0256827,4635,23,7.72462,5,388,0,0.000975154,0.00249477,0,0,0,0,88,20,0.261364,0,0,0,0,0,0,0,0,0
1,table_pick,90,qpFixed,1,1,0.00332924,358,5,5.20893,359,359,0,0.00511853,0.00249477,0,0,0.0145501,0,1,1,5,0,0,0,1,0,0,358,89542,43
1,table_pick,90,qpPlain,1,1,0.00370209,358,5,5.20893,359,359,0,0.00511853,0.00249477,0,0,0.0145501,0,1,1,5,0,0,0,1,0,0,358,122794,358
1,table_pick,90,qpAdaptive,1,1,0.000967721,84,5,5.20893,295,295,0,0.00511853,0.00249477,0,0,0.0620111,0.333333,1,1,5,0,0,0,0.666667,0.297619,0.0357143,84,24446,43
1,table_pick,90,qpFreeGate,1,1,0.13172,13979,42,15.3989,1438,1438,0,0.000779048,0.00249477,0,0,0.00451983,0,101,34,0.415842,0,0,0,1,0,0,0,0,0
1,table_pick,90,qpEnvelope,1,1,0.000636967,45,5,5.20998,278,278,0,0.00510389,0.00249477,0,0,0.115777,0.577778,1,1,5,0,0,0,0.422222,0.511111,0.0666667,45,13052,29
1,table_pick,97,isSafe,1,1,0.00629392,1054,8,10.3655,7,520,0,0.00345514,0.00249477,0,0,0,0,6,2,1.33333,0,0,0,0,0,0,0,0,0
1,table_pick,97,qpFixed,1,1,0.00648195,680,7,9.19419,681,681,0,0.00552855,0.00249477,0,0,0.0135209,0,1,1,7,0,0,0,1,0,0,680,157963,126
1,table_pick,97,qpPlain,1,1,0.00745606,680,7,9.19419,681,681,0,0.00552855,0.00249477,0,0,0.0135209,0,1,1,7,0,0,0,1,0,0,680,233240,680
1,table_pick,97,qpAdaptive,1,1,0.00113762,94,7,9.19561,502,502,0,0.00552882,0.00249477,0,0,0.0978257,0.659574,1,1,7,0,0,0,0.340426,0.606383,0.0531915,94,26486,62
1,table_pick,97,qpFreeGate,1,1,0.0117759,1214,9,10.1876,898,898,0,0.00314254,0.00249477,0,0,0.00848794,0,6,3,1.5,0,0,0,1,0,0,0,0,0
1,table_pick,97,qpEnvelope,1,1,0.000567928,37,7,9.20019,481,481,0,0.00542072,0.00249477,0,0,0.248654,1,1,1,7,0,0,0,0,0.864865,0.135135,37,10142,24
1,cage,4,isSafe,1,1,2.44907,507099,3809,28.8498,17,1444,0,1.85364e-05,0.00249477,0,0,0,0,35851,3805,0.106245,0,0,0,0,0,0,0,0,0
1,cage,4,qpFixed,1,1,0.0748281,7526,47,15.2706,1281,1281,0,0.000271419,0.00249477,0,0,0.0101787,0,27,23,1.74074,0,0,0,1,0,0,7526,1970249,6783
1,cage,4,qpPlain,1,1,0.083912,7526,47,15.2706,1281,1281,0,0.000271419,0.00249477,0,0,0.0101787,0,27,23,1.74074,0,0,0,1,0,0,7526,2581418,7526
1,cage,4,qpAdaptive,1,1,0.0504754,4715,47,15.2511,1086,1086,0,0.000248168,0.00249477,0,0,0.016235,0.338494,27,23,1.74074,0,0,0,0.659525,0.333687,0.00678829,4715,1257299,4574
1,cage,4,qpFreeGate,1,1,4.0329,485218,780,20.6663,2671,2671,0,0.000616808,0.00249477,0,0,0.00276222,0,4161,740,0.187455,0,0,0,1,0,0,0,0,0
1,cage,4,qpEnvelope,1,1,0.0345504,2976,47,15.3585,973,973,0,0.000118659,0.00249477,0,0,0.0260423,0.259409,27,23,1.74074,0,0,0,0.738824,0.249076,0.0121008,2976,789920,2924
1,cage,11,isSafe,1,1,0.647366,160551,1015,27.1447,17,1359,0,0.00077172,0.00249477,0,0,0,0,10207,1012,0.0994416,0,0,0,0,0,0,0,0,0
1,cage,11,qpFixed,1,1,0.32159,33323,157,30.6112,2599,2599,0,0.000169854,0.00249477,0,0,0.00857784,0,134,93,1.17164,0,0,0,1,0,0,33323,9158755,29868
1,cage,11,qpPlain,1,1,0.353362,33323,157,30.6112,2599,2599,0,0.000169854,0.00249477,0,0,0.00857784,0,134,93,1.17164,0,0,0,1,0,0,33323,11429789,33323
1,cage,11,qpAdaptive,1,1,0.253342,24249,157,30.6476,2011,2011,0,0.000167303,0.00249477,0,0,0.0118125,0.229205,134,93,1.17164,0,0,0,0.76931,0.226855,0.00383521,24249,6710208,23827
1,cage,11,qpFreeGate,1,0,10.0183,1005425,1474,0,0,0,0,inf,inf,0,0,0.0024023,0,8717,1446,0.169095,0,0,0,1,0,0,0,0,0
1,cage,11,qpEnvelope,1,1,0.209282,19005,157,30.6346,1846,1846,0,0.000153272,0.00249477,0,0,0.0151504,0.181636,134,94,1.17164,0,0,0,0.817416,0.176164,0.00641936,19005,5251512,18848
1,cage,18,isSafe,1,1,1.57667,77020,438,19.6403,11,984,0,0.00810278,0.00249477,0,0,0,0,3650,435,0.12,0,0,0,0,0,0,0,0,0
1,cage,18,qpFixed,1,1,0.020235,2131,18,14.3839,1047,1047,0,0.00326868,0.00249477,0,0,0.0110621,0,6,6,3,0,0,0,1,0,0,2131,572821,1770
1,cage,18,qpPlain,1,1,0.0206756,2131,18,14.3839,1047,1047,0,0.00326868,0.00249477,0,0,0.0110621,0,6,6,3,0,0,0,1,0,0,2131,730933,2131
1,cage,18,qpAdaptive,1,1,0.0106161,898,18,14.3975,918,918,0,0.00318693,0.00249477,0,0,0.0263594,0.761693,6,6,3,0,0,0,0.232739,0.755011,0.0122494,898,256886,867
1,cage,18,qpFreeGate,1,1,1.35724,175803,325,24.0558,2323,2323,0,0.00277163,0.00249477,0,0,0.00329308,0,1355,303,0.239852,0,0,0,1,0,0,0,0,0
1,cage,18,qpEnvelope,1,1,0.00501326,404,19,14.4917,823,823,0,0.00224722,0.00249477,0,0,0.0590204,0.544554,6,6,3.16667,0,0,0,0.45297,0.509901,0.0371287,404,115325,393
1,cage,25,isSafe,1,1,0.888628,220160,1337,28.3628,16,1420,0,2.28054e-05,0.00249477,0,0,0,0,12644,1334,0.105742,0,0,0,0,0,0,0,0,0
1,cage,25,qpFixed,1,1,0.149136,15817,84,29.7403,2390,2390,1,-7.98095e-05,0.00249477,0,0,0.00889775,0,55,41,1.52727,0,0,0,1,0,0,15817,4078657,12716
1,cage,25,qpPlain,1,1,0.156119,15817,84,29.7403,2390,2390,1,-7.98095e-05,0.00249477,0,0,0.00889775,0,55,41,1.52727,0,0,0,1,0,0,15817,5425231,15817
1,cage,25,qpAdaptive,1,1,0.0887585,8594,83,29.8316,1931,1931,0,6.29419e-05,0.00249477,0,0,0.0164158,0.325692,55,41,1.50909,0,0,0,0.671748,0.319758,0.0084943,8594,2313230,8349
1,cage,25,qpFreeGate,1,1,3.03919,393119,642,23.443,2308,2308,0,0.00276264,0.00249477,0,0,0.00280021,0,3414,632,0.188049,0,0,0,1,0,0,0,0,0
1,cage,25,qpEnvelope,1,1,0.0673495,6099,82,29.8987,1772,1772,19,-0.000474897,0.00249477,0,0,0.0231942,0.19577,55,41,1.49091,0,0,0,0.803082,0.183637,0.0132809,6099,1643054,5994
1,cage,32,isSafe,1,1,2.06552,496736,3742,22.502,13,1127,0,0.00104942,0.00249477,0,0,0,0,36202,3739,0.103364,0,0,0,0,0,0,0,0,0
1,cage,32,qpFixed,1,1,0.0593845,6589,41,17.2588,1574,1574,0,0.000848007,0.00249477,0,0,0.00928432,0,23,18,1.78261,0,0,0,1,0,0,6589,1632896,5665
1,cage,32,qpPlain,1,1,0.0653585,6589,41,17.2588,1574,1574,0,0.000848007,0.00249477,0,0,0.00928432,0,23,18,1.78261,0,0,0,1,0,0,6589,2260027,6589
1,cage,32,qpAdaptive,1,1,0.0364198,3752,41,17.2648,1113,1113,0,0.000851853,0.00249477,0,0,0.016344,0.388326,23,18,1.78261,0,0,0,0.608742,0.384062,0.00719616,3752,932466,3688
1,cage,32,qpFreeGate,1,1,1.85754,241957,457,23.0884,2793,2793,0,0.00176291,0.00249477,0,0,0.00313034,0,1953,428,0.233999,0,0,0,1,0,0,0,0,0
1,cage,32,qpEnvelope,1,1,0.0245175,2340,41,17.2853,1000,1000,0,0.000819277,0.00249477,0,0,0.0263389,0.291453,23,18,1.78261,0,0,0,0.705983,0.279915,0.0141026,2340,572222,2312
1,cage,39,isSafe,1,1,1.29506,269600,1839,23.3707,14,1170,0,0.0157486,0.00249477,0,0,0,0,17252,1835,0.106596,0,0,0,0,0,0,0,0,0
1,cage,39,qpFixed,1,1,0.121793,6697,44,20.5518,1888,1888,0,7.7621e-05,0.00249477,0,0,0.00878177,0,25,18,1.76,0,0,0,1,0,0,6697,1783767,5996
1,cage,39,qpPlain,1,1,0.0722176,6697,44,20.5518,1888,1888,0,7.7621e-05,0.00249477,0,0,0.00878177,0,25,18,1.76,0,0,0,1,0,0,6697,2297071,6697
1,cage,39,qpAdaptive,1,1,0.048406,4390,43,20.5554,1532,1532,0,7.57035e-05,0.00249477,0,0,0.0133909,0.312756,25,18,1.72,0,0,0,0.685421,0.308428,0.00615034,4390,1193732,4280
1,cage,39,qpFreeGate,1,1,1.87137,172946,313,16.4704,1618,1618,0,0.00997868,0.00249477,0,0,0.00321573,0,1424,295,0.219803,0,0,0,1,0,0,0,0,0
1,cage,39,qpEnvelope,1,1,0.0409528,3601,44,19.0508,1086,1086,0,0.000323095,0.00249477,0,0,0.0170118,0.177173,25,19,1.76,0,0,0,0.821994,0.168842,0.00916412,3601,935345,3563
1,cage,46,isSafe,1,1,0.889995,151890,918,20.409,12,1022,0,0.00724022,0.00249477,0,0,0,0,8144,914,0.112721,0,0,0,0,0,0,0,0,0
1,cage,46,qpFixed,1,1,0.141322,10703,76,22.3622,1796,1796,0,0.000208653,0.00249477,0,0,0.0100516,0,40,31,1.9,0,0,0,1,0,0,10703,2783086,9484
1,cage,46,qpPlain,1,1,0.106395,10703,76,22.3622,1796,1796,0,0.000208653,0.00249477,0,0,0.0100516,0,40,31,1.9,0,0,0,1,0,0,10703,3671129,10703
1,cage,46,qpAdaptive,1,1,0.254424,12651,126,23.2327,1489,1489,0,0.00230208,0.00249477,0,0,0.0150613,0.322978,75,60,1.68,0,0,0,0.675362,0.317761,0.00687693,12651,3324691,12097
1,cage,46,qpFreeGate,1,1,2.37724,221192,388,14.1816,1806,1806,0,0.00148557,0.00249477,0,0,0.00309208,0,1771,362,0.219085,0,0,0,1,0,0,0,0,0
1,cage,46,qpEnvelope,1,1,0.138712,8525,116,23.4352,1299,1299,0,0.002026,0.00249477,0,0,0.0223059,0.213607,75,59,1.54667,0,0,0,0.784633,0.203402,0.0119648,8525,2215546,8248
1,cage,53,isSafe,1,1,3.52647,367189,2606,14.8137,10,742,0,0.00214763,0.00249477,0,0,0,0,23746,2602,0.109745,0,0,0,0,0,0,0,0,0
1,cage,53,qpFixed,1,1,0.177374,17821,85,20.0557,1820,1820,0,0.00150132,0.00249477,0,0,0.00841472,0,73,48,1.16438,0,0,0,1,0,0,17821,4729142,16675
1,cage,53,qpPlain,1,1,0.189477,17821,85,20.0557,1820,1820,0,0.00150132,0.00249477,0,0,0.00841472,0,73,48,1.16438,0,0,0,1,0,0,17821,6112603,17821
1,cage,53,qpAdaptive,1,1,0.123591,11577,85,20.0694,1373,1373,0,0.00143517,0.00249477,0,0,0.0129969,0.300078,73,48,1.16438,0,0,0,0.698799,0.296277,0.00492356,11577,3098047,11360
1,cage,53,qpFreeGate,1,1,1.43521,174919,323,26.2856,3146,3146,0,0.00240352,0.00249477,0,0,0.00319881,0,1427,306,0.226349,0,0,0,1,0,0,0,0,0
1,cage,53,qpEnvelope,1,1,0.102619,9130,85,19.6546,1142,1142,0,0.000119802,0.00249477,0,0,0.0165181,0.224644,73,47,1.16438,0,0,0,0.774042,0.218401,0.0075575,9130,2436213,9027
1,cage,60,isSafe,1,1,0.911234,224408,1332,17.5816,11,881,0,0.00275507,0.00249477,0,0,0,0,11957,1328,0.111399,0,0,0,0,0,0,0,0,0
1,cage,60,qpFixed,1,1,0.0220382,2409,17,13.3162,1111,1111,0,0.00150478,0.00249477,0,0,0.0105033,0,8,8,2.125,0,0,0,1,0,0,2409,626671,1801
1,cage,60,qpPlain,1,1,0.0241094,2409,17,13.3162,1111,1111,0,0.00150478,0.00249477,0,0,0.0105033,0,8,8,2.125,0,0,0,1,0,0,2409,826287,2409
1,cage,60,qpAdaptive,1,1,0.0101816,995,17,13.3457,905,905,0,0.00150812,0.00249477,0,0,0.0254334,0.544724,8,8,2.125,0,0,0,0.454271,0.532663,0.0130653,995,262662,938
1,cage,60,qpFreeGate,1,0,10.0006,1161659,1978,0,0,0,0,inf,inf,0,0,0.00252751,0,11677,1962,0.169393,0,0,0,1,0,0,0,0,0
1,cage,60,qpEnvelope,1,1,0.005114,421,17,13.3398,783,783,0,0.00163087,0.00249477,0,0,0.060031,0.463183,8,8,2.125,0,0,0,0.536817,0.427553,0.0356295,421,114746,397
1,cage,67,isSafe,1,1,0.888598,166482,1059,14.3869,9,721,0,0.00965716,0.00249477,0,0,0,0,10426,1056,0.101573,0,0,0,0,0,0,0,0,0
1,cage,67,qpFixed,1,1,0.157141,15995,88,11.9787,1018,1018,0,0.0065831,0.00249477,0,0,0.00811714,0,62,45,1.41935,0,0,0,1,0,0,15995,4463752,15223
1,cage,67,qpPlain,1,1,0.288146,15995,88,11.9787,1018,1018,0,0.0065831,0.00249477,0,0,0.00811714,0,62,45,1.41935,0,0,0,1,0,0,15995,5486285,15995
1,cage,67,qpAdaptive,1,1,0.209863,16529,122,13.8177,855,855,0,0.00476668,0.00249477,0,0,0.0123869,0.338859,105,69,1.1619,0,0,0,0.658903,0.33541,0.00568697,16529,4643133,16230
1,cage,67,qpFreeGate,1,1,3.49208,244315,424,15.3717,1808,1808,0,0.00127871,0.00249477,0,0,0.002948,0,2003,397,0.211682,0,0,0,1,0,0,0,0,0
1,cage,67,qpEnvelope,1,1,0.199207,17415,145,14.973,818,818,0,0.00407877,0.00249477,0,0,0.0152631,0.246971,141,88,1.02837,0,0,0,0.751364,0.241459,0.00717772,17415,4810040,17193
1,cage,74,isSafe,1,1,1.77788,432402,2939,35.8951,22,1796,0,0.00211111,0.00249477,0,0,0,0,28237,2935,0.104083,0,0,0,0,0,0,0,0,0
1,cage,74,qpFixed,1,1,0.0309772,3425,18,15.0702,1487,1487,82,-0.00906986,0.00249477,0,0,0.00883698,0,9,7,2,0,0,0,1,0,0,3425,915345,2205
1,cage,74,qpPlain,1,1,0.033326,3425,18,15.0702,1487,1487,82,-0.00906986,0.00249477,0,0,0.00883698,0,9,7,2,0,0,0,1,0,0,3425,1174775,3425
1,cage,74,qpAdaptive,1,1,0.0165848,1540,18,15.0715,1007,1007,83,-0.00884228,0.00249477,0,0,0.0196431,0.338961,9,7,2,0,0,0,0.659091,0.330519,0.0103896,1540,423687,1455
1,cage,74,qpFreeGate,1,1,0.374769,48809,103,22.6416,2044,2044,0,0.00492651,0.00249477,0,0,0.00377877,0,350,97,0.294286,0,0,0,1,0,0,0,0,0
1,cage,74,qpEnvelope,1,1,0.0132383,1161,18,15.0869,953,953,84,-0.00746594,0.00249477,0,0,0.0260888,0.178295,9,7,2,0,0,0,0.819983,0.164513,0.0155039,1161,326841,1130
1,cage,81,isSafe,1,1,0.059202,14994,71,23.8325,13,1193,0,0.0104686,0.00249477,0,0,0,0,464,68,0.153017,0,0,0,0,0,0,0,0,0
1,cage,81,qpFixed,1,1,0.00652092,739,8,8.28927,740,740,0,0.0022062,0.00249477,0,0,0.0112169,0,1,1,8,0,0,0,1,0,0,739,201085,395
1,cage,81,qpPlain,1,1,0.00697634,739,8,8.28927,740,740,0,0.0022062,0.00249477,0,0,0.0112169,0,1,1,8,0,0,0,1,0,0,739,253477,739
1,cage,81,qpAdaptive,1,1,0.00283589,262,8,8.30879,556,556,0,0.0021778,0.00249477,0,0,0.0317129,0.603053,1,1,8,0,0,0,0.396947,0.583969,0.019084,262,77272,228
1,cage,81,qpFreeGate,1,1,0.560864,73289,144,13.8939,1348,1348,0,0.00903171,0.00249477,0,0,0.00337559,0,604,131,0.238411,0,0,0,1,0,0,0,0,0
1,cage,81,qpEnvelope,1,1,0.00149607,122,8,8.32848,484,484,0,0.00139574,0.00249477,0,0,0.0682663,0.442623,1,1,8,0,0,0,0.557377,0.393443,0.0491803,122,35712,108
1,cage,88,isSafe,1,1,0.423684,105720,615,30.3745,17,1520,0,0.00302219,0.00249477,0,0,0,0,6005,610,0.102415,0,0,0,0,0,0,0,0,0
1,cage,88,qpFixed,1,1,0.340541,35683,150,28.1389,2485,2485,0,0.000117838,0.00249477,0,0,0.00805313,0,149,91,1.00671,0,0,0,1,0,0,35683,9588009,32313
1,cage,88,qpPlain,1,1,0.366315,35683,150,28.1389,2485,2485,0,0.000117838,0.00249477,0,0,0.00805313,0,149,91,1.00671,0,0,0,1,0,0,35683,12239269,35683
1,cage,88,qpAdaptive,1,1,0.276361,26277,150,28.1642,2139,2139,0,0.000117859,0.00249477,0,0,0.0109511,0.21456,149,91,1.00671,0,0,0,0.78426,0.212277,0.0034631,26277,7059510,25826
1,cage,88,qpFreeGate,1,1,9.21535,1070309,1556,18.7729,2166,2166,0,0.00155416,0.00249477,0,0,0.00239015,0,9493,1510,0.16391,0,0,0,1,0,0,0,0,0
1,cage,88,qpEnvelope,1,1,0.221933,20850,149,28.2336,1764,1764,0,0.00010576,0.00249477,0,0,0.0138483,0.142734,149,91,1,0,0,0,0.856307,0.137842,0.00585132,20850,5557823,20676
1,cage,95,isSafe,1,1,0.726003,132823,806,11.8648,8,595,0,0.00684587,0.00249477,0,0,0,0,6619,802,0.121771,0,0,0,0,0,0,0,0,0
1,cage,95,qpFixed,1,1,0.474434,32670,148,25.2613,1979,1979,33,-0.00152964,0.00249477,0,0,0.00839282,0,131,92,1.12977,0,0,0,1,0,0,32670,8860511,29182
1,cage,95,qpPlain,1,1,0.348691,32670,148,25.2613,1979,1979,33,-0.00152964,0.00249477,0,0,0.00839282,0,131,92,1.12977,0,0,0,1,0,0,32670,11205810,32670
1,cage,95,qpAdaptive,1,1,0.411437,22481,144,25.2724,1641,1641,33,-0.00155043,0.00249477,0,0,0.012244,0.269072,131,90,1.09924,0,0,0,0.729359,0.266237,0.00440391,22481,6152534,21617
1,cage,95,qpFreeGate,1,1,2.19605,234129,437,28.4414,3240,3240,0,0.000992709,0.00249477,0,0,0.00328673,0,1979,419,0.220819,0,0,0,1,0,0,0,0,0
1,cage,95,qpEnvelope,1,1,0.302189,17561,142,25.3057,1484,1484,34,-0.0016147,0.00249477,0,0,0.0156394,0.148055,131,89,1.08397,0,0,0,0.851261,0.142076,0.00666249,17561,4731593,17098
1,bookshelf_tall,6,isSafe,1,0,10,967669,8701,0,0,0,0,inf,inf,0,0,0,0,76460,8699,0.113798,0,0,0,0,0,0,0,0,0
1,bookshelf_tall,6,qpFixed,1,0,10.0015,660258,1426,0,0,0,0,inf,inf,0,0,0.00598094,0,2854,1328,0.49965,0,0,0,1,0,0,660258,198541000,625362
1,bookshelf_tall,6,qpPlain,1,0,10.0029,753975,1596,0,0,0,0,inf,inf,0,0,0.00590551,0,3307,1495,0.482613,0,0,0,1,0,0,753975,258613425,753975
1,bookshelf_tall,6,qpAdaptive,1,0,10.0522,665283,1567,0,0,0,0,inf,inf,0,0,0.00655167,0.0517464,3219,1467,0.486797,0,0,0,0.948001,0.051013,0.000986048,665283,201096034,657908
1,bookshelf_tall,6,qpFreeGate,1,0,10.0019,877272,1534,0,0,0,0,inf,inf,0,0,0.00270325,0,8006,1532,0.191606,0,0,0,1,0,0,0,0,0
1,bookshelf_tall,6,qpEnvelope,1,0,10.001,633445,1558,0,0,0,0,inf,inf,0,0,0.00687955,0.00723978,3217,1461,0.484302,0,0,0,0.992722,0.00622311,0.00105455,633445,191100412,631147
1,bookshelf_tall,13,isSafe,1,0,10.0027,2,1,0,0,0,0,inf,inf,0,0,0,0,0,0,0,0,0,0,0,0,0,0,0,0
1,bookshelf_tall,13,qpFixed,1,0,10.0022,761984,3473,0,0,0,0,inf,inf,0,0,0.00808501,0,12249,3471,0.283533,0,0,0,1,0,0,761984,225236723,662479
1,bookshelf_tall,13,qpPlain,1,0,10.0002,747091,3409,0,0,0,0,inf,inf,0,0,0.00809813,0,12001,3407,0.28406,0,0,0,1,0,0,747091,256252213,747091
1,bookshelf_tall,13,qpAdaptive,1,0,10.0005,720662,4087,0,0,0,0,inf,inf,0,0,0.0100067,0.107403,14717,4085,0.277706,0,0,0,0.890113,0.106591,0.00329659,720662,215030135,698885
1,bookshelf_tall,13,qpFreeGate,1,0,10.0009,876676,2752,0,0,0,0,inf,inf,0,0,0.00396288,0,17501,2750,0.157248,0,0,0,1,0,0,0,0,0
1,bookshelf_tall,13,qpEnvelope,1,0,10.0005,705284,4432,0,0,0,0,inf,inf,0,0,0.0110816,0.0228929,16135,4430,0.274682,0,0,0,0.976505,0.0195443,0.00395072,705284,210508691,697900
1,bookshelf_tall,21,isSafe,1,0,10.0052,2,1,0,0,0,0,inf,inf,0,0,0,0,0,0,0,0,0,0,0,0,0,0,0,0
1,bookshelf_tall,21,qpFixed,1,0,10.0003,512337,2391,0,0,0,0,inf,inf,0,0,0.00851792,0,8083,2389,0.295806,0,0,0,1,0,0,512337,151199843,436733
1,bookshelf_tall,21,qpPlain,1,0,10.001,754400,3392,0,0,0,0,inf,inf,0,0,0.00814386,0,12109,3390,0.280122,0,0,0,1,0,0,754400,258759200,754400
1,bookshelf_tall,21,qpAdaptive,1,0,10.0016,720856,4018,0,0,0,0,inf,inf,0,0,0.0100886,0.105941,14713,4016,0.273092,0,0,0,0.891611,0.105055,0.00333341,720856,214955476,697557
1,bookshelf_tall,21,qpFreeGate,1,0,10.0002,872819,2923,0,0,0,0,inf,inf,0,0,0.00409363,0,18385,2921,0.158988,0,0,0,1,0,0,0,0,0
1,bookshelf_tall,21,qpEnvelope,1,0,10.0006,590166,3671,0,0,0,0,inf,inf,0,0,0.0113875,0.0199435,13309,3669,0.275828,0,0,0,0.979531,0.0166063,0.00386313,590166,175393601,583255
1,bookshelf_tall,29,isSafe,1,1,0.0200073,2680,15,10.9601,7,550,0,0.00536666,0.00249477,0,0,0,0,72,12,0.208333,0,0,0,0,0,0,0,0,0
1,bookshelf_tall,29,qpFixed,1,1,0.0235892,1851,18,16.0443,1294,1294,0,0.00536666,0.00249477,0,0,0.0106844,0,6,6,3,0,0,0,1,0,0,1851,461565,1537
1,bookshelf_tall,29,qpPlain,1,1,0.0252119,1851,18,16.0443,1294,1294,0,0.00536666,0.00249477,0,0,0.0106844,0,6,6,3,0,0,0,1,0,0,1851,634893,1851
1,bookshelf_tall,29,qpAdaptive,1,1,0.0108633,798,18,16.0552,1059,1059,0,0.00536666,0.00249477,0,0,0.0248201,0.704261,6,6,3,0,0,0,0.284461,0.695489,0.0200501,798,205111,752
1,bookshelf_tall,29,qpFreeGate,1,1,0.0926492,8099,24,12.3413,1076,1076,0,0.00536666,0.00249477,0,0,0.0036951,0,72,17,0.333333,0,0,0,1,0,0,0,0,0
1,bookshelf_tall,29,qpEnvelope,1,1,0.00417976,245,17,16.073,878,878,0,0.00536666,0.00249477,0,0,0.0811405,0.714286,6,6,2.83333,0,0,0,0.269388,0.661224,0.0693878,245,66953,229
1,bookshelf_tall,36,isSafe,1,1,0.0432563,5823,30,15.7279,9,788,0,0.00529606,0.00249477,0,0,0,0,170,27,0.176471,0,0,0,0,0,0,0,0,0
1,bookshelf_tall,36,qpFixed,1,1,0.0697722,5165,30,15.6781,1330,1330,0,0.00403216,0.00249477,0,0,0.00910331,0,14,12,2.14286,0,0,0,1,0,0,5165,1431717,4808
1,bookshelf_tall,36,qpPlain,1,1,0.0730552,5165,30,15.6781,1330,1330,0,0.00403216,0.00249477,0,0,0.00910331,0,14,12,2.14286,0,0,0,1,0,0,5165,1771595,5165
1,bookshelf_tall,36,qpAdaptive,1,1,0.0528747,3651,30,15.6875,1053,1053,0,0.00410684,0.00249477,0,0,0.0129182,0.316352,14,12,2.14286,0,0,0,0.680909,0.313613,0.00547795,3651,1031663,3568
1,bookshelf_tall,36,qpFreeGate,1,1,0.0580537,5161,20,14.36,1571,1571,0,0.00285924,0.00249477,0,0,0.00544984,0,26,13,0.769231,0,0,0,1,0,0,0,0,0
1,bookshelf_tall,36,qpEnvelope,1,1,0.0369882,2411,29,14.9785,876,876,0,0.0042332,0.00249477,0,0,0.0196172,0.178764,15,12,1.93333,0,0,0,0.819992,0.170469,0.00953961,2411,703753,2379
1,bookshelf_tall,43,isSafe,1,0,10.0004,757489,6473,0,0,0,0,inf,inf,0,0,0,0,57477,6471,0.112619,0,0,0,0,0,0,0,0,0
1,bookshelf_tall,43,qpFixed,1,0,10.0012,701163,1466,0,0,0,0,inf,inf,0,0,0.00589703,0,3042,1352,0.48192,0,0,0,1,0,0,701163,208788229,665958
1,bookshelf_tall,43,qpPlain,1,0,10.0003,503855,1087,0,0,0,0,inf,inf,0,0,0.00603679,0,2136,980,0.508895,0,0,0,1,0,0,503855,172822265,503855
1,bookshelf_tall,43,qpAdaptive,1,0,10.0009,672541,1528,0,0,0,0,inf,inf,0,0,0.00640445,0.0482231,3201,1411,0.477351,0,0,0,0.951549,0.0475555,0.000895114,672541,200968123,665082
1,bookshelf_tall,43,qpFreeGate,1,0,10.001,719801,1268,0,0,0,0,inf,inf,0,0,0.00278349,0,6844,1265,0.185272,0,0,0,1,0,0,0,0,0
1,bookshelf_tall,43,qpEnvelope,1,0,10.0039,500962,1225,0,0,0,0,inf,inf,0,0,0.00686944,0.00712829,2453,1111,0.499389,0,0,0,0.992826,0.00622204,0.00095217,500962,149394671,499260
1,bookshelf_tall,50,isSafe,1,0,10.0022,2,1,0,0,0,0,inf,inf,0,0,0,0,0,0,0,0,0,0,0,0,0,0,0,0
1,bookshelf_tall,50,qpFixed,1,0,10.001,753734,3253,0,0,0,0,inf,inf,0,0,0.00793096,0,11933,3251,0.272605,0,0,0,1,0,0,753734,224228527,661197
1,bookshelf_tall,50,qpPlain,1,0,10.0026,582462,2528,0,0,0,0,inf,inf,0,0,0.00810158,0,9083,2526,0.278322,0,0,0,1,0,0,582462,199784466,582462
1,bookshelf_tall,50,qpAdaptive,1,0,10.0008,658194,3587,0,0,0,0,inf,inf,0,0,0.0100283,0.11779,13387,3585,0.267947,0,0,0,0.879552,0.117162,0.00328593,658194,197521338,639518
1,bookshelf_tall,50,qpFreeGate,1,0,10.0008,771122,2332,0,0,0,0,inf,inf,0,0,0.00390616,0,15445,2330,0.150987,0,0,0,1,0,0,0,0,0
1,bookshelf_tall,50,qpEnvelope,1,0,10.0002,707171,4228,0,0,0,0,inf,inf,0,0,0.0108923,0.0241257,15961,4226,0.264896,0,0,0,0.975259,0.0209436,0.00379733,707171,211829927,700618
1,bookshelf_tall,57,isSafe,1,1,0.406592,54806,296,16.7345,10,838,0,0.00487085,0.00249477,0,0,0,0,2540,293,0.116535,0,0,0,0,0,0,0,0,0
1,bookshelf_tall,57,qpFixed,1,1,0.0273834,2091,31,12.7458,1210,1210,0,0.000607245,0.00249477,0,0,0.00964218,0,5,5,6.2,0,0,0,1,0,0,2091,628061,1674
1,bookshelf_tall,57,qpPlain,1,1,0.0275299,2091,31,12.7458,1210,1210,0,0.000607245,0.00249477,0,0,0.00964218,0,5,5,6.2,0,0,0,1,0,0,2091,717213,2091
1,bookshelf_tall,57,qpAdaptive,1,1,0.0184948,1316,31,16.4976,1130,1130,0,0.00119824,0.00249477,0,0,0.0189902,0.573708,7,6,4.42857,0,0,0,0.417173,0.558511,0.0243161,1316,402824,1239
1,bookshelf_tall,57,qpFreeGate,1,1,0.559205,49970,99,12.4292,1453,1453,0,0.000664572,0.00249477,0,0,0.00338714,0,486,94,0.203704,0,0,0,1,0,0,0,0,0
1,bookshelf_tall,57,qpEnvelope,1,1,0.00860925,575,27,13.0873,790,790,0,0.000583348,0.00249477,0,0,0.035097,0.33913,5,5,5.4,0,0,0,0.653913,0.29913,0.0469565,575,176156,554
1,bookshelf_tall,64,isSafe,1,1,0.0611156,8260,39,13.1228,8,658,0,0.00183406,0.00249477,0,0,0,0,183,35,0.213115,0,0,0,0,0,0,0,0,0
1,bookshelf_tall,64,qpFixed,1,1,0.00439255,361,5,5.21594,362,362,0,0.00256155,0.00249477,0,0,0.0144486,0,1,1,5,0,0,0,1,0,0,361,100274,177
1,bookshelf_tall,64,qpPlain,1,1,0.00461289,361,5,5.21594,362,362,0,0.00256155,0.00249477,0,0,0.0144486,0,1,1,5,0,0,0,1,0,0,361,123823,361
1,bookshelf_tall,64,qpAdaptive,1,1,0.00211166,154,5,5.21416,332,332,0,0.00256155,0.00249477,0,0,0.0338582,0.448052,1,1,5,0,0,0,0.551948,0.428571,0.0194805,154,45953,137
1,bookshelf_tall,64,qpFreeGate,1,1,0.231009,20533,66,15.9889,1226,1226,0,0.00248587,0.00249477,0,0,0.00565301,0,204,62,0.323529,0,0,0,1,0,0,0,0,0
1,bookshelf_tall,64,qpEnvelope,1,1,0.00127655,79,6,5.23386,298,298,0,0.00256155,0.00249477,0,0,0.0662514,0.531646,1,1,6,0,0,0,0.443038,0.506329,0.0506329,79,23524,71
1,bookshelf_tall,72,isSafe,1,1,0.00685868,879,7,8.67745,6,435,0,0.00113965,0.00249477,0,0,0,0,2,2,3.5,0,0,0,0,0,0,0,0,0
1,bookshelf_tall,72,qpFixed,1,1,0.0117564,952,8,8.67688,678,678,0,0.00581074,0.00249477,0,0,0.0110313,0,2,2,4,0,0,0,1,0,0,952,253121,332
1,bookshelf_tall,72,qpPlain,1,1,0.0126018,952,8,8.67688,678,678,0,0.00581074,0.00249477,0,0,0.0110313,0,2,2,4,0,0,0,1,0,0,952,326536,952
1,bookshelf_tall,72,qpAdaptive,1,1,0.00359083,252,8,8.67638,461,461,0,0.00581074,0.00249477,0,0,0.0416648,0.599206,2,2,4,0,0,0,0.400794,0.575397,0.0238095,252,69370,211
1,bookshelf_tall,72,qpFreeGate,1,1,0.00724149,625,6,6.6247,598,598,0,0.00103436,0.00249477,0,0,0.010608,0,2,2,3,0,0,0,1,0,0,0,0,0
1,bookshelf_tall,72,qpEnvelope,1,1,0.00213658,131,8,8.67656,450,450,0,0.0059399,0.00249477,0,0,0.0801992,0.389313,2,2,4,0,0,0,0.610687,0.343511,0.0458015,131,36114,111
1,bookshelf_tall,79,isSafe,1,1,0.0324314,4381,24,16.337,10,818,0,0.00246609,0.00249477,0,0,0,0,115,20,0.208696,0,0,0,0,0,0,0,0,0
1,bookshelf_tall,79,qpFixed,1,1,0.0855424,6142,34,14.2656,1214,1214,0,0.000482612,0.00249477,0,0,0.00817939,0,20,16,1.7,0,0,0,1,0,0,6142,1787928,5825
1,bookshelf_tall,79,qpPlain,1,1,0.0867873,6142,34,14.2656,1214,1214,0,0.000482612,0.00249477,0,0,0.00817939,0,20,16,1.7,0,0,0,1,0,0,6142,2106706,6142
1,bookshelf_tall,79,qpAdaptive,1,1,0.0716374,4884,36,14.2888,977,977,0,0.000435196,0.00249477,0,0,0.0106705,0.272523,20,16,1.8,0,0,0,0.72543,0.270066,0.0045045,4884,1436266,4814
1,bookshelf_tall,79,qpFreeGate,1,1,0.435777,38561,80,23.4202,2510,2510,0,0.00231323,0.00249477,0,0,0.00365934,0,286,72,0.27972,0,0,0,1,0,0,0,0,0
1,bookshelf_tall,79,qpEnvelope,1,1,0.049899,3144,36,14.4327,891,891,0,0.000204775,0.00249477,0,0,0.0167092,0.160941,20,16,1.8,0,0,0,0.837468,0.153626,0.00890585,3144,923194,3129
1,bookshelf_tall,86,isSafe,1,1,0.0161067,2177,13,6.9434,5,349,0,0.00362821,0.00249477,0,0,0,0,44,9,0.295455,0,0,0,0,0,0,0,0,0
1,bookshelf_tall,86,qpFixed,1,1,0.0374529,2849,20,10.4352,819,819,0,0.00249915,0.00249477,0,0,0.010799,0,9,8,2.22222,0,0,0,1,0,0,2849,773400,2331
1,bookshelf_tall,86,qpPlain,1,1,0.0390216,2849,20,10.4352,819,819,0,0.00249915,0.00249477,0,0,0.010799,0,9,8,2.22222,0,0,0,1,0,0,2849,977207,2849
1,bookshelf_tall,86,qpAdaptive,1,1,0.0258975,1826,21,10.4305,695,695,0,0.00247197,0.00249477,0,0,0.0168712,0.326396,9,8,2.33333,0,0,0,0.670865,0.321468,0.00766703,1826,506564,1724
1,bookshelf_tall,86,qpFreeGate,1,1,0.0499333,4428,22,12.4507,1285,1285,0,0.00328178,0.00249477,0,0,0.00497047,0,29,12,0.758621,0,0,0,1,0,0,0,0,0
1,bookshelf_tall,86,qpEnvelope,1,1,0.0151634,994,22,10.5934,602,602,0,0.00128353,0.00249477,0,0,0.0310624,0.191147,9,8,2.44444,0,0,0,0.806841,0.17505,0.0181087,994,273043,972
1,bookshelf_tall,94,isSafe,1,0,10.0005,1227387,11594,0,0,0,0,inf,inf,0,0,0,0,106939,11592,0.108417,0,0,0,0,0,0,0,0,0
1,bookshelf_tall,94,qpFixed,1,0,10.0001,637477,1362,0,0,0,0,inf,inf,0,0,0.00591471,0,2757,1242,0.494015,0,0,0,1,0,0,637477,190920499,607344
1,bookshelf_tall,94,qpPlain,1,0,10.006,717623,1512,0,0,0,0,inf,inf,0,0,0.00583556,0,3135,1391,0.482297,0,0,0,1,0,0,717623,246144689,717623
1,bookshelf_tall,94,qpAdaptive,1,0,10.0023,490948,1209,0,0,0,0,inf,inf,0,0,0.00667878,0.0574541,2313,1094,0.522698,0,0,0,0.942279,0.0567474,0.000973627,490948,147384743,485274
1,bookshelf_tall,94,qpFreeGate,1,0,10.0001,876426,1462,0,0,0,0,inf,inf,0,0,0.00264118,0,7945,1458,0.184015,0,0,0,1,0,0,0,0,0
1,bookshelf_tall,94,qpEnvelope,1,0,10.001,652656,1572,0,0,0,0,inf,inf,0,0,0.00674561,0.00857266,3340,1451,0.470659,0,0,0,0.991357,0.00759818,0.00104496,652656,196177638,650213
1,bookshelf_thin,2,isSafe,1,1,0.0496306,5114,28,16.2212,10,813,0,0.00729709,0.00249477,0,0,0,0,99,23,0.282828,0,0,0,0,0,0,0,0,0
1,bookshelf_thin,2,qpFixed,1,1,0.0268338,1696,16,11.2106,1001,1001,0,5.22848e-05,0.00249477,0,0,0.0103841,0,4,4,4,0,0,0,1,0,0,1696,459831,1480
1,bookshelf_thin,2,qpPlain,1,1,0.0277992,1696,16,11.2106,1001,1001,0,5.22848e-05,0.00249477,0,0,0.0103841,0,4,4,4,0,0,0,1,0,0,1696,581728,1696
1,bookshelf_thin,2,qpAdaptive,1,1,0.0179736,1052,16,11.2258,851,851,0,5.22848e-05,0.00249477,0,0,0.0167686,0.228137,4,4,4,0,0,0,0.769011,0.222433,0.00855513,1052,292821,1039
1,bookshelf_thin,2,qpFreeGate,1,1,0.156442,11565,34,13.3426,1188,1188,0,0.00729709,0.00249477,0,0,0.00490801,0,76,27,0.447368,0,0,0,1,0,0,0,0,0
1,bookshelf_thin,2,qpEnvelope,1,1,0.0133667,756,17,11.2592,796,796,0,5.07293e-05,0.00249477,0,0,0.0234152,0.119048,4,4,4.25,0,0,0,0.87963,0.10582,0.0145503,756,211375,752
1,bookshelf_thin,9,isSafe,1,1,0.017123,1765,10,11.2821,7,566,0,0.00627968,0.00249477,0,0,0,0,39,6,0.25641,0,0,0,0,0,0,0,0,0
1,bookshelf_thin,9,qpFixed,1,1,0.00516892,370,12,6.01707,371,371,0,0.00627968,0.00249477,0,0,0.0162624,0,1,1,12,0,0,0,1,0,0,370,89201,208
1,bookshelf_thin,9,qpPlain,1,1,0.00549702,370,12,6.01707,371,371,0,0.00627968,0.00249477,0,0,0.0162624,0,1,1,12,0,0,0,1,0,0,370,126910,370
1,bookshelf_thin,9,qpAdaptive,1,1,0.00128682,85,12,6.02366,344,344,0,0.00627968,0.00249477,0,0,0.0708666,0.705882,1,1,12,0,0,0,0.247059,0.635294,0.117647,85,21524,60
1,bookshelf_thin,9,qpFreeGate,1,1,0.0804037,6032,16,7.82557,698,698,0,0.00627968,0.00249477,0,0,0.00398881,0,38,12,0.421053,0,0,0,1,0,0,0,0,0
1,bookshelf_thin,9,qpEnvelope,1,1,0.000801164,46,14,6.07231,326,326,0,0.00627968,0.00249477,0,0,0.132007,0.565217,1,1,14,0,0,0,0.369565,0.369565,0.26087,46,11571,37
1,bookshelf_thin,16,isSafe,1,1,0.0360442,3594,20,18.9694,11,950,0,0.00354287,0.00249477,0,0,0,0,79,16,0.253165,0,0,0,0,0,0,0,0,0
1,bookshelf_thin,16,qpFixed,1,1,0.0337573,2161,14,12.5809,1301,1301,6,-0.000592737,0.00249477,0,0,0.008396,0,6,5,2.33333,0,0,0,1,0,0,2161,565399,1783
1,bookshelf_thin,16,qpPlain,1,1,0.0354438,2161,14,12.5809,1301,1301,6,-0.000592737,0.00249477,0,0,0.008396,0,6,5,2.33333,0,0,0,1,0,0,2161,741223,2161
1,bookshelf_thin,16,qpAdaptive,1,1,0.0231428,1395,14,12.6099,1030,1030,7,-0.00173756,0.00249477,0,0,0.0130537,0.275986,6,5,2.33333,0,0,0,0.72043,0.272401,0.00716846,1395,373282,1319
1,bookshelf_thin,16,qpFreeGate,1,1,0.13431,9723,29,19.8005,1591,1591,0,0.00354287,0.00249477,0,0,0.00485724,0,79,25,0.367089,0,0,0,1,0,0,0,0,0
1,bookshelf_thin,16,qpEnvelope,1,1,0.0227383,1293,25,19.9194,1209,1209,7,-0.000851345,0.00249477,0,0,0.0283399,0.429234,12,11,2.08333,0,0,0,0.569992,0.412993,0.0170147,1293,331867,1247
1,bookshelf_thin,23,isSafe,1,1,0.0604996,6237,31,19.6598,11,984,0,0.000427625,0.00249477,0,0,0,0,146,27,0.212329,0,0,0,0,0,0,0,0,0
1,bookshelf_thin,23,qpFixed,1,1,0.0735497,4766,31,18.2871,1505,1505,0,0.000365762,0.00249477,0,0,0.0096854,0,15,12,2.06667,0,0,0,1,0,0,4766,1297496,4063
1,bookshelf_thin,23,qpPlain,1,1,0.0763018,4766,31,18.2871,1505,1505,0,0.000365762,0.00249477,0,0,0.0096854,0,15,12,2.06667,0,0,0,1,0,0,4766,1634738,4766
1,bookshelf_thin,23,qpAdaptive,1,1,0.0494866,3060,33,12.3105,799,799,0,0.000452418,0.00249477,0,0,0.0161839,0.330392,16,13,2.0625,0,0,0,0.668301,0.323856,0.00784314,3060,832478,2872
1,bookshelf_thin,23,qpFreeGate,1,1,0.250108,18532,48,27.8833,2605,2605,0,0.00204624,0.00249477,0,0,0.00441921,0,130,39,0.369231,0,0,0,1,0,0,0,0,0
1,bookshelf_thin,23,qpEnvelope,1,1,0.0351246,2086,32,12.2979,720,720,0,0.000452305,0.00249477,0,0,0.0237734,0.138543,16,13,2,0,0,0,0.860978,0.127517,0.0115053,2086,567428,2055
1,bookshelf_thin,30,isSafe,1,1,0.10681,11022,55,16.534,10,828,0,0.00458157,0.00249477,0,0,0,0,303,51,0.181518,0,0,0,0,0,0,0,0,0
1,bookshelf_thin,30,qpFixed,1,1,0.116198,7569,45,15.1008,1324,1324,15,-0.00933915,0.00249477,0,0,0.00868067,0,31,21,1.45161,0,0,0,1,0,0,7569,1809476,6639
1,bookshelf_thin,30,qpPlain,1,1,0.125931,7569,45,15.1008,1324,1324,15,-0.00933915,0.00249477,0,0,0.00868067,0,31,21,1.45161,0,0,0,1,0,0,7569,2596167,7569
1,bookshelf_thin,30,qpAdaptive,1,1,0.0681619,4157,41,14.2781,1102,1102,4,-0.00074542,0.00249477,0,0,0.0122823,0.176089,20,17,2.05,0,0,0,0.822228,0.170796,0.00697618,4157,985825,4110
1,bookshelf_thin,30,qpFreeGate,1,1,0.733205,54217,102,19.4619,1545,1545,0,0.00673135,0.00249477,0,0,0.00360979,0,444,99,0.22973,0,0,0,1,0,0,0,0,0
1,bookshelf_thin,30,qpEnvelope,1,1,0.0508905,3010,38,14.326,906,906,6,-0.000603501,0.00249477,0,0,0.0161985,0.112292,20,16,1.9,0,0,0,0.886711,0.103322,0.00996678,3010,701112,2991
1,bookshelf_thin,37,isSafe,1,0,10.01,2,1,0,0,0,0,inf,inf,0,0,0,0,0,0,0,0,0,0,0,0,0,0,0,0
1,bookshelf_thin,37,qpFixed,1,0,10.0014,648003,1434,0,0,0,0,inf,inf,0,0,0.0060752,0,2871,1312,0.499478,0,0,0,1,0,0,648003,191883040,608239
1,bookshelf_thin,37,qpPlain,1,0,10.0015,486146,1123,0,0,0,0,inf,inf,0,0,0.00621423,0,2088,1004,0.537835,0,0,0,1,0,0,486146,166748078,486146
1,bookshelf_thin,37,qpAdaptive,1,0,10.0006,367547,967,0,0,0,0,inf,inf,0,0,0.00696048,0.0527334,1714,848,0.564177,0,0,0,0.946997,0.0520919,0.000911458,367547,109112449,363246
1,bookshelf_thin,37,qpFreeGate,1,0,10.0012,559372,1895,0,0,0,0,inf,inf,0,0,0.0044932,0,11095,1893,0.170798,0,0,0,1,0,0,0,0,0
1,bookshelf_thin,37,qpEnvelope,1,0,10.0024,476370,1240,0,0,0,0,inf,inf,0,0,0.00709962,0.00479669,2376,1122,0.521886,0,0,0,0.995166,0.00388144,0.000953043,476370,141512842,474456
1,bookshelf_thin,44,isSafe,1,0,10.0048,2,1,0,0,0,0,inf,inf,0,0,0,0,0,0,0,0,0,0,0,0,0,0,0,0
1,bookshelf_thin,44,qpFixed,1,0,10.0096,439714,995,0,0,0,0,inf,inf,0,0,0.00617758,0,1873,892,0.531233,0,0,0,1,0,0,439714,130618062,417349
1,bookshelf_thin,44,qpPlain,1,0,10.0009,337669,798,0,0,0,0,inf,inf,0,0,0.00634595,0,1403,701,0.568781,0,0,0,1,0,0,337669,115820467,337669
1,bookshelf_thin,44,qpAdaptive,1,0,10.0028,250100,669,0,0,0,0,inf,inf,0,0,0.00710177,0.0538864,1126,580,0.594139,0,0,0,0.945817,0.0532869,0.000895645,250100,74551594,246969
1,bookshelf_thin,44,qpFreeGate,1,0,10.0014,663116,2177,0,0,0,0,inf,inf,0,0,0.00424026,0,13137,2175,0.165715,0,0,0,1,0,0,0,0,0
1,bookshelf_thin,44,qpEnvelope,1,0,10.0012,616407,1502,0,0,0,0,inf,inf,0,0,0.00684498,0.00607553,3153,1395,0.476372,0,0,0,0.99389,0.00511191,0.000997722,616407,184173954,614079
1,bookshelf_thin,51,isSafe,1,1,0.0251034,1334,9,10.9277,7,548,0,0.00027393,0.00249477,0,0,0,0,28,5,0.321429,0,0,0,0,0,0,0,0,0
1,bookshelf_thin,51,qpFixed,1,1,0.0219725,663,10,8.50144,664,664,0,0.00106747,0.00249477,0,0,0.0128227,0,1,1,10,0,0,0,1,0,0,663,170804,623
1,bookshelf_thin,51,qpPlain,1,1,0.0192945,663,10,8.50144,664,664,0,0.00106747,0.00249477,0,0,0.0128227,0,1,1,10,0,0,0,1,0,0,663,227409,663
1,bookshelf_thin,51,qpAdaptive,1,1,0.0113234,341,11,8.51738,581,581,0,0.00106641,0.00249477,0,0,0.0249776,0.457478,1,1,11,0,0,0,0.530792,0.442815,0.026393,341,87463,331
1,bookshelf_thin,51,qpFreeGate,1,1,0.152332,5490,19,14.0632,1480,1480,0,0.000836603,0.00249477,0,0,0.00484334,0,37,12,0.513514,0,0,0,1,0,0,0,0,0
1,bookshelf_thin,51,qpEnvelope,1,1,0.0187343,549,18,14.1521,822,822,5,-0.000538977,0.00249477,0,0,0.0450644,0.371585,5,5,3.6,0,0,0,0.621129,0.35337,0.0255009,549,154585,545
1,bookshelf_thin,58,isSafe,1,1,0.156104,7912,41,10.2324,7,513,0,0.00374234,0.00249477,0,0,0,0,252,37,0.162698,0,0,0,0,0,0,0,0,0
1,bookshelf_thin,58,qpFixed,1,1,0.0162038,542,9,5.76029,543,543,0,0.00447724,0.00249477,0,0,0.0106278,0,1,1,9,0,0,0,1,0,0,542,143126,537
1,bookshelf_thin,58,qpPlain,1,1,0.0174108,542,9,5.76029,543,543,0,0.00447724,0.00249477,0,0,0.0106278,0,1,1,9,0,0,0,1,0,0,542,185906,542
1,bookshelf_thin,58,qpAdaptive,1,1,0.0136432,493,18,13.2302,828,828,0,0.00456443,0.00249477,0,0,0.0344822,0.807302,4,4,4.5,0,0,0,0.180527,0.780933,0.0385396,493,131292,434
1,bookshelf_thin,58,qpFreeGate,1,1,0.441236,16133,42,11.0167,1155,1155,0,0.00273059,0.00249477,0,0,0.0038913,0,129,35,0.325581,0,0,0,1,0,0,0,0,0
1,bookshelf_thin,58,qpEnvelope,1,1,0.00643691,187,18,13.2576,742,742,0,0.00510546,0.00249477,0,0,0.090985,0.97861,4,4,4.5,0,0,0,0,0.898396,0.101604,187,52310,172
1,bookshelf_thin,65,isSafe,1,0,10.0037,2,1,0,0,0,0,inf,inf,0,0,0,0,0,0,0,0,0,0,0,0,0,0,0,0
1,bookshelf_thin,65,qpFixed,1,1,0.0380231,1352,15,10.2464,948,948,67,-0.00298456,0.00249477,0,0,0.010491,0,3,2,5,0,0,0,1,0,0,1352,344194,898
1,bookshelf_thin,65,qpPlain,1,1,0.0421805,1352,15,10.2464,948,948,67,-0.00298456,0.00249477,0,0,0.010491,0,3,2,5,0,0,0,1,0,0,1352,463736,1352
1,bookshelf_thin,65,qpAdaptive,1,1,0.0242125,737,15,10.31,738,738,29,-0.00147766,0.00249477,0,0,0.0193288,0.227951,3,2,5,0,0,0,0.767978,0.215739,0.0162822,737,202664,686
1,bookshelf_thin,65,qpFreeGate,1,0,10.0005,563910,1846,0,0,0,0,inf,inf,0,0,0.00435965,0,11131,1844,0.165843,0,0,0,1,0,0,0,0,0
1,bookshelf_thin,65,qpEnvelope,1,1,0.0224523,619,15,10.3392,689,689,79,-0.00453682,0.00249477,0,0,0.023062,0.108239,3,2,5,0,0,0,0.886914,0.0936995,0.0193861,619,171373,594
1,bookshelf_thin,72,isSafe,1,1,0.0627823,6478,32,17.519,10,877,0,0.00397123,0.00249477,0,0,0,0,136,29,0.235294,0,0,0,0,0,0,0,0,0
1,bookshelf_thin,72,qpFixed,1,1,0.00606394,438,6,5.32453,439,439,0,0.0013295,0.00249477,0,0,0.0121564,0,1,1,6,0,0,0,1,0,0,438,96788,207
1,bookshelf_thin,72,qpPlain,1,1,0.00670131,438,6,5.32453,439,439,0,0.0013295,0.00249477,0,0,0.0121564,0,1,1,6,0,0,0,1,0,0,438,150234,438
1,bookshelf_thin,72,qpAdaptive,1,1,0.00330795,214,6,5.32717,356,356,0,0.0013295,0.00249477,0,0,0.0248933,0.168224,1,1,6,0,0,0,0.831776,0.154206,0.0140187,214,48331,198
1,bookshelf_thin,72,qpFreeGate,1,1,0.193391,14409,43,7.17982,538,538,0,0.00427816,0.00249477,0,0,0.00523186,0,136,40,0.316176,0,0,0,1,0,0,0,0,0
1,bookshelf_thin,72,qpEnvelope,1,1,0.00282325,172,6,5.34782,335,335,0,0.0013295,0.00249477,0,0,0.031092,0.0930233,1,1,6,0,0,0,0.906977,0.0755814,0.0174419,172,38808,164
1,bookshelf_thin,80,isSafe,1,1,0.458947,44109,201,20.3465,12,1019,0,0.00684764,0.00249477,0,0,0,0,1559,197,0.128929,0,0,0,0,0,0,0,0,0
1,bookshelf_thin,80,qpFixed,1,1,0.0176637,594,7,8.04037,595,595,0,0.00120736,0.00249477,0,0,0.013536,0,1,1,7,0,0,0,1,0,0,594,159279,257
1,bookshelf_thin,80,qpPlain,1,1,0.0181428,594,7,8.04037,595,595,0,0.00120736,0.00249477,0,0,0.013536,0,1,1,7,0,0,0,1,0,0,594,203742,594
1,bookshelf_thin,80,qpAdaptive,1,1,0.00735809,271,7,8.04283,530,530,0,0.00120557,0.00249477,0,0,0.0296783,0.236162,1,1,7,0,0,0,0.763838,0.225092,0.0110701,271,67914,243
1,bookshelf_thin,80,qpFreeGate,1,1,3.66624,171075,315,20.9781,1557,1557,0,0.00684764,0.00249477,0,0,0.0031999,0,1559,311,0.202053,0,0,0,1,0,0,0,0,0
1,bookshelf_thin,80,qpEnvelope,1,1,0.00564779,154,7,8.04774,480,480,0,0.00109347,0.00249477,0,0,0.0522581,0.220779,1,1,7,0,0,0,0.779221,0.194805,0.025974,154,38653,142
1,bookshelf_thin,87,isSafe,1,1,0.0507146,5233,27,16.1428,10,809,0,0.00597937,0.00249477,0,0,0,0,154,23,0.175325,0,0,0,0,0,0,0,0,0
1,bookshelf_thin,87,qpFixed,1,1,0.0347589,2308,20,16.6788,1199,1199,0,0.000763071,0.00249477,0,0,0.0119519,0,7,6,2.85714,0,0,0,1,0,0,2308,650621,1513
1,bookshelf_thin,87,qpPlain,1,1,0.0355775,2308,20,16.6788,1199,1199,0,0.000763071,0.00249477,0,0,0.0119519,0,7,6,2.85714,0,0,0,1,0,0,2308,791644,2308
1,bookshelf_thin,87,qpAdaptive,1,1,0.0194675,1187,20,16.6872,1012,1012,0,0.000763071,0.00249477,0,0,0.0232616,0.337826,7,6,2.85714,0,0,0,0.659646,0.326874,0.0134794,1187,342782,1075
1,bookshelf_thin,87,qpFreeGate,1,1,0.104036,7744,24,13.5861,1477,1477,0,0.00294023,0.00249477,0,0,0.00432789,0,56,17,0.428571,0,0,0,1,0,0,0,0,0
1,bookshelf_thin,87,qpEnvelope,1,1,0.0129243,734,19,16.749,929,929,0,0.000750535,0.00249477,0,0,0.037695,0.213896,7,6,2.71429,0,0,0,0.784741,0.192098,0.0231608,734,211333,699
1,bookshelf_thin,94,isSafe,1,0,10.0018,2,1,0,0,0,0,inf,inf,0,0,0,0,0,0,0,0,0,0,0,0,0,0,0,0
1,bookshelf_thin,94,qpFixed,1,0,10.0004,623550,2886,0,0,0,0,inf,inf,0,0,0.00839489,0,9871,2884,0.292372,0,0,0,1,0,0,623550,182870700,524995
1,bookshelf_thin,94,qpPlain,1,0,10.0005,474894,2233,0,0,0,0,inf,inf,0,0,0.00862796,0,7419,2231,0.300984,0,0,0,1,0,0,474894,162888642,474894
1,bookshelf_thin,94,qpAdaptive,1,0,10.0018,376277,2323,0,0,0,0,inf,inf,0,0,0.0112967,0.116909,7739,2321,0.300168,0,0,0,0.88039,0.116117,0.00349379,376277,111306210,361746
1,bookshelf_thin,94,qpFreeGate,1,0,10.0002,557053,1845,0,0,0,0,inf,inf,0,0,0.00443987,0,10927,1843,0.168848,0,0,0,1,0,0,0,0,0
1,bookshelf_thin,94,qpEnvelope,1,0,10.0035,524287,3456,0,0,0,0,inf,inf,0,0,0.0118748,0.0150433,12061,3454,0.286543,0,0,0,0.984561,0.0114549,0.00398407,524287,155019809,518262
1,table_under_pick,1,isSafe,1,0,2.0288e-05,1,0,0,0,0,0,inf,inf,0,0,0,0,0,0,0,0,0,0,0,0,0,0,0,0
1,table_under_pick,1,qpFixed,1,0,10,584984,2,0,0,0,0,inf,inf,0,0,0,0,584984,0,3.4189e-06,0,0,0,0,0,0,584984,162918044,584984
1,table_under_pick,1,qpPlain,1,0,10,637127,2,0,0,0,0,inf,inf,0,0,0,0,637127,0,3.13909e-06,0,0,0,0,0,0,637127,218534561,637127
1,table_under_pick,1,qpAdaptive,1,0,10,683376,2,0,0,0,0,inf,inf,0,0,0,0,683376,0,2.92665e-06,0,0,0,0,0,0,683376,190320216,683376
1,table_under_pick,1,qpFreeGate,1,0,10,1012485,2,0,0,0,0,inf,inf,0,0,0,0,1012485,0,1.97534e-06,0,0,0,0,0,0,0,0,0
1,table_under_pick,1,qpEnvelope,1,0,10,609772,2,0,0,0,0,inf,inf,0,0,0,0,609772,0,3.27991e-06,0,0,0,0,0,0,609772,169821502,609772
1,table_under_pick,8,isSafe,1,1,0.0115373,2084,12,13.9064,8,697,0,0.00452988,0.00249477,0,0,0,0,45,8,0.266667,0,0,0,0,0,0,0,0,0
1,table_under_pick,8,qpFixed,1,1,0.0889608,7817,53,17.3781,1540,1540,0,0.000485998,0.00249477,0,0,0.00990448,0,22,21,2.40909,0,0,0,1,0,0,7817,2191179,7241
1,table_under_pick,8,qpPlain,1,1,0.0916861,7817,53,17.3781,1540,1540,0,0.000485998,0.00249477,0,0,0.00990448,0,22,21,2.40909,0,0,0,1,0,0,7817,2681231,7817
1,table_under_pick,8,qpAdaptive,1,1,0.065463,5291,51,17.3685,1299,1299,0,0.000456728,0.00249477,0,0,0.0142583,0.287658,22,20,2.31818,0,0,0,0.710263,0.282744,0.00699301,5291,1520391,5132
1,table_under_pick,8,qpFreeGate,1,1,0.0807725,8605,23,13.4004,1585,1585,0,0.000948769,0.00249477,0,0,0.00349058,0,69,15,0.333333,0,0,0,1,0,0,0,0,0
1,table_under_pick,8,qpEnvelope,1,1,0.0443154,3412,50,17.3686,1128,1128,0,0.000271294,0.00249477,0,0,0.022236,0.240914,22,20,2.27273,0,0,0,0.758792,0.229484,0.0117233,3412,985221,3324
1,table_under_pick,15,isSafe,1,1,0.0213706,3865,20,17.7108,10,887,0,0.00237407,0.00249477,0,0,0,0,81,15,0.246914,0,0,0,0,0,0,0,0,0
1,table_under_pick,15,qpFixed,1,1,0.0129883,1197,13,11.0808,811,811,0,0.000325841,0.00249477,0,0,0.0117417,0,4,4,3.25,0,0,0,1,0,0,1197,306312,1089
1,table_under_pick,15,qpPlain,1,1,0.0140846,1197,13,11.0808,811,811,0,0.000325841,0.00249477,0,0,0.0117417,0,4,4,3.25,0,0,0,1,0,0,1197,410571,1197
1,table_under_pick,15,qpAdaptive,1,1,0.00805088,701,12,11.0945,718,718,0,0.000325422,0.00249477,0,0,0.0200692,0.435093,4,4,3,0,0,0,0.562054,0.429387,0.0085592,701,172991,683
1,table_under_pick,15,qpFreeGate,1,1,0.18696,19947,47,13.6496,1369,1369,0,0.00126774,0.00249477,0,0,0.00333778,0,171,39,0.274854,0,0,0,1,0,0,0,0,0
1,table_under_pick,15,qpEnvelope,1,1,0.00478023,373,11,11.1465,660,660,0,0.000327081,0.00249477,0,0,0.0380597,0.428954,4,4,2.75,0,0,0,0.571046,0.410188,0.0187668,373,93360,368
1,table_under_pick,22,isSafe,1,1,0.0109212,1978,12,10.7821,7,541,0,0.00641874,0.00249477,0,0,0,0,32,8,0.375,0,0,0,0,0,0,0,0,0
1,table_under_pick,22,qpFixed,1,1,0.0207433,1901,19,16.8085,1338,1338,0,6.54163e-05,0.00249477,0,0,0.0114271,0,5,5,3.8,0,0,0,1,0,0,1901,527793,1568
1,table_under_pick,22,qpPlain,1,1,0.0218031,1901,19,16.8085,1338,1338,0,6.54163e-05,0.00249477,0,0,0.0114271,0,5,5,3.8,0,0,0,1,0,0,1901,652043,1901
1,table_under_pick,22,qpAdaptive,1,1,0.0138683,1184,19,16.8126,1191,1191,0,6.53525e-05,0.00249477,0,0,0.0183544,0.342061,5,5,3.8,0,0,0,0.654561,0.333615,0.0118243,1184,318868,1123
1,table_under_pick,22,qpFreeGate,1,1,0.0433862,4621,16,10.9042,924,924,0,0.00643333,0.00249477,0,0,0.00513166,0,32,12,0.5,0,0,0,1,0,0,0,0,0
1,table_under_pick,22,qpEnvelope,1,1,0.00846007,683,20,17.2766,1102,1102,0,6.03299e-05,0.00249477,0,0,0.0321623,0.341142,5,5,4,0,0,0,0.653001,0.320644,0.0263543,683,179817,660
1,table_under_pick,29,isSafe,1,0,1.6442e-05,1,0,0,0,0,0,inf,inf,0,0,0,0,0,0,0,0,0,0,0,0,0,0,0,0
1,table_under_pick,29,qpFixed,1,0,10.0002,891609,3991,0,0,0,0,inf,inf,0,0,0.0079605,0,14386,3989,0.277422,0,0,0,1,0,0,891609,263429406,776143
1,table_under_pick,29,qpPlain,1,0,10.0015,495600,2342,0,0,0,0,inf,inf,0,0,0.00850801,0,7850,2340,0.298344,0,0,0,1,0,0,495600,169990800,495600
1,table_under_pick,29,qpAdaptive,1,0,10.0016,695980,3955,0,0,0,0,inf,inf,0,0,0.0101088,0.102303,14226,3953,0.278012,0,0,0,0.895346,0.101372,0.00328218,695980,207203121,673627
1,table_under_pick,29,qpFreeGate,1,0,10.001,803099,2576,0,0,0,0,inf,inf,0,0,0.0040694,0,16300,2574,0.158037,0,0,0,1,0,0,0,0,0
1,table_under_pick,29,qpEnvelope,1,0,10.0012,488895,3118,0,0,0,0,inf,inf,0,0,0.0116006,0.0177768,10998,3116,0.283506,0,0,0,0.98174,0.0144895,0.00377072,488895,145392209,482514
1,table_under_pick,36,isSafe,1,1,0.0076319,1221,8,11.1083,7,557,0,0.000443094,0.00249477,0,0,0,0,23,3,0.347826,0,0,0,0,0,0,0,0,0
1,table_under_pick,36,qpFixed,1,1,0.00655402,638,9,8.84125,639,639,0,0.00752332,0.00249477,0,0,0.0138578,0,1,1,9,0,0,0,1,0,0,638,169359,134
1,table_under_pick,36,qpPlain,1,1,0.00715656,638,9,8.84125,639,639,0,0.00752332,0.00249477,0,0,0.0138578,0,1,1,9,0,0,0,1,0,0,638,218834,638
1,table_under_pick,36,qpAdaptive,1,1,0.00128123,110,9,8.84495,497,497,0,0.00752332,0.00249477,0,0,0.0804086,0.881818,1,1,9,0,0,0,0.0909091,0.845455,0.0636364,110,33170,39
1,table_under_pick,36,qpFreeGate,1,1,0.150301,14977,30,11.487,1046,1046,0,0.00444781,0.00249477,0,0,0.00327323,0,128,27,0.234375,0,0,0,1,0,0,0,0,0
1,table_under_pick,36,qpEnvelope,1,1,0.000691808,47,11,8.88607,471,471,0,0.00752332,0.00249477,0,0,0.189065,0.808511,1,1,11,0,0,0,0.148936,0.659574,0.191489,47,13964,21
1,table_under_pick,43,isSafe,1,0,2.1306e-05,1,0,0,0,0,0,inf,inf,0,0,0,0,0,0,0,0,0,0,0,0,0,0,0,0
1,table_under_pick,43,qpFixed,1,0,10.0012,859658,3893,0,0,0,0,inf,inf,0,0,0.00807658,0,13842,3891,0.281245,0,0,0,1,0,0,859658,253004758,734524
1,table_under_pick,43,qpPlain,1,0,10.0011,749634,3414,0,0,0,0,inf,inf,0,0,0.00816292,0,12012,3412,0.284216,0,0,0,1,0,0,749634,257124462,749634
1,table_under_pick,43,qpAdaptive,1,0,10.0018,736530,4212,0,0,0,0,inf,inf,0,0,0.0101461,0.0970795,15056,4210,0.279756,0,0,0,0.900682,0.0959559,0.00336235,736530,218530225,710986
1,table_under_pick,43,qpFreeGate,1,0,10.0003,984544,3324,0,0,0,0,inf,inf,0,0,0.00413764,0,20216,3322,0.164424,0,0,0,1,0,0,0,0,0
1,table_under_pick,43,qpEnvelope,1,0,10.0019,797202,4932,0,0,0,0,inf,inf,0,0,0.0109657,0.0152383,17932,4930,0.275039,0,0,0,0.984364,0.0117566,0.00387971,797202,236251205,787640
1,table_under_pick,50,isSafe,1,1,0.0452354,8171,41,11.1508,7,559,0,0.00732232,0.00249477,0,0,0,0,296,38,0.138514,0,0,0,0,0,0,0,0,0
1,table_under_pick,50,qpFixed,1,1,0.0233271,2173,15,15.6512,1341,1341,0,0.00228975,0.00249477,0,0,0.0105703,0,6,6,2.5,0,0,0,1,0,0,2173,610549,1571
1,table_under_pick,50,qpPlain,1,1,0.0240128,2173,15,15.6512,1341,1341,0,0.00228975,0.00249477,0,0,0.0105703,0,6,6,2.5,0,0,0,1,0,0,2173,745339,2173
1,table_under_pick,50,qpAdaptive,1,1,0.0127243,1082,15,15.6604,1081,1081,0,0.00226797,0.00249477,0,0,0.0212526,0.434381,6,6,2.5,0,0,0,0.561922,0.426987,0.0110906,1082,312500,1009
1,table_under_pick,50,qpFreeGate,1,1,0.318243,33817,56,15.4346,1182,1182,0,0.00717268,0.00249477,0,0,0.00296298,0,296,53,0.189189,0,0,0,1,0,0,0,0,0
1,table_under_pick,50,qpEnvelope,1,1,0.0062401,469,16,15.704,957,957,0,0.00231807,0.00249477,0,0,0.0500775,0.560768,6,6,2.66667,0,0,0,0.430704,0.535181,0.0341151,469,135444,433
1,table_under_pick,57,isSafe,1,0,2.0249e-05,1,0,0,0,0,0,inf,inf,0,0,0,0,0,0,0,0,0,0,0,0,0,0,0,0
1,table_under_pick,57,qpFixed,1,0,10.0007,872408,3916,0,0,0,0,inf,inf,0,0,0.00807097,0,13970,3914,0.280315,0,0,0,1,0,0,872408,257715318,745093
1,table_under_pick,57,qpPlain,1,0,10,882991,3954,0,0,0,0,inf,inf,0,0,0.00805462,0,14144,3952,0.279553,0,0,0,1,0,0,882991,302865913,882991
1,table_under_pick,57,qpAdaptive,1,0,10.0018,840165,4702,0,0,0,0,inf,inf,0,0,0.010038,0.101153,17304,4700,0.271729,0,0,0,0.896473,0.100048,0.00347842,840165,249992839,812044
1,table_under_pick,57,qpFreeGate,1,0,10.0005,882854,2852,0,0,0,0,inf,inf,0,0,0.00409114,0,17398,2850,0.163927,0,0,0,1,0,0,0,0,0
1,table_under_pick,57,qpEnvelope,1,0,10.0009,802217,4903,0,0,0,0,inf,inf,0,0,0.0109727,0.0156541,18098,4901,0.270914,0,0,0,0.983923,0.0121799,0.00389717,802217,238127315,792125
1,table_under_pick,65,isSafe,1,1,0.0398759,7191,34,21.0849,12,1056,0,0.00230485,0.00249477,0,0,0,0,230,30,0.147826,0,0,0,0,0,0,0,0,0
1,table_under_pick,65,qpFixed,1,1,0.024286,2181,15,18.5251,1531,1531,42,-0.000320986,0.00249477,0,0,0.0102888,0,6,5,2.5,0,0,0,1,0,0,2181,622430,1841
1,table_under_pick,65,qpPlain,1,1,0.0248192,2181,15,18.5251,1531,1531,42,-0.000320986,0.00249477,0,0,0.0102888,0,6,5,2.5,0,0,0,1,0,0,2181,748083,2181
1,table_under_pick,65,qpAdaptive,1,1,0.0191948,1613,15,18.5302,1401,1401,7,-2.39995e-05,0.00249477,0,0,0.013908,0.112833,6,5,2.5,0,0,0,0.886547,0.107874,0.00557967,1613,460905,1572
1,table_under_pick,65,qpFreeGate,1,1,0.25245,26767,85,19.3919,2049,2049,0,0.000227611,0.00249477,0,0,0.00537705,0,426,80,0.199531,0,0,0,1,0,0,0,0,0
1,table_under_pick,65,qpEnvelope,1,1,0.0170702,1383,15,18.5588,1300,1300,56,-0.000707262,0.00249477,0,0,0.0162366,0.0968908,6,5,2.5,0,0,0,0.903109,0.0903832,0.00650759,1383,396298,1370
1,table_under_pick,72,isSafe,1,0,10,1497614,14627,0,0,0,0,inf,inf,0,0,0,0,130099,14624,0.11243,0,0,0,0,0,0,0,0,0
1,table_under_pick,72,qpFixed,1,0,10.0034,825486,1736,0,0,0,0,inf,inf,0,0,0.00582336,0,3657,1616,0.474706,0,0,0,1,0,0,825486,246259979,785207
1,table_under_pick,72,qpPlain,1,0,10.0008,845077,1772,0,0,0,0,inf,inf,0,0,0.00581515,0,3751,1651,0.472407,0,0,0,1,0,0,845077,289861411,845077
1,table_under_pick,72,qpAdaptive,1,0,10.0018,798036,1840,0,0,0,0,inf,inf,0,0,0.00643314,0.0582142,3952,1724,0.465587,0,0,0,0.941545,0.057455,0.000999959,798036,238800621,788932
1,table_under_pick,72,qpFreeGate,1,0,10.0013,715746,1226,0,0,0,0,inf,inf,0,0,0.00275859,0,6112,1221,0.200589,0,0,0,1,0,0,0,0,0
1,table_under_pick,72,qpEnvelope,1,0,10.0007,692199,1711,0,0,0,0,inf,inf,0,0,0.0068534,0.00804826,3588,1592,0.476867,0,0,0,0.991901,0.00704279,0.00105606,692199,206702540,689725
1,table_under_pick,79,isSafe,1,0,10.0003,1579457,15596,0,0,0,0,inf,inf,0,0,0,0,139281,15594,0.111975,0,0,0,0,0,0,0,0,0
1,table_under_pick,79,qpFixed,1,0,10.0009,657507,1409,0,0,0,0,inf,inf,0,0,0.00592899,0,2819,1290,0.499823,0,0,0,1,0,0,657507,196301676,623178
1,table_under_pick,79,qpPlain,1,0,10.0009,779812,1621,0,0,0,0,inf,inf,0,0,0.00583357,0,3405,1502,0.476065,0,0,0,1,0,0,779812,267475516,779812
1,table_under_pick,79,qpAdaptive,1,0,10.0008,684690,1566,0,0,0,0,inf,inf,0,0,0.00651549,0.0564168,3329,1463,0.470412,0,0,0,0.943301,0.0557055,0.00099315,684690,205147875,677272
1,table_under_pick,79,qpFreeGate,1,0,10.0013,952564,1605,0,0,0,0,inf,inf,0,0,0.00261598,0,8635,1601,0.185871,0,0,0,1,0,0,0,0,0
1,table_under_pick,79,qpEnvelope,1,0,10.0013,831768,1936,0,0,0,0,inf,inf,0,0,0.00662123,0.00685648,4279,1818,0.452442,0,0,0,0.993094,0.00588868,0.00101711,831768,249471428,828821
1,table_under_pick,86,isSafe,1,0,10.0002,1155819,10729,0,0,0,0,inf,inf,0,0,0,0,95591,10727,0.112239,0,0,0,0,0,0,0,0,0
1,table_under_pick,86,qpFixed,1,0,10.0018,751080,1558,0,0,0,0,inf,inf,0,0,0.00589381,0,3309,1444,0.470837,0,0,0,1,0,0,751080,225179835,713147
1,table_under_pick,86,qpPlain,1,0,10.0095,543876,1193,0,0,0,0,inf,inf,0,0,0.00609669,0,2318,1083,0.514668,0,0,0,1,0,0,543876,186549468,543876
1,table_under_pick,86,qpAdaptive,1,0,10.0016,713011,1630,0,0,0,0,inf,inf,0,0,0.00650831,0.0541619,3503,1516,0.465315,0,0,0,0.945551,0.0534326,0.00101682,713011,214562323,704512
1,table_under_pick,86,qpFreeGate,1,0,10,874714,1519,0,0,0,0,inf,inf,0,0,0.00268046,0,7979,1516,0.190375,0,0,0,1,0,0,0,0,0
1,table_under_pick,86,qpEnvelope,1,0,10.0002,767714,1802,0,0,0,0,inf,inf,0,0,0.00675237,0.00747414,3993,1687,0.45129,0,0,0,0.992475,0.00646726,0.00105769,767714,230824628,764903
1,table_under_pick,93,isSafe,1,0,10,1599925,15813,0,0,0,0,inf,inf,0,0,0,0,147510,15811,0.1072,0,0,0,0,0,0,0,0,0
1,table_under_pick,93,qpFixed,1,0,10.0014,877922,1799,0,0,0,0,inf,inf,0,0,0.00577825,0,3898,1685,0.461519,0,0,0,1,0,0,877922,262020991,836901
1,table_under_pick,93,qpPlain,1,0,10.0011,875389,1795,0,0,0,0,inf,inf,0,0,0.00578134,0,3885,1681,0.462033,0,0,0,1,0,0,875389,300258427,875389
1,table_under_pick,93,qpAdaptive,1,0,10.0013,834726,1875,0,0,0,0,inf,inf,0,0,0.00638818,0.053644,4142,1761,0.45268,0,0,0,0.946082,0.0529084,0.00100991,834726,250038766,826237
1,table_under_pick,93,qpFreeGate,1,0,10.0003,1026641,1700,0,0,0,0,inf,inf,0,0,0.00256819,0,9277,1693,0.183249,0,0,0,1,0,0,0,0,0
1,table_under_pick,93,qpEnvelope,1,0,10.0064,755270,1791,0,0,0,0,inf,inf,0,0,0.00668654,0.00847644,3866,1674,0.46327,0,0,0,0.991479,0.00751256,0.00100891,755270,225978029,752867
1,table_under_pick,100,isSafe,1,1,0.011245,2036,12,14.419,9,722,0,0.0028676,0.00249477,0,0,0,0,45,8,0.266667,0,0,0,0,0,0,0,0,0
1,table_under_pick,100,qpFixed,1,1,0.0603662,5229,42,9.17355,855,855,0,0.000378972,0.00249477,0,0,0.00967392,0,17,16,2.47059,0,0,0,1,0,0,5229,1500801,5088
1,table_under_pick,100,qpPlain,1,1,0.0610772,5229,42,9.17355,855,855,0,0.000378972,0.00249477,0,0,0.00967392,0,17,16,2.47059,0,0,0,1,0,0,5229,1793547,5229
1,table_under_pick,100,qpAdaptive,1,1,0.0372267,3068,40,9.16791,661,661,0,0.000376016,0.00249477,0,0,0.0165237,0.398957,17,16,2.35294,0,0,0,0.59811,0.392438,0.00945241,3068,883215,3022
1,table_under_pick,100,qpFreeGate,1,1,0.143024,15186,39,23.2688,2001,2001,0,0.00272329,0.00249477,0,0,0.00386948,0,106,30,0.367925,0,0,0,1,0,0,0,0,0
1,table_under_pick,100,qpEnvelope,1,1,0.0289978,2300,45,16.0295,978,978,0,0.00049831,0.00249477,0,0,0.0271041,0.280435,20,19,2.25,0,0,0,0.717826,0.266087,0.016087,2300,617489,2262
1,bookshelf_small,7,isSafe,1,1,0.0124317,3247,18,19.5319,11,978,0,0.00772489,0.00249477,0,0,0,0,56,14,0.321429,0,0,0,0,0,0,0,0,0
1,bookshelf_small,7,qpFixed,1,1,0.0417517,4372,35,13.7569,1179,1179,0,0.000760284,0.00249477,0,0,0.00947304,0,14,11,2.5,0,0,0,1,0,0,4372,1167779,3973
1,bookshelf_small,7,qpPlain,1,1,0.0443261,4372,35,13.7569,1179,1179,0,0.000760284,0.00249477,0,0,0.00947304,0,14,11,2.5,0,0,0,1,0,0,4372,1499596,4372
1,bookshelf_small,7,qpAdaptive,1,1,0.0332436,3217,36,13.7538,1019,1019,0,0.000761866,0.00249477,0,0,0.0128954,0.301523,14,11,2.57143,0,0,0,0.695058,0.29686,0.00808206,3217,876052,3158
1,bookshelf_small,7,qpFreeGate,1,1,0.047481,6100,21,15.4074,1723,1723,0,0.000182018,0.00249477,0,0,0.00499072,0,38,15,0.552632,0,0,0,1,0,0,0,0,0
1,bookshelf_small,7,qpEnvelope,1,1,0.0218785,1947,38,13.7209,838,838,0,0.000769126,0.00249477,0,0,0.0213477,0.242424,14,11,2.71429,0,0,0,0.753467,0.228043,0.01849,1947,529179,1920
1,bookshelf_small,15,isSafe,1,0,10.0082,2,1,0,0,0,0,inf,inf,0,0,0,0,0,0,0,0,0,0,0,0,0,0,0,0
1,bookshelf_small,15,qpFixed,1,0,10.0002,1051047,4699,0,0,0,0,inf,inf,0,0,0.00788579,0,17077,4697,0.275165,0,0,0,1,0,0,1051047,309722005,905951
1,bookshelf_small,15,qpPlain,1,0,10.0099,956296,4287,0,0,0,0,inf,inf,0,0,0.00794781,0,15471,4285,0.277099,0,0,0,1,0,0,956296,328009528,956296
1,bookshelf_small,15,qpAdaptive,1,0,10.0001,921610,5230,0,0,0,0,inf,inf,0,0,0.00997712,0.107439,19259,5228,0.271561,0,0,0,0.890025,0.106434,0.00354121,921610,274010348,892379
1,bookshelf_small,15,qpFreeGate,1,0,10.0002,1051279,3499,0,0,0,0,inf,inf,0,0,0.0040554,0,21529,3497,0.162525,0,0,0,1,0,0,0,0,0
1,bookshelf_small,15,qpEnvelope,1,0,10.0016,911563,5656,0,0,0,0,inf,inf,0,0,0.0109307,0.0167756,21015,5654,0.269141,0,0,0,0.98277,0.0131729,0.0040574,911563,270383174,901508
1,bookshelf_small,23,isSafe,1,1,0.00393457,1027,7,5.86001,4,295,0,0.00225971,0.00249477,0,0,0,0,6,4,1.16667,0,0,0,0,0,0,0,0,0
1,bookshelf_small,23,qpFixed,1,1,0.00653132,699,8,7.22736,700,700,0,0.00127471,0.00249477,0,0,0.0103396,0,1,1,8,0,0,0,1,0,0,699,174174,567
1,bookshelf_small,23,qpPlain,1,1,0.00711485,699,8,7.22736,700,700,0,0.00127471,0.00249477,0,0,0.0103396,0,1,1,8,0,0,0,1,0,0,699,239757,699
1,bookshelf_small,23,qpAdaptive,1,1,0.00519783,492,8,7.23486,623,623,0,0.00127833,0.00249477,0,0,0.014705,0.140244,1,1,8,0,0,0,0.859756,0.134146,0.00609756,492,127088,483
1,bookshelf_small,23,qpFreeGate,1,1,0.0071185,928,9,5.71983,452,452,0,0.00211385,0.00249477,0,0,0.01024,0,6,4,1.5,0,0,0,1,0,0,0,0,0
1,bookshelf_small,23,qpEnvelope,1,1,0.00347421,318,8,7.25205,523,523,0,0.00116999,0.00249477,0,0,0.0228052,0.169811,1,1,8,0,0,0,0.823899,0.160377,0.0157233,318,82054,311
1,bookshelf_small,31,isSafe,1,1,0.0353219,9220,47,10.5398,7,528,0,0.00341551,0.00249477,0,0,0,0,198,43,0.237374,0,0,0,0,0,0,0,0,0
1,bookshelf_small,31,qpFixed,1,1,0.00433194,537,7,8.393,540,540,0,0.00744522,0.00249477,0,0,0.0156294,0,1,1,7,0,0,0,1,0,0,537,141178,176
1,bookshelf_small,31,qpPlain,1,1,0.00473739,537,7,8.393,540,540,0,0.00744522,0.00249477,0,0,0.0156294,0,1,1,7,0,0,0,1,0,0,537,184191,537
1,bookshelf_small,31,qpAdaptive,1,1,0.00158882,162,7,8.39389,502,502,0,0.00744529,0.00249477,0,0,0.0518141,0.691358,1,1,7,0,0,0,0.308642,0.666667,0.0246914,162,50128,102
1,bookshelf_small,31,qpFreeGate,1,1,0.123924,15826,50,16.5935,1420,1420,0,0.00602495,0.00249477,0,0,0.00435867,0,91,35,0.549451,0,0,0,1,0,0,0,0,0
1,bookshelf_small,31,qpEnvelope,1,1,0.00078357,58,7,8.40497,448,448,0,0.00737832,0.00249477,0,0,0.144913,0.586207,1,1,7,0,0,0,0.396552,0.517241,0.0862069,58,18201,43
1,bookshelf_small,38,isSafe,1,0,10.0078,2,1,0,0,0,0,inf,inf,0,0,0,0,0,0,0,0,0,0,0,0,0,0,0,0
1,bookshelf_small,38,qpFixed,1,0,10.0018,777759,3537,0,0,0,0,inf,inf,0,0,0.00808612,0,12507,3535,0.282802,0,0,0,1,0,0,777759,230003858,667762
1,bookshelf_small,38,qpPlain,1,0,10.0003,592651,2787,0,0,0,0,inf,inf,0,0,0.00836554,0,9449,2785,0.294952,0,0,0,1,0,0,592651,203279293,592651
1,bookshelf_small,38,qpAdaptive,1,0,10.0002,719984,4191,0,0,0,0,inf,inf,0,0,0.0102584,0.117161,15091,4189,0.277715,0,0,0,0.880085,0.116302,0.00361314,719984,215208591,697715
1,bookshelf_small,38,qpFreeGate,1,0,10.0002,1039943,3400,0,0,0,0,inf,inf,0,0,0.00399751,0,21285,3398,0.159737,0,0,0,1,0,0,0,0,0
1,bookshelf_small,38,qpEnvelope,1,0,10.0009,786060,4950,0,0,0,0,inf,inf,0,0,0.0111422,0.0232997,18369,4948,0.269476,0,0,0,0.976097,0.019748,0.00415454,786060,234225019,777799
1,bookshelf_small,45,isSafe,1,1,0.15023,19603,95,19.8541,12,994,0,0.00856794,0.00249477,0,0,0,0,644,90,0.147516,0,0,0,0,0,0,0,0,0
1,bookshelf_small,45,qpFixed,1,1,0.0133976,832,7,7.76418,700,700,0,0.00222703,0.00249477,0,0,0.0101455,0,2,2,3.5,0,0,0,1,0,0,832,245631,449
1,bookshelf_small,45,qpPlain,1,1,0.0166049,832,7,7.76418,700,700,0,0.00222703,0.00249477,0,0,0.0101455,0,2,2,3.5,0,0,0,1,0,0,832,285376,832
1,bookshelf_small,45,qpAdaptive,1,1,0.0098278,369,7,7.78571,512,512,0,0.00220726,0.00249477,0,0,0.0229325,0.233062,2,2,3.5,0,0,0,0.761518,0.227642,0.0108401,369,117421,329
1,bookshelf_small,45,qpFreeGate,1,1,0.340189,21475,42,13.8923,1337,1337,0,0.00239772,0.00249477,0,0,0.00342579,0,161,36,0.26087,0,0,0,1,0,0,0,0,0
1,bookshelf_small,45,qpEnvelope,1,1,0.0057946,251,7,7.81035,466,466,0,0.00191031,0.00249477,0,0,0.0338768,0.219124,2,2,3.5,0,0,0,0.780876,0.203187,0.0159363,251,79841,231
1,bookshelf_small,52,isSafe,1,1,0.0341954,4238,23,10.3854,7,521,0,0.00507592,0.00249477,0,0,0,0,94,19,0.244681,0,0,0,0,0,0,0,0,0
1,bookshelf_small,52,qpFixed,1,1,0.0115059,667,7,7.79993,668,668,0,0.00298391,0.00249477,0,0,0.011694,0,1,1,7,0,0,0,1,0,0,667,174346,218
1,bookshelf_small,52,qpPlain,1,1,0.012041,667,7,7.79993,668,668,0,0.00298391,0.00249477,0,0,0.011694,0,1,1,7,0,0,0,1,0,0,667,228781,667
1,bookshelf_small,52,qpAdaptive,1,1,0.00549401,252,7,7.79999,517,517,0,0.00298391,0.00249477,0,0,0.0309523,0.265873,1,1,7,0,0,0,0.734127,0.25,0.015873,252,66743,212
1,bookshelf_small,52,qpFreeGate,1,1,0.168551,10943,34,12.6756,992,992,0,0.00368479,0.00249477,0,0,0.00430888,0,90,27,0.377778,0,0,0,1,0,0,0,0,0
1,bookshelf_small,52,qpEnvelope,1,1,0.00172175,154,7,7.81366,463,463,0,0.00298391,0.00249477,0,0,0.0507381,0.246753,1,1,7,0,0,0,0.753247,0.220779,0.025974,154,41524,140
1,bookshelf_small,59,isSafe,1,1,0.0199616,2880,16,9.09235,6,456,0,0.000118008,0.00249477,0,0,0,0,44,12,0.363636,0,0,0,0,0,0,0,0,0
1,bookshelf_small,59,qpFixed,1,1,0.0194336,1114,9,9.385,832,832,0,0.00032177,0.00249477,0,0,0.0100023,0,3,2,3,0,0,0,1,0,0,1114,298495,742
1,bookshelf_small,59,qpPlain,1,1,0.02311,1114,9,9.385,832,832,0,0.00032177,0.00249477,0,0,0.0100023,0,3,2,3,0,0,0,1,0,0,1114,382102,1114
1,bookshelf_small,59,qpAdaptive,1,1,0.0134617,699,9,9.38187,714,714,0,0.000320909,0.00249477,0,0,0.0159376,0.224607,3,2,3,0,0,0,0.773963,0.217454,0.00858369,699,192882,655
1,bookshelf_small,59,qpFreeGate,1,1,0.0550245,3628,21,8.51848,769,769,0,0.00101192,0.00249477,0,0,0.00757604,0,44,15,0.477273,0,0,0,1,0,0,0,0,0
1,bookshelf_small,59,qpEnvelope,1,1,0.00792085,440,8,8.99311,573,573,0,0.00033093,0.00249477,0,0,0.0244032,0.075,3,2,2.66667,0,0,0,0.925,0.0636364,0.0113636,440,124986,423
1,bookshelf_small,66,isSafe,1,1,0.00581237,734,6,7.19083,5,361,0,0.00164724,0.00249477,0,0,0,0,3,2,2,0,0,0,0,0,0,0,0,0
1,bookshelf_small,66,qpFixed,1,1,0.00624933,399,6,6.31676,400,400,0,0.00552033,0.00249477,0,0,0.0158315,0,1,1,6,0,0,0,1,0,0,399,102243,116
1,bookshelf_small,66,qpPlain,1,1,0.00657932,399,6,6.31676,400,400,0,0.00552033,0.00249477,0,0,0.0158315,0,1,1,6,0,0,0,1,0,0,399,136857,399
1,bookshelf_small,66,qpAdaptive,1,1,0.00439621,144,6,6.31671,370,370,0,0.00552033,0.00249477,0,0,0.0438661,0.361111,1,1,6,0,0,0,0.631944,0.340278,0.0277778,144,38327,111
1,bookshelf_small,66,qpFreeGate,1,1,0.0145005,1102,7,8.63191,688,688,0,0.00552033,0.00249477,0,0,0.00835782,0,5,3,1.4,0,0,0,1,0,0,0,0,0
1,bookshelf_small,66,qpEnvelope,1,1,0.000721789,55,6,6.3235,338,338,0,0.00552033,0.00249477,0,0,0.114973,0.418182,1,1,6,0,0,0,0.581818,0.345455,0.0727273,55,15374,46
1,bookshelf_small,73,isSafe,1,1,0.0224877,5881,29,15.065,9,755,0,0.00321958,0.00249477,0,0,0,0,114,25,0.254386,0,0,0,0,0,0,0,0,0
1,bookshelf_small,73,qpFixed,1,1,0.00374816,468,6,6.25115,469,469,0,0.000671733,0.00249477,0,0,0.0133571,0,1,1,6,0,0,0,1,0,0,468,113157,223
1,bookshelf_small,73,qpPlain,1,1,0.00427644,468,6,6.25115,469,469,0,0.000671733,0.00249477,0,0,0.0133571,0,1,1,6,0,0,0,1,0,0,468,160524,468
1,bookshelf_small,73,qpAdaptive,1,1,0.00218919,241,6,6.25119,406,406,0,0.000671733,0.00249477,0,0,0.0259385,0.186722,1,1,6,0,0,0,0.809129,0.174274,0.0165975,241,58041,217
1,bookshelf_small,73,qpFreeGate,1,1,0.108425,14107,43,17.7511,1575,1575,0,0.00324772,0.00249477,0,0,0.00517487,0,123,37,0.349593,0,0,0,1,0,0,0,0,0
1,bookshelf_small,73,qpEnvelope,1,1,0.00169591,174,6,6.25201,386,386,0,0.00063127,0.00249477,0,0,0.0359311,0.201149,1,1,6,0,0,0,0.798851,0.178161,0.0229885,174,41620,166
1,bookshelf_small,80,isSafe,1,1,0.0558136,14622,71,19.2173,11,962,0,0.00389818,0.00249477,0,0,0,0,530,68,0.133962,0,0,0,0,0,0,0,0,0
1,bookshelf_small,80,qpFixed,1,1,0.00659604,678,10,8.65402,679,679,48,-0.00135756,0.00249477,0,0,0.012764,0,1,1,10,0,0,0,1,0,0,678,192549,627
1,bookshelf_small,80,qpPlain,1,1,0.00678652,678,10,8.65402,679,679,48,-0.00135756,0.00249477,0,0,0.012764,0,1,1,10,0,0,0,1,0,0,678,232554,678
1,bookshelf_small,80,qpAdaptive,1,1,0.00591764,569,13,12.2968,857,857,64,-0.000370299,0.00249477,0,0,0.021835,0.355009,2,2,6.5,0,0,0,0.641476,0.340949,0.0175747,569,166989,536
1,bookshelf_small,80,qpFreeGate,1,1,0.0505104,6475,20,12.603,1393,1393,0,0.00347358,0.00249477,0,0,0.00423464,0,37,12,0.540541,0,0,0,1,0,0,0,0,0
1,bookshelf_small,80,qpEnvelope,1,1,0.00355082,309,11,12.3589,763,763,0,0.000272856,0.00249477,0,0,0.0404917,0.359223,2,2,5.5,0,0,0,0.634304,0.339806,0.02589,309,91455,298
1,bookshelf_small,87,isSafe,1,1,0.00283579,743,6,7.36423,5,370,0,0.00547735,0.00249477,0,0,0,0,3,2,2,0,0,0,0,0,0,0,0,0
1,bookshelf_small,87,qpFixed,1,1,0.00365356,455,7,6.27252,456,456,0,0.00547735,0.00249477,0,0,0.0137858,0,1,1,7,0,0,0,1,0,0,455,104876,300
1,bookshelf_small,87,qpPlain,1,1,0.00417202,455,7,6.27252,456,456,0,0.00547735,0.00249477,0,0,0.0137858,0,1,1,7,0,0,0,1,0,0,455,156065,455
1,bookshelf_small,87,qpAdaptive,1,1,0.00193669,217,7,6.28361,410,410,0,0.00547735,0.00249477,0,0,0.0289567,0.612903,1,1,7,0,0,0,0.37788,0.599078,0.0230415,217,51520,173
1,bookshelf_small,87,qpFreeGate,1,1,0.00629905,821,7,7.33594,607,607,0,0.00547735,0.00249477,0,0,0.00920684,0,3,2,2.33333,0,0,0,1,0,0,0,0,0
1,bookshelf_small,87,qpEnvelope,1,1,0.000786771,68,7,6.32845,348,348,0,0.00547735,0.00249477,0,0,0.0930654,0.661765,1,1,7,0,0,0,0.338235,0.588235,0.0735294,68,17050,53
1,bookshelf_small,95,isSafe,1,1,0.0463369,12096,60,23.8367,14,1193,0,0.00197856,0.00249477,0,0,0,0,426,56,0.140845,0,0,0,0,0,0,0,0,0
1,bookshelf_small,95,qpFixed,1,1,0.049102,4768,27,16.4863,1448,1448,191,-0.00173422,0.00249477,0,0,0.00835336,0,17,13,1.58824,0,0,0,1,0,0,4768,1451206,4129
1,bookshelf_small,95,qpPlain,1,1,0.0495671,4768,27,16.4863,1448,1448,191,-0.00173422,0.00249477,0,0,0.00835336,0,17,13,1.58824,0,0,0,1,0,0,4768,1635424,4768
1,bookshelf_small,95,qpAdaptive,1,1,0.0357134,3136,27,16.5018,1271,1271,191,-0.00171912,0.00249477,0,0,0.0127147,0.339286,17,13,1.58824,0,0,0,0.65912,0.333865,0.00701531,3136,975081,3065
1,bookshelf_small,95,qpFreeGate,1,1,0.296286,37529,74,21.5768,1948,1948,0,0.00405265,0.00249477,0,0,0.00340082,0,280,66,0.264286,0,0,0,1,0,0,0,0,0
1,bookshelf_small,95,qpEnvelope,1,1,0.02391,1942,27,16.5173,1121,1121,189,-0.00171032,0.00249477,0,0,0.0206216,0.26931,17,13,1.58824,0,0,0,0.729145,0.256952,0.0139032,1942,605174,1921
1,box,2,isSafe,1,1,0.0177839,4863,26,16.8348,10,843,0,0.00555223,0.00249477,0,0,0,0,122,21,0.213115,0,0,0,0,0,0,0,0,0
1,box,2,qpFixed,1,1,0.00642429,724,14,7.63762,589,589,0,0.00201897,0.00249477,0,0,0.0113522,0,2,2,7,0,0,0,1,0,0,724,202750,440
1,box,2,qpPlain,1,1,0.00680519,724,14,7.63762,589,589,0,0.00201897,0.00249477,0,0,0.0113522,0,2,2,7,0,0,0,1,0,0,724,248332,724
1,box,2,qpAdaptive,1,1,0.00448167,438,18,14.3737,881,881,0,0.0018533,0.00249477,0,0,0.0341558,0.664384,4,4,4.5,0,0,0,0.312785,0.646119,0.0410959,438,128576,387
1,box,2,qpFreeGate,1,1,0.490778,65828,141,26.9449,2611,2611,0,0.00102133,0.00249477,0,0,0.00357438,0,483,123,0.291925,0,0,0,1,0,0,0,0,0
1,box,2,qpEnvelope,1,1,0.00166963,138,12,7.63611,428,428,0,0.00150775,0.00249477,0,0,0.0595344,0.565217,2,2,6,0,0,0,0.405797,0.521739,0.0724638,138,40865,125
1,box,9,isSafe,1,1,0.0223571,6072,32,12.0151,8,602,0,0.070568,0.00249477,0,0,0,0,151,28,0.211921,0,0,0,0,0,0,0,0,0
1,box,9,qpFixed,1,1,0.0035253,423,7,5.66084,424,424,0,0.00337976,0.00249477,0,0,0.0133826,0,1,1,7,0,0,0,1,0,0,423,120419,192
1,box,9,qpPlain,1,1,0.00376204,423,7,5.66084,424,424,0,0.00337976,0.00249477,0,0,0.0133826,0,1,1,7,0,0,0,1,0,0,423,145089,423
1,box,9,qpAdaptive,1,1,0.00143508,150,5,5.66217,344,344,0,0.00331588,0.00249477,0,0,0.0377478,0.52,1,1,5,0,0,0,0.48,0.506667,0.0133333,150,44530,122
1,box,9,qpFreeGate,1,1,0.226081,30228,79,18.6425,1701,1701,0,0.00860834,0.00249477,0,0,0.00430309,0,217,66,0.364055,0,0,0,1,0,0,0,0,0
1,box,9,qpEnvelope,1,1,0.000810028,68,5,5.66371,316,316,0,0.00302382,0.00249477,0,0,0.0832898,0.602941,1,1,5,0,0,0,0.382353,0.573529,0.0441176,68,20187,54
1,box,16,isSafe,1,1,0.0101663,2748,15,16.9054,10,847,0,0.0254456,0.00249477,0,0,0,0,74,11,0.202703,0,0,0,0,0,0,0,0,0
1,box,16,qpFixed,1,1,0.00461192,602,7,8.08592,603,603,0,0.0280182,0.00249477,0,0,0.0134318,0,1,1,7,0,0,0,1,0,0,602,149435,158
1,box,16,qpPlain,1,1,0.00534216,602,7,8.08592,603,603,0,0.0280182,0.00249477,0,0,0.0134318,0,1,1,7,0,0,0,1,0,0,602,206486,602
1,box,16,qpAdaptive,1,1,0.00066236,75,7,8.08336,439,439,0,0.0268882,0.00249477,0,0,0.107778,0.986667,1,1,7,0,0,0,0,0.933333,0.0666667,75,18880,35
1,box,16,qpFreeGate,1,1,0.342769,46415,86,11.932,1306,1306,0,0.00137189,0.00249477,0,0,0.00336431,0,344,78,0.25,0,0,0,1,0,0,0,0,0
1,box,16,qpEnvelope,1,1,0.000464925,33,7,8.07449,418,418,0,0.0258883,0.00249477,0,0,0.244681,0.969697,1,1,7,0,0,0,0,0.848485,0.151515,33,8303,18
1,box,23,isSafe,1,1,0.00592255,1634,10,9.94883,6,499,0,0.0579019,0.00249477,0,0,0,0,14,6,0.714286,0,0,0,0,0,0,0,0,0
1,box,23,qpFixed,1,1,0.0374664,4130,27,7.6218,590,590,0,0.00221998,0.00249477,0,0,0.00984643,0,12,11,2.25,0,0,0,1,0,0,4130,1082930,3523
1,box,23,qpPlain,1,1,0.0404947,4130,27,7.6218,590,590,0,0.00221998,0.00249477,0,0,0.00984643,0,12,11,2.25,0,0,0,1,0,0,4130,1416590,4130
1,box,23,qpAdaptive,1,1,0.0269225,2689,27,7.62705,440,440,0,0.0020171,0.00249477,0,0,0.0151778,0.278914,12,11,2.25,0,0,0,0.718855,0.274823,0.00632205,2689,716678,2604
1,box,23,qpFreeGate,1,1,0.0701688,9429,33,14.356,1544,1544,0,0.00297388,0.00249477,0,0,0.004979,0,54,23,0.611111,0,0,0,1,0,0,0,0,0
1,box,23,qpEnvelope,1,1,0.0195604,1821,26,7.63587,420,420,0,0.00160664,0.00249477,0,0,0.0224814,0.21966,12,11,2.16667,0,0,0,0.778144,0.211422,0.0104338,1821,492152,1780
1,box,30,isSafe,1,1,0.00203022,552,5,5.47083,4,275,0,0.0543942,0.00249477,0,0,0,0,1,1,5,0,0,0,0,0,0,0,0,0
1,box,30,qpFixed,1,1,0.00327048,442,5,5.47111,443,443,0,0.0524119,0.00249477,0,0,0.0123781,0,1,1,5,0,0,0,1,0,0,442,114321,27
1,box,30,qpPlain,1,1,0.00374316,442,5,5.47111,443,443,0,0.0524119,0.00249477,0,0,0.0123781,0,1,1,5,0,0,0,1,0,0,442,151606,442
1,box,30,qpAdaptive,1,1,0.00033262,39,5,5.47112,294,294,0,0.0523903,0.00249477,0,0,0.140285,1,1,1,5,0,0,0,0,0.923077,0.0769231,39,10831,5
1,box,30,qpFreeGate,1,1,0.00330577,447,5,5.47093,448,448,0,0.0543933,0.00249477,0,0,0.0122392,0,1,1,5,0,0,0,1,0,0,0,0,0
1,box,30,qpEnvelope,1,1,0.00022146,16,5,5.47106,282,282,0,0.0520294,0.00249477,0,0,0.341942,0.9375,1,1,5,0,0,0,0,0.8125,0.1875,16,4367,2
1,box,37,isSafe,1,1,0.0475256,12878,66,11.6878,8,586,0,0.0306113,0.00249477,0,0,0,0,392,62,0.168367,0,0,0,0,0,0,0,0,0
1,box,37,qpFixed,1,1,0.00396894,518,6,5.40062,519,519,0,0.00794432,0.00249477,0,0,0.0104259,0,1,1,6,0,0,0,1,0,0,518,127244,153
1,box,37,qpPlain,1,1,0.004571,518,6,5.40062,519,519,0,0.00794432,0.00249477,0,0,0.0104259,0,1,1,6,0,0,0,1,0,0,518,177674,518
1,box,37,qpAdaptive,1,1,0.000923365,95,6,5.3987,313,313,0,0.00770467,0.00249477,0,0,0.0568284,0.831579,1,1,6,0,0,0,0.157895,0.8,0.0421053,95,26531,74
1,box,37,qpFreeGate,1,1,0.0554532,7380,23,13.6596,1410,1410,0,0.00728315,0.00249477,0,0,0.00433259,0,43,16,0.534884,0,0,0,1,0,0,0,0,0
1,box,37,qpEnvelope,1,1,0.000492288,37,6,5.39485,289,289,0,0.00652621,0.00249477,0,0,0.145807,0.972973,1,1,6,0,0,0,0.027027,0.864865,0.108108,37,10355,27
1,box,44,isSafe,1,1,0.0114708,3162,18,16.5186,10,827,0,0.0124466,0.00249477,0,0,0,0,38,14,0.473684,0,0,0,0,0,0,0,0,0
1,box,44,qpFixed,1,1,0.00315631,383,6,5.39815,384,384,0,0.0158981,0.00249477,0,0,0.0140944,0,1,1,6,0,0,0,1,0,0,383,102509,184
1,box,44,qpPlain,1,1,0.00356603,383,6,5.39815,384,384,0,0.0158981,0.00249477,0,0,0.0140944,0,1,1,6,0,0,0,1,0,0,383,131369,383
1,box,44,qpAdaptive,1,1,0.000783343,80,6,5.41882,323,323,0,0.0159606,0.00249477,0,0,0.0677352,1,1,1,6,0,0,0,0,0.95,0.05,80,23236,59
1,box,44,qpFreeGate,1,1,0.0173494,2338,11,11.193,1073,1073,0,0.00440343,0.00249477,0,0,0.00645511,0,12,6,0.916667,0,0,0,1,0,0,0,0,0
1,box,44,qpEnvelope,1,1,0.00043458,29,6,5.43386,288,288,0,0.0144042,0.00249477,0,0,0.187374,1,1,1,6,0,0,0,0,0.862069,0.137931,29,8279,18
1,box,51,isSafe,1,1,0.0216292,5858,30,10.3598,7,519,0,0.0150978,0.00249477,0,0,0,0,206,26,0.145631,0,0,0,0,0,0,0,0,0
1,box,51,qpFixed,1,1,0.00363018,394,8,5.27584,395,395,0,0.00548161,0.00249477,0,0,0.0133905,0,1,1,8,0,0,0,1,0,0,394,110539,393
1,box,51,qpPlain,1,1,0.00374692,394,8,5.27584,395,395,0,0.00548161,0.00249477,0,0,0.0133905,0,1,1,8,0,0,0,1,0,0,394,135142,394
1,box,51,qpAdaptive,1,1,0.00161278,158,11,5.28936,340,340,0,0.00523474,0.00249477,0,0,0.033477,0.765823,1,1,11,0,0,0,0.202532,0.746835,0.0506329,158,46576,157
1,box,51,qpFreeGate,1,1,0.0670295,8993,24,9.22095,1630,1630,0,0.00115436,0.00249477,0,0,0.00337197,0,58,17,0.413793,0,0,0,1,0,0,0,0,0
1,box,51,qpEnvelope,1,1,0.000830894,68,11,5.31383,297,297,0,0.00453241,0.00249477,0,0,0.0781446,0.941176,1,1,11,0,0,0,0,0.867647,0.132353,68,20071,67
1,box,58,isSafe,1,1,0.00776711,2124,13,10.4104,7,522,0,0.0186451,0.00249477,0,0,0,0,33,9,0.393939,0,0,0,0,0,0,0,0,0
1,box,58,qpFixed,1,1,0.0140652,1622,13,14.3918,1183,1183,0,0.000485261,0.00249477,0,0,0.0114038,0,5,5,2.6,0,0,0,1,0,0,1622,397709,1369
1,box,58,qpPlain,1,1,0.0157609,1622,13,14.3918,1183,1183,0,0.000485261,0.00249477,0,0,0.0114038,0,5,5,2.6,0,0,0,1,0,0,1622,556346,1622
1,box,58,qpAdaptive,1,1,0.0100928,1058,13,14.308,987,987,0,0.000412422,0.00249477,0,0,0.0174138,0.303403,5,5,2.6,0,0,0,0.692817,0.300567,0.00661626,1058,260177,1012
1,box,58,qpFreeGate,1,1,0.0446875,6015,22,14.6721,1698,1698,0,0.00087011,0.00249477,0,0,0.00441534,0,35,16,0.628571,0,0,0,1,0,0,0,0,0
1,box,58,qpEnvelope,1,1,0.00773425,758,13,14.3188,944,944,0,0.000203787,0.00249477,0,0,0.0239162,0.204485,5,5,2.6,0,0,0,0.795515,0.195251,0.00923483,758,189023,732
1,box,65,isSafe,1,1,0.00856381,2360,14,10.833,7,543,0,0.0044933,0.00249477,0,0,0,0,39,9,0.358974,0,0,0,0,0,0,0,0,0
1,box,65,qpFixed,1,1,0.00533573,606,9,7.88767,562,562,0,0.0043715,0.00249477,0,0,0.013592,0,2,2,4.5,0,0,0,1,0,0,606,155154,514
1,box,65,qpPlain,1,1,0.00575318,606,9,7.88767,562,562,0,0.0043715,0.00249477,0,0,0.013592,0,2,2,4.5,0,0,0,1,0,0,606,207858,606
1,box,65,qpAdaptive,1,1,0.00357079,369,10,7.90864,516,516,0,0.00431597,0.00249477,0,0,0.0223698,0.493225,2,2,5,0,0,0,0.495935,0.482385,0.0216802,369,97347,356
1,box,65,qpFreeGate,1,1,0.0594484,8081,20,10.3602,845,845,0,0.0328612,0.00249477,0,0,0.00425669,0,51,15,0.392157,0,0,0,1,0,0,0,0,0
1,box,65,qpEnvelope,1,1,0.00163421,140,10,8.00355,452,452,0,0.0037392,0.00249477,0,0,0.0595765,0.585714,2,2,5,0,0,0,0.407143,0.535714,0.0571429,140,38844,133
1,box,72,isSafe,1,1,0.0185612,5056,28,12.2775,8,615,0,0.0272518,0.00249477,0,0,0,0,74,23,0.378378,0,0,0,0,0,0,0,0,0
1,box,72,qpFixed,1,1,0.00347791,469,6,5.70693,470,470,0,0.0101271,0.00249477,0,0,0.0121683,0,1,1,6,0,0,0,1,0,0,469,104126,151
1,box,72,qpPlain,1,1,0.00417452,469,6,5.70693,470,470,0,0.0101271,0.00249477,0,0,0.0121683,0,1,1,6,0,0,0,1,0,0,469,160867,469
1,box,72,qpAdaptive,1,1,0.000648876,75,6,5.70655,325,325,0,0.0101154,0.00249477,0,0,0.0760873,1,1,1,6,0,0,0,0,0.946667,0.0533333,75,17843,39
1,box,72,qpFreeGate,1,1,0.0486437,6559,26,15.2913,1416,1416,0,0.00640681,0.00249477,0,0,0.00510942,0,37,16,0.702703,0,0,0,1,0,0,0,0,0
1,box,72,qpEnvelope,1,1,0.000361273,30,6,5.70402,301,301,0,0.0100628,0.00249477,0,0,0.190134,0.966667,1,1,6,0,0,0,0,0.866667,0.133333,30,7292,20
1,box,79,isSafe,1,1,0.00234898,637,6,6.14358,5,309,0,0.0289686,0.00249477,0,0,0,0,11,2,0.545455,0,0,0,0,0,0,0,0,0
1,box,79,qpFixed,1,1,0.01997,2228,22,7.35909,633,633,0,0.00073919,0.00249477,0,0,0.0113102,0,7,7,3.14286,0,0,0,1,0,0,2228,631174,1922
1,box,79,qpPlain,1,1,0.020745,2228,22,7.35909,633,633,0,0.00073919,0.00249477,0,0,0.0113102,0,7,7,3.14286,0,0,0,1,0,0,2228,764204,2228
1,box,79,qpAdaptive,1,1,0.0100092,1052,25,7.36746,474,474,0,0.000711709,0.00249477,0,0,0.0239517,0.509506,7,7,3.57143,0,0,0,0.487643,0.490494,0.0218631,1052,302450,923
1,box,79,qpFreeGate,1,1,0.033726,4509,18,12.1655,1273,1273,0,0.011299,0.00249477,0,0,0.00410683,0,26,10,0.692308,0,0,0,1,0,0,0,0,0
1,box,79,qpEnvelope,1,1,0.00657574,616,20,7.40031,442,442,0,0.000566706,0.00249477,0,0,0.0409676,0.418831,7,7,2.85714,0,0,0,0.579545,0.391234,0.0292208,616,177639,558
1,box,86,isSafe,1,1,0.0144707,3993,22,10.9441,7,549,0,0.042642,0.00249477,0,0,0,0,56,18,0.392857,0,0,0,0,0,0,0,0,0
1,box,86,qpFixed,1,1,0.0049731,557,7,7.22563,558,558,0,0.0022021,0.00249477,0,0,0.0129724,0,1,1,7,0,0,0,1,0,0,557,149148,387
1,box,86,qpPlain,1,1,0.00530479,557,7,7.22563,558,558,0,0.0022021,0.00249477,0,0,0.0129724,0,1,1,7,0,0,0,1,0,0,557,191051,557
1,box,86,qpAdaptive,1,1,0.00263447,258,7,7.23395,479,479,0,0.00231767,0.00249477,0,0,0.0280386,0.430233,1,1,7,0,0,0,0.562016,0.422481,0.0155039,258,71310,236
1,box,86,qpFreeGate,1,1,0.0365495,4934,21,15.77,1480,1480,0,0.00500625,0.00249477,0,0,0.00603739,0,27,14,0.777778,0,0,0,1,0,0,0,0,0
1,box,86,qpEnvelope,1,1,0.00129194,101,7,7.21147,409,409,0,0.00251681,0.00249477,0,0,0.0714007,0.584158,1,1,7,0,0,0,0.405941,0.544554,0.049505,101,28342,93
1,box,93,isSafe,1,1,0.016719,4529,24,13.5196,8,677,0,0.0166808,0.00249477,0,0,0,0,102,20,0.235294,0,0,0,0,0,0,0,0,0
1,box,93,qpFixed,1,1,0.00337737,435,6,5.81366,436,436,0,0.00707368,0.00249477,0,0,0.0133647,0,1,1,6,0,0,0,1,0,0,435,100275,198
1,box,93,qpPlain,1,1,0.00394712,435,6,5.81366,436,436,0,0.00707368,0.00249477,0,0,0.0133647,0,1,1,6,0,0,0,1,0,0,435,149205,435
1,box,93,qpAdaptive,1,1,0.00101345,109,6,5.81562,333,333,0,0.00712912,0.00249477,0,0,0.0533543,0.990826,1,1,6,0,0,0,0,0.963303,0.0366972,109,26590,82
1,box,93,qpFreeGate,1,1,0.0935107,9294,34,10.4734,1085,1085,0,0.00714928,0.00249477,0,0,0.00463904,0,52,22,0.653846,0,0,0,1,0,0,0,0,0
1,box,93,qpEnvelope,1,1,0.000417558,32,6,5.81723,310,310,0,0.00736333,0.00249477,0,0,0.181788,1,1,1,6,0,0,0,0,0.875,0.125,32,8298,21
1,box,100,isSafe,1,1,0.0120725,832,7,8.21993,6,412,0,0.0186316,0.00249477,0,0,0,0,3,1,2.33333,0,0,0,0,0,0,0,0,0
1,box,100,qpFixed,1,1,0.0188673,500,10,6.89999,501,501,0,0.0369507,0.00249477,0,0,0.0138,0,1,1,10,0,0,0,1,0,0,500,117053,214
1,box,100,qpPlain,1,1,0.0164583,500,10,6.89999,501,501,0,0.0369507,0.00249477,0,0,0.0138,0,1,1,10,0,0,0,1,0,0,500,171500,500
1,box,100,qpAdaptive,1,1,0.000720571,79,12,6.92293,387,387,0,0.0367852,0.00249477,0,0,0.087632,0.949367,1,1,12,0,0,0,0,0.873418,0.126582,79,20575,47
1,box,100,qpFreeGate,1,1,0.0164273,600,8,6.76683,601,601,0,0.0284448,0.00249477,0,0,0.011278,0,1,1,8,0,0,0,1,0,0,0,0,0
1,box,100,qpEnvelope,1,1,0.00058008,43,11,9.91045,514,514,0,0.0363802,0.00249477,0,0,0.259103,1,2,2,5.5,0,0,0,0,0.767442,0.232558,43,11485,22
1,table_pick,7,isSafe,1,1,0.0310588,1274,9,4.19781,4,211,0,0.000785683,0.00249477,0,0,0,0,12,5,0.75,0,0,0,0,0,0,0,0,0
1,table_pick,7,qpFixed,1,1,0.0278772,408,8,6.12139,409,409,0,0.00738621,0.00249477,0,0,0.0150034,0,1,1,8,0,0,0,1,0,0,408,102042,83
1,table_pick,7,qpPlain,1,1,0.0283066,408,8,6.12139,409,409,0,0.00738621,0.00249477,0,0,0.0150034,0,1,1,8,0,0,0,1,0,0,408,139944,408
1,table_pick,7,qpAdaptive,1,1,0.000703334,64,9,6.15071,343,343,0,0.00738649,0.00249477,0,0,0.0961048,0.828125,1,1,9,0,0,0,0.140625,0.75,0.109375,64,16954,33
1,table_pick,7,qpFreeGate,1,1,0.117904,2353,9,2.98612,288,288,0,0.00401983,0.00249477,0,0,0.00595166,0,22,6,0.409091,0,0,0,1,0,0,0,0,0
1,table_pick,7,qpEnvelope,1,1,0.000468546,32,6,6.20352,330,330,0,0.00743841,0.00249477,0,0,0.19386,0.90625,1,1,6,0,0,0,0.09375,0.78125,0.125,32,8288,18
1,table_pick,14,isSafe,1,1,0.0742468,2569,14,13.1775,8,660,0,0.00211828,0.00249477,0,0,0,0,40,10,0.35,0,0,0,0,0,0,0,0,0
1,table_pick,14,qpFixed,1,1,0.0308084,753,7,9.40687,754,754,0,0.00642111,0.00249477,0,0,0.0124925,0,1,1,7,0,0,0,1,0,0,753,172671,109
1,table_pick,14,qpPlain,1,1,0.0318228,753,7,9.40687,754,754,0,0.00642111,0.00249477,0,0,0.0124925,0,1,1,7,0,0,0,1,0,0,753,258279,753
1,table_pick,14,qpAdaptive,1,1,0.0187514,67,7,9.40916,503,503,0,0.00641885,0.00249477,0,0,0.140435,0.776119,1,1,7,0,0,0,0.223881,0.701493,0.0746269,67,18128,34
1,table_pick,14,qpFreeGate,1,1,0.294674,4533,17,13.7796,1068,1068,0,0.00190901,0.00249477,0,0,0.0053059,0,28,12,0.607143,0,0,0,1,0,0,0,0,0
1,table_pick,14,qpEnvelope,1,1,0.000537407,35,7,9.41457,489,489,0,0.00634096,0.00249477,0,0,0.268988,0.942857,1,1,7,0,0,0,0.0285714,0.828571,0.142857,35,9180,18
1,table_pick,21,isSafe,1,1,0.119305,3118,17,7.49849,5,376,0,0.00191503,0.00249477,0,0,0,0,62,14,0.274194,0,0,0,0,0,0,0,0,0
1,table_pick,21,qpFixed,1,1,0.089393,1302,10,9.01626,797,797,0,0.00116411,0.00249477,0,0,0.0100822,0,3,3,3.33333,0,0,0,1,0,0,1302,326229,907
1,table_pick,21,qpPlain,1,1,0.119959,1302,10,9.01626,797,797,0,0.00116411,0.00249477,0,0,0.0100822,0,3,3,3.33333,0,0,0,1,0,0,1302,446586,1302
1,table_pick,21,qpAdaptive,1,1,0.0477687,609,10,9.02692,560,560,0,0.00116411,0.00249477,0,0,0.0215631,0.251232,3,3,3.33333,0,0,0,0.747126,0.241379,0.0114943,609,157321,570
1,table_pick,21,qpFreeGate,1,1,0.144068,8397,25,9.82124,898,898,0,0.00171722,0.00249477,0,0,0.00478937,0,66,21,0.378788,0,0,0,1,0,0,0,0,0
1,table_pick,21,qpEnvelope,1,1,0.0194054,339,10,9.03349,510,510,0,0.0010514,0.00249477,0,0,0.0388305,0.247788,3,3,3.33333,0,0,0,0.752212,0.221239,0.0265487,339,87675,325
1,table_pick,28,isSafe,1,1,0.00590767,1068,8,4.03811,4,203,0,0.00329448,0.00249477,0,0,0,0,18,4,0.444444,0,0,0,0,0,0,0,0,0
1,table_pick,28,qpFixed,1,1,0.00345101,372,5,5.6857,373,373,0,0.0076558,0.00249477,0,0,0.0152841,0,1,1,5,0,0,0,1,0,0,372,89551,49
1,table_pick,28,qpPlain,1,1,0.00388325,372,5,5.6857,373,373,0,0.0076558,0.00249477,0,0,0.0152841,0,1,1,5,0,0,0,1,0,0,372,127596,372
1,table_pick,28,qpAdaptive,1,1,0.000612572,54,5,5.68862,311,311,0,0.0076558,0.00249477,0,0,0.105345,0.814815,1,1,5,0,0,0,0.166667,0.777778,0.0555556,54,14683,31
1,table_pick,28,qpFreeGate,1,1,0.0262119,2810,13,3.9688,353,353,0,0.0044052,0.00249477,0,0,0.00632715,0,22,9,0.590909,0,0,0,1,0,0,0,0,0
1,table_pick,28,qpEnvelope,1,1,0.000475767,30,5,5.69252,299,299,0,0.00764303,0.00249477,0,0,0.189751,0.9,1,1,5,0,0,0,0.1,0.8,0.1,30,8171,20
1,table_pick,35,isSafe,1,1,0.0068238,1237,9,10.0628,7,505,0,0.0078909,0.00249477,0,0,0,0,12,4,0.75,0,0,0,0,0,0,0,0,0
1,table_pick,35,qpFixed,1,1,0.00687303,651,7,8.96997,652,652,0,0.00052318,0.00249477,0,0,0.0137787,0,1,1,7,0,0,0,1,0,0,651,175100,396
1,table_pick,35,qpPlain,1,1,0.00729602,651,7,8.96997,652,652,0,0.00052318,0.00249477,0,0,0.0137787,0,1,1,7,0,0,0,1,0,0,651,223293,651
1,table_pick,35,qpAdaptive,1,1,0.00416963,345,7,8.97447,610,610,0,0.000523159,0.00249477,0,0,0.0260129,0.269565,1,1,7,0,0,0,0.727536,0.263768,0.00869565,345,100867,315
1,table_pick,35,qpFreeGate,1,1,0.0218325,2328,9,10.5353,816,816,0,0.0078183,0.00249477,0,0,0.00496239,0,16,4,0.5625,0,0,0,1,0,0,0,0,0
1,table_pick,35,qpEnvelope,1,1,0.00309377,238,7,8.99092,561,561,0,0.000497232,0.00249477,0,0,0.037777,0.218487,1,1,7,0,0,0,0.781513,0.205882,0.012605,238,70091,227
1,table_pick,42,isSafe,1,1,0.0182788,3303,18,9.19997,6,461,0,4.99184e-05,0.00249477,0,0,0,0,46,14,0.391304,0,0,0,0,0,0,0,0,0
1,table_pick,42,qpFixed,1,1,0.00572743,629,6,7.04478,630,630,0,0.00713498,0.00249477,0,0,0.0112,0,1,1,6,0,0,0,1,0,0,629,151832,97
1,table_pick,42,qpPlain,1,1,0.00656944,629,6,7.04478,630,630,0,0.00713498,0.00249477,0,0,0.0112,0,1,1,6,0,0,0,1,0,0,629,215747,629
1,table_pick,42,qpAdaptive,1,1,0.000832902,78,6,7.07548,396,396,0,0.00716753,0.00249477,0,0,0.0907113,0.807692,1,1,6,0,0,0,0.179487,0.769231,0.0512821,78,20985,34
1,table_pick,42,qpFreeGate,1,1,0.0545491,5874,27,10.7284,857,857,0,0.00725923,0.00249477,0,0,0.00552545,0,48,19,0.5625,0,0,0,1,0,0,0,0,0
1,table_pick,42,qpEnvelope,1,1,0.000473577,33,6,7.07688,370,370,0,0.0073386,0.00249477,0,0,0.214451,1,1,1,6,0,0,0,0,0.878788,0.121212,33,8863,18
1,table_pick,49,isSafe,1,1,0.00458274,830,7,8.21062,6,412,0,0.00600559,0.00249477,0,0,0,0,4,1,1.75,0,0,0,0,0,0,0,0,0
1,table_pick,49,qpFixed,1,1,0.00596394,642,12,8.16209,643,643,0,0.00596421,0.00249477,0,0,0.0127135,0,1,1,12,0,0,0,1,0,0,642,144763,222
1,table_pick,49,qpPlain,1,1,0.00680887,642,12,8.16209,643,643,0,0.00596421,0.00249477,0,0,0.0127135,0,1,1,12,0,0,0,1,0,0,642,220206,642
1,table_pick,49,qpAdaptive,1,1,0.000900365,80,12,8.16287,450,450,0,0.0059958,0.00249477,0,0,0.102036,0.7,1,1,12,0,0,0,0.25,0.625,0.125,80,21467,56
1,table_pick,49,qpFreeGate,1,1,0.00860118,938,7,8.56897,699,699,0,0.00572707,0.00249477,0,0,0.00936356,0,4,2,1.75,0,0,0,1,0,0,0,0,0
1,table_pick,49,qpEnvelope,1,1,0.000750705,48,13,10.8864,564,564,0,0.00596595,0.00249477,0,0,0.275579,0.979167,2,2,6.5,0,0,0,0,0.75,0.25,48,12772,28
1,table_pick,56,isSafe,1,1,0.0161094,2907,17,10.117,7,507,0,0.00239575,0.00249477,0,0,0,0,53,11,0.320755,0,0,0,0,0,0,0,0,0
1,table_pick,56,qpFixed,1,1,0.00707652,728,7,8.42694,729,729,0,0.00011478,0.00249477,0,0,0.0115755,0,1,1,7,0,0,0,1,0,0,728,172935,329
1,table_pick,56,qpPlain,1,1,0.00801368,728,7,8.42694,729,729,0,0.00011478,0.00249477,0,0,0.0115755,0,1,1,7,0,0,0,1,0,0,728,249704,728
1,table_pick,56,qpAdaptive,1,1,0.00352363,311,7,8.42702,581,581,0,0.000114758,0.00249477,0,0,0.0270965,0.209003,1,1,7,0,0,0,0.790997,0.196141,0.0128617,311,77407,286
1,table_pick,56,qpFreeGate,1,1,0.068868,7442,23,10.1206,872,872,0,0.00236103,0.00249477,0,0,0.00466513,0,53,17,0.433962,0,0,0,1,0,0,0,0,0
1,table_pick,56,qpEnvelope,1,1,0.00288889,239,7,8.42138,549,549,0,0.000107988,0.00249477,0,0,0.0352359,0.196653,1,1,7,0,0,0,0.803347,0.179916,0.0167364,239,59289,227
1,table_pick,63,isSafe,1,1,0.00964024,1747,10,7.66611,5,385,0,0.00631008,0.00249477,0,0,0,0,24,7,0.416667,0,0,0,0,0,0,0,0,0
1,table_pick,63,qpFixed,1,1,0.00920995,889,7,8.82204,636,636,0,0.00410485,0.00249477,0,0,0.0112212,0,3,2,2.33333,0,0,0,1,0,0,889,231228,472
1,table_pick,63,qpPlain,1,1,0.00996399,889,7,8.82204,636,636,0,0.00410485,0.00249477,0,0,0.0112212,0,3,2,2.33333,0,0,0,1,0,0,889,304927,889
1,table_pick,63,qpAdaptive,1,1,0.00432681,367,7,8.84776,529,529,0,0.00412669,0.00249477,0,0,0.0273471,0.411444,3,2,2.33333,0,0,0,0.583106,0.40327,0.013624,367,94390,334
1,table_pick,63,qpFreeGate,1,1,0.0304427,3263,20,7.07686,558,558,0,0.00630769,0.00249477,0,0,0.0058397,0,24,10,0.833333,0,0,0,1,0,0,0,0,0
1,table_pick,63,qpEnvelope,1,1,0.0018321,125,7,8.80348,471,471,0,0.00409597,0.00249477,0,0,0.0802832,0.568,3,2,2.33333,0,0,0,0.432,0.52,0.048,125,32919,111
1,table_pick,70,isSafe,1,1,0.0195477,3524,18,13.2888,8,666,0,0.00402098,0.00249477,0,0,0,0,60,14,0.3,0,0,0,0,0,0,0,0,0
1,table_pick,70,qpFixed,1,1,0.00643158,698,7,8.53126,699,699,0,0.00317377,0.00249477,0,0,0.0122224,0,1,1,7,0,0,0,1,0,0,698,169757,94
1,table_pick,70,qpPlain,1,1,0.00736042,698,7,8.53126,699,699,0,0.00317377,0.00249477,0,0,0.0122224,0,1,1,7,0,0,0,1,0,0,698,239414,698
1,table_pick,70,qpAdaptive,1,1,0.00121263,102,7,8.53153,477,477,0,0.00315627,0.00249477,0,0,0.0836425,0.519608,1,1,7,0,0,0,0.470588,0.480392,0.0490196,102,29876,69
1,table_pick,70,qpFreeGate,1,1,0.0695782,7409,21,9.01546,852,852,0,0.00100404,0.00249477,0,0,0.00438472,0,51,15,0.411765,0,0,0,1,0,0,0,0,0
1,table_pick,70,qpEnvelope,1,1,0.000725486,48,7,8.53259,450,450,0,0.00289243,0.00249477,0,0,0.177762,0.583333,1,1,7,0,0,0,0.416667,0.479167,0.104167,48,13887,33
1,table_pick,77,isSafe,1,1,0.00856846,1546,10,10.3251,7,518,0,0.00713065,0.00249477,0,0,0,0,28,6,0.357143,0,0,0,0,0,0,0,0,0
1,table_pick,77,qpFixed,1,1,0.00469824,469,7,5.94933,470,470,0,0.00519544,0.00249477,0,0,0.0126851,0,1,1,7,0,0,0,1,0,0,469,124663,208
1,table_pick,77,qpPlain,1,1,0.00501174,469,7,5.94933,470,470,0,0.00519544,0.00249477,0,0,0.0126851,0,1,1,7,0,0,0,1,0,0,469,160867,469
1,table_pick,77,qpAdaptive,1,1,0.00160973,143,7,5.96188,365,365,0,0.00517073,0.00249477,0,0,0.0416915,0.783217,1,1,7,0,0,0,0.202797,0.762238,0.034965,143,40767,88
1,table_pick,77,qpFreeGate,1,1,0.0332889,3576,11,11.2525,945,945,0,0.00715223,0.00249477,0,0,0.00423515,0,28,6,0.392857,0,0,0,1,0,0,0,0,0
1,table_pick,77,qpEnvelope,1,1,0.0100819,832,32,16.6055,890,890,0,0.00380942,0.00249477,0,0,0.0510036,0.201923,11,11,2.90909,0,0,0,0.788462,0.171875,0.0396635,832,234079,725
1,table_pick,84,isSafe,1,1,0.0200761,3621,19,17.4689,10,875,0,0.00266756,0.00249477,0,0,0,0,66,15,0.287879,0,0,0,0,0,0,0,0,0
1,table_pick,84,qpFixed,1,1,0.00711154,741,7,9.25901,742,742,0,0.00110616,0.00249477,0,0,0.0124953,0,1,1,7,0,0,0,1,0,0,741,179705,260
1,table_pick,84,qpPlain,1,1,0.00792885,741,7,9.25901,742,742,0,0.00110616,0.00249477,0,0,0.0124953,0,1,1,7,0,0,0,1,0,0,741,254163,741
1,table_pick,84,qpAdaptive,1,1,0.00219395,187,7,9.26397,555,555,0,0.00110505,0.00249477,0,0,0.0495399,0.449198,1,1,7,0,0,0,0.550802,0.42246,0.026738,187,53074,152
1,table_pick,84,qpFreeGate,1,1,0.108902,11570,34,12.2461,873,873,0,0.00639225,0.00249477,0,0,0.00488851,0,89,30,0.382022,0,0,0,1,0,0,0,0,0
1,table_pick,84,qpEnvelope,1,1,0.00149824,107,7,9.27195,517,517,0,0.00101053,0.00249477,0,0,0.0866537,0.411215,1,1,7,0,0,0,0.588785,0.364486,0.046729,107,30481,92
1,table_pick,91,isSafe,1,1,0.0264046,4781,24,7.00172,5,352,0,0.00228832,0.00249477,0,0,0,0,120,20,0.2,0,0,0,0,0,0,0,0,0
1,table_pick,91,qpFixed,1,1,0.00622988,555,7,5.92311,556,556,0,0.000245071,0.00249477,0,0,0.0106723,0,1,1,7,0,0,0,1,0,0,555,159660,324
1,table_pick,91,qpPlain,1,1,0.00644186,555,7,5.92311,556,556,0,0.000245071,0.00249477,0,0,0.0106723,0,1,1,7,0,0,0,1,0,0,555,190365,555
1,table_pick,91,qpAdaptive,1,1,0.00352808,268,7,5.92589,453,453,0,0.000245071,0.00249477,0,0,0.0221115,0.208955,1,1,7,0,0,0,0.787313,0.197761,0.0149254,268,81140,249
1,table_pick,91,qpFreeGate,1,1,0.0233703,2465,20,9.53582,1208,1208,0,0.00571618,0.00249477,0,0,0.0045586,0,14,5,1.42857,0,0,0,1,0,0,0,0,0
1,table_pick,91,qpEnvelope,1,1,0.00307609,217,7,5.93916,429,429,0,0.000248143,0.00249477,0,0,0.0273694,0.16129,1,1,7,0,0,0,0.83871,0.142857,0.0184332,217,65738,208
1,table_pick,98,isSafe,1,1,0.00695924,1256,9,10.0607,7,505,0,3.23904e-06,0.00249477,0,0,0,0,7,4,1.28571,0,0,0,0,0,0,0,0,0
1,table_pick,98,qpFixed,1,1,0.00527054,498,7,5.74716,499,499,0,0.0014351,0.00249477,0,0,0.0115405,0,1,1,7,0,0,0,1,0,0,498,126116,357
1,table_pick,98,qpPlain,1,1,0.00564957,498,7,5.74716,499,499,0,0.0014351,0.00249477,0,0,0.0115405,0,1,1,7,0,0,0,1,0,0,498,170814,498
1,table_pick,98,qpAdaptive,1,1,0.00291859,247,7,5.75409,430,430,0,0.00149313,0.00249477,0,0,0.0232959,0.425101,1,1,7,0,0,0,0.57085,0.412955,0.0161943,247,64525,229
1,table_pick,98,qpFreeGate,1,1,0.0393748,4223,15,9.3357,756,756,0,0.00354107,0.00249477,0,0,0.00528835,0,31,10,0.483871,0,0,0,1,0,0,0,0,0
1,table_pick,98,qpEnvelope,1,1,0.00127778,92,7,5.82,343,343,0,0.00152743,0.00249477,0,0,0.0632608,0.51087,1,1,7,0,0,0,0.48913,0.456522,0.0543478,92,24862,84
1,cage,5,isSafe,1,1,0.346598,86810,496,22.7363,13,1138,0,0.00522071,0.00249477,0,0,0,0,4438,493,0.111762,0,0,0,0,0,0,0,0,0
1,cage,5,qpFixed,1,1,0.449824,47235,202,35.9769,2923,2923,105,-0.00028925,0.00249477,0,0,0.00811539,0,198,126,1.0202,0,0,0,1,0,0,47235,12530094,43152
1,cage,5,qpPlain,1,1,0.483401,47235,202,35.9769,2923,2923,105,-0.00028925,0.00249477,0,0,0.00811539,0,198,126,1.0202,0,0,0,1,0,0,47235,16201605,47235
1,cage,5,qpAdaptive,1,1,0.357155,34962,202,36.0382,2503,2503,105,-0.000290722,0.00249477,0,0,0.0109792,0.188262,198,126,1.0202,0,0,0,0.810709,0.186116,0.00317488,34962,9314641,34330
1,cage,5,qpFreeGate,1,1,3.66739,478265,759,17.2075,1638,1638,0,0.0100395,0.00249477,0,0,0.00280488,0,4097,729,0.185258,0,0,0,1,0,0,0,0,0
1,cage,5,qpEnvelope,1,1,0.302143,28466,202,36.1193,2309,2309,107,-0.000273567,0.00249477,0,0,0.0135521,0.129663,198,127,1.0202,0,0,0,0.869774,0.125448,0.00477763,28466,7538357,28247
1,cage,12,isSafe,1,1,0.630952,157311,966,17.7172,11,887,0,0.0054211,0.00249477,0,0,0,0,9256,963,0.104365,0,0,0,0,0,0,0,0,0
1,cage,12,qpFixed,1,1,0.133785,13861,82,15.6206,1470,1470,0,0.000740176,0.00249477,0,0,0.00860112,0,53,39,1.54717,0,0,0,1,0,0,13861,3615402,12545
1,cage,12,qpPlain,1,1,0.144522,13861,82,15.6206,1470,1470,0,0.000740176,0.00249477,0,0,0.00860112,0,53,39,1.54717,0,0,0,1,0,0,13861,4754323,13861
1,cage,12,qpAdaptive,1,1,0.126589,12344,102,15.3389,1083,1083,0,0.00180824,0.00249477,0,0,0.0130758,0.327285,73,53,1.39726,0,0,0,0.670123,0.324287,0.00558976,12344,3258243,12009
1,cage,12,qpFreeGate,1,1,2.19554,285672,478,14.9013,1827,1827,0,0.0066287,0.00249477,0,0,0.0029377,0,2311,457,0.206837,0,0,0,1,0,0,0,0,0
1,cage,12,qpEnvelope,1,1,0.0907181,8301,99,15.4257,948,948,0,0.00162467,0.00249477,0,0,0.019535,0.241537,73,53,1.35616,0,0,0,0.756776,0.233345,0.00987833,8301,2181711,8193
1,cage,19,isSafe,1,1,1.45851,351944,2508,29.4044,18,1472,0,0.0126504,0.00249477,0,0,0,0,25410,2504,0.0987013,0,0,0,0,0,0,0,0,0
1,cage,19,qpFixed,1,1,0.342009,35156,146,18.4131,1517,1517,32,-3.56478e-05,0.00249477,0,0,0.0080838,0,145,91,1.0069,0,0,0,1,0,0,35156,9532764,31990
1,cage,19,qpPlain,1,1,0.361996,35156,146,18.4131,1517,1517,32,-3.56478e-05,0.00249477,0,0,0.0080838,0,145,91,1.0069,0,0,0,1,0,0,35156,12058508,35156
1,cage,19,qpAdaptive,1,1,0.25497,24271,148,18.4792,1368,1368,88,-0.0114051,0.00249477,0,0,0.0117543,0.259487,145,91,1.02069,0,0,0,0.739071,0.256273,0.00465576,24271,6633029,23659
1,cage,19,qpFreeGate,1,1,1.1813,153251,252,27.0537,3023,3023,0,0.00511106,0.00249477,0,0,0.00297351,0,1167,231,0.215938,0,0,0,1,0,0,0,0,0
1,cage,19,qpEnvelope,1,1,0.300714,27468,194,20.2183,1303,1303,142,-3.43112e-05,0.00249477,0,0,0.0139585,0.122033,204,123,0.95098,0,0,0,0.877203,0.1173,0.00549731,27468,7446871,27162
1,cage,26,isSafe,1,1,1.28837,309593,2153,33.1831,20,1661,0,0.00318787,0.00249477,0,0,0,0,19953,2148,0.107904,0,0,0,0,0,0,0,0,0
1,cage,26,qpFixed,1,1,0.213891,22489,115,19.0851,1499,1499,0,0.00294505,0.00249477,0,0,0.00897838,0,89,67,1.29213,0,0,0,1,0,0,22489,5875831,20458
1,cage,26,qpPlain,1,1,0.230453,22489,115,19.0851,1499,1499,0,0.00294505,0.00249477,0,0,0.00897838,0,89,67,1.29213,0,0,0,1,0,0,22489,7713727,22489
1,cage,26,qpAdaptive,1,1,0.146511,14223,114,18.761,1211,1211,0,0.00263822,0.00249477,0,0,0.0141646,0.347676,89,67,1.2809,0,0,0,0.650425,0.343669,0.00590593,14223,3715089,13957
1,cage,26,qpFreeGate,1,1,3.38233,438928,766,14.2481,1749,1749,0,0.00236188,0.00249477,0,0,0.00293459,0,3661,740,0.209232,0,0,0,1,0,0,0,0,0
1,cage,26,qpEnvelope,1,1,0.108765,9881,118,18.8304,1050,1050,0,0.00201946,0.00249477,0,0,0.0205138,0.270722,89,68,1.32584,0,0,0,0.727254,0.261411,0.0113349,9881,2530442,9781
1,cage,33,isSafe,1,1,0.0138925,3511,19,15.8652,9,795,0,0.0187532,0.00249477,0,0,0,0,55,15,0.345455,0,0,0,0,0,0,0,0,0
1,cage,33,qpFixed,1,1,0.095545,9792,63,15.1171,1190,1190,0,0.000735146,0.00249477,0,0,0.00944824,0,36,29,1.75,0,0,0,1,0,0,9792,2714723,8938
1,cage,33,qpPlain,1,1,0.100253,9792,63,15.1171,1190,1190,0,0.000735146,0.00249477,0,0,0.00944824,0,36,29,1.75,0,0,0,1,0,0,9792,3358656,9792
1,cage,33,qpAdaptive,1,1,0.0696779,6593,63,15.1681,991,991,0,0.000705972,0.00249477,0,0,0.014138,0.382982,36,29,1.75,0,0,0,0.614136,0.379645,0.00621872,6593,1859038,6492
1,cage,33,qpFreeGate,1,1,0.758767,98791,187,20.141,2181,2181,0,0.00231634,0.00249477,0,0,0.00334661,0,731,172,0.255814,0,0,0,1,0,0,0,0,0
1,cage,33,qpEnvelope,1,1,0.0351987,3022,51,17.6685,1037,1037,0,0.000970203,0.00249477,0,0,0.0269623,0.337525,29,25,1.75862,0,0,0,0.660159,0.324619,0.0152217,3022,875597,2892
1,cage,40,isSafe,1,1,0.0456344,11560,58,15.2417,9,764,0,0.00353135,0.00249477,0,0,0,0,342,54,0.169591,0,0,0,0,0,0,0,0,0
1,cage,40,qpFixed,1,1,0.0267853,3011,28,17.6103,1460,1460,0,0.00148906,0.00249477,0,0,0.0114219,0,8,8,3.5,0,0,0,1,0,0,3011,828962,2055
1,cage,40,qpPlain,1,1,0.118405,3011,28,17.6103,1460,1460,0,0.00148906,0.00249477,0,0,0.0114219,0,8,8,3.5,0,0,0,1,0,0,3011,1032773,3011
1,cage,40,qpAdaptive,1,1,0.0606093,1240,27,17.6356,1179,1179,0,0.0011479,0.00249477,0,0,0.0277761,0.437097,8,8,3.375,0,0,0,0.557258,0.422581,0.0201613,1240,362075,1061
1,cage,40,qpFreeGate,1,1,2.59251,226675,402,22.4571,2204,2204,0,0.00329596,0.00249477,0,0,0.00304437,0,1992,395,0.201807,0,0,0,1,0,0,0,0,0
1,cage,40,qpEnvelope,1,1,0.0587197,894,24,13.843,785,785,0,0.00271246,0.00249477,0,0,0.0318803,0.409396,8,8,3,0,0,0,0.582774,0.392617,0.0246085,894,269919,854
1,cage,47,isSafe,1,1,1.51087,366551,2586,24.9455,16,1249,0,0.000274781,0.00249477,0,0,0,0,24762,2582,0.104434,0,0,0,0,0,0,0,0,0
1,cage,47,qpFixed,1,1,0.10525,10883,64,32.8129,2738,2738,77,-4.20273e-05,0.00249477,0,0,0.00943825,0,39,33,1.64103,0,0,0,1,0,0,10883,2953351,9789
1,cage,47,qpPlain,1,1,0.112141,10883,64,32.8129,2738,2738,77,-4.20273e-05,0.00249477,0,0,0.00943825,0,39,33,1.64103,0,0,0,1,0,0,10883,3732869,10883
1,cage,47,qpAdaptive,1,1,0.0840938,8092,64,32.8376,2463,2463,77,-4.22546e-05,0.00249477,0,0,0.012708,0.223801,39,33,1.64103,0,0,0,0.774963,0.22133,0.00370737,8092,2185493,7863
1,cage,47,qpFreeGate,1,1,1.00043,130342,252,28.7156,3202,3202,0,0.00273779,0.00249477,0,0,0.00341496,0,991,234,0.254289,0,0,0,1,0,0,0,0,0
1,cage,47,qpEnvelope,1,1,0.117222,10810,105,17.6859,1158,1158,0,0.000479558,0.00249477,0,0,0.0166543,0.162165,80,59,1.3125,0,0,0,0.837188,0.155597,0.00721554,10810,2871433,10696
1,cage,54,isSafe,1,1,0.264603,66064,364,16.1292,10,808,0,0.0148742,0.00249477,0,0,0,0,3147,360,0.115666,0,0,0,0,0,0,0,0,0
1,cage,54,qpFixed,1,1,0.172345,18010,90,19.0664,1597,1597,0,0.00156073,0.00249477,0,0,0.00835814,0,69,48,1.30435,0,0,0,1,0,0,18010,4808022,15776
1,cage,54,qpPlain,1,1,0.183519,18010,90,19.0664,1597,1597,0,0.00156073,0.00249477,0,0,0.00835814,0,69,48,1.30435,0,0,0,1,0,0,18010,6177430,18010
1,cage,54,qpAdaptive,1,1,0.116409,11186,89,20.5813,1375,1375,0,0.00018772,0.00249477,0,0,0.0134072,0.326122,69,48,1.28986,0,0,0,0.671911,0.322278,0.00581083,11186,3006453,10844
1,cage,54,qpFreeGate,1,1,3.76393,487654,807,21.4048,2612,2612,0,0.00297304,0.00249477,0,0,0.00280656,0,4335,774,0.186159,0,0,0,1,0,0,0,0,0
1,cage,54,qpEnvelope,1,1,0.0855692,7602,91,21.317,1402,1402,0,1.22778e-05,0.00249477,0,0,0.0199302,0.233491,69,48,1.31884,0,0,0,0.765325,0.224152,0.0105235,7602,2047398,7466
1,cage,61,isSafe,1,1,0.199213,49785,256,18.9309,11,948,0,0.00547992,0.00249477,0,0,0,0,2116,253,0.120983,0,0,0,0,0,0,0,0,0
1,cage,61,qpFixed,1,1,0.0170243,1881,12,11.6926,1020,1020,32,-0.00271571,0.00249477,0,0,0.00986505,0,6,5,2,0,0,0,1,0,0,1881,491137,1450
1,cage,61,qpPlain,1,1,0.0183878,1881,12,11.6926,1020,1020,32,-0.00271571,0.00249477,0,0,0.00986505,0,6,5,2,0,0,0,1,0,0,1881,645183,1881
1,cage,61,qpAdaptive,1,1,0.00851012,824,12,11.7094,768,768,31,-0.00287264,0.00249477,0,0,0.0225584,0.467233,6,5,2,0,0,0,0.527913,0.461165,0.0109223,824,226891,764
1,cage,61,qpFreeGate,1,1,1.51523,194584,354,28.1515,2731,2731,0,0.00228294,0.00249477,0,0,0.00316314,0,1786,346,0.198208,0,0,0,1,0,0,0,0,0
1,cage,61,qpEnvelope,1,1,0.00592183,516,12,11.2006,685,685,34,-0.00315102,0.00249477,0,0,0.0363129,0.296512,6,5,2,0,0,0,0.703488,0.27907,0.0174419,516,143978,497
1,cage,68,isSafe,1,1,0.291474,72834,406,33.5696,19,1680,0,0.00216002,0.00249477,0,0,0,0,3463,402,0.117239,0,0,0,0,0,0,0,0,0
1,cage,68,qpFixed,1,1,0.57846,32914,151,23.1791,1917,1917,0,0.000725897,0.00249477,0,0,0.00831725,0,129,91,1.17054,0,0,0,1,0,0,32914,8862864,29237
1,cage,68,qpPlain,1,1,0.66986,32914,151,23.1791,1917,1917,0,0.000725897,0.00249477,0,0,0.00831725,0,129,91,1.17054,0,0,0,1,0,0,32914,11289502,32914
1,cage,68,qpAdaptive,1,1,0.475375,22862,151,23.2043,1565,1565,0,0.000720616,0.00249477,0,0,0.0119959,0.252996,129,91,1.17054,0,0,0,0.745692,0.250328,0.0039804,22862,6201883,22494
1,cage,68,qpFreeGate,1,1,3.09327,201578,364,21.849,1921,1921,0,0.00321341,0.00249477,0,0,0.00323839,0,1506,346,0.2417,0,0,0,1,0,0,0,0,0
1,cage,68,qpEnvelope,1,1,0.325875,14995,143,27.0522,1823,1823,0,2.51713e-06,0.00249477,0,0,0.0165375,0.186996,114,83,1.25439,0,0,0,0.811537,0.181394,0.00706902,14995,3964454,14835
1,cage,75,isSafe,1,1,1.32667,284357,1940,29.9095,19,1497,0,0.00366616,0.00249477,0,0,0,0,17968,1937,0.10797,0,0,0,0,0,0,0,0,0
1,cage,75,qpFixed,1,1,0.167321,17862,94,13.9729,1219,1219,45,-0.00385451,0.00249477,0,0,0.00885103,0,71,52,1.32394,0,0,0,1,0,0,17862,4613468,16416
1,cage,75,qpPlain,1,1,0.180331,17862,94,13.9729,1219,1219,45,-0.00385451,0.00249477,0,0,0.00885103,0,71,52,1.32394,0,0,0,1,0,0,17862,6126666,17862
1,cage,75,qpAdaptive,1,1,0.128434,12704,94,13.9975,942,942,44,-0.00413603,0.00249477,0,0,0.0124709,0.24937,71,52,1.32394,0,0,0,0.749449,0.246458,0.0040932,12704,3309031,12474
1,cage,75,qpFreeGate,1,1,4.71293,527868,887,31.2156,3924,3924,0,0.00269266,0.00249477,0,0,0.0028224,0,4554,840,0.194774,0,0,0,1,0,0,0,0,0
1,cage,75,qpEnvelope,1,1,0.100422,9357,93,14.0386,856,856,44,-0.00554122,0.00249477,0,0,0.016941,0.172812,71,52,1.30986,0,0,0,0.826333,0.165865,0.00780165,9357,2439970,9284
1,cage,82,isSafe,1,1,0.0816701,20636,105,19.8828,11,996,0,0.00713766,0.00249477,0,0,0,0,718,101,0.14624,0,0,0,0,0,0,0,0,0
1,cage,82,qpFixed,1,1,0.0137797,1499,12,10.9689,944,944,0,0.000654211,0.00249477,0,0,0.011518,0,3,3,4,0,0,0,1,0,0,1499,434179,1020
1,cage,82,qpPlain,1,1,0.0141962,1499,12,10.9689,944,944,0,0.000654211,0.00249477,0,0,0.011518,0,3,3,4,0,0,0,1,0,0,1499,514157,1499
1,cage,82,qpAdaptive,1,1,0.00708914,684,12,10.975,764,764,0,0.000586484,0.00249477,0,0,0.0252739,0.29386,3,3,4,0,0,0,0.701754,0.283626,0.0146199,684,208128,608
1,cage,82,qpFreeGate,1,1,2.94332,381022,608,23.7112,2379,2379,0,0.00329711,0.00249477,0,0,0.00264942,0,3334,590,0.182364,0,0,0,1,0,0,0,0,0
1,cage,82,qpEnvelope,1,1,0.00602761,546,12,10.9911,715,715,0,0.000399259,0.00249477,0,0,0.0316734,0.164835,3,3,4,0,0,0,0.833333,0.148352,0.018315,546,167004,511
1,cage,89,isSafe,1,1,0.43869,109428,643,14.7703,9,740,0,0.0150658,0.00249477,0,0,0,0,5756,639,0.11171,0,0,0,0,0,0,0,0,0
1,cage,89,qpFixed,1,1,0.0672471,7460,45,19.3696,1517,1517,0,7.00645e-05,0.00249477,0,0,0.0100115,0,25,22,1.8,0,0,0,1,0,0,7460,1873984,6257
1,cage,89,qpPlain,1,1,0.0736056,7460,45,19.3696,1517,1517,0,7.00645e-05,0.00249477,0,0,0.0100115,0,25,22,1.8,0,0,0,1,0,0,7460,2558780,7460
1,cage,89,qpAdaptive,1,1,0.0410062,4159,46,19.384,1277,1277,0,6.87279e-05,0.00249477,0,0,0.0180304,0.383265,25,22,1.84,0,0,0,0.613369,0.377975,0.00865593,4159,1060200,3938
1,cage,89,qpFreeGate,1,1,0.891772,116605,223,14.5379,1593,1593,0,0.00953134,0.00249477,0,0,0.00341107,0,861,205,0.259001,0,0,0,1,0,0,0,0,0
1,cage,89,qpEnvelope,1,1,0.0298624,2789,46,19.4405,1139,1139,0,6.25596e-05,0.00249477,0,0,0.0270209,0.267479,25,22,1.84,0,0,0,0.728218,0.255289,0.0164934,2789,704995,2691
1,cage,96,isSafe,1,1,1.01299,247548,1661,26.9405,16,1349,0,0.00967481,0.00249477,0,0,0,0,16268,1657,0.102102,0,0,0,0,0,0,0,0,0
1,cage,96,qpFixed,1,1,0.315482,32649,130,27.3291,2096,2096,15,-0.00694365,0.00249477,0,0,0.00792546,0,136,81,0.955882,0,0,0,1,0,0,32649,8855034,29924
1,cage,96,qpPlain,1,1,0.336706,32649,130,27.3291,2096,2096,15,-0.00694365,0.00249477,0,0,0.00792546,0,136,81,0.955882,0,0,0,1,0,0,32649,11198607,32649
1,cage,96,qpAdaptive,1,1,0.234841,22617,131,27.3495,1792,1792,14,-0.0064703,0.00249477,0,0,0.0114547,0.232568,136,81,0.963235,0,0,0,0.76637,0.229916,0.00371402,22617,6125503,22192
1,cage,96,qpFreeGate,1,1,3.3424,432674,694,14.6343,1713,1713,0,0.00465386,0.00249477,0,0,0.0027598,0,3548,667,0.195603,0,0,0,1,0,0,0,0,0
1,cage,96,qpEnvelope,1,1,0.237178,20835,141,36.0057,2369,2369,0,8.74356e-06,0.00249477,0,0,0.0144214,0.182049,170,94,0.829412,0,0,0,0.817087,0.177442,0.00547156,20835,5681788,20641
1,bookshelf_tall,7,isSafe,1,0,10.003,2,1,0,0,0,0,inf,inf,0,0,0,0,0,0,0,0,0,0,0,0,0,0,0,0
1,bookshelf_tall,7,qpFixed,1,0,10.0002,645604,3018,0,0,0,0,inf,inf,0,0,0.00831708,0,10327,3016,0.292244,0,0,0,1,0,0,645604,190495785,544861
1,bookshelf_tall,7,qpPlain,1,0,10.0008,756351,3473,0,0,0,0,inf,inf,0,0,0.0081542,0,12161,3471,0.285585,0,0,0,1,0,0,756351,259428393,756351
1,bookshelf_tall,7,qpAdaptive,1,0,10.0002,720695,4134,0,0,0,0,inf,inf,0,0,0.0102021,0.113119,14939,4132,0.276725,0,0,0,0.884246,0.112258,0.00349602,720695,214316826,696637
1,bookshelf_tall,7,qpFreeGate,1,0,10.0039,756063,2549,0,0,0,0,inf,inf,0,0,0.00424811,0,15287,2547,0.166743,0,0,0,1,0,0,0,0,0
1,bookshelf_tall,7,qpEnvelope,1,0,10.0004,645570,4102,0,0,0,0,inf,inf,0,0,0.0114033,0.0178385,14875,4100,0.275765,0,0,0,0.9817,0.0143006,0.0039998,645570,191684782,638536
1,bookshelf_tall,14,isSafe,1,0,10.0017,644889,5339,0,0,0,0,inf,inf,0,0,0,0,51087,5337,0.104508,0,0,0,0,0,0,0,0,0
1,bookshelf_tall,14,qpFixed,1,0,10.0054,535902,1157,0,0,0,0,inf,inf,0,0,0.00596067,0,2314,1051,0.5,0,0,0,1,0,0,535902,160645734,507502
1,bookshelf_tall,14,qpPlain,1,0,10.0057,390464,900,0,0,0,0,inf,inf,0,0,0.00611281,0,1624,800,0.554187,0,0,0,1,0,0,390464,133929152,390464
1,bookshelf_tall,14,qpAdaptive,1,0,10.0021,409246,1008,0,0,0,0,inf,inf,0,0,0.00670247,0.0504758,1919,902,0.525274,0,0,0,0.949255,0.0497795,0.000965192,409246,123357779,404751
1,bookshelf_tall,14,qpFreeGate,1,0,10.0012,487108,865,0,0,0,0,inf,inf,0,0,0.00288294,0,4670,863,0.185225,0,0,0,1,0,0,0,0,0
1,bookshelf_tall,14,qpEnvelope,1,0,10.0043,565198,1382,0,0,0,0,inf,inf,0,0,0.00683727,0.0104017,2911,1275,0.474751,0,0,0,0.989535,0.00938966,0.00107573,565198,170184076,563017
1,bookshelf_tall,22,isSafe,1,1,0.235381,31739,164,21.0608,12,1055,0,0.00680062,0.00249477,0,0,0,0,1296,161,0.126543,0,0,0,0,0,0,0,0,0
1,bookshelf_tall,22,qpFixed,1,1,0.0290636,2143,23,16.8457,1308,1308,0,0.000379294,0.00249477,0,0,0.0109519,0,4,4,5.75,0,0,0,1,0,0,2143,628850,2091
1,bookshelf_tall,22,qpPlain,1,1,0.029473,2143,23,16.8457,1308,1308,0,0.000379294,0.00249477,0,0,0.0109519,0,4,4,5.75,0,0,0,1,0,0,2143,735049,2143
1,bookshelf_tall,22,qpAdaptive,1,1,0.0245178,1718,23,16.861,1211,1211,0,0.000390583,0.00249477,0,0,0.0136666,0.191502,4,4,5.75,0,0,0,0.80617,0.186263,0.00756694,1718,513188,1696
1,bookshelf_tall,22,qpFreeGate,1,1,0.247837,21809,48,25.9316,2494,2494,0,0.00670096,0.00249477,0,0,0.00354381,0,166,41,0.289157,0,0,0,1,0,0,0,0,0
1,bookshelf_tall,22,qpEnvelope,1,1,0.0178091,1195,21,16.8898,1062,1062,0,0.000402437,0.00249477,0,0,0.0196777,0.111297,4,4,5.25,0,0,0,0.885356,0.104603,0.0100418,1195,363057,1188
1,bookshelf_tall,30,isSafe,1,0,10.0025,2,1,0,0,0,0,inf,inf,0,0,0,0,0,0,0,0,0,0,0,0,0,0,0,0
1,bookshelf_tall,30,qpFixed,1,0,10.0002,682572,3075,0,0,0,0,inf,inf,0,0,0.00816558,0,10831,3073,0.283907,0,0,0,1,0,0,682572,201683494,586273
1,bookshelf_tall,30,qpPlain,1,0,10.0009,750853,3363,0,0,0,0,inf,inf,0,0,0.00810205,0,11947,3361,0.281493,0,0,0,1,0,0,750853,257542579,750853
1,bookshelf_tall,30,qpAdaptive,1,0,10.0005,688535,3889,0,0,0,0,inf,inf,0,0,0.0101741,0.10965,14083,3887,0.276149,0,0,0,0.887778,0.108779,0.00344301,688535,204980361,666512
1,bookshelf_tall,30,qpFreeGate,1,0,10.0009,859791,2780,0,0,0,0,inf,inf,0,0,0.00402835,0,17515,2778,0.158721,0,0,0,1,0,0,0,0,0
1,bookshelf_tall,30,qpEnvelope,1,0,10.0046,532879,3397,0,0,0,0,inf,inf,0,0,0.0116117,0.0204737,12111,3395,0.280489,0,0,0,0.979019,0.0170014,0.00397955,532879,158404205,527107
1,bookshelf_tall,37,isSafe,1,0,10.0022,2,1,0,0,0,0,inf,inf,0,0,0,0,0,0,0,0,0,0,0,0,0,0,0,0
1,bookshelf_tall,37,qpFixed,1,1,0.0273178,2117,23,16.5688,1230,1230,0,0.000468988,0.00249477,0,0,0.0117453,0,5,5,4.6,0,0,0,1,0,0,2117,575236,1634
1,bookshelf_tall,37,qpPlain,1,1,0.0299025,2117,23,16.5688,1230,1230,0,0.000468988,0.00249477,0,0,0.0117453,0,5,5,4.6,0,0,0,1,0,0,2117,726131,2117
1,bookshelf_tall,37,qpAdaptive,1,1,0.0167205,1160,20,16.5715,1086,1086,0,0.000461941,0.00249477,0,0,0.0214048,0.230172,5,5,4,0,0,0,0.766379,0.22069,0.012931,1160,317440,1059
1,bookshelf_tall,37,qpFreeGate,1,0,10.0008,865505,2876,0,0,0,0,inf,inf,0,0,0.00411304,0,17745,2874,0.162074,0,0,0,1,0,0,0,0,0
1,bookshelf_tall,37,qpEnvelope,1,1,0.0129789,882,20,16.5644,1004,1004,0,0.00039003,0.00249477,0,0,0.028172,0.100907,5,5,4,0,0,0,0.897959,0.0827664,0.0192744,882,241816,854
1,bookshelf_tall,44,isSafe,1,0,10.0044,2,1,0,0,0,0,inf,inf,0,0,0,0,0,0,0,0,0,0,0,0,0,0,0,0
1,bookshelf_tall,44,qpFixed,1,0,10.0004,564619,2451,0,0,0,0,inf,inf,0,0,0.00809896,0,8841,2449,0.277231,0,0,0,1,0,0,564619,167386549,497380
1,bookshelf_tall,44,qpPlain,1,0,10.0018,625024,2716,0,0,0,0,inf,inf,0,0,0.00802486,0,9837,2714,0.2761,0,0,0,1,0,0,625024,214383232,625024
1,bookshelf_tall,44,qpAdaptive,1,0,10.0013,400150,2198,0,0,0,0,inf,inf,0,0,0.0103135,0.110783,7843,2196,0.28025,0,0,0,0.886803,0.110195,0.00300231,400150,119702876,389249
1,bookshelf_tall,44,qpFreeGate,1,0,10.0024,674264,2028,0,0,0,0,inf,inf,0,0,0.00392407,0,13599,2026,0.149129,0,0,0,1,0,0,0,0,0
1,bookshelf_tall,44,qpEnvelope,1,0,10.0004,487803,2884,0,0,0,0,inf,inf,0,0,0.0109836,0.0224086,10595,2882,0.272204,0,0,0,0.977034,0.0195655,0.00340061,487803,145587425,483554
1,bookshelf_tall,51,isSafe,1,0,10.0059,2,1,0,0,0,0,inf,inf,0,0,0,0,0,0,0,0,0,0,0,0,0,0,0,0
1,bookshelf_tall,51,qpFixed,1,0,10.0007,728411,3251,0,0,0,0,inf,inf,0,0,0.00815186,0,11561,3249,0.281204,0,0,0,1,0,0,728411,215253698,625413
1,bookshelf_tall,51,qpPlain,1,0,10,720905,3229,0,0,0,0,inf,inf,0,0,0.00816892,0,11445,3227,0.282132,0,0,0,1,0,0,720905,247270415,720905
1,bookshelf_tall,51,qpAdaptive,1,0,10.0017,585077,3339,0,0,0,0,inf,inf,0,0,0.0104221,0.111368,11927,3337,0.279953,0,0,0,0.886051,0.110597,0.003352,585077,174720507,566052
1,bookshelf_tall,51,qpFreeGate,1,0,10.0003,822967,2653,0,0,0,0,inf,inf,0,0,0.00408401,0,16495,2651,0.160837,0,0,0,1,0,0,0,0,0
1,bookshelf_tall,51,qpEnvelope,1,0,10.0011,677127,4137,0,0,0,0,inf,inf,0,0,0.0111315,0.0176008,15219,4135,0.271831,0,0,0,0.981938,0.0142655,0.00379632,677127,201277031,670236
1,bookshelf_tall,58,isSafe,1,0,10.0048,2,1,0,0,0,0,inf,inf,0,0,0,0,0,0,0,0,0,0,0,0,0,0,0,0
1,bookshelf_tall,58,qpFixed,1,0,10.0173,739467,3322,0,0,0,0,inf,inf,0,0,0.00796754,0,11909,3320,0.278949,0,0,0,1,0,0,739467,219657356,653755
1,bookshelf_tall,58,qpPlain,1,0,10.0015,626093,2846,0,0,0,0,inf,inf,0,0,0.00812357,0,9995,2844,0.284742,0,0,0,1,0,0,626093,214749899,626093
1,bookshelf_tall,58,qpAdaptive,1,0,10.0015,700381,3906,0,0,0,0,inf,inf,0,0,0.00992704,0.126705,14425,3904,0.27078,0,0,0,0.870323,0.126267,0.00340945,700381,210026394,681415
1,bookshelf_tall,58,qpFreeGate,1,0,10.0001,761591,2260,0,0,0,0,inf,inf,0,0,0.00379041,0,15255,2258,0.148148,0,0,0,1,0,0,0,0,0
1,bookshelf_tall,58,qpEnvelope,1,0,10,675308,4172,0,0,0,0,inf,inf,0,0,0.011058,0.0301211,15545,4170,0.268382,0,0,0,0.969073,0.0268812,0.00404605,675308,201858954,668431
1,bookshelf_tall,65,isSafe,1,1,0.0148631,1836,12,14.1171,9,707,0,0.00130819,0.00249477,0,0,0,0,16,7,0.75,0,0,0,0,0,0,0,0,0
1,bookshelf_tall,65,qpFixed,1,1,0.0681351,4830,30,18.9909,1458,1458,0,0.00122891,0.00249477,0,0,0.00979116,0,15,13,2,0,0,0,1,0,0,4830,1338582,4372
1,bookshelf_tall,65,qpPlain,1,1,0.0716522,4830,30,18.9909,1458,1458,0,0.00122891,0.00249477,0,0,0.00979116,0,15,13,2,0,0,0,1,0,0,4830,1656690,4830
1,bookshelf_tall,65,qpAdaptive,1,1,0.0493483,3360,30,19.0006,1279,1279,0,0.00132451,0.00249477,0,0,0.0140865,0.295833,15,13,2,0,0,0,0.703571,0.291071,0.00535714,3360,913220,3179
1,bookshelf_tall,65,qpFreeGate,1,1,0.100745,8400,22,17.1006,1583,1583,0,0.00196997,0.00249477,0,0,0.00428531,0,50,15,0.44,0,0,0,1,0,0,0,0,0
1,bookshelf_tall,65,qpEnvelope,1,1,0.0350258,2226,34,20.4976,1269,1269,0,0.000992062,0.00249477,0,0,0.0234437,0.172507,16,14,2.125,0,0,0,0.826595,0.162624,0.0107817,2226,594745,2201
1,bookshelf_tall,73,isSafe,1,0,10.0017,2,1,0,0,0,0,inf,inf,0,0,0,0,0,0,0,0,0,0,0,0,0,0,0,0
1,bookshelf_tall,73,qpFixed,1,0,10.0026,511109,1190,0,0,0,0,inf,inf,0,0,0.0061255,0,2182,1073,0.545371,0,0,0,1,0,0,511109,152386774,483371
1,bookshelf_tall,73,qpPlain,1,0,10.0016,509326,1186,0,0,0,0,inf,inf,0,0,0.00612702,0,2173,1069,0.545789,0,0,0,1,0,0,509326,174698818,509326
1,bookshelf_tall,73,qpAdaptive,1,0,10.0001,716469,1694,0,0,0,0,inf,inf,0,0,0.00643112,0.0505479,3525,1568,0.480567,0,0,0,0.949212,0.0498458,0.00094212,716469,215070788,708460
1,bookshelf_tall,73,qpFreeGate,1,0,10.0016,751660,2332,0,0,0,0,inf,inf,0,0,0.00399585,0,15013,2330,0.155332,0,0,0,1,0,0,0,0,0
1,bookshelf_tall,73,qpEnvelope,1,0,10.0012,577256,1480,0,0,0,0,inf,inf,0,0,0.00694252,0.00820087,2933,1367,0.504603,0,0,0,0.991747,0.00721517,0.00103767,577256,173104095,575056
1,bookshelf_tall,80,isSafe,1,0,10.0099,2,1,0,0,0,0,inf,inf,0,0,0,0,0,0,0,0,0,0,0,0,0,0,0,0
1,bookshelf_tall,80,qpFixed,1,0,10.0001,560343,2527,0,0,0,0,inf,inf,0,0,0.00831054,0,8821,2525,0.286475,0,0,0,1,0,0,560343,165982178,484724
1,bookshelf_tall,80,qpPlain,1,0,10.0001,693805,3095,0,0,0,0,inf,inf,0,0,0.00813362,0,11041,3093,0.280319,0,0,0,1,0,0,693805,237975115,693805
1,bookshelf_tall,80,qpAdaptive,1,0,10.0044,527404,2999,0,0,0,0,inf,inf,0,0,0.0104106,0.105735,10669,2997,0.281095,0,0,0,0.891758,0.104905,0.00333674,527404,157682094,511710
1,bookshelf_tall,80,qpFreeGate,1,0,10.0004,624825,2014,0,0,0,0,inf,inf,0,0,0.00415114,0,12635,2012,0.159398,0,0,0,1,0,0,0,0,0
1,bookshelf_tall,80,qpEnvelope,1,0,10.0006,409751,2615,0,0,0,0,inf,inf,0,0,0.0117805,0.0229139,9153,2613,0.285699,0,0,0,0.976533,0.0195548,0.00391244,409751,122162682,405605
1,bookshelf_tall,87,isSafe,1,1,0.00988339,1337,9,10.626,7,533,0,0.0015523,0.00249477,0,0,0,0,15,5,0.6,0,0,0,0,0,0,0,0,0
1,bookshelf_tall,87,qpFixed,1,1,0.00521222,427,6,6.39735,428,428,0,0.00591087,0.00249477,0,0,0.0149821,0,1,1,6,0,0,0,1,0,0,427,123089,80
1,bookshelf_tall,87,qpPlain,1,1,0.00526592,427,6,6.39735,428,428,0,0.00591087,0.00249477,0,0,0.0149821,0,1,1,6,0,0,0,1,0,0,427,146461,427
1,bookshelf_tall,87,qpAdaptive,1,1,0.00157176,121,6,6.3974,372,372,0,0.00591087,0.00249477,0,0,0.0528711,0.77686,1,1,6,0,0,0,0.22314,0.743802,0.0330579,121,37355,59
1,bookshelf_tall,87,qpFreeGate,1,1,0.0140009,1220,12,8.39558,590,590,0,0.00531581,0.00249477,0,0,0.00872631,0,6,4,2,0,0,0,1,0,0,0,0,0
1,bookshelf_tall,87,qpEnvelope,1,1,0.00068507,41,6,6.40211,337,337,0,0.00591087,0.00249477,0,0,0.156149,0.487805,1,1,6,0,0,0,0.512195,0.390244,0.097561,41,12694,28
1,bookshelf_tall,95,isSafe,1,0,10.0037,1197788,11255,0,0,0,0,inf,inf,0,0,0,0,111959,11253,0.100528,0,0,0,0,0,0,0,0,0
1,bookshelf_tall,95,qpFixed,1,0,10.002,513308,1116,0,0,0,0,inf,inf,0,0,0.00602745,0,2201,1010,0.507042,0,0,0,1,0,0,513308,153255340,488420
1,bookshelf_tall,95,qpPlain,1,0,10.0006,448671,1000,0,0,0,0,inf,inf,0,0,0.00609716,0,1891,897,0.528821,0,0,0,1,0,0,448671,153894153,448671
1,bookshelf_tall,95,qpAdaptive,1,0,10.0032,714102,1600,0,0,0,0,inf,inf,0,0,0.00636502,0.0563575,3534,1488,0.452745,0,0,0,0.943376,0.0556603,0.00096345,714102,214583307,707137
1,bookshelf_tall,95,qpFreeGate,1,0,10.0002,618142,1031,0,0,0,0,inf,inf,0,0,0.0027053,0,5479,1028,0.188173,0,0,0,1,0,0,0,0,0
1,bookshelf_tall,95,qpEnvelope,1,0,10.0018,461243,1153,0,0,0,0,inf,inf,0,0,0.00697381,0.00888469,2305,1046,0.500217,0,0,0,0.991059,0.00789174,0.00104934,461243,138292605,459544
1,bookshelf_thin,3,isSafe,1,1,0.0133678,1374,9,11.2394,7,563,0,0.000541163,0.00249477,0,0,0,0,8,5,1.125,0,0,0,0,0,0,0,0,0
1,bookshelf_thin,3,qpFixed,1,1,0.00809194,587,7,8.48993,588,588,0,0.00544607,0.00249477,0,0,0.0144633,0,1,1,7,0,0,0,1,0,0,587,154420,120
1,bookshelf_thin,3,qpPlain,1,1,0.008529,587,7,8.48993,588,588,0,0.00544607,0.00249477,0,0,0.0144633,0,1,1,7,0,0,0,1,0,0,587,201341,587
1,bookshelf_thin,3,qpAdaptive,1,1,0.00136731,92,7,8.5053,472,472,0,0.00544607,0.00249477,0,0,0.0924489,0.836957,1,1,7,0,0,0,0.163043,0.782609,0.0543478,92,24938,40
1,bookshelf_thin,3,qpFreeGate,1,1,0.0498028,3688,13,11.2006,927,927,0,0.00544607,0.00249477,0,0,0.00532485,0,17,9,0.764706,0,0,0,1,0,0,0,0,0
1,bookshelf_thin,3,qpEnvelope,1,1,0.000639377,33,7,8.52332,442,442,0,0.00544607,0.00249477,0,0,0.258282,0.939394,1,1,7,0,0,0,0.0606061,0.787879,0.151515,33,8964,14
1,bookshelf_thin,10,isSafe,1,0,10.0035,2,1,0,0,0,0,inf,inf,0,0,0,0,0,0,0,0,0,0,0,0,0,0,0,0
1,bookshelf_thin,10,qpFixed,1,0,10.0003,569939,1286,0,0,0,0,inf,inf,0,0,0.00607677,0,2388,1169,0.538526,0,0,0,1,0,0,569939,168770122,536495
1,bookshelf_thin,10,qpPlain,1,0,10.0001,620673,1385,0,0,0,0,inf,inf,0,0,0.00604756,0,2628,1265,0.527017,0,0,0,1,0,0,620673,212890839,620673
1,bookshelf_thin,10,qpAdaptive,1,0,10.0024,567383,1412,0,0,0,0,inf,inf,0,0,0.00675019,0.0605746,2696,1292,0.523739,0,0,0,0.939168,0.0598044,0.00102752,567383,168720897,559928
1,bookshelf_thin,10,qpFreeGate,1,0,10.0002,485417,1634,0,0,0,0,inf,inf,0,0,0.00454243,0,9343,1632,0.17489,0,0,0,1,0,0,0,0,0
1,bookshelf_thin,10,qpEnvelope,1,0,10.0005,525172,1368,0,0,0,0,inf,inf,0,0,0.00709326,0.00591616,2603,1249,0.525547,0,0,0,0.994061,0.00488221,0.0010568,525172,155968933,522833
1,bookshelf_thin,17,isSafe,1,1,0.511024,26267,133,9.78605,6,491,0,0.00509988,0.00249477,0,0,0,0,1032,130,0.128876,0,0,0,0,0,0,0,0,0
1,bookshelf_thin,17,qpFixed,1,1,0.0115748,396,5,5.32969,397,397,0,0.00379786,0.00249477,0,0,0.0134588,0,1,1,5,0,0,0,1,0,0,396,106429,149
1,bookshelf_thin,17,qpPlain,1,1,0.0118714,396,5,5.32969,397,397,0,0.00379786,0.00249477,0,0,0.0134588,0,1,1,5,0,0,0,1,0,0,396,135828,396
1,bookshelf_thin,17,qpAdaptive,1,1,0.00655449,165,5,5.32972,330,330,0,0.00379786,0.00249477,0,0,0.0323014,0.460606,1,1,5,0,0,0,0.533333,0.448485,0.0181818,165,47472,132
1,bookshelf_thin,17,qpFreeGate,1,1,0.498932,18540,48,11.263,1095,1095,0,0.00509988,0.00249477,0,0,0.00404972,0,144,43,0.333333,0,0,0,1,0,0,0,0,0
1,bookshelf_thin,17,qpEnvelope,1,1,0.00391123,51,5,5.33592,291,291,0,0.00379786,0.00249477,0,0,0.104626,0.45098,1,1,5,0,0,0,0.529412,0.411765,0.0588235,51,14265,41
1,bookshelf_thin,24,isSafe,1,0,10.0054,2,1,0,0,0,0,inf,inf,0,0,0,0,0,0,0,0,0,0,0,0,0,0,0,0
1,bookshelf_thin,24,qpFixed,1,0,10.0034,478031,2232,0,0,0,0,inf,inf,0,0,0.00850277,0,7473,2230,0.298675,0,0,0,1,0,0,478031,139195610,400547
1,bookshelf_thin,24,qpPlain,1,0,10.0001,586007,2689,0,0,0,0,inf,inf,0,0,0.00832843,0,9243,2687,0.290923,0,0,0,1,0,0,586007,201000401,586007
1,bookshelf_thin,24,qpAdaptive,1,0,10.0012,602279,3475,0,0,0,0,inf,inf,0,0,0.0104839,0.112362,12401,3473,0.280219,0,0,0,0.885043,0.111528,0.00342895,602279,177668365,582862
1,bookshelf_thin,24,qpFreeGate,1,0,10.0001,721395,2375,0,0,0,0,inf,inf,0,0,0.00426604,0,14399,2373,0.164942,0,0,0,1,0,0,0,0,0
1,bookshelf_thin,24,qpEnvelope,1,0,10.0007,521534,3311,0,0,0,0,inf,inf,0,0,0.0115888,0.0158302,11775,3309,0.281189,0,0,0,0.983755,0.0124372,0.00380807,521534,153599574,516093
1,bookshelf_thin,31,isSafe,1,1,0.0582986,5979,32,16.5124,10,827,0,0.010011,0.00249477,0,0,0,0,134,28,0.238806,0,0,0,0,0,0,0,0,0
1,bookshelf_thin,31,qpFixed,1,1,0.352444,2277,14,13.7233,1183,1183,0,0.000212546,0.00249477,0,0,0.00928846,0,7,4,2,0,0,0,1,0,0,2277,681947,1911
1,bookshelf_thin,31,qpPlain,1,1,0.358325,2277,14,13.7233,1183,1183,0,0.000212546,0.00249477,0,0,0.00928846,0,7,4,2,0,0,0,1,0,0,2277,781011,2277
1,bookshelf_thin,31,qpAdaptive,1,1,0.168233,1419,15,13.7425,1003,1003,0,0.000211842,0.00249477,0,0,0.0157336,0.267089,7,5,2.14286,0,0,0,0.732206,0.262156,0.00563777,1419,428257,1371
1,bookshelf_thin,31,qpFreeGate,1,1,0.566893,5931,21,17.7855,1220,1220,0,0.00472444,0.00249477,0,0,0.00559192,0,39,15,0.538462,0,0,0,1,0,0,0,0,0
1,bookshelf_thin,31,qpEnvelope,1,1,0.106045,900,14,13.7477,879,879,0,0.000246186,0.00249477,0,0,0.0237463,0.182222,7,4,2,0,0,0,0.816667,0.171111,0.0122222,900,271997,883
1,bookshelf_thin,38,isSafe,1,1,0.0549606,814,7,8.00559,6,402,0,0.00857579,0.00249477,0,0,0,0,2,2,3.5,0,0,0,0,0,0,0,0,0
1,bookshelf_thin,38,qpFixed,1,1,0.00932476,484,6,7.30089,485,485,0,0.0107741,0.00249477,0,0,0.0150845,0,1,1,6,0,0,0,1,0,0,484,110990,151
1,bookshelf_thin,38,qpPlain,1,1,0.00716637,484,6,7.30089,485,485,0,0.0107741,0.00249477,0,0,0.0150845,0,1,1,6,0,0,0,1,0,0,484,166012,484
1,bookshelf_thin,38,qpAdaptive,1,1,0.00137487,92,6,7.30994,418,418,0,0.0107747,0.00249477,0,0,0.0794559,0.847826,1,1,6,0,0,0,0.141304,0.815217,0.0434783,92,23223,50
1,bookshelf_thin,38,qpFreeGate,1,1,0.00959646,712,7,7.85892,586,586,0,0.00852127,0.00249477,0,0,0.0113212,0,2,2,3.5,0,0,0,1,0,0,0,0,0
1,bookshelf_thin,38,qpEnvelope,1,1,0.000679382,32,6,7.32764,383,383,0,0.0109246,0.00249477,0,0,0.228989,1,1,1,6,0,0,0,0,0.875,0.125,32,8466,19
1,bookshelf_thin,45,isSafe,1,0,10,973005,8745,0,0,0,0,inf,inf,0,0,0,0,74213,8743,0.117836,0,0,0,0,0,0,0,0,0
1,bookshelf_thin,45,qpFixed,1,0,10.001,626616,1343,0,0,0,0,inf,inf,0,0,0.00590746,0,2701,1226,0.497223,0,0,0,1,0,0,626616,186577776,593714
1,bookshelf_thin,45,qpPlain,1,0,10.0026,526824,1164,0,0,0,0,inf,inf,0,0,0.00598329,0,2231,1050,0.521739,0,0,0,1,0,0,526824,180700632,526824
1,bookshelf_thin,45,qpAdaptive,1,0,10.0024,591750,1390,0,0,0,0,inf,inf,0,0,0.0064867,0.0491221,2819,1273,0.493083,0,0,0,0.950648,0.0484141,0.000937898,591750,176861719,584966
1,bookshelf_thin,45,qpFreeGate,1,0,10.0032,587098,997,0,0,0,0,inf,inf,0,0,0.00279284,0,5063,993,0.196919,0,0,0,1,0,0,0,0,0
1,bookshelf_thin,45,qpEnvelope,1,0,10.0034,492348,1235,0,0,0,0,inf,inf,0,0,0.0068772,0.00745408,2430,1118,0.50823,0,0,0,0.992497,0.00651979,0.000983047,492348,146730292,490477
1,bookshelf_thin,52,isSafe,1,1,0.149682,14525,71,22.0083,13,1102,0,0.00488804,0.00249477,0,0,0,0,470,67,0.151064,0,0,0,0,0,0,0,0,0
1,bookshelf_thin,52,qpFixed,1,1,0.0116559,760,8,9.32965,761,761,0,0.000491439,0.00249477,0,0,0.0122759,0,1,1,8,0,0,0,1,0,0,760,190180,542
1,bookshelf_thin,52,qpPlain,1,1,0.012386,760,8,9.32965,761,761,0,0.000491439,0.00249477,0,0,0.0122759,0,1,1,8,0,0,0,1,0,0,760,260680,760
1,bookshelf_thin,52,qpAdaptive,1,1,0.00863794,526,8,9.33298,704,704,0,0.000491439,0.00249477,0,0,0.0177433,0.249049,1,1,8,0,0,0,0.747148,0.245247,0.00760456,526,134591,500
1,bookshelf_thin,52,qpFreeGate,1,1,0.251375,17872,51,15.987,1695,1695,0,0.00138093,0.00249477,0,0,0.00360157,0,142,37,0.359155,0,0,0,1,0,0,0,0,0
1,bookshelf_thin,52,qpEnvelope,1,1,0.00430946,238,8,9.34545,587,587,0,0.000403281,0.00249477,0,0,0.0392666,0.331933,1,1,8,0,0,0,0.659664,0.315126,0.0252101,238,63953,224
1,bookshelf_thin,59,isSafe,1,1,0.075975,3811,20,11.1008,7,557,0,0.00787359,0.00249477,0,0,0,0,90,16,0.222222,0,0,0,0,0,0,0,0,0
1,bookshelf_thin,59,qpFixed,1,1,0.0228736,748,7,6.10869,509,509,0,0.00103007,0.00249477,0,0,0.011909,0,2,2,3.5,0,0,0,1,0,0,748,172089,368
1,bookshelf_thin,59,qpPlain,1,1,0.0238758,748,7,6.10869,509,509,0,0.00103007,0.00249477,0,0,0.011909,0,2,2,3.5,0,0,0,1,0,0,748,256564,748
1,bookshelf_thin,59,qpAdaptive,1,1,0.0124099,401,7,6.10886,426,426,0,0.00125634,0.00249477,0,0,0.0222136,0.157107,2,2,3.5,0,0,0,0.842893,0.147132,0.00997506,401,93682,362
1,bookshelf_thin,59,qpFreeGate,1,1,0.237799,9054,23,11.929,944,944,0,0.00518851,0.00249477,0,0,0.00419872,0,72,19,0.319444,0,0,0,1,0,0,0,0,0
1,bookshelf_thin,59,qpEnvelope,1,1,0.0073012,258,7,6.11503,364,364,0,0.00101258,0.00249477,0,0,0.0345343,0.170543,2,2,3.5,0,0,0,0.829457,0.155039,0.0155039,258,60213,243
1,bookshelf_thin,66,isSafe,1,1,0.132877,13633,70,17.5587,10,879,0,0.00287801,0.00249477,0,0,0,0,458,67,0.152838,0,0,0,0,0,0,0,0,0
1,bookshelf_thin,66,qpFixed,1,1,0.0253903,1699,11,12.2244,1234,1234,148,-0.0101991,0.00249477,0,0,0.0090951,0,3,2,3.66667,0,0,0,1,0,0,1699,435320,1155
1,bookshelf_thin,66,qpPlain,1,1,0.0269809,1699,11,12.2244,1234,1234,148,-0.0101991,0.00249477,0,0,0.0090951,0,3,2,3.66667,0,0,0,1,0,0,1699,582757,1699
1,bookshelf_thin,66,qpAdaptive,1,1,0.0184802,1146,11,12.2257,1039,1039,148,-0.0101842,0.00249477,0,0,0.0134849,0.113438,3,2,3.66667,0,0,0,0.885689,0.109948,0.004363,1146,294125,1110
1,bookshelf_thin,66,qpFreeGate,1,1,0.534736,39475,83,15.7555,1320,1320,0,0.00757236,0.00249477,0,0,0.00360421,0,325,72,0.255385,0,0,0,1,0,0,0,0,0
1,bookshelf_thin,66,qpEnvelope,1,1,0.0168174,1029,11,12.2424,996,996,148,-0.0102896,0.00249477,0,0,0.0150302,0.0388727,3,2,3.66667,0,0,0,0.961127,0.0340136,0.00485909,1029,261679,1015
1,bookshelf_thin,73,isSafe,1,1,0.0500311,5168,26,9.58669,6,481,0,0.00550351,0.00249477,0,0,0,0,130,23,0.2,0,0,0,0,0,0,0,0,0
1,bookshelf_thin,73,qpFixed,1,1,0.00445454,323,5,5.06984,390,390,0,0.00233672,0.00249477,0,0,0.0156961,0,1,1,5,0,0,0,1,0,0,323,74994,151
1,bookshelf_thin,73,qpPlain,1,1,0.00485769,323,5,5.06984,390,390,0,0.00233672,0.00249477,0,0,0.0156961,0,1,1,5,0,0,0,1,0,0,323,110789,323
1,bookshelf_thin,73,qpAdaptive,1,1,0.00248457,169,5,5.07413,314,314,0,0.00233288,0.00249477,0,0,0.0300244,0.213018,1,1,5,0,0,0,0.781065,0.201183,0.0177515,169,39414,115
1,bookshelf_thin,73,qpFreeGate,1,1,0.205032,15294,41,9.85968,700,700,0,0.00553662,0.00249477,0,0,0.00440382,0,130,37,0.315385,0,0,0,1,0,0,0,0,0
1,bookshelf_thin,73,qpEnvelope,1,1,0.00159827,100,5,5.08271,289,289,0,0.00232634,0.00249477,0,0,0.0508271,0.16,1,1,5,0,0,0,0.84,0.13,0.03,100,23118,87
1,bookshelf_thin,81,isSafe,1,0,10.0084,2,1,0,0,0,0,inf,inf,0,0,0,0,0,0,0,0,0,0,0,0,0,0,0,0
1,bookshelf_thin,81,qpFixed,1,0,10.0005,465693,2172,0,0,0,0,inf,inf,0,0,0.00865182,0,7231,2170,0.300373,0,0,0,1,0,0,465693,136277691,389487
1,bookshelf_thin,81,qpPlain,1,0,10.0003,598770,2744,0,0,0,0,inf,inf,0,0,0.0084466,0,9403,2742,0.291822,0,0,0,1,0,0,598770,205378110,598770
1,bookshelf_thin,81,qpAdaptive,1,0,10.0001,620251,3574,0,0,0,0,inf,inf,0,0,0.0104939,0.106278,12657,3572,0.282373,0,0,0,0.891262,0.105338,0.0033997,620251,182941569,598652
1,bookshelf_thin,81,qpFreeGate,1,0,10.0009,699145,2342,0,0,0,0,inf,inf,0,0,0.00434296,0,14003,2340,0.16725,0,0,0,1,0,0,0,0,0
1,bookshelf_thin,81,qpEnvelope,1,0,10.0011,544170,3470,0,0,0,0,inf,inf,0,0,0.0116452,0.0146039,12239,3468,0.28352,0,0,0,0.985022,0.0110965,0.00388154,544170,160187418,538386
1,bookshelf_thin,88,isSafe,1,1,0.08154,5450,29,12.0469,8,604,0,0.00718239,0.00249477,0,0,0,0,112,25,0.258929,0,0,0,0,0,0,0,0,0
1,bookshelf_thin,88,qpFixed,1,1,0.0441965,2962,20,16.1728,1260,1260,0,0.000880965,0.00249477,0,0,0.0103541,0,9,8,2.22222,0,0,0,1,0,0,2962,717842,1863
1,bookshelf_thin,88,qpPlain,1,1,0.0483335,2962,20,16.1728,1260,1260,0,0.000880965,0.00249477,0,0,0.0103541,0,9,8,2.22222,0,0,0,1,0,0,2962,1015966,2962
1,bookshelf_thin,88,qpAdaptive,1,1,0.0289302,1770,20,16.1791,1096,1096,0,0.000868462,0.00249477,0,0,0.0173436,0.20452,9,8,2.22222,0,0,0,0.79209,0.199435,0.00847458,1770,422861,1496
1,bookshelf_thin,88,qpFreeGate,1,1,0.0749342,5574,27,10.5259,1038,1038,0,0.00625273,0.00249477,0,0,0.00552132,0,36,14,0.75,0,0,0,1,0,0,0,0,0
1,bookshelf_thin,88,qpEnvelope,1,1,0.020751,1205,20,16.1875,996,996,0,0.000858245,0.00249477,0,0,0.025445,0.121992,9,8,2.22222,0,0,0,0.877178,0.111203,0.0116183,1205,283688,1024
1,bookshelf_thin,95,isSafe,1,1,0.0337906,3473,20,12.1184,8,607,0,0.00253313,0.00249477,0,0,0,0,45,14,0.444444,0,0,0,0,0,0,0,0,0
1,bookshelf_thin,95,qpFixed,1,1,0.0128055,816,9,9.30597,817,817,0,0.000152346,0.00249477,0,0,0.0114044,0,1,1,9,0,0,0,1,0,0,816,199640,647
1,bookshelf_thin,95,qpPlain,1,1,0.013821,816,9,9.30597,817,817,0,0.000152346,0.00249477,0,0,0.0114044,0,1,1,9,0,0,0,1,0,0,816,279888,816
1,bookshelf_thin,95,qpAdaptive,1,1,0.0101028,603,9,9.30697,771,771,0,0.000151957,0.00249477,0,0,0.0154344,0.273632,1,1,9,0,0,0,0.723051,0.270315,0.0066335,603,145751,583
1,bookshelf_thin,95,qpFreeGate,1,1,0.126293,9300,32,24.3751,2365,2365,0,0.00135163,0.00249477,0,0,0.00528826,0,55,24,0.581818,0,0,0,1,0,0,0,0,0
1,bookshelf_thin,95,qpEnvelope,1,1,0.0064424,368,9,9.3327,658,658,0,0.0001442,0.00249477,0,0,0.0253606,0.233696,1,1,9,0,0,0,0.763587,0.222826,0.013587,368,90413,357
1,table_under_pick,2,isSafe,1,1,0.0104904,1886,12,6.49313,5,326,0,0.00816586,0.00249477,0,0,0,0,21,8,0.571429,0,0,0,0,0,0,0,0,0
1,table_under_pick,2,qpFixed,1,1,0.00693161,623,7,7.22031,559,559,0,0.00382303,0.00249477,0,0,0.0123759,0,2,2,3.5,0,0,0,1,0,0,623,183471,421
1,table_under_pick,2,qpPlain,1,1,0.00716302,623,7,7.22031,559,559,0,0.00382303,0.00249477,0,0,0.0123759,0,2,2,3.5,0,0,0,1,0,0,623,213689,623
1,table_under_pick,2,qpAdaptive,1,1,0.00425187,349,7,7.22189,485,485,0,0.003839,0.00249477,0,0,0.0220989,0.469914,2,2,3.5,0,0,0,0.527221,0.461318,0.0114613,349,103198,310
1,table_under_pick,2,qpFreeGate,1,1,0.0404157,4259,20,9.41117,735,735,0,0.00816586,0.00249477,0,0,0.00619297,0,27,12,0.740741,0,0,0,1,0,0,0,0,0
1,table_under_pick,2,qpEnvelope,1,1,0.00194299,137,7,7.22515,418,418,0,0.00391028,0.00249477,0,0,0.0562337,0.693431,2,2,3.5,0,0,0,0.29927,0.664234,0.0364964,137,40732,124
1,table_under_pick,9,isSafe,1,0,1.5768e-05,1,0,0,0,0,0,inf,inf,0,0,0,0,0,0,0,0,0,0,0,0,0,0,0,0
1,table_under_pick,9,qpFixed,1,0,10.0004,863753,977,0,0,0,0,inf,inf,0,0,0.00441216,0,10968,975,0.0890773,0,0,0,1,0,0,863753,260411169,854639
1,table_under_pick,9,qpPlain,1,0,10.0011,670198,811,0,0,0,0,inf,inf,0,0,0.00455699,0,8492,809,0.0955016,0,0,0,1,0,0,670198,229877914,670198
1,table_under_pick,9,qpAdaptive,1,0,10.0021,572999,756,0,0,0,0,inf,inf,0,0,0.00482535,0.0314713,7560,754,0.1,0,0,0,0.968176,0.0315094,0.000314883,572999,172591020,570133
1,table_under_pick,9,qpFreeGate,1,0,10.0002,994664,532,0,0,0,0,inf,inf,0,0,0.00120971,0,22866,530,0.023266,0,0,0,1,0,0,0,0,0
1,table_under_pick,9,qpEnvelope,1,0,10.0013,726418,892,0,0,0,0,inf,inf,0,0,0.00481854,0.00254537,9896,890,0.0901374,0,0,0,0.997423,0.00223015,0.000346944,726418,219145623,725134
1,table_under_pick,16,isSafe,1,1,0.00914067,1642,10,11.5157,7,577,0,0.00172911,0.00249477,0,0,0,0,32,6,0.3125,0,0,0,0,0,0,0,0,0
1,table_under_pick,16,qpFixed,1,1,0.0184776,1694,13,11.5754,1045,1045,0,0.000407725,0.00249477,0,0,0.0102539,0,3,3,4.33333,0,0,0,1,0,0,1694,462754,1295
1,table_under_pick,16,qpPlain,1,1,0.0194875,1694,13,11.5754,1045,1045,0,0.000407725,0.00249477,0,0,0.0102539,0,3,3,4.33333,0,0,0,1,0,0,1694,581042,1694
1,table_under_pick,16,qpAdaptive,1,1,0.0137088,1163,13,11.5806,920,920,0,0.000412194,0.00249477,0,0,0.0149409,0.161651,3,3,4.33333,0,0,0,0.836629,0.159071,0.00429923,1163,315553,1100
1,table_under_pick,16,qpFreeGate,1,1,0.12432,13306,35,20.9883,1829,1829,0,0.00136326,0.00249477,0,0,0.00407577,0,88,27,0.397727,0,0,0,1,0,0,0,0,0
1,table_under_pick,16,qpEnvelope,1,1,0.00986888,798,13,11.5945,768,768,0,0.000460448,0.00249477,0,0,0.0218391,0.16792,3,3,4.33333,0,0,0,0.83208,0.157895,0.0100251,798,216038,774
1,table_under_pick,23,isSafe,1,1,0.00652382,1167,8,11.417,7,572,0,0.00178715,0.00249477,0,0,0,0,10,4,0.8,0,0,0,0,0,0,0,0,0
1,table_under_pick,23,qpFixed,1,1,0.00403805,362,6,4.78384,363,363,0,0.00415682,0.00249477,0,0,0.013215,0,1,1,6,0,0,0,1,0,0,362,105448,317
1,table_under_pick,23,qpPlain,1,1,0.00411263,362,6,4.78384,363,363,0,0.00415682,0.00249477,0,0,0.013215,0,1,1,6,0,0,0,1,0,0,362,124166,362
1,table_under_pick,23,qpAdaptive,1,1,0.00276749,229,6,4.78796,345,345,0,0.0041333,0.00249477,0,0,0.0209081,0.467249,1,1,6,0,0,0,0.524017,0.462882,0.0131004,229,65333,215
1,table_under_pick,23,qpFreeGate,1,1,0.0136817,1460,8,6.86841,705,705,0,0.00179563,0.00249477,0,0,0.00502842,0,9,4,0.888889,0,0,0,1,0,0,0,0,0
1,table_under_pick,23,qpEnvelope,1,1,0.00117861,86,6,4.80584,280,280,0,0.00409651,0.00249477,0,0,0.0558819,0.639535,1,1,6,0,0,0,0.360465,0.593023,0.0465116,86,24665,81
1,table_under_pick,30,isSafe,1,1,0.0178048,3211,18,12.9021,8,647,0,0.00635116,0.00249477,0,0,0,0,64,14,0.28125,0,0,0,0,0,0,0,0,0
1,table_under_pick,30,qpFixed,1,1,0.0263783,2412,17,10.0661,922,922,0,0.000136077,0.00249477,0,0,0.0103637,0,6,6,2.83333,0,0,0,1,0,0,2412,612436,1985
1,table_under_pick,30,qpPlain,1,1,0.0283456,2412,17,10.0661,922,922,0,0.000136077,0.00249477,0,0,0.0103637,0,6,6,2.83333,0,0,0,1,0,0,2412,827316,2412
1,table_under_pick,30,qpAdaptive,1,1,0.0181422,1527,17,10.0737,784,784,0,0.00013662,0.00249477,0,0,0.0163892,0.307793,6,6,2.83333,0,0,0,0.690242,0.303209,0.00654879,1527,391261,1464
1,table_under_pick,30,qpFreeGate,1,1,0.0848855,9089,31,14.2509,1144,1144,0,0.00411454,0.00249477,0,0,0.00525407,0,70,24,0.442857,0,0,0,1,0,0,0,0,0
1,table_under_pick,30,qpEnvelope,1,1,0.0120647,954,17,10.0808,698,698,0,0.000126912,0.00249477,0,0,0.0262911,0.22956,6,6,2.83333,0,0,0,0.768344,0.216981,0.0146751,954,248157,924
1,table_under_pick,37,isSafe,1,0,1.5784e-05,1,0,0,0,0,0,inf,inf,0,0,0,0,0,0,0,0,0,0,0,0,0,0,0,0
1,table_under_pick,37,qpFixed,1,0,10.0016,898380,4003,0,0,0,0,inf,inf,0,0,0.00801814,0,14436,4001,0.277293,0,0,0,1,0,0,898380,264212169,771604
1,table_under_pick,37,qpPlain,1,0,10.0012,869049,3886,0,0,0,0,inf,inf,0,0,0.00805144,0,13954,3884,0.278486,0,0,0,1,0,0,869049,298083807,869049
1,table_under_pick,37,qpAdaptive,1,0,10.0166,739547,4186,0,0,0,0,inf,inf,0,0,0.010157,0.107738,15192,4184,0.27554,0,0,0,0.889716,0.106823,0.00346128,739547,219608839,713673
1,table_under_pick,37,qpFreeGate,1,0,10.0001,816675,2666,0,0,0,0,inf,inf,0,0,0.00413916,0,16420,2664,0.162363,0,0,0,1,0,0,0,0,0
1,table_under_pick,37,qpEnvelope,1,0,10.0024,472317,3062,0,0,0,0,inf,inf,0,0,0.0117968,0.017592,10734,3060,0.285262,0,0,0,0.981937,0.0141413,0.0039212,472317,140212807,466230
1,table_under_pick,44,isSafe,1,1,0.0218657,3920,21,18.4701,11,925,0,0.00282864,0.00249477,0,0,0,0,89,16,0.235955,0,0,0,0,0,0,0,0,0
1,table_under_pick,44,qpFixed,1,1,0.0255228,2344,20,6.45298,468,468,0,0.00546262,0.00249477,0,0,0.0103309,0,8,8,2.5,0,0,0,1,0,0,2344,617173,2084
1,table_under_pick,44,qpPlain,1,1,0.0283308,2344,20,6.45298,468,468,0,0.00546262,0.00249477,0,0,0.0103309,0,8,8,2.5,0,0,0,1,0,0,2344,803992,2344
1,table_under_pick,44,qpAdaptive,1,1,0.0186527,1643,15,8.19177,560,560,0,0.00131271,0.00249477,0,0,0.014336,0.247109,8,8,1.875,0,0,0,0.752282,0.244066,0.00365186,1643,415461,1613
1,table_under_pick,44,qpFreeGate,1,1,0.0710321,7579,22,9.55045,778,778,0,0.00402775,0.00249477,0,0,0.00439243,0,60,18,0.366667,0,0,0,1,0,0,0,0,0
1,table_under_pick,44,qpEnvelope,1,1,0.0132302,1099,15,8.21014,538,538,0,0.000351719,0.00249477,0,0,0.021586,0.212011,8,8,1.875,0,0,0,0.787989,0.202002,0.0100091,1099,279559,1088
1,table_under_pick,51,isSafe,1,1,0.0137698,2493,14,13.2092,8,662,0,0.00781706,0.00249477,0,0,0,0,61,9,0.229508,0,0,0,0,0,0,0,0,0
1,table_under_pick,51,qpFixed,1,1,0.0189007,1670,14,10.5425,797,797,0,0.000400722,0.00249477,0,0,0.011616,0,4,4,3.5,0,0,0,1,0,0,1670,472833,1555
1,table_under_pick,51,qpPlain,1,1,0.0199026,1670,14,10.5425,797,797,0,0.000400722,0.00249477,0,0,0.011616,0,4,4,3.5,0,0,0,1,0,0,1670,572810,1670
1,table_under_pick,51,qpAdaptive,1,1,0.0151766,1282,14,10.5494,744,744,0,0.000385326,0.00249477,0,0,0.0151571,0.225429,4,4,3.5,0,0,0,0.773011,0.220749,0.00624025,1282,359490,1211
1,table_under_pick,51,qpFreeGate,1,1,0.183109,19354,40,16.1013,1423,1423,0,0.00572789,0.00249477,0,0,0.00336446,0,129,32,0.310078,0,0,0,1,0,0,0,0,0
1,table_under_pick,51,qpEnvelope,1,1,0.0106654,855,14,10.5643,666,666,0,0.000311916,0.00249477,0,0,0.0228319,0.202339,4,4,3.5,0,0,0,0.796491,0.191813,0.0116959,855,238303,811
1,table_under_pick,58,isSafe,1,0,10.0191,1217817,11381,0,0,0,0,inf,inf,0,0,0,0,96915,11379,0.117433,0,0,0,0,0,0,0,0,0
1,table_under_pick,58,qpFixed,1,0,10.0005,805906,1666,0,0,0,0,inf,inf,0,0,0.00582997,0,3542,1556,0.470356,0,0,0,1,0,0,805906,239413006,769757
1,table_under_pick,58,qpPlain,1,0,10.0017,731005,1534,0,0,0,0,inf,inf,0,0,0.00588474,0,3184,1425,0.481784,0,0,0,1,0,0,731005,250734715,731005
1,table_under_pick,58,qpAdaptive,1,0,10.0007,618653,1445,0,0,0,0,inf,inf,0,0,0.00651671,0.0558423,2944,1338,0.490829,0,0,0,0.943906,0.0552167,0.000877713,618653,183750495,611008
1,table_under_pick,58,qpFreeGate,1,0,10.0014,756170,1287,0,0,0,0,inf,inf,0,0,0.00269778,0,6709,1282,0.191832,0,0,0,1,0,0,0,0,0
1,table_under_pick,58,qpEnvelope,1,0,10.0019,514711,1291,0,0,0,0,inf,inf,0,0,0.00688372,0.00706027,2513,1181,0.513729,0,0,0,0.992897,0.00618406,0.000918964,514711,152894811,512597
1,table_under_pick,66,isSafe,1,1,0.0171293,2762,16,13.0365,8,653,0,0.00164815,0.00249477,0,0,0,0,81,11,0.197531,0,0,0,0,0,0,0,0,0
1,table_under_pick,66,qpFixed,1,1,0.0220239,1934,18,12.979,1025,1025,0,0.000164309,0.00249477,0,0,0.0107842,0,5,5,3.6,0,0,0,1,0,0,1934,500802,1525
1,table_under_pick,66,qpPlain,1,1,0.023668,1934,18,12.979,1025,1025,0,0.000164309,0.00249477,0,0,0.0107842,0,5,5,3.6,0,0,0,1,0,0,1934,663362,1934
1,table_under_pick,66,qpAdaptive,1,1,0.0137764,1114,18,12.9941,911,911,0,0.000165851,0.00249477,0,0,0.0187331,0.33842,5,5,3.6,0,0,0,0.655296,0.333034,0.0116697,1114,295366,1044
1,table_under_pick,66,qpFreeGate,1,1,0.0518498,5226,17,14.9538,1462,1462,0,0.00269951,0.00249477,0,0,0.00442536,0,38,12,0.447368,0,0,0,1,0,0,0,0,0
1,table_under_pick,66,qpEnvelope,1,1,0.00937398,704,13,13.04,845,845,0,0.000165563,0.00249477,0,0,0.0297467,0.369318,5,5,2.6,0,0,0,0.62642,0.357955,0.015625,704,188132,679
1,table_under_pick,73,isSafe,1,0,2.4313e-05,1,0,0,0,0,0,inf,inf,0,0,0,0,0,0,0,0,0,0,0,0,0,0,0,0
1,table_under_pick,73,qpFixed,1,0,10.004,586570,2748,0,0,0,0,inf,inf,0,0,0.00830012,0,9356,2746,0.293715,0,0,0,1,0,0,586570,173104604,502600
1,table_under_pick,73,qpPlain,1,0,10.0008,611247,2866,0,0,0,0,inf,inf,0,0,0.00828805,0,9774,2864,0.293227,0,0,0,1,0,0,611247,209657721,611247
1,table_under_pick,73,qpAdaptive,1,0,10.0029,419238,2535,0,0,0,0,inf,inf,0,0,0.0107326,0.110796,8564,2533,0.296007,0,0,0,0.886563,0.110004,0.00343337,419238,125353857,404487
1,table_under_pick,73,qpFreeGate,1,0,10.005,589135,1928,0,0,0,0,inf,inf,0,0,0.00429622,0,11700,1926,0.164786,0,0,0,1,0,0,0,0,0
1,table_under_pick,73,qpEnvelope,1,0,10,451605,3005,0,0,0,0,inf,inf,0,0,0.0118119,0.0218642,10294,3003,0.291918,0,0,0,0.977572,0.018401,0.00402748,451605,134872190,445314
1,table_under_pick,80,isSafe,1,1,0.0607365,2850,16,10.6795,7,535,0,0.00147102,0.00249477,0,0,0,0,72,12,0.222222,0,0,0,0,0,0,0,0,0
1,table_under_pick,80,qpFixed,1,1,0.136141,9904,54,27.4668,2603,2603,0,0.000253894,0.00249477,0,0,0.0092163,0,31,26,1.74194,0,0,0,1,0,0,9904,2590249,9174
1,table_under_pick,80,qpPlain,1,1,0.118073,9904,54,27.4668,2603,2603,0,0.000253894,0.00249477,0,0,0.0092163,0,31,26,1.74194,0,0,0,1,0,0,9904,3397072,9904
1,table_under_pick,80,qpAdaptive,1,1,0.0891047,7476,54,27.417,2258,2258,0,0.000250339,0.00249477,0,0,0.0122478,0.233414,31,26,1.74194,0,0,0,0.76565,0.230738,0.00361156,7476,1958162,7292
1,table_under_pick,80,qpFreeGate,1,1,0.114984,8760,22,15.0731,1419,1419,0,0.00350021,0.00249477,0,0,0.00375216,0,74,16,0.297297,0,0,0,1,0,0,0,0,0
1,table_under_pick,80,qpEnvelope,1,1,0.0625547,5008,54,27.4953,1935,1935,0,0.000230954,0.00249477,0,0,0.0183178,0.226038,31,26,1.74194,0,0,0,0.772764,0.219649,0.00758786,5008,1322860,4916
1,table_under_pick,87,isSafe,1,1,0.0167191,3005,16,15.9774,9,800,0,0.00820128,0.00249477,0,0,0,0,104,12,0.153846,0,0,0,0,0,0,0,0,0
1,table_under_pick,87,qpFixed,1,1,0.0536425,4868,32,18.7551,1435,1435,0,0.000131887,0.00249477,0,0,0.0100158,0,17,14,1.88235,0,0,0,1,0,0,4868,1197875,4478
1,table_under_pick,87,qpPlain,1,1,0.0584956,4868,32,18.7551,1435,1435,0,0.000131887,0.00249477,0,0,0.0100158,0,17,14,1.88235,0,0,0,1,0,0,4868,1669724,4868
1,table_under_pick,87,qpAdaptive,1,1,0.033532,2876,30,16.5019,1101,1101,0,0.000121628,0.00249477,0,0,0.0159508,0.268428,17,15,1.76471,0,0,0,0.729551,0.264184,0.00626523,2876,700347,2766
1,table_under_pick,87,qpFreeGate,1,1,0.0807888,8595,25,8.13626,959,959,0,0.000647583,0.00249477,0,0,0.00400284,0,64,17,0.390625,0,0,0,1,0,0,0,0,0
1,table_under_pick,87,qpEnvelope,1,1,0.0313265,2587,33,20.0077,1189,1189,6,-1.94567e-05,0.00249477,0,0,0.0200844,0.158871,17,15,1.94118,0,0,0,0.839969,0.150754,0.00927716,2587,624550,2545
1,table_under_pick,94,isSafe,1,1,0.00900077,1621,10,7.42006,5,373,0,0.00483074,0.00249477,0,0,0,0,22,7,0.454545,0,0,0,0,0,0,0,0,0
1,table_under_pick,94,qpFixed,1,1,0.0349928,3095,21,16.7509,1267,1267,0,0.00130503,0.00249477,0,0,0.0108722,0,11,9,1.90909,0,0,0,1,0,0,3095,894343,2687
1,table_under_pick,94,qpPlain,1,1,0.0357378,3095,21,16.7509,1267,1267,0,0.00130503,0.00249477,0,0,0.0108722,0,11,9,1.90909,0,0,0,1,0,0,3095,1061585,3095
1,table_under_pick,94,qpAdaptive,1,1,0.0227669,1878,21,16.7423,1052,1052,0,0.00124134,0.00249477,0,0,0.0178996,0.446219,11,9,1.90909,0,0,0,0.549521,0.44196,0.0085197,1878,542469,1821
1,table_under_pick,94,qpFreeGate,1,1,0.0268146,2877,15,6.9384,588,588,0,0.00442285,0.00249477,0,0,0.00634536,0,22,10,0.681818,0,0,0,1,0,0,0,0,0
1,table_under_pick,94,qpEnvelope,1,1,0.0173986,1320,27,19.5777,1073,1073,0,0.00111624,0.00249477,0,0,0.0320244,0.30303,13,11,2.07692,0,0,0,0.693182,0.287121,0.019697,1320,391930,1285
1,bookshelf_small,1,isSafe,1,1,0.00322952,846,7,8.20477,6,412,0,0.00745058,0.00249477,0,0,0,0,5,2,1.4,0,0,0,0,0,0,0,0,0
1,bookshelf_small,1,qpFixed,1,1,0.00400846,480,7,7.04292,481,481,0,0.00745058,0.00249477,0,0,0.0146728,0,1,1,7,0,0,0,1,0,0,480,125430,284
1,bookshelf_small,1,qpPlain,1,1,0.00433188,480,7,7.04292,481,481,0,0.00745058,0.00249477,0,0,0.0146728,0,1,1,7,0,0,0,1,0,0,480,164640,480
1,bookshelf_small,1,qpAdaptive,1,1,0.0014543,156,7,7.05346,429,429,0,0.00745058,0.00249477,0,0,0.0452145,0.910256,1,1,7,0,0,0,0.0897436,0.878205,0.0320513,156,42752,108
1,bookshelf_small,1,qpFreeGate,1,1,0.00858382,1113,9,9.01743,737,737,0,0.00745058,0.00249477,0,0,0.00969427,0,3,3,3,0,0,0,1,0,0,0,0,0
1,bookshelf_small,1,qpEnvelope,1,1,0.000584411,43,13,7.15865,381,381,0,0.00745058,0.00249477,0,0,0.16648,0.860465,1,1,13,0,0,0,0.0465116,0.697674,0.255814,43,12267,34
1,bookshelf_small,8,isSafe,1,1,0.0204344,5351,27,7.48586,5,376,0,0.00330451,0.00249477,0,0,0,0,175,24,0.154286,0,0,0,0,0,0,0,0,0
1,bookshelf_small,8,qpFixed,1,1,0.00574233,655,7,7.10975,656,656,0,0.00170921,0.00249477,0,0,0.0108546,0,1,1,7,0,0,0,1,0,0,655,184896,306
1,bookshelf_small,8,qpPlain,1,1,0.00606772,655,7,7.10975,656,656,0,0.00170921,0.00249477,0,0,0.0108546,0,1,1,7,0,0,0,1,0,0,655,224665,655
1,bookshelf_small,8,qpAdaptive,1,1,0.00301731,291,7,7.1129,501,501,0,0.00167237,0.00249477,0,0,0.024443,0.439863,1,1,7,0,0,0,0.560137,0.429553,0.0103093,291,88797,252
1,bookshelf_small,8,qpFreeGate,1,1,0.103654,13300,33,10.2722,1138,1138,0,0.00671719,0.00249477,0,0,0.00366483,0,93,26,0.354839,0,0,0,1,0,0,0,0,0
1,bookshelf_small,8,qpEnvelope,1,1,0.00216133,190,7,7.1552,447,447,0,0.00137649,0.00249477,0,0,0.037659,0.336842,1,1,7,0,0,0,0.663158,0.315789,0.0210526,190,57915,171
1,bookshelf_small,16,isSafe,1,0,10.0066,2,1,0,0,0,0,inf,inf,0,0,0,0,0,0,0,0,0,0,0,0,0,0,0,0
1,bookshelf_small,16,qpFixed,1,0,10.0003,980144,1990,0,0,0,0,inf,inf,0,0,0.00577611,0,4392,1872,0.453097,0,0,0,1,0,0,980144,294196587,936429
1,bookshelf_small,16,qpPlain,1,0,10.0034,1028972,2084,0,0,0,0,inf,inf,0,0,0.00575429,0,4631,1966,0.450011,0,0,0,1,0,0,1028972,352937396,1028972
1,bookshelf_small,16,qpAdaptive,1,0,10.0015,798465,1821,0,0,0,0,inf,inf,0,0,0.00642972,0.0550782,3891,1700,0.468003,0,0,0,0.944701,0.0544031,0.000895468,798465,240493919,789266
1,bookshelf_small,16,qpFreeGate,1,0,10,889857,2893,0,0,0,0,inf,inf,0,0,0.003974,0,18291,2891,0.158165,0,0,0,1,0,0,0,0,0
1,bookshelf_small,16,qpEnvelope,1,0,10.0037,785850,1856,0,0,0,0,inf,inf,0,0,0.00670337,0.00653942,4006,1738,0.463305,0,0,0,0.99343,0.00561812,0.000951836,785850,236511644,782784
1,bookshelf_small,24,isSafe,1,1,0.00606508,1581,10,13.2919,8,666,0,0.00681445,0.00249477,0,0,0,0,23,5,0.434783,0,0,0,0,0,0,0,0,0
1,bookshelf_small,24,qpFixed,1,1,0.00597295,720,7,9.12133,721,721,0,0.00110857,0.00249477,0,0,0.0126685,0,1,1,7,0,0,0,1,0,0,720,214017,124
1,bookshelf_small,24,qpPlain,1,1,0.00634179,720,7,9.12133,721,721,0,0.00110857,0.00249477,0,0,0.0126685,0,1,1,7,0,0,0,1,0,0,720,246960,720
1,bookshelf_small,24,qpAdaptive,1,1,0.00206531,211,7,9.12121,565,565,0,0.00110883,0.00249477,0,0,0.0432285,0.469194,1,1,7,0,0,0,0.530806,0.445498,0.0236967,211,64828,113
1,bookshelf_small,24,qpFreeGate,1,1,0.0378054,4850,16,12.0359,1007,1007,0,0.00681445,0.00249477,0,0,0.00507044,0,29,9,0.551724,0,0,0,1,0,0,0,0,0
1,bookshelf_small,24,qpEnvelope,1,1,0.00123168,99,7,9.12183,511,511,0,0.00105029,0.00249477,0,0,0.0921397,0.454545,1,1,7,0,0,0,0.545455,0.40404,0.0505051,99,30565,67
1,bookshelf_small,32,isSafe,1,0,10.0003,2003395,20688,0,0,0,0,inf,inf,0,0,0,0,170037,20686,0.121668,0,0,0,0,0,0,0,0,0
1,bookshelf_small,32,qpFixed,1,0,10.0002,654996,1405,0,0,0,0,inf,inf,0,0,0.00600147,0,2828,1285,0.496818,0,0,0,1,0,0,654996,194851396,620665
1,bookshelf_small,32,qpPlain,1,0,10.001,1019939,2053,0,0,0,0,inf,inf,0,0,0.00575579,0,4584,1929,0.447862,0,0,0,1,0,0,1019939,349839077,1019939
1,bookshelf_small,32,qpAdaptive,1,0,10.0127,836674,1875,0,0,0,0,inf,inf,0,0,0.0063785,0.0522175,4091,1750,0.458323,0,0,0,0.947536,0.0515159,0.0009478,836674,250349373,825824
1,bookshelf_small,32,qpFreeGate,1,0,10.0005,1272920,2153,0,0,0,0,inf,inf,0,0,0.00257944,0,11225,2150,0.191804,0,0,0,1,0,0,0,0,0
1,bookshelf_small,32,qpEnvelope,1,0,10.0016,949492,2179,0,0,0,0,inf,inf,0,0,0.00657038,0.00586208,4924,2060,0.442526,0,0,0,0.994104,0.00489841,0.000997375,949492,283591644,945594
1,bookshelf_small,39,isSafe,1,0,10.0002,1918954,19506,0,0,0,0,inf,inf,0,0,0,0,190179,19504,0.102567,0,0,0,0,0,0,0,0,0
1,bookshelf_small,39,qpFixed,1,0,10.0005,1020564,2062,0,0,0,0,inf,inf,0,0,0.00564308,0,4608,1930,0.447483,0,0,0,1,0,0,1020564,306476306,981279
1,bookshelf_small,39,qpPlain,1,0,10.0019,889586,1814,0,0,0,0,inf,inf,0,0,0.00571023,0,3971,1683,0.456812,0,0,0,1,0,0,889586,305127998,889586
1,bookshelf_small,39,qpAdaptive,1,0,10.001,941525,2087,0,0,0,0,inf,inf,0,0,0.00619801,0.0620812,4677,1954,0.446226,0,0,0,0.937619,0.0614324,0.000948464,941525,283590967,932439
1,bookshelf_small,39,qpFreeGate,1,0,10.0006,1276380,2061,0,0,0,0,inf,inf,0,0,0.00241148,0,11753,2054,0.175359,0,0,0,1,0,0,0,0,0
1,bookshelf_small,39,qpEnvelope,1,0,10.0024,828204,1983,0,0,0,0,inf,inf,0,0,0.0066893,0.010559,4365,1868,0.454296,0,0,0,0.989355,0.00956769,0.00107703,828204,249110219,825579
1,bookshelf_small,46,isSafe,1,1,0.116018,30169,148,17.783,10,891,0,0.00324872,0.00249477,0,0,0,0,1230,145,0.120325,0,0,0,0,0,0,0,0,0
1,bookshelf_small,46,qpFixed,1,1,0.00575007,713,7,8.48624,714,714,0,0.00151493,0.00249477,0,0,0.0119022,0,1,1,7,0,0,0,1,0,0,713,183256,230
1,bookshelf_small,46,qpPlain,1,1,0.00644738,713,7,8.48624,714,714,0,0.00151493,0.00249477,0,0,0.0119022,0,1,1,7,0,0,0,1,0,0,713,244559,713
1,bookshelf_small,46,qpAdaptive,1,1,0.00222565,219,7,8.48559,520,520,0,0.00152657,0.00249477,0,0,0.038747,0.474886,1,1,7,0,0,0,0.525114,0.456621,0.0182648,219,64999,185
1,bookshelf_small,46,qpFreeGate,1,1,0.153848,19699,55,17.0381,1564,1564,0,0.0044069,0.00249477,0,0,0.00410195,0,158,42,0.348101,0,0,0,1,0,0,0,0,0
1,bookshelf_small,46,qpEnvelope,1,1,0.000643336,47,7,8.39044,443,443,0,0.00467841,0.00249477,0,0,0.17852,0.893617,1,1,7,0,0,0,0.0851064,0.808511,0.106383,47,13762,34
1,bookshelf_small,53,isSafe,1,0,10.0054,2,1,0,0,0,0,inf,inf,0,0,0,0,0,0,0,0,0,0,0,0,0,0,0,0
1,bookshelf_small,53,qpFixed,1,0,10.0006,908678,3794,0,0,0,0,inf,inf,0,0,0.00766721,0,14515,3792,0.261385,0,0,0,1,0,0,908678,269895955,809253
1,bookshelf_small,53,qpPlain,1,0,10.0013,674282,2857,0,0,0,0,inf,inf,0,0,0.00788791,0,10625,2855,0.268894,0,0,0,1,0,0,674282,231278726,674282
1,bookshelf_small,53,qpAdaptive,1,0,10.0003,963544,4891,0,0,0,0,inf,inf,0,0,0.0092438,0.102546,19367,4889,0.252543,0,0,0,0.895113,0.10175,0.00313709,963544,288719255,939827
1,bookshelf_small,53,qpFreeGate,1,0,10.0003,1266935,3630,0,0,0,0,inf,inf,0,0,0.00348526,0,26141,3628,0.138862,0,0,0,1,0,0,0,0,0
1,bookshelf_small,53,qpEnvelope,1,0,10.0007,857305,4808,0,0,0,0,inf,inf,0,0,0.010261,0.0275841,19073,4806,0.252084,0,0,0,0.971722,0.0245978,0.00367989,857305,256097395,849518
1,bookshelf_small,60,isSafe,1,1,0.00273549,713,6,7.07301,5,355,0,0.00196393,0.00249477,0,0,0,0,1,1,6,0,0,0,0,0,0,0,0,0
1,bookshelf_small,60,qpFixed,1,1,0.00306451,409,6,6.99799,410,410,0,0.0052089,0.00249477,0,0,0.01711,0,1,1,6,0,0,0,1,0,0,409,97887,65
1,bookshelf_small,60,qpPlain,1,1,0.00357852,409,6,6.99799,410,410,0,0.0052089,0.00249477,0,0,0.01711,0,1,1,6,0,0,0,1,0,0,409,140287,409
1,bookshelf_small,60,qpAdaptive,1,1,0.000518198,58,6,7.00234,378,378,0,0.0052089,0.00249477,0,0,0.12073,0.862069,1,1,6,0,0,0,0.137931,0.793103,0.0689655,58,16109,18
1,bookshelf_small,60,qpFreeGate,1,1,0.00749403,986,7,7.60233,627,627,0,0.00309802,0.00249477,0,0,0.0086949,0,4,3,1.75,0,0,0,1,0,0,0,0,0
1,bookshelf_small,60,qpEnvelope,1,1,0.000345698,28,6,7.01796,365,365,0,0.0052089,0.00249477,0,0,0.250642,0.821429,1,1,6,0,0,0,0.178571,0.678571,0.142857,28,7820,10
1,bookshelf_small,67,isSafe,1,0,10.0096,2,1,0,0,0,0,inf,inf,0,0,0,0,0,0,0,0,0,0,0,0,0,0,0,0
1,bookshelf_small,67,qpFixed,1,0,10.0003,916222,4142,0,0,0,0,inf,inf,0,0,0.00808135,0,14801,4140,0.279846,0,0,0,1,0,0,916222,269538607,786028
1,bookshelf_small,67,qpPlain,1,0,10.0008,702227,3196,0,0,0,0,inf,inf,0,0,0.00830043,0,11173,3194,0.286047,0,0,0,1,0,0,702227,240863861,702227
1,bookshelf_small,67,qpAdaptive,1,0,10.0002,847709,4808,0,0,0,0,inf,inf,0,0,0.0100835,0.101192,17497,4806,0.27479,0,0,0,0.896408,0.10012,0.00347178,847709,251229188,819631
1,bookshelf_small,67,qpFreeGate,1,0,10.0001,1272765,4182,0,0,0,0,inf,inf,0,0,0.00392371,0,26053,4180,0.160519,0,0,0,1,0,0,0,0,0
1,bookshelf_small,67,qpEnvelope,1,0,10.0005,965482,5902,0,0,0,0,inf,inf,0,0,0.0108402,0.015066,22081,5900,0.267289,0,0,0,0.984533,0.0114639,0.00400299,965482,285453696,955434
1,bookshelf_small,74,isSafe,1,1,0.0217957,5711,29,11.8315,7,593,0,0.00440483,0.00249477,0,0,0,0,144,26,0.201389,0,0,0,0,0,0,0,0,0
1,bookshelf_small,74,qpFixed,1,1,0.0112536,1168,17,10.7747,862,862,0,0.00105422,0.00249477,0,0,0.0114011,0,2,2,8.5,0,0,0,1,0,0,1168,329159,854
1,bookshelf_small,74,qpPlain,1,1,0.0118069,1168,17,10.7747,862,862,0,0.00105422,0.00249477,0,0,0.0114011,0,2,2,8.5,0,0,0,1,0,0,1168,400624,1168
1,bookshelf_small,74,qpAdaptive,1,1,0.00867406,781,17,10.7731,740,740,0,0.00105042,0.00249477,0,0,0.0170492,0.152369,2,2,8.5,0,0,0,0.841229,0.143406,0.0153649,781,232074,764
1,bookshelf_small,74,qpFreeGate,1,1,0.0518831,6698,22,12.3468,1209,1209,0,0.00658141,0.00249477,0,0,0.00509436,0,38,16,0.578947,0,0,0,1,0,0,0,0,0
1,bookshelf_small,74,qpEnvelope,1,1,0.00640426,545,17,10.7652,658,658,0,0.00101468,0.00249477,0,0,0.024429,0.119266,2,2,8.5,0,0,0,0.875229,0.102752,0.0220183,545,160478,538
1,bookshelf_small,81,isSafe,1,1,0.248259,64225,333,18.7071,11,937,0,0.00186226,0.00249477,0,0,0,0,3020,330,0.110265,0,0,0,0,0,0,0,0,0
1,bookshelf_small,81,qpFixed,1,1,0.0215741,2197,24,12.5546,1066,1066,0,0.0013734,0.00249477,0,0,0.0101583,0,6,6,4,0,0,0,1,0,0,2197,662094,1779
1,bookshelf_small,81,qpPlain,1,1,0.0218554,2197,24,12.5546,1066,1066,0,0.0013734,0.00249477,0,0,0.0101583,0,6,6,4,0,0,0,1,0,0,2197,753571,2197
1,bookshelf_small,81,qpAdaptive,1,1,0.0496714,4809,82,29.2767,2097,2097,0,0.00134872,0.00249477,0,0,0.0186447,0.308172,28,26,2.92857,0,0,0,0.688293,0.297775,0.0139322,4809,1446951,4275
1,bookshelf_small,81,qpFreeGate,1,1,0.214939,27369,66,15.5721,1394,1394,0,0.000622371,0.00249477,0,0,0.00404852,0,223,59,0.295964,0,0,0,1,0,0,0,0,0
1,bookshelf_small,81,qpEnvelope,1,1,0.0363634,3254,76,29.4361,1889,1889,0,0.00112152,0.00249477,0,0,0.0281184,0.177628,28,27,2.71429,0,0,0,0.819914,0.159189,0.0208974,3254,989968,2924
1,bookshelf_small,89,isSafe,1,0,10.0095,2,1,0,0,0,0,inf,inf,0,0,0,0,0,0,0,0,0,0,0,0,0,0,0,0
1,bookshelf_small,89,qpFixed,1,0,10.0008,1038995,4350,0,0,0,0,inf,inf,0,0,0.00769217,0,16615,4348,0.261812,0,0,0,1,0,0,1038995,309044933,922890
1,bookshelf_small,89,qpPlain,1,0,10.0008,1028987,4310,0,0,0,0,inf,inf,0,0,0.00770369,0,16441,4308,0.26215,0,0,0,1,0,0,1028987,352942541,1028987
1,bookshelf_small,89,qpAdaptive,1,0,10.0002,967754,5024,0,0,0,0,inf,inf,0,0,0.00944418,0.111291,19439,5022,0.25845,0,0,0,0.886245,0.110619,0.00313534,967754,290259508,943655
1,bookshelf_small,89,qpFreeGate,1,0,10.0003,1265630,3847,0,0,0,0,inf,inf,0,0,0.00361057,0,26895,3845,0.143038,0,0,0,1,0,0,0,0,0
1,bookshelf_small,89,qpEnvelope,1,0,10.0007,952961,5458,0,0,0,0,inf,inf,0,0,0.0104138,0.0230083,21313,5456,0.256088,0,0,0,0.976387,0.0199009,0.00371247,952961,284844978,944830
1,bookshelf_small,96,isSafe,1,0,10.0101,2,1,0,0,0,0,inf,inf,0,0,0,0,0,0,0,0,0,0,0,0,0,0,0,0
1,bookshelf_small,96,qpFixed,1,0,10.0013,1026937,2038,0,0,0,0,inf,inf,0,0,0.00575862,0,4693,1924,0.434264,0,0,0,1,0,0,1026937,306658502,977540
1,bookshelf_small,96,qpPlain,1,0,10.0003,1029859,2044,0,0,0,0,inf,inf,0,0,0.00575647,0,4708,1930,0.434155,0,0,0,1,0,0,1029859,353241637,1029859
1,bookshelf_small,96,qpAdaptive,1,0,10.0002,976119,2125,0,0,0,0,inf,inf,0,0,0.00632018,0.0499283,4935,2012,0.430598,0,0,0,0.949835,0.0492133,0.000951728,976119,292320529,964556
1,bookshelf_small,96,qpFreeGate,1,0,10.0003,1269211,4030,0,0,0,0,inf,inf,0,0,0.00378163,0,26553,4028,0.151772,0,0,0,1,0,0,0,0,0
1,bookshelf_small,96,qpEnvelope,1,0,10.0014,967423,2183,0,0,0,0,inf,inf,0,0,0.00659668,0.00628577,5129,2069,0.425619,0,0,0,0.993663,0.00530895,0.00102851,967423,289649517,963521
1,box,3,isSafe,1,1,0.00677835,1839,11,9.81555,6,492,0,0.033576,0.00249477,0,0,0,0,15,7,0.733333,0,0,0,0,0,0,0,0,0
1,box,3,qpFixed,1,1,0.00301768,344,6,5.23484,358,358,0,0.00566273,0.00249477,0,0,0.0152175,0,1,1,6,0,0,0,1,0,0,344,89824,286
1,box,3,qpPlain,1,1,0.00328871,344,6,5.23484,358,358,0,0.00566273,0.00249477,0,0,0.0152175,0,1,1,6,0,0,0,1,0,0,344,117992,344
1,box,3,qpAdaptive,1,1,0.0011635,118,6,5.23765,320,320,0,0.00559853,0.00249477,0,0,0.0443869,0.889831,1,1,6,0,0,0,0.0847458,0.881356,0.0338983,118,33106,105
1,box,3,qpFreeGate,1,1,0.0555635,7433,23,9.88562,1127,1127,0,0.00540314,0.00249477,0,0,0.00387532,0,44,13,0.522727,0,0,0,1,0,0,0,0,0
1,box,3,qpEnvelope,1,1,0.000576374,47,6,5.24103,284,284,0,0.00556053,0.00249477,0,0,0.111511,1,1,1,6,0,0,0,0,0.914894,0.0851064,47,13400,43
1,box,10,isSafe,1,1,0.00622848,1705,11,14.5531,9,729,0,6.2907e-05,0.00249477,0,0,0,0,20,7,0.55,0,0,0,0,0,0,0,0,0
1,box,10,qpFixed,1,1,0.00295456,358,6,5.52555,359,359,0,0.00579078,0.00249477,0,0,0.0154345,0,1,1,6,0,0,0,1,0,0,358,96846,162
1,box,10,qpPlain,1,1,0.00317649,358,6,5.52555,359,359,0,0.00579078,0.00249477,0,0,0.0154345,0,1,1,6,0,0,0,1,0,0,358,122794,358
1,box,10,qpAdaptive,1,1,0.000872098,91,6,5.52494,306,306,0,0.00570865,0.00249477,0,0,0.0607136,0.549451,1,1,6,0,0,0,0.43956,0.527473,0.032967,91,26624,68
1,box,10,qpFreeGate,1,1,0.0524534,6997,24,13.1706,1260,1260,0,0.0152007,0.00249477,0,0,0.00491994,0,38,16,0.631579,0,0,0,1,0,0,0,0,0
1,box,10,qpEnvelope,1,1,0.000653557,56,6,5.52425,296,296,0,0.005523,0.00249477,0,0,0.0986473,0.428571,1,1,6,0,0,0,0.535714,0.392857,0.0714286,56,16316,43
1,box,17,isSafe,1,1,0.00477642,1317,9,10.9151,7,547,0,0.00315259,0.00249477,0,0,0,0,8,5,1.125,0,0,0,0,0,0,0,0,0
1,box,17,qpFixed,1,1,0.00358284,447,6,5.64798,448,448,0,0.00264538,0.00249477,0,0,0.0126353,0,1,1,6,0,0,0,1,0,0,447,117074,237
1,box,17,qpPlain,1,1,0.00397791,447,6,5.64798,448,448,0,0.00264538,0.00249477,0,0,0.0126353,0,1,1,6,0,0,0,1,0,0,447,153321,447
1,box,17,qpAdaptive,1,1,0.00153772,170,6,5.66168,368,368,0,0.00257122,0.00249477,0,0,0.033304,0.6,1,1,6,0,0,0,0.4,0.582353,0.0176471,170,45784,145
1,box,17,qpFreeGate,1,1,0.00740115,996,7,7.484,556,556,0,0.0127749,0.00249477,0,0,0.00836483,0,5,3,1.4,0,0,0,1,0,0,0,0,0
1,box,17,qpEnvelope,1,1,0.000943277,82,6,5.6896,320,320,0,0.00226327,0.00249477,0,0,0.0693853,0.597561,1,1,6,0,0,0,0.402439,0.54878,0.0487805,82,23071,71
1,box,24,isSafe,1,1,0.00950758,2581,15,10.8842,7,546,0,0.00915087,0.00249477,0,0,0,0,27,11,0.555556,0,0,0,0,0,0,0,0,0
1,box,24,qpFixed,1,1,0.00606863,716,7,8.82402,669,669,0,0.00031326,0.00249477,0,0,0.0124953,0,2,2,3.5,0,0,0,1,0,0,716,190138,413
1,box,24,qpPlain,1,1,0.00656873,716,7,8.82402,669,669,0,0.00031326,0.00249477,0,0,0.0124953,0,2,2,3.5,0,0,0,1,0,0,716,245588,716
1,box,24,qpAdaptive,1,1,0.00332538,345,7,8.8268,566,566,0,0.000301795,0.00249477,0,0,0.0259378,0.275362,2,2,3.5,0,0,0,0.721739,0.266667,0.0115942,345,95959,290
1,box,24,qpFreeGate,1,1,0.0335242,4486,21,11.0528,1122,1122,0,0.00440533,0.00249477,0,0,0.00617539,0,21,15,1,0,0,0,1,0,0,0,0,0
1,box,24,qpEnvelope,1,1,0.00275085,255,7,8.82544,532,532,0,0.000290695,0.00249477,0,0,0.0351001,0.172549,2,2,3.5,0,0,0,0.827451,0.156863,0.0156863,255,72430,222
1,box,31,isSafe,1,1,0.00996225,2733,16,10.4336,7,523,0,0.0122251,0.00249477,0,0,0,0,51,12,0.313725,0,0,0,0,0,0,0,0,0
1,box,31,qpFixed,1,1,0.0089008,1096,10,12.0075,963,963,0,0.000789115,0.00249477,0,0,0.0116444,0,3,3,3.33333,0,0,0,1,0,0,1096,256772,739
1,box,31,qpPlain,1,1,0.0102913,1096,10,12.0075,963,963,0,0.000789115,0.00249477,0,0,0.0116444,0,3,3,3.33333,0,0,0,1,0,0,1096,375928,1096
1,box,31,qpAdaptive,1,1,0.00482092,527,10,12.0094,804,804,0,0.000749777,0.00249477,0,0,0.0242482,0.309298,3,3,3.33333,0,0,0,0.685009,0.301708,0.0132827,527,123876,499
1,box,31,qpFreeGate,1,1,0.153065,20512,51,13.418,1232,1232,0,0.00269207,0.00249477,0,0,0.00403943,0,130,43,0.392308,0,0,0,1,0,0,0,0,0
1,box,31,qpEnvelope,1,1,0.00320673,314,10,11.9278,732,732,0,0.000600396,0.00249477,0,0,0.0402475,0.289809,3,3,3.33333,0,0,0,0.710191,0.267516,0.022293,314,74866,299
1,box,38,isSafe,1,1,0.0190238,5206,28,18.2714,11,915,0,0.00241374,0.00249477,0,0,0,0,122,24,0.229508,0,0,0,0,0,0,0,0,0
1,box,38,qpFixed,1,1,0.0106377,1288,10,9.63489,765,765,0,0.00923647,0.00249477,0,0,0.0101646,0,3,3,3.33333,0,0,0,1,0,0,1288,337366,737
1,box,38,qpPlain,1,1,0.0117251,1288,10,9.63489,765,765,0,0.00923647,0.00249477,0,0,0.0101646,0,3,3,3.33333,0,0,0,1,0,0,1288,441784,1288
1,box,38,qpAdaptive,1,1,0.0040654,426,10,9.64857,541,541,0,0.00887985,0.00249477,0,0,0.0308746,0.455399,3,3,3.33333,0,0,0,0.539906,0.441315,0.0187793,426,116196,374
1,box,38,qpFreeGate,1,1,0.0504502,6775,36,11.762,1175,1175,0,0.000985798,0.00249477,0,0,0.0056342,0,34,18,1.05882,0,0,0,1,0,0,0,0,0
1,box,38,qpEnvelope,1,1,0.00257932,233,10,9.66899,513,513,0,0.00433607,0.00249477,0,0,0.0563437,0.437768,3,3,3.33333,0,0,0,0.562232,0.407725,0.0300429,233,62899,211
1,box,45,isSafe,1,1,0.00371801,1017,7,7.9359,5,398,0,0.0312478,0.00249477,0,0,0,0,7,3,1,0,0,0,0,0,0,0,0,0
1,box,45,qpFixed,1,1,0.00351337,455,6,6.07221,456,456,0,0.00906303,0.00249477,0,0,0.0133455,0,1,1,6,0,0,0,1,0,0,455,112663,170
1,box,45,qpPlain,1,1,0.00406817,455,6,6.07221,456,456,0,0.00906303,0.00249477,0,0,0.0133455,0,1,1,6,0,0,0,1,0,0,455,156065,455
1,box,45,qpAdaptive,1,1,0.000803214,89,6,6.07169,347,347,0,0.00872266,0.00249477,0,0,0.0682212,0.741573,1,1,6,0,0,0,0.258427,0.696629,0.0449438,89,22711,66
1,box,45,qpFreeGate,1,1,0.00968722,1301,10,8.71835,855,855,0,0.0055417,0.00249477,0,0,0.0075314,0,4,4,2.5,0,0,0,1,0,0,0,0,0
1,box,45,qpEnvelope,1,1,0.000577296,45,6,6.07131,325,325,0,0.00836008,0.00249477,0,0,0.134918,1,1,1,6,0,0,0,0,0.911111,0.0888889,45,11600,37
1,box,52,isSafe,1,1,0.00851645,2337,14,10.178,7,510,0,0.00887417,0.00249477,0,0,0,0,44,10,0.318182,0,0,0,0,0,0,0,0,0
1,box,52,qpFixed,1,1,0.00348255,448,5,5.52196,449,449,0,0.0177097,0.00249477,0,0,0.0123258,0,1,1,5,0,0,0,1,0,0,448,116966,112
1,box,52,qpPlain,1,1,0.00392658,448,5,5.52196,449,449,0,0.0177097,0.00249477,0,0,0.0123258,0,1,1,5,0,0,0,1,0,0,448,153664,448
1,box,52,qpAdaptive,1,1,0.000612239,65,5,5.52068,304,304,0,0.0174621,0.00249477,0,0,0.0849335,0.815385,1,1,5,0,0,0,0.184615,0.769231,0.0461538,65,18888,42
1,box,52,qpFreeGate,1,1,0.191898,25585,72,25.586,2377,2377,0,0.00392254,0.00249477,0,0,0.00402003,0,167,59,0.431138,0,0,0,1,0,0,0,0,0
1,box,52,qpEnvelope,1,1,0.000357652,27,5,5.51568,290,290,0,0.0166122,0.00249477,0,0,0.204284,1,1,1,5,0,0,0,0,0.888889,0.111111,27,7727,18
1,box,59,isSafe,1,1,0.00494446,1355,9,7.08348,5,356,0,0.0307035,0.00249477,0,0,0,0,19,5,0.473684,0,0,0,0,0,0,0,0,0
1,box,59,qpFixed,1,1,0.0151991,1718,16,12.839,989,989,0,0.00918113,0.00249477,0,0,0.0112396,0,4,4,4,0,0,0,1,0,0,1718,461183,1287
1,box,59,qpPlain,1,1,0.0162398,1718,16,12.839,989,989,0,0.00918113,0.00249477,0,0,0.0112396,0,4,4,4,0,0,0,1,0,0,1718,589274,1718
1,box,59,qpAdaptive,1,1,0.007169,732,16,12.8611,743,743,0,0.00620923,0.00249477,0,0,0.0263975,0.35929,4,4,4,0,0,0,0.635246,0.349727,0.0150273,732,196780,674
1,box,59,qpFreeGate,1,1,0.0254654,3434,13,8.53263,828,828,0,0.0168696,0.00249477,0,0,0.00568056,0,16,8,0.8125,0,0,0,1,0,0,0,0,0
1,box,59,qpEnvelope,1,1,0.00535945,517,18,12.9126,695,695,0,0.00500993,0.00249477,0,0,0.037383,0.193424,4,4,4.5,0,0,0,0.800774,0.172147,0.0270793,517,136045,480
1,box,66,isSafe,1,1,0.0320123,8658,44,23.066,13,1155,0,0.0182241,0.00249477,0,0,0,0,215,38,0.204651,0,0,0,0,0,0,0,0,0
1,box,66,qpFixed,1,1,0.00499399,681,6,6.78026,682,682,0,0.00488333,0.00249477,0,0,0.00995633,0,1,1,6,0,0,0,1,0,0,681,155515,172
1,box,66,qpPlain,1,1,0.0060767,681,6,6.78026,682,682,0,0.00488333,0.00249477,0,0,0.00995633,0,1,1,6,0,0,0,1,0,0,681,233583,681
1,box,66,qpAdaptive,1,1,0.000840692,91,6,6.77567,388,388,0,0.00464582,0.00249477,0,0,0.0744579,0.835165,1,1,6,0,0,0,0.164835,0.802198,0.032967,91,23118,61
1,box,66,qpFreeGate,1,1,0.0872714,11742,30,17.4255,1347,1347,0,0.029903,0.00249477,0,0,0.00458307,0,71,23,0.422535,0,0,0,1,0,0,0,0,0
1,box,66,qpEnvelope,1,1,0.000543085,45,6,6.76701,360,360,0,0.00401519,0.00249477,0,0,0.150378,0.888889,1,1,6,0,0,0,0.111111,0.8,0.0888889,45,11488,30
1,box,73,isSafe,1,1,0.00672507,1843,11,13.3867,8,671,0,0.0191864,0.00249477,0,0,0,0,48,8,0.229167,0,0,0,0,0,0,0,0,0
1,box,73,qpFixed,1,1,0.0596929,6440,54,28.141,2246,2246,0,0.000442851,0.00249477,0,0,0.0100838,0,25,21,2.16,0,0,0,1,0,0,6440,1564135,6144
1,box,73,qpPlain,1,1,0.0666284,6440,54,28.141,2246,2246,0,0.000442851,0.00249477,0,0,0.0100838,0,25,21,2.16,0,0,0,1,0,0,6440,2208920,6440
1,box,73,qpAdaptive,1,1,0.0504024,5133,54,28.1754,2011,2011,0,0.000445418,0.00249477,0,0,0.0126636,0.172414,25,21,2.16,0,0,0,0.826028,0.170076,0.00389636,5133,1240979,5017
1,box,73,qpFreeGate,1,1,0.0746925,10141,27,11.2185,966,966,0,0.00903856,0.00249477,0,0,0.0042155,0,60,22,0.45,0,0,0,1,0,0,0,0,0
1,box,73,qpEnvelope,1,1,0.0411408,4032,56,28.2806,1829,1829,0,0.000454737,0.00249477,0,0,0.0161739,0.104415,25,21,2.24,0,0,0,0.894345,0.0979663,0.00768849,4032,978891,3939
1,box,80,isSafe,1,1,0.00286346,786,6,7.73567,5,388,0,0.0369954,0.00249477,0,0,0,0,6,3,1,0,0,0,0,0,0,0,0,0
1,box,80,qpFixed,1,1,0.0103778,1173,11,11.365,939,939,0,0.00427483,0.00249477,0,0,0.0113793,0,3,3,3.66667,0,0,0,1,0,0,1173,303259,1073
1,box,80,qpPlain,1,1,0.0111653,1173,11,11.365,939,939,0,0.00427483,0.00249477,0,0,0.0113793,0,3,3,3.66667,0,0,0,1,0,0,1173,402339,1173
1,box,80,qpAdaptive,1,1,0.00603073,631,11,11.3836,758,758,0,0.00388158,0.00249477,0,0,0.0212151,0.505547,3,3,3.66667,0,0,0,0.489699,0.502377,0.00792393,631,165807,623
1,box,80,qpFreeGate,1,1,0.0320841,4289,18,10.5984,1142,1142,0,0.00640081,0.00249477,0,0,0.00491957,0,25,10,0.72,0,0,0,1,0,0,0,0,0
1,box,80,qpEnvelope,1,1,0.00382519,350,11,11.3605,646,646,0,0.00269071,0.00249477,0,0,0.0382016,0.374286,3,3,3.66667,0,0,0,0.62,0.36,0.02,350,88643,345
1,box,87,isSafe,1,1,0.00761449,2069,12,9.6826,6,486,0,0.0179808,0.00249477,0,0,0,0,44,8,0.272727,0,0,0,0,0,0,0,0,0
1,box,87,qpFixed,1,1,0.00357855,460,6,6.13506,461,461,0,0.00390146,0.00249477,0,0,0.0133371,0,1,1,6,0,0,0,1,0,0,460,111413,190
1,box,87,qpPlain,1,1,0.0041257,460,6,6.13506,461,461,0,0.00390146,0.00249477,0,0,0.0133371,0,1,1,6,0,0,0,1,0,0,460,157780,460
1,box,87,qpAdaptive,1,1,0.00111628,118,6,6.13297,344,344,0,0.0036659,0.00249477,0,0,0.0519743,0.550847,1,1,6,0,0,0,0.449153,0.525424,0.0254237,118,32241,98
1,box,87,qpFreeGate,1,1,0.158173,21156,61,25.1161,2409,2409,0,0.00374596,0.00249477,0,0,0.00460286,0,131,48,0.465649,0,0,0,1,0,0,0,0,0
1,box,87,qpEnvelope,1,1,0.000751382,68,6,6.13235,328,328,0,0.00282805,0.00249477,0,0,0.0901817,0.352941,1,1,6,0,0,0,0.647059,0.294118,0.0588235,68,18643,58
1,box,94,isSafe,1,1,0.0082725,2263,13,7.7983,5,391,0,0.0191814,0.00249477,0,0,0,0,30,10,0.433333,0,0,0,0,0,0,0,0,0
1,box,94,qpFixed,1,1,0.00337564,431,6,5.30229,432,432,0,0.0042214,0.00249477,0,0,0.0123023,0,1,1,6,0,0,0,1,0,0,431,104695,175
1,box,94,qpPlain,1,1,0.00384386,431,6,5.30229,432,432,0,0.0042214,0.00249477,0,0,0.0123023,0,1,1,6,0,0,0,1,0,0,431,147833,431
1,box,94,qpAdaptive,1,1,0.000989209,105,6,5.2963,319,319,0,0.00404527,0.00249477,0,0,0.050441,0.619048,1,1,6,0,0,0,0.371429,0.590476,0.0380952,105,28489,82
1,box,94,qpFreeGate,1,1,0.0454457,6202,26,9.2851,1045,1045,0,0.00321455,0.00249477,0,0,0.00517442,0,31,15,0.83871,0,0,0,1,0,0,0,0,0
1,box,94,qpEnvelope,1,1,0.000646239,57,6,5.27689,289,289,0,0.00358735,0.00249477,0,0,0.092577,0.438596,1,1,6,0,0,0,0.561404,0.368421,0.0701754,57,15462,40
1,table_pick,1,isSafe,1,1,0.0069989,1257,9,8.05353,6,404,0,0.00388938,0.00249477,0,0,0,0,17,4,0.529412,0,0,0,0,0,0,0,0,0
1,table_pick,1,qpFixed,1,1,0.00571606,631,6,7.64256,632,632,0,0.00529491,0.00249477,0,0,0.0121118,0,1,1,6,0,0,0,1,0,0,631,150647,71
1,table_pick,1,qpPlain,1,1,0.00655128,631,6,7.64256,632,632,0,0.00529491,0.00249477,0,0,0.0121118,0,1,1,6,0,0,0,1,0,0,631,216433,631
1,table_pick,1,qpAdaptive,1,1,0.000825935,76,6,7.64255,416,416,0,0.00529491,0.00249477,0,0,0.10056,0.578947,1,1,6,0,0,0,0.421053,0.526316,0.0526316,76,19664,44
1,table_pick,1,qpFreeGate,1,1,0.10927,11717,28,19.0746,1526,1526,0,0.00195264,0.00249477,0,0,0.00419516,0,95,22,0.294737,0,0,0,1,0,0,0,0,0
1,table_pick,1,qpEnvelope,1,1,0.000475319,32,6,7.6429,401,401,0,0.0052356,0.00249477,0,0,0.238841,0.90625,1,1,6,0,0,0,0.09375,0.78125,0.125,32,8328,18
1,table_pick,8,isSafe,1,1,0.0165934,2990,14,3.89026,3,196,0,0.00343186,0.00249477,0,0,0,0,30,11,0.466667,0,0,0,0,0,0,0,0,0
1,table_pick,8,qpFixed,1,1,0.00362842,398,5,5.02645,399,399,0,0.00518249,0.00249477,0,0,0.0126293,0,1,1,5,0,0,0,1,0,0,398,88872,89
1,table_pick,8,qpPlain,1,1,0.00420376,398,5,5.02645,399,399,0,0.00518249,0.00249477,0,0,0.0126293,0,1,1,5,0,0,0,1,0,0,398,136514,398
1,table_pick,8,qpAdaptive,1,1,0.00075677,63,5,5.02728,290,290,0,0.0051599,0.00249477,0,0,0.0797982,0.777778,1,1,5,0,0,0,0.206349,0.746032,0.047619,63,16416,38
1,table_pick,8,qpFreeGate,1,1,0.0328026,3515,18,2.99388,250,250,0,0.00313121,0.00249477,0,0,0.00737638,0,30,14,0.6,0,0,0,1,0,0,0,0,0
1,table_pick,8,qpEnvelope,1,1,0.000444253,27,5,5.02889,266,266,0,0.00510655,0.00249477,0,0,0.186255,1,1,1,5,0,0,0,0,0.888889,0.111111,27,7136,17
1,table_pick,15,isSafe,1,1,0.0112338,2017,12,8.10922,6,407,0,0.00441596,0.00249477,0,0,0,0,22,7,0.545455,0,0,0,0,0,0,0,0,0
1,table_pick,15,qpFixed,1,1,0.0055371,599,6,7.06663,600,600,0,0.00609551,0.00249477,0,0,0.0117974,0,1,1,6,0,0,0,1,0,0,599,138945,125
1,table_pick,15,qpPlain,1,1,0.00630259,599,6,7.06663,600,600,0,0.00609551,0.00249477,0,0,0.0117974,0,1,1,6,0,0,0,1,0,0,599,205457,599
1,table_pick,15,qpAdaptive,1,1,0.00116044,108,6,7.06756,410,410,0,0.00609551,0.00249477,0,0,0.0654403,0.722222,1,1,6,0,0,0,0.268519,0.694444,0.037037,108,26714,70
1,table_pick,15,qpFreeGate,1,1,0.029869,3179,15,19.2642,1534,1534,0,0.00242781,0.00249477,0,0,0.00716983,0,22,10,0.681818,0,0,0,1,0,0,0,0,0
1,table_pick,15,qpEnvelope,1,1,0.000737989,50,6,7.07243,379,379,0,0.0061081,0.00249477,0,0,0.141449,1,1,1,6,0,0,0,0,0.92,0.08,50,12271,35
1,table_pick,22,isSafe,1,1,0.0242051,4369,23,12.0915,8,606,0,0.00234893,0.00249477,0,0,0,0,84,19,0.27381,0,0,0,0,0,0,0,0,0
1,table_pick,22,qpFixed,1,1,0.00368563,388,6,6.00381,389,389,0,0.00527713,0.00249477,0,0,0.0154737,0,1,1,6,0,0,0,1,0,0,388,93798,85
1,table_pick,22,qpPlain,1,1,0.00410841,388,6,6.00381,389,389,0,0.00527713,0.00249477,0,0,0.0154737,0,1,1,6,0,0,0,1,0,0,388,133084,388
1,table_pick,22,qpAdaptive,1,1,0.000831929,69,6,6.00586,339,339,0,0.00526742,0.00249477,0,0,0.0870415,0.652174,1,1,6,0,0,0,0.347826,0.594203,0.057971,69,20182,48
1,table_pick,22,qpFreeGate,1,1,0.0979496,10414,28,9.34673,711,711,0,0.00325417,0.00249477,0,0,0.00453753,0,84,24,0.333333,0,0,0,1,0,0,0,0,0
1,table_pick,22,qpEnvelope,1,1,0.000458973,29,6,6.0143,318,318,0,0.00511219,0.00249477,0,0,0.20739,0.965517,1,1,6,0,0,0,0.0344828,0.827586,0.137931,29,8308,19
1,table_pick,29,isSafe,1,1,0.00482397,864,7,8.55617,6,429,0,0.00791404,0.00249477,0,0,0,0,4,1,1.75,0,0,0,0,0,0,0,0,0
1,table_pick,29,qpFixed,1,1,0.00690835,721,14,8.98775,722,722,0,0.00663274,0.00249477,0,0,0.0124657,0,1,1,14,0,0,0,1,0,0,721,174248,291
1,table_pick,29,qpPlain,1,1,0.00773291,721,14,8.98775,722,722,0,0.00663274,0.00249477,0,0,0.0124657,0,1,1,14,0,0,0,1,0,0,721,247303,721
1,table_pick,29,qpAdaptive,1,1,0.00133858,120,15,11.2836,609,609,0,0.00663538,0.00249477,0,0,0.122551,0.808333,2,2,7.5,0,0,0,0.158333,0.725,0.116667,120,33475,70
1,table_pick,29,qpFreeGate,1,1,0.00931764,990,7,9.23853,727,727,0,0.00782882,0.00249477,0,0,0.00951057,0,4,2,1.75,0,0,0,1,0,0,0,0,0
1,table_pick,29,qpEnvelope,1,1,0.000681317,46,15,9.06517,480,480,0,0.00671853,0.00249477,0,0,0.197069,0.891304,1,1,15,0,0,0,0,0.717391,0.282609,46,12761,33
1,table_pick,36,isSafe,1,1,0.0137102,2472,14,17.8303,10,893,0,0.00216185,0.00249477,0,0,0,0,27,8,0.518519,0,0,0,0,0,0,0,0,0
1,table_pick,36,qpFixed,1,1,0.0152235,1336,13,14.6644,1189,1189,0,0.000272035,0.00249477,0,0,0.0116573,0,3,3,4.33333,0,0,0,1,0,0,1336,370441,983
1,table_pick,36,qpPlain,1,1,0.0159067,1336,13,14.6644,1189,1189,0,0.000272035,0.00249477,0,0,0.0116573,0,3,3,4.33333,0,0,0,1,0,0,1336,458248,1336
1,table_pick,36,qpAdaptive,1,1,0.01012,779,13,14.6836,1041,1041,0,0.000254273,0.00249477,0,0,0.0199957,0.193838,3,3,4.33333,0,0,0,0.803594,0.183569,0.012837,779,226469,727
1,table_pick,36,qpFreeGate,1,1,0.0464237,4939,24,19.9443,2023,2023,0,0.00222586,0.00249477,0,0,0.00603453,0,27,13,0.888889,0,0,0,1,0,0,0,0,0
1,table_pick,36,qpEnvelope,1,1,0.00882925,636,13,14.7431,975,975,0,0.000261012,0.00249477,0,0,0.0245999,0.081761,3,3,4.33333,0,0,0,0.918239,0.0660377,0.0157233,636,186353,603
1,table_pick,43,isSafe,1,1,0.00822616,1487,9,5.56565,4,280,0,0.00167629,0.00249477,0,0,0,0,12,5,0.75,0,0,0,0,0,0,0,0,0
1,table_pick,43,qpFixed,1,1,0.00740674,808,7,6.88106,809,809,0,0.00346759,0.00249477,0,0,0.00851616,0,1,1,7,0,0,0,1,0,0,808,177886,329
1,table_pick,43,qpPlain,1,1,0.00867743,808,7,6.88106,809,809,0,0.00346759,0.00249477,0,0,0.00851616,0,1,1,7,0,0,0,1,0,0,808,277144,808
1,table_pick,43,qpAdaptive,1,1,0.0017958,169,7,6.88728,443,443,0,0.00337229,0.00249477,0,0,0.0407531,0.674556,1,1,7,0,0,0,0.319527,0.650888,0.0295858,169,39574,137
1,table_pick,43,qpFreeGate,1,1,0.0239381,2589,12,8.68075,717,717,0,0.00270028,0.00249477,0,0,0.00666131,0,20,7,0.6,0,0,0,1,0,0,0,0,0
1,table_pick,43,qpEnvelope,1,1,0.00115356,91,7,6.89596,393,393,0,0.00293836,0.00249477,0,0,0.0757798,0.846154,1,1,7,0,0,0,0.142857,0.802198,0.0549451,91,21260,76
1,table_pick,50,isSafe,1,1,0.0290079,5236,28,16.0368,10,803,0,0.00247543,0.00249477,0,0,0,0,110,24,0.254545,0,0,0,0,0,0,0,0,0
1,table_pick,50,qpFixed,1,1,0.0293068,2624,17,11.9827,907,907,0,0.00741768,0.00249477,0,0,0.00985228,0,7,6,2.42857,0,0,0,1,0,0,2624,722780,1850
1,table_pick,50,qpPlain,1,1,0.0307566,2624,17,11.9827,907,907,0,0.00741768,0.00249477,0,0,0.00985228,0,7,6,2.42857,0,0,0,1,0,0,2624,900032,2624
1,table_pick,50,qpAdaptive,1,1,0.0166435,1305,17,11.9944,655,655,0,0.00741871,0.00249477,0,0,0.0198456,0.334866,7,6,2.42857,0,0,0,0.662835,0.327969,0.0091954,1305,378960,1246
1,table_pick,50,qpFreeGate,1,1,0.0780797,8370,31,17.3737,1472,1472,0,0.00127377,0.00249477,0,0,0.00506726,0,65,21,0.476923,0,0,0,1,0,0,0,0,0
1,table_pick,50,qpEnvelope,1,1,0.0116171,848,17,12.0013,625,625,0,0.00751193,0.00249477,0,0,0.0306029,0.180425,7,6,2.42857,0,0,0,0.818396,0.165094,0.0165094,848,245004,825
1,table_pick,57,isSafe,1,1,0.00763399,1375,9,10.9029,7,547,0,0.00673685,0.00249477,0,0,0,0,14,4,0.642857,0,0,0,0,0,0,0,0,0
1,table_pick,57,qpFixed,1,1,0.00641634,725,7,8.79638,726,726,0,0.00624819,0.00249477,0,0,0.0121329,0,1,1,7,0,0,0,1,0,0,725,155596,119
1,table_pick,57,qpPlain,1,1,0.00751814,725,7,8.79638,726,726,0,0.00624819,0.00249477,0,0,0.0121329,0,1,1,7,0,0,0,1,0,0,725,248675,725
1,table_pick,57,qpAdaptive,1,1,0.000835373,78,7,8.80258,482,482,0,0.00624819,0.00249477,0,0,0.112854,0.730769,1,1,7,0,0,0,0.269231,0.666667,0.0641026,78,18964,47
1,table_pick,57,qpFreeGate,1,1,0.021564,2306,12,10.5589,854,854,0,0.00653457,0.00249477,0,0,0.0071727,0,15,7,0.8,0,0,0,1,0,0,0,0,0
1,table_pick,57,qpEnvelope,1,1,0.000585289,37,7,8.81738,463,463,0,0.00627,0.00249477,0,0,0.238308,1,1,1,7,0,0,0,0,0.864865,0.135135,37,9029,24
1,table_pick,64,isSafe,1,1,0.0176902,3192,17,9.45455,6,474,0,0.00174274,0.00249477,0,0,0,0,54,13,0.314815,0,0,0,0,0,0,0,0,0
1,table_pick,64,qpFixed,1,1,0.0119316,1137,9,8.3096,642,642,47,-0.00258247,0.00249477,0,0,0.0115869,0,3,3,3,0,0,0,1,0,0,1137,308587,532
1,table_pick,64,qpPlain,1,1,0.0126936,1137,9,8.3096,642,642,47,-0.00258247,0.00249477,0,0,0.0115869,0,3,3,3,0,0,0,1,0,0,1137,389991,1137
1,table_pick,64,qpAdaptive,1,1,0.00500145,389,9,8.30961,539,539,47,-0.00258247,0.00249477,0,0,0.0339419,0.205656,3,3,3,0,0,0,0.786632,0.195373,0.0179949,389,114889,351
1,table_pick,64,qpFreeGate,1,1,0.0691951,7383,26,10.5242,847,847,0,0.001754,0.00249477,0,0,0.00508798,0,55,20,0.472727,0,0,0,1,0,0,0,0,0
1,table_pick,64,qpEnvelope,1,1,0.00408759,296,9,8.31184,509,509,47,-0.00272896,0.00249477,0,0,0.0447191,0.195946,3,3,3,0,0,0,0.804054,0.172297,0.0236486,296,87236,281
1,table_pick,71,isSafe,1,1,0.00553279,1001,7,7.48647,5,376,0,0.00314427,0.00249477,0,0,0,0,8,3,0.875,0,0,0,0,0,0,0,0,0
1,table_pick,71,qpFixed,1,1,0.00966016,973,7,9.01759,807,807,0,0.00646954,0.00249477,0,0,0.0100625,0,2,2,3.5,0,0,0,1,0,0,973,258889,367
1,table_pick,71,qpPlain,1,1,0.0104258,973,7,9.01759,807,807,0,0.00646954,0.00249477,0,0,0.0100625,0,2,2,3.5,0,0,0,1,0,0,973,333739,973
1,table_pick,71,qpAdaptive,1,1,0.00327037,291,7,9.02975,523,523,0,0.00645753,0.00249477,0,0,0.0336892,0.584192,2,2,3.5,0,0,0,0.412371,0.570447,0.0171821,291,76907,226
1,table_pick,71,qpFreeGate,1,1,0.0134461,1439,9,8.46952,753,753,0,0.00301649,0.00249477,0,0,0.00826353,0,8,5,1.125,0,0,0,1,0,0,0,0,0
1,table_pick,71,qpEnvelope,1,1,0.00170189,131,7,9.06182,476,476,0,0.00610148,0.00249477,0,0,0.0751233,0.419847,2,2,3.5,0,0,0,0.572519,0.389313,0.0381679,131,35121,105
1,table_pick,78,isSafe,1,1,0.0153783,2781,14,9.43603,6,473,0,0.00449444,0.00249477,0,0,0,0,30,10,0.466667,0,0,0,0,0,0,0,0,0
1,table_pick,78,qpFixed,1,1,0.00585852,632,6,7.51414,633,633,0,0.00449444,0.00249477,0,0,0.0118895,0,1,1,6,0,0,0,1,0,0,632,149166,190
1,table_pick,78,qpPlain,1,1,0.00668064,632,6,7.51414,633,633,0,0.00449444,0.00249477,0,0,0.0118895,0,1,1,6,0,0,0,1,0,0,632,216776,632
1,table_pick,78,qpAdaptive,1,1,0.000987842,87,6,7.5149,414,414,0,0.00449444,0.00249477,0,0,0.0863782,0.896552,1,1,6,0,0,0,0.103448,0.850575,0.045977,87,23254,53
1,table_pick,78,qpFreeGate,1,1,0.024478,2622,14,10.5933,1072,1072,0,0.000603883,0.00249477,0,0,0.0078379,0,16,9,0.875,0,0,0,1,0,0,0,0,0
1,table_pick,78,qpEnvelope,1,1,0.000595146,41,6,7.51766,400,400,0,0.00449444,0.00249477,0,0,0.183357,1,1,1,6,0,0,0,0,0.902439,0.097561,41,10963,25
1,table_pick,85,isSafe,1,1,0.0330829,5960,31,12.4476,8,624,0,0.00232714,0.00249477,0,0,0,0,152,28,0.203947,0,0,0,0,0,0,0,0,0
1,table_pick,85,qpFixed,1,1,0.00581883,632,7,7.97052,633,633,0,0.00477423,0.00249477,0,0,0.0126116,0,1,1,7,0,0,0,1,0,0,632,150995,141
1,table_pick,85,qpPlain,1,1,0.00661515,632,7,7.97052,633,633,0,0.00477423,0.00249477,0,0,0.0126116,0,1,1,7,0,0,0,1,0,0,632,216776,632
1,table_pick,85,qpAdaptive,1,1,0.000964318,83,7,7.97159,438,438,0,0.00476772,0.00249477,0,0,0.0960432,0.638554,1,1,7,0,0,0,0.361446,0.578313,0.060241,83,23466,57
1,table_pick,85,qpFreeGate,1,1,0.169843,18209,46,15.0152,1228,1228,0,0.00181635,0.00249477,0,0,0.00411807,0,153,39,0.300654,0,0,0,1,0,0,0,0,0
1,table_pick,85,qpEnvelope,1,1,0.000527625,34,7,7.97426,417,417,0,0.00471669,0.00249477,0,0,0.234537,0.970588,1,1,7,0,0,0,0.0294118,0.823529,0.147059,34,9482,21
1,table_pick,92,isSafe,1,1,0.0370806,6683,32,9.85323,6,494,0,0.00435635,0.00249477,0,0,0,0,130,29,0.246154,0,0,0,0,0,0,0,0,0
1,table_pick,92,qpFixed,1,1,0.00351964,374,5,5.22819,375,375,0,0.0073707,0.00249477,0,0,0.0139791,0,1,1,5,0,0,0,1,0,0,374,93257,75
1,table_pick,92,qpPlain,1,1,0.00392865,374,5,5.22819,375,375,0,0.0073707,0.00249477,0,0,0.0139791,0,1,1,5,0,0,0,1,0,0,374,128282,374
1,table_pick,92,qpAdaptive,1,1,0.00069492,63,5,5.22764,287,287,0,0.0073707,0.00249477,0,0,0.0829784,0.857143,1,1,5,0,0,0,0.142857,0.809524,0.047619,63,15672,35
1,table_pick,92,qpFreeGate,1,1,0.0313019,3394,16,11.5073,887,887,0,0.00276564,0.00249477,0,0,0.00698297,0,25,11,0.64,0,0,0,1,0,0,0,0,0
1,table_pick,92,qpEnvelope,1,1,0.000487865,34,5,5.23138,278,278,0,0.00735205,0.00249477,0,0,0.153864,0.911765,1,1,5,0,0,0,0.0882353,0.823529,0.0882353,34,8310,22
1,table_pick,99,isSafe,1,1,0.00715273,1293,9,10.5018,7,527,0,0.0078365,0.00249477,0,0,0,0,16,5,0.5625,0,0,0,0,0,0,0,0,0
1,table_pick,99,qpFixed,1,1,0.0063648,682,7,7.29335,683,683,0,0.00146544,0.00249477,0,0,0.0106941,0,1,1,7,0,0,0,1,0,0,682,156729,230
1,table_pick,99,qpPlain,1,1,0.00728465,682,7,7.29335,683,683,0,0.00146544,0.00249477,0,0,0.0106941,0,1,1,7,0,0,0,1,0,0,682,233926,682
1,table_pick,99,qpAdaptive,1,1,0.00172295,147,7,7.29754,458,458,0,0.00146827,0.00249477,0,0,0.0496431,0.619048,1,1,7,0,0,0,0.380952,0.585034,0.0340136,147,38325,117
1,table_pick,99,qpFreeGate,1,1,0.0217577,2334,12,13.5121,1051,1051,0,0.0078365,0.00249477,0,0,0.00719654,0,16,7,0.75,0,0,0,1,0,0,0,0,0
1,table_pick,99,qpEnvelope,1,1,0.000824825,60,7,7.28901,402,402,0,0.00127934,0.00249477,0,0,0.121484,0.566667,1,1,7,0,0,0,0.433333,0.483333,0.0833333,60,15813,48
1,cage,6,isSafe,1,1,0.88379,216573,1410,19.3406,12,969,0,0.00230014,0.00249477,0,0,0,0,13434,1407,0.104958,0,0,0,0,0,0,0,0,0
1,cage,6,qpFixed,1,1,0.18562,19803,111,17.619,1543,1543,0,0.00127061,0.00249477,0,0,0.00857527,0,75,55,1.48,0,0,0,1,0,0,19803,5249109,17733
1,cage,6,qpPlain,1,1,0.200182,19803,111,17.619,1543,1543,0,0.00127061,0.00249477,0,0,0.00857527,0,75,55,1.48,0,0,0,1,0,0,19803,6792429,19803
1,cage,6,qpAdaptive,1,1,0.248227,23800,161,16.8223,1096,1096,0,0.000200097,0.00249477,0,0,0.011885,0.237647,147,87,1.09524,0,0,0,0.76084,0.234412,0.0047479,23800,6294853,23300
1,cage,6,qpFreeGate,1,1,0.602975,78396,177,25.942,2690,2690,0,0.00362708,0.00249477,0,0,0.00365588,0,572,154,0.309441,0,0,0,1,0,0,0,0,0
1,cage,6,qpEnvelope,1,1,0.250354,23353,180,26.7509,1982,1982,0,6.96961e-06,0.00249477,0,0,0.014518,0.177408,179,104,1.00559,0,0,0,0.821436,0.172141,0.00642316,23353,6184552,23144
1,cage,13,isSafe,1,1,0.170463,35972,189,16.2156,10,812,0,0.0132613,0.00249477,0,0,0,0,1553,185,0.1217,0,0,0,0,0,0,0,0,0
1,cage,13,qpFixed,1,1,0.157057,15097,84,28.5139,2483,2483,0,0.000136414,0.00249477,0,0,0.00892216,0,58,47,1.44828,0,0,0,1,0,0,15097,4061674,13846
1,cage,13,qpPlain,1,1,0.167914,15097,84,28.5139,2483,2483,0,0.000136414,0.00249477,0,0,0.00892216,0,58,47,1.44828,0,0,0,1,0,0,15097,5178271,15097
1,cage,13,qpAdaptive,1,1,0.112008,10019,84,28.5735,2062,2062,0,0.000136447,0.00249477,0,0,0.0134812,0.291646,58,47,1.44828,0,0,0,0.706757,0.288452,0.0047909,10019,2736224,9884
1,cage,13,qpFreeGate,1,1,0.383806,45781,100,15.7484,1686,1686,0,0.00296984,0.00249477,0,0,0.0038262,0,323,85,0.309598,0,0,0,1,0,0,0,0,0
1,cage,13,qpEnvelope,1,1,0.0929732,7638,84,28.7319,1934,1934,0,0.000136764,0.00249477,0,0,0.0178443,0.212752,58,46,1.44828,0,0,0,0.786332,0.205027,0.00864101,7638,2087823,7578
1,cage,20,isSafe,1,1,1.94237,468254,3473,25.0738,15,1255,0,0.0051568,0.00249477,0,0,0,0,32592,3470,0.10656,0,0,0,0,0,0,0,0,0
1,cage,20,qpFixed,1,1,0.467321,48438,198,26.7784,2204,2204,0,0.000303772,0.00249477,0,0,0.00773592,0,213,117,0.929577,0,0,0,1,0,0,48438,13140107,44578
1,cage,20,qpPlain,1,1,0.498231,48438,198,26.7784,2204,2204,0,0.000303772,0.00249477,0,0,0.00773592,0,213,117,0.929577,0,0,0,1,0,0,48438,16614234,48438
1,cage,20,qpAdaptive,1,1,0.367214,34682,198,26.7605,1798,1798,0,0.000293655,0.00249477,0,0,0.0108321,0.222104,213,117,0.929577,0,0,0,0.776685,0.219739,0.00357534,34682,9438670,33995
1,cage,20,qpFreeGate,1,0,10.0009,1291799,2106,0,0,0,0,inf,inf,0,0,0.00254534,0,11803,2061,0.178429,0,0,0,1,0,0,0,0,0
1,cage,20,qpEnvelope,1,1,0.335637,31137,223,34.0947,1997,1997,0,0.000285092,0.00249477,0,0,0.0136631,0.15056,237,132,0.940928,0,0,0,0.84854,0.146032,0.00542763,31137,8430554,30747
1,cage,27,isSafe,1,1,0.34409,86081,499,27.8617,16,1395,0,0.00409846,0.00249477,0,0,0,0,4022,495,0.124068,0,0,0,0,0,0,0,0,0
1,cage,27,qpFixed,1,1,0.0690806,7391,43,21.5699,1727,1727,0,0.00147319,0.00249477,0,0,0.00987166,0,27,20,1.59259,0,0,0,1,0,0,7391,1925105,6422
1,cage,27,qpPlain,1,1,0.0750202,7391,43,21.5699,1727,1727,0,0.00147319,0.00249477,0,0,0.00987166,0,27,20,1.59259,0,0,0,1,0,0,7391,2535113,7391
1,cage,27,qpAdaptive,1,1,0.0419253,4088,42,21.6065,1344,1344,0,0.00139958,0.00249477,0,0,0.0178827,0.479697,27,20,1.55556,0,0,0,0.517368,0.473826,0.00880626,4088,1071829,3936
1,cage,27,qpFreeGate,1,1,2.36698,308147,528,30.9532,3954,3954,0,0.000701668,0.00249477,0,0,0.00303466,0,2493,498,0.211793,0,0,0,1,0,0,0,0,0
1,cage,27,qpEnvelope,1,1,0.0795825,6915,92,24.0799,1349,1349,0,0.00108168,0.00249477,0,0,0.0233132,0.265944,70,48,1.31429,0,0,0,0.732321,0.253651,0.0140275,6915,1857355,6808
1,cage,34,isSafe,1,1,0.0627545,15799,80,12.3285,8,618,0,0.0115121,0.00249477,0,0,0,0,634,76,0.126183,0,0,0,0,0,0,0,0,0
1,cage,34,qpFixed,1,1,0.103848,10876,59,15.4794,1482,1482,0,9.59345e-05,0.00249477,0,0,0.0085858,0,37,29,1.59459,0,0,0,1,0,0,10876,2944968,10346
1,cage,34,qpPlain,1,1,0.110442,10876,59,15.4794,1482,1482,0,9.59345e-05,0.00249477,0,0,0.0085858,0,37,29,1.59459,0,0,0,1,0,0,10876,3730468,10876
1,cage,34,qpAdaptive,1,1,0.0775296,7648,59,15.4926,1108,1108,0,9.27168e-05,0.00249477,0,0,0.012222,0.263468,37,29,1.59459,0,0,0,0.735486,0.261768,0.00274582,7648,2056791,7569
1,cage,34,qpFreeGate,1,1,1.41222,182698,331,11.9422,1137,1137,0,0.00660537,0.00249477,0,0,0.00320834,0,1419,314,0.233263,0,0,0,1,0,0,0,0,0
1,cage,34,qpEnvelope,1,1,0.0607498,5699,60,15.5337,1024,1024,0,9.41103e-05,0.00249477,0,0,0.0165976,0.156168,37,30,1.62162,0,0,0,0.842604,0.150904,0.00649237,5699,1524178,5660
1,cage,41,isSafe,1,1,0.973756,236128,1604,41.2859,25,2066,0,0.00202541,0.00249477,0,0,0,0,16011,1600,0.100181,0,0,0,0,0,0,0,0,0
1,cage,41,qpFixed,1,1,0.174259,18054,91,18.6604,1577,1577,0,0.000787122,0.00249477,0,0,0.00862561,0,73,50,1.24658,0,0,0,1,0,0,18054,4923710,16121
1,cage,41,qpPlain,1,1,0.18491,18054,91,18.6604,1577,1577,0,0.000787122,0.00249477,0,0,0.00862561,0,73,50,1.24658,0,0,0,1,0,0,18054,6192522,18054
1,cage,41,qpAdaptive,1,1,0.125254,12076,92,18.6891,1247,1247,0,0.000610911,0.00249477,0,0,0.0129152,0.30631,73,50,1.26027,0,0,0,0.691868,0.303826,0.00430606,12076,3307462,11784
1,cage,41,qpFreeGate,1,1,3.43669,440877,735,14.4558,1575,1575,0,0.00869169,0.00249477,0,0,0.0028262,0,3889,704,0.188995,0,0,0,1,0,0,0,0,0
1,cage,41,qpEnvelope,1,1,0.193472,17750,177,23.5078,1367,1367,0,0.000131346,0.00249477,0,0,0.0161214,0.17262,142,89,1.24648,0,0,0,0.826085,0.165746,0.00816901,17750,4880672,17359
1,cage,48,isSafe,1,1,2.10807,503531,3449,24.855,15,1244,0,0.0138293,0.00249477,0,0,0,0,34152,3446,0.10099,0,0,0,0,0,0,0,0,0
1,cage,48,qpFixed,1,1,0.019939,2288,26,14.194,1308,1308,80,-0.00951146,0.00249477,0,0,0.0101637,0,4,4,6.5,0,0,0,1,0,0,2288,618674,1306
1,cage,48,qpPlain,1,1,0.0218484,2288,26,14.194,1308,1308,80,-0.00951146,0.00249477,0,0,0.0101637,0,4,4,6.5,0,0,0,1,0,0,2288,784784,2288
1,cage,48,qpAdaptive,1,1,0.00900227,886,25,14.2168,986,986,81,-0.00982058,0.00249477,0,0,0.0262679,0.433409,4,4,6.25,0,0,0,0.558691,0.41535,0.0259594,886,252912,704
1,cage,48,qpFreeGate,1,1,4.19409,535653,949,25.0452,2353,2353,0,0.0069243,0.00249477,0,0,0.00280611,0,5553,934,0.170899,0,0,0,1,0,0,0,0,0
1,cage,48,qpEnvelope,1,1,0.00687779,610,24,14.2492,882,882,79,-0.00926364,0.00249477,0,0,0.0382571,0.222951,4,4,6,0,0,0,0.770492,0.195082,0.0344262,610,172573,526
1,cage,55,isSafe,1,1,0.777584,190184,1219,19.0405,12,954,0,0.00296384,0.00249477,0,0,0,0,11009,1214,0.110728,0,0,0,0,0,0,0,0,0
1,cage,55,qpFixed,1,1,0.17195,17625,88,16.8271,1319,1319,0,0.00282021,0.00249477,0,0,0.00885433,0,70,49,1.25714,0,0,0,1,0,0,17625,4775974,15776
1,cage,55,qpPlain,1,1,0.182486,17625,88,16.8271,1319,1319,0,0.00282021,0.00249477,0,0,0.00885433,0,70,49,1.25714,0,0,0,1,0,0,17625,6045375,17625
1,cage,55,qpAdaptive,1,1,0.136651,13098,89,16.8409,1062,1062,0,0.00271306,0.00249477,0,0,0.0120005,0.222553,70,50,1.27143,0,0,0,0.776454,0.220263,0.00328294,13098,3579959,12894
1,cage,55,qpFreeGate,1,1,6.52447,843254,1316,13.9179,1448,1448,0,0.00470108,0.00249477,0,0,0.00257756,0,7297,1267,0.180348,0,0,0,1,0,0,0,0,0
1,cage,55,qpEnvelope,1,1,0.0877854,7940,75,17.8978,994,994,0,0.00252091,0.00249477,0,0,0.0171602,0.187909,63,42,1.19048,0,0,0,0.810705,0.181864,0.00743073,7940,2103201,7852
1,cage,62,isSafe,1,1,3.052,727437,5452,24.9336,16,1248,0,0.00376676,0.00249477,0,0,0,0,51134,5449,0.106622,0,0,0,0,0,0,0,0,0
1,cage,62,qpFixed,1,1,0.0542155,6149,34,19.0301,1598,1598,0,1.49005e-05,0.00249477,0,0,0.00952355,0,19,15,1.78947,0,0,0,1,0,0,6149,1531215,4570
1,cage,62,qpPlain,1,1,0.0606189,6149,34,19.0301,1598,1598,0,1.49005e-05,0.00249477,0,0,0.00952355,0,19,15,1.78947,0,0,0,1,0,0,6149,2109107,6149
1,cage,62,qpAdaptive,1,1,0.0336285,3407,33,19.0343,1273,1273,0,1.46347e-05,0.00249477,0,0,0.0172117,0.211623,19,15,1.73684,0,0,0,0.786909,0.20634,0.00675081,3407,863772,3208
1,cage,62,qpFreeGate,1,1,4.04226,521504,1008,23.9846,2329,2329,0,0.00176956,0.00249477,0,0,0.00293309,0,5546,995,0.181753,0,0,0,1,0,0,0,0,0
1,cage,62,qpEnvelope,1,1,0.0269859,2558,33,19.0294,1182,1182,0,2.72478e-05,0.00249477,0,0,0.0229762,0.134871,19,15,1.73684,0,0,0,0.865129,0.124707,0.0101642,2558,659395,2491
1,cage,69,isSafe,1,1,0.283766,71018,394,28.1376,16,1408,0,0.0036288,0.00249477,0,0,0,0,3623,390,0.10875,0,0,0,0,0,0,0,0,0
1,cage,69,qpFixed,1,1,0.0685516,7209,46,18.6153,1525,1525,138,-0.00822577,0.00249477,0,0,0.0094039,0,23,20,2,0,0,0,1,0,0,7209,1992281,6539
1,cage,69,qpPlain,1,1,0.0720281,7209,46,18.6153,1525,1525,138,-0.00822577,0.00249477,0,0,0.0094039,0,23,20,2,0,0,0,1,0,0,7209,2472687,7209
1,cage,69,qpAdaptive,1,1,0.0437106,4279,46,18.6266,1265,1265,136,-0.00837114,0.00249477,0,0,0.0158663,0.30825,23,20,2,0,0,0,0.690115,0.303342,0.00654358,4279,1186721,4187
1,cage,69,qpFreeGate,1,1,2.30047,297177,525,25.9157,3039,3039,0,0.00168584,0.00249477,0,0,0.00296569,0,2648,504,0.198263,0,0,0,1,0,0,0,0,0
1,cage,69,qpEnvelope,1,1,0.0339281,3065,44,16.6703,1015,1015,0,0.00108825,0.00249477,0,0,0.0218666,0.30571,23,20,1.91304,0,0,0,0.692985,0.296248,0.0107667,3065,854852,3020
1,cage,76,isSafe,1,1,0.529477,130932,784,20.3795,12,1020,0,0.0154214,0.00249477,0,0,0,0,7606,781,0.103077,0,0,0,0,0,0,0,0,0
1,cage,76,qpFixed,1,1,0.185245,19438,100,24.2795,2045,2045,0,0.000127306,0.00249477,0,0,0.00861599,0,75,56,1.33333,0,0,0,1,0,0,19438,5137511,17841
1,cage,76,qpPlain,1,1,0.199765,19438,100,24.2795,2045,2045,0,0.000127306,0.00249477,0,0,0.00861599,0,75,56,1.33333,0,0,0,1,0,0,19438,6667234,19438
1,cage,76,qpAdaptive,1,1,0.138404,13473,103,24.3363,1634,1634,0,0.000123214,0.00249477,0,0,0.0124417,0.255325,75,56,1.37333,0,0,0,0.74319,0.252357,0.00445335,13473,3584678,13248
1,cage,76,qpFreeGate,1,1,2.01502,261795,465,24.2709,2320,2320,0,0.00478872,0.00249477,0,0,0.00303345,0,2136,439,0.217697,0,0,0,1,0,0,0,0,0
1,cage,76,qpEnvelope,1,1,0.108348,9512,98,24.5499,1451,1451,0,0.000115659,0.00249477,0,0,0.0173746,0.188499,75,54,1.30667,0,0,0,0.810555,0.18135,0.00809504,9512,2519774,9451
1,cage,83,isSafe,1,1,0.776082,191393,1215,21.0346,13,1053,0,0.00200707,0.00249477,0,0,0,0,10448,1210,0.11629,0,0,0,0,0,0,0,0,0
1,cage,83,qpFixed,1,1,0.207549,21643,113,12.5894,1163,1163,0,0.000308704,0.00249477,0,0,0.00858252,0,85,62,1.32941,0,0,0,1,0,0,21643,5703960,20079
1,cage,83,qpPlain,1,1,0.224189,21643,113,12.5894,1163,1163,0,0.000308704,0.00249477,0,0,0.00858252,0,85,62,1.32941,0,0,0,1,0,0,21643,7423549,21643
1,cage,83,qpAdaptive,1,1,0.16685,16104,114,12.6209,922,922,0,0.00032976,0.00249477,0,0,0.0116824,0.244598,85,61,1.34118,0,0,0,0.753462,0.241756,0.00478172,16104,4276473,15773
1,cage,83,qpFreeGate,1,1,1.97751,256767,442,16.6258,1849,1849,0,0.00321465,0.00249477,0,0,0.00307118,0,2099,423,0.210576,0,0,0,1,0,0,0,0,0
1,cage,83,qpEnvelope,1,1,0.115421,10472,113,12.6374,794,794,0,0.000378711,0.00249477,0,0,0.0178367,0.184396,85,61,1.32941,0,0,0,0.813676,0.177156,0.00916818,10472,2766915,10349
1,cage,90,isSafe,1,1,0.227863,57156,309,24.4448,14,1224,0,0.0158428,0.00249477,0,0,0,0,2457,306,0.125763,0,0,0,0,0,0,0,0,0
1,cage,90,qpFixed,1,1,0.261344,27364,130,17.2989,1516,1516,0,0.000141556,0.00249477,0,0,0.00810248,0,112,76,1.16071,0,0,0,1,0,0,27364,7324067,24726
1,cage,90,qpPlain,1,1,0.279665,27364,130,17.2989,1516,1516,0,0.000141556,0.00249477,0,0,0.00810248,0,112,76,1.16071,0,0,0,1,0,0,27364,9385852,27364
1,cage,90,qpAdaptive,1,1,0.204628,19822,130,17.3281,1267,1267,0,0.000141417,0.00249477,0,0,0.011206,0.224801,112,76,1.16071,0,0,0,0.773938,0.222329,0.00373323,19822,5376510,19486
1,cage,90,qpFreeGate,1,1,1.28834,167982,317,18.794,2328,2328,0,0.000385104,0.00249477,0,0,0.00332539,0,1317,291,0.240699,0,0,0,1,0,0,0,0,0
1,cage,90,qpEnvelope,1,1,0.164423,15111,132,17.5219,1109,1109,0,0.000142397,0.00249477,0,0,0.0148512,0.136986,112,77,1.17857,0,0,0,0.862286,0.131427,0.00628681,15111,4103992,14994
1,cage,97,isSafe,1,1,0.160308,40333,208,16.1366,10,808,0,0.00799689,0.00249477,0,0,0,0,1988,205,0.104628,0,0,0,0,0,0,0,0,0
1,cage,97,qpFixed,1,1,0.0345673,3762,27,15.2893,1242,1242,0,0.00256418,0.00249477,0,0,0.0110314,0,12,12,2.25,0,0,0,1,0,0,3762,996050,3101
1,cage,97,qpPlain,1,1,0.037901,3762,27,15.2893,1242,1242,0,0.00256418,0.00249477,0,0,0.0110314,0,12,12,2.25,0,0,0,1,0,0,3762,1290366,3762
1,cage,97,qpAdaptive,1,1,0.0222291,2196,27,15.2606,980,980,0,0.00248438,0.00249477,0,0,0.0189091,0.394809,12,12,2.25,0,0,0,0.601093,0.390255,0.00865209,2196,594413,2086
1,cage,97,qpFreeGate,1,1,5.35198,692901,1113,9.77663,1316,1316,0,0.0016822,0.00249477,0,0,0.0026294,0,6351,1079,0.175248,0,0,0,1,0,0,0,0,0
1,cage,97,qpEnvelope,1,1,0.0133624,1180,27,15.1747,859,859,0,0.00221858,0.00249477,0,0,0.0337054,0.385593,12,12,2.25,0,0,0,0.610169,0.369492,0.020339,1180,328192,1138
