seed,scene,problem,method,eligible,solved,seconds,samples,vertices,path_length,waypoints,audited_states,unsafe_states,min_clearance,min_self_overlap,self_colliding,misses,rad_per_call,coarse_fraction,primary_samples,productive_samples,vertices_per_sample,picard_attempts,picard_accepted,picard_fallbacks,hop_floored,hop_at_region,hop_edge_limited
1,bookshelf_tall,1,isSafe,1,1,0.0224675,21520,8,10.752,7,5377,0,0.00785175,0.00249477,0,0,0,0,7,3,1.14286,0,0,0,0,0,0
1,bookshelf_tall,1,qpFixed,1,1,0.0233819,17782,9,11.0264,14981,14981,0,0.00293731,0.00249477,0,0,0.000723552,0,2,2,4.5,0,0,0,1,0,0
1,bookshelf_tall,1,qpPlain,1,1,0.0804033,17782,9,11.0264,14981,14981,0,0.00293731,0.00249477,0,0,0.000723552,0,2,2,4.5,0,0,0,1,0,0
1,bookshelf_tall,1,qpAdaptive,1,1,0.0109102,5515,9,11.0269,7175,7175,0,0.00294738,0.00249477,0,0,0.00233324,0.0928377,2,2,4.5,0,0,0,0.907162,0.0921124,0.000725295
1,bookshelf_tall,1,qpFreeGate,1,1,0.0483249,34567,15,12.9838,17759,17759,0,0.00313585,0.00249477,0,0,0.000669805,0,36,10,0.416667,0,0,0,1,0,0
1,bookshelf_tall,1,qpEnvelope,1,1,0.00970921,5061,9,11.0275,6985,6985,0,0.00293912,0.00249477,0,0,0.00254253,0.0543371,2,2,4.5,0,0,0,0.945663,0.0535467,0.000790358
1,bookshelf_tall,8,isSafe,1,1,0.0607486,61340,18,12.7542,8,6379,0,0.00427847,0.00249477,0,0,0,0,38,13,0.473684,0,0,0,0,0,0
1,bookshelf_tall,8,qpFixed,1,1,0.0314493,23612,10,12.3595,18628,18628,0,0.00296118,0.00249477,0,0,0.000629483,0,2,2,5,0,0,0,1,0,0
1,bookshelf_tall,8,qpPlain,1,1,0.107569,23612,10,12.3595,18628,18628,0,0.00296118,0.00249477,0,0,0.000629483,0,2,2,5,0,0,0,1,0,0
1,bookshelf_tall,8,qpAdaptive,1,1,0.0221296,10848,10,12.3595,10239,10239,0,0.00296122,0.00249477,0,0,0.00137015,0.033278,2,2,5,0,0,0,0.966722,0.0328171,0.000460914
1,bookshelf_tall,8,qpFreeGate,1,1,0.073135,54734,20,10.5003,15739,15739,0,0.00427847,0.00249477,0,0,0.000606807,0,38,15,0.526316,0,0,0,1,0,0
1,bookshelf_tall,8,qpEnvelope,1,1,0.0215543,10517,10,12.3596,10055,10055,0,0.00296054,0.00249477,0,0,0.00141327,0.00998384,2,2,5,0,0,0,0.990016,0.00950841,0.000475421
1,bookshelf_tall,15,isSafe,1,1,0.435906,424649,118,16.3734,10,8188,0,0.00375659,0.00249477,0,0,0,0,904,114,0.130531,0,0,0,0,0,0
1,bookshelf_tall,15,qpFixed,1,1,0.190937,113945,37,14.8122,22318,22318,0,0.00187952,0.00249477,0,0,0.000549602,0,20,18,1.85,0,0,0,1,0,0
1,bookshelf_tall,15,qpPlain,1,1,0.550535,113945,37,14.8122,22318,22318,0,0.00187952,0.00249477,0,0,0.000549602,0,20,18,1.85,0,0,0,1,0,0
1,bookshelf_tall,15,qpAdaptive,1,1,0.184535,88962,37,14.8153,16972,16972,0,0.00185634,0.00249477,0,0,0.000703938,0.0177492,20,18,1.85,0,0,0,0.982251,0.0176592,8.9926e-05
1,bookshelf_tall,15,qpFreeGate,1,1,0.639334,469493,165,22.846,36680,36680,0,0.003055,0.00249477,0,0,0.000543614,0,834,142,0.197842,0,0,0,1,0,0
1,bookshelf_tall,15,qpEnvelope,1,1,0.181201,87208,37,14.8117,16572,16572,0,0.00188958,0.00249477,0,0,0.000718364,0.00807265,20,18,1.85,0,0,0,0.991927,0.00798092,9.17347e-05
1,bookshelf_tall,23,isSafe,1,1,0.027902,28657,10,10.1824,7,5093,0,0.00391623,0.00249477,0,0,0,0,20,6,0.5,0,0,0,0,0,0
1,bookshelf_tall,23,qpFixed,1,1,0.0228226,17493,8,8.57538,12911,12911,0,0.00293924,0.00249477,0,0,0.000639545,0,2,2,4,0,0,0,1,0,0
1,bookshelf_tall,23,qpPlain,1,1,0.0784873,17493,8,8.57538,12911,12911,0,0.00293924,0.00249477,0,0,0.000639545,0,2,2,4,0,0,0,1,0,0
1,bookshelf_tall,23,qpAdaptive,1,1,0.015533,8176,8,8.57547,6668,6668,0,0.00293922,0.00249477,0,0,0.00136836,0.0604207,2,2,4,0,0,0,0.939579,0.0599315,0.000489237
1,bookshelf_tall,23,qpFreeGate,1,1,0.0377882,28938,10,10.1824,17005,17005,0,0.00391571,0.00249477,0,0,0.000554154,0,20,6,0.5,0,0,0,1,0,0
1,bookshelf_tall,23,qpEnvelope,1,1,0.0144252,7563,8,8.5757,6477,6477,0,0.00293941,0.00249477,0,0,0.00147934,0.0310723,2,2,4,0,0,0,0.968928,0.0305434,0.000528891
1,bookshelf_tall,31,isSafe,0,0,0,0,0,0,0,0,0,inf,inf,0,0,0,0,0,0,0,0,0,0,0,0,0
1,bookshelf_tall,31,qpFixed,0,0,0,0,0,0,0,0,0,inf,inf,0,0,0,0,0,0,0,0,0,0,0,0,0
1,bookshelf_tall,31,qpPlain,0,0,0,0,0,0,0,0,0,inf,inf,0,0,0,0,0,0,0,0,0,0,0,0,0
1,bookshelf_tall,31,qpAdaptive,0,0,0,0,0,0,0,0,0,inf,inf,0,0,0,0,0,0,0,0,0,0,0,0,0
1,bookshelf_tall,31,qpFreeGate,0,0,0,0,0,0,0,0,0,inf,inf,0,0,0,0,0,0,0,0,0,0,0,0,0
1,bookshelf_tall,31,qpEnvelope,0,0,0,0,0,0,0,0,0,inf,inf,0,0,0,0,0,0,0,0,0,0,0,0,0
1,bookshelf_tall,38,isSafe,0,0,0,0,0,0,0,0,0,inf,inf,0,0,0,0,0,0,0,0,0,0,0,0,0
1,bookshelf_tall,38,qpFixed,0,0,0,0,0,0,0,0,0,inf,inf,0,0,0,0,0,0,0,0,0,0,0,0,0
1,bookshelf_tall,38,qpPlain,0,0,0,0,0,0,0,0,0,inf,inf,0,0,0,0,0,0,0,0,0,0,0,0,0
1,bookshelf_tall,38,qpAdaptive,0,0,0,0,0,0,0,0,0,inf,inf,0,0,0,0,0,0,0,0,0,0,0,0,0
1,bookshelf_tall,38,qpFreeGate,0,0,0,0,0,0,0,0,0,inf,inf,0,0,0,0,0,0,0,0,0,0,0,0,0
1,bookshelf_tall,38,qpEnvelope,0,0,0,0,0,0,0,0,0,inf,inf,0,0,0,0,0,0,0,0,0,0,0,0,0
1,bookshelf_tall,45,isSafe,0,0,0,0,0,0,0,0,0,inf,inf,0,0,0,0,0,0,0,0,0,0,0,0,0
1,bookshelf_tall,45,qpFixed,0,0,0,0,0,0,0,0,0,inf,inf,0,0,0,0,0,0,0,0,0,0,0,0,0
1,bookshelf_tall,45,qpPlain,0,0,0,0,0,0,0,0,0,inf,inf,0,0,0,0,0,0,0,0,0,0,0,0,0
1,bookshelf_tall,45,qpAdaptive,0,0,0,0,0,0,0,0,0,inf,inf,0,0,0,0,0,0,0,0,0,0,0,0,0
1,bookshelf_tall,45,qpFreeGate,0,0,0,0,0,0,0,0,0,inf,inf,0,0,0,0,0,0,0,0,0,0,0,0,0
1,bookshelf_tall,45,qpEnvelope,0,0,0,0,0,0,0,0,0,inf,inf,0,0,0,0,0,0,0,0,0,0,0,0,0
1,bookshelf_tall,52,isSafe,1,1,0.670532,660507,191,10.1278,7,5065,0,0.00334797,0.00249477,0,0,0,0,1556,187,0.122751,0,0,0,0,0,0
1,bookshelf_tall,52,qpFixed,1,1,0.0335546,23154,11,10.5724,17172,17172,0,0.00266333,0.00249477,0,0,0.000598733,0,3,3,3.66667,0,0,0,1,0,0
1,bookshelf_tall,52,qpPlain,1,1,0.107867,23154,11,10.5724,17172,17172,0,0.00266333,0.00249477,0,0,0.000598733,0,3,3,3.66667,0,0,0,1,0,0
1,bookshelf_tall,52,qpAdaptive,1,1,0.0264361,13217,11,10.5726,11602,11602,0,0.0026601,0.00249477,0,0,0.00104891,0.0448665,3,3,3.66667,0,0,0,0.955134,0.0445638,0.000302641
1,bookshelf_tall,52,qpFreeGate,1,1,0.368016,275903,110,28.717,43860,43860,0,0.00302157,0.0011986,0,0,0.00058289,0,357,87,0.308123,0,0,0,1,0,0
1,bookshelf_tall,52,qpEnvelope,1,1,0.0255581,12694,11,10.5736,11409,11409,0,0.00266397,0.00249477,0,0,0.00109208,0.0296203,3,3,3.66667,0,0,0,0.97038,0.0293052,0.00031511
1,bookshelf_tall,59,isSafe,0,0,0,0,0,0,0,0,0,inf,inf,0,0,0,0,0,0,0,0,0,0,0,0,0
1,bookshelf_tall,59,qpFixed,0,0,0,0,0,0,0,0,0,inf,inf,0,0,0,0,0,0,0,0,0,0,0,0,0
1,bookshelf_tall,59,qpPlain,0,0,0,0,0,0,0,0,0,inf,inf,0,0,0,0,0,0,0,0,0,0,0,0,0
1,bookshelf_tall,59,qpAdaptive,0,0,0,0,0,0,0,0,0,inf,inf,0,0,0,0,0,0,0,0,0,0,0,0,0
1,bookshelf_tall,59,qpFreeGate,0,0,0,0,0,0,0,0,0,inf,inf,0,0,0,0,0,0,0,0,0,0,0,0,0
1,bookshelf_tall,59,qpEnvelope,0,0,0,0,0,0,0,0,0,inf,inf,0,0,0,0,0,0,0,0,0,0,0,0,0
1,bookshelf_tall,66,isSafe,1,1,0.0931183,90869,25,17.3433,10,8673,0,0.00336209,0.00249477,0,0,0,0,101,20,0.247525,0,0,0,0,0,0
1,bookshelf_tall,66,qpFixed,1,1,0.120061,72447,21,16.5373,24218,24218,0,0.00294633,0.00249477,0,0,0.000514578,0,12,10,1.75,0,0,0,1,0,0
1,bookshelf_tall,66,qpPlain,1,1,0.351014,72447,21,16.5373,24218,24218,0,0.00294633,0.00249477,0,0,0.000514578,0,12,10,1.75,0,0,0,1,0,0
1,bookshelf_tall,66,qpAdaptive,1,1,0.10818,51303,21,16.5383,16233,16233,0,0.00294633,0.00249477,0,0,0.000726743,0.0276202,12,10,1.75,0,0,0,0.97238,0.0274253,0.00019492
1,bookshelf_tall,66,qpFreeGate,1,1,0.130848,99074,34,15.4765,23046,23046,0,0.00336209,0.00249477,0,0,0.00060395,0,101,29,0.336634,0,0,0,1,0,0
1,bookshelf_tall,66,qpEnvelope,1,1,0.105994,49625,21,16.5388,15664,15664,0,0.00294651,0.00249477,0,0,0.000751433,0.0211184,12,10,1.75,0,0,0,0.978861,0.0208967,0.000241814
1,bookshelf_tall,74,isSafe,0,0,0,0,0,0,0,0,0,inf,inf,0,0,0,0,0,0,0,0,0,0,0,0,0
1,bookshelf_tall,74,qpFixed,0,0,0,0,0,0,0,0,0,inf,inf,0,0,0,0,0,0,0,0,0,0,0,0,0
1,bookshelf_tall,74,qpPlain,0,0,0,0,0,0,0,0,0,inf,inf,0,0,0,0,0,0,0,0,0,0,0,0,0
1,bookshelf_tall,74,qpAdaptive,0,0,0,0,0,0,0,0,0,inf,inf,0,0,0,0,0,0,0,0,0,0,0,0,0
1,bookshelf_tall,74,qpFreeGate,0,0,0,0,0,0,0,0,0,inf,inf,0,0,0,0,0,0,0,0,0,0,0,0,0
1,bookshelf_tall,74,qpEnvelope,0,0,0,0,0,0,0,0,0,inf,inf,0,0,0,0,0,0,0,0,0,0,0,0,0
1,bookshelf_tall,81,isSafe,0,0,0,0,0,0,0,0,0,inf,inf,0,0,0,0,0,0,0,0,0,0,0,0,0
1,bookshelf_tall,81,qpFixed,0,0,0,0,0,0,0,0,0,inf,inf,0,0,0,0,0,0,0,0,0,0,0,0,0
1,bookshelf_tall,81,qpPlain,0,0,0,0,0,0,0,0,0,inf,inf,0,0,0,0,0,0,0,0,0,0,0,0,0
1,bookshelf_tall,81,qpAdaptive,0,0,0,0,0,0,0,0,0,inf,inf,0,0,0,0,0,0,0,0,0,0,0,0,0
1,bookshelf_tall,81,qpFreeGate,0,0,0,0,0,0,0,0,0,inf,inf,0,0,0,0,0,0,0,0,0,0,0,0,0
1,bookshelf_tall,81,qpEnvelope,0,0,0,0,0,0,0,0,0,inf,inf,0,0,0,0,0,0,0,0,0,0,0,0,0
1,bookshelf_tall,88,isSafe,1,1,0.0157343,15812,6,7.88448,5,3944,0,0.00492746,0.00249477,0,0,0,0,24,3,0.25,0,0,0,0,0,0
1,bookshelf_tall,88,qpFixed,1,1,0.0899067,52115,24,13.0011,18710,18710,0,0.00294919,0.00249477,0,0,0.000586574,0,8,8,3,0,0,0,1,0,0
1,bookshelf_tall,88,qpPlain,1,1,0.25373,52115,24,13.0011,18710,18710,0,0.00294919,0.00249477,0,0,0.000586574,0,8,8,3,0,0,0,1,0,0
1,bookshelf_tall,88,qpAdaptive,1,1,0.0901561,43453,23,13.2924,15838,15838,0,0.00294444,0.00249477,0,0,0.00071058,0.0298483,8,8,2.875,0,0,0,0.970152,0.0296182,0.000230134
1,bookshelf_tall,88,qpFreeGate,1,1,0.0245993,18661,9,6.04676,8604,8604,0,0.00492737,0.00249477,0,0,0.000607608,0,24,5,0.375,0,0,0,1,0,0
1,bookshelf_tall,88,qpEnvelope,1,1,0.0878178,41757,21,13.2938,15263,15263,0,0.00294647,0.00249477,0,0,0.000739617,0.018919,8,8,2.625,0,0,0,0.981033,0.0187992,0.000167637
1,bookshelf_tall,96,isSafe,1,1,0.179918,178296,47,17.8051,10,8904,0,0.00439195,0.00249477,0,0,0,0,230,44,0.204348,0,0,0,0,0,0
1,bookshelf_tall,96,qpFixed,1,1,0.0613727,45470,22,18.8525,30355,30355,0,0.00293734,0.00249477,0,0,0.000582198,0,6,6,3.66667,0,0,0,1,0,0
1,bookshelf_tall,96,qpPlain,1,1,0.208389,45470,22,18.8525,30355,30355,0,0.00293734,0.00249477,0,0,0.000582198,0,6,6,3.66667,0,0,0,1,0,0
1,bookshelf_tall,96,qpAdaptive,1,1,0.0454521,24155,23,18.8536,20849,20849,0,0.00293735,0.00249477,0,0,0.00109601,0.0486028,6,6,3.83333,0,0,0,0.951273,0.0481888,0.000538191
1,bookshelf_tall,96,qpFreeGate,1,1,0.115,86265,36,18.6554,26925,26925,0,0.00305135,0.00249477,0,0,0.000606297,0,77,29,0.467532,0,0,0,1,0,0
1,bookshelf_tall,96,qpEnvelope,1,1,0.0438671,23168,21,18.8573,20508,20508,0,0.00293733,0.00249477,0,0,0.00114285,0.02197,6,6,3.5,0,0,0,0.977857,0.0215815,0.000561119
1,bookshelf_thin,4,isSafe,0,0,0,0,0,0,0,0,0,inf,inf,0,0,0,0,0,0,0,0,0,0,0,0,0
1,bookshelf_thin,4,qpFixed,0,0,0,0,0,0,0,0,0,inf,inf,0,0,0,0,0,0,0,0,0,0,0,0,0
1,bookshelf_thin,4,qpPlain,0,0,0,0,0,0,0,0,0,inf,inf,0,0,0,0,0,0,0,0,0,0,0,0,0
1,bookshelf_thin,4,qpAdaptive,0,0,0,0,0,0,0,0,0,inf,inf,0,0,0,0,0,0,0,0,0,0,0,0,0
1,bookshelf_thin,4,qpFreeGate,0,0,0,0,0,0,0,0,0,inf,inf,0,0,0,0,0,0,0,0,0,0,0,0,0
1,bookshelf_thin,4,qpEnvelope,0,0,0,0,0,0,0,0,0,inf,inf,0,0,0,0,0,0,0,0,0,0,0,0,0
1,bookshelf_thin,11,isSafe,0,0,0,0,0,0,0,0,0,inf,inf,0,0,0,0,0,0,0,0,0,0,0,0,0
1,bookshelf_thin,11,qpFixed,0,0,0,0,0,0,0,0,0,inf,inf,0,0,0,0,0,0,0,0,0,0,0,0,0
1,bookshelf_thin,11,qpPlain,0,0,0,0,0,0,0,0,0,inf,inf,0,0,0,0,0,0,0,0,0,0,0,0,0
1,bookshelf_thin,11,qpAdaptive,0,0,0,0,0,0,0,0,0,inf,inf,0,0,0,0,0,0,0,0,0,0,0,0,0
1,bookshelf_thin,11,qpFreeGate,0,0,0,0,0,0,0,0,0,inf,inf,0,0,0,0,0,0,0,0,0,0,0,0,0
1,bookshelf_thin,11,qpEnvelope,0,0,0,0,0,0,0,0,0,inf,inf,0,0,0,0,0,0,0,0,0,0,0,0,0
1,bookshelf_thin,18,isSafe,1,1,0.0839542,82690,23,17.2969,10,8650,0,0.00103245,0.00249477,0,0,0,0,140,19,0.164286,0,0,0,0,0,0
1,bookshelf_thin,18,qpFixed,1,1,0.0411641,24589,11,11.4775,16324,16324,0,0.00284257,0.00249477,0,0,0.0006597,0,2,2,5.5,0,0,0,1,0,0
1,bookshelf_thin,18,qpPlain,1,1,0.118507,24589,11,11.4775,16324,16324,0,0.00284257,0.00249477,0,0,0.0006597,0,2,2,5.5,0,0,0,1,0,0
1,bookshelf_thin,18,qpAdaptive,1,1,0.0412697,20579,11,11.4775,13923,13923,0,0.00283951,0.00249477,0,0,0.000788252,0.0349871,2,2,5.5,0,0,0,0.964916,0.0348899,0.000194373
1,bookshelf_thin,18,qpFreeGate,1,1,0.14501,108884,35,15.7952,23095,23095,0,0.0029945,0.00249477,0,0,0.000536278,0,156,30,0.224359,0,0,0,1,0,0
1,bookshelf_thin,18,qpEnvelope,1,1,0.0394144,19426,11,11.4777,13400,13400,0,0.0028631,0.00249477,0,0,0.000835049,0.0255843,2,2,5.5,0,0,0,0.974416,0.0253784,0.00020591
1,bookshelf_thin,25,isSafe,1,1,0.372795,360935,97,16.3768,10,8190,0,0.00563466,0.00249477,0,0,0,0,750,93,0.129333,0,0,0,0,0,0
1,bookshelf_thin,25,qpFixed,1,1,0.174965,111228,35,19.4765,28833,28833,0,0.00297418,0.00249477,0,0,0.000523167,0,22,17,1.59091,0,0,0,1,0,0
1,bookshelf_thin,25,qpPlain,1,1,0.531666,111228,35,19.4765,28833,28833,0,0.00297418,0.00249477,0,0,0.000523167,0,22,17,1.59091,0,0,0,1,0,0
1,bookshelf_thin,25,qpAdaptive,1,1,0.165688,84435,35,19.4777,16223,16223,0,0.00297418,0.00249477,0,0,0.0006892,0.0163558,22,17,1.59091,0,0,0,0.983644,0.0162614,9.47497e-05
1,bookshelf_thin,25,qpFreeGate,1,1,0.317343,238277,84,22.4547,32034,32034,0,0.00303735,0.00249477,0,0,0.000575383,0,351,75,0.239316,0,0,0,1,0,0
1,bookshelf_thin,25,qpEnvelope,1,1,0.164113,83408,35,19.4798,15901,15901,0,0.00297418,0.00249477,0,0,0.000697685,0.00932764,22,17,1.59091,0,0,0,0.99066,0.00924394,9.59164e-05
1,bookshelf_thin,32,isSafe,0,0,0,0,0,0,0,0,0,inf,inf,0,0,0,0,0,0,0,0,0,0,0,0,0
1,bookshelf_thin,32,qpFixed,0,0,0,0,0,0,0,0,0,inf,inf,0,0,0,0,0,0,0,0,0,0,0,0,0
1,bookshelf_thin,32,qpPlain,0,0,0,0,0,0,0,0,0,inf,inf,0,0,0,0,0,0,0,0,0,0,0,0,0
1,bookshelf_thin,32,qpAdaptive,0,0,0,0,0,0,0,0,0,inf,inf,0,0,0,0,0,0,0,0,0,0,0,0,0
1,bookshelf_thin,32,qpFreeGate,0,0,0,0,0,0,0,0,0,inf,inf,0,0,0,0,0,0,0,0,0,0,0,0,0
1,bookshelf_thin,32,qpEnvelope,0,0,0,0,0,0,0,0,0,inf,inf,0,0,0,0,0,0,0,0,0,0,0,0,0
1,bookshelf_thin,39,isSafe,1,1,0.192296,186474,51,18.1711,11,9087,0,0.00178614,0.00249477,0,0,0,0,294,47,0.173469,0,0,0,0,0,0
1,bookshelf_thin,39,qpFixed,1,1,0.0150366,10957,6,7.19258,10958,10958,0,0.00293853,0.00249477,0,0,0.000656437,0,1,1,6,0,0,0,1,0,0
1,bookshelf_thin,39,qpPlain,1,1,0.0498776,10957,6,7.19258,10958,10958,0,0.00293853,0.00249477,0,0,0.000656437,0,1,1,6,0,0,0,1,0,0
1,bookshelf_thin,39,qpAdaptive,1,1,0.00902616,4527,6,7.19268,6847,6847,0,0.0029381,0.00249477,0,0,0.00158884,0.0419704,1,1,6,0,0,0,0.95803,0.0413077,0.000662691
1,bookshelf_thin,39,qpFreeGate,1,1,0.140697,110471,40,14.9587,20787,20787,0,0.00303947,0.00249477,0,0,0.00059101,0,126,36,0.31746,0,0,0,1,0,0
1,bookshelf_thin,39,qpEnvelope,1,1,0.00858729,4381,6,7.19284,6749,6749,0,0.00293823,0.00249477,0,0,0.00164183,0.0365213,1,1,6,0,0,0,0.963479,0.0358366,0.000684775
1,bookshelf_thin,46,isSafe,0,0,0,0,0,0,0,0,0,inf,inf,0,0,0,0,0,0,0,0,0,0,0,0,0
1,bookshelf_thin,46,qpFixed,0,0,0,0,0,0,0,0,0,inf,inf,0,0,0,0,0,0,0,0,0,0,0,0,0
1,bookshelf_thin,46,qpPlain,0,0,0,0,0,0,0,0,0,inf,inf,0,0,0,0,0,0,0,0,0,0,0,0,0
1,bookshelf_thin,46,qpAdaptive,0,0,0,0,0,0,0,0,0,inf,inf,0,0,0,0,0,0,0,0,0,0,0,0,0
1,bookshelf_thin,46,qpFreeGate,0,0,0,0,0,0,0,0,0,inf,inf,0,0,0,0,0,0,0,0,0,0,0,0,0
1,bookshelf_thin,46,qpEnvelope,0,0,0,0,0,0,0,0,0,inf,inf,0,0,0,0,0,0,0,0,0,0,0,0,0
1,bookshelf_thin,53,isSafe,0,0,0,0,0,0,0,0,0,inf,inf,0,0,0,0,0,0,0,0,0,0,0,0,0
1,bookshelf_thin,53,qpFixed,0,0,0,0,0,0,0,0,0,inf,inf,0,0,0,0,0,0,0,0,0,0,0,0,0
1,bookshelf_thin,53,qpPlain,0,0,0,0,0,0,0,0,0,inf,inf,0,0,0,0,0,0,0,0,0,0,0,0,0
1,bookshelf_thin,53,qpAdaptive,0,0,0,0,0,0,0,0,0,inf,inf,0,0,0,0,0,0,0,0,0,0,0,0,0
1,bookshelf_thin,53,qpFreeGate,0,0,0,0,0,0,0,0,0,inf,inf,0,0,0,0,0,0,0,0,0,0,0,0,0
1,bookshelf_thin,53,qpEnvelope,0,0,0,0,0,0,0,0,0,inf,inf,0,0,0,0,0,0,0,0,0,0,0,0,0
1,bookshelf_thin,60,isSafe,1,1,0.0624005,61844,18,8.93351,6,4468,0,0.00163292,0.00249477,0,0,0,0,65,14,0.276923,0,0,0,0,0,0
1,bookshelf_thin,60,qpFixed,1,1,0.0462131,29806,12,7.45349,9877,9877,0,0.00291813,0.00249477,0,0,0.000545516,0,5,5,2.4,0,0,0,1,0,0
1,bookshelf_thin,60,qpPlain,1,1,0.143118,29806,12,7.45349,9877,9877,0,0.00291813,0.00249477,0,0,0.000545516,0,5,5,2.4,0,0,0,1,0,0
1,bookshelf_thin,60,qpAdaptive,1,1,0.0377945,17770,12,7.45362,5637,5637,0,0.00291813,0.00249477,0,0,0.000915059,0.0225661,5,5,2.4,0,0,0,0.977434,0.0222847,0.000281373
1,bookshelf_thin,60,qpFreeGate,1,1,0.186278,143807,49,11.0169,14965,14965,0,0.006651,0.00249477,0,0,0.000577793,0,169,45,0.289941,0,0,0,1,0,0
1,bookshelf_thin,60,qpEnvelope,1,1,0.0371745,17372,12,7.45391,5519,5519,0,0.00291813,0.00249477,0,0,0.000936123,0.0135275,5,5,2.4,0,0,0,0.986472,0.0132397,0.000287819
1,bookshelf_thin,67,isSafe,1,1,1.80051,1735570,537,23.0101,13,11507,0,0.00549887,0.00249477,0,0,0,0,4482,534,0.119813,0,0,0,0,0,0
1,bookshelf_thin,67,qpFixed,1,1,0.0121675,10031,6,6.66121,10032,10032,0,0.00293804,0.00249477,0,0,0.000664062,0,1,1,6,0,0,0,1,0,0
1,bookshelf_thin,67,qpPlain,1,1,0.0445719,10031,6,6.66121,10032,10032,0,0.00293804,0.00249477,0,0,0.000664062,0,1,1,6,0,0,0,1,0,0
1,bookshelf_thin,67,qpAdaptive,1,1,0.00661716,3476,6,6.66121,5750,5750,0,0.00293773,0.00249477,0,0,0.00191634,0.0405639,1,1,6,0,0,0,0.959436,0.0397008,0.000863061
1,bookshelf_thin,67,qpFreeGate,1,1,0.253781,191594,65,13.6757,17940,17940,0,0.00305444,0.00249477,0,0,0.000596491,0,229,56,0.283843,0,0,0,1,0,0
1,bookshelf_thin,67,qpEnvelope,1,1,0.00643188,3326,6,6.66124,5657,5657,0,0.00293796,0.00249477,0,0,0.00200278,0.0198437,1,1,6,0,0,0,0.980156,0.0189417,0.000901984
1,bookshelf_thin,74,isSafe,1,1,0.222115,215901,59,18.3173,11,9160,0,0.00480426,0.00249477,0,0,0,0,330,55,0.178788,0,0,0,0,0,0
1,bookshelf_thin,74,qpFixed,1,1,0.00896434,8191,5,5.52305,8192,8192,0,0.00237276,0.00249477,0,0,0.000674283,0,1,1,5,0,0,0,1,0,0
1,bookshelf_thin,74,qpPlain,1,1,0.0355962,8191,5,5.52305,8192,8192,0,0.00237276,0.00249477,0,0,0.000674283,0,1,1,5,0,0,0,1,0,0
1,bookshelf_thin,74,qpAdaptive,1,1,0.00323793,1614,5,5.52284,3770,3770,0,0.00237155,0.00249477,0,0,0.00342183,0.105328,1,1,5,0,0,0,0.894672,0.10347,0.00185874
1,bookshelf_thin,74,qpFreeGate,1,1,0.172663,129484,48,9.38407,12884,12884,0,0.00635892,0.00249477,0,0,0.000598547,0,142,42,0.338028,0,0,0,1,0,0
1,bookshelf_thin,74,qpEnvelope,1,1,0.00299651,1451,5,5.52241,3688,3688,0,0.00238611,0.00249477,0,0,0.00380593,0.0475534,1,1,5,0,0,0,0.952447,0.0454859,0.00206754
1,bookshelf_thin,82,isSafe,1,1,0.195238,193395,53,16.1535,10,8078,0,0.00831549,0.00249477,0,0,0,0,241,49,0.219917,0,0,0,0,0,0
1,bookshelf_thin,82,qpFixed,1,1,0.0243987,21244,8,10.3496,17817,17817,0,0.00226025,0.00249477,0,0,0.00052555,0,2,2,4,0,0,0,1,0,0
1,bookshelf_thin,82,qpPlain,1,1,0.0936465,21244,8,10.3496,17817,17817,0,0.00226025,0.00249477,0,0,0.00052555,0,2,2,4,0,0,0,1,0,0
1,bookshelf_thin,82,qpAdaptive,1,1,0.013017,7255,8,10.3495,8192,8192,0,0.00226777,0.00249477,0,0,0.00153889,0.0410751,2,2,4,0,0,0,0.958925,0.0403859,0.00068918
1,bookshelf_thin,82,qpFreeGate,1,1,0.20533,157761,59,20.2358,24587,24587,0,0.00571074,0.00249477,0,0,0.000593827,0,187,50,0.315508,0,0,0,1,0,0
1,bookshelf_thin,82,qpEnvelope,1,1,0.0124284,6919,8,10.3498,7969,7969,0,0.00226001,0.00249477,0,0,0.00161367,0.0228357,2,2,4,0,0,0,0.977164,0.022113,0.000722648
1,bookshelf_thin,89,isSafe,0,0,0,0,0,0,0,0,0,inf,inf,0,0,0,0,0,0,0,0,0,0,0,0,0
1,bookshelf_thin,89,qpFixed,0,0,0,0,0,0,0,0,0,inf,inf,0,0,0,0,0,0,0,0,0,0,0,0,0
1,bookshelf_thin,89,qpPlain,0,0,0,0,0,0,0,0,0,inf,inf,0,0,0,0,0,0,0,0,0,0,0,0,0
1,bookshelf_thin,89,qpAdaptive,0,0,0,0,0,0,0,0,0,inf,inf,0,0,0,0,0,0,0,0,0,0,0,0,0
1,bookshelf_thin,89,qpFreeGate,0,0,0,0,0,0,0,0,0,inf,inf,0,0,0,0,0,0,0,0,0,0,0,0,0
1,bookshelf_thin,89,qpEnvelope,0,0,0,0,0,0,0,0,0,inf,inf,0,0,0,0,0,0,0,0,0,0,0,0,0
1,bookshelf_thin,96,isSafe,0,0,0,0,0,0,0,0,0,inf,inf,0,0,0,0,0,0,0,0,0,0,0,0,0
1,bookshelf_thin,96,qpFixed,0,0,0,0,0,0,0,0,0,inf,inf,0,0,0,0,0,0,0,0,0,0,0,0,0
1,bookshelf_thin,96,qpPlain,0,0,0,0,0,0,0,0,0,inf,inf,0,0,0,0,0,0,0,0,0,0,0,0,0
1,bookshelf_thin,96,qpAdaptive,0,0,0,0,0,0,0,0,0,inf,inf,0,0,0,0,0,0,0,0,0,0,0,0,0
1,bookshelf_thin,96,qpFreeGate,0,0,0,0,0,0,0,0,0,inf,inf,0,0,0,0,0,0,0,0,0,0,0,0,0
1,bookshelf_thin,96,qpEnvelope,0,0,0,0,0,0,0,0,0,inf,inf,0,0,0,0,0,0,0,0,0,0,0,0,0
1,table_under_pick,3,isSafe,1,1,0.0539159,53323,16,10.6231,7,5313,0,0.00110027,0.00249477,0,0,0,0,28,11,0.571429,0,0,0,0,0,0
1,table_under_pick,3,qpFixed,1,1,0.0214513,16584,10,9.61596,12387,12387,0,0.00296638,0.00249477,0,0,0.000775886,0,2,2,5,0,0,0,1,0,0
1,table_under_pick,3,qpPlain,1,1,0.0732754,16584,10,9.61596,12387,12387,0,0.00296638,0.00249477,0,0,0.000775886,0,2,2,5,0,0,0,1,0,0
1,table_under_pick,3,qpAdaptive,1,1,0.010461,5561,10,9.61689,7382,7382,0,0.00296762,0.00249477,0,0,0.00231401,0.106815,2,2,5,0,0,0,0.893185,0.105736,0.00107894
1,table_under_pick,3,qpFreeGate,1,1,0.0595582,40727,21,11.8809,15963,15963,0,0.00304859,0.00249477,0,0,0.00068684,0,28,13,0.75,0,0,0,1,0,0
1,table_under_pick,3,qpEnvelope,1,1,0.00959267,5071,10,9.61842,7162,7162,0,0.00296759,0.00249477,0,0,0.00253816,0.0782883,2,2,5,0,0,0,0.921712,0.0771051,0.0011832
1,table_under_pick,10,isSafe,1,1,0.0529878,52640,16,10.2428,7,5123,0,0.00440318,0.00249477,0,0,0,0,77,11,0.207792,0,0,0,0,0,0
1,table_under_pick,10,qpFixed,1,1,0.0953701,57040,22,12.5842,18531,18531,0,0.0029416,0.00249477,0,0,0.000545666,0,11,10,2,0,0,0,1,0,0
1,table_under_pick,10,qpPlain,1,1,0.272295,57040,22,12.5842,18531,18531,0,0.0029416,0.00249477,0,0,0.000545666,0,11,10,2,0,0,0,1,0,0
1,table_under_pick,10,qpAdaptive,1,1,0.0995047,51117,22,12.585,15941,15941,0,0.00292777,0.00249477,0,0,0.000608962,0.0219301,11,10,2,0,0,0,0.97807,0.0218714,5.86889e-05
1,table_under_pick,10,qpFreeGate,1,1,0.0978832,73979,29,13.8405,21141,21141,0,0.00305513,0.00249477,0,0,0.00061153,0,93,23,0.311828,0,0,0,1,0,0
1,table_under_pick,10,qpEnvelope,1,1,0.0948256,50088,22,12.5861,15374,15374,0,0.00293623,0.00249477,0,0,0.000621621,0.0180882,11,10,2,0,0,0,0.981912,0.0180283,5.98946e-05
1,table_under_pick,17,isSafe,0,0,0,0,0,0,0,0,0,inf,inf,0,0,0,0,0,0,0,0,0,0,0,0,0
1,table_under_pick,17,qpFixed,0,0,0,0,0,0,0,0,0,inf,inf,0,0,0,0,0,0,0,0,0,0,0,0,0
1,table_under_pick,17,qpPlain,0,0,0,0,0,0,0,0,0,inf,inf,0,0,0,0,0,0,0,0,0,0,0,0,0
1,table_under_pick,17,qpAdaptive,0,0,0,0,0,0,0,0,0,inf,inf,0,0,0,0,0,0,0,0,0,0,0,0,0
1,table_under_pick,17,qpFreeGate,0,0,0,0,0,0,0,0,0,inf,inf,0,0,0,0,0,0,0,0,0,0,0,0,0
1,table_under_pick,17,qpEnvelope,0,0,0,0,0,0,0,0,0,inf,inf,0,0,0,0,0,0,0,0,0,0,0,0,0
1,table_under_pick,24,isSafe,1,1,0.04192,42029,13,14.966,9,7484,0,0.0075833,0.00249477,0,0,0,0,48,9,0.270833,0,0,0,0,0,0
1,table_under_pick,24,qpFixed,1,1,0.0517896,33851,12,14.0452,22036,22036,0,0.00292909,0.00249477,0,0,0.000521833,0,6,5,2,0,0,0,1,0,0
1,table_under_pick,24,qpPlain,1,1,0.1534,33851,12,14.0452,22036,22036,0,0.00292909,0.00249477,0,0,0.000521833,0,6,5,2,0,0,0,1,0,0
1,table_under_pick,24,qpAdaptive,1,1,0.0470713,24225,12,14.0456,16691,16691,0,0.00293431,0.00249477,0,0,0.000729255,0.0205986,6,5,2,0,0,0,0.979401,0.0203922,0.000206398
1,table_under_pick,24,qpFreeGate,1,1,0.0735647,54790,21,14.4186,19193,19193,0,0.00324249,0.00249477,0,0,0.00063144,0,51,15,0.411765,0,0,0,1,0,0
1,table_under_pick,24,qpEnvelope,1,1,0.0454782,23810,12,14.0464,16445,16445,0,0.00292051,0.00249477,0,0,0.000742082,0.0164217,6,5,2,0,0,0,0.983578,0.0162117,0.000209996
1,table_under_pick,31,isSafe,1,1,0.0706452,67672,19,19.7804,11,9892,0,0.00690438,0.00249477,0,0,0,0,62,15,0.306452,0,0,0,0,0,0
1,table_under_pick,31,qpFixed,1,1,0.0367984,30573,12,11.6857,19309,19309,0,0.00297655,0.00249477,0,0,0.000594053,0,3,3,4,0,0,0,1,0,0
1,table_under_pick,31,qpPlain,1,1,0.133098,30573,12,11.6857,19309,19309,0,0.00297655,0.00249477,0,0,0.000594053,0,3,3,4,0,0,0,1,0,0
1,table_under_pick,31,qpAdaptive,1,1,0.022516,13142,12,11.6858,10988,10988,0,0.00297741,0.00249477,0,0,0.00138198,0.0862121,3,3,4,0,0,0,0.913712,0.0857556,0.000532643
1,table_under_pick,31,qpFreeGate,1,1,0.0710659,53426,19,15.3804,21038,21038,0,0.00302553,0.00249477,0,0,0.00061007,0,49,14,0.387755,0,0,0,1,0,0
1,table_under_pick,31,qpEnvelope,1,1,0.0207904,12086,12,11.686,10547,10547,0,0.0029769,0.00249477,0,0,0.00150278,0.0269734,3,3,4,0,0,0,0.972944,0.0265597,0.000496442
1,table_under_pick,38,isSafe,0,0,0,0,0,0,0,0,0,inf,inf,0,0,0,0,0,0,0,0,0,0,0,0,0
1,table_under_pick,38,qpFixed,0,0,0,0,0,0,0,0,0,inf,inf,0,0,0,0,0,0,0,0,0,0,0,0,0
1,table_under_pick,38,qpPlain,0,0,0,0,0,0,0,0,0,inf,inf,0,0,0,0,0,0,0,0,0,0,0,0,0
1,table_under_pick,38,qpAdaptive,0,0,0,0,0,0,0,0,0,inf,inf,0,0,0,0,0,0,0,0,0,0,0,0,0
1,table_under_pick,38,qpFreeGate,0,0,0,0,0,0,0,0,0,inf,inf,0,0,0,0,0,0,0,0,0,0,0,0,0
1,table_under_pick,38,qpEnvelope,0,0,0,0,0,0,0,0,0,inf,inf,0,0,0,0,0,0,0,0,0,0,0,0,0
1,table_under_pick,45,isSafe,0,0,0,0,0,0,0,0,0,inf,inf,0,0,0,0,0,0,0,0,0,0,0,0,0
1,table_under_pick,45,qpFixed,0,0,0,0,0,0,0,0,0,inf,inf,0,0,0,0,0,0,0,0,0,0,0,0,0
1,table_under_pick,45,qpPlain,0,0,0,0,0,0,0,0,0,inf,inf,0,0,0,0,0,0,0,0,0,0,0,0,0
1,table_under_pick,45,qpAdaptive,0,0,0,0,0,0,0,0,0,inf,inf,0,0,0,0,0,0,0,0,0,0,0,0,0
1,table_under_pick,45,qpFreeGate,0,0,0,0,0,0,0,0,0,inf,inf,0,0,0,0,0,0,0,0,0,0,0,0,0
1,table_under_pick,45,qpEnvelope,0,0,0,0,0,0,0,0,0,inf,inf,0,0,0,0,0,0,0,0,0,0,0,0,0
1,table_under_pick,52,isSafe,0,0,0,0,0,0,0,0,0,inf,inf,0,0,0,0,0,0,0,0,0,0,0,0,0
1,table_under_pick,52,qpFixed,0,0,0,0,0,0,0,0,0,inf,inf,0,0,0,0,0,0,0,0,0,0,0,0,0
1,table_under_pick,52,qpPlain,0,0,0,0,0,0,0,0,0,inf,inf,0,0,0,0,0,0,0,0,0,0,0,0,0
1,table_under_pick,52,qpAdaptive,0,0,0,0,0,0,0,0,0,inf,inf,0,0,0,0,0,0,0,0,0,0,0,0,0
1,table_under_pick,52,qpFreeGate,0,0,0,0,0,0,0,0,0,inf,inf,0,0,0,0,0,0,0,0,0,0,0,0,0
1,table_under_pick,52,qpEnvelope,0,0,0,0,0,0,0,0,0,inf,inf,0,0,0,0,0,0,0,0,0,0,0,0,0
1,table_under_pick,59,isSafe,1,1,0.0319035,31456,10,13.7098,8,6856,0,0.00156868,0.00249477,0,0,0,0,20,6,0.5,0,0,0,0,0,0
1,table_under_pick,59,qpFixed,1,1,0.137637,89156,37,23.8908,38675,38675,0,0.00222537,0.00249477,0,0,0.000570283,0,14,12,2.64286,0,0,0,1,0,0
1,table_under_pick,59,qpPlain,1,1,0.421161,89156,37,23.8908,38675,38675,0,0.00222537,0.00249477,0,0,0.000570283,0,14,12,2.64286,0,0,0,1,0,0
1,table_under_pick,59,qpAdaptive,1,1,0.131753,70663,37,23.8912,33950,33950,0,0.00222609,0.00249477,0,0,0.000719567,0.0299733,14,12,2.64286,0,0,0,0.96997,0.0298883,0.000141517
1,table_under_pick,59,qpFreeGate,1,1,0.0572522,42098,30,18.8504,26044,26044,0,0.00314451,0.00249477,0,0,0.000611102,0,46,13,0.652174,0,0,0,1,0,0
1,table_under_pick,59,qpEnvelope,1,1,0.128285,68657,37,23.8945,33243,33243,0,0.0022267,0.00249477,0,0,0.00074072,0.0123367,14,12,2.64286,0,0,0,0.987634,0.0122347,0.000131086
1,table_under_pick,67,isSafe,1,1,0.022071,21542,8,10.7614,7,5382,0,0.00504525,0.00249477,0,0,0,0,12,4,0.666667,0,0,0,0,0,0
1,table_under_pick,67,qpFixed,1,1,0.0505151,38323,16,15.5755,24767,24767,0,0.00295709,0.00249477,0,0,0.000593646,0,5,5,3.2,0,0,0,1,0,0
1,table_under_pick,67,qpPlain,1,1,0.175239,38323,16,15.5755,24767,24767,0,0.00295709,0.00249477,0,0,0.000593646,0,5,5,3.2,0,0,0,1,0,0
1,table_under_pick,67,qpAdaptive,1,1,0.0404641,22085,16,15.5755,14366,14366,0,0.00295686,0.00249477,0,0,0.00103016,0.0290242,5,5,3.2,0,0,0,0.97093,0.0287073,0.000362237
1,table_under_pick,67,qpFreeGate,1,1,0.0334427,26308,13,14.7113,20688,20688,0,0.00504227,0.00249477,0,0,0.000641035,0,16,6,0.8125,0,0,0,1,0,0
1,table_under_pick,67,qpEnvelope,1,1,0.0387279,21405,16,15.5757,14031,14031,0,0.00295621,0.00249477,0,0,0.00106291,0.00995095,5,5,3.2,0,0,0,0.990002,0.00962392,0.000373744
1,table_under_pick,74,isSafe,0,0,0,0,0,0,0,0,0,inf,inf,0,0,0,0,0,0,0,0,0,0,0,0,0
1,table_under_pick,74,qpFixed,0,0,0,0,0,0,0,0,0,inf,inf,0,0,0,0,0,0,0,0,0,0,0,0,0
1,table_under_pick,74,qpPlain,0,0,0,0,0,0,0,0,0,inf,inf,0,0,0,0,0,0,0,0,0,0,0,0,0
1,table_under_pick,74,qpAdaptive,0,0,0,0,0,0,0,0,0,inf,inf,0,0,0,0,0,0,0,0,0,0,0,0,0
1,table_under_pick,74,qpFreeGate,0,0,0,0,0,0,0,0,0,inf,inf,0,0,0,0,0,0,0,0,0,0,0,0,0
1,table_under_pick,74,qpEnvelope,0,0,0,0,0,0,0,0,0,inf,inf,0,0,0,0,0,0,0,0,0,0,0,0,0
1,table_under_pick,81,isSafe,1,1,0.0602627,59238,17,17.5184,10,8761,0,0.00662864,0.00249477,0,0,0,0,67,14,0.253731,0,0,0,0,0,0
1,table_under_pick,81,qpFixed,1,1,0.136517,91524,31,22.5059,36840,36840,0,0.00292507,0.00249477,0,0,0.000537014,0,18,16,1.72222,0,0,0,1,0,0
1,table_under_pick,81,qpPlain,1,1,0.428123,91524,31,22.5059,36840,36840,0,0.00292507,0.00249477,0,0,0.000537014,0,18,16,1.72222,0,0,0,1,0,0
1,table_under_pick,81,qpAdaptive,1,1,0.135184,74506,31,22.5066,31125,31125,0,0.00292106,0.00249477,0,0,0.00065969,0.0232464,18,16,1.72222,0,0,0,0.976727,0.0231525,0.000120796
1,table_under_pick,81,qpFreeGate,1,1,0.159091,115450,47,20.9323,28642,28642,0,0.00298862,0.00249477,0,0,0.000612031,0,114,35,0.412281,0,0,0,1,0,0
1,table_under_pick,81,qpEnvelope,1,1,0.132649,73008,31,22.5135,31057,31057,0,0.00292824,0.00249477,0,0,0.000673432,0.00894423,18,16,1.72222,0,0,0,0.991015,0.00886204,0.000123274
1,table_under_pick,88,isSafe,0,0,0,0,0,0,0,0,0,inf,inf,0,0,0,0,0,0,0,0,0,0,0,0,0
1,table_under_pick,88,qpFixed,0,0,0,0,0,0,0,0,0,inf,inf,0,0,0,0,0,0,0,0,0,0,0,0,0
1,table_under_pick,88,qpPlain,0,0,0,0,0,0,0,0,0,inf,inf,0,0,0,0,0,0,0,0,0,0,0,0,0
1,table_under_pick,88,qpAdaptive,0,0,0,0,0,0,0,0,0,inf,inf,0,0,0,0,0,0,0,0,0,0,0,0,0
1,table_under_pick,88,qpFreeGate,0,0,0,0,0,0,0,0,0,inf,inf,0,0,0,0,0,0,0,0,0,0,0,0,0
1,table_under_pick,88,qpEnvelope,0,0,0,0,0,0,0,0,0,inf,inf,0,0,0,0,0,0,0,0,0,0,0,0,0
1,table_under_pick,95,isSafe,1,1,0.0331144,31340,10,7.63156,5,3817,0,0.00245221,0.00249477,0,0,0,0,30,7,0.333333,0,0,0,0,0,0
1,table_under_pick,95,qpFixed,1,1,0.720837,405050,83,9.0421,11869,11869,0,0.00242431,0.00249477,0,0,0.00043387,0,108,55,0.768519,0,0,0,1,0,0
1,table_under_pick,95,qpPlain,1,1,2.01785,405050,83,9.0421,11869,11869,0,0.00242431,0.00249477,0,0,0.00043387,0,108,55,0.768519,0,0,0,1,0,0
1,table_under_pick,95,qpAdaptive,1,1,0.765836,369397,83,9.04228,8103,8103,0,0.00242441,0.00249477,0,0,0.000475767,0.0111181,108,55,0.768519,0,0,0,0.988876,0.0110938,2.97783e-05
1,table_under_pick,95,qpFreeGate,1,1,0.032974,24707,11,13.2774,19462,19462,0,0.00789646,0.00249477,0,0,0.000599632,0,21,6,0.52381,0,0,0,1,0,0
1,table_under_pick,95,qpEnvelope,1,1,0.758172,366328,83,9.0432,7841,7841,0,0.00242448,0.00249477,0,0,0.000479818,0.00740047,108,55,0.768519,0,0,0,0.9926,0.00737044,3.00277e-05
1,bookshelf_small,2,isSafe,1,0,10.0008,9759686,4219,0,0,0,0,inf,inf,0,0,0,0,39897,4217,0.105747,0,0,0,0,0,0
1,bookshelf_small,2,qpFixed,1,0,10.0016,7107544,839,0,0,0,0,inf,inf,0,0,0.000318707,0,1509,747,0.555997,0,0,0,1,0,0
1,bookshelf_small,2,qpPlain,1,0,10.0087,2091850,308,0,0,0,0,inf,inf,0,0,0.000356834,0,391,248,0.787724,0,0,0,1,0,0
1,bookshelf_small,2,qpAdaptive,1,0,10.0005,6065172,780,0,0,0,0,inf,inf,0,0,0.000343322,0.00412832,1358,690,0.574374,0,0,0,0.995871,0.0041059,2.27529e-05
1,bookshelf_small,2,qpFreeGate,1,0,10.0011,7527243,3286,0,0,0,0,inf,inf,0,0,0.000553632,0,20673,3284,0.158951,0,0,0,1,0,0
1,bookshelf_small,2,qpEnvelope,1,0,10.0024,6036071,778,0,0,0,0,inf,inf,0,0,0.000344233,0.00111414,1354,688,0.574594,0,0,0,0.998885,0.0010921,2.26969e-05
1,bookshelf_small,10,isSafe,0,0,0,0,0,0,0,0,0,inf,inf,0,0,0,0,0,0,0,0,0,0,0,0,0
1,bookshelf_small,10,qpFixed,0,0,0,0,0,0,0,0,0,inf,inf,0,0,0,0,0,0,0,0,0,0,0,0,0
1,bookshelf_small,10,qpPlain,0,0,0,0,0,0,0,0,0,inf,inf,0,0,0,0,0,0,0,0,0,0,0,0,0
1,bookshelf_small,10,qpAdaptive,0,0,0,0,0,0,0,0,0,inf,inf,0,0,0,0,0,0,0,0,0,0,0,0,0
1,bookshelf_small,10,qpFreeGate,0,0,0,0,0,0,0,0,0,inf,inf,0,0,0,0,0,0,0,0,0,0,0,0,0
1,bookshelf_small,10,qpEnvelope,0,0,0,0,0,0,0,0,0,inf,inf,0,0,0,0,0,0,0,0,0,0,0,0,0
1,bookshelf_small,17,isSafe,1,1,0.0388563,37593,12,10.6945,7,5349,0,0.00716576,0.00249477,0,0,0,0,28,8,0.428571,0,0,0,0,0,0
1,bookshelf_small,17,qpFixed,1,1,0.0103583,8960,6,6.07851,8961,8961,0,0.00293349,0.00249477,0,0,0.000678406,0,1,1,6,0,0,0,1,0,0
1,bookshelf_small,17,qpPlain,1,1,0.0383753,8960,6,6.07851,8961,8961,0,0.00293349,0.00249477,0,0,0.000678406,0,1,1,6,0,0,0,1,0,0
1,bookshelf_small,17,qpAdaptive,1,1,0.00365774,2053,6,6.07873,4364,4364,0,0.00293207,0.00249477,0,0,0.0029609,0.178276,1,1,6,0,0,0,0.821724,0.176327,0.00194837
1,bookshelf_small,17,qpFreeGate,1,1,0.0297057,21518,15,9.35079,11993,11993,0,0.00309011,0.00249477,0,0,0.000723558,0,9,6,1.66667,0,0,0,1,0,0
1,bookshelf_small,17,qpEnvelope,1,1,0.0031726,1740,6,6.07915,4196,4196,0,0.00292933,0.00249477,0,0,0.00349377,0.0609195,1,1,6,0,0,0,0.93908,0.0586207,0.00229885
1,bookshelf_small,25,isSafe,1,1,0.0665743,66034,19,18.8689,11,9436,0,0.00577971,0.00249477,0,0,0,0,117,15,0.162393,0,0,0,0,0,0
1,bookshelf_small,25,qpFixed,1,1,0.0309942,18858,9,9.18081,16196,16196,0,0.00296094,0.00249477,0,0,0.000525938,0,2,2,4.5,0,0,0,1,0,0
1,bookshelf_small,25,qpPlain,1,1,0.0902032,18858,9,9.18081,16196,16196,0,0.00296094,0.00249477,0,0,0.000525938,0,2,2,4.5,0,0,0,1,0,0
1,bookshelf_small,25,qpAdaptive,1,1,0.0298044,14447,9,9.18083,13214,13214,0,0.00296601,0.00249477,0,0,0.000686493,0.0365474,2,2,4.5,0,0,0,0.963453,0.0364089,0.000138437
1,bookshelf_small,25,qpFreeGate,1,1,0.0685314,51884,19,11.6941,19360,19360,0,0.00577971,0.00249477,0,0,0.000574307,0,55,13,0.345455,0,0,0,1,0,0
1,bookshelf_small,25,qpEnvelope,1,1,0.0283137,13589,9,9.18237,12581,12581,0,0.00296585,0.00249477,0,0,0.000729969,0.0309074,2,2,4.5,0,0,0,0.969093,0.0307602,0.000147178
1,bookshelf_small,33,isSafe,0,0,0,0,0,0,0,0,0,inf,inf,0,0,0,0,0,0,0,0,0,0,0,0,0
1,bookshelf_small,33,qpFixed,0,0,0,0,0,0,0,0,0,inf,inf,0,0,0,0,0,0,0,0,0,0,0,0,0
1,bookshelf_small,33,qpPlain,0,0,0,0,0,0,0,0,0,inf,inf,0,0,0,0,0,0,0,0,0,0,0,0,0
1,bookshelf_small,33,qpAdaptive,0,0,0,0,0,0,0,0,0,inf,inf,0,0,0,0,0,0,0,0,0,0,0,0,0
1,bookshelf_small,33,qpFreeGate,0,0,0,0,0,0,0,0,0,inf,inf,0,0,0,0,0,0,0,0,0,0,0,0,0
1,bookshelf_small,33,qpEnvelope,0,0,0,0,0,0,0,0,0,inf,inf,0,0,0,0,0,0,0,0,0,0,0,0,0
1,bookshelf_small,40,isSafe,0,0,0,0,0,0,0,0,0,inf,inf,0,0,0,0,0,0,0,0,0,0,0,0,0
1,bookshelf_small,40,qpFixed,0,0,0,0,0,0,0,0,0,inf,inf,0,0,0,0,0,0,0,0,0,0,0,0,0
1,bookshelf_small,40,qpPlain,0,0,0,0,0,0,0,0,0,inf,inf,0,0,0,0,0,0,0,0,0,0,0,0,0
1,bookshelf_small,40,qpAdaptive,0,0,0,0,0,0,0,0,0,inf,inf,0,0,0,0,0,0,0,0,0,0,0,0,0
1,bookshelf_small,40,qpFreeGate,0,0,0,0,0,0,0,0,0,inf,inf,0,0,0,0,0,0,0,0,0,0,0,0,0
1,bookshelf_small,40,qpEnvelope,0,0,0,0,0,0,0,0,0,inf,inf,0,0,0,0,0,0,0,0,0,0,0,0,0
1,bookshelf_small,47,isSafe,0,0,0,0,0,0,0,0,0,inf,inf,0,0,0,0,0,0,0,0,0,0,0,0,0
1,bookshelf_small,47,qpFixed,0,0,0,0,0,0,0,0,0,inf,inf,0,0,0,0,0,0,0,0,0,0,0,0,0
1,bookshelf_small,47,qpPlain,0,0,0,0,0,0,0,0,0,inf,inf,0,0,0,0,0,0,0,0,0,0,0,0,0
1,bookshelf_small,47,qpAdaptive,0,0,0,0,0,0,0,0,0,inf,inf,0,0,0,0,0,0,0,0,0,0,0,0,0
1,bookshelf_small,47,qpFreeGate,0,0,0,0,0,0,0,0,0,inf,inf,0,0,0,0,0,0,0,0,0,0,0,0,0
1,bookshelf_small,47,qpEnvelope,0,0,0,0,0,0,0,0,0,inf,inf,0,0,0,0,0,0,0,0,0,0,0,0,0
1,bookshelf_small,54,isSafe,1,1,0.0507882,50137,15,9.25369,6,4628,0,0.00513104,0.00249477,0,0,0,0,88,11,0.170455,0,0,0,0,0,0
1,bookshelf_small,54,qpFixed,1,1,0.0225098,16017,8,8.57774,16018,16018,0,0.00292696,0.00249477,0,0,0.00053554,0,1,1,8,0,0,0,1,0,0
1,bookshelf_small,54,qpPlain,1,1,0.0737039,16017,8,8.57774,16018,16018,0,0.00292696,0.00249477,0,0,0.00053554,0,1,1,8,0,0,0,1,0,0
1,bookshelf_small,54,qpAdaptive,1,1,0.0181547,8864,8,8.57783,10987,10987,0,0.00292663,0.00249477,0,0,0.000967716,0.0144404,1,1,8,0,0,0,0.98556,0.014102,0.000338448
1,bookshelf_small,54,qpFreeGate,1,1,0.123136,90225,34,12.53,19237,19237,0,0.00513104,0.00249477,0,0,0.000601258,0,112,28,0.303571,0,0,0,1,0,0
1,bookshelf_small,54,qpEnvelope,1,1,0.0176037,8734,8,8.57782,10909,10909,0,0.00292693,0.00249477,0,0,0.000982118,0.00641172,1,1,8,0,0,0,0.993474,0.00606824,0.00045798
1,bookshelf_small,61,isSafe,1,1,0.0216321,21704,8,8.82531,6,4414,0,0.00693273,0.00249477,0,0,0,0,6,4,1.33333,0,0,0,0,0,0
1,bookshelf_small,61,qpFixed,1,1,0.00876021,9264,5,5.89737,9265,9265,0,0.00295415,0.00249477,0,0,0.00063659,0,1,1,5,0,0,0,1,0,0
1,bookshelf_small,61,qpPlain,1,1,0.0389892,9264,5,5.89737,9265,9265,0,0.00295415,0.00249477,0,0,0.00063659,0,1,1,5,0,0,0,1,0,0
1,bookshelf_small,61,qpAdaptive,1,1,0.00211339,1249,5,5.89741,3789,3789,0,0.00296103,0.00249477,0,0,0.0047217,0.16253,1,1,5,0,0,0,0.83747,0.160128,0.00240192
1,bookshelf_small,61,qpFreeGate,1,1,0.0193796,15221,8,7.27087,11375,11375,0,0.00306461,0.00249477,0,0,0.000640032,0,4,3,2,0,0,0,1,0,0
1,bookshelf_small,61,qpEnvelope,1,1,0.00190417,1093,5,5.8975,3711,3711,0,0.00295729,0.00249477,0,0,0.0053957,0.0704483,1,1,5,0,0,0,0.929552,0.0677036,0.00274474
1,bookshelf_small,68,isSafe,0,0,0,0,0,0,0,0,0,inf,inf,0,0,0,0,0,0,0,0,0,0,0,0,0
1,bookshelf_small,68,qpFixed,0,0,0,0,0,0,0,0,0,inf,inf,0,0,0,0,0,0,0,0,0,0,0,0,0
1,bookshelf_small,68,qpPlain,0,0,0,0,0,0,0,0,0,inf,inf,0,0,0,0,0,0,0,0,0,0,0,0,0
1,bookshelf_small,68,qpAdaptive,0,0,0,0,0,0,0,0,0,inf,inf,0,0,0,0,0,0,0,0,0,0,0,0,0
1,bookshelf_small,68,qpFreeGate,0,0,0,0,0,0,0,0,0,inf,inf,0,0,0,0,0,0,0,0,0,0,0,0,0
1,bookshelf_small,68,qpEnvelope,0,0,0,0,0,0,0,0,0,inf,inf,0,0,0,0,0,0,0,0,0,0,0,0,0
1,bookshelf_small,75,isSafe,1,1,0.0372727,37272,12,12.6001,8,6302,0,0.008202,0.00249477,0,0,0,0,20,7,0.6,0,0,0,0,0,0
1,bookshelf_small,75,qpFixed,1,1,0.0802183,52170,23,12.5865,18113,18113,0,0.00294282,0.00249477,0,0,0.000657527,0,8,8,2.875,0,0,0,1,0,0
1,bookshelf_small,75,qpPlain,1,1,0.242487,52170,23,12.5865,18113,18113,0,0.00294282,0.00249477,0,0,0.000657527,0,8,8,2.875,0,0,0,1,0,0
1,bookshelf_small,75,qpAdaptive,1,1,0.0745179,37888,23,12.5867,13042,13042,0,0.00294283,0.00249477,0,0,0.000905395,0.0288746,8,8,2.875,0,0,0,0.97102,0.0287162,0.000263936
1,bookshelf_small,75,qpFreeGate,1,1,0.0406868,31194,13,13.3368,21284,21284,0,0.00314022,0.00249477,0,0,0.000575285,0,20,7,0.65,0,0,0,1,0,0
1,bookshelf_small,75,qpEnvelope,1,1,0.0721525,36413,23,12.5871,12733,12733,0,0.00294292,0.00249477,0,0,0.000942152,0.0187296,8,8,2.875,0,0,0,0.98127,0.0184549,0.000274627
1,bookshelf_small,82,isSafe,0,0,0,0,0,0,0,0,0,inf,inf,0,0,0,0,0,0,0,0,0,0,0,0,0
1,bookshelf_small,82,qpFixed,0,0,0,0,0,0,0,0,0,inf,inf,0,0,0,0,0,0,0,0,0,0,0,0,0
1,bookshelf_small,82,qpPlain,0,0,0,0,0,0,0,0,0,inf,inf,0,0,0,0,0,0,0,0,0,0,0,0,0
1,bookshelf_small,82,qpAdaptive,0,0,0,0,0,0,0,0,0,inf,inf,0,0,0,0,0,0,0,0,0,0,0,0,0
1,bookshelf_small,82,qpFreeGate,0,0,0,0,0,0,0,0,0,inf,inf,0,0,0,0,0,0,0,0,0,0,0,0,0
1,bookshelf_small,82,qpEnvelope,0,0,0,0,0,0,0,0,0,inf,inf,0,0,0,0,0,0,0,0,0,0,0,0,0
1,bookshelf_small,90,isSafe,0,0,0,0,0,0,0,0,0,inf,inf,0,0,0,0,0,0,0,0,0,0,0,0,0
1,bookshelf_small,90,qpFixed,0,0,0,0,0,0,0,0,0,inf,inf,0,0,0,0,0,0,0,0,0,0,0,0,0
1,bookshelf_small,90,qpPlain,0,0,0,0,0,0,0,0,0,inf,inf,0,0,0,0,0,0,0,0,0,0,0,0,0
1,bookshelf_small,90,qpAdaptive,0,0,0,0,0,0,0,0,0,inf,inf,0,0,0,0,0,0,0,0,0,0,0,0,0
1,bookshelf_small,90,qpFreeGate,0,0,0,0,0,0,0,0,0,inf,inf,0,0,0,0,0,0,0,0,0,0,0,0,0
1,bookshelf_small,90,qpEnvelope,0,0,0,0,0,0,0,0,0,inf,inf,0,0,0,0,0,0,0,0,0,0,0,0,0
1,bookshelf_small,97,isSafe,0,0,0,0,0,0,0,0,0,inf,inf,0,0,0,0,0,0,0,0,0,0,0,0,0
1,bookshelf_small,97,qpFixed,0,0,0,0,0,0,0,0,0,inf,inf,0,0,0,0,0,0,0,0,0,0,0,0,0
1,bookshelf_small,97,qpPlain,0,0,0,0,0,0,0,0,0,inf,inf,0,0,0,0,0,0,0,0,0,0,0,0,0
1,bookshelf_small,97,qpAdaptive,0,0,0,0,0,0,0,0,0,inf,inf,0,0,0,0,0,0,0,0,0,0,0,0,0
1,bookshelf_small,97,qpFreeGate,0,0,0,0,0,0,0,0,0,inf,inf,0,0,0,0,0,0,0,0,0,0,0,0,0
1,bookshelf_small,97,qpEnvelope,0,0,0,0,0,0,0,0,0,inf,inf,0,0,0,0,0,0,0,0,0,0,0,0,0
1,box,4,isSafe,1,1,0.0706063,70525,21,14.0129,9,7008,0,0.00987155,0.00249477,0,0,0,0,57,16,0.368421,0,0,0,0,0,0
1,box,4,qpFixed,1,1,0.012536,9255,6,6.37717,9256,9256,0,0.00294306,0.00249477,0,0,0.000689052,0,1,1,6,0,0,0,1,0,0
1,box,4,qpPlain,1,1,0.0418254,9255,6,6.37717,9256,9256,0,0.00294306,0.00249477,0,0,0.000689052,0,1,1,6,0,0,0,1,0,0
1,box,4,qpAdaptive,1,1,0.00789059,3983,6,6.37723,5903,5903,0,0.00294318,0.00249477,0,0,0.00160111,0.0391665,1,1,6,0,0,0,0.960834,0.0384133,0.000753201
1,box,4,qpFreeGate,1,1,0.0596665,44054,21,11.0455,17182,17182,0,0.00323727,0.00249477,0,0,0.000632708,0,42,16,0.5,0,0,0,1,0,0
1,box,4,qpEnvelope,1,1,0.00771158,3888,6,6.37733,5853,5853,0,0.00294327,0.00249477,0,0,0.00164026,0.0270062,1,1,6,0,0,0,0.972994,0.0262346,0.000771605
1,box,11,isSafe,1,1,0.0404016,39785,12,13.8585,8,6931,0,0.0138283,0.00249477,0,0,0,0,28,9,0.428571,0,0,0,0,0,0
1,box,11,qpFixed,1,1,0.0679928,42170,21,12.4322,18634,18634,0,0.00295121,0.00249477,0,0,0.000628539,0,8,8,2.625,0,0,0,1,0,0
1,box,11,qpPlain,1,1,0.200034,42170,21,12.4322,18634,18634,0,0.00295121,0.00249477,0,0,0.000628539,0,8,8,2.625,0,0,0,1,0,0
1,box,11,qpAdaptive,1,1,0.0672242,34732,21,12.4325,15531,15531,0,0.00295121,0.00249477,0,0,0.000763144,0.0100196,8,8,2.625,0,0,0,0.989894,0.0099332,0.000172751
1,box,11,qpFreeGate,1,1,0.113507,83134,40,22.9795,33274,33274,0,0.00306271,0.00249477,0,0,0.00065931,0,89,32,0.449438,0,0,0,1,0,0
1,box,11,qpEnvelope,1,1,0.0664714,34460,21,12.4347,15514,15514,0,0.00295121,0.00249477,0,0,0.000769235,0.00374347,8,8,2.625,0,0,0,0.996228,0.00359837,0.000174115
1,box,18,isSafe,1,1,0.0356004,35760,11,11.8442,7,5924,0,0.0102735,0.00249477,0,0,0,0,16,8,0.6875,0,0,0,0,0,0
1,box,18,qpFixed,1,1,0.0139595,10295,6,6.41337,10296,10296,0,0.00293887,0.00249477,0,0,0.00062296,0,1,1,6,0,0,0,1,0,0
1,box,18,qpPlain,1,1,0.0456998,10295,6,6.41337,10296,10296,0,0.00293887,0.00249477,0,0,0.00062296,0,1,1,6,0,0,0,1,0,0
1,box,18,qpAdaptive,1,1,0.00982163,5024,6,6.41348,6720,6720,0,0.0029389,0.00249477,0,0,0.00127657,0.0350318,1,1,6,0,0,0,0.964968,0.0344347,0.000597134
1,box,18,qpFreeGate,1,1,0.0420248,31526,12,9.46436,15386,15386,0,0.00336443,0.00249477,0,0,0.000604975,0,16,8,0.75,0,0,0,1,0,0
1,box,18,qpEnvelope,1,1,0.0094771,4899,6,6.4138,6652,6652,0,0.00293888,0.00249477,0,0,0.00130921,0.0240865,1,1,6,0,0,0,0.975913,0.0234742,0.00061237
1,box,25,isSafe,1,1,0.0680778,66096,19,10.9592,7,5481,0,0.00470121,0.00249477,0,0,0,0,83,15,0.228916,0,0,0,0,0,0
1,box,25,qpFixed,1,1,0.0153414,11682,6,6.91681,11683,11683,0,0.00293928,0.00249477,0,0,0.000592091,0,1,1,6,0,0,0,1,0,0
1,box,25,qpPlain,1,1,0.0530848,11682,6,6.91681,11683,11683,0,0.00293928,0.00249477,0,0,0.000592091,0,1,1,6,0,0,0,1,0,0
1,box,25,qpAdaptive,1,1,0.008134,4082,6,6.91711,6372,6372,0,0.00293929,0.00249477,0,0,0.00169454,0.0325821,1,1,6,0,0,0,0.967418,0.0318471,0.000734934
1,box,25,qpFreeGate,1,1,0.158993,108288,51,17.0102,23002,23002,0,0.00311582,0.00249477,0,0,0.000655898,0,109,37,0.46789,0,0,0,1,0,0
1,box,25,qpEnvelope,1,1,0.00786856,3995,6,6.91782,6314,6314,0,0.0029393,0.00249477,0,0,0.00173162,0.016771,1,1,6,0,0,0,0.983229,0.01602,0.000750939
1,box,32,isSafe,1,1,0.11321,111530,30,5.93509,4,2969,0,0.0270093,0.00249477,0,0,0,0,116,27,0.258621,0,0,0,0,0,0
1,box,32,qpFixed,1,1,0.00876285,6988,5,5.1005,6989,6989,0,0.00297884,0.00249477,0,0,0.000729894,0,1,1,5,0,0,0,1,0,0
1,box,32,qpPlain,1,1,0.0310739,6988,5,5.1005,6989,6989,0,0.00297884,0.00249477,0,0,0.000729894,0,1,1,5,0,0,0,1,0,0
1,box,32,qpAdaptive,1,1,0.00419163,2072,5,5.10067,3827,3827,0,0.00297658,0.00249477,0,0,0.00246171,0.165541,1,1,5,0,0,0,0.834459,0.164093,0.00144788
1,box,32,qpFreeGate,1,1,0.0180162,13377,8,8.58984,11955,11955,0,0.00304715,0.00249477,0,0,0.000690471,0,5,3,1.6,0,0,0,1,0,0
1,box,32,qpEnvelope,1,1,0.00355142,1776,5,5.10094,3655,3655,0,0.00297908,0.00249477,0,0,0.00287215,0.170608,1,1,5,0,0,0,0.829392,0.168919,0.00168919
1,box,39,isSafe,1,1,0.0122031,12140,6,6.05638,5,3030,0,0.00280949,0.00249477,0,0,0,0,9,2,0.666667,0,0,0,0,0,0
1,box,39,qpFixed,1,1,0.057234,37372,15,13.1945,20757,20757,0,0.00293877,0.00249477,0,0,0.000610462,0,5,5,3,0,0,0,1,0,0
1,box,39,qpPlain,1,1,0.175114,37372,15,13.1945,20757,20757,0,0.00293877,0.00249477,0,0,0.000610462,0,5,5,3,0,0,0,1,0,0
1,box,39,qpAdaptive,1,1,0.0479451,23849,15,13.1946,15538,15538,0,0.0029388,0.00249477,0,0,0.000956614,0.0295191,5,5,3,0,0,0,0.970481,0.0293933,0.000125791
1,box,39,qpFreeGate,1,1,0.0874317,64383,31,14.986,22622,22622,0,0.00300617,0.00249477,0,0,0.000669087,0,50,21,0.62,0,0,0,1,0,0
1,box,39,qpEnvelope,1,1,0.0467645,23178,15,13.1949,15281,15281,0,0.00293885,0.00249477,0,0,0.000984381,0.0188972,5,5,3,0,0,0,0.981103,0.0187678,0.000129433
1,box,46,isSafe,1,1,0.0769784,76123,21,9.98114,6,4992,0,0.00297783,0.00249477,0,0,0,0,78,18,0.269231,0,0,0,0,0,0
1,box,46,qpFixed,1,1,0.0154555,12806,7,7.89538,11306,11306,0,0.00299237,0.00249477,0,0,0.000658114,0,2,2,3.5,0,0,0,1,0,0
1,box,46,qpPlain,1,1,0.0560386,12806,7,7.89538,11306,11306,0,0.00299237,0.00249477,0,0,0.000658114,0,2,2,3.5,0,0,0,1,0,0
1,box,46,qpAdaptive,1,1,0.00875291,4943,7,7.89564,6108,6108,0,0.00299237,0.00249477,0,0,0.00170505,0.0608942,2,2,3.5,0,0,0,0.939106,0.060085,0.000809225
1,box,46,qpFreeGate,1,1,0.070585,50856,23,12.1968,18345,18345,0,0.00309503,0.00249477,0,0,0.000632861,0,48,16,0.479167,0,0,0,1,0,0
1,box,46,qpEnvelope,1,1,0.00822442,4694,7,7.89598,5982,5982,0,0.00299236,0.00249477,0,0,0.00179557,0.0364295,2,2,3.5,0,0,0,0.963571,0.0355773,0.000852152
1,box,53,isSafe,1,1,0.011817,11658,5,5.82687,4,2915,0,0.0205438,0.00249477,0,0,0,0,1,1,5,0,0,0,0,0,0
1,box,53,qpFixed,1,1,0.00685866,8058,7,5.82581,8059,8059,0,0.0205225,0.00249477,0,0,0.000722984,0,1,1,7,0,0,0,1,0,0
1,box,53,qpPlain,1,1,0.0336085,8058,7,5.82581,8059,8059,0,0.0205225,0.00249477,0,0,0.000722984,0,1,1,7,0,0,0,1,0,0
1,box,53,qpAdaptive,1,1,0.000353756,150,6,5.82634,2984,2984,0,0.0205327,0.00249477,0,0,0.0388423,0.993333,1,1,6,0,0,0,0,0.973333,0.0266667
1,box,53,qpFreeGate,1,1,0.00958767,8059,6,5.82511,8060,8060,0,0.0204469,0.00249477,0,0,0.000722808,0,1,1,6,0,0,0,1,0,0
1,box,53,qpEnvelope,1,1,0.0002336,49,5,5.82687,2935,2935,0,0.0205438,0.00249477,0,0,0.118916,1,1,1,5,0,0,0,0,0.938776,0.0612245
1,box,60,isSafe,1,1,0.035056,35192,11,9.55832,6,4781,0,0.00334377,0.00249477,0,0,0,0,28,8,0.392857,0,0,0,0,0,0
1,box,60,qpFixed,1,1,0.00857699,6147,5,4.73804,6148,6148,0,0.0029415,0.00249477,0,0,0.00077079,0,1,1,5,0,0,0,1,0,0
1,box,60,qpPlain,1,1,0.0279176,6147,5,4.73804,6148,6148,0,0.0029415,0.00249477,0,0,0.00077079,0,1,1,5,0,0,0,1,0,0
1,box,60,qpAdaptive,1,1,0.00498148,2431,5,4.7381,3868,3868,0,0.00294119,0.00249477,0,0,0.00194903,0.048951,1,1,5,0,0,0,0.950638,0.0481283,0.00123406
1,box,60,qpFreeGate,1,1,0.0465013,33712,16,10.3702,14665,14665,0,0.0031213,0.00249477,0,0,0.000636456,0,28,12,0.571429,0,0,0,1,0,0
1,box,60,qpEnvelope,1,1,0.00481525,2344,5,4.73824,3822,3822,0,0.0029412,0.00249477,0,0,0.00202143,0.0302901,1,1,5,0,0,0,0.96971,0.0290102,0.00127986
1,box,67,isSafe,1,1,0.0187718,18664,7,9.32355,6,4663,0,0.0331229,0.00249477,0,0,0,0,4,3,1.75,0,0,0,0,0,0
1,box,67,qpFixed,1,1,0.0330549,24734,8,9.32355,13214,13214,0,0.0331229,0.00249477,0,0,0.000581324,0,4,3,2,0,0,0,1,0,0
1,box,67,qpPlain,1,1,0.112406,24734,8,9.32355,13214,13214,0,0.0331229,0.00249477,0,0,0.000581324,0,4,3,2,0,0,0,1,0,0
1,box,67,qpAdaptive,1,1,0.0223741,11239,8,9.32355,4756,4756,0,0.0331229,0.00249477,0,0,0.00127936,0.0229558,4,3,2,0,0,0,0.977044,0.0225109,0.000444879
1,box,67,qpFreeGate,1,1,0.020443,14995,7,9.32355,13214,13214,0,0.0331229,0.00249477,0,0,0.000685177,0,4,3,1.75,0,0,0,1,0,0
1,box,67,qpEnvelope,1,1,0.0217496,11056,8,9.32355,4684,4684,0,0.0331229,0.00249477,0,0,0.00130061,0.00895441,4,3,2,0,0,0,0.991046,0.00850217,0.000452243
1,box,74,isSafe,1,1,0.0484109,47851,14,13.8702,8,6937,0,0.0257387,0.00249477,0,0,0,0,25,9,0.56,0,0,0,0,0,0
1,box,74,qpFixed,1,1,0.0142143,11526,6,6.85226,11527,11527,0,0.0029438,0.00249477,0,0,0.000594505,0,1,1,6,0,0,0,1,0,0
1,box,74,qpPlain,1,1,0.0511672,11526,6,6.85226,11527,11527,0,0.0029438,0.00249477,0,0,0.000594505,0,1,1,6,0,0,0,1,0,0
1,box,74,qpAdaptive,1,1,0.00722396,3983,6,6.85266,6337,6337,0,0.00294275,0.00249477,0,0,0.00172048,0.0389154,1,1,6,0,0,0,0.961085,0.0381622,0.000753201
1,box,74,qpFreeGate,1,1,0.0688379,49783,22,16.4728,22370,22370,0,0.00310421,0.00249477,0,0,0.000658042,0,25,14,0.88,0,0,0,1,0,0
1,box,74,qpEnvelope,1,1,0.00703001,3868,6,6.85368,6288,6288,0,0.00293886,0.00249477,0,0,0.00177189,0.0142192,1,1,6,0,0,0,0.985781,0.0134436,0.000775595
1,box,81,isSafe,1,1,0.0431606,42713,13,13.3281,8,6666,0,0.0621787,0.00249477,0,0,0,0,16,8,0.8125,0,0,0,0,0,0
1,box,81,qpFixed,1,1,0.0183938,13390,7,7.462,10374,10374,0,0.00294214,0.00249477,0,0,0.000605294,0,2,2,3.5,0,0,0,1,0,0
1,box,81,qpPlain,1,1,0.0611314,13390,7,7.462,10374,10374,0,0.00294214,0.00249477,0,0,0.000605294,0,2,2,3.5,0,0,0,1,0,0
1,box,81,qpAdaptive,1,1,0.0131017,6818,7,7.46256,6244,6244,0,0.00294205,0.00249477,0,0,0.00118883,0.0309475,2,2,3.5,0,0,0,0.969053,0.0303608,0.000586682
1,box,81,qpFreeGate,1,1,0.0646691,46549,19,20.2012,29260,29260,0,0.00301256,0.00249477,0,0,0.000648233,0,24,12,0.791667,0,0,0,1,0,0
1,box,81,qpEnvelope,1,1,0.0125882,6656,7,7.46394,6176,6176,0,0.00294173,0.00249477,0,0,0.00121797,0.0135216,2,2,3.5,0,0,0,0.986478,0.0129207,0.000600962
1,box,88,isSafe,1,1,0.0203156,19719,7,9.85186,6,4927,0,0.00524123,0.00249477,0,0,0,0,6,3,1.16667,0,0,0,0,0,0
1,box,88,qpFixed,1,1,0.0119721,8774,6,6.35747,8775,8775,0,0.00294003,0.00249477,0,0,0.000724581,0,1,1,6,0,0,0,1,0,0
1,box,88,qpPlain,1,1,0.0397462,8774,6,6.35747,8775,8775,0,0.00294003,0.00249477,0,0,0.000724581,0,1,1,6,0,0,0,1,0,0
1,box,88,qpAdaptive,1,1,0.00625195,3105,6,6.35765,5245,5245,0,0.00294023,0.00249477,0,0,0.00204755,0.0544283,1,1,6,0,0,0,0.945572,0.0534622,0.000966184
1,box,88,qpFreeGate,1,1,0.128894,94983,40,14.7704,20471,20471,0,0.00306483,0.00249477,0,0,0.000650871,0,112,34,0.357143,0,0,0,1,0,0
1,box,88,qpEnvelope,1,1,0.00604828,3004,6,6.35806,5198,5198,0,0.00294056,0.00249477,0,0,0.00211653,0.0342876,1,1,6,0,0,0,0.965712,0.0332889,0.000998668
1,box,95,isSafe,1,1,0.106322,103391,29,14.0839,9,7043,0,0.0300422,0.00249477,0,0,0,0,100,25,0.29,0,0,0,0,0,0
1,box,95,qpFixed,1,1,0.0157479,12087,8,8.19725,10934,10934,0,0.00297504,0.00249477,0,0,0.000722552,0,2,2,4,0,0,0,1,0,0
1,box,95,qpPlain,1,1,0.0536204,12087,8,8.19725,10934,10934,0,0.00297504,0.00249477,0,0,0.000722552,0,2,2,4,0,0,0,1,0,0
1,box,95,qpAdaptive,1,1,0.00873445,4855,8,8.19736,6408,6408,0,0.00297336,0.00249477,0,0,0.00179888,0.166632,2,2,4,0,0,0,0.833162,0.16622,0.00061792
1,box,95,qpFreeGate,1,1,0.0397923,28934,17,12.9233,18955,18955,0,0.00304816,0.00249477,0,0,0.000662131,0,16,9,1.0625,0,0,0,1,0,0
1,box,95,qpEnvelope,1,1,0.00747616,4153,8,8.19758,6036,6036,0,0.0029558,0.00249477,0,0,0.00210296,0.0922225,2,2,4,0,0,0,0.907778,0.0912593,0.000963159
1,table_pick,2,isSafe,1,1,0.0709082,67177,20,15.8415,10,7922,0,0.000224183,0.00249477,0,0,0,0,79,16,0.253165,0,0,0,0,0,0
1,table_pick,2,qpFixed,1,1,0.0225295,14033,8,8.82797,14034,14034,0,0.00293771,0.00249477,0,0,0.000629086,0,1,1,8,0,0,0,1,0,0
1,table_pick,2,qpPlain,1,1,0.0665218,14033,8,8.82797,14034,14034,0,0.00293771,0.00249477,0,0,0.000629086,0,1,1,8,0,0,0,1,0,0
1,table_pick,2,qpAdaptive,1,1,0.0202441,10205,8,8.82804,11607,11607,0,0.00293769,0.00249477,0,0,0.00086507,0.0305732,1,1,8,0,0,0,0.969427,0.0302793,0.000293974
1,table_pick,2,qpFreeGate,1,1,0.0504478,35626,17,14.7767,19746,19746,0,0.00303497,0.00249477,0,0,0.000635518,0,27,11,0.62963,0,0,0,1,0,0
1,table_pick,2,qpEnvelope,1,1,0.0197956,9910,8,8.82831,11422,11422,0,0.00293773,0.00249477,0,0,0.000890849,0.0148335,1,1,8,0,0,0,0.985166,0.0145308,0.000302725
1,table_pick,9,isSafe,1,1,0.0465462,46368,15,11.5957,8,5799,0,0.00165603,0.00249477,0,0,0,0,37,9,0.405405,0,0,0,0,0,0
1,table_pick,9,qpFixed,1,1,0.0149891,12649,7,8.24386,12650,12650,0,0.00297408,0.00249477,0,0,0.00065174,0,1,1,7,0,0,0,1,0,0
1,table_pick,9,qpPlain,1,1,0.0559009,12649,7,8.24386,12650,12650,0,0.00297408,0.00249477,0,0,0.00065174,0,1,1,7,0,0,0,1,0,0
1,table_pick,9,qpAdaptive,1,1,0.00806698,3978,7,8.24387,6958,6958,0,0.00297408,0.00249477,0,0,0.00207236,0.0399698,1,1,7,0,0,0,0.96003,0.0389643,0.00100553
1,table_pick,9,qpFreeGate,1,1,0.0908171,67465,24,12.2283,18994,18994,0,0.00302329,0.00249477,0,0,0.00060503,0,60,19,0.4,0,0,0,1,0,0
1,table_pick,9,qpEnvelope,1,1,0.00777391,3845,7,8.2439,6868,6868,0,0.00297408,0.00249477,0,0,0.00214406,0.0291287,1,1,7,0,0,0,0.970871,0.0280884,0.00104031
1,table_pick,16,isSafe,1,1,0.0190025,18717,7,5.32902,4,2666,0,0.00231079,0.00249477,0,0,0,0,8,4,0.875,0,0,0,0,0,0
1,table_pick,16,qpFixed,1,1,0.00816337,7469,5,5.91447,7470,7470,0,0.00309085,0.00249477,0,0,0.000791869,0,1,1,5,0,0,0,1,0,0
1,table_pick,16,qpPlain,1,1,0.032645,7469,5,5.91447,7470,7470,0,0.00309085,0.00249477,0,0,0.000791869,0,1,1,5,0,0,0,1,0,0
1,table_pick,16,qpAdaptive,1,1,0.000937643,407,5,5.9145,3186,3186,0,0.00307871,0.00249477,0,0,0.0145319,0.567568,1,1,5,0,0,0,0.432432,0.560197,0.00737101
1,table_pick,16,qpFreeGate,1,1,0.0327782,25487,11,4.40056,6194,6194,0,0.00301302,0.00249477,0,0,0.000623222,0,22,7,0.5,0,0,0,1,0,0
1,table_pick,16,qpEnvelope,1,1,0.000749265,270,5,5.91459,3110,3110,0,0.00307953,0.00249477,0,0,0.0219059,0.544444,1,1,5,0,0,0,0.455556,0.533333,0.0111111
1,table_pick,23,isSafe,1,1,0.0173431,17388,7,8.68169,6,4342,0,0.00202975,0.00249477,0,0,0,0,8,2,0.875,0,0,0,0,0,0
1,table_pick,23,qpFixed,1,1,0.0133507,12564,7,8.01482,12565,12565,0,0.0029403,0.00249477,0,0,0.000637919,0,1,1,7,0,0,0,1,0,0
1,table_pick,23,qpPlain,1,1,0.0549374,12564,7,8.01482,12565,12565,0,0.0029403,0.00249477,0,0,0.000637919,0,1,1,7,0,0,0,1,0,0
1,table_pick,23,qpAdaptive,1,1,0.00287966,1399,7,8.01496,4966,4966,0,0.0029528,0.00249477,0,0,0.00572906,0.21015,1,1,7,0,0,0,0.78985,0.206576,0.00357398
1,table_pick,23,qpFreeGate,1,1,0.0231267,18156,8,9.31262,15086,15086,0,0.0044084,0.00249477,0,0,0.00058018,0,10,3,0.8,0,0,0,1,0,0
1,table_pick,23,qpEnvelope,1,1,0.00246938,1186,7,8.01507,4830,4830,0,0.00294111,0.00249477,0,0,0.00675807,0.137437,1,1,7,0,0,0,0.862563,0.133221,0.00421585
1,table_pick,30,isSafe,1,1,0.0635866,60740,18,14.2282,9,7116,0,0.000995261,0.00249477,0,0,0,0,61,13,0.295082,0,0,0,0,0,0
1,table_pick,30,qpFixed,1,1,0.0274313,21567,11,9.29151,13761,13761,0,0.00292275,0.00249477,0,0,0.000647837,0,4,3,2.75,0,0,0,1,0,0
1,table_pick,30,qpPlain,1,1,0.0973329,21567,11,9.29151,13761,13761,0,0.00292275,0.00249477,0,0,0.000647837,0,4,3,2.75,0,0,0,1,0,0
1,table_pick,30,qpAdaptive,1,1,0.0133565,6467,11,9.29159,7910,7910,0,0.00292283,0.00249477,0,0,0.00216226,0.141797,4,3,2.75,0,0,0,0.857717,0.141355,0.000927931
1,table_pick,30,qpFreeGate,1,1,0.0973924,69516,27,9.26108,14122,14122,0,0.00300731,0.00249477,0,0,0.000646525,0,74,23,0.364865,0,0,0,1,0,0
1,table_pick,30,qpEnvelope,1,1,0.0119213,5671,11,9.29224,7602,7602,0,0.00292286,0.00249477,0,0,0.00246429,0.0641862,4,3,2.75,0,0,0,0.93545,0.0634921,0.0010582
1,table_pick,37,isSafe,1,1,0.023739,23339,8,11.6585,7,5831,0,0.00263278,0.00249477,0,0,0,0,6,3,1.33333,0,0,0,0,0,0
1,table_pick,37,qpFixed,1,1,0.0428234,31786,15,12.9477,18815,18815,0,0.00294219,0.00249477,0,0,0.00065409,0,4,4,3.75,0,0,0,1,0,0
1,table_pick,37,qpPlain,1,1,0.145355,31786,15,12.9477,18815,18815,0,0.00294219,0.00249477,0,0,0.00065409,0,4,4,3.75,0,0,0,1,0,0
1,table_pick,37,qpAdaptive,1,1,0.0251536,11842,15,12.948,9326,9326,0,0.0029432,0.00249477,0,0,0.00175572,0.0958453,4,4,3.75,0,0,0,0.90407,0.0951697,0.000760007
1,table_pick,37,qpFreeGate,1,1,0.0351223,24998,10,11.461,16274,16274,0,0.00300407,0.00249477,0,0,0.000562773,0,36,5,0.277778,0,0,0,1,0,0
1,table_pick,37,qpEnvelope,1,1,0.0230318,10799,15,12.9486,8900,8900,0,0.00294772,0.00249477,0,0,0.00192535,0.0650986,4,4,3.75,0,0,0,0.934901,0.0641726,0.000926012
1,table_pick,44,isSafe,1,1,0.0255089,25816,9,6.88451,5,3444,0,0.00192941,0.00249477,0,0,0,0,10,5,0.9,0,0,0,0,0,0
1,table_pick,44,qpFixed,1,1,0.0108069,10315,6,6.05103,10316,10316,0,0.0029398,0.00249477,0,0,0.000586624,0,1,1,6,0,0,0,1,0,0
1,table_pick,44,qpPlain,1,1,0.0426984,10315,6,6.05103,10316,10316,0,0.0029398,0.00249477,0,0,0.000586624,0,1,1,6,0,0,0,1,0,0
1,table_pick,44,qpAdaptive,1,1,0.00262191,1373,6,6.0516,3998,3998,0,0.00295089,0.00249477,0,0,0.00440757,0.296431,1,1,6,0,0,0,0.703569,0.293518,0.00291333
1,table_pick,44,qpFreeGate,1,1,0.0962142,73579,28,10.23,15656,15656,0,0.007045,0.00249477,0,0,0.000617456,0,74,24,0.378378,0,0,0,1,0,0
1,table_pick,44,qpEnvelope,1,1,0.00220965,1113,6,6.05244,3811,3811,0,0.00296409,0.00249477,0,0,0.00543796,0.268643,1,1,6,0,0,0,0.731357,0.265049,0.00359389
1,table_pick,51,isSafe,1,1,0.0167683,17234,7,8.61459,6,4309,0,0.00146177,0.00249477,0,0,0,0,2,2,3.5,0,0,0,0,0,0
1,table_pick,51,qpFixed,1,1,0.0131637,12566,6,7.19006,12567,12567,0,0.00294769,0.00249477,0,0,0.000572184,0,1,1,6,0,0,0,1,0,0
1,table_pick,51,qpPlain,1,1,0.0537559,12566,6,7.19006,12567,12567,0,0.00294769,0.00249477,0,0,0.000572184,0,1,1,6,0,0,0,1,0,0
1,table_pick,51,qpAdaptive,1,1,0.00465225,2628,6,7.19007,5450,5450,0,0.00295077,0.00249477,0,0,0.00273595,0.164003,1,1,6,0,0,0,0.835997,0.162861,0.00114155
1,table_pick,51,qpFreeGate,1,1,0.0363577,25118,11,11.7439,14395,14395,0,0.00429112,0.00249477,0,0,0.000719172,0,16,7,0.6875,0,0,0,1,0,0
1,table_pick,51,qpEnvelope,1,1,0.00417263,2309,6,7.19011,5231,5231,0,0.00294579,0.00249477,0,0,0.00311395,0.132958,1,1,6,0,0,0,0.867042,0.131659,0.00129926
1,table_pick,58,isSafe,1,1,0.0578061,56810,17,16.3195,10,8161,0,0.000221431,0.00249477,0,0,0,0,55,11,0.309091,0,0,0,0,0,0
1,table_pick,58,qpFixed,1,1,0.0100425,8277,5,5.14321,8278,8278,0,0.00292896,0.00249477,0,0,0.000621386,0,1,1,5,0,0,0,1,0,0
1,table_pick,58,qpPlain,1,1,0.0364955,8277,5,5.14321,8278,8278,0,0.00292896,0.00249477,0,0,0.000621386,0,1,1,5,0,0,0,1,0,0
1,table_pick,58,qpAdaptive,1,1,0.00365609,1807,5,5.14363,3836,3836,0,0.00293262,0.00249477,0,0,0.00284651,0.228556,1,1,5,0,0,0,0.771444,0.226895,0.00166021
1,table_pick,58,qpFreeGate,1,1,0.112236,82276,31,10.4756,13851,13851,0,0.00492429,0.00249477,0,0,0.000603743,0,88,28,0.352273,0,0,0,1,0,0
1,table_pick,58,qpEnvelope,1,1,0.00323975,1503,5,5.14451,3649,3649,0,0.00293119,0.00249477,0,0,0.00342283,0.178975,1,1,5,0,0,0,0.821025,0.176979,0.00199601
1,table_pick,65,isSafe,1,1,0.019585,19845,7,9.91624,6,4960,0,0.00591144,0.00249477,0,0,0,0,4,2,1.75,0,0,0,0,0,0
1,table_pick,65,qpFixed,1,1,0.0144546,13839,7,9.33263,13840,13840,0,0.00294682,0.00249477,0,0,0.000674371,0,1,1,7,0,0,0,1,0,0
1,table_pick,65,qpPlain,1,1,0.0601932,13839,7,9.33263,13840,13840,0,0.00294682,0.00249477,0,0,0.000674371,0,1,1,7,0,0,0,1,0,0
1,table_pick,65,qpAdaptive,1,1,0.00388253,1875,7,9.33274,5937,5937,0,0.00294893,0.00249477,0,0,0.00497746,0.169067,1,1,7,0,0,0,0.830933,0.1664,0.00266667
1,table_pick,65,qpFreeGate,1,1,0.0281723,20586,10,10.387,15204,15204,0,0.00591025,0.00249477,0,0,0.000689239,0,5,4,2,0,0,0,1,0,0
1,table_pick,65,qpEnvelope,1,1,0.003385,1577,7,9.33289,5726,5726,0,0.00294134,0.00249477,0,0,0.00591813,0.181357,1,1,7,0,0,0,0.818643,0.178186,0.00317058
1,table_pick,72,isSafe,1,1,0.0183453,18768,7,7.37364,5,3688,1,-1.47709e-05,0.00249477,0,0,0,0,6,3,1.16667,0,0,0,0,0,0
1,table_pick,72,qpFixed,1,1,0.0121145,12566,6,7.10101,12567,12567,0,0.0029628,0.00249477,0,0,0.000565097,0,1,1,6,0,0,0,1,0,0
1,table_pick,72,qpPlain,1,1,0.0533201,12566,6,7.10101,12567,12567,0,0.0029628,0.00249477,0,0,0.000565097,0,1,1,6,0,0,0,1,0,0
1,table_pick,72,qpAdaptive,1,1,0.00341114,1867,6,7.10103,4883,4883,0,0.00296204,0.00249477,0,0,0.00380345,0.125335,1,1,6,0,0,0,0.874665,0.123192,0.00214247
1,table_pick,72,qpFreeGate,1,1,0.0442941,34702,13,9.82986,15222,15222,0,0.00398625,0.00249477,0,0,0.00060217,0,20,9,0.65,0,0,0,1,0,0
1,table_pick,72,qpEnvelope,1,1,0.00311086,1696,6,7.10108,4757,4757,0,0.00296261,0.00249477,0,0,0.00418696,0.084316,1,1,6,0,0,0,0.915684,0.0819575,0.00235849
1,table_pick,79,isSafe,1,1,0.00962685,9700,5,4.84737,4,2425,0,0.000100845,0.00249477,0,0,0,0,1,1,5,0,0,0,0,0,0
1,table_pick,79,qpFixed,1,1,0.00688698,7281,5,4.88673,7282,7282,0,0.00295048,0.00249477,0,0,0.000671162,0,1,1,5,0,0,0,1,0,0
1,table_pick,79,qpPlain,1,1,0.0312962,7281,5,4.88673,7282,7282,0,0.00295048,0.00249477,0,0,0.000671162,0,1,1,5,0,0,0,1,0,0
1,table_pick,79,qpAdaptive,1,1,0.000989544,447,5,4.88663,2750,2750,0,0.00294588,0.00249477,0,0,0.0109321,0.346756,1,1,5,0,0,0,0.653244,0.340045,0.00671141
1,table_pick,79,qpFreeGate,1,1,0.252374,182471,61,17.8416,23855,23855,0,0.0053884,0.00249477,0,0,0.000587523,0,199,55,0.306533,0,0,0,1,0,0
1,table_pick,79,qpEnvelope,1,1,0.000778412,323,5,4.88679,2668,2668,0,0.00294674,0.00249477,0,0,0.0151294,0.232198,1,1,5,0,0,0,0.767802,0.22291,0.00928793
1,table_pick,86,isSafe,1,1,0.0109559,10810,5,5.4027,4,2703,0,0.00276141,0.00249477,0,0,0,0,1,1,5,0,0,0,0,0,0
1,table_pick,86,qpFixed,1,1,0.00569695,6405,5,5.40286,6406,6406,0,0.00412509,0.00249477,0,0,0.000843537,0,1,1,5,0,0,0,1,0,0
1,table_pick,86,qpPlain,1,1,0.027018,6405,5,5.40286,6406,6406,0,0.00412509,0.00249477,0,0,0.000843537,0,1,1,5,0,0,0,1,0,0
1,table_pick,86,qpAdaptive,1,1,0.000593598,348,5,5.40286,2893,2893,0,0.00414071,0.00249477,0,0,0.0155255,0.87931,1,1,5,0,0,0,0.12069,0.87069,0.00862069
1,table_pick,86,qpFreeGate,1,1,0.214728,157515,52,9.69988,12755,12755,0,0.00302267,0.00249477,0,0,0.000585563,0,180,48,0.288889,0,0,0,1,0,0
1,table_pick,86,qpEnvelope,1,1,0.000432209,158,5,5.40287,2784,2784,0,0.00414363,0.00249477,0,0,0.0341954,1,1,1,5,0,0,0,0,0.981013,0.0189873
1,table_pick,93,isSafe,1,1,0.0344002,34209,11,11.07,7,5537,0,0.00799274,0.00249477,0,0,0,0,26,7,0.423077,0,0,0,0,0,0
1,table_pick,93,qpFixed,1,1,0.0281595,21925,9,9.17546,13799,13799,0,0.0033005,0.00249477,0,0,0.000615966,0,2,2,4.5,0,0,0,1,0,0
1,table_pick,93,qpPlain,1,1,0.100459,21925,9,9.17546,13799,13799,0,0.0033005,0.00249477,0,0,0.000615966,0,2,2,4.5,0,0,0,1,0,0
1,table_pick,93,qpAdaptive,1,1,0.0174748,8364,9,9.17547,4821,4821,0,0.00329852,0.00249477,0,0,0.00161467,0.0484218,2,2,4.5,0,0,0,0.951578,0.047824,0.0005978
1,table_pick,93,qpFreeGate,1,1,0.0915939,65662,27,12.9407,20689,20689,0,0.0030239,0.00249477,0,0,0.000617179,0,56,17,0.482143,0,0,0,1,0,0
1,table_pick,93,qpEnvelope,1,1,0.0166388,7970,9,9.17554,4683,4683,0,0.0032982,0.00249477,0,0,0.00169451,0.0308657,2,2,4.5,0,0,0,0.969134,0.0302384,0.000627353
1,table_pick,100,isSafe,1,1,0.0402805,39954,12,13.94,8,6972,0,0.0030287,0.00249477,0,0,0,0,19,9,0.631579,0,0,0,0,0,0
1,table_pick,100,qpFixed,1,1,0.0125535,13131,6,7.93935,13132,13132,0,0.0029357,0.00249477,0,0,0.000604627,0,1,1,6,0,0,0,1,0,0
1,table_pick,100,qpPlain,1,1,0.0555758,13131,6,7.93935,13132,13132,0,0.0029357,0.00249477,0,0,0.000604627,0,1,1,6,0,0,0,1,0,0
1,table_pick,100,qpAdaptive,1,1,0.00103524,518,6,7.93936,4306,4306,0,0.00293251,0.00249477,0,0,0.015327,0.318533,1,1,6,0,0,0,0.681467,0.310811,0.00772201
1,table_pick,100,qpFreeGate,1,1,0.0364597,27314,11,14.9559,22108,22108,0,0.005208,0.00249477,0,0,0.000624033,0,11,7,1,0,0,0,1,0,0
1,table_pick,100,qpEnvelope,1,1,0.000813396,380,6,7.93939,4229,4229,0,0.00293466,0.00249477,0,0,0.0208931,0.173684,1,1,6,0,0,0,0.826316,0.163158,0.0105263
1,cage,7,isSafe,1,1,2.40305,2314243,787,24.4103,15,12207,0,0.0065569,0.00249477,0,0,0,0,7190,783,0.109458,0,0,0,0,0,0
1,cage,7,qpFixed,1,1,0.359106,210445,65,31.9094,51767,51767,0,0.00274228,0.00249477,0,0,0.000526665,0,41,35,1.58537,0,0,0,1,0,0
1,cage,7,qpPlain,1,1,1.00129,210445,65,31.9094,51767,51767,0,0.00274228,0.00249477,0,0,0.000526665,0,41,35,1.58537,0,0,0,1,0,0
1,cage,7,qpAdaptive,1,1,0.362649,178605,65,31.9092,47400,47400,0,0.00274227,0.00249477,0,0,0.000620558,0.0146748,41,35,1.58537,0,0,0,0.985325,0.0146189,5.59895e-05
1,cage,7,qpFreeGate,1,1,4.01733,2902050,1185,33.3627,47405,47405,0,0.0030093,0.00249477,0,18,0.000580697,0,6997,1160,0.169358,0,0,0,1,0,0
1,cage,7,qpEnvelope,1,1,0.35904,176446,65,31.9099,46924,46924,0,0.00274255,0.00249477,0,0,0.000628232,0.00927196,41,35,1.58537,0,0,0,0.990728,0.00921528,5.66746e-05
1,cage,14,isSafe,1,1,5.15654,4967511,1934,31.7967,18,15900,0,0.000392896,0.00249477,0,0,0,0,19338,1930,0.10001,0,0,0,0,0,0
1,cage,14,qpFixed,1,1,0.166458,103501,35,14.5169,24725,24725,0,0.00252202,0.00101993,0,0,0.000512308,0,19,15,1.84211,0,0,0,1,0,0
1,cage,14,qpPlain,1,1,0.492309,103501,35,14.5169,24725,24725,0,0.00252202,0.00101993,0,0,0.000512308,0,19,15,1.84211,0,0,0,1,0,0
1,cage,14,qpAdaptive,1,1,0.170707,90539,35,14.5178,20154,20154,0,0.00252663,0.00101878,0,0,0.000585674,0.0205326,19,15,1.84211,0,0,0,0.979434,0.0204884,7.73147e-05
1,cage,14,qpFreeGate,1,1,7.70164,5539350,2286,35.2401,49289,49289,0,0.00302143,0.00105152,0,22,0.00055569,0,15594,2245,0.146595,0,0,0,1,0,0
1,cage,14,qpEnvelope,1,1,0.167373,88697,35,14.5308,19884,19884,0,0.00252567,0.001129,0,0,0.000598035,0.0141493,19,15,1.84211,0,0,0,0.985828,0.0141042,6.7646e-05
1,cage,21,isSafe,1,1,0.842229,811582,239,15.1335,9,7568,0,0.00183149,0.00249477,0,0,0,0,2054,236,0.116358,0,0,0,0,0,0
1,cage,21,qpFixed,1,1,0.748805,436665,111,31.8063,49596,49596,0,0.00291749,0.00100019,0,0,0.000472044,0,93,61,1.19355,0,0,0,1,0,0
1,cage,21,qpPlain,1,1,2.12266,436665,111,31.8063,49596,49596,0,0.00291749,0.00100019,0,0,0.000472044,0,93,61,1.19355,0,0,0,1,0,0
1,cage,21,qpAdaptive,1,1,0.785794,386922,111,31.8065,42982,42982,0,0.00291758,0.00100019,0,0,0.000532748,0.0112865,93,61,1.19355,0,0,0,0.988703,0.01124,5.6859e-05
1,cage,21,qpFreeGate,1,1,1.51445,1100285,415,26.8866,38711,38711,0,0.0030232,0.00249477,0,0,0.000591211,0,2201,394,0.188551,0,0,0,1,0,0
1,cage,21,qpEnvelope,1,1,0.763156,383721,111,31.807,42514,42514,0,0.00291757,0.00100019,0,0,0.00053726,0.00652557,93,61,1.19355,0,0,0,0.993464,0.00648127,5.47273e-05
1,cage,28,isSafe,1,1,2.81091,2732170,935,23.2183,13,11611,0,0.000661422,0.00249477,0,0,0,0,8476,931,0.110311,0,0,0,0,0,0
1,cage,28,qpFixed,1,1,0.599784,352329,87,24.3887,38921,38921,0,0.00238669,0.00249477,0,0,0.000462556,0,73,49,1.19178,0,0,0,1,0,0
1,cage,28,qpPlain,1,1,1.70697,352329,87,24.3887,38921,38921,0,0.00238669,0.00249477,0,0,0.000462556,0,73,49,1.19178,0,0,0,1,0,0
1,cage,28,qpAdaptive,1,1,0.61375,304582,87,24.3888,27604,27604,0,0.00239809,0.00249477,0,0,0.000535079,0.0101221,73,49,1.19178,0,0,0,0.989878,0.0100728,4.92478e-05
1,cage,28,qpFreeGate,1,1,2.40298,1725364,641,34.8451,52116,52116,0,0.00302069,0.00249477,0,11,0.000592528,0,3504,609,0.182934,0,0,0,1,0,0
1,cage,28,qpEnvelope,1,1,0.610797,301865,87,24.3918,27012,27012,0,0.00238664,0.00249477,0,0,0.000539948,0.00730128,73,49,1.19178,0,0,0,0.992699,0.00725159,4.96911e-05
1,cage,35,isSafe,1,1,3.16737,3087853,1085,17.8879,11,8945,0,0.00631503,0.00249477,0,0,0,0,9220,1081,0.117679,0,0,0,0,0,0
1,cage,35,qpFixed,1,1,0.406726,241831,70,19.5162,32941,32941,0,0.00294987,0.00249477,0,0,0.000477952,0,48,38,1.45833,0,0,0,1,0,0
1,cage,35,qpPlain,1,1,1.16108,241831,70,19.5162,32941,32941,0,0.00294987,0.00249477,0,0,0.000477952,0,48,38,1.45833,0,0,0,1,0,0
1,cage,35,qpAdaptive,1,1,0.40492,202419,70,19.5166,27341,27341,0,0.00294988,0.00249477,0,0,0.000571027,0.0101324,48,38,1.45833,0,0,0,0.989863,0.0100781,5.9283e-05
1,cage,35,qpFreeGate,1,1,2.92036,2135163,823,21.9344,34326,34326,0,0.00299866,0.00249477,0,7,0.000587343,0,4550,790,0.180879,0,0,0,1,0,0
1,cage,35,qpEnvelope,1,1,0.400935,200589,70,19.5189,27147,27147,0,0.00294195,0.00249477,0,0,0.000576286,0.00580291,48,38,1.45833,0,0,0,0.994197,0.0057381,6.48091e-05
1,cage,42,isSafe,1,1,0.546052,536425,149,22.7811,13,11392,0,0.00202623,0.00249477,0,0,0,0,1020,146,0.146078,0,0,0,0,0,0
1,cage,42,qpFixed,1,1,0.279612,167346,51,20.6204,30873,30873,0,0.00134132,0.00249477,0,0,0.000523881,0,32,26,1.59375,0,0,0,1,0,0
1,cage,42,qpPlain,1,1,0.799453,167346,51,20.6204,30873,30873,0,0.00134132,0.00249477,0,0,0.000523881,0,32,26,1.59375,0,0,0,1,0,0
1,cage,42,qpAdaptive,1,1,0.286939,143715,51,20.6209,24225,24225,0,0.00133239,0.00249477,0,0,0.000610047,0.0172007,32,26,1.59375,0,0,0,0.982785,0.0171381,7.65404e-05
1,cage,42,qpFreeGate,1,1,1.25172,911089,347,24.9349,35274,35274,0,0.00300315,0.00249477,0,0,0.000602754,0,1606,331,0.216065,0,0,0,1,0,0
1,cage,42,qpEnvelope,1,1,0.282986,141299,51,20.6217,23469,23469,0,0.0013419,0.00249477,0,0,0.000620495,0.0119463,32,26,1.59375,0,0,0,0.988054,0.0118684,7.78491e-05
1,cage,49,isSafe,1,1,2.89796,2809127,982,16.7326,10,8368,0,0.000425557,0.00249477,0,0,0,0,9466,979,0.10374,0,0,0,0,0,0
1,cage,49,qpFixed,1,1,0.6796,392863,101,22.6144,40277,40277,0,0.00293952,0.00249477,0,0,0.000468371,0,89,59,1.13483,0,0,0,1,0,0
1,cage,49,qpPlain,1,1,1.91805,392863,101,22.6144,40277,40277,0,0.00293952,0.00249477,0,0,0.000468371,0,89,59,1.13483,0,0,0,1,0,0
1,cage,49,qpAdaptive,1,1,0.723921,349743,101,22.6148,36341,36341,0,0.0029395,0.00249477,0,0,0.000526143,0.0160775,89,59,1.13483,0,0,0,0.983917,0.0160489,3.43109e-05
1,cage,49,qpFreeGate,1,1,1.61097,1156514,440,9.75762,12457,12457,0,0.00306039,0.00249477,0,0,0.000591556,0,2351,416,0.187154,0,0,0,1,0,0
1,cage,49,qpEnvelope,1,1,0.698882,345347,102,21.7603,34921,34921,0,0.00293944,0.00249477,0,0,0.000532918,0.0103316,89,59,1.14607,0,0,0,0.989668,0.0102969,3.47477e-05
1,cage,56,isSafe,1,1,0.353214,349662,96,24.5105,14,12257,0,0.00725035,0.00249477,0,0,0,0,747,92,0.128514,0,0,0,0,0,0
1,cage,56,qpFixed,1,1,0.43018,251857,69,15.8175,22869,22869,0,0.00295293,0.00249477,0,0,0.000480715,0,51,38,1.35294,0,0,0,1,0,0
1,cage,56,qpPlain,1,1,1.22378,251857,69,15.8175,22869,22869,0,0.00295293,0.00249477,0,0,0.000480715,0,51,38,1.35294,0,0,0,1,0,0
1,cage,56,qpAdaptive,1,1,0.425236,207353,69,15.8188,15028,15028,0,0.00294298,0.00249477,0,0,0.000583907,0.0163779,51,38,1.35294,0,0,0,0.983617,0.0163055,7.71631e-05
1,cage,56,qpFreeGate,1,1,3.27533,2366168,896,28.2237,41166,41166,0,0.00303992,0.00164665,0,14,0.000578596,0,5329,858,0.168137,0,0,0,1,0,0
1,cage,56,qpEnvelope,1,1,0.422146,205226,69,15.8214,14766,14766,0,0.00294828,0.00249477,0,0,0.000589997,0.0104811,51,38,1.35294,0,0,0,0.989519,0.010408,7.30902e-05
1,cage,63,isSafe,1,1,2.48149,2429120,828,11.5317,7,5767,0,0.00398912,0.00249477,0,0,0,0,7582,825,0.109206,0,0,0,0,0,0
1,cage,63,qpFixed,1,1,0.196267,114455,38,18.5484,31640,31640,0,0.00079323,0.00249477,0,0,0.000512788,0,23,18,1.65217,0,0,0,1,0,0
1,cage,63,qpPlain,1,1,0.551741,114455,38,18.5484,31640,31640,0,0.00079323,0.00249477,0,0,0.000512788,0,23,18,1.65217,0,0,0,1,0,0
1,cage,63,qpAdaptive,1,1,0.193266,93371,38,18.549,20755,20755,0,0.000796563,0.00249477,0,0,0.00062859,0.0140301,23,18,1.65217,0,0,0,0.98597,0.0139551,7.49697e-05
1,cage,63,qpFreeGate,1,1,2.1297,1523281,606,13.6112,19895,19895,0,0.00299395,0.00249477,0,6,0.000593472,0,3160,576,0.191772,0,0,0,1,0,0
1,cage,63,qpEnvelope,1,1,0.191002,91643,38,18.5507,20460,20460,0,0.000804312,0.00249477,0,0,0.000640006,0.00922056,23,18,1.65217,0,0,0,0.990779,0.00914418,7.63834e-05
1,cage,70,isSafe,1,1,4.48322,4339189,1638,14.3945,9,7199,0,0.0140083,0.00249477,0,0,0,0,15438,1635,0.106102,0,0,0,0,0,0
1,cage,70,qpFixed,1,1,0.106773,75107,28,19.4462,32027,32027,0,0.00294406,0.00249477,0,0,0.00055224,0,11,11,2.54545,0,0,0,1,0,0
1,cage,70,qpPlain,1,1,0.345387,75107,28,19.4462,32027,32027,0,0.00294406,0.00249477,0,0,0.00055224,0,11,11,2.54545,0,0,0,1,0,0
1,cage,70,qpAdaptive,1,1,0.0905032,47449,28,19.4468,21803,21803,0,0.00293221,0.00249477,0,0,0.000874175,0.0256486,11,11,2.54545,0,0,0,0.974309,0.02548,0.000210753
1,cage,70,qpFreeGate,1,1,8.94137,6558958,3056,24.7929,37438,37438,0,0.00299442,0.00249477,0,14,0.000575671,0,20254,3029,0.150884,0,0,0,1,0,0
1,cage,70,qpEnvelope,1,1,0.0887671,46171,28,19.4503,21514,21514,0,0.00294114,0.00249477,0,0,0.00089859,0.0104611,11,11,2.54545,0,0,0,0.989496,0.0102445,0.000259903
1,cage,77,isSafe,1,1,5.09454,4938173,1904,19.6511,12,9827,0,0.00414567,0.00249477,0,0,0,0,18333,1899,0.103856,0,0,0,0,0,0
1,cage,77,qpFixed,1,1,0.204451,124997,42,19.8829,31629,31629,0,0.00294839,0.00249477,0,0,0.000528266,0,23,20,1.82609,0,0,0,1,0,0
1,cage,77,qpPlain,1,1,0.597129,124997,42,19.8829,31629,31629,0,0.00294839,0.00249477,0,0,0.000528266,0,23,20,1.82609,0,0,0,1,0,0
1,cage,77,qpAdaptive,1,1,0.214379,110990,42,19.8839,27944,27944,0,0.00294839,0.00249477,0,0,0.000594976,0.0143887,23,20,1.82609,0,0,0,0.985611,0.0143617,2.70295e-05
1,cage,77,qpFreeGate,1,1,2.90832,2085778,826,27.0674,36637,36637,0,0.00298808,0.00249477,0,17,0.000588693,0,4690,805,0.176119,0,0,0,1,0,0
1,cage,77,qpEnvelope,1,1,0.212283,110048,42,19.8857,27871,27871,0,0.00294839,0.00249477,0,0,0.000600185,0.0128217,23,20,1.82609,0,0,0,0.987178,0.0127853,3.63478e-05
1,cage,84,isSafe,1,1,1.70294,1680247,534,27.3966,16,13700,0,0.00468305,0.00249477,0,0,0,0,5189,530,0.10291,0,0,0,0,0,0
1,cage,84,qpFixed,1,1,0.670042,398684,107,24.2421,37435,37435,0,0.00293864,0.00249477,0,0,0.000460609,0,85,59,1.25882,0,0,0,1,0,0
1,cage,84,qpPlain,1,1,1.9336,398684,107,24.2421,37435,37435,0,0.00293864,0.00249477,0,0,0.000460609,0,85,59,1.25882,0,0,0,1,0,0
1,cage,84,qpAdaptive,1,1,0.717809,357473,107,24.2424,32241,32241,0,0.00293864,0.00249477,0,0,0.00051372,0.0105463,85,59,1.25882,0,0,0,0.989445,0.0105043,5.03535e-05
1,cage,84,qpFreeGate,1,1,8.08145,5807906,2408,37.1699,56027,56027,0,0.00299649,0.00249477,0,25,0.000567661,0,16034,2368,0.150181,0,0,0,1,0,0
1,cage,84,qpEnvelope,1,1,0.712103,354739,107,24.2436,32194,32194,0,0.00293864,0.00249477,0,0,0.000517743,0.0066556,85,59,1.25882,0,0,0,0.993339,0.00661049,5.07415e-05
1,cage,91,isSafe,1,1,2.7743,2680214,909,19.8992,12,9951,0,0.00468954,0.00249477,0,0,0,0,8766,906,0.103696,0,0,0,0,0,0
1,cage,91,qpFixed,1,1,0.0676183,44522,18,12.5896,17265,17265,0,0.00294065,0.00249477,0,0,0.00061954,0,8,7,2.25,0,0,0,1,0,0
1,cage,91,qpPlain,1,1,0.206037,44522,18,12.5896,17265,17265,0,0.00294065,0.00249477,0,0,0.00061954,0,8,7,2.25,0,0,0,1,0,0
1,cage,91,qpAdaptive,1,1,0.055004,27690,18,12.5901,11015,11015,0,0.00293253,0.00249477,0,0,0.000996197,0.0267244,8,7,2.25,0,0,0,0.973276,0.0264355,0.000288913
1,cage,91,qpFreeGate,1,1,2.78141,2023956,784,28.496,38694,38694,0,0.00301326,0.00249477,0,11,0.000593056,0,4644,765,0.16882,0,0,0,1,0,0
1,cage,91,qpEnvelope,1,1,0.0537893,27033,18,12.5912,10783,10783,0,0.00291341,0.00249477,0,0,0.00102047,0.013391,8,7,2.25,0,0,0,0.986609,0.0130951,0.000295935
1,cage,98,isSafe,1,1,2.10623,2029071,656,17.8915,11,8947,0,0.00308436,0.00249477,0,0,0,0,6058,653,0.108287,0,0,0,0,0,0
1,cage,98,qpFixed,1,1,0.588247,348440,96,12.63,18094,18094,0,0.00251805,0.00249477,0,0,0.000483487,0,72,54,1.33333,0,0,0,1,0,0
1,cage,98,qpPlain,1,1,1.67494,348440,96,12.63,18094,18094,0,0.00251805,0.00249477,0,0,0.000483487,0,72,54,1.33333,0,0,0,1,0,0
1,cage,98,qpAdaptive,1,1,0.593994,303445,96,12.6305,12665,12665,0,0.00246473,0.00249477,0,0,0.000555198,0.0131688,72,54,1.33333,0,0,0,0.986825,0.0131226,5.27278e-05
1,cage,98,qpFreeGate,1,1,1.46496,1070032,372,30.0994,44816,44816,0,0.00302162,0.00249477,0,0,0.000585085,0,1857,349,0.200323,0,0,0,1,0,0
1,cage,98,qpEnvelope,1,1,0.589352,300258,96,12.6312,12209,12209,0,0.00246889,0.00249477,0,0,0.000561164,0.00938859,72,54,1.33333,0,0,0,0.990605,0.00934863,4.66266e-05
1,bookshelf_tall,2,isSafe,1,1,0.188014,186076,49,19.9482,11,9976,0,0.00110814,0.00249477,0,0,0,0,324,46,0.151235,0,0,0,0,0,0
1,bookshelf_tall,2,qpFixed,1,1,0.0336259,21199,10,10.8309,16408,16408,0,0.00297423,0.00249477,0,0,0.000618294,0,2,2,5,0,0,0,1,0,0
1,bookshelf_tall,2,qpPlain,1,1,0.101341,21199,10,10.8309,16408,16408,0,0.00297423,0.00249477,0,0,0.000618294,0,2,2,5,0,0,0,1,0,0
1,bookshelf_tall,2,qpAdaptive,1,1,0.029543,13978,10,10.831,11759,11759,0,0.00297423,0.00249477,0,0,0.000937708,0.0432823,2,2,5,0,0,0,0.956646,0.0429961,0.000357705
1,bookshelf_tall,2,qpFreeGate,1,1,0.0463796,34863,15,14.4187,19520,19520,0,0.00304562,0.00249477,0,0,0.000641452,0,42,10,0.357143,0,0,0,1,0,0
1,bookshelf_tall,2,qpEnvelope,1,1,0.0286197,13319,10,10.8314,11391,11391,0,0.00297411,0.00249477,0,0,0.000984131,0.0171184,2,2,5,0,0,0,0.982882,0.016743,0.000375404
1,bookshelf_tall,9,isSafe,0,0,0,0,0,0,0,0,0,inf,inf,0,0,0,0,0,0,0,0,0,0,0,0,0
1,bookshelf_tall,9,qpFixed,0,0,0,0,0,0,0,0,0,inf,inf,0,0,0,0,0,0,0,0,0,0,0,0,0
1,bookshelf_tall,9,qpPlain,0,0,0,0,0,0,0,0,0,inf,inf,0,0,0,0,0,0,0,0,0,0,0,0,0
1,bookshelf_tall,9,qpAdaptive,0,0,0,0,0,0,0,0,0,inf,inf,0,0,0,0,0,0,0,0,0,0,0,0,0
1,bookshelf_tall,9,qpFreeGate,0,0,0,0,0,0,0,0,0,inf,inf,0,0,0,0,0,0,0,0,0,0,0,0,0
1,bookshelf_tall,9,qpEnvelope,0,0,0,0,0,0,0,0,0,inf,inf,0,0,0,0,0,0,0,0,0,0,0,0,0
1,bookshelf_tall,16,isSafe,1,0,10.0006,9710475,4155,0,0,0,0,inf,inf,0,0,0,0,34277,4153,0.121218,0,0,0,0,0,0
1,bookshelf_tall,16,qpFixed,1,0,10.0026,7359976,883,0,0,0,0,inf,inf,0,0,0.000321074,0,1537,777,0.574496,0,0,0,1,0,0
1,bookshelf_tall,16,qpPlain,1,0,10.0218,2105396,309,0,0,0,0,inf,inf,0,0,0.000353448,0,376,242,0.821809,0,0,0,1,0,0
1,bookshelf_tall,16,qpAdaptive,1,0,10.0017,6243263,812,0,0,0,0,inf,inf,0,0,0.000346211,0.00355952,1382,708,0.587554,0,0,0,0.996439,0.00353662,2.4026e-05
1,bookshelf_tall,16,qpFreeGate,1,0,10.0021,7523097,3425,0,0,0,0,inf,inf,0,0,0.000572475,0,19493,3422,0.175704,0,0,0,1,0,0
1,bookshelf_tall,16,qpEnvelope,1,0,10.0037,6279955,808,0,0,0,0,inf,inf,0,0,0.000347145,0.000592202,1389,706,0.581713,0,0,0,0.999408,0.000568476,2.38855e-05
1,bookshelf_tall,25,isSafe,0,0,0,0,0,0,0,0,0,inf,inf,0,0,0,0,0,0,0,0,0,0,0,0,0
1,bookshelf_tall,25,qpFixed,0,0,0,0,0,0,0,0,0,inf,inf,0,0,0,0,0,0,0,0,0,0,0,0,0
1,bookshelf_tall,25,qpPlain,0,0,0,0,0,0,0,0,0,inf,inf,0,0,0,0,0,0,0,0,0,0,0,0,0
1,bookshelf_tall,25,qpAdaptive,0,0,0,0,0,0,0,0,0,inf,inf,0,0,0,0,0,0,0,0,0,0,0,0,0
1,bookshelf_tall,25,qpFreeGate,0,0,0,0,0,0,0,0,0,inf,inf,0,0,0,0,0,0,0,0,0,0,0,0,0
1,bookshelf_tall,25,qpEnvelope,0,0,0,0,0,0,0,0,0,inf,inf,0,0,0,0,0,0,0,0,0,0,0,0,0
1,bookshelf_tall,32,isSafe,0,0,0,0,0,0,0,0,0,inf,inf,0,0,0,0,0,0,0,0,0,0,0,0,0
1,bookshelf_tall,32,qpFixed,0,0,0,0,0,0,0,0,0,inf,inf,0,0,0,0,0,0,0,0,0,0,0,0,0
1,bookshelf_tall,32,qpPlain,0,0,0,0,0,0,0,0,0,inf,inf,0,0,0,0,0,0,0,0,0,0,0,0,0
1,bookshelf_tall,32,qpAdaptive,0,0,0,0,0,0,0,0,0,inf,inf,0,0,0,0,0,0,0,0,0,0,0,0,0
1,bookshelf_tall,32,qpFreeGate,0,0,0,0,0,0,0,0,0,inf,inf,0,0,0,0,0,0,0,0,0,0,0,0,0
1,bookshelf_tall,32,qpEnvelope,0,0,0,0,0,0,0,0,0,inf,inf,0,0,0,0,0,0,0,0,0,0,0,0,0
1,bookshelf_tall,39,isSafe,1,0,10.0016,9682203,4152,0,0,0,0,inf,inf,0,0,0,0,36663,4150,0.113248,0,0,0,0,0,0
1,bookshelf_tall,39,qpFixed,1,0,10.0055,7160690,844,0,0,0,0,inf,inf,0,0,0.000322086,0,1495,746,0.564548,0,0,0,1,0,0
1,bookshelf_tall,39,qpPlain,1,0,10.004,2095854,306,0,0,0,0,inf,inf,0,0,0.000353668,0,378,244,0.809524,0,0,0,1,0,0
1,bookshelf_tall,39,qpAdaptive,1,0,10.0029,6093967,785,0,0,0,0,inf,inf,0,0,0.000348526,0.00358059,1350,688,0.581481,0,0,0,0.996418,0.00355565,2.60914e-05
1,bookshelf_tall,39,qpFreeGate,1,0,10.0005,7494689,3403,0,0,0,0,inf,inf,0,0,0.00056807,0,20453,3400,0.166381,0,0,0,1,0,0
1,bookshelf_tall,39,qpEnvelope,1,0,10.0079,6072384,784,0,0,0,0,inf,inf,0,0,0.000349591,0.00065098,1349,686,0.581171,0,0,0,0.999349,0.000625125,2.61841e-05
1,bookshelf_tall,46,isSafe,1,1,0.0507798,50196,15,12.9151,8,6459,0,0.00299088,0.00249477,0,0,0,0,44,11,0.340909,0,0,0,0,0,0
1,bookshelf_tall,46,qpFixed,1,1,0.00775012,6905,5,5.92949,6906,6906,0,0.00293888,0.00249477,0,0,0.000858723,0,1,1,5,0,0,0,1,0,0
1,bookshelf_tall,46,qpPlain,1,1,0.0295825,6905,5,5.92949,6906,6906,0,0.00293888,0.00249477,0,0,0.000858723,0,1,1,5,0,0,0,1,0,0
1,bookshelf_tall,46,qpAdaptive,1,1,0.00191228,1071,5,5.92958,3613,3613,0,0.00293888,0.00249477,0,0,0.00553649,0.128852,1,1,5,0,0,0,0.871148,0.12605,0.00280112
1,bookshelf_tall,46,qpFreeGate,1,1,0.0546849,40370,18,14.5243,19180,19180,0,0.00299088,0.00249477,0,0,0.000703599,0,44,14,0.409091,0,0,0,1,0,0
1,bookshelf_tall,46,qpEnvelope,1,1,0.00175702,932,5,5.92982,3527,3527,0,0.00293888,0.00249477,0,0,0.00636247,0.0922747,1,1,5,0,0,0,0.907725,0.0890558,0.00321888
1,bookshelf_tall,53,isSafe,1,1,0.0302088,28459,10,10.1487,7,5076,0,0.00523036,0.00249477,0,0,0,0,14,6,0.714286,0,0,0,0,0,0
1,bookshelf_tall,53,qpFixed,1,1,0.0108016,8234,6,6.10329,8235,8235,0,0.00296381,0.00249477,0,0,0.00074123,0,1,1,6,0,0,0,1,0,0
1,bookshelf_tall,53,qpPlain,1,1,0.0367083,8234,6,6.10329,8235,8235,0,0.00296381,0.00249477,0,0,0.00074123,0,1,1,6,0,0,0,1,0,0
1,bookshelf_tall,53,qpAdaptive,1,1,0.0074953,3890,6,6.10351,5427,5427,0,0.00296376,0.00249477,0,0,0.00156903,0.0622108,1,1,6,0,0,0,0.937789,0.0614396,0.000771208
1,bookshelf_tall,53,qpFreeGate,1,1,0.0405306,28733,12,10.1397,15330,15330,0,0.00523036,0.00249477,0,0,0.000653235,0,14,8,0.857143,0,0,0,1,0,0
1,bookshelf_tall,53,qpEnvelope,1,1,0.00704694,3642,6,6.10407,5286,5286,0,0.00295712,0.00249477,0,0,0.00167602,0.0461285,1,1,6,0,0,0,0.953871,0.0453048,0.000823723
1,bookshelf_tall,60,isSafe,1,0,10.0009,9676425,4218,0,0,0,0,inf,inf,0,0,0,0,41151,4216,0.102501,0,0,0,0,0,0
1,bookshelf_tall,60,qpFixed,1,0,10.0037,6968454,815,0,0,0,0,inf,inf,0,0,0.000324046,0,1508,715,0.540451,0,0,0,1,0,0
1,bookshelf_tall,60,qpPlain,1,0,10.0074,2079996,298,0,0,0,0,inf,inf,0,0,0.000359418,0,404,244,0.737624,0,0,0,1,0,0
1,bookshelf_tall,60,qpAdaptive,1,0,10.0043,5923021,760,0,0,0,0,inf,inf,0,0,0.00035284,0.00387809,1373,666,0.553532,0,0,0,0.996121,0.00385006,2.88704e-05
1,bookshelf_tall,60,qpFreeGate,1,0,10.0017,7428642,3355,0,0,0,0,inf,inf,0,0,0.000560203,0,21161,3353,0.158546,0,0,0,1,0,0
1,bookshelf_tall,60,qpEnvelope,1,0,10.0019,5880287,756,0,0,0,0,inf,inf,0,0,0.000353716,0.000840095,1366,662,0.553441,0,0,0,0.99916,0.000811525,2.87401e-05
1,bookshelf_tall,68,isSafe,1,1,0.0255601,25141,9,10.5203,7,5262,0,0.0039897,0.00249477,0,0,0,0,15,5,0.6,0,0,0,0,0,0
1,bookshelf_tall,68,qpFixed,1,1,0.00896511,8824,6,6.3446,8825,8825,0,0.00294434,0.00249477,0,0,0.000719016,0,1,1,6,0,0,0,1,0,0
1,bookshelf_tall,68,qpPlain,1,1,0.0377481,8824,6,6.3446,8825,8825,0,0.00294434,0.00249477,0,0,0.000719016,0,1,1,6,0,0,0,1,0,0
1,bookshelf_tall,68,qpAdaptive,1,1,0.0030592,1629,6,6.34461,4194,4194,0,0.00294398,0.00249477,0,0,0.00389479,0.131983,1,1,6,0,0,0,0.868017,0.129527,0.00245549
1,bookshelf_tall,68,qpFreeGate,1,1,0.0399693,30040,16,11.4375,16395,16395,0,0.00312312,0.00249477,0,0,0.000649085,0,15,7,1.06667,0,0,0,1,0,0
1,bookshelf_tall,68,qpEnvelope,1,1,0.00255365,1381,6,6.3447,4066,4066,0,0.00294209,0.00249477,0,0,0.00459428,0.0586531,1,1,6,0,0,0,0.941347,0.0557567,0.00289645
1,bookshelf_tall,75,isSafe,0,0,0,0,0,0,0,0,0,inf,inf,0,0,0,0,0,0,0,0,0,0,0,0,0
1,bookshelf_tall,75,qpFixed,0,0,0,0,0,0,0,0,0,inf,inf,0,0,0,0,0,0,0,0,0,0,0,0,0
1,bookshelf_tall,75,qpPlain,0,0,0,0,0,0,0,0,0,inf,inf,0,0,0,0,0,0,0,0,0,0,0,0,0
1,bookshelf_tall,75,qpAdaptive,0,0,0,0,0,0,0,0,0,inf,inf,0,0,0,0,0,0,0,0,0,0,0,0,0
1,bookshelf_tall,75,qpFreeGate,0,0,0,0,0,0,0,0,0,inf,inf,0,0,0,0,0,0,0,0,0,0,0,0,0
1,bookshelf_tall,75,qpEnvelope,0,0,0,0,0,0,0,0,0,inf,inf,0,0,0,0,0,0,0,0,0,0,0,0,0
1,bookshelf_tall,82,isSafe,0,0,0,0,0,0,0,0,0,inf,inf,0,0,0,0,0,0,0,0,0,0,0,0,0
1,bookshelf_tall,82,qpFixed,0,0,0,0,0,0,0,0,0,inf,inf,0,0,0,0,0,0,0,0,0,0,0,0,0
1,bookshelf_tall,82,qpPlain,0,0,0,0,0,0,0,0,0,inf,inf,0,0,0,0,0,0,0,0,0,0,0,0,0
1,bookshelf_tall,82,qpAdaptive,0,0,0,0,0,0,0,0,0,inf,inf,0,0,0,0,0,0,0,0,0,0,0,0,0
1,bookshelf_tall,82,qpFreeGate,0,0,0,0,0,0,0,0,0,inf,inf,0,0,0,0,0,0,0,0,0,0,0,0,0
1,bookshelf_tall,82,qpEnvelope,0,0,0,0,0,0,0,0,0,inf,inf,0,0,0,0,0,0,0,0,0,0,0,0,0
1,bookshelf_tall,89,isSafe,1,1,0.024011,24229,9,12.1034,8,6053,0,0.00835207,0.00249477,0,0,0,0,6,4,1.5,0,0,0,0,0,0
1,bookshelf_tall,89,qpFixed,1,1,0.0427211,27848,12,11.1764,18802,18802,0,0.00293254,0.00249477,0,0,0.000578446,0,2,2,6,0,0,0,1,0,0
1,bookshelf_tall,89,qpPlain,1,1,0.129927,27848,12,11.1764,18802,18802,0,0.00293254,0.00249477,0,0,0.000578446,0,2,2,6,0,0,0,1,0,0
1,bookshelf_tall,89,qpAdaptive,1,1,0.0389205,19802,12,11.1767,15207,15207,0,0.00292972,0.00249477,0,0,0.0008135,0.037875,2,2,6,0,0,0,0.962125,0.037673,0.000202
1,bookshelf_tall,89,qpFreeGate,1,1,0.0333697,26283,11,15.5693,24140,24140,0,0.00303712,0.00249477,0,0,0.000619484,0,11,6,1,0,0,0,1,0,0
1,bookshelf_tall,89,qpEnvelope,1,1,0.03737,18806,12,11.1776,14681,14681,0,0.00293142,0.00249477,0,0,0.000856632,0.0251515,2,2,6,0,0,0,0.974848,0.0249388,0.000212698
1,bookshelf_tall,98,isSafe,1,0,10.0005,9754122,4241,0,0,0,0,inf,inf,0,0,0,0,39977,4239,0.106086,0,0,0,0,0,0
1,bookshelf_tall,98,qpFixed,1,0,10.0055,7198946,854,0,0,0,0,inf,inf,0,0,0.000324196,0,1507,755,0.566689,0,0,0,1,0,0
1,bookshelf_tall,98,qpPlain,1,0,10.0069,2103244,297,0,0,0,0,inf,inf,0,0,0.000357104,0,386,238,0.76943,0,0,0,1,0,0
1,bookshelf_tall,98,qpAdaptive,1,0,10.0001,6157876,791,0,0,0,0,inf,inf,0,0,0.00034819,0.00382242,1365,694,0.579487,0,0,0,0.996177,0.00379969,2.33847e-05
1,bookshelf_tall,98,qpFreeGate,1,0,10.0006,7498951,3333,0,0,0,0,inf,inf,0,0,0.000557917,0,20380,3329,0.163543,0,0,0,1,0,0
1,bookshelf_tall,98,qpEnvelope,1,0,10,6096863,786,0,0,0,0,inf,inf,0,0,0.000349198,0.000874712,1353,689,0.580931,0,0,0,0.999125,0.000851257,2.41108e-05
1,bookshelf_thin,5,isSafe,0,0,0,0,0,0,0,0,0,inf,inf,0,0,0,0,0,0,0,0,0,0,0,0,0
1,bookshelf_thin,5,qpFixed,0,0,0,0,0,0,0,0,0,inf,inf,0,0,0,0,0,0,0,0,0,0,0,0,0
1,bookshelf_thin,5,qpPlain,0,0,0,0,0,0,0,0,0,inf,inf,0,0,0,0,0,0,0,0,0,0,0,0,0
1,bookshelf_thin,5,qpAdaptive,0,0,0,0,0,0,0,0,0,inf,inf,0,0,0,0,0,0,0,0,0,0,0,0,0
1,bookshelf_thin,5,qpFreeGate,0,0,0,0,0,0,0,0,0,inf,inf,0,0,0,0,0,0,0,0,0,0,0,0,0
1,bookshelf_thin,5,qpEnvelope,0,0,0,0,0,0,0,0,0,inf,inf,0,0,0,0,0,0,0,0,0,0,0,0,0
1,bookshelf_thin,12,isSafe,1,1,0.115251,111072,30,15.5576,9,7780,0,0.00358044,0.00249477,0,0,0,0,139,26,0.215827,0,0,0,0,0,0
1,bookshelf_thin,12,qpFixed,1,1,0.0670827,45012,18,12.5236,22231,22231,0,0.00294339,0.00249477,0,0,0.000506309,0,6,5,3,0,0,0,1,0,0
1,bookshelf_thin,12,qpPlain,1,1,0.211431,45012,18,12.5236,22231,22231,0,0.00294339,0.00249477,0,0,0.000506309,0,6,5,3,0,0,0,1,0,0
1,bookshelf_thin,12,qpAdaptive,1,1,0.0477663,23239,18,12.5247,11827,11827,0,0.00294434,0.00249477,0,0,0.000980778,0.041439,6,5,3,0,0,0,0.958475,0.0410086,0.000516373
1,bookshelf_thin,12,qpFreeGate,1,1,0.31029,231174,76,22.4952,30994,30994,0,0.00301989,0.00249477,0,0,0.000588866,0,347,70,0.21902,0,0,0,1,0,0
1,bookshelf_thin,12,qpEnvelope,1,1,0.0463672,22462,14,12.531,11480,11480,0,0.00294246,0.00249477,0,0,0.00101515,0.020479,6,5,2.33333,0,0,0,0.979521,0.0201229,0.000356157
1,bookshelf_thin,19,isSafe,1,1,0.515693,497955,137,15.5883,9,7796,0,0.0063041,0.00249477,0,0,0,0,1114,134,0.12298,0,0,0,0,0,0
1,bookshelf_thin,19,qpFixed,1,1,0.145915,91865,28,16.4151,30194,30194,0,0.00269222,0.00249477,0,0,0.000495395,0,15,13,1.86667,0,0,0,1,0,0
1,bookshelf_thin,19,qpPlain,1,1,0.442076,91865,28,16.4151,30194,30194,0,0.00269222,0.00249477,0,0,0.000495395,0,15,13,1.86667,0,0,0,1,0,0
1,bookshelf_thin,19,qpAdaptive,1,1,0.133151,65112,28,16.4151,20634,20634,0,0.00269222,0.00249477,0,0,0.00069896,0.021271,15,13,1.86667,0,0,0,0.978729,0.0211021,0.00016894
1,bookshelf_thin,19,qpFreeGate,1,1,0.209191,154511,51,17.1751,25715,25715,0,0.00302441,0.00249477,0,0,0.000574317,0,198,47,0.257576,0,0,0,1,0,0
1,bookshelf_thin,19,qpEnvelope,1,1,0.130613,63847,28,16.4151,20433,20433,0,0.00269221,0.00249477,0,0,0.000712915,0.0101336,15,13,1.86667,0,0,0,0.989866,0.00996131,0.000172287
1,bookshelf_thin,26,isSafe,0,0,0,0,0,0,0,0,0,inf,inf,0,0,0,0,0,0,0,0,0,0,0,0,0
1,bookshelf_thin,26,qpFixed,0,0,0,0,0,0,0,0,0,inf,inf,0,0,0,0,0,0,0,0,0,0,0,0,0
1,bookshelf_thin,26,qpPlain,0,0,0,0,0,0,0,0,0,inf,inf,0,0,0,0,0,0,0,0,0,0,0,0,0
1,bookshelf_thin,26,qpAdaptive,0,0,0,0,0,0,0,0,0,inf,inf,0,0,0,0,0,0,0,0,0,0,0,0,0
1,bookshelf_thin,26,qpFreeGate,0,0,0,0,0,0,0,0,0,inf,inf,0,0,0,0,0,0,0,0,0,0,0,0,0
1,bookshelf_thin,26,qpEnvelope,0,0,0,0,0,0,0,0,0,inf,inf,0,0,0,0,0,0,0,0,0,0,0,0,0
1,bookshelf_thin,33,isSafe,1,1,0.0354257,35153,11,11.5524,7,5778,0,0.00670532,0.00249477,0,0,0,0,29,7,0.37931,0,0,0,0,0,0
1,bookshelf_thin,33,qpFixed,1,1,0.195577,120181,42,21.4972,38655,38655,0,0.00265415,0.00249477,0,0,0.000527808,0,21,17,2,0,0,0,1,0,0
1,bookshelf_thin,33,qpPlain,1,1,0.577518,120181,42,21.4972,38655,38655,0,0.00265415,0.00249477,0,0,0.000527808,0,21,17,2,0,0,0,1,0,0
1,bookshelf_thin,33,qpAdaptive,1,1,0.196318,101315,42,21.4987,32797,32797,0,0.00267654,0.00249477,0,0,0.000626123,0.0308937,21,17,2,0,0,0,0.969067,0.0308247,0.000108572
1,bookshelf_thin,33,qpFreeGate,1,1,0.0689521,51226,20,13.618,19653,19653,0,0.00677976,0.00249477,0,0,0.000577053,0,61,15,0.327869,0,0,0,1,0,0
1,bookshelf_thin,33,qpEnvelope,1,1,0.191495,97547,43,21.5041,32154,32154,0,0.00267195,0.00249477,0,0,0.000650401,0.0167201,21,17,2.04762,0,0,0,0.983229,0.0166586,0.000112766
1,bookshelf_thin,40,isSafe,0,0,0,0,0,0,0,0,0,inf,inf,0,0,0,0,0,0,0,0,0,0,0,0,0
1,bookshelf_thin,40,qpFixed,0,0,0,0,0,0,0,0,0,inf,inf,0,0,0,0,0,0,0,0,0,0,0,0,0
1,bookshelf_thin,40,qpPlain,0,0,0,0,0,0,0,0,0,inf,inf,0,0,0,0,0,0,0,0,0,0,0,0,0
1,bookshelf_thin,40,qpAdaptive,0,0,0,0,0,0,0,0,0,inf,inf,0,0,0,0,0,0,0,0,0,0,0,0,0
1,bookshelf_thin,40,qpFreeGate,0,0,0,0,0,0,0,0,0,inf,inf,0,0,0,0,0,0,0,0,0,0,0,0,0
1,bookshelf_thin,40,qpEnvelope,0,0,0,0,0,0,0,0,0,inf,inf,0,0,0,0,0,0,0,0,0,0,0,0,0
1,bookshelf_thin,47,isSafe,1,1,0.849362,841092,240,13.755,9,6879,0,0.0041576,0.00249477,0,0,0,0,2038,236,0.117763,0,0,0,0,0,0
1,bookshelf_thin,47,qpFixed,1,1,0.0208242,15698,8,8.99035,11227,11227,0,0.00246142,0.00249477,0,0,0.000735492,0,2,2,4,0,0,0,1,0,0
1,bookshelf_thin,47,qpPlain,1,1,0.070309,15698,8,8.99035,11227,11227,0,0.00246142,0.00249477,0,0,0.000735492,0,2,2,4,0,0,0,1,0,0
1,bookshelf_thin,47,qpAdaptive,1,1,0.011481,5981,8,8.99039,5439,5439,0,0.00244351,0.00249477,0,0,0.00193042,0.043471,2,2,4,0,0,0,0.956529,0.042635,0.000835981
1,bookshelf_thin,47,qpFreeGate,1,1,1.30832,1007865,335,19.5337,26874,26874,0,0.00415755,0.00249477,0,0,0.000524253,0,2038,332,0.164377,0,0,0,1,0,0
1,bookshelf_thin,47,qpEnvelope,1,1,0.0108235,5725,8,8.99057,5344,5344,0,0.00244403,0.00249477,0,0,0.00201679,0.0275983,2,2,4,0,0,0,0.972402,0.0267249,0.000873362
1,bookshelf_thin,54,isSafe,1,1,0.284244,284461,78,12.0833,8,6043,0,0.00666641,0.00249477,0,0,0,0,400,74,0.195,0,0,0,0,0,0
1,bookshelf_thin,54,qpFixed,1,1,0.0255162,14954,10,9.56034,14308,14308,0,0.0024042,0.00249477,0,0,0.000643103,0,2,2,5,0,0,0,1,0,0
1,bookshelf_thin,54,qpPlain,1,1,0.0717992,14954,10,9.56034,14308,14308,0,0.0024042,0.00249477,0,0,0.000643103,0,2,2,5,0,0,0,1,0,0
1,bookshelf_thin,54,qpAdaptive,1,1,0.0229936,10886,10,9.56028,11849,11849,0,0.00239854,0.00249477,0,0,0.000883419,0.0575051,2,2,5,0,0,0,0.942495,0.0571376,0.000367444
1,bookshelf_thin,54,qpFreeGate,1,1,0.363195,278887,96,14.2837,19715,19715,0,0.00634907,0.00249477,0,0,0.000583452,0,371,89,0.25876,0,0,0,1,0,0
1,bookshelf_thin,54,qpEnvelope,1,1,0.0221584,10429,10,9.56054,11565,11565,0,0.00241066,0.00249477,0,0,0.000922155,0.0441078,2,2,5,0,0,0,0.955796,0.0437242,0.000479432
1,bookshelf_thin,61,isSafe,1,1,0.165989,162377,43,6.96575,5,3484,0,0.00587617,0.00249477,0,0,0,0,224,39,0.191964,0,0,0,0,0,0
1,bookshelf_thin,61,qpFixed,1,1,0.0147777,11858,6,7.13875,10855,10855,0,0.00204205,0.00249477,0,0,0.000616398,0,2,2,3,0,0,0,1,0,0
1,bookshelf_thin,61,qpPlain,1,1,0.0530055,11858,6,7.13875,10855,10855,0,0.00204205,0.00249477,0,0,0.000616398,0,2,2,3,0,0,0,1,0,0
1,bookshelf_thin,61,qpAdaptive,1,1,0.00857838,4657,6,7.13791,6141,6141,0,0.00202138,0.00249477,0,0,0.00156972,0.052609,2,2,3,0,0,0,0.947391,0.0519648,0.000644192
1,bookshelf_thin,61,qpFreeGate,1,1,0.914692,692349,250,23.5826,33891,33891,0,0.0030432,0.00249477,0,0,0.000596461,0,1364,243,0.183284,0,0,0,1,0,0
1,bookshelf_thin,61,qpEnvelope,1,1,0.00801486,4435,6,7.14415,6041,6041,0,0.00193306,0.00249477,0,0,0.00164911,0.0225479,2,2,3,0,0,0,0.977452,0.0218715,0.000676437
1,bookshelf_thin,68,isSafe,0,0,0,0,0,0,0,0,0,inf,inf,0,0,0,0,0,0,0,0,0,0,0,0,0
1,bookshelf_thin,68,qpFixed,0,0,0,0,0,0,0,0,0,inf,inf,0,0,0,0,0,0,0,0,0,0,0,0,0
1,bookshelf_thin,68,qpPlain,0,0,0,0,0,0,0,0,0,inf,inf,0,0,0,0,0,0,0,0,0,0,0,0,0
1,bookshelf_thin,68,qpAdaptive,0,0,0,0,0,0,0,0,0,inf,inf,0,0,0,0,0,0,0,0,0,0,0,0,0
1,bookshelf_thin,68,qpFreeGate,0,0,0,0,0,0,0,0,0,inf,inf,0,0,0,0,0,0,0,0,0,0,0,0,0
1,bookshelf_thin,68,qpEnvelope,0,0,0,0,0,0,0,0,0,inf,inf,0,0,0,0,0,0,0,0,0,0,0,0,0
1,bookshelf_thin,75,isSafe,1,1,0.129768,125696,35,12.3938,8,6198,0,0.00248238,0.00249477,0,0,0,0,198,31,0.176768,0,0,0,0,0,0
1,bookshelf_thin,75,qpFixed,1,1,0.0360186,22558,9,10.2413,15482,15482,0,0.00290527,0.00249477,0,0,0.000603002,0,3,2,3,0,0,0,1,0,0
1,bookshelf_thin,75,qpPlain,1,1,0.108307,22558,9,10.2413,15482,15482,0,0.00290527,0.00249477,0,0,0.000603002,0,3,2,3,0,0,0,1,0,0
1,bookshelf_thin,75,qpAdaptive,1,1,0.0315212,15057,9,10.2414,10681,10681,0,0.00290655,0.00249477,0,0,0.000903405,0.0227801,3,2,3,0,0,0,0.97722,0.0225144,0.000265657
1,bookshelf_thin,75,qpFreeGate,1,1,0.326256,240291,85,17.5138,24402,24402,0,0.00304057,0.00249477,0,0,0.000601681,0,356,79,0.238764,0,0,0,1,0,0
1,bookshelf_thin,75,qpEnvelope,1,1,0.0311022,14787,9,10.2416,10476,10476,0,0.00290777,0.00249477,0,0,0.000919912,0.0208291,3,2,3,0,0,0,0.979171,0.0205586,0.000270508
1,bookshelf_thin,83,isSafe,1,1,0.127759,124852,34,16.862,10,8432,0,0.00553166,0.00249477,0,0,0,0,147,30,0.231293,0,0,0,0,0,0
1,bookshelf_thin,83,qpFixed,1,1,0.0575806,33761,14,14.9133,25573,25573,0,0.00291643,0.00249477,0,0,0.000559754,0,5,4,2.8,0,0,0,1,0,0
1,bookshelf_thin,83,qpPlain,1,1,0.167861,33761,14,14.9133,25573,25573,0,0.00291643,0.00249477,0,0,0.000559754,0,5,4,2.8,0,0,0,1,0,0
1,bookshelf_thin,83,qpAdaptive,1,1,0.0541655,24955,14,14.9145,21463,21463,0,0.00291639,0.00249477,0,0,0.000757325,0.0281707,5,4,2.8,0,0,0,0.971829,0.0280104,0.000160289
1,bookshelf_thin,83,qpFreeGate,1,1,0.126536,94267,35,13.4908,19007,19007,0,0.00300299,0.00249477,0,0,0.000619948,0,81,29,0.432099,0,0,0,1,0,0
1,bookshelf_thin,83,qpEnvelope,1,1,0.0525827,24238,14,14.9174,21021,21021,0,0.00291917,0.00249477,0,0,0.000779848,0.0141926,5,4,2.8,0,0,0,0.985807,0.0140276,0.00016503
1,bookshelf_thin,90,isSafe,0,0,0,0,0,0,0,0,0,inf,inf,0,0,0,0,0,0,0,0,0,0,0,0,0
1,bookshelf_thin,90,qpFixed,0,0,0,0,0,0,0,0,0,inf,inf,0,0,0,0,0,0,0,0,0,0,0,0,0
1,bookshelf_thin,90,qpPlain,0,0,0,0,0,0,0,0,0,inf,inf,0,0,0,0,0,0,0,0,0,0,0,0,0
1,bookshelf_thin,90,qpAdaptive,0,0,0,0,0,0,0,0,0,inf,inf,0,0,0,0,0,0,0,0,0,0,0,0,0
1,bookshelf_thin,90,qpFreeGate,0,0,0,0,0,0,0,0,0,inf,inf,0,0,0,0,0,0,0,0,0,0,0,0,0
1,bookshelf_thin,90,qpEnvelope,0,0,0,0,0,0,0,0,0,inf,inf,0,0,0,0,0,0,0,0,0,0,0,0,0
1,bookshelf_thin,97,isSafe,0,0,0,0,0,0,0,0,0,inf,inf,0,0,0,0,0,0,0,0,0,0,0,0,0
1,bookshelf_thin,97,qpFixed,0,0,0,0,0,0,0,0,0,inf,inf,0,0,0,0,0,0,0,0,0,0,0,0,0
1,bookshelf_thin,97,qpPlain,0,0,0,0,0,0,0,0,0,inf,inf,0,0,0,0,0,0,0,0,0,0,0,0,0
1,bookshelf_thin,97,qpAdaptive,0,0,0,0,0,0,0,0,0,inf,inf,0,0,0,0,0,0,0,0,0,0,0,0,0
1,bookshelf_thin,97,qpFreeGate,0,0,0,0,0,0,0,0,0,inf,inf,0,0,0,0,0,0,0,0,0,0,0,0,0
1,bookshelf_thin,97,qpEnvelope,0,0,0,0,0,0,0,0,0,inf,inf,0,0,0,0,0,0,0,0,0,0,0,0,0
1,table_under_pick,4,isSafe,1,1,0.0222571,20766,8,10.3498,7,5176,0,0.00694771,0.00249477,0,0,0,0,17,3,0.470588,0,0,0,0,0,0
1,table_under_pick,4,qpFixed,1,1,0.0426396,27943,13,7.05321,10673,10673,0,0.00293948,0.00249477,0,0,0.000585842,0,4,4,3.25,0,0,0,1,0,0
1,table_under_pick,4,qpPlain,1,1,0.130494,27943,13,7.05321,10673,10673,0,0.00293948,0.00249477,0,0,0.000585842,0,4,4,3.25,0,0,0,1,0,0
1,table_under_pick,4,qpAdaptive,1,1,0.0388937,21218,13,7.0536,7454,7454,0,0.00294096,0.00249477,0,0,0.000771561,0.0205486,4,4,3.25,0,0,0,0.979451,0.0204072,0.000141389
1,table_under_pick,4,qpFreeGate,1,1,0.0320054,22003,10,13.6646,18475,18475,0,0.00303119,0.00249477,0,0,0.000657742,0,17,5,0.588235,0,0,0,1,0,0
1,table_under_pick,4,qpEnvelope,1,1,0.0380217,20868,13,7.05462,7292,7292,0,0.00294075,0.00249477,0,0,0.000784557,0.013226,4,4,3.25,0,0,0,0.986774,0.0130822,0.000143761
1,table_under_pick,11,isSafe,0,0,0,0,0,0,0,0,0,inf,inf,0,0,0,0,0,0,0,0,0,0,0,0,0
1,table_under_pick,11,qpFixed,0,0,0,0,0,0,0,0,0,inf,inf,0,0,0,0,0,0,0,0,0,0,0,0,0
1,table_under_pick,11,qpPlain,0,0,0,0,0,0,0,0,0,inf,inf,0,0,0,0,0,0,0,0,0,0,0,0,0
1,table_under_pick,11,qpAdaptive,0,0,0,0,0,0,0,0,0,inf,inf,0,0,0,0,0,0,0,0,0,0,0,0,0
1,table_under_pick,11,qpFreeGate,0,0,0,0,0,0,0,0,0,inf,inf,0,0,0,0,0,0,0,0,0,0,0,0,0
1,table_under_pick,11,qpEnvelope,0,0,0,0,0,0,0,0,0,inf,inf,0,0,0,0,0,0,0,0,0,0,0,0,0
1,table_under_pick,18,isSafe,1,1,0.0737083,71879,20,12.8923,8,6448,0,0.00464442,0.00249477,0,0,0,0,171,14,0.116959,0,0,0,0,0,0
1,table_under_pick,18,qpFixed,1,1,0.0397301,30060,15,13.7656,19270,19270,0,0.00288369,0.00249477,0,0,0.000694164,0,3,3,5,0,0,0,1,0,0
1,table_under_pick,18,qpPlain,1,1,0.136868,30060,15,13.7656,19270,19270,0,0.00288369,0.00249477,0,0,0.000694164,0,3,3,5,0,0,0,1,0,0
1,table_under_pick,18,qpAdaptive,1,1,0.0158873,7716,15,13.7656,9201,9201,0,0.00288567,0.00249477,0,0,0.00270431,0.0835925,3,3,5,0,0,0,0.916278,0.0822965,0.00142561
1,table_under_pick,18,qpFreeGate,1,1,0.0376466,27516,9,10.5638,15597,15597,0,0.00305313,0.00249477,0,0,0.000451804,0,101,4,0.0891089,0,0,0,1,0,0
1,table_under_pick,18,qpEnvelope,1,1,0.0146984,7142,14,13.7657,9004,9004,0,0.00288105,0.00249477,0,0,0.00292151,0.0478857,3,3,4.66667,0,0,0,0.952114,0.0464856,0.00140017
1,table_under_pick,25,isSafe,1,1,0.0202112,19564,7,9.74239,6,4873,0,0.00652337,0.00249477,0,0,0,0,40,4,0.175,0,0,0,0,0,0
1,table_under_pick,25,qpFixed,1,1,0.0285188,18234,9,10.1984,14754,14754,0,0.00295541,0.00249477,0,0,0.000612921,0,4,3,2.25,0,0,0,1,0,0
1,table_under_pick,25,qpPlain,1,1,0.0861521,18234,9,10.1984,14754,14754,0,0.00295541,0.00249477,0,0,0.000612921,0,4,3,2.25,0,0,0,1,0,0
1,table_under_pick,25,qpAdaptive,1,1,0.0267944,14230,9,10.1996,12058,12058,0,0.00295406,0.00249477,0,0,0.000785463,0.0539705,4,3,2.25,0,0,0,0.94603,0.0537597,0.000210822
1,table_under_pick,25,qpFreeGate,1,1,0.0664054,48751,20,18.7732,27000,27000,0,0.00300369,0.00249477,0,0,0.000638124,0,41,13,0.487805,0,0,0,1,0,0
1,table_under_pick,25,qpEnvelope,1,1,0.0257213,13389,9,10.2005,11507,11507,0,0.0029543,0.00249477,0,0,0.000834867,0.0376428,4,3,2.25,0,0,0,0.962357,0.0374188,0.000224065
1,table_under_pick,32,isSafe,1,1,0.0331644,32195,11,10.049,7,5026,0,0.000451079,0.00249477,0,0,0,0,55,7,0.2,0,0,0,0,0,0
1,table_under_pick,32,qpFixed,1,1,0.0695277,43358,18,19.5301,32244,32244,0,0.00294769,0.00249477,0,0,0.000569626,0,7,7,2.57143,0,0,0,1,0,0
1,table_under_pick,32,qpPlain,1,1,0.201057,43358,18,19.5301,32244,32244,0,0.00294769,0.00249477,0,0,0.000569626,0,7,7,2.57143,0,0,0,1,0,0
1,table_under_pick,32,qpAdaptive,1,1,0.0725221,37541,18,19.5304,28294,28294,0,0.00294768,0.00249477,0,0,0.000657897,0.0283157,7,7,2.57143,0,0,0,0.971631,0.0282624,0.00010655
1,table_under_pick,32,qpFreeGate,1,1,0.0594045,43952,16,14.6984,20645,20645,0,0.00371629,0.00249477,0,0,0.000556204,0,55,12,0.290909,0,0,0,1,0,0
1,table_under_pick,32,qpEnvelope,1,1,0.0705087,36350,18,19.5325,27728,27728,0,0.00294988,0.00249477,0,0,0.000679524,0.0115818,7,7,2.57143,0,0,0,0.988363,0.0115268,0.000110041
1,table_under_pick,39,isSafe,1,1,0.0190588,18456,7,7.21266,5,3608,0,0.00092078,0.00249477,0,0,0,0,11,4,0.636364,0,0,0,0,0,0
1,table_under_pick,39,qpFixed,1,1,0.0484212,30670,12,14.0275,21118,21118,0,0.00293773,0.00249477,0,0,0.000622634,0,5,5,2.4,0,0,0,1,0,0
1,table_under_pick,39,qpPlain,1,1,0.142981,30670,12,14.0275,21118,21118,0,0.00293773,0.00249477,0,0,0.000622634,0,5,5,2.4,0,0,0,1,0,0
1,table_under_pick,39,qpAdaptive,1,1,0.0449007,22679,12,14.0267,16409,16409,0,0.00292741,0.00249477,0,0,0.000841979,0.0244279,5,5,2.4,0,0,0,0.975572,0.0242956,0.000132281
1,table_under_pick,39,qpFreeGate,1,1,0.097502,70244,32,24.108,31037,31037,0,0.0030037,0.00249477,0,0,0.000669547,0,76,21,0.421053,0,0,0,1,0,0
1,table_under_pick,39,qpEnvelope,1,1,0.0434267,22137,12,14.0264,16170,16170,0,0.00293266,0.00249477,0,0,0.000862588,0.017211,5,5,2.4,0,0,0,0.982789,0.0170755,0.00013552
1,table_under_pick,46,isSafe,1,1,0.0543511,53115,16,10.4759,7,5239,0,0.00601339,0.00249477,0,0,0,0,68,12,0.235294,0,0,0,0,0,0
1,table_under_pick,46,qpFixed,1,1,0.0215531,14646,7,8.63091,14647,14647,0,0.00251434,0.00249477,0,0,0.000589302,0,1,1,7,0,0,0,1,0,0
1,table_under_pick,46,qpPlain,1,1,0.0674786,14646,7,8.63091,14647,14647,0,0.00251434,0.00249477,0,0,0.000589302,0,1,1,7,0,0,0,1,0,0
1,table_under_pick,46,qpAdaptive,1,1,0.0192547,10184,7,8.63093,11722,11722,0,0.00251435,0.00249477,0,0,0.000847499,0.0309309,1,1,7,0,0,0,0.969069,0.0306363,0.00029458
1,table_under_pick,46,qpFreeGate,1,1,0.0551774,42003,15,14.5953,22620,22620,0,0.00386931,0.00249477,0,0,0.000561206,0,29,10,0.517241,0,0,0,1,0,0
1,table_under_pick,46,qpEnvelope,1,1,0.0185981,9849,7,8.63103,11504,11504,0,0.00251435,0.00249477,0,0,0.000876336,0.0136054,1,1,7,0,0,0,0.986395,0.0133008,0.000304599
1,table_under_pick,53,isSafe,1,0,10.0014,9677814,4133,0,0,0,0,inf,inf,0,0,0,0,35611,4131,0.11606,0,0,0,0,0,0
1,table_under_pick,53,qpFixed,1,0,10.0012,7473852,887,0,0,0,0,inf,inf,0,0,0.000319235,0,1541,782,0.5756,0,0,0,1,0,0
1,table_under_pick,53,qpPlain,1,0,10.001,2115719,312,0,0,0,0,inf,inf,0,0,0.000350982,0,359,238,0.869081,0,0,0,1,0,0
1,table_under_pick,53,qpAdaptive,1,0,10.0012,6278339,816,0,0,0,0,inf,inf,0,0,0.000346935,0.00395041,1382,715,0.590449,0,0,0,0.996049,0.00392301,2.83514e-05
1,table_under_pick,53,qpFreeGate,1,0,10.0007,7439975,3409,0,0,0,0,inf,inf,0,0,0.000571911,0,20083,3403,0.169746,0,0,0,1,0,0
1,table_under_pick,53,qpEnvelope,1,0,10.0057,6332561,823,0,0,0,0,inf,inf,0,0,0.000347644,0.000627076,1400,722,0.587857,0,0,0,0.999373,0.000599126,2.79508e-05
1,table_under_pick,60,isSafe,1,1,0.0213575,21201,8,10.5943,7,5299,0,0.0082622,0.00249477,0,0,0,0,2,2,4,0,0,0,0,0,0
1,table_under_pick,60,qpFixed,1,1,0.0141492,12564,7,9.67814,12565,12565,0,0.00297254,0.00249477,0,0,0.000770307,0,1,1,7,0,0,0,1,0,0
1,table_under_pick,60,qpPlain,1,1,0.0556599,12564,7,9.67814,12565,12565,0,0.00297254,0.00249477,0,0,0.000770307,0,1,1,7,0,0,0,1,0,0
1,table_under_pick,60,qpAdaptive,1,1,0.00176098,731,7,9.67814,5267,5267,0,0.00297509,0.00249477,0,0,0.0132396,0.235294,1,1,7,0,0,0,0.764706,0.228454,0.00683995
1,table_under_pick,60,qpFreeGate,1,1,0.0187886,13812,8,10.5943,13592,13592,0,0.0082622,0.00249477,0,0,0.000769273,0,2,2,4,0,0,0,1,0,0
1,table_under_pick,60,qpEnvelope,1,1,0.001425,574,7,9.67815,5173,5173,0,0.00297388,0.00249477,0,0,0.0168609,0.285714,1,1,7,0,0,0,0.714286,0.277003,0.0087108
1,table_under_pick,68,isSafe,1,1,0.0482093,48536,15,14.1229,9,7063,0,0.00785263,0.00249477,0,0,0,0,102,10,0.147059,0,0,0,0,0,0
1,table_under_pick,68,qpFixed,1,1,0.185803,109613,42,24.439,38285,38285,0,0.00229803,0.00249477,0,0,0.000583335,0,22,21,1.90909,0,0,0,1,0,0
1,table_under_pick,68,qpPlain,1,1,0.528294,109613,42,24.439,38285,38285,0,0.00229803,0.00249477,0,0,0.000583335,0,22,21,1.90909,0,0,0,1,0,0
1,table_under_pick,68,qpAdaptive,1,1,0.194275,98184,42,24.4411,33781,33781,0,0.0022963,0.00249477,0,0,0.000651271,0.0138923,22,21,1.90909,0,0,0,0.986108,0.0138414,5.09248e-05
1,table_under_pick,68,qpFreeGate,1,1,0.11541,84585,30,19.692,29097,29097,0,0.00300541,0.00249477,0,0,0.000549691,0,204,26,0.147059,0,0,0,1,0,0
1,table_under_pick,68,qpEnvelope,1,1,0.193662,97310,42,24.4424,33626,33626,0,0.00229836,0.00249477,0,0,0.000657184,0.0103484,22,21,1.90909,0,0,0,0.989652,0.010297,5.13822e-05
1,table_under_pick,75,isSafe,0,0,0,0,0,0,0,0,0,inf,inf,0,0,0,0,0,0,0,0,0,0,0,0,0
1,table_under_pick,75,qpFixed,0,0,0,0,0,0,0,0,0,inf,inf,0,0,0,0,0,0,0,0,0,0,0,0,0
1,table_under_pick,75,qpPlain,0,0,0,0,0,0,0,0,0,inf,inf,0,0,0,0,0,0,0,0,0,0,0,0,0
1,table_under_pick,75,qpAdaptive,0,0,0,0,0,0,0,0,0,inf,inf,0,0,0,0,0,0,0,0,0,0,0,0,0
1,table_under_pick,75,qpFreeGate,0,0,0,0,0,0,0,0,0,inf,inf,0,0,0,0,0,0,0,0,0,0,0,0,0
1,table_under_pick,75,qpEnvelope,0,0,0,0,0,0,0,0,0,inf,inf,0,0,0,0,0,0,0,0,0,0,0,0,0
1,table_under_pick,82,isSafe,1,1,0.0176757,15958,6,5.95212,4,2978,0,7.3605e-05,0.00249477,0,0,0,0,13,3,0.461538,0,0,0,0,0,0
1,table_under_pick,82,qpFixed,1,1,0.0170443,11045,7,7.23068,10806,10806,0,0.00294324,0.00249477,0,0,0.000655831,0,2,2,3.5,0,0,0,1,0,0
1,table_under_pick,82,qpPlain,1,1,0.0508773,11045,7,7.23068,10806,10806,0,0.00294324,0.00249477,0,0,0.000655831,0,2,2,3.5,0,0,0,1,0,0
1,table_under_pick,82,qpAdaptive,1,1,0.0132383,6694,7,7.23091,7876,7876,0,0.00294336,0.00249477,0,0,0.00108215,0.0764864,2,2,3.5,0,0,0,0.923514,0.0760382,0.000448163
1,table_under_pick,82,qpFreeGate,1,1,0.0399761,28919,12,12.4992,18671,18671,0,0.00308274,0.00249477,0,0,0.000624603,0,28,8,0.428571,0,0,0,1,0,0
1,table_under_pick,82,qpEnvelope,1,1,0.0121134,6142,7,7.23138,7496,7496,0,0.00293959,0.00249477,0,0,0.00117947,0.0788017,2,2,3.5,0,0,0,0.921198,0.0783133,0.00048844
1,table_under_pick,89,isSafe,0,0,0,0,0,0,0,0,0,inf,inf,0,0,0,0,0,0,0,0,0,0,0,0,0
1,table_under_pick,89,qpFixed,0,0,0,0,0,0,0,0,0,inf,inf,0,0,0,0,0,0,0,0,0,0,0,0,0
1,table_under_pick,89,qpPlain,0,0,0,0,0,0,0,0,0,inf,inf,0,0,0,0,0,0,0,0,0,0,0,0,0
1,table_under_pick,89,qpAdaptive,0,0,0,0,0,0,0,0,0,inf,inf,0,0,0,0,0,0,0,0,0,0,0,0,0
1,table_under_pick,89,qpFreeGate,0,0,0,0,0,0,0,0,0,inf,inf,0,0,0,0,0,0,0,0,0,0,0,0,0
1,table_under_pick,89,qpEnvelope,0,0,0,0,0,0,0,0,0,inf,inf,0,0,0,0,0,0,0,0,0,0,0,0,0
1,table_under_pick,96,isSafe,1,0,10.0008,9627243,4149,0,0,0,0,inf,inf,0,0,0,0,36639,4147,0.11324,0,0,0,0,0,0
1,table_under_pick,96,qpFixed,1,0,10.0005,7428971,898,0,0,0,0,inf,inf,0,0,0.000324609,0,1531,790,0.586545,0,0,0,1,0,0
1,table_under_pick,96,qpPlain,1,0,10.0234,2114926,314,0,0,0,0,inf,inf,0,0,0.000361875,0,364,244,0.862637,0,0,0,1,0,0
1,table_under_pick,96,qpAdaptive,1,0,10.0027,6292337,818,0,0,0,0,inf,inf,0,0,0.000350125,0.00408195,1378,712,0.593614,0,0,0,0.995918,0.00405716,2.52688e-05
1,table_under_pick,96,qpFreeGate,1,0,10.0019,7448315,3458,0,0,0,0,inf,inf,0,0,0.0005709,0,20585,3452,0.167986,0,0,0,1,0,0
1,table_under_pick,96,qpEnvelope,1,0,10.0021,6277771,818,0,0,0,0,inf,inf,0,0,0.000350917,0.000995258,1377,712,0.594045,0,0,0,0.999004,0.000970727,2.48496e-05
1,bookshelf_small,3,isSafe,1,1,0.482368,466170,128,21.5732,12,10788,0,0.00759692,0.00249477,0,0,0,0,1012,125,0.126482,0,0,0,0,0,0
1,bookshelf_small,3,qpFixed,1,1,0.0331654,26002,12,11.2509,17221,17221,0,0.00296399,0.00249477,0,0,0.000672247,0,2,2,6,0,0,0,1,0,0
1,bookshelf_small,3,qpPlain,1,1,0.11633,26002,12,11.2509,17221,17221,0,0.00296399,0.00249477,0,0,0.000672247,0,2,2,6,0,0,0,1,0,0
1,bookshelf_small,3,qpAdaptive,1,1,0.0197902,10198,13,11.2513,8777,8777,0,0.0029642,0.00249477,0,0,0.0017141,0.0447146,2,2,6.5,0,0,0,0.955285,0.0438321,0.000882526
1,bookshelf_small,3,qpFreeGate,1,1,0.617062,455350,150,18.4678,25368,25368,0,0.00303784,0.00249477,0,0,0.000545717,0,692,143,0.216763,0,0,0,1,0,0
1,bookshelf_small,3,qpEnvelope,1,1,0.0189474,9791,12,11.2519,8584,8584,0,0.00296475,0.00249477,0,0,0.00178523,0.0230824,2,2,6,0,0,0,0.976918,0.0222653,0.000817077
1,bookshelf_small,11,isSafe,0,0,0,0,0,0,0,0,0,inf,inf,0,0,0,0,0,0,0,0,0,0,0,0,0
1,bookshelf_small,11,qpFixed,0,0,0,0,0,0,0,0,0,inf,inf,0,0,0,0,0,0,0,0,0,0,0,0,0
1,bookshelf_small,11,qpPlain,0,0,0,0,0,0,0,0,0,inf,inf,0,0,0,0,0,0,0,0,0,0,0,0,0
1,bookshelf_small,11,qpAdaptive,0,0,0,0,0,0,0,0,0,inf,inf,0,0,0,0,0,0,0,0,0,0,0,0,0
1,bookshelf_small,11,qpFreeGate,0,0,0,0,0,0,0,0,0,inf,inf,0,0,0,0,0,0,0,0,0,0,0,0,0
1,bookshelf_small,11,qpEnvelope,0,0,0,0,0,0,0,0,0,inf,inf,0,0,0,0,0,0,0,0,0,0,0,0,0
1,bookshelf_small,18,isSafe,1,1,0.0387213,37235,12,10.5803,7,5292,0,0.00567347,0.00249477,0,0,0,0,16,8,0.75,0,0,0,0,0,0
1,bookshelf_small,18,qpFixed,1,1,0.0102118,7818,6,6.00837,7819,7819,0,0.00161407,0.00249477,0,0,0.00076853,0,1,1,6,0,0,0,1,0,0
1,bookshelf_small,18,qpPlain,1,1,0.0354997,7818,6,6.00837,7819,7819,0,0.00161407,0.00249477,0,0,0.00076853,0,1,1,6,0,0,0,1,0,0
1,bookshelf_small,18,qpAdaptive,1,1,0.00603014,3107,6,6.00837,4915,4915,0,0.0016002,0.00249477,0,0,0.00193382,0.0492436,1,1,6,0,0,0,0.950756,0.0482781,0.000965562
1,bookshelf_small,18,qpFreeGate,1,1,0.0433049,31139,12,10.5803,15771,15771,0,0.00567336,0.00249477,0,0,0.000633729,0,16,8,0.75,0,0,0,1,0,0
1,bookshelf_small,18,qpEnvelope,1,1,0.00570969,2899,6,6.00838,4803,4803,0,0.00163891,0.00249477,0,0,0.00207257,0.0179372,1,1,6,0,0,0,0.982063,0.0169024,0.00103484
1,bookshelf_small,26,isSafe,0,0,0,0,0,0,0,0,0,inf,inf,0,0,0,0,0,0,0,0,0,0,0,0,0
1,bookshelf_small,26,qpFixed,0,0,0,0,0,0,0,0,0,inf,inf,0,0,0,0,0,0,0,0,0,0,0,0,0
1,bookshelf_small,26,qpPlain,0,0,0,0,0,0,0,0,0,inf,inf,0,0,0,0,0,0,0,0,0,0,0,0,0
1,bookshelf_small,26,qpAdaptive,0,0,0,0,0,0,0,0,0,inf,inf,0,0,0,0,0,0,0,0,0,0,0,0,0
1,bookshelf_small,26,qpFreeGate,0,0,0,0,0,0,0,0,0,inf,inf,0,0,0,0,0,0,0,0,0,0,0,0,0
1,bookshelf_small,26,qpEnvelope,0,0,0,0,0,0,0,0,0,inf,inf,0,0,0,0,0,0,0,0,0,0,0,0,0
1,bookshelf_small,34,isSafe,1,1,0.15429,152178,41,8.17244,6,4088,0,0.00440595,0.00249477,0,0,0,0,228,37,0.179825,0,0,0,0,0,0
1,bookshelf_small,34,qpFixed,1,1,0.0158148,14424,6,7.92343,11670,11670,0,0.00298295,0.00249477,0,0,0.000618492,0,2,2,3,0,0,0,1,0,0
1,bookshelf_small,34,qpPlain,1,1,0.0633259,14424,6,7.92343,11670,11670,0,0.00298295,0.00249477,0,0,0.000618492,0,2,2,3,0,0,0,1,0,0
1,bookshelf_small,34,qpAdaptive,1,1,0.00680111,3434,6,7.92343,4401,4401,0,0.00298215,0.00249477,0,0,0.00259788,0.0690157,2,2,3,0,0,0,0.930984,0.0678509,0.00116482
1,bookshelf_small,34,qpFreeGate,1,1,0.218961,166521,55,9.18981,13878,13878,0,0.00440577,0.00249477,0,0,0.000555648,0,228,52,0.241228,0,0,0,1,0,0
1,bookshelf_small,34,qpEnvelope,1,1,0.00638135,3180,6,7.92344,4295,4295,0,0.00298204,0.00249477,0,0,0.00280539,0.0235849,2,2,3,0,0,0,0.976415,0.022327,0.00125786
1,bookshelf_small,41,isSafe,0,0,0,0,0,0,0,0,0,inf,inf,0,0,0,0,0,0,0,0,0,0,0,0,0
1,bookshelf_small,41,qpFixed,0,0,0,0,0,0,0,0,0,inf,inf,0,0,0,0,0,0,0,0,0,0,0,0,0
1,bookshelf_small,41,qpPlain,0,0,0,0,0,0,0,0,0,inf,inf,0,0,0,0,0,0,0,0,0,0,0,0,0
1,bookshelf_small,41,qpAdaptive,0,0,0,0,0,0,0,0,0,inf,inf,0,0,0,0,0,0,0,0,0,0,0,0,0
1,bookshelf_small,41,qpFreeGate,0,0,0,0,0,0,0,0,0,inf,inf,0,0,0,0,0,0,0,0,0,0,0,0,0
1,bookshelf_small,41,qpEnvelope,0,0,0,0,0,0,0,0,0,inf,inf,0,0,0,0,0,0,0,0,0,0,0,0,0
1,bookshelf_small,48,isSafe,1,1,0.0157255,15689,6,7.83937,5,3921,0,0.00537746,0.00249477,0,0,0,0,4,2,1.5,0,0,0,0,0,0
1,bookshelf_small,48,qpFixed,1,1,0.0532444,46002,23,12.0801,19563,19563,0,0.00295292,0.00249477,0,0,0.000662733,0,7,7,3.28571,0,0,0,1,0,0
1,bookshelf_small,48,qpPlain,1,1,0.204769,46002,23,12.0801,19563,19563,0,0.00295292,0.00249477,0,0,0.000662733,0,7,7,3.28571,0,0,0,1,0,0
1,bookshelf_small,48,qpAdaptive,1,1,0.030445,19576,23,12.0802,12555,12555,0,0.00296246,0.00249477,0,0,0.0015574,0.0700858,7,7,3.28571,0,0,0,0.929761,0.0694728,0.000766244
1,bookshelf_small,48,qpFreeGate,1,1,0.0249675,17815,11,9.55268,13161,13161,0,0.0031759,0.00249477,0,0,0.000728047,0,3,3,3.66667,0,0,0,1,0,0
1,bookshelf_small,48,qpEnvelope,1,1,0.0285844,18652,22,12.0826,12428,12428,0,0.00296294,0.00249477,0,0,0.00163477,0.0203195,7,7,3.14286,0,0,0,0.97952,0.0197298,0.00075059
1,bookshelf_small,55,isSafe,1,1,0.0215587,21305,8,10.6337,7,5318,0,0.00322578,0.00249477,0,0,0,0,6,3,1.33333,0,0,0,0,0,0
1,bookshelf_small,55,qpFixed,1,1,0.0273932,17262,9,8.20283,11465,11465,0,0.00292806,0.00249477,0,0,0.00066729,0,2,2,4.5,0,0,0,1,0,0
1,bookshelf_small,55,qpPlain,1,1,0.0799514,17262,9,8.20283,11465,11465,0,0.00292806,0.00249477,0,0,0.00066729,0,2,2,4.5,0,0,0,1,0,0
1,bookshelf_small,55,qpAdaptive,1,1,0.025674,12796,9,8.20303,8695,8695,0,0.0029281,0.00249477,0,0,0.000900064,0.0418881,2,2,4.5,0,0,0,0.958112,0.0417318,0.000156299
1,bookshelf_small,55,qpFreeGate,1,1,0.0304593,23477,13,13.1774,19396,19396,0,0.00295966,0.00249477,0,0,0.000652717,0,6,6,2.16667,0,0,0,1,0,0
1,bookshelf_small,55,qpEnvelope,1,1,0.0246076,11974,9,8.20344,8493,8493,0,0.002928,0.00249477,0,0,0.000959586,0.0160347,2,2,4.5,0,0,0,0.983965,0.0158677,0.000167029
1,bookshelf_small,62,isSafe,0,0,0,0,0,0,0,0,0,inf,inf,0,0,0,0,0,0,0,0,0,0,0,0,0
1,bookshelf_small,62,qpFixed,0,0,0,0,0,0,0,0,0,inf,inf,0,0,0,0,0,0,0,0,0,0,0,0,0
1,bookshelf_small,62,qpPlain,0,0,0,0,0,0,0,0,0,inf,inf,0,0,0,0,0,0,0,0,0,0,0,0,0
1,bookshelf_small,62,qpAdaptive,0,0,0,0,0,0,0,0,0,inf,inf,0,0,0,0,0,0,0,0,0,0,0,0,0
1,bookshelf_small,62,qpFreeGate,0,0,0,0,0,0,0,0,0,inf,inf,0,0,0,0,0,0,0,0,0,0,0,0,0
1,bookshelf_small,62,qpEnvelope,0,0,0,0,0,0,0,0,0,inf,inf,0,0,0,0,0,0,0,0,0,0,0,0,0
1,bookshelf_small,69,isSafe,0,0,0,0,0,0,0,0,0,inf,inf,0,0,0,0,0,0,0,0,0,0,0,0,0
1,bookshelf_small,69,qpFixed,0,0,0,0,0,0,0,0,0,inf,inf,0,0,0,0,0,0,0,0,0,0,0,0,0
1,bookshelf_small,69,qpPlain,0,0,0,0,0,0,0,0,0,inf,inf,0,0,0,0,0,0,0,0,0,0,0,0,0
1,bookshelf_small,69,qpAdaptive,0,0,0,0,0,0,0,0,0,inf,inf,0,0,0,0,0,0,0,0,0,0,0,0,0
1,bookshelf_small,69,qpFreeGate,0,0,0,0,0,0,0,0,0,inf,inf,0,0,0,0,0,0,0,0,0,0,0,0,0
1,bookshelf_small,69,qpEnvelope,0,0,0,0,0,0,0,0,0,inf,inf,0,0,0,0,0,0,0,0,0,0,0,0,0
1,bookshelf_small,76,isSafe,0,0,0,0,0,0,0,0,0,inf,inf,0,0,0,0,0,0,0,0,0,0,0,0,0
1,bookshelf_small,76,qpFixed,0,0,0,0,0,0,0,0,0,inf,inf,0,0,0,0,0,0,0,0,0,0,0,0,0
1,bookshelf_small,76,qpPlain,0,0,0,0,0,0,0,0,0,inf,inf,0,0,0,0,0,0,0,0,0,0,0,0,0
1,bookshelf_small,76,qpAdaptive,0,0,0,0,0,0,0,0,0,inf,inf,0,0,0,0,0,0,0,0,0,0,0,0,0
1,bookshelf_small,76,qpFreeGate,0,0,0,0,0,0,0,0,0,inf,inf,0,0,0,0,0,0,0,0,0,0,0,0,0
1,bookshelf_small,76,qpEnvelope,0,0,0,0,0,0,0,0,0,inf,inf,0,0,0,0,0,0,0,0,0,0,0,0,0
1,bookshelf_small,83,isSafe,1,1,0.023167,23679,8,9.79137,6,4897,0,0.000444433,0.00249477,0,0,0,0,20,5,0.4,0,0,0,0,0,0
1,bookshelf_small,83,qpFixed,1,1,0.00673828,6947,5,5.65644,6948,6948,0,0.00302621,0.00249477,0,0,0.000814228,0,1,1,5,0,0,0,1,0,0
1,bookshelf_small,83,qpPlain,1,1,0.0279741,6947,5,5.65644,6948,6948,0,0.00302621,0.00249477,0,0,0.000814228,0,1,1,5,0,0,0,1,0,0
1,bookshelf_small,83,qpAdaptive,1,1,0.000741452,417,5,5.65645,3052,3052,0,0.00303368,0.00249477,0,0,0.0135646,0.441247,1,1,5,0,0,0,0.558753,0.434053,0.00719424
1,bookshelf_small,83,qpFreeGate,1,1,0.0649392,51634,21,15.6679,22300,22300,0,0.0030594,0.00249477,0,0,0.00062712,0,42,15,0.5,0,0,0,1,0,0
1,bookshelf_small,83,qpEnvelope,1,1,0.000479226,219,5,5.65645,2953,2953,0,0.00303401,0.00249477,0,0,0.0258285,0.187215,1,1,5,0,0,0,0.812785,0.173516,0.0136986
1,bookshelf_small,91,isSafe,1,1,0.101937,98867,27,15.3085,9,7656,0,0.00829398,0.00249477,0,0,0,0,111,24,0.243243,0,0,0,0,0,0
1,bookshelf_small,91,qpFixed,1,1,0.157707,99552,30,19.0496,28562,28562,0,0.0029383,0.00249477,0,0,0.000527891,0,21,15,1.42857,0,0,0,1,0,0
1,bookshelf_small,91,qpPlain,1,1,0.479678,99551,30,19.0496,28562,28562,0,0.0029383,0.00249477,0,0,0.000527898,0,21,15,1.42857,0,0,0,1,0,0
1,bookshelf_small,91,qpAdaptive,1,1,0.139239,68067,30,19.0499,16527,16527,0,0.0029383,0.00249477,0,0,0.000772177,0.024138,21,15,1.42857,0,0,0,0.975862,0.0240058,0.000132223
1,bookshelf_small,91,qpFreeGate,1,1,0.116716,87321,29,18.5846,28575,28575,0,0.00621816,0.00249477,0,0,0.000592409,0,82,21,0.353659,0,0,0,1,0,0
1,bookshelf_small,91,qpEnvelope,1,1,0.136643,66414,30,19.0507,16306,16306,0,0.00293828,0.00249477,0,0,0.000790843,0.0125275,21,15,1.42857,0,0,0,0.987473,0.012392,0.000135514
1,bookshelf_small,98,isSafe,1,1,0.031868,30623,10,11.2963,7,5650,0,0.00159637,0.00249477,0,0,0,0,14,6,0.714286,0,0,0,0,0,0
1,bookshelf_small,98,qpFixed,1,1,0.0145479,11642,6,6.7137,11643,11643,0,0.00291934,0.00249477,0,0,0.000576679,0,1,1,6,0,0,0,1,0,0
1,bookshelf_small,98,qpPlain,1,1,0.0520944,11642,6,6.7137,11643,11643,0,0.00291934,0.00249477,0,0,0.000576679,0,1,1,6,0,0,0,1,0,0
1,bookshelf_small,98,qpAdaptive,1,1,0.00873007,4579,6,6.71374,6692,6692,0,0.00292017,0.00249477,0,0,0.0014662,0.0779646,1,1,6,0,0,0,0.922035,0.0773095,0.000655165
1,bookshelf_small,98,qpFreeGate,1,1,0.108547,81225,28,11.3635,17763,17763,0,0.00305898,0.00249477,0,0,0.000603619,0,88,24,0.318182,0,0,0,1,0,0
1,bookshelf_small,98,qpEnvelope,1,1,0.00814048,4249,6,6.71409,6499,6499,0,0.00291581,0.00249477,0,0,0.00158016,0.0355378,1,1,6,0,0,0,0.964462,0.0348317,0.000706048
1,box,5,isSafe,1,1,0.0535457,53283,16,16.9523,10,8478,0,0.0140095,0.00249477,0,0,0,0,44,12,0.363636,0,0,0,0,0,0
1,box,5,qpFixed,1,1,0.0119384,8758,6,6.2516,8759,8759,0,0.00294019,0.00249477,0,0,0.000713816,0,1,1,6,0,0,0,1,0,0
1,box,5,qpPlain,1,1,0.0400467,8758,6,6.2516,8759,8759,0,0.00294019,0.00249477,0,0,0.000713816,0,1,1,6,0,0,0,1,0,0
1,box,5,qpAdaptive,1,1,0.00753145,3670,6,6.25163,5687,5687,0,0.00294013,0.00249477,0,0,0.00170344,0.0307902,1,1,6,0,0,0,0.96921,0.0299728,0.000817439
1,box,5,qpFreeGate,1,1,0.154952,111987,45,20.1114,26974,26974,0,0.00303847,0.00249477,0,0,0.000655893,0,157,37,0.286624,0,0,0,1,0,0
1,box,5,qpEnvelope,1,1,0.0073711,3594,6,6.25167,5643,5643,0,0.00294015,0.00249477,0,0,0.00173947,0.0208681,1,1,6,0,0,0,0.979132,0.0200334,0.000834725
1,box,12,isSafe,1,1,0.0679214,67960,19,11.9211,7,5962,0,0.000209894,0.00249477,0,0,0,0,47,16,0.404255,0,0,0,0,0,0
1,box,12,qpFixed,1,1,0.112433,76635,27,13.5134,22004,22004,0,0.00295509,0.00249477,0,0,0.000544407,0,11,11,2.45455,0,0,0,1,0,0
1,box,12,qpPlain,1,1,0.354959,76635,27,13.5134,22004,22004,0,0.00295509,0.00249477,0,0,0.000544407,0,11,11,2.45455,0,0,0,1,0,0
1,box,12,qpAdaptive,1,1,0.097718,50445,27,13.5144,12819,12819,0,0.00295513,0.00249477,0,0,0.000827113,0.0268411,11,11,2.45455,0,0,0,0.973159,0.0267023,0.000138765
1,box,12,qpFreeGate,1,1,0.378165,274095,122,29.3198,41717,41717,0,0.00305705,0.00249477,0,0,0.000631414,0,357,94,0.341737,0,0,0,1,0,0
1,box,12,qpEnvelope,1,1,0.0955651,49203,27,13.5156,12526,12526,0,0.00295491,0.00249477,0,0,0.000848126,0.0136171,11,11,2.45455,0,0,0,0.986383,0.0134341,0.000182916
1,box,19,isSafe,1,1,0.0279319,27601,9,9.78569,6,4894,0,0.0382802,0.00249477,0,0,0,0,11,6,0.818182,0,0,0,0,0,0
1,box,19,qpFixed,1,1,0.0437542,29738,14,11.1371,16857,16857,0,0.00297251,0.00249477,0,0,0.000629405,0,4,4,3.5,0,0,0,1,0,0
1,box,19,qpPlain,1,1,0.136149,29738,14,11.1371,16857,16857,0,0.00297251,0.00249477,0,0,0.000629405,0,4,4,3.5,0,0,0,1,0,0
1,box,19,qpAdaptive,1,1,0.0348048,17725,14,11.1375,10589,10589,0,0.00297412,0.00249477,0,0,0.00105608,0.0217772,4,4,3.5,0,0,0,0.978223,0.0214951,0.000282087
1,box,19,qpFreeGate,1,1,0.16237,114112,46,15.6713,24051,24051,0,0.00303587,0.00249477,0,0,0.000646663,0,119,37,0.386555,0,0,0,1,0,0
1,box,19,qpEnvelope,1,1,0.0338,17149,14,11.138,10447,10447,0,0.00297291,0.00249477,0,0,0.00109164,0.0213424,4,4,3.5,0,0,0,0.978658,0.0209925,0.000349875
1,box,26,isSafe,1,1,0.0592643,58145,17,7.29982,5,3651,0,0.0792573,0.00249477,0,0,0,0,58,14,0.293103,0,0,0,0,0,0
1,box,26,qpFixed,1,1,0.0112274,8249,6,5.70621,8250,8250,0,0.0029376,0.00249477,0,0,0.000691746,0,1,1,6,0,0,0,1,0,0
1,box,26,qpPlain,1,1,0.0377002,8249,6,5.70621,8250,8250,0,0.0029376,0.00249477,0,0,0.000691746,0,1,1,6,0,0,0,1,0,0
1,box,26,qpAdaptive,1,1,0.00625768,2989,6,5.70634,4919,4919,0,0.00293763,0.00249477,0,0,0.00190912,0.050184,1,1,6,0,0,0,0.949816,0.0491803,0.00100368
1,box,26,qpFreeGate,1,1,0.0489919,35160,18,14.4143,21599,21599,0,0.00314759,0.00249477,0,0,0.00066751,0,14,9,1.28571,0,0,0,1,0,0
1,box,26,qpEnvelope,1,1,0.00604188,2869,6,5.70667,4863,4863,0,0.00293763,0.00249477,0,0,0.00198908,0.0237016,1,1,6,0,0,0,0.976298,0.022656,0.00104566
1,box,33,isSafe,1,1,0.0989833,97098,27,16.4079,10,8205,0,0.0584083,0.00249477,0,0,0,0,98,23,0.27551,0,0,0,0,0,0
1,box,33,qpFixed,1,1,0.00814008,6981,5,4.84611,6982,6982,0,0.00294215,0.00249477,0,0,0.000694186,0,1,1,5,0,0,0,1,0,0
1,box,33,qpPlain,1,1,0.0307374,6981,5,4.84611,6982,6982,0,0.00294215,0.00249477,0,0,0.000694186,0,1,1,5,0,0,0,1,0,0
1,box,33,qpAdaptive,1,1,0.00260559,1185,5,4.84611,3166,3166,0,0.0029413,0.00249477,0,0,0.00408955,0.113924,1,1,5,0,0,0,0.886076,0.111392,0.00253165
1,box,33,qpFreeGate,1,1,0.276838,200825,85,20.6194,30478,30478,0,0.00310807,0.00249477,0,0,0.00062244,0,194,59,0.438144,0,0,0,1,0,0
1,box,33,qpEnvelope,1,1,0.00244145,1092,5,4.84615,3110,3110,0,0.00294269,0.00249477,0,0,0.00443787,0.0805861,1,1,5,0,0,0,0.919414,0.0778388,0.00274725
1,box,40,isSafe,1,1,0.0816841,79976,23,18.2784,11,9141,0,0.00386022,0.00249477,0,0,0,0,97,19,0.237113,0,0,0,0,0,0
1,box,40,qpFixed,1,1,0.0103628,7309,6,5.56714,7310,7310,0,0.00294121,0.00249477,0,0,0.000761683,0,1,1,6,0,0,0,1,0,0
1,box,40,qpPlain,1,1,0.0335285,7309,6,5.56714,7310,7310,0,0.00294121,0.00249477,0,0,0.000761683,0,1,1,6,0,0,0,1,0,0
1,box,40,qpAdaptive,1,1,0.00599128,2837,6,5.56717,4645,4645,0,0.00293824,0.00249477,0,0,0.00196234,0.0401833,1,1,6,0,0,0,0.959817,0.0391258,0.00105746
1,box,40,qpFreeGate,1,1,0.107269,77140,28,16.9268,24675,24675,0,0.00535964,0.00249477,0,0,0.00064477,0,65,22,0.430769,0,0,0,1,0,0
1,box,40,qpEnvelope,1,1,0.00574165,2741,6,5.56737,4597,4597,0,0.00294159,0.00249477,0,0,0.00203115,0.0226195,1,1,6,0,0,0,0.977381,0.021525,0.00109449
1,box,47,isSafe,1,1,0.0187372,18456,7,9.22279,6,4613,0,0.00489834,0.00249477,0,0,0,0,3,3,2.33333,0,0,0,0,0,0
1,box,47,qpFixed,1,1,0.00827615,6570,6,4.64074,6571,6571,0,0.00293824,0.00249477,0,0,0.000706354,0,1,1,6,0,0,0,1,0,0
1,box,47,qpPlain,1,1,0.0290495,6570,6,4.64074,6571,6571,0,0.00293824,0.00249477,0,0,0.000706354,0,1,1,6,0,0,0,1,0,0
1,box,47,qpAdaptive,1,1,0.00414785,2186,6,4.64078,3789,3789,0,0.00293824,0.00249477,0,0,0.00212296,0.0667887,1,1,6,0,0,0,0.933211,0.0654163,0.00137237
1,box,47,qpFreeGate,1,1,0.0841782,60726,30,17.5277,24738,24738,0,0.00308437,0.00249477,0,0,0.000686963,0,58,18,0.517241,0,0,0,1,0,0
1,box,47,qpEnvelope,1,1,0.00390471,2072,6,4.64092,3728,3728,0,0.0029382,0.00249477,0,0,0.00223983,0.0299228,1,1,6,0,0,0,0.970077,0.0284749,0.00144788
1,box,54,isSafe,1,1,0.0342879,33284,11,12.6114,8,6307,0,0.00365132,0.00249477,0,0,0,0,28,7,0.392857,0,0,0,0,0,0
1,box,54,qpFixed,1,1,0.0420035,34768,16,12.6375,19404,19404,0,0.00297379,0.00249477,0,0,0.000658585,0,5,5,3.2,0,0,0,1,0,0
1,box,54,qpPlain,1,1,0.155174,34768,16,12.6375,19404,19404,0,0.00297379,0.00249477,0,0,0.000658585,0,5,5,3.2,0,0,0,1,0,0
1,box,54,qpAdaptive,1,1,0.0210306,11762,16,12.6393,11147,11147,0,0.00297378,0.00249477,0,0,0.00194693,0.0969223,5,5,3.2,0,0,0,0.903078,0.0959021,0.00102023
1,box,54,qpFreeGate,1,1,0.143448,100830,42,13.2208,19218,19218,0,0.00307497,0.00249477,0,0,0.000648879,0,132,34,0.318182,0,0,0,1,0,0
1,box,54,qpEnvelope,1,1,0.0196377,10965,16,12.6475,10904,10904,0,0.00297382,0.00249477,0,0,0.00208936,0.0299134,5,5,3.2,0,0,0,0.969904,0.0290926,0.00100319
1,box,61,isSafe,1,1,0.0535204,53071,16,14.4825,9,7243,0,0.0122239,0.00249477,0,0,0,0,53,11,0.301887,0,0,0,0,0,0
1,box,61,qpFixed,1,1,0.0120849,8768,6,6.49945,8769,8769,0,0.00293801,0.00249477,0,0,0.000741269,0,1,1,6,0,0,0,1,0,0
1,box,61,qpPlain,1,1,0.0396287,8768,6,6.49945,8769,8769,0,0.00293801,0.00249477,0,0,0.000741269,0,1,1,6,0,0,0,1,0,0
1,box,61,qpAdaptive,1,1,0.00712139,3570,6,6.49953,5618,5618,0,0.00293894,0.00249477,0,0,0.0018206,0.0336134,1,1,6,0,0,0,0.966387,0.0327731,0.000840336
1,box,61,qpFreeGate,1,1,0.113773,81135,34,11.3259,15644,15644,0,0.00305447,0.00249477,0,0,0.000629156,0,112,28,0.303571,0,0,0,1,0,0
1,box,61,qpEnvelope,1,1,0.00691249,3482,6,6.49969,5573,5573,0,0.00293966,0.00249477,0,0,0.00186665,0.0166571,1,1,6,0,0,0,0.983343,0.0157955,0.000861574
1,box,68,isSafe,1,1,0.0818692,80265,23,16.3109,10,8157,0,0.0267383,0.00249477,0,0,0,0,67,18,0.343284,0,0,0,0,0,0
1,box,68,qpFixed,1,1,0.0215656,16223,8,8.34992,11366,11366,0,0.0029438,0.00249477,0,0,0.000616481,0,2,2,4,0,0,0,1,0,0
1,box,68,qpPlain,1,1,0.0736024,16223,8,8.34992,11366,11366,0,0.0029438,0.00249477,0,0,0.000616481,0,2,2,4,0,0,0,1,0,0
1,box,68,qpAdaptive,1,1,0.013711,7048,8,8.35014,5600,5600,0,0.00294425,0.00249477,0,0,0.00141911,0.055193,2,2,4,0,0,0,0.944807,0.0544835,0.000709421
1,box,68,qpFreeGate,1,1,0.120386,85860,41,18.698,27225,27225,0,0.00302859,0.00249477,0,0,0.0006511,0,67,29,0.61194,0,0,0,1,0,0
1,box,68,qpEnvelope,1,1,0.0130463,6706,8,8.35088,5418,5418,0,0.00294553,0.00249477,0,0,0.0014917,0.0342976,2,2,4,0,0,0,0.965702,0.033552,0.000745601
1,box,75,isSafe,1,1,0.0169747,16758,7,8.37441,6,4189,0,0.0248889,0.00249477,0,0,0,0,4,2,1.75,0,0,0,0,0,0
1,box,75,qpFixed,1,1,0.0572217,38322,18,13.4233,20562,20562,0,0.00293979,0.00249477,0,0,0.000600685,0,5,5,3.6,0,0,0,1,0,0
1,box,75,qpPlain,1,1,0.177041,38322,18,13.4233,20562,20562,0,0.00293979,0.00249477,0,0,0.000600685,0,5,5,3.6,0,0,0,1,0,0
1,box,75,qpAdaptive,1,1,0.0408593,20922,18,13.4237,14359,14359,0,0.00293794,0.00249477,0,0,0.00110028,0.0471752,5,5,3.6,0,0,0,0.952681,0.0468406,0.000477966
1,box,75,qpFreeGate,1,1,0.0321101,22746,11,12.1851,19000,19000,0,0.00308062,0.00249477,0,0,0.000615304,0,11,6,1,0,0,0,1,0,0
1,box,75,qpEnvelope,1,1,0.0393448,20067,16,13.4257,14120,14120,0,0.00293903,0.00249477,0,0,0.00114732,0.0363781,5,5,3.2,0,0,0,0.963622,0.0360293,0.000348831
1,box,82,isSafe,1,1,0.0635307,63491,18,9.67024,6,4837,0,0.000697965,0.00249477,0,0,0,0,74,15,0.243243,0,0,0,0,0,0
1,box,82,qpFixed,1,1,0.130479,83675,31,19.932,28269,28269,0,0.00295953,0.00249477,0,0,0.000559228,0,16,15,1.9375,0,0,0,1,0,0
1,box,82,qpPlain,1,1,0.393336,83675,31,19.932,28269,28269,0,0.00295953,0.00249477,0,0,0.000559228,0,16,15,1.9375,0,0,0,1,0,0
1,box,82,qpAdaptive,1,1,0.128929,68298,31,19.9329,21668,21668,0,0.0029596,0.00249477,0,0,0.000685186,0.0241735,16,15,1.9375,0,0,0,0.975797,0.0241149,8.78503e-05
1,box,82,qpFreeGate,1,1,0.151922,108090,43,10.7184,16492,16492,0,0.0030856,0.00249477,0,0,0.000607025,0,109,35,0.394495,0,0,0,1,0,0
1,box,82,qpEnvelope,1,1,0.126402,66702,31,19.9379,21206,21206,0,0.00295992,0.00249477,0,0,0.000701759,0.0172708,16,15,1.9375,0,0,0,0.982729,0.0171809,8.99523e-05
1,box,89,isSafe,1,1,0.0297551,29460,10,6.70225,5,3353,0,0.00237765,0.00249477,0,0,0,0,20,6,0.5,0,0,0,0,0,0
1,box,89,qpFixed,1,1,0.0364978,27278,12,10.4492,17436,17436,0,0.00294695,0.00249477,0,0,0.000573361,0,4,4,3,0,0,0,1,0,0
1,box,89,qpPlain,1,1,0.122169,27278,12,10.4492,17436,17436,0,0.00294695,0.00249477,0,0,0.000573361,0,4,4,3,0,0,0,1,0,0
1,box,89,qpAdaptive,1,1,0.025784,13453,12,10.453,9037,9037,0,0.00294681,0.00249477,0,0,0.00116293,0.0385044,4,4,3,0,0,0,0.961496,0.0382071,0.000297331
1,box,89,qpFreeGate,1,1,0.127864,93761,41,15.728,25769,25769,0,0.00304063,0.00249477,0,0,0.000624968,0,117,33,0.350427,0,0,0,1,0,0
1,box,89,qpEnvelope,1,1,0.0249882,13058,12,10.4623,8797,8797,0,0.00295332,0.00249477,0,0,0.00119936,0.0294838,4,4,3,0,0,0,0.970516,0.0291775,0.000306326
1,box,96,isSafe,1,1,0.0389659,37708,12,14.8303,9,7417,0,0.0538306,0.00249477,0,0,0,0,20,8,0.6,0,0,0,0,0,0
1,box,96,qpFixed,1,1,0.0211545,14328,7,6.19769,9296,9296,0,0.00298673,0.00249477,0,0,0.00064851,0,2,2,3.5,0,0,0,1,0,0
1,box,96,qpPlain,1,1,0.0661875,14328,7,6.19769,9296,9296,0,0.00298673,0.00249477,0,0,0.00064851,0,2,2,3.5,0,0,0,1,0,0
1,box,96,qpAdaptive,1,1,0.0145583,7569,7,6.19807,6397,6397,0,0.00298673,0.00249477,0,0,0.00122767,0.019025,2,2,3.5,0,0,0,0.980975,0.0184965,0.000528471
1,box,96,qpFreeGate,1,1,0.0535349,37392,19,16.7237,23484,23484,0,0.00306498,0.00249477,0,0,0.000671891,0,18,11,1.05556,0,0,0,1,0,0
1,box,96,qpEnvelope,1,1,0.0143157,7480,7,6.19834,6351,6351,0,0.00298673,0.00249477,0,0,0.00124231,0.011631,2,2,3.5,0,0,0,0.988369,0.0110963,0.000534759
1,table_pick,3,isSafe,1,1,0.102961,98959,28,14.603,9,7303,0,0.000324137,0.00249477,0,0,0,0,166,24,0.168675,0,0,0,0,0,0
1,table_pick,3,qpFixed,1,1,0.018335,12655,7,8.17203,12656,12656,0,0.00293843,0.00249477,0,0,0.000645755,0,1,1,7,0,0,0,1,0,0
1,table_pick,3,qpPlain,1,1,0.05825,12655,7,8.17203,12656,12656,0,0.00293843,0.00249477,0,0,0.000645755,0,1,1,7,0,0,0,1,0,0
1,table_pick,3,qpAdaptive,1,1,0.0135466,6869,7,8.17208,8999,8999,0,0.00293831,0.00249477,0,0,0.00118971,0.0592517,1,1,7,0,0,0,0.940603,0.058815,0.000582326
1,table_pick,3,qpFreeGate,1,1,0.161737,115231,37,14.6032,19805,19805,0,0.00299439,0.00249477,0,0,0.00058641,0,156,32,0.237179,0,0,0,1,0,0
1,table_pick,3,qpEnvelope,1,1,0.0129798,6406,7,8.17223,8675,8675,0,0.00293837,0.00249477,0,0,0.00127571,0.0480799,1,1,7,0,0,0,0.95192,0.0474555,0.000624415
1,table_pick,10,isSafe,1,1,0.0501226,50814,15,9.47523,6,4739,0,0.00222076,0.00249477,0,0,0,0,42,11,0.357143,0,0,0,0,0,0
1,table_pick,10,qpFixed,1,1,0.00972975,8285,6,6.1928,8286,8286,0,0.00292229,0.00249477,0,0,0.000747472,0,1,1,6,0,0,0,1,0,0
1,table_pick,10,qpPlain,1,1,0.0356961,8285,6,6.1928,8286,8286,0,0.00292229,0.00249477,0,0,0.000747472,0,1,1,6,0,0,0,1,0,0
1,table_pick,10,qpAdaptive,1,1,0.00441921,2233,6,6.19281,4567,4567,0,0.00292183,0.00249477,0,0,0.00277331,0.131661,1,1,6,0,0,0,0.868339,0.12987,0.00179131
1,table_pick,10,qpFreeGate,1,1,0.381065,289111,94,16.1197,22958,22958,0,0.00308066,0.00249477,0,0,0.000558211,0,377,86,0.249337,0,0,0,1,0,0
1,table_pick,10,qpEnvelope,1,1,0.0039736,1948,6,6.19299,4381,4381,0,0.0029246,0.00249477,0,0,0.00317915,0.129363,1,1,6,0,0,0,0.870637,0.12731,0.00205339
1,table_pick,17,isSafe,1,1,0.0546126,55724,16,11.7553,7,5879,0,0.000509871,0.00249477,0,0,0,0,54,13,0.296296,0,0,0,0,0,0
1,table_pick,17,qpFixed,1,1,0.0226417,14135,9,8.69487,14136,14136,0,0.00292582,0.00249477,0,0,0.000615131,0,1,1,9,0,0,0,1,0,0
1,table_pick,17,qpPlain,1,1,0.0659969,14135,9,8.69487,14136,14136,0,0.00292582,0.00249477,0,0,0.000615131,0,1,1,9,0,0,0,1,0,0
1,table_pick,17,qpAdaptive,1,1,0.0221228,11506,9,8.69488,12645,12645,0,0.00292239,0.00249477,0,0,0.000755682,0.0292022,1,1,9,0,0,0,0.970798,0.0288545,0.000347645
1,table_pick,17,qpFreeGate,1,1,0.383955,288658,92,14.1085,19672,19672,0,0.00304532,0.00249477,0,0,0.000571345,0,394,88,0.233503,0,0,0,1,0,0
1,table_pick,17,qpEnvelope,1,1,0.021286,11036,9,8.69505,12307,12307,0,0.00292353,0.00249477,0,0,0.00078788,0.0150417,1,1,9,0,0,0,0.984958,0.0145886,0.000453063
1,table_pick,24,isSafe,1,1,0.0465171,45351,14,14.5384,9,7271,0,0.00272105,0.00249477,0,0,0,0,58,10,0.241379,0,0,0,0,0,0
1,table_pick,24,qpFixed,1,1,0.0146263,10849,7,7.69202,10842,10842,0,0.00279147,0.00249477,0,0,0.000709113,0,2,2,3.5,0,0,0,1,0,0
1,table_pick,24,qpPlain,1,1,0.049607,10849,7,7.69202,10842,10842,0,0.00279147,0.00249477,0,0,0.000709113,0,2,2,3.5,0,0,0,1,0,0
1,table_pick,24,qpAdaptive,1,1,0.00760699,3618,7,7.69217,6370,6370,0,0.00279134,0.00249477,0,0,0.0021264,0.0779436,2,2,3.5,0,0,0,0.92178,0.0771144,0.00110558
1,table_pick,24,qpFreeGate,1,1,0.123155,92458,36,23.1585,37164,37164,0,0.00301721,0.00249477,0,0,0.00059414,0,82,27,0.439024,0,0,0,1,0,0
1,table_pick,24,qpEnvelope,1,1,0.00707973,3334,7,7.69294,6209,6209,0,0.00278833,0.00249477,0,0,0.0023078,0.0329934,2,2,3.5,0,0,0,0.967007,0.0317936,0.00119976
1,table_pick,31,isSafe,1,1,0.0753836,74145,21,12.9779,8,6490,0,0.00524569,0.00249477,0,0,0,0,85,16,0.247059,0,0,0,0,0,0
1,table_pick,31,qpFixed,1,1,0.0208277,13915,7,9.19442,13916,13916,0,0.00290158,0.00249477,0,0,0.000660756,0,1,1,7,0,0,0,1,0,0
1,table_pick,31,qpPlain,1,1,0.065255,13915,7,9.19442,13916,13916,0,0.00290158,0.00249477,0,0,0.000660756,0,1,1,7,0,0,0,1,0,0
1,table_pick,31,qpAdaptive,1,1,0.0151446,7322,7,9.1945,9576,9576,0,0.00290116,0.00249477,0,0,0.00125574,0.0628244,1,1,7,0,0,0,0.937176,0.0624146,0.000409724
1,table_pick,31,qpFreeGate,1,1,0.0844581,63143,22,14.616,23412,23412,0,0.00311598,0.00249477,0,0,0.00054427,0,85,17,0.258824,0,0,0,1,0,0
1,table_pick,31,qpEnvelope,1,1,0.0143969,6882,7,9.19478,9328,9328,0,0.00290156,0.00249477,0,0,0.00133606,0.0434467,1,1,7,0,0,0,0.956553,0.0430108,0.00043592
1,table_pick,38,isSafe,1,1,0.024968,24459,9,12.2124,8,6108,3,-3.16643e-05,0.00249477,0,0,0,0,8,4,1.125,0,0,0,0,0,0
1,table_pick,38,qpFixed,1,1,0.0199408,15289,8,9.33591,15290,15290,0,0.00294612,0.00249477,0,0,0.000610629,0,1,1,8,0,0,0,1,0,0
1,table_pick,38,qpPlain,1,1,0.0664325,15289,8,9.33591,15290,15290,0,0.00294612,0.00249477,0,0,0.000610629,0,1,1,8,0,0,0,1,0,0
1,table_pick,38,qpAdaptive,1,1,0.0116215,6458,8,9.33657,9312,9312,0,0.00294503,0.00249477,0,0,0.00144574,0.0901208,1,1,8,0,0,0,0.909724,0.0895014,0.000774234
1,table_pick,38,qpFreeGate,1,1,0.283423,214314,68,19.1531,28758,28758,0,0.0030421,0.00249477,0,0,0.000562454,0,281,62,0.241993,0,0,0,1,0,0
1,table_pick,38,qpEnvelope,1,1,0.0109356,5964,8,9.33754,8964,8964,0,0.00294633,0.00249477,0,0,0.00156565,0.0883635,1,1,8,0,0,0,0.911469,0.0875252,0.00100604
1,table_pick,45,isSafe,1,1,0.0197206,18892,7,5.41194,4,2707,0,0.00142783,0.00249477,0,0,0,0,6,4,1.16667,0,0,0,0,0,0
1,table_pick,45,qpFixed,1,1,0.00507983,4266,5,3.793,4267,4267,0,0.0030063,0.00249477,0,0,0.000889124,0,1,1,5,0,0,0,1,0,0
1,table_pick,45,qpPlain,1,1,0.0179881,4266,5,3.793,4267,4267,0,0.0030063,0.00249477,0,0,0.000889124,0,1,1,5,0,0,0,1,0,0
1,table_pick,45,qpAdaptive,1,1,0.00159763,838,5,3.79312,2350,2350,0,0.00301577,0.00249477,0,0,0.0045264,0.359189,1,1,5,0,0,0,0.639618,0.356802,0.00357995
1,table_pick,45,qpFreeGate,1,1,0.0535123,39951,17,5.74923,7548,7548,0,0.00555938,0.00249477,0,0,0.000646654,0,36,14,0.472222,0,0,0,1,0,0
1,table_pick,45,qpEnvelope,1,1,0.00120846,611,5,3.79323,2216,2216,0,0.0030082,0.00249477,0,0,0.00620823,0.404255,1,1,5,0,0,0,0.594108,0.400982,0.00490998
1,table_pick,52,isSafe,1,1,0.0284814,28746,10,10.3538,7,5178,0,0.000711584,0.00249477,0,0,0,0,9,4,1.11111,0,0,0,0,0,0
1,table_pick,52,qpFixed,1,1,0.0172841,14851,7,9.2541,14852,14852,0,0.00297523,0.00249477,0,0,0.00062313,0,1,1,7,0,0,0,1,0,0
1,table_pick,52,qpPlain,1,1,0.0641858,14851,7,9.2541,14852,14852,0,0.00297523,0.00249477,0,0,0.00062313,0,1,1,7,0,0,0,1,0,0
1,table_pick,52,qpAdaptive,1,1,0.00961294,4884,7,9.2541,8098,8098,0,0.00297521,0.00249477,0,0,0.00189478,0.0268223,1,1,7,0,0,0,0.973178,0.0260033,0.000819001
1,table_pick,52,qpFreeGate,1,1,0.148674,111008,42,18.48,24671,24671,0,0.00306739,0.00249477,0,0,0.00063557,0,108,37,0.388889,0,0,0,1,0,0
1,table_pick,52,qpEnvelope,1,1,0.00912191,4788,7,9.25412,8032,8032,0,0.0029753,0.00249477,0,0,0.00193277,0.0162907,1,1,7,0,0,0,0.983709,0.0154553,0.000835422
1,table_pick,59,isSafe,1,1,0.0145941,15512,6,7.75189,5,3877,0,0.00461179,0.00249477,0,0,0,0,2,2,3,0,0,0,0,0,0
1,table_pick,59,qpFixed,1,1,0.0085905,8141,5,5.59185,8142,8142,0,0.00295355,0.00249477,0,0,0.000686875,0,1,1,5,0,0,0,1,0,0
1,table_pick,59,qpPlain,1,1,0.034233,8141,5,5.59185,8142,8142,0,0.00295355,0.00249477,0,0,0.000686875,0,1,1,5,0,0,0,1,0,0
1,table_pick,59,qpAdaptive,1,1,0.00110078,486,5,5.592,3095,3095,0,0.00295537,0.00249477,0,0,0.0115062,0.452675,1,1,5,0,0,0,0.547325,0.446502,0.00617284
1,table_pick,59,qpFreeGate,1,1,0.0149281,12426,6,7.75189,12262,12262,0,0.00461181,0.00249477,0,0,0.000624621,0,2,2,3,0,0,0,1,0,0
1,table_pick,59,qpEnvelope,1,1,0.00082465,336,5,5.59235,3000,3000,0,0.00294867,0.00249477,0,0,0.0166439,0.41369,1,1,5,0,0,0,0.58631,0.404762,0.00892857
1,table_pick,66,isSafe,1,1,0.02376,23442,8,3.68194,3,1842,0,0.0030049,0.00249477,0,0,0,0,12,5,0.666667,0,0,0,0,0,0
1,table_pick,66,qpFixed,1,1,0.00848306,7827,5,5.70514,7828,7828,0,0.00306381,0.00249477,0,0,0.000728906,0,1,1,5,0,0,0,1,0,0
1,table_pick,66,qpPlain,1,1,0.0330192,7827,5,5.70514,7828,7828,0,0.00306381,0.00249477,0,0,0.000728906,0,1,1,5,0,0,0,1,0,0
1,table_pick,66,qpAdaptive,1,1,0.00123629,572,5,5.70527,3188,3188,0,0.00305825,0.00249477,0,0,0.00997425,0.472028,1,1,5,0,0,0,0.527972,0.466783,0.00524476
1,table_pick,66,qpFreeGate,1,1,0.0337585,25210,11,3.67831,5197,5197,0,0.00326485,0.00249477,0,0,0.000612724,0,20,8,0.55,0,0,0,1,0,0
1,table_pick,66,qpEnvelope,1,1,0.000983728,415,5,5.70546,3094,3094,0,0.0030562,0.00249477,0,0,0.0137481,0.46988,1,1,5,0,0,0,0.53012,0.462651,0.00722892
1,table_pick,73,isSafe,1,1,0.0574242,57851,17,10.8431,7,5423,0,0.00252699,0.00249477,0,0,0,0,70,13,0.242857,0,0,0,0,0,0
1,table_pick,73,qpFixed,1,1,0.0216941,16605,8,8.18651,16606,16606,0,0.00294108,0.00249477,0,0,0.000493015,0,1,1,8,0,0,0,1,0,0
1,table_pick,73,qpPlain,1,1,0.0735585,16605,8,8.18651,16606,16606,0,0.00294108,0.00249477,0,0,0.000493015,0,1,1,8,0,0,0,1,0,0
1,table_pick,73,qpAdaptive,1,1,0.0147873,7883,8,8.18697,10204,10204,0,0.00293962,0.00249477,0,0,0.00103856,0.0465559,1,1,8,0,0,0,0.953444,0.0460485,0.000507421
1,table_pick,73,qpFreeGate,1,1,0.286469,219463,72,11.7714,17834,17834,0,0.0030175,0.00249477,0,0,0.000549,0,322,69,0.223602,0,0,0,1,0,0
1,table_pick,73,qpEnvelope,1,1,0.0141832,7592,8,8.1888,10017,10017,0,0.00294068,0.00249477,0,0,0.00107861,0.0226554,1,1,8,0,0,0,0.977345,0.0221286,0.00052687
1,table_pick,80,isSafe,1,1,0.0332731,33381,11,12.644,8,6324,0,0.00294048,0.00249477,0,0,0,0,10,6,1.1,0,0,0,0,0,0
1,table_pick,80,qpFixed,1,1,0.0148896,13481,7,8.82675,13482,13482,0,0.00299285,0.00249477,0,0,0.000654755,0,1,1,7,0,0,0,1,0,0
1,table_pick,80,qpPlain,1,1,0.058366,13481,7,8.82675,13482,13482,0,0.00299285,0.00249477,0,0,0.000654755,0,1,1,7,0,0,0,1,0,0
1,table_pick,80,qpAdaptive,1,1,0.00218898,996,7,8.827,5028,5028,0,0.00300395,0.00249477,0,0,0.00886245,0.411647,1,1,7,0,0,0,0.588353,0.406627,0.00502008
1,table_pick,80,qpFreeGate,1,1,0.0300741,23029,11,12.5774,16421,16421,0,0.00294031,0.00249477,0,0,0.000727897,0,10,6,1.1,0,0,0,1,0,0
1,table_pick,80,qpEnvelope,1,1,0.00166988,710,7,8.82742,4847,4847,0,0.00298243,0.00249477,0,0,0.012433,0.459155,1,1,7,0,0,0,0.540845,0.452113,0.00704225
1,table_pick,87,isSafe,1,1,0.0571613,56839,17,12.3287,8,6166,0,0.00114028,0.00249477,0,0,0,0,50,13,0.34,0,0,0,0,0,0
1,table_pick,87,qpFixed,1,1,0.0117092,9997,6,6.51559,9998,9998,0,0.00292342,0.00249477,0,0,0.000651755,0,1,1,6,0,0,0,1,0,0
1,table_pick,87,qpPlain,1,1,0.0438562,9997,6,6.51559,9998,9998,0,0.00292342,0.00249477,0,0,0.000651755,0,1,1,6,0,0,0,1,0,0
1,table_pick,87,qpAdaptive,1,1,0.00389838,1924,6,6.5157,4536,4536,0,0.00292438,0.00249477,0,0,0.00338654,0.20894,1,1,6,0,0,0,0.79106,0.206861,0.002079
1,table_pick,87,qpFreeGate,1,1,0.266908,201430,68,17.7203,24447,24447,0,0.00305247,0.00249477,0,0,0.000575553,0,221,62,0.307692,0,0,0,1,0,0
1,table_pick,87,qpEnvelope,1,1,0.00318131,1525,6,6.51595,4281,4281,0,0.0029242,0.00249477,0,0,0.00427276,0.17377,1,1,6,0,0,0,0.82623,0.171148,0.00262295
1,table_pick,94,isSafe,1,1,0.0253996,25169,9,10.535,7,5269,0,0.00051241,0.00249477,0,0,0,0,9,4,1,0,0,0,0,0,0
1,table_pick,94,qpFixed,1,1,0.0138831,14793,7,8.83146,14794,14794,0,0.00294412,0.00249477,0,0,0.000597003,0,1,1,7,0,0,0,1,0,0
1,table_pick,94,qpPlain,1,1,0.060441,14793,7,8.83146,14794,14794,0,0.00294412,0.00249477,0,0,0.000597003,0,1,1,7,0,0,0,1,0,0
1,table_pick,94,qpAdaptive,1,1,0.00105957,462,7,8.83147,4703,4703,0,0.00293521,0.00249477,0,0,0.0191157,0.404762,1,1,7,0,0,0,0.595238,0.393939,0.0108225
1,table_pick,94,qpFreeGate,1,1,0.11564,88051,30,16.9046,23597,23597,0,0.00675386,0.00249477,0,0,0.000574996,0,107,26,0.280374,0,0,0,1,0,0
1,table_pick,94,qpEnvelope,1,1,0.000801381,309,7,8.83147,4618,4618,0,0.002935,0.00249477,0,0,0.0285808,0.236246,1,1,7,0,0,0,0.763754,0.220065,0.0161812
1,cage,1,isSafe,1,1,2.07006,2059376,668,19.2991,12,9651,0,0.0125771,0.00249477,0,0,0,0,6290,665,0.1062,0,0,0,0,0,0
1,cage,1,qpFixed,1,1,0.301502,194216,76,24.885,38242,38242,0,0.00259984,0.00249477,0,0,0.000581562,0,36,35,2.11111,0,0,0,1,0,0
1,cage,1,qpPlain,1,1,0.888965,194216,76,24.885,38242,38242,0,0.00259984,0.00249477,0,0,0.000581562,0,36,35,2.11111,0,0,0,1,0,0
1,cage,1,qpAdaptive,1,1,0.287648,152915,76,24.8854,25867,25867,0,0.00259829,0.00249477,0,0,0.000738672,0.0311546,36,35,2.11111,0,0,0,0.968813,0.0310761,0.000111173
1,cage,1,qpFreeGate,1,1,1.66538,1231019,462,23.0087,34521,34521,0,0.0029939,0.00249477,0,0,0.000593819,0,2359,433,0.195846,0,0,0,1,0,0
1,cage,1,qpEnvelope,1,1,0.286092,151064,76,24.8922,25450,25450,0,0.00259902,0.00249477,0,0,0.000747931,0.0172179,36,35,2.11111,0,0,0,0.982749,0.0171384,0.000112535
1,cage,8,isSafe,1,0,10.001,9837316,4385,0,0,0,0,inf,inf,0,0,0,0,42937,4383,0.102126,0,0,0,0,0,0
1,cage,8,qpFixed,1,1,0.406207,247793,70,17.3262,29784,29784,0,0.00251421,0.00249477,0,0,0.000493265,0,51,40,1.37255,0,0,0,1,0,0
1,cage,8,qpPlain,1,1,1.19408,247793,70,17.3262,29784,29784,0,0.00251421,0.00249477,0,0,0.000493265,0,51,40,1.37255,0,0,0,1,0,0
1,cage,8,qpAdaptive,1,1,0.413942,205828,70,17.3274,21493,21493,0,0.00251396,0.00249477,0,0,0.000593853,0.014138,51,40,1.37255,0,0,0,0.985862,0.0140749,6.31595e-05
1,cage,8,qpFreeGate,1,1,1.01519,758205,269,32.785,49500,49500,0,0.00301086,0.00249477,0,0,0.000591811,0,1370,255,0.19635,0,0,0,1,0,0
1,cage,8,qpEnvelope,1,1,0.408008,203657,70,17.3288,21300,21300,0,0.00251325,0.00249477,0,0,0.000600255,0.00847012,51,40,1.37255,0,0,0,0.99153,0.00840629,6.38328e-05
1,cage,15,isSafe,1,1,7.92923,7780869,3281,25.8015,16,12902,0,0.00163582,0.00249477,0,0,0,0,28552,3278,0.114913,0,0,0,0,0,0
1,cage,15,qpFixed,1,1,0.155432,101752,33,21.8536,35684,35684,0,0.00297413,0.00249477,0,0,0.000529433,0,17,15,1.94118,0,0,0,1,0,0
1,cage,15,qpPlain,1,1,0.46586,101752,33,21.8536,35684,35684,0,0.00297413,0.00249477,0,0,0.000529433,0,17,15,1.94118,0,0,0,1,0,0
1,cage,15,qpAdaptive,1,1,0.146688,76637,33,21.8548,25350,25350,0,0.00297413,0.00249477,0,0,0.000702972,0.022587,17,15,1.94118,0,0,0,0.977413,0.0224957,9.13397e-05
1,cage,15,qpFreeGate,1,1,3.50979,2597301,1064,26.0011,36652,36652,0,0.00298463,0.00212208,0,16,0.000590928,0,5594,1035,0.190204,0,0,0,1,0,0
1,cage,15,qpEnvelope,1,1,0.145936,75309,33,21.858,25080,25080,0,0.00297413,0.00249477,0,0,0.00071547,0.0111806,17,15,1.94118,0,0,0,0.988819,0.0110877,9.29504e-05
1,cage,22,isSafe,1,1,8.11439,7945167,3380,27.7906,17,13897,0,0.00558265,0.00249477,0,0,0,0,31609,3376,0.106932,0,0,0,0,0,0
1,cage,22,qpFixed,1,1,0.445804,264966,78,30.5877,49289,49289,0,0.00293775,0.00249477,0,0,0.000504844,0,53,41,1.4717,0,0,0,1,0,0
1,cage,22,qpPlain,1,1,1.27948,264966,78,30.5877,49289,49289,0,0.00293775,0.00249477,0,0,0.000504844,0,53,41,1.4717,0,0,0,1,0,0
1,cage,22,qpAdaptive,1,1,0.429798,222352,78,30.5886,39336,39336,0,0.00293772,0.00249477,0,0,0.000601626,0.0156823,53,41,1.4717,0,0,0,0.984304,0.0156194,7.64554e-05
1,cage,22,qpFreeGate,1,1,2.88047,2111277,808,26.8221,38705,38705,0,0.00301277,0.00249477,0,12,0.000590697,0,4219,781,0.191515,0,0,0,1,0,0
1,cage,22,qpEnvelope,1,1,0.430168,219413,78,30.5901,38819,38819,0,0.00293771,0.00249477,0,0,0.000609731,0.0116766,53,41,1.4717,0,0,0,0.988314,0.0116082,7.74795e-05
1,cage,29,isSafe,1,1,1.6307,1627339,503,22.5025,13,11253,0,0.00167489,0.00249477,0,0,0,0,4228,500,0.118969,0,0,0,0,0,0
1,cage,29,qpFixed,1,1,0.721642,427140,109,16.5101,27922,27922,0,0.00292722,0.00249477,0,0,0.000464875,0,93,62,1.17204,0,0,0,1,0,0
1,cage,29,qpPlain,1,1,2.01181,427140,109,16.5101,27922,27922,0,0.00292722,0.00249477,0,0,0.000464875,0,93,62,1.17204,0,0,0,1,0,0
1,cage,29,qpAdaptive,1,1,0.752634,380321,109,16.5107,19672,19672,0,0.00292851,0.00249477,0,0,0.000522116,0.00913439,93,62,1.17204,0,0,0,0.990866,0.00908969,4.46991e-05
1,cage,29,qpFreeGate,1,1,6.10571,4437526,1843,34.2438,48129,48129,0,0.00301148,0.00249477,0,19,0.000578195,0,10811,1808,0.170475,0,0,0,1,0,0
1,cage,29,qpEnvelope,1,1,0.749106,377084,109,16.5104,19253,19253,0,0.00292754,0.00249477,0,0,0.000526617,0.00681015,93,62,1.17204,0,0,0,0.99319,0.00676242,4.77347e-05
1,cage,36,isSafe,1,1,0.618663,604806,169,21.744,12,10874,0,0.00644046,0.00249477,0,0,0,0,1459,164,0.115833,0,0,0,0,0,0
1,cage,36,qpFixed,1,1,0.117118,78296,24,22.367,36123,36123,0,0.00251709,0.00249477,0,0,0.000539068,0,12,12,2,0,0,0,1,0,0
1,cage,36,qpPlain,1,1,0.363397,78296,24,22.367,36123,36123,0,0.00251709,0.00249477,0,0,0.000539068,0,12,12,2,0,0,0,1,0,0
1,cage,36,qpAdaptive,1,1,0.105973,55375,24,22.3678,27226,27226,0,0.00251775,0.00249477,0,0,0.000762242,0.0296524,12,12,2,0,0,0,0.970348,0.0295079,0.00014447
1,cage,36,qpFreeGate,1,1,4.3773,3218569,1316,26.1889,37106,37106,0,0.0030221,0.00249477,0,17,0.000574496,0,8154,1278,0.161393,0,0,0,1,0,0
1,cage,36,qpEnvelope,1,1,0.104399,54011,24,22.3698,26502,26502,0,0.00251847,0.00249477,0,0,0.000781584,0.0159967,12,12,2,0,0,0,0.983985,0.0158486,0.000166633
1,cage,43,isSafe,1,1,0.516578,506200,138,23.3035,13,11653,0,0.00564409,0.00249477,0,0,0,0,1022,134,0.135029,0,0,0,0,0,0
1,cage,43,qpFixed,1,1,0.673556,398779,103,24.7763,36869,36869,0,0.00260188,0.00249477,0,0,0.000478491,0,81,59,1.2716,0,0,0,1,0,0
1,cage,43,qpPlain,1,1,1.88126,398779,103,24.7763,36869,36869,0,0.00260188,0.00249477,0,0,0.000478491,0,81,59,1.2716,0,0,0,1,0,0
1,cage,43,qpAdaptive,1,1,0.668279,342156,103,24.7692,26041,26041,0,0.00262107,0.00249477,0,0,0.000556256,0.0159956,81,59,1.2716,0,0,0,0.984004,0.015946,4.96851e-05
1,cage,43,qpFreeGate,1,1,2.48018,1809617,691,27.2723,38275,38275,0,0.00302846,0.00249477,0,9,0.000582756,0,4338,663,0.15929,0,0,0,1,0,0
1,cage,43,qpEnvelope,1,1,0.664368,339056,103,24.7613,25517,25517,0,0.00268566,0.00249477,0,0,0.000562916,0.00899261,81,59,1.2716,0,0,0,0.991004,0.00894248,5.30886e-05
1,cage,50,isSafe,1,1,0.517519,528136,148,11.2992,7,5651,0,0.00802221,0.00249477,0,0,0,0,1070,144,0.138318,0,0,0,0,0,0
1,cage,50,qpFixed,1,1,0.251822,166149,56,16.1549,27517,27517,0,0.00293755,0.00249477,0,0,0.000543299,0,31,28,1.80645,0,0,0,1,0,0
1,cage,50,qpPlain,1,1,0.756078,166149,56,16.1549,27517,27517,0,0.00293755,0.00249477,0,0,0.000543299,0,31,28,1.80645,0,0,0,1,0,0
1,cage,50,qpAdaptive,1,1,0.247277,133590,56,16.1549,16356,16356,0,0.00293755,0.00249477,0,0,0.00067575,0.0151508,31,28,1.80645,0,0,0,0.984842,0.015076,8.23415e-05
1,cage,50,qpFreeGate,1,1,3.77656,2789841,1121,29.4933,40511,40511,0,0.00299355,0.00249477,0,16,0.00058159,0,6730,1092,0.166568,0,0,0,1,0,0
1,cage,50,qpEnvelope,1,1,0.246456,132138,56,16.1538,16138,16138,0,0.00293756,0.00249477,0,0,0.000683295,0.00799921,31,28,1.80645,0,0,0,0.991986,0.0079311,8.32463e-05
1,cage,57,isSafe,1,1,1.35885,1390133,422,11.5388,7,5771,0,0.00773714,0.00249477,0,0,0,0,3882,418,0.108707,0,0,0,0,0,0
1,cage,57,qpFixed,1,1,0.0489728,34069,14,16.0766,27353,27353,0,0.00296439,0.00249477,0,0,0.000559509,0,5,5,2.8,0,0,0,1,0,0
1,cage,57,qpPlain,1,1,0.151544,34069,14,16.0766,27353,27353,0,0.00296439,0.00249477,0,0,0.000559509,0,5,5,2.8,0,0,0,1,0,0
1,cage,57,qpAdaptive,1,1,0.0372787,18909,14,16.0778,18916,18916,0,0.00296306,0.00249477,0,0,0.00100815,0.0280819,5,5,2.8,0,0,0,0.971865,0.0278174,0.000317309
1,cage,57,qpFreeGate,1,1,2.35477,1778288,686,24.9427,36683,36683,0,0.00298313,0.00249477,0,10,0.000587506,0,4042,671,0.169718,0,0,0,1,0,0
1,cage,57,qpEnvelope,1,1,0.0369221,18641,14,16.0809,18774,18774,0,0.00296575,0.00249477,0,0,0.00102281,0.0164691,5,5,2.8,0,0,0,0.983477,0.0162008,0.000321871
1,cage,64,isSafe,1,1,0.22088,216059,58,8.17249,6,4088,0,0.00952183,0.00249477,0,0,0,0,292,54,0.19863,0,0,0,0,0,0
1,cage,64,qpFixed,1,1,0.589664,345110,84,21.2581,36339,36339,0,0.00189249,0.00249477,0,0,0.000464067,0,75,51,1.12,0,0,0,1,0,0
1,cage,64,qpPlain,1,1,1.62855,345110,84,21.2581,36339,36339,0,0.00189249,0.00249477,0,0,0.000464067,0,75,51,1.12,0,0,0,1,0,0
1,cage,64,qpAdaptive,1,1,0.571029,289792,84,21.2596,29779,29779,0,0.00189302,0.00249477,0,0,0.00055267,0.0148417,75,51,1.12,0,0,0,0.985155,0.0147865,5.86628e-05
1,cage,64,qpFreeGate,1,1,0.441803,316453,124,17.7076,26207,26207,0,0.00303544,0.00249477,0,0,0.000621736,0,424,113,0.292453,0,0,0,1,0,0
1,cage,64,qpEnvelope,1,1,0.568597,286613,84,21.2587,29178,29178,0,0.00200149,0.00249477,0,0,0.000558843,0.0120092,75,51,1.12,0,0,0,0.987991,0.0119499,5.93134e-05
1,cage,71,isSafe,1,1,0.359211,366401,101,16.3655,10,8184,0,0.0010777,0.00249477,0,0,0,0,705,97,0.143262,0,0,0,0,0,0
1,cage,71,qpFixed,1,1,0.493677,306071,87,23.8676,37467,37467,0,0.00259142,0.00249477,0,0,0.000494235,0,65,48,1.33846,0,0,0,1,0,0
1,cage,71,qpPlain,1,1,1.40818,306071,87,23.8676,37467,37467,0,0.00259142,0.00249477,0,0,0.000494235,0,65,48,1.33846,0,0,0,1,0,0
1,cage,71,qpAdaptive,1,1,0.4934,254172,87,23.8682,27842,27842,0,0.00259299,0.00249477,0,0,0.000595193,0.0169492,65,48,1.33846,0,0,0,0.983031,0.0168941,7.47525e-05
1,cage,71,qpFreeGate,1,1,5.7256,4233488,1757,23.7286,33979,33979,0,0.00302098,0.00249477,0,14,0.000571539,0,11370,1699,0.154529,0,0,0,1,0,0
1,cage,71,qpEnvelope,1,1,0.361262,184162,65,22.6106,31738,31738,0,0.00254523,0.00249477,0,0,0.000615653,0.0102138,45,35,1.44444,0,0,0,0.98977,0.0101541,7.602e-05
1,cage,78,isSafe,1,1,1.28499,1288610,398,16.0692,11,8036,0,0.00682547,0.00249477,0,0,0,0,3539,394,0.112461,0,0,0,0,0,0
1,cage,78,qpFixed,1,1,0.270922,161766,46,21.2839,34578,34578,0,0.00220272,0.00249477,0,0,0.000496089,0,32,24,1.4375,0,0,0,1,0,0
1,cage,78,qpPlain,1,1,0.771896,161766,46,21.2839,34578,34578,0,0.00220272,0.00249477,0,0,0.000496089,0,32,24,1.4375,0,0,0,1,0,0
1,cage,78,qpAdaptive,1,1,0.265633,130317,46,21.2858,28980,28980,0,0.00220296,0.00249477,0,0,0.000615828,0.0208185,32,24,1.4375,0,0,0,0.979174,0.0207417,8.44096e-05
1,cage,78,qpFreeGate,1,1,2.81473,2069178,811,31.2132,45375,45375,0,0.00298501,0.00249477,0,16,0.000584057,0,4819,785,0.168292,0,0,0,1,0,0
1,cage,78,qpEnvelope,1,1,0.261392,127955,46,21.29,28231,28231,0,0.00220289,0.00249477,0,0,0.000627282,0.0137783,32,24,1.4375,0,0,0,0.986222,0.0137001,7.81525e-05
1,cage,85,isSafe,1,1,0.467239,456647,126,9.19221,6,4598,0,0.012625,0.00249477,0,0,0,0,1002,123,0.125749,0,0,0,0,0,0
1,cage,85,qpFixed,1,1,0.286592,166848,53,17.5094,25609,25609,0,0.00292208,0.00249477,0,0,0.000518552,0,36,26,1.47222,0,0,0,1,0,0
1,cage,85,qpPlain,1,1,0.807771,166848,53,17.5094,25609,25609,0,0.00292208,0.00249477,0,0,0.000518552,0,36,26,1.47222,0,0,0,1,0,0
1,cage,85,qpAdaptive,1,1,0.281043,144077,53,17.5094,19717,19717,0,0.00292511,0.00249477,0,0,0.000600531,0.0177475,36,26,1.47222,0,0,0,0.982246,0.0177128,4.16444e-05
1,cage,85,qpFreeGate,1,1,2.91303,2129892,798,18.0381,26007,26007,0,0.00299509,0.00249477,0,11,0.000574845,0,5019,770,0.158996,0,0,0,1,0,0
1,cage,85,qpEnvelope,1,1,0.27736,141716,53,17.5113,18975,18975,0,0.0029302,0.00249477,0,0,0.000610721,0.00845353,36,26,1.47222,0,0,0,0.991546,0.00839708,5.64509e-05
1,cage,92,isSafe,1,1,1.82465,1786663,564,18.484,11,9243,0,0.00710724,0.00249477,0,0,0,0,4900,561,0.115102,0,0,0,0,0,0
1,cage,92,qpFixed,1,1,0.312462,187964,56,17.7808,30307,30307,0,0.00288463,0.00249477,0,0,0.000489291,0,43,28,1.30233,0,0,0,1,0,0
1,cage,92,qpPlain,1,1,0.881005,187964,56,17.7808,30307,30307,0,0.00288463,0.00249477,0,0,0.000489291,0,43,28,1.30233,0,0,0,1,0,0
1,cage,92,qpAdaptive,1,1,0.326043,165426,56,17.7825,25284,25284,0,0.00288867,0.00249477,0,0,0.000555993,0.014907,43,28,1.30233,0,0,0,0.985093,0.0148767,3.0225e-05
1,cage,92,qpFreeGate,1,1,5.54093,4051681,1677,36.2695,51505,51505,0,0.00299508,0.00249477,0,21,0.00057732,0,10400,1648,0.16125,0,0,0,1,0,0
1,cage,92,qpEnvelope,1,1,0.322319,163537,56,17.7862,24931,24931,0,0.00289043,0.00249477,0,0,0.000562533,0.00938626,43,28,1.30233,0,0,0,0.990608,0.00933122,6.11482e-05
1,cage,99,isSafe,1,1,1.56465,1552074,490,14.499,9,7251,0,0.000140581,0.00249477,0,0,0,0,4662,487,0.105105,0,0,0,0,0,0
1,cage,99,qpFixed,1,1,0.134286,87079,32,17.9474,27485,27485,0,0.00297397,0.00249477,0,0,0.000575547,0,13,13,2.46154,0,0,0,1,0,0
1,cage,99,qpPlain,1,1,0.402262,87079,32,17.9474,27485,27485,0,0.00297397,0.00249477,0,0,0.000575547,0,13,13,2.46154,0,0,0,1,0,0
1,cage,99,qpAdaptive,1,1,0.122212,63656,32,17.9486,19428,19428,0,0.00297397,0.00249477,0,0,0.000787395,0.0223702,13,13,2.46154,0,0,0,0.977614,0.0222917,9.42566e-05
1,cage,99,qpFreeGate,1,1,3.25278,2412708,955,19.528,28335,28335,0,0.00299741,0.00249477,0,9,0.000584016,0,5744,927,0.16626,0,0,0,1,0,0
1,cage,99,qpEnvelope,1,1,0.119999,62420,32,17.953,19180,19180,0,0.00297392,0.00249477,0,0,0.00080309,0.0168055,13,13,2.46154,0,0,0,0.983194,0.0167094,9.6123e-05
1,bookshelf_tall,3,isSafe,1,0,10.0008,9424260,4137,0,0,0,0,inf,inf,0,0,0,0,42668,4135,0.0969579,0,0,0,0,0,0
1,bookshelf_tall,3,qpFixed,1,0,10.0059,7063662,811,0,0,0,0,inf,inf,0,0,0.000320086,0,1491,715,0.54393,0,0,0,1,0,0
1,bookshelf_tall,3,qpPlain,1,0,10.0016,2100239,303,0,0,0,0,inf,inf,0,0,0.000355998,0,374,237,0.81016,0,0,0,1,0,0
1,bookshelf_tall,3,qpAdaptive,1,0,10.0008,6001477,744,0,0,0,0,inf,inf,0,0,0.000344216,0.00357095,1342,649,0.554396,0,0,0,0.996428,0.0035478,2.38275e-05
1,bookshelf_tall,3,qpFreeGate,1,0,10.0029,7447041,3273,0,0,0,0,inf,inf,0,0,0.000552154,0,22055,3271,0.148402,0,0,0,1,0,0
1,bookshelf_tall,3,qpEnvelope,1,0,10.0049,6079255,756,0,0,0,0,inf,inf,0,0,0.00034474,0.00105424,1360,660,0.555882,0,0,0,0.998945,0.00103088,2.38516e-05
1,bookshelf_tall,10,isSafe,1,1,0.0179115,18061,7,9.00351,6,4503,0,0.00394789,0.00249477,0,0,0,0,17,3,0.411765,0,0,0,0,0,0
1,bookshelf_tall,10,qpFixed,1,1,0.0481536,29446,19,13.29,19152,19152,0,0.00294728,0.00249477,0,0,0.000669237,0,5,5,3.8,0,0,0,1,0,0
1,bookshelf_tall,10,qpPlain,1,1,0.138727,29446,19,13.29,19152,19152,0,0.00294728,0.00249477,0,0,0.000669237,0,5,5,3.8,0,0,0,1,0,0
1,bookshelf_tall,10,qpAdaptive,1,1,0.0463781,23353,19,13.2901,15318,15318,0,0.00294749,0.00249477,0,0,0.000843824,0.0483021,5,5,3.8,0,0,0,0.951655,0.0480452,0.000299747
1,bookshelf_tall,10,qpFreeGate,1,1,0.109645,82336,27,8.88315,13615,13615,0,0.00305998,0.00249477,0,0,0.000548858,0,134,24,0.201493,0,0,0,1,0,0
1,bookshelf_tall,10,qpEnvelope,1,1,0.0434315,21686,19,13.2906,14650,14650,0,0.00294688,0.00249477,0,0,0.00090872,0.0280365,5,5,3.8,0,0,0,0.971963,0.0275754,0.000461127
1,bookshelf_tall,17,isSafe,1,1,0.0562123,54118,16,11.0024,7,5503,0,0.00496561,0.00249477,0,0,0,0,48,12,0.333333,0,0,0,0,0,0
1,bookshelf_tall,17,qpFixed,1,1,0.152442,100157,51,18.3664,28001,28001,0,0.0029297,0.00249477,0,0,0.000593441,0,16,16,3.1875,0,0,0,1,0,0
1,bookshelf_tall,17,qpPlain,1,1,0.468562,100157,51,18.3664,28001,28001,0,0.0029297,0.00249477,0,0,0.000593441,0,16,16,3.1875,0,0,0,1,0,0
1,bookshelf_tall,17,qpAdaptive,1,1,0.139956,71855,51,18.3661,22143,22143,0,0.0029297,0.00249477,0,0,0.000827174,0.0438105,16,16,3.1875,0,0,0,0.956078,0.043546,0.000375757
1,bookshelf_tall,17,qpFreeGate,1,1,0.0743311,56479,20,9.32564,12690,12690,0,0.00496561,0.00249477,0,0,0.000578288,0,48,16,0.416667,0,0,0,1,0,0
1,bookshelf_tall,17,qpEnvelope,1,1,0.048392,24169,21,14.5826,17807,17807,0,0.00292588,0.00249477,0,0,0.000841872,0.0167984,5,5,4.2,0,0,0,0.982995,0.0165501,0.000455128
1,bookshelf_tall,26,isSafe,0,0,0,0,0,0,0,0,0,inf,inf,0,0,0,0,0,0,0,0,0,0,0,0,0
1,bookshelf_tall,26,qpFixed,0,0,0,0,0,0,0,0,0,inf,inf,0,0,0,0,0,0,0,0,0,0,0,0,0
1,bookshelf_tall,26,qpPlain,0,0,0,0,0,0,0,0,0,inf,inf,0,0,0,0,0,0,0,0,0,0,0,0,0
1,bookshelf_tall,26,qpAdaptive,0,0,0,0,0,0,0,0,0,inf,inf,0,0,0,0,0,0,0,0,0,0,0,0,0
1,bookshelf_tall,26,qpFreeGate,0,0,0,0,0,0,0,0,0,inf,inf,0,0,0,0,0,0,0,0,0,0,0,0,0
1,bookshelf_tall,26,qpEnvelope,0,0,0,0,0,0,0,0,0,inf,inf,0,0,0,0,0,0,0,0,0,0,0,0,0
1,bookshelf_tall,33,isSafe,1,1,0.123871,119522,33,12.0293,8,6016,0,0.000247722,0.00249477,0,0,0,0,172,29,0.19186,0,0,0,0,0,0
1,bookshelf_tall,33,qpFixed,1,1,0.00710411,6254,5,5.44913,6255,6255,0,0.00298823,0.00249477,0,0,0.000871303,0,1,1,5,0,0,0,1,0,0
1,bookshelf_tall,33,qpPlain,1,1,0.0273782,6254,5,5.44913,6255,6255,0,0.00298823,0.00249477,0,0,0.000871303,0,1,1,5,0,0,0,1,0,0
1,bookshelf_tall,33,qpAdaptive,1,1,0.0013268,670,5,5.44944,3114,3114,0,0.00298562,0.00249477,0,0,0.00813349,0.277612,1,1,5,0,0,0,0.722388,0.273134,0.00447761
1,bookshelf_tall,33,qpFreeGate,1,1,0.165439,121833,47,12.7154,20019,20019,0,0.00304774,0.00249477,0,0,0.000623778,0,150,41,0.313333,0,0,0,1,0,0
1,bookshelf_tall,33,qpEnvelope,1,1,0.00107711,522,5,5.45002,3035,3035,0,0.00297501,0.00249477,0,0,0.0104406,0.206897,1,1,5,0,0,0,0.793103,0.201149,0.00574713
1,bookshelf_tall,40,isSafe,1,1,0.584494,546065,156,17.2181,11,8611,0,0.00280806,0.00249477,0,0,0,0,1254,152,0.124402,0,0,0,0,0,0
1,bookshelf_tall,40,qpFixed,1,1,0.0614875,42993,19,15.1318,22589,22589,0,0.00136901,0.00249477,0,0,0.000630688,0,7,7,2.71429,0,0,0,1,0,0
1,bookshelf_tall,40,qpPlain,1,1,0.202294,42993,19,15.1318,22589,22589,0,0.00136901,0.00249477,0,0,0.000630688,0,7,7,2.71429,0,0,0,1,0,0
1,bookshelf_tall,40,qpAdaptive,1,1,0.045989,22868,19,15.1319,14072,14072,0,0.00139904,0.00249477,0,0,0.00118574,0.0387441,7,7,2.71429,0,0,0,0.961212,0.0383943,0.000393563
1,bookshelf_tall,40,qpFreeGate,1,1,0.306232,227212,77,18.4301,26808,26808,0,0.00305622,0.00249477,0,0,0.000577548,0,326,72,0.236196,0,0,0,1,0,0
1,bookshelf_tall,40,qpEnvelope,1,1,0.0446023,22253,19,15.1331,13815,13815,0,0.00140508,0.00249477,0,0,0.00121875,0.00795398,7,7,2.71429,0,0,0,0.991956,0.00763942,0.00040444
1,bookshelf_tall,47,isSafe,1,1,0.0547705,53826,16,14.8569,9,7430,0,0.00837888,0.00249477,0,0,0,0,54,12,0.296296,0,0,0,0,0,0
1,bookshelf_tall,47,qpFixed,1,1,0.0511676,30861,13,16.0722,28491,28491,0,0.00260342,0.00249477,0,0,0.00054659,0,3,3,4.33333,0,0,0,1,0,0
1,bookshelf_tall,47,qpPlain,1,1,0.1461,30861,13,16.0722,28491,28491,0,0.00260342,0.00249477,0,0,0.00054659,0,3,3,4.33333,0,0,0,1,0,0
1,bookshelf_tall,47,qpAdaptive,1,1,0.0503857,25254,13,16.0728,24559,24559,0,0.00260328,0.00249477,0,0,0.000667973,0.0279164,3,3,4.33333,0,0,0,0.972084,0.0277976,0.000118793
1,bookshelf_tall,47,qpFreeGate,1,1,0.288332,209627,77,15.8332,25489,25489,0,0.00297235,0.00249477,0,0,0.000610928,0,356,66,0.216292,0,0,0,1,0,0
1,bookshelf_tall,47,qpEnvelope,1,1,0.049055,24470,13,16.0745,24033,24033,0,0.00260333,0.00249477,0,0,0.000689448,0.0188394,3,3,4.33333,0,0,0,0.981161,0.0187168,0.000122599
1,bookshelf_tall,54,isSafe,1,1,0.0850282,82943,23,7.64347,5,3823,0,0.00301959,0.00249477,0,0,0,0,102,20,0.22549,0,0,0,0,0,0
1,bookshelf_tall,54,qpFixed,1,1,0.0301603,20814,9,10.2325,14630,14630,0,0.00271303,0.00249477,0,0,0.0006037,0,3,3,3,0,0,0,1,0,0
1,bookshelf_tall,54,qpPlain,1,1,0.0960456,20814,9,10.2325,14630,14630,0,0.00271303,0.00249477,0,0,0.0006037,0,3,3,3,0,0,0,1,0,0
1,bookshelf_tall,54,qpAdaptive,1,1,0.0186262,9418,9,10.2333,9208,9208,0,0.00270759,0.00249477,0,0,0.00133429,0.0275005,3,3,3,0,0,0,0.972499,0.0270758,0.000424719
1,bookshelf_tall,54,qpFreeGate,1,1,0.10597,80938,29,6.84531,8680,8680,0,0.00302003,0.00249477,0,0,0.00059312,0,102,25,0.284314,0,0,0,1,0,0
1,bookshelf_tall,54,qpEnvelope,1,1,0.0180977,9198,9,10.2348,9091,9091,0,0.00272384,0.00249477,0,0,0.00136646,0.02207,3,3,3,0,0,0,0.97793,0.0216351,0.000434877
1,bookshelf_tall,61,isSafe,0,0,0,0,0,0,0,0,0,inf,inf,0,0,0,0,0,0,0,0,0,0,0,0,0
1,bookshelf_tall,61,qpFixed,0,0,0,0,0,0,0,0,0,inf,inf,0,0,0,0,0,0,0,0,0,0,0,0,0
1,bookshelf_tall,61,qpPlain,0,0,0,0,0,0,0,0,0,inf,inf,0,0,0,0,0,0,0,0,0,0,0,0,0
1,bookshelf_tall,61,qpAdaptive,0,0,0,0,0,0,0,0,0,inf,inf,0,0,0,0,0,0,0,0,0,0,0,0,0
1,bookshelf_tall,61,qpFreeGate,0,0,0,0,0,0,0,0,0,inf,inf,0,0,0,0,0,0,0,0,0,0,0,0,0
1,bookshelf_tall,61,qpEnvelope,0,0,0,0,0,0,0,0,0,inf,inf,0,0,0,0,0,0,0,0,0,0,0,0,0
1,bookshelf_tall,69,isSafe,1,1,0.3019,288095,79,20.0808,12,10042,0,0.00497499,0.00249477,0,0,0,0,502,75,0.157371,0,0,0,0,0,0
1,bookshelf_tall,69,qpFixed,1,1,0.0165641,11965,7,7.01633,11966,11966,0,0.00294877,0.00249477,0,0,0.000586404,0,1,1,7,0,0,0,1,0,0
1,bookshelf_tall,69,qpPlain,1,1,0.0545899,11965,7,7.01633,11966,11966,0,0.00294877,0.00249477,0,0,0.000586404,0,1,1,7,0,0,0,1,0,0
1,bookshelf_tall,69,qpAdaptive,1,1,0.0101759,5068,7,7.01656,7358,7358,0,0.00294891,0.00249477,0,0,0.00138448,0.0958958,1,1,7,0,0,0,0.904104,0.0953039,0.000591949
1,bookshelf_tall,69,qpFreeGate,1,1,0.225633,164670,62,11.8288,19086,19086,0,0.00300491,0.00249477,0,0,0.000592394,0,246,52,0.252033,0,0,0,1,0,0
1,bookshelf_tall,69,qpEnvelope,1,1,0.00945597,4593,7,7.01876,7030,7030,0,0.00294895,0.00249477,0,0,0.00152814,0.0474635,1,1,7,0,0,0,0.952319,0.0468104,0.00087089
1,bookshelf_tall,76,isSafe,1,0,10.0004,9463075,4032,0,0,0,0,inf,inf,0,0,0,0,34617,4030,0.116475,0,0,0,0,0,0
1,bookshelf_tall,76,qpFixed,1,0,10.0046,7218637,842,0,0,0,0,inf,inf,0,0,0.000320085,0,1495,741,0.563211,0,0,0,1,0,0
1,bookshelf_tall,76,qpPlain,1,0,10.0168,2109096,299,0,0,0,0,inf,inf,0,0,0.00035123,0,378,230,0.791005,0,0,0,1,0,0
1,bookshelf_tall,76,qpAdaptive,1,0,10.0094,6146059,785,0,0,0,0,inf,inf,0,0,0.000346422,0.00356895,1350,685,0.581481,0,0,0,0.99643,0.00354357,2.63584e-05
1,bookshelf_tall,76,qpFreeGate,1,0,10.0003,7421752,3304,0,0,0,0,inf,inf,0,0,0.000566662,0,19784,3298,0.167004,0,0,0,1,0,0
1,bookshelf_tall,76,qpEnvelope,1,0,10.0017,6203399,792,0,0,0,0,inf,inf,0,0,0.000346533,0.000614018,1366,692,0.579795,0,0,0,0.999386,0.000587581,2.64371e-05
1,bookshelf_tall,83,isSafe,1,1,0.230656,221075,60,21.3338,12,10668,0,0.00623297,0.00249477,0,0,0,0,392,56,0.153061,0,0,0,0,0,0
1,bookshelf_tall,83,qpFixed,1,1,0.0507178,32589,13,10.3977,15084,15084,0,0.00297398,0.00249477,0,0,0.000572706,0,4,4,3.25,0,0,0,1,0,0
1,bookshelf_tall,83,qpPlain,1,1,0.154865,32589,13,10.3977,15084,15084,0,0.00297398,0.00249477,0,0,0.000572706,0,4,4,3.25,0,0,0,1,0,0
1,bookshelf_tall,83,qpAdaptive,1,1,0.0414275,19849,13,10.3982,7771,7771,0,0.0029744,0.00249477,0,0,0.000940332,0.0413119,4,4,3.25,0,0,0,0.958688,0.0411104,0.000201521
1,bookshelf_tall,83,qpFreeGate,1,1,0.0823865,59799,30,10.367,15544,15544,0,0.00302933,0.00249477,0,0,0.000637911,0,44,17,0.681818,0,0,0,1,0,0
1,bookshelf_tall,83,qpEnvelope,1,1,0.0407521,19125,13,10.3999,7397,7397,0,0.00297085,0.00249477,0,0,0.000976011,0.0228497,4,4,3.25,0,0,0,0.97715,0.0226405,0.00020915
1,bookshelf_tall,90,isSafe,0,0,0,0,0,0,0,0,0,inf,inf,0,0,0,0,0,0,0,0,0,0,0,0,0
1,bookshelf_tall,90,qpFixed,0,0,0,0,0,0,0,0,0,inf,inf,0,0,0,0,0,0,0,0,0,0,0,0,0
1,bookshelf_tall,90,qpPlain,0,0,0,0,0,0,0,0,0,inf,inf,0,0,0,0,0,0,0,0,0,0,0,0,0
1,bookshelf_tall,90,qpAdaptive,0,0,0,0,0,0,0,0,0,inf,inf,0,0,0,0,0,0,0,0,0,0,0,0,0
1,bookshelf_tall,90,qpFreeGate,0,0,0,0,0,0,0,0,0,inf,inf,0,0,0,0,0,0,0,0,0,0,0,0,0
1,bookshelf_tall,90,qpEnvelope,0,0,0,0,0,0,0,0,0,inf,inf,0,0,0,0,0,0,0,0,0,0,0,0,0
1,bookshelf_tall,99,isSafe,1,1,0.0985658,95860,26,17.7688,10,8886,0,0.0106292,0.00249477,0,0,0,0,163,21,0.159509,0,0,0,0,0,0
1,bookshelf_tall,99,qpFixed,1,1,0.11799,68359,26,14.6986,22233,22233,387,-0.000356406,0.00249477,0,0,0.000582523,0,12,9,2.16667,0,0,0,1,0,0
1,bookshelf_tall,99,qpPlain,1,1,0.329933,68359,26,14.6986,22233,22233,387,-0.000356406,0.00249477,0,0,0.000582523,0,12,9,2.16667,0,0,0,1,0,0
1,bookshelf_tall,99,qpAdaptive,1,1,0.121584,59669,26,14.6987,18810,18810,387,-0.000358456,0.00249477,0,0,0.000667365,0.0236304,12,9,2.16667,0,0,0,0.976336,0.0235466,0.000117314
1,bookshelf_tall,99,qpFreeGate,1,1,0.0890381,65129,32,19.7817,29332,29332,0,0.00295822,0.00249477,0,0,0.000624306,0,56,17,0.571429,0,0,0,1,0,0
1,bookshelf_tall,99,qpEnvelope,1,1,0.12338,60346,28,15.5057,20705,20705,0,0.00017853,0.00249477,0,0,0.000652932,0.013986,12,10,2.33333,0,0,0,0.985997,0.0138702,0.000132571
1,bookshelf_thin,6,isSafe,0,0,0,0,0,0,0,0,0,inf,inf,0,0,0,0,0,0,0,0,0,0,0,0,0
1,bookshelf_thin,6,qpFixed,0,0,0,0,0,0,0,0,0,inf,inf,0,0,0,0,0,0,0,0,0,0,0,0,0
1,bookshelf_thin,6,qpPlain,0,0,0,0,0,0,0,0,0,inf,inf,0,0,0,0,0,0,0,0,0,0,0,0,0
1,bookshelf_thin,6,qpAdaptive,0,0,0,0,0,0,0,0,0,inf,inf,0,0,0,0,0,0,0,0,0,0,0,0,0
1,bookshelf_thin,6,qpFreeGate,0,0,0,0,0,0,0,0,0,inf,inf,0,0,0,0,0,0,0,0,0,0,0,0,0
1,bookshelf_thin,6,qpEnvelope,0,0,0,0,0,0,0,0,0,inf,inf,0,0,0,0,0,0,0,0,0,0,0,0,0
1,bookshelf_thin,13,isSafe,1,1,0.156965,149024,40,15.915,9,7959,0,0.00387073,0.00249477,0,0,0,0,135,37,0.296296,0,0,0,0,0,0
1,bookshelf_thin,13,qpFixed,1,1,0.00693806,6292,5,4.12351,6293,6293,0,0.00244452,0.00249477,0,0,0.000655357,0,1,1,5,0,0,0,1,0,0
1,bookshelf_thin,13,qpPlain,1,1,0.0272888,6292,5,4.12351,6293,6293,0,0.00244452,0.00249477,0,0,0.000655357,0,1,1,5,0,0,0,1,0,0
1,bookshelf_thin,13,qpAdaptive,1,1,0.00285545,1648,5,4.12352,3073,3073,0,0.00236411,0.00249477,0,0,0.00250213,0.100728,1,1,5,0,0,0,0.899272,0.0989078,0.00182039
1,bookshelf_thin,13,qpFreeGate,1,1,0.121407,90031,41,20.1839,28213,28213,0,0.00387073,0.00249477,0,0,0.000637753,0,67,25,0.61194,0,0,0,1,0,0
1,bookshelf_thin,13,qpEnvelope,1,1,0.0025057,1429,5,4.12353,2948,2948,0,0.0023827,0.00249477,0,0,0.0028856,0.030091,1,1,5,0,0,0,0.969909,0.0279916,0.00209937
1,bookshelf_thin,20,isSafe,1,1,0.527902,504327,138,23.5428,14,11773,0,0.00560558,0.00249477,0,0,0,0,923,133,0.149512,0,0,0,0,0,0
1,bookshelf_thin,20,qpFixed,1,1,0.0281724,18217,6,3.54482,5120,5120,0,0.00251301,0.00249477,0,0,0.000527776,0,4,3,1.5,0,0,0,1,0,0
1,bookshelf_thin,20,qpPlain,1,1,0.0867638,18217,6,3.54482,5120,5120,0,0.00251301,0.00249477,0,0,0.000527776,0,4,3,1.5,0,0,0,1,0,0
1,bookshelf_thin,20,qpAdaptive,1,1,0.0201809,9765,6,3.54503,2537,2537,0,0.00252631,0.00249477,0,0,0.000984744,0.0594982,4,3,1.5,0,0,0,0.940502,0.059191,0.00030722
1,bookshelf_thin,20,qpFreeGate,1,1,0.86075,643288,193,26.9627,40797,40797,0,0.00310272,0.00249477,0,0,0.000530685,0,923,188,0.209101,0,0,0,1,0,0
1,bookshelf_thin,20,qpEnvelope,1,1,0.0194554,9311,6,3.54533,2468,2468,0,0.00250871,0.00249477,0,0,0.00103296,0.0358715,4,3,1.5,0,0,0,0.964128,0.0355494,0.0003222
1,bookshelf_thin,27,isSafe,1,1,0.216101,206841,56,14.5359,9,7269,0,0.00110634,0.00249477,0,0,0,0,352,52,0.159091,0,0,0,0,0,0
1,bookshelf_thin,27,qpFixed,1,1,0.280445,167852,60,22.8609,38696,38696,0,0.00293745,0.00249477,0,0,0.000496929,0,34,27,1.76471,0,0,0,1,0,0
1,bookshelf_thin,27,qpPlain,1,1,0.818336,167852,60,22.8609,38696,38696,0,0.00293745,0.00249477,0,0,0.000496929,0,34,27,1.76471,0,0,0,1,0,0
1,bookshelf_thin,27,qpAdaptive,1,1,0.287611,146916,60,22.8619,32828,32828,0,0.00293745,0.00249477,0,0,0.000567744,0.0217267,34,27,1.76471,0,0,0,0.978232,0.0216314,0.000136132
1,bookshelf_thin,27,qpFreeGate,1,1,0.0545853,39734,17,14.5967,21771,21771,0,0.00302882,0.00249477,0,0,0.000605906,0,81,13,0.209877,0,0,0,1,0,0
1,bookshelf_thin,27,qpEnvelope,1,1,0.280006,142989,59,22.8654,32443,32443,0,0.00293877,0.00249477,0,0,0.000583459,0.0137563,34,27,1.73529,0,0,0,0.98623,0.0136374,0.000132877
1,bookshelf_thin,34,isSafe,1,1,0.0669461,64550,19,16.1703,10,8087,0,0.00273179,0.00249477,0,0,0,0,102,15,0.186275,0,0,0,0,0,0
1,bookshelf_thin,34,qpFixed,1,1,0.0307758,27301,11,14.9637,23762,23762,0,0.00294596,0.00249477,0,0,0.000573549,0,4,4,2.75,0,0,0,1,0,0
1,bookshelf_thin,34,qpPlain,1,1,0.121392,27301,11,14.9637,23762,23762,0,0.00294596,0.00249477,0,0,0.000573549,0,4,4,2.75,0,0,0,1,0,0
1,bookshelf_thin,34,qpAdaptive,1,1,0.0187266,13226,11,14.9646,14522,14522,0,0.00294148,0.00249477,0,0,0.00118399,0.0489944,4,4,2.75,0,0,0,0.950779,0.0486164,0.000604869
1,bookshelf_thin,34,qpFreeGate,1,1,0.13697,97907,33,17.8302,24421,24421,0,0.00367844,0.00249477,0,0,0.000556393,0,148,30,0.222973,0,0,0,1,0,0
1,bookshelf_thin,34,qpEnvelope,1,1,0.0178721,12795,11,14.9689,14353,14353,0,0.00294453,0.00249477,0,0,0.00122415,0.022118,4,4,2.75,0,0,0,0.977726,0.0216491,0.000625244
1,bookshelf_thin,41,isSafe,0,0,0,0,0,0,0,0,0,inf,inf,0,0,0,0,0,0,0,0,0,0,0,0,0
1,bookshelf_thin,41,qpFixed,0,0,0,0,0,0,0,0,0,inf,inf,0,0,0,0,0,0,0,0,0,0,0,0,0
1,bookshelf_thin,41,qpPlain,0,0,0,0,0,0,0,0,0,inf,inf,0,0,0,0,0,0,0,0,0,0,0,0,0
1,bookshelf_thin,41,qpAdaptive,0,0,0,0,0,0,0,0,0,inf,inf,0,0,0,0,0,0,0,0,0,0,0,0,0
1,bookshelf_thin,41,qpFreeGate,0,0,0,0,0,0,0,0,0,inf,inf,0,0,0,0,0,0,0,0,0,0,0,0,0
1,bookshelf_thin,41,qpEnvelope,0,0,0,0,0,0,0,0,0,inf,inf,0,0,0,0,0,0,0,0,0,0,0,0,0
1,bookshelf_thin,48,isSafe,0,0,0,0,0,0,0,0,0,inf,inf,0,0,0,0,0,0,0,0,0,0,0,0,0
1,bookshelf_thin,48,qpFixed,0,0,0,0,0,0,0,0,0,inf,inf,0,0,0,0,0,0,0,0,0,0,0,0,0
1,bookshelf_thin,48,qpPlain,0,0,0,0,0,0,0,0,0,inf,inf,0,0,0,0,0,0,0,0,0,0,0,0,0
1,bookshelf_thin,48,qpAdaptive,0,0,0,0,0,0,0,0,0,inf,inf,0,0,0,0,0,0,0,0,0,0,0,0,0
1,bookshelf_thin,48,qpFreeGate,0,0,0,0,0,0,0,0,0,inf,inf,0,0,0,0,0,0,0,0,0,0,0,0,0
1,bookshelf_thin,48,qpEnvelope,0,0,0,0,0,0,0,0,0,inf,inf,0,0,0,0,0,0,0,0,0,0,0,0,0
1,bookshelf_thin,55,isSafe,1,1,0.203754,193520,52,24.0166,14,12010,0,0.00159205,0.00249477,0,0,0,0,317,46,0.164038,0,0,0,0,0,0
1,bookshelf_thin,55,qpFixed,1,1,0.0503277,28106,10,12.1716,19086,19086,0,0.00293717,0.00249477,0,0,0.000500008,0,5,3,2,0,0,0,1,0,0
1,bookshelf_thin,55,qpPlain,1,1,0.145865,28106,10,12.1716,19086,19086,0,0.00293717,0.00249477,0,0,0.000500008,0,5,3,2,0,0,0,1,0,0
1,bookshelf_thin,55,qpAdaptive,1,1,0.0493908,22809,10,12.1724,15664,15664,0,0.00293717,0.00249477,0,0,0.000616154,0.0102153,5,3,2,0,0,0,0.989785,0.0101714,4.38423e-05
1,bookshelf_thin,55,qpFreeGate,1,1,0.0313926,23186,10,8.33755,12694,12694,0,0.00443875,0.00249477,0,0,0.000627157,0,12,6,0.833333,0,0,0,1,0,0
1,bookshelf_thin,55,qpEnvelope,1,1,0.048775,22636,10,12.1737,15556,15556,0,0.00293718,0.00249477,0,0,0.000620953,0.00393179,5,3,2,0,0,0,0.996068,0.00388761,4.41774e-05
1,bookshelf_thin,62,isSafe,0,0,0,0,0,0,0,0,0,inf,inf,0,0,0,0,0,0,0,0,0,0,0,0,0
1,bookshelf_thin,62,qpFixed,0,0,0,0,0,0,0,0,0,inf,inf,0,0,0,0,0,0,0,0,0,0,0,0,0
1,bookshelf_thin,62,qpPlain,0,0,0,0,0,0,0,0,0,inf,inf,0,0,0,0,0,0,0,0,0,0,0,0,0
1,bookshelf_thin,62,qpAdaptive,0,0,0,0,0,0,0,0,0,inf,inf,0,0,0,0,0,0,0,0,0,0,0,0,0
1,bookshelf_thin,62,qpFreeGate,0,0,0,0,0,0,0,0,0,inf,inf,0,0,0,0,0,0,0,0,0,0,0,0,0
1,bookshelf_thin,62,qpEnvelope,0,0,0,0,0,0,0,0,0,inf,inf,0,0,0,0,0,0,0,0,0,0,0,0,0
1,bookshelf_thin,69,isSafe,0,0,0,0,0,0,0,0,0,inf,inf,0,0,0,0,0,0,0,0,0,0,0,0,0
1,bookshelf_thin,69,qpFixed,0,0,0,0,0,0,0,0,0,inf,inf,0,0,0,0,0,0,0,0,0,0,0,0,0
1,bookshelf_thin,69,qpPlain,0,0,0,0,0,0,0,0,0,inf,inf,0,0,0,0,0,0,0,0,0,0,0,0,0
1,bookshelf_thin,69,qpAdaptive,0,0,0,0,0,0,0,0,0,inf,inf,0,0,0,0,0,0,0,0,0,0,0,0,0
1,bookshelf_thin,69,qpFreeGate,0,0,0,0,0,0,0,0,0,inf,inf,0,0,0,0,0,0,0,0,0,0,0,0,0
1,bookshelf_thin,69,qpEnvelope,0,0,0,0,0,0,0,0,0,inf,inf,0,0,0,0,0,0,0,0,0,0,0,0,0
1,bookshelf_thin,77,isSafe,0,0,0,0,0,0,0,0,0,inf,inf,0,0,0,0,0,0,0,0,0,0,0,0,0
1,bookshelf_thin,77,qpFixed,0,0,0,0,0,0,0,0,0,inf,inf,0,0,0,0,0,0,0,0,0,0,0,0,0
1,bookshelf_thin,77,qpPlain,0,0,0,0,0,0,0,0,0,inf,inf,0,0,0,0,0,0,0,0,0,0,0,0,0
1,bookshelf_thin,77,qpAdaptive,0,0,0,0,0,0,0,0,0,inf,inf,0,0,0,0,0,0,0,0,0,0,0,0,0
1,bookshelf_thin,77,qpFreeGate,0,0,0,0,0,0,0,0,0,inf,inf,0,0,0,0,0,0,0,0,0,0,0,0,0
1,bookshelf_thin,77,qpEnvelope,0,0,0,0,0,0,0,0,0,inf,inf,0,0,0,0,0,0,0,0,0,0,0,0,0
1,bookshelf_thin,84,isSafe,1,1,0.0405349,39737,12,11.7797,7,5891,0,0.00467165,0.00249477,0,0,0,0,40,9,0.3,0,0,0,0,0,0
1,bookshelf_thin,84,qpFixed,1,1,0.00965714,9964,5,5.69542,9965,9965,0,0.00314148,0.00249477,0,0,0.0005716,0,1,1,5,0,0,0,1,0,0
1,bookshelf_thin,84,qpPlain,1,1,0.0427485,9964,5,5.69542,9965,9965,0,0.00314148,0.00249477,0,0,0.0005716,0,1,1,5,0,0,0,1,0,0
1,bookshelf_thin,84,qpAdaptive,1,1,0.000991229,457,5,5.69504,3134,3134,0,0.00308253,0.00249477,0,0,0.0124618,0.490153,1,1,5,0,0,0,0.509847,0.483589,0.00656455
1,bookshelf_thin,84,qpFreeGate,1,1,0.0511608,39623,14,11.0406,17000,17000,0,0.00467077,0.00249477,0,0,0.000560729,0,40,11,0.35,0,0,0,1,0,0
1,bookshelf_thin,84,qpEnvelope,1,1,0.000608835,233,5,5.69515,2980,2980,0,0.0031096,0.00249477,0,0,0.0244427,0.630901,1,1,5,0,0,0,0.369099,0.618026,0.0128755
1,bookshelf_thin,91,isSafe,1,1,0.0417018,40827,13,14.3731,9,7188,0,0.00183095,0.00249477,0,0,0,0,31,9,0.419355,0,0,0,0,0,0
1,bookshelf_thin,91,qpFixed,1,1,0.055055,35487,16,14.8809,22135,22135,0,0.0029392,0.00249477,0,0,0.000633962,0,5,5,3.2,0,0,0,1,0,0
1,bookshelf_thin,91,qpPlain,1,1,0.166993,35487,16,14.8809,22135,22135,0,0.0029392,0.00249477,0,0,0.000633962,0,5,5,3.2,0,0,0,1,0,0
1,bookshelf_thin,91,qpAdaptive,1,1,0.0505899,27007,16,14.883,17206,17206,0,0.00293873,0.00249477,0,0,0.000833274,0.0281779,5,5,3.2,0,0,0,0.971785,0.0279187,0.000296219
1,bookshelf_thin,91,qpFreeGate,1,1,0.0762805,56897,29,15.0285,22340,22340,0,0.00558074,0.00249477,0,0,0.000593793,0,47,19,0.617021,0,0,0,1,0,0
1,bookshelf_thin,91,qpEnvelope,1,1,0.0489461,26208,15,14.8775,16819,16819,0,0.00293911,0.00249477,0,0,0.000858603,0.0211386,5,5,3,0,0,0,0.978823,0.0209096,0.000267094
1,bookshelf_thin,98,isSafe,1,1,0.0479937,47128,14,9.50988,6,4756,0,0.0022126,0.00249477,0,0,0,0,48,10,0.291667,0,0,0,0,0,0
1,bookshelf_thin,98,qpFixed,1,1,0.0343273,20961,9,9.67391,15812,15812,0,0.00243861,0.00249477,0,0,0.000554476,0,2,2,4.5,0,0,0,1,0,0
1,bookshelf_thin,98,qpPlain,1,1,0.102466,20961,9,9.67391,15812,15812,0,0.00243861,0.00249477,0,0,0.000554476,0,2,2,4.5,0,0,0,1,0,0
1,bookshelf_thin,98,qpAdaptive,1,1,0.0305132,14218,9,9.67391,11452,11452,0,0.0024386,0.00249477,0,0,0.000817442,0.034393,2,2,4.5,0,0,0,0.965537,0.034182,0.000281334
1,bookshelf_thin,98,qpFreeGate,1,1,0.22479,166726,60,19.7194,28545,28545,0,0.00302145,0.00249477,0,0,0.000636198,0,200,54,0.3,0,0,0,1,0,0
1,bookshelf_thin,98,qpEnvelope,1,1,0.0295356,13733,9,9.67593,11149,11149,0,0.00243874,0.00249477,0,0,0.000846465,0.0211898,2,2,4.5,0,0,0,0.97881,0.0208986,0.000291269
1,table_under_pick,5,isSafe,1,0,10.0021,9472986,4051,0,0,0,0,inf,inf,0,0,0,0,37031,4049,0.109395,0,0,0,0,0,0
1,table_under_pick,5,qpFixed,1,0,10.0049,7275251,833,0,0,0,0,inf,inf,0,0,0.000319712,0,1529,735,0.544801,0,0,0,1,0,0
1,table_under_pick,5,qpPlain,1,0,10.0221,2097119,297,0,0,0,0,inf,inf,0,0,0.000347307,0,381,234,0.779528,0,0,0,1,0,0
1,table_under_pick,5,qpAdaptive,1,0,10.0031,6221596,769,0,0,0,0,inf,inf,0,0,0.000341407,0.00342902,1376,674,0.558866,0,0,0,0.99657,0.00340765,2.20201e-05
1,table_under_pick,5,qpFreeGate,1,0,10.0002,7392722,3508,0,0,0,0,inf,inf,0,0,0.000576725,0,21833,3505,0.160674,0,0,0,1,0,0
1,table_under_pick,5,qpEnvelope,1,0,10.0007,6264410,775,0,0,0,0,inf,inf,0,0,0.000341726,0.000723612,1389,680,0.557955,0,0,0,0.999276,0.000701742,2.18696e-05
1,table_under_pick,12,isSafe,0,0,0,0,0,0,0,0,0,inf,inf,0,0,0,0,0,0,0,0,0,0,0,0,0
1,table_under_pick,12,qpFixed,0,0,0,0,0,0,0,0,0,inf,inf,0,0,0,0,0,0,0,0,0,0,0,0,0
1,table_under_pick,12,qpPlain,0,0,0,0,0,0,0,0,0,inf,inf,0,0,0,0,0,0,0,0,0,0,0,0,0
1,table_under_pick,12,qpAdaptive,0,0,0,0,0,0,0,0,0,inf,inf,0,0,0,0,0,0,0,0,0,0,0,0,0
1,table_under_pick,12,qpFreeGate,0,0,0,0,0,0,0,0,0,inf,inf,0,0,0,0,0,0,0,0,0,0,0,0,0
1,table_under_pick,12,qpEnvelope,0,0,0,0,0,0,0,0,0,inf,inf,0,0,0,0,0,0,0,0,0,0,0,0,0
1,table_under_pick,19,isSafe,1,0,10.0025,9453423,3967,0,0,0,0,inf,inf,0,0,0,0,32146,3965,0.123406,0,0,0,0,0,0
1,table_under_pick,19,qpFixed,1,0,10.0036,7539476,877,0,0,0,0,inf,inf,0,0,0.000323675,0,1551,780,0.565442,0,0,0,1,0,0
1,table_under_pick,19,qpPlain,1,0,10.0129,2117590,303,0,0,0,0,inf,inf,0,0,0.000355672,0,375,240,0.808,0,0,0,1,0,0
1,table_under_pick,19,qpAdaptive,1,0,10.0045,6418682,809,0,0,0,0,inf,inf,0,0,0.000348668,0.00312993,1404,716,0.576211,0,0,0,0.996869,0.00310531,2.53946e-05
1,table_under_pick,19,qpFreeGate,1,0,10.0001,7341364,3320,0,0,0,0,inf,inf,0,0,0.000574463,0,19125,3317,0.173595,0,0,0,1,0,0
1,table_under_pick,19,qpEnvelope,1,0,10.0037,6472145,815,0,0,0,0,inf,inf,0,0,0.0003488,0.000497517,1419,721,0.574348,0,0,0,0.999502,0.000472795,2.48758e-05
1,table_under_pick,26,isSafe,1,1,0.0499033,47835,14,11.8654,7,5934,0,0.00683585,0.00249477,0,0,0,0,57,10,0.245614,0,0,0,0,0,0
1,table_under_pick,26,qpFixed,1,1,0.0498268,31991,12,11.5235,18289,18289,0,0.00291664,0.00249477,0,0,0.000532176,0,4,4,3,0,0,0,1,0,0
1,table_under_pick,26,qpPlain,1,1,0.148248,31991,12,11.5235,18289,18289,0,0.00291664,0.00249477,0,0,0.000532176,0,4,4,3,0,0,0,1,0,0
1,table_under_pick,26,qpAdaptive,1,1,0.0452701,23460,12,11.5236,13233,13233,0,0.00291663,0.00249477,0,0,0.000725707,0.0266837,4,4,3,0,0,0,0.973316,0.0264706,0.000213129
1,table_under_pick,26,qpFreeGate,1,1,0.0576339,39355,17,10.4944,14833,14833,0,0.00314519,0.00249477,0,0,0.000690935,0,57,13,0.298246,0,0,0,1,0,0
1,table_under_pick,26,qpEnvelope,1,1,0.0439497,22921,12,11.524,12983,12983,0,0.00291601,0.00249477,0,0,0.000742891,0.0212469,4,4,3,0,0,0,0.978753,0.0210288,0.000218141
1,table_under_pick,33,isSafe,1,1,0.0298985,28238,9,11.0869,7,5545,2,-2.46771e-05,0.00249477,0,0,0,0,27,5,0.333333,0,0,0,0,0,0
1,table_under_pick,33,qpFixed,1,1,0.0319879,20927,9,9.43643,15953,15953,0,0.00295061,0.00249477,0,0,0.000542014,0,3,2,3,0,0,0,1,0,0
1,table_under_pick,33,qpPlain,1,1,0.0978135,20927,9,9.43643,15953,15953,0,0.00295061,0.00249477,0,0,0.000542014,0,3,2,3,0,0,0,1,0,0
1,table_under_pick,33,qpAdaptive,1,1,0.029152,14626,9,9.43683,11724,11724,0,0.00294359,0.00249477,0,0,0.000775645,0.0280323,3,2,3,0,0,0,0.971968,0.0277588,0.000273486
1,table_under_pick,33,qpFreeGate,1,1,0.145127,105905,42,14.6764,21845,21845,0,0.00304966,0.00249477,0,0,0.000590182,0,125,33,0.336,0,0,0,1,0,0
1,table_under_pick,33,qpEnvelope,1,1,0.0280018,14092,9,9.43814,11461,11461,0,0.00294775,0.00249477,0,0,0.000803658,0.0156117,3,2,3,0,0,0,0.984388,0.0153278,0.000283849
1,table_under_pick,40,isSafe,0,0,0,0,0,0,0,0,0,inf,inf,0,0,0,0,0,0,0,0,0,0,0,0,0
1,table_under_pick,40,qpFixed,0,0,0,0,0,0,0,0,0,inf,inf,0,0,0,0,0,0,0,0,0,0,0,0,0
1,table_under_pick,40,qpPlain,0,0,0,0,0,0,0,0,0,inf,inf,0,0,0,0,0,0,0,0,0,0,0,0,0
1,table_under_pick,40,qpAdaptive,0,0,0,0,0,0,0,0,0,inf,inf,0,0,0,0,0,0,0,0,0,0,0,0,0
1,table_under_pick,40,qpFreeGate,0,0,0,0,0,0,0,0,0,inf,inf,0,0,0,0,0,0,0,0,0,0,0,0,0
1,table_under_pick,40,qpEnvelope,0,0,0,0,0,0,0,0,0,inf,inf,0,0,0,0,0,0,0,0,0,0,0,0,0
1,table_under_pick,47,isSafe,1,1,0.0454605,44241,14,16.0488,10,8026,0,0.000378915,0.00249477,0,0,0,0,72,10,0.194444,0,0,0,0,0,0
1,table_under_pick,47,qpFixed,1,1,0.0256206,16595,9,8.95225,12446,12446,0,0.00291454,0.00249477,0,0,0.00067868,0,3,3,3,0,0,0,1,0,0
1,table_under_pick,47,qpPlain,1,1,0.0776801,16595,9,8.95225,12446,12446,0,0.00291454,0.00249477,0,0,0.00067868,0,3,3,3,0,0,0,1,0,0
1,table_under_pick,47,qpAdaptive,1,1,0.0182198,9236,9,8.95277,9185,9185,0,0.0029143,0.00249477,0,0,0.00121956,0.0755738,3,3,3,0,0,0,0.924426,0.0751408,0.000433088
1,table_under_pick,47,qpFreeGate,1,1,0.0690044,50614,17,10.9063,15417,15417,0,0.00420397,0.00249477,0,0,0.000541254,0,88,13,0.193182,0,0,0,1,0,0
1,table_under_pick,47,qpEnvelope,1,1,0.0168239,8527,9,8.9538,8810,8810,0,0.00291809,0.00249477,0,0,0.00132119,0.0504281,3,3,3,0,0,0,0.949572,0.049959,0.000469098
1,table_under_pick,54,isSafe,1,1,0.0386312,36251,12,12.3568,8,6180,0,0.00323511,0.00249477,0,0,0,0,29,7,0.413793,0,0,0,0,0,0
1,table_under_pick,54,qpFixed,1,1,0.0265392,20208,10,11.3667,15584,15584,0,0.00297395,0.00249477,0,0,0.00070631,0,2,2,5,0,0,0,1,0,0
1,table_under_pick,54,qpPlain,1,1,0.0915224,20208,10,11.3667,15584,15584,0,0.00297395,0.00249477,0,0,0.00070631,0,2,2,5,0,0,0,1,0,0
1,table_under_pick,54,qpAdaptive,1,1,0.0144086,7440,10,11.3671,8651,8651,0,0.00297391,0.00249477,0,0,0.00191849,0.0823925,2,2,5,0,0,0,0.917608,0.0817204,0.000672043
1,table_under_pick,54,qpFreeGate,1,1,0.0542274,39471,15,12.3569,18042,18042,0,0.0032354,0.00249477,0,0,0.000597726,0,29,10,0.517241,0,0,0,1,0,0
1,table_under_pick,54,qpEnvelope,1,1,0.0131936,6884,10,11.368,8337,8337,0,0.00297395,0.00249477,0,0,0.00207361,0.0553457,2,2,5,0,0,0,0.944654,0.0546194,0.000726322
1,table_under_pick,61,isSafe,0,0,0,0,0,0,0,0,0,inf,inf,0,0,0,0,0,0,0,0,0,0,0,0,0
1,table_under_pick,61,qpFixed,0,0,0,0,0,0,0,0,0,inf,inf,0,0,0,0,0,0,0,0,0,0,0,0,0
1,table_under_pick,61,qpPlain,0,0,0,0,0,0,0,0,0,inf,inf,0,0,0,0,0,0,0,0,0,0,0,0,0
1,table_under_pick,61,qpAdaptive,0,0,0,0,0,0,0,0,0,inf,inf,0,0,0,0,0,0,0,0,0,0,0,0,0
1,table_under_pick,61,qpFreeGate,0,0,0,0,0,0,0,0,0,inf,inf,0,0,0,0,0,0,0,0,0,0,0,0,0
1,table_under_pick,61,qpEnvelope,0,0,0,0,0,0,0,0,0,inf,inf,0,0,0,0,0,0,0,0,0,0,0,0,0
1,table_under_pick,69,isSafe,1,1,0.0604089,41880,13,12.8845,8,6444,0,0.00119992,0.00249477,0,0,0,0,37,9,0.351351,0,0,0,0,0,0
1,table_under_pick,69,qpFixed,1,1,0.0900683,60893,21,18.3141,28956,28956,0,0.00294002,0.00249477,0,0,0.000577822,0,10,10,2.1,0,0,0,1,0,0
1,table_under_pick,69,qpPlain,1,1,0.279469,60893,21,18.3141,28956,28956,0,0.00294002,0.00249477,0,0,0.000577822,0,10,10,2.1,0,0,0,1,0,0
1,table_under_pick,69,qpAdaptive,1,1,0.0748285,40053,21,18.3146,22164,22164,0,0.00294008,0.00249477,0,0,0.000878539,0.0410706,10,10,2.1,0,0,0,0.958929,0.0408708,0.000199735
1,table_under_pick,69,qpFreeGate,1,1,0.0656117,47350,20,13.8985,22371,22371,0,0.00307396,0.00249477,0,0,0.000573841,0,40,13,0.5,0,0,0,1,0,0
1,table_under_pick,69,qpEnvelope,1,1,0.0718882,38465,21,18.3148,21450,21450,0,0.00294006,0.00249477,0,0,0.000914946,0.0212401,10,10,2.1,0,0,0,0.97876,0.0210321,0.000207981
1,table_under_pick,76,isSafe,0,0,0,0,0,0,0,0,0,inf,inf,0,0,0,0,0,0,0,0,0,0,0,0,0
1,table_under_pick,76,qpFixed,0,0,0,0,0,0,0,0,0,inf,inf,0,0,0,0,0,0,0,0,0,0,0,0,0
1,table_under_pick,76,qpPlain,0,0,0,0,0,0,0,0,0,inf,inf,0,0,0,0,0,0,0,0,0,0,0,0,0
1,table_under_pick,76,qpAdaptive,0,0,0,0,0,0,0,0,0,inf,inf,0,0,0,0,0,0,0,0,0,0,0,0,0
1,table_under_pick,76,qpFreeGate,0,0,0,0,0,0,0,0,0,inf,inf,0,0,0,0,0,0,0,0,0,0,0,0,0
1,table_under_pick,76,qpEnvelope,0,0,0,0,0,0,0,0,0,inf,inf,0,0,0,0,0,0,0,0,0,0,0,0,0
1,table_under_pick,83,isSafe,1,0,10.0018,9453515,3988,0,0,0,0,inf,inf,0,0,0,0,32665,3986,0.122088,0,0,0,0,0,0
1,table_under_pick,83,qpFixed,1,0,10.0024,7406579,873,0,0,0,0,inf,inf,0,0,0.000325848,0,1536,776,0.568359,0,0,0,1,0,0
1,table_under_pick,83,qpPlain,1,0,10.0245,2104042,300,0,0,0,0,inf,inf,0,0,0.000358598,0,376,239,0.797872,0,0,0,1,0,0
1,table_under_pick,83,qpAdaptive,1,0,10.0046,6343289,823,0,0,0,0,inf,inf,0,0,0.000356464,0.00408794,1412,727,0.582861,0,0,0,0.995912,0.00405704,3.12141e-05
1,table_under_pick,83,qpFreeGate,1,0,10.0011,7423428,3284,0,0,0,0,inf,inf,0,0,0.000570546,0,18769,3279,0.174969,0,0,0,1,0,0
1,table_under_pick,83,qpEnvelope,1,0,10.0056,6390690,830,0,0,0,0,inf,inf,0,0,0.000356836,0.000536875,1425,734,0.582456,0,0,0,0.999463,0.000506675,3.03567e-05
1,table_under_pick,90,isSafe,1,1,0.0759137,73961,21,12.8359,8,6419,0,7.68018e-05,0.00249477,0,0,0,0,138,17,0.152174,0,0,0,0,0,0
1,table_under_pick,90,qpFixed,1,1,0.130697,77457,27,15.6415,24858,24858,0,0.00297256,0.00249477,0,0,0.000549005,0,14,13,1.92857,0,0,0,1,0,0
1,table_under_pick,90,qpPlain,1,1,0.374198,77457,27,15.6415,24858,24858,0,0.00297256,0.00249477,0,0,0.000549005,0,14,13,1.92857,0,0,0,1,0,0
1,table_under_pick,90,qpAdaptive,1,1,0.135957,67982,27,15.6419,19491,19491,0,0.00297389,0.00249477,0,0,0.000625531,0.0233591,14,13,1.92857,0,0,0,0.976641,0.023315,4.41293e-05
1,table_under_pick,90,qpFreeGate,1,1,0.127844,94841,37,10.7118,15324,15324,0,0.00305612,0.00249477,0,0,0.000596855,0,165,32,0.224242,0,0,0,1,0,0
1,table_under_pick,90,qpEnvelope,1,1,0.132267,66425,27,15.6437,19055,19055,0,0.00297389,0.00249477,0,0,0.000640257,0.0141965,14,13,1.92857,0,0,0,0.985804,0.0141513,4.51637e-05
1,table_under_pick,97,isSafe,0,0,0,0,0,0,0,0,0,inf,inf,0,0,0,0,0,0,0,0,0,0,0,0,0
1,table_under_pick,97,qpFixed,0,0,0,0,0,0,0,0,0,inf,inf,0,0,0,0,0,0,0,0,0,0,0,0,0
1,table_under_pick,97,qpPlain,0,0,0,0,0,0,0,0,0,inf,inf,0,0,0,0,0,0,0,0,0,0,0,0,0
1,table_under_pick,97,qpAdaptive,0,0,0,0,0,0,0,0,0,inf,inf,0,0,0,0,0,0,0,0,0,0,0,0,0
1,table_under_pick,97,qpFreeGate,0,0,0,0,0,0,0,0,0,inf,inf,0,0,0,0,0,0,0,0,0,0,0,0,0
1,table_under_pick,97,qpEnvelope,0,0,0,0,0,0,0,0,0,inf,inf,0,0,0,0,0,0,0,0,0,0,0,0,0
1,bookshelf_small,4,isSafe,0,0,0,0,0,0,0,0,0,inf,inf,0,0,0,0,0,0,0,0,0,0,0,0,0
1,bookshelf_small,4,qpFixed,0,0,0,0,0,0,0,0,0,inf,inf,0,0,0,0,0,0,0,0,0,0,0,0,0
1,bookshelf_small,4,qpPlain,0,0,0,0,0,0,0,0,0,inf,inf,0,0,0,0,0,0,0,0,0,0,0,0,0
1,bookshelf_small,4,qpAdaptive,0,0,0,0,0,0,0,0,0,inf,inf,0,0,0,0,0,0,0,0,0,0,0,0,0
1,bookshelf_small,4,qpFreeGate,0,0,0,0,0,0,0,0,0,inf,inf,0,0,0,0,0,0,0,0,0,0,0,0,0
1,bookshelf_small,4,qpEnvelope,0,0,0,0,0,0,0,0,0,inf,inf,0,0,0,0,0,0,0,0,0,0,0,0,0
1,bookshelf_small,12,isSafe,0,0,0,0,0,0,0,0,0,inf,inf,0,0,0,0,0,0,0,0,0,0,0,0,0
1,bookshelf_small,12,qpFixed,0,0,0,0,0,0,0,0,0,inf,inf,0,0,0,0,0,0,0,0,0,0,0,0,0
1,bookshelf_small,12,qpPlain,0,0,0,0,0,0,0,0,0,inf,inf,0,0,0,0,0,0,0,0,0,0,0,0,0
1,bookshelf_small,12,qpAdaptive,0,0,0,0,0,0,0,0,0,inf,inf,0,0,0,0,0,0,0,0,0,0,0,0,0
1,bookshelf_small,12,qpFreeGate,0,0,0,0,0,0,0,0,0,inf,inf,0,0,0,0,0,0,0,0,0,0,0,0,0
1,bookshelf_small,12,qpEnvelope,0,0,0,0,0,0,0,0,0,inf,inf,0,0,0,0,0,0,0,0,0,0,0,0,0
1,bookshelf_small,19,isSafe,0,0,0,0,0,0,0,0,0,inf,inf,0,0,0,0,0,0,0,0,0,0,0,0,0
1,bookshelf_small,19,qpFixed,0,0,0,0,0,0,0,0,0,inf,inf,0,0,0,0,0,0,0,0,0,0,0,0,0
1,bookshelf_small,19,qpPlain,0,0,0,0,0,0,0,0,0,inf,inf,0,0,0,0,0,0,0,0,0,0,0,0,0
1,bookshelf_small,19,qpAdaptive,0,0,0,0,0,0,0,0,0,inf,inf,0,0,0,0,0,0,0,0,0,0,0,0,0
1,bookshelf_small,19,qpFreeGate,0,0,0,0,0,0,0,0,0,inf,inf,0,0,0,0,0,0,0,0,0,0,0,0,0
1,bookshelf_small,19,qpEnvelope,0,0,0,0,0,0,0,0,0,inf,inf,0,0,0,0,0,0,0,0,0,0,0,0,0
1,bookshelf_small,27,isSafe,1,1,2.00476,1888101,611,13.7544,9,6879,0,0.00328041,0.0011052,0,0,0,0,6249,607,0.0977756,0,0,0,0,0,0
1,bookshelf_small,27,qpFixed,1,1,0.0738891,46713,18,15.8209,25278,25278,0,0.00293659,0.00249477,0,0,0.000557069,0,7,7,2.57143,0,0,0,1,0,0
1,bookshelf_small,27,qpPlain,1,1,0.225044,46713,18,15.8209,25278,25278,0,0.00293659,0.00249477,0,0,0.000557069,0,7,7,2.57143,0,0,0,1,0,0
1,bookshelf_small,27,qpAdaptive,1,1,0.070373,36058,18,15.8214,21138,21138,0,0.00293855,0.00249477,0,0,0.000721701,0.0133396,7,7,2.57143,0,0,0,0.986633,0.013201,0.000166399
1,bookshelf_small,27,qpFreeGate,1,1,0.708824,537099,172,16.4267,20110,20110,0,0.00305658,0.00249477,0,0,0.000540224,0,889,168,0.193476,0,0,0,1,0,0
1,bookshelf_small,27,qpEnvelope,1,1,0.0686751,35642,18,15.8233,21064,21064,0,0.00294004,0.00249477,0,0,0.000730192,0.00620055,7,7,2.57143,0,0,0,0.993799,0.00603221,0.000168341
1,bookshelf_small,35,isSafe,1,1,0.267928,253340,69,12.1959,8,6099,0,0.00328232,0.00249477,0,0,0,0,532,65,0.129699,0,0,0,0,0,0
1,bookshelf_small,35,qpFixed,1,1,0.396841,227889,53,17.8767,29179,29179,0,0.00208658,0.00249477,0,0,0.00043736,0,48,31,1.10417,0,0,0,1,0,0
1,bookshelf_small,35,qpPlain,1,1,1.13242,227889,53,17.8767,29179,29179,0,0.00208658,0.00249477,0,0,0.00043736,0,48,31,1.10417,0,0,0,1,0,0
1,bookshelf_small,35,qpAdaptive,1,1,0.410001,200124,53,17.8788,19832,19832,0,0.00208213,0.00249477,0,0,0.000498069,0.011328,48,31,1.10417,0,0,0,0.988667,0.011298,3.49783e-05
1,bookshelf_small,35,qpFreeGate,1,1,0.268354,200144,71,16.3934,25338,25338,0,0.00303683,0.00249477,0,0,0.000555062,0,287,56,0.247387,0,0,0,1,0,0
1,bookshelf_small,35,qpEnvelope,1,1,0.402727,198247,53,17.8793,19193,19193,0,0.00205371,0.00249477,0,0,0.000502979,0.00549315,48,31,1.10417,0,0,0,0.994502,0.00546288,3.53095e-05
1,bookshelf_small,42,isSafe,0,0,0,0,0,0,0,0,0,inf,inf,0,0,0,0,0,0,0,0,0,0,0,0,0
1,bookshelf_small,42,qpFixed,0,0,0,0,0,0,0,0,0,inf,inf,0,0,0,0,0,0,0,0,0,0,0,0,0
1,bookshelf_small,42,qpPlain,0,0,0,0,0,0,0,0,0,inf,inf,0,0,0,0,0,0,0,0,0,0,0,0,0
1,bookshelf_small,42,qpAdaptive,0,0,0,0,0,0,0,0,0,inf,inf,0,0,0,0,0,0,0,0,0,0,0,0,0
1,bookshelf_small,42,qpFreeGate,0,0,0,0,0,0,0,0,0,inf,inf,0,0,0,0,0,0,0,0,0,0,0,0,0
1,bookshelf_small,42,qpEnvelope,0,0,0,0,0,0,0,0,0,inf,inf,0,0,0,0,0,0,0,0,0,0,0,0,0
1,bookshelf_small,49,isSafe,1,1,1.6957,1654354,528,12.9973,9,6500,0,0.00314186,0.00249477,0,0,0,0,5883,523,0.0897501,0,0,0,0,0,0
1,bookshelf_small,49,qpFixed,1,1,0.014712,13270,7,9.28187,13271,13271,0,0.00294144,0.00249477,0,0,0.000699463,0,1,1,7,0,0,0,1,0,0
1,bookshelf_small,49,qpPlain,1,1,0.0570964,13270,7,9.28187,13271,13271,0,0.00294144,0.00249477,0,0,0.000699463,0,1,1,7,0,0,0,1,0,0
1,bookshelf_small,49,qpAdaptive,1,1,0.00511109,2778,7,9.2819,6479,6479,0,0.00293814,0.00249477,0,0,0.00334122,0.0921526,1,1,7,0,0,0,0.907847,0.0907127,0.00143988
1,bookshelf_small,49,qpFreeGate,1,1,0.334889,248567,100,19.967,29945,29945,0,0.00304717,0.00249477,0,0,0.000622093,0,484,94,0.206612,0,0,0,1,0,0
1,bookshelf_small,49,qpEnvelope,1,1,0.00449381,2468,7,9.2821,6311,6311,0,0.00294111,0.00249477,0,0,0.00376098,0.0356564,1,1,7,0,0,0,0.964344,0.0340357,0.00162075
1,bookshelf_small,56,isSafe,0,0,0,0,0,0,0,0,0,inf,inf,0,0,0,0,0,0,0,0,0,0,0,0,0
1,bookshelf_small,56,qpFixed,0,0,0,0,0,0,0,0,0,inf,inf,0,0,0,0,0,0,0,0,0,0,0,0,0
1,bookshelf_small,56,qpPlain,0,0,0,0,0,0,0,0,0,inf,inf,0,0,0,0,0,0,0,0,0,0,0,0,0
1,bookshelf_small,56,qpAdaptive,0,0,0,0,0,0,0,0,0,inf,inf,0,0,0,0,0,0,0,0,0,0,0,0,0
1,bookshelf_small,56,qpFreeGate,0,0,0,0,0,0,0,0,0,inf,inf,0,0,0,0,0,0,0,0,0,0,0,0,0
1,bookshelf_small,56,qpEnvelope,0,0,0,0,0,0,0,0,0,inf,inf,0,0,0,0,0,0,0,0,0,0,0,0,0
1,bookshelf_small,63,isSafe,1,1,0.0285179,28201,10,12.0473,8,6025,0,0.00428567,0.00249477,0,0,0,0,19,6,0.526316,0,0,0,0,0,0
1,bookshelf_small,63,qpFixed,1,1,0.00661998,6522,5,5.78324,6523,6523,0,0.00304737,0.00249477,0,0,0.000886728,0,1,1,5,0,0,0,1,0,0
1,bookshelf_small,63,qpPlain,1,1,0.0273005,6522,5,5.78324,6523,6523,0,0.00304737,0.00249477,0,0,0.000886728,0,1,1,5,0,0,0,1,0,0
1,bookshelf_small,63,qpAdaptive,1,1,0.00118909,687,5,5.78324,3267,3267,0,0.00302969,0.00249477,0,0,0.0084181,0.3377,1,1,5,0,0,0,0.6623,0.333333,0.00436681
1,bookshelf_small,63,qpFreeGate,1,1,0.0393626,29628,13,13.0666,18549,18549,0,0.00315037,0.00249477,0,0,0.000645416,0,19,8,0.684211,0,0,0,1,0,0
1,bookshelf_small,63,qpEnvelope,1,1,0.000791168,415,5,5.78331,3127,3127,0,0.00304442,0.00249477,0,0,0.0139357,0.204819,1,1,5,0,0,0,0.795181,0.19759,0.00722892
1,bookshelf_small,70,isSafe,1,1,0.0191018,13026,6,6.50817,5,3256,0,0.00637414,0.00249477,0,0,0,0,5,1,1.2,0,0,0,0,0,0
1,bookshelf_small,70,qpFixed,1,1,0.0697789,41369,21,8.72336,11036,11036,0,0.00479226,0.00249477,0,0,0.000696963,0,7,6,3,0,0,0,1,0,0
1,bookshelf_small,70,qpPlain,1,1,0.27586,41369,21,8.72336,11036,11036,0,0.00479226,0.00249477,0,0,0.000696963,0,7,6,3,0,0,0,1,0,0
1,bookshelf_small,70,qpAdaptive,1,1,0.0407481,16043,20,8.72108,4610,4610,0,0.00494049,0.00249477,0,0,0.00179716,0.0961167,7,6,2.85714,0,0,0,0.903883,0.0953064,0.000810322
1,bookshelf_small,70,qpFreeGate,1,1,0.0272454,16574,12,8.49281,11632,11632,0,0.00637414,0.00249477,0,0,0.000690491,0,7,3,1.71429,0,0,0,1,0,0
1,bookshelf_small,70,qpEnvelope,1,1,0.0371643,14461,20,8.72214,4425,4425,0,0.00471241,0.00249477,0,0,0.00199407,0.0580873,7,6,2.85714,0,0,0,0.941913,0.0571883,0.00089897
1,bookshelf_small,77,isSafe,1,1,0.154082,103248,28,11.5918,7,5797,0,0.00803499,0.00249477,0,0,0,0,158,24,0.177215,0,0,0,0,0,0
1,bookshelf_small,77,qpFixed,1,1,0.107499,62898,42,16.1506,22926,22926,0,0.00294398,0.00249477,0,0,0.000668066,0,12,11,3.5,0,0,0,1,0,0
1,bookshelf_small,77,qpPlain,1,1,0.424855,62898,42,16.1506,22926,22926,0,0.00294398,0.00249477,0,0,0.000668066,0,12,11,3.5,0,0,0,1,0,0
1,bookshelf_small,77,qpAdaptive,1,1,0.0762479,33962,41,16.1511,13248,13248,0,0.00294454,0.00249477,0,0,0.00123731,0.1161,12,11,3.41667,0,0,0,0.883546,0.115423,0.00103056
1,bookshelf_small,77,qpFreeGate,1,1,0.0677249,40623,20,13.895,19876,19876,0,0.00306044,0.00249477,0,0,0.000678774,0,40,14,0.5,0,0,0,1,0,0
1,bookshelf_small,77,qpEnvelope,1,1,0.0685073,30015,38,16.1546,12744,12744,0,0.00294287,0.00249477,0,0,0.00140016,0.0295852,12,11,3.16667,0,0,0,0.970182,0.0287523,0.00106613
1,bookshelf_small,84,isSafe,1,1,0.0176056,17803,7,6.89372,5,3448,0,0.000679665,0.00249477,0,0,0,0,3,2,2.33333,0,0,0,0,0,0
1,bookshelf_small,84,qpFixed,1,1,0.00715699,6821,5,5.05211,6822,6822,0,0.0039215,0.00249477,0,0,0.00074067,0,1,1,5,0,0,0,1,0,0
1,bookshelf_small,84,qpPlain,1,1,0.029419,6821,5,5.05211,6822,6822,0,0.0039215,0.00249477,0,0,0.00074067,0,1,1,5,0,0,0,1,0,0
1,bookshelf_small,84,qpAdaptive,1,1,0.000557655,285,5,5.05215,2677,2677,0,0.00391354,0.00249477,0,0,0.0177268,0.677193,1,1,5,0,0,0,0.322807,0.666667,0.0105263
1,bookshelf_small,84,qpFreeGate,1,1,0.0281665,21159,9,7.22181,10403,10403,0,0.00949054,0.00249477,0,0,0.000637601,0,16,5,0.5625,0,0,0,1,0,0
1,bookshelf_small,84,qpEnvelope,1,1,0.000303368,111,5,5.05253,2581,2581,0,0.00394799,0.00249477,0,0,0.0455182,0.891892,1,1,5,0,0,0,0.108108,0.864865,0.027027
1,bookshelf_small,92,isSafe,1,1,0.018822,18830,7,9.41143,6,4707,0,0.00252154,0.00249477,0,0,0,0,4,3,1.75,0,0,0,0,0,0
1,bookshelf_small,92,qpFixed,1,1,0.0109592,8642,6,7.20065,8643,8643,0,0.00276658,0.00249477,0,0,0.000833216,0,1,1,6,0,0,0,1,0,0
1,bookshelf_small,92,qpPlain,1,1,0.0371308,8642,6,7.20065,8643,8643,0,0.00276658,0.00249477,0,0,0.000833216,0,1,1,6,0,0,0,1,0,0
1,bookshelf_small,92,qpAdaptive,1,1,0.00591915,3240,6,7.20072,5450,5450,0,0.00276576,0.00249477,0,0,0.00222244,0.175,1,1,6,0,0,0,0.825,0.174074,0.000925926
1,bookshelf_small,92,qpFreeGate,1,1,0.0272933,19302,10,12.2375,15901,15901,0,0.00298867,0.00249477,0,0,0.000730401,0,4,4,2.5,0,0,0,1,0,0
1,bookshelf_small,92,qpEnvelope,1,1,0.00518242,2627,6,7.20092,5116,5116,0,0.00276572,0.00249477,0,0,0.00274112,0.056338,1,1,6,0,0,0,0.943662,0.055196,0.00114199
1,bookshelf_small,99,isSafe,1,1,0.032908,31670,10,13.7364,8,6870,0,0.005482,0.00249477,0,0,0,0,10,6,1,0,0,0,0,0,0
1,bookshelf_small,99,qpFixed,1,1,0.0110627,11492,6,7.20114,11493,11493,0,0.00303974,0.00249477,0,0,0.000626622,0,1,1,6,0,0,0,1,0,0
1,bookshelf_small,99,qpPlain,1,1,0.049169,11492,6,7.20114,11493,11493,0,0.00303974,0.00249477,0,0,0.000626622,0,1,1,6,0,0,0,1,0,0
1,bookshelf_small,99,qpAdaptive,1,1,0.000829176,369,6,7.20115,3822,3822,0,0.00303587,0.00249477,0,0,0.0195153,0.452575,1,1,6,0,0,0,0.547425,0.441734,0.0108401
1,bookshelf_small,99,qpFreeGate,1,1,0.0626485,44638,19,15.9726,22700,22700,0,0.00309839,0.00249477,0,0,0.000678699,0,33,14,0.575758,0,0,0,1,0,0
1,bookshelf_small,99,qpEnvelope,1,1,0.000499713,215,6,7.20125,3739,3739,0,0.00303041,0.00249477,0,0,0.0334942,0.255814,1,1,6,0,0,0,0.744186,0.237209,0.0186047
1,box,6,isSafe,1,1,0.0922117,91567,26,12.108,8,6056,0,0.0217481,0.00249477,0,0,0,0,92,22,0.282609,0,0,0,0,0,0
1,box,6,qpFixed,1,1,0.0683182,46476,23,16.2671,25341,25341,0,0.00294263,0.00249477,0,0,0.000580366,0,8,7,2.875,0,0,0,1,0,0
1,box,6,qpPlain,1,1,0.210214,46476,23,16.2671,25341,25341,0,0.00294263,0.00249477,0,0,0.000580366,0,8,7,2.875,0,0,0,1,0,0
1,box,6,qpAdaptive,1,1,0.052077,25838,23,16.2676,17011,17011,0,0.00294374,0.00249477,0,0,0.00104395,0.0492685,8,7,2.875,0,0,0,0.950693,0.0488041,0.000503135
1,box,6,qpFreeGate,1,1,0.0818386,58805,32,16.9962,24089,24089,0,0.0030485,0.00249477,0,0,0.000668031,0,48,21,0.666667,0,0,0,1,0,0
1,box,6,qpEnvelope,1,1,0.0501468,24898,23,16.2693,16712,16712,0,0.00294376,0.00249477,0,0,0.00108343,0.0263475,8,7,2.875,0,0,0,0.973653,0.0257852,0.000562294
1,box,13,isSafe,1,1,0.038344,38756,12,13.3529,8,6678,0,0.016466,0.00249477,0,0,0,0,22,9,0.545455,0,0,0,0,0,0
1,box,13,qpFixed,1,1,0.0105102,8031,6,5.66248,8032,8032,0,0.00293875,0.00249477,0,0,0.000705078,0,1,1,6,0,0,0,1,0,0
1,box,13,qpPlain,1,1,0.0357116,8031,6,5.66248,8032,8032,0,0.00293875,0.00249477,0,0,0.000705078,0,1,1,6,0,0,0,1,0,0
1,box,13,qpAdaptive,1,1,0.00551281,2677,6,5.66252,4503,4503,0,0.00293902,0.00249477,0,0,0.00211525,0.050056,1,1,6,0,0,0,0.949944,0.0489354,0.00112066
1,box,13,qpFreeGate,1,1,0.0398764,28525,14,9.97373,14720,14720,0,0.00312094,0.00249477,0,0,0.000614381,0,32,10,0.4375,0,0,0,1,0,0
1,box,13,qpEnvelope,1,1,0.00531039,2563,6,5.66275,4443,4443,0,0.00293906,0.00249477,0,0,0.00220942,0.0198986,1,1,6,0,0,0,0.980101,0.0187281,0.0011705
1,box,20,isSafe,1,1,0.075775,71656,21,16.3716,10,8187,0,0.0168104,0.00249477,0,0,0,0,86,17,0.244186,0,0,0,0,0,0
1,box,20,qpFixed,1,1,0.0141428,10560,6,6.84762,10561,10561,0,0.00297714,0.00249477,0,0,0.000648449,0,1,1,6,0,0,0,1,0,0
1,box,20,qpPlain,1,1,0.0478499,10560,6,6.84762,10561,10561,0,0.00297714,0.00249477,0,0,0.000648449,0,1,1,6,0,0,0,1,0,0
1,box,20,qpAdaptive,1,1,0.00811135,4029,6,6.84781,6265,6265,0,0.00297712,0.00249477,0,0,0.00169963,0.0290395,1,1,6,0,0,0,0.970961,0.0282949,0.000744602
1,box,20,qpFreeGate,1,1,0.0700364,48287,22,9.88159,14370,14370,0,0.00303782,0.00249477,0,0,0.000694751,0,46,17,0.478261,0,0,0,1,0,0
1,box,20,qpEnvelope,1,1,0.00784489,3958,6,6.84799,6211,6211,0,0.00297685,0.00249477,0,0,0.00173016,0.0171804,1,1,6,0,0,0,0.98282,0.0164224,0.000757959
1,box,27,isSafe,1,1,0.035951,35655,11,9.79974,6,4901,0,0.0245645,0.00249477,0,0,0,0,24,7,0.458333,0,0,0,0,0,0
1,box,27,qpFixed,1,1,0.0633426,43383,19,16.5672,24340,24340,0,0.00295821,0.00249477,0,0,0.000591228,0,6,6,3.16667,0,0,0,1,0,0
1,box,27,qpPlain,1,1,0.196821,43383,19,16.5672,24340,24340,0,0.00295821,0.00249477,0,0,0.000591228,0,6,6,3.16667,0,0,0,1,0,0
1,box,27,qpAdaptive,1,1,0.0499246,26703,19,16.5693,17407,17407,0,0.00295794,0.00249477,0,0,0.000960677,0.0419429,6,6,3.16667,0,0,0,0.95802,0.0416058,0.00037449
1,box,27,qpFreeGate,1,1,0.0948796,70117,31,13.3045,19482,19482,0,0.00311021,0.00249477,0,0,0.000635086,0,62,23,0.5,0,0,0,1,0,0
1,box,27,qpEnvelope,1,1,0.0490753,26002,19,16.573,17193,17193,0,0.00295821,0.00249477,0,0,0.000986834,0.0282671,6,6,3.16667,0,0,0,0.971733,0.0278825,0.000384586
1,box,34,isSafe,1,1,0.0706848,70587,20,9.21961,6,4611,0,0.0723995,0.00249477,0,0,0,0,66,16,0.30303,0,0,0,0,0,0
1,box,34,qpFixed,1,1,0.0089882,6963,5,5.45895,6964,6964,0,0.00293904,0.00249477,0,0,0.000783994,0,1,1,5,0,0,0,1,0,0
1,box,34,qpPlain,1,1,0.030707,6963,5,5.45895,6964,6964,0,0.00293904,0.00249477,0,0,0.000783994,0,1,1,5,0,0,0,1,0,0
1,box,34,qpAdaptive,1,1,0.00532428,2600,5,5.45895,4358,4358,0,0.00293972,0.00249477,0,0,0.0020996,0.0434615,1,1,5,0,0,0,0.956538,0.0426923,0.000769231
1,box,34,qpFreeGate,1,1,0.100645,74333,29,19.0612,27718,27718,0,0.00302855,0.00249477,0,0,0.000625927,0,80,22,0.3625,0,0,0,1,0,0
1,box,34,qpEnvelope,1,1,0.00502847,2522,5,5.45904,4315,4315,0,0.00293857,0.00249477,0,0,0.00216457,0.0281523,1,1,5,0,0,0,0.971848,0.0273592,0.000793021
1,box,41,isSafe,1,1,0.0160058,15317,6,5.65122,4,2827,0,0.025224,0.00249477,0,0,0,0,6,3,1,0,0,0,0,0,0
1,box,41,qpFixed,1,1,0.0102636,7984,6,5.34172,7985,7985,0,0.00293941,0.00249477,0,0,0.000669054,0,1,1,6,0,0,0,1,0,0
1,box,41,qpPlain,1,1,0.0355182,7984,6,5.34172,7985,7985,0,0.00293941,0.00249477,0,0,0.000669054,0,1,1,6,0,0,0,1,0,0
1,box,41,qpAdaptive,1,1,0.00640756,3169,6,5.34174,4810,4810,0,0.00293942,0.00249477,0,0,0.00168562,0.0419691,1,1,6,0,0,0,0.958031,0.0410224,0.000946671
1,box,41,qpFreeGate,1,1,0.0889371,63411,39,15.8411,22773,22773,0,0.00301112,0.00249477,0,0,0.000629357,0,78,20,0.5,0,0,0,1,0,0
1,box,41,qpEnvelope,1,1,0.00608274,3084,6,5.34178,4766,4766,0,0.00293942,0.00249477,0,0,0.0017321,0.0295071,1,1,6,0,0,0,0.970493,0.0285344,0.000972763
1,box,48,isSafe,1,1,0.0414968,40708,13,12.7946,8,6399,0,0.0128451,0.00249477,0,0,0,0,37,8,0.351351,0,0,0,0,0,0
1,box,48,qpFixed,1,1,0.0126209,8286,6,6.01986,8287,8287,0,0.00296353,0.00249477,0,0,0.00072651,0,1,1,6,0,0,0,1,0,0
1,box,48,qpPlain,1,1,0.0377876,8286,6,6.01986,8287,8287,0,0.00296353,0.00249477,0,0,0.00072651,0,1,1,6,0,0,0,1,0,0
1,box,48,qpAdaptive,1,1,0.00609997,3015,6,6.02027,4998,4998,0,0.00296318,0.00249477,0,0,0.00199677,0.102488,1,1,6,0,0,0,0.897512,0.101493,0.000995025
1,box,48,qpFreeGate,1,1,0.038137,26832,17,12.515,16541,16541,0,0.00301964,0.00249477,0,0,0.000689766,0,25,8,0.68,0,0,0,1,0,0
1,box,48,qpEnvelope,1,1,0.00564612,2771,6,6.02078,4832,4832,0,0.00296274,0.00249477,0,0,0.00217278,0.124865,1,1,6,0,0,0,0.875135,0.123782,0.00108264
1,box,55,isSafe,1,1,0.0293019,29827,10,8.89362,6,4448,0,0.00042758,0.00249477,0,0,0,0,19,5,0.526316,0,0,0,0,0,0
1,box,55,qpFixed,1,1,0.0874305,56918,24,20.7053,30987,30987,0,0.00297389,0.00249477,0,0,0.000620719,0,10,10,2.4,0,0,0,1,0,0
1,box,55,qpPlain,1,1,0.258075,56918,24,20.7053,30987,30987,0,0.00297389,0.00249477,0,0,0.000620719,0,10,10,2.4,0,0,0,1,0,0
1,box,55,qpAdaptive,1,1,0.07894,41596,24,20.7054,24717,24717,0,0.00297387,0.00249477,0,0,0.000849391,0.0563275,10,10,2.4,0,0,0,0.943624,0.0561352,0.000240408
1,box,55,qpFreeGate,1,1,0.178755,129925,57,23.9724,35625,35625,0,0.00300275,0.00249477,0,0,0.000642707,0,174,47,0.327586,0,0,0,1,0,0
1,box,55,qpEnvelope,1,1,0.0747749,38645,24,20.7065,23594,23594,0,0.00297389,0.00249477,0,0,0.000914394,0.0274033,10,10,2.4,0,0,0,0.972545,0.0272222,0.000232889
1,box,62,isSafe,1,1,0.0434085,41894,13,6.92029,5,3462,0,0.0403958,0.00249477,0,0,0,0,16,9,0.8125,0,0,0,0,0,0
1,box,62,qpFixed,1,1,0.0131059,9532,6,6.05137,9533,9533,0,0.0029386,0.00249477,0,0,0.000634848,0,1,1,6,0,0,0,1,0,0
1,box,62,qpPlain,1,1,0.0430422,9532,6,6.05137,9533,9533,0,0.0029386,0.00249477,0,0,0.000634848,0,1,1,6,0,0,0,1,0,0
1,box,62,qpAdaptive,1,1,0.00687588,3425,6,6.05161,5512,5512,0,0.0029386,0.00249477,0,0,0.00176689,0.04,1,1,6,0,0,0,0.96,0.0391241,0.000875912
1,box,62,qpFreeGate,1,1,0.157199,112046,54,13.2196,18568,18568,0,0.00303524,0.00249477,0,0,0.000646956,0,93,35,0.580645,0,0,0,1,0,0
1,box,62,qpEnvelope,1,1,0.00667217,3352,6,6.05193,5474,5474,0,0.0029386,0.00249477,0,0,0.00180547,0.0283413,1,1,6,0,0,0,0.971659,0.0274463,0.000894988
1,box,69,isSafe,1,1,0.125287,120523,33,9.65989,6,4831,0,0.03541,0.00249477,0,0,0,0,140,30,0.235714,0,0,0,0,0,0
1,box,69,qpFixed,1,1,0.0199971,14084,8,8.39753,11822,11822,0,0.00294455,0.00249477,0,0,0.000659942,0,2,2,4,0,0,0,1,0,0
1,box,69,qpPlain,1,1,0.0651265,14084,8,8.39753,11822,11822,0,0.00294455,0.00249477,0,0,0.000659942,0,2,2,4,0,0,0,1,0,0
1,box,69,qpAdaptive,1,1,0.0119246,6088,8,8.39777,6797,6797,0,0.00294457,0.00249477,0,0,0.00152675,0.0448423,2,2,4,0,0,0,0.955158,0.044021,0.000821288
1,box,69,qpFreeGate,1,1,0.316276,227416,94,15.3349,20693,20693,0,0.00304684,0.00249477,0,0,0.000623068,0,312,77,0.301282,0,0,0,1,0,0
1,box,69,qpEnvelope,1,1,0.0114494,5914,8,8.39805,6712,6712,0,0.00294459,0.00249477,0,0,0.00157172,0.0238417,2,2,4,0,0,0,0.976158,0.0229963,0.000845451
1,box,76,isSafe,1,1,0.0707514,69357,20,12.5909,8,6297,0,0.0351813,0.00249477,0,0,0,0,82,16,0.243902,0,0,0,0,0,0
1,box,76,qpFixed,1,1,0.0278818,20414,11,10.6767,15159,15159,0,0.00295354,0.00249477,0,0,0.000647671,0,3,3,3.66667,0,0,0,1,0,0
1,box,76,qpPlain,1,1,0.0911197,20414,11,10.6767,15159,15159,0,0.00295354,0.00249477,0,0,0.000647671,0,3,3,3.66667,0,0,0,1,0,0
1,box,76,qpAdaptive,1,1,0.0192439,10596,11,10.6775,10313,10313,0,0.00295412,0.00249477,0,0,0.00124786,0.0791808,3,3,3.66667,0,0,0,0.920819,0.0788033,0.000377501
1,box,76,qpFreeGate,1,1,0.140381,100186,46,10.9478,17201,17201,0,0.00306354,0.00249477,0,0,0.00063712,0,102,35,0.45098,0,0,0,1,0,0
1,box,76,qpEnvelope,1,1,0.0179988,9821,11,10.6779,10005,10005,0,0.0029539,0.00249477,0,0,0.00134674,0.047653,3,3,3.66667,0,0,0,0.952347,0.0472457,0.00040729
1,box,83,isSafe,1,1,0.0287005,19377,7,9.67116,6,4837,0,0.0296236,0.00249477,0,0,0,0,8,3,0.875,0,0,0,0,0,0
1,box,83,qpFixed,1,1,0.00927618,6018,5,5.09597,6019,6019,0,0.00296571,0.00249477,0,0,0.000846788,0,1,1,5,0,0,0,1,0,0
1,box,83,qpPlain,1,1,0.0392174,6018,5,5.09597,6019,6019,0,0.00296571,0.00249477,0,0,0.000846788,0,1,1,5,0,0,0,1,0,0
1,box,83,qpAdaptive,1,1,0.0028999,1116,5,5.09608,3208,3208,0,0.00295524,0.00249477,0,0,0.00456638,0.154122,1,1,5,0,0,0,0.845878,0.151434,0.00268817
1,box,83,qpFreeGate,1,1,0.0896384,53231,23,19.4137,27290,27290,0,0.00318948,0.00249477,0,0,0.000657594,0,35,16,0.657143,0,0,0,1,0,0
1,box,83,qpEnvelope,1,1,0.00265289,961,5,5.09635,3116,3116,0,0.0029665,0.00249477,0,0,0.00530317,0.126951,1,1,5,0,0,0,0.873049,0.123829,0.00312175
1,box,90,isSafe,1,1,0.0406742,40229,13,12.0595,8,6031,0,0.0222398,0.00249477,0,0,0,0,43,8,0.302326,0,0,0,0,0,0
1,box,90,qpFixed,1,1,0.0141941,11728,6,6.47287,11729,11729,0,0.00293795,0.00249477,0,0,0.000551916,0,1,1,6,0,0,0,1,0,0
1,box,90,qpPlain,1,1,0.0515735,11728,6,6.47287,11729,11729,0,0.00293795,0.00249477,0,0,0.000551916,0,1,1,6,0,0,0,1,0,0
1,box,90,qpAdaptive,1,1,0.00580138,2922,6,6.47328,5533,5533,0,0.00293797,0.00249477,0,0,0.00221536,0.050308,1,1,6,0,0,0,0.949692,0.0492813,0.00102669
1,box,90,qpFreeGate,1,1,0.0694372,51398,18,13.216,17821,17821,0,0.00302848,0.00249477,0,0,0.000632021,0,43,11,0.418605,0,0,0,1,0,0
1,box,90,qpEnvelope,1,1,0.005515,2820,6,6.47407,5477,5477,0,0.00293791,0.00249477,0,0,0.00229577,0.0248227,1,1,6,0,0,0,0.975177,0.0237589,0.00106383
1,box,97,isSafe,1,1,0.0444536,43786,13,9.85411,6,4929,0,0.0157375,0.00249477,0,0,0,0,32,10,0.40625,0,0,0,0,0,0
1,box,97,qpFixed,1,1,0.00914339,7336,6,6.27033,7337,7337,0,0.00298953,0.00249477,0,0,0.000854734,0,1,1,6,0,0,0,1,0,0
1,box,97,qpPlain,1,1,0.0326248,7336,6,6.27033,7337,7337,0,0.00298953,0.00249477,0,0,0.000854734,0,1,1,6,0,0,0,1,0,0
1,box,97,qpAdaptive,1,1,0.00163759,649,6,6.27034,3490,3490,0,0.00298915,0.00249477,0,0,0.00966154,0.220339,1,1,6,0,0,0,0.779661,0.214176,0.00616333
1,box,97,qpFreeGate,1,1,0.0352968,24044,12,12.8421,17337,17337,0,0.00298202,0.00249477,0,0,0.000676179,0,23,6,0.521739,0,0,0,1,0,0
1,box,97,qpEnvelope,1,1,0.00132263,542,6,6.27033,3439,3439,0,0.00298218,0.00249477,0,0,0.0115689,0.132841,1,1,6,0,0,0,0.867159,0.125461,0.00738007
1,table_pick,4,isSafe,1,1,0.0190411,18521,7,7.23612,5,3620,0,0.00129895,0.00249477,0,0,0,0,14,3,0.5,0,0,0,0,0,0
1,table_pick,4,qpFixed,1,1,0.012227,10888,6,6.43503,10889,10889,0,0.00296469,0.00249477,0,0,0.00059102,0,1,1,6,0,0,0,1,0,0
1,table_pick,4,qpPlain,1,1,0.0468574,10888,6,6.43503,10889,10889,0,0.00296469,0.00249477,0,0,0.00059102,0,1,1,6,0,0,0,1,0,0
1,table_pick,4,qpAdaptive,1,1,0.00308515,1511,6,6.43552,4374,4374,0,0.00296658,0.00249477,0,0,0.00425912,0.137657,1,1,6,0,0,0,0.862343,0.13501,0.00264725
1,table_pick,4,qpFreeGate,1,1,0.15612,116598,47,14.1219,19707,19707,0,0.00300441,0.00249477,0,0,0.000653043,0,158,40,0.297468,0,0,0,1,0,0
1,table_pick,4,qpEnvelope,1,1,0.00275981,1356,6,6.43661,4274,4274,0,0.00296686,0.00249477,0,0,0.00474676,0.0870206,1,1,6,0,0,0,0.912979,0.0840708,0.00294985
1,table_pick,11,isSafe,1,1,0.0900244,59617,18,8.29929,6,4151,0,0.0010983,0.00249477,0,0,0,0,70,14,0.257143,0,0,0,0,0,0
1,table_pick,11,qpFixed,1,1,0.0158665,8869,6,5.28971,8870,8870,0,0.0029378,0.00249477,0,0,0.000596427,0,1,1,6,0,0,0,1,0,0
1,table_pick,11,qpPlain,1,1,0.0607131,8869,6,5.28971,8870,8870,0,0.0029378,0.00249477,0,0,0.000596427,0,1,1,6,0,0,0,1,0,0
1,table_pick,11,qpAdaptive,1,1,0.00990722,3783,6,5.28973,5438,5438,0,0.0029351,0.00249477,0,0,0.00139829,0.0343643,1,1,6,0,0,0,0.965636,0.0335712,0.000793021
1,table_pick,11,qpFreeGate,1,1,0.116645,70661,26,9.78936,13822,13822,0,0.00300296,0.00249477,0,0,0.000611671,0,80,22,0.325,0,0,0,1,0,0
1,table_pick,11,qpEnvelope,1,1,0.00959601,3654,6,5.2898,5354,5354,0,0.00293122,0.00249477,0,0,0.00144767,0.0262726,1,1,6,0,0,0,0.973727,0.0254516,0.000821018
1,table_pick,18,isSafe,1,1,0.135999,135259,36,13.8909,8,6947,0,0.00600169,0.00249477,0,0,0,0,160,33,0.225,0,0,0,0,0,0
1,table_pick,18,qpFixed,1,1,0.0141116,13757,7,8.40196,13758,13758,0,0.002986,0.00249477,0,0,0.00061074,0,1,1,7,0,0,0,1,0,0
1,table_pick,18,qpPlain,1,1,0.0582758,13757,7,8.40196,13758,13758,0,0.002986,0.00249477,0,0,0.00061074,0,1,1,7,0,0,0,1,0,0
1,table_pick,18,qpAdaptive,1,1,0.00083496,341,7,8.40196,4407,4407,0,0.00296739,0.00249477,0,0,0.0246392,0.416422,1,1,7,0,0,0,0.583578,0.40176,0.0146628
1,table_pick,18,qpFreeGate,1,1,0.0704946,53205,24,14.0851,20288,20288,0,0.00303174,0.00249477,0,0,0.000657743,0,28,16,0.857143,0,0,0,1,0,0
1,table_pick,18,qpEnvelope,1,1,0.000572871,224,7,8.40197,4349,4349,0,0.002967,0.00249477,0,0,0.0375088,0.290179,1,1,7,0,0,0,0.709821,0.267857,0.0223214
1,table_pick,25,isSafe,1,1,0.0102707,10269,5,5.13232,4,2568,0,0.00247568,0.00249477,0,0,0,0,1,1,5,0,0,0,0,0,0
1,table_pick,25,qpFixed,1,1,0.00567875,6366,5,5.13242,6367,6367,0,0.00482334,0.00249477,0,0,0.000806223,0,1,1,5,0,0,0,1,0,0
1,table_pick,25,qpPlain,1,1,0.0263318,6366,5,5.13242,6367,6367,0,0.00482334,0.00249477,0,0,0.000806223,0,1,1,5,0,0,0,1,0,0
1,table_pick,25,qpAdaptive,1,1,0.000299524,120,5,5.13242,2635,2635,0,0.00480709,0.00249477,0,0,0.0427701,0.875,1,1,5,0,0,0,0.125,0.85,0.025
1,table_pick,25,qpFreeGate,1,1,0.0260325,20424,9,7.72625,12514,12514,0,0.00313555,0.00249477,0,0,0.000600501,0,11,5,0.818182,0,0,0,1,0,0
1,table_pick,25,qpEnvelope,1,1,0.000255268,63,5,5.13241,2593,2593,0,0.00478534,0.00249477,0,0,0.0814669,1,1,1,5,0,0,0,0,0.952381,0.047619
1,table_pick,32,isSafe,1,1,0.0211858,21285,8,10.6131,7,5308,0,0.000316518,0.00249477,0,0,0,0,4,3,2,0,0,0,0,0,0
1,table_pick,32,qpFixed,1,1,0.0136248,13503,7,8.1689,13504,13504,0,0.00312197,0.00249477,0,0,0.00060497,0,1,1,7,0,0,0,1,0,0
1,table_pick,32,qpPlain,1,1,0.0575994,13503,7,8.1689,13504,13504,0,0.00312197,0.00249477,0,0,0.00060497,0,1,1,7,0,0,0,1,0,0
1,table_pick,32,qpAdaptive,1,1,0.000642814,260,7,8.16891,4224,4224,0,0.00311124,0.00249477,0,0,0.0314189,0.592308,1,1,7,0,0,0,0.407692,0.573077,0.0192308
1,table_pick,32,qpFreeGate,1,1,0.0244808,18656,9,10.3902,14964,14964,0,0.00338815,0.00249477,0,0,0.00063345,0,6,4,1.5,0,0,0,1,0,0
1,table_pick,32,qpEnvelope,1,1,0.00041743,147,7,8.16893,4176,4176,0,0.00313216,0.00249477,0,0,0.0555709,0.544218,1,1,7,0,0,0,0.455782,0.510204,0.0340136
1,table_pick,39,isSafe,1,1,0.0334506,33862,11,12.8864,8,6445,0,0.00324091,0.00249477,0,0,0,0,22,7,0.5,0,0,0,0,0,0
1,table_pick,39,qpFixed,1,1,0.0174313,13973,7,8.87165,13974,13974,0,0.00294687,0.00249477,0,0,0.000634913,0,1,1,7,0,0,0,1,0,0
1,table_pick,39,qpPlain,1,1,0.0610285,13973,7,8.87165,13974,13974,0,0.00294687,0.00249477,0,0,0.000634913,0,1,1,7,0,0,0,1,0,0
1,table_pick,39,qpAdaptive,1,1,0.0100934,5165,7,8.87169,8099,8099,0,0.00294523,0.00249477,0,0,0.00171766,0.108035,1,1,7,0,0,0,0.891772,0.10726,0.000968054
1,table_pick,39,qpFreeGate,1,1,0.0437621,33033,14,11.2885,14907,14907,0,0.0032229,0.00249477,0,0,0.000657702,0,22,10,0.636364,0,0,0,1,0,0
1,table_pick,39,qpEnvelope,1,1,0.00900556,4580,7,8.87193,7685,7685,0,0.00294873,0.00249477,0,0,0.0019371,0.0733624,1,1,7,0,0,0,0.926419,0.0724891,0.0010917
1,table_pick,46,isSafe,1,1,0.0661291,65632,19,16.6383,10,8321,0,0.00733752,0.00249477,0,0,0,0,69,14,0.275362,0,0,0,0,0,0
1,table_pick,46,qpFixed,1,1,0.00879507,7804,5,5.11014,7805,7805,0,0.00303937,0.00249477,0,0,0.000654811,0,1,1,5,0,0,0,1,0,0
1,table_pick,46,qpPlain,1,1,0.0333224,7804,5,5.11014,7805,7805,0,0.00303937,0.00249477,0,0,0.000654811,0,1,1,5,0,0,0,1,0,0
1,table_pick,46,qpAdaptive,1,1,0.00115602,587,5,5.11015,2913,2913,0,0.00303691,0.00249477,0,0,0.00870553,0.468484,1,1,5,0,0,0,0.531516,0.463373,0.00511073
1,table_pick,46,qpFreeGate,1,1,0.0898418,66520,25,8.36106,10809,10809,0,0.00733752,0.00249477,0,0,0.000605266,0,66,21,0.378788,0,0,0,1,0,0
1,table_pick,46,qpEnvelope,1,1,0.000818355,379,5,5.11016,2787,2787,0,0.0030331,0.00249477,0,0,0.0134833,0.401055,1,1,5,0,0,0,0.598945,0.39314,0.00791557
1,table_pick,53,isSafe,1,1,0.0445082,43142,13,9.49238,6,4748,0,0.00263766,0.00249477,0,0,0,0,40,9,0.325,0,0,0,0,0,0
1,table_pick,53,qpFixed,1,1,0.0124819,12764,7,8.34128,12765,12765,0,0.00299398,0.00249477,0,0,0.0006535,0,1,1,7,0,0,0,1,0,0
1,table_pick,53,qpPlain,1,1,0.0533692,12764,7,8.34128,12765,12765,0,0.00299398,0.00249477,0,0,0.0006535,0,1,1,7,0,0,0,1,0,0
1,table_pick,53,qpAdaptive,1,1,0.00150266,783,7,8.34131,4658,4658,0,0.00298876,0.00249477,0,0,0.010653,0.417625,1,1,7,0,0,0,0.582375,0.411239,0.0063857
1,table_pick,53,qpFreeGate,1,1,0.0795452,58514,25,15.7644,23966,23966,0,0.00304765,0.00249477,0,0,0.000631159,0,59,19,0.423729,0,0,0,1,0,0
1,table_pick,53,qpEnvelope,1,1,0.00109335,520,7,8.34141,4487,4487,0,0.00298445,0.00249477,0,0,0.0160412,0.346154,1,1,7,0,0,0,0.653846,0.336538,0.00961538
1,table_pick,60,isSafe,1,1,0.0128046,13234,6,6.60773,5,3305,0,0.00439711,0.00249477,0,0,0,0,4,2,1.5,0,0,0,0,0,0
1,table_pick,60,qpFixed,1,1,0.00769286,8345,5,5.6417,8346,8346,0,0.00373022,0.00249477,0,0,0.000676057,0,1,1,5,0,0,0,1,0,0
1,table_pick,60,qpPlain,1,1,0.034443,8345,5,5.6417,8346,8346,0,0.00373022,0.00249477,0,0,0.000676057,0,1,1,5,0,0,0,1,0,0
1,table_pick,60,qpAdaptive,1,1,0.000597915,293,5,5.64169,2951,2951,0,0.00367923,0.00249477,0,0,0.0192549,0.8157,1,1,5,0,0,0,0.1843,0.805461,0.0102389
1,table_pick,60,qpFreeGate,1,1,0.044979,33428,16,10.9195,16818,16818,0,0.00301995,0.00249477,0,0,0.00063301,0,23,10,0.695652,0,0,0,1,0,0
1,table_pick,60,qpEnvelope,1,1,0.000362845,128,5,5.64169,2885,2885,0,0.00365143,0.00249477,0,0,0.0440757,0.914062,1,1,5,0,0,0,0.0859375,0.890625,0.0234375
1,table_pick,67,isSafe,1,1,0.0605375,39484,12,7.69213,5,3848,0,0.000534432,0.00249477,0,0,0,0,18,9,0.666667,0,0,0,0,0,0
1,table_pick,67,qpFixed,1,1,0.0127942,8735,6,6.59342,8736,8736,0,0.00396075,0.00249477,0,0,0.000754828,0,1,1,6,0,0,0,1,0,0
1,table_pick,67,qpPlain,1,1,0.0566049,8735,6,6.59342,8736,8736,0,0.00396075,0.00249477,0,0,0.000754828,0,1,1,6,0,0,0,1,0,0
1,table_pick,67,qpAdaptive,1,1,0.000982936,277,6,6.59346,3444,3444,0,0.00390239,0.00249477,0,0,0.0238031,0.783394,1,1,6,0,0,0,0.216606,0.768953,0.0144404
1,table_pick,67,qpFreeGate,1,1,0.206487,121831,47,10.0497,13291,13291,0,0.00655643,0.00249477,0,0,0.000586535,0,116,40,0.405172,0,0,0,1,0,0
1,table_pick,67,qpEnvelope,1,1,0.000681433,138,6,6.59356,3366,3366,0,0.00394197,0.00249477,0,0,0.0477794,0.934783,1,1,6,0,0,0,0.0652174,0.905797,0.0289855
1,table_pick,74,isSafe,1,1,0.0370548,36551,12,14.2,9,7101,0,0.00404657,0.00249477,0,0,0,0,38,8,0.315789,0,0,0,0,0,0
1,table_pick,74,qpFixed,1,1,0.0138445,10503,6,6.59041,9170,9170,0,0.00311783,0.00249477,0,0,0.000659525,0,2,2,3,0,0,0,1,0,0
1,table_pick,74,qpPlain,1,1,0.0462654,10503,6,6.59041,9170,9170,0,0.00311783,0.00249477,0,0,0.000659525,0,2,2,3,0,0,0,1,0,0
1,table_pick,74,qpAdaptive,1,1,0.00416691,1967,6,6.59088,3672,3672,0,0.00311287,0.00249477,0,0,0.00352187,0.234875,2,2,3,0,0,0,0.765125,0.232842,0.00203355
1,table_pick,74,qpFreeGate,1,1,0.0555625,41337,16,14.6958,20573,20573,0,0.00404583,0.00249477,0,0,0.000611683,0,40,12,0.4,0,0,0,1,0,0
1,table_pick,74,qpEnvelope,1,1,0.00354857,1668,6,6.59157,3527,3527,0,0.00310678,0.00249477,0,0,0.00415369,0.169664,2,2,3,0,0,0,0.830336,0.167266,0.00239808
1,table_pick,81,isSafe,1,1,0.0421867,40396,13,14.131,9,7067,0,0.00172808,0.00249477,0,0,0,0,21,7,0.619048,0,0,0,0,0,0
1,table_pick,81,qpFixed,1,1,0.0118269,12566,6,7.68772,12567,12567,0,0.00291893,0.00249477,0,0,0.000611787,0,1,1,6,0,0,0,1,0,0
1,table_pick,81,qpPlain,1,1,0.0519427,12566,6,7.68772,12567,12567,0,0.00291893,0.00249477,0,0,0.000611787,0,1,1,6,0,0,0,1,0,0
1,table_pick,81,qpAdaptive,1,1,0.00125248,584,6,7.68772,4221,4221,0,0.00291877,0.00249477,0,0,0.0131639,0.273973,1,1,6,0,0,0,0.726027,0.267123,0.00684932
1,table_pick,81,qpFreeGate,1,1,0.261026,201196,65,17.1254,23900,23900,0,0.00313466,0.00249477,0,0,0.00057153,0,254,60,0.255906,0,0,0,1,0,0
1,table_pick,81,qpEnvelope,1,1,0.000949212,445,6,7.68777,4147,4147,0,0.00291855,0.00249477,0,0,0.0172759,0.134831,1,1,6,0,0,0,0.865169,0.125843,0.00898876
1,table_pick,88,isSafe,1,1,0.0195934,17929,7,2.84352,3,1423,0,0.000597148,0.00249477,0,0,0,0,10,4,0.7,0,0,0,0,0,0
1,table_pick,88,qpFixed,1,1,0.00885304,8473,5,5.68815,8474,8474,0,0.00363784,0.00249477,0,0,0.000671327,0,1,1,5,0,0,0,1,0,0
1,table_pick,88,qpPlain,1,1,0.0353704,8473,5,5.68815,8474,8474,0,0.00363784,0.00249477,0,0,0.000671327,0,1,1,5,0,0,0,1,0,0
1,table_pick,88,qpAdaptive,1,1,0.000476077,216,5,5.68815,2973,2973,0,0.00363462,0.00249477,0,0,0.026334,0.842593,1,1,5,0,0,0,0.157407,0.828704,0.0138889
1,table_pick,88,qpFreeGate,1,1,0.044823,33099,16,4.06838,5093,5093,0,0.00438807,0.00249477,0,0,0.000617456,0,24,12,0.666667,0,0,0,1,0,0
1,table_pick,88,qpEnvelope,1,1,0.000348534,111,5,5.68813,2905,2905,0,0.00363205,0.00249477,0,0,0.0512445,0.846847,1,1,5,0,0,0,0.153153,0.81982,0.027027
1,table_pick,95,isSafe,1,1,0.0270969,26567,9,13.2035,8,6603,0,0.00253652,0.00249477,0,0,0,0,8,4,1.125,0,0,0,0,0,0
1,table_pick,95,qpFixed,1,1,0.0156207,14653,7,9.4434,14654,14654,0,0.00295139,0.00249477,0,0,0.000644469,0,1,1,7,0,0,0,1,0,0
1,table_pick,95,qpPlain,1,1,0.0617639,14653,7,9.4434,14654,14654,0,0.00295139,0.00249477,0,0,0.000644469,0,1,1,7,0,0,0,1,0,0
1,table_pick,95,qpAdaptive,1,1,0.00573918,3061,7,9.44365,6869,6869,0,0.00295017,0.00249477,0,0,0.00308515,0.0970271,1,1,7,0,0,0,0.902973,0.0957204,0.00130676
1,table_pick,95,qpFreeGate,1,1,0.0406747,30864,16,17.2362,24040,24040,0,0.00305317,0.00249477,0,0,0.0006815,0,12,7,1.33333,0,0,0,1,0,0
1,table_pick,95,qpEnvelope,1,1,0.00514436,2801,7,9.44407,6719,6719,0,0.00295197,0.00249477,0,0,0.00337168,0.0539093,1,1,7,0,0,0,0.946091,0.0524813,0.00142806
1,cage,2,isSafe,1,1,2.49352,2466283,833,27.3157,16,13659,0,0.00767802,0.00249477,0,0,0,0,7332,830,0.113612,0,0,0,0,0,0
1,cage,2,qpFixed,1,1,0.107089,70241,25,23.7497,33875,33875,0,0.002935,0.00249477,0,0,0.000586181,0,13,11,1.92308,0,0,0,1,0,0
1,cage,2,qpPlain,1,1,0.319936,70241,25,23.7497,33875,33875,0,0.002935,0.00249477,0,0,0.000586181,0,13,11,1.92308,0,0,0,1,0,0
1,cage,2,qpAdaptive,1,1,0.0971206,50873,25,23.751,25806,25806,0,0.00293488,0.00249477,0,0,0.000809375,0.0380949,13,11,1.92308,0,0,0,0.961905,0.0379376,0.000157254
1,cage,2,qpFreeGate,1,1,1.00961,746142,284,19.8225,28372,28372,0,0.003003,0.00249477,0,0,0.000603279,0,1328,261,0.213855,0,0,0,1,0,0
1,cage,2,qpEnvelope,1,1,0.0932595,49261,25,23.7527,25128,25128,0,0.00293606,0.00249477,0,0,0.000835964,0.0300238,13,11,1.92308,0,0,0,0.969956,0.0298614,0.0001827
1,cage,9,isSafe,1,1,0.848072,839128,240,21.9221,12,10963,0,0.00535948,0.00249477,0,0,0,0,1905,236,0.125984,0,0,0,0,0,0
1,cage,9,qpFixed,1,1,0.741629,449659,112,14.7448,23424,23424,0,0.00294447,0.00249477,0,0,0.000453985,0,98,70,1.14286,0,0,0,1,0,0
1,cage,9,qpPlain,1,1,2.12862,449659,112,14.7448,23424,23424,0,0.00294447,0.00249477,0,0,0.000453985,0,98,70,1.14286,0,0,0,1,0,0
1,cage,9,qpAdaptive,1,1,0.772142,403390,112,14.7457,20369,20369,0,0.00294491,0.00249477,0,0,0.000506069,0.0125263,98,70,1.14286,0,0,0,0.987469,0.0124892,4.21428e-05
1,cage,9,qpFreeGate,1,1,2.72689,2017565,782,30.2015,39881,39881,0,0.00134881,0.00249477,0,16,0.000598865,0,4165,757,0.187755,0,0,0,1,0,0
1,cage,9,qpEnvelope,1,1,0.77124,400121,112,14.747,19783,19783,0,0.00294492,0.00249477,0,0,0.000510256,0.0086074,98,70,1.14286,0,0,0,0.991393,0.00856991,3.74887e-05
1,cage,16,isSafe,1,1,0.445309,436985,119,27.7005,15,13852,0,0.00672924,0.00249477,0,0,0,0,1109,115,0.107304,0,0,0,0,0,0
1,cage,16,qpFixed,1,1,1.01726,594051,131,22.6407,35722,35722,0,0.0029372,0.00249477,0,0,0.000446622,0,136,79,0.963235,0,0,0,1,0,0
1,cage,16,qpPlain,1,1,2.80253,594051,131,22.6407,35722,35722,0,0.0029372,0.00249477,0,0,0.000446622,0,136,79,0.963235,0,0,0,1,0,0
1,cage,16,qpAdaptive,1,1,1.04247,532352,131,22.6423,27543,27543,0,0.00293454,0.00249477,0,0,0.000498405,0.0121348,136,79,0.963235,0,0,0,0.987861,0.012101,3.75692e-05
1,cage,16,qpFreeGate,1,0,10.0025,7392020,3203,0,0,0,0,inf,inf,0,0,0.000556031,0,22105,3167,0.144899,0,0,0,1,0,0
1,cage,16,qpEnvelope,1,1,1.0383,525821,131,22.6451,27084,27084,0,0.00293721,0.00249477,0,0,0.000504635,0.00813204,136,79,0.963235,0,0,0,0.991864,0.00809593,3.99376e-05
1,cage,23,isSafe,1,1,0.719337,709524,202,19.3201,11,9662,0,0.00347076,0.00249477,0,0,0,0,1594,199,0.126725,0,0,0,0,0,0
1,cage,23,qpFixed,1,1,0.378605,231423,64,35.2269,57335,57335,0,0.00226887,0.00249477,0,0,0.000486311,0,48,34,1.33333,0,0,0,1,0,0
1,cage,23,qpPlain,1,1,1.08454,231423,64,35.2269,57335,57335,0,0.00226887,0.00249477,0,0,0.000486311,0,48,34,1.33333,0,0,0,1,0,0
1,cage,23,qpAdaptive,1,1,0.394188,205155,64,35.2274,50008,50008,0,0.00227399,0.00249477,0,0,0.000548613,0.0145646,48,34,1.33333,0,0,0,0.985416,0.0145305,5.3618e-05
1,cage,23,qpFreeGate,1,1,2.1636,1573922,601,28.5323,41641,41641,0,0.00300809,0.00249477,0,10,0.000596712,0,3169,575,0.18965,0,0,0,1,0,0
1,cage,23,qpEnvelope,1,1,0.392513,202704,63,35.2293,49620,49620,0,0.00226718,0.00249477,0,0,0.000555312,0.00920554,48,34,1.3125,0,0,0,0.99079,0.00916607,4.43997e-05
1,cage,30,isSafe,1,1,0.757592,743585,208,18.7519,11,9377,0,0.0206469,0.00249477,0,0,0,0,1657,203,0.125528,0,0,0,0,0,0
1,cage,30,qpFixed,1,1,0.51722,317064,87,24.0681,36367,36367,0,0.00293699,0.00249477,0,0,0.000498888,0,65,49,1.33846,0,0,0,1,0,0
1,cage,30,qpPlain,1,1,1.48447,317064,87,24.0681,36367,36367,0,0.00293699,0.00249477,0,0,0.000498888,0,65,49,1.33846,0,0,0,1,0,0
1,cage,30,qpAdaptive,1,1,0.521647,269233,87,24.0701,24731,24731,0,0.00293712,0.00249477,0,0,0.000587558,0.0143816,65,49,1.33846,0,0,0,0.985618,0.0143407,4.08568e-05
1,cage,30,qpFreeGate,1,1,1.91891,1431838,556,19.9914,27425,27425,0,0.00303001,0.00249477,0,4,0.000599905,0,2998,527,0.185457,0,0,0,1,0,0
1,cage,30,qpEnvelope,1,1,0.508439,265405,87,24.0725,24319,24319,0,0.00293708,0.00249477,0,0,0.000596124,0.00882802,65,49,1.33846,0,0,0,0.991172,0.00878657,4.14461e-05
1,cage,37,isSafe,1,1,0.391826,389808,106,16.5066,10,8255,0,0.0135335,0.00249477,0,0,0,0,739,103,0.143437,0,0,0,0,0,0
1,cage,37,qpFixed,1,1,1.92334,1150972,219,19.7484,34751,34751,0,0.00297383,0.00249477,0,0,0.000419333,0,277,147,0.790614,0,0,0,1,0,0
1,cage,37,qpPlain,1,1,5.49832,1150972,219,19.7484,34751,34751,0,0.00297383,0.00249477,0,0,0.000419333,0,277,147,0.790614,0,0,0,1,0,0
1,cage,37,qpAdaptive,1,1,2.0179,1040851,219,19.7485,29346,29346,0,0.00297383,0.00249477,0,0,0.000463707,0.00981505,277,147,0.790614,0,0,0,0.990181,0.00978238,3.65086e-05
1,cage,37,qpFreeGate,1,1,7.08039,5233371,2186,39.2156,55868,55868,0,0.00304335,0.00249477,0,25,0.000560008,0,14655,2140,0.149164,0,0,0,1,0,0
1,cage,37,qpEnvelope,1,1,2.00183,1032852,218,19.7492,29176,29176,0,0.00297383,0.00249477,0,0,0.000467341,0.0064046,277,147,0.787004,0,0,0,0.993592,0.00637168,3.67913e-05
1,cage,44,isSafe,1,1,0.635646,627177,173,14.3256,9,7164,0,0.00689366,0.00249477,0,0,0,0,1333,169,0.129782,0,0,0,0,0,0
1,cage,44,qpFixed,1,1,0.215769,134515,42,19.2038,27949,27949,0,0.00270095,0.00249477,0,0,0.000512568,0,25,20,1.68,0,0,0,1,0,0
1,cage,44,qpPlain,1,1,0.621867,134515,42,19.2038,27949,27949,0,0.00270095,0.00249477,0,0,0.000512568,0,25,20,1.68,0,0,0,1,0,0
1,cage,44,qpAdaptive,1,1,0.213896,111511,42,19.2039,23141,23141,0,0.00276923,0.00249477,0,0,0.000618329,0.0158549,25,20,1.68,0,0,0,0.984136,0.0157922,7.17418e-05
1,cage,44,qpFreeGate,1,1,8.12981,6054555,2544,16.0119,22230,22230,0,0.0029924,0.00249477,0,12,0.000558725,0,17058,2508,0.149138,0,0,0,1,0,0
1,cage,44,qpEnvelope,1,1,0.219751,109825,42,19.2057,22806,22806,0,0.0026907,0.00249477,0,0,0.000627844,0.00990667,25,20,1.68,0,0,0,0.990093,0.00984293,6.37378e-05
1,cage,51,isSafe,1,1,0.298093,297484,79,15.8146,9,7909,0,0.0114919,0.00249477,0,0,0,0,483,75,0.163561,0,0,0,0,0,0
1,cage,51,qpFixed,1,1,0.0535124,37678,16,13.8696,23129,23129,0,0.00293913,0.00249477,0,0,0.000562887,0,5,5,3.2,0,0,0,1,0,0
1,cage,51,qpPlain,1,1,0.166688,37678,16,13.8696,23129,23129,0,0.00293913,0.00249477,0,0,0.000562887,0,5,5,3.2,0,0,0,1,0,0
1,cage,51,qpAdaptive,1,1,0.0447872,23474,16,13.8699,16108,16108,0,0.00293979,0.00249477,0,0,0.000903527,0.0400017,5,5,3.2,0,0,0,0.959956,0.0397461,0.000298202
1,cage,51,qpFreeGate,1,1,2.10462,1576808,597,21.8002,31124,31124,0,0.00302471,0.00249477,0,6,0.000594206,0,3093,566,0.193016,0,0,0,1,0,0
1,cage,51,qpEnvelope,1,1,0.042983,22630,16,13.8702,15723,15723,0,0.0029392,0.00249477,0,0,0.000937522,0.0258065,5,5,3.2,0,0,0,0.974105,0.0255855,0.000309324
1,cage,58,isSafe,1,1,7.36357,7240130,3021,26.2047,16,13104,0,0.00383718,0.00249477,0,0,0,0,27618,3017,0.109385,0,0,0,0,0,0
1,cage,58,qpFixed,1,1,0.0777974,49835,16,11.4637,19869,19869,0,0.00293809,0.00249477,0,0,0.000521212,0,8,7,2,0,0,0,1,0,0
1,cage,58,qpPlain,1,1,0.230597,49835,16,11.4637,19869,19869,0,0.00293809,0.00249477,0,0,0.000521212,0,8,7,2,0,0,0,1,0,0
1,cage,58,qpAdaptive,1,1,0.0706236,36344,16,11.4643,15278,15278,0,0.00293809,0.00249477,0,0,0.000714738,0.0245708,8,7,2,0,0,0,0.975429,0.0244057,0.000165089
1,cage,58,qpFreeGate,1,1,2.09519,1593810,664,22.8852,31979,31979,0,0.00300918,0.00110275,0,6,0.000619834,0,3686,650,0.180141,0,0,0,1,0,0
1,cage,58,qpEnvelope,1,1,0.0688073,35830,16,11.4649,15012,15012,0,0.00293809,0.00249477,0,0,0.000725041,0.0140943,8,7,2,0,0,0,0.985906,0.0139269,0.000167457
1,cage,65,isSafe,1,1,3.25456,3235952,1141,22.854,13,11429,0,0.00630882,0.00249477,0,0,0,0,10192,1138,0.111951,0,0,0,0,0,0
1,cage,65,qpFixed,1,1,0.176268,109939,38,22.1529,36916,36916,0,0.00221787,0.00249477,0,0,0.000532265,0,19,17,2,0,0,0,1,0,0
1,cage,65,qpPlain,1,1,0.511852,109939,38,22.1529,36916,36916,0,0.00221787,0.00249477,0,0,0.000532265,0,19,17,2,0,0,0,1,0,0
1,cage,65,qpAdaptive,1,1,0.171644,87366,38,22.1542,29919,29919,0,0.00221662,0.00249477,0,0,0.00066982,0.021015,19,17,2,0,0,0,0.978985,0.0209349,8.01227e-05
1,cage,65,qpFreeGate,1,1,1.11131,834947,307,24.7091,37816,37816,0,0.00299079,0.00249477,0,0,0.000597301,0,1647,289,0.1864,0,0,0,1,0,0
1,cage,65,qpEnvelope,1,1,0.167023,85964,38,22.1553,29601,29601,0,0.00221754,0.00249477,0,0,0.000680815,0.0126914,19,17,2,0,0,0,0.987309,0.0126099,8.14294e-05
1,cage,72,isSafe,1,1,5.27903,5226504,2033,22.8945,14,11449,0,0.00347955,0.00249477,0,0,0,0,19645,2029,0.103487,0,0,0,0,0,0
1,cage,72,qpFixed,1,1,0.601016,364441,93,21.6351,34292,34292,0,0.00297352,0.00249477,0,0,0.000453711,0,81,50,1.14815,0,0,0,1,0,0
1,cage,72,qpPlain,1,1,1.72045,364441,93,21.6351,34292,34292,0,0.00297352,0.00249477,0,0,0.000453711,0,81,50,1.14815,0,0,0,1,0,0
1,cage,72,qpAdaptive,1,1,0.622172,322536,93,21.6376,22333,22333,0,0.00297371,0.00249477,0,0,0.000512648,0.0159858,81,50,1.14815,0,0,0,0.984005,0.0159455,4.96069e-05
1,cage,72,qpFreeGate,1,1,3.17578,2369548,967,30.7456,42658,42658,0,0.00300685,0.00249477,0,18,0.00059131,0,5489,937,0.176171,0,0,0,1,0,0
1,cage,72,qpEnvelope,1,1,0.619588,317473,92,21.6458,21101,21101,0,0.00297401,0.00249477,0,0,0.000520912,0.0087661,81,50,1.1358,0,0,0,0.991231,0.008722,4.72481e-05
1,cage,79,isSafe,1,1,0.581931,578379,162,15.651,9,7827,0,0.00146026,0.00249477,0,0,0,0,1522,159,0.106439,0,0,0,0,0,0
1,cage,79,qpFixed,1,1,0.722828,436468,108,22.1652,36893,36893,0,0.00293839,0.00249477,0,0,0.000455444,0,95,62,1.13684,0,0,0,1,0,0
1,cage,79,qpPlain,1,1,2.06163,436468,108,22.1652,36893,36893,0,0.00293839,0.00249477,0,0,0.000455444,0,95,62,1.13684,0,0,0,1,0,0
1,cage,79,qpAdaptive,1,1,0.740875,381696,108,22.1653,28640,28640,0,0.00293911,0.00249477,0,0,0.000520823,0.0137518,95,62,1.13684,0,0,0,0.986246,0.0137099,4.45381e-05
1,cage,79,qpFreeGate,1,0,10,7436504,3229,0,0,0,0,inf,inf,0,0,0.000554353,0,22382,3193,0.144268,0,0,0,1,0,0
1,cage,79,qpEnvelope,1,1,0.743097,377552,108,22.1664,27943,27943,0,0.00293924,0.00249477,0,0,0.000526582,0.00731555,95,62,1.13684,0,0,0,0.992684,0.00727317,4.23783e-05
1,cage,86,isSafe,0,0,0,0,0,0,0,0,0,inf,inf,0,0,0,0,0,0,0,0,0,0,0,0,0
1,cage,86,qpFixed,0,0,0,0,0,0,0,0,0,inf,inf,0,0,0,0,0,0,0,0,0,0,0,0,0
1,cage,86,qpPlain,0,0,0,0,0,0,0,0,0,inf,inf,0,0,0,0,0,0,0,0,0,0,0,0,0
1,cage,86,qpAdaptive,0,0,0,0,0,0,0,0,0,inf,inf,0,0,0,0,0,0,0,0,0,0,0,0,0
1,cage,86,qpFreeGate,0,0,0,0,0,0,0,0,0,inf,inf,0,0,0,0,0,0,0,0,0,0,0,0,0
1,cage,86,qpEnvelope,0,0,0,0,0,0,0,0,0,inf,inf,0,0,0,0,0,0,0,0,0,0,0,0,0
1,cage,93,isSafe,1,1,3.88516,3847357,1413,28.5134,17,14258,0,0.00157883,0.00249477,0,0,0,0,13149,1409,0.107461,0,0,0,0,0,0
1,cage,93,qpFixed,1,1,0.336789,212562,64,16.3145,26489,26489,0,0.00295709,0.00249477,0,0,0.000501677,0,41,32,1.56098,0,0,0,1,0,0
1,cage,93,qpPlain,1,1,0.997821,212562,64,16.3145,26489,26489,0,0.00295709,0.00249477,0,0,0.000501677,0,41,32,1.56098,0,0,0,1,0,0
1,cage,93,qpAdaptive,1,1,0.337301,176000,64,16.3146,21712,21712,0,0.00295709,0.00249477,0,0,0.00060593,0.0137841,41,32,1.56098,0,0,0,0.986199,0.0137159,8.52273e-05
1,cage,93,qpFreeGate,1,1,5.33426,4006122,1671,21.3342,29906,29906,0,0.0030022,0.00249477,0,18,0.000576975,0,10394,1630,0.160766,0,0,0,1,0,0
1,cage,93,qpEnvelope,1,1,0.33568,174210,64,16.3147,21638,21638,0,0.00295709,0.00249477,0,0,0.000612369,0.00828885,41,32,1.56098,0,0,0,0.991682,0.00821996,9.75834e-05
1,cage,100,isSafe,1,1,0.100394,99184,27,15.5551,9,7779,0,0.00600992,0.00249477,0,0,0,0,115,23,0.234783,0,0,0,0,0,0
1,cage,100,qpFixed,1,1,0.211786,145428,42,22.8177,38554,38554,0,0.00233866,0.00249477,0,0,0.000472564,0,25,20,1.68,0,0,0,1,0,0
1,cage,100,qpPlain,1,1,0.665632,145428,42,22.8177,38554,38554,0,0.00233866,0.00249477,0,0,0.000472564,0,25,20,1.68,0,0,0,1,0,0
1,cage,100,qpAdaptive,1,1,0.193186,105330,42,22.8193,23028,23028,0,0.00233883,0.00249477,0,0,0.00065251,0.0184848,25,20,1.68,0,0,0,0.981487,0.0183708,0.00014241
1,cage,100,qpFreeGate,1,1,1.4876,1121042,443,23.5152,34324,34324,0,0.00302639,0.00105195,0,0,0.000614177,0,2516,430,0.176073,0,0,0,1,0,0
1,cage,100,qpEnvelope,1,1,0.190499,104224,42,22.8263,22655,22655,0,0.00233863,0.00249477,0,0,0.000659569,0.0049125,25,20,1.68,0,0,0,0.995059,0.00479736,0.000143921
1,bookshelf_tall,4,isSafe,0,0,0,0,0,0,0,0,0,inf,inf,0,0,0,0,0,0,0,0,0,0,0,0,0
1,bookshelf_tall,4,qpFixed,0,0,0,0,0,0,0,0,0,inf,inf,0,0,0,0,0,0,0,0,0,0,0,0,0
1,bookshelf_tall,4,qpPlain,0,0,0,0,0,0,0,0,0,inf,inf,0,0,0,0,0,0,0,0,0,0,0,0,0
1,bookshelf_tall,4,qpAdaptive,0,0,0,0,0,0,0,0,0,inf,inf,0,0,0,0,0,0,0,0,0,0,0,0,0
1,bookshelf_tall,4,qpFreeGate,0,0,0,0,0,0,0,0,0,inf,inf,0,0,0,0,0,0,0,0,0,0,0,0,0
1,bookshelf_tall,4,qpEnvelope,0,0,0,0,0,0,0,0,0,inf,inf,0,0,0,0,0,0,0,0,0,0,0,0,0
1,bookshelf_tall,11,isSafe,1,1,0.229854,171270,47,15.2502,9,7627,0,0.00574244,0.00249477,0,0,0,0,311,42,0.151125,0,0,0,0,0,0
1,bookshelf_tall,11,qpFixed,1,1,0.0438158,20345,9,7.27526,10984,10984,0,0.00241301,0.00249477,0,0,0.000574453,0,2,2,4.5,0,0,0,1,0,0
1,bookshelf_tall,11,qpPlain,1,1,0.141879,20345,9,7.27526,10984,10984,0,0.00241301,0.00249477,0,0,0.000574453,0,2,2,4.5,0,0,0,1,0,0
1,bookshelf_tall,11,qpAdaptive,1,1,0.0392732,14821,9,7.27625,8781,8781,0,0.00241338,0.00249477,0,0,0.000788626,0.0416976,2,2,4.5,0,0,0,0.958302,0.0414952,0.000202415
1,bookshelf_tall,11,qpFreeGate,1,1,0.394384,229881,86,19.4787,29090,29090,0,0.00301449,0.00249477,0,0,0.000576409,0,338,72,0.254438,0,0,0,1,0,0
1,bookshelf_tall,11,qpEnvelope,1,1,0.0449452,14221,9,7.27688,8456,8456,0,0.0024136,0.00249477,0,0,0.000821959,0.0215878,2,2,4.5,0,0,0,0.978412,0.0213768,0.000210956
1,bookshelf_tall,19,isSafe,1,1,0.236012,175074,48,18.5083,11,9256,0,0.00623182,0.00249477,0,0,0,0,222,43,0.216216,0,0,0,0,0,0
1,bookshelf_tall,19,qpFixed,1,1,0.277529,131357,43,15.4484,22223,22223,0,0.00264715,0.00249477,0,0,0.000555156,0,26,21,1.65385,0,0,0,1,0,0
1,bookshelf_tall,19,qpPlain,1,1,0.932846,131357,43,15.4484,22223,22223,0,0.00264715,0.00249477,0,0,0.000555156,0,26,21,1.65385,0,0,0,1,0,0
1,bookshelf_tall,19,qpAdaptive,1,1,0.230604,86704,43,15.4491,15419,15419,0,0.00264616,0.00249477,0,0,0.000841114,0.0325937,26,21,1.65385,0,0,0,0.967372,0.0323976,0.00023067
1,bookshelf_tall,19,qpFreeGate,1,1,0.0463137,27202,14,12.8546,18439,18439,0,0.00359336,0.00249477,0,0,0.000663762,0,14,7,1,0,0,0,1,0,0
1,bookshelf_tall,19,qpEnvelope,1,1,0.25535,83712,42,15.4507,15123,15123,0,0.00264683,0.00249477,0,0,0.000871373,0.0107511,26,21,1.61538,0,0,0,0.989225,0.0105481,0.000226969
1,bookshelf_tall,27,isSafe,0,0,0,0,0,0,0,0,0,inf,inf,0,0,0,0,0,0,0,0,0,0,0,0,0
1,bookshelf_tall,27,qpFixed,0,0,0,0,0,0,0,0,0,inf,inf,0,0,0,0,0,0,0,0,0,0,0,0,0
1,bookshelf_tall,27,qpPlain,0,0,0,0,0,0,0,0,0,inf,inf,0,0,0,0,0,0,0,0,0,0,0,0,0
1,bookshelf_tall,27,qpAdaptive,0,0,0,0,0,0,0,0,0,inf,inf,0,0,0,0,0,0,0,0,0,0,0,0,0
1,bookshelf_tall,27,qpFreeGate,0,0,0,0,0,0,0,0,0,inf,inf,0,0,0,0,0,0,0,0,0,0,0,0,0
1,bookshelf_tall,27,qpEnvelope,0,0,0,0,0,0,0,0,0,inf,inf,0,0,0,0,0,0,0,0,0,0,0,0,0
1,bookshelf_tall,34,isSafe,0,0,0,0,0,0,0,0,0,inf,inf,0,0,0,0,0,0,0,0,0,0,0,0,0
1,bookshelf_tall,34,qpFixed,0,0,0,0,0,0,0,0,0,inf,inf,0,0,0,0,0,0,0,0,0,0,0,0,0
1,bookshelf_tall,34,qpPlain,0,0,0,0,0,0,0,0,0,inf,inf,0,0,0,0,0,0,0,0,0,0,0,0,0
1,bookshelf_tall,34,qpAdaptive,0,0,0,0,0,0,0,0,0,inf,inf,0,0,0,0,0,0,0,0,0,0,0,0,0
1,bookshelf_tall,34,qpFreeGate,0,0,0,0,0,0,0,0,0,inf,inf,0,0,0,0,0,0,0,0,0,0,0,0,0
1,bookshelf_tall,34,qpEnvelope,0,0,0,0,0,0,0,0,0,inf,inf,0,0,0,0,0,0,0,0,0,0,0,0,0
1,bookshelf_tall,41,isSafe,1,1,0.0408166,30979,10,13.4756,8,6739,0,0.00332635,0.00249477,0,0,0,0,14,6,0.714286,0,0,0,0,0,0
1,bookshelf_tall,41,qpFixed,1,1,0.110112,51266,18,13.9049,23417,23417,0,0.00249025,0.00249477,0,0,0.000526613,0,6,6,3,0,0,0,1,0,0
1,bookshelf_tall,41,qpPlain,1,1,0.359241,51266,18,13.9049,23417,23417,0,0.00249025,0.00249477,0,0,0.000526613,0,6,6,3,0,0,0,1,0,0
1,bookshelf_tall,41,qpAdaptive,1,1,0.105694,40745,18,13.9057,18085,18085,0,0.00243427,0.00249477,0,0,0.000662608,0.0244202,6,6,3,0,0,0,0.97558,0.0242975,0.000122714
1,bookshelf_tall,41,qpFreeGate,1,1,0.077442,46391,22,17.9133,27399,27399,0,0.00326287,0.00249477,0,0,0.000612375,0,21,10,1.04762,0,0,0,1,0,0
1,bookshelf_tall,41,qpEnvelope,1,1,0.118316,39643,18,13.9069,17593,17593,0,0.00233764,0.00249477,0,0,0.000681059,0.0140252,6,6,3,0,0,0,0.98595,0.013899,0.000151351
1,bookshelf_tall,48,isSafe,1,0,10.0028,7210159,2914,0,0,0,0,inf,inf,0,0,0,0,26371,2912,0.1105,0,0,0,0,0,0
1,bookshelf_tall,48,qpFixed,1,0,10.0089,5246083,651,0,0,0,0,inf,inf,0,0,0.00033049,0,1073,554,0.60671,0,0,0,1,0,0
1,bookshelf_tall,48,qpPlain,1,0,10.0131,1360512,196,0,0,0,0,inf,inf,0,0,0.000358596,0,268,153,0.731343,0,0,0,1,0,0
1,bookshelf_tall,48,qpAdaptive,1,0,10.0102,4558117,613,0,0,0,0,inf,inf,0,0,0.000353308,0.00356748,982,518,0.624236,0,0,0,0.996432,0.00354664,2.15001e-05
1,bookshelf_tall,48,qpFreeGate,1,0,10.0001,5923837,2452,0,0,0,0,inf,inf,0,0,0.000553602,0,14909,2450,0.164464,0,0,0,1,0,0
1,bookshelf_tall,48,qpEnvelope,1,0,10.0063,3905682,540,0,0,0,0,inf,inf,0,0,0.00035906,0.000716392,837,448,0.645161,0,0,0,0.999284,0.000694373,2.20192e-05
1,bookshelf_tall,55,isSafe,1,1,0.617052,449774,120,11.0814,7,5542,0,0.0045758,0.00249477,0,0,0,0,1058,117,0.113422,0,0,0,0,0,0
1,bookshelf_tall,55,qpFixed,1,1,0.0147551,9082,6,6.48937,9083,9083,0,0.00294258,0.00249477,0,0,0.000714531,0,1,1,6,0,0,0,1,0,0
1,bookshelf_tall,55,qpPlain,1,1,0.0610023,9082,6,6.48937,9083,9083,0,0.00294258,0.00249477,0,0,0.000714531,0,1,1,6,0,0,0,1,0,0
1,bookshelf_tall,55,qpAdaptive,1,1,0.00724077,2786,6,6.48939,5130,5130,0,0.00294245,0.00249477,0,0,0.00232929,0.0854271,1,1,6,0,0,0,0.914573,0.0843503,0.00107681
1,bookshelf_tall,55,qpFreeGate,1,1,0.668511,398873,133,25.3109,33973,33973,0,0.00302569,0.00249477,0,0,0.0005315,0,689,121,0.193033,0,0,0,1,0,0
1,bookshelf_tall,55,qpEnvelope,1,1,0.00783147,2555,6,6.48949,4992,4992,0,0.00294131,0.00249477,0,0,0.00253992,0.0540117,1,1,6,0,0,0,0.945988,0.0528376,0.00117417
1,bookshelf_tall,62,isSafe,1,1,0.390815,282108,76,16.0157,10,8009,0,0.00572261,0.00249477,0,0,0,0,484,72,0.157025,0,0,0,0,0,0
1,bookshelf_tall,62,qpFixed,1,1,0.0370771,20555,9,10.5581,17475,17475,0,0.00292948,0.00249477,0,0,0.000555762,0,2,2,4.5,0,0,0,1,0,0
1,bookshelf_tall,62,qpPlain,1,1,0.140404,20555,9,10.5581,17475,17475,0,0.00292948,0.00249477,0,0,0.000555762,0,2,2,4.5,0,0,0,1,0,0
1,bookshelf_tall,62,qpAdaptive,1,1,0.0266816,9799,9,10.5582,10200,10200,0,0.00292747,0.00249477,0,0,0.00116581,0.0247984,2,2,4.5,0,0,0,0.975202,0.0242882,0.000510256
1,bookshelf_tall,62,qpFreeGate,1,1,0.610321,351399,116,21.267,32936,32936,0,0.00300986,0.00249477,0,0,0.000563156,0,497,107,0.2334,0,0,0,1,0,0
1,bookshelf_tall,62,qpEnvelope,1,1,0.0291698,9566,9,10.5583,10065,10065,0,0.00292869,0.00249477,0,0,0.00119422,0.0103492,2,2,4.5,0,0,0,0.989651,0.00982647,0.000522685
1,bookshelf_tall,70,isSafe,1,1,0.0492415,36557,12,12.2364,8,6120,0,0.00314569,0.00249477,0,0,0,0,51,8,0.235294,0,0,0,0,0,0
1,bookshelf_tall,70,qpFixed,1,1,0.615599,263964,65,21.5778,34276,34276,0,0.00233036,0.00249477,0,0,0.000453193,0,51,35,1.27451,0,0,0,1,0,0
1,bookshelf_tall,70,qpPlain,1,1,1.95716,263964,65,21.5778,34276,34276,0,0.00233036,0.00249477,0,0,0.000453193,0,51,35,1.27451,0,0,0,1,0,0
1,bookshelf_tall,70,qpAdaptive,1,1,0.630317,234493,65,21.5767,28354,28354,0,0.00232164,0.00249477,0,0,0.000510322,0.0159195,51,35,1.27451,0,0,0,0.984063,0.0158597,7.67614e-05
1,bookshelf_tall,70,qpFreeGate,1,1,0.217979,123880,51,22.4854,34995,34995,0,0.00302001,0.00249477,0,0,0.000615726,0,176,44,0.289773,0,0,0,1,0,0
1,bookshelf_tall,70,qpEnvelope,1,1,0.711648,231039,64,21.5825,27951,27951,0,0.00232291,0.00249477,0,0,0.000517884,0.00998966,51,35,1.2549,0,0,0,0.989997,0.00992473,7.79089e-05
1,bookshelf_tall,77,isSafe,1,1,0.30179,219262,60,14.6454,9,7324,0,0.00962253,0.00249477,0,0,0,0,412,56,0.145631,0,0,0,0,0,0
1,bookshelf_tall,77,qpFixed,1,1,0.0643328,28836,11,12.9813,20594,20594,0,0.00295144,0.00249477,0,0,0.000520687,0,4,3,2.75,0,0,0,1,0,0
1,bookshelf_tall,77,qpPlain,1,1,0.21171,28836,11,12.9813,20594,20594,0,0.00295144,0.00249477,0,0,0.000520687,0,4,3,2.75,0,0,0,1,0,0
1,bookshelf_tall,77,qpAdaptive,1,1,0.0575102,20764,11,12.9827,15354,15354,0,0.00295135,0.00249477,0,0,0.000723171,0.0301965,4,3,2.75,0,0,0,0.969804,0.0300039,0.000192641
1,bookshelf_tall,77,qpFreeGate,1,1,0.15221,90951,38,15.421,22582,22582,0,0.00310771,0.00249477,0,0,0.00056995,0,112,27,0.339286,0,0,0,1,0,0
1,bookshelf_tall,77,qpEnvelope,1,1,0.0642441,20274,11,12.9855,15062,15062,0,0.00295134,0.00249477,0,0,0.000740791,0.0157838,4,3,2.75,0,0,0,0.984167,0.0155865,0.000246621
1,bookshelf_tall,84,isSafe,1,1,0.0205084,16073,7,8.03249,6,4018,0,0.00303427,0.00249477,0,0,0,0,4,2,1.75,0,0,0,0,0,0
1,bookshelf_tall,84,qpFixed,1,1,0.0503618,25912,12,13.776,19362,19362,0,0.00293681,0.00249477,0,0,0.000665913,0,4,4,3,0,0,0,1,0,0
1,bookshelf_tall,84,qpPlain,1,1,0.176847,25912,12,13.776,19362,19362,0,0.00293681,0.00249477,0,0,0.000665913,0,4,4,3,0,0,0,1,0,0
1,bookshelf_tall,84,qpAdaptive,1,1,0.044895,19122,12,13.7762,16335,16335,0,0.00293686,0.00249477,0,0,0.000902377,0.0522958,4,4,3,0,0,0,0.947704,0.0521389,0.000156887
1,bookshelf_tall,84,qpFreeGate,1,1,0.0219774,13020,7,6.71629,9183,9183,0,0.00303427,0.00249477,0,0,0.000672419,0,4,3,1.75,0,0,0,1,0,0
1,bookshelf_tall,84,qpEnvelope,1,1,0.0503599,18131,12,13.7771,15993,15993,0,0.00293793,0.00249477,0,0,0.000951748,0.0232751,4,4,3,0,0,0,0.976615,0.0232199,0.000165462
1,bookshelf_tall,91,isSafe,1,1,0.689349,498588,138,13.737,8,6870,0,0.00235223,0.00249477,0,0,0,0,1312,135,0.105183,0,0,0,0,0,0
1,bookshelf_tall,91,qpFixed,1,1,0.0207351,12617,7,8.90609,12618,12618,0,0.00293938,0.00249477,0,0,0.00070588,0,1,1,7,0,0,0,1,0,0
1,bookshelf_tall,91,qpPlain,1,1,0.0830637,12617,7,8.90609,12618,12618,0,0.00293938,0.00249477,0,0,0.00070588,0,1,1,7,0,0,0,1,0,0
1,bookshelf_tall,91,qpAdaptive,1,1,0.0112047,4320,7,8.90607,7229,7229,0,0.00293892,0.00249477,0,0,0.00206159,0.114583,1,1,7,0,0,0,0.885417,0.113657,0.000925926
1,bookshelf_tall,91,qpFreeGate,1,1,0.526922,313071,110,15.9934,23234,23234,0,0.00303353,0.00249477,0,0,0.000560913,0,512,100,0.214844,0,0,0,1,0,0
1,bookshelf_tall,91,qpEnvelope,1,1,0.0118624,3862,7,8.90612,6990,6990,0,0.00293416,0.00249477,0,0,0.00230609,0.0357328,1,1,7,0,0,0,0.964267,0.034697,0.00103573
1,bookshelf_tall,100,isSafe,0,0,0,0,0,0,0,0,0,inf,inf,0,0,0,0,0,0,0,0,0,0,0,0,0
1,bookshelf_tall,100,qpFixed,0,0,0,0,0,0,0,0,0,inf,inf,0,0,0,0,0,0,0,0,0,0,0,0,0
1,bookshelf_tall,100,qpPlain,0,0,0,0,0,0,0,0,0,inf,inf,0,0,0,0,0,0,0,0,0,0,0,0,0
1,bookshelf_tall,100,qpAdaptive,0,0,0,0,0,0,0,0,0,inf,inf,0,0,0,0,0,0,0,0,0,0,0,0,0
1,bookshelf_tall,100,qpFreeGate,0,0,0,0,0,0,0,0,0,inf,inf,0,0,0,0,0,0,0,0,0,0,0,0,0
1,bookshelf_tall,100,qpEnvelope,0,0,0,0,0,0,0,0,0,inf,inf,0,0,0,0,0,0,0,0,0,0,0,0,0
1,bookshelf_thin,7,isSafe,0,0,0,0,0,0,0,0,0,inf,inf,0,0,0,0,0,0,0,0,0,0,0,0,0
1,bookshelf_thin,7,qpFixed,0,0,0,0,0,0,0,0,0,inf,inf,0,0,0,0,0,0,0,0,0,0,0,0,0
1,bookshelf_thin,7,qpPlain,0,0,0,0,0,0,0,0,0,inf,inf,0,0,0,0,0,0,0,0,0,0,0,0,0
1,bookshelf_thin,7,qpAdaptive,0,0,0,0,0,0,0,0,0,inf,inf,0,0,0,0,0,0,0,0,0,0,0,0,0
1,bookshelf_thin,7,qpFreeGate,0,0,0,0,0,0,0,0,0,inf,inf,0,0,0,0,0,0,0,0,0,0,0,0,0
1,bookshelf_thin,7,qpEnvelope,0,0,0,0,0,0,0,0,0,inf,inf,0,0,0,0,0,0,0,0,0,0,0,0,0
1,bookshelf_thin,14,isSafe,1,1,0.111044,79039,22,7.89891,5,3951,0,0.00282241,0.00249477,0,0,0,0,74,19,0.297297,0,0,0,0,0,0
1,bookshelf_thin,14,qpFixed,1,1,0.0113116,7469,5,5.87752,7470,7470,0,0.0029764,0.00249477,0,0,0.000786922,0,1,1,5,0,0,0,1,0,0
1,bookshelf_thin,14,qpPlain,1,1,0.0477309,7469,5,5.87752,7470,7470,0,0.0029764,0.00249477,0,0,0.000786922,0,1,1,5,0,0,0,1,0,0
1,bookshelf_thin,14,qpAdaptive,1,1,0.00555676,2446,5,5.87753,4323,4323,0,0.00297639,0.00249477,0,0,0.00240291,0.11202,1,1,5,0,0,0,0.88798,0.111202,0.000817661
1,bookshelf_thin,14,qpFreeGate,1,1,0.147288,85949,30,12.4874,17849,17849,0,0.00303497,0.00249477,0,0,0.000608954,0,88,26,0.340909,0,0,0,1,0,0
1,bookshelf_thin,14,qpEnvelope,1,1,0.0056977,2064,5,5.87756,4128,4128,0,0.00297641,0.00249477,0,0,0.00284765,0.0377907,1,1,5,0,0,0,0.962209,0.0368217,0.000968992
1,bookshelf_thin,21,isSafe,1,1,0.170854,123682,34,18.438,11,9220,0,0.00182125,0.00249477,0,0,0,0,150,30,0.226667,0,0,0,0,0,0
1,bookshelf_thin,21,qpFixed,1,1,0.0451995,24444,11,6.92264,10664,10664,0,0.00293849,0.00249477,0,0,0.000698766,0,3,3,3.66667,0,0,0,1,0,0
1,bookshelf_thin,21,qpPlain,1,1,0.166979,24444,11,6.92264,10664,10664,0,0.00293849,0.00249477,0,0,0.000698766,0,3,3,3.66667,0,0,0,1,0,0
1,bookshelf_thin,21,qpAdaptive,1,1,0.0213534,8389,12,6.92303,6568,6568,0,0.00293848,0.00249477,0,0,0.00203629,0.0543569,3,3,4,0,0,0,0.945643,0.0532841,0.00107283
1,bookshelf_thin,21,qpFreeGate,1,1,0.0966507,55164,23,9.43728,13301,13301,0,0.0037695,0.00249477,0,0,0.000644655,0,48,19,0.479167,0,0,0,1,0,0
1,bookshelf_thin,21,qpEnvelope,1,1,0.0240735,8110,11,6.92448,6435,6435,0,0.0029386,0.00249477,0,0,0.00210658,0.0376079,3,3,3.66667,0,0,0,0.962269,0.0367448,0.000986436
1,bookshelf_thin,28,isSafe,1,1,0.0294131,21445,8,8.70274,6,4353,0,0.00107843,0.00249477,0,0,0,0,10,4,0.8,0,0,0,0,0,0
1,bookshelf_thin,28,qpFixed,1,1,0.0613006,34718,17,14.7097,24301,24301,0,0.00194234,0.00249477,0,0,0.000609022,0,5,5,3.4,0,0,0,1,0,0
1,bookshelf_thin,28,qpPlain,1,1,0.236763,34718,17,14.7097,24301,24301,0,0.00194234,0.00249477,0,0,0.000609022,0,5,5,3.4,0,0,0,1,0,0
1,bookshelf_thin,28,qpAdaptive,1,1,0.0413611,15895,17,14.7102,14502,14502,0,0.00194309,0.00249477,0,0,0.00133027,0.0454231,5,5,3.4,0,0,0,0.954514,0.0450456,0.00044039
1,bookshelf_thin,28,qpFreeGate,1,1,0.25551,149457,48,15.0043,22322,22322,0,0.00868707,0.00249477,0,0,0.000544972,0,194,44,0.247423,0,0,0,1,0,0
1,bookshelf_thin,28,qpEnvelope,1,1,0.046414,15326,17,14.7136,14401,14401,0,0.00194312,0.00249477,0,0,0.00137989,0.0158554,5,5,3.4,0,0,0,0.984145,0.0153334,0.000521989
1,bookshelf_thin,35,isSafe,0,0,0,0,0,0,0,0,0,inf,inf,0,0,0,0,0,0,0,0,0,0,0,0,0
1,bookshelf_thin,35,qpFixed,0,0,0,0,0,0,0,0,0,inf,inf,0,0,0,0,0,0,0,0,0,0,0,0,0
1,bookshelf_thin,35,qpPlain,0,0,0,0,0,0,0,0,0,inf,inf,0,0,0,0,0,0,0,0,0,0,0,0,0
1,bookshelf_thin,35,qpAdaptive,0,0,0,0,0,0,0,0,0,inf,inf,0,0,0,0,0,0,0,0,0,0,0,0,0
1,bookshelf_thin,35,qpFreeGate,0,0,0,0,0,0,0,0,0,inf,inf,0,0,0,0,0,0,0,0,0,0,0,0,0
1,bookshelf_thin,35,qpEnvelope,0,0,0,0,0,0,0,0,0,inf,inf,0,0,0,0,0,0,0,0,0,0,0,0,0
1,bookshelf_thin,42,isSafe,0,0,0,0,0,0,0,0,0,inf,inf,0,0,0,0,0,0,0,0,0,0,0,0,0
1,bookshelf_thin,42,qpFixed,0,0,0,0,0,0,0,0,0,inf,inf,0,0,0,0,0,0,0,0,0,0,0,0,0
1,bookshelf_thin,42,qpPlain,0,0,0,0,0,0,0,0,0,inf,inf,0,0,0,0,0,0,0,0,0,0,0,0,0
1,bookshelf_thin,42,qpAdaptive,0,0,0,0,0,0,0,0,0,inf,inf,0,0,0,0,0,0,0,0,0,0,0,0,0
1,bookshelf_thin,42,qpFreeGate,0,0,0,0,0,0,0,0,0,inf,inf,0,0,0,0,0,0,0,0,0,0,0,0,0
1,bookshelf_thin,42,qpEnvelope,0,0,0,0,0,0,0,0,0,inf,inf,0,0,0,0,0,0,0,0,0,0,0,0,0
1,bookshelf_thin,49,isSafe,0,0,0,0,0,0,0,0,0,inf,inf,0,0,0,0,0,0,0,0,0,0,0,0,0
1,bookshelf_thin,49,qpFixed,0,0,0,0,0,0,0,0,0,inf,inf,0,0,0,0,0,0,0,0,0,0,0,0,0
1,bookshelf_thin,49,qpPlain,0,0,0,0,0,0,0,0,0,inf,inf,0,0,0,0,0,0,0,0,0,0,0,0,0
1,bookshelf_thin,49,qpAdaptive,0,0,0,0,0,0,0,0,0,inf,inf,0,0,0,0,0,0,0,0,0,0,0,0,0
1,bookshelf_thin,49,qpFreeGate,0,0,0,0,0,0,0,0,0,inf,inf,0,0,0,0,0,0,0,0,0,0,0,0,0
1,bookshelf_thin,49,qpEnvelope,0,0,0,0,0,0,0,0,0,inf,inf,0,0,0,0,0,0,0,0,0,0,0,0,0
1,bookshelf_thin,56,isSafe,1,1,0.12231,87077,24,15.3858,9,7694,0,0.00903524,0.00249477,0,0,0,0,90,20,0.266667,0,0,0,0,0,0
1,bookshelf_thin,56,qpFixed,1,1,0.0222537,10946,7,7.30828,10947,10947,0,0.00293924,0.00249477,0,0,0.000667667,0,1,1,7,0,0,0,1,0,0
1,bookshelf_thin,56,qpPlain,1,1,0.076849,10946,7,7.30828,10947,10947,0,0.00293924,0.00249477,0,0,0.000667667,0,1,1,7,0,0,0,1,0,0
1,bookshelf_thin,56,qpAdaptive,1,1,0.0157401,5454,7,7.30834,7732,7732,0,0.00293924,0.00249477,0,0,0.00134,0.0434543,1,1,7,0,0,0,0.956546,0.0427209,0.000733407
1,bookshelf_thin,56,qpFreeGate,1,1,0.159679,91976,32,17.827,24094,24094,0,0.00903525,0.00249477,0,0,0.000595326,0,90,28,0.355556,0,0,0,1,0,0
1,bookshelf_thin,56,qpEnvelope,1,1,0.0174554,5258,7,7.30845,7600,7600,0,0.00293923,0.00249477,0,0,0.00138997,0.0340434,1,1,7,0,0,0,0.965957,0.0332826,0.000760746
1,bookshelf_thin,63,isSafe,1,1,0.0893278,66267,19,13.082,8,6542,0,0.00218641,0.00249477,0,0,0,0,53,15,0.358491,0,0,0,0,0,0
1,bookshelf_thin,63,qpFixed,1,1,0.0515957,28114,13,8.29178,10709,10709,0,0.00294125,0.00249477,0,0,0.000663731,0,4,4,3.25,0,0,0,1,0,0
1,bookshelf_thin,63,qpPlain,1,1,0.190621,28114,13,8.29178,10709,10709,0,0.00294125,0.00249477,0,0,0.000663731,0,4,4,3.25,0,0,0,1,0,0
1,bookshelf_thin,63,qpAdaptive,1,1,0.0329054,13122,13,8.29231,6313,6313,0,0.00294005,0.00249477,0,0,0.00142208,0.0980034,4,4,3.25,0,0,0,0.901844,0.0974699,0.000685871
1,bookshelf_thin,63,qpFreeGate,1,1,0.284204,166488,59,14.6192,20783,20783,0,0.0035857,0.00249477,0,0,0.000600046,0,186,52,0.317204,0,0,0,1,0,0
1,bookshelf_thin,63,qpEnvelope,1,1,0.0350278,11918,12,8.29558,6083,6083,0,0.00294048,0.00249477,0,0,0.00156571,0.0381775,4,4,3,0,0,0,0.961822,0.0375063,0.000671254
1,bookshelf_thin,70,isSafe,0,0,0,0,0,0,0,0,0,inf,inf,0,0,0,0,0,0,0,0,0,0,0,0,0
1,bookshelf_thin,70,qpFixed,0,0,0,0,0,0,0,0,0,inf,inf,0,0,0,0,0,0,0,0,0,0,0,0,0
1,bookshelf_thin,70,qpPlain,0,0,0,0,0,0,0,0,0,inf,inf,0,0,0,0,0,0,0,0,0,0,0,0,0
1,bookshelf_thin,70,qpAdaptive,0,0,0,0,0,0,0,0,0,inf,inf,0,0,0,0,0,0,0,0,0,0,0,0,0
1,bookshelf_thin,70,qpFreeGate,0,0,0,0,0,0,0,0,0,inf,inf,0,0,0,0,0,0,0,0,0,0,0,0,0
1,bookshelf_thin,70,qpEnvelope,0,0,0,0,0,0,0,0,0,inf,inf,0,0,0,0,0,0,0,0,0,0,0,0,0
1,bookshelf_thin,78,isSafe,0,0,0,0,0,0,0,0,0,inf,inf,0,0,0,0,0,0,0,0,0,0,0,0,0
1,bookshelf_thin,78,qpFixed,0,0,0,0,0,0,0,0,0,inf,inf,0,0,0,0,0,0,0,0,0,0,0,0,0
1,bookshelf_thin,78,qpPlain,0,0,0,0,0,0,0,0,0,inf,inf,0,0,0,0,0,0,0,0,0,0,0,0,0
1,bookshelf_thin,78,qpAdaptive,0,0,0,0,0,0,0,0,0,inf,inf,0,0,0,0,0,0,0,0,0,0,0,0,0
1,bookshelf_thin,78,qpFreeGate,0,0,0,0,0,0,0,0,0,inf,inf,0,0,0,0,0,0,0,0,0,0,0,0,0
1,bookshelf_thin,78,qpEnvelope,0,0,0,0,0,0,0,0,0,inf,inf,0,0,0,0,0,0,0,0,0,0,0,0,0
1,bookshelf_thin,85,isSafe,1,1,0.0494871,36749,12,12.344,8,6174,0,0.00161016,0.00249477,0,0,0,0,24,7,0.5,0,0,0,0,0,0
1,bookshelf_thin,85,qpFixed,1,1,0.0363568,16462,8,9.92717,16463,16463,0,0.00292079,0.00249477,0,0,0.000603035,0,1,1,8,0,0,0,1,0,0
1,bookshelf_thin,85,qpPlain,1,1,0.119507,16462,8,9.92717,16463,16463,0,0.00292079,0.00249477,0,0,0.000603035,0,1,1,8,0,0,0,1,0,0
1,bookshelf_thin,85,qpAdaptive,1,1,0.0312879,11083,8,9.92722,13180,13180,0,0.00291987,0.00249477,0,0,0.000895716,0.0127222,1,1,8,0,0,0,0.987278,0.0124515,0.000270685
1,bookshelf_thin,85,qpFreeGate,1,1,0.369067,218561,72,18.8252,27885,27885,0,0.00302704,0.00249477,0,0,0.000571813,0,259,66,0.277992,0,0,0,1,0,0
1,bookshelf_thin,85,qpEnvelope,1,1,0.0352579,10966,8,9.92746,13117,13117,0,0.00292216,0.00249477,0,0,0.000905295,0.00465074,1,1,8,0,0,0,0.995349,0.00437717,0.000273573
1,bookshelf_thin,92,isSafe,1,1,0.0757044,55712,16,15.8252,9,7914,0,0.00268648,0.00249477,0,0,0,0,35,11,0.457143,0,0,0,0,0,0
1,bookshelf_thin,92,qpFixed,1,1,0.0625026,27400,11,11.8379,18670,18670,0,0.00293597,0.00249477,0,0,0.000571088,0,4,3,2.75,0,0,0,1,0,0
1,bookshelf_thin,92,qpPlain,1,1,0.199842,27400,11,11.8379,18670,18670,0,0.00293597,0.00249477,0,0,0.000571088,0,4,3,2.75,0,0,0,1,0,0
1,bookshelf_thin,92,qpAdaptive,1,1,0.0607422,22540,11,11.838,15509,15509,0,0.00293574,0.00249477,0,0,0.000694228,0.0276841,4,3,2.75,0,0,0,0.972272,0.0276398,8.87311e-05
1,bookshelf_thin,92,qpFreeGate,1,1,0.0919702,52358,25,16.7188,22089,22089,0,0.00707539,0.00249477,0,0,0.000662025,0,37,16,0.675676,0,0,0,1,0,0
1,bookshelf_thin,92,qpEnvelope,1,1,0.100685,31859,20,21.6622,26637,26637,0,0.00292739,0.00249477,0,0,0.000911943,0.016008,7,7,2.85714,0,0,0,0.983929,0.0158511,0.000219718
1,bookshelf_thin,99,isSafe,1,0,10.0026,7152925,2873,0,0,0,0,inf,inf,0,0,0,0,23039,2871,0.124702,0,0,0,0,0,0
1,bookshelf_thin,99,qpFixed,1,0,10.0035,5610651,680,0,0,0,0,inf,inf,0,0,0.000330823,0,1139,585,0.597015,0,0,0,1,0,0
1,bookshelf_thin,99,qpPlain,1,0,10.0373,1426496,219,0,0,0,0,inf,inf,0,0,0.000363332,0,246,166,0.890244,0,0,0,1,0,0
1,bookshelf_thin,99,qpAdaptive,1,0,10.0042,4816347,639,0,0,0,0,inf,inf,0,0,0.000361128,0.00323502,1050,544,0.608571,0,0,0,0.996764,0.00320679,2.88601e-05
1,bookshelf_thin,99,qpFreeGate,1,0,10.0017,5898295,2547,0,0,0,0,inf,inf,0,0,0.000577758,0,14021,2542,0.181656,0,0,0,1,0,0
1,bookshelf_thin,99,qpEnvelope,1,0,10.0075,4089173,552,0,0,0,0,inf,inf,0,0,0.000365372,0.000449724,880,464,0.627273,0,0,0,0.99955,0.000422335,2.78785e-05
1,table_under_pick,6,isSafe,0,0,0,0,0,0,0,0,0,inf,inf,0,0,0,0,0,0,0,0,0,0,0,0,0
1,table_under_pick,6,qpFixed,0,0,0,0,0,0,0,0,0,inf,inf,0,0,0,0,0,0,0,0,0,0,0,0,0
1,table_under_pick,6,qpPlain,0,0,0,0,0,0,0,0,0,inf,inf,0,0,0,0,0,0,0,0,0,0,0,0,0
1,table_under_pick,6,qpAdaptive,0,0,0,0,0,0,0,0,0,inf,inf,0,0,0,0,0,0,0,0,0,0,0,0,0
1,table_under_pick,6,qpFreeGate,0,0,0,0,0,0,0,0,0,inf,inf,0,0,0,0,0,0,0,0,0,0,0,0,0
1,table_under_pick,6,qpEnvelope,0,0,0,0,0,0,0,0,0,inf,inf,0,0,0,0,0,0,0,0,0,0,0,0,0
1,table_under_pick,13,isSafe,1,1,0.0611064,46072,14,14.9686,9,7486,0,0.00760538,0.00249477,0,0,0,0,65,10,0.215385,0,0,0,0,0,0
1,table_under_pick,13,qpFixed,1,1,0.0715438,35644,19,17.5567,27068,27068,0,0.00292343,0.00249477,0,0,0.000612364,0,5,5,3.8,0,0,0,1,0,0
1,table_under_pick,13,qpPlain,1,1,0.244926,35644,19,17.5567,27068,27068,0,0.00292343,0.00249477,0,0,0.000612364,0,5,5,3.8,0,0,0,1,0,0
1,table_under_pick,13,qpAdaptive,1,1,0.0621132,24988,19,17.5569,20021,20021,0,0.00292189,0.00249477,0,0,0.000873508,0.0575876,5,5,3.8,0,0,0,0.942372,0.0574676,0.000160077
1,table_under_pick,13,qpFreeGate,1,1,0.0867184,51508,18,14.6191,21396,21396,0,0.00303735,0.00249477,0,0,0.000560645,0,53,14,0.339623,0,0,0,1,0,0
1,table_under_pick,13,qpEnvelope,1,1,0.0690872,23494,19,17.5593,19158,19158,0,0.00292339,0.00249477,0,0,0.000929157,0.029582,5,5,3.8,0,0,0,0.970375,0.0294118,0.00021282
1,table_under_pick,20,isSafe,1,1,0.088374,64683,19,18.3484,11,9176,0,0.00390373,0.00249477,0,0,0,0,57,14,0.333333,0,0,0,0,0,0
1,table_under_pick,20,qpFixed,1,1,0.060284,30084,11,10.2774,15742,15742,0,0.00294202,0.00249477,0,0,0.000537037,0,4,4,2.75,0,0,0,1,0,0
1,table_under_pick,20,qpPlain,1,1,0.208309,30084,11,10.2774,15742,15742,0,0.00294202,0.00249477,0,0,0.000537037,0,4,4,2.75,0,0,0,1,0,0
1,table_under_pick,20,qpAdaptive,1,1,0.0435125,16054,11,10.2774,8495,8495,0,0.002942,0.00249477,0,0,0.0010064,0.024293,4,4,2.75,0,0,0,0.975707,0.0239193,0.000373739
1,table_under_pick,20,qpFreeGate,1,1,0.11968,67968,27,15.2647,19633,19633,0,0.00312441,0.00249477,0,0,0.000633167,0,57,22,0.473684,0,0,0,1,0,0
1,table_under_pick,20,qpEnvelope,1,1,0.0488861,15707,11,10.2775,8309,8309,0,0.00294198,0.00249477,0,0,0.00102867,0.0150251,4,4,2.75,0,0,0,0.984975,0.0146432,0.000381995
1,table_under_pick,27,isSafe,1,0,10.0025,7218400,2876,0,0,0,0,inf,inf,0,0,0,0,24897,2874,0.115516,0,0,0,0,0,0
1,table_under_pick,27,qpFixed,1,0,10.006,5481006,668,0,0,0,0,inf,inf,0,0,0.000330381,0,1103,575,0.605621,0,0,0,1,0,0
1,table_under_pick,27,qpPlain,1,0,10.0133,1447768,219,0,0,0,0,inf,inf,0,0,0.000365121,0,243,164,0.901235,0,0,0,1,0,0
1,table_under_pick,27,qpAdaptive,1,0,10.0012,4738237,630,0,0,0,0,inf,inf,0,0,0.00035785,0.00449218,1019,540,0.618253,0,0,0,0.995508,0.00446685,2.55369e-05
1,table_under_pick,27,qpFreeGate,1,0,10.0003,5909287,2560,0,0,0,0,inf,inf,0,0,0.0005677,0,15068,2553,0.169896,0,0,0,1,0,0
1,table_under_pick,27,qpEnvelope,1,0,10.0008,4058645,560,0,0,0,0,inf,inf,0,0,0.000363343,0.000865067,853,473,0.656506,0,0,0,0.999135,0.000840428,2.46388e-05
1,table_under_pick,34,isSafe,1,1,0.0502787,38469,12,15.1598,9,7581,0,0.000275349,0.00249477,0,0,0,0,56,8,0.214286,0,0,0,0,0,0
1,table_under_pick,34,qpFixed,1,1,0.0988501,48589,20,20.9948,35336,35336,0,0.00291806,0.00249477,0,0,0.000562867,0,8,8,2.5,0,0,0,1,0,0
1,table_under_pick,34,qpPlain,1,1,0.338767,48589,20,20.9948,35336,35336,0,0.00291806,0.00249477,0,0,0.000562867,0,8,8,2.5,0,0,0,1,0,0
1,table_under_pick,34,qpAdaptive,1,1,0.0976305,40735,20,20.9961,29910,29910,0,0.00291876,0.00249477,0,0,0.000671409,0.0369216,8,8,2.5,0,0,0,0.963078,0.0367743,0.000147293
1,table_under_pick,34,qpFreeGate,1,1,0.128288,73164,25,15.0492,20425,20425,0,0.00298688,0.00249477,0,0,0.000614142,0,88,22,0.284091,0,0,0,1,0,0
1,table_under_pick,34,qpEnvelope,1,1,0.111118,39554,19,21.0044,29329,29329,0,0.00292033,0.00249477,0,0,0.00069168,0.031931,8,8,2.375,0,0,0,0.968069,0.0318046,0.000126409
1,table_under_pick,41,isSafe,0,0,0,0,0,0,0,0,0,inf,inf,0,0,0,0,0,0,0,0,0,0,0,0,0
1,table_under_pick,41,qpFixed,0,0,0,0,0,0,0,0,0,inf,inf,0,0,0,0,0,0,0,0,0,0,0,0,0
1,table_under_pick,41,qpPlain,0,0,0,0,0,0,0,0,0,inf,inf,0,0,0,0,0,0,0,0,0,0,0,0,0
1,table_under_pick,41,qpAdaptive,0,0,0,0,0,0,0,0,0,inf,inf,0,0,0,0,0,0,0,0,0,0,0,0,0
1,table_under_pick,41,qpFreeGate,0,0,0,0,0,0,0,0,0,inf,inf,0,0,0,0,0,0,0,0,0,0,0,0,0
1,table_under_pick,41,qpEnvelope,0,0,0,0,0,0,0,0,0,inf,inf,0,0,0,0,0,0,0,0,0,0,0,0,0
1,table_under_pick,48,isSafe,1,1,0.0708303,50534,15,21.2035,12,10603,0,0.00149549,0.00249477,0,0,0,0,51,10,0.294118,0,0,0,0,0,0
1,table_under_pick,48,qpFixed,1,1,0.0706829,34340,12,11.0128,22039,22039,0,0.00293415,0.00249477,0,0,0.000503447,0,4,4,3,0,0,0,1,0,0
1,table_under_pick,48,qpPlain,1,1,0.236535,34340,12,11.0128,22039,22039,0,0.00293415,0.00249477,0,0,0.000503447,0,4,4,3,0,0,0,1,0,0
1,table_under_pick,48,qpAdaptive,1,1,0.112191,45258,25,20.2205,28927,28927,0,0.0029312,0.00249477,0,0,0.000716059,0.0176985,9,9,2.77778,0,0,0,0.982279,0.0175439,0.000176764
1,table_under_pick,48,qpFreeGate,1,1,0.0653653,36479,14,14.8292,22032,22032,0,0.00321452,0.00249477,0,0,0.000610398,0,28,9,0.5,0,0,0,1,0,0
1,table_under_pick,48,qpEnvelope,1,1,0.0615743,20892,12,11.0138,14290,14290,0,0.0029329,0.00249477,0,0,0.000827728,0.0133544,4,4,3,0,0,0,0.986646,0.0131629,0.000191461
1,table_under_pick,55,isSafe,1,1,0.0649092,47356,14,15.6395,9,7821,0,0.00789116,0.00249477,0,0,0,0,38,10,0.368421,0,0,0,0,0,0
1,table_under_pick,55,qpFixed,1,1,0.0274448,13565,8,8.8634,13405,13405,0,0.0029216,0.00249477,0,0,0.000654348,0,2,2,4,0,0,0,1,0,0
1,table_under_pick,55,qpPlain,1,1,0.0929358,13565,8,8.8634,13405,13405,0,0.0029216,0.00249477,0,0,0.000654348,0,2,2,4,0,0,0,1,0,0
1,table_under_pick,55,qpAdaptive,1,1,0.0212426,8290,8,8.86369,9874,9874,0,0.002919,0.00249477,0,0,0.00107075,0.0342581,2,2,4,0,0,0,0.965742,0.0338963,0.000361882
1,table_under_pick,55,qpFreeGate,1,1,0.0476432,27915,12,8.14357,12902,12902,0,0.00789116,0.00249477,0,0,0.000582322,0,26,8,0.461538,0,0,0,1,0,0
1,table_under_pick,55,qpEnvelope,1,1,0.0238685,8040,8,8.86415,9718,9718,0,0.00292059,0.00249477,0,0,0.0011041,0.0208955,2,2,4,0,0,0,0.979104,0.0205224,0.000373134
1,table_under_pick,63,isSafe,1,1,0.0423571,30876,10,13.4118,8,6707,0,0.00187655,0.00249477,0,0,0,0,27,6,0.37037,0,0,0,0,0,0
1,table_under_pick,63,qpFixed,1,1,0.113441,51709,18,16.4257,27533,27533,0,0.00294099,0.00249477,0,0,0.000529404,0,9,9,2,0,0,0,1,0,0
1,table_under_pick,63,qpPlain,1,1,0.368602,51709,18,16.4257,27533,27533,0,0.00294099,0.00249477,0,0,0.000529404,0,9,9,2,0,0,0,1,0,0
1,table_under_pick,63,qpAdaptive,1,1,0.119388,47907,18,16.4266,26424,26424,0,0.00294235,0.00249477,0,0,0.000571439,0.0112927,9,9,2,0,0,0,0.988707,0.0112718,2.08738e-05
1,table_under_pick,63,qpFreeGate,1,1,0.0767679,43885,21,12.4459,18109,18109,0,0.00299627,0.00249477,0,0,0.000645209,0,38,14,0.552632,0,0,0,1,0,0
1,table_under_pick,63,qpEnvelope,1,1,0.137023,47616,18,16.4276,26332,26332,0,0.00294163,0.00249477,0,0,0.000574953,0.00686744,9,9,2,0,0,0,0.993133,0.00684644,2.10013e-05
1,table_under_pick,70,isSafe,1,1,0.0753627,54966,16,15.4368,9,7720,0,0.00233729,0.00249477,0,0,0,0,49,11,0.326531,0,0,0,0,0,0
1,table_under_pick,70,qpFixed,1,1,0.332045,143914,47,23.0466,39267,39267,0,0.00292697,0.00249477,0,0,0.000511275,0,25,21,1.88,0,0,0,1,0,0
1,table_under_pick,70,qpPlain,1,1,1.03892,144036,47,23.0466,39267,39267,0,0.00292697,0.00249477,0,0,0.000511198,0,25,21,1.88,0,0,0,1,0,0
1,table_under_pick,70,qpAdaptive,1,1,0.334632,125797,47,23.0471,32598,32598,0,0.00292705,0.00249477,0,0,0.000585004,0.0144678,25,21,1.88,0,0,0,0.985524,0.0144125,6.3596e-05
1,table_under_pick,70,qpFreeGate,1,1,0.0738375,42461,17,11.8094,18634,18634,0,0.00299951,0.00249477,0,0,0.000577038,0,39,12,0.435897,0,0,0,1,0,0
1,table_under_pick,70,qpEnvelope,1,1,0.392939,128041,49,23.0479,32108,32108,0,0.00292692,0.00249477,0,0,0.000583385,0.0105591,25,22,1.96,0,0,0,0.989441,0.0104968,6.2481e-05
1,table_under_pick,77,isSafe,1,1,0.12704,93382,26,15.6186,9,7811,0,0.00217959,0.00249477,0,0,0,0,209,22,0.124402,0,0,0,0,0,0
1,table_under_pick,77,qpFixed,1,1,0.24123,106879,33,17.4688,31243,31243,0,0.0029233,0.00249477,0,0,0.000500345,0,19,14,1.73684,0,0,0,1,0,0
1,table_under_pick,77,qpPlain,1,1,0.776808,106879,33,17.4688,31243,31243,0,0.0029233,0.00249477,0,0,0.000500345,0,19,14,1.73684,0,0,0,1,0,0
1,table_under_pick,77,qpAdaptive,1,1,0.242114,92988,33,17.4695,24907,24907,0,0.00292282,0.00249477,0,0,0.000575125,0.0206156,19,14,1.73684,0,0,0,0.979374,0.0205725,5.37704e-05
1,table_under_pick,77,qpFreeGate,1,1,0.255688,145092,50,14.0927,20972,20972,0,0.00299391,0.00249477,0,0,0.000584624,0,250,43,0.2,0,0,0,1,0,0
1,table_under_pick,77,qpEnvelope,1,1,0.276229,92481,33,17.47,24508,24508,0,0.00292331,0.00249477,0,0,0.000578389,0.0105968,19,14,1.73684,0,0,0,0.989403,0.0105535,4.32521e-05
1,table_under_pick,84,isSafe,1,1,0.0355999,26132,9,12.9123,8,6458,0,0.00725435,0.00249477,0,0,0,0,26,5,0.346154,0,0,0,0,0,0
1,table_under_pick,84,qpFixed,1,1,0.0446749,24626,11,12.0661,18872,18872,0,0.00296099,0.00249477,0,0,0.000647202,0,2,2,5.5,0,0,0,1,0,0
1,table_under_pick,84,qpPlain,1,1,0.163592,24626,11,12.0661,18872,18872,0,0.00296099,0.00249477,0,0,0.000647202,0,2,2,5.5,0,0,0,1,0,0
1,table_under_pick,84,qpAdaptive,1,1,0.0200565,7686,11,12.0668,10003,10003,0,0.00295839,0.00249477,0,0,0.00207374,0.0832683,2,2,5.5,0,0,0,0.916732,0.0823575,0.000910747
1,table_under_pick,84,qpFreeGate,1,1,0.0874483,50005,21,17.5856,25536,25536,0,0.00297474,0.00249477,0,0,0.000638725,0,39,12,0.538462,0,0,0,1,0,0
1,table_under_pick,84,qpEnvelope,1,1,0.0217071,7179,11,12.068,9707,9707,0,0.00295895,0.00249477,0,0,0.0022204,0.0621256,2,2,5.5,0,0,0,0.937874,0.0611506,0.000975066
1,table_under_pick,91,isSafe,0,0,0,0,0,0,0,0,0,inf,inf,0,0,0,0,0,0,0,0,0,0,0,0,0
1,table_under_pick,91,qpFixed,0,0,0,0,0,0,0,0,0,inf,inf,0,0,0,0,0,0,0,0,0,0,0,0,0
1,table_under_pick,91,qpPlain,0,0,0,0,0,0,0,0,0,inf,inf,0,0,0,0,0,0,0,0,0,0,0,0,0
1,table_under_pick,91,qpAdaptive,0,0,0,0,0,0,0,0,0,inf,inf,0,0,0,0,0,0,0,0,0,0,0,0,0
1,table_under_pick,91,qpFreeGate,0,0,0,0,0,0,0,0,0,inf,inf,0,0,0,0,0,0,0,0,0,0,0,0,0
1,table_under_pick,91,qpEnvelope,0,0,0,0,0,0,0,0,0,inf,inf,0,0,0,0,0,0,0,0,0,0,0,0,0
1,table_under_pick,98,isSafe,0,0,0,0,0,0,0,0,0,inf,inf,0,0,0,0,0,0,0,0,0,0,0,0,0
1,table_under_pick,98,qpFixed,0,0,0,0,0,0,0,0,0,inf,inf,0,0,0,0,0,0,0,0,0,0,0,0,0
1,table_under_pick,98,qpPlain,0,0,0,0,0,0,0,0,0,inf,inf,0,0,0,0,0,0,0,0,0,0,0,0,0
1,table_under_pick,98,qpAdaptive,0,0,0,0,0,0,0,0,0,inf,inf,0,0,0,0,0,0,0,0,0,0,0,0,0
1,table_under_pick,98,qpFreeGate,0,0,0,0,0,0,0,0,0,inf,inf,0,0,0,0,0,0,0,0,0,0,0,0,0
1,table_under_pick,98,qpEnvelope,0,0,0,0,0,0,0,0,0,inf,inf,0,0,0,0,0,0,0,0,0,0,0,0,0
1,bookshelf_small,5,isSafe,0,0,0,0,0,0,0,0,0,inf,inf,0,0,0,0,0,0,0,0,0,0,0,0,0
1,bookshelf_small,5,qpFixed,0,0,0,0,0,0,0,0,0,inf,inf,0,0,0,0,0,0,0,0,0,0,0,0,0
1,bookshelf_small,5,qpPlain,0,0,0,0,0,0,0,0,0,inf,inf,0,0,0,0,0,0,0,0,0,0,0,0,0
1,bookshelf_small,5,qpAdaptive,0,0,0,0,0,0,0,0,0,inf,inf,0,0,0,0,0,0,0,0,0,0,0,0,0
1,bookshelf_small,5,qpFreeGate,0,0,0,0,0,0,0,0,0,inf,inf,0,0,0,0,0,0,0,0,0,0,0,0,0
1,bookshelf_small,5,qpEnvelope,0,0,0,0,0,0,0,0,0,inf,inf,0,0,0,0,0,0,0,0,0,0,0,0,0
1,bookshelf_small,13,isSafe,1,1,4.14377,2960403,1032,8.06084,6,4032,0,0.00955819,0.00249477,0,0,0,0,10158,1029,0.101595,0,0,0,0,0,0
1,bookshelf_small,13,qpFixed,1,1,0.111167,54888,16,16.5249,28263,28263,0,0.00295101,0.00249477,0,0,0.000518623,0,9,7,1.77778,0,0,0,1,0,0
1,bookshelf_small,13,qpPlain,1,1,0.381995,54888,16,16.5249,28263,28263,0,0.00295101,0.00249477,0,0,0.000518623,0,9,7,1.77778,0,0,0,1,0,0
1,bookshelf_small,13,qpAdaptive,1,1,0.0964208,36593,16,16.5262,19346,19346,0,0.00295515,0.00249477,0,0,0.000777953,0.0211789,9,7,1.77778,0,0,0,0.978821,0.0210149,0.000163966
1,bookshelf_small,13,qpFreeGate,1,1,0.216121,127261,44,21.4064,31896,31896,0,0.00305342,0.00249477,0,0,0.000608265,0,141,36,0.312057,0,0,0,1,0,0
1,bookshelf_small,13,qpEnvelope,1,1,0.108212,35725,16,16.5285,18869,18869,0,0.00294644,0.00249477,0,0,0.000796928,0.0113366,9,7,1.77778,0,0,0,0.988663,0.0111686,0.00016795
1,bookshelf_small,20,isSafe,1,1,0.0346436,26542,9,9.23446,6,4619,0,0.00166613,0.00249477,0,0,0,0,22,5,0.409091,0,0,0,0,0,0
1,bookshelf_small,20,qpFixed,1,1,0.0121622,7588,5,5.43965,7589,7589,0,0.00294217,0.00249477,0,0,0.000716875,0,1,1,5,0,0,0,1,0,0
1,bookshelf_small,20,qpPlain,1,1,0.0491373,7588,5,5.43965,7589,7589,0,0.00294217,0.00249477,0,0,0.000716875,0,1,1,5,0,0,0,1,0,0
1,bookshelf_small,20,qpAdaptive,1,1,0.00527116,2125,5,5.43973,4101,4101,0,0.00294321,0.00249477,0,0,0.00255987,0.0964706,1,1,5,0,0,0,0.903529,0.0950588,0.00141176
1,bookshelf_small,20,qpFreeGate,1,1,0.0884188,52182,19,14.5614,22765,22765,0,0.00307245,0.00249477,0,0,0.000591167,0,48,14,0.395833,0,0,0,1,0,0
1,bookshelf_small,20,qpEnvelope,1,1,0.00565314,1950,5,5.43998,4004,4004,0,0.00294439,0.00249477,0,0,0.00278973,0.0523077,1,1,5,0,0,0,0.947692,0.0507692,0.00153846
1,bookshelf_small,28,isSafe,1,1,0.0235415,18207,7,9.10139,6,4552,0,0.00596364,0.00249477,0,0,0,0,2,2,3.5,0,0,0,0,0,0
1,bookshelf_small,28,qpFixed,1,1,0.0217225,14400,7,8.50727,14401,14401,0,0.00293196,0.00249477,0,0,0.000590783,0,1,1,7,0,0,0,1,0,0
1,bookshelf_small,28,qpPlain,1,1,0.0918112,14400,7,8.50727,14401,14401,0,0.00293196,0.00249477,0,0,0.000590783,0,1,1,7,0,0,0,1,0,0
1,bookshelf_small,28,qpAdaptive,1,1,0.0104665,4366,7,8.50732,7339,7339,0,0.00293119,0.00249477,0,0,0.00194854,0.0748969,1,1,7,0,0,0,0.925103,0.0739808,0.00091617
1,bookshelf_small,28,qpFreeGate,1,1,0.0231267,14595,7,9.10139,14366,14366,0,0.00596363,0.00249477,0,0,0.000625516,0,2,2,3.5,0,0,0,1,0,0
1,bookshelf_small,28,qpEnvelope,1,1,0.0115682,4062,7,8.50773,7157,7157,0,0.00293455,0.00249477,0,0,0.00209447,0.0233875,1,1,7,0,0,0,0.976613,0.0224028,0.000984737
1,bookshelf_small,36,isSafe,1,1,0.0494284,37808,12,6.82585,5,3414,0,0.0101693,0.00249477,0,0,0,0,58,8,0.206897,0,0,0,0,0,0
1,bookshelf_small,36,qpFixed,1,1,0.0107573,7199,5,5.70396,7200,7200,0,0.00295032,0.00249477,0,0,0.000792327,0,1,1,5,0,0,0,1,0,0
1,bookshelf_small,36,qpPlain,1,1,0.0455992,7199,5,5.70396,7200,7200,0,0.00295032,0.00249477,0,0,0.000792327,0,1,1,5,0,0,0,1,0,0
1,bookshelf_small,36,qpAdaptive,1,1,0.00381811,1588,5,5.70401,3710,3710,0,0.00295087,0.00249477,0,0,0.00359195,0.314861,1,1,5,0,0,0,0.685139,0.313602,0.00125945
1,bookshelf_small,36,qpFreeGate,1,1,0.0629691,36962,16,7.302,10339,10339,0,0.00308024,0.00249477,0,0,0.000642009,0,44,10,0.363636,0,0,0,1,0,0
1,bookshelf_small,36,qpEnvelope,1,1,0.00356311,1154,5,5.70499,3495,3495,0,0.00294536,0.00249477,0,0,0.00494367,0.159445,1,1,5,0,0,0,0.840555,0.157712,0.0017331
1,bookshelf_small,43,isSafe,1,0,10.0007,7177189,2875,0,0,0,0,inf,inf,0,0,0,0,24116,2873,0.119215,0,0,0,0,0,0
1,bookshelf_small,43,qpFixed,1,0,10.0068,5578737,674,0,0,0,0,inf,inf,0,0,0.000327141,0,1128,572,0.597518,0,0,0,1,0,0
1,bookshelf_small,43,qpPlain,1,0,10.02,1434221,209,0,0,0,0,inf,inf,0,0,0.00035383,0,250,156,0.836,0,0,0,1,0,0
1,bookshelf_small,43,qpAdaptive,1,0,10.0052,4820059,637,0,0,0,0,inf,inf,0,0,0.000354328,0.00378854,1037,538,0.614272,0,0,0,0.99621,0.00376302,2.65557e-05
1,bookshelf_small,43,qpFreeGate,1,0,10.0005,5882770,2602,0,0,0,0,inf,inf,0,0,0.000575183,0,15055,2599,0.172833,0,0,0,1,0,0
1,bookshelf_small,43,qpEnvelope,1,0,10.008,4093022,561,0,0,0,0,inf,inf,0,0,0.000359351,0.000449301,858,473,0.653846,0,0,0,0.99955,0.000424625,2.56534e-05
1,bookshelf_small,50,isSafe,1,1,0.12883,95517,27,12.1986,8,6101,0,0.00317795,0.00249477,0,0,0,0,172,23,0.156977,0,0,0,0,0,0
1,bookshelf_small,50,qpFixed,1,1,0.0302848,17466,10,8.56661,13040,13040,0,0.00294709,0.00249477,0,0,0.000639886,0,2,2,5,0,0,0,1,0,0
1,bookshelf_small,50,qpPlain,1,1,0.114499,17466,10,8.56661,13040,13040,0,0.00294709,0.00249477,0,0,0.000639886,0,2,2,5,0,0,0,1,0,0
1,bookshelf_small,50,qpAdaptive,1,1,0.0210545,9367,10,8.56725,8035,8035,0,0.00294759,0.00249477,0,0,0.00119325,0.0993915,2,2,5,0,0,0,0.900395,0.0989644,0.000640547
1,bookshelf_small,50,qpFreeGate,1,1,0.190354,111101,36,19.7668,29258,29258,0,0.00304616,0.00249477,0,0,0.000579198,0,189,31,0.190476,0,0,0,1,0,0
1,bookshelf_small,50,qpEnvelope,1,1,0.022693,8360,10,8.56815,7887,7887,0,0.00294718,0.00249477,0,0,0.00133707,0.0558612,2,2,5,0,0,0,0.9439,0.0551435,0.000956938
1,bookshelf_small,57,isSafe,1,1,0.183685,133536,38,10.7354,7,5369,0,0.00413827,0.00249477,0,0,0,0,209,34,0.181818,0,0,0,0,0,0
1,bookshelf_small,57,qpFixed,1,1,0.0151784,8407,6,6.21143,8408,8408,0,0.0029261,0.00249477,0,0,0.00073884,0,1,1,6,0,0,0,1,0,0
1,bookshelf_small,57,qpPlain,1,1,0.0561043,8407,6,6.21143,8408,8408,0,0.0029261,0.00249477,0,0,0.00073884,0,1,1,6,0,0,0,1,0,0
1,bookshelf_small,57,qpAdaptive,1,1,0.00892787,3315,6,6.2116,5341,5341,0,0.00292308,0.00249477,0,0,0.00187379,0.113424,1,1,6,0,0,0,0.886576,0.112519,0.000904977
1,bookshelf_small,57,qpFreeGate,1,1,0.645061,376265,142,28.4835,39896,39896,0,0.00305961,0.00249477,0,0,0.000586448,0,618,130,0.229773,0,0,0,1,0,0
1,bookshelf_small,57,qpEnvelope,1,1,0.00947573,2980,6,6.21222,5173,5173,0,0.00292214,0.00249477,0,0,0.00208464,0.0489933,1,1,6,0,0,0,0.951007,0.0479866,0.00100671
1,bookshelf_small,64,isSafe,1,1,0.731382,529190,147,23.1295,13,11566,0,0.00314684,0.00249477,0,0,0,0,1209,142,0.121588,0,0,0,0,0,0
1,bookshelf_small,64,qpFixed,1,1,0.0523804,24384,10,12.2098,19997,19997,0,0.00200112,0.00249477,0,0,0.000548134,0,3,2,3.33333,0,0,0,1,0,0
1,bookshelf_small,64,qpPlain,1,1,0.176475,24384,10,12.2098,19997,19997,0,0.00200112,0.00249477,0,0,0.000548134,0,3,2,3.33333,0,0,0,1,0,0
1,bookshelf_small,64,qpAdaptive,1,1,0.0446053,16709,10,12.2075,15118,15118,0,0.0020505,0.00249477,0,0,0.000799585,0.0146628,3,2,3.33333,0,0,0,0.985337,0.0144234,0.000239392
1,bookshelf_small,64,qpFreeGate,1,1,0.445064,262638,85,23.0889,33884,33884,0,0.00299079,0.00249477,0,0,0.000551097,0,344,79,0.247093,0,0,0,1,0,0
1,bookshelf_small,64,qpEnvelope,1,1,0.0503764,16497,10,12.2103,14988,14988,0,0.00201439,0.00249477,0,0,0.000810202,0.00715282,3,2,3.33333,0,0,0,0.992847,0.00691035,0.000242468
1,bookshelf_small,71,isSafe,1,1,0.2419,175256,46,13.9878,8,6995,0,0.00396696,0.00249477,0,0,0,0,276,42,0.166667,0,0,0,0,0,0
1,bookshelf_small,71,qpFixed,1,1,0.02014,12581,7,9.45524,12582,12582,0,0.00296066,0.00249477,0,0,0.000751549,0,1,1,7,0,0,0,1,0,0
1,bookshelf_small,71,qpPlain,1,1,0.081941,12581,7,9.45524,12582,12582,0,0.00296066,0.00249477,0,0,0.000751549,0,1,1,7,0,0,0,1,0,0
1,bookshelf_small,71,qpAdaptive,1,1,0.00371088,1456,7,9.45533,5695,5695,0,0.00296549,0.00249477,0,0,0.00649405,0.195742,1,1,7,0,0,0,0.804258,0.192308,0.00343407
1,bookshelf_small,71,qpFreeGate,1,1,0.190872,116072,41,11.3717,15661,15661,0,0.00304228,0.00249477,0,0,0.000572432,0,169,35,0.242604,0,0,0,1,0,0
1,bookshelf_small,71,qpEnvelope,1,1,0.00382402,1217,7,9.45553,5570,5570,0,0.00296888,0.00249477,0,0,0.00776954,0.0928513,1,1,7,0,0,0,0.907149,0.0887428,0.00410846
1,bookshelf_small,78,isSafe,1,1,0.236371,171716,46,20.3977,12,10200,0,0.00794266,0.00249477,0,0,0,0,258,42,0.178295,0,0,0,0,0,0
1,bookshelf_small,78,qpFixed,1,1,0.041661,20377,10,9.69125,14687,14687,0,0.00293563,0.00249477,0,0,0.000627499,0,3,3,3.33333,0,0,0,1,0,0
1,bookshelf_small,78,qpPlain,1,1,0.141757,20377,10,9.69125,14687,14687,0,0.00293563,0.00249477,0,0,0.000627499,0,3,3,3.33333,0,0,0,1,0,0
1,bookshelf_small,78,qpAdaptive,1,1,0.0329947,12147,10,9.69187,9799,9799,0,0.00293299,0.00249477,0,0,0.00105272,0.0791965,3,3,3.33333,0,0,0,0.920803,0.0787849,0.000411624
1,bookshelf_small,78,qpFreeGate,1,1,0.376521,222280,74,22.7936,32368,32368,0,0.00306408,0.00249477,0,0,0.000567588,0,328,69,0.22561,0,0,0,1,0,0
1,bookshelf_small,78,qpEnvelope,1,1,0.0350291,10861,10,9.69336,9390,9390,0,0.00293321,0.00249477,0,0,0.0011775,0.0447473,3,3,3.33333,0,0,0,0.955253,0.0442869,0.000460363
1,bookshelf_small,85,isSafe,1,1,0.307412,222695,60,14.6268,9,7315,0,0.00153774,0.00249477,0,0,0,0,416,56,0.144231,0,0,0,0,0,0
1,bookshelf_small,85,qpFixed,1,1,0.0775337,36928,14,13.9865,21968,21968,0,0.00292033,0.00249477,0,0,0.000578315,0,4,4,3.5,0,0,0,1,0,0
1,bookshelf_small,85,qpPlain,1,1,0.261055,36928,14,13.9865,21968,21968,0,0.00292033,0.00249477,0,0,0.000578315,0,4,4,3.5,0,0,0,1,0,0
1,bookshelf_small,85,qpAdaptive,1,1,0.0679783,26128,14,13.9865,16014,16014,0,0.00292029,0.00249477,0,0,0.00081736,0.0283604,4,4,3.5,0,0,0,0.97164,0.028169,0.000191366
1,bookshelf_small,85,qpFreeGate,1,1,0.695369,410480,141,16.6121,22783,22783,0,0.00301391,0.00249477,0,0,0.00058059,0,631,136,0.223455,0,0,0,1,0,0
1,bookshelf_small,85,qpEnvelope,1,1,0.0766858,25469,14,13.9874,15770,15770,0,0.00292035,0.00249477,0,0,0.000838538,0.0203777,4,4,3.5,0,0,0,0.979622,0.0201814,0.000196317
1,bookshelf_small,93,isSafe,1,1,0.0149724,10724,5,5.35953,4,2681,0,0.00797132,0.00249477,0,0,0,0,1,1,5,0,0,0,0,0,0
1,bookshelf_small,93,qpFixed,1,1,0.0104284,7773,5,5.35953,7774,7774,0,0.00797132,0.00249477,0,0,0.000689507,0,1,1,5,0,0,0,1,0,0
1,bookshelf_small,93,qpPlain,1,1,0.0489491,7773,5,5.35953,7774,7774,0,0.00797132,0.00249477,0,0,0.000689507,0,1,1,5,0,0,0,1,0,0
1,bookshelf_small,93,qpAdaptive,1,1,0.000424947,80,5,5.35953,2722,2722,0,0.00797132,0.00249477,0,0,0.0669942,1,1,1,5,0,0,0,0,0.9625,0.0375
1,bookshelf_small,93,qpFreeGate,1,1,0.0135059,7773,5,5.35953,7774,7774,0,0.00797132,0.00249477,0,0,0.000689507,0,1,1,5,0,0,0,1,0,0
1,bookshelf_small,93,qpEnvelope,1,1,0.000265541,26,5,5.35953,2694,2694,0,0.00797132,0.00249477,0,0,0.206136,1,1,1,5,0,0,0,0,0.884615,0.115385
1,bookshelf_small,100,isSafe,1,1,0.407886,285298,76,18.049,11,9026,0,0.00208828,0.00249477,0,0,0,0,594,72,0.127946,0,0,0,0,0,0
1,bookshelf_small,100,qpFixed,1,1,0.0336628,15681,8,6.44317,9591,9591,0,0.00227331,0.00249477,0,0,0.000586834,0,2,2,4,0,0,0,1,0,0
1,bookshelf_small,100,qpPlain,1,1,0.111752,15681,8,6.44317,9591,9591,0,0.00227331,0.00249477,0,0,0.000586834,0,2,2,4,0,0,0,1,0,0
1,bookshelf_small,100,qpAdaptive,1,1,0.0244229,8584,8,6.44346,6980,6980,0,0.0022731,0.00249477,0,0,0.00107205,0.0493942,2,2,4,0,0,0,0.950606,0.0488117,0.000582479
1,bookshelf_small,100,qpFreeGate,1,1,0.234047,136142,46,16.2142,23997,23997,0,0.0030296,0.00249477,0,0,0.000566865,0,176,39,0.261364,0,0,0,1,0,0
1,bookshelf_small,100,qpEnvelope,1,1,0.0269641,8235,8,6.44372,6760,6760,0,0.00227249,0.00249477,0,0,0.00111751,0.0319369,2,2,4,0,0,0,0.968063,0.0313297,0.000607165
1,box,7,isSafe,1,1,0.128479,95279,26,15.7775,9,7890,0,0.00618181,0.00249477,0,0,0,0,101,23,0.257426,0,0,0,0,0,0
1,box,7,qpFixed,1,1,0.0748966,37291,15,11.9192,18185,18185,0,0.00286438,0.00249477,0,0,0.000605567,0,5,5,3,0,0,0,1,0,0
1,box,7,qpPlain,1,1,0.258331,37291,15,11.9192,18185,18185,0,0.00286438,0.00249477,0,0,0.000605567,0,5,5,3,0,0,0,1,0,0
1,box,7,qpAdaptive,1,1,0.0557782,20660,15,11.9194,11168,11168,0,0.00286438,0.00249477,0,0,0.00109305,0.0257018,5,5,3,0,0,0,0.974298,0.0252662,0.000435624
1,box,7,qpFreeGate,1,1,0.187042,106327,45,11.9065,15553,15553,0,0.00304619,0.00249477,0,0,0.00064185,0,136,36,0.330882,0,0,0,1,0,0
1,box,7,qpEnvelope,1,1,0.0630296,20181,15,11.9197,11024,11024,0,0.00286418,0.00249477,0,0,0.00111904,0.0219513,5,5,3,0,0,0,0.977999,0.0215549,0.000445964
1,box,14,isSafe,1,1,0.0340474,25595,10,10.7498,8,5376,0,0.0204922,0.00249477,0,0,0,0,10,6,1,0,0,0,0,0,0
1,box,14,qpFixed,1,1,0.0106369,6622,5,5.04988,6623,6623,0,0.00357961,0.00249477,0,0,0.000762592,0,1,1,5,0,0,0,1,0,0
1,box,14,qpPlain,1,1,0.042969,6622,5,5.04988,6623,6623,0,0.00357961,0.00249477,0,0,0.000762592,0,1,1,5,0,0,0,1,0,0
1,box,14,qpAdaptive,1,1,0.000795061,213,5,5.05002,2641,2641,0,0.00351476,0.00249477,0,0,0.023709,0.746479,1,1,5,0,0,0,0.253521,0.732394,0.0140845
1,box,14,qpFreeGate,1,1,0.0326028,19323,10,10.9573,15448,15448,0,0.00318126,0.00249477,0,0,0.000705077,0,10,5,1,0,0,0,1,0,0
1,box,14,qpEnvelope,1,1,0.000615334,129,5,5.05035,2601,2601,0,0.00345068,0.00249477,0,0,0.03915,0.713178,1,1,5,0,0,0,0.286822,0.689922,0.0232558
1,box,21,isSafe,1,1,0.0285988,21086,8,8.53239,6,4268,0,0.00956765,0.00249477,0,0,0,0,6,3,1.33333,0,0,0,0,0,0
1,box,21,qpFixed,1,1,0.0185163,12547,6,7.87115,12548,12548,0,0.00298527,0.00249477,0,0,0.000627333,0,1,1,6,0,0,0,1,0,0
1,box,21,qpPlain,1,1,0.080955,12547,6,7.87115,12548,12548,0,0.00298527,0.00249477,0,0,0.000627333,0,1,1,6,0,0,0,1,0,0
1,box,21,qpAdaptive,1,1,0.00271669,887,6,7.87139,4552,4552,0,0.00298305,0.00249477,0,0,0.00887417,0.225479,1,1,6,0,0,0,0.773393,0.222097,0.00450958
1,box,21,qpFreeGate,1,1,0.0859417,50912,27,16.801,25902,25902,0,0.00305959,0.00249477,0,0,0.000634229,0,33,14,0.818182,0,0,0,1,0,0
1,box,21,qpEnvelope,1,1,0.00264667,679,6,7.87201,4403,4403,0,0.00298476,0.00249477,0,0,0.0115935,0.197349,1,1,6,0,0,0,0.802651,0.191458,0.00589102
1,box,28,isSafe,1,1,0.0290244,20751,8,8.41913,6,4211,0,0.00290015,0.00249477,0,0,0,0,10,4,0.8,0,0,0,0,0,0
1,box,28,qpFixed,1,1,0.0154462,9216,6,6.68381,9217,9217,0,0.00293959,0.00249477,0,0,0.00072524,0,1,1,6,0,0,0,1,0,0
1,box,28,qpPlain,1,1,0.060823,9216,6,6.68381,9217,9217,0,0.00293959,0.00249477,0,0,0.00072524,0,1,1,6,0,0,0,1,0,0
1,box,28,qpAdaptive,1,1,0.00647922,2216,6,6.68385,4755,4755,0,0.00294086,0.00249477,0,0,0.00301618,0.0731047,1,1,6,0,0,0,0.926895,0.0717509,0.00135379
1,box,28,qpFreeGate,1,1,0.0497287,28056,26,12.1288,17869,17869,0,0.00304917,0.00249477,0,0,0.000653265,0,12,7,2.16667,0,0,0,1,0,0
1,box,28,qpEnvelope,1,1,0.00693165,2090,6,6.68404,4682,4682,0,0.00294155,0.00249477,0,0,0.00319811,0.0382775,1,1,6,0,0,0,0.961722,0.0368421,0.00143541
1,box,35,isSafe,1,1,0.0776744,55543,16,11.7009,7,5852,0,0.0313993,0.00249477,0,0,0,0,70,13,0.228571,0,0,0,0,0,0
1,box,35,qpFixed,1,1,0.0265919,15862,8,7.49772,10690,10690,0,0.0030512,0.00249477,0,0,0.000661048,0,2,2,4,0,0,0,1,0,0
1,box,35,qpPlain,1,1,0.10447,15862,8,7.49772,10690,10690,0,0.0030512,0.00249477,0,0,0.000661048,0,2,2,4,0,0,0,1,0,0
1,box,35,qpAdaptive,1,1,0.0122506,4549,8,7.49774,4090,4090,0,0.0030649,0.00249477,0,0,0.00230503,0.0604528,2,2,4,0,0,0,0.939327,0.0597934,0.000879314
1,box,35,qpFreeGate,1,1,0.185819,103044,55,14.9267,20573,20573,0,0.00303946,0.00249477,0,0,0.000645875,0,142,37,0.387324,0,0,0,1,0,0
1,box,35,qpEnvelope,1,1,0.0133686,4288,8,7.49784,3966,3966,0,0.00303948,0.00249477,0,0,0.00244536,0.030084,2,2,4,0,0,0,0.969916,0.0291511,0.000932836
1,box,42,isSafe,1,1,0.0340799,24959,9,8.46148,6,4232,0,0.0349075,0.00249477,0,0,0,0,18,5,0.5,0,0,0,0,0,0
1,box,42,qpFixed,1,1,0.0275785,16734,7,7.3561,11568,11568,0,0.00298047,0.00249477,0,0,0.000581201,0,2,2,3.5,0,0,0,1,0,0
1,box,42,qpPlain,1,1,0.11109,16734,7,7.3561,11568,11568,0,0.00298047,0.00249477,0,0,0.000581201,0,2,2,3.5,0,0,0,1,0,0
1,box,42,qpAdaptive,1,1,0.0140526,5317,7,7.35611,4168,4168,0,0.00298014,0.00249477,0,0,0.0018292,0.0438217,2,2,3.5,0,0,0,0.956178,0.0430694,0.000752304
1,box,42,qpFreeGate,1,1,0.0847532,47809,21,18.574,27771,27771,0,0.00301171,0.00249477,0,0,0.000617518,0,43,14,0.488372,0,0,0,1,0,0
1,box,42,qpEnvelope,1,1,0.0158219,5154,7,7.35611,4095,4095,0,0.00298301,0.00249477,0,0,0.00188705,0.0279395,2,2,3.5,0,0,0,0.972061,0.0271634,0.000776096
1,box,49,isSafe,1,1,0.126217,87982,24,17.8841,10,8944,0,0.00962159,0.00249477,0,0,0,0,89,19,0.269663,0,0,0,0,0,0
1,box,49,qpFixed,1,1,0.0150472,8424,6,5.65834,8425,8425,0,0.00293955,0.00249477,0,0,0.000671693,0,1,1,6,0,0,0,1,0,0
1,box,49,qpPlain,1,1,0.0558856,8424,6,5.65834,8425,8425,0,0.00293955,0.00249477,0,0,0.000671693,0,1,1,6,0,0,0,1,0,0
1,box,49,qpAdaptive,1,1,0.00650375,2273,6,5.65851,4339,4339,0,0.00293957,0.00249477,0,0,0.00248944,0.0549934,1,1,6,0,0,0,0.945007,0.0536736,0.00131984
1,box,49,qpFreeGate,1,1,0.194298,110008,44,13.377,20596,20596,0,0.00304196,0.00249477,0,0,0.000632117,0,109,36,0.40367,0,0,0,1,0,0
1,box,49,qpEnvelope,1,1,0.0073121,2197,6,5.6587,4304,4304,0,0.00293954,0.00249477,0,0,0.00257565,0.0368685,1,1,6,0,0,0,0.963132,0.035503,0.0013655
1,box,56,isSafe,1,1,0.144221,105472,29,16.6871,10,8345,0,0.0239223,0.00249477,0,0,0,0,105,23,0.27619,0,0,0,0,0,0
1,box,56,qpFixed,1,1,0.0905514,44254,25,24.0811,36400,36400,0,0.00293852,0.00249477,0,0,0.000606976,0,7,7,3.57143,0,0,0,1,0,0
1,box,56,qpPlain,1,1,0.308152,44254,25,24.0811,36400,36400,0,0.00293852,0.00249477,0,0,0.000606976,0,7,7,3.57143,0,0,0,1,0,0
1,box,56,qpAdaptive,1,1,0.0811257,31867,25,24.0813,28176,28176,0,0.0029386,0.00249477,0,0,0.000842918,0.0361816,7,7,3.57143,0,0,0,0.963756,0.0358678,0.000376565
1,box,56,qpFreeGate,1,1,0.197498,110525,42,17.5195,24429,24429,0,0.00308924,0.00249477,0,0,0.000644437,0,100,33,0.42,0,0,0,1,0,0
1,box,56,qpEnvelope,1,1,0.0902149,30398,25,24.0974,27382,27382,0,0.00293853,0.00249477,0,0,0.000884182,0.0108889,7,7,3.57143,0,0,0,0.98898,0.0105599,0.000460557
1,box,63,isSafe,1,1,0.117315,80952,23,16.3735,10,8188,0,0.0557948,0.00249477,0,0,0,0,61,19,0.377049,0,0,0,0,0,0
1,box,63,qpFixed,1,1,0.0931098,52045,23,19.6494,28367,28367,0,0.00293699,0.00249477,0,0,0.000619231,0,9,8,2.55556,0,0,0,1,0,0
1,box,63,qpPlain,1,1,0.346814,52045,23,19.6494,28367,28367,0,0.00293699,0.00249477,0,0,0.000619231,0,9,8,2.55556,0,0,0,1,0,0
1,box,63,qpAdaptive,1,1,0.0596671,24826,23,19.6503,17291,17291,0,0.00293662,0.00249477,0,0,0.00129828,0.167365,9,8,2.55556,0,0,0,0.832434,0.166881,0.000684766
1,box,63,qpFreeGate,1,1,0.0261248,14545,9,9.19069,12402,12402,0,0.00304326,0.00249477,0,0,0.000713663,0,5,3,1.8,0,0,0,1,0,0
1,box,63,qpEnvelope,1,1,0.0726886,26412,25,19.6552,14957,14957,0,0.00293664,0.00249477,0,0,0.00137193,0.0304786,10,9,2.5,0,0,0,0.969294,0.0298728,0.000832955
1,box,70,isSafe,1,1,0.049651,36971,12,14.4468,9,7225,0,0.0319122,0.00249477,0,0,0,0,38,7,0.315789,0,0,0,0,0,0
1,box,70,qpFixed,1,1,0.0266656,14256,7,8.01354,14257,14257,0,0.00294804,0.00249477,0,0,0.000562117,0,1,1,7,0,0,0,1,0,0
1,box,70,qpPlain,1,1,0.0972463,14256,7,8.01354,14257,14257,0,0.00294804,0.00249477,0,0,0.000562117,0,1,1,7,0,0,0,1,0,0
1,box,70,qpAdaptive,1,1,0.0163944,6233,7,8.01388,8879,8879,0,0.00294828,0.00249477,0,0,0.00128572,0.0309642,1,1,7,0,0,0,0.969036,0.0304829,0.000481309
1,box,70,qpFreeGate,1,1,0.0438967,23071,13,9.3835,12679,12679,0,0.0030689,0.00249477,0,0,0.000735784,0,10,6,1.3,0,0,0,1,0,0
1,box,70,qpEnvelope,1,1,0.01846,6090,7,8.0147,8775,8775,0,0.00294962,0.00249477,0,0,0.00131604,0.0167488,1,1,7,0,0,0,0.983251,0.0162562,0.000492611
1,box,77,isSafe,1,1,0.0563609,40000,12,13.9669,8,6985,0,0.00439016,0.00249477,0,0,0,0,26,9,0.461538,0,0,0,0,0,0
1,box,77,qpFixed,1,1,0.102281,49559,22,7.12022,12224,12224,0,0.00293724,0.00249477,0,0,0.000598279,0,7,7,3.14286,0,0,0,1,0,0
1,box,77,qpPlain,1,1,0.34112,49559,22,7.12022,12224,12224,0,0.00293724,0.00249477,0,0,0.000598279,0,7,7,3.14286,0,0,0,1,0,0
1,box,77,qpAdaptive,1,1,0.0805113,31432,22,7.12028,8308,8308,0,0.00293724,0.00249477,0,0,0.000943326,0.0304149,7,7,3.14286,0,0,0,0.969585,0.030224,0.000190888
1,box,77,qpFreeGate,1,1,0.247433,138312,59,17.3932,25716,25716,0,0.00305768,0.00249477,0,0,0.000637249,0,163,49,0.361963,0,0,0,1,0,0
1,box,77,qpEnvelope,1,1,0.0914401,30588,22,7.12081,8152,8152,0,0.00293724,0.00249477,0,0,0.000969442,0.023506,7,7,3.14286,0,0,0,0.976494,0.0233098,0.000196155
1,box,84,isSafe,1,1,0.0752786,56554,17,10.2923,7,5148,0,0.0616708,0.00249477,0,0,0,0,35,13,0.485714,0,0,0,0,0,0
1,box,84,qpFixed,1,1,0.0533252,27561,12,13.8472,20340,20340,0,0.00294672,0.00249477,0,0,0.000628848,0,4,4,3,0,0,0,1,0,0
1,box,84,qpPlain,1,1,0.184276,27561,12,13.8472,20340,20340,0,0.00294672,0.00249477,0,0,0.000628848,0,4,4,3,0,0,0,1,0,0
1,box,84,qpAdaptive,1,1,0.0373949,14673,12,13.8473,12318,12318,0,0.00294656,0.00249477,0,0,0.00118122,0.0513187,4,4,3,0,0,0,0.948613,0.0511143,0.00027261
1,box,84,qpFreeGate,1,1,0.0672004,37731,18,13.9189,21177,21177,0,0.00313083,0.00249477,0,0,0.000640792,0,22,10,0.818182,0,0,0,1,0,0
1,box,84,qpEnvelope,1,1,0.0418328,14044,12,13.8484,12017,12017,0,0.00294714,0.00249477,0,0,0.00123423,0.0287667,4,4,3,0,0,0,0.971233,0.0284819,0.000284819
1,box,91,isSafe,1,1,0.0385607,28455,10,10.195,7,5099,0,0.00857818,0.00249477,0,0,0,0,40,5,0.25,0,0,0,0,0,0
1,box,91,qpFixed,1,1,0.0238304,13146,7,7.53146,13147,13147,0,0.00294152,0.00249477,0,0,0.000572909,0,1,1,7,0,0,0,1,0,0
1,box,91,qpPlain,1,1,0.0883014,13146,7,7.53146,13147,13147,0,0.00294152,0.00249477,0,0,0.000572909,0,1,1,7,0,0,0,1,0,0
1,box,91,qpAdaptive,1,1,0.0128949,4727,7,7.53152,7407,7407,0,0.00294174,0.00249477,0,0,0.0015933,0.0431563,1,1,7,0,0,0,0.956844,0.0423101,0.000846203
1,box,91,qpFreeGate,1,1,0.180898,100471,40,18.6556,26934,26934,0,0.00304318,0.00249477,0,0,0.000648142,0,112,31,0.357143,0,0,0,1,0,0
1,box,91,qpEnvelope,1,1,0.0143924,4591,7,7.53173,7314,7314,0,0.00294155,0.00249477,0,0,0.00164054,0.0304944,1,1,7,0,0,0,0.969506,0.0296232,0.00087127
1,box,98,isSafe,1,1,0.0596765,42797,13,15.3185,9,7661,0,0.00156301,0.00249477,0,0,0,0,47,9,0.276596,0,0,0,0,0,0
1,box,98,qpFixed,1,1,0.0316055,16616,9,10.576,14703,14703,0,0.00293996,0.00249477,0,0,0.000699338,0,2,2,4.5,0,0,0,1,0,0
1,box,98,qpPlain,1,1,0.112107,16616,9,10.576,14703,14703,0,0.00293996,0.00249477,0,0,0.000699338,0,2,2,4.5,0,0,0,1,0,0
1,box,98,qpAdaptive,1,1,0.0178728,6697,9,10.5766,8765,8765,0,0.0029405,0.00249477,0,0,0.00173527,0.093176,2,2,4.5,0,0,0,0.906824,0.0925788,0.000597282
1,box,98,qpFreeGate,1,1,0.0600526,33654,17,13.0536,17144,17144,0,0.00305719,0.00249477,0,0,0.000697242,0,28,11,0.607143,0,0,0,1,0,0
1,box,98,qpEnvelope,1,1,0.0196185,6182,9,10.579,8485,8485,0,0.00294158,0.00249477,0,0,0.00188014,0.056616,2,2,4.5,0,0,0,0.943384,0.0559689,0.00064704
1,table_pick,5,isSafe,1,1,0.208476,153064,42,13.8981,9,6951,0,0.00226185,0.00249477,0,0,0,0,213,37,0.197183,0,0,0,0,0,0
1,table_pick,5,qpFixed,1,1,0.0191444,13898,7,8.36501,13899,13899,0,0.00289073,0.00249477,0,0,0.000601886,0,1,1,7,0,0,0,1,0,0
1,table_pick,5,qpPlain,1,1,0.0879378,13898,7,8.36501,13899,13899,0,0.00289073,0.00249477,0,0,0.000601886,0,1,1,7,0,0,0,1,0,0
1,table_pick,5,qpAdaptive,1,1,0.00286389,1027,7,8.36505,4832,4832,0,0.00288708,0.00249477,0,0,0.00814513,0.352483,1,1,7,0,0,0,0.646543,0.348588,0.00486855
1,table_pick,5,qpFreeGate,1,1,0.0587077,35907,17,14.3056,19103,19103,0,0.00582774,0.00249477,0,0,0.000686789,0,19,9,0.894737,0,0,0,1,0,0
1,table_pick,5,qpEnvelope,1,1,0.00273786,749,7,8.36515,4668,4668,0,0.00290547,0.00249477,0,0,0.0111684,0.264352,1,1,7,0,0,0,0.735648,0.257677,0.00667557
1,table_pick,12,isSafe,1,1,0.0203444,15582,6,7.76752,5,3885,0,0.00264688,0.00249477,0,0,0,0,4,2,1.5,0,0,0,0,0,0
1,table_pick,12,qpFixed,1,1,0.0325626,24660,11,10.5276,17274,17274,0,0.00295993,0.00249477,0,0,0.00059237,0,2,2,5.5,0,0,0,1,0,0
1,table_pick,12,qpPlain,1,1,0.155173,24660,11,10.5276,17274,17274,0,0.00295993,0.00249477,0,0,0.00059237,0,2,2,5.5,0,0,0,1,0,0
1,table_pick,12,qpAdaptive,1,1,0.00319542,1222,11,10.529,5988,5988,0,0.00294793,0.00249477,0,0,0.0119552,0.410802,2,2,5.5,0,0,0,0.587561,0.405892,0.00654664
1,table_pick,12,qpFreeGate,1,1,0.0869841,51119,20,11.9729,16160,16160,0,0.00353037,0.00249477,0,0,0.000635468,0,42,16,0.47619,0,0,0,1,0,0
1,table_pick,12,qpEnvelope,1,1,0.00295474,887,11,10.5328,5932,5932,0,0.00294865,0.00249477,0,0,0.0164746,0.13867,2,2,5.5,0,0,0,0.859076,0.131905,0.00901917
1,table_pick,19,isSafe,1,1,0.0257063,18819,7,9.40743,6,4705,0,0.00448063,0.00249477,0,0,0,0,2,2,3.5,0,0,0,0,0,0
1,table_pick,19,qpFixed,1,1,0.0220606,12564,6,7.76351,12565,12565,0,0.00292034,0.00249477,0,0,0.000617917,0,1,1,6,0,0,0,1,0,0
1,table_pick,19,qpPlain,1,1,0.0815599,12564,6,7.76351,12565,12565,0,0.00292034,0.00249477,0,0,0.000617917,0,1,1,6,0,0,0,1,0,0
1,table_pick,19,qpAdaptive,1,1,0.0124831,5136,6,7.76352,7501,7501,0,0.00292079,0.00249477,0,0,0.00151159,0.0769081,1,1,6,0,0,0,0.923092,0.076324,0.000584112
1,table_pick,19,qpFreeGate,1,1,0.0223437,13136,7,9.40733,12566,12566,0,0.00447478,0.00249477,0,0,0.000732542,0,2,2,3.5,0,0,0,1,0,0
1,table_pick,19,qpEnvelope,1,1,0.0137603,4777,6,7.76353,7300,7300,0,0.00292168,0.00249477,0,0,0.00162519,0.0320285,1,1,6,0,0,0,0.967972,0.0314005,0.000628009
1,table_pick,26,isSafe,1,1,0.0432061,30838,10,11.3843,7,5694,0,0.00201719,0.00249477,0,0,0,0,22,6,0.454545,0,0,0,0,0,0
1,table_pick,26,qpFixed,1,1,0.0843312,40421,16,11.5222,17604,17604,0,0.00291896,0.00249477,0,0,0.000566249,0,5,5,3.2,0,0,0,1,0,0
1,table_pick,26,qpPlain,1,1,0.278059,40421,16,11.5222,17604,17604,0,0.00291896,0.00249477,0,0,0.000566249,0,5,5,3.2,0,0,0,1,0,0
1,table_pick,26,qpAdaptive,1,1,0.0786375,31364,16,11.5222,12316,12316,0,0.00292026,0.00249477,0,0,0.000729799,0.0315011,5,5,3.2,0,0,0,0.968499,0.0314054,9.56511e-05
1,table_pick,26,qpFreeGate,1,1,0.117256,65226,24,17.4216,25139,25139,0,0.00758088,0.00249477,0,0,0.000605451,0,66,18,0.363636,0,0,0,1,0,0
1,table_pick,26,qpEnvelope,1,1,0.0878466,30237,16,11.5226,12032,12032,0,0.00292191,0.00249477,0,0,0.000757082,0.0185865,5,5,3.2,0,0,0,0.981414,0.0184873,9.92162e-05
1,table_pick,33,isSafe,1,1,0.0210187,15656,6,5.82142,4,2912,0,0.000154965,0.00249477,0,0,0,0,4,2,1.5,0,0,0,0,0,0
1,table_pick,33,qpFixed,1,1,0.0194768,10602,7,6.65066,10603,10603,0,0.00292387,0.00249477,0,0,0.000627302,0,1,1,7,0,0,0,1,0,0
1,table_pick,33,qpPlain,1,1,0.0695225,10602,7,6.65066,10603,10603,0,0.00292387,0.00249477,0,0,0.000627302,0,1,1,7,0,0,0,1,0,0
1,table_pick,33,qpAdaptive,1,1,0.0126632,5174,7,6.65064,6972,6972,0,0.00292034,0.00249477,0,0,0.0012854,0.0805953,1,1,7,0,0,0,0.919405,0.0800155,0.000579822
1,table_pick,33,qpFreeGate,1,1,0.0447912,25942,11,5.66156,8635,8635,0,0.00307357,0.00249477,0,0,0.00061292,0,20,8,0.55,0,0,0,1,0,0
1,table_pick,33,qpEnvelope,1,1,0.0136727,4694,7,6.65074,6632,6632,0,0.00291891,0.00249477,0,0,0.00141686,0.0534725,1,1,7,0,0,0,0.946527,0.0528334,0.000639114
1,table_pick,40,isSafe,1,1,0.179873,125094,34,18.2068,11,9105,0,0.000955482,0.00249477,0,0,0,0,172,30,0.197674,0,0,0,0,0,0
1,table_pick,40,qpFixed,1,1,0.02275,13021,7,8.68166,13022,13022,0,0.00293332,0.00249477,0,0,0.000666743,0,1,1,7,0,0,0,1,0,0
1,table_pick,40,qpPlain,1,1,0.0858984,13021,7,8.68166,13022,13022,0,0.00293332,0.00249477,0,0,0.000666743,0,1,1,7,0,0,0,1,0,0
1,table_pick,40,qpAdaptive,1,1,0.0117728,4474,7,8.68169,7485,7485,0,0.00293861,0.00249477,0,0,0.00194048,0.0967814,1,1,7,0,0,0,0.903219,0.0958873,0.000894055
1,table_pick,40,qpFreeGate,1,1,0.418144,241706,81,21.1816,30070,30070,0,0.00303346,0.00249477,0,0,0.000586762,0,291,76,0.278351,0,0,0,1,0,0
1,table_pick,40,qpEnvelope,1,1,0.0126092,4093,7,8.68186,7264,7264,0,0.0029352,0.00249477,0,0,0.00212115,0.0410457,1,1,7,0,0,0,0.958954,0.0400684,0.000977278
1,table_pick,47,isSafe,1,1,0.0382201,28509,10,10.1762,7,5090,0,0.000835548,0.00249477,0,0,0,0,10,6,1,0,0,0,0,0,0
1,table_pick,47,qpFixed,1,1,0.0293296,14956,6,5.04711,6916,6916,0,0.00296321,0.00249477,0,0,0.000590422,0,3,2,2,0,0,0,1,0,0
1,table_pick,47,qpPlain,1,1,0.104553,14956,6,5.04711,6916,6916,0,0.00296321,0.00249477,0,0,0.000590422,0,3,2,2,0,0,0,1,0,0
1,table_pick,47,qpAdaptive,1,1,0.0188235,6164,6,5.04728,3245,3245,0,0.00295805,0.00249477,0,0,0.0014326,0.0405581,3,2,2,0,0,0,0.959442,0.0399091,0.000648929
1,table_pick,47,qpFreeGate,1,1,0.529291,307756,105,11.8553,15633,15633,0,0.00305501,0.00249477,0,0,0.000585957,0,414,100,0.253623,0,0,0,1,0,0
1,table_pick,47,qpEnvelope,1,1,0.0206651,5936,6,5.0476,3160,3160,0,0.00296468,0.00249477,0,0,0.00148768,0.027965,3,2,2,0,0,0,0.972035,0.0272911,0.000673854
1,table_pick,54,isSafe,1,1,0.0424625,30429,10,13.1661,8,6585,0,0.000681214,0.00249477,0,0,0,0,20,6,0.5,0,0,0,0,0,0
1,table_pick,54,qpFixed,1,1,0.0201379,13445,7,7.56715,13446,13446,0,0.00296936,0.00249477,0,0,0.000562822,0,1,1,7,0,0,0,1,0,0
1,table_pick,54,qpPlain,1,1,0.0860482,13445,7,7.56715,13446,13446,0,0.00296936,0.00249477,0,0,0.000562822,0,1,1,7,0,0,0,1,0,0
1,table_pick,54,qpAdaptive,1,1,0.00551582,1971,7,7.56715,5328,5328,0,0.00296287,0.00249477,0,0,0.00383924,0.0989346,1,1,7,0,0,0,0.901065,0.0963978,0.00253678
1,table_pick,54,qpFreeGate,1,1,0.0529608,30493,13,12.5286,18997,18997,0,0.00301972,0.00249477,0,0,0.000622424,0,20,8,0.65,0,0,0,1,0,0
1,table_pick,54,qpEnvelope,1,1,0.00602469,1819,7,7.56728,5228,5228,0,0.00296342,0.00249477,0,0,0.00416013,0.105003,1,1,7,0,0,0,0.894997,0.102254,0.00274876
1,table_pick,61,isSafe,1,1,0.188356,133743,37,18.1115,11,9057,0,0.00815588,0.00249477,0,0,0,0,187,33,0.197861,0,0,0,0,0,0
1,table_pick,61,qpFixed,1,1,0.0159049,9530,6,6.38114,9531,9531,0,0.00291754,0.00249477,0,0,0.000669584,0,1,1,6,0,0,0,1,0,0
1,table_pick,61,qpPlain,1,1,0.0622022,9530,6,6.38114,9531,9531,0,0.00291754,0.00249477,0,0,0.000669584,0,1,1,6,0,0,0,1,0,0
1,table_pick,61,qpAdaptive,1,1,0.00589333,2049,6,6.38127,4571,4571,0,0.00291774,0.00249477,0,0,0.00311433,0.111274,1,1,6,0,0,0,0.888726,0.109322,0.00195217
1,table_pick,61,qpFreeGate,1,1,0.0643152,37359,27,7.82056,11852,11852,0,0.00815588,0.00249477,0,0,0.000607971,0,34,10,0.794118,0,0,0,1,0,0
1,table_pick,61,qpEnvelope,1,1,0.00608283,1855,6,6.38149,4447,4447,0,0.00291754,0.00249477,0,0,0.00344015,0.0641509,1,1,6,0,0,0,0.935849,0.0619946,0.00215633
1,table_pick,68,isSafe,1,1,0.0242099,17558,7,8.76886,6,4386,0,0.00330063,0.00249477,0,0,0,0,6,2,1.16667,0,0,0,0,0,0
1,table_pick,68,qpFixed,1,1,0.0198745,13334,6,7.52547,13335,13335,0,0.00296987,0.00249477,0,0,0.000564382,0,1,1,6,0,0,0,1,0,0
1,table_pick,68,qpPlain,1,1,0.085101,13334,6,7.52547,13335,13335,0,0.00296987,0.00249477,0,0,0.000564382,0,1,1,6,0,0,0,1,0,0
1,table_pick,68,qpAdaptive,1,1,0.00442415,1518,6,7.52567,4867,4867,0,0.00296549,0.00249477,0,0,0.00495762,0.322134,1,1,6,0,0,0,0.677866,0.319499,0.00263505
1,table_pick,68,qpFreeGate,1,1,0.0417261,23397,10,13.5637,19266,19266,0,0.00329661,0.00249477,0,0,0.000673978,0,9,6,1.11111,0,0,0,1,0,0
1,table_pick,68,qpEnvelope,1,1,0.00421712,1129,6,7.52589,4570,4570,0,0.0029647,0.00249477,0,0,0.00666598,0.333924,1,1,6,0,0,0,0.666076,0.330381,0.00354296
1,table_pick,75,isSafe,1,1,0.0289027,19747,7,9.85526,6,4929,0,0.00621799,0.00249477,0,0,0,0,4,2,1.75,0,0,0,0,0,0
1,table_pick,75,qpFixed,1,1,0.0208008,13624,7,8.18032,13625,13625,0,0.00319319,0.00249477,0,0,0.000600434,0,1,1,7,0,0,0,1,0,0
1,table_pick,75,qpPlain,1,1,0.0884691,13624,7,8.18032,13625,13625,0,0.00319319,0.00249477,0,0,0.000600434,0,1,1,7,0,0,0,1,0,0
1,table_pick,75,qpAdaptive,1,1,0.00138757,390,7,8.18033,4335,4335,0,0.00319643,0.00249477,0,0,0.0209752,0.651282,1,1,7,0,0,0,0.348718,0.638462,0.0128205
1,table_pick,75,qpFreeGate,1,1,0.0340882,19904,8,9.85526,16787,16787,0,0.00621817,0.00249477,0,0,0.000564925,0,4,3,2,0,0,0,1,0,0
1,table_pick,75,qpEnvelope,1,1,0.00121981,215,7,8.18033,4209,4209,0,0.00317021,0.00249477,0,0,0.0380481,0.75814,1,1,7,0,0,0,0.24186,0.734884,0.0232558
1,table_pick,82,isSafe,1,1,0.0403792,29139,10,10.6855,7,5344,0,0.00235694,0.00249477,0,0,0,0,20,5,0.5,0,0,0,0,0,0
1,table_pick,82,qpFixed,1,1,0.119244,50828,20,16.2765,27125,27125,0,0.00290346,0.00249477,0,0,0.000569348,0,8,6,2.5,0,0,0,1,0,0
1,table_pick,82,qpPlain,1,1,0.372847,50828,20,16.2765,27125,27125,0,0.00290346,0.00249477,0,0,0.000569348,0,8,6,2.5,0,0,0,1,0,0
1,table_pick,82,qpAdaptive,1,1,0.114149,40749,20,16.2769,21004,21004,0,0.00290346,0.00249477,0,0,0.000710186,0.0247368,8,6,2.5,0,0,0,0.975239,0.0246632,9.81619e-05
1,table_pick,82,qpFreeGate,1,1,0.535377,318295,108,17.1923,25706,25706,0,0.00295444,0.00249477,0,0,0.000593739,0,486,103,0.222222,0,0,0,1,0,0
1,table_pick,82,qpEnvelope,1,1,0.127656,40355,20,16.2783,20654,20654,0,0.002903,0.00249477,0,0,0.000717213,0.00939165,8,6,2.5,0,0,0,0.990584,0.00934209,7.43402e-05
1,table_pick,89,isSafe,1,1,0.0434176,30766,10,11.3628,7,5683,0,0.0038183,0.00249477,0,0,0,0,22,6,0.454545,0,0,0,0,0,0
1,table_pick,89,qpFixed,1,1,0.0305331,14211,7,8.5908,14212,14212,0,0.00289452,0.00249477,0,0,0.000604517,0,1,1,7,0,0,0,1,0,0
1,table_pick,89,qpPlain,1,1,0.100573,14211,7,8.5908,14212,14212,0,0.00289452,0.00249477,0,0,0.000604517,0,1,1,7,0,0,0,1,0,0
1,table_pick,89,qpAdaptive,1,1,0.0252672,9313,7,8.591,10992,10992,0,0.00289452,0.00249477,0,0,0.000922474,0.0620638,1,1,7,0,0,0,0.937829,0.061849,0.00032213
1,table_pick,89,qpFreeGate,1,1,0.0429139,24187,11,12.296,16310,16310,0,0.00381256,0.00249477,0,0,0.00065249,0,23,6,0.478261,0,0,0,1,0,0
1,table_pick,89,qpEnvelope,1,1,0.0278665,8768,7,8.59155,10655,10655,0,0.00289455,0.00249477,0,0,0.000979876,0.0416286,1,1,7,0,0,0,0.958371,0.0412865,0.000342153
1,table_pick,96,isSafe,1,1,0.0703264,51723,16,4.31062,4,2157,0,0.00420082,0.00249477,0,0,0,0,34,12,0.470588,0,0,0,0,0,0
1,table_pick,96,qpFixed,1,1,0.0128696,8244,5,5.48847,8245,8245,0,0.00305349,0.00249477,0,0,0.000665753,0,1,1,5,0,0,0,1,0,0
1,table_pick,96,qpPlain,1,1,0.0528443,8244,5,5.48847,8245,8245,0,0.00305349,0.00249477,0,0,0.000665753,0,1,1,5,0,0,0,1,0,0
1,table_pick,96,qpAdaptive,1,1,0.00275123,888,5,5.48869,3311,3311,0,0.00304149,0.00249477,0,0,0.00618096,0.293919,1,1,5,0,0,0,0.706081,0.290541,0.00337838
1,table_pick,96,qpFreeGate,1,1,0.0761437,45384,19,4.30605,5698,5698,0,0.00419098,0.00249477,0,0,0.000606992,0,34,15,0.558824,0,0,0,1,0,0
1,table_pick,96,qpEnvelope,1,1,0.00290271,732,5,5.48918,3212,3212,0,0.00305548,0.00249477,0,0,0.00749888,0.327869,1,1,5,0,0,0,0.672131,0.32377,0.00409836
1,cage,3,isSafe,1,1,3.61321,2601082,904,24.8035,15,12403,0,0.00182836,0.00249477,0,0,0,0,9401,900,0.09616,0,0,0,0,0,0
1,cage,3,qpFixed,1,1,0.283098,125065,40,25.808,41766,41766,0,0.00278783,0.00249477,0,0,0.000515659,0,23,20,1.73913,0,0,0,1,0,0
1,cage,3,qpPlain,1,1,0.893449,125065,40,25.808,41766,41766,0,0.00278783,0.00249477,0,0,0.000515659,0,23,20,1.73913,0,0,0,1,0,0
1,cage,3,qpAdaptive,1,1,0.280182,104888,40,25.8084,33920,33920,0,0.00279049,0.00249477,0,0,0.000614885,0.0272767,23,20,1.73913,0,0,0,0.972714,0.02721,7.62718e-05
1,cage,3,qpFreeGate,1,1,0.685494,390352,148,21.304,30076,30076,0,0.0030145,0.00249477,0,0,0.000607587,0,686,137,0.215743,0,0,0,1,0,0
1,cage,3,qpEnvelope,1,1,0.314672,101885,40,25.8097,32908,32908,0,0.00279338,0.00249477,0,0,0.000633055,0.0220935,23,20,1.73913,0,0,0,0.977906,0.0220052,8.83349e-05
1,cage,10,isSafe,1,1,4.06027,2889708,1005,22.4508,14,11227,0,0.0189417,0.00249477,0,0,0,0,9715,1001,0.103448,0,0,0,0,0,0
1,cage,10,qpFixed,1,1,0.512672,224536,63,19.2509,28818,28818,0,0.00279015,0.00249477,0,0,0.000487001,0,47,34,1.34043,0,0,0,1,0,0
1,cage,10,qpPlain,1,1,1.6333,224536,63,19.2509,28818,28818,0,0.00279015,0.00249477,0,0,0.000487001,0,47,34,1.34043,0,0,0,1,0,0
1,cage,10,qpAdaptive,1,1,0.515074,194426,63,19.2525,22966,22966,0,0.00278986,0.00249477,0,0,0.000562443,0.00954605,47,34,1.34043,0,0,0,0.990454,0.00951004,3.60034e-05
1,cage,10,qpFreeGate,1,1,1.22398,691627,248,18.5577,24998,24998,0,0.00301991,0.00249477,0,0,0.000610512,0,1208,235,0.205298,0,0,0,1,0,0
1,cage,10,qpEnvelope,1,1,0.585162,193361,63,19.2574,22736,22736,0,0.00279047,0.00249477,0,0,0.000565614,0.00460279,47,34,1.34043,0,0,0,0.995397,0.00456659,3.62017e-05
1,cage,17,isSafe,1,1,0.52529,383008,103,20.4533,12,10228,0,0.00356123,9.40494e-05,0,0,0,0,695,99,0.148201,0,0,0,0,0,0
1,cage,17,qpFixed,1,1,0.148076,72322,23,14.7555,25219,25219,0,0.0029383,0.00249477,0,0,0.000499756,0,11,9,2.09091,0,0,0,1,0,0
1,cage,17,qpPlain,1,1,0.507177,72322,23,14.7555,25219,25219,0,0.0029383,0.00249477,0,0,0.000499756,0,11,9,2.09091,0,0,0,1,0,0
1,cage,17,qpAdaptive,1,1,0.131054,52003,23,14.7562,16662,16662,0,0.00293875,0.00249477,0,0,0.000695061,0.0162683,11,9,2.09091,0,0,0,0.983732,0.0161337,0.000134608
1,cage,17,qpFreeGate,1,1,4.84572,2775524,1079,25.8397,39013,39013,0,0.0030229,0.00249477,0,12,0.000579329,0,6546,1046,0.164833,0,0,0,1,0,0
1,cage,17,qpEnvelope,1,1,0.150792,51569,23,14.7611,16520,16520,0,0.00293878,0.00249477,0,0,0.0007011,0.00701972,11,9,2.09091,0,0,0,0.99298,0.00688398,0.00013574
1,cage,24,isSafe,1,1,1.67009,1212349,367,23.3199,14,11661,0,0.00598976,0.00156288,0,0,0,0,3259,363,0.112611,0,0,0,0,0,0
1,cage,24,qpFixed,1,1,0.675812,302703,74,21.661,33688,33688,0,0.00293838,0.00249477,0,0,0.000467542,0,64,42,1.15625,0,0,0,1,0,0
1,cage,24,qpPlain,1,1,2.18679,302703,74,21.661,33688,33688,0,0.00293838,0.00249477,0,0,0.000467542,0,64,42,1.15625,0,0,0,1,0,0
1,cage,24,qpAdaptive,1,1,0.649604,243338,74,21.6612,27759,27759,0,0.00293795,0.00249477,0,0,0.000581625,0.0183284,64,42,1.15625,0,0,0,0.981659,0.0182544,8.62997e-05
1,cage,24,qpFreeGate,1,1,9.74727,5488054,2362,20.5689,27650,27650,0,0.00300365,0.00249477,0,10,0.000566852,0,15536,2314,0.152034,0,0,0,1,0,0
1,cage,24,qpEnvelope,1,1,0.729788,238571,74,21.6637,26555,26555,0,0.00293788,0.00249477,0,0,0.000593324,0.00849642,64,42,1.15625,0,0,0,0.991504,0.00840421,9.22157e-05
1,cage,31,isSafe,1,1,0.997701,702664,201,17.2278,10,8615,0,0.00409636,0.00249477,0,0,0,0,1664,198,0.120793,0,0,0,0,0,0
1,cage,31,qpFixed,1,1,0.311158,145654,50,20.2338,32484,32484,0,0.00295494,0.00249477,0,0,0.000526116,0,26,22,1.92308,0,0,0,1,0,0
1,cage,31,qpPlain,1,1,1.02447,145654,50,20.2338,32484,32484,0,0.00295494,0.00249477,0,0,0.000526116,0,26,22,1.92308,0,0,0,1,0,0
1,cage,31,qpAdaptive,1,1,0.290477,115532,51,20.2354,27020,27020,0,0.00295273,0.00249477,0,0,0.000663352,0.0269276,26,22,1.96154,0,0,0,0.973064,0.0268324,0.000103867
1,cage,31,qpFreeGate,1,1,4.22856,2422118,951,20.3979,27529,27529,0,0.00302424,0.00249477,0,12,0.000588465,0,5384,917,0.176634,0,0,0,1,0,0
1,cage,31,qpEnvelope,1,1,0.329886,112853,50,20.2396,26561,26561,0,0.00295258,0.00249477,0,0,0.000679197,0.0182273,26,22,1.92308,0,0,0,0.981764,0.0181209,0.000115194
1,cage,38,isSafe,1,1,9.68634,6930541,2851,22.9479,14,11475,0,0.000920287,0.00249477,0,0,0,0,27838,2848,0.102414,0,0,0,0,0,0
1,cage,38,qpFixed,1,1,0.469987,213314,63,21.8981,35258,35258,0,0.00212895,0.00249477,0,0,0.000517448,0,41,34,1.53659,0,0,0,1,0,0
1,cage,38,qpPlain,1,1,1.51637,213314,63,21.8981,35258,35258,0,0.00212895,0.00249477,0,0,0.000517448,0,41,34,1.53659,0,0,0,1,0,0
1,cage,38,qpAdaptive,1,1,0.44384,171124,63,21.9008,27339,27339,0,0.0021301,0.00249477,0,0,0.000645086,0.0222762,41,34,1.53659,0,0,0,0.977706,0.0222178,7.59683e-05
1,cage,38,qpFreeGate,1,1,5.6028,3205565,1315,16.9111,26430,26430,0,0.00299898,0.00249477,0,14,0.000580107,0,8041,1276,0.163537,0,0,0,1,0,0
1,cage,38,qpEnvelope,1,1,0.502495,167612,63,21.904,26414,26414,0,0.00213083,0.00249477,0,0,0.000658661,0.014283,41,34,1.53659,0,0,0,0.985705,0.0142174,7.75601e-05
1,cage,45,isSafe,1,1,2.35688,1717376,538,32.446,19,16225,0,0.00514665,1.39925e-05,0,0,0,0,5051,534,0.106514,0,0,0,0,0,0
1,cage,45,qpFixed,1,1,0.0566863,29342,12,11.0302,17118,17118,0,0.00293827,0.00249477,0,0,0.000587274,0,3,3,4,0,0,0,1,0,0
1,cage,45,qpPlain,1,1,0.197055,29342,12,11.0302,17118,17118,0,0.00293827,0.00249477,0,0,0.000587274,0,3,3,4,0,0,0,1,0,0
1,cage,45,qpAdaptive,1,1,0.0434625,17315,12,11.0302,11294,11294,0,0.00293827,0.00249477,0,0,0.000995194,0.0399653,3,3,4,0,0,0,0.960035,0.0396766,0.000288767
1,cage,45,qpFreeGate,1,1,2.1549,1201773,457,35.406,53823,53823,0,0.00299934,0.00249477,0,0,0.000599097,0,2528,426,0.180775,0,0,0,1,0,0
1,cage,45,qpEnvelope,1,1,0.0491895,16792,12,11.0304,11110,11110,0,0.00293828,0.00249477,0,0,0.0010262,0.0227489,3,3,4,0,0,0,0.977251,0.0224512,0.000297761
1,cage,52,isSafe,1,1,3.62727,2619944,868,22.4106,13,11207,0,0.00309412,0.00249477,0,0,0,0,7822,864,0.110969,0,0,0,0,0,0
1,cage,52,qpFixed,1,1,0.126913,60830,24,19.0026,32186,32186,0,0.00294278,0.00249477,0,0,0.00058011,0,10,10,2.4,0,0,0,1,0,0
1,cage,52,qpPlain,1,1,0.427144,60830,24,19.0026,32186,32186,0,0.00294278,0.00249477,0,0,0.00058011,0,10,10,2.4,0,0,0,1,0,0
1,cage,52,qpAdaptive,1,1,0.117672,47253,24,19.0027,26116,26116,0,0.00294276,0.00249477,0,0,0.000746821,0.0156815,10,10,2.4,0,0,0,0.984276,0.0156181,0.000105813
1,cage,52,qpFreeGate,1,1,0.620545,353712,134,16.4181,22661,22661,0,0.00299506,0.00249477,0,0,0.000629119,0,435,117,0.308046,0,0,0,1,0,0
1,cage,52,qpEnvelope,1,1,0.133598,46581,26,19.0054,25748,25748,0,0.00294269,0.00249477,0,0,0.000757657,0.00920976,10,10,2.6,0,0,0,0.990769,0.00914536,8.58719e-05
1,cage,59,isSafe,1,1,2.65273,1902539,611,16.6673,10,8335,0,0.00302136,0.00249477,0,0,0,0,5622,608,0.10868,0,0,0,0,0,0
1,cage,59,qpFixed,1,1,0.399487,179831,53,22.471,35253,35253,0,0.00239031,0.00249477,0,0,0.00048054,0,38,26,1.39474,0,0,0,1,0,0
1,cage,59,qpPlain,1,1,1.28197,179831,53,22.471,35253,35253,0,0.00239031,0.00249477,0,0,0.00048054,0,38,26,1.39474,0,0,0,1,0,0
1,cage,59,qpAdaptive,1,1,0.374059,141945,53,22.4727,29892,29892,0,0.00239092,0.00249477,0,0,0.000608838,0.0173588,38,26,1.39474,0,0,0,0.982641,0.0172673,9.15848e-05
1,cage,59,qpFreeGate,1,1,1.05145,610325,236,29.971,48181,48181,0,0.00300363,0.00249477,0,0,0.000617865,0,947,206,0.249208,0,0,0,1,0,0
1,cage,59,qpEnvelope,1,1,0.42404,139803,53,22.4737,29194,29194,0,0.00239352,0.00249477,0,0,0.000618213,0.0131185,38,26,1.39474,0,0,0,0.986882,0.0130255,9.2988e-05
1,cage,66,isSafe,1,1,5.678,4069761,1512,13.775,9,6889,0,0.0164839,0.00249477,0,0,0,0,13646,1508,0.110802,0,0,0,0,0,0
1,cage,66,qpFixed,1,1,0.144389,70606,23,20.5456,31526,31526,0,0.00297468,0.00249477,0,0,0.00053326,0,11,9,2.09091,0,0,0,1,0,0
1,cage,66,qpPlain,1,1,0.48962,70606,23,20.5456,31526,31526,0,0.00297468,0.00249477,0,0,0.00053326,0,11,9,2.09091,0,0,0,1,0,0
1,cage,66,qpAdaptive,1,1,0.115672,43590,23,20.546,19246,19246,0,0.00297464,0.00249477,0,0,0.00086381,0.0192017,11,9,2.09091,0,0,0,0.980798,0.0189952,0.000206469
1,cage,66,qpFreeGate,1,1,4.42007,2502116,1017,21.3106,31070,31070,0,0.00302872,0.00249477,0,8,0.000590523,0,5615,984,0.181122,0,0,0,1,0,0
1,cage,66,qpEnvelope,1,1,0.130084,42747,23,20.5461,18880,18880,0,0.00297456,0.00249477,0,0,0.000880904,0.0142232,11,9,2.09091,0,0,0,0.985753,0.0140127,0.000233935
1,cage,73,isSafe,1,1,3.07936,2177565,716,26.1754,16,13089,0,0.00331039,0.00249477,0,0,0,0,6704,713,0.106802,0,0,0,0,0,0
1,cage,73,qpFixed,1,1,0.28595,129631,40,17.05,27490,27490,0,0.00292765,0.00249477,0,0,0.000517853,0,23,18,1.73913,0,0,0,1,0,0
1,cage,73,qpPlain,1,1,0.922875,129631,40,17.05,27490,27490,0,0.00292765,0.00249477,0,0,0.000517853,0,23,18,1.73913,0,0,0,1,0,0
1,cage,73,qpAdaptive,1,1,0.280387,107980,40,17.0506,20663,20663,0,0.00292646,0.00249477,0,0,0.000621708,0.0170865,23,18,1.73913,0,0,0,0.982914,0.0170402,4.63049e-05
1,cage,73,qpFreeGate,1,1,2.61202,1499318,561,35.1058,48534,48534,0,0.00301131,0.00249477,0,10,0.000578557,0,3034,535,0.184904,0,0,0,1,0,0
1,cage,73,qpEnvelope,1,1,0.317076,106283,40,17.0543,20143,20143,0,0.00289489,0.00249477,0,0,0.000631708,0.00876904,23,18,1.73913,0,0,0,0.991231,0.00871259,5.64531e-05
1,cage,80,isSafe,1,1,1.11899,812456,232,14.7658,9,7384,0,0.00879805,0.00249477,0,0,0,0,1783,228,0.130118,0,0,0,0,0,0
1,cage,80,qpFixed,1,1,0.0395915,22318,9,10.4365,22319,22319,0,0.00288759,0.00249477,0,0,0.000467629,0,1,1,9,0,0,0,1,0,0
1,cage,80,qpPlain,1,1,0.148522,22318,9,10.4365,22319,22319,0,0.00288759,0.00249477,0,0,0.000467629,0,1,1,9,0,0,0,1,0,0
1,cage,80,qpAdaptive,1,1,0.0283983,11357,9,10.4372,14575,14575,0,0.00288701,0.00249477,0,0,0.000919012,0.0167298,1,1,9,0,0,0,0.98327,0.0163776,0.000352206
1,cage,80,qpFreeGate,1,1,2.20148,1279422,504,22.0064,30615,30615,0,0.00300913,0.00249477,0,0,0.000610933,0,2880,494,0.175,0,0,0,1,0,0
1,cage,80,qpEnvelope,1,1,0.0323513,11198,9,10.4379,14468,14468,0,0.00288176,0.00249477,0,0,0.000932122,0.0100911,1,1,9,0,0,0,0.989909,0.00973388,0.000357207
1,cage,87,isSafe,1,1,1.77704,1293393,397,15.1713,9,7587,0,0.000132576,0.00249477,0,0,0,0,3544,394,0.11202,0,0,0,0,0,0
1,cage,87,qpFixed,1,1,1.03169,452520,131,32.5024,51114,51114,0,0.00294073,0.001,0,0,0.000473704,0,101,69,1.29703,0,0,0,1,0,0
1,cage,87,qpPlain,1,1,3.26392,452520,131,32.5024,51114,51114,0,0.00294073,0.001,0,0,0.000473704,0,101,69,1.29703,0,0,0,1,0,0
1,cage,87,qpAdaptive,1,1,1.01414,386409,131,32.5027,43129,43129,0,0.00294088,0.001,0,0,0.000555188,0.0136876,101,69,1.29703,0,0,0,0.986305,0.0136488,4.65828e-05
1,cage,87,qpFreeGate,1,1,1.21316,687999,253,15.3629,24751,24751,0,0.00303809,0.00249477,0,0,0.000603338,0,1282,234,0.197348,0,0,0,1,0,0
1,cage,87,qpEnvelope,1,1,1.15581,382636,127,32.511,42385,42385,0,0.0029404,0.001,0,0,0.000560744,0.007579,101,69,1.25743,0,0,0,0.992416,0.0075398,4.44286e-05
1,cage,94,isSafe,1,1,0.537584,392312,108,19.2543,12,9629,0,0.00280457,0.00249477,0,0,0,0,762,104,0.141732,0,0,0,0,0,0
1,cage,94,qpFixed,1,1,1.07994,479058,114,23.0051,38164,38164,0,0.00282526,0.00249477,0,0,0.000459507,0,105,64,1.08571,0,0,0,1,0,0
1,cage,94,qpPlain,1,1,3.45727,479058,114,23.0051,38164,38164,0,0.00282526,0.00249477,0,0,0.000459507,0,105,64,1.08571,0,0,0,1,0,0
1,cage,94,qpAdaptive,1,1,1.0863,416413,114,23.0062,31429,31429,0,0.00282463,0.00249477,0,0,0.000528643,0.0139189,105,64,1.08571,0,0,0,0.986074,0.0138709,5.52338e-05
1,cage,94,qpFreeGate,1,1,0.957659,547005,206,17.7466,23777,23777,0,0.00302914,0.00249477,0,0,0.000607182,0,935,185,0.220321,0,0,0,1,0,0
1,cage,94,qpEnvelope,1,1,1.22881,411341,115,23.0096,30520,30520,0,0.00282147,0.00249477,0,0,0.000534901,0.00917487,105,64,1.09524,0,0,0,0.990823,0.00911898,5.83459e-05
1,bookshelf_tall,5,isSafe,0,0,0,0,0,0,0,0,0,inf,inf,0,0,0,0,0,0,0,0,0,0,0,0,0
1,bookshelf_tall,5,qpFixed,0,0,0,0,0,0,0,0,0,inf,inf,0,0,0,0,0,0,0,0,0,0,0,0,0
1,bookshelf_tall,5,qpPlain,0,0,0,0,0,0,0,0,0,inf,inf,0,0,0,0,0,0,0,0,0,0,0,0,0
1,bookshelf_tall,5,qpAdaptive,0,0,0,0,0,0,0,0,0,inf,inf,0,0,0,0,0,0,0,0,0,0,0,0,0
1,bookshelf_tall,5,qpFreeGate,0,0,0,0,0,0,0,0,0,inf,inf,0,0,0,0,0,0,0,0,0,0,0,0,0
1,bookshelf_tall,5,qpEnvelope,0,0,0,0,0,0,0,0,0,inf,inf,0,0,0,0,0,0,0,0,0,0,0,0,0
1,bookshelf_tall,12,isSafe,1,0,10.0013,7459940,3029,0,0,0,0,inf,inf,0,0,0,0,28945,3027,0.104647,0,0,0,0,0,0
1,bookshelf_tall,12,qpFixed,1,0,10.0019,5527178,665,0,0,0,0,inf,inf,0,0,0.000328392,0,1134,574,0.58642,0,0,0,1,0,0
1,bookshelf_tall,12,qpPlain,1,0,10.0483,1441641,216,0,0,0,0,inf,inf,0,0,0.000360454,0,248,167,0.870968,0,0,0,1,0,0
1,bookshelf_tall,12,qpAdaptive,1,0,10.0109,4768839,625,0,0,0,0,inf,inf,0,0,0.000354387,0.00360696,1041,537,0.600384,0,0,0,0.996393,0.00358264,2.43246e-05
1,bookshelf_tall,12,qpFreeGate,1,0,10.0003,6204288,2658,0,0,0,0,inf,inf,0,0,0.00056658,0,16438,2655,0.161699,0,0,0,1,0,0
1,bookshelf_tall,12,qpEnvelope,1,0,10.0072,4690421,618,0,0,0,0,inf,inf,0,0,0.000355849,0.000899493,1025,531,0.602927,0,0,0,0.9991,0.000874336,2.60105e-05
1,bookshelf_tall,20,isSafe,0,0,0,0,0,0,0,0,0,inf,inf,0,0,0,0,0,0,0,0,0,0,0,0,0
1,bookshelf_tall,20,qpFixed,0,0,0,0,0,0,0,0,0,inf,inf,0,0,0,0,0,0,0,0,0,0,0,0,0
1,bookshelf_tall,20,qpPlain,0,0,0,0,0,0,0,0,0,inf,inf,0,0,0,0,0,0,0,0,0,0,0,0,0
1,bookshelf_tall,20,qpAdaptive,0,0,0,0,0,0,0,0,0,inf,inf,0,0,0,0,0,0,0,0,0,0,0,0,0
1,bookshelf_tall,20,qpFreeGate,0,0,0,0,0,0,0,0,0,inf,inf,0,0,0,0,0,0,0,0,0,0,0,0,0
1,bookshelf_tall,20,qpEnvelope,0,0,0,0,0,0,0,0,0,inf,inf,0,0,0,0,0,0,0,0,0,0,0,0,0
1,bookshelf_tall,28,isSafe,1,1,0.0948642,72214,20,15.9015,9,7952,0,0.00135438,0.00249477,0,0,0,0,80,16,0.25,0,0,0,0,0,0
1,bookshelf_tall,28,qpFixed,1,1,0.0377472,20431,10,8.75096,13747,13747,0,0.00293938,0.00249477,0,0,0.000607679,0,3,3,3.33333,0,0,0,1,0,0
1,bookshelf_tall,28,qpPlain,1,1,0.13835,20431,10,8.75096,13747,13747,0,0.00293938,0.00249477,0,0,0.000607679,0,3,3,3.33333,0,0,0,1,0,0
1,bookshelf_tall,28,qpAdaptive,1,1,0.0236525,9529,10,8.75235,7386,7386,0,0.0029392,0.00249477,0,0,0.00130312,0.0941337,3,3,3.33333,0,0,0,0.905761,0.0937139,0.000524714
1,bookshelf_tall,28,qpFreeGate,1,1,0.119245,72444,28,19.4583,27226,27226,0,0.00296466,0.00249477,0,0,0.000637103,0,73,20,0.383562,0,0,0,1,0,0
1,bookshelf_tall,28,qpEnvelope,1,1,0.0227959,8819,10,8.7576,6932,6932,0,0.00293621,0.00249477,0,0,0.00140893,0.0717768,3,3,3.33333,0,0,0,0.928223,0.0712099,0.000566958
1,bookshelf_tall,35,isSafe,1,0,10.0008,7418209,3026,0,0,0,0,inf,inf,0,0,0,0,27551,3024,0.109833,0,0,0,0,0,0
1,bookshelf_tall,35,qpFixed,1,0,10.0069,5485635,663,0,0,0,0,inf,inf,0,0,0.000332159,0,1121,570,0.591436,0,0,0,1,0,0
1,bookshelf_tall,35,qpPlain,1,0,10.0253,1408442,203,0,0,0,0,inf,inf,0,0,0.000357445,0,254,156,0.799213,0,0,0,1,0,0
1,bookshelf_tall,35,qpAdaptive,1,0,10.0071,4760851,633,0,0,0,0,inf,inf,0,0,0.000360821,0.00397072,1042,541,0.607486,0,0,0,0.996028,0.00394552,2.60458e-05
1,bookshelf_tall,35,qpFreeGate,1,0,10.0004,6202543,2740,0,0,0,0,inf,inf,0,0,0.000566882,0,16533,2736,0.165729,0,0,0,1,0,0
1,bookshelf_tall,35,qpEnvelope,1,0,10.0027,4766930,636,0,0,0,0,inf,inf,0,0,0.000361824,0.000884846,1042,542,0.610365,0,0,0,0.999115,0.000858624,2.62223e-05
1,bookshelf_tall,42,isSafe,1,1,0.150034,111445,31,16.6986,10,8351,0,0.00317401,0.00249477,0,0,0,0,162,27,0.191358,0,0,0,0,0,0
1,bookshelf_tall,42,qpFixed,1,1,0.168833,82854,29,25.7228,41905,41905,0,0.00293974,0.00249477,0,0,0.000514015,0,16,12,1.8125,0,0,0,1,0,0
1,bookshelf_tall,42,qpPlain,1,1,0.58625,82854,29,25.7228,41905,41905,0,0.00293974,0.00249477,0,0,0.000514015,0,16,12,1.8125,0,0,0,1,0,0
1,bookshelf_tall,42,qpAdaptive,1,1,0.148862,57633,29,25.7251,26538,26538,0,0.0029383,0.00249477,0,0,0.000739006,0.0433432,16,12,1.8125,0,0,0,0.956622,0.0431871,0.000190863
1,bookshelf_tall,42,qpFreeGate,1,1,0.0528738,34501,13,15.7432,21913,21913,0,0.00307207,0.00249477,0,0,0.000606724,0,31,7,0.419355,0,0,0,1,0,0
1,bookshelf_tall,42,qpEnvelope,1,1,0.14558,55320,29,25.7341,25422,25422,0,0.00293973,0.00249477,0,0,0.000770082,0.0219993,16,12,1.8125,0,0,0,0.977965,0.0217824,0.000253073
1,bookshelf_tall,49,isSafe,1,1,0.040481,31565,10,7.7469,5,3875,0,0.00702697,0.00249477,0,0,0,0,28,7,0.357143,0,0,0,0,0,0
1,bookshelf_tall,49,qpFixed,1,1,0.121552,52077,20,11.8174,18545,18545,0,0.00239825,0.00249477,0,0,0.000540396,0,8,8,2.5,0,0,0,1,0,0
1,bookshelf_tall,49,qpPlain,1,1,0.387115,52077,20,11.8174,18545,18545,0,0.00239825,0.00249477,0,0,0.000540396,0,8,8,2.5,0,0,0,1,0,0
1,bookshelf_tall,49,qpAdaptive,1,1,0.114847,41787,20,11.8183,14070,14070,0,0.00239827,0.00249477,0,0,0.000673487,0.0172302,8,8,2.5,0,0,0,0.98277,0.0171106,0.000119654
1,bookshelf_tall,49,qpFreeGate,1,1,0.041853,26218,11,9.27342,12585,12585,0,0.00307115,0.00249477,0,0,0.000617556,0,28,8,0.392857,0,0,0,1,0,0
1,bookshelf_tall,49,qpEnvelope,1,1,0.114095,41074,20,11.8213,13677,13677,0,0.00239826,0.00249477,0,0,0.000685268,0.0128792,8,8,2.5,0,0,0,0.987121,0.0127575,0.000121732
1,bookshelf_tall,56,isSafe,1,1,0.107989,83839,23,15.879,9,7941,0,0.00343984,0.00249477,0,0,0,0,55,18,0.418182,0,0,0,0,0,0
1,bookshelf_tall,56,qpFixed,1,1,0.0525762,29239,11,10.0396,17408,17408,0,0.00134818,0.00249477,0,0,0.000549161,0,5,5,2.2,0,0,0,1,0,0
1,bookshelf_tall,56,qpPlain,1,1,0.196675,29239,11,10.0396,17408,17408,0,0.00134818,0.00249477,0,0,0.000549161,0,5,5,2.2,0,0,0,1,0,0
1,bookshelf_tall,56,qpAdaptive,1,1,0.0362678,15094,11,10.04,11910,11910,0,0.00136645,0.00249477,0,0,0.00106402,0.0710878,5,5,2.2,0,0,0,0.928846,0.0707566,0.000397509
1,bookshelf_tall,56,qpFreeGate,1,1,0.0838188,51717,20,9.36499,15895,15895,0,0.0068388,0.00249477,0,0,0.000644291,0,30,14,0.666667,0,0,0,1,0,0
1,bookshelf_tall,56,qpEnvelope,1,1,0.0250636,10204,9,6.75649,7393,7393,0,0.00293903,0.00249477,0,0,0.00123733,0.0619365,4,4,2.25,0,0,0,0.938064,0.0615445,0.000392003
1,bookshelf_tall,63,isSafe,0,0,0,0,0,0,0,0,0,inf,inf,0,0,0,0,0,0,0,0,0,0,0,0,0
1,bookshelf_tall,63,qpFixed,0,0,0,0,0,0,0,0,0,inf,inf,0,0,0,0,0,0,0,0,0,0,0,0,0
1,bookshelf_tall,63,qpPlain,0,0,0,0,0,0,0,0,0,inf,inf,0,0,0,0,0,0,0,0,0,0,0,0,0
1,bookshelf_tall,63,qpAdaptive,0,0,0,0,0,0,0,0,0,inf,inf,0,0,0,0,0,0,0,0,0,0,0,0,0
1,bookshelf_tall,63,qpFreeGate,0,0,0,0,0,0,0,0,0,inf,inf,0,0,0,0,0,0,0,0,0,0,0,0,0
1,bookshelf_tall,63,qpEnvelope,0,0,0,0,0,0,0,0,0,inf,inf,0,0,0,0,0,0,0,0,0,0,0,0,0
1,bookshelf_tall,71,isSafe,1,1,0.505201,388009,107,17.6718,11,8837,0,0.00692828,0.00249477,0,0,0,0,852,103,0.125587,0,0,0,0,0,0
1,bookshelf_tall,71,qpFixed,1,1,0.0214865,12616,7,9.38825,12617,12617,0,0.00293896,0.00249477,0,0,0.000744154,0,1,1,7,0,0,0,1,0,0
1,bookshelf_tall,71,qpPlain,1,1,0.0847138,12616,7,9.38825,12617,12617,0,0.00293896,0.00249477,0,0,0.000744154,0,1,1,7,0,0,0,1,0,0
1,bookshelf_tall,71,qpAdaptive,1,1,0.0128097,5016,7,9.38828,7983,7983,0,0.002939,0.00249477,0,0,0.00187167,0.0733652,1,1,7,0,0,0,0.926435,0.0727671,0.000797448
1,bookshelf_tall,71,qpFreeGate,1,1,0.282924,176016,73,18.4625,26795,26795,0,0.00301396,0.00249477,0,0,0.000590453,0,200,57,0.365,0,0,0,1,0,0
1,bookshelf_tall,71,qpEnvelope,1,1,0.0123351,4684,7,9.3884,7802,7802,0,0.00293874,0.00249477,0,0,0.00200436,0.0375747,1,1,7,0,0,0,0.962425,0.0367208,0.000853971
1,bookshelf_tall,78,isSafe,1,1,0.123347,94405,26,9.23063,6,4617,0,0.00444043,0.00249477,0,0,0,0,96,23,0.270833,0,0,0,0,0,0
1,bookshelf_tall,78,qpFixed,1,1,0.186376,89377,27,17.9914,29678,29678,0,0.00293769,0.00249477,0,0,0.000490762,0,16,14,1.6875,0,0,0,1,0,0
1,bookshelf_tall,78,qpPlain,1,1,0.63676,89377,27,17.9914,29678,29678,0,0.00293769,0.00249477,0,0,0.000490762,0,16,14,1.6875,0,0,0,1,0,0
1,bookshelf_tall,78,qpAdaptive,1,1,0.18744,74957,27,17.9927,24862,24862,0,0.00293776,0.00249477,0,0,0.000585229,0.0207719,16,14,1.6875,0,0,0,0.979228,0.0206919,8.00459e-05
1,bookshelf_tall,78,qpFreeGate,1,1,0.145391,90461,29,9.23063,12979,12979,0,0.00444043,0.00249477,0,0,0.00058422,0,96,26,0.302083,0,0,0,1,0,0
1,bookshelf_tall,78,qpEnvelope,1,1,0.183571,73821,27,17.9956,24599,24599,0,0.0029374,0.00249477,0,0,0.000594439,0.00788394,16,14,1.6875,0,0,0,0.992089,0.00782975,8.12777e-05
1,bookshelf_tall,85,isSafe,0,0,0,0,0,0,0,0,0,inf,inf,0,0,0,0,0,0,0,0,0,0,0,0,0
1,bookshelf_tall,85,qpFixed,0,0,0,0,0,0,0,0,0,inf,inf,0,0,0,0,0,0,0,0,0,0,0,0,0
1,bookshelf_tall,85,qpPlain,0,0,0,0,0,0,0,0,0,inf,inf,0,0,0,0,0,0,0,0,0,0,0,0,0
1,bookshelf_tall,85,qpAdaptive,0,0,0,0,0,0,0,0,0,inf,inf,0,0,0,0,0,0,0,0,0,0,0,0,0
1,bookshelf_tall,85,qpFreeGate,0,0,0,0,0,0,0,0,0,inf,inf,0,0,0,0,0,0,0,0,0,0,0,0,0
1,bookshelf_tall,85,qpEnvelope,0,0,0,0,0,0,0,0,0,inf,inf,0,0,0,0,0,0,0,0,0,0,0,0,0
1,bookshelf_tall,93,isSafe,1,1,0.517399,386128,106,20.0548,12,10029,0,0.000416962,0.00249477,0,0,0,0,814,102,0.130221,0,0,0,0,0,0
1,bookshelf_tall,93,qpFixed,1,1,0.0431727,23803,13,13.1271,21036,21036,0,0.00293808,0.00249477,0,0,0.000581094,0,3,3,4.33333,0,0,0,1,0,0
1,bookshelf_tall,93,qpPlain,1,1,0.161714,23803,13,13.1271,21036,21036,0,0.00293808,0.00249477,0,0,0.000581094,0,3,3,4.33333,0,0,0,1,0,0
1,bookshelf_tall,93,qpAdaptive,1,1,0.0322445,13204,13,13.1275,13955,13955,0,0.00293809,0.00249477,0,0,0.00104749,0.0771736,3,3,4.33333,0,0,0,0.922675,0.0765677,0.000757346
1,bookshelf_tall,93,qpFreeGate,1,1,0.645255,396427,136,26.8561,38506,38506,0,0.0030366,0.00249477,0,0,0.000556821,0,587,130,0.231687,0,0,0,1,0,0
1,bookshelf_tall,93,qpEnvelope,1,1,0.0302956,12072,11,13.0902,13316,13316,0,0.00293808,0.00249477,0,0,0.00114264,0.0395958,3,3,3.66667,0,0,0,0.960239,0.0390159,0.000745527
1,bookshelf_thin,1,isSafe,0,0,0,0,0,0,0,0,0,inf,inf,0,0,0,0,0,0,0,0,0,0,0,0,0
1,bookshelf_thin,1,qpFixed,0,0,0,0,0,0,0,0,0,inf,inf,0,0,0,0,0,0,0,0,0,0,0,0,0
1,bookshelf_thin,1,qpPlain,0,0,0,0,0,0,0,0,0,inf,inf,0,0,0,0,0,0,0,0,0,0,0,0,0
1,bookshelf_thin,1,qpAdaptive,0,0,0,0,0,0,0,0,0,inf,inf,0,0,0,0,0,0,0,0,0,0,0,0,0
1,bookshelf_thin,1,qpFreeGate,0,0,0,0,0,0,0,0,0,inf,inf,0,0,0,0,0,0,0,0,0,0,0,0,0
1,bookshelf_thin,1,qpEnvelope,0,0,0,0,0,0,0,0,0,inf,inf,0,0,0,0,0,0,0,0,0,0,0,0,0
1,bookshelf_thin,8,isSafe,1,1,0.213432,159834,44,12.5217,8,6262,0,0.00426641,0.00249477,0,0,0,0,158,40,0.278481,0,0,0,0,0,0
1,bookshelf_thin,8,qpFixed,1,1,0.0155025,8288,6,6.48917,8289,8289,0,0.00294046,0.00249477,0,0,0.00078296,0,1,1,6,0,0,0,1,0,0
1,bookshelf_thin,8,qpPlain,1,1,0.0576972,8288,6,6.48917,8289,8289,0,0.00294046,0.00249477,0,0,0.00078296,0,1,1,6,0,0,0,1,0,0
1,bookshelf_thin,8,qpAdaptive,1,1,0.00822924,3063,6,6.48925,5247,5247,0,0.00293975,0.00249477,0,0,0.00211859,0.0421156,1,1,6,0,0,0,0.957884,0.0411361,0.000979432
1,bookshelf_thin,8,qpFreeGate,1,1,0.249142,153360,55,12.5217,16841,16841,0,0.00426641,0.00249477,0,0,0.000608718,0,158,51,0.348101,0,0,0,1,0,0
1,bookshelf_thin,8,qpEnvelope,1,1,0.00804058,2950,6,6.48934,5186,5186,0,0.00293986,0.00249477,0,0,0.00219978,0.0247458,1,1,6,0,0,0,0.975254,0.0237288,0.00101695
1,bookshelf_thin,15,isSafe,0,0,0,0,0,0,0,0,0,inf,inf,0,0,0,0,0,0,0,0,0,0,0,0,0
1,bookshelf_thin,15,qpFixed,0,0,0,0,0,0,0,0,0,inf,inf,0,0,0,0,0,0,0,0,0,0,0,0,0
1,bookshelf_thin,15,qpPlain,0,0,0,0,0,0,0,0,0,inf,inf,0,0,0,0,0,0,0,0,0,0,0,0,0
1,bookshelf_thin,15,qpAdaptive,0,0,0,0,0,0,0,0,0,inf,inf,0,0,0,0,0,0,0,0,0,0,0,0,0
1,bookshelf_thin,15,qpFreeGate,0,0,0,0,0,0,0,0,0,inf,inf,0,0,0,0,0,0,0,0,0,0,0,0,0
1,bookshelf_thin,15,qpEnvelope,0,0,0,0,0,0,0,0,0,inf,inf,0,0,0,0,0,0,0,0,0,0,0,0,0
1,bookshelf_thin,22,isSafe,1,1,0.507775,387469,105,17.8248,10,8914,0,0.00245278,0.00249477,0,0,0,0,748,102,0.140374,0,0,0,0,0,0
1,bookshelf_thin,22,qpFixed,1,1,0.0535827,26186,11,13.4639,19077,19077,0,0.00295145,0.00249477,0,0,0.000609331,0,4,4,2.75,0,0,0,1,0,0
1,bookshelf_thin,22,qpPlain,1,1,0.186859,26186,11,13.4639,19077,19077,0,0.00295145,0.00249477,0,0,0.000609331,0,4,4,2.75,0,0,0,1,0,0
1,bookshelf_thin,22,qpAdaptive,1,1,0.0397256,14205,11,13.4643,11867,11867,0,0.00295138,0.00249477,0,0,0.00112344,0.0435058,4,4,2.75,0,0,0,0.956494,0.0430834,0.000422386
1,bookshelf_thin,22,qpFreeGate,1,1,0.144476,88055,43,24.6435,37370,37370,0,0.00302839,0.00249477,0,0,0.000632431,0,75,28,0.573333,0,0,0,1,0,0
1,bookshelf_thin,22,qpEnvelope,1,1,0.0391486,13760,11,13.4649,11725,11725,0,0.0029516,0.00249477,0,0,0.00116006,0.0417151,4,4,2.75,0,0,0,0.958285,0.0412791,0.000436047
1,bookshelf_thin,29,isSafe,1,1,0.0235183,17650,7,8.78674,6,4395,0,0.000532879,0.00249477,0,0,0,0,5,3,1.4,0,0,0,0,0,0
1,bookshelf_thin,29,qpFixed,1,1,0.0129712,10744,6,7.02718,10745,10745,0,0.00337303,0.00249477,0,0,0.000654056,0,1,1,6,0,0,0,1,0,0
1,bookshelf_thin,29,qpPlain,1,1,0.0669824,10744,6,7.02718,10745,10745,0,0.00337303,0.00249477,0,0,0.000654056,0,1,1,6,0,0,0,1,0,0
1,bookshelf_thin,29,qpAdaptive,1,1,0.00101691,314,6,7.02718,3704,3704,0,0.00337204,0.00249477,0,0,0.0223795,0.640127,1,1,6,0,0,0,0.359873,0.627389,0.0127389
1,bookshelf_thin,29,qpFreeGate,1,1,0.033353,21133,9,13.4313,19549,19549,0,0.00549423,0.00249477,0,0,0.00064934,0,8,5,1.125,0,0,0,1,0,0
1,bookshelf_thin,29,qpEnvelope,1,1,0.000573167,146,6,7.02719,3604,3604,0,0.00338723,0.00249477,0,0,0.0481314,0.541096,1,1,6,0,0,0,0.458904,0.513699,0.0273973
1,bookshelf_thin,36,isSafe,0,0,0,0,0,0,0,0,0,inf,inf,0,0,0,0,0,0,0,0,0,0,0,0,0
1,bookshelf_thin,36,qpFixed,0,0,0,0,0,0,0,0,0,inf,inf,0,0,0,0,0,0,0,0,0,0,0,0,0
1,bookshelf_thin,36,qpPlain,0,0,0,0,0,0,0,0,0,inf,inf,0,0,0,0,0,0,0,0,0,0,0,0,0
1,bookshelf_thin,36,qpAdaptive,0,0,0,0,0,0,0,0,0,inf,inf,0,0,0,0,0,0,0,0,0,0,0,0,0
1,bookshelf_thin,36,qpFreeGate,0,0,0,0,0,0,0,0,0,inf,inf,0,0,0,0,0,0,0,0,0,0,0,0,0
1,bookshelf_thin,36,qpEnvelope,0,0,0,0,0,0,0,0,0,inf,inf,0,0,0,0,0,0,0,0,0,0,0,0,0
1,bookshelf_thin,43,isSafe,1,1,0.090387,67222,19,13.5623,8,6783,0,0.0033737,0.00249477,0,0,0,0,74,16,0.256757,0,0,0,0,0,0
1,bookshelf_thin,43,qpFixed,1,1,0.0390582,20101,9,11.6032,17577,17577,0,0.00294027,0.00249477,0,0,0.00061907,0,2,2,4.5,0,0,0,1,0,0
1,bookshelf_thin,43,qpPlain,1,1,0.138963,20101,9,11.6032,17577,17577,0,0.00294027,0.00249477,0,0,0.00061907,0,2,2,4.5,0,0,0,1,0,0
1,bookshelf_thin,43,qpAdaptive,1,1,0.0301486,11619,9,11.6032,11869,11869,0,0.00294027,0.00249477,0,0,0.001071,0.0197091,2,2,4.5,0,0,0,0.980291,0.0193648,0.000344264
1,bookshelf_thin,43,qpFreeGate,1,1,0.0565454,35990,15,14.4867,22233,22233,0,0.00310331,0.00249477,0,0,0.000608786,0,21,10,0.714286,0,0,0,1,0,0
1,bookshelf_thin,43,qpEnvelope,1,1,0.0295994,11420,9,11.6032,11749,11749,0,0.00294027,0.00249477,0,0,0.00108966,0.010683,2,2,4.5,0,0,0,0.989317,0.0103327,0.000350263
1,bookshelf_thin,50,isSafe,1,1,0.0368121,27924,9,9.93167,6,4967,0,0.00314805,0.00249477,0,0,0,0,16,5,0.5625,0,0,0,0,0,0
1,bookshelf_thin,50,qpFixed,1,1,0.0211946,11210,6,7.15739,11211,11211,0,0.00121977,0.00249477,0,0,0.000638483,0,1,1,6,0,0,0,1,0,0
1,bookshelf_thin,50,qpPlain,1,1,0.0777141,11210,6,7.15739,11211,11211,0,0.00121977,0.00249477,0,0,0.000638483,0,1,1,6,0,0,0,1,0,0
1,bookshelf_thin,50,qpAdaptive,1,1,0.0122042,4798,6,7.1577,6857,6857,0,0.00121977,0.00249477,0,0,0.00149181,0.0556482,1,1,6,0,0,0,0.944352,0.0550229,0.000625261
1,bookshelf_thin,50,qpFreeGate,1,1,0.0386383,22791,10,10.4925,14881,14881,0,0.00314805,0.00249477,0,0,0.000663387,0,16,6,0.625,0,0,0,1,0,0
1,bookshelf_thin,50,qpEnvelope,1,1,0.0117114,4536,6,7.15781,6710,6710,0,0.00124612,0.00249477,0,0,0.001578,0.026455,1,1,6,0,0,0,0.973545,0.0257937,0.000661376
1,bookshelf_thin,57,isSafe,0,0,0,0,0,0,0,0,0,inf,inf,0,0,0,0,0,0,0,0,0,0,0,0,0
1,bookshelf_thin,57,qpFixed,0,0,0,0,0,0,0,0,0,inf,inf,0,0,0,0,0,0,0,0,0,0,0,0,0
1,bookshelf_thin,57,qpPlain,0,0,0,0,0,0,0,0,0,inf,inf,0,0,0,0,0,0,0,0,0,0,0,0,0
1,bookshelf_thin,57,qpAdaptive,0,0,0,0,0,0,0,0,0,inf,inf,0,0,0,0,0,0,0,0,0,0,0,0,0
1,bookshelf_thin,57,qpFreeGate,0,0,0,0,0,0,0,0,0,inf,inf,0,0,0,0,0,0,0,0,0,0,0,0,0
1,bookshelf_thin,57,qpEnvelope,0,0,0,0,0,0,0,0,0,inf,inf,0,0,0,0,0,0,0,0,0,0,0,0,0
1,bookshelf_thin,64,isSafe,1,1,0.0775707,60047,17,13.9699,8,6986,0,0.000957696,0.00249477,0,0,0,0,40,13,0.425,0,0,0,0,0,0
1,bookshelf_thin,64,qpFixed,1,1,0.245999,118824,33,11.702,19939,19939,0,0.00275715,0.00249477,0,0,0.00050315,0,22,15,1.5,0,0,0,1,0,0
1,bookshelf_thin,64,qpPlain,1,1,0.861304,118824,33,11.702,19939,19939,0,0.00275715,0.00249477,0,0,0.00050315,0,22,15,1.5,0,0,0,1,0,0
1,bookshelf_thin,64,qpAdaptive,1,1,0.219867,83408,33,11.7021,13772,13772,0,0.00275715,0.00249477,0,0,0.000716842,0.0246619,22,15,1.5,0,0,0,0.975326,0.024518,0.00015586
1,bookshelf_thin,64,qpFreeGate,1,1,0.174953,110096,44,20.0169,27900,27900,0,0.00304389,0.00249477,0,0,0.000619315,0,103,34,0.427184,0,0,0,1,0,0
1,bookshelf_thin,64,qpEnvelope,1,1,0.216707,81822,33,11.7029,13395,13395,0,0.00275712,0.00249477,0,0,0.0007309,0.0150082,22,15,1.5,0,0,0,0.984967,0.0148615,0.000171103
1,bookshelf_thin,71,isSafe,1,1,0.081754,60242,17,9.92619,6,4965,0,0.00333985,0.00249477,0,0,0,0,95,14,0.178947,0,0,0,0,0,0
1,bookshelf_thin,71,qpFixed,1,1,0.0124341,9675,6,6.48521,9676,9676,0,0.00296081,0.00249477,0,0,0.000670306,0,1,1,6,0,0,0,1,0,0
1,bookshelf_thin,71,qpPlain,1,1,0.0613323,9675,6,6.48521,9676,9676,0,0.00296081,0.00249477,0,0,0.000670306,0,1,1,6,0,0,0,1,0,0
1,bookshelf_thin,71,qpAdaptive,1,1,0.00210728,801,6,6.48521,3718,3718,0,0.00295817,0.00249477,0,0,0.00809639,0.348315,1,1,6,0,0,0,0.651685,0.343321,0.00499376
1,bookshelf_thin,71,qpFreeGate,1,1,0.0768541,47484,17,12.8517,19010,19010,0,0.00299465,0.00249477,0,0,0.000598467,0,43,10,0.395349,0,0,0,1,0,0
1,bookshelf_thin,71,qpEnvelope,1,1,0.00151671,499,6,6.48524,3553,3553,0,0.00295645,0.00249477,0,0,0.0129965,0.156313,1,1,6,0,0,0,0.843687,0.148297,0.00801603
1,bookshelf_thin,79,isSafe,1,1,0.0596847,44451,14,8.2013,6,4102,0,0.00685104,0.00249477,0,0,0,0,34,10,0.411765,0,0,0,0,0,0
1,bookshelf_thin,79,qpFixed,1,1,0.0814338,39442,15,6.13145,8969,8969,0,0.00299474,0.00249477,0,0,0.000560914,0,6,5,2.5,0,0,0,1,0,0
1,bookshelf_thin,79,qpPlain,1,1,0.281212,39442,15,6.13145,8969,8969,0,0.00299474,0.00249477,0,0,0.000560914,0,6,5,2.5,0,0,0,1,0,0
1,bookshelf_thin,79,qpAdaptive,1,1,0.0747025,29254,15,6.13146,3687,3687,0,0.00300947,0.00249477,0,0,0.000756349,0.0314829,6,5,2.5,0,0,0,0.968517,0.0313461,0.000136733
1,bookshelf_thin,79,qpFreeGate,1,1,0.147181,92317,42,20.7205,30417,30417,0,0.00300948,0.00249477,0,0,0.000624055,0,108,33,0.388889,0,0,0,1,0,0
1,bookshelf_thin,79,qpEnvelope,1,1,0.072558,28048,15,6.13157,3431,3431,0,0.00299214,0.00249477,0,0,0.000789072,0.0224971,6,5,2.5,0,0,0,0.977467,0.0223545,0.000178266
1,bookshelf_thin,86,isSafe,1,1,0.271448,205378,55,11.6892,7,5846,0,0.00580044,0.00249477,0,0,0,0,356,52,0.154494,0,0,0,0,0,0
1,bookshelf_thin,86,qpFixed,1,1,0.147002,67187,21,11.967,20501,20501,0,0.0028041,0.00249477,0,0,0.000528861,0,11,8,1.90909,0,0,0,1,0,0
1,bookshelf_thin,86,qpPlain,1,1,0.496508,67187,21,11.967,20501,20501,0,0.0028041,0.00249477,0,0,0.000528861,0,11,8,1.90909,0,0,0,1,0,0
1,bookshelf_thin,86,qpAdaptive,1,1,0.141908,53244,21,11.9674,15392,15392,0,0.00279365,0.00249477,0,0,0.000667376,0.021223,11,8,1.90909,0,0,0,0.978777,0.0211104,0.000112689
1,bookshelf_thin,86,qpFreeGate,1,1,0.211339,131963,45,25.781,38239,38239,0,0.00320625,0.00249477,0,0,0.000567784,0,157,39,0.286624,0,0,0,1,0,0
1,bookshelf_thin,86,qpEnvelope,1,1,0.14054,52234,21,11.9685,15108,15108,0,0.00272986,0.00249477,0,0,0.000680304,0.0117548,11,8,1.90909,0,0,0,0.988245,0.0116399,0.000114868
1,bookshelf_thin,93,isSafe,1,1,0.086219,66495,19,11.1719,7,5587,0,0.00880481,0.00249477,0,0,0,0,57,14,0.333333,0,0,0,0,0,0
1,bookshelf_thin,93,qpFixed,1,1,0.0281876,15609,7,8.59113,15610,15610,0,0.00292338,0.00249477,0,0,0.000550396,0,1,1,7,0,0,0,1,0,0
1,bookshelf_thin,93,qpPlain,1,1,0.105877,15609,7,8.59113,15610,15610,0,0.00292338,0.00249477,0,0,0.000550396,0,1,1,7,0,0,0,1,0,0
1,bookshelf_thin,93,qpAdaptive,1,1,0.0210773,8693,7,8.59109,10837,10837,0,0.00292334,0.00249477,0,0,0.000988277,0.0348556,1,1,7,0,0,0,0.965144,0.0345105,0.000345105
1,bookshelf_thin,93,qpFreeGate,1,1,0.114465,70564,25,15.909,24864,24864,0,0.00880481,0.00249477,0,0,0.000598606,0,57,20,0.438596,0,0,0,1,0,0
1,bookshelf_thin,93,qpEnvelope,1,1,0.0205664,8389,7,8.59121,10638,10638,0,0.00292337,0.00249477,0,0,0.0010241,0.0162117,1,1,7,0,0,0,0.983788,0.0158541,0.000357611
1,bookshelf_thin,100,isSafe,1,1,0.113711,85314,24,12.566,8,6284,0,0.00544717,0.00249477,0,0,0,0,78,20,0.307692,0,0,0,0,0,0
1,bookshelf_thin,100,qpFixed,1,1,0.0717169,35017,12,14.1474,21836,21836,0,0.00291738,0.00249477,0,0,0.000561266,0,7,5,1.71429,0,0,0,1,0,0
1,bookshelf_thin,100,qpPlain,1,1,0.253742,35017,12,14.1474,21836,21836,0,0.00291738,0.00249477,0,0,0.000561266,0,7,5,1.71429,0,0,0,1,0,0
1,bookshelf_thin,100,qpAdaptive,1,1,0.0543561,19530,12,14.1477,13205,13205,0,0.0029174,0.00249477,0,0,0.00100636,0.0337942,7,5,1.71429,0,0,0,0.966206,0.0334869,0.00030722
1,bookshelf_thin,100,qpFreeGate,1,1,0.137862,84589,30,19.5129,30079,30079,0,0.00488487,0.00249477,0,0,0.000596103,0,69,23,0.434783,0,0,0,1,0,0
1,bookshelf_thin,100,qpEnvelope,1,1,0.0531778,18828,12,14.148,12887,12887,0,0.0029174,0.00249477,0,0,0.0010439,0.0185362,7,5,1.71429,0,0,0,0.981464,0.0182175,0.000318674
1,table_under_pick,7,isSafe,1,1,0.0369736,27431,9,9.68922,6,4846,0,0.0047864,0.00249477,0,0,0,0,25,6,0.36,0,0,0,0,0,0
1,table_under_pick,7,qpFixed,1,1,0.0618364,33738,11,10.9435,16934,16934,0,0.00293869,0.00249477,0,0,0.000530816,0,5,5,2.2,0,0,0,1,0,0
1,table_under_pick,7,qpPlain,1,1,0.225555,33738,11,10.9435,16934,16934,0,0.00293869,0.00249477,0,0,0.000530816,0,5,5,2.2,0,0,0,1,0,0
1,table_under_pick,7,qpAdaptive,1,1,0.0529243,23017,11,10.9437,13686,13686,0,0.00293902,0.00249477,0,0,0.000778059,0.0341921,5,5,2.2,0,0,0,0.965808,0.0340183,0.000173785
1,table_under_pick,7,qpFreeGate,1,1,0.0612016,36865,16,13.452,20056,20056,0,0.0030445,0.00249477,0,0,0.000644106,0,37,12,0.432432,0,0,0,1,0,0
1,table_under_pick,7,qpEnvelope,1,1,0.0512628,22118,11,10.9436,13179,13179,0,0.00293875,0.00249477,0,0,0.000809692,0.0126142,5,5,2.2,0,0,0,0.987386,0.0123881,0.00022606
1,table_under_pick,14,isSafe,1,1,0.0946582,72012,21,10.9,7,5452,0,0.00643079,0.00249477,0,0,0,0,93,17,0.225806,0,0,0,0,0,0
1,table_under_pick,14,qpFixed,1,1,0.164034,78177,29,19.4065,32289,32289,0,0.00295396,0.00249477,0,0,0.000512381,0,15,14,1.93333,0,0,0,1,0,0
1,table_under_pick,14,qpPlain,1,1,0.561585,78177,29,19.4065,32289,32289,0,0.00295396,0.00249477,0,0,0.000512381,0,15,14,1.93333,0,0,0,1,0,0
1,table_under_pick,14,qpAdaptive,1,1,0.158391,63496,29,19.4069,25713,25713,0,0.00295099,0.00249477,0,0,0.000630871,0.0225526,15,14,1.93333,0,0,0,0.977447,0.0224424,0.000110243
1,table_under_pick,14,qpFreeGate,1,1,0.10752,66010,27,13.971,19248,19248,0,0.00719246,0.00249477,0,0,0.000538969,0,131,22,0.206107,0,0,0,1,0,0
1,table_under_pick,14,qpEnvelope,1,1,0.157287,62277,29,19.408,25333,25333,0,0.00295404,0.00249477,0,0,0.000643349,0.0170047,15,14,1.93333,0,0,0,0.982995,0.0168923,0.000112401
1,table_under_pick,21,isSafe,1,0,10.0004,7495125,3019,0,0,0,0,inf,inf,0,0,0,0,25677,3017,0.117576,0,0,0,0,0,0
1,table_under_pick,21,qpFixed,1,0,10.0029,5684960,699,0,0,0,0,inf,inf,0,0,0.000334845,0,1150,613,0.607826,0,0,0,1,0,0
1,table_under_pick,21,qpPlain,1,0,10.0217,1435457,224,0,0,0,0,inf,inf,0,0,0.000369875,0,241,174,0.929461,0,0,0,1,0,0
1,table_under_pick,21,qpAdaptive,1,0,10.0074,4907089,647,0,0,0,0,inf,inf,0,0,0.000357853,0.00366429,1052,564,0.615019,0,0,0,0.996335,0.00364045,2.4862e-05
1,table_under_pick,21,qpFreeGate,1,0,10.0036,6222342,2667,0,0,0,0,inf,inf,0,0,0.000568706,0,15703,2661,0.16984,0,0,0,1,0,0
1,table_under_pick,21,qpEnvelope,1,0,10.0068,4859837,642,0,0,0,0,inf,inf,0,0,0.000358633,0.000601255,1042,559,0.616123,0,0,0,0.999398,0.00057718,2.44864e-05
1,table_under_pick,28,isSafe,0,0,0,0,0,0,0,0,0,inf,inf,0,0,0,0,0,0,0,0,0,0,0,0,0
1,table_under_pick,28,qpFixed,0,0,0,0,0,0,0,0,0,inf,inf,0,0,0,0,0,0,0,0,0,0,0,0,0
1,table_under_pick,28,qpPlain,0,0,0,0,0,0,0,0,0,inf,inf,0,0,0,0,0,0,0,0,0,0,0,0,0
1,table_under_pick,28,qpAdaptive,0,0,0,0,0,0,0,0,0,inf,inf,0,0,0,0,0,0,0,0,0,0,0,0,0
1,table_under_pick,28,qpFreeGate,0,0,0,0,0,0,0,0,0,inf,inf,0,0,0,0,0,0,0,0,0,0,0,0,0
1,table_under_pick,28,qpEnvelope,0,0,0,0,0,0,0,0,0,inf,inf,0,0,0,0,0,0,0,0,0,0,0,0,0
1,table_under_pick,35,isSafe,1,1,0.0325808,25362,9,12.6588,8,6331,0,0.00658253,0.00249477,0,0,0,0,29,4,0.310345,0,0,0,0,0,0
1,table_under_pick,35,qpFixed,1,1,0.29698,127878,47,21.8111,38786,38786,0,0.00291926,0.00103689,0,0,0.000498473,0,23,20,2.04348,0,0,0,1,0,0
1,table_under_pick,35,qpPlain,1,1,0.932539,127878,47,21.8111,38786,38786,0,0.00291926,0.00103689,0,0,0.000498473,0,23,20,2.04348,0,0,0,1,0,0
1,table_under_pick,35,qpAdaptive,1,1,0.314304,123591,47,21.8116,37892,37892,0,0.00291944,0.00103716,0,0,0.000515775,0.0104134,23,20,2.04348,0,0,0,0.989587,0.0104053,8.0912e-06
1,table_under_pick,35,qpFreeGate,1,1,0.165015,96575,42,18.923,29563,29563,0,0.00301278,0.00249477,0,0,0.000629724,0,113,35,0.371681,0,0,0,1,0,0
1,table_under_pick,35,qpEnvelope,1,1,0.311019,121965,47,21.8124,37172,37172,0,0.00292029,0.00103717,0,0,0.000522647,0.00875661,23,20,2.04348,0,0,0,0.991243,0.00873201,2.45972e-05
1,table_under_pick,42,isSafe,1,0,10.0016,7443995,2988,0,0,0,0,inf,inf,0,0,0,0,25191,2986,0.118614,0,0,0,0,0,0
1,table_under_pick,42,qpFixed,1,0,10.0057,5605650,683,0,0,0,0,inf,inf,0,0,0.000328987,0,1143,598,0.59755,0,0,0,1,0,0
1,table_under_pick,42,qpPlain,1,0,10.0231,1347876,212,0,0,0,0,inf,inf,0,0,0.000360962,0,223,161,0.950673,0,0,0,1,0,0
1,table_under_pick,42,qpAdaptive,1,0,10.0043,4843970,642,0,0,0,0,inf,inf,0,0,0.000354207,0.00411749,1045,560,0.614354,0,0,0,0.995882,0.00409437,2.39473e-05
1,table_under_pick,42,qpFreeGate,1,0,10,6223333,2801,0,0,0,0,inf,inf,0,0,0.000580982,0,16454,2796,0.170232,0,0,0,1,0,0
1,table_under_pick,42,qpEnvelope,1,0,10.0034,4826806,641,0,0,0,0,inf,inf,0,0,0.000355051,0.000813167,1044,559,0.613985,0,0,0,0.999186,0.000789135,2.44468e-05
1,table_under_pick,49,isSafe,1,1,0.0381299,28822,10,10.3684,7,5186,0,0.00402513,0.00249477,0,0,0,0,36,6,0.277778,0,0,0,0,0,0
1,table_under_pick,49,qpFixed,1,1,0.0315419,18997,9,11.0784,14524,14524,0,0.00293804,0.00249477,0,0,0.00072706,0,3,3,3,0,0,0,1,0,0
1,table_under_pick,49,qpPlain,1,1,0.126257,18997,9,11.0784,14524,14524,0,0.00293804,0.00249477,0,0,0.00072706,0,3,3,3,0,0,0,1,0,0
1,table_under_pick,49,qpAdaptive,1,1,0.0438402,18115,14,18.9232,13673,13673,0,0.002938,0.00249477,0,0,0.00129155,0.0501794,5,5,2.8,0,0,0,0.949821,0.049793,0.00038642
1,table_under_pick,49,qpFreeGate,1,1,0.0974995,58299,20,14.535,20864,20864,0,0.00305832,0.00249477,0,0,0.000575389,0,81,15,0.246914,0,0,0,1,0,0
1,table_under_pick,49,qpEnvelope,1,1,0.0421119,17332,14,18.9254,13168,13168,0,0.00293801,0.00249477,0,0,0.00135,0.0207131,5,5,2.8,0,0,0,0.979229,0.0203093,0.000461574
1,table_under_pick,56,isSafe,1,1,0.0988257,74243,22,24.064,14,12034,0,0.00441177,0.00249477,0,0,0,0,132,17,0.166667,0,0,0,0,0,0
1,table_under_pick,56,qpFixed,1,1,0.0400714,20500,9,9.27536,14162,14162,0,0.00297408,0.00249477,0,0,0.000583555,0,3,3,3,0,0,0,1,0,0
1,table_under_pick,56,qpPlain,1,1,0.145738,20500,9,9.27536,14162,14162,0,0.00297408,0.00249477,0,0,0.000583555,0,3,3,3,0,0,0,1,0,0
1,table_under_pick,56,qpAdaptive,1,1,0.0401955,17969,9,9.27629,12490,12490,0,0.00297403,0.00249477,0,0,0.000665803,0.0176971,3,3,3,0,0,0,0.982303,0.0176971,0
1,table_under_pick,56,qpFreeGate,1,1,0.224404,134368,57,33.0566,47274,47274,0,0.00301436,0.00249477,0,0,0.000643564,0,150,48,0.38,0,0,0,1,0,0
1,table_under_pick,56,qpEnvelope,1,1,0.0402627,17867,9,9.27919,12481,12481,0,0.00297399,0.00249477,0,0,0.000669767,0.00559691,3,3,3,0,0,0,0.994403,0.00559691,0
1,table_under_pick,64,isSafe,1,1,0.0608096,46669,14,13.2879,8,6645,0,0.00598011,0.00249477,0,0,0,0,43,10,0.325581,0,0,0,0,0,0
1,table_under_pick,64,qpFixed,1,1,0.106597,52974,20,11.2432,18121,18121,0,0.00294216,0.00249477,0,0,0.000568548,0,7,7,2.85714,0,0,0,1,0,0
1,table_under_pick,64,qpPlain,1,1,0.370122,52974,20,11.2432,18121,18121,0,0.00294216,0.00249477,0,0,0.000568548,0,7,7,2.85714,0,0,0,1,0,0
1,table_under_pick,64,qpAdaptive,1,1,0.102227,42835,20,11.2434,16080,16080,0,0.00294248,0.00249477,0,0,0.000703133,0.0240691,7,7,2.85714,0,0,0,0.975908,0.0239524,0.000140072
1,table_under_pick,64,qpFreeGate,1,1,0.0555559,33449,16,12.92,20377,20377,0,0.00301825,0.00249477,0,0,0.000579623,0,43,10,0.372093,0,0,0,1,0,0
1,table_under_pick,64,qpEnvelope,1,1,0.101251,41812,20,11.2441,15682,15682,0,0.00294243,0.00249477,0,0,0.000720371,0.0147087,7,7,2.85714,0,0,0,0.985291,0.0145652,0.000143499
1,table_under_pick,71,isSafe,1,1,0.0726367,54732,17,16.0398,10,8021,0,0.00542407,0.00249477,0,0,0,0,63,12,0.269841,0,0,0,0,0,0
1,table_under_pick,71,qpFixed,1,1,0.0214564,12925,7,9.31146,12926,12926,0,0.0029434,0.00249477,0,0,0.000720422,0,1,1,7,0,0,0,1,0,0
1,table_under_pick,71,qpPlain,1,1,0.0850419,12925,7,9.31146,12926,12926,0,0.0029434,0.00249477,0,0,0.000720422,0,1,1,7,0,0,0,1,0,0
1,table_under_pick,71,qpAdaptive,1,1,0.0112905,4402,7,9.31171,7478,7478,0,0.00295052,0.00249477,0,0,0.00211534,0.116084,1,1,7,0,0,0,0.883916,0.115175,0.000908678
1,table_under_pick,71,qpFreeGate,1,1,0.110952,67128,25,17.8275,25320,25320,0,0.0049914,0.00249477,0,0,0.000568078,0,85,14,0.294118,0,0,0,1,0,0
1,table_under_pick,71,qpEnvelope,1,1,0.0103928,3956,7,9.31232,7195,7195,0,0.00295063,0.00249477,0,0,0.00235397,0.100101,1,1,7,0,0,0,0.899899,0.09909,0.00101112
1,table_under_pick,78,isSafe,1,1,0.0563841,43422,13,17.6729,10,8838,0,0.000224648,0.00249477,0,0,0,0,37,8,0.351351,0,0,0,0,0,0
1,table_under_pick,78,qpFixed,1,1,0.125517,58816,22,9.91937,15822,15822,0,0.00295479,0.00249477,0,0,0.000547344,0,11,10,2,0,0,0,1,0,0
1,table_under_pick,78,qpPlain,1,1,0.421161,58816,22,9.91937,15822,15822,0,0.00295479,0.00249477,0,0,0.000547344,0,11,10,2,0,0,0,1,0,0
1,table_under_pick,78,qpAdaptive,1,1,0.121761,49385,22,9.91979,10418,10418,0,0.00295514,0.00249477,0,0,0.00065192,0.0242381,11,10,2,0,0,0,0.975742,0.0241571,0.000101245
1,table_under_pick,78,qpFreeGate,1,1,0.0807465,48155,22,20.8837,29469,29469,0,0.00302563,0.00249477,0,0,0.000627276,0,62,12,0.354839,0,0,0,1,0,0
1,table_under_pick,78,qpEnvelope,1,1,0.120512,48132,22,9.92146,10061,10061,0,0.00295496,0.00249477,0,0,0.000668934,0.0150212,11,10,2,0,0,0,0.984979,0.0149173,0.000103881
1,table_under_pick,85,isSafe,0,0,0,0,0,0,0,0,0,inf,inf,0,0,0,0,0,0,0,0,0,0,0,0,0
1,table_under_pick,85,qpFixed,0,0,0,0,0,0,0,0,0,inf,inf,0,0,0,0,0,0,0,0,0,0,0,0,0
1,table_under_pick,85,qpPlain,0,0,0,0,0,0,0,0,0,inf,inf,0,0,0,0,0,0,0,0,0,0,0,0,0
1,table_under_pick,85,qpAdaptive,0,0,0,0,0,0,0,0,0,inf,inf,0,0,0,0,0,0,0,0,0,0,0,0,0
1,table_under_pick,85,qpFreeGate,0,0,0,0,0,0,0,0,0,inf,inf,0,0,0,0,0,0,0,0,0,0,0,0,0
1,table_under_pick,85,qpEnvelope,0,0,0,0,0,0,0,0,0,inf,inf,0,0,0,0,0,0,0,0,0,0,0,0,0
1,table_under_pick,92,isSafe,1,1,0.0484945,36289,12,14.0987,9,7051,0,0.00673441,0.00249477,0,0,0,0,46,7,0.26087,0,0,0,0,0,0
1,table_under_pick,92,qpFixed,1,1,0.0802738,40672,16,13.2357,21458,21458,0,0.00293886,0.00249477,0,0,0.000528961,0,6,6,2.66667,0,0,0,1,0,0
1,table_under_pick,92,qpPlain,1,1,0.284056,40672,16,13.2357,21458,21458,0,0.00293886,0.00249477,0,0,0.000528961,0,6,6,2.66667,0,0,0,1,0,0
1,table_under_pick,92,qpAdaptive,1,1,0.0753237,31811,16,13.236,16408,16408,0,0.00293871,0.00249477,0,0,0.000676329,0.0343592,6,6,2.66667,0,0,0,0.965641,0.0342334,0.000125743
1,table_under_pick,92,qpFreeGate,1,1,0.0727823,43355,20,13.1844,18529,18529,0,0.00303051,0.00249477,0,0,0.00062648,0,43,14,0.465116,0,0,0,1,0,0
1,table_under_pick,92,qpEnvelope,1,1,0.0738026,30700,16,13.2379,15766,15766,0,0.002938,0.00249477,0,0,0.000700992,0.0194463,6,6,2.66667,0,0,0,0.980554,0.019316,0.000130293
1,table_under_pick,99,isSafe,1,1,0.0569549,43005,13,15.4566,9,7730,0,0.00824096,0.00249477,0,0,0,0,43,9,0.302326,0,0,0,0,0,0
1,table_under_pick,99,qpFixed,1,1,0.0836125,44234,20,9.42283,14645,14645,0,0.00297394,0.00249477,0,0,0.000615793,0,7,7,2.85714,0,0,0,1,0,0
1,table_under_pick,99,qpPlain,1,1,0.307711,44234,20,9.42283,14645,14645,0,0.00297394,0.00249477,0,0,0.000615793,0,7,7,2.85714,0,0,0,1,0,0
1,table_under_pick,99,qpAdaptive,1,1,0.0825462,37515,20,9.42381,12559,12559,0,0.00297403,0.00249477,0,0,0.000726111,0.0290284,7,7,2.85714,0,0,0,0.970918,0.0289751,0.000106624
1,table_under_pick,99,qpFreeGate,1,1,0.104336,61403,25,17.9301,24126,24126,0,0.00305542,0.00249477,0,0,0.000611397,0,56,18,0.446429,0,0,0,1,0,0
1,table_under_pick,99,qpEnvelope,1,1,0.0815765,36493,20,9.42692,12396,12396,0,0.00297406,0.00249477,0,0,0.000746572,0.0146603,7,7,2.85714,0,0,0,0.985312,0.0146055,8.22075e-05
1,bookshelf_small,6,isSafe,1,1,0.140045,105013,29,19.9167,11,9960,0,0.00493275,0.00249477,0,0,0,0,122,26,0.237705,0,0,0,0,0,0
1,bookshelf_small,6,qpFixed,1,1,0.105738,50743,17,14.4514,21208,21208,0,0.00290618,0.00249477,0,0,0.000560222,0,10,6,1.7,0,0,0,1,0,0
1,bookshelf_small,6,qpPlain,1,1,0.357724,50743,17,14.4514,21208,21208,0,0.00290618,0.00249477,0,0,0.000560222,0,10,6,1.7,0,0,0,1,0,0
1,bookshelf_small,6,qpAdaptive,1,1,0.100913,40542,17,14.4514,17265,17265,0,0.00290566,0.00249477,0,0,0.000701188,0.0263924,10,6,1.7,0,0,0,0.973583,0.0262691,0.000147995
1,bookshelf_small,6,qpFreeGate,1,1,0.0988606,62631,25,16.5716,22570,22570,0,0.00301194,0.00249477,0,0,0.000668885,0,62,21,0.403226,0,0,0,1,0,0
1,bookshelf_small,6,qpEnvelope,1,1,0.0995305,39351,17,14.4518,16823,16823,0,0.0028925,0.00249477,0,0,0.000722415,0.0121979,10,6,1.7,0,0,0,0.987777,0.0120708,0.000152474
1,bookshelf_small,14,isSafe,1,1,0.0192721,14830,6,7.41188,5,3707,0,0.0106246,0.00249477,0,0,0,0,2,2,3,0,0,0,0,0,0
1,bookshelf_small,14,qpFixed,1,1,0.0112408,8423,6,5.94861,8424,8424,0,0.00293979,0.00249477,0,0,0.000706234,0,1,1,6,0,0,0,1,0,0
1,bookshelf_small,14,qpPlain,1,1,0.0536625,8423,6,5.94861,8424,8424,0,0.00293979,0.00249477,0,0,0.000706234,0,1,1,6,0,0,0,1,0,0
1,bookshelf_small,14,qpAdaptive,1,1,0.00362719,1406,6,5.9486,3867,3867,0,0.00293977,0.00249477,0,0,0.00423087,0.181366,1,1,6,0,0,0,0.818634,0.178521,0.00284495
1,bookshelf_small,14,qpFreeGate,1,1,0.0176088,11173,6,7.41188,10950,10950,0,0.0106246,0.00249477,0,0,0.000666273,0,2,2,3,0,0,0,1,0,0
1,bookshelf_small,14,qpEnvelope,1,1,0.00316242,1152,6,5.94871,3733,3733,0,0.0029398,0.00249477,0,0,0.00516381,0.0729167,1,1,6,0,0,0,0.927083,0.0694444,0.00347222
1,bookshelf_small,21,isSafe,1,1,0.0300058,23278,8,5.61787,4,2810,0,0.00770496,0.00249477,0,0,0,0,19,5,0.421053,0,0,0,0,0,0
1,bookshelf_small,21,qpFixed,1,1,0.0148431,8904,6,6.81223,8905,8905,0,0.00293451,0.00249477,0,0,0.000765075,0,1,1,6,0,0,0,1,0,0
1,bookshelf_small,21,qpPlain,1,1,0.0591442,8904,6,6.81223,8905,8905,0,0.00293451,0.00249477,0,0,0.000765075,0,1,1,6,0,0,0,1,0,0
1,bookshelf_small,21,qpAdaptive,1,1,0.00810481,3254,6,6.81228,5426,5426,0,0.00293182,0.00249477,0,0,0.00209351,0.0811309,1,1,6,0,0,0,0.918869,0.080209,0.000921942
1,bookshelf_small,21,qpFreeGate,1,1,0.0382846,24894,10,5.61787,7999,7999,0,0.00770496,0.00249477,0,0,0.000602428,0,19,7,0.526316,0,0,0,1,0,0
1,bookshelf_small,21,qpEnvelope,1,1,0.00758418,3020,6,6.81288,5304,5304,0,0.00293836,0.00249477,0,0,0.00225592,0.0254967,1,1,6,0,0,0,0.974503,0.0245033,0.000993377
1,bookshelf_small,29,isSafe,1,1,0.130137,97949,27,9.19883,6,4601,0,0.00948559,0.00249477,0,0,0,0,113,22,0.238938,0,0,0,0,0,0
1,bookshelf_small,29,qpFixed,1,1,0.0282232,15667,7,7.5182,15668,15668,0,0.00292054,0.00249477,0,0,0.000479875,0,1,1,7,0,0,0,1,0,0
1,bookshelf_small,29,qpPlain,1,1,0.10635,15667,7,7.5182,15668,15668,0,0.00292054,0.00249477,0,0,0.000479875,0,1,1,7,0,0,0,1,0,0
1,bookshelf_small,29,qpAdaptive,1,1,0.0171902,6810,7,7.51825,9265,9265,0,0.00292056,0.00249477,0,0,0.001104,0.0511013,1,1,7,0,0,0,0.948899,0.0506608,0.000440529
1,bookshelf_small,29,qpFreeGate,1,1,0.136357,82327,33,15.8528,23576,23576,0,0.00308249,0.00249477,0,0,0.000603973,0,73,28,0.452055,0,0,0,1,0,0
1,bookshelf_small,29,qpEnvelope,1,1,0.0165855,6460,7,7.51858,8979,8979,0,0.00292167,0.00249477,0,0,0.00116387,0.0351393,1,1,7,0,0,0,0.964861,0.0346749,0.000464396
1,bookshelf_small,37,isSafe,1,0,10.0017,7401900,2975,0,0,0,0,inf,inf,0,0,0,0,27125,2973,0.109677,0,0,0,0,0,0
1,bookshelf_small,37,qpFixed,1,0,10.0027,5601230,664,0,0,0,0,inf,inf,0,0,0.000327963,0,1140,583,0.582456,0,0,0,1,0,0
1,bookshelf_small,37,qpPlain,1,0,10.0127,1422547,211,0,0,0,0,inf,inf,0,0,0.000363761,0,246,165,0.857724,0,0,0,1,0,0
1,bookshelf_small,37,qpAdaptive,1,0,10.0031,4822562,618,0,0,0,0,inf,inf,0,0,0.000353064,0.00429917,1042,538,0.59309,0,0,0,0.9957,0.00427677,2.30168e-05
1,bookshelf_small,37,qpFreeGate,1,0,10.0015,6183103,2721,0,0,0,0,inf,inf,0,0,0.000569679,0,16355,2716,0.166371,0,0,0,1,0,0
1,bookshelf_small,37,qpEnvelope,1,0,10.0112,4799205,617,0,0,0,0,inf,inf,0,0,0.000353953,0.000761376,1039,537,0.59384,0,0,0,0.999239,0.000738247,2.31288e-05
1,bookshelf_small,44,isSafe,0,0,0,0,0,0,0,0,0,inf,inf,0,0,0,0,0,0,0,0,0,0,0,0,0
1,bookshelf_small,44,qpFixed,0,0,0,0,0,0,0,0,0,inf,inf,0,0,0,0,0,0,0,0,0,0,0,0,0
1,bookshelf_small,44,qpPlain,0,0,0,0,0,0,0,0,0,inf,inf,0,0,0,0,0,0,0,0,0,0,0,0,0
1,bookshelf_small,44,qpAdaptive,0,0,0,0,0,0,0,0,0,inf,inf,0,0,0,0,0,0,0,0,0,0,0,0,0
1,bookshelf_small,44,qpFreeGate,0,0,0,0,0,0,0,0,0,inf,inf,0,0,0,0,0,0,0,0,0,0,0,0,0
1,bookshelf_small,44,qpEnvelope,0,0,0,0,0,0,0,0,0,inf,inf,0,0,0,0,0,0,0,0,0,0,0,0,0
1,bookshelf_small,51,isSafe,1,1,0.14366,110714,30,5.10587,4,2554,0,0.00429878,0.00249477,0,0,0,0,149,26,0.201342,0,0,0,0,0,0
1,bookshelf_small,51,qpFixed,1,1,0.0216085,15860,9,8.96127,13222,13222,0,0.00302636,0.00249477,0,0,0.000695631,0,2,2,4.5,0,0,0,1,0,0
1,bookshelf_small,51,qpPlain,1,1,0.101233,15860,9,8.96127,13222,13222,0,0.00302636,0.00249477,0,0,0.000695631,0,2,2,4.5,0,0,0,1,0,0
1,bookshelf_small,51,qpAdaptive,1,1,0.00167703,608,9,8.96129,4793,4793,0,0.00302485,0.00249477,0,0,0.0181457,0.580592,2,2,4.5,0,0,0,0.417763,0.570724,0.0115132
1,bookshelf_small,51,qpFreeGate,1,1,0.1729,108499,36,5.10587,6943,6943,0,0.00429878,0.00249477,0,0,0.000555364,0,149,32,0.241611,0,0,0,1,0,0
1,bookshelf_small,51,qpEnvelope,1,1,0.00101327,309,9,8.96135,4662,4662,0,0.00301888,0.00249477,0,0,0.0357038,0.420712,2,2,4.5,0,0,0,0.579288,0.398058,0.0226537
1,bookshelf_small,58,isSafe,0,0,0,0,0,0,0,0,0,inf,inf,0,0,0,0,0,0,0,0,0,0,0,0,0
1,bookshelf_small,58,qpFixed,0,0,0,0,0,0,0,0,0,inf,inf,0,0,0,0,0,0,0,0,0,0,0,0,0
1,bookshelf_small,58,qpPlain,0,0,0,0,0,0,0,0,0,inf,inf,0,0,0,0,0,0,0,0,0,0,0,0,0
1,bookshelf_small,58,qpAdaptive,0,0,0,0,0,0,0,0,0,inf,inf,0,0,0,0,0,0,0,0,0,0,0,0,0
1,bookshelf_small,58,qpFreeGate,0,0,0,0,0,0,0,0,0,inf,inf,0,0,0,0,0,0,0,0,0,0,0,0,0
1,bookshelf_small,58,qpEnvelope,0,0,0,0,0,0,0,0,0,inf,inf,0,0,0,0,0,0,0,0,0,0,0,0,0
1,bookshelf_small,65,isSafe,1,1,0.0149357,12260,6,6.12719,5,3065,0,0.000730318,0.00249477,0,0,0,0,1,1,6,0,0,0,0,0,0
1,bookshelf_small,65,qpFixed,1,1,0.0113173,9569,6,6.1273,9570,9570,0,0.00355792,0.00249477,0,0,0.000640328,0,1,1,6,0,0,0,1,0,0
1,bookshelf_small,65,qpPlain,1,1,0.0595193,9569,6,6.1273,9570,9570,0,0.00355792,0.00249477,0,0,0.000640328,0,1,1,6,0,0,0,1,0,0
1,bookshelf_small,65,qpAdaptive,1,1,0.000702971,228,6,6.1273,3182,3182,0,0.00355461,0.00249477,0,0,0.0268741,0.732456,1,1,6,0,0,0,0.267544,0.714912,0.0175439
1,bookshelf_small,65,qpFreeGate,1,1,0.0222363,14314,7,8.37966,13788,13788,0,0.0081374,0.00249477,0,0,0.000592096,0,3,2,2.33333,0,0,0,1,0,0
1,bookshelf_small,65,qpEnvelope,1,1,0.00039552,84,6,6.1273,3102,3102,0,0.00356794,0.00249477,0,0,0.0729441,1,1,1,6,0,0,0,0,0.952381,0.047619
1,bookshelf_small,72,isSafe,0,0,0,0,0,0,0,0,0,inf,inf,0,0,0,0,0,0,0,0,0,0,0,0,0
1,bookshelf_small,72,qpFixed,0,0,0,0,0,0,0,0,0,inf,inf,0,0,0,0,0,0,0,0,0,0,0,0,0
1,bookshelf_small,72,qpPlain,0,0,0,0,0,0,0,0,0,inf,inf,0,0,0,0,0,0,0,0,0,0,0,0,0
1,bookshelf_small,72,qpAdaptive,0,0,0,0,0,0,0,0,0,inf,inf,0,0,0,0,0,0,0,0,0,0,0,0,0
1,bookshelf_small,72,qpFreeGate,0,0,0,0,0,0,0,0,0,inf,inf,0,0,0,0,0,0,0,0,0,0,0,0,0
1,bookshelf_small,72,qpEnvelope,0,0,0,0,0,0,0,0,0,inf,inf,0,0,0,0,0,0,0,0,0,0,0,0,0
1,bookshelf_small,79,isSafe,1,1,0.120432,87440,24,15.9102,9,7957,0,0.00167468,0.00249477,0,0,0,0,112,21,0.214286,0,0,0,0,0,0
1,bookshelf_small,79,qpFixed,1,1,0.0605559,30041,12,13.3509,20074,20074,0,0.00190129,0.00249477,0,0,0.000624591,0,4,4,3,0,0,0,1,0,0
1,bookshelf_small,79,qpPlain,1,1,0.215445,30041,12,13.3509,20074,20074,0,0.00190129,0.00249477,0,0,0.000624591,0,4,4,3,0,0,0,1,0,0
1,bookshelf_small,79,qpAdaptive,1,1,0.0478144,16764,12,13.3506,13284,13284,0,0.00191497,0.00249477,0,0,0.00111929,0.0294083,4,4,3,0,0,0,0.970532,0.0291696,0.000298258
1,bookshelf_small,79,qpFreeGate,1,1,0.205873,124478,44,13.1381,19386,19386,0,0.00302708,0.00249477,0,0,0.000582324,0,165,39,0.266667,0,0,0,1,0,0
1,bookshelf_small,79,qpEnvelope,1,1,0.0474221,16254,12,13.3513,13047,13047,0,0.00191226,0.00249477,0,0,0.00115456,0.0152578,4,4,3,0,0,0,0.984742,0.0149502,0.000307617
1,bookshelf_small,86,isSafe,0,0,0,0,0,0,0,0,0,inf,inf,0,0,0,0,0,0,0,0,0,0,0,0,0
1,bookshelf_small,86,qpFixed,0,0,0,0,0,0,0,0,0,inf,inf,0,0,0,0,0,0,0,0,0,0,0,0,0
1,bookshelf_small,86,qpPlain,0,0,0,0,0,0,0,0,0,inf,inf,0,0,0,0,0,0,0,0,0,0,0,0,0
1,bookshelf_small,86,qpAdaptive,0,0,0,0,0,0,0,0,0,inf,inf,0,0,0,0,0,0,0,0,0,0,0,0,0
1,bookshelf_small,86,qpFreeGate,0,0,0,0,0,0,0,0,0,inf,inf,0,0,0,0,0,0,0,0,0,0,0,0,0
1,bookshelf_small,86,qpEnvelope,0,0,0,0,0,0,0,0,0,inf,inf,0,0,0,0,0,0,0,0,0,0,0,0,0
1,bookshelf_small,94,isSafe,0,0,0,0,0,0,0,0,0,inf,inf,0,0,0,0,0,0,0,0,0,0,0,0,0
1,bookshelf_small,94,qpFixed,0,0,0,0,0,0,0,0,0,inf,inf,0,0,0,0,0,0,0,0,0,0,0,0,0
1,bookshelf_small,94,qpPlain,0,0,0,0,0,0,0,0,0,inf,inf,0,0,0,0,0,0,0,0,0,0,0,0,0
1,bookshelf_small,94,qpAdaptive,0,0,0,0,0,0,0,0,0,inf,inf,0,0,0,0,0,0,0,0,0,0,0,0,0
1,bookshelf_small,94,qpFreeGate,0,0,0,0,0,0,0,0,0,inf,inf,0,0,0,0,0,0,0,0,0,0,0,0,0
1,bookshelf_small,94,qpEnvelope,0,0,0,0,0,0,0,0,0,inf,inf,0,0,0,0,0,0,0,0,0,0,0,0,0
1,box,1,isSafe,1,1,0.111304,83693,24,16.1984,10,8101,0,0.00345119,0.00249477,0,0,0,0,100,20,0.24,0,0,0,0,0,0
1,box,1,qpFixed,1,1,0.0618141,32149,14,11.0523,15254,15254,0,0.00297922,0.00249477,0,0,0.000621148,0,5,5,2.8,0,0,0,1,0,0
1,box,1,qpPlain,1,1,0.221089,32149,14,11.0523,15254,15254,0,0.00297922,0.00249477,0,0,0.000621148,0,5,5,2.8,0,0,0,1,0,0
1,box,1,qpAdaptive,1,1,0.0468142,18601,14,11.0534,8534,8534,0,0.00297447,0.00249477,0,0,0.00107374,0.0544594,5,5,2.8,0,0,0,0.945541,0.0541369,0.000322563
1,box,1,qpFreeGate,1,1,0.388624,236275,90,16.3231,21890,21890,0,0.00301706,0.00249477,0,0,0.000636652,0,333,83,0.27027,0,0,0,1,0,0
1,box,1,qpEnvelope,1,1,0.0448729,17575,14,11.0542,8174,8174,0,0.00297562,0.00249477,0,0,0.00113661,0.0372688,5,5,2.8,0,0,0,0.962674,0.0369275,0.000398293
1,box,8,isSafe,1,1,0.0796111,59831,18,22.3319,13,11167,0,0.0322732,0.00249477,0,0,0,0,47,12,0.382979,0,0,0,0,0,0
1,box,8,qpFixed,1,1,0.0605109,28336,15,15.2547,21894,21894,0,0.00294466,0.00249477,0,0,0.000665311,0,5,5,3,0,0,0,1,0,0
1,box,8,qpPlain,1,1,0.200079,28336,15,15.2547,21894,21894,0,0.00294466,0.00249477,0,0,0.000665311,0,5,5,3,0,0,0,1,0,0
1,box,8,qpAdaptive,1,1,0.0588423,23029,16,15.255,18928,18928,0,0.00294464,0.00249477,0,0,0.000818689,0.0125928,5,5,3.2,0,0,0,0.987364,0.0124191,0.000217118
1,box,8,qpFreeGate,1,1,0.103581,60984,32,11.1284,15897,15897,0,0.00304575,0.00249477,0,0,0.000614101,0,104,24,0.307692,0,0,0,1,0,0
1,box,8,qpEnvelope,1,1,0.0591447,22772,15,15.2555,18803,18803,0,0.00294467,0.00249477,0,0,0.000827922,0.00834358,5,5,3,0,0,0,0.991656,0.00816793,0.000175654
1,box,15,isSafe,1,1,0.0557822,41743,13,11.6638,7,5833,0,0.0597971,0.00249477,0,0,0,0,34,9,0.382353,0,0,0,0,0,0
1,box,15,qpFixed,1,1,0.0588006,32030,16,14.3532,19591,19591,0,0.00297578,0.00249477,0,0,0.000641994,0,6,6,2.66667,0,0,0,1,0,0
1,box,15,qpPlain,1,1,0.21878,32030,16,14.3532,19591,19591,0,0.00297578,0.00249477,0,0,0.000641994,0,6,6,2.66667,0,0,0,1,0,0
1,box,15,qpAdaptive,1,1,0.0484183,20838,16,14.354,14049,14049,0,0.00297578,0.00249477,0,0,0.000986839,0.0615222,6,6,2.66667,0,0,0,0.938334,0.0613783,0.000287936
1,box,15,qpFreeGate,1,1,0.16435,97146,41,18.9497,25247,25247,0,0.00305267,0.00249477,0,0,0.000688467,0,94,34,0.43617,0,0,0,1,0,0
1,box,15,qpEnvelope,1,1,0.0464204,19822,16,14.3574,13749,13749,0,0.00297579,0.00249477,0,0,0.00103764,0.0196751,6,6,2.66667,0,0,0,0.980274,0.0194229,0.000302694
1,box,22,isSafe,1,1,0.105179,77069,22,12.4157,8,6209,0,0.00499892,0.00249477,0,0,0,0,108,18,0.203704,0,0,0,0,0,0
1,box,22,qpFixed,1,1,0.0762813,42339,18,13.9327,20398,20398,0,0.00293765,0.00249477,0,0,0.000618258,0,7,6,2.57143,0,0,0,1,0,0
1,box,22,qpPlain,1,1,0.286558,42339,18,13.9327,20398,20398,0,0.00293765,0.00249477,0,0,0.000618258,0,7,6,2.57143,0,0,0,1,0,0
1,box,22,qpAdaptive,1,1,0.0556033,23736,18,13.933,11598,11598,0,0.00293765,0.00249477,0,0,0.0011029,0.0557381,7,6,2.57143,0,0,0,0.94422,0.0553589,0.000421301
1,box,22,qpFreeGate,1,1,0.0621364,37547,18,13.4977,19635,19635,0,0.00304655,0.00249477,0,0,0.000643881,0,28,11,0.642857,0,0,0,1,0,0
1,box,22,qpEnvelope,1,1,0.0531805,22381,17,13.935,11436,11436,0,0.00293766,0.00249477,0,0,0.00116997,0.0318574,7,6,2.42857,0,0,0,0.968143,0.0314553,0.000402127
1,box,29,isSafe,1,1,0.157921,119907,33,26.0978,15,13050,0,0.00963265,0.00249477,0,0,0,0,148,29,0.222973,0,0,0,0,0,0
1,box,29,qpFixed,1,1,0.0466926,24651,12,7.91767,11947,11947,0,0.00296706,0.00249477,0,0,0.000648417,0,4,4,3,0,0,0,1,0,0
1,box,29,qpPlain,1,1,0.166733,24651,12,7.91767,11947,11947,0,0.00296706,0.00249477,0,0,0.000648417,0,4,4,3,0,0,0,1,0,0
1,box,29,qpAdaptive,1,1,0.038064,15992,12,7.9185,8737,8737,0,0.00295826,0.00249477,0,0,0.000999579,0.0571536,4,4,3,0,0,0,0.942846,0.0567784,0.000375188
1,box,29,qpFreeGate,1,1,0.099876,58458,29,17.4267,25836,25836,0,0.0030357,0.00249477,0,0,0.000633168,0,55,17,0.527273,0,0,0,1,0,0
1,box,29,qpEnvelope,1,1,0.0366003,15088,12,7.91986,8359,8359,0,0.00295967,0.00249477,0,0,0.00105969,0.0332715,4,4,3,0,0,0,0.966662,0.0329401,0.000397667
1,box,36,isSafe,1,1,0.156241,113367,31,13.7914,8,6897,0,0.00700452,0.00249477,0,0,0,0,112,27,0.276786,0,0,0,0,0,0
1,box,36,qpFixed,1,1,0.0417969,23925,10,8.30473,13195,13195,0,0.00294011,0.00249477,0,0,0.000577652,0,3,3,3.33333,0,0,0,1,0,0
1,box,36,qpPlain,1,1,0.160337,23925,10,8.30473,13195,13195,0,0.00294011,0.00249477,0,0,0.000577652,0,3,3,3.33333,0,0,0,1,0,0
1,box,36,qpAdaptive,1,1,0.0275847,11894,10,8.30513,7427,7427,0,0.00294012,0.00249477,0,0,0.00116201,0.0606188,3,3,3.33333,0,0,0,0.939297,0.0602825,0.00042038
1,box,36,qpFreeGate,1,1,0.152975,88692,37,11.9577,16350,16350,0,0.00302604,0.00249477,0,0,0.000651913,0,76,28,0.486842,0,0,0,1,0,0
1,box,36,qpEnvelope,1,1,0.026897,11380,10,8.30652,7363,7363,0,0.00294017,0.00249477,0,0,0.00121466,0.0485062,3,3,3.33333,0,0,0,0.951406,0.0481547,0.000439367
1,box,43,isSafe,1,1,0.0648831,48946,15,12.4329,8,6218,0,0.0538678,0.00249477,0,0,0,0,30,10,0.5,0,0,0,0,0,0
1,box,43,qpFixed,1,1,0.0136777,8984,5,5.24872,8985,8985,0,0.00294536,0.00249477,0,0,0.00058423,0,1,1,5,0,0,0,1,0,0
1,box,43,qpPlain,1,1,0.0583562,8984,5,5.24872,8985,8985,0,0.00294536,0.00249477,0,0,0.00058423,0,1,1,5,0,0,0,1,0,0
1,box,43,qpAdaptive,1,1,0.00378406,1546,5,5.24933,3794,3794,0,0.00294572,0.00249477,0,0,0.00339543,0.139715,1,1,5,0,0,0,0.860285,0.137775,0.00194049
1,box,43,qpFreeGate,1,1,0.0621254,36997,21,9.53456,14064,14064,0,0.00302617,0.00249477,0,0,0.000655822,0,18,11,1.16667,0,0,0,1,0,0
1,box,43,qpEnvelope,1,1,0.00333366,1378,5,5.2507,3673,3673,0,0.00294786,0.00249477,0,0,0.00381038,0.0754717,1,1,5,0,0,0,0.924528,0.0732946,0.00217707
1,box,50,isSafe,1,1,0.127094,96940,27,18.6808,11,9342,0,0.00309528,0.00249477,0,0,0,0,117,22,0.230769,0,0,0,0,0,0
1,box,50,qpFixed,1,1,0.0411335,23093,10,11.3308,18505,18505,0,0.00295698,0.00249477,0,0,0.000562614,0,3,3,3.33333,0,0,0,1,0,0
1,box,50,qpPlain,1,1,0.157036,23093,10,11.3308,18505,18505,0,0.00295698,0.00249477,0,0,0.000562614,0,3,3,3.33333,0,0,0,1,0,0
1,box,50,qpAdaptive,1,1,0.0275322,10641,10,11.3309,10954,10954,0,0.0029577,0.00249477,0,0,0.00122097,0.0369326,3,3,3.33333,0,0,0,0.963067,0.0363688,0.000563857
1,box,50,qpFreeGate,1,1,0.181432,110059,45,20.8268,29856,29856,0,0.0030203,0.00249477,0,0,0.000653728,0,116,36,0.387931,0,0,0,1,0,0
1,box,50,qpEnvelope,1,1,0.0265584,10253,10,11.3309,10760,10760,0,0.00295679,0.00249477,0,0,0.00126719,0.0158003,3,3,3.33333,0,0,0,0.9842,0.0151175,0.000682727
1,box,57,isSafe,1,1,0.0348105,24853,9,6.39608,5,3200,0,0.0791277,0.00249477,0,0,0,0,32,5,0.28125,0,0,0,0,0,0
1,box,57,qpFixed,1,1,0.0131982,8176,5,4.96175,8177,8177,0,0.00297647,0.00249477,0,0,0.000606868,0,1,1,5,0,0,0,1,0,0
1,box,57,qpPlain,1,1,0.0537223,8176,5,4.96175,8177,8177,0,0.00297647,0.00249477,0,0,0.000606868,0,1,1,5,0,0,0,1,0,0
1,box,57,qpAdaptive,1,1,0.00679538,3101,5,4.9632,4661,4661,0,0.00297588,0.00249477,0,0,0.00160051,0.0938407,1,1,5,0,0,0,0.906159,0.0931957,0.000644953
1,box,57,qpFreeGate,1,1,0.107315,62578,28,14.6964,21816,21816,0,0.00307468,0.00249477,0,0,0.00065601,0,64,21,0.4375,0,0,0,1,0,0
1,box,57,qpEnvelope,1,1,0.00679921,2980,5,4.96285,4599,4599,0,0.00297637,0.00249477,0,0,0.00166539,0.0439597,1,1,5,0,0,0,0.955705,0.0436242,0.000671141
1,box,64,isSafe,1,1,0.0526884,39905,12,11.9051,7,5954,0,0.0114725,0.00249477,0,0,0,0,44,9,0.272727,0,0,0,0,0,0
1,box,64,qpFixed,1,1,0.0477899,26841,11,12.1652,16619,16619,0,0.00297638,0.00249477,0,0,0.000596569,0,3,3,3.66667,0,0,0,1,0,0
1,box,64,qpPlain,1,1,0.180232,26841,11,12.1652,16619,16619,0,0.00297638,0.00249477,0,0,0.000596569,0,3,3,3.66667,0,0,0,1,0,0
1,box,64,qpAdaptive,1,1,0.0291481,12423,11,12.1658,8145,8145,0,0.00297638,0.00249477,0,0,0.00128901,0.0428238,3,3,3.66667,0,0,0,0.957176,0.0424213,0.000402479
1,box,64,qpFreeGate,1,1,0.0957152,54653,34,20.7605,27801,27801,0,0.0030633,0.00249477,0,0,0.000679598,0,46,17,0.73913,0,0,0,1,0,0
1,box,64,qpEnvelope,1,1,0.028685,12007,11,12.167,7982,7982,0,0.00297638,0.00249477,0,0,0.00133381,0.0174898,3,3,3.66667,0,0,0,0.98251,0.0170734,0.000416424
1,box,71,isSafe,1,1,0.106241,80075,23,16.334,10,8169,0,0.0785127,0.00249477,0,0,0,0,98,17,0.234694,0,0,0,0,0,0
1,box,71,qpFixed,1,1,0.206274,110206,41,22.1306,32031,32031,0,0.00300008,0.00249477,0,0,0.000576952,0,19,18,2.15789,0,0,0,1,0,0
1,box,71,qpPlain,1,1,0.758134,110206,41,22.1306,32031,32031,0,0.00300008,0.00249477,0,0,0.000576952,0,19,18,2.15789,0,0,0,1,0,0
1,box,71,qpAdaptive,1,1,0.199011,86712,41,22.1323,26953,26953,0,0.00300008,0.00249477,0,0,0.00073331,0.0253137,19,18,2.15789,0,0,0,0.974629,0.0252445,0.000126857
1,box,71,qpFreeGate,1,1,0.270959,158499,67,20.3126,28168,28168,0,0.00388723,0.00249477,0,0,0.00065738,0,194,55,0.345361,0,0,0,1,0,0
1,box,71,qpEnvelope,1,1,0.198432,85120,41,22.1418,26828,26828,0,0.00300008,0.00249477,0,0,0.000747224,0.014086,19,18,2.15789,0,0,0,0.985867,0.013992,0.000140977
1,box,78,isSafe,1,1,0.0358959,26799,9,7.60902,5,3806,0,0.0363082,0.00249477,0,0,0,0,17,6,0.529412,0,0,0,0,0,0
1,box,78,qpFixed,1,1,0.0134774,8332,5,5.37508,8333,8333,0,0.00298568,0.00249477,0,0,0.000645113,0,1,1,5,0,0,0,1,0,0
1,box,78,qpPlain,1,1,0.0549034,8332,5,5.37508,8333,8333,0,0.00298568,0.00249477,0,0,0.000645113,0,1,1,5,0,0,0,1,0,0
1,box,78,qpAdaptive,1,1,0.0074858,3143,5,5.37515,4853,4853,0,0.0029857,0.00249477,0,0,0.0017102,0.07986,1,1,5,0,0,0,0.92014,0.0792237,0.000636335
1,box,78,qpFreeGate,1,1,0.0278419,17644,9,10.5133,15466,15466,0,0.00305061,0.00249477,0,0,0.000664306,0,7,4,1.28571,0,0,0,1,0,0
1,box,78,qpEnvelope,1,1,0.00716513,2979,5,5.37525,4773,4773,0,0.00298568,0.00249477,0,0,0.00180438,0.0463243,1,1,5,0,0,0,0.953676,0.0456529,0.000671366
1,box,85,isSafe,1,1,0.0413895,31779,10,11.8828,7,5943,0,0.0180226,0.00249477,0,0,0,0,38,7,0.263158,0,0,0,0,0,0
1,box,85,qpFixed,1,1,0.044194,24437,11,8.12083,13721,13721,0,0.00295025,0.00249477,0,0,0.000620743,0,3,3,3.66667,0,0,0,1,0,0
1,box,85,qpPlain,1,1,0.165023,24437,11,8.12083,13721,13721,0,0.00295025,0.00249477,0,0,0.000620743,0,3,3,3.66667,0,0,0,1,0,0
1,box,85,qpAdaptive,1,1,0.0330976,13887,11,8.12022,8099,8099,0,0.00295026,0.00249477,0,0,0.00109231,0.0316843,3,3,3.66667,0,0,0,0.968316,0.0314683,0.000216029
1,box,85,qpFreeGate,1,1,0.0619814,36934,18,11.2809,15317,15317,0,0.00313026,0.00249477,0,0,0.00063665,0,33,12,0.545455,0,0,0,1,0,0
1,box,85,qpEnvelope,1,1,0.0325603,13430,11,8.1198,7905,7905,0,0.00294922,0.00249477,0,0,0.00112951,0.0256888,3,3,3.66667,0,0,0,0.974311,0.0254654,0.00022338
1,box,92,isSafe,1,1,0.23191,173948,47,12.0302,8,6017,0,0.017874,0.00249477,0,0,0,0,258,43,0.182171,0,0,0,0,0,0
1,box,92,qpFixed,1,1,0.125285,61313,24,16.8878,29737,29737,0,0.00293785,0.00249477,0,0,0.000541372,0,10,10,2.4,0,0,0,1,0,0
1,box,92,qpPlain,1,1,0.429389,61313,24,16.8878,29737,29737,0,0.00293785,0.00249477,0,0,0.000541372,0,10,10,2.4,0,0,0,1,0,0
1,box,92,qpAdaptive,1,1,0.120283,48729,24,16.889,23715,23715,0,0.00293789,0.00249477,0,0,0.000681212,0.0259599,10,10,2.4,0,0,0,0.973999,0.0258778,0.00012313
1,box,92,qpFreeGate,1,1,0.294764,170025,67,17.1245,25681,25681,0,0.00301106,0.00249477,0,0,0.000636608,0,224,59,0.299107,0,0,0,1,0,0
1,box,92,qpEnvelope,1,1,0.119404,47668,24,16.8924,23555,23555,0,0.00293773,0.00249477,0,0,0.000696442,0.0147478,10,10,2.4,0,0,0,0.98521,0.0146639,0.000125871
1,box,99,isSafe,1,1,0.0687018,51552,16,10.0666,7,5035,0,0.00654903,0.00249477,0,0,0,0,40,12,0.4,0,0,0,0,0,0
1,box,99,qpFixed,1,1,0.0156773,10845,6,7.36485,10846,10846,0,0.00297927,0.00249477,0,0,0.000679101,0,1,1,6,0,0,0,1,0,0
1,box,99,qpPlain,1,1,0.0697932,10845,6,7.36485,10846,10846,0,0.00297927,0.00249477,0,0,0.000679101,0,1,1,6,0,0,0,1,0,0
1,box,99,qpAdaptive,1,1,0.0024514,860,6,7.36495,4197,4197,0,0.00296781,0.00249477,0,0,0.0085639,0.352326,1,1,6,0,0,0,0.647674,0.347674,0.00465116
1,box,99,qpFreeGate,1,1,0.17814,105827,42,18.5721,27226,27226,0,0.00297314,0.00249477,0,0,0.000635582,0,137,35,0.306569,0,0,0,1,0,0
1,box,99,qpEnvelope,1,1,0.00190835,628,6,7.36535,4078,4078,0,0.00295557,0.00249477,0,0,0.0117283,0.213376,1,1,6,0,0,0,0.786624,0.207006,0.00636943
1,table_pick,6,isSafe,1,1,0.0536403,39158,12,7.54866,5,3776,0,0.000758503,0.00249477,0,0,0,0,33,8,0.363636,0,0,0,0,0,0
1,table_pick,6,qpFixed,1,1,0.107863,50758,20,12.4697,20225,20225,0,0.00287796,0.00249477,0,0,0.000567364,0,8,8,2.5,0,0,0,1,0,0
1,table_pick,6,qpPlain,1,1,0.362594,50758,20,12.4697,20225,20225,0,0.00287796,0.00249477,0,0,0.000567364,0,8,8,2.5,0,0,0,1,0,0
1,table_pick,6,qpAdaptive,1,1,0.102296,40130,20,12.4701,15648,15648,0,0.00287865,0.00249477,0,0,0.000717639,0.0397458,8,8,2.5,0,0,0,0.960254,0.0396212,0.000124595
1,table_pick,6,qpFreeGate,1,1,0.0726659,42699,17,9.59932,13410,13410,0,0.00426346,0.00249477,0,0,0.000597726,0,42,14,0.404762,0,0,0,1,0,0
1,table_pick,6,qpEnvelope,1,1,0.100336,38611,20,12.4716,15197,15197,0,0.00287877,0.00249477,0,0,0.000745925,0.0260289,8,8,2.5,0,0,0,0.973945,0.0259253,0.000129497
1,table_pick,13,isSafe,1,1,0.036003,28056,9,9.98158,6,4992,0,0.00190926,0.00249477,0,0,0,0,36,5,0.25,0,0,0,0,0,0
1,table_pick,13,qpFixed,1,1,0.0426145,25855,11,9.96396,15095,15095,0,0.00294536,0.00249477,0,0,0.000616041,0,2,2,5.5,0,0,0,1,0,0
1,table_pick,13,qpPlain,1,1,0.172228,25855,11,9.96396,15095,15095,0,0.00294536,0.00249477,0,0,0.000616041,0,2,2,5.5,0,0,0,1,0,0
1,table_pick,13,qpAdaptive,1,1,0.0252277,10258,11,9.96428,5823,5823,0,0.00294255,0.00249477,0,0,0.00155274,0.0522519,2,2,5.5,0,0,0,0.947748,0.0517645,0.000487424
1,table_pick,13,qpFreeGate,1,1,0.180912,110555,39,16.6574,23933,23933,0,0.00303404,0.00249477,0,0,0.000568584,0,144,32,0.270833,0,0,0,1,0,0
1,table_pick,13,qpEnvelope,1,1,0.0242123,9722,11,9.96508,5657,5657,0,0.00296174,0.00249477,0,0,0.00163846,0.0252006,2,2,5.5,0,0,0,0.974799,0.0246863,0.000514297
1,table_pick,20,isSafe,1,1,0.0395852,28373,10,4.09385,4,2048,0,0.00552253,0.00249477,0,0,0,0,20,6,0.5,0,0,0,0,0,0
1,table_pick,20,qpFixed,1,1,0.0112364,6880,5,5.22854,6881,6881,0,0.00435381,0.00249477,0,0,0.000759962,0,1,1,5,0,0,0,1,0,0
1,table_pick,20,qpPlain,1,1,0.0457115,6880,5,5.22854,6881,6881,0,0.00435381,0.00249477,0,0,0.000759962,0,1,1,5,0,0,0,1,0,0
1,table_pick,20,qpAdaptive,1,1,0.000927393,265,5,5.22858,2735,2735,0,0.00431397,0.00249477,0,0,0.0197305,0.871698,1,1,5,0,0,0,0.128302,0.860377,0.0113208
1,table_pick,20,qpFreeGate,1,1,0.0431956,25685,11,4.09385,7010,7010,0,0.00551889,0.00249477,0,0,0.000593159,0,20,7,0.55,0,0,0,1,0,0
1,table_pick,20,qpEnvelope,1,1,0.0006239,140,5,5.22864,2678,2678,0,0.00432867,0.00249477,0,0,0.0373474,1,1,1,5,0,0,0,0,0.978571,0.0214286
1,table_pick,27,isSafe,1,1,0.185545,139950,38,16.1372,10,8070,0,0.00226726,0.00249477,0,0,0,0,203,33,0.187192,0,0,0,0,0,0
1,table_pick,27,qpFixed,1,1,0.221807,127383,51,22.4378,30821,30821,0,0.000812726,0.00249477,0,0,0.00064262,0,24,21,2.125,0,0,0,1,0,0
1,table_pick,27,qpPlain,1,1,0.882065,127383,51,22.4378,30821,30821,0,0.000812726,0.00249477,0,0,0.00064262,0,24,21,2.125,0,0,0,1,0,0
1,table_pick,27,qpAdaptive,1,1,0.192897,84011,51,22.4384,20098,20098,0,0.000812909,0.00249477,0,0,0.000974397,0.0455417,24,21,2.125,0,0,0,0.954327,0.0453036,0.000368999
1,table_pick,27,qpFreeGate,1,1,0.492202,295606,106,25.6088,35758,35758,0,0.00312187,0.00249477,0,0,0.000552753,0,443,92,0.239278,0,0,0,1,0,0
1,table_pick,27,qpEnvelope,1,1,0.183275,80814,50,22.4405,19785,19785,0,0.000809188,0.00249477,0,0,0.00101311,0.0184127,24,21,2.08333,0,0,0,0.981488,0.0180786,0.000433093
1,table_pick,34,isSafe,1,1,0.0281424,22741,8,5.32249,4,2663,0,0.00178589,0.00249477,0,0,0,0,8,4,1,0,0,0,0,0,0
1,table_pick,34,qpFixed,1,1,0.014701,10974,6,6.49836,10975,10975,0,0.00297098,0.00249477,0,0,0.000592159,0,1,1,6,0,0,0,1,0,0
1,table_pick,34,qpPlain,1,1,0.0702496,10974,6,6.49836,10975,10975,0,0.00297098,0.00249477,0,0,0.000592159,0,1,1,6,0,0,0,1,0,0
1,table_pick,34,qpAdaptive,1,1,0.00335011,1230,6,6.49869,4106,4106,0,0.00297449,0.00249477,0,0,0.00528349,0.269919,1,1,6,0,0,0,0.730081,0.266667,0.00325203
1,table_pick,34,qpFreeGate,1,1,0.0391039,25163,11,9.46404,14092,14092,0,0.00490758,0.00249477,0,0,0.000618898,0,14,7,0.785714,0,0,0,1,0,0
1,table_pick,34,qpEnvelope,1,1,0.0029409,996,6,6.49933,3933,3933,0,0.00297023,0.00249477,0,0,0.00652543,0.279116,1,1,6,0,0,0,0.720884,0.2751,0.00401606
1,table_pick,41,isSafe,1,1,0.072088,54296,17,14.7618,9,7382,0,0.00102254,0.00249477,0,0,0,0,65,12,0.261538,0,0,0,0,0,0
1,table_pick,41,qpFixed,1,1,0.0909516,45651,17,19.5807,28521,28521,0,0.00295537,0.00249477,0,0,0.000588279,0,7,7,2.42857,0,0,0,1,0,0
1,table_pick,41,qpPlain,1,1,0.321117,45651,17,19.5807,28521,28521,0,0.00295537,0.00249477,0,0,0.000588279,0,7,7,2.42857,0,0,0,1,0,0
1,table_pick,41,qpAdaptive,1,1,0.0896876,37909,17,19.5814,24905,24905,0,0.00295526,0.00249477,0,0,0.000708479,0.045873,7,7,2.42857,0,0,0,0.954101,0.0458466,5.27579e-05
1,table_pick,41,qpFreeGate,1,1,0.109859,67124,26,20.084,27257,27257,0,0.00305002,0.00249477,0,0,0.000607087,0,91,21,0.285714,0,0,0,1,0,0
1,table_pick,41,qpEnvelope,1,1,0.0863158,35743,17,19.5823,23726,23726,0,0.00295995,0.00249477,0,0,0.00075157,0.0147162,7,7,2.42857,0,0,0,0.985256,0.0146602,8.39325e-05
1,table_pick,48,isSafe,1,1,0.0442188,31353,10,11.6526,7,5828,0,0.0013406,0.00249477,0,0,0,0,20,6,0.5,0,0,0,0,0,0
1,table_pick,48,qpFixed,1,1,0.0170926,12566,6,7.69072,12567,12567,0,0.00293971,0.00249477,0,0,0.000612026,0,1,1,6,0,0,0,1,0,0
1,table_pick,48,qpPlain,1,1,0.0806203,12566,6,7.69072,12567,12567,0,0.00293971,0.00249477,0,0,0.000612026,0,1,1,6,0,0,0,1,0,0
1,table_pick,48,qpAdaptive,1,1,0.00501388,2015,6,7.69077,5187,5187,0,0.00294077,0.00249477,0,0,0.00381676,0.232754,1,1,6,0,0,0,0.767246,0.230769,0.00198511
1,table_pick,48,qpFreeGate,1,1,0.219065,134692,42,12.7157,18385,18385,0,0.00615771,0.00249477,0,0,0.000579517,0,148,38,0.283784,0,0,0,1,0,0
1,table_pick,48,qpEnvelope,1,1,0.00450208,1676,6,7.69096,4946,4946,0,0.00294163,0.00249477,0,0,0.00458888,0.223747,1,1,6,0,0,0,0.776253,0.22136,0.00238663
1,table_pick,55,isSafe,1,1,0.034434,27683,9,9.81159,6,4907,0,0.000881681,0.00249477,0,0,0,0,28,5,0.321429,0,0,0,0,0,0
1,table_pick,55,qpFixed,1,1,0.0164048,12566,6,7.58218,12567,12567,0,0.00294072,0.00249477,0,0,0.000603388,0,1,1,6,0,0,0,1,0,0
1,table_pick,55,qpPlain,1,1,0.0786661,12566,6,7.58218,12567,12567,0,0.00294072,0.00249477,0,0,0.000603388,0,1,1,6,0,0,0,1,0,0
1,table_pick,55,qpAdaptive,1,1,0.0032558,1257,6,7.58218,4642,4642,0,0.00293617,0.00249477,0,0,0.00603196,0.202864,1,1,6,0,0,0,0.797136,0.199682,0.00318218
1,table_pick,55,qpFreeGate,1,1,0.0828714,51992,24,14.9904,23239,23239,0,0.00299408,0.00249477,0,0,0.000588059,0,42,13,0.571429,0,0,0,1,0,0
1,table_pick,55,qpEnvelope,1,1,0.00265401,1051,6,7.5822,4513,4513,0,0.0029364,0.00249477,0,0,0.00721427,0.118934,1,1,6,0,0,0,0.881066,0.115128,0.0038059
1,table_pick,62,isSafe,1,1,0.0426917,31330,10,9.32484,6,4664,0,0.00148089,0.00249477,0,0,0,0,14,6,0.714286,0,0,0,0,0,0
1,table_pick,62,qpFixed,1,1,0.02718,18361,9,8.81077,14147,14147,0,0.00295636,0.00249477,0,0,0.000622337,0,2,2,4.5,0,0,0,1,0,0
1,table_pick,62,qpPlain,1,1,0.11939,18361,9,8.81077,14147,14147,0,0.00295636,0.00249477,0,0,0.000622337,0,2,2,4.5,0,0,0,1,0,0
1,table_pick,62,qpAdaptive,1,1,0.0039576,1509,9,8.81238,5474,5474,0,0.00296078,0.00249477,0,0,0.00757327,0.265739,2,2,4.5,0,0,0,0.734261,0.2611,0.00463883
1,table_pick,62,qpFreeGate,1,1,0.0657159,40875,16,14.5595,19570,19570,0,0.00379883,0.00249477,0,0,0.000626911,0,32,12,0.5,0,0,0,1,0,0
1,table_pick,62,qpEnvelope,1,1,0.00341362,1239,9,8.81314,5317,5317,0,0.00295854,0.00249477,0,0,0.00922437,0.213075,2,2,4.5,0,0,0,0.786925,0.207425,0.00564972
1,table_pick,69,isSafe,1,1,0.0606218,46126,14,13.011,8,6507,2,-1.66399e-05,0.00249477,0,0,0,0,38,10,0.368421,0,0,0,0,0,0
1,table_pick,69,qpFixed,1,1,0.0190323,15246,7,8.5084,15247,15247,0,0.00293282,0.00249477,0,0,0.000558074,0,1,1,7,0,0,0,1,0,0
1,table_pick,69,qpPlain,1,1,0.0960705,15246,7,8.5084,15247,15247,0,0.00293282,0.00249477,0,0,0.000558074,0,1,1,7,0,0,0,1,0,0
1,table_pick,69,qpAdaptive,1,1,0.00215493,835,7,8.5084,4831,4831,0,0.00292793,0.00249477,0,0,0.0101897,0.241916,1,1,7,0,0,0,0.758084,0.235928,0.00598802
1,table_pick,69,qpFreeGate,1,1,0.148939,92312,36,20.5097,30292,30292,0,0.00304514,0.00249477,0,0,0.00062232,0,73,26,0.493151,0,0,0,1,0,0
1,table_pick,69,qpEnvelope,1,1,0.0017924,661,7,8.50844,4723,4723,0,0.00292913,0.00249477,0,0,0.0128721,0.0937973,1,1,7,0,0,0,0.906203,0.086233,0.0075643
1,table_pick,76,isSafe,1,1,0.0218213,17165,7,8.57213,6,4288,0,0.00246201,0.00249477,0,0,0,0,2,2,3.5,0,0,0,0,0,0
1,table_pick,76,qpFixed,1,1,0.0162658,13076,7,8.07211,13077,13077,0,0.00305315,0.00249477,0,0,0.000617323,0,1,1,7,0,0,0,1,0,0
1,table_pick,76,qpPlain,1,1,0.0825504,13076,7,8.07211,13077,13077,0,0.00305315,0.00249477,0,0,0.000617323,0,1,1,7,0,0,0,1,0,0
1,table_pick,76,qpAdaptive,1,1,0.000887449,274,7,8.07212,4206,4206,0,0.00306919,0.00249477,0,0,0.0294603,0.536496,1,1,7,0,0,0,0.463504,0.518248,0.0182482
1,table_pick,76,qpFreeGate,1,1,0.0341685,20646,10,11.1445,15004,15004,0,0.00338987,0.00249477,0,0,0.000676796,0,10,6,1,0,0,0,1,0,0
1,table_pick,76,qpEnvelope,1,1,0.000710329,171,7,8.07213,4142,4142,0,0.00305271,0.00249477,0,0,0.0472055,0.48538,1,1,7,0,0,0,0.51462,0.45614,0.0292398
1,table_pick,83,isSafe,1,1,0.0478994,36444,12,10.1811,7,5092,0,5.42699e-05,0.00249477,0,0,0,0,35,6,0.342857,0,0,0,0,0,0
1,table_pick,83,qpFixed,1,1,0.0185094,13220,7,8.20891,13221,13221,0,0.00289892,0.00249477,0,0,0.000620946,0,1,1,7,0,0,0,1,0,0
1,table_pick,83,qpPlain,1,1,0.0849643,13220,7,8.20891,13221,13221,0,0.00289892,0.00249477,0,0,0.000620946,0,1,1,7,0,0,0,1,0,0
1,table_pick,83,qpAdaptive,1,1,0.00639969,2844,7,8.20896,6035,6035,0,0.0029048,0.00249477,0,0,0.00288641,0.174402,1,1,7,0,0,0,0.825598,0.172996,0.00140647
1,table_pick,83,qpFreeGate,1,1,0.0822837,50306,20,12.9297,17421,17421,0,0.00307089,0.00249477,0,0,0.000591503,0,58,16,0.344828,0,0,0,1,0,0
1,table_pick,83,qpEnvelope,1,1,0.00566504,2410,7,8.20919,5799,5799,0,0.00290621,0.00249477,0,0,0.0034063,0.0738589,1,1,7,0,0,0,0.926141,0.0721992,0.00165975
1,table_pick,90,isSafe,1,1,0.0139312,10302,5,5.14888,4,2576,2,-6.19853e-06,0.00249477,0,0,0,0,1,1,5,0,0,0,0,0,0
1,table_pick,90,qpFixed,1,1,0.00888335,6821,5,5.15902,6822,6822,0,0.00305475,0.00249477,0,0,0.000756344,0,1,1,5,0,0,0,1,0,0
1,table_pick,90,qpPlain,1,1,0.0442346,6821,5,5.15902,6822,6822,0,0.00305475,0.00249477,0,0,0.000756344,0,1,1,5,0,0,0,1,0,0
1,table_pick,90,qpAdaptive,1,1,0.00166642,592,5,5.15903,2908,2908,0,0.00305442,0.00249477,0,0,0.00871457,0.569257,1,1,5,0,0,0,0.430743,0.564189,0.00506757
1,table_pick,90,qpFreeGate,1,1,0.230897,141071,49,20.8977,31714,31714,0,0.00308126,0.00249477,0,0,0.000581564,0,165,42,0.29697,0,0,0,1,0,0
1,table_pick,90,qpEnvelope,1,1,0.00114495,323,5,5.15904,2760,2760,0,0.00305345,0.00249477,0,0,0.0159723,0.557276,1,1,5,0,0,0,0.442724,0.547988,0.00928793
1,table_pick,97,isSafe,1,1,0.0277403,20749,8,10.3655,7,5184,0,0.00318952,0.00249477,0,0,0,0,6,2,1.33333,0,0,0,0,0,0
1,table_pick,97,qpFixed,1,1,0.0192959,13520,7,9.16706,13521,13521,0,0.00294586,0.00249477,0,0,0.000678037,0,1,1,7,0,0,0,1,0,0
1,table_pick,97,qpPlain,1,1,0.08844,13520,7,9.16706,13521,13521,0,0.00294586,0.00249477,0,0,0.000678037,0,1,1,7,0,0,0,1,0,0
1,table_pick,97,qpAdaptive,1,1,0.00491204,1841,7,9.16713,5783,5783,0,0.00294495,0.00249477,0,0,0.00497943,0.223248,1,1,7,0,0,0,0.776752,0.220532,0.00271592
1,table_pick,97,qpFreeGate,1,1,0.0278993,16705,8,10.6128,15961,15961,0,0.00313789,0.00249477,0,0,0.000638454,0,6,3,1.33333,0,0,0,1,0,0
1,table_pick,97,qpEnvelope,1,1,0.0041685,1480,7,9.16734,5566,5566,0,0.00294173,0.00249477,0,0,0.00619415,0.178378,1,1,7,0,0,0,0.821622,0.175,0.00337838
1,cage,4,isSafe,1,0,10.0013,7337860,3047,0,0,0,0,inf,inf,0,0,0,0,28615,3045,0.106483,0,0,0,0,0,0
1,cage,4,qpFixed,1,1,0.605363,282377,89,19.73,29161,29161,0,0.00293641,0.00249477,0,0,0.000524329,0,56,44,1.58929,0,0,0,1,0,0
1,cage,4,qpPlain,1,1,2.03042,282377,89,19.73,29161,29161,0,0.00293641,0.00249477,0,0,0.000524329,0,56,44,1.58929,0,0,0,1,0,0
1,cage,4,qpAdaptive,1,1,0.60376,240394,89,19.7307,19245,19245,0,0.00293641,0.00249477,0,0,0.000615916,0.0145636,56,44,1.58929,0,0,0,0.98542,0.0145095,7.07172e-05
1,cage,4,qpFreeGate,1,1,1.03844,630742,243,24.3892,34915,34915,0,0.00302713,0.00249477,0,0,0.000619239,0,1070,227,0.227103,0,0,0,1,0,0
1,cage,4,qpEnvelope,1,1,0.604062,237230,89,19.735,18834,18834,0,0.00293641,0.00249477,0,0,0.00062418,0.00893226,56,44,1.58929,0,0,0,0.991055,0.00887746,6.74451e-05
1,cage,11,isSafe,1,1,3.82065,2864344,1015,27.1447,17,13574,0,0.00077172,0.00249477,0,0,0,0,10207,1012,0.0994416,0,0,0,0,0,0
1,cage,11,qpFixed,1,1,0.784057,354402,95,13.9268,21455,21455,0,0.00294658,0.00249477,0,0,0.000490941,0,74,55,1.28378,0,0,0,1,0,0
1,cage,11,qpPlain,1,1,2.55722,355317,95,13.9268,21455,21455,0,0.00294658,0.00249477,0,0,0.000490371,0,74,55,1.28378,0,0,0,1,0,0
1,cage,11,qpAdaptive,1,1,0.765962,294426,95,13.9266,17671,17671,0,0.00294591,0.00249477,0,0,0.000591801,0.00981231,74,55,1.28378,0,0,0,0.990181,0.00974099,7.81181e-05
1,cage,11,qpFreeGate,1,1,8.50964,5089388,2140,26.8479,37564,37564,0,0.00300402,0.00249477,0,18,0.000561824,0,14314,2101,0.149504,0,0,0,1,0,0
1,cage,11,qpEnvelope,1,1,0.762905,291902,95,13.9273,17193,17193,0,0.00294216,0.00249477,0,0,0.000596943,0.00565601,74,55,1.28378,0,0,0,0.994341,0.00557721,8.22194e-05
1,cage,18,isSafe,1,1,1.85939,1396864,438,19.6403,11,9822,0,0.00807834,0.00249477,0,0,0,0,3650,435,0.12,0,0,0,0,0,0
1,cage,18,qpFixed,1,1,0.334196,163915,60,10.5364,17824,17824,0,0.00293696,0.00249477,0,0,0.000540136,0,30,27,2,0,0,0,1,0,0
1,cage,18,qpPlain,1,1,1.15629,163915,60,10.5364,17824,17824,0,0.00293696,0.00249477,0,0,0.000540136,0,30,27,2,0,0,0,1,0,0
1,cage,18,qpAdaptive,1,1,0.313945,126568,60,10.5368,12346,12346,0,0.00293696,0.00249477,0,0,0.000699561,0.0222568,30,27,2,0,0,0,0.977712,0.0221699,0.000118513
1,cage,18,qpFreeGate,1,1,3.54577,2121797,837,18.5973,25624,25624,0,0.00302542,0.0010671,0,8,0.000591007,0,4715,809,0.177519,0,0,0,1,0,0
1,cage,18,qpEnvelope,1,1,0.0716908,29331,19,12.8458,11578,11578,0,0.00294694,0.00249477,0,0,0.000940806,0.0118987,7,7,2.71429,0,0,0,0.988101,0.0117623,0.000136374
1,cage,25,isSafe,1,1,5.06934,3711352,1337,28.3628,16,14183,0,2.05809e-05,0.00249477,0,0,0,0,12644,1334,0.105742,0,0,0,0,0,0
1,cage,25,qpFixed,1,1,0.265925,135447,35,17.6958,30298,30298,0,0.00293808,0.00249477,0,0,0.0004685,0,24,19,1.45833,0,0,0,1,0,0
1,cage,25,qpPlain,1,1,0.936918,135447,35,17.6958,30298,30298,0,0.00293808,0.00249477,0,0,0.0004685,0,24,19,1.45833,0,0,0,1,0,0
1,cage,25,qpAdaptive,1,1,0.226562,91653,35,17.6974,20068,20068,0,0.00293807,0.00249477,0,0,0.000692408,0.0189192,24,19,1.45833,0,0,0,0.981081,0.0187773,0.000141839
1,cage,25,qpFreeGate,1,1,4.27658,2599706,1084,29.8653,43398,43398,0,0.00300823,0.00249477,0,13,0.000595829,0,6779,1070,0.159906,0,0,0,1,0,0
1,cage,25,qpEnvelope,1,1,0.223205,90294,35,17.7091,19724,19724,0,0.00293806,0.00249477,0,0,0.000703077,0.0106319,24,19,1.45833,0,0,0,0.989368,0.010488,0.000143974
1,cage,32,isSafe,1,0,10.0001,7423597,3131,0,0,0,0,inf,inf,0,0,0,0,30037,3129,0.104238,0,0,0,0,0,0
1,cage,32,qpFixed,1,1,0.254772,122924,39,17.5313,30035,30035,0,0.00286545,0.00249477,0,0,0.000505056,0,23,17,1.69565,0,0,0,1,0,0
1,cage,32,qpPlain,1,1,0.857088,122924,39,17.5313,30035,30035,0,0.00286545,0.00249477,0,0,0.000505056,0,23,17,1.69565,0,0,0,1,0,0
1,cage,32,qpAdaptive,1,1,0.24722,100935,39,17.5322,20067,20067,0,0.00288018,0.00249477,0,0,0.0006151,0.0147025,23,17,1.69565,0,0,0,0.985297,0.0146332,6.93516e-05
1,cage,32,qpFreeGate,1,1,8.22661,4920562,2073,22.463,31922,31922,0,0.00301832,0.00249477,0,14,0.000570929,0,12879,2026,0.16096,0,0,0,1,0,0
1,cage,32,qpEnvelope,1,1,0.246028,99570,39,17.533,19653,19653,0,0.00286799,0.00249477,0,0,0.000623557,0.0119614,23,17,1.69565,0,0,0,0.988039,0.0118911,7.03023e-05
1,cage,39,isSafe,1,1,6.43204,4762379,1839,23.3707,14,11687,0,0.0157475,0.00249477,0,0,0,0,17252,1835,0.106596,0,0,0,0,0,0
1,cage,39,qpFixed,1,1,0.242828,119531,39,19.7263,31253,31253,0,0.0029494,0.00249477,0,0,0.000518001,0,25,19,1.56,0,0,0,1,0,0
1,cage,39,qpPlain,1,1,0.900517,119531,39,19.7263,31253,31253,0,0.0029494,0.00249477,0,0,0.000518001,0,25,19,1.56,0,0,0,1,0,0
1,cage,39,qpAdaptive,1,1,0.244432,101196,39,19.7282,26330,26330,0,0.00294853,0.00249477,0,0,0.000611883,0.0193486,25,19,1.56,0,0,0,0.980622,0.0192597,0.000118582
1,cage,39,qpFreeGate,1,1,1.50314,904262,320,34.9352,49426,49426,0,0.00296124,0.00249477,0,0,0.000593307,0,1623,303,0.197166,0,0,0,1,0,0
1,cage,39,qpEnvelope,1,1,0.240474,100229,39,19.7315,26149,26149,0,0.00294505,0.00249477,0,0,0.000617842,0.00701394,25,19,1.56,0,0,0,0.992986,0.00689421,0.000119726
1,cage,46,isSafe,1,1,3.61052,2739398,918,20.409,12,10206,0,0.00722948,0.00249477,0,0,0,0,8144,914,0.112721,0,0,0,0,0,0
1,cage,46,qpFixed,1,1,0.16332,79894,34,20.7266,28784,28784,0,0.00294,0.00249477,0,0,0.000604663,0,14,13,2.42857,0,0,0,1,0,0
1,cage,46,qpPlain,1,1,0.595202,79894,34,20.7266,28784,28784,0,0.00294,0.00249477,0,0,0.000604663,0,14,13,2.42857,0,0,0,1,0,0
1,cage,46,qpAdaptive,1,1,0.155156,61651,34,20.7273,22353,22353,0,0.00294015,0.00249477,0,0,0.000783597,0.0248171,14,13,2.42857,0,0,0,0.97515,0.0247685,8.11017e-05
1,cage,46,qpFreeGate,1,1,1.07873,642425,235,22.0388,31981,31981,0,0.0030301,0.00249477,0,0,0.000614308,0,1026,218,0.229045,0,0,0,1,0,0
1,cage,46,qpEnvelope,1,1,0.150925,60065,33,20.7292,21767,21767,0,0.0029399,0.00249477,0,0,0.000804364,0.0114709,14,13,2.35714,0,0,0,0.988496,0.011421,8.32432e-05
1,cage,53,isSafe,1,1,8.65657,6443437,2606,14.8137,10,7408,0,0.00213954,0.00249477,0,0,0,0,23746,2602,0.109745,0,0,0,0,0,0
1,cage,53,qpFixed,1,1,0.718572,333615,89,21.3022,35520,35520,0,0.0029664,0.00249477,0,0,0.000462508,0,73,48,1.21918,0,0,0,1,0,0
1,cage,53,qpPlain,1,1,2.56044,333615,89,21.3022,35520,35520,0,0.0029664,0.00249477,0,0,0.000462508,0,73,48,1.21918,0,0,0,1,0,0
1,cage,53,qpAdaptive,1,1,0.728974,291071,89,21.3044,28877,28877,0,0.00296622,0.00249477,0,0,0.00052995,0.0141924,73,48,1.21918,0,0,0,0.985808,0.0141546,3.77915e-05
1,cage,53,qpFreeGate,1,1,1.06167,637187,247,28.723,45787,45787,0,0.00302033,0.00249477,0,0,0.000606322,0,1044,222,0.23659,0,0,0,1,0,0
1,cage,53,qpEnvelope,1,1,0.717996,287827,89,21.3055,28268,28268,0,0.00296579,0.00249477,0,0,0.000536143,0.00942233,73,48,1.21918,0,0,0,0.990578,0.00938411,3.82174e-05
1,cage,60,isSafe,1,1,4.88815,3683760,1332,17.5816,11,8792,0,0.00272814,0.00249477,0,0,0,0,11957,1328,0.111399,0,0,0,0,0,0
1,cage,60,qpFixed,1,1,0.0997141,47520,17,14.2715,21224,21224,0,0.00285139,0.00249477,0,0,0.000558439,0,8,8,2.125,0,0,0,1,0,0
1,cage,60,qpPlain,1,1,0.334136,47520,17,14.2715,21224,21224,0,0.00285139,0.00249477,0,0,0.000558439,0,8,8,2.125,0,0,0,1,0,0
1,cage,60,qpAdaptive,1,1,0.0798598,30506,17,14.2729,15178,15178,0,0.00285157,0.00249477,0,0,0.000869965,0.0178653,8,8,2.125,0,0,0,0.982135,0.0177014,0.000163902
1,cage,60,qpFreeGate,1,1,5.91692,3594205,1571,19.5112,27766,27766,0,0.00310823,0.00107449,0,10,0.000593616,0,9842,1551,0.159622,0,0,0,1,0,0
1,cage,60,qpEnvelope,1,1,0.0796407,30118,17,14.2738,15040,15040,0,0.00285163,0.00249477,0,0,0.000881246,0.0136463,8,8,2.125,0,0,0,0.986354,0.0134803,0.000166014
1,cage,67,isSafe,1,1,3.8959,2972328,1059,14.3869,9,7195,0,0.00965664,0.00249477,0,0,0,0,10426,1056,0.101573,0,0,0,0,0,0
1,cage,67,qpFixed,1,1,0.490407,226424,66,29.7768,48018,48018,0,0.00295099,0.00249477,0,0,0.000482659,0,47,35,1.40426,0,0,0,1,0,0
1,cage,67,qpPlain,1,1,1.64695,226424,66,29.7768,48018,48018,0,0.00295099,0.00249477,0,0,0.000482659,0,47,35,1.40426,0,0,0,1,0,0
1,cage,67,qpAdaptive,1,1,0.503447,201562,67,29.7775,38270,38270,0,0.00295094,0.00249477,0,0,0.000542209,0.0091039,47,35,1.42553,0,0,0,0.990886,0.00906421,4.96125e-05
1,cage,67,qpFreeGate,1,1,8.90422,5356659,2362,23.0515,33220,33220,0,0.0030188,0.00249477,0,16,0.000570109,0,15481,2332,0.152574,0,0,0,1,0,0
1,cage,67,qpEnvelope,1,1,0.503924,200203,66,29.7784,37865,37865,0,0.00295369,0.00249477,0,0,0.000545934,0.00527465,47,35,1.40426,0,0,0,0.994725,0.00522969,4.49544e-05
1,cage,74,isSafe,1,1,9.33311,7088699,2939,35.8951,22,17949,0,0.00211111,0.00249477,0,0,0,0,28237,2935,0.104083,0,0,0,0,0,0
1,cage,74,qpFixed,1,1,0.100946,53746,18,13.2276,23485,23485,0,0.00248194,0.00249477,0,0,0.000497615,0,7,7,2.57143,0,0,0,1,0,0
1,cage,74,qpPlain,1,1,0.369854,53746,18,13.2276,23485,23485,0,0.00248194,0.00249477,0,0,0.000497615,0,7,7,2.57143,0,0,0,1,0,0
1,cage,74,qpAdaptive,1,1,0.0806096,31745,18,13.2285,12176,12176,0,0.00252783,0.00249477,0,0,0.000842535,0.0234053,7,7,2.57143,0,0,0,0.976595,0.0231848,0.000220507
1,cage,74,qpFreeGate,1,1,0.728781,445572,177,24.2153,36455,36455,0,0.00301245,0.00249477,0,0,0.000627803,0,796,167,0.222362,0,0,0,1,0,0
1,cage,74,qpEnvelope,1,1,0.0794931,31202,18,13.229,11970,11970,0,0.00244711,0.00249477,0,0,0.000857326,0.00993526,7,7,2.57143,0,0,0,0.990065,0.00971092,0.000224345
1,cage,81,isSafe,1,1,0.369515,274727,72,23.8325,13,11918,0,0.0104686,0.00249477,0,0,0,0,464,69,0.155172,0,0,0,0,0,0
1,cage,81,qpFixed,1,1,0.0233651,13365,7,8.3035,13366,13366,0,0.00217041,0.00249477,0,0,0.000621287,0,1,1,7,0,0,0,1,0,0
1,cage,81,qpPlain,1,1,0.0907834,13365,7,8.3035,13366,13366,0,0.00217041,0.00249477,0,0,0.000621287,0,1,1,7,0,0,0,1,0,0
1,cage,81,qpAdaptive,1,1,0.0134986,5314,7,8.30315,8099,8099,0,0.00216663,0.00249477,0,0,0.0015625,0.042341,1,1,7,0,0,0,0.957659,0.0417764,0.000564546
1,cage,81,qpFreeGate,1,1,0.323508,195809,81,13.3821,18713,18713,0,0.0030377,0.00249477,0,0,0.000677554,0,342,75,0.236842,0,0,0,1,0,0
1,cage,81,qpEnvelope,1,1,0.0127355,4994,7,8.30368,7839,7839,0,0.00216968,0.00249477,0,0,0.00166273,0.0354425,1,1,7,0,0,0,0.964557,0.0348418,0.000600721
1,cage,88,isSafe,1,1,2.50584,1912316,615,30.3745,17,15189,0,0.00302219,0.00249477,0,0,0,0,6005,610,0.102415,0,0,0,0,0,0
1,cage,88,qpFixed,1,1,1.57383,736196,164,32.9723,53400,53400,0,0.00294189,0.00249477,0,0,0.000453155,0,165,98,0.993939,0,0,0,1,0,0
1,cage,88,qpPlain,1,1,5.32984,736196,164,32.9723,53400,53400,0,0.00294189,0.00249477,0,0,0.000453155,0,165,98,0.993939,0,0,0,1,0,0
1,cage,88,qpAdaptive,1,1,1.57465,625531,164,32.9738,39597,39597,0,0.00294369,0.00249477,0,0,0.000533346,0.0115949,165,98,0.993939,0,0,0,0.988394,0.0115358,7.03402e-05
1,cage,88,qpFreeGate,1,1,2.41507,1439099,521,36.1944,52267,52267,0,0.00299131,0.00249477,0,4,0.000587395,0,2941,496,0.177151,0,0,0,1,0,0
1,cage,88,qpEnvelope,1,1,1.57266,619369,164,32.9754,38816,38816,0,0.00294605,0.00249477,0,0,0.000538703,0.00742691,165,98,0.993939,0,0,0,0.992563,0.00736556,7.104e-05
1,cage,95,isSafe,1,1,3.16825,2411470,806,11.8648,8,5934,0,0.0068225,0.00249477,0,0,0,0,6619,802,0.121771,0,0,0,0,0,0
1,cage,95,qpFixed,1,1,0.109682,51782,19,13.2494,22148,22148,0,0.00234747,0.00249477,0,0,0.000530296,0,9,8,2.11111,0,0,0,1,0,0
1,cage,95,qpPlain,1,1,0.373615,51782,19,13.2494,22148,22148,0,0.00234747,0.00249477,0,0,0.000530296,0,9,8,2.11111,0,0,0,1,0,0
1,cage,95,qpAdaptive,1,1,0.10316,39740,19,13.2495,17093,17093,0,0.00234748,0.00249477,0,0,0.000691022,0.0173125,9,8,2.11111,0,0,0,0.982662,0.0172119,0.000125818
1,cage,95,qpFreeGate,1,1,9.77002,5823811,2506,25.3315,35102,35102,0,0.00301356,0.0010698,0,17,0.000573147,0,15613,2464,0.160507,0,0,0,1,0,0
1,cage,95,qpEnvelope,1,1,0.102037,39035,19,13.2499,16764,16764,0,0.00234297,0.00249477,0,0,0.000703638,0.013014,9,8,2.11111,0,0,0,0.986986,0.0128859,0.00012809
1,bookshelf_tall,6,isSafe,1,0,10.0015,7277172,2951,0,0,0,0,inf,inf,0,0,0,0,25589,2949,0.115323,0,0,0,0,0,0
1,bookshelf_tall,6,qpFixed,1,0,10.0044,5637494,705,0,0,0,0,inf,inf,0,0,0.000329535,0,1135,615,0.621145,0,0,0,1,0,0
1,bookshelf_tall,6,qpPlain,1,0,10.0346,1386775,216,0,0,0,0,inf,inf,0,0,0.0003673,0,241,165,0.896266,0,0,0,1,0,0
1,bookshelf_tall,6,qpAdaptive,1,0,10.0111,4846563,664,0,0,0,0,inf,inf,0,0,0.00035899,0.0039692,1047,576,0.634193,0,0,0,0.99603,0.00394197,2.84738e-05
1,bookshelf_tall,6,qpFreeGate,1,0,10.0014,5990993,2621,0,0,0,0,inf,inf,0,0,0.000569767,0,15481,2619,0.169304,0,0,0,1,0,0
1,bookshelf_tall,6,qpEnvelope,1,0,10.0006,4824261,662,0,0,0,0,inf,inf,0,0,0.000360169,0.000671398,1044,574,0.6341,0,0,0,0.999329,0.000642793,2.86054e-05
1,bookshelf_tall,13,isSafe,0,0,0,0,0,0,0,0,0,inf,inf,0,0,0,0,0,0,0,0,0,0,0,0,0
1,bookshelf_tall,13,qpFixed,0,0,0,0,0,0,0,0,0,inf,inf,0,0,0,0,0,0,0,0,0,0,0,0,0
1,bookshelf_tall,13,qpPlain,0,0,0,0,0,0,0,0,0,inf,inf,0,0,0,0,0,0,0,0,0,0,0,0,0
1,bookshelf_tall,13,qpAdaptive,0,0,0,0,0,0,0,0,0,inf,inf,0,0,0,0,0,0,0,0,0,0,0,0,0
1,bookshelf_tall,13,qpFreeGate,0,0,0,0,0,0,0,0,0,inf,inf,0,0,0,0,0,0,0,0,0,0,0,0,0
1,bookshelf_tall,13,qpEnvelope,0,0,0,0,0,0,0,0,0,inf,inf,0,0,0,0,0,0,0,0,0,0,0,0,0
1,bookshelf_tall,21,isSafe,0,0,0,0,0,0,0,0,0,inf,inf,0,0,0,0,0,0,0,0,0,0,0,0,0
1,bookshelf_tall,21,qpFixed,0,0,0,0,0,0,0,0,0,inf,inf,0,0,0,0,0,0,0,0,0,0,0,0,0
1,bookshelf_tall,21,qpPlain,0,0,0,0,0,0,0,0,0,inf,inf,0,0,0,0,0,0,0,0,0,0,0,0,0
1,bookshelf_tall,21,qpAdaptive,0,0,0,0,0,0,0,0,0,inf,inf,0,0,0,0,0,0,0,0,0,0,0,0,0
1,bookshelf_tall,21,qpFreeGate,0,0,0,0,0,0,0,0,0,inf,inf,0,0,0,0,0,0,0,0,0,0,0,0,0
1,bookshelf_tall,21,qpEnvelope,0,0,0,0,0,0,0,0,0,inf,inf,0,0,0,0,0,0,0,0,0,0,0,0,0
1,bookshelf_tall,29,isSafe,1,1,0.0687723,50104,15,10.9601,7,5482,0,0.00536666,0.00249477,0,0,0,0,72,12,0.208333,0,0,0,0,0,0
1,bookshelf_tall,29,qpFixed,1,1,0.0690267,34536,15,16.8226,26131,26131,0,0.00284982,0.00249477,0,0,0.000587205,0,6,6,2.5,0,0,0,1,0,0
1,bookshelf_tall,29,qpPlain,1,1,0.23911,34536,15,16.8226,26131,26131,0,0.00284982,0.00249477,0,0,0.000587205,0,6,6,2.5,0,0,0,1,0,0
1,bookshelf_tall,29,qpAdaptive,1,1,0.0634695,25133,15,16.8228,19660,19660,0,0.00286225,0.00249477,0,0,0.000806904,0.0399475,6,6,2.5,0,0,0,0.960053,0.0397883,0.000159153
1,bookshelf_tall,29,qpFreeGate,1,1,0.0911425,52498,22,12.5133,17995,17995,0,0.00313749,0.00249477,0,0,0.000600643,0,72,18,0.305556,0,0,0,1,0,0
1,bookshelf_tall,29,qpEnvelope,1,1,0.0605954,23806,15,16.8236,18783,18783,0,0.00286121,0.00249477,0,0,0.00085192,0.0388978,6,6,2.5,0,0,0,0.961102,0.0387297,0.000168025
1,bookshelf_tall,36,isSafe,1,1,0.149315,110625,30,15.7279,9,7865,0,0.00529606,0.00249477,0,0,0,0,170,27,0.176471,0,0,0,0,0,0
1,bookshelf_tall,36,qpFixed,1,1,0.273029,123581,39,21.8846,32669,32669,0,0.00288995,0.00249477,0,0,0.000486989,0,20,16,1.95,0,0,0,1,0,0
1,bookshelf_tall,36,qpPlain,1,1,0.947431,123581,39,21.8846,32669,32669,0,0.00288995,0.00249477,0,0,0.000486989,0,20,16,1.95,0,0,0,1,0,0
1,bookshelf_tall,36,qpAdaptive,1,1,0.266474,100677,39,21.8846,27159,27159,0,0.00289015,0.00249477,0,0,0.000597799,0.0263615,20,16,1.95,0,0,0,0.973629,0.0262523,0.000119193
1,bookshelf_tall,36,qpFreeGate,1,1,0.148204,85328,39,18.3478,26822,26822,0,0.00309546,0.00249477,0,0,0.000665269,0,87,32,0.448276,0,0,0,1,0,0
1,bookshelf_tall,36,qpEnvelope,1,1,0.26154,98234,38,21.8857,26388,26388,0,0.0028901,0.00249477,0,0,0.00061285,0.0121241,20,16,1.9,0,0,0,0.987876,0.0120121,0.000111978
1,bookshelf_tall,43,isSafe,1,0,10.0023,7265466,2939,0,0,0,0,inf,inf,0,0,0,0,26405,2937,0.111305,0,0,0,0,0,0
1,bookshelf_tall,43,qpFixed,1,0,10.0033,5492832,667,0,0,0,0,inf,inf,0,0,0.000328294,0,1118,573,0.596601,0,0,0,1,0,0
1,bookshelf_tall,43,qpPlain,1,0,10.0069,1431781,215,0,0,0,0,inf,inf,0,0,0.000366224,0,253,167,0.849802,0,0,0,1,0,0
1,bookshelf_tall,43,qpAdaptive,1,0,10.0042,4733254,624,0,0,0,0,inf,inf,0,0,0.000354668,0.00361633,1025,530,0.60878,0,0,0,0.996383,0.0035933,2.36624e-05
1,bookshelf_tall,43,qpFreeGate,1,0,10.0018,5961009,2473,0,0,0,0,inf,inf,0,0,0.000561036,0,15135,2469,0.163396,0,0,0,1,0,0
1,bookshelf_tall,43,qpEnvelope,1,0,10.0094,4757311,628,0,0,0,0,inf,inf,0,0,0.000355752,0.000674541,1034,534,0.60735,0,0,0,0.999325,0.000650788,2.41733e-05
1,bookshelf_tall,50,isSafe,0,0,0,0,0,0,0,0,0,inf,inf,0,0,0,0,0,0,0,0,0,0,0,0,0
1,bookshelf_tall,50,qpFixed,0,0,0,0,0,0,0,0,0,inf,inf,0,0,0,0,0,0,0,0,0,0,0,0,0
1,bookshelf_tall,50,qpPlain,0,0,0,0,0,0,0,0,0,inf,inf,0,0,0,0,0,0,0,0,0,0,0,0,0
1,bookshelf_tall,50,qpAdaptive,0,0,0,0,0,0,0,0,0,inf,inf,0,0,0,0,0,0,0,0,0,0,0,0,0
1,bookshelf_tall,50,qpFreeGate,0,0,0,0,0,0,0,0,0,inf,inf,0,0,0,0,0,0,0,0,0,0,0,0,0
1,bookshelf_tall,50,qpEnvelope,0,0,0,0,0,0,0,0,0,inf,inf,0,0,0,0,0,0,0,0,0,0,0,0,0
1,bookshelf_tall,57,isSafe,1,1,1.39847,1009476,296,16.7345,10,8369,0,0.00487083,0.00249477,0,0,0,0,2540,293,0.116535,0,0,0,0,0,0
1,bookshelf_tall,57,qpFixed,1,1,0.0318393,16318,9,8.87503,13126,13126,0,0.00294275,0.00249477,0,0,0.000602511,0,2,2,4.5,0,0,0,1,0,0
1,bookshelf_tall,57,qpPlain,1,1,0.112579,16318,9,8.87503,13126,13126,0,0.00294275,0.00249477,0,0,0.000602511,0,2,2,4.5,0,0,0,1,0,0
1,bookshelf_tall,57,qpAdaptive,1,1,0.0237181,9406,9,8.876,8730,8730,0,0.00294236,0.00249477,0,0,0.00104537,0.0539018,2,2,4.5,0,0,0,0.945886,0.0534765,0.000637891
1,bookshelf_tall,57,qpFreeGate,1,1,1.2017,710876,237,24.3062,36358,36358,0,0.00308455,0.00101793,0,0,0.00055119,0,1204,225,0.196844,0,0,0,1,0,0
1,bookshelf_tall,57,qpEnvelope,1,1,0.0231069,9042,9,8.87792,8489,8489,0,0.00294274,0.00249477,0,0,0.00108767,0.0411413,2,2,4.5,0,0,0,0.958748,0.0405884,0.00066357
1,bookshelf_tall,64,isSafe,0,0,0,0,0,0,0,0,0,inf,inf,0,0,0,0,0,0,0,0,0,0,0,0,0
1,bookshelf_tall,64,qpFixed,0,0,0,0,0,0,0,0,0,inf,inf,0,0,0,0,0,0,0,0,0,0,0,0,0
1,bookshelf_tall,64,qpPlain,0,0,0,0,0,0,0,0,0,inf,inf,0,0,0,0,0,0,0,0,0,0,0,0,0
1,bookshelf_tall,64,qpAdaptive,0,0,0,0,0,0,0,0,0,inf,inf,0,0,0,0,0,0,0,0,0,0,0,0,0
1,bookshelf_tall,64,qpFreeGate,0,0,0,0,0,0,0,0,0,inf,inf,0,0,0,0,0,0,0,0,0,0,0,0,0
1,bookshelf_tall,64,qpEnvelope,0,0,0,0,0,0,0,0,0,inf,inf,0,0,0,0,0,0,0,0,0,0,0,0,0
1,bookshelf_tall,72,isSafe,1,1,0.0228786,17366,7,8.67745,6,4340,0,0.0010203,0.00249477,0,0,0,0,2,2,3.5,0,0,0,0,0,0
1,bookshelf_tall,72,qpFixed,1,1,0.0283062,18601,8,8.67789,13521,13521,0,0.0032277,0.00249477,0,0,0.000569613,0,2,2,4,0,0,0,1,0,0
1,bookshelf_tall,72,qpPlain,1,1,0.12146,18601,8,8.67789,13521,13521,0,0.0032277,0.00249477,0,0,0.000569613,0,2,2,4,0,0,0,1,0,0
1,bookshelf_tall,72,qpAdaptive,1,1,0.0133297,4990,8,8.67789,4492,4492,0,0.00322621,0.00249477,0,0,0.00212318,0.057515,2,2,4,0,0,0,0.942485,0.056513,0.001002
1,bookshelf_tall,72,qpFreeGate,1,1,0.0710199,42726,15,12.5435,19715,19715,0,0.00459259,0.00249477,0,0,0.000594778,0,41,11,0.365854,0,0,0,1,0,0
1,bookshelf_tall,72,qpEnvelope,1,1,0.0127086,4727,8,8.67789,4414,4414,0,0.0032225,0.00249477,0,0,0.00224137,0.0313095,2,2,4,0,0,0,0.968691,0.0302517,0.00105775
1,bookshelf_tall,79,isSafe,0,0,0,0,0,0,0,0,0,inf,inf,0,0,0,0,0,0,0,0,0,0,0,0,0
1,bookshelf_tall,79,qpFixed,0,0,0,0,0,0,0,0,0,inf,inf,0,0,0,0,0,0,0,0,0,0,0,0,0
1,bookshelf_tall,79,qpPlain,0,0,0,0,0,0,0,0,0,inf,inf,0,0,0,0,0,0,0,0,0,0,0,0,0
1,bookshelf_tall,79,qpAdaptive,0,0,0,0,0,0,0,0,0,inf,inf,0,0,0,0,0,0,0,0,0,0,0,0,0
1,bookshelf_tall,79,qpFreeGate,0,0,0,0,0,0,0,0,0,inf,inf,0,0,0,0,0,0,0,0,0,0,0,0,0
1,bookshelf_tall,79,qpEnvelope,0,0,0,0,0,0,0,0,0,inf,inf,0,0,0,0,0,0,0,0,0,0,0,0,0
1,bookshelf_tall,86,isSafe,1,1,0.0555558,41969,13,6.9434,5,3473,0,0.00357519,0.00249477,0,0,0,0,44,9,0.295455,0,0,0,0,0,0
1,bookshelf_tall,86,qpFixed,1,1,0.116443,53298,20,14.3348,23141,23141,0,0.00293595,0.00249477,0,0,0.000560526,0,9,8,2.22222,0,0,0,1,0,0
1,bookshelf_tall,86,qpPlain,1,1,0.381649,53298,20,14.3348,23141,23141,0,0.00293595,0.00249477,0,0,0.000560526,0,9,8,2.22222,0,0,0,1,0,0
1,bookshelf_tall,86,qpAdaptive,1,1,0.112796,43148,20,14.3349,18876,18876,0,0.00293596,0.00249477,0,0,0.000692394,0.0234542,9,8,2.22222,0,0,0,0.976546,0.0233615,9.27042e-05
1,bookshelf_tall,86,qpFreeGate,1,1,0.0662927,39664,17,14.2592,22004,22004,0,0.00304587,0.00249477,0,0,0.000605363,0,36,13,0.472222,0,0,0,1,0,0
1,bookshelf_tall,86,qpEnvelope,1,1,0.110499,41792,20,14.3355,18602,18602,0,0.00293597,0.00249477,0,0,0.000715055,0.0152661,9,8,2.22222,0,0,0,0.98471,0.0151704,0.00011964
1,bookshelf_tall,94,isSafe,1,0,10.0035,7150611,2897,0,0,0,0,inf,inf,0,0,0,0,26764,2895,0.108242,0,0,0,0,0,0
1,bookshelf_tall,94,qpFixed,1,0,10.0056,5531995,681,0,0,0,0,inf,inf,0,0,0.000329999,0,1121,591,0.607493,0,0,0,1,0,0
1,bookshelf_tall,94,qpPlain,1,0,10.0104,1430759,213,0,0,0,0,inf,inf,0,0,0.000361393,0,250,169,0.852,0,0,0,1,0,0
1,bookshelf_tall,94,qpAdaptive,1,0,10.008,4797113,650,0,0,0,0,inf,inf,0,0,0.000359283,0.00438284,1041,562,0.6244,0,0,0,0.995617,0.00435595,2.75166e-05
1,bookshelf_tall,94,qpFreeGate,1,0,10.0017,6005436,2602,0,0,0,0,inf,inf,0,0,0.000565521,0,15945,2600,0.163186,0,0,0,1,0,0
1,bookshelf_tall,94,qpEnvelope,1,0,10.0039,4747767,646,0,0,0,0,inf,inf,0,0,0.000360254,0.000858719,1031,558,0.626576,0,0,0,0.999141,0.000831549,2.73813e-05
1,bookshelf_thin,2,isSafe,1,1,0.131478,98299,28,16.2212,10,8112,0,0.00729709,0.00249477,0,0,0,0,99,23,0.282828,0,0,0,0,0,0
1,bookshelf_thin,2,qpFixed,1,1,0.0765404,32649,14,11.2516,18835,18835,0,0.00291809,0.00249477,0,0,0.000559382,0,4,4,3.5,0,0,0,1,0,0
1,bookshelf_thin,2,qpPlain,1,1,0.261164,32649,14,11.2516,18835,18835,0,0.00291809,0.00249477,0,0,0.000559382,0,4,4,3.5,0,0,0,1,0,0
1,bookshelf_thin,2,qpAdaptive,1,1,0.0739859,25958,14,11.2519,14669,14669,0,0.00291808,0.00249477,0,0,0.000703573,0.0310116,4,4,3.5,0,0,0,0.96895,0.0308961,0.000154095
1,bookshelf_thin,2,qpFreeGate,1,1,0.147841,87854,30,16.8042,25761,25761,0,0.00729709,0.00249477,0,0,0.000622334,0,71,24,0.422535,0,0,0,1,0,0
1,bookshelf_thin,2,qpEnvelope,1,1,0.0723884,25016,14,11.2528,14168,14168,0,0.00291729,0.00249477,0,0,0.000730057,0.0259034,4,4,3.5,0,0,0,0.974097,0.0257435,0.000159898
1,bookshelf_thin,9,isSafe,1,1,0.0446838,30748,10,11.2821,7,5643,0,0.00627968,0.00249477,0,0,0,0,39,6,0.25641,0,0,0,0,0,0
1,bookshelf_thin,9,qpFixed,1,1,0.0310334,16639,14,9.86114,11576,11576,0,0.00295545,0.00249477,0,0,0.000747811,0,3,3,4.66667,0,0,0,1,0,0
1,bookshelf_thin,9,qpPlain,1,1,0.111429,16639,14,9.86114,11576,11576,0,0.00295545,0.00249477,0,0,0.000747811,0,3,3,4.66667,0,0,0,1,0,0
1,bookshelf_thin,9,qpAdaptive,1,1,0.0210354,8331,14,9.86151,7789,7789,0,0.00295449,0.00249477,0,0,0.00149354,0.10623,3,3,4.66667,0,0,0,0.89341,0.10551,0.0010803
1,bookshelf_thin,9,qpFreeGate,1,1,0.0669218,37042,14,11.25,14276,14276,0,0.00310502,0.00249477,0,0,0.000612159,0,38,11,0.368421,0,0,0,1,0,0
1,bookshelf_thin,9,qpEnvelope,1,1,0.0191019,7341,13,9.86005,7539,7539,0,0.00295366,0.00249477,0,0,0.00169487,0.054216,3,3,4.33333,0,0,0,0.945784,0.0531263,0.00108977
1,bookshelf_thin,16,isSafe,1,1,0.091935,68995,20,18.9694,11,9486,0,0.00354287,0.00249477,0,0,0,0,79,16,0.253165,0,0,0,0,0,0
1,bookshelf_thin,16,qpFixed,1,1,0.140227,63664,19,15.6208,25070,25070,0,0.000813888,0.00249477,0,0,0.000503411,0,14,9,1.35714,0,0,0,1,0,0
1,bookshelf_thin,16,qpPlain,1,1,0.466337,63664,19,15.6208,25070,25070,0,0.000813888,0.00249477,0,0,0.000503411,0,14,9,1.35714,0,0,0,1,0,0
1,bookshelf_thin,16,qpAdaptive,1,1,0.138367,51851,19,15.6209,20649,20649,0,0.000815623,0.00249477,0,0,0.000618075,0.0129988,14,9,1.35714,0,0,0,0.987001,0.0128638,0.000135002
1,bookshelf_thin,16,qpFreeGate,1,1,0.112021,67620,26,18.9435,28137,28137,0,0.00315429,0.00249477,0,0,0.000613782,0,79,22,0.329114,0,0,0,1,0,0
1,bookshelf_thin,16,qpEnvelope,1,1,0.136953,51285,19,15.6235,20368,20368,0,0.000813899,0.00249477,0,0,0.000624937,0.0107049,14,9,1.35714,0,0,0,0.989295,0.0105684,0.000136492
1,bookshelf_thin,23,isSafe,1,1,0.159831,115696,31,19.6598,11,9831,0,0.000405984,0.00249477,0,0,0,0,146,27,0.212329,0,0,0,0,0,0
1,bookshelf_thin,23,qpFixed,1,1,0.153499,73415,23,17.7644,27274,27274,0,0.00293173,0.00249477,0,0,0.000539068,0,12,10,1.91667,0,0,0,1,0,0
1,bookshelf_thin,23,qpPlain,1,1,0.528674,73415,23,17.7644,27274,27274,0,0.00293173,0.00249477,0,0,0.000539068,0,12,10,1.91667,0,0,0,1,0,0
1,bookshelf_thin,23,qpAdaptive,1,1,0.150502,60820,23,17.766,22650,22650,0,0.00293132,0.00249477,0,0,0.000650784,0.0158172,12,10,1.91667,0,0,0,0.984166,0.015735,9.86518e-05
1,bookshelf_thin,23,qpFreeGate,1,1,0.176808,103035,37,22.9921,33548,33548,0,0.00303361,0.00249477,0,0,0.000614616,0,110,31,0.336364,0,0,0,1,0,0
1,bookshelf_thin,23,qpEnvelope,1,1,0.149763,60198,23,17.7722,22598,22598,0,0.00293224,0.00249477,0,0,0.000657632,0.0104322,12,10,1.91667,0,0,0,0.989568,0.0103326,9.96711e-05
1,bookshelf_thin,30,isSafe,1,1,0.281251,207189,55,16.534,10,8268,0,0.00458182,0.00249477,0,0,0,0,303,51,0.181518,0,0,0,0,0,0
1,bookshelf_thin,30,qpFixed,1,1,0.24407,111886,42,21.2218,35062,35062,0,0.00240799,0.00249477,0,0,0.000554549,0,25,18,1.68,0,0,0,1,0,0
1,bookshelf_thin,30,qpPlain,1,1,0.811887,111886,42,21.2218,35062,35062,0,0.00240799,0.00249477,0,0,0.000554549,0,25,18,1.68,0,0,0,1,0,0
1,bookshelf_thin,30,qpAdaptive,1,1,0.234202,88162,42,21.2219,27551,27551,0,0.00240795,0.00249477,0,0,0.000704424,0.0190785,25,18,1.68,0,0,0,0.980898,0.0189769,0.000124773
1,bookshelf_thin,30,qpFreeGate,1,1,0.514159,307578,91,16.4878,24245,24245,0,0.00673135,0.00249477,0,0,0.000542336,0,444,88,0.204955,0,0,0,1,0,0
1,bookshelf_thin,30,qpEnvelope,1,1,0.230903,86068,42,21.2213,27028,27028,0,0.00240721,0.00249477,0,0,0.000721044,0.0138147,25,18,1.68,0,0,0,0.986162,0.0136407,0.000197523
1,bookshelf_thin,37,isSafe,0,0,0,0,0,0,0,0,0,inf,inf,0,0,0,0,0,0,0,0,0,0,0,0,0
1,bookshelf_thin,37,qpFixed,0,0,0,0,0,0,0,0,0,inf,inf,0,0,0,0,0,0,0,0,0,0,0,0,0
1,bookshelf_thin,37,qpPlain,0,0,0,0,0,0,0,0,0,inf,inf,0,0,0,0,0,0,0,0,0,0,0,0,0
1,bookshelf_thin,37,qpAdaptive,0,0,0,0,0,0,0,0,0,inf,inf,0,0,0,0,0,0,0,0,0,0,0,0,0
1,bookshelf_thin,37,qpFreeGate,0,0,0,0,0,0,0,0,0,inf,inf,0,0,0,0,0,0,0,0,0,0,0,0,0
1,bookshelf_thin,37,qpEnvelope,0,0,0,0,0,0,0,0,0,inf,inf,0,0,0,0,0,0,0,0,0,0,0,0,0
1,bookshelf_thin,44,isSafe,0,0,0,0,0,0,0,0,0,inf,inf,0,0,0,0,0,0,0,0,0,0,0,0,0
1,bookshelf_thin,44,qpFixed,0,0,0,0,0,0,0,0,0,inf,inf,0,0,0,0,0,0,0,0,0,0,0,0,0
1,bookshelf_thin,44,qpPlain,0,0,0,0,0,0,0,0,0,inf,inf,0,0,0,0,0,0,0,0,0,0,0,0,0
1,bookshelf_thin,44,qpAdaptive,0,0,0,0,0,0,0,0,0,inf,inf,0,0,0,0,0,0,0,0,0,0,0,0,0
1,bookshelf_thin,44,qpFreeGate,0,0,0,0,0,0,0,0,0,inf,inf,0,0,0,0,0,0,0,0,0,0,0,0,0
1,bookshelf_thin,44,qpEnvelope,0,0,0,0,0,0,0,0,0,inf,inf,0,0,0,0,0,0,0,0,0,0,0,0,0
1,bookshelf_thin,51,isSafe,1,1,0.0349829,25897,9,10.9277,7,5465,0,7.69566e-05,0.00249477,0,0,0,0,28,5,0.321429,0,0,0,0,0,0
1,bookshelf_thin,51,qpFixed,1,1,0.101714,48239,21,19.0786,29386,29386,0,0.00244388,0.00249477,0,0,0.000595972,0,7,7,3,0,0,0,1,0,0
1,bookshelf_thin,51,qpPlain,1,1,0.341067,48239,21,19.0786,29386,29386,0,0.00244388,0.00249477,0,0,0.000595972,0,7,7,3,0,0,0,1,0,0
1,bookshelf_thin,51,qpAdaptive,1,1,0.106568,44285,21,19.0797,27181,27181,0,0.00244435,0.00249477,0,0,0.00064921,0.0233939,7,7,3,0,0,0,0.976606,0.0233939,0
1,bookshelf_thin,51,qpFreeGate,1,1,0.0884477,50407,17,13.1931,17656,17656,0,0.00321766,0.00249477,0,0,0.000578921,0,80,13,0.2125,0,0,0,1,0,0
1,bookshelf_thin,51,qpEnvelope,1,1,0.105505,43231,21,19.084,26680,26680,0,0.00245203,0.00249477,0,0,0.00066513,0.015822,7,7,3,0,0,0,0.984178,0.015822,0
1,bookshelf_thin,58,isSafe,1,1,0.197001,148858,41,10.2324,7,5118,0,0.00373223,0.00249477,0,0,0,0,252,37,0.162698,0,0,0,0,0,0
1,bookshelf_thin,58,qpFixed,1,1,0.0185796,10674,6,5.91513,10675,10675,0,0.00294459,0.00249477,0,0,0.000554163,0,1,1,6,0,0,0,1,0,0
1,bookshelf_thin,58,qpPlain,1,1,0.0702153,10674,6,5.91513,10675,10675,0,0.00294459,0.00249477,0,0,0.000554163,0,1,1,6,0,0,0,1,0,0
1,bookshelf_thin,58,qpAdaptive,1,1,0.0128867,5764,6,5.91545,7083,7083,0,0.00294414,0.00249477,0,0,0.00102628,0.0900416,1,1,6,0,0,0,0.909958,0.0893477,0.000693963
1,bookshelf_thin,58,qpFreeGate,1,1,0.230215,138118,48,11.5044,16824,16824,0,0.0030393,0.00249477,0,0,0.000570142,0,186,43,0.258065,0,0,0,1,0,0
1,bookshelf_thin,58,qpEnvelope,1,1,0.0123376,5397,6,5.91595,6852,6852,0,0.00294284,0.00249477,0,0,0.00109615,0.0600334,1,1,6,0,0,0,0.939967,0.0592922,0.000741152
1,bookshelf_thin,65,isSafe,0,0,0,0,0,0,0,0,0,inf,inf,0,0,0,0,0,0,0,0,0,0,0,0,0
1,bookshelf_thin,65,qpFixed,0,0,0,0,0,0,0,0,0,inf,inf,0,0,0,0,0,0,0,0,0,0,0,0,0
1,bookshelf_thin,65,qpPlain,0,0,0,0,0,0,0,0,0,inf,inf,0,0,0,0,0,0,0,0,0,0,0,0,0
1,bookshelf_thin,65,qpAdaptive,0,0,0,0,0,0,0,0,0,inf,inf,0,0,0,0,0,0,0,0,0,0,0,0,0
1,bookshelf_thin,65,qpFreeGate,0,0,0,0,0,0,0,0,0,inf,inf,0,0,0,0,0,0,0,0,0,0,0,0,0
1,bookshelf_thin,65,qpEnvelope,0,0,0,0,0,0,0,0,0,inf,inf,0,0,0,0,0,0,0,0,0,0,0,0,0
1,bookshelf_thin,72,isSafe,1,1,0.162638,119101,32,17.519,10,8761,0,0.00393463,0.00249477,0,0,0,0,136,29,0.235294,0,0,0,0,0,0
1,bookshelf_thin,72,qpFixed,1,1,0.0359299,19186,8,7.05065,8446,8446,0,0.00294431,0.00249477,0,0,0.000626457,0,4,3,2,0,0,0,1,0,0
1,bookshelf_thin,72,qpPlain,1,1,0.136662,19186,8,7.05065,8446,8446,0,0.00294431,0.00249477,0,0,0.000626457,0,4,3,2,0,0,0,1,0,0
1,bookshelf_thin,72,qpAdaptive,1,1,0.0260918,9002,8,7.05066,4265,4265,0,0.00294435,0.00249477,0,0,0.00133518,0.0416574,4,3,2,0,0,0,0.958343,0.041102,0.000555432
1,bookshelf_thin,72,qpFreeGate,1,1,0.201103,119249,43,16.6837,24940,24940,0,0.00393451,0.00249477,0,0,0.00062023,0,136,40,0.316176,0,0,0,1,0,0
1,bookshelf_thin,72,qpEnvelope,1,1,0.0252372,8548,8,7.05061,4097,4097,0,0.002944,0.00249477,0,0,0.00140612,0.0127515,4,3,2,0,0,0,0.987248,0.0121666,0.000584932
1,bookshelf_thin,80,isSafe,1,1,0.98936,715063,201,20.3465,12,10175,0,0.00684764,0.00249477,0,0,0,0,1559,197,0.128929,0,0,0,0,0,0
1,bookshelf_thin,80,qpFixed,1,1,0.0226779,11408,7,8.06601,11409,11409,0,0.0029471,0.00249477,0,0,0.000707048,0,1,1,7,0,0,0,1,0,0
1,bookshelf_thin,80,qpPlain,1,1,0.0803888,11408,7,8.06601,11409,11409,0,0.0029471,0.00249477,0,0,0.000707048,0,1,1,7,0,0,0,1,0,0
1,bookshelf_thin,80,qpAdaptive,1,1,0.0122569,4484,7,8.06618,7229,7229,0,0.00294715,0.00249477,0,0,0.00179888,0.0363515,1,1,7,0,0,0,0.963426,0.0356824,0.000892061
1,bookshelf_thin,80,qpFreeGate,1,1,1.52231,914803,284,22.9215,29640,29640,0,0.00309802,0.00249477,0,0,0.000530053,0,1559,280,0.182168,0,0,0,1,0,0
1,bookshelf_thin,80,qpEnvelope,1,1,0.0119829,4345,7,8.06669,7153,7153,0,0.00294665,0.00249477,0,0,0.00185655,0.0179517,1,1,7,0,0,0,0.982048,0.0170311,0.000920598
1,bookshelf_thin,87,isSafe,1,1,0.131941,96259,27,16.1428,10,8073,0,0.00597143,0.00249477,0,0,0,0,154,23,0.175325,0,0,0,0,0,0
1,bookshelf_thin,87,qpFixed,1,1,0.0204103,12678,7,9.00443,12679,12679,0,0.0029764,0.00249477,0,0,0.000710241,0,1,1,7,0,0,0,1,0,0
1,bookshelf_thin,87,qpPlain,1,1,0.0831349,12678,7,9.00443,12679,12679,0,0.0029764,0.00249477,0,0,0.000710241,0,1,1,7,0,0,0,1,0,0
1,bookshelf_thin,87,qpAdaptive,1,1,0.00885554,3410,7,9.00445,6823,6823,0,0.00297639,0.00249477,0,0,0.0026406,0.107625,1,1,7,0,0,0,0.892375,0.106158,0.00146628
1,bookshelf_thin,87,qpFreeGate,1,1,0.339649,200158,74,16.9786,25086,25086,0,0.00296092,0.00249477,0,0,0.000621788,0,268,63,0.276119,0,0,0,1,0,0
1,bookshelf_thin,87,qpEnvelope,1,1,0.00824368,3083,7,9.00464,6656,6656,0,0.00297638,0.00249477,0,0,0.00292074,0.0518975,1,1,7,0,0,0,0.948102,0.0502757,0.0016218
1,bookshelf_thin,94,isSafe,0,0,0,0,0,0,0,0,0,inf,inf,0,0,0,0,0,0,0,0,0,0,0,0,0
1,bookshelf_thin,94,qpFixed,0,0,0,0,0,0,0,0,0,inf,inf,0,0,0,0,0,0,0,0,0,0,0,0,0
1,bookshelf_thin,94,qpPlain,0,0,0,0,0,0,0,0,0,inf,inf,0,0,0,0,0,0,0,0,0,0,0,0,0
1,bookshelf_thin,94,qpAdaptive,0,0,0,0,0,0,0,0,0,inf,inf,0,0,0,0,0,0,0,0,0,0,0,0,0
1,bookshelf_thin,94,qpFreeGate,0,0,0,0,0,0,0,0,0,inf,inf,0,0,0,0,0,0,0,0,0,0,0,0,0
1,bookshelf_thin,94,qpEnvelope,0,0,0,0,0,0,0,0,0,inf,inf,0,0,0,0,0,0,0,0,0,0,0,0,0
1,table_under_pick,1,isSafe,0,0,0,0,0,0,0,0,0,inf,inf,0,0,0,0,0,0,0,0,0,0,0,0,0
1,table_under_pick,1,qpFixed,0,0,0,0,0,0,0,0,0,inf,inf,0,0,0,0,0,0,0,0,0,0,0,0,0
1,table_under_pick,1,qpPlain,0,0,0,0,0,0,0,0,0,inf,inf,0,0,0,0,0,0,0,0,0,0,0,0,0
1,table_under_pick,1,qpAdaptive,0,0,0,0,0,0,0,0,0,inf,inf,0,0,0,0,0,0,0,0,0,0,0,0,0
1,table_under_pick,1,qpFreeGate,0,0,0,0,0,0,0,0,0,inf,inf,0,0,0,0,0,0,0,0,0,0,0,0,0
1,table_under_pick,1,qpEnvelope,0,0,0,0,0,0,0,0,0,inf,inf,0,0,0,0,0,0,0,0,0,0,0,0,0
1,table_under_pick,8,isSafe,1,1,0.0560335,39906,12,13.9064,8,6955,0,0.00452893,0.00249477,0,0,0,0,45,8,0.266667,0,0,0,0,0,0
1,table_under_pick,8,qpFixed,1,1,0.160108,77214,27,11.6391,21510,21510,0,0.00294296,0.00249477,0,0,0.000528543,0,11,10,2.45455,0,0,0,1,0,0
1,table_under_pick,8,qpPlain,1,1,0.543822,77214,27,11.6391,21510,21510,0,0.00294296,0.00249477,0,0,0.000528543,0,11,10,2.45455,0,0,0,1,0,0
1,table_under_pick,8,qpAdaptive,1,1,0.158056,66455,27,11.6401,18724,18724,0,0.00294401,0.00249477,0,0,0.000614134,0.03464,11,10,2.45455,0,0,0,0.96536,0.0345497,9.02867e-05
1,table_under_pick,8,qpFreeGate,1,1,0.0870942,53309,20,12.4983,18622,18622,0,0.00303881,0.00249477,0,0,0.000569065,0,75,17,0.266667,0,0,0,1,0,0
1,table_under_pick,8,qpEnvelope,1,1,0.153405,64211,27,11.6426,17950,17950,0,0.00294371,0.00249477,0,0,0.000635751,0.0231736,11,10,2.45455,0,0,0,0.976826,0.0230802,9.34419e-05
1,table_under_pick,15,isSafe,1,1,0.105313,71715,20,17.7108,10,8857,0,0.00165372,0.00249477,0,0,0,0,81,15,0.246914,0,0,0,0,0,0
1,table_under_pick,15,qpFixed,1,1,0.16602,93282,40,33.0624,50279,50279,0,0.00291142,0.00249477,0,0,0.000629491,0,18,17,2.22222,0,0,0,1,0,0
1,table_under_pick,15,qpPlain,1,1,0.54703,79023,34,31.6661,47846,47846,0,0.00291142,0.00249477,0,0,0.000626219,0,15,14,2.26667,0,0,0,1,0,0
1,table_under_pick,15,qpAdaptive,1,1,0.136739,63121,40,33.0638,41779,41779,0,0.00291142,0.00249477,0,0,0.000930329,0.0333486,18,17,2.22222,0,0,0,0.966604,0.033111,0.000285167
1,table_under_pick,15,qpFreeGate,1,1,0.101902,56492,23,12.3557,17007,17007,0,0.00301854,0.00249477,0,0,0.000598411,0,75,19,0.306667,0,0,0,1,0,0
1,table_under_pick,15,qpEnvelope,1,1,0.114888,51412,32,31.6782,34986,34986,0,0.00291147,0.00249477,0,0,0.00096281,0.017739,15,14,2.13333,0,0,0,0.982203,0.017564,0.000233409
1,table_under_pick,22,isSafe,1,1,0.0512065,37664,12,10.7821,7,5393,0,0.00641874,0.00249477,0,0,0,0,32,8,0.375,0,0,0,0,0,0
1,table_under_pick,22,qpFixed,1,1,0.0724155,36861,15,17.2971,26580,26580,0,0.00283229,0.00249477,0,0,0.000596757,0,5,5,3,0,0,0,1,0,0
1,table_under_pick,22,qpPlain,1,1,0.254344,36861,15,17.2971,26580,26580,0,0.00283229,0.00249477,0,0,0.000596757,0,5,5,3,0,0,0,1,0,0
1,table_under_pick,22,qpAdaptive,1,1,0.0693349,28796,15,17.2972,21513,21513,0,0.00283227,0.00249477,0,0,0.00076391,0.0197944,5,5,3,0,0,0,0.980206,0.0196555,0.000138908
1,table_under_pick,22,qpFreeGate,1,1,0.0694054,40082,15,11.1962,16875,16875,0,0.00308856,0.00249477,0,0,0.000594119,0,32,11,0.46875,0,0,0,1,0,0
1,table_under_pick,22,qpEnvelope,1,1,0.0684934,28224,15,17.2973,21251,21251,0,0.00283224,0.00249477,0,0,0.00077941,0.013322,5,5,3,0,0,0,0.986678,0.0131803,0.000141723
1,table_under_pick,29,isSafe,0,0,0,0,0,0,0,0,0,inf,inf,0,0,0,0,0,0,0,0,0,0,0,0,0
1,table_under_pick,29,qpFixed,0,0,0,0,0,0,0,0,0,inf,inf,0,0,0,0,0,0,0,0,0,0,0,0,0
1,table_under_pick,29,qpPlain,0,0,0,0,0,0,0,0,0,inf,inf,0,0,0,0,0,0,0,0,0,0,0,0,0
1,table_under_pick,29,qpAdaptive,0,0,0,0,0,0,0,0,0,inf,inf,0,0,0,0,0,0,0,0,0,0,0,0,0
1,table_under_pick,29,qpFreeGate,0,0,0,0,0,0,0,0,0,inf,inf,0,0,0,0,0,0,0,0,0,0,0,0,0
1,table_under_pick,29,qpEnvelope,0,0,0,0,0,0,0,0,0,inf,inf,0,0,0,0,0,0,0,0,0,0,0,0,0
1,table_under_pick,36,isSafe,1,1,0.0315744,22358,8,11.1083,7,5556,0,0.000326208,0.00249477,0,0,0,0,23,3,0.347826,0,0,0,0,0,0
1,table_under_pick,36,qpFixed,1,1,0.0177434,12564,7,8.75736,12565,12565,0,0.00296181,0.00249477,0,0,0.00069702,0,1,1,7,0,0,0,1,0,0
1,table_under_pick,36,qpPlain,1,1,0.0801287,12564,7,8.75736,12565,12565,0,0.00296181,0.00249477,0,0,0.00069702,0,1,1,7,0,0,0,1,0,0
1,table_under_pick,36,qpAdaptive,1,1,0.0021352,778,7,8.75736,4836,4836,0,0.00295849,0.00249477,0,0,0.0112562,0.439589,1,1,7,0,0,0,0.560411,0.433162,0.00642674
1,table_under_pick,36,qpFreeGate,1,1,0.120282,71927,22,11.8739,18658,18658,0,0.003041,0.00249477,0,0,0.000483294,0,128,19,0.171875,0,0,0,1,0,0
1,table_under_pick,36,qpEnvelope,1,1,0.00143341,483,7,8.7574,4671,4671,0,0.00295578,0.00249477,0,0,0.0181313,0.281573,1,1,7,0,0,0,0.718427,0.271222,0.010352
1,table_under_pick,43,isSafe,0,0,0,0,0,0,0,0,0,inf,inf,0,0,0,0,0,0,0,0,0,0,0,0,0
1,table_under_pick,43,qpFixed,0,0,0,0,0,0,0,0,0,inf,inf,0,0,0,0,0,0,0,0,0,0,0,0,0
1,table_under_pick,43,qpPlain,0,0,0,0,0,0,0,0,0,inf,inf,0,0,0,0,0,0,0,0,0,0,0,0,0
1,table_under_pick,43,qpAdaptive,0,0,0,0,0,0,0,0,0,inf,inf,0,0,0,0,0,0,0,0,0,0,0,0,0
1,table_under_pick,43,qpFreeGate,0,0,0,0,0,0,0,0,0,inf,inf,0,0,0,0,0,0,0,0,0,0,0,0,0
1,table_under_pick,43,qpEnvelope,0,0,0,0,0,0,0,0,0,inf,inf,0,0,0,0,0,0,0,0,0,0,0,0,0
1,table_under_pick,50,isSafe,1,1,0.209253,151349,41,11.1508,7,5577,0,0.00714751,0.00249477,0,0,0,0,296,38,0.138514,0,0,0,0,0,0
1,table_under_pick,50,qpFixed,1,1,0.076758,41600,14,15.6702,25747,25747,0,0.00290126,0.00249477,0,0,0.000555759,0,6,6,2.33333,0,0,0,1,0,0
1,table_under_pick,50,qpPlain,1,1,0.28195,41600,14,15.6702,25747,25747,0,0.00290126,0.00249477,0,0,0.000555759,0,6,6,2.33333,0,0,0,1,0,0
1,table_under_pick,50,qpAdaptive,1,1,0.0578918,24910,14,15.6707,17857,17857,0,0.00290461,0.00249477,0,0,0.000928155,0.0298675,6,6,2.33333,0,0,0,0.970132,0.0296668,0.000200723
1,table_under_pick,50,qpFreeGate,1,1,0.230682,134338,40,20.0043,28132,28132,0,0.00299136,0.00249477,0,0,0.000533039,0,228,36,0.175439,0,0,0,1,0,0
1,table_under_pick,50,qpEnvelope,1,1,0.0564331,24171,14,15.6721,17460,17460,0,0.00289993,0.00249477,0,0,0.000956786,0.021472,6,6,2.33333,0,0,0,0.978528,0.0212652,0.000206859
1,table_under_pick,57,isSafe,0,0,0,0,0,0,0,0,0,inf,inf,0,0,0,0,0,0,0,0,0,0,0,0,0
1,table_under_pick,57,qpFixed,0,0,0,0,0,0,0,0,0,inf,inf,0,0,0,0,0,0,0,0,0,0,0,0,0
1,table_under_pick,57,qpPlain,0,0,0,0,0,0,0,0,0,inf,inf,0,0,0,0,0,0,0,0,0,0,0,0,0
1,table_under_pick,57,qpAdaptive,0,0,0,0,0,0,0,0,0,inf,inf,0,0,0,0,0,0,0,0,0,0,0,0,0
1,table_under_pick,57,qpFreeGate,0,0,0,0,0,0,0,0,0,inf,inf,0,0,0,0,0,0,0,0,0,0,0,0,0
1,table_under_pick,57,qpEnvelope,0,0,0,0,0,0,0,0,0,inf,inf,0,0,0,0,0,0,0,0,0,0,0,0,0
1,table_under_pick,65,isSafe,0,0,0,0,0,0,0,0,0,inf,inf,0,0,0,0,0,0,0,0,0,0,0,0,0
1,table_under_pick,65,qpFixed,0,0,0,0,0,0,0,0,0,inf,inf,0,0,0,0,0,0,0,0,0,0,0,0,0
1,table_under_pick,65,qpPlain,0,0,0,0,0,0,0,0,0,inf,inf,0,0,0,0,0,0,0,0,0,0,0,0,0
1,table_under_pick,65,qpAdaptive,0,0,0,0,0,0,0,0,0,inf,inf,0,0,0,0,0,0,0,0,0,0,0,0,0
1,table_under_pick,65,qpFreeGate,0,0,0,0,0,0,0,0,0,inf,inf,0,0,0,0,0,0,0,0,0,0,0,0,0
1,table_under_pick,65,qpEnvelope,0,0,0,0,0,0,0,0,0,inf,inf,0,0,0,0,0,0,0,0,0,0,0,0,0
1,table_under_pick,72,isSafe,1,0,10.003,7135540,2873,0,0,0,0,inf,inf,0,0,0,0,25285,2870,0.113625,0,0,0,0,0,0
1,table_under_pick,72,qpFixed,1,0,10.0008,5763076,705,0,0,0,0,inf,inf,0,0,0.000329785,0,1167,608,0.604113,0,0,0,1,0,0
1,table_under_pick,72,qpPlain,1,0,10.034,1447846,228,0,0,0,0,inf,inf,0,0,0.000373348,0,241,173,0.946058,0,0,0,1,0,0
1,table_under_pick,72,qpAdaptive,1,0,10.0016,4926643,658,0,0,0,0,inf,inf,0,0,0.000357314,0.004676,1062,562,0.619586,0,0,0,0.995323,0.00465043,2.65901e-05
1,table_under_pick,72,qpFreeGate,1,0,10.002,5934337,2521,0,0,0,0,inf,inf,0,0,0.000565173,0,14755,2515,0.170857,0,0,0,1,0,0
1,table_under_pick,72,qpEnvelope,1,0,10.0021,4918450,657,0,0,0,0,inf,inf,0,0,0.000358512,0.000997875,1064,561,0.617481,0,0,0,0.999002,0.000972258,2.58211e-05
1,table_under_pick,79,isSafe,1,0,10.0002,7044695,2842,0,0,0,0,inf,inf,0,0,0,0,24911,2840,0.114086,0,0,0,0,0,0
1,table_under_pick,79,qpFixed,1,0,10.0032,5594690,694,0,0,0,0,inf,inf,0,0,0.000327544,0,1106,594,0.627486,0,0,0,1,0,0
1,table_under_pick,79,qpPlain,1,0,10.0135,1434549,218,0,0,0,0,inf,inf,0,0,0.000359041,0,243,166,0.897119,0,0,0,1,0,0
1,table_under_pick,79,qpAdaptive,1,0,10.0074,4813149,645,0,0,0,0,inf,inf,0,0,0.000354079,0.00420245,1021,547,0.631734,0,0,0,0.995797,0.00417648,2.61783e-05
1,table_under_pick,79,qpFreeGate,1,0,10.0009,5921503,2584,0,0,0,0,inf,inf,0,0,0.000575029,0,15297,2580,0.168922,0,0,0,1,0,0
1,table_under_pick,79,qpEnvelope,1,0,10.0099,4817919,648,0,0,0,0,inf,inf,0,0,0.000355196,0.000953731,1022,554,0.634051,0,0,0,0.999046,0.000928409,2.55297e-05
1,table_under_pick,86,isSafe,1,0,10.0005,7290636,2938,0,0,0,0,inf,inf,0,0,0,0,25625,2936,0.114654,0,0,0,0,0,0
1,table_under_pick,86,qpFixed,1,0,10.0045,5592516,692,0,0,0,0,inf,inf,0,0,0.000334984,0,1135,597,0.609692,0,0,0,1,0,0
1,table_under_pick,86,qpPlain,1,0,10.0323,1424738,214,0,0,0,0,inf,inf,0,0,0.0003666,0,247,161,0.866397,0,0,0,1,0,0
1,table_under_pick,86,qpAdaptive,1,0,10.0034,4767649,640,0,0,0,0,inf,inf,0,0,0.000361306,0.00410559,1030,546,0.621359,0,0,0,0.995894,0.00408042,2.53794e-05
1,table_under_pick,86,qpFreeGate,1,0,10.0004,5934672,2529,0,0,0,0,inf,inf,0,0,0.00056263,0,15011,2527,0.168476,0,0,0,1,0,0
1,table_under_pick,86,qpEnvelope,1,0,10.0069,4787829,644,0,0,0,0,inf,inf,0,0,0.000361931,0.000817281,1037,550,0.621022,0,0,0,0.999183,0.000791799,2.54813e-05
1,table_under_pick,93,isSafe,1,0,10.0013,7018700,2835,0,0,0,0,inf,inf,0,0,0,0,26895,2833,0.10541,0,0,0,0,0,0
1,table_under_pick,93,qpFixed,1,0,10.0124,5618701,683,0,0,0,0,inf,inf,0,0,0.000325765,0,1135,592,0.601762,0,0,0,1,0,0
1,table_under_pick,93,qpPlain,1,0,10.0335,1449173,222,0,0,0,0,inf,inf,0,0,0.000356644,0,243,164,0.91358,0,0,0,1,0,0
1,table_under_pick,93,qpAdaptive,1,0,10.007,4854517,639,0,0,0,0,inf,inf,0,0,0.000351191,0.00349613,1039,550,0.615014,0,0,0,0.996503,0.00347285,2.43073e-05
1,table_under_pick,93,qpFreeGate,1,0,10.0018,5887531,2556,0,0,0,0,inf,inf,0,0,0.00056577,0,15609,2553,0.163752,0,0,0,1,0,0
1,table_under_pick,93,qpEnvelope,1,0,10.0018,4820565,635,0,0,0,0,inf,inf,0,0,0.000352084,0.000743689,1032,546,0.61531,0,0,0,0.999256,0.000720248,2.34413e-05
1,table_under_pick,100,isSafe,1,1,0.0526462,37001,12,14.419,9,7211,0,0.00272195,0.00249477,0,0,0,0,45,8,0.266667,0,0,0,0,0,0
1,table_under_pick,100,qpFixed,1,1,0.230346,110557,41,20.0633,30103,30103,0,0.00292408,0.00249477,0,0,0.000562154,0,20,18,2.05,0,0,0,1,0,0
1,table_under_pick,100,qpPlain,1,1,0.782479,110557,41,20.0633,30103,30103,0,0.00292408,0.00249477,0,0,0.000562154,0,20,18,2.05,0,0,0,1,0,0
1,table_under_pick,100,qpAdaptive,1,1,0.230457,95476,41,20.0641,24314,24314,0,0.00291885,0.00249477,0,0,0.000650992,0.0264883,20,18,2.05,0,0,0,0.973501,0.0263836,0.000115212
1,table_under_pick,100,qpFreeGate,1,1,0.165762,97328,34,21.6082,32812,32812,0,0.00296692,0.00249477,0,0,0.000566519,0,138,30,0.246377,0,0,0,1,0,0
1,table_under_pick,100,qpEnvelope,1,1,0.226387,93399,41,20.0635,23824,23824,0,0.00291933,0.00249477,0,0,0.00066552,0.0177839,20,18,2.05,0,0,0,0.982195,0.0176876,0.000117774
1,bookshelf_small,7,isSafe,1,1,0.0855505,63157,18,19.5319,11,9767,0,0.00772489,0.00249477,0,0,0,0,56,14,0.321429,0,0,0,0,0,0
1,bookshelf_small,7,qpFixed,1,1,0.11651,57130,23,10.7601,16079,16079,0,0.00293772,0.00249477,0,0,0.00056979,0,9,8,2.55556,0,0,0,1,0,0
1,bookshelf_small,7,qpPlain,1,1,0.399404,57130,23,10.7601,16079,16079,0,0.00293772,0.00249477,0,0,0.00056979,0,9,8,2.55556,0,0,0,1,0,0
1,bookshelf_small,7,qpAdaptive,1,1,0.112728,45459,23,10.7605,11406,11406,0,0.00293868,0.00249477,0,0,0.00071609,0.0273653,9,8,2.55556,0,0,0,0.972613,0.0272113,0.000175983
1,bookshelf_small,7,qpFreeGate,1,1,0.186832,108276,43,16.2429,23961,23961,0,0.00310849,0.00249477,0,0,0.000624881,0,122,37,0.352459,0,0,0,1,0,0
1,bookshelf_small,7,qpEnvelope,1,1,0.109774,43878,23,10.7601,10935,10935,0,0.0029379,0.00249477,0,0,0.000741866,0.0165915,9,8,2.55556,0,0,0,0.983409,0.0164091,0.000182324
1,bookshelf_small,15,isSafe,0,0,0,0,0,0,0,0,0,inf,inf,0,0,0,0,0,0,0,0,0,0,0,0,0
1,bookshelf_small,15,qpFixed,0,0,0,0,0,0,0,0,0,inf,inf,0,0,0,0,0,0,0,0,0,0,0,0,0
1,bookshelf_small,15,qpPlain,0,0,0,0,0,0,0,0,0,inf,inf,0,0,0,0,0,0,0,0,0,0,0,0,0
1,bookshelf_small,15,qpAdaptive,0,0,0,0,0,0,0,0,0,inf,inf,0,0,0,0,0,0,0,0,0,0,0,0,0
1,bookshelf_small,15,qpFreeGate,0,0,0,0,0,0,0,0,0,inf,inf,0,0,0,0,0,0,0,0,0,0,0,0,0
1,bookshelf_small,15,qpEnvelope,0,0,0,0,0,0,0,0,0,inf,inf,0,0,0,0,0,0,0,0,0,0,0,0,0
1,bookshelf_small,23,isSafe,0,0,0,0,0,0,0,0,0,inf,inf,0,0,0,0,0,0,0,0,0,0,0,0,0
1,bookshelf_small,23,qpFixed,0,0,0,0,0,0,0,0,0,inf,inf,0,0,0,0,0,0,0,0,0,0,0,0,0
1,bookshelf_small,23,qpPlain,0,0,0,0,0,0,0,0,0,inf,inf,0,0,0,0,0,0,0,0,0,0,0,0,0
1,bookshelf_small,23,qpAdaptive,0,0,0,0,0,0,0,0,0,inf,inf,0,0,0,0,0,0,0,0,0,0,0,0,0
1,bookshelf_small,23,qpFreeGate,0,0,0,0,0,0,0,0,0,inf,inf,0,0,0,0,0,0,0,0,0,0,0,0,0
1,bookshelf_small,23,qpEnvelope,0,0,0,0,0,0,0,0,0,inf,inf,0,0,0,0,0,0,0,0,0,0,0,0,0
1,bookshelf_small,31,isSafe,1,1,0.234585,173900,47,10.5398,7,5271,0,0.00341482,0.00249477,0,0,0,0,198,43,0.237374,0,0,0,0,0,0
1,bookshelf_small,31,qpFixed,1,1,0.0143236,10101,7,8.29449,10102,10102,0,0.00297831,0.00249477,0,0,0.000821156,0,1,1,7,0,0,0,1,0,0
1,bookshelf_small,31,qpPlain,1,1,0.0647253,10101,7,8.29449,10102,10102,0,0.00297831,0.00249477,0,0,0.000821156,0,1,1,7,0,0,0,1,0,0
1,bookshelf_small,31,qpAdaptive,1,1,0.00423727,1694,7,8.29453,5131,5131,0,0.00297649,0.00249477,0,0,0.00489641,0.235537,1,1,7,0,0,0,0.764463,0.232586,0.00295159
1,bookshelf_small,31,qpFreeGate,1,1,0.130507,77693,34,16.178,21588,21588,0,0.00302111,0.00249477,0,0,0.000669189,0,70,25,0.485714,0,0,0,1,0,0
1,bookshelf_small,31,qpEnvelope,1,1,0.00333994,1250,7,8.29506,4894,4894,0,0.00297276,0.00249477,0,0,0.00663605,0.1288,1,1,7,0,0,0,0.8712,0.1248,0.004
1,bookshelf_small,38,isSafe,0,0,0,0,0,0,0,0,0,inf,inf,0,0,0,0,0,0,0,0,0,0,0,0,0
1,bookshelf_small,38,qpFixed,0,0,0,0,0,0,0,0,0,inf,inf,0,0,0,0,0,0,0,0,0,0,0,0,0
1,bookshelf_small,38,qpPlain,0,0,0,0,0,0,0,0,0,inf,inf,0,0,0,0,0,0,0,0,0,0,0,0,0
1,bookshelf_small,38,qpAdaptive,0,0,0,0,0,0,0,0,0,inf,inf,0,0,0,0,0,0,0,0,0,0,0,0,0
1,bookshelf_small,38,qpFreeGate,0,0,0,0,0,0,0,0,0,inf,inf,0,0,0,0,0,0,0,0,0,0,0,0,0
1,bookshelf_small,38,qpEnvelope,0,0,0,0,0,0,0,0,0,inf,inf,0,0,0,0,0,0,0,0,0,0,0,0,0
1,bookshelf_small,45,isSafe,1,1,0.48536,356630,95,19.8541,12,9929,0,0.00856794,0.00249477,0,0,0,0,644,90,0.147516,0,0,0,0,0,0
1,bookshelf_small,45,qpFixed,1,1,0.0296647,16574,7,8.02898,13993,13993,0,0.00295438,0.00249477,0,0,0.000523459,0,2,2,3.5,0,0,0,1,0,0
1,bookshelf_small,45,qpPlain,1,1,0.112429,16574,7,8.02898,13993,13993,0,0.00295438,0.00249477,0,0,0.000523459,0,2,2,3.5,0,0,0,1,0,0
1,bookshelf_small,45,qpAdaptive,1,1,0.0195542,7791,7,8.02954,7940,7940,0,0.00295296,0.00249477,0,0,0.00111364,0.0467206,2,2,3.5,0,0,0,0.953279,0.0463355,0.00038506
1,bookshelf_small,45,qpFreeGate,1,1,0.668137,399998,132,20.6067,31800,31800,0,0.00302665,0.00249477,0,0,0.000560042,0,640,127,0.20625,0,0,0,1,0,0
1,bookshelf_small,45,qpEnvelope,1,1,0.0188902,7467,7,8.03142,7733,7733,0,0.00295476,0.00249477,0,0,0.00116221,0.0231686,2,2,3.5,0,0,0,0.976831,0.0227668,0.000401768
1,bookshelf_small,52,isSafe,1,1,0.105196,78906,23,10.3854,7,5194,0,0.00507592,0.00249477,0,0,0,0,94,19,0.244681,0,0,0,0,0,0
1,bookshelf_small,52,qpFixed,1,1,0.0174399,12207,6,7.67453,12208,12208,0,0.00292101,0.00249477,0,0,0.000628699,0,1,1,6,0,0,0,1,0,0
1,bookshelf_small,52,qpPlain,1,1,0.0784722,12207,6,7.67453,12208,12208,0,0.00292101,0.00249477,0,0,0.000628699,0,1,1,6,0,0,0,1,0,0
1,bookshelf_small,52,qpAdaptive,1,1,0.00732624,2918,6,7.67458,5822,5822,0,0.00292087,0.00249477,0,0,0.00263008,0.143934,1,1,6,0,0,0,0.856066,0.142906,0.0010281
1,bookshelf_small,52,qpFreeGate,1,1,0.14387,86739,34,13.5191,18375,18375,0,0.00306755,0.00249477,0,0,0.000592891,0,94,30,0.361702,0,0,0,1,0,0
1,bookshelf_small,52,qpEnvelope,1,1,0.00664616,2524,6,7.67484,5601,5601,0,0.00292087,0.00249477,0,0,0.00304074,0.0653724,1,1,6,0,0,0,0.934628,0.0641838,0.00118859
1,bookshelf_small,59,isSafe,0,0,0,0,0,0,0,0,0,inf,inf,0,0,0,0,0,0,0,0,0,0,0,0,0
1,bookshelf_small,59,qpFixed,0,0,0,0,0,0,0,0,0,inf,inf,0,0,0,0,0,0,0,0,0,0,0,0,0
1,bookshelf_small,59,qpPlain,0,0,0,0,0,0,0,0,0,inf,inf,0,0,0,0,0,0,0,0,0,0,0,0,0
1,bookshelf_small,59,qpAdaptive,0,0,0,0,0,0,0,0,0,inf,inf,0,0,0,0,0,0,0,0,0,0,0,0,0
1,bookshelf_small,59,qpFreeGate,0,0,0,0,0,0,0,0,0,inf,inf,0,0,0,0,0,0,0,0,0,0,0,0,0
1,bookshelf_small,59,qpEnvelope,0,0,0,0,0,0,0,0,0,inf,inf,0,0,0,0,0,0,0,0,0,0,0,0,0
1,bookshelf_small,66,isSafe,1,1,0.0189654,14396,6,7.19083,5,3597,0,0.00156774,0.00249477,0,0,0,0,3,2,2,0,0,0,0,0,0
1,bookshelf_small,66,qpFixed,1,1,0.0106011,7627,6,6.26644,7628,7628,0,0.00294451,0.00249477,0,0,0.000821612,0,1,1,6,0,0,0,1,0,0
1,bookshelf_small,66,qpPlain,1,1,0.0487347,7627,6,6.26644,7628,7628,0,0.00294451,0.00249477,0,0,0.000821612,0,1,1,6,0,0,0,1,0,0
1,bookshelf_small,66,qpAdaptive,1,1,0.00328599,1343,6,6.26644,3931,3931,0,0.0029399,0.00249477,0,0,0.004666,0.220402,1,1,6,0,0,0,0.779598,0.217424,0.00297841
1,bookshelf_small,66,qpFreeGate,1,1,0.0226489,13980,7,8.61387,13002,13002,0,0.00552033,0.00249477,0,0,0.000629574,0,5,3,1.4,0,0,0,1,0,0
1,bookshelf_small,66,qpEnvelope,1,1,0.00267066,1016,6,6.26668,3758,3758,0,0.00294102,0.00249477,0,0,0.006168,0.0659449,1,1,6,0,0,0,0.934055,0.0620079,0.00393701
1,bookshelf_small,73,isSafe,1,1,0.147993,106653,29,15.065,9,7534,0,0.00299617,0.00249477,0,0,0,0,114,25,0.254386,0,0,0,0,0,0
1,bookshelf_small,73,qpFixed,1,1,0.0151731,9229,6,6.2541,9230,9230,0,0.00292468,0.00249477,0,0,0.000677657,0,1,1,6,0,0,0,1,0,0
1,bookshelf_small,73,qpPlain,1,1,0.0609642,9229,6,6.2541,9230,9230,0,0.00292468,0.00249477,0,0,0.000677657,0,1,1,6,0,0,0,1,0,0
1,bookshelf_small,73,qpAdaptive,1,1,0.00982191,4059,6,6.25411,5850,5850,0,0.00292559,0.00249477,0,0,0.0015408,0.0574033,1,1,6,0,0,0,0.942597,0.0566642,0.000739098
1,bookshelf_small,73,qpFreeGate,1,1,0.174784,105674,36,14.6569,21428,21428,0,0.00303744,0.00249477,0,0,0.000593998,0,114,32,0.315789,0,0,0,1,0,0
1,bookshelf_small,73,qpEnvelope,1,1,0.00945584,3841,6,6.25414,5724,5724,0,0.00292373,0.00249477,0,0,0.00162826,0.0242124,1,1,6,0,0,0,0.975788,0.0234314,0.000781047
1,bookshelf_small,80,isSafe,1,1,0.362889,267808,71,19.2173,11,9610,0,0.00387406,0.00249477,0,0,0,0,530,68,0.133962,0,0,0,0,0,0
1,bookshelf_small,80,qpFixed,1,1,0.0352373,18411,10,12.6798,18402,18402,0,0.00240228,0.00249477,0,0,0.000688757,0,2,2,5,0,0,0,1,0,0
1,bookshelf_small,80,qpPlain,1,1,0.128031,18411,10,12.6798,18402,18402,0,0.00240228,0.00249477,0,0,0.000688757,0,2,2,5,0,0,0,1,0,0
1,bookshelf_small,80,qpAdaptive,1,1,0.0288394,11560,10,12.6804,14065,14065,0,0.00240289,0.00249477,0,0,0.001097,0.104844,2,2,5,0,0,0,0.895156,0.104412,0.000432526
1,bookshelf_small,80,qpFreeGate,1,1,0.173469,98433,46,28.9621,43192,43192,0,0.00302085,0.00249477,0,0,0.000623495,0,129,33,0.356589,0,0,0,1,0,0
1,bookshelf_small,80,qpEnvelope,1,1,0.0268734,10349,10,12.6816,13342,13342,0,0.00240233,0.00249477,0,0,0.00122548,0.0650304,2,2,5,0,0,0,0.93497,0.064354,0.000676394
1,bookshelf_small,87,isSafe,1,1,0.0207222,14735,6,7.36423,5,3684,0,0.00547735,0.00249477,0,0,0,0,3,2,2,0,0,0,0,0,0
1,bookshelf_small,87,qpFixed,1,1,0.0149692,8862,7,6.285,8863,8863,0,0.00293623,0.00249477,0,0,0.000709208,0,1,1,7,0,0,0,1,0,0
1,bookshelf_small,87,qpPlain,1,1,0.058888,8862,7,6.285,8863,8863,0,0.00293623,0.00249477,0,0,0.000709208,0,1,1,7,0,0,0,1,0,0
1,bookshelf_small,87,qpAdaptive,1,1,0.00967741,3865,7,6.28499,5570,5570,0,0.0029377,0.00249477,0,0,0.00162613,0.148254,1,1,7,0,0,0,0.851746,0.147477,0.000776197
1,bookshelf_small,87,qpFreeGate,1,1,0.0200896,11450,7,7.67488,11444,11444,0,0.00302909,0.00249477,0,0,0.000670299,0,3,2,2.33333,0,0,0,1,0,0
1,bookshelf_small,87,qpEnvelope,1,1,0.00876231,3378,7,6.28514,5298,5298,0,0.00293676,0.00249477,0,0,0.00186061,0.0820012,1,1,7,0,0,0,0.917999,0.0811131,0.000888099
1,bookshelf_small,95,isSafe,1,1,0.305195,224001,60,23.8367,14,11920,0,0.00196189,0.00249477,0,0,0,0,426,56,0.140845,0,0,0,0,0,0
1,bookshelf_small,95,qpFixed,1,1,0.38976,177829,49,27.8987,43700,43700,0,0.00180046,0.00100313,0,0,0.000459979,0,35,25,1.4,0,0,0,1,0,0
1,bookshelf_small,95,qpPlain,1,1,1.29629,177829,49,27.8987,43700,43700,0,0.00180046,0.00100313,0,0,0.000459979,0,35,25,1.4,0,0,0,1,0,0
1,bookshelf_small,95,qpAdaptive,1,1,0.394308,151893,49,27.8988,39007,39007,0,0.00180083,0.00100313,0,0,0.000538528,0.0103823,35,25,1.4,0,0,0,0.989611,0.0103231,6.58358e-05
1,bookshelf_small,95,qpFreeGate,1,1,0.963026,572429,191,17.2243,26054,26054,0,0.00300632,0.00249477,0,0,0.00057446,0,922,184,0.207158,0,0,0,1,0,0
1,bookshelf_small,95,qpEnvelope,1,1,0.393253,150349,48,27.8963,38655,38655,0,0.00179971,0.00100296,0,0,0.000544049,0.00497509,35,25,1.37143,0,0,0,0.995018,0.00492188,5.98607e-05
1,box,2,isSafe,1,1,0.126085,92712,26,16.8348,10,8419,0,0.00555223,0.00249477,0,0,0,0,122,21,0.213115,0,0,0,0,0,0
1,box,2,qpFixed,1,1,0.0244705,13998,7,7.70029,11394,11394,0,0.00293846,0.00249477,0,0,0.000590791,0,2,2,3.5,0,0,0,1,0,0
1,box,2,qpPlain,1,1,0.094736,13998,7,7.70029,11394,11394,0,0.00293846,0.00249477,0,0,0.000590791,0,2,2,3.5,0,0,0,1,0,0
1,box,2,qpAdaptive,1,1,0.0160995,6260,7,7.70063,6430,6430,0,0.00293846,0.00249477,0,0,0.00132112,0.028115,2,2,3.5,0,0,0,0.971885,0.027476,0.000638978
1,box,2,qpFreeGate,1,1,0.339249,200060,78,14.2737,21839,21839,0,0.00308846,0.00249477,0,0,0.000635636,0,249,69,0.313253,0,0,0,1,0,0
1,box,2,qpEnvelope,1,1,0.0159628,6128,7,7.70139,6360,6360,0,0.00293844,0.00249477,0,0,0.00134971,0.0124021,2,2,3.5,0,0,0,0.987598,0.0117493,0.000652742
1,box,9,isSafe,1,1,0.156262,114958,32,12.0151,8,6009,0,0.0705616,0.00249477,0,0,0,0,151,28,0.211921,0,0,0,0,0,0
1,box,9,qpFixed,1,1,0.0132639,8413,5,5.66166,8414,8414,0,0.00294141,0.00249477,0,0,0.000672965,0,1,1,5,0,0,0,1,0,0
1,box,9,qpPlain,1,1,0.0541062,8413,5,5.66166,8414,8414,0,0.00294141,0.00249477,0,0,0.000672965,0,1,1,5,0,0,0,1,0,0
1,box,9,qpAdaptive,1,1,0.0059301,2316,5,5.66166,4381,4381,0,0.00293962,0.00249477,0,0,0.00244458,0.0721071,1,1,5,0,0,0,0.927893,0.0712435,0.000863558
1,box,9,qpFreeGate,1,1,0.197189,116391,45,11.3849,17260,17260,0,0.00303206,0.00249477,0,0,0.000629346,0,123,38,0.365854,0,0,0,1,0,0
1,box,9,qpEnvelope,1,1,0.00554569,2167,5,5.66166,4292,4292,0,0.00294101,0.00249477,0,0,0.00261267,0.0299954,1,1,5,0,0,0,0.970005,0.0290725,0.000922935
1,box,16,isSafe,1,1,0.0700752,50068,15,16.9054,10,8454,0,0.0254456,0.00249477,0,0,0,0,74,11,0.202703,0,0,0,0,0,0
1,box,16,qpFixed,1,1,0.016689,10790,7,7.91073,10791,10791,0,0.00297088,0.00249477,0,0,0.000733154,0,1,1,7,0,0,0,1,0,0
1,box,16,qpPlain,1,1,0.0701779,10790,7,7.91073,10791,10791,0,0.00297088,0.00249477,0,0,0.000733154,0,1,1,7,0,0,0,1,0,0
1,box,16,qpAdaptive,1,1,0.00370389,1271,7,7.91077,4768,4768,0,0.00297201,0.00249477,0,0,0.00622405,0.239969,1,1,7,0,0,0,0.760031,0.236035,0.00393391
1,box,16,qpFreeGate,1,1,0.45407,263168,95,21.3738,32483,32483,0,0.00297274,0.00249477,0,0,0.000639134,0,455,89,0.208791,0,0,0,1,0,0
1,box,16,qpEnvelope,1,1,0.00328014,1075,7,7.91083,4654,4654,0,0.00297309,0.00249477,0,0,0.00735891,0.182326,1,1,7,0,0,0,0.817674,0.177674,0.00465116
1,box,23,isSafe,1,1,0.0461905,31943,10,9.94883,6,4976,0,0.0579006,0.00249477,0,0,0,0,14,6,0.714286,0,0,0,0,0,0
1,box,23,qpFixed,1,1,0.160406,76000,27,7.70797,11680,11680,0,0.00294813,0.00249477,0,0,0.000549386,0,12,11,2.25,0,0,0,1,0,0
1,box,23,qpPlain,1,1,0.533637,76000,27,7.70797,11680,11680,0,0.00294813,0.00249477,0,0,0.000549386,0,12,11,2.25,0,0,0,1,0,0
1,box,23,qpAdaptive,1,1,0.145431,58344,27,7.70803,6270,6270,0,0.00294815,0.00249477,0,0,0.000715653,0.0284177,12,11,2.25,0,0,0,0.971565,0.0282977,0.000137118
1,box,23,qpFreeGate,1,1,0.111384,61920,29,12.7012,18108,18108,0,0.00324917,0.00249477,0,0,0.000688426,0,54,22,0.537037,0,0,0,1,0,0
1,box,23,qpEnvelope,1,1,0.144268,56826,27,7.70811,6170,6170,0,0.00294816,0.00249477,0,0,0.000734905,0.014606,12,11,2.25,0,0,0,0.985394,0.0144652,0.000140781
1,box,30,isSafe,1,1,0.0147638,10946,5,5.47083,4,2737,0,0.0543931,0.00249477,0,0,0,0,1,1,5,0,0,0,0,0,0
1,box,30,qpFixed,1,1,0.0109403,8774,5,5.47083,8775,8775,0,0.0543931,0.00249477,0,0,0.000623528,0,1,1,5,0,0,0,1,0,0
1,box,30,qpPlain,1,1,0.0549821,8774,5,5.47083,8775,8775,0,0.0543931,0.00249477,0,0,0.000623528,0,1,1,5,0,0,0,1,0,0
1,box,30,qpAdaptive,1,1,0.000375441,75,5,5.47083,2776,2776,0,0.0543931,0.00249477,0,0,0.0729444,1,1,1,5,0,0,0,0,0.96,0.04
1,box,30,qpFreeGate,1,1,0.0146668,8774,5,5.47083,8775,8775,0,0.0543931,0.00249477,0,0,0.000623528,0,1,1,5,0,0,0,1,0,0
1,box,30,qpEnvelope,1,1,0.000210769,24,5,5.47083,2751,2751,0,0.0543931,0.00249477,0,0,0.227951,1,1,1,5,0,0,0,0,0.875,0.125
1,box,37,isSafe,1,1,0.331361,241267,66,11.6878,8,5845,0,0.0305971,0.00249477,0,0,0,0,392,62,0.168367,0,0,0,0,0,0
1,box,37,qpFixed,1,1,0.0148918,9656,5,5.32154,9657,9657,0,0.00293901,0.00249477,0,0,0.000551112,0,1,1,5,0,0,0,1,0,0
1,box,37,qpPlain,1,1,0.0631638,9656,5,5.32154,9657,9657,0,0.00293901,0.00249477,0,0,0.000551112,0,1,1,5,0,0,0,1,0,0
1,box,37,qpAdaptive,1,1,0.00536448,2010,5,5.32186,4194,4194,0,0.00293896,0.00249477,0,0,0.00264769,0.0746269,1,1,5,0,0,0,0.925373,0.0731343,0.00149254
1,box,37,qpFreeGate,1,1,0.115435,64387,29,17.3523,25001,25001,0,0.0030522,0.00249477,0,0,0.00062963,0,67,23,0.432836,0,0,0,1,0,0
1,box,37,qpEnvelope,1,1,0.00519364,1909,5,5.32291,4146,4146,0,0.0029394,0.00249477,0,0,0.00278832,0.0529073,1,1,5,0,0,0,0.947093,0.0513358,0.0015715
1,box,44,isSafe,1,1,0.0849961,61148,18,16.5186,10,8261,0,0.0124466,0.00249477,0,0,0,0,38,14,0.473684,0,0,0,0,0,0
1,box,44,qpFixed,1,1,0.0116804,6864,5,5.36984,6865,6865,0,0.00294073,0.00249477,0,0,0.00078232,0,1,1,5,0,0,0,1,0,0
1,box,44,qpPlain,1,1,0.0455916,6864,5,5.36984,6865,6865,0,0.00294073,0.00249477,0,0,0.00078232,0,1,1,5,0,0,0,1,0,0
1,box,44,qpAdaptive,1,1,0.00386984,1304,5,5.36997,3455,3455,0,0.00294062,0.00249477,0,0,0.00411807,0.119632,1,1,5,0,0,0,0.880368,0.117331,0.00230061
1,box,44,qpFreeGate,1,1,0.0932275,52346,24,12.0124,16734,16734,0,0.00301865,0.00249477,0,0,0.000668718,0,42,17,0.571429,0,0,0,1,0,0
1,box,44,qpEnvelope,1,1,0.003628,1189,5,5.37026,3393,3393,0,0.00294082,0.00249477,0,0,0.00451662,0.0672834,1,1,5,0,0,0,0.931876,0.0656013,0.00252313
1,box,51,isSafe,1,1,0.146273,109089,30,10.3598,7,5181,0,0.0150978,0.00249477,0,0,0,0,206,26,0.145631,0,0,0,0,0,0
1,box,51,qpFixed,1,1,0.0350507,17784,10,10.2732,14821,14821,0,0.00293734,0.00249477,0,0,0.00064643,0,3,3,3.33333,0,0,0,1,0,0
1,box,51,qpPlain,1,1,0.122685,17784,10,10.2732,14821,14821,0,0.00293734,0.00249477,0,0,0.00064643,0,3,3,3.33333,0,0,0,1,0,0
1,box,51,qpAdaptive,1,1,0.0312465,12924,10,10.2734,11905,11905,0,0.00293734,0.00249477,0,0,0.000889534,0.0227484,3,3,3.33333,0,0,0,0.977252,0.0225162,0.000232126
1,box,51,qpFreeGate,1,1,0.142216,80189,37,13.2644,20142,20142,0,0.00298486,0.00249477,0,0,0.000638267,0,94,27,0.393617,0,0,0,1,0,0
1,box,51,qpEnvelope,1,1,0.0308469,12533,10,10.2742,11727,11727,0,0.00293744,0.00249477,0,0,0.000917343,0.0157185,3,3,3.33333,0,0,0,0.984281,0.0154791,0.000239368
1,box,58,isSafe,1,1,0.0565761,40903,13,10.4104,7,5207,0,0.018522,0.00249477,0,0,0,0,33,9,0.393939,0,0,0,0,0,0
1,box,58,qpFixed,1,1,0.0390697,19630,10,7.86926,11280,11280,0,0.00297812,0.00249477,0,0,0.000598716,0,3,3,3.33333,0,0,0,1,0,0
1,box,58,qpPlain,1,1,0.133737,19630,10,7.86926,11280,11280,0,0.00297812,0.00249477,0,0,0.000598716,0,3,3,3.33333,0,0,0,1,0,0
1,box,58,qpAdaptive,1,1,0.0349875,14476,10,7.86961,8027,8027,0,0.00297833,0.00249477,0,0,0.000811918,0.037165,3,3,3.33333,0,0,0,0.962766,0.0369577,0.000276319
1,box,58,qpFreeGate,1,1,0.0578508,33774,18,12.4607,17835,17835,0,0.00307062,0.00249477,0,0,0.000657226,0,33,13,0.545455,0,0,0,1,0,0
1,box,58,qpEnvelope,1,1,0.0342367,13881,10,7.87056,7737,7737,0,0.00297841,0.00249477,0,0,0.000846816,0.0237735,3,3,3.33333,0,0,0,0.976226,0.0234853,0.000288164
1,box,65,isSafe,1,1,0.0621538,45743,14,10.833,7,5418,0,0.00448512,0.00249477,0,0,0,0,39,9,0.358974,0,0,0,0,0,0
1,box,65,qpFixed,1,1,0.0235226,11944,7,8.05047,11251,11251,0,0.0028906,0.00249477,0,0,0.000698761,0,2,2,3.5,0,0,0,1,0,0
1,box,65,qpPlain,1,1,0.0819387,11944,7,8.05047,11251,11251,0,0.0028906,0.00249477,0,0,0.000698761,0,2,2,3.5,0,0,0,1,0,0
1,box,65,qpAdaptive,1,1,0.0189554,7395,7,8.05071,8313,8313,0,0.00288773,0.00249477,0,0,0.00112863,0.0457066,2,2,3.5,0,0,0,0.954293,0.0453009,0.00040568
1,box,65,qpFreeGate,1,1,0.0961366,54367,24,10.8601,16355,16355,0,0.00301458,0.00249477,0,0,0.000650959,0,57,18,0.421053,0,0,0,1,0,0
1,box,65,qpEnvelope,1,1,0.0185275,7101,7,8.05145,8135,8135,0,0.00288251,0.00249477,0,0,0.00117547,0.0294325,2,2,3.5,0,0,0,0.970568,0.02901,0.000422476
1,box,72,isSafe,1,1,0.132893,97941,28,12.2775,8,6140,0,0.0272462,0.00249477,0,0,0,0,74,23,0.378378,0,0,0,0,0,0
1,box,72,qpFixed,1,1,0.0139129,8568,5,5.59991,8569,8569,0,0.00294751,0.00249477,0,0,0.000653585,0,1,1,5,0,0,0,1,0,0
1,box,72,qpPlain,1,1,0.0564787,8568,5,5.59991,8569,8569,0,0.00294751,0.00249477,0,0,0.000653585,0,1,1,5,0,0,0,1,0,0
1,box,72,qpAdaptive,1,1,0.00324348,1285,5,5.6002,3671,3671,0,0.00294563,0.00249477,0,0,0.00435813,0.204669,1,1,5,0,0,0,0.795331,0.202335,0.00233463
1,box,72,qpFreeGate,1,1,0.0503968,27938,17,16.3206,22920,22920,0,0.00305162,0.00249477,0,0,0.000668191,0,18,8,0.944444,0,0,0,1,0,0
1,box,72,qpEnvelope,1,1,0.00276533,1048,5,5.60117,3514,3514,0,0.00294009,0.00249477,0,0,0.00534463,0.138359,1,1,5,0,0,0,0.861641,0.135496,0.0028626
1,box,79,isSafe,1,1,0.0163252,12310,6,6.14358,5,3073,0,0.0289685,0.00249477,0,0,0,0,11,2,0.545455,0,0,0,0,0,0
1,box,79,qpFixed,1,1,0.0834587,45828,21,11.3458,17379,17379,0,0.00293918,0.00249477,0,0,0.000615019,0,8,7,2.625,0,0,0,1,0,0
1,box,79,qpPlain,1,1,0.309869,45828,21,11.3458,17379,17379,0,0.00293918,0.00249477,0,0,0.000615019,0,8,7,2.625,0,0,0,1,0,0
1,box,79,qpAdaptive,1,1,0.0691527,30185,22,11.3468,11458,11458,0,0.00294535,0.00249477,0,0,0.00093384,0.0659268,8,7,2.75,0,0,0,0.933941,0.065728,0.00033129
1,box,79,qpFreeGate,1,1,0.0876083,51033,24,13.0538,19331,19331,0,0.00302824,0.00249477,0,0,0.000631355,0,61,17,0.393443,0,0,0,1,0,0
1,box,79,qpEnvelope,1,1,0.0686847,29971,23,11.348,11269,11269,0,0.00293951,0.00249477,0,0,0.000940668,0.028661,8,7,2.875,0,0,0,0.971205,0.0283274,0.000467118
1,box,86,isSafe,1,1,0.107292,77257,22,10.9441,7,5474,0,0.042624,0.00249477,0,0,0,0,56,18,0.392857,0,0,0,0,0,0
1,box,86,qpFixed,1,1,0.0165702,8964,6,6.82775,8965,8965,0,0.00294624,0.00249477,0,0,0.000761686,0,1,1,6,0,0,0,1,0,0
1,box,86,qpPlain,1,1,0.061449,8964,6,6.82775,8965,8965,0,0.00294624,0.00249477,0,0,0.000761686,0,1,1,6,0,0,0,1,0,0
1,box,86,qpAdaptive,1,1,0.00931858,3416,6,6.82782,5565,5565,0,0.00294587,0.00249477,0,0,0.00199878,0.059719,1,1,6,0,0,0,0.940281,0.0588407,0.00087822
1,box,86,qpFreeGate,1,1,0.08446,50461,24,18.0975,27991,27991,0,0.00305957,0.00249477,0,0,0.000634062,0,29,17,0.827586,0,0,0,1,0,0
1,box,86,qpEnvelope,1,1,0.00899631,3223,6,6.828,5453,5453,0,0.00294758,0.00249477,0,0,0.00211852,0.0412659,1,1,6,0,0,0,0.958734,0.0403351,0.00093081
1,box,93,isSafe,1,1,0.120461,85789,24,13.5196,8,6761,0,0.0166777,0.00249477,0,0,0,0,102,20,0.235294,0,0,0,0,0,0
1,box,93,qpFixed,1,1,0.0142566,8531,5,5.72245,8532,8532,0,0.00293864,0.00249477,0,0,0.000670783,0,1,1,5,0,0,0,1,0,0
1,box,93,qpPlain,1,1,0.0562343,8531,5,5.72245,8532,8532,0,0.00293864,0.00249477,0,0,0.000670783,0,1,1,5,0,0,0,1,0,0
1,box,93,qpAdaptive,1,1,0.00587487,2305,5,5.72253,4431,4431,0,0.00293832,0.00249477,0,0,0.00248266,0.110195,1,1,5,0,0,0,0.889805,0.108894,0.00130152
1,box,93,qpFreeGate,1,1,0.0796531,45303,19,12.3681,16787,16787,0,0.00306965,0.00249477,0,0,0.000657002,0,32,13,0.59375,0,0,0,1,0,0
1,box,93,qpEnvelope,1,1,0.00545091,2064,5,5.72266,4289,4289,0,0.00293869,0.00249477,0,0,0.00277261,0.0557171,1,1,5,0,0,0,0.944283,0.0542636,0.00145349
1,box,100,isSafe,1,1,0.0246779,16450,7,8.21993,6,4111,0,0.0184661,0.00249477,0,0,0,0,3,1,2.33333,0,0,0,0,0,0
1,box,100,qpFixed,1,1,0.0231989,14457,9,10.1198,13171,13171,0,0.00394062,0.00249477,0,0,0.000764384,0,2,2,4.5,0,0,0,1,0,0
1,box,100,qpPlain,1,1,0.0960834,14457,9,10.1198,13171,13171,0,0.00394062,0.00249477,0,0,0.000764384,0,2,2,4.5,0,0,0,1,0,0
1,box,100,qpAdaptive,1,1,0.00152996,403,9,10.1202,5162,5162,0,0.00374999,0.00249477,0,0,0.0274227,0.985112,2,2,4.5,0,0,0,0.0148883,0.965261,0.0198511
1,box,100,qpFreeGate,1,1,0.0275161,14310,9,10.0557,13186,13186,0,0.00393724,0.00249477,0,0,0.000750289,0,2,2,4.5,0,0,0,1,0,0
1,box,100,qpEnvelope,1,1,0.000902425,160,10,10.1207,5105,5105,0,0.00344747,0.00249477,0,0,0.0690769,0.9875,2,2,5,0,0,0,0.0125,0.93125,0.05625
1,table_pick,7,isSafe,1,1,0.0322925,24450,9,4.19781,4,2100,0,0.00079225,0.00249477,0,0,0,0,12,5,0.75,0,0,0,0,0,0
1,table_pick,7,qpFixed,1,1,0.0132815,7916,6,6.16814,7917,7917,0,0.00302588,0.00249477,0,0,0.000779199,0,1,1,6,0,0,0,1,0,0
1,table_pick,7,qpPlain,1,1,0.0532209,7916,6,6.16814,7917,7917,0,0.00302588,0.00249477,0,0,0.000779199,0,1,1,6,0,0,0,1,0,0
1,table_pick,7,qpAdaptive,1,1,0.00220203,713,6,6.16825,3517,3517,0,0.00302393,0.00249477,0,0,0.00865112,0.304348,1,1,6,0,0,0,0.695652,0.298738,0.0056101
1,table_pick,7,qpFreeGate,1,1,0.0411116,23441,9,3.66332,4756,4756,0,0.00402265,0.00249477,0,0,0.000621094,0,22,6,0.409091,0,0,0,1,0,0
1,table_pick,7,qpEnvelope,1,1,0.00176132,559,6,6.16854,3406,3406,0,0.00303126,0.00249477,0,0,0.0110349,0.436494,1,1,6,0,0,0,0.563506,0.429338,0.00715564
1,table_pick,14,isSafe,1,1,0.0638947,46374,14,13.1775,8,6590,0,0.00184068,0.00249477,0,0,0,0,40,10,0.35,0,0,0,0,0,0
1,table_pick,14,qpFixed,1,1,0.0220037,14991,7,9.4048,14992,14992,0,0.00296404,0.00249477,0,0,0.000627363,0,1,1,7,0,0,0,1,0,0
1,table_pick,14,qpPlain,1,1,0.0976041,14991,7,9.4048,14992,14992,0,0.00296404,0.00249477,0,0,0.000627363,0,1,1,7,0,0,0,1,0,0
1,table_pick,14,qpAdaptive,1,1,0.00248099,893,7,9.40482,5283,5283,0,0.0029609,0.00249477,0,0,0.0105317,0.335946,1,1,7,0,0,0,0.664054,0.330347,0.0055991
1,table_pick,14,qpFreeGate,1,1,0.1082,63336,25,14.4799,21353,21353,0,0.00483279,0.00249477,0,0,0.000614558,0,60,21,0.416667,0,0,0,1,0,0
1,table_pick,14,qpEnvelope,1,1,0.00200524,675,7,9.40488,5135,5135,0,0.00296198,0.00249477,0,0,0.0139332,0.343704,1,1,7,0,0,0,0.656296,0.336296,0.00740741
1,table_pick,21,isSafe,1,1,0.0813149,58174,17,7.49849,5,3751,0,0.00174296,0.00249477,0,0,0,0,62,14,0.274194,0,0,0,0,0,0
1,table_pick,21,qpFixed,1,1,0.0479451,24540,9,8.84577,14402,14402,0,0.00292992,0.00249477,0,0,0.000537029,0,3,3,3,0,0,0,1,0,0
1,table_pick,21,qpPlain,1,1,0.16851,24540,9,8.84577,14402,14402,0,0.00292992,0.00249477,0,0,0.000537029,0,3,3,3,0,0,0,1,0,0
1,table_pick,21,qpAdaptive,1,1,0.0382981,14800,9,8.84621,7700,7700,0,0.00293041,0.00249477,0,0,0.000890487,0.0583108,3,3,3,0,0,0,0.941689,0.0581081,0.000202703
1,table_pick,21,qpFreeGate,1,1,0.294987,175305,60,13.5779,19627,19627,0,0.00304002,0.00249477,0,0,0.000600018,0,216,56,0.277778,0,0,0,1,0,0
1,table_pick,21,qpEnvelope,1,1,0.0366001,14058,10,8.84724,7255,7255,0,0.00293277,0.00249477,0,0,0.000937594,0.0294494,3,3,3.33333,0,0,0,0.970479,0.029236,0.000284535
1,table_pick,28,isSafe,1,1,0.0284356,20141,8,4.03811,4,2021,0,0.00244162,0.00249477,0,0,0,0,18,4,0.444444,0,0,0,0,0,0
1,table_pick,28,qpFixed,1,1,0.0105713,7150,5,5.63577,7151,7151,0,0.00296703,0.00249477,0,0,0.000788219,0,1,1,5,0,0,0,1,0,0
1,table_pick,28,qpPlain,1,1,0.0460518,7150,5,5.63577,7151,7151,0,0.00296703,0.00249477,0,0,0.000788219,0,1,1,5,0,0,0,1,0,0
1,table_pick,28,qpAdaptive,1,1,0.00229527,795,5,5.63584,3276,3276,0,0.00296709,0.00249477,0,0,0.00708911,0.325786,1,1,5,0,0,0,0.674214,0.322013,0.00377358
1,table_pick,28,qpFreeGate,1,1,0.0522558,31265,13,4.69133,7127,7127,0,0.00455385,0.00249477,0,0,0.000609579,0,22,9,0.590909,0,0,0,1,0,0
1,table_pick,28,qpEnvelope,1,1,0.00196305,618,5,5.63593,3169,3169,0,0.00295697,0.00249477,0,0,0.00911963,0.328479,1,1,5,0,0,0,0.671521,0.323625,0.00485437
1,table_pick,35,isSafe,1,1,0.0326748,24156,9,10.0628,7,5033,0,0.0078632,0.00249477,0,0,0,0,12,4,0.75,0,0,0,0,0,0
1,table_pick,35,qpFixed,1,1,0.0386058,21666,10,11.3347,16873,16873,0,0.00297477,0.00249477,0,0,0.000650854,0,2,2,5,0,0,0,1,0,0
1,table_pick,35,qpPlain,1,1,0.146186,21666,10,11.3347,16873,16873,0,0.00297477,0.00249477,0,0,0.000650854,0,2,2,5,0,0,0,1,0,0
1,table_pick,35,qpAdaptive,1,1,0.025419,10145,10,11.3347,9525,9525,0,0.00297237,0.00249477,0,0,0.00139,0.0510596,2,2,5,0,0,0,0.94894,0.0506654,0.000394283
1,table_pick,35,qpFreeGate,1,1,0.0392494,23090,10,13.2641,18286,18286,0,0.00786339,0.00249477,0,0,0.000643516,0,23,6,0.434783,0,0,0,1,0,0
1,table_pick,35,qpEnvelope,1,1,0.0246807,9686,10,11.335,9376,9376,0,0.00297302,0.00249477,0,0,0.00145593,0.0234359,2,2,5,0,0,0,0.976564,0.0230229,0.000412967
1,table_pick,42,isSafe,1,1,0.0840502,61579,18,12.5664,8,6285,0,0.00566457,0.00249477,0,0,0,0,48,14,0.375,0,0,0,0,0,0
1,table_pick,42,qpFixed,1,1,0.0183989,12337,6,7.10505,12338,12338,0,0.00296687,0.00249477,0,0,0.000575914,0,1,1,6,0,0,0,1,0,0
1,table_pick,42,qpPlain,1,1,0.0808981,12337,6,7.10505,12338,12338,0,0.00296687,0.00249477,0,0,0.000575914,0,1,1,6,0,0,0,1,0,0
1,table_pick,42,qpAdaptive,1,1,0.00344157,1177,6,7.10546,4457,4457,0,0.00296684,0.00249477,0,0,0.00603692,0.190314,1,1,6,0,0,0,0.809686,0.186916,0.00339847
1,table_pick,42,qpFreeGate,1,1,0.088576,53954,22,10.7641,16720,16720,0,0.00720909,0.00249477,0,0,0.00058419,0,48,18,0.458333,0,0,0,1,0,0
1,table_pick,42,qpEnvelope,1,1,0.00308325,1017,6,7.10619,4353,4353,0,0.00296737,0.00249477,0,0,0.00698741,0.143559,1,1,6,0,0,0,0.856441,0.139626,0.00393314
1,table_pick,49,isSafe,1,1,0.0213893,16430,7,8.21062,6,4107,0,0.0057533,0.00249477,0,0,0,0,4,1,1.75,0,0,0,0,0,0
1,table_pick,49,qpFixed,1,1,0.029241,20080,10,10.9956,16631,16631,0,0.00304013,0.00249477,0,0,0.000659427,0,2,2,5,0,0,0,1,0,0
1,table_pick,49,qpPlain,1,1,0.130036,20080,10,10.9956,16631,16631,0,0.00304013,0.00249477,0,0,0.000659427,0,2,2,5,0,0,0,1,0,0
1,table_pick,49,qpAdaptive,1,1,0.00284819,954,10,10.9963,5979,5979,0,0.00303626,0.00249477,0,0,0.0138806,0.567086,2,2,5,0,0,0,0.432914,0.557652,0.00943396
1,table_pick,49,qpFreeGate,1,1,0.0472522,26885,12,11.1166,15772,15772,0,0.00307149,0.00249477,0,0,0.000678555,0,9,6,1.33333,0,0,0,1,0,0
1,table_pick,49,qpEnvelope,1,1,0.00208693,583,10,10.9965,5797,5797,0,0.00304595,0.00249477,0,0,0.0227141,0.607204,2,2,5,0,0,0,0.392796,0.591767,0.0154374
1,table_pick,56,isSafe,1,1,0.0779294,55813,17,10.117,7,5060,0,0.00231262,0.00249477,0,0,0,0,53,11,0.320755,0,0,0,0,0,0
1,table_pick,56,qpFixed,1,1,0.0191504,13974,7,8.16713,13975,13975,0,0.00295785,0.00249477,0,0,0.000584452,0,1,1,7,0,0,0,1,0,0
1,table_pick,56,qpPlain,1,1,0.0887639,13974,7,8.16713,13975,13975,0,0.00295785,0.00249477,0,0,0.000584452,0,1,1,7,0,0,0,1,0,0
1,table_pick,56,qpAdaptive,1,1,0.00764866,3326,7,8.16713,6445,6445,0,0.00295793,0.00249477,0,0,0.00245554,0.101022,1,1,7,0,0,0,0.898978,0.0998196,0.00120265
1,table_pick,56,qpFreeGate,1,1,0.682029,403131,124,13.872,20556,20556,0,0.00296647,0.00249477,0,0,0.000571409,0,550,119,0.225455,0,0,0,1,0,0
1,table_pick,56,qpEnvelope,1,1,0.00726859,3059,7,8.16713,6274,6274,0,0.00295549,0.00249477,0,0,0.00266987,0.0908794,1,1,7,0,0,0,0.909121,0.0895718,0.00130762
1,table_pick,63,isSafe,1,1,0.04485,31576,10,7.66611,5,3835,0,0.00630768,0.00249477,0,0,0,0,24,7,0.416667,0,0,0,0,0,0
1,table_pick,63,qpFixed,1,1,0.0454404,23846,9,11.5914,16644,16644,0,0.00294005,0.00249477,0,0,0.000560426,0,4,3,2.25,0,0,0,1,0,0
1,table_pick,63,qpPlain,1,1,0.165386,23846,9,11.5914,16644,16644,0,0.00294005,0.00249477,0,0,0.000560426,0,4,3,2.25,0,0,0,1,0,0
1,table_pick,63,qpAdaptive,1,1,0.0338581,12911,9,11.5917,9852,9852,0,0.0029429,0.00249477,0,0,0.00103509,0.0192859,4,3,2.25,0,0,0,0.980714,0.0188986,0.000387267
1,table_pick,63,qpFreeGate,1,1,0.0503533,28366,12,7.66611,10266,10266,0,0.00630768,0.00249477,0,0,0.000624049,0,24,9,0.5,0,0,0,1,0,0
1,table_pick,63,qpEnvelope,1,1,0.0334803,12662,9,11.5923,9719,9719,0,0.00293521,0.00249477,0,0,0.00105551,0.0117675,4,3,2.25,0,0,0,0.988233,0.0113726,0.000394882
1,table_pick,70,isSafe,1,1,0.0858717,62910,18,13.2888,8,6646,0,0.00401825,0.00249477,0,0,0,0,60,14,0.3,0,0,0,0,0,0
1,table_pick,70,qpFixed,1,1,0.0180172,13867,7,8.49949,13868,13868,0,0.00292708,0.00249477,0,0,0.000612929,0,1,1,7,0,0,0,1,0,0
1,table_pick,70,qpPlain,1,1,0.0871052,13867,7,8.49949,13868,13868,0,0.00292708,0.00249477,0,0,0.000612929,0,1,1,7,0,0,0,1,0,0
1,table_pick,70,qpAdaptive,1,1,0.00193732,685,7,8.49949,4712,4712,0,0.00292635,0.00249477,0,0,0.012408,0.284672,1,1,7,0,0,0,0.715328,0.277372,0.00729927
1,table_pick,70,qpFreeGate,1,1,0.0962312,57823,21,13.2775,16637,16637,0,0.00401825,0.00249477,0,0,0.000600883,0,60,17,0.35,0,0,0,1,0,0
1,table_pick,70,qpEnvelope,1,1,0.00157175,527,7,8.4995,4618,4618,0,0.00292603,0.00249477,0,0,0.0161281,0.163188,1,1,7,0,0,0,0.836812,0.1537,0.00948767
1,table_pick,77,isSafe,1,1,0.038918,28764,10,10.3251,7,5164,0,0.00712956,0.00249477,0,0,0,0,28,6,0.357143,0,0,0,0,0,0
1,table_pick,77,qpFixed,1,1,0.0163424,9384,11,6.18229,9385,9385,0,0.00294155,0.00249477,0,0,0.000658812,0,1,1,11,0,0,0,1,0,0
1,table_pick,77,qpPlain,1,1,0.0613717,9384,11,6.18229,9385,9385,0,0.00294155,0.00249477,0,0,0.000658812,0,1,1,11,0,0,0,1,0,0
1,table_pick,77,qpAdaptive,1,1,0.0731791,35108,25,16.4782,18225,18225,0,0.00293838,0.00249477,0,0,0.000924148,0.0642873,8,8,3.125,0,0,0,0.93557,0.0641734,0.000256352
1,table_pick,77,qpFreeGate,1,1,0.0172477,10366,6,4.51976,6921,6921,0,0.00304837,0.00249477,0,0,0.000630045,0,5,2,1.2,0,0,0,1,0,0
1,table_pick,77,qpEnvelope,1,1,0.0106854,4472,10,6.18246,6146,6146,0,0.00293364,0.00249477,0,0,0.00138248,0.0427102,1,1,10,0,0,0,0.956395,0.0424866,0.00111807
1,table_pick,84,isSafe,1,1,0.0931257,67212,19,17.4689,10,8736,0,0.00265853,0.00249477,0,0,0,0,66,15,0.287879,0,0,0,0,0,0
1,table_pick,84,qpFixed,1,1,0.0231852,14727,7,9.25494,14728,14728,0,0.00292748,0.00249477,0,0,0.000628434,0,1,1,7,0,0,0,1,0,0
1,table_pick,84,qpPlain,1,1,0.0963521,14727,7,9.25494,14728,14728,0,0.00292748,0.00249477,0,0,0.000628434,0,1,1,7,0,0,0,1,0,0
1,table_pick,84,qpAdaptive,1,1,0.011124,4429,7,9.25507,7739,7739,0,0.00292432,0.00249477,0,0,0.00208965,0.142922,1,1,7,0,0,0,0.857078,0.142019,0.000903138
1,table_pick,84,qpFreeGate,1,1,0.115056,65487,24,17.7899,24446,24446,0,0.00305303,0.00249477,0,0,0.000578216,0,89,20,0.269663,0,0,0,1,0,0
1,table_pick,84,qpEnvelope,1,1,0.0102995,3911,7,9.25524,7374,7374,0,0.00292339,0.00249477,0,0,0.00236647,0.11148,1,1,7,0,0,0,0.88852,0.110458,0.00102276
1,table_pick,91,isSafe,1,1,0.119698,85313,24,7.00172,5,3502,0,0.00228832,0.00249477,0,0,0,0,120,20,0.2,0,0,0,0,0,0
1,table_pick,91,qpFixed,1,1,0.0407583,23934,13,8.89279,12297,12297,0,0.00297708,0.00249477,0,0,0.000652759,0,4,4,3.25,0,0,0,1,0,0
1,table_pick,91,qpPlain,1,1,0.15977,23934,13,8.89279,12297,12297,0,0.00297708,0.00249477,0,0,0.000652759,0,4,4,3.25,0,0,0,1,0,0
1,table_pick,91,qpAdaptive,1,1,0.0279095,11696,14,8.893,5349,5349,0,0.00297677,0.00249477,0,0,0.00133595,0.0503591,4,4,3.5,0,0,0,0.949555,0.0495896,0.000854993
1,table_pick,91,qpFreeGate,1,1,0.0507652,29485,13,13.5101,21650,21650,0,0.00297984,0.00249477,0,0,0.00058696,0,25,9,0.52,0,0,0,1,0,0
1,table_pick,91,qpEnvelope,1,1,0.0266932,11266,13,8.89572,5149,5149,0,0.00297698,0.00249477,0,0,0.00138732,0.0102077,4,4,3.25,0,0,0,0.989792,0.00932008,0.000887626
1,table_pick,98,isSafe,1,1,0.0333833,24171,9,10.0607,7,5032,1,-7.68622e-06,0.00249477,0,0,0,0,7,4,1.28571,0,0,0,0,0,0
1,table_pick,98,qpFixed,1,1,0.0168568,9160,6,5.71036,9161,9161,0,0.00293992,0.00249477,0,0,0.000623402,0,1,1,6,0,0,0,1,0,0
1,table_pick,98,qpPlain,1,1,0.0616551,9160,6,5.71036,9161,9161,0,0.00293992,0.00249477,0,0,0.000623402,0,1,1,6,0,0,0,1,0,0
1,table_pick,98,qpAdaptive,1,1,0.0123562,4837,6,5.71074,6336,6336,0,0.00293994,0.00249477,0,0,0.00118064,0.0744263,1,1,6,0,0,0,0.925574,0.0738061,0.000620219
1,table_pick,98,qpFreeGate,1,1,0.0712322,43132,17,13.7654,19514,19514,0,0.00405056,0.00249477,0,0,0.000636974,0,32,11,0.53125,0,0,0,1,0,0
1,table_pick,98,qpEnvelope,1,1,0.0116618,4516,6,5.71054,6152,6152,0,0.00293995,0.00249477,0,0,0.00126451,0.0347653,1,1,6,0,0,0,0.965235,0.034101,0.000664305
1,cage,5,isSafe,1,1,2.17327,1567430,496,22.7363,13,11370,0,0.00521979,0.00249477,0,0,0,0,4438,493,0.111762,0,0,0,0,0,0
1,cage,5,qpFixed,1,1,1.6755,753409,179,15.531,22496,22496,0,0.00249679,0.00249477,0,0,0.000459906,0,176,113,1.01705,0,0,0,1,0,0
1,cage,5,qpPlain,1,1,5.49276,753409,179,15.531,22496,22496,0,0.00249679,0.00249477,0,0,0.000459906,0,176,113,1.01705,0,0,0,1,0,0
1,cage,5,qpAdaptive,1,1,1.70729,658787,179,15.5313,18731,18731,0,0.00248512,0.00249477,0,0,0.000525977,0.0119629,176,113,1.01705,0,0,0,0.988034,0.0119204,4.55382e-05
1,cage,5,qpFreeGate,1,1,5.71999,3290277,1329,23.9132,36553,36553,0,0.00301942,0.00101809,0,12,0.000581945,0,7979,1287,0.166562,0,0,0,1,0,0
1,cage,5,qpEnvelope,1,1,1.70665,652538,179,15.5315,18052,18052,0,0.002489,0.00249477,0,0,0.000531066,0.00751374,176,113,1.01705,0,0,0,0.992483,0.0074693,4.75068e-05
1,cage,12,isSafe,1,1,3.95549,2821484,966,17.7172,11,8860,0,0.0054211,0.00249477,0,0,0,0,9256,963,0.104365,0,0,0,0,0,0
1,cage,12,qpFixed,1,1,1.17167,543137,138,20.3394,32479,32479,0,0.002958,0.00249477,0,0,0.000462285,0,116,80,1.18966,0,0,0,1,0,0
1,cage,12,qpPlain,1,1,3.91197,543137,138,20.3394,32479,32479,0,0.002958,0.00249477,0,0,0.000462285,0,116,80,1.18966,0,0,0,1,0,0
1,cage,12,qpAdaptive,1,1,1.17933,465406,138,20.3413,21043,21043,0,0.00295831,0.00249477,0,0,0.000539516,0.0178489,116,80,1.18966,0,0,0,0.982136,0.0178038,6.01625e-05
1,cage,12,qpFreeGate,1,1,2.49412,1453326,533,27.2491,40545,40545,0,0.00300678,0.00249477,0,4,0.000587479,0,2939,510,0.181354,0,0,0,1,0,0
1,cage,12,qpEnvelope,1,1,1.18179,463172,138,20.3484,20712,20712,0,0.0029547,0.00249477,0,0,0.00054221,0.00731046,116,80,1.18966,0,0,0,0.992679,0.0072608,6.04527e-05
1,cage,19,isSafe,1,1,8.42052,6172655,2508,29.4044,18,14704,0,0.0126281,0.00249477,0,0,0,0,25410,2504,0.0987013,0,0,0,0,0,0
1,cage,19,qpFixed,1,1,0.660085,305709,80,19.6078,30576,30576,0,0.00293971,0.00249477,0,0,0.000467432,0,61,43,1.31148,0,0,0,1,0,0
1,cage,19,qpPlain,1,1,2.20521,305709,80,19.6078,30576,30576,0,0.00293971,0.00249477,0,0,0.000467432,0,61,43,1.31148,0,0,0,1,0,0
1,cage,19,qpAdaptive,1,1,0.650253,256785,80,19.6088,18638,18638,0,0.00293991,0.00249477,0,0,0.000556517,0.0218704,61,43,1.31148,0,0,0,0.978122,0.0218276,5.0626e-05
1,cage,19,qpFreeGate,1,1,2.18013,1266249,459,25.3931,38837,38837,0,0.00299855,0.00249477,0,0,0.000577373,0,2618,436,0.175325,0,0,0,1,0,0
1,cage,19,qpEnvelope,1,1,0.650601,253995,80,19.6152,18422,18422,0,0.00293958,0.00249477,0,0,0.000562772,0.00984665,61,43,1.31148,0,0,0,0.990153,0.00980334,4.33079e-05
1,cage,26,isSafe,1,1,7.54344,5477360,2153,33.1831,20,16593,0,0.00318815,0.00249477,0,0,0,0,19953,2148,0.107904,0,0,0,0,0,0
1,cage,26,qpFixed,1,1,0.629007,299810,89,22.1715,31709,31709,0,0.00257077,0.00249477,0,0,0.000503675,0,59,47,1.50847,0,0,0,1,0,0
1,cage,26,qpPlain,1,1,2.13678,299810,89,22.1715,31709,31709,0,0.00257077,0.00249477,0,0,0.000503675,0,59,47,1.50847,0,0,0,1,0,0
1,cage,26,qpAdaptive,1,1,0.612185,249106,89,22.1726,22349,22349,0,0.00257025,0.00249477,0,0,0.000606231,0.0245759,59,47,1.50847,0,0,0,0.97542,0.0245197,6.02153e-05
1,cage,26,qpFreeGate,1,1,5.78674,3303005,1327,26.9756,39287,39287,0,0.0030098,0.00249477,0,15,0.000581275,0,7784,1287,0.170478,0,0,0,1,0,0
1,cage,26,qpEnvelope,1,1,0.612179,244822,89,22.1739,22002,22002,0,0.00256561,0.00249477,0,0,0.000617005,0.0159463,59,47,1.50847,0,0,0,0.98405,0.0158891,6.1269e-05
1,cage,33,isSafe,1,1,0.089004,67855,19,15.8652,9,7934,0,0.0187532,0.00249477,0,0,0,0,55,15,0.345455,0,0,0,0,0,0
1,cage,33,qpFixed,1,1,0.84198,387416,106,21.1605,35025,35025,0,0.00293756,0.00249477,0,0,0.000483728,0,82,58,1.29268,0,0,0,1,0,0
1,cage,33,qpPlain,1,1,2.80027,387416,106,21.1605,35025,35025,0,0.00293756,0.00249477,0,0,0.000483728,0,82,58,1.29268,0,0,0,1,0,0
1,cage,33,qpAdaptive,1,1,0.851673,335029,106,21.1609,28931,28931,0,0.00293757,0.00249477,0,0,0.000559384,0.0122377,82,58,1.29268,0,0,0,0.987756,0.01219,5.37267e-05
1,cage,33,qpFreeGate,1,1,2.5731,1501262,578,22.3839,30569,30569,0,0.00301703,0.00249477,0,7,0.000586809,0,3099,554,0.186512,0,0,0,1,0,0
1,cage,33,qpEnvelope,1,1,0.847216,331138,106,21.1623,28533,28533,0,0.00293724,0.00249477,0,0,0.000566024,0.00729605,82,58,1.29268,0,0,0,0.992698,0.00725075,5.13381e-05
1,cage,40,isSafe,1,1,0.285467,213421,58,15.2417,9,7622,0,0.00353135,0.00249477,0,0,0,0,342,54,0.169591,0,0,0,0,0,0
1,cage,40,qpFixed,1,1,0.0547251,31171,12,11.0031,18025,18025,0,0.00219366,0.00249477,0,0,0.000562731,0,4,4,3,0,0,0,1,0,0
1,cage,40,qpPlain,1,1,0.209464,31171,12,11.0031,18025,18025,0,0.00219366,0.00249477,0,0,0.000562731,0,4,4,3,0,0,0,1,0,0
1,cage,40,qpAdaptive,1,1,0.0407167,16938,12,11.0036,9808,9808,0,0.00220039,0.00249477,0,0,0.00103566,0.0335931,4,4,3,0,0,0,0.966407,0.0331798,0.000413272
1,cage,40,qpFreeGate,1,1,1.9594,1165159,452,18.7071,29584,29584,0,0.00300633,0.00249477,0,0,0.00059951,0,2546,443,0.177533,0,0,0,1,0,0
1,cage,40,qpEnvelope,1,1,0.0394788,16419,12,11.0042,9569,9569,0,0.00220041,0.00249477,0,0,0.00106844,0.0195505,4,4,3,0,0,0,0.980328,0.019246,0.000426335
1,cage,47,isSafe,1,1,8.67296,6369381,2586,24.9455,16,12474,0,0.000274527,0.00249477,0,0,0,0,24762,2582,0.104434,0,0,0,0,0,0
1,cage,47,qpFixed,1,1,0.22384,103338,39,16.8657,27408,27408,0,0.00239124,0.00249477,0,0,0.000566505,0,17,17,2.29412,0,0,0,1,0,0
1,cage,47,qpPlain,1,1,0.742551,103338,39,16.8657,27408,27408,0,0.00239124,0.00249477,0,0,0.000566505,0,17,17,2.29412,0,0,0,1,0,0
1,cage,47,qpAdaptive,1,1,0.218425,83547,39,16.8658,21205,21205,0,0.00239054,0.00249477,0,0,0.000700706,0.0217363,17,17,2.29412,0,0,0,0.97824,0.0216525,0.000107724
1,cage,47,qpFreeGate,1,1,3.05834,1799945,692,32.7467,45716,45716,0,0.00299319,0.00140205,0,11,0.000589038,0,3789,656,0.182634,0,0,0,1,0,0
1,cage,47,qpEnvelope,1,1,0.215769,81815,39,16.8665,20943,20943,0,0.00239054,0.00249477,0,0,0.000715671,0.0098026,17,17,2.29412,0,0,0,0.990185,0.00970482,0.000110004
1,cage,54,isSafe,1,1,1.63178,1211356,364,16.1292,10,8066,0,0.0148742,0.00249477,0,0,0,0,3147,360,0.115666,0,0,0,0,0,0
1,cage,54,qpFixed,1,1,0.699053,327019,85,18.4251,27143,27143,0,0.00294034,0.00249477,0,0,0.000469741,0,69,47,1.23188,0,0,0,1,0,0
1,cage,54,qpPlain,1,1,2.35153,327019,85,18.4251,27143,27143,0,0.00294034,0.00249477,0,0,0.000469741,0,69,47,1.23188,0,0,0,1,0,0
1,cage,54,qpAdaptive,1,1,0.684141,269205,85,18.4253,19783,19783,0,0.00294035,0.00249477,0,0,0.00057064,0.013889,69,47,1.23188,0,0,0,0.986111,0.0138222,6.68635e-05
1,cage,54,qpFreeGate,1,1,3.15019,1846488,695,18.7163,27665,27665,0,0.00300067,0.00249477,0,6,0.000577925,0,4050,670,0.171605,0,0,0,1,0,0
1,cage,54,qpEnvelope,1,1,0.681383,266159,85,18.4253,19269,19269,0,0.00294035,0.00249477,0,0,0.00057723,0.0115871,69,47,1.23188,0,0,0,0.988413,0.0115194,6.76287e-05
1,cage,61,isSafe,1,1,1.22422,897414,256,18.9309,11,9467,0,0.00534657,0.00249477,0,0,0,0,2116,253,0.120983,0,0,0,0,0,0
1,cage,61,qpFixed,1,1,0.0775556,41335,15,16.8887,25543,25543,0,0.00283374,0.00249477,0,0,0.000581234,0,6,5,2.5,0,0,0,1,0,0
1,cage,61,qpPlain,1,1,0.285796,41335,15,16.8887,25543,25543,0,0.00283374,0.00249477,0,0,0.000581234,0,6,5,2.5,0,0,0,1,0,0
1,cage,61,qpAdaptive,1,1,0.0610828,25880,15,16.8896,18959,18959,0,0.00282868,0.00249477,0,0,0.000928376,0.0401855,6,5,2.5,0,0,0,0.959776,0.0399923,0.000231839
1,cage,61,qpFreeGate,1,1,3.06587,1833150,706,17.3816,25808,25808,0,0.00301982,0.00249477,0,7,0.000586876,0,4320,693,0.163426,0,0,0,1,0,0
1,cage,61,qpEnvelope,1,1,0.060303,25202,15,16.8894,18620,18620,0,0.00282649,0.00249477,0,0,0.000953702,0.031307,6,5,2.5,0,0,0,0.968693,0.031069,0.000238076
1,cage,68,isSafe,1,1,1.79397,1331217,406,33.5696,19,16786,0,0.00214574,0.00249477,0,0,0,0,3463,402,0.117239,0,0,0,0,0,0
1,cage,68,qpFixed,1,1,0.656259,302211,81,16.5588,24297,24297,0,0.00294964,0.00249477,0,0,0.000479481,0,64,45,1.26562,0,0,0,1,0,0
1,cage,68,qpPlain,1,1,2.16533,302211,81,16.5588,24297,24297,0,0.00294964,0.00249477,0,0,0.000479481,0,64,45,1.26562,0,0,0,1,0,0
1,cage,68,qpAdaptive,1,1,0.639892,248947,81,16.5594,14111,14111,0,0.00294994,0.00249477,0,0,0.000582098,0.0116129,64,45,1.26562,0,0,0,0.988387,0.0115446,6.82876e-05
1,cage,68,qpFreeGate,1,1,3.99835,2325731,941,29.9331,41979,41979,0,0.0029932,0.00249477,0,15,0.000583349,0,5426,907,0.173424,0,0,0,1,0,0
1,cage,68,qpEnvelope,1,1,0.641285,246955,81,16.5598,13852,13852,0,0.00295043,0.00249477,0,0,0.000586877,0.00718349,64,45,1.26562,0,0,0,0.992817,0.00711466,6.88385e-05
1,cage,75,isSafe,1,1,6.79553,5024498,1940,29.9095,19,14956,0,0.00366616,0.00249477,0,0,0,0,17968,1937,0.10797,0,0,0,0,0,0
1,cage,75,qpFixed,1,1,0.703206,324675,94,22.0887,37295,37295,0,0.00294183,0.00249477,0,0,0.00049821,0,70,51,1.34286,0,0,0,1,0,0
1,cage,75,qpPlain,1,1,2.3315,324675,94,22.0887,37295,37295,0,0.00294183,0.00249477,0,0,0.00049821,0,70,51,1.34286,0,0,0,1,0,0
1,cage,75,qpAdaptive,1,1,0.700671,276784,94,22.0911,28731,28731,0,0.00294317,0.00249477,0,0,0.000584437,0.0145023,70,51,1.34286,0,0,0,0.985494,0.0144517,5.41939e-05
1,cage,75,qpFreeGate,1,1,5.112,2982392,1197,23.8445,35629,35629,0,0.00302769,0.00249477,0,13,0.000582792,0,7251,1165,0.165081,0,0,0,1,0,0
1,cage,75,qpEnvelope,1,1,0.699962,272935,94,22.0982,28227,28227,0,0.0029433,0.00249477,0,0,0.000592749,0.00936487,70,51,1.34286,0,0,0,0.990631,0.00931357,5.49581e-05
1,cage,82,isSafe,1,1,0.506139,377760,105,19.8828,11,9943,0,0.00713766,0.00249477,0,0,0,0,718,101,0.14624,0,0,0,0,0,0
1,cage,82,qpFixed,1,1,0.0386275,21520,11,9.42277,12311,12311,0,0.00155563,0.00249477,0,0,0.000661973,0,2,2,5.5,0,0,0,1,0,0
1,cage,82,qpPlain,1,1,0.144433,21520,11,9.42277,12311,12311,0,0.00155563,0.00249477,0,0,0.000661973,0,2,2,5.5,0,0,0,1,0,0
1,cage,82,qpAdaptive,1,1,0.0238061,9700,11,9.42326,7449,7449,0,0.00155618,0.00249477,0,0,0.00146869,0.0648454,2,2,5.5,0,0,0,0.935052,0.0642268,0.000721649
1,cage,82,qpFreeGate,1,1,1.02217,606740,239,21.0613,30883,30883,0,0.00302456,0.00249477,0,0,0.0006188,0,1242,228,0.192432,0,0,0,1,0,0
1,cage,82,qpEnvelope,1,1,0.0224655,9065,11,9.42486,7113,7113,0,0.00155388,0.00249477,0,0,0.00157177,0.0349697,2,2,5.5,0,0,0,0.96503,0.0341975,0.000772201
1,cage,89,isSafe,1,1,2.6344,1961092,643,14.7703,9,7387,0,0.0150658,0.00249477,0,0,0,0,5756,639,0.11171,0,0,0,0,0,0
1,cage,89,qpFixed,1,1,0.28955,140885,43,19.5374,28569,28569,0,0.00293479,0.00249477,0,0,0.000528056,0,25,21,1.72,0,0,0,1,0,0
1,cage,89,qpPlain,1,1,0.992154,140885,43,19.5374,28569,28569,0,0.00293479,0.00249477,0,0,0.000528056,0,25,21,1.72,0,0,0,1,0,0
1,cage,89,qpAdaptive,1,1,0.264621,104978,43,19.5376,18380,18380,0,0.00293414,0.00249477,0,0,0.00070869,0.0303397,25,21,1.72,0,0,0,0.969651,0.030254,9.52581e-05
1,cage,89,qpFreeGate,1,1,0.928382,538984,216,18.1548,25618,25618,0,0.00301222,0.00249477,0,0,0.000620447,0,861,195,0.250871,0,0,0,1,0,0
1,cage,89,qpEnvelope,1,1,0.260672,102116,43,19.5375,17784,17784,0,0.00293443,0.00249477,0,0,0.000728608,0.0193407,25,21,1.72,0,0,0,0.980649,0.0192428,0.000107721
1,cage,96,isSafe,1,1,5.8418,4366006,1661,26.9405,16,13472,0,0.00966051,0.00249477,0,0,0,0,16268,1657,0.102102,0,0,0,0,0,0
1,cage,96,qpFixed,1,1,1.03478,471094,97,30.7789,50349,50349,0,0.00246895,0.00249477,0,0,0.000444128,0,103,62,0.941748,0,0,0,1,0,0
1,cage,96,qpPlain,1,1,3.4176,471094,97,30.7789,50349,50349,0,0.00246895,0.00249477,0,0,0.000444128,0,103,62,0.941748,0,0,0,1,0,0
1,cage,96,qpAdaptive,1,1,1.05373,412121,97,30.7807,41796,41796,0,0.00244198,0.00249477,0,0,0.000507694,0.0119043,103,62,0.941748,0,0,0,0.988093,0.0118582,4.85294e-05
1,cage,96,qpFreeGate,1,1,1.89479,1122061,415,12.9297,20014,20014,0,0.00300273,0.00249477,0,0,0.000588431,0,2170,403,0.191244,0,0,0,1,0,0
1,cage,96,qpEnvelope,1,1,1.05861,408890,97,30.785,41414,41414,0,0.0024462,0.00249477,0,0,0.000511787,0.00743476,103,62,0.941748,0,0,0,0.992563,0.00739074,4.64673e-05
1,bookshelf_tall,7,isSafe,0,0,0,0,0,0,0,0,0,inf,inf,0,0,0,0,0,0,0,0,0,0,0,0,0
1,bookshelf_tall,7,qpFixed,0,0,0,0,0,0,0,0,0,inf,inf,0,0,0,0,0,0,0,0,0,0,0,0,0
1,bookshelf_tall,7,qpPlain,0,0,0,0,0,0,0,0,0,inf,inf,0,0,0,0,0,0,0,0,0,0,0,0,0
1,bookshelf_tall,7,qpAdaptive,0,0,0,0,0,0,0,0,0,inf,inf,0,0,0,0,0,0,0,0,0,0,0,0,0
1,bookshelf_tall,7,qpFreeGate,0,0,0,0,0,0,0,0,0,inf,inf,0,0,0,0,0,0,0,0,0,0,0,0,0
1,bookshelf_tall,7,qpEnvelope,0,0,0,0,0,0,0,0,0,inf,inf,0,0,0,0,0,0,0,0,0,0,0,0,0
1,bookshelf_tall,14,isSafe,1,0,10.0017,7437017,3047,0,0,0,0,inf,inf,0,0,0,0,28905,3045,0.105414,0,0,0,0,0,0
1,bookshelf_tall,14,qpFixed,1,0,10.0029,5347627,662,0,0,0,0,inf,inf,0,0,0.00032833,0,1133,583,0.584289,0,0,0,1,0,0
1,bookshelf_tall,14,qpPlain,1,0,10.003,1386243,208,0,0,0,0,inf,inf,0,0,0.000360453,0,282,166,0.737589,0,0,0,1,0,0
1,bookshelf_tall,14,qpAdaptive,1,0,10.0039,4621042,621,0,0,0,0,inf,inf,0,0,0.000355196,0.00428994,1054,545,0.589184,0,0,0,0.995709,0.00426376,2.7483e-05
1,bookshelf_tall,14,qpFreeGate,1,0,10.0008,6144727,2497,0,0,0,0,inf,inf,0,0,0.000545644,0,15543,2495,0.160651,0,0,0,1,0,0
1,bookshelf_tall,14,qpEnvelope,1,0,10.0017,4527740,612,0,0,0,0,inf,inf,0,0,0.000355575,0.00106654,1033,536,0.592449,0,0,0,0.998933,0.00103959,2.73867e-05
1,bookshelf_tall,22,isSafe,1,1,0.776789,587222,164,21.0608,12,10532,0,0.00680062,0.00249477,0,0,0,0,1296,161,0.126543,0,0,0,0,0,0
1,bookshelf_tall,22,qpFixed,1,1,0.182018,83291,42,18.4076,27611,27611,0,0.00292888,0.00249477,0,0,0.000614295,0,15,13,2.8,0,0,0,1,0,0
1,bookshelf_tall,22,qpPlain,1,1,0.601065,83291,42,18.4076,27611,27611,0,0.00292888,0.00249477,0,0,0.000614295,0,15,13,2.8,0,0,0,1,0,0
1,bookshelf_tall,22,qpAdaptive,1,1,0.18067,69113,42,18.4081,22844,22844,0,0.00292909,0.00249477,0,0,0.000740266,0.0255958,15,13,2.8,0,0,0,0.974375,0.0254366,0.000188098
1,bookshelf_tall,22,qpFreeGate,1,1,0.255486,158268,53,25.3849,38947,38947,0,0.0030726,0.00249477,0,0,0.000565122,0,217,47,0.24424,0,0,0,1,0,0
1,bookshelf_tall,22,qpEnvelope,1,1,0.176683,67123,42,18.4094,22436,22436,0,0.00292975,0.00249477,0,0,0.000762266,0.0143319,15,13,2.8,0,0,0,0.985638,0.0141531,0.000208572
1,bookshelf_tall,30,isSafe,0,0,0,0,0,0,0,0,0,inf,inf,0,0,0,0,0,0,0,0,0,0,0,0,0
1,bookshelf_tall,30,qpFixed,0,0,0,0,0,0,0,0,0,inf,inf,0,0,0,0,0,0,0,0,0,0,0,0,0
1,bookshelf_tall,30,qpPlain,0,0,0,0,0,0,0,0,0,inf,inf,0,0,0,0,0,0,0,0,0,0,0,0,0
1,bookshelf_tall,30,qpAdaptive,0,0,0,0,0,0,0,0,0,inf,inf,0,0,0,0,0,0,0,0,0,0,0,0,0
1,bookshelf_tall,30,qpFreeGate,0,0,0,0,0,0,0,0,0,inf,inf,0,0,0,0,0,0,0,0,0,0,0,0,0
1,bookshelf_tall,30,qpEnvelope,0,0,0,0,0,0,0,0,0,inf,inf,0,0,0,0,0,0,0,0,0,0,0,0,0
1,bookshelf_tall,37,isSafe,0,0,0,0,0,0,0,0,0,inf,inf,0,0,0,0,0,0,0,0,0,0,0,0,0
1,bookshelf_tall,37,qpFixed,0,0,0,0,0,0,0,0,0,inf,inf,0,0,0,0,0,0,0,0,0,0,0,0,0
1,bookshelf_tall,37,qpPlain,0,0,0,0,0,0,0,0,0,inf,inf,0,0,0,0,0,0,0,0,0,0,0,0,0
1,bookshelf_tall,37,qpAdaptive,0,0,0,0,0,0,0,0,0,inf,inf,0,0,0,0,0,0,0,0,0,0,0,0,0
1,bookshelf_tall,37,qpFreeGate,0,0,0,0,0,0,0,0,0,inf,inf,0,0,0,0,0,0,0,0,0,0,0,0,0
1,bookshelf_tall,37,qpEnvelope,0,0,0,0,0,0,0,0,0,inf,inf,0,0,0,0,0,0,0,0,0,0,0,0,0
1,bookshelf_tall,44,isSafe,0,0,0,0,0,0,0,0,0,inf,inf,0,0,0,0,0,0,0,0,0,0,0,0,0
1,bookshelf_tall,44,qpFixed,0,0,0,0,0,0,0,0,0,inf,inf,0,0,0,0,0,0,0,0,0,0,0,0,0
1,bookshelf_tall,44,qpPlain,0,0,0,0,0,0,0,0,0,inf,inf,0,0,0,0,0,0,0,0,0,0,0,0,0
1,bookshelf_tall,44,qpAdaptive,0,0,0,0,0,0,0,0,0,inf,inf,0,0,0,0,0,0,0,0,0,0,0,0,0
1,bookshelf_tall,44,qpFreeGate,0,0,0,0,0,0,0,0,0,inf,inf,0,0,0,0,0,0,0,0,0,0,0,0,0
1,bookshelf_tall,44,qpEnvelope,0,0,0,0,0,0,0,0,0,inf,inf,0,0,0,0,0,0,0,0,0,0,0,0,0
1,bookshelf_tall,51,isSafe,0,0,0,0,0,0,0,0,0,inf,inf,0,0,0,0,0,0,0,0,0,0,0,0,0
1,bookshelf_tall,51,qpFixed,0,0,0,0,0,0,0,0,0,inf,inf,0,0,0,0,0,0,0,0,0,0,0,0,0
1,bookshelf_tall,51,qpPlain,0,0,0,0,0,0,0,0,0,inf,inf,0,0,0,0,0,0,0,0,0,0,0,0,0
1,bookshelf_tall,51,qpAdaptive,0,0,0,0,0,0,0,0,0,inf,inf,0,0,0,0,0,0,0,0,0,0,0,0,0
1,bookshelf_tall,51,qpFreeGate,0,0,0,0,0,0,0,0,0,inf,inf,0,0,0,0,0,0,0,0,0,0,0,0,0
1,bookshelf_tall,51,qpEnvelope,0,0,0,0,0,0,0,0,0,inf,inf,0,0,0,0,0,0,0,0,0,0,0,0,0
1,bookshelf_tall,58,isSafe,0,0,0,0,0,0,0,0,0,inf,inf,0,0,0,0,0,0,0,0,0,0,0,0,0
1,bookshelf_tall,58,qpFixed,0,0,0,0,0,0,0,0,0,inf,inf,0,0,0,0,0,0,0,0,0,0,0,0,0
1,bookshelf_tall,58,qpPlain,0,0,0,0,0,0,0,0,0,inf,inf,0,0,0,0,0,0,0,0,0,0,0,0,0
1,bookshelf_tall,58,qpAdaptive,0,0,0,0,0,0,0,0,0,inf,inf,0,0,0,0,0,0,0,0,0,0,0,0,0
1,bookshelf_tall,58,qpFreeGate,0,0,0,0,0,0,0,0,0,inf,inf,0,0,0,0,0,0,0,0,0,0,0,0,0
1,bookshelf_tall,58,qpEnvelope,0,0,0,0,0,0,0,0,0,inf,inf,0,0,0,0,0,0,0,0,0,0,0,0,0
1,bookshelf_tall,65,isSafe,1,1,0.0472631,36259,12,14.1171,9,7060,0,0.0012917,0.00249477,0,0,0,0,16,7,0.75,0,0,0,0,0,0
1,bookshelf_tall,65,qpFixed,1,1,0.193705,91225,33,20.4742,29486,29486,0,0.00197431,0.00249477,0,0,0.000570709,0,16,14,2.0625,0,0,0,1,0,0
1,bookshelf_tall,65,qpPlain,1,1,0.665598,91225,33,20.4742,29486,29486,0,0.00197431,0.00249477,0,0,0.000570709,0,16,14,2.0625,0,0,0,1,0,0
1,bookshelf_tall,65,qpAdaptive,1,1,0.193478,76124,33,20.4767,23465,23465,0,0.00197243,0.00249477,0,0,0.00068396,0.0250775,16,14,2.0625,0,0,0,0.974909,0.0249593,0.000131365
1,bookshelf_tall,65,qpFreeGate,1,1,0.144361,89179,29,12.7254,18322,18322,0,0.00657714,0.00249477,0,0,0.000568966,0,123,25,0.235772,0,0,0,1,0,0
1,bookshelf_tall,65,qpEnvelope,1,1,0.176805,69927,29,16.3858,19400,19400,0,0.00197189,0.00249477,0,0,0.000668701,0.0127848,15,13,1.93333,0,0,0,0.987201,0.0127133,8.58038e-05
1,bookshelf_tall,73,isSafe,0,0,0,0,0,0,0,0,0,inf,inf,0,0,0,0,0,0,0,0,0,0,0,0,0
1,bookshelf_tall,73,qpFixed,0,0,0,0,0,0,0,0,0,inf,inf,0,0,0,0,0,0,0,0,0,0,0,0,0
1,bookshelf_tall,73,qpPlain,0,0,0,0,0,0,0,0,0,inf,inf,0,0,0,0,0,0,0,0,0,0,0,0,0
1,bookshelf_tall,73,qpAdaptive,0,0,0,0,0,0,0,0,0,inf,inf,0,0,0,0,0,0,0,0,0,0,0,0,0
1,bookshelf_tall,73,qpFreeGate,0,0,0,0,0,0,0,0,0,inf,inf,0,0,0,0,0,0,0,0,0,0,0,0,0
1,bookshelf_tall,73,qpEnvelope,0,0,0,0,0,0,0,0,0,inf,inf,0,0,0,0,0,0,0,0,0,0,0,0,0
1,bookshelf_tall,80,isSafe,0,0,0,0,0,0,0,0,0,inf,inf,0,0,0,0,0,0,0,0,0,0,0,0,0
1,bookshelf_tall,80,qpFixed,0,0,0,0,0,0,0,0,0,inf,inf,0,0,0,0,0,0,0,0,0,0,0,0,0
1,bookshelf_tall,80,qpPlain,0,0,0,0,0,0,0,0,0,inf,inf,0,0,0,0,0,0,0,0,0,0,0,0,0
1,bookshelf_tall,80,qpAdaptive,0,0,0,0,0,0,0,0,0,inf,inf,0,0,0,0,0,0,0,0,0,0,0,0,0
1,bookshelf_tall,80,qpFreeGate,0,0,0,0,0,0,0,0,0,inf,inf,0,0,0,0,0,0,0,0,0,0,0,0,0
1,bookshelf_tall,80,qpEnvelope,0,0,0,0,0,0,0,0,0,inf,inf,0,0,0,0,0,0,0,0,0,0,0,0,0
1,bookshelf_tall,87,isSafe,1,1,0.0326912,25327,9,10.626,7,5315,0,0.00148039,0.00249477,0,0,0,0,15,5,0.6,0,0,0,0,0,0
1,bookshelf_tall,87,qpFixed,1,1,0.0102649,8395,6,6.38582,8396,8396,0,0.00301127,0.00249477,0,0,0.00076067,0,1,1,6,0,0,0,1,0,0
1,bookshelf_tall,87,qpPlain,1,1,0.0523229,8395,6,6.38582,8396,8396,0,0.00301127,0.00249477,0,0,0.00076067,0,1,1,6,0,0,0,1,0,0
1,bookshelf_tall,87,qpAdaptive,1,1,0.00140034,556,6,6.38582,3507,3507,0,0.0030079,0.00249477,0,0,0.0114853,0.526978,1,1,6,0,0,0,0.473022,0.519784,0.00719424
1,bookshelf_tall,87,qpFreeGate,1,1,0.0519484,32662,19,16.0377,21049,21049,0,0.00485841,0.00109358,0,0,0.000696605,0,17,8,1.11765,0,0,0,1,0,0
1,bookshelf_tall,87,qpEnvelope,1,1,0.000848205,272,6,6.38583,3360,3360,0,0.0030058,0.00249477,0,0,0.0234773,0.227941,1,1,6,0,0,0,0.772059,0.213235,0.0147059
1,bookshelf_tall,95,isSafe,1,0,10.0015,7446571,3062,0,0,0,0,inf,inf,0,0,0,0,29771,3060,0.102852,0,0,0,0,0,0
1,bookshelf_tall,95,qpFixed,1,0,10.002,5579364,682,0,0,0,0,inf,inf,0,0,0.000325059,0,1134,584,0.601411,0,0,0,1,0,0
1,bookshelf_tall,95,qpPlain,1,0,10.0417,1442349,222,0,0,0,0,inf,inf,0,0,0.000358959,0,244,170,0.909836,0,0,0,1,0,0
1,bookshelf_tall,95,qpAdaptive,1,0,10.001,4818736,640,0,0,0,0,inf,inf,0,0,0.000350214,0.00402844,1039,543,0.615977,0,0,0,0.99597,0.00400396,2.59404e-05
1,bookshelf_tall,95,qpFreeGate,1,0,10.0025,6162462,2613,0,0,0,0,inf,inf,0,0,0.000559109,0,16877,2611,0.154826,0,0,0,1,0,0
1,bookshelf_tall,95,qpEnvelope,1,0,10.0083,4809056,640,0,0,0,0,inf,inf,0,0,0.000350922,0.00106071,1039,543,0.615977,0,0,0,0.998939,0.00103472,2.62006e-05
1,bookshelf_thin,3,isSafe,1,1,0.0359024,26529,9,11.2394,7,5621,0,0.000419137,0.00249477,0,0,0,0,8,5,1.125,0,0,0,0,0,0
1,bookshelf_thin,3,qpFixed,1,1,0.0176665,11630,7,8.49355,11631,11631,0,0.00309186,0.00249477,0,0,0.000730314,0,1,1,7,0,0,0,1,0,0
1,bookshelf_thin,3,qpPlain,1,1,0.0764372,11630,7,8.49355,11631,11631,0,0.00309186,0.00249477,0,0,0.000730314,0,1,1,7,0,0,0,1,0,0
1,bookshelf_thin,3,qpAdaptive,1,1,0.001439,416,7,8.4936,4481,4481,0,0.0030832,0.00249477,0,0,0.0204173,0.586538,1,1,7,0,0,0,0.413462,0.574519,0.0120192
1,bookshelf_thin,3,qpFreeGate,1,1,0.0392588,23091,13,11.7796,17246,17246,0,0.00328322,0.00249477,0,0,0.000719545,0,5,4,2.6,0,0,0,1,0,0
1,bookshelf_thin,3,qpEnvelope,1,1,0.000903702,237,7,8.49382,4385,4385,0,0.00306989,0.00249477,0,0,0.0358389,0.409283,1,1,7,0,0,0,0.590717,0.388186,0.021097
1,bookshelf_thin,10,isSafe,0,0,0,0,0,0,0,0,0,inf,inf,0,0,0,0,0,0,0,0,0,0,0,0,0
1,bookshelf_thin,10,qpFixed,0,0,0,0,0,0,0,0,0,inf,inf,0,0,0,0,0,0,0,0,0,0,0,0,0
1,bookshelf_thin,10,qpPlain,0,0,0,0,0,0,0,0,0,inf,inf,0,0,0,0,0,0,0,0,0,0,0,0,0
1,bookshelf_thin,10,qpAdaptive,0,0,0,0,0,0,0,0,0,inf,inf,0,0,0,0,0,0,0,0,0,0,0,0,0
1,bookshelf_thin,10,qpFreeGate,0,0,0,0,0,0,0,0,0,inf,inf,0,0,0,0,0,0,0,0,0,0,0,0,0
1,bookshelf_thin,10,qpEnvelope,0,0,0,0,0,0,0,0,0,inf,inf,0,0,0,0,0,0,0,0,0,0,0,0,0
1,bookshelf_thin,17,isSafe,1,1,0.628191,473948,133,9.78605,6,4895,0,0.00509988,0.00249477,0,0,0,0,1032,130,0.128876,0,0,0,0,0,0
1,bookshelf_thin,17,qpFixed,1,1,0.0118961,7890,5,5.32777,7891,7891,0,0.00294225,0.00249477,0,0,0.000675257,0,1,1,5,0,0,0,1,0,0
1,bookshelf_thin,17,qpPlain,1,1,0.0506631,7890,5,5.32777,7891,7891,0,0.00294225,0.00249477,0,0,0.000675257,0,1,1,5,0,0,0,1,0,0
1,bookshelf_thin,17,qpAdaptive,1,1,0.00611776,2694,5,5.32782,4501,4501,0,0.00294199,0.00249477,0,0,0.00197766,0.0790646,1,1,5,0,0,0,0.920935,0.077951,0.00111359
1,bookshelf_thin,17,qpFreeGate,1,1,0.212795,133618,50,9.21714,12612,12612,0,0.00509988,0.00249477,0,0,0.000582582,0,166,40,0.301205,0,0,0,1,0,0
1,bookshelf_thin,17,qpEnvelope,1,1,0.00565178,2461,5,5.32805,4362,4362,0,0.00294111,0.00249477,0,0,0.00216499,0.0329134,1,1,5,0,0,0,0.967087,0.0316944,0.00121902
1,bookshelf_thin,24,isSafe,0,0,0,0,0,0,0,0,0,inf,inf,0,0,0,0,0,0,0,0,0,0,0,0,0
1,bookshelf_thin,24,qpFixed,0,0,0,0,0,0,0,0,0,inf,inf,0,0,0,0,0,0,0,0,0,0,0,0,0
1,bookshelf_thin,24,qpPlain,0,0,0,0,0,0,0,0,0,inf,inf,0,0,0,0,0,0,0,0,0,0,0,0,0
1,bookshelf_thin,24,qpAdaptive,0,0,0,0,0,0,0,0,0,inf,inf,0,0,0,0,0,0,0,0,0,0,0,0,0
1,bookshelf_thin,24,qpFreeGate,0,0,0,0,0,0,0,0,0,inf,inf,0,0,0,0,0,0,0,0,0,0,0,0,0
1,bookshelf_thin,24,qpEnvelope,0,0,0,0,0,0,0,0,0,inf,inf,0,0,0,0,0,0,0,0,0,0,0,0,0
1,bookshelf_thin,31,isSafe,1,1,0.15217,114148,32,16.5124,10,8258,0,0.010011,0.00249477,0,0,0,0,134,28,0.238806,0,0,0,0,0,0
1,bookshelf_thin,31,qpFixed,1,1,0.101806,44980,16,15.2607,25757,25757,0,0.00218631,0.00249477,0,0,0.000520591,0,7,6,2.28571,0,0,0,1,0,0
1,bookshelf_thin,31,qpPlain,1,1,0.334185,44980,16,15.2607,25757,25757,0,0.00218631,0.00249477,0,0,0.000520591,0,7,6,2.28571,0,0,0,1,0,0
1,bookshelf_thin,31,qpAdaptive,1,1,0.100915,37008,16,15.2606,20584,20584,0,0.00218637,0.00249477,0,0,0.000632732,0.0141591,7,6,2.28571,0,0,0,0.985841,0.014078,8.10636e-05
1,bookshelf_thin,31,qpFreeGate,1,1,0.078389,45716,20,15.3602,19611,19611,0,0.00300247,0.00249477,0,0,0.000669369,0,40,15,0.5,0,0,0,1,0,0
1,bookshelf_thin,31,qpEnvelope,1,1,0.0996594,36461,16,15.2584,20373,20373,0,0.00219053,0.00249477,0,0,0.000642168,0.00899591,7,6,2.28571,0,0,0,0.991004,0.00891363,8.22797e-05
1,bookshelf_thin,38,isSafe,1,1,0.022188,16025,7,8.00559,6,4004,0,0.00843358,0.00249477,0,0,0,0,2,2,3.5,0,0,0,0,0,0
1,bookshelf_thin,38,qpFixed,1,1,0.0143085,9418,7,7.29524,9419,9419,0,0.0030135,0.00249477,0,0,0.000774606,0,1,1,7,0,0,0,1,0,0
1,bookshelf_thin,38,qpPlain,1,1,0.0616804,9418,7,7.29524,9419,9419,0,0.0030135,0.00249477,0,0,0.000774606,0,1,1,7,0,0,0,1,0,0
1,bookshelf_thin,38,qpAdaptive,1,1,0.0028324,1053,7,7.29456,4235,4235,0,0.00301319,0.00249477,0,0,0.00692741,0.45679,1,1,7,0,0,0,0.54321,0.452991,0.00379867
1,bookshelf_thin,38,qpFreeGate,1,1,0.0188398,11023,7,8.00559,10574,10574,0,0.00843128,0.00249477,0,0,0.000745741,0,2,2,3.5,0,0,0,1,0,0
1,bookshelf_thin,38,qpEnvelope,1,1,0.00180483,601,7,7.29324,3982,3982,0,0.00301487,0.00249477,0,0,0.0121352,0.366057,1,1,7,0,0,0,0.633943,0.357737,0.00831947
1,bookshelf_thin,45,isSafe,0,0,0,0,0,0,0,0,0,inf,inf,0,0,0,0,0,0,0,0,0,0,0,0,0
1,bookshelf_thin,45,qpFixed,0,0,0,0,0,0,0,0,0,inf,inf,0,0,0,0,0,0,0,0,0,0,0,0,0
1,bookshelf_thin,45,qpPlain,0,0,0,0,0,0,0,0,0,inf,inf,0,0,0,0,0,0,0,0,0,0,0,0,0
1,bookshelf_thin,45,qpAdaptive,0,0,0,0,0,0,0,0,0,inf,inf,0,0,0,0,0,0,0,0,0,0,0,0,0
1,bookshelf_thin,45,qpFreeGate,0,0,0,0,0,0,0,0,0,inf,inf,0,0,0,0,0,0,0,0,0,0,0,0,0
1,bookshelf_thin,45,qpEnvelope,0,0,0,0,0,0,0,0,0,inf,inf,0,0,0,0,0,0,0,0,0,0,0,0,0
1,bookshelf_thin,52,isSafe,1,1,0.353689,265112,71,22.0083,13,11006,0,0.00488804,0.00249477,0,0,0,0,470,67,0.151064,0,0,0,0,0,0
1,bookshelf_thin,52,qpFixed,1,1,0.156136,72343,21,12.7861,21857,21857,0,0.00206584,0.00249477,0,0,0.000518726,0,17,10,1.23529,0,0,0,1,0,0
1,bookshelf_thin,52,qpPlain,1,1,0.532761,72343,21,12.7861,21857,21857,0,0.00206584,0.00249477,0,0,0.000518726,0,17,10,1.23529,0,0,0,1,0,0
1,bookshelf_thin,52,qpAdaptive,1,1,0.147485,54629,21,12.7862,15749,15749,0,0.00206529,0.00249477,0,0,0.000686936,0.0219847,17,10,1.23529,0,0,0,0.978015,0.0218748,0.000109832
1,bookshelf_thin,52,qpFreeGate,1,1,0.149752,93405,34,19.6319,27845,27845,0,0.00412404,0.00249477,0,0,0.000552754,0,142,29,0.239437,0,0,0,1,0,0
1,bookshelf_thin,52,qpEnvelope,1,1,0.144953,53518,21,12.7863,15540,15540,0,0.00206481,0.00249477,0,0,0.000701174,0.00936134,17,10,1.23529,0,0,0,0.990639,0.00924922,0.000112112
1,bookshelf_thin,59,isSafe,1,1,0.0928815,70442,20,11.1008,7,5552,0,0.00787359,0.00249477,0,0,0,0,90,16,0.222222,0,0,0,0,0,0
1,bookshelf_thin,59,qpFixed,1,1,0.0248694,14748,7,6.22015,10100,10100,0,0.00228581,0.00249477,0,0,0.00060561,0,2,2,3.5,0,0,0,1,0,0
1,bookshelf_thin,59,qpPlain,1,1,0.0975631,14748,7,6.22015,10100,10100,0,0.00228581,0.00249477,0,0,0.00060561,0,2,2,3.5,0,0,0,1,0,0
1,bookshelf_thin,59,qpAdaptive,1,1,0.0171982,7048,7,6.22018,6681,6681,0,0.00228581,0.00249477,0,0,0.00126725,0.0218502,2,2,3.5,0,0,0,0.97815,0.0212826,0.000567537
1,bookshelf_thin,59,qpFreeGate,1,1,0.095643,59921,20,14.5637,21361,21361,0,0.00582044,0.00249477,0,0,0.000591677,0,72,16,0.277778,0,0,0,1,0,0
1,bookshelf_thin,59,qpEnvelope,1,1,0.0169713,6923,7,6.22034,6622,6622,0,0.00228582,0.00249477,0,0,0.00129015,0.00837787,2,2,3.5,0,0,0,0.991622,0.00780009,0.000577784
1,bookshelf_thin,66,isSafe,1,1,0.337253,253426,70,17.5587,10,8781,0,0.00286961,0.00249477,0,0,0,0,458,67,0.152838,0,0,0,0,0,0
1,bookshelf_thin,66,qpFixed,1,1,0.0656965,33449,12,13.1992,20450,20450,0,0.00291901,0.00249477,0,0,0.000540111,0,5,4,2.4,0,0,0,1,0,0
1,bookshelf_thin,66,qpPlain,1,1,0.242579,33449,12,13.1992,20450,20450,0,0.00291901,0.00249477,0,0,0.000540111,0,5,4,2.4,0,0,0,1,0,0
1,bookshelf_thin,66,qpAdaptive,1,1,0.0502896,17377,12,13.1992,13591,13591,0,0.00291888,0.00249477,0,0,0.00103966,0.0218104,5,4,2.4,0,0,0,0.97819,0.0214652,0.000345284
1,bookshelf_thin,66,qpFreeGate,1,1,0.368177,231853,79,15.5003,20733,20733,0,0.00757236,0.00249477,0,0,0.00055107,0,325,68,0.243077,0,0,0,1,0,0
1,bookshelf_thin,66,qpEnvelope,1,1,0.0492384,17008,12,13.1997,13449,13449,0,0.00291884,0.00249477,0,0,0.00106221,0.0111124,5,4,2.4,0,0,0,0.988888,0.0107596,0.000352775
1,bookshelf_thin,73,isSafe,1,1,0.124587,93741,26,9.58669,6,4795,0,0.00550305,0.00249477,0,0,0,0,130,23,0.2,0,0,0,0,0,0
1,bookshelf_thin,73,qpFixed,1,1,0.010164,6405,5,5.10319,6406,6406,0,0.00291871,0.00249477,0,0,0.000796751,0,1,1,5,0,0,0,1,0,0
1,bookshelf_thin,73,qpPlain,1,1,0.0412601,6405,5,5.10319,6406,6406,0,0.00291871,0.00249477,0,0,0.000796751,0,1,1,5,0,0,0,1,0,0
1,bookshelf_thin,73,qpAdaptive,1,1,0.00442156,1890,5,5.10319,3742,3742,0,0.0029185,0.00249477,0,0,0.0027001,0.159259,1,1,5,0,0,0,0.840741,0.157672,0.0015873
1,bookshelf_thin,73,qpFreeGate,1,1,0.18196,115784,40,10.2095,12815,12815,0,0.00550305,0.00249477,0,0,0.000569408,0,130,36,0.307692,0,0,0,1,0,0
1,bookshelf_thin,73,qpEnvelope,1,1,0.0038207,1553,5,5.10326,3566,3566,0,0.00291822,0.00249477,0,0,0.00328606,0.0289762,1,1,5,0,0,0,0.971024,0.0270444,0.00193175
1,bookshelf_thin,81,isSafe,0,0,0,0,0,0,0,0,0,inf,inf,0,0,0,0,0,0,0,0,0,0,0,0,0
1,bookshelf_thin,81,qpFixed,0,0,0,0,0,0,0,0,0,inf,inf,0,0,0,0,0,0,0,0,0,0,0,0,0
1,bookshelf_thin,81,qpPlain,0,0,0,0,0,0,0,0,0,inf,inf,0,0,0,0,0,0,0,0,0,0,0,0,0
1,bookshelf_thin,81,qpAdaptive,0,0,0,0,0,0,0,0,0,inf,inf,0,0,0,0,0,0,0,0,0,0,0,0,0
1,bookshelf_thin,81,qpFreeGate,0,0,0,0,0,0,0,0,0,inf,inf,0,0,0,0,0,0,0,0,0,0,0,0,0
1,bookshelf_thin,81,qpEnvelope,0,0,0,0,0,0,0,0,0,inf,inf,0,0,0,0,0,0,0,0,0,0,0,0,0
1,bookshelf_thin,88,isSafe,1,1,0.135178,102473,29,12.0469,8,6025,0,0.00718239,0.00249477,0,0,0,0,112,25,0.258929,0,0,0,0,0,0
1,bookshelf_thin,88,qpFixed,1,1,0.0844017,42500,16,17.0191,27921,27921,0,0.00293876,0.00249477,0,0,0.000566974,0,7,6,2.28571,0,0,0,1,0,0
1,bookshelf_thin,88,qpPlain,1,1,0.311325,42500,16,17.0191,27921,27921,0,0.00293876,0.00249477,0,0,0.000566974,0,7,6,2.28571,0,0,0,1,0,0
1,bookshelf_thin,88,qpAdaptive,1,1,0.0742606,28590,16,17.0191,18543,18543,0,0.00293759,0.00249477,0,0,0.000842827,0.0224204,7,6,2.28571,0,0,0,0.97751,0.0222805,0.000209864
1,bookshelf_thin,88,qpFreeGate,1,1,0.116618,70049,27,21.576,33428,33428,0,0.00710093,0.00249477,0,0,0.00060657,0,51,19,0.529412,0,0,0,1,0,0
1,bookshelf_thin,88,qpEnvelope,1,1,0.0725335,28019,16,17.0199,18189,18189,0,0.00293782,0.00249477,0,0,0.000860026,0.0132053,7,6,2.28571,0,0,0,0.986759,0.0130269,0.00021414
1,bookshelf_thin,95,isSafe,0,0,0,0,0,0,0,0,0,inf,inf,0,0,0,0,0,0,0,0,0,0,0,0,0
1,bookshelf_thin,95,qpFixed,0,0,0,0,0,0,0,0,0,inf,inf,0,0,0,0,0,0,0,0,0,0,0,0,0
1,bookshelf_thin,95,qpPlain,0,0,0,0,0,0,0,0,0,inf,inf,0,0,0,0,0,0,0,0,0,0,0,0,0
1,bookshelf_thin,95,qpAdaptive,0,0,0,0,0,0,0,0,0,inf,inf,0,0,0,0,0,0,0,0,0,0,0,0,0
1,bookshelf_thin,95,qpFreeGate,0,0,0,0,0,0,0,0,0,inf,inf,0,0,0,0,0,0,0,0,0,0,0,0,0
1,bookshelf_thin,95,qpEnvelope,0,0,0,0,0,0,0,0,0,inf,inf,0,0,0,0,0,0,0,0,0,0,0,0,0
1,table_under_pick,2,isSafe,1,1,0.0482245,36659,12,6.49313,5,3248,0,0.00816586,0.00249477,0,0,0,0,21,8,0.571429,0,0,0,0,0,0
1,table_under_pick,2,qpFixed,1,1,0.0241078,12107,7,7.29299,10855,10855,0,0.00292484,0.00249477,0,0,0.000643824,0,2,2,3.5,0,0,0,1,0,0
1,table_under_pick,2,qpPlain,1,1,0.0839848,12107,7,7.29299,10855,10855,0,0.00292484,0.00249477,0,0,0.000643824,0,2,2,3.5,0,0,0,1,0,0
1,table_under_pick,2,qpAdaptive,1,1,0.0199246,7877,7,7.29317,8119,8119,0,0.00292397,0.00249477,0,0,0.000989586,0.0333883,2,2,3.5,0,0,0,0.966612,0.0330075,0.000380856
1,table_under_pick,2,qpFreeGate,1,1,0.0956362,57593,25,18.1805,26224,26224,0,0.00321516,0.00249477,0,0,0.000681765,0,44,19,0.568182,0,0,0,1,0,0
1,table_under_pick,2,qpEnvelope,1,1,0.0194224,7610,7,7.2937,7961,7961,0,0.00292139,0.00249477,0,0,0.00102438,0.0201051,2,2,3.5,0,0,0,0.979895,0.0197109,0.000394218
1,table_under_pick,9,isSafe,0,0,0,0,0,0,0,0,0,inf,inf,0,0,0,0,0,0,0,0,0,0,0,0,0
1,table_under_pick,9,qpFixed,0,0,0,0,0,0,0,0,0,inf,inf,0,0,0,0,0,0,0,0,0,0,0,0,0
1,table_under_pick,9,qpPlain,0,0,0,0,0,0,0,0,0,inf,inf,0,0,0,0,0,0,0,0,0,0,0,0,0
1,table_under_pick,9,qpAdaptive,0,0,0,0,0,0,0,0,0,inf,inf,0,0,0,0,0,0,0,0,0,0,0,0,0
1,table_under_pick,9,qpFreeGate,0,0,0,0,0,0,0,0,0,inf,inf,0,0,0,0,0,0,0,0,0,0,0,0,0
1,table_under_pick,9,qpEnvelope,0,0,0,0,0,0,0,0,0,inf,inf,0,0,0,0,0,0,0,0,0,0,0,0,0
1,table_under_pick,16,isSafe,1,1,0.0414888,31122,10,11.5157,7,5759,0,0.0015258,0.00249477,0,0,0,0,32,6,0.3125,0,0,0,0,0,0
1,table_under_pick,16,qpFixed,1,1,0.0628291,32371,13,11.5504,20315,20315,0,0.00291616,0.00249477,0,0,0.000533464,0,3,3,4.33333,0,0,0,1,0,0
1,table_under_pick,16,qpPlain,1,1,0.225196,32371,13,11.5504,20315,20315,0,0.00291616,0.00249477,0,0,0.000533464,0,3,3,4.33333,0,0,0,1,0,0
1,table_under_pick,16,qpAdaptive,1,1,0.0549241,22855,13,11.5508,16104,16104,0,0.00291646,0.00249477,0,0,0.000755647,0.0201269,3,3,4.33333,0,0,0,0.979873,0.0199519,0.000175016
1,table_under_pick,16,qpFreeGate,1,1,0.131147,78903,27,13.6367,21221,21221,0,0.00717663,0.00249477,0,0,0.000568861,0,97,21,0.278351,0,0,0,1,0,0
1,table_under_pick,16,qpEnvelope,1,1,0.0546342,22572,13,11.5539,16014,16014,0,0.00291633,0.00249477,0,0,0.000765315,0.00801878,3,3,4.33333,0,0,0,0.991981,0.00784157,0.000177211
1,table_under_pick,23,isSafe,1,1,0.0304097,22859,8,11.417,7,5710,0,0.00171172,0.00249477,0,0,0,0,10,4,0.8,0,0,0,0,0,0
1,table_under_pick,23,qpFixed,1,1,0.0144938,6835,6,4.74973,6836,6836,0,0.00293975,0.00249477,0,0,0.000694913,0,1,1,6,0,0,0,1,0,0
1,table_under_pick,23,qpPlain,1,1,0.0479648,6835,6,4.74973,6836,6836,0,0.00293975,0.00249477,0,0,0.000694913,0,1,1,6,0,0,0,1,0,0
1,table_under_pick,23,qpAdaptive,1,1,0.0115105,4460,6,4.74984,5300,5300,0,0.00293985,0.00249477,0,0,0.00106499,0.0726457,1,1,6,0,0,0,0.927354,0.0719731,0.000672646
1,table_under_pick,23,qpFreeGate,1,1,0.0552533,33001,17,15.1909,19794,19794,0,0.00317247,0.00249477,0,0,0.000698706,0,21,9,0.809524,0,0,0,1,0,0
1,table_under_pick,23,qpEnvelope,1,1,0.0107948,4135,6,4.75031,5108,5108,0,0.00294026,0.00249477,0,0,0.00114881,0.0355502,1,1,6,0,0,0,0.96445,0.0348247,0.000725514
1,table_under_pick,30,isSafe,1,1,0.083533,61925,18,12.9021,8,6453,0,0.00621984,0.00249477,0,0,0,0,64,14,0.28125,0,0,0,0,0,0
1,table_under_pick,30,qpFixed,1,1,0.101635,47777,18,10.2469,17930,17930,0,0.00293748,0.00249477,0,0,0.000540844,0,6,6,3,0,0,0,1,0,0
1,table_under_pick,30,qpPlain,1,1,0.339635,47777,18,10.2469,17930,17930,0,0.00293748,0.00249477,0,0,0.000540844,0,6,6,3,0,0,0,1,0,0
1,table_under_pick,30,qpAdaptive,1,1,0.094421,37061,18,10.2471,14287,14287,0,0.00293748,0.00249477,0,0,0.000697237,0.0307331,6,6,3,0,0,0,0.969267,0.0305982,0.000134913
1,table_under_pick,30,qpFreeGate,1,1,0.116835,67432,24,15.1742,20755,20755,0,0.00303862,0.00249477,0,0,0.000624291,0,64,20,0.375,0,0,0,1,0,0
1,table_under_pick,30,qpEnvelope,1,1,0.0922739,35867,18,10.2476,13990,13990,0,0.00293752,0.00249477,0,0,0.000720479,0.0239217,6,6,3,0,0,0,0.976078,0.0237823,0.000139404
1,table_under_pick,37,isSafe,0,0,0,0,0,0,0,0,0,inf,inf,0,0,0,0,0,0,0,0,0,0,0,0,0
1,table_under_pick,37,qpFixed,0,0,0,0,0,0,0,0,0,inf,inf,0,0,0,0,0,0,0,0,0,0,0,0,0
1,table_under_pick,37,qpPlain,0,0,0,0,0,0,0,0,0,inf,inf,0,0,0,0,0,0,0,0,0,0,0,0,0
1,table_under_pick,37,qpAdaptive,0,0,0,0,0,0,0,0,0,inf,inf,0,0,0,0,0,0,0,0,0,0,0,0,0
1,table_under_pick,37,qpFreeGate,0,0,0,0,0,0,0,0,0,inf,inf,0,0,0,0,0,0,0,0,0,0,0,0,0
1,table_under_pick,37,qpEnvelope,0,0,0,0,0,0,0,0,0,inf,inf,0,0,0,0,0,0,0,0,0,0,0,0,0
1,table_under_pick,44,isSafe,1,1,0.0957096,73213,21,18.4701,11,9237,0,0.00282864,0.00249477,0,0,0,0,89,16,0.235955,0,0,0,0,0,0
1,table_under_pick,44,qpFixed,1,1,0.0892832,44111,15,8.36066,12603,12603,0,0.00294693,0.00249477,0,0,0.000539248,0,8,8,1.875,0,0,0,1,0,0
1,table_under_pick,44,qpPlain,1,1,0.305517,44111,15,8.36066,12603,12603,0,0.00294693,0.00249477,0,0,0.000539248,0,8,8,1.875,0,0,0,1,0,0
1,table_under_pick,44,qpAdaptive,1,1,0.0859211,35724,15,8.36131,10230,10230,0,0.00294657,0.00249477,0,0,0.000665919,0.0274605,8,8,1.875,0,0,0,0.972511,0.0273486,0.000139962
1,table_under_pick,44,qpFreeGate,1,1,0.0908957,54037,22,13.4165,18363,18363,0,0.00299389,0.00249477,0,0,0.000588766,0,60,17,0.366667,0,0,0,1,0,0
1,table_under_pick,44,qpEnvelope,1,1,0.084115,34695,15,8.36158,10012,10012,0,0.00294626,0.00249477,0,0,0.000685833,0.0207234,8,8,1.875,0,0,0,0.979248,0.0206082,0.000144113
1,table_under_pick,51,isSafe,1,1,0.0611605,46591,14,13.2092,8,6606,0,0.00781706,0.00249477,0,0,0,0,61,9,0.229508,0,0,0,0,0,0
1,table_under_pick,51,qpFixed,1,1,0.0690081,33635,13,10.8154,15663,15663,0,0.00297407,0.00249477,0,0,0.000596842,0,4,4,3.25,0,0,0,1,0,0
1,table_under_pick,51,qpPlain,1,1,0.23808,33635,13,10.8154,15663,15663,0,0.00297407,0.00249477,0,0,0.000596842,0,4,4,3.25,0,0,0,1,0,0
1,table_under_pick,51,qpAdaptive,1,1,0.0674573,27385,13,10.8156,12437,12437,0,0.00296623,0.00249477,0,0,0.000733063,0.0418477,4,4,3.25,0,0,0,0.958116,0.0417382,0.000146065
1,table_under_pick,51,qpFreeGate,1,1,0.0848441,50926,21,15.9855,22295,22295,0,0.00297542,0.00249477,0,0,0.000631086,0,80,17,0.2625,0,0,0,1,0,0
1,table_under_pick,51,qpEnvelope,1,1,0.0652181,26288,13,10.8162,11998,11998,0,0.00297407,0.00249477,0,0,0.000763676,0.0192864,4,4,3.25,0,0,0,0.980714,0.0191342,0.000152161
1,table_under_pick,58,isSafe,1,0,10.0013,7464850,2998,0,0,0,0,inf,inf,0,0,0,0,26193,2996,0.114458,0,0,0,0,0,0
1,table_under_pick,58,qpFixed,1,0,10.006,5629663,698,0,0,0,0,inf,inf,0,0,0.000326403,0,1122,604,0.622103,0,0,0,1,0,0
1,table_under_pick,58,qpPlain,1,0,10.0146,1440409,219,0,0,0,0,inf,inf,0,0,0.00036062,0,244,165,0.897541,0,0,0,1,0,0
1,table_under_pick,58,qpAdaptive,1,0,10.0031,4837679,651,0,0,0,0,inf,inf,0,0,0.000351325,0.00420408,1019,560,0.638862,0,0,0,0.995795,0.00418052,2.43919e-05
1,table_under_pick,58,qpFreeGate,1,0,10.0019,6173820,2658,0,0,0,0,inf,inf,0,0,0.000567675,0,15709,2653,0.169202,0,0,0,1,0,0
1,table_under_pick,58,qpEnvelope,1,0,10.0011,4812173,648,0,0,0,0,inf,inf,0,0,0.000351772,0.000701554,1015,557,0.638424,0,0,0,0.999298,0.000677449,2.41055e-05
1,table_under_pick,66,isSafe,1,1,0.0683448,51908,16,13.0365,8,6520,0,0.00164754,0.00249477,0,0,0,0,81,11,0.197531,0,0,0,0,0,0
1,table_under_pick,66,qpFixed,1,1,0.119162,66607,29,17.1397,24577,24577,0,0.00291882,0.00249477,0,0,0.000626714,0,10,10,2.9,0,0,0,1,0,0
1,table_under_pick,66,qpPlain,1,1,0.45928,66607,29,17.1397,24577,24577,0,0.00291882,0.00249477,0,0,0.000626714,0,10,10,2.9,0,0,0,1,0,0
1,table_under_pick,66,qpAdaptive,1,1,0.0996281,43732,29,17.14,16709,16709,0,0.00291741,0.00249477,0,0,0.000954465,0.0418458,10,10,2.9,0,0,0,0.958086,0.0415485,0.000365865
1,table_under_pick,66,qpFreeGate,1,1,0.0660072,39598,18,16.3553,22347,22347,0,0.0029624,0.00249477,0,0,0.000614482,0,35,13,0.514286,0,0,0,1,0,0
1,table_under_pick,66,qpEnvelope,1,1,0.0972291,42409,29,17.1432,16455,16455,0,0.00291617,0.00249477,0,0,0.000984489,0.013582,10,10,2.9,0,0,0,0.986347,0.0132755,0.000377278
1,table_under_pick,73,isSafe,0,0,0,0,0,0,0,0,0,inf,inf,0,0,0,0,0,0,0,0,0,0,0,0,0
1,table_under_pick,73,qpFixed,0,0,0,0,0,0,0,0,0,inf,inf,0,0,0,0,0,0,0,0,0,0,0,0,0
1,table_under_pick,73,qpPlain,0,0,0,0,0,0,0,0,0,inf,inf,0,0,0,0,0,0,0,0,0,0,0,0,0
1,table_under_pick,73,qpAdaptive,0,0,0,0,0,0,0,0,0,inf,inf,0,0,0,0,0,0,0,0,0,0,0,0,0
1,table_under_pick,73,qpFreeGate,0,0,0,0,0,0,0,0,0,inf,inf,0,0,0,0,0,0,0,0,0,0,0,0,0
1,table_under_pick,73,qpEnvelope,0,0,0,0,0,0,0,0,0,inf,inf,0,0,0,0,0,0,0,0,0,0,0,0,0
1,table_under_pick,80,isSafe,1,1,0.0673677,53542,16,10.6795,7,5341,0,0.00145871,0.00249477,0,0,0,0,72,12,0.222222,0,0,0,0,0,0
1,table_under_pick,80,qpFixed,1,1,0.2103,95993,32,10.4598,18905,18905,0,0.00290974,0.00249477,0,0,0.00053719,0,15,13,2.13333,0,0,0,1,0,0
1,table_under_pick,80,qpPlain,1,1,0.69402,95993,32,10.4598,18905,18905,0,0.00290974,0.00249477,0,0,0.00053719,0,15,13,2.13333,0,0,0,1,0,0
1,table_under_pick,80,qpAdaptive,1,1,0.215328,85426,32,10.4604,17187,17187,0,0.00290574,0.00249477,0,0,0.000603658,0.019713,15,13,2.13333,0,0,0,0.980287,0.0196427,7.02362e-05
1,table_under_pick,80,qpFreeGate,1,1,0.0985056,58269,22,14.7174,21652,21652,0,0.00298607,0.00249477,0,0,0.000585648,0,105,19,0.209524,0,0,0,1,0,0
1,table_under_pick,80,qpEnvelope,1,1,0.212665,84036,32,10.461,16846,16846,0,0.00291313,0.00249477,0,0,0.0006137,0.0146723,15,13,2.13333,0,0,0,0.985328,0.0146009,7.1398e-05
1,table_under_pick,87,isSafe,1,1,0.0740248,56108,16,15.9774,9,7990,0,0.00820128,0.00249477,0,0,0,0,104,12,0.153846,0,0,0,0,0,0
1,table_under_pick,87,qpFixed,1,1,0.18068,80350,29,20.1853,30743,30743,0,0.00293679,0.00249477,0,0,0.000560075,0,14,12,2.07143,0,0,0,1,0,0
1,table_under_pick,87,qpPlain,1,1,0.588365,80350,29,20.1853,30743,30743,0,0.00293679,0.00249477,0,0,0.000560075,0,14,12,2.07143,0,0,0,1,0,0
1,table_under_pick,87,qpAdaptive,1,1,0.175683,65684,29,20.1855,22395,22395,0,0.00293676,0.00249477,0,0,0.000677943,0.0200201,14,12,2.07143,0,0,0,0.979964,0.0199443,9.13478e-05
1,table_under_pick,87,qpFreeGate,1,1,0.0808017,47400,19,14.795,19746,19746,0,0.00820128,0.00249477,0,0,0.000635487,0,55,13,0.345455,0,0,0,1,0,0
1,table_under_pick,87,qpEnvelope,1,1,0.172806,64088,29,20.1884,21518,21518,0,0.00293437,0.00249477,0,0,0.000696291,0.0135127,14,12,2.07143,0,0,0,0.986472,0.0134349,9.36227e-05
1,table_under_pick,94,isSafe,1,1,0.0448625,30919,10,7.42006,5,3712,0,0.00441168,0.00249477,0,0,0,0,22,7,0.454545,0,0,0,0,0,0
1,table_under_pick,94,qpFixed,1,1,0.0695144,32660,18,12.348,17806,17806,0,0.00202809,0.00249477,0,0,0.000629204,0,6,5,3,0,0,0,1,0,0
1,table_under_pick,94,qpPlain,1,1,0.231632,32660,18,12.348,17806,17806,0,0.00202809,0.00249477,0,0,0.000629204,0,6,5,3,0,0,0,1,0,0
1,table_under_pick,94,qpAdaptive,1,1,0.0709549,28419,18,12.3487,16787,16787,0,0.0020266,0.00249477,0,0,0.000723131,0.0386009,6,5,3,0,0,0,0.961329,0.0383194,0.000351877
1,table_under_pick,94,qpFreeGate,1,1,0.0490966,28286,12,7.41665,9804,9804,0,0.00440679,0.00249477,0,0,0.00065212,0,22,9,0.545455,0,0,0,1,0,0
1,table_under_pick,94,qpEnvelope,1,1,0.0688373,27250,18,12.3498,16186,16186,0,0.00201196,0.00249477,0,0,0.000754194,0.0321468,6,5,3,0,0,0,0.96778,0.0318165,0.00040367
1,bookshelf_small,1,isSafe,1,1,0.021271,16435,7,8.20477,6,4104,0,0.00745058,0.00249477,0,0,0,0,5,2,1.4,0,0,0,0,0,0
1,bookshelf_small,1,qpFixed,1,1,0.0211658,12311,8,7.8452,12312,12312,0,0.00293475,0.00249477,0,0,0.000637251,0,1,1,8,0,0,0,1,0,0
1,bookshelf_small,1,qpPlain,1,1,0.0831588,12311,8,7.8452,12312,12312,0,0.00293475,0.00249477,0,0,0.000637251,0,1,1,8,0,0,0,1,0,0
1,bookshelf_small,1,qpAdaptive,1,1,0.013922,5469,8,7.84526,7973,7973,0,0.00293486,0.00249477,0,0,0.0014345,0.0678369,1,1,8,0,0,0,0.932163,0.0671055,0.000731395
1,bookshelf_small,1,qpFreeGate,1,1,0.0704508,43325,22,17.1051,23407,23407,0,0.00302017,0.00249477,0,0,0.000696584,0,23,11,0.956522,0,0,0,1,0,0
1,bookshelf_small,1,qpEnvelope,1,1,0.0128801,5060,8,7.84537,7717,7717,0,0.00293484,0.00249477,0,0,0.00155047,0.037747,1,1,8,0,0,0,0.962253,0.0369565,0.000790514
1,bookshelf_small,8,isSafe,1,1,0.125849,97108,27,7.48586,5,3744,0,0.00327137,0.00249477,0,0,0,0,175,24,0.154286,0,0,0,0,0,0
1,bookshelf_small,8,qpFixed,1,1,0.0228446,13744,8,8.56481,13742,13742,0,0.00208814,0.00249477,0,0,0.0006232,0,2,2,4,0,0,0,1,0,0
1,bookshelf_small,8,qpPlain,1,1,0.0922119,13744,8,8.56481,13742,13742,0,0.00208814,0.00249477,0,0,0.0006232,0,2,2,4,0,0,0,1,0,0
1,bookshelf_small,8,qpAdaptive,1,1,0.0157589,6483,8,8.56481,8996,8996,0,0.00208897,0.00249477,0,0,0.00132119,0.0492056,2,2,4,0,0,0,0.950794,0.0485886,0.000616998
1,bookshelf_small,8,qpFreeGate,1,1,0.170518,104873,44,7.41674,10570,10570,0,0.00312921,0.00249477,0,0,0.000619567,0,122,36,0.360656,0,0,0,1,0,0
1,bookshelf_small,8,qpEnvelope,1,1,0.0152451,6175,8,8.56505,8840,8840,0,0.00208794,0.00249477,0,0,0.00138713,0.0186235,2,2,4,0,0,0,0.981377,0.0179757,0.000647773
1,bookshelf_small,16,isSafe,0,0,0,0,0,0,0,0,0,inf,inf,0,0,0,0,0,0,0,0,0,0,0,0,0
1,bookshelf_small,16,qpFixed,0,0,0,0,0,0,0,0,0,inf,inf,0,0,0,0,0,0,0,0,0,0,0,0,0
1,bookshelf_small,16,qpPlain,0,0,0,0,0,0,0,0,0,inf,inf,0,0,0,0,0,0,0,0,0,0,0,0,0
1,bookshelf_small,16,qpAdaptive,0,0,0,0,0,0,0,0,0,inf,inf,0,0,0,0,0,0,0,0,0,0,0,0,0
1,bookshelf_small,16,qpFreeGate,0,0,0,0,0,0,0,0,0,inf,inf,0,0,0,0,0,0,0,0,0,0,0,0,0
1,bookshelf_small,16,qpEnvelope,0,0,0,0,0,0,0,0,0,inf,inf,0,0,0,0,0,0,0,0,0,0,0,0,0
1,bookshelf_small,24,isSafe,1,1,0.0397626,30635,10,13.2919,8,6647,0,0.00681445,0.00249477,0,0,0,0,23,5,0.434783,0,0,0,0,0,0
1,bookshelf_small,24,qpFixed,1,1,0.0201025,14317,7,9.12314,14318,14318,0,0.00297656,0.00249477,0,0,0.000637225,0,1,1,7,0,0,0,1,0,0
1,bookshelf_small,24,qpPlain,1,1,0.0925572,14317,7,9.12314,14318,14318,0,0.00297656,0.00249477,0,0,0.000637225,0,1,1,7,0,0,0,1,0,0
1,bookshelf_small,24,qpAdaptive,1,1,0.00583412,2316,7,9.12317,6221,6221,0,0.00297652,0.00249477,0,0,0.00393919,0.128238,1,1,7,0,0,0,0.871762,0.126079,0.00215889
1,bookshelf_small,24,qpFreeGate,1,1,0.123167,73248,30,10.5468,14625,14625,0,0.00299273,0.00249477,0,0,0.000670414,0,85,24,0.352941,0,0,0,1,0,0
1,bookshelf_small,24,qpEnvelope,1,1,0.00534438,2066,7,9.12335,6091,6091,0,0.00297651,0.00249477,0,0,0.00441595,0.035818,1,1,7,0,0,0,0.964182,0.0333979,0.00242014
1,bookshelf_small,32,isSafe,1,0,10.0006,7430853,2985,0,0,0,0,inf,inf,0,0,0,0,24539,2983,0.121643,0,0,0,0,0,0
1,bookshelf_small,32,qpFixed,1,0,10.0023,5664839,700,0,0,0,0,inf,inf,0,0,0.000328934,0,1137,606,0.615655,0,0,0,1,0,0
1,bookshelf_small,32,qpPlain,1,0,10.0212,1418180,215,0,0,0,0,inf,inf,0,0,0.000362042,0,248,165,0.866935,0,0,0,1,0,0
1,bookshelf_small,32,qpAdaptive,1,0,10.007,4850668,652,0,0,0,0,inf,inf,0,0,0.000356955,0.00384834,1043,558,0.62512,0,0,0,0.996151,0.00382051,2.80374e-05
1,bookshelf_small,32,qpFreeGate,1,0,10.0002,6177013,2739,0,0,0,0,inf,inf,0,0,0.000575683,0,15695,2736,0.174514,0,0,0,1,0,0
1,bookshelf_small,32,qpEnvelope,1,0,10.0062,4834503,651,0,0,0,0,inf,inf,0,0,0.000357731,0.000511118,1042,557,0.62476,0,0,0,0.999489,0.00048278,2.8338e-05
1,bookshelf_small,39,isSafe,1,0,10.002,7488168,3080,0,0,0,0,inf,inf,0,0,0,0,31929,3078,0.096464,0,0,0,0,0,0
1,bookshelf_small,39,qpFixed,1,0,10.0011,5260737,667,0,0,0,0,inf,inf,0,0,0.0003353,0,1085,582,0.614747,0,0,0,1,0,0
1,bookshelf_small,39,qpPlain,1,0,10.0279,1394922,216,0,0,0,0,inf,inf,0,0,0.00036898,0,265,172,0.815094,0,0,0,1,0,0
1,bookshelf_small,39,qpAdaptive,1,0,10.0083,4503633,617,0,0,0,0,inf,inf,0,0,0.00036254,0.00496088,992,538,0.621976,0,0,0,0.995038,0.00493691,2.48688e-05
1,bookshelf_small,39,qpFreeGate,1,0,10.0025,6144873,2658,0,0,0,0,inf,inf,0,0,0.000554872,0,17037,2652,0.156013,0,0,0,1,0,0
1,bookshelf_small,39,qpEnvelope,1,0,10.0019,4539855,624,0,0,0,0,inf,inf,0,0,0.000363394,0.00126744,1001,544,0.623377,0,0,0,0.998733,0.00124299,2.44501e-05
1,bookshelf_small,46,isSafe,1,1,0.716557,536524,148,17.783,10,8893,0,0.00324508,0.00249477,0,0,0,0,1230,145,0.120325,0,0,0,0,0,0
1,bookshelf_small,46,qpFixed,1,1,0.0181209,14111,7,8.35378,14112,14112,0,0.00294058,0.00249477,0,0,0.000592005,0,1,1,7,0,0,0,1,0,0
1,bookshelf_small,46,qpPlain,1,1,0.0919901,14111,7,8.35378,14112,14112,0,0.00294058,0.00249477,0,0,0.000592005,0,1,1,7,0,0,0,1,0,0
1,bookshelf_small,46,qpAdaptive,1,1,0.00486572,2143,7,8.35381,5632,5632,0,0.00294065,0.00249477,0,0,0.00389819,0.142324,1,1,7,0,0,0,0.857676,0.139991,0.00233318
1,bookshelf_small,46,qpFreeGate,1,1,0.226191,140054,45,12.8241,19589,19589,0,0.00439818,0.00249477,0,0,0.000573706,0,159,37,0.283019,0,0,0,1,0,0
1,bookshelf_small,46,qpEnvelope,1,1,0.00440356,1881,7,8.35396,5500,5500,0,0.00294214,0.00249477,0,0,0.00444124,0.0616693,1,1,7,0,0,0,0.938331,0.0590112,0.00265816
1,bookshelf_small,53,isSafe,0,0,0,0,0,0,0,0,0,inf,inf,0,0,0,0,0,0,0,0,0,0,0,0,0
1,bookshelf_small,53,qpFixed,0,0,0,0,0,0,0,0,0,inf,inf,0,0,0,0,0,0,0,0,0,0,0,0,0
1,bookshelf_small,53,qpPlain,0,0,0,0,0,0,0,0,0,inf,inf,0,0,0,0,0,0,0,0,0,0,0,0,0
1,bookshelf_small,53,qpAdaptive,0,0,0,0,0,0,0,0,0,inf,inf,0,0,0,0,0,0,0,0,0,0,0,0,0
1,bookshelf_small,53,qpFreeGate,0,0,0,0,0,0,0,0,0,inf,inf,0,0,0,0,0,0,0,0,0,0,0,0,0
1,bookshelf_small,53,qpEnvelope,0,0,0,0,0,0,0,0,0,inf,inf,0,0,0,0,0,0,0,0,0,0,0,0,0
1,bookshelf_small,60,isSafe,1,1,0.0204239,14152,6,7.07301,5,3538,0,0.00196215,0.00249477,0,0,0,0,1,1,6,0,0,0,0,0,0
1,bookshelf_small,60,qpFixed,1,1,0.0115908,8116,6,7.0733,8117,8117,0,0.00516051,0.00249477,0,0,0.000871525,0,1,1,6,0,0,0,1,0,0
1,bookshelf_small,60,qpPlain,1,1,0.0525546,8116,6,7.0733,8117,8117,0,0.00516051,0.00249477,0,0,0.000871525,0,1,1,6,0,0,0,1,0,0
1,bookshelf_small,60,qpAdaptive,1,1,0.000590035,178,6,7.0733,3617,3617,0,0.00514868,0.00249477,0,0,0.0397376,0.848315,1,1,6,0,0,0,0.151685,0.825843,0.0224719
1,bookshelf_small,60,qpFreeGate,1,1,0.0253383,15256,7,9.4509,14136,14136,0,0.0047,0.00249477,0,0,0.000632329,0,5,3,1.4,0,0,0,1,0,0
1,bookshelf_small,60,qpEnvelope,1,1,0.000307431,64,6,7.07332,3568,3568,0,0.0052089,0.00249477,0,0,0.110521,1,1,1,6,0,0,0,0,0.9375,0.0625
1,bookshelf_small,67,isSafe,0,0,0,0,0,0,0,0,0,inf,inf,0,0,0,0,0,0,0,0,0,0,0,0,0
1,bookshelf_small,67,qpFixed,0,0,0,0,0,0,0,0,0,inf,inf,0,0,0,0,0,0,0,0,0,0,0,0,0
1,bookshelf_small,67,qpPlain,0,0,0,0,0,0,0,0,0,inf,inf,0,0,0,0,0,0,0,0,0,0,0,0,0
1,bookshelf_small,67,qpAdaptive,0,0,0,0,0,0,0,0,0,inf,inf,0,0,0,0,0,0,0,0,0,0,0,0,0
1,bookshelf_small,67,qpFreeGate,0,0,0,0,0,0,0,0,0,inf,inf,0,0,0,0,0,0,0,0,0,0,0,0,0
1,bookshelf_small,67,qpEnvelope,0,0,0,0,0,0,0,0,0,inf,inf,0,0,0,0,0,0,0,0,0,0,0,0,0
1,bookshelf_small,74,isSafe,1,1,0.143208,107822,29,11.8315,7,5917,0,0.00438088,0.00249477,0,0,0,0,144,26,0.201389,0,0,0,0,0,0
1,bookshelf_small,74,qpFixed,1,1,0.0814279,41156,18,21.2521,35392,35392,0,0.00244317,0.00249477,0,0,0.00057621,0,6,6,3,0,0,0,1,0,0
1,bookshelf_small,74,qpPlain,1,1,0.290549,41156,18,21.2521,35392,35392,0,0.00244317,0.00249477,0,0,0.00057621,0,6,6,3,0,0,0,1,0,0
1,bookshelf_small,74,qpAdaptive,1,1,0.079242,33027,18,21.2525,30088,30088,0,0.00244318,0.00249477,0,0,0.000717538,0.0181064,6,6,3,0,0,0,0.981832,0.0180464,0.000121117
1,bookshelf_small,74,qpFreeGate,1,1,0.0719917,46362,22,11.9834,19453,19453,0,0.00303567,0.00249477,0,0,0.000609212,0,38,13,0.578947,0,0,0,1,0,0
1,bookshelf_small,74,qpEnvelope,1,1,0.0797103,32741,18,21.2569,29905,29905,0,0.00244499,0.00249477,0,0,0.000724453,0.00659723,6,6,3,0,0,0,0.993342,0.00653615,0.000122171
1,bookshelf_small,81,isSafe,1,1,1.49504,1126167,333,18.7071,11,9355,0,0.00185194,0.00249477,0,0,0,0,3020,330,0.110265,0,0,0,0,0,0
1,bookshelf_small,81,qpFixed,1,1,0.186149,95381,43,21.8524,33387,33387,0,0.00295114,0.00249477,0,0,0.000583745,0,16,15,2.6875,0,0,0,1,0,0
1,bookshelf_small,81,qpPlain,1,1,0.65677,95381,43,21.8524,33387,33387,0,0.00295114,0.00249477,0,0,0.000583745,0,16,15,2.6875,0,0,0,1,0,0
1,bookshelf_small,81,qpAdaptive,1,1,0.167452,69174,43,21.8543,25167,25167,0,0.00295099,0.00249477,0,0,0.000804921,0.0492671,16,15,2.6875,0,0,0,0.950704,0.048949,0.000346951
1,bookshelf_small,81,qpFreeGate,1,1,0.266692,162576,59,15.215,21190,21190,0,0.00301152,0.00249477,0,0,0.000614939,0,223,53,0.264574,0,0,0,1,0,0
1,bookshelf_small,81,qpEnvelope,1,1,0.16239,66040,41,21.8606,24047,24047,0,0.00295152,0.00249477,0,0,0.000843225,0.0340248,16,15,2.5625,0,0,0,0.965915,0.0337371,0.000348274
1,bookshelf_small,89,isSafe,0,0,0,0,0,0,0,0,0,inf,inf,0,0,0,0,0,0,0,0,0,0,0,0,0
1,bookshelf_small,89,qpFixed,0,0,0,0,0,0,0,0,0,inf,inf,0,0,0,0,0,0,0,0,0,0,0,0,0
1,bookshelf_small,89,qpPlain,0,0,0,0,0,0,0,0,0,inf,inf,0,0,0,0,0,0,0,0,0,0,0,0,0
1,bookshelf_small,89,qpAdaptive,0,0,0,0,0,0,0,0,0,inf,inf,0,0,0,0,0,0,0,0,0,0,0,0,0
1,bookshelf_small,89,qpFreeGate,0,0,0,0,0,0,0,0,0,inf,inf,0,0,0,0,0,0,0,0,0,0,0,0,0
1,bookshelf_small,89,qpEnvelope,0,0,0,0,0,0,0,0,0,inf,inf,0,0,0,0,0,0,0,0,0,0,0,0,0
1,bookshelf_small,96,isSafe,0,0,0,0,0,0,0,0,0,inf,inf,0,0,0,0,0,0,0,0,0,0,0,0,0
1,bookshelf_small,96,qpFixed,0,0,0,0,0,0,0,0,0,inf,inf,0,0,0,0,0,0,0,0,0,0,0,0,0
1,bookshelf_small,96,qpPlain,0,0,0,0,0,0,0,0,0,inf,inf,0,0,0,0,0,0,0,0,0,0,0,0,0
1,bookshelf_small,96,qpAdaptive,0,0,0,0,0,0,0,0,0,inf,inf,0,0,0,0,0,0,0,0,0,0,0,0,0
1,bookshelf_small,96,qpFreeGate,0,0,0,0,0,0,0,0,0,inf,inf,0,0,0,0,0,0,0,0,0,0,0,0,0
1,bookshelf_small,96,qpEnvelope,0,0,0,0,0,0,0,0,0,inf,inf,0,0,0,0,0,0,0,0,0,0,0,0,0
1,box,3,isSafe,1,1,0.046875,35694,11,9.81555,6,4909,0,0.0334723,0.00249477,0,0,0,0,15,7,0.733333,0,0,0,0,0,0
1,box,3,qpFixed,1,1,0.0116132,6790,5,5.14151,6791,6791,0,0.00298271,0.00249477,0,0,0.000757218,0,1,1,5,0,0,0,1,0,0
1,box,3,qpPlain,1,1,0.0449956,6790,5,5.14151,6791,6791,0,0.00298271,0.00249477,0,0,0.000757218,0,1,1,5,0,0,0,1,0,0
1,box,3,qpAdaptive,1,1,0.00446372,1720,5,5.14152,3640,3640,0,0.0029832,0.00249477,0,0,0.00298925,0.185465,1,1,5,0,0,0,0.814535,0.183721,0.00174419
1,box,3,qpFreeGate,1,1,0.118711,67266,31,18.353,24742,24742,0,0.00303073,0.00249477,0,0,0.000671375,0,49,18,0.632653,0,0,0,1,0,0
1,box,3,qpEnvelope,1,1,0.00389926,1445,5,5.14156,3490,3490,0,0.00298297,0.00249477,0,0,0.00355817,0.117647,1,1,5,0,0,0,0.882353,0.115571,0.00207612
1,box,10,isSafe,1,1,0.0440156,33156,11,14.5531,9,7278,0,4.5336e-05,0.00249477,0,0,0,0,20,7,0.55,0,0,0,0,0,0
1,box,10,qpFixed,1,1,0.0114552,6974,5,5.44122,6975,6975,0,0.00294169,0.00249477,0,0,0.000780215,0,1,1,5,0,0,0,1,0,0
1,box,10,qpPlain,1,1,0.0460773,6974,5,5.44122,6975,6975,0,0.00294169,0.00249477,0,0,0.000780215,0,1,1,5,0,0,0,1,0,0
1,box,10,qpAdaptive,1,1,0.00551217,2045,5,5.44126,3984,3984,0,0.00294177,0.00249477,0,0,0.00266076,0.0572127,1,1,5,0,0,0,0.942787,0.0562347,0.000977995
1,box,10,qpFreeGate,1,1,0.0457233,27672,17,12.5389,17457,17457,0,0.00314251,0.00249477,0,0,0.000665391,0,20,11,0.85,0,0,0,1,0,0
1,box,10,qpEnvelope,1,1,0.00511201,1965,5,5.44133,3940,3940,0,0.00294231,0.00249477,0,0,0.00276913,0.037659,1,1,5,0,0,0,0.962341,0.0366412,0.00101781
1,box,17,isSafe,1,1,0.0334578,25856,9,10.9151,7,5459,0,0.00306227,0.00249477,0,0,0,0,8,5,1.125,0,0,0,0,0,0
1,box,17,qpFixed,1,1,0.0140848,8649,6,5.65463,8650,8650,0,0.00297423,0.00249477,0,0,0.00065379,0,1,1,6,0,0,0,1,0,0
1,box,17,qpPlain,1,1,0.05659,8649,6,5.65463,8650,8650,0,0.00297423,0.00249477,0,0,0.00065379,0,1,1,6,0,0,0,1,0,0
1,box,17,qpAdaptive,1,1,0.00739585,3040,6,5.65468,4933,4933,0,0.00296866,0.00249477,0,0,0.00186009,0.0480263,1,1,6,0,0,0,0.951974,0.0470395,0.000986842
1,box,17,qpFreeGate,1,1,0.0463834,27899,14,12.4309,18086,18086,0,0.0127749,0.00249477,0,0,0.000653469,0,24,8,0.583333,0,0,0,1,0,0
1,box,17,qpEnvelope,1,1,0.0070936,2934,6,5.65484,4881,4881,0,0.00297437,0.00249477,0,0,0.00192735,0.0231766,1,1,6,0,0,0,0.976823,0.0221541,0.00102249
1,box,24,isSafe,1,1,0.0652673,49861,15,10.8842,7,5444,0,0.00915081,0.00249477,0,0,0,0,27,11,0.555556,0,0,0,0,0,0
1,box,24,qpFixed,1,1,0.0246529,13854,7,8.84824,13239,13239,0,0.00293847,0.00249477,0,0,0.000644931,0,2,2,3.5,0,0,0,1,0,0
1,box,24,qpPlain,1,1,0.0934172,13854,7,8.84824,13239,13239,0,0.00293847,0.00249477,0,0,0.000644931,0,2,2,3.5,0,0,0,1,0,0
1,box,24,qpAdaptive,1,1,0.0168195,6682,7,8.84826,8656,8656,0,0.00293847,0.00249477,0,0,0.00133716,0.0296318,2,2,3.5,0,0,0,0.970368,0.0291829,0.000448967
1,box,24,qpFreeGate,1,1,0.0451914,26042,14,11.8593,15016,15016,0,0.00304302,0.00249477,0,0,0.000748818,0,12,9,1.16667,0,0,0,1,0,0
1,box,24,qpEnvelope,1,1,0.0166976,6543,7,8.84827,8568,8568,0,0.00293847,0.00249477,0,0,0.00136557,0.0207856,2,2,3.5,0,0,0,0.979214,0.0203271,0.000458505
1,box,31,isSafe,1,1,0.0681778,52289,16,10.4336,7,5218,0,0.0122243,0.00249477,0,0,0,0,51,12,0.313725,0,0,0,0,0,0
1,box,31,qpFixed,1,1,0.0495247,26142,13,8.69027,12919,12919,0,0.00294209,0.00249477,0,0,0.000630697,0,4,4,3.25,0,0,0,1,0,0
1,box,31,qpPlain,1,1,0.177257,26142,13,8.69027,12919,12919,0,0.00294209,0.00249477,0,0,0.000630697,0,4,4,3.25,0,0,0,1,0,0
1,box,31,qpAdaptive,1,1,0.0394462,15993,13,8.68936,8204,8204,0,0.00294259,0.00249477,0,0,0.00103088,0.0352654,4,4,3.25,0,0,0,0.964735,0.0348277,0.000437691
1,box,31,qpFreeGate,1,1,0.0586276,35392,16,10.0492,14520,14520,0,0.00309329,0.00249477,0,0,0.000633123,0,36,11,0.444444,0,0,0,1,0,0
1,box,31,qpEnvelope,1,1,0.0384619,15414,13,8.6894,7879,7879,0,0.00294364,0.00249477,0,0,0.00106963,0.0193979,4,4,3.25,0,0,0,0.980602,0.0189438,0.000454133
1,box,38,isSafe,1,1,0.131835,99522,28,18.2714,11,9137,0,0.00241308,0.00249477,0,0,0,0,122,24,0.229508,0,0,0,0,0,0
1,box,38,qpFixed,1,1,0.0431082,24349,10,9.7271,15184,15184,0,0.00294479,0.00249477,0,0,0.000542688,0,3,3,3.33333,0,0,0,1,0,0
1,box,38,qpPlain,1,1,0.164025,24349,10,9.7271,15184,15184,0,0.00294479,0.00249477,0,0,0.000542688,0,3,3,3.33333,0,0,0,1,0,0
1,box,38,qpAdaptive,1,1,0.0280653,11479,10,9.72766,7120,7120,0,0.00294336,0.00249477,0,0,0.00115126,0.0255249,3,3,3.33333,0,0,0,0.974475,0.0250893,0.000435578
1,box,38,qpFreeGate,1,1,0.117236,67794,33,18.9644,27651,27651,0,0.00304219,0.00249477,0,0,0.000674291,0,37,18,0.891892,0,0,0,1,0,0
1,box,38,qpEnvelope,1,1,0.0274165,11278,10,9.72873,7059,7059,0,0.0029403,0.00249477,0,0,0.00117194,0.0133002,3,3,3.33333,0,0,0,0.9867,0.0128569,0.000443341
1,box,45,isSafe,1,1,0.0248411,19895,7,7.9359,5,3969,0,0.0312443,0.00249477,0,0,0,0,7,3,1,0,0,0,0,0,0
1,box,45,qpFixed,1,1,0.0137644,9036,6,6.05849,9037,9037,0,0.00297038,0.00249477,0,0,0.000670483,0,1,1,6,0,0,0,1,0,0
1,box,45,qpPlain,1,1,0.0584474,9036,6,6.05849,9037,9037,0,0.00297038,0.00249477,0,0,0.000670483,0,1,1,6,0,0,0,1,0,0
1,box,45,qpAdaptive,1,1,0.00447892,1721,6,6.05852,4194,4194,0,0.00296952,0.00249477,0,0,0.00352035,0.0883207,1,1,6,0,0,0,0.911679,0.0859965,0.00232423
1,box,45,qpFreeGate,1,1,0.0512446,29426,16,11.8222,17122,17122,0,0.00302397,0.00249477,0,0,0.000683249,0,17,10,0.941176,0,0,0,1,0,0
1,box,45,qpEnvelope,1,1,0.00413054,1630,6,6.05855,4141,4141,0,0.0029713,0.00249477,0,0,0.0037169,0.0613497,1,1,6,0,0,0,0.93865,0.0588957,0.00245399
1,box,52,isSafe,1,1,0.0582978,44475,14,10.178,7,5090,0,0.00887352,0.00249477,0,0,0,0,44,10,0.318182,0,0,0,0,0,0
1,box,52,qpFixed,1,1,0.0122412,8136,5,5.38032,8137,8137,0,0.00298518,0.00249477,0,0,0.000661298,0,1,1,5,0,0,0,1,0,0
1,box,52,qpPlain,1,1,0.0524411,8136,5,5.38032,8137,8137,0,0.00298518,0.00249477,0,0,0.000661298,0,1,1,5,0,0,0,1,0,0
1,box,52,qpAdaptive,1,1,0.00266828,878,5,5.38053,3244,3244,0,0.00298533,0.00249477,0,0,0.00612817,0.235763,1,1,5,0,0,0,0.764237,0.232346,0.00341686
1,box,52,qpFreeGate,1,1,0.227532,128219,58,18.8582,26361,26361,0,0.00302489,0.00249477,0,0,0.000642744,0,166,49,0.349398,0,0,0,1,0,0
1,box,52,qpEnvelope,1,1,0.00229113,714,5,5.38109,3146,3146,0,0.00298488,0.00249477,0,0,0.00753655,0.168067,1,1,5,0,0,0,0.831933,0.163866,0.00420168
1,box,59,isSafe,1,1,0.0351232,26213,9,7.08348,5,3543,0,0.0306998,0.00249477,0,0,0,0,19,5,0.473684,0,0,0,0,0,0
1,box,59,qpFixed,1,1,0.0218216,11332,7,7.05103,11333,11333,0,0.00293738,0.00249477,0,0,0.000622223,0,1,1,7,0,0,0,1,0,0
1,box,59,qpPlain,1,1,0.0781684,11332,7,7.05103,11333,11333,0,0.00293738,0.00249477,0,0,0.000622223,0,1,1,7,0,0,0,1,0,0
1,box,59,qpAdaptive,1,1,0.015591,5979,7,7.05116,7856,7856,0,0.00293738,0.00249477,0,0,0.00117932,0.0270948,1,1,7,0,0,0,0.972905,0.0265931,0.000501756
1,box,59,qpFreeGate,1,1,0.0779395,43360,20,10.6712,16066,16066,0,0.0030049,0.00249477,0,0,0.000631909,0,27,13,0.740741,0,0,0,1,0,0
1,box,59,qpEnvelope,1,1,0.0154958,5880,7,7.05153,7808,7808,0,0.00293736,0.00249477,0,0,0.00119924,0.0147959,1,1,7,0,0,0,0.985204,0.0142857,0.000510204
1,box,66,isSafe,1,1,0.214286,163672,44,23.066,13,11534,0,0.0182241,0.00249477,0,0,0,0,215,38,0.204651,0,0,0,0,0,0
1,box,66,qpFixed,1,1,0.0183468,12467,6,6.69084,12468,12468,0,0.00293979,0.00249477,0,0,0.000536684,0,1,1,6,0,0,0,1,0,0
1,box,66,qpPlain,1,1,0.0814197,12467,6,6.69084,12468,12468,0,0.00293979,0.00249477,0,0,0.000536684,0,1,1,6,0,0,0,1,0,0
1,box,66,qpAdaptive,1,1,0.00517046,1939,6,6.69119,4925,4925,0,0.00293903,0.00249477,0,0,0.00345084,0.0825168,1,1,6,0,0,0,0.917483,0.0804538,0.00206292
1,box,66,qpFreeGate,1,1,0.128213,76430,29,17.7548,25092,25092,0,0.0030098,0.00249477,0,0,0.000629002,0,71,23,0.408451,0,0,0,1,0,0
1,box,66,qpEnvelope,1,1,0.00495554,1832,6,6.69207,4848,4848,0,0.00293802,0.00249477,0,0,0.00365288,0.0463974,1,1,6,0,0,0,0.953603,0.044214,0.00218341
1,box,73,isSafe,1,1,0.0467487,34878,11,13.3867,8,6695,0,0.0191698,0.00249477,0,0,0,0,48,8,0.229167,0,0,0,0,0,0
1,box,73,qpFixed,1,1,0.173588,77137,34,26.5853,40558,40558,0,0.00293564,0.00249477,0,0,0.000625974,0,14,14,2.42857,0,0,0,1,0,0
1,box,73,qpPlain,1,1,0.559953,77137,34,26.5853,40558,40558,0,0.00293564,0.00249477,0,0,0.000625974,0,14,14,2.42857,0,0,0,1,0,0
1,box,73,qpAdaptive,1,1,0.179854,70413,34,26.5858,36410,36410,0,0.00293547,0.00249477,0,0,0.000685758,0.0143865,14,14,2.42857,0,0,0,0.985613,0.0142871,9.94135e-05
1,box,73,qpFreeGate,1,1,0.171703,98011,39,24.0119,32490,32490,0,0.00306598,0.00249477,0,0,0.000634261,0,122,31,0.319672,0,0,0,1,0,0
1,box,73,qpEnvelope,1,1,0.18025,69354,35,26.5865,35838,35838,0,0.00293542,0.00249477,0,0,0.000696248,0.0114629,14,14,2.5,0,0,0,0.988537,0.0113476,0.00011535
1,box,80,isSafe,1,1,0.0199221,15484,6,7.73567,5,3869,0,0.0369879,0.00249477,0,0,0,0,6,3,1,0,0,0,0,0,0
1,box,80,qpFixed,1,1,0.0447581,21973,15,11.6313,18092,18092,0,0.00292647,0.00249477,0,0,0.00062265,0,3,3,5,0,0,0,1,0,0
1,box,80,qpPlain,1,1,0.154121,21973,15,11.6313,18092,18092,0,0.00292647,0.00249477,0,0,0.00062265,0,3,3,5,0,0,0,1,0,0
1,box,80,qpAdaptive,1,1,0.0402895,16079,15,11.6325,14234,14234,0,0.00292649,0.00249477,0,0,0.000850967,0.0611978,3,3,5,0,0,0,0.938678,0.0609491,0.000373158
1,box,80,qpFreeGate,1,1,0.12894,73769,40,20.7599,31544,31544,0,0.00304588,0.00249477,0,0,0.000648276,0,59,23,0.677966,0,0,0,1,0,0
1,box,80,qpEnvelope,1,1,0.039014,15317,15,11.6362,13995,13995,0,0.00292607,0.00249477,0,0,0.00089355,0.0267024,3,3,5,0,0,0,0.973232,0.0262453,0.000522295
1,box,87,isSafe,1,1,0.0522492,39466,12,9.6826,6,4843,0,0.0178051,0.00249477,0,0,0,0,44,8,0.272727,0,0,0,0,0,0
1,box,87,qpFixed,1,1,0.0152631,9034,6,6.07117,9035,9035,0,0.00293892,0.00249477,0,0,0.000672035,0,1,1,6,0,0,0,1,0,0
1,box,87,qpPlain,1,1,0.0608143,9034,6,6.07117,9035,9035,0,0.00293892,0.00249477,0,0,0.000672035,0,1,1,6,0,0,0,1,0,0
1,box,87,qpAdaptive,1,1,0.00774684,2888,6,6.07124,4924,4924,0,0.00293846,0.00249477,0,0,0.00210223,0.0477839,1,1,6,0,0,0,0.952216,0.0467452,0.00103878
1,box,87,qpFreeGate,1,1,0.280936,163308,67,20.2519,29179,29179,0,0.0030272,0.00249477,0,0,0.000657199,0,152,54,0.440789,0,0,0,1,0,0
1,box,87,qpEnvelope,1,1,0.00757872,2791,6,6.07135,4867,4867,0,0.00294004,0.00249477,0,0,0.00217533,0.0311716,1,1,6,0,0,0,0.968828,0.0300967,0.00107488
1,box,94,isSafe,1,1,0.0577495,43680,13,7.7983,5,3901,0,0.0191813,0.00249477,0,0,0,0,30,10,0.433333,0,0,0,0,0,0
1,box,94,qpFixed,1,1,0.0119884,7203,5,5.00366,7204,7204,0,0.00293952,0.00249477,0,0,0.000694663,0,1,1,5,0,0,0,1,0,0
1,box,94,qpPlain,1,1,0.0472791,7203,5,5.00366,7204,7204,0,0.00293952,0.00249477,0,0,0.000694663,0,1,1,5,0,0,0,1,0,0
1,box,94,qpAdaptive,1,1,0.00505508,1884,5,5.00405,3716,3716,0,0.00293827,0.00249477,0,0,0.00265608,0.0796178,1,1,5,0,0,0,0.920382,0.0780255,0.00159236
1,box,94,qpFreeGate,1,1,0.0861557,50821,23,12.0847,16636,16636,0,0.00307348,0.00249477,0,0,0.000646352,0,36,14,0.638889,0,0,0,1,0,0
1,box,94,qpEnvelope,1,1,0.00475983,1758,5,5.00486,3640,3640,0,0.00294028,0.00249477,0,0,0.0028469,0.0511945,1,1,5,0,0,0,0.948805,0.0494881,0.00170648
1,table_pick,1,isSafe,1,1,0.0304456,24159,9,8.05353,6,4028,0,0.0038123,0.00249477,0,0,0,0,17,4,0.529412,0,0,0,0,0,0
1,table_pick,1,qpFixed,1,1,0.0148214,12566,6,7.6304,12567,12567,0,0.00295924,0.00249477,0,0,0.000607226,0,1,1,6,0,0,0,1,0,0
1,table_pick,1,qpPlain,1,1,0.0788121,12566,6,7.6304,12567,12567,0,0.00295924,0.00249477,0,0,0.000607226,0,1,1,6,0,0,0,1,0,0
1,table_pick,1,qpAdaptive,1,1,0.00112869,386,6,7.63042,4045,4045,0,0.00297883,0.00249477,0,0,0.0197679,0.448187,1,1,6,0,0,0,0.551813,0.437824,0.0103627
1,table_pick,1,qpFreeGate,1,1,0.141205,86277,29,15.9296,21879,21879,0,0.00759862,0.00249477,0,0,0.000580998,0,113,25,0.256637,0,0,0,1,0,0
1,table_pick,1,qpEnvelope,1,1,0.000749018,249,6,7.63044,3976,3976,0,0.00297047,0.00249477,0,0,0.0306443,0.293173,1,1,6,0,0,0,0.706827,0.277108,0.0160643
1,table_pick,8,isSafe,1,1,0.0627808,48187,14,3.89026,3,1947,0,0.00314095,0.00249477,0,0,0,0,30,11,0.466667,0,0,0,0,0,0
1,table_pick,8,qpFixed,1,1,0.0106534,7671,5,4.98312,7672,7672,0,0.00304603,0.00249477,0,0,0.000649604,0,1,1,5,0,0,0,1,0,0
1,table_pick,8,qpPlain,1,1,0.049266,7671,5,4.98312,7672,7672,0,0.00304603,0.00249477,0,0,0.000649604,0,1,1,5,0,0,0,1,0,0
1,table_pick,8,qpAdaptive,1,1,0.00119295,367,5,4.9831,2716,2716,0,0.0030395,0.00249477,0,0,0.0135779,0.634877,1,1,5,0,0,0,0.365123,0.626703,0.00817439
1,table_pick,8,qpFreeGate,1,1,0.0681723,42751,17,3.78435,5001,5001,0,0.00313303,0.00249477,0,0,0.000625283,0,30,14,0.566667,0,0,0,1,0,0
1,table_pick,8,qpEnvelope,1,1,0.000852297,219,5,4.98313,2637,2637,0,0.00304114,0.00249477,0,0,0.022754,0.570776,1,1,5,0,0,0,0.429224,0.557078,0.0136986
1,table_pick,15,isSafe,1,1,0.0480842,36330,12,8.10922,6,4056,0,0.00438603,0.00249477,0,0,0,0,22,7,0.545455,0,0,0,0,0,0
1,table_pick,15,qpFixed,1,1,0.017477,11882,6,7.08503,11883,11883,0,0.00295559,0.00249477,0,0,0.000596283,0,1,1,6,0,0,0,1,0,0
1,table_pick,15,qpPlain,1,1,0.0764405,11882,6,7.08503,11883,11883,0,0.00295559,0.00249477,0,0,0.000596283,0,1,1,6,0,0,0,1,0,0
1,table_pick,15,qpAdaptive,1,1,0.00599357,2309,6,7.08548,5341,5341,0,0.00295406,0.00249477,0,0,0.00306864,0.0909485,1,1,6,0,0,0,0.909052,0.0892161,0.00173235
1,table_pick,15,qpFreeGate,1,1,0.043639,27689,11,15.0406,21304,21304,0,0.00720398,0.00249477,0,0,0.00065132,0,19,6,0.578947,0,0,0,1,0,0
1,table_pick,15,qpEnvelope,1,1,0.0057735,2164,6,7.08607,5241,5241,0,0.00295624,0.00249477,0,0,0.00327452,0.0600739,1,1,6,0,0,0,0.939926,0.0582255,0.00184843
1,table_pick,22,isSafe,1,1,0.109529,80511,23,12.0915,8,6047,0,0.00234513,0.00249477,0,0,0,0,84,19,0.27381,0,0,0,0,0,0
1,table_pick,22,qpFixed,1,1,0.0116716,7266,5,5.90618,7267,7267,0,0.00298686,0.00249477,0,0,0.000812851,0,1,1,5,0,0,0,1,0,0
1,table_pick,22,qpPlain,1,1,0.047706,7266,5,5.90618,7267,7267,0,0.00298686,0.00249477,0,0,0.000812851,0,1,1,5,0,0,0,1,0,0
1,table_pick,22,qpAdaptive,1,1,0.0027323,922,5,5.90624,3503,3503,0,0.00299007,0.00249477,0,0,0.0064059,0.392625,1,1,5,0,0,0,0.607375,0.389371,0.0032538
1,table_pick,22,qpFreeGate,1,1,0.213375,128743,42,20.8711,32885,32885,0,0.0031107,0.00249477,0,0,0.00058343,0,149,36,0.281879,0,0,0,1,0,0
1,table_pick,22,qpEnvelope,1,1,0.00201947,638,5,5.90649,3333,3333,0,0.00298141,0.00249477,0,0,0.00925782,0.380878,1,1,5,0,0,0,0.619122,0.376176,0.00470219
1,table_pick,29,isSafe,1,1,0.0215387,17121,7,8.55617,6,4280,0,0.00782863,0.00249477,0,0,0,0,4,1,1.75,0,0,0,0,0,0
1,table_pick,29,qpFixed,1,1,0.034487,22997,10,11.5855,17856,17856,0,0.00295473,0.00249477,0,0,0.000642237,0,2,2,5,0,0,0,1,0,0
1,table_pick,29,qpPlain,1,1,0.150048,22997,10,11.5855,17856,17856,0,0.00295473,0.00249477,0,0,0.000642237,0,2,2,5,0,0,0,1,0,0
1,table_pick,29,qpAdaptive,1,1,0.00594738,2184,10,11.5857,7146,7146,0,0.00295582,0.00249477,0,0,0.0067625,0.291209,2,2,5,0,0,0,0.708333,0.288004,0.003663
1,table_pick,29,qpFreeGate,1,1,0.0234124,14310,7,9.36091,13929,13929,0,0.00317658,0.00249477,0,0,0.000656025,0,4,2,1.75,0,0,0,1,0,0
1,table_pick,29,qpEnvelope,1,1,0.00482242,1707,10,11.5864,6892,6892,0,0.00295646,0.00249477,0,0,0.00865244,0.204452,2,2,5,0,0,0,0.795548,0.199766,0.00468658
1,table_pick,36,isSafe,1,1,0.0663646,47749,14,17.8303,10,8917,0,0.00215832,0.00249477,0,0,0,0,27,8,0.518519,0,0,0,0,0,0
1,table_pick,36,qpFixed,1,1,0.0630778,29314,13,16.0242,28000,28000,0,0.00293195,0.00249477,0,0,0.000552519,0,3,3,4.33333,0,0,0,1,0,0
1,table_pick,36,qpPlain,1,1,0.212197,29314,13,16.0242,28000,28000,0,0.00293195,0.00249477,0,0,0.000552519,0,3,3,4.33333,0,0,0,1,0,0
1,table_pick,36,qpAdaptive,1,1,0.0509342,18189,13,16.025,20424,20424,0,0.00292984,0.00249477,0,0,0.000890501,0.0518995,3,3,4.33333,0,0,0,0.948101,0.0517346,0.000164935
1,table_pick,36,qpFreeGate,1,1,0.386099,232591,73,11.5067,17037,17037,0,0.00383085,0.00249477,0,0,0.000564692,0,308,70,0.237013,0,0,0,1,0,0
1,table_pick,36,qpEnvelope,1,1,0.0496499,17327,13,16.0266,19899,19899,0,0.00293126,0.00249477,0,0,0.000934809,0.0287413,3,3,4.33333,0,0,0,0.971259,0.028395,0.00034628
1,table_pick,43,isSafe,1,1,0.036165,27293,9,5.56565,4,2784,0,0.000404804,0.00249477,0,0,0,0,12,5,0.75,0,0,0,0,0,0
1,table_pick,43,qpFixed,1,1,0.0247156,15786,7,6.95568,15787,15787,0,0.00293613,0.00249477,0,0,0.000440624,0,1,1,7,0,0,0,1,0,0
1,table_pick,43,qpPlain,1,1,0.104155,15786,7,6.95568,15787,15787,0,0.00293613,0.00249477,0,0,0.000440624,0,1,1,7,0,0,0,1,0,0
1,table_pick,43,qpAdaptive,1,1,0.0133871,5726,7,6.95709,8394,8394,0,0.00293786,0.00249477,0,0,0.001215,0.0574572,1,1,7,0,0,0,0.942543,0.0567586,0.000698568
1,table_pick,43,qpFreeGate,1,1,0.0653239,40531,16,12.3567,19100,19100,0,0.00451087,0.00249477,0,0,0.000602041,0,25,9,0.64,0,0,0,1,0,0
1,table_pick,43,qpEnvelope,1,1,0.013117,5530,7,6.95854,8258,8258,0,0.00293503,0.00249477,0,0,0.00125833,0.035443,1,1,7,0,0,0,0.964557,0.0347197,0.000723327
1,table_pick,50,isSafe,1,1,0.132354,98986,28,16.0368,10,8020,0,0.00207891,0.00249477,0,0,0,0,110,24,0.254545,0,0,0,0,0,0
1,table_pick,50,qpFixed,1,1,0.108019,51839,16,11.9158,17746,17746,0,0.00290983,0.00249477,0,0,0.000508866,0,7,5,2.28571,0,0,0,1,0,0
1,table_pick,50,qpPlain,1,1,0.375246,51839,16,11.9158,17746,17746,0,0.00290983,0.00249477,0,0,0.000508866,0,7,5,2.28571,0,0,0,1,0,0
1,table_pick,50,qpAdaptive,1,1,0.0878927,32079,16,11.9165,8085,8085,0,0.0029027,0.00249477,0,0,0.000822343,0.0183921,7,5,2.28571,0,0,0,0.981608,0.0181739,0.000218211
1,table_pick,50,qpFreeGate,1,1,0.317127,191476,62,18.5155,25482,25482,0,0.00297182,0.00249477,0,0,0.000562527,0,244,59,0.254098,0,0,0,1,0,0
1,table_pick,50,qpEnvelope,1,1,0.0879674,31590,16,11.9179,7896,7896,0,0.00291151,0.00249477,0,0,0.00083514,0.0126306,7,5,2.28571,0,0,0,0.987369,0.012409,0.000221589
1,table_pick,57,isSafe,1,1,0.0335894,25890,9,10.9029,7,5453,0,0.00655407,0.00249477,0,0,0,0,14,4,0.642857,0,0,0,0,0,0
1,table_pick,57,qpFixed,1,1,0.0189932,14039,7,8.74363,14040,14040,0,0.00294444,0.00249477,0,0,0.00062281,0,1,1,7,0,0,0,1,0,0
1,table_pick,57,qpPlain,1,1,0.0889882,14039,7,8.74363,14040,14040,0,0.00294444,0.00249477,0,0,0.00062281,0,1,1,7,0,0,0,1,0,0
1,table_pick,57,qpAdaptive,1,1,0.00497149,1829,7,8.7439,5570,5570,0,0.00295421,0.00249477,0,0,0.0047807,0.202296,1,1,7,0,0,0,0.797704,0.199563,0.00273373
1,table_pick,57,qpFreeGate,1,1,0.0456818,26922,12,10.6986,16966,16966,0,0.00655433,0.00249477,0,0,0.00061175,0,15,7,0.8,0,0,0,1,0,0
1,table_pick,57,qpEnvelope,1,1,0.00430113,1566,7,8.74457,5416,5416,0,0.00294726,0.00249477,0,0,0.00558401,0.163474,1,1,7,0,0,0,0.836526,0.160281,0.00319285
1,table_pick,64,isSafe,1,1,0.0807394,59156,17,9.45455,6,4729,0,0.00170898,0.00249477,0,0,0,0,54,13,0.314815,0,0,0,0,0,0
1,table_pick,64,qpFixed,1,1,0.0395202,22410,9,8.46214,12698,12698,359,-0.000905793,0.00249477,0,0,0.000604458,0,3,3,3,0,0,0,1,0,0
1,table_pick,64,qpPlain,1,1,0.157523,22410,9,8.46214,12698,12698,359,-0.000905793,0.00249477,0,0,0.000604458,0,3,3,3,0,0,0,1,0,0
1,table_pick,64,qpAdaptive,1,1,0.0235001,8823,9,8.46207,7251,7251,357,-0.000902549,0.00249477,0,0,0.00153533,0.0362688,3,3,3,0,0,0,0.963731,0.0357021,0.000566701
1,table_pick,64,qpFreeGate,1,1,0.143949,88833,33,8.46148,11997,11997,0,0.00333158,0.00249477,0,0,0.000584538,0,88,28,0.375,0,0,0,1,0,0
1,table_pick,64,qpEnvelope,1,1,0.0228564,8535,9,8.46199,7158,7158,357,-0.000910209,0.00249477,0,0,0.00158717,0.0233158,3,3,3,0,0,0,0.976684,0.0227299,0.000585823
1,table_pick,71,isSafe,1,1,0.0253817,19025,7,7.48647,5,3745,0,0.00299605,0.00249477,0,0,0,0,8,3,0.875,0,0,0,0,0,0
1,table_pick,71,qpFixed,1,1,0.0293696,19296,7,9.19506,16007,16007,0,0.00294677,0.00249477,0,0,0.000517673,0,2,2,3.5,0,0,0,1,0,0
1,table_pick,71,qpPlain,1,1,0.129128,19296,7,9.19506,16007,16007,0,0.00294677,0.00249477,0,0,0.000517673,0,2,2,3.5,0,0,0,1,0,0
1,table_pick,71,qpAdaptive,1,1,0.0142916,6101,7,9.19583,6692,6692,0,0.00294765,0.00249477,0,0,0.00163741,0.0598263,2,2,3.5,0,0,0,0.940174,0.0593345,0.000491723
1,table_pick,71,qpFreeGate,1,1,0.033283,20735,9,8.83511,14022,14022,0,0.0029968,0.00249477,0,0,0.000594397,0,8,5,1.125,0,0,0,1,0,0
1,table_pick,71,qpEnvelope,1,1,0.0137308,5840,7,9.19879,6567,6567,0,0.00293778,0.00249477,0,0,0.00171111,0.0219178,2,2,3.5,0,0,0,0.978082,0.0214041,0.000513699
1,table_pick,78,isSafe,1,1,0.0626866,46561,14,9.43603,6,4720,0,0.00449444,0.00249477,0,0,0,0,30,10,0.466667,0,0,0,0,0,0
1,table_pick,78,qpFixed,1,1,0.0174653,12566,6,7.49595,12567,12567,0,0.00294811,0.00249477,0,0,0.000596526,0,1,1,6,0,0,0,1,0,0
1,table_pick,78,qpPlain,1,1,0.0827363,12566,6,7.49595,12567,12567,0,0.00294811,0.00249477,0,0,0.000596526,0,1,1,6,0,0,0,1,0,0
1,table_pick,78,qpAdaptive,1,1,0.00536914,2291,6,7.49599,5337,5337,0,0.002943,0.00249477,0,0,0.00327193,0.176779,1,1,6,0,0,0,0.823221,0.175469,0.00130947
1,table_pick,78,qpFreeGate,1,1,0.0696392,42920,17,9.43592,14282,14282,0,0.00449444,0.00249477,0,0,0.000631062,0,30,13,0.566667,0,0,0,1,0,0
1,table_pick,78,qpEnvelope,1,1,0.00482848,2020,6,7.4961,5143,5143,0,0.00295357,0.00249477,0,0,0.00371094,0.171287,1,1,6,0,0,0,0.828713,0.169802,0.00148515
1,table_pick,85,isSafe,1,1,0.15104,107792,31,12.4476,8,6225,0,0.00188297,0.00249477,0,0,0,0,152,28,0.203947,0,0,0,0,0,0
1,table_pick,85,qpFixed,1,1,0.0175308,12561,6,7.92981,12562,12562,0,0.00295375,0.00249477,0,0,0.000631304,0,1,1,6,0,0,0,1,0,0
1,table_pick,85,qpPlain,1,1,0.0848121,12561,6,7.92981,12562,12562,0,0.00295375,0.00249477,0,0,0.000631304,0,1,1,6,0,0,0,1,0,0
1,table_pick,85,qpAdaptive,1,1,0.00464432,1584,6,7.92991,4963,4963,0,0.00295467,0.00249477,0,0,0.00500626,0.390783,1,1,6,0,0,0,0.609217,0.388258,0.00252525
1,table_pick,85,qpFreeGate,1,1,0.249031,148745,51,14.9502,19363,19363,0,0.00317775,0.00249477,0,0,0.000587526,0,216,47,0.236111,0,0,0,1,0,0
1,table_pick,85,qpEnvelope,1,1,0.0031443,1027,6,7.93016,4574,4574,0,0.00295515,0.00249477,0,0,0.00772168,0.419669,1,1,6,0,0,0,0.580331,0.415774,0.00389484
1,table_pick,92,isSafe,1,1,0.158009,119324,32,9.85323,6,4928,0,0.00408219,0.00249477,0,0,0,0,130,29,0.246154,0,0,0,0,0,0
1,table_pick,92,qpFixed,1,1,0.0105943,7039,5,5.1545,7040,7040,0,0.00297728,0.00249477,0,0,0.000732278,0,1,1,5,0,0,0,1,0,0
1,table_pick,92,qpPlain,1,1,0.0473012,7039,5,5.1545,7040,7040,0,0.00297728,0.00249477,0,0,0.000732278,0,1,1,5,0,0,0,1,0,0
1,table_pick,92,qpAdaptive,1,1,0.00314543,1083,5,5.15457,3312,3312,0,0.00297721,0.00249477,0,0,0.00475952,0.151431,1,1,5,0,0,0,0.848569,0.148661,0.00277008
1,table_pick,92,qpFreeGate,1,1,0.129184,79376,31,13.6272,17996,17996,0,0.00335427,0.00249477,0,0,0.000625898,0,80,25,0.3875,0,0,0,1,0,0
1,table_pick,92,qpEnvelope,1,1,0.00275578,956,5,5.15481,3222,3222,0,0.00297753,0.00249477,0,0,0.00539206,0.213389,1,1,5,0,0,0,0.786611,0.210251,0.00313808
1,table_pick,99,isSafe,1,1,0.0322877,25046,9,10.5018,7,5252,0,0.0078365,0.00249477,0,0,0,0,16,5,0.5625,0,0,0,0,0,0
1,table_pick,99,qpFixed,1,1,0.0185988,12049,6,7.10432,12050,12050,0,0.00292516,0.00249477,0,0,0.000589619,0,1,1,6,0,0,0,1,0,0
1,table_pick,99,qpPlain,1,1,0.0813124,12049,6,7.10432,12050,12050,0,0.00292516,0.00249477,0,0,0.000589619,0,1,1,6,0,0,0,1,0,0
1,table_pick,99,qpAdaptive,1,1,0.00700415,2737,6,7.10496,5575,5575,0,0.00292513,0.00249477,0,0,0.00259589,0.131531,1,1,6,0,0,0,0.868469,0.130435,0.00109609
1,table_pick,99,qpFreeGate,1,1,0.0536659,32105,13,14.9398,22295,22295,0,0.0078365,0.00249477,0,0,0.000618507,0,19,8,0.684211,0,0,0,1,0,0
1,table_pick,99,qpEnvelope,1,1,0.006461,2465,6,7.10604,5368,5368,0,0.00292492,0.00249477,0,0,0.00288278,0.135091,1,1,6,0,0,0,0.864909,0.133874,0.00121704
1,cage,6,isSafe,1,1,5.10262,3838901,1410,19.3406,12,9672,0,0.00230014,0.00249477,0,0,0,0,13434,1407,0.104958,0,0,0,0,0,0
1,cage,6,qpFixed,1,1,0.283447,135788,46,18.241,29025,29025,0,0.00293995,0.00249477,0,0,0.00053437,0,25,23,1.84,0,0,0,1,0,0
1,cage,6,qpPlain,1,1,0.994838,135788,46,18.241,29025,29025,0,0.00293995,0.00249477,0,0,0.00053437,0,25,23,1.84,0,0,0,1,0,0
1,cage,6,qpAdaptive,1,1,0.279544,113308,46,18.2435,23620,23620,0,0.00293984,0.00249477,0,0,0.000640443,0.0194955,25,23,1.84,0,0,0,0.980504,0.0194338,6.17785e-05
1,cage,6,qpFreeGate,1,1,1.10427,649218,256,29.6726,42704,42704,0,0.00301982,0.00249477,0,0,0.000619979,0,1029,229,0.248785,0,0,0,1,0,0
1,cage,6,qpEnvelope,1,1,0.276733,111589,46,18.2472,23032,23032,0,0.00293837,0.00249477,0,0,0.000650422,0.0125192,25,23,1.84,0,0,0,0.987472,0.0124654,6.27302e-05
1,cage,13,isSafe,1,1,0.903186,668094,189,16.2156,10,8109,0,0.0132144,0.00249477,0,0,0,0,1553,185,0.1217,0,0,0,0,0,0
1,cage,13,qpFixed,1,1,0.608722,276901,85,25.9371,39293,39293,0,0.00293793,0.00249477,0,0,0.000513358,0,58,48,1.46552,0,0,0,1,0,0
1,cage,13,qpPlain,1,1,2.02097,276901,85,25.9371,39293,39293,0,0.00293793,0.00249477,0,0,0.000513358,0,58,48,1.46552,0,0,0,1,0,0
1,cage,13,qpAdaptive,1,1,0.60988,238437,85,25.9383,33092,33092,0,0.00293859,0.00249477,0,0,0.000596183,0.0138863,58,48,1.46552,0,0,0,0.98611,0.0138234,6.71037e-05
1,cage,13,qpFreeGate,1,1,9.00889,5303426,2326,30.0767,42161,42161,0,0.00300489,0.00249477,0,16,0.000577744,0,14254,2281,0.163182,0,0,0,1,0,0
1,cage,13,qpEnvelope,1,1,0.612223,235235,85,25.9395,32693,32693,0,0.00293837,0.00249477,0,0,0.000604339,0.00710353,58,48,1.46552,0,0,0,0.992888,0.00704402,6.80171e-05
1,cage,20,isSafe,1,0,10.0019,7350376,3075,0,0,0,0,inf,inf,0,0,0,0,28815,3073,0.106715,0,0,0,0,0,0
1,cage,20,qpFixed,1,1,1.25888,581166,138,31.3854,53396,53396,0,0.0029393,0.00249477,0,0,0.000448142,0,130,81,1.06154,0,0,0,1,0,0
1,cage,20,qpPlain,1,1,4.1769,581166,138,31.3854,53396,53396,0,0.0029393,0.00249477,0,0,0.000448142,0,130,81,1.06154,0,0,0,1,0,0
1,cage,20,qpAdaptive,1,1,1.26118,497679,138,31.387,44502,44502,0,0.00293835,0.00249477,0,0,0.000523337,0.0118892,130,81,1.06154,0,0,0,0.988109,0.011847,4.42052e-05
1,cage,20,qpFreeGate,1,1,3.40086,2003174,791,25.8997,37776,37776,0,0.00299437,0.00249477,0,11,0.000594978,0,4591,760,0.172294,0,0,0,1,0,0
1,cage,20,qpEnvelope,1,1,1.26127,493885,138,31.3943,44140,44140,0,0.00293924,0.00249477,0,0,0.000527445,0.0070077,130,81,1.06154,0,0,0,0.992988,0.00696518,4.65695e-05
1,cage,27,isSafe,1,1,2.1709,1573524,499,27.8617,16,13932,0,0.00409818,0.00249477,0,0,0,0,4022,495,0.124068,0,0,0,0,0,0
1,cage,27,qpFixed,1,1,0.472856,223017,71,12.2858,17426,17426,0,0.00219908,0.00249477,0,0,0.000519136,0,42,34,1.69048,0,0,0,1,0,0
1,cage,27,qpPlain,1,1,1.64747,223017,71,12.2858,17426,17426,0,0.00219908,0.00249477,0,0,0.000519136,0,42,34,1.69048,0,0,0,1,0,0
1,cage,27,qpAdaptive,1,1,0.454118,179353,71,12.2862,12290,12290,0,0.00219735,0.00249477,0,0,0.000645541,0.0258206,42,34,1.69048,0,0,0,0.974179,0.0257425,7.80584e-05
1,cage,27,qpFreeGate,1,1,6.60919,3921332,1584,30.6705,43844,43844,0,0.00299747,0.00249477,0,17,0.000576063,0,9547,1546,0.165916,0,0,0,1,0,0
1,cage,27,qpEnvelope,1,1,0.445707,175442,71,12.2878,11918,11918,0,0.00219726,0.00249477,0,0,0.000660051,0.0131439,42,34,1.69048,0,0,0,0.986856,0.0130641,7.97985e-05
1,cage,34,isSafe,1,1,0.393633,292411,80,12.3285,8,6166,0,0.0114931,0.00249477,0,0,0,0,634,76,0.126183,0,0,0,0,0,0
1,cage,34,qpFixed,1,1,0.47582,223220,68,24.9091,40072,40072,0,0.00293925,0.00249477,0,0,0.000512422,0,42,34,1.61905,0,0,0,1,0,0
1,cage,34,qpPlain,1,1,1.5904,223220,68,24.9091,40072,40072,0,0.00293925,0.00249477,0,0,0.000512422,0,42,34,1.61905,0,0,0,1,0,0
1,cage,34,qpAdaptive,1,1,0.484653,196746,68,24.9065,33889,33889,0,0.00293908,0.00249477,0,0,0.000581381,0.0164069,42,34,1.61905,0,0,0,0.983562,0.0163714,6.60754e-05
1,cage,34,qpFreeGate,1,1,2.09661,1228119,485,25.506,38298,38298,0,0.00303385,0.00249477,0,0,0.000610233,0,2444,460,0.198445,0,0,0,1,0,0
1,cage,34,qpEnvelope,1,1,0.270063,109066,40,24.926,34868,34868,0,0.00293889,0.00249477,0,0,0.000599908,0.0115343,23,19,1.73913,0,0,0,0.988456,0.0115069,3.66754e-05
1,cage,41,isSafe,1,1,5.54465,4178367,1604,41.2859,25,20644,0,0.00202541,0.00249477,0,0,0,0,16011,1600,0.100181,0,0,0,0,0,0
1,cage,41,qpFixed,1,1,0.447026,204174,61,20.1182,31268,31268,0,0.00249096,0.00249477,0,0,0.000512053,0,41,33,1.4878,0,0,0,1,0,0
1,cage,41,qpPlain,1,1,1.46236,204174,61,20.1182,31268,31268,0,0.00249096,0.00249477,0,0,0.000512053,0,41,33,1.4878,0,0,0,1,0,0
1,cage,41,qpAdaptive,1,1,0.439415,172218,61,20.1187,26384,26384,0,0.00249063,0.00249477,0,0,0.000607093,0.014952,41,33,1.4878,0,0,0,0.985048,0.0148939,5.80659e-05
1,cage,41,qpFreeGate,1,1,2.42226,1456526,566,13.2686,17854,17854,0,0.00304747,0.00249477,0,1,0.000595754,0,3094,542,0.182935,0,0,0,1,0,0
1,cage,41,qpEnvelope,1,1,0.439356,169618,61,20.12,25856,25856,0,0.00249112,0.00249477,0,0,0.000616476,0.00966879,41,33,1.4878,0,0,0,0.990319,0.00960983,7.07472e-05
1,cage,48,isSafe,1,0,10.0002,7388065,3100,0,0,0,0,inf,inf,0,0,0,0,31045,3098,0.099855,0,0,0,0,0,0
1,cage,48,qpFixed,1,1,0.0816437,52005,20,12.5157,21840,21840,0,0.00257382,0.00249477,0,0,0.000574318,0,5,5,4,0,0,0,1,0,0
1,cage,48,qpPlain,1,1,0.341417,52005,20,12.5157,21840,21840,0,0.00257382,0.00249477,0,0,0.000574318,0,5,5,4,0,0,0,1,0,0
1,cage,48,qpAdaptive,1,1,0.0444695,19082,20,12.5163,11323,11323,0,0.00257533,0.00249477,0,0,0.00156529,0.0591133,5,5,4,0,0,0,0.940834,0.0584844,0.00068127
1,cage,48,qpFreeGate,1,1,0.81449,494100,201,21.9446,30866,30866,0,0.00301236,0.00249477,0,0,0.000645416,0,960,189,0.209375,0,0,0,1,0,0
1,cage,48,qpEnvelope,1,1,0.0434327,18290,20,12.5175,11038,11038,0,0.00257458,0.00249477,0,0,0.00163318,0.0336249,5,5,4,0,0,0,0.966266,0.0329688,0.000765446
1,cage,55,isSafe,1,1,4.52543,3402633,1219,19.0405,12,9522,0,0.00292418,0.00249477,0,0,0,0,11009,1214,0.110728,0,0,0,0,0,0
1,cage,55,qpFixed,1,1,0.622183,280186,73,14.3421,21804,21804,0,0.00291388,0.00249477,0,0,0.00047517,0,60,42,1.21667,0,0,0,1,0,0
1,cage,55,qpPlain,1,1,2.03095,280186,73,14.3421,21804,21804,0,0.00291388,0.00249477,0,0,0.00047517,0,60,42,1.21667,0,0,0,1,0,0
1,cage,55,qpAdaptive,1,1,0.631839,243854,73,14.3422,15035,15035,0,0.002913,0.00249477,0,0,0.000545985,0.0100511,60,42,1.21667,0,0,0,0.989945,0.00999779,5.74114e-05
1,cage,55,qpFreeGate,1,1,9.44887,5625751,2507,13.8578,20723,20723,0,0.00301511,0.00104116,0,6,0.000572963,0,15310,2451,0.163749,0,0,0,1,0,0
1,cage,55,qpEnvelope,1,1,0.631547,241553,73,14.3425,14495,14495,0,0.00291355,0.00249477,0,0,0.000551242,0.00668176,60,42,1.21667,0,0,0,0.99331,0.00663208,5.79583e-05
1,cage,62,isSafe,1,0,10.0001,7398150,3104,0,0,0,0,inf,inf,0,0,0,0,28821,3102,0.107699,0,0,0,0,0,0
1,cage,62,qpFixed,1,1,0.235018,117933,33,19.19,31488,31488,0,0.0029417,0.00249477,0,0,0.000503495,0,19,15,1.73684,0,0,0,1,0,0
1,cage,62,qpPlain,1,1,0.828742,117933,33,19.19,31488,31488,0,0.0029417,0.00249477,0,0,0.000503495,0,19,15,1.73684,0,0,0,1,0,0
1,cage,62,qpAdaptive,1,1,0.207248,81668,33,19.1905,19567,19567,0,0.00294169,0.00249477,0,0,0.000727101,0.0171058,19,15,1.73684,0,0,0,0.982894,0.0169834,0.000122447
1,cage,62,qpFreeGate,1,0,10.0003,6047334,3056,0,0,0,0,inf,inf,0,0,0.000602089,0,20127,3042,0.151836,0,0,0,1,0,0
1,cage,62,qpEnvelope,1,1,0.206589,80576,33,19.1913,19478,19478,0,0.00294168,0.00249477,0,0,0.000737019,0.00783112,19,15,1.73684,0,0,0,0.992169,0.0076946,0.000136517
1,cage,69,isSafe,1,1,1.73245,1293346,394,28.1376,16,14070,0,0.00362875,0.00249477,0,0,0,0,3623,390,0.10875,0,0,0,0,0,0
1,cage,69,qpFixed,1,1,0.252788,122424,44,16.9734,25798,25798,0,0.00276791,0.00249477,0,0,0.000562451,0,23,20,1.91304,0,0,0,1,0,0
1,cage,69,qpPlain,1,1,0.857747,122424,44,16.9734,25798,25798,0,0.00276791,0.00249477,0,0,0.000562451,0,23,20,1.91304,0,0,0,1,0,0
1,cage,69,qpAdaptive,1,1,0.242216,99811,44,16.9739,18014,18014,0,0.00276785,0.00249477,0,0,0.00068992,0.0217812,23,20,1.91304,0,0,0,0.978209,0.021701,9.01704e-05
1,cage,69,qpFreeGate,1,1,1.61833,955884,357,18.5375,25450,25450,0,0.00301562,0.00249477,0,0,0.000592662,0,1870,334,0.190909,0,0,0,1,0,0
1,cage,69,qpEnvelope,1,1,0.241891,98183,44,16.9749,17826,17826,0,0.00276786,0.00249477,0,0,0.000701443,0.0173553,23,20,1.91304,0,0,0,0.982645,0.0172637,9.16656e-05
1,cage,76,isSafe,1,1,3.11951,2341521,784,20.3795,12,10191,0,0.0154192,0.00249477,0,0,0,0,7606,781,0.103077,0,0,0,0,0,0
1,cage,76,qpFixed,1,1,0.670596,315978,95,18.6196,28614,28614,0,0.00270526,0.00249477,0,0,0.000508038,0,65,53,1.46154,0,0,0,1,0,0
1,cage,76,qpPlain,1,1,2.24982,315978,95,18.6196,28614,28614,0,0.00270526,0.00249477,0,0,0.000508038,0,65,53,1.46154,0,0,0,1,0,0
1,cage,76,qpAdaptive,1,1,0.701495,274997,95,18.6206,18560,18560,0,0.00268105,0.00249477,0,0,0.000583743,0.0174511,65,53,1.46154,0,0,0,0.982538,0.0173929,6.90917e-05
1,cage,76,qpFreeGate,1,1,1.92554,1159461,452,22.5468,31501,31501,0,0.00301787,0.00249477,0,0,0.000599582,0,2332,429,0.193825,0,0,0,1,0,0
1,cage,76,qpEnvelope,1,1,0.677893,271532,95,18.6239,18180,18180,0,0.00270295,0.00249477,0,0,0.000591728,0.0119875,65,53,1.46154,0,0,0,0.988005,0.0119249,6.99733e-05
1,cage,83,isSafe,1,1,4.56464,3403678,1215,21.0346,13,10519,0,0.00198966,0.00249477,0,0,0,0,10448,1210,0.11629,0,0,0,0,0,0
1,cage,83,qpFixed,1,1,1.81866,816472,190,26.6117,45553,45553,0,0.00291282,0.00249477,0,0,0.000453598,0,180,117,1.05556,0,0,0,1,0,0
1,cage,83,qpPlain,1,1,6.32861,816472,190,26.6117,45553,45553,0,0.00291282,0.00249477,0,0,0.000453598,0,180,117,1.05556,0,0,0,1,0,0
1,cage,83,qpAdaptive,1,1,1.8505,712250,190,26.6128,31360,31360,0,0.00291286,0.00249477,0,0,0.000519991,0.0129421,180,117,1.05556,0,0,0,0.987054,0.0128944,5.19481e-05
1,cage,83,qpFreeGate,1,1,2.31712,1393746,545,29.9703,41270,41270,0,0.00302323,0.00202863,0,4,0.000608312,0,2888,528,0.188712,0,0,0,1,0,0
1,cage,83,qpEnvelope,1,1,1.84112,704272,189,26.6221,30601,30601,0,0.00291273,0.00249477,0,0,0.000525932,0.0063626,180,117,1.05,0,0,0,0.99363,0.00631575,5.39565e-05
1,cage,90,isSafe,1,1,1.41243,1054741,309,24.4448,14,12224,0,0.0158428,0.00249477,0,0,0,0,2457,306,0.125763,0,0,0,0,0,0
1,cage,90,qpFixed,1,1,0.412566,192184,57,28.7809,50675,50675,0,0.00294096,0.00249477,0,0,0.000482049,0,37,30,1.54054,0,0,0,1,0,0
1,cage,90,qpPlain,1,1,1.38639,192184,57,28.7809,50675,50675,0,0.00294096,0.00249477,0,0,0.000482049,0,37,30,1.54054,0,0,0,1,0,0
1,cage,90,qpAdaptive,1,1,0.403591,158603,57,28.782,36313,36313,0,0.00294136,0.00249477,0,0,0.000584119,0.00934409,37,30,1.54054,0,0,0,0.990656,0.00928104,6.30505e-05
1,cage,90,qpFreeGate,1,1,1.84489,1102413,416,27.4879,39329,39329,0,0.00299712,0.00249477,0,0,0.000598544,0,2049,378,0.203026,0,0,0,1,0,0
1,cage,90,qpEnvelope,1,1,0.403951,157225,57,28.7841,35922,35922,0,0.00294158,0.00249477,0,0,0.000589263,0.00559071,37,30,1.54054,0,0,0,0.994409,0.00552711,6.36031e-05
1,cage,97,isSafe,1,1,0.972065,736831,208,16.1366,10,8070,0,0.00794073,0.00249477,0,0,0,0,1988,205,0.104628,0,0,0,0,0,0
1,cage,97,qpFixed,1,1,0.0734208,36304,16,12.9436,19932,19932,0,0.00294161,0.00249477,0,0,0.000630861,0,6,6,2.66667,0,0,0,1,0,0
1,cage,97,qpPlain,1,1,0.251541,36304,16,12.9436,19932,19932,0,0.00294161,0.00249477,0,0,0.000630861,0,6,6,2.66667,0,0,0,1,0,0
1,cage,97,qpAdaptive,1,1,0.0652035,26273,16,12.9439,14548,14548,0,0.00294162,0.00249477,0,0,0.000871738,0.0532866,6,6,2.66667,0,0,0,0.946713,0.0530963,0.000190309
1,cage,97,qpFreeGate,1,0,10.0007,5983898,2617,0,0,0,0,inf,inf,0,0,0.000567508,0,17533,2582,0.149261,0,0,0,1,0,0
1,cage,97,qpEnvelope,1,1,0.0626319,24760,16,12.9441,13740,13740,0,0.0029418,0.00249477,0,0,0.000925036,0.0383683,6,6,2.66667,0,0,0,0.961632,0.0381664,0.000201939
